ISO-10303-21;
HEADER;
FILE_DESCRIPTION(('Jumper mesh-derived faceted solid reference'),'2;1');
FILE_NAME('Jumper','2026-10-08T00:00:00',(''),(''),'Jumper faceted B-rep converter','', '');
FILE_SCHEMA(('AUTOMOTIVE_DESIGN { 1 0 10303 214 1 1 1 1 }'));
ENDSEC;
DATA;
#1=APPLICATION_CONTEXT('core data for automotive mechanical design processes');
#2=APPLICATION_PROTOCOL_DEFINITION('international standard','automotive_design',2000,#1);
#3=PRODUCT_CONTEXT('',#1,'mechanical');
#4=PRODUCT_DEFINITION_CONTEXT('part definition',#1,'design');
#5=(LENGTH_UNIT() NAMED_UNIT(*) SI_UNIT(.MILLI.,.METRE.));
#6=(NAMED_UNIT(*) PLANE_ANGLE_UNIT() SI_UNIT($,.RADIAN.));
#7=(NAMED_UNIT(*) SI_UNIT($,.STERADIAN.) SOLID_ANGLE_UNIT());
#8=UNCERTAINTY_MEASURE_WITH_UNIT(LENGTH_MEASURE(1.E-07),#5,'distance_accuracy_value','conversion tolerance');
#9=(GEOMETRIC_REPRESENTATION_CONTEXT(3) GLOBAL_UNCERTAINTY_ASSIGNED_CONTEXT((#8)) GLOBAL_UNIT_ASSIGNED_CONTEXT((#5,#6,#7)) REPRESENTATION_CONTEXT('','3D millimetres'));
#10=CARTESIAN_POINT('',(0.,0.,0.));
#11=DIRECTION('',(0.,0.,1.));
#12=DIRECTION('',(1.,0.,0.));
#13=AXIS2_PLACEMENT_3D('',#10,#11,#12);
#14=CARTESIAN_POINT('',(-4.12616586685181,33.2729682922363,7.39449596405029));
#15=CARTESIAN_POINT('',(-4.19128179550171,33.2540130615234,7.25004100799561));
#16=CARTESIAN_POINT('',(4.50729560852051,33.2105827331543,7.2503023147583));
#17=CARTESIAN_POINT('',(-10.9704837799072,14.4128150939941,7.3562479019165));
#18=CARTESIAN_POINT('',(-10.9675979614258,14.4448404312134,7.32308673858643));
#19=CARTESIAN_POINT('',(-10.9943227767944,14.1919631958008,7.20133304595947));
#20=CARTESIAN_POINT('',(-10.9587869644165,14.5496301651001,7.15315389633179));
#21=CARTESIAN_POINT('',(-11.0089015960693,14.0140295028687,7.48973226547241));
#22=CARTESIAN_POINT('',(-10.9907360076904,14.1980829238892,7.48042917251587));
#23=CARTESIAN_POINT('',(-10.9862632751465,14.2443771362305,7.46581554412842));
#24=CARTESIAN_POINT('',(-11.0488815307617,13.6329927444458,7.20956993103027));
#25=CARTESIAN_POINT('',(-11.0373783111572,13.7373895645142,7.35002279281616));
#26=CARTESIAN_POINT('',(-11.0281543731689,14.8913459777832,-2.57028698921204));
#27=CARTESIAN_POINT('',(-11.0561656951904,13.5810384750366,6.98344707489014));
#28=CARTESIAN_POINT('',(-11.0304489135742,13.802924156189,7.40567111968994));
#29=CARTESIAN_POINT('',(-11.0154066085815,13.9493465423584,7.47640562057495));
#30=CARTESIAN_POINT('',(-10.8731250762939,15.3271427154541,7.50755929946899));
#31=CARTESIAN_POINT('',(-10.8531913757324,15.5112018585205,7.49820375442505));
#32=CARTESIAN_POINT('',(-10.8718547821045,15.3871116638184,7.05837535858154));
#33=CARTESIAN_POINT('',(-10.8482856750488,15.5574502944946,7.48359870910645));
#34=CARTESIAN_POINT('',(-10.8309526443481,15.7258958816528,7.37400388717651));
#35=CARTESIAN_POINT('',(-10.8277721405029,15.7580394744873,7.34073114395142));
#36=CARTESIAN_POINT('',(-10.8181037902832,15.8627347946167,7.17090463638306));
#37=CARTESIAN_POINT('',(-11.0710744857788,13.4243879318237,6.98133039474487));
#38=CARTESIAN_POINT('',(-11.0856513977051,14.2984476089478,-2.67495942115784));
#39=CARTESIAN_POINT('',(-11.0858373641968,13.2677211761475,6.97921657562256));
#40=CARTESIAN_POINT('',(-11.6857967376709,5.65920639038086,1.73492252826691));
#41=CARTESIAN_POINT('',(-11.6765012741089,5.79460287094116,1.9466427564621));
#42=CARTESIAN_POINT('',(-11.6827020645142,5.74169015884399,1.70174908638));
#43=CARTESIAN_POINT('',(-11.6685724258423,5.92113971710205,2.07370758056641));
#44=CARTESIAN_POINT('',(-11.6528911590576,6.85126829147339,-3.87892746925354));
#45=CARTESIAN_POINT('',(-11.6521186828613,6.19694137573242,2.23822689056396));
#46=CARTESIAN_POINT('',(-11.6460933685303,6.29891395568848,2.27246642112732));
#47=CARTESIAN_POINT('',(-11.6227264404297,6.68969249725342,2.30160403251648));
#48=CARTESIAN_POINT('',(-11.6194715499878,6.74575042724609,2.29314064979553));
#49=CARTESIAN_POINT('',(-11.5970754623413,7.14048051834106,2.12993621826172));
#50=CARTESIAN_POINT('',(-11.5804319381714,7.43058300018311,1.81986737251282));
#51=CARTESIAN_POINT('',(-11.5732707977295,7.56476211547852,1.43578064441681));
#52=CARTESIAN_POINT('',(-11.428614616394,10.2183456420898,-3.36212992668152));
#53=CARTESIAN_POINT('',(-11.5173921585083,8.40488624572754,1.54584634304047));
#54=CARTESIAN_POINT('',(-11.131965637207,12.767840385437,6.9724588394165));
#55=CARTESIAN_POINT('',(-11.1387176513672,12.6413984298706,7.46006727218628));
#56=CARTESIAN_POINT('',(-11.133225440979,12.7008514404297,7.47196483612061));
#57=CARTESIAN_POINT('',(-10.9043302536011,15.0505695343018,7.36779403686523));
#58=CARTESIAN_POINT('',(-10.8967590332031,15.1159219741821,7.4233341217041));
#59=CARTESIAN_POINT('',(-10.880256652832,15.2624855041504,7.49419021606445));
#60=CARTESIAN_POINT('',(-10.7220840454102,16.7073249816895,7.02575635910034));
#61=CARTESIAN_POINT('',(-10.7720346450806,16.2590789794922,7.24470663070679));
#62=CARTESIAN_POINT('',(-10.7581090927124,16.3636837005615,7.38557052612305));
#63=CARTESIAN_POINT('',(-10.7497863769531,16.428804397583,7.44094467163086));
#64=CARTESIAN_POINT('',(-10.731541633606,16.5755558013916,7.51201868057251));
#65=CARTESIAN_POINT('',(-10.7236671447754,16.6401882171631,7.5253734588623));
#66=CARTESIAN_POINT('',(-10.6627826690674,17.1757659912109,7.18869066238403));
#67=CARTESIAN_POINT('',(-10.6614065170288,17.1928043365479,7.13336753845215));
#68=CARTESIAN_POINT('',(-10.6609897613525,17.2070484161377,7.0324969291687));
#69=CARTESIAN_POINT('',(-10.7808132171631,16.2073001861572,7.01897192001343));
#70=CARTESIAN_POINT('',(-10.5558061599731,18.0203685760498,7.04353284835815));
#71=CARTESIAN_POINT('',(-10.5575532913208,17.9531345367432,7.54320478439331));
#72=CARTESIAN_POINT('',(-10.5328731536865,18.13720703125,7.53382921218872));
#73=CARTESIAN_POINT('',(-10.5268087387085,18.1833000183105,7.51921653747559));
#74=CARTESIAN_POINT('',(-10.5052795410156,18.3517780303955,7.40950155258179));
#75=CARTESIAN_POINT('',(-10.5012741088867,18.3843269348145,7.37580394744873));
#76=CARTESIAN_POINT('',(-10.4892883300781,18.488697052002,7.20646858215332));
#77=CARTESIAN_POINT('',(-10.4877443313599,18.5057220458984,7.15123701095581));
#78=CARTESIAN_POINT('',(-10.6213598251343,17.5203170776367,7.03672552108765));
#79=CARTESIAN_POINT('',(-10.8164768218994,15.8940124511719,7.01473617553711));
#80=CARTESIAN_POINT('',(-10.9576425552368,14.5668611526489,7.0969934463501));
#81=CARTESIAN_POINT('',(-10.9573011398315,14.5809011459351,6.99695301055908));
#82=CARTESIAN_POINT('',(-10.9249038696289,14.8941974639893,7.00121021270752));
#83=CARTESIAN_POINT('',(-10.9169359207153,14.9460830688477,7.22716808319092));
#84=CARTESIAN_POINT('',(-10.7016296386719,16.8242511749268,7.51600122451782));
#85=CARTESIAN_POINT('',(-10.6962108612061,16.8704299926758,7.5014066696167));
#86=CARTESIAN_POINT('',(-10.6770238876343,17.0388965606689,7.39176082611084));
#87=CARTESIAN_POINT('',(-10.6734800338745,17.0712051391602,7.35828924179077));
#88=CARTESIAN_POINT('',(-10.816858291626,15.8797912597656,7.11551856994629));
#89=CARTESIAN_POINT('',(-10.4872808456421,18.5200023651123,7.05024862289429));
#90=CARTESIAN_POINT('',(-11.153018951416,12.489839553833,7.38800096511841));
#91=CARTESIAN_POINT('',(-11.1699695587158,12.319842338562,7.19192981719971));
#92=CARTESIAN_POINT('',(-11.158917427063,12.429105758667,7.33708524703979));
#93=CARTESIAN_POINT('',(-12.0797395706177,-2.96234679222107,0.297571688890457));
#94=CARTESIAN_POINT('',(-12.0769720077515,-2.91668391227722,0.703043937683105));
#95=CARTESIAN_POINT('',(-12.0460920333862,-1.95993089675903,0.381653785705566));
#96=CARTESIAN_POINT('',(-12.0690116882324,-2.70385718345642,1.0532363653183));
#97=CARTESIAN_POINT('',(-12.0581541061401,-2.39884471893311,1.28457713127136));
#98=CARTESIAN_POINT('',(-11.9019813537598,1.5232754945755,1.42856121063232));
#99=CARTESIAN_POINT('',(-11.8918170928955,1.77485477924347,1.12806475162506));
#100=CARTESIAN_POINT('',(-11.8883447647095,1.8873485326767,0.753165781497955));
#101=CARTESIAN_POINT('',(-11.9327411651611,0.810645282268524,1.65273141860962));
#102=CARTESIAN_POINT('',(-11.922872543335,1.0361555814743,1.646164894104));
#103=CARTESIAN_POINT('',(-11.9337463378906,0.885929048061371,0.660414457321167));
#104=CARTESIAN_POINT('',(-11.9161777496338,1.19028449058533,1.61152958869934));
#105=CARTESIAN_POINT('',(-12.0451774597168,-2.02924132347107,1.38003659248352));
#106=CARTESIAN_POINT('',(-12.0370054244995,-1.79608452320099,1.37111687660217));
#107=CARTESIAN_POINT('',(-11.9626131057739,0.140257865190506,1.3239209651947));
#108=CARTESIAN_POINT('',(-11.9489345550537,0.443565189838409,1.55580592155457));
#109=CARTESIAN_POINT('',(-11.9445943832397,0.541388213634491,1.59708273410797));
#110=CARTESIAN_POINT('',(-12.1954107284546,-6.93209075927734,-5.41526031494141));
#111=CARTESIAN_POINT('',(-12.0094566345215,-0.957522451877594,0.465738564729691));
#112=CARTESIAN_POINT('',(-12.0614728927612,-2.00428342819214,-4.98157835006714));
#113=CARTESIAN_POINT('',(-11.9763917922974,-0.115533962845802,0.567660450935364));
#114=CARTESIAN_POINT('',(-11.9728002548218,-0.0729966163635254,0.970158994197845));
#115=CARTESIAN_POINT('',(-12.0543813705444,-2.29158329963684,1.32858502864838));
#116=CARTESIAN_POINT('',(-12.0318365097046,-1.64819633960724,1.33622145652771));
#117=CARTESIAN_POINT('',(-12.1805868148804,-6.72734451293945,0.31300288438797));
#118=CARTESIAN_POINT('',(-12.1799650192261,-6.68964242935181,0.198571249842644));
#119=CARTESIAN_POINT('',(-12.1887435913086,-7.12115573883057,0.567410349845886));
#120=CARTESIAN_POINT('',(-12.1796293258667,-6.65709400177002,-0.00417277170345187));
#121=CARTESIAN_POINT('',(-12.1597185134888,-5.81236982345581,0.0620041228830814));
#122=CARTESIAN_POINT('',(-12.1339988708496,-4.80913019180298,0.137762948870659));
#123=CARTESIAN_POINT('',(-12.1577434539795,-5.76461601257324,0.462179958820343));
#124=CARTESIAN_POINT('',(-12.151816368103,-5.5568470954895,0.811281979084015));
#125=CARTESIAN_POINT('',(-12.114447593689,-4.1742000579834,0.918442964553833));
#126=CARTESIAN_POINT('',(-12.1056537628174,-3.80583572387695,0.213487833738327));
#127=CARTESIAN_POINT('',(-12.0123605728149,-1.07130062580109,0.844717085361481));
#128=CARTESIAN_POINT('',(-12.0203695297241,-1.31570065021515,1.14934420585632));
#129=CARTESIAN_POINT('',(-12.1233367919922,-4.50606298446655,1.10147678852081));
#130=CARTESIAN_POINT('',(-11.6956968307495,5.56963682174683,1.17733407020569));
#131=CARTESIAN_POINT('',(-11.694995880127,5.56212759017944,1.3297975063324));
#132=CARTESIAN_POINT('',(-11.6923990249634,5.58086729049683,1.49801564216614));
#133=CARTESIAN_POINT('',(-11.2437467575073,11.4866418838501,6.95511913299561));
#134=CARTESIAN_POINT('',(-11.1766672134399,12.2678270339966,6.96566867828369));
#135=CARTESIAN_POINT('',(-11.387619972229,9.95180511474609,4.26102495193481));
#136=CARTESIAN_POINT('',(-11.1161947250366,12.8887529373169,7.46164274215698));
#137=CARTESIAN_POINT('',(-11.1124248504639,12.9312314987183,7.44800996780396));
#138=CARTESIAN_POINT('',(-11.09778881073,13.1014623641968,7.33674192428589));
#139=CARTESIAN_POINT('',(-11.0952968597412,13.1315956115723,7.30542659759521));
#140=CARTESIAN_POINT('',(-11.0871810913086,13.2368125915527,7.13444137573242));
#141=CARTESIAN_POINT('',(-11.0861520767212,13.2536888122559,7.07919788360596));
#142=CARTESIAN_POINT('',(-11.7037992477417,5.97905397415161,-4.00452947616577));
#143=CARTESIAN_POINT('',(-11.743293762207,4.72829055786133,1.07630956172943));
#144=CARTESIAN_POINT('',(-11.848165512085,2.72798895835876,0.868008136749268));
#145=CARTESIAN_POINT('',(-11.7475738525391,4.61185455322266,1.44750463962555));
#146=CARTESIAN_POINT('',(-11.7596454620361,4.35831022262573,1.74331569671631));
#147=CARTESIAN_POINT('',(-11.7969675064087,3.72818326950073,0.972163379192352));
#148=CARTESIAN_POINT('',(-11.7764358520508,4.0248384475708,1.92234838008881));
#149=CARTESIAN_POINT('',(-11.7846546173096,3.86505365371704,1.95646286010742));
#150=CARTESIAN_POINT('',(-11.8151845932007,3.28215885162354,1.86246681213379));
#151=CARTESIAN_POINT('',(-11.810474395752,3.37091732025146,1.90098333358765));
#152=CARTESIAN_POINT('',(-11.7960004806519,3.64665675163269,1.96088266372681));
#153=CARTESIAN_POINT('',(-11.8438606262207,2.76694774627686,1.27271211147308));
#154=CARTESIAN_POINT('',(-11.8315181732178,2.98058533668518,1.63004148006439));
#155=CARTESIAN_POINT('',(-12.1402397155762,-5.13116121292114,1.09371280670166));
#156=CARTESIAN_POINT('',(-12.1336441040039,-4.88692188262939,1.1411839723587));
#157=CARTESIAN_POINT('',(-10.611590385437,17.571964263916,7.2621808052063));
#158=CARTESIAN_POINT('',(-10.5960321426392,17.6767330169678,7.40334939956665));
#159=CARTESIAN_POINT('',(-10.586784362793,17.7415313720703,7.45849990844727));
#160=CARTESIAN_POINT('',(-10.5663585662842,17.8885536193848,7.52983140945435));
#161=CARTESIAN_POINT('',(-8.79283046722412,26.5510559082031,7.1589879989624));
#162=CARTESIAN_POINT('',(-8.46812057495117,28.1294231414795,1.58336842060089));
#163=CARTESIAN_POINT('',(-8.91937446594238,26.8457374572754,0.784269154071808));
#164=CARTESIAN_POINT('',(-8.84174060821533,26.3946876525879,7.15685129165649));
#165=CARTESIAN_POINT('',(-9.39909172058105,25.1856021881104,-0.443183749914169));
#166=CARTESIAN_POINT('',(-8.99085998535156,25.8964309692383,7.15023040771484));
#167=CARTESIAN_POINT('',(-9.13129234313965,25.3957767486572,7.14334297180176));
#168=CARTESIAN_POINT('',(-9.11587905883789,25.4312839508057,7.33386278152466));
#169=CARTESIAN_POINT('',(-8.74276733398438,26.7076587677002,7.16112232208252));
#170=CARTESIAN_POINT('',(-8.72340869903564,26.7451133728027,7.36158657073975));
#171=CARTESIAN_POINT('',(-8.67892265319824,26.8617839813232,7.52926635742188));
#172=CARTESIAN_POINT('',(-8.6675853729248,26.8927326202393,7.55723190307617));
#173=CARTESIAN_POINT('',(-8.60246849060059,27.0745449066162,7.65175819396973));
#174=CARTESIAN_POINT('',(-8.59243774414062,27.1029510498047,7.65825986862183));
#175=CARTESIAN_POINT('',(-8.51638126373291,27.3199939727783,7.65588855743408));
#176=CARTESIAN_POINT('',(-8.49819755554199,27.3723812103271,7.6413106918335));
#177=CARTESIAN_POINT('',(-8.46502304077148,27.4691162109375,7.59496402740479));
#178=CARTESIAN_POINT('',(-8.42999076843262,27.587495803833,7.38738346099854));
#179=CARTESIAN_POINT('',(-9.00411224365234,25.7956771850586,7.64461660385132));
#180=CARTESIAN_POINT('',(-8.93441677093506,26.0355987548828,7.63387632369995));
#181=CARTESIAN_POINT('',(-9.06753730773926,25.5835456848145,7.53888988494873));
#182=CARTESIAN_POINT('',(-9.01357364654541,25.7635612487793,7.63670873641968));
#183=CARTESIAN_POINT('',(-9.31052112579346,24.6868324279785,7.33775043487549));
#184=CARTESIAN_POINT('',(-9.40264987945557,24.2900104522705,7.53629016876221));
#185=CARTESIAN_POINT('',(-9.36119651794434,24.45139503479,7.61885452270508));
#186=CARTESIAN_POINT('',(-9.35329341888428,24.4827079772949,7.62657117843628));
#187=CARTESIAN_POINT('',(-9.29848670959473,24.703296661377,7.62204265594482));
#188=CARTESIAN_POINT('',(-9.25187301635742,24.8984336853027,7.51309871673584));
#189=CARTESIAN_POINT('',(-9.40739917755127,24.271915435791,7.52153301239014));
#190=CARTESIAN_POINT('',(-9.21480274200439,25.082727432251,7.13909578323364));
#191=CARTESIAN_POINT('',(-9.22063159942627,25.0400772094727,7.32290506362915));
#192=CARTESIAN_POINT('',(-8.88025856018066,26.2294673919678,7.5128812789917));
#193=CARTESIAN_POINT('',(-8.84444713592529,26.3710517883301,7.29085445404053));
#194=CARTESIAN_POINT('',(-9.07703971862793,25.5526084899902,7.51042652130127));
#195=CARTESIAN_POINT('',(-8.44200325012207,27.5377311706543,7.54241514205933));
#196=CARTESIAN_POINT('',(-8.43318271636963,27.5645351409912,7.516197681427));
#197=CARTESIAN_POINT('',(-8.39720058441162,27.6835670471191,7.31383275985718));
#198=CARTESIAN_POINT('',(-7.84112977981567,29.0167407989502,7.19756078720093));
#199=CARTESIAN_POINT('',(-7.86213493347168,29.5245151519775,2.24711441993713));
#200=CARTESIAN_POINT('',(-8.0689115524292,29.0818614959717,2.08670520782471));
#201=CARTESIAN_POINT('',(-8.14796161651611,28.904317855835,2.00625157356262));
#202=CARTESIAN_POINT('',(-8.22376251220703,28.7295398712158,1.91740441322327));
#203=CARTESIAN_POINT('',(-8.06583404541016,28.5144176483154,7.2407054901123));
#204=CARTESIAN_POINT('',(-8.27353572845459,28.0191307067871,7.17888164520264));
#205=CARTESIAN_POINT('',(-7.63613128662109,29.9747695922852,2.35442042350769));
#206=CARTESIAN_POINT('',(-8.24497413635254,28.0661544799805,7.40008020401001));
#207=CARTESIAN_POINT('',(-7.4721474647522,30.2798252105713,2.40824198722839));
#208=CARTESIAN_POINT('',(-7.68873739242554,29.3300247192383,7.19666051864624));
#209=CARTESIAN_POINT('',(-7.39393186569214,30.4186630249023,2.43267965316772));
#210=CARTESIAN_POINT('',(-7.65951251983643,29.3658485412598,7.39492511749268));
#211=CARTESIAN_POINT('',(-7.59205055236816,29.47878074646,7.55978727340698));
#212=CARTESIAN_POINT('',(-7.39636659622192,29.8251972198486,7.70333385467529));
#213=CARTESIAN_POINT('',(-7.3201756477356,29.9609832763672,7.68810129165649));
#214=CARTESIAN_POINT('',(-7.26725053787231,30.0774803161621,7.45949506759644));
#215=CARTESIAN_POINT('',(-7.2071647644043,30.1660308837891,7.57178497314453));
#216=CARTESIAN_POINT('',(-7.13341426849365,30.3270282745361,7.21533346176147));
#217=CARTESIAN_POINT('',(-7.46604013442993,29.7010192871094,7.68710041046143));
#218=CARTESIAN_POINT('',(-7.55513429641724,30.1278305053711,2.38145136833191));
#219=CARTESIAN_POINT('',(-8.39449119567871,27.7056884765625,7.17978048324585));
#220=CARTESIAN_POINT('',(-8.0745906829834,28.4450664520264,7.6806116104126));
#221=CARTESIAN_POINT('',(-7.99178504943848,28.6350898742676,7.67323923110962));
#222=CARTESIAN_POINT('',(-7.95791006088257,28.7135391235352,7.64763307571411));
#223=CARTESIAN_POINT('',(-7.8998327255249,28.8507957458496,7.55810928344727));
#224=CARTESIAN_POINT('',(-7.87636470794678,28.9081974029541,7.49722957611084));
#225=CARTESIAN_POINT('',(-8.19264793395996,28.1782722473145,7.55233430862427));
#226=CARTESIAN_POINT('',(-8.17240810394287,28.2231979370117,7.59041023254395));
#227=CARTESIAN_POINT('',(-8.09796714782715,28.3916206359863,7.67041397094727));
#228=CARTESIAN_POINT('',(-7.84663200378418,28.9876003265381,7.35424184799194));
#229=CARTESIAN_POINT('',(-7.84223604202271,29.0027713775635,7.30175971984863));
#230=CARTESIAN_POINT('',(-9.41574192047119,24.2403678894043,7.49251937866211));
#231=CARTESIAN_POINT('',(-9.46256351470947,24.0836181640625,7.12556219100952));
#232=CARTESIAN_POINT('',(-9.44922733306885,24.1191558837891,7.31612825393677));
#233=CARTESIAN_POINT('',(-10.1590394973755,20.5786952972412,7.57887697219849));
#234=CARTESIAN_POINT('',(-10.127459526062,20.7627506256104,7.56946563720703));
#235=CARTESIAN_POINT('',(-10.1568517684937,20.646146774292,7.07906770706177));
#236=CARTESIAN_POINT('',(-10.1196413040161,20.809196472168,7.55465602874756));
#237=CARTESIAN_POINT('',(-10.0921821594238,20.9771881103516,7.44505786895752));
#238=CARTESIAN_POINT('',(-10.0869140625,21.0106430053711,7.41035509109497));
#239=CARTESIAN_POINT('',(-10.0717191696167,21.1142044067383,7.2420597076416));
#240=CARTESIAN_POINT('',(-10.2082195281982,20.3025493621826,7.43898010253906));
#241=CARTESIAN_POINT('',(-10.1965818405151,20.3662967681885,7.49336242675781));
#242=CARTESIAN_POINT('',(-10.1702833175659,20.5142307281494,7.56548404693604));
#243=CARTESIAN_POINT('',(-10.2933988571167,19.8015117645264,7.22426414489746));
#244=CARTESIAN_POINT('',(-10.2916564941406,19.8185176849365,7.16915655136108));
#245=CARTESIAN_POINT('',(-10.3686475753784,19.3333168029785,7.06129741668701));
#246=CARTESIAN_POINT('',(-10.2911348342896,19.8328380584717,7.06802034378052));
#247=CARTESIAN_POINT('',(-10.2503652572632,21.0154037475586,-1.438396692276));
#248=CARTESIAN_POINT('',(-10.2406358718872,20.146053314209,7.07226657867432));
#249=CARTESIAN_POINT('',(-10.2282133102417,20.1972713470459,7.29687786102295));
#250=CARTESIAN_POINT('',(-10.3650493621826,20.2975482940674,-1.57440447807312));
#251=CARTESIAN_POINT('',(-10.3705997467041,19.2659606933594,7.56105327606201));
#252=CARTESIAN_POINT('',(-10.3426885604858,19.4500484466553,7.55165529251099));
#253=CARTESIAN_POINT('',(-10.3358373641968,19.49609375,7.53702878952026));
#254=CARTESIAN_POINT('',(-10.3114929199219,19.6645355224609,7.42725229263306));
#255=CARTESIAN_POINT('',(-10.3069133758545,19.6974353790283,7.39318370819092));
#256=CARTESIAN_POINT('',(-10.4426651000977,18.8332405090332,7.05449199676514));
#257=CARTESIAN_POINT('',(-10.4316663742065,18.8846988677979,7.27955341339111));
#258=CARTESIAN_POINT('',(-10.4140615463257,18.9896965026855,7.42115449905396));
#259=CARTESIAN_POINT('',(-10.4036874771118,19.054048538208,7.4759955406189));
#260=CARTESIAN_POINT('',(-10.380542755127,19.2014389038086,7.54765653610229));
#261=CARTESIAN_POINT('',(-10.0697507858276,21.1312160491943,7.18695735931396));
#262=CARTESIAN_POINT('',(-10.0691680908203,21.145544052124,7.08579254150391));
#263=CARTESIAN_POINT('',(-9.53522491455078,23.7705154418945,7.1213321685791));
#264=CARTESIAN_POINT('',(-9.64687252044678,23.2714080810547,7.11461782455444));
#265=CARTESIAN_POINT('',(-9.60860919952393,23.3913307189941,7.60413932800293));
#266=CARTESIAN_POINT('',(-9.56779861450195,23.585729598999,7.49581050872803));
#267=CARTESIAN_POINT('',(-9.54024887084961,23.7283554077148,7.30406188964844));
#268=CARTESIAN_POINT('',(-9.74197673797607,22.8067607879639,7.29825448989868));
#269=CARTESIAN_POINT('',(-9.71230602264404,22.9279384613037,7.474684715271));
#270=CARTESIAN_POINT('',(-9.70485782623291,22.9597244262695,7.5039210319519));
#271=CARTESIAN_POINT('',(-9.6640157699585,23.1390476226807,7.60100984573364));
#272=CARTESIAN_POINT('',(-9.65720462799072,23.1695880889893,7.60857439041138));
#273=CARTESIAN_POINT('',(-9.75378513336182,22.7712574005127,7.10780954360962));
#274=CARTESIAN_POINT('',(-9.81827163696289,22.4581146240234,7.10357093811035));
#275=CARTESIAN_POINT('',(-9.45527172088623,24.9693508148193,-0.621312081813812));
#276=CARTESIAN_POINT('',(-9.48246288299561,24.8608360290527,-0.690597534179688));
#277=CARTESIAN_POINT('',(-9.91763401031494,21.9516677856445,7.14743041992188));
#278=CARTESIAN_POINT('',(-10.0120525360107,21.4587249755859,7.09002733230591));
#279=CARTESIAN_POINT('',(-9.99805545806885,21.5096530914307,7.31407165527344));
#280=CARTESIAN_POINT('',(-9.91976356506348,21.8913288116455,7.59668159484863));
#281=CARTESIAN_POINT('',(-9.88406276702881,22.0754470825195,7.58723783493042));
#282=CARTESIAN_POINT('',(-9.87515926361084,22.1222820281982,7.57227659225464));
#283=CARTESIAN_POINT('',(-9.84422588348389,22.2898406982422,7.46268653869629));
#284=CARTESIAN_POINT('',(-9.8381814956665,22.3238582611084,7.42738056182861));
#285=CARTESIAN_POINT('',(-9.97535610198975,21.6152820587158,7.45680093765259));
#286=CARTESIAN_POINT('',(-9.96234893798828,21.6782684326172,7.51063585281372));
#287=CARTESIAN_POINT('',(-9.93247032165527,21.8268871307373,7.58328819274902));
#288=CARTESIAN_POINT('',(-9.82114315032959,22.4267597198486,7.25983095169067));
#289=CARTESIAN_POINT('',(-9.81892681121826,22.4437618255615,7.20476293563843));
#290=CARTESIAN_POINT('',(-9.51186561584473,24.7381954193115,-0.730446040630341));
#291=CARTESIAN_POINT('',(-7.14455127716064,30.2890300750732,7.39333772659302));
#292=CARTESIAN_POINT('',(-12.1436328887939,-5.25683784484863,1.04277205467224));
#293=CARTESIAN_POINT('',(-12.1268043518066,-4.63426733016968,1.13176786899567));
#294=CARTESIAN_POINT('',(-11.6955404281616,-6.9069619178772,-5.91487836837769));
#295=CARTESIAN_POINT('',(-12.2838220596313,-12.6300449371338,-5.74100732803345));
#296=CARTESIAN_POINT('',(-11.7837514877319,-12.5601177215576,-6.23898029327393));
#297=CARTESIAN_POINT('',(-12.3084802627563,-15.2082948684692,-5.83326625823975));
#298=CARTESIAN_POINT('',(-11.8087282180786,-15.1972875595093,-6.33327436447144));
#299=CARTESIAN_POINT('',(-11.8196640014648,-16.7314701080322,-6.37317752838135));
#300=CARTESIAN_POINT('',(-12.3301610946655,-18.6025905609131,-5.90822458267212));
#301=CARTESIAN_POINT('',(-11.7327136993408,-42.5114555358887,-5.32642364501953));
#302=CARTESIAN_POINT('',(-11.3468055725098,-42.1200675964355,-5.81692409515381));
#303=CARTESIAN_POINT('',(-11.349326133728,-42.5909957885742,-5.32452821731567));
#304=CARTESIAN_POINT('',(-11.8290042877197,-18.3697242736816,-6.40458822250366));
#305=CARTESIAN_POINT('',(-12.3454751968384,-23.1819515228271,-5.93578577041626));
#306=CARTESIAN_POINT('',(-11.8488168716431,-24.9155521392822,-6.42567157745361));
#307=CARTESIAN_POINT('',(-12.3486022949219,-25.0243282318115,-5.92475605010986));
#308=CARTESIAN_POINT('',(-11.8508758544922,-27.0071659088135,-6.39959239959717));
#309=CARTESIAN_POINT('',(-12.3512401580811,-32.1458473205566,-5.77307176589966));
#310=CARTESIAN_POINT('',(-11.8510255813599,-32.1906967163086,-6.27231693267822));
#311=CARTESIAN_POINT('',(-12.3453254699707,-40.1680488586426,-5.42548942565918));
#312=CARTESIAN_POINT('',(-11.8452196121216,-40.291259765625,-5.91923046112061));
#313=CARTESIAN_POINT('',(-11.5384969711304,-42.0802307128906,-5.81922721862793));
#314=CARTESIAN_POINT('',(-12.0586996078491,-42.2919998168945,-5.33140087127686));
#315=CARTESIAN_POINT('',(-11.7014799118042,-41.9703178405762,-5.82558870315552));
#316=CARTESIAN_POINT('',(-12.2987585067749,-41.9305839538574,-2.67544555664062));
#317=CARTESIAN_POINT('',(-12.3477830886841,-41.6627655029297,-0.0669808313250542));
#318=CARTESIAN_POINT('',(-12.3442478179932,-41.5914344787598,-5.34687900543213));
#319=CARTESIAN_POINT('',(-12.2703733444214,-41.966121673584,-5.33866596221924));
#320=CARTESIAN_POINT('',(-12.1569385528564,-42.2119026184082,-2.67914962768555));
#321=CARTESIAN_POINT('',(-12.2564783096313,-42.0867118835449,-0.0422442443668842));
#322=CARTESIAN_POINT('',(-11.9346227645874,-42.4351348876953,-2.6820182800293));
#323=CARTESIAN_POINT('',(-11.987398147583,-42.4321365356445,-0.0221636891365051));
#324=CARTESIAN_POINT('',(-11.6538801193237,-42.5781288146973,-2.68375420570374));
#325=CARTESIAN_POINT('',(-11.6136484146118,-42.6294326782227,-0.0107220858335495));
#326=CARTESIAN_POINT('',(-11.352822303772,-42.6628341674805,-0.00883232802152634));
#327=CARTESIAN_POINT('',(-11.8442478179932,-41.619441986084,-5.84570646286011));
#328=CARTESIAN_POINT('',(-11.807315826416,-41.8070907592773,-5.83500099182129));
#329=CARTESIAN_POINT('',(10.708927154541,19.0400543212891,-1.81134450435638));
#330=CARTESIAN_POINT('',(10.673152923584,19.3157291412354,-1.75997710227966));
#331=CARTESIAN_POINT('',(11.2827997207642,12.1556949615479,6.96637010574341));
#332=CARTESIAN_POINT('',(-12.3498935699463,-39.1022796630859,-0.160841733217239));
#333=CARTESIAN_POINT('',(-12.3478498458862,-40.1070747375488,-0.156653672456741));
#334=CARTESIAN_POINT('',(-12.349404335022,-39.991828918457,0.257181823253632));
#335=CARTESIAN_POINT('',(-12.3530616760254,-36.0391006469727,0.641745805740356));
#336=CARTESIAN_POINT('',(-12.3530826568604,-36.0060729980469,0.634651303291321));
#337=CARTESIAN_POINT('',(-12.3522529602051,-36.2457237243652,-0.300980627536774));
#338=CARTESIAN_POINT('',(-12.3532428741455,-35.6536712646484,0.470112174749374));
#339=CARTESIAN_POINT('',(-12.3532571792603,-35.5824851989746,0.412106573581696));
#340=CARTESIAN_POINT('',(-12.3532361984253,-35.3650398254395,0.138839513063431));
#341=CARTESIAN_POINT('',(-12.3531951904297,-35.3092346191406,0.0200639627873898));
#342=CARTESIAN_POINT('',(-12.3495502471924,-38.0974349975586,-0.261537849903107));
#343=CARTESIAN_POINT('',(-12.3530426025391,-35.2413749694824,-0.279331684112549));
#344=CARTESIAN_POINT('',(-12.3522596359253,-36.8635635375977,0.449977546930313));
#345=CARTESIAN_POINT('',(-12.3517942428589,-37.1394691467285,0.113262787461281));
#346=CARTESIAN_POINT('',(-12.3502674102783,-37.2507553100586,-0.301626175642014));
#347=CARTESIAN_POINT('',(-12.34716796875,-40.9533348083496,-0.10842227190733));
#348=CARTESIAN_POINT('',(-12.3527002334595,-36.483211517334,0.634935319423676));
#349=CARTESIAN_POINT('',(-12.3494749069214,-38.0969886779785,-0.164972186088562));
#350=CARTESIAN_POINT('',(-12.3507328033447,-38.886646270752,0.775171458721161));
#351=CARTESIAN_POINT('',(-12.3498783111572,-39.7128257751465,0.59113347530365));
#352=CARTESIAN_POINT('',(10.6558113098145,18.4137573242188,7.05861139297485));
#353=CARTESIAN_POINT('',(10.6608924865723,18.3479499816895,7.28743076324463));
#354=CARTESIAN_POINT('',(10.666353225708,18.2972316741943,7.35937309265137));
#355=CARTESIAN_POINT('',(7.56614685058594,29.9777412414551,7.4596848487854));
#356=CARTESIAN_POINT('',(7.41979312896729,30.2542686462402,7.21836471557617));
#357=CARTESIAN_POINT('',(7.43253231048584,30.2120323181152,7.40563774108887));
#358=CARTESIAN_POINT('',(-12.2136249542236,-8.35623264312744,0.662650942802429));
#359=CARTESIAN_POINT('',(-12.2062463760376,-7.99488735198975,0.885957777500153));
#360=CARTESIAN_POINT('',(-12.1971998214722,-7.55264902114868,0.936256468296051));
#361=CARTESIAN_POINT('',(-12.3503408432007,-39.3307876586914,0.772415578365326));
#362=CARTESIAN_POINT('',(-12.3507814407349,-38.0975456237793,-0.153916671872139));
#363=CARTESIAN_POINT('',(-12.3509492874146,-38.5028381347656,0.599760293960571));
#364=CARTESIAN_POINT('',(-12.3507518768311,-38.8588981628418,0.76899391412735));
#365=CARTESIAN_POINT('',(-12.3509683609009,-38.4373512268066,0.545766592025757));
#366=CARTESIAN_POINT('',(-12.3509674072266,-38.2172737121582,0.265824943780899));
#367=CARTESIAN_POINT('',(-12.3509349822998,-38.1656227111816,0.154449388384819));
#368=CARTESIAN_POINT('',(10.2140626907349,22.2982120513916,-1.19800901412964));
#369=CARTESIAN_POINT('',(10.2460412979126,18.812162399292,-2.3573625087738));
#370=CARTESIAN_POINT('',(11.1416625976562,14.9998607635498,-2.54967212677002));
#371=CARTESIAN_POINT('',(9.2347469329834,24.719539642334,-1.23398244380951));
#372=CARTESIAN_POINT('',(9.72275638580322,24.7342185974121,-0.730296671390533));
#373=CARTESIAN_POINT('',(9.76103115081787,22.083797454834,-1.73712193965912));
#374=CARTESIAN_POINT('',(9.88474655151367,21.3476982116699,-1.87753772735596));
#375=CARTESIAN_POINT('',(11.4000644683838,11.784646987915,-3.10443687438965));
#376=CARTESIAN_POINT('',(10.9967594146729,10.4484434127808,-3.82938838005066));
#377=CARTESIAN_POINT('',(11.5786256790161,-25.7018089294434,-6.41763162612915));
#378=CARTESIAN_POINT('',(12.1298065185547,-18.5214252471924,-5.90685129165649));
#379=CARTESIAN_POINT('',(12.0929431915283,-23.9786605834961,-5.93250751495361));
#380=CARTESIAN_POINT('',(11.5667657852173,-27.0071849822998,-6.39956474304199));
#381=CARTESIAN_POINT('',(12.0831642150879,-25.1393718719482,-5.92365503311157));
#382=CARTESIAN_POINT('',(11.5077848434448,-32.9177780151367,-6.2479076385498));
#383=CARTESIAN_POINT('',(12.0061511993408,-33.0787162780762,-5.74178838729858));
#384=CARTESIAN_POINT('',(11.4797592163086,-35.5608139038086,-6.14639043807983));
#385=CARTESIAN_POINT('',(11.6269569396973,-19.0615673065186,-6.41458177566528));
#386=CARTESIAN_POINT('',(11.9133186340332,-41.7126235961914,-5.34021949768066));
#387=CARTESIAN_POINT('',(11.5155773162842,10.0656261444092,-3.38575220108032));
#388=CARTESIAN_POINT('',(11.5969676971436,8.71823692321777,-3.59751725196838));
#389=CARTESIAN_POINT('',(11.0678882598877,9.308518409729,-4.01080656051636));
#390=CARTESIAN_POINT('',(9.69438457489014,24.8568935394287,-0.690460979938507));
#391=CARTESIAN_POINT('',(9.720383644104,24.7446784973145,-0.728216230869293));
#392=CARTESIAN_POINT('',(10.6733350753784,14.7094688415527,-3.10690975189209));
#393=CARTESIAN_POINT('',(12.109299659729,-6.93665790557861,-5.4151725769043));
#394=CARTESIAN_POINT('',(11.6093378067017,-6.90665626525879,-5.91484546661377));
#395=CARTESIAN_POINT('',(12.013053894043,-1.45592486858368,-4.92500400543213));
#396=CARTESIAN_POINT('',(11.5132474899292,-1.55556511878967,-5.43779325485229));
#397=CARTESIAN_POINT('',(11.971583366394,0.0507722459733486,-4.7608585357666));
#398=CARTESIAN_POINT('',(11.4472455978394,0.784485697746277,-5.17965459823608));
#399=CARTESIAN_POINT('',(11.9459095001221,0.873906552791595,-4.66612482070923));
#400=CARTESIAN_POINT('',(11.4431276321411,0.914895534515381,-5.16443490982056));
#401=CARTESIAN_POINT('',(11.8195428848267,4.24034261703491,-4.2432541847229));
#402=CARTESIAN_POINT('',(11.3386821746826,3.8247344493866,-4.80284643173218));
#403=CARTESIAN_POINT('',(11.4133453369141,-41.735782623291,-5.83907556533813));
#404=CARTESIAN_POINT('',(11.630651473999,-18.331169128418,-6.40397071838379));
#405=CARTESIAN_POINT('',(11.6372928619385,-16.7315216064453,-6.3731951713562));
#406=CARTESIAN_POINT('',(11.2838153839111,-42.6302375793457,-5.31975603103638));
#407=CARTESIAN_POINT('',(11.3347473144531,-42.6852951049805,-0.0134440092369914));
#408=CARTESIAN_POINT('',(10.9109058380127,-42.7739868164062,-0.0081490995362401));
#409=CARTESIAN_POINT('',(10.9084615707397,-42.7021980285645,-5.31803703308105));
#410=CARTESIAN_POINT('',(11.9158048629761,-41.7838821411133,-0.0662464126944542));
#411=CARTESIAN_POINT('',(11.9222602844238,-41.0745086669922,-0.107685916125774));
#412=CARTESIAN_POINT('',(11.6106081008911,-42.4204292297363,-5.32452869415283));
#413=CARTESIAN_POINT('',(11.6819086074829,-42.4173011779785,-0.0291875079274178));
#414=CARTESIAN_POINT('',(11.8811931610107,-42.0435371398926,-0.0510891899466515));
#415=CARTESIAN_POINT('',(11.8315525054932,-42.0957641601562,-5.33178424835205));
#416=CARTESIAN_POINT('',(12.1418180465698,-12.5517539978027,-5.73734617233276));
#417=CARTESIAN_POINT('',(11.642128944397,-12.3830060958862,-6.23146963119507));
#418=CARTESIAN_POINT('',(11.3724670410156,-41.9276657104492,-5.828049659729));
#419=CARTESIAN_POINT('',(10.9109315872192,-42.2314147949219,-5.81043529510498));
#420=CARTESIAN_POINT('',(11.0986051559448,-42.1953735351562,-5.81253147125244));
#421=CARTESIAN_POINT('',(11.2619953155518,-42.0902862548828,-5.81864213943481));
#422=CARTESIAN_POINT('',(-12.3518533706665,-35.2401924133301,-0.387029588222504));
#423=CARTESIAN_POINT('',(-12.3517866134644,-35.2402191162109,-0.300307750701904));
#424=CARTESIAN_POINT('',(-12.3129100799561,-16.0066108703613,0.506523668766022));
#425=CARTESIAN_POINT('',(-12.3119354248047,-15.8837699890137,0.471253395080566));
#426=CARTESIAN_POINT('',(-12.3149375915527,-16.2309112548828,-0.473898947238922));
#427=CARTESIAN_POINT('',(-12.3093271255493,-15.5597820281982,0.272516757249832));
#428=CARTESIAN_POINT('',(-12.3177509307861,-16.6385250091553,0.446099549531937));
#429=CARTESIAN_POINT('',(-12.3167238235474,-16.5008945465088,0.494220763444901));
#430=CARTESIAN_POINT('',(-12.3149223327637,-16.2640972137451,0.528291344642639));
#431=CARTESIAN_POINT('',(-12.3223295211792,-17.2363719940186,-0.507120609283447));
#432=CARTESIAN_POINT('',(-12.321587562561,-17.1708335876465,-0.111127458512783));
#433=CARTESIAN_POINT('',(-12.3074102401733,-15.225212097168,-0.440641611814499));
#434=CARTESIAN_POINT('',(-12.2997350692749,-14.3780221939087,-0.413980007171631));
#435=CARTESIAN_POINT('',(-12.3200120925903,-16.9490451812744,0.227150455117226));
#436=CARTESIAN_POINT('',(-12.3274440765381,-18.0839576721191,-0.520765960216522));
#437=CARTESIAN_POINT('',(-12.3073835372925,-15.318302154541,-0.0496240705251694));
#438=CARTESIAN_POINT('',(-12.2924528121948,-13.7911005020142,0.545835852622986));
#439=CARTESIAN_POINT('',(-12.2910280227661,-13.6599359512329,0.593853712081909));
#440=CARTESIAN_POINT('',(-12.2981233596802,-14.3169727325439,-0.017399538308382));
#441=CARTESIAN_POINT('',(-12.3371524810791,-20.0956230163574,-0.568480730056763));
#442=CARTESIAN_POINT('',(-12.3327684402466,-19.0899295806885,-0.544619977474213));
#443=CARTESIAN_POINT('',(-12.3440723419189,-21.9637546539307,-0.479542791843414));
#444=CARTESIAN_POINT('',(-12.340353012085,-20.9434642791748,-0.569121479988098));
#445=CARTESIAN_POINT('',(-12.3278713226318,-18.1783599853516,-0.12363339215517));
#446=CARTESIAN_POINT('',(-12.3292484283447,-18.4232063293457,0.204081103205681));
#447=CARTESIAN_POINT('',(-12.3309926986694,-18.7433013916016,0.400321364402771));
#448=CARTESIAN_POINT('',(-12.3347663879395,-19.4934501647949,0.374851107597351));
#449=CARTESIAN_POINT('',(-12.3340854644775,-19.3504238128662,0.423719108104706));
#450=CARTESIAN_POINT('',(-12.3329544067383,-19.1212539672852,0.455950051546097));
#451=CARTESIAN_POINT('',(-12.3315916061401,-18.8565444946289,0.433097690343857));
#452=CARTESIAN_POINT('',(-12.337119102478,-20.026195526123,-0.17433126270771));
#453=CARTESIAN_POINT('',(-12.3361721038818,-19.8021278381348,0.160713002085686));
#454=CARTESIAN_POINT('',(-12.3462438583374,-22.9554023742676,-0.598634898662567));
#455=CARTESIAN_POINT('',(-12.29576587677,-14.0991230010986,0.32322970032692));
#456=CARTESIAN_POINT('',(-12.288369178772,-13.4178562164307,0.632212460041046));
#457=CARTESIAN_POINT('',(-12.2376136779785,-9.51083946228027,-0.187874391674995));
#458=CARTESIAN_POINT('',(-12.2230243682861,-8.66559600830078,-0.13000001013279));
#459=CARTESIAN_POINT('',(-12.2187919616699,-8.60196876525879,0.300086140632629));
#460=CARTESIAN_POINT('',(-12.2143726348877,-8.39244747161865,0.625747323036194));
#461=CARTESIAN_POINT('',(-12.189022064209,-7.15441417694092,0.805771052837372));
#462=CARTESIAN_POINT('',(-12.1863737106323,-7.02416133880615,0.71282559633255));
#463=CARTESIAN_POINT('',(-12.1831836700439,-6.8647027015686,0.549877226352692));
#464=CARTESIAN_POINT('',(-12.2514991760254,-10.5160055160522,-0.238190397620201));
#465=CARTESIAN_POINT('',(-12.1955890655518,-7.47429084777832,0.925686180591583));
#466=CARTESIAN_POINT('',(-12.1077909469604,-3.91488766670227,0.603661835193634));
#467=CARTESIAN_POINT('',(-12.2674131393433,-11.5209684371948,-0.288486540317535));
#468=CARTESIAN_POINT('',(-12.2647361755371,-11.4644641876221,0.108863487839699));
#469=CARTESIAN_POINT('',(-12.2614469528198,-11.2505378723145,0.451817542314529));
#470=CARTESIAN_POINT('',(-12.2855863571167,-13.1682977676392,0.614772498607635));
#471=CARTESIAN_POINT('',(-12.2841167449951,-13.0377836227417,0.579460680484772));
#472=CARTESIAN_POINT('',(-12.280421257019,-12.7106256484985,0.384662330150604));
#473=CARTESIAN_POINT('',(-12.2777614593506,-12.4701776504517,0.0672037601470947));
#474=CARTESIAN_POINT('',(-12.2781276702881,-12.3675813674927,-0.328828006982803));
#475=CARTESIAN_POINT('',(-12.2568645477295,-10.9454212188721,0.677483975887299));
#476=CARTESIAN_POINT('',(-12.2366390228271,-9.61080646514893,0.206772446632385));
#477=CARTESIAN_POINT('',(-12.2403802871704,-9.86296653747559,0.529247224330902));
#478=CARTESIAN_POINT('',(-12.2454061508179,-10.1913652420044,0.720722913742065));
#479=CARTESIAN_POINT('',(-12.2473316192627,-10.3167839050293,0.753436505794525));
#480=CARTESIAN_POINT('',(-12.2548265457153,-10.8099336624146,0.728490829467773));
#481=CARTESIAN_POINT('',(-12.2512435913086,-10.5729541778564,0.768592953681946));
#482=CARTESIAN_POINT('',(-12.346076965332,-22.6035957336426,0.174357682466507));
#483=CARTESIAN_POINT('',(-12.3450880050659,-22.2309761047363,0.376806199550629));
#484=CARTESIAN_POINT('',(-12.3466682434082,-22.8676872253418,-0.173140406608582));
#485=CARTESIAN_POINT('',(-12.3548250198364,-30.5288181304932,-0.530337512493134));
#486=CARTESIAN_POINT('',(-12.3554000854492,-30.329216003418,0.458810329437256));
#487=CARTESIAN_POINT('',(-12.3553829193115,-30.2485275268555,0.440306425094604));
#488=CARTESIAN_POINT('',(-12.3552618026733,-29.9479999542236,0.293599009513855));
#489=CARTESIAN_POINT('',(-12.3551778793335,-29.8238754272461,0.186332359910011));
#490=CARTESIAN_POINT('',(-12.3550128936768,-29.647481918335,-0.0420194938778877));
#491=CARTESIAN_POINT('',(-12.3554019927979,-30.7804679870605,0.443912416696548));
#492=CARTESIAN_POINT('',(-12.3552618026733,-31.1599712371826,0.252937257289886));
#493=CARTESIAN_POINT('',(-12.353723526001,-31.534538269043,-0.507697939872742));
#494=CARTESIAN_POINT('',(-12.3550186157227,-31.4336414337158,-0.0850655436515808));
#495=CARTESIAN_POINT('',(-12.3548831939697,-29.5643463134766,-0.235183715820312));
#496=CARTESIAN_POINT('',(-12.3537330627441,-29.5226821899414,-0.552926182746887));
#497=CARTESIAN_POINT('',(-12.3535270690918,-28.6751804351807,-0.567675113677979));
#498=CARTESIAN_POINT('',(-12.3530569076538,-26.6727733612061,-0.432267725467682));
#499=CARTESIAN_POINT('',(-12.3521842956543,-26.6629695892334,-0.592241287231445));
#500=CARTESIAN_POINT('',(-12.3538255691528,-27.669261932373,-0.579980790615082));
#501=CARTESIAN_POINT('',(-12.3536233901978,-26.9716796875,0.14391116797924));
#502=CARTESIAN_POINT('',(-12.3538503646851,-27.1482429504395,0.284137606620789));
#503=CARTESIAN_POINT('',(-12.354115486145,-27.3992919921875,0.393131613731384));
#504=CARTESIAN_POINT('',(-12.3534717559814,-32.3818511962891,-0.484351366758347));
#505=CARTESIAN_POINT('',(-12.3524341583252,-34.3931541442871,-0.418823033571243));
#506=CARTESIAN_POINT('',(-12.354588508606,-32.3840751647949,-0.377350807189941));
#507=CARTESIAN_POINT('',(-12.3534145355225,-32.3822631835938,-0.40765118598938));
#508=CARTESIAN_POINT('',(-12.3541269302368,-33.3879318237305,-0.413279980421066));
#509=CARTESIAN_POINT('',(-12.3549032211304,-32.8035011291504,0.36848258972168));
#510=CARTESIAN_POINT('',(-12.3548936843872,-32.7264823913574,0.306467354297638));
#511=CARTESIAN_POINT('',(-12.3548069000244,-32.511791229248,0.0399636887013912));
#512=CARTESIAN_POINT('',(-12.3547487258911,-32.4516716003418,-0.0863288715481758));
#513=CARTESIAN_POINT('',(-12.3538799285889,-34.2859191894531,-0.00288069434463978));
#514=CARTESIAN_POINT('',(-12.3542747497559,-34.0132064819336,0.336627155542374));
#515=CARTESIAN_POINT('',(-12.3548412322998,-33.1905632019043,0.536277234554291));
#516=CARTESIAN_POINT('',(-12.3546104431152,-33.6346092224121,0.52535092830658));
#517=CARTESIAN_POINT('',(-12.3533935546875,-26.8210868835449,-0.0373066887259483));
#518=CARTESIAN_POINT('',(-12.3531694412231,-26.7079734802246,-0.27465695142746));
#519=CARTESIAN_POINT('',(-12.354588508606,-28.5785827636719,-0.144048944115639));
#520=CARTESIAN_POINT('',(-12.3408193588257,-20.9717826843262,-0.360423982143402));
#521=CARTESIAN_POINT('',(-12.3488969802856,-23.8513259887695,-0.284619867801666));
#522=CARTESIAN_POINT('',(-12.3487606048584,-23.8136711120605,-0.447505414485931));
#523=CARTESIAN_POINT('',(-12.3505535125732,-24.8093662261963,-0.599940001964569));
#524=CARTESIAN_POINT('',(-12.3480844497681,-23.8030204772949,-0.601659178733826));
#525=CARTESIAN_POINT('',(-12.3437242507935,-21.7806148529053,0.404510170221329));
#526=CARTESIAN_POINT('',(-12.34348487854,-21.7065849304199,0.390487730503082));
#527=CARTESIAN_POINT('',(-12.3425559997559,-21.4325656890869,0.277714401483536));
#528=CARTESIAN_POINT('',(-12.3419885635376,-21.2735996246338,0.154562637209892));
#529=CARTESIAN_POINT('',(-12.3414926528931,-21.1404495239258,0.00478887464851141));
#530=CARTESIAN_POINT('',(-12.3409481048584,-21.0022201538086,-0.256055682897568));
#531=CARTESIAN_POINT('',(-12.3513021469116,-25.8153686523438,-0.598150789737701));
#532=CARTESIAN_POINT('',(-12.3546323776245,-28.307975769043,0.197109013795853));
#533=CARTESIAN_POINT('',(-12.3541917800903,-27.4807815551758,0.410878866910934));
#534=CARTESIAN_POINT('',(-12.3545064926147,-27.930721282959,0.391906917095184));
#535=CARTESIAN_POINT('',(-12.3506498336792,-24.6322078704834,0.392540693283081));
#536=CARTESIAN_POINT('',(-12.3504972457886,-24.5497455596924,0.375493079423904));
#537=CARTESIAN_POINT('',(-12.3499765396118,-24.2914276123047,0.265642523765564));
#538=CARTESIAN_POINT('',(-12.349591255188,-24.119384765625,0.131234899163246));
#539=CARTESIAN_POINT('',(-12.3492126464844,-23.9636516571045,-0.0532536059617996));
#540=CARTESIAN_POINT('',(-12.3513898849487,-25.0807762145996,0.369403719902039));
#541=CARTESIAN_POINT('',(-12.3518714904785,-25.4557209014893,0.170752197504044));
#542=CARTESIAN_POINT('',(-12.3520860671997,-25.7231693267822,-0.173560932278633));
#543=CARTESIAN_POINT('',(9.66808700561523,24.9654502868652,-0.621158361434937));
#544=CARTESIAN_POINT('',(-6.63347291946411,31.0128917694092,7.70529270172119));
#545=CARTESIAN_POINT('',(-6.60668754577637,31.0480995178223,7.71282625198364));
#546=CARTESIAN_POINT('',(-6.18578767776489,32.1255073547363,2.73001599311829));
#547=CARTESIAN_POINT('',(12.0260009765625,-2.82524180412292,1.05277454853058));
#548=CARTESIAN_POINT('',(12.0291576385498,-2.94304323196411,0.892007410526276));
#549=CARTESIAN_POINT('',(12.0105266571045,-2.08009934425354,0.380913138389587));
#550=CARTESIAN_POINT('',(12.0325412750244,-3.05705666542053,0.613658010959625));
#551=CARTESIAN_POINT('',(12.033519744873,-3.08177828788757,0.471374481916428));
#552=CARTESIAN_POINT('',(12.0135679244995,-2.33741903305054,1.35209619998932));
#553=CARTESIAN_POINT('',(12.0025653839111,-1.89788782596588,1.36554288864136));
#554=CARTESIAN_POINT('',(11.9860057830811,-1.209019780159,0.879236042499542));
#555=CARTESIAN_POINT('',(11.9927034378052,-1.49858105182648,1.19844400882721));
#556=CARTESIAN_POINT('',(12.0223436355591,-2.68422842025757,1.18449115753174));
#557=CARTESIAN_POINT('',(12.0516023635864,-3.92690539360046,0.218294054269791));
#558=CARTESIAN_POINT('',(12.034234046936,-3.08259606361389,0.292988806962967));
#559=CARTESIAN_POINT('',(11.9838914871216,-1.07758045196533,0.46883624792099));
#560=CARTESIAN_POINT('',(12.0846996307373,-5.90985536575317,0.384509325027466));
#561=CARTESIAN_POINT('',(12.0857486724854,-5.93406581878662,0.0685239732265472));
#562=CARTESIAN_POINT('',(12.0699844360352,-4.93052530288696,0.143391072750092));
#563=CARTESIAN_POINT('',(12.0729560852051,-5.25197076797485,1.09417462348938));
#564=CARTESIAN_POINT('',(12.0750789642334,-5.37649393081665,1.04357218742371));
#565=CARTESIAN_POINT('',(12.0841732025146,-5.88601636886597,0.465618491172791));
#566=CARTESIAN_POINT('',(12.0154581069946,-2.41266655921936,1.33013582229614));
#567=CARTESIAN_POINT('',(11.9034252166748,1.3328675031662,1.48312926292419));
#568=CARTESIAN_POINT('',(11.9315881729126,0.490579158067703,1.62055349349976));
#569=CARTESIAN_POINT('',(11.9265995025635,0.76730614900589,0.653302013874054));
#570=CARTESIAN_POINT('',(11.8941144943237,1.63406097888947,1.16780006885529));
#571=CARTESIAN_POINT('',(11.8911762237549,1.76855957508087,0.754470527172089));
#572=CARTESIAN_POINT('',(11.859429359436,2.61133217811584,0.846583425998688));
#573=CARTESIAN_POINT('',(11.8179082870483,3.60797190666199,1.04010033607483));
#574=CARTESIAN_POINT('',(11.7744789123535,4.61100959777832,1.07586765289307));
#575=CARTESIAN_POINT('',(11.778377532959,4.47130584716797,1.48739242553711));
#576=CARTESIAN_POINT('',(11.9571685791016,-0.216612875461578,0.874123215675354));
#577=CARTESIAN_POINT('',(11.9585390090942,-0.238742008805275,0.702546536922455));
#578=CARTESIAN_POINT('',(11.9592628479004,-0.233970865607262,0.552135169506073));
#579=CARTESIAN_POINT('',(11.916431427002,0.938564360141754,1.64287447929382));
#580=CARTESIAN_POINT('',(12.0802965164185,-5.67784357070923,0.81201696395874));
#581=CARTESIAN_POINT('',(12.0644779205322,-4.75505065917969,1.13239872455597));
#582=CARTESIAN_POINT('',(12.0687980651855,-5.00777006149292,1.14192771911621));
#583=CARTESIAN_POINT('',(12.1178131103516,-8.78566646575928,0.0480967611074448));
#584=CARTESIAN_POINT('',(12.1205158233643,-8.78800392150879,-0.121830090880394));
#585=CARTESIAN_POINT('',(12.1085071563721,-7.78237819671631,0.0251954980194569));
#586=CARTESIAN_POINT('',(12.0971717834473,-6.7789454460144,0.00231331214308739));
#587=CARTESIAN_POINT('',(12.13307762146,-11.3695812225342,0.455489546060562));
#588=CARTESIAN_POINT('',(12.1342649459839,-11.585654258728,0.111468896269798));
#589=CARTESIAN_POINT('',(12.131519317627,-11.0625066757202,0.680724740028381));
#590=CARTESIAN_POINT('',(12.1305198669434,-10.6381559371948,-0.233715683221817));
#591=CARTESIAN_POINT('',(12.1047096252441,-7.5761833190918,0.923196971416473));
#592=CARTESIAN_POINT('',(12.1093473434448,-8.01732158660889,0.913860201835632));
#593=CARTESIAN_POINT('',(12.1308546066284,-10.9317607879639,0.729617774486542));
#594=CARTESIAN_POINT('',(12.125862121582,-9.98155117034912,0.527356386184692));
#595=CARTESIAN_POINT('',(12.1259298324585,-9.99425315856934,0.538256824016571));
#596=CARTESIAN_POINT('',(12.1214809417725,-9.21001434326172,-0.155386790633202));
#597=CARTESIAN_POINT('',(12.1266689300537,-9.63332176208496,-0.179689884185791));
#598=CARTESIAN_POINT('',(12.1246700286865,-9.7321195602417,0.209215730428696));
#599=CARTESIAN_POINT('',(12.1296091079712,-10.6892948150635,0.769628942012787));
#600=CARTESIAN_POINT('',(12.0623073577881,-4.62752819061279,1.10221982002258));
#601=CARTESIAN_POINT('',(12.1006746292114,-7.19076108932495,0.749395966529846));
#602=CARTESIAN_POINT('',(12.0978136062622,-6.89828443527222,0.419751852750778));
#603=CARTESIAN_POINT('',(12.1002082824707,-7.14537763595581,0.713591456413269));
#604=CARTESIAN_POINT('',(12.0526838302612,-4.03575754165649,0.606152832508087));
#605=CARTESIAN_POINT('',(12.0567331314087,-4.29488468170166,0.91919219493866));
#606=CARTESIAN_POINT('',(12.110143661499,-8.09356212615967,0.893027007579803));
#607=CARTESIAN_POINT('',(12.1133460998535,-8.40023994445801,0.730017304420471));
#608=CARTESIAN_POINT('',(12.1145477294922,-8.51371669769287,0.6263228058815));
#609=CARTESIAN_POINT('',(12.116081237793,-8.65463352203369,0.443585991859436));
#610=CARTESIAN_POINT('',(12.1173763275146,-8.76040172576904,0.193170875310898));
#611=CARTESIAN_POINT('',(12.1275949478149,-10.3094921112061,0.719396233558655));
#612=CARTESIAN_POINT('',(11.9535493850708,-0.12995383143425,1.10886526107788));
#613=CARTESIAN_POINT('',(11.942889213562,0.163268566131592,1.45846509933472));
#614=CARTESIAN_POINT('',(11.9482536315918,0.0127133782953024,1.3153350353241));
#615=CARTESIAN_POINT('',(11.2484855651855,12.5305061340332,7.46019983291626));
#616=CARTESIAN_POINT('',(11.2545471191406,12.4578638076782,7.43451404571533));
#617=CARTESIAN_POINT('',(11.2430849075317,12.6557912826538,6.97697353363037));
#618=CARTESIAN_POINT('',(11.2666645050049,12.3168649673462,7.33746576309204));
#619=CARTESIAN_POINT('',(11.2715520858765,12.2620992660522,7.27707290649414));
#620=CARTESIAN_POINT('',(11.2791910171509,12.1819314956665,7.13285493850708));
#621=CARTESIAN_POINT('',(11.2812099456787,12.1641244888306,7.06607294082642));
#622=CARTESIAN_POINT('',(11.2351083755493,12.6945552825928,7.474609375));
#623=CARTESIAN_POINT('',(11.1719036102295,13.4920291900635,7.143394947052));
#624=CARTESIAN_POINT('',(11.1736736297607,13.4779396057129,7.08840084075928));
#625=CARTESIAN_POINT('',(11.1317863464355,13.9698963165283,6.99731874465942));
#626=CARTESIAN_POINT('',(11.1754121780396,13.4694652557373,6.98926734924316));
#627=CARTESIAN_POINT('',(11.2019157409668,13.1557674407959,6.98757553100586));
#628=CARTESIAN_POINT('',(11.205171585083,13.0894289016724,7.21733331680298));
#629=CARTESIAN_POINT('',(11.2121343612671,12.990912437439,7.33970832824707));
#630=CARTESIAN_POINT('',(11.2184839248657,12.9060964584351,7.40587139129639));
#631=CARTESIAN_POINT('',(11.2284708023071,12.7776861190796,7.46112442016602));
#632=CARTESIAN_POINT('',(11.1047210693359,14.2210054397583,7.4233136177063));
#633=CARTESIAN_POINT('',(11.1161022186279,14.0881032943726,7.47955226898193));
#634=CARTESIAN_POINT('',(11.0090208053589,15.2843465805054,7.01507377624512));
#635=CARTESIAN_POINT('',(10.9916725158691,15.4025382995605,7.49733209609985));
#636=CARTESIAN_POINT('',(10.9992837905884,15.3243970870972,7.50955867767334));
#637=CARTESIAN_POINT('',(11.1229810714722,14.009786605835,7.49179124832153));
#638=CARTESIAN_POINT('',(11.1382331848145,13.8397102355957,7.47597360610962));
#639=CARTESIAN_POINT('',(11.1445970535278,13.7702741622925,7.45110940933228));
#640=CARTESIAN_POINT('',(11.1582460403442,13.6256313323975,7.35118532180786));
#641=CARTESIAN_POINT('',(11.1634569168091,13.5724248886108,7.2922797203064));
#642=CARTESIAN_POINT('',(11.0534029006958,14.8064432144165,7.16114902496338));
#643=CARTESIAN_POINT('',(11.0553503036499,14.7923650741577,7.1062479019165));
#644=CARTESIAN_POINT('',(11.0572700500488,14.7838697433472,7.00699853897095));
#645=CARTESIAN_POINT('',(11.0864963531494,14.4701585769653,7.00533390045166));
#646=CARTESIAN_POINT('',(11.0900907516479,14.4038619995117,7.23512887954712));
#647=CARTESIAN_POINT('',(11.0979137420654,14.3035449981689,7.35925817489624));
#648=CARTESIAN_POINT('',(11.5852689743042,8.28987884521484,1.54356741905212));
#649=CARTESIAN_POINT('',(11.8251523971558,3.32046627998352,1.92569899559021));
#650=CARTESIAN_POINT('',(11.8280982971191,3.25147747993469,1.90333294868469));
#651=CARTESIAN_POINT('',(11.8388977050781,3.00313591957092,1.76474189758301));
#652=CARTESIAN_POINT('',(11.8458976745605,2.84738826751709,1.6132926940918));
#653=CARTESIAN_POINT('',(11.8522796630859,2.71161508560181,1.41212010383606));
#654=CARTESIAN_POINT('',(11.6327676773071,7.44923973083496,1.43350613117218));
#655=CARTESIAN_POINT('',(11.7900218963623,4.16672086715698,1.79840469360352));
#656=CARTESIAN_POINT('',(11.8062200546265,3.77000594139099,1.95320737361908));
#657=CARTESIAN_POINT('',(11.8569087982178,2.62448716163635,1.16877770423889));
#658=CARTESIAN_POINT('',(11.8584938049316,2.60486602783203,1.00436210632324));
#659=CARTESIAN_POINT('',(11.9339618682861,0.42101663351059,1.59900307655334));
#660=CARTESIAN_POINT('',(11.3420782089233,11.3738803863525,6.95579624176025));
#661=CARTESIAN_POINT('',(11.3947582244873,10.7686433792114,5.8930778503418));
#662=CARTESIAN_POINT('',(11.6857557296753,6.45109128952026,1.30519795417786));
#663=CARTESIAN_POINT('',(11.6333608627319,7.42823648452759,1.54513382911682));
#664=CARTESIAN_POINT('',(11.6521577835083,7.03661632537842,2.12206268310547));
#665=CARTESIAN_POINT('',(11.7186498641968,5.67779207229614,1.94737434387207));
#666=CARTESIAN_POINT('',(11.7295303344727,5.49756860733032,1.62508654594421));
#667=CARTESIAN_POINT('',(11.7352800369263,5.45278978347778,1.17684531211853));
#668=CARTESIAN_POINT('',(11.6974630355835,6.09426116943359,2.24432754516602));
#669=CARTESIAN_POINT('',(11.7158823013306,5.72947025299072,2.00479125976562));
#670=CARTESIAN_POINT('',(11.6564416885376,6.94401359558105,2.18089962005615));
#671=CARTESIAN_POINT('',(11.6753711700439,6.53712749481201,2.30608797073364));
#672=CARTESIAN_POINT('',(11.6414241790771,7.26246738433838,1.89908850193024));
#673=CARTESIAN_POINT('',(10.9790191650391,15.535717010498,7.44089126586914));
#674=CARTESIAN_POINT('',(12.1282863616943,-10.4385471343994,0.75348973274231));
#675=CARTESIAN_POINT('',(12.1344013214111,-11.6063537597656,0.0483079068362713));
#676=CARTESIAN_POINT('',(12.0615892410278,-27.79128074646,-0.571736931800842));
#677=CARTESIAN_POINT('',(12.0554103851318,-28.4867668151855,0.146717697381973));
#678=CARTESIAN_POINT('',(12.0512447357178,-28.7970275878906,-0.56692510843277));
#679=CARTESIAN_POINT('',(12.0429992675781,-29.6446895599365,-0.530047178268433));
#680=CARTESIAN_POINT('',(12.0340385437012,-30.6506805419922,-0.518531858921051));
#681=CARTESIAN_POINT('',(12.0434103012085,-29.7220211029053,-0.126182079315186));
#682=CARTESIAN_POINT('',(12.041127204895,-29.9729061126709,0.21354041993618));
#683=CARTESIAN_POINT('',(12.0584411621094,-28.1746635437012,0.353033185005188));
#684=CARTESIAN_POINT('',(12.0307531356812,-31.0282764434814,0.404996991157532));
#685=CARTESIAN_POINT('',(12.0274963378906,-31.3407745361328,0.201563522219658));
#686=CARTESIAN_POINT('',(12.0228872299194,-31.6562461853027,-0.506937623023987));
#687=CARTESIAN_POINT('',(12.0141725540161,-32.5035095214844,-0.483598709106445));
#688=CARTESIAN_POINT('',(12.0067539215088,-33.3413734436035,-0.053578294813633));
#689=CARTESIAN_POINT('',(12.0078105926514,-33.2728996276855,0.528778612613678));
#690=CARTESIAN_POINT('',(12.0031595230103,-33.7169914245605,0.534801781177521));
#691=CARTESIAN_POINT('',(12.0116682052612,-32.8922309875488,0.344230860471725));
#692=CARTESIAN_POINT('',(12.0143442153931,-32.6157989501953,0.00785108469426632));
#693=CARTESIAN_POINT('',(12.0141067504883,-32.5039253234863,-0.406901150941849));
#694=CARTESIAN_POINT('',(12.0373115539551,-30.3717880249023,0.439266085624695));
#695=CARTESIAN_POINT('',(12.0344848632812,-30.6585731506348,0.475789725780487));
#696=CARTESIAN_POINT('',(12.0381031036377,-30.290657043457,0.412436813116074));
#697=CARTESIAN_POINT('',(12.077579498291,-25.9373321533203,-0.597405970096588));
#698=CARTESIAN_POINT('',(12.0703153610229,-26.7851428985596,-0.576547801494598));
#699=CARTESIAN_POINT('',(12.053071975708,-28.7167282104492,-0.178741604089737));
#700=CARTESIAN_POINT('',(12.0619201660156,-27.8042182922363,0.426006197929382));
#701=CARTESIAN_POINT('',(12.0599327087402,-28.0172863006592,0.401920974254608));
#702=CARTESIAN_POINT('',(12.0681190490723,-27.1154861450195,0.165604934096336));
#703=CARTESIAN_POINT('',(12.0652990341187,-27.4345035552979,0.364012598991394));
#704=CARTESIAN_POINT('',(12.0645046234131,-27.5223598480225,0.392336636781693));
#705=CARTESIAN_POINT('',(12.0702352523804,-26.8653049468994,-0.171148791909218));
#706=CARTESIAN_POINT('',(12.0249691009521,-31.5725288391113,-0.120822072029114));
#707=CARTESIAN_POINT('',(12.0324010848999,-30.8665885925293,0.45376381278038));
#708=CARTESIAN_POINT('',(12.0812034606934,-25.6324462890625,0.12137445807457));
#709=CARTESIAN_POINT('',(11.9989929199219,-34.1021461486816,0.362744390964508));
#710=CARTESIAN_POINT('',(11.9981498718262,-34.1785278320312,0.299811571836472));
#711=CARTESIAN_POINT('',(11.9623422622681,-37.3721351623535,-0.300885707139969));
#712=CARTESIAN_POINT('',(11.9531669616699,-38.2187728881836,-0.260794550180435));
#713=CARTESIAN_POINT('',(11.9367542266846,-39.8821716308594,0.551969766616821));
#714=CARTESIAN_POINT('',(11.9341650009155,-40.1044425964355,0.274002432823181));
#715=CARTESIAN_POINT('',(11.9313859939575,-40.2282905578613,-0.155892074108124));
#716=CARTESIAN_POINT('',(11.9459466934204,-39.017391204834,0.220614820718765));
#717=CARTESIAN_POINT('',(11.9375047683716,-39.816162109375,0.605497896671295));
#718=CARTESIAN_POINT('',(11.9466257095337,-38.9869117736816,0.771210670471191));
#719=CARTESIAN_POINT('',(11.9418020248413,-39.4309387207031,0.777678251266479));
#720=CARTESIAN_POINT('',(11.9506454467773,-38.6063804626465,0.586753964424133));
#721=CARTESIAN_POINT('',(11.9534349441528,-38.3301620483398,0.250552713871002));
#722=CARTESIAN_POINT('',(11.9530935287476,-38.2183265686035,-0.164202138781548));
#723=CARTESIAN_POINT('',(11.9840087890625,-35.3616905212402,-0.386282324790955));
#724=CARTESIAN_POINT('',(11.9651145935059,-37.2478942871094,0.138523384928703));
#725=CARTESIAN_POINT('',(11.9635171890259,-37.371021270752,-0.279889792203903));
#726=CARTESIAN_POINT('',(11.9957466125488,-34.3901634216309,0.031015632674098));
#727=CARTESIAN_POINT('',(11.9941854476929,-34.5132369995117,-0.387753844261169));
#728=CARTESIAN_POINT('',(11.9930467605591,-34.5147018432617,-0.418084353208542));
#729=CARTESIAN_POINT('',(11.9764280319214,-36.1964683532715,0.0562051273882389));
#730=CARTESIAN_POINT('',(11.9774980545044,-36.1304969787598,0.635996639728546));
#731=CARTESIAN_POINT('',(11.9727125167847,-36.5745582580566,0.642255961894989));
#732=CARTESIAN_POINT('',(11.9814777374268,-35.7498970031738,0.4515101313591));
#733=CARTESIAN_POINT('',(11.9842367172241,-35.4735794067383,0.11522015184164));
#734=CARTESIAN_POINT('',(11.9839363098145,-35.3617210388184,-0.299563437700272));
#735=CARTESIAN_POINT('',(11.9684429168701,-36.9597358703613,0.470136344432831));
#736=CARTESIAN_POINT('',(11.9676361083984,-37.0309066772461,0.411980479955673));
#737=CARTESIAN_POINT('',(12.0839328765869,-25.3207759857178,0.330659300088882));
#738=CARTESIAN_POINT('',(12.0870704650879,-24.9495868682861,0.405840665102005));
#739=CARTESIAN_POINT('',(12.0852394104004,-25.1677837371826,0.379577159881592));
#740=CARTESIAN_POINT('',(12.1360816955566,-16.5646095275879,0.50875324010849));
#741=CARTESIAN_POINT('',(12.1359386444092,-16.6234683990479,0.49500697851181));
#742=CARTESIAN_POINT('',(12.1369113922119,-16.3530292510986,-0.472319036722183));
#743=CARTESIAN_POINT('',(12.1351594924927,-16.9265804290771,0.352499276399612));
#744=CARTESIAN_POINT('',(12.134822845459,-17.0510902404785,0.247977063059807));
#745=CARTESIAN_POINT('',(12.1344108581543,-17.199405670166,0.0694881677627563));
#746=CARTESIAN_POINT('',(12.1340951919556,-17.3141555786133,-0.170282661914825));
#747=CARTESIAN_POINT('',(12.1370820999146,-16.1192836761475,0.504935026168823));
#748=CARTESIAN_POINT('',(12.1378421783447,-15.7394428253174,0.322249919176102));
#749=CARTESIAN_POINT('',(12.1396713256836,-15.3473329544067,-0.438237100839615));
#750=CARTESIAN_POINT('',(12.1384029388428,-15.457275390625,-0.0142205469310284));
#751=CARTESIAN_POINT('',(12.1340131759644,-17.3488731384277,-0.324639409780502));
#752=CARTESIAN_POINT('',(12.1342620849609,-17.3584747314453,-0.506365656852722));
#753=CARTESIAN_POINT('',(12.1309099197388,-18.2063179016113,-0.512196719646454));
#754=CARTESIAN_POINT('',(12.1208248138428,-20.2070293426514,-0.392331153154373));
#755=CARTESIAN_POINT('',(12.1205434799194,-20.2177295684814,-0.567732691764832));
#756=CARTESIAN_POINT('',(12.1261949539185,-19.2121753692627,-0.539971768856049));
#757=CARTESIAN_POINT('',(12.1225633621216,-19.902774810791,0.182652279734612));
#758=CARTESIAN_POINT('',(12.1231689453125,-19.7913932800293,0.275715440511703));
#759=CARTESIAN_POINT('',(12.1402044296265,-14.5000419616699,-0.413243591785431));
#760=CARTESIAN_POINT('',(12.1390285491943,-13.4948654174805,-0.370664715766907));
#761=CARTESIAN_POINT('',(12.1364030838013,-11.6428070068359,-0.287726581096649));
#762=CARTESIAN_POINT('',(12.1386671066284,-12.489483833313,-0.328096121549606));
#763=CARTESIAN_POINT('',(12.1391763687134,-14.431303024292,-0.00967483222484589));
#764=CARTESIAN_POINT('',(12.138973236084,-14.2183294296265,0.326904118061066));
#765=CARTESIAN_POINT('',(12.1387205123901,-13.9086751937866,0.548592090606689));
#766=CARTESIAN_POINT('',(12.1386070251465,-13.7819128036499,0.594673752784729));
#767=CARTESIAN_POINT('',(12.1380739212036,-13.2902336120605,0.615438580513));
#768=CARTESIAN_POINT('',(12.1383581161499,-13.5344171524048,0.63318943977356));
#769=CARTESIAN_POINT('',(12.1372528076172,-12.5910243988037,0.0658846721053123));
#770=CARTESIAN_POINT('',(12.1374855041504,-12.8294973373413,0.382743000984192));
#771=CARTESIAN_POINT('',(12.1379041671753,-13.1551475524902,0.578570485115051));
#772=CARTESIAN_POINT('',(12.1248483657837,-19.472972869873,0.424696147441864));
#773=CARTESIAN_POINT('',(12.1217088699341,-20.0556125640869,0.00129464990459383));
#774=CARTESIAN_POINT('',(12.1210508346558,-20.1697578430176,-0.232543259859085));
#775=CARTESIAN_POINT('',(12.1131715774536,-21.4574222564697,0.208762288093567));
#776=CARTESIAN_POINT('',(12.1088781356812,-22.0718288421631,-0.577391028404236));
#777=CARTESIAN_POINT('',(12.1135702133179,-21.3956165313721,0.15541635453701));
#778=CARTESIAN_POINT('',(12.1149501800537,-21.1759662628174,-0.130017027258873));
#779=CARTESIAN_POINT('',(12.0946578979492,-23.9252758026123,-0.590820848941803));
#780=CARTESIAN_POINT('',(12.1010761260986,-23.0774631500244,-0.597864210605621));
#781=CARTESIAN_POINT('',(12.1152715682983,-21.0658626556396,-0.556853532791138));
#782=CARTESIAN_POINT('',(12.1076278686523,-22.2777271270752,0.39602330327034));
#783=CARTESIAN_POINT('',(12.0791673660278,-25.8537902832031,-0.202836543321609));
#784=CARTESIAN_POINT('',(12.0944423675537,-24.0184154510498,-0.174827218055725));
#785=CARTESIAN_POINT('',(12.0926275253296,-24.258321762085,0.147902637720108));
#786=CARTESIAN_POINT('',(12.0901050567627,-24.5780487060547,0.345264136791229));
#787=CARTESIAN_POINT('',(12.0893421173096,-24.6727771759033,0.375022113323212));
#788=CARTESIAN_POINT('',(12.1106901168823,-21.8341312408447,0.391391545534134));
#789=CARTESIAN_POINT('',(12.102972984314,-22.9103374481201,-0.0321865417063236));
#790=CARTESIAN_POINT('',(12.1020574569702,-23.0260105133057,-0.263545036315918));
#791=CARTESIAN_POINT('',(12.1303052902222,-18.3163166046143,-0.087511233985424));
#792=CARTESIAN_POINT('',(12.1290483474731,-18.5983734130859,0.249870240688324));
#793=CARTESIAN_POINT('',(12.1251182556152,-19.4201793670654,0.436668992042542));
#794=CARTESIAN_POINT('',(12.1272993087769,-18.9766693115234,0.432703375816345));
#795=CARTESIAN_POINT('',(12.1017723083496,-23.060001373291,-0.394196897745132));
#796=CARTESIAN_POINT('',(12.1041574478149,-22.7551136016846,0.148403286933899));
#797=CARTESIAN_POINT('',(12.1050157546997,-22.6396446228027,0.24250727891922));
#798=CARTESIAN_POINT('',(-6.78968286514282,30.807918548584,7.5956335067749));
#799=CARTESIAN_POINT('',(10.9714870452881,15.6179685592651,7.37702608108521));
#800=CARTESIAN_POINT('',(10.9587850570679,15.7846174240112,7.02310514450073));
#801=CARTESIAN_POINT('',(10.9627838134766,15.7184343338013,7.25264167785645));
#802=CARTESIAN_POINT('',(6.90642213821411,31.0010681152344,7.46269559860229));
#803=CARTESIAN_POINT('',(6.72908973693848,31.2089252471924,7.70500659942627));
#804=CARTESIAN_POINT('',(6.92708587646484,30.9450187683105,7.70564651489258));
#805=CARTESIAN_POINT('',(6.96353530883789,30.8960590362549,7.69058322906494));
#806=CARTESIAN_POINT('',(7.20785856246948,30.5795497894287,7.32848262786865));
#807=CARTESIAN_POINT('',(7.22289276123047,30.5693912506104,7.21487855911255));
#808=CARTESIAN_POINT('',(6.59714365005493,31.9604434967041,2.73702836036682));
#809=CARTESIAN_POINT('',(6.58172416687012,31.4058284759521,7.59498882293701));
#810=CARTESIAN_POINT('',(6.47589540481567,31.5727958679199,7.23608732223511));
#811=CARTESIAN_POINT('',(6.5717568397522,31.4194526672363,7.58177661895752));
#812=CARTESIAN_POINT('',(7.71281147003174,30.2840976715088,2.4537832736969));
#813=CARTESIAN_POINT('',(7.60717582702637,30.4719333648682,2.48597550392151));
#814=CARTESIAN_POINT('',(7.11339902877808,31.2696838378906,2.62111902236938));
#815=CARTESIAN_POINT('',(7.50418424606323,30.0698356628418,7.59263563156128));
#816=CARTESIAN_POINT('',(7.61887884140015,29.8577156066895,7.69465398788452));
#817=CARTESIAN_POINT('',(7.70650672912598,29.6978244781494,7.70065832138062));
#818=CARTESIAN_POINT('',(6.49418115615845,31.5303688049316,7.42249011993408));
#819=CARTESIAN_POINT('',(7.9438591003418,29.27659034729,7.36504888534546));
#820=CARTESIAN_POINT('',(7.85113143920898,29.4456787109375,7.50140333175659));
#821=CARTESIAN_POINT('',(7.89560079574585,29.3568458557129,7.51131200790405));
#822=CARTESIAN_POINT('',(7.19414377212524,30.5942039489746,7.38371229171753));
#823=CARTESIAN_POINT('',(7.0866961479187,30.7312641143799,7.589439868927));
#824=CARTESIAN_POINT('',(7.13467311859131,30.6681175231934,7.52155208587646));
#825=CARTESIAN_POINT('',(5.13456869125366,33.2786483764648,2.96392965316772));
#826=CARTESIAN_POINT('',(5.13680219650269,32.774974822998,7.56435108184814));
#827=CARTESIAN_POINT('',(5.1993350982666,32.7238235473633,7.61661100387573));
#828=CARTESIAN_POINT('',(5.34857892990112,32.6025886535645,7.69519233703613));
#829=CARTESIAN_POINT('',(5.46252727508545,32.509033203125,7.72586822509766));
#830=CARTESIAN_POINT('',(5.72963380813599,32.2820892333984,7.72862720489502));
#831=CARTESIAN_POINT('',(5.74912643432617,32.2651138305664,7.72464609146118));
#832=CARTESIAN_POINT('',(6.15238428115845,31.9127178192139,7.39342975616455));
#833=CARTESIAN_POINT('',(6.19302368164062,31.888355255127,7.23260116577148));
#834=CARTESIAN_POINT('',(6.02506351470947,32.0212135314941,7.57805013656616));
#835=CARTESIAN_POINT('',(5.9919228553772,32.050594329834,7.60736274719238));
#836=CARTESIAN_POINT('',(6.48693990707397,32.089786529541,2.75875520706177));
#837=CARTESIAN_POINT('',(5.25942993164062,33.1932907104492,2.94870018959045));
#838=CARTESIAN_POINT('',(5.01655435562134,32.8938980102539,7.25378847122192));
#839=CARTESIAN_POINT('',(7.86415672302246,29.412281036377,7.5704140663147));
#840=CARTESIAN_POINT('',(8.33383750915527,28.4395141601562,7.19039440155029));
#841=CARTESIAN_POINT('',(8.19427108764648,28.7148303985596,7.60442066192627));
#842=CARTESIAN_POINT('',(8.2613353729248,28.5541934967041,7.6741099357605));
#843=CARTESIAN_POINT('',(8.28488063812256,28.4985542297363,7.68295955657959));
#844=CARTESIAN_POINT('',(8.11602306365967,29.4968776702881,2.26799273490906));
#845=CARTESIAN_POINT('',(8.53707885742188,27.9352016448975,7.17939376831055));
#846=CARTESIAN_POINT('',(8.38179874420166,28.9154472351074,2.01760840415955));
#847=CARTESIAN_POINT('',(8.65473747253418,27.6204681396484,7.18287038803101));
#848=CARTESIAN_POINT('',(8.71356201171875,28.1004753112793,1.56847155094147));
#849=CARTESIAN_POINT('',(7.81488418579102,30.095178604126,2.42132449150085));
#850=CARTESIAN_POINT('',(8.17165660858154,28.7704906463623,7.55957937240601));
#851=CARTESIAN_POINT('',(8.11445236206055,28.9369812011719,7.20061349868774));
#852=CARTESIAN_POINT('',(8.12969589233398,28.8789958953857,7.41972684860229));
#853=CARTESIAN_POINT('',(8.84843730926514,27.0391502380371,7.41285181045532));
#854=CARTESIAN_POINT('',(8.85639953613281,26.9879245758057,7.65103769302368));
#855=CARTESIAN_POINT('',(8.8819055557251,26.91379737854,7.62442684173584));
#856=CARTESIAN_POINT('',(8.93105125427246,26.7732982635498,7.52973747253418));
#857=CARTESIAN_POINT('',(8.95168113708496,26.7158718109131,7.46749305725098));
#858=CARTESIAN_POINT('',(8.98106575012207,26.6395359039307,7.32151126861572));
#859=CARTESIAN_POINT('',(8.48690128326416,28.0297203063965,7.4809947013855));
#860=CARTESIAN_POINT('',(8.52032470703125,27.9594326019287,7.34700918197632));
#861=CARTESIAN_POINT('',(7.74548959732056,29.6266918182373,7.68805027008057));
#862=CARTESIAN_POINT('',(7.77762842178345,29.5681743621826,7.66925811767578));
#863=CARTESIAN_POINT('',(7.95341491699219,29.2629337310791,7.31457471847534));
#864=CARTESIAN_POINT('',(8.52896976470947,27.9439945220947,7.28644752502441));
#865=CARTESIAN_POINT('',(7.96539783477783,29.2518692016602,7.19713926315308));
#866=CARTESIAN_POINT('',(8.36514759063721,28.3096923828125,7.66989994049072));
#867=CARTESIAN_POINT('',(8.39759922027588,28.2338542938232,7.6437406539917));
#868=CARTESIAN_POINT('',(8.45779991149902,28.0950984954834,7.5523157119751));
#869=CARTESIAN_POINT('',(8.72071647644043,27.390266418457,7.59204053878784));
#870=CARTESIAN_POINT('',(8.77273368835449,27.2341423034668,7.65661382675171));
#871=CARTESIAN_POINT('',(5.11590766906738,32.7922592163086,7.54302740097046));
#872=CARTESIAN_POINT('',(3.64099669456482,34.0637092590332,3.10833644866943));
#873=CARTESIAN_POINT('',(4.48903369903564,33.6662406921387,3.03424835205078));
#874=CARTESIAN_POINT('',(-5.45040416717529,32.3142547607422,7.72243785858154));
#875=CARTESIAN_POINT('',(-5.15283250808716,32.5625839233398,7.7253246307373));
#876=CARTESIAN_POINT('',(-4.82636260986328,33.3425025939941,2.94745135307312));
#877=CARTESIAN_POINT('',(-5.89012575149536,31.9486827850342,7.23224782943726));
#878=CARTESIAN_POINT('',(-5.83907556533813,31.9797592163086,7.42199468612671));
#879=CARTESIAN_POINT('',(-5.71359825134277,32.0860214233398,7.58574724197388));
#880=CARTESIAN_POINT('',(-5.10120105743408,32.6042938232422,7.71408176422119));
#881=CARTESIAN_POINT('',(-4.88690042495728,32.7751159667969,7.61616992950439));
#882=CARTESIAN_POINT('',(-6.17650651931763,31.6360626220703,7.23313283920288));
#883=CARTESIAN_POINT('',(-5.19897127151489,33.0687561035156,2.8971254825592));
#884=CARTESIAN_POINT('',(-4.82839775085449,32.8220138549805,7.56763362884521));
#885=CARTESIAN_POINT('',(-4.82565021514893,32.8242340087891,7.56500625610352));
#886=CARTESIAN_POINT('',(-4.76658868789673,32.8826141357422,7.40930652618408));
#887=CARTESIAN_POINT('',(-4.72184467315674,32.9129638671875,7.40934324264526));
#888=CARTESIAN_POINT('',(-4.71780967712402,32.917049407959,7.39713716506958));
#889=CARTESIAN_POINT('',(-3.83463478088379,33.3960800170898,7.60780668258667));
#890=CARTESIAN_POINT('',(-3.30584359169006,33.6084480285645,7.73651361465454));
#891=CARTESIAN_POINT('',(-3.01674842834473,34.2156791687012,3.1207971572876));
#892=CARTESIAN_POINT('',(-4.70431613922119,32.9425315856934,7.25092124938965));
#893=CARTESIAN_POINT('',(-3.95081186294556,33.8433876037598,3.04400181770325));
#894=CARTESIAN_POINT('',(-6.18075275421143,31.6231021881104,7.30517244338989));
#895=CARTESIAN_POINT('',(-6.17823553085327,31.6231880187988,7.33017778396606));
#896=CARTESIAN_POINT('',(-6.40427207946777,31.8680591583252,2.68516993522644));
#897=CARTESIAN_POINT('',(-6.93311452865601,30.6400737762451,7.21444606781006));
#898=CARTESIAN_POINT('',(-6.89088439941406,30.6798515319824,7.42289972305298));
#899=CARTESIAN_POINT('',(-6.44857120513916,31.2543849945068,7.70967578887939));
#900=CARTESIAN_POINT('',(-6.37440967559814,31.3506832122803,7.67723655700684));
#901=CARTESIAN_POINT('',(-6.28471851348877,31.4686145782471,7.59602737426758));
#902=CARTESIAN_POINT('',(-6.23225498199463,31.5398082733154,7.5146427154541));
#903=CARTESIAN_POINT('',(-6.18499660491943,31.6101303100586,7.3772120475769));
#904=CARTESIAN_POINT('',(5.03091955184937,32.8675384521484,7.40185642242432));
#905=CARTESIAN_POINT('',(0.595213711261749,34.2010726928711,7.4247670173645));
#906=CARTESIAN_POINT('',(1.15272331237793,34.1568641662598,7.5128436088562));
#907=CARTESIAN_POINT('',(1.41029489040375,34.638484954834,3.21907544136047));
#908=CARTESIAN_POINT('',(1.40509760379791,34.1269416809082,7.55577087402344));
#909=CARTESIAN_POINT('',(1.76138186454773,34.5884170532227,3.20928239822388));
#910=CARTESIAN_POINT('',(1.91196000576019,34.0483283996582,7.63710784912109));
#911=CARTESIAN_POINT('',(2.20990252494812,33.9902763366699,7.67895984649658));
#912=CARTESIAN_POINT('',(4.24612236022949,33.3147583007812,7.5609188079834));
#913=CARTESIAN_POINT('',(4.4527006149292,33.2261962890625,7.38014268875122));
#914=CARTESIAN_POINT('',(2.72029232978821,34.3775482177734,3.16828179359436));
#915=CARTESIAN_POINT('',(3.0239155292511,33.7807731628418,7.75306463241577));
#916=CARTESIAN_POINT('',(3.36528205871582,34.169734954834,3.12843036651611));
#917=CARTESIAN_POINT('',(3.36869049072266,33.6678428649902,7.7546854019165));
#918=CARTESIAN_POINT('',(3.75379920005798,33.5237770080566,7.71934080123901));
#919=CARTESIAN_POINT('',(4.1566596031189,33.3542366027832,7.60605716705322));
#920=CARTESIAN_POINT('',(0.758735537528992,34.6960601806641,3.23020577430725));
#921=CARTESIAN_POINT('',(-3.02325320243835,33.7082557678223,7.75524187088013));
#922=CARTESIAN_POINT('',(-2.7260890007019,33.8023223876953,7.75375080108643));
#923=CARTESIAN_POINT('',(-2.34068703651428,34.4076995849609,3.16267728805542));
#924=CARTESIAN_POINT('',(-2.47935128211975,33.8721771240234,7.74052715301514));
#925=CARTESIAN_POINT('',(-1.87703621387482,34.0128364562988,7.6774582862854));
#926=CARTESIAN_POINT('',(-1.30259668827057,34.604061126709,3.20736813545227));
#927=CARTESIAN_POINT('',(-1.27478742599487,34.1138153076172,7.58830785751343));
#928=CARTESIAN_POINT('',(-1.07915997505188,34.6329498291016,3.21403646469116));
#929=CARTESIAN_POINT('',(-1.08107650279999,34.1386566162109,7.5566234588623));
#930=CARTESIAN_POINT('',(-0.261564433574677,34.7002754211426,3.22977495193481));
#931=CARTESIAN_POINT('',(-0.0951618552207947,34.2123908996582,7.40078496932983));
#932=CARTESIAN_POINT('',(8.79269790649414,27.1750774383545,7.6655535697937));
#933=CARTESIAN_POINT('',(8.70228862762451,27.4471130371094,7.54828500747681));
#934=CARTESIAN_POINT('',(10.5957956314087,18.829740524292,7.36214160919189));
#935=CARTESIAN_POINT('',(10.6089115142822,18.7501487731934,7.21449756622314));
#936=CARTESIAN_POINT('',(10.5453453063965,19.2282657623291,7.06835269927979));
#937=CARTESIAN_POINT('',(10.6116542816162,18.7361354827881,7.16003179550171));
#938=CARTESIAN_POINT('',(10.6143808364868,18.7275295257568,7.06029081344604));
#939=CARTESIAN_POINT('',(10.4785623550415,19.6629734039307,7.30463552474976));
#940=CARTESIAN_POINT('',(10.4913110733032,19.5616722106934,7.43034553527832));
#941=CARTESIAN_POINT('',(10.5020055770874,19.4810638427734,7.49322462081909));
#942=CARTESIAN_POINT('',(10.5205039978027,19.3463230133057,7.55078077316284));
#943=CARTESIAN_POINT('',(10.5874338150024,18.8839893341064,7.42221736907959));
#944=CARTESIAN_POINT('',(10.5313282012939,19.2692241668701,7.56299781799316));
#945=CARTESIAN_POINT('',(10.4727754592896,19.7284927368164,7.07636451721191));
#946=CARTESIAN_POINT('',(10.5657243728638,19.0296058654785,7.52270078659058));
#947=CARTESIAN_POINT('',(10.5557880401611,19.0979290008545,7.54723787307739));
#948=CARTESIAN_POINT('',(10.2029094696045,21.3798294067383,7.25009727478027));
#949=CARTESIAN_POINT('',(10.2064609527588,21.3658485412598,7.19585704803467));
#950=CARTESIAN_POINT('',(10.1202507019043,21.8581809997559,7.10388469696045));
#951=CARTESIAN_POINT('',(10.2100067138672,21.3571834564209,7.09577465057373));
#952=CARTESIAN_POINT('',(10.2639141082764,21.0433483123779,7.09411668777466));
#953=CARTESIAN_POINT('',(10.3466682434082,20.5431537628174,7.08610916137695));
#954=CARTESIAN_POINT('',(10.2704849243164,20.9781913757324,7.32172298431396));
#955=CARTESIAN_POINT('',(10.2850856781006,20.8764476776123,7.44815158843994));
#956=CARTESIAN_POINT('',(10.29714012146,20.7967967987061,7.51044511795044));
#957=CARTESIAN_POINT('',(10.3183822631836,20.6611232757568,7.56858348846436));
#958=CARTESIAN_POINT('',(10.3306341171265,20.5846138000488,7.58074808120728));
#959=CARTESIAN_POINT('',(10.4192342758179,20.0649223327637,7.23229122161865));
#960=CARTESIAN_POINT('',(10.4223604202271,20.0509223937988,7.17792272567749));
#961=CARTESIAN_POINT('',(10.4254693984985,20.0422954559326,7.07804107666016));
#962=CARTESIAN_POINT('',(10.4043521881104,20.1441059112549,7.3793568611145));
#963=CARTESIAN_POINT('',(10.6720066070557,18.2470149993896,7.41257476806641));
#964=CARTESIAN_POINT('',(10.7562761306763,17.5692367553711,7.40446615219116));
#965=CARTESIAN_POINT('',(10.7635688781738,17.5153961181641,7.34482049942017));
#966=CARTESIAN_POINT('',(10.7271108627319,17.8300952911377,7.22757911682129));
#967=CARTESIAN_POINT('',(10.8725528717041,16.5988788604736,7.03284168243408));
#968=CARTESIAN_POINT('',(10.8208894729614,17.0331172943115,7.27011966705322));
#969=CARTESIAN_POINT('',(10.8306570053101,16.9324550628662,7.39479207992554));
#970=CARTESIAN_POINT('',(10.8390445709229,16.8505840301514,7.45844125747681));
#971=CARTESIAN_POINT('',(10.8532266616821,16.7170429229736,7.51511812210083));
#972=CARTESIAN_POINT('',(10.8616943359375,16.6391429901123,7.52736520767212));
#973=CARTESIAN_POINT('',(11.0161924362183,15.1541404724121,7.49377298355103));
#974=CARTESIAN_POINT('',(11.0232162475586,15.0848722457886,7.46895456314087));
#975=CARTESIAN_POINT('',(10.8164072036743,17.099142074585,7.04086875915527));
#976=CARTESIAN_POINT('',(11.0383224487305,14.9400815963745,7.3689398765564));
#977=CARTESIAN_POINT('',(11.0440950393677,14.8867244720459,7.30986452102661));
#978=CARTESIAN_POINT('',(10.9220027923584,16.1209278106689,7.17893266677856));
#979=CARTESIAN_POINT('',(10.9241638183594,16.1068630218506,7.12412595748901));
#980=CARTESIAN_POINT('',(10.9262943267822,16.0983448028564,7.02476119995117));
#981=CARTESIAN_POINT('',(10.7799596786499,17.4128894805908,7.04253244400024));
#982=CARTESIAN_POINT('',(10.7751436233521,17.435489654541,7.19669342041016));
#983=CARTESIAN_POINT('',(10.6814546585083,18.1656875610352,7.47589540481567));
#984=CARTESIAN_POINT('',(10.6975803375244,18.0316352844238,7.53293371200562));
#985=CARTESIAN_POINT('',(10.7071199417114,17.9540710449219,7.54517793655396));
#986=CARTESIAN_POINT('',(10.7285041809082,17.7832336425781,7.52938938140869));
#987=CARTESIAN_POINT('',(10.7372713088989,17.7144908905029,7.50473308563232));
#988=CARTESIAN_POINT('',(10.8805847167969,16.4686450958252,7.51158857345581));
#989=CARTESIAN_POINT('',(10.8883867263794,16.3995876312256,7.48681926727295));
#990=CARTESIAN_POINT('',(10.9052267074585,16.2546119689941,7.38668870925903));
#991=CARTESIAN_POINT('',(10.911675453186,16.2010478973389,7.32738733291626));
#992=CARTESIAN_POINT('',(10.77756690979,17.421443939209,7.14204072952271));
#993=CARTESIAN_POINT('',(10.3947219848633,20.1988563537598,7.44000816345215));
#994=CARTESIAN_POINT('',(10.3586263656616,20.4127655029297,7.56505489349365));
#995=CARTESIAN_POINT('',(10.3699445724487,20.3445301055908,7.54051828384399));
#996=CARTESIAN_POINT('',(9.23314094543457,25.8048248291016,7.15721607208252));
#997=CARTESIAN_POINT('',(9.36006736755371,25.3198699951172,7.28474187850952));
#998=CARTESIAN_POINT('',(9.36859893798828,25.3028354644775,7.1490330696106));
#999=CARTESIAN_POINT('',(9.44886779785156,24.9888687133789,7.14738702774048));
#1000=CARTESIAN_POINT('',(9.68217277526855,23.9961776733398,7.23182773590088));
#1001=CARTESIAN_POINT('',(9.68675231933594,23.9874324798584,7.13128900527954));
#1002=CARTESIAN_POINT('',(9.57094383239746,24.4889087677002,7.13942813873291));
#1003=CARTESIAN_POINT('',(9.54691600799561,24.5327987670898,7.63405084609985));
#1004=CARTESIAN_POINT('',(9.58872032165527,24.3582286834717,7.61855125427246));
#1005=CARTESIAN_POINT('',(9.6052417755127,24.2904052734375,7.59409856796265));
#1006=CARTESIAN_POINT('',(9.3213529586792,25.442346572876,7.49353742599487));
#1007=CARTESIAN_POINT('',(9.64164066314697,24.1444625854492,7.49349975585938));
#1008=CARTESIAN_POINT('',(9.65638256072998,24.0872459411621,7.42991256713867));
#1009=CARTESIAN_POINT('',(9.67762851715088,24.010124206543,7.28574848175049));
#1010=CARTESIAN_POINT('',(9.45832252502441,24.9254970550537,7.37173700332642));
#1011=CARTESIAN_POINT('',(9.48040771484375,24.8215847015381,7.50163316726685));
#1012=CARTESIAN_POINT('',(9.49716567993164,24.7466487884521,7.56086492538452));
#1013=CARTESIAN_POINT('',(9.52956008911133,24.6063899993896,7.62204027175903));
#1014=CARTESIAN_POINT('',(9.71574306488037,23.8574810028076,7.13167905807495));
#1015=CARTESIAN_POINT('',(9.18446731567383,25.9222087860107,7.63985347747803));
#1016=CARTESIAN_POINT('',(9.19461154937744,25.8856410980225,7.64735269546509));
#1017=CARTESIAN_POINT('',(9.12644863128662,26.1369171142578,7.51958322525024));
#1018=CARTESIAN_POINT('',(9.13732814788818,26.0956172943115,7.55488157272339));
#1019=CARTESIAN_POINT('',(8.70044898986816,27.45285987854,7.54304313659668));
#1020=CARTESIAN_POINT('',(8.66779232025146,27.5590076446533,7.40833330154419));
#1021=CARTESIAN_POINT('',(9.25412559509277,25.6739177703857,7.63646221160889));
#1022=CARTESIAN_POINT('',(9.2640962600708,25.6389236450195,7.62531614303589));
#1023=CARTESIAN_POINT('',(8.98617553710938,26.6283264160156,7.27708721160889));
#1024=CARTESIAN_POINT('',(8.99318790435791,26.6185302734375,7.16677808761597));
#1025=CARTESIAN_POINT('',(9.08890151977539,26.304479598999,7.16512537002563));
#1026=CARTESIAN_POINT('',(9.09612560272217,26.2585353851318,7.3559627532959));
#1027=CARTESIAN_POINT('',(9.1161527633667,26.9386501312256,0.848535656929016));
#1028=CARTESIAN_POINT('',(10.1467714309692,21.6596145629883,7.55836200714111));
#1029=CARTESIAN_POINT('',(10.1749877929688,21.5138702392578,7.45783376693726));
#1030=CARTESIAN_POINT('',(10.1860799789429,21.4584770202637,7.39639949798584));
#1031=CARTESIAN_POINT('',(9.95680236816406,22.6948947906494,7.26790904998779));
#1032=CARTESIAN_POINT('',(9.96082496643066,22.6809329986572,7.21379852294922));
#1033=CARTESIAN_POINT('',(9.8629207611084,23.173376083374,7.12164306640625));
#1034=CARTESIAN_POINT('',(9.96485328674316,22.6722221374512,7.11354637145996));
#1035=CARTESIAN_POINT('',(10.1339101791382,21.727746963501,7.5828652381897));
#1036=CARTESIAN_POINT('',(10.0261278152466,22.3583507537842,7.1118631362915));
#1037=CARTESIAN_POINT('',(10.0335483551025,22.2936458587646,7.33865785598755));
#1038=CARTESIAN_POINT('',(10.0502462387085,22.1913528442383,7.46595859527588));
#1039=CARTESIAN_POINT('',(10.0637521743774,22.1128940582275,7.5274920463562));
#1040=CARTESIAN_POINT('',(10.0881252288818,21.9760570526123,7.58639669418335));
#1041=CARTESIAN_POINT('',(10.1019287109375,21.9002933502197,7.59851408004761));
#1042=CARTESIAN_POINT('',(9.79860591888428,23.429407119751,7.54435920715332));
#1043=CARTESIAN_POINT('',(9.82653522491455,23.2911396026611,7.60421371459961));
#1044=CARTESIAN_POINT('',(9.84200286865234,23.2162895202637,7.61628818511963));
#1045=CARTESIAN_POINT('',(9.87846851348877,23.0428924560547,7.60069274902344));
#1046=CARTESIAN_POINT('',(9.89303970336914,22.9748725891113,7.57619667053223));
#1047=CARTESIAN_POINT('',(9.92507934570312,22.8290729522705,7.47565746307373));
#1048=CARTESIAN_POINT('',(9.93785762786865,22.7728462219238,7.41326427459717));
#1049=CARTESIAN_POINT('',(9.75618648529053,23.6735191345215,7.12962627410889));
#1050=CARTESIAN_POINT('',(9.76452159881592,23.6093597412109,7.35540342330933));
#1051=CARTESIAN_POINT('',(9.7835807800293,23.5063991546631,7.48378849029541));
#1052=CARTESIAN_POINT('',(9.18064498901367,25.1770629882812,-1.01625537872314));
#1053=CARTESIAN_POINT('',(8.63668632507324,27.0770015716553,0.417798042297363));
#1054=CARTESIAN_POINT('',(0.0174659658223391,34.0312690734863,7.65820121765137));
#1055=CARTESIAN_POINT('',(0.365265876054764,33.6146087646484,7.74314594268799));
#1056=CARTESIAN_POINT('',(4.11424970626831,31.011661529541,2.45786952972412));
#1057=CARTESIAN_POINT('',(4.30028486251831,30.9651718139648,2.43719458580017));
#1058=CARTESIAN_POINT('',(4.0838360786438,30.8952522277832,2.4469358921051));
#1059=CARTESIAN_POINT('',(5.35949182510376,30.6549835205078,2.29495549201965));
#1060=CARTESIAN_POINT('',(6.19705247879028,30.1571979522705,2.1212694644928));
#1061=CARTESIAN_POINT('',(5.7424750328064,30.5231113433838,2.23214530944824));
#1062=CARTESIAN_POINT('',(7.25783777236938,29.8893795013428,1.90885806083679));
#1063=CARTESIAN_POINT('',(0.592906832695007,31.3838787078857,2.6451473236084));
#1064=CARTESIAN_POINT('',(1.22198939323425,31.4455070495605,2.64313673973083));
#1065=CARTESIAN_POINT('',(1.82503950595856,31.3058948516846,2.61442351341248));
#1066=CARTESIAN_POINT('',(7.19509029388428,29.6632099151611,1.88497853279114));
#1067=CARTESIAN_POINT('',(7.59962844848633,29.4247741699219,1.7673100233078));
#1068=CARTESIAN_POINT('',(7.91996717453003,28.9618721008301,1.55548810958862));
#1069=CARTESIAN_POINT('',(2.87748050689697,31.2625102996826,2.56664514541626));
#1070=CARTESIAN_POINT('',(3.43008136749268,31.1627674102783,2.52396893501282));
#1071=CARTESIAN_POINT('',(-3.59512901306152,31.0333194732666,2.46745228767395));
#1072=CARTESIAN_POINT('',(-3.3003568649292,31.1004123687744,2.49693131446838));
#1073=CARTESIAN_POINT('',(-3.09251189231873,31.0315132141113,2.50358581542969));
#1074=CARTESIAN_POINT('',(-1.85481119155884,31.3479156494141,2.60258460044861));
#1075=CARTESIAN_POINT('',(-1.87482082843781,31.2486000061035,2.59163761138916));
#1076=CARTESIAN_POINT('',(-1.50386726856232,31.3877906799316,2.61926746368408));
#1077=CARTESIAN_POINT('',(-0.641616106033325,31.3652534484863,2.63784027099609));
#1078=CARTESIAN_POINT('',(-7.32595539093018,29.4198017120361,1.74231672286987));
#1079=CARTESIAN_POINT('',(-7.26055479049683,29.3791942596436,1.74221324920654));
#1080=CARTESIAN_POINT('',(-7.57009220123291,29.0681838989258,1.60147953033447));
#1081=CARTESIAN_POINT('',(-0.234258502721786,31.4695644378662,2.65299868583679));
#1082=CARTESIAN_POINT('',(1.14496660232544,31.6615219116211,2.65571308135986));
#1083=CARTESIAN_POINT('',(1.14575481414795,31.4499111175537,2.64494061470032));
#1084=CARTESIAN_POINT('',(3.42769837379456,31.3986988067627,2.53641748428345));
#1085=CARTESIAN_POINT('',(3.78619575500488,31.5589637756348,2.51453757286072));
#1086=CARTESIAN_POINT('',(5.35747909545898,30.865779876709,2.30634808540344));
#1087=CARTESIAN_POINT('',(7.16123294830322,30.0693740844727,1.94006609916687));
#1088=CARTESIAN_POINT('',(7.02050065994263,30.0575180053711,1.97126185894012));
#1089=CARTESIAN_POINT('',(-1.50230073928833,31.6075267791748,2.63057947158813));
#1090=CARTESIAN_POINT('',(-3.47446441650391,30.7007160186768,2.39489603042603));
#1091=CARTESIAN_POINT('',(-4.25664663314819,30.7228240966797,2.3737256526947));
#1092=CARTESIAN_POINT('',(-4.65019464492798,30.7447662353516,2.3369038105011));
#1093=CARTESIAN_POINT('',(7.07370471954346,29.4645137786865,1.81750380992889));
#1094=CARTESIAN_POINT('',(6.03094673156738,29.9758434295654,2.06762909889221));
#1095=CARTESIAN_POINT('',(-1.26734566688538,31.0835857391357,2.55533170700073));
#1096=CARTESIAN_POINT('',(4.02040958404541,30.6705150604248,2.38189125061035));
#1097=CARTESIAN_POINT('',(3.92154598236084,30.6961116790771,2.39291167259216));
#1098=CARTESIAN_POINT('',(1.79952144622803,31.0732250213623,2.55111289024353));
#1099=CARTESIAN_POINT('',(1.36014878749847,31.1121730804443,2.56697154045105));
#1100=CARTESIAN_POINT('',(-8.96872711181641,25.1770610809326,-1.01625525951385));
#1101=CARTESIAN_POINT('',(-8.44031620025635,26.9847583770752,0.355328351259232));
#1102=CARTESIAN_POINT('',(-0.628252685070038,31.1315670013428,2.57485103607178));
#1103=CARTESIAN_POINT('',(-7.0702075958252,29.7711181640625,1.84454846382141));
#1104=CARTESIAN_POINT('',(-6.12463760375977,30.2070751190186,2.07538151741028));
#1105=CARTESIAN_POINT('',(-5.38561582565308,30.3196105957031,2.19570398330688));
#1106=CARTESIAN_POINT('',(-5.71568822860718,29.9256420135498,2.04377245903015));
#1107=CARTESIAN_POINT('',(-7.48996639251709,28.9625205993652,1.5558443069458));
#1108=CARTESIAN_POINT('',(-5.29110383987427,30.1065998077393,2.12897610664368));
#1109=CARTESIAN_POINT('',(-1.54007565975189,31.8413524627686,2.6395800113678));
#1110=CARTESIAN_POINT('',(-3.59245133399963,31.2707233428955,2.48014426231384));
#1111=CARTESIAN_POINT('',(1.88967323303223,31.8486728668213,2.64288949966431));
#1112=CARTESIAN_POINT('',(2.56435632705688,33.8767471313477,2.61558365821838));
#1113=CARTESIAN_POINT('',(3.37988638877869,31.6429061889648,2.55112338066101));
#1114=CARTESIAN_POINT('',(3.41370296478271,33.5904884338379,2.55929803848267));
#1115=CARTESIAN_POINT('',(3.76318073272705,33.4397163391113,2.53021955490112));
#1116=CARTESIAN_POINT('',(-3.66595673561096,33.3901062011719,2.49851059913635));
#1117=CARTESIAN_POINT('',(-2.18677687644958,33.9085311889648,2.61065268516541));
#1118=CARTESIAN_POINT('',(-1.22306180000305,34.0867385864258,2.65269684791565));
#1119=CARTESIAN_POINT('',(0.24707493185997,31.9209957122803,2.67642331123352));
#1120=CARTESIAN_POINT('',(1.66737508773804,34.0692596435547,2.65415596961975));
#1121=CARTESIAN_POINT('',(-0.244741529226303,34.1732025146484,2.67367148399353));
#1122=CARTESIAN_POINT('',(-3.04522085189819,31.6245708465576,2.5431182384491));
#1123=CARTESIAN_POINT('',(-3.58899593353271,31.5049953460693,2.49120306968689));
#1124=CARTESIAN_POINT('',(-4.81103992462158,32.6700325012207,2.35918664932251));
#1125=CARTESIAN_POINT('',(-4.38651943206787,31.2822132110596,2.39607715606689));
#1126=CARTESIAN_POINT('',(-5.41413593292236,32.1215171813965,2.25975871086121));
#1127=CARTESIAN_POINT('',(-5.45574140548706,30.8773555755615,2.22703266143799));
#1128=CARTESIAN_POINT('',(0.720357060432434,34.1682205200195,2.67392420768738));
#1129=CARTESIAN_POINT('',(-5.92467737197876,31.5466861724854,2.15790438652039));
#1130=CARTESIAN_POINT('',(1.1440931558609,31.8994636535645,2.66631078720093));
#1131=CARTESIAN_POINT('',(-7.66639995574951,28.925235748291,1.53302836418152));
#1132=CARTESIAN_POINT('',(-7.6284761428833,28.8719921112061,1.5068815946579));
#1133=CARTESIAN_POINT('',(-7.76057195663452,28.7832298278809,1.45837330818176));
#1134=CARTESIAN_POINT('',(-6.64469814300537,30.2404117584229,1.9678258895874));
#1135=CARTESIAN_POINT('',(-6.91470527648926,30.0624561309814,1.89637959003448));
#1136=CARTESIAN_POINT('',(5.53310394287109,32.2683372497559,2.31621241569519));
#1137=CARTESIAN_POINT('',(6.01870489120483,31.7628784179688,2.22919869422913));
#1138=CARTESIAN_POINT('',(5.93329000473022,30.855619430542,2.21807026863098));
#1139=CARTESIAN_POINT('',(6.6017370223999,30.99440574646,2.09864354133606));
#1140=CARTESIAN_POINT('',(7.06125926971436,30.2483158111572,1.97101151943207));
#1141=CARTESIAN_POINT('',(5.53696346282959,31.0241298675537,2.28783321380615));
#1142=CARTESIAN_POINT('',(5.35295248031616,31.0956249237061,2.31766152381897));
#1143=CARTESIAN_POINT('',(4.89058542251587,32.790943145752,2.40908288955688));
#1144=CARTESIAN_POINT('',(4.71955537796021,31.3122863769531,2.40881419181824));
#1145=CARTESIAN_POINT('',(4.18874263763428,33.2266120910645,2.4896867275238));
#1146=CARTESIAN_POINT('',(-5.57380771636963,30.8238697052002,2.20499086380005));
#1147=CARTESIAN_POINT('',(-6.99344635009766,29.9172077178955,1.8705381155014));
#1148=CARTESIAN_POINT('',(-6.32977819442749,30.2128963470459,2.03480458259583));
#1149=CARTESIAN_POINT('',(-5.46066236495972,30.650053024292,2.21564388275146));
#1150=CARTESIAN_POINT('',(-8.03934478759766,28.1086406707764,1.07211589813232));
#1151=CARTESIAN_POINT('',(8.27260875701904,28.1101379394531,1.0729923248291));
#1152=CARTESIAN_POINT('',(-7.19436740875244,30.1704998016357,2.15261101722717));
#1153=CARTESIAN_POINT('',(7.33412599563599,30.360897064209,2.22887396812439));
#1154=CARTESIAN_POINT('',(-11.0205688476562,8.97814655303955,-4.06243467330933));
#1155=CARTESIAN_POINT('',(-10.9158172607422,10.4485330581665,-3.82942700386047));
#1156=CARTESIAN_POINT('',(-11.5877094268799,-2.76515054702759,-5.55987548828125));
#1157=CARTESIAN_POINT('',(-11.4591541290283,0.784625887870789,-5.17962408065796));
#1158=CARTESIAN_POINT('',(-9.02475357055664,24.7195434570312,-1.23398506641388));
#1159=CARTESIAN_POINT('',(-11.3526496887207,3.18348050117493,-4.88610792160034));
#1160=CARTESIAN_POINT('',(-9.87235641479492,20.3082046508789,-2.07519030570984));
#1161=CARTESIAN_POINT('',(-10.1309871673584,18.4816627502441,-2.41915655136108));
#1162=CARTESIAN_POINT('',(-10.5876770019531,14.3395147323608,-3.17217898368835));
#1163=CARTESIAN_POINT('',(-4.05910778045654,30.0332527160645,2.09470081329346));
#1164=CARTESIAN_POINT('',(-10.6295537948608,13.8923358917236,-3.25047302246094));
#1165=CARTESIAN_POINT('',(-9.65026760101318,21.6566143035889,-1.81862258911133));
#1166=CARTESIAN_POINT('',(-11.5955257415771,-41.869758605957,-5.83140468597412));
#1167=CARTESIAN_POINT('',(11.1621389389038,-41.9836044311523,-5.82483005523682));
#1168=POLY_LOOP('',(#14,#15,#16));
#1169=FACE_OUTER_BOUND('',#1168,.T.);
#1170=DIRECTION('',(-0.004952834727004633,-0.9911978075428203,0.13229654474124752));
#1171=DIRECTION('',(-0.40803892139331277,-0.11878002902229799,-0.9052046969242061));
#1172=AXIS2_PLACEMENT_3D('',#14,#1170,#1171);
#1173=PLANE('',#1172);
#1174=FACE_SURFACE('',(#1169),#1173,.T.);
#1175=POLY_LOOP('',(#17,#18,#19));
#1176=FACE_OUTER_BOUND('',#1175,.T.);
#1177=DIRECTION('',(-0.9949120997201373,0.10022773291842145,0.010213490319233152));
#1178=DIRECTION('',(0.062475709025390624,0.693323458288712,-0.7179132036453678));
#1179=AXIS2_PLACEMENT_3D('',#17,#1177,#1178);
#1180=PLANE('',#1179);
#1181=FACE_SURFACE('',(#1176),#1180,.T.);
#1182=POLY_LOOP('',(#19,#18,#20));
#1183=FACE_OUTER_BOUND('',#1182,.T.);
#1184=DIRECTION('',(-0.9949122821811783,0.10022543010723887,0.01021831321002596));
#1185=DIRECTION('',(0.09479205165422945,0.8969473364267615,0.4318563911998061));
#1186=AXIS2_PLACEMENT_3D('',#19,#1184,#1185);
#1187=PLANE('',#1186);
#1188=FACE_SURFACE('',(#1183),#1187,.T.);
#1189=POLY_LOOP('',(#21,#22,#19));
#1190=FACE_OUTER_BOUND('',#1189,.T.);
#1191=DIRECTION('',(-0.9950559390980669,0.09874633042885206,0.010622631147708419));
#1192=DIRECTION('',(0.09809611507494864,0.9939081075585173,-0.0502376943803089));
#1193=AXIS2_PLACEMENT_3D('',#21,#1191,#1192);
#1194=PLANE('',#1193);
#1195=FACE_SURFACE('',(#1190),#1194,.T.);
#1196=POLY_LOOP('',(#19,#22,#23));
#1197=FACE_OUTER_BOUND('',#1196,.T.);
#1198=DIRECTION('',(-0.9949831861876939,0.0994785382933364,0.010605641084161224));
#1199=DIRECTION('',(0.012847226774038625,0.021919876152354655,0.9996771817910429));
#1200=AXIS2_PLACEMENT_3D('',#19,#1198,#1199);
#1201=PLANE('',#1200);
#1202=FACE_SURFACE('',(#1197),#1201,.T.);
#1203=POLY_LOOP('',(#19,#23,#17));
#1204=FACE_OUTER_BOUND('',#1203,.T.);
#1205=DIRECTION('',(-0.9949288116745405,0.10003265495668767,0.010494171820726164));
#1206=DIRECTION('',(0.02987805945203614,0.1943081466671289,0.9804854133041276));
#1207=AXIS2_PLACEMENT_3D('',#19,#1205,#1206);
#1208=PLANE('',#1207);
#1209=FACE_SURFACE('',(#1204),#1208,.T.);
#1210=POLY_LOOP('',(#24,#25,#26));
#1211=FACE_OUTER_BOUND('',#1210,.T.);
#1212=DIRECTION('',(-0.9953375027972853,0.09590924492784712,0.010230946321548978));
#1213=DIRECTION('',(0.06559038461592737,0.5952618324603164,0.8008503307497107));
#1214=AXIS2_PLACEMENT_3D('',#24,#1212,#1213);
#1215=PLANE('',#1214);
#1216=FACE_SURFACE('',(#1211),#1215,.T.);
#1217=POLY_LOOP('',(#26,#27,#24));
#1218=FACE_OUTER_BOUND('',#1217,.T.);
#1219=DIRECTION('',(-0.9953924386142661,0.0953451784429324,0.010158252666187388));
#1220=DIRECTION('',(-0.002904771142415033,-0.13587874998362834,0.9907212158864354));
#1221=AXIS2_PLACEMENT_3D('',#26,#1219,#1220);
#1222=PLANE('',#1221);
#1223=FACE_SURFACE('',(#1218),#1222,.T.);
#1224=POLY_LOOP('',(#26,#25,#28));
#1225=FACE_OUTER_BOUND('',#1224,.T.);
#1226=DIRECTION('',(-0.9952804504382883,0.09649227586414869,0.010298819054386487));
#1227=DIRECTION('',(-0.000923575592661742,-0.11554348908728568,0.9933019929194046));
#1228=AXIS2_PLACEMENT_3D('',#26,#1226,#1227);
#1229=PLANE('',#1228);
#1230=FACE_SURFACE('',(#1225),#1229,.T.);
#1231=POLY_LOOP('',(#19,#28,#29));
#1232=FACE_OUTER_BOUND('',#1231,.T.);
#1233=DIRECTION('',(-0.9951848321800323,0.09753055860426048,0.009743712698047288));
#1234=DIRECTION('',(-0.08193352512288092,-0.8823345856247901,0.4634356227905535));
#1235=AXIS2_PLACEMENT_3D('',#19,#1233,#1234);
#1236=PLANE('',#1235);
#1237=FACE_SURFACE('',(#1232),#1236,.T.);
#1238=POLY_LOOP('',(#19,#29,#21));
#1239=FACE_OUTER_BOUND('',#1238,.T.);
#1240=DIRECTION('',(-0.9951359098178448,0.0979872120046295,0.010150235197761847));
#1241=DIRECTION('',(-0.05738881202825401,-0.6603866725896451,0.7487295686160408));
#1242=AXIS2_PLACEMENT_3D('',#19,#1240,#1241);
#1243=PLANE('',#1242);
#1244=FACE_SURFACE('',(#1239),#1243,.T.);
#1245=POLY_LOOP('',(#30,#31,#32));
#1246=FACE_OUTER_BOUND('',#1245,.T.);
#1247=DIRECTION('',(-0.994055718538506,0.10824843310857628,0.011640668813799056));
#1248=DIRECTION('',(0.10753370914118776,0.9929196184216457,-0.05046912671873753));
#1249=AXIS2_PLACEMENT_3D('',#30,#1247,#1248);
#1250=PLANE('',#1249);
#1251=FACE_SURFACE('',(#1246),#1250,.T.);
#1252=POLY_LOOP('',(#32,#31,#33));
#1253=FACE_OUTER_BOUND('',#1252,.T.);
#1254=DIRECTION('',(-0.9939720463330574,0.10903799129621151,0.011414357737603593));
#1255=DIRECTION('',(0.04080510672522695,0.27130704531799077,0.9616274904691341));
#1256=AXIS2_PLACEMENT_3D('',#32,#1254,#1255);
#1257=PLANE('',#1256);
#1258=FACE_SURFACE('',(#1253),#1257,.T.);
#1259=POLY_LOOP('',(#33,#34,#32));
#1260=FACE_OUTER_BOUND('',#1259,.T.);
#1261=DIRECTION('',(-0.9939168609856281,0.10956185964999297,0.011201444483222172));
#1262=DIRECTION('',(0.08593208429360251,0.8351038340913576,-0.5433389947122069));
#1263=AXIS2_PLACEMENT_3D('',#33,#1261,#1262);
#1264=PLANE('',#1263);
#1265=FACE_SURFACE('',(#1260),#1264,.T.);
#1266=POLY_LOOP('',(#32,#34,#35));
#1267=FACE_OUTER_BOUND('',#1266,.T.);
#1268=DIRECTION('',(-0.9938994726580618,0.1097389532006423,0.011009105343031103));
#1269=DIRECTION('',(0.08799331440873427,0.7288310057094632,0.6790158626541047));
#1270=AXIS2_PLACEMENT_3D('',#32,#1268,#1269);
#1271=PLANE('',#1270);
#1272=FACE_SURFACE('',(#1267),#1271,.T.);
#1273=POLY_LOOP('',(#26,#28,#19));
#1274=FACE_OUTER_BOUND('',#1273,.T.);
#1275=DIRECTION('',(-0.9951414933878885,0.09789871079521921,0.010452299381336736));
#1276=DIRECTION('',(-0.00022865013934331328,-0.1084608493273267,0.9941006950416587));
#1277=AXIS2_PLACEMENT_3D('',#26,#1275,#1276);
#1278=PLANE('',#1277);
#1279=FACE_SURFACE('',(#1274),#1278,.T.);
#1280=POLY_LOOP('',(#32,#35,#36));
#1281=FACE_OUTER_BOUND('',#1280,.T.);
#1282=DIRECTION('',(-0.9939024031981297,0.10970831601195993,0.011049810622915688));
#1283=DIRECTION('',(0.09414393645232362,0.792162242717754,0.6030057217320901));
#1284=AXIS2_PLACEMENT_3D('',#32,#1282,#1283);
#1285=PLANE('',#1284);
#1286=FACE_SURFACE('',(#1281),#1285,.T.);
#1287=POLY_LOOP('',(#26,#37,#27));
#1288=FACE_OUTER_BOUND('',#1287,.T.);
#1289=DIRECTION('',(-0.9954641205368638,0.09460471340606696,0.010056486718734813));
#1290=DIRECTION('',(-0.004441372194941801,-0.15180078243721348,0.988401131456493));
#1291=AXIS2_PLACEMENT_3D('',#26,#1289,#1290);
#1292=PLANE('',#1291);
#1293=FACE_SURFACE('',(#1288),#1292,.T.);
#1294=POLY_LOOP('',(#38,#39,#37));
#1295=FACE_OUTER_BOUND('',#1294,.T.);
#1296=DIRECTION('',(-0.9955525678163503,0.09367731367899174,0.009982265081604193));
#1297=DIRECTION('',(-1.9153947141784088e-05,-0.10616148872361299,0.9943489015155156));
#1298=AXIS2_PLACEMENT_3D('',#38,#1296,#1297);
#1299=PLANE('',#1298);
#1300=FACE_SURFACE('',(#1295),#1299,.T.);
#1301=POLY_LOOP('',(#40,#41,#42));
#1302=FACE_OUTER_BOUND('',#1301,.T.);
#1303=DIRECTION('',(-0.9989132713214397,0.043840497293819454,0.01582046696309875));
#1304=DIRECTION('',(0.036962484517488015,0.5383906120492034,0.841884388497363));
#1305=AXIS2_PLACEMENT_3D('',#40,#1303,#1304);
#1306=PLANE('',#1305);
#1307=FACE_SURFACE('',(#1302),#1306,.T.);
#1308=POLY_LOOP('',(#42,#41,#43));
#1309=FACE_OUTER_BOUND('',#1308,.T.);
#1310=DIRECTION('',(-0.9987585527520668,0.04749239266793042,0.015027506222648812));
#1311=DIRECTION('',(0.02474165814598003,0.21112602567108735,0.9771456655159039));
#1312=AXIS2_PLACEMENT_3D('',#42,#1310,#1311);
#1313=PLANE('',#1312);
#1314=FACE_SURFACE('',(#1309),#1313,.T.);
#1315=POLY_LOOP('',(#42,#43,#44));
#1316=FACE_OUTER_BOUND('',#1315,.T.);
#1317=DIRECTION('',(-0.9979571110563007,0.06347031537174952,0.007288591000519437));
#1318=DIRECTION('',(0.034193570571398074,0.43426596226531966,0.9001354752198998));
#1319=AXIS2_PLACEMENT_3D('',#42,#1317,#1318);
#1320=PLANE('',#1319);
#1321=FACE_SURFACE('',(#1316),#1320,.T.);
#1322=POLY_LOOP('',(#44,#43,#45));
#1323=FACE_OUTER_BOUND('',#1322,.T.);
#1324=DIRECTION('',(-0.9984165638981065,0.0559201378034679,0.006107628176225981));
#1325=DIRECTION('',(-0.0026027492075293176,-0.1543811123864272,0.9880079442164886));
#1326=AXIS2_PLACEMENT_3D('',#44,#1324,#1325);
#1327=PLANE('',#1326);
#1328=FACE_SURFACE('',(#1323),#1327,.T.);
#1329=POLY_LOOP('',(#44,#45,#46));
#1330=FACE_OUTER_BOUND('',#1329,.T.);
#1331=DIRECTION('',(-0.9983602897667389,0.05690458158068697,0.006212922983607695));
#1332=DIRECTION('',(0.00012556402663748897,-0.10635916378060188,0.994327769155406));
#1333=AXIS2_PLACEMENT_3D('',#44,#1331,#1332);
#1334=PLANE('',#1333);
#1335=FACE_SURFACE('',(#1330),#1334,.T.);
#1336=POLY_LOOP('',(#46,#47,#44));
#1337=FACE_OUTER_BOUND('',#1336,.T.);
#1338=DIRECTION('',(-0.9982248457339694,0.059211000430412344,0.0064198744086513115));
#1339=DIRECTION('',(0.05952456652388038,0.9954634684267304,0.07422471965570636));
#1340=AXIS2_PLACEMENT_3D('',#46,#1338,#1339);
#1341=PLANE('',#1340);
#1342=FACE_SURFACE('',(#1337),#1341,.T.);
#1343=POLY_LOOP('',(#38,#37,#26));
#1344=FACE_OUTER_BOUND('',#1343,.T.);
#1345=DIRECTION('',(-0.9954495538163052,0.09475539858537906,0.010079694729752692));
#1346=DIRECTION('',(0.0015034286861436643,-0.09014847579764598,0.9959272021656738));
#1347=AXIS2_PLACEMENT_3D('',#38,#1345,#1346);
#1348=PLANE('',#1347);
#1349=FACE_SURFACE('',(#1344),#1348,.T.);
#1350=POLY_LOOP('',(#44,#47,#48));
#1351=FACE_OUTER_BOUND('',#1350,.T.);
#1352=DIRECTION('',(-0.9982415783940153,0.058929024478249825,0.006412584460784125));
#1353=DIRECTION('',(0.004878877667299815,-0.02613346219865436,0.9996465568920943));
#1354=AXIS2_PLACEMENT_3D('',#44,#1352,#1353);
#1355=PLANE('',#1354);
#1356=FACE_SURFACE('',(#1351),#1355,.T.);
#1357=POLY_LOOP('',(#49,#50,#44));
#1358=FACE_OUTER_BOUND('',#1357,.T.);
#1359=DIRECTION('',(-0.9979386938126155,0.06387472470193209,0.00619539634108467));
#1360=DIRECTION('',(0.03916620508429605,0.6826807341573973,-0.729666378278191));
#1361=AXIS2_PLACEMENT_3D('',#49,#1359,#1360);
#1362=PLANE('',#1361);
#1363=FACE_SURFACE('',(#1358),#1362,.T.);
#1364=POLY_LOOP('',(#44,#50,#51));
#1365=FACE_OUTER_BOUND('',#1364,.T.);
#1366=DIRECTION('',(-0.9975754958180156,0.06936427353889403,0.005632734669945327));
#1367=DIRECTION('',(0.012648628501281909,0.10112635005146754,0.9947931812805637));
#1368=AXIS2_PLACEMENT_3D('',#44,#1366,#1367);
#1369=PLANE('',#1368);
#1370=FACE_SURFACE('',(#1365),#1369,.T.);
#1371=POLY_LOOP('',(#44,#51,#52));
#1372=FACE_OUTER_BOUND('',#1371,.T.);
#1373=DIRECTION('',(-0.9978322918927518,0.0655199342402059,0.006152680165379871));
#1374=DIRECTION('',(0.014846295912589456,0.13304059748399272,0.9909993879507586));
#1375=AXIS2_PLACEMENT_3D('',#44,#1373,#1374);
#1376=PLANE('',#1375);
#1377=FACE_SURFACE('',(#1372),#1376,.T.);
#1378=POLY_LOOP('',(#51,#53,#52));
#1379=FACE_OUTER_BOUND('',#1378,.T.);
#1380=DIRECTION('',(-0.9978295862236539,0.0655590837793959,0.006174414201995063));
#1381=DIRECTION('',(0.06580585039203564,0.9893777585933051,0.129619600582121));
#1382=AXIS2_PLACEMENT_3D('',#51,#1380,#1381);
#1383=PLANE('',#1382);
#1384=FACE_SURFACE('',(#1379),#1383,.T.);
#1385=POLY_LOOP('',(#52,#53,#39));
#1386=FACE_OUTER_BOUND('',#1385,.T.);
#1387=DIRECTION('',(-0.9969859154045767,0.07688593365632924,0.010374858586651586));
#1388=DIRECTION('',(-0.016964800098823132,-0.3465400754959408,0.937881747147728));
#1389=AXIS2_PLACEMENT_3D('',#52,#1387,#1388);
#1390=PLANE('',#1389);
#1391=FACE_SURFACE('',(#1386),#1390,.T.);
#1392=POLY_LOOP('',(#52,#39,#38));
#1393=FACE_OUTER_BOUND('',#1392,.T.);
#1394=DIRECTION('',(-0.9965696467587921,0.08229266662188257,0.008766765613148198));
#1395=DIRECTION('',(0.03177684811225262,0.28268953835712296,0.9586849622412399));
#1396=AXIS2_PLACEMENT_3D('',#52,#1394,#1395);
#1397=PLANE('',#1396);
#1398=FACE_SURFACE('',(#1393),#1397,.T.);
#1399=POLY_LOOP('',(#44,#48,#49));
#1400=FACE_OUTER_BOUND('',#1399,.T.);
#1401=DIRECTION('',(-0.9982201298325349,0.05929058386467004,0.0064186495545233));
#1402=DIRECTION('',(0.00541378286329605,-0.01709328208872233,0.9998392424097708));
#1403=AXIS2_PLACEMENT_3D('',#44,#1401,#1402);
#1404=PLANE('',#1403);
#1405=FACE_SURFACE('',(#1400),#1404,.T.);
#1406=POLY_LOOP('',(#54,#55,#56));
#1407=FACE_OUTER_BOUND('',#1406,.T.);
#1408=DIRECTION('',(-0.9958881820619434,0.09008414768529541,0.009569491374752999));
#1409=DIRECTION('',(-0.013402681352413374,-0.250986031698923,0.9678979181838304));
#1410=AXIS2_PLACEMENT_3D('',#54,#1408,#1409);
#1411=PLANE('',#1410);
#1412=FACE_SURFACE('',(#1407),#1411,.T.);
#1413=POLY_LOOP('',(#57,#58,#32));
#1414=FACE_OUTER_BOUND('',#1413,.T.);
#1415=DIRECTION('',(-0.9943120548322619,0.10594916013827295,0.010877181677219298));
#1416=DIRECTION('',(0.08793664463739746,0.7590420011420753,0.6450754894058135));
#1417=AXIS2_PLACEMENT_3D('',#57,#1415,#1416);
#1418=PLANE('',#1417);
#1419=FACE_SURFACE('',(#1414),#1418,.T.);
#1420=POLY_LOOP('',(#32,#59,#30));
#1421=FACE_OUTER_BOUND('',#1420,.T.);
#1422=DIRECTION('',(-0.9941628178506668,0.10727443261431743,0.011510330598979457));
#1423=DIRECTION('',(-0.018532377377076126,-0.2748934251573562,0.9612960812330459));
#1424=AXIS2_PLACEMENT_3D('',#32,#1422,#1423);
#1425=PLANE('',#1424);
#1426=FACE_SURFACE('',(#1421),#1425,.T.);
#1427=POLY_LOOP('',(#60,#61,#62));
#1428=FACE_OUTER_BOUND('',#1427,.T.);
#1429=DIRECTION('',(-0.9931325688299488,0.11640409439173847,0.011738293660757564));
#1430=DIRECTION('',(-0.09963081702616192,-0.8940656513094799,0.4367153666259696));
#1431=AXIS2_PLACEMENT_3D('',#60,#1429,#1430);
#1432=PLANE('',#1431);
#1433=FACE_SURFACE('',(#1428),#1432,.T.);
#1434=POLY_LOOP('',(#62,#63,#60));
#1435=FACE_OUTER_BOUND('',#1434,.T.);
#1436=DIRECTION('',(-0.9930946317125097,0.1166983192721502,0.012023092066953144));
#1437=DIRECTION('',(0.09690511389640305,0.7582294943625514,0.6447460219182705));
#1438=AXIS2_PLACEMENT_3D('',#62,#1436,#1437);
#1439=PLANE('',#1438);
#1440=FACE_SURFACE('',(#1435),#1439,.T.);
#1441=POLY_LOOP('',(#60,#63,#64));
#1442=FACE_OUTER_BOUND('',#1441,.T.);
#1443=DIRECTION('',(-0.9930059631676511,0.11740061296139404,0.012500127590333896));
#1444=DIRECTION('',(-0.05532477979173984,-0.5562380177009646,0.8291793752892656));
#1445=AXIS2_PLACEMENT_3D('',#60,#1443,#1444);
#1446=PLANE('',#1445);
#1447=FACE_SURFACE('',(#1442),#1446,.T.);
#1448=POLY_LOOP('',(#60,#64,#65));
#1449=FACE_OUTER_BOUND('',#1448,.T.);
#1450=DIRECTION('',(-0.9928919918866563,0.1183334244211196,0.012755121015460655));
#1451=DIRECTION('',(-0.018769208713517706,-0.26150464535108814,0.9650197082257284));
#1452=AXIS2_PLACEMENT_3D('',#60,#1450,#1451);
#1453=PLANE('',#1452);
#1454=FACE_SURFACE('',(#1449),#1453,.T.);
#1455=POLY_LOOP('',(#66,#67,#60));
#1456=FACE_OUTER_BOUND('',#1455,.T.);
#1457=DIRECTION('',(-0.992541600035668,0.12124803329331026,0.012652534178585117));
#1458=DIRECTION('',(0.02376618901684575,0.29425276020441177,-0.9554320914495705));
#1459=AXIS2_PLACEMENT_3D('',#66,#1457,#1458);
#1460=PLANE('',#1459);
#1461=FACE_SURFACE('',(#1456),#1460,.T.);
#1462=POLY_LOOP('',(#60,#67,#68));
#1463=FACE_OUTER_BOUND('',#1462,.T.);
#1464=DIRECTION('',(-0.9925465751982389,0.12116948157014454,0.013009719377047934));
#1465=DIRECTION('',(0.12112462261106643,0.9691150119549659,0.21481368532021722));
#1466=AXIS2_PLACEMENT_3D('',#60,#1464,#1465);
#1467=PLANE('',#1466);
#1468=FACE_SURFACE('',(#1463),#1467,.T.);
#1469=POLY_LOOP('',(#60,#69,#61));
#1470=FACE_OUTER_BOUND('',#1469,.T.);
#1471=DIRECTION('',(-0.993121348895711,0.11648310693110708,0.01190261178228767));
#1472=DIRECTION('',(-0.11664008140823992,-0.9930828430950588,-0.013474351907021839));
#1473=AXIS2_PLACEMENT_3D('',#60,#1471,#1472);
#1474=PLANE('',#1473);
#1475=FACE_SURFACE('',(#1470),#1474,.T.);
#1476=POLY_LOOP('',(#60,#68,#26));
#1477=FACE_OUTER_BOUND('',#1476,.T.);
#1478=DIRECTION('',(-0.9925859023264935,0.12123219618625758,0.00871671443593954));
#1479=DIRECTION('',(0.12134177659815676,0.9925204997327737,0.013387713105987513));
#1480=AXIS2_PLACEMENT_3D('',#60,#1478,#1479);
#1481=PLANE('',#1480);
#1482=FACE_SURFACE('',(#1477),#1481,.T.);
#1483=POLY_LOOP('',(#70,#71,#72));
#1484=FACE_OUTER_BOUND('',#1483,.T.);
#1485=DIRECTION('',(-0.9909289067659043,0.133601279031638,0.014512063148991765));
#1486=DIRECTION('',(-0.003465306208392929,-0.1333537596570423,0.9910624432588563));
#1487=AXIS2_PLACEMENT_3D('',#70,#1485,#1486);
#1488=PLANE('',#1487);
#1489=FACE_SURFACE('',(#1484),#1488,.T.);
#1490=POLY_LOOP('',(#72,#73,#70));
#1491=FACE_OUTER_BOUND('',#1490,.T.);
#1492=DIRECTION('',(-0.9907632133324984,0.13485723035433236,0.014205017712790603));
#1493=DIRECTION('',(0.12444255335037974,0.9458338557211123,-0.29985391157590713));
#1494=AXIS2_PLACEMENT_3D('',#72,#1492,#1493);
#1495=PLANE('',#1494);
#1496=FACE_SURFACE('',(#1491),#1495,.T.);
#1497=POLY_LOOP('',(#70,#73,#74));
#1498=FACE_OUTER_BOUND('',#1497,.T.);
#1499=DIRECTION('',(-0.9906576301874562,0.13565983597046358,0.013923672498313368));
#1500=DIRECTION('',(0.0575746442328173,0.32350186373083945,0.9444743006054416));
#1501=AXIS2_PLACEMENT_3D('',#70,#1499,#1500);
#1502=PLANE('',#1501);
#1503=FACE_SURFACE('',(#1498),#1502,.T.);
#1504=POLY_LOOP('',(#70,#74,#75));
#1505=FACE_OUTER_BOUND('',#1504,.T.);
#1506=DIRECTION('',(-0.9906157219683129,0.13599702241875064,0.013612541365663726));
#1507=DIRECTION('',(0.10180566276784389,0.6677541431291952,0.7373872872257794));
#1508=AXIS2_PLACEMENT_3D('',#70,#1506,#1507);
#1509=PLANE('',#1508);
#1510=FACE_SURFACE('',(#1505),#1509,.T.);
#1511=POLY_LOOP('',(#75,#76,#70));
#1512=FACE_OUTER_BOUND('',#1511,.T.);
#1513=DIRECTION('',(-0.9906221909637634,0.1359439534826244,0.013671732943077788));
#1514=DIRECTION('',(0.06014638095938371,0.5237444249041179,-0.8497494867543866));
#1515=AXIS2_PLACEMENT_3D('',#75,#1513,#1514);
#1516=PLANE('',#1515);
#1517=FACE_SURFACE('',(#1512),#1516,.T.);
#1518=POLY_LOOP('',(#70,#76,#77));
#1519=FACE_OUTER_BOUND('',#1518,.T.);
#1520=DIRECTION('',(-0.9906382983041339,0.13577654769056105,0.014159485524652777));
#1521=DIRECTION('',(0.1329547850095996,0.9360875412255968,0.325673364439384));
#1522=AXIS2_PLACEMENT_3D('',#70,#1520,#1521);
#1523=PLANE('',#1522);
#1524=FACE_SURFACE('',(#1519),#1523,.T.);
#1525=POLY_LOOP('',(#26,#68,#78));
#1526=FACE_OUTER_BOUND('',#1525,.T.);
#1527=DIRECTION('',(-0.9920766366022156,0.12539845183720438,0.007692553858625417));
#1528=DIRECTION('',(0.03714408378913013,0.23426725406734517,0.9714623876976463));
#1529=AXIS2_PLACEMENT_3D('',#26,#1527,#1528);
#1530=PLANE('',#1529);
#1531=FACE_SURFACE('',(#1526),#1530,.T.);
#1532=POLY_LOOP('',(#32,#58,#59));
#1533=FACE_OUTER_BOUND('',#1532,.T.);
#1534=DIRECTION('',(-0.9942494951680787,0.10649220965307954,0.011284974134892087));
#1535=DIRECTION('',(-0.05469052278903246,-0.5955411324139404,0.8014609824066197));
#1536=AXIS2_PLACEMENT_3D('',#32,#1534,#1535);
#1537=PLANE('',#1536);
#1538=FACE_SURFACE('',(#1533),#1537,.T.);
#1539=POLY_LOOP('',(#26,#69,#60));
#1540=FACE_OUTER_BOUND('',#1539,.T.);
#1541=DIRECTION('',(-0.99314210787051,0.11651642272755647,0.009626879520059759));
#1542=DIRECTION('',(0.025545720792564005,0.13591348615725735,0.9903913067216258));
#1543=AXIS2_PLACEMENT_3D('',#26,#1541,#1542);
#1544=PLANE('',#1543);
#1545=FACE_SURFACE('',(#1540),#1544,.T.);
#1546=POLY_LOOP('',(#32,#79,#26));
#1547=FACE_OUTER_BOUND('',#1546,.T.);
#1548=DIRECTION('',(-0.993932587086106,0.10948894450127698,0.01049682620207489));
#1549=DIRECTION('',(0.1082064213835216,0.9904647985027026,-0.08526929868582636));
#1550=AXIS2_PLACEMENT_3D('',#32,#1548,#1549);
#1551=PLANE('',#1550);
#1552=FACE_SURFACE('',(#1547),#1551,.T.);
#1553=POLY_LOOP('',(#20,#80,#19));
#1554=FACE_OUTER_BOUND('',#1553,.T.);
#1555=DIRECTION('',(-0.9949058761065644,0.10026114132199014,0.010488147092859227));
#1556=DIRECTION('',(0.01947747057370886,0.29326578193814307,-0.9558325215665451));
#1557=AXIS2_PLACEMENT_3D('',#20,#1555,#1556);
#1558=PLANE('',#1557);
#1559=FACE_SURFACE('',(#1554),#1558,.T.);
#1560=POLY_LOOP('',(#19,#80,#81));
#1561=FACE_OUTER_BOUND('',#1560,.T.);
#1562=DIRECTION('',(-0.9948984055174934,0.10031467343255823,0.010683117188740321));
#1563=DIRECTION('',(0.09384210627619065,0.9591330808623324,-0.2669408029604666));
#1564=AXIS2_PLACEMENT_3D('',#19,#1562,#1563);
#1565=PLANE('',#1564);
#1566=FACE_SURFACE('',(#1561),#1565,.T.);
#1567=POLY_LOOP('',(#19,#81,#26));
#1568=FACE_OUTER_BOUND('',#1567,.T.);
#1569=DIRECTION('',(-0.9949022530246716,0.10028298700006047,0.010622120540548686));
#1570=DIRECTION('',(0.08396364010107514,0.8820962211762384,-0.46352601192120585));
#1571=AXIS2_PLACEMENT_3D('',#19,#1569,#1570);
#1572=PLANE('',#1571);
#1573=FACE_SURFACE('',(#1568),#1572,.T.);
#1574=POLY_LOOP('',(#26,#81,#82));
#1575=FACE_OUTER_BOUND('',#1574,.T.);
#1576=DIRECTION('',(-0.9946538497210827,0.10270954295987544,0.010699019581411203));
#1577=DIRECTION('',(0.007401718938241912,-0.032430776732905287,0.9994465764998446));
#1578=AXIS2_PLACEMENT_3D('',#26,#1576,#1577);
#1579=PLANE('',#1578);
#1580=FACE_SURFACE('',(#1575),#1579,.T.);
#1581=POLY_LOOP('',(#26,#82,#32));
#1582=FACE_OUTER_BOUND('',#1581,.T.);
#1583=DIRECTION('',(-0.9943327743915914,0.10577314580822007,0.010694643357940256));
#1584=DIRECTION('',(0.01078666063436975,0.0002978969879441889,0.9999417779099657));
#1585=AXIS2_PLACEMENT_3D('',#26,#1583,#1584);
#1586=PLANE('',#1585);
#1587=FACE_SURFACE('',(#1582),#1586,.T.);
#1588=POLY_LOOP('',(#32,#82,#83));
#1589=FACE_OUTER_BOUND('',#1588,.T.);
#1590=DIRECTION('',(-0.9943328999744896,0.10576358859839169,0.010777168232515226));
#1591=DIRECTION('',(-0.10630109170995684,-0.9877138327225556,-0.11454895263506694));
#1592=AXIS2_PLACEMENT_3D('',#32,#1590,#1591);
#1593=PLANE('',#1592);
#1594=FACE_SURFACE('',(#1589),#1593,.T.);
#1595=POLY_LOOP('',(#26,#79,#69));
#1596=FACE_OUTER_BOUND('',#1595,.T.);
#1597=DIRECTION('',(-0.9935473649752077,0.11296514671612573,0.010124681635768934));
#1598=DIRECTION('',(0.021959053682499993,0.1040148413600531,0.994333300628221));
#1599=AXIS2_PLACEMENT_3D('',#26,#1597,#1598);
#1600=PLANE('',#1599);
#1601=FACE_SURFACE('',(#1596),#1600,.T.);
#1602=POLY_LOOP('',(#32,#83,#57));
#1603=FACE_OUTER_BOUND('',#1602,.T.);
#1604=DIRECTION('',(-0.9943419633792829,0.10569635489679907,0.010599076590085663));
#1605=DIRECTION('',(-0.09503315220262573,-0.929708939992991,0.35582297126456247));
#1606=AXIS2_PLACEMENT_3D('',#32,#1604,#1605);
#1607=PLANE('',#1606);
#1608=FACE_SURFACE('',(#1603),#1607,.T.);
#1609=POLY_LOOP('',(#60,#84,#85));
#1610=FACE_OUTER_BOUND('',#1609,.T.);
#1611=DIRECTION('',(-0.9926340439760021,0.12048610110639206,0.012678887176271574));
#1612=DIRECTION('',(0.04055109673815401,0.23180752362355983,0.9719160871931516));
#1613=AXIS2_PLACEMENT_3D('',#60,#1611,#1612);
#1614=PLANE('',#1613);
#1615=FACE_SURFACE('',(#1610),#1614,.T.);
#1616=POLY_LOOP('',(#85,#86,#60));
#1617=FACE_OUTER_BOUND('',#1616,.T.);
#1618=DIRECTION('',(-0.9925566281979118,0.12114610300539731,0.012448355192478588));
#1619=DIRECTION('',(0.09502305934022959,0.8343269264104358,-0.5430185982635756));
#1620=AXIS2_PLACEMENT_3D('',#85,#1618,#1619);
#1621=PLANE('',#1620);
#1622=FACE_SURFACE('',(#1617),#1621,.T.);
#1623=POLY_LOOP('',(#60,#86,#87));
#1624=FACE_OUTER_BOUND('',#1623,.T.);
#1625=DIRECTION('',(-0.9925215688312,0.1214624725360661,0.01215743271743309));
#1626=DIRECTION('',(0.09086308609772868,0.6686087758108344,0.7380421427625485));
#1627=AXIS2_PLACEMENT_3D('',#60,#1625,#1626);
#1628=PLANE('',#1627);
#1629=FACE_SURFACE('',(#1624),#1628,.T.);
#1630=POLY_LOOP('',(#60,#87,#66));
#1631=FACE_OUTER_BOUND('',#1630,.T.);
#1632=DIRECTION('',(-0.9925293221825117,0.12139114369218845,0.012236618855976586));
#1633=DIRECTION('',(0.0981250202542363,0.7346255317987911,0.671339562687504));
#1634=AXIS2_PLACEMENT_3D('',#60,#1632,#1633);
#1635=PLANE('',#1634);
#1636=FACE_SURFACE('',(#1631),#1635,.T.);
#1637=POLY_LOOP('',(#36,#88,#32));
#1638=FACE_OUTER_BOUND('',#1637,.T.);
#1639=DIRECTION('',(-0.9939076529558134,0.10962398154529879,0.011408771451058113));
#1640=DIRECTION('',(0.02148660342356024,0.29424801089615227,-0.9554875373111763));
#1641=AXIS2_PLACEMENT_3D('',#36,#1639,#1640);
#1642=PLANE('',#1641);
#1643=FACE_SURFACE('',(#1638),#1642,.T.);
#1644=POLY_LOOP('',(#32,#88,#79));
#1645=FACE_OUTER_BOUND('',#1644,.T.);
#1646=DIRECTION('',(-0.9939079902373612,0.10959001022894452,0.011701991298463978));
#1647=DIRECTION('',(0.11020850720048217,0.9872899584146406,0.11451036177682061));
#1648=AXIS2_PLACEMENT_3D('',#32,#1646,#1647);
#1649=PLANE('',#1648);
#1650=FACE_SURFACE('',(#1645),#1649,.T.);
#1651=POLY_LOOP('',(#65,#84,#60));
#1652=FACE_OUTER_BOUND('',#1651,.T.);
#1653=DIRECTION('',(-0.9927481024169175,0.11951743053572372,0.012914679467483503));
#1654=DIRECTION('',(0.1187274248802706,0.9916421980089902,-0.050493065951655675));
#1655=AXIS2_PLACEMENT_3D('',#65,#1653,#1654);
#1656=PLANE('',#1655);
#1657=FACE_SURFACE('',(#1652),#1656,.T.);
#1658=POLY_LOOP('',(#70,#77,#89));
#1659=FACE_OUTER_BOUND('',#1658,.T.);
#1660=DIRECTION('',(-0.9906457501622333,0.13567137886003874,0.014638122957593206));
#1661=DIRECTION('',(0.1356360836606327,0.967230019860523,0.2146367663980666));
#1662=AXIS2_PLACEMENT_3D('',#70,#1660,#1661);
#1663=PLANE('',#1662);
#1664=FACE_SURFACE('',(#1659),#1663,.T.);
#1665=POLY_LOOP('',(#54,#90,#55));
#1666=FACE_OUTER_BOUND('',#1665,.T.);
#1667=DIRECTION('',(-0.9959422556295751,0.08950048146215467,0.009417391863829793));
#1668=DIRECTION('',(-0.04207273458962826,-0.5555541083778577,0.8304152682053927));
#1669=AXIS2_PLACEMENT_3D('',#54,#1667,#1668);
#1670=PLANE('',#1669);
#1671=FACE_SURFACE('',(#1666),#1670,.T.);
#1672=POLY_LOOP('',(#54,#91,#92));
#1673=FACE_OUTER_BOUND('',#1672,.T.);
#1674=DIRECTION('',(-0.9960030370658899,0.08887089071766781,0.008939515566961202));
#1675=DIRECTION('',(-0.07596014618755077,-0.8954338337029825,0.4386665084675893));
#1676=AXIS2_PLACEMENT_3D('',#54,#1674,#1675);
#1677=PLANE('',#1676);
#1678=FACE_SURFACE('',(#1673),#1677,.T.);
#1679=POLY_LOOP('',(#93,#94,#95));
#1680=FACE_OUTER_BOUND('',#1679,.T.);
#1681=DIRECTION('',(-0.9994410128135939,0.033289943244452606,0.0030727162118543492));
#1682=DIRECTION('',(0.006782498720145736,0.11190655452077808,0.9936955875751886));
#1683=AXIS2_PLACEMENT_3D('',#93,#1681,#1682);
#1684=PLANE('',#1683);
#1685=FACE_SURFACE('',(#1680),#1684,.T.);
#1686=POLY_LOOP('',(#95,#94,#96));
#1687=FACE_OUTER_BOUND('',#1686,.T.);
#1688=DIRECTION('',(-0.9994478130330354,0.03312673495541023,0.0025862046857892387));
#1689=DIRECTION('',(-0.0305814047918585,-0.9475024463211185,0.3182827232138943));
#1690=AXIS2_PLACEMENT_3D('',#95,#1688,#1689);
#1691=PLANE('',#1690);
#1692=FACE_SURFACE('',(#1687),#1691,.T.);
#1693=POLY_LOOP('',(#95,#96,#97));
#1694=FACE_OUTER_BOUND('',#1693,.T.);
#1695=DIRECTION('',(-0.9994381707704729,0.03339228143691282,0.0028806852325802073));
#1696=DIRECTION('',(-0.022862856422659315,-0.7420827231449673,0.6699182948732976));
#1697=AXIS2_PLACEMENT_3D('',#95,#1695,#1696);
#1698=PLANE('',#1697);
#1699=FACE_SURFACE('',(#1694),#1698,.T.);
#1700=POLY_LOOP('',(#98,#99,#100));
#1701=FACE_OUTER_BOUND('',#1700,.T.);
#1702=DIRECTION('',(-0.9989461868930131,0.04568009931298127,0.00445468502426852));
#1703=DIRECTION('',(0.02592674239397437,0.6417221470754775,-0.7664988519115185));
#1704=AXIS2_PLACEMENT_3D('',#98,#1702,#1703);
#1705=PLANE('',#1704);
#1706=FACE_SURFACE('',(#1701),#1705,.T.);
#1707=POLY_LOOP('',(#101,#102,#103));
#1708=FACE_OUTER_BOUND('',#1707,.T.);
#1709=DIRECTION('',(-0.9990289204939151,0.043845121726387326,0.0043383542456766405));
#1710=DIRECTION('',(0.04370096110821484,0.9986213869253648,-0.02907836951204226));
#1711=AXIS2_PLACEMENT_3D('',#101,#1709,#1710);
#1712=PLANE('',#1711);
#1713=FACE_SURFACE('',(#1708),#1712,.T.);
#1714=POLY_LOOP('',(#103,#102,#104));
#1715=FACE_OUTER_BOUND('',#1714,.T.);
#1716=DIRECTION('',(-0.9990069353210022,0.04435072215136589,0.004261059163121229));
#1717=DIRECTION('',(0.010904423529191815,0.15064968693965453,0.9885270686088875));
#1718=AXIS2_PLACEMENT_3D('',#103,#1716,#1717);
#1719=PLANE('',#1718);
#1720=FACE_SURFACE('',(#1715),#1719,.T.);
#1721=POLY_LOOP('',(#95,#105,#106));
#1722=FACE_OUTER_BOUND('',#1721,.T.);
#1723=DIRECTION('',(-0.9993761996269337,0.035156054004830996,0.0033561117437881103));
#1724=DIRECTION('',(0.0009138552044821502,-0.06925597826897847,0.9975985035788055));
#1725=AXIS2_PLACEMENT_3D('',#95,#1723,#1724);
#1726=PLANE('',#1725);
#1727=FACE_SURFACE('',(#1722),#1726,.T.);
#1728=POLY_LOOP('',(#107,#108,#103));
#1729=FACE_OUTER_BOUND('',#1728,.T.);
#1730=DIRECTION('',(-0.9991055661229745,0.04210933029981379,0.0038564288910698675));
#1731=DIRECTION('',(0.03580415837636165,0.7939191593123329,0.6069682287564637));
#1732=AXIS2_PLACEMENT_3D('',#107,#1730,#1731);
#1733=PLANE('',#1732);
#1734=FACE_SURFACE('',(#1729),#1733,.T.);
#1735=POLY_LOOP('',(#103,#109,#101));
#1736=FACE_OUTER_BOUND('',#1735,.T.);
#1737=DIRECTION('',(-0.9990617722674483,0.04309574979391525,0.004281535183271538));
#1738=DIRECTION('',(-0.010868859977227153,-0.3452019202819946,0.9384655039565487));
#1739=AXIS2_PLACEMENT_3D('',#103,#1737,#1738);
#1740=PLANE('',#1739);
#1741=FACE_SURFACE('',(#1736),#1740,.T.);
#1742=POLY_LOOP('',(#93,#95,#110));
#1743=FACE_OUTER_BOUND('',#1742,.T.);
#1744=DIRECTION('',(-0.999422571420726,0.03382098552709402,-0.003265681056082887));
#1745=DIRECTION('',(0.033430284668508704,0.9959435815770842,0.0835392026679235));
#1746=AXIS2_PLACEMENT_3D('',#93,#1744,#1745);
#1747=PLANE('',#1746);
#1748=FACE_SURFACE('',(#1743),#1747,.T.);
#1749=POLY_LOOP('',(#110,#95,#111));
#1750=FACE_OUTER_BOUND('',#1749,.T.);
#1751=DIRECTION('',(-0.9992961613202569,0.03702649139620139,-0.006018380636521228));
#1752=DIRECTION('',(0.019547801176394455,0.650921790906759,0.7588930791566791));
#1753=AXIS2_PLACEMENT_3D('',#110,#1751,#1752);
#1754=PLANE('',#1753);
#1755=FACE_SURFACE('',(#1750),#1754,.T.);
#1756=POLY_LOOP('',(#110,#111,#112));
#1757=FACE_OUTER_BOUND('',#1756,.T.);
#1758=DIRECTION('',(-0.9996315963475377,0.026782864892116082,0.004398833009359598));
#1759=DIRECTION('',(0.02217573732936112,0.7124901347366098,0.7013316223990664));
#1760=AXIS2_PLACEMENT_3D('',#110,#1758,#1759);
#1761=PLANE('',#1760);
#1762=FACE_SURFACE('',(#1757),#1761,.T.);
#1763=POLY_LOOP('',(#112,#111,#113));
#1764=FACE_OUTER_BOUND('',#1763,.T.);
#1765=DIRECTION('',(-0.9992374230636807,0.038991975167782286,0.0020489562146679048));
#1766=DIRECTION('',(0.009376991754727882,0.1887000214208469,0.9819900070476296));
#1767=AXIS2_PLACEMENT_3D('',#112,#1765,#1766);
#1768=PLANE('',#1767);
#1769=FACE_SURFACE('',(#1764),#1768,.T.);
#1770=POLY_LOOP('',(#112,#113,#103));
#1771=FACE_OUTER_BOUND('',#1770,.T.);
#1772=DIRECTION('',(-0.9990975966130949,0.042464626089688755,0.0008648543232178525));
#1773=DIRECTION('',(0.014512818688626018,0.32217588147501486,0.9465685815034789));
#1774=AXIS2_PLACEMENT_3D('',#112,#1772,#1773);
#1775=PLANE('',#1774);
#1776=FACE_SURFACE('',(#1771),#1775,.T.);
#1777=POLY_LOOP('',(#103,#108,#109));
#1778=FACE_OUTER_BOUND('',#1777,.T.);
#1779=DIRECTION('',(-0.9990838995330263,0.04259773860485312,0.004098092194465226));
#1780=DIRECTION('',(-0.01520615321659923,-0.4428862540873501,0.8964488489840502));
#1781=AXIS2_PLACEMENT_3D('',#103,#1779,#1780);
#1782=PLANE('',#1781);
#1783=FACE_SURFACE('',(#1778),#1782,.T.);
#1784=POLY_LOOP('',(#103,#113,#114));
#1785=FACE_OUTER_BOUND('',#1784,.T.);
#1786=DIRECTION('',(-0.9991021036860229,0.04213161037558142,0.0044624900362717));
#1787=DIRECTION('',(-0.04236361265238332,-0.9948443900988772,-0.09214099962466304));
#1788=AXIS2_PLACEMENT_3D('',#103,#1786,#1787);
#1789=PLANE('',#1788);
#1790=FACE_SURFACE('',(#1785),#1789,.T.);
#1791=POLY_LOOP('',(#95,#115,#105));
#1792=FACE_OUTER_BOUND('',#1791,.T.);
#1793=DIRECTION('',(-0.9994021806021538,0.03441454118516452,0.003304657724268811));
#1794=DIRECTION('',(-0.008261539198676723,-0.3305402198532689,0.9437557470179566));
#1795=AXIS2_PLACEMENT_3D('',#95,#1793,#1794);
#1796=PLANE('',#1795);
#1797=FACE_SURFACE('',(#1792),#1796,.T.);
#1798=POLY_LOOP('',(#116,#95,#106));
#1799=FACE_OUTER_BOUND('',#1798,.T.);
#1800=DIRECTION('',(-0.9993572273988321,0.035699661146913336,0.003265920959606311));
#1801=DIRECTION('',(-0.014194750546115232,-0.31040559254040434,-0.9504982257619284));
#1802=AXIS2_PLACEMENT_3D('',#116,#1800,#1801);
#1803=PLANE('',#1802);
#1804=FACE_SURFACE('',(#1799),#1803,.T.);
#1805=POLY_LOOP('',(#117,#118,#119));
#1806=FACE_OUTER_BOUND('',#1805,.T.);
#1807=DIRECTION('',(-0.9997597391289192,0.02184823838868967,0.001765926438478186));
#1808=DIRECTION('',(0.005160808327117838,0.3129214969326887,-0.949764972408867));
#1809=AXIS2_PLACEMENT_3D('',#117,#1807,#1808);
#1810=PLANE('',#1809);
#1811=FACE_SURFACE('',(#1806),#1810,.T.);
#1812=POLY_LOOP('',(#119,#118,#120));
#1813=FACE_OUTER_BOUND('',#1812,.T.);
#1814=DIRECTION('',(-0.9997576880941622,0.021933619119464568,0.0018658641263711575));
#1815=DIRECTION('',(0.015462445308673895,0.7600610765692087,-0.6496676632475495));
#1816=AXIS2_PLACEMENT_3D('',#119,#1814,#1815);
#1817=PLANE('',#1816);
#1818=FACE_SURFACE('',(#1813),#1817,.T.);
#1819=POLY_LOOP('',(#119,#120,#110));
#1820=FACE_OUTER_BOUND('',#1819,.T.);
#1821=DIRECTION('',(-0.9997594433176274,0.021858585736579696,0.0018049174009373713));
#1822=DIRECTION('',(0.012378399439745901,0.6302583112878638,-0.776286826037825));
#1823=AXIS2_PLACEMENT_3D('',#119,#1821,#1822);
#1824=PLANE('',#1823);
#1825=FACE_SURFACE('',(#1820),#1824,.T.);
#1826=POLY_LOOP('',(#110,#120,#121));
#1827=FACE_OUTER_BOUND('',#1826,.T.);
#1828=DIRECTION('',(-0.9997240117727173,0.023429141486717535,0.0017249968868463818));
#1829=DIRECTION('',(0.002912722279231395,0.05075525941671313,0.9987068737574936));
#1830=AXIS2_PLACEMENT_3D('',#110,#1828,#1829);
#1831=PLANE('',#1830);
#1832=FACE_SURFACE('',(#1827),#1831,.T.);
#1833=POLY_LOOP('',(#110,#121,#122));
#1834=FACE_OUTER_BOUND('',#1833,.T.);
#1835=DIRECTION('',(-0.9996732069617211,0.025530413142023613,0.0012951014112382692));
#1836=DIRECTION('',(0.0063842583157266,0.20028422732120846,0.9797170354403891));
#1837=AXIS2_PLACEMENT_3D('',#110,#1835,#1836);
#1838=PLANE('',#1837);
#1839=FACE_SURFACE('',(#1834),#1838,.T.);
#1840=POLY_LOOP('',(#122,#121,#123));
#1841=FACE_OUTER_BOUND('',#1840,.T.);
#1842=DIRECTION('',(-0.9996734054797236,0.025485294507467594,0.0018926543370474036));
#1843=DIRECTION('',(-0.025555456731413927,-0.9968352732439357,-0.07527520606372902));
#1844=AXIS2_PLACEMENT_3D('',#122,#1842,#1843);
#1845=PLANE('',#1844);
#1846=FACE_SURFACE('',(#1841),#1845,.T.);
#1847=POLY_LOOP('',(#97,#115,#95));
#1848=FACE_OUTER_BOUND('',#1847,.T.);
#1849=DIRECTION('',(-0.9994212317553784,0.03387470558706509,0.0031154193861777633));
#1850=DIRECTION('',(0.0325236544655258,0.9246694474552581,0.37937926253683746));
#1851=AXIS2_PLACEMENT_3D('',#97,#1849,#1850);
#1852=PLANE('',#1851);
#1853=FACE_SURFACE('',(#1848),#1852,.T.);
#1854=POLY_LOOP('',(#122,#123,#124));
#1855=FACE_OUTER_BOUND('',#1854,.T.);
#1856=DIRECTION('',(-0.99967417202517,0.025460530525525663,0.0018196623724242513));
#1857=DIRECTION('',(-0.023524905730300007,-0.9466459670951366,0.32141560601951846));
#1858=AXIS2_PLACEMENT_3D('',#122,#1856,#1857);
#1859=PLANE('',#1858);
#1860=FACE_SURFACE('',(#1855),#1859,.T.);
#1861=POLY_LOOP('',(#122,#125,#126));
#1862=FACE_OUTER_BOUND('',#1861,.T.);
#1863=DIRECTION('',(-0.9996034046561821,0.028074728455684535,0.0022006866902277767));
#1864=DIRECTION('',(0.019425613195098692,0.6308491810611113,0.7756622694875133));
#1865=AXIS2_PLACEMENT_3D('',#122,#1863,#1864);
#1866=PLANE('',#1865);
#1867=FACE_SURFACE('',(#1862),#1866,.T.);
#1868=POLY_LOOP('',(#122,#126,#110));
#1869=FACE_OUTER_BOUND('',#1868,.T.);
#1870=DIRECTION('',(-0.9996016808684526,0.02822071866669726,0.0002657873201477138));
#1871=DIRECTION('',(0.028160730920957184,0.9967683140818264,0.07523231537358709));
#1872=AXIS2_PLACEMENT_3D('',#122,#1870,#1871);
#1873=PLANE('',#1872);
#1874=FACE_SURFACE('',(#1869),#1873,.T.);
#1875=POLY_LOOP('',(#110,#126,#93));
#1876=FACE_OUTER_BOUND('',#1875,.T.);
#1877=DIRECTION('',(-0.9995240707195358,0.03082586656130874,-0.0011823717659668882));
#1878=DIRECTION('',(0.01393897446746832,0.4854975745656936,0.8741268844290422));
#1879=AXIS2_PLACEMENT_3D('',#110,#1877,#1878);
#1880=PLANE('',#1879);
#1881=FACE_SURFACE('',(#1876),#1880,.T.);
#1882=POLY_LOOP('',(#127,#111,#128));
#1883=FACE_OUTER_BOUND('',#1882,.T.);
#1884=DIRECTION('',(-0.9993063469140723,0.03707767350798037,0.003474355262076499));
#1885=DIRECTION('',(0.007338733998646909,0.2875363278750228,-0.9577416160611611));
#1886=AXIS2_PLACEMENT_3D('',#127,#1884,#1885);
#1887=PLANE('',#1886);
#1888=FACE_SURFACE('',(#1883),#1887,.T.);
#1889=POLY_LOOP('',(#128,#111,#95));
#1890=FACE_OUTER_BOUND('',#1889,.T.);
#1891=DIRECTION('',(-0.999337470017848,0.036267379026667115,0.0030493010449541076));
#1892=DIRECTION('',(0.014138918857989851,0.46406131360741787,-0.8856902326358154));
#1893=AXIS2_PLACEMENT_3D('',#128,#1891,#1892);
#1894=PLANE('',#1893);
#1895=FACE_SURFACE('',(#1890),#1894,.T.);
#1896=POLY_LOOP('',(#128,#95,#116));
#1897=FACE_OUTER_BOUND('',#1896,.T.);
#1898=DIRECTION('',(-0.9993394991268398,0.03620712499405637,0.0030999329963596243));
#1899=DIRECTION('',(-0.025657890712544117,-0.6426119897452791,-0.7657620408976906));
#1900=AXIS2_PLACEMENT_3D('',#128,#1898,#1899);
#1901=PLANE('',#1900);
#1902=FACE_SURFACE('',(#1897),#1901,.T.);
#1903=POLY_LOOP('',(#129,#125,#122));
#1904=FACE_OUTER_BOUND('',#1903,.T.);
#1905=DIRECTION('',(-0.9996049588121472,0.028015510370392294,0.002248887914541473));
#1906=DIRECTION('',(0.023448440375837775,0.8754071828693643,-0.482817185718015));
#1907=AXIS2_PLACEMENT_3D('',#129,#1905,#1906);
#1908=PLANE('',#1907);
#1909=FACE_SURFACE('',(#1904),#1908,.T.);
#1910=POLY_LOOP('',(#92,#90,#54));
#1911=FACE_OUTER_BOUND('',#1910,.T.);
#1912=DIRECTION('',(-0.9959830454519483,0.08907525383794936,0.009130844756491657));
#1913=DIRECTION('',(0.07422081784785421,0.7642164209899349,0.640675059673256));
#1914=AXIS2_PLACEMENT_3D('',#92,#1912,#1913);
#1915=PLANE('',#1914);
#1916=FACE_SURFACE('',(#1911),#1915,.T.);
#1917=POLY_LOOP('',(#103,#114,#107));
#1918=FACE_OUTER_BOUND('',#1917,.T.);
#1919=DIRECTION('',(-0.9991181099845512,0.04183772495386538,0.0035506438265372827));
#1920=DIRECTION('',(-0.038726030802473055,-0.9508747837833008,0.30714400548170745));
#1921=AXIS2_PLACEMENT_3D('',#103,#1919,#1920);
#1922=PLANE('',#1921);
#1923=FACE_SURFACE('',(#1918),#1922,.T.);
#1924=POLY_LOOP('',(#103,#98,#100));
#1925=FACE_OUTER_BOUND('',#1924,.T.);
#1926=DIRECTION('',(-0.9989825576949315,0.04491668056447794,0.004042428522700136));
#1927=DIRECTION('',(0.03180844919176667,0.6382185483858844,0.769197833496838));
#1928=AXIS2_PLACEMENT_3D('',#103,#1926,#1927);
#1929=PLANE('',#1928);
#1930=FACE_SURFACE('',(#1925),#1929,.T.);
#1931=POLY_LOOP('',(#42,#130,#131));
#1932=FACE_OUTER_BOUND('',#1931,.T.);
#1933=DIRECTION('',(-0.9985466914966481,0.05340747168568419,0.007221278920013597));
#1934=DIRECTION('',(-0.023538218133315258,-0.3116507758439409,-0.9499051248429908));
#1935=AXIS2_PLACEMENT_3D('',#42,#1933,#1934);
#1936=PLANE('',#1935);
#1937=FACE_SURFACE('',(#1932),#1936,.T.);
#1938=POLY_LOOP('',(#42,#131,#132));
#1939=FACE_OUTER_BOUND('',#1938,.T.);
#1940=DIRECTION('',(-0.9988255570408976,0.04737783918213131,0.010141348843856828));
#1941=DIRECTION('',(-0.0297520384645306,-0.4345560904735198,-0.9001532205350238));
#1942=AXIS2_PLACEMENT_3D('',#42,#1940,#1941);
#1943=PLANE('',#1942);
#1944=FACE_SURFACE('',(#1939),#1943,.T.);
#1945=POLY_LOOP('',(#54,#39,#53));
#1946=FACE_OUTER_BOUND('',#1945,.T.);
#1947=DIRECTION('',(-0.9957603339549828,0.09193040348870186,-0.0031871988117236688));
#1948=DIRECTION('',(0.09187982282678542,0.9956791244879226,0.013460282919857791));
#1949=AXIS2_PLACEMENT_3D('',#54,#1947,#1948);
#1950=PLANE('',#1949);
#1951=FACE_SURFACE('',(#1946),#1950,.T.);
#1952=POLY_LOOP('',(#133,#134,#135));
#1953=FACE_OUTER_BOUND('',#1952,.T.);
#1954=DIRECTION('',(-0.9963286112627654,0.08549289576737017,0.004501461153763327));
#1955=DIRECTION('',(0.08554636472234099,0.9962433510725444,0.013453807139221135));
#1956=AXIS2_PLACEMENT_3D('',#133,#1954,#1955);
#1957=PLANE('',#1956);
#1958=FACE_SURFACE('',(#1953),#1957,.T.);
#1959=POLY_LOOP('',(#135,#134,#53));
#1960=FACE_OUTER_BOUND('',#1959,.T.);
#1961=DIRECTION('',(-0.994419141120231,0.10479639706433569,-0.01217731234863123));
#1962=DIRECTION('',(0.05913994982317502,0.6492895417917094,0.7582384567237569));
#1963=AXIS2_PLACEMENT_3D('',#135,#1961,#1962);
#1964=PLANE('',#1963);
#1965=FACE_SURFACE('',(#1960),#1964,.T.);
#1966=POLY_LOOP('',(#54,#56,#136));
#1967=FACE_OUTER_BOUND('',#1966,.T.);
#1968=DIRECTION('',(-0.9958232831852545,0.09078872694015129,0.009664146456210408));
#1969=DIRECTION('',(-0.0024997122833804574,-0.13291997723050222,0.9911236204891613));
#1970=AXIS2_PLACEMENT_3D('',#54,#1968,#1969);
#1971=PLANE('',#1970);
#1972=FACE_SURFACE('',(#1967),#1971,.T.);
#1973=POLY_LOOP('',(#44,#130,#42));
#1974=FACE_OUTER_BOUND('',#1973,.T.);
#1975=DIRECTION('',(-0.9983519674202754,0.057071688675684004,0.006014274667068894));
#1976=DIRECTION('',(-0.008206075543529806,-0.24569558761375032,0.9693123018673124));
#1977=AXIS2_PLACEMENT_3D('',#44,#1975,#1976);
#1978=PLANE('',#1977);
#1979=FACE_SURFACE('',(#1974),#1978,.T.);
#1980=POLY_LOOP('',(#136,#137,#54));
#1981=FACE_OUTER_BOUND('',#1980,.T.);
#1982=DIRECTION('',(-0.9957668080244452,0.09142268342883625,0.009505629462510842));
#1983=DIRECTION('',(0.08420243773185007,0.9487844628009274,-0.30449629329036093));
#1984=AXIS2_PLACEMENT_3D('',#136,#1982,#1983);
#1985=PLANE('',#1984);
#1986=FACE_SURFACE('',(#1981),#1985,.T.);
#1987=POLY_LOOP('',(#54,#138,#139));
#1988=FACE_OUTER_BOUND('',#1987,.T.);
#1989=DIRECTION('',(-0.9957226633549712,0.09193083222568854,0.009224953526975811));
#1990=DIRECTION('',(0.06902313222716813,0.6737791751755384,0.7357019983099964));
#1991=AXIS2_PLACEMENT_3D('',#54,#1989,#1990);
#1992=PLANE('',#1991);
#1993=FACE_SURFACE('',(#1988),#1992,.T.);
#1994=POLY_LOOP('',(#139,#140,#54));
#1995=FACE_OUTER_BOUND('',#1994,.T.);
#1996=DIRECTION('',(-0.9957266517886977,0.09188223226917618,0.009278486455381768));
#1997=DIRECTION('',(0.040391244118281565,0.523652782735813,-0.8509737425629635));
#1998=AXIS2_PLACEMENT_3D('',#139,#1996,#1997);
#1999=PLANE('',#1998);
#2000=FACE_SURFACE('',(#1995),#1999,.T.);
#2001=POLY_LOOP('',(#54,#140,#141));
#2002=FACE_OUTER_BOUND('',#2001,.T.);
#2003=DIRECTION('',(-0.9957315428186646,0.09180672014210566,0.009498461597068077));
#2004=DIRECTION('',(0.08989710849332007,0.9413793184181352,0.32515148583260023));
#2005=AXIS2_PLACEMENT_3D('',#54,#2003,#2004);
#2006=PLANE('',#2005);
#2007=FACE_SURFACE('',(#2002),#2006,.T.);
#2008=POLY_LOOP('',(#54,#141,#39));
#2009=FACE_OUTER_BOUND('',#2008,.T.);
#2010=DIRECTION('',(-0.9957341124316295,0.09175318084915277,0.009743261469238217));
#2011=DIRECTION('',(0.0917113874740576,0.9725904918352,0.21367441727859496));
#2012=AXIS2_PLACEMENT_3D('',#54,#2010,#2011);
#2013=PLANE('',#2012);
#2014=FACE_SURFACE('',(#2009),#2013,.T.);
#2015=POLY_LOOP('',(#53,#134,#54));
#2016=FACE_OUTER_BOUND('',#2015,.T.);
#2017=DIRECTION('',(-0.9960261475455243,0.08905715475459088,-0.0008582497528288956));
#2018=DIRECTION('',(0.051126900626285714,0.5796469928770048,0.8132621986057113));
#2019=AXIS2_PLACEMENT_3D('',#53,#2017,#2018);
#2020=PLANE('',#2019);
#2021=FACE_SURFACE('',(#2016),#2020,.T.);
#2022=POLY_LOOP('',(#54,#134,#91));
#2023=FACE_OUTER_BOUND('',#2022,.T.);
#2024=DIRECTION('',(-0.9959977212568697,0.08892018131591492,0.00904105114837542));
#2025=DIRECTION('',(-0.0890374805057639,-0.9959364475099317,-0.013524776762764043));
#2026=AXIS2_PLACEMENT_3D('',#54,#2024,#2025);
#2027=PLANE('',#2026);
#2028=FACE_SURFACE('',(#2023),#2027,.T.);
#2029=POLY_LOOP('',(#54,#137,#138));
#2030=FACE_OUTER_BOUND('',#2029,.T.);
#2031=DIRECTION('',(-0.9957377797592099,0.09175001265192223,0.009391972027834422));
#2032=DIRECTION('',(0.03883172822796719,0.32469313488731877,0.9450219389198721));
#2033=AXIS2_PLACEMENT_3D('',#54,#2031,#2032);
#2034=PLANE('',#2033);
#2035=FACE_SURFACE('',(#2030),#2034,.T.);
#2036=POLY_LOOP('',(#104,#98,#103));
#2037=FACE_OUTER_BOUND('',#2036,.T.);
#2038=DIRECTION('',(-0.9989855732204493,0.04484408108117508,0.0041027904400319296));
#2039=DIRECTION('',(0.03733800132459696,0.8758010595361224,-0.481225911368548));
#2040=AXIS2_PLACEMENT_3D('',#104,#2038,#2039);
#2041=PLANE('',#2040);
#2042=FACE_SURFACE('',(#2037),#2041,.T.);
#2043=POLY_LOOP('',(#142,#130,#44));
#2044=FACE_OUTER_BOUND('',#2043,.T.);
#2045=DIRECTION('',(-0.998333145186637,0.05739143089805516,0.006095480393778342));
#2046=DIRECTION('',(0.00155875104353268,-0.07876407918359195,0.9968920654341398));
#2047=AXIS2_PLACEMENT_3D('',#142,#2045,#2046);
#2048=PLANE('',#2047);
#2049=FACE_SURFACE('',(#2044),#2048,.T.);
#2050=POLY_LOOP('',(#112,#143,#142));
#2051=FACE_OUTER_BOUND('',#2050,.T.);
#2052=DIRECTION('',(-0.9990100997632498,0.04437172871048095,0.0031575722105851994));
#2053=DIRECTION('',(0.03510987228526238,0.7429142583603601,0.6684651835308919));
#2054=AXIS2_PLACEMENT_3D('',#112,#2052,#2053);
#2055=PLANE('',#2054);
#2056=FACE_SURFACE('',(#2051),#2055,.T.);
#2057=POLY_LOOP('',(#103,#100,#112));
#2058=FACE_OUTER_BOUND('',#2057,.T.);
#2059=DIRECTION('',(-0.9989710831446293,0.04534751410905197,-0.0006148210921327082));
#2060=DIRECTION('',(0.045098067615339264,0.994725082505476,0.09213128964600528));
#2061=AXIS2_PLACEMENT_3D('',#103,#2059,#2060);
#2062=PLANE('',#2061);
#2063=FACE_SURFACE('',(#2058),#2062,.T.);
#2064=POLY_LOOP('',(#112,#100,#144));
#2065=FACE_OUTER_BOUND('',#2064,.T.);
#2066=DIRECTION('',(-0.9988405124820305,0.04807827437532286,-0.0024718733231933214));
#2067=DIRECTION('',(0.024972753444322104,0.5613459034557756,0.82720441141161));
#2068=AXIS2_PLACEMENT_3D('',#112,#2066,#2067);
#2069=PLANE('',#2068);
#2070=FACE_SURFACE('',(#2065),#2069,.T.);
#2071=POLY_LOOP('',(#145,#143,#146));
#2072=FACE_OUTER_BOUND('',#2071,.T.);
#2073=DIRECTION('',(-0.9985375164041985,0.05379671079066675,0.0053611791091480645));
#2074=DIRECTION('',(0.011001332676583582,0.29928135230602554,-0.954101484560849));
#2075=AXIS2_PLACEMENT_3D('',#145,#2073,#2074);
#2076=PLANE('',#2075);
#2077=FACE_SURFACE('',(#2072),#2076,.T.);
#2078=POLY_LOOP('',(#146,#143,#147));
#2079=FACE_OUTER_BOUND('',#2078,.T.);
#2080=DIRECTION('',(-0.9985782015020973,0.05307517621478341,0.004959955101241425));
#2081=DIRECTION('',(0.02143298970476593,0.4849517052629304,-0.8742782569153205));
#2082=AXIS2_PLACEMENT_3D('',#146,#2080,#2081);
#2083=PLANE('',#2082);
#2084=FACE_SURFACE('',(#2079),#2083,.T.);
#2085=POLY_LOOP('',(#146,#147,#148));
#2086=FACE_OUTER_BOUND('',#2085,.T.);
#2087=DIRECTION('',(-0.9985827411917183,0.05298253449320325,0.005035874572555487));
#2088=DIRECTION('',(-0.03745093241503914,-0.6323030351394737,-0.7738154168887136));
#2089=AXIS2_PLACEMENT_3D('',#146,#2087,#2088);
#2090=PLANE('',#2089);
#2091=FACE_SURFACE('',(#2086),#2090,.T.);
#2092=POLY_LOOP('',(#148,#147,#149));
#2093=FACE_OUTER_BOUND('',#2092,.T.);
#2094=DIRECTION('',(-0.9986087721863719,0.05247409120888581,0.005195177016068837));
#2095=DIRECTION('',(-0.02062178936376397,-0.2979575093749789,-0.9543563613297162));
#2096=AXIS2_PLACEMENT_3D('',#148,#2094,#2095);
#2097=PLANE('',#2096);
#2098=FACE_SURFACE('',(#2093),#2097,.T.);
#2099=POLY_LOOP('',(#142,#143,#130));
#2100=FACE_OUTER_BOUND('',#2099,.T.);
#2101=DIRECTION('',(-0.9984259901502052,0.055766781950418766,0.0059672626452323555));
#2102=DIRECTION('',(-0.007547671066057352,-0.2390294190324553,0.9709829913538576));
#2103=AXIS2_PLACEMENT_3D('',#142,#2101,#2102);
#2104=PLANE('',#2103);
#2105=FACE_SURFACE('',(#2100),#2104,.T.);
#2106=POLY_LOOP('',(#150,#151,#147));
#2107=FACE_OUTER_BOUND('',#2106,.T.);
#2108=DIRECTION('',(-0.9986952834511802,0.050818212124812634,0.005023955493879709));
#2109=DIRECTION('',(0.048623961612602275,0.9162648526594237,0.3976109029416834));
#2110=AXIS2_PLACEMENT_3D('',#150,#2108,#2109);
#2111=PLANE('',#2110);
#2112=FACE_SURFACE('',(#2107),#2111,.T.);
#2113=POLY_LOOP('',(#147,#152,#149));
#2114=FACE_OUTER_BOUND('',#2113,.T.);
#2115=DIRECTION('',(-0.9986339326193555,0.0519862091477186,0.005263333511206724));
#2116=DIRECTION('',(0.0009747503951928251,-0.08217775477933949,0.9966172116119076));
#2117=AXIS2_PLACEMENT_3D('',#147,#2115,#2116);
#2118=PLANE('',#2117);
#2119=FACE_SURFACE('',(#2114),#2118,.T.);
#2120=POLY_LOOP('',(#144,#153,#147));
#2121=FACE_OUTER_BOUND('',#2120,.T.);
#2122=DIRECTION('',(-0.9987063371567161,0.05052203577995103,0.0057598631637362065));
#2123=DIRECTION('',(0.010587582488224423,0.09581656604388081,0.9953426991587438));
#2124=AXIS2_PLACEMENT_3D('',#144,#2122,#2123);
#2125=PLANE('',#2124);
#2126=FACE_SURFACE('',(#2121),#2125,.T.);
#2127=POLY_LOOP('',(#147,#153,#154));
#2128=FACE_OUTER_BOUND('',#2127,.T.);
#2129=DIRECTION('',(-0.9987321513761996,0.050136233426364765,0.004521936010711115));
#2130=DIRECTION('',(-0.046510923015182115,-0.9534010873951717,0.29809914557740697));
#2131=AXIS2_PLACEMENT_3D('',#147,#2129,#2130);
#2132=PLANE('',#2131);
#2133=FACE_SURFACE('',(#2128),#2132,.T.);
#2134=POLY_LOOP('',(#147,#154,#150));
#2135=FACE_OUTER_BOUND('',#2134,.T.);
#2136=DIRECTION('',(-0.9987182124252173,0.050386723013018594,0.00480731881487562));
#2137=DIRECTION('',(-0.03467397846915367,-0.750266116983198,0.6602260741019511));
#2138=AXIS2_PLACEMENT_3D('',#147,#2136,#2137);
#2139=PLANE('',#2138);
#2140=FACE_SURFACE('',(#2135),#2139,.T.);
#2141=POLY_LOOP('',(#144,#147,#112));
#2142=FACE_OUTER_BOUND('',#2141,.T.);
#2143=DIRECTION('',(-0.9986491073632265,0.05168051376016871,-0.005393038115560042));
#2144=DIRECTION('',(0.05084689445447383,0.9933350703965624,0.10344095535421147));
#2145=AXIS2_PLACEMENT_3D('',#144,#2143,#2144);
#2146=PLANE('',#2145);
#2147=FACE_SURFACE('',(#2142),#2146,.T.);
#2148=POLY_LOOP('',(#112,#147,#143));
#2149=FACE_OUTER_BOUND('',#2148,.T.);
#2150=DIRECTION('',(-0.9984855218988914,0.054424159084558756,-0.008041981486967236));
#2151=DIRECTION('',(0.03198716553094148,0.6932386659049644,0.7199978981466554));
#2152=AXIS2_PLACEMENT_3D('',#112,#2150,#2151);
#2153=PLANE('',#2152);
#2154=FACE_SURFACE('',(#2149),#2153,.T.);
#2155=POLY_LOOP('',(#147,#151,#152));
#2156=FACE_OUTER_BOUND('',#2155,.T.);
#2157=DIRECTION('',(-0.9986702035129343,0.051290565320840885,0.005206008500073647));
#2158=DIRECTION('',(-0.013571316691040749,-0.358970094221283,0.9332503902051339));
#2159=AXIS2_PLACEMENT_3D('',#147,#2157,#2158);
#2160=PLANE('',#2159);
#2161=FACE_SURFACE('',(#2156),#2160,.T.);
#2162=POLY_LOOP('',(#122,#155,#156));
#2163=FACE_OUTER_BOUND('',#2162,.T.);
#2164=DIRECTION('',(-0.9996451997067707,0.026526719004439796,0.002409954785827395));
#2165=DIRECTION('',(-0.006186691261381024,-0.3192366725237738,0.9476548273328138));
#2166=AXIS2_PLACEMENT_3D('',#122,#2164,#2165);
#2167=PLANE('',#2166);
#2168=FACE_SURFACE('',(#2163),#2167,.T.);
#2169=POLY_LOOP('',(#157,#158,#70));
#2170=FACE_OUTER_BOUND('',#2169,.T.);
#2171=DIRECTION('',(-0.991468779643229,0.1296926477303165,0.013018299330810322));
#2172=DIRECTION('',(0.08815593961544875,0.5936395252098792,0.7998878949072218));
#2173=AXIS2_PLACEMENT_3D('',#157,#2171,#2172);
#2174=PLANE('',#2173);
#2175=FACE_SURFACE('',(#2170),#2174,.T.);
#2176=POLY_LOOP('',(#70,#159,#160));
#2177=FACE_OUTER_BOUND('',#2176,.T.);
#2178=DIRECTION('',(-0.9912921084665421,0.13093696101140737,0.013980984695457565));
#2179=DIRECTION('',(-0.061844260439801485,-0.5566649803254021,0.8284318844238032));
#2180=AXIS2_PLACEMENT_3D('',#70,#2178,#2179);
#2181=PLANE('',#2180);
#2182=FACE_SURFACE('',(#2177),#2181,.T.);
#2183=POLY_LOOP('',(#161,#162,#163));
#2184=FACE_OUTER_BOUND('',#2183,.T.);
#2185=DIRECTION('',(-0.9491905219399548,0.3129343661580509,0.03330819023325913));
#2186=DIRECTION('',(0.05594770999726449,0.2719536248754053,-0.9606826113046854));
#2187=AXIS2_PLACEMENT_3D('',#161,#2185,#2186);
#2188=PLANE('',#2187);
#2189=FACE_SURFACE('',(#2184),#2188,.T.);
#2190=POLY_LOOP('',(#161,#163,#164));
#2191=FACE_OUTER_BOUND('',#2190,.T.);
#2192=DIRECTION('',(-0.9540181418372495,0.29795859920119133,0.03271174418256866));
#2193=DIRECTION('',(-0.01982584117456245,0.04616820748637888,-0.9987369186323373));
#2194=AXIS2_PLACEMENT_3D('',#161,#2192,#2193);
#2195=PLANE('',#2194);
#2196=FACE_SURFACE('',(#2191),#2195,.T.);
#2197=POLY_LOOP('',(#164,#163,#165));
#2198=FACE_OUTER_BOUND('',#2197,.T.);
#2199=DIRECTION('',(-0.9659534591223986,0.25697573731130086,0.029956389014469967));
#2200=DIRECTION('',(-0.01215118179359131,0.07059791095260666,-0.9974308415875995));
#2201=AXIS2_PLACEMENT_3D('',#164,#2199,#2200);
#2202=PLANE('',#2201);
#2203=FACE_SURFACE('',(#2198),#2202,.T.);
#2204=POLY_LOOP('',(#164,#165,#166));
#2205=FACE_OUTER_BOUND('',#2204,.T.);
#2206=DIRECTION('',(-0.9578133617244519,0.286328450529544,0.0246897249773007));
#2207=DIRECTION('',(-0.0722353476495108,-0.15670321082484062,-0.9850005879526874));
#2208=AXIS2_PLACEMENT_3D('',#164,#2206,#2207);
#2209=PLANE('',#2208);
#2210=FACE_SURFACE('',(#2205),#2209,.T.);
#2211=POLY_LOOP('',(#166,#165,#167));
#2212=FACE_OUTER_BOUND('',#2211,.T.);
#2213=DIRECTION('',(-0.9625959008075772,0.269641256800338,0.026508949047122487));
#2214=DIRECTION('',(-0.0534507515549986,-0.09307050211775549,-0.9942237669628275));
#2215=AXIS2_PLACEMENT_3D('',#166,#2213,#2214);
#2216=PLANE('',#2215);
#2217=FACE_SURFACE('',(#2212),#2216,.T.);
#2218=POLY_LOOP('',(#166,#167,#168));
#2219=FACE_OUTER_BOUND('',#2218,.T.);
#2220=DIRECTION('',(-0.9625708093504018,0.2696188757411011,0.02762424353022292));
#2221=DIRECTION('',(-0.27005057560607326,-0.9627550414808611,-0.01324449765050227));
#2222=AXIS2_PLACEMENT_3D('',#166,#2220,#2221);
#2223=PLANE('',#2222);
#2224=FACE_SURFACE('',(#2219),#2223,.T.);
#2225=POLY_LOOP('',(#169,#162,#161));
#2226=FACE_OUTER_BOUND('',#2225,.T.);
#2227=DIRECTION('',(-0.9521868615674548,0.3039800804348352,0.030598878364278295));
#2228=DIRECTION('',(0.04765976749188746,0.24672040449739432,-0.9679140398647297));
#2229=AXIS2_PLACEMENT_3D('',#169,#2227,#2228);
#2230=PLANE('',#2229);
#2231=FACE_SURFACE('',(#2226),#2230,.T.);
#2232=POLY_LOOP('',(#169,#170,#162));
#2233=FACE_OUTER_BOUND('',#2232,.T.);
#2234=DIRECTION('',(-0.9490852659723307,0.3132733533603043,0.033120446685092196));
#2235=DIRECTION('',(0.09450151679025144,0.18283918273906768,0.9785904641777641));
#2236=AXIS2_PLACEMENT_3D('',#169,#2234,#2235);
#2237=PLANE('',#2236);
#2238=FACE_SURFACE('',(#2233),#2237,.T.);
#2239=POLY_LOOP('',(#162,#171,#172));
#2240=FACE_OUTER_BOUND('',#2239,.T.);
#2241=DIRECTION('',(-0.9479441084690107,0.31662760771773923,0.03389579988485627));
#2242=DIRECTION('',(-0.03465328396097155,-0.2083843771476315,0.9774329139493482));
#2243=AXIS2_PLACEMENT_3D('',#162,#2241,#2242);
#2244=PLANE('',#2243);
#2245=FACE_SURFACE('',(#2240),#2244,.T.);
#2246=POLY_LOOP('',(#172,#173,#162));
#2247=FACE_OUTER_BOUND('',#2246,.T.);
#2248=DIRECTION('',(-0.94647942394639,0.3208799138753299,0.03482500419914761));
#2249=DIRECTION('',(0.3028491219778011,0.8455824254589325,0.4396279916841782));
#2250=AXIS2_PLACEMENT_3D('',#172,#2248,#2249);
#2251=PLANE('',#2250);
#2252=FACE_SURFACE('',(#2247),#2251,.T.);
#2253=POLY_LOOP('',(#162,#173,#174));
#2254=FACE_OUTER_BOUND('',#2253,.T.);
#2255=DIRECTION('',(-0.9448727255278387,0.32549002639263175,0.0356619583382293));
#2256=DIRECTION('',(-0.021806689034343803,-0.17122261648471943,0.9849910070236613));
#2257=AXIS2_PLACEMENT_3D('',#162,#2255,#2256);
#2258=PLANE('',#2257);
#2259=FACE_SURFACE('',(#2254),#2258,.T.);
#2260=POLY_LOOP('',(#162,#174,#175));
#2261=FACE_OUTER_BOUND('',#2260,.T.);
#2262=DIRECTION('',(-0.9429769466968697,0.3308392072485117,0.036604602790159854));
#2263=DIRECTION('',(-0.020173968436789286,-0.16657405983186932,0.9858225467033306));
#2264=AXIS2_PLACEMENT_3D('',#162,#2262,#2263);
#2265=PLANE('',#2264);
#2266=FACE_SURFACE('',(#2261),#2265,.T.);
#2267=POLY_LOOP('',(#175,#176,#162));
#2268=FACE_OUTER_BOUND('',#2267,.T.);
#2269=DIRECTION('',(-0.9407735212922012,0.33696224863494495,0.03743827760934161));
#2270=DIRECTION('',(0.3171348868334286,0.9136651598853464,-0.25424680758041585));
#2271=AXIS2_PLACEMENT_3D('',#175,#2269,#2270);
#2272=PLANE('',#2271);
#2273=FACE_SURFACE('',(#2268),#2272,.T.);
#2274=POLY_LOOP('',(#162,#176,#177));
#2275=FACE_OUTER_BOUND('',#2274,.T.);
#2276=DIRECTION('',(-0.9395362250249196,0.3403494071158199,0.03786770314970211));
#2277=DIRECTION('',(-0.0049265048587017095,-0.1240008364802827,0.9922698837020436));
#2278=AXIS2_PLACEMENT_3D('',#162,#2276,#2277);
#2279=PLANE('',#2278);
#2280=FACE_SURFACE('',(#2275),#2279,.T.);
#2281=POLY_LOOP('',(#162,#170,#171));
#2282=FACE_OUTER_BOUND('',#2281,.T.);
#2283=DIRECTION('',(-0.9488564324621048,0.31394761842547625,0.03329209305914341));
#2284=DIRECTION('',(-0.0429257051058296,-0.2327663032443895,0.9715849072083758));
#2285=AXIS2_PLACEMENT_3D('',#162,#2283,#2284);
#2286=PLANE('',#2285);
#2287=FACE_SURFACE('',(#2282),#2286,.T.);
#2288=POLY_LOOP('',(#162,#177,#178));
#2289=FACE_OUTER_BOUND('',#2288,.T.);
#2290=DIRECTION('',(-0.9378884078811992,0.3448102207704161,0.038356824872848916));
#2291=DIRECTION('',(0.000512179484996546,-0.10918222173056605,0.9940216195486659));
#2292=AXIS2_PLACEMENT_3D('',#162,#2290,#2291);
#2293=PLANE('',#2292);
#2294=FACE_SURFACE('',(#2289),#2293,.T.);
#2295=POLY_LOOP('',(#166,#179,#180));
#2296=FACE_OUTER_BOUND('',#2295,.T.);
#2297=DIRECTION('',(-0.9594528453461032,0.2801183076647125,0.03136831631318986));
#2298=DIRECTION('',(-0.026256531140429636,-0.19962219357542532,0.9795210944153306));
#2299=AXIS2_PLACEMENT_3D('',#166,#2297,#2298);
#2300=PLANE('',#2299);
#2301=FACE_SURFACE('',(#2296),#2300,.T.);
#2302=POLY_LOOP('',(#181,#182,#166));
#2303=FACE_OUTER_BOUND('',#2302,.T.);
#2304=DIRECTION('',(-0.9617618208113151,0.2722974627369557,0.029466791761573793));
#2305=DIRECTION('',(0.25470938637034923,0.8496764826591343,0.4617066203887939));
#2306=AXIS2_PLACEMENT_3D('',#181,#2304,#2305);
#2307=PLANE('',#2306);
#2308=FACE_SURFACE('',(#2303),#2307,.T.);
#2309=POLY_LOOP('',(#183,#184,#185));
#2310=FACE_OUTER_BOUND('',#2309,.T.);
#2311=DIRECTION('',(-0.9711415045731446,0.23732369041975585,0.023699030802057337));
#2312=DIRECTION('',(-0.2032933090841706,-0.8756359915045465,0.4381020895447287));
#2313=AXIS2_PLACEMENT_3D('',#183,#2311,#2312);
#2314=PLANE('',#2313);
#2315=FACE_SURFACE('',(#2310),#2314,.T.);
#2316=POLY_LOOP('',(#185,#186,#183));
#2317=FACE_OUTER_BOUND('',#2316,.T.);
#2318=DIRECTION('',(-0.9707373302520983,0.2388349863018048,0.02503767108270151));
#2319=DIRECTION('',(0.23801642146000326,0.9430470836512305,0.23240133633928037));
#2320=AXIS2_PLACEMENT_3D('',#185,#2318,#2319);
#2321=PLANE('',#2320);
#2322=FACE_SURFACE('',(#2317),#2321,.T.);
#2323=POLY_LOOP('',(#183,#186,#187));
#2324=FACE_OUTER_BOUND('',#2323,.T.);
#2325=DIRECTION('',(-0.9700080213388549,0.24156064116934933,0.027072036793202876));
#2326=DIRECTION('',(-0.12006275691870473,-0.5729817723718965,0.810726108455032));
#2327=AXIS2_PLACEMENT_3D('',#183,#2325,#2326);
#2328=PLANE('',#2327);
#2329=FACE_SURFACE('',(#2324),#2328,.T.);
#2330=POLY_LOOP('',(#183,#187,#188));
#2331=FACE_OUTER_BOUND('',#2330,.T.);
#2332=DIRECTION('',(-0.9688101083405624,0.24635696884191532,0.026743557732127696));
#2333=DIRECTION('',(0.042222652099549576,0.057764629990222985,0.9974369630065716));
#2334=AXIS2_PLACEMENT_3D('',#183,#2332,#2333);
#2335=PLANE('',#2334);
#2336=FACE_SURFACE('',(#2331),#2335,.T.);
#2337=POLY_LOOP('',(#189,#184,#165));
#2338=FACE_OUTER_BOUND('',#2337,.T.);
#2339=DIRECTION('',(-0.9718887578296593,0.234019100467586,0.025832208977622236));
#2340=DIRECTION('',(0.19931839010150146,0.7594110710413431,0.6193278651467136));
#2341=AXIS2_PLACEMENT_3D('',#189,#2339,#2340);
#2342=PLANE('',#2341);
#2343=FACE_SURFACE('',(#2338),#2342,.T.);
#2344=POLY_LOOP('',(#165,#184,#183));
#2345=FACE_OUTER_BOUND('',#2344,.T.);
#2346=DIRECTION('',(-0.9707704037255195,0.23856006105539493,0.02634237118860066));
#2347=DIRECTION('',(-0.00044313156570962626,-0.11153660703072828,0.9937602270801987));
#2348=AXIS2_PLACEMENT_3D('',#165,#2346,#2347);
#2349=PLANE('',#2348);
#2350=FACE_SURFACE('',(#2345),#2349,.T.);
#2351=POLY_LOOP('',(#166,#182,#179));
#2352=FACE_OUTER_BOUND('',#2351,.T.);
#2353=DIRECTION('',(-0.9608009376558683,0.27556690131609307,0.03040462298156285));
#2354=DIRECTION('',(-0.04499462550598241,-0.26320826317317436,0.9636892102088398));
#2355=AXIS2_PLACEMENT_3D('',#166,#2353,#2354);
#2356=PLANE('',#2355);
#2357=FACE_SURFACE('',(#2352),#2356,.T.);
#2358=POLY_LOOP('',(#165,#183,#190));
#2359=FACE_OUTER_BOUND('',#2358,.T.);
#2360=DIRECTION('',(-0.9684753488271264,0.24765285517469185,0.026899108498223093));
#2361=DIRECTION('',(0.01135898088353362,-0.06396610730918907,0.9978874238454942));
#2362=AXIS2_PLACEMENT_3D('',#165,#2360,#2361);
#2363=PLANE('',#2362);
#2364=FACE_SURFACE('',(#2359),#2363,.T.);
#2365=POLY_LOOP('',(#190,#188,#191));
#2366=FACE_OUTER_BOUND('',#2365,.T.);
#2367=DIRECTION('',(-0.9678047256237876,0.2502100271218626,0.027367049310106712));
#2368=DIRECTION('',(-0.08856011968641733,-0.44027395459137675,0.8934852825366503));
#2369=AXIS2_PLACEMENT_3D('',#190,#2367,#2368);
#2370=PLANE('',#2369);
#2371=FACE_SURFACE('',(#2366),#2370,.T.);
#2372=POLY_LOOP('',(#180,#192,#166));
#2373=FACE_OUTER_BOUND('',#2372,.T.);
#2374=DIRECTION('',(-0.9577853694303552,0.2859676405093603,0.029490586407656352));
#2375=DIRECTION('',(0.23060047945490567,0.8254741070712629,-0.5151853233837982));
#2376=AXIS2_PLACEMENT_3D('',#180,#2374,#2375);
#2377=PLANE('',#2376);
#2378=FACE_SURFACE('',(#2373),#2377,.T.);
#2379=POLY_LOOP('',(#166,#192,#193));
#2380=FACE_OUTER_BOUND('',#2379,.T.);
#2381=DIRECTION('',(-0.9575270028696128,0.2869287843693257,0.02852913380874696));
#2382=DIRECTION('',(0.21916893700304776,0.6599484467775736,0.7186327467133837));
#2383=AXIS2_PLACEMENT_3D('',#166,#2381,#2382);
#2384=PLANE('',#2383);
#2385=FACE_SURFACE('',(#2380),#2384,.T.);
#2386=POLY_LOOP('',(#166,#193,#164));
#2387=FACE_OUTER_BOUND('',#2386,.T.);
#2388=DIRECTION('',(-0.957664361357293,0.28619817150277904,0.031138041277415738));
#2389=DIRECTION('',(0.28362827105669325,0.9194266954985238,0.27241430847526266));
#2390=AXIS2_PLACEMENT_3D('',#166,#2388,#2389);
#2391=PLANE('',#2390);
#2392=FACE_SURFACE('',(#2387),#2391,.T.);
#2393=POLY_LOOP('',(#168,#194,#166));
#2394=FACE_OUTER_BOUND('',#2393,.T.);
#2395=DIRECTION('',(-0.9626872046711238,0.269294026739345,0.026722146714037165));
#2396=DIRECTION('',(0.17838955528735043,0.5572450632162782,0.8109593738810024));
#2397=AXIS2_PLACEMENT_3D('',#168,#2395,#2396);
#2398=PLANE('',#2397);
#2399=FACE_SURFACE('',(#2394),#2398,.T.);
#2400=POLY_LOOP('',(#166,#194,#181));
#2401=FACE_OUTER_BOUND('',#2400,.T.);
#2402=DIRECTION('',(-0.9624127321851187,0.2701814994497403,0.027634946771525393));
#2403=DIRECTION('',(-0.17053358907973887,-0.6803604416415884,0.712760804509371));
#2404=AXIS2_PLACEMENT_3D('',#166,#2402,#2403);
#2405=PLANE('',#2404);
#2406=FACE_SURFACE('',(#2401),#2405,.T.);
#2407=POLY_LOOP('',(#190,#183,#188));
#2408=FACE_OUTER_BOUND('',#2407,.T.);
#2409=DIRECTION('',(-0.9686415948307946,0.24712291286126886,0.025762893909972693));
#2410=DIRECTION('',(-0.211221916684837,-0.8736221642925001,0.43837155013626483));
#2411=AXIS2_PLACEMENT_3D('',#190,#2409,#2410);
#2412=PLANE('',#2411);
#2413=FACE_SURFACE('',(#2408),#2412,.T.);
#2414=POLY_LOOP('',(#190,#167,#165));
#2415=FACE_OUTER_BOUND('',#2414,.T.);
#2416=DIRECTION('',(-0.9659510623784943,0.2573154211482897,0.02696885479838833));
#2417=DIRECTION('',(0.25772862738964003,0.9661284309433197,0.013107614079273721));
#2418=AXIS2_PLACEMENT_3D('',#190,#2416,#2417);
#2419=PLANE('',#2418);
#2420=FACE_SURFACE('',(#2415),#2419,.T.);
#2421=POLY_LOOP('',(#178,#177,#195));
#2422=FACE_OUTER_BOUND('',#2421,.T.);
#2423=DIRECTION('',(-0.9383639779771039,0.3435991063241324,0.037585887886851355));
#2424=DIRECTION('',(-0.14505068695559017,-0.4901492288288073,0.8594847477950013));
#2425=AXIS2_PLACEMENT_3D('',#178,#2423,#2424);
#2426=PLANE('',#2425);
#2427=FACE_SURFACE('',(#2422),#2426,.T.);
#2428=POLY_LOOP('',(#196,#197,#178));
#2429=FACE_OUTER_BOUND('',#2428,.T.);
#2430=DIRECTION('',(-0.9361421569411607,0.34944221017890276,0.03908968844637986));
#2431=DIRECTION('',(0.15149213846817,0.501148681971009,-0.8519977291877375));
#2432=AXIS2_PLACEMENT_3D('',#196,#2430,#2431);
#2433=PLANE('',#2432);
#2434=FACE_SURFACE('',(#2429),#2433,.T.);
#2435=POLY_LOOP('',(#198,#199,#200));
#2436=FACE_OUTER_BOUND('',#2435,.T.);
#2437=DIRECTION('',(-0.9113360008389207,0.40910435052103306,0.045829291503214284));
#2438=DIRECTION('',(-0.004220899237666464,0.10203516787828346,-0.9947718374208611));
#2439=AXIS2_PLACEMENT_3D('',#198,#2437,#2438);
#2440=PLANE('',#2439);
#2441=FACE_SURFACE('',(#2436),#2440,.T.);
#2442=POLY_LOOP('',(#198,#200,#201));
#2443=FACE_OUTER_BOUND('',#2442,.T.);
#2444=DIRECTION('',(-0.9201489932483604,0.38886132222051123,0.04596414151210071));
#2445=DIRECTION('',(-0.04452042286883142,0.012727976148594534,-0.9989273900393068));
#2446=AXIS2_PLACEMENT_3D('',#198,#2444,#2445);
#2447=PLANE('',#2446);
#2448=FACE_SURFACE('',(#2443),#2447,.T.);
#2449=POLY_LOOP('',(#201,#202,#198));
#2450=FACE_OUTER_BOUND('',#2449,.T.);
#2451=DIRECTION('',(-0.9248522921203783,0.37747455085913084,0.04648872135668493));
#2452=DIRECTION('',(-0.3606013810492924,-0.8314569644092664,-0.4226653053193164));
#2453=AXIS2_PLACEMENT_3D('',#201,#2451,#2452);
#2454=PLANE('',#2453);
#2455=FACE_SURFACE('',(#2450),#2454,.T.);
#2456=POLY_LOOP('',(#198,#202,#162));
#2457=FACE_OUTER_BOUND('',#2456,.T.);
#2458=DIRECTION('',(-0.9342104338678567,0.3534133266963681,0.04847562032441575));
#2459=DIRECTION('',(-0.07217052385917622,-0.05417059141252765,-0.9959201587034521));
#2460=AXIS2_PLACEMENT_3D('',#198,#2458,#2459);
#2461=PLANE('',#2460);
#2462=FACE_SURFACE('',(#2457),#2461,.T.);
#2463=POLY_LOOP('',(#198,#162,#203));
#2464=FACE_OUTER_BOUND('',#2463,.T.);
#2465=DIRECTION('',(-0.9110288242339358,0.410694258345952,0.03683351159747096));
#2466=DIRECTION('',(-0.10964527092251151,-0.1551700371082454,-0.9817841790068501));
#2467=AXIS2_PLACEMENT_3D('',#198,#2465,#2466);
#2468=PLANE('',#2467);
#2469=FACE_SURFACE('',(#2464),#2468,.T.);
#2470=POLY_LOOP('',(#203,#162,#204));
#2471=FACE_OUTER_BOUND('',#2470,.T.);
#2472=DIRECTION('',(-0.9232241335181351,0.38221191704138474,0.03963899293925626));
#2473=DIRECTION('',(-0.07076686067484468,-0.06772499356844994,-0.9951911257021842));
#2474=AXIS2_PLACEMENT_3D('',#203,#2472,#2473);
#2475=PLANE('',#2474);
#2476=FACE_SURFACE('',(#2471),#2475,.T.);
#2477=POLY_LOOP('',(#205,#199,#198));
#2478=FACE_OUTER_BOUND('',#2477,.T.);
#2479=DIRECTION('',(-0.8972805330016542,0.4387540817314805,0.04881086825936223));
#2480=DIRECTION('',(-0.4387623953627804,-0.8741218095595785,-0.2083233603506891));
#2481=AXIS2_PLACEMENT_3D('',#205,#2479,#2480);
#2482=PLANE('',#2481);
#2483=FACE_SURFACE('',(#2478),#2482,.T.);
#2484=POLY_LOOP('',(#203,#204,#206));
#2485=FACE_OUTER_BOUND('',#2484,.T.);
#2486=DIRECTION('',(-0.923209846700786,0.3824218665370232,0.03790903519018338));
#2487=DIRECTION('',(-0.3841907521507773,-0.9161440572222801,-0.11435703904054088));
#2488=AXIS2_PLACEMENT_3D('',#203,#2486,#2487);
#2489=PLANE('',#2488);
#2490=FACE_SURFACE('',(#2485),#2489,.T.);
#2491=POLY_LOOP('',(#207,#208,#209));
#2492=FACE_OUTER_BOUND('',#2491,.T.);
#2493=DIRECTION('',(-0.874075601311619,0.4825309806977204,0.05617558062564134));
#2494=DIRECTION('',(-0.04432404896847774,-0.1943719356683198,0.9799259815453361));
#2495=AXIS2_PLACEMENT_3D('',#207,#2493,#2494);
#2496=PLANE('',#2495);
#2497=FACE_SURFACE('',(#2492),#2496,.T.);
#2498=POLY_LOOP('',(#209,#208,#210));
#2499=FACE_OUTER_BOUND('',#2498,.T.);
#2500=DIRECTION('',(-0.8892476542019218,0.45480470172665555,0.048900846451850576));
#2501=DIRECTION('',(-0.060217640336265796,-0.22236771024324753,0.973101452693144));
#2502=AXIS2_PLACEMENT_3D('',#209,#2500,#2501);
#2503=PLANE('',#2502);
#2504=FACE_SURFACE('',(#2499),#2503,.T.);
#2505=POLY_LOOP('',(#209,#210,#211));
#2506=FACE_OUTER_BOUND('',#2505,.T.);
#2507=DIRECTION('',(-0.8876610493164019,0.45781574954369075,0.04962460071630603));
#2508=DIRECTION('',(-0.052283271340228685,-0.20726127622723053,0.9768875180462814));
#2509=AXIS2_PLACEMENT_3D('',#209,#2507,#2508);
#2510=PLANE('',#2509);
#2511=FACE_SURFACE('',(#2506),#2510,.T.);
#2512=POLY_LOOP('',(#212,#213,#214));
#2513=FACE_OUTER_BOUND('',#2512,.T.);
#2514=DIRECTION('',(-0.8685849884645641,0.4929968769201744,0.05014177062058635));
#2515=DIRECTION('',(0.4870152044878909,0.8679492170104,-0.09736707497224799));
#2516=AXIS2_PLACEMENT_3D('',#212,#2514,#2515);
#2517=PLANE('',#2516);
#2518=FACE_SURFACE('',(#2513),#2517,.T.);
#2519=POLY_LOOP('',(#214,#213,#215));
#2520=FACE_OUTER_BOUND('',#2519,.T.);
#2521=DIRECTION('',(-0.8595384338539029,0.5075762760337221,0.05966577524610538));
#2522=DIRECTION('',(-0.2020197857814088,-0.44467941746997575,0.8726100055760286));
#2523=AXIS2_PLACEMENT_3D('',#214,#2521,#2522);
#2524=PLANE('',#2523);
#2525=FACE_SURFACE('',(#2520),#2524,.T.);
#2526=POLY_LOOP('',(#214,#215,#216));
#2527=FACE_OUTER_BOUND('',#2526,.T.);
#2528=DIRECTION('',(-0.8568867072053618,0.512642067150622,0.05425202302486032));
#2529=DIRECTION('',(0.38736385715023486,0.5708720625370188,0.7239159691486453));
#2530=AXIS2_PLACEMENT_3D('',#214,#2528,#2529);
#2531=PLANE('',#2530);
#2532=FACE_SURFACE('',(#2527),#2531,.T.);
#2533=POLY_LOOP('',(#217,#209,#211));
#2534=FACE_OUTER_BOUND('',#2533,.T.);
#2535=DIRECTION('',(-0.8812220126557607,0.4698254568760847,0.05207498902648458));
#2536=DIRECTION('',(0.013595862601297087,0.13531021929251646,-0.9907099964546324));
#2537=AXIS2_PLACEMENT_3D('',#217,#2535,#2536);
#2538=PLANE('',#2537);
#2539=FACE_SURFACE('',(#2534),#2538,.T.);
#2540=POLY_LOOP('',(#178,#195,#196));
#2541=FACE_OUTER_BOUND('',#2540,.T.);
#2542=DIRECTION('',(-0.9374091362821823,0.34609933837327744,0.03846243871977851));
#2543=DIRECTION('',(-0.07357633941161976,-0.3048079186390237,0.9495676147667067));
#2544=AXIS2_PLACEMENT_3D('',#178,#2542,#2543);
#2545=PLANE('',#2544);
#2546=FACE_SURFACE('',(#2541),#2545,.T.);
#2547=POLY_LOOP('',(#218,#208,#207));
#2548=FACE_OUTER_BOUND('',#2547,.T.);
#2549=DIRECTION('',(-0.8803827266055745,0.47121999537519005,0.05364672080509873));
#2550=DIRECTION('',(-0.02736264564996426,-0.16339499364660692,0.9861812012375107));
#2551=AXIS2_PLACEMENT_3D('',#218,#2549,#2550);
#2552=PLANE('',#2551);
#2553=FACE_SURFACE('',(#2548),#2552,.T.);
#2554=POLY_LOOP('',(#205,#198,#218));
#2555=FACE_OUTER_BOUND('',#2554,.T.);
#2556=DIRECTION('',(-0.8864791198260136,0.45967650357656964,0.05340676148313418));
#2557=DIRECTION('',(-0.041487257395027496,-0.19388428920406311,0.9801467695573323));
#2558=AXIS2_PLACEMENT_3D('',#205,#2556,#2557);
#2559=PLANE('',#2558);
#2560=FACE_SURFACE('',(#2555),#2559,.T.);
#2561=POLY_LOOP('',(#178,#197,#219));
#2562=FACE_OUTER_BOUND('',#2561,.T.);
#2563=DIRECTION('',(-0.9362554721706795,0.3491819836601185,0.038699265078848126));
#2564=DIRECTION('',(0.2615726833182092,0.7663760862085844,-0.5867260227988224));
#2565=AXIS2_PLACEMENT_3D('',#178,#2563,#2564);
#2566=PLANE('',#2565);
#2567=FACE_SURFACE('',(#2562),#2566,.T.);
#2568=POLY_LOOP('',(#178,#219,#162));
#2569=FACE_OUTER_BOUND('',#2568,.T.);
#2570=DIRECTION('',(-0.9362152831637,0.349282608290902,0.03876342498048387));
#2571=DIRECTION('',(0.14698800266897008,0.48938349244509294,-0.8595919522620198));
#2572=AXIS2_PLACEMENT_3D('',#178,#2570,#2571);
#2573=PLANE('',#2572);
#2574=FACE_SURFACE('',(#2569),#2573,.T.);
#2575=POLY_LOOP('',(#162,#219,#204));
#2576=FACE_OUTER_BOUND('',#2575,.T.);
#2577=DIRECTION('',(-0.932178858748282,0.35983550081949167,0.039509336273039174));
#2578=DIRECTION('',(0.013117853411627032,-0.07549281651875889,0.9970600566545308));
#2579=AXIS2_PLACEMENT_3D('',#162,#2577,#2578);
#2580=PLANE('',#2579);
#2581=FACE_SURFACE('',(#2576),#2580,.T.);
#2582=POLY_LOOP('',(#203,#220,#221));
#2583=FACE_OUTER_BOUND('',#2582,.T.);
#2584=DIRECTION('',(-0.9151750307993657,0.40054472536892327,0.04492867659428394));
#2585=DIRECTION('',(-0.019659050281419076,-0.15569659512794545,0.9876092810456963));
#2586=AXIS2_PLACEMENT_3D('',#203,#2584,#2585);
#2587=PLANE('',#2586);
#2588=FACE_SURFACE('',(#2583),#2587,.T.);
#2589=POLY_LOOP('',(#221,#222,#203));
#2590=FACE_OUTER_BOUND('',#2589,.T.);
#2591=DIRECTION('',(-0.9121277794631922,0.40770625498283936,0.04240900351828856));
#2592=DIRECTION('',(0.37974452616024434,0.879429758081719,-0.28704946516525837));
#2593=AXIS2_PLACEMENT_3D('',#221,#2591,#2592);
#2594=PLANE('',#2593);
#2595=FACE_SURFACE('',(#2590),#2594,.T.);
#2596=POLY_LOOP('',(#203,#222,#223));
#2597=FACE_OUTER_BOUND('',#2596,.T.);
#2598=DIRECTION('',(-0.9105412986579505,0.4114639238267693,0.04014950594181197));
#2599=DIRECTION('',(0.2317401063557325,0.42756419758885195,0.873776504631725));
#2600=AXIS2_PLACEMENT_3D('',#203,#2598,#2599);
#2601=PLANE('',#2600);
#2602=FACE_SURFACE('',(#2597),#2601,.T.);
#2603=POLY_LOOP('',(#218,#198,#208));
#2604=FACE_OUTER_BOUND('',#2603,.T.);
#2605=DIRECTION('',(-0.8981848330389919,0.43704536501248503,0.04749057401023834));
#2606=DIRECTION('',(-0.05776658285720197,-0.22442261963392146,0.9727782428188093));
#2607=AXIS2_PLACEMENT_3D('',#218,#2605,#2606);
#2608=PLANE('',#2607);
#2609=FACE_SURFACE('',(#2604),#2608,.T.);
#2610=POLY_LOOP('',(#203,#223,#224));
#2611=FACE_OUTER_BOUND('',#2610,.T.);
#2612=DIRECTION('',(-0.9100043289758633,0.4128129939500071,0.038438955126539213));
#2613=DIRECTION('',(0.3378285038549028,0.6845614811863018,0.6459469641225776));
#2614=AXIS2_PLACEMENT_3D('',#203,#2612,#2613);
#2615=PLANE('',#2614);
#2616=FACE_SURFACE('',(#2611),#2615,.T.);
#2617=POLY_LOOP('',(#225,#226,#203));
#2618=FACE_OUTER_BOUND('',#2617,.T.);
#2619=DIRECTION('',(-0.9227788122347154,0.38344243127583316,0.03809416737462064));
#2620=DIRECTION('',(0.3250253816604796,0.7214482250040933,0.6114498834041124));
#2621=AXIS2_PLACEMENT_3D('',#225,#2619,#2620);
#2622=PLANE('',#2621);
#2623=FACE_SURFACE('',(#2618),#2622,.T.);
#2624=POLY_LOOP('',(#203,#226,#227));
#2625=FACE_OUTER_BOUND('',#2624,.T.);
#2626=DIRECTION('',(-0.9210327879205668,0.387237023505008,0.041786256140627594));
#2627=DIRECTION('',(-0.22801592779750582,-0.6230665659172013,0.7481956903823949));
#2628=AXIS2_PLACEMENT_3D('',#203,#2626,#2627);
#2629=PLANE('',#2628);
#2630=FACE_SURFACE('',(#2625),#2629,.T.);
#2631=POLY_LOOP('',(#203,#227,#220));
#2632=FACE_OUTER_BOUND('',#2631,.T.);
#2633=DIRECTION('',(-0.9183557356425385,0.3933326476783259,0.043728378460783854));
#2634=DIRECTION('',(-0.07171548839707666,-0.2740615455862879,0.9590344925782511));
#2635=AXIS2_PLACEMENT_3D('',#203,#2633,#2634);
#2636=PLANE('',#2635);
#2637=FACE_SURFACE('',(#2632),#2636,.T.);
#2638=POLY_LOOP('',(#224,#228,#203));
#2639=FACE_OUTER_BOUND('',#2638,.T.);
#2640=DIRECTION('',(-0.9102463210283855,0.4121685654875351,0.039606927149637663));
#2641=DIRECTION('',(0.1788585870791244,0.47765230651467094,-0.8601499171128684));
#2642=AXIS2_PLACEMENT_3D('',#224,#2640,#2641);
#2643=PLANE('',#2642);
#2644=FACE_SURFACE('',(#2639),#2643,.T.);
#2645=POLY_LOOP('',(#203,#228,#229));
#2646=FACE_OUTER_BOUND('',#2645,.T.);
#2647=DIRECTION('',(-0.9104081197408552,0.41150220753145994,0.04269647182913409));
#2648=DIRECTION('',(0.41071698950941515,0.8865983347875027,0.21273210213869975));
#2649=AXIS2_PLACEMENT_3D('',#203,#2647,#2648);
#2650=PLANE('',#2649);
#2651=FACE_SURFACE('',(#2646),#2650,.T.);
#2652=POLY_LOOP('',(#203,#229,#198));
#2653=FACE_OUTER_BOUND('',#2652,.T.);
#2654=DIRECTION('',(-0.9104265822844524,0.41116553433209074,0.045457030779160815));
#2655=DIRECTION('',(0.4136357972845575,0.9034096060525895,0.1129447249616986));
#2656=AXIS2_PLACEMENT_3D('',#203,#2654,#2655);
#2657=PLANE('',#2656);
#2658=FACE_SURFACE('',(#2653),#2657,.T.);
#2659=POLY_LOOP('',(#206,#225,#203));
#2660=FACE_OUTER_BOUND('',#2659,.T.);
#2661=DIRECTION('',(-0.923492457078115,0.38190947223269894,0.036150196939536486));
#2662=DIRECTION('',(0.26671457047956965,0.5714812233699083,0.7760622070617353));
#2663=AXIS2_PLACEMENT_3D('',#206,#2661,#2662);
#2664=PLANE('',#2663);
#2665=FACE_SURFACE('',(#2660),#2664,.T.);
#2666=POLY_LOOP('',(#158,#159,#70));
#2667=FACE_OUTER_BOUND('',#2666,.T.);
#2668=DIRECTION('',(-0.9914121935381803,0.13008574585383803,0.013400045875458996));
#2669=DIRECTION('',(0.10804537777572616,0.7570641681292657,0.6443446606250754));
#2670=AXIS2_PLACEMENT_3D('',#158,#2668,#2669);
#2671=PLANE('',#2670);
#2672=FACE_SURFACE('',(#2667),#2671,.T.);
#2673=POLY_LOOP('',(#165,#230,#189));
#2674=FACE_OUTER_BOUND('',#2673,.T.);
#2675=DIRECTION('',(-0.9720470372358007,0.23336904265824227,0.025757471340897703));
#2676=DIRECTION('',(-0.002083406208567605,-0.1182752771419773,0.9929786595066173));
#2677=AXIS2_PLACEMENT_3D('',#165,#2675,#2676);
#2678=PLANE('',#2677);
#2679=FACE_SURFACE('',(#2674),#2678,.T.);
#2680=POLY_LOOP('',(#231,#232,#165));
#2681=FACE_OUTER_BOUND('',#2680,.T.);
#2682=DIRECTION('',(-0.9729551250215828,0.2296077253416364,0.02527087568083291));
#2683=DIRECTION('',(0.0686336853408208,0.18289228050202708,0.9807343325127886));
#2684=AXIS2_PLACEMENT_3D('',#231,#2682,#2683);
#2685=PLANE('',#2684);
#2686=FACE_SURFACE('',(#2681),#2685,.T.);
#2687=POLY_LOOP('',(#233,#234,#235));
#2688=FACE_OUTER_BOUND('',#2687,.T.);
#2689=DIRECTION('',(-0.985267340912567,0.17000349081770308,0.01863008429595998));
#2690=DIRECTION('',(0.1688931974571751,0.9843483582909031,-0.050332865830347656));
#2691=AXIS2_PLACEMENT_3D('',#233,#2689,#2690);
#2692=PLANE('',#2691);
#2693=FACE_SURFACE('',(#2688),#2692,.T.);
#2694=POLY_LOOP('',(#235,#234,#236));
#2695=FACE_OUTER_BOUND('',#2694,.T.);
#2696=DIRECTION('',(-0.9849950794498383,0.1716168853772546,0.018230142978509858));
#2697=DIRECTION('',(0.05821096433357006,0.23093245253526748,0.9712268972785928));
#2698=AXIS2_PLACEMENT_3D('',#235,#2696,#2697);
#2699=PLANE('',#2698);
#2700=FACE_SURFACE('',(#2695),#2699,.T.);
#2701=POLY_LOOP('',(#236,#237,#235));
#2702=FACE_OUTER_BOUND('',#2701,.T.);
#2703=DIRECTION('',(-0.9848242322670813,0.1726323954065782,0.017868620420750544));
#2704=DIRECTION('',(0.13563263332143924,0.8297836149355109,-0.5413528804419977));
#2705=AXIS2_PLACEMENT_3D('',#236,#2703,#2704);
#2706=PLANE('',#2705);
#2707=FACE_SURFACE('',(#2702),#2706,.T.);
#2708=POLY_LOOP('',(#235,#237,#238));
#2709=FACE_OUTER_BOUND('',#2708,.T.);
#2710=DIRECTION('',(-0.9847459668673253,0.17312510791561042,0.017409128287907114));
#2711=DIRECTION('',(0.12993324753951493,0.6651234866380308,0.7353421643740446));
#2712=AXIS2_PLACEMENT_3D('',#235,#2710,#2711);
#2713=PLANE('',#2712);
#2714=FACE_SURFACE('',(#2709),#2713,.T.);
#2715=POLY_LOOP('',(#235,#238,#239));
#2716=FACE_OUTER_BOUND('',#2715,.T.);
#2717=DIRECTION('',(-0.9847649044932634,0.17300342619812883,0.01754700550186031));
#2718=DIRECTION('',(0.1405800455253313,0.7326648197978137,0.6659125412775562));
#2719=AXIS2_PLACEMENT_3D('',#235,#2717,#2718);
#2720=PLANE('',#2719);
#2721=FACE_SURFACE('',(#2716),#2720,.T.);
#2722=POLY_LOOP('',(#240,#241,#235));
#2723=FACE_OUTER_BOUND('',#2722,.T.);
#2724=DIRECTION('',(-0.9860798142037743,0.1653855980311034,0.01715237545485381));
#2725=DIRECTION('',(0.13756665657040126,0.7535446686709746,0.6428420080529839));
#2726=AXIS2_PLACEMENT_3D('',#240,#2724,#2725);
#2727=PLANE('',#2726);
#2728=FACE_SURFACE('',(#2723),#2727,.T.);
#2729=POLY_LOOP('',(#70,#78,#157));
#2730=FACE_OUTER_BOUND('',#2729,.T.);
#2731=DIRECTION('',(-0.9914528282973958,0.12979326088873502,0.013228707002703767));
#2732=DIRECTION('',(-0.1299698408691753,-0.9914260860226528,-0.01349653356402824));
#2733=AXIS2_PLACEMENT_3D('',#70,#2731,#2732);
#2734=PLANE('',#2733);
#2735=FACE_SURFACE('',(#2730),#2734,.T.);
#2736=POLY_LOOP('',(#235,#241,#242));
#2737=FACE_OUTER_BOUND('',#2736,.T.);
#2738=DIRECTION('',(-0.9858754751157056,0.16651679961610918,0.01793608126069213));
#2739=DIRECTION('',(-0.07921737898644998,-0.5579900278276483,0.8260579493663972));
#2740=AXIS2_PLACEMENT_3D('',#235,#2738,#2739);
#2741=PLANE('',#2740);
#2742=FACE_SURFACE('',(#2737),#2741,.T.);
#2743=POLY_LOOP('',(#243,#244,#245));
#2744=FACE_OUTER_BOUND('',#2743,.T.);
#2745=DIRECTION('',(-0.9880621402451017,0.15321830807286915,0.0160423528684613));
#2746=DIRECTION('',(0.030197866151312105,0.29473910739474407,-0.9551004907610806));
#2747=AXIS2_PLACEMENT_3D('',#243,#2745,#2746);
#2748=PLANE('',#2747);
#2749=FACE_SURFACE('',(#2744),#2748,.T.);
#2750=POLY_LOOP('',(#245,#244,#246));
#2751=FACE_OUTER_BOUND('',#2750,.T.);
#2752=DIRECTION('',(-0.9880715887122997,0.15309991077798413,0.01658170375219551));
#2753=DIRECTION('',(0.15307221522565398,0.9646672398503174,0.21444349671995425));
#2754=AXIS2_PLACEMENT_3D('',#245,#2752,#2753);
#2755=PLANE('',#2754);
#2756=FACE_SURFACE('',(#2751),#2755,.T.);
#2757=POLY_LOOP('',(#245,#246,#247));
#2758=FACE_OUTER_BOUND('',#2757,.T.);
#2759=DIRECTION('',(-0.9880720653685857,0.15310043226307732,0.016548452468926056));
#2760=DIRECTION('',(0.15332535857786966,0.9880862751060316,0.013298397048336477));
#2761=AXIS2_PLACEMENT_3D('',#245,#2759,#2760);
#2762=PLANE('',#2761);
#2763=FACE_SURFACE('',(#2758),#2762,.T.);
#2764=POLY_LOOP('',(#247,#246,#248));
#2765=FACE_OUTER_BOUND('',#2764,.T.);
#2766=DIRECTION('',(-0.9871389989471089,0.1589187373641042,0.01736178770456391));
#2767=DIRECTION('',(-0.004747095254895089,-0.13769463361456047,0.9904633526589426));
#2768=AXIS2_PLACEMENT_3D('',#247,#2766,#2767);
#2769=PLANE('',#2768);
#2770=FACE_SURFACE('',(#2765),#2769,.T.);
#2771=POLY_LOOP('',(#247,#248,#235));
#2772=FACE_OUTER_BOUND('',#2771,.T.);
#2773=DIRECTION('',(-0.986134800886426,0.16496945308076255,0.017978710491104822));
#2774=DIRECTION('',(0.0011372807263205023,-0.10161952210343496,0.9948226873770114));
#2775=AXIS2_PLACEMENT_3D('',#247,#2773,#2774);
#2776=PLANE('',#2775);
#2777=FACE_SURFACE('',(#2772),#2776,.T.);
#2778=POLY_LOOP('',(#235,#248,#249));
#2779=FACE_OUTER_BOUND('',#2778,.T.);
#2780=DIRECTION('',(-0.9861506927307242,0.16498652523943144,0.016919152346708627));
#2781=DIRECTION('',(-0.16521913344192507,-0.9861656897702702,-0.013411572041581358));
#2782=AXIS2_PLACEMENT_3D('',#235,#2780,#2781);
#2783=PLANE('',#2782);
#2784=FACE_SURFACE('',(#2779),#2783,.T.);
#2785=POLY_LOOP('',(#235,#242,#233));
#2786=FACE_OUTER_BOUND('',#2785,.T.);
#2787=DIRECTION('',(-0.9856003865477836,0.1680904649674729,0.018370455189736856));
#2788=DIRECTION('',(-0.026641137404464853,-0.2616521364907126,0.9647944906909667));
#2789=AXIS2_PLACEMENT_3D('',#235,#2787,#2788);
#2790=PLANE('',#2789);
#2791=FACE_SURFACE('',(#2786),#2790,.T.);
#2792=POLY_LOOP('',(#235,#249,#240));
#2793=FACE_OUTER_BOUND('',#2792,.T.);
#2794=DIRECTION('',(-0.986178769533425,0.1648484980137559,0.016625499215017707));
#2795=DIRECTION('',(-0.1415884426133224,-0.8906137831993183,0.4321571497658364));
#2796=AXIS2_PLACEMENT_3D('',#235,#2794,#2795);
#2797=PLANE('',#2796);
#2798=FACE_SURFACE('',(#2793),#2797,.T.);
#2799=POLY_LOOP('',(#70,#26,#78));
#2800=FACE_OUTER_BOUND('',#2799,.T.);
#2801=DIRECTION('',(-0.9915071362838584,0.12989281644264666,0.006438550673805147));
#2802=DIRECTION('',(-0.046669022691152494,-0.30915418447682436,-0.9498661445390726));
#2803=AXIS2_PLACEMENT_3D('',#70,#2801,#2802);
#2804=PLANE('',#2803);
#2805=FACE_SURFACE('',(#2800),#2804,.T.);
#2806=POLY_LOOP('',(#89,#250,#26));
#2807=FACE_OUTER_BOUND('',#2806,.T.);
#2808=DIRECTION('',(-0.9927401276494499,0.11980895449075768,0.010623247073530996));
#2809=DIRECTION('',(0.013879258959286102,0.20183850806467782,-0.9793204699346205));
#2810=AXIS2_PLACEMENT_3D('',#89,#2808,#2809);
#2811=PLANE('',#2810);
#2812=FACE_SURFACE('',(#2807),#2811,.T.);
#2813=POLY_LOOP('',(#70,#160,#71));
#2814=FACE_OUTER_BOUND('',#2813,.T.);
#2815=DIRECTION('',(-0.9911237053970995,0.13216949226505775,0.014318726002013737));
#2816=DIRECTION('',(-0.020939093623480978,-0.261559841161346,0.9649601047970215));
#2817=AXIS2_PLACEMENT_3D('',#70,#2815,#2816);
#2818=PLANE('',#2817);
#2819=FACE_SURFACE('',(#2814),#2818,.T.);
#2820=POLY_LOOP('',(#251,#252,#245));
#2821=FACE_OUTER_BOUND('',#2820,.T.);
#2822=DIRECTION('',(-0.9884416936995513,0.15070630180610634,0.016450797922567127));
#2823=DIRECTION('',(0.1497150780235984,0.9874432470323299,-0.05041060704491579));
#2824=AXIS2_PLACEMENT_3D('',#251,#2822,#2823);
#2825=PLANE('',#2824);
#2826=FACE_SURFACE('',(#2821),#2825,.T.);
#2827=POLY_LOOP('',(#245,#252,#253));
#2828=FACE_OUTER_BOUND('',#2827,.T.);
#2829=DIRECTION('',(-0.988225858285946,0.15215323340735826,0.016094924003901348));
#2830=DIRECTION('',(0.05143162715516082,0.23127604801785434,0.9715277542826122));
#2831=AXIS2_PLACEMENT_3D('',#245,#2829,#2830);
#2832=PLANE('',#2831);
#2833=FACE_SURFACE('',(#2828),#2832,.T.);
#2834=POLY_LOOP('',(#253,#254,#245));
#2835=FACE_OUTER_BOUND('',#2834,.T.);
#2836=DIRECTION('',(-0.988087722291319,0.1530817861778914,0.01576768206615807));
#2837=DIRECTION('',(0.1202049509328978,0.8317107084096111,-0.5420406509552604));
#2838=AXIS2_PLACEMENT_3D('',#253,#2836,#2837);
#2839=PLANE('',#2838);
#2840=FACE_SURFACE('',(#2835),#2839,.T.);
#2841=POLY_LOOP('',(#245,#254,#255));
#2842=FACE_OUTER_BOUND('',#2841,.T.);
#2843=DIRECTION('',(-0.98803204708848,0.15347802042473077,0.015400362744229477));
#2844=DIRECTION('',(0.11502574472418194,0.6665892668012579,0.7364969975743342));
#2845=AXIS2_PLACEMENT_3D('',#245,#2843,#2844);
#2846=PLANE('',#2845);
#2847=FACE_SURFACE('',(#2842),#2846,.T.);
#2848=POLY_LOOP('',(#245,#255,#243));
#2849=FACE_OUTER_BOUND('',#2848,.T.);
#2850=DIRECTION('',(-0.9880410128013724,0.15341293920819568,0.015473432261174673));
#2851=DIRECTION('',(0.12433127855277214,0.7333265589285174,0.6684114684410289));
#2852=AXIS2_PLACEMENT_3D('',#245,#2850,#2851);
#2853=PLANE('',#2852);
#2854=FACE_SURFACE('',(#2849),#2853,.T.);
#2855=POLY_LOOP('',(#89,#26,#70));
#2856=FACE_OUTER_BOUND('',#2855,.T.);
#2857=DIRECTION('',(-0.990723616359525,0.13581871396059728,0.004471344942423185));
#2858=DIRECTION('',(-0.05253071384764876,-0.3524223328248645,-0.9343655726903345));
#2859=AXIS2_PLACEMENT_3D('',#89,#2857,#2858);
#2860=PLANE('',#2859);
#2861=FACE_SURFACE('',(#2856),#2860,.T.);
#2862=POLY_LOOP('',(#256,#257,#245));
#2863=FACE_OUTER_BOUND('',#2862,.T.);
#2864=DIRECTION('',(-0.9891423008608258,0.14620246489348432,0.014911334843704823));
#2865=DIRECTION('',(0.04758652931843078,0.22263712381547626,0.9737393046019034));
#2866=AXIS2_PLACEMENT_3D('',#256,#2864,#2865);
#2867=PLANE('',#2866);
#2868=FACE_SURFACE('',(#2863),#2867,.T.);
#2869=POLY_LOOP('',(#258,#259,#245));
#2870=FACE_OUTER_BOUND('',#2869,.T.);
#2871=DIRECTION('',(-0.9890861926040373,0.1465597497011442,0.015124264199859308));
#2872=DIRECTION('',(0.12178397941447232,0.7554457954522672,0.6437936878313321));
#2873=AXIS2_PLACEMENT_3D('',#258,#2871,#2872);
#2874=PLANE('',#2873);
#2875=FACE_SURFACE('',(#2870),#2874,.T.);
#2876=POLY_LOOP('',(#245,#259,#260));
#2877=FACE_OUTER_BOUND('',#2876,.T.);
#2878=DIRECTION('',(-0.9889215520640351,0.14759222560287505,0.015833471029753382));
#2879=DIRECTION('',(-0.06991317627131363,-0.5572085096138985,0.8274242107876191));
#2880=AXIS2_PLACEMENT_3D('',#245,#2878,#2879);
#2881=PLANE('',#2880);
#2882=FACE_SURFACE('',(#2877),#2881,.T.);
#2883=POLY_LOOP('',(#245,#260,#251));
#2884=FACE_OUTER_BOUND('',#2883,.T.);
#2885=DIRECTION('',(-0.9887049392009623,0.14899491136405074,0.016219111789501035));
#2886=DIRECTION('',(-0.02359864556191033,-0.2616303297429013,0.9648796165772515));
#2887=AXIS2_PLACEMENT_3D('',#245,#2885,#2886);
#2888=PLANE('',#2887);
#2889=FACE_SURFACE('',(#2884),#2888,.T.);
#2890=POLY_LOOP('',(#245,#247,#256));
#2891=FACE_OUTER_BOUND('',#2890,.T.);
#2892=DIRECTION('',(-0.9891389908437513,0.1461984859944606,0.015167711941250295));
#2893=DIRECTION('',(0.013650041125454235,0.19411655381778048,-0.9808834996630241));
#2894=AXIS2_PLACEMENT_3D('',#245,#2892,#2893);
#2895=PLANE('',#2894);
#2896=FACE_SURFACE('',(#2891),#2895,.T.);
#2897=POLY_LOOP('',(#256,#247,#250));
#2898=FACE_OUTER_BOUND('',#2897,.T.);
#2899=DIRECTION('',(-0.987835791579409,0.15453102063754745,0.017338181432906805));
#2900=DIRECTION('',(0.021924857638309734,0.2487969706215767,-0.9683074759739626));
#2901=AXIS2_PLACEMENT_3D('',#256,#2899,#2900);
#2902=PLANE('',#2901);
#2903=FACE_SURFACE('',(#2898),#2902,.T.);
#2904=POLY_LOOP('',(#256,#250,#89));
#2905=FACE_OUTER_BOUND('',#2904,.T.);
#2906=DIRECTION('',(-0.9899251771171854,0.14079590428579566,0.014988563835610978));
#2907=DIRECTION('',(0.008867731063656771,0.16729967376353458,-0.9858662092314542));
#2908=AXIS2_PLACEMENT_3D('',#256,#2906,#2907);
#2909=PLANE('',#2908);
#2910=FACE_SURFACE('',(#2905),#2909,.T.);
#2911=POLY_LOOP('',(#245,#257,#258));
#2912=FACE_OUTER_BOUND('',#2911,.T.);
#2913=DIRECTION('',(-0.9891637701412845,0.14608268695209253,0.01465893627575948));
#2914=DIRECTION('',(-0.12532152580475855,-0.892138301359208,0.43403198778186186));
#2915=AXIS2_PLACEMENT_3D('',#245,#2913,#2914);
#2916=PLANE('',#2915);
#2917=FACE_SURFACE('',(#2912),#2916,.T.);
#2918=POLY_LOOP('',(#165,#232,#230));
#2919=FACE_OUTER_BOUND('',#2918,.T.);
#2920=DIRECTION('',(-0.9724997157255993,0.23150015567158003,0.025533915439322798));
#2921=DIRECTION('',(-0.006401040366831234,-0.1361580222976361,0.9906664522664622));
#2922=AXIS2_PLACEMENT_3D('',#165,#2920,#2921);
#2923=PLANE('',#2922);
#2924=FACE_SURFACE('',(#2919),#2923,.T.);
#2925=POLY_LOOP('',(#239,#261,#235));
#2926=FACE_OUTER_BOUND('',#2925,.T.);
#2927=DIRECTION('',(-0.9847907354178322,0.17279228591092408,0.018166820439548245));
#2928=DIRECTION('',(0.034112826596407506,0.29481812055558,-0.954944286779956));
#2929=AXIS2_PLACEMENT_3D('',#239,#2927,#2928);
#2930=PLANE('',#2929);
#2931=FACE_SURFACE('',(#2926),#2930,.T.);
#2932=POLY_LOOP('',(#235,#262,#247));
#2933=FACE_OUTER_BOUND('',#2932,.T.);
#2934=DIRECTION('',(-0.9848105203538396,0.1726656556338749,0.01829782404888013));
#2935=DIRECTION('',(0.1729184329143067,0.9848468606220613,0.013261850599776314));
#2936=AXIS2_PLACEMENT_3D('',#235,#2934,#2935);
#2937=PLANE('',#2936);
#2938=FACE_SURFACE('',(#2933),#2937,.T.);
#2939=POLY_LOOP('',(#263,#165,#264));
#2940=FACE_OUTER_BOUND('',#2939,.T.);
#2941=DIRECTION('',(-0.975685375409349,0.21794325892783414,0.023211723336132292));
#2942=DIRECTION('',(0.017686661550748946,0.18385053355051356,-0.9827950769699555));
#2943=AXIS2_PLACEMENT_3D('',#263,#2941,#2942);
#2944=PLANE('',#2943);
#2945=FACE_SURFACE('',(#2940),#2944,.T.);
#2946=POLY_LOOP('',(#265,#266,#264));
#2947=FACE_OUTER_BOUND('',#2946,.T.);
#2948=DIRECTION('',(-0.9757603492191643,0.21763467536908282,0.022954062139156083));
#2949=DIRECTION('',(0.1803738735866992,0.8592005968186371,-0.47878972436115136));
#2950=AXIS2_PLACEMENT_3D('',#265,#2948,#2949);
#2951=PLANE('',#2950);
#2952=FACE_SURFACE('',(#2947),#2951,.T.);
#2953=POLY_LOOP('',(#264,#266,#267));
#2954=FACE_OUTER_BOUND('',#2953,.T.);
#2955=DIRECTION('',(-0.9756031621848935,0.21840762024327984,0.02228410542300806));
#2956=DIRECTION('',(0.15803452223883277,0.628192705598467,0.7618392313432156));
#2957=AXIS2_PLACEMENT_3D('',#264,#2955,#2956);
#2958=PLANE('',#2957);
#2959=FACE_SURFACE('',(#2954),#2958,.T.);
#2960=POLY_LOOP('',(#264,#267,#263));
#2961=FACE_OUTER_BOUND('',#2960,.T.);
#2962=DIRECTION('',(-0.9756804639904915,0.2179388428205938,0.023458324264954658));
#2963=DIRECTION('',(0.21070941040873775,0.9030182530064867,0.37437892449003446));
#2964=AXIS2_PLACEMENT_3D('',#264,#2962,#2963);
#2965=PLANE('',#2964);
#2966=FACE_SURFACE('',(#2961),#2965,.T.);
#2967=POLY_LOOP('',(#268,#269,#264));
#2968=FACE_OUTER_BOUND('',#2967,.T.);
#2969=DIRECTION('',(-0.9777878543672828,0.20852017993052355,0.02121901066420285));
#2970=DIRECTION('',(0.13731145164201608,0.5607914081846597,0.8164916176876702));
#2971=AXIS2_PLACEMENT_3D('',#268,#2969,#2970);
#2972=PLANE('',#2971);
#2973=FACE_SURFACE('',(#2968),#2972,.T.);
#2974=POLY_LOOP('',(#264,#269,#270));
#2975=FACE_OUTER_BOUND('',#2974,.T.);
#2976=DIRECTION('',(-0.9776587209758519,0.20906860795679683,0.02176562580925303));
#2977=DIRECTION('',(-0.13037224479439968,-0.6843421770489451,0.7174112227301573));
#2978=AXIS2_PLACEMENT_3D('',#264,#2976,#2977);
#2979=PLANE('',#2978);
#2980=FACE_SURFACE('',(#2975),#2979,.T.);
#2981=POLY_LOOP('',(#263,#231,#165));
#2982=FACE_OUTER_BOUND('',#2981,.T.);
#2983=DIRECTION('',(-0.9738895067937713,0.22567588257124852,0.02469057679911603));
#2984=DIRECTION('',(0.22604176109302324,0.9740287260696493,0.013159142567076225));
#2985=AXIS2_PLACEMENT_3D('',#263,#2983,#2984);
#2986=PLANE('',#2985);
#2987=FACE_SURFACE('',(#2982),#2986,.T.);
#2988=POLY_LOOP('',(#270,#271,#264));
#2989=FACE_OUTER_BOUND('',#2988,.T.);
#2990=DIRECTION('',(-0.9773771238377931,0.21027445972452788,0.022772996862977762));
#2991=DIRECTION('',(0.19638527439021836,0.8622591109300499,0.4668426390346093));
#2992=AXIS2_PLACEMENT_3D('',#270,#2990,#2991);
#2993=PLANE('',#2992);
#2994=FACE_SURFACE('',(#2989),#2993,.T.);
#2995=POLY_LOOP('',(#264,#272,#265));
#2996=FACE_OUTER_BOUND('',#2995,.T.);
#2997=DIRECTION('',(-0.9764419938414296,0.2144652996378884,0.023783774179141938));
#2998=DIRECTION('',(-0.020482032607961564,-0.2018446274156936,0.9792033663768045));
#2999=AXIS2_PLACEMENT_3D('',#264,#2997,#2998);
#3000=PLANE('',#2999);
#3001=FACE_SURFACE('',(#2996),#3000,.T.);
#3002=POLY_LOOP('',(#268,#264,#273));
#3003=FACE_OUTER_BOUND('',#3002,.T.);
#3004=DIRECTION('',(-0.9777372317712496,0.20870628937923577,0.02171613183429525));
#3005=DIRECTION('',(0.18699564546919528,0.9135979743513135,-0.36106975757703097));
#3006=AXIS2_PLACEMENT_3D('',#268,#3004,#3005);
#3007=PLANE('',#3006);
#3008=FACE_SURFACE('',(#3003),#3007,.T.);
#3009=POLY_LOOP('',(#273,#264,#165));
#3010=FACE_OUTER_BOUND('',#3009,.T.);
#3011=DIRECTION('',(-0.9777535866603038,0.20872214121244972,0.02080844877932635));
#3012=DIRECTION('',(0.20901976830373298,0.9778208250032964,0.013310546499922839));
#3013=AXIS2_PLACEMENT_3D('',#273,#3011,#3012);
#3014=PLANE('',#3013);
#3015=FACE_SURFACE('',(#3010),#3014,.T.);
#3016=POLY_LOOP('',(#273,#165,#274));
#3017=FACE_OUTER_BOUND('',#3016,.T.);
#3018=DIRECTION('',(-0.9793305270122902,0.20142761492725156,0.018402032674382316));
#3019=DIRECTION('',(0.044696972845253966,0.304245580892801,-0.9515444325546089));
#3020=AXIS2_PLACEMENT_3D('',#273,#3018,#3019);
#3021=PLANE('',#3020);
#3022=FACE_SURFACE('',(#3017),#3021,.T.);
#3023=POLY_LOOP('',(#274,#165,#275));
#3024=FACE_OUTER_BOUND('',#3023,.T.);
#3025=DIRECTION('',(-0.972980989455479,0.2290880692656092,0.028751533496362402));
#3026=DIRECTION('',(0.05216634777439073,0.3394319700395103,-0.9391829480324791));
#3027=AXIS2_PLACEMENT_3D('',#274,#3025,#3026);
#3028=PLANE('',#3027);
#3029=FACE_SURFACE('',(#3024),#3028,.T.);
#3030=POLY_LOOP('',(#274,#275,#276));
#3031=FACE_OUTER_BOUND('',#3030,.T.);
#3032=DIRECTION('',(-0.973676198883233,0.2262350506499811,0.02779139409420186));
#3033=DIRECTION('',(0.04464437276051695,0.30885011160144804,-0.9500623603451477));
#3034=AXIS2_PLACEMENT_3D('',#274,#3032,#3033);
#3035=PLANE('',#3034);
#3036=FACE_SURFACE('',(#3031),#3035,.T.);
#3037=POLY_LOOP('',(#264,#271,#272));
#3038=FACE_OUTER_BOUND('',#3037,.T.);
#3039=DIRECTION('',(-0.9769671478427793,0.2121151683108067,0.02328835349317391));
#3040=DIRECTION('',(-0.03398934566048414,-0.2624266401990762,0.9643531422126425));
#3041=AXIS2_PLACEMENT_3D('',#264,#3039,#3040);
#3042=PLANE('',#3041);
#3043=FACE_SURFACE('',(#3038),#3042,.T.);
#3044=POLY_LOOP('',(#235,#261,#262));
#3045=FACE_OUTER_BOUND('',#3044,.T.);
#3046=DIRECTION('',(-0.9848027986331459,0.17265779010714027,0.01878124915020714));
#3047=DIRECTION('',(0.17264856976793364,0.9614876203105551,0.21385515506209452));
#3048=AXIS2_PLACEMENT_3D('',#235,#3046,#3047);
#3049=PLANE('',#3048);
#3050=FACE_SURFACE('',(#3045),#3049,.T.);
#3051=POLY_LOOP('',(#277,#278,#279));
#3052=FACE_OUTER_BOUND('',#3051,.T.);
#3053=DIRECTION('',(-0.9823753635657635,0.1859396826140904,0.019107053367941405));
#3054=DIRECTION('',(-0.18690231430306214,-0.975784692040616,-0.11362992426011581));
#3055=AXIS2_PLACEMENT_3D('',#277,#3053,#3054);
#3056=PLANE('',#3055);
#3057=FACE_SURFACE('',(#3052),#3056,.T.);
#3058=POLY_LOOP('',(#274,#247,#277));
#3059=FACE_OUTER_BOUND('',#3058,.T.);
#3060=DIRECTION('',(-0.9808755410720461,0.19390372559348537,0.01686766514924576));
#3061=DIRECTION('',(-0.049816442450313234,-0.16633136888228925,-0.984810742116138));
#3062=AXIS2_PLACEMENT_3D('',#274,#3060,#3061);
#3063=PLANE('',#3062);
#3064=FACE_SURFACE('',(#3059),#3063,.T.);
#3065=POLY_LOOP('',(#247,#262,#278));
#3066=FACE_OUTER_BOUND('',#3065,.T.);
#3067=DIRECTION('',(-0.9836546700369176,0.17914570640906058,0.018174322264151024));
#3068=DIRECTION('',(0.021249545126142053,0.01526195099449785,0.9996577062593843));
#3069=AXIS2_PLACEMENT_3D('',#247,#3067,#3068);
#3070=PLANE('',#3069);
#3071=FACE_SURFACE('',(#3066),#3070,.T.);
#3072=POLY_LOOP('',(#277,#280,#281));
#3073=FACE_OUTER_BOUND('',#3072,.T.);
#3074=DIRECTION('',(-0.9812953116586975,0.19135422863950322,0.02104923985422141));
#3075=DIRECTION('',(-0.004697994930898589,-0.13311336286518302,0.9910896838683931));
#3076=AXIS2_PLACEMENT_3D('',#277,#3074,#3075);
#3077=PLANE('',#3076);
#3078=FACE_SURFACE('',(#3073),#3077,.T.);
#3079=POLY_LOOP('',(#281,#282,#277));
#3080=FACE_OUTER_BOUND('',#3079,.T.);
#3081=DIRECTION('',(-0.9809736356574233,0.19305060564715265,0.020547257829803836));
#3082=DIRECTION('',(0.17819044843575668,0.9373321468166249,-0.2994271374314643));
#3083=AXIS2_PLACEMENT_3D('',#281,#3081,#3082);
#3084=PLANE('',#3083);
#3085=FACE_SURFACE('',(#3080),#3084,.T.);
#3086=POLY_LOOP('',(#277,#282,#283));
#3087=FACE_OUTER_BOUND('',#3086,.T.);
#3088=DIRECTION('',(-0.980759299934655,0.1941865197929274,0.020069656758320717));
#3089=DIRECTION('',(0.09237841486279713,0.37106927064044487,0.9239988229720887));
#3090=AXIS2_PLACEMENT_3D('',#277,#3088,#3089);
#3091=PLANE('',#3090);
#3092=FACE_SURFACE('',(#3087),#3091,.T.);
#3093=POLY_LOOP('',(#277,#283,#284));
#3094=FACE_OUTER_BOUND('',#3093,.T.);
#3095=DIRECTION('',(-0.9806862902541145,0.19460208147949026,0.019606886327836644));
#3096=DIRECTION('',(0.1568148495628398,0.7224068601733441,0.6734518775169271));
#3097=AXIS2_PLACEMENT_3D('',#277,#3095,#3096);
#3098=PLANE('',#3097);
#3099=FACE_SURFACE('',(#3094),#3098,.T.);
#3100=POLY_LOOP('',(#279,#285,#277));
#3101=FACE_OUTER_BOUND('',#3100,.T.);
#3102=DIRECTION('',(-0.9824081529721904,0.18580449208106486,0.018732637194656853));
#3103=DIRECTION('',(0.12680534204487465,0.5900747703928373,0.7973281448529976));
#3104=AXIS2_PLACEMENT_3D('',#279,#3102,#3103);
#3105=PLANE('',#3104);
#3106=FACE_SURFACE('',(#3101),#3105,.T.);
#3107=POLY_LOOP('',(#277,#247,#278));
#3108=FACE_OUTER_BOUND('',#3107,.T.);
#3109=DIRECTION('',(-0.9823711581781421,0.1860937280962324,0.01777728727846289));
#3110=DIRECTION('',(-0.038496606778043216,-0.10832462789472808,-0.9933699141095654));
#3111=AXIS2_PLACEMENT_3D('',#277,#3109,#3110);
#3112=PLANE('',#3111);
#3113=FACE_SURFACE('',(#3108),#3112,.T.);
#3114=POLY_LOOP('',(#285,#286,#277));
#3115=FACE_OUTER_BOUND('',#3114,.T.);
#3116=DIRECTION('',(-0.9822966393080156,0.186332397100833,0.01932744667139787));
#3117=DIRECTION('',(0.15508179616018686,0.7509738477304568,0.6418628486870407));
#3118=AXIS2_PLACEMENT_3D('',#285,#3116,#3117);
#3119=PLANE('',#3118);
#3120=FACE_SURFACE('',(#3115),#3119,.T.);
#3121=POLY_LOOP('',(#277,#287,#280));
#3122=FACE_OUTER_BOUND('',#3121,.T.);
#3123=DIRECTION('',(-0.9817075255584992,0.1892593738549839,0.020765925691574365));
#3124=DIRECTION('',(-0.03270717299170325,-0.27508336623902013,0.9608638730088149));
#3125=AXIS2_PLACEMENT_3D('',#277,#3123,#3124);
#3126=PLANE('',#3125);
#3127=FACE_SURFACE('',(#3122),#3126,.T.);
#3128=POLY_LOOP('',(#284,#288,#277));
#3129=FACE_OUTER_BOUND('',#3128,.T.);
#3130=DIRECTION('',(-0.9807017280253706,0.19451167007013037,0.01973146863719479));
#3131=DIRECTION('',(0.086330282883046,0.521383495078958,-0.8489442462945275));
#3132=AXIS2_PLACEMENT_3D('',#284,#3130,#3131);
#3133=PLANE('',#3132);
#3134=FACE_SURFACE('',(#3129),#3133,.T.);
#3135=POLY_LOOP('',(#277,#288,#289));
#3136=FACE_OUTER_BOUND('',#3135,.T.);
#3137=DIRECTION('',(-0.9807218926338612,0.19432761664913845,0.02052673174479585));
#3138=DIRECTION('',(0.19389255169156525,0.9546685294845427,0.22586207563545166));
#3139=AXIS2_PLACEMENT_3D('',#277,#3137,#3138);
#3140=PLANE('',#3139);
#3141=FACE_SURFACE('',(#3136),#3140,.T.);
#3142=POLY_LOOP('',(#277,#289,#274));
#3143=FACE_OUTER_BOUND('',#3142,.T.);
#3144=DIRECTION('',(-0.9807230658874907,0.19424917600337865,0.021202020145476452));
#3145=DIRECTION('',(0.19539787394145403,0.974134916794288,0.1134937652091299));
#3146=AXIS2_PLACEMENT_3D('',#277,#3144,#3145);
#3147=PLANE('',#3146);
#3148=FACE_SURFACE('',(#3143),#3147,.T.);
#3149=POLY_LOOP('',(#276,#290,#274));
#3150=FACE_OUTER_BOUND('',#3149,.T.);
#3151=DIRECTION('',(-0.9740550237073852,0.2246599502170492,0.027289513716409947));
#3152=DIRECTION('',(-0.22230732392250097,-0.9272575408447918,-0.3012854239369795));
#3153=AXIS2_PLACEMENT_3D('',#276,#3151,#3152);
#3154=PLANE('',#3153);
#3155=FACE_SURFACE('',(#3150),#3154,.T.);
#3156=POLY_LOOP('',(#274,#290,#247));
#3157=FACE_OUTER_BOUND('',#3156,.T.);
#3158=DIRECTION('',(-0.9813628153710913,0.19138208956977656,0.017318210035432584));
#3159=DIRECTION('',(0.037527537126919336,0.27925631613013036,-0.9594829825789598));
#3160=AXIS2_PLACEMENT_3D('',#274,#3158,#3159);
#3161=PLANE('',#3160);
#3162=FACE_SURFACE('',(#3157),#3161,.T.);
#3163=POLY_LOOP('',(#277,#286,#287));
#3164=FACE_OUTER_BOUND('',#3163,.T.);
#3165=DIRECTION('',(-0.9820499834123164,0.1875297289419112,0.02025909284351604));
#3166=DIRECTION('',(-0.09788765343703604,-0.5985120073224879,0.7951109258433045));
#3167=AXIS2_PLACEMENT_3D('',#277,#3165,#3166);
#3168=PLANE('',#3167);
#3169=FACE_SURFACE('',(#3164),#3168,.T.);
#3170=POLY_LOOP('',(#216,#215,#291));
#3171=FACE_OUTER_BOUND('',#3170,.T.);
#3172=DIRECTION('',(-0.8538494190646704,0.5173871600613895,0.05702364567909513));
#3173=DIRECTION('',(-0.1852951646028575,-0.4044994904882159,0.8955701335850664));
#3174=AXIS2_PLACEMENT_3D('',#216,#3172,#3173);
#3175=PLANE('',#3174);
#3176=FACE_SURFACE('',(#3171),#3175,.T.);
#3177=POLY_LOOP('',(#122,#292,#155));
#3178=FACE_OUTER_BOUND('',#3177,.T.);
#3179=DIRECTION('',(-0.9996574429939301,0.02607488473570798,0.0022576653553751463));
#3180=DIRECTION('',(-0.009541080399582066,-0.4433887021902592,0.8962786545237179));
#3181=AXIS2_PLACEMENT_3D('',#122,#3179,#3180);
#3182=PLANE('',#3181);
#3183=FACE_SURFACE('',(#3178),#3182,.T.);
#3184=POLY_LOOP('',(#122,#293,#129));
#3185=FACE_OUTER_BOUND('',#3184,.T.);
#3186=DIRECTION('',(-0.9996162398183439,0.027599072778740946,0.0023799733589045025));
#3187=DIRECTION('',(0.007128268266946734,0.17325263581953237,0.9848516192671355));
#3188=AXIS2_PLACEMENT_3D('',#122,#3186,#3187);
#3189=PLANE('',#3188);
#3190=FACE_SURFACE('',(#3185),#3189,.T.);
#3191=POLY_LOOP('',(#110,#294,#295));
#3192=FACE_OUTER_BOUND('',#3191,.T.);
#3193=DIRECTION('',(-0.7072865955876689,0.0512824002790158,-0.7050643850909135));
#3194=DIRECTION('',(0.7068385601581868,0.03553328546087422,-0.7064818720235201));
#3195=AXIS2_PLACEMENT_3D('',#110,#3193,#3194);
#3196=PLANE('',#3195);
#3197=FACE_SURFACE('',(#3192),#3196,.T.);
#3198=POLY_LOOP('',(#295,#294,#296));
#3199=FACE_OUTER_BOUND('',#3198,.T.);
#3200=DIRECTION('',(-0.7082865889370655,0.05141600616792579,-0.7040500708341955));
#3201=DIRECTION('',(0.10220559343458896,0.9943045387923863,-0.03020762830053911));
#3202=AXIS2_PLACEMENT_3D('',#295,#3200,#3201);
#3203=PLANE('',#3202);
#3204=FACE_SURFACE('',(#3199),#3203,.T.);
#3205=POLY_LOOP('',(#295,#296,#297));
#3206=FACE_OUTER_BOUND('',#3205,.T.);
#3207=DIRECTION('',(-0.7075023057500344,0.03202914597147972,-0.7059848590208733));
#3208=DIRECTION('',(0.7051382981303997,0.09860279839521825,-0.7021805100245915));
#3209=AXIS2_PLACEMENT_3D('',#295,#3207,#3208);
#3210=PLANE('',#3209);
#3211=FACE_SURFACE('',(#3206),#3210,.T.);
#3212=POLY_LOOP('',(#296,#298,#297));
#3213=FACE_OUTER_BOUND('',#3212,.T.);
#3214=DIRECTION('',(-0.7072783634497783,0.03194985021991241,-0.7062128033862942));
#3215=DIRECTION('',(-0.009464563568294303,-0.9993166129128633,-0.035731347481226236));
#3216=AXIS2_PLACEMENT_3D('',#296,#3214,#3215);
#3217=PLANE('',#3216);
#3218=FACE_SURFACE('',(#3213),#3217,.T.);
#3219=POLY_LOOP('',(#297,#298,#299));
#3220=FACE_OUTER_BOUND('',#3219,.T.);
#3221=DIRECTION('',(-0.7073516217535754,0.023417022116429185,-0.7064738680784913));
#3222=DIRECTION('',(0.7068399744692425,0.015568532569488648,-0.7072021431570702));
#3223=AXIS2_PLACEMENT_3D('',#297,#3221,#3222);
#3224=PLANE('',#3223);
#3225=FACE_SURFACE('',(#3220),#3224,.T.);
#3226=POLY_LOOP('',(#297,#299,#300));
#3227=FACE_OUTER_BOUND('',#3226,.T.);
#3228=DIRECTION('',(-0.7123813282596504,0.020042084283151917,-0.7015063492261516));
#3229=DIRECTION('',(0.2895239451437923,-0.9021706915773636,-0.3197873175208732));
#3230=AXIS2_PLACEMENT_3D('',#297,#3228,#3229);
#3231=PLANE('',#3230);
#3232=FACE_SURFACE('',(#3227),#3231,.T.);
#3233=POLY_LOOP('',(#301,#302,#303));
#3234=FACE_OUTER_BOUND('',#3233,.T.);
#3235=DIRECTION('',(-0.14489130149377755,-0.7146885707359543,-0.6842709679730963));
#3236=DIRECTION('',(0.5238463188541357,0.5312848242146063,-0.6658239029820318));
#3237=AXIS2_PLACEMENT_3D('',#301,#3235,#3236);
#3238=PLANE('',#3237);
#3239=FACE_SURFACE('',(#3234),#3238,.T.);
#3240=POLY_LOOP('',(#300,#299,#304));
#3241=FACE_OUTER_BOUND('',#3240,.T.);
#3242=DIRECTION('',(-0.7077032285281047,0.017576788022222085,-0.7062911558654257));
#3243=DIRECTION('',(0.2559572407497652,0.9381577967997616,-0.23312194064820224));
#3244=AXIS2_PLACEMENT_3D('',#300,#3242,#3243);
#3245=PLANE('',#3244);
#3246=FACE_SURFACE('',(#3241),#3245,.T.);
#3247=POLY_LOOP('',(#305,#304,#306));
#3248=FACE_OUTER_BOUND('',#3247,.T.);
#3249=DIRECTION('',(-0.6943678116081757,0.004419447735683012,-0.7196067055581017));
#3250=DIRECTION('',(0.10621477627388844,0.9896581426422111,-0.09641152422328261));
#3251=AXIS2_PLACEMENT_3D('',#305,#3249,#3250);
#3252=PLANE('',#3251);
#3253=FACE_SURFACE('',(#3248),#3252,.T.);
#3254=POLY_LOOP('',(#305,#306,#307));
#3255=FACE_OUTER_BOUND('',#3254,.T.);
#3256=DIRECTION('',(-0.7075726241016843,-0.0030294173126374827,-0.706634137480353));
#3257=DIRECTION('',(0.2657778708219478,-0.9277055418649316,-0.26215367816310636));
#3258=AXIS2_PLACEMENT_3D('',#305,#3256,#3257);
#3259=PLANE('',#3258);
#3260=FACE_SURFACE('',(#3255),#3259,.T.);
#3261=POLY_LOOP('',(#307,#306,#308));
#3262=FACE_OUTER_BOUND('',#3261,.T.);
#3263=DIRECTION('',(-0.7069991889773378,-0.008121314705909774,-0.7071677248240578));
#3264=DIRECTION('',(0.6981073558285942,0.15193998623411586,-0.6996859011879439));
#3265=AXIS2_PLACEMENT_3D('',#307,#3263,#3264);
#3266=PLANE('',#3265);
#3267=FACE_SURFACE('',(#3262),#3266,.T.);
#3268=POLY_LOOP('',(#307,#308,#309));
#3269=FACE_OUTER_BOUND('',#3268,.T.);
#3270=DIRECTION('',(-0.7198672329759971,-0.01451430734558222,-0.6939600145323647));
#3271=DIRECTION('',(0.23715120004192666,-0.944760608223681,-0.22624478218843957));
#3272=AXIS2_PLACEMENT_3D('',#307,#3270,#3271);
#3273=PLANE('',#3272);
#3274=FACE_SURFACE('',(#3269),#3273,.T.);
#3275=POLY_LOOP('',(#309,#308,#310));
#3276=FACE_OUTER_BOUND('',#3275,.T.);
#3277=DIRECTION('',(-0.7070927254005822,-0.01733687199792014,-0.7069082759134347));
#3278=DIRECTION('',(0.09620800307998499,0.9880446577465397,-0.12046482657558084));
#3279=AXIS2_PLACEMENT_3D('',#309,#3277,#3278);
#3280=PLANE('',#3279);
#3281=FACE_SURFACE('',(#3276),#3280,.T.);
#3282=POLY_LOOP('',(#309,#310,#311));
#3283=FACE_OUTER_BOUND('',#3282,.T.);
#3284=DIRECTION('',(-0.7074747378843351,-0.031113180030788723,-0.7060534436456373));
#3285=DIRECTION('',(0.7063713456164064,-0.06333347627541808,-0.705002406290176));
#3286=AXIS2_PLACEMENT_3D('',#309,#3284,#3285);
#3287=PLANE('',#3286);
#3288=FACE_SURFACE('',(#3283),#3287,.T.);
#3289=POLY_LOOP('',(#300,#304,#305));
#3290=FACE_OUTER_BOUND('',#3289,.T.);
#3291=DIRECTION('',(-0.7052378470706114,0.006625227517121917,-0.7089398320164803));
#3292=DIRECTION('',(0.674680024091446,0.3134951578067427,-0.668227245122265));
#3293=AXIS2_PLACEMENT_3D('',#300,#3291,#3292);
#3294=PLANE('',#3293);
#3295=FACE_SURFACE('',(#3290),#3294,.T.);
#3296=POLY_LOOP('',(#311,#310,#312));
#3297=FACE_OUTER_BOUND('',#3296,.T.);
#3298=DIRECTION('',(-0.7061182545786557,-0.03134017724942403,-0.7074000309872537));
#3299=DIRECTION('',(0.06150007001996991,0.9925304994631515,-0.105361041295945));
#3300=AXIS2_PLACEMENT_3D('',#311,#3298,#3299);
#3301=PLANE('',#3300);
#3302=FACE_SURFACE('',(#3297),#3301,.T.);
#3303=POLY_LOOP('',(#301,#313,#302));
#3304=FACE_OUTER_BOUND('',#3303,.T.);
#3305=DIRECTION('',(-0.1407820903554936,-0.7169061214118702,-0.6828074517148496));
#3306=DIRECTION('',(0.2843457122993845,0.6313407222249695,-0.7214959517262794));
#3307=AXIS2_PLACEMENT_3D('',#301,#3305,#3306);
#3308=PLANE('',#3307);
#3309=FACE_SURFACE('',(#3304),#3308,.T.);
#3310=POLY_LOOP('',(#314,#315,#313));
#3311=FACE_OUTER_BOUND('',#3310,.T.);
#3312=DIRECTION('',(-0.3896257094169914,-0.617308798053078,-0.6834629868599836));
#3313=DIRECTION('',(0.5181414957008931,0.4665945976524589,-0.7168116013809914));
#3314=AXIS2_PLACEMENT_3D('',#314,#3312,#3313);
#3315=PLANE('',#3314);
#3316=FACE_SURFACE('',(#3311),#3315,.T.);
#3317=POLY_LOOP('',(#316,#317,#318));
#3318=FACE_OUTER_BOUND('',#3317,.T.);
#3319=DIRECTION('',(-0.9880455215073268,-0.15413798400660456,-0.0027439598564996765));
#3320=DIRECTION('',(-0.01869286713949658,0.1021180502869421,0.9945966421236796));
#3321=AXIS2_PLACEMENT_3D('',#316,#3319,#3320);
#3322=PLANE('',#3321);
#3323=FACE_SURFACE('',(#3318),#3322,.T.);
#3324=POLY_LOOP('',(#316,#318,#319));
#3325=FACE_OUTER_BOUND('',#3324,.T.);
#3326=DIRECTION('',(-0.9810491128832477,-0.1935992153209089,-0.007872860859990009));
#3327=DIRECTION('',(-0.016890056922194672,0.125925273127289,-0.991895937870996));
#3328=AXIS2_PLACEMENT_3D('',#316,#3326,#3327);
#3329=PLANE('',#3328);
#3330=FACE_SURFACE('',(#3325),#3329,.T.);
#3331=POLY_LOOP('',(#319,#314,#316));
#3332=FACE_OUTER_BOUND('',#3331,.T.);
#3333=DIRECTION('',(-0.8385983328377423,-0.5447476947372255,-0.0016689039031144899));
#3334=DIRECTION('',(0.5446271106885127,-0.8384699703506563,0.018692755903084796));
#3335=AXIS2_PLACEMENT_3D('',#319,#3333,#3334);
#3336=PLANE('',#3335);
#3337=FACE_SURFACE('',(#3332),#3336,.T.);
#3338=POLY_LOOP('',(#316,#314,#320));
#3339=FACE_OUTER_BOUND('',#3338,.T.);
#3340=DIRECTION('',(-0.8928822995058209,-0.4498682945439705,-0.019486323237005932));
#3341=DIRECTION('',(0.08920272163596438,-0.13429736939386894,-0.9869179758351873));
#3342=AXIS2_PLACEMENT_3D('',#316,#3340,#3341);
#3343=PLANE('',#3342);
#3344=FACE_SURFACE('',(#3339),#3343,.T.);
#3345=POLY_LOOP('',(#316,#320,#321));
#3346=FACE_OUTER_BOUND('',#3345,.T.);
#3347=DIRECTION('',(-0.892946031049075,-0.4499944722341168,-0.012343443297678017));
#3348=DIRECTION('',(0.45012725072803794,-0.8928870272058822,-0.01175647904180446));
#3349=AXIS2_PLACEMENT_3D('',#316,#3347,#3348);
#3350=PLANE('',#3349);
#3351=FACE_SURFACE('',(#3346),#3350,.T.);
#3352=POLY_LOOP('',(#321,#320,#322));
#3353=FACE_OUTER_BOUND('',#3352,.T.);
#3354=DIRECTION('',(-0.7085001785649865,-0.7056782731397162,0.006758090849528669));
#3355=DIRECTION('',(0.0376794552840753,-0.04738929297294498,-0.9981655742215416));
#3356=AXIS2_PLACEMENT_3D('',#321,#3354,#3355);
#3357=PLANE('',#3356);
#3358=FACE_SURFACE('',(#3353),#3357,.T.);
#3359=POLY_LOOP('',(#314,#313,#301));
#3360=FACE_OUTER_BOUND('',#3359,.T.);
#3361=DIRECTION('',(-0.3980551033136956,-0.6068847132338159,-0.687926652753789));
#3362=DIRECTION('',(0.6992631125969614,0.2846627686312604,-0.6557424856728401));
#3363=AXIS2_PLACEMENT_3D('',#314,#3361,#3362);
#3364=PLANE('',#3363);
#3365=FACE_SURFACE('',(#3360),#3364,.T.);
#3366=POLY_LOOP('',(#321,#322,#323));
#3367=FACE_OUTER_BOUND('',#3366,.T.);
#3368=DIRECTION('',(-0.7883813152800194,-0.615005218152111,-0.014949359953563474));
#3369=DIRECTION('',(0.12000352267241234,-0.12990917360905657,-0.984237146808849));
#3370=AXIS2_PLACEMENT_3D('',#321,#3368,#3369);
#3371=PLANE('',#3370);
#3372=FACE_SURFACE('',(#3367),#3371,.T.);
#3373=POLY_LOOP('',(#323,#324,#325));
#3374=FACE_OUTER_BOUND('',#3373,.T.);
#3375=DIRECTION('',(-0.46657000193147913,-0.8844282778110814,-0.009952623060497878));
#3376=DIRECTION('',(0.12415168938399958,-0.05434545225641212,-0.9907739045020034));
#3377=AXIS2_PLACEMENT_3D('',#323,#3375,#3376);
#3378=PLANE('',#3377);
#3379=FACE_SURFACE('',(#3374),#3378,.T.);
#3380=POLY_LOOP('',(#325,#324,#326));
#3381=FACE_OUTER_BOUND('',#3380,.T.);
#3382=DIRECTION('',(-0.1268823487698153,-0.9917699268436424,-0.017125471649302403));
#3383=DIRECTION('',(-0.015046486973117033,0.019187427421557008,-0.9997026787293862));
#3384=AXIS2_PLACEMENT_3D('',#325,#3382,#3383);
#3385=PLANE('',#3384);
#3386=FACE_SURFACE('',(#3381),#3385,.T.);
#3387=POLY_LOOP('',(#318,#327,#328));
#3388=FACE_OUTER_BOUND('',#3387,.T.);
#3389=DIRECTION('',(-0.7000517080287364,-0.1772447806421697,-0.6917455412369189));
#3390=DIRECTION('',(0.7073804115381338,-0.03962392411432632,-0.7057215442438488));
#3391=AXIS2_PLACEMENT_3D('',#318,#3389,#3390);
#3392=PLANE('',#3391);
#3393=FACE_SURFACE('',(#3388),#3392,.T.);
#3394=POLY_LOOP('',(#318,#328,#319));
#3395=FACE_OUTER_BOUND('',#3394,.T.);
#3396=DIRECTION('',(-0.6976849805473921,-0.15289928646052833,-0.6998981898236675));
#3397=DIRECTION('',(0.7092783544323852,-0.2848784094969292,-0.6448011381318954));
#3398=AXIS2_PLACEMENT_3D('',#318,#3396,#3397);
#3399=PLANE('',#3398);
#3400=FACE_SURFACE('',(#3395),#3399,.T.);
#3401=POLY_LOOP('',(#319,#328,#315));
#3402=FACE_OUTER_BOUND('',#3401,.T.);
#3403=DIRECTION('',(-0.5910566821691241,-0.4228492867524637,-0.6869137348722617));
#3404=DIRECTION('',(0.6641853654119835,0.2281055847782019,-0.7119168789722186));
#3405=AXIS2_PLACEMENT_3D('',#319,#3403,#3404);
#3406=PLANE('',#3405);
#3407=FACE_SURFACE('',(#3402),#3406,.T.);
#3408=POLY_LOOP('',(#319,#315,#314));
#3409=FACE_OUTER_BOUND('',#3408,.T.);
#3410=DIRECTION('',(-0.5967927063194849,-0.4031131246922971,-0.6937854671183862));
#3411=DIRECTION('',(0.7597065183533138,-0.0056036073424123945,-0.6502419592399726));
#3412=AXIS2_PLACEMENT_3D('',#319,#3410,#3411);
#3413=PLANE('',#3412);
#3414=FACE_SURFACE('',(#3409),#3413,.T.);
#3415=POLY_LOOP('',(#323,#322,#324));
#3416=FACE_OUTER_BOUND('',#3415,.T.);
#3417=DIRECTION('',(-0.45388523893094374,-0.8910242245118593,-0.008001325742633182));
#3418=DIRECTION('',(0.0198375371110433,-0.0011270390985944835,-0.9998025814650802));
#3419=AXIS2_PLACEMENT_3D('',#323,#3417,#3418);
#3420=PLANE('',#3419);
#3421=FACE_SURFACE('',(#3416),#3420,.T.);
#3422=POLY_LOOP('',(#321,#317,#316));
#3423=FACE_OUTER_BOUND('',#3422,.T.);
#3424=DIRECTION('',(-0.9776186100668882,-0.2103602998968665,0.00322451208493621));
#3425=DIRECTION('',(-0.21019952614385765,0.9759985100479472,-0.05694793756655975));
#3426=AXIS2_PLACEMENT_3D('',#321,#3424,#3425);
#3427=PLANE('',#3426);
#3428=FACE_SURFACE('',(#3423),#3427,.T.);
#3429=POLY_LOOP('',(#311,#312,#318));
#3430=FACE_OUTER_BOUND('',#3429,.T.);
#3431=DIRECTION('',(-0.7069303036373553,-0.03953582437739963,-0.706177360434329));
#3432=DIRECTION('',(0.7009297060301608,-0.17268780890175733,-0.6920090085115818));
#3433=AXIS2_PLACEMENT_3D('',#311,#3431,#3432);
#3434=PLANE('',#3433);
#3435=FACE_SURFACE('',(#3430),#3434,.T.);
#3436=POLY_LOOP('',(#329,#330,#331));
#3437=FACE_OUTER_BOUND('',#3436,.T.);
#3438=DIRECTION('',(0.9919249118079891,0.12285185110218634,0.03150225413330103));
#3439=DIRECTION('',(-0.12654824367295237,0.9751757998924516,0.18170773601420492));
#3440=AXIS2_PLACEMENT_3D('',#329,#3438,#3439);
#3441=PLANE('',#3440);
#3442=FACE_SURFACE('',(#3437),#3441,.T.);
#3443=POLY_LOOP('',(#332,#333,#334));
#3444=FACE_OUTER_BOUND('',#3443,.T.);
#3445=DIRECTION('',(-0.9999928286052417,-0.0020472365475826325,-0.0031861513783943765));
#3446=DIRECTION('',(0.0020339491426871344,-0.9999892452317946,0.004168029706071186));
#3447=AXIS2_PLACEMENT_3D('',#332,#3445,#3446);
#3448=PLANE('',#3447);
#3449=FACE_SURFACE('',(#3444),#3448,.T.);
#3450=POLY_LOOP('',(#335,#336,#337));
#3451=FACE_OUTER_BOUND('',#3450,.T.);
#3452=DIRECTION('',(-0.9999994582053479,-0.0007826718754604432,-0.0006863044122028351));
#3453=DIRECTION('',(-0.0006210833376231966,0.9776980976621157,-0.21001439018164375));
#3454=AXIS2_PLACEMENT_3D('',#335,#3452,#3453);
#3455=PLANE('',#3454);
#3456=FACE_SURFACE('',(#3451),#3455,.T.);
#3457=POLY_LOOP('',(#337,#336,#338));
#3458=FACE_OUTER_BOUND('',#3457,.T.);
#3459=DIRECTION('',(-0.9999994622936571,-0.0007758949896346668,-0.0006880402326134779));
#3460=DIRECTION('',(-0.0008590445691447238,0.24812761824082288,0.9687269724275074));
#3461=AXIS2_PLACEMENT_3D('',#337,#3459,#3460);
#3462=PLANE('',#3461);
#3463=FACE_SURFACE('',(#3458),#3462,.T.);
#3464=POLY_LOOP('',(#337,#338,#339));
#3465=FACE_OUTER_BOUND('',#3464,.T.);
#3466=DIRECTION('',(-0.999999464409577,-0.0007671014543631342,-0.0006947919961706791));
#3467=DIRECTION('',(-0.001018253670482573,0.6090020208859607,0.793168016069911));
#3468=AXIS2_PLACEMENT_3D('',#337,#3466,#3467);
#3469=PLANE('',#3468);
#3470=FACE_SURFACE('',(#3465),#3469,.T.);
#3471=POLY_LOOP('',(#339,#340,#337));
#3472=FACE_OUTER_BOUND('',#3471,.T.);
#3473=DIRECTION('',(-0.999999463858232,-0.0007715124764200217,-0.0006906893277823557));
#3474=DIRECTION('',(6.007845137428734e-05,0.622653070043114,-0.7824980196501872));
#3475=AXIS2_PLACEMENT_3D('',#339,#3473,#3474);
#3476=PLANE('',#3475);
#3477=FACE_SURFACE('',(#3472),#3476,.T.);
#3478=POLY_LOOP('',(#337,#340,#341));
#3479=FACE_OUTER_BOUND('',#3478,.T.);
#3480=DIRECTION('',(-0.999999459521186,-0.0007646149306214611,-0.0007045007763764478));
#3481=DIRECTION('',(-0.0009988180092520963,0.894638675165837,0.44678926045743367));
#3482=AXIS2_PLACEMENT_3D('',#337,#3480,#3481);
#3483=PLANE('',#3482);
#3484=FACE_SURFACE('',(#3479),#3483,.T.);
#3485=POLY_LOOP('',(#332,#342,#333));
#3486=FACE_OUTER_BOUND('',#3485,.T.);
#3487=DIRECTION('',(-0.999691942090982,-0.002136411124205648,-0.02472764982502401));
#3488=DIRECTION('',(0.00033996474163083574,0.9950163605771662,-0.09971121605790012));
#3489=AXIS2_PLACEMENT_3D('',#332,#3487,#3488);
#3490=PLANE('',#3489);
#3491=FACE_SURFACE('',(#3486),#3490,.T.);
#3492=POLY_LOOP('',(#337,#341,#343));
#3493=FACE_OUTER_BOUND('',#3492,.T.);
#3494=DIRECTION('',(-0.9999994681412898,-0.0007714680667539926,-0.0006845101601317255));
#3495=DIRECTION('',(-0.0009517562661214404,0.9459571034472997,0.32429038314079683));
#3496=AXIS2_PLACEMENT_3D('',#337,#3494,#3495);
#3497=PLANE('',#3496);
#3498=FACE_SURFACE('',(#3493),#3497,.T.);
#3499=POLY_LOOP('',(#344,#335,#337));
#3500=FACE_OUTER_BOUND('',#3499,.T.);
#3501=DIRECTION('',(-0.9999994373460971,-0.0008148080064259708,-0.0006792609233280065));
#3502=DIRECTION('',(-0.0009475093625095142,0.9739990654005055,0.22655004485753227));
#3503=AXIS2_PLACEMENT_3D('',#344,#3501,#3502);
#3504=PLANE('',#3503);
#3505=FACE_SURFACE('',(#3500),#3504,.T.);
#3506=POLY_LOOP('',(#344,#337,#345));
#3507=FACE_OUTER_BOUND('',#3506,.T.);
#3508=DIRECTION('',(-0.9999994074822858,-0.0008362672405349654,-0.0006969161928828766));
#3509=DIRECTION('',(6.864827824302173e-06,0.6353417765185445,-0.7722310709646006));
#3510=AXIS2_PLACEMENT_3D('',#344,#3508,#3509);
#3511=PLANE('',#3510);
#3512=FACE_SURFACE('',(#3507),#3511,.T.);
#3513=POLY_LOOP('',(#345,#337,#346));
#3514=FACE_OUTER_BOUND('',#3513,.T.);
#3515=DIRECTION('',(-0.9999930890266793,-0.0019735720790544156,-0.003150700260031732));
#3516=DIRECTION('',(-0.0004656660069725052,0.9072838983250581,-0.4205183836590922));
#3517=AXIS2_PLACEMENT_3D('',#345,#3515,#3516);
#3518=PLANE('',#3517);
#3519=FACE_SURFACE('',(#3514),#3518,.T.);
#3520=POLY_LOOP('',(#347,#333,#318));
#3521=FACE_OUTER_BOUND('',#3520,.T.);
#3522=DIRECTION('',(-0.9999995500694473,-0.0008317496922201183,-0.0004561286577418623));
#3523=DIRECTION('',(-0.0008044479112578922,0.9983794882756549,-0.05690123244710628));
#3524=AXIS2_PLACEMENT_3D('',#347,#3522,#3523);
#3525=PLANE('',#3524);
#3526=FACE_SURFACE('',(#3521),#3525,.T.);
#3527=POLY_LOOP('',(#318,#333,#342));
#3528=FACE_OUTER_BOUND('',#3527,.T.);
#3529=DIRECTION('',(-0.9999995229236001,-0.0008693661824563465,-0.00044537064669026866));
#3530=DIRECTION('',(-0.0006672507414482336,0.27496737040971236,0.9614533269932639));
#3531=AXIS2_PLACEMENT_3D('',#318,#3529,#3530);
#3532=PLANE('',#3531);
#3533=FACE_SURFACE('',(#3528),#3532,.T.);
#3534=POLY_LOOP('',(#318,#342,#311));
#3535=FACE_OUTER_BOUND('',#3534,.T.);
#3536=DIRECTION('',(-0.9999995652548692,-0.0007849061071598549,-0.0005034009094988631));
#3537=DIRECTION('',(-0.0008593904840155454,0.5662894859099586,0.8242059691580927));
#3538=AXIS2_PLACEMENT_3D('',#318,#3536,#3537);
#3539=PLANE('',#3538);
#3540=FACE_SURFACE('',(#3535),#3539,.T.);
#3541=POLY_LOOP('',(#348,#335,#344));
#3542=FACE_OUTER_BOUND('',#3541,.T.);
#3543=DIRECTION('',(-0.9999994102772274,-0.0008026371721433398,-0.0007315864727485521));
#3544=DIRECTION('',(-0.0008137606586006549,0.9998821069651381,0.015333295945311581));
#3545=AXIS2_PLACEMENT_3D('',#348,#3543,#3544);
#3546=PLANE('',#3545);
#3547=FACE_SURFACE('',(#3542),#3546,.T.);
#3548=POLY_LOOP('',(#318,#312,#327));
#3549=FACE_OUTER_BOUND('',#3548,.T.);
#3550=DIRECTION('',(-0.7068330443243539,-0.0396140782140015,-0.7062703252002176));
#3551=DIRECTION('',(0.3314306468046286,0.8635138075625499,-0.38012843948788305));
#3552=AXIS2_PLACEMENT_3D('',#318,#3550,#3551);
#3553=PLANE('',#3552);
#3554=FACE_SURFACE('',(#3549),#3553,.T.);
#3555=POLY_LOOP('',(#349,#342,#332));
#3556=FACE_OUTER_BOUND('',#3555,.T.);
#3557=DIRECTION('',(-0.9999996091016436,0.00041965701764195467,0.0007782573787940486));
#3558=DIRECTION('',(-0.0007801887377538972,-0.004621877585681315,-0.99998901471622));
#3559=AXIS2_PLACEMENT_3D('',#349,#3557,#3558);
#3560=PLANE('',#3559);
#3561=FACE_SURFACE('',(#3556),#3560,.T.);
#3562=POLY_LOOP('',(#350,#332,#351));
#3563=FACE_OUTER_BOUND('',#3562,.T.);
#3564=DIRECTION('',(-0.999999372294591,-0.0008796867275077817,-0.0006939464571619189));
#3565=DIRECTION('',(0.0008737184854536184,-0.22449402194198492,-0.9744750744520456));
#3566=AXIS2_PLACEMENT_3D('',#350,#3564,#3565);
#3567=PLANE('',#3566);
#3568=FACE_SURFACE('',(#3563),#3567,.T.);
#3569=POLY_LOOP('',(#352,#353,#354));
#3570=FACE_OUTER_BOUND('',#3569,.T.);
#3571=DIRECTION('',(0.991718849775085,0.12758713394546628,0.014671273031478603));
#3572=DIRECTION('',(0.021336165560471427,-0.2763289730358053,0.9608262416796043));
#3573=AXIS2_PLACEMENT_3D('',#352,#3571,#3572);
#3574=PLANE('',#3573);
#3575=FACE_SURFACE('',(#3570),#3574,.T.);
#3576=POLY_LOOP('',(#355,#356,#357));
#3577=FACE_OUTER_BOUND('',#3576,.T.);
#3578=DIRECTION('',(0.8618269308947911,0.5042018971167106,0.05508891111988724));
#3579=DIRECTION('',(-0.3704003648041874,0.6998513633815459,-0.6107467878965196));
#3580=AXIS2_PLACEMENT_3D('',#355,#3578,#3579);
#3581=PLANE('',#3580);
#3582=FACE_SURFACE('',(#3577),#3581,.T.);
#3583=POLY_LOOP('',(#217,#212,#209));
#3584=FACE_OUTER_BOUND('',#3583,.T.);
#3585=DIRECTION('',(-0.873828342304167,0.48322593755795235,0.05400667974602587));
#3586=DIRECTION('',(0.4861696970076562,0.8664917770451822,0.11327411895294594));
#3587=AXIS2_PLACEMENT_3D('',#217,#3585,#3586);
#3588=PLANE('',#3587);
#3589=FACE_SURFACE('',(#3584),#3588,.T.);
#3590=POLY_LOOP('',(#132,#40,#42));
#3591=FACE_OUTER_BOUND('',#3590,.T.);
#3592=DIRECTION('',(-0.9989836152157521,0.04296354702045907,0.013633420623127142));
#3593=DIRECTION('',(0.026450342752166938,0.31384517986499744,0.9491056750666916));
#3594=AXIS2_PLACEMENT_3D('',#132,#3592,#3593);
#3595=PLANE('',#3594);
#3596=FACE_SURFACE('',(#3591),#3595,.T.);
#3597=POLY_LOOP('',(#358,#359,#360));
#3598=FACE_OUTER_BOUND('',#3597,.T.);
#3599=DIRECTION('',(-0.9997906646190876,0.020460246589116358,-7.24571281268628e-05));
#3600=DIRECTION('',(0.017367813315617715,0.8505402261420346,0.525623137594694));
#3601=AXIS2_PLACEMENT_3D('',#358,#3599,#3600);
#3602=PLANE('',#3601);
#3603=FACE_SURFACE('',(#3598),#3602,.T.);
#3604=POLY_LOOP('',(#318,#317,#347));
#3605=FACE_OUTER_BOUND('',#3604,.T.);
#3606=DIRECTION('',(-0.9999994399792747,0.0008286017243740751,-0.0006583770343359752));
#3607=DIRECTION('',(-0.0006695105096515043,-0.013508688448851879,0.9999085293625959));
#3608=AXIS2_PLACEMENT_3D('',#318,#3606,#3607);
#3609=PLANE('',#3608);
#3610=FACE_SURFACE('',(#3605),#3609,.T.);
#3611=POLY_LOOP('',(#350,#351,#361));
#3612=FACE_OUTER_BOUND('',#3611,.T.);
#3613=DIRECTION('',(-0.9999993688640681,-0.0008781631821123736,-0.0007007859096758621));
#3614=DIRECTION('',(0.0010095252566230944,-0.9760757188790917,-0.21742854429310926));
#3615=AXIS2_PLACEMENT_3D('',#350,#3613,#3614);
#3616=PLANE('',#3615);
#3617=FACE_SURFACE('',(#3612),#3616,.T.);
#3618=POLY_LOOP('',(#362,#349,#332));
#3619=FACE_OUTER_BOUND('',#3618,.T.);
#3620=DIRECTION('',(-0.9930887179187373,-6.864229551224943e-05,-0.11736606677721537));
#3621=DIRECTION('',(0.11721605800361506,0.0499665531927819,-0.9918486473792895));
#3622=AXIS2_PLACEMENT_3D('',#362,#3620,#3621);
#3623=PLANE('',#3622);
#3624=FACE_SURFACE('',(#3619),#3623,.T.);
#3625=POLY_LOOP('',(#363,#332,#364));
#3626=FACE_OUTER_BOUND('',#3625,.T.);
#3627=DIRECTION('',(-0.999999370563112,-0.0008832767184118769,-0.0006918783265569864));
#3628=DIRECTION('',(0.0010901387550577746,-0.6189861028718291,-0.7854011815938655));
#3629=AXIS2_PLACEMENT_3D('',#363,#3627,#3628);
#3630=PLANE('',#3629);
#3631=FACE_SURFACE('',(#3626),#3630,.T.);
#3632=POLY_LOOP('',(#365,#366,#332));
#3633=FACE_OUTER_BOUND('',#3632,.T.);
#3634=DIRECTION('',(-0.9999993729977552,-0.0008786913335575287,-0.0006941942357249163));
#3635=DIRECTION('',(2.678169105543267e-06,0.6180357281480087,-0.7861500103195243));
#3636=AXIS2_PLACEMENT_3D('',#365,#3634,#3635);
#3637=PLANE('',#3636);
#3638=FACE_SURFACE('',(#3633),#3637,.T.);
#3639=POLY_LOOP('',(#332,#366,#367));
#3640=FACE_OUTER_BOUND('',#3639,.T.);
#3641=DIRECTION('',(-0.999999372008994,-0.0008769439766808676,-0.0006978186579163821));
#3642=DIRECTION('',(-0.0010929783688225718,0.9007811317529941,0.4342719862897908));
#3643=AXIS2_PLACEMENT_3D('',#332,#3641,#3642);
#3644=PLANE('',#3643);
#3645=FACE_SURFACE('',(#3640),#3644,.T.);
#3646=POLY_LOOP('',(#332,#367,#362));
#3647=FACE_OUTER_BOUND('',#3646,.T.);
#3648=DIRECTION('',(-0.9999993743504944,-0.0008789175679049569,-0.0006919555828878174));
#3649=DIRECTION('',(-0.0010537417010703302,0.9477460935498455,0.31902387338479044));
#3650=AXIS2_PLACEMENT_3D('',#332,#3648,#3649);
#3651=PLANE('',#3650);
#3652=FACE_SURFACE('',(#3647),#3651,.T.);
#3653=POLY_LOOP('',(#332,#334,#351));
#3654=FACE_OUTER_BOUND('',#3653,.T.);
#3655=DIRECTION('',(-0.9999993806712656,-0.0008738626648489699,-0.0006892177654440805));
#3656=DIRECTION('',(0.0004977594228052968,-0.9050488873603677,0.4253072580186206));
#3657=AXIS2_PLACEMENT_3D('',#332,#3655,#3656);
#3658=PLANE('',#3657);
#3659=FACE_SURFACE('',(#3654),#3658,.T.);
#3660=POLY_LOOP('',(#364,#332,#350));
#3661=FACE_OUTER_BOUND('',#3660,.T.);
#3662=DIRECTION('',(-0.99999939750505,-0.0008437170010106598,-0.0007022329806534272));
#3663=DIRECTION('',(0.0008929901208333429,-0.2532162786635027,-0.9674092819424731));
#3664=AXIS2_PLACEMENT_3D('',#364,#3662,#3663);
#3665=PLANE('',#3664);
#3666=FACE_SURFACE('',(#3661),#3665,.T.);
#3667=POLY_LOOP('',(#365,#332,#363));
#3668=FACE_OUTER_BOUND('',#3667,.T.);
#3669=DIRECTION('',(-0.9999993748435315,-0.0008702027403242534,-0.0007021821249232151));
#3670=DIRECTION('',(0.0011077221451602207,-0.6853015934567617,-0.7282585385405876));
#3671=AXIS2_PLACEMENT_3D('',#365,#3669,#3670);
#3672=PLANE('',#3671);
#3673=FACE_SURFACE('',(#3668),#3672,.T.);
#3674=POLY_LOOP('',(#311,#342,#346));
#3675=FACE_OUTER_BOUND('',#3674,.T.);
#3676=DIRECTION('',(-0.9999995119401041,-0.0008692629094199429,-0.00046957592359087854));
#3677=DIRECTION('',(-0.0007593577637887844,0.37217032490003465,0.9281641410007118));
#3678=AXIS2_PLACEMENT_3D('',#311,#3676,#3677);
#3679=PLANE('',#3678);
#3680=FACE_SURFACE('',(#3675),#3679,.T.);
#3681=POLY_LOOP('',(#324,#303,#326));
#3682=FACE_OUTER_BOUND('',#3681,.T.);
#3683=DIRECTION('',(-0.15830898089810375,-0.9872980546846118,-0.01344685029978862));
#3684=DIRECTION('',(0.11456681673636177,-0.004840285492337491,-0.9934037528312694));
#3685=AXIS2_PLACEMENT_3D('',#324,#3683,#3684);
#3686=PLANE('',#3685);
#3687=FACE_SURFACE('',(#3682),#3686,.T.);
#3688=POLY_LOOP('',(#322,#301,#324));
#3689=FACE_OUTER_BOUND('',#3688,.T.);
#3690=DIRECTION('',(-0.45388623848497844,-0.89101479187982,-0.008939975688915398));
#3691=DIRECTION('',(0.07610019682250045,-0.0287655056103717,-0.9966851587791182));
#3692=AXIS2_PLACEMENT_3D('',#322,#3690,#3691);
#3693=PLANE('',#3692);
#3694=FACE_SURFACE('',(#3689),#3693,.T.);
#3695=POLY_LOOP('',(#368,#330,#369));
#3696=FACE_OUTER_BOUND('',#3695,.T.);
#3697=DIRECTION('',(0.6857976974235087,0.235330044221013,-0.6886953524567663));
#3698=DIRECTION('',(0.14956557994783148,-0.9716538367058177,-0.18308183664616468));
#3699=AXIS2_PLACEMENT_3D('',#368,#3697,#3698);
#3700=PLANE('',#3699);
#3701=FACE_SURFACE('',(#3696),#3700,.T.);
#3702=POLY_LOOP('',(#369,#330,#329));
#3703=FACE_OUTER_BOUND('',#3702,.T.);
#3704=DIRECTION('',(0.6977903580144788,0.21770884241702382,-0.6824159114465788));
#3705=DIRECTION('',(0.4796666710510687,0.5655294031866138,0.670892225930647));
#3706=AXIS2_PLACEMENT_3D('',#369,#3704,#3705);
#3707=PLANE('',#3706);
#3708=FACE_SURFACE('',(#3703),#3707,.T.);
#3709=POLY_LOOP('',(#369,#329,#370));
#3710=FACE_OUTER_BOUND('',#3709,.T.);
#3711=DIRECTION('',(0.7046628511736552,0.19988877623248447,-0.6808044824412474));
#3712=DIRECTION('',(0.6161776142090041,0.30336183053089705,0.7268402489712874));
#3713=AXIS2_PLACEMENT_3D('',#369,#3711,#3712);
#3714=PLANE('',#3713);
#3715=FACE_SURFACE('',(#3710),#3714,.T.);
#3716=POLY_LOOP('',(#371,#372,#373));
#3717=FACE_OUTER_BOUND('',#3716,.T.);
#3718=DIRECTION('',(0.6883818898339455,0.2662479879895311,-0.6747165202069474));
#3719=DIRECTION('',(0.6956898203194919,0.02092582338676337,0.7180374529364183));
#3720=AXIS2_PLACEMENT_3D('',#371,#3718,#3719);
#3721=PLANE('',#3720);
#3722=FACE_SURFACE('',(#3717),#3721,.T.);
#3723=POLY_LOOP('',(#373,#372,#368));
#3724=FACE_OUTER_BOUND('',#3723,.T.);
#3725=DIRECTION('',(0.6823456970844545,0.26818981949824167,-0.6800577698900515));
#3726=DIRECTION('',(-0.013498557572389542,0.934737610289099,0.3550822282999946));
#3727=AXIS2_PLACEMENT_3D('',#373,#3725,#3726);
#3728=PLANE('',#3727);
#3729=FACE_SURFACE('',(#3724),#3728,.T.);
#3730=POLY_LOOP('',(#373,#368,#374));
#3731=FACE_OUTER_BOUND('',#3730,.T.);
#3732=DIRECTION('',(0.691733459212932,0.24578981219553925,-0.6790376938183863));
#3733=DIRECTION('',(0.6154422681283701,0.29128171881681353,0.7323836254888078));
#3734=AXIS2_PLACEMENT_3D('',#373,#3732,#3733);
#3735=PLANE('',#3734);
#3736=FACE_SURFACE('',(#3731),#3735,.T.);
#3737=POLY_LOOP('',(#375,#376,#370));
#3738=FACE_OUTER_BOUND('',#3737,.T.);
#3739=DIRECTION('',(0.6845652966689694,0.17702810070105693,-0.7071289883456217));
#3740=DIRECTION('',(-0.2564274831563948,-0.8495785426032394,-0.460935186149021));
#3741=AXIS2_PLACEMENT_3D('',#375,#3739,#3740);
#3742=PLANE('',#3741);
#3743=FACE_SURFACE('',(#3738),#3742,.T.);
#3744=POLY_LOOP('',(#374,#368,#369));
#3745=FACE_OUTER_BOUND('',#3744,.T.);
#3746=DIRECTION('',(0.7130773960078656,0.22712638466676424,-0.6632753822439418));
#3747=DIRECTION('',(0.27127557390447476,0.7829898285108158,0.5597646750656932));
#3748=AXIS2_PLACEMENT_3D('',#374,#3746,#3747);
#3749=PLANE('',#3748);
#3750=FACE_SURFACE('',(#3745),#3749,.T.);
#3751=POLY_LOOP('',(#377,#378,#379));
#3752=FACE_OUTER_BOUND('',#3751,.T.);
#3753=DIRECTION('',(0.6883537977224836,-0.0012395750108093629,-0.7253740501388415));
#3754=DIRECTION('',(0.07634507893739596,0.9945682427588741,0.07074913015414311));
#3755=AXIS2_PLACEMENT_3D('',#377,#3753,#3754);
#3756=PLANE('',#3755);
#3757=FACE_SURFACE('',(#3752),#3756,.T.);
#3758=POLY_LOOP('',(#377,#379,#380));
#3759=FACE_OUTER_BOUND('',#3758,.T.);
#3760=DIRECTION('',(0.7142117784468204,-0.016173612718862085,-0.6997427740101717));
#3761=DIRECTION('',(0.2761355958991524,0.9251533999039039,0.2604617425336535));
#3762=AXIS2_PLACEMENT_3D('',#377,#3760,#3761);
#3763=PLANE('',#3762);
#3764=FACE_SURFACE('',(#3759),#3763,.T.);
#3765=POLY_LOOP('',(#380,#379,#381));
#3766=FACE_OUTER_BOUND('',#3765,.T.);
#3767=DIRECTION('',(0.6995239910283672,-0.011342954951623851,-0.7145190853635124));
#3768=DIRECTION('',(0.16923380509881322,0.9740606527319811,0.1502190534224065));
#3769=AXIS2_PLACEMENT_3D('',#380,#3767,#3768);
#3770=PLANE('',#3769);
#3771=FACE_SURFACE('',(#3766),#3770,.T.);
#3772=POLY_LOOP('',(#380,#381,#382));
#3773=FACE_OUTER_BOUND('',#3772,.T.);
#3774=DIRECTION('',(0.7246941446978529,-0.02490060666527274,-0.6886206186488671));
#3775=DIRECTION('',(0.2587859264510158,0.9360286907161965,0.23849556479526463));
#3776=AXIS2_PLACEMENT_3D('',#380,#3774,#3775);
#3777=PLANE('',#3776);
#3778=FACE_SURFACE('',(#3773),#3777,.T.);
#3779=POLY_LOOP('',(#382,#381,#383));
#3780=FACE_OUTER_BOUND('',#3779,.T.);
#3781=DIRECTION('',(0.7086838403263637,-0.023027241569851458,-0.7051503106472836));
#3782=DIRECTION('',(0.07370615626384142,0.9964146212546662,0.04153679186853774));
#3783=AXIS2_PLACEMENT_3D('',#382,#3781,#3782);
#3784=PLANE('',#3783);
#3785=FACE_SURFACE('',(#3780),#3784,.T.);
#3786=POLY_LOOP('',(#382,#383,#384));
#3787=FACE_OUTER_BOUND('',#3786,.T.);
#3788=DIRECTION('',(0.7065869177492758,-0.0346392039085532,-0.7067779376990767));
#3789=DIRECTION('',(0.6842833420971055,-0.22097673956645292,0.6949284771104115));
#3790=AXIS2_PLACEMENT_3D('',#382,#3788,#3789);
#3791=PLANE('',#3790);
#3792=FACE_SURFACE('',(#3787),#3791,.T.);
#3793=POLY_LOOP('',(#385,#378,#377));
#3794=FACE_OUTER_BOUND('',#3793,.T.);
#3795=DIRECTION('',(0.7130898464751506,-0.004868258999707324,-0.7010557544934339));
#3796=DIRECTION('',(0.561361023329583,0.6029928469974155,0.5668098693180234));
#3797=AXIS2_PLACEMENT_3D('',#385,#3795,#3796);
#3798=PLANE('',#3797);
#3799=FACE_SURFACE('',(#3794),#3798,.T.);
#3800=POLY_LOOP('',(#384,#383,#386));
#3801=FACE_OUTER_BOUND('',#3800,.T.);
#3802=DIRECTION('',(0.7204930652536763,-0.039946644989884164,-0.6923106300465234));
#3803=DIRECTION('',(0.20487297049512151,0.9660381047474226,0.15747204874679466));
#3804=AXIS2_PLACEMENT_3D('',#384,#3802,#3803);
#3805=PLANE('',#3804);
#3806=FACE_SURFACE('',(#3801),#3805,.T.);
#3807=POLY_LOOP('',(#387,#376,#375));
#3808=FACE_OUTER_BOUND('',#3807,.T.);
#3809=DIRECTION('',(0.7071221035775408,0.16022116180582605,-0.6886998692766428));
#3810=DIRECTION('',(-0.6629027257983707,0.4891323331327918,-0.5668417211295951));
#3811=AXIS2_PLACEMENT_3D('',#387,#3809,#3810);
#3812=PLANE('',#3811);
#3813=FACE_SURFACE('',(#3808),#3812,.T.);
#3814=POLY_LOOP('',(#388,#389,#387));
#3815=FACE_OUTER_BOUND('',#3814,.T.);
#3816=DIRECTION('',(0.7077585562393912,0.15121092848698914,-0.6900819380160848));
#3817=DIRECTION('',(-0.5918376148438774,0.6602993094482357,-0.46231272921918715));
#3818=AXIS2_PLACEMENT_3D('',#388,#3816,#3817);
#3819=PLANE('',#3818);
#3820=FACE_SURFACE('',(#3815),#3819,.T.);
#3821=POLY_LOOP('',(#371,#390,#391));
#3822=FACE_OUTER_BOUND('',#3821,.T.);
#3823=DIRECTION('',(0.6601081267574791,0.37242531670572826,-0.6523470276358816));
#3824=DIRECTION('',(0.6340291329018511,0.18946745073879226,0.7497393838810058));
#3825=AXIS2_PLACEMENT_3D('',#371,#3823,#3824);
#3826=PLANE('',#3825);
#3827=FACE_SURFACE('',(#3822),#3826,.T.);
#3828=POLY_LOOP('',(#371,#391,#372));
#3829=FACE_OUTER_BOUND('',#3828,.T.);
#3830=DIRECTION('',(0.6834608150762381,0.2884165545720926,-0.6705946654306812));
#3831=DIRECTION('',(0.6921621808846224,0.03582959090566416,0.7208521039496076));
#3832=AXIS2_PLACEMENT_3D('',#371,#3830,#3831);
#3833=PLANE('',#3832);
#3834=FACE_SURFACE('',(#3829),#3833,.T.);
#3835=POLY_LOOP('',(#370,#392,#369));
#3836=FACE_OUTER_BOUND('',#3835,.T.);
#3837=DIRECTION('',(0.6969057729641155,0.19848730206371384,-0.6891481223429088));
#3838=DIRECTION('',(-0.5975919065072155,-0.37054380544728033,-0.7110423345495819));
#3839=AXIS2_PLACEMENT_3D('',#370,#3837,#3838);
#3840=PLANE('',#3839);
#3841=FACE_SURFACE('',(#3836),#3840,.T.);
#3842=POLY_LOOP('',(#392,#370,#376));
#3843=FACE_OUTER_BOUND('',#3842,.T.);
#3844=DIRECTION('',(0.7090261768959114,0.16986375938717918,-0.6844181351507442));
#3845=DIRECTION('',(0.5975919065072155,0.37054380544728033,0.7110423345495819));
#3846=AXIS2_PLACEMENT_3D('',#392,#3844,#3845);
#3847=PLANE('',#3846);
#3848=FACE_SURFACE('',(#3843),#3847,.T.);
#3849=POLY_LOOP('',(#393,#394,#395));
#3850=FACE_OUTER_BOUND('',#3849,.T.);
#3851=DIRECTION('',(0.7071525114628546,0.07529446030906707,-0.703040588997921));
#3852=DIRECTION('',(-0.7066748988162883,0.042406047599345374,-0.7062664614081506));
#3853=AXIS2_PLACEMENT_3D('',#393,#3851,#3852);
#3854=PLANE('',#3853);
#3855=FACE_SURFACE('',(#3850),#3854,.T.);
#3856=POLY_LOOP('',(#395,#394,#396));
#3857=FACE_OUTER_BOUND('',#3856,.T.);
#3858=DIRECTION('',(0.7067120443232574,0.07540533290666969,-0.7034714792922856));
#3859=DIRECTION('',(-0.0726817922138334,-0.9813057720725163,-0.1782030829636447));
#3860=AXIS2_PLACEMENT_3D('',#395,#3858,#3859);
#3861=PLANE('',#3860);
#3862=FACE_SURFACE('',(#3857),#3861,.T.);
#3863=POLY_LOOP('',(#387,#389,#376));
#3864=FACE_OUTER_BOUND('',#3863,.T.);
#3865=DIRECTION('',(0.7053565564728251,0.15412707298521192,-0.6918937589065315));
#3866=DIRECTION('',(-0.4148951223067654,-0.7016483912024353,-0.5792681353303395));
#3867=AXIS2_PLACEMENT_3D('',#387,#3865,#3866);
#3868=PLANE('',#3867);
#3869=FACE_SURFACE('',(#3864),#3868,.T.);
#3870=POLY_LOOP('',(#395,#396,#397));
#3871=FACE_OUTER_BOUND('',#3870,.T.);
#3872=DIRECTION('',(0.7034040573026881,0.09608604369642672,-0.7042657200069338));
#3873=DIRECTION('',(-0.6913226504425395,-0.13782048668485158,-0.7092802735414633));
#3874=AXIS2_PLACEMENT_3D('',#395,#3872,#3873);
#3875=PLANE('',#3874);
#3876=FACE_SURFACE('',(#3871),#3875,.T.);
#3877=POLY_LOOP('',(#397,#398,#399));
#3878=FACE_OUTER_BOUND('',#3877,.T.);
#3879=DIRECTION('',(0.7046106935678076,0.10278230896903415,-0.702110794300221));
#3880=DIRECTION('',(-0.5273374460071931,0.7379109439809567,-0.42119194768151025));
#3881=AXIS2_PLACEMENT_3D('',#397,#3879,#3880);
#3882=PLANE('',#3881);
#3883=FACE_SURFACE('',(#3878),#3882,.T.);
#3884=POLY_LOOP('',(#399,#398,#400));
#3885=FACE_OUTER_BOUND('',#3884,.T.);
#3886=DIRECTION('',(0.7043821264823067,0.10418593544325455,-0.7021332571158251));
#3887=DIRECTION('',(-0.6912734584718909,-0.12395977219070042,-0.7118812966293893));
#3888=AXIS2_PLACEMENT_3D('',#399,#3886,#3887);
#3889=PLANE('',#3888);
#3890=FACE_SURFACE('',(#3885),#3889,.T.);
#3891=POLY_LOOP('',(#399,#400,#401));
#3892=FACE_OUTER_BOUND('',#3891,.T.);
#3893=DIRECTION('',(0.7040061326582405,0.11447009764616811,-0.7009079553867715));
#3894=DIRECTION('',(-0.7090705801680197,0.057806541767496035,-0.7027640543376352));
#3895=AXIS2_PLACEMENT_3D('',#399,#3893,#3894);
#3896=PLANE('',#3895);
#3897=FACE_SURFACE('',(#3892),#3896,.T.);
#3898=POLY_LOOP('',(#401,#400,#402));
#3899=FACE_OUTER_BOUND('',#3898,.T.);
#3900=DIRECTION('',(0.711142041046014,0.11177806506796248,-0.6941056559534518));
#3901=DIRECTION('',(-0.10844117681892854,-0.9580254585983651,-0.2653822372494401));
#3902=AXIS2_PLACEMENT_3D('',#401,#3900,#3901);
#3903=PLANE('',#3902);
#3904=FACE_SURFACE('',(#3899),#3903,.T.);
#3905=POLY_LOOP('',(#401,#402,#388));
#3906=FACE_OUTER_BOUND('',#3905,.T.);
#3907=DIRECTION('',(0.69923808398267,0.1359650576728449,-0.7018401563036023));
#3908=DIRECTION('',(-0.5678442520430481,-0.49078808919644284,-0.6608176427158825));
#3909=AXIS2_PLACEMENT_3D('',#401,#3907,#3908);
#3910=PLANE('',#3909);
#3911=FACE_SURFACE('',(#3906),#3910,.T.);
#3912=POLY_LOOP('',(#388,#402,#389));
#3913=FACE_OUTER_BOUND('',#3912,.T.);
#3914=DIRECTION('',(0.6995770310185114,0.1358685554962037,-0.7015209998985775));
#3915=DIRECTION('',(-0.05118239220279245,-0.9697065498467555,-0.2388505179242895));
#3916=AXIS2_PLACEMENT_3D('',#388,#3914,#3915);
#3917=PLANE('',#3916);
#3918=FACE_SURFACE('',(#3913),#3917,.T.);
#3919=POLY_LOOP('',(#397,#396,#398));
#3920=FACE_OUTER_BOUND('',#3919,.T.);
#3921=DIRECTION('',(0.7009769597001424,0.09770316845205707,-0.7064597602439744));
#3922=DIRECTION('',(-0.25429252038399475,-0.8912232230720981,-0.37557486701553516));
#3923=AXIS2_PLACEMENT_3D('',#397,#3921,#3922);
#3924=PLANE('',#3923);
#3925=FACE_SURFACE('',(#3920),#3924,.T.);
#3926=POLY_LOOP('',(#324,#301,#303));
#3927=FACE_OUTER_BOUND('',#3926,.T.);
#3928=DIRECTION('',(-0.20301748705031045,-0.9789976113332488,-0.018643415877195653));
#3929=DIRECTION('',(-0.029808299545644647,0.025210285591317865,-0.9992376628103052));
#3930=AXIS2_PLACEMENT_3D('',#324,#3928,#3929);
#3931=PLANE('',#3930);
#3932=FACE_SURFACE('',(#3927),#3931,.T.);
#3933=POLY_LOOP('',(#384,#386,#403));
#3934=FACE_OUTER_BOUND('',#3933,.T.);
#3935=DIRECTION('',(0.7066613259460415,-0.042749385845842335,-0.7062593435997756));
#3936=DIRECTION('',(0.06970926879774098,-0.9891104607748445,0.1296191121303453));
#3937=AXIS2_PLACEMENT_3D('',#384,#3935,#3936);
#3938=PLANE('',#3937);
#3939=FACE_SURFACE('',(#3934),#3938,.T.);
#3940=POLY_LOOP('',(#378,#404,#405));
#3941=FACE_OUTER_BOUND('',#3940,.T.);
#3942=DIRECTION('',(0.707656242281329,0.010653836497588604,-0.7064765661564095));
#3943=DIRECTION('',(-0.6840430868053722,0.26072737156430076,-0.6812534719991886));
#3944=AXIS2_PLACEMENT_3D('',#378,#3942,#3943);
#3945=PLANE('',#3944);
#3946=FACE_SURFACE('',(#3941),#3945,.T.);
#3947=POLY_LOOP('',(#406,#407,#408));
#3948=FACE_OUTER_BOUND('',#3947,.T.);
#3949=DIRECTION('',(0.20466036104085844,-0.9787580118143525,-0.012119856758277231));
#3950=DIRECTION('',(0.00959740839317519,-0.0103748189595699,0.9999001214539834));
#3951=AXIS2_PLACEMENT_3D('',#406,#3949,#3950);
#3952=PLANE('',#3951);
#3953=FACE_SURFACE('',(#3948),#3952,.T.);
#3954=POLY_LOOP('',(#406,#408,#409));
#3955=FACE_OUTER_BOUND('',#3954,.T.);
#3956=DIRECTION('',(0.1882089058018271,-0.9820380956319185,-0.013363626173827635));
#3957=DIRECTION('',(-0.07000864729281615,-0.026986945619043246,0.997181274428268));
#3958=AXIS2_PLACEMENT_3D('',#406,#3956,#3957);
#3959=PLANE('',#3958);
#3960=FACE_SURFACE('',(#3955),#3959,.T.);
#3961=POLY_LOOP('',(#410,#411,#347));
#3962=FACE_OUTER_BOUND('',#3961,.T.);
#3963=DIRECTION('',(0.0002608706760665572,0.05831525771530982,0.9982981832419044));
#3964=DIRECTION('',(0.009084310518433782,0.998256886031561,-0.05831521922256466));
#3965=AXIS2_PLACEMENT_3D('',#410,#3963,#3964);
#3966=PLANE('',#3965);
#3967=FACE_SURFACE('',(#3962),#3966,.T.);
#3968=POLY_LOOP('',(#321,#323,#317));
#3969=FACE_OUTER_BOUND('',#3968,.T.);
#3970=DIRECTION('',(0.00038158221408829976,0.05833121171273451,0.9982972123246353));
#3971=DIRECTION('',(0.6138879599630903,-0.7880626850532912,0.04581241140730779));
#3972=AXIS2_PLACEMENT_3D('',#321,#3970,#3971);
#3973=PLANE('',#3972);
#3974=FACE_SURFACE('',(#3969),#3973,.T.);
#3975=POLY_LOOP('',(#317,#323,#325));
#3976=FACE_OUTER_BOUND('',#3975,.T.);
#3977=DIRECTION('',(0.00018177082956054126,0.05823793756606568,0.9983027144045118));
#3978=DIRECTION('',(0.4235961903030888,-0.9043181365787359,0.05267803541773634));
#3979=AXIS2_PLACEMENT_3D('',#317,#3977,#3978);
#3980=PLANE('',#3979);
#3981=FACE_SURFACE('',(#3976),#3980,.T.);
#3982=POLY_LOOP('',(#317,#325,#326));
#3983=FACE_OUTER_BOUND('',#3982,.T.);
#3984=DIRECTION('',(0.00022964660058076033,0.05827417314792363,0.9983005900060186));
#3985=DIRECTION('',(0.6041566642976395,-0.795519455403809,0.04629817554479324));
#3986=AXIS2_PLACEMENT_3D('',#317,#3984,#3985);
#3987=PLANE('',#3986);
#3988=FACE_SURFACE('',(#3983),#3987,.T.);
#3989=POLY_LOOP('',(#412,#407,#406));
#3990=FACE_OUTER_BOUND('',#3989,.T.);
#3991=DIRECTION('',(0.540064436818255,-0.841508629688712,-0.013915108465512286));
#3992=DIRECTION('',(-0.05180644244164726,-0.049741606618948206,0.9974175981465867));
#3993=AXIS2_PLACEMENT_3D('',#412,#3991,#3992);
#3994=PLANE('',#3993);
#3995=FACE_SURFACE('',(#3990),#3994,.T.);
#3996=POLY_LOOP('',(#408,#407,#413));
#3997=FACE_OUTER_BOUND('',#3996,.T.);
#3998=DIRECTION('',(0.00027352840629726334,0.05829150543107841,0.9982995670522898));
#3999=DIRECTION('',(0.9787263927387851,0.20480515384809087,-0.012226901233962376));
#4000=AXIS2_PLACEMENT_3D('',#408,#3998,#3999);
#4001=PLANE('',#4000);
#4002=FACE_SURFACE('',(#3997),#4001,.T.);
#4003=POLY_LOOP('',(#408,#414,#410));
#4004=FACE_OUTER_BOUND('',#4003,.T.);
#4005=DIRECTION('',(0.0003436381414087192,0.05822961044083774,0.9983031575532234));
#4006=DIRECTION('',(0.798419208946092,0.6010642817582691,-0.03533406260696175));
#4007=AXIS2_PLACEMENT_3D('',#408,#4005,#4006);
#4008=PLANE('',#4007);
#4009=FACE_SURFACE('',(#4004),#4008,.T.);
#4010=POLY_LOOP('',(#408,#410,#326));
#4011=FACE_OUTER_BOUND('',#4010,.T.);
#4012=DIRECTION('',(0.00026049802033992485,0.058313706299820585,0.9982982739634282));
#4013=DIRECTION('',(0.7117275908196716,0.7012493770020709,-0.04114787625423222));
#4014=AXIS2_PLACEMENT_3D('',#408,#4012,#4013);
#4015=PLANE('',#4014);
#4016=FACE_SURFACE('',(#4011),#4015,.T.);
#4017=POLY_LOOP('',(#326,#410,#347));
#4018=FACE_OUTER_BOUND('',#4017,.T.);
#4019=DIRECTION('',(0.00026066564139597364,0.05830928570652484,0.9982985321304535));
#4020=DIRECTION('',(0.9992842827135412,0.037747089199276565,-0.0024656801627742746));
#4021=AXIS2_PLACEMENT_3D('',#326,#4019,#4020);
#4022=PLANE('',#4021);
#4023=FACE_SURFACE('',(#4018),#4022,.T.);
#4024=POLY_LOOP('',(#326,#347,#317));
#4025=FACE_OUTER_BOUND('',#4024,.T.);
#4026=DIRECTION('',(0.0002712445567875352,0.0583154179960949,0.9982981711143877));
#4027=DIRECTION('',(-0.5021544652462311,0.8633142042632637,-0.05029391365323926));
#4028=AXIS2_PLACEMENT_3D('',#326,#4026,#4027);
#4029=PLANE('',#4028);
#4030=FACE_SURFACE('',(#4025),#4029,.T.);
#4031=POLY_LOOP('',(#320,#314,#322));
#4032=FACE_OUTER_BOUND('',#4031,.T.);
#4033=DIRECTION('',(-0.7085828668578276,-0.7056103394082136,-0.004936569230547135));
#4034=DIRECTION('',(0.036997607066101536,-0.03016527382772457,-0.9988599668253207));
#4035=AXIS2_PLACEMENT_3D('',#320,#4033,#4034);
#4036=PLANE('',#4035);
#4037=FACE_SURFACE('',(#4032),#4036,.T.);
#4038=POLY_LOOP('',(#322,#314,#301));
#4039=FACE_OUTER_BOUND('',#4038,.T.);
#4040=DIRECTION('',(-0.5581565063435803,-0.8295254795035695,-0.018676008157581754));
#4041=DIRECTION('',(-0.04671311359776299,0.05388825703791622,-0.9974537286367815));
#4042=AXIS2_PLACEMENT_3D('',#322,#4040,#4041);
#4043=PLANE('',#4042);
#4044=FACE_SURFACE('',(#4039),#4043,.T.);
#4045=POLY_LOOP('',(#413,#414,#408));
#4046=FACE_OUTER_BOUND('',#4045,.T.);
#4047=DIRECTION('',(0.00023629438403529183,0.05837171369128195,0.9982948899026315));
#4048=DIRECTION('',(0.46985712179246275,0.8812308433130045,-0.051638027603246685));
#4049=AXIS2_PLACEMENT_3D('',#413,#4047,#4048);
#4050=PLANE('',#4049);
#4051=FACE_SURFACE('',(#4046),#4050,.T.);
#4052=POLY_LOOP('',(#385,#404,#378));
#4053=FACE_OUTER_BOUND('',#4052,.T.);
#4054=DIRECTION('',(0.7069254480289587,0.006699054556916264,-0.7072563422105874));
#4055=DIRECTION('',(0.005057648484241356,0.9998817000035625,0.014526052106327167));
#4056=AXIS2_PLACEMENT_3D('',#385,#4054,#4055);
#4057=PLANE('',#4056);
#4058=FACE_SURFACE('',(#4053),#4057,.T.);
#4059=POLY_LOOP('',(#412,#413,#407));
#4060=FACE_OUTER_BOUND('',#4059,.T.);
#4061=DIRECTION('',(0.6108273102816298,-0.7917258531982144,-0.007756957629705051));
#4062=DIRECTION('',(0.013463538824531841,0.0005906640541499176,0.9999091879957377));
#4063=AXIS2_PLACEMENT_3D('',#412,#4061,#4062);
#4064=PLANE('',#4063);
#4065=FACE_SURFACE('',(#4060),#4064,.T.);
#4066=POLY_LOOP('',(#415,#414,#413));
#4067=FACE_OUTER_BOUND('',#4066,.T.);
#4068=DIRECTION('',(0.8823136988827529,-0.47064773681136224,-0.0036393128716248617));
#4069=DIRECTION('',(0.009399526858825107,0.009889258604793248,0.9999069213977256));
#4070=AXIS2_PLACEMENT_3D('',#415,#4068,#4069);
#4071=PLANE('',#4070);
#4072=FACE_SURFACE('',(#4067),#4071,.T.);
#4073=POLY_LOOP('',(#378,#405,#416));
#4074=FACE_OUTER_BOUND('',#4073,.T.);
#4075=DIRECTION('',(0.7215223741306852,0.01820145358336634,-0.6921518407952639));
#4076=DIRECTION('',(-0.2573074243773162,0.9351121324197017,-0.24363536106606115));
#4077=AXIS2_PLACEMENT_3D('',#378,#4075,#4076);
#4078=PLANE('',#4077);
#4079=FACE_SURFACE('',(#4074),#4078,.T.);
#4080=POLY_LOOP('',(#405,#417,#416));
#4081=FACE_OUTER_BOUND('',#4080,.T.);
#4082=DIRECTION('',(0.7067522313177922,0.022259954517391104,-0.7071108668039304));
#4083=DIRECTION('',(0.0011115317434559969,0.999468695659976,0.03257439013902499));
#4084=AXIS2_PLACEMENT_3D('',#405,#4082,#4083);
#4085=PLANE('',#4084);
#4086=FACE_SURFACE('',(#4081),#4085,.T.);
#4087=POLY_LOOP('',(#416,#417,#394));
#4088=FACE_OUTER_BOUND('',#4087,.T.);
#4089=DIRECTION('',(0.7100494518056822,0.04488053099372261,-0.7027200822007091));
#4090=DIRECTION('',(-0.6914014465982108,0.23349027022631488,-0.6837004704924108));
#4091=AXIS2_PLACEMENT_3D('',#416,#4089,#4090);
#4092=PLANE('',#4091);
#4093=FACE_SURFACE('',(#4088),#4092,.T.);
#4094=POLY_LOOP('',(#416,#394,#393));
#4095=FACE_OUTER_BOUND('',#4094,.T.);
#4096=DIRECTION('',(0.7075366672128873,0.04456332796422203,-0.7052701428176532));
#4097=DIRECTION('',(-0.09386330374594037,0.9950933076436427,-0.03128880459097055));
#4098=AXIS2_PLACEMENT_3D('',#416,#4096,#4097);
#4099=PLANE('',#4098);
#4100=FACE_SURFACE('',(#4095),#4099,.T.);
#4101=POLY_LOOP('',(#418,#403,#386));
#4102=FACE_OUTER_BOUND('',#4101,.T.);
#4103=DIRECTION('',(0.6980261142975248,-0.18840267627636217,-0.6908429454880487));
#4104=DIRECTION('',(0.20803345500564638,0.9765109014780718,-0.05611186053676233));
#4105=AXIS2_PLACEMENT_3D('',#418,#4103,#4104);
#4106=PLANE('',#4105);
#4107=FACE_SURFACE('',(#4102),#4106,.T.);
#4108=POLY_LOOP('',(#406,#409,#419));
#4109=FACE_OUTER_BOUND('',#4108,.T.);
#4110=DIRECTION('',(0.13424489458528735,-0.716586875733877,-0.6844571263444821));
#4111=DIRECTION('',(-0.9821045465151785,-0.18828284638936071,0.004497718281075364));
#4112=AXIS2_PLACEMENT_3D('',#406,#4110,#4111);
#4113=PLANE('',#4112);
#4114=FACE_SURFACE('',(#4109),#4113,.T.);
#4115=POLY_LOOP('',(#415,#413,#412));
#4116=FACE_OUTER_BOUND('',#4115,.T.);
#4117=DIRECTION('',(0.8265621709831441,-0.5627418603635641,-0.010797040992171278));
#4118=DIRECTION('',(-0.028157961067873816,-0.0605024792196954,0.997770804963129));
#4119=AXIS2_PLACEMENT_3D('',#415,#4117,#4118);
#4120=PLANE('',#4119);
#4121=FACE_SURFACE('',(#4116),#4120,.T.);
#4122=POLY_LOOP('',(#419,#420,#406));
#4123=FACE_OUTER_BOUND('',#4122,.T.);
#4124=DIRECTION('',(0.1303663353987047,-0.7185726352364613,-0.6831236977912858));
#4125=DIRECTION('',(0.9819956795817422,0.18858468785381982,-0.010968171673970574));
#4126=AXIS2_PLACEMENT_3D('',#419,#4124,#4125);
#4127=PLANE('',#4126);
#4128=FACE_SURFACE('',(#4123),#4127,.T.);
#4129=POLY_LOOP('',(#406,#421,#412));
#4130=FACE_OUTER_BOUND('',#4129,.T.);
#4131=DIRECTION('',(0.3864058836723857,-0.6174430275056969,-0.6851675713633576));
#4132=DIRECTION('',(-0.02966833958867415,0.7341617355033012,-0.6783261278683226));
#4133=AXIS2_PLACEMENT_3D('',#406,#4131,#4132);
#4134=PLANE('',#4133);
#4135=FACE_SURFACE('',(#4130),#4134,.T.);
#4136=POLY_LOOP('',(#412,#421,#418));
#4137=FACE_OUTER_BOUND('',#4136,.T.);
#4138=DIRECTION('',(0.5758486839821875,-0.43136296474337615,-0.6944957061089635));
#4139=DIRECTION('',(-0.5059946021337147,0.4791865652478323,-0.7171817749340322));
#4140=AXIS2_PLACEMENT_3D('',#412,#4138,#4139);
#4141=PLANE('',#4140);
#4142=FACE_SURFACE('',(#4137),#4141,.T.);
#4143=POLY_LOOP('',(#412,#418,#415));
#4144=FACE_OUTER_BOUND('',#4143,.T.);
#4145=DIRECTION('',(0.5918233341185032,-0.4181541087077408,-0.6891242867318591));
#4146=DIRECTION('',(-0.3202196624000956,0.662601266122284,-0.6770664147227472));
#4147=AXIS2_PLACEMENT_3D('',#412,#4145,#4146);
#4148=PLANE('',#4147);
#4149=FACE_SURFACE('',(#4144),#4148,.T.);
#4150=POLY_LOOP('',(#415,#418,#386));
#4151=FACE_OUTER_BOUND('',#4150,.T.);
#4152=DIRECTION('',(0.695851322306768,-0.16389621047861552,-0.6992345596684075));
#4153=DIRECTION('',(-0.6590073014226775,0.24130170586175506,-0.7123783148158058));
#4154=AXIS2_PLACEMENT_3D('',#415,#4152,#4153);
#4155=PLANE('',#4154);
#4156=FACE_SURFACE('',(#4151),#4155,.T.);
#4157=POLY_LOOP('',(#386,#410,#414));
#4158=FACE_OUTER_BOUND('',#4157,.T.);
#4159=DIRECTION('',(0.9912126215197375,-0.1322590533697989,-0.002254271876715326));
#4160=DIRECTION('',(0.000471371718941137,-0.013510124602716438,0.9999086229960823));
#4161=AXIS2_PLACEMENT_3D('',#386,#4159,#4160);
#4162=PLANE('',#4161);
#4163=FACE_SURFACE('',(#4158),#4162,.T.);
#4164=POLY_LOOP('',(#386,#414,#415));
#4165=FACE_OUTER_BOUND('',#4164,.T.);
#4166=DIRECTION('',(0.977920602715873,-0.20885520668407467,-0.007127231213889402));
#4167=DIRECTION('',(-0.006061902569305307,-0.062441591424274474,0.9980302104634128));
#4168=AXIS2_PLACEMENT_3D('',#386,#4166,#4167);
#4169=PLANE('',#4168);
#4170=FACE_SURFACE('',(#4165),#4169,.T.);
#4171=POLY_LOOP('',(#406,#420,#421));
#4172=FACE_OUTER_BOUND('',#4171,.T.);
#4173=DIRECTION('',(0.3738015139096019,-0.6212363631889479,-0.6887218663950341));
#4174=DIRECTION('',(-0.2712448525987926,0.6368688968307952,-0.721681535158123));
#4175=AXIS2_PLACEMENT_3D('',#406,#4173,#4174);
#4176=PLANE('',#4175);
#4177=FACE_SURFACE('',(#4172),#4176,.T.);
#4178=POLY_LOOP('',(#124,#292,#122));
#4179=FACE_OUTER_BOUND('',#4178,.T.);
#4180=DIRECTION('',(-0.9996681423574323,0.025677941450010826,0.0020611837691106847));
#4181=DIRECTION('',(0.021590852638415918,0.791528306738664,0.6107509923968766));
#4182=AXIS2_PLACEMENT_3D('',#124,#4180,#4181);
#4183=PLANE('',#4182);
#4184=FACE_SURFACE('',(#4179),#4183,.T.);
#4185=POLY_LOOP('',(#311,#346,#422));
#4186=FACE_OUTER_BOUND('',#4185,.T.);
#4187=DIRECTION('',(-0.9999995451867763,-0.0008101887912895059,-0.0005032100585402654));
#4188=DIRECTION('',(-0.0008381637476618337,0.4947792853632844,0.8690182715322675));
#4189=AXIS2_PLACEMENT_3D('',#311,#4187,#4188);
#4190=PLANE('',#4189);
#4191=FACE_SURFACE('',(#4186),#4190,.T.);
#4192=POLY_LOOP('',(#422,#337,#423));
#4193=FACE_OUTER_BOUND('',#4192,.T.);
#4194=DIRECTION('',(-0.9999995962921756,0.0004632783203122595,0.0007699277133970399));
#4195=DIRECTION('',(-0.0003959442695866375,-0.9963583178751324,0.08526397615154896));
#4196=AXIS2_PLACEMENT_3D('',#422,#4194,#4195);
#4197=PLANE('',#4196);
#4198=FACE_SURFACE('',(#4193),#4197,.T.);
#4199=POLY_LOOP('',(#424,#425,#426));
#4200=FACE_OUTER_BOUND('',#4199,.T.);
#4201=DIRECTION('',(-0.9999679542087598,0.008002142742611322,0.00023720681827032184));
#4202=DIRECTION('',(0.007625946408252714,0.9611378717751621,-0.27596346928695187));
#4203=AXIS2_PLACEMENT_3D('',#424,#4201,#4202);
#4204=PLANE('',#4203);
#4205=FACE_SURFACE('',(#4200),#4204,.T.);
#4206=POLY_LOOP('',(#426,#425,#427));
#4207=FACE_OUTER_BOUND('',#4206,.T.);
#4208=DIRECTION('',(-0.9999666887700643,0.0081602241688223,0.0001791416969073781));
#4209=DIRECTION('',(0.0029816210844735044,0.3447655658299535,0.9386840866626325));
#4210=AXIS2_PLACEMENT_3D('',#426,#4208,#4209);
#4211=PLANE('',#4210);
#4212=FACE_SURFACE('',(#4207),#4211,.T.);
#4213=POLY_LOOP('',(#428,#429,#426));
#4214=FACE_OUTER_BOUND('',#4213,.T.);
#4215=DIRECTION('',(-0.9999726899086201,0.007387364313522535,0.00021514046149113272));
#4216=DIRECTION('',(0.007044430712542028,0.9439406339008499,0.3300400819094522));
#4217=AXIS2_PLACEMENT_3D('',#428,#4215,#4216);
#4218=PLANE('',#4217);
#4219=FACE_SURFACE('',(#4214),#4218,.T.);
#4220=POLY_LOOP('',(#426,#429,#430));
#4221=FACE_OUTER_BOUND('',#4220,.T.);
#4222=DIRECTION('',(-0.9999713173900907,0.007569260908060603,0.00026586920136025926));
#4223=DIRECTION('',(-0.0017772353474775095,-0.2686234769888884,0.9632436187408249));
#4224=AXIS2_PLACEMENT_3D('',#426,#4222,#4223);
#4225=PLANE('',#4224);
#4226=FACE_SURFACE('',(#4221),#4225,.T.);
#4227=POLY_LOOP('',(#426,#430,#424));
#4228=FACE_OUTER_BOUND('',#4227,.T.);
#4229=DIRECTION('',(-0.9999692448389947,0.007837976720863624,0.00027476727227249045));
#4230=DIRECTION('',(1.5217100416877403e-05,-0.03309529126915624,0.9994522006900829));
#4231=AXIS2_PLACEMENT_3D('',#426,#4229,#4230);
#4232=PLANE('',#4231);
#4233=FACE_SURFACE('',(#4228),#4232,.T.);
#4234=POLY_LOOP('',(#431,#432,#426));
#4235=FACE_OUTER_BOUND('',#4234,.T.);
#4236=DIRECTION('',(-0.9999729188032837,0.0073297602717610445,0.0006605107114282274));
#4237=DIRECTION('',(0.0018485162613551182,0.1632824351064864,0.9865776347421056));
#4238=AXIS2_PLACEMENT_3D('',#431,#4236,#4237);
#4239=PLANE('',#4238);
#4240=FACE_SURFACE('',(#4235),#4239,.T.);
#4241=POLY_LOOP('',(#433,#434,#295));
#4242=FACE_OUTER_BOUND('',#4241,.T.);
#4243=DIRECTION('',(-0.999958960492297,0.009059642706665011,-1.4324532449261275e-05));
#4244=DIRECTION('',(0.009054709523699158,0.9994641926455617,0.031453773299826515));
#4245=AXIS2_PLACEMENT_3D('',#433,#4243,#4244);
#4246=PLANE('',#4245);
#4247=FACE_SURFACE('',(#4242),#4246,.T.);
#4248=POLY_LOOP('',(#426,#432,#435));
#4249=FACE_OUTER_BOUND('',#4248,.T.);
#4250=DIRECTION('',(-0.9999749321848949,0.007080591788255175,1.4891034921134156e-05));
#4251=DIRECTION('',(-0.006600320819583307,-0.9329046598831086,0.36006295468078925));
#4252=AXIS2_PLACEMENT_3D('',#426,#4250,#4251);
#4253=PLANE('',#4252);
#4254=FACE_SURFACE('',(#4249),#4253,.T.);
#4255=POLY_LOOP('',(#436,#431,#295));
#4256=FACE_OUTER_BOUND('',#4255,.T.);
#4257=DIRECTION('',(-0.9999795617131806,0.006066627608841819,-0.0020179656515718434));
#4258=DIRECTION('',(0.006033371900659284,0.9998522363763087,0.01609670266863032));
#4259=AXIS2_PLACEMENT_3D('',#436,#4257,#4258);
#4260=PLANE('',#4259);
#4261=FACE_SURFACE('',(#4256),#4260,.T.);
#4262=POLY_LOOP('',(#295,#431,#426));
#4263=FACE_OUTER_BOUND('',#4262,.T.);
#4264=DIRECTION('',(-0.999972395478307,0.007380060881188354,-0.0008619644810342082));
#4265=DIRECTION('',(-0.005522901911405517,-0.6606587784399724,0.7506660216265822));
#4266=AXIS2_PLACEMENT_3D('',#295,#4264,#4265);
#4267=PLANE('',#4266);
#4268=FACE_SURFACE('',(#4263),#4267,.T.);
#4269=POLY_LOOP('',(#295,#426,#433));
#4270=FACE_OUTER_BOUND('',#4269,.T.);
#4271=DIRECTION('',(-0.9999715003540478,0.00751004695770809,-0.000773094022493708));
#4272=DIRECTION('',(-0.0048767289061412734,-0.5643628045081653,0.8255124725907262));
#4273=AXIS2_PLACEMENT_3D('',#295,#4271,#4272);
#4274=PLANE('',#4273);
#4275=FACE_SURFACE('',(#4270),#4274,.T.);
#4276=POLY_LOOP('',(#433,#426,#427));
#4277=FACE_OUTER_BOUND('',#4276,.T.);
#4278=DIRECTION('',(-0.9999718624284137,0.007457669679804498,0.0008108726140315612));
#4279=DIRECTION('',(-0.007480396534583579,-0.9994257096589614,-0.033049879581727434));
#4280=AXIS2_PLACEMENT_3D('',#433,#4278,#4279);
#4281=PLANE('',#4280);
#4282=FACE_SURFACE('',(#4277),#4281,.T.);
#4283=POLY_LOOP('',(#433,#427,#437));
#4284=FACE_OUTER_BOUND('',#4283,.T.);
#4285=DIRECTION('',(-0.9999246414071068,0.011927122728483489,0.002907791307542484));
#4286=DIRECTION('',(-0.002433396072541901,-0.42472083430910185,0.905321098554173));
#4287=AXIS2_PLACEMENT_3D('',#433,#4285,#4286);
#4288=PLANE('',#4287);
#4289=FACE_SURFACE('',(#4284),#4288,.T.);
#4290=POLY_LOOP('',(#438,#439,#295));
#4291=FACE_OUTER_BOUND('',#4290,.T.);
#4292=DIRECTION('',(-0.9999431660594347,0.010644850012904288,0.0005931435211354704));
#4293=DIRECTION('',(0.010200021305506856,0.939002764574425,0.3437582983535875));
#4294=AXIS2_PLACEMENT_3D('',#438,#4292,#4293);
#4295=PLANE('',#4294);
#4296=FACE_SURFACE('',(#4291),#4295,.T.);
#4297=POLY_LOOP('',(#426,#435,#428));
#4298=FACE_OUTER_BOUND('',#4297,.T.);
#4299=DIRECTION('',(-0.9999741344779142,0.007191239762657677,0.00012824126673472247));
#4300=DIRECTION('',(-0.005056299891255101,-0.7155581340938045,0.6985348885800927));
#4301=AXIS2_PLACEMENT_3D('',#426,#4299,#4300);
#4302=PLANE('',#4301);
#4303=FACE_SURFACE('',(#4298),#4302,.T.);
#4304=POLY_LOOP('',(#434,#440,#295));
#4305=FACE_OUTER_BOUND('',#4304,.T.);
#4306=DIRECTION('',(-0.9998914023051122,0.014625309295807383,0.0018121601248741953));
#4307=DIRECTION('',(0.004016670087784338,0.15214623412397302,0.9883498316908336));
#4308=AXIS2_PLACEMENT_3D('',#434,#4306,#4307);
#4309=PLANE('',#4308);
#4310=FACE_SURFACE('',(#4305),#4309,.T.);
#4311=POLY_LOOP('',(#297,#436,#295));
#4312=FACE_OUTER_BOUND('',#4311,.T.);
#4313=DIRECTION('',(-0.9999535637820944,0.009507066686859257,0.001576693534000903));
#4314=DIRECTION('',(-0.003139237241579886,-0.47603229346920545,0.8794221971067079));
#4315=AXIS2_PLACEMENT_3D('',#297,#4313,#4314);
#4316=PLANE('',#4315);
#4317=FACE_SURFACE('',(#4312),#4316,.T.);
#4318=POLY_LOOP('',(#441,#442,#297));
#4319=FACE_OUTER_BOUND('',#4318,.T.);
#4320=DIRECTION('',(-0.9999894192789499,0.004391660431137383,-0.0013691781498710498));
#4321=DIRECTION('',(0.004357954098321217,0.9997091717572866,0.02371877189984847));
#4322=AXIS2_PLACEMENT_3D('',#441,#4320,#4321);
#4323=PLANE('',#4322);
#4324=FACE_SURFACE('',(#4319),#4323,.T.);
#4325=POLY_LOOP('',(#305,#443,#444));
#4326=FACE_OUTER_BOUND('',#4325,.T.);
#4327=DIRECTION('',(-0.9999933802511987,0.0035973964428489902,-0.0005460701551731289));
#4328=DIRECTION('',(0.00025093187710685527,0.21790166806508357,0.9759706963263023));
#4329=AXIS2_PLACEMENT_3D('',#305,#4327,#4328);
#4330=PLANE('',#4329);
#4331=FACE_SURFACE('',(#4326),#4330,.T.);
#4332=POLY_LOOP('',(#305,#444,#300));
#4333=FACE_OUTER_BOUND('',#4332,.T.);
#4334=DIRECTION('',(-0.9999943019846532,0.003346795424024171,-0.00044154118246000017));
#4335=DIRECTION('',(0.0008808870261095844,0.3849635391869378,0.9229313612261283));
#4336=AXIS2_PLACEMENT_3D('',#305,#4334,#4335);
#4337=PLANE('',#4336);
#4338=FACE_SURFACE('',(#4333),#4337,.T.);
#4339=POLY_LOOP('',(#300,#444,#441));
#4340=FACE_OUTER_BOUND('',#4339,.T.);
#4341=DIRECTION('',(-0.9999928421533525,0.003775082476280174,-0.00025376043282923964));
#4342=DIRECTION('',(-0.001748264133464744,-0.40154029847257655,0.9158396869949859));
#4343=AXIS2_PLACEMENT_3D('',#300,#4341,#4342);
#4344=PLANE('',#4343);
#4345=FACE_SURFACE('',(#4340),#4344,.T.);
#4346=POLY_LOOP('',(#300,#441,#297));
#4347=FACE_OUTER_BOUND('',#4346,.T.);
#4348=DIRECTION('',(-0.99997955554107,0.006376839491633448,0.00047372775090458847));
#4349=DIRECTION('',(-0.0012609469889338068,-0.26927917693373793,0.9630613349535843));
#4350=AXIS2_PLACEMENT_3D('',#300,#4348,#4349);
#4351=PLANE('',#4350);
#4352=FACE_SURFACE('',(#4347),#4351,.T.);
#4353=POLY_LOOP('',(#445,#436,#446));
#4354=FACE_OUTER_BOUND('',#4353,.T.);
#4355=DIRECTION('',(-0.9999810958962131,0.006136869806072495,0.00038298719592911765));
#4356=DIRECTION('',(0.0010466618212038971,0.2312655365119004,-0.9728901048530069));
#4357=AXIS2_PLACEMENT_3D('',#445,#4355,#4356);
#4358=PLANE('',#4357);
#4359=FACE_SURFACE('',(#4354),#4358,.T.);
#4360=POLY_LOOP('',(#446,#436,#442));
#4361=FACE_OUTER_BOUND('',#4360,.T.);
#4362=DIRECTION('',(-0.9999859920845842,0.005292966155118889,-1.1995455320411657e-05));
#4363=DIRECTION('',(0.0022545659795240847,0.4238965363446848,-0.9057078134846929));
#4364=AXIS2_PLACEMENT_3D('',#446,#4362,#4363);
#4365=PLANE('',#4364);
#4366=FACE_SURFACE('',(#4361),#4365,.T.);
#4367=POLY_LOOP('',(#297,#442,#436));
#4368=FACE_OUTER_BOUND('',#4367,.T.);
#4369=DIRECTION('',(-0.9999856641837186,0.005309177730405324,-0.000695743396771242));
#4370=DIRECTION('',(-0.0037023001515051096,-0.5916860904411195,0.8061599489878492));
#4371=AXIS2_PLACEMENT_3D('',#297,#4369,#4370);
#4372=PLANE('',#4371);
#4373=FACE_SURFACE('',(#4368),#4372,.T.);
#4374=POLY_LOOP('',(#446,#442,#447));
#4375=FACE_OUTER_BOUND('',#4374,.T.);
#4376=DIRECTION('',(-0.9999854731955742,0.005389234413822781,-9.772541430667335e-05));
#4377=DIRECTION('',(-0.0035110952242228444,-0.6650343490128509,-0.7468045171551789));
#4378=AXIS2_PLACEMENT_3D('',#446,#4376,#4377);
#4379=PLANE('',#4378);
#4380=FACE_SURFACE('',(#4375),#4379,.T.);
#4381=POLY_LOOP('',(#448,#449,#442));
#4382=FACE_OUTER_BOUND('',#4381,.T.);
#4383=DIRECTION('',(-0.9999885462802682,0.004785605997925066,-7.268774672446383e-05));
#4384=DIRECTION('',(0.004505074044425227,0.9462800766647466,0.32331674997626636));
#4385=AXIS2_PLACEMENT_3D('',#448,#4383,#4384);
#4386=PLANE('',#4385);
#4387=FACE_SURFACE('',(#4382),#4386,.T.);
#4388=POLY_LOOP('',(#442,#449,#450));
#4389=FACE_OUTER_BOUND('',#4388,.T.);
#4390=DIRECTION('',(-0.999987798697939,0.004939785536211465,-3.1210679831658064e-05));
#4391=DIRECTION('',(-0.0013133914468922137,-0.25977570379124865,0.9656680893157177));
#4392=AXIS2_PLACEMENT_3D('',#442,#4390,#4391);
#4393=PLANE('',#4392);
#4394=FACE_SURFACE('',(#4389),#4393,.T.);
#4395=POLY_LOOP('',(#442,#450,#451));
#4396=FACE_OUTER_BOUND('',#4395,.T.);
#4397=DIRECTION('',(-0.9999867585210108,0.005146082974331235,-2.4752027307406607e-05));
#4398=DIRECTION('',(-0.000185769528570897,-0.03129120992533171,0.9995102929290378));
#4399=AXIS2_PLACEMENT_3D('',#442,#4397,#4398);
#4400=PLANE('',#4399);
#4401=FACE_SURFACE('',(#4396),#4400,.T.);
#4402=POLY_LOOP('',(#441,#452,#442));
#4403=FACE_OUTER_BOUND('',#4402,.T.);
#4404=DIRECTION('',(-0.9999901923266957,0.004375455668523321,-0.0006860306923872585));
#4405=DIRECTION('',(8.340117079853169e-05,0.1734744352609459,0.9848383691525937));
#4406=AXIS2_PLACEMENT_3D('',#441,#4404,#4405);
#4407=PLANE('',#4406);
#4408=FACE_SURFACE('',(#4403),#4407,.T.);
#4409=POLY_LOOP('',(#442,#452,#453));
#4410=FACE_OUTER_BOUND('',#4409,.T.);
#4411=DIRECTION('',(-0.9999895837394074,0.004558834386705543,-0.00022235494461986076));
#4412=DIRECTION('',(-0.004321106303108286,-0.9299054863330442,0.36777318353575167));
#4413=AXIS2_PLACEMENT_3D('',#442,#4411,#4412);
#4414=PLANE('',#4413);
#4415=FACE_SURFACE('',(#4410),#4414,.T.);
#4416=POLY_LOOP('',(#442,#453,#448));
#4417=FACE_OUTER_BOUND('',#4416,.T.);
#4418=DIRECTION('',(-0.9999891952402586,0.004646669443914011,-0.0001336630801815563));
#4419=DIRECTION('',(-0.0033956380975281378,-0.7105189569642555,0.7036698667957417));
#4420=AXIS2_PLACEMENT_3D('',#442,#4418,#4419);
#4421=PLANE('',#4420);
#4422=FACE_SURFACE('',(#4417),#4421,.T.);
#4423=POLY_LOOP('',(#447,#442,#451));
#4424=FACE_OUTER_BOUND('',#4423,.T.);
#4425=DIRECTION('',(-0.9999860976965103,0.005272702456202219,-5.4977395352598884e-05));
#4426=DIRECTION('',(-0.001764251031958807,-0.34438521245002135,-0.9388267746842598));
#4427=AXIS2_PLACEMENT_3D('',#447,#4425,#4426);
#4428=PLANE('',#4427);
#4429=FACE_SURFACE('',(#4424),#4428,.T.);
#4430=POLY_LOOP('',(#454,#443,#305));
#4431=FACE_OUTER_BOUND('',#4430,.T.);
#4432=DIRECTION('',(-0.9999975109681218,0.0022184058980093914,-0.00023818655003400973));
#4433=DIRECTION('',(0.0021741783218692918,0.9928633088667032,0.11923809313674211));
#4434=AXIS2_PLACEMENT_3D('',#454,#4432,#4433);
#4435=PLANE('',#4434);
#4436=FACE_SURFACE('',(#4431),#4435,.T.);
#4437=POLY_LOOP('',(#295,#440,#455));
#4438=FACE_OUTER_BOUND('',#4437,.T.);
#4439=DIRECTION('',(-0.9999490667707416,0.010081679572604332,0.00047286501057421223));
#4440=DIRECTION('',(-0.002396714295697925,-0.2827074426286863,0.9592031889245014));
#4441=AXIS2_PLACEMENT_3D('',#295,#4439,#4440);
#4442=PLANE('',#4441);
#4443=FACE_SURFACE('',(#4438),#4442,.T.);
#4444=POLY_LOOP('',(#439,#456,#295));
#4445=FACE_OUTER_BOUND('',#4444,.T.);
#4446=DIRECTION('',(-0.9999405834203015,0.010882576182262321,0.0006317948276897766));
#4447=DIRECTION('',(0.010847360143379158,0.9876194589078988,0.15649325597094887));
#4448=AXIS2_PLACEMENT_3D('',#439,#4446,#4447);
#4449=PLANE('',#4448);
#4450=FACE_SURFACE('',(#4445),#4449,.T.);
#4451=POLY_LOOP('',(#295,#457,#110));
#4452=FACE_OUTER_BOUND('',#4451,.T.);
#4453=DIRECTION('',(-0.9998791988867677,0.015537748139861758,-0.0004074509761957673));
#4454=DIRECTION('',(0.007254781523386307,0.48971968801304677,0.8718497550137019));
#4455=AXIS2_PLACEMENT_3D('',#295,#4453,#4454);
#4456=PLANE('',#4455);
#4457=FACE_SURFACE('',(#4452),#4456,.T.);
#4458=POLY_LOOP('',(#457,#458,#110));
#4459=FACE_OUTER_BOUND('',#4458,.T.);
#4460=DIRECTION('',(-0.9998514840206357,0.017228686124578636,0.000426938113890393));
#4461=DIRECTION('',(0.01721761084429663,0.9975162064663218,0.068300598195424));
#4462=AXIS2_PLACEMENT_3D('',#457,#4460,#4461);
#4463=PLANE('',#4462);
#4464=FACE_SURFACE('',(#4459),#4463,.T.);
#4465=POLY_LOOP('',(#110,#458,#459));
#4466=FACE_OUTER_BOUND('',#4465,.T.);
#4467=DIRECTION('',(-0.999486079335159,0.031638611822207036,0.005155138911402289));
#4468=DIRECTION('',(-0.004964380364591153,-0.3116495859534351,0.9501841350510164));
#4469=AXIS2_PLACEMENT_3D('',#110,#4467,#4468);
#4470=PLANE('',#4469);
#4471=FACE_SURFACE('',(#4466),#4470,.T.);
#4472=POLY_LOOP('',(#110,#459,#460));
#4473=FACE_OUTER_BOUND('',#4472,.T.);
#4474=DIRECTION('',(-0.9998208431578077,0.01887465182103683,0.0014244668634469915));
#4475=DIRECTION('',(-0.003926751511177986,-0.2804469688609368,0.9598614891114667));
#4476=AXIS2_PLACEMENT_3D('',#110,#4474,#4475);
#4477=PLANE('',#4476);
#4478=FACE_SURFACE('',(#4473),#4477,.T.);
#4479=POLY_LOOP('',(#461,#462,#119));
#4480=FACE_OUTER_BOUND('',#4479,.T.);
#4481=DIRECTION('',(-0.9997639009578666,0.021649701530382284,0.001852772288836534));
#4482=DIRECTION('',(0.016548437271569315,0.8138946930323864,-0.5807767022510343));
#4483=AXIS2_PLACEMENT_3D('',#461,#4481,#4482);
#4484=PLANE('',#4483);
#4485=FACE_SURFACE('',(#4480),#4484,.T.);
#4486=POLY_LOOP('',(#119,#462,#463));
#4487=FACE_OUTER_BOUND('',#4486,.T.);
#4488=DIRECTION('',(-0.9997609202984628,0.021794935997072242,0.0017558498951597856));
#4489=DIRECTION('',(0.013556763827824506,0.5548507935101485,0.8318394142475306));
#4490=AXIS2_PLACEMENT_3D('',#119,#4488,#4489);
#4491=PLANE('',#4490);
#4492=FACE_SURFACE('',(#4487),#4491,.T.);
#4493=POLY_LOOP('',(#295,#464,#457));
#4494=FACE_OUTER_BOUND('',#4493,.T.);
#4495=DIRECTION('',(-0.9999048306675584,0.013783890249459144,0.0005779076672362996));
#4496=DIRECTION('',(0.005483087611582146,0.35861476659812064,0.933469541510605));
#4497=AXIS2_PLACEMENT_3D('',#295,#4495,#4496);
#4498=PLANE('',#4497);
#4499=FACE_SURFACE('',(#4494),#4498,.T.);
#4500=POLY_LOOP('',(#119,#463,#117));
#4501=FACE_OUTER_BOUND('',#4500,.T.);
#4502=DIRECTION('',(-0.9997611800133414,0.02178940055997643,0.0016748019489326634));
#4503=DIRECTION('',(0.021624526848598204,0.9974377919588281,-0.06819260231778626));
#4504=AXIS2_PLACEMENT_3D('',#119,#4502,#4503);
#4505=PLANE('',#4504);
#4506=FACE_SURFACE('',(#4501),#4505,.T.);
#4507=POLY_LOOP('',(#110,#358,#360));
#4508=FACE_OUTER_BOUND('',#4507,.T.);
#4509=DIRECTION('',(-0.9998011811450696,0.019870663974431577,0.001659787377697233));
#4510=DIRECTION('',(-0.0029177508432575027,-0.22813438436589023,0.973625281820482));
#4511=AXIS2_PLACEMENT_3D('',#110,#4509,#4510);
#4512=PLANE('',#4511);
#4513=FACE_SURFACE('',(#4508),#4512,.T.);
#4514=POLY_LOOP('',(#110,#360,#119));
#4515=FACE_OUTER_BOUND('',#4514,.T.);
#4516=DIRECTION('',(-0.9997754449092192,0.021116015880986286,0.0017814684635615247));
#4517=DIRECTION('',(-0.0002803447648350628,-0.09723935998938565,0.9952609850062785));
#4518=AXIS2_PLACEMENT_3D('',#110,#4516,#4517);
#4519=PLANE('',#4518);
#4520=FACE_SURFACE('',(#4515),#4519,.T.);
#4521=POLY_LOOP('',(#119,#360,#465));
#4522=FACE_OUTER_BOUND('',#4521,.T.);
#4523=DIRECTION('',(-0.9997841929397719,0.020731493583630342,0.0013314359018311));
#4524=DIRECTION('',(-0.014895085176390304,-0.760046624659514,0.649697825747684));
#4525=AXIS2_PLACEMENT_3D('',#119,#4523,#4524);
#4526=PLANE('',#4525);
#4527=FACE_SURFACE('',(#4522),#4526,.T.);
#4528=POLY_LOOP('',(#119,#465,#461));
#4529=FACE_OUTER_BOUND('',#4528,.T.);
#4530=DIRECTION('',(-0.9997737386564134,0.021195974928088408,0.0017894523813835105));
#4531=DIRECTION('',(-0.013606500916876775,-0.7019138503774567,0.7121318766781138));
#4532=AXIS2_PLACEMENT_3D('',#119,#4530,#4531);
#4533=PLANE('',#4532);
#4534=FACE_SURFACE('',(#4529),#4533,.T.);
#4535=POLY_LOOP('',(#125,#466,#126));
#4536=FACE_OUTER_BOUND('',#4535,.T.);
#4537=DIRECTION('',(-0.999582569195095,0.028776626101899048,0.002567713287055734));
#4538=DIRECTION('',(0.016319703933564685,0.6357407302214407,-0.7717301284782331));
#4539=AXIS2_PLACEMENT_3D('',#125,#4537,#4538);
#4540=PLANE('',#4539);
#4541=FACE_SURFACE('',(#4536),#4540,.T.);
#4542=POLY_LOOP('',(#156,#293,#122));
#4543=FACE_OUTER_BOUND('',#4542,.T.);
#4544=DIRECTION('',(-0.9996282628227247,0.027153119299777862,0.002458511401966668));
#4545=DIRECTION('',(0.027042882394086625,0.9989407732096186,-0.03722921072476496));
#4546=AXIS2_PLACEMENT_3D('',#156,#4544,#4545);
#4547=PLANE('',#4546);
#4548=FACE_SURFACE('',(#4543),#4547,.T.);
#4549=POLY_LOOP('',(#460,#358,#110));
#4550=FACE_OUTER_BOUND('',#4549,.T.);
#4551=DIRECTION('',(-0.9998159404245573,0.019127935979938598,0.0014857113128704887));
#4552=DIRECTION('',(0.01445904168813384,0.7003413891137684,0.7136615968424096));
#4553=AXIS2_PLACEMENT_3D('',#460,#4551,#4552);
#4554=PLANE('',#4553);
#4555=FACE_SURFACE('',(#4550),#4554,.T.);
#4556=POLY_LOOP('',(#295,#455,#438));
#4557=FACE_OUTER_BOUND('',#4556,.T.);
#4558=DIRECTION('',(-0.9999461443007793,0.010364144620885968,0.0005412986997214769));
#4559=DIRECTION('',(-0.0019141788645227744,-0.2354421662460446,0.9718864760210651));
#4560=AXIS2_PLACEMENT_3D('',#295,#4558,#4559);
#4561=PLANE('',#4560);
#4562=FACE_SURFACE('',(#4557),#4561,.T.);
#4563=POLY_LOOP('',(#467,#464,#295));
#4564=FACE_OUTER_BOUND('',#4563,.T.);
#4565=DIRECTION('',(-0.9998744517945997,0.015844082878129075,-0.00021374330351068164));
#4566=DIRECTION('',(0.015813601111954737,0.998625072197259,0.04997894755685538));
#4567=AXIS2_PLACEMENT_3D('',#467,#4565,#4566);
#4568=PLANE('',#4567);
#4569=FACE_SURFACE('',(#4564),#4568,.T.);
#4570=POLY_LOOP('',(#464,#468,#469));
#4571=FACE_OUTER_BOUND('',#4570,.T.);
#4572=DIRECTION('',(-0.999898650714221,0.014218612668769873,0.0007206619565245166));
#4573=DIRECTION('',(-0.013105326873484603,-0.9390240519318095,0.34360163023639095));
#4574=AXIS2_PLACEMENT_3D('',#464,#4572,#4573);
#4575=PLANE('',#4574);
#4576=FACE_SURFACE('',(#4571),#4575,.T.);
#4577=POLY_LOOP('',(#295,#456,#470));
#4578=FACE_OUTER_BOUND('',#4577,.T.);
#4579=DIRECTION('',(-0.9999370850351489,0.011197149470517129,0.0006706825956419332));
#4580=DIRECTION('',(-0.000708083360267404,-0.12267900634431567,0.9924461496828564));
#4581=AXIS2_PLACEMENT_3D('',#295,#4579,#4580);
#4582=PLANE('',#4581);
#4583=FACE_SURFACE('',(#4578),#4582,.T.);
#4584=POLY_LOOP('',(#295,#470,#471));
#4585=FACE_OUTER_BOUND('',#4584,.T.);
#4586=DIRECTION('',(-0.9999342460956777,0.01144661018321165,0.0006918094985718679));
#4587=DIRECTION('',(-0.0002765993476149279,-0.08438507848352307,0.996433179908282));
#4588=AXIS2_PLACEMENT_3D('',#295,#4586,#4587);
#4589=PLANE('',#4588);
#4590=FACE_SURFACE('',(#4585),#4589,.T.);
#4591=POLY_LOOP('',(#472,#473,#471));
#4592=FACE_OUTER_BOUND('',#4591,.T.);
#4593=DIRECTION('',(-0.9999339690759645,0.011487096515708999,0.00032264783720626576));
#4594=DIRECTION('',(0.006678730482452997,0.6037629828181819,-0.7971359075701173));
#4595=AXIS2_PLACEMENT_3D('',#472,#4593,#4594);
#4596=PLANE('',#4595);
#4597=FACE_SURFACE('',(#4592),#4596,.T.);
#4598=POLY_LOOP('',(#471,#473,#474));
#4599=FACE_OUTER_BOUND('',#4598,.T.);
#4600=DIRECTION('',(-0.9998642823788627,0.015700249091052748,0.004991893576674811));
#4601=DIRECTION('',(0.008311831388904574,0.7423498172847309,-0.6699609408288584));
#4602=AXIS2_PLACEMENT_3D('',#471,#4600,#4601);
#4603=PLANE('',#4602);
#4604=FACE_SURFACE('',(#4599),#4603,.T.);
#4605=POLY_LOOP('',(#471,#474,#295));
#4606=FACE_OUTER_BOUND('',#4605,.T.);
#4607=DIRECTION('',(-0.9999525654306468,0.009722643629091638,0.0005805941179542578));
#4608=DIRECTION('',(0.005305688343031342,0.5937284918108312,-0.8046479526372029));
#4609=AXIS2_PLACEMENT_3D('',#471,#4607,#4608);
#4610=PLANE('',#4609);
#4611=FACE_SURFACE('',(#4606),#4610,.T.);
#4612=POLY_LOOP('',(#295,#474,#467));
#4613=FACE_OUTER_BOUND('',#4612,.T.);
#4614=DIRECTION('',(-0.9999200936634929,0.012633812992125227,0.00043938283052261416));
#4615=DIRECTION('',(0.0010509079102845333,0.0484380369641831,0.9988256365190176));
#4616=AXIS2_PLACEMENT_3D('',#295,#4614,#4615);
#4617=PLANE('',#4616);
#4618=FACE_SURFACE('',(#4613),#4617,.T.);
#4619=POLY_LOOP('',(#464,#469,#475));
#4620=FACE_OUTER_BOUND('',#4619,.T.);
#4621=DIRECTION('',(-0.9998964022583386,0.0143670661379807,0.0008787271574587154));
#4622=DIRECTION('',(-0.009870362633498317,-0.7288161839741769,0.6846382591696157));
#4623=AXIS2_PLACEMENT_3D('',#464,#4621,#4622);
#4624=PLANE('',#4623);
#4625=FACE_SURFACE('',(#4620),#4624,.T.);
#4626=POLY_LOOP('',(#476,#457,#477));
#4627=FACE_OUTER_BOUND('',#4626,.T.);
#4628=DIRECTION('',(-0.9996035479374253,0.026607323289551767,0.00920854485119524));
#4629=DIRECTION('',(-0.0023940691381920355,0.24555137893610932,-0.9693806211883632));
#4630=AXIS2_PLACEMENT_3D('',#476,#4628,#4629);
#4631=PLANE('',#4630);
#4632=FACE_SURFACE('',(#4627),#4631,.T.);
#4633=POLY_LOOP('',(#477,#464,#478));
#4634=FACE_OUTER_BOUND('',#4633,.T.);
#4635=DIRECTION('',(-0.9998735321880391,0.015873261019700803,0.00097939492272807));
#4636=DIRECTION('',(-0.011033467192216186,-0.6480219596885795,-0.7615417272632482));
#4637=AXIS2_PLACEMENT_3D('',#477,#4635,#4636);
#4638=PLANE('',#4637);
#4639=FACE_SURFACE('',(#4634),#4638,.T.);
#4640=POLY_LOOP('',(#478,#464,#479));
#4641=FACE_OUTER_BOUND('',#4640,.T.);
#4642=DIRECTION('',(-0.9998773169225311,0.015627604248495026,0.0010625861153660044));
#4643=DIRECTION('',(-0.006018428171967321,-0.32066569635614267,-0.9471733155567511));
#4644=AXIS2_PLACEMENT_3D('',#478,#4642,#4643);
#4645=PLANE('',#4644);
#4646=FACE_SURFACE('',(#4641),#4645,.T.);
#4647=POLY_LOOP('',(#475,#480,#464));
#4648=FACE_OUTER_BOUND('',#4647,.T.);
#4649=DIRECTION('',(-0.999892048127767,0.014658149246590767,0.001015259338339623));
#4650=DIRECTION('',(0.014076046186504798,0.9357837181425129,0.35229348245905595));
#4651=AXIS2_PLACEMENT_3D('',#475,#4649,#4650);
#4652=PLANE('',#4651);
#4653=FACE_SURFACE('',(#4648),#4652,.T.);
#4654=POLY_LOOP('',(#464,#480,#481));
#4655=FACE_OUTER_BOUND('',#4654,.T.);
#4656=DIRECTION('',(-0.9998879128300825,0.014931684307436572,0.0010984443747408348));
#4657=DIRECTION('',(-0.0032931708066661963,-0.290907137185257,0.9567456258382977));
#4658=AXIS2_PLACEMENT_3D('',#464,#4656,#4657);
#4659=PLANE('',#4658);
#4660=FACE_SURFACE('',(#4655),#4659,.T.);
#4661=POLY_LOOP('',(#464,#481,#479));
#4662=FACE_OUTER_BOUND('',#4661,.T.);
#4663=DIRECTION('',(-0.9998817752884975,0.015335519690899874,0.001121285749685951));
#4664=DIRECTION('',(0.0002534575120653623,-0.05647468407829519,0.9984039992996554));
#4665=AXIS2_PLACEMENT_3D('',#464,#4663,#4664);
#4666=PLANE('',#4665);
#4667=FACE_SURFACE('',(#4662),#4666,.T.);
#4668=POLY_LOOP('',(#467,#468,#464));
#4669=FACE_OUTER_BOUND('',#4668,.T.);
#4670=DIRECTION('',(-0.9998679979107664,0.015607229467994031,0.004516762363555605));
#4671=DIRECTION('',(0.006669792634708014,0.14078323612889745,0.9900179767515765));
#4672=AXIS2_PLACEMENT_3D('',#467,#4670,#4671);
#4673=PLANE('',#4672);
#4674=FACE_SURFACE('',(#4669),#4673,.T.);
#4675=POLY_LOOP('',(#477,#457,#464));
#4676=FACE_OUTER_BOUND('',#4675,.T.);
#4677=DIRECTION('',(-0.9999024875849624,0.01366988544767184,0.002854742239112828));
#4678=DIRECTION('',(0.0034629598463850014,0.44075683902117435,-0.8976198620603071));
#4679=AXIS2_PLACEMENT_3D('',#477,#4677,#4678);
#4680=PLANE('',#4679);
#4681=FACE_SURFACE('',(#4676),#4680,.T.);
#4682=POLY_LOOP('',(#422,#346,#337));
#4683=FACE_OUTER_BOUND('',#4682,.T.);
#4684=DIRECTION('',(-0.9996195348159677,-0.0019571858994074792,-0.027512815880299416));
#4685=DIRECTION('',(0.0007881031908179413,-0.9990987455031429,0.042439081368552956));
#4686=AXIS2_PLACEMENT_3D('',#422,#4684,#4685);
#4687=PLANE('',#4686);
#4688=FACE_SURFACE('',(#4683),#4687,.T.);
#4689=POLY_LOOP('',(#443,#482,#483));
#4690=FACE_OUTER_BOUND('',#4689,.T.);
#4691=DIRECTION('',(-0.9999959761399908,0.0028202992705024547,-0.000305967076448567));
#4692=DIRECTION('',(-0.002191157437017617,-0.6993795099708533,0.7147471579950601));
#4693=AXIS2_PLACEMENT_3D('',#443,#4691,#4692);
#4694=PLANE('',#4693);
#4695=FACE_SURFACE('',(#4690),#4694,.T.);
#4696=POLY_LOOP('',(#454,#484,#443));
#4697=FACE_OUTER_BOUND('',#4696,.T.);
#4698=DIRECTION('',(-0.9999960922904164,0.0023682101984052926,-0.0014855922567092751));
#4699=DIRECTION('',(-0.0009768513448659359,0.2019030995402007,0.9794050153830691));
#4700=AXIS2_PLACEMENT_3D('',#454,#4698,#4699);
#4701=PLANE('',#4700);
#4702=FACE_SURFACE('',(#4697),#4701,.T.);
#4703=POLY_LOOP('',(#485,#486,#487));
#4704=FACE_OUTER_BOUND('',#4703,.T.);
#4705=DIRECTION('',(-0.9999998190978932,7.590914133377755e-05,-0.0005966925365627978));
#4706=DIRECTION('',(-0.0005698875474346443,0.19780484892699204,0.9802412544721596));
#4707=AXIS2_PLACEMENT_3D('',#485,#4705,#4706);
#4708=PLANE('',#4707);
#4709=FACE_SURFACE('',(#4704),#4708,.T.);
#4710=POLY_LOOP('',(#487,#488,#485));
#4711=FACE_OUTER_BOUND('',#4710,.T.);
#4712=DIRECTION('',(-0.9999998107716774,0.00010730272337361665,-0.0006057579838131797));
#4713=DIRECTION('',(0.0003621641166335397,0.898640389120164,-0.43868590116290834));
#4714=AXIS2_PLACEMENT_3D('',#487,#4712,#4713);
#4715=PLANE('',#4714);
#4716=FACE_SURFACE('',(#4711),#4715,.T.);
#4717=POLY_LOOP('',(#485,#488,#489));
#4718=FACE_OUTER_BOUND('',#4717,.T.);
#4719=DIRECTION('',(-0.9999997951256033,0.000135473304988126,-0.0006256162842608881));
#4720=DIRECTION('',(-0.0004332827609602523,0.576163900596385,0.8173340638414675));
#4721=AXIS2_PLACEMENT_3D('',#485,#4719,#4720);
#4722=PLANE('',#4721);
#4723=FACE_SURFACE('',(#4718),#4722,.T.);
#4724=POLY_LOOP('',(#485,#489,#490));
#4725=FACE_OUTER_BOUND('',#4724,.T.);
#4726=DIRECTION('',(-0.9999997984236114,0.0001310553794187411,-0.0006212706526809672));
#4727=DIRECTION('',(-0.00035101101811965603,0.7012498119994488,0.7129155475664722));
#4728=AXIS2_PLACEMENT_3D('',#485,#4726,#4727);
#4729=PLANE('',#4728);
#4730=FACE_SURFACE('',(#4725),#4729,.T.);
#4731=POLY_LOOP('',(#491,#486,#492));
#4732=FACE_OUTER_BOUND('',#4731,.T.);
#4733=DIRECTION('',(-0.9999996838371481,3.0460387307782952e-05,-0.0007946054169744351));
#4734=DIRECTION('',(4.224491147112048e-06,0.999455462530651,0.03299664225032795));
#4735=AXIS2_PLACEMENT_3D('',#491,#4733,#4734);
#4736=PLANE('',#4735);
#4737=FACE_SURFACE('',(#4732),#4736,.T.);
#4738=POLY_LOOP('',(#492,#486,#485));
#4739=FACE_OUTER_BOUND('',#4738,.T.);
#4740=DIRECTION('',(-0.9999998334768126,-2.3559407589222226e-05,-0.0005766205869192086));
#4741=DIRECTION('',(-0.00016156712981017988,0.9706396030961779,0.2405384268622309));
#4742=AXIS2_PLACEMENT_3D('',#492,#4740,#4741);
#4743=PLANE('',#4742);
#4744=FACE_SURFACE('',(#4739),#4743,.T.);
#4745=POLY_LOOP('',(#309,#493,#485));
#4746=FACE_OUTER_BOUND('',#4745,.T.);
#4747=DIRECTION('',(-0.9999993327103609,-0.001102962669160945,-0.00034358722845354505));
#4748=DIRECTION('',(-0.00046849438983287227,0.11532518351014995,0.9933276813626795));
#4749=AXIS2_PLACEMENT_3D('',#309,#4747,#4748);
#4750=PLANE('',#4749);
#4751=FACE_SURFACE('',(#4746),#4750,.T.);
#4752=POLY_LOOP('',(#492,#485,#494));
#4753=FACE_OUTER_BOUND('',#4752,.T.);
#4754=DIRECTION('',(-0.9999997912265443,-0.00010018547005902621,-0.0006383648952931425));
#4755=DIRECTION('',(0.00043421256755712663,0.6274390562447971,-0.7786655521840455));
#4756=AXIS2_PLACEMENT_3D('',#492,#4754,#4755);
#4757=PLANE('',#4756);
#4758=FACE_SURFACE('',(#4753),#4757,.T.);
#4759=POLY_LOOP('',(#490,#495,#485));
#4760=FACE_OUTER_BOUND('',#4759,.T.);
#4761=DIRECTION('',(-0.9999998018962751,0.00012826926676652,-0.0006162421646352154));
#4762=DIRECTION('',(0.0006167514365662314,0.3953286009648872,-0.9185395565117543));
#4763=AXIS2_PLACEMENT_3D('',#490,#4761,#4762);
#4764=PLANE('',#4763);
#4765=FACE_SURFACE('',(#4760),#4764,.T.);
#4766=POLY_LOOP('',(#485,#495,#496));
#4767=FACE_OUTER_BOUND('',#4766,.T.);
#4768=DIRECTION('',(-0.9999934111808344,0.0010069901329655376,-0.003487630397660367));
#4769=DIRECTION('',(-5.767674961200996e-05,0.9562256683789694,0.29263025784526436));
#4770=AXIS2_PLACEMENT_3D('',#485,#4768,#4769);
#4771=PLANE('',#4770);
#4772=FACE_SURFACE('',(#4767),#4771,.T.);
#4773=POLY_LOOP('',(#485,#496,#309));
#4774=FACE_OUTER_BOUND('',#4773,.T.);
#4775=DIRECTION('',(-0.9999989238746203,0.0010625872176529966,-0.0010115127315670942));
#4776=DIRECTION('',(0.0010850237157228881,0.9997474849998291,-0.022445243595310128));
#4777=AXIS2_PLACEMENT_3D('',#485,#4775,#4776);
#4778=PLANE('',#4777);
#4779=FACE_SURFACE('',(#4774),#4778,.T.);
#4780=POLY_LOOP('',(#309,#496,#497));
#4781=FACE_OUTER_BOUND('',#4780,.T.);
#4782=DIRECTION('',(-0.9999997962098655,0.00023271390479695354,-0.0005944951354507886));
#4783=DIRECTION('',(-0.00042670886295136497,0.44900546209933784,0.8935289099545165));
#4784=AXIS2_PLACEMENT_3D('',#309,#4782,#4783);
#4785=PLANE('',#4784);
#4786=FACE_SURFACE('',(#4781),#4785,.T.);
#4787=POLY_LOOP('',(#498,#499,#500));
#4788=FACE_OUTER_BOUND('',#4787,.T.);
#4789=DIRECTION('',(-0.9999844163992608,0.0015656958293544187,-0.0053586896905571625));
#4790=DIRECTION('',(0.0054444312634972436,0.061168036490438976,-0.998112633664218));
#4791=AXIS2_PLACEMENT_3D('',#498,#4789,#4790);
#4792=PLANE('',#4791);
#4793=FACE_SURFACE('',(#4788),#4792,.T.);
#4794=POLY_LOOP('',(#501,#500,#502));
#4795=FACE_OUTER_BOUND('',#4794,.T.);
#4796=DIRECTION('',(-0.9999994877633708,0.0008538486184525758,-0.0005435214189853067));
#4797=DIRECTION('',(-0.00020111181146334866,-0.6939002571107203,-0.7200711025556541));
#4798=AXIS2_PLACEMENT_3D('',#501,#4796,#4797);
#4799=PLANE('',#4798);
#4800=FACE_SURFACE('',(#4795),#4799,.T.);
#4801=POLY_LOOP('',(#494,#485,#493));
#4802=FACE_OUTER_BOUND('',#4801,.T.);
#4803=DIRECTION('',(-0.9999954433999347,-0.001157981348049795,-0.002787877071475416));
#4804=DIRECTION('',(0.00019197361672125868,0.8972411831444774,-0.44154073698315643));
#4805=AXIS2_PLACEMENT_3D('',#494,#4803,#4804);
#4806=PLANE('',#4805);
#4807=FACE_SURFACE('',(#4802),#4806,.T.);
#4808=POLY_LOOP('',(#502,#500,#503));
#4809=FACE_OUTER_BOUND('',#4808,.T.);
#4810=DIRECTION('',(-0.9999995188954235,0.0008270872222112276,-0.0005273856733543212));
#4811=DIRECTION('',(2.4573392858745054e-05,-0.5163512528358641,-0.8563768931323299));
#4812=AXIS2_PLACEMENT_3D('',#502,#4810,#4811);
#4813=PLANE('',#4812);
#4814=FACE_SURFACE('',(#4809),#4813,.T.);
#4815=POLY_LOOP('',(#309,#504,#493));
#4816=FACE_OUTER_BOUND('',#4815,.T.);
#4817=DIRECTION('',(-0.9999998572756171,-0.0003091458095226093,-0.0004357494851637719));
#4818=DIRECTION('',(-0.00042153469168646634,-0.04457963550524207,0.9990057449317914));
#4819=AXIS2_PLACEMENT_3D('',#309,#4817,#4818);
#4820=PLANE('',#4819);
#4821=FACE_SURFACE('',(#4816),#4820,.T.);
#4822=POLY_LOOP('',(#311,#505,#504));
#4823=FACE_OUTER_BOUND('',#4822,.T.);
#4824=DIRECTION('',(-0.9999995372788787,-0.0005417819535474867,-0.0007949304015076619));
#4825=DIRECTION('',(-0.0009300856490056396,0.7555749289454164,0.6550615709151426));
#4826=AXIS2_PLACEMENT_3D('',#311,#4824,#4825);
#4827=PLANE('',#4826);
#4828=FACE_SURFACE('',(#4823),#4827,.T.);
#4829=POLY_LOOP('',(#423,#337,#343));
#4830=FACE_OUTER_BOUND('',#4829,.T.);
#4831=DIRECTION('',(-0.9982136906437448,0.000502944580802727,-0.059742571572897425));
#4832=DIRECTION('',(-0.0004637935842009703,-0.9999996685380872,-0.0006691929667746362));
#4833=AXIS2_PLACEMENT_3D('',#423,#4831,#4832);
#4834=PLANE('',#4833);
#4835=FACE_SURFACE('',(#4830),#4834,.T.);
#4836=POLY_LOOP('',(#506,#507,#508));
#4837=FACE_OUTER_BOUND('',#4836,.T.);
#4838=DIRECTION('',(-0.9992519856406434,0.0009242332909545786,-0.03866025072416396));
#4839=DIRECTION('',(0.03864651709280993,0.059649376503930845,-0.9974710013826403));
#4840=AXIS2_PLACEMENT_3D('',#506,#4838,#4839);
#4841=PLANE('',#4840);
#4842=FACE_SURFACE('',(#4837),#4841,.T.);
#4843=POLY_LOOP('',(#509,#510,#508));
#4844=FACE_OUTER_BOUND('',#4843,.T.);
#4845=DIRECTION('',(-0.9999996814252163,-0.0004218217169112023,-0.0006776547093420915));
#4846=DIRECTION('',(9.644507524178394e-05,0.7788904276526472,-0.6271600213736713));
#4847=AXIS2_PLACEMENT_3D('',#509,#4845,#4846);
#4848=PLANE('',#4847);
#4849=FACE_SURFACE('',(#4844),#4848,.T.);
#4850=POLY_LOOP('',(#510,#511,#508));
#4851=FACE_OUTER_BOUND('',#4850,.T.);
#4852=DIRECTION('',(-0.9999996828007339,-0.00042889672447090173,-0.000671152762820062));
#4853=DIRECTION('',(0.000253590175716733,0.6273430808500102,-0.7787429579788445));
#4854=AXIS2_PLACEMENT_3D('',#510,#4852,#4853);
#4855=PLANE('',#4854);
#4856=FACE_SURFACE('',(#4851),#4855,.T.);
#4857=POLY_LOOP('',(#508,#511,#512));
#4858=FACE_OUTER_BOUND('',#4857,.T.);
#4859=DIRECTION('',(-0.9999996850746213,-0.00043153395443788084,-0.0006660548809470403));
#4860=DIRECTION('',(-0.0006893209085819241,0.8881895073130627,0.45947679368567035));
#4861=AXIS2_PLACEMENT_3D('',#508,#4859,#4860);
#4862=PLANE('',#4861);
#4863=FACE_SURFACE('',(#4858),#4862,.T.);
#4864=POLY_LOOP('',(#508,#512,#506));
#4865=FACE_OUTER_BOUND('',#4864,.T.);
#4866=DIRECTION('',(-0.9999996922502057,-0.0004364721809324176,-0.0006519137434689924));
#4867=DIRECTION('',(-0.0006269960130686441,0.9440905918251699,0.3296855491270435));
#4868=AXIS2_PLACEMENT_3D('',#508,#4866,#4867);
#4869=PLANE('',#4868);
#4870=FACE_SURFACE('',(#4865),#4869,.T.);
#4871=POLY_LOOP('',(#311,#504,#309));
#4872=FACE_OUTER_BOUND('',#4871,.T.);
#4873=DIRECTION('',(-0.9999996096008704,-0.0007570355297532787,-0.0004557360129412406));
#4874=DIRECTION('',(-0.0008833820599963392,0.8443341323197509,0.5358162862735597));
#4875=AXIS2_PLACEMENT_3D('',#311,#4873,#4874);
#4876=PLANE('',#4875);
#4877=FACE_SURFACE('',(#4872),#4876,.T.);
#4878=POLY_LOOP('',(#508,#513,#514));
#4879=FACE_OUTER_BOUND('',#4878,.T.);
#4880=DIRECTION('',(-0.99999958859161,-0.0005899622230842426,-0.0006890291621997912));
#4881=DIRECTION('',(0.00025017280510109853,-0.9095162728402902,0.41566824133228447));
#4882=AXIS2_PLACEMENT_3D('',#508,#4880,#4881);
#4883=PLANE('',#4882);
#4884=FACE_SURFACE('',(#4879),#4883,.T.);
#4885=POLY_LOOP('',(#515,#508,#514));
#4886=FACE_OUTER_BOUND('',#4885,.T.);
#4887=DIRECTION('',(-0.9999996522468544,-0.0005329304244372949,-0.0006414759022213043));
#4888=DIRECTION('',(0.0007365059067585282,-0.20350376026584507,-0.9790738874654511));
#4889=AXIS2_PLACEMENT_3D('',#515,#4887,#4888);
#4890=PLANE('',#4889);
#4891=FACE_SURFACE('',(#4886),#4890,.T.);
#4892=POLY_LOOP('',(#515,#514,#516));
#4893=FACE_OUTER_BOUND('',#4892,.T.);
#4894=DIRECTION('',(-0.9999995748637717,-0.0005006880641211562,-0.0007743279268308518));
#4895=DIRECTION('',(0.0006691868375021331,-0.9717899710045286,-0.2358469937141323));
#4896=AXIS2_PLACEMENT_3D('',#515,#4894,#4895);
#4897=PLANE('',#4896);
#4898=FACE_SURFACE('',(#4893),#4897,.T.);
#4899=POLY_LOOP('',(#507,#504,#508));
#4900=FACE_OUTER_BOUND('',#4899,.T.);
#4901=DIRECTION('',(-0.9999994709563499,0.0007041820578881239,0.0007498097423462948));
#4902=DIRECTION('',(-0.0007460167244152092,0.005371320415789507,-0.9999852960799164));
#4903=AXIS2_PLACEMENT_3D('',#507,#4901,#4902);
#4904=PLANE('',#4903);
#4905=FACE_SURFACE('',(#4900),#4904,.T.);
#4906=POLY_LOOP('',(#508,#504,#505));
#4907=FACE_OUTER_BOUND('',#4906,.T.);
#4908=DIRECTION('',(-0.9995290684944667,-0.0015141793151610713,-0.030648792726392607));
#4909=DIRECTION('',(0.0006495955141602462,0.9975139546643087,-0.0704662208128088));
#4910=AXIS2_PLACEMENT_3D('',#508,#4908,#4909);
#4911=PLANE('',#4910);
#4912=FACE_SURFACE('',(#4907),#4911,.T.);
#4913=POLY_LOOP('',(#508,#505,#513));
#4914=FACE_OUTER_BOUND('',#4913,.T.);
#4915=DIRECTION('',(-0.9999939710320652,-0.001667170770030674,-0.0030460533719657945));
#4916=DIRECTION('',(0.0016839496512043256,-0.9999833790147729,-0.005514164285670728));
#4917=AXIS2_PLACEMENT_3D('',#508,#4915,#4916);
#4918=PLANE('',#4917);
#4919=FACE_SURFACE('',(#4914),#4918,.T.);
#4920=POLY_LOOP('',(#422,#505,#311));
#4921=FACE_OUTER_BOUND('',#4920,.T.);
#4922=DIRECTION('',(-0.999999567434394,-0.0007082968899709811,-0.0006028652754256154));
#4923=DIRECTION('',(-0.0006851860771814779,0.9992960768068206,-0.0375084177023835));
#4924=AXIS2_PLACEMENT_3D('',#422,#4922,#4923);
#4925=PLANE('',#4924);
#4926=FACE_SURFACE('',(#4921),#4925,.T.);
#4927=POLY_LOOP('',(#509,#508,#515));
#4928=FACE_OUTER_BOUND('',#4927,.T.);
#4929=DIRECTION('',(-0.9999996830224294,-0.00044606445400752567,-0.0006595313059189301));
#4930=DIRECTION('',(0.0007953230096089357,-0.5987590254896167,-0.8009288338273475));
#4931=AXIS2_PLACEMENT_3D('',#509,#4929,#4930);
#4932=PLANE('',#4931);
#4933=FACE_SURFACE('',(#4928),#4932,.T.);
#4934=POLY_LOOP('',(#443,#484,#482));
#4935=FACE_OUTER_BOUND('',#4934,.T.);
#4936=DIRECTION('',(-0.9999961671965714,0.002742138966258571,-0.00038244745598536183));
#4937=DIRECTION('',(-0.002719775208386387,-0.9470672935589162,0.3210235883760031));
#4938=AXIS2_PLACEMENT_3D('',#443,#4936,#4937);
#4939=PLANE('',#4938);
#4940=FACE_SURFACE('',(#4935),#4939,.T.);
#4941=POLY_LOOP('',(#501,#517,#500));
#4942=FACE_OUTER_BOUND('',#4941,.T.);
#4943=DIRECTION('',(-0.9999994760193682,0.0008623232149885372,-0.0005516880112234897));
#4944=DIRECTION('',(0.0009754378619817839,0.6391263149785044,-0.7691011650121037));
#4945=AXIS2_PLACEMENT_3D('',#501,#4943,#4944);
#4946=PLANE('',#4945);
#4947=FACE_SURFACE('',(#4942),#4946,.T.);
#4948=POLY_LOOP('',(#500,#518,#498));
#4949=FACE_OUTER_BOUND('',#4948,.T.);
#4950=DIRECTION('',(-0.9999995020383234,0.0008490978443662621,-0.000524362427770014));
#4951=DIRECTION('',(0.0006505254756293339,0.9530803357947071,0.30271678238586963));
#4952=AXIS2_PLACEMENT_3D('',#500,#4950,#4951);
#4953=PLANE('',#4952);
#4954=FACE_SURFACE('',(#4949),#4953,.T.);
#4955=POLY_LOOP('',(#500,#309,#497));
#4956=FACE_OUTER_BOUND('',#4955,.T.);
#4957=DIRECTION('',(-0.9999999264107329,-0.0002996739814785411,-0.00023952877404483284));
#4958=DIRECTION('',(0.0003770888033117867,-0.6529214040197932,-0.7574255725659497));
#4959=AXIS2_PLACEMENT_3D('',#500,#4957,#4958);
#4960=PLANE('',#4959);
#4961=FACE_SURFACE('',(#4956),#4960,.T.);
#4962=POLY_LOOP('',(#500,#497,#519));
#4963=FACE_OUTER_BOUND('',#4962,.T.);
#4964=DIRECTION('',(-0.9999969914545734,-0.000326483813592938,-0.002431149958598617));
#4965=DIRECTION('',(0.0002967215672586389,-0.9999251378792384,0.012232358460140234));
#4966=AXIS2_PLACEMENT_3D('',#500,#4964,#4965);
#4967=PLANE('',#4966);
#4968=FACE_SURFACE('',(#4963),#4967,.T.);
#4969=POLY_LOOP('',(#443,#520,#444));
#4970=FACE_OUTER_BOUND('',#4969,.T.);
#4971=DIRECTION('',(-0.9999923570045736,0.003490735811044705,-0.0017608793074106283));
#4972=DIRECTION('',(0.0032559012633014816,0.9928618429296812,0.1192256682146964));
#4973=AXIS2_PLACEMENT_3D('',#443,#4971,#4972);
#4974=PLANE('',#4973);
#4975=FACE_SURFACE('',(#4970),#4974,.T.);
#4976=POLY_LOOP('',(#521,#522,#523));
#4977=FACE_OUTER_BOUND('',#4976,.T.);
#4978=DIRECTION('',(-0.9999981821371713,0.0018629025838896847,-0.0004065910915069358));
#4979=DIRECTION('',(0.0008157334112184561,0.22523369236747917,-0.974304427990304));
#4980=AXIS2_PLACEMENT_3D('',#521,#4978,#4979);
#4981=PLANE('',#4980);
#4982=FACE_SURFACE('',(#4977),#4981,.T.);
#4983=POLY_LOOP('',(#523,#522,#524));
#4984=FACE_OUTER_BOUND('',#4983,.T.);
#4985=DIRECTION('',(-0.999988115568332,0.0024462600468105164,-0.004217171312581969));
#4986=DIRECTION('',(0.001779918735969818,0.9884816570819788,0.15133025309487433));
#4987=AXIS2_PLACEMENT_3D('',#523,#4985,#4986);
#4988=PLANE('',#4987);
#4989=FACE_SURFACE('',(#4984),#4988,.T.);
#4990=POLY_LOOP('',(#523,#524,#305));
#4991=FACE_OUTER_BOUND('',#4990,.T.);
#4992=DIRECTION('',(-0.9999969703382986,0.002453138413180163,-0.00020353414873734002));
#4993=DIRECTION('',(0.002453482586527223,0.9999955310085444,-0.0017083284628042848));
#4994=AXIS2_PLACEMENT_3D('',#523,#4992,#4993);
#4995=PLANE('',#4994);
#4996=FACE_SURFACE('',(#4991),#4995,.T.);
#4997=POLY_LOOP('',(#499,#309,#500));
#4998=FACE_OUTER_BOUND('',#4997,.T.);
#4999=DIRECTION('',(-0.99999693228228,0.0016080508164275685,-0.0018840378447647329));
#5000=DIRECTION('',(0.0001251606692667484,-0.7268439111088482,-0.686802674149424));
#5001=AXIS2_PLACEMENT_3D('',#499,#4999,#5000);
#5002=PLANE('',#5001);
#5003=FACE_SURFACE('',(#4998),#5002,.T.);
#5004=POLY_LOOP('',(#305,#524,#454));
#5005=FACE_OUTER_BOUND('',#5004,.T.);
#5006=DIRECTION('',(-0.9999976125981326,0.002172324372374816,-0.0002362305153389792));
#5007=DIRECTION('',(-0.0004858797421168097,-0.11565180975755371,0.9932896973293737));
#5008=AXIS2_PLACEMENT_3D('',#305,#5006,#5007);
#5009=PLANE('',#5008);
#5010=FACE_SURFACE('',(#5005),#5009,.T.);
#5011=POLY_LOOP('',(#525,#526,#443));
#5012=FACE_OUTER_BOUND('',#5011,.T.);
#5013=DIRECTION('',(-0.9999948985886996,0.00318311427676654,-0.0002656691121845073));
#5014=DIRECTION('',(0.0031769467957419514,0.9825245895070307,-0.18610571733049355));
#5015=AXIS2_PLACEMENT_3D('',#525,#5013,#5014);
#5016=PLANE('',#5015);
#5017=FACE_SURFACE('',(#5012),#5016,.T.);
#5018=POLY_LOOP('',(#443,#526,#527));
#5019=FACE_OUTER_BOUND('',#5018,.T.);
#5020=DIRECTION('',(-0.9999946113746485,0.0032699159602132227,-0.00029132675647011437));
#5021=DIRECTION('',(0.0006475259976259235,0.2834629148892886,0.9589829803456109));
#5022=AXIS2_PLACEMENT_3D('',#443,#5020,#5021);
#5023=PLANE('',#5022);
#5024=FACE_SURFACE('',(#5019),#5023,.T.);
#5025=POLY_LOOP('',(#443,#527,#528));
#5026=FACE_OUTER_BOUND('',#5025,.T.);
#5027=DIRECTION('',(-0.9999944432796418,0.003317806002250172,-0.0003249202528008825));
#5028=DIRECTION('',(0.0016393104055512748,0.5742659002571168,0.8186672025086124));
#5029=AXIS2_PLACEMENT_3D('',#443,#5027,#5028);
#5030=PLANE('',#5029);
#5031=FACE_SURFACE('',(#5026),#5030,.T.);
#5032=POLY_LOOP('',(#528,#529,#443));
#5033=FACE_OUTER_BOUND('',#5032,.T.);
#5034=DIRECTION('',(-0.999994375007634,0.003336299522955257,-0.0003450486699425077));
#5035=DIRECTION('',(0.0024745665762191758,0.664411608151094,-0.7473627576179703));
#5036=AXIS2_PLACEMENT_3D('',#528,#5034,#5035);
#5037=PLANE('',#5036);
#5038=FACE_SURFACE('',(#5033),#5037,.T.);
#5039=POLY_LOOP('',(#443,#529,#530));
#5040=FACE_OUTER_BOUND('',#5039,.T.);
#5041=DIRECTION('',(-0.9999944194953985,0.0033248944172116356,-0.00032566113557048906));
#5042=DIRECTION('',(0.0027006674559546,0.8619152729725302,0.5070451346891921));
#5043=AXIS2_PLACEMENT_3D('',#443,#5041,#5042);
#5044=PLANE('',#5043);
#5045=FACE_SURFACE('',(#5040),#5044,.T.);
#5046=POLY_LOOP('',(#443,#530,#520));
#5047=FACE_OUTER_BOUND('',#5046,.T.);
#5048=DIRECTION('',(-0.9999944812565905,0.003311453295787818,-0.00026783097710230097));
#5049=DIRECTION('',(0.003164841602003896,0.9740312046665482,0.22639168737713658));
#5050=AXIS2_PLACEMENT_3D('',#443,#5048,#5049);
#5051=PLANE('',#5050);
#5052=FACE_SURFACE('',(#5047),#5051,.T.);
#5053=POLY_LOOP('',(#443,#483,#525));
#5054=FACE_OUTER_BOUND('',#5053,.T.);
#5055=DIRECTION('',(-0.9999953430759325,0.0030426729399591185,-0.00023657520683675445));
#5056=DIRECTION('',(-0.0011321953822882702,-0.2978811366271717,0.9546022975958735));
#5057=AXIS2_PLACEMENT_3D('',#443,#5055,#5056);
#5058=PLANE('',#5057);
#5059=FACE_SURFACE('',(#5054),#5058,.T.);
#5060=POLY_LOOP('',(#500,#517,#518));
#5061=FACE_OUTER_BOUND('',#5060,.T.);
#5062=DIRECTION('',(-0.9999994914485436,0.000853295276168357,-0.0005375777393520398));
#5063=DIRECTION('',(0.000429043694530718,0.8423425273001145,0.5389423741209854));
#5064=AXIS2_PLACEMENT_3D('',#500,#5062,#5063);
#5065=PLANE('',#5064);
#5066=FACE_SURFACE('',(#5061),#5065,.T.);
#5067=POLY_LOOP('',(#499,#307,#309));
#5068=FACE_OUTER_BOUND('',#5067,.T.);
#5069=DIRECTION('',(-0.999999778071974,0.00035844594760807533,-0.0005615803643285543));
#5070=DIRECTION('',(0.0006420957442687089,0.29373657924181745,-0.9558861907823393));
#5071=AXIS2_PLACEMENT_3D('',#499,#5069,#5070);
#5072=PLANE('',#5071);
#5073=FACE_SURFACE('',(#5068),#5072,.T.);
#5074=POLY_LOOP('',(#531,#305,#307));
#5075=FACE_OUTER_BOUND('',#5074,.T.);
#5076=DIRECTION('',(-0.9999985296315798,0.0016957881790802766,-0.0002550237833018694));
#5077=DIRECTION('',(0.0009790045976432798,0.4424488703186742,-0.896793197288944));
#5078=AXIS2_PLACEMENT_3D('',#531,#5076,#5077);
#5079=PLANE('',#5078);
#5080=FACE_SURFACE('',(#5075),#5079,.T.);
#5081=POLY_LOOP('',(#519,#532,#500));
#5082=FACE_OUTER_BOUND('',#5081,.T.);
#5083=DIRECTION('',(-0.9999996758987234,0.0005632076274397281,-0.0005753256613206291));
#5084=DIRECTION('',(-0.00010074404809158294,0.6214418507409314,0.7834602836125918));
#5085=AXIS2_PLACEMENT_3D('',#519,#5083,#5084);
#5086=PLANE('',#5085);
#5087=FACE_SURFACE('',(#5082),#5086,.T.);
#5088=POLY_LOOP('',(#503,#500,#533));
#5089=FACE_OUTER_BOUND('',#5088,.T.);
#5090=DIRECTION('',(-0.9999995241146178,0.0008217094033941349,-0.000525893710139423));
#5091=DIRECTION('',(0.00028708429640320743,-0.26733214132567623,-0.9636044021261191));
#5092=AXIS2_PLACEMENT_3D('',#503,#5090,#5091);
#5093=PLANE('',#5092);
#5094=FACE_SURFACE('',(#5089),#5093,.T.);
#5095=POLY_LOOP('',(#533,#500,#532));
#5096=FACE_OUTER_BOUND('',#5095,.T.);
#5097=DIRECTION('',(-0.9999996591476006,0.0006606278575529297,-0.000495252982324428));
#5098=DIRECTION('',(0.0003630787609745287,-0.1868683177186509,-0.9823849042034464));
#5099=AXIS2_PLACEMENT_3D('',#533,#5097,#5098);
#5100=PLANE('',#5099);
#5101=FACE_SURFACE('',(#5096),#5100,.T.);
#5102=POLY_LOOP('',(#533,#532,#534));
#5103=FACE_OUTER_BOUND('',#5102,.T.);
#5104=DIRECTION('',(-0.9999994346129188,0.0007319788398513044,-0.0007713499987199486));
#5105=DIRECTION('',(-0.0005156987720758176,-0.9681920738702042,-0.25020759810543197));
#5106=AXIS2_PLACEMENT_3D('',#533,#5104,#5105);
#5107=PLANE('',#5106);
#5108=FACE_SURFACE('',(#5103),#5107,.T.);
#5109=POLY_LOOP('',(#535,#536,#523));
#5110=FACE_OUTER_BOUND('',#5109,.T.);
#5111=DIRECTION('',(-0.9999983571213947,0.001765190262113042,-0.0004121381443771397));
#5112=DIRECTION('',(0.0018120751904395689,0.9792907347933041,-0.20245091536344015));
#5113=AXIS2_PLACEMENT_3D('',#535,#5111,#5112);
#5114=PLANE('',#5113);
#5115=FACE_SURFACE('',(#5110),#5114,.T.);
#5116=POLY_LOOP('',(#523,#536,#537));
#5117=FACE_OUTER_BOUND('',#5116,.T.);
#5118=DIRECTION('',(-0.9999982278471798,0.0018328339343116505,-0.00043014214984906887));
#5119=DIRECTION('',(5.5743233717465884e-05,0.2572049491758165,0.9663568755962559));
#5120=AXIS2_PLACEMENT_3D('',#523,#5118,#5119);
#5121=PLANE('',#5120);
#5122=FACE_SURFACE('',(#5117),#5121,.T.);
#5123=POLY_LOOP('',(#531,#307,#499));
#5124=FACE_OUTER_BOUND('',#5123,.T.);
#5125=DIRECTION('',(-0.9999993987795944,0.0010383000925234098,-0.0003526660852244885));
#5126=DIRECTION('',(0.0005013631036029193,0.14689637869766836,-0.9891517591151266));
#5127=AXIS2_PLACEMENT_3D('',#531,#5125,#5126);
#5128=PLANE('',#5127);
#5129=FACE_SURFACE('',(#5124),#5128,.T.);
#5130=POLY_LOOP('',(#537,#538,#523));
#5131=FACE_OUTER_BOUND('',#5130,.T.);
#5132=DIRECTION('',(-0.9999981257397778,0.0018809324030661405,-0.000458922898546838));
#5133=DIRECTION('',(0.0017647567281114688,0.7880250340378935,-0.6156406674053196));
#5134=AXIS2_PLACEMENT_3D('',#537,#5132,#5133);
#5135=PLANE('',#5134);
#5136=FACE_SURFACE('',(#5131),#5135,.T.);
#5137=POLY_LOOP('',(#523,#539,#521));
#5138=FACE_OUTER_BOUND('',#5137,.T.);
#5139=DIRECTION('',(-0.9999981340614009,0.0018780411754088005,-0.00045258707425903464));
#5140=DIRECTION('',(0.0013315111682756827,0.8398142090911823,0.5428722881917631));
#5141=AXIS2_PLACEMENT_3D('',#523,#5139,#5140);
#5142=PLANE('',#5141);
#5143=FACE_SURFACE('',(#5138),#5142,.T.);
#5144=POLY_LOOP('',(#540,#535,#541));
#5145=FACE_OUTER_BOUND('',#5144,.T.);
#5146=DIRECTION('',(-0.9999982814985104,0.0016892071961230287,-0.0007639234739551421));
#5147=DIRECTION('',(0.0016476146826178222,0.9986710655757135,0.05151104879272637));
#5148=AXIS2_PLACEMENT_3D('',#540,#5146,#5147);
#5149=PLANE('',#5148);
#5150=FACE_SURFACE('',(#5145),#5149,.T.);
#5151=POLY_LOOP('',(#541,#535,#523));
#5152=FACE_OUTER_BOUND('',#5151,.T.);
#5153=DIRECTION('',(-0.9999986703026277,0.0015858430765544312,-0.0003801246024700023));
#5154=DIRECTION('',(0.0014324283730324198,0.9655931451736635,0.2600535063070457));
#5155=AXIS2_PLACEMENT_3D('',#541,#5153,#5154);
#5156=PLANE('',#5155);
#5157=FACE_SURFACE('',(#5152),#5156,.T.);
#5158=POLY_LOOP('',(#541,#523,#542));
#5159=FACE_OUTER_BOUND('',#5158,.T.);
#5160=DIRECTION('',(-0.9999988324791625,0.0014443993970954397,-0.0004987491289892592));
#5161=DIRECTION('',(0.0013103071714650485,0.6425928408645294,-0.7662067109891233));
#5162=AXIS2_PLACEMENT_3D('',#541,#5160,#5161);
#5163=PLANE('',#5162);
#5164=FACE_SURFACE('',(#5159),#5163,.T.);
#5165=POLY_LOOP('',(#542,#523,#531));
#5166=FACE_OUTER_BOUND('',#5165,.T.);
#5167=DIRECTION('',(-0.9999977114994439,0.0007405960958674743,-0.0020071156662487054));
#5168=DIRECTION('',(0.0015198130601396444,0.9062057969641109,-0.422834179929796));
#5169=AXIS2_PLACEMENT_3D('',#542,#5167,#5168);
#5170=PLANE('',#5169);
#5171=FACE_SURFACE('',(#5166),#5170,.T.);
#5172=POLY_LOOP('',(#523,#305,#531));
#5173=FACE_OUTER_BOUND('',#5172,.T.);
#5174=DIRECTION('',(-0.9999994611377242,0.0007428774025900361,-0.0007251602760807642));
#5175=DIRECTION('',(0.0009103357910334428,0.29172937026352247,-0.9565004682771442));
#5176=AXIS2_PLACEMENT_3D('',#523,#5174,#5175);
#5177=PLANE('',#5176);
#5178=FACE_SURFACE('',(#5173),#5177,.T.);
#5179=POLY_LOOP('',(#523,#538,#539));
#5180=FACE_OUTER_BOUND('',#5179,.T.);
#5181=DIRECTION('',(-0.9999981185848899,0.0018840204995698349,-0.0004618370251361961));
#5182=DIRECTION('',(0.0009571540077991549,0.6863221113326788,0.727297080533161));
#5183=AXIS2_PLACEMENT_3D('',#523,#5181,#5182);
#5184=PLANE('',#5183);
#5185=FACE_SURFACE('',(#5180),#5184,.T.);
#5186=POLY_LOOP('',(#543,#390,#371));
#5187=FACE_OUTER_BOUND('',#5186,.T.);
#5188=DIRECTION('',(0.5736352563771232,0.5349567682117045,-0.6202933570381364));
#5189=DIRECTION('',(0.20005827763229403,-0.8258434720900827,-0.5272184036592394));
#5190=AXIS2_PLACEMENT_3D('',#543,#5188,#5189);
#5191=PLANE('',#5190);
#5192=FACE_SURFACE('',(#5187),#5191,.T.);
#5193=POLY_LOOP('',(#544,#545,#546));
#5194=FACE_OUTER_BOUND('',#5193,.T.);
#5195=DIRECTION('',(-0.8006401278505512,0.5960074569808892,0.06124130059548582));
#5196=DIRECTION('',(0.5968840231457889,0.7845678303276036,0.1678772841343763));
#5197=AXIS2_PLACEMENT_3D('',#544,#5195,#5196);
#5198=PLANE('',#5197);
#5199=FACE_SURFACE('',(#5194),#5198,.T.);
#5200=POLY_LOOP('',(#212,#214,#209));
#5201=FACE_OUTER_BOUND('',#5200,.T.);
#5202=DIRECTION('',(-0.8660205110094641,0.49691298431800457,0.055551422367759236));
#5203=DIRECTION('',(0.345354721828214,0.6747972302049817,-0.6522107130511134));
#5204=AXIS2_PLACEMENT_3D('',#212,#5202,#5203);
#5205=PLANE('',#5204);
#5206=FACE_SURFACE('',(#5201),#5205,.T.);
#5207=POLY_LOOP('',(#547,#548,#549));
#5208=FACE_OUTER_BOUND('',#5207,.T.);
#5209=DIRECTION('',(0.999728246842848,0.02315941427208292,0.002659698309832511));
#5210=DIRECTION('',(0.015836209359720778,-0.5909812585793986,-0.8065298298767537));
#5211=AXIS2_PLACEMENT_3D('',#547,#5209,#5210);
#5212=PLANE('',#5211);
#5213=FACE_SURFACE('',(#5208),#5212,.T.);
#5214=POLY_LOOP('',(#549,#548,#550));
#5215=FACE_OUTER_BOUND('',#5214,.T.);
#5216=DIRECTION('',(0.9997281565463708,0.02316267800749716,0.002665212170958438));
#5217=DIRECTION('',(0.01857315459563592,-0.8602654820334233,0.5095079374751375));
#5218=AXIS2_PLACEMENT_3D('',#549,#5216,#5217);
#5219=PLANE('',#5218);
#5220=FACE_SURFACE('',(#5215),#5219,.T.);
#5221=POLY_LOOP('',(#549,#550,#551));
#5222=FACE_OUTER_BOUND('',#5221,.T.);
#5223=DIRECTION('',(0.9997266838942647,0.023205040352700924,0.0028431693594657887));
#5224=DIRECTION('',(0.02191512527036449,-0.9725420697762592,0.23169300766249684));
#5225=AXIS2_PLACEMENT_3D('',#549,#5223,#5224);
#5226=PLANE('',#5225);
#5227=FACE_SURFACE('',(#5222),#5226,.T.);
#5228=POLY_LOOP('',(#552,#549,#553));
#5229=FACE_OUTER_BOUND('',#5228,.T.);
#5230=DIRECTION('',(0.9996834624274397,0.024918309953229554,0.0034717111286285546));
#5231=DIRECTION('',(-0.003027044622811765,0.25611630913879063,-0.9666412329266609));
#5232=AXIS2_PLACEMENT_3D('',#552,#5230,#5231);
#5233=PLANE('',#5232);
#5234=FACE_SURFACE('',(#5229),#5233,.T.);
#5235=POLY_LOOP('',(#553,#549,#554));
#5236=FACE_OUTER_BOUND('',#5235,.T.);
#5237=DIRECTION('',(0.9996489098463469,0.026300506650657918,0.0032156481351188065));
#5238=DIRECTION('',(0.007950308674832434,-0.1819605707922564,-0.9832736868588171));
#5239=AXIS2_PLACEMENT_3D('',#553,#5237,#5238);
#5240=PLANE('',#5239);
#5241=FACE_SURFACE('',(#5236),#5240,.T.);
#5242=POLY_LOOP('',(#553,#554,#555));
#5243=FACE_OUTER_BOUND('',#5242,.T.);
#5244=DIRECTION('',(0.9996684065712297,0.02564816858894195,0.0022909280590412773));
#5245=DIRECTION('',(-0.0196345563439262,0.8167840878361199,-0.5766092594252149));
#5246=AXIS2_PLACEMENT_3D('',#553,#5244,#5245);
#5247=PLANE('',#5246);
#5248=FACE_SURFACE('',(#5243),#5247,.T.);
#5249=POLY_LOOP('',(#549,#556,#547));
#5250=FACE_OUTER_BOUND('',#5249,.T.);
#5251=DIRECTION('',(0.9997245670589923,0.023299467057520354,0.0028151116400629487));
#5252=DIRECTION('',(0.011753392913383518,-0.6008783402593698,0.799254075974698));
#5253=AXIS2_PLACEMENT_3D('',#549,#5251,#5252);
#5254=PLANE('',#5253);
#5255=FACE_SURFACE('',(#5250),#5254,.T.);
#5256=POLY_LOOP('',(#557,#395,#558));
#5257=FACE_OUTER_BOUND('',#5256,.T.);
#5258=DIRECTION('',(0.9997900070883191,0.020364108717448103,0.002290153375385887));
#5259=DIRECTION('',(-0.006755538436169662,0.43303415438994797,-0.9013521974412777));
#5260=AXIS2_PLACEMENT_3D('',#557,#5258,#5259);
#5261=PLANE('',#5260);
#5262=FACE_SURFACE('',(#5257),#5261,.T.);
#5263=POLY_LOOP('',(#558,#397,#549));
#5264=FACE_OUTER_BOUND('',#5263,.T.);
#5265=DIRECTION('',(0.9997226237026773,0.023453409764305537,0.002147842513418211));
#5266=DIRECTION('',(-0.010535361222122062,0.5269083543526001,-0.8498568069253515));
#5267=AXIS2_PLACEMENT_3D('',#558,#5265,#5266);
#5268=PLANE('',#5267);
#5269=FACE_SURFACE('',(#5264),#5268,.T.);
#5270=POLY_LOOP('',(#549,#397,#559));
#5271=FACE_OUTER_BOUND('',#5270,.T.);
#5272=DIRECTION('',(0.9996494348395687,0.026268208133114257,0.0033149157464919215));
#5273=DIRECTION('',(-0.006996684915407533,0.382839684064258,-0.9237882997233584));
#5274=AXIS2_PLACEMENT_3D('',#549,#5272,#5273);
#5275=PLANE('',#5274);
#5276=FACE_SURFACE('',(#5271),#5275,.T.);
#5277=POLY_LOOP('',(#549,#559,#554));
#5278=FACE_OUTER_BOUND('',#5277,.T.);
#5279=DIRECTION('',(0.9996494846281025,0.02627264100985203,0.0032643861806654147));
#5280=DIRECTION('',(-0.026457391078563774,0.9958274872635018,0.08733625860875974));
#5281=AXIS2_PLACEMENT_3D('',#549,#5279,#5280);
#5282=PLANE('',#5281);
#5283=FACE_SURFACE('',(#5278),#5282,.T.);
#5284=POLY_LOOP('',(#560,#561,#562));
#5285=FACE_OUTER_BOUND('',#5284,.T.);
#5286=DIRECTION('',(0.9998768589312726,0.015547912937087858,0.0021282333125906415));
#5287=DIRECTION('',(0.003310186137702814,-0.07639458216799318,-0.9970721691447973));
#5288=AXIS2_PLACEMENT_3D('',#560,#5286,#5287);
#5289=PLANE('',#5288);
#5290=FACE_SURFACE('',(#5285),#5289,.T.);
#5291=POLY_LOOP('',(#562,#563,#564));
#5292=FACE_OUTER_BOUND('',#5291,.T.);
#5293=DIRECTION('',(0.9998676429994691,0.016103342252474114,0.0023192350001746713));
#5294=DIRECTION('',(0.002960824378669696,-0.32027453949756346,0.9473201427546141));
#5295=AXIS2_PLACEMENT_3D('',#562,#5293,#5294);
#5296=PLANE('',#5295);
#5297=FACE_SURFACE('',(#5292),#5296,.T.);
#5298=POLY_LOOP('',(#560,#562,#565));
#5299=FACE_OUTER_BOUND('',#5298,.T.);
#5300=DIRECTION('',(0.9998779962398265,0.015500085243634675,0.0019339061170734946));
#5301=DIRECTION('',(-0.014588518789164735,0.9708994894122388,-0.2390425831909291));
#5302=AXIS2_PLACEMENT_3D('',#560,#5300,#5301);
#5303=PLANE('',#5302);
#5304=FACE_SURFACE('',(#5299),#5303,.T.);
#5305=POLY_LOOP('',(#558,#395,#397));
#5306=FACE_OUTER_BOUND('',#5305,.T.);
#5307=DIRECTION('',(0.999624860278808,0.027037585830310244,0.004371231524644029));
#5308=DIRECTION('',(-0.003875098237355824,0.29761403104330764,-0.9546784129432299));
#5309=AXIS2_PLACEMENT_3D('',#558,#5307,#5308);
#5310=PLANE('',#5309);
#5311=FACE_SURFACE('',(#5306),#5310,.T.);
#5312=POLY_LOOP('',(#565,#562,#564));
#5313=FACE_OUTER_BOUND('',#5312,.T.);
#5314=DIRECTION('',(0.999877247476224,0.015535057175528033,0.0020376402830847374));
#5315=DIRECTION('',(-0.014069712741821174,0.947473823403303,-0.31952370357907595));
#5316=AXIS2_PLACEMENT_3D('',#565,#5314,#5315);
#5317=PLANE('',#5316);
#5318=FACE_SURFACE('',(#5313),#5317,.T.);
#5319=POLY_LOOP('',(#549,#566,#556));
#5320=FACE_OUTER_BOUND('',#5319,.T.);
#5321=DIRECTION('',(0.999714691188334,0.02368337325977589,0.003103877132229298));
#5322=DIRECTION('',(0.004902975256256826,-0.3306469420445548,0.9437417870107381));
#5323=AXIS2_PLACEMENT_3D('',#549,#5321,#5322);
#5324=PLANE('',#5323);
#5325=FACE_SURFACE('',(#5320),#5324,.T.);
#5326=POLY_LOOP('',(#551,#558,#549));
#5327=FACE_OUTER_BOUND('',#5326,.T.);
#5328=DIRECTION('',(0.9997209249579746,0.02330001833060352,0.003896324802301675));
#5329=DIRECTION('',(0.004004182685060584,-0.004584227840373098,-0.9999814755164879));
#5330=AXIS2_PLACEMENT_3D('',#551,#5328,#5329);
#5331=PLANE('',#5330);
#5332=FACE_SURFACE('',(#5327),#5331,.T.);
#5333=POLY_LOOP('',(#567,#568,#569));
#5334=FACE_OUTER_BOUND('',#5333,.T.);
#5335=DIRECTION('',(0.9994053364227357,0.0341703842689913,0.0046215115133489805));
#5336=DIRECTION('',(0.032981946614367895,-0.9864131093831471,0.16093902210029326));
#5337=AXIS2_PLACEMENT_3D('',#567,#5335,#5336);
#5338=PLANE('',#5337);
#5339=FACE_SURFACE('',(#5334),#5338,.T.);
#5340=POLY_LOOP('',(#567,#569,#570));
#5341=FACE_OUTER_BOUND('',#5340,.T.);
#5342=DIRECTION('',(0.9993764612559503,0.035081177124498555,0.003999962386490625));
#5343=DIRECTION('',(0.023070586460963317,-0.5630306013663611,-0.826113969114057));
#5344=AXIS2_PLACEMENT_3D('',#567,#5342,#5343);
#5345=PLANE('',#5344);
#5346=FACE_SURFACE('',(#5341),#5345,.T.);
#5347=POLY_LOOP('',(#570,#569,#571));
#5348=FACE_OUTER_BOUND('',#5347,.T.);
#5349=DIRECTION('',(0.9993808006013238,0.03492650799386885,0.004260801428306439));
#5350=DIRECTION('',(0.032211922223146054,-0.859468434198684,-0.5101729144934609));
#5351=AXIS2_PLACEMENT_3D('',#570,#5349,#5350);
#5352=PLANE('',#5351);
#5353=FACE_SURFACE('',(#5348),#5352,.T.);
#5354=POLY_LOOP('',(#569,#397,#571));
#5355=FACE_OUTER_BOUND('',#5354,.T.);
#5356=DIRECTION('',(0.9993810560234899,0.03498588651933644,0.0036732282572548704));
#5357=DIRECTION('',(0.008236457745340101,-0.13119596034836292,-0.9913222386046223));
#5358=AXIS2_PLACEMENT_3D('',#569,#5356,#5357);
#5359=PLANE('',#5358);
#5360=FACE_SURFACE('',(#5355),#5359,.T.);
#5361=POLY_LOOP('',(#571,#397,#399));
#5362=FACE_OUTER_BOUND('',#5361,.T.);
#5363=DIRECTION('',(0.9995191423104635,0.030595002819777218,0.005042812450738334));
#5364=DIRECTION('',(0.01391799732831539,-0.2973387521606657,-0.9546706006858633));
#5365=AXIS2_PLACEMENT_3D('',#571,#5363,#5364);
#5366=PLANE('',#5365);
#5367=FACE_SURFACE('',(#5362),#5366,.T.);
#5368=POLY_LOOP('',(#571,#399,#572));
#5369=FACE_OUTER_BOUND('',#5368,.T.);
#5370=DIRECTION('',(0.9992996076283092,0.03721160003020416,0.003948546200753783));
#5371=DIRECTION('',(0.009962006878607033,-0.16283584966156697,-0.9866028808410942));
#5372=AXIS2_PLACEMENT_3D('',#571,#5370,#5371);
#5373=PLANE('',#5372);
#5374=FACE_SURFACE('',(#5369),#5373,.T.);
#5375=POLY_LOOP('',(#552,#566,#549));
#5376=FACE_OUTER_BOUND('',#5375,.T.);
#5377=DIRECTION('',(0.9997028116127651,0.024157705562032734,0.003270124693457042));
#5378=DIRECTION('',(0.024106605435468612,-0.9596758133316958,-0.2800735704784133));
#5379=AXIS2_PLACEMENT_3D('',#552,#5377,#5378);
#5380=PLANE('',#5379);
#5381=FACE_SURFACE('',(#5376),#5380,.T.);
#5382=POLY_LOOP('',(#572,#399,#401));
#5383=FACE_OUTER_BOUND('',#5382,.T.);
#5384=DIRECTION('',(0.9993069448776459,0.03700709150396842,0.004013115712598842));
#5385=DIRECTION('',(0.014960242869238792,-0.30055812948379135,-0.9536461618097657));
#5386=AXIS2_PLACEMENT_3D('',#572,#5384,#5385);
#5387=PLANE('',#5386);
#5388=FACE_SURFACE('',(#5383),#5387,.T.);
#5389=POLY_LOOP('',(#573,#401,#574));
#5390=FACE_OUTER_BOUND('',#5389,.T.);
#5391=DIRECTION('',(0.9990574545979348,0.04306222460000091,0.005463261369763796));
#5392=DIRECTION('',(0.0003071937377735724,0.11884288890787975,-0.9929130240801743));
#5393=AXIS2_PLACEMENT_3D('',#573,#5391,#5392);
#5394=PLANE('',#5393);
#5395=FACE_SURFACE('',(#5390),#5394,.T.);
#5396=POLY_LOOP('',(#573,#574,#575));
#5397=FACE_OUTER_BOUND('',#5396,.T.);
#5398=DIRECTION('',(0.9990586068447398,0.04307316950150724,0.005157728040727436));
#5399=DIRECTION('',(-0.04322989619692616,0.9984305685555086,0.0356030314541748));
#5400=AXIS2_PLACEMENT_3D('',#573,#5398,#5399);
#5401=PLANE('',#5400);
#5402=FACE_SURFACE('',(#5397),#5401,.T.);
#5403=POLY_LOOP('',(#576,#577,#569));
#5404=FACE_OUTER_BOUND('',#5403,.T.);
#5405=DIRECTION('',(0.9994829390168227,0.031920322620928074,0.003866214953953069));
#5406=DIRECTION('',(0.007921410673841847,-0.12791164379682332,-0.9917539325024787));
#5407=AXIS2_PLACEMENT_3D('',#576,#5405,#5406);
#5408=PLANE('',#5407);
#5409=FACE_SURFACE('',(#5404),#5408,.T.);
#5410=POLY_LOOP('',(#569,#577,#578));
#5411=FACE_OUTER_BOUND('',#5410,.T.);
#5412=DIRECTION('',(0.9994703855875706,0.032015823575355415,0.005825407644510583));
#5413=DIRECTION('',(0.031693598278022594,-0.9983024043061606,0.048865380227013186));
#5414=AXIS2_PLACEMENT_3D('',#569,#5412,#5413);
#5415=PLANE('',#5414);
#5416=FACE_SURFACE('',(#5411),#5415,.T.);
#5417=POLY_LOOP('',(#569,#578,#397));
#5418=FACE_OUTER_BOUND('',#5417,.T.);
#5419=DIRECTION('',(0.9994733966374212,0.03219598987725871,0.004043222709625037));
#5420=DIRECTION('',(0.03243935792529498,-0.9944108028242622,-0.100473097313663));
#5421=AXIS2_PLACEMENT_3D('',#569,#5419,#5420);
#5422=PLANE('',#5421);
#5423=FACE_SURFACE('',(#5418),#5422,.T.);
#5424=POLY_LOOP('',(#397,#578,#559));
#5425=FACE_OUTER_BOUND('',#5424,.T.);
#5426=DIRECTION('',(0.9995777139419797,0.028800739648345883,0.003861500515876297));
#5427=DIRECTION('',(-0.0023156115335787055,-0.05351677639401747,0.9985642656272145));
#5428=AXIS2_PLACEMENT_3D('',#397,#5426,#5427);
#5429=PLANE('',#5428);
#5430=FACE_SURFACE('',(#5425),#5429,.T.);
#5431=POLY_LOOP('',(#572,#401,#573));
#5432=FACE_OUTER_BOUND('',#5431,.T.);
#5433=DIRECTION('',(0.9991612029156478,0.040622026498969226,0.00517122338258033));
#5434=DIRECTION('',(-0.007463345182541174,0.3048117771922188,-0.9523833676433076));
#5435=AXIS2_PLACEMENT_3D('',#572,#5433,#5434);
#5436=PLANE('',#5435);
#5437=FACE_SURFACE('',(#5432),#5436,.T.);
#5438=POLY_LOOP('',(#579,#568,#567));
#5439=FACE_OUTER_BOUND('',#5438,.T.);
#5440=DIRECTION('',(0.9994295485768931,0.03372104113875087,0.0018624757465009224));
#5441=DIRECTION('',(0.03377194564335268,-0.9981912992844946,-0.049735155777328406));
#5442=AXIS2_PLACEMENT_3D('',#579,#5440,#5441);
#5443=PLANE('',#5442);
#5444=FACE_SURFACE('',(#5439),#5443,.T.);
#5445=POLY_LOOP('',(#565,#564,#580));
#5446=FACE_OUTER_BOUND('',#5445,.T.);
#5447=DIRECTION('',(0.9998678796856714,0.01618916754841385,0.0014608309175108314));
#5448=DIRECTION('',(-0.011802477668788544,0.6612568321661768,0.7500667326541223));
#5449=AXIS2_PLACEMENT_3D('',#565,#5447,#5448);
#5450=PLANE('',#5449);
#5451=FACE_SURFACE('',(#5446),#5450,.T.);
#5452=POLY_LOOP('',(#562,#581,#582));
#5453=FACE_OUTER_BOUND('',#5452,.T.);
#5454=DIRECTION('',(0.9998491237223678,0.017186974386317732,0.00251747950481116));
#5455=DIRECTION('',(-0.005482016818203903,0.17469395073160562,0.9846075213349674));
#5456=AXIS2_PLACEMENT_3D('',#562,#5454,#5455);
#5457=PLANE('',#5456);
#5458=FACE_SURFACE('',(#5453),#5457,.T.);
#5459=POLY_LOOP('',(#583,#584,#585));
#5460=FACE_OUTER_BOUND('',#5459,.T.);
#5461=DIRECTION('',(0.9998292348251969,0.00963383727826314,0.015769919725760015));
#5462=DIRECTION('',(0.01590164014691373,-0.01375261820751078,-0.9997789772410083));
#5463=AXIS2_PLACEMENT_3D('',#583,#5461,#5462);
#5464=PLANE('',#5463);
#5465=FACE_SURFACE('',(#5460),#5464,.T.);
#5466=POLY_LOOP('',(#585,#584,#393));
#5467=FACE_OUTER_BOUND('',#5466,.T.);
#5468=DIRECTION('',(0.9999301684577241,0.01165447832615329,0.001957381682930246));
#5469=DIRECTION('',(0.011815046293142775,-0.989411605778409,-0.14465503458947054));
#5470=AXIS2_PLACEMENT_3D('',#585,#5468,#5469);
#5471=PLANE('',#5470);
#5472=FACE_SURFACE('',(#5467),#5471,.T.);
#5473=POLY_LOOP('',(#585,#393,#586));
#5474=FACE_OUTER_BOUND('',#5473,.T.);
#5475=DIRECTION('',(0.999933886207249,0.01133936658187538,0.0019083972307548523));
#5476=DIRECTION('',(0.00014394206803432648,0.15360783852825124,-0.9881318794692132));
#5477=AXIS2_PLACEMENT_3D('',#585,#5475,#5476);
#5478=PLANE('',#5477);
#5479=FACE_SURFACE('',(#5474),#5478,.T.);
#5480=POLY_LOOP('',(#586,#393,#561));
#5481=FACE_OUTER_BOUND('',#5480,.T.);
#5482=DIRECTION('',(0.99990885084659,0.01337425963606921,0.0018491019006215122));
#5483=DIRECTION('',(0.0022377003455633,-0.029099342462610082,-0.9995740197531182));
#5484=AXIS2_PLACEMENT_3D('',#586,#5482,#5483);
#5485=PLANE('',#5484);
#5486=FACE_SURFACE('',(#5481),#5485,.T.);
#5487=POLY_LOOP('',(#587,#588,#589));
#5488=FACE_OUTER_BOUND('',#5487,.T.);
#5489=DIRECTION('',(0.9999887618624367,0.004715561195214608,0.0004895216490753249));
#5490=DIRECTION('',(0.0029226439930054855,-0.5318719091174777,-0.8468197744761395));
#5491=AXIS2_PLACEMENT_3D('',#587,#5489,#5490);
#5492=PLANE('',#5491);
#5493=FACE_SURFACE('',(#5488),#5492,.T.);
#5494=POLY_LOOP('',(#589,#588,#590));
#5495=FACE_OUTER_BOUND('',#5494,.T.);
#5496=DIRECTION('',(0.999990453353654,0.004277548663908406,0.0008920644491162256));
#5497=DIRECTION('',(0.0035512761809000826,-0.6766544153506596,-0.7362921910654382));
#5498=AXIS2_PLACEMENT_3D('',#589,#5496,#5497);
#5499=PLANE('',#5498);
#5500=FACE_SURFACE('',(#5495),#5499,.T.);
#5501=POLY_LOOP('',(#585,#591,#592));
#5502=FACE_OUTER_BOUND('',#5501,.T.);
#5503=DIRECTION('',(0.9999434844481507,0.010473879218310916,0.0018236676811829301));
#5504=DIRECTION('',(-0.00412157787715229,0.22378967212380052,0.97462874739386));
#5505=AXIS2_PLACEMENT_3D('',#585,#5503,#5504);
#5506=PLANE('',#5505);
#5507=FACE_SURFACE('',(#5502),#5506,.T.);
#5508=POLY_LOOP('',(#589,#590,#593));
#5509=FACE_OUTER_BOUND('',#5508,.T.);
#5510=DIRECTION('',(0.9999884645891673,0.0046804268177287325,0.0010790242831683675));
#5511=DIRECTION('',(-0.0009914151922407232,0.4209389977101156,-0.9070884065529223));
#5512=AXIS2_PLACEMENT_3D('',#589,#5510,#5511);
#5513=PLANE('',#5512);
#5514=FACE_SURFACE('',(#5509),#5513,.T.);
#5515=POLY_LOOP('',(#594,#595,#590));
#5516=FACE_OUTER_BOUND('',#5515,.T.);
#5517=DIRECTION('',(0.9999811311497753,0.0060805937929363126,0.0008739127765558383));
#5518=DIRECTION('',(0.004045309729594529,-0.7588659195559089,0.6512343292592587));
#5519=AXIS2_PLACEMENT_3D('',#594,#5517,#5518);
#5520=PLANE('',#5519);
#5521=FACE_SURFACE('',(#5516),#5520,.T.);
#5522=POLY_LOOP('',(#584,#596,#393));
#5523=FACE_OUTER_BOUND('',#5522,.T.);
#5524=DIRECTION('',(0.9999963228403896,0.0023889936413468726,-0.0012833608536716307));
#5525=DIRECTION('',(0.0022797521279049387,-0.9968509032798561,-0.07926587765470267));
#5526=AXIS2_PLACEMENT_3D('',#584,#5524,#5525);
#5527=PLANE('',#5526);
#5528=FACE_SURFACE('',(#5523),#5527,.T.);
#5529=POLY_LOOP('',(#393,#596,#597));
#5530=FACE_OUTER_BOUND('',#5529,.T.);
#5531=DIRECTION('',(0.9999227078513988,0.01208789133852645,0.0029088152423227247));
#5532=DIRECTION('',(0.0021258540938247947,-0.39674182672483566,0.917927776936406));
#5533=AXIS2_PLACEMENT_3D('',#393,#5531,#5532);
#5534=PLANE('',#5533);
#5535=FACE_SURFACE('',(#5530),#5534,.T.);
#5536=POLY_LOOP('',(#393,#597,#590));
#5537=FACE_OUTER_BOUND('',#5536,.T.);
#5538=DIRECTION('',(0.9999915298777239,0.003902672006124382,-0.001307411190885742));
#5539=DIRECTION('',(0.002949347170573679,-0.4579005200847119,0.8889985461503398));
#5540=AXIS2_PLACEMENT_3D('',#393,#5538,#5539);
#5541=PLANE('',#5540);
#5542=FACE_SURFACE('',(#5537),#5541,.T.);
#5543=POLY_LOOP('',(#590,#597,#598));
#5544=FACE_OUTER_BOUND('',#5543,.T.);
#5545=DIRECTION('',(0.9999756607235288,0.0035080616884922994,0.006030875867710259));
#5546=DIRECTION('',(-0.0038268549963819476,0.9985504290893654,0.05368794786803629));
#5547=AXIS2_PLACEMENT_3D('',#590,#5545,#5546);
#5548=PLANE('',#5547);
#5549=FACE_SURFACE('',(#5544),#5548,.T.);
#5550=POLY_LOOP('',(#590,#598,#594));
#5551=FACE_OUTER_BOUND('',#5550,.T.);
#5552=DIRECTION('',(0.9999815979811455,0.005991658952177495,0.0009506429800542935));
#5553=DIRECTION('',(-0.0058003850894871875,0.898376956879218,0.4391869748538194));
#5554=AXIS2_PLACEMENT_3D('',#590,#5552,#5553);
#5555=PLANE('',#5554);
#5556=FACE_SURFACE('',(#5551),#5555,.T.);
#5557=POLY_LOOP('',(#593,#590,#599));
#5558=FACE_OUTER_BOUND('',#5557,.T.);
#5559=DIRECTION('',(0.9999870991463221,0.004945349276399525,0.0011597678464578115));
#5560=DIRECTION('',(-0.00033238554637608444,0.2915400028665698,-0.9565585796219743));
#5561=AXIS2_PLACEMENT_3D('',#593,#5559,#5560);
#5562=PLANE('',#5561);
#5563=FACE_SURFACE('',(#5558),#5562,.T.);
#5564=POLY_LOOP('',(#600,#581,#562));
#5565=FACE_OUTER_BOUND('',#5564,.T.);
#5566=DIRECTION('',(0.9998421739645292,0.017596890281264394,0.0024447114989887744));
#5567=DIRECTION('',(0.016561241938265556,-0.9729875168097782,0.2302629310110594));
#5568=AXIS2_PLACEMENT_3D('',#600,#5566,#5567);
#5569=PLANE('',#5568);
#5570=FACE_SURFACE('',(#5565),#5569,.T.);
#5571=POLY_LOOP('',(#585,#601,#591));
#5572=FACE_OUTER_BOUND('',#5571,.T.);
#5573=DIRECTION('',(0.9999357530469537,0.011214059321671289,0.0016536783096825227));
#5574=DIRECTION('',(-0.008375532933284715,0.6326321588450391,0.7744071293855375));
#5575=AXIS2_PLACEMENT_3D('',#585,#5573,#5574);
#5576=PLANE('',#5575);
#5577=FACE_SURFACE('',(#5572),#5576,.T.);
#5578=POLY_LOOP('',(#585,#602,#603));
#5579=FACE_OUTER_BOUND('',#5578,.T.);
#5580=DIRECTION('',(0.9999334955243538,0.011438705234220777,0.0014698812917178505));
#5581=DIRECTION('',(-0.011044776229277253,0.9131315288683733,0.4075154278116995));
#5582=AXIS2_PLACEMENT_3D('',#585,#5580,#5581);
#5583=PLANE('',#5582);
#5584=FACE_SURFACE('',(#5579),#5583,.T.);
#5585=POLY_LOOP('',(#562,#582,#563));
#5586=FACE_OUTER_BOUND('',#5585,.T.);
#5587=DIRECTION('',(0.9998601244612771,0.01654214059302808,0.002467609547680514));
#5588=DIRECTION('',(-0.0011845695445955096,-0.07712747540482515,0.9970205360636621));
#5589=AXIS2_PLACEMENT_3D('',#562,#5587,#5588);
#5590=PLANE('',#5589);
#5591=FACE_SURFACE('',(#5586),#5590,.T.);
#5592=POLY_LOOP('',(#557,#604,#562));
#5593=FACE_OUTER_BOUND('',#5592,.T.);
#5594=DIRECTION('',(0.9998327889323343,0.018140801975684455,0.002303362643905662));
#5595=DIRECTION('',(0.0026845702029419153,-0.2702082643926274,0.9627981548262072));
#5596=AXIS2_PLACEMENT_3D('',#557,#5594,#5595);
#5597=PLANE('',#5596);
#5598=FACE_SURFACE('',(#5593),#5597,.T.);
#5599=POLY_LOOP('',(#562,#604,#605));
#5600=FACE_OUTER_BOUND('',#5599,.T.);
#5601=DIRECTION('',(0.9998316831967177,0.01822048223103332,0.0021492564497679677));
#5602=DIRECTION('',(-0.017171809923495485,0.8881065855322757,0.45931668996255065));
#5603=AXIS2_PLACEMENT_3D('',#562,#5601,#5602);
#5604=PLANE('',#5603);
#5605=FACE_SURFACE('',(#5600),#5604,.T.);
#5606=POLY_LOOP('',(#562,#605,#600));
#5607=FACE_OUTER_BOUND('',#5606,.T.);
#5608=DIRECTION('',(0.9998348657171593,0.018025216677266215,0.00230929861378315));
#5609=DIRECTION('',(-0.013211190445450244,0.6337164179723197,0.7734526268876111));
#5610=AXIS2_PLACEMENT_3D('',#562,#5608,#5609);
#5611=PLANE('',#5610);
#5612=FACE_SURFACE('',(#5607),#5611,.T.);
#5613=POLY_LOOP('',(#557,#562,#395));
#5614=FACE_OUTER_BOUND('',#5613,.T.);
#5615=DIRECTION('',(0.9998332320722174,0.01821874355443106,0.0012591375306329154));
#5616=DIRECTION('',(0.018261927262802385,-0.9970602517212999,-0.07441341579383484));
#5617=AXIS2_PLACEMENT_3D('',#557,#5615,#5616);
#5618=PLANE('',#5617);
#5619=FACE_SURFACE('',(#5614),#5618,.T.);
#5620=POLY_LOOP('',(#395,#562,#561));
#5621=FACE_OUTER_BOUND('',#5620,.T.);
#5622=DIRECTION('',(0.9998760281288099,0.01573956667247003,-0.00044092439046020614));
#5623=DIRECTION('',(0.009264077846133976,-0.5654077368877638,0.8247595212721814));
#5624=AXIS2_PLACEMENT_3D('',#395,#5622,#5623);
#5625=PLANE('',#5624);
#5626=FACE_SURFACE('',(#5621),#5625,.T.);
#5627=POLY_LOOP('',(#603,#601,#585));
#5628=FACE_OUTER_BOUND('',#5627,.T.);
#5629=DIRECTION('',(0.999933519116273,0.011436364042090301,0.001472047975685321));
#5630=DIRECTION('',(0.00806707755512118,-0.7850635719695434,0.6193626645400425));
#5631=AXIS2_PLACEMENT_3D('',#603,#5629,#5630);
#5632=PLANE('',#5631);
#5633=FACE_SURFACE('',(#5628),#5632,.T.);
#5634=POLY_LOOP('',(#395,#561,#393));
#5635=FACE_OUTER_BOUND('',#5634,.T.);
#5636=DIRECTION('',(0.9998469639435231,0.017459509046865045,0.0011019241178898138));
#5637=DIRECTION('',(0.010837377804939222,-0.6676037313957046,0.7444379148517657));
#5638=AXIS2_PLACEMENT_3D('',#395,#5636,#5637);
#5639=PLANE('',#5638);
#5640=FACE_SURFACE('',(#5635),#5639,.T.);
#5641=POLY_LOOP('',(#585,#606,#607));
#5642=FACE_OUTER_BOUND('',#5641,.T.);
#5643=DIRECTION('',(0.9999525840531743,0.00961211923460153,0.0015610282506043893));
#5644=DIRECTION('',(0.0017750707277175558,-0.3375323883765958,0.9413122414590721));
#5645=AXIS2_PLACEMENT_3D('',#585,#5643,#5644);
#5646=PLANE('',#5645);
#5647=FACE_SURFACE('',(#5642),#5646,.T.);
#5648=POLY_LOOP('',(#585,#607,#608));
#5649=FACE_OUTER_BOUND('',#5648,.T.);
#5650=DIRECTION('',(0.9999552714929048,0.009362364214091378,0.0013420692506882809));
#5651=DIRECTION('',(0.005162585123911905,-0.659186014417506,0.7519621972620711));
#5652=AXIS2_PLACEMENT_3D('',#585,#5650,#5651);
#5653=PLANE('',#5652);
#5654=FACE_SURFACE('',(#5649),#5653,.T.);
#5655=POLY_LOOP('',(#608,#609,#585));
#5656=FACE_OUTER_BOUND('',#5655,.T.);
#5657=DIRECTION('',(0.9999562043615172,0.00927669761946974,0.0012378368973482456));
#5658=DIRECTION('',(0.006645314421929343,-0.6106498442867685,-0.791872848043661));
#5659=AXIS2_PLACEMENT_3D('',#608,#5657,#5658);
#5660=PLANE('',#5659);
#5661=FACE_SURFACE('',(#5656),#5660,.T.);
#5662=POLY_LOOP('',(#585,#609,#610));
#5663=FACE_OUTER_BOUND('',#5662,.T.);
#5664=DIRECTION('',(0.9999561309787924,0.009282877408001454,0.0012507217724642581));
#5665=DIRECTION('',(0.007829005279693095,-0.9016131683385264,0.43247242843318273));
#5666=AXIS2_PLACEMENT_3D('',#585,#5664,#5665);
#5667=PLANE('',#5666);
#5668=FACE_SURFACE('',(#5663),#5667,.T.);
#5669=POLY_LOOP('',(#585,#610,#583));
#5670=FACE_OUTER_BOUND('',#5669,.T.);
#5671=DIRECTION('',(0.9999557252211055,0.009306767992418797,0.0013898442604989385));
#5672=DIRECTION('',(0.008937244357506558,-0.9855301161766038,0.16926463237257822));
#5673=AXIS2_PLACEMENT_3D('',#585,#5671,#5672);
#5674=PLANE('',#5673);
#5675=FACE_SURFACE('',(#5670),#5674,.T.);
#5676=POLY_LOOP('',(#586,#602,#585));
#5677=FACE_OUTER_BOUND('',#5676,.T.);
#5678=DIRECTION('',(0.9999343102068537,0.011334687054106363,0.0017029798969264416));
#5679=DIRECTION('',(0.0014783006458595157,-0.2748716636259679,0.9614797882237012));
#5680=AXIS2_PLACEMENT_3D('',#586,#5678,#5679);
#5681=PLANE('',#5680);
#5682=FACE_SURFACE('',(#5677),#5681,.T.);
#5683=POLY_LOOP('',(#592,#606,#585));
#5684=FACE_OUTER_BOUND('',#5683,.T.);
#5685=DIRECTION('',(0.9999487493697171,0.009981518624374396,0.0016934933983389728));
#5686=DIRECTION('',(0.010074910955678664,-0.9645852472344613,-0.26357882499713126));
#5687=AXIS2_PLACEMENT_3D('',#592,#5685,#5686);
#5688=PLANE('',#5687);
#5689=FACE_SURFACE('',(#5684),#5688,.T.);
#5690=POLY_LOOP('',(#595,#611,#590));
#5691=FACE_OUTER_BOUND('',#5690,.T.);
#5692=DIRECTION('',(0.9999821695978558,0.0058801912895604415,0.00104107481156323));
#5693=DIRECTION('',(0.004579786810977731,-0.8670433504824232,0.498211655761866));
#5694=AXIS2_PLACEMENT_3D('',#595,#5692,#5693);
#5695=PLANE('',#5694);
#5696=FACE_SURFACE('',(#5691),#5695,.T.);
#5697=POLY_LOOP('',(#569,#612,#576));
#5698=FACE_OUTER_BOUND('',#5697,.T.);
#5699=DIRECTION('',(0.9994853603501542,0.031870580929704566,0.003644244355894121));
#5700=DIRECTION('',(0.026771910228725417,-0.8913346335236533,0.4525547877373079));
#5701=AXIS2_PLACEMENT_3D('',#569,#5699,#5700);
#5702=PLANE('',#5701);
#5703=FACE_SURFACE('',(#5698),#5702,.T.);
#5704=POLY_LOOP('',(#613,#614,#569));
#5705=FACE_OUTER_BOUND('',#5704,.T.);
#5706=DIRECTION('',(0.9994804238166818,0.032007924815198416,0.003791458327701337));
#5707=DIRECTION('',(0.02581498976094619,-0.7245111419116601,-0.6887794941412706));
#5708=AXIS2_PLACEMENT_3D('',#613,#5706,#5707);
#5709=PLANE('',#5708);
#5710=FACE_SURFACE('',(#5705),#5709,.T.);
#5711=POLY_LOOP('',(#615,#616,#617));
#5712=FACE_OUTER_BOUND('',#5711,.T.);
#5713=DIRECTION('',(0.9967653564216143,0.07979751691999605,0.009548849726279972));
#5714=DIRECTION('',(0.07842830418823624,-0.9398933855132383,-0.33233932203490574));
#5715=AXIS2_PLACEMENT_3D('',#615,#5713,#5714);
#5716=PLANE('',#5715);
#5717=FACE_SURFACE('',(#5712),#5716,.T.);
#5718=POLY_LOOP('',(#617,#616,#618));
#5719=FACE_OUTER_BOUND('',#5718,.T.);
#5720=DIRECTION('',(0.9968108410503284,0.07925535868437232,0.00931317799403898));
#5721=DIRECTION('',(0.022986571534315894,-0.39692811626383134,0.9175618170174389));
#5722=AXIS2_PLACEMENT_3D('',#617,#5720,#5721);
#5723=PLANE('',#5722);
#5724=FACE_SURFACE('',(#5719),#5723,.T.);
#5725=POLY_LOOP('',(#617,#618,#619));
#5726=FACE_OUTER_BOUND('',#5725,.T.);
#5727=DIRECTION('',(0.996835097080761,0.07897998484525313,0.009052691413790337));
#5728=DIRECTION('',(0.047600915827345144,-0.6842017988222524,0.727737625316152));
#5729=AXIS2_PLACEMENT_3D('',#617,#5727,#5728);
#5730=PLANE('',#5729);
#5731=FACE_SURFACE('',(#5726),#5730,.T.);
#5732=POLY_LOOP('',(#619,#620,#617));
#5733=FACE_OUTER_BOUND('',#5732,.T.);
#5734=DIRECTION('',(0.9968426379026565,0.07889721749690735,0.008943395916476292));
#5735=DIRECTION('',(0.046246429532502985,-0.4853392458628297,-0.873101989564103));
#5736=AXIS2_PLACEMENT_3D('',#619,#5734,#5735);
#5737=PLANE('',#5736);
#5738=FACE_SURFACE('',(#5733),#5737,.T.);
#5739=POLY_LOOP('',(#617,#620,#621));
#5740=FACE_OUTER_BOUND('',#5739,.T.);
#5741=DIRECTION('',(0.9968376590765868,0.0789437985574216,0.009086149681560535));
#5742=DIRECTION('',(0.07219117695089546,-0.947443413127497,0.31167196359596383));
#5743=AXIS2_PLACEMENT_3D('',#617,#5741,#5742);
#5744=PLANE('',#5743);
#5745=FACE_SURFACE('',(#5740),#5744,.T.);
#5746=POLY_LOOP('',(#617,#621,#331));
#5747=FACE_OUTER_BOUND('',#5746,.T.);
#5748=DIRECTION('',(0.9968345694480876,0.07896749525750806,0.0092182344297137));
#5749=DIRECTION('',(0.07607856652475942,-0.9811217693133482,0.17779799069444832));
#5750=AXIS2_PLACEMENT_3D('',#617,#5748,#5749);
#5751=PLANE('',#5750);
#5752=FACE_SURFACE('',(#5747),#5751,.T.);
#5753=POLY_LOOP('',(#617,#622,#615));
#5754=FACE_OUTER_BOUND('',#5753,.T.);
#5755=DIRECTION('',(0.9967135315306549,0.08042277106421428,0.009711537367648468));
#5756=DIRECTION('',(-0.015978403327304283,0.07765114299915558,0.9968525420632857));
#5757=AXIS2_PLACEMENT_3D('',#617,#5755,#5756);
#5758=PLANE('',#5757);
#5759=FACE_SURFACE('',(#5754),#5758,.T.);
#5760=POLY_LOOP('',(#623,#624,#625));
#5761=FACE_OUTER_BOUND('',#5760,.T.);
#5762=DIRECTION('',(0.9961903159305281,0.08664614055977746,0.009864115385055326));
#5763=DIRECTION('',(0.03116346960591315,-0.24806524782206943,-0.9682419485774703));
#5764=AXIS2_PLACEMENT_3D('',#623,#5762,#5763);
#5765=PLANE('',#5764);
#5766=FACE_SURFACE('',(#5761),#5765,.T.);
#5767=POLY_LOOP('',(#625,#626,#330));
#5768=FACE_OUTER_BOUND('',#5767,.T.);
#5769=DIRECTION('',(0.9962224646508918,0.08683378625219655,0.0008333606724819125));
#5770=DIRECTION('',(0.08683596975644818,-0.9960937101322246,-0.016026072241093314));
#5771=AXIS2_PLACEMENT_3D('',#625,#5769,#5770);
#5772=PLANE('',#5771);
#5773=FACE_SURFACE('',(#5768),#5772,.T.);
#5774=POLY_LOOP('',(#330,#626,#627));
#5775=FACE_OUTER_BOUND('',#5774,.T.);
#5776=DIRECTION('',(0.9964490488551028,0.08419264232867059,-0.0009444646513131598));
#5777=DIRECTION('',(0.047676560172313594,-0.5549519485157243,0.8305150693688447));
#5778=AXIS2_PLACEMENT_3D('',#330,#5776,#5777);
#5779=PLANE('',#5778);
#5780=FACE_SURFACE('',(#5775),#5779,.T.);
#5781=POLY_LOOP('',(#330,#627,#617));
#5782=FACE_OUTER_BOUND('',#5781,.T.);
#5783=DIRECTION('',(0.9966199115617165,0.08211520295407115,-0.0024177101828249605));
#5784=DIRECTION('',(0.04936227498992199,-0.575058822951123,0.8166215255269041));
#5785=AXIS2_PLACEMENT_3D('',#330,#5783,#5784);
#5786=PLANE('',#5785);
#5787=FACE_SURFACE('',(#5782),#5786,.T.);
#5788=POLY_LOOP('',(#617,#627,#628));
#5789=FACE_OUTER_BOUND('',#5788,.T.);
#5790=DIRECTION('',(0.996598398501941,0.08186043641054774,0.009513204194233673));
#5791=DIRECTION('',(-0.08204620075738683,0.99640453444995,0.021128764016304973));
#5792=AXIS2_PLACEMENT_3D('',#617,#5790,#5791);
#5793=PLANE('',#5792);
#5794=FACE_SURFACE('',(#5789),#5793,.T.);
#5795=POLY_LOOP('',(#617,#628,#629));
#5796=FACE_OUTER_BOUND('',#5795,.T.);
#5797=DIRECTION('',(0.9965905587534576,0.08198089971322005,0.009294637469099106));
#5798=DIRECTION('',(-0.07624688175509432,0.8720817413609584,0.4833837496311426));
#5799=AXIS2_PLACEMENT_3D('',#617,#5797,#5798);
#5800=PLANE('',#5799);
#5801=FACE_SURFACE('',(#5796),#5800,.T.);
#5802=POLY_LOOP('',(#629,#630,#617));
#5803=FACE_OUTER_BOUND('',#5802,.T.);
#5804=DIRECTION('',(0.9965957731213962,0.08190997508459591,0.009360607790497799));
#5805=DIRECTION('',(0.05892471687789579,-0.7871025263220998,0.6140012140038715));
#5806=AXIS2_PLACEMENT_3D('',#629,#5804,#5805);
#5807=PLANE('',#5806);
#5808=FACE_SURFACE('',(#5803),#5807,.T.);
#5809=POLY_LOOP('',(#625,#624,#626));
#5810=FACE_OUTER_BOUND('',#5809,.T.);
#5811=DIRECTION('',(0.9961852241651574,0.08668208353836196,0.010060593842472728));
#5812=DIRECTION('',(0.08342956487830977,-0.9798614535024728,0.18141400068417404));
#5813=AXIS2_PLACEMENT_3D('',#625,#5811,#5812);
#5814=PLANE('',#5813);
#5815=FACE_SURFACE('',(#5810),#5814,.T.);
#5816=POLY_LOOP('',(#617,#630,#631));
#5817=FACE_OUTER_BOUND('',#5816,.T.);
#5818=DIRECTION('',(0.9966184797854396,0.08161302276642676,0.009535211853232074));
#5819=DIRECTION('',(-0.049478705576852994,0.5034260730548591,0.8626204534225946));
#5820=AXIS2_PLACEMENT_3D('',#617,#5818,#5819);
#5821=PLANE('',#5820);
#5822=FACE_SURFACE('',(#5817),#5821,.T.);
#5823=POLY_LOOP('',(#331,#330,#617));
#5824=FACE_OUTER_BOUND('',#5823,.T.);
#5825=DIRECTION('',(0.996843222630117,0.07926133069286515,-0.0046077058499138625));
#5826=DIRECTION('',(-0.05393058596070382,0.6333910726592278,-0.7719502840037873));
#5827=AXIS2_PLACEMENT_3D('',#331,#5825,#5826);
#5828=PLANE('',#5827);
#5829=FACE_SURFACE('',(#5824),#5828,.T.);
#5830=POLY_LOOP('',(#625,#632,#633));
#5831=FACE_OUTER_BOUND('',#5830,.T.);
#5832=DIRECTION('',(0.9959154377977784,0.08968920577635263,0.010406109900751456));
#5833=DIRECTION('',(-0.05465113144755142,0.5070481137442009,0.8601833898535535));
#5834=AXIS2_PLACEMENT_3D('',#625,#5832,#5833);
#5835=PLANE('',#5834);
#5836=FACE_SURFACE('',(#5831),#5835,.T.);
#5837=POLY_LOOP('',(#634,#635,#636));
#5838=FACE_OUTER_BOUND('',#5837,.T.);
#5839=DIRECTION('',(0.995046083182103,0.09873606719027586,0.01159661070108571));
#5840=DIRECTION('',(-0.03491772657998408,0.23789008895812033,0.9706642354315848));
#5841=AXIS2_PLACEMENT_3D('',#634,#5839,#5840);
#5842=PLANE('',#5841);
#5843=FACE_SURFACE('',(#5838),#5842,.T.);
#5844=POLY_LOOP('',(#637,#638,#625));
#5845=FACE_OUTER_BOUND('',#5844,.T.);
#5846=DIRECTION('',(0.9960342578928051,0.08833557260004668,0.010610547457645473));
#5847=DIRECTION('',(0.08893882714534354,-0.9917571784809777,-0.09223656518681098));
#5848=AXIS2_PLACEMENT_3D('',#637,#5846,#5847);
#5849=PLANE('',#5848);
#5850=FACE_SURFACE('',(#5845),#5849,.T.);
#5851=POLY_LOOP('',(#625,#638,#639));
#5852=FACE_OUTER_BOUND('',#5851,.T.);
#5853=DIRECTION('',(0.996104139055158,0.08756917300253202,0.010401158437163088));
#5854=DIRECTION('',(0.012995427640916483,-0.2624268975238919,0.9648643647251226));
#5855=AXIS2_PLACEMENT_3D('',#625,#5853,#5854);
#5856=PLANE('',#5855);
#5857=FACE_SURFACE('',(#5852),#5856,.T.);
#5858=POLY_LOOP('',(#639,#640,#625));
#5859=FACE_OUTER_BOUND('',#5858,.T.);
#5860=DIRECTION('',(0.9961573622715202,0.0869918093234094,0.010145674097213316));
#5861=DIRECTION('',(0.07740543061624586,-0.8202909625583701,-0.5666843354603834));
#5862=AXIS2_PLACEMENT_3D('',#639,#5860,#5861);
#5863=PLANE('',#5862);
#5864=FACE_SURFACE('',(#5859),#5863,.T.);
#5865=POLY_LOOP('',(#625,#640,#641));
#5866=FACE_OUTER_BOUND('',#5865,.T.);
#5867=DIRECTION('',(0.9961880930662328,0.08667498532879991,0.00983514876932375));
#5868=DIRECTION('',(0.0535178471327987,-0.6963164750684714,0.715736827742215));
#5869=AXIS2_PLACEMENT_3D('',#625,#5867,#5868);
#5870=PLANE('',#5869);
#5871=FACE_SURFACE('',(#5866),#5870,.T.);
#5872=POLY_LOOP('',(#625,#641,#623));
#5873=FACE_OUTER_BOUND('',#5872,.T.);
#5874=DIRECTION('',(0.9961945004729187,0.08661111910671272,0.009748398565650454));
#5875=DIRECTION('',(0.06385552046910557,-0.8013984150559592,0.5947125800346048));
#5876=AXIS2_PLACEMENT_3D('',#625,#5874,#5875);
#5877=PLANE('',#5876);
#5878=FACE_SURFACE('',(#5873),#5877,.T.);
#5879=POLY_LOOP('',(#625,#633,#637));
#5880=FACE_OUTER_BOUND('',#5879,.T.);
#5881=DIRECTION('',(0.9959644128205326,0.08912733755055395,0.01054543010983276));
#5882=DIRECTION('',(-0.03157300402623645,0.2379570884134733,0.9707623650979378));
#5883=AXIS2_PLACEMENT_3D('',#625,#5881,#5882);
#5884=PLANE('',#5883);
#5885=FACE_SURFACE('',(#5880),#5884,.T.);
#5886=POLY_LOOP('',(#642,#643,#634));
#5887=FACE_OUTER_BOUND('',#5886,.T.);
#5888=DIRECTION('',(0.9953496423211954,0.09572523579721054,0.010759589334030345));
#5889=DIRECTION('',(0.03433916422721387,-0.2482442420774394,-0.9680886416416495));
#5890=AXIS2_PLACEMENT_3D('',#642,#5888,#5889);
#5891=PLANE('',#5890);
#5892=FACE_SURFACE('',(#5887),#5891,.T.);
#5893=POLY_LOOP('',(#634,#644,#330));
#5894=FACE_OUTER_BOUND('',#5893,.T.);
#5895=DIRECTION('',(0.9953766083020473,0.09586492728879727,0.005943345945337392));
#5896=DIRECTION('',(0.09594926195988646,-0.9952566814659121,-0.01605855307345559));
#5897=AXIS2_PLACEMENT_3D('',#634,#5895,#5896);
#5898=PLANE('',#5897);
#5899=FACE_SURFACE('',(#5894),#5898,.T.);
#5900=POLY_LOOP('',(#330,#644,#645));
#5901=FACE_OUTER_BOUND('',#5900,.T.);
#5902=DIRECTION('',(0.9956812158994458,0.0927378545565522,0.004313541149566516));
#5903=DIRECTION('',(0.03889204810328328,-0.4588529944553649,0.8876605984686246));
#5904=AXIS2_PLACEMENT_3D('',#330,#5902,#5903);
#5905=PLANE('',#5904);
#5906=FACE_SURFACE('',(#5901),#5905,.T.);
#5907=POLY_LOOP('',(#330,#645,#625));
#5908=FACE_OUTER_BOUND('',#5907,.T.);
#5909=DIRECTION('',(0.9959270029938165,0.09011804029814614,0.0028536854375524117));
#5910=DIRECTION('',(0.04123527384169321,-0.48339568224658014,0.8744302525510905));
#5911=AXIS2_PLACEMENT_3D('',#330,#5909,#5910);
#5912=PLANE('',#5911);
#5913=FACE_SURFACE('',(#5908),#5912,.T.);
#5914=POLY_LOOP('',(#625,#645,#646));
#5915=FACE_OUTER_BOUND('',#5914,.T.);
#5916=DIRECTION('',(0.995888165545747,0.08999384121570908,0.010386061292346276));
#5917=DIRECTION('',(-0.09015228099319511,0.9958001889794358,0.01595461877463273));
#5918=AXIS2_PLACEMENT_3D('',#625,#5916,#5917);
#5919=PLANE('',#5918);
#5920=FACE_SURFACE('',(#5915),#5919,.T.);
#5921=POLY_LOOP('',(#625,#646,#647));
#5922=FACE_OUTER_BOUND('',#5921,.T.);
#5923=DIRECTION('',(0.99587682735583,0.09015230213949499,0.010094907361408764));
#5924=DIRECTION('',(-0.08396096824363743,0.8738615940942392,0.47886999298208904));
#5925=AXIS2_PLACEMENT_3D('',#625,#5923,#5924);
#5926=PLANE('',#5925);
#5927=FACE_SURFACE('',(#5922),#5926,.T.);
#5928=POLY_LOOP('',(#647,#632,#625));
#5929=FACE_OUTER_BOUND('',#5928,.T.);
#5930=DIRECTION('',(0.9958854817610138,0.0900454629160635,0.010194205504373615));
#5931=DIRECTION('',(0.0650170723753261,-0.7883388339888061,0.6117962594891465));
#5932=AXIS2_PLACEMENT_3D('',#647,#5930,#5931);
#5933=PLANE('',#5932);
#5934=FACE_SURFACE('',(#5929),#5933,.T.);
#5935=POLY_LOOP('',(#634,#643,#644));
#5936=FACE_OUTER_BOUND('',#5935,.T.);
#5937=DIRECTION('',(0.9953412362360702,0.09577905218675081,0.011054257562552626));
#5938=DIRECTION('',(0.092198244580955,-0.9790702020259998,0.1814415145465838));
#5939=AXIS2_PLACEMENT_3D('',#634,#5937,#5938);
#5940=PLANE('',#5939);
#5941=FACE_SURFACE('',(#5936),#5940,.T.);
#5942=POLY_LOOP('',(#569,#614,#612));
#5943=FACE_OUTER_BOUND('',#5942,.T.);
#5944=DIRECTION('',(0.999485806572034,0.031859153618721735,0.0036217111631504663));
#5945=DIRECTION('',(0.021566243720136994,-0.7515301853662373,0.6593460985060825));
#5946=AXIS2_PLACEMENT_3D('',#569,#5944,#5945);
#5947=PLANE('',#5946);
#5948=FACE_SURFACE('',(#5943),#5947,.T.);
#5949=POLY_LOOP('',(#617,#631,#622));
#5950=FACE_OUTER_BOUND('',#5949,.T.);
#5951=DIRECTION('',(0.9966556333551545,0.08114394887950906,0.009654432229565047));
#5952=DIRECTION('',(-0.029259006888825826,0.24404654297195,0.969322028729008));
#5953=AXIS2_PLACEMENT_3D('',#617,#5951,#5952);
#5954=PLANE('',#5953);
#5955=FACE_SURFACE('',(#5950),#5954,.T.);
#5956=POLY_LOOP('',(#329,#331,#370));
#5957=FACE_OUTER_BOUND('',#5956,.T.);
#5958=DIRECTION('',(0.994491572990418,0.10355687225968198,0.016201402989740966));
#5959=DIRECTION('',(0.051375597169655195,-0.6163181410900235,0.7858196338720478));
#5960=AXIS2_PLACEMENT_3D('',#329,#5958,#5959);
#5961=PLANE('',#5960);
#5962=FACE_SURFACE('',(#5957),#5961,.T.);
#5963=POLY_LOOP('',(#648,#401,#388));
#5964=FACE_OUTER_BOUND('',#5963,.T.);
#5965=DIRECTION('',(0.9987918120526391,0.04873199371927734,0.006333163881504189));
#5966=DIRECTION('',(0.03315092146289784,-0.5730294814397682,-0.8188639873672741));
#5967=AXIS2_PLACEMENT_3D('',#648,#5965,#5966);
#5968=PLANE('',#5967);
#5969=FACE_SURFACE('',(#5964),#5968,.T.);
#5970=POLY_LOOP('',(#648,#388,#387));
#5971=FACE_OUTER_BOUND('',#5970,.T.);
#5972=DIRECTION('',(0.9982221356745634,0.05916679066013605,0.007201300736172235));
#5973=DIRECTION('',(0.002267672234844739,0.08303262957824016,-0.9965442489362718));
#5974=AXIS2_PLACEMENT_3D('',#648,#5972,#5973);
#5975=PLANE('',#5974);
#5976=FACE_SURFACE('',(#5971),#5975,.T.);
#5977=POLY_LOOP('',(#649,#650,#573));
#5978=FACE_OUTER_BOUND('',#5977,.T.);
#5979=DIRECTION('',(0.9991459735848188,0.040999168580314174,0.005137279919137751));
#5980=DIRECTION('',(0.040586326141580635,-0.9504742094794247,-0.3081420569230883));
#5981=AXIS2_PLACEMENT_3D('',#649,#5979,#5980);
#5982=PLANE('',#5981);
#5983=FACE_SURFACE('',(#5978),#5982,.T.);
#5984=POLY_LOOP('',(#650,#651,#573));
#5985=FACE_OUTER_BOUND('',#5984,.T.);
#5986=DIRECTION('',(0.9991605125883212,0.04066074990086694,0.0049973494717114675));
#5987=DIRECTION('',(0.037945805138125586,-0.8725960249906035,-0.4869664188042308));
#5988=AXIS2_PLACEMENT_3D('',#650,#5986,#5987);
#5989=PLANE('',#5988);
#5990=FACE_SURFACE('',(#5985),#5989,.T.);
#5991=POLY_LOOP('',(#573,#651,#652));
#5992=FACE_OUTER_BOUND('',#5991,.T.);
#5993=DIRECTION('',(0.9991755876662711,0.04032265459347713,0.004714715081182397));
#5994=DIRECTION('',(0.022231602908498224,-0.6406310775599784,0.7675269234994039));
#5995=AXIS2_PLACEMENT_3D('',#573,#5993,#5994);
#5996=PLANE('',#5995);
#5997=FACE_SURFACE('',(#5992),#5996,.T.);
#5998=POLY_LOOP('',(#573,#652,#653));
#5999=FACE_OUTER_BOUND('',#5998,.T.);
#6000=DIRECTION('',(0.999180940808,0.04020745460379504,0.004561591862924975));
#6001=DIRECTION('',(0.02937605254413999,-0.7982648758565821,0.6015897568198776));
#6002=AXIS2_PLACEMENT_3D('',#573,#6000,#6001);
#6003=PLANE('',#6002);
#6004=FACE_SURFACE('',(#5999),#6003,.T.);
#6005=POLY_LOOP('',(#654,#401,#648));
#6006=FACE_OUTER_BOUND('',#6005,.T.);
#6007=DIRECTION('',(0.9984146172461359,0.056277665036882064,0.001037539034708206));
#6008=DIRECTION('',(0.02863064325540049,-0.49188963422185594,-0.8701866891718528));
#6009=AXIS2_PLACEMENT_3D('',#654,#6007,#6008);
#6010=PLANE('',#6009);
#6011=FACE_SURFACE('',(#6006),#6010,.T.);
#6012=POLY_LOOP('',(#575,#655,#573));
#6013=FACE_OUTER_BOUND('',#6012,.T.);
#6014=DIRECTION('',(0.9990542491781803,0.04320347088510523,0.004905843709538732));
#6015=DIRECTION('',(0.026739611418307836,-0.699435746485247,0.7141950921980795));
#6016=AXIS2_PLACEMENT_3D('',#575,#6014,#6015);
#6017=PLANE('',#6016);
#6018=FACE_SURFACE('',(#6013),#6017,.T.);
#6019=POLY_LOOP('',(#573,#656,#649));
#6020=FACE_OUTER_BOUND('',#6019,.T.);
#6021=DIRECTION('',(0.9991136678757275,0.041748365294436006,0.005380767524494786));
#6022=DIRECTION('',(-0.012602601413417291,0.17470993743037408,0.984539289312869));
#6023=AXIS2_PLACEMENT_3D('',#573,#6021,#6022);
#6024=PLANE('',#6023);
#6025=FACE_SURFACE('',(#6020),#6024,.T.);
#6026=POLY_LOOP('',(#653,#657,#573));
#6027=FACE_OUTER_BOUND('',#6026,.T.);
#6028=DIRECTION('',(0.9991800188302068,0.04022541871137974,0.004604960364847149));
#6029=DIRECTION('',(0.01790687853038403,-0.33703685604769623,-0.9413211467755213));
#6030=AXIS2_PLACEMENT_3D('',#653,#6028,#6029);
#6031=PLANE('',#6030);
#6032=FACE_SURFACE('',(#6027),#6031,.T.);
#6033=POLY_LOOP('',(#573,#657,#658));
#6034=FACE_OUTER_BOUND('',#6033,.T.);
#6035=DIRECTION('',(0.999177790328196,0.0402545640185583,0.004828394198838116));
#6036=DIRECTION('',(0.03928994284246975,-0.9907834092385643,0.12963231221050883));
#6037=AXIS2_PLACEMENT_3D('',#573,#6035,#6036);
#6038=PLANE('',#6037);
#6039=FACE_SURFACE('',(#6034),#6038,.T.);
#6040=POLY_LOOP('',(#573,#658,#572));
#6041=FACE_OUTER_BOUND('',#6040,.T.);
#6042=DIRECTION('',(0.9991647303662171,0.04015634858815394,0.007570287991314768));
#6043=DIRECTION('',(0.04040118760431895,-0.9985499979114296,-0.0355759147632857));
#6044=AXIS2_PLACEMENT_3D('',#573,#6042,#6043);
#6045=PLANE('',#6044);
#6046=FACE_SURFACE('',(#6041),#6045,.T.);
#6047=POLY_LOOP('',(#568,#659,#569));
#6048=FACE_OUTER_BOUND('',#6047,.T.);
#6049=DIRECTION('',(0.9994531645830897,0.032794790008466135,0.004227712519585976));
#6050=DIRECTION('',(0.032577565900678,-0.9547045308521928,-0.295766734049456));
#6051=AXIS2_PLACEMENT_3D('',#568,#6049,#6050);
#6052=PLANE('',#6051);
#6053=FACE_SURFACE('',(#6048),#6052,.T.);
#6054=POLY_LOOP('',(#569,#659,#613));
#6055=FACE_OUTER_BOUND('',#6054,.T.);
#6056=DIRECTION('',(0.999466891531756,0.032392645221772744,0.004080351380153044));
#6057=DIRECTION('',(0.007310206583206439,-0.34383620581073193,0.9390011844792268));
#6058=AXIS2_PLACEMENT_3D('',#569,#6056,#6057);
#6059=PLANE('',#6058);
#6060=FACE_SURFACE('',(#6055),#6059,.T.);
#6061=POLY_LOOP('',(#573,#655,#656));
#6062=FACE_OUTER_BOUND('',#6061,.T.);
#6063=DIRECTION('',(0.9990694032962504,0.0428180730332043,0.005190377539051237));
#6064=DIRECTION('',(-0.02959272487148907,0.5929381269279568,0.8047040749678397));
#6065=AXIS2_PLACEMENT_3D('',#573,#6063,#6064);
#6066=PLANE('',#6065);
#6067=FACE_SURFACE('',(#6062),#6066,.T.);
#6068=POLY_LOOP('',(#331,#660,#661));
#6069=FACE_OUTER_BOUND('',#6068,.T.);
#6070=DIRECTION('',(0.9971238629344009,0.07551676536759697,0.006420289338755141));
#6071=DIRECTION('',(0.07559778617220152,-0.9970472074661577,-0.013484836291133633));
#6072=AXIS2_PLACEMENT_3D('',#331,#6070,#6071);
#6073=PLANE('',#6072);
#6074=FACE_SURFACE('',(#6069),#6073,.T.);
#6075=POLY_LOOP('',(#654,#662,#401));
#6076=FACE_OUTER_BOUND('',#6075,.T.);
#6077=DIRECTION('',(0.998610167662086,0.052612006561611434,0.003116056395737879));
#6078=DIRECTION('',(0.052580269088837166,-0.9904669314938365,-0.1273207481902668));
#6079=AXIS2_PLACEMENT_3D('',#654,#6077,#6078);
#6080=PLANE('',#6079);
#6081=FACE_SURFACE('',(#6076),#6080,.T.);
#6082=POLY_LOOP('',(#663,#664,#662));
#6083=FACE_OUTER_BOUND('',#6082,.T.);
#6084=DIRECTION('',(0.9986027608594482,0.05274328772675469,0.003266742056036297));
#6085=DIRECTION('',(0.026947319704040424,-0.5614277868536846,0.8270868649116258));
#6086=AXIS2_PLACEMENT_3D('',#663,#6084,#6085);
#6087=PLANE('',#6086);
#6088=FACE_SURFACE('',(#6083),#6087,.T.);
#6089=POLY_LOOP('',(#370,#331,#661));
#6090=FACE_OUTER_BOUND('',#6089,.T.);
#6091=DIRECTION('',(0.9971802396414614,0.07466540570253816,0.0075264108227682015));
#6092=DIRECTION('',(0.014208928613914373,-0.28633535923701503,0.9580240959382255));
#6093=AXIS2_PLACEMENT_3D('',#370,#6091,#6092);
#6094=PLANE('',#6093);
#6095=FACE_SURFACE('',(#6090),#6094,.T.);
#6096=POLY_LOOP('',(#370,#661,#375));
#6097=FACE_OUTER_BOUND('',#6096,.T.);
#6098=DIRECTION('',(0.996870394267759,0.07848632336669813,0.009450612510350885));
#6099=DIRECTION('',(0.02679088956874323,-0.44788635467346255,0.8936890183578584));
#6100=AXIS2_PLACEMENT_3D('',#370,#6098,#6099);
#6101=PLANE('',#6100);
#6102=FACE_SURFACE('',(#6097),#6101,.T.);
#6103=POLY_LOOP('',(#375,#661,#648));
#6104=FACE_OUTER_BOUND('',#6103,.T.);
#6105=DIRECTION('',(0.9979738715295837,0.06315498949777595,0.007720041825672827));
#6106=DIRECTION('',(-0.0005860210550536324,-0.11220733881178516,0.993684642980911));
#6107=AXIS2_PLACEMENT_3D('',#375,#6105,#6106);
#6108=PLANE('',#6107);
#6109=FACE_SURFACE('',(#6104),#6108,.T.);
#6110=POLY_LOOP('',(#375,#648,#387));
#6111=FACE_OUTER_BOUND('',#6110,.T.);
#6112=DIRECTION('',(0.9978076651944836,0.06549694443922806,0.00948754700951934));
#6113=DIRECTION('',(0.03183183200345822,-0.6006596430071561,0.7988709080532469));
#6114=AXIS2_PLACEMENT_3D('',#375,#6112,#6113);
#6115=PLANE('',#6114);
#6116=FACE_SURFACE('',(#6111),#6115,.T.);
#6117=POLY_LOOP('',(#665,#666,#667));
#6118=FACE_OUTER_BOUND('',#6117,.T.);
#6119=DIRECTION('',(0.9989289317402344,0.04552660361706505,0.00826545191797326));
#6120=DIRECTION('',(0.029453151106354863,-0.48786024978321757,-0.8724247179965516));
#6121=AXIS2_PLACEMENT_3D('',#665,#6119,#6120);
#6122=PLANE('',#6121);
#6123=FACE_SURFACE('',(#6118),#6122,.T.);
#6124=POLY_LOOP('',(#668,#669,#662));
#6125=FACE_OUTER_BOUND('',#6124,.T.);
#6126=DIRECTION('',(0.9988847109953249,0.04690930219332992,0.005371359932201377));
#6127=DIRECTION('',(0.042169193051875185,-0.8351548205170254,-0.54839601103995));
#6128=AXIS2_PLACEMENT_3D('',#668,#6126,#6127);
#6129=PLANE('',#6128);
#6130=FACE_SURFACE('',(#6125),#6129,.T.);
#6131=POLY_LOOP('',(#663,#662,#654));
#6132=FACE_OUTER_BOUND('',#6131,.T.);
#6133=DIRECTION('',(0.9986143632860066,0.052426904428833486,0.004557755027809821));
#6134=DIRECTION('',(0.05200301385781337,-0.969837277609538,-0.23814143173464003));
#6135=AXIS2_PLACEMENT_3D('',#663,#6133,#6134);
#6136=PLANE('',#6135);
#6137=FACE_SURFACE('',(#6132),#6136,.T.);
#6138=POLY_LOOP('',(#664,#670,#662));
#6139=FACE_OUTER_BOUND('',#6138,.T.);
#6140=DIRECTION('',(0.9987502828507261,0.04967852431459445,0.005469618589933932));
#6141=DIRECTION('',(0.03901655997980485,-0.8433987067228474,0.535869694557894));
#6142=AXIS2_PLACEMENT_3D('',#664,#6140,#6141);
#6143=PLANE('',#6142);
#6144=FACE_SURFACE('',(#6139),#6143,.T.);
#6145=POLY_LOOP('',(#662,#671,#668));
#6146=FACE_OUTER_BOUND('',#6145,.T.);
#6147=DIRECTION('',(0.9987815443646152,0.04896487401872612,0.0061536776779717835));
#6148=DIRECTION('',(-0.010336652284714667,0.08563929233094646,0.9962725858060131));
#6149=AXIS2_PLACEMENT_3D('',#662,#6147,#6148);
#6150=PLANE('',#6149);
#6151=FACE_SURFACE('',(#6146),#6150,.T.);
#6152=POLY_LOOP('',(#574,#401,#667));
#6153=FACE_OUTER_BOUND('',#6152,.T.);
#6154=DIRECTION('',(0.99893283692857,0.04588531424310958,0.005265476488402153));
#6155=DIRECTION('',(0.00845127215216444,-0.06951467791594466,-0.9975451295822423));
#6156=AXIS2_PLACEMENT_3D('',#574,#6154,#6155);
#6157=PLANE('',#6156);
#6158=FACE_SURFACE('',(#6153),#6157,.T.);
#6159=POLY_LOOP('',(#667,#401,#662));
#6160=FACE_OUTER_BOUND('',#6159,.T.);
#6161=DIRECTION('',(0.9987902461582295,0.048960288531256516,0.004575404476048637));
#6162=DIRECTION('',(0.015169669686176848,-0.21827440544878823,-0.9757695245536162));
#6163=AXIS2_PLACEMENT_3D('',#667,#6161,#6162);
#6164=PLANE('',#6163);
#6165=FACE_SURFACE('',(#6160),#6164,.T.);
#6166=POLY_LOOP('',(#667,#662,#665));
#6167=FACE_OUTER_BOUND('',#6166,.T.);
#6168=DIRECTION('',(0.9987910870811799,0.04860173235566561,0.007364508077471474));
#6169=DIRECTION('',(-0.04914410144095059,0.9906373900997473,0.1273672588616202));
#6170=AXIS2_PLACEMENT_3D('',#667,#6168,#6169);
#6171=PLANE('',#6170);
#6172=FACE_SURFACE('',(#6167),#6171,.T.);
#6173=POLY_LOOP('',(#665,#662,#669));
#6174=FACE_OUTER_BOUND('',#6173,.T.);
#6175=DIRECTION('',(0.9988695649203084,0.047196062368369936,0.00566780141099427));
#6176=DIRECTION('',(-0.032707187615020714,0.7689043334998996,-0.6385267150271717));
#6177=AXIS2_PLACEMENT_3D('',#665,#6175,#6176);
#6178=PLANE('',#6177);
#6179=FACE_SURFACE('',(#6174),#6178,.T.);
#6180=POLY_LOOP('',(#672,#664,#663));
#6181=FACE_OUTER_BOUND('',#6180,.T.);
#6182=DIRECTION('',(0.9989171496033008,0.046514341778198076,-0.0009717187647577643));
#6183=DIRECTION('',(0.03380073625113028,-0.7112179440662084,0.7021584908459894));
#6184=AXIS2_PLACEMENT_3D('',#672,#6182,#6183);
#6185=PLANE('',#6184);
#6186=FACE_SURFACE('',(#6181),#6185,.T.);
#6187=POLY_LOOP('',(#662,#670,#671));
#6188=FACE_OUTER_BOUND('',#6187,.T.);
#6189=DIRECTION('',(0.9988099047201362,0.048376417021549135,0.0062045555126741345));
#6190=DIRECTION('',(-0.029158673099463694,0.4903097569641471,0.8710603389024422));
#6191=AXIS2_PLACEMENT_3D('',#662,#6189,#6190);
#6192=PLANE('',#6191);
#6193=FACE_SURFACE('',(#6188),#6192,.T.);
#6194=POLY_LOOP('',(#634,#673,#635));
#6195=FACE_OUTER_BOUND('',#6194,.T.);
#6196=DIRECTION('',(0.9949837850172919,0.09938045749371027,0.01143644267261813));
#6197=DIRECTION('',(-0.0605620942245391,0.5074229110206376,0.8595662988475525));
#6198=AXIS2_PLACEMENT_3D('',#634,#6196,#6197);
#6199=PLANE('',#6198);
#6200=FACE_SURFACE('',(#6195),#6199,.T.);
#6201=POLY_LOOP('',(#590,#611,#674));
#6202=FACE_OUTER_BOUND('',#6201,.T.);
#6203=DIRECTION('',(0.9999833943817235,0.005653137397475541,0.0011193740983081839));
#6204=DIRECTION('',(-0.002901153336796064,0.32599333984567685,0.9453676140452333));
#6205=AXIS2_PLACEMENT_3D('',#590,#6203,#6204);
#6206=PLANE('',#6205);
#6207=FACE_SURFACE('',(#6202),#6206,.T.);
#6208=POLY_LOOP('',(#588,#675,#590));
#6209=FACE_OUTER_BOUND('',#6208,.T.);
#6210=DIRECTION('',(0.9999907401768118,0.004233686029517577,0.000771662643508509));
#6211=DIRECTION('',(0.0020517912392161875,-0.3114274744558556,-0.9502677087572524));
#6212=AXIS2_PLACEMENT_3D('',#588,#6210,#6211);
#6213=PLANE('',#6212);
#6214=FACE_SURFACE('',(#6209),#6213,.T.);
#6215=POLY_LOOP('',(#676,#677,#678));
#6216=FACE_OUTER_BOUND('',#6215,.T.);
#6217=DIRECTION('',(0.9999461141277927,-0.010291361717498384,-0.0013626131978473812));
#6218=DIRECTION('',(-0.006179115102193766,-0.6955152447255514,0.7184847687257608));
#6219=AXIS2_PLACEMENT_3D('',#676,#6217,#6218);
#6220=PLANE('',#6219);
#6221=FACE_SURFACE('',(#6216),#6220,.T.);
#6222=POLY_LOOP('',(#676,#678,#381));
#6223=FACE_OUTER_BOUND('',#6222,.T.);
#6224=DIRECTION('',(0.9999464870022803,-0.010289954554656401,-0.0010676924002060526));
#6225=DIRECTION('',(-0.010284735071407843,-0.9999356666153641,0.00478402079826037));
#6226=AXIS2_PLACEMENT_3D('',#676,#6224,#6225);
#6227=PLANE('',#6226);
#6228=FACE_SURFACE('',(#6223),#6227,.T.);
#6229=POLY_LOOP('',(#381,#678,#679));
#6230=FACE_OUTER_BOUND('',#6229,.T.);
#6231=DIRECTION('',(0.9999521468628302,-0.009757472380616874,-0.0007040718416370206));
#6232=DIRECTION('',(-0.0049209482310028085,-0.5638918547598447,0.8258339787172784));
#6233=AXIS2_PLACEMENT_3D('',#381,#6231,#6232);
#6234=PLANE('',#6233);
#6235=FACE_SURFACE('',(#6230),#6234,.T.);
#6236=POLY_LOOP('',(#381,#679,#680));
#6237=FACE_OUTER_BOUND('',#6236,.T.);
#6238=DIRECTION('',(0.9999603324658511,-0.008906932871308948,6.4506088396848855e-06));
#6239=DIRECTION('',(-0.00571512145576108,-0.6410673828810882,0.7674633202914248));
#6240=AXIS2_PLACEMENT_3D('',#381,#6238,#6239);
#6241=PLANE('',#6240);
#6242=FACE_SURFACE('',(#6237),#6241,.T.);
#6243=POLY_LOOP('',(#680,#679,#681));
#6244=FACE_OUTER_BOUND('',#6243,.T.);
#6245=DIRECTION('',(0.999956329018731,-0.008938211291954152,-0.0027291819807490647));
#6246=DIRECTION('',(0.008906423274500776,0.9998948321086994,-0.011445538291009322));
#6247=AXIS2_PLACEMENT_3D('',#680,#6245,#6246);
#6248=PLANE('',#6247);
#6249=FACE_SURFACE('',(#6244),#6248,.T.);
#6250=POLY_LOOP('',(#680,#681,#682));
#6251=FACE_OUTER_BOUND('',#6250,.T.);
#6252=DIRECTION('',(0.9999512783523382,-0.009855428070933916,-0.0005580851753300786));
#6253=DIRECTION('',(0.00929568368198182,0.921121186425505,0.3891649395602776));
#6254=AXIS2_PLACEMENT_3D('',#680,#6252,#6253);
#6255=PLANE('',#6254);
#6256=FACE_SURFACE('',(#6251),#6255,.T.);
#6257=POLY_LOOP('',(#683,#677,#676));
#6258=FACE_OUTER_BOUND('',#6257,.T.);
#6259=DIRECTION('',(0.9999558140879948,-0.009387854810661601,-0.00048790743935931894));
#6260=DIRECTION('',(-0.008100563247931089,-0.8341795880336438,-0.5514334010404942));
#6261=AXIS2_PLACEMENT_3D('',#683,#6259,#6260);
#6262=PLANE('',#6261);
#6263=FACE_SURFACE('',(#6258),#6262,.T.);
#6264=POLY_LOOP('',(#684,#685,#680));
#6265=FACE_OUTER_BOUND('',#6264,.T.);
#6266=DIRECTION('',(0.9999492471778667,-0.010059536459217326,-0.0005556929396931123));
#6267=DIRECTION('',(-0.008733814928994669,-0.8380319204401508,-0.5455512998794693));
#6268=AXIS2_PLACEMENT_3D('',#684,#6266,#6267);
#6269=PLANE('',#6268);
#6270=FACE_SURFACE('',(#6265),#6269,.T.);
#6271=POLY_LOOP('',(#680,#686,#381));
#6272=FACE_OUTER_BOUND('',#6271,.T.);
#6273=DIRECTION('',(0.9999357089696423,-0.011114764849219649,-0.0022449787805497905));
#6274=DIRECTION('',(-0.011088174302279543,-0.9998720638343604,0.0115285885631634));
#6275=AXIS2_PLACEMENT_3D('',#680,#6273,#6274);
#6276=PLANE('',#6275);
#6277=FACE_SURFACE('',(#6272),#6276,.T.);
#6278=POLY_LOOP('',(#381,#686,#687));
#6279=FACE_OUTER_BOUND('',#6278,.T.);
#6280=DIRECTION('',(0.9999459094050432,-0.01032063880071417,-0.0012894490553096581));
#6281=DIRECTION('',(-0.007112898741291614,-0.7690143588148768,0.6391919293983929));
#6282=AXIS2_PLACEMENT_3D('',#381,#6280,#6281);
#6283=PLANE('',#6282);
#6284=FACE_SURFACE('',(#6279),#6283,.T.);
#6285=POLY_LOOP('',(#688,#689,#690));
#6286=FACE_OUTER_BOUND('',#6285,.T.);
#6287=DIRECTION('',(0.9999449082822086,-0.010480534264039611,-0.0005820670288421663));
#6288=DIRECTION('',(0.0018020563844925472,0.11677585596260369,0.9931566603799162));
#6289=AXIS2_PLACEMENT_3D('',#688,#6287,#6288);
#6290=PLANE('',#6289);
#6291=FACE_SURFACE('',(#6286),#6290,.T.);
#6292=POLY_LOOP('',(#691,#689,#692));
#6293=FACE_OUTER_BOUND('',#6292,.T.);
#6294=DIRECTION('',(0.9999453792965374,-0.010433366586984386,-0.0006191002872714357));
#6295=DIRECTION('',(-0.009118317317686581,-0.8997942003776948,0.4362192719905423));
#6296=AXIS2_PLACEMENT_3D('',#691,#6294,#6295);
#6297=PLANE('',#6296);
#6298=FACE_SURFACE('',(#6293),#6297,.T.);
#6299=POLY_LOOP('',(#692,#689,#688));
#6300=FACE_OUTER_BOUND('',#6299,.T.);
#6301=DIRECTION('',(0.999945634663625,-0.010410536227538247,-0.0005902987509204231));
#6302=DIRECTION('',(-0.007791442544195575,-0.7836023561234324,0.6212138447434071));
#6303=AXIS2_PLACEMENT_3D('',#692,#6301,#6302);
#6304=PLANE('',#6303);
#6305=FACE_SURFACE('',(#6300),#6304,.T.);
#6306=POLY_LOOP('',(#692,#688,#693));
#6307=FACE_OUTER_BOUND('',#6306,.T.);
#6308=DIRECTION('',(0.999942681229994,-0.01017954401540097,-0.003318303513722392));
#6309=DIRECTION('',(-0.010423223890729832,-0.9963811032221475,-0.08435670421217246));
#6310=AXIS2_PLACEMENT_3D('',#692,#6308,#6309);
#6311=PLANE('',#6310);
#6312=FACE_SURFACE('',(#6307),#6311,.T.);
#6313=POLY_LOOP('',(#680,#685,#686));
#6314=FACE_OUTER_BOUND('',#6313,.T.);
#6315=DIRECTION('',(0.9999371006332436,-0.011106876762535139,-0.0015595081803780248));
#6316=DIRECTION('',(-0.006559249603228322,-0.691891831033479,0.7219713778217127));
#6317=AXIS2_PLACEMENT_3D('',#680,#6315,#6316);
#6318=PLANE('',#6317);
#6319=FACE_SURFACE('',(#6314),#6318,.T.);
#6320=POLY_LOOP('',(#693,#688,#687));
#6321=FACE_OUTER_BOUND('',#6320,.T.);
#6322=DIRECTION('',(0.9999640775436015,-0.008437059273394292,0.0008121903664457423));
#6323=DIRECTION('',(-0.008089266075760505,-0.9213243891796914,0.38871060401926794));
#6324=AXIS2_PLACEMENT_3D('',#693,#6322,#6323);
#6325=PLANE('',#6324);
#6326=FACE_SURFACE('',(#6321),#6325,.T.);
#6327=POLY_LOOP('',(#680,#694,#695));
#6328=FACE_OUTER_BOUND('',#6327,.T.);
#6329=DIRECTION('',(0.9999506248064144,-0.009923183632703326,-0.0005276133556140131));
#6330=DIRECTION('',(0.00328094554611553,0.27956868167424986,0.9601200902091599));
#6331=AXIS2_PLACEMENT_3D('',#680,#6329,#6330);
#6332=PLANE('',#6331);
#6333=FACE_SURFACE('',(#6328),#6332,.T.);
#6334=POLY_LOOP('',(#682,#696,#680));
#6335=FACE_OUTER_BOUND('',#6334,.T.);
#6336=DIRECTION('',(0.9999512153546783,-0.009862169104018461,-0.0005518435151102544));
#6337=DIRECTION('',(-0.008066864039550186,-0.8476083765000214,0.5305609915849123));
#6338=AXIS2_PLACEMENT_3D('',#682,#6336,#6337);
#6339=PLANE('',#6338);
#6340=FACE_SURFACE('',(#6335),#6339,.T.);
#6341=POLY_LOOP('',(#379,#697,#698));
#6342=FACE_OUTER_BOUND('',#6341,.T.);
#6343=DIRECTION('',(0.9999632031952166,-0.008574396862904465,-0.0002682797036275378));
#6344=DIRECTION('',(-0.0027033033153941446,-0.3446361019248629,0.9387324695573391));
#6345=AXIS2_PLACEMENT_3D('',#379,#6343,#6344);
#6346=PLANE('',#6345);
#6347=FACE_SURFACE('',(#6342),#6346,.T.);
#6348=POLY_LOOP('',(#379,#698,#381));
#6349=FACE_OUTER_BOUND('',#6348,.T.);
#6350=DIRECTION('',(0.9999644812860297,-0.008426140408148682,-0.00019058904480074286));
#6351=DIRECTION('',(-0.003742148854133421,-0.46413086649944674,0.8857587341282198));
#6352=AXIS2_PLACEMENT_3D('',#379,#6350,#6351);
#6353=PLANE('',#6352);
#6354=FACE_SURFACE('',(#6349),#6353,.T.);
#6355=POLY_LOOP('',(#677,#699,#678));
#6356=FACE_OUTER_BOUND('',#6355,.T.);
#6357=DIRECTION('',(0.9999809310358846,-0.004958318808245272,-0.003681390932932643));
#6358=DIRECTION('',(-0.005867858356541839,-0.5770507427527107,-0.8166872158463437));
#6359=AXIS2_PLACEMENT_3D('',#677,#6357,#6358);
#6360=PLANE('',#6359);
#6361=FACE_SURFACE('',(#6356),#6360,.T.);
#6362=POLY_LOOP('',(#700,#701,#676));
#6363=FACE_OUTER_BOUND('',#6362,.T.);
#6364=DIRECTION('',(0.9999568719144731,-0.009276317055906553,-0.00045194346995965003));
#6365=DIRECTION('',(-0.009268378444812302,-0.993628874943894,-0.11231988265100436));
#6366=AXIS2_PLACEMENT_3D('',#700,#6364,#6365);
#6367=PLANE('',#6366);
#6368=FACE_SURFACE('',(#6363),#6367,.T.);
#6369=POLY_LOOP('',(#676,#701,#683));
#6370=FACE_OUTER_BOUND('',#6369,.T.);
#6371=DIRECTION('',(0.9999563416928897,-0.009332655730398931,-0.00046502170986452527));
#6372=DIRECTION('',(-0.0016572857178789372,-0.22610834690030054,0.9741007488273802));
#6373=AXIS2_PLACEMENT_3D('',#676,#6371,#6372);
#6374=PLANE('',#6373);
#6375=FACE_SURFACE('',(#6370),#6374,.T.);
#6376=POLY_LOOP('',(#702,#703,#676));
#6377=FACE_OUTER_BOUND('',#6376,.T.);
#6378=DIRECTION('',(0.9999581321822051,-0.009138010282414118,-0.00048026113155351065));
#6379=DIRECTION('',(-0.0075061569957166644,-0.8491425773639378,0.5281103491836572));
#6380=AXIS2_PLACEMENT_3D('',#702,#6378,#6379);
#6381=PLANE('',#6380);
#6382=FACE_SURFACE('',(#6377),#6381,.T.);
#6383=POLY_LOOP('',(#680,#696,#694));
#6384=FACE_OUTER_BOUND('',#6383,.T.);
#6385=DIRECTION('',(0.9999505601497308,-0.009929799070487405,-0.0005256868451973341));
#6386=DIRECTION('',(0.0040720265137298055,0.36068485998384947,0.9326788570448579));
#6387=AXIS2_PLACEMENT_3D('',#680,#6385,#6386);
#6388=PLANE('',#6387);
#6389=FACE_SURFACE('',(#6384),#6388,.T.);
#6390=POLY_LOOP('',(#676,#703,#704));
#6391=FACE_OUTER_BOUND('',#6390,.T.);
#6392=DIRECTION('',(0.9999576633005479,-0.009190194371074156,-0.0004603628239223535));
#6393=DIRECTION('',(0.0037043684753811255,0.35625549655215477,0.9343812384838301));
#6394=AXIS2_PLACEMENT_3D('',#676,#6392,#6393);
#6395=PLANE('',#6394);
#6396=FACE_SURFACE('',(#6391),#6395,.T.);
#6397=POLY_LOOP('',(#381,#698,#676));
#6398=FACE_OUTER_BOUND('',#6397,.T.);
#6399=DIRECTION('',(0.9999623459723007,-0.008673836426037666,-0.0002668318333449133));
#6400=DIRECTION('',(-0.002296625928481761,-0.2941678995617777,0.955750999150279));
#6401=AXIS2_PLACEMENT_3D('',#381,#6399,#6400);
#6402=PLANE('',#6401);
#6403=FACE_SURFACE('',(#6398),#6402,.T.);
#6404=POLY_LOOP('',(#676,#698,#705));
#6405=FACE_OUTER_BOUND('',#6404,.T.);
#6406=DIRECTION('',(0.9999611764272465,-0.008679812194045101,-0.001518716073912184));
#6407=DIRECTION('',(0.008672461837617851,0.9999509626479655,-0.0047812869692599015));
#6408=AXIS2_PLACEMENT_3D('',#676,#6406,#6407);
#6409=PLANE('',#6408);
#6410=FACE_SURFACE('',(#6405),#6409,.T.);
#6411=POLY_LOOP('',(#676,#705,#702));
#6412=FACE_OUTER_BOUND('',#6411,.T.);
#6413=DIRECTION('',(0.9999582613752929,-0.009123133957484595,-0.0004938968467457777));
#6414=DIRECTION('',(0.008569329905457999,0.9177633231506593,0.3970353249579059));
#6415=AXIS2_PLACEMENT_3D('',#676,#6413,#6414);
#6416=PLANE('',#6415);
#6417=FACE_SURFACE('',(#6412),#6416,.T.);
#6418=POLY_LOOP('',(#685,#706,#686));
#6419=FACE_OUTER_BOUND('',#6418,.T.);
#6420=DIRECTION('',(0.9999787237895311,-0.004874555732960774,-0.004334821180474096));
#6421=DIRECTION('',(-0.006365030180487496,-0.5836900808379726,-0.8119515847155927));
#6422=AXIS2_PLACEMENT_3D('',#685,#6420,#6421);
#6423=PLANE('',#6422);
#6424=FACE_SURFACE('',(#6419),#6423,.T.);
#6425=POLY_LOOP('',(#695,#707,#680));
#6426=FACE_OUTER_BOUND('',#6425,.T.);
#6427=DIRECTION('',(0.9999502484105778,-0.00996102459091588,-0.0005279135561583769));
#6428=DIRECTION('',(-0.009961238366742476,-0.994391447393075,-0.10529208461088761));
#6429=AXIS2_PLACEMENT_3D('',#695,#6427,#6428);
#6430=PLANE('',#6429);
#6431=FACE_SURFACE('',(#6426),#6430,.T.);
#6432=POLY_LOOP('',(#680,#707,#684));
#6433=FACE_OUTER_BOUND('',#6432,.T.);
#6434=DIRECTION('',(0.9999495715959521,-0.010027943984918068,-0.0005427748216959652));
#6435=DIRECTION('',(-0.001644066561955945,-0.21677932053615498,0.9762192495710289));
#6436=AXIS2_PLACEMENT_3D('',#680,#6434,#6435);
#6437=PLANE('',#6436);
#6438=FACE_SURFACE('',(#6433),#6437,.T.);
#6439=POLY_LOOP('',(#676,#704,#700));
#6440=FACE_OUTER_BOUND('',#6439,.T.);
#6441=DIRECTION('',(0.9999573667159656,-0.009222858748958607,-0.0004512504503532156));
#6442=DIRECTION('',(0.002912813259532794,0.2686839169696092,0.9632239969398515));
#6443=AXIS2_PLACEMENT_3D('',#676,#6441,#6442);
#6444=PLANE('',#6443);
#6445=FACE_SURFACE('',(#6440),#6444,.T.);
#6446=POLY_LOOP('',(#708,#697,#379));
#6447=FACE_OUTER_BOUND('',#6446,.T.);
#6448=DIRECTION('',(0.999949579197499,-0.010010308094147935,-0.0007954838808490323));
#6449=DIRECTION('',(-0.004641477812872001,-0.39048997127998086,-0.920595480661008));
#6450=AXIS2_PLACEMENT_3D('',#708,#6448,#6449);
#6451=PLANE('',#6450);
#6452=FACE_SURFACE('',(#6447),#6451,.T.);
#6453=POLY_LOOP('',(#690,#709,#688));
#6454=FACE_OUTER_BOUND('',#6453,.T.);
#6455=DIRECTION('',(0.9999442569197228,-0.01054032057587883,-0.0006202381973006203));
#6456=DIRECTION('',(-0.00987676010575243,-0.9129933264704965,-0.407854919585569));
#6457=AXIS2_PLACEMENT_3D('',#690,#6455,#6456);
#6458=PLANE('',#6457);
#6459=FACE_SURFACE('',(#6454),#6458,.T.);
#6460=POLY_LOOP('',(#688,#710,#687));
#6461=FACE_OUTER_BOUND('',#6460,.T.);
#6462=DIRECTION('',(0.9997356650982577,-0.016869295419747236,-0.015621357258105458));
#6463=DIRECTION('',(-0.009468238270668478,-0.9212379648368658,0.38888425605477983));
#6464=AXIS2_PLACEMENT_3D('',#688,#6462,#6463);
#6465=PLANE('',#6464);
#6466=FACE_SURFACE('',(#6461),#6465,.T.);
#6467=POLY_LOOP('',(#386,#711,#712));
#6468=FACE_OUTER_BOUND('',#6467,.T.);
#6469=DIRECTION('',(0.9999410153752719,-0.010854614464051516,-0.0003783055734753017));
#6470=DIRECTION('',(0.0073707551977210935,0.6525971013627924,0.7576692518907553));
#6471=AXIS2_PLACEMENT_3D('',#386,#6469,#6470);
#6472=PLANE('',#6471);
#6473=FACE_SURFACE('',(#6468),#6472,.T.);
#6474=POLY_LOOP('',(#713,#714,#715));
#6475=FACE_OUTER_BOUND('',#6474,.T.);
#6476=DIRECTION('',(0.9999726705129345,-0.005572158896693009,-0.004858937379748665));
#6477=DIRECTION('',(-0.007274801782468413,-0.6245022106211227,-0.7809891588161494));
#6478=AXIS2_PLACEMENT_3D('',#713,#6476,#6477);
#6479=PLANE('',#6478);
#6480=FACE_SURFACE('',(#6475),#6479,.T.);
#6481=POLY_LOOP('',(#712,#716,#717));
#6482=FACE_OUTER_BOUND('',#6481,.T.);
#6483=DIRECTION('',(0.9997816321299205,-0.016650640682631817,-0.012627122415267793));
#6484=DIRECTION('',(-0.007742727668606948,-0.8564064274763546,0.5162442068880164));
#6485=AXIS2_PLACEMENT_3D('',#712,#6483,#6484);
#6486=PLANE('',#6485);
#6487=FACE_SURFACE('',(#6482),#6486,.T.);
#6488=POLY_LOOP('',(#717,#716,#718));
#6489=FACE_OUTER_BOUND('',#6488,.T.);
#6490=DIRECTION('',(0.9999406964869633,-0.010872210260292203,-0.0006313107178236785));
#6491=DIRECTION('',(0.009520584050028383,0.9008331025700828,-0.43406114752797814));
#6492=AXIS2_PLACEMENT_3D('',#717,#6490,#6491);
#6493=PLANE('',#6492);
#6494=FACE_SURFACE('',(#6489),#6493,.T.);
#6495=POLY_LOOP('',(#717,#718,#719));
#6496=FACE_OUTER_BOUND('',#6495,.T.);
#6497=DIRECTION('',(0.9999406976627571,-0.010872057782483608,-0.0006320738032238459));
#6498=DIRECTION('',(0.010785142580382953,0.9805548513389324,0.1959486264692996));
#6499=AXIS2_PLACEMENT_3D('',#717,#6497,#6498);
#6500=PLANE('',#6499);
#6501=FACE_SURFACE('',(#6496),#6500,.T.);
#6502=POLY_LOOP('',(#720,#718,#721));
#6503=FACE_OUTER_BOUND('',#6502,.T.);
#6504=DIRECTION('',(0.9999407150670074,-0.010870327244868246,-0.0006343003004826333));
#6505=DIRECTION('',(-0.009505169264498932,-0.8998136700458614,0.43617085064897554));
#6506=AXIS2_PLACEMENT_3D('',#720,#6504,#6505);
#6507=PLANE('',#6506);
#6508=FACE_SURFACE('',(#6503),#6507,.T.);
#6509=POLY_LOOP('',(#383,#711,#386));
#6510=FACE_OUTER_BOUND('',#6509,.T.);
#6511=DIRECTION('',(0.9999418755898252,-0.010772357875385068,-0.00044916334106799447));
#6512=DIRECTION('',(-0.0063207221550597974,-0.619451410513257,0.7850095531167597));
#6513=AXIS2_PLACEMENT_3D('',#383,#6511,#6512);
#6514=PLANE('',#6513);
#6515=FACE_SURFACE('',(#6510),#6514,.T.);
#6516=POLY_LOOP('',(#721,#718,#716));
#6517=FACE_OUTER_BOUND('',#6516,.T.);
#6518=DIRECTION('',(0.9999407406321921,-0.010868136263793229,-0.0006315362972049666));
#6519=DIRECTION('',(-0.008124379392128579,-0.7835952545025393,0.6212185376987661));
#6520=AXIS2_PLACEMENT_3D('',#721,#6518,#6519);
#6521=PLANE('',#6520);
#6522=FACE_SURFACE('',(#6517),#6521,.T.);
#6523=POLY_LOOP('',(#722,#716,#712));
#6524=FACE_OUTER_BOUND('',#6523,.T.);
#6525=DIRECTION('',(0.9999630553594483,-0.008558522755226415,0.0007997527401355592));
#6526=DIRECTION('',(-0.008057974909833857,-0.90093621796792,0.4338767108223408));
#6527=AXIS2_PLACEMENT_3D('',#722,#6525,#6526);
#6528=PLANE('',#6527);
#6529=FACE_SURFACE('',(#6524),#6528,.T.);
#6530=POLY_LOOP('',(#717,#713,#712));
#6531=FACE_OUTER_BOUND('',#6530,.T.);
#6532=DIRECTION('',(0.9999449202550921,-0.010431613714555907,-0.0011566725326733432));
#6533=DIRECTION('',(-0.008831075101913485,-0.7766857614409706,-0.629826357091702));
#6534=AXIS2_PLACEMENT_3D('',#717,#6532,#6533);
#6535=PLANE('',#6534);
#6536=FACE_SURFACE('',(#6531),#6535,.T.);
#6537=POLY_LOOP('',(#712,#713,#715));
#6538=FACE_OUTER_BOUND('',#6537,.T.);
#6539=DIRECTION('',(0.9999375181970274,-0.010954477100498754,-0.0022269111846525513));
#6540=DIRECTION('',(-0.008864951214461864,-0.8984455495795691,0.43899545223228814));
#6541=AXIS2_PLACEMENT_3D('',#712,#6539,#6540);
#6542=PLANE('',#6541);
#6543=FACE_SURFACE('',(#6538),#6542,.T.);
#6544=POLY_LOOP('',(#712,#715,#386));
#6545=FACE_OUTER_BOUND('',#6544,.T.);
#6546=DIRECTION('',(0.9999409806161693,-0.010857894426343294,-0.0003760491992231103));
#6547=DIRECTION('',(-0.010823530654097713,-0.9985817152340393,0.052128775013650805));
#6548=AXIS2_PLACEMENT_3D('',#712,#6546,#6547);
#6549=PLANE('',#6548);
#6550=FACE_SURFACE('',(#6545),#6549,.T.);
#6551=POLY_LOOP('',(#386,#715,#411));
#6552=FACE_OUTER_BOUND('',#6551,.T.);
#6553=DIRECTION('',(0.9999415397120334,-0.010805752775287215,-0.0003909799067956814));
#6554=DIRECTION('',(0.003350359101432945,0.2752504364422216,0.9613667210447104));
#6555=AXIS2_PLACEMENT_3D('',#386,#6553,#6554);
#6556=PLANE('',#6555);
#6557=FACE_SURFACE('',(#6552),#6556,.T.);
#6558=POLY_LOOP('',(#386,#411,#410));
#6559=FACE_OUTER_BOUND('',#6558,.T.);
#6560=DIRECTION('',(0.9999581023164016,-0.009134539221860668,-0.0005948150850540949));
#6561=DIRECTION('',(0.0016962871371986046,0.1210544026178789,0.9926444248656094));
#6562=AXIS2_PLACEMENT_3D('',#386,#6560,#6561);
#6563=PLANE('',#6562);
#6564=FACE_SURFACE('',(#6559),#6563,.T.);
#6565=POLY_LOOP('',(#721,#716,#722));
#6566=FACE_OUTER_BOUND('',#6565,.T.);
#6567=DIRECTION('',(0.999935482882732,-0.010733650317442242,-0.00371736774349556));
#6568=DIRECTION('',(-0.010885324210561612,-0.998993281969081,-0.04351933245668085));
#6569=AXIS2_PLACEMENT_3D('',#721,#6567,#6568);
#6570=PLANE('',#6569);
#6571=FACE_SURFACE('',(#6566),#6570,.T.);
#6572=POLY_LOOP('',(#688,#709,#710));
#6573=FACE_OUTER_BOUND('',#6572,.T.);
#6574=DIRECTION('',(0.9999443251375681,-0.010534470897606016,-0.000609547439495932));
#6575=DIRECTION('',(-0.008948756239343216,-0.8772024351559087,0.4800372980491336));
#6576=AXIS2_PLACEMENT_3D('',#688,#6574,#6575);
#6577=PLANE('',#6576);
#6578=FACE_SURFACE('',(#6573),#6577,.T.);
#6579=POLY_LOOP('',(#383,#723,#711));
#6580=FACE_OUTER_BOUND('',#6579,.T.);
#6581=DIRECTION('',(0.9999416094631914,-0.010796232469747691,-0.00046800493759015596));
#6582=DIRECTION('',(-0.0038033306009444836,-0.3921391434380297,0.9198980524275656));
#6583=AXIS2_PLACEMENT_3D('',#383,#6581,#6582);
#6584=PLANE('',#6583);
#6585=FACE_SURFACE('',(#6580),#6584,.T.);
#6586=POLY_LOOP('',(#723,#724,#725));
#6587=FACE_OUTER_BOUND('',#6586,.T.);
#6588=DIRECTION('',(0.9999472437887689,-0.010240262678939396,-0.000804151422554724));
#6589=DIRECTION('',(-0.009650020928539116,-0.9633596604608652,0.2680392540147905));
#6590=AXIS2_PLACEMENT_3D('',#723,#6588,#6589);
#6591=PLANE('',#6590);
#6592=FACE_SURFACE('',(#6587),#6591,.T.);
#6593=POLY_LOOP('',(#687,#710,#726));
#6594=FACE_OUTER_BOUND('',#6593,.T.);
#6595=DIRECTION('',(0.9999489980774672,-0.01004690976626886,-0.0010299747657074386));
#6596=DIRECTION('',(-0.008664486285472403,-0.9057892434987895,0.42363990963942405));
#6597=AXIS2_PLACEMENT_3D('',#687,#6595,#6596);
#6598=PLANE('',#6597);
#6599=FACE_SURFACE('',(#6594),#6598,.T.);
#6600=POLY_LOOP('',(#726,#727,#687));
#6601=FACE_OUTER_BOUND('',#6600,.T.);
#6602=DIRECTION('',(0.9999498578866024,-0.009982549448820556,-0.0007939893357228659));
#6603=DIRECTION('',(-0.0035766910093187228,-0.28196648022883314,-0.9594175896390409));
#6604=AXIS2_PLACEMENT_3D('',#726,#6602,#6603);
#6605=PLANE('',#6604);
#6606=FACE_SURFACE('',(#6601),#6605,.T.);
#6607=POLY_LOOP('',(#687,#727,#728));
#6608=FACE_OUTER_BOUND('',#6607,.T.);
#6609=DIRECTION('',(0.99924864667386,-0.011699843077952314,-0.03694936795684811));
#6610=DIRECTION('',(-0.009933401961748491,-0.998815463827398,0.04763398728561645));
#6611=AXIS2_PLACEMENT_3D('',#687,#6609,#6610);
#6612=PLANE('',#6611);
#6613=FACE_SURFACE('',(#6608),#6612,.T.);
#6614=POLY_LOOP('',(#687,#728,#381));
#6615=FACE_OUTER_BOUND('',#6614,.T.);
#6616=DIRECTION('',(0.9999429921784035,-0.010555893919728028,-0.001607948026697519));
#6617=DIRECTION('',(-0.01049796684498183,-0.9994147843887705,0.03255582032861455));
#6618=AXIS2_PLACEMENT_3D('',#687,#6616,#6617);
#6619=PLANE('',#6618);
#6620=FACE_SURFACE('',(#6615),#6619,.T.);
#6621=POLY_LOOP('',(#381,#728,#383));
#6622=FACE_OUTER_BOUND('',#6621,.T.);
#6623=DIRECTION('',(0.9999529098440826,-0.00970328758245489,-0.00015589882650537032));
#6624=DIRECTION('',(-0.008288393126183007,-0.8622793541631947,0.5063651033822233));
#6625=AXIS2_PLACEMENT_3D('',#381,#6623,#6624);
#6626=PLANE('',#6625);
#6627=FACE_SURFACE('',(#6622),#6626,.T.);
#6628=POLY_LOOP('',(#729,#730,#731));
#6629=FACE_OUTER_BOUND('',#6628,.T.);
#6630=DIRECTION('',(0.9999416508135187,-0.010784836874556185,-0.0006182733412472484));
#6631=DIRECTION('',(0.0018336946179526464,0.11305495444874535,0.9935870444196825));
#6632=AXIS2_PLACEMENT_3D('',#729,#6630,#6631);
#6633=PLANE('',#6632);
#6634=FACE_SURFACE('',(#6629),#6633,.T.);
#6635=POLY_LOOP('',(#728,#723,#383));
#6636=FACE_OUTER_BOUND('',#6635,.T.);
#6637=DIRECTION('',(0.9999428154514648,-0.010685907138225403,-0.00042096986923601567));
#6638=DIRECTION('',(-0.01066259115198194,-0.9992390424176453,0.037518598830354986));
#6639=AXIS2_PLACEMENT_3D('',#728,#6637,#6638);
#6640=PLANE('',#6639);
#6641=FACE_SURFACE('',(#6636),#6640,.T.);
#6642=POLY_LOOP('',(#732,#730,#733));
#6643=FACE_OUTER_BOUND('',#6642,.T.);
#6644=DIRECTION('',(0.9999418180552339,-0.010767820863937013,-0.000643846437914062));
#6645=DIRECTION('',(-0.009408800440611957,-0.8998177211222009,0.43616458273078285));
#6646=AXIS2_PLACEMENT_3D('',#732,#6644,#6645);
#6647=PLANE('',#6646);
#6648=FACE_SURFACE('',(#6643),#6647,.T.);
#6649=POLY_LOOP('',(#733,#729,#734));
#6650=FACE_OUTER_BOUND('',#6649,.T.);
#6651=DIRECTION('',(0.9999384266257237,-0.010510859307252065,-0.0035587629726273906));
#6652=DIRECTION('',(-0.010765612496912503,-0.9966264454213074,-0.08136233695301587));
#6653=AXIS2_PLACEMENT_3D('',#733,#6651,#6652);
#6654=PLANE('',#6653);
#6655=FACE_SURFACE('',(#6650),#6654,.T.);
#6656=POLY_LOOP('',(#734,#729,#723));
#6657=FACE_OUTER_BOUND('',#6656,.T.);
#6658=DIRECTION('',(0.9999623327298418,-0.008639426653669529,0.0008327235968571129));
#6659=DIRECTION('',(-0.008274215049229065,-0.9199018589775186,0.39206135644185175));
#6660=AXIS2_PLACEMENT_3D('',#734,#6658,#6659);
#6661=PLANE('',#6660);
#6662=FACE_SURFACE('',(#6657),#6661,.T.);
#6663=POLY_LOOP('',(#731,#735,#729));
#6664=FACE_OUTER_BOUND('',#6663,.T.);
#6665=DIRECTION('',(0.9999414510026925,-0.01080268182645689,-0.0006297872546620492));
#6666=DIRECTION('',(-0.010119774948869835,-0.9129452009267679,-0.407956676939804));
#6667=AXIS2_PLACEMENT_3D('',#731,#6665,#6666);
#6668=PLANE('',#6667);
#6669=FACE_SURFACE('',(#6664),#6668,.T.);
#6670=POLY_LOOP('',(#729,#735,#736));
#6671=FACE_OUTER_BOUND('',#6670,.T.);
#6672=DIRECTION('',(0.9999413637245276,-0.010809966629585343,-0.000643221734337767));
#6673=DIRECTION('',(-0.009196048036910764,-0.8790161077335852,0.47670338266620377));
#6674=AXIS2_PLACEMENT_3D('',#729,#6672,#6673);
#6675=PLANE('',#6674);
#6676=FACE_SURFACE('',(#6671),#6675,.T.);
#6677=POLY_LOOP('',(#729,#736,#723));
#6678=FACE_OUTER_BOUND('',#6677,.T.);
#6679=DIRECTION('',(0.9997651865818599,-0.01651536339344634,-0.014029058091027178));
#6680=DIRECTION('',(-0.009691692508054454,-0.9198350772488797,0.39218554506620573));
#6681=AXIS2_PLACEMENT_3D('',#729,#6679,#6680);
#6682=PLANE('',#6681);
#6683=FACE_SURFACE('',(#6678),#6682,.T.);
#6684=POLY_LOOP('',(#723,#736,#724));
#6685=FACE_OUTER_BOUND('',#6684,.T.);
#6686=DIRECTION('',(0.9999463436034178,-0.010306489055377838,-0.0010422079958775556));
#6687=DIRECTION('',(-0.00884845073655234,-0.9021110976344106,0.43141311111787234));
#6688=AXIS2_PLACEMENT_3D('',#723,#6686,#6687);
#6689=PLANE('',#6688);
#6690=FACE_SURFACE('',(#6685),#6689,.T.);
#6691=POLY_LOOP('',(#733,#730,#729));
#6692=FACE_OUTER_BOUND('',#6691,.T.);
#6693=DIRECTION('',(0.999942016694511,-0.010750635276067063,-0.0006221656334173089));
#6694=DIRECTION('',(-0.008038214997629493,-0.7836042400774311,0.6212083241814484));
#6695=AXIS2_PLACEMENT_3D('',#733,#6693,#6694);
#6696=PLANE('',#6695);
#6697=FACE_SURFACE('',(#6692),#6696,.T.);
#6698=POLY_LOOP('',(#590,#674,#599));
#6699=FACE_OUTER_BOUND('',#6698,.T.);
#6700=DIRECTION('',(0.999984985982085,0.005351107900545627,0.0011804467992515438));
#6701=DIRECTION('',(-0.0022175702762520584,0.19818469114899107,0.9801621858530603));
#6702=AXIS2_PLACEMENT_3D('',#590,#6700,#6701);
#6703=PLANE('',#6702);
#6704=FACE_SURFACE('',(#6699),#6703,.T.);
#6705=POLY_LOOP('',(#379,#737,#708));
#6706=FACE_OUTER_BOUND('',#6705,.T.);
#6707=DIRECTION('',(0.9999638012857545,-0.008499972445998188,-0.00038286624473810336));
#6708=DIRECTION('',(-0.001406684010430151,-0.20953010951719472,0.9778011834958102));
#6709=AXIS2_PLACEMENT_3D('',#379,#6707,#6708);
#6710=PLANE('',#6709);
#6711=FACE_SURFACE('',(#6706),#6710,.T.);
#6712=POLY_LOOP('',(#738,#739,#379));
#6713=FACE_OUTER_BOUND('',#6712,.T.);
#6714=DIRECTION('',(0.9999650840360338,-0.008349042247326749,-0.00035242355244162796));
#6715=DIRECTION('',(-0.008331328748399888,-0.9927993189160941,-0.11949937791062239));
#6716=AXIS2_PLACEMENT_3D('',#738,#6714,#6715);
#6717=PLANE('',#6716);
#6718=FACE_SURFACE('',(#6713),#6717,.T.);
#6719=POLY_LOOP('',(#740,#741,#742));
#6720=FACE_OUTER_BOUND('',#6719,.T.);
#6721=DIRECTION('',(0.9999968233873333,-0.002501898464043183,0.0003061361104285529));
#6722=DIRECTION('',(-0.0023667145919992255,-0.9737926079267213,-0.22742549419384556));
#6723=AXIS2_PLACEMENT_3D('',#740,#6721,#6722);
#6724=PLANE('',#6723);
#6725=FACE_SURFACE('',(#6720),#6724,.T.);
#6726=POLY_LOOP('',(#742,#741,#743));
#6727=FACE_OUTER_BOUND('',#6726,.T.);
#6728=DIRECTION('',(0.9999963504862625,-0.002689738046023324,0.00025362058234877085));
#6729=DIRECTION('',(-0.0009684679638600682,-0.26924928560743405,0.9630700308231429));
#6730=AXIS2_PLACEMENT_3D('',#742,#6728,#6729);
#6731=PLANE('',#6730);
#6732=FACE_SURFACE('',(#6727),#6731,.T.);
#6733=POLY_LOOP('',(#743,#744,#742));
#6734=FACE_OUTER_BOUND('',#6733,.T.);
#6735=DIRECTION('',(0.999995975108857,-0.002833029535967903,0.0001539796563798475));
#6736=DIRECTION('',(-0.0020708331650856524,-0.7659032191706873,-0.6429525414165347));
#6737=AXIS2_PLACEMENT_3D('',#743,#6735,#6736);
#6738=PLANE('',#6737);
#6739=FACE_SURFACE('',(#6734),#6738,.T.);
#6740=POLY_LOOP('',(#742,#744,#745));
#6741=FACE_OUTER_BOUND('',#6740,.T.);
#6742=DIRECTION('',(0.99999581050674,-0.0028930590744114123,9.580271666048234e-05));
#6743=DIRECTION('',(-0.0020821850080033986,-0.6959346850722592,0.7181020669925464));
#6744=AXIS2_PLACEMENT_3D('',#742,#6742,#6743);
#6745=PLANE('',#6744);
#6746=FACE_SURFACE('',(#6741),#6745,.T.);
#6747=POLY_LOOP('',(#742,#745,#746));
#6748=FACE_OUTER_BOUND('',#6747,.T.);
#6749=DIRECTION('',(0.9999957728626894,-0.002906664621972345,7.454883029835639e-05));
#6750=DIRECTION('',(-0.0024882298979037026,-0.8422117284861012,0.5391411810578274));
#6751=AXIS2_PLACEMENT_3D('',#742,#6749,#6750);
#6752=PLANE('',#6751);
#6753=FACE_SURFACE('',(#6748),#6752,.T.);
#6754=POLY_LOOP('',(#747,#740,#748));
#6755=FACE_OUTER_BOUND('',#6754,.T.);
#6756=DIRECTION('',(0.9999973317636975,-0.002250903070644286,-0.0005195198281073956));
#6757=DIRECTION('',(-0.0022463664781190626,-0.9999607224876276,0.008573640980804877));
#6758=AXIS2_PLACEMENT_3D('',#747,#6756,#6757);
#6759=PLANE('',#6758);
#6760=FACE_SURFACE('',(#6755),#6759,.T.);
#6761=POLY_LOOP('',(#416,#749,#742));
#6762=FACE_OUTER_BOUND('',#6761,.T.);
#6763=DIRECTION('',(0.9999958044487989,-0.002709575653178561,-0.0010243459276957204));
#6764=DIRECTION('',(-0.0003583056220679237,-0.4666054462463812,0.8844655047825759));
#6765=AXIS2_PLACEMENT_3D('',#416,#6763,#6764);
#6766=PLANE('',#6765);
#6767=FACE_SURFACE('',(#6762),#6766,.T.);
#6768=POLY_LOOP('',(#748,#740,#742));
#6769=FACE_OUTER_BOUND('',#6768,.T.);
#6770=DIRECTION('',(0.9999978332348317,-0.002041866353849379,0.00040534853466529737));
#6771=DIRECTION('',(-0.0020809915553593166,-0.9753943354683904,0.22045761454375715));
#6772=AXIS2_PLACEMENT_3D('',#748,#6770,#6771);
#6773=PLANE('',#6772);
#6774=FACE_SURFACE('',(#6769),#6773,.T.);
#6775=POLY_LOOP('',(#750,#742,#749));
#6776=FACE_OUTER_BOUND('',#6775,.T.);
#6777=DIRECTION('',(0.9999934676974426,-0.0028208695261783536,0.002259924237718309));
#6778=DIRECTION('',(-0.0014825075933011997,-0.8903254329473432,-0.45532233156123764));
#6779=AXIS2_PLACEMENT_3D('',#750,#6777,#6778);
#6780=PLANE('',#6779);
#6781=FACE_SURFACE('',(#6776),#6780,.T.);
#6782=POLY_LOOP('',(#746,#751,#742));
#6783=FACE_OUTER_BOUND('',#6782,.T.);
#6784=DIRECTION('',(0.999995809272785,-0.0028926136156907406,0.00011926163885347818));
#6785=DIRECTION('',(-0.0005183900422353613,-0.2194357104364662,-0.9756268242811937));
#6786=AXIS2_PLACEMENT_3D('',#746,#6784,#6785);
#6787=PLANE('',#6786);
#6788=FACE_SURFACE('',(#6783),#6787,.T.);
#6789=POLY_LOOP('',(#742,#751,#752));
#6790=FACE_OUTER_BOUND('',#6789,.T.);
#6791=DIRECTION('',(0.9999952498543361,-0.002686132549632847,0.0015116086431461733));
#6792=DIRECTION('',(-0.0028788168932342632,-0.9891781568342534,0.1466911260277343));
#6793=AXIS2_PLACEMENT_3D('',#742,#6791,#6792);
#6794=PLANE('',#6793);
#6795=FACE_SURFACE('',(#6790),#6794,.T.);
#6796=POLY_LOOP('',(#742,#752,#416));
#6797=FACE_OUTER_BOUND('',#6796,.T.);
#6798=DIRECTION('',(0.999996163830464,-0.002602870636719757,-0.0009473060774952226));
#6799=DIRECTION('',(-0.0026334401139884566,-0.9994237019497603,-0.03384270932125318));
#6800=AXIS2_PLACEMENT_3D('',#742,#6798,#6799);
#6801=PLANE('',#6800);
#6802=FACE_SURFACE('',(#6797),#6801,.T.);
#6803=POLY_LOOP('',(#416,#752,#753));
#6804=FACE_OUTER_BOUND('',#6803,.T.);
#6805=DIRECTION('',(0.9999898780406238,-0.0039387585928686054,-0.0021748556378172836));
#6806=DIRECTION('',(-0.0010636105799142414,-0.6766152730292463,0.7363359566367058));
#6807=AXIS2_PLACEMENT_3D('',#416,#6805,#6806);
#6808=PLANE('',#6807);
#6809=FACE_SURFACE('',(#6804),#6808,.T.);
#6810=POLY_LOOP('',(#754,#755,#756));
#6811=FACE_OUTER_BOUND('',#6810,.T.);
#6812=DIRECTION('',(0.9999836042969553,-0.0055852922007476845,-0.001263189733412037));
#6813=DIRECTION('',(-0.0016009638736958387,-0.060890897162262064,-0.9981431438212908));
#6814=AXIS2_PLACEMENT_3D('',#754,#6812,#6813);
#6815=PLANE('',#6814);
#6816=FACE_SURFACE('',(#6811),#6815,.T.);
#6817=POLY_LOOP('',(#748,#742,#750));
#6818=FACE_OUTER_BOUND('',#6817,.T.);
#6819=DIRECTION('',(0.9999984300864766,-0.0017618357926586653,0.00018910108953637208));
#6820=DIRECTION('',(-0.0009271638287395722,-0.6111985554307489,-0.7914767628974336));
#6821=AXIS2_PLACEMENT_3D('',#748,#6819,#6820);
#6822=PLANE('',#6821);
#6823=FACE_SURFACE('',(#6818),#6822,.T.);
#6824=POLY_LOOP('',(#757,#756,#758));
#6825=FACE_OUTER_BOUND('',#6824,.T.);
#6826=DIRECTION('',(0.9999856427728026,-0.005357729103244689,-9.480042825578897e-05));
#6827=DIRECTION('',(0.0036331793113502176,0.6909013302513168,-0.7229399365542427));
#6828=AXIS2_PLACEMENT_3D('',#757,#6826,#6827);
#6829=PLANE('',#6828);
#6830=FACE_SURFACE('',(#6825),#6829,.T.);
#6831=POLY_LOOP('',(#416,#759,#749));
#6832=FACE_OUTER_BOUND('',#6831,.T.);
#6833=DIRECTION('',(0.9999997981265765,-0.0006313117924007542,7.205711107687733e-05));
#6834=DIRECTION('',(-0.00028461952773445385,-0.3436508289335061,0.9390974532842896));
#6835=AXIS2_PLACEMENT_3D('',#416,#6833,#6834);
#6836=PLANE('',#6835);
#6837=FACE_SURFACE('',(#6832),#6836,.T.);
#6838=POLY_LOOP('',(#393,#760,#759));
#6839=FACE_OUTER_BOUND('',#6838,.T.);
#6840=DIRECTION('',(0.9999905077565269,0.0013453603754533566,-0.004144201045262751));
#6841=DIRECTION('',(0.0035930767188952877,-0.7926344761777184,0.6096865399319276));
#6842=AXIS2_PLACEMENT_3D('',#393,#6840,#6841);
#6843=PLANE('',#6842);
#6844=FACE_SURFACE('',(#6839),#6843,.T.);
#6845=POLY_LOOP('',(#590,#675,#761));
#6846=FACE_OUTER_BOUND('',#6845,.T.);
#6847=DIRECTION('',(0.9999701717514131,0.005568033823625127,0.005352812979009269));
#6848=DIRECTION('',(0.0038489537240330557,-0.960090771571586,0.27966211023001797));
#6849=AXIS2_PLACEMENT_3D('',#590,#6847,#6848);
#6850=PLANE('',#6849);
#6851=FACE_SURFACE('',(#6846),#6850,.T.);
#6852=POLY_LOOP('',(#590,#761,#393));
#6853=FACE_OUTER_BOUND('',#6852,.T.);
#6854=DIRECTION('',(0.9999828772539222,0.005851326869296537,8.469259359150595e-05));
#6855=DIRECTION('',(0.0058474360511973885,-0.9985409386354421,-0.05368241202365296));
#6856=AXIS2_PLACEMENT_3D('',#590,#6854,#6855);
#6857=PLANE('',#6856);
#6858=FACE_SURFACE('',(#6853),#6857,.T.);
#6859=POLY_LOOP('',(#393,#761,#762));
#6860=FACE_OUTER_BOUND('',#6859,.T.);
#6861=DIRECTION('',(0.9999923906820168,0.00280334155629408,-0.002712905118726982));
#6862=DIRECTION('',(0.0038942635246348783,-0.6761870654296126,0.7367196802429603));
#6863=AXIS2_PLACEMENT_3D('',#393,#6861,#6862);
#6864=PLANE('',#6863);
#6865=FACE_SURFACE('',(#6860),#6864,.T.);
#6866=POLY_LOOP('',(#763,#759,#764));
#6867=FACE_OUTER_BOUND('',#6866,.T.);
#6868=DIRECTION('',(0.999985839994369,-0.00420359188687627,0.003263376473059899));
#6869=DIRECTION('',(0.0025112492433361157,-0.16790892668013038,-0.9857993132318384));
#6870=AXIS2_PLACEMENT_3D('',#763,#6868,#6869);
#6871=PLANE('',#6870);
#6872=FACE_SURFACE('',(#6867),#6871,.T.);
#6873=POLY_LOOP('',(#764,#759,#760));
#6874=FACE_OUTER_BOUND('',#6873,.T.);
#6875=DIRECTION('',(0.9999986092284477,0.001117375662002808,0.001238148941074248));
#6876=DIRECTION('',(0.001554638798028226,-0.35572086523713703,-0.9345909528414826));
#6877=AXIS2_PLACEMENT_3D('',#764,#6875,#6876);
#6878=PLANE('',#6877);
#6879=FACE_SURFACE('',(#6874),#6878,.T.);
#6880=POLY_LOOP('',(#764,#760,#765));
#6881=FACE_OUTER_BOUND('',#6880,.T.);
#6882=DIRECTION('',(0.9999997639147353,0.00043579949906816424,0.000531271371953832));
#6883=DIRECTION('',(5.503853493726942e-05,0.7198727219509852,-0.6941060878292592));
#6884=AXIS2_PLACEMENT_3D('',#764,#6882,#6883);
#6885=PLANE('',#6884);
#6886=FACE_SURFACE('',(#6881),#6885,.T.);
#6887=POLY_LOOP('',(#393,#759,#416));
#6888=FACE_OUTER_BOUND('',#6887,.T.);
#6889=DIRECTION('',(0.9999811959804302,0.005655011678107608,0.0023724519950105304));
#6890=DIRECTION('',(0.0034081876771495587,-0.8340923560682345,0.5516142907913998));
#6891=AXIS2_PLACEMENT_3D('',#393,#6889,#6890);
#6892=PLANE('',#6891);
#6893=FACE_SURFACE('',(#6888),#6892,.T.);
#6894=POLY_LOOP('',(#765,#760,#766));
#6895=FACE_OUTER_BOUND('',#6894,.T.);
#6896=DIRECTION('',(0.9999995779232037,0.0006646868698499358,0.0006343065344389686));
#6897=DIRECTION('',(0.00030556083816408314,0.4104836187263637,-0.9118679210224929));
#6898=AXIS2_PLACEMENT_3D('',#765,#6896,#6897);
#6899=PLANE('',#6898);
#6900=FACE_SURFACE('',(#6895),#6899,.T.);
#6901=POLY_LOOP('',(#760,#767,#768));
#6902=FACE_OUTER_BOUND('',#6901,.T.);
#6903=DIRECTION('',(0.9999990046471925,0.0012158890527236052,0.0007157642319466581));
#6904=DIRECTION('',(-0.0009478865194444296,0.20318671953069947,0.9791395500731748));
#6905=AXIS2_PLACEMENT_3D('',#760,#6903,#6904);
#6906=PLANE('',#6905);
#6907=FACE_SURFACE('',(#6902),#6906,.T.);
#6908=POLY_LOOP('',(#760,#768,#766));
#6909=FACE_OUTER_BOUND('',#6908,.T.);
#6910=DIRECTION('',(0.9999993511144536,0.0008962811396911386,0.0007031719493893699));
#6911=DIRECTION('',(-0.0006673410903765241,-0.039369327227860004,0.9992245046682426));
#6912=AXIS2_PLACEMENT_3D('',#760,#6910,#6911);
#6913=PLANE('',#6912);
#6914=FACE_SURFACE('',(#6909),#6913,.T.);
#6915=POLY_LOOP('',(#762,#769,#760));
#6916=FACE_OUTER_BOUND('',#6915,.T.);
#6917=DIRECTION('',(0.9999933444690179,0.00020527308369643207,0.0036426474752856894));
#6918=DIRECTION('',(-0.0034761497912312745,-0.24957255341993761,0.9683498628915488));
#6919=AXIS2_PLACEMENT_3D('',#762,#6917,#6918);
#6920=PLANE('',#6919);
#6921=FACE_SURFACE('',(#6916),#6920,.T.);
#6922=POLY_LOOP('',(#760,#769,#770));
#6923=FACE_OUTER_BOUND('',#6922,.T.);
#6924=DIRECTION('',(0.9999984042900467,0.0017010240052392016,0.0005458339434452647));
#6925=DIRECTION('',(-0.0017691135297793073,0.9004673852815357,0.43491994468126316));
#6926=AXIS2_PLACEMENT_3D('',#760,#6924,#6925);
#6927=PLANE('',#6926);
#6928=FACE_SURFACE('',(#6923),#6927,.T.);
#6929=POLY_LOOP('',(#760,#770,#771));
#6930=FACE_OUTER_BOUND('',#6929,.T.);
#6931=DIRECTION('',(0.9999984708066666,0.0016440896642984282,0.0005961153447657221));
#6932=DIRECTION('',(-0.001535128648143007,0.661954494063193,0.7495424545478233));
#6933=AXIS2_PLACEMENT_3D('',#760,#6931,#6932);
#6934=PLANE('',#6933);
#6935=FACE_SURFACE('',(#6930),#6934,.T.);
#6936=POLY_LOOP('',(#762,#760,#393));
#6937=FACE_OUTER_BOUND('',#6936,.T.);
#6938=DIRECTION('',(0.9999866092479502,0.0005772517768297809,-0.005142772129258092));
#6939=DIRECTION('',(0.00035918600202089143,-0.9991047700909291,-0.04230282930215786));
#6940=AXIS2_PLACEMENT_3D('',#762,#6938,#6939);
#6941=PLANE('',#6940);
#6942=FACE_SURFACE('',(#6937),#6941,.T.);
#6943=POLY_LOOP('',(#771,#767,#760));
#6944=FACE_OUTER_BOUND('',#6943,.T.);
#6945=DIRECTION('',(0.9999987401200408,0.0014393283901385882,0.0006693968303624899));
#6946=DIRECTION('',(0.0012122959621087548,-0.964715159779668,0.263292975276193));
#6947=AXIS2_PLACEMENT_3D('',#771,#6945,#6946);
#6948=PLANE('',#6947);
#6949=FACE_SURFACE('',(#6944),#6948,.T.);
#6950=POLY_LOOP('',(#379,#739,#737));
#6951=FACE_OUTER_BOUND('',#6950,.T.);
#6952=DIRECTION('',(0.9999644633880885,-0.008422459148126872,-0.0003662551979988132));
#6953=DIRECTION('',(-0.0011993828028389773,-0.18513166941082954,0.9827129929242066));
#6954=AXIS2_PLACEMENT_3D('',#379,#6952,#6953);
#6955=PLANE('',#6954);
#6956=FACE_SURFACE('',(#6951),#6955,.T.);
#6957=POLY_LOOP('',(#758,#756,#772));
#6958=FACE_OUTER_BOUND('',#6957,.T.);
#6959=DIRECTION('',(0.9999861568016767,-0.0052617009575700304,-2.660912069393888e-05));
#6960=DIRECTION('',(0.003024726139260661,0.5789724297461454,-0.8153415092006705));
#6961=AXIS2_PLACEMENT_3D('',#758,#6959,#6960);
#6962=PLANE('',#6961);
#6963=FACE_SURFACE('',(#6958),#6962,.T.);
#6964=POLY_LOOP('',(#756,#773,#774));
#6965=FACE_OUTER_BOUND('',#6964,.T.);
#6966=DIRECTION('',(0.999985270085184,-0.005425137883964875,-0.00016580591467575608));
#6967=DIRECTION('',(-0.004476301059161917,-0.8415978884207637,0.54008606437728));
#6968=AXIS2_PLACEMENT_3D('',#756,#6966,#6967);
#6969=PLANE('',#6968);
#6970=FACE_SURFACE('',(#6965),#6969,.T.);
#6971=POLY_LOOP('',(#775,#776,#777));
#6972=FACE_OUTER_BOUND('',#6971,.T.);
#6973=DIRECTION('',(0.999977747465134,-0.006666445910169435,-0.0002511443480275529));
#6974=DIRECTION('',(-0.004303024686718687,-0.6157779343553726,-0.7879080019517354));
#6975=AXIS2_PLACEMENT_3D('',#775,#6973,#6974);
#6976=PLANE('',#6975);
#6977=FACE_SURFACE('',(#6972),#6976,.T.);
#6978=POLY_LOOP('',(#777,#776,#778));
#6979=FACE_OUTER_BOUND('',#6978,.T.);
#6980=DIRECTION('',(0.99997791554713,-0.006640226342365532,-0.0002753400420109128));
#6981=DIRECTION('',(-0.00470552698327696,-0.6781506021874717,-0.7349078981536251));
#6982=AXIS2_PLACEMENT_3D('',#777,#6980,#6981);
#6983=PLANE('',#6982);
#6984=FACE_SURFACE('',(#6979),#6983,.T.);
#6985=POLY_LOOP('',(#779,#379,#780));
#6986=FACE_OUTER_BOUND('',#6985,.T.);
#6987=DIRECTION('',(0.9999713007048469,-0.007572158547304689,-0.0002453193657923729));
#6988=DIRECTION('',(-0.0003209886340835822,-0.009993493747903651,-0.9999500122751174));
#6989=AXIS2_PLACEMENT_3D('',#779,#6987,#6988);
#6990=PLANE('',#6989);
#6991=FACE_SURFACE('',(#6986),#6990,.T.);
#6992=POLY_LOOP('',(#780,#379,#378));
#6993=FACE_OUTER_BOUND('',#6992,.T.);
#6994=DIRECTION('',(0.9999771247038586,-0.006752986972285126,-0.000383713377362321));
#6995=DIRECTION('',(-0.001503249795123273,-0.16657269839315428,-0.9860280302253465));
#6996=AXIS2_PLACEMENT_3D('',#780,#6994,#6995);
#6997=PLANE('',#6996);
#6998=FACE_SURFACE('',(#6993),#6997,.T.);
#6999=POLY_LOOP('',(#780,#378,#776));
#7000=FACE_OUTER_BOUND('',#6999,.T.);
#7001=DIRECTION('',(0.9999693487702919,-0.007733122400381515,-0.0012248827940064396));
#7002=DIRECTION('',(0.004106703786799946,0.6512371223951503,-0.7588631928078287));
#7003=AXIS2_PLACEMENT_3D('',#780,#7001,#7002);
#7004=PLANE('',#7003);
#7005=FACE_SURFACE('',(#7000),#7004,.T.);
#7006=POLY_LOOP('',(#776,#378,#781));
#7007=FACE_OUTER_BOUND('',#7006,.T.);
#7008=DIRECTION('',(0.9999797977386798,-0.006349202212793106,-0.0003028956421257101));
#7009=DIRECTION('',(0.0032681075858608313,0.5544193735228317,-0.8322310242567013));
#7010=AXIS2_PLACEMENT_3D('',#776,#7008,#7009);
#7011=PLANE('',#7010);
#7012=FACE_SURFACE('',(#7007),#7011,.T.);
#7013=POLY_LOOP('',(#775,#782,#776));
#7014=FACE_OUTER_BOUND('',#7013,.T.);
#7015=DIRECTION('',(0.9999769173977738,-0.006792748844148089,-0.00015242961052510772));
#7016=DIRECTION('',(-0.006588469612469978,-0.9748985573895195,0.22255200486178353));
#7017=AXIS2_PLACEMENT_3D('',#775,#7015,#7016);
#7018=PLANE('',#7017);
#7019=FACE_SURFACE('',(#7014),#7018,.T.);
#7020=POLY_LOOP('',(#776,#781,#778));
#7021=FACE_OUTER_BOUND('',#7020,.T.);
#7022=DIRECTION('',(0.9999795297965927,-0.0063373816581138165,-0.0008818058202515328));
#7023=DIRECTION('',(0.0063540620821486106,0.9997714818372588,0.020411026431508144));
#7024=AXIS2_PLACEMENT_3D('',#776,#7022,#7023);
#7025=PLANE('',#7024);
#7026=FACE_SURFACE('',(#7021),#7025,.T.);
#7027=POLY_LOOP('',(#708,#783,#697));
#7028=FACE_OUTER_BOUND('',#7027,.T.);
#7029=DIRECTION('',(0.9999839994878075,-0.004789544911264341,-0.0030101541341655707));
#7030=DIRECTION('',(-0.005186596219141644,-0.563835239380749,-0.8258710081193752));
#7031=AXIS2_PLACEMENT_3D('',#708,#7029,#7030);
#7032=PLANE('',#7031);
#7033=FACE_SURFACE('',(#7028),#7032,.T.);
#7034=POLY_LOOP('',(#784,#785,#779));
#7035=FACE_OUTER_BOUND('',#7034,.T.);
#7036=DIRECTION('',(0.999950294561719,-0.0098274335939695,-0.0016822469757999745));
#7037=DIRECTION('',(-0.004513012679347817,-0.5965809088895095,0.8025402493739007));
#7038=AXIS2_PLACEMENT_3D('',#784,#7036,#7037);
#7039=PLANE('',#7038);
#7040=FACE_SURFACE('',(#7035),#7039,.T.);
#7041=POLY_LOOP('',(#779,#785,#786));
#7042=FACE_OUTER_BOUND('',#7041,.T.);
#7043=DIRECTION('',(0.9999625591232044,-0.008580547800195024,-0.0011200675072049234));
#7044=DIRECTION('',(-0.002505609360308068,-0.41099996394749866,0.9116319167059085));
#7045=AXIS2_PLACEMENT_3D('',#779,#7043,#7044);
#7046=PLANE('',#7045);
#7047=FACE_SURFACE('',(#7042),#7046,.T.);
#7048=POLY_LOOP('',(#779,#786,#379));
#7049=FACE_OUTER_BOUND('',#7048,.T.);
#7050=DIRECTION('',(0.9999731067237168,-0.007329696628797807,-0.0002477431083279813));
#7051=DIRECTION('',(-0.003989442956338093,-0.5719945315542962,0.8202477310037981));
#7052=AXIS2_PLACEMENT_3D('',#779,#7050,#7051);
#7053=PLANE('',#7052);
#7054=FACE_SURFACE('',(#7049),#7053,.T.);
#7055=POLY_LOOP('',(#379,#786,#787));
#7056=FACE_OUTER_BOUND('',#7055,.T.);
#7057=DIRECTION('',(0.9999666833667604,-0.008156313105236051,-0.00032666957391602064));
#7058=DIRECTION('',(-0.0004500459986920709,-0.09504560160012142,0.9954728178484183));
#7059=AXIS2_PLACEMENT_3D('',#379,#7057,#7058);
#7060=PLANE('',#7059);
#7061=FACE_SURFACE('',(#7056),#7060,.T.);
#7062=POLY_LOOP('',(#379,#787,#738));
#7063=FACE_OUTER_BOUND('',#7062,.T.);
#7064=DIRECTION('',(0.9999659634996548,-0.008243709895374138,-0.0003362876269459876));
#7065=DIRECTION('',(-0.0005674908096628132,-0.10938535645130402,0.9939992564122985));
#7066=AXIS2_PLACEMENT_3D('',#379,#7064,#7065);
#7067=PLANE('',#7066);
#7068=FACE_SURFACE('',(#7063),#7067,.T.);
#7069=POLY_LOOP('',(#725,#711,#723));
#7070=FACE_OUTER_BOUND('',#7069,.T.);
#7071=DIRECTION('',(0.9983907413424952,-0.013103260880608246,-0.055174560767421305));
#7072=DIRECTION('',(-0.055794146140900794,-0.05289574893877608,-0.9970401461328494));
#7073=AXIS2_PLACEMENT_3D('',#725,#7071,#7072);
#7074=PLANE('',#7073);
#7075=FACE_SURFACE('',(#7070),#7074,.T.);
#7076=POLY_LOOP('',(#757,#773,#756));
#7077=FACE_OUTER_BOUND('',#7076,.T.);
#7078=DIRECTION('',(0.9999853319623769,-0.005414214925561695,-0.0001487845243553664));
#7079=DIRECTION('',(-0.0036028330251787776,-0.6444165471888407,-0.7646661580738391));
#7080=AXIS2_PLACEMENT_3D('',#757,#7078,#7079);
#7081=PLANE('',#7080);
#7082=FACE_SURFACE('',(#7077),#7081,.T.);
#7083=POLY_LOOP('',(#788,#782,#775));
#7084=FACE_OUTER_BOUND('',#7083,.T.);
#7085=DIRECTION('',(0.9999759035474995,-0.0069100283562304275,-0.0006662075337262716));
#7086=DIRECTION('',(-0.006902697840020325,-0.9999216705382791,0.01044057232467104));
#7087=AXIS2_PLACEMENT_3D('',#788,#7085,#7086);
#7088=PLANE('',#7087);
#7089=FACE_SURFACE('',(#7084),#7088,.T.);
#7090=POLY_LOOP('',(#776,#789,#790));
#7091=FACE_OUTER_BOUND('',#7090,.T.);
#7092=DIRECTION('',(0.9999736187811846,-0.007256266999581904,-0.00032913658737683115));
#7093=DIRECTION('',(-0.00590403122664384,-0.8383495503414615,0.5451010675622862));
#7094=AXIS2_PLACEMENT_3D('',#776,#7092,#7093);
#7095=PLANE('',#7094);
#7096=FACE_SURFACE('',(#7091),#7095,.T.);
#7097=POLY_LOOP('',(#756,#774,#754));
#7098=FACE_OUTER_BOUND('',#7097,.T.);
#7099=DIRECTION('',(0.9999852997075138,-0.005420129794150702,-0.00015020615319141355));
#7100=DIRECTION('',(-0.005114785828846857,-0.9521220283970098,0.30567545208454133));
#7101=AXIS2_PLACEMENT_3D('',#756,#7099,#7100);
#7102=PLANE('',#7101);
#7103=FACE_SURFACE('',(#7098),#7102,.T.);
#7104=POLY_LOOP('',(#791,#792,#756));
#7105=FACE_OUTER_BOUND('',#7104,.T.);
#7106=DIRECTION('',(0.999989650362169,-0.0045489741505301325,-7.747725515387529e-05));
#7107=DIRECTION('',(-0.0028582838755536037,-0.6413962992913373,0.7672044170028376));
#7108=AXIS2_PLACEMENT_3D('',#791,#7106,#7107);
#7109=PLANE('',#7108);
#7110=FACE_SURFACE('',(#7105),#7109,.T.);
#7111=POLY_LOOP('',(#772,#756,#793));
#7112=FACE_OUTER_BOUND('',#7111,.T.);
#7113=DIRECTION('',(0.9999869178692425,-0.0051150679844136435,1.3034094452644449e-05));
#7114=DIRECTION('',(0.001347530834354599,0.2609800758835799,-0.9653432468052239));
#7115=AXIS2_PLACEMENT_3D('',#772,#7113,#7114);
#7116=PLANE('',#7115);
#7117=FACE_SURFACE('',(#7112),#7116,.T.);
#7118=POLY_LOOP('',(#793,#756,#792));
#7119=FACE_OUTER_BOUND('',#7118,.T.);
#7120=DIRECTION('',(0.9999886569589016,-0.004762160714422597,8.819785827008965e-05));
#7121=DIRECTION('',(0.0010782661647953662,0.2083068881055693,-0.9780629211404814));
#7122=AXIS2_PLACEMENT_3D('',#793,#7120,#7121);
#7123=PLANE('',#7122);
#7124=FACE_SURFACE('',(#7119),#7123,.T.);
#7125=POLY_LOOP('',(#793,#792,#794));
#7126=FACE_OUTER_BOUND('',#7125,.T.);
#7127=DIRECTION('',(0.9999876886331414,-0.004923194093061238,-0.0006202758012400922));
#7128=DIRECTION('',(0.00466326040172864,0.9751159264596005,-0.22164652933727697));
#7129=AXIS2_PLACEMENT_3D('',#793,#7127,#7128);
#7130=PLANE('',#7129);
#7131=FACE_SURFACE('',(#7126),#7130,.T.);
#7132=POLY_LOOP('',(#781,#378,#755));
#7133=FACE_OUTER_BOUND('',#7132,.T.);
#7134=DIRECTION('',(0.9999806336147122,-0.006218871170610154,-0.0002409084519293718));
#7135=DIRECTION('',(0.0024534628488825966,0.42949460045150106,-0.903066093208606));
#7136=AXIS2_PLACEMENT_3D('',#781,#7134,#7135);
#7137=PLANE('',#7136);
#7138=FACE_SURFACE('',(#7133),#7137,.T.);
#7139=POLY_LOOP('',(#776,#790,#795));
#7140=FACE_OUTER_BOUND('',#7139,.T.);
#7141=DIRECTION('',(0.9999737045390491,-0.007245813396468774,-0.0002973527772717111));
#7142=DIRECTION('',(-0.00679016272624005,-0.9499126248336702,0.31244183278133203));
#7143=AXIS2_PLACEMENT_3D('',#776,#7141,#7142);
#7144=PLANE('',#7143);
#7145=FACE_SURFACE('',(#7140),#7144,.T.);
#7146=POLY_LOOP('',(#755,#378,#416));
#7147=FACE_OUTER_BOUND('',#7146,.T.);
#7148=DIRECTION('',(0.9999973236774081,-0.0020429193286537455,0.0010858722934627596));
#7149=DIRECTION('',(0.0016534887877259466,0.30279698555372103,-0.9530536456645075));
#7150=AXIS2_PLACEMENT_3D('',#755,#7148,#7149);
#7151=PLANE('',#7150);
#7152=FACE_SURFACE('',(#7147),#7151,.T.);
#7153=POLY_LOOP('',(#756,#416,#753));
#7154=FACE_OUTER_BOUND('',#7153,.T.);
#7155=DIRECTION('',(0.9999851852695546,-0.004607403358541607,-0.0028984609203117954));
#7156=DIRECTION('',(0.0018492537605112685,0.7883720299568281,-0.6151960034349049));
#7157=AXIS2_PLACEMENT_3D('',#756,#7155,#7156);
#7158=PLANE('',#7157);
#7159=FACE_SURFACE('',(#7154),#7158,.T.);
#7160=POLY_LOOP('',(#756,#753,#791));
#7161=FACE_OUTER_BOUND('',#7160,.T.);
#7162=DIRECTION('',(0.9999889652072005,-0.004693203459342806,0.00020809882646682706));
#7163=DIRECTION('',(0.004685671370799961,0.9996079969391977,0.027602480667682193));
#7164=AXIS2_PLACEMENT_3D('',#756,#7162,#7163);
#7165=PLANE('',#7164);
#7166=FACE_SURFACE('',(#7161),#7165,.T.);
#7167=POLY_LOOP('',(#795,#780,#776));
#7168=FACE_OUTER_BOUND('',#7167,.T.);
#7169=DIRECTION('',(0.9999665371785704,-0.0077018930783022445,-0.002757782824881361));
#7170=DIRECTION('',(-0.003405718342467714,-0.08542288061723816,-0.9963389646850237));
#7171=AXIS2_PLACEMENT_3D('',#795,#7169,#7170);
#7172=PLANE('',#7171);
#7173=FACE_SURFACE('',(#7168),#7172,.T.);
#7174=POLY_LOOP('',(#796,#776,#797));
#7175=FACE_OUTER_BOUND('',#7174,.T.);
#7176=DIRECTION('',(0.9999740019851923,-0.007205367160660608,-0.00027935246343674717));
#7177=DIRECTION('',(0.004735681718375505,0.6854550090615774,-0.7280995837597045));
#7178=AXIS2_PLACEMENT_3D('',#796,#7176,#7177);
#7179=PLANE('',#7178);
#7180=FACE_SURFACE('',(#7175),#7179,.T.);
#7181=POLY_LOOP('',(#797,#776,#782));
#7182=FACE_OUTER_BOUND('',#7181,.T.);
#7183=DIRECTION('',(0.9999746066880292,-0.007122960824389174,-0.00022227958825895587));
#7184=DIRECTION('',(0.0038727293540446236,0.5693371140591261,-0.8220950386191221));
#7185=AXIS2_PLACEMENT_3D('',#797,#7183,#7184);
#7186=PLANE('',#7185);
#7187=FACE_SURFACE('',(#7182),#7186,.T.);
#7188=POLY_LOOP('',(#796,#789,#776));
#7189=FACE_OUTER_BOUND('',#7188,.T.);
#7190=DIRECTION('',(0.9999736430061297,-0.007253144200777603,-0.0003243335514739064));
#7191=DIRECTION('',(-0.004973904945500993,-0.6518298426324667,-0.758348941136814));
#7192=AXIS2_PLACEMENT_3D('',#796,#7190,#7191);
#7193=PLANE('',#7192);
#7194=FACE_SURFACE('',(#7189),#7193,.T.);
#7195=POLY_LOOP('',(#755,#416,#756));
#7196=FACE_OUTER_BOUND('',#7195,.T.);
#7197=DIRECTION('',(0.9999766163930467,-0.005508235737499983,-0.004052900957815237));
#7198=DIRECTION('',(0.002300894036702099,0.8290931498599879,-0.5591057634668736));
#7199=AXIS2_PLACEMENT_3D('',#755,#7197,#7198);
#7200=PLANE('',#7199);
#7201=FACE_SURFACE('',(#7196),#7200,.T.);
#7202=POLY_LOOP('',(#544,#546,#798));
#7203=FACE_OUTER_BOUND('',#7202,.T.);
#7204=DIRECTION('',(-0.808756961339663,0.5852653735126675,0.05810869170539448));
#7205=DIRECTION('',(0.08747638335149062,0.2174018225293903,-0.9721544784223557));
#7206=AXIS2_PLACEMENT_3D('',#544,#7204,#7205);
#7207=PLANE('',#7206);
#7208=FACE_SURFACE('',(#7203),#7207,.T.);
#7209=POLY_LOOP('',(#799,#673,#634));
#7210=FACE_OUTER_BOUND('',#7209,.T.);
#7211=DIRECTION('',(0.9949448432152223,0.09979780905603587,0.011187326179745409));
#7212=DIRECTION('',(0.07214193596917111,-0.7877976135139403,0.6116947451273064));
#7213=AXIS2_PLACEMENT_3D('',#799,#7211,#7212);
#7214=PLANE('',#7213);
#7215=FACE_SURFACE('',(#7210),#7214,.T.);
#7216=POLY_LOOP('',(#634,#800,#801));
#7217=FACE_OUTER_BOUND('',#7216,.T.);
#7218=DIRECTION('',(0.9949493259286976,0.09972656660927959,0.01142150368189224));
#7219=DIRECTION('',(-0.09990187161762956,0.9948690978472773,0.015971668536484688));
#7220=AXIS2_PLACEMENT_3D('',#634,#7218,#7219);
#7221=PLANE('',#7220);
#7222=FACE_SURFACE('',(#7217),#7221,.T.);
#7223=POLY_LOOP('',(#802,#803,#804));
#7224=FACE_OUTER_BOUND('',#7223,.T.);
#7225=DIRECTION('',(0.7978441275030135,0.5987538759020388,0.07027477713405396));
#7226=DIRECTION('',(-0.48558532130286136,0.5691705039849841,0.6635147572802552));
#7227=AXIS2_PLACEMENT_3D('',#802,#7225,#7226);
#7228=PLANE('',#7227);
#7229=FACE_SURFACE('',(#7224),#7228,.T.);
#7230=POLY_LOOP('',(#802,#804,#805));
#7231=FACE_OUTER_BOUND('',#7230,.T.);
#7232=DIRECTION('',(0.8099526892319655,0.5828184991092792,0.06556857709234234));
#7233=DIRECTION('',(0.08259308613799976,-0.2240295769471569,0.9710762744373271));
#7234=AXIS2_PLACEMENT_3D('',#802,#7232,#7233);
#7235=PLANE('',#7234);
#7236=FACE_SURFACE('',(#7231),#7235,.T.);
#7237=POLY_LOOP('',(#806,#807,#802));
#7238=FACE_OUTER_BOUND('',#7237,.T.);
#7239=DIRECTION('',(0.8206659263134723,0.5684802918952039,0.057771923239530926));
#7240=DIRECTION('',(0.13068223436945395,-0.0883013835201512,-0.9874841868549766));
#7241=AXIS2_PLACEMENT_3D('',#806,#7239,#7240);
#7242=PLANE('',#7241);
#7243=FACE_SURFACE('',(#7238),#7242,.T.);
#7244=POLY_LOOP('',(#802,#807,#808));
#7245=FACE_OUTER_BOUND('',#7244,.T.);
#7246=DIRECTION('',(0.821435608713606,0.5669921299550855,0.06134708881685499));
#7247=DIRECTION('',(0.5365359019683663,-0.7318535089051711,-0.4201424370403212));
#7248=AXIS2_PLACEMENT_3D('',#802,#7246,#7247);
#7249=PLANE('',#7248);
#7250=FACE_SURFACE('',(#7245),#7249,.T.);
#7251=POLY_LOOP('',(#802,#808,#809));
#7252=FACE_OUTER_BOUND('',#7251,.T.);
#7253=DIRECTION('',(0.7893725686721199,0.6096648987247103,0.07210866169170162));
#7254=DIRECTION('',(-0.06400663702397383,0.19854724516069328,-0.9779990500281587));
#7255=AXIS2_PLACEMENT_3D('',#802,#7253,#7254);
#7256=PLANE('',#7255);
#7257=FACE_SURFACE('',(#7252),#7256,.T.);
#7258=POLY_LOOP('',(#809,#808,#810));
#7259=FACE_OUTER_BOUND('',#7258,.T.);
#7260=DIRECTION('',(0.760105784113733,0.6453292949720799,0.07608743659557206));
#7261=DIRECTION('',(0.0031535642742877767,0.11342884158070954,-0.9935411178859315));
#7262=AXIS2_PLACEMENT_3D('',#809,#7260,#7261);
#7263=PLANE('',#7262);
#7264=FACE_SURFACE('',(#7259),#7263,.T.);
#7265=POLY_LOOP('',(#809,#803,#802));
#7266=FACE_OUTER_BOUND('',#7265,.T.);
#7267=DIRECTION('',(0.7867049467900284,0.615477615986131,0.04777688684005258));
#7268=DIRECTION('',(0.546957309641753,-0.7308196901912549,0.40833844033866534));
#7269=AXIS2_PLACEMENT_3D('',#809,#7267,#7268);
#7270=PLANE('',#7269);
#7271=FACE_SURFACE('',(#7266),#7270,.T.);
#7272=POLY_LOOP('',(#809,#810,#811));
#7273=FACE_OUTER_BOUND('',#7272,.T.);
#7274=DIRECTION('',(0.7747217684354565,0.629034896774895,0.06419719738147657));
#7275=DIRECTION('',(-0.2582817543946708,0.40749442861245816,-0.8759217008366771));
#7276=AXIS2_PLACEMENT_3D('',#809,#7274,#7275);
#7277=PLANE('',#7276);
#7278=FACE_SURFACE('',(#7273),#7277,.T.);
#7279=POLY_LOOP('',(#355,#812,#356));
#7280=FACE_OUTER_BOUND('',#7279,.T.);
#7281=DIRECTION('',(0.8613676055054474,0.5048710642394016,0.05613427366222837));
#7282=DIRECTION('',(0.029231133947354347,0.06105866483935923,-0.9977060590455421));
#7283=AXIS2_PLACEMENT_3D('',#355,#7281,#7282);
#7284=PLANE('',#7283);
#7285=FACE_SURFACE('',(#7280),#7284,.T.);
#7286=POLY_LOOP('',(#356,#812,#813));
#7287=FACE_OUTER_BOUND('',#7286,.T.);
#7288=DIRECTION('',(0.874339356149523,0.4819810486975195,0.05678872233531107));
#7289=DIRECTION('',(0.06138211306380426,0.006248648446258022,-0.9980947803632767));
#7290=AXIS2_PLACEMENT_3D('',#356,#7288,#7289);
#7291=PLANE('',#7290);
#7292=FACE_SURFACE('',(#7287),#7291,.T.);
#7293=POLY_LOOP('',(#356,#813,#807));
#7294=FACE_OUTER_BOUND('',#7293,.T.);
#7295=DIRECTION('',(0.8463515097691577,0.5294721709930882,0.057864860280945715));
#7296=DIRECTION('',(0.0395230703312274,0.04591020447494048,-0.998163403474933));
#7297=AXIS2_PLACEMENT_3D('',#356,#7295,#7296);
#7298=PLANE('',#7297);
#7299=FACE_SURFACE('',(#7294),#7298,.T.);
#7300=POLY_LOOP('',(#807,#813,#814));
#7301=FACE_OUTER_BOUND('',#7300,.T.);
#7302=DIRECTION('',(0.8532503687259878,0.5181921005949329,0.05865795044132328));
#7303=DIRECTION('',(0.08097854863638605,-0.02053693967551697,-0.9965042442305545));
#7304=AXIS2_PLACEMENT_3D('',#807,#7302,#7303);
#7305=PLANE('',#7304);
#7306=FACE_SURFACE('',(#7301),#7305,.T.);
#7307=POLY_LOOP('',(#807,#814,#808));
#7308=FACE_OUTER_BOUND('',#7307,.T.);
#7309=DIRECTION('',(0.8046566679988368,0.5895173165117744,0.07068932152571476));
#7310=DIRECTION('',(-0.023556560055872828,0.1506614490114576,-0.9883047183233024));
#7311=AXIS2_PLACEMENT_3D('',#807,#7309,#7310);
#7312=PLANE('',#7311);
#7313=FACE_SURFACE('',(#7308),#7312,.T.);
#7314=POLY_LOOP('',(#815,#816,#817));
#7315=FACE_OUTER_BOUND('',#7314,.T.);
#7316=DIRECTION('',(0.8766158572356892,0.48097191625553315,0.014513945584097934));
#7317=DIRECTION('',(0.4380416686850154,-0.8101290482397009,0.3896285688882214));
#7318=AXIS2_PLACEMENT_3D('',#815,#7316,#7317);
#7319=PLANE('',#7318);
#7320=FACE_SURFACE('',(#7315),#7319,.T.);
#7321=POLY_LOOP('',(#811,#810,#818));
#7322=FACE_OUTER_BOUND('',#7321,.T.);
#7323=DIRECTION('',(0.7677052599692419,0.6370036466587303,0.06967774364198534));
#7324=DIRECTION('',(-0.2457140424667485,0.39305251115534956,-0.8860780624804582));
#7325=AXIS2_PLACEMENT_3D('',#811,#7323,#7324);
#7326=PLANE('',#7325);
#7327=FACE_SURFACE('',(#7322),#7326,.T.);
#7328=POLY_LOOP('',(#819,#820,#821));
#7329=FACE_OUTER_BOUND('',#7328,.T.);
#7330=DIRECTION('',(0.8911689320260263,0.4512918304416222,0.046407093943082796));
#7331=DIRECTION('',(-0.39261142284823886,0.7159247006524441,0.5773284105643769));
#7332=AXIS2_PLACEMENT_3D('',#819,#7330,#7331);
#7333=PLANE('',#7332);
#7334=FACE_SURFACE('',(#7329),#7333,.T.);
#7335=POLY_LOOP('',(#802,#822,#806));
#7336=FACE_OUTER_BOUND('',#7335,.T.);
#7337=DIRECTION('',(0.8201217921154176,0.56977767921764,0.052475159482902045));
#7338=DIRECTION('',(0.5702653269520139,-0.8064062602565606,-0.15654520208342712));
#7339=AXIS2_PLACEMENT_3D('',#802,#7337,#7338);
#7340=PLANE('',#7339);
#7341=FACE_SURFACE('',(#7336),#7340,.T.);
#7342=POLY_LOOP('',(#823,#824,#802));
#7343=FACE_OUTER_BOUND('',#7342,.T.);
#7344=DIRECTION('',(0.8197924867072789,0.5705937479165357,0.048611249488743326));
#7345=DIRECTION('',(0.4595775098286703,-0.6048892359150341,-0.6503057163625465));
#7346=AXIS2_PLACEMENT_3D('',#823,#7344,#7345);
#7347=PLANE('',#7346);
#7348=FACE_SURFACE('',(#7343),#7347,.T.);
#7349=POLY_LOOP('',(#825,#826,#827));
#7350=FACE_OUTER_BOUND('',#7349,.T.);
#7351=DIRECTION('',(0.5856369485943144,0.8057893444220571,0.08793689133129494));
#7352=DIRECTION('',(0.0004826161896222133,-0.10883386609183421,0.9940598355597706));
#7353=AXIS2_PLACEMENT_3D('',#825,#7351,#7352);
#7354=PLANE('',#7353);
#7355=FACE_SURFACE('',(#7350),#7354,.T.);
#7356=POLY_LOOP('',(#825,#827,#828));
#7357=FACE_OUTER_BOUND('',#7356,.T.);
#7358=DIRECTION('',(0.6003323013135982,0.7950641132740802,0.08645336189657092));
#7359=DIRECTION('',(0.013820981553600738,-0.1183981647609442,0.9928700091402376));
#7360=AXIS2_PLACEMENT_3D('',#825,#7358,#7359);
#7361=PLANE('',#7360);
#7362=FACE_SURFACE('',(#7357),#7361,.T.);
#7363=POLY_LOOP('',(#828,#829,#825));
#7364=FACE_OUTER_BOUND('',#7363,.T.);
#7365=DIRECTION('',(0.6187912606011767,0.7810920259477192,0.08362190385595228));
#7366=DIRECTION('',(0.7566708591598519,-0.6212524012401835,0.20370239284701064));
#7367=AXIS2_PLACEMENT_3D('',#828,#7365,#7366);
#7368=PLANE('',#7367);
#7369=FACE_SURFACE('',(#7364),#7368,.T.);
#7370=POLY_LOOP('',(#825,#829,#830));
#7371=FACE_OUTER_BOUND('',#7370,.T.);
#7372=DIRECTION('',(0.645023485167636,0.7601275577698355,0.07842703297372516));
#7373=DIRECTION('',(0.06783199894508535,-0.15918026909424066,0.9849164745551773));
#7374=AXIS2_PLACEMENT_3D('',#825,#7372,#7373);
#7375=PLANE('',#7374);
#7376=FACE_SURFACE('',(#7371),#7375,.T.);
#7377=POLY_LOOP('',(#825,#830,#831));
#7378=FACE_OUTER_BOUND('',#7377,.T.);
#7379=DIRECTION('',(0.6634142225121832,0.7446924764563715,0.07290188528311307));
#7380=DIRECTION('',(0.12134189860675539,-0.20321201001858094,0.9715868579940324));
#7381=AXIS2_PLACEMENT_3D('',#825,#7379,#7380);
#7382=PLANE('',#7381);
#7383=FACE_SURFACE('',(#7378),#7382,.T.);
#7384=POLY_LOOP('',(#832,#833,#834));
#7385=FACE_OUTER_BOUND('',#7384,.T.);
#7386=DIRECTION('',(0.7047011835699322,0.7059293108055628,0.07113402857085999));
#7387=DIRECTION('',(0.24238719832185185,-0.14530661335797407,-0.9592363807759376));
#7388=AXIS2_PLACEMENT_3D('',#832,#7386,#7387);
#7389=PLANE('',#7388);
#7390=FACE_SURFACE('',(#7385),#7389,.T.);
#7391=POLY_LOOP('',(#802,#824,#822));
#7392=FACE_OUTER_BOUND('',#7391,.T.);
#7393=DIRECTION('',(0.819890967002241,0.5705198399906971,0.04781123722640637));
#7394=DIRECTION('',(0.5595148251857692,-0.816166449727714,0.14427573162592872));
#7395=AXIS2_PLACEMENT_3D('',#802,#7393,#7394);
#7396=PLANE('',#7395);
#7397=FACE_SURFACE('',(#7392),#7396,.T.);
#7398=POLY_LOOP('',(#834,#833,#825));
#7399=FACE_OUTER_BOUND('',#7398,.T.);
#7400=DIRECTION('',(0.6940063450859223,0.7173332647645589,0.061548194471480966));
#7401=DIRECTION('',(0.4132428143384071,-0.3268794562262571,-0.8499295250165741));
#7402=AXIS2_PLACEMENT_3D('',#834,#7400,#7401);
#7403=PLANE('',#7402);
#7404=FACE_SURFACE('',(#7399),#7403,.T.);
#7405=POLY_LOOP('',(#835,#825,#831));
#7406=FACE_OUTER_BOUND('',#7405,.T.);
#7407=DIRECTION('',(0.6788387110850146,0.7311298323376478,0.06802332392906923));
#7408=DIRECTION('',(-0.17572332724925074,0.2517019828514965,-0.951718143196334));
#7409=AXIS2_PLACEMENT_3D('',#835,#7407,#7408);
#7410=PLANE('',#7409);
#7411=FACE_SURFACE('',(#7406),#7410,.T.);
#7412=POLY_LOOP('',(#810,#808,#836));
#7413=FACE_OUTER_BOUND('',#7412,.T.);
#7414=DIRECTION('',(0.7652350431332657,0.6392840621213753,0.07570479957322616));
#7415=DIRECTION('',(0.026840534770041603,0.08581295043383544,-0.9959496589843777));
#7416=AXIS2_PLACEMENT_3D('',#810,#7414,#7415);
#7417=PLANE('',#7416);
#7418=FACE_SURFACE('',(#7413),#7417,.T.);
#7419=POLY_LOOP('',(#810,#836,#833));
#7420=FACE_OUTER_BOUND('',#7419,.T.);
#7421=DIRECTION('',(0.7418774079721123,0.665898657044696,0.07872032829358698));
#7422=DIRECTION('',(0.002450470329414996,0.11470596385952742,-0.9933964651891115));
#7423=AXIS2_PLACEMENT_3D('',#810,#7421,#7422);
#7424=PLANE('',#7423);
#7425=FACE_SURFACE('',(#7420),#7424,.T.);
#7426=POLY_LOOP('',(#833,#836,#837));
#7427=FACE_OUTER_BOUND('',#7426,.T.);
#7428=DIRECTION('',(0.6731341600780417,0.7354654957378375,0.07733632468074846));
#7429=DIRECTION('',(0.0654891681424801,0.044882063179080924,-0.9968434025767513));
#7430=AXIS2_PLACEMENT_3D('',#833,#7428,#7429);
#7431=PLANE('',#7430);
#7432=FACE_SURFACE('',(#7427),#7431,.T.);
#7433=POLY_LOOP('',(#833,#837,#825));
#7434=FACE_OUTER_BOUND('',#7433,.T.);
#7435=DIRECTION('',(0.5702488905399742,0.8121916033943741,0.12313002157721077));
#7436=DIRECTION('',(-0.2040854825176351,0.2852615305681025,-0.9364694202180269));
#7437=AXIS2_PLACEMENT_3D('',#833,#7435,#7436);
#7438=PLANE('',#7437);
#7439=FACE_SURFACE('',(#7434),#7438,.T.);
#7440=POLY_LOOP('',(#802,#805,#823));
#7441=FACE_OUTER_BOUND('',#7440,.T.);
#7442=DIRECTION('',(0.8168100945740882,0.5738094947021166,0.05969868668212698));
#7443=DIRECTION('',(0.22194044810900276,-0.4080628301612573,0.8855660134252896));
#7444=AXIS2_PLACEMENT_3D('',#802,#7442,#7443);
#7445=PLANE('',#7444);
#7446=FACE_SURFACE('',(#7441),#7445,.T.);
#7447=POLY_LOOP('',(#834,#825,#835));
#7448=FACE_OUTER_BOUND('',#7447,.T.);
#7449=DIRECTION('',(0.6923740867955662,0.718846217101854,0.06227551760009766));
#7450=DIRECTION('',(-0.18305651868857392,0.2584873478598789,-0.9485117827217465));
#7451=AXIS2_PLACEMENT_3D('',#834,#7449,#7450);
#7452=PLANE('',#7451);
#7453=FACE_SURFACE('',(#7448),#7452,.T.);
#7454=POLY_LOOP('',(#838,#826,#825));
#7455=FACE_OUTER_BOUND('',#7454,.T.);
#7456=DIRECTION('',(0.5750715737789748,0.8132736883046131,0.08876143837717079));
#7457=DIRECTION('',(0.3400423454817358,-0.3362964293599953,0.878223157790204));
#7458=AXIS2_PLACEMENT_3D('',#838,#7456,#7457);
#7459=PLANE('',#7458);
#7460=FACE_SURFACE('',(#7455),#7459,.T.);
#7461=POLY_LOOP('',(#821,#820,#839));
#7462=FACE_OUTER_BOUND('',#7461,.T.);
#7463=DIRECTION('',(0.8908161766608318,0.45156028158612116,0.05039693932413417));
#7464=DIRECTION('',(-0.44542953966921545,0.8897987488844633,-0.09925075150201372));
#7465=AXIS2_PLACEMENT_3D('',#821,#7463,#7464);
#7466=PLANE('',#7465);
#7467=FACE_SURFACE('',(#7462),#7466,.T.);
#7468=POLY_LOOP('',(#355,#815,#817));
#7469=FACE_OUTER_BOUND('',#7468,.T.);
#7470=DIRECTION('',(0.8686556827249281,0.49118645066884253,0.06460012034844673));
#7471=DIRECTION('',(-0.35776119513893195,0.5317370132313884,0.7676344677074665));
#7472=AXIS2_PLACEMENT_3D('',#355,#7470,#7471);
#7473=PLANE('',#7472);
#7474=FACE_SURFACE('',(#7469),#7473,.T.);
#7475=POLY_LOOP('',(#840,#841,#842));
#7476=FACE_OUTER_BOUND('',#7475,.T.);
#7477=DIRECTION('',(0.9153340302839607,0.4004727466653022,0.04225153467591047));
#7478=DIRECTION('',(-0.2702545717311483,0.5331187207922676,0.801714971794359));
#7479=AXIS2_PLACEMENT_3D('',#840,#7477,#7478);
#7480=PLANE('',#7479);
#7481=FACE_SURFACE('',(#7476),#7480,.T.);
#7482=POLY_LOOP('',(#840,#842,#843));
#7483=FACE_OUTER_BOUND('',#7482,.T.);
#7484=DIRECTION('',(0.9175291169444748,0.39524697763785027,0.04381947315106639));
#7485=DIRECTION('',(-0.1443164746963845,0.22827075768494473,0.9628422593120584));
#7486=AXIS2_PLACEMENT_3D('',#840,#7484,#7485);
#7487=PLANE('',#7486);
#7488=FACE_SURFACE('',(#7483),#7487,.T.);
#7489=POLY_LOOP('',(#844,#845,#846));
#7490=FACE_OUTER_BOUND('',#7489,.T.);
#7491=DIRECTION('',(0.9160973491683345,0.39806804293933756,0.04803623670934641));
#7492=DIRECTION('',(0.08142829658452903,-0.30201370091174434,0.9498195391635894));
#7493=AXIS2_PLACEMENT_3D('',#844,#7491,#7492);
#7494=PLANE('',#7493);
#7495=FACE_SURFACE('',(#7490),#7494,.T.);
#7496=POLY_LOOP('',(#846,#845,#847));
#7497=FACE_OUTER_BOUND('',#7496,.T.);
#7498=DIRECTION('',(0.9358584991523731,0.3502811107263473,0.038366822028726794));
#7499=DIRECTION('',(0.02954153698760593,-0.18648853841996896,0.9820128933116885));
#7500=AXIS2_PLACEMENT_3D('',#846,#7498,#7499);
#7501=PLANE('',#7500);
#7502=FACE_SURFACE('',(#7497),#7501,.T.);
#7503=POLY_LOOP('',(#846,#847,#848));
#7504=FACE_OUTER_BOUND('',#7503,.T.);
#7505=DIRECTION('',(0.9330106980251314,0.35757957059081474,0.04034709489846387));
#7506=DIRECTION('',(0.05118775210766892,-0.2428642843320157,0.9687088073461816));
#7507=AXIS2_PLACEMENT_3D('',#846,#7505,#7506);
#7508=PLANE('',#7507);
#7509=FACE_SURFACE('',(#7504),#7508,.T.);
#7510=POLY_LOOP('',(#844,#849,#845));
#7511=FACE_OUTER_BOUND('',#7510,.T.);
#7512=DIRECTION('',(0.8977950535229879,0.4360716386943925,0.06168928428862086));
#7513=DIRECTION('',(-0.4382506537086982,0.8707137956572527,0.22314535750501));
#7514=AXIS2_PLACEMENT_3D('',#844,#7512,#7513);
#7515=PLANE('',#7514);
#7516=FACE_SURFACE('',(#7511),#7515,.T.);
#7517=POLY_LOOP('',(#850,#841,#840));
#7518=FACE_OUTER_BOUND('',#7517,.T.);
#7519=DIRECTION('',(0.9141158922067747,0.40349154774326135,0.03983348484327687));
#7520=DIRECTION('',(0.30165460874993044,-0.7424522238890456,0.5981381046732743));
#7521=AXIS2_PLACEMENT_3D('',#850,#7519,#7520);
#7522=PLANE('',#7521);
#7523=FACE_SURFACE('',(#7518),#7522,.T.);
#7524=POLY_LOOP('',(#845,#849,#812));
#7525=FACE_OUTER_BOUND('',#7524,.T.);
#7526=DIRECTION('',(0.8826553626463276,0.46374520602329256,0.0765499489359325));
#7527=DIRECTION('',(-0.1369073093629795,0.40946942062895475,-0.9019928947684552));
#7528=AXIS2_PLACEMENT_3D('',#845,#7526,#7527);
#7529=PLANE('',#7528);
#7530=FACE_SURFACE('',(#7525),#7529,.T.);
#7531=POLY_LOOP('',(#840,#812,#851));
#7532=FACE_OUTER_BOUND('',#7531,.T.);
#7533=DIRECTION('',(0.914633343972464,0.40260001284291963,0.03686564461160924));
#7534=DIRECTION('',(-0.12127276178240297,0.36020669451431275,-0.9249562446282209));
#7535=AXIS2_PLACEMENT_3D('',#840,#7533,#7534);
#7536=PLANE('',#7535);
#7537=FACE_SURFACE('',(#7532),#7536,.T.);
#7538=POLY_LOOP('',(#840,#851,#852));
#7539=FACE_OUTER_BOUND('',#7538,.T.);
#7540=DIRECTION('',(0.9144595578133807,0.40240000068539017,0.04287139573368391));
#7541=DIRECTION('',(-0.4034371461396873,0.9148143617910527,0.01879235417645395));
#7542=AXIS2_PLACEMENT_3D('',#840,#7540,#7541);
#7543=PLANE('',#7542);
#7544=FACE_SURFACE('',(#7539),#7543,.T.);
#7545=POLY_LOOP('',(#853,#854,#855));
#7546=FACE_OUTER_BOUND('',#7545,.T.);
#7547=DIRECTION('',(0.9488627912260258,0.31365933898988224,0.035738249693927054));
#7548=DIRECTION('',(0.03266391948956877,-0.2101460979114501,0.9771241916441176));
#7549=AXIS2_PLACEMENT_3D('',#853,#7547,#7548);
#7550=PLANE('',#7549);
#7551=FACE_SURFACE('',(#7546),#7550,.T.);
#7552=POLY_LOOP('',(#855,#856,#853));
#7553=FACE_OUTER_BOUND('',#7552,.T.);
#7554=DIRECTION('',(0.9501801031407316,0.3099162318156958,0.03331217273953571));
#7555=DIRECTION('',(0.2785839588434851,-0.7964237120419457,-0.5367497077525234));
#7556=AXIS2_PLACEMENT_3D('',#855,#7554,#7555);
#7557=PLANE('',#7556);
#7558=FACE_SURFACE('',(#7553),#7557,.T.);
#7559=POLY_LOOP('',(#853,#856,#857));
#7560=FACE_OUTER_BOUND('',#7559,.T.);
#7561=DIRECTION('',(0.9506701106169353,0.30872468710274437,0.030255716036751396));
#7562=DIRECTION('',(0.2736152250064475,-0.880494785853687,0.3871222555332371));
#7563=AXIS2_PLACEMENT_3D('',#853,#7561,#7562);
#7564=PLANE('',#7563);
#7565=FACE_SURFACE('',(#7560),#7564,.T.);
#7566=POLY_LOOP('',(#853,#857,#858));
#7567=FACE_OUTER_BOUND('',#7566,.T.);
#7568=DIRECTION('',(0.9506939835249045,0.30868085521149313,0.029951282367371157));
#7569=DIRECTION('',(0.3003586031260683,-0.9404867956001892,0.15896319331796568));
#7570=AXIS2_PLACEMENT_3D('',#853,#7568,#7569);
#7571=PLANE('',#7570);
#7572=FACE_SURFACE('',(#7567),#7571,.T.);
#7573=POLY_LOOP('',(#845,#812,#840));
#7574=FACE_OUTER_BOUND('',#7573,.T.);
#7575=DIRECTION('',(0.9274297302529172,0.37324227002135507,0.023755069191799722));
#7576=DIRECTION('',(-0.15432330360828644,0.4397716083451772,-0.8847515190475351));
#7577=AXIS2_PLACEMENT_3D('',#845,#7575,#7576);
#7578=PLANE('',#7577);
#7579=FACE_SURFACE('',(#7574),#7578,.T.);
#7580=POLY_LOOP('',(#357,#815,#355));
#7581=FACE_OUTER_BOUND('',#7580,.T.);
#7582=DIRECTION('',(0.8621669407660358,0.5038661356376596,0.05279283670827389));
#7583=DIRECTION('',(0.2917357835097332,-0.5789634614106447,0.7613747716935249));
#7584=AXIS2_PLACEMENT_3D('',#357,#7582,#7583);
#7585=PLANE('',#7584);
#7586=FACE_SURFACE('',(#7581),#7585,.T.);
#7587=POLY_LOOP('',(#852,#850,#840));
#7588=FACE_OUTER_BOUND('',#7587,.T.);
#7589=DIRECTION('',(0.9139045954984953,0.4040258839559667,0.03926162783598444));
#7590=DIRECTION('',(0.2306619767424874,-0.5964634893032398,0.7687823869037662));
#7591=AXIS2_PLACEMENT_3D('',#852,#7589,#7590);
#7592=PLANE('',#7591);
#7593=FACE_SURFACE('',(#7588),#7592,.T.);
#7594=POLY_LOOP('',(#840,#859,#860));
#7595=FACE_OUTER_BOUND('',#7594,.T.);
#7596=DIRECTION('',(0.9274933581778523,0.37208521406651424,0.03617546142133442));
#7597=DIRECTION('',(0.2914532779326262,-0.7803006469052733,0.5533406610954404));
#7598=AXIS2_PLACEMENT_3D('',#840,#7596,#7597);
#7599=PLANE('',#7598);
#7600=FACE_SURFACE('',(#7595),#7599,.T.);
#7601=POLY_LOOP('',(#355,#817,#812));
#7602=FACE_OUTER_BOUND('',#7601,.T.);
#7603=DIRECTION('',(0.8726767258910946,0.48516155026094576,0.05525940857804454));
#7604=DIRECTION('',(0.35523048527094964,-0.7084287098195213,0.6098688920068099));
#7605=AXIS2_PLACEMENT_3D('',#355,#7603,#7604);
#7606=PLANE('',#7605);
#7607=FACE_SURFACE('',(#7602),#7606,.T.);
#7608=POLY_LOOP('',(#812,#817,#861));
#7609=FACE_OUTER_BOUND('',#7608,.T.);
#7610=DIRECTION('',(0.8796638790212823,0.47253663334858026,0.05385712662982039));
#7611=DIRECTION('',(-0.0011941856587930307,-0.1110464411003378,0.9938145007191037));
#7612=AXIS2_PLACEMENT_3D('',#812,#7610,#7611);
#7613=PLANE('',#7612);
#7614=FACE_SURFACE('',(#7609),#7613,.T.);
#7615=POLY_LOOP('',(#812,#861,#820));
#7616=FACE_OUTER_BOUND('',#7615,.T.);
#7617=DIRECTION('',(0.8851205620950963,0.46238543155753964,0.05254810405531955));
#7618=DIRECTION('',(0.006194329519050204,-0.12461511172059558,0.9921858214128404));
#7619=AXIS2_PLACEMENT_3D('',#812,#7617,#7618);
#7620=PLANE('',#7619);
#7621=FACE_SURFACE('',(#7616),#7620,.T.);
#7622=POLY_LOOP('',(#820,#861,#862));
#7623=FACE_OUTER_BOUND('',#7622,.T.);
#7624=DIRECTION('',(0.8814286385105655,0.47038288436291387,0.04270242747006674));
#7625=DIRECTION('',(-0.37642180720626245,0.6449838412489617,0.6650582437556171));
#7626=AXIS2_PLACEMENT_3D('',#820,#7624,#7625);
#7627=PLANE('',#7626);
#7628=FACE_SURFACE('',(#7623),#7627,.T.);
#7629=POLY_LOOP('',(#820,#862,#839));
#7630=FACE_OUTER_BOUND('',#7629,.T.);
#7631=DIRECTION('',(0.8872526949422318,0.4580852106941196,0.05422725385883761));
#7632=DIRECTION('',(-0.3334744184902363,0.5557481515358312,0.7615371325661707));
#7633=AXIS2_PLACEMENT_3D('',#820,#7631,#7632);
#7634=PLANE('',#7633);
#7635=FACE_SURFACE('',(#7630),#7634,.T.);
#7636=POLY_LOOP('',(#819,#863,#820));
#7637=FACE_OUTER_BOUND('',#7636,.T.);
#7638=DIRECTION('',(0.8912432370647221,0.4511175628231686,0.04667372814421534));
#7639=DIRECTION('',(0.1797725404653008,-0.2569204370721664,-0.9495650176313882));
#7640=AXIS2_PLACEMENT_3D('',#819,#7638,#7639);
#7641=PLANE('',#7640);
#7642=FACE_SURFACE('',(#7637),#7641,.T.);
#7643=POLY_LOOP('',(#840,#860,#864));
#7644=FACE_OUTER_BOUND('',#7643,.T.);
#7645=DIRECTION('',(0.9273074511724266,0.37242384732128,0.03743486271530179));
#7646=DIRECTION('',(0.34642709074784334,-0.8918213123083357,0.2909347310113104));
#7647=AXIS2_PLACEMENT_3D('',#840,#7645,#7646);
#7648=PLANE('',#7647);
#7649=FACE_SURFACE('',(#7644),#7648,.T.);
#7650=POLY_LOOP('',(#820,#863,#865));
#7651=FACE_OUTER_BOUND('',#7650,.T.);
#7652=DIRECTION('',(0.8919617385506541,0.44948414165669404,0.048664806183108686));
#7653=DIRECTION('',(0.364456375489058,-0.6511567111472445,-0.6657075092661061));
#7654=AXIS2_PLACEMENT_3D('',#820,#7652,#7653);
#7655=PLANE('',#7654);
#7656=FACE_SURFACE('',(#7651),#7655,.T.);
#7657=POLY_LOOP('',(#812,#865,#851));
#7658=FACE_OUTER_BOUND('',#7657,.T.);
#7659=DIRECTION('',(0.9027431609400672,0.4278168523136706,0.04502806072171628));
#7660=DIRECTION('',(0.05196247044694921,-0.21235168973957325,0.9758107713741418));
#7661=AXIS2_PLACEMENT_3D('',#812,#7659,#7660);
#7662=PLANE('',#7661);
#7663=FACE_SURFACE('',(#7658),#7662,.T.);
#7664=POLY_LOOP('',(#864,#845,#840));
#7665=FACE_OUTER_BOUND('',#7664,.T.);
#7666=DIRECTION('',(0.927083337331539,0.3727568664423327,0.03960813252740899));
#7667=DIRECTION('',(0.07527942374608337,-0.08162722414899314,-0.9938158806530452));
#7668=AXIS2_PLACEMENT_3D('',#864,#7666,#7667);
#7669=PLANE('',#7668);
#7670=FACE_SURFACE('',(#7665),#7669,.T.);
#7671=POLY_LOOP('',(#843,#866,#840));
#7672=FACE_OUTER_BOUND('',#7671,.T.);
#7673=DIRECTION('',(0.9205142971264746,0.38811210219133463,0.04497137888007254));
#7674=DIRECTION('',(0.39035372047081773,-0.9184717033856766,-0.06351143987034405));
#7675=AXIS2_PLACEMENT_3D('',#843,#7673,#7674);
#7676=PLANE('',#7675);
#7677=FACE_SURFACE('',(#7672),#7676,.T.);
#7678=POLY_LOOP('',(#840,#866,#867));
#7679=FACE_OUTER_BOUND('',#7678,.T.);
#7680=DIRECTION('',(0.9237714061341659,0.380554882463999,0.04271265200988956));
#7681=DIRECTION('',(0.0629026544022536,-0.2608148560345398,0.9633373588420792));
#7682=AXIS2_PLACEMENT_3D('',#840,#7680,#7681);
#7683=PLANE('',#7682);
#7684=FACE_SURFACE('',(#7679),#7683,.T.);
#7685=POLY_LOOP('',(#840,#867,#868));
#7686=FACE_OUTER_BOUND('',#7685,.T.);
#7687=DIRECTION('',(0.9260086050753353,0.3753722281250674,0.04004689349817181));
#7688=DIRECTION('',(0.12704552182737716,-0.4097782913605331,0.9032946292950331));
#7689=AXIS2_PLACEMENT_3D('',#840,#7687,#7688);
#7690=PLANE('',#7689);
#7691=FACE_SURFACE('',(#7686),#7690,.T.);
#7692=POLY_LOOP('',(#868,#859,#840));
#7693=FACE_OUTER_BOUND('',#7692,.T.);
#7694=DIRECTION('',(0.9272920615147406,0.3725165495179023,0.036889740945397646));
#7695=DIRECTION('',(0.2880352218877823,-0.6470904997966583,-0.7059104730948302));
#7696=AXIS2_PLACEMENT_3D('',#868,#7694,#7695);
#7697=PLANE('',#7696);
#7698=FACE_SURFACE('',(#7693),#7697,.T.);
#7699=POLY_LOOP('',(#820,#865,#812));
#7700=FACE_OUTER_BOUND('',#7699,.T.);
#7701=DIRECTION('',(0.8926820578443304,0.44791188666471854,0.049936813947867295));
#7702=DIRECTION('',(0.30196301593978564,-0.5121654852929634,-0.8040552547425904));
#7703=AXIS2_PLACEMENT_3D('',#820,#7701,#7702);
#7704=PLANE('',#7703);
#7705=FACE_SURFACE('',(#7700),#7704,.T.);
#7706=POLY_LOOP('',(#869,#870,#853));
#7707=FACE_OUTER_BOUND('',#7706,.T.);
#7708=DIRECTION('',(0.9443161639114829,0.32755194486586703,0.03125229575710294));
#7709=DIRECTION('',(0.29425266040597636,-0.8831679841915074,0.36528028080244684));
#7710=AXIS2_PLACEMENT_3D('',#869,#7708,#7709);
#7711=PLANE('',#7710);
#7712=FACE_SURFACE('',(#7707),#7711,.T.);
#7713=POLY_LOOP('',(#838,#871,#826));
#7714=FACE_OUTER_BOUND('',#7713,.T.);
#7715=DIRECTION('',(0.5830761129643429,0.8080965064724602,0.08367964338713295));
#7716=DIRECTION('',(0.3082881038913381,-0.3153798296240935,0.89749317995479));
#7717=AXIS2_PLACEMENT_3D('',#838,#7715,#7716);
#7718=PLANE('',#7717);
#7719=FACE_SURFACE('',(#7714),#7718,.T.);
#7720=POLY_LOOP('',(#872,#16,#873));
#7721=FACE_OUTER_BOUND('',#7720,.T.);
#7722=DIRECTION('',(0.4292709565430235,0.8981434540219979,0.09520914801673705));
#7723=DIRECTION('',(0.20068394411816412,-0.19763247221843258,0.959514127305069));
#7724=AXIS2_PLACEMENT_3D('',#872,#7722,#7723);
#7725=PLANE('',#7724);
#7726=FACE_SURFACE('',(#7721),#7725,.T.);
#7727=POLY_LOOP('',(#874,#875,#876));
#7728=FACE_OUTER_BOUND('',#7727,.T.);
#7729=DIRECTION('',(-0.6390706432941923,0.7648515833110283,0.08118354750908727));
#7730=DIRECTION('',(0.7677521477447963,0.6407036493873532,0.007448039673628676));
#7731=AXIS2_PLACEMENT_3D('',#874,#7729,#7730);
#7732=PLANE('',#7731);
#7733=FACE_SURFACE('',(#7728),#7732,.T.);
#7734=POLY_LOOP('',(#877,#878,#876));
#7735=FACE_OUTER_BOUND('',#7734,.T.);
#7736=DIRECTION('',(-0.6855141161683677,0.7250907956368567,0.06567902722035196));
#7737=DIRECTION('',(0.256615468451498,0.15621280879806676,0.9538060912569373));
#7738=AXIS2_PLACEMENT_3D('',#877,#7736,#7737);
#7739=PLANE('',#7738);
#7740=FACE_SURFACE('',(#7735),#7739,.T.);
#7741=POLY_LOOP('',(#876,#878,#879));
#7742=FACE_OUTER_BOUND('',#7741,.T.);
#7743=DIRECTION('',(-0.6913901564020284,0.719753702072833,0.06272367960212769));
#7744=DIRECTION('',(-0.21160642441872887,-0.28474529924141007,0.9349560608417063));
#7745=AXIS2_PLACEMENT_3D('',#876,#7743,#7744);
#7746=PLANE('',#7745);
#7747=FACE_SURFACE('',(#7742),#7746,.T.);
#7748=POLY_LOOP('',(#876,#879,#874));
#7749=FACE_OUTER_BOUND('',#7748,.T.);
#7750=DIRECTION('',(-0.6741007721338361,0.7352921017228535,0.07024011782844998));
#7751=DIRECTION('',(-0.18156174896814972,-0.2571232581562328,0.9491696167844553));
#7752=AXIS2_PLACEMENT_3D('',#876,#7750,#7751);
#7753=PLANE('',#7752);
#7754=FACE_SURFACE('',(#7749),#7753,.T.);
#7755=POLY_LOOP('',(#875,#880,#876));
#7756=FACE_OUTER_BOUND('',#7755,.T.);
#7757=DIRECTION('',(-0.6146817285347599,0.7840742701829293,0.08598785636720364));
#7758=DIRECTION('',(0.7669604947892448,0.6195806056594982,-0.16700740260014232));
#7759=AXIS2_PLACEMENT_3D('',#875,#7757,#7758);
#7760=PLANE('',#7759);
#7761=FACE_SURFACE('',(#7756),#7760,.T.);
#7762=POLY_LOOP('',(#876,#880,#881));
#7763=FACE_OUTER_BOUND('',#7762,.T.);
#7764=DIRECTION('',(-0.5955616402767262,0.7983308591951699,0.08929821883776408));
#7765=DIRECTION('',(-0.056887309730461084,-0.1527978030682592,0.9866188044879056));
#7766=AXIS2_PLACEMENT_3D('',#876,#7764,#7765);
#7767=PLANE('',#7766);
#7768=FACE_SURFACE('',(#7763),#7767,.T.);
#7769=POLY_LOOP('',(#882,#883,#546));
#7770=FACE_OUTER_BOUND('',#7769,.T.);
#7771=DIRECTION('',(-0.6957689532873883,0.7139047995204003,0.07902848134127916));
#7772=DIRECTION('',(0.20932114438983188,0.3067848855272207,-0.9284760053568326));
#7773=AXIS2_PLACEMENT_3D('',#882,#7771,#7772);
#7774=PLANE('',#7773);
#7775=FACE_SURFACE('',(#7770),#7774,.T.);
#7776=POLY_LOOP('',(#876,#881,#884));
#7777=FACE_OUTER_BOUND('',#7776,.T.);
#7778=DIRECTION('',(-0.575657134722474,0.8125794580126381,0.09128793819009473));
#7779=DIRECTION('',(-0.012870914038326787,-0.12063178186747395,0.9926138789959045));
#7780=AXIS2_PLACEMENT_3D('',#876,#7778,#7779);
#7781=PLANE('',#7780);
#7782=FACE_SURFACE('',(#7777),#7781,.T.);
#7783=POLY_LOOP('',(#884,#885,#886));
#7784=FACE_OUTER_BOUND('',#7783,.T.);
#7785=DIRECTION('',(-0.574191669509436,0.8140404226031689,0.08741920289055981));
#7786=DIRECTION('',(0.6240995610368248,0.5043053724726582,-0.5968046826297996));
#7787=AXIS2_PLACEMENT_3D('',#884,#7785,#7786);
#7788=PLANE('',#7787);
#7789=FACE_SURFACE('',(#7784),#7788,.T.);
#7790=POLY_LOOP('',(#886,#885,#887));
#7791=FACE_OUTER_BOUND('',#7790,.T.);
#7792=DIRECTION('',(-0.5587600010942448,0.823651728224981,0.09687668331007826));
#7793=DIRECTION('',(-0.3346978911973929,-0.33083643935604595,0.8823403946449643));
#7794=AXIS2_PLACEMENT_3D('',#886,#7792,#7793);
#7795=PLANE('',#7794);
#7796=FACE_SURFACE('',(#7791),#7795,.T.);
#7797=POLY_LOOP('',(#886,#887,#888));
#7798=FACE_OUTER_BOUND('',#7797,.T.);
#7799=DIRECTION('',(-0.5590664951771932,0.8241106608943558,0.09102896555799014));
#7800=DIRECTION('',(0.8275810875859696,0.5613457778299333,0.0006791042121182891));
#7801=AXIS2_PLACEMENT_3D('',#886,#7799,#7800);
#7802=PLANE('',#7801);
#7803=FACE_SURFACE('',(#7798),#7802,.T.);
#7804=POLY_LOOP('',(#889,#890,#891));
#7805=FACE_OUTER_BOUND('',#7804,.T.);
#7806=DIRECTION('',(-0.3909794303090829,0.9153857514467175,0.09593753761439568));
#7807=DIRECTION('',(0.9051595147354742,0.36352142422189954,0.22031438222576988));
#7808=AXIS2_PLACEMENT_3D('',#889,#7806,#7807);
#7809=PLANE('',#7808);
#7810=FACE_SURFACE('',(#7805),#7809,.T.);
#7811=POLY_LOOP('',(#884,#886,#876));
#7812=FACE_OUTER_BOUND('',#7811,.T.);
#7813=DIRECTION('',(-0.5669882323914988,0.8185758144003146,0.09196727900957709));
#7814=DIRECTION('',(0.3425377621551413,0.33583884894480603,-0.8774281446575414));
#7815=AXIS2_PLACEMENT_3D('',#884,#7813,#7814);
#7816=PLANE('',#7815);
#7817=FACE_SURFACE('',(#7812),#7816,.T.);
#7818=POLY_LOOP('',(#876,#886,#892));
#7819=FACE_OUTER_BOUND('',#7818,.T.);
#7820=DIRECTION('',(-0.5581864985367515,0.8245472004114208,0.09246484275101136));
#7821=DIRECTION('',(0.013324870414101646,-0.10251885620918845,0.9946418108796791));
#7822=AXIS2_PLACEMENT_3D('',#876,#7820,#7821);
#7823=PLANE('',#7822);
#7824=FACE_SURFACE('',(#7819),#7823,.T.);
#7825=POLY_LOOP('',(#888,#892,#886));
#7826=FACE_OUTER_BOUND('',#7825,.T.);
#7827=DIRECTION('',(-0.5588381479257911,0.8241511398501543,0.09205880243932797));
#7828=DIRECTION('',(0.09054126512832845,0.1709847059317928,-0.9811047393863613));
#7829=AXIS2_PLACEMENT_3D('',#888,#7827,#7828);
#7830=PLANE('',#7829);
#7831=FACE_SURFACE('',(#7826),#7830,.T.);
#7832=POLY_LOOP('',(#876,#892,#893));
#7833=FACE_OUTER_BOUND('',#7832,.T.);
#7834=DIRECTION('',(-0.5021609025027882,0.8596351767472442,0.09413708565873291));
#7835=DIRECTION('',(0.028227062246832836,-0.09250580118243165,0.9953119660209606));
#7836=AXIS2_PLACEMENT_3D('',#876,#7834,#7835);
#7837=PLANE('',#7836);
#7838=FACE_SURFACE('',(#7833),#7837,.T.);
#7839=POLY_LOOP('',(#882,#876,#883));
#7840=FACE_OUTER_BOUND('',#7839,.T.);
#7841=DIRECTION('',(-0.5983505819610035,0.7911814575200083,0.12652463137050926));
#7842=DIRECTION('',(0.2809029430274157,0.355031790949417,-0.8916534999728235));
#7843=AXIS2_PLACEMENT_3D('',#882,#7841,#7842);
#7844=PLANE('',#7843);
#7845=FACE_SURFACE('',(#7840),#7844,.T.);
#7846=POLY_LOOP('',(#894,#895,#882));
#7847=FACE_OUTER_BOUND('',#7846,.T.);
#7848=DIRECTION('',(-0.7521904461847108,0.6548367725968594,0.07347335519339537));
#7849=DIRECTION('',(0.10016061128057079,0.0034152131143214137,0.9949654206389719));
#7850=AXIS2_PLACEMENT_3D('',#894,#7848,#7849);
#7851=PLANE('',#7850);
#7852=FACE_SURFACE('',(#7847),#7851,.T.);
#7853=POLY_LOOP('',(#209,#214,#216));
#7854=FACE_OUTER_BOUND('',#7853,.T.);
#7855=DIRECTION('',(-0.8557942997625175,0.5142250477063417,0.056468724134629535));
#7856=DIRECTION('',(0.025135319155594714,-0.06769534565309551,0.9973893702601078));
#7857=AXIS2_PLACEMENT_3D('',#209,#7855,#7856);
#7858=PLANE('',#7857);
#7859=FACE_SURFACE('',(#7854),#7858,.T.);
#7860=POLY_LOOP('',(#209,#216,#896));
#7861=FACE_OUTER_BOUND('',#7860,.T.);
#7862=DIRECTION('',(-0.8290606539055542,0.5563655002232532,0.05581990959347891));
#7863=DIRECTION('',(0.0543807639823233,-0.019127950609982763,0.9983370442962441));
#7864=AXIS2_PLACEMENT_3D('',#209,#7862,#7863);
#7865=PLANE('',#7864);
#7866=FACE_SURFACE('',(#7861),#7865,.T.);
#7867=POLY_LOOP('',(#896,#216,#897));
#7868=FACE_OUTER_BOUND('',#7867,.T.);
#7869=DIRECTION('',(-0.8413093972897104,0.5384406623476222,0.04775092839598166));
#7870=DIRECTION('',(-0.15063890452843973,-0.31837302473007567,0.935920155551046));
#7871=AXIS2_PLACEMENT_3D('',#896,#7869,#7870);
#7872=PLANE('',#7871);
#7873=FACE_SURFACE('',(#7868),#7872,.T.);
#7874=POLY_LOOP('',(#896,#897,#546));
#7875=FACE_OUTER_BOUND('',#7874,.T.);
#7876=DIRECTION('',(-0.7669009281413514,0.6363767526523225,0.08299153631315967));
#7877=DIRECTION('',(-0.11198368270754416,-0.26002890956926944,0.9590853043371442));
#7878=AXIS2_PLACEMENT_3D('',#896,#7876,#7877);
#7879=PLANE('',#7878);
#7880=FACE_SURFACE('',(#7875),#7879,.T.);
#7881=POLY_LOOP('',(#546,#897,#898));
#7882=FACE_OUTER_BOUND('',#7881,.T.);
#7883=DIRECTION('',(-0.8151954203422724,0.5765564165087562,0.05512826167735819));
#7884=DIRECTION('',(-0.15625317950896814,-0.31057858995950083,0.9376171304706982));
#7885=AXIS2_PLACEMENT_3D('',#546,#7883,#7884);
#7886=PLANE('',#7885);
#7887=FACE_SURFACE('',(#7882),#7886,.T.);
#7888=POLY_LOOP('',(#546,#898,#798));
#7889=FACE_OUTER_BOUND('',#7888,.T.);
#7890=DIRECTION('',(-0.8174940527277581,0.5734172360545471,0.05381586337047089));
#7891=DIRECTION('',(-0.14213164165861675,-0.2914117014765911,0.9459798183269793));
#7892=AXIS2_PLACEMENT_3D('',#546,#7890,#7891);
#7893=PLANE('',#7892);
#7894=FACE_SURFACE('',(#7889),#7893,.T.);
#7895=POLY_LOOP('',(#877,#876,#882));
#7896=FACE_OUTER_BOUND('',#7895,.T.);
#7897=DIRECTION('',(-0.7368268980231786,0.6750860447408825,0.03667362193255353));
#7898=DIRECTION('',(0.22977103751173344,0.30106271882834545,-0.9255087842114013));
#7899=AXIS2_PLACEMENT_3D('',#877,#7897,#7898);
#7900=PLANE('',#7899);
#7901=FACE_SURFACE('',(#7896),#7900,.T.);
#7902=POLY_LOOP('',(#545,#899,#546));
#7903=FACE_OUTER_BOUND('',#7902,.T.);
#7904=DIRECTION('',(-0.7915422584338208,0.607697110149028,0.06453739559360994));
#7905=DIRECTION('',(0.6082999642504437,0.7936146737706743,-0.01212035761745593));
#7906=AXIS2_PLACEMENT_3D('',#545,#7904,#7905);
#7907=PLANE('',#7906);
#7908=FACE_SURFACE('',(#7903),#7907,.T.);
#7909=POLY_LOOP('',(#546,#900,#901));
#7910=FACE_OUTER_BOUND('',#7909,.T.);
#7911=DIRECTION('',(-0.7702232246933174,0.6339302440616202,0.06991873716681365));
#7912=DIRECTION('',(-0.03764098770040053,-0.1546221880331513,0.9872563674207318));
#7913=AXIS2_PLACEMENT_3D('',#546,#7911,#7912);
#7914=PLANE('',#7913);
#7915=FACE_SURFACE('',(#7910),#7914,.T.);
#7916=POLY_LOOP('',(#894,#882,#546));
#7917=FACE_OUTER_BOUND('',#7916,.T.);
#7918=DIRECTION('',(-0.7574857619326626,0.6488597234028757,0.07208591967116192));
#7919=DIRECTION('',(0.05791434946598403,0.17676721150875305,-0.9825473429109417));
#7920=AXIS2_PLACEMENT_3D('',#894,#7918,#7919);
#7921=PLANE('',#7920);
#7922=FACE_SURFACE('',(#7917),#7921,.T.);
#7923=POLY_LOOP('',(#901,#902,#546));
#7924=FACE_OUTER_BOUND('',#7923,.T.);
#7925=DIRECTION('',(-0.7622866026919485,0.6432955121793845,0.07134437165068243));
#7926=DIRECTION('',(0.4365232311374249,0.5923677061526765,-0.6771617010616877));
#7927=AXIS2_PLACEMENT_3D('',#901,#7925,#7926);
#7928=PLANE('',#7927);
#7929=FACE_SURFACE('',(#7924),#7928,.T.);
#7930=POLY_LOOP('',(#546,#902,#903));
#7931=FACE_OUTER_BOUND('',#7930,.T.);
#7932=DIRECTION('',(-0.7568038509990846,0.6496450700282295,0.07217488552794596));
#7933=DIRECTION('',(-0.009639387842313586,-0.12150006759139424,0.9925446165172183));
#7934=AXIS2_PLACEMENT_3D('',#546,#7932,#7933);
#7935=PLANE('',#7934);
#7936=FACE_SURFACE('',(#7931),#7935,.T.);
#7937=POLY_LOOP('',(#546,#903,#894));
#7938=FACE_OUTER_BOUND('',#7937,.T.);
#7939=DIRECTION('',(-0.7583935682749292,0.6478111297146576,0.07197177097334274));
#7940=DIRECTION('',(0.00016918859434426604,-0.11022489047230079,0.9939066580396717));
#7941=AXIS2_PLACEMENT_3D('',#546,#7939,#7940);
#7942=PLANE('',#7941);
#7943=FACE_SURFACE('',(#7938),#7942,.T.);
#7944=POLY_LOOP('',(#894,#903,#895));
#7945=FACE_OUTER_BOUND('',#7944,.T.);
#7946=DIRECTION('',(-0.7525364248269878,0.6544350796588736,0.07350956278266726));
#7947=DIRECTION('',(-0.0578803429014838,-0.1769187469990972,0.9825220724573448));
#7948=AXIS2_PLACEMENT_3D('',#894,#7946,#7947);
#7949=PLANE('',#7948);
#7950=FACE_SURFACE('',(#7945),#7949,.T.);
#7951=POLY_LOOP('',(#546,#899,#900));
#7952=FACE_OUTER_BOUND('',#7951,.T.);
#7953=DIRECTION('',(-0.7792745203565759,0.6229976347678325,0.06786139548163732));
#7954=DIRECTION('',(-0.051911893489593,-0.17208693266465558,0.9837129880815825));
#7955=AXIS2_PLACEMENT_3D('',#546,#7953,#7954);
#7956=PLANE('',#7955);
#7957=FACE_SURFACE('',(#7952),#7956,.T.);
#7958=POLY_LOOP('',(#904,#871,#838));
#7959=FACE_OUTER_BOUND('',#7958,.T.);
#7960=DIRECTION('',(0.5730270448993395,0.8146422422800084,0.08943166613079748));
#7961=DIRECTION('',(0.46913116903277025,-0.41553851372945244,0.779258423021185));
#7962=AXIS2_PLACEMENT_3D('',#904,#7960,#7961);
#7963=PLANE('',#7962);
#7964=FACE_SURFACE('',(#7959),#7963,.T.);
#7965=POLY_LOOP('',(#893,#892,#15));
#7966=FACE_OUTER_BOUND('',#7965,.T.);
#7967=DIRECTION('',(-0.5167662976677109,0.8514081539160256,0.08975939527487996));
#7968=DIRECTION('',(-0.17251434054252993,-0.20625043118354608,0.9631716160393106));
#7969=AXIS2_PLACEMENT_3D('',#893,#7967,#7968);
#7970=PLANE('',#7969);
#7971=FACE_SURFACE('',(#7966),#7970,.T.);
#7972=POLY_LOOP('',(#891,#15,#14));
#7973=FACE_OUTER_BOUND('',#7972,.T.);
#7974=DIRECTION('',(-0.4423003789082392,0.8930935159506473,0.08218483183981591));
#7975=DIRECTION('',(-0.266973981472416,-0.21858879165073927,0.938586082030538));
#7976=AXIS2_PLACEMENT_3D('',#891,#7974,#7975);
#7977=PLANE('',#7976);
#7978=FACE_SURFACE('',(#7973),#7977,.T.);
#7979=POLY_LOOP('',(#905,#906,#907));
#7980=FACE_OUTER_BOUND('',#7979,.T.);
#7981=DIRECTION('',(0.060481892465468395,0.9915403119163239,0.11484663917013306));
#7982=DIRECTION('',(0.9847336944465673,-0.07808587627702662,0.15557039225914215));
#7983=AXIS2_PLACEMENT_3D('',#905,#7981,#7982);
#7984=PLANE('',#7983);
#7985=FACE_SURFACE('',(#7980),#7984,.T.);
#7986=POLY_LOOP('',(#907,#906,#908));
#7987=FACE_OUTER_BOUND('',#7986,.T.);
#7988=DIRECTION('',(0.09733632399070317,0.9883855100544604,0.11670357126652599));
#7989=DIRECTION('',(-0.05950781784708623,-0.11127082567693809,0.9920068663916851));
#7990=AXIS2_PLACEMENT_3D('',#907,#7988,#7989);
#7991=PLANE('',#7990);
#7992=FACE_SURFACE('',(#7987),#7991,.T.);
#7993=POLY_LOOP('',(#907,#908,#909));
#7994=FACE_OUTER_BOUND('',#7993,.T.);
#7995=DIRECTION('',(0.14339835804463283,0.9828310475690345,0.11610358669936699));
#7996=DIRECTION('',(-0.0011901916843116915,-0.11714469433117425,0.9931141445140182));
#7997=AXIS2_PLACEMENT_3D('',#907,#7995,#7996);
#7998=PLANE('',#7997);
#7999=FACE_SURFACE('',(#7994),#7998,.T.);
#8000=POLY_LOOP('',(#909,#908,#910));
#8001=FACE_OUTER_BOUND('',#8000,.T.);
#8002=DIRECTION('',(0.13411655310716797,0.9842128503170791,0.11548946035627146));
#8003=DIRECTION('',(-0.08124300753716823,-0.10522959131637673,0.9911237595970062));
#8004=AXIS2_PLACEMENT_3D('',#909,#8002,#8003);
#8005=PLANE('',#8004);
#8006=FACE_SURFACE('',(#8001),#8005,.T.);
#8007=POLY_LOOP('',(#909,#910,#911));
#8008=FACE_OUTER_BOUND('',#8007,.T.);
#8009=DIRECTION('',(0.17464864876117386,0.9780831202450189,0.11336339522819579));
#8010=DIRECTION('',(0.03373783269085852,-0.12100973279035522,0.99207782114879));
#8011=AXIS2_PLACEMENT_3D('',#909,#8009,#8010);
#8012=PLANE('',#8011);
#8013=FACE_SURFACE('',(#8008),#8012,.T.);
#8014=POLY_LOOP('',(#912,#913,#16));
#8015=FACE_OUTER_BOUND('',#8014,.T.);
#8016=DIRECTION('',(0.4539769156947584,0.8870241312279287,0.08422084442471721));
#8017=DIRECTION('',(0.716190663765645,-0.3070375729985405,-0.6267366766849463));
#8018=AXIS2_PLACEMENT_3D('',#912,#8016,#8017);
#8019=PLANE('',#8018);
#8020=FACE_SURFACE('',(#8015),#8019,.T.);
#8021=POLY_LOOP('',(#914,#915,#916));
#8022=FACE_OUTER_BOUND('',#8021,.T.);
#8023=DIRECTION('',(0.31078597014113657,0.9449459768006523,0.10241670611620919));
#8024=DIRECTION('',(0.0655289912840363,-0.12879802150271913,0.9895034213979664));
#8025=AXIS2_PLACEMENT_3D('',#914,#8023,#8024);
#8026=PLANE('',#8025);
#8027=FACE_SURFACE('',(#8022),#8026,.T.);
#8028=POLY_LOOP('',(#915,#917,#916));
#8029=FACE_OUTER_BOUND('',#8028,.T.);
#8030=DIRECTION('',(0.3092061843105371,0.9454719316565174,0.10234433073606011));
#8031=DIRECTION('',(0.9503103275930818,-0.3112721059802249,0.0044673603576661286));
#8032=AXIS2_PLACEMENT_3D('',#915,#8030,#8031);
#8033=PLANE('',#8032);
#8034=FACE_SURFACE('',(#8029),#8033,.T.);
#8035=POLY_LOOP('',(#916,#918,#919));
#8036=FACE_OUTER_BOUND('',#8035,.T.);
#8037=DIRECTION('',(0.4083558248002752,0.9080516366065627,0.09320807694524011));
#8038=DIRECTION('',(0.08350928046707151,-0.13884453890762924,0.9867869040939892));
#8039=AXIS2_PLACEMENT_3D('',#916,#8037,#8038);
#8040=PLANE('',#8039);
#8041=FACE_SURFACE('',(#8036),#8040,.T.);
#8042=POLY_LOOP('',(#838,#825,#16));
#8043=FACE_OUTER_BOUND('',#8042,.T.);
#8044=DIRECTION('',(0.5254716592515595,0.8460021339520997,0.09033230137612348));
#8045=DIRECTION('',(0.027389812317029784,0.08929627288889828,-0.9956284316095987));
#8046=AXIS2_PLACEMENT_3D('',#838,#8044,#8045);
#8047=PLANE('',#8046);
#8048=FACE_SURFACE('',(#8043),#8047,.T.);
#8049=POLY_LOOP('',(#16,#825,#873));
#8050=FACE_OUTER_BOUND('',#8049,.T.);
#8051=DIRECTION('',(0.5198449402679898,0.8495524132071431,0.08956525716866759));
#8052=DIRECTION('',(0.14478109179496035,0.01571025191976798,-0.9893389830807622));
#8053=AXIS2_PLACEMENT_3D('',#16,#8051,#8052);
#8054=PLANE('',#8053);
#8055=FACE_SURFACE('',(#8050),#8054,.T.);
#8056=POLY_LOOP('',(#919,#912,#916));
#8057=FACE_OUTER_BOUND('',#8056,.T.);
#8058=DIRECTION('',(0.438056483697675,0.8948667175671494,0.08555743615270399));
#8059=DIRECTION('',(0.8306554299993126,-0.3665532673505231,-0.4191065005548268));
#8060=AXIS2_PLACEMENT_3D('',#919,#8058,#8059);
#8061=PLANE('',#8060);
#8062=FACE_SURFACE('',(#8057),#8061,.T.);
#8063=POLY_LOOP('',(#916,#912,#16));
#8064=FACE_OUTER_BOUND('',#8063,.T.);
#8065=DIRECTION('',(0.4515220133457634,0.8885156679054685,0.08165647157872616));
#8066=DIRECTION('',(0.19151499788412163,-0.18589164438832312,0.9637252212804488));
#8067=AXIS2_PLACEMENT_3D('',#916,#8065,#8066);
#8068=PLANE('',#8067);
#8069=FACE_SURFACE('',(#8064),#8068,.T.);
#8070=POLY_LOOP('',(#916,#16,#872));
#8071=FACE_OUTER_BOUND('',#8070,.T.);
#8072=DIRECTION('',(0.36381886641710925,0.924428725190487,0.11431257359389749));
#8073=DIRECTION('',(0.26053279913983957,-0.21881580403152168,0.9403415892527559));
#8074=AXIS2_PLACEMENT_3D('',#916,#8072,#8073);
#8075=PLANE('',#8074);
#8076=FACE_SURFACE('',(#8071),#8075,.T.);
#8077=POLY_LOOP('',(#916,#917,#918));
#8078=FACE_OUTER_BOUND('',#8077,.T.);
#8079=DIRECTION('',(0.3566815885511261,0.9288044818859987,0.10050113838721797));
#8080=DIRECTION('',(0.0007324603754728384,-0.10785489275904914,0.9941663772275404));
#8081=AXIS2_PLACEMENT_3D('',#916,#8079,#8080);
#8082=PLANE('',#8081);
#8083=FACE_SURFACE('',(#8078),#8082,.T.);
#8084=POLY_LOOP('',(#893,#15,#891));
#8085=FACE_OUTER_BOUND('',#8084,.T.);
#8086=DIRECTION('',(-0.37571553129642293,0.9204787435814051,0.10750219605870627));
#8087=DIRECTION('',(-0.05652883589287396,-0.13854811877462186,0.9887410730300474));
#8088=AXIS2_PLACEMENT_3D('',#893,#8086,#8087);
#8089=PLANE('',#8088);
#8090=FACE_SURFACE('',(#8085),#8089,.T.);
#8091=POLY_LOOP('',(#914,#911,#915));
#8092=FACE_OUTER_BOUND('',#8091,.T.);
#8093=DIRECTION('',(0.2383525393423204,0.9649498533745476,0.10981733679846085));
#8094=DIRECTION('',(-0.1120270504765648,-0.08500351331690655,0.990062797344342));
#8095=AXIS2_PLACEMENT_3D('',#914,#8093,#8094);
#8096=PLANE('',#8095);
#8097=FACE_SURFACE('',(#8092),#8096,.T.);
#8098=POLY_LOOP('',(#920,#905,#907));
#8099=FACE_OUTER_BOUND('',#8098,.T.);
#8100=DIRECTION('',(0.08942109833273379,0.9887188799198843,0.12016173959683281));
#8101=DIRECTION('',(-0.03868662973612548,-0.11710606529654215,0.9923656151592627));
#8102=AXIS2_PLACEMENT_3D('',#920,#8100,#8101);
#8103=PLANE('',#8102);
#8104=FACE_SURFACE('',(#8099),#8103,.T.);
#8105=POLY_LOOP('',(#891,#14,#889));
#8106=FACE_OUTER_BOUND('',#8105,.T.);
#8107=DIRECTION('',(-0.438858440195536,0.8946749009944547,0.08342715984440528));
#8108=DIRECTION('',(-0.2457254569298711,-0.20880153207597582,0.9465838156335293));
#8109=AXIS2_PLACEMENT_3D('',#891,#8107,#8108);
#8110=PLANE('',#8109);
#8111=FACE_SURFACE('',(#8106),#8110,.T.);
#8112=POLY_LOOP('',(#890,#921,#891));
#8113=FACE_OUTER_BOUND('',#8112,.T.);
#8114=DIRECTION('',(-0.337293940882066,0.9358579850244851,0.10199328071081974));
#8115=DIRECTION('',(0.9410813577677087,0.33237932480713195,0.06236876223592013));
#8116=AXIS2_PLACEMENT_3D('',#890,#8114,#8115);
#8117=PLANE('',#8116);
#8118=FACE_SURFACE('',(#8113),#8117,.T.);
#8119=POLY_LOOP('',(#891,#921,#922));
#8120=FACE_OUTER_BOUND('',#8119,.T.);
#8121=DIRECTION('',(-0.29969856783503823,0.9484118071587689,0.10342056120262136));
#8122=DIRECTION('',(-0.0013952319589507387,-0.1088390365960983,0.9940584074593475));
#8123=AXIS2_PLACEMENT_3D('',#891,#8121,#8122);
#8124=PLANE('',#8123);
#8125=FACE_SURFACE('',(#8120),#8124,.T.);
#8126=POLY_LOOP('',(#891,#922,#923));
#8127=FACE_OUTER_BOUND('',#8126,.T.);
#8128=DIRECTION('',(-0.27765669436148344,0.9551813659341262,0.10264169839042439));
#8129=DIRECTION('',(0.06236751507234539,-0.08869499083070852,0.9941043665859441));
#8130=AXIS2_PLACEMENT_3D('',#891,#8128,#8129);
#8131=PLANE('',#8130);
#8132=FACE_SURFACE('',(#8127),#8131,.T.);
#8133=POLY_LOOP('',(#922,#924,#923));
#8134=FACE_OUTER_BOUND('',#8133,.T.);
#8135=DIRECTION('',(-0.26576020057429944,0.9584059044551086,0.10406554711475428));
#8136=DIRECTION('',(0.9609054697293068,0.27204514417135783,-0.05149871626638335));
#8137=AXIS2_PLACEMENT_3D('',#922,#8135,#8136);
#8138=PLANE('',#8137);
#8139=FACE_SURFACE('',(#8134),#8138,.T.);
#8140=POLY_LOOP('',(#923,#924,#925));
#8141=FACE_OUTER_BOUND('',#8140,.T.);
#8142=DIRECTION('',(-0.2154661585223861,0.9706293290219214,0.10701887765277987));
#8143=DIRECTION('',(-0.030071498369678963,-0.11613637488663031,0.992777944665369));
#8144=AXIS2_PLACEMENT_3D('',#923,#8142,#8143);
#8145=PLANE('',#8144);
#8146=FACE_SURFACE('',(#8141),#8145,.T.);
#8147=POLY_LOOP('',(#909,#911,#914));
#8148=FACE_OUTER_BOUND('',#8147,.T.);
#8149=DIRECTION('',(0.21791820005957505,0.9699800278493887,0.1079370356091643));
#8150=DIRECTION('',(0.09897246311770112,-0.1319882565841314,0.9862979020905889));
#8151=AXIS2_PLACEMENT_3D('',#909,#8149,#8150);
#8152=PLANE('',#8151);
#8153=FACE_SURFACE('',(#8148),#8152,.T.);
#8154=POLY_LOOP('',(#923,#925,#926));
#8155=FACE_OUTER_BOUND('',#8154,.T.);
#8156=DIRECTION('',(-0.1891916626663533,0.9763295879613353,0.104819132074206));
#8157=DIRECTION('',(0.10177443520340125,-0.08667507947782402,0.9910244169224801));
#8158=AXIS2_PLACEMENT_3D('',#923,#8156,#8157);
#8159=PLANE('',#8158);
#8160=FACE_SURFACE('',(#8155),#8159,.T.);
#8161=POLY_LOOP('',(#926,#927,#928));
#8162=FACE_OUTER_BOUND('',#8161,.T.);
#8163=DIRECTION('',(-0.13069156630052903,0.9851811670289681,0.11107557170393056));
#8164=DIRECTION('',(0.006308283372761085,-0.11120789607731665,0.9937771427291664));
#8165=AXIS2_PLACEMENT_3D('',#926,#8163,#8164);
#8166=PLANE('',#8165);
#8167=FACE_SURFACE('',(#8162),#8166,.T.);
#8168=POLY_LOOP('',(#928,#927,#929));
#8169=FACE_OUTER_BOUND('',#8168,.T.);
#8170=DIRECTION('',(-0.1082859497505955,0.9877471387295184,0.11238212944352473));
#8171=DIRECTION('',(-0.044366900781074664,-0.11773598079259182,0.9920533337184492));
#8172=AXIS2_PLACEMENT_3D('',#928,#8170,#8171);
#8173=PLANE('',#8172);
#8174=FACE_SURFACE('',(#8169),#8173,.T.);
#8175=POLY_LOOP('',(#928,#929,#930));
#8176=FACE_OUTER_BOUND('',#8175,.T.);
#8177=DIRECTION('',(-0.08369947147602783,0.990101961276429,0.11266101699879232));
#8178=DIRECTION('',(-0.0004385016617081265,-0.11309431623808859,0.9935841601751368));
#8179=AXIS2_PLACEMENT_3D('',#928,#8177,#8178);
#8180=PLANE('',#8179);
#8181=FACE_SURFACE('',(#8176),#8180,.T.);
#8182=POLY_LOOP('',(#930,#929,#931));
#8183=FACE_OUTER_BOUND('',#8182,.T.);
#8184=DIRECTION('',(-0.0554671824576351,0.9914415637296284,0.11818213646554321));
#8185=DIRECTION('',(-0.18459804396101842,-0.12650665772391723,0.9746382034977337));
#8186=AXIS2_PLACEMENT_3D('',#930,#8184,#8185);
#8187=PLANE('',#8186);
#8188=FACE_SURFACE('',(#8183),#8187,.T.);
#8189=POLY_LOOP('',(#930,#931,#920));
#8190=FACE_OUTER_BOUND('',#8189,.T.);
#8191=DIRECTION('',(0.004054452360922603,0.9932388650878374,0.11601774991387259));
#8192=DIRECTION('',(0.03959380638968078,-0.11608717530261613,0.9924495444232095));
#8193=AXIS2_PLACEMENT_3D('',#930,#8191,#8192);
#8194=PLANE('',#8193);
#8195=FACE_SURFACE('',(#8190),#8194,.T.);
#8196=POLY_LOOP('',(#920,#931,#905));
#8197=FACE_OUTER_BOUND('',#8196,.T.);
#8198=DIRECTION('',(0.012192161937297169,0.9929798201488049,0.11765384806516886));
#8199=DIRECTION('',(-0.19929991342329892,-0.11288855856504912,0.9734144635532035));
#8200=AXIS2_PLACEMENT_3D('',#920,#8198,#8199);
#8201=PLANE('',#8200);
#8202=FACE_SURFACE('',(#8197),#8201,.T.);
#8203=POLY_LOOP('',(#926,#925,#927));
#8204=FACE_OUTER_BOUND('',#8203,.T.);
#8205=DIRECTION('',(-0.14835043273460832,0.9826958939551369,0.11090955374163636));
#8206=DIRECTION('',(-0.12637646224963103,-0.1300691872874618,0.9834180170749602));
#8207=AXIS2_PLACEMENT_3D('',#926,#8205,#8206);
#8208=PLANE('',#8207);
#8209=FACE_SURFACE('',(#8204),#8208,.T.);
#8210=POLY_LOOP('',(#634,#801,#799));
#8211=FACE_OUTER_BOUND('',#8210,.T.);
#8212=DIRECTION('',(0.9949346909967396,0.09991068388374784,0.011082233398742243));
#8213=DIRECTION('',(-0.09303226253728192,0.8734168072962639,0.4780042665704933));
#8214=AXIS2_PLACEMENT_3D('',#634,#8212,#8213);
#8215=PLANE('',#8214);
#8216=FACE_SURFACE('',(#8211),#8215,.T.);
#8217=POLY_LOOP('',(#853,#870,#932));
#8218=FACE_OUTER_BOUND('',#8217,.T.);
#8219=DIRECTION('',(0.9452365484097124,0.3246227444254826,0.033881283213027635));
#8220=DIRECTION('',(-0.23568606652834054,0.6070636034649427,0.7588977924546607));
#8221=AXIS2_PLACEMENT_3D('',#853,#8219,#8220);
#8222=PLANE('',#8221);
#8223=FACE_SURFACE('',(#8218),#8222,.T.);
#8224=POLY_LOOP('',(#869,#853,#933));
#8225=FACE_OUTER_BOUND('',#8224,.T.);
#8226=DIRECTION('',(0.9440510600595868,0.328504379769138,0.029197062743780224));
#8227=DIRECTION('',(0.30822780185001747,-0.8473462479949571,-0.43243491784958243));
#8228=AXIS2_PLACEMENT_3D('',#869,#8226,#8227);
#8229=PLANE('',#8228);
#8230=FACE_SURFACE('',(#8225),#8229,.T.);
#8231=POLY_LOOP('',(#934,#935,#936));
#8232=FACE_OUTER_BOUND('',#8231,.T.);
#8233=DIRECTION('',(0.9905792784103461,0.13616033238925168,0.014596474495112413));
#8234=DIRECTION('',(0.07795806769756101,-0.47307674063135663,-0.8775653463728355));
#8235=AXIS2_PLACEMENT_3D('',#934,#8233,#8234);
#8236=PLANE('',#8235);
#8237=FACE_SURFACE('',(#8232),#8236,.T.);
#8238=POLY_LOOP('',(#936,#935,#937));
#8239=FACE_OUTER_BOUND('',#8238,.T.);
#8240=DIRECTION('',(0.9905661053425066,0.13623066434796402,0.014832297121176388));
#8241=DIRECTION('',(0.12612868177532607,-0.9486843337024864,0.28998205223959655));
#8242=AXIS2_PLACEMENT_3D('',#936,#8240,#8241);
#8243=PLANE('',#8242);
#8244=FACE_SURFACE('',(#8239),#8243,.T.);
#8245=POLY_LOOP('',(#936,#937,#938));
#8246=FACE_OUTER_BOUND('',#8245,.T.);
#8247=DIRECTION('',(0.9905467078104542,0.13631815777665734,0.015315988582157582));
#8248=DIRECTION('',(0.13131284430454174,-0.9745743552932332,0.18155374665764937));
#8249=AXIS2_PLACEMENT_3D('',#936,#8247,#8248);
#8250=PLANE('',#8249);
#8251=FACE_SURFACE('',(#8246),#8250,.T.);
#8252=POLY_LOOP('',(#939,#940,#936));
#8253=FACE_OUTER_BOUND('',#8252,.T.);
#8254=DIRECTION('',(0.9895096155796526,0.14364356784313953,0.015402794963947404));
#8255=DIRECTION('',(0.07872058957739259,-0.6255130510240721,0.7762322408758505));
#8256=AXIS2_PLACEMENT_3D('',#939,#8254,#8255);
#8257=PLANE('',#8256);
#8258=FACE_SURFACE('',(#8253),#8257,.T.);
#8259=POLY_LOOP('',(#940,#941,#936));
#8260=FACE_OUTER_BOUND('',#8259,.T.);
#8261=DIRECTION('',(0.9895355144438776,0.14344485910831775,0.015589677664583353));
#8262=DIRECTION('',(0.10404188124411178,-0.7842015311465403,0.611721542447712));
#8263=AXIS2_PLACEMENT_3D('',#940,#8261,#8262);
#8264=PLANE('',#8263);
#8265=FACE_SURFACE('',(#8260),#8264,.T.);
#8266=POLY_LOOP('',(#936,#941,#942));
#8267=FACE_OUTER_BOUND('',#8266,.T.);
#8268=DIRECTION('',(0.9896339566189211,0.14271489497771886,0.016034046846579622));
#8269=DIRECTION('',(-0.08732785586477908,0.5093782237193071,0.85610026912192));
#8270=AXIS2_PLACEMENT_3D('',#936,#8268,#8269);
#8271=PLANE('',#8270);
#8272=FACE_SURFACE('',(#8267),#8271,.T.);
#8273=POLY_LOOP('',(#936,#943,#934));
#8274=FACE_OUTER_BOUND('',#8273,.T.);
#8275=DIRECTION('',(0.9905569291076699,0.13630173583674854,0.014792126441858676));
#8276=DIRECTION('',(0.08494189608123832,-0.6948094279864735,0.7141601592578751));
#8277=AXIS2_PLACEMENT_3D('',#936,#8275,#8276);
#8278=PLANE('',#8277);
#8279=FACE_SURFACE('',(#8274),#8278,.T.);
#8280=POLY_LOOP('',(#936,#942,#944));
#8281=FACE_OUTER_BOUND('',#8280,.T.);
#8282=DIRECTION('',(0.9897966361504755,0.14154865368291372,0.016327819994034605));
#8283=DIRECTION('',(-0.049953959568355605,0.23740404495108558,0.9701257245142539));
#8284=AXIS2_PLACEMENT_3D('',#936,#8282,#8283);
#8285=PLANE('',#8284);
#8286=FACE_SURFACE('',(#8281),#8285,.T.);
#8287=POLY_LOOP('',(#938,#330,#368));
#8288=FACE_OUTER_BOUND('',#8287,.T.);
#8289=DIRECTION('',(0.9886880100821802,0.149073150034462,0.016529206228416683));
#8290=DIRECTION('',(0.0066483853457938655,0.06653800974404034,-0.9977617412146028));
#8291=AXIS2_PLACEMENT_3D('',#938,#8289,#8290);
#8292=PLANE('',#8291);
#8293=FACE_SURFACE('',(#8288),#8292,.T.);
#8294=POLY_LOOP('',(#368,#372,#938));
#8295=FACE_OUTER_BOUND('',#8294,.T.);
#8296=DIRECTION('',(0.9809423197135644,0.19110636814028586,0.03507878919234296));
#8297=DIRECTION('',(-0.19429294678218292,0.9633478859443206,0.18496243261079864));
#8298=AXIS2_PLACEMENT_3D('',#368,#8296,#8297);
#8299=PLANE('',#8298);
#8300=FACE_SURFACE('',(#8295),#8299,.T.);
#8301=POLY_LOOP('',(#938,#372,#391));
#8302=FACE_OUTER_BOUND('',#8301,.T.);
#8303=DIRECTION('',(0.9760937261681011,0.21124329075022744,0.051159650588008754));
#8304=DIRECTION('',(-0.09026658643750125,0.6081072786575856,-0.788706207035666));
#8305=AXIS2_PLACEMENT_3D('',#938,#8303,#8304);
#8306=PLANE('',#8305);
#8307=FACE_SURFACE('',(#8302),#8306,.T.);
#8308=POLY_LOOP('',(#938,#391,#936));
#8309=FACE_OUTER_BOUND('',#8308,.T.);
#8310=DIRECTION('',(0.9905794916670816,0.13669956642125988,-0.008093159384675048));
#8311=DIRECTION('',(-0.090461567812278,0.6088617887896659,-0.7881015333704111));
#8312=AXIS2_PLACEMENT_3D('',#938,#8310,#8311);
#8313=PLANE('',#8312);
#8314=FACE_SURFACE('',(#8309),#8313,.T.);
#8315=POLY_LOOP('',(#936,#391,#945));
#8316=FACE_OUTER_BOUND('',#8315,.T.);
#8317=DIRECTION('',(0.9896282427548089,0.1436187680607856,-0.003096869827931684));
#8318=DIRECTION('',(-0.08605598330755983,0.5754453133256069,-0.8133001039644365));
#8319=AXIS2_PLACEMENT_3D('',#936,#8317,#8318);
#8320=PLANE('',#8319);
#8321=FACE_SURFACE('',(#8316),#8320,.T.);
#8322=POLY_LOOP('',(#936,#945,#939));
#8323=FACE_OUTER_BOUND('',#8322,.T.);
#8324=DIRECTION('',(0.9895491258270253,0.14330071122161372,0.01604474176637617));
#8325=DIRECTION('',(-0.14355284678710956,0.9895157436606272,0.015848445572751266));
#8326=AXIS2_PLACEMENT_3D('',#936,#8324,#8325);
#8327=PLANE('',#8326);
#8328=FACE_SURFACE('',(#8323),#8327,.T.);
#8329=POLY_LOOP('',(#352,#330,#938));
#8330=FACE_OUTER_BOUND('',#8329,.T.);
#8331=DIRECTION('',(0.9912892449847159,0.13080776269069688,0.015328470161314419));
#8332=DIRECTION('',(0.0019562742907014135,0.1017497160308693,-0.9948081062589593));
#8333=AXIS2_PLACEMENT_3D('',#352,#8331,#8332);
#8334=PLANE('',#8333);
#8335=FACE_SURFACE('',(#8330),#8334,.T.);
#8336=POLY_LOOP('',(#352,#354,#330));
#8337=FACE_OUTER_BOUND('',#8336,.T.);
#8338=DIRECTION('',(0.9915658076728093,0.12871974297467423,0.015115449801546147));
#8339=DIRECTION('',(0.03266602198645274,-0.36107567961251263,0.9319642077890882));
#8340=AXIS2_PLACEMENT_3D('',#352,#8338,#8339);
#8341=PLANE('',#8340);
#8342=FACE_SURFACE('',(#8337),#8341,.T.);
#8343=POLY_LOOP('',(#936,#946,#943));
#8344=FACE_OUTER_BOUND('',#8343,.T.);
#8345=DIRECTION('',(0.9904520308522736,0.1369869187935853,0.015471220380001025));
#8346=DIRECTION('',(0.041062028730952,-0.40028224086034025,0.915471483689319));
#8347=AXIS2_PLACEMENT_3D('',#936,#8345,#8346);
#8348=PLANE('',#8347);
#8349=FACE_SURFACE('',(#8344),#8348,.T.);
#8350=POLY_LOOP('',(#936,#944,#947));
#8351=FACE_OUTER_BOUND('',#8350,.T.);
#8352=DIRECTION('',(0.9900349548575978,0.13985481095201255,0.016474829701430264));
#8353=DIRECTION('',(-0.02822979393194521,0.08248831064016757,0.9961921287293386));
#8354=AXIS2_PLACEMENT_3D('',#936,#8352,#8353);
#8355=PLANE('',#8354);
#8356=FACE_SURFACE('',(#8351),#8355,.T.);
#8357=POLY_LOOP('',(#948,#949,#950));
#8358=FACE_OUTER_BOUND('',#8357,.T.);
#8359=DIRECTION('',(0.984220736540968,0.17591101359246036,0.019101231887702783));
#8360=DIRECTION('',(0.0632774514239072,-0.24909974164191181,-0.9664084451489586));
#8361=AXIS2_PLACEMENT_3D('',#948,#8359,#8360);
#8362=PLANE('',#8361);
#8363=FACE_SURFACE('',(#8358),#8362,.T.);
#8364=POLY_LOOP('',(#950,#949,#951));
#8365=FACE_OUTER_BOUND('',#8364,.T.);
#8366=DIRECTION('',(0.9841935247930277,0.17600502600097429,0.019629991795010907));
#8367=DIRECTION('',(0.16963346257812265,-0.9687485982989741,0.18097138355974854));
#8368=AXIS2_PLACEMENT_3D('',#950,#8366,#8367);
#8369=PLANE('',#8368);
#8370=FACE_SURFACE('',(#8365),#8369,.T.);
#8371=POLY_LOOP('',(#950,#951,#391));
#8372=FACE_OUTER_BOUND('',#8371,.T.);
#8373=DIRECTION('',(0.9842635962404233,0.1760982108842474,0.014649001305084593));
#8374=DIRECTION('',(0.17632451611336242,-0.984203146626473,-0.015932080464830998));
#8375=AXIS2_PLACEMENT_3D('',#950,#8373,#8374);
#8376=PLANE('',#8375);
#8377=FACE_SURFACE('',(#8372),#8376,.T.);
#8378=POLY_LOOP('',(#391,#951,#952));
#8379=FACE_OUTER_BOUND('',#8378,.T.);
#8380=DIRECTION('',(0.9855101849367562,0.16921962621592643,0.01159282059132023));
#8381=DIRECTION('',(0.057333664199674,-0.3966673858864317,0.9161702003031227));
#8382=AXIS2_PLACEMENT_3D('',#391,#8380,#8381);
#8383=PLANE('',#8382);
#8384=FACE_SURFACE('',(#8379),#8383,.T.);
#8385=POLY_LOOP('',(#391,#952,#953));
#8386=FACE_OUTER_BOUND('',#8385,.T.);
#8387=DIRECTION('',(0.9865744354702403,0.1630847861309505,0.008616020496652697));
#8388=DIRECTION('',(0.06268457803386163,-0.4268690277738773,0.902138280311894));
#8389=AXIS2_PLACEMENT_3D('',#391,#8387,#8388);
#8390=PLANE('',#8389);
#8391=FACE_SURFACE('',(#8386),#8390,.T.);
#8392=POLY_LOOP('',(#953,#952,#954));
#8393=FACE_OUTER_BOUND('',#8392,.T.);
#8394=DIRECTION('',(0.9864729482303868,0.1629152222756517,0.01815909580688089));
#8395=DIRECTION('',(-0.16320474902251905,0.9864658218397109,0.01579215750302604));
#8396=AXIS2_PLACEMENT_3D('',#953,#8394,#8395);
#8397=PLANE('',#8396);
#8398=FACE_SURFACE('',(#8393),#8397,.T.);
#8399=POLY_LOOP('',(#947,#946,#936));
#8400=FACE_OUTER_BOUND('',#8399,.T.);
#8401=DIRECTION('',(0.9902665409951159,0.13825721545322342,0.016034966812867972));
#8402=DIRECTION('',(0.13560805391809272,-0.9324534215183797,-0.33487471151344733));
#8403=AXIS2_PLACEMENT_3D('',#947,#8401,#8402);
#8404=PLANE('',#8403);
#8405=FACE_SURFACE('',(#8400),#8404,.T.);
#8406=POLY_LOOP('',(#953,#954,#955));
#8407=FACE_OUTER_BOUND('',#8406,.T.);
#8408=DIRECTION('',(0.9864256354897176,0.1632757899561756,0.017478045167963877));
#8409=DIRECTION('',(-0.15219156750485532,0.8690755013355598,0.47068620094364394));
#8410=AXIS2_PLACEMENT_3D('',#953,#8408,#8409);
#8411=PLANE('',#8410);
#8412=FACE_SURFACE('',(#8407),#8411,.T.);
#8413=POLY_LOOP('',(#953,#956,#957));
#8414=FACE_OUTER_BOUND('',#8413,.T.);
#8415=DIRECTION('',(0.9865819996252422,0.1622525261841657,0.0181679872940169));
#8416=DIRECTION('',(-0.09968649469299058,0.5105137072924586,0.8540716348423791));
#8417=AXIS2_PLACEMENT_3D('',#953,#8415,#8416);
#8418=PLANE('',#8417);
#8419=FACE_SURFACE('',(#8414),#8418,.T.);
#8420=POLY_LOOP('',(#953,#957,#958));
#8421=FACE_OUTER_BOUND('',#8420,.T.);
#8422=DIRECTION('',(0.9867875844107385,0.16096011782895006,0.018496046099375944));
#8423=DIRECTION('',(-0.05685714573263576,0.23712841966038584,0.9698130632078049));
#8424=AXIS2_PLACEMENT_3D('',#953,#8422,#8423);
#8425=PLANE('',#8424);
#8426=FACE_SURFACE('',(#8421),#8425,.T.);
#8427=POLY_LOOP('',(#959,#960,#953));
#8428=FACE_OUTER_BOUND('',#8427,.T.);
#8429=DIRECTION('',(0.9877642107544264,0.15503925189750223,0.016872887238051155));
#8430=DIRECTION('',(0.05559662170169032,-0.2489805999331342,-0.9669114108915541));
#8431=AXIS2_PLACEMENT_3D('',#959,#8429,#8430);
#8432=PLANE('',#8431);
#8433=FACE_SURFACE('',(#8428),#8432,.T.);
#8434=POLY_LOOP('',(#953,#960,#961));
#8435=FACE_OUTER_BOUND('',#8434,.T.);
#8436=DIRECTION('',(0.9877426457112723,0.15512432409575477,0.01734675523350743));
#8437=DIRECTION('',(0.14946826820365594,-0.9720023042645288,0.18130294345279227));
#8438=AXIS2_PLACEMENT_3D('',#953,#8436,#8437);
#8439=PLANE('',#8438);
#8440=FACE_SURFACE('',(#8435),#8439,.T.);
#8441=POLY_LOOP('',(#953,#961,#391));
#8442=FACE_OUTER_BOUND('',#8441,.T.);
#8443=DIRECTION('',(0.9878498196840634,0.15535045922752877,0.004355291948829201));
#8444=DIRECTION('',(0.15540072251319825,-0.9877233738186542,-0.015910759085329088));
#8445=AXIS2_PLACEMENT_3D('',#953,#8443,#8444);
#8446=PLANE('',#8445);
#8447=FACE_SURFACE('',(#8442),#8446,.T.);
#8448=POLY_LOOP('',(#391,#961,#945));
#8449=FACE_OUTER_BOUND('',#8448,.T.);
#8450=DIRECTION('',(0.9888274161150067,0.14906411560820135,0.0004801846146587284));
#8451=DIRECTION('',(0.07713935027625131,-0.5144605039903936,0.8540374174899529));
#8452=AXIS2_PLACEMENT_3D('',#391,#8450,#8451);
#8453=PLANE('',#8452);
#8454=FACE_SURFACE('',(#8449),#8453,.T.);
#8455=POLY_LOOP('',(#955,#956,#953));
#8456=FACE_OUTER_BOUND('',#8455,.T.);
#8457=DIRECTION('',(0.9864526073246621,0.16309426763317195,0.01764974128918304));
#8458=DIRECTION('',(0.11837407850577669,-0.7821679617723473,0.6117195902656709));
#8459=AXIS2_PLACEMENT_3D('',#955,#8457,#8458);
#8460=PLANE('',#8459);
#8461=FACE_SURFACE('',(#8456),#8460,.T.);
#8462=POLY_LOOP('',(#953,#962,#959));
#8463=FACE_OUTER_BOUND('',#8462,.T.);
#8464=DIRECTION('',(0.9877856427858279,0.1549391145587533,0.016534651067927442));
#8465=DIRECTION('',(0.11570139600647879,-0.8004028458450374,0.5881908460060539));
#8466=AXIS2_PLACEMENT_3D('',#953,#8464,#8465);
#8467=PLANE('',#8466);
#8468=FACE_SURFACE('',(#8463),#8467,.T.);
#8469=POLY_LOOP('',(#330,#354,#963));
#8470=FACE_OUTER_BOUND('',#8469,.T.);
#8471=DIRECTION('',(0.9917228400019934,0.12752004134180495,0.014981577839641916));
#8472=DIRECTION('',(-0.000741026515074837,-0.11099517101788273,0.9938206693817626));
#8473=AXIS2_PLACEMENT_3D('',#330,#8471,#8472);
#8474=PLANE('',#8473);
#8475=FACE_SURFACE('',(#8470),#8474,.T.);
#8476=POLY_LOOP('',(#964,#965,#966));
#8477=FACE_OUTER_BOUND('',#8476,.T.);
#8478=DIRECTION('',(0.9926988317730109,0.11990112339528133,0.013143439620168711));
#8479=DIRECTION('',(0.09038866029774259,-0.6673181908943842,-0.7392674226496293));
#8480=AXIS2_PLACEMENT_3D('',#964,#8478,#8479);
#8481=PLANE('',#8480);
#8482=FACE_SURFACE('',(#8477),#8481,.T.);
#8483=POLY_LOOP('',(#967,#968,#969));
#8484=FACE_OUTER_BOUND('',#8483,.T.);
#8485=DIRECTION('',(0.993683900842024,0.11154862194276118,0.012215160664111638));
#8486=DIRECTION('',(-0.10384042343321873,0.8727939690010587,0.47691493385779915));
#8487=AXIS2_PLACEMENT_3D('',#967,#8485,#8486);
#8488=PLANE('',#8487);
#8489=FACE_SURFACE('',(#8484),#8488,.T.);
#8490=POLY_LOOP('',(#969,#970,#967));
#8491=FACE_OUTER_BOUND('',#8490,.T.);
#8492=DIRECTION('',(0.9936984383467539,0.11140418370079042,0.012349958752277537));
#8493=DIRECTION('',(0.0806182396676642,-0.786914683227929,0.6117728179260461));
#8494=AXIS2_PLACEMENT_3D('',#969,#8492,#8493);
#8495=PLANE('',#8494);
#8496=FACE_SURFACE('',(#8491),#8495,.T.);
#8497=POLY_LOOP('',(#967,#970,#971));
#8498=FACE_OUTER_BOUND('',#8497,.T.);
#8499=DIRECTION('',(0.9937505071208006,0.1109050301506545,0.012649264185469012));
#8500=DIRECTION('',(-0.06761241800123617,0.5078859491092402,0.8587668039866424));
#8501=AXIS2_PLACEMENT_3D('',#967,#8499,#8500);
#8502=PLANE('',#8501);
#8503=FACE_SURFACE('',(#8498),#8502,.T.);
#8504=POLY_LOOP('',(#967,#971,#972));
#8505=FACE_OUTER_BOUND('',#8504,.T.);
#8506=DIRECTION('',(0.9938425891189306,0.11005216553550619,0.012861917210349086));
#8507=DIRECTION('',(-0.03889220532041518,0.23779421702544892,0.9705366076117729));
#8508=AXIS2_PLACEMENT_3D('',#967,#8506,#8507);
#8509=PLANE('',#8508);
#8510=FACE_SURFACE('',(#8505),#8509,.T.);
#8511=POLY_LOOP('',(#636,#973,#634));
#8512=FACE_OUTER_BOUND('',#8511,.T.);
#8513=DIRECTION('',(0.9951427203863735,0.09774751564019146,0.011678580743328209));
#8514=DIRECTION('',(0.09840857733511257,-0.990896113136246,-0.09187298230904968));
#8515=AXIS2_PLACEMENT_3D('',#636,#8513,#8514);
#8516=PLANE('',#8515);
#8517=FACE_SURFACE('',(#8512),#8516,.T.);
#8518=POLY_LOOP('',(#634,#973,#974));
#8519=FACE_OUTER_BOUND('',#8518,.T.);
#8520=DIRECTION('',(0.9952360001983777,0.09682331828521354,0.011425801738823273));
#8521=DIRECTION('',(0.014454762332095673,-0.2624365898887439,0.9648409693485709));
#8522=AXIS2_PLACEMENT_3D('',#634,#8520,#8521);
#8523=PLANE('',#8522);
#8524=FACE_SURFACE('',(#8519),#8523,.T.);
#8525=POLY_LOOP('',(#967,#975,#968));
#8526=FACE_OUTER_BOUND('',#8525,.T.);
#8527=DIRECTION('',(0.9937039909390442,0.11132294033979417,0.0126325510455687));
#8528=DIRECTION('',(-0.11151784246370369,0.9936345271029209,0.015943568019584426));
#8529=AXIS2_PLACEMENT_3D('',#967,#8527,#8528);
#8530=PLANE('',#8529);
#8531=FACE_SURFACE('',(#8526),#8530,.T.);
#8532=POLY_LOOP('',(#974,#976,#634));
#8533=FACE_OUTER_BOUND('',#8532,.T.);
#8534=DIRECTION('',(0.995304271925963,0.09615374550583032,0.011129398507052074));
#8535=DIRECTION('',(0.08552823665333083,-0.8197751894984406,-0.5662628006657048));
#8536=AXIS2_PLACEMENT_3D('',#974,#8534,#8535);
#8537=PLANE('',#8536);
#8538=FACE_SURFACE('',(#8533),#8537,.T.);
#8539=POLY_LOOP('',(#634,#977,#642));
#8540=FACE_OUTER_BOUND('',#8539,.T.);
#8541=DIRECTION('',(0.9953543441021597,0.09568955032725487,0.010641411331564075));
#8542=DIRECTION('',(0.0706827099617332,-0.801300697246048,0.5940716683241701));
#8543=AXIS2_PLACEMENT_3D('',#634,#8541,#8542);
#8544=PLANE('',#8543);
#8545=FACE_SURFACE('',(#8540),#8544,.T.);
#8546=POLY_LOOP('',(#978,#979,#967));
#8547=FACE_OUTER_BOUND('',#8546,.T.);
#8548=DIRECTION('',(0.9942422537428679,0.10649583690415285,0.011873398603053689));
#8549=DIRECTION('',(0.03816456996053277,-0.24838970775725386,-0.9679080631340942));
#8550=AXIS2_PLACEMENT_3D('',#978,#8548,#8549);
#8551=PLANE('',#8550);
#8552=FACE_SURFACE('',(#8547),#8551,.T.);
#8553=POLY_LOOP('',(#967,#979,#980));
#8554=FACE_OUTER_BOUND('',#8553,.T.);
#8555=DIRECTION('',(0.9942324562791737,0.10655229470373498,0.012183241541142156));
#8556=DIRECTION('',(0.10259265367105502,-0.9780330298857316,0.18145561403623342));
#8557=AXIS2_PLACEMENT_3D('',#967,#8555,#8556);
#8558=PLANE('',#8557);
#8559=FACE_SURFACE('',(#8554),#8558,.T.);
#8560=POLY_LOOP('',(#967,#980,#330));
#8561=FACE_OUTER_BOUND('',#8560,.T.);
#8562=DIRECTION('',(0.9942495533128812,0.10658315382798525,0.010385425230387695));
#8563=DIRECTION('',(0.10674091127214348,-0.9941573289211023,-0.016049399155466916));
#8564=AXIS2_PLACEMENT_3D('',#967,#8562,#8563);
#8565=PLANE('',#8564);
#8566=FACE_SURFACE('',(#8561),#8565,.T.);
#8567=POLY_LOOP('',(#330,#980,#800));
#8568=FACE_OUTER_BOUND('',#8567,.T.);
#8569=DIRECTION('',(0.994644229144856,0.10296115794851061,0.009047506990156851));
#8570=DIRECTION('',(0.027048469059214455,-0.343781458223533,0.9386600499133081));
#8571=AXIS2_PLACEMENT_3D('',#330,#8569,#8570);
#8572=PLANE('',#8571);
#8573=FACE_SURFACE('',(#8568),#8572,.T.);
#8574=POLY_LOOP('',(#330,#800,#634));
#8575=FACE_OUTER_BOUND('',#8574,.T.);
#8576=DIRECTION('',(0.9949784273354932,0.0997882544649937,0.007761018478153223));
#8577=DIRECTION('',(0.030159775520430525,-0.3728485847515796,0.9274019197679619));
#8578=AXIS2_PLACEMENT_3D('',#330,#8576,#8577);
#8579=PLANE('',#8578);
#8580=FACE_SURFACE('',(#8575),#8579,.T.);
#8581=POLY_LOOP('',(#634,#976,#977));
#8582=FACE_OUTER_BOUND('',#8581,.T.);
#8583=DIRECTION('',(0.9953449410519063,0.09577440025707926,0.010756978096761016));
#8584=DIRECTION('',(0.059246863697462335,-0.6960913533741101,0.7155044632284373));
#8585=AXIS2_PLACEMENT_3D('',#634,#8583,#8584);
#8586=PLANE('',#8585);
#8587=FACE_SURFACE('',(#8582),#8586,.T.);
#8588=POLY_LOOP('',(#330,#963,#966));
#8589=FACE_OUTER_BOUND('',#8588,.T.);
#8590=DIRECTION('',(0.992095567481647,0.12462713066481892,0.014644565050658444));
#8591=DIRECTION('',(-0.00012413275953785904,-0.11572932284142422,0.9932807802558767));
#8592=AXIS2_PLACEMENT_3D('',#330,#8590,#8591);
#8593=PLANE('',#8592);
#8594=FACE_SURFACE('',(#8589),#8593,.T.);
#8595=POLY_LOOP('',(#330,#975,#967));
#8596=FACE_OUTER_BOUND('',#8595,.T.);
#8597=DIRECTION('',(0.9937119596930761,0.111336131080404,0.011866215866630819));
#8598=DIRECTION('',(0.015782429790641372,-0.24420303346046027,0.9695956855094873));
#8599=AXIS2_PLACEMENT_3D('',#330,#8597,#8598);
#8600=PLANE('',#8599);
#8601=FACE_SURFACE('',(#8596),#8600,.T.);
#8602=POLY_LOOP('',(#966,#981,#330));
#8603=FACE_OUTER_BOUND('',#8602,.T.);
#8604=DIRECTION('',(0.9927231031096978,0.11962448608628658,0.013813865528663849));
#8605=DIRECTION('',(0.11502581093556057,-0.9080513130071017,-0.4027553547312502));
#8606=AXIS2_PLACEMENT_3D('',#966,#8604,#8605);
#8607=PLANE('',#8606);
#8608=FACE_SURFACE('',(#8603),#8607,.T.);
#8609=POLY_LOOP('',(#966,#965,#982));
#8610=FACE_OUTER_BOUND('',#8609,.T.);
#8611=DIRECTION('',(0.9927109168650866,0.11982396985776321,0.012932586145273817));
#8612=DIRECTION('',(0.107927124045275,-0.9316079404432268,0.3470711471707853));
#8613=AXIS2_PLACEMENT_3D('',#966,#8611,#8612);
#8614=PLANE('',#8613);
#8615=FACE_SURFACE('',(#8610),#8614,.T.);
#8616=POLY_LOOP('',(#963,#983,#966));
#8617=FACE_OUTER_BOUND('',#8616,.T.);
#8618=DIRECTION('',(0.9920269626620761,0.12535526823582324,0.012983145881504994));
#8619=DIRECTION('',(0.09128266265771312,-0.7857477446375754,0.611774433345397));
#8620=AXIS2_PLACEMENT_3D('',#963,#8618,#8619);
#8621=PLANE('',#8620);
#8622=FACE_SURFACE('',(#8617),#8621,.T.);
#8623=POLY_LOOP('',(#966,#983,#984));
#8624=FACE_OUTER_BOUND('',#8623,.T.);
#8625=DIRECTION('',(0.9920605171233374,0.12504447101343608,0.013409348751761698));
#8626=DIRECTION('',(-0.10871522049326976,0.7991025149404409,0.591283494991161));
#8627=AXIS2_PLACEMENT_3D('',#966,#8625,#8626);
#8628=PLANE('',#8627);
#8629=FACE_SURFACE('',(#8624),#8628,.T.);
#8630=POLY_LOOP('',(#966,#984,#985));
#8631=FACE_OUTER_BOUND('',#8630,.T.);
#8632=DIRECTION('',(0.9921555046131809,0.12422821328023811,0.013957280930187548));
#8633=DIRECTION('',(-0.08045184998708386,0.5490679624663469,0.8318965515175009));
#8634=AXIS2_PLACEMENT_3D('',#966,#8632,#8633);
#8635=PLANE('',#8634);
#8636=FACE_SURFACE('',(#8631),#8635,.T.);
#8637=POLY_LOOP('',(#985,#986,#966));
#8638=FACE_OUTER_BOUND('',#8637,.T.);
#8639=DIRECTION('',(0.9923166969225294,0.12287151610713916,0.014497018255286546));
#8640=DIRECTION('',(0.12368483275775209,-0.9881106988758275,-0.09131981664901953));
#8641=AXIS2_PLACEMENT_3D('',#985,#8639,#8640);
#8642=PLANE('',#8641);
#8643=FACE_SURFACE('',(#8638),#8642,.T.);
#8644=POLY_LOOP('',(#966,#986,#987));
#8645=FACE_OUTER_BOUND('',#8644,.T.);
#8646=DIRECTION('',(0.9924939739489412,0.12145735729601721,0.01427662543131058));
#8647=DIRECTION('',(0.004561827180121705,-0.15342851743793315,0.9881492193841861));
#8648=AXIS2_PLACEMENT_3D('',#966,#8646,#8647);
#8649=PLANE('',#8648);
#8650=FACE_SURFACE('',(#8645),#8649,.T.);
#8651=POLY_LOOP('',(#330,#981,#975));
#8652=FACE_OUTER_BOUND('',#8651,.T.);
#8653=DIRECTION('',(0.9932454676445076,0.11531543106000912,0.012876038330474241));
#8654=DIRECTION('',(0.011858900855394814,-0.21127490358985065,0.9773547368195445));
#8655=AXIS2_PLACEMENT_3D('',#330,#8653,#8654);
#8656=PLANE('',#8655);
#8657=FACE_SURFACE('',(#8652),#8656,.T.);
#8658=POLY_LOOP('',(#966,#987,#964));
#8659=FACE_OUTER_BOUND('',#8658,.T.);
#8660=DIRECTION('',(0.9926362154126147,0.12034412623255948,0.013807068213163248));
#8661=DIRECTION('',(0.03381523040780931,-0.3847458447563961,0.9224029299255039));
#8662=AXIS2_PLACEMENT_3D('',#966,#8660,#8661);
#8663=PLANE('',#8662);
#8664=FACE_SURFACE('',(#8659),#8663,.T.);
#8665=POLY_LOOP('',(#967,#988,#989));
#8666=FACE_OUTER_BOUND('',#8665,.T.);
#8667=DIRECTION('',(0.9940946918745064,0.10777731288079329,0.012640981572868738));
#8668=DIRECTION('',(0.016186397248378382,-0.2624571845450667,0.9648078704202171));
#8669=AXIS2_PLACEMENT_3D('',#967,#8667,#8668);
#8670=PLANE('',#8669);
#8671=FACE_SURFACE('',(#8666),#8670,.T.);
#8672=POLY_LOOP('',(#989,#990,#967));
#8673=FACE_OUTER_BOUND('',#8672,.T.);
#8674=DIRECTION('',(0.9941839504448121,0.10699139362825856,0.012292858391381284));
#8675=DIRECTION('',(0.09514317648155377,-0.8190891042231758,-0.565721499778712));
#8676=AXIS2_PLACEMENT_3D('',#989,#8674,#8675);
#8677=PLANE('',#8676);
#8678=FACE_SURFACE('',(#8673),#8677,.T.);
#8679=POLY_LOOP('',(#967,#990,#991));
#8680=FACE_OUTER_BOUND('',#8679,.T.);
#8681=DIRECTION('',(0.9942354681185513,0.10655975326274576,0.011868147271915767));
#8682=DIRECTION('',(0.06603875217479262,-0.6958153336907383,0.7151782327588297));
#8683=AXIS2_PLACEMENT_3D('',#967,#8681,#8682);
#8684=PLANE('',#8683);
#8685=FACE_SURFACE('',(#8680),#8684,.T.);
#8686=POLY_LOOP('',(#967,#991,#978));
#8687=FACE_OUTER_BOUND('',#8686,.T.);
#8688=DIRECTION('',(0.9942491973457948,0.10644843621044467,0.011715972242787339));
#8689=DIRECTION('',(0.07878955838120004,-0.8011977918745066,0.5931899390460953));
#8690=AXIS2_PLACEMENT_3D('',#967,#8688,#8689);
#8691=PLANE('',#8690);
#8692=FACE_SURFACE('',(#8687),#8691,.T.);
#8693=POLY_LOOP('',(#982,#992,#966));
#8694=FACE_OUTER_BOUND('',#8693,.T.);
#8695=DIRECTION('',(0.9927098318605846,0.11980073374788525,0.013227770817412932));
#8696=DIRECTION('',(0.04290467072718524,-0.248681617658396,-0.967634560290503));
#8697=AXIS2_PLACEMENT_3D('',#982,#8695,#8696);
#8698=PLANE('',#8697);
#8699=FACE_SURFACE('',(#8694),#8698,.T.);
#8700=POLY_LOOP('',(#966,#992,#981));
#8701=FACE_OUTER_BOUND('',#8700,.T.);
#8702=DIRECTION('',(0.9927138876770487,0.11972791685327272,0.013578038853077944));
#8703=DIRECTION('',(0.11997760433063322,-0.9717172285498138,-0.20339862880204226));
#8704=AXIS2_PLACEMENT_3D('',#966,#8702,#8703);
#8705=PLANE('',#8704);
#8706=FACE_SURFACE('',(#8701),#8705,.T.);
#8707=POLY_LOOP('',(#972,#988,#967));
#8708=FACE_OUTER_BOUND('',#8707,.T.);
#8709=DIRECTION('',(0.993965216421111,0.10892789715798944,0.012956147794476004));
#8710=DIRECTION('',(0.10965875143188186,-0.9897410935476494,-0.09158343724442758));
#8711=AXIS2_PLACEMENT_3D('',#972,#8709,#8710);
#8712=PLANE('',#8711);
#8713=FACE_SURFACE('',(#8708),#8712,.T.);
#8714=POLY_LOOP('',(#853,#932,#854));
#8715=FACE_OUTER_BOUND('',#8714,.T.);
#8716=DIRECTION('',(0.9468884735622763,0.31942135279644024,0.03704346113141043));
#8717=DIRECTION('',(-0.19069024592402117,0.4650209720182514,0.8645187827298126));
#8718=AXIS2_PLACEMENT_3D('',#853,#8716,#8717);
#8719=PLANE('',#8718);
#8720=FACE_SURFACE('',(#8715),#8719,.T.);
#8721=POLY_LOOP('',(#953,#993,#962));
#8722=FACE_OUTER_BOUND('',#8721,.T.);
#8723=DIRECTION('',(0.9877514476513753,0.15512854690273878,0.016799154694718422));
#8724=DIRECTION('',(0.09686711534016375,-0.6940374635694332,0.7133924313642408));
#8725=AXIS2_PLACEMENT_3D('',#953,#8723,#8724);
#8726=PLANE('',#8725);
#8727=FACE_SURFACE('',(#8722),#8726,.T.);
#8728=POLY_LOOP('',(#953,#994,#995));
#8729=FACE_OUTER_BOUND('',#8728,.T.);
#8730=DIRECTION('',(0.9873919436325573,0.1572497281543397,0.01815688973660274));
#8731=DIRECTION('',(0.024083819437457337,-0.2626037133047326,0.9646031616161486));
#8732=AXIS2_PLACEMENT_3D('',#953,#8730,#8731);
#8733=PLANE('',#8732);
#8734=FACE_SURFACE('',(#8729),#8733,.T.);
#8735=POLY_LOOP('',(#996,#997,#998));
#8736=FACE_OUTER_BOUND('',#8735,.T.);
#8737=DIRECTION('',(0.965202541361446,0.25999538070505235,0.028043825727618574));
#8738=DIRECTION('',(0.24538388545999482,-0.9375518465650293,0.2465426611340519));
#8739=AXIS2_PLACEMENT_3D('',#996,#8737,#8738);
#8740=PLANE('',#8739);
#8741=FACE_SURFACE('',(#8736),#8740,.T.);
#8742=POLY_LOOP('',(#996,#998,#848));
#8743=FACE_OUTER_BOUND('',#8742,.T.);
#8744=DIRECTION('',(0.9653957975535776,0.2602252862265025,0.0171392670271016));
#8745=DIRECTION('',(0.26049173149649174,-0.9653478271640993,-0.01573627692663687));
#8746=AXIS2_PLACEMENT_3D('',#996,#8744,#8745);
#8747=PLANE('',#8746);
#8748=FACE_SURFACE('',(#8743),#8747,.T.);
#8749=POLY_LOOP('',(#848,#998,#999));
#8750=FACE_OUTER_BOUND('',#8749,.T.);
#8751=DIRECTION('',(0.9687988842079179,0.24762883853320614,0.010424983654100864));
#8752=DIRECTION('',(0.1043580077965072,-0.4457094084864224,0.8890739729603087));
#8753=AXIS2_PLACEMENT_3D('',#848,#8751,#8752);
#8754=PLANE('',#8753);
#8755=FACE_SURFACE('',(#8750),#8754,.T.);
#8756=POLY_LOOP('',(#1000,#1001,#1002));
#8757=FACE_OUTER_BOUND('',#8756,.T.);
#8758=DIRECTION('',(0.974143452299433,0.22456078609951266,0.02483923687456991));
#8759=DIRECTION('',(0.045332051740446806,-0.08656703758015352,-0.9952141242414105));
#8760=AXIS2_PLACEMENT_3D('',#1000,#8758,#8759);
#8761=PLANE('',#8760);
#8762=FACE_SURFACE('',(#8757),#8761,.T.);
#8763=POLY_LOOP('',(#1003,#1004,#1002));
#8764=FACE_OUTER_BOUND('',#8763,.T.);
#8765=DIRECTION('',(0.9726911651584162,0.23055150752008957,0.026793648556639377));
#8766=DIRECTION('',(0.2320223215507177,-0.968898961100921,-0.08602584193003397));
#8767=AXIS2_PLACEMENT_3D('',#1003,#8765,#8766);
#8768=PLANE('',#8767);
#8769=FACE_SURFACE('',(#8764),#8768,.T.);
#8770=POLY_LOOP('',(#1002,#1004,#1005));
#8771=FACE_OUTER_BOUND('',#8770,.T.);
#8772=DIRECTION('',(0.9733758079521903,0.22773564671175242,0.026000225195192614));
#8773=DIRECTION('',(0.035771693663341965,-0.26296800640023726,0.9641411792586917));
#8774=AXIS2_PLACEMENT_3D('',#1002,#8772,#8773);
#8775=PLANE('',#8774);
#8776=FACE_SURFACE('',(#8771),#8775,.T.);
#8777=POLY_LOOP('',(#1006,#997,#996));
#8778=FACE_OUTER_BOUND('',#8777,.T.);
#8779=DIRECTION('',(0.9653296017798003,0.25966782384923526,0.02667173007239084));
#8780=DIRECTION('',(0.15792607090028477,-0.499613587423081,-0.8517309548162716));
#8781=AXIS2_PLACEMENT_3D('',#1006,#8779,#8780);
#8782=PLANE('',#8781);
#8783=FACE_SURFACE('',(#8778),#8782,.T.);
#8784=POLY_LOOP('',(#1002,#1005,#1007));
#8785=FACE_OUTER_BOUND('',#8784,.T.);
#8786=DIRECTION('',(0.9738907926142877,0.22563152492545838,0.02504274387775356));
#8787=DIRECTION('',(0.06896860860296174,-0.39916416433856283,0.914281849833665));
#8788=AXIS2_PLACEMENT_3D('',#1002,#8786,#8787);
#8789=PLANE('',#8788);
#8790=FACE_SURFACE('',(#8785),#8789,.T.);
#8791=POLY_LOOP('',(#1002,#1008,#1009));
#8792=FACE_OUTER_BOUND('',#8791,.T.);
#8793=DIRECTION('',(0.9742363480005585,0.2242923793911351,0.02358954814314056));
#8794=DIRECTION('',(0.1698566265643966,-0.7985265471947803,0.5774981210682381));
#8795=AXIS2_PLACEMENT_3D('',#1002,#8793,#8794);
#8796=PLANE('',#8795);
#8797=FACE_SURFACE('',(#8792),#8796,.T.);
#8798=POLY_LOOP('',(#1002,#1009,#1000));
#8799=FACE_OUTER_BOUND('',#8798,.T.);
#8800=DIRECTION('',(0.9741944046425858,0.22442513568222042,0.024054530490009374));
#8801=DIRECTION('',(0.2084154691750986,-0.9353367747021449,0.28584630502826597));
#8802=AXIS2_PLACEMENT_3D('',#1002,#8800,#8801);
#8803=PLANE('',#8802);
#8804=FACE_SURFACE('',(#8799),#8803,.T.);
#8805=POLY_LOOP('',(#1010,#1011,#1002));
#8806=FACE_OUTER_BOUND('',#8805,.T.);
#8807=DIRECTION('',(0.971112217993669,0.23733622381470826,0.02475029148901829));
#8808=DIRECTION('',(0.13161216149061292,-0.619244369808152,0.774089561619761));
#8809=AXIS2_PLACEMENT_3D('',#1010,#8807,#8808);
#8810=PLANE('',#8809);
#8811=FACE_SURFACE('',(#8806),#8810,.T.);
#8812=POLY_LOOP('',(#1011,#1012,#1002));
#8813=FACE_OUTER_BOUND('',#8812,.T.);
#8814=DIRECTION('',(0.9711848493929659,0.23700495248159026,0.025072710439070642));
#8815=DIRECTION('',(0.17280273720820657,-0.7727149942449374,0.6107788074928582));
#8816=AXIS2_PLACEMENT_3D('',#1011,#8814,#8815);
#8817=PLANE('',#8816);
#8818=FACE_SURFACE('',(#8813),#8817,.T.);
#8819=POLY_LOOP('',(#1002,#1012,#1013));
#8820=FACE_OUTER_BOUND('',#8819,.T.);
#8821=DIRECTION('',(0.9714832691124254,0.23568581769177036,0.025931702096016706));
#8822=DIRECTION('',(-0.1477093818590488,0.5160148075440983,0.8437479818678353));
#8823=AXIS2_PLACEMENT_3D('',#1002,#8821,#8822);
#8824=PLANE('',#8823);
#8825=FACE_SURFACE('',(#8820),#8824,.T.);
#8826=POLY_LOOP('',(#1002,#1013,#1003));
#8827=FACE_OUTER_BOUND('',#8826,.T.);
#8828=DIRECTION('',(0.9719818779872655,0.23355808977787487,0.02649240577332437));
#8829=DIRECTION('',(-0.0830287866512977,0.23570424874406742,0.9682715154909846));
#8830=AXIS2_PLACEMENT_3D('',#1002,#8828,#8829);
#8831=PLANE('',#8830);
#8832=FACE_SURFACE('',(#8827),#8831,.T.);
#8833=POLY_LOOP('',(#1007,#1008,#1002));
#8834=FACE_OUTER_BOUND('',#8833,.T.);
#8835=DIRECTION('',(0.9741865583264324,0.22447962466608723,0.02386310302272814));
#8836=DIRECTION('',(0.1698357433568097,-0.6591709961466655,-0.7325635932241328));
#8837=AXIS2_PLACEMENT_3D('',#1007,#8835,#8836);
#8838=PLANE('',#8837);
#8839=FACE_SURFACE('',(#8834),#8838,.T.);
#8840=POLY_LOOP('',(#390,#543,#1014));
#8841=FACE_OUTER_BOUND('',#8840,.T.);
#8842=DIRECTION('',(0.9751705601366922,0.21998852617958428,0.025444586693920933));
#8843=DIRECTION('',(-0.20005827763229403,0.8258434720900827,0.5272184036592394));
#8844=AXIS2_PLACEMENT_3D('',#390,#8842,#8843);
#8845=PLANE('',#8844);
#8846=FACE_SURFACE('',(#8841),#8845,.T.);
#8847=POLY_LOOP('',(#996,#1015,#1016));
#8848=FACE_OUTER_BOUND('',#8847,.T.);
#8849=DIRECTION('',(0.9615264401411261,0.27300614043836446,0.03057044638996499));
#8850=DIRECTION('',(-0.0975255077637738,0.23519778691586393,0.9670422826150354));
#8851=AXIS2_PLACEMENT_3D('',#996,#8849,#8850);
#8852=PLANE('',#8851);
#8853=FACE_SURFACE('',(#8848),#8852,.T.);
#8854=POLY_LOOP('',(#1017,#1018,#996));
#8855=FACE_OUTER_BOUND('',#8854,.T.);
#8856=DIRECTION('',(0.9603362937073485,0.2773791406780461,0.02854847290384544));
#8857=DIRECTION('',(0.19635390304104502,-0.7453806210637707,0.6370658321579767));
#8858=AXIS2_PLACEMENT_3D('',#1017,#8856,#8857);
#8859=PLANE('',#8858);
#8860=FACE_SURFACE('',(#8855),#8859,.T.);
#8861=POLY_LOOP('',(#933,#853,#848));
#8862=FACE_OUTER_BOUND('',#8861,.T.);
#8863=DIRECTION('',(0.9446331466800091,0.3259900851126086,0.03739896524903767));
#8864=DIRECTION('',(0.3218983772850429,-0.8985545510218447,-0.29829708939107535));
#8865=AXIS2_PLACEMENT_3D('',#933,#8863,#8864);
#8866=PLANE('',#8865);
#8867=FACE_SURFACE('',(#8862),#8866,.T.);
#8868=POLY_LOOP('',(#933,#848,#1019));
#8869=FACE_OUTER_BOUND('',#8868,.T.);
#8870=DIRECTION('',(0.9409492394175845,0.3363486947779045,0.03852381549988758));
#8871=DIRECTION('',(0.0018740835363198806,0.10861472216671603,-0.9940821545222236));
#8872=AXIS2_PLACEMENT_3D('',#933,#8870,#8871);
#8873=PLANE('',#8872);
#8874=FACE_SURFACE('',(#8869),#8873,.T.);
#8875=POLY_LOOP('',(#1019,#848,#847));
#8876=FACE_OUTER_BOUND('',#8875,.T.);
#8877=DIRECTION('',(0.9396667279597601,0.3398720400315105,0.038902914675094026));
#8878=DIRECTION('',(0.0021820187303924314,0.1077637954416371,-0.9941741312196135));
#8879=AXIS2_PLACEMENT_3D('',#1019,#8877,#8878);
#8880=PLANE('',#8879);
#8881=FACE_SURFACE('',(#8876),#8880,.T.);
#8882=POLY_LOOP('',(#1019,#847,#1020));
#8883=FACE_OUTER_BOUND('',#8882,.T.);
#8884=DIRECTION('',(0.9408204864470979,0.3368413263286757,0.03734612642008126));
#8885=DIRECTION('',(-0.11431220566786617,0.41914316419359676,-0.9006951357396836));
#8886=AXIS2_PLACEMENT_3D('',#1019,#8884,#8885);
#8887=PLANE('',#8886);
#8888=FACE_SURFACE('',(#8883),#8887,.T.);
#8889=POLY_LOOP('',(#1016,#1021,#996));
#8890=FACE_OUTER_BOUND('',#8889,.T.);
#8891=DIRECTION('',(0.962636416486964,0.26897971501579665,0.03132159898787165));
#8892=DIRECTION('',(0.2702747725952928,-0.9615120857997881,-0.04945761983257666));
#8893=AXIS2_PLACEMENT_3D('',#1016,#8891,#8892);
#8894=PLANE('',#8893);
#8895=FACE_SURFACE('',(#8890),#8894,.T.);
#8896=POLY_LOOP('',(#996,#1021,#1022));
#8897=FACE_OUTER_BOUND('',#8896,.T.);
#8898=DIRECTION('',(0.9637785988915786,0.2649903145821226,0.030181873637223428));
#8899=DIRECTION('',(0.042201721678402915,-0.26326402144644856,0.9638003266752001));
#8900=AXIS2_PLACEMENT_3D('',#996,#8898,#8899);
#8901=PLANE('',#8900);
#8902=FACE_SURFACE('',(#8897),#8901,.T.);
#8903=POLY_LOOP('',(#996,#1018,#1015));
#8904=FACE_OUTER_BOUND('',#8903,.T.);
#8905=DIRECTION('',(0.9607575545466667,0.2757822047478889,0.02981772838266154));
#8906=DIRECTION('',(-0.19090980324141052,0.5794124974843919,0.792360148408049));
#8907=AXIS2_PLACEMENT_3D('',#996,#8905,#8906);
#8908=PLANE('',#8907);
#8909=FACE_SURFACE('',(#8904),#8908,.T.);
#8910=POLY_LOOP('',(#996,#1022,#1006));
#8911=FACE_OUTER_BOUND('',#8910,.T.);
#8912=DIRECTION('',(0.964740027889,0.2616109284456561,0.02892059312209062));
#8913=DIRECTION('',(0.062210068891944255,-0.3334071778071605,0.940728207887445));
#8914=AXIS2_PLACEMENT_3D('',#996,#8912,#8913);
#8915=PLANE('',#8914);
#8916=FACE_SURFACE('',(#8911),#8915,.T.);
#8917=POLY_LOOP('',(#853,#1023,#1024));
#8918=FACE_OUTER_BOUND('',#8917,.T.);
#8919=DIRECTION('',(0.9508567542414877,0.3078561179773808,0.033106548253174));
#8920=DIRECTION('',(0.30334103329123335,-0.9047577032396368,-0.29899450822773355));
#8921=AXIS2_PLACEMENT_3D('',#853,#8919,#8920);
#8922=PLANE('',#8921);
#8923=FACE_SURFACE('',(#8918),#8922,.T.);
#8924=POLY_LOOP('',(#853,#1024,#848));
#8925=FACE_OUTER_BOUND('',#8924,.T.);
#8926=DIRECTION('',(0.950964509273641,0.3074384205278603,0.03388391484580271));
#8927=DIRECTION('',(0.2847423829472966,-0.8274116659661294,-0.48405754862066713));
#8928=AXIS2_PLACEMENT_3D('',#853,#8926,#8927);
#8929=PLANE('',#8928);
#8930=FACE_SURFACE('',(#8925),#8929,.T.);
#8931=POLY_LOOP('',(#848,#1024,#1025));
#8932=FACE_OUTER_BOUND('',#8931,.T.);
#8933=DIRECTION('',(0.956192185272895,0.2912654712655957,0.029341609899188395));
#8934=DIRECTION('',(0.048229007032128214,-0.25560128562032225,0.9655785548933518));
#8935=AXIS2_PLACEMENT_3D('',#848,#8933,#8934);
#8936=PLANE('',#8935);
#8937=FACE_SURFACE('',(#8932),#8936,.T.);
#8938=POLY_LOOP('',(#848,#1025,#996));
#8939=FACE_OUTER_BOUND('',#8938,.T.);
#8940=DIRECTION('',(0.9605841635384256,0.2769127877262857,0.024441210134533285));
#8941=DIRECTION('',(0.0637277082229252,-0.30493643292288375,0.9502381549279745));
#8942=AXIS2_PLACEMENT_3D('',#848,#8940,#8941);
#8943=PLANE('',#8942);
#8944=FACE_SURFACE('',(#8939),#8943,.T.);
#8945=POLY_LOOP('',(#996,#1025,#1026));
#8946=FACE_OUTER_BOUND('',#8945,.T.);
#8947=DIRECTION('',(0.9604552625689727,0.2767831829686689,0.030278015610302578));
#8948=DIRECTION('',(-0.2773207218777892,0.9606570522892679,0.015206745347932805));
#8949=AXIS2_PLACEMENT_3D('',#996,#8947,#8948);
#8950=PLANE('',#8949);
#8951=FACE_SURFACE('',(#8946),#8950,.T.);
#8952=POLY_LOOP('',(#996,#1026,#1017));
#8953=FACE_OUTER_BOUND('',#8952,.T.);
#8954=DIRECTION('',(0.9602855793729119,0.2775745499454172,0.028354457692397868));
#8955=DIRECTION('',(-0.26660177431549076,0.8828211269539068,0.3867174055245846));
#8956=AXIS2_PLACEMENT_3D('',#996,#8954,#8955);
#8957=PLANE('',#8956);
#8958=FACE_SURFACE('',(#8953),#8957,.T.);
#8959=POLY_LOOP('',(#858,#1023,#853));
#8960=FACE_OUTER_BOUND('',#8959,.T.);
#8961=DIRECTION('',(0.9507546078641904,0.3083339661123826,0.03155694798959656));
#8962=DIRECTION('',(0.11084007853582982,-0.2431530950186905,-0.9636342923396837));
#8963=AXIS2_PLACEMENT_3D('',#858,#8961,#8962);
#8964=PLANE('',#8963);
#8965=FACE_SURFACE('',(#8960),#8964,.T.);
#8966=POLY_LOOP('',(#995,#993,#953));
#8967=FACE_OUTER_BOUND('',#8966,.T.);
#8968=DIRECTION('',(0.9876206133978098,0.15587716043982275,0.01754522285272265));
#8969=DIRECTION('',(0.1386463927428023,-0.8151432389616663,-0.5624221526171354));
#8970=AXIS2_PLACEMENT_3D('',#995,#8968,#8969);
#8971=PLANE('',#8970);
#8972=FACE_SURFACE('',(#8967),#8971,.T.);
#8973=POLY_LOOP('',(#1014,#543,#1027));
#8974=FACE_OUTER_BOUND('',#8973,.T.);
#8975=DIRECTION('',(0.9681151363810083,0.248750910846117,0.02959843008013313));
#8976=DIRECTION('',(-0.006084979857209426,0.14147142839461566,-0.9899236374428709));
#8977=AXIS2_PLACEMENT_3D('',#1014,#8975,#8976);
#8978=PLANE('',#8977);
#8979=FACE_SURFACE('',(#8974),#8978,.T.);
#8980=POLY_LOOP('',(#1001,#1027,#848));
#8981=FACE_OUTER_BOUND('',#8980,.T.);
#8982=DIRECTION('',(0.9532723684577284,0.2974047080522967,0.05312467565379548));
#8983=DIRECTION('',(-0.08192634593815895,0.4237340806093161,-0.9020740007180114));
#8984=AXIS2_PLACEMENT_3D('',#1001,#8982,#8983);
#8985=PLANE('',#8984);
#8986=FACE_SURFACE('',(#8981),#8985,.T.);
#8987=POLY_LOOP('',(#1028,#1029,#950));
#8988=FACE_OUTER_BOUND('',#8987,.T.);
#8989=DIRECTION('',(0.9840414806440435,0.17683013244238638,0.01983604376600332));
#8990=DIRECTION('',(0.15738177879442003,-0.8129148937870838,-0.5607141438938725));
#8991=AXIS2_PLACEMENT_3D('',#1028,#8989,#8990);
#8992=PLANE('',#8991);
#8993=FACE_SURFACE('',(#8988),#8992,.T.);
#8994=POLY_LOOP('',(#950,#1029,#1030));
#8995=FACE_OUTER_BOUND('',#8994,.T.);
#8996=DIRECTION('',(0.984206124126252,0.17600305708778707,0.0190060287312715));
#8997=DIRECTION('',(0.11017581381952403,-0.6930349696519911,0.7124351345130793));
#8998=AXIS2_PLACEMENT_3D('',#950,#8996,#8997);
#8999=PLANE('',#8998);
#9000=FACE_SURFACE('',(#8995),#8999,.T.);
#9001=POLY_LOOP('',(#950,#1030,#948));
#9002=FACE_OUTER_BOUND('',#9001,.T.);
#9003=DIRECTION('',(0.9842482781336392,0.17579822013399046,0.018716644696298176));
#9004=DIRECTION('',(0.1317477316888628,-0.7999494300119689,0.5854258660311872));
#9005=AXIS2_PLACEMENT_3D('',#950,#9003,#9004);
#9006=PLANE('',#9005);
#9007=FACE_SURFACE('',(#9002),#9006,.T.);
#9008=POLY_LOOP('',(#1031,#1032,#1033));
#9009=FACE_OUTER_BOUND('',#9008,.T.);
#9010=DIRECTION('',(0.979797915793372,0.19882712106476408,0.02153648383701329));
#9011=DIRECTION('',(0.07179706822926318,-0.24919608318549383,-0.9657880166572222));
#9012=AXIS2_PLACEMENT_3D('',#1031,#9010,#9011);
#9013=PLANE('',#9012);
#9014=FACE_SURFACE('',(#9009),#9013,.T.);
#9015=POLY_LOOP('',(#1033,#1032,#1034));
#9016=FACE_OUTER_BOUND('',#9015,.T.);
#9017=DIRECTION('',(0.9797661809941567,0.19892336626168905,0.02208449535858384));
#9018=DIRECTION('',(0.19179285720053446,-0.9646885536284511,0.18053114530490988));
#9019=AXIS2_PLACEMENT_3D('',#1033,#9017,#9018);
#9020=PLANE('',#9019);
#9021=FACE_SURFACE('',(#9016),#9020,.T.);
#9022=POLY_LOOP('',(#1033,#1034,#391));
#9023=FACE_OUTER_BOUND('',#9022,.T.);
#9024=DIRECTION('',(0.9797672229066975,0.198924489620409,0.022028080873234063));
#9025=DIRECTION('',(0.19928964035195368,-0.9798127636098102,-0.015829956275851265));
#9026=AXIS2_PLACEMENT_3D('',#1033,#9024,#9025);
#9027=PLANE('',#9026);
#9028=FACE_SURFACE('',(#9023),#9027,.T.);
#9029=POLY_LOOP('',(#950,#1035,#1028));
#9030=FACE_OUTER_BOUND('',#9029,.T.);
#9031=DIRECTION('',(0.9837575038053307,0.178327356571662,0.020506769732656627));
#9032=DIRECTION('',(0.027505414263808772,-0.26264857284515297,0.9644994449809604));
#9033=AXIS2_PLACEMENT_3D('',#950,#9031,#9032);
#9034=PLANE('',#9033);
#9035=FACE_SURFACE('',(#9030),#9034,.T.);
#9036=POLY_LOOP('',(#391,#1034,#1036));
#9037=FACE_OUTER_BOUND('',#9036,.T.);
#9038=DIRECTION('',(0.9812958644739914,0.19146301822539588,0.02000847366152015));
#9039=DIRECTION('',(0.030126825686667642,-0.25539584720129777,0.9663670811893255));
#9040=AXIS2_PLACEMENT_3D('',#391,#9038,#9039);
#9041=PLANE('',#9040);
#9042=FACE_SURFACE('',(#9037),#9041,.T.);
#9043=POLY_LOOP('',(#950,#1036,#1037));
#9044=FACE_OUTER_BOUND('',#9043,.T.);
#9045=DIRECTION('',(0.982603257753789,0.18458094780009648,0.020511254492565387));
#9046=DIRECTION('',(-0.1849131386724612,0.9826298615633116,0.015674383891117184));
#9047=AXIS2_PLACEMENT_3D('',#950,#9045,#9046);
#9048=PLANE('',#9047);
#9049=FACE_SURFACE('',(#9044),#9048,.T.);
#9050=POLY_LOOP('',(#950,#1037,#1038));
#9051=FACE_OUTER_BOUND('',#9050,.T.);
#9052=DIRECTION('',(0.9825445503939674,0.18497517094155835,0.01975835585918558));
#9053=DIRECTION('',(-0.17262433914620656,0.8670103668550778,0.46743326935527274));
#9054=AXIS2_PLACEMENT_3D('',#950,#9052,#9053);
#9055=PLANE('',#9054);
#9056=FACE_SURFACE('',(#9051),#9055,.T.);
#9057=POLY_LOOP('',(#1038,#1039,#950));
#9058=FACE_OUTER_BOUND('',#9057,.T.);
#9059=DIRECTION('',(0.9825772050296645,0.1847818452427615,0.01994256314451363));
#9060=DIRECTION('',(0.13422600421923575,-0.7797467424881037,0.6115377317635672));
#9061=AXIS2_PLACEMENT_3D('',#1038,#9059,#9060);
#9062=PLANE('',#9061);
#9063=FACE_SURFACE('',(#9058),#9062,.T.);
#9064=POLY_LOOP('',(#950,#1039,#1040));
#9065=FACE_OUTER_BOUND('',#9064,.T.);
#9066=DIRECTION('',(0.9827362029355373,0.18387184808825963,0.02051094635677096));
#9067=DIRECTION('',(-0.11356309869579173,0.5119780189771658,0.851458707571205));
#9068=AXIS2_PLACEMENT_3D('',#950,#9066,#9067);
#9069=PLANE('',#9068);
#9070=FACE_SURFACE('',(#9065),#9069,.T.);
#9071=POLY_LOOP('',(#950,#1040,#1041));
#9072=FACE_OUTER_BOUND('',#9071,.T.);
#9073=DIRECTION('',(0.9829965938316327,0.18243280670498813,0.020879836042186805));
#9074=DIRECTION('',(-0.0645427402129354,0.23682276838446956,0.9694066283353552));
#9075=AXIS2_PLACEMENT_3D('',#950,#9073,#9074);
#9076=PLANE('',#9075);
#9077=FACE_SURFACE('',(#9072),#9076,.T.);
#9078=POLY_LOOP('',(#958,#994,#953));
#9079=FACE_OUTER_BOUND('',#9078,.T.);
#9080=DIRECTION('',(0.9870889685343676,0.1590819017503456,0.018663245517637633));
#9081=DIRECTION('',(0.16012132606409585,-0.9830070343229019,-0.08976820935703629));
#9082=AXIS2_PLACEMENT_3D('',#958,#9080,#9081);
#9083=PLANE('',#9082);
#9084=FACE_SURFACE('',(#9079),#9083,.T.);
#9085=POLY_LOOP('',(#391,#1036,#950));
#9086=FACE_OUTER_BOUND('',#9085,.T.);
#9087=DIRECTION('',(0.9826453422314986,0.184630898433195,0.017876317699462685));
#9088=DIRECTION('',(0.037281748459807765,-0.29098337457909684,0.9560014366884292));
#9089=AXIS2_PLACEMENT_3D('',#391,#9087,#9088);
#9090=PLANE('',#9089);
#9091=FACE_SURFACE('',(#9086),#9090,.T.);
#9092=POLY_LOOP('',(#1014,#1027,#1001));
#9093=FACE_OUTER_BOUND('',#9092,.T.);
#9094=DIRECTION('',(0.9759078704201496,0.21775530020986358,0.013654950842851678));
#9095=DIRECTION('',(-0.08536790582863217,0.43868780954736,-0.8945755006755848));
#9096=AXIS2_PLACEMENT_3D('',#1014,#9094,#9095);
#9097=PLANE('',#9096);
#9098=FACE_SURFACE('',(#9093),#9097,.T.);
#9099=POLY_LOOP('',(#1041,#1035,#950));
#9100=FACE_OUTER_BOUND('',#9099,.T.);
#9101=DIRECTION('',(0.9833753880747758,0.18035763983856676,0.02107054533337799));
#9102=DIRECTION('',(0.18152558624724377,-0.9793666697045272,-0.08882222587538462));
#9103=AXIS2_PLACEMENT_3D('',#1041,#9101,#9102);
#9104=PLANE('',#9103);
#9105=FACE_SURFACE('',(#9100),#9104,.T.);
#9106=POLY_LOOP('',(#1033,#1042,#1043));
#9107=FACE_OUTER_BOUND('',#9106,.T.);
#9108=DIRECTION('',(0.9779544961986489,0.20753748485912676,0.023091031661546847));
#9109=DIRECTION('',(-0.12904920167354936,0.5137321294042683,0.8481896030753829));
#9110=AXIS2_PLACEMENT_3D('',#1033,#9108,#9109);
#9111=PLANE('',#9110);
#9112=FACE_SURFACE('',(#9107),#9111,.T.);
#9113=POLY_LOOP('',(#1001,#848,#1002));
#9114=FACE_OUTER_BOUND('',#9113,.T.);
#9115=DIRECTION('',(0.9743334374977415,0.22507338502413732,-0.004040288060405062));
#9116=DIRECTION('',(-0.1392987161650636,0.5887251254604774,-0.7962402868018612));
#9117=AXIS2_PLACEMENT_3D('',#1001,#9115,#9116);
#9118=PLANE('',#9117);
#9119=FACE_SURFACE('',(#9114),#9118,.T.);
#9120=POLY_LOOP('',(#1002,#848,#999));
#9121=FACE_OUTER_BOUND('',#9120,.T.);
#9122=DIRECTION('',(0.9714669335031584,0.23713745652070006,0.004221827194820443));
#9123=DIRECTION('',(-0.1280757944125099,0.5394962232536888,-0.8321901321096102));
#9124=AXIS2_PLACEMENT_3D('',#1002,#9122,#9123);
#9125=PLANE('',#9124);
#9126=FACE_SURFACE('',(#9121),#9125,.T.);
#9127=POLY_LOOP('',(#1002,#999,#1010));
#9128=FACE_OUTER_BOUND('',#9127,.T.);
#9129=DIRECTION('',(0.9712283024077978,0.23673346708769563,0.025939355479776525));
#9130=DIRECTION('',(-0.2371746376350146,0.9713439610768704,0.015462876258792668));
#9131=AXIS2_PLACEMENT_3D('',#1002,#9129,#9130);
#9132=PLANE('',#9131);
#9133=FACE_SURFACE('',(#9128),#9132,.T.);
#9134=POLY_LOOP('',(#1044,#1045,#1033));
#9135=FACE_OUTER_BOUND('',#9134,.T.);
#9136=DIRECTION('',(0.9787463286135247,0.20369852472331892,0.023717825597841313));
#9137=DIRECTION('',(0.20500718061578352,-0.9748255767858817,-0.08767639785050887));
#9138=AXIS2_PLACEMENT_3D('',#1044,#9136,#9137);
#9139=PLANE('',#9138);
#9140=FACE_SURFACE('',(#9135),#9139,.T.);
#9141=POLY_LOOP('',(#1033,#1045,#1046));
#9142=FACE_OUTER_BOUND('',#9141,.T.);
#9143=DIRECTION('',(0.9792258351770806,0.2014536630170128,0.023090807235271897));
#9144=DIRECTION('',(0.03129921774357153,-0.2626769042575565,0.9643760692480434));
#9145=AXIS2_PLACEMENT_3D('',#1033,#9143,#9144);
#9146=PLANE('',#9145);
#9147=FACE_SURFACE('',(#9142),#9146,.T.);
#9148=POLY_LOOP('',(#1046,#1047,#1033));
#9149=FACE_OUTER_BOUND('',#9148,.T.);
#9150=DIRECTION('',(0.9795730799543306,0.19984106542615998,0.02236357748938562));
#9151=DIRECTION('',(0.17801942872778273,-0.8100954370389594,-0.5586183544103178));
#9152=AXIS2_PLACEMENT_3D('',#1046,#9150,#9151);
#9153=PLANE('',#9152);
#9154=FACE_SURFACE('',(#9149),#9153,.T.);
#9155=POLY_LOOP('',(#1033,#1043,#1044));
#9156=FACE_OUTER_BOUND('',#9155,.T.);
#9157=DIRECTION('',(0.978279972996172,0.20595125422224256,0.023502666208199706));
#9158=DIRECTION('',(-0.07305410860975559,0.23644309877511752,0.9688951224239154));
#9159=AXIS2_PLACEMENT_3D('',#1033,#9157,#9158);
#9160=PLANE('',#9159);
#9161=FACE_SURFACE('',(#9156),#9160,.T.);
#9162=POLY_LOOP('',(#1033,#1047,#1048));
#9163=FACE_OUTER_BOUND('',#9162,.T.);
#9164=DIRECTION('',(0.9797847969061195,0.19890478831182637,0.021415810474083457));
#9165=DIRECTION('',(0.12488430051182191,-0.6917476640151898,0.711258800167141));
#9166=AXIS2_PLACEMENT_3D('',#1033,#9164,#9165);
#9167=PLANE('',#9166);
#9168=FACE_SURFACE('',(#9163),#9167,.T.);
#9169=POLY_LOOP('',(#390,#1014,#391));
#9170=FACE_OUTER_BOUND('',#9169,.T.);
#9171=DIRECTION('',(0.9757131947028906,0.21760472380415047,0.0251385333859832));
#9172=DIRECTION('',(0.002708489648744607,-0.12673641776649394,0.991932731839987));
#9173=AXIS2_PLACEMENT_3D('',#390,#9171,#9172);
#9174=PLANE('',#9173);
#9175=FACE_SURFACE('',(#9170),#9174,.T.);
#9176=POLY_LOOP('',(#391,#1014,#1049));
#9177=FACE_OUTER_BOUND('',#9176,.T.);
#9178=DIRECTION('',(0.976433993152422,0.2143893788122914,0.024776022055526804));
#9179=DIRECTION('',(-0.0005866865575360252,-0.11216419736054643,0.993689513192802));
#9180=AXIS2_PLACEMENT_3D('',#391,#9178,#9179);
#9181=PLANE('',#9180);
#9182=FACE_SURFACE('',(#9177),#9181,.T.);
#9183=POLY_LOOP('',(#391,#1049,#1033));
#9184=FACE_OUTER_BOUND('',#9183,.T.);
#9185=DIRECTION('',(0.9777757230725457,0.20828258208065062,0.023937447060565865));
#9186=DIRECTION('',(0.004514520869071407,-0.13506669127840956,0.9908262249296925));
#9187=AXIS2_PLACEMENT_3D('',#391,#9185,#9186);
#9188=PLANE('',#9187);
#9189=FACE_SURFACE('',(#9184),#9188,.T.);
#9190=POLY_LOOP('',(#1033,#1049,#1050));
#9191=FACE_OUTER_BOUND('',#9190,.T.);
#9192=DIRECTION('',(0.9777923598561162,0.20829957661748716,0.023095181055423082));
#9193=DIRECTION('',(-0.208682418213842,0.9778588983392531,0.015608435769333816));
#9194=AXIS2_PLACEMENT_3D('',#1033,#9192,#9193);
#9195=PLANE('',#9194);
#9196=FACE_SURFACE('',(#9191),#9195,.T.);
#9197=POLY_LOOP('',(#1033,#1050,#1051));
#9198=FACE_OUTER_BOUND('',#9197,.T.);
#9199=DIRECTION('',(0.9777190970796572,0.20873471550798314,0.022252769435312552));
#9200=DIRECTION('',(-0.1950859428793111,0.864380153118286,0.4634527222771473));
#9201=AXIS2_PLACEMENT_3D('',#1033,#9199,#9200);
#9202=PLANE('',#9201);
#9203=FACE_SURFACE('',(#9198),#9202,.T.);
#9204=POLY_LOOP('',(#1051,#1042,#1033));
#9205=FACE_OUTER_BOUND('',#9204,.T.);
#9206=DIRECTION('',(0.9777643795383257,0.20849809337163144,0.022480283948990407));
#9207=DIRECTION('',(0.15160412323864897,-0.7768520518757606,0.6111604366395628));
#9208=AXIS2_PLACEMENT_3D('',#1051,#9206,#9207);
#9209=PLANE('',#9208);
#9210=FACE_SURFACE('',(#9205),#9209,.T.);
#9211=POLY_LOOP('',(#1033,#1048,#1031));
#9212=FACE_OUTER_BOUND('',#9211,.T.);
#9213=DIRECTION('',(0.9798299070162746,0.19871204126551292,0.021139488465238554));
#9214=DIRECTION('',(0.14955026723454445,-0.7993308288019062,0.581983628375347));
#9215=AXIS2_PLACEMENT_3D('',#1033,#9213,#9214);
#9216=PLANE('',#9215);
#9217=FACE_SURFACE('',(#9212),#9216,.T.);
#9218=POLY_LOOP('',(#371,#1052,#543));
#9219=FACE_OUTER_BOUND('',#9218,.T.);
#9220=DIRECTION('',(0.6763822901726669,0.3801888687356589,-0.6308434208504341));
#9221=DIRECTION('',(-0.10617214430814688,0.8978648666938982,0.427277611079446));
#9222=AXIS2_PLACEMENT_3D('',#371,#9220,#9221);
#9223=PLANE('',#9222);
#9224=FACE_SURFACE('',(#9219),#9223,.T.);
#9225=POLY_LOOP('',(#1053,#543,#1052));
#9226=FACE_OUTER_BOUND('',#9225,.T.);
#9227=DIRECTION('',(0.653215508047239,0.5663433243371141,-0.5025581946654274));
#9228=DIRECTION('',(0.4014154105995934,-0.821804020471153,-0.40435605605778757));
#9229=AXIS2_PLACEMENT_3D('',#1053,#9227,#9228);
#9230=PLANE('',#9229);
#9231=FACE_SURFACE('',(#9226),#9230,.T.);
#9232=POLY_LOOP('',(#1053,#1027,#543));
#9233=FACE_OUTER_BOUND('',#9232,.T.);
#9234=DIRECTION('',(0.6346911602360187,0.5678889089245674,-0.5240890365565005));
#9235=DIRECTION('',(0.7273296636611248,-0.209873097672726,0.6534101646223827));
#9236=AXIS2_PLACEMENT_3D('',#1053,#9234,#9235);
#9237=PLANE('',#9236);
#9238=FACE_SURFACE('',(#9233),#9237,.T.);
#9239=POLY_LOOP('',(#646,#80,#20));
#9240=FACE_OUTER_BOUND('',#9239,.T.);
#9241=DIRECTION('',(0.00522917564759944,0.9559709245635942,0.2934148038376277));
#9242=DIRECTION('',(-0.9999530480683787,0.007392664712667666,-0.006264995387461191));
#9243=AXIS2_PLACEMENT_3D('',#646,#9241,#9242);
#9244=PLANE('',#9243);
#9245=FACE_SURFACE('',(#9240),#9244,.T.);
#9246=POLY_LOOP('',(#646,#20,#647));
#9247=FACE_OUTER_BOUND('',#9246,.T.);
#9248=DIRECTION('',(0.0028059381580814832,0.7778446721747301,0.6284503104306972));
#9249=DIRECTION('',(-0.9999712363712824,0.006610947488759658,-0.003717768603597759));
#9250=AXIS2_PLACEMENT_3D('',#646,#9248,#9249);
#9251=PLANE('',#9250);
#9252=FACE_SURFACE('',(#9247),#9251,.T.);
#9253=POLY_LOOP('',(#20,#18,#647));
#9254=FACE_OUTER_BOUND('',#9253,.T.);
#9255=DIRECTION('',(0.004589027136071445,0.8510604767548983,0.525047622350268));
#9256=DIRECTION('',(-0.04409044092227892,-0.5243703483645425,0.8503480292064699));
#9257=AXIS2_PLACEMENT_3D('',#20,#9255,#9256);
#9258=PLANE('',#9257);
#9259=FACE_SURFACE('',(#9254),#9258,.T.);
#9260=POLY_LOOP('',(#647,#18,#17));
#9261=FACE_OUTER_BOUND('',#9260,.T.);
#9262=DIRECTION('',(0.0034661063050666617,0.7191633395010318,0.6948324094519522));
#9263=DIRECTION('',(-0.9999781550096891,0.006403311572634522,-0.0016392389458802267));
#9264=AXIS2_PLACEMENT_3D('',#647,#9262,#9263);
#9265=PLANE('',#9264);
#9266=FACE_SURFACE('',(#9261),#9265,.T.);
#9267=POLY_LOOP('',(#647,#17,#632));
#9268=FACE_OUTER_BOUND('',#9267,.T.);
#9269=DIRECTION('',(0.002928675797049589,0.6132415797187192,0.789889984594162));
#9270=DIRECTION('',(-0.9999877325995151,0.004951367912254349,-0.00013640483177425732));
#9271=AXIS2_PLACEMENT_3D('',#647,#9269,#9270);
#9272=PLANE('',#9271);
#9273=FACE_SURFACE('',(#9268),#9272,.T.);
#9274=POLY_LOOP('',(#632,#17,#23));
#9275=FACE_OUTER_BOUND('',#9274,.T.);
#9276=DIRECTION('',(0.00218967304333493,0.5451331333244184,0.8383466301500025));
#9277=DIRECTION('',(-0.9999576391469561,0.008688550358881048,-0.0030379276335985293));
#9278=AXIS2_PLACEMENT_3D('',#632,#9276,#9277);
#9279=PLANE('',#9278);
#9280=FACE_SURFACE('',(#9275),#9279,.T.);
#9281=POLY_LOOP('',(#81,#80,#646));
#9282=FACE_OUTER_BOUND('',#9281,.T.);
#9283=DIRECTION('',(0.006450213804345819,0.9902713948298715,0.138999853681862));
#9284=DIRECTION('',(-0.0033796338848962027,-0.13898036327777066,0.9902893701832728));
#9285=AXIS2_PLACEMENT_3D('',#81,#9283,#9284);
#9286=PLANE('',#9285);
#9287=FACE_SURFACE('',(#9282),#9286,.T.);
#9288=POLY_LOOP('',(#632,#23,#633));
#9289=FACE_OUTER_BOUND('',#9288,.T.);
#9290=DIRECTION('',(0.002184172085037721,0.3898612883775324,0.9208710035704856));
#9291=DIRECTION('',(-0.9999975895639667,0.0010579718753920566,0.0019239443254849672));
#9292=AXIS2_PLACEMENT_3D('',#632,#9290,#9291);
#9293=PLANE('',#9292);
#9294=FACE_SURFACE('',(#9289),#9293,.T.);
#9295=POLY_LOOP('',(#633,#22,#637));
#9296=FACE_OUTER_BOUND('',#9295,.T.);
#9297=DIRECTION('',(0.0008076688686278744,0.1544706687403772,0.9879970446159742));
#9298=DIRECTION('',(-0.9999876245559878,0.004974852909491328,3.9666128321372126e-05));
#9299=AXIS2_PLACEMENT_3D('',#633,#9297,#9298);
#9300=PLANE('',#9299);
#9301=FACE_SURFACE('',(#9296),#9300,.T.);
#9302=POLY_LOOP('',(#637,#22,#21));
#9303=FACE_OUTER_BOUND('',#9302,.T.);
#9304=DIRECTION('',(-8.323447568527734e-05,0.05048936173279177,0.9987245953834507));
#9305=DIRECTION('',(-0.9999636181402334,0.008514600544536375,-0.000513783476181006));
#9306=AXIS2_PLACEMENT_3D('',#637,#9304,#9305);
#9307=PLANE('',#9306);
#9308=FACE_SURFACE('',(#9303),#9307,.T.);
#9309=POLY_LOOP('',(#637,#21,#638));
#9310=FACE_OUTER_BOUND('',#9309,.T.);
#9311=DIRECTION('',(-0.00011038747187401757,-0.09261335855396294,0.9957021410200748));
#9312=DIRECTION('',(-0.9999999772961757,0.00019170971584735657,-9.303242897604918e-05));
#9313=AXIS2_PLACEMENT_3D('',#637,#9311,#9312);
#9314=PLANE('',#9313);
#9315=FACE_SURFACE('',(#9310),#9314,.T.);
#9316=POLY_LOOP('',(#638,#21,#29));
#9317=FACE_OUTER_BOUND('',#9316,.T.);
#9318=DIRECTION('',(-0.0009790812069702783,-0.2016973071397368,0.9794474144600969));
#9319=DIRECTION('',(-0.9999688324630489,0.007870717178332409,0.0006212194342694046));
#9320=AXIS2_PLACEMENT_3D('',#638,#9318,#9319);
#9321=PLANE('',#9320);
#9322=FACE_SURFACE('',(#9317),#9321,.T.);
#9323=POLY_LOOP('',(#638,#29,#639));
#9324=FACE_OUTER_BOUND('',#9323,.T.);
#9325=DIRECTION('',(-0.001650703863364412,-0.3372587317251945,0.94141054968163));
#9326=DIRECTION('',(-0.9999877541937251,0.0049488465642744724,1.95005957935347e-05));
#9327=AXIS2_PLACEMENT_3D('',#638,#9325,#9326);
#9328=PLANE('',#9327);
#9329=FACE_SURFACE('',(#9324),#9328,.T.);
#9330=POLY_LOOP('',(#639,#29,#28));
#9331=FACE_OUTER_BOUND('',#9330,.T.);
#9332=DIRECTION('',(-0.002485417517543553,-0.43477922508298406,0.9005336463097885));
#9333=DIRECTION('',(-0.9999666997941928,0.008080613146512556,0.001141487576416196));
#9334=AXIS2_PLACEMENT_3D('',#639,#9332,#9333);
#9335=PLANE('',#9334);
#9336=FACE_SURFACE('',(#9331),#9335,.T.);
#9337=POLY_LOOP('',(#633,#23,#22));
#9338=FACE_OUTER_BOUND('',#9337,.T.);
#9339=DIRECTION('',(0.0015347370211494494,0.300891336206494,0.9536571964695421));
#9340=DIRECTION('',(-0.9999748121310619,0.007070279681008787,-0.0006214890826305225));
#9341=AXIS2_PLACEMENT_3D('',#633,#9339,#9340);
#9342=PLANE('',#9341);
#9343=FACE_SURFACE('',(#9338),#9342,.T.);
#9344=POLY_LOOP('',(#639,#28,#640));
#9345=FACE_OUTER_BOUND('',#9344,.T.);
#9346=DIRECTION('',(-0.0025227784147226063,-0.5685490053708117,0.8226455276003943));
#9347=DIRECTION('',(-0.9999968167201919,0.001472370790611034,-0.0020490665528700206));
#9348=AXIS2_PLACEMENT_3D('',#639,#9346,#9347);
#9349=PLANE('',#9348);
#9350=FACE_SURFACE('',(#9345),#9349,.T.);
#9351=POLY_LOOP('',(#646,#645,#81));
#9352=FACE_OUTER_BOUND('',#9351,.T.);
#9353=DIRECTION('',(0.004721569430372218,0.9608218986176733,0.2771262995798916));
#9354=DIRECTION('',(-0.015027110926959793,0.27716626964963226,-0.9607044524231665));
#9355=AXIS2_PLACEMENT_3D('',#646,#9353,#9354);
#9356=PLANE('',#9355);
#9357=FACE_SURFACE('',(#9352),#9356,.T.);
#9358=POLY_LOOP('',(#82,#81,#644));
#9359=FACE_OUTER_BOUND('',#9358,.T.);
#9360=DIRECTION('',(-0.0003313164630408221,-0.013552911153795363,0.999908100191542));
#9361=DIRECTION('',(-0.10284988145139724,-0.9946050691768205,-0.013515112030821504));
#9362=AXIS2_PLACEMENT_3D('',#82,#9360,#9361);
#9363=PLANE('',#9362);
#9364=FACE_SURFACE('',(#9359),#9363,.T.);
#9365=POLY_LOOP('',(#635,#31,#636));
#9366=FACE_OUTER_BOUND('',#9365,.T.);
#9367=DIRECTION('',(0.0008087705672988936,0.15466374932642266,0.9879668367584323));
#9368=DIRECTION('',(-0.9999876274547033,0.004974268324781445,3.990171533631358e-05));
#9369=AXIS2_PLACEMENT_3D('',#635,#9367,#9368);
#9370=PLANE('',#9369);
#9371=FACE_SURFACE('',(#9366),#9370,.T.);
#9372=POLY_LOOP('',(#636,#31,#30));
#9373=FACE_OUTER_BOUND('',#9372,.T.);
#9374=DIRECTION('',(-8.491961921586716e-05,0.05077265481659013,0.9987102334068343));
#9375=DIRECTION('',(-0.9999633290252794,0.008548135608829504,-0.0005195982041287146));
#9376=AXIS2_PLACEMENT_3D('',#636,#9374,#9375);
#9377=PLANE('',#9376);
#9378=FACE_SURFACE('',(#9373),#9377,.T.);
#9379=POLY_LOOP('',(#636,#30,#973));
#9380=FACE_OUTER_BOUND('',#9379,.T.);
#9381=DIRECTION('',(-0.00010261077028305706,-0.09233120329500073,0.9957283456692027));
#9382=DIRECTION('',(-0.9999999879432135,0.00012552930683311145,-9.141097317666487e-05));
#9383=AXIS2_PLACEMENT_3D('',#636,#9381,#9382);
#9384=PLANE('',#9383);
#9385=FACE_SURFACE('',(#9380),#9384,.T.);
#9386=POLY_LOOP('',(#973,#30,#59));
#9387=FACE_OUTER_BOUND('',#9386,.T.);
#9388=DIRECTION('',(-0.000982735783054005,-0.2023814300541239,0.9793062804861554));
#9389=DIRECTION('',(-0.9999685704814738,0.00790325260556444,0.0006297995637742939));
#9390=AXIS2_PLACEMENT_3D('',#973,#9388,#9389);
#9391=PLANE('',#9390);
#9392=FACE_SURFACE('',(#9387),#9391,.T.);
#9393=POLY_LOOP('',(#973,#59,#974));
#9394=FACE_OUTER_BOUND('',#9393,.T.);
#9395=DIRECTION('',(-0.0016517655768929166,-0.33744565316493735,0.9413435625904965));
#9396=DIRECTION('',(-0.9999877583745114,0.004948003440117528,1.905456926494101e-05));
#9397=AXIS2_PLACEMENT_3D('',#973,#9395,#9396);
#9398=PLANE('',#9397);
#9399=FACE_SURFACE('',(#9394),#9398,.T.);
#9400=POLY_LOOP('',(#974,#59,#58));
#9401=FACE_OUTER_BOUND('',#9400,.T.);
#9402=DIRECTION('',(-0.0024901822937198744,-0.4350249544808012,0.9004149532138617));
#9403=DIRECTION('',(-0.9999664607865589,0.008108636569211214,0.0011520915726192544));
#9404=AXIS2_PLACEMENT_3D('',#974,#9402,#9403);
#9405=PLANE('',#9404);
#9406=FACE_SURFACE('',(#9401),#9405,.T.);
#9407=POLY_LOOP('',(#644,#81,#645));
#9408=FACE_OUTER_BOUND('',#9407,.T.);
#9409=DIRECTION('',(-0.00040703473694332463,-0.005344121952722775,0.9999856372384942));
#9410=DIRECTION('',(-0.9999573968197686,-0.0092193460664666,-0.0004562932593038788));
#9411=AXIS2_PLACEMENT_3D('',#644,#9409,#9410);
#9412=PLANE('',#9411);
#9413=FACE_SURFACE('',(#9408),#9412,.T.);
#9414=POLY_LOOP('',(#974,#58,#976));
#9415=FACE_OUTER_BOUND('',#9414,.T.);
#9416=DIRECTION('',(-0.0025174644393767378,-0.5685213576232225,0.822664651178744));
#9417=DIRECTION('',(-0.9999968310209167,0.001416499316259078,-0.0020812202697409973));
#9418=AXIS2_PLACEMENT_3D('',#974,#9416,#9417);
#9419=PLANE('',#9418);
#9420=FACE_SURFACE('',(#9415),#9419,.T.);
#9421=POLY_LOOP('',(#976,#57,#977));
#9422=FACE_OUTER_BOUND('',#9421,.T.);
#9423=DIRECTION('',(-0.003772639933207707,-0.7422885872501518,0.6700697131090974));
#9424=DIRECTION('',(-0.9999873217319495,0.005035240662575533,-5.22190812315783e-05));
#9425=AXIS2_PLACEMENT_3D('',#976,#9423,#9424);
#9426=PLANE('',#9425);
#9427=FACE_SURFACE('',(#9422),#9426,.T.);
#9428=POLY_LOOP('',(#977,#57,#83));
#9429=FACE_OUTER_BOUND('',#9428,.T.);
#9430=DIRECTION('',(-0.004415801768534362,-0.8024878163690109,0.5966521643923182));
#9431=DIRECTION('',(-0.9999686552614209,0.007464769084263286,0.002639264515785121));
#9432=AXIS2_PLACEMENT_3D('',#977,#9430,#9431);
#9433=PLANE('',#9432);
#9434=FACE_SURFACE('',(#9429),#9433,.T.);
#9435=POLY_LOOP('',(#977,#83,#642));
#9436=FACE_OUTER_BOUND('',#9435,.T.);
#9437=DIRECTION('',(-0.004166754297771186,-0.8800688615094301,0.47482779737513003));
#9438=DIRECTION('',(-0.9999892574551751,0.002702876711355748,-0.0037655586213512842));
#9439=AXIS2_PLACEMENT_3D('',#977,#9437,#9438);
#9440=PLANE('',#9439);
#9441=FACE_SURFACE('',(#9436),#9440,.T.);
#9442=POLY_LOOP('',(#642,#83,#643));
#9443=FACE_OUTER_BOUND('',#9442,.T.);
#9444=DIRECTION('',(-0.0054110045846863675,-0.9686919044672628,0.248207000805722));
#9445=DIRECTION('',(-0.9999752878301117,0.006355678206075921,0.003004843361314901));
#9446=AXIS2_PLACEMENT_3D('',#642,#9444,#9445);
#9447=PLANE('',#9446);
#9448=FACE_SURFACE('',(#9443),#9447,.T.);
#9449=POLY_LOOP('',(#643,#83,#82));
#9450=FACE_OUTER_BOUND('',#9449,.T.);
#9451=DIRECTION('',(-0.00558548000706521,-0.9745767533938653,0.22398427212053004));
#9452=DIRECTION('',(-0.9999603872038939,0.006995717419696982,0.005503086481453356));
#9453=AXIS2_PLACEMENT_3D('',#643,#9451,#9452);
#9454=PLANE('',#9453);
#9455=FACE_SURFACE('',(#9450),#9454,.T.);
#9456=POLY_LOOP('',(#643,#82,#644));
#9457=FACE_OUTER_BOUND('',#9456,.T.);
#9458=DIRECTION('',(-0.005023087020790308,-0.9963523668998027,0.08518644005910024));
#9459=DIRECTION('',(-0.9999778507120366,0.004632800581551534,-0.004778623662443794));
#9460=AXIS2_PLACEMENT_3D('',#643,#9458,#9459);
#9461=PLANE('',#9460);
#9462=FACE_SURFACE('',(#9457),#9461,.T.);
#9463=POLY_LOOP('',(#976,#58,#57));
#9464=FACE_OUTER_BOUND('',#9463,.T.);
#9465=DIRECTION('',(-0.0032994488661443307,-0.647358686476834,0.7621783549013759));
#9466=DIRECTION('',(-0.9999647958658324,0.008016117361778994,0.0024796958374738724));
#9467=AXIS2_PLACEMENT_3D('',#976,#9465,#9466);
#9468=PLANE('',#9467);
#9469=FACE_SURFACE('',(#9464),#9468,.T.);
#9470=POLY_LOOP('',(#635,#33,#31));
#9471=FACE_OUTER_BOUND('',#9470,.T.);
#9472=DIRECTION('',(0.0015352659221556633,0.30098810312774815,0.9536266589887828));
#9473=DIRECTION('',(-0.9999746475523361,0.007092873813295836,-0.0006288033474415723));
#9474=AXIS2_PLACEMENT_3D('',#635,#9472,#9473);
#9475=PLANE('',#9474);
#9476=FACE_SURFACE('',(#9471),#9475,.T.);
#9477=POLY_LOOP('',(#640,#28,#25));
#9478=FACE_OUTER_BOUND('',#9477,.T.);
#9479=DIRECTION('',(-0.003297993297473895,-0.6470635155580335,0.762428967231629));
#9480=DIRECTION('',(-0.999965065024445,0.007989953011622723,0.0024554798979937883));
#9481=AXIS2_PLACEMENT_3D('',#640,#9479,#9480);
#9482=PLANE('',#9481);
#9483=FACE_SURFACE('',(#9478),#9482,.T.);
#9484=POLY_LOOP('',(#641,#25,#24));
#9485=FACE_OUTER_BOUND('',#9484,.T.);
#9486=DIRECTION('',(-0.0044100941657801065,-0.8023978099261407,0.5967732447883213));
#9487=DIRECTION('',(-0.9999690123686311,0.007430331442258334,0.0026008608503154023));
#9488=AXIS2_PLACEMENT_3D('',#641,#9486,#9487);
#9489=PLANE('',#9488);
#9490=FACE_SURFACE('',(#9485),#9489,.T.);
#9491=POLY_LOOP('',(#622,#136,#56));
#9492=FACE_OUTER_BOUND('',#9491,.T.);
#9493=DIRECTION('',(-0.00010260703496148662,0.054860110196167565,0.9984940449402094));
#9494=DIRECTION('',(-0.9999620895035132,0.008688097142288015,-0.0005801067263585554));
#9495=AXIS2_PLACEMENT_3D('',#622,#9493,#9494);
#9496=PLANE('',#9495);
#9497=FACE_SURFACE('',(#9492),#9496,.T.);
#9498=POLY_LOOP('',(#622,#56,#615));
#9499=FACE_OUTER_BOUND('',#9498,.T.);
#9500=DIRECTION('',(-0.00014240571209797568,-0.08751136563646573,0.9961635109785211));
#9501=DIRECTION('',(-0.9999999533967238,0.0002814763761635276,-0.00011822689959125446));
#9502=AXIS2_PLACEMENT_3D('',#622,#9500,#9501);
#9503=PLANE('',#9502);
#9504=FACE_SURFACE('',(#9499),#9503,.T.);
#9505=POLY_LOOP('',(#615,#56,#55));
#9506=FACE_OUTER_BOUND('',#9505,.T.);
#9507=DIRECTION('',(-0.0009773601397949888,-0.19613963349324384,0.9805754886495446));
#9508=DIRECTION('',(-0.999970900099224,0.007610693807906557,0.0005256372419731231));
#9509=AXIS2_PLACEMENT_3D('',#615,#9507,#9508);
#9510=PLANE('',#9509);
#9511=FACE_SURFACE('',(#9506),#9510,.T.);
#9512=POLY_LOOP('',(#615,#55,#616));
#9513=FACE_OUTER_BOUND('',#9512,.T.);
#9514=DIRECTION('',(-0.0016574778558783173,-0.3334886461370372,0.9427526587948948));
#9515=DIRECTION('',(-0.9999877322278874,0.004953317945226718,-5.921199824443913e-06));
#9516=AXIS2_PLACEMENT_3D('',#615,#9514,#9515);
#9517=PLANE('',#9516);
#9518=FACE_SURFACE('',(#9513),#9517,.T.);
#9519=POLY_LOOP('',(#616,#55,#90));
#9520=FACE_OUTER_BOUND('',#9519,.T.);
#9521=DIRECTION('',(-0.002487338837842051,-0.42923273813609086,0.9031904946674868));
#9522=DIRECTION('',(-0.9999657636925684,0.008195693684037624,0.0011410730808882625));
#9523=AXIS2_PLACEMENT_3D('',#616,#9521,#9522);
#9524=PLANE('',#9523);
#9525=FACE_SURFACE('',(#9520),#9524,.T.);
#9526=POLY_LOOP('',(#616,#90,#618));
#9527=FACE_OUTER_BOUND('',#9526,.T.);
#9528=DIRECTION('',(-0.0025189578997704557,-0.5671164706193083,0.823633755745476));
#9529=DIRECTION('',(-0.9999968274187577,0.0014270021388511462,-0.002075769089955487));
#9530=AXIS2_PLACEMENT_3D('',#616,#9528,#9529);
#9531=PLANE('',#9530);
#9532=FACE_SURFACE('',(#9527),#9531,.T.);
#9533=POLY_LOOP('',(#631,#136,#622));
#9534=FACE_OUTER_BOUND('',#9533,.T.);
#9535=DIRECTION('',(0.0008191124139286476,0.16018433242700308,0.9870867787078139));
#9536=DIRECTION('',(-0.9999876464334291,0.004970557560150457,2.3196390530316957e-05));
#9537=AXIS2_PLACEMENT_3D('',#631,#9535,#9536);
#9538=PLANE('',#9537);
#9539=FACE_SURFACE('',(#9534),#9538,.T.);
#9540=POLY_LOOP('',(#618,#90,#92));
#9541=FACE_OUTER_BOUND('',#9540,.T.);
#9542=DIRECTION('',(-0.003227536431800235,-0.6422595898172209,0.7664803991599501));
#9543=DIRECTION('',(-0.9999676982549759,0.007715050903463604,0.002253982298607521));
#9544=AXIS2_PLACEMENT_3D('',#618,#9542,#9543);
#9545=PLANE('',#9544);
#9546=FACE_SURFACE('',(#9541),#9545,.T.);
#9547=POLY_LOOP('',(#619,#92,#91));
#9548=FACE_OUTER_BOUND('',#9547,.T.);
#9549=DIRECTION('',(-0.0043377858375325965,-0.7987840801362627,0.6016021749752009));
#9550=DIRECTION('',(-0.999968704485978,0.007445286241751506,0.0026753992997779674));
#9551=AXIS2_PLACEMENT_3D('',#619,#9549,#9550);
#9552=PLANE('',#9551);
#9553=FACE_SURFACE('',(#9548),#9552,.T.);
#9554=POLY_LOOP('',(#619,#91,#620));
#9555=FACE_OUTER_BOUND('',#9554,.T.);
#9556=DIRECTION('',(-0.004091860721692291,-0.8741218622252316,0.48568943436699097));
#9557=DIRECTION('',(-0.9999894926715841,0.002573019187326505,-0.003793958182356528));
#9558=AXIS2_PLACEMENT_3D('',#619,#9556,#9557);
#9559=PLANE('',#9558);
#9560=FACE_SURFACE('',(#9555),#9559,.T.);
#9561=POLY_LOOP('',(#620,#91,#621));
#9562=FACE_OUTER_BOUND('',#9561,.T.);
#9563=DIRECTION('',(-0.005258435061199989,-0.9662666404025667,0.2574900551591147));
#9564=DIRECTION('',(-0.9999776685917179,0.0061431144690738335,0.0026314373434032506));
#9565=AXIS2_PLACEMENT_3D('',#620,#9563,#9564);
#9566=PLANE('',#9565);
#9567=FACE_SURFACE('',(#9562),#9566,.T.);
#9568=POLY_LOOP('',(#621,#91,#134));
#9569=FACE_OUTER_BOUND('',#9568,.T.);
#9570=DIRECTION('',(-0.005502365820806318,-0.9745281456930223,0.22419771903945318));
#9571=DIRECTION('',(-0.9999602369043418,0.0069355669209812424,0.005605579514859905));
#9572=AXIS2_PLACEMENT_3D('',#621,#9570,#9571);
#9573=PLANE('',#9572);
#9574=FACE_SURFACE('',(#9569),#9573,.T.);
#9575=POLY_LOOP('',(#621,#134,#331));
#9576=FACE_OUTER_BOUND('',#9575,.T.);
#9577=DIRECTION('',(-0.004977493065429971,-0.9964393064486562,0.0841661043823733));
#9578=DIRECTION('',(-0.9999793453650654,0.004617551449456459,-0.0044706891937277005));
#9579=AXIS2_PLACEMENT_3D('',#621,#9577,#9578);
#9580=PLANE('',#9579);
#9581=FACE_SURFACE('',(#9576),#9580,.T.);
#9582=POLY_LOOP('',(#134,#133,#331));
#9583=FACE_OUTER_BOUND('',#9582,.T.);
#9584=DIRECTION('',(-9.860288399526802e-05,-0.013494842242825364,0.9999089356087946));
#9585=DIRECTION('',(-0.08554636472234099,-0.9962433510725444,-0.013453807139221135));
#9586=AXIS2_PLACEMENT_3D('',#134,#9584,#9585);
#9587=PLANE('',#9586);
#9588=FACE_SURFACE('',(#9583),#9587,.T.);
#9589=POLY_LOOP('',(#618,#92,#619));
#9590=FACE_OUTER_BOUND('',#9589,.T.);
#9591=DIRECTION('',(-0.0037197245778045995,-0.7409199380206519,0.6715830619458316));
#9592=DIRECTION('',(-0.9999874749106406,0.005004970922710413,-1.6967732984641863e-05));
#9593=AXIS2_PLACEMENT_3D('',#618,#9591,#9592);
#9594=PLANE('',#9593);
#9595=FACE_SURFACE('',(#9590),#9594,.T.);
#9596=POLY_LOOP('',(#640,#25,#641));
#9597=FACE_OUTER_BOUND('',#9596,.T.);
#9598=DIRECTION('',(-0.0037724592341248854,-0.7422546627225818,0.6701072930642624));
#9599=DIRECTION('',(-0.9999873225166075,0.005035083200802485,-5.2375830269383375e-05));
#9600=AXIS2_PLACEMENT_3D('',#640,#9598,#9599);
#9601=PLANE('',#9600);
#9602=FACE_SURFACE('',(#9597),#9601,.T.);
#9603=POLY_LOOP('',(#631,#137,#136));
#9604=FACE_OUTER_BOUND('',#9603,.T.);
#9605=DIRECTION('',(0.0015403993734103521,0.3054572081316328,0.9522045584695543));
#9606=DIRECTION('',(-0.9999762105971475,0.0068726755306578475,-0.0005870015500226168));
#9607=AXIS2_PLACEMENT_3D('',#631,#9605,#9606);
#9608=PLANE('',#9607);
#9609=FACE_SURFACE('',(#9604),#9608,.T.);
#9610=POLY_LOOP('',(#630,#138,#137));
#9611=FACE_OUTER_BOUND('',#9610,.T.);
#9612=DIRECTION('',(0.0021953583949269064,0.5469891829601671,0.837136795348339));
#9613=DIRECTION('',(-0.9999568849791916,0.008754037238710587,-0.0030975820788311484));
#9614=AXIS2_PLACEMENT_3D('',#630,#9612,#9613);
#9615=PLANE('',#9614);
#9616=FACE_SURFACE('',(#9611),#9615,.T.);
#9617=POLY_LOOP('',(#641,#24,#623));
#9618=FACE_OUTER_BOUND('',#9617,.T.);
#9619=DIRECTION('',(-0.00416808942342335,-0.8800017350374456,0.4749521800788411));
#9620=DIRECTION('',(-0.999989349956874,0.002726737255856465,-0.003723557004523564));
#9621=AXIS2_PLACEMENT_3D('',#641,#9619,#9620);
#9622=PLANE('',#9621);
#9623=FACE_SURFACE('',(#9618),#9622,.T.);
#9624=POLY_LOOP('',(#623,#24,#624));
#9625=FACE_OUTER_BOUND('',#9624,.T.);
#9626=DIRECTION('',(-0.0054068479328624785,-0.9687401162495973,0.24801885646891395));
#9627=DIRECTION('',(-0.9999754447532252,0.006343614417450428,0.0029779937394353363));
#9628=AXIS2_PLACEMENT_3D('',#623,#9626,#9627);
#9629=PLANE('',#9628);
#9630=FACE_SURFACE('',(#9625),#9629,.T.);
#9631=POLY_LOOP('',(#624,#24,#27));
#9632=FACE_OUTER_BOUND('',#9631,.T.);
#9633=DIRECTION('',(-0.005577847963607413,-0.9745516015392313,0.22409387218175875));
#9634=DIRECTION('',(-0.9999607960132816,0.006977013170256584,0.005452313610400408));
#9635=AXIS2_PLACEMENT_3D('',#624,#9633,#9634);
#9636=PLANE('',#9635);
#9637=FACE_SURFACE('',(#9632),#9636,.T.);
#9638=POLY_LOOP('',(#624,#27,#626));
#9639=FACE_OUTER_BOUND('',#9638,.T.);
#9640=DIRECTION('',(-0.005022694604432636,-0.9963610308113409,0.08508506813462076));
#9641=DIRECTION('',(-0.9999781005072319,0.0046377578354815105,-0.004721197751398255));
#9642=AXIS2_PLACEMENT_3D('',#624,#9640,#9641);
#9643=PLANE('',#9642);
#9644=FACE_SURFACE('',(#9639),#9643,.T.);
#9645=POLY_LOOP('',(#39,#627,#37));
#9646=FACE_OUTER_BOUND('',#9645,.T.);
#9647=DIRECTION('',(-0.0004425714643972641,-0.013449529127109986,0.9999094530490037));
#9648=DIRECTION('',(0.9999873141168029,-0.005023041784037688,0.0003750422621395864));
#9649=AXIS2_PLACEMENT_3D('',#39,#9647,#9648);
#9650=PLANE('',#9649);
#9651=FACE_SURFACE('',(#9646),#9650,.T.);
#9652=POLY_LOOP('',(#37,#627,#626));
#9653=FACE_OUTER_BOUND('',#9652,.T.);
#9654=DIRECTION('',(-0.0003457811359202095,-0.005422280986264901,0.9999852395432204));
#9655=DIRECTION('',(0.9999272423761348,-0.012059491972328211,0.00028037016207247263));
#9656=AXIS2_PLACEMENT_3D('',#37,#9654,#9655);
#9657=PLANE('',#9656);
#9658=FACE_SURFACE('',(#9653),#9657,.T.);
#9659=POLY_LOOP('',(#630,#137,#631));
#9660=FACE_OUTER_BOUND('',#9659,.T.);
#9661=DIRECTION('',(0.0021782760339408877,0.3953905994917476,0.9185104947397588));
#9662=DIRECTION('',(-0.9999975861555324,0.0011255690426219217,0.001887002236028643));
#9663=AXIS2_PLACEMENT_3D('',#630,#9661,#9662);
#9664=PLANE('',#9663);
#9665=FACE_SURFACE('',(#9660),#9664,.T.);
#9666=POLY_LOOP('',(#37,#626,#27));
#9667=FACE_OUTER_BOUND('',#9666,.T.);
#9668=DIRECTION('',(-0.0003294278217017248,-0.01347953419018027,0.9999090926855934));
#9669=DIRECTION('',(0.9999978834839222,0.0020262628067022792,0.0003567726364859144));
#9670=AXIS2_PLACEMENT_3D('',#37,#9668,#9669);
#9671=PLANE('',#9670);
#9672=FACE_SURFACE('',(#9667),#9671,.T.);
#9673=POLY_LOOP('',(#39,#141,#628));
#9674=FACE_OUTER_BOUND('',#9673,.T.);
#9675=DIRECTION('',(0.0064357025953598775,0.9902708172134459,0.13900464131646073));
#9676=DIRECTION('',(-0.0031171471216502374,-0.13898697802412605,0.9902893028471745));
#9677=AXIS2_PLACEMENT_3D('',#39,#9675,#9676);
#9678=PLANE('',#9677);
#9679=FACE_SURFACE('',(#9674),#9678,.T.);
#9680=POLY_LOOP('',(#628,#141,#140));
#9681=FACE_OUTER_BOUND('',#9680,.T.);
#9682=DIRECTION('',(0.005235993594194096,0.9563292752525635,0.29224459219288934));
#9683=DIRECTION('',(-0.9999536534256896,0.007368440752613875,-0.0061965378632756404));
#9684=AXIS2_PLACEMENT_3D('',#628,#9682,#9683);
#9685=PLANE('',#9684);
#9686=FACE_SURFACE('',(#9681),#9685,.T.);
#9687=POLY_LOOP('',(#628,#140,#629));
#9688=FACE_OUTER_BOUND('',#9687,.T.);
#9689=DIRECTION('',(0.0028190731046240946,0.7790262897394199,0.6269849222442785));
#9690=DIRECTION('',(-0.999971232668921,0.006611211126273306,-0.003718295582970347));
#9691=AXIS2_PLACEMENT_3D('',#628,#9689,#9690);
#9692=PLANE('',#9691);
#9693=FACE_SURFACE('',(#9688),#9692,.T.);
#9694=POLY_LOOP('',(#140,#139,#629));
#9695=FACE_OUTER_BOUND('',#9694,.T.);
#9696=DIRECTION('',(0.004564802722619988,0.8515631590543932,0.5242321515487257));
#9697=DIRECTION('',(-0.040391244118281565,-0.523652782735813,0.8509737425629635));
#9698=AXIS2_PLACEMENT_3D('',#140,#9696,#9697);
#9699=PLANE('',#9698);
#9700=FACE_SURFACE('',(#9695),#9699,.T.);
#9701=POLY_LOOP('',(#629,#139,#138));
#9702=FACE_OUTER_BOUND('',#9701,.T.);
#9703=DIRECTION('',(0.0034776725890977526,0.7204333606750128,0.6935154494456989));
#9704=DIRECTION('',(-0.9999789334559409,0.006306428070145844,-0.0015367528477228567));
#9705=AXIS2_PLACEMENT_3D('',#629,#9703,#9704);
#9706=PLANE('',#9705);
#9707=FACE_SURFACE('',(#9702),#9706,.T.);
#9708=POLY_LOOP('',(#629,#138,#630));
#9709=FACE_OUTER_BOUND('',#9708,.T.);
#9710=DIRECTION('',(0.0029436311978399345,0.6152042681362718,0.788362253981179));
#9711=DIRECTION('',(-0.9999877144286802,0.0049551299543496895,-0.00013296179885269763));
#9712=AXIS2_PLACEMENT_3D('',#629,#9710,#9711);
#9713=PLANE('',#9712);
#9714=FACE_SURFACE('',(#9709),#9713,.T.);
#9715=POLY_LOOP('',(#628,#627,#39));
#9716=FACE_OUTER_BOUND('',#9715,.T.);
#9717=DIRECTION('',(0.004721991578945222,0.960761356609514,0.2773361109581202));
#9718=DIRECTION('',(-0.013613363091165271,0.2773752636158604,-0.9606652067600763));
#9719=AXIS2_PLACEMENT_3D('',#628,#9717,#9718);
#9720=PLANE('',#9719);
#9721=FACE_SURFACE('',(#9716),#9720,.T.);
#9722=POLY_LOOP('',(#331,#133,#660));
#9723=FACE_OUTER_BOUND('',#9722,.T.);
#9724=DIRECTION('',(-9.7530844197389e-05,-0.0135309288695195,0.99990844803495));
#9725=DIRECTION('',(-0.9995591027181462,-0.029687555287689016,-0.0004992337478515681));
#9726=AXIS2_PLACEMENT_3D('',#331,#9724,#9725);
#9727=PLANE('',#9726);
#9728=FACE_SURFACE('',(#9723),#9727,.T.);
#9729=POLY_LOOP('',(#673,#33,#635));
#9730=FACE_OUTER_BOUND('',#9729,.T.);
#9731=DIRECTION('',(0.002190050164902353,0.3903782509981139,0.9206519564025969));
#9732=DIRECTION('',(-0.9999975901527184,0.0009956901129988141,0.001956601634135455));
#9733=AXIS2_PLACEMENT_3D('',#673,#9731,#9732);
#9734=PLANE('',#9733);
#9735=FACE_SURFACE('',(#9730),#9734,.T.);
#9736=POLY_LOOP('',(#799,#34,#673));
#9737=FACE_OUTER_BOUND('',#9736,.T.);
#9738=DIRECTION('',(0.0029272923584336657,0.6134573520006665,0.7897224248023977));
#9739=DIRECTION('',(-0.9999877381771058,0.004950179912814311,-0.0001386155354220072));
#9740=AXIS2_PLACEMENT_3D('',#799,#9738,#9739);
#9741=PLANE('',#9740);
#9742=FACE_SURFACE('',(#9737),#9741,.T.);
#9743=POLY_LOOP('',(#983,#73,#984));
#9744=FACE_OUTER_BOUND('',#9743,.T.);
#9745=DIRECTION('',(0.0022047121158909094,0.3917484517093519,0.9200697200907177));
#9746=DIRECTION('',(-0.9999975689665288,0.0008304505715083109,0.002042648496645591));
#9747=AXIS2_PLACEMENT_3D('',#983,#9745,#9746);
#9748=PLANE('',#9747);
#9749=FACE_SURFACE('',(#9744),#9748,.T.);
#9750=POLY_LOOP('',(#984,#73,#72));
#9751=FACE_OUTER_BOUND('',#9750,.T.);
#9752=DIRECTION('',(0.0015420432486728545,0.3020182701292091,0.953300889861527));
#9753=DIRECTION('',(-0.9999742610878329,0.007145592255057383,-0.0006462763858884871));
#9754=AXIS2_PLACEMENT_3D('',#984,#9752,#9753);
#9755=PLANE('',#9754);
#9756=FACE_SURFACE('',(#9751),#9755,.T.);
#9757=POLY_LOOP('',(#984,#72,#985));
#9758=FACE_OUTER_BOUND('',#9757,.T.);
#9759=DIRECTION('',(0.0008175286507306423,0.15602632233113226,0.9877525592914083));
#9760=DIRECTION('',(-0.9999876356847501,0.004972594746858191,4.217946221589739e-05));
#9761=AXIS2_PLACEMENT_3D('',#984,#9759,#9760);
#9762=PLANE('',#9761);
#9763=FACE_SURFACE('',(#9758),#9762,.T.);
#9764=POLY_LOOP('',(#985,#72,#71));
#9765=FACE_OUTER_BOUND('',#9764,.T.);
#9766=DIRECTION('',(-9.491078109586804e-05,0.050880880887986035,0.998704724606831));
#9767=DIRECTION('',(-0.9999626879685668,0.00862190266870308,-0.0005342892942716144));
#9768=AXIS2_PLACEMENT_3D('',#985,#9766,#9767);
#9769=PLANE('',#9768);
#9770=FACE_SURFACE('',(#9765),#9769,.T.);
#9771=POLY_LOOP('',(#985,#71,#986));
#9772=FACE_OUTER_BOUND('',#9771,.T.);
#9773=DIRECTION('',(-8.834292487269913e-05,-0.09203740101750706,0.9957555468133081));
#9774=DIRECTION('',(-0.9999999947252087,-4.40405626509367e-05,-9.279014676658658e-05));
#9775=AXIS2_PLACEMENT_3D('',#985,#9773,#9774);
#9776=PLANE('',#9775);
#9777=FACE_SURFACE('',(#9772),#9776,.T.);
#9778=POLY_LOOP('',(#986,#71,#160));
#9779=FACE_OUTER_BOUND('',#9778,.T.);
#9780=DIRECTION('',(-0.0009819320873241289,-0.20264878588064314,0.9792509920293557));
#9781=DIRECTION('',(-0.9999679364128963,0.007981536588190426,0.000649014503097436));
#9782=AXIS2_PLACEMENT_3D('',#986,#9780,#9781);
#9783=PLANE('',#9782);
#9784=FACE_SURFACE('',(#9779),#9783,.T.);
#9785=POLY_LOOP('',(#983,#74,#73));
#9786=FACE_OUTER_BOUND('',#9785,.T.);
#9787=DIRECTION('',(0.002164972729316028,0.5455068517988081,0.8381035661143762));
#9788=DIRECTION('',(-0.9999565190476238,0.008782966559031878,-0.0031336101515566047));
#9789=AXIS2_PLACEMENT_3D('',#983,#9787,#9788);
#9790=PLANE('',#9789);
#9791=FACE_SURFACE('',(#9786),#9790,.T.);
#9792=POLY_LOOP('',(#986,#160,#987));
#9793=FACE_OUTER_BOUND('',#9792,.T.);
#9794=DIRECTION('',(-0.001651156954848195,-0.337801105785904,0.9412160679729873));
#9795=DIRECTION('',(-0.9999877695762064,0.004945732214807352,2.0757242942185586e-05));
#9796=AXIS2_PLACEMENT_3D('',#986,#9794,#9795);
#9797=PLANE('',#9796);
#9798=FACE_SURFACE('',(#9793),#9797,.T.);
#9799=POLY_LOOP('',(#987,#159,#964));
#9800=FACE_OUTER_BOUND('',#9799,.T.);
#9801=DIRECTION('',(-0.002504615202831456,-0.5683050085993617,0.8228141613411653));
#9802=DIRECTION('',(-0.9999968456301939,0.0012680700467125902,-0.002168116237376725));
#9803=AXIS2_PLACEMENT_3D('',#987,#9801,#9802);
#9804=PLANE('',#9803);
#9805=FACE_SURFACE('',(#9800),#9804,.T.);
#9806=POLY_LOOP('',(#964,#159,#158));
#9807=FACE_OUTER_BOUND('',#9806,.T.);
#9808=DIRECTION('',(-0.0033014434433402567,-0.6478620766930537,0.7617505038095833));
#9809=DIRECTION('',(-0.9999642135520372,0.008072340465867233,0.0025315873792528592));
#9810=AXIS2_PLACEMENT_3D('',#964,#9808,#9809);
#9811=PLANE('',#9810);
#9812=FACE_SURFACE('',(#9807),#9811,.T.);
#9813=POLY_LOOP('',(#964,#158,#965));
#9814=FACE_OUTER_BOUND('',#9813,.T.);
#9815=DIRECTION('',(-0.0037732322273825157,-0.7425301434132422,0.6698020221239022));
#9816=DIRECTION('',(-0.9999873262341995,0.005034345600404015,-5.23005970481476e-05));
#9817=AXIS2_PLACEMENT_3D('',#964,#9815,#9816);
#9818=PLANE('',#9817);
#9819=FACE_SURFACE('',(#9814),#9818,.T.);
#9820=POLY_LOOP('',(#965,#158,#157));
#9821=FACE_OUTER_BOUND('',#9820,.T.);
#9822=DIRECTION('',(-0.004429760043084215,-0.8027727033753157,0.5962687011251288));
#9823=DIRECTION('',(-0.9999677206278806,0.007553122869323018,0.002740079780203177));
#9824=AXIS2_PLACEMENT_3D('',#965,#9822,#9823);
#9825=PLANE('',#9824);
#9826=FACE_SURFACE('',(#9821),#9825,.T.);
#9827=POLY_LOOP('',(#965,#157,#982));
#9828=FACE_OUTER_BOUND('',#9827,.T.);
#9829=DIRECTION('',(-0.00416404703563686,-0.880237701566609,0.47451475156523687));
#9830=DIRECTION('',(-0.9999890247697545,0.0026464141953706855,-0.0038661132862238077));
#9831=AXIS2_PLACEMENT_3D('',#965,#9829,#9830);
#9832=PLANE('',#9831);
#9833=FACE_SURFACE('',(#9828),#9832,.T.);
#9834=POLY_LOOP('',(#982,#157,#992));
#9835=FACE_OUTER_BOUND('',#9834,.T.);
#9836=DIRECTION('',(-0.005419233537393737,-0.9685700873162301,0.2486817602159389));
#9837=DIRECTION('',(-0.9999749525176916,0.006381114151115926,0.0030619796587510063));
#9838=AXIS2_PLACEMENT_3D('',#982,#9836,#9837);
#9839=PLANE('',#9838);
#9840=FACE_SURFACE('',(#9835),#9839,.T.);
#9841=POLY_LOOP('',(#987,#160,#159));
#9842=FACE_OUTER_BOUND('',#9841,.T.);
#9843=DIRECTION('',(-0.0025041174707017273,-0.436228256589748,0.899832560840272));
#9844=DIRECTION('',(-0.9999659286728279,0.008170288319570033,0.0011780841497840452));
#9845=AXIS2_PLACEMENT_3D('',#987,#9843,#9844);
#9846=PLANE('',#9845);
#9847=FACE_SURFACE('',(#9842),#9846,.T.);
#9848=POLY_LOOP('',(#992,#157,#78));
#9849=FACE_OUTER_BOUND('',#9848,.T.);
#9850=DIRECTION('',(-0.005603564378674219,-0.9746826313482617,0.22352263467998662));
#9851=DIRECTION('',(-0.9999594665889574,0.007036940330436795,0.005616640447229369));
#9852=AXIS2_PLACEMENT_3D('',#992,#9850,#9851);
#9853=PLANE('',#9852);
#9854=FACE_SURFACE('',(#9849),#9853,.T.);
#9855=POLY_LOOP('',(#963,#74,#983));
#9856=FACE_OUTER_BOUND('',#9855,.T.);
#9857=DIRECTION('',(0.002925660861480639,0.614548241380453,0.7888738172386734));
#9858=DIRECTION('',(-0.9999877535252137,0.004946892028352875,-0.00014511669847947365));
#9859=AXIS2_PLACEMENT_3D('',#963,#9857,#9858);
#9860=PLANE('',#9859);
#9861=FACE_SURFACE('',(#9856),#9860,.T.);
#9862=POLY_LOOP('',(#76,#75,#963));
#9863=FACE_OUTER_BOUND('',#9862,.T.);
#9864=DIRECTION('',(0.00460812830066858,0.851135930406806,0.5249251309702224));
#9865=DIRECTION('',(-0.06014638095938371,-0.5237444249041179,0.8497494867543866));
#9866=AXIS2_PLACEMENT_3D('',#76,#9864,#9865);
#9867=PLANE('',#9866);
#9868=FACE_SURFACE('',(#9863),#9867,.T.);
#9869=POLY_LOOP('',(#943,#259,#258));
#9870=FACE_OUTER_BOUND('',#9869,.T.);
#9871=DIRECTION('',(-0.0033016801111183753,-0.6483096989288424,0.7613695772640495));
#9872=DIRECTION('',(-0.9999639031542937,0.008101190171512897,0.002561856013720828));
#9873=AXIS2_PLACEMENT_3D('',#943,#9871,#9872);
#9874=PLANE('',#9873);
#9875=FACE_SURFACE('',(#9870),#9874,.T.);
#9876=POLY_LOOP('',(#943,#258,#934));
#9877=FACE_OUTER_BOUND('',#9876,.T.);
#9878=DIRECTION('',(-0.003770835019925206,-0.7424392847263938,0.6699027461491806));
#9879=DIRECTION('',(-0.9999873318236752,0.005033252520517968,-5.0608613468877105e-05));
#9880=AXIS2_PLACEMENT_3D('',#943,#9878,#9879);
#9881=PLANE('',#9880);
#9882=FACE_SURFACE('',(#9877),#9881,.T.);
#9883=POLY_LOOP('',(#934,#258,#257));
#9884=FACE_OUTER_BOUND('',#9883,.T.);
#9885=DIRECTION('',(-0.004439501961018727,-0.8029921507193021,0.5959730670974386));
#9886=DIRECTION('',(-0.9999670751334401,0.00761312704371078,0.002808726702486801));
#9887=AXIS2_PLACEMENT_3D('',#934,#9885,#9886);
#9888=PLANE('',#9887);
#9889=FACE_SURFACE('',(#9884),#9888,.T.);
#9890=POLY_LOOP('',(#934,#257,#935));
#9891=FACE_OUTER_BOUND('',#9890,.T.);
#9892=DIRECTION('',(-0.004163633592146913,-0.8803910653302444,0.47423015113127026));
#9893=DIRECTION('',(-0.9999888714545119,0.002613616987383339,-0.003927591294290921));
#9894=AXIS2_PLACEMENT_3D('',#934,#9892,#9893);
#9895=PLANE('',#9894);
#9896=FACE_SURFACE('',(#9891),#9895,.T.);
#9897=POLY_LOOP('',(#935,#257,#937));
#9898=FACE_OUTER_BOUND('',#9897,.T.);
#9899=DIRECTION('',(-0.005423810886019734,-0.9685110748809559,0.24891139007367297));
#9900=DIRECTION('',(-0.9999747742856507,0.0063946295199358615,0.003091845025955408));
#9901=AXIS2_PLACEMENT_3D('',#935,#9899,#9900);
#9902=PLANE('',#9901);
#9903=FACE_SURFACE('',(#9898),#9902,.T.);
#9904=POLY_LOOP('',(#937,#257,#256));
#9905=FACE_OUTER_BOUND('',#9904,.T.);
#9906=DIRECTION('',(-0.005614325925327448,-0.9747686711170624,0.22314685109380433));
#9907=DIRECTION('',(-0.9999589515518715,0.007059593357109064,0.005679555696900027));
#9908=AXIS2_PLACEMENT_3D('',#937,#9906,#9907);
#9909=PLANE('',#9908);
#9910=FACE_SURFACE('',(#9905),#9909,.T.);
#9911=POLY_LOOP('',(#963,#75,#74));
#9912=FACE_OUTER_BOUND('',#9911,.T.);
#9913=DIRECTION('',(0.003456256881678905,0.719050128451032,0.6949496147656475));
#9914=DIRECTION('',(-0.9999774641696317,0.006485005457039728,-0.001736622323672965));
#9915=AXIS2_PLACEMENT_3D('',#963,#9913,#9914);
#9916=PLANE('',#9915);
#9917=FACE_SURFACE('',(#9912),#9916,.T.);
#9918=POLY_LOOP('',(#937,#256,#938));
#9919=FACE_OUTER_BOUND('',#9918,.T.);
#9920=DIRECTION('',(-0.005025266782220141,-0.9962974489697195,0.08582621901375309));
#9921=DIRECTION('',(-0.9999768012125475,0.004612011994583336,-0.0050126222761147565));
#9922=AXIS2_PLACEMENT_3D('',#937,#9920,#9921);
#9923=PLANE('',#9922);
#9924=FACE_SURFACE('',(#9919),#9923,.T.);
#9925=POLY_LOOP('',(#938,#89,#352));
#9926=FACE_OUTER_BOUND('',#9925,.T.);
#9927=DIRECTION('',(-0.0004227021187173647,-0.00540809065344564,0.9999852868309628));
#9928=DIRECTION('',(-0.9999515302536696,-0.00983415927056803,-0.00047587265688339285));
#9929=AXIS2_PLACEMENT_3D('',#938,#9927,#9928);
#9930=PLANE('',#9929);
#9931=FACE_SURFACE('',(#9926),#9930,.T.);
#9932=POLY_LOOP('',(#353,#352,#89));
#9933=FACE_OUTER_BOUND('',#9932,.T.);
#9934=DIRECTION('',(0.004720100533579545,0.961062146566426,0.27629200330101233));
#9935=DIRECTION('',(-0.021336165560471427,0.2763289730358053,-0.9608262416796043));
#9936=AXIS2_PLACEMENT_3D('',#353,#9934,#9935);
#9937=PLANE('',#9936);
#9938=FACE_SURFACE('',(#9933),#9937,.T.);
#9939=POLY_LOOP('',(#89,#77,#353));
#9940=FACE_OUTER_BOUND('',#9939,.T.);
#9941=DIRECTION('',(0.006484654569862745,0.9901247670605752,0.14003890498126434));
#9942=DIRECTION('',(-0.004544240385678916,-0.1400112253809796,0.9901394884795948));
#9943=AXIS2_PLACEMENT_3D('',#89,#9941,#9942);
#9944=PLANE('',#9943);
#9945=FACE_SURFACE('',(#9940),#9944,.T.);
#9946=POLY_LOOP('',(#353,#77,#76));
#9947=FACE_OUTER_BOUND('',#9946,.T.);
#9948=DIRECTION('',(0.005230919764448188,0.9555755076496831,0.2946999943306216));
#9949=DIRECTION('',(-0.9999514408528787,0.007459790637585535,-0.006439523266146856));
#9950=AXIS2_PLACEMENT_3D('',#353,#9948,#9949);
#9951=PLANE('',#9950);
#9952=FACE_SURFACE('',(#9947),#9951,.T.);
#9953=POLY_LOOP('',(#353,#76,#354));
#9954=FACE_OUTER_BOUND('',#9953,.T.);
#9955=DIRECTION('',(0.0032346621524190927,0.817424348779232,0.5760268839070001));
#9956=DIRECTION('',(-0.9999705324497943,0.006654454827655185,-0.003827853578936652));
#9957=AXIS2_PLACEMENT_3D('',#353,#9955,#9956);
#9958=PLANE('',#9957);
#9959=FACE_SURFACE('',(#9954),#9958,.T.);
#9960=POLY_LOOP('',(#354,#76,#963));
#9961=FACE_OUTER_BOUND('',#9960,.T.);
#9962=DIRECTION('',(0.001621843725805357,0.7272984659436967,0.6863193943484874));
#9963=DIRECTION('',(-0.9999329334798438,0.00904971548067444,-0.007227115061551728));
#9964=AXIS2_PLACEMENT_3D('',#354,#9962,#9963);
#9965=PLANE('',#9964);
#9966=FACE_SURFACE('',(#9961),#9965,.T.);
#9967=POLY_LOOP('',(#256,#89,#938));
#9968=FACE_OUTER_BOUND('',#9967,.T.);
#9969=DIRECTION('',(-0.0003431172984935637,-0.013496691777332481,0.9999088566372372));
#9970=DIRECTION('',(-0.14099807734806843,-0.9899190410465868,-0.01341023331467051));
#9971=AXIS2_PLACEMENT_3D('',#256,#9969,#9970);
#9972=PLANE('',#9971);
#9973=FACE_SURFACE('',(#9968),#9972,.T.);
#9974=POLY_LOOP('',(#673,#34,#33));
#9975=FACE_OUTER_BOUND('',#9974,.T.);
#9976=DIRECTION('',(0.002183081644323108,0.5451971316792411,0.8383050290695281));
#9977=DIRECTION('',(-0.9999572824603199,0.0087194403020484,-0.003066694538302239));
#9978=AXIS2_PLACEMENT_3D('',#673,#9976,#9977);
#9979=PLANE('',#9978);
#9980=FACE_SURFACE('',(#9975),#9979,.T.);
#9981=POLY_LOOP('',(#992,#78,#981));
#9982=FACE_OUTER_BOUND('',#9981,.T.);
#9983=DIRECTION('',(-0.005024421168284784,-0.9963228947624451,0.08553037217331377));
#9984=DIRECTION('',(-0.9999772157277492,0.004620366567911418,-0.0049214061157936825));
#9985=AXIS2_PLACEMENT_3D('',#992,#9983,#9984);
#9986=PLANE('',#9985);
#9987=FACE_SURFACE('',(#9982),#9986,.T.);
#9988=POLY_LOOP('',(#981,#68,#975));
#9989=FACE_OUTER_BOUND('',#9988,.T.);
#9990=DIRECTION('',(-0.0004166757825536024,-0.005350953191499807,0.9999855967368902));
#9991=DIRECTION('',(-0.9999538101038071,-0.009599927337718783,-0.00046803203935699944));
#9992=AXIS2_PLACEMENT_3D('',#981,#9990,#9991);
#9993=PLANE('',#9992);
#9994=FACE_SURFACE('',(#9989),#9993,.T.);
#9995=POLY_LOOP('',(#990,#62,#991));
#9996=FACE_OUTER_BOUND('',#9995,.T.);
#9997=DIRECTION('',(-0.0037719171197503672,-0.7422917864907893,0.6700661731124428));
#9998=DIRECTION('',(-0.9999873240318092,0.005034790116521322,-5.1615733248415226e-05));
#9999=AXIS2_PLACEMENT_3D('',#990,#9997,#9998);
#10000=PLANE('',#9999);
#10001=FACE_SURFACE('',(#9996),#10000,.T.);
#10002=POLY_LOOP('',(#991,#62,#61));
#10003=FACE_OUTER_BOUND('',#10002,.T.);
#10004=DIRECTION('',(-0.004422370972441968,-0.8026277060636365,0.5964639201946809));
#10005=DIRECTION('',(-0.9999682330011982,0.007504949411325465,0.002684906477871306));
#10006=AXIS2_PLACEMENT_3D('',#991,#10004,#10005);
#10007=PLANE('',#10006);
#10008=FACE_SURFACE('',(#10003),#10007,.T.);
#10009=POLY_LOOP('',(#991,#61,#978));
#10010=FACE_OUTER_BOUND('',#10009,.T.);
#10011=DIRECTION('',(-0.004165545764728622,-0.8801314233323682,0.47471183458117167));
#10012=DIRECTION('',(-0.9999891494026958,0.0026762234054243193,-0.003812991628267415));
#10013=AXIS2_PLACEMENT_3D('',#991,#10011,#10012);
#10014=PLANE('',#10013);
#10015=FACE_SURFACE('',(#10010),#10014,.T.);
#10016=POLY_LOOP('',(#978,#61,#979));
#10017=FACE_OUTER_BOUND('',#10016,.T.);
#10018=DIRECTION('',(-0.005415505859002004,-0.9686509175435144,0.24836680985670972));
#10019=DIRECTION('',(-0.9999751279947795,0.006368004716735599,0.0030318159165863895));
#10020=AXIS2_PLACEMENT_3D('',#978,#10018,#10019);
#10021=PLANE('',#10020);
#10022=FACE_SURFACE('',(#10017),#10021,.T.);
#10023=POLY_LOOP('',(#979,#61,#69));
#10024=FACE_OUTER_BOUND('',#10023,.T.);
#10025=DIRECTION('',(-0.005594084192195043,-0.9746245661006712,0.2237759177729573));
#10026=DIRECTION('',(-0.9999599478158269,0.007015508330481001,0.005557464083010819));
#10027=AXIS2_PLACEMENT_3D('',#979,#10025,#10026);
#10028=PLANE('',#10027);
#10029=FACE_SURFACE('',(#10024),#10028,.T.);
#10030=POLY_LOOP('',(#979,#69,#980));
#10031=FACE_OUTER_BOUND('',#10030,.T.);
#10032=DIRECTION('',(-0.005023732484385798,-0.9963421792558959,0.08530547431166212));
#10033=DIRECTION('',(-0.9999775588906356,0.004627275588491983,-0.0048445882955894925));
#10034=AXIS2_PLACEMENT_3D('',#979,#10032,#10033);
#10035=PLANE('',#10034);
#10036=FACE_SURFACE('',(#10031),#10035,.T.);
#10037=POLY_LOOP('',(#990,#63,#62));
#10038=FACE_OUTER_BOUND('',#10037,.T.);
#10039=DIRECTION('',(-0.003299634624584483,-0.6475464842754847,0.7620188075853531));
#10040=DIRECTION('',(-0.9999645104185764,0.008043691587417119,0.002505380007804598));
#10041=AXIS2_PLACEMENT_3D('',#990,#10039,#10040);
#10042=PLANE('',#10041);
#10043=FACE_SURFACE('',(#10038),#10042,.T.);
#10044=POLY_LOOP('',(#69,#79,#980));
#10045=FACE_OUTER_BOUND('',#10044,.T.);
#10046=DIRECTION('',(-0.0003343412874669844,-0.01348101134434187,0.9999090711404899));
#10047=DIRECTION('',(-0.11309587846340752,-0.9934932787062828,-0.013432328168660405));
#10048=AXIS2_PLACEMENT_3D('',#69,#10046,#10047);
#10049=PLANE('',#10048);
#10050=FACE_SURFACE('',(#10045),#10049,.T.);
#10051=POLY_LOOP('',(#801,#800,#79));
#10052=FACE_OUTER_BOUND('',#10051,.T.);
#10053=DIRECTION('',(0.00472077856973557,0.9608675094191212,0.2769681273944541));
#10054=DIRECTION('',(-0.01673673536859759,0.2770083379704115,-0.9607217403515296));
#10055=AXIS2_PLACEMENT_3D('',#801,#10053,#10054);
#10056=PLANE('',#10055);
#10057=FACE_SURFACE('',(#10052),#10056,.T.);
#10058=POLY_LOOP('',(#79,#88,#801));
#10059=FACE_OUTER_BOUND('',#10058,.T.);
#10060=DIRECTION('',(0.006455936703795879,0.9901665144787275,0.1397447476162333));
#10061=DIRECTION('',(-0.0037479270097584374,-0.13972271892379454,0.9901835763431304));
#10062=AXIS2_PLACEMENT_3D('',#79,#10060,#10061);
#10063=PLANE('',#10062);
#10064=FACE_SURFACE('',(#10059),#10063,.T.);
#10065=POLY_LOOP('',(#801,#88,#36));
#10066=FACE_OUTER_BOUND('',#10065,.T.);
#10067=DIRECTION('',(0.005226486445081532,0.9556620572414017,0.2944192863733136));
#10068=DIRECTION('',(-0.9999527402128442,0.007408262242866577,-0.006295632721583545));
#10069=AXIS2_PLACEMENT_3D('',#801,#10067,#10068);
#10070=PLANE('',#10069);
#10071=FACE_SURFACE('',(#10066),#10070,.T.);
#10072=POLY_LOOP('',(#801,#36,#799));
#10073=FACE_OUTER_BOUND('',#10072,.T.);
#10074=DIRECTION('',(0.002796994069387171,0.7780293624795674,0.6282216869416513));
#10075=DIRECTION('',(-0.99997101395283,0.006624903481461323,-0.0037525868424912187));
#10076=AXIS2_PLACEMENT_3D('',#801,#10074,#10075);
#10077=PLANE('',#10076);
#10078=FACE_SURFACE('',(#10073),#10077,.T.);
#10079=POLY_LOOP('',(#36,#35,#799));
#10080=FACE_OUTER_BOUND('',#10079,.T.);
#10081=DIRECTION('',(0.004594788871953502,0.8511144826422382,0.5249600226225399));
#10082=DIRECTION('',(-0.04840494281081103,-0.5241608824929617,0.8502425129195093));
#10083=AXIS2_PLACEMENT_3D('',#36,#10081,#10082);
#10084=PLANE('',#10083);
#10085=FACE_SURFACE('',(#10080),#10084,.T.);
#10086=POLY_LOOP('',(#799,#35,#34));
#10087=FACE_OUTER_BOUND('',#10086,.T.);
#10088=DIRECTION('',(0.0034630634158893847,0.7190352585146346,0.6949649661706483));
#10089=DIRECTION('',(-0.9999779712198706,0.006425348147705482,-0.00166492527527064));
#10090=AXIS2_PLACEMENT_3D('',#799,#10088,#10089);
#10091=PLANE('',#10090);
#10092=FACE_SURFACE('',(#10087),#10091,.T.);
#10093=POLY_LOOP('',(#980,#79,#800));
#10094=FACE_OUTER_BOUND('',#10093,.T.);
#10095=DIRECTION('',(-0.00041106077883844907,-0.0053211407183425975,0.9999857581438307));
#10096=DIRECTION('',(-0.9999557381270916,-0.009397298355153684,-0.0004610534976961212));
#10097=AXIS2_PLACEMENT_3D('',#980,#10095,#10096);
#10098=PLANE('',#10097);
#10099=FACE_SURFACE('',(#10094),#10098,.T.);
#10100=POLY_LOOP('',(#78,#68,#981));
#10101=FACE_OUTER_BOUND('',#10100,.T.);
#10102=DIRECTION('',(-0.00033884591995237806,-0.013454204055765676,0.9999094306869339));
#10103=DIRECTION('',(-0.12549311463748464,-0.9920041211601198,-0.01339036145596455));
#10104=AXIS2_PLACEMENT_3D('',#78,#10102,#10103);
#10105=PLANE('',#10104);
#10106=FACE_SURFACE('',(#10101),#10105,.T.);
#10107=POLY_LOOP('',(#989,#63,#990));
#10108=FACE_OUTER_BOUND('',#10107,.T.);
#10109=DIRECTION('',(-0.0025117568518571633,-0.5684952567381755,0.8226827056306174));
#10110=DIRECTION('',(-0.999996841074984,0.0013502375604596698,-0.0021200704194670158));
#10111=AXIS2_PLACEMENT_3D('',#989,#10109,#10110);
#10112=PLANE('',#10111);
#10113=FACE_SURFACE('',(#10108),#10112,.T.);
#10114=POLY_LOOP('',(#988,#64,#989));
#10115=FACE_OUTER_BOUND('',#10114,.T.);
#10116=DIRECTION('',(-0.0016522035268382294,-0.337781496647567,0.9412231035976728));
#10117=DIRECTION('',(-0.9999877646482765,0.004946732021781278,1.9900950383780743e-05));
#10118=AXIS2_PLACEMENT_3D('',#988,#10116,#10117);
#10119=PLANE('',#10118);
#10120=FACE_SURFACE('',(#10115),#10119,.T.);
#10121=POLY_LOOP('',(#968,#975,#68));
#10122=FACE_OUTER_BOUND('',#10121,.T.);
#10123=DIRECTION('',(0.004720168510406489,0.9609548684656596,0.2766648889566226));
#10124=DIRECTION('',(-0.01878481754454849,0.27670435920088954,-0.9607714755492293));
#10125=AXIS2_PLACEMENT_3D('',#968,#10123,#10124);
#10126=PLANE('',#10125);
#10127=FACE_SURFACE('',(#10122),#10126,.T.);
#10128=POLY_LOOP('',(#68,#67,#968));
#10129=FACE_OUTER_BOUND('',#10128,.T.);
#10130=DIRECTION('',(0.006469978481998917,0.9901519203991793,0.13984746657790947));
#10131=DIRECTION('',(-0.004090965274505451,-0.13982301450803986,0.9901680607942307));
#10132=AXIS2_PLACEMENT_3D('',#68,#10130,#10131);
#10133=PLANE('',#10132);
#10134=FACE_SURFACE('',(#10129),#10133,.T.);
#10135=POLY_LOOP('',(#968,#67,#66));
#10136=FACE_OUTER_BOUND('',#10135,.T.);
#10137=DIRECTION('',(0.005229354581233508,0.9556523691961427,0.29445068025131665));
#10138=DIRECTION('',(-0.9999521137911205,0.007433069328514583,-0.006365501160760306));
#10139=AXIS2_PLACEMENT_3D('',#968,#10137,#10138);
#10140=PLANE('',#10139);
#10141=FACE_SURFACE('',(#10136),#10140,.T.);
#10142=POLY_LOOP('',(#968,#66,#969));
#10143=FACE_OUTER_BOUND('',#10142,.T.);
#10144=DIRECTION('',(0.0027862537099848966,0.778150739046506,0.6280713845667864));
#10145=DIRECTION('',(-0.9999707742846489,0.006639671604843838,-0.0037901632602641345));
#10146=AXIS2_PLACEMENT_3D('',#968,#10144,#10145);
#10147=PLANE('',#10146);
#10148=FACE_SURFACE('',(#10143),#10147,.T.);
#10149=POLY_LOOP('',(#66,#87,#969));
#10150=FACE_OUTER_BOUND('',#10149,.T.);
#10151=DIRECTION('',(0.004600252261676118,0.8510881329105604,0.5250026930387549));
#10152=DIRECTION('',(-0.053613579979014024,-0.5240432298207273,0.8500025160673903));
#10153=AXIS2_PLACEMENT_3D('',#66,#10151,#10152);
#10154=PLANE('',#10153);
#10155=FACE_SURFACE('',(#10150),#10154,.T.);
#10156=POLY_LOOP('',(#969,#87,#86));
#10157=FACE_OUTER_BOUND('',#10156,.T.);
#10158=DIRECTION('',(0.00346195066579081,0.7193086277383745,0.6946820229131627));
#10159=DIRECTION('',(-0.9999777442567154,0.006452106776246987,-0.001697442016410954));
#10160=AXIS2_PLACEMENT_3D('',#969,#10158,#10159);
#10161=PLANE('',#10160);
#10162=FACE_SURFACE('',(#10157),#10161,.T.);
#10163=POLY_LOOP('',(#989,#64,#63));
#10164=FACE_OUTER_BOUND('',#10163,.T.);
#10165=DIRECTION('',(-0.0024965354644202646,-0.4356324414535606,0.900121182543709));
#10166=DIRECTION('',(-0.9999661994382161,0.0081388901671239,0.0011655247476153742));
#10167=AXIS2_PLACEMENT_3D('',#989,#10165,#10166);
#10168=PLANE('',#10167);
#10169=FACE_SURFACE('',(#10164),#10168,.T.);
#10170=POLY_LOOP('',(#969,#86,#970));
#10171=FACE_OUTER_BOUND('',#10170,.T.);
#10172=DIRECTION('',(0.0029272147170279874,0.6139548787123303,0.7893356943147373));
#10173=DIRECTION('',(-0.9999877439964671,0.004948938650576655,-0.00014093647189243));
#10174=AXIS2_PLACEMENT_3D('',#969,#10172,#10173);
#10175=PLANE('',#10174);
#10176=FACE_SURFACE('',(#10171),#10175,.T.);
#10177=POLY_LOOP('',(#970,#85,#971));
#10178=FACE_OUTER_BOUND('',#10177,.T.);
#10179=DIRECTION('',(0.002196604267690312,0.39088128505253605,0.9204384802502389));
#10180=DIRECTION('',(-0.9999975851239294,0.0009215546414771344,0.0019951148719437096));
#10181=AXIS2_PLACEMENT_3D('',#970,#10179,#10180);
#10182=PLANE('',#10181);
#10183=FACE_SURFACE('',(#10178),#10182,.T.);
#10184=POLY_LOOP('',(#971,#85,#84));
#10185=FACE_OUTER_BOUND('',#10184,.T.);
#10186=DIRECTION('',(0.0015370983609834527,0.30118800966788184,0.9535635375584202));
#10187=DIRECTION('',(-0.9999744661939108,0.007117733489959637,-0.0006362626571574795));
#10188=AXIS2_PLACEMENT_3D('',#971,#10186,#10187);
#10189=PLANE('',#10188);
#10190=FACE_SURFACE('',(#10185),#10189,.T.);
#10191=POLY_LOOP('',(#971,#84,#972));
#10192=FACE_OUTER_BOUND('',#10191,.T.);
#10193=DIRECTION('',(0.0008133626608003591,0.15539420053381287,0.9878522059911792));
#10194=DIRECTION('',(-0.9999876303452265,0.004973678521916138,4.096949109819193e-05));
#10195=AXIS2_PLACEMENT_3D('',#971,#10193,#10194);
#10196=PLANE('',#10195);
#10197=FACE_SURFACE('',(#10192),#10196,.T.);
#10198=POLY_LOOP('',(#972,#84,#65));
#10199=FACE_OUTER_BOUND('',#10198,.T.);
#10200=DIRECTION('',(-8.969073082353768e-05,0.05086346385614968,0.9987056122802791));
#10201=DIRECTION('',(-0.9999630172281658,0.00858408189844222,-0.0005269856769801004));
#10202=AXIS2_PLACEMENT_3D('',#972,#10200,#10201);
#10203=PLANE('',#10202);
#10204=FACE_SURFACE('',(#10199),#10203,.T.);
#10205=POLY_LOOP('',(#972,#65,#988));
#10206=FACE_OUTER_BOUND('',#10205,.T.);
#10207=DIRECTION('',(-9.634268041619533e-05,-0.09214968430712339,0.995745161374227));
#10208=DIRECTION('',(-0.9999999945704436,4.842295766230599e-05,-9.227312689573546e-05));
#10209=AXIS2_PLACEMENT_3D('',#972,#10207,#10208);
#10210=PLANE('',#10209);
#10211=FACE_SURFACE('',(#10206),#10210,.T.);
#10212=POLY_LOOP('',(#988,#65,#64));
#10213=FACE_OUTER_BOUND('',#10212,.T.);
#10214=DIRECTION('',(-0.0009809364730284686,-0.20223739317478245,0.9793360376119651));
#10215=DIRECTION('',(-0.999968274176804,0.007939996260470775,0.0006380432961983523));
#10216=AXIS2_PLACEMENT_3D('',#988,#10214,#10215);
#10217=PLANE('',#10216);
#10218=FACE_SURFACE('',(#10213),#10217,.T.);
#10219=POLY_LOOP('',(#970,#86,#85));
#10220=FACE_OUTER_BOUND('',#10219,.T.);
#10221=DIRECTION('',(0.002174906017157571,0.54531158718315,0.8382306023211098));
#10222=DIRECTION('',(-0.9999569002403544,0.008751804013613102,-0.003098965667627982));
#10223=AXIS2_PLACEMENT_3D('',#970,#10221,#10222);
#10224=PLANE('',#10223);
#10225=FACE_SURFACE('',(#10220),#10224,.T.);
#10226=POLY_LOOP('',(#946,#259,#943));
#10227=FACE_OUTER_BOUND('',#10226,.T.);
#10228=DIRECTION('',(-0.002495129814304604,-0.5682061553465603,0.8228824577991017));
#10229=DIRECTION('',(-0.9999968402223183,0.001165630951929101,-0.002227296536862107));
#10230=AXIS2_PLACEMENT_3D('',#946,#10228,#10229);
#10231=PLANE('',#10230);
#10232=FACE_SURFACE('',(#10227),#10231,.T.);
#10233=POLY_LOOP('',(#660,#133,#661));
#10234=FACE_OUTER_BOUND('',#10233,.T.);
#10235=DIRECTION('',(-0.004353591755911194,-0.8690420482731344,0.49471907641818114));
#10236=DIRECTION('',(-0.9999875368650445,0.004992515983073142,-2.9978994646283637e-05));
#10237=AXIS2_PLACEMENT_3D('',#660,#10235,#10236);
#10238=PLANE('',#10237);
#10239=FACE_SURFACE('',(#10234),#10238,.T.);
#10240=POLY_LOOP('',(#661,#135,#648));
#10241=FACE_OUTER_BOUND('',#10240,.T.);
#10242=DIRECTION('',(-0.00430609822462689,-0.8688895594393613,0.49498726348801364));
#10243=DIRECTION('',(-0.9968067045035545,-0.03573945843070272,-0.07140787749151754));
#10244=AXIS2_PLACEMENT_3D('',#661,#10242,#10243);
#10245=PLANE('',#10244);
#10246=FACE_SURFACE('',(#10241),#10245,.T.);
#10247=POLY_LOOP('',(#128,#555,#554));
#10248=FACE_OUTER_BOUND('',#10247,.T.);
#10249=DIRECTION('',(0.004267415460099914,0.740702495361373,0.6718196205312301));
#10250=DIRECTION('',(0.9999689103025388,-0.007615631542129379,0.0020446477857814205));
#10251=AXIS2_PLACEMENT_3D('',#128,#10249,#10250);
#10252=PLANE('',#10251);
#10253=FACE_SURFACE('',(#10248),#10252,.T.);
#10254=POLY_LOOP('',(#128,#554,#127));
#10255=FACE_OUTER_BOUND('',#10254,.T.);
#10256=DIRECTION('',(0.0035756636594913792,0.7799449472171733,0.6258379134726456));
#10257=DIRECTION('',(0.9999268357747492,0.004443530663958478,-0.011250694766827541));
#10258=AXIS2_PLACEMENT_3D('',#128,#10256,#10257);
#10259=PLANE('',#10258);
#10260=FACE_SURFACE('',(#10255),#10259,.T.);
#10261=POLY_LOOP('',(#127,#554,#559));
#10262=FACE_OUTER_BOUND('',#10261,.T.);
#10263=DIRECTION('',(0.005026525445810468,0.9523445744701412,0.30498286102538325));
#10264=DIRECTION('',(0.9999824997055593,-0.00573858829346207,0.001438362617448218));
#10265=AXIS2_PLACEMENT_3D('',#127,#10263,#10264);
#10266=PLANE('',#10265);
#10267=FACE_SURFACE('',(#10262),#10266,.T.);
#10268=POLY_LOOP('',(#127,#559,#111));
#10269=FACE_OUTER_BOUND('',#10268,.T.);
#10270=DIRECTION('',(0.004755248001160638,0.9577465434701224,0.28757424447867436));
#10271=DIRECTION('',(0.9998773055788658,-0.0002616681825530953,-0.01566222583510067));
#10272=AXIS2_PLACEMENT_3D('',#127,#10270,#10271);
#10273=PLANE('',#10272);
#10274=FACE_SURFACE('',(#10269),#10273,.T.);
#10275=POLY_LOOP('',(#557,#558,#126));
#10276=FACE_OUTER_BOUND('',#10275,.T.);
#10277=DIRECTION('',(-0.0006399018111144862,-0.08813732320058008,0.9961081280587508));
#10278=DIRECTION('',(-0.020486702443279693,0.995900429598094,0.08810578499356474));
#10279=AXIS2_PLACEMENT_3D('',#557,#10277,#10278);
#10280=PLANE('',#10279);
#10281=FACE_SURFACE('',(#10276),#10280,.T.);
#10282=POLY_LOOP('',(#126,#558,#93));
#10283=FACE_OUTER_BOUND('',#10282,.T.);
#10284=DIRECTION('',(-0.0003054918229211586,-0.09918484545425822,0.9950689790697733));
#10285=DIRECTION('',(0.9995460746993728,0.029946757382640687,0.003291849835746211));
#10286=AXIS2_PLACEMENT_3D('',#126,#10284,#10285);
#10287=PLANE('',#10286);
#10288=FACE_SURFACE('',(#10283),#10287,.T.);
#10289=POLY_LOOP('',(#553,#555,#128));
#10290=FACE_OUTER_BOUND('',#10289,.T.);
#10291=DIRECTION('',(0.0010539591420918426,0.3860562440878069,0.9224746422373583));
#10292=DIRECTION('',(-0.022777303183318696,0.9222450984833845,-0.3859341560202563));
#10293=AXIS2_PLACEMENT_3D('',#553,#10291,#10292);
#10294=PLANE('',#10293);
#10295=FACE_SURFACE('',(#10290),#10294,.T.);
#10296=POLY_LOOP('',(#123,#121,#561));
#10297=FACE_OUTER_BOUND('',#10296,.T.);
#10298=DIRECTION('',(-0.00501576137451674,-0.9929396770670229,0.11851430227559145));
#10299=DIRECTION('',(-0.004900650283486332,-0.1184899623226233,-0.9929431567091755));
#10300=AXIS2_PLACEMENT_3D('',#123,#10298,#10299);
#10301=PLANE('',#10300);
#10302=FACE_SURFACE('',(#10297),#10301,.T.);
#10303=POLY_LOOP('',(#123,#560,#565));
#10304=FACE_OUTER_BOUND('',#10303,.T.);
#10305=DIRECTION('',(-0.004844623131174658,-0.9594160144857415,0.28195290524307776));
#10306=DIRECTION('',(0.9999769215241965,-0.005990980396220665,-0.003203837212347606));
#10307=AXIS2_PLACEMENT_3D('',#123,#10305,#10306);
#10308=PLANE('',#10307);
#10309=FACE_SURFACE('',(#10304),#10308,.T.);
#10310=POLY_LOOP('',(#123,#565,#124));
#10311=FACE_OUTER_BOUND('',#10310,.T.);
#10312=DIRECTION('',(-0.004375733458677078,-0.8592843571679295,0.5114794682909538));
#10313=DIRECTION('',(0.9999874507978681,-0.005007806706677758,0.00014184064941452756));
#10314=AXIS2_PLACEMENT_3D('',#123,#10312,#10313);
#10315=PLANE('',#10314);
#10316=FACE_SURFACE('',(#10311),#10315,.T.);
#10317=POLY_LOOP('',(#565,#580,#124));
#10318=FACE_OUTER_BOUND('',#10317,.T.);
#10319=DIRECTION('',(-0.004295526837522619,-0.8571417285353411,0.515062720115362));
#10320=DIRECTION('',(-0.00959203112833595,0.5150790934437425,0.8570889804658589));
#10321=AXIS2_PLACEMENT_3D('',#565,#10319,#10320);
#10322=PLANE('',#10321);
#10323=FACE_SURFACE('',(#10318),#10322,.T.);
#10324=POLY_LOOP('',(#124,#580,#564));
#10325=FACE_OUTER_BOUND('',#10324,.T.);
#10326=DIRECTION('',(-0.003066545302049643,-0.6093242891197636,0.7929151953321396));
#10327=DIRECTION('',(0.9999875336080069,-0.004993166192599057,3.0330649069617775e-05));
#10328=AXIS2_PLACEMENT_3D('',#124,#10326,#10327);
#10329=PLANE('',#10328);
#10330=FACE_SURFACE('',(#10325),#10329,.T.);
#10331=POLY_LOOP('',(#124,#564,#292));
#10332=FACE_OUTER_BOUND('',#10331,.T.);
#10333=DIRECTION('',(-0.003044094637810579,-0.610838518634979,0.7917493527876486));
#10334=DIRECTION('',(0.9999263331122273,0.007443788242061897,0.009587406601495497));
#10335=AXIS2_PLACEMENT_3D('',#124,#10333,#10334);
#10336=PLANE('',#10335);
#10337=FACE_SURFACE('',(#10332),#10336,.T.);
#10338=POLY_LOOP('',(#292,#564,#563));
#10339=FACE_OUTER_BOUND('',#10338,.T.);
#10340=DIRECTION('',(-0.0018907560078259425,-0.37649919415062916,0.9264150159867045));
#10341=DIRECTION('',(0.99998779468542,-0.004940585868231885,3.303738821653683e-05));
#10342=AXIS2_PLACEMENT_3D('',#292,#10340,#10341);
#10343=PLANE('',#10342);
#10344=FACE_SURFACE('',(#10339),#10343,.T.);
#10345=POLY_LOOP('',(#561,#560,#123));
#10346=FACE_OUTER_BOUND('',#10345,.T.);
#10347=DIRECTION('',(-0.005728822861680205,-0.9970627184734355,0.07637483891296995));
#10348=DIRECTION('',(-0.003310186137702814,0.07639458216799318,0.9970721691447973));
#10349=AXIS2_PLACEMENT_3D('',#561,#10347,#10348);
#10350=PLANE('',#10349);
#10351=FACE_SURFACE('',(#10346),#10350,.T.);
#10352=POLY_LOOP('',(#292,#563,#155));
#10353=FACE_OUTER_BOUND('',#10352,.T.);
#10354=DIRECTION('',(-0.00189170911321666,-0.37560208702867176,0.926779096471396));
#10355=DIRECTION('',(0.9999977270573578,0.0002009806507604527,0.0021226132234080574));
#10356=AXIS2_PLACEMENT_3D('',#292,#10354,#10355);
#10357=PLANE('',#10356);
#10358=FACE_SURFACE('',(#10353),#10357,.T.);
#10359=POLY_LOOP('',(#566,#115,#97));
#10360=FACE_OUTER_BOUND('',#10359,.T.);
#10361=DIRECTION('',(-0.00196878305459114,-0.3795200657221201,0.9251814111878607));
#10362=DIRECTION('',(-0.9999873452137447,0.005030433518791792,-6.4428099915294e-05));
#10363=AXIS2_PLACEMENT_3D('',#566,#10361,#10362);
#10364=PLANE('',#10363);
#10365=FACE_SURFACE('',(#10360),#10364,.T.);
#10366=POLY_LOOP('',(#552,#105,#566));
#10367=FACE_OUTER_BOUND('',#10366,.T.);
#10368=DIRECTION('',(-0.0024745241115955783,-0.2802114073187279,0.9599351248594246));
#10369=DIRECTION('',(-0.9999172957454113,0.012808324667415067,0.0011612443316847366));
#10370=AXIS2_PLACEMENT_3D('',#552,#10368,#10369);
#10371=PLANE('',#10370);
#10372=FACE_SURFACE('',(#10367),#10371,.T.);
#10373=POLY_LOOP('',(#111,#578,#113));
#10374=FACE_OUTER_BOUND('',#10373,.T.);
#10375=DIRECTION('',(4.928908458106776e-05,-0.12017370426990398,0.9927528788034995));
#10376=DIRECTION('',(0.9995381863182718,0.030173386641649678,0.0036028919152553784));
#10377=AXIS2_PLACEMENT_3D('',#111,#10375,#10376);
#10378=PLANE('',#10377);
#10379=FACE_SURFACE('',(#10374),#10378,.T.);
#10380=POLY_LOOP('',(#93,#558,#551));
#10381=FACE_OUTER_BOUND('',#10380,.T.);
#10382=DIRECTION('',(-0.004985723580732025,-0.9999771548579791,0.004564243915263716));
#10383=DIRECTION('',(0.999987548559807,-0.004986642849632928,-0.0001900485144710429));
#10384=AXIS2_PLACEMENT_3D('',#93,#10382,#10383);
#10385=PLANE('',#10384);
#10386=FACE_SURFACE('',(#10381),#10385,.T.);
#10387=POLY_LOOP('',(#93,#551,#94));
#10388=FACE_OUTER_BOUND('',#10387,.T.);
#10389=DIRECTION('',(-0.005728604422738221,-0.9936977899864141,0.1119459033081796));
#10390=DIRECTION('',(0.9999617604285375,-0.004952749319150266,0.0072074929650840225));
#10391=AXIS2_PLACEMENT_3D('',#93,#10389,#10390);
#10392=PLANE('',#10391);
#10393=FACE_SURFACE('',(#10388),#10392,.T.);
#10394=POLY_LOOP('',(#551,#550,#94));
#10395=FACE_OUTER_BOUND('',#10394,.T.);
#10396=DIRECTION('',(-0.0051017836371592545,-0.9852321180585931,0.17114802175163454));
#10397=DIRECTION('',(-0.006775236446087019,0.17118037697240815,0.9852164100900289));
#10398=AXIS2_PLACEMENT_3D('',#551,#10396,#10397);
#10399=PLANE('',#10398);
#10400=FACE_SURFACE('',(#10395),#10399,.T.);
#10401=POLY_LOOP('',(#94,#550,#548));
#10402=FACE_OUTER_BOUND('',#10401,.T.);
#10403=DIRECTION('',(-0.003982766520220426,-0.9253896432785784,0.3789962343923625));
#10404=DIRECTION('',(0.9999761785148209,-0.005822158564940154,-0.0037074077925002493));
#10405=AXIS2_PLACEMENT_3D('',#94,#10403,#10404);
#10406=PLANE('',#10405);
#10407=FACE_SURFACE('',(#10402),#10406,.T.);
#10408=POLY_LOOP('',(#94,#548,#96));
#10409=FACE_OUTER_BOUND('',#10408,.T.);
#10410=DIRECTION('',(-0.005006075520802729,-0.854498994897408,0.5194289238454091));
#10411=DIRECTION('',(0.9999686801290841,-0.0010934353420954054,0.007838568750109815));
#10412=AXIS2_PLACEMENT_3D('',#94,#10410,#10411);
#10413=PLANE('',#10412);
#10414=FACE_SURFACE('',(#10409),#10413,.T.);
#10415=POLY_LOOP('',(#566,#105,#115));
#10416=FACE_OUTER_BOUND('',#10415,.T.);
#10417=DIRECTION('',(-0.0010312062032357904,-0.19242260281995802,0.9813116113334026));
#10418=DIRECTION('',(-0.9998708996502943,0.015933732687705107,0.0020736911891690167));
#10419=AXIS2_PLACEMENT_3D('',#566,#10417,#10418);
#10420=PLANE('',#10419);
#10421=FACE_SURFACE('',(#10416),#10420,.T.);
#10422=POLY_LOOP('',(#548,#547,#96));
#10423=FACE_OUTER_BOUND('',#10422,.T.);
#10424=DIRECTION('',(-0.004052434610579304,-0.8066622927359537,0.5909987506346366));
#10425=DIRECTION('',(-0.015836209359720778,0.5909812585793986,0.8065298298767537));
#10426=AXIS2_PLACEMENT_3D('',#548,#10424,#10425);
#10427=PLANE('',#10426);
#10428=FACE_SURFACE('',(#10423),#10427,.T.);
#10429=POLY_LOOP('',(#96,#556,#97));
#10430=FACE_OUTER_BOUND('',#10429,.T.);
#10431=DIRECTION('',(-0.0038489056144342835,-0.6042154381874313,0.7968117030902229));
#10432=DIRECTION('',(0.9999848269226387,0.000814751395523433,0.005448128546952461));
#10433=AXIS2_PLACEMENT_3D('',#96,#10431,#10432);
#10434=PLANE('',#10433);
#10435=FACE_SURFACE('',(#10430),#10434,.T.);
#10436=POLY_LOOP('',(#97,#556,#566));
#10437=FACE_OUTER_BOUND('',#10436,.T.);
#10438=DIRECTION('',(-0.0019390998591069168,-0.47267494426913226,0.881234722960863));
#10439=DIRECTION('',(0.9999211459615381,-0.011850303126124917,-0.0041559806043003885));
#10440=AXIS2_PLACEMENT_3D('',#97,#10438,#10439);
#10441=PLANE('',#10440);
#10442=FACE_SURFACE('',(#10437),#10441,.T.);
#10443=POLY_LOOP('',(#128,#116,#553));
#10444=FACE_OUTER_BOUND('',#10443,.T.);
#10445=DIRECTION('',(0.004025437632348135,0.48984985221095956,0.8717975212976744));
#10446=DIRECTION('',(-0.03005082939689818,-0.8713515898819327,0.4897380467788741));
#10447=AXIS2_PLACEMENT_3D('',#128,#10445,#10446);
#10448=PLANE('',#10447);
#10449=FACE_SURFACE('',(#10444),#10448,.T.);
#10450=POLY_LOOP('',(#553,#116,#106));
#10451=FACE_OUTER_BOUND('',#10450,.T.);
#10452=DIRECTION('',(0.001198037276096004,0.22961182651017747,0.9732815491076285));
#10453=DIRECTION('',(-0.9999452954837513,0.010388352005255935,-0.0012199108689563943));
#10454=AXIS2_PLACEMENT_3D('',#553,#10452,#10453);
#10455=PLANE('',#10454);
#10456=FACE_SURFACE('',(#10451),#10455,.T.);
#10457=POLY_LOOP('',(#553,#106,#552));
#10458=FACE_OUTER_BOUND('',#10457,.T.);
#10459=DIRECTION('',(0.00010227323112421607,-0.030576386549087016,0.9995324277509895));
#10460=DIRECTION('',(-0.9999910063815438,0.004234783890118898,0.00023186511418682633));
#10461=AXIS2_PLACEMENT_3D('',#553,#10459,#10460);
#10462=PLANE('',#10461);
#10463=FACE_SURFACE('',(#10458),#10462,.T.);
#10464=POLY_LOOP('',(#552,#106,#105));
#10465=FACE_OUTER_BOUND('',#10464,.T.);
#10466=DIRECTION('',(0.0016494337408947243,0.03817055370331858,0.9992698775597695));
#10467=DIRECTION('',(-0.9997464747468633,0.02250246844545315,0.0007906611669942717));
#10468=AXIS2_PLACEMENT_3D('',#552,#10466,#10467);
#10469=PLANE('',#10468);
#10470=FACE_SURFACE('',(#10465),#10469,.T.);
#10471=POLY_LOOP('',(#96,#547,#556));
#10472=FACE_OUTER_BOUND('',#10471,.T.);
#10473=DIRECTION('',(-0.0034250135578589814,-0.6826500048084223,0.7307374632637836));
#10474=DIRECTION('',(0.999987310601471,-0.005037684854427533,-1.916624547855951e-05));
#10475=AXIS2_PLACEMENT_3D('',#96,#10473,#10474);
#10476=PLANE('',#10475);
#10477=FACE_SURFACE('',(#10472),#10476,.T.);
#10478=POLY_LOOP('',(#559,#578,#111));
#10479=FACE_OUTER_BOUND('',#10478,.T.);
#10480=DIRECTION('',(-0.000620260328912713,-0.0982811327865633,0.9951584970321634));
#10481=DIRECTION('',(-0.029040815660785365,0.994740727129421,0.09822177363389015));
#10482=AXIS2_PLACEMENT_3D('',#559,#10480,#10481);
#10483=PLANE('',#10482);
#10484=FACE_SURFACE('',(#10479),#10483,.T.);
#10485=POLY_LOOP('',(#155,#563,#582));
#10486=FACE_OUTER_BOUND('',#10485,.T.);
#10487=DIRECTION('',(-0.000976333672305916,-0.1919295835124807,0.9814082136120963));
#10488=DIRECTION('',(0.999987552945714,-0.004989347640212078,1.9072700822342463e-05));
#10489=AXIS2_PLACEMENT_3D('',#155,#10487,#10488);
#10490=PLANE('',#10489);
#10491=FACE_SURFACE('',(#10486),#10490,.T.);
#10492=POLY_LOOP('',(#156,#582,#581));
#10493=FACE_OUTER_BOUND('',#10492,.T.);
#10494=DIRECTION('',(0.0001574449061809482,0.037681740942600433,0.9992897785980983));
#10495=DIRECTION('',(0.9999875336254643,-0.004993160255484784,3.072985281743547e-05));
#10496=AXIS2_PLACEMENT_3D('',#156,#10494,#10495);
#10497=PLANE('',#10496);
#10498=FACE_SURFACE('',(#10493),#10497,.T.);
#10499=POLY_LOOP('',(#592,#465,#360));
#10500=FACE_OUTER_BOUND('',#10499,.T.);
#10501=DIRECTION('',(0.0034674901069672017,0.13361538266073597,0.9910271974213338));
#10502=DIRECTION('',(-0.9997503835837686,0.022336828219088896,0.0004864454939754169));
#10503=AXIS2_PLACEMENT_3D('',#592,#10501,#10502);
#10504=PLANE('',#10503);
#10505=FACE_SURFACE('',(#10500),#10504,.T.);
#10506=POLY_LOOP('',(#592,#360,#606));
#10507=FACE_OUTER_BOUND('',#10506,.T.);
#10508=DIRECTION('',(-0.0041510620396688225,-0.2636302764598247,0.964614869270456));
#10509=DIRECTION('',(-0.9998168925786344,0.019113676546191206,0.0009212400834182976));
#10510=AXIS2_PLACEMENT_3D('',#592,#10508,#10509);
#10511=PLANE('',#10510);
#10512=FACE_SURFACE('',(#10507),#10511,.T.);
#10513=POLY_LOOP('',(#606,#360,#359));
#10514=FACE_OUTER_BOUND('',#10513,.T.);
#10515=DIRECTION('',(-0.0007473767425613645,-0.11299290194457329,0.9935955140489255));
#10516=DIRECTION('',(-0.9997509120074891,0.022247530686781352,0.0017780097116304712));
#10517=AXIS2_PLACEMENT_3D('',#606,#10515,#10516);
#10518=PLANE('',#10517);
#10519=FACE_SURFACE('',(#10514),#10518,.T.);
#10520=POLY_LOOP('',(#606,#359,#607));
#10521=FACE_OUTER_BOUND('',#10520,.T.);
#10522=DIRECTION('',(-0.002161375428358285,-0.46936732925048585,0.8830003616582067));
#10523=DIRECTION('',(-0.999991724351719,0.004057919675571745,-0.00029071632616011725));
#10524=AXIS2_PLACEMENT_3D('',#606,#10522,#10523);
#10525=PLANE('',#10524);
#10526=FACE_SURFACE('',(#10521),#10525,.T.);
#10527=POLY_LOOP('',(#607,#359,#358));
#10528=FACE_OUTER_BOUND('',#10527,.T.);
#10529=DIRECTION('',(-0.003306644019923653,-0.5256506948368117,0.8506940772821345));
#10530=DIRECTION('',(-0.9998405736625389,0.016665080592565055,0.006411111214785408));
#10531=AXIS2_PLACEMENT_3D('',#607,#10529,#10530);
#10532=PLANE('',#10531);
#10533=FACE_SURFACE('',(#10528),#10532,.T.);
#10534=POLY_LOOP('',(#607,#358,#608));
#10535=FACE_OUTER_BOUND('',#10534,.T.);
#10536=DIRECTION('',(-0.003264516557376986,-0.6745871376850128,0.7381880089798184));
#10537=DIRECTION('',(-0.9999945295712401,0.0018089823222930202,-0.002769189511732064));
#10538=AXIS2_PLACEMENT_3D('',#607,#10536,#10537);
#10539=PLANE('',#10538);
#10540=FACE_SURFACE('',(#10535),#10539,.T.);
#10541=POLY_LOOP('',(#591,#465,#592));
#10542=FACE_OUTER_BOUND('',#10541,.T.);
#10543=DIRECTION('',(1.3686134285000672e-05,-0.021160294297609905,0.9997760958124216));
#10544=DIRECTION('',(-0.9999912040174794,0.004193017393143109,0.0001024344314340583));
#10545=AXIS2_PLACEMENT_3D('',#591,#10543,#10544);
#10546=PLANE('',#10545);
#10547=FACE_SURFACE('',(#10542),#10546,.T.);
#10548=POLY_LOOP('',(#608,#358,#460));
#10549=FACE_OUTER_BOUND('',#10548,.T.);
#10550=DIRECTION('',(-0.0035740340653061145,-0.7136954502891165,0.7004470219203698));
#10551=DIRECTION('',(-0.9999779338889199,0.006473177478315035,0.0014932208749299201));
#10552=AXIS2_PLACEMENT_3D('',#608,#10550,#10551);
#10553=PLANE('',#10552);
#10554=FACE_SURFACE('',(#10549),#10553,.T.);
#10555=POLY_LOOP('',(#609,#460,#459));
#10556=FACE_OUTER_BOUND('',#10555,.T.);
#10557=DIRECTION('',(-0.005010768646995225,-0.8409399575921955,0.5411052392302282));
#10558=DIRECTION('',(-0.9999139222038395,0.010775116789416096,0.007486323604318202));
#10559=AXIS2_PLACEMENT_3D('',#609,#10557,#10558);
#10560=PLANE('',#10559);
#10561=FACE_SURFACE('',(#10556),#10560,.T.);
#10562=POLY_LOOP('',(#609,#459,#610));
#10563=FACE_OUTER_BOUND('',#10562,.T.);
#10564=DIRECTION('',(-0.004287909018447515,-0.9211997627394575,0.38906633234580545));
#10565=DIRECTION('',(-0.9999802721692508,0.002164125425344588,-0.0058967646599118635));
#10566=AXIS2_PLACEMENT_3D('',#609,#10564,#10565);
#10567=PLANE('',#10566);
#10568=FACE_SURFACE('',(#10563),#10567,.T.);
#10569=POLY_LOOP('',(#610,#459,#583));
#10570=FACE_OUTER_BOUND('',#10569,.T.);
#10571=DIRECTION('',(-0.005659909075210749,-0.9851593268271772,0.17154901980099801));
#10572=DIRECTION('',(-0.999969159777728,0.006509984337712887,0.004393130699983628));
#10573=AXIS2_PLACEMENT_3D('',#610,#10571,#10572);
#10574=PLANE('',#10573);
#10575=FACE_SURFACE('',(#10570),#10574,.T.);
#10576=POLY_LOOP('',(#602,#586,#120));
#10577=FACE_OUTER_BOUND('',#10576,.T.);
#10578=DIRECTION('',(0.00475243677706489,0.9614719120223002,0.2748621049487584));
#10579=DIRECTION('',(-0.0014783006458595157,0.2748716636259679,-0.9614797882237012));
#10580=AXIS2_PLACEMENT_3D('',#602,#10578,#10579);
#10581=PLANE('',#10580);
#10582=FACE_SURFACE('',(#10577),#10581,.T.);
#10583=POLY_LOOP('',(#120,#118,#602));
#10584=FACE_OUTER_BOUND('',#10583,.T.);
#10585=DIRECTION('',(0.00704091534558923,0.9873310923955486,0.1585173160891541));
#10586=DIRECTION('',(-0.0016348145513817483,-0.15850966827097548,0.9873560717623647));
#10587=AXIS2_PLACEMENT_3D('',#120,#10585,#10586);
#10588=PLANE('',#10587);
#10589=FACE_SURFACE('',(#10584),#10588,.T.);
#10590=POLY_LOOP('',(#602,#118,#117));
#10591=FACE_OUTER_BOUND('',#10590,.T.);
#10592=DIRECTION('',(0.005311072998676773,0.949755647550503,0.3129472838187406));
#10593=DIRECTION('',(-0.9999215814229473,0.008593275675236803,-0.0091096991059879));
#10594=AXIS2_PLACEMENT_3D('',#602,#10592,#10593);
#10595=PLANE('',#10594);
#10596=FACE_SURFACE('',(#10591),#10595,.T.);
#10597=POLY_LOOP('',(#608,#460,#609));
#10598=FACE_OUTER_BOUND('',#10597,.T.);
#10599=DIRECTION('',(-0.003961726781697851,-0.7919001957268574,0.6106376869541152));
#10600=DIRECTION('',(-0.9999875769787024,0.004984508877820541,-2.3653975904056566e-05));
#10601=AXIS2_PLACEMENT_3D('',#608,#10599,#10600);
#10602=PLANE('',#10601);
#10603=FACE_SURFACE('',(#10598),#10602,.T.);
#10604=POLY_LOOP('',(#155,#582,#156));
#10605=FACE_OUTER_BOUND('',#10604,.T.);
#10606=DIRECTION('',(-0.0009827092241321924,-0.19076725591138863,0.9816348039646005));
#10607=DIRECTION('',(0.9999850278678325,0.005096828098539686,0.0019915781441269924));
#10608=AXIS2_PLACEMENT_3D('',#155,#10606,#10607);
#10609=PLANE('',#10608);
#10610=FACE_SURFACE('',(#10605),#10609,.T.);
#10611=POLY_LOOP('',(#591,#461,#465));
#10612=FACE_OUTER_BOUND('',#10611,.T.);
#10613=DIRECTION('',(0.001567661844424593,0.35099566674888355,0.9363757709167021));
#10614=DIRECTION('',(-0.9998376515421019,0.01735841467139191,-0.004832804451910283));
#10615=AXIS2_PLACEMENT_3D('',#591,#10613,#10614);
#10616=PLANE('',#10615);
#10617=FACE_SURFACE('',(#10612),#10616,.T.);
#10618=POLY_LOOP('',(#601,#462,#461));
#10619=FACE_OUTER_BOUND('',#10618,.T.);
#10620=DIRECTION('',(0.0027584489207711253,0.5808168683168881,0.814029579584252));
#10621=DIRECTION('',(-0.9999753401168513,0.00685944376020006,-0.0015057189274106596));
#10622=AXIS2_PLACEMENT_3D('',#601,#10620,#10621);
#10623=PLANE('',#10622);
#10624=FACE_SURFACE('',(#10619),#10623,.T.);
#10625=POLY_LOOP('',(#156,#581,#293));
#10626=FACE_OUTER_BOUND('',#10625,.T.);
#10627=DIRECTION('',(0.0001598663954806255,0.03723850907670465,0.9993063933971802));
#10628=DIRECTION('',(0.9999850851029504,0.0054495657336662,-0.0003630495276765697));
#10629=AXIS2_PLACEMENT_3D('',#156,#10627,#10628);
#10630=PLANE('',#10629);
#10631=FACE_SURFACE('',(#10626),#10630,.T.);
#10632=POLY_LOOP('',(#293,#581,#129));
#10633=FACE_OUTER_BOUND('',#10632,.T.);
#10634=DIRECTION('',(0.0011225356866289612,0.22991196977888456,0.9732107819306286));
#10635=DIRECTION('',(0.9999875356411266,-0.004992783026692103,2.607748072180391e-05));
#10636=AXIS2_PLACEMENT_3D('',#293,#10634,#10635);
#10637=PLANE('',#10636);
#10638=FACE_SURFACE('',(#10633),#10637,.T.);
#10639=POLY_LOOP('',(#129,#581,#600));
#10640=FACE_OUTER_BOUND('',#10639,.T.);
#10641=DIRECTION('',(0.0011267801247480673,0.2303125307083473,0.9731160611999305));
#10642=DIRECTION('',(0.9999462046767961,-0.010293376367389704,0.0012783408897043798));
#10643=AXIS2_PLACEMENT_3D('',#129,#10641,#10642);
#10644=PLANE('',#10643);
#10645=FACE_SURFACE('',(#10640),#10644,.T.);
#10646=POLY_LOOP('',(#129,#600,#125));
#10647=FACE_OUTER_BOUND('',#10646,.T.);
#10648=DIRECTION('',(0.002398315862073084,0.48289932714683886,0.8756725917385768));
#10649=DIRECTION('',(0.9999873885069279,-0.00502213931274342,3.072161842917601e-05));
#10650=AXIS2_PLACEMENT_3D('',#129,#10648,#10649);
#10651=PLANE('',#10650);
#10652=FACE_SURFACE('',(#10647),#10651,.T.);
#10653=POLY_LOOP('',(#600,#605,#125));
#10654=FACE_OUTER_BOUND('',#10653,.T.);
#10655=DIRECTION('',(0.002379912078271696,0.48209701323890847,0.8761146077110139));
#10656=DIRECTION('',(-0.014680107937861713,0.8760395224879455,-0.4820158186927324));
#10657=AXIS2_PLACEMENT_3D('',#600,#10655,#10656);
#10658=PLANE('',#10657);
#10659=FACE_SURFACE('',(#10654),#10658,.T.);
#10660=POLY_LOOP('',(#125,#605,#604));
#10661=FACE_OUTER_BOUND('',#10660,.T.);
#10662=DIRECTION('',(0.003826478869463495,0.770340369558743,0.6376214183099256));
#10663=DIRECTION('',(0.9999875351581576,-0.004992851643287967,3.099646038434818e-05));
#10664=AXIS2_PLACEMENT_3D('',#125,#10662,#10663);
#10665=PLANE('',#10664);
#10666=FACE_SURFACE('',(#10661),#10665,.T.);
#10667=POLY_LOOP('',(#601,#461,#591));
#10668=FACE_OUTER_BOUND('',#10667,.T.);
#10669=DIRECTION('',(0.002730908110499718,0.4110968341510463,0.9115875904661489));
#10670=DIRECTION('',(-0.9999961870307109,0.0014963864824305581,0.0023209376412807858));
#10671=AXIS2_PLACEMENT_3D('',#601,#10669,#10670);
#10672=PLANE('',#10671);
#10673=FACE_SURFACE('',(#10668),#10672,.T.);
#10674=POLY_LOOP('',(#125,#604,#466));
#10675=FACE_OUTER_BOUND('',#10674,.T.);
#10676=DIRECTION('',(0.0037955366696647637,0.7717879668924299,0.6358686405708642));
#10677=DIRECTION('',(0.999900116492024,0.005727973493185644,-0.012920811077412147));
#10678=AXIS2_PLACEMENT_3D('',#125,#10676,#10677);
#10679=PLANE('',#10678);
#10680=FACE_SURFACE('',(#10675),#10679,.T.);
#10681=POLY_LOOP('',(#466,#557,#126));
#10682=FACE_OUTER_BOUND('',#10681,.T.);
#10683=DIRECTION('',(0.004773100236964722,0.9630722790716006,0.26920067384380914));
#10684=DIRECTION('',(0.9998726825403176,-0.0004973716300436985,-0.015949022888282562));
#10685=AXIS2_PLACEMENT_3D('',#466,#10683,#10684);
#10686=PLANE('',#10685);
#10687=FACE_SURFACE('',(#10682),#10686,.T.);
#10688=POLY_LOOP('',(#586,#561,#120));
#10689=FACE_OUTER_BOUND('',#10688,.T.);
#10690=DIRECTION('',(-0.0006585410377327339,-0.07813626994783926,0.9969424705780872));
#10691=DIRECTION('',(-0.01347784950099686,0.9968528275879018,0.07812034115922256));
#10692=AXIS2_PLACEMENT_3D('',#586,#10690,#10691);
#10693=PLANE('',#10692);
#10694=FACE_SURFACE('',(#10689),#10693,.T.);
#10695=POLY_LOOP('',(#120,#561,#121));
#10696=FACE_OUTER_BOUND('',#10695,.T.);
#10697=DIRECTION('',(-0.0006600315116618873,-0.0780866393837672,0.9969463581899246));
#10698=DIRECTION('',(0.9995518920020586,0.02978334762891178,0.0029945615906789734));
#10699=AXIS2_PLACEMENT_3D('',#120,#10697,#10698);
#10700=PLANE('',#10699);
#10701=FACE_SURFACE('',(#10696),#10700,.T.);
#10702=POLY_LOOP('',(#458,#584,#583));
#10703=FACE_OUTER_BOUND('',#10702,.T.);
#10704=DIRECTION('',(-0.005032408361346685,-0.9998938405134348,0.013674156989693237));
#10705=DIRECTION('',(0.9999873017581441,-0.005028289142788898,0.00033560506994735265));
#10706=AXIS2_PLACEMENT_3D('',#458,#10704,#10705);
#10707=PLANE('',#10706);
#10708=FACE_SURFACE('',(#10703),#10707,.T.);
#10709=POLY_LOOP('',(#458,#583,#459));
#10710=FACE_OUTER_BOUND('',#10709,.T.);
#10711=DIRECTION('',(-0.005950838127192291,-0.9892071968098395,0.1464025590801045));
#10712=DIRECTION('',(0.9999610679152118,-0.004932689065059464,0.007316504114451006));
#10713=AXIS2_PLACEMENT_3D('',#458,#10711,#10712);
#10714=PLANE('',#10713);
#10715=FACE_SURFACE('',(#10710),#10714,.T.);
#10716=POLY_LOOP('',(#603,#462,#601));
#10717=FACE_OUTER_BOUND('',#10716,.T.);
#10718=DIRECTION('',(0.0030667155772364056,0.6193993294112885,0.7850701025898352));
#10719=DIRECTION('',(-0.9999875442909035,0.004991018799975479,-3.153389561388706e-05));
#10720=AXIS2_PLACEMENT_3D('',#603,#10718,#10719);
#10721=PLANE('',#10720);
#10722=FACE_SURFACE('',(#10717),#10721,.T.);
#10723=POLY_LOOP('',(#466,#604,#557));
#10724=FACE_OUTER_BOUND('',#10723,.T.);
#10725=DIRECTION('',(0.0047888026432162025,0.9627940581075265,0.2701937620339989));
#10726=DIRECTION('',(0.9999874809468453,-0.005002731233236695,0.00010310087663814463));
#10727=AXIS2_PLACEMENT_3D('',#466,#10725,#10726);
#10728=PLANE('',#10727);
#10729=FACE_SURFACE('',(#10724),#10728,.T.);
#10730=POLY_LOOP('',(#661,#133,#135));
#10731=FACE_OUTER_BOUND('',#10730,.T.);
#10732=DIRECTION('',(-0.004323728850658916,-0.8687803713732064,0.49517872701223714));
#10733=DIRECTION('',(-0.9984004825476746,0.031665079212160885,0.04683801028073406));
#10734=AXIS2_PLACEMENT_3D('',#661,#10732,#10733);
#10735=PLANE('',#10734);
#10736=FACE_SURFACE('',(#10731),#10735,.T.);
#10737=POLY_LOOP('',(#99,#571,#100));
#10738=FACE_OUTER_BOUND('',#10737,.T.);
#10739=DIRECTION('',(0.004768784017483869,0.957786313119118,0.28744153683954826));
#10740=DIRECTION('',(0.9998766099356221,-0.00026466085715728873,-0.015706522794001972));
#10741=AXIS2_PLACEMENT_3D('',#99,#10739,#10740);
#10742=PLANE('',#10741);
#10743=FACE_SURFACE('',(#10738),#10742,.T.);
#10744=POLY_LOOP('',(#98,#570,#99));
#10745=FACE_OUTER_BOUND('',#10744,.T.);
#10746=DIRECTION('',(0.0034657297275944676,0.7666942918234183,0.6420029996836792));
#10747=DIRECTION('',(0.9999291296499463,0.00465528604419504,-0.010957371461614795));
#10748=AXIS2_PLACEMENT_3D('',#98,#10746,#10747);
#10749=PLANE('',#10748);
#10750=FACE_SURFACE('',(#10745),#10749,.T.);
#10751=POLY_LOOP('',(#48,#670,#49));
#10752=FACE_OUTER_BOUND('',#10751,.T.);
#10753=DIRECTION('',(0.0012023244685585633,0.382029071887587,0.9241495239670803));
#10754=DIRECTION('',(0.9999520988781043,0.008517546412684908,-0.004821965613893273));
#10755=AXIS2_PLACEMENT_3D('',#48,#10753,#10754);
#10756=PLANE('',#10755);
#10757=FACE_SURFACE('',(#10752),#10756,.T.);
#10758=POLY_LOOP('',(#654,#51,#663));
#10759=FACE_OUTER_BOUND('',#10758,.T.);
#10760=DIRECTION('',(0.004910357920476615,0.9827483891739507,0.18488237331097226));
#10761=DIRECTION('',(-0.9999876046005352,0.0049780557255267414,9.801263811466045e-05));
#10762=AXIS2_PLACEMENT_3D('',#654,#10760,#10761);
#10763=PLANE('',#10762);
#10764=FACE_SURFACE('',(#10759),#10763,.T.);
#10765=POLY_LOOP('',(#663,#51,#50));
#10766=FACE_OUTER_BOUND('',#10765,.T.);
#10767=DIRECTION('',(0.003999341191291471,0.9440199742808782,0.32986405295025006));
#10768=DIRECTION('',(-0.9999715939180714,0.00588287670482012,-0.004712018530065048));
#10769=AXIS2_PLACEMENT_3D('',#663,#10767,#10768);
#10770=PLANE('',#10769);
#10771=FACE_SURFACE('',(#10766),#10770,.T.);
#10772=POLY_LOOP('',(#663,#50,#672));
#10773=FACE_OUTER_BOUND('',#10772,.T.);
#10774=DIRECTION('',(0.00510983944462629,0.9056364551155558,0.4240241746723646));
#10775=DIRECTION('',(-0.9999299694995735,0.00010107574182193354,0.011834098202934684));
#10776=AXIS2_PLACEMENT_3D('',#663,#10774,#10775);
#10777=PLANE('',#10776);
#10778=FACE_SURFACE('',(#10773),#10777,.T.);
#10779=POLY_LOOP('',(#672,#50,#49));
#10780=FACE_OUTER_BOUND('',#10779,.T.);
#10781=DIRECTION('',(0.0029548859379010177,0.7301443520310846,0.6832865386104146));
#10782=DIRECTION('',(-0.9999679769180575,0.007239310734498827,-0.0034113807317003916));
#10783=AXIS2_PLACEMENT_3D('',#672,#10781,#10782);
#10784=PLANE('',#10783);
#10785=FACE_SURFACE('',(#10780),#10784,.T.);
#10786=POLY_LOOP('',(#672,#49,#664));
#10787=FACE_OUTER_BOUND('',#10786,.T.);
#10788=DIRECTION('',(0.0033799475719672387,0.7026372675027193,0.711540193011416));
#10789=DIRECTION('',(-0.9999368875068151,-0.005249012155873418,0.009933220755144603));
#10790=AXIS2_PLACEMENT_3D('',#672,#10788,#10789);
#10791=PLANE('',#10790);
#10792=FACE_SURFACE('',(#10787),#10791,.T.);
#10793=POLY_LOOP('',(#48,#671,#670));
#10794=FACE_OUTER_BOUND('',#10793,.T.);
#10795=DIRECTION('',(0.0021032040005113674,0.29415876186067397,0.9557542567802289));
#10796=DIRECTION('',(0.999959745188177,-0.008955395701289831,0.0005557796591178159));
#10797=AXIS2_PLACEMENT_3D('',#48,#10795,#10796);
#10798=PLANE('',#10797);
#10799=FACE_SURFACE('',(#10794),#10798,.T.);
#10800=POLY_LOOP('',(#664,#49,#670));
#10801=FACE_OUTER_BOUND('',#10800,.T.);
#10802=DIRECTION('',(0.002681989038235279,0.5363644936748605,0.8439821898948516));
#10803=DIRECTION('',(-0.9999899638659289,0.004467379610732844,0.00033865444305786327));
#10804=AXIS2_PLACEMENT_3D('',#664,#10802,#10803);
#10805=PLANE('',#10804);
#10806=FACE_SURFACE('',(#10801),#10805,.T.);
#10807=POLY_LOOP('',(#143,#667,#130));
#10808=FACE_OUTER_BOUND('',#10807,.T.);
#10809=DIRECTION('',(-0.0005736555320143436,-0.11918644915434462,0.9928717244726578));
#10810=DIRECTION('',(0.9995150804372877,0.030842925467453874,0.0042799447486325986));
#10811=AXIS2_PLACEMENT_3D('',#143,#10809,#10810);
#10812=PLANE('',#10811);
#10813=FACE_SURFACE('',(#10808),#10812,.T.);
#10814=POLY_LOOP('',(#144,#572,#658));
#10815=FACE_OUTER_BOUND('',#10814,.T.);
#10816=DIRECTION('',(-0.00495348791117841,-0.9991478170238984,-0.04097685558815198));
#10817=DIRECTION('',(0.9999874854931379,-0.00492058856974043,-0.0009036953240932284));
#10818=AXIS2_PLACEMENT_3D('',#144,#10816,#10817);
#10819=PLANE('',#10818);
#10820=FACE_SURFACE('',(#10815),#10819,.T.);
#10821=POLY_LOOP('',(#144,#658,#153));
#10822=FACE_OUTER_BOUND('',#10821,.T.);
#10823=DIRECTION('',(-0.005721066230108839,-0.9953763948357501,0.09588066543873955));
#10824=DIRECTION('',(0.9999699734885941,-0.005193445096090819,0.005751543206346253));
#10825=AXIS2_PLACEMENT_3D('',#144,#10823,#10824);
#10826=PLANE('',#10825);
#10827=FACE_SURFACE('',(#10822),#10826,.T.);
#10828=POLY_LOOP('',(#658,#657,#153));
#10829=FACE_OUTER_BOUND('',#10828,.T.);
#10830=DIRECTION('',(-0.005448987556109649,-0.9929457510182742,0.11844426566688934));
#10831=DIRECTION('',(-0.00957188473814087,0.11849238843182601,0.9929088240650704));
#10832=AXIS2_PLACEMENT_3D('',#658,#10830,#10831);
#10833=PLANE('',#10832);
#10834=FACE_SURFACE('',(#10829),#10833,.T.);
#10835=POLY_LOOP('',(#153,#657,#653));
#10836=FACE_OUTER_BOUND('',#10835,.T.);
#10837=DIRECTION('',(-0.004181188307350672,-0.9414891138446383,0.33701745678284367));
#10838=DIRECTION('',(0.9999723209696718,-0.006010633617774846,-0.004385154277878229));
#10839=AXIS2_PLACEMENT_3D('',#153,#10837,#10838);
#10840=PLANE('',#10839);
#10841=FACE_SURFACE('',(#10836),#10840,.T.);
#10842=POLY_LOOP('',(#153,#653,#154));
#10843=FACE_OUTER_BOUND('',#10842,.T.);
#10844=DIRECTION('',(-0.005023668784474573,-0.8582100111214528,0.5132741368536504));
#10845=DIRECTION('',(0.9999799685372264,-0.002335044931595287,0.0058830340348666865));
#10846=AXIS2_PLACEMENT_3D('',#153,#10844,#10845);
#10847=PLANE('',#10846);
#10848=FACE_SURFACE('',(#10843),#10847,.T.);
#10849=POLY_LOOP('',(#574,#667,#143));
#10850=FACE_OUTER_BOUND('',#10849,.T.);
#10851=DIRECTION('',(-0.0005754327053639392,-0.11912980023955957,0.9928785220620318));
#10852=DIRECTION('',(-0.04618583342155851,0.9918223165979068,0.11897630473971546));
#10853=AXIS2_PLACEMENT_3D('',#574,#10851,#10852);
#10854=PLANE('',#10853);
#10855=FACE_SURFACE('',(#10850),#10854,.T.);
#10856=POLY_LOOP('',(#154,#653,#652));
#10857=FACE_OUTER_BOUND('',#10856,.T.);
#10858=DIRECTION('',(-0.004267537139354597,-0.8289388921720335,0.5593228952683468));
#10859=DIRECTION('',(0.9998931977487059,-0.011355506676500175,-0.009200302385656287));
#10860=AXIS2_PLACEMENT_3D('',#154,#10858,#10859);
#10861=PLANE('',#10860);
#10862=FACE_SURFACE('',(#10857),#10861,.T.);
#10863=POLY_LOOP('',(#47,#671,#48));
#10864=FACE_OUTER_BOUND('',#10863,.T.);
#10865=DIRECTION('',(0.0007869720071859307,0.14923915738041318,0.9888008164334433));
#10866=DIRECTION('',(0.9999785414721938,-0.006548248323608841,0.00019245528426468887));
#10867=AXIS2_PLACEMENT_3D('',#47,#10865,#10866);
#10868=PLANE('',#10867);
#10869=FACE_SURFACE('',(#10864),#10868,.T.);
#10870=POLY_LOOP('',(#46,#668,#671));
#10871=FACE_OUTER_BOUND('',#10870,.T.);
#10872=DIRECTION('',(-1.7029917306880397e-05,-0.13812035929313377,0.9904154512419107));
#10873=DIRECTION('',(0.9999608456969448,-0.00876664933461487,-0.0012053764951714062));
#10874=AXIS2_PLACEMENT_3D('',#46,#10872,#10873);
#10875=PLANE('',#10874);
#10876=FACE_SURFACE('',(#10871),#10875,.T.);
#10877=POLY_LOOP('',(#648,#135,#53));
#10878=FACE_OUTER_BOUND('',#10877,.T.);
#10879=DIRECTION('',(-0.00427604097535705,-0.8687822968165834,0.49517576294855065));
#10880=DIRECTION('',(-0.990523446060598,0.07165737576262256,0.11716878126468694));
#10881=AXIS2_PLACEMENT_3D('',#648,#10879,#10880);
#10882=PLANE('',#10881);
#10883=FACE_SURFACE('',(#10878),#10882,.T.);
#10884=POLY_LOOP('',(#654,#648,#51));
#10885=FACE_OUTER_BOUND('',#10884,.T.);
#10886=DIRECTION('',(-0.0005492160763311997,-0.12984830620397703,0.9915337189110918));
#10887=DIRECTION('',(-0.0559372288235614,0.9899854001529929,0.12961455904125538));
#10888=AXIS2_PLACEMENT_3D('',#654,#10886,#10887);
#10889=PLANE('',#10888);
#10890=FACE_SURFACE('',(#10885),#10889,.T.);
#10891=POLY_LOOP('',(#51,#648,#53));
#10892=FACE_OUTER_BOUND('',#10891,.T.);
#10893=DIRECTION('',(-0.0005486745547654958,-0.12986527092184577,0.9915314974142923));
#10894=DIRECTION('',(0.9994993560242524,0.03129531099750452,0.0046519691179332));
#10895=AXIS2_PLACEMENT_3D('',#51,#10893,#10894);
#10896=PLANE('',#10895);
#10897=FACE_SURFACE('',(#10892),#10896,.T.);
#10898=POLY_LOOP('',(#130,#667,#131));
#10899=FACE_OUTER_BOUND('',#10898,.T.);
#10900=DIRECTION('',(-0.0049817933864104574,-0.998778020345623,-0.04916958215333397));
#10901=DIRECTION('',(0.999987565620168,-0.004986799569154169,-2.085922462877592e-05));
#10902=AXIS2_PLACEMENT_3D('',#130,#10900,#10901);
#10903=PLANE('',#10902);
#10904=FACE_SURFACE('',(#10899),#10903,.T.);
#10905=POLY_LOOP('',(#131,#667,#666));
#10906=FACE_OUTER_BOUND('',#10905,.T.);
#10907=DIRECTION('',(-0.003994820904114347,-0.995044269064547,0.09935262456395186));
#10908=DIRECTION('',(0.99996780614739,-0.004666367868798758,-0.006527762226741466));
#10909=AXIS2_PLACEMENT_3D('',#131,#10907,#10908);
#10910=PLANE('',#10909);
#10911=FACE_SURFACE('',(#10906),#10910,.T.);
#10912=POLY_LOOP('',(#131,#666,#132));
#10913=FACE_OUTER_BOUND('',#10912,.T.);
#10914=DIRECTION('',(-0.004135525532976988,-0.9938365261816753,0.1107784124083135));
#10915=DIRECTION('',(0.999916757182335,-0.0027558127829816832,0.012604927681999669));
#10916=AXIS2_PLACEMENT_3D('',#131,#10914,#10915);
#10917=PLANE('',#10916);
#10918=FACE_SURFACE('',(#10913),#10917,.T.);
#10919=POLY_LOOP('',(#46,#671,#47));
#10920=FACE_OUTER_BOUND('',#10919,.T.);
#10921=DIRECTION('',(-0.0006785785201813235,-0.07431619666741715,0.9972344972192256));
#10922=DIRECTION('',(0.99994679861289,0.010213803916080651,0.0014415801733908937));
#10923=AXIS2_PLACEMENT_3D('',#46,#10921,#10922);
#10924=PLANE('',#10923);
#10925=FACE_SURFACE('',(#10920),#10924,.T.);
#10926=POLY_LOOP('',(#132,#666,#40));
#10927=FACE_OUTER_BOUND('',#10926,.T.);
#10928=DIRECTION('',(-0.005080394350442128,-0.9493833915194998,0.3140785976474302));
#10929=DIRECTION('',(0.9999789596125311,-0.0035563650308925747,0.005425182025230234));
#10930=AXIS2_PLACEMENT_3D('',#132,#10928,#10929);
#10931=PLANE('',#10930);
#10932=FACE_SURFACE('',(#10927),#10931,.T.);
#10933=POLY_LOOP('',(#40,#665,#41));
#10934=FACE_OUTER_BOUND('',#10933,.T.);
#10935=DIRECTION('',(-0.004222754023413303,-0.842368409933939,0.5388855447066889));
#10936=DIRECTION('',(0.9999584875718656,0.0007940760443793313,0.009077035651741634));
#10937=AXIS2_PLACEMENT_3D('',#40,#10935,#10936);
#10938=PLANE('',#10937);
#10939=FACE_SURFACE('',(#10934),#10938,.T.);
#10940=POLY_LOOP('',(#41,#665,#43));
#10941=FACE_OUTER_BOUND('',#10940,.T.);
#10942=DIRECTION('',(-0.003559383004602525,-0.7084618348928963,0.7057401499793085));
#10943=DIRECTION('',(0.9999875349738144,-0.004992886855263774,3.1270509277415375e-05));
#10944=AXIS2_PLACEMENT_3D('',#41,#10942,#10943);
#10945=PLANE('',#10944);
#10946=FACE_SURFACE('',(#10941),#10945,.T.);
#10947=POLY_LOOP('',(#43,#665,#669));
#10948=FACE_OUTER_BOUND('',#10947,.T.);
#10949=DIRECTION('',(-0.004121745765503156,-0.7433675825593715,0.6688704272216558));
#10950=DIRECTION('',(0.9999312837169727,-0.010404438793225635,-0.005401434765414226));
#10951=AXIS2_PLACEMENT_3D('',#43,#10949,#10950);
#10952=PLANE('',#10951);
#10953=FACE_SURFACE('',(#10948),#10952,.T.);
#10954=POLY_LOOP('',(#43,#669,#45));
#10955=FACE_OUTER_BOUND('',#10954,.T.);
#10956=DIRECTION('',(-0.0016672411380999153,-0.5122180988015587,0.8588537940575824));
#10957=DIRECTION('',(0.9999620685809817,-0.0081961369658904,-0.002946987967474892));
#10958=AXIS2_PLACEMENT_3D('',#43,#10956,#10957);
#10959=PLANE('',#10958);
#10960=FACE_SURFACE('',(#10955),#10959,.T.);
#10961=POLY_LOOP('',(#45,#669,#668));
#10962=FACE_OUTER_BOUND('',#10961,.T.);
#10963=DIRECTION('',(-0.0026325108258535715,-0.5489752234897022,0.8358344775619054));
#10964=DIRECTION('',(0.9997501031264919,-0.019999755369996302,-0.009987045794884818));
#10965=AXIS2_PLACEMENT_3D('',#45,#10963,#10964);
#10966=PLANE('',#10965);
#10967=FACE_SURFACE('',(#10962),#10966,.T.);
#10968=POLY_LOOP('',(#45,#668,#46));
#10969=FACE_OUTER_BOUND('',#10968,.T.);
#10970=DIRECTION('',(-0.0016470693305431527,-0.31821969971609093,0.9480155641524148));
#10971=DIRECTION('',(0.9999902969266405,-0.004397475347669427,0.0002612721495619991));
#10972=AXIS2_PLACEMENT_3D('',#45,#10970,#10971);
#10973=PLANE('',#10972);
#10974=FACE_SURFACE('',(#10969),#10973,.T.);
#10975=POLY_LOOP('',(#40,#666,#665));
#10976=FACE_OUTER_BOUND('',#10975,.T.);
#10977=DIRECTION('',(-0.003736388734465097,-0.8728510105328474,0.48797249185892877));
#10978=DIRECTION('',(0.9999651739147001,-0.0069028356230652595,-0.004690609566418024));
#10979=AXIS2_PLACEMENT_3D('',#40,#10977,#10978);
#10980=PLANE('',#10979);
#10981=FACE_SURFACE('',(#10976),#10980,.T.);
#10982=POLY_LOOP('',(#99,#570,#571));
#10983=FACE_OUTER_BOUND('',#10982,.T.);
#10984=DIRECTION('',(0.0051118310145531936,0.9509196767823298,0.3093956003111038));
#10985=DIRECTION('',(0.9999810866942348,-0.005919092845346385,0.0016705070204343188));
#10986=AXIS2_PLACEMENT_3D('',#99,#10984,#10985);
#10987=PLANE('',#10986);
#10988=FACE_SURFACE('',(#10983),#10987,.T.);
#10989=POLY_LOOP('',(#154,#652,#150));
#10990=FACE_OUTER_BOUND('',#10989,.T.);
#10991=DIRECTION('',(-0.002873162187840604,-0.610345786518861,0.7921298920112253));
#10992=DIRECTION('',(0.9999839271289931,-0.005625399712751061,-0.0007073625297285256));
#10993=AXIS2_PLACEMENT_3D('',#154,#10991,#10992);
#10994=PLANE('',#10993);
#10995=FACE_SURFACE('',(#10990),#10994,.T.);
#10996=POLY_LOOP('',(#150,#651,#151));
#10997=FACE_OUTER_BOUND('',#10996,.T.);
#10998=DIRECTION('',(-0.000905255829922304,-0.39804118130540517,0.917367101272375));
#10999=DIRECTION('',(0.9999219023427247,-0.0117950524352236,-0.0041310959026724875));
#11000=AXIS2_PLACEMENT_3D('',#150,#10998,#10999);
#11001=PLANE('',#11000);
#11002=FACE_SURFACE('',(#10997),#11001,.T.);
#11003=POLY_LOOP('',(#114,#612,#107));
#11004=FACE_OUTER_BOUND('',#11003,.T.);
#11005=DIRECTION('',(-0.005032070470540029,-0.8563510045310228,0.5163696692346363));
#11006=DIRECTION('',(0.9999803632658182,-0.002380475813246041,0.005797104248225224));
#11007=AXIS2_PLACEMENT_3D('',#114,#11005,#11006);
#11008=PLANE('',#11007);
#11009=FACE_SURFACE('',(#11004),#11008,.T.);
#11010=POLY_LOOP('',(#107,#612,#614));
#11011=FACE_OUTER_BOUND('',#11010,.T.);
#11012=DIRECTION('',(-0.00418455530701517,-0.8227446938143945,0.5683956881408766));
#11013=DIRECTION('',(0.9998957620197306,-0.011297110496162697,-0.008991128372994412));
#11014=AXIS2_PLACEMENT_3D('',#107,#11012,#11013);
#11015=PLANE('',#11014);
#11016=FACE_SURFACE('',(#11011),#11015,.T.);
#11017=POLY_LOOP('',(#107,#614,#108));
#11018=FACE_OUTER_BOUND('',#11017,.T.);
#11019=DIRECTION('',(-0.002953996985961891,-0.6072709206744341,0.7944893346074772));
#11020=DIRECTION('',(0.9999857091835753,-0.005334087868134171,-0.00035907553101120906));
#11021=AXIS2_PLACEMENT_3D('',#107,#11019,#11020);
#11022=PLANE('',#11021);
#11023=FACE_SURFACE('',(#11018),#11022,.T.);
#11024=POLY_LOOP('',(#108,#614,#613));
#11025=FACE_OUTER_BOUND('',#11024,.T.);
#11026=DIRECTION('',(-0.00513201101573758,-0.6890960847286116,0.7246518118894291));
#11027=DIRECTION('',(0.9997869093745142,-0.018025551696572224,-0.010060582954829169));
#11028=AXIS2_PLACEMENT_3D('',#108,#11026,#11027);
#11029=PLANE('',#11028);
#11030=FACE_SURFACE('',(#11025),#11029,.T.);
#11031=POLY_LOOP('',(#108,#613,#109));
#11032=FACE_OUTER_BOUND('',#11031,.T.);
#11033=DIRECTION('',(-0.0008067684869549602,-0.38873175288810546,0.9213506245839035));
#11034=DIRECTION('',(0.9999228904325769,-0.011731001068389866,-0.004073917389220475));
#11035=AXIS2_PLACEMENT_3D('',#108,#11033,#11034);
#11036=PLANE('',#11035);
#11037=FACE_SURFACE('',(#11032),#11036,.T.);
#11038=POLY_LOOP('',(#109,#613,#659));
#11039=FACE_OUTER_BOUND('',#11038,.T.);
#11040=DIRECTION('',(-0.002484133721709337,-0.4787807772894461,0.8779309747228232));
#11041=DIRECTION('',(0.999857911518095,-0.015826946338827648,-0.005802115498784509));
#11042=AXIS2_PLACEMENT_3D('',#109,#11040,#11041);
#11043=PLANE('',#11042);
#11044=FACE_SURFACE('',(#11039),#11043,.T.);
#11045=POLY_LOOP('',(#114,#576,#612));
#11046=FACE_OUTER_BOUND('',#11045,.T.);
#11047=DIRECTION('',(-0.004240586320027067,-0.9381286802673954,0.3462608795220989));
#11048=DIRECTION('',(0.9999739389877031,-0.006001366625658626,-0.0040130965652052505));
#11049=AXIS2_PLACEMENT_3D('',#114,#11047,#11048);
#11050=PLANE('',#11049);
#11051=FACE_SURFACE('',(#11046),#11050,.T.);
#11052=POLY_LOOP('',(#109,#659,#101));
#11053=FACE_OUTER_BOUND('',#11052,.T.);
#11054=DIRECTION('',(-0.001098806786176705,-0.20235095655528942,0.9793124542273554));
#11055=DIRECTION('',(0.999987291214842,-0.005040926640598659,8.042019039703271e-05));
#11056=AXIS2_PLACEMENT_3D('',#109,#11054,#11055);
#11057=PLANE('',#11056);
#11058=FACE_SURFACE('',(#11053),#11057,.T.);
#11059=POLY_LOOP('',(#101,#568,#102));
#11060=FACE_OUTER_BOUND('',#11059,.T.);
#11061=DIRECTION('',(0.001737148786216136,0.029030176430849652,0.9995770261317977));
#11062=DIRECTION('',(0.9999091637273139,-0.013410686973569818,-0.0013482466542963246));
#11063=AXIS2_PLACEMENT_3D('',#101,#11061,#11062);
#11064=PLANE('',#11063);
#11065=FACE_SURFACE('',(#11060),#11064,.T.);
#11066=POLY_LOOP('',(#102,#568,#579));
#11067=FACE_OUTER_BOUND('',#11066,.T.);
#11068=DIRECTION('',(-6.587290266913055e-05,-0.049765765696399844,0.9987609144462011));
#11069=DIRECTION('',(0.9997379843200224,-0.022865051543904367,-0.0010733711535245013));
#11070=AXIS2_PLACEMENT_3D('',#102,#11068,#11069);
#11071=PLANE('',#11070);
#11072=FACE_SURFACE('',(#11067),#11071,.T.);
#11073=POLY_LOOP('',(#102,#579,#104));
#11074=FACE_OUTER_BOUND('',#11073,.T.);
#11075=DIRECTION('',(0.0010320341843007839,0.21920610166075302,0.9756780308586117));
#11076=DIRECTION('',(0.9999916113451841,-0.004093676677595634,-0.00013802362737271303));
#11077=AXIS2_PLACEMENT_3D('',#102,#11075,#11076);
#11078=PLANE('',#11077);
#11079=FACE_SURFACE('',(#11074),#11078,.T.);
#11080=POLY_LOOP('',(#104,#579,#98));
#11081=FACE_OUTER_BOUND('',#11080,.T.);
#11082=DIRECTION('',(0.003932107288626209,0.48142921732025495,0.8764761532652656));
#11083=DIRECTION('',(0.9999433619514586,-0.010561406501532594,0.0013151357054004215));
#11084=AXIS2_PLACEMENT_3D('',#104,#11082,#11083);
#11085=PLANE('',#11084);
#11086=FACE_SURFACE('',(#11081),#11085,.T.);
#11087=POLY_LOOP('',(#579,#567,#98));
#11088=FACE_OUTER_BOUND('',#11087,.T.);
#11089=DIRECTION('',(0.0008790481798211155,0.3755130279451821,0.9268166987693621));
#11090=DIRECTION('',(-0.030557401698646885,0.9263943323511238,-0.37531291769554526));
#11091=AXIS2_PLACEMENT_3D('',#579,#11089,#11090);
#11092=PLANE('',#11091);
#11093=FACE_SURFACE('',(#11088),#11092,.T.);
#11094=POLY_LOOP('',(#98,#567,#570));
#11095=FACE_OUTER_BOUND('',#11094,.T.);
#11096=DIRECTION('',(0.004201281942129524,0.7231849509073538,0.6906416408030804));
#11097=DIRECTION('',(0.999965386430397,-0.007998241918098958,0.0022921752390720838));
#11098=AXIS2_PLACEMENT_3D('',#98,#11096,#11097);
#11099=PLANE('',#11098);
#11100=FACE_SURFACE('',(#11095),#11099,.T.);
#11101=POLY_LOOP('',(#101,#659,#568));
#11102=FACE_OUTER_BOUND('',#11101,.T.);
#11103=DIRECTION('',(-0.0026820695081842256,-0.29600624809865816,0.9551822378947953));
#11104=DIRECTION('',(0.9998642376949937,-0.016322981491348997,-0.002250878460147049));
#11105=AXIS2_PLACEMENT_3D('',#101,#11103,#11104);
#11106=PLANE('',#11105);
#11107=FACE_SURFACE('',(#11102),#11106,.T.);
#11108=POLY_LOOP('',(#150,#652,#651));
#11109=FACE_OUTER_BOUND('',#11108,.T.);
#11110=DIRECTION('',(-0.005263405079769632,-0.6972562766593543,0.7168026096674734));
#11111=DIRECTION('',(0.9997758058529738,-0.01837080426699,-0.010528607772205167));
#11112=AXIS2_PLACEMENT_3D('',#150,#11110,#11111);
#11113=PLANE('',#11112);
#11114=FACE_SURFACE('',(#11109),#11113,.T.);
#11115=POLY_LOOP('',(#577,#576,#114));
#11116=FACE_OUTER_BOUND('',#11115,.T.);
#11117=DIRECTION('',(-0.005438993669341322,-0.9917758901354685,0.12787103305230524));
#11118=DIRECTION('',(-0.007921410673841847,0.12791164379682332,0.9917539325024787));
#11119=AXIS2_PLACEMENT_3D('',#577,#11117,#11118);
#11120=PLANE('',#11119);
#11121=FACE_SURFACE('',(#11116),#11120,.T.);
#11122=POLY_LOOP('',(#113,#578,#577));
#11123=FACE_OUTER_BOUND('',#11122,.T.);
#11124=DIRECTION('',(-0.0049661646272247655,-0.9994841972986023,-0.03172816665463129));
#11125=DIRECTION('',(0.9999875478441217,-0.00494807556956403,-0.0006486176517601231));
#11126=AXIS2_PLACEMENT_3D('',#113,#11124,#11125);
#11127=PLANE('',#11126);
#11128=FACE_SURFACE('',(#11123),#11127,.T.);
#11129=POLY_LOOP('',(#151,#651,#650));
#11130=FACE_OUTER_BOUND('',#11129,.T.);
#11131=DIRECTION('',(-0.002549504335102496,-0.4874003386900904,0.8731749022231631));
#11132=DIRECTION('',(0.9998625110458657,-0.01554928533546585,-0.005760098142618818));
#11133=AXIS2_PLACEMENT_3D('',#151,#11131,#11132);
#11134=PLANE('',#11133);
#11135=FACE_SURFACE('',(#11130),#11134,.T.);
#11136=POLY_LOOP('',(#151,#650,#152));
#11137=FACE_OUTER_BOUND('',#11136,.T.);
#11138=DIRECTION('',(-0.0011694378756799577,-0.21222189692884147,0.9772208035438967));
#11139=DIRECTION('',(0.9999872301543866,-0.005052687259940685,9.939623357769163e-05));
#11140=AXIS2_PLACEMENT_3D('',#151,#11138,#11139);
#11141=PLANE('',#11140);
#11142=FACE_SURFACE('',(#11137),#11141,.T.);
#11143=POLY_LOOP('',(#152,#650,#649));
#11144=FACE_OUTER_BOUND('',#11143,.T.);
#11145=DIRECTION('',(-0.0028433821055259875,-0.3085047836749402,0.9512185414655668));
#11146=DIRECTION('',(0.9998571537224644,-0.016725413550245823,-0.0024357117205118825));
#11147=AXIS2_PLACEMENT_3D('',#152,#11145,#11146);
#11148=PLANE('',#11147);
#11149=FACE_SURFACE('',(#11144),#11148,.T.);
#11150=POLY_LOOP('',(#152,#649,#149));
#11151=FACE_OUTER_BOUND('',#11150,.T.);
#11152=DIRECTION('',(0.0017673333645094474,0.020141531971388394,0.9997955767168727));
#11153=DIRECTION('',(0.9999035569195107,-0.013807920998711646,-0.0014893546939578467));
#11154=AXIS2_PLACEMENT_3D('',#152,#11152,#11153);
#11155=PLANE('',#11154);
#11156=FACE_SURFACE('',(#11151),#11155,.T.);
#11157=POLY_LOOP('',(#149,#649,#656));
#11158=FACE_OUTER_BOUND('',#11157,.T.);
#11159=DIRECTION('',(-0.00010836208644145059,-0.061082626818108055,0.9981327070879193));
#11160=DIRECTION('',(0.999733234202651,-0.02305999774225049,-0.001302664513586281));
#11161=AXIS2_PLACEMENT_3D('',#149,#11159,#11160);
#11162=PLANE('',#11161);
#11163=FACE_SURFACE('',(#11158),#11162,.T.);
#11164=POLY_LOOP('',(#149,#656,#148));
#11165=FACE_OUTER_BOUND('',#11164,.T.);
#11166=DIRECTION('',(0.000976006858043574,0.20874875062817352,0.9779688167430441));
#11167=DIRECTION('',(0.9999918741434947,-0.004028970578825005,-0.0001379965804573985));
#11168=AXIS2_PLACEMENT_3D('',#149,#11166,#11167);
#11169=PLANE('',#11168);
#11170=FACE_SURFACE('',(#11165),#11169,.T.);
#11171=POLY_LOOP('',(#113,#577,#114));
#11172=FACE_OUTER_BOUND('',#11171,.T.);
#11173=DIRECTION('',(-0.00571156308042264,-0.9944403269758746,0.10514663157369483));
#11174=DIRECTION('',(0.9999708726369677,-0.005147474971050523,0.005635368584531455));
#11175=AXIS2_PLACEMENT_3D('',#113,#11173,#11174);
#11176=PLANE('',#11175);
#11177=FACE_SURFACE('',(#11172),#11176,.T.);
#11178=POLY_LOOP('',(#148,#656,#146));
#11179=FACE_OUTER_BOUND('',#11178,.T.);
#11180=DIRECTION('',(0.0039566655456172465,0.4728575228430364,0.8811300175845261));
#11181=DIRECTION('',(0.9999407650659193,-0.010805288946312228,0.0013084686356759718));
#11182=AXIS2_PLACEMENT_3D('',#148,#11180,#11181);
#11183=PLANE('',#11182);
#11184=FACE_SURFACE('',(#11179),#11183,.T.);
#11185=POLY_LOOP('',(#146,#655,#575));
#11186=FACE_OUTER_BOUND('',#11185,.T.);
#11187=DIRECTION('',(0.004176476837241571,0.7145224878622266,0.6996000081335065));
#11188=DIRECTION('',(0.9999641722985301,-0.008135252542927917,0.0023391847679507362));
#11189=AXIS2_PLACEMENT_3D('',#146,#11187,#11188);
#11190=PLANE('',#11189);
#11191=FACE_SURFACE('',(#11186),#11190,.T.);
#11192=POLY_LOOP('',(#146,#575,#145));
#11193=FACE_OUTER_BOUND('',#11192,.T.);
#11194=DIRECTION('',(0.003432055972149147,0.7591930731776718,0.650856434731075));
#11195=DIRECTION('',(0.9999293763544965,0.004800218115316216,-0.0108719919680269));
#11196=AXIS2_PLACEMENT_3D('',#146,#11194,#11195);
#11197=PLANE('',#11196);
#11198=FACE_SURFACE('',(#11193),#11197,.T.);
#11199=POLY_LOOP('',(#145,#575,#574));
#11200=FACE_OUTER_BOUND('',#11199,.T.);
#11201=DIRECTION('',(0.005112173128580348,0.9469255532598769,0.32141229327668736));
#11202=DIRECTION('',(0.9999807177065744,-0.00597408341326135,0.0016954475561891758));
#11203=AXIS2_PLACEMENT_3D('',#145,#11201,#11202);
#11204=PLANE('',#11203);
#11205=FACE_SURFACE('',(#11200),#11204,.T.);
#11206=POLY_LOOP('',(#145,#574,#143));
#11207=FACE_OUTER_BOUND('',#11206,.T.);
#11208=DIRECTION('',(0.004763796544664236,0.9541327121597781,0.2993460770230787));
#11209=DIRECTION('',(0.9998752104062771,-3.591735853727404e-05,-0.01579754173745019));
#11210=AXIS2_PLACEMENT_3D('',#145,#11208,#11209);
#11211=PLANE('',#11210);
#11212=FACE_SURFACE('',(#11207),#11211,.T.);
#11213=POLY_LOOP('',(#571,#572,#100));
#11214=FACE_OUTER_BOUND('',#11213,.T.);
#11215=DIRECTION('',(-0.0005974101427499021,-0.1086726332641029,0.9940774124184532));
#11216=DIRECTION('',(-0.037420319567384126,0.9933837815119871,0.10857431700185552));
#11217=AXIS2_PLACEMENT_3D('',#571,#11215,#11216);
#11218=PLANE('',#11217);
#11219=FACE_SURFACE('',(#11214),#11218,.T.);
#11220=POLY_LOOP('',(#100,#572,#144));
#11221=FACE_OUTER_BOUND('',#11220,.T.);
#11222=DIRECTION('',(0.00022929758969912967,-0.1353664503173221,0.9907955750562794));
#11223=DIRECTION('',(0.9995278877216596,0.030471986135957762,0.003931886011532028));
#11224=AXIS2_PLACEMENT_3D('',#100,#11222,#11223);
#11225=PLANE('',#11224);
#11226=FACE_SURFACE('',(#11221),#11225,.T.);
#11227=POLY_LOOP('',(#656,#655,#146));
#11228=FACE_OUTER_BOUND('',#11227,.T.);
#11229=DIRECTION('',(0.0007784171013958382,0.36354366806000693,0.9315768328378994));
#11230=DIRECTION('',(-0.03800992174233634,0.9309146778585274,-0.36325350431440523));
#11231=AXIS2_PLACEMENT_3D('',#656,#11229,#11230);
#11232=PLANE('',#11231);
#11233=FACE_SURFACE('',(#11228),#11232,.T.);
#11234=POLY_LOOP('',(#602,#117,#603));
#11235=FACE_OUTER_BOUND('',#11234,.T.);
#11236=DIRECTION('',(0.0025590588210509086,0.76536881775515,0.643586842645213));
#11237=DIRECTION('',(-0.9999655489529655,0.007040580528715693,-0.00439671843685881));
#11238=AXIS2_PLACEMENT_3D('',#602,#11236,#11237);
#11239=PLANE('',#11238);
#11240=FACE_SURFACE('',(#11235),#11239,.T.);
#11241=POLY_LOOP('',(#946,#260,#259));
#11242=FACE_OUTER_BOUND('',#11241,.T.);
#11243=DIRECTION('',(-0.0025127429804005126,-0.4369358347689524,0.8994891674820066));
#11244=DIRECTION('',(-0.9999656431951233,0.00820323419184769,0.0011913765808206815));
#11245=AXIS2_PLACEMENT_3D('',#946,#11243,#11244);
#11246=PLANE('',#11245);
#11247=FACE_SURFACE('',(#11242),#11246,.T.);
#11248=POLY_LOOP('',(#947,#251,#260));
#11249=FACE_OUTER_BOUND('',#11248,.T.);
#11250=DIRECTION('',(-0.0009847992420119669,-0.2031497935556039,0.9791471756323298));
#11251=DIRECTION('',(-0.9999675459675132,0.008029395274053924,0.0006601691013177643));
#11252=AXIS2_PLACEMENT_3D('',#947,#11250,#11251);
#11253=PLANE('',#11252);
#11254=FACE_SURFACE('',(#11249),#11253,.T.);
#11255=POLY_LOOP('',(#821,#210,#819));
#11256=FACE_OUTER_BOUND('',#11255,.T.);
#11257=DIRECTION('',(-0.004099219706043036,-0.877256782551498,0.4800038894271538));
#11258=DIRECTION('',(-0.999971841846298,0.0005787442280380875,-0.007482016415453625));
#11259=AXIS2_PLACEMENT_3D('',#821,#11257,#11258);
#11260=PLANE('',#11259);
#11261=FACE_SURFACE('',(#11256),#11260,.T.);
#11262=POLY_LOOP('',(#819,#210,#863));
#11263=FACE_OUTER_BOUND('',#11262,.T.);
#11264=DIRECTION('',(-0.0050248172701331745,-0.9655185859334627,0.26028563431055535));
#11265=DIRECTION('',(-0.9999818056699041,0.005720338664577817,0.0019146944196696538));
#11266=AXIS2_PLACEMENT_3D('',#819,#11264,#11265);
#11267=PLANE('',#11266);
#11268=FACE_SURFACE('',(#11263),#11267,.T.);
#11269=POLY_LOOP('',(#863,#210,#208));
#11270=FACE_OUTER_BOUND('',#11269,.T.);
#11271=DIRECTION('',(-0.005566410999597204,-0.9839061130193086,0.17859948441084328));
#11272=DIRECTION('',(-0.9999650342433626,0.006591410361884114,0.005146221926024456));
#11273=AXIS2_PLACEMENT_3D('',#863,#11271,#11272);
#11274=PLANE('',#11273);
#11275=FACE_SURFACE('',(#11270),#11274,.T.);
#11276=POLY_LOOP('',(#863,#208,#865));
#11277=FACE_OUTER_BOUND('',#11276,.T.);
#11278=DIRECTION('',(-0.0049736579324696885,-0.9956257753451894,0.09329832900465652));
#11279=DIRECTION('',(-0.9999623913847795,0.0042889535680859635,-0.0075379502070402945));
#11280=AXIS2_PLACEMENT_3D('',#863,#11278,#11279);
#11281=PLANE('',#11280);
#11282=FACE_SURFACE('',(#11277),#11281,.T.);
#11283=POLY_LOOP('',(#208,#198,#865));
#11284=FACE_OUTER_BOUND('',#11283,.T.);
#11285=DIRECTION('',(-1.619610750936922e-05,0.0028815171225289164,0.9999958482897611));
#11286=DIRECTION('',(-0.43742710611860985,-0.8992501593552712,0.0025841308437433443));
#11287=AXIS2_PLACEMENT_3D('',#208,#11285,#11286);
#11288=PLANE('',#11287);
#11289=FACE_SURFACE('',(#11284),#11288,.T.);
#11290=POLY_LOOP('',(#865,#198,#851));
#11291=FACE_OUTER_BOUND('',#11290,.T.);
#11292=DIRECTION('',(-0.00013648683203205462,0.010967971283228097,0.9999398406790656));
#11293=DIRECTION('',(-0.9998893792570651,-0.01487375332291881,2.6664769696735405e-05));
#11294=AXIS2_PLACEMENT_3D('',#865,#11292,#11293);
#11295=PLANE('',#11294);
#11296=FACE_SURFACE('',(#11291),#11295,.T.);
#11297=POLY_LOOP('',(#821,#211,#210));
#11298=FACE_OUTER_BOUND('',#11297,.T.);
#11299=DIRECTION('',(-0.0047151779100875375,-0.8240900056079842,0.5664392551318355));
#11300=DIRECTION('',(-0.9999641113255555,0.007872756941956908,0.0031298177302919615));
#11301=AXIS2_PLACEMENT_3D('',#821,#11299,#11300);
#11302=PLANE('',#11301);
#11303=FACE_SURFACE('',(#11298),#11302,.T.);
#11304=POLY_LOOP('',(#852,#851,#198));
#11305=FACE_OUTER_BOUND('',#11304,.T.);
#11306=DIRECTION('',(0.004783969240453304,0.9667931083044498,0.25551555603001325));
#11307=DIRECTION('',(-0.06710244049789861,0.25525291461168864,-0.9645430068490798));
#11308=AXIS2_PLACEMENT_3D('',#852,#11306,#11307);
#11309=PLANE('',#11308);
#11310=FACE_SURFACE('',(#11305),#11309,.T.);
#11311=POLY_LOOP('',(#852,#229,#228));
#11312=FACE_OUTER_BOUND('',#11311,.T.);
#11313=DIRECTION('',(0.005389591860279009,0.9605330947657883,0.2781135130827638));
#11314=DIRECTION('',(-0.9999427012905102,0.007749118297712318,-0.007385479093839719));
#11315=AXIS2_PLACEMENT_3D('',#852,#11313,#11314);
#11316=PLANE('',#11315);
#11317=FACE_SURFACE('',(#11312),#11316,.T.);
#11318=POLY_LOOP('',(#852,#228,#850));
#11319=FACE_OUTER_BOUND('',#11318,.T.);
#11320=DIRECTION('',(0.0028633162912267956,0.7905005998682888,0.6124545722155172));
#11321=DIRECTION('',(-0.9999684958169271,0.006797620226913936,-0.0040987477212967366));
#11322=AXIS2_PLACEMENT_3D('',#852,#11320,#11321);
#11323=PLANE('',#11322);
#11324=FACE_SURFACE('',(#11319),#11323,.T.);
#11325=POLY_LOOP('',(#228,#224,#850));
#11326=FACE_OUTER_BOUND('',#11325,.T.);
#11327=DIRECTION('',(0.0056078533133723995,0.8737382122564179,0.48636415207555594));
#11328=DIRECTION('',(-0.1788585870791244,-0.47765230651467094,0.8601499171128684));
#11329=AXIS2_PLACEMENT_3D('',#228,#11327,#11328);
#11330=PLANE('',#11329);
#11331=FACE_SURFACE('',(#11326),#11330,.T.);
#11332=POLY_LOOP('',(#850,#224,#223));
#11333=FACE_OUTER_BOUND('',#11332,.T.);
#11334=DIRECTION('',(0.003569279560974228,0.7268929357980409,0.6867415235227303));
#11335=DIRECTION('',(-0.9999556394789344,0.008580537446476242,-0.0038850291382340712));
#11336=AXIS2_PLACEMENT_3D('',#850,#11334,#11335);
#11337=PLANE('',#11336);
#11338=FACE_SURFACE('',(#11333),#11337,.T.);
#11339=POLY_LOOP('',(#850,#223,#841));
#11340=FACE_OUTER_BOUND('',#11339,.T.);
#11341=DIRECTION('',(0.0030673528198804545,0.6281148535352684,0.7781145944621823));
#11342=DIRECTION('',(-0.9999875123307909,0.004996680456575202,-9.147071377111695e-05));
#11343=AXIS2_PLACEMENT_3D('',#850,#11341,#11342);
#11344=PLANE('',#11343);
#11345=FACE_SURFACE('',(#11340),#11344,.T.);
#11346=POLY_LOOP('',(#223,#222,#841));
#11347=FACE_OUTER_BOUND('',#11346,.T.);
#11348=DIRECTION('',(0.0021983313770795473,0.5456505617812513,0.838009923429885));
#11349=DIRECTION('',(-0.33404895492506553,-0.7894720196496652,0.5149225435963647));
#11350=AXIS2_PLACEMENT_3D('',#223,#11348,#11349);
#11351=PLANE('',#11350);
#11352=FACE_SURFACE('',(#11347),#11351,.T.);
#11353=POLY_LOOP('',(#198,#229,#852));
#11354=FACE_OUTER_BOUND('',#11353,.T.);
#11355=DIRECTION('',(0.006698695342675128,0.9911010474640757,0.13294299980186147));
#11356=DIRECTION('',(-0.010522102968923901,-0.1328687623179287,0.9910777857207844));
#11357=AXIS2_PLACEMENT_3D('',#198,#11355,#11356);
#11358=PLANE('',#11357);
#11359=FACE_SURFACE('',(#11354),#11358,.T.);
#11360=POLY_LOOP('',(#841,#222,#221));
#11361=FACE_OUTER_BOUND('',#11360,.T.);
#11362=DIRECTION('',(0.002519399788112846,0.3093087841505332,0.9509583212065744));
#11363=DIRECTION('',(-0.99999641812856,-7.99440265905218e-05,0.002675320355137687));
#11364=AXIS2_PLACEMENT_3D('',#841,#11362,#11363);
#11365=PLANE('',#11364);
#11366=FACE_SURFACE('',(#11361),#11365,.T.);
#11367=POLY_LOOP('',(#839,#211,#821));
#11368=FACE_OUTER_BOUND('',#11367,.T.);
#11369=DIRECTION('',(-0.003611844707146955,-0.7303242852213223,0.6830910576151442));
#11370=DIRECTION('',(-0.9999905081980273,0.0043024189373293605,-0.0006875355545484163));
#11371=AXIS2_PLACEMENT_3D('',#839,#11369,#11370);
#11372=PLANE('',#11371);
#11373=FACE_SURFACE('',(#11368),#11372,.T.);
#11374=POLY_LOOP('',(#862,#217,#211));
#11375=FACE_OUTER_BOUND('',#11374,.T.);
#11376=DIRECTION('',(-0.0033030483969813764,-0.49566612273907884,0.8685068708076499));
#11377=DIRECTION('',(-0.9999613437110453,0.008714423902952656,0.0011704271188411983));
#11378=AXIS2_PLACEMENT_3D('',#862,#11376,#11377);
#11379=PLANE('',#11378);
#11380=FACE_SURFACE('',(#11375),#11379,.T.);
#11381=POLY_LOOP('',(#806,#897,#807));
#11382=FACE_OUTER_BOUND('',#11381,.T.);
#11383=DIRECTION('',(-0.004976198233741297,-0.9960716735157669,0.08841073843509106));
#11384=DIRECTION('',(-0.9999583270286019,0.004279865622544496,-0.008063929340750356));
#11385=AXIS2_PLACEMENT_3D('',#806,#11383,#11384);
#11386=PLANE('',#11385);
#11387=FACE_SURFACE('',(#11382),#11386,.T.);
#11388=POLY_LOOP('',(#897,#216,#807));
#11389=FACE_OUTER_BOUND('',#11388,.T.);
#11390=DIRECTION('',(-1.6345463449124855e-05,0.002845159399535862,0.999995952392217));
#11391=DIRECTION('',(-0.5389578934862512,-0.8423293225601591,0.00238776133775949));
#11392=AXIS2_PLACEMENT_3D('',#897,#11390,#11391);
#11393=PLANE('',#11392);
#11394=FACE_SURFACE('',(#11389),#11393,.T.);
#11395=POLY_LOOP('',(#807,#216,#356));
#11396=FACE_OUTER_BOUND('',#11395,.T.);
#11397=DIRECTION('',(-0.00015344842350402597,0.010966311825157822,0.9999398564206423));
#11398=DIRECTION('',(-0.9998575292228946,-0.016879580934772792,3.168209189523177e-05));
#11399=AXIS2_PLACEMENT_3D('',#807,#11397,#11398);
#11400=PLANE('',#11399);
#11401=FACE_SURFACE('',(#11396),#11400,.T.);
#11402=POLY_LOOP('',(#357,#356,#216));
#11403=FACE_OUTER_BOUND('',#11402,.T.);
#11404=DIRECTION('',(0.004831597698895403,0.9755572918787081,0.21969211621257004));
#11405=DIRECTION('',(-0.06621230178336347,0.21952466098080559,-0.9733575161849891));
#11406=AXIS2_PLACEMENT_3D('',#357,#11404,#11405);
#11407=PLANE('',#11406);
#11408=FACE_SURFACE('',(#11403),#11407,.T.);
#11409=POLY_LOOP('',(#216,#291,#357));
#11410=FACE_OUTER_BOUND('',#11409,.T.);
#11411=DIRECTION('',(0.004988919342389234,0.977890028933246,0.2090602831642835));
#11412=DIRECTION('',(-0.06107316615031499,-0.20837465594221188,0.976140395198017));
#11413=AXIS2_PLACEMENT_3D('',#216,#11411,#11412);
#11414=PLANE('',#11413);
#11415=FACE_SURFACE('',(#11410),#11414,.T.);
#11416=POLY_LOOP('',(#357,#291,#215));
#11417=FACE_OUTER_BOUND('',#11416,.T.);
#11418=DIRECTION('',(0.0038660489648441668,0.8227185958500496,0.5684357181844963));
#11419=DIRECTION('',(-0.9999856939729355,0.005282034294655795,-0.0008437791042052456));
#11420=AXIS2_PLACEMENT_3D('',#357,#11418,#11419);
#11421=PLANE('',#11420);
#11422=FACE_SURFACE('',(#11417),#11421,.T.);
#11423=POLY_LOOP('',(#862,#211,#839));
#11424=FACE_OUTER_BOUND('',#11423,.T.);
#11425=DIRECTION('',(-0.0028889646955489743,-0.536624555800127,0.8438161766613058));
#11426=DIRECTION('',(-0.9999577232600899,-0.005815985916319305,-0.007122218777795282));
#11427=AXIS2_PLACEMENT_3D('',#862,#11425,#11426);
#11428=PLANE('',#11427);
#11429=FACE_SURFACE('',(#11424),#11428,.T.);
#11430=POLY_LOOP('',(#357,#215,#815));
#11431=FACE_OUTER_BOUND('',#11430,.T.);
#11432=DIRECTION('',(0.004353745354259575,0.7967972141345921,0.6042311184048231));
#11433=DIRECTION('',(-0.999930669460227,-0.00314202164065235,0.011348302640997825));
#11434=AXIS2_PLACEMENT_3D('',#357,#11432,#11433);
#11435=PLANE('',#11434);
#11436=FACE_SURFACE('',(#11431),#11435,.T.);
#11437=POLY_LOOP('',(#815,#213,#816));
#11438=FACE_OUTER_BOUND('',#11437,.T.);
#11439=DIRECTION('',(0.0026089484976968705,0.4345678897933766,0.9006352994127357));
#11440=DIRECTION('',(-0.9999523096156672,-0.007342454989101734,0.006439475834712203));
#11441=AXIS2_PLACEMENT_3D('',#815,#11439,#11440);
#11442=PLANE('',#11441);
#11443=FACE_SURFACE('',(#11438),#11442,.T.);
#11444=POLY_LOOP('',(#816,#213,#212));
#11445=FACE_OUTER_BOUND('',#11444,.T.);
#11446=DIRECTION('',(0.000333444826685308,0.11129655581085224,0.9937871831932575));
#11447=DIRECTION('',(-0.9999760126639823,0.006912431615838906,-0.0004386180565220081));
#11448=AXIS2_PLACEMENT_3D('',#816,#11446,#11447);
#11449=PLANE('',#11448);
#11450=FACE_SURFACE('',(#11445),#11449,.T.);
#11451=POLY_LOOP('',(#816,#212,#817));
#11452=FACE_OUTER_BOUND('',#11451,.T.);
#11453=DIRECTION('',(0.0004957993478268059,0.03779751932726096,0.999285295456564));
#11454=DIRECTION('',(-0.9999974878173903,-0.002165685887972021,0.0005780688048969837));
#11455=AXIS2_PLACEMENT_3D('',#816,#11453,#11454);
#11456=PLANE('',#11455);
#11457=FACE_SURFACE('',(#11452),#11456,.T.);
#11458=POLY_LOOP('',(#817,#212,#217));
#11459=FACE_OUTER_BOUND('',#11458,.T.);
#11460=DIRECTION('',(-0.0009132893873166026,-0.12912047551440714,0.99162849329042));
#11461=DIRECTION('',(-0.9999644227607227,0.008433376046062807,0.00017714762277050918));
#11462=AXIS2_PLACEMENT_3D('',#817,#11460,#11461);
#11463=PLANE('',#11462);
#11464=FACE_SURFACE('',(#11459),#11463,.T.);
#11465=POLY_LOOP('',(#817,#217,#861));
#11466=FACE_OUTER_BOUND('',#11465,.T.);
#11467=DIRECTION('',(-0.0009166415986405212,-0.17501365298430918,0.9845655798560435));
#11468=DIRECTION('',(-0.9999995785872656,0.00021056501867208654,-0.0008935813695378264));
#11469=AXIS2_PLACEMENT_3D('',#817,#11467,#11468);
#11470=PLANE('',#11469);
#11471=FACE_SURFACE('',(#11466),#11470,.T.);
#11472=POLY_LOOP('',(#861,#217,#862));
#11473=FACE_OUTER_BOUND('',#11472,.T.);
#11474=DIRECTION('',(-0.0015572361606681637,-0.30653286415280456,0.9518588016138833));
#11475=DIRECTION('',(-0.9999880605023992,0.004886200319767629,-6.244265337176421e-05));
#11476=AXIS2_PLACEMENT_3D('',#861,#11474,#11475);
#11477=PLANE('',#11476);
#11478=FACE_SURFACE('',(#11473),#11477,.T.);
#11479=POLY_LOOP('',(#815,#215,#213));
#11480=FACE_OUTER_BOUND('',#11479,.T.);
#11481=DIRECTION('',(0.0019874363469656736,0.49257651781078204,0.8702668695280609));
#11482=DIRECTION('',(-0.999977618113884,0.006538697970413281,-0.0014172861866610896));
#11483=AXIS2_PLACEMENT_3D('',#815,#11481,#11482);
#11484=PLANE('',#11483);
#11485=FACE_SURFACE('',(#11480),#11484,.T.);
#11486=POLY_LOOP('',(#806,#898,#897));
#11487=FACE_OUTER_BOUND('',#11486,.T.);
#11488=DIRECTION('',(-0.005723768170651914,-0.9820456665397355,0.18855648307193074));
#11489=DIRECTION('',(-0.999952273395371,0.0071138934700247305,0.00669652530244731));
#11490=AXIS2_PLACEMENT_3D('',#806,#11488,#11489);
#11491=PLANE('',#11490);
#11492=FACE_SURFACE('',(#11487),#11491,.T.);
#11493=POLY_LOOP('',(#841,#221,#842));
#11494=FACE_OUTER_BOUND('',#11493,.T.);
#11495=DIRECTION('',(0.00193516778227835,0.3986708955438232,0.9170920194680251));
#11496=DIRECTION('',(-0.9999788269370711,-0.00492639067018669,0.004251629396353204));
#11497=AXIS2_PLACEMENT_3D('',#841,#11495,#11496);
#11498=PLANE('',#11497);
#11499=FACE_SURFACE('',(#11494),#11498,.T.);
#11500=POLY_LOOP('',(#221,#220,#843));
#11501=FACE_OUTER_BOUND('',#11500,.T.);
#11502=DIRECTION('',(-0.0002705517394322028,0.03888576549028611,0.9992436259711598));
#11503=DIRECTION('',(-0.3992312701197794,-0.9161610021703428,0.03554449409937986));
#11504=AXIS2_PLACEMENT_3D('',#221,#11502,#11503);
#11505=PLANE('',#11504);
#11506=FACE_SURFACE('',(#11501),#11505,.T.);
#11507=POLY_LOOP('',(#869,#175,#870));
#11508=FACE_OUTER_BOUND('',#11507,.T.);
#11509=DIRECTION('',(0.0018617482030989362,0.3827301790615643,0.9238582921255463));
#11510=DIRECTION('',(-0.9999848299413419,-0.004076752403498367,0.0037040487343323555));
#11511=AXIS2_PLACEMENT_3D('',#869,#11509,#11510);
#11512=PLANE('',#11511);
#11513=FACE_SURFACE('',(#11508),#11512,.T.);
#11514=POLY_LOOP('',(#197,#196,#1019));
#11515=FACE_OUTER_BOUND('',#11514,.T.);
#11516=DIRECTION('',(0.004820196940125531,0.8615611161274347,0.5076309770676999));
#11517=DIRECTION('',(-0.15149213846817,-0.501148681971009,0.8519977291877375));
#11518=AXIS2_PLACEMENT_3D('',#197,#11516,#11517);
#11519=PLANE('',#11518);
#11520=FACE_SURFACE('',(#11515),#11519,.T.);
#11521=POLY_LOOP('',(#1019,#196,#195));
#11522=FACE_OUTER_BOUND('',#11521,.T.);
#11523=DIRECTION('',(0.0034328182708389067,0.6986604941526277,0.7154451269448453));
#11524=DIRECTION('',(-0.9999775317855023,0.006517751473948436,-0.0015667928703322928));
#11525=AXIS2_PLACEMENT_3D('',#1019,#11523,#11524);
#11526=PLANE('',#11525);
#11527=FACE_SURFACE('',(#11522),#11526,.T.);
#11528=POLY_LOOP('',(#1019,#195,#933));
#11529=FACE_OUTER_BOUND('',#11528,.T.);
#11530=DIRECTION('',(0.003312247314350856,0.6744763914543882,0.7382889856881216));
#11531=DIRECTION('',(-0.9999877436394258,0.004950881630757142,-3.663343094875585e-05));
#11532=AXIS2_PLACEMENT_3D('',#1019,#11530,#11531);
#11533=PLANE('',#11532);
#11534=FACE_SURFACE('',(#11529),#11533,.T.);
#11535=POLY_LOOP('',(#933,#195,#869));
#11536=FACE_OUTER_BOUND('',#11535,.T.);
#11537=DIRECTION('',(0.0029559728492544184,0.6105492651212119,0.7919727628425505));
#11538=DIRECTION('',(-0.9999859728178673,0.005285541279513532,-0.0003423753586129845));
#11539=AXIS2_PLACEMENT_3D('',#933,#11537,#11538);
#11540=PLANE('',#11539);
#11541=FACE_SURFACE('',(#11536),#11540,.T.);
#11542=POLY_LOOP('',(#869,#195,#177));
#11543=FACE_OUTER_BOUND('',#11542,.T.);
#11544=DIRECTION('',(0.002921958058839223,0.6074033119204119,0.7943882418749771));
#11545=DIRECTION('',(-0.9999589096831426,0.008591802183639507,-0.002891345800423374));
#11546=AXIS2_PLACEMENT_3D('',#869,#11544,#11545);
#11547=PLANE('',#11546);
#11548=FACE_SURFACE('',(#11543),#11547,.T.);
#11549=POLY_LOOP('',(#176,#175,#869));
#11550=FACE_OUTER_BOUND('',#11549,.T.);
#11551=DIRECTION('',(0.002479654753145357,0.2672854981382763,0.9636141934390957));
#11552=DIRECTION('',(-0.3171348868334286,-0.9136651598853464,0.25424680758041585));
#11553=AXIS2_PLACEMENT_3D('',#176,#11551,#11552);
#11554=PLANE('',#11553);
#11555=FACE_SURFACE('',(#11550),#11554,.T.);
#11556=POLY_LOOP('',(#869,#177,#176));
#11557=FACE_OUTER_BOUND('',#11556,.T.);
#11558=DIRECTION('',(0.002133141869786113,0.4314822539742414,0.9021189024796408));
#11559=DIRECTION('',(-0.9999894603933236,0.0045880458827913945,0.00017010951443755467));
#11560=AXIS2_PLACEMENT_3D('',#869,#11558,#11559);
#11561=PLANE('',#11560);
#11562=FACE_SURFACE('',(#11557),#11561,.T.);
#11563=POLY_LOOP('',(#932,#175,#174));
#11564=FACE_OUTER_BOUND('',#11563,.T.);
#11565=DIRECTION('',(-0.0004655119780552369,0.011087992767668921,0.9999384179613174));
#11566=DIRECTION('',(-0.9999647983922367,0.008371989734617643,-0.0005583585377706868));
#11567=AXIS2_PLACEMENT_3D('',#932,#11565,#11566);
#11568=PLANE('',#11567);
#11569=FACE_SURFACE('',(#11564),#11568,.T.);
#11570=POLY_LOOP('',(#932,#174,#854));
#11571=FACE_OUTER_BOUND('',#11570,.T.);
#11572=DIRECTION('',(-9.73233753737351e-05,-0.07736228433832909,0.9970030428690355));
#11573=DIRECTION('',(-0.9999913060906578,-0.004148702830908771,-0.0004195329796481592));
#11574=AXIS2_PLACEMENT_3D('',#932,#11572,#11573);
#11575=PLANE('',#11574);
#11576=FACE_SURFACE('',(#11571),#11575,.T.);
#11577=POLY_LOOP('',(#174,#173,#854));
#11578=FACE_OUTER_BOUND('',#11577,.T.);
#11579=DIRECTION('',(-0.0010649472040919013,-0.2227556735332371,0.9748737230001671));
#11580=DIRECTION('',(-0.32547523079406604,-0.9217156516858768,-0.2109647638275856));
#11581=AXIS2_PLACEMENT_3D('',#174,#11579,#11580);
#11582=PLANE('',#11581);
#11583=FACE_SURFACE('',(#11578),#11582,.T.);
#11584=POLY_LOOP('',(#854,#173,#172));
#11585=FACE_OUTER_BOUND('',#11584,.T.);
#11586=DIRECTION('',(-0.0022488650255326373,-0.4606555616052869,0.8875761354206267));
#11587=DIRECTION('',(-0.9999876916582929,0.004961333376555867,4.126797205694233e-05));
#11588=AXIS2_PLACEMENT_3D('',#854,#11586,#11587);
#11589=PLANE('',#11588);
#11590=FACE_SURFACE('',(#11585),#11589,.T.);
#11591=POLY_LOOP('',(#854,#172,#855));
#11592=FACE_OUTER_BOUND('',#11591,.T.);
#11593=DIRECTION('',(-0.0031956251887700795,-0.338849124463248,0.9408352984609702));
#11594=DIRECTION('',(-0.9999709201654186,-0.00543193730730072,-0.005352838556838253));
#11595=AXIS2_PLACEMENT_3D('',#854,#11593,#11594);
#11596=PLANE('',#11595);
#11597=FACE_SURFACE('',(#11592),#11596,.T.);
#11598=POLY_LOOP('',(#855,#172,#171));
#11599=FACE_OUTER_BOUND('',#11598,.T.);
#11600=DIRECTION('',(-0.002038051803080641,-0.6700313387533943,0.742330015177335));
#11601=DIRECTION('',(-0.9999919495594437,-0.0012002962824299562,-0.003828851673475746));
#11602=AXIS2_PLACEMENT_3D('',#855,#11600,#11601);
#11603=PLANE('',#11602);
#11604=FACE_SURFACE('',(#11599),#11603,.T.);
#11605=POLY_LOOP('',(#870,#175,#932));
#11606=FACE_OUTER_BOUND('',#11605,.T.);
#11607=DIRECTION('',(0.0007027879645309204,0.14988244696584613,0.988703574475488));
#11608=DIRECTION('',(-0.9999876705151811,0.004965587367692573,-4.194895906700809e-05));
#11609=AXIS2_PLACEMENT_3D('',#870,#11607,#11608);
#11610=PLANE('',#11609);
#11611=FACE_SURFACE('',(#11606),#11610,.T.);
#11612=POLY_LOOP('',(#842,#221,#843));
#11613=FACE_OUTER_BOUND('',#11612,.T.);
#11614=DIRECTION('',(0.0007304230979682825,0.15738045001664677,0.9875377767126965));
#11615=DIRECTION('',(-0.9999876121229458,0.004977221193647847,-5.3570873904233196e-05));
#11616=AXIS2_PLACEMENT_3D('',#842,#11614,#11615);
#11617=PLANE('',#11616);
#11618=FACE_SURFACE('',(#11613),#11617,.T.);
#11619=POLY_LOOP('',(#1020,#197,#1019));
#11620=FACE_OUTER_BOUND('',#11619,.T.);
#11621=DIRECTION('',(0.002309653411585758,0.785725567701484,0.6185709318754795));
#11622=DIRECTION('',(-0.9999580311048683,0.0072988119913771285,-0.005537451795708989));
#11623=AXIS2_PLACEMENT_3D('',#1020,#11621,#11622);
#11624=PLANE('',#11623);
#11625=FACE_SURFACE('',(#11620),#11624,.T.);
#11626=POLY_LOOP('',(#847,#219,#1020));
#11627=FACE_OUTER_BOUND('',#11626,.T.);
#11628=DIRECTION('',(0.0047751963841082875,0.9648548637764773,0.2627399652629351));
#11629=DIRECTION('',(-0.9999874913788331,0.004998423833920286,-0.00018123201904545353));
#11630=AXIS2_PLACEMENT_3D('',#847,#11628,#11629);
#11631=PLANE('',#11630);
#11632=FACE_SURFACE('',(#11627),#11631,.T.);
#11633=POLY_LOOP('',(#843,#220,#227));
#11634=FACE_OUTER_BOUND('',#11633,.T.);
#11635=DIRECTION('',(0.00047246087682070395,-0.18762155095451577,0.9822412791153412));
#11636=DIRECTION('',(-0.9999946448314166,-0.003269512212469114,-0.0001435213612505609));
#11637=AXIS2_PLACEMENT_3D('',#843,#11635,#11636);
#11638=PLANE('',#11637);
#11639=FACE_SURFACE('',(#11634),#11638,.T.);
#11640=POLY_LOOP('',(#843,#227,#866));
#11641=FACE_OUTER_BOUND('',#11640,.T.);
#11642=DIRECTION('',(-0.00031280853808142575,-0.06911662102411106,0.997608537878976));
#11643=DIRECTION('',(-0.9999784055347088,-0.006527026678959194,-0.0007657590964050745));
#11644=AXIS2_PLACEMENT_3D('',#843,#11642,#11643);
#11645=PLANE('',#11644);
#11646=FACE_SURFACE('',(#11641),#11645,.T.);
#11647=POLY_LOOP('',(#866,#227,#226));
#11648=FACE_OUTER_BOUND('',#11647,.T.);
#11649=DIRECTION('',(-0.002103260054290581,-0.42831017673469246,0.9036293315307116));
#11650=DIRECTION('',(-0.9999876170986345,0.004976411813065699,3.1222772817926285e-05));
#11651=AXIS2_PLACEMENT_3D('',#866,#11649,#11650);
#11652=PLANE('',#11651);
#11653=FACE_SURFACE('',(#11648),#11652,.T.);
#11654=POLY_LOOP('',(#866,#226,#867));
#11655=FACE_OUTER_BOUND('',#11654,.T.);
#11656=DIRECTION('',(-0.0028309544546938474,-0.32716333008123044,0.9449635660421175));
#11657=DIRECTION('',(-0.9999747717597609,-0.005230051241881513,-0.004806496439336531));
#11658=AXIS2_PLACEMENT_3D('',#866,#11656,#11657);
#11659=PLANE('',#11658);
#11660=FACE_SURFACE('',(#11655),#11659,.T.);
#11661=POLY_LOOP('',(#867,#226,#225));
#11662=FACE_OUTER_BOUND('',#11661,.T.);
#11663=DIRECTION('',(-0.0020412766083513717,-0.6460176611743284,0.7633197329040163));
#11664=DIRECTION('',(-0.9999946139049785,-0.000643107707007335,-0.0032184737858919977));
#11665=AXIS2_PLACEMENT_3D('',#867,#11663,#11664);
#11666=PLANE('',#11665);
#11667=FACE_SURFACE('',(#11662),#11666,.T.);
#11668=POLY_LOOP('',(#867,#225,#868));
#11669=FACE_OUTER_BOUND('',#11668,.T.);
#11670=DIRECTION('',(-0.0027516056808588275,-0.551027030239709,0.8344828581890607));
#11671=DIRECTION('',(-0.9999792103604209,-0.0033502147654192183,-0.005509528834181276));
#11672=AXIS2_PLACEMENT_3D('',#867,#11670,#11671);
#11673=PLANE('',#11672);
#11674=FACE_SURFACE('',(#11669),#11673,.T.);
#11675=POLY_LOOP('',(#1020,#219,#197));
#11676=FACE_OUTER_BOUND('',#11675,.T.);
#11677=DIRECTION('',(0.006299118554283279,0.9866159406282771,0.16293958022414154));
#11678=DIRECTION('',(-0.9998733558970696,0.008595699134284955,-0.013393510500416504));
#11679=AXIS2_PLACEMENT_3D('',#1020,#11677,#11678);
#11680=PLANE('',#11679);
#11681=FACE_SURFACE('',(#11676),#11680,.T.);
#11682=POLY_LOOP('',(#868,#225,#859));
#11683=FACE_OUTER_BOUND('',#11682,.T.);
#11684=DIRECTION('',(-0.0036852410347738246,-0.7378946276206851,0.6749058730867926));
#11685=DIRECTION('',(-0.9999875237909084,0.004995223846823994,1.1168718899840378e-06));
#11686=AXIS2_PLACEMENT_3D('',#868,#11684,#11685);
#11687=PLANE('',#11686);
#11688=FACE_SURFACE('',(#11683),#11687,.T.);
#11689=POLY_LOOP('',(#859,#206,#860));
#11690=FACE_OUTER_BOUND('',#11689,.T.);
#11691=DIRECTION('',(-0.004171795141696653,-0.885966663145558,0.46373016714466725));
#11692=DIRECTION('',(-0.9999859362748547,0.0021775001468792806,-0.0048358810585795355));
#11693=AXIS2_PLACEMENT_3D('',#859,#11691,#11692);
#11694=PLANE('',#11693);
#11695=FACE_SURFACE('',(#11690),#11694,.T.);
#11696=POLY_LOOP('',(#860,#206,#864));
#11697=FACE_OUTER_BOUND('',#11696,.T.);
#11698=DIRECTION('',(-0.005389824080450041,-0.9691813084725586,0.24628954728896044));
#11699=DIRECTION('',(-0.9999747299799758,0.006365480400003593,0.00316544795435276));
#11700=AXIS2_PLACEMENT_3D('',#860,#11698,#11699);
#11701=PLANE('',#11700);
#11702=FACE_SURFACE('',(#11697),#11701,.T.);
#11703=POLY_LOOP('',(#864,#206,#204));
#11704=FACE_OUTER_BOUND('',#11703,.T.);
#11705=DIRECTION('',(-0.005708912815681467,-0.9779755683615805,0.20864130943393394));
#11706=DIRECTION('',(-0.9999505387011446,0.007282361048544051,0.0067740216156622875));
#11707=AXIS2_PLACEMENT_3D('',#864,#11705,#11706);
#11708=PLANE('',#11707);
#11709=FACE_SURFACE('',(#11704),#11708,.T.);
#11710=POLY_LOOP('',(#864,#204,#845));
#11711=FACE_OUTER_BOUND('',#11710,.T.);
#11712=DIRECTION('',(-0.004978441141563251,-0.9966622239832642,0.08148390275713101));
#11713=DIRECTION('',(-0.9999695118626128,0.00447158871399439,-0.006401581025057006));
#11714=AXIS2_PLACEMENT_3D('',#864,#11712,#11713);
#11715=PLANE('',#11714);
#11716=FACE_SURFACE('',(#11711),#11715,.T.);
#11717=POLY_LOOP('',(#204,#219,#845));
#11718=FACE_OUTER_BOUND('',#11717,.T.);
#11719=DIRECTION('',(-1.611613125336469e-05,0.002873842701060241,0.999995870375673));
#11720=DIRECTION('',(-0.36001670255349816,-0.9329420220202721,0.0026753375922027897));
#11721=AXIS2_PLACEMENT_3D('',#204,#11719,#11720);
#11722=PLANE('',#11721);
#11723=FACE_SURFACE('',(#11718),#11722,.T.);
#11724=POLY_LOOP('',(#845,#219,#847));
#11725=FACE_OUTER_BOUND('',#11724,.T.);
#11726=DIRECTION('',(-0.00012624812532987913,0.010998369019979966,0.9999395081405231));
#11727=DIRECTION('',(-0.9999081387935717,-0.01355409358132153,2.2837776413500598e-05));
#11728=AXIS2_PLACEMENT_3D('',#845,#11726,#11727);
#11729=PLANE('',#11728);
#11730=FACE_SURFACE('',(#11725),#11729,.T.);
#11731=POLY_LOOP('',(#859,#225,#206));
#11732=FACE_OUTER_BOUND('',#11731,.T.);
#11733=DIRECTION('',(-0.004624222245274208,-0.8044631719387851,0.5939845297335737));
#11734=DIRECTION('',(-0.9999511964196703,0.008905797699735945,0.004276861723388291));
#11735=AXIS2_PLACEMENT_3D('',#859,#11733,#11734);
#11736=PLANE('',#11735);
#11737=FACE_SURFACE('',(#11732),#11736,.T.);
#11738=POLY_LOOP('',(#855,#171,#856));
#11739=FACE_OUTER_BOUND('',#11738,.T.);
#11740=DIRECTION('',(-0.002833789897500025,-0.5595537026629136,0.8287892515416936));
#11741=DIRECTION('',(-0.9999809318496807,-0.0029618423914135553,-0.00541880306825117));
#11742=AXIS2_PLACEMENT_3D('',#855,#11740,#11741);
#11743=PLANE('',#11742);
#11744=FACE_SURFACE('',(#11739),#11743,.T.);
#11745=POLY_LOOP('',(#822,#898,#806));
#11746=FACE_OUTER_BOUND('',#11745,.T.);
#11747=DIRECTION('',(-0.005169066809154461,-0.9668600431471644,0.25525465267803804));
#11748=DIRECTION('',(-0.9999776426373678,0.006080617454979551,0.0027821424799858003));
#11749=AXIS2_PLACEMENT_3D('',#822,#11747,#11748);
#11750=PLANE('',#11749);
#11751=FACE_SURFACE('',(#11746),#11750,.T.);
#11752=POLY_LOOP('',(#824,#798,#898));
#11753=FACE_OUTER_BOUND('',#11752,.T.);
#11754=DIRECTION('',(-0.004872934818012795,-0.8019214119289213,0.5974096614519927));
#11755=DIRECTION('',(-0.9999354524260003,0.0100393872245792,0.0053199328722257164));
#11756=AXIS2_PLACEMENT_3D('',#824,#11754,#11755);
#11757=PLANE('',#11756);
#11758=FACE_SURFACE('',(#11753),#11757,.T.);
#11759=POLY_LOOP('',(#925,#911,#1054));
#11760=FACE_OUTER_BOUND('',#11759,.T.);
#11761=DIRECTION('',(0.00283465279765218,0.5682849531721348,0.8228269421583504));
#11762=DIRECTION('',(0.9999846973640235,-0.005519968818056062,0.0003673990067648491));
#11763=AXIS2_PLACEMENT_3D('',#925,#11761,#11762);
#11764=PLANE('',#11763);
#11765=FACE_SURFACE('',(#11760),#11764,.T.);
#11766=POLY_LOOP('',(#925,#1054,#927));
#11767=FACE_OUTER_BOUND('',#11766,.T.);
#11768=DIRECTION('',(0.0012595411887270486,0.6576037544679143,0.7533629375445124));
#11769=DIRECTION('',(0.9999010221298493,0.009728567728148889,-0.010163705704193214));
#11770=AXIS2_PLACEMENT_3D('',#925,#11768,#11769);
#11771=PLANE('',#11770);
#11772=FACE_SURFACE('',(#11767),#11771,.T.);
#11773=POLY_LOOP('',(#927,#1054,#906));
#11774=FACE_OUTER_BOUND('',#11773,.T.);
#11775=DIRECTION('',(0.008702652036037211,0.7220164357482818,0.6918211693471708));
#11776=DIRECTION('',(0.9965154445206512,-0.06365516060495237,0.053897953209437265));
#11777=AXIS2_PLACEMENT_3D('',#927,#11775,#11776);
#11778=PLANE('',#11777);
#11779=FACE_SURFACE('',(#11774),#11778,.T.);
#11780=POLY_LOOP('',(#927,#906,#929));
#11781=FACE_OUTER_BOUND('',#11780,.T.);
#11782=DIRECTION('',(0.006294655297841805,0.7679016339538393,0.6405368513096692));
#11783=DIRECTION('',(0.9993601680977497,0.017722399299580846,-0.031067201076115027));
#11784=AXIS2_PLACEMENT_3D('',#927,#11782,#11783);
#11785=PLANE('',#11784);
#11786=FACE_SURFACE('',(#11781),#11785,.T.);
#11787=POLY_LOOP('',(#929,#906,#905));
#11788=FACE_OUTER_BOUND('',#11787,.T.);
#11789=DIRECTION('',(0.0013459050710554995,0.8971240768279861,0.44177661698540976));
#11790=DIRECTION('',(0.9997748002940833,0.008149096257518402,-0.01959441060893403));
#11791=AXIS2_PLACEMENT_3D('',#929,#11789,#11790);
#11792=PLANE('',#11791);
#11793=FACE_SURFACE('',(#11788),#11792,.T.);
#11794=POLY_LOOP('',(#929,#905,#931));
#11795=FACE_OUTER_BOUND('',#11794,.T.);
#11796=DIRECTION('',(-3.090835652373523e-05,0.9040017175195707,0.4275288221469284));
#11797=DIRECTION('',(0.9962344941752705,0.03709444106892911,-0.0783634803791062));
#11798=AXIS2_PLACEMENT_3D('',#929,#11796,#11797);
#11799=PLANE('',#11798);
#11800=FACE_SURFACE('',(#11795),#11799,.T.);
#11801=POLY_LOOP('',(#915,#911,#925));
#11802=FACE_OUTER_BOUND('',#11801,.T.);
#11803=DIRECTION('',(0.0015241117265827008,0.33872798663686665,0.9408831107807067));
#11804=DIRECTION('',(-0.9646977459406534,0.24828502553526782,-0.08782257723372731));
#11805=AXIS2_PLACEMENT_3D('',#915,#11803,#11804);
#11806=PLANE('',#11805);
#11807=FACE_SURFACE('',(#11802),#11806,.T.);
#11808=POLY_LOOP('',(#15,#892,#16));
#11809=FACE_OUTER_BOUND('',#11808,.T.);
#11810=DIRECTION('',(-1.5800578941622237e-05,0.0028519964190988362,0.9999959329251129));
#11811=DIRECTION('',(-0.8547893021755318,-0.5189731187099208,0.0014666092751315228));
#11812=AXIS2_PLACEMENT_3D('',#15,#11810,#11811);
#11813=PLANE('',#11812);
#11814=FACE_SURFACE('',(#11809),#11813,.T.);
#11815=POLY_LOOP('',(#904,#838,#892));
#11816=FACE_OUTER_BOUND('',#11815,.T.);
#11817=DIRECTION('',(0.004874352602191918,0.9845906072299715,0.17480725626021812));
#11818=DIRECTION('',(-0.09508308933190117,0.17447364994581083,-0.9800602795735008));
#11819=AXIS2_PLACEMENT_3D('',#904,#11817,#11818);
#11820=PLANE('',#11819);
#11821=FACE_SURFACE('',(#11816),#11820,.T.);
#11822=POLY_LOOP('',(#827,#826,#881));
#11823=FACE_OUTER_BOUND('',#11822,.T.);
#11824=DIRECTION('',(0.0036147167103135753,0.71680049331054,0.6972689485506083));
#11825=DIRECTION('',(-0.6499081125846683,0.5316182052385031,-0.5431404321679862));
#11826=AXIS2_PLACEMENT_3D('',#827,#11824,#11825);
#11827=PLANE('',#11826);
#11828=FACE_SURFACE('',(#11823),#11827,.T.);
#11829=POLY_LOOP('',(#881,#826,#871));
#11830=FACE_OUTER_BOUND('',#11829,.T.);
#11831=DIRECTION('',(0.003256245902218867,0.7784005396940631,0.6277595054370865));
#11832=DIRECTION('',(0.9999866376243736,-1.4080816055884774e-05,-0.005169562305490237));
#11833=AXIS2_PLACEMENT_3D('',#881,#11831,#11832);
#11834=PLANE('',#11833);
#11835=FACE_SURFACE('',(#11830),#11834,.T.);
#11836=POLY_LOOP('',(#881,#871,#884));
#11837=FACE_OUTER_BOUND('',#11836,.T.);
#11838=DIRECTION('',(0.0038700804765287836,0.7167999701513017,0.6972681157691051));
#11839=DIRECTION('',(0.9999717984320415,0.0017137953546707677,-0.0073119933035242475));
#11840=AXIS2_PLACEMENT_3D('',#881,#11838,#11839);
#11841=PLANE('',#11840);
#11842=FACE_SURFACE('',(#11837),#11841,.T.);
#11843=POLY_LOOP('',(#892,#888,#904));
#11844=FACE_OUTER_BOUND('',#11843,.T.);
#11845=DIRECTION('',(0.004919518583535094,0.9850622364652681,0.17212840737934693));
#11846=DIRECTION('',(-0.09054126512832845,-0.1709847059317928,0.9811047393863613));
#11847=AXIS2_PLACEMENT_3D('',#892,#11845,#11846);
#11848=PLANE('',#11847);
#11849=FACE_SURFACE('',(#11844),#11848,.T.);
#11850=POLY_LOOP('',(#904,#888,#887));
#11851=FACE_OUTER_BOUND('',#11850,.T.);
#11852=DIRECTION('',(0.004659354771678006,0.9478149742374362,0.31878686457318123));
#11853=DIRECTION('',(-0.9999869864417591,0.005078642593713075,-0.0004840831896715685));
#11854=AXIS2_PLACEMENT_3D('',#904,#11852,#11853);
#11855=PLANE('',#11854);
#11856=FACE_SURFACE('',(#11851),#11855,.T.);
#11857=POLY_LOOP('',(#16,#892,#838));
#11858=FACE_OUTER_BOUND('',#11857,.T.);
#11859=DIRECTION('',(-0.00024181264850678204,0.010618809050843392,0.999943589619427));
#11860=DIRECTION('',(-0.9995768827738214,-0.029086954350701646,6.716226936018305e-05));
#11861=AXIS2_PLACEMENT_3D('',#16,#11859,#11860);
#11862=PLANE('',#11861);
#11863=FACE_SURFACE('',(#11858),#11862,.T.);
#11864=POLY_LOOP('',(#904,#887,#871));
#11865=FACE_OUTER_BOUND('',#11864,.T.);
#11866=DIRECTION('',(0.004474626246610768,0.8834910789630904,0.46842661230185006));
#11867=DIRECTION('',(-0.9999888584662422,0.0046576445284915065,0.0007676528042266243));
#11868=AXIS2_PLACEMENT_3D('',#904,#11866,#11867);
#11869=PLANE('',#11868);
#11870=FACE_SURFACE('',(#11865),#11869,.T.);
#11871=POLY_LOOP('',(#1054,#908,#906));
#11872=FACE_OUTER_BOUND('',#11871,.T.);
#11873=DIRECTION('',(-0.009670728133288287,0.7927639354477345,0.6094520651132392));
#11874=DIRECTION('',(0.9949374323374114,0.06859764203143737,-0.07344296590937562));
#11875=AXIS2_PLACEMENT_3D('',#1054,#11873,#11874);
#11876=PLANE('',#11875);
#11877=FACE_SURFACE('',(#11872),#11876,.T.);
#11878=POLY_LOOP('',(#911,#910,#1054));
#11879=FACE_OUTER_BOUND('',#11878,.T.);
#11880=DIRECTION('',(0.003560410668748465,0.5967621140849526,0.8024103081770123));
#11881=DIRECTION('',(-0.9723433147784956,0.18945444748740864,-0.13658510362703588));
#11882=AXIS2_PLACEMENT_3D('',#911,#11880,#11881);
#11883=PLANE('',#11882);
#11884=FACE_SURFACE('',(#11879),#11883,.T.);
#11885=POLY_LOOP('',(#16,#913,#14));
#11886=FACE_OUTER_BOUND('',#11885,.T.);
#11887=DIRECTION('',(-0.005218204993308131,-0.993091433344376,0.11722702484777328));
#11888=DIRECTION('',(-0.38524711860947564,0.11017635554482043,0.9162127636537039));
#11889=AXIS2_PLACEMENT_3D('',#16,#11887,#11888);
#11890=PLANE('',#11889);
#11891=FACE_SURFACE('',(#11886),#11890,.T.);
#11892=POLY_LOOP('',(#14,#913,#912));
#11893=FACE_OUTER_BOUND('',#11892,.T.);
#11894=DIRECTION('',(-0.004176621233629715,-0.8998957265259383,0.4360851261112037));
#11895=DIRECTION('',(0.999983738603275,-0.005451914037251575,-0.0016730697377386598));
#11896=AXIS2_PLACEMENT_3D('',#14,#11894,#11895);
#11897=PLANE('',#11896);
#11898=FACE_SURFACE('',(#11893),#11897,.T.);
#11899=POLY_LOOP('',(#14,#912,#889));
#11900=FACE_OUTER_BOUND('',#11899,.T.);
#11901=DIRECTION('',(-0.005747041448658916,-0.8626666505643232,0.5057402708097498));
#11902=DIRECTION('',(0.9997900448867836,0.004990419988623833,0.019873647214851194));
#11903=AXIS2_PLACEMENT_3D('',#14,#11901,#11902);
#11904=PLANE('',#11903);
#11905=FACE_SURFACE('',(#11900),#11904,.T.);
#11906=POLY_LOOP('',(#915,#1055,#917));
#11907=FACE_OUTER_BOUND('',#11906,.T.);
#11908=DIRECTION('',(-0.0038861479057141182,0.002487425951114435,0.9999893552266406));
#11909=DIRECTION('',(-0.998045688144367,-0.06237740310785474,-0.003723433624642687));
#11910=AXIS2_PLACEMENT_3D('',#915,#11908,#11909);
#11911=PLANE('',#11910);
#11912=FACE_SURFACE('',(#11907),#11911,.T.);
#11913=POLY_LOOP('',(#917,#1055,#918));
#11914=FACE_OUTER_BOUND('',#11913,.T.);
#11915=DIRECTION('',(0.0004696668526578186,-0.23708602885129992,0.9714885456538167));
#11916=DIRECTION('',(-0.9998355813265343,-0.01772155272407961,-0.0038414687918553077));
#11917=AXIS2_PLACEMENT_3D('',#917,#11915,#11916);
#11918=PLANE('',#11917);
#11919=FACE_SURFACE('',(#11914),#11918,.T.);
#11920=POLY_LOOP('',(#912,#919,#889));
#11921=FACE_OUTER_BOUND('',#11920,.T.);
#11922=DIRECTION('',(-0.003817708410351804,-0.7564553533938646,0.6540341913266132));
#11923=DIRECTION('',(-0.8306554299993126,0.3665532673505231,0.4191065005548268));
#11924=AXIS2_PLACEMENT_3D('',#912,#11922,#11923);
#11925=PLANE('',#11924);
#11926=FACE_SURFACE('',(#11921),#11925,.T.);
#11927=POLY_LOOP('',(#1054,#910,#908));
#11928=FACE_OUTER_BOUND('',#11927,.T.);
#11929=DIRECTION('',(0.001187115778991686,0.7227294361103509,0.6911300550082752));
#11930=DIRECTION('',(0.9998974901685552,0.009003764099349772,-0.011132896598245654));
#11931=AXIS2_PLACEMENT_3D('',#1054,#11929,#11930);
#11932=PLANE('',#11931);
#11933=FACE_SURFACE('',(#11928),#11932,.T.);
#11934=POLY_LOOP('',(#889,#919,#918));
#11935=FACE_OUTER_BOUND('',#11934,.T.);
#11936=DIRECTION('',(-0.0027512860788988843,-0.560080827065838,0.8284333996032265));
#11937=DIRECTION('',(0.9999862678170026,-0.005236052846329991,-0.0002189246728642622));
#11938=AXIS2_PLACEMENT_3D('',#889,#11936,#11937);
#11939=PLANE('',#11938);
#11940=FACE_SURFACE('',(#11935),#11939,.T.);
#11941=POLY_LOOP('',(#890,#918,#1055));
#11942=FACE_OUTER_BOUND('',#11941,.T.);
#11943=DIRECTION('',(-0.0012285823108925309,-0.29615535315779845,0.9551389937498547));
#11944=DIRECTION('',(0.9999251257511249,-0.011992771210423603,-0.002432350774757815));
#11945=AXIS2_PLACEMENT_3D('',#890,#11943,#11944);
#11946=PLANE('',#11945);
#11947=FACE_SURFACE('',(#11942),#11946,.T.);
#11948=POLY_LOOP('',(#925,#924,#915));
#11949=FACE_OUTER_BOUND('',#11948,.T.);
#11950=DIRECTION('',(0.004436903924015867,0.39325081327081957,0.9194205304132641));
#11951=DIRECTION('',(-0.9687752615954592,-0.22623920370778516,0.10144119097446033));
#11952=AXIS2_PLACEMENT_3D('',#925,#11950,#11951);
#11953=PLANE('',#11952);
#11954=FACE_SURFACE('',(#11949),#11953,.T.);
#11955=POLY_LOOP('',(#915,#924,#922));
#11956=FACE_OUTER_BOUND('',#11955,.T.);
#11957=DIRECTION('',(0.000804099191324139,0.1832560424477723,0.9830648891761271));
#11958=DIRECTION('',(-0.999859504490221,0.016606703339675673,-0.0022778684680840352));
#11959=AXIS2_PLACEMENT_3D('',#915,#11957,#11958);
#11960=PLANE('',#11959);
#11961=FACE_SURFACE('',(#11956),#11960,.T.);
#11962=POLY_LOOP('',(#915,#922,#1055));
#11963=FACE_OUTER_BOUND('',#11962,.T.);
#11964=DIRECTION('',(-9.830311337754132e-05,-0.05801861426191647,0.9983154965919465));
#11965=DIRECTION('',(-0.9999929703699758,0.0037476619815139042,0.00011933274896881103));
#11966=AXIS2_PLACEMENT_3D('',#915,#11964,#11965);
#11967=PLANE('',#11966);
#11968=FACE_SURFACE('',(#11963),#11967,.T.);
#11969=POLY_LOOP('',(#1055,#922,#921));
#11970=FACE_OUTER_BOUND('',#11969,.T.);
#11971=DIRECTION('',(0.00368588918871997,0.004206934959753583,0.9999843578372277));
#11972=DIRECTION('',(-0.9981556429757779,0.060610127137601576,0.003424161791630068));
#11973=AXIS2_PLACEMENT_3D('',#1055,#11971,#11972);
#11974=PLANE('',#11973);
#11975=FACE_SURFACE('',(#11970),#11974,.T.);
#11976=POLY_LOOP('',(#1055,#921,#890));
#11977=FACE_OUTER_BOUND('',#11976,.T.);
#11978=DIRECTION('',(-0.00147426227369189,-0.18039068904946823,0.9835939334171425));
#11979=DIRECTION('',(-0.9996119650046962,0.027625833790795775,0.0035682946646050577));
#11980=AXIS2_PLACEMENT_3D('',#1055,#11978,#11979);
#11981=PLANE('',#11980);
#11982=FACE_SURFACE('',(#11977),#11981,.T.);
#11983=POLY_LOOP('',(#889,#918,#890));
#11984=FACE_OUTER_BOUND('',#11983,.T.);
#11985=DIRECTION('',(-0.00403681044185581,-0.5109241628818274,0.8596163120514643));
#11986=DIRECTION('',(0.999750490952066,0.016823646319225494,0.014694242601389544));
#11987=AXIS2_PLACEMENT_3D('',#889,#11985,#11986);
#11988=PLANE('',#11987);
#11989=FACE_SURFACE('',(#11984),#11988,.T.);
#11990=POLY_LOOP('',(#824,#898,#822));
#11991=FACE_OUTER_BOUND('',#11990,.T.);
#11992=DIRECTION('',(-0.004052287839473391,-0.8820112645576643,0.471210895625999));
#11993=DIRECTION('',(-0.9999749141121491,0.0008365952238241344,-0.0070335805129125226));
#11994=AXIS2_PLACEMENT_3D('',#824,#11992,#11993);
#11995=PLANE('',#11994);
#11996=FACE_SURFACE('',(#11991),#11995,.T.);
#11997=POLY_LOOP('',(#871,#887,#885));
#11998=FACE_OUTER_BOUND('',#11997,.T.);
#11999=DIRECTION('',(0.0038897280100405516,0.8676478660593162,0.49716400768631963));
#12000=DIRECTION('',(-0.9998324423742294,0.01226747957215816,-0.013586615506810463));
#12001=AXIS2_PLACEMENT_3D('',#871,#11999,#12000);
#12002=PLANE('',#12001);
#12003=FACE_SURFACE('',(#11998),#12002,.T.);
#12004=POLY_LOOP('',(#875,#829,#828));
#12005=FACE_OUTER_BOUND('',#12004,.T.);
#12006=DIRECTION('',(0.0015316155032053334,0.31325226081718766,0.9496687186839792));
#12007=DIRECTION('',(0.9999872747108549,-0.005044580669920602,5.120763253053753e-05));
#12008=AXIS2_PLACEMENT_3D('',#875,#12006,#12007);
#12009=PLANE('',#12008);
#12010=FACE_SURFACE('',(#12005),#12009,.T.);
#12011=POLY_LOOP('',(#818,#903,#811));
#12012=FACE_OUTER_BOUND('',#12011,.T.);
#12013=DIRECTION('',(0.0031299643266701643,0.8213541217997219,0.5704100366630317));
#12014=DIRECTION('',(-0.9999738380492893,0.0062905828684909045,-0.0035709640362855343));
#12015=AXIS2_PLACEMENT_3D('',#818,#12013,#12014);
#12016=PLANE('',#12015);
#12017=FACE_SURFACE('',(#12012),#12016,.T.);
#12018=POLY_LOOP('',(#811,#903,#809));
#12019=FACE_OUTER_BOUND('',#12018,.T.);
#12020=DIRECTION('',(-0.0011188176137638484,0.695747002698567,0.7182860547742155));
#12021=DIRECTION('',(-0.9997598040745543,0.014943601728777721,-0.016031934511480515));
#12022=AXIS2_PLACEMENT_3D('',#811,#12020,#12021);
#12023=PLANE('',#12022);
#12024=FACE_SURFACE('',(#12019),#12023,.T.);
#12025=POLY_LOOP('',(#903,#902,#809));
#12026=FACE_OUTER_BOUND('',#12025,.T.);
#12027=DIRECTION('',(0.006431264590172718,0.8893084412147341,0.4572626545214371));
#12028=DIRECTION('',(-0.29271423578877953,-0.43556851754839215,0.8512334830628356));
#12029=AXIS2_PLACEMENT_3D('',#903,#12027,#12028);
#12030=PLANE('',#12029);
#12031=FACE_SURFACE('',(#12026),#12030,.T.);
#12032=POLY_LOOP('',(#809,#902,#901));
#12033=FACE_OUTER_BOUND('',#12032,.T.);
#12034=DIRECTION('',(0.0037202729244295227,0.7514637466247174,0.6597638949488752));
#12035=DIRECTION('',(-0.9999256892486141,0.010454975746994073,-0.0062697258962224785));
#12036=AXIS2_PLACEMENT_3D('',#809,#12034,#12035);
#12037=PLANE('',#12036);
#12038=FACE_SURFACE('',(#12033),#12037,.T.);
#12039=POLY_LOOP('',(#809,#901,#803));
#12040=FACE_OUTER_BOUND('',#12039,.T.);
#12041=DIRECTION('',(0.0024574476039010223,0.48916553378166605,0.8721875036432085));
#12042=DIRECTION('',(-0.9999880905659551,0.004879775716392992,8.071686850890042e-05));
#12043=AXIS2_PLACEMENT_3D('',#809,#12041,#12042);
#12044=PLANE('',#12043);
#12045=FACE_SURFACE('',(#12040),#12044,.T.);
#12046=POLY_LOOP('',(#901,#900,#803));
#12047=FACE_OUTER_BOUND('',#12046,.T.);
#12048=DIRECTION('',(0.004362471628583678,0.564893534088298,0.825152267152265));
#12049=DIRECTION('',(-0.5308447971740926,-0.6979868537188276,0.48064347842126026));
#12050=AXIS2_PLACEMENT_3D('',#901,#12048,#12049);
#12051=PLANE('',#12050);
#12052=FACE_SURFACE('',(#12047),#12051,.T.);
#12053=POLY_LOOP('',(#818,#895,#903));
#12054=FACE_OUTER_BOUND('',#12053,.T.);
#12055=DIRECTION('',(0.005102532162470442,0.9633549640419558,0.2681812398756725));
#12056=DIRECTION('',(-0.9999466480261193,0.007324116944011265,-0.007284120559047617));
#12057=AXIS2_PLACEMENT_3D('',#818,#12055,#12056);
#12058=PLANE('',#12057);
#12059=FACE_SURFACE('',(#12054),#12058,.T.);
#12060=POLY_LOOP('',(#803,#900,#899));
#12061=FACE_OUTER_BOUND('',#12060,.T.);
#12062=DIRECTION('',(0.0014337683065047512,0.3182438401534351,0.9480078072003616));
#12063=DIRECTION('',(-0.9999392417355063,0.010817671498068423,-0.002119155676329044));
#12064=AXIS2_PLACEMENT_3D('',#803,#12062,#12063);
#12065=PLANE('',#12064);
#12066=FACE_SURFACE('',(#12061),#12065,.T.);
#12067=POLY_LOOP('',(#899,#545,#804));
#12068=FACE_OUTER_BOUND('',#12067,.T.);
#12069=DIRECTION('',(0.0006430032348323305,0.01477781741790067,0.9998905953449123));
#12070=DIRECTION('',(-0.6082999642504437,-0.7936146737706743,0.01212035761745593));
#12071=AXIS2_PLACEMENT_3D('',#899,#12069,#12070);
#12072=PLANE('',#12071);
#12073=FACE_SURFACE('',(#12068),#12072,.T.);
#12074=POLY_LOOP('',(#804,#545,#544));
#12075=FACE_OUTER_BOUND('',#12074,.T.);
#12076=DIRECTION('',(-0.0010688977139931657,-0.20846006612301535,0.9780302951798912));
#12077=DIRECTION('',(-0.9999708545901275,0.0076163344815295755,0.0005304897319239454));
#12078=AXIS2_PLACEMENT_3D('',#804,#12076,#12077);
#12079=PLANE('',#12078);
#12080=FACE_SURFACE('',(#12075),#12079,.T.);
#12081=POLY_LOOP('',(#804,#544,#805));
#12082=FACE_OUTER_BOUND('',#12081,.T.);
#12083=DIRECTION('',(-0.0015018799238512522,-0.2950845377107063,0.9554699681103289));
#12084=DIRECTION('',(-0.9999874739950599,0.005005114607921747,-2.6091014746929438e-05));
#12085=AXIS2_PLACEMENT_3D('',#804,#12083,#12084);
#12086=PLANE('',#12085);
#12087=FACE_SURFACE('',(#12082),#12086,.T.);
#12088=POLY_LOOP('',(#805,#544,#798));
#12089=FACE_OUTER_BOUND('',#12088,.T.);
#12090=DIRECTION('',(-0.0030826705798716754,-0.46989725169062296,0.882715735667885));
#12091=DIRECTION('',(-0.9999625011393508,0.0085922101464012,0.0010817762864310256));
#12092=AXIS2_PLACEMENT_3D('',#805,#12090,#12091);
#12093=PLANE('',#12092);
#12094=FACE_SURFACE('',(#12089),#12093,.T.);
#12095=POLY_LOOP('',(#805,#798,#823));
#12096=FACE_OUTER_BOUND('',#12095,.T.);
#12097=DIRECTION('',(-0.002517091937898265,-0.5244524781161917,0.8514360002055127));
#12098=DIRECTION('',(-0.9999556357684829,-0.006408433013346667,-0.0069035122338276704));
#12099=AXIS2_PLACEMENT_3D('',#805,#12097,#12098);
#12100=PLANE('',#12099);
#12101=FACE_SURFACE('',(#12096),#12100,.T.);
#12102=POLY_LOOP('',(#823,#798,#824));
#12103=FACE_OUTER_BOUND('',#12102,.T.);
#12104=DIRECTION('',(-0.003748717398416502,-0.7335273849119097,0.679649558744918));
#12105=DIRECTION('',(-0.9999846429302052,0.005524010042133717,0.0004463370974475282));
#12106=AXIS2_PLACEMENT_3D('',#823,#12104,#12105);
#12107=PLANE('',#12106);
#12108=FACE_SURFACE('',(#12103),#12107,.T.);
#12109=POLY_LOOP('',(#803,#899,#804));
#12110=FACE_OUTER_BOUND('',#12109,.T.);
#12111=DIRECTION('',(0.0003636308282948107,0.0026975866560930662,0.9999962953925648));
#12112=DIRECTION('',(-0.9999939868640227,0.0034497377158683924,0.0003543239879351273));
#12113=AXIS2_PLACEMENT_3D('',#803,#12111,#12112);
#12114=PLANE('',#12113);
#12115=FACE_SURFACE('',(#12110),#12114,.T.);
#12116=POLY_LOOP('',(#871,#885,#884));
#12117=FACE_OUTER_BOUND('',#12116,.T.);
#12118=DIRECTION('',(0.003882324388516458,0.7618063625414707,0.6477931718910562));
#12119=DIRECTION('',(-0.9999923840404188,0.0032162513495501465,0.0022107890935160893));
#12120=AXIS2_PLACEMENT_3D('',#871,#12118,#12119);
#12121=PLANE('',#12120);
#12122=FACE_SURFACE('',(#12117),#12121,.T.);
#12123=POLY_LOOP('',(#882,#895,#818));
#12124=FACE_OUTER_BOUND('',#12123,.T.);
#12125=DIRECTION('',(0.006301837445274373,0.9912799721340078,0.13162182072443113));
#12126=DIRECTION('',(-0.017659102129392805,-0.1314935900423623,0.9911597206756109));
#12127=AXIS2_PLACEMENT_3D('',#882,#12125,#12126);
#12128=PLANE('',#12127);
#12129=FACE_SURFACE('',(#12124),#12128,.T.);
#12130=POLY_LOOP('',(#833,#882,#810));
#12131=FACE_OUTER_BOUND('',#12130,.T.);
#12132=DIRECTION('',(-0.0001790618267750764,0.010886376497158023,0.9999407256150857));
#12133=DIRECTION('',(-0.9997920594523229,-0.020392057506663203,4.297357024042796e-05));
#12134=AXIS2_PLACEMENT_3D('',#833,#12132,#12133);
#12135=PLANE('',#12134);
#12136=FACE_SURFACE('',(#12131),#12135,.T.);
#12137=POLY_LOOP('',(#827,#881,#828));
#12138=FACE_OUTER_BOUND('',#12137,.T.);
#12139=DIRECTION('',(0.002741432724569414,0.5462830305582312,0.8375961646704999));
#12140=DIRECTION('',(-0.9999870687099432,0.005085322074657036,-4.372976088667409e-05));
#12141=AXIS2_PLACEMENT_3D('',#827,#12139,#12140);
#12142=PLANE('',#12141);
#12143=FACE_SURFACE('',(#12138),#12142,.T.);
#12144=POLY_LOOP('',(#828,#881,#880));
#12145=FACE_OUTER_BOUND('',#12144,.T.);
#12146=DIRECTION('',(0.0016507867905065276,0.49572367904709846,0.8684787325749443));
#12147=DIRECTION('',(-0.9998281824976731,0.016852915631987566,-0.007719113815763381));
#12148=AXIS2_PLACEMENT_3D('',#828,#12146,#12147);
#12149=PLANE('',#12148);
#12150=FACE_SURFACE('',(#12145),#12149,.T.);
#12151=POLY_LOOP('',(#828,#880,#875));
#12152=FACE_OUTER_BOUND('',#12151,.T.);
#12153=DIRECTION('',(0.0017884754226276875,0.2581951084509968,0.9660911382098692));
#12154=DIRECTION('',(-0.9999983529116934,0.00016317729858771618,0.001807635767968062));
#12155=AXIS2_PLACEMENT_3D('',#828,#12153,#12154);
#12156=PLANE('',#12155);
#12157=FACE_SURFACE('',(#12152),#12156,.T.);
#12158=POLY_LOOP('',(#829,#875,#830));
#12159=FACE_OUTER_BOUND('',#12158,.T.);
#12160=DIRECTION('',(1.0179642930721107e-05,0.012168177848317342,0.9999259649315176));
#12161=DIRECTION('',(-0.9999872747108549,0.005044580669920602,-5.120763253053753e-05));
#12162=AXIS2_PLACEMENT_3D('',#829,#12160,#12161);
#12163=PLANE('',#12162);
#12164=FACE_SURFACE('',(#12159),#12163,.T.);
#12165=POLY_LOOP('',(#830,#875,#874));
#12166=FACE_OUTER_BOUND('',#12165,.T.);
#12167=DIRECTION('',(-0.0005850000455710664,-0.01092308280808459,0.9999401702286563));
#12168=DIRECTION('',(-0.9996679461840777,0.025766360534583404,-0.00030337585519945036));
#12169=AXIS2_PLACEMENT_3D('',#830,#12167,#12168);
#12170=PLANE('',#12169);
#12171=FACE_SURFACE('',(#12166),#12170,.T.);
#12172=POLY_LOOP('',(#830,#874,#831));
#12173=FACE_OUTER_BOUND('',#12172,.T.);
#12174=DIRECTION('',(-0.0011994771026115098,-0.2296325889433501,0.973276648928687));
#12175=DIRECTION('',(-0.9999957080792077,0.002877037570255555,-0.0005536045372082113));
#12176=AXIS2_PLACEMENT_3D('',#830,#12174,#12175);
#12177=PLANE('',#12176);
#12178=FACE_SURFACE('',(#12173),#12177,.T.);
#12179=POLY_LOOP('',(#818,#810,#882));
#12180=FACE_OUTER_BOUND('',#12179,.T.);
#12181=DIRECTION('',(0.004824411248819697,0.9751527863108894,0.2214808533625672));
#12182=DIRECTION('',(-0.09521707525091025,0.22092506747483545,-0.9706316619304678));
#12183=AXIS2_PLACEMENT_3D('',#818,#12181,#12182);
#12184=PLANE('',#12183);
#12185=FACE_SURFACE('',(#12180),#12184,.T.);
#12186=POLY_LOOP('',(#831,#874,#879));
#12187=FACE_OUTER_BOUND('',#12186,.T.);
#12188=DIRECTION('',(-0.002414852284146943,-0.5117537568862743,0.8591287801029772));
#12189=DIRECTION('',(-0.999990354451792,0.004387724622850018,-0.00019717001172584258));
#12190=AXIS2_PLACEMENT_3D('',#831,#12188,#12189);
#12191=PLANE('',#12190);
#12192=FACE_SURFACE('',(#12187),#12191,.T.);
#12193=POLY_LOOP('',(#835,#879,#834));
#12194=FACE_OUTER_BOUND('',#12193,.T.);
#12195=DIRECTION('',(-0.0034471301231259297,-0.7082265903635486,0.7059767800685348));
#12196=DIRECTION('',(-0.9999937151418306,0.003026509501679791,-0.0018465960781286557));
#12197=AXIS2_PLACEMENT_3D('',#835,#12195,#12196);
#12198=PLANE('',#12197);
#12199=FACE_SURFACE('',(#12194),#12198,.T.);
#12200=POLY_LOOP('',(#834,#879,#878));
#12201=FACE_OUTER_BOUND('',#12200,.T.);
#12202=DIRECTION('',(-0.004264508085901933,-0.8373546536128591,0.5466433920241548));
#12203=DIRECTION('',(-0.999984545255406,0.005520807358442338,0.0006556953939311924));
#12204=AXIS2_PLACEMENT_3D('',#834,#12202,#12203);
#12205=PLANE('',#12204);
#12206=FACE_SURFACE('',(#12201),#12205,.T.);
#12207=POLY_LOOP('',(#834,#878,#832));
#12208=FACE_OUTER_BOUND('',#12207,.T.);
#12209=DIRECTION('',(-0.003623644575412904,-0.8632313590996342,0.5047954931127944));
#12210=DIRECTION('',(-0.999907400714932,-0.003493761853762033,-0.013152323886587927));
#12211=AXIS2_PLACEMENT_3D('',#834,#12209,#12210);
#12212=PLANE('',#12211);
#12213=FACE_SURFACE('',(#12208),#12212,.T.);
#12214=POLY_LOOP('',(#832,#878,#877));
#12215=FACE_OUTER_BOUND('',#12214,.T.);
#12216=DIRECTION('',(-0.005127744972065757,-0.98661830635752,0.16296632717135173));
#12217=DIRECTION('',(-0.9999815349872171,0.005590658688154524,0.0023820621405580295));
#12218=AXIS2_PLACEMENT_3D('',#832,#12216,#12217);
#12219=PLANE('',#12218);
#12220=FACE_SURFACE('',(#12215),#12219,.T.);
#12221=POLY_LOOP('',(#832,#877,#833));
#12222=FACE_OUTER_BOUND('',#12221,.T.);
#12223=DIRECTION('',(-0.0049415867009446985,-0.9888925076269018,0.14855029141760384));
#12224=DIRECTION('',(-0.999905982412667,0.0029862200142234557,-0.013383154537917044));
#12225=AXIS2_PLACEMENT_3D('',#832,#12223,#12224);
#12226=PLANE('',#12225);
#12227=FACE_SURFACE('',(#12222),#12226,.T.);
#12228=POLY_LOOP('',(#877,#882,#833));
#12229=FACE_OUTER_BOUND('',#12228,.T.);
#12230=DIRECTION('',(-1.5039182550131157e-05,0.002844708123819458,0.9999959536965705));
#12231=DIRECTION('',(-0.6754825258327856,-0.7373730397850828,0.002087460818046518));
#12232=AXIS2_PLACEMENT_3D('',#877,#12230,#12231);
#12233=PLANE('',#12232);
#12234=FACE_SURFACE('',(#12229),#12233,.T.);
#12235=POLY_LOOP('',(#831,#879,#835));
#12236=FACE_OUTER_BOUND('',#12235,.T.);
#12237=DIRECTION('',(-0.0030775025173949457,-0.48238865609698084,0.8759518899158812));
#12238=DIRECTION('',(-0.9998045881004313,-0.015620841933238714,-0.012115069567438899));
#12239=AXIS2_PLACEMENT_3D('',#831,#12237,#12238);
#12240=PLANE('',#12239);
#12241=FACE_SURFACE('',(#12236),#12240,.T.);
#12242=POLY_LOOP('',(#947,#260,#946));
#12243=FACE_OUTER_BOUND('',#12242,.T.);
#12244=DIRECTION('',(-0.0016532999813786693,-0.3382094396988743,0.9410694137510501));
#12245=DIRECTION('',(-0.9999877782947136,0.004943972222194206,1.999671825114943e-05));
#12246=AXIS2_PLACEMENT_3D('',#947,#12244,#12245);
#12247=PLANE('',#12246);
#12248=FACE_SURFACE('',(#12243),#12247,.T.);
#12249=POLY_LOOP('',(#856,#171,#857));
#12250=FACE_OUTER_BOUND('',#12249,.T.);
#12251=DIRECTION('',(-0.003714267273547142,-0.7355877190063302,0.6774193028440249));
#12252=DIRECTION('',(-0.9999873758245286,0.005024686645144412,-2.6752405616284488e-05));
#12253=AXIS2_PLACEMENT_3D('',#856,#12251,#12252);
#12254=PLANE('',#12253);
#12255=FACE_SURFACE('',(#12250),#12254,.T.);
#12256=POLY_LOOP('',(#857,#170,#858));
#12257=FACE_OUTER_BOUND('',#12256,.T.);
#12258=DIRECTION('',(-0.0042391070728915485,-0.8864997074937441,0.4627097346984727));
#12259=DIRECTION('',(-0.9999806809171314,0.0016543619998883698,-0.005991734213345618));
#12260=AXIS2_PLACEMENT_3D('',#857,#12258,#12259);
#12261=PLANE('',#12260);
#12262=FACE_SURFACE('',(#12257),#12261,.T.);
#12263=POLY_LOOP('',(#1028,#287,#286));
#12264=FACE_OUTER_BOUND('',#12263,.T.);
#12265=DIRECTION('',(-0.002539707630656163,-0.4387688018107249,0.8985963990817745));
#12266=DIRECTION('',(-0.9999645317323118,0.008330326261396329,0.0012413467513547238));
#12267=AXIS2_PLACEMENT_3D('',#1028,#12265,#12266);
#12268=PLANE('',#12267);
#12269=FACE_SURFACE('',(#12264),#12268,.T.);
#12270=POLY_LOOP('',(#1028,#286,#1029));
#12271=FACE_OUTER_BOUND('',#12270,.T.);
#12272=DIRECTION('',(-0.00248014747132072,-0.5681136103843383,0.8229463983544693));
#12273=DIRECTION('',(-0.9999967533493784,0.0009276292907920895,-0.0023733509224460494));
#12274=AXIS2_PLACEMENT_3D('',#1028,#12272,#12273);
#12275=PLANE('',#12274);
#12276=FACE_SURFACE('',(#12271),#12275,.T.);
#12277=POLY_LOOP('',(#1029,#286,#285));
#12278=FACE_OUTER_BOUND('',#12277,.T.);
#12279=DIRECTION('',(-0.00330687749750524,-0.6493251837679765,0.7605036951165325));
#12280=DIRECTION('',(-0.9999632401039042,0.008163549743206584,0.0026220023820779127));
#12281=AXIS2_PLACEMENT_3D('',#1029,#12279,#12280);
#12282=PLANE('',#12281);
#12283=FACE_SURFACE('',(#12278),#12282,.T.);
#12284=POLY_LOOP('',(#1029,#285,#1030));
#12285=FACE_OUTER_BOUND('',#12284,.T.);
#12286=DIRECTION('',(-0.0037737037811594407,-0.7430119114508225,0.6692675538243037));
#12287=DIRECTION('',(-0.9999873345967315,0.005032695003373642,-5.125551250403105e-05));
#12288=AXIS2_PLACEMENT_3D('',#1029,#12286,#12287);
#12289=PLANE('',#12288);
#12290=FACE_SURFACE('',(#12285),#12289,.T.);
#12291=POLY_LOOP('',(#1030,#285,#279));
#12292=FACE_OUTER_BOUND('',#12291,.T.);
#12293=DIRECTION('',(-0.004465417958705953,-0.803469130542946,0.5953296702727124));
#12294=DIRECTION('',(-0.9999652695832799,0.007777203564190057,0.0029957856998440563));
#12295=AXIS2_PLACEMENT_3D('',#1030,#12293,#12294);
#12296=PLANE('',#12295);
#12297=FACE_SURFACE('',(#12292),#12296,.T.);
#12298=POLY_LOOP('',(#1030,#279,#948));
#12299=FACE_OUTER_BOUND('',#12298,.T.);
#12300=DIRECTION('',(-0.00416347691581834,-0.8809908933905939,0.4731149027697335));
#12301=DIRECTION('',(-0.9999884674558189,0.0025354309148584975,-0.004078792154354842));
#12302=AXIS2_PLACEMENT_3D('',#1030,#12300,#12301);
#12303=PLANE('',#12302);
#12304=FACE_SURFACE('',(#12299),#12303,.T.);
#12305=POLY_LOOP('',(#1035,#287,#1028));
#12306=FACE_OUTER_BOUND('',#12305,.T.);
#12307=DIRECTION('',(-0.0016535360987212518,-0.3386966246782077,0.9408941822808555));
#12308=DIRECTION('',(-0.9999877951859767,0.004940550053115192,2.1077513068573126e-05));
#12309=AXIS2_PLACEMENT_3D('',#1035,#12307,#12308);
#12310=PLANE('',#12309);
#12311=FACE_SURFACE('',(#12306),#12310,.T.);
#12312=POLY_LOOP('',(#948,#279,#949));
#12313=FACE_OUTER_BOUND('',#12312,.T.);
#12314=DIRECTION('',(-0.005434271200017906,-0.9684206873953948,0.24926259430800213));
#12315=DIRECTION('',(-0.9999743357230955,0.006426443158838861,0.0031668159845825937));
#12316=AXIS2_PLACEMENT_3D('',#948,#12314,#12315);
#12317=PLANE('',#12316);
#12318=FACE_SURFACE('',(#12313),#12317,.T.);
#12319=POLY_LOOP('',(#949,#278,#951));
#12320=FACE_OUTER_BOUND('',#12319,.T.);
#12321=DIRECTION('',(-0.005027087668691848,-0.9962756356178509,0.08607895366358817));
#12322=DIRECTION('',(-0.9999757512137079,0.0045935217857114834,-0.0052341706300704));
#12323=AXIS2_PLACEMENT_3D('',#949,#12321,#12322);
#12324=PLANE('',#12323);
#12325=FACE_SURFACE('',(#12320),#12324,.T.);
#12326=POLY_LOOP('',(#278,#262,#951));
#12327=FACE_OUTER_BOUND('',#12326,.T.);
#12328=DIRECTION('',(-0.0003517539956226032,-0.013456491664525472,0.9999093954460119));
#12329=DIRECTION('',(-0.17939731304028456,-0.9836867794047621,-0.013301281825937277));
#12330=AXIS2_PLACEMENT_3D('',#278,#12328,#12329);
#12331=PLANE('',#12330);
#12332=FACE_SURFACE('',(#12327),#12331,.T.);
#12333=POLY_LOOP('',(#951,#262,#952));
#12334=FACE_OUTER_BOUND('',#12333,.T.);
#12335=DIRECTION('',(-0.00043631202024815803,-0.005357778823040567,0.9999855518145772));
#12336=DIRECTION('',(-0.9999454252177186,-0.010435723157411014,-0.000492207616657449));
#12337=AXIS2_PLACEMENT_3D('',#951,#12335,#12336);
#12338=PLANE('',#12337);
#12339=FACE_SURFACE('',(#12334),#12338,.T.);
#12340=POLY_LOOP('',(#954,#952,#262));
#12341=FACE_OUTER_BOUND('',#12340,.T.);
#12342=DIRECTION('',(0.004719497794187036,0.9614079397358879,0.2750863496311041));
#12343=DIRECTION('',(-0.027743681567919537,0.2751094066884468,-0.9610125402327425));
#12344=AXIS2_PLACEMENT_3D('',#954,#12342,#12343);
#12345=PLANE('',#12344);
#12346=FACE_SURFACE('',(#12341),#12345,.T.);
#12347=POLY_LOOP('',(#262,#261,#954));
#12348=FACE_OUTER_BOUND('',#12347,.T.);
#12349=DIRECTION('',(0.006519380715816953,0.9900925836922323,0.14026465482338127));
#12350=DIRECTION('',(-0.0057028513976275785,-0.14022854238618127,0.9901027388034959));
#12351=AXIS2_PLACEMENT_3D('',#262,#12349,#12350);
#12352=PLANE('',#12351);
#12353=FACE_SURFACE('',(#12348),#12352,.T.);
#12354=POLY_LOOP('',(#954,#261,#239));
#12355=FACE_OUTER_BOUND('',#12354,.T.);
#12356=DIRECTION('',(0.005232394243261243,0.9554346202625973,0.29515641354059957));
#12357=DIRECTION('',(-0.9999497550646217,0.007522871756632218,-0.006625235598556706));
#12358=AXIS2_PLACEMENT_3D('',#954,#12356,#12357);
#12359=PLANE('',#12358);
#12360=FACE_SURFACE('',(#12355),#12359,.T.);
#12361=POLY_LOOP('',(#949,#279,#278));
#12362=FACE_OUTER_BOUND('',#12361,.T.);
#12363=DIRECTION('',(-0.00564090270906392,-0.9750326914500868,0.22198970881603244));
#12364=DIRECTION('',(-0.9999575571689574,0.007117143700683206,0.005850651778669594));
#12365=AXIS2_PLACEMENT_3D('',#949,#12363,#12364);
#12366=PLANE('',#12365);
#12367=FACE_SURFACE('',(#12362),#12366,.T.);
#12368=POLY_LOOP('',(#954,#239,#955));
#12369=FACE_OUTER_BOUND('',#12368,.T.);
#12370=DIRECTION('',(0.0027555363174390827,0.7792120198319105,0.6267543658955058));
#12371=DIRECTION('',(-0.9999699802474494,0.006686047750788641,-0.003916040013789283));
#12372=AXIS2_PLACEMENT_3D('',#954,#12370,#12371);
#12373=PLANE('',#12372);
#12374=FACE_SURFACE('',(#12369),#12373,.T.);
#12375=POLY_LOOP('',(#1035,#280,#287));
#12376=FACE_OUTER_BOUND('',#12375,.T.);
#12377=DIRECTION('',(-0.0009838031866608542,-0.20330296951236737,0.9791153837616603));
#12378=DIRECTION('',(-0.9999664943806413,0.00815692771907641,0.0006889457717114378));
#12379=AXIS2_PLACEMENT_3D('',#1035,#12377,#12378);
#12380=PLANE('',#12379);
#12381=FACE_SURFACE('',(#12376),#12380,.T.);
#12382=POLY_LOOP('',(#1041,#281,#280));
#12383=FACE_OUTER_BOUND('',#12382,.T.);
#12384=DIRECTION('',(-0.00011434994368643063,0.05124658938662915,0.9986860237333497));
#12385=DIRECTION('',(-0.9999614407507695,0.008763487100276175,-0.0005641856860627973));
#12386=AXIS2_PLACEMENT_3D('',#1041,#12384,#12385);
#12387=PLANE('',#12386);
#12388=FACE_SURFACE('',(#12383),#12387,.T.);
#12389=POLY_LOOP('',(#1032,#273,#1034));
#12390=FACE_OUTER_BOUND('',#12389,.T.);
#12391=DIRECTION('',(-0.005028716257790358,-0.9962511557251308,0.08636172027663513));
#12392=DIRECTION('',(-0.9999750538468891,0.004581482877516364,-0.005376029999366235));
#12393=AXIS2_PLACEMENT_3D('',#1032,#12391,#12392);
#12394=PLANE('',#12393);
#12395=FACE_SURFACE('',(#12390),#12394,.T.);
#12396=POLY_LOOP('',(#273,#274,#1034));
#12397=FACE_OUTER_BOUND('',#12396,.T.);
#12398=DIRECTION('',(-0.0003585128719453111,-0.013460639332491019,0.9999093372187706));
#12399=DIRECTION('',(-0.2016830027921679,-0.9793611366453141,-0.01325633484538059));
#12400=AXIS2_PLACEMENT_3D('',#273,#12398,#12399);
#12401=PLANE('',#12400);
#12402=FACE_SURFACE('',(#12397),#12401,.T.);
#12403=POLY_LOOP('',(#1034,#274,#1036));
#12404=FACE_OUTER_BOUND('',#12403,.T.);
#12405=DIRECTION('',(-0.0004452517449587783,-0.005449660867892795,0.9999850513619233));
#12406=DIRECTION('',(-0.9999413122443845,-0.010822099580524895,-0.0005042099239772766));
#12407=AXIS2_PLACEMENT_3D('',#1034,#12405,#12406);
#12408=PLANE('',#12407);
#12409=FACE_SURFACE('',(#12404),#12408,.T.);
#12410=POLY_LOOP('',(#1037,#1036,#274));
#12411=FACE_OUTER_BOUND('',#12410,.T.);
#12412=DIRECTION('',(0.004719971850556413,0.9616587290407301,0.2742083345296013));
#12413=DIRECTION('',(-0.03144815135939358,0.2742185032042328,-0.9611530711996434));
#12414=AXIS2_PLACEMENT_3D('',#1037,#12412,#12413);
#12415=PLANE('',#12414);
#12416=FACE_SURFACE('',(#12411),#12415,.T.);
#12417=POLY_LOOP('',(#274,#289,#1037));
#12418=FACE_OUTER_BOUND('',#12417,.T.);
#12419=DIRECTION('',(0.006539036527325325,0.9900633085827054,0.14047023172032128));
#12420=DIRECTION('',(-0.006410273588322663,-0.1404288464399652,0.9900700215035618));
#12421=AXIS2_PLACEMENT_3D('',#274,#12419,#12420);
#12422=PLANE('',#12421);
#12423=FACE_SURFACE('',(#12418),#12422,.T.);
#12424=POLY_LOOP('',(#1037,#289,#288));
#12425=FACE_OUTER_BOUND('',#12424,.T.);
#12426=DIRECTION('',(0.005233559411163955,0.9554227236582993,0.2951948999783819));
#12427=DIRECTION('',(-0.9999486711423086,0.007561186212711288,-0.006744148855702709));
#12428=AXIS2_PLACEMENT_3D('',#1037,#12426,#12427);
#12429=PLANE('',#12428);
#12430=FACE_SURFACE('',(#12425),#12429,.T.);
#12431=POLY_LOOP('',(#1041,#280,#1035));
#12432=FACE_OUTER_BOUND('',#12431,.T.);
#12433=DIRECTION('',(-5.070537358512156e-05,-0.09033215076042786,0.9959116928563297));
#12434=DIRECTION('',(-0.9999998955754675,-0.000447741255560418,-9.152498112333439e-05));
#12435=AXIS2_PLACEMENT_3D('',#1041,#12433,#12434);
#12436=PLANE('',#12435);
#12437=FACE_SURFACE('',(#12432),#12436,.T.);
#12438=POLY_LOOP('',(#1037,#288,#1038));
#12439=FACE_OUTER_BOUND('',#12438,.T.);
#12440=DIRECTION('',(0.0027413620011984842,0.7796881944261043,0.6261619633984006));
#12441=DIRECTION('',(-0.9999696456640669,0.00670419988468265,-0.003970069821380779));
#12442=AXIS2_PLACEMENT_3D('',#1037,#12440,#12441);
#12443=PLANE('',#12442);
#12444=FACE_SURFACE('',(#12439),#12443,.T.);
#12445=POLY_LOOP('',(#1038,#284,#283));
#12446=FACE_OUTER_BOUND('',#12445,.T.);
#12447=DIRECTION('',(0.003449336399088996,0.7198249569552503,0.6941470546093084));
#12448=DIRECTION('',(-0.9999759255673356,0.006662277614251291,-0.0019396759370938466));
#12449=AXIS2_PLACEMENT_3D('',#1038,#12447,#12448);
#12450=PLANE('',#12449);
#12451=FACE_SURFACE('',(#12446),#12450,.T.);
#12452=POLY_LOOP('',(#1038,#283,#1039));
#12453=FACE_OUTER_BOUND('',#12452,.T.);
#12454=DIRECTION('',(0.00292722738429718,0.6174315268082722,0.7866191842582066));
#12455=DIRECTION('',(-0.9999877329081778,0.004950452831291536,-0.00016446862328764098));
#12456=AXIS2_PLACEMENT_3D('',#1038,#12454,#12455);
#12457=PLANE('',#12456);
#12458=FACE_SURFACE('',(#12453),#12457,.T.);
#12459=POLY_LOOP('',(#1039,#283,#282));
#12460=FACE_OUTER_BOUND('',#12459,.T.);
#12461=DIRECTION('',(0.0021377298633128514,0.5470852440649224,0.8370741698544136));
#12462=DIRECTION('',(-0.9999552043787918,0.008887829445347321,-0.0032551072976167617));
#12463=AXIS2_PLACEMENT_3D('',#1039,#12461,#12462);
#12464=PLANE('',#12463);
#12465=FACE_SURFACE('',(#12460),#12464,.T.);
#12466=POLY_LOOP('',(#1039,#282,#1040));
#12467=FACE_OUTER_BOUND('',#12466,.T.);
#12468=DIRECTION('',(0.002249050010508589,0.3957313852759083,0.9183635513682262));
#12469=DIRECTION('',(-0.9999973667116108,0.0004708353953358043,0.0022460818940440237));
#12470=AXIS2_PLACEMENT_3D('',#1039,#12468,#12469);
#12471=PLANE('',#12470);
#12472=FACE_SURFACE('',(#12467),#12471,.T.);
#12473=POLY_LOOP('',(#1040,#282,#281));
#12474=FACE_OUTER_BOUND('',#12473,.T.);
#12475=DIRECTION('',(0.0015530975018388834,0.30402881300491863,0.9526615709426774));
#12476=DIRECTION('',(-0.9999729253800064,0.007324496961172762,-0.0007072843968950479));
#12477=AXIS2_PLACEMENT_3D('',#1040,#12475,#12476);
#12478=PLANE('',#12477);
#12479=FACE_SURFACE('',(#12474),#12478,.T.);
#12480=POLY_LOOP('',(#1040,#281,#1041));
#12481=FACE_OUTER_BOUND('',#12480,.T.);
#12482=DIRECTION('',(0.0008282413821799751,0.15807649845650865,0.987426521140658));
#12483=DIRECTION('',(-0.9999876169566414,0.004976360085160771,4.211508180076186e-05));
#12484=AXIS2_PLACEMENT_3D('',#1040,#12482,#12483);
#12485=PLANE('',#12484);
#12486=FACE_SURFACE('',(#12481),#12485,.T.);
#12487=POLY_LOOP('',(#288,#284,#1038));
#12488=FACE_OUTER_BOUND('',#12487,.T.);
#12489=DIRECTION('',(0.00465997828833931,0.851904948164619,0.5236757048928181));
#12490=DIRECTION('',(-0.086330282883046,-0.521383495078958,0.8489442462945275));
#12491=AXIS2_PLACEMENT_3D('',#288,#12489,#12490);
#12492=PLANE('',#12491);
#12493=FACE_SURFACE('',(#12488),#12492,.T.);
#12494=POLY_LOOP('',(#1032,#268,#273));
#12495=FACE_OUTER_BOUND('',#12494,.T.);
#12496=DIRECTION('',(-0.005490673065389786,-0.9829871567476802,0.18359221709647813));
#12497=DIRECTION('',(-0.9999704219466207,0.006386100284277339,0.004286368516182922));
#12498=AXIS2_PLACEMENT_3D('',#1032,#12496,#12497);
#12499=PLANE('',#12498);
#12500=FACE_SURFACE('',(#12495),#12499,.T.);
#12501=POLY_LOOP('',(#239,#238,#955));
#12502=FACE_OUTER_BOUND('',#12501,.T.);
#12503=DIRECTION('',(0.004635978684625254,0.8514735531048525,0.5243770552423452));
#12504=DIRECTION('',(-0.07666840183264459,-0.5225365651045341,0.8491628196577987));
#12505=AXIS2_PLACEMENT_3D('',#239,#12503,#12504);
#12506=PLANE('',#12505);
#12507=FACE_SURFACE('',(#12502),#12506,.T.);
#12508=POLY_LOOP('',(#955,#237,#956));
#12509=FACE_OUTER_BOUND('',#12508,.T.);
#12510=DIRECTION('',(0.002927399380101414,0.6163232186338394,0.7874878541956657));
#12511=DIRECTION('',(-0.9999877682910298,0.004943704981199362,-0.00015182023741419176));
#12512=AXIS2_PLACEMENT_3D('',#955,#12510,#12511);
#12513=PLANE('',#12512);
#12514=FACE_SURFACE('',(#12509),#12513,.T.);
#12515=POLY_LOOP('',(#961,#246,#945));
#12516=FACE_OUTER_BOUND('',#12515,.T.);
#12517=DIRECTION('',(-0.0004290270301754732,-0.005407315675273191,0.999985288328281));
#12518=DIRECTION('',(-0.999948774786504,-0.01011008684664371,-0.0004836806000086909));
#12519=AXIS2_PLACEMENT_3D('',#961,#12517,#12518);
#12520=PLANE('',#12519);
#12521=FACE_SURFACE('',(#12516),#12520,.T.);
#12522=POLY_LOOP('',(#939,#945,#246));
#12523=FACE_OUTER_BOUND('',#12522,.T.);
#12524=DIRECTION('',(0.00471957599845819,0.9612116396317119,0.27577148046690947));
#12525=DIRECTION('',(-0.02435990185726065,0.27580322633446297,-0.960905393639252));
#12526=AXIS2_PLACEMENT_3D('',#939,#12524,#12525);
#12527=PLANE('',#12526);
#12528=FACE_SURFACE('',(#12523),#12527,.T.);
#12529=POLY_LOOP('',(#246,#244,#939));
#12530=FACE_OUTER_BOUND('',#12529,.T.);
#12531=DIRECTION('',(0.006499997650312852,0.9900981304949431,0.14022639559285602));
#12532=DIRECTION('',(-0.005106984525238401,-0.14019466111696496,0.9901107896106165));
#12533=AXIS2_PLACEMENT_3D('',#246,#12531,#12532);
#12534=PLANE('',#12533);
#12535=FACE_SURFACE('',(#12530),#12534,.T.);
#12536=POLY_LOOP('',(#939,#244,#243));
#12537=FACE_OUTER_BOUND('',#12536,.T.);
#12538=DIRECTION('',(0.005231039528510807,0.9554765853240768,0.29502056050874415));
#12539=DIRECTION('',(-0.9999506893461942,0.007488443532784047,-0.0065224297257345295));
#12540=AXIS2_PLACEMENT_3D('',#939,#12538,#12539);
#12541=PLANE('',#12540);
#12542=FACE_SURFACE('',(#12537),#12541,.T.);
#12543=POLY_LOOP('',(#939,#243,#940));
#12544=FACE_OUTER_BOUND('',#12543,.T.);
#12545=DIRECTION('',(0.002766965593210572,0.7787827038972158,0.6272876883950038));
#12546=DIRECTION('',(-0.9999702748368081,0.006669290449052037,-0.0038691094200999873));
#12547=AXIS2_PLACEMENT_3D('',#939,#12545,#12546);
#12548=PLANE('',#12547);
#12549=FACE_SURFACE('',(#12544),#12548,.T.);
#12550=POLY_LOOP('',(#243,#255,#940));
#12551=FACE_OUTER_BOUND('',#12550,.T.);
#12552=DIRECTION('',(0.004618589572592636,0.8512008474297458,0.5248197652196822));
#12553=DIRECTION('',(-0.06795734015463346,-0.5233448906750024,0.8494068079097772));
#12554=AXIS2_PLACEMENT_3D('',#243,#12552,#12553);
#12555=PLANE('',#12554);
#12556=FACE_SURFACE('',(#12551),#12555,.T.);
#12557=POLY_LOOP('',(#248,#246,#961));
#12558=FACE_OUTER_BOUND('',#12557,.T.);
#12559=DIRECTION('',(-0.0003471710128290254,-0.013499712562518201,0.9999088144591073));
#12560=DIRECTION('',(-0.15915788766816538,-0.9871624310102651,-0.013382884401769648));
#12561=AXIS2_PLACEMENT_3D('',#248,#12559,#12560);
#12562=PLANE('',#12561);
#12563=FACE_SURFACE('',(#12558),#12562,.T.);
#12564=POLY_LOOP('',(#940,#255,#254));
#12565=FACE_OUTER_BOUND('',#12564,.T.);
#12566=DIRECTION('',(0.0034524031940282827,0.7191013923324464,0.6948965883192426));
#12567=DIRECTION('',(-0.9999770995035793,0.006527483133133916,-0.0017867379089958365));
#12568=AXIS2_PLACEMENT_3D('',#940,#12566,#12567);
#12569=PLANE('',#12568);
#12570=FACE_SURFACE('',(#12565),#12569,.T.);
#12571=POLY_LOOP('',(#941,#254,#253));
#12572=FACE_OUTER_BOUND('',#12571,.T.);
#12573=DIRECTION('',(0.002155101511179268,0.5457797380935046,0.837925911417031));
#12574=DIRECTION('',(-0.9999561270166648,0.008814646430724597,-0.0031695504622953857));
#12575=AXIS2_PLACEMENT_3D('',#941,#12573,#12574);
#12576=PLANE('',#12575);
#12577=FACE_SURFACE('',(#12572),#12576,.T.);
#12578=POLY_LOOP('',(#941,#253,#942));
#12579=FACE_OUTER_BOUND('',#12578,.T.);
#12580=DIRECTION('',(0.002216446218336661,0.3930803134405269,0.9195014706631298));
#12581=DIRECTION('',(-0.9999975303802124,0.0007212776365939899,0.0021021398733524835));
#12582=AXIS2_PLACEMENT_3D('',#941,#12580,#12581);
#12583=PLANE('',#12582);
#12584=FACE_SURFACE('',(#12579),#12583,.T.);
#12585=POLY_LOOP('',(#942,#253,#252));
#12586=FACE_OUTER_BOUND('',#12585,.T.);
#12587=DIRECTION('',(0.001544080624248851,0.30253829287143535,0.9531359804148951));
#12588=DIRECTION('',(-0.9999739997865167,0.0071808779892759715,-0.0006593498758666855));
#12589=AXIS2_PLACEMENT_3D('',#942,#12587,#12588);
#12590=PLANE('',#12589);
#12591=FACE_SURFACE('',(#12586),#12590,.T.);
#12592=POLY_LOOP('',(#942,#252,#944));
#12593=FACE_OUTER_BOUND('',#12592,.T.);
#12594=DIRECTION('',(0.0008200616933275841,0.15661904519082545,0.9876587478387124));
#12595=DIRECTION('',(-0.9999876404742747,0.004971633706713777,4.191633361274442e-05));
#12596=AXIS2_PLACEMENT_3D('',#942,#12594,#12595);
#12597=PLANE('',#12596);
#12598=FACE_SURFACE('',(#12593),#12597,.T.);
#12599=POLY_LOOP('',(#944,#252,#251));
#12600=FACE_OUTER_BOUND('',#12599,.T.);
#12601=DIRECTION('',(-0.00010087347712489093,0.051000506849829826,0.998698622270804));
#12602=DIRECTION('',(-0.999962333753673,0.00866232267976175,-0.0005433596408998902));
#12603=AXIS2_PLACEMENT_3D('',#944,#12601,#12602);
#12604=PLANE('',#12603);
#12605=FACE_SURFACE('',(#12600),#12604,.T.);
#12606=POLY_LOOP('',(#944,#251,#947));
#12607=FACE_OUTER_BOUND('',#12606,.T.);
#12608=DIRECTION('',(-7.833409878046052e-05,-0.09162875359415552,0.9957932342502385));
#12609=DIRECTION('',(-0.9999999834838486,-0.00015613265268932933,-9.303170041891949e-05));
#12610=AXIS2_PLACEMENT_3D('',#944,#12608,#12609);
#12611=PLANE('',#12610);
#12612=FACE_SURFACE('',(#12607),#12611,.T.);
#12613=POLY_LOOP('',(#940,#254,#941));
#12614=FACE_OUTER_BOUND('',#12613,.T.);
#12615=DIRECTION('',(0.0029252419722751895,0.6152981429813866,0.7882890575182817));
#12616=DIRECTION('',(-0.9999877642150762,0.004944624445229505,-0.00014869172434731968));
#12617=AXIS2_PLACEMENT_3D('',#940,#12615,#12616);
#12618=PLANE('',#12617);
#12619=FACE_SURFACE('',(#12614),#12618,.T.);
#12620=POLY_LOOP('',(#955,#238,#237));
#12621=FACE_OUTER_BOUND('',#12620,.T.);
#12622=DIRECTION('',(0.003452448851912217,0.7196661610875891,0.6943116715009024));
#12623=DIRECTION('',(-0.9999765838337021,0.006587089491820392,-0.0018552725690732384));
#12624=AXIS2_PLACEMENT_3D('',#955,#12622,#12623);
#12625=PLANE('',#12624);
#12626=FACE_SURFACE('',(#12621),#12625,.T.);
#12627=POLY_LOOP('',(#960,#248,#961));
#12628=FACE_OUTER_BOUND('',#12627,.T.);
#12629=DIRECTION('',(-0.005026059515800475,-0.9962915303960919,0.08589484959388866));
#12630=DIRECTION('',(-0.9999763298395556,0.004603817728134203,-0.005113181293341448));
#12631=AXIS2_PLACEMENT_3D('',#960,#12629,#12630);
#12632=PLANE('',#12631);
#12633=FACE_SURFACE('',(#12628),#12632,.T.);
#12634=POLY_LOOP('',(#959,#249,#960));
#12635=FACE_OUTER_BOUND('',#12634,.T.);
#12636=DIRECTION('',(-0.00542873417276579,-0.9684703038485256,0.24906986852854401));
#12637=DIRECTION('',(-0.9999745648619931,0.006409782488375868,0.003127989373263538));
#12638=AXIS2_PLACEMENT_3D('',#959,#12636,#12637);
#12639=PLANE('',#12638);
#12640=FACE_SURFACE('',(#12635),#12639,.T.);
#12641=POLY_LOOP('',(#956,#237,#236));
#12642=FACE_OUTER_BOUND('',#12641,.T.);
#12643=DIRECTION('',(0.0021456273399344306,0.5461547856033824,0.8376815304433072));
#12644=DIRECTION('',(-0.9999557229899272,0.00884695047597071,-0.003206793876731223));
#12645=AXIS2_PLACEMENT_3D('',#956,#12643,#12644);
#12646=PLANE('',#12645);
#12647=FACE_SURFACE('',(#12642),#12646,.T.);
#12648=POLY_LOOP('',(#956,#236,#957));
#12649=FACE_OUTER_BOUND('',#12648,.T.);
#12650=DIRECTION('',(0.0022294866691100245,0.3941707140338608,0.9190345355791742));
#12651=DIRECTION('',(-0.9999974710639196,0.0006073259954901695,0.0021654147178842504));
#12652=AXIS2_PLACEMENT_3D('',#956,#12650,#12651);
#12653=PLANE('',#12652);
#12654=FACE_SURFACE('',(#12649),#12653,.T.);
#12655=POLY_LOOP('',(#957,#236,#234));
#12656=FACE_OUTER_BOUND('',#12655,.T.);
#12657=DIRECTION('',(0.0015499292427605062,0.30355100784358646,0.9528139290315215));
#12658=DIRECTION('',(-0.9999735239537979,0.0072447942694407455,-0.0006814304194795554));
#12659=AXIS2_PLACEMENT_3D('',#957,#12657,#12658);
#12660=PLANE('',#12659);
#12661=FACE_SURFACE('',(#12656),#12660,.T.);
#12662=POLY_LOOP('',(#957,#234,#958));
#12663=FACE_OUTER_BOUND('',#12662,.T.);
#12664=DIRECTION('',(0.0008237378769486837,0.1571508746111006,0.987574262556936));
#12665=DIRECTION('',(-0.9999876460486402,0.004970501845887971,4.3145097851491817e-05));
#12666=AXIS2_PLACEMENT_3D('',#957,#12664,#12665);
#12667=PLANE('',#12666);
#12668=FACE_SURFACE('',(#12663),#12667,.T.);
#12669=POLY_LOOP('',(#958,#234,#233));
#12670=FACE_OUTER_BOUND('',#12669,.T.);
#12671=DIRECTION('',(-0.00010595631433692473,0.05108460057023295,0.9986943237837286));
#12672=DIRECTION('',(-0.9999619406856929,0.00870706962744782,-0.000551469496373047));
#12673=AXIS2_PLACEMENT_3D('',#958,#12671,#12672);
#12674=PLANE('',#12673);
#12675=FACE_SURFACE('',(#12670),#12674,.T.);
#12676=POLY_LOOP('',(#958,#233,#994));
#12677=FACE_OUTER_BOUND('',#12676,.T.);
#12678=DIRECTION('',(-6.466934829941484e-05,-0.09095204439665833,0.9958552713311026));
#12679=DIRECTION('',(-0.9999999541123523,-0.0002888529435550444,-9.131960606751484e-05));
#12680=AXIS2_PLACEMENT_3D('',#958,#12678,#12679);
#12681=PLANE('',#12680);
#12682=FACE_SURFACE('',(#12677),#12681,.T.);
#12683=POLY_LOOP('',(#960,#249,#248));
#12684=FACE_OUTER_BOUND('',#12683,.T.);
#12685=DIRECTION('',(-0.00562662107752168,-0.9748901862084394,0.22261506231547898));
#12686=DIRECTION('',(-0.9999582994104418,0.007086623951445868,0.005760138986873758));
#12687=AXIS2_PLACEMENT_3D('',#960,#12685,#12686);
#12688=PLANE('',#12687);
#12689=FACE_SURFACE('',(#12684),#12688,.T.);
#12690=POLY_LOOP('',(#994,#233,#242));
#12691=FACE_OUTER_BOUND('',#12690,.T.);
#12692=DIRECTION('',(-0.0009840964415580205,-0.2032481822450825,0.9791267578655297));
#12693=DIRECTION('',(-0.9999670735759109,0.008086900914770337,0.0006736450279224316));
#12694=AXIS2_PLACEMENT_3D('',#994,#12692,#12693);
#12695=PLANE('',#12694);
#12696=FACE_SURFACE('',(#12691),#12695,.T.);
#12697=POLY_LOOP('',(#995,#242,#241));
#12698=FACE_OUTER_BOUND('',#12697,.T.);
#12699=DIRECTION('',(-0.0025247695013621303,-0.43785690202421723,0.8990411330349242));
#12700=DIRECTION('',(-0.9999651339359523,0.008261578531381021,0.0012154145887681407));
#12701=AXIS2_PLACEMENT_3D('',#995,#12699,#12700);
#12702=PLANE('',#12701);
#12703=FACE_SURFACE('',(#12698),#12702,.T.);
#12704=POLY_LOOP('',(#995,#241,#993));
#12705=FACE_OUTER_BOUND('',#12704,.T.);
#12706=DIRECTION('',(-0.0024881126067921506,-0.568191944362511,0.8228922916501314));
#12707=DIRECTION('',(-0.999996811389727,0.0010583504844324109,-0.0022928376808835963));
#12708=AXIS2_PLACEMENT_3D('',#995,#12706,#12707);
#12709=PLANE('',#12708);
#12710=FACE_SURFACE('',(#12705),#12709,.T.);
#12711=POLY_LOOP('',(#993,#241,#240));
#12712=FACE_OUTER_BOUND('',#12711,.T.);
#12713=DIRECTION('',(-0.0033026315991903678,-0.6486599156871788,0.7610712229517169));
#12714=DIRECTION('',(-0.9999635835469,0.008131312046221766,0.0025910122440561977));
#12715=AXIS2_PLACEMENT_3D('',#993,#12713,#12714);
#12716=PLANE('',#12715);
#12717=FACE_SURFACE('',(#12712),#12716,.T.);
#12718=POLY_LOOP('',(#993,#240,#962));
#12719=FACE_OUTER_BOUND('',#12718,.T.);
#12720=DIRECTION('',(-0.003770797457364262,-0.7425860925464665,0.6697400064525834));
#12721=DIRECTION('',(-0.9999873338411377,0.005032858777228347,-4.989811240551971e-05));
#12722=AXIS2_PLACEMENT_3D('',#993,#12720,#12721);
#12723=PLANE('',#12722);
#12724=FACE_SURFACE('',(#12719),#12723,.T.);
#12725=POLY_LOOP('',(#962,#240,#249));
#12726=FACE_OUTER_BOUND('',#12725,.T.);
#12727=DIRECTION('',(-0.0044509459015919925,-0.8032033466518523,0.5956883186766764));
#12728=DIRECTION('',(-0.9999662752594,0.007686479379867791,0.002892469288489493));
#12729=AXIS2_PLACEMENT_3D('',#962,#12727,#12728);
#12730=PLANE('',#12729);
#12731=FACE_SURFACE('',(#12726),#12730,.T.);
#12732=POLY_LOOP('',(#962,#249,#959));
#12733=FACE_OUTER_BOUND('',#12732,.T.);
#12734=DIRECTION('',(-0.004163038658762678,-0.8806532799049747,0.47374304185047));
#12735=DIRECTION('',(-0.9999886902475302,0.002576743764964334,-0.003997470274894577));
#12736=AXIS2_PLACEMENT_3D('',#962,#12734,#12735);
#12737=PLANE('',#12736);
#12738=FACE_SURFACE('',(#12733),#12737,.T.);
#12739=POLY_LOOP('',(#994,#242,#995));
#12740=FACE_OUTER_BOUND('',#12739,.T.);
#12741=DIRECTION('',(-0.001653969773420452,-0.3386184387481296,0.9409223226833168));
#12742=DIRECTION('',(-0.9999877855899469,0.004942492682149475,2.0904578331177166e-05));
#12743=AXIS2_PLACEMENT_3D('',#994,#12741,#12742);
#12744=PLANE('',#12743);
#12745=FACE_SURFACE('',(#12740),#12744,.T.);
#12746=POLY_LOOP('',(#857,#171,#170));
#12747=FACE_OUTER_BOUND('',#12746,.T.);
#12748=DIRECTION('',(-0.004784296110437408,-0.8202456659468573,0.5719913967938018));
#12749=DIRECTION('',(-0.9999596176047121,0.008275739155775659,0.00350361260180531));
#12750=AXIS2_PLACEMENT_3D('',#857,#12748,#12749);
#12751=PLANE('',#12750);
#12752=FACE_SURFACE('',(#12747),#12751,.T.);
#12753=POLY_LOOP('',(#1031,#268,#1032));
#12754=FACE_OUTER_BOUND('',#12753,.T.);
#12755=DIRECTION('',(-0.005114866964476642,-0.9683661683058499,0.24948106584785562));
#12756=DIRECTION('',(-0.9999826893715719,0.005678730658433125,0.0015404464636488732));
#12757=AXIS2_PLACEMENT_3D('',#1031,#12755,#12756);
#12758=PLANE('',#12757);
#12759=FACE_SURFACE('',(#12754),#12758,.T.);
#12760=POLY_LOOP('',(#1048,#269,#268));
#12761=FACE_OUTER_BOUND('',#12760,.T.);
#12762=DIRECTION('',(-0.004731622221928448,-0.8239186901304567,0.5666882774549528));
#12763=DIRECTION('',(-0.9999639698464404,0.007892384722131088,0.003125583520741644));
#12764=AXIS2_PLACEMENT_3D('',#1048,#12762,#12763);
#12765=PLANE('',#12764);
#12766=FACE_SURFACE('',(#12761),#12765,.T.);
#12767=POLY_LOOP('',(#1022,#182,#181));
#12768=FACE_OUTER_BOUND('',#12767,.T.);
#12769=DIRECTION('',(-0.0027036549047988983,-0.4768265955683324,0.878993224097245));
#12770=DIRECTION('',(-0.9999765563777532,0.0068189590051492095,0.0006232920475278705));
#12771=AXIS2_PLACEMENT_3D('',#1022,#12769,#12770);
#12772=PLANE('',#12771);
#12773=FACE_SURFACE('',(#12768),#12772,.T.);
#12774=POLY_LOOP('',(#1022,#181,#1006));
#12775=FACE_OUTER_BOUND('',#12774,.T.);
#12776=DIRECTION('',(-0.00223119003548182,-0.5572729832085214,0.8303263478758823));
#12777=DIRECTION('',(-0.9999843237512706,-0.0030208487356871874,-0.0047145227362279316));
#12778=AXIS2_PLACEMENT_3D('',#1022,#12776,#12777);
#12779=PLANE('',#12778);
#12780=FACE_SURFACE('',(#12775),#12779,.T.);
#12781=POLY_LOOP('',(#181,#194,#1006));
#12782=FACE_OUTER_BOUND('',#12781,.T.);
#12783=DIRECTION('',(-0.003378291211235472,-0.6765052496537766,0.7364300607249635));
#12784=DIRECTION('',(-0.22047600917386684,-0.7178082835809153,-0.660410173605302));
#12785=AXIS2_PLACEMENT_3D('',#181,#12783,#12784);
#12786=PLANE('',#12785);
#12787=FACE_SURFACE('',(#12782),#12786,.T.);
#12788=POLY_LOOP('',(#1006,#194,#168));
#12789=FACE_OUTER_BOUND('',#12788,.T.);
#12790=DIRECTION('',(-0.004416083714476419,-0.8237175393386323,0.5669831687012723));
#12791=DIRECTION('',(-0.9999816210376421,0.005992908867013692,0.0009179489316575185));
#12792=AXIS2_PLACEMENT_3D('',#1006,#12790,#12791);
#12793=PLANE('',#12792);
#12794=FACE_SURFACE('',(#12789),#12793,.T.);
#12795=POLY_LOOP('',(#1006,#168,#997));
#12796=FACE_OUTER_BOUND('',#12795,.T.);
#12797=DIRECTION('',(-0.003859490298475338,-0.8628609354162572,0.5054266618088301));
#12798=DIRECTION('',(-0.999962320461731,-0.0005999927334705513,-0.008660119254974816));
#12799=AXIS2_PLACEMENT_3D('',#1006,#12797,#12798);
#12800=PLANE('',#12799);
#12801=FACE_SURFACE('',(#12796),#12800,.T.);
#12802=POLY_LOOP('',(#997,#168,#167));
#12803=FACE_OUTER_BOUND('',#12802,.T.);
#12804=DIRECTION('',(-0.005439348155394025,-0.9829788981296398,0.18363795719699075));
#12805=DIRECTION('',(-0.9999782847670873,0.0060300854818097676,0.0026585829602278235));
#12806=AXIS2_PLACEMENT_3D('',#997,#12804,#12805);
#12807=PLANE('',#12806);
#12808=FACE_SURFACE('',(#12803),#12807,.T.);
#12809=POLY_LOOP('',(#1021,#182,#1022));
#12810=FACE_OUTER_BOUND('',#12809,.T.);
#12811=DIRECTION('',(-0.0014783068194034593,-0.3038718704213882,0.9527117617493523));
#12812=DIRECTION('',(-0.9999879597601214,0.004907153215017157,1.3494958468073097e-05));
#12813=AXIS2_PLACEMENT_3D('',#1021,#12811,#12812);
#12814=PLANE('',#12813);
#12815=FACE_SURFACE('',(#12810),#12814,.T.);
#12816=POLY_LOOP('',(#997,#167,#998));
#12817=FACE_OUTER_BOUND('',#12816,.T.);
#12818=DIRECTION('',(-0.00502311016303977,-0.9922403759877884,0.12423286450815751));
#12819=DIRECTION('',(-0.9999623402418284,0.004104830369297437,-0.007646467532474906));
#12820=AXIS2_PLACEMENT_3D('',#997,#12818,#12819);
#12821=PLANE('',#12820);
#12822=FACE_SURFACE('',(#12817),#12821,.T.);
#12823=POLY_LOOP('',(#998,#190,#999));
#12824=FACE_OUTER_BOUND('',#12823,.T.);
#12825=DIRECTION('',(-0.00047120955816775046,-0.005363120339018032,0.9999855073458721));
#12826=DIRECTION('',(-0.999929720302099,-0.011843502437850699,-0.0005347023197677829));
#12827=AXIS2_PLACEMENT_3D('',#998,#12825,#12826);
#12828=PLANE('',#12827);
#12829=FACE_SURFACE('',(#12824),#12828,.T.);
#12830=POLY_LOOP('',(#1010,#999,#190));
#12831=FACE_OUTER_BOUND('',#12830,.T.);
#12832=DIRECTION('',(0.00471911793835828,0.9623861555929122,0.27164428477142477));
#12833=DIRECTION('',(-0.040522556989311655,0.271608221902336,-0.9615544166453084));
#12834=AXIS2_PLACEMENT_3D('',#1010,#12832,#12833);
#12835=PLANE('',#12834);
#12836=FACE_SURFACE('',(#12831),#12835,.T.);
#12837=POLY_LOOP('',(#190,#191,#1010));
#12838=FACE_OUTER_BOUND('',#12837,.T.);
#12839=DIRECTION('',(0.005383796281978187,0.9740685736385344,0.22618892233569915));
#12840=DIRECTION('',(-0.030876031679345294,-0.2259224294443194,0.9736558563176788));
#12841=AXIS2_PLACEMENT_3D('',#190,#12839,#12840);
#12842=PLANE('',#12841);
#12843=FACE_SURFACE('',(#12838),#12842,.T.);
#12844=POLY_LOOP('',(#1010,#191,#188));
#12845=FACE_OUTER_BOUND('',#12844,.T.);
#12846=DIRECTION('',(0.0033557022530782497,0.801754357278023,0.597644283707368));
#12847=DIRECTION('',(-0.9999777694111602,0.0061340483236511385,-0.0026142177880598013));
#12848=AXIS2_PLACEMENT_3D('',#1010,#12846,#12847);
#12849=PLANE('',#12848);
#12850=FACE_SURFACE('',(#12845),#12849,.T.);
#12851=POLY_LOOP('',(#1010,#188,#1011));
#12852=FACE_OUTER_BOUND('',#12851,.T.);
#12853=DIRECTION('',(0.0035868800229036843,0.7811746052268733,0.6243023069317777));
#12854=DIRECTION('',(-0.999970413693261,-0.001446407600923396,0.007555107092588399));
#12855=AXIS2_PLACEMENT_3D('',#1010,#12853,#12854);
#12856=PLANE('',#12855);
#12857=FACE_SURFACE('',(#12852),#12856,.T.);
#12858=POLY_LOOP('',(#1011,#188,#1012));
#12859=FACE_OUTER_BOUND('',#12858,.T.);
#12860=DIRECTION('',(0.0030256595756354854,0.6205209403261288,0.7841840396239326));
#12861=DIRECTION('',(-0.9999913975836928,0.00410245414215344,0.0006120691336035309));
#12862=AXIS2_PLACEMENT_3D('',#1011,#12860,#12861);
#12863=PLANE('',#12862);
#12864=FACE_SURFACE('',(#12859),#12863,.T.);
#12865=POLY_LOOP('',(#167,#190,#998));
#12866=FACE_OUTER_BOUND('',#12865,.T.);
#12867=DIRECTION('',(-0.0003751975264215141,-0.01346583450941506,0.9999092611471209));
#12868=DIRECTION('',(-0.25772862738964003,-0.9661284309433197,-0.013107614079273721));
#12869=AXIS2_PLACEMENT_3D('',#167,#12867,#12868);
#12870=PLANE('',#12869);
#12871=FACE_SURFACE('',(#12866),#12870,.T.);
#12872=POLY_LOOP('',(#1012,#188,#187));
#12873=FACE_OUTER_BOUND('',#12872,.T.);
#12874=DIRECTION('',(0.0017189139083921047,0.4871555757584865,0.8733135120576077));
#12875=DIRECTION('',(-0.9999639872082428,0.00809531801130396,-0.0025475699969412517));
#12876=AXIS2_PLACEMENT_3D('',#1012,#12874,#12875);
#12877=PLANE('',#12876);
#12878=FACE_SURFACE('',(#12873),#12877,.T.);
#12879=POLY_LOOP('',(#1021,#179,#182));
#12880=FACE_OUTER_BOUND('',#12879,.T.);
#12881=DIRECTION('',(-0.0011585689903561948,-0.23876566044324826,0.9710765248480647));
#12882=DIRECTION('',(-0.9999776649791072,0.0066685896113920515,0.0004466044415637306));
#12883=AXIS2_PLACEMENT_3D('',#1021,#12881,#12882);
#12884=PLANE('',#12883);
#12885=FACE_SURFACE('',(#12880),#12884,.T.);
#12886=POLY_LOOP('',(#1016,#180,#179));
#12887=FACE_OUTER_BOUND('',#12886,.T.);
#12888=DIRECTION('',(-0.0003718015997819273,0.044828795224160195,0.9989946150417033));
#12889=DIRECTION('',(-0.9999655150857726,0.008271402246936982,-0.0007433331117097626));
#12890=AXIS2_PLACEMENT_3D('',#1016,#12888,#12889);
#12891=PLANE('',#12890);
#12892=FACE_SURFACE('',(#12887),#12891,.T.);
#12893=POLY_LOOP('',(#858,#170,#1023));
#12894=FACE_OUTER_BOUND('',#12893,.T.);
#12895=DIRECTION('',(-0.00523034129344971,-0.9697380636630452,0.24409164552069748));
#12896=DIRECTION('',(-0.9999796581478397,0.00596319995456458,0.0022635231016450126));
#12897=AXIS2_PLACEMENT_3D('',#858,#12895,#12896);
#12898=PLANE('',#12897);
#12899=FACE_SURFACE('',(#12894),#12898,.T.);
#12900=POLY_LOOP('',(#1023,#170,#169));
#12901=FACE_OUTER_BOUND('',#12900,.T.);
#12902=DIRECTION('',(-0.00560283972915464,-0.9828763708095061,0.18418101935678372));
#12903=DIRECTION('',(-0.9999668744317042,0.006594343864631422,0.0047712334132108646));
#12904=AXIS2_PLACEMENT_3D('',#1023,#12902,#12903);
#12905=PLANE('',#12904);
#12906=FACE_SURFACE('',(#12901),#12905,.T.);
#12907=POLY_LOOP('',(#1023,#169,#1024));
#12908=FACE_OUTER_BOUND('',#12907,.T.);
#12909=DIRECTION('',(-0.005033784771287923,-0.9960954195283037,0.0881395269195881));
#12910=DIRECTION('',(-0.9999685975507836,0.004474596203012708,-0.0065407875014298));
#12911=AXIS2_PLACEMENT_3D('',#1023,#12909,#12910);
#12912=PLANE('',#12911);
#12913=FACE_SURFACE('',(#12908),#12912,.T.);
#12914=POLY_LOOP('',(#164,#1025,#161));
#12915=FACE_OUTER_BOUND('',#12914,.T.);
#12916=DIRECTION('',(-0.0005293135296061175,-0.013497775150995381,0.999908760784283));
#12917=DIRECTION('',(0.9999872385786884,-0.0050308796395568955,0.00046144319434185036));
#12918=AXIS2_PLACEMENT_3D('',#164,#12916,#12917);
#12919=PLANE('',#12918);
#12920=FACE_SURFACE('',(#12915),#12919,.T.);
#12921=POLY_LOOP('',(#161,#1025,#1024));
#12922=FACE_OUTER_BOUND('',#12921,.T.);
#12923=DIRECTION('',(-0.0004175360740196711,-0.005389758614660559,0.9999853879760957));
#12924=DIRECTION('',(0.9999048824741602,-0.013787973986797798,0.00034318752211157913));
#12925=AXIS2_PLACEMENT_3D('',#161,#12923,#12924);
#12926=PLANE('',#12925);
#12927=FACE_SURFACE('',(#12922),#12926,.T.);
#12928=POLY_LOOP('',(#161,#1024,#169));
#12929=FACE_OUTER_BOUND('',#12928,.T.);
#12930=DIRECTION('',(-0.00038671964169265636,-0.013504018735493206,0.9999087417989255));
#12931=DIRECTION('',(0.9999927081790775,0.0037936468867700367,0.00043798627027619066));
#12932=AXIS2_PLACEMENT_3D('',#161,#12930,#12931);
#12933=PLANE('',#12932);
#12934=FACE_SURFACE('',(#12929),#12933,.T.);
#12935=POLY_LOOP('',(#1016,#179,#1021));
#12936=FACE_OUTER_BOUND('',#12935,.T.);
#12937=DIRECTION('',(0.00010364995279119098,-0.05134036514400613,0.9986812084762422));
#12938=DIRECTION('',(-0.9999877702278925,-0.004943358322750633,-0.0001503434077636013));
#12939=AXIS2_PLACEMENT_3D('',#1016,#12937,#12938);
#12940=PLANE('',#12939);
#12941=FACE_SURFACE('',(#12936),#12940,.T.);
#12942=POLY_LOOP('',(#1026,#1025,#164));
#12943=FACE_OUTER_BOUND('',#12942,.T.);
#12944=DIRECTION('',(0.00478341492651243,0.9722515243327864,0.2338890599712054));
#12945=DIRECTION('',(-0.036778206967894966,0.23390454110697137,-0.9715637030796096));
#12946=AXIS2_PLACEMENT_3D('',#1026,#12944,#12945);
#12947=PLANE('',#12946);
#12948=FACE_SURFACE('',(#12943),#12947,.T.);
#12949=POLY_LOOP('',(#1026,#193,#192));
#12950=FACE_OUTER_BOUND('',#12949,.T.);
#12951=DIRECTION('',(0.0033337377400847992,0.8429058475195316,0.5380507582097256));
#12952=DIRECTION('',(-0.9999737492258853,0.006271452488982246,-0.003629014026506644));
#12953=AXIS2_PLACEMENT_3D('',#1026,#12951,#12952);
#12954=PLANE('',#12953);
#12955=FACE_SURFACE('',(#12950),#12954,.T.);
#12956=POLY_LOOP('',(#1026,#192,#1017));
#12957=FACE_OUTER_BOUND('',#12956,.T.);
#12958=DIRECTION('',(0.0039049444222339015,0.8029158436814081,0.5960796082524816));
#12959=DIRECTION('',(-0.9999605959522454,-0.0016169462948759108,0.008728804471954633));
#12960=AXIS2_PLACEMENT_3D('',#1026,#12958,#12959);
#12961=PLANE('',#12960);
#12962=FACE_SURFACE('',(#12957),#12961,.T.);
#12963=POLY_LOOP('',(#1017,#192,#1018));
#12964=FACE_OUTER_BOUND('',#12963,.T.);
#12965=DIRECTION('',(0.0030589715999594235,0.6501762477876135,0.7597772630880516));
#12966=DIRECTION('',(-0.9999867223992062,0.005139698662294888,-0.0003721867191772698));
#12967=AXIS2_PLACEMENT_3D('',#1017,#12965,#12966);
#12968=PLANE('',#12967);
#12969=FACE_SURFACE('',(#12964),#12968,.T.);
#12970=POLY_LOOP('',(#1018,#192,#180));
#12971=FACE_OUTER_BOUND('',#12970,.T.);
#12972=DIRECTION('',(0.0019522176604867692,0.5290613674996518,0.8485813209502107));
#12973=DIRECTION('',(-0.9999696904620369,0.007428633084457044,-0.002331001448900126));
#12974=AXIS2_PLACEMENT_3D('',#1018,#12972,#12973);
#12975=PLANE('',#12974);
#12976=FACE_SURFACE('',(#12971),#12975,.T.);
#12977=POLY_LOOP('',(#1018,#180,#1015));
#12978=FACE_OUTER_BOUND('',#12977,.T.);
#12979=DIRECTION('',(0.002460931770013262,0.44056053354392605,0.8977195330938914));
#12980=DIRECTION('',(-0.9999849318187294,-0.0033210758190796406,0.004371108657418959));
#12981=AXIS2_PLACEMENT_3D('',#1018,#12979,#12980);
#12982=PLANE('',#12981);
#12983=FACE_SURFACE('',(#12978),#12982,.T.);
#12984=POLY_LOOP('',(#1015,#180,#1016));
#12985=FACE_OUTER_BOUND('',#12984,.T.);
#12986=DIRECTION('',(0.0009356489683395108,0.20114567033383032,0.9795608933940564));
#12987=DIRECTION('',(-0.9999803641960988,0.006257987071768873,-0.00032987883708987043));
#12988=AXIS2_PLACEMENT_3D('',#1015,#12986,#12987);
#12989=PLANE('',#12988);
#12990=FACE_SURFACE('',(#12985),#12989,.T.);
#12991=POLY_LOOP('',(#164,#193,#1026));
#12992=FACE_OUTER_BOUND('',#12991,.T.);
#12993=DIRECTION('',(0.005545296466002,0.9847640302991552,0.1738075208846528));
#12994=DIRECTION('',(-0.019886522401083084,-0.17366722029191092,0.9846035866392484));
#12995=AXIS2_PLACEMENT_3D('',#164,#12993,#12994);
#12996=PLANE('',#12995);
#12997=FACE_SURFACE('',(#12992),#12996,.T.);
#12998=POLY_LOOP('',(#1048,#268,#1031));
#12999=FACE_OUTER_BOUND('',#12998,.T.);
#13000=DIRECTION('',(-0.004278493205563887,-0.8814956061324054,0.47217284003334314));
#13001=DIRECTION('',(-0.9999814391931344,0.001723283637853583,-0.005843933840402948));
#13002=AXIS2_PLACEMENT_3D('',#1048,#13000,#13001);
#13003=PLANE('',#13002);
#13004=FACE_SURFACE('',(#12999),#13003,.T.);
#13005=POLY_LOOP('',(#1012,#187,#1013));
#13006=FACE_OUTER_BOUND('',#13005,.T.);
#13007=DIRECTION('',(0.0020598503651257987,0.4001868740010167,0.916431242862097));
#13008=DIRECTION('',(-0.9999920429836688,-0.0023064792444112982,0.0032548614168982923));
#13009=AXIS2_PLACEMENT_3D('',#1012,#13007,#13008);
#13010=PLANE('',#13009);
#13011=FACE_SURFACE('',(#13006),#13010,.T.);
#13012=POLY_LOOP('',(#1003,#187,#186));
#13013=FACE_OUTER_BOUND('',#13012,.T.);
#13014=DIRECTION('',(-0.0004503540899902854,0.020636779615501484,0.9997869375563448));
#13015=DIRECTION('',(-0.9999588737266948,0.009046815549607463,-0.0006371684639941961));
#13016=AXIS2_PLACEMENT_3D('',#1003,#13014,#13015);
#13017=PLANE('',#13016);
#13018=FACE_SURFACE('',(#13013),#13017,.T.);
#13019=POLY_LOOP('',(#1050,#267,#266));
#13020=FACE_OUTER_BOUND('',#13019,.T.);
#13021=DIRECTION('',(0.0033563582583422315,0.8021396615609159,0.5971270369110587));
#13022=DIRECTION('',(-0.9999774664362435,0.006163916079419203,-0.0026594657954540336));
#13023=AXIS2_PLACEMENT_3D('',#1050,#13021,#13022);
#13024=PLANE('',#13023);
#13025=FACE_SURFACE('',(#13020),#13024,.T.);
#13026=POLY_LOOP('',(#1050,#266,#1051));
#13027=FACE_OUTER_BOUND('',#13026,.T.);
#13028=DIRECTION('',(0.003587592007155699,0.7803745673335128,0.62530205808283));
#13029=DIRECTION('',(-0.9999728798305733,-0.0012222796383320577,0.007262619075491687));
#13030=AXIS2_PLACEMENT_3D('',#1050,#13028,#13029);
#13031=PLANE('',#13030);
#13032=FACE_SURFACE('',(#13027),#13031,.T.);
#13033=POLY_LOOP('',(#1051,#266,#1042));
#13034=FACE_OUTER_BOUND('',#13033,.T.);
#13035=DIRECTION('',(0.003024297696095616,0.6186689376009207,0.7856459757875639));
#13036=DIRECTION('',(-0.9999914042992004,0.004099437090132834,0.000621243315519986));
#13037=AXIS2_PLACEMENT_3D('',#1051,#13035,#13036);
#13038=PLANE('',#13037);
#13039=FACE_SURFACE('',(#13034),#13038,.T.);
#13040=POLY_LOOP('',(#1042,#266,#265));
#13041=FACE_OUTER_BOUND('',#13040,.T.);
#13042=DIRECTION('',(0.0017367165573557912,0.4864947658651733,0.8736817650617353));
#13043=DIRECTION('',(-0.9999642824776978,0.008071549653263174,-0.002506761867045733));
#13044=AXIS2_PLACEMENT_3D('',#1042,#13042,#13043);
#13045=PLANE('',#13044);
#13046=FACE_SURFACE('',(#13041),#13045,.T.);
#13047=POLY_LOOP('',(#1042,#265,#1043));
#13048=FACE_OUTER_BOUND('',#13047,.T.);
#13049=DIRECTION('',(0.00204623549260701,0.397611458222771,0.91755160138832));
#13050=DIRECTION('',(-0.9999933312647208,-0.00196195830278002,0.0030802833805405696));
#13051=AXIS2_PLACEMENT_3D('',#1042,#13049,#13050);
#13052=PLANE('',#13051);
#13053=FACE_SURFACE('',(#13048),#13052,.T.);
#13054=POLY_LOOP('',(#1043,#265,#1044));
#13055=FACE_OUTER_BOUND('',#13054,.T.);
#13056=DIRECTION('',(0.0008180623465320752,0.1594212705931423,0.9872103064982989));
#13057=DIRECTION('',(-0.9999867124633873,0.005155083124254991,-3.827376151191621e-06));
#13058=AXIS2_PLACEMENT_3D('',#1043,#13056,#13057);
#13059=PLANE('',#13058);
#13060=FACE_SURFACE('',(#13055),#13059,.T.);
#13061=POLY_LOOP('',(#263,#267,#1050));
#13062=FACE_OUTER_BOUND('',#13061,.T.);
#13063=DIRECTION('',(0.0054076987581109974,0.9743541381513863,0.22495504053346038));
#13064=DIRECTION('',(-0.02678049343320528,-0.22473653259209167,0.9740514853384075));
#13065=AXIS2_PLACEMENT_3D('',#263,#13063,#13064);
#13066=PLANE('',#13065);
#13067=FACE_SURFACE('',(#13062),#13066,.T.);
#13068=POLY_LOOP('',(#1044,#265,#272));
#13069=FACE_OUTER_BOUND('',#13068,.T.);
#13070=DIRECTION('',(-0.0004436416790920585,0.020094131007748536,0.9997979941373677));
#13071=DIRECTION('',(-0.9999593140414816,0.008998898152819401,-0.0006245748352916268));
#13072=AXIS2_PLACEMENT_3D('',#1044,#13070,#13071);
#13073=PLANE('',#13072);
#13074=FACE_SURFACE('',(#13069),#13073,.T.);
#13075=POLY_LOOP('',(#1045,#272,#271));
#13076=FACE_OUTER_BOUND('',#13075,.T.);
#13077=DIRECTION('',(-0.0011660042622609716,-0.24017882161659423,0.9707279609040446));
#13078=DIRECTION('',(-0.999978889415674,0.006485210793516209,0.0004034401550847927));
#13079=AXIS2_PLACEMENT_3D('',#1045,#13077,#13078);
#13080=PLANE('',#13079);
#13081=FACE_SURFACE('',(#13076),#13080,.T.);
#13082=POLY_LOOP('',(#1045,#271,#1046));
#13083=FACE_OUTER_BOUND('',#13082,.T.);
#13084=DIRECTION('',(-0.0016534200101100162,-0.33914181942207244,0.9407338053463141));
#13085=DIRECTION('',(-0.9999878953413002,0.004920254830750766,1.6225822022341754e-05));
#13086=AXIS2_PLACEMENT_3D('',#1045,#13084,#13085);
#13087=PLANE('',#13086);
#13088=FACE_SURFACE('',(#13083),#13087,.T.);
#13089=POLY_LOOP('',(#1046,#271,#270));
#13090=FACE_OUTER_BOUND('',#13089,.T.);
#13091=DIRECTION('',(-0.0028764824433410107,-0.4756054225366849,0.879654027389436));
#13092=DIRECTION('',(-0.9999639618294077,0.008394367813977253,0.001268712512157811));
#13093=AXIS2_PLACEMENT_3D('',#1046,#13091,#13092);
#13094=PLANE('',#13093);
#13095=FACE_SURFACE('',(#13090),#13094,.T.);
#13096=POLY_LOOP('',(#1046,#270,#1047));
#13097=FACE_OUTER_BOUND('',#13096,.T.);
#13098=DIRECTION('',(-0.0025959859179437604,-0.5680706699849858,0.822975682969991));
#13099=DIRECTION('',(-0.9999929009438758,-0.0007729428772274162,-0.0036879019998108525));
#13100=AXIS2_PLACEMENT_3D('',#1046,#13098,#13099);
#13101=PLANE('',#13100);
#13102=FACE_SURFACE('',(#13097),#13101,.T.);
#13103=POLY_LOOP('',(#1047,#270,#269));
#13104=FACE_OUTER_BOUND('',#13103,.T.);
#13105=DIRECTION('',(-0.0034425087368759382,-0.6765305058294556,0.736406561496934));
#13106=DIRECTION('',(-0.9999768149248935,0.006655571217088138,0.0014397862477936365));
#13107=AXIS2_PLACEMENT_3D('',#1047,#13105,#13106);
#13108=PLANE('',#13107);
#13109=FACE_SURFACE('',(#13104),#13108,.T.);
#13110=POLY_LOOP('',(#1047,#269,#1048));
#13111=FACE_OUTER_BOUND('',#13110,.T.);
#13112=DIRECTION('',(-0.0037750316050013362,-0.7432417113144975,0.6690123374786734));
#13113=DIRECTION('',(-0.9999873256388923,0.005034491818620439,-4.953487725231362e-05));
#13114=AXIS2_PLACEMENT_3D('',#1047,#13112,#13113);
#13115=PLANE('',#13114);
#13116=FACE_SURFACE('',(#13111),#13115,.T.);
#13117=POLY_LOOP('',(#1044,#272,#1045));
#13118=FACE_OUTER_BOUND('',#13117,.T.);
#13119=DIRECTION('',(-0.00017936838650312183,-0.08961643131339793,0.9959763365992351));
#13120=DIRECTION('',(-0.999997053650841,-0.0023950354743253683,-0.00039559412771249215));
#13121=AXIS2_PLACEMENT_3D('',#1044,#13119,#13120);
#13122=PLANE('',#13121);
#13123=FACE_SURFACE('',(#13118),#13122,.T.);
#13124=POLY_LOOP('',(#1013,#187,#1003));
#13125=FACE_OUTER_BOUND('',#13124,.T.);
#13126=DIRECTION('',(0.0008301505160793518,0.16126610356781132,0.9869106112967763));
#13127=DIRECTION('',(-0.9999867548126281,0.005146863053637026,1.2662780359096744e-07));
#13128=AXIS2_PLACEMENT_3D('',#1013,#13126,#13127);
#13129=PLANE('',#13128);
#13130=FACE_SURFACE('',(#13125),#13129,.T.);
#13131=POLY_LOOP('',(#1050,#1049,#263));
#13132=FACE_OUTER_BOUND('',#13131,.T.);
#13133=DIRECTION('',(0.004719187495372966,0.9619501030480347,0.2731844221679913));
#13134=DIRECTION('',(-0.03548906652871478,0.27317648052469284,-0.9613090744630796));
#13135=AXIS2_PLACEMENT_3D('',#1050,#13133,#13134);
#13136=PLANE('',#13135);
#13137=FACE_SURFACE('',(#13132),#13136,.T.);
#13138=POLY_LOOP('',(#1014,#231,#263));
#13139=FACE_OUTER_BOUND('',#13138,.T.);
#13140=DIRECTION('',(-0.0004768998612388422,-0.013398127063556278,0.9999101273403082));
#13141=DIRECTION('',(-0.999930439020413,0.011790479518826258,-0.00031892500752250574));
#13142=AXIS2_PLACEMENT_3D('',#1014,#13140,#13141);
#13143=PLANE('',#13142);
#13144=FACE_SURFACE('',(#13139),#13143,.T.);
#13145=POLY_LOOP('',(#1003,#186,#1004));
#13146=FACE_OUTER_BOUND('',#13145,.T.);
#13147=DIRECTION('',(-0.00015970395858485467,-0.08847725386466163,0.9960781847039989));
#13148=DIRECTION('',(-0.9999964097281809,-0.0026502674559855405,-0.00039574380582770913));
#13149=AXIS2_PLACEMENT_3D('',#1003,#13147,#13148);
#13150=PLANE('',#13149);
#13151=FACE_SURFACE('',(#13146),#13150,.T.);
#13152=POLY_LOOP('',(#1004,#186,#185));
#13153=FACE_OUTER_BOUND('',#13152,.T.);
#13154=DIRECTION('',(-0.0011595011898920431,-0.2390018503774699,0.9710184195333971));
#13155=DIRECTION('',(-0.9999783181260496,0.006571455209774251,0.00042338424977856183));
#13156=AXIS2_PLACEMENT_3D('',#1004,#13154,#13155);
#13157=PLANE('',#13156);
#13158=FACE_SURFACE('',(#13153),#13157,.T.);
#13159=POLY_LOOP('',(#1004,#185,#1005));
#13160=FACE_OUTER_BOUND('',#13159,.T.);
#13161=DIRECTION('',(-0.0016541843969274082,-0.3395207574632846,0.9405971076531855));
#13162=DIRECTION('',(-0.9999879143422613,0.004916392305587187,1.6003488035629584e-05));
#13163=AXIS2_PLACEMENT_3D('',#1004,#13161,#13162);
#13164=PLANE('',#13163);
#13165=FACE_SURFACE('',(#13160),#13164,.T.);
#13166=POLY_LOOP('',(#1005,#185,#184));
#13167=FACE_OUTER_BOUND('',#13166,.T.);
#13168=DIRECTION('',(-0.002698923716030029,-0.4549049350207132,0.8905359149998251));
#13169=DIRECTION('',(-0.9999631259496926,0.00848782583831333,0.0013052024585264888));
#13170=AXIS2_PLACEMENT_3D('',#1005,#13168,#13169);
#13171=PLANE('',#13170);
#13172=FACE_SURFACE('',(#13167),#13171,.T.);
#13173=POLY_LOOP('',(#1005,#184,#1007));
#13174=FACE_OUTER_BOUND('',#13173,.T.);
#13175=DIRECTION('',(-0.002491347028773292,-0.5679561256513627,0.8230550604455791));
#13176=DIRECTION('',(-0.9999953751117842,-2.0771337934537705e-05,-0.0030412700625818954));
#13177=AXIS2_PLACEMENT_3D('',#1005,#13175,#13176);
#13178=PLANE('',#13177);
#13179=FACE_SURFACE('',(#13174),#13178,.T.);
#13180=POLY_LOOP('',(#184,#189,#1007));
#13181=FACE_OUTER_BOUND('',#13180,.T.);
#13182=DIRECTION('',(-0.0030843201136529557,-0.6315199661933283,0.7753534802066824));
#13183=DIRECTION('',(-0.19931839010150146,-0.7594110710413431,-0.6193278651467136));
#13184=AXIS2_PLACEMENT_3D('',#184,#13182,#13183);
#13185=PLANE('',#13184);
#13186=FACE_SURFACE('',(#13181),#13185,.T.);
#13187=POLY_LOOP('',(#1014,#263,#1049));
#13188=FACE_OUTER_BOUND('',#13187,.T.);
#13189=DIRECTION('',(-0.0004865503041302409,-0.011265004249375581,0.9999364294534243));
#13190=DIRECTION('',(-0.999989651979694,-0.004517417570099008,-0.0005374681645661716));
#13191=AXIS2_PLACEMENT_3D('',#1014,#13189,#13190);
#13192=PLANE('',#13191);
#13193=FACE_SURFACE('',(#13188),#13192,.T.);
#13194=POLY_LOOP('',(#1007,#189,#230));
#13195=FACE_OUTER_BOUND('',#13194,.T.);
#13196=DIRECTION('',(-0.003441994841189319,-0.6764314848949768,0.7364975213225704));
#13197=DIRECTION('',(-0.999976534730563,0.006690618566192857,0.0014716016637727025));
#13198=AXIS2_PLACEMENT_3D('',#1007,#13196,#13197);
#13199=PLANE('',#13198);
#13200=FACE_SURFACE('',(#13195),#13199,.T.);
#13201=POLY_LOOP('',(#1008,#230,#232));
#13202=FACE_OUTER_BOUND('',#13201,.T.);
#13203=DIRECTION('',(-0.004752315277396087,-0.8237353707124148,0.5669545436247819));
#13204=DIRECTION('',(-0.9999623852840339,0.008028271247627304,0.003282510904734911));
#13205=AXIS2_PLACEMENT_3D('',#1008,#13203,#13204);
#13206=PLANE('',#13205);
#13207=FACE_SURFACE('',(#13202),#13206,.T.);
#13208=POLY_LOOP('',(#1008,#232,#1009));
#13209=FACE_OUTER_BOUND('',#13208,.T.);
#13210=DIRECTION('',(-0.004279427200714806,-0.882011495547824,0.47120845517066495));
#13211=DIRECTION('',(-0.9999808715302676,0.0016701551228122972,-0.005955430751207991));
#13212=AXIS2_PLACEMENT_3D('',#1008,#13210,#13211);
#13213=PLANE('',#13212);
#13214=FACE_SURFACE('',(#13209),#13213,.T.);
#13215=POLY_LOOP('',(#1009,#232,#1000));
#13216=FACE_OUTER_BOUND('',#13215,.T.);
#13217=DIRECTION('',(-0.005122275573109387,-0.968232196064744,0.25000035359294215));
#13218=DIRECTION('',(-0.999982491499977,0.005700349765730976,0.0015883028826030642));
#13219=AXIS2_PLACEMENT_3D('',#1009,#13217,#13218);
#13220=PLANE('',#13219);
#13221=FACE_SURFACE('',(#13216),#13220,.T.);
#13222=POLY_LOOP('',(#1000,#232,#231));
#13223=FACE_OUTER_BOUND('',#13222,.T.);
#13224=DIRECTION('',(-0.005509168766897059,-0.982967970050715,0.1836943627710831));
#13225=DIRECTION('',(-0.9999696331023112,0.006427886892025859,0.00440626183203108));
#13226=AXIS2_PLACEMENT_3D('',#1000,#13224,#13225);
#13227=PLANE('',#13226);
#13228=FACE_SURFACE('',(#13223),#13227,.T.);
#13229=POLY_LOOP('',(#1000,#231,#1001));
#13230=FACE_OUTER_BOUND('',#13229,.T.);
#13231=DIRECTION('',(-0.005029918797988253,-0.9962454338508455,0.08642763127742478));
#13232=DIRECTION('',(-0.9999741659068443,0.004567220485697988,-0.005550496909847664));
#13233=AXIS2_PLACEMENT_3D('',#1000,#13231,#13232);
#13234=PLANE('',#13233);
#13235=FACE_SURFACE('',(#13230),#13234,.T.);
#13236=POLY_LOOP('',(#1001,#231,#1014));
#13237=FACE_OUTER_BOUND('',#13236,.T.);
#13238=DIRECTION('',(-0.0002843019192953181,0.0029380887402651193,0.9999956433939966));
#13239=DIRECTION('',(-0.9999873406058063,0.00502286699875741,-0.00029905725205276975));
#13240=AXIS2_PLACEMENT_3D('',#1001,#13238,#13239);
#13241=PLANE('',#13240);
#13242=FACE_SURFACE('',(#13237),#13241,.T.);
#13243=POLY_LOOP('',(#1007,#230,#1008));
#13244=FACE_OUTER_BOUND('',#13243,.T.);
#13245=DIRECTION('',(-0.0037774843981236506,-0.7437928749484938,0.6683994986439443));
#13246=DIRECTION('',(-0.9999873361464019,0.005032385166407335,-5.144278221895252e-05));
#13247=AXIS2_PLACEMENT_3D('',#1007,#13245,#13246);
#13248=PLANE('',#13247);
#13249=FACE_SURFACE('',(#13244),#13248,.T.);
#13250=POLY_LOOP('',(#603,#117,#463));
#13251=FACE_OUTER_BOUND('',#13250,.T.);
#13252=DIRECTION('',(0.006615993201011683,0.8650266290538353,0.5016823294294134));
#13253=DIRECTION('',(-0.9997158205215596,0.017211723294311743,-0.01649347689678917));
#13254=AXIS2_PLACEMENT_3D('',#603,#13252,#13253);
#13255=PLANE('',#13254);
#13256=FACE_SURFACE('',(#13251),#13255,.T.);
#13257=POLY_LOOP('',(#603,#463,#462));
#13258=FACE_OUTER_BOUND('',#13257,.T.);
#13259=DIRECTION('',(0.0035449665753578127,0.7146794533024154,0.6994431443936955));
#13260=DIRECTION('',(-0.9999104887119048,0.011557273850419877,-0.006741215399770927));
#13261=AXIS2_PLACEMENT_3D('',#603,#13259,#13260);
#13262=PLANE('',#13261);
#13263=FACE_SURFACE('',(#13258),#13262,.T.);
#13264=POLY_LOOP('',(#584,#458,#596));
#13265=FACE_OUTER_BOUND('',#13264,.T.);
#13266=DIRECTION('',(-0.000733139320078176,-0.07926772845723354,0.9968530933552685));
#13267=DIRECTION('',(-0.9999873017581441,0.005028289142788898,-0.00033560506994735265));
#13268=AXIS2_PLACEMENT_3D('',#584,#13266,#13267);
#13269=PLANE('',#13268);
#13270=FACE_SURFACE('',(#13265),#13269,.T.);
#13271=POLY_LOOP('',(#1056,#1057,#1058));
#13272=FACE_OUTER_BOUND('',#13271,.T.);
#13273=DIRECTION('',(-0.08147598664063009,0.11428119437418786,-0.9901017484144471));
#13274=DIRECTION('',(0.9645755343189373,-0.24104498927052345,-0.10719772264796495));
#13275=AXIS2_PLACEMENT_3D('',#1056,#13273,#13274);
#13276=PLANE('',#13275);
#13277=FACE_SURFACE('',(#13272),#13276,.T.);
#13278=POLY_LOOP('',(#1058,#1057,#1059));
#13279=FACE_OUTER_BOUND('',#13278,.T.);
#13280=DIRECTION('',(-0.09051128222916405,0.14287979412756635,-0.9855927517079744));
#13281=DIRECTION('',(0.9507119894247746,0.30710908922012303,-0.04278691952423682));
#13282=AXIS2_PLACEMENT_3D('',#1058,#13280,#13281);
#13283=PLANE('',#13282);
#13284=FACE_SURFACE('',(#13279),#13283,.T.);
#13285=POLY_LOOP('',(#1058,#1059,#1060));
#13286=FACE_OUTER_BOUND('',#13285,.T.);
#13287=DIRECTION('',(-0.07619853051708067,0.21175709506647514,-0.9743473285415449));
#13288=DIRECTION('',(0.9760536869036309,-0.18383890656590635,-0.11628609854355217));
#13289=AXIS2_PLACEMENT_3D('',#1058,#13287,#13288);
#13290=PLANE('',#13289);
#13291=FACE_SURFACE('',(#13286),#13290,.T.);
#13292=POLY_LOOP('',(#1060,#1059,#1061));
#13293=FACE_OUTER_BOUND('',#13292,.T.);
#13294=DIRECTION('',(-0.10219730944956622,0.17002836332598328,-0.9801255356361026));
#13295=DIRECTION('',(-0.8462949933827334,0.5029766290037322,0.17549727875770973));
#13296=AXIS2_PLACEMENT_3D('',#1060,#13294,#13295);
#13297=PLANE('',#13296);
#13298=FACE_SURFACE('',(#13293),#13297,.T.);
#13299=POLY_LOOP('',(#1060,#1061,#1062));
#13300=FACE_OUTER_BOUND('',#13299,.T.);
#13301=DIRECTION('',(-0.17688890774304145,0.0775549639740325,-0.9811704958265206));
#13302=DIRECTION('',(-0.7652919627491562,0.6160239135383959,0.18666212711844676));
#13303=AXIS2_PLACEMENT_3D('',#1060,#13301,#13302);
#13304=PLANE('',#13303);
#13305=FACE_SURFACE('',(#13300),#13304,.T.);
#13306=POLY_LOOP('',(#1063,#1064,#1065));
#13307=FACE_OUTER_BOUND('',#13306,.T.);
#13308=DIRECTION('',(-0.01625377624703259,0.13358580550388935,-0.9909039546422187));
#13309=DIRECTION('',(0.9952306189361005,0.09749819256862864,-0.0031808140336543485));
#13310=AXIS2_PLACEMENT_3D('',#1063,#13308,#13309);
#13311=PLANE('',#13310);
#13312=FACE_SURFACE('',(#13307),#13311,.T.);
#13313=POLY_LOOP('',(#1066,#1067,#1068));
#13314=FACE_OUTER_BOUND('',#13313,.T.);
#13315=DIRECTION('',(-0.03278295186157968,0.39702933275144964,-0.917220249995703));
#13316=DIRECTION('',(0.8356574823361717,-0.4925384967991272,-0.24306871741634525));
#13317=AXIS2_PLACEMENT_3D('',#1066,#13315,#13316);
#13318=PLANE('',#13317);
#13319=FACE_SURFACE('',(#13314),#13318,.T.);
#13320=POLY_LOOP('',(#1065,#1064,#1069));
#13321=FACE_OUTER_BOUND('',#13320,.T.);
#13322=DIRECTION('',(-0.044869399578298816,0.011631271402287204,-0.9989251475996835));
#13323=DIRECTION('',(-0.9731863677053163,0.22530248294703903,0.04633664738014844));
#13324=AXIS2_PLACEMENT_3D('',#1065,#13322,#13323);
#13325=PLANE('',#13324);
#13326=FACE_SURFACE('',(#13321),#13325,.T.);
#13327=POLY_LOOP('',(#1058,#1069,#1070));
#13328=FACE_OUTER_BOUND('',#13327,.T.);
#13329=DIRECTION('',(-0.044442607327295706,0.1746346955501487,-0.9836297971107111));
#13330=DIRECTION('',(-0.9523687290388788,0.28993533196655075,0.09450559362448599));
#13331=AXIS2_PLACEMENT_3D('',#1058,#13329,#13330);
#13332=PLANE('',#13331);
#13333=FACE_SURFACE('',(#13328),#13332,.T.);
#13334=POLY_LOOP('',(#1058,#1070,#1056));
#13335=FACE_OUTER_BOUND('',#13334,.T.);
#13336=DIRECTION('',(-0.07109828514998381,0.11167286751212288,-0.9911983678912871));
#13337=DIRECTION('',(-0.9200572718313593,0.3764856830577089,0.1084119320130706));
#13338=AXIS2_PLACEMENT_3D('',#1058,#13336,#13337);
#13339=PLANE('',#13338);
#13340=FACE_SURFACE('',(#13335),#13339,.T.);
#13341=POLY_LOOP('',(#1071,#1072,#1073));
#13342=FACE_OUTER_BOUND('',#13341,.T.);
#13343=DIRECTION('',(0.07161449990162522,0.12040550363858854,-0.990138312609596));
#13344=DIRECTION('',(0.9704589244010358,0.22088551995839953,0.09705185790644313));
#13345=AXIS2_PLACEMENT_3D('',#1071,#13343,#13344);
#13346=PLANE('',#13345);
#13347=FACE_SURFACE('',(#13342),#13346,.T.);
#13348=POLY_LOOP('',(#1073,#1072,#1074));
#13349=FACE_OUTER_BOUND('',#13348,.T.);
#13350=DIRECTION('',(0.058801920706183605,0.08128921388689045,-0.9949544702281181));
#13351=DIRECTION('',(-0.9487680215545579,0.3145099630530273,-0.030376379241664052));
#13352=AXIS2_PLACEMENT_3D('',#1073,#13350,#13351);
#13353=PLANE('',#13352);
#13354=FACE_SURFACE('',(#13349),#13353,.T.);
#13355=POLY_LOOP('',(#1073,#1074,#1075));
#13356=FACE_OUTER_BOUND('',#13355,.T.);
#13357=DIRECTION('',(0.05427489444650827,0.09858892444828751,-0.9936470499170973));
#13358=DIRECTION('',(0.9659477201499008,0.24693224366998578,0.07726233864772485));
#13359=AXIS2_PLACEMENT_3D('',#1073,#13357,#13358);
#13360=PLANE('',#13359);
#13361=FACE_SURFACE('',(#13356),#13360,.T.);
#13362=POLY_LOOP('',(#1075,#1074,#1076));
#13363=FACE_OUTER_BOUND('',#13362,.T.);
#13364=DIRECTION('',(0.03562228151827948,0.1023974985912153,-0.9941055302842323));
#13365=DIRECTION('',(0.19636344816328122,0.9746284900108597,0.10742766256685381));
#13366=AXIS2_PLACEMENT_3D('',#1075,#13364,#13365);
#13367=PLANE('',#13366);
#13368=FACE_SURFACE('',(#13363),#13367,.T.);
#13369=POLY_LOOP('',(#1065,#1069,#1058));
#13370=FACE_OUTER_BOUND('',#13369,.T.);
#13371=DIRECTION('',(-0.036192982150009434,0.20024855528831526,-0.9790763934178128));
#13372=DIRECTION('',(0.9981251525096161,-0.041145501310666584,-0.045312555098443966));
#13373=AXIS2_PLACEMENT_3D('',#1065,#13371,#13372);
#13374=PLANE('',#13373);
#13375=FACE_SURFACE('',(#13370),#13374,.T.);
#13376=POLY_LOOP('',(#1075,#1076,#1077));
#13377=FACE_OUTER_BOUND('',#13376,.T.);
#13378=DIRECTION('',(0.024765514035526077,0.13073653165288016,-0.9911077785013754));
#13379=DIRECTION('',(0.9339919305084823,0.35045617624250014,0.06956681880411172));
#13380=AXIS2_PLACEMENT_3D('',#1075,#13378,#13379);
#13381=PLANE('',#13380);
#13382=FACE_SURFACE('',(#13377),#13381,.T.);
#13383=POLY_LOOP('',(#1066,#1062,#1067));
#13384=FACE_OUTER_BOUND('',#13383,.T.);
#13385=DIRECTION('',(-0.19048376774155282,0.1551928135735963,-0.9693457199792515));
#13386=DIRECTION('',(0.26596473403455667,0.958654200738642,0.1012170126810843));
#13387=AXIS2_PLACEMENT_3D('',#1066,#13385,#13386);
#13388=PLANE('',#13387);
#13389=FACE_SURFACE('',(#13384),#13388,.T.);
#13390=POLY_LOOP('',(#1078,#1079,#1080));
#13391=FACE_OUTER_BOUND('',#13390,.T.);
#13392=DIRECTION('',(0.16399958715468188,0.2665507577115097,-0.9497656705611728));
#13393=DIRECTION('',(0.8495580405669506,-0.5274934397920711,-0.001344129596464061));
#13394=AXIS2_PLACEMENT_3D('',#1078,#13392,#13393);
#13395=PLANE('',#13394);
#13396=FACE_SURFACE('',(#13391),#13395,.T.);
#13397=POLY_LOOP('',(#1081,#1082,#1083));
#13398=FACE_OUTER_BOUND('',#13397,.T.);
#13399=DIRECTION('',(-0.005107734422712842,0.05082150620489936,-0.9986946908620934));
#13400=DIRECTION('',(0.9904513645162681,0.13784881170873797,0.0019492661058912147));
#13401=AXIS2_PLACEMENT_3D('',#1081,#13399,#13400);
#13402=PLANE('',#13401);
#13403=FACE_SURFACE('',(#13398),#13402,.T.);
#13404=POLY_LOOP('',(#1056,#1070,#1084));
#13405=FACE_OUTER_BOUND('',#13404,.T.);
#13406=DIRECTION('',(-0.08472911590366433,0.051647223839812774,-0.9950645914652093));
#13407=DIRECTION('',(-0.9721513399589589,0.21471000060793932,0.09392224366431735));
#13408=AXIS2_PLACEMENT_3D('',#1056,#13406,#13407);
#13409=PLANE('',#13408);
#13410=FACE_SURFACE('',(#13405),#13409,.T.);
#13411=POLY_LOOP('',(#1084,#1070,#1069));
#13412=FACE_OUTER_BOUND('',#13411,.T.);
#13413=DIRECTION('',(-0.06758126521426885,0.05188896052298285,-0.996363542271536));
#13414=DIRECTION('',(0.010085823687067863,-0.9985601174951848,-0.05268745494475982));
#13415=AXIS2_PLACEMENT_3D('',#1084,#13413,#13414);
#13416=PLANE('',#13415);
#13417=FACE_SURFACE('',(#13412),#13416,.T.);
#13418=POLY_LOOP('',(#1084,#1069,#1082));
#13419=FACE_OUTER_BOUND('',#13418,.T.);
#13420=DIRECTION('',(-0.053033917537785934,-0.007372798238305089,-0.9985654938143681));
#13421=DIRECTION('',(-0.9693295094357729,-0.2399259397065252,0.05325265808337318));
#13422=AXIS2_PLACEMENT_3D('',#1084,#13420,#13421);
#13423=PLANE('',#13422);
#13424=FACE_SURFACE('',(#13419),#13423,.T.);
#13425=POLY_LOOP('',(#1082,#1069,#1064));
#13426=FACE_OUTER_BOUND('',#13425,.T.);
#13427=DIRECTION('',(-0.0413266115229592,0.04337969029933467,-0.998203543196258));
#13428=DIRECTION('',(0.9732690022115384,-0.22415152478572467,-0.05003542015803373));
#13429=AXIS2_PLACEMENT_3D('',#1082,#13427,#13428);
#13430=PLANE('',#13429);
#13431=FACE_SURFACE('',(#13426),#13430,.T.);
#13432=POLY_LOOP('',(#1082,#1064,#1083));
#13433=FACE_OUTER_BOUND('',#13432,.T.);
#13434=DIRECTION('',(-0.02069457285392486,0.05075337327175171,-0.9984967850503734));
#13435=DIRECTION('',(0.33534765792273447,-0.9405018594336323,-0.054755828252495135));
#13436=AXIS2_PLACEMENT_3D('',#1082,#13434,#13435);
#13437=PLANE('',#13436);
#13438=FACE_SURFACE('',(#13433),#13437,.T.);
#13439=POLY_LOOP('',(#1060,#1062,#1066));
#13440=FACE_OUTER_BOUND('',#13439,.T.);
#13441=DIRECTION('',(-0.15838702335062066,0.1470295408912205,-0.9763687136217786));
#13442=DIRECTION('',(0.951803564993344,-0.24030362968545824,-0.1905889273435244));
#13443=AXIS2_PLACEMENT_3D('',#1060,#13441,#13442);
#13444=PLANE('',#13443);
#13445=FACE_SURFACE('',(#13440),#13444,.T.);
#13446=POLY_LOOP('',(#1085,#1086,#1084));
#13447=FACE_OUTER_BOUND('',#13446,.T.);
#13448=DIRECTION('',(-0.09623999190600943,0.07982773416094262,-0.9921519020879115));
#13449=DIRECTION('',(0.9082747607488105,-0.4006924936719475,-0.12034319466279471));
#13450=AXIS2_PLACEMENT_3D('',#1085,#13448,#13449);
#13451=PLANE('',#13450);
#13452=FACE_SURFACE('',(#13447),#13451,.T.);
#13453=POLY_LOOP('',(#1084,#1057,#1056));
#13454=FACE_OUTER_BOUND('',#13453,.T.);
#13455=DIRECTION('',(-0.10788768975387697,0.010373132749648082,-0.9941089701418699));
#13456=DIRECTION('',(0.8909520835633298,-0.4426515680744982,-0.10131127318985406));
#13457=AXIS2_PLACEMENT_3D('',#1084,#13455,#13456);
#13458=PLANE('',#13457);
#13459=FACE_SURFACE('',(#13454),#13458,.T.);
#13460=POLY_LOOP('',(#1087,#1062,#1088));
#13461=FACE_OUTER_BOUND('',#13460,.T.);
#13462=DIRECTION('',(-0.22020605793407536,0.05071181829087781,-0.9741342841388796));
#13463=DIRECTION('',(0.4674789677620904,-0.8710091109601069,-0.15101835426389248));
#13464=AXIS2_PLACEMENT_3D('',#1087,#13462,#13463);
#13465=PLANE('',#13464);
#13466=FACE_SURFACE('',(#13461),#13465,.T.);
#13467=POLY_LOOP('',(#1088,#1062,#1061));
#13468=FACE_OUTER_BOUND('',#13467,.T.);
#13469=DIRECTION('',(-0.1385044598624104,0.16680965503927064,-0.9762126067532121));
#13470=DIRECTION('',(0.7978283940058382,-0.5652115308382555,-0.20977554463173462));
#13471=AXIS2_PLACEMENT_3D('',#1088,#13469,#13470);
#13472=PLANE('',#13471);
#13473=FACE_SURFACE('',(#13468),#13472,.T.);
#13474=POLY_LOOP('',(#1088,#1061,#1086));
#13475=FACE_OUTER_BOUND('',#13474,.T.);
#13476=DIRECTION('',(-0.20736750297632023,-0.02119496283654001,-0.9780334821772328));
#13477=DIRECTION('',(-0.9227713654878816,0.336171819373258,0.1883653760511837));
#13478=AXIS2_PLACEMENT_3D('',#1088,#13476,#13477);
#13479=PLANE('',#13478);
#13480=FACE_SURFACE('',(#13475),#13479,.T.);
#13481=POLY_LOOP('',(#1086,#1061,#1059));
#13482=FACE_OUTER_BOUND('',#13481,.T.);
#13483=DIRECTION('',(-0.14414943193991903,0.0520306906749169,-0.9881871019697078));
#13484=DIRECTION('',(0.7393526343017022,-0.6580663800035468,-0.1425002514389391));
#13485=AXIS2_PLACEMENT_3D('',#1086,#13483,#13484);
#13486=PLANE('',#13485);
#13487=FACE_SURFACE('',(#13482),#13486,.T.);
#13488=POLY_LOOP('',(#1086,#1059,#1057));
#13489=FACE_OUTER_BOUND('',#13488,.T.);
#13490=DIRECTION('',(-0.11780134231349748,0.05246942422750635,-0.991650040725241));
#13491=DIRECTION('',(0.009533870775940862,-0.9984973517322265,-0.05396428348229781));
#13492=AXIS2_PLACEMENT_3D('',#1086,#13490,#13491);
#13493=PLANE('',#13492);
#13494=FACE_SURFACE('',(#13489),#13493,.T.);
#13495=POLY_LOOP('',(#1084,#1086,#1057));
#13496=FACE_OUTER_BOUND('',#13495,.T.);
#13497=DIRECTION('',(-0.12508534063052443,-0.024761646208678382,-0.991836941455793));
#13498=DIRECTION('',(0.9576175629058685,-0.26445104425350346,-0.1141676329239441));
#13499=AXIS2_PLACEMENT_3D('',#1084,#13497,#13498);
#13500=PLANE('',#13499);
#13501=FACE_SURFACE('',(#13496),#13500,.T.);
#13502=POLY_LOOP('',(#1089,#1082,#1081));
#13503=FACE_OUTER_BOUND('',#13502,.T.);
#13504=DIRECTION('',(0.010764309587280568,-0.06323067036978532,-0.9979408860066296));
#13505=DIRECTION('',(0.9997470166718714,0.020391394450200502,0.009491769490935905));
#13506=AXIS2_PLACEMENT_3D('',#1089,#13504,#13505);
#13507=PLANE('',#13506);
#13508=FACE_SURFACE('',(#13503),#13507,.T.);
#13509=POLY_LOOP('',(#1077,#1076,#1081));
#13510=FACE_OUTER_BOUND('',#13509,.T.);
#13511=DIRECTION('',(0.022949988160413666,0.055432862053073434,-0.9981986254488842));
#13512=DIRECTION('',(-0.9994269205254325,0.026122685360601382,-0.021527559977899114));
#13513=AXIS2_PLACEMENT_3D('',#1077,#13511,#13512);
#13514=PLANE('',#13513);
#13515=FACE_SURFACE('',(#13510),#13514,.T.);
#13516=POLY_LOOP('',(#1063,#1081,#1083));
#13517=FACE_OUTER_BOUND('',#13516,.T.);
#13518=DIRECTION('',(-0.005252443783236701,0.04084765987851218,-0.9991515803504258));
#13519=DIRECTION('',(-0.9946330661639103,0.10303364598085188,0.00944094747739358));
#13520=AXIS2_PLACEMENT_3D('',#1063,#13518,#13519);
#13521=PLANE('',#13520);
#13522=FACE_SURFACE('',(#13517),#13521,.T.);
#13523=POLY_LOOP('',(#1075,#1090,#1073));
#13524=FACE_OUTER_BOUND('',#13523,.T.);
#13525=DIRECTION('',(0.016522638010630645,0.2948386899620651,-0.9554041811372939));
#13526=DIRECTION('',(-0.9397086893461638,-0.32185378516784563,-0.11557560356946205));
#13527=AXIS2_PLACEMENT_3D('',#1075,#13525,#13526);
#13528=PLANE('',#13527);
#13529=FACE_SURFACE('',(#13524),#13528,.T.);
#13530=POLY_LOOP('',(#1073,#1090,#1091));
#13531=FACE_OUTER_BOUND('',#13530,.T.);
#13532=DIRECTION('',(0.03381013904137684,0.2765233101736013,-0.9604122726353703));
#13533=DIRECTION('',(-0.7390089374246277,-0.6400326439068826,-0.21029504307065397));
#13534=AXIS2_PLACEMENT_3D('',#1073,#13532,#13533);
#13535=PLANE('',#13534);
#13536=FACE_SURFACE('',(#13531),#13535,.T.);
#13537=POLY_LOOP('',(#1073,#1091,#1071));
#13538=FACE_OUTER_BOUND('',#13537,.T.);
#13539=DIRECTION('',(0.07146202941470052,0.1456126589517546,-0.9867573824932514));
#13540=DIRECTION('',(-0.9610247385820594,-0.2548312218321865,-0.10720307930651694));
#13541=AXIS2_PLACEMENT_3D('',#1073,#13539,#13540);
#13542=PLANE('',#13541);
#13543=FACE_SURFACE('',(#13538),#13542,.T.);
#13544=POLY_LOOP('',(#1071,#1091,#1092));
#13545=FACE_OUTER_BOUND('',#13544,.T.);
#13546=DIRECTION('',(0.09779029185103001,0.0908168691448347,-0.991054668067519));
#13547=DIRECTION('',(-0.897888580245997,-0.421440403688785,-0.12721667973367962));
#13548=AXIS2_PLACEMENT_3D('',#1071,#13546,#13547);
#13549=PLANE('',#13548);
#13550=FACE_SURFACE('',(#13545),#13549,.T.);
#13551=POLY_LOOP('',(#1068,#1093,#1066));
#13552=FACE_OUTER_BOUND('',#13551,.T.);
#13553=DIRECTION('',(-0.07362218785085962,0.3607135995394747,-0.9297663537487943));
#13554=DIRECTION('',(-0.8308434073504871,0.493483459942981,0.257241729167211));
#13555=AXIS2_PLACEMENT_3D('',#1068,#13553,#13554);
#13556=PLANE('',#13555);
#13557=FACE_SURFACE('',(#13552),#13556,.T.);
#13558=POLY_LOOP('',(#1066,#1093,#1094));
#13559=FACE_OUTER_BOUND('',#13558,.T.);
#13560=DIRECTION('',(-0.0527891310669994,0.34986904676784675,-0.9353100864178413));
#13561=DIRECTION('',(-0.5007242818236942,-0.8196359474977062,-0.2783381166166127));
#13562=AXIS2_PLACEMENT_3D('',#1066,#13560,#13561);
#13563=PLANE('',#13562);
#13564=FACE_SURFACE('',(#13559),#13563,.T.);
#13565=POLY_LOOP('',(#1075,#1095,#1090));
#13566=FACE_OUTER_BOUND('',#13565,.T.);
#13567=DIRECTION('',(0.020189695189142893,0.28516016874928385,-0.9582672144903265));
#13568=DIRECTION('',(0.9634287293458685,-0.2617053265888648,-0.05757955805683863));
#13569=AXIS2_PLACEMENT_3D('',#1075,#13567,#13568);
#13570=PLANE('',#13569);
#13571=FACE_SURFACE('',(#13566),#13570,.T.);
#13572=POLY_LOOP('',(#1066,#1094,#1060));
#13573=FACE_OUTER_BOUND('',#13572,.T.);
#13574=DIRECTION('',(-0.058531846200183084,0.3320655166061837,-0.941438535254143));
#13575=DIRECTION('',(-0.9548798898730294,0.25643525890471763,0.14981773562079262));
#13576=AXIS2_PLACEMENT_3D('',#1066,#13574,#13575);
#13577=PLANE('',#13576);
#13578=FACE_SURFACE('',(#13573),#13577,.T.);
#13579=POLY_LOOP('',(#1060,#1096,#1058));
#13580=FACE_OUTER_BOUND('',#13579,.T.);
#13581=DIRECTION('',(-0.04614420280117503,0.28971381988038764,-0.9560003217144638));
#13582=DIRECTION('',(-0.9667580418304415,0.22799028885970724,0.11575541776451606));
#13583=AXIS2_PLACEMENT_3D('',#1060,#13581,#13582);
#13584=PLANE('',#13583);
#13585=FACE_SURFACE('',(#13580),#13584,.T.);
#13586=POLY_LOOP('',(#1058,#1096,#1097));
#13587=FACE_OUTER_BOUND('',#13586,.T.);
#13588=DIRECTION('',(-0.03260373897453793,0.28634698135255454,-0.9575710952588117));
#13589=DIRECTION('',(-0.26165431106288906,-0.927111754602324,-0.26832967778537836));
#13590=AXIS2_PLACEMENT_3D('',#1058,#13588,#13589);
#13591=PLANE('',#13590);
#13592=FACE_SURFACE('',(#13587),#13591,.T.);
#13593=POLY_LOOP('',(#1058,#1097,#1065));
#13594=FACE_OUTER_BOUND('',#13593,.T.);
#13595=DIRECTION('',(-0.020771687043247406,0.27749933388856635,-0.9605012528408171));
#13596=DIRECTION('',(-0.6182147919466797,-0.7585899306622593,-0.2057955007189221));
#13597=AXIS2_PLACEMENT_3D('',#1058,#13595,#13596);
#13598=PLANE('',#13597);
#13599=FACE_SURFACE('',(#13594),#13598,.T.);
#13600=POLY_LOOP('',(#1065,#1097,#1098));
#13601=FACE_OUTER_BOUND('',#13600,.T.);
#13602=DIRECTION('',(-0.02476753449133506,0.26500616054569,-0.963928578323131));
#13603=DIRECTION('',(0.9553049743016168,-0.2778569513588826,-0.10093523000486451));
#13604=AXIS2_PLACEMENT_3D('',#1065,#13602,#13603);
#13605=PLANE('',#13604);
#13606=FACE_SURFACE('',(#13601),#13605,.T.);
#13607=POLY_LOOP('',(#1065,#1098,#1099));
#13608=FACE_OUTER_BOUND('',#13607,.T.);
#13609=DIRECTION('',(-0.011437351419244434,0.26370903723890604,-0.964534463184723));
#13610=DIRECTION('',(-0.10523948680892839,-0.959557811119181,-0.26110047402553554));
#13611=AXIS2_PLACEMENT_3D('',#1065,#13609,#13610);
#13612=PLANE('',#13611);
#13613=FACE_SURFACE('',(#13608),#13612,.T.);
#13614=POLY_LOOP('',(#1052,#1100,#1101));
#13615=FACE_OUTER_BOUND('',#13614,.T.);
#13616=DIRECTION('',(-6.875522352802694e-08,0.604449999419915,-0.7966430808092543));
#13617=DIRECTION('',(-0.9999999999999946,-1.0509171459023947e-07,6.568232161889967e-09));
#13618=AXIS2_PLACEMENT_3D('',#1052,#13616,#13617);
#13619=PLANE('',#13618);
#13620=FACE_SURFACE('',(#13615),#13619,.T.);
#13621=POLY_LOOP('',(#1060,#1094,#1096));
#13622=FACE_OUTER_BOUND('',#13621,.T.);
#13623=DIRECTION('',(-0.03896426629170201,0.31606531479140926,-0.9479369719227944));
#13624=DIRECTION('',(-0.6599094864929859,-0.720490241622351,-0.2131039215113836));
#13625=AXIS2_PLACEMENT_3D('',#1060,#13623,#13624);
#13626=PLANE('',#13625);
#13627=FACE_SURFACE('',(#13622),#13626,.T.);
#13628=POLY_LOOP('',(#1077,#1081,#1063));
#13629=FACE_OUTER_BOUND('',#13628,.T.);
#13630=DIRECTION('',(0.003926796267852984,0.1287733777295973,-0.9916662732286409));
#13631=DIRECTION('',(0.9681149088749448,0.24790263679190325,0.03602507301420856));
#13632=AXIS2_PLACEMENT_3D('',#1077,#13630,#13631);
#13633=PLANE('',#13632);
#13634=FACE_SURFACE('',(#13629),#13633,.T.);
#13635=POLY_LOOP('',(#1077,#1095,#1075));
#13636=FACE_OUTER_BOUND('',#13635,.T.);
#13637=DIRECTION('',(0.01193753904268082,0.2565812182409256,-0.966448950337061));
#13638=DIRECTION('',(-0.9053516652049082,-0.4075376099344936,-0.11937947394581892));
#13639=AXIS2_PLACEMENT_3D('',#1077,#13637,#13638);
#13640=PLANE('',#13639);
#13641=FACE_SURFACE('',(#13636),#13640,.T.);
#13642=POLY_LOOP('',(#1063,#1102,#1077));
#13643=FACE_OUTER_BOUND('',#13642,.T.);
#13644=DIRECTION('',(0.0017868628069264137,0.2603520563077077,-0.9655120993015351));
#13645=DIRECTION('',(-0.9777623277591281,-0.20202183082668906,-0.05628508047861448));
#13646=AXIS2_PLACEMENT_3D('',#1063,#13644,#13645);
#13647=PLANE('',#13646);
#13648=FACE_SURFACE('',(#13643),#13647,.T.);
#13649=POLY_LOOP('',(#1063,#1083,#1064));
#13650=FACE_OUTER_BOUND('',#13649,.T.);
#13651=DIRECTION('',(-0.01593125382318861,0.1302790677646706,-0.9913493630673245));
#13652=DIRECTION('',(0.9929423450738066,0.11859747689459216,-0.00037125943265313183));
#13653=AXIS2_PLACEMENT_3D('',#1063,#13651,#13652);
#13654=PLANE('',#13653);
#13655=FACE_SURFACE('',(#13650),#13654,.T.);
#13656=POLY_LOOP('',(#1078,#1103,#1079));
#13657=FACE_OUTER_BOUND('',#13656,.T.);
#13658=DIRECTION('',(0.12004817789651957,0.19582440056204087,-0.9732631910887428));
#13659=DIRECTION('',(0.572899432768071,0.7869823315793563,0.22900884200384639));
#13660=AXIS2_PLACEMENT_3D('',#1078,#13658,#13659);
#13661=PLANE('',#13660);
#13662=FACE_SURFACE('',(#13657),#13661,.T.);
#13663=POLY_LOOP('',(#1079,#1103,#1104));
#13664=FACE_OUTER_BOUND('',#13663,.T.);
#13665=DIRECTION('',(0.1549199901193393,0.17847270660805495,-0.9716724189033148));
#13666=DIRECTION('',(0.4253009572983389,0.8756925050827805,0.22865198941395826));
#13667=AXIS2_PLACEMENT_3D('',#1079,#13665,#13666);
#13668=PLANE('',#13667);
#13669=FACE_SURFACE('',(#13664),#13668,.T.);
#13670=POLY_LOOP('',(#1079,#1104,#1105));
#13671=FACE_OUTER_BOUND('',#13670,.T.);
#13672=DIRECTION('',(0.12421259805069483,0.21903823463343264,-0.9677775995827584));
#13673=DIRECTION('',(0.7863522131546627,0.5731103936088333,0.23063970517734392));
#13674=AXIS2_PLACEMENT_3D('',#1079,#13672,#13673);
#13675=PLANE('',#13674);
#13676=FACE_SURFACE('',(#13671),#13675,.T.);
#13677=POLY_LOOP('',(#1105,#1104,#1092));
#13678=FACE_OUTER_BOUND('',#13677,.T.);
#13679=DIRECTION('',(0.1502932651755197,0.06759981087853026,-0.9863276331990642));
#13680=DIRECTION('',(-0.9760412912724051,-0.1486279230614319,-0.15891236017925497));
#13681=AXIS2_PLACEMENT_3D('',#1105,#13679,#13680);
#13682=PLANE('',#13681);
#13683=FACE_SURFACE('',(#13678),#13682,.T.);
#13684=POLY_LOOP('',(#1105,#1092,#1091));
#13685=FACE_OUTER_BOUND('',#13684,.T.);
#13686=DIRECTION('',(0.10049993376615393,0.15267642485152716,-0.9831529243243672));
#13687=DIRECTION('',(0.8540221382674734,0.49372024900212774,0.16397104340196628));
#13688=AXIS2_PLACEMENT_3D('',#1105,#13686,#13687);
#13689=PLANE('',#13688);
#13690=FACE_SURFACE('',(#13685),#13689,.T.);
#13691=POLY_LOOP('',(#1077,#1102,#1095));
#13692=FACE_OUTER_BOUND('',#13691,.T.);
#13693=DIRECTION('',(0.009905882182124789,0.2607725049944284,-0.9653494570035894));
#13694=DIRECTION('',(0.05513064701218334,-0.9640708815801095,-0.2598613996910057));
#13695=AXIS2_PLACEMENT_3D('',#1077,#13693,#13694);
#13696=PLANE('',#13695);
#13697=FACE_SURFACE('',(#13692),#13696,.T.);
#13698=POLY_LOOP('',(#1106,#1107,#1080));
#13699=FACE_OUTER_BOUND('',#13698,.T.);
#13700=DIRECTION('',(0.02615621799178492,0.41300882260887517,-0.9103513413554114));
#13701=DIRECTION('',(-0.8542691791044783,-0.4637181230142065,-0.23492482206089252));
#13702=AXIS2_PLACEMENT_3D('',#1106,#13700,#13701);
#13703=PLANE('',#13702);
#13704=FACE_SURFACE('',(#13699),#13703,.T.);
#13705=POLY_LOOP('',(#1106,#1079,#1105));
#13706=FACE_OUTER_BOUND('',#13705,.T.);
#13707=DIRECTION('',(0.079425614582623,0.30005299901098104,-0.95061020904085));
#13708=DIRECTION('',(-0.927190675738768,-0.32796441757437644,-0.18098837429013676));
#13709=AXIS2_PLACEMENT_3D('',#1106,#13707,#13708);
#13710=PLANE('',#13709);
#13711=FACE_SURFACE('',(#13706),#13710,.T.);
#13712=POLY_LOOP('',(#1106,#1105,#1108));
#13713=FACE_OUTER_BOUND('',#13712,.T.);
#13714=DIRECTION('',(0.053427224570247914,0.3200196099778756,-0.9459032619165284));
#13715=DIRECTION('',(0.6158643643908148,0.7350848125026205,0.28348086902202907));
#13716=AXIS2_PLACEMENT_3D('',#1106,#13714,#13715);
#13717=PLANE('',#13716);
#13718=FACE_SURFACE('',(#13713),#13717,.T.);
#13719=POLY_LOOP('',(#1108,#1105,#1091));
#13720=FACE_OUTER_BOUND('',#13719,.T.);
#13721=DIRECTION('',(0.03751108030853758,0.31384420059686924,-0.9487332273119765));
#13722=DIRECTION('',(-0.389897743766116,0.8787501917410385,0.27527776866499815));
#13723=AXIS2_PLACEMENT_3D('',#1108,#13721,#13722);
#13724=PLANE('',#13723);
#13725=FACE_SURFACE('',(#13720),#13724,.T.);
#13726=POLY_LOOP('',(#1108,#1091,#1090));
#13727=FACE_OUTER_BOUND('',#13726,.T.);
#13728=DIRECTION('',(0.034634655415258474,0.3181467572351403,-0.9474086138013688));
#13729=DIRECTION('',(0.8419028168648987,0.5015199868165221,0.19919174124070582));
#13730=AXIS2_PLACEMENT_3D('',#1108,#13728,#13729);
#13731=PLANE('',#13730);
#13732=FACE_SURFACE('',(#13727),#13731,.T.);
#13733=POLY_LOOP('',(#1065,#1099,#1063));
#13734=FACE_OUTER_BOUND('',#13733,.T.);
#13735=DIRECTION('',(-0.0079158144369017,0.25578862920385526,-0.9667003243259066));
#13736=DIRECTION('',(-0.9189947321205201,-0.3829486806201273,-0.09380293356839728));
#13737=AXIS2_PLACEMENT_3D('',#1065,#13735,#13736);
#13738=PLANE('',#13737);
#13739=FACE_SURFACE('',(#13734),#13738,.T.);
#13740=POLY_LOOP('',(#1063,#1099,#1102));
#13741=FACE_OUTER_BOUND('',#13740,.T.);
#13742=DIRECTION('',(-0.0011438256233394406,0.2735202896650177,-0.9618655533932525));
#13743=DIRECTION('',(0.9383191506159676,-0.3322896929218434,-0.09560717318923392));
#13744=AXIS2_PLACEMENT_3D('',#1063,#13742,#13743);
#13745=PLANE('',#13744);
#13746=FACE_SURFACE('',(#13741),#13745,.T.);
#13747=POLY_LOOP('',(#1080,#1079,#1106));
#13748=FACE_OUTER_BOUND('',#13747,.T.);
#13749=DIRECTION('',(0.05031701553031958,0.36974219977316514,-0.9277709327495781));
#13750=DIRECTION('',(0.6717230505147974,0.6749194798336423,0.30540438626218297));
#13751=AXIS2_PLACEMENT_3D('',#1080,#13749,#13750);
#13752=PLANE('',#13751);
#13753=FACE_SURFACE('',(#13748),#13752,.T.);
#13754=POLY_LOOP('',(#1052,#1101,#1053));
#13755=FACE_OUTER_BOUND('',#13754,.T.);
#13756=DIRECTION('',(-0.00033389632665565357,0.6023827735578485,-0.7982072930223055));
#13757=DIRECTION('',(-0.9918102003989583,0.1017476122081096,0.07720071110117042));
#13758=AXIS2_PLACEMENT_3D('',#1052,#13756,#13757);
#13759=PLANE('',#13758);
#13760=FACE_SURFACE('',(#13755),#13759,.T.);
#13761=POLY_LOOP('',(#1089,#1109,#1082));
#13762=FACE_OUTER_BOUND('',#13761,.T.);
#13763=DIRECTION('',(0.00867322773731413,0.03986165148384438,-0.9991675654571645));
#13764=DIRECTION('',(-0.1593688346351448,0.9864885549672485,0.03797243033657233));
#13765=AXIS2_PLACEMENT_3D('',#1089,#13763,#13764);
#13766=PLANE('',#13765);
#13767=FACE_SURFACE('',(#13762),#13766,.T.);
#13768=POLY_LOOP('',(#1110,#1072,#1071));
#13769=FACE_OUTER_BOUND('',#13768,.T.);
#13770=DIRECTION('',(0.08760480089896505,0.0521947406502897,-0.9947869660926916));
#13771=DIRECTION('',(0.8628158563395921,-0.5030804227412036,0.04958715865532206));
#13772=AXIS2_PLACEMENT_3D('',#1110,#13770,#13771);
#13773=PLANE('',#13772);
#13774=FACE_SURFACE('',(#13769),#13773,.T.);
#13775=POLY_LOOP('',(#1111,#1112,#1113));
#13776=FACE_OUTER_BOUND('',#13775,.T.);
#13777=DIRECTION('',(-0.060539605773376394,0.006700891573899699,-0.9981433034313857));
#13778=DIRECTION('',(0.3156370043786211,0.9487940207511442,-0.012774492309590445));
#13779=AXIS2_PLACEMENT_3D('',#1111,#13777,#13778);
#13780=PLANE('',#13779);
#13781=FACE_SURFACE('',(#13776),#13780,.T.);
#13782=POLY_LOOP('',(#1113,#1112,#1114));
#13783=FACE_OUTER_BOUND('',#13782,.T.);
#13784=DIRECTION('',(-0.06434282953901536,0.0053057875424386116,-0.9979137482295088));
#13785=DIRECTION('',(-0.3428143626075145,0.9390122998197521,0.027096375721183997));
#13786=AXIS2_PLACEMENT_3D('',#1113,#13784,#13785);
#13787=PLANE('',#13786);
#13788=FACE_SURFACE('',(#13783),#13787,.T.);
#13789=POLY_LOOP('',(#1113,#1114,#1115));
#13790=FACE_OUTER_BOUND('',#13789,.T.);
#13791=DIRECTION('',(-0.0805258990198366,0.00558184035903559,-0.9967368873706107));
#13792=DIRECTION('',(0.01736059254081555,0.9998404861846492,0.0041966668531267775));
#13793=AXIS2_PLACEMENT_3D('',#1113,#13791,#13792);
#13794=PLANE('',#13793);
#13795=FACE_SURFACE('',(#13790),#13794,.T.);
#13796=POLY_LOOP('',(#1116,#1117,#1109));
#13797=FACE_OUTER_BOUND('',#13796,.T.);
#13798=DIRECTION('',(0.07254786523441693,0.00873983439546934,-0.9973266378397142));
#13799=DIRECTION('',(0.941310451391253,0.32991177932112725,0.0713642204943299));
#13800=AXIS2_PLACEMENT_3D('',#1116,#13798,#13799);
#13801=PLANE('',#13800);
#13802=FACE_SURFACE('',(#13797),#13801,.T.);
#13803=POLY_LOOP('',(#1109,#1117,#1118));
#13804=FACE_OUTER_BOUND('',#13803,.T.);
#13805=DIRECTION('',(0.04364587946046011,-0.0003260073403116934,-0.9990470113690032));
#13806=DIRECTION('',(-0.29854609006843025,0.9543017861168374,-0.01335414239354278));
#13807=AXIS2_PLACEMENT_3D('',#1109,#13805,#13806);
#13808=PLANE('',#13807);
#13809=FACE_SURFACE('',(#13804),#13808,.T.);
#13810=POLY_LOOP('',(#1109,#1118,#1119));
#13811=FACE_OUTER_BOUND('',#13810,.T.);
#13812=DIRECTION('',(0.02047983241153339,0.0029489973536798867,-0.9997859170237413));
#13813=DIRECTION('',(0.13979579593927002,0.9901634603494727,0.0057842222004583));
#13814=AXIS2_PLACEMENT_3D('',#1109,#13812,#13813);
#13815=PLANE('',#13814);
#13816=FACE_SURFACE('',(#13811),#13815,.T.);
#13817=POLY_LOOP('',(#1111,#1120,#1112));
#13818=FACE_OUTER_BOUND('',#13817,.T.);
#13819=DIRECTION('',(-0.04279448928585819,0.0007849320040166424,-0.9990835878786677));
#13820=DIRECTION('',(-0.09960869017423933,0.9950138808217552,0.005048347630899305));
#13821=AXIS2_PLACEMENT_3D('',#1111,#13819,#13820);
#13822=PLANE('',#13821);
#13823=FACE_SURFACE('',(#13818),#13822,.T.);
#13824=POLY_LOOP('',(#1119,#1118,#1121));
#13825=FACE_OUTER_BOUND('',#13824,.T.);
#13826=DIRECTION('',(0.021134596530928383,0.0033936251872834283,-0.9997708798207533));
#13827=DIRECTION('',(-0.5616158005824657,0.8273484987873416,-0.00906388936651522));
#13828=AXIS2_PLACEMENT_3D('',#1119,#13826,#13827);
#13829=PLANE('',#13828);
#13830=FACE_SURFACE('',(#13825),#13829,.T.);
#13831=POLY_LOOP('',(#1109,#1122,#1116));
#13832=FACE_OUTER_BOUND('',#13831,.T.);
#13833=DIRECTION('',(0.06432899056514234,-0.002596256181076127,-0.99792536816473));
#13834=DIRECTION('',(-0.9878013646312203,-0.14227011283527471,-0.06330623213031406));
#13835=AXIS2_PLACEMENT_3D('',#1109,#13833,#13834);
#13836=PLANE('',#13835);
#13837=FACE_SURFACE('',(#13832),#13836,.T.);
#13838=POLY_LOOP('',(#1116,#1122,#1123));
#13839=FACE_OUTER_BOUND('',#13838,.T.);
#13840=DIRECTION('',(0.09336505872541646,0.007671083934467302,-0.995602390656265));
#13841=DIRECTION('',(0.33158807447004374,-0.9431232896408841,0.02382875167115588));
#13842=AXIS2_PLACEMENT_3D('',#1116,#13840,#13841);
#13843=PLANE('',#13842);
#13844=FACE_SURFACE('',(#13839),#13843,.T.);
#13845=POLY_LOOP('',(#1116,#1123,#1124));
#13846=FACE_OUTER_BOUND('',#13845,.T.);
#13847=DIRECTION('',(0.11546750660225223,0.008564405290870028,-0.9932743356601301));
#13848=DIRECTION('',(0.040791324650918885,-0.999160180467943,-0.0038731899631987404));
#13849=AXIS2_PLACEMENT_3D('',#1116,#13847,#13848);
#13850=PLANE('',#13849);
#13851=FACE_SURFACE('',(#13846),#13850,.T.);
#13852=POLY_LOOP('',(#1124,#1123,#1125));
#13853=FACE_OUTER_BOUND('',#13852,.T.);
#13854=DIRECTION('',(0.1159358735427304,0.009062373164247073,-0.9932153576231674));
#13855=DIRECTION('',(0.7215846997614751,-0.6879236688212875,0.07795220936959572));
#13856=AXIS2_PLACEMENT_3D('',#1124,#13854,#13855);
#13857=PLANE('',#13856);
#13858=FACE_SURFACE('',(#13853),#13857,.T.);
#13859=POLY_LOOP('',(#1124,#1125,#1126));
#13860=FACE_OUTER_BOUND('',#13859,.T.);
#13861=DIRECTION('',(0.1462772510136222,0.018453657518535997,-0.9890714981031888));
#13862=DIRECTION('',(0.29241685846751014,-0.9559532792122708,0.025410801783856525));
#13863=AXIS2_PLACEMENT_3D('',#1124,#13861,#13862);
#13864=PLANE('',#13863);
#13865=FACE_SURFACE('',(#13860),#13864,.T.);
#13866=POLY_LOOP('',(#1126,#1125,#1127));
#13867=FACE_OUTER_BOUND('',#13866,.T.);
#13868=DIRECTION('',(0.14834675065282024,0.021045965909052968,-0.9887114386360183));
#13869=DIRECTION('',(0.7704455127211685,-0.6292600179322133,0.10220343320929269));
#13870=AXIS2_PLACEMENT_3D('',#1126,#13868,#13869);
#13871=PLANE('',#13870);
#13872=FACE_SURFACE('',(#13867),#13871,.T.);
#13873=POLY_LOOP('',(#1119,#1121,#1128));
#13874=FACE_OUTER_BOUND('',#13873,.T.);
#13875=DIRECTION('',(0.00025584399264758366,-0.0011659661935081037,-0.9999992875330898));
#13876=DIRECTION('',(-0.21334326863086434,0.9769765733107586,-0.001193705100456127));
#13877=AXIS2_PLACEMENT_3D('',#1119,#13875,#13876);
#13878=PLANE('',#13877);
#13879=FACE_SURFACE('',(#13874),#13878,.T.);
#13880=POLY_LOOP('',(#1126,#1127,#1129));
#13881=FACE_OUTER_BOUND('',#13880,.T.);
#13882=DIRECTION('',(0.1738101957942931,0.020085632178332678,-0.9845743157415525));
#13883=DIRECTION('',(-0.03341034413427704,-0.9990961488290272,-0.02627992199066662));
#13884=AXIS2_PLACEMENT_3D('',#1126,#13882,#13883);
#13885=PLANE('',#13884);
#13886=FACE_SURFACE('',(#13881),#13885,.T.);
#13887=POLY_LOOP('',(#1130,#1120,#1111));
#13888=FACE_OUTER_BOUND('',#13887,.T.);
#13889=DIRECTION('',(-0.03126585397179846,0.001941198280594239,-0.999509218629148));
#13890=DIRECTION('',(0.2344414897795378,0.9721149793691239,-0.005445618065786125));
#13891=AXIS2_PLACEMENT_3D('',#1130,#13889,#13890);
#13892=PLANE('',#13891);
#13893=FACE_SURFACE('',(#13888),#13892,.T.);
#13894=POLY_LOOP('',(#1119,#1128,#1130));
#13895=FACE_OUTER_BOUND('',#13894,.T.);
#13896=DIRECTION('',(-0.011242622996165352,0.001255766179314795,-0.9999360111924508));
#13897=DIRECTION('',(0.20608631574511183,0.9785332116276867,-0.0010882114734471996));
#13898=AXIS2_PLACEMENT_3D('',#1119,#13896,#13897);
#13899=PLANE('',#13898);
#13900=FACE_SURFACE('',(#13895),#13899,.T.);
#13901=POLY_LOOP('',(#1131,#1107,#1132));
#13902=FACE_OUTER_BOUND('',#13901,.T.);
#13903=DIRECTION('',(0.01979662005359915,0.45203432196767757,-0.8917808394430078));
#13904=DIRECTION('',(0.9706536175597875,0.20512353155670932,0.12552247416220594));
#13905=AXIS2_PLACEMENT_3D('',#1131,#13903,#13904);
#13906=PLANE('',#13905);
#13907=FACE_SURFACE('',(#13902),#13906,.T.);
#13908=POLY_LOOP('',(#1131,#1132,#1133));
#13909=FACE_OUTER_BOUND('',#13908,.T.);
#13910=DIRECTION('',(0.022438976245185427,0.453516042858668,-0.8909655948547525));
#13911=DIRECTION('',(0.5386582437414433,-0.7562563433104859,-0.37138072062512406));
#13912=AXIS2_PLACEMENT_3D('',#1131,#13910,#13911);
#13913=PLANE('',#13912);
#13914=FACE_SURFACE('',(#13909),#13913,.T.);
#13915=POLY_LOOP('',(#1134,#1135,#1129));
#13916=FACE_OUTER_BOUND('',#13915,.T.);
#13917=DIRECTION('',(0.2561237941002758,-0.0005176871632316034,-0.9666438506997705));
#13918=DIRECTION('',(-0.8153013981100687,-0.5373468099989716,-0.21573603320654716));
#13919=AXIS2_PLACEMENT_3D('',#1134,#13917,#13918);
#13920=PLANE('',#13919);
#13921=FACE_SURFACE('',(#13916),#13920,.T.);
#13922=POLY_LOOP('',(#1136,#1137,#1138));
#13923=FACE_OUTER_BOUND('',#13922,.T.);
#13924=DIRECTION('',(-0.14980408411840654,0.026226773840307433,-0.9883677922288719));
#13925=DIRECTION('',(0.6875219568308386,-0.7156370808585535,-0.12319548439672093));
#13926=AXIS2_PLACEMENT_3D('',#1136,#13924,#13925);
#13927=PLANE('',#13926);
#13928=FACE_SURFACE('',(#13923),#13927,.T.);
#13929=POLY_LOOP('',(#1138,#1137,#1139));
#13930=FACE_OUTER_BOUND('',#13929,.T.);
#13931=DIRECTION('',(-0.18166707927624728,0.0291598216257579,-0.9829276560917347));
#13932=DIRECTION('',(0.09372462374785845,0.9955232717392053,0.012211074031014249));
#13933=AXIS2_PLACEMENT_3D('',#1138,#13931,#13932);
#13934=PLANE('',#13933);
#13935=FACE_SURFACE('',(#13930),#13934,.T.);
#13936=POLY_LOOP('',(#1138,#1139,#1140));
#13937=FACE_OUTER_BOUND('',#13936,.T.);
#13938=DIRECTION('',(-0.1863002161380549,0.05308380443379016,-0.9810577654622328));
#13939=DIRECTION('',(0.9644728152683941,0.2002486738601602,-0.1723155745297135));
#13940=AXIS2_PLACEMENT_3D('',#1138,#13938,#13939);
#13941=PLANE('',#13940);
#13942=FACE_SURFACE('',(#13937),#13941,.T.);
#13943=POLY_LOOP('',(#1130,#1128,#1120));
#13944=FACE_OUTER_BOUND('',#13943,.T.);
#13945=DIRECTION('',(-0.02092746851007318,-0.0005535947275900603,-0.9997808432824853));
#13946=DIRECTION('',(-0.1835944271459232,0.9829965436600779,0.003298707822890265));
#13947=AXIS2_PLACEMENT_3D('',#1130,#13945,#13946);
#13948=PLANE('',#13947);
#13949=FACE_SURFACE('',(#13944),#13948,.T.);
#13950=POLY_LOOP('',(#1138,#1141,#1136));
#13951=FACE_OUTER_BOUND('',#13950,.T.);
#13952=DIRECTION('',(-0.16424307559538948,0.02198424245217982,-0.9861748857088031));
#13953=DIRECTION('',(-0.9084292994601209,0.3862466982709777,0.15990527182417255));
#13954=AXIS2_PLACEMENT_3D('',#1138,#13952,#13953);
#13955=PLANE('',#13954);
#13956=FACE_SURFACE('',(#13951),#13955,.T.);
#13957=POLY_LOOP('',(#1136,#1142,#1143));
#13958=FACE_OUTER_BOUND('',#13957,.T.);
#13959=DIRECTION('',(-0.12828898754933632,0.01848242228969008,-0.9915645897972919));
#13960=DIRECTION('',(-0.15183820586363786,-0.9884046071914689,0.0012213610397416536));
#13961=AXIS2_PLACEMENT_3D('',#1136,#13959,#13960);
#13962=PLANE('',#13961);
#13963=FACE_SURFACE('',(#13958),#13962,.T.);
#13964=POLY_LOOP('',(#1143,#1142,#1144));
#13965=FACE_OUTER_BOUND('',#13964,.T.);
#13966=DIRECTION('',(-0.13705022630324387,0.016032005724733223,-0.9904343543429174));
#13967=DIRECTION('',(0.2627660319033442,-0.963459732922502,-0.051955322293986014));
#13968=AXIS2_PLACEMENT_3D('',#1143,#13966,#13967);
#13969=PLANE('',#13968);
#13970=FACE_SURFACE('',(#13965),#13969,.T.);
#13971=POLY_LOOP('',(#1143,#1144,#1145));
#13972=FACE_OUTER_BOUND('',#13971,.T.);
#13973=DIRECTION('',(-0.10643083888736848,0.012491081086919573,-0.9942416453895959));
#13974=DIRECTION('',(-0.11489977167314085,-0.9933770733634707,-0.0001805139494636242));
#13975=AXIS2_PLACEMENT_3D('',#1143,#13973,#13974);
#13976=PLANE('',#13975);
#13977=FACE_SURFACE('',(#13972),#13976,.T.);
#13978=POLY_LOOP('',(#1145,#1144,#1085));
#13979=FACE_OUTER_BOUND('',#13978,.T.);
#13980=DIRECTION('',(-0.10951097432871688,0.011623318884416702,-0.9939176248360254));
#13981=DIRECTION('',(0.26698135091958247,-0.9628428755114649,-0.0406762257094786));
#13982=AXIS2_PLACEMENT_3D('',#1145,#13980,#13981);
#13983=PLANE('',#13982);
#13984=FACE_SURFACE('',(#13979),#13983,.T.);
#13985=POLY_LOOP('',(#1145,#1085,#1115));
#13986=FACE_OUTER_BOUND('',#13985,.T.);
#13987=DIRECTION('',(-0.09124689648607213,0.007186541052140619,-0.9958023687004194));
#13988=DIRECTION('',(-0.23462202272623825,-0.9719787628372661,0.014484165325835087));
#13989=AXIS2_PLACEMENT_3D('',#1145,#13987,#13988);
#13990=PLANE('',#13989);
#13991=FACE_SURFACE('',(#13986),#13990,.T.);
#13992=POLY_LOOP('',(#1115,#1085,#1113));
#13993=FACE_OUTER_BOUND('',#13992,.T.);
#13994=DIRECTION('',(-0.08819804798533336,0.007226138032508532,-0.9960767476759569));
#13995=DIRECTION('',(0.01223579319457153,-0.9998903819886815,-0.008337228042234104));
#13996=AXIS2_PLACEMENT_3D('',#1115,#13994,#13995);
#13997=PLANE('',#13996);
#13998=FACE_SURFACE('',(#13993),#13997,.T.);
#13999=POLY_LOOP('',(#1136,#1141,#1142));
#14000=FACE_OUTER_BOUND('',#13999,.T.);
#14001=DIRECTION('',(-0.15161208599800402,0.02206947006097042,-0.9881936621283107));
#14002=DIRECTION('',(0.003101169376694913,-0.9997351674394641,-0.02280302026670201));
#14003=AXIS2_PLACEMENT_3D('',#1136,#14001,#14002);
#14004=PLANE('',#14003);
#14005=FACE_SURFACE('',(#14000),#14004,.T.);
#14006=POLY_LOOP('',(#1122,#1109,#1089));
#14007=FACE_OUTER_BOUND('',#14006,.T.);
#14008=DIRECTION('',(0.05705467370377715,0.0476033836675243,-0.9972355198607589));
#14009=DIRECTION('',(0.9878013646312203,0.14227011283527471,0.06330623213031406));
#14010=AXIS2_PLACEMENT_3D('',#1122,#14008,#14009);
#14011=PLANE('',#14010);
#14012=FACE_SURFACE('',(#14007),#14011,.T.);
#14013=POLY_LOOP('',(#1129,#1127,#1146));
#14014=FACE_OUTER_BOUND('',#14013,.T.);
#14015=DIRECTION('',(0.1744715481343926,0.0205620760545224,-0.9844474998291765));
#14016=DIRECTION('',(0.5717527772486487,-0.8160850415287324,0.08428503248800599));
#14017=AXIS2_PLACEMENT_3D('',#1129,#14015,#14016);
#14018=PLANE('',#14017);
#14019=FACE_SURFACE('',(#14014),#14018,.T.);
#14020=POLY_LOOP('',(#1147,#1135,#1134));
#14021=FACE_OUTER_BOUND('',#14020,.T.);
#14022=DIRECTION('',(0.22316418167517524,0.05219643277540093,-0.9733823916749124));
#14023=DIRECTION('',(0.4708619638850124,0.868567697933083,0.15452884867743635));
#14024=AXIS2_PLACEMENT_3D('',#1147,#14022,#14023);
#14025=PLANE('',#14024);
#14026=FACE_SURFACE('',(#14021),#14025,.T.);
#14027=POLY_LOOP('',(#1103,#1147,#1148));
#14028=FACE_OUTER_BOUND('',#14027,.T.);
#14029=DIRECTION('',(0.21416369010076816,0.06090623205443212,-0.9748970944357942));
#14030=DIRECTION('',(0.4594759740960066,0.874460014509515,0.1555683523488773));
#14031=AXIS2_PLACEMENT_3D('',#1103,#14029,#14030);
#14032=PLANE('',#14031);
#14033=FACE_SURFACE('',(#14028),#14032,.T.);
#14034=POLY_LOOP('',(#1148,#1147,#1134));
#14035=FACE_OUTER_BOUND('',#14034,.T.);
#14036=DIRECTION('',(0.2129323160284027,0.06371996086027772,-0.9749869719020583));
#14037=DIRECTION('',(-0.8909536261019242,-0.3969526849945414,-0.22052256576472382));
#14038=AXIS2_PLACEMENT_3D('',#1148,#14036,#14037);
#14039=PLANE('',#14038);
#14040=FACE_SURFACE('',(#14035),#14039,.T.);
#14041=POLY_LOOP('',(#1148,#1134,#1149));
#14042=FACE_OUTER_BOUND('',#14041,.T.);
#14043=DIRECTION('',(0.2073867756548717,-0.007642225443013104,-0.9782291764580291));
#14044=DIRECTION('',(-0.9745696146731481,0.08515079462036285,-0.20727616440718072));
#14045=AXIS2_PLACEMENT_3D('',#1148,#14043,#14044);
#14046=PLANE('',#14045);
#14047=FACE_SURFACE('',(#14042),#14046,.T.);
#14048=POLY_LOOP('',(#1149,#1134,#1146));
#14049=FACE_OUTER_BOUND('',#14048,.T.);
#14050=DIRECTION('',(0.1845573224543623,0.06001335322970027,-0.9809877635131867));
#14051=DIRECTION('',(-0.9270784469149808,-0.32074164953113976,-0.19403697462532907));
#14052=AXIS2_PLACEMENT_3D('',#1149,#14050,#14051);
#14053=PLANE('',#14052);
#14054=FACE_SURFACE('',(#14049),#14053,.T.);
#14055=POLY_LOOP('',(#1149,#1146,#1127));
#14056=FACE_OUTER_BOUND('',#14055,.T.);
#14057=DIRECTION('',(0.1632189132493455,0.04584516307228982,-0.9855241282589573));
#14058=DIRECTION('',(-0.5448275883156634,0.8369775858060865,-0.051297367070376874));
#14059=AXIS2_PLACEMENT_3D('',#1149,#14057,#14058);
#14060=PLANE('',#14059);
#14061=FACE_SURFACE('',(#14056),#14060,.T.);
#14062=POLY_LOOP('',(#1103,#1148,#1104));
#14063=FACE_OUTER_BOUND('',#14062,.T.);
#14064=DIRECTION('',(0.19573360335163517,0.09239727908685323,-0.9762945761071967));
#14065=DIRECTION('',(0.8385856904231221,0.5003432628305592,0.21547774631651745));
#14066=AXIS2_PLACEMENT_3D('',#1103,#14064,#14065);
#14067=PLANE('',#14066);
#14068=FACE_SURFACE('',(#14063),#14067,.T.);
#14069=POLY_LOOP('',(#1110,#1125,#1123));
#14070=FACE_OUTER_BOUND('',#14069,.T.);
#14071=DIRECTION('',(0.10582092545621667,0.04533033593369932,-0.9933514445450451));
#14072=DIRECTION('',(-0.9943396292749839,0.01438772226017644,-0.10526963048026629));
#14073=AXIS2_PLACEMENT_3D('',#1110,#14071,#14072);
#14074=PLANE('',#14073);
#14075=FACE_SURFACE('',(#14070),#14074,.T.);
#14076=POLY_LOOP('',(#1104,#1148,#1149));
#14077=FACE_OUTER_BOUND('',#14076,.T.);
#14078=DIRECTION('',(0.1945239244463781,0.018958670418982214,-0.9807145413594743));
#14079=DIRECTION('',(-0.9806135248114337,0.02782664764708011,-0.19396595741939132));
#14080=AXIS2_PLACEMENT_3D('',#1104,#14078,#14079);
#14081=PLANE('',#14080);
#14082=FACE_SURFACE('',(#14077),#14081,.T.);
#14083=POLY_LOOP('',(#1092,#1149,#1110));
#14084=FACE_OUTER_BOUND('',#14083,.T.);
#14085=DIRECTION('',(0.15208172372384063,-0.03686166393500297,-0.9876802959668318));
#14086=DIRECTION('',(-0.9824518861951345,-0.11481169521400407,-0.14699172069783134));
#14087=AXIS2_PLACEMENT_3D('',#1092,#14085,#14086);
#14088=PLANE('',#14087);
#14089=FACE_SURFACE('',(#14084),#14088,.T.);
#14090=POLY_LOOP('',(#1092,#1110,#1071));
#14091=FACE_OUTER_BOUND('',#14090,.T.);
#14092=DIRECTION('',(0.10865510730583453,0.05184715946433685,-0.9927265180863444));
#14093=DIRECTION('',(0.8889008472222816,0.4420011109198736,0.1203756692737679));
#14094=AXIS2_PLACEMENT_3D('',#1092,#14092,#14093);
#14095=PLANE('',#14094);
#14096=FACE_SURFACE('',(#14091),#14095,.T.);
#14097=POLY_LOOP('',(#1081,#1076,#1089));
#14098=FACE_OUTER_BOUND('',#14097,.T.);
#14099=DIRECTION('',(0.02322629513028668,0.05123287424296123,-0.9984166123474337));
#14100=DIRECTION('',(-0.9975816308175918,-0.06425286355395093,-0.02650395027974898));
#14101=AXIS2_PLACEMENT_3D('',#1081,#14099,#14100);
#14102=PLANE('',#14101);
#14103=FACE_SURFACE('',(#14098),#14102,.T.);
#14104=POLY_LOOP('',(#1089,#1076,#1074));
#14105=FACE_OUTER_BOUND('',#14104,.T.);
#14106=DIRECTION('',(0.041630982314882804,0.051071307848591894,-0.9978269302970992));
#14107=DIRECTION('',(-0.007119530874928062,-0.9986522236616238,-0.051410587001268826));
#14108=AXIS2_PLACEMENT_3D('',#1089,#14106,#14107);
#14109=PLANE('',#14108);
#14110=FACE_SURFACE('',(#14105),#14109,.T.);
#14111=POLY_LOOP('',(#1089,#1074,#1110));
#14112=FACE_OUTER_BOUND('',#14111,.T.);
#14113=DIRECTION('',(0.06971305092206033,0.012903324352817016,-0.997483631320226));
#14114=DIRECTION('',(-0.803560124892033,-0.5917928121286434,-0.06381530534575933));
#14115=AXIS2_PLACEMENT_3D('',#1089,#14113,#14114);
#14116=PLANE('',#14115);
#14117=FACE_SURFACE('',(#14112),#14116,.T.);
#14118=POLY_LOOP('',(#1110,#1074,#1072));
#14119=FACE_OUTER_BOUND('',#14118,.T.);
#14120=DIRECTION('',(0.06936142548176885,0.02065078366956961,-0.9973778310093772));
#14121=DIRECTION('',(0.9965486623506182,0.04427032267841704,0.07022038234830628));
#14122=AXIS2_PLACEMENT_3D('',#1110,#14120,#14121);
#14123=PLANE('',#14122);
#14124=FACE_SURFACE('',(#14119),#14123,.T.);
#14125=POLY_LOOP('',(#1104,#1149,#1092));
#14126=FACE_OUTER_BOUND('',#14125,.T.);
#14127=DIRECTION('',(0.13444937430088122,0.1102860600183687,-0.9847641091732204));
#14128=DIRECTION('',(0.8193067419879039,0.5466089142090756,0.17307558302759432));
#14129=AXIS2_PLACEMENT_3D('',#1104,#14127,#14128);
#14130=PLANE('',#14129);
#14131=FACE_SURFACE('',(#14126),#14130,.T.);
#14132=POLY_LOOP('',(#1129,#1146,#1134));
#14133=FACE_OUTER_BOUND('',#14132,.T.);
#14134=DIRECTION('',(0.1990354562217152,0.03281191047394985,-0.9794428343184012));
#14135=DIRECTION('',(0.4359418785431875,-0.8980713024134233,0.05850311370939556));
#14136=AXIS2_PLACEMENT_3D('',#1129,#14134,#14135);
#14137=PLANE('',#14136);
#14138=FACE_SURFACE('',(#14133),#14137,.T.);
#14139=POLY_LOOP('',(#1110,#1127,#1125));
#14140=FACE_OUTER_BOUND('',#14139,.T.);
#14141=DIRECTION('',(0.10624756655756329,0.1309624212394008,-0.985677583606176));
#14142=DIRECTION('',(-0.9699041755261619,-0.20476094725823785,-0.13175296875146753));
#14143=AXIS2_PLACEMENT_3D('',#1110,#14141,#14142);
#14144=PLANE('',#14143);
#14145=FACE_SURFACE('',(#14140),#14144,.T.);
#14146=POLY_LOOP('',(#1110,#1122,#1089));
#14147=FACE_OUTER_BOUND('',#14146,.T.);
#14148=DIRECTION('',(0.05734583645782596,0.08829396876466335,-0.9944423714427786));
#14149=DIRECTION('',(0.8358464006904316,0.5404709203944579,0.09618720632609029));
#14150=AXIS2_PLACEMENT_3D('',#1110,#14148,#14149);
#14151=PLANE('',#14150);
#14152=FACE_SURFACE('',(#14147),#14151,.T.);
#14153=POLY_LOOP('',(#1088,#1140,#1087));
#14154=FACE_OUTER_BOUND('',#14153,.T.);
#14155=DIRECTION('',(-0.219855423740695,0.04568739687798188,-0.9744620333385562));
#14156=DIRECTION('',(0.20890830516772974,0.9779343912792218,-0.0012831154604520294));
#14157=AXIS2_PLACEMENT_3D('',#1088,#14155,#14156);
#14158=PLANE('',#14157);
#14159=FACE_SURFACE('',(#14154),#14158,.T.);
#14160=POLY_LOOP('',(#1140,#1088,#1138));
#14161=FACE_OUTER_BOUND('',#14160,.T.);
#14162=DIRECTION('',(-0.1931966654673997,0.03998478068091945,-0.9803449728366931));
#14163=DIRECTION('',(-0.20890830516772974,-0.9779343912792218,0.0012831154604520294));
#14164=AXIS2_PLACEMENT_3D('',#1140,#14162,#14163);
#14165=PLANE('',#14164);
#14166=FACE_SURFACE('',(#14161),#14165,.T.);
#14167=POLY_LOOP('',(#1138,#1088,#1086));
#14168=FACE_OUTER_BOUND('',#14167,.T.);
#14169=DIRECTION('',(-0.14901731920731226,0.10118802468146723,-0.9836436459599223));
#14170=DIRECTION('',(0.7929494179270625,-0.5820896415077773,-0.18000797165259097));
#14171=AXIS2_PLACEMENT_3D('',#1138,#14169,#14170);
#14172=PLANE('',#14171);
#14173=FACE_SURFACE('',(#14168),#14172,.T.);
#14174=POLY_LOOP('',(#1138,#1086,#1141));
#14175=FACE_OUTER_BOUND('',#14174,.T.);
#14176=DIRECTION('',(-0.15036182997405317,0.0550147441446162,-0.9870991328197775));
#14177=DIRECTION('',(-0.988300831188094,0.017439019008495545,0.1515168231218696));
#14178=AXIS2_PLACEMENT_3D('',#1138,#14176,#14177);
#14179=PLANE('',#14178);
#14180=FACE_SURFACE('',(#14175),#14179,.T.);
#14181=POLY_LOOP('',(#1085,#1144,#1086));
#14182=FACE_OUTER_BOUND('',#14181,.T.);
#14183=DIRECTION('',(-0.08375461937897055,0.1076784986126677,-0.9906515556285195));
#14184=DIRECTION('',(0.9610589419698556,-0.2539980452917041,-0.10886093444287104));
#14185=AXIS2_PLACEMENT_3D('',#1085,#14183,#14184);
#14186=PLANE('',#14185);
#14187=FACE_SURFACE('',(#14182),#14186,.T.);
#14188=POLY_LOOP('',(#1086,#1144,#1142));
#14189=FACE_OUTER_BOUND('',#14188,.T.);
#14190=DIRECTION('',(-0.12676535895103783,0.046275234400871675,-0.9908527370155258));
#14191=DIRECTION('',(-0.812253569238451,0.5685264375080498,0.13046773207886472));
#14192=AXIS2_PLACEMENT_3D('',#1086,#14190,#14191);
#14193=PLANE('',#14192);
#14194=FACE_SURFACE('',(#14189),#14193,.T.);
#14195=POLY_LOOP('',(#1149,#1127,#1110));
#14196=FACE_OUTER_BOUND('',#14195,.T.);
#14197=DIRECTION('',(0.12471627295969681,0.04695712626675921,-0.9910806624850521));
#14198=DIRECTION('',(0.021617204640236178,0.9985137641031882,0.05002958484761636));
#14199=AXIS2_PLACEMENT_3D('',#1149,#14197,#14198);
#14200=PLANE('',#14199);
#14201=FACE_SURFACE('',(#14196),#14200,.T.);
#14202=POLY_LOOP('',(#1086,#1142,#1141));
#14203=FACE_OUTER_BOUND('',#14202,.T.);
#14204=DIRECTION('',(-0.14245600664822958,0.0458621309040357,-0.9887380599121188));
#14205=DIRECTION('',(-0.01966658482010402,0.9985976208771241,0.04915299604358875));
#14206=AXIS2_PLACEMENT_3D('',#1086,#14204,#14205);
#14207=PLANE('',#14206);
#14208=FACE_SURFACE('',(#14203),#14207,.T.);
#14209=POLY_LOOP('',(#1084,#1111,#1113));
#14210=FACE_OUTER_BOUND('',#14209,.T.);
#14211=DIRECTION('',(-0.05459568366375668,0.0493665578556877,-0.997287448176687));
#14212=DIRECTION('',(-0.9576561889073659,0.28017776305613534,0.0662951350875718));
#14213=AXIS2_PLACEMENT_3D('',#1084,#14211,#14212);
#14214=PLANE('',#14213);
#14215=FACE_SURFACE('',(#14210),#14214,.T.);
#14216=POLY_LOOP('',(#1084,#1113,#1085));
#14217=FACE_OUTER_BOUND('',#14216,.T.);
#14218=DIRECTION('',(-0.08053243866134883,0.044197265769372836,-0.995771624430907));
#14219=DIRECTION('',(-0.19180190468635824,0.9796589919723095,0.058993972628425845));
#14220=AXIS2_PLACEMENT_3D('',#1084,#14218,#14219);
#14221=PLANE('',#14220);
#14222=FACE_SURFACE('',(#14217),#14221,.T.);
#14223=POLY_LOOP('',(#1109,#1119,#1082));
#14224=FACE_OUTER_BOUND('',#14223,.T.);
#14225=DIRECTION('',(0.014652819804902541,0.12983710548134114,-0.9914270628301368));
#14226=DIRECTION('',(0.9987966808424525,0.04451075003817489,0.02059085887327343));
#14227=AXIS2_PLACEMENT_3D('',#1109,#14225,#14226);
#14228=PLANE('',#14227);
#14229=FACE_SURFACE('',(#14224),#14228,.T.);
#14230=POLY_LOOP('',(#1082,#1119,#1130));
#14231=FACE_OUTER_BOUND('',#14230,.T.);
#14232=DIRECTION('',(-0.010194649332278713,0.044455305887334276,-0.9989593559817415));
#14233=DIRECTION('',(-0.9604547699834514,0.2775533594154535,0.0221532727431319));
#14234=AXIS2_PLACEMENT_3D('',#1082,#14232,#14233);
#14235=PLANE('',#14234);
#14236=FACE_SURFACE('',(#14231),#14235,.T.);
#14237=POLY_LOOP('',(#1082,#1130,#1111));
#14238=FACE_OUTER_BOUND('',#14237,.T.);
#14239=DIRECTION('',(-0.028347116434642744,0.044373234270694534,-0.9986127663264671));
#14240=DIRECTION('',(-0.0036671814542472534,0.9990028910437447,0.04449466784257961));
#14241=AXIS2_PLACEMENT_3D('',#1082,#14239,#14240);
#14242=PLANE('',#14241);
#14243=FACE_SURFACE('',(#14238),#14242,.T.);
#14244=POLY_LOOP('',(#1110,#1123,#1122));
#14245=FACE_OUTER_BOUND('',#14244,.T.);
#14246=DIRECTION('',(0.08496995812514693,0.045731439856735584,-0.9953334826201922));
#14247=DIRECTION('',(0.014731519106311571,0.9987793090467536,0.047147366468443794));
#14248=AXIS2_PLACEMENT_3D('',#1110,#14246,#14247);
#14249=PLANE('',#14248);
#14250=FACE_SURFACE('',(#14245),#14249,.T.);
#14251=POLY_LOOP('',(#1082,#1111,#1084));
#14252=FACE_OUTER_BOUND('',#14251,.T.);
#14253=DIRECTION('',(-0.04102856537917668,0.09510846661274691,-0.9946210516581171));
#14254=DIRECTION('',(0.9697079966055413,0.2436956653088396,-0.016698024702027657));
#14255=AXIS2_PLACEMENT_3D('',#1082,#14253,#14254);
#14256=PLANE('',#14255);
#14257=FACE_SURFACE('',(#14252),#14256,.T.);
#14258=POLY_LOOP('',(#1080,#1107,#1131));
#14259=FACE_OUTER_BOUND('',#14258,.T.);
#14260=DIRECTION('',(0.02981510330280354,0.4152869064632387,-0.9092017625011712));
#14261=DIRECTION('',(0.5713449323268514,-0.7534425137718801,-0.3254064331655656));
#14262=AXIS2_PLACEMENT_3D('',#1080,#14260,#14261);
#14263=PLANE('',#14262);
#14264=FACE_SURFACE('',(#14259),#14263,.T.);
#14265=POLY_LOOP('',(#1053,#1101,#1150));
#14266=FACE_OUTER_BOUND('',#14265,.T.);
#14267=DIRECTION('',(0.00018001673704347697,0.537678398736654,-0.8431499908829756));
#14268=DIRECTION('',(-0.999978721105859,-0.005401488440965441,-0.0036580402011144775));
#14269=AXIS2_PLACEMENT_3D('',#1053,#14267,#14268);
#14270=PLANE('',#14269);
#14271=FACE_SURFACE('',(#14266),#14270,.T.);
#14272=POLY_LOOP('',(#1151,#1150,#1133));
#14273=FACE_OUTER_BOUND('',#14272,.T.);
#14274=DIRECTION('',(1.0171372868121406e-06,0.4968928108259605,-0.8678119234882877));
#14275=DIRECTION('',(-0.9999999943439206,-9.178965990761256e-05,-5.372910665929678e-05));
#14276=AXIS2_PLACEMENT_3D('',#1151,#14274,#14275);
#14277=PLANE('',#14276);
#14278=FACE_SURFACE('',(#14273),#14277,.T.);
#14279=POLY_LOOP('',(#836,#1136,#837));
#14280=FACE_OUTER_BOUND('',#14279,.T.);
#14281=DIRECTION('',(0.42755960497250545,0.5930446344878649,-0.68226889545172));
#14282=DIRECTION('',(-0.8943195727058075,0.16740971173413316,-0.41492950038819393));
#14283=AXIS2_PLACEMENT_3D('',#836,#14281,#14282);
#14284=PLANE('',#14283);
#14285=FACE_SURFACE('',(#14280),#14284,.T.);
#14286=POLY_LOOP('',(#837,#1136,#1143));
#14287=FACE_OUTER_BOUND('',#14286,.T.);
#14288=DIRECTION('',(0.3827018596900139,0.595965157599083,-0.7059495856771256));
#14289=DIRECTION('',(0.23726290693781957,-0.8018925358662994,-0.5483381018252618));
#14290=AXIS2_PLACEMENT_3D('',#837,#14288,#14289);
#14291=PLANE('',#14290);
#14292=FACE_SURFACE('',(#14287),#14291,.T.);
#14293=POLY_LOOP('',(#837,#1143,#825));
#14294=FACE_OUTER_BOUND('',#14293,.T.);
#14295=DIRECTION('',(0.342406690911508,0.6258952764245996,-0.700723027285678));
#14296=DIRECTION('',(-0.4805545221202477,-0.5242044734192921,-0.703048377650488));
#14297=AXIS2_PLACEMENT_3D('',#837,#14295,#14296);
#14298=PLANE('',#14297);
#14299=FACE_SURFACE('',(#14294),#14298,.T.);
#14300=POLY_LOOP('',(#825,#1143,#1145));
#14301=FACE_OUTER_BOUND('',#14300,.T.);
#14302=DIRECTION('',(0.31629750746558527,0.6392266578519393,-0.7009601748048868));
#14303=DIRECTION('',(-0.31361479020558075,-0.62689369809437,-0.7131970657916886));
#14304=AXIS2_PLACEMENT_3D('',#825,#14302,#14303);
#14305=PLANE('',#14304);
#14306=FACE_SURFACE('',(#14301),#14305,.T.);
#14307=POLY_LOOP('',(#825,#1145,#873));
#14308=FACE_OUTER_BOUND('',#14307,.T.);
#14309=DIRECTION('',(0.3129103317171921,0.6472577072025741,-0.6950860268855242));
#14310=DIRECTION('',(-0.8928447253168251,-0.04912142435390773,-0.4476777659694148));
#14311=AXIS2_PLACEMENT_3D('',#825,#14309,#14310);
#14312=PLANE('',#14311);
#14313=FACE_SURFACE('',(#14308),#14312,.T.);
#14314=POLY_LOOP('',(#873,#1145,#872));
#14315=FACE_OUTER_BOUND('',#14314,.T.);
#14316=DIRECTION('',(0.25738567536054247,0.6775758735361408,-0.688943792860443));
#14317=DIRECTION('',(-0.394303047482508,-0.5772629273581402,-0.7150472847608874));
#14318=AXIS2_PLACEMENT_3D('',#873,#14316,#14317);
#14319=PLANE('',#14318);
#14320=FACE_SURFACE('',(#14315),#14319,.T.);
#14321=POLY_LOOP('',(#836,#1137,#1136));
#14322=FACE_OUTER_BOUND('',#14321,.T.);
#14323=DIRECTION('',(0.4350761229623532,0.5417838556411633,-0.7191515980616621));
#14324=DIRECTION('',(-0.6012195235772805,-0.41975403895883506,-0.6799570804449738));
#14325=AXIS2_PLACEMENT_3D('',#836,#14323,#14324);
#14326=PLANE('',#14325);
#14327=FACE_SURFACE('',(#14322),#14326,.T.);
#14328=POLY_LOOP('',(#1145,#1115,#872));
#14329=FACE_OUTER_BOUND('',#14328,.T.);
#14330=DIRECTION('',(0.2768492049250319,0.6816737321763937,-0.677255816212075));
#14331=DIRECTION('',(-0.8909302176659312,0.44614194059340684,0.08485703325762489));
#14332=AXIS2_PLACEMENT_3D('',#1145,#14330,#14331);
#14333=PLANE('',#14332);
#14334=FACE_SURFACE('',(#14329),#14333,.T.);
#14335=POLY_LOOP('',(#872,#1114,#916));
#14336=FACE_OUTER_BOUND('',#14335,.T.);
#14337=DIRECTION('',(0.21654759019373856,0.6933725749353992,-0.6872711353670681));
#14338=DIRECTION('',(-0.2992148572092633,-0.6229591189119258,-0.7227671861600506));
#14339=AXIS2_PLACEMENT_3D('',#872,#14337,#14338);
#14340=PLANE('',#14339);
#14341=FACE_SURFACE('',(#14336),#14340,.T.);
#14342=POLY_LOOP('',(#916,#1114,#1112));
#14343=FACE_OUTER_BOUND('',#14342,.T.);
#14344=DIRECTION('',(0.18876043005618964,0.6962360258529277,-0.6925495623776856));
#14345=DIRECTION('',(0.05952168255836111,-0.7120421806674335,-0.6996092496928467));
#14346=AXIS2_PLACEMENT_3D('',#916,#14344,#14345);
#14347=PLANE('',#14346);
#14348=FACE_SURFACE('',(#14343),#14347,.T.);
#14349=POLY_LOOP('',(#916,#1112,#914));
#14350=FACE_OUTER_BOUND('',#14349,.T.);
#14351=DIRECTION('',(0.18370102386386117,0.7020853711588854,-0.68798987306214));
#14352=DIRECTION('',(-0.8048242297782973,-0.29441393883474065,-0.5153429846049951));
#14353=AXIS2_PLACEMENT_3D('',#916,#14351,#14352);
#14354=PLANE('',#14353);
#14355=FACE_SURFACE('',(#14350),#14354,.T.);
#14356=POLY_LOOP('',(#914,#1112,#1120));
#14357=FACE_OUTER_BOUND('',#14356,.T.);
#14358=DIRECTION('',(0.12453044443645836,0.71753757941817,-0.6852970089903879));
#14359=DIRECTION('',(-0.20464941233153167,-0.6572481417817028,-0.7253574967951028));
#14360=AXIS2_PLACEMENT_3D('',#914,#14358,#14359);
#14361=PLANE('',#14360);
#14362=FACE_SURFACE('',(#14357),#14361,.T.);
#14363=POLY_LOOP('',(#914,#1120,#909));
#14364=FACE_OUTER_BOUND('',#14363,.T.);
#14365=DIRECTION('',(0.12745843276477775,0.7135563388921062,-0.6889061613485833));
#14366=DIRECTION('',(-0.8690223075006848,-0.2544451144346523,-0.42433231412010325));
#14367=AXIS2_PLACEMENT_3D('',#914,#14365,#14366);
#14368=PLANE('',#14367);
#14369=FACE_SURFACE('',(#14364),#14368,.T.);
#14370=POLY_LOOP('',(#909,#1120,#907));
#14371=FACE_OUTER_BOUND('',#14370,.T.);
#14372=DIRECTION('',(0.0835845720973781,0.720716406459346,-0.688172566125405));
#14373=DIRECTION('',(-0.12274820284582912,-0.6778834589749356,-0.7248495669766907));
#14374=AXIS2_PLACEMENT_3D('',#909,#14372,#14373);
#14375=PLANE('',#14374);
#14376=FACE_SURFACE('',(#14371),#14375,.T.);
#14377=POLY_LOOP('',(#872,#1115,#1114));
#14378=FACE_OUTER_BOUND('',#14377,.T.);
#14379=DIRECTION('',(0.23810974623360628,0.6847590065864047,-0.6887734399985004));
#14380=DIRECTION('',(0.1421787663568716,-0.7261058392268649,-0.6727224603340434));
#14381=AXIS2_PLACEMENT_3D('',#872,#14379,#14380);
#14382=PLANE('',#14381);
#14383=FACE_SURFACE('',(#14378),#14382,.T.);
#14384=POLY_LOOP('',(#907,#1120,#1128));
#14385=FACE_OUTER_BOUND('',#14384,.T.);
#14386=DIRECTION('',(0.06039581487257567,0.7167408430196058,-0.6947193026636171));
#14387=DIRECTION('',(0.3052611218003566,-0.675907202810828,-0.6707943803473835));
#14388=AXIS2_PLACEMENT_3D('',#907,#14386,#14387);
#14389=PLANE('',#14388);
#14390=FACE_SURFACE('',(#14385),#14389,.T.);
#14391=POLY_LOOP('',(#808,#1137,#836));
#14392=FACE_OUTER_BOUND('',#14391,.T.);
#14393=DIRECTION('',(0.4602133609347585,0.5137418360362439,-0.7240669777881343));
#14394=DIRECTION('',(-0.7278900477334183,-0.24860999092973782,-0.6390376755877213));
#14395=AXIS2_PLACEMENT_3D('',#808,#14393,#14394);
#14396=PLANE('',#14395);
#14397=FACE_SURFACE('',(#14392),#14396,.T.);
#14398=POLY_LOOP('',(#814,#1139,#808));
#14399=FACE_OUTER_BOUND('',#14398,.T.);
#14400=DIRECTION('',(0.483990753502795,0.4840488594263475,-0.7290059342775259));
#14401=DIRECTION('',(-0.6548173551894566,-0.35229676920548886,-0.6686562777317353));
#14402=AXIS2_PLACEMENT_3D('',#814,#14400,#14401);
#14403=PLANE('',#14402);
#14404=FACE_SURFACE('',(#14399),#14403,.T.);
#14405=POLY_LOOP('',(#1131,#201,#1080));
#14406=FACE_OUTER_BOUND('',#14405,.T.);
#14407=DIRECTION('',(-0.5565485297126173,0.6327680173189373,-0.5383849648095543));
#14408=DIRECTION('',(-0.7129129011716525,-0.03096723973728107,0.7005685015800177));
#14409=AXIS2_PLACEMENT_3D('',#1131,#14407,#14408);
#14410=PLANE('',#14409);
#14411=FACE_SURFACE('',(#14406),#14410,.T.);
#14412=POLY_LOOP('',(#1080,#201,#200));
#14413=FACE_OUTER_BOUND('',#14412,.T.);
#14414=DIRECTION('',(-0.5809756812487838,0.5361678061362619,-0.6123653659871199));
#14415=DIRECTION('',(-0.7978201325602717,-0.22623732068736385,0.5588378215633883));
#14416=AXIS2_PLACEMENT_3D('',#1080,#14414,#14415);
#14417=PLANE('',#14416);
#14418=FACE_SURFACE('',(#14413),#14417,.T.);
#14419=POLY_LOOP('',(#1080,#200,#1078));
#14420=FACE_OUTER_BOUND('',#14419,.T.);
#14421=DIRECTION('',(-0.5443977431611393,0.609026990649049,-0.5768164542573498));
#14422=DIRECTION('',(-0.7166680033692011,0.019650994177078832,0.697137584250523));
#14423=AXIS2_PLACEMENT_3D('',#1080,#14421,#14422);
#14424=PLANE('',#14423);
#14425=FACE_SURFACE('',(#14420),#14424,.T.);
#14426=POLY_LOOP('',(#1078,#200,#199));
#14427=FACE_OUTER_BOUND('',#14426,.T.);
#14428=DIRECTION('',(-0.5407788508517244,0.49821585855086303,-0.6777456696725659));
#14429=DIRECTION('',(-0.8386605528745766,-0.3814722094387539,0.3887511163688472));
#14430=AXIS2_PLACEMENT_3D('',#1078,#14428,#14429);
#14431=PLANE('',#14430);
#14432=FACE_SURFACE('',(#14427),#14431,.T.);
#14433=POLY_LOOP('',(#1078,#199,#1103));
#14434=FACE_OUTER_BOUND('',#14433,.T.);
#14435=DIRECTION('',(-0.5073416718815427,0.5599418430711974,-0.6550340146515078));
#14436=DIRECTION('',(-0.7208419640135061,0.1407771757724807,0.6786520829546427));
#14437=AXIS2_PLACEMENT_3D('',#1078,#14435,#14436);
#14438=PLANE('',#14437);
#14439=FACE_SURFACE('',(#14434),#14438,.T.);
#14440=POLY_LOOP('',(#1103,#199,#205));
#14441=FACE_OUTER_BOUND('',#14440,.T.);
#14442=DIRECTION('',(-0.511972625964556,0.43369469372913677,-0.7414802376962902));
#14443=DIRECTION('',(-0.8589550360733688,-0.26747516984417535,0.4366386143265701));
#14444=AXIS2_PLACEMENT_3D('',#1103,#14442,#14443);
#14445=PLANE('',#14444);
#14446=FACE_SURFACE('',(#14441),#14445,.T.);
#14447=POLY_LOOP('',(#808,#1139,#1137));
#14448=FACE_OUTER_BOUND('',#14447,.T.);
#14449=DIRECTION('',(0.4768433152398858,0.48618378479015084,-0.7322880445003584));
#14450=DIRECTION('',(0.0039669072448765465,-0.8342851096022269,-0.5513189816638919));
#14451=AXIS2_PLACEMENT_3D('',#808,#14449,#14450);
#14452=PLANE('',#14451);
#14453=FACE_SURFACE('',(#14448),#14452,.T.);
#14454=POLY_LOOP('',(#1152,#1135,#1147));
#14455=FACE_OUTER_BOUND('',#14454,.T.);
#14456=DIRECTION('',(-0.5219796439250349,0.415501255215052,-0.7449133897592458));
#14457=DIRECTION('',(0.7091109156947525,-0.2739553818483732,-0.6497000523309673));
#14458=AXIS2_PLACEMENT_3D('',#1152,#14456,#14457);
#14459=PLANE('',#14458);
#14460=FACE_SURFACE('',(#14455),#14459,.T.);
#14461=POLY_LOOP('',(#1147,#205,#218));
#14462=FACE_OUTER_BOUND('',#14461,.T.);
#14463=DIRECTION('',(-0.5250222202306963,0.4095863314439296,-0.7460500689352784));
#14464=DIRECTION('',(-0.7968465115631528,0.07136930741608416,0.5999517138641932));
#14465=AXIS2_PLACEMENT_3D('',#1147,#14463,#14464);
#14466=PLANE('',#14465);
#14467=FACE_SURFACE('',(#14462),#14466,.T.);
#14468=POLY_LOOP('',(#1147,#218,#1152));
#14469=FACE_OUTER_BOUND('',#14468,.T.);
#14470=DIRECTION('',(-0.5217115430770817,0.41576142249569353,-0.7449560425853915));
#14471=DIRECTION('',(-0.7128343020522858,0.2672999281722925,0.6483964884364488));
#14472=AXIS2_PLACEMENT_3D('',#1147,#14470,#14471);
#14473=PLANE('',#14472);
#14474=FACE_SURFACE('',(#14469),#14473,.T.);
#14475=POLY_LOOP('',(#1152,#218,#207));
#14476=FACE_OUTER_BOUND('',#14475,.T.);
#14477=DIRECTION('',(-0.5216567818457235,0.4160966619805878,-0.744807203135802));
#14478=DIRECTION('',(-0.840263155100059,-0.09938117585377108,0.532992694196849));
#14479=AXIS2_PLACEMENT_3D('',#1152,#14477,#14478);
#14480=PLANE('',#14479);
#14481=FACE_SURFACE('',(#14476),#14480,.T.);
#14482=POLY_LOOP('',(#1153,#1140,#1139));
#14483=FACE_OUTER_BOUND('',#14482,.T.);
#14484=DIRECTION('',(0.5130766936696219,0.44188926027930875,-0.7358574509121005));
#14485=DIRECTION('',(-0.6961795857157794,-0.28723461918712073,-0.6578983644705582));
#14486=AXIS2_PLACEMENT_3D('',#1153,#14484,#14485);
#14487=PLANE('',#14486);
#14488=FACE_SURFACE('',(#14483),#14487,.T.);
#14489=POLY_LOOP('',(#813,#1153,#814));
#14490=FACE_OUTER_BOUND('',#14489,.T.);
#14491=DIRECTION('',(0.5129823721435908,0.44215853992786247,-0.7357614500901739));
#14492=DIRECTION('',(-0.698096403338002,-0.28388240247366464,-0.6573219859492956));
#14493=AXIS2_PLACEMENT_3D('',#813,#14491,#14492);
#14494=PLANE('',#14493);
#14495=FACE_SURFACE('',(#14490),#14494,.T.);
#14496=POLY_LOOP('',(#814,#1153,#1139));
#14497=FACE_OUTER_BOUND('',#14496,.T.);
#14498=DIRECTION('',(0.5132499873438384,0.4421461811182342,-0.7355822217904069));
#14499=DIRECTION('',(0.21765045849700718,-0.8961200381789078,-0.38677791442929516));
#14500=AXIS2_PLACEMENT_3D('',#814,#14498,#14499);
#14501=PLANE('',#14500);
#14502=FACE_SURFACE('',(#14497),#14501,.T.);
#14503=POLY_LOOP('',(#1103,#205,#1147));
#14504=FACE_OUTER_BOUND('',#14503,.T.);
#14505=DIRECTION('',(-0.52528807547891,0.40877681671245936,-0.7463068751378963));
#14506=DIRECTION('',(-0.7177330093073231,0.25828102764599925,0.6466453727575732));
#14507=AXIS2_PLACEMENT_3D('',#1103,#14505,#14506);
#14508=PLANE('',#14507);
#14509=FACE_SURFACE('',(#14504),#14508,.T.);
#14510=POLY_LOOP('',(#1131,#202,#201));
#14511=FACE_OUTER_BOUND('',#14510,.T.);
#14512=DIRECTION('',(-0.5956338678607233,0.5539983766360596,-0.5816408635420015));
#14513=DIRECTION('',(-0.7908478971573257,-0.2776750448593733,0.545395428129152));
#14514=AXIS2_PLACEMENT_3D('',#1131,#14512,#14513);
#14515=PLANE('',#14514);
#14516=FACE_SURFACE('',(#14511),#14515,.T.);
#14517=POLY_LOOP('',(#907,#1128,#920));
#14518=FACE_OUTER_BOUND('',#14517,.T.);
#14519=DIRECTION('',(0.052080563456461795,0.722627116286808,-0.6892732881209525));
#14520=DIRECTION('',(-0.6918942578839083,-0.471597944047611,-0.5466970962766696));
#14521=AXIS2_PLACEMENT_3D('',#907,#14519,#14520);
#14522=PLANE('',#14521);
#14523=FACE_SURFACE('',(#14518),#14522,.T.);
#14524=POLY_LOOP('',(#920,#1121,#930));
#14525=FACE_OUTER_BOUND('',#14524,.T.);
#14526=DIRECTION('',(0.003289176023028961,0.7258433037308557,-0.687852222319712));
#14527=DIRECTION('',(-0.7957898655057861,-0.4146430900136443,-0.4413497455105414));
#14528=AXIS2_PLACEMENT_3D('',#920,#14526,#14527);
#14529=PLANE('',#14528);
#14530=FACE_SURFACE('',(#14525),#14529,.T.);
#14531=POLY_LOOP('',(#209,#1152,#207));
#14532=FACE_OUTER_BOUND('',#14531,.T.);
#14533=DIRECTION('',(-0.5179867261819306,0.42270624705705284,-0.743645870154785));
#14534=DIRECTION('',(0.47057483599457484,-0.5851711766682657,-0.6604044349679644));
#14535=AXIS2_PLACEMENT_3D('',#209,#14533,#14534);
#14536=PLANE('',#14535);
#14537=FACE_SURFACE('',(#14532),#14536,.T.);
#14538=POLY_LOOP('',(#849,#1062,#812));
#14539=FACE_OUTER_BOUND('',#14538,.T.);
#14540=DIRECTION('',(0.5291401297332683,0.4132272930778669,-0.7411166759434027));
#14541=DIRECTION('',(-0.7101604113129114,-0.26236660349830815,-0.6533268367154668));
#14542=AXIS2_PLACEMENT_3D('',#849,#14540,#14541);
#14543=PLANE('',#14542);
#14544=FACE_SURFACE('',(#14539),#14543,.T.);
#14545=POLY_LOOP('',(#812,#1062,#1087));
#14546=FACE_OUTER_BOUND('',#14545,.T.);
#14547=DIRECTION('',(0.5295632082103393,0.41271587073184385,-0.7410994660341005));
#14548=DIRECTION('',(-0.5601412842228826,-0.4859576364060064,-0.6708851744731192));
#14549=AXIS2_PLACEMENT_3D('',#812,#14547,#14548);
#14550=PLANE('',#14549);
#14551=FACE_SURFACE('',(#14546),#14550,.T.);
#14552=POLY_LOOP('',(#1087,#1140,#812));
#14553=FACE_OUTER_BOUND('',#14552,.T.);
#14554=DIRECTION('',(0.5249143431164371,0.4211775419533568,-0.7396447867353407));
#14555=DIRECTION('',(-0.4822701448670134,0.8632097334921034,0.14927981569670318));
#14556=AXIS2_PLACEMENT_3D('',#1087,#14554,#14555);
#14557=PLANE('',#14556);
#14558=FACE_SURFACE('',(#14553),#14557,.T.);
#14559=POLY_LOOP('',(#812,#1140,#1153));
#14560=FACE_OUTER_BOUND('',#14559,.T.);
#14561=DIRECTION('',(0.5247050754994945,0.42184660316854655,-0.7394119468471066));
#14562=DIRECTION('',(-0.8026932666354464,-0.044082206088626716,-0.5947606903658614));
#14563=AXIS2_PLACEMENT_3D('',#812,#14561,#14562);
#14564=PLANE('',#14563);
#14565=FACE_SURFACE('',(#14560),#14564,.T.);
#14566=POLY_LOOP('',(#812,#1153,#813));
#14567=FACE_OUTER_BOUND('',#14566,.T.);
#14568=DIRECTION('',(0.5247081910315051,0.42181404466179845,-0.739428310244137));
#14569=DIRECTION('',(-0.8470099476162001,0.17177804269293656,-0.5030571067858853));
#14570=AXIS2_PLACEMENT_3D('',#812,#14568,#14569);
#14571=PLANE('',#14570);
#14572=FACE_SURFACE('',(#14567),#14571,.T.);
#14573=POLY_LOOP('',(#896,#1152,#209));
#14574=FACE_OUTER_BOUND('',#14573,.T.);
#14575=DIRECTION('',(-0.48011622572596835,0.45814228169843363,-0.7480601977881218));
#14576=DIRECTION('',(-0.4058673384840851,-0.8720262890834861,-0.27357239389077515));
#14577=AXIS2_PLACEMENT_3D('',#896,#14575,#14576);
#14578=PLANE('',#14577);
#14579=FACE_SURFACE('',(#14574),#14578,.T.);
#14580=POLY_LOOP('',(#846,#1068,#1067));
#14581=FACE_OUTER_BOUND('',#14580,.T.);
#14582=DIRECTION('',(0.5775715224007484,0.6346467008090929,-0.5134536996300789));
#14583=DIRECTION('',(-0.7051078686743062,0.0708798191220833,-0.7055486834902309));
#14584=AXIS2_PLACEMENT_3D('',#846,#14582,#14583);
#14585=PLANE('',#14584);
#14586=FACE_SURFACE('',(#14581),#14585,.T.);
#14587=POLY_LOOP('',(#844,#1067,#1062));
#14588=FACE_OUTER_BOUND('',#14587,.T.);
#14589=DIRECTION('',(0.5255394585008694,0.5770731171655759,-0.62513590122742));
#14590=DIRECTION('',(-0.7143641516631404,-0.09974572615123281,-0.6926287959168064));
#14591=AXIS2_PLACEMENT_3D('',#844,#14589,#14590);
#14592=PLANE('',#14591);
#14593=FACE_SURFACE('',(#14588),#14592,.T.);
#14594=POLY_LOOP('',(#844,#1062,#849));
#14595=FACE_OUTER_BOUND('',#14594,.T.);
#14596=DIRECTION('',(0.5113307000889631,0.4456753694985773,-0.7347886636093658));
#14597=DIRECTION('',(-0.8499311502205563,0.38872669587522,-0.3556804686775705));
#14598=AXIS2_PLACEMENT_3D('',#844,#14596,#14597);
#14599=PLANE('',#14598);
#14600=FACE_SURFACE('',(#14595),#14599,.T.);
#14601=POLY_LOOP('',(#1068,#846,#1151));
#14602=FACE_OUTER_BOUND('',#14601,.T.);
#14603=DIRECTION('',(0.6107041546983112,0.566356792180047,-0.5534260740024348));
#14604=DIRECTION('',(0.7051078686743062,-0.0708798191220833,0.7055486834902309));
#14605=AXIS2_PLACEMENT_3D('',#1068,#14603,#14604);
#14606=PLANE('',#14605);
#14607=FACE_SURFACE('',(#14602),#14606,.T.);
#14608=POLY_LOOP('',(#1151,#846,#848));
#14609=FACE_OUTER_BOUND('',#14608,.T.);
#14610=DIRECTION('',(0.6262194805926002,0.556083684031352,-0.5464614336624803));
#14611=DIRECTION('',(0.0876259497081507,0.6462679743930186,0.7580629249684285));
#14612=AXIS2_PLACEMENT_3D('',#1151,#14610,#14611);
#14613=PLANE('',#14612);
#14614=FACE_SURFACE('',(#14609),#14613,.T.);
#14615=POLY_LOOP('',(#1151,#848,#1053));
#14616=FACE_OUTER_BOUND('',#14615,.T.);
#14617=DIRECTION('',(0.6224535213332189,0.5636881283268647,-0.5429616080011849));
#14618=DIRECTION('',(0.6647372654367959,-0.014566417099193974,0.7469351962737484));
#14619=AXIS2_PLACEMENT_3D('',#1151,#14617,#14618);
#14620=PLANE('',#14619);
#14621=FACE_SURFACE('',(#14616),#14620,.T.);
#14622=POLY_LOOP('',(#848,#1027,#1053));
#14623=FACE_OUTER_BOUND('',#14622,.T.);
#14624=DIRECTION('',(0.6395217853761735,0.5527134658264363,-0.534340444588841));
#14625=DIRECTION('',(0.2825476728594014,-0.8153962790995556,-0.5052679690939615));
#14626=AXIS2_PLACEMENT_3D('',#848,#14624,#14625);
#14627=PLANE('',#14626);
#14628=FACE_SURFACE('',(#14623),#14627,.T.);
#14629=POLY_LOOP('',(#846,#1067,#844));
#14630=FACE_OUTER_BOUND('',#14629,.T.);
#14631=DIRECTION('',(0.5511888934025951,0.5296059558900095,-0.6447544767393648));
#14632=DIRECTION('',(-0.8093976244292173,0.527056592860782,-0.25901126131951013));
#14633=AXIS2_PLACEMENT_3D('',#846,#14631,#14632);
#14634=PLANE('',#14633);
#14635=FACE_SURFACE('',(#14630),#14634,.T.);
#14636=POLY_LOOP('',(#920,#1128,#1121));
#14637=FACE_OUTER_BOUND('',#14636,.T.);
#14638=DIRECTION('',(0.003924228275299629,0.7252673394627485,-0.6884561618150206));
#14639=DIRECTION('',(-0.049984146291362296,-0.6874586177471271,-0.7245013692221244));
#14640=AXIS2_PLACEMENT_3D('',#920,#14638,#14639);
#14641=PLANE('',#14640);
#14642=FACE_SURFACE('',(#14637),#14641,.T.);
#14643=POLY_LOOP('',(#896,#1135,#1152));
#14644=FACE_OUTER_BOUND('',#14643,.T.);
#14645=DIRECTION('',(-0.49574013638275755,0.46153136404618117,-0.7356837072960609));
#14646=DIRECTION('',(-0.2507753675751544,-0.8870911326284326,-0.3875319824602233));
#14647=AXIS2_PLACEMENT_3D('',#896,#14645,#14646);
#14648=PLANE('',#14647);
#14649=FACE_SURFACE('',(#14644),#14648,.T.);
#14650=POLY_LOOP('',(#1124,#883,#876));
#14651=FACE_OUTER_BOUND('',#14650,.T.);
#14652=DIRECTION('',(-0.3534959441728343,0.6113261597148237,-0.7080402134777957));
#14653=DIRECTION('',(-0.5012980950876433,0.5152442149819322,0.6951428765291007));
#14654=AXIS2_PLACEMENT_3D('',#1124,#14652,#14653);
#14655=PLANE('',#14654);
#14656=FACE_SURFACE('',(#14651),#14655,.T.);
#14657=POLY_LOOP('',(#930,#1121,#928));
#14658=FACE_OUTER_BOUND('',#14657,.T.);
#14659=DIRECTION('',(-0.046402278528461315,0.7243145114352675,-0.6879064740730798));
#14660=DIRECTION('',(0.021951096226457346,-0.6877426066997825,-0.7256226679922873));
#14661=AXIS2_PLACEMENT_3D('',#930,#14659,#14660);
#14662=PLANE('',#14661);
#14663=FACE_SURFACE('',(#14658),#14662,.T.);
#14664=POLY_LOOP('',(#928,#1121,#1118));
#14665=FACE_OUTER_BOUND('',#14664,.T.);
#14666=DIRECTION('',(-0.04902369735529602,0.7220890303202047,-0.6900609461408774));
#14667=DIRECTION('',(0.7618382305147122,-0.4197571162036309,-0.493362416406665));
#14668=AXIS2_PLACEMENT_3D('',#928,#14666,#14667);
#14669=PLANE('',#14668);
#14670=FACE_SURFACE('',(#14665),#14669,.T.);
#14671=POLY_LOOP('',(#928,#1118,#926));
#14672=FACE_OUTER_BOUND('',#14671,.T.);
#14673=DIRECTION('',(-0.07315111535771054,0.7240862786157745,-0.6858192002578246));
#14674=DIRECTION('',(-0.18070411218727045,-0.6859024734948573,-0.7048998657201226));
#14675=AXIS2_PLACEMENT_3D('',#928,#14673,#14674);
#14676=PLANE('',#14675);
#14677=FACE_SURFACE('',(#14672),#14676,.T.);
#14678=POLY_LOOP('',(#926,#1118,#1117));
#14679=FACE_OUTER_BOUND('',#14678,.T.);
#14680=DIRECTION('',(-0.10319411856421382,0.7199710919804301,-0.6862890066191227));
#14681=DIRECTION('',(0.10428989931672045,-0.678337730970821,-0.7273111711240701));
#14682=AXIS2_PLACEMENT_3D('',#926,#14680,#14681);
#14683=PLANE('',#14682);
#14684=FACE_SURFACE('',(#14679),#14683,.T.);
#14685=POLY_LOOP('',(#926,#1117,#923));
#14686=FACE_OUTER_BOUND('',#14685,.T.);
#14687=DIRECTION('',(-0.10723579264846285,0.7223901915232153,-0.6831199718688573));
#14688=DIRECTION('',(-0.6943335186968976,-0.5461892897956978,-0.46859174611430826));
#14689=AXIS2_PLACEMENT_3D('',#926,#14687,#14688);
#14690=PLANE('',#14689);
#14691=FACE_SURFACE('',(#14686),#14690,.T.);
#14692=POLY_LOOP('',(#1124,#876,#1116));
#14693=FACE_OUTER_BOUND('',#14692,.T.);
#14694=DIRECTION('',(-0.30427615171325856,0.6232553276813048,-0.7203949056006987));
#14695=DIRECTION('',(-0.017147299827159443,0.7525473586185287,0.6583148510742508));
#14696=AXIS2_PLACEMENT_3D('',#1124,#14694,#14695);
#14697=PLANE('',#14696);
#14698=FACE_SURFACE('',(#14693),#14697,.T.);
#14699=POLY_LOOP('',(#1129,#1135,#896));
#14700=FACE_OUTER_BOUND('',#14699,.T.);
#14701=DIRECTION('',(-0.4979371976993513,0.4615095895390654,-0.7342121259627905));
#14702=DIRECTION('',(-0.5490428900112128,-0.8231141240727785,-0.14503462924432217));
#14703=AXIS2_PLACEMENT_3D('',#1129,#14701,#14702);
#14704=PLANE('',#14703);
#14705=FACE_SURFACE('',(#14700),#14704,.T.);
#14706=POLY_LOOP('',(#1116,#876,#893));
#14707=FACE_OUTER_BOUND('',#14706,.T.);
#14708=DIRECTION('',(-0.29650781330364945,0.6526889242718713,-0.697194581722144));
#14709=DIRECTION('',(-0.931953500470782,-0.03823175091466228,0.3605565228674352));
#14710=AXIS2_PLACEMENT_3D('',#1116,#14708,#14709);
#14711=PLANE('',#14710);
#14712=FACE_SURFACE('',(#14707),#14711,.T.);
#14713=POLY_LOOP('',(#1117,#893,#891));
#14714=FACE_OUTER_BOUND('',#14713,.T.);
#14715=DIRECTION('',(-0.20251441448655685,0.657753822349809,-0.7254983260555348));
#14716=DIRECTION('',(-0.9705026640575947,-0.03583943826044723,0.23841164762294445));
#14717=AXIS2_PLACEMENT_3D('',#1117,#14715,#14716);
#14718=PLANE('',#14717);
#14719=FACE_SURFACE('',(#14714),#14718,.T.);
#14720=POLY_LOOP('',(#1117,#891,#923));
#14721=FACE_OUTER_BOUND('',#14720,.T.);
#14722=DIRECTION('',(-0.1590960978303689,0.7098035827253297,-0.68619771611791));
#14723=DIRECTION('',(-0.8125113897539727,0.30068648895958605,0.49941253175828965));
#14724=AXIS2_PLACEMENT_3D('',#1117,#14722,#14723);
#14725=PLANE('',#14724);
#14726=FACE_SURFACE('',(#14721),#14725,.T.);
#14727=POLY_LOOP('',(#1129,#896,#1126));
#14728=FACE_OUTER_BOUND('',#14727,.T.);
#14729=DIRECTION('',(-0.44589167218235737,0.5245365109607504,-0.7252875742404138));
#14730=DIRECTION('',(-0.6134044993152914,0.41103797100818795,0.6743757903492894));
#14731=AXIS2_PLACEMENT_3D('',#1129,#14729,#14730);
#14732=PLANE('',#14731);
#14733=FACE_SURFACE('',(#14728),#14732,.T.);
#14734=POLY_LOOP('',(#1126,#896,#546));
#14735=FACE_OUTER_BOUND('',#14734,.T.);
#14736=DIRECTION('',(-0.4465346899938532,0.5073399193587441,-0.7370298344416978));
#14737=DIRECTION('',(-0.8943822044781976,-0.2289466415382391,0.3842706177176188));
#14738=AXIS2_PLACEMENT_3D('',#1126,#14736,#14737);
#14739=PLANE('',#14738);
#14740=FACE_SURFACE('',(#14735),#14739,.T.);
#14741=POLY_LOOP('',(#1126,#546,#1124));
#14742=FACE_OUTER_BOUND('',#14741,.T.);
#14743=DIRECTION('',(-0.4192517555030414,0.5865761070613643,-0.6929332118843439));
#14744=DIRECTION('',(-0.8539167352775053,0.0044155615720742475,0.5203909223161084));
#14745=AXIS2_PLACEMENT_3D('',#1126,#14743,#14744);
#14746=PLANE('',#14745);
#14747=FACE_SURFACE('',(#14742),#14746,.T.);
#14748=POLY_LOOP('',(#1124,#546,#883));
#14749=FACE_OUTER_BOUND('',#14748,.T.);
#14750=DIRECTION('',(-0.41542773315894427,0.561413070959058,-0.7157060585734487));
#14751=DIRECTION('',(-0.9017980851950148,-0.35719406219604466,0.24325421984108098));
#14752=AXIS2_PLACEMENT_3D('',#1124,#14750,#14751);
#14753=PLANE('',#14752);
#14754=FACE_SURFACE('',(#14749),#14753,.T.);
#14755=POLY_LOOP('',(#1116,#893,#1117));
#14756=FACE_OUTER_BOUND('',#14755,.T.);
#14757=DIRECTION('',(-0.19419438604480208,0.7022410229009398,-0.6849423962522133));
#14758=DIRECTION('',(-0.3726966405117985,0.5930609623626252,0.713705758049307));
#14759=AXIS2_PLACEMENT_3D('',#1116,#14757,#14758);
#14760=PLANE('',#14759);
#14761=FACE_SURFACE('',(#14756),#14760,.T.);
#14762=POLY_LOOP('',(#1053,#1150,#1151));
#14763=FACE_OUTER_BOUND('',#14762,.T.);
#14764=DIRECTION('',(-3.7849504624573256e-06,0.5355612650075094,-0.844496377380762));
#14765=DIRECTION('',(-0.9973274284948883,0.06169825199471182,0.03913216161382255));
#14766=AXIS2_PLACEMENT_3D('',#1053,#14764,#14765);
#14767=PLANE('',#14766);
#14768=FACE_SURFACE('',(#14763),#14767,.T.);
#14769=POLY_LOOP('',(#1133,#202,#1131));
#14770=FACE_OUTER_BOUND('',#14769,.T.);
#14771=DIRECTION('',(-0.5740538284377238,0.6455190477536441,-0.5037532739776693));
#14772=DIRECTION('',(-0.7078935923542246,-0.08205429890508077,0.7015367089005582));
#14773=AXIS2_PLACEMENT_3D('',#1133,#14771,#14772);
#14774=PLANE('',#14773);
#14775=FACE_SURFACE('',(#14770),#14774,.T.);
#14776=POLY_LOOP('',(#165,#1101,#1100));
#14777=FACE_OUTER_BOUND('',#14776,.T.);
#14778=DIRECTION('',(-0.6531627752179694,0.5695414257042648,-0.4989999533830778));
#14779=DIRECTION('',(0.43790045157499935,0.8217265573643762,0.36470352264888034));
#14780=AXIS2_PLACEMENT_3D('',#165,#14778,#14779);
#14781=PLANE('',#14780);
#14782=FACE_SURFACE('',(#14777),#14781,.T.);
#14783=POLY_LOOP('',(#1154,#1155,#376));
#14784=FACE_OUTER_BOUND('',#14783,.T.);
#14785=DIRECTION('',(2.3812143123741616e-06,0.1565138006369375,-0.9876757718019163));
#14786=DIRECTION('',(0.07018932452400405,0.9852398290513813,0.15612795385090078));
#14787=AXIS2_PLACEMENT_3D('',#1154,#14785,#14786);
#14788=PLANE('',#14787);
#14789=FACE_SURFACE('',(#14784),#14788,.T.);
#14790=POLY_LOOP('',(#394,#294,#396));
#14791=FACE_OUTER_BOUND('',#14790,.T.);
#14792=DIRECTION('',(2.4159586771303507e-07,0.08879828228269955,-0.9960496298195104));
#14793=DIRECTION('',(-0.9999999999129967,-1.3115392206785475e-05,-1.4117972890299498e-06));
#14794=AXIS2_PLACEMENT_3D('',#394,#14792,#14793);
#14795=PLANE('',#14794);
#14796=FACE_SURFACE('',(#14791),#14795,.T.);
#14797=POLY_LOOP('',(#396,#294,#1156));
#14798=FACE_OUTER_BOUND('',#14797,.T.);
#14799=DIRECTION('',(0.0007949490256322642,0.085378294830233,-0.9963482899207127));
#14800=DIRECTION('',(-0.9742369411571292,-0.22463596405210087,-0.020026635743018707));
#14801=AXIS2_PLACEMENT_3D('',#396,#14799,#14800);
#14802=PLANE('',#14801);
#14803=FACE_SURFACE('',(#14798),#14802,.T.);
#14804=POLY_LOOP('',(#396,#1156,#398));
#14805=FACE_OUTER_BOUND('',#14804,.T.);
#14806=DIRECTION('',(-0.0004876865352084064,0.10963452895941214,-0.9939718467953159));
#14807=DIRECTION('',(-0.9986180770881402,-0.052288477865687896,-0.005277423166169361));
#14808=AXIS2_PLACEMENT_3D('',#396,#14806,#14807);
#14809=PLANE('',#14808);
#14810=FACE_SURFACE('',(#14805),#14809,.T.);
#14811=POLY_LOOP('',(#398,#1156,#1157));
#14812=FACE_OUTER_BOUND('',#14811,.T.);
#14813=DIRECTION('',(-6.728364630085779e-07,0.10651050014861746,-0.9943115776041426));
#14814=DIRECTION('',(-0.9882027972343852,-0.15227989212420207,-0.016311529443247104));
#14815=AXIS2_PLACEMENT_3D('',#398,#14813,#14814);
#14816=PLANE('',#14815);
#14817=FACE_SURFACE('',(#14812),#14816,.T.);
#14818=POLY_LOOP('',(#398,#1157,#400));
#14819=FACE_OUTER_BOUND('',#14818,.T.);
#14820=DIRECTION('',(-6.138473849178818e-07,0.11591981004360674,-0.9932585754168335));
#14821=DIRECTION('',(-0.9999999999803846,6.120129142098888e-06,1.332273010524928e-06));
#14822=AXIS2_PLACEMENT_3D('',#398,#14820,#14821);
#14823=PLANE('',#14822);
#14824=FACE_SURFACE('',(#14819),#14823,.T.);
#14825=POLY_LOOP('',(#1158,#1052,#371));
#14826=FACE_OUTER_BOUND('',#14825,.T.);
#14827=DIRECTION('',(2.194654493976455e-07,0.42970643429671634,-0.9029686485830799));
#14828=DIRECTION('',(0.999612925463989,0.025121253763999978,0.011954992875367903));
#14829=AXIS2_PLACEMENT_3D('',#1158,#14827,#14828);
#14830=PLANE('',#14829);
#14831=FACE_SURFACE('',(#14826),#14830,.T.);
#14832=POLY_LOOP('',(#400,#1157,#1159));
#14833=FACE_OUTER_BOUND('',#14832,.T.);
#14834=DIRECTION('',(-3.25225219190539e-05,0.12145246076766592,-0.9925972489966735));
#14835=DIRECTION('',(-0.9999836034386352,-0.0056879708331597,-0.0006632056118086573));
#14836=AXIS2_PLACEMENT_3D('',#400,#14834,#14835);
#14837=PLANE('',#14836);
#14838=FACE_SURFACE('',(#14833),#14837,.T.);
#14839=POLY_LOOP('',(#402,#1159,#1154));
#14840=FACE_OUTER_BOUND('',#14839,.T.);
#14841=DIRECTION('',(-0.00034474119297019015,0.14074812346370943,-0.9900453761797762));
#14842=DIRECTION('',(-0.9995942052750652,-0.028248396110055553,-0.0036678192049632552));
#14843=AXIS2_PLACEMENT_3D('',#402,#14841,#14842);
#14844=PLANE('',#14843);
#14845=FACE_SURFACE('',(#14840),#14844,.T.);
#14846=POLY_LOOP('',(#402,#1154,#389));
#14847=FACE_OUTER_BOUND('',#14846,.T.);
#14848=DIRECTION('',(0.00017513450473485764,0.14295822543663908,-0.9897287078325617));
#14849=DIRECTION('',(-0.9739454889635221,0.2244772182265069,0.032251558487850156));
#14850=AXIS2_PLACEMENT_3D('',#402,#14848,#14849);
#14851=PLANE('',#14850);
#14852=FACE_SURFACE('',(#14847),#14851,.T.);
#14853=POLY_LOOP('',(#389,#1154,#376));
#14854=FACE_OUTER_BOUND('',#14853,.T.);
#14855=DIRECTION('',(-4.2448701360946274e-05,0.15716863426261043,-0.9875717789619819));
#14856=DIRECTION('',(-0.9998854357182718,-0.0149550512408659,-0.0023370667224049315));
#14857=AXIS2_PLACEMENT_3D('',#389,#14855,#14856);
#14858=PLANE('',#14857);
#14859=FACE_SURFACE('',(#14854),#14858,.T.);
#14860=POLY_LOOP('',(#1160,#369,#1161));
#14861=FACE_OUTER_BOUND('',#14860,.T.);
#14862=DIRECTION('',(-2.147090361736218e-05,0.18506565875466094,-0.9827261579345));
#14863=DIRECTION('',(0.9971490340844138,-0.07414989540529372,-0.013985593870280307));
#14864=AXIS2_PLACEMENT_3D('',#1160,#14862,#14863);
#14865=PLANE('',#14864);
#14866=FACE_SURFACE('',(#14861),#14865,.T.);
#14867=POLY_LOOP('',(#1161,#369,#392));
#14868=FACE_OUTER_BOUND('',#14867,.T.);
#14869=DIRECTION('',(6.809640619069074e-05,0.17972848625110568,-0.9837162530896628));
#14870=DIRECTION('',(0.9998638979965454,0.01621701947105173,0.003032121803215084));
#14871=AXIS2_PLACEMENT_3D('',#1161,#14869,#14870);
#14872=PLANE('',#14871);
#14873=FACE_SURFACE('',(#14868),#14872,.T.);
#14874=POLY_LOOP('',(#1161,#392,#1162));
#14875=FACE_OUTER_BOUND('',#14874,.T.);
#14876=DIRECTION('',(-9.210986445151908e-05,0.17887333551323753,-0.9838721061998565));
#14877=DIRECTION('',(0.9834363199747864,-0.1783145085194935,-0.0325106229700525));
#14878=AXIS2_PLACEMENT_3D('',#1161,#14876,#14877);
#14879=PLANE('',#14878);
#14880=FACE_SURFACE('',(#14875),#14879,.T.);
#14881=POLY_LOOP('',(#400,#1159,#402));
#14882=FACE_OUTER_BOUND('',#14881,.T.);
#14883=DIRECTION('',(0.0001562603318557127,0.12332116387432386,-0.9923668001920414));
#14884=DIRECTION('',(-0.9950111523458683,0.09902129285166617,0.01214867356264739));
#14885=AXIS2_PLACEMENT_3D('',#400,#14883,#14884);
#14886=PLANE('',#14885);
#14887=FACE_SURFACE('',(#14882),#14886,.T.);
#14888=POLY_LOOP('',(#1162,#392,#376));
#14889=FACE_OUTER_BOUND('',#14888,.T.);
#14890=DIRECTION('',(0.00011770599511127336,0.16717785078402567,-0.9859267479648439));
#14891=DIRECTION('',(0.9998439341626942,0.017397872248445863,0.0030694232834067737));
#14892=AXIS2_PLACEMENT_3D('',#1162,#14890,#14891);
#14893=PLANE('',#14892);
#14894=FACE_SURFACE('',(#14889),#14893,.T.);
#14895=POLY_LOOP('',(#1052,#1158,#1100));
#14896=FACE_OUTER_BOUND('',#14895,.T.);
#14897=DIRECTION('',(-5.1090388715671327e-08,0.4297152121874767,-0.9029644712914618));
#14898=DIRECTION('',(-0.999612925463989,-0.025121253763999978,-0.011954992875367903));
#14899=AXIS2_PLACEMENT_3D('',#1052,#14897,#14898);
#14900=PLANE('',#14899);
#14901=FACE_SURFACE('',(#14896),#14900,.T.);
#14902=POLY_LOOP('',(#1093,#1132,#1094));
#14903=FACE_OUTER_BOUND('',#14902,.T.);
#14904=DIRECTION('',(0.0011720041391658322,0.4413386032860656,-0.8973398819041772));
#14905=DIRECTION('',(-0.9989663064716123,-0.04025995783932041,-0.021105788998305));
#14906=AXIS2_PLACEMENT_3D('',#1093,#14904,#14905);
#14907=PLANE('',#14906);
#14908=FACE_SURFACE('',(#14903),#14907,.T.);
#14909=POLY_LOOP('',(#1151,#1133,#1132));
#14910=FACE_OUTER_BOUND('',#14909,.T.);
#14911=DIRECTION('',(-0.0009028734647117327,0.4805908381899722,-0.8769444857386167));
#14912=DIRECTION('',(-0.9988319639852276,0.041932147143347316,0.02400838931210304));
#14913=AXIS2_PLACEMENT_3D('',#1151,#14911,#14912);
#14914=PLANE('',#14913);
#14915=FACE_SURFACE('',(#14910),#14914,.T.);
#14916=POLY_LOOP('',(#1102,#1099,#1132));
#14917=FACE_OUTER_BOUND('',#14916,.T.);
#14918=DIRECTION('',(0.0005683938143171342,0.4258764503932856,-0.904781148084379));
#14919=DIRECTION('',(0.9999445873843908,-0.00975298323708388,-0.0039625091340773156));
#14920=AXIS2_PLACEMENT_3D('',#1102,#14918,#14919);
#14921=PLANE('',#14920);
#14922=FACE_SURFACE('',(#14917),#14921,.T.);
#14923=POLY_LOOP('',(#1095,#1102,#1163));
#14924=FACE_OUTER_BOUND('',#14923,.T.);
#14925=DIRECTION('',(-0.0027188498906580857,0.4076818097430974,-0.913120008465407));
#14926=DIRECTION('',(0.9967313945167144,0.07483172519660833,0.030442406095197584));
#14927=AXIS2_PLACEMENT_3D('',#1095,#14925,#14926);
#14928=PLANE('',#14927);
#14929=FACE_SURFACE('',(#14924),#14928,.T.);
#14930=POLY_LOOP('',(#1106,#1108,#1163));
#14931=FACE_OUTER_BOUND('',#14930,.T.);
#14932=DIRECTION('',(0.00016759228495245363,0.42566766517638627,-0.9048795559278097));
#14933=DIRECTION('',(0.9046470292823494,0.38556040985754386,0.1815404163295403));
#14934=AXIS2_PLACEMENT_3D('',#1106,#14932,#14933);
#14935=PLANE('',#14934);
#14936=FACE_SURFACE('',(#14931),#14935,.T.);
#14937=POLY_LOOP('',(#1163,#1108,#1090));
#14938=FACE_OUTER_BOUND('',#14937,.T.);
#14939=DIRECTION('',(-0.0009052380027412303,0.41083838359081765,-0.9117077399653041));
#14940=DIRECTION('',(-0.9978477477352009,0.05940703273452223,0.027761066288348884));
#14941=AXIS2_PLACEMENT_3D('',#1163,#14939,#14940);
#14942=PLANE('',#14941);
#14943=FACE_SURFACE('',(#14938),#14942,.T.);
#14944=POLY_LOOP('',(#1163,#1090,#1095));
#14945=FACE_OUTER_BOUND('',#14944,.T.);
#14946=DIRECTION('',(-0.005719074656183292,0.4143347800283863,-0.9101065774094292));
#14947=DIRECTION('',(0.6241431633976422,0.7125586003881004,0.32047707031383005));
#14948=AXIS2_PLACEMENT_3D('',#1163,#14946,#14947);
#14949=PLANE('',#14948);
#14950=FACE_SURFACE('',(#14945),#14949,.T.);
#14951=POLY_LOOP('',(#1094,#1132,#1096));
#14952=FACE_OUTER_BOUND('',#14951,.T.);
#14953=DIRECTION('',(0.0033046794244856728,0.42009603564861037,-0.9074736359400325));
#14954=DIRECTION('',(-0.995917179574222,-0.08048249927938231,-0.040884455954203744));
#14955=AXIS2_PLACEMENT_3D('',#1094,#14953,#14954);
#14956=PLANE('',#14955);
#14957=FACE_SURFACE('',(#14952),#14956,.T.);
#14958=POLY_LOOP('',(#1102,#1132,#1163));
#14959=FACE_OUTER_BOUND('',#14958,.T.);
#14960=DIRECTION('',(-0.2735435520776531,0.941188427694054,-0.19833877253712878));
#14961=DIRECTION('',(-0.9417773790069686,-0.3039926554526975,-0.14367962215144617));
#14962=AXIS2_PLACEMENT_3D('',#1102,#14960,#14961);
#14963=PLANE('',#14962);
#14964=FACE_SURFACE('',(#14959),#14963,.T.);
#14965=POLY_LOOP('',(#1163,#1107,#1106));
#14966=FACE_OUTER_BOUND('',#14965,.T.);
#14967=DIRECTION('',(-0.002191000703227307,0.455133386080558,-0.8904205750041742));
#14968=DIRECTION('',(-0.944040150913715,-0.29462423939114324,-0.14827255655043042));
#14969=AXIS2_PLACEMENT_3D('',#1163,#14967,#14968);
#14970=PLANE('',#14969);
#14971=FACE_SURFACE('',(#14966),#14970,.T.);
#14972=POLY_LOOP('',(#1099,#1098,#1132));
#14973=FACE_OUTER_BOUND('',#14972,.T.);
#14974=DIRECTION('',(0.003929225012697019,0.4148127856770825,-0.9098982987288298));
#14975=DIRECTION('',(0.9954509060542983,-0.08824145046797044,-0.03592965425641235));
#14976=AXIS2_PLACEMENT_3D('',#1099,#14974,#14975);
#14977=PLANE('',#14976);
#14978=FACE_SURFACE('',(#14973),#14977,.T.);
#14979=POLY_LOOP('',(#1132,#1098,#1097));
#14980=FACE_OUTER_BOUND('',#14979,.T.);
#14981=DIRECTION('',(0.005048620271776213,0.41086468648124413,-0.9116823574228143));
#14982=DIRECTION('',(0.9681945955098801,0.22605243445683285,0.10723582471170177));
#14983=AXIS2_PLACEMENT_3D('',#1132,#14981,#14982);
#14984=PLANE('',#14983);
#14985=FACE_SURFACE('',(#14980),#14984,.T.);
#14986=POLY_LOOP('',(#1132,#1097,#1096));
#14987=FACE_OUTER_BOUND('',#14986,.T.);
#14988=DIRECTION('',(0.004934107539828132,0.41145970273479876,-0.9114145969909504));
#14989=DIRECTION('',(0.98493378168861,0.15555268767050026,0.07555664793423096));
#14990=AXIS2_PLACEMENT_3D('',#1132,#14988,#14989);
#14991=PLANE('',#14990);
#14992=FACE_SURFACE('',(#14987),#14991,.T.);
#14993=POLY_LOOP('',(#1068,#1151,#1093));
#14994=FACE_OUTER_BOUND('',#14993,.T.);
#14995=DIRECTION('',(0.030771738708502326,0.5022752588141773,-0.8641600919274199));
#14996=DIRECTION('',(0.3389203412609037,-0.8185932884033603,-0.46372193226174385));
#14997=AXIS2_PLACEMENT_3D('',#1068,#14995,#14996);
#14998=PLANE('',#14997);
#14999=FACE_SURFACE('',(#14994),#14998,.T.);
#15000=POLY_LOOP('',(#1093,#1151,#1132));
#15001=FACE_OUTER_BOUND('',#15000,.T.);
#15002=DIRECTION('',(-0.0008688819765639931,0.4811314562917643,-0.8766480290348441));
#15003=DIRECTION('',(0.6129313252283415,-0.692415199256912,-0.3806263028113533));
#15004=AXIS2_PLACEMENT_3D('',#1093,#15002,#15003);
#15005=PLANE('',#15004);
#15006=FACE_SURFACE('',(#15001),#15005,.T.);
#15007=POLY_LOOP('',(#1163,#1132,#1107));
#15008=FACE_OUTER_BOUND('',#15007,.T.);
#15009=DIRECTION('',(-0.019460951095551626,0.49851393715726017,-0.8666632136201603));
#15010=DIRECTION('',(-0.9394880875660679,-0.30565366026903557,-0.15471901397563692));
#15011=AXIS2_PLACEMENT_3D('',#1163,#15009,#15010);
#15012=PLANE('',#15011);
#15013=FACE_SURFACE('',(#15008),#15012,.T.);
#15014=POLY_LOOP('',(#165,#1100,#275));
#15015=FACE_OUTER_BOUND('',#15014,.T.);
#15016=DIRECTION('',(-0.6488993253182335,0.5770638035362953,-0.4959103066581349));
#15017=DIRECTION('',(0.6004582006173279,-0.011916820627847605,-0.7995673446918179));
#15018=AXIS2_PLACEMENT_3D('',#165,#15016,#15017);
#15019=PLANE('',#15018);
#15020=FACE_SURFACE('',(#15015),#15019,.T.);
#15021=POLY_LOOP('',(#1162,#376,#1164));
#15022=FACE_OUTER_BOUND('',#15021,.T.);
#15023=DIRECTION('',(0.0010796221306624966,0.17236279843303648,-0.9850329436787317));
#15024=DIRECTION('',(0.983695064468574,-0.17733275859905306,-0.029951842477850904));
#15025=AXIS2_PLACEMENT_3D('',#1162,#15023,#15024);
#15026=PLANE('',#15025);
#15027=FACE_SURFACE('',(#15022),#15026,.T.);
#15028=POLY_LOOP('',(#1158,#371,#1165));
#15029=FACE_OUTER_BOUND('',#15028,.T.);
#15030=DIRECTION('',(1.8025220607980622e-07,0.18749036549372217,-0.9822664418817321));
#15031=DIRECTION('',(0.9999999999999679,-2.0891575127618127e-07,1.4362957900237463e-07));
#15032=AXIS2_PLACEMENT_3D('',#1158,#15030,#15031);
#15033=PLANE('',#15032);
#15034=FACE_SURFACE('',(#15029),#15033,.T.);
#15035=POLY_LOOP('',(#142,#1154,#1159));
#15036=FACE_OUTER_BOUND('',#15035,.T.);
#15037=DIRECTION('',(-0.6806786945614085,0.1411878185817491,-0.7188480469851078));
#15038=DIRECTION('',(0.2220820487280978,0.9748462951317273,-0.018821915435900838));
#15039=AXIS2_PLACEMENT_3D('',#142,#15037,#15038);
#15040=PLANE('',#15039);
#15041=FACE_SURFACE('',(#15036),#15040,.T.);
#15042=POLY_LOOP('',(#142,#1159,#112));
#15043=FACE_OUTER_BOUND('',#15042,.T.);
#15044=DIRECTION('',(-0.7446730013970106,0.11385009083307569,-0.6576475331115205));
#15045=DIRECTION('',(0.11894345569611509,-0.9469331827022314,-0.2986134656114636));
#15046=AXIS2_PLACEMENT_3D('',#142,#15044,#15045);
#15047=PLANE('',#15046);
#15048=FACE_SURFACE('',(#15043),#15047,.T.);
#15049=POLY_LOOP('',(#294,#110,#1156));
#15050=FACE_OUTER_BOUND('',#15049,.T.);
#15051=DIRECTION('',(-0.7067131245536077,0.07866434359537415,-0.7031134194640191));
#15052=DIRECTION('',(-0.7068385601581868,-0.03553328546087422,0.7064818720235201));
#15053=AXIS2_PLACEMENT_3D('',#294,#15051,#15052);
#15054=PLANE('',#15053);
#15055=FACE_SURFACE('',(#15050),#15054,.T.);
#15056=POLY_LOOP('',(#1156,#110,#112));
#15057=FACE_OUTER_BOUND('',#15056,.T.);
#15058=DIRECTION('',(-0.7165505486927001,0.08045418213298207,-0.6928798133482481));
#15059=DIRECTION('',(-0.14422710563588856,-0.9889492166846972,0.03432184171366942));
#15060=AXIS2_PLACEMENT_3D('',#1156,#15058,#15059);
#15061=PLANE('',#15060);
#15062=FACE_SURFACE('',(#15057),#15061,.T.);
#15063=POLY_LOOP('',(#1156,#112,#1157));
#15064=FACE_OUTER_BOUND('',#15063,.T.);
#15065=DIRECTION('',(-0.7002901082972504,0.1010592680391396,-0.7066687969370227));
#15066=DIRECTION('',(-0.444149268252013,0.7133065303782156,0.5421487076725288));
#15067=AXIS2_PLACEMENT_3D('',#1156,#15065,#15066);
#15068=PLANE('',#15067);
#15069=FACE_SURFACE('',(#15064),#15068,.T.);
#15070=POLY_LOOP('',(#1157,#112,#1159));
#15071=FACE_OUTER_BOUND('',#15070,.T.);
#15072=DIRECTION('',(-0.7431597309747353,0.11367534295395908,-0.6593872387769261));
#15073=DIRECTION('',(-0.21059549300657546,-0.9751177743938714,0.06924495928557167));
#15074=AXIS2_PLACEMENT_3D('',#1157,#15072,#15073);
#15075=PLANE('',#15074);
#15076=FACE_SURFACE('',(#15071),#15075,.T.);
#15077=POLY_LOOP('',(#44,#1154,#142));
#15078=FACE_OUTER_BOUND('',#15077,.T.);
#15079=DIRECTION('',(-0.686849402377736,0.14271324048821443,-0.7126505661561632));
#15080=DIRECTION('',(0.2840036344128405,0.9552741463443922,-0.08242111966171137));
#15081=AXIS2_PLACEMENT_3D('',#44,#15079,#15080);
#15082=PLANE('',#15081);
#15083=FACE_SURFACE('',(#15078),#15082,.T.);
#15084=POLY_LOOP('',(#275,#1100,#276));
#15085=FACE_OUTER_BOUND('',#15084,.T.);
#15086=DIRECTION('',(-0.6620995683170982,0.514073905198885,-0.5453000840160215));
#15087=DIRECTION('',(0.7369779193405328,0.31462249687338767,-0.5982275744778522));
#15088=AXIS2_PLACEMENT_3D('',#275,#15086,#15087);
#15089=PLANE('',#15088);
#15090=FACE_SURFACE('',(#15085),#15089,.T.);
#15091=POLY_LOOP('',(#276,#1158,#290));
#15092=FACE_OUTER_BOUND('',#15091,.T.);
#15093=DIRECTION('',(-0.6606803539935259,0.37052142280032235,-0.6528517022211202));
#15094=DIRECTION('',(0.6318605125208899,-0.19505217513964151,-0.7501379484402404));
#15095=AXIS2_PLACEMENT_3D('',#276,#15093,#15094);
#15096=PLANE('',#15095);
#15097=FACE_SURFACE('',(#15092),#15096,.T.);
#15098=POLY_LOOP('',(#202,#1133,#162));
#15099=FACE_OUTER_BOUND('',#15098,.T.);
#15100=DIRECTION('',(-0.6151977775667441,0.5595998416110426,-0.5553194681855077));
#15101=DIRECTION('',(0.7078935923542246,0.08205429890508077,-0.7015367089005582));
#15102=AXIS2_PLACEMENT_3D('',#202,#15100,#15101);
#15103=PLANE('',#15102);
#15104=FACE_SURFACE('',(#15099),#15103,.T.);
#15105=POLY_LOOP('',(#162,#1133,#1150));
#15106=FACE_OUTER_BOUND('',#15105,.T.);
#15107=DIRECTION('',(-0.6197087185391188,0.5668790283619118,-0.5427792105175531));
#15108=DIRECTION('',(0.7283439993254863,0.6730225519940214,-0.12866881189321147));
#15109=AXIS2_PLACEMENT_3D('',#162,#15107,#15108);
#15110=PLANE('',#15109);
#15111=FACE_SURFACE('',(#15106),#15110,.T.);
#15112=POLY_LOOP('',(#162,#1150,#163));
#15113=FACE_OUTER_BOUND('',#15112,.T.);
#15114=DIRECTION('',(-0.6238853254978005,0.559182239618215,-0.5459691598653358));
#15115=DIRECTION('',(0.6422861502653706,-0.03113117273552494,-0.7658324563906916));
#15116=AXIS2_PLACEMENT_3D('',#162,#15114,#15115);
#15117=PLANE('',#15116);
#15118=FACE_SURFACE('',(#15113),#15117,.T.);
#15119=POLY_LOOP('',(#163,#1150,#1101));
#15120=FACE_OUTER_BOUND('',#15119,.T.);
#15121=DIRECTION('',(-0.635860151387539,0.5633343719115895,-0.5275758270622252));
#15122=DIRECTION('',(0.561974352814283,0.8064719105942212,0.18381480952707302));
#15123=AXIS2_PLACEMENT_3D('',#163,#15121,#15122);
#15124=PLANE('',#15123);
#15125=FACE_SURFACE('',(#15120),#15124,.T.);
#15126=POLY_LOOP('',(#163,#1101,#165));
#15127=FACE_OUTER_BOUND('',#15126,.T.);
#15128=DIRECTION('',(-0.6337368524188066,0.569878224027875,-0.5230835608821394));
#15129=DIRECTION('',(0.728178350654107,0.21131463819180615,-0.6519987832231978));
#15130=AXIS2_PLACEMENT_3D('',#163,#15128,#15129);
#15131=PLANE('',#15130);
#15132=FACE_SURFACE('',(#15127),#15131,.T.);
#15133=POLY_LOOP('',(#276,#1100,#1158));
#15134=FACE_OUTER_BOUND('',#15133,.T.);
#15135=DIRECTION('',(-0.6520641217804978,0.3894233093721701,-0.6505089293808775));
#15136=DIRECTION('',(0.7493800273421608,0.46127357937347707,-0.475032903694726));
#15137=AXIS2_PLACEMENT_3D('',#276,#15135,#15136);
#15138=PLANE('',#15137);
#15139=FACE_SURFACE('',(#15134),#15138,.T.);
#15140=POLY_LOOP('',(#1164,#376,#1155));
#15141=FACE_OUTER_BOUND('',#15140,.T.);
#15142=DIRECTION('',(2.41648646520012e-06,0.16578805714639297,-0.9861614067188926));
#15143=DIRECTION('',(0.9872117104787097,-0.15720899590704038,-0.026426696721316284));
#15144=AXIS2_PLACEMENT_3D('',#1164,#15142,#15143);
#15145=PLANE('',#15144);
#15146=FACE_SURFACE('',(#15141),#15145,.T.);
#15147=POLY_LOOP('',(#44,#1155,#1154));
#15148=FACE_OUTER_BOUND('',#15147,.T.);
#15149=DIRECTION('',(-0.7253852319427041,0.15784988248122717,-0.6699997611045035));
#15150=DIRECTION('',(0.20070989215130758,0.9795579859940884,0.013479290330574321));
#15151=AXIS2_PLACEMENT_3D('',#44,#15149,#15150);
#15152=PLANE('',#15151);
#15153=FACE_SURFACE('',(#15148),#15152,.T.);
#15154=POLY_LOOP('',(#52,#1164,#1155));
#15155=FACE_OUTER_BOUND('',#15154,.T.);
#15156=DIRECTION('',(-0.7048320175427689,0.17419344111318552,-0.6876543260386986));
#15157=DIRECTION('',(0.21242927063883735,0.9767254857601293,0.02968384143757317));
#15158=AXIS2_PLACEMENT_3D('',#52,#15156,#15157);
#15159=PLANE('',#15158);
#15160=FACE_SURFACE('',(#15155),#15159,.T.);
#15161=POLY_LOOP('',(#1165,#371,#373));
#15162=FACE_OUTER_BOUND('',#15161,.T.);
#15163=DIRECTION('',(-2.2558209791057754e-06,0.18750485752097365,-0.9822636755988436));
#15164=DIRECTION('',(0.98664085786689,0.1600214433704319,0.030544316154250635));
#15165=AXIS2_PLACEMENT_3D('',#1165,#15163,#15164);
#15166=PLANE('',#15165);
#15167=FACE_SURFACE('',(#15162),#15166,.T.);
#15168=POLY_LOOP('',(#1165,#373,#1160));
#15169=FACE_OUTER_BOUND('',#15168,.T.);
#15170=DIRECTION('',(1.1106803322755144e-05,0.1869189602571161,-0.9823753367084485));
#15171=DIRECTION('',(0.9997491276856179,0.022001412078571685,0.004197565770192053));
#15172=AXIS2_PLACEMENT_3D('',#1165,#15170,#15171);
#15173=PLANE('',#15172);
#15174=FACE_SURFACE('',(#15169),#15173,.T.);
#15175=POLY_LOOP('',(#1160,#373,#374));
#15176=FACE_OUTER_BOUND('',#15175,.T.);
#15177=DIRECTION('',(-3.1426316672304034e-05,0.18737280243850407,-0.9822888739666799));
#15178=DIRECTION('',(0.9957890375751013,0.0900565856741145,0.01714654548224044));
#15179=AXIS2_PLACEMENT_3D('',#1160,#15177,#15178);
#15180=PLANE('',#15179);
#15181=FACE_SURFACE('',(#15176),#15180,.T.);
#15182=POLY_LOOP('',(#1160,#374,#369));
#15183=FACE_OUTER_BOUND('',#15182,.T.);
#15184=DIRECTION('',(4.634211833041343e-05,0.1859462364397456,-0.9825599192956642));
#15185=DIRECTION('',(0.9985689377203156,0.0525383697466316,0.009989811033585642));
#15186=AXIS2_PLACEMENT_3D('',#1160,#15184,#15185);
#15187=PLANE('',#15186);
#15188=FACE_SURFACE('',(#15183),#15187,.T.);
#15189=POLY_LOOP('',(#290,#1158,#247));
#15190=FACE_OUTER_BOUND('',#15189,.T.);
#15191=DIRECTION('',(-0.6881221712151209,0.26495982124705725,-0.6754880980497846));
#15192=DIRECTION('',(0.6950396757137299,-0.026613699948723174,-0.7184786427993476));
#15193=AXIS2_PLACEMENT_3D('',#290,#15191,#15192);
#15194=PLANE('',#15193);
#15195=FACE_SURFACE('',(#15190),#15194,.T.);
#15196=POLY_LOOP('',(#247,#1158,#1165));
#15197=FACE_OUTER_BOUND('',#15196,.T.);
#15198=DIRECTION('',(-0.7040371930595526,0.2692141306885599,-0.6571570456340169));
#15199=DIRECTION('',(0.31369728577642453,0.9480805263212759,0.05231948496379428));
#15200=AXIS2_PLACEMENT_3D('',#247,#15198,#15199);
#15201=PLANE('',#15200);
#15202=FACE_SURFACE('',(#15197),#15201,.T.);
#15203=POLY_LOOP('',(#52,#1155,#44));
#15204=FACE_OUTER_BOUND('',#15203,.T.);
#15205=DIRECTION('',(-0.7023273923589087,0.15347094833281533,-0.6951135892501037));
#15206=DIRECTION('',(0.7015320671079135,0.31490773507834185,-0.6392854426679264));
#15207=AXIS2_PLACEMENT_3D('',#52,#15205,#15206);
#15208=PLANE('',#15207);
#15209=FACE_SURFACE('',(#15204),#15208,.T.);
#15210=POLY_LOOP('',(#247,#1165,#250));
#15211=FACE_OUTER_BOUND('',#15210,.T.);
#15212=DIRECTION('',(-0.6892790981491826,0.2396571356041834,-0.6837095744602729));
#15213=DIRECTION('',(0.6270644047668507,0.6700248058956566,-0.397312209425891));
#15214=AXIS2_PLACEMENT_3D('',#247,#15212,#15213);
#15215=PLANE('',#15214);
#15216=FACE_SURFACE('',(#15211),#15215,.T.);
#15217=POLY_LOOP('',(#250,#1160,#1161));
#15218=FACE_OUTER_BOUND('',#15217,.T.);
#15219=DIRECTION('',(-0.6966740949061232,0.22681169153780667,-0.6805892021392147));
#15220=DIRECTION('',(0.701242748692752,0.015167038580893745,-0.7127612281448251));
#15221=AXIS2_PLACEMENT_3D('',#250,#15219,#15220);
#15222=PLANE('',#15221);
#15223=FACE_SURFACE('',(#15218),#15222,.T.);
#15224=POLY_LOOP('',(#250,#1161,#26));
#15225=FACE_OUTER_BOUND('',#15224,.T.);
#15226=DIRECTION('',(-0.7285214064850685,0.20950043769612206,-0.6522009865817062));
#15227=DIRECTION('',(0.11607978254040703,-0.9005623449937,-0.4189426534322089));
#15228=AXIS2_PLACEMENT_3D('',#250,#15226,#15227);
#15229=PLANE('',#15228);
#15230=FACE_SURFACE('',(#15225),#15229,.T.);
#15231=POLY_LOOP('',(#26,#1161,#1162));
#15232=FACE_OUTER_BOUND('',#15231,.T.);
#15233=DIRECTION('',(-0.6926708549026067,0.20223076519426467,-0.6923220380555818));
#15234=DIRECTION('',(0.24222894040017287,0.9693606964918754,0.04080417294095878));
#15235=AXIS2_PLACEMENT_3D('',#26,#15233,#15234);
#15236=PLANE('',#15235);
#15237=FACE_SURFACE('',(#15232),#15236,.T.);
#15238=POLY_LOOP('',(#26,#1162,#38));
#15239=FACE_OUTER_BOUND('',#15238,.T.);
#15240=DIRECTION('',(-0.701566631049049,0.18931986700512163,-0.6869950874319629));
#15241=DIRECTION('',(0.47475488609326405,-0.5947742090361181,-0.6487306362397508));
#15242=AXIS2_PLACEMENT_3D('',#26,#15240,#15241);
#15243=PLANE('',#15242);
#15244=FACE_SURFACE('',(#15239),#15243,.T.);
#15245=POLY_LOOP('',(#38,#1162,#1164));
#15246=FACE_OUTER_BOUND('',#15245,.T.);
#15247=DIRECTION('',(-0.7018690882636903,0.18610926341712863,-0.6875631789226574));
#15248=DIRECTION('',(0.7064409721954503,0.05825901660145181,-0.7053701438168323));
#15249=AXIS2_PLACEMENT_3D('',#38,#15247,#15248);
#15250=PLANE('',#15249);
#15251=FACE_SURFACE('',(#15246),#15250,.T.);
#15252=POLY_LOOP('',(#38,#1164,#52));
#15253=FACE_OUTER_BOUND('',#15252,.T.);
#15254=DIRECTION('',(-0.7079083751020481,0.17476185770539068,-0.6843420384221175));
#15255=DIRECTION('',(0.5435252860965264,-0.48395778867264544,-0.685831701043902));
#15256=AXIS2_PLACEMENT_3D('',#38,#15254,#15255);
#15257=PLANE('',#15256);
#15258=FACE_SURFACE('',(#15253),#15257,.T.);
#15259=POLY_LOOP('',(#1165,#1160,#250));
#15260=FACE_OUTER_BOUND('',#15259,.T.);
#15261=DIRECTION('',(-0.6940160976091596,0.24324194869287677,-0.6776245351634232));
#15262=DIRECTION('',(-0.15972409251309078,-0.969762972063296,-0.1845209806115082));
#15263=AXIS2_PLACEMENT_3D('',#1165,#15261,#15262);
#15264=PLANE('',#15263);
#15265=FACE_SURFACE('',(#15260),#15264,.T.);
#15266=POLY_LOOP('',(#1166,#302,#313));
#15267=FACE_OUTER_BOUND('',#15266,.T.);
#15268=DIRECTION('',(-9.678090859118888e-06,-0.05776388332449338,-0.9983302728504273));
#15269=DIRECTION('',(0.7042591621044119,-0.708757961055593,0.041002258868388236));
#15270=AXIS2_PLACEMENT_3D('',#1166,#15268,#15269);
#15271=PLANE('',#15270);
#15272=FACE_SURFACE('',(#15267),#15271,.T.);
#15273=POLY_LOOP('',(#1166,#1167,#302));
#15274=FACE_OUTER_BOUND('',#15273,.T.);
#15275=DIRECTION('',(-5.047245120290691e-07,-0.057754798594978736,-0.99833079850268));
#15276=DIRECTION('',(0.9999874458688596,-0.005002463897692302,0.00028889379867553557));
#15277=AXIS2_PLACEMENT_3D('',#1166,#15275,#15276);
#15278=PLANE('',#15277);
#15279=FACE_SURFACE('',(#15274),#15278,.T.);
#15280=POLY_LOOP('',(#327,#1167,#1166));
#15281=FACE_OUTER_BOUND('',#15280,.T.);
#15282=DIRECTION('',(3.089669837292819e-06,-0.057038660506990434,-0.9983719703587548));
#15283=DIRECTION('',(0.9998743372544591,-0.015826765291882806,0.0009073038916175914));
#15284=AXIS2_PLACEMENT_3D('',#327,#15282,#15283);
#15285=PLANE('',#15284);
#15286=FACE_SURFACE('',(#15281),#15285,.T.);
#15287=POLY_LOOP('',(#754,#452,#441));
#15288=FACE_OUTER_BOUND('',#15287,.T.);
#15289=DIRECTION('',(-0.005735242884548032,-0.9848220923174207,0.1734720538663013));
#15290=DIRECTION('',(-0.9999329505540737,0.007393168139553012,0.008912657352580433));
#15291=AXIS2_PLACEMENT_3D('',#754,#15289,#15290);
#15292=PLANE('',#15291);
#15293=FACE_SURFACE('',(#15288),#15292,.T.);
#15294=POLY_LOOP('',(#754,#441,#755));
#15295=FACE_OUTER_BOUND('',#15294,.T.);
#15296=DIRECTION('',(-0.004985095676937751,-0.9981315343761674,0.06089818474280761));
#15297=DIRECTION('',(-0.9999636925688096,0.004554844420415309,-0.007201870344377125));
#15298=AXIS2_PLACEMENT_3D('',#754,#15296,#15297);
#15299=PLANE('',#15298);
#15300=FACE_SURFACE('',(#15295),#15299,.T.);
#15301=POLY_LOOP('',(#444,#781,#441));
#15302=FACE_OUTER_BOUND('',#15301,.T.);
#15303=DIRECTION('',(-0.0005054138050842379,-0.0007538345948882253,0.9999995881450598));
#15304=DIRECTION('',(0.9999873498199677,-0.005004853901851459,0.0005016347860958007));
#15305=AXIS2_PLACEMENT_3D('',#444,#15303,#15304);
#15306=PLANE('',#15305);
#15307=FACE_SURFACE('',(#15302),#15306,.T.);
#15308=POLY_LOOP('',(#441,#781,#755));
#15309=FACE_OUTER_BOUND('',#15308,.T.);
#15310=DIRECTION('',(3.345172815632866e-05,0.012825920727598928,0.9999177439362056));
#15311=DIRECTION('',(0.9992136171336179,-0.03964746634100242,0.00047512892028416556));
#15312=AXIS2_PLACEMENT_3D('',#441,#15310,#15311);
#15313=PLANE('',#15312);
#15314=FACE_SURFACE('',(#15309),#15313,.T.);
#15315=POLY_LOOP('',(#781,#444,#520));
#15316=FACE_OUTER_BOUND('',#15315,.T.);
#15317=DIRECTION('',(0.004891947013291762,0.9909058485623411,0.13446809338785912));
#15318=DIRECTION('',(-0.9999873498199677,0.005004853901851459,-0.0005016347860958007));
#15319=AXIS2_PLACEMENT_3D('',#781,#15317,#15318);
#15320=PLANE('',#15319);
#15321=FACE_SURFACE('',(#15316),#15320,.T.);
#15322=POLY_LOOP('',(#781,#520,#778));
#15323=FACE_OUTER_BOUND('',#15322,.T.);
#15324=DIRECTION('',(0.005731081099236208,0.9682865809993865,0.2497764035411523));
#15325=DIRECTION('',(-0.9999603471346402,0.0038467407180230073,0.0080316090677992));
#15326=AXIS2_PLACEMENT_3D('',#781,#15324,#15325);
#15327=PLANE('',#15326);
#15328=FACE_SURFACE('',(#15323),#15327,.T.);
#15329=POLY_LOOP('',(#774,#452,#754));
#15330=FACE_OUTER_BOUND('',#15329,.T.);
#15331=DIRECTION('',(-0.005175514804309767,-0.9738431900886829,0.22716217811160283));
#15332=DIRECTION('',(-0.999979941516158,0.005869590309541409,0.0023800157434752116));
#15333=AXIS2_PLACEMENT_3D('',#774,#15331,#15332);
#15334=PLANE('',#15333);
#15335=FACE_SURFACE('',(#15330),#15334,.T.);
#15336=POLY_LOOP('',(#520,#530,#778));
#15337=FACE_OUTER_BOUND('',#15336,.T.);
#15338=DIRECTION('',(0.005377327712734271,0.9599924577921133,0.2799742226150965));
#15339=DIRECTION('',(-0.001184240340249927,-0.2799719607364198,0.9600074472503957));
#15340=AXIS2_PLACEMENT_3D('',#520,#15338,#15339);
#15341=PLANE('',#15340);
#15342=FACE_SURFACE('',(#15337),#15341,.T.);
#15343=POLY_LOOP('',(#778,#529,#777));
#15344=FACE_OUTER_BOUND('',#15343,.T.);
#15345=DIRECTION('',(0.0045125337518632895,0.7924897933223451,0.6098684813294132));
#15346=DIRECTION('',(-0.9999837543683029,0.0014522210831043852,0.005511991781517345));
#15347=AXIS2_PLACEMENT_3D('',#778,#15345,#15346);
#15348=PLANE('',#15347);
#15349=FACE_SURFACE('',(#15344),#15348,.T.);
#15350=POLY_LOOP('',(#777,#529,#528));
#15351=FACE_OUTER_BOUND('',#15350,.T.);
#15352=DIRECTION('',(0.0037056024374058512,0.7473538220599306,0.6644159338569396));
#15353=DIRECTION('',(-0.9999266038301908,0.010433352004088037,-0.006158905631623242));
#15354=AXIS2_PLACEMENT_3D('',#777,#15352,#15353);
#15355=PLANE('',#15354);
#15356=FACE_SURFACE('',(#15351),#15355,.T.);
#15357=POLY_LOOP('',(#777,#528,#775));
#15358=FACE_OUTER_BOUND('',#15357,.T.);
#15359=DIRECTION('',(0.0032335120994441313,0.6533818125624774,0.7570216320634927));
#15360=DIRECTION('',(-0.9999875529052092,0.004989270091745004,-3.490849293639389e-05));
#15361=AXIS2_PLACEMENT_3D('',#777,#15359,#15360);
#15362=PLANE('',#15361);
#15363=FACE_SURFACE('',(#15358),#15362,.T.);
#15364=POLY_LOOP('',(#775,#528,#527));
#15365=FACE_OUTER_BOUND('',#15364,.T.);
#15366=DIRECTION('',(0.0028513272316977732,0.6124169817998313,0.7905297656231567));
#15367=DIRECTION('',(-0.9999692948982392,0.007516490854427527,-0.002216218841561922));
#15368=AXIS2_PLACEMENT_3D('',#775,#15366,#15367);
#15369=PLANE('',#15368);
#15370=FACE_SURFACE('',(#15365),#15369,.T.);
#15371=POLY_LOOP('',(#775,#527,#788));
#15372=FACE_OUTER_BOUND('',#15371,.T.);
#15373=DIRECTION('',(0.0029804244828621138,0.4362217825957427,0.8998342477694957));
#15374=DIRECTION('',(-0.9999955088088254,0.0010163858617062945,0.002819454195143333));
#15375=AXIS2_PLACEMENT_3D('',#775,#15373,#15374);
#15376=PLANE('',#15375);
#15377=FACE_SURFACE('',(#15372),#15376,.T.);
#15378=POLY_LOOP('',(#527,#526,#788));
#15379=FACE_OUTER_BOUND('',#15378,.T.);
#15380=DIRECTION('',(0.0019508008770735582,0.38057570421305026,0.9247477103181596));
#15381=DIRECTION('',(-0.0031347206748853847,-0.9247425990911885,0.3805802135586712));
#15382=AXIS2_PLACEMENT_3D('',#527,#15380,#15381);
#15383=PLANE('',#15382);
#15384=FACE_SURFACE('',(#15379),#15383,.T.);
#15385=POLY_LOOP('',(#778,#530,#529));
#15386=FACE_OUTER_BOUND('',#15385,.T.);
#15387=DIRECTION('',(0.0038642088382364534,0.8835885372403639,0.46824818712675076));
#15388=DIRECTION('',(-0.9999614851298811,0.00710419282808165,-0.005153513471799093));
#15389=AXIS2_PLACEMENT_3D('',#778,#15387,#15388);
#15390=PLANE('',#15389);
#15391=FACE_SURFACE('',(#15386),#15390,.T.);
#15392=POLY_LOOP('',(#788,#526,#525));
#15393=FACE_OUTER_BOUND('',#15392,.T.);
#15394=DIRECTION('',(0.0009343521074631479,0.18610365873898935,0.982529671404432));
#15395=DIRECTION('',(-0.9999863976884106,0.005215656448194371,-3.695903612561656e-05));
#15396=AXIS2_PLACEMENT_3D('',#788,#15394,#15395);
#15397=PLANE('',#15396);
#15398=FACE_SURFACE('',(#15393),#15397,.T.);
#15399=POLY_LOOP('',(#774,#453,#452));
#15400=FACE_OUTER_BOUND('',#15399,.T.);
#15401=DIRECTION('',(-0.003555981723514948,-0.8312324144284937,0.5559136877226167));
#15402=DIRECTION('',(-0.9997578414624692,0.015027911429769813,0.016075456832181624));
#15403=AXIS2_PLACEMENT_3D('',#774,#15401,#15402);
#15404=PLANE('',#15403);
#15405=FACE_SURFACE('',(#15400),#15404,.T.);
#15406=POLY_LOOP('',(#449,#772,#450));
#15407=FACE_OUTER_BOUND('',#15406,.T.);
#15408=DIRECTION('',(-0.0007373447578491336,-0.13926789394230432,0.9902544673161455));
#15409=DIRECTION('',(0.9999874473813691,-0.005010337717322771,3.9945611674504516e-05));
#15410=AXIS2_PLACEMENT_3D('',#449,#15408,#15409);
#15411=PLANE('',#15410);
#15412=FACE_SURFACE('',(#15407),#15411,.T.);
#15413=POLY_LOOP('',(#436,#445,#791));
#15414=FACE_OUTER_BOUND('',#15413,.T.);
#15415=DIRECTION('',(0.00514596254677676,0.9728765105137508,0.23126784117134577));
#15416=DIRECTION('',(-0.0010466618212038971,-0.2312655365119004,0.9728901048530069));
#15417=AXIS2_PLACEMENT_3D('',#436,#15415,#15416);
#15418=PLANE('',#15417);
#15419=FACE_SURFACE('',(#15414),#15418,.T.);
#15420=POLY_LOOP('',(#791,#445,#446));
#15421=FACE_OUTER_BOUND('',#15420,.T.);
#15422=DIRECTION('',(0.0036345750682624466,0.8010884432192552,0.5985349580472499));
#15423=DIRECTION('',(-0.9999830021406827,0.005640415329366265,-0.00147686987227821));
#15424=AXIS2_PLACEMENT_3D('',#791,#15422,#15423);
#15425=PLANE('',#15424);
#15426=FACE_SURFACE('',(#15421),#15425,.T.);
#15427=POLY_LOOP('',(#791,#446,#792));
#15428=FACE_OUTER_BOUND('',#15427,.T.);
#15429=DIRECTION('',(0.00429374248241565,0.7671926069235052,0.6414024225534316));
#15430=DIRECTION('',(-0.9999194010387771,-0.004369708080549918,0.011920447875150765));
#15431=AXIS2_PLACEMENT_3D('',#791,#15429,#15430);
#15432=PLANE('',#15431);
#15433=FACE_SURFACE('',(#15428),#15432,.T.);
#15434=POLY_LOOP('',(#792,#446,#447));
#15435=FACE_OUTER_BOUND('',#15434,.T.);
#15436=DIRECTION('',(0.0021471154323779783,0.5226548907356172,0.8525416441942646));
#15437=DIRECTION('',(-0.9999726025146805,0.007161671403701896,-0.0018720797852404844));
#15438=AXIS2_PLACEMENT_3D('',#792,#15436,#15437);
#15439=PLANE('',#15438);
#15440=FACE_SURFACE('',(#15435),#15439,.T.);
#15441=POLY_LOOP('',(#792,#447,#794));
#15442=FACE_OUTER_BOUND('',#15441,.T.);
#15443=DIRECTION('',(0.002959792432316413,0.4351365946390061,0.9003595857404568));
#15444=DIRECTION('',(-0.9999635318915057,-0.005924875309611771,0.006150669852218831));
#15445=AXIS2_PLACEMENT_3D('',#792,#15443,#15444);
#15446=PLANE('',#15445);
#15447=FACE_SURFACE('',(#15442),#15446,.T.);
#15448=POLY_LOOP('',(#794,#447,#451));
#15449=FACE_OUTER_BOUND('',#15448,.T.);
#15450=DIRECTION('',(0.0013809008965621804,0.27801528710116624,0.9605756572237141));
#15451=DIRECTION('',(-0.9999536070117416,0.00954102163861896,-0.0013239072092785845));
#15452=AXIS2_PLACEMENT_3D('',#794,#15450,#15451);
#15453=PLANE('',#15452);
#15454=FACE_SURFACE('',(#15449),#15453,.T.);
#15455=POLY_LOOP('',(#773,#453,#774));
#15456=FACE_OUTER_BOUND('',#15455,.T.);
#15457=DIRECTION('',(-0.0064541693484762765,-0.8986244098797733,0.43867130481289773));
#15458=DIRECTION('',(-0.9999250581370306,0.0103633560734843,0.006517588553294745));
#15459=AXIS2_PLACEMENT_3D('',#773,#15457,#15458);
#15460=PLANE('',#15459);
#15461=FACE_SURFACE('',(#15456),#15460,.T.);
#15462=POLY_LOOP('',(#794,#451,#793));
#15463=FACE_OUTER_BOUND('',#15462,.T.);
#15464=DIRECTION('',(6.003169107534539e-05,0.008940782138151682,0.9999600286066209));
#15465=DIRECTION('',(-0.9999879396813018,0.0049112352873570035,1.6121326732449914e-05));
#15466=AXIS2_PLACEMENT_3D('',#794,#15464,#15465);
#15467=PLANE('',#15466);
#15468=FACE_SURFACE('',(#15463),#15467,.T.);
#15469=POLY_LOOP('',(#793,#450,#772));
#15470=FACE_OUTER_BOUND('',#15469,.T.);
#15471=DIRECTION('',(-0.001934200966964984,-0.22116020568909517,0.9752355727136784));
#15472=DIRECTION('',(-0.9999250096430201,0.012221035867552745,0.0007882719900368865));
#15473=AXIS2_PLACEMENT_3D('',#793,#15471,#15472);
#15474=PLANE('',#15473);
#15475=FACE_SURFACE('',(#15470),#15474,.T.);
#15476=POLY_LOOP('',(#773,#757,#453));
#15477=FACE_OUTER_BOUND('',#15476,.T.);
#15478=DIRECTION('',(-0.00372458673122292,-0.7646571693264675,0.6444265209093396));
#15479=DIRECTION('',(0.0036028330251787776,0.6444165471888407,0.7646661580738391));
#15480=AXIS2_PLACEMENT_3D('',#773,#15478,#15479);
#15481=PLANE('',#15480);
#15482=FACE_SURFACE('',(#15477),#15481,.T.);
#15483=POLY_LOOP('',(#453,#757,#758));
#15484=FACE_OUTER_BOUND('',#15483,.T.);
#15485=DIRECTION('',(-0.0033267283908223304,-0.6411667377932697,0.7673943883204711));
#15486=DIRECTION('',(0.9999911313303831,-0.004114933913545745,0.0008969835381397805));
#15487=AXIS2_PLACEMENT_3D('',#453,#15485,#15486);
#15488=PLANE('',#15487);
#15489=FACE_SURFACE('',(#15484),#15488,.T.);
#15490=POLY_LOOP('',(#453,#758,#448));
#15491=FACE_OUTER_BOUND('',#15490,.T.);
#15492=DIRECTION('',(-0.0036130588689998783,-0.5699833429922289,0.8216483034224633));
#15493=DIRECTION('',(0.9999888505142938,0.00043886866776487305,0.0047017274903962455));
#15494=AXIS2_PLACEMENT_3D('',#453,#15492,#15493);
#15495=PLANE('',#15494);
#15496=FACE_SURFACE('',(#15491),#15495,.T.);
#15497=POLY_LOOP('',(#448,#758,#772));
#15498=FACE_OUTER_BOUND('',#15497,.T.);
#15499=DIRECTION('',(-0.0014910342719919503,-0.42377650734286576,0.9057655594253304));
#15500=DIRECTION('',(0.9999175966713263,-0.012180854993303014,-0.004052978987229555));
#15501=AXIS2_PLACEMENT_3D('',#448,#15499,#15500);
#15502=PLANE('',#15501);
#15503=FACE_SURFACE('',(#15498),#15502,.T.);
#15504=POLY_LOOP('',(#448,#772,#449));
#15505=FACE_OUTER_BOUND('',#15504,.T.);
#15506=DIRECTION('',(-0.0016577258848371362,-0.3233125196035206,0.9462907938961014));
#15507=DIRECTION('',(0.9999975731495252,0.0008371859259731445,0.002037845623487064));
#15508=AXIS2_PLACEMENT_3D('',#448,#15506,#15507);
#15509=PLANE('',#15508);
#15510=FACE_SURFACE('',(#15505),#15509,.T.);
#15511=POLY_LOOP('',(#793,#451,#450));
#15512=FACE_OUTER_BOUND('',#15511,.T.);
#15513=DIRECTION('',(0.0018365034105503025,0.08600052578457486,0.9962933989643812));
#15514=DIRECTION('',(-0.9997345308109459,0.023040108335470565,-0.00014598666984646537));
#15515=AXIS2_PLACEMENT_3D('',#793,#15513,#15514);
#15516=PLANE('',#15515);
#15517=FACE_SURFACE('',(#15512),#15516,.T.);
#15518=POLY_LOOP('',(#791,#753,#436));
#15519=FACE_OUTER_BOUND('',#15518,.T.);
#15520=DIRECTION('',(0.004755071636711281,0.9680423961551148,0.2507415173839256));
#15521=DIRECTION('',(0.0013782294914177504,0.2507377697146785,-0.9680540642556994));
#15522=AXIS2_PLACEMENT_3D('',#791,#15520,#15521);
#15523=PLANE('',#15522);
#15524=FACE_SURFACE('',(#15519),#15523,.T.);
#15525=POLY_LOOP('',(#788,#525,#782));
#15526=FACE_OUTER_BOUND('',#15525,.T.);
#15527=DIRECTION('',(0.0005592632993468646,0.010436959125763949,0.9999453770625518));
#15528=DIRECTION('',(-0.9999974615407968,0.0021884086564356348,0.0005364508505033597));
#15529=AXIS2_PLACEMENT_3D('',#788,#15527,#15528);
#15530=PLANE('',#15529);
#15531=FACE_SURFACE('',(#15526),#15530,.T.);
#15532=POLY_LOOP('',(#782,#483,#797));
#15533=FACE_OUTER_BOUND('',#15532,.T.);
#15534=DIRECTION('',(-0.001470064780316718,-0.39048711855843554,0.9206072176283824));
#15535=DIRECTION('',(-0.9999978635256029,0.0019118907976497096,-0.000785886637791252));
#15536=AXIS2_PLACEMENT_3D('',#782,#15534,#15535);
#15537=PLANE('',#15536);
#15538=FACE_SURFACE('',(#15533),#15537,.T.);
#15539=POLY_LOOP('',(#786,#537,#787));
#15540=FACE_OUTER_BOUND('',#15539,.T.);
#15541=DIRECTION('',(0.0004066139556090072,0.2996968402830251,0.9540344011561963));
#15542=DIRECTION('',(-0.9999259343578397,0.011726632901960094,-0.0032575879702290782));
#15543=AXIS2_PLACEMENT_3D('',#786,#15541,#15542);
#15544=PLANE('',#15543);
#15545=FACE_SURFACE('',(#15540),#15544,.T.);
#15546=POLY_LOOP('',(#787,#537,#536));
#15547=FACE_OUTER_BOUND('',#15546,.T.);
#15548=DIRECTION('',(0.0019877318006689274,0.39133388983503237,0.9202466167223171));
#15549=DIRECTION('',(-0.9998682693151073,0.015601880457966441,-0.004474968490106782));
#15550=AXIS2_PLACEMENT_3D('',#787,#15548,#15549);
#15551=PLANE('',#15550);
#15552=FACE_SURFACE('',(#15547),#15551,.T.);
#15553=POLY_LOOP('',(#787,#536,#738));
#15554=FACE_OUTER_BOUND('',#15553,.T.);
#15555=DIRECTION('',(0.0005761529039708064,0.11064643893855818,0.9938596649417095));
#15556=DIRECTION('',(-0.9999873291754281,0.005033996151573545,1.9270181205651182e-05));
#15557=AXIS2_PLACEMENT_3D('',#787,#15555,#15556);
#15558=PLANE('',#15557);
#15559=FACE_SURFACE('',(#15554),#15558,.T.);
#15560=POLY_LOOP('',(#738,#536,#535));
#15561=FACE_OUTER_BOUND('',#15560,.T.);
#15562=DIRECTION('',(0.0020962638704836696,0.20244708299587838,0.9792909599624848));
#15563=DIRECTION('',(-0.9998654027062939,0.016359545097353014,-0.0012416743488629916));
#15564=AXIS2_PLACEMENT_3D('',#738,#15562,#15563);
#15565=PLANE('',#15564);
#15566=FACE_SURFACE('',(#15561),#15565,.T.);
#15567=POLY_LOOP('',(#738,#535,#739));
#15568=FACE_OUTER_BOUND('',#15567,.T.);
#15569=DIRECTION('',(-0.0020921343315998212,-0.11948595791065449,0.9928336863926969));
#15570=DIRECTION('',(-0.9999155281606823,0.012986161734203985,-0.0005441934919973888));
#15571=AXIS2_PLACEMENT_3D('',#738,#15569,#15570);
#15572=PLANE('',#15571);
#15573=FACE_SURFACE('',(#15568),#15572,.T.);
#15574=POLY_LOOP('',(#739,#535,#540));
#15575=FACE_OUTER_BOUND('',#15574,.T.);
#15576=DIRECTION('',(-0.0005991702330012222,-0.05151012357087157,0.9986722926790076));
#15577=DIRECTION('',(-0.9997597554484252,0.02191232707624992,0.0005303845853025581));
#15578=AXIS2_PLACEMENT_3D('',#739,#15576,#15577);
#15579=PLANE('',#15578);
#15580=FACE_SURFACE('',(#15575),#15579,.T.);
#15581=POLY_LOOP('',(#786,#538,#537));
#15582=FACE_OUTER_BOUND('',#15581,.T.);
#15583=DIRECTION('',(0.004652540380133447,0.6156284927060552,0.7880227870033214));
#15584=DIRECTION('',(-0.9997856192191982,0.018763146883776134,-0.008755565173216616));
#15585=AXIS2_PLACEMENT_3D('',#786,#15583,#15584);
#15586=PLANE('',#15585);
#15587=FACE_SURFACE('',(#15582),#15586,.T.);
#15588=POLY_LOOP('',(#739,#540,#737));
#15589=FACE_OUTER_BOUND('',#15588,.T.);
#15590=DIRECTION('',(-0.001480869158156497,-0.30453993382414535,0.9524984177062562));
#15591=DIRECTION('',(-0.9999935746892168,0.003560514115144115,-0.0004163166077072609));
#15592=AXIS2_PLACEMENT_3D('',#739,#15590,#15591);
#15593=PLANE('',#15592);
#15594=FACE_SURFACE('',(#15589),#15593,.T.);
#15595=POLY_LOOP('',(#540,#541,#708));
#15596=FACE_OUTER_BOUND('',#15595,.T.);
#15597=DIRECTION('',(-0.001600467705725572,-0.4681641771496764,0.8836400521348552));
#15598=DIRECTION('',(-0.0011350095405415759,-0.8836397642381086,-0.46816608037165897));
#15599=AXIS2_PLACEMENT_3D('',#540,#15597,#15598);
#15600=PLANE('',#15599);
#15601=FACE_SURFACE('',(#15596),#15600,.T.);
#15602=POLY_LOOP('',(#708,#541,#542));
#15603=FACE_OUTER_BOUND('',#15602,.T.);
#15604=DIRECTION('',(-0.004472452623262298,-0.7897326027045197,0.6134349300399169));
#15605=DIRECTION('',(-0.9999718006691953,0.007232835178901641,0.002020881412140763));
#15606=AXIS2_PLACEMENT_3D('',#708,#15604,#15605);
#15607=PLANE('',#15606);
#15608=FACE_SURFACE('',(#15603),#15607,.T.);
#15609=POLY_LOOP('',(#708,#542,#783));
#15610=FACE_OUTER_BOUND('',#15609,.T.);
#15611=DIRECTION('',(-0.00373980534682602,-0.8258654040745371,0.5638548999598828));
#15612=DIRECTION('',(-0.9999202609246836,-0.003712795341987318,-0.012070084633558091));
#15613=AXIS2_PLACEMENT_3D('',#708,#15611,#15612);
#15614=PLANE('',#15613);
#15615=FACE_SURFACE('',(#15610),#15614,.T.);
#15616=POLY_LOOP('',(#783,#542,#531));
#15617=FACE_OUTER_BOUND('',#15616,.T.);
#15618=DIRECTION('',(-0.00497038506191194,-0.9772152920577977,0.21219229071936052));
#15619=DIRECTION('',(-0.9999849900249934,0.005346389458101231,0.0011982672807515824));
#15620=AXIS2_PLACEMENT_3D('',#783,#15618,#15619);
#15621=PLANE('',#15620);
#15622=FACE_SURFACE('',(#15617),#15621,.T.);
#15623=POLY_LOOP('',(#783,#531,#697));
#15624=FACE_OUTER_BOUND('',#15623,.T.);
#15625=DIRECTION('',(-0.004890552307281448,-0.9782962156677225,0.20715355876340324));
#15626=DIRECTION('',(-0.999867873936332,0.001572485307340604,-0.016179059305080196));
#15627=AXIS2_PLACEMENT_3D('',#783,#15625,#15626);
#15628=PLANE('',#15627);
#15629=FACE_SURFACE('',(#15624),#15628,.T.);
#15630=POLY_LOOP('',(#698,#499,#498));
#15631=FACE_OUTER_BOUND('',#15630,.T.);
#15632=DIRECTION('',(0.004953729966829977,0.9981135299883113,0.06119511266178045));
#15633=DIRECTION('',(-0.9999872813332263,0.005002426334814565,-0.000642574935294991));
#15634=AXIS2_PLACEMENT_3D('',#698,#15632,#15633);
#15635=PLANE('',#15634);
#15636=FACE_SURFACE('',(#15631),#15635,.T.);
#15637=POLY_LOOP('',(#737,#540,#708));
#15638=FACE_OUTER_BOUND('',#15637,.T.);
#15639=DIRECTION('',(-0.004158737583915161,-0.5574418946380304,0.8302055402152354));
#15640=DIRECTION('',(-0.9999505123782721,0.009821351509956241,0.0015855122038719316));
#15641=AXIS2_PLACEMENT_3D('',#737,#15639,#15640);
#15642=PLANE('',#15641);
#15643=FACE_SURFACE('',(#15638),#15642,.T.);
#15644=POLY_LOOP('',(#782,#525,#483));
#15645=FACE_OUTER_BOUND('',#15644,.T.);
#15646=DIRECTION('',(-0.0009017884610932085,-0.06139619073414439,0.998113067012404));
#15647=DIRECTION('',(-0.99979333585554,0.020326464420420153,0.0003470201966108497));
#15648=AXIS2_PLACEMENT_3D('',#782,#15646,#15647);
#15649=PLANE('',#15648);
#15650=FACE_SURFACE('',(#15645),#15649,.T.);
#15651=POLY_LOOP('',(#785,#538,#786));
#15652=FACE_OUTER_BOUND('',#15651,.T.);
#15653=DIRECTION('',(0.002405415450463441,0.5252523778240916,0.8509430965503206));
#15654=DIRECTION('',(-0.9999836122378958,0.00568421062102012,-0.0006819129457761383));
#15655=AXIS2_PLACEMENT_3D('',#785,#15653,#15654);
#15656=PLANE('',#15655);
#15657=FACE_SURFACE('',(#15652),#15656,.T.);
#15658=POLY_LOOP('',(#784,#539,#785));
#15659=FACE_OUTER_BOUND('',#15658,.T.);
#15660=DIRECTION('',(0.004765240882717264,0.8025264800141014,0.5965974701216102));
#15661=DIRECTION('',(-0.9999851221343019,0.002240376046278287,0.004973552575023381));
#15662=AXIS2_PLACEMENT_3D('',#784,#15660,#15661);
#15663=PLANE('',#15662);
#15664=FACE_SURFACE('',(#15659),#15663,.T.);
#15665=POLY_LOOP('',(#797,#483,#482));
#15666=FACE_OUTER_BOUND('',#15665,.T.);
#15667=DIRECTION('',(-0.0031528842409768603,-0.477391341426294,0.8786851349898703));
#15668=DIRECTION('',(-0.9998452652514526,0.016711801588278445,0.005491925156680061));
#15669=AXIS2_PLACEMENT_3D('',#797,#15667,#15668);
#15670=PLANE('',#15669);
#15671=FACE_SURFACE('',(#15666),#15670,.T.);
#15672=POLY_LOOP('',(#797,#482,#796));
#15673=FACE_OUTER_BOUND('',#15672,.T.);
#15674=DIRECTION('',(-0.0030919493392724735,-0.6317293756863226,0.7751828402023955));
#15675=DIRECTION('',(-0.999995029031882,0.0014743189752310895,-0.0027871661386899903));
#15676=AXIS2_PLACEMENT_3D('',#797,#15674,#15675);
#15677=PLANE('',#15676);
#15678=FACE_SURFACE('',(#15673),#15677,.T.);
#15679=POLY_LOOP('',(#796,#482,#789));
#15680=FACE_OUTER_BOUND('',#15679,.T.);
#15681=DIRECTION('',(-0.004007471985749574,-0.7583392391510498,0.6518477878554858));
#15682=DIRECTION('',(-0.9999802358293094,0.006196867925958022,0.0010614983123249347));
#15683=AXIS2_PLACEMENT_3D('',#796,#15681,#15682);
#15684=PLANE('',#15683);
#15685=FACE_SURFACE('',(#15680),#15684,.T.);
#15686=POLY_LOOP('',(#789,#482,#484));
#15687=FACE_OUTER_BOUND('',#15686,.T.);
#15688=DIRECTION('',(-0.004877100628594021,-0.7961565153949082,0.6050710841576352));
#15689=DIRECTION('',(-0.9998856326605845,0.012544726027205298,0.008446978622268737));
#15690=AXIS2_PLACEMENT_3D('',#789,#15688,#15689);
#15691=PLANE('',#15690);
#15692=FACE_SURFACE('',(#15687),#15691,.T.);
#15693=POLY_LOOP('',(#789,#484,#790));
#15694=FACE_OUTER_BOUND('',#15693,.T.);
#15695=DIRECTION('',(-0.004138400897512182,-0.8944225411738186,0.4472037471647347));
#15696=DIRECTION('',(-0.9999818609993105,0.0017443793448200767,-0.005764964271957822));
#15697=AXIS2_PLACEMENT_3D('',#789,#15695,#15696);
#15698=PLANE('',#15697);
#15699=FACE_SURFACE('',(#15694),#15698,.T.);
#15700=POLY_LOOP('',(#790,#484,#795));
#15701=FACE_OUTER_BOUND('',#15700,.T.);
#15702=DIRECTION('',(-0.005335949621545284,-0.9677673184564626,0.2517894854222954));
#15703=DIRECTION('',(-0.9999721970556663,0.0064755475622950255,0.0036976207799267807));
#15704=AXIS2_PLACEMENT_3D('',#790,#15702,#15703);
#15705=PLANE('',#15704);
#15706=FACE_SURFACE('',(#15701),#15705,.T.);
#15707=POLY_LOOP('',(#785,#539,#538));
#15708=FACE_OUTER_BOUND('',#15707,.T.);
#15709=DIRECTION('',(0.003903716288640389,0.7641368880426133,0.6450423066215801));
#15710=DIRECTION('',(-0.9998934773942076,0.012054686303562812,-0.00822911918991294));
#15711=AXIS2_PLACEMENT_3D('',#785,#15709,#15710);
#15712=PLANE('',#15711);
#15713=FACE_SURFACE('',(#15708),#15712,.T.);
#15714=POLY_LOOP('',(#795,#484,#454));
#15715=FACE_OUTER_BOUND('',#15714,.T.);
#15716=DIRECTION('',(-0.005878514070713224,-0.9793897193082537,0.20189408308719797));
#15717=DIRECTION('',(-0.9999281933346867,0.007865546193200278,0.009041092716696158));
#15718=AXIS2_PLACEMENT_3D('',#795,#15716,#15717);
#15719=PLANE('',#15718);
#15720=FACE_SURFACE('',(#15715),#15719,.T.);
#15721=POLY_LOOP('',(#524,#779,#454));
#15722=FACE_OUTER_BOUND('',#15721,.T.);
#15723=DIRECTION('',(-0.00046125504994055873,-0.003566950160016605,0.9999935320342502));
#15724=DIRECTION('',(0.9999873934151229,-0.005001639437837663,0.0004434115044669052));
#15725=AXIS2_PLACEMENT_3D('',#524,#15723,#15724);
#15726=PLANE('',#15725);
#15727=FACE_SURFACE('',(#15722),#15726,.T.);
#15728=POLY_LOOP('',(#454,#779,#780));
#15729=FACE_OUTER_BOUND('',#15728,.T.);
#15730=DIRECTION('',(9.95352447903054e-06,0.008307324403358953,0.9999654935357444));
#15731=DIRECTION('',(0.9992135315733931,-0.03965118239822131,0.00031946056226695953));
#15732=AXIS2_PLACEMENT_3D('',#454,#15730,#15731);
#15733=PLANE('',#15732);
#15734=FACE_SURFACE('',(#15729),#15733,.T.);
#15735=POLY_LOOP('',(#779,#524,#522));
#15736=FACE_OUTER_BOUND('',#15735,.T.);
#15737=DIRECTION('',(0.004959165765078712,0.9976079659658572,0.06894746490176248));
#15738=DIRECTION('',(-0.9999873934151229,0.005001639437837663,-0.0004434115044669052));
#15739=AXIS2_PLACEMENT_3D('',#779,#15737,#15738);
#15740=PLANE('',#15739);
#15741=FACE_SURFACE('',(#15736),#15740,.T.);
#15742=POLY_LOOP('',(#779,#522,#784));
#15743=FACE_OUTER_BOUND('',#15742,.T.);
#15744=DIRECTION('',(0.005736470191177905,0.9758230766110448,0.2184866496221235));
#15745=DIRECTION('',(-0.9999723894397319,0.00456571199609025,0.005862988330374908));
#15746=AXIS2_PLACEMENT_3D('',#779,#15744,#15745);
#15747=PLANE('',#15746);
#15748=FACE_SURFACE('',(#15743),#15747,.T.);
#15749=POLY_LOOP('',(#522,#521,#784));
#15750=FACE_OUTER_BOUND('',#15749,.T.);
#15751=DIRECTION('',(0.005648335291892579,0.9742881722853242,0.2252346635252955));
#15752=DIRECTION('',(-0.0008157334112184561,-0.22523369236747917,0.974304427990304));
#15753=AXIS2_PLACEMENT_3D('',#522,#15751,#15752);
#15754=PLANE('',#15753);
#15755=FACE_SURFACE('',(#15750),#15754,.T.);
#15756=POLY_LOOP('',(#784,#521,#539));
#15757=FACE_OUTER_BOUND('',#15756,.T.);
#15758=DIRECTION('',(0.004187606420546292,0.8995778211442287,0.4367404351074778));
#15759=DIRECTION('',(-0.9999665499094574,0.00683555838034056,-0.004491570305084806));
#15760=AXIS2_PLACEMENT_3D('',#784,#15758,#15759);
#15761=PLANE('',#15760);
#15762=FACE_SURFACE('',(#15757),#15761,.T.);
#15763=POLY_LOOP('',(#795,#454,#780));
#15764=FACE_OUTER_BOUND('',#15763,.T.);
#15765=DIRECTION('',(-0.0049771826191725614,-0.9963309538336657,0.08543920696069886));
#15766=DIRECTION('',(-0.9999558876755553,0.004278236082851451,-0.00836178204759883));
#15767=AXIS2_PLACEMENT_3D('',#795,#15765,#15766);
#15768=PLANE('',#15767);
#15769=FACE_SURFACE('',(#15764),#15768,.T.);
#15770=POLY_LOOP('',(#698,#498,#705));
#15771=FACE_OUTER_BOUND('',#15770,.T.);
#15772=DIRECTION('',(0.005659354877799061,0.9809895098420167,0.1939782288873859));
#15773=DIRECTION('',(-0.9999719679927637,0.004600772824232078,0.005907293635769408));
#15774=AXIS2_PLACEMENT_3D('',#698,#15772,#15773);
#15775=PLANE('',#15774);
#15776=FACE_SURFACE('',(#15771),#15775,.T.);
#15777=POLY_LOOP('',(#431,#753,#752));
#15778=FACE_OUTER_BOUND('',#15777,.T.);
#15779=DIRECTION('',(-6.520319435087177e-05,-0.006877104780922332,0.9999763503095339));
#15780=DIRECTION('',(0.9992142362056532,-0.03963416632621535,-0.00020742126013700973));
#15781=AXIS2_PLACEMENT_3D('',#431,#15779,#15780);
#15782=PLANE('',#15781);
#15783=FACE_SURFACE('',(#15778),#15782,.T.);
#15784=POLY_LOOP('',(#751,#431,#752));
#15785=FACE_OUTER_BOUND('',#15784,.T.);
#15786=DIRECTION('',(-0.004987245146816266,-0.9985950625721814,0.052754415855987655));
#15787=DIRECTION('',(-0.9999615847918637,0.004599903756968576,-0.007461221479816672));
#15788=AXIS2_PLACEMENT_3D('',#751,#15786,#15787);
#15789=PLANE('',#15788);
#15790=FACE_SURFACE('',(#15785),#15789,.T.);
#15791=POLY_LOOP('',(#611,#478,#674));
#15792=FACE_OUTER_BOUND('',#15791,.T.);
#15793=DIRECTION('',(0.0012905613978424324,0.2554218350020462,0.9668288476537436));
#15794=DIRECTION('',(-0.9999882538241086,0.0048465710555973835,5.4431729380518386e-05));
#15795=AXIS2_PLACEMENT_3D('',#611,#15793,#15794);
#15796=PLANE('',#15795);
#15797=FACE_SURFACE('',(#15792),#15796,.T.);
#15798=POLY_LOOP('',(#674,#478,#479));
#15799=FACE_OUTER_BOUND('',#15798,.T.);
#15800=DIRECTION('',(0.0012585598644295486,0.2523723999284843,0.9676293648817219));
#15801=DIRECTION('',(-0.9999476770816907,0.010140808947604977,-0.001344281525166136));
#15802=AXIS2_PLACEMENT_3D('',#674,#15800,#15801);
#15803=PLANE('',#15802);
#15804=FACE_SURFACE('',(#15799),#15803,.T.);
#15805=POLY_LOOP('',(#674,#479,#481));
#15806=FACE_OUTER_BOUND('',#15805,.T.);
#15807=DIRECTION('',(0.00029283080075969206,0.05905777804151361,0.9982545232068429));
#15808=DIRECTION('',(-0.9999875237805399,0.004995225570095057,-2.1835870481283413e-06));
#15809=AXIS2_PLACEMENT_3D('',#674,#15807,#15808);
#15810=PLANE('',#15809);
#15811=FACE_SURFACE('',(#15806),#15810,.T.);
#15812=POLY_LOOP('',(#594,#598,#476));
#15813=FACE_OUTER_BOUND('',#15812,.T.);
#15814=DIRECTION('',(0.0038569959568222774,0.7869632441285419,0.6169878248173702));
#15815=DIRECTION('',(-0.002948783216892579,0.6169986822494562,-0.7869586588760392));
#15816=AXIS2_PLACEMENT_3D('',#594,#15814,#15815);
#15817=PLANE('',#15816);
#15818=FACE_SURFACE('',(#15813),#15817,.T.);
#15819=POLY_LOOP('',(#476,#598,#597));
#15820=FACE_OUTER_BOUND('',#15819,.T.);
#15821=DIRECTION('',(0.004801657069187476,0.969196985552163,0.24624001966778228));
#15822=DIRECTION('',(0.9999875962736674,-0.00497968274618657,0.00010029237284911226));
#15823=AXIS2_PLACEMENT_3D('',#476,#15821,#15822);
#15824=PLANE('',#15823);
#15825=FACE_SURFACE('',(#15820),#15824,.T.);
#15826=POLY_LOOP('',(#476,#597,#457));
#15827=FACE_OUTER_BOUND('',#15826,.T.);
#15828=DIRECTION('',(0.004790688223637455,0.969375091400563,0.2455381466870153));
#15829=DIRECTION('',(0.9998737878383258,-0.000924031140404976,-0.015860471628866238));
#15830=AXIS2_PLACEMENT_3D('',#476,#15828,#15829);
#15831=PLANE('',#15830);
#15832=FACE_SURFACE('',(#15827),#15831,.T.);
#15833=POLY_LOOP('',(#611,#477,#478));
#15834=FACE_OUTER_BOUND('',#15833,.T.);
#15835=DIRECTION('',(0.0024880957457810945,0.5036639584701744,0.8638960737945938));
#15836=DIRECTION('',(-0.9998017241582197,0.018320645609303913,-0.0078016866579845995));
#15837=AXIS2_PLACEMENT_3D('',#611,#15835,#15836);
#15838=PLANE('',#15837);
#15839=FACE_SURFACE('',(#15834),#15838,.T.);
#15840=POLY_LOOP('',(#474,#762,#467));
#15841=FACE_OUTER_BOUND('',#15840,.T.);
#15842=DIRECTION('',(-0.00026755211568466763,-0.04759304104849374,0.9988667733284663));
#15843=DIRECTION('',(0.9999875369248173,-0.004992504038898687,2.997429917974959e-05));
#15844=AXIS2_PLACEMENT_3D('',#474,#15842,#15843);
#15845=PLANE('',#15844);
#15846=FACE_SURFACE('',(#15841),#15845,.T.);
#15847=POLY_LOOP('',(#769,#762,#474));
#15848=FACE_OUTER_BOUND('',#15847,.T.);
#15849=DIRECTION('',(0.004827021532142203,0.9683402441760547,0.24958740227060178));
#15850=DIRECTION('',(0.0034761497912312745,0.24957255341993761,-0.9683498628915488));
#15851=AXIS2_PLACEMENT_3D('',#769,#15849,#15850);
#15852=PLANE('',#15851);
#15853=FACE_SURFACE('',(#15848),#15852,.T.);
#15854=POLY_LOOP('',(#474,#473,#769));
#15855=FACE_OUTER_BOUND('',#15854,.T.);
#15856=DIRECTION('',(0.004805014250185532,0.9680334699146295,0.25077502459993406));
#15857=DIRECTION('',(0.0008951504132187386,-0.2507819829533122,0.9680431786504888));
#15858=AXIS2_PLACEMENT_3D('',#474,#15856,#15857);
#15859=PLANE('',#15858);
#15860=FACE_SURFACE('',(#15855),#15859,.T.);
#15861=POLY_LOOP('',(#769,#473,#472));
#15862=FACE_OUTER_BOUND('',#15861,.T.);
#15863=DIRECTION('',(0.003978174448317191,0.7971313361439575,0.6037928511214816));
#15864=DIRECTION('',(-0.9999877490508187,0.00494962921353584,5.402707806263494e-05));
#15865=AXIS2_PLACEMENT_3D('',#769,#15863,#15864);
#15866=PLANE('',#15865);
#15867=FACE_SURFACE('',(#15862),#15866,.T.);
#15868=POLY_LOOP('',(#769,#472,#770));
#15869=FACE_OUTER_BOUND('',#15868,.T.);
#15870=DIRECTION('',(0.00393692613346768,0.7989904439845293,0.6013308332640398));
#15871=DIRECTION('',(-0.9999027991286619,-0.004897666503065528,0.0130539326446659));
#15872=AXIS2_PLACEMENT_3D('',#769,#15870,#15871);
#15873=PLANE('',#15872);
#15874=FACE_SURFACE('',(#15869),#15873,.T.);
#15875=POLY_LOOP('',(#770,#472,#771));
#15876=FACE_OUTER_BOUND('',#15875,.T.);
#15877=DIRECTION('',(0.0025761611335390474,0.515342512771084,0.8569804303043327));
#15878=DIRECTION('',(-0.9999881473491127,0.0048681601195717,7.860241404173033e-05));
#15879=AXIS2_PLACEMENT_3D('',#770,#15877,#15878);
#15880=PLANE('',#15879);
#15881=FACE_SURFACE('',(#15876),#15880,.T.);
#15882=POLY_LOOP('',(#472,#471,#771));
#15883=FACE_OUTER_BOUND('',#15882,.T.);
#15884=DIRECTION('',(0.0024898023287364527,0.5115806930541211,0.8592316308066346));
#15885=DIRECTION('',(-0.009705081419306151,-0.8591814660368968,0.5115789477816042));
#15886=AXIS2_PLACEMENT_3D('',#472,#15884,#15885);
#15887=PLANE('',#15886);
#15888=FACE_SURFACE('',(#15883),#15887,.T.);
#15889=POLY_LOOP('',(#467,#762,#761));
#15890=FACE_OUTER_BOUND('',#15889,.T.);
#15891=DIRECTION('',(-0.00026888636220400466,-0.047626597933568764,0.9988651735191285));
#15892=DIRECTION('',(0.9992122301473082,-0.039652103866493094,-0.0016216605697930999));
#15893=AXIS2_PLACEMENT_3D('',#467,#15891,#15892);
#15894=PLANE('',#15893);
#15895=FACE_SURFACE('',(#15890),#15894,.T.);
#15896=POLY_LOOP('',(#771,#471,#470));
#15897=FACE_OUTER_BOUND('',#15896,.T.);
#15898=DIRECTION('',(0.0012902090494702264,0.26115528404814237,0.9652959406183902));
#15899=DIRECTION('',(-0.9999884523515433,0.004805604535890261,3.6450099410637184e-05));
#15900=AXIS2_PLACEMENT_3D('',#771,#15898,#15899);
#15901=PLANE('',#15900);
#15902=FACE_SURFACE('',(#15897),#15901,.T.);
#15903=POLY_LOOP('',(#595,#477,#611));
#15904=FACE_OUTER_BOUND('',#15903,.T.);
#15905=DIRECTION('',(0.002363859573428177,0.49822487547852085,0.8670446272380271));
#15906=DIRECTION('',(-0.9999854164787807,0.005387960090303771,-0.00036975103122909627));
#15907=AXIS2_PLACEMENT_3D('',#595,#15905,#15906);
#15908=PLANE('',#15907);
#15909=FACE_SURFACE('',(#15904),#15908,.T.);
#15910=POLY_LOOP('',(#594,#476,#595));
#15911=FACE_OUTER_BOUND('',#15910,.T.);
#15912=DIRECTION('',(-7.547301220583926e-05,0.6512394243475198,0.7588723255458294));
#15913=DIRECTION('',(-0.9997976915993113,0.015214763797636003,-0.013156247005524063));
#15914=AXIS2_PLACEMENT_3D('',#594,#15912,#15913);
#15915=PLANE('',#15914);
#15916=FACE_SURFACE('',(#15911),#15915,.T.);
#15917=POLY_LOOP('',(#596,#458,#457));
#15918=FACE_OUTER_BOUND('',#15917,.T.);
#15919=DIRECTION('',(-0.00048707334990139803,-0.06830234817483792,0.9976645488305951));
#15920=DIRECTION('',(-0.9997494965581558,0.022357486807067787,0.0010425523419460357));
#15921=AXIS2_PLACEMENT_3D('',#596,#15919,#15920);
#15922=PLANE('',#15921);
#15923=FACE_SURFACE('',(#15918),#15922,.T.);
#15924=POLY_LOOP('',(#596,#457,#597));
#15925=FACE_OUTER_BOUND('',#15924,.T.);
#15926=DIRECTION('',(-0.0006235529357669738,-0.05732561522526552,0.9983553400572268));
#15927=DIRECTION('',(-0.9999228632225168,-0.01234864920202698,-0.0013335920550430291));
#15928=AXIS2_PLACEMENT_3D('',#596,#15926,#15927);
#15929=PLANE('',#15928);
#15930=FACE_SURFACE('',(#15925),#15929,.T.);
#15931=POLY_LOOP('',(#467,#761,#675));
#15932=FACE_OUTER_BOUND('',#15931,.T.);
#15933=DIRECTION('',(-0.004966795445046099,-0.9941583097036815,0.10781737424982253));
#15934=DIRECTION('',(0.9999875367050386,-0.0049925409213470535,3.114061105613339e-05));
#15935=AXIS2_PLACEMENT_3D('',#467,#15933,#15934);
#15936=PLANE('',#15935);
#15937=FACE_SURFACE('',(#15932),#15936,.T.);
#15938=POLY_LOOP('',(#467,#675,#468));
#15939=FACE_OUTER_BOUND('',#15938,.T.);
#15940=DIRECTION('',(-0.005407819804620784,-0.990020443011091,0.14082001954652565));
#15941=DIRECTION('',(0.9998986454832997,-0.0034987836056212212,0.013800625853335701));
#15942=AXIS2_PLACEMENT_3D('',#467,#15940,#15941);
#15943=PLANE('',#15942);
#15944=FACE_SURFACE('',(#15939),#15943,.T.);
#15945=POLY_LOOP('',(#468,#675,#588));
#15946=FACE_OUTER_BOUND('',#15945,.T.);
#15947=DIRECTION('',(-0.004753214458082685,-0.9502620113958387,0.31141534427553574));
#15948=DIRECTION('',(0.9999800115912209,-0.00581523572357965,-0.0024818242284709645));
#15949=AXIS2_PLACEMENT_3D('',#468,#15947,#15948);
#15950=PLANE('',#15949);
#15951=FACE_SURFACE('',(#15946),#15950,.T.);
#15952=POLY_LOOP('',(#468,#588,#469));
#15953=FACE_OUTER_BOUND('',#15952,.T.);
#15954=DIRECTION('',(-0.004270721571911868,-0.8484388092446971,0.5292762491409339));
#15955=DIRECTION('',(0.9999876589352705,-0.004966948232341826,0.00010678208766043902));
#15956=AXIS2_PLACEMENT_3D('',#468,#15954,#15955);
#15957=PLANE('',#15956);
#15958=FACE_SURFACE('',(#15953),#15957,.T.);
#15959=POLY_LOOP('',(#595,#476,#477));
#15960=FACE_OUTER_BOUND('',#15959,.T.);
#15961=DIRECTION('',(0.004016527724012215,0.7877267201827358,0.6160117546079719));
#15962=DIRECTION('',(-0.9997836437713906,0.015735768038959295,-0.013603354418126129));
#15963=AXIS2_PLACEMENT_3D('',#595,#15961,#15962);
#15964=PLANE('',#15963);
#15965=FACE_SURFACE('',(#15960),#15964,.T.);
#15966=POLY_LOOP('',(#588,#587,#469));
#15967=FACE_OUTER_BOUND('',#15966,.T.);
#15968=DIRECTION('',(-0.004212484923782382,-0.8468224258985526,0.531859035803715));
#15969=DIRECTION('',(-0.0029226439930054855,0.5318719091174777,0.8468197744761395));
#15970=AXIS2_PLACEMENT_3D('',#588,#15968,#15969);
#15971=PLANE('',#15970);
#15972=FACE_SURFACE('',(#15967),#15971,.T.);
#15973=POLY_LOOP('',(#469,#589,#475));
#15974=FACE_OUTER_BOUND('',#15973,.T.);
#15975=DIRECTION('',(-0.0029614713179844216,-0.5946074964409781,0.8040106683768724));
#15976=DIRECTION('',(0.9999262671826117,0.007707850305690305,0.00938345575538123));
#15977=AXIS2_PLACEMENT_3D('',#469,#15975,#15976);
#15978=PLANE('',#15977);
#15979=FACE_SURFACE('',(#15974),#15978,.T.);
#15980=POLY_LOOP('',(#475,#589,#593));
#15981=FACE_OUTER_BOUND('',#15980,.T.);
#15982=DIRECTION('',(-0.0018060750005313782,-0.35027237598405175,0.9366461448784059));
#15983=DIRECTION('',(0.9999884671950999,-0.004800814484912686,0.00013287993103083926));
#15984=AXIS2_PLACEMENT_3D('',#475,#15982,#15983);
#15985=PLANE('',#15984);
#15986=FACE_SURFACE('',(#15981),#15985,.T.);
#15987=POLY_LOOP('',(#475,#593,#480));
#15988=FACE_OUTER_BOUND('',#15987,.T.);
#15989=DIRECTION('',(-0.0018033074413977745,-0.35230405739268006,0.935883859902994));
#15990=DIRECTION('',(0.9999975582373047,0.00056013428177565,0.002137701806835949));
#15991=AXIS2_PLACEMENT_3D('',#475,#15989,#15990);
#15992=PLANE('',#15991);
#15993=FACE_SURFACE('',(#15988),#15992,.T.);
#15994=POLY_LOOP('',(#480,#593,#599));
#15995=FACE_OUTER_BOUND('',#15994,.T.);
#15996=DIRECTION('',(-0.0008590203644367252,-0.1628199812762253,0.9866554189691673));
#15997=DIRECTION('',(0.9999875199234971,-0.004995784385779216,4.621281428917357e-05));
#15998=AXIS2_PLACEMENT_3D('',#480,#15996,#15997);
#15999=PLANE('',#15998);
#16000=FACE_SURFACE('',(#15995),#15999,.T.);
#16001=POLY_LOOP('',(#480,#599,#481));
#16002=FACE_OUTER_BOUND('',#16001,.T.);
#16003=DIRECTION('',(-0.0008380118339516722,-0.16683744881331222,0.9859840583952825));
#16004=DIRECTION('',(0.9999863389474412,0.004947303313095195,0.0016870413217406762));
#16005=AXIS2_PLACEMENT_3D('',#480,#16003,#16004);
#16006=PLANE('',#16005);
#16007=FACE_SURFACE('',(#16002),#16006,.T.);
#16008=POLY_LOOP('',(#481,#599,#674));
#16009=FACE_OUTER_BOUND('',#16008,.T.);
#16010=DIRECTION('',(0.00026410224030860066,0.06423281593557251,0.9979349054958412));
#16011=DIRECTION('',(0.9999886142375578,-0.004771749126871609,4.249139880799327e-05));
#16012=AXIS2_PLACEMENT_3D('',#481,#16010,#16011);
#16013=PLANE('',#16012);
#16014=FACE_SURFACE('',(#16009),#16013,.T.);
#16015=POLY_LOOP('',(#469,#587,#589));
#16016=FACE_OUTER_BOUND('',#16015,.T.);
#16017=DIRECTION('',(-0.0030076106764297572,-0.5914514955974901,0.8063349692488299));
#16018=DIRECTION('',(0.9999880820700846,-0.004879862737514994,0.00015052394122986633));
#16019=AXIS2_PLACEMENT_3D('',#469,#16017,#16018);
#16020=PLANE('',#16019);
#16021=FACE_SURFACE('',(#16016),#16020,.T.);
#16022=POLY_LOOP('',(#436,#753,#431));
#16023=FACE_OUTER_BOUND('',#16022,.T.);
#16024=DIRECTION('',(-0.0004308320885363655,-0.016094395074583892,0.9998703840152956));
#16025=DIRECTION('',(0.9999874248619378,-0.005002736112742265,0.0003503560710581558));
#16026=AXIS2_PLACEMENT_3D('',#436,#16024,#16025);
#16027=PLANE('',#16026);
#16028=FACE_SURFACE('',(#16023),#16027,.T.);
#16029=POLY_LOOP('',(#771,#470,#767));
#16030=FACE_OUTER_BOUND('',#16029,.T.);
#16031=DIRECTION('',(0.0012881956510113455,0.26329445686427233,0.9647146570548789));
#16032=DIRECTION('',(-0.999998756501225,-0.0005384242184207845,0.001482260221544408));
#16033=AXIS2_PLACEMENT_3D('',#771,#16031,#16032);
#16034=PLANE('',#16033);
#16035=FACE_SURFACE('',(#16030),#16034,.T.);
#16036=POLY_LOOP('',(#767,#456,#768));
#16037=FACE_OUTER_BOUND('',#16036,.T.);
#16038=DIRECTION('',(0.00030608681070783117,0.07250377147460814,0.9973680912445626));
#16039=DIRECTION('',(-0.9999861153809345,-0.005224699799988436,0.0006867003337516186));
#16040=AXIS2_PLACEMENT_3D('',#767,#16038,#16039);
#16041=PLANE('',#16040);
#16042=FACE_SURFACE('',(#16037),#16041,.T.);
#16043=POLY_LOOP('',(#747,#425,#424));
#16044=FACE_OUTER_BOUND('',#16043,.T.);
#16045=DIRECTION('',(0.0013341642327515924,0.2759614689045303,0.961167772912645));
#16046=DIRECTION('',(-0.9999526585464896,0.009632392685530743,-0.0013775619620229008));
#16047=AXIS2_PLACEMENT_3D('',#747,#16045,#16046);
#16048=PLANE('',#16047);
#16049=FACE_SURFACE('',(#16044),#16048,.T.);
#16050=POLY_LOOP('',(#747,#424,#740));
#16051=FACE_OUTER_BOUND('',#16050,.T.);
#16052=DIRECTION('',(0.00010448168475668864,0.008573427869961892,0.9999632420334941));
#16053=DIRECTION('',(-0.9999893798614133,0.004608247248360334,6.497448808600588e-05));
#16054=AXIS2_PLACEMENT_3D('',#747,#16052,#16053);
#16055=PLANE('',#16054);
#16056=FACE_SURFACE('',(#16051),#16055,.T.);
#16057=POLY_LOOP('',(#740,#424,#430));
#16058=FACE_OUTER_BOUND('',#16057,.T.);
#16059=DIRECTION('',(0.0018313804803246243,0.08422430988879244,0.9964451373102752));
#16060=DIRECTION('',(-0.9997396535198823,0.02281703022203847,-9.116903068573825e-05));
#16061=AXIS2_PLACEMENT_3D('',#740,#16059,#16060);
#16062=PLANE('',#16061);
#16063=FACE_SURFACE('',(#16058),#16062,.T.);
#16064=POLY_LOOP('',(#740,#430,#741));
#16065=FACE_OUTER_BOUND('',#16064,.T.);
#16066=DIRECTION('',(-0.0020169609120226917,-0.22742102004328532,0.973794440069952));
#16067=DIRECTION('',(-0.9999241625578507,0.012289455410890939,0.0007990110668522491));
#16068=AXIS2_PLACEMENT_3D('',#740,#16066,#16067);
#16069=PLANE('',#16068);
#16070=FACE_SURFACE('',(#16065),#16069,.T.);
#16071=POLY_LOOP('',(#430,#429,#741));
#16072=FACE_OUTER_BOUND('',#16071,.T.);
#16073=DIRECTION('',(-0.0007456764224168484,-0.14240861162090002,0.9898076738957325));
#16074=DIRECTION('',(-0.007529974614339976,-0.9897790877398708,-0.14241017152976332));
#16075=AXIS2_PLACEMENT_3D('',#430,#16073,#16074);
#16076=PLANE('',#16075);
#16077=FACE_SURFACE('',(#16072),#16076,.T.);
#16078=POLY_LOOP('',(#741,#429,#428));
#16079=FACE_OUTER_BOUND('',#16078,.T.);
#16080=DIRECTION('',(-0.0016847252659349748,-0.33003659958027526,0.9439666332229478));
#16081=DIRECTION('',(-0.9999874361410079,0.005012636668873392,-3.2152130265766246e-05));
#16082=AXIS2_PLACEMENT_3D('',#741,#16080,#16081);
#16083=PLANE('',#16082);
#16084=FACE_SURFACE('',(#16079),#16083,.T.);
#16085=POLY_LOOP('',(#427,#425,#747));
#16086=FACE_OUTER_BOUND('',#16085,.T.);
#16087=DIRECTION('',(0.0038622024587640215,0.522847985820448,0.8524171907673309));
#16088=DIRECTION('',(-0.006862252551830983,-0.8523896198988419,0.5228621667118619));
#16089=AXIS2_PLACEMENT_3D('',#427,#16087,#16088);
#16090=PLANE('',#16089);
#16091=FACE_SURFACE('',(#16086),#16090,.T.);
#16092=POLY_LOOP('',(#741,#428,#743));
#16093=FACE_OUTER_BOUND('',#16092,.T.);
#16094=DIRECTION('',(-0.001547977983749968,-0.42546752899622736,0.9049723672764857));
#16095=DIRECTION('',(-0.9999978104479503,-0.0006157180123633795,-0.0019999976585996088));
#16096=AXIS2_PLACEMENT_3D('',#741,#16094,#16095);
#16097=PLANE('',#16096);
#16098=FACE_SURFACE('',(#16093),#16097,.T.);
#16099=POLY_LOOP('',(#743,#435,#744));
#16100=FACE_OUTER_BOUND('',#16099,.T.);
#16101=DIRECTION('',(-0.003335151121736726,-0.6429450543702293,0.765905042304761));
#16102=DIRECTION('',(-0.9999864421742365,-0.0009185970151921656,-0.00512558750155597));
#16103=AXIS2_PLACEMENT_3D('',#743,#16101,#16102);
#16104=PLANE('',#16103);
#16105=FACE_SURFACE('',(#16100),#16104,.T.);
#16106=POLY_LOOP('',(#744,#435,#745));
#16107=FACE_OUTER_BOUND('',#16106,.T.);
#16108=DIRECTION('',(-0.003753631587454727,-0.7691121785648215,0.6391027828394895));
#16109=DIRECTION('',(-0.9999909313648193,0.004172759049619142,-0.0008516278734422303));
#16110=AXIS2_PLACEMENT_3D('',#744,#16108,#16109);
#16111=PLANE('',#16110);
#16112=FACE_SURFACE('',(#16107),#16111,.T.);
#16113=POLY_LOOP('',(#745,#435,#432));
#16114=FACE_OUTER_BOUND('',#16113,.T.);
#16115=DIRECTION('',(-0.005026451572064377,-0.8362606766600635,0.5483090510438858));
#16116=DIRECTION('',(-0.9999268182188898,0.010237091571096837,0.006446717212056169));
#16117=AXIS2_PLACEMENT_3D('',#745,#16115,#16116);
#16118=PLANE('',#16117);
#16119=FACE_SURFACE('',(#16114),#16118,.T.);
#16120=POLY_LOOP('',(#745,#432,#746));
#16121=FACE_OUTER_BOUND('',#16120,.T.);
#16122=DIRECTION('',(-0.004242009969450066,-0.9020112920226904,0.43169159641458793));
#16123=DIRECTION('',(-0.9999720471511171,0.0011682730492910544,-0.007385123863977965));
#16124=AXIS2_PLACEMENT_3D('',#745,#16122,#16123);
#16125=PLANE('',#16124);
#16126=FACE_SURFACE('',(#16121),#16125,.T.);
#16127=POLY_LOOP('',(#746,#432,#751));
#16128=FACE_OUTER_BOUND('',#16127,.T.);
#16129=DIRECTION('',(-0.005186773442601884,-0.9756132418059698,0.2194354114405909));
#16130=DIRECTION('',(-0.9999799025300841,0.005860360227764494,0.0024188249056835993));
#16131=AXIS2_PLACEMENT_3D('',#746,#16129,#16130);
#16132=PLANE('',#16131);
#16133=FACE_SURFACE('',(#16128),#16132,.T.);
#16134=POLY_LOOP('',(#751,#432,#431));
#16135=FACE_OUTER_BOUND('',#16134,.T.);
#16136=DIRECTION('',(-0.00575665451469364,-0.9865612354296195,0.16329050700019673));
#16137=DIRECTION('',(-0.9999353945879621,0.007279643234535704,0.008730031190924897));
#16138=AXIS2_PLACEMENT_3D('',#751,#16136,#16137);
#16139=PLANE('',#16138);
#16140=FACE_SURFACE('',(#16135),#16139,.T.);
#16141=POLY_LOOP('',(#743,#428,#435));
#16142=FACE_OUTER_BOUND('',#16141,.T.);
#16143=DIRECTION('',(-0.0036597316080175676,-0.5762370279456851,0.8172744300349064));
#16144=DIRECTION('',(-0.9999232986244159,0.01177910198373438,0.00382748279213098));
#16145=AXIS2_PLACEMENT_3D('',#743,#16143,#16144);
#16146=PLANE('',#16145);
#16147=FACE_SURFACE('',(#16142),#16146,.T.);
#16148=POLY_LOOP('',(#767,#470,#456));
#16149=FACE_OUTER_BOUND('',#16148,.T.);
#16150=DIRECTION('',(0.0003208220317353438,0.06970968922670082,0.9975672690606587));
#16151=DIRECTION('',(-0.9999875371857047,0.004992467278372557,-2.7271653655498113e-05));
#16152=AXIS2_PLACEMENT_3D('',#767,#16150,#16151);
#16153=PLANE('',#16152);
#16154=FACE_SURFACE('',(#16149),#16153,.T.);
#16155=POLY_LOOP('',(#748,#427,#747));
#16156=FACE_OUTER_BOUND('',#16155,.T.);
#16157=DIRECTION('',(0.001351919497211282,0.4334254114449887,0.9011884292573976));
#16158=DIRECTION('',(-0.9999709285911822,0.007348727040477556,-0.002034252534311443));
#16159=AXIS2_PLACEMENT_3D('',#748,#16157,#16158);
#16160=PLANE('',#16159);
#16161=FACE_SURFACE('',(#16156),#16160,.T.);
#16162=POLY_LOOP('',(#750,#437,#427));
#16163=FACE_OUTER_BOUND('',#16162,.T.);
#16164=DIRECTION('',(0.0036800530341543404,0.8001338227345869,0.5998102390971686));
#16165=DIRECTION('',(-0.9999827923692829,0.0056848588127662,-0.0014482215337167554));
#16166=AXIS2_PLACEMENT_3D('',#750,#16164,#16165);
#16167=PLANE('',#16166);
#16168=FACE_SURFACE('',(#16163),#16167,.T.);
#16169=POLY_LOOP('',(#768,#456,#439));
#16170=FACE_OUTER_BOUND('',#16169,.T.);
#16171=DIRECTION('',(-0.0007862710300598599,-0.15649399094495736,0.9876785978120549));
#16172=DIRECTION('',(-0.9999886140681263,0.0047718062027685875,-3.999588634584935e-05));
#16173=AXIS2_PLACEMENT_3D('',#768,#16171,#16172);
#16174=PLANE('',#16173);
#16175=FACE_SURFACE('',(#16170),#16174,.T.);
#16176=POLY_LOOP('',(#768,#439,#766));
#16177=FACE_OUTER_BOUND('',#16176,.T.);
#16178=DIRECTION('',(-0.0008009474697557342,-0.15377152945017822,0.9881061052405776));
#16179=DIRECTION('',(-0.9999855043232486,-0.005137950607291044,-0.0016101574255685484));
#16180=AXIS2_PLACEMENT_3D('',#768,#16178,#16179);
#16181=PLANE('',#16180);
#16182=FACE_SURFACE('',(#16177),#16181,.T.);
#16183=POLY_LOOP('',(#766,#439,#765));
#16184=FACE_OUTER_BOUND('',#16183,.T.);
#16185=DIRECTION('',(-0.0017374208524631788,-0.3416538661860368,0.939824247978799));
#16186=DIRECTION('',(-0.9999875347096496,0.00499292485134906,-3.35670377050693e-05));
#16187=AXIS2_PLACEMENT_3D('',#766,#16185,#16186);
#16188=PLANE('',#16187);
#16189=FACE_SURFACE('',(#16184),#16188,.T.);
#16190=POLY_LOOP('',(#765,#439,#438));
#16191=FACE_OUTER_BOUND('',#16190,.T.);
#16192=DIRECTION('',(-0.0017602755182339537,-0.34375878806138505,0.9390563332732853));
#16193=DIRECTION('',(-0.999946453300649,0.010181272354495903,0.0018526264320588915));
#16194=AXIS2_PLACEMENT_3D('',#765,#16192,#16193);
#16195=PLANE('',#16194);
#16196=FACE_SURFACE('',(#16191),#16195,.T.);
#16197=POLY_LOOP('',(#765,#438,#764));
#16198=FACE_OUTER_BOUND('',#16197,.T.);
#16199=DIRECTION('',(-0.002893163278325291,-0.5821174313323723,0.813099579230764));
#16200=DIRECTION('',(-0.9999884138244377,0.0048124307404068456,-0.00011281513224225244));
#16201=AXIS2_PLACEMENT_3D('',#765,#16199,#16200);
#16202=PLANE('',#16201);
#16203=FACE_SURFACE('',(#16198),#16202,.T.);
#16204=POLY_LOOP('',(#438,#455,#764));
#16205=FACE_OUTER_BOUND('',#16204,.T.);
#16206=DIRECTION('',(-0.0029793462958069695,-0.5857184144986828,0.810509137772548));
#16207=DIRECTION('',(-0.008717313204412063,-0.8104667257705902,-0.5857198091828508));
#16208=AXIS2_PLACEMENT_3D('',#438,#16206,#16207);
#16209=PLANE('',#16208);
#16210=FACE_SURFACE('',(#16205),#16209,.T.);
#16211=POLY_LOOP('',(#750,#427,#748));
#16212=FACE_OUTER_BOUND('',#16211,.T.);
#16213=DIRECTION('',(0.004323715728892813,0.7662185069642513,0.6425655648007986));
#16214=DIRECTION('',(-0.9999224389975407,-0.004192564576985482,0.01172767630340061));
#16215=AXIS2_PLACEMENT_3D('',#750,#16213,#16214);
#16216=PLANE('',#16215);
#16217=FACE_SURFACE('',(#16212),#16216,.T.);
#16218=POLY_LOOP('',(#764,#455,#440));
#16219=FACE_OUTER_BOUND('',#16218,.T.);
#16220=DIRECTION('',(-0.004190835298412133,-0.8424225779156695,0.5388011109096));
#16221=DIRECTION('',(-0.9999880887148882,0.0048785054784303535,-0.0001503750029881001));
#16222=AXIS2_PLACEMENT_3D('',#764,#16220,#16221);
#16223=PLANE('',#16222);
#16224=FACE_SURFACE('',(#16219),#16223,.T.);
#16225=POLY_LOOP('',(#763,#440,#434));
#16226=FACE_OUTER_BOUND('',#16225,.T.);
#16227=DIRECTION('',(-0.004672083353357735,-0.9883441620221178,0.15216434876125545));
#16228=DIRECTION('',(-0.9999890059658954,0.004678464317564595,-0.00031609961999520044));
#16229=AXIS2_PLACEMENT_3D('',#763,#16227,#16228);
#16230=PLANE('',#16229);
#16231=FACE_SURFACE('',(#16226),#16230,.T.);
#16232=POLY_LOOP('',(#763,#434,#759));
#16233=FACE_OUTER_BOUND('',#16232,.T.);
#16234=DIRECTION('',(-0.004926764110077576,-0.9857925347522949,0.16789522155811734));
#16235=DIRECTION('',(-0.9998608087839367,0.0021798603548649764,-0.016541199072780784));
#16236=AXIS2_PLACEMENT_3D('',#763,#16234,#16235);
#16237=PLANE('',#16236);
#16238=FACE_SURFACE('',(#16233),#16237,.T.);
#16239=POLY_LOOP('',(#433,#749,#434));
#16240=FACE_OUTER_BOUND('',#16239,.T.);
#16241=DIRECTION('',(-0.0002554234549247098,-0.03145275002971601,0.9995052072272695));
#16242=DIRECTION('',(0.9999875188140448,-0.00499525199753064,9.835451962877848e-05));
#16243=AXIS2_PLACEMENT_3D('',#433,#16241,#16242);
#16244=PLANE('',#16243);
#16245=FACE_SURFACE('',(#16240),#16244,.T.);
#16246=POLY_LOOP('',(#434,#749,#759));
#16247=FACE_OUTER_BOUND('',#16246,.T.);
#16248=DIRECTION('',(-0.00017732747992619378,-0.029485203531122214,0.9995652011388217));
#16249=DIRECTION('',(0.9992139062727468,-0.039630618507545186,-0.0009917599849646993));
#16250=AXIS2_PLACEMENT_3D('',#434,#16248,#16249);
#16251=PLANE('',#16250);
#16252=FACE_SURFACE('',(#16247),#16251,.T.);
#16253=POLY_LOOP('',(#750,#749,#433));
#16254=FACE_OUTER_BOUND('',#16253,.T.);
#16255=DIRECTION('',(0.004810654341097743,0.9679754243872455,0.25099887527067216));
#16256=DIRECTION('',(0.0028955963481396606,0.25098724346058987,-0.9679860635060008));
#16257=AXIS2_PLACEMENT_3D('',#750,#16255,#16256);
#16258=PLANE('',#16257);
#16259=FACE_SURFACE('',(#16254),#16258,.T.);
#16260=POLY_LOOP('',(#433,#437,#750));
#16261=FACE_OUTER_BOUND('',#16260,.T.);
#16262=DIRECTION('',(0.005194910106019927,0.9727984130492702,0.23159503552065097));
#16263=DIRECTION('',(6.643402331505049e-05,-0.2315984958510253,0.9728114577378615));
#16264=AXIS2_PLACEMENT_3D('',#433,#16262,#16263);
#16265=PLANE('',#16264);
#16266=FACE_SURFACE('',(#16261),#16265,.T.);
#16267=POLY_LOOP('',(#764,#440,#763));
#16268=FACE_OUTER_BOUND('',#16267,.T.);
#16269=DIRECTION('',(-0.004122516064719259,-0.8450320633517013,0.5346997445004648));
#16270=DIRECTION('',(-0.9998926147629175,-0.004036187756450033,-0.014087871768668053));
#16271=AXIS2_PLACEMENT_3D('',#764,#16269,#16270);
#16272=PLANE('',#16271);
#16273=FACE_SURFACE('',(#16268),#16272,.T.);
#16274=POLY_LOOP('',(#498,#518,#705));
#16275=FACE_OUTER_BOUND('',#16274,.T.);
#16276=DIRECTION('',(0.005363093595530941,0.9759415261706872,0.21796645320488053));
#16277=DIRECTION('',(-0.0006968294430580706,-0.21796588765485922,0.9759561395101506));
#16278=AXIS2_PLACEMENT_3D('',#498,#16276,#16277);
#16279=PLANE('',#16278);
#16280=FACE_SURFACE('',(#16275),#16279,.T.);
#16281=POLY_LOOP('',(#705,#518,#517));
#16282=FACE_OUTER_BOUND('',#16281,.T.);
#16283=DIRECTION('',(0.003991905087792876,0.9027197325603609,0.430210586968662));
#16284=DIRECTION('',(-0.9999702720975577,0.006441640365625032,-0.0042379464999358464));
#16285=AXIS2_PLACEMENT_3D('',#705,#16283,#16284);
#16286=PLANE('',#16285);
#16287=FACE_SURFACE('',(#16282),#16286,.T.);
#16288=POLY_LOOP('',(#705,#517,#702));
#16289=FACE_OUTER_BOUND('',#16288,.T.);
#16290=DIRECTION('',(0.004721369846338432,0.8026964067782271,0.5963691702394558));
#16291=DIRECTION('',(-0.9999833461903441,0.001810432319643092,0.005479934012247503));
#16292=AXIS2_PLACEMENT_3D('',#705,#16290,#16291);
#16293=PLANE('',#16292);
#16294=FACE_SURFACE('',(#16289),#16293,.T.);
#16295=POLY_LOOP('',(#362,#367,#721));
#16296=FACE_OUTER_BOUND('',#16295,.T.);
#16297=DIRECTION('',(0.005758234094489432,0.9764702223943853,0.21557538708575436));
#16298=DIRECTION('',(-0.0004862121550153773,-0.21557620169948877,0.9764868994812791));
#16299=AXIS2_PLACEMENT_3D('',#362,#16297,#16298);
#16300=PLANE('',#16299);
#16301=FACE_SURFACE('',(#16296),#16300,.T.);
#16302=POLY_LOOP('',(#721,#367,#366));
#16303=FACE_OUTER_BOUND('',#16302,.T.);
#16304=DIRECTION('',(0.004478020153537413,0.9071830882213198,0.42071224344049424));
#16305=DIRECTION('',(-0.9999692676303596,0.006769740625754536,-0.0039540367552859685));
#16306=AXIS2_PLACEMENT_3D('',#721,#16304,#16305);
#16307=PLANE('',#16306);
#16308=FACE_SURFACE('',(#16303),#16307,.T.);
#16309=POLY_LOOP('',(#721,#366,#720));
#16310=FACE_OUTER_BOUND('',#16309,.T.);
#16311=DIRECTION('',(0.003987661184191296,0.7726440212968635,0.6348269960489171));
#16312=DIRECTION('',(-0.9999890158148426,0.004644718045858346,0.0006283660851273304));
#16313=AXIS2_PLACEMENT_3D('',#721,#16311,#16312);
#16314=PLANE('',#16313);
#16315=FACE_SURFACE('',(#16310),#16314,.T.);
#16316=POLY_LOOP('',(#366,#365,#720));
#16317=FACE_OUTER_BOUND('',#16316,.T.);
#16318=DIRECTION('',(0.0044256163781087356,0.7861423041607217,0.6180296849897624));
#16319=DIRECTION('',(-2.678169105543267e-06,-0.6180357281480087,0.7861500103195243));
#16320=AXIS2_PLACEMENT_3D('',#366,#16318,#16319);
#16321=PLANE('',#16320);
#16322=FACE_SURFACE('',(#16317),#16321,.T.);
#16323=POLY_LOOP('',(#720,#365,#363));
#16324=FACE_OUTER_BOUND('',#16323,.T.);
#16325=DIRECTION('',(0.003123396438864524,0.6361490395425725,0.7715598770566989));
#16326=DIRECTION('',(-0.9999743893481011,0.006955295571256244,-0.0016865679378091291));
#16327=AXIS2_PLACEMENT_3D('',#720,#16325,#16326);
#16328=PLANE('',#16327);
#16329=FACE_SURFACE('',(#16324),#16328,.T.);
#16330=POLY_LOOP('',(#720,#363,#718));
#16331=FACE_OUTER_BOUND('',#16330,.T.);
#16332=DIRECTION('',(0.002340006324914906,0.4361693456960928,0.8998615594887037));
#16333=DIRECTION('',(-0.9999907800314627,0.0042606822456047804,0.0005351998402059343));
#16334=AXIS2_PLACEMENT_3D('',#720,#16332,#16333);
#16335=PLANE('',#16334);
#16336=FACE_SURFACE('',(#16331),#16335,.T.);
#16337=POLY_LOOP('',(#722,#362,#721));
#16338=FACE_OUTER_BOUND('',#16337,.T.);
#16339=DIRECTION('',(0.004908366767132879,0.9655053104509908,0.26033709575589736));
#16340=DIRECTION('',(-0.9999875621363062,0.0049695549668087495,0.0004231974939423481));
#16341=AXIS2_PLACEMENT_3D('',#722,#16339,#16340);
#16342=PLANE('',#16341);
#16343=FACE_SURFACE('',(#16338),#16342,.T.);
#16344=POLY_LOOP('',(#363,#364,#718));
#16345=FACE_OUTER_BOUND('',#16344,.T.);
#16346=DIRECTION('',(0.002179282175907285,0.4292742995875205,0.9031715376620554));
#16347=DIRECTION('',(0.0005007473451129132,-0.903174037594091,0.42927427953242636));
#16348=AXIS2_PLACEMENT_3D('',#363,#16346,#16347);
#16349=PLANE('',#16348);
#16350=FACE_SURFACE('',(#16345),#16349,.T.);
#16351=POLY_LOOP('',(#718,#350,#719));
#16352=FACE_OUTER_BOUND('',#16351,.T.);
#16353=DIRECTION('',(0.00022308645204112597,0.014561771155969802,0.9998939469029883));
#16354=DIRECTION('',(-0.9999914724047066,0.004126565768575749,0.00016301173116702833));
#16355=AXIS2_PLACEMENT_3D('',#718,#16353,#16354);
#16356=PLANE('',#16355);
#16357=FACE_SURFACE('',(#16352),#16356,.T.);
#16358=POLY_LOOP('',(#719,#350,#361));
#16359=FACE_OUTER_BOUND('',#16358,.T.);
#16360=DIRECTION('',(-0.00024221882799707207,-0.0062050559461428656,0.9999807191194962));
#16361=DIRECTION('',(-0.9997490803431252,0.022400127451706678,-0.00010316599562452558));
#16362=AXIS2_PLACEMENT_3D('',#719,#16360,#16361);
#16363=PLANE('',#16362);
#16364=FACE_SURFACE('',(#16359),#16363,.T.);
#16365=POLY_LOOP('',(#719,#361,#717));
#16366=FACE_OUTER_BOUND('',#16365,.T.);
#16367=DIRECTION('',(-0.0018800382055145764,-0.40803894026322546,0.9129625888749273));
#16368=DIRECTION('',(-0.9999914780015847,0.004122740800124372,-0.00021663910348505296));
#16369=AXIS2_PLACEMENT_3D('',#719,#16367,#16368);
#16370=PLANE('',#16369);
#16371=FACE_SURFACE('',(#16366),#16370,.T.);
#16372=POLY_LOOP('',(#717,#361,#713));
#16373=FACE_OUTER_BOUND('',#16372,.T.);
#16374=DIRECTION('',(-0.007247675205652488,-0.6297846583130521,0.7767359624464579));
#16375=DIRECTION('',(-0.9997767741075624,0.019979791962588152,0.006870943763989451));
#16376=AXIS2_PLACEMENT_3D('',#717,#16374,#16375);
#16377=PLANE('',#16376);
#16378=FACE_SURFACE('',(#16373),#16377,.T.);
#16379=POLY_LOOP('',(#361,#351,#713));
#16380=FACE_OUTER_BOUND('',#16379,.T.);
#16381=DIRECTION('',(-0.001532368970683995,-0.4286989052394027,0.9034461248419162));
#16382=DIRECTION('',(0.001093800166193341,-0.903447363662655,-0.42869763784303133));
#16383=AXIS2_PLACEMENT_3D('',#361,#16381,#16382);
#16384=PLANE('',#16383);
#16385=FACE_SURFACE('',(#16380),#16384,.T.);
#16386=POLY_LOOP('',(#713,#351,#334));
#16387=FACE_OUTER_BOUND('',#16386,.T.);
#16388=DIRECTION('',(-0.004317151268680704,-0.7674140127868782,0.6411373450230963));
#16389=DIRECTION('',(-0.9999743908282366,0.006972622435075249,0.001612521030886652));
#16390=AXIS2_PLACEMENT_3D('',#713,#16388,#16389);
#16391=PLANE('',#16390);
#16392=FACE_SURFACE('',(#16387),#16391,.T.);
#16393=POLY_LOOP('',(#718,#364,#350));
#16394=FACE_OUTER_BOUND('',#16393,.T.);
#16395=DIRECTION('',(0.0010558680976208734,0.21730975512101566,0.9761021234849376));
#16396=DIRECTION('',(-0.9999861169572876,0.005268545264459102,-9.123312014390126e-05));
#16397=AXIS2_PLACEMENT_3D('',#718,#16395,#16396);
#16398=PLANE('',#16397);
#16399=FACE_SURFACE('',(#16394),#16398,.T.);
#16400=POLY_LOOP('',(#713,#334,#714));
#16401=FACE_OUTER_BOUND('',#16400,.T.);
#16402=DIRECTION('',(-0.004054374268409821,-0.7809849856899126,0.624536639578671));
#16403=DIRECTION('',(-0.9999161501560967,-0.004514838877157671,-0.012137087250386529));
#16404=AXIS2_PLACEMENT_3D('',#713,#16402,#16403);
#16405=PLANE('',#16404);
#16406=FACE_SURFACE('',(#16401),#16405,.T.);
#16407=POLY_LOOP('',(#349,#362,#722));
#16408=FACE_OUTER_BOUND('',#16407,.T.);
#16409=DIRECTION('',(0.004984654196546006,0.9986912974422654,0.05090035005405583));
#16410=DIRECTION('',(-0.11721605800361506,-0.0499665531927819,0.9918486473792895));
#16411=AXIS2_PLACEMENT_3D('',#349,#16409,#16410);
#16412=PLANE('',#16411);
#16413=FACE_SURFACE('',(#16408),#16412,.T.);
#16414=POLY_LOOP('',(#722,#712,#349));
#16415=FACE_OUTER_BOUND('',#16414,.T.);
#16416=DIRECTION('',(0.004992831952303753,0.9999768783757519,-0.004616745930089793));
#16417=DIRECTION('',(0.000760226566265965,-0.004620597831330801,-0.99998903600552));
#16418=AXIS2_PLACEMENT_3D('',#722,#16416,#16417);
#16419=PLANE('',#16418);
#16420=FACE_SURFACE('',(#16415),#16419,.T.);
#16421=POLY_LOOP('',(#338,#336,#730));
#16422=FACE_OUTER_BOUND('',#16421,.T.);
#16423=DIRECTION('',(0.0021134059423320436,0.4230647408396343,0.9060969918135785));
#16424=DIRECTION('',(0.0004119524884784554,-0.9060993068009454,0.42306486087832146));
#16425=AXIS2_PLACEMENT_3D('',#338,#16423,#16424);
#16426=PLANE('',#16425);
#16427=FACE_SURFACE('',(#16422),#16426,.T.);
#16428=POLY_LOOP('',(#730,#336,#335));
#16429=FACE_OUTER_BOUND('',#16428,.T.);
#16430=DIRECTION('',(0.0010199330205279255,0.21001494078857935,0.9776976446643426));
#16431=DIRECTION('',(-0.9999869227781936,0.005113825891331047,-5.529333064105425e-05));
#16432=AXIS2_PLACEMENT_3D('',#730,#16430,#16431);
#16433=PLANE('',#16432);
#16434=FACE_SURFACE('',(#16429),#16433,.T.);
#16435=POLY_LOOP('',(#730,#335,#731));
#16436=FACE_OUTER_BOUND('',#16435,.T.);
#16437=DIRECTION('',(0.00028920299557672394,0.0140911102816218,0.9999006735534578));
#16438=DIRECTION('',(-0.9999929167302966,0.003756415200245429,0.00023629235630378515));
#16439=AXIS2_PLACEMENT_3D('',#730,#16437,#16438);
#16440=PLANE('',#16439);
#16441=FACE_SURFACE('',(#16436),#16440,.T.);
#16442=POLY_LOOP('',(#731,#335,#348));
#16443=FACE_OUTER_BOUND('',#16442,.T.);
#16444=DIRECTION('',(-0.0003584915518849873,-0.015333591729050133,0.9998823693057569));
#16445=DIRECTION('',(-0.9997578249135645,0.02200661456230091,-2.0966757459767688e-05));
#16446=AXIS2_PLACEMENT_3D('',#731,#16444,#16445);
#16447=PLANE('',#16446);
#16448=FACE_SURFACE('',(#16443),#16447,.T.);
#16449=POLY_LOOP('',(#731,#348,#735));
#16450=FACE_OUTER_BOUND('',#16449,.T.);
#16451=DIRECTION('',(-0.001806734675995129,-0.40796020821721624,0.9129979212578614));
#16452=DIRECTION('',(-0.9999929040352791,0.003755171329147947,-0.00030094414427641285));
#16453=AXIS2_PLACEMENT_3D('',#731,#16451,#16452);
#16454=PLANE('',#16453);
#16455=FACE_SURFACE('',(#16450),#16454,.T.);
#16456=POLY_LOOP('',(#735,#348,#736));
#16457=FACE_OUTER_BOUND('',#16456,.T.);
#16458=DIRECTION('',(-0.007149074232672744,-0.632685425894842,0.7743759052281252));
#16459=DIRECTION('',(-0.9997851694821994,0.019588798853288358,0.006774499460132557));
#16460=AXIS2_PLACEMENT_3D('',#735,#16458,#16459);
#16461=PLANE('',#16460);
#16462=FACE_SURFACE('',(#16457),#16461,.T.);
#16463=POLY_LOOP('',(#349,#712,#342));
#16464=FACE_OUTER_BOUND('',#16463,.T.);
#16465=DIRECTION('',(0.0049927963749183644,0.9999768370965735,-0.004625716667889041));
#16466=DIRECTION('',(0.9999796716568442,-0.005011049218120299,-0.003942798346784349));
#16467=AXIS2_PLACEMENT_3D('',#349,#16465,#16466);
#16468=PLANE('',#16467);
#16469=FACE_SURFACE('',(#16464),#16468,.T.);
#16470=POLY_LOOP('',(#348,#344,#736));
#16471=FACE_OUTER_BOUND('',#16470,.T.);
#16472=DIRECTION('',(-0.0016040769538195573,-0.43731686285266447,0.8993060593601211));
#16473=DIRECTION('',(0.0010417524499868158,-0.8993074591414323,-0.43731568538575666));
#16474=AXIS2_PLACEMENT_3D('',#348,#16472,#16473);
#16475=PLANE('',#16474);
#16476=FACE_SURFACE('',(#16471),#16475,.T.);
#16477=POLY_LOOP('',(#736,#345,#724));
#16478=FACE_OUTER_BOUND('',#16477,.T.);
#16479=DIRECTION('',(-0.0041384307053512264,-0.7833219594072277,0.6216024302572492));
#16480=DIRECTION('',(-0.9999146100726359,-0.004463640709225168,-0.012282038711358445));
#16481=AXIS2_PLACEMENT_3D('',#736,#16479,#16480);
#16482=PLANE('',#16481);
#16483=FACE_SURFACE('',(#16478),#16482,.T.);
#16484=POLY_LOOP('',(#724,#345,#725));
#16485=FACE_OUTER_BOUND('',#16484,.T.);
#16486=DIRECTION('',(-0.004570682143137263,-0.959310846886052,0.28231508622727214));
#16487=DIRECTION('',(-0.9999895199887238,0.004458790581228103,-0.0010387970323884504));
#16488=AXIS2_PLACEMENT_3D('',#724,#16486,#16487);
#16489=PLANE('',#16488);
#16490=FACE_SURFACE('',(#16485),#16489,.T.);
#16491=POLY_LOOP('',(#725,#345,#346));
#16492=FACE_OUTER_BOUND('',#16491,.T.);
#16493=DIRECTION('',(-0.005009083231276383,-0.9658501940339682,0.2590527200585398));
#16494=DIRECTION('',(-0.9998239865744629,0.00952121745960103,0.016166084511565277));
#16495=AXIS2_PLACEMENT_3D('',#725,#16493,#16494);
#16496=PLANE('',#16495);
#16497=FACE_SURFACE('',(#16492),#16496,.T.);
#16498=POLY_LOOP('',(#725,#346,#711));
#16499=FACE_OUTER_BOUND('',#16498,.T.);
#16500=DIRECTION('',(-0.004986939959803373,-0.9985684452306874,0.053255897508207826));
#16501=DIRECTION('',(-0.9999873671378624,0.004946348064360978,-0.0008939829485039133));
#16502=AXIS2_PLACEMENT_3D('',#725,#16500,#16501);
#16503=PLANE('',#16502);
#16504=FACE_SURFACE('',(#16499),#16503,.T.);
#16505=POLY_LOOP('',(#342,#712,#346));
#16506=FACE_OUTER_BOUND('',#16505,.T.);
#16507=DIRECTION('',(0.0002055816528801983,0.047294877773425816,0.9988809499998388));
#16508=DIRECTION('',(0.999987535886459,-0.0049927083137645,3.058466473980612e-05));
#16509=AXIS2_PLACEMENT_3D('',#342,#16507,#16508);
#16510=PLANE('',#16509);
#16511=FACE_SURFACE('',(#16506),#16510,.T.);
#16512=POLY_LOOP('',(#346,#712,#711));
#16513=FACE_OUTER_BOUND('',#16512,.T.);
#16514=DIRECTION('',(0.0002057122999744964,0.04729815131218756,0.9988807949725027));
#16515=DIRECTION('',(0.999206300842691,-0.03979887157452159,0.0016787428809629328));
#16516=AXIS2_PLACEMENT_3D('',#346,#16514,#16515);
#16517=PLANE('',#16516);
#16518=FACE_SURFACE('',(#16513),#16517,.T.);
#16519=POLY_LOOP('',(#736,#344,#345));
#16520=FACE_OUTER_BOUND('',#16519,.T.);
#16521=DIRECTION('',(-0.0043320819541306016,-0.7734892420982163,0.6337946240102307));
#16522=DIRECTION('',(-0.9999751069075595,0.006880743886381582,0.0015623472036884669));
#16523=AXIS2_PLACEMENT_3D('',#736,#16521,#16522);
#16524=PLANE('',#16523);
#16525=FACE_SURFACE('',(#16520),#16524,.T.);
#16526=POLY_LOOP('',(#732,#338,#730));
#16527=FACE_OUTER_BOUND('',#16526,.T.);
#16528=DIRECTION('',(0.0024125756277300447,0.43616219317009264,0.8998648346990205));
#16529=DIRECTION('',(-0.999991889852589,0.003954224897684139,0.000764417756089378));
#16530=AXIS2_PLACEMENT_3D('',#732,#16528,#16529);
#16531=PLANE('',#16530);
#16532=FACE_SURFACE('',(#16527),#16531,.T.);
#16533=POLY_LOOP('',(#714,#334,#333));
#16534=FACE_OUTER_BOUND('',#16533,.T.);
#16535=DIRECTION('',(-0.004653233017319946,-0.9633367942782144,0.26825467043885703));
#16536=DIRECTION('',(-0.9999890073416958,0.004637392407061714,-0.0006926668989077886));
#16537=AXIS2_PLACEMENT_3D('',#714,#16535,#16536);
#16538=PLANE('',#16537);
#16539=FACE_SURFACE('',(#16534),#16538,.T.);
#16540=POLY_LOOP('',(#347,#411,#333));
#16541=FACE_OUTER_BOUND('',#16540,.T.);
#16542=DIRECTION('',(0.00025380927101029924,0.056901452871379245,0.9983797675443851));
#16543=DIRECTION('',(0.9999875354470521,-0.004992797811326886,3.0340500630180795e-05));
#16544=AXIS2_PLACEMENT_3D('',#347,#16542,#16543);
#16545=PLANE('',#16544);
#16546=FACE_SURFACE('',(#16541),#16545,.T.);
#16547=POLY_LOOP('',(#302,#1167,#419));
#16548=FACE_OUTER_BOUND('',#16547,.T.);
#16549=DIRECTION('',(9.320499959079577e-07,-0.057990994398825726,-0.9983171062181427));
#16550=DIRECTION('',(0.9999815611490741,0.006062507684002984,-0.0003512298989488213));
#16551=AXIS2_PLACEMENT_3D('',#302,#16549,#16550);
#16552=PLANE('',#16551);
#16553=FACE_SURFACE('',(#16548),#16552,.T.);
#16554=POLY_LOOP('',(#419,#1167,#421));
#16555=FACE_OUTER_BOUND('',#16554,.T.);
#16556=DIRECTION('',(-4.3182918945326525e-05,-0.05794642497734965,-0.9983196932684337));
#16557=DIRECTION('',(0.7113121980880608,0.701693375531629,-0.040759828092863555));
#16558=AXIS2_PLACEMENT_3D('',#419,#16556,#16557);
#16559=PLANE('',#16558);
#16560=FACE_SURFACE('',(#16555),#16559,.T.);
#16561=POLY_LOOP('',(#419,#421,#420));
#16562=FACE_OUTER_BOUND('',#16561,.T.);
#16563=DIRECTION('',(-3.2670889052169433e-06,-0.05804538318832458,-0.9983139453497816));
#16564=DIRECTION('',(0.9276164066658673,0.3729042296988232,-0.021684961540931608));
#16565=AXIS2_PLACEMENT_3D('',#419,#16563,#16564);
#16566=PLANE('',#16565);
#16567=FACE_SURFACE('',(#16562),#16566,.T.);
#16568=POLY_LOOP('',(#328,#327,#315));
#16569=FACE_OUTER_BOUND('',#16568,.T.);
#16570=DIRECTION('',(0.0013556855187761385,-0.05669195391245719,-0.9983907974727942));
#16571=DIRECTION('',(-0.19280801217748725,0.9796435394332257,-0.05588923050917686));
#16572=AXIS2_PLACEMENT_3D('',#328,#16570,#16571);
#16573=PLANE('',#16572);
#16574=FACE_SURFACE('',(#16569),#16573,.T.);
#16575=POLY_LOOP('',(#315,#327,#1166));
#16576=FACE_OUTER_BOUND('',#16575,.T.);
#16577=DIRECTION('',(-0.00034215335276724845,-0.05738058148929838,-0.9983523184723083));
#16578=DIRECTION('',(-0.3763555155524981,0.9249562218664629,-0.053033136280368105));
#16579=AXIS2_PLACEMENT_3D('',#315,#16577,#16578);
#16580=PLANE('',#16579);
#16581=FACE_SURFACE('',(#16576),#16580,.T.);
#16582=POLY_LOOP('',(#315,#1166,#313));
#16583=FACE_OUTER_BOUND('',#16582,.T.);
#16584=DIRECTION('',(1.618964046914341e-05,-0.05775689767584317,-0.9983306769346306));
#16585=DIRECTION('',(0.7247574917119514,0.6878545553692136,-0.03978302232387949));
#16586=AXIS2_PLACEMENT_3D('',#315,#16584,#16585);
#16587=PLANE('',#16586);
#16588=FACE_SURFACE('',(#16583),#16587,.T.);
#16589=POLY_LOOP('',(#1167,#418,#421));
#16590=FACE_OUTER_BOUND('',#16589,.T.);
#16591=DIRECTION('',(9.514504768151284e-05,-0.057817380926384124,-0.9983271715275674));
#16592=DIRECTION('',(0.9662991864615187,0.25699628230559224,-0.014791657273998898));
#16593=AXIS2_PLACEMENT_3D('',#1167,#16591,#16592);
#16594=PLANE('',#16593);
#16595=FACE_SURFACE('',(#16590),#16594,.T.);
#16596=POLY_LOOP('',(#377,#380,#308));
#16597=FACE_OUTER_BOUND('',#16596,.T.);
#16598=DIRECTION('',(1.1696287833976488e-06,-0.013839051787071283,-0.9999042357367364));
#16599=DIRECTION('',(-0.009084178237056059,-0.999862977837489,0.013838470136049252));
#16600=AXIS2_PLACEMENT_3D('',#377,#16598,#16599);
#16601=PLANE('',#16600);
#16602=FACE_SURFACE('',(#16597),#16601,.T.);
#16603=POLY_LOOP('',(#308,#382,#310));
#16604=FACE_OUTER_BOUND('',#16603,.T.);
#16605=DIRECTION('',(0.00028060894840457347,-0.024546425865873425,-0.9996986517125196));
#16606=DIRECTION('',(0.9694265127487696,-0.24530105370937014,0.006295190929001451));
#16607=AXIS2_PLACEMENT_3D('',#308,#16605,#16606);
#16608=PLANE('',#16607);
#16609=FACE_SURFACE('',(#16604),#16608,.T.);
#16610=POLY_LOOP('',(#310,#382,#384));
#16611=FACE_OUTER_BOUND('',#16610,.T.);
#16612=DIRECTION('',(-0.0001504207579478819,-0.03837942199802692,-0.9992632272533063));
#16613=DIRECTION('',(0.9995153726603762,-0.031111555859919617,0.0010444652049247673));
#16614=AXIS2_PLACEMENT_3D('',#310,#16612,#16613);
#16615=PLANE('',#16614);
#16616=FACE_SURFACE('',(#16611),#16615,.T.);
#16617=POLY_LOOP('',(#310,#384,#312));
#16618=FACE_OUTER_BOUND('',#16617,.T.);
#16619=DIRECTION('',(-0.0008980443451739768,-0.04354716989640806,-0.9990509684247183));
#16620=DIRECTION('',(0.9897135453492255,-0.14296349903395925,0.005341918778266999));
#16621=AXIS2_PLACEMENT_3D('',#310,#16619,#16620);
#16622=PLANE('',#16621);
#16623=FACE_SURFACE('',(#16618),#16622,.T.);
#16624=POLY_LOOP('',(#312,#384,#403));
#16625=FACE_OUTER_BOUND('',#16624,.T.);
#16626=DIRECTION('',(0.00035463847084319777,-0.049710125351290615,-0.9987636245223962));
#16627=DIRECTION('',(0.9800036217224618,0.19875062314275693,-0.009544171583945554));
#16628=AXIS2_PLACEMENT_3D('',#312,#16626,#16627);
#16629=PLANE('',#16628);
#16630=FACE_SURFACE('',(#16625),#16629,.T.);
#16631=POLY_LOOP('',(#312,#403,#327));
#16632=FACE_OUTER_BOUND('',#16631,.T.);
#16633=DIRECTION('',(8.184609912242337e-06,-0.05527223195515845,-0.9984713217252197));
#16634=DIRECTION('',(0.9980710093937448,-0.06198733197005926,0.0034396050623397537));
#16635=AXIS2_PLACEMENT_3D('',#312,#16633,#16634);
#16636=PLANE('',#16635);
#16637=FACE_SURFACE('',(#16632),#16636,.T.);
#16638=POLY_LOOP('',(#327,#403,#1167));
#16639=FACE_OUTER_BOUND('',#16638,.T.);
#16640=DIRECTION('',(-2.421481606487594e-06,-0.05738569384877779,-0.998352083253013));
#16641=DIRECTION('',(0.9999874482673285,-0.005002201911245801,0.0002851032025779728));
#16642=AXIS2_PLACEMENT_3D('',#327,#16640,#16641);
#16643=PLANE('',#16642);
#16644=FACE_SURFACE('',(#16639),#16643,.T.);
#16645=POLY_LOOP('',(#308,#380,#382));
#16646=FACE_OUTER_BOUND('',#16645,.T.);
#16647=DIRECTION('',(1.1597333049425882e-06,-0.02565009537311446,-0.9996709821766385));
#16648=DIRECTION('',(0.9999999999989709,-8.144921944557524e-07,1.181013681960841e-06));
#16649=AXIS2_PLACEMENT_3D('',#308,#16647,#16648);
#16650=PLANE('',#16649);
#16651=FACE_SURFACE('',(#16646),#16650,.T.);
#16652=POLY_LOOP('',(#714,#333,#715));
#16653=FACE_OUTER_BOUND('',#16652,.T.);
#16654=DIRECTION('',(-0.0048060436976016556,-0.9608994532085929,0.27685581584536706));
#16655=DIRECTION('',(-0.9998427554656956,-0.00010838174838791433,-0.01773281128760681));
#16656=AXIS2_PLACEMENT_3D('',#714,#16654,#16655);
#16657=PLANE('',#16656);
#16658=FACE_SURFACE('',(#16653),#16657,.T.);
#16659=POLY_LOOP('',(#403,#418,#1167));
#16660=FACE_OUTER_BOUND('',#16659,.T.);
#16661=DIRECTION('',(-2.6553242372636102e-05,-0.05736131303233634,-0.9983534840236356));
#16662=DIRECTION('',(-0.20803345500564638,-0.9765109014780718,0.05611186053676233));
#16663=AXIS2_PLACEMENT_3D('',#403,#16661,#16662);
#16664=PLANE('',#16663);
#16665=FACE_SURFACE('',(#16660),#16664,.T.);
#16666=POLY_LOOP('',(#306,#385,#377));
#16667=FACE_OUTER_BOUND('',#16666,.T.);
#16668=DIRECTION('',(0.00035851222164820447,0.0004566885927328879,-0.9999998314522438));
#16669=DIRECTION('',(0.9702876969986113,0.24195366283957076,0.00045835755293280024));
#16670=AXIS2_PLACEMENT_3D('',#306,#16668,#16669);
#16671=PLANE('',#16670);
#16672=FACE_SURFACE('',(#16667),#16671,.T.);
#16673=POLY_LOOP('',(#333,#411,#715));
#16674=FACE_OUTER_BOUND('',#16673,.T.);
#16675=DIRECTION('',(0.00025261830273568995,0.056871660869982375,0.9983814653597507));
#16676=DIRECTION('',(0.9992044602446865,-0.039829415363246176,0.002016010651429709));
#16677=AXIS2_PLACEMENT_3D('',#333,#16675,#16676);
#16678=PLANE('',#16677);
#16679=FACE_SURFACE('',(#16674),#16678,.T.);
#16680=POLY_LOOP('',(#326,#303,#408));
#16681=FACE_OUTER_BOUND('',#16680,.T.);
#16682=DIRECTION('',(-0.004991611241292384,-0.9998961917631751,-0.013516268520401139));
#16683=DIRECTION('',(0.0006576467383640919,0.013513151529593648,-0.9999084769300166));
#16684=AXIS2_PLACEMENT_3D('',#326,#16682,#16683);
#16685=PLANE('',#16684);
#16686=FACE_SURFACE('',(#16681),#16685,.T.);
#16687=POLY_LOOP('',(#408,#303,#409));
#16688=FACE_OUTER_BOUND('',#16687,.T.);
#16689=DIRECTION('',(-0.00499164437445638,-0.9998961934722983,-0.013516129847227913));
#16690=DIRECTION('',(-0.9726141778016628,0.007995409405700567,-0.23228804223986818));
#16691=AXIS2_PLACEMENT_3D('',#408,#16689,#16690);
#16692=PLANE('',#16691);
#16693=FACE_SURFACE('',(#16688),#16692,.T.);
#16694=POLY_LOOP('',(#302,#419,#303));
#16695=FACE_OUTER_BOUND('',#16694,.T.);
#16696=DIRECTION('',(-0.0034137608183738913,-0.7226722941070295,-0.6911823938492344));
#16697=DIRECTION('',(0.9999874445937623,-0.00500256605952181,0.00029152642664176913));
#16698=AXIS2_PLACEMENT_3D('',#302,#16696,#16697);
#16699=PLANE('',#16698);
#16700=FACE_SURFACE('',(#16695),#16699,.T.);
#16701=POLY_LOOP('',(#303,#419,#409));
#16702=FACE_OUTER_BOUND('',#16701,.T.);
#16703=DIRECTION('',(-0.00340954575617186,-0.7227804396718938,-0.6910693243267569));
#16704=DIRECTION('',(0.9996314953033877,0.01614754379187279,-0.02182041308048047));
#16705=AXIS2_PLACEMENT_3D('',#303,#16703,#16704);
#16706=PLANE('',#16705);
#16707=FACE_SURFACE('',(#16702),#16706,.T.);
#16708=POLY_LOOP('',(#294,#394,#296));
#16709=FACE_OUTER_BOUND('',#16708,.T.);
#16710=DIRECTION('',(6.587951073208735e-07,0.0572371519027643,-0.9983606104217182));
#16711=DIRECTION('',(0.9999999999129967,1.3115392206785475e-05,1.4117972890299498e-06));
#16712=AXIS2_PLACEMENT_3D('',#294,#16710,#16711);
#16713=PLANE('',#16712);
#16714=FACE_SURFACE('',(#16709),#16713,.T.);
#16715=POLY_LOOP('',(#306,#377,#308));
#16716=FACE_OUTER_BOUND('',#16715,.T.);
#16717=DIRECTION('',(-7.526452723259114e-05,-0.01246740497281222,-0.9999222760537416));
#16718=DIRECTION('',(0.9994372341460911,-0.033542470971297526,0.0003429920571575278));
#16719=AXIS2_PLACEMENT_3D('',#306,#16717,#16718);
#16720=PLANE('',#16719);
#16721=FACE_SURFACE('',(#16716),#16720,.T.);
#16722=POLY_LOOP('',(#296,#394,#417));
#16723=FACE_OUTER_BOUND('',#16722,.T.);
#16724=DIRECTION('',(-0.00011630999279799785,0.05771955665353521,-0.9983328298977776));
#16725=DIRECTION('',(0.9719290683290598,0.23488832350852668,0.013467056707374261));
#16726=AXIS2_PLACEMENT_3D('',#296,#16724,#16725);
#16727=PLANE('',#16726);
#16728=FACE_SURFACE('',(#16723),#16727,.T.);
#16729=POLY_LOOP('',(#298,#417,#405));
#16730=FACE_OUTER_BOUND('',#16729,.T.);
#16731=DIRECTION('',(0.0004297707376714845,0.03257392980302024,-0.9994692363421201));
#16732=DIRECTION('',(0.9928667210207216,0.11915156829695353,0.004310227596892901));
#16733=AXIS2_PLACEMENT_3D('',#298,#16731,#16732);
#16734=PLANE('',#16733);
#16735=FACE_SURFACE('',(#16730),#16734,.T.);
#16736=POLY_LOOP('',(#298,#405,#299));
#16737=FACE_OUTER_BOUND('',#16736,.T.);
#16738=DIRECTION('',(-6.948053921590607e-07,0.02600060948710036,-0.9996619270062338));
#16739=DIRECTION('',(0.9978644195895676,-0.06529711636509644,-0.0016990325418399237));
#16740=AXIS2_PLACEMENT_3D('',#298,#16738,#16739);
#16741=PLANE('',#16740);
#16742=FACE_SURFACE('',(#16737),#16741,.T.);
#16743=POLY_LOOP('',(#299,#405,#304));
#16744=FACE_OUTER_BOUND('',#16743,.T.);
#16745=DIRECTION('',(-7.09918215015518e-07,0.019169753685919683,-0.9998162433883124));
#16746=DIRECTION('',(0.9999999999973072,-2.195443057072111e-06,-7.521425288117417e-07));
#16747=AXIS2_PLACEMENT_3D('',#299,#16745,#16746);
#16748=PLANE('',#16747);
#16749=FACE_SURFACE('',(#16744),#16748,.T.);
#16750=POLY_LOOP('',(#405,#404,#304));
#16751=FACE_OUTER_BOUND('',#16750,.T.);
#16752=DIRECTION('',(-5.295663851905931e-06,0.019235417648094857,-0.999814982224141));
#16753=DIRECTION('',(-0.0041509781805339355,-0.9998063689079492,-0.01923522995044807));
#16754=AXIS2_PLACEMENT_3D('',#405,#16752,#16753);
#16755=PLANE('',#16754);
#16756=FACE_SURFACE('',(#16751),#16755,.T.);
#16757=POLY_LOOP('',(#304,#404,#385));
#16758=FACE_OUTER_BOUND('',#16757,.T.);
#16759=DIRECTION('',(2.445825783328878e-06,0.014526225527681331,-0.9998944888166635));
#16760=DIRECTION('',(0.9999986491661625,0.0016434637223019654,2.6321924413538207e-05));
#16761=AXIS2_PLACEMENT_3D('',#304,#16759,#16760);
#16762=PLANE('',#16761);
#16763=FACE_SURFACE('',(#16758),#16762,.T.);
#16764=POLY_LOOP('',(#304,#385,#306));
#16765=FACE_OUTER_BOUND('',#16764,.T.);
#16766=DIRECTION('',(-0.0003310234332851142,0.003221869445673118,-0.9999947549766258));
#16767=DIRECTION('',(0.9995652035708301,-0.029482578661000125,-0.00042587075854796377));
#16768=AXIS2_PLACEMENT_3D('',#304,#16766,#16767);
#16769=PLANE('',#16768);
#16770=FACE_SURFACE('',(#16765),#16769,.T.);
#16771=POLY_LOOP('',(#296,#417,#298));
#16772=FACE_OUTER_BOUND('',#16771,.T.);
#16773=DIRECTION('',(5.0253367950787875e-05,0.03573247257056057,-0.9993613900279483));
#16774=DIRECTION('',(0.999971369170047,0.007560294492737418,0.00032060468609188024));
#16775=AXIS2_PLACEMENT_3D('',#296,#16773,#16774);
#16776=PLANE('',#16775);
#16777=FACE_SURFACE('',(#16772),#16776,.T.);
#16778=POLY_LOOP('',(#732,#339,#338));
#16779=FACE_OUTER_BOUND('',#16778,.T.);
#16780=DIRECTION('',(0.0030904385117696176,0.6316843152873141,0.7752195656778809));
#16781=DIRECTION('',(-0.9999750259395183,0.006879369091951736,-0.0016191905868491792));
#16782=AXIS2_PLACEMENT_3D('',#732,#16780,#16781);
#16783=PLANE('',#16782);
#16784=FACE_SURFACE('',(#16779),#16783,.T.);
#16785=POLY_LOOP('',(#340,#339,#732));
#16786=FACE_OUTER_BOUND('',#16785,.T.);
#16787=DIRECTION('',(0.0043749646419712195,0.7824903687381424,0.6226473179227766));
#16788=DIRECTION('',(-6.007845137428734e-05,-0.622653070043114,0.7824980196501872));
#16789=AXIS2_PLACEMENT_3D('',#340,#16787,#16788);
#16790=PLANE('',#16789);
#16791=FACE_SURFACE('',(#16786),#16790,.T.);
#16792=POLY_LOOP('',(#733,#340,#732));
#16793=FACE_OUTER_BOUND('',#16792,.T.);
#16794=DIRECTION('',(0.0040618130184873775,0.7726140532665854,0.6348629981106009));
#16795=DIRECTION('',(-0.9999895844504968,0.004459725591708988,0.0009704834719292806));
#16796=AXIS2_PLACEMENT_3D('',#733,#16794,#16795);
#16797=PLANE('',#16796);
#16798=FACE_SURFACE('',(#16793),#16797,.T.);
#16799=POLY_LOOP('',(#681,#679,#496));
#16800=FACE_OUTER_BOUND('',#16799,.T.);
#16801=DIRECTION('',(0.004735333121039359,0.982147014049409,0.1880553626304306));
#16802=DIRECTION('',(-0.0009995897451874221,0.18806202612008743,-0.9821566449156413));
#16803=AXIS2_PLACEMENT_3D('',#681,#16801,#16802);
#16804=PLANE('',#16803);
#16805=FACE_SURFACE('',(#16800),#16804,.T.);
#16806=POLY_LOOP('',(#496,#495,#681));
#16807=FACE_OUTER_BOUND('',#16806,.T.);
#16808=DIRECTION('',(0.005826629809859146,0.9914928046911576,0.1300310294918896));
#16809=DIRECTION('',(-0.00358895046744285,-0.13001166502623818,0.9915059689137768));
#16810=AXIS2_PLACEMENT_3D('',#496,#16808,#16809);
#16811=PLANE('',#16810);
#16812=FACE_SURFACE('',(#16807),#16811,.T.);
#16813=POLY_LOOP('',(#681,#495,#490));
#16814=FACE_OUTER_BOUND('',#16813,.T.);
#16815=DIRECTION('',(0.00416987293587491,0.9185307287644365,0.39532760145880513));
#16816=DIRECTION('',(-0.999969139566881,0.006462334078716495,-0.004467454770513143));
#16817=AXIS2_PLACEMENT_3D('',#681,#16815,#16816);
#16818=PLANE('',#16817);
#16819=FACE_SURFACE('',(#16814),#16818,.T.);
#16820=POLY_LOOP('',(#681,#490,#682));
#16821=FACE_OUTER_BOUND('',#16820,.T.);
#16822=DIRECTION('',(0.004506767930453996,0.8043959019217123,0.5940765287522944));
#16823=DIRECTION('',(-0.9999893838490297,0.0030550496093822038,0.003449472586090233));
#16824=AXIS2_PLACEMENT_3D('',#681,#16822,#16823);
#16825=PLANE('',#16824);
#16826=FACE_SURFACE('',(#16821),#16825,.T.);
#16827=POLY_LOOP('',(#682,#490,#489));
#16828=FACE_OUTER_BOUND('',#16827,.T.);
#16829=DIRECTION('',(0.004152550958710869,0.7913776517828999,0.6113134781592164));
#16830=DIRECTION('',(-0.9998561970777078,0.013337249092320796,-0.01047391769842311));
#16831=AXIS2_PLACEMENT_3D('',#682,#16829,#16830);
#16832=PLANE('',#16831);
#16833=FACE_SURFACE('',(#16828),#16832,.T.);
#16834=POLY_LOOP('',(#682,#489,#696));
#16835=FACE_OUTER_BOUND('',#16834,.T.);
#16836=DIRECTION('',(0.0022957229149023284,0.5305611589888068,0.8476435490397789));
#16837=DIRECTION('',(-0.9999807203102298,0.006108622254267737,-0.0011152318094595861));
#16838=AXIS2_PLACEMENT_3D('',#682,#16836,#16837);
#16839=PLANE('',#16838);
#16840=FACE_SURFACE('',(#16835),#16839,.T.);
#16841=POLY_LOOP('',(#497,#679,#678));
#16842=FACE_OUTER_BOUND('',#16841,.T.);
#16843=DIRECTION('',(0.00018629515458429199,0.04346254416530407,0.999055039799507));
#16844=DIRECTION('',(0.9992101280007819,-0.03970824875954287,0.0015411298165208217));
#16845=AXIS2_PLACEMENT_3D('',#497,#16843,#16844);
#16846=PLANE('',#16845);
#16847=FACE_SURFACE('',(#16842),#16846,.T.);
#16848=POLY_LOOP('',(#696,#489,#488));
#16849=FACE_OUTER_BOUND('',#16848,.T.);
#16850=DIRECTION('',(0.005498681271932439,0.6538459232152313,0.7566077406418017));
#16851=DIRECTION('',(-0.9997740314367195,0.01913133942767029,-0.009267033855159812));
#16852=AXIS2_PLACEMENT_3D('',#696,#16850,#16851);
#16853=PLANE('',#16852);
#16854=FACE_SURFACE('',(#16849),#16853,.T.);
#16855=POLY_LOOP('',(#694,#488,#487));
#16856=FACE_OUTER_BOUND('',#16855,.T.);
#16857=DIRECTION('',(0.002255073027680085,0.4386840805687183,0.8986385213762083));
#16858=DIRECTION('',(-0.9998312897428804,0.017370720468457754,-0.005970772269560421));
#16859=AXIS2_PLACEMENT_3D('',#694,#16857,#16858);
#16860=PLANE('',#16859);
#16861=FACE_SURFACE('',(#16856),#16860,.T.);
#16862=POLY_LOOP('',(#694,#487,#695));
#16863=FACE_OUTER_BOUND('',#16862,.T.);
#16864=DIRECTION('',(0.000680667010312518,0.12632837074099504,0.9919882456150106));
#16865=DIRECTION('',(-0.9999872320578183,0.005053108191842004,4.264908856443153e-05));
#16866=AXIS2_PLACEMENT_3D('',#694,#16864,#16865);
#16867=PLANE('',#16866);
#16868=FACE_SURFACE('',(#16863),#16867,.T.);
#16869=POLY_LOOP('',(#695,#487,#486));
#16870=FACE_OUTER_BOUND('',#16869,.T.);
#16871=DIRECTION('',(0.0023398548386840755,0.22352191910258654,0.9746960945648807));
#16872=DIRECTION('',(-0.9998576482705674,0.016809736597597158,-0.0014546306643771576));
#16873=AXIS2_PLACEMENT_3D('',#695,#16871,#16872);
#16874=PLANE('',#16873);
#16875=FACE_SURFACE('',(#16870),#16874,.T.);
#16876=POLY_LOOP('',(#695,#486,#707));
#16877=FACE_OUTER_BOUND('',#16876,.T.);
#16878=DIRECTION('',(-0.002113927591869801,-0.10527613226257686,0.9944407811860738));
#16879=DIRECTION('',(-0.9999085933397761,0.013502607432229438,-0.0006961018614482055));
#16880=AXIS2_PLACEMENT_3D('',#695,#16878,#16879);
#16881=PLANE('',#16880);
#16882=FACE_SURFACE('',(#16877),#16881,.T.);
#16883=POLY_LOOP('',(#707,#486,#491));
#16884=FACE_OUTER_BOUND('',#16883,.T.);
#16885=DIRECTION('',(-0.0005202486051238754,-0.03299663558862055,0.9994553273564661));
#16886=DIRECTION('',(-0.9997573077488425,0.022029135353176063,0.00020687768737928514));
#16887=AXIS2_PLACEMENT_3D('',#707,#16885,#16886);
#16888=PLANE('',#16887);
#16889=FACE_SURFACE('',(#16884),#16888,.T.);
#16890=POLY_LOOP('',(#707,#491,#684));
#16891=FACE_OUTER_BOUND('',#16890,.T.);
#16892=DIRECTION('',(-0.0014064001933073785,-0.2887490986696179,0.9574037706505962));
#16893=DIRECTION('',(-0.9999936834394507,0.0035312759090418604,-0.00040394511246077806));
#16894=AXIS2_PLACEMENT_3D('',#707,#16892,#16893);
#16895=PLANE('',#16894);
#16896=FACE_SURFACE('',(#16891),#16895,.T.);
#16897=POLY_LOOP('',(#696,#488,#694));
#16898=FACE_OUTER_BOUND('',#16897,.T.);
#16899=DIRECTION('',(-0.00021498376104054558,0.3139707708791535,0.9494326246846231));
#16900=DIRECTION('',(-0.9998894903458401,0.014045590824918524,-0.004871188183098888));
#16901=AXIS2_PLACEMENT_3D('',#696,#16899,#16900);
#16902=PLANE('',#16901);
#16903=FACE_SURFACE('',(#16898),#16902,.T.);
#16904=POLY_LOOP('',(#684,#491,#685));
#16905=FACE_OUTER_BOUND('',#16904,.T.);
#16906=DIRECTION('',(-0.004206257668977204,-0.5455364927256765,0.8380765135123344));
#16907=DIRECTION('',(-0.9999470993090724,0.010161312674212919,0.0015957155476581703));
#16908=AXIS2_PLACEMENT_3D('',#684,#16906,#16907);
#16909=PLANE('',#16908);
#16910=FACE_SURFACE('',(#16905),#16909,.T.);
#16911=POLY_LOOP('',(#496,#679,#497));
#16912=FACE_OUTER_BOUND('',#16911,.T.);
#16913=DIRECTION('',(-0.0008506284889101787,0.017400398018336056,0.9998482397744056));
#16914=DIRECTION('',(0.9999870556671802,-0.0050009070493213,0.0009377775685381642));
#16915=AXIS2_PLACEMENT_3D('',#496,#16913,#16914);
#16916=PLANE('',#16915);
#16917=FACE_SURFACE('',(#16912),#16916,.T.);
#16918=POLY_LOOP('',(#699,#519,#497));
#16919=FACE_OUTER_BOUND('',#16918,.T.);
#16920=DIRECTION('',(-0.005202238464985069,-0.9749635767150849,0.22230375793918145));
#16921=DIRECTION('',(-0.9999829729118228,0.0056598253098210875,0.0014213598751676027));
#16922=AXIS2_PLACEMENT_3D('',#699,#16920,#16921);
#16923=PLANE('',#16922);
#16924=FACE_SURFACE('',(#16919),#16923,.T.);
#16925=POLY_LOOP('',(#702,#517,#501));
#16926=FACE_OUTER_BOUND('',#16925,.T.);
#16927=DIRECTION('',(0.003961041068197016,0.7690930279060632,0.6391245767297169));
#16928=DIRECTION('',(-0.9998928392860112,0.01205362330399769,-0.008307834242694326));
#16929=AXIS2_PLACEMENT_3D('',#702,#16927,#16928);
#16930=PLANE('',#16929);
#16931=FACE_SURFACE('',(#16926),#16930,.T.);
#16932=POLY_LOOP('',(#702,#501,#703));
#16933=FACE_OUTER_BOUND('',#16932,.T.);
#16934=DIRECTION('',(0.002355428877418401,0.5281087483242444,0.849173481626813));
#16935=DIRECTION('',(-0.9999822689540544,0.005888355756687936,-0.0008882814777806092));
#16936=AXIS2_PLACEMENT_3D('',#702,#16934,#16935);
#16937=PLANE('',#16936);
#16938=FACE_SURFACE('',(#16933),#16937,.T.);
#16939=POLY_LOOP('',(#703,#501,#502));
#16940=FACE_OUTER_BOUND('',#16939,.T.);
#16941=DIRECTION('',(0.004729096771635502,0.6219107240510517,0.7830738706878305));
#16942=DIRECTION('',(-0.999779833153721,0.01894931976464762,-0.00901157586524363));
#16943=AXIS2_PLACEMENT_3D('',#703,#16941,#16942);
#16944=PLANE('',#16943);
#16945=FACE_SURFACE('',(#16940),#16944,.T.);
#16946=POLY_LOOP('',(#703,#502,#704));
#16947=FACE_OUTER_BOUND('',#16946,.T.);
#16948=DIRECTION('',(0.00048374781010748503,0.30683489696639626,0.9517626342695311));
#16949=DIRECTION('',(-0.9999259465881994,0.01172192370869263,-0.003270755915798429));
#16950=AXIS2_PLACEMENT_3D('',#703,#16948,#16949);
#16951=PLANE('',#16950);
#16952=FACE_SURFACE('',(#16947),#16951,.T.);
#16953=POLY_LOOP('',(#704,#502,#503));
#16954=FACE_OUTER_BOUND('',#16953,.T.);
#16955=DIRECTION('',(0.0020369535610481756,0.3982386687346134,0.9172795721832427));
#16956=DIRECTION('',(-0.9998728385638874,0.015319186100921372,-0.0044304897471420055));
#16957=AXIS2_PLACEMENT_3D('',#704,#16955,#16956);
#16958=PLANE('',#16957);
#16959=FACE_SURFACE('',(#16954),#16958,.T.);
#16960=POLY_LOOP('',(#704,#503,#700));
#16961=FACE_OUTER_BOUND('',#16960,.T.);
#16962=DIRECTION('',(0.0006300938228862431,0.11860657103350952,0.9929411283099556));
#16963=DIRECTION('',(-0.9999872993226453,0.00503985451420573,3.255576479667082e-05));
#16964=AXIS2_PLACEMENT_3D('',#704,#16962,#16963);
#16965=PLANE('',#16964);
#16966=FACE_SURFACE('',(#16961),#16965,.T.);
#16967=POLY_LOOP('',(#699,#497,#678));
#16968=FACE_OUTER_BOUND('',#16967,.T.);
#16969=DIRECTION('',(-0.004895392306581149,-0.979251346332866,0.20259031526564658));
#16970=DIRECTION('',(-0.9998716043061219,0.0017020987085036427,-0.015933542050925897));
#16971=AXIS2_PLACEMENT_3D('',#699,#16969,#16970);
#16972=PLANE('',#16971);
#16973=FACE_SURFACE('',(#16968),#16972,.T.);
#16974=POLY_LOOP('',(#700,#503,#533));
#16975=FACE_OUTER_BOUND('',#16974,.T.);
#16976=DIRECTION('',(0.0022134929954807175,0.21279500651109157,0.9770943586229036));
#16977=DIRECTION('',(-0.9998616004546725,0.01658214561122588,-0.001346247803647168));
#16978=AXIS2_PLACEMENT_3D('',#700,#16976,#16977);
#16979=PLANE('',#16978);
#16980=FACE_SURFACE('',(#16975),#16979,.T.);
#16981=POLY_LOOP('',(#701,#533,#534));
#16982=FACE_OUTER_BOUND('',#16981,.T.);
#16983=DIRECTION('',(-0.0005591752851673943,-0.04212770521970031,0.9991120776849425));
#16984=DIRECTION('',(-0.9997585659139294,0.021969873021491768,0.00036682576595351317));
#16985=AXIS2_PLACEMENT_3D('',#701,#16983,#16984);
#16986=PLANE('',#16985);
#16987=FACE_SURFACE('',(#16982),#16986,.T.);
#16988=POLY_LOOP('',(#701,#534,#683));
#16989=FACE_OUTER_BOUND('',#16988,.T.);
#16990=DIRECTION('',(-0.0014435025823963993,-0.2966442166753425,0.9549869763579854));
#16991=DIRECTION('',(-0.9999936301300258,0.003545625831433556,-0.0004101668397374469));
#16992=AXIS2_PLACEMENT_3D('',#701,#16990,#16991);
#16993=PLANE('',#16992);
#16994=FACE_SURFACE('',(#16989),#16993,.T.);
#16995=POLY_LOOP('',(#683,#534,#677));
#16996=FACE_OUTER_BOUND('',#16995,.T.);
#16997=DIRECTION('',(-0.004181595587020138,-0.5514184143602671,0.8342183446572937));
#16998=DIRECTION('',(-0.999948812813573,0.009991819811115963,0.0015922592717107927));
#16999=AXIS2_PLACEMENT_3D('',#683,#16997,#16998);
#17000=PLANE('',#16999);
#17001=FACE_SURFACE('',(#16996),#17000,.T.);
#17002=POLY_LOOP('',(#534,#532,#677));
#17003=FACE_OUTER_BOUND('',#17002,.T.);
#17004=DIRECTION('',(-0.001526219330129042,-0.45880175527180844,0.8885373486883171));
#17005=DIRECTION('',(-0.00029649384212428,-0.8885381368751719,-0.4588026715373394));
#17006=AXIS2_PLACEMENT_3D('',#534,#17004,#17005);
#17007=PLANE('',#17006);
#17008=FACE_SURFACE('',(#17003),#17007,.T.);
#17009=POLY_LOOP('',(#677,#532,#519));
#17010=FACE_OUTER_BOUND('',#17009,.T.);
#17011=DIRECTION('',(-0.004455518593132361,-0.783452790006343,0.6214353338725946));
#17012=DIRECTION('',(-0.9999710463929673,0.00732427514505095,0.002064308444407499));
#17013=AXIS2_PLACEMENT_3D('',#677,#17011,#17012);
#17014=PLANE('',#17013);
#17015=FACE_SURFACE('',(#17010),#17014,.T.);
#17016=POLY_LOOP('',(#677,#519,#699));
#17017=FACE_OUTER_BOUND('',#17016,.T.);
#17018=DIRECTION('',(-0.003802114149983023,-0.8166824982288011,0.5770747274095052));
#17019=DIRECTION('',(-0.9999219897342816,-0.0037611138902321865,-0.011910855054943692));
#17020=AXIS2_PLACEMENT_3D('',#677,#17018,#17019);
#17021=PLANE('',#17020);
#17022=FACE_SURFACE('',(#17017),#17021,.T.);
#17023=POLY_LOOP('',(#700,#533,#701));
#17024=FACE_OUTER_BOUND('',#17023,.T.);
#17025=DIRECTION('',(-0.002103331987147565,-0.11230508683685467,0.993671547074343));
#17026=DIRECTION('',(-0.9999120800600624,0.013245692075622637,-0.0006195089970836127));
#17027=AXIS2_PLACEMENT_3D('',#700,#17025,#17026);
#17028=PLANE('',#17027);
#17029=FACE_SURFACE('',(#17024),#17028,.T.);
#17030=POLY_LOOP('',(#491,#492,#685));
#17031=FACE_OUTER_BOUND('',#17030,.T.);
#17032=DIRECTION('',(-0.0014511610038395809,-0.44951602389110007,0.8932710889740455));
#17033=DIRECTION('',(0.0003299785716221364,-0.8932721961508143,-0.4495160449839843));
#17034=AXIS2_PLACEMENT_3D('',#491,#17032,#17033);
#17035=PLANE('',#17034);
#17036=FACE_SURFACE('',(#17031),#17035,.T.);
#17037=POLY_LOOP('',(#685,#492,#494));
#17038=FACE_OUTER_BOUND('',#17037,.T.);
#17039=DIRECTION('',(-0.00443715442394846,-0.7771838118989355,0.6292580028754962));
#17040=DIRECTION('',(-0.999970288985427,0.0074149907922009825,0.00210690720091148));
#17041=AXIS2_PLACEMENT_3D('',#685,#17039,#17040);
#17042=PLANE('',#17041);
#17043=FACE_SURFACE('',(#17038),#17042,.T.);
#17044=POLY_LOOP('',(#685,#494,#706));
#17045=FACE_OUTER_BOUND('',#17044,.T.);
#17046=DIRECTION('',(-0.0037693901291825445,-0.8119482595379206,0.5837172393645709));
#17047=DIRECTION('',(-0.9999236593669819,-0.003808458981443129,-0.01175461944644213));
#17048=AXIS2_PLACEMENT_3D('',#685,#17046,#17047);
#17049=PLANE('',#17048);
#17050=FACE_SURFACE('',(#17045),#17049,.T.);
#17051=POLY_LOOP('',(#516,#514,#710));
#17052=FACE_OUTER_BOUND('',#17051,.T.);
#17053=DIRECTION('',(-0.0016756232994906638,-0.44612670043547353,0.8949682449367216));
#17054=DIRECTION('',(0.0007935488581368414,-0.8949698127671262,-0.44612599623400684));
#17055=AXIS2_PLACEMENT_3D('',#516,#17053,#17054);
#17056=PLANE('',#17055);
#17057=FACE_SURFACE('',(#17052),#17056,.T.);
#17058=POLY_LOOP('',(#710,#514,#513));
#17059=FACE_OUTER_BOUND('',#17058,.T.);
#17060=DIRECTION('',(-0.004345897975772859,-0.7796229914499236,0.6262340651652993));
#17061=DIRECTION('',(-0.999975814896945,0.00678853766524983,0.001511746525830105));
#17062=AXIS2_PLACEMENT_3D('',#710,#17060,#17061);
#17063=PLANE('',#17062);
#17064=FACE_SURFACE('',(#17059),#17063,.T.);
#17065=POLY_LOOP('',(#710,#513,#726));
#17066=FACE_OUTER_BOUND('',#17065,.T.);
#17067=DIRECTION('',(-0.004224741056828875,-0.7856694935683991,0.6186320379991469));
#17068=DIRECTION('',(-0.9999130368115648,-0.004409571571943176,-0.012428776803294284));
#17069=AXIS2_PLACEMENT_3D('',#710,#17067,#17068);
#17070=PLANE('',#17069);
#17071=FACE_SURFACE('',(#17066),#17070,.T.);
#17072=POLY_LOOP('',(#726,#513,#727));
#17073=FACE_OUTER_BOUND('',#17072,.T.);
#17074=DIRECTION('',(-0.004499905557711214,-0.9594094743024028,0.2819808707496996));
#17075=DIRECTION('',(-0.999989867135355,0.004281099576986329,-0.0013920535288119624));
#17076=AXIS2_PLACEMENT_3D('',#726,#17074,#17075);
#17077=PLANE('',#17076);
#17078=FACE_SURFACE('',(#17073),#17077,.T.);
#17079=POLY_LOOP('',(#727,#513,#505));
#17080=FACE_OUTER_BOUND('',#17079,.T.);
#17081=DIRECTION('',(-0.005094562687350238,-0.968328156833802,0.24962897691148847));
#17082=DIRECTION('',(-0.9998315277437125,0.009334602556786272,0.01580447167040357));
#17083=AXIS2_PLACEMENT_3D('',#727,#17081,#17082);
#17084=PLANE('',#17083);
#17085=FACE_SURFACE('',(#17080),#17084,.T.);
#17086=POLY_LOOP('',(#727,#505,#728));
#17087=FACE_OUTER_BOUND('',#17086,.T.);
#17088=DIRECTION('',(-0.0049881681716247815,-0.9988143148030888,0.04842605417260184));
#17089=DIRECTION('',(-0.9999870226212827,0.004932154804531371,-0.0012761026629650905));
#17090=AXIS2_PLACEMENT_3D('',#727,#17088,#17089);
#17091=PLANE('',#17090);
#17092=FACE_SURFACE('',(#17087),#17091,.T.);
#17093=POLY_LOOP('',(#516,#690,#689));
#17094=FACE_OUTER_BOUND('',#17093,.T.);
#17095=DIRECTION('',(-0.0003420858988228193,0.01356522483855728,0.9999079295876782));
#17096=DIRECTION('',(0.9999942052292409,-0.0033821538210201604,0.0003879993167912573));
#17097=AXIS2_PLACEMENT_3D('',#516,#17095,#17096);
#17098=PLANE('',#17097);
#17099=FACE_SURFACE('',(#17094),#17098,.T.);
#17100=POLY_LOOP('',(#422,#723,#505));
#17101=FACE_OUTER_BOUND('',#17100,.T.);
#17102=DIRECTION('',(0.0001565787239274113,0.037508533257407654,0.9992962951077029));
#17103=DIRECTION('',(0.9999875369634377,-0.004992491857381069,3.070588226843919e-05));
#17104=AXIS2_PLACEMENT_3D('',#422,#17102,#17103);
#17105=PLANE('',#17104);
#17106=FACE_SURFACE('',(#17101),#17105,.T.);
#17107=POLY_LOOP('',(#734,#723,#423));
#17108=FACE_OUTER_BOUND('',#17107,.T.);
#17109=DIRECTION('',(0.004992665963511834,0.9999874731675265,0.00035608229703069515));
#17110=DIRECTION('',(0.0008357950692763244,0.000351913713379505,-0.9999995888015858));
#17111=AXIS2_PLACEMENT_3D('',#734,#17109,#17110);
#17112=PLANE('',#17111);
#17113=FACE_SURFACE('',(#17108),#17112,.T.);
#17114=POLY_LOOP('',(#423,#723,#422));
#17115=FACE_OUTER_BOUND('',#17114,.T.);
#17116=DIRECTION('',(0.004992482292405642,0.9999874912536273,0.0003040671582164147));
#17117=DIRECTION('',(0.9999813026413502,-0.004991377180228055,-0.0035327781635884794));
#17118=AXIS2_PLACEMENT_3D('',#423,#17116,#17117);
#17119=PLANE('',#17118);
#17120=FACE_SURFACE('',(#17115),#17119,.T.);
#17121=POLY_LOOP('',(#423,#343,#734));
#17122=FACE_OUTER_BOUND('',#17121,.T.);
#17123=DIRECTION('',(0.00498334082850181,0.9984564196062834,0.05531676473898397));
#17124=DIRECTION('',(-0.05967998019625904,-0.054921895214780525,0.9967055158820938));
#17125=AXIS2_PLACEMENT_3D('',#423,#17123,#17124);
#17126=PLANE('',#17125);
#17127=FACE_SURFACE('',(#17122),#17126,.T.);
#17128=POLY_LOOP('',(#734,#343,#733));
#17129=FACE_OUTER_BOUND('',#17128,.T.);
#17130=DIRECTION('',(0.00499081622105808,0.9654959507036939,0.26037023817675115));
#17131=DIRECTION('',(-0.9999874282394894,0.004944925859835799,0.0008313069305694471));
#17132=AXIS2_PLACEMENT_3D('',#734,#17130,#17131);
#17133=PLANE('',#17132);
#17134=FACE_SURFACE('',(#17129),#17133,.T.);
#17135=POLY_LOOP('',(#343,#341,#733));
#17136=FACE_OUTER_BOUND('',#17135,.T.);
#17137=DIRECTION('',(0.005721333596428323,0.9752462007347676,0.22104776473486393));
#17138=DIRECTION('',(-0.0004970455492893079,-0.22104858190768747,0.9752626709673258));
#17139=AXIS2_PLACEMENT_3D('',#343,#17137,#17138);
#17140=PLANE('',#17139);
#17141=FACE_SURFACE('',(#17136),#17140,.T.);
#17142=POLY_LOOP('',(#733,#341,#340));
#17143=FACE_OUTER_BOUND('',#17142,.T.);
#17144=DIRECTION('',(0.0044490997734407045,0.9050707669944299,0.4252377126306185));
#17145=DIRECTION('',(-0.9999695579791731,0.006752552415299277,-0.0039097507357642464));
#17146=AXIS2_PLACEMENT_3D('',#733,#17144,#17145);
#17147=PLANE('',#17146);
#17148=FACE_SURFACE('',(#17143),#17147,.T.);
#17149=POLY_LOOP('',(#505,#723,#728));
#17150=FACE_OUTER_BOUND('',#17149,.T.);
#17151=DIRECTION('',(0.00015699812912284373,0.037519058387249934,0.9992958999262037));
#17152=DIRECTION('',(0.9992081160665539,-0.039766263732520506,0.0013360596857197175));
#17153=AXIS2_PLACEMENT_3D('',#505,#17151,#17152);
#17154=PLANE('',#17153);
#17155=FACE_SURFACE('',(#17150),#17154,.T.);
#17156=POLY_LOOP('',(#516,#709,#690));
#17157=FACE_OUTER_BOUND('',#17156,.T.);
#17158=DIRECTION('',(-0.0017337106980490917,-0.40785856608279925,0.9130434734009648));
#17159=DIRECTION('',(0.9997934946949295,-0.01919388972735763,-0.0066755196677062475));
#17160=AXIS2_PLACEMENT_3D('',#516,#17158,#17159);
#17161=PLANE('',#17160);
#17162=FACE_SURFACE('',(#17157),#17161,.T.);
#17163=POLY_LOOP('',(#710,#709,#516));
#17164=FACE_OUTER_BOUND('',#17163,.T.);
#17165=DIRECTION('',(-0.0070532932853899265,-0.6358272160368973,0.771799198237857));
#17166=DIRECTION('',(0.008518065944659887,0.7717521919001128,0.6358663356790748));
#17167=AXIS2_PLACEMENT_3D('',#710,#17165,#17166);
#17168=PLANE('',#17167);
#17169=FACE_SURFACE('',(#17164),#17168,.T.);
#17170=POLY_LOOP('',(#689,#515,#516));
#17171=FACE_OUTER_BOUND('',#17170,.T.);
#17172=DIRECTION('',(0.0002245644277511064,-0.024598684398149207,0.9996973813593282));
#17173=DIRECTION('',(-0.9999942417772391,0.0033795972729636966,0.00030778992433810263));
#17174=AXIS2_PLACEMENT_3D('',#689,#17172,#17173);
#17175=PLANE('',#17174);
#17176=FACE_SURFACE('',(#17171),#17175,.T.);
#17177=POLY_LOOP('',(#706,#494,#493));
#17178=FACE_OUTER_BOUND('',#17177,.T.);
#17179=DIRECTION('',(-0.005200470319096369,-0.9726564316996046,0.23219048426206587));
#17180=DIRECTION('',(-0.9999826982945486,0.005696680573449908,0.0014666090132668765));
#17181=AXIS2_PLACEMENT_3D('',#706,#17179,#17180);
#17182=PLANE('',#17181);
#17183=FACE_SURFACE('',(#17178),#17182,.T.);
#17184=POLY_LOOP('',(#706,#493,#686));
#17185=FACE_OUTER_BOUND('',#17184,.T.);
#17186=DIRECTION('',(-0.004885964024573583,-0.9772751156934643,0.21191855888967415));
#17187=DIRECTION('',(-0.9998728906629336,0.0015581533305927206,-0.015867409226074047));
#17188=AXIS2_PLACEMENT_3D('',#706,#17186,#17187);
#17189=PLANE('',#17188);
#17190=FACE_SURFACE('',(#17185),#17189,.T.);
#17191=POLY_LOOP('',(#504,#687,#493));
#17192=FACE_OUTER_BOUND('',#17191,.T.);
#17193=DIRECTION('',(0.00010663698929161353,0.02754323897751165,0.9996206073381941));
#17194=DIRECTION('',(0.9999875366416897,-0.004992555184093064,3.088719868380744e-05));
#17195=AXIS2_PLACEMENT_3D('',#504,#17193,#17194);
#17196=PLANE('',#17195);
#17197=FACE_SURFACE('',(#17192),#17196,.T.);
#17198=POLY_LOOP('',(#493,#687,#686));
#17199=FACE_OUTER_BOUND('',#17198,.T.);
#17200=DIRECTION('',(0.00010629705419464418,0.027534696071393958,0.9996208427264771));
#17201=DIRECTION('',(0.999209850438012,-0.03973283606641315,0.0009881931821520335));
#17202=AXIS2_PLACEMENT_3D('',#493,#17200,#17201);
#17203=PLANE('',#17202);
#17204=FACE_SURFACE('',(#17199),#17203,.T.);
#17205=POLY_LOOP('',(#693,#687,#507));
#17206=FACE_OUTER_BOUND('',#17205,.T.);
#17207=DIRECTION('',(0.004992496459716139,0.9999728193339691,0.0054254559599472745));
#17208=DIRECTION('',(0.0008579482607270091,0.0054212382851735645,-0.9999849369366708));
#17209=AXIS2_PLACEMENT_3D('',#693,#17207,#17208);
#17210=PLANE('',#17209);
#17211=FACE_SURFACE('',(#17206),#17210,.T.);
#17212=POLY_LOOP('',(#507,#687,#504));
#17213=FACE_OUTER_BOUND('',#17212,.T.);
#17214=DIRECTION('',(0.004992317481316305,0.9999731328293868,0.005367530675014917));
#17215=DIRECTION('',(0.9999827644955636,-0.004975636188487559,-0.0031166899637674354));
#17216=AXIS2_PLACEMENT_3D('',#507,#17214,#17215);
#17217=PLANE('',#17216);
#17218=FACE_SURFACE('',(#17213),#17217,.T.);
#17219=POLY_LOOP('',(#507,#506,#693));
#17220=FACE_OUTER_BOUND('',#17219,.T.);
#17221=DIRECTION('',(0.004981932976434968,0.9981928168273433,0.05988556402099139));
#17222=DIRECTION('',(-0.03864651709280993,-0.059649376503930845,0.9974710013826403));
#17223=AXIS2_PLACEMENT_3D('',#507,#17221,#17222);
#17224=PLANE('',#17223);
#17225=FACE_SURFACE('',(#17220),#17224,.T.);
#17226=POLY_LOOP('',(#693,#506,#692));
#17227=FACE_OUTER_BOUND('',#17226,.T.);
#17228=DIRECTION('',(0.005064230214210863,0.9654815354691133,0.2604222690949079));
#17229=DIRECTION('',(-0.999987170650495,0.004918138612575306,0.0012126198931061568));
#17230=AXIS2_PLACEMENT_3D('',#693,#17228,#17229);
#17231=PLANE('',#17230);
#17232=FACE_SURFACE('',(#17227),#17231,.T.);
#17233=POLY_LOOP('',(#506,#512,#692));
#17234=FACE_OUTER_BOUND('',#17233,.T.);
#17235=DIRECTION('',(0.005685915517950986,0.974052909269954,0.22624897857772003));
#17236=DIRECTION('',(-0.0005362575958841134,-0.22624963331110687,0.9740692048588644));
#17237=AXIS2_PLACEMENT_3D('',#506,#17235,#17236);
#17238=PLANE('',#17237);
#17239=FACE_SURFACE('',(#17234),#17238,.T.);
#17240=POLY_LOOP('',(#692,#512,#511));
#17241=FACE_OUTER_BOUND('',#17240,.T.);
#17242=DIRECTION('',(0.004420000811904526,0.9029055322926981,0.4298163134968962));
#17243=DIRECTION('',(-0.9999698527661495,0.006734858874860919,-0.003864613147653513));
#17244=AXIS2_PLACEMENT_3D('',#692,#17242,#17243);
#17245=PLANE('',#17244);
#17246=FACE_SURFACE('',(#17241),#17245,.T.);
#17247=POLY_LOOP('',(#692,#511,#691));
#17248=FACE_OUTER_BOUND('',#17247,.T.);
#17249=DIRECTION('',(0.00413399466582215,0.772568231392283,0.6349182923270543));
#17250=DIRECTION('',(-0.9999900239641409,0.0042679649721861085,0.0013177432196363836));
#17251=AXIS2_PLACEMENT_3D('',#692,#17249,#17250);
#17252=PLANE('',#17251);
#17253=FACE_SURFACE('',(#17248),#17252,.T.);
#17254=POLY_LOOP('',(#511,#510,#691));
#17255=FACE_OUTER_BOUND('',#17254,.T.);
#17256=DIRECTION('',(0.004324933066981939,0.7787350117271599,0.6273380878475866));
#17257=DIRECTION('',(-0.000253590175716733,-0.6273430808500102,0.7787429579788445));
#17258=AXIS2_PLACEMENT_3D('',#511,#17256,#17257);
#17259=PLANE('',#17258);
#17260=FACE_SURFACE('',(#17255),#17259,.T.);
#17261=POLY_LOOP('',(#691,#510,#509));
#17262=FACE_OUTER_BOUND('',#17261,.T.);
#17263=DIRECTION('',(0.003058981670402011,0.6271568602085998,0.7788869721111216));
#17264=DIRECTION('',(-0.999975664311351,0.006802131680940511,-0.0015497708435099958));
#17265=AXIS2_PLACEMENT_3D('',#691,#17263,#17264);
#17266=PLANE('',#17265);
#17267=FACE_SURFACE('',(#17262),#17266,.T.);
#17268=POLY_LOOP('',(#691,#509,#689));
#17269=FACE_OUTER_BOUND('',#17268,.T.);
#17270=DIRECTION('',(0.0024840589689014416,0.43621567911244885,0.8998387137412482));
#17271=DIRECTION('',(-0.9999928746681852,0.003641432543630299,0.0009952798046125278));
#17272=AXIS2_PLACEMENT_3D('',#691,#17270,#17271);
#17273=PLANE('',#17272);
#17274=FACE_SURFACE('',(#17269),#17273,.T.);
#17275=POLY_LOOP('',(#689,#509,#515));
#17276=FACE_OUTER_BOUND('',#17275,.T.);
#17277=DIRECTION('',(0.001626614186230563,0.39774232639734997,0.9174957198365087));
#17278=DIRECTION('',(-0.9997928087835485,0.019263093876830967,-0.006578200285444552));
#17279=AXIS2_PLACEMENT_3D('',#689,#17277,#17278);
#17280=PLANE('',#17279);
#17281=FACE_SURFACE('',(#17276),#17280,.T.);
#17282=POLY_LOOP('',(#499,#698,#531));
#17283=FACE_OUTER_BOUND('',#17282,.T.);
#17284=DIRECTION('',(-0.0006076875300089541,0.0069724956399071485,0.9999755072102602));
#17285=DIRECTION('',(0.9999872813332263,-0.005002426334814565,0.000642574935294991));
#17286=AXIS2_PLACEMENT_3D('',#499,#17284,#17285);
#17287=PLANE('',#17286);
#17288=FACE_SURFACE('',(#17283),#17287,.T.);
#17289=POLY_LOOP('',(#531,#698,#697));
#17290=FACE_OUTER_BOUND('',#17289,.T.);
#17291=DIRECTION('',(9.23085599360241e-05,0.02459415484896887,0.999697513764236));
#17292=DIRECTION('',(0.9992121121439976,-0.039678378082423575,0.0008838877074378737));
#17293=AXIS2_PLACEMENT_3D('',#531,#17291,#17292);
#17294=PLANE('',#17293);
#17295=FACE_SURFACE('',(#17290),#17294,.T.);
#17296=CLOSED_SHELL('',(#1174,#1181,#1188,#1195,#1202,#1209,#1216,#1223,#1230,#1237,#1244,#1251,#1258,#1265,#1272,#1279,#1286,#1293,#1300,#1307,#1314,#1321,#1328,#1335,#1342,#1349,#1356,#1363,#1370,#1377,#1384,#1391,#1398,#1405,#1412,#1419,#1426,#1433,#1440,#1447,#1454,#1461,#1468,#1475,#1482,#1489,#1496,#1503,#1510,#1517,#1524,#1531,#1538,#1545,#1552,#1559,#1566,#1573,#1580,#1587,#1594,#1601,#1608,#1615,#1622,#1629,#1636,#1643,#1650,#1657,#1664,#1671,#1678,#1685,#1692,#1699,#1706,#1713,#1720,#1727,#1734,#1741,#1748,#1755,#1762,#1769,#1776,#1783,#1790,#1797,#1804,#1811,#1818,#1825,#1832,#1839,#1846,#1853,#1860,#1867,#1874,#1881,#1888,#1895,#1902,#1909,#1916,#1923,#1930,#1937,#1944,#1951,#1958,#1965,#1972,#1979,#1986,#1993,#2000,#2007,#2014,#2021,#2028,#2035,#2042,#2049,#2056,#2063,#2070,#2077,#2084,#2091,#2098,#2105,#2112,#2119,#2126,#2133,#2140,#2147,#2154,#2161,#2168,#2175,#2182,#2189,#2196,#2203,#2210,#2217,#2224,#2231,#2238,#2245,#2252,#2259,#2266,#2273,#2280,#2287,#2294,#2301,#2308,#2315,#2322,#2329,#2336,#2343,#2350,#2357,#2364,#2371,#2378,#2385,#2392,#2399,#2406,#2413,#2420,#2427,#2434,#2441,#2448,#2455,#2462,#2469,#2476,#2483,#2490,#2497,#2504,#2511,#2518,#2525,#2532,#2539,#2546,#2553,#2560,#2567,#2574,#2581,#2588,#2595,#2602,#2609,#2616,#2623,#2630,#2637,#2644,#2651,#2658,#2665,#2672,#2679,#2686,#2693,#2700,#2707,#2714,#2721,#2728,#2735,#2742,#2749,#2756,#2763,#2770,#2777,#2784,#2791,#2798,#2805,#2812,#2819,#2826,#2833,#2840,#2847,#2854,#2861,#2868,#2875,#2882,#2889,#2896,#2903,#2910,#2917,#2924,#2931,#2938,#2945,#2952,#2959,#2966,#2973,#2980,#2987,#2994,#3001,#3008,#3015,#3022,#3029,#3036,#3043,#3050,#3057,#3064,#3071,#3078,#3085,#3092,#3099,#3106,#3113,#3120,#3127,#3134,#3141,#3148,#3155,#3162,#3169,#3176,#3183,#3190,#3197,#3204,#3211,#3218,#3225,#3232,#3239,#3246,#3253,#3260,#3267,#3274,#3281,#3288,#3295,#3302,#3309,#3316,#3323,#3330,#3337,#3344,#3351,#3358,#3365,#3372,#3379,#3386,#3393,#3400,#3407,#3414,#3421,#3428,#3435,#3442,#3449,#3456,#3463,#3470,#3477,#3484,#3491,#3498,#3505,#3512,#3519,#3526,#3533,#3540,#3547,#3554,#3561,#3568,#3575,#3582,#3589,#3596,#3603,#3610,#3617,#3624,#3631,#3638,#3645,#3652,#3659,#3666,#3673,#3680,#3687,#3694,#3701,#3708,#3715,#3722,#3729,#3736,#3743,#3750,#3757,#3764,#3771,#3778,#3785,#3792,#3799,#3806,#3813,#3820,#3827,#3834,#3841,#3848,#3855,#3862,#3869,#3876,#3883,#3890,#3897,#3904,#3911,#3918,#3925,#3932,#3939,#3946,#3953,#3960,#3967,#3974,#3981,#3988,#3995,#4002,#4009,#4016,#4023,#4030,#4037,#4044,#4051,#4058,#4065,#4072,#4079,#4086,#4093,#4100,#4107,#4114,#4121,#4128,#4135,#4142,#4149,#4156,#4163,#4170,#4177,#4184,#4191,#4198,#4205,#4212,#4219,#4226,#4233,#4240,#4247,#4254,#4261,#4268,#4275,#4282,#4289,#4296,#4303,#4310,#4317,#4324,#4331,#4338,#4345,#4352,#4359,#4366,#4373,#4380,#4387,#4394,#4401,#4408,#4415,#4422,#4429,#4436,#4443,#4450,#4457,#4464,#4471,#4478,#4485,#4492,#4499,#4506,#4513,#4520,#4527,#4534,#4541,#4548,#4555,#4562,#4569,#4576,#4583,#4590,#4597,#4604,#4611,#4618,#4625,#4632,#4639,#4646,#4653,#4660,#4667,#4674,#4681,#4688,#4695,#4702,#4709,#4716,#4723,#4730,#4737,#4744,#4751,#4758,#4765,#4772,#4779,#4786,#4793,#4800,#4807,#4814,#4821,#4828,#4835,#4842,#4849,#4856,#4863,#4870,#4877,#4884,#4891,#4898,#4905,#4912,#4919,#4926,#4933,#4940,#4947,#4954,#4961,#4968,#4975,#4982,#4989,#4996,#5003,#5010,#5017,#5024,#5031,#5038,#5045,#5052,#5059,#5066,#5073,#5080,#5087,#5094,#5101,#5108,#5115,#5122,#5129,#5136,#5143,#5150,#5157,#5164,#5171,#5178,#5185,#5192,#5199,#5206,#5213,#5220,#5227,#5234,#5241,#5248,#5255,#5262,#5269,#5276,#5283,#5290,#5297,#5304,#5311,#5318,#5325,#5332,#5339,#5346,#5353,#5360,#5367,#5374,#5381,#5388,#5395,#5402,#5409,#5416,#5423,#5430,#5437,#5444,#5451,#5458,#5465,#5472,#5479,#5486,#5493,#5500,#5507,#5514,#5521,#5528,#5535,#5542,#5549,#5556,#5563,#5570,#5577,#5584,#5591,#5598,#5605,#5612,#5619,#5626,#5633,#5640,#5647,#5654,#5661,#5668,#5675,#5682,#5689,#5696,#5703,#5710,#5717,#5724,#5731,#5738,#5745,#5752,#5759,#5766,#5773,#5780,#5787,#5794,#5801,#5808,#5815,#5822,#5829,#5836,#5843,#5850,#5857,#5864,#5871,#5878,#5885,#5892,#5899,#5906,#5913,#5920,#5927,#5934,#5941,#5948,#5955,#5962,#5969,#5976,#5983,#5990,#5997,#6004,#6011,#6018,#6025,#6032,#6039,#6046,#6053,#6060,#6067,#6074,#6081,#6088,#6095,#6102,#6109,#6116,#6123,#6130,#6137,#6144,#6151,#6158,#6165,#6172,#6179,#6186,#6193,#6200,#6207,#6214,#6221,#6228,#6235,#6242,#6249,#6256,#6263,#6270,#6277,#6284,#6291,#6298,#6305,#6312,#6319,#6326,#6333,#6340,#6347,#6354,#6361,#6368,#6375,#6382,#6389,#6396,#6403,#6410,#6417,#6424,#6431,#6438,#6445,#6452,#6459,#6466,#6473,#6480,#6487,#6494,#6501,#6508,#6515,#6522,#6529,#6536,#6543,#6550,#6557,#6564,#6571,#6578,#6585,#6592,#6599,#6606,#6613,#6620,#6627,#6634,#6641,#6648,#6655,#6662,#6669,#6676,#6683,#6690,#6697,#6704,#6711,#6718,#6725,#6732,#6739,#6746,#6753,#6760,#6767,#6774,#6781,#6788,#6795,#6802,#6809,#6816,#6823,#6830,#6837,#6844,#6851,#6858,#6865,#6872,#6879,#6886,#6893,#6900,#6907,#6914,#6921,#6928,#6935,#6942,#6949,#6956,#6963,#6970,#6977,#6984,#6991,#6998,#7005,#7012,#7019,#7026,#7033,#7040,#7047,#7054,#7061,#7068,#7075,#7082,#7089,#7096,#7103,#7110,#7117,#7124,#7131,#7138,#7145,#7152,#7159,#7166,#7173,#7180,#7187,#7194,#7201,#7208,#7215,#7222,#7229,#7236,#7243,#7250,#7257,#7264,#7271,#7278,#7285,#7292,#7299,#7306,#7313,#7320,#7327,#7334,#7341,#7348,#7355,#7362,#7369,#7376,#7383,#7390,#7397,#7404,#7411,#7418,#7425,#7432,#7439,#7446,#7453,#7460,#7467,#7474,#7481,#7488,#7495,#7502,#7509,#7516,#7523,#7530,#7537,#7544,#7551,#7558,#7565,#7572,#7579,#7586,#7593,#7600,#7607,#7614,#7621,#7628,#7635,#7642,#7649,#7656,#7663,#7670,#7677,#7684,#7691,#7698,#7705,#7712,#7719,#7726,#7733,#7740,#7747,#7754,#7761,#7768,#7775,#7782,#7789,#7796,#7803,#7810,#7817,#7824,#7831,#7838,#7845,#7852,#7859,#7866,#7873,#7880,#7887,#7894,#7901,#7908,#7915,#7922,#7929,#7936,#7943,#7950,#7957,#7964,#7971,#7978,#7985,#7992,#7999,#8006,#8013,#8020,#8027,#8034,#8041,#8048,#8055,#8062,#8069,#8076,#8083,#8090,#8097,#8104,#8111,#8118,#8125,#8132,#8139,#8146,#8153,#8160,#8167,#8174,#8181,#8188,#8195,#8202,#8209,#8216,#8223,#8230,#8237,#8244,#8251,#8258,#8265,#8272,#8279,#8286,#8293,#8300,#8307,#8314,#8321,#8328,#8335,#8342,#8349,#8356,#8363,#8370,#8377,#8384,#8391,#8398,#8405,#8412,#8419,#8426,#8433,#8440,#8447,#8454,#8461,#8468,#8475,#8482,#8489,#8496,#8503,#8510,#8517,#8524,#8531,#8538,#8545,#8552,#8559,#8566,#8573,#8580,#8587,#8594,#8601,#8608,#8615,#8622,#8629,#8636,#8643,#8650,#8657,#8664,#8671,#8678,#8685,#8692,#8699,#8706,#8713,#8720,#8727,#8734,#8741,#8748,#8755,#8762,#8769,#8776,#8783,#8790,#8797,#8804,#8811,#8818,#8825,#8832,#8839,#8846,#8853,#8860,#8867,#8874,#8881,#8888,#8895,#8902,#8909,#8916,#8923,#8930,#8937,#8944,#8951,#8958,#8965,#8972,#8979,#8986,#8993,#9000,#9007,#9014,#9021,#9028,#9035,#9042,#9049,#9056,#9063,#9070,#9077,#9084,#9091,#9098,#9105,#9112,#9119,#9126,#9133,#9140,#9147,#9154,#9161,#9168,#9175,#9182,#9189,#9196,#9203,#9210,#9217,#9224,#9231,#9238,#9245,#9252,#9259,#9266,#9273,#9280,#9287,#9294,#9301,#9308,#9315,#9322,#9329,#9336,#9343,#9350,#9357,#9364,#9371,#9378,#9385,#9392,#9399,#9406,#9413,#9420,#9427,#9434,#9441,#9448,#9455,#9462,#9469,#9476,#9483,#9490,#9497,#9504,#9511,#9518,#9525,#9532,#9539,#9546,#9553,#9560,#9567,#9574,#9581,#9588,#9595,#9602,#9609,#9616,#9623,#9630,#9637,#9644,#9651,#9658,#9665,#9672,#9679,#9686,#9693,#9700,#9707,#9714,#9721,#9728,#9735,#9742,#9749,#9756,#9763,#9770,#9777,#9784,#9791,#9798,#9805,#9812,#9819,#9826,#9833,#9840,#9847,#9854,#9861,#9868,#9875,#9882,#9889,#9896,#9903,#9910,#9917,#9924,#9931,#9938,#9945,#9952,#9959,#9966,#9973,#9980,#9987,#9994,#10001,#10008,#10015,#10022,#10029,#10036,#10043,#10050,#10057,#10064,#10071,#10078,#10085,#10092,#10099,#10106,#10113,#10120,#10127,#10134,#10141,#10148,#10155,#10162,#10169,#10176,#10183,#10190,#10197,#10204,#10211,#10218,#10225,#10232,#10239,#10246,#10253,#10260,#10267,#10274,#10281,#10288,#10295,#10302,#10309,#10316,#10323,#10330,#10337,#10344,#10351,#10358,#10365,#10372,#10379,#10386,#10393,#10400,#10407,#10414,#10421,#10428,#10435,#10442,#10449,#10456,#10463,#10470,#10477,#10484,#10491,#10498,#10505,#10512,#10519,#10526,#10533,#10540,#10547,#10554,#10561,#10568,#10575,#10582,#10589,#10596,#10603,#10610,#10617,#10624,#10631,#10638,#10645,#10652,#10659,#10666,#10673,#10680,#10687,#10694,#10701,#10708,#10715,#10722,#10729,#10736,#10743,#10750,#10757,#10764,#10771,#10778,#10785,#10792,#10799,#10806,#10813,#10820,#10827,#10834,#10841,#10848,#10855,#10862,#10869,#10876,#10883,#10890,#10897,#10904,#10911,#10918,#10925,#10932,#10939,#10946,#10953,#10960,#10967,#10974,#10981,#10988,#10995,#11002,#11009,#11016,#11023,#11030,#11037,#11044,#11051,#11058,#11065,#11072,#11079,#11086,#11093,#11100,#11107,#11114,#11121,#11128,#11135,#11142,#11149,#11156,#11163,#11170,#11177,#11184,#11191,#11198,#11205,#11212,#11219,#11226,#11233,#11240,#11247,#11254,#11261,#11268,#11275,#11282,#11289,#11296,#11303,#11310,#11317,#11324,#11331,#11338,#11345,#11352,#11359,#11366,#11373,#11380,#11387,#11394,#11401,#11408,#11415,#11422,#11429,#11436,#11443,#11450,#11457,#11464,#11471,#11478,#11485,#11492,#11499,#11506,#11513,#11520,#11527,#11534,#11541,#11548,#11555,#11562,#11569,#11576,#11583,#11590,#11597,#11604,#11611,#11618,#11625,#11632,#11639,#11646,#11653,#11660,#11667,#11674,#11681,#11688,#11695,#11702,#11709,#11716,#11723,#11730,#11737,#11744,#11751,#11758,#11765,#11772,#11779,#11786,#11793,#11800,#11807,#11814,#11821,#11828,#11835,#11842,#11849,#11856,#11863,#11870,#11877,#11884,#11891,#11898,#11905,#11912,#11919,#11926,#11933,#11940,#11947,#11954,#11961,#11968,#11975,#11982,#11989,#11996,#12003,#12010,#12017,#12024,#12031,#12038,#12045,#12052,#12059,#12066,#12073,#12080,#12087,#12094,#12101,#12108,#12115,#12122,#12129,#12136,#12143,#12150,#12157,#12164,#12171,#12178,#12185,#12192,#12199,#12206,#12213,#12220,#12227,#12234,#12241,#12248,#12255,#12262,#12269,#12276,#12283,#12290,#12297,#12304,#12311,#12318,#12325,#12332,#12339,#12346,#12353,#12360,#12367,#12374,#12381,#12388,#12395,#12402,#12409,#12416,#12423,#12430,#12437,#12444,#12451,#12458,#12465,#12472,#12479,#12486,#12493,#12500,#12507,#12514,#12521,#12528,#12535,#12542,#12549,#12556,#12563,#12570,#12577,#12584,#12591,#12598,#12605,#12612,#12619,#12626,#12633,#12640,#12647,#12654,#12661,#12668,#12675,#12682,#12689,#12696,#12703,#12710,#12717,#12724,#12731,#12738,#12745,#12752,#12759,#12766,#12773,#12780,#12787,#12794,#12801,#12808,#12815,#12822,#12829,#12836,#12843,#12850,#12857,#12864,#12871,#12878,#12885,#12892,#12899,#12906,#12913,#12920,#12927,#12934,#12941,#12948,#12955,#12962,#12969,#12976,#12983,#12990,#12997,#13004,#13011,#13018,#13025,#13032,#13039,#13046,#13053,#13060,#13067,#13074,#13081,#13088,#13095,#13102,#13109,#13116,#13123,#13130,#13137,#13144,#13151,#13158,#13165,#13172,#13179,#13186,#13193,#13200,#13207,#13214,#13221,#13228,#13235,#13242,#13249,#13256,#13263,#13270,#13277,#13284,#13291,#13298,#13305,#13312,#13319,#13326,#13333,#13340,#13347,#13354,#13361,#13368,#13375,#13382,#13389,#13396,#13403,#13410,#13417,#13424,#13431,#13438,#13445,#13452,#13459,#13466,#13473,#13480,#13487,#13494,#13501,#13508,#13515,#13522,#13529,#13536,#13543,#13550,#13557,#13564,#13571,#13578,#13585,#13592,#13599,#13606,#13613,#13620,#13627,#13634,#13641,#13648,#13655,#13662,#13669,#13676,#13683,#13690,#13697,#13704,#13711,#13718,#13725,#13732,#13739,#13746,#13753,#13760,#13767,#13774,#13781,#13788,#13795,#13802,#13809,#13816,#13823,#13830,#13837,#13844,#13851,#13858,#13865,#13872,#13879,#13886,#13893,#13900,#13907,#13914,#13921,#13928,#13935,#13942,#13949,#13956,#13963,#13970,#13977,#13984,#13991,#13998,#14005,#14012,#14019,#14026,#14033,#14040,#14047,#14054,#14061,#14068,#14075,#14082,#14089,#14096,#14103,#14110,#14117,#14124,#14131,#14138,#14145,#14152,#14159,#14166,#14173,#14180,#14187,#14194,#14201,#14208,#14215,#14222,#14229,#14236,#14243,#14250,#14257,#14264,#14271,#14278,#14285,#14292,#14299,#14306,#14313,#14320,#14327,#14334,#14341,#14348,#14355,#14362,#14369,#14376,#14383,#14390,#14397,#14404,#14411,#14418,#14425,#14432,#14439,#14446,#14453,#14460,#14467,#14474,#14481,#14488,#14495,#14502,#14509,#14516,#14523,#14530,#14537,#14544,#14551,#14558,#14565,#14572,#14579,#14586,#14593,#14600,#14607,#14614,#14621,#14628,#14635,#14642,#14649,#14656,#14663,#14670,#14677,#14684,#14691,#14698,#14705,#14712,#14719,#14726,#14733,#14740,#14747,#14754,#14761,#14768,#14775,#14782,#14789,#14796,#14803,#14810,#14817,#14824,#14831,#14838,#14845,#14852,#14859,#14866,#14873,#14880,#14887,#14894,#14901,#14908,#14915,#14922,#14929,#14936,#14943,#14950,#14957,#14964,#14971,#14978,#14985,#14992,#14999,#15006,#15013,#15020,#15027,#15034,#15041,#15048,#15055,#15062,#15069,#15076,#15083,#15090,#15097,#15104,#15111,#15118,#15125,#15132,#15139,#15146,#15153,#15160,#15167,#15174,#15181,#15188,#15195,#15202,#15209,#15216,#15223,#15230,#15237,#15244,#15251,#15258,#15265,#15272,#15279,#15286,#15293,#15300,#15307,#15314,#15321,#15328,#15335,#15342,#15349,#15356,#15363,#15370,#15377,#15384,#15391,#15398,#15405,#15412,#15419,#15426,#15433,#15440,#15447,#15454,#15461,#15468,#15475,#15482,#15489,#15496,#15503,#15510,#15517,#15524,#15531,#15538,#15545,#15552,#15559,#15566,#15573,#15580,#15587,#15594,#15601,#15608,#15615,#15622,#15629,#15636,#15643,#15650,#15657,#15664,#15671,#15678,#15685,#15692,#15699,#15706,#15713,#15720,#15727,#15734,#15741,#15748,#15755,#15762,#15769,#15776,#15783,#15790,#15797,#15804,#15811,#15818,#15825,#15832,#15839,#15846,#15853,#15860,#15867,#15874,#15881,#15888,#15895,#15902,#15909,#15916,#15923,#15930,#15937,#15944,#15951,#15958,#15965,#15972,#15979,#15986,#15993,#16000,#16007,#16014,#16021,#16028,#16035,#16042,#16049,#16056,#16063,#16070,#16077,#16084,#16091,#16098,#16105,#16112,#16119,#16126,#16133,#16140,#16147,#16154,#16161,#16168,#16175,#16182,#16189,#16196,#16203,#16210,#16217,#16224,#16231,#16238,#16245,#16252,#16259,#16266,#16273,#16280,#16287,#16294,#16301,#16308,#16315,#16322,#16329,#16336,#16343,#16350,#16357,#16364,#16371,#16378,#16385,#16392,#16399,#16406,#16413,#16420,#16427,#16434,#16441,#16448,#16455,#16462,#16469,#16476,#16483,#16490,#16497,#16504,#16511,#16518,#16525,#16532,#16539,#16546,#16553,#16560,#16567,#16574,#16581,#16588,#16595,#16602,#16609,#16616,#16623,#16630,#16637,#16644,#16651,#16658,#16665,#16672,#16679,#16686,#16693,#16700,#16707,#16714,#16721,#16728,#16735,#16742,#16749,#16756,#16763,#16770,#16777,#16784,#16791,#16798,#16805,#16812,#16819,#16826,#16833,#16840,#16847,#16854,#16861,#16868,#16875,#16882,#16889,#16896,#16903,#16910,#16917,#16924,#16931,#16938,#16945,#16952,#16959,#16966,#16973,#16980,#16987,#16994,#17001,#17008,#17015,#17022,#17029,#17036,#17043,#17050,#17057,#17064,#17071,#17078,#17085,#17092,#17099,#17106,#17113,#17120,#17127,#17134,#17141,#17148,#17155,#17162,#17169,#17176,#17183,#17190,#17197,#17204,#17211,#17218,#17225,#17232,#17239,#17246,#17253,#17260,#17267,#17274,#17281,#17288,#17295));
#17297=FACETED_BREP('LF_finger_grip_insert_link__C001',#17296);
#17298=PRODUCT('LF_finger_grip_insert_link__C001','LF_finger_grip_insert_link__C001','Mesh-derived reference', (#3));
#17299=PRODUCT_DEFINITION_FORMATION('','',#17298);
#17300=PRODUCT_DEFINITION('design','',#17299,#4);
#17301=PRODUCT_DEFINITION_SHAPE('','',#17300);
#17302=FACETED_BREP_SHAPE_REPRESENTATION('LF_finger_grip_insert_link__C001',(#13,#17297),#9);
#17303=SHAPE_DEFINITION_REPRESENTATION(#17301,#17302);
#17304=PRODUCT_RELATED_PRODUCT_CATEGORY('part',$,(#17298));
ENDSEC;
END-ISO-10303-21;
