ISO-10303-21;
HEADER;
FILE_DESCRIPTION(('Jumper mesh-derived faceted solid reference'),'2;1');
FILE_NAME('Jumper','2026-10-08T00:00:00',(''),(''),'Jumper faceted B-rep converter','', '');
FILE_SCHEMA(('AUTOMOTIVE_DESIGN { 1 0 10303 214 1 1 1 1 }'));
ENDSEC;
DATA;
#1=APPLICATION_CONTEXT('core data for automotive mechanical design processes');
#2=APPLICATION_PROTOCOL_DEFINITION('international standard','automotive_design',2000,#1);
#3=PRODUCT_CONTEXT('',#1,'mechanical');
#4=PRODUCT_DEFINITION_CONTEXT('part definition',#1,'design');
#5=(LENGTH_UNIT() NAMED_UNIT(*) SI_UNIT(.MILLI.,.METRE.));
#6=(NAMED_UNIT(*) PLANE_ANGLE_UNIT() SI_UNIT($,.RADIAN.));
#7=(NAMED_UNIT(*) SI_UNIT($,.STERADIAN.) SOLID_ANGLE_UNIT());
#8=UNCERTAINTY_MEASURE_WITH_UNIT(LENGTH_MEASURE(1.E-07),#5,'distance_accuracy_value','conversion tolerance');
#9=(GEOMETRIC_REPRESENTATION_CONTEXT(3) GLOBAL_UNCERTAINTY_ASSIGNED_CONTEXT((#8)) GLOBAL_UNIT_ASSIGNED_CONTEXT((#5,#6,#7)) REPRESENTATION_CONTEXT('','3D millimetres'));
#10=CARTESIAN_POINT('',(0.,0.,0.));
#11=DIRECTION('',(0.,0.,1.));
#12=DIRECTION('',(1.,0.,0.));
#13=AXIS2_PLACEMENT_3D('',#10,#11,#12);
#14=CARTESIAN_POINT('',(-7.69708967208862,8.97899627685547,8.50105285644531));
#15=CARTESIAN_POINT('',(-7.69708967208862,9.89870166778564,9.15220546722412));
#16=CARTESIAN_POINT('',(-7.69708967208862,9.79129695892334,8.37379169464111));
#17=CARTESIAN_POINT('',(-7.69708967208862,6.82575511932373,9.56103134155273));
#18=CARTESIAN_POINT('',(-7.69708967208862,6.11695718765259,10.602518081665));
#19=CARTESIAN_POINT('',(-7.69708967208862,7.23498916625977,10.0283365249634));
#20=CARTESIAN_POINT('',(-7.69708967208862,8.56976318359375,8.03374767303467));
#21=CARTESIAN_POINT('',(-7.69708967208862,9.69565391540527,7.46853971481323));
#22=CARTESIAN_POINT('',(-7.69708967208862,10.0111265182495,6.61466312408447));
#23=CARTESIAN_POINT('',(-7.69708967208862,10.9774122238159,4.84295272827148));
#24=CARTESIAN_POINT('',(-7.69708967208862,11.6331338882446,2.93436813354492));
#25=CARTESIAN_POINT('',(-7.69708967208862,8.11478424072266,5.84246730804443));
#26=CARTESIAN_POINT('',(-7.69708967208862,7.00167942047119,10.8167486190796));
#27=CARTESIAN_POINT('',(-7.69708967208862,9.09033012390137,-8.90021228790283));
#28=CARTESIAN_POINT('',(-7.69708967208862,15.2193689346313,-8.41361141204834));
#29=CARTESIAN_POINT('',(-7.69708967208862,15.5506467819214,-8.81136035919189));
#30=CARTESIAN_POINT('',(-7.69708967208862,7.82304906845093,10.2284164428711));
#31=CARTESIAN_POINT('',(-7.69708967208862,7.75912189483643,11.0259046554565));
#32=CARTESIAN_POINT('',(-7.69708967208862,8.43236541748047,10.1076622009277));
#33=CARTESIAN_POINT('',(-7.69708967208862,8.53867626190186,10.9271221160889));
#34=CARTESIAN_POINT('',(-7.69708967208862,9.22000885009766,10.5356502532959));
#35=CARTESIAN_POINT('',(-7.69708967208862,1.26967322826385,11.9356727600098));
#36=CARTESIAN_POINT('',(-7.69708967208862,3.29826951026917,11.5402431488037));
#37=CARTESIAN_POINT('',(-7.69708967208862,5.22892570495605,10.8025884628296));
#38=CARTESIAN_POINT('',(-7.69708967208862,19.8202247619629,-13.8538446426392));
#39=CARTESIAN_POINT('',(-7.69708967208862,0.799735128879547,-12.1196098327637));
#40=CARTESIAN_POINT('',(-7.69708967208862,9.09975147247314,9.11036777496338));
#41=CARTESIAN_POINT('',(-7.69708967208862,16.0364170074463,-8.9901819229126));
#42=CARTESIAN_POINT('',(-6.19708967208862,17.0322856903076,-9.08098220825195));
#43=CARTESIAN_POINT('',(-7.69708967208862,17.0322856903076,-9.08098220825195));
#44=CARTESIAN_POINT('',(-7.69708967208862,8.8996696472168,9.69842910766602));
#45=CARTESIAN_POINT('',(-7.69708967208862,9.69794178009033,9.91191577911377));
#46=CARTESIAN_POINT('',(-6.19708967208862,9.46588230133057,-7.00521659851074));
#47=CARTESIAN_POINT('',(-6.19708967208862,9.24611186981201,-3.79741287231445));
#48=CARTESIAN_POINT('',(-6.19708967208862,8.95811939239502,-6.90458726882935));
#49=CARTESIAN_POINT('',(-6.19708967208862,7.37238693237305,7.95442152023315));
#50=CARTESIAN_POINT('',(-6.19708967208862,6.90508222579956,8.36365509033203));
#51=CARTESIAN_POINT('',(-6.19708967208862,5.15419578552246,8.57071781158447));
#52=CARTESIAN_POINT('',(-6.19708967208862,11.5982599258423,-3.06270861625671));
#53=CARTESIAN_POINT('',(-6.19708967208862,6.70500087738037,8.95171451568604));
#54=CARTESIAN_POINT('',(-6.19708967208862,3.32402968406677,9.43356513977051));
#55=CARTESIAN_POINT('',(-6.19708967208862,6.82575511932373,9.56103134155273));
#56=CARTESIAN_POINT('',(-6.19708967208862,1.3576375246048,9.91033935546875));
#57=CARTESIAN_POINT('',(-6.19708967208862,1.26967322826385,11.9356727600098));
#58=CARTESIAN_POINT('',(-6.19708967208862,3.29826951026917,11.5402431488037));
#59=CARTESIAN_POINT('',(-6.19708967208862,16.0364170074463,-8.9901819229126));
#60=CARTESIAN_POINT('',(-7.69708967208862,7.98170185089111,7.83366727828979));
#61=CARTESIAN_POINT('',(-7.69708967208862,7.37238693237305,7.95442152023315));
#62=CARTESIAN_POINT('',(-7.69708967208862,6.7732081413269,7.35712385177612));
#63=CARTESIAN_POINT('',(-7.69708967208862,6.90508222579956,8.36365509033203));
#64=CARTESIAN_POINT('',(-7.69708967208862,5.15419578552246,8.57071781158447));
#65=CARTESIAN_POINT('',(-7.69708967208862,6.70500087738037,8.95171451568604));
#66=CARTESIAN_POINT('',(-6.19708967208862,5.22892570495605,10.8025884628296));
#67=CARTESIAN_POINT('',(-7.69708967208862,9.12400054931641,4.08875846862793));
#68=CARTESIAN_POINT('',(-7.69708967208862,9.46588230133057,-7.00521659851074));
#69=CARTESIAN_POINT('',(-7.69708967208862,8.95811939239502,-6.90458726882935));
#70=CARTESIAN_POINT('',(-7.69708967208862,9.24611186981201,-3.79741287231445));
#71=CARTESIAN_POINT('',(-7.69708967208862,8.12704086303711,-7.46074295043945));
#72=CARTESIAN_POINT('',(-7.69708967208862,8.02641296386719,-7.96850490570068));
#73=CARTESIAN_POINT('',(-7.69708967208862,5.41697597503662,-8.40013313293457));
#74=CARTESIAN_POINT('',(-7.69708967208862,8.19314765930176,-8.45855522155762));
#75=CARTESIAN_POINT('',(-7.69708967208862,8.58256912231445,-8.79958343505859));
#76=CARTESIAN_POINT('',(-7.69708967208862,20.5962524414062,-13.7717275619507));
#77=CARTESIAN_POINT('',(-7.69708967208862,21.2817840576172,-13.3988885879517));
#78=CARTESIAN_POINT('',(-7.69708967208862,21.7724552154541,-12.7920894622803));
#79=CARTESIAN_POINT('',(-7.69708967208862,21.9935626983643,-12.0437068939209));
#80=CARTESIAN_POINT('',(-7.69708967208862,9.75953960418701,2.16779470443726));
#81=CARTESIAN_POINT('',(-7.69708967208862,9.5803804397583,-8.73347854614258));
#82=CARTESIAN_POINT('',(-7.69708967208862,15.13134765625,-7.90351152420044));
#83=CARTESIAN_POINT('',(-7.69708967208862,9.92140960693359,-8.34405708312988));
#84=CARTESIAN_POINT('',(-7.69708967208862,10.0220375061035,-7.83629417419434));
#85=CARTESIAN_POINT('',(-7.69708967208862,15.0433263778687,-7.39341163635254));
#86=CARTESIAN_POINT('',(-7.69708967208862,14.226279258728,-6.81684160232544));
#87=CARTESIAN_POINT('',(-7.69708967208862,14.7120485305786,-6.9956636428833));
#88=CARTESIAN_POINT('',(-7.69708967208862,-4.26783227920532,-9.04175662994385));
#89=CARTESIAN_POINT('',(-7.69708967208862,-6.71184158325195,-8.94492244720459));
#90=CARTESIAN_POINT('',(-7.69708967208862,-6.00131607055664,-7.99818229675293));
#91=CARTESIAN_POINT('',(-7.69708967208862,-6.91192293167114,-8.35686302185059));
#92=CARTESIAN_POINT('',(-6.19708967208862,9.82187175750732,-1.85769307613373));
#93=CARTESIAN_POINT('',(-7.69708967208862,-7.48924446105957,-6.62702178955078));
#94=CARTESIAN_POINT('',(-7.69708967208862,-7.37922763824463,-7.94762945175171));
#95=CARTESIAN_POINT('',(-7.69708967208862,11.9597454071045,0.942888617515564));
#96=CARTESIAN_POINT('',(-7.69708967208862,9.97457695007324,0.666401565074921));
#97=CARTESIAN_POINT('',(-7.69708967208862,11.9703855514526,0.79583877325058));
#98=CARTESIAN_POINT('',(-7.69708967208862,8.29167652130127,-5.58152770996094));
#99=CARTESIAN_POINT('',(-7.69708967208862,8.4680700302124,-7.07132196426392));
#100=CARTESIAN_POINT('',(-7.69708967208862,6.99763822555542,-7.13699436187744));
#101=CARTESIAN_POINT('',(-7.69708967208862,0.657635748386383,-9.97473049163818));
#102=CARTESIAN_POINT('',(-7.69708967208862,1.66371440887451,-9.85665798187256));
#103=CARTESIAN_POINT('',(-7.69708967208862,3.61440205574036,-9.31923007965088));
#104=CARTESIAN_POINT('',(-7.69708967208862,11.5982599258423,-3.06270861625671));
#105=CARTESIAN_POINT('',(-7.69708967208862,11.5106287002563,-4.09670400619507));
#106=CARTESIAN_POINT('',(-7.69708967208862,11.7805080413818,-5.09869766235352));
#107=CARTESIAN_POINT('',(-7.69708967208862,9.85530281066895,-7.34624481201172));
#108=CARTESIAN_POINT('',(-7.69708967208862,12.3756113052368,-5.94880342483521));
#109=CARTESIAN_POINT('',(-7.69708967208862,13.2247323989868,-6.54530811309814));
#110=CARTESIAN_POINT('',(-7.69708967208862,9.82187175750732,-1.85769307613373));
#111=CARTESIAN_POINT('',(-7.69708967208862,11.9480104446411,-1.07516205310822));
#112=CARTESIAN_POINT('',(-7.69708967208862,9.99538135528564,0.158220022916794));
#113=CARTESIAN_POINT('',(-7.69708967208862,22.2205657958984,-9.55403423309326));
#114=CARTESIAN_POINT('',(-6.19708967208862,11.9480104446411,-1.07516205310822));
#115=CARTESIAN_POINT('',(-6.19708967208862,-11.9356966018677,1.27648985385895));
#116=CARTESIAN_POINT('',(-6.19708967208862,-9.98167610168457,-0.655710518360138));
#117=CARTESIAN_POINT('',(-6.19708967208862,-9.96658515930176,0.86092871427536));
#118=CARTESIAN_POINT('',(-6.19708967208862,11.9703855514526,0.79583877325058));
#119=CARTESIAN_POINT('',(-6.19708967208862,9.99538135528564,0.158220022916794));
#120=CARTESIAN_POINT('',(-6.19708967208862,-8.58940887451172,8.80637550354004));
#121=CARTESIAN_POINT('',(-6.19708967208862,-7.4685640335083,9.70246982574463));
#122=CARTESIAN_POINT('',(-6.19708967208862,-8.37381553649902,9.79811382293701));
#123=CARTESIAN_POINT('',(-6.19708967208862,-9.09717082977295,8.90700531005859));
#124=CARTESIAN_POINT('',(-6.19708967208862,-9.15223026275635,9.90551853179932));
#125=CARTESIAN_POINT('',(-6.19708967208862,-9.58722114562988,8.74027061462402));
#126=CARTESIAN_POINT('',(-6.19708967208862,-10.8026123046875,5.23574161529541));
#127=CARTESIAN_POINT('',(-6.19708967208862,-11.5402679443359,3.30508613586426));
#128=CARTESIAN_POINT('',(-6.19708967208862,-9.47272300720215,7.01200866699219));
#129=CARTESIAN_POINT('',(-6.19708967208862,-8.96495914459229,6.91137981414795));
#130=CARTESIAN_POINT('',(-6.19708967208862,-8.82097434997559,4.7204647064209));
#131=CARTESIAN_POINT('',(-6.19708967208862,-8.47491073608398,7.07811450958252));
#132=CARTESIAN_POINT('',(-6.19708967208862,-7.69093990325928,6.39886665344238));
#133=CARTESIAN_POINT('',(-6.19708967208862,-8.13388252258301,7.46753597259521));
#134=CARTESIAN_POINT('',(-6.19708967208862,-6.24617767333984,7.81543636322021));
#135=CARTESIAN_POINT('',(-6.19708967208862,-8.19998836517334,8.46534824371338));
#136=CARTESIAN_POINT('',(-6.19708967208862,-8.03325366973877,7.97529792785645));
#137=CARTESIAN_POINT('',(-6.19708967208862,-11.9771728515625,-0.789871096611023));
#138=CARTESIAN_POINT('',(-6.19708967208862,-9.93525791168213,-1.16219520568848));
#139=CARTESIAN_POINT('',(-6.19708967208862,-9.59001731872559,2.84894514083862));
#140=CARTESIAN_POINT('',(-6.19708967208862,-9.911940574646,9.70475959777832));
#141=CARTESIAN_POINT('',(-6.19708967208862,-10.5356740951538,9.22682476043701));
#142=CARTESIAN_POINT('',(-6.19708967208862,-9.49732112884521,-3.13759970664978));
#143=CARTESIAN_POINT('',(-6.19708967208862,-9.92824935913086,8.35084915161133));
#144=CARTESIAN_POINT('',(-6.19708967208862,-6.61468744277954,10.0179424285889));
#145=CARTESIAN_POINT('',(-6.19708967208862,-4.26783227920532,-9.04175662994385));
#146=CARTESIAN_POINT('',(-6.19708967208862,-6.71184158325195,-8.94492244720459));
#147=CARTESIAN_POINT('',(-6.19708967208862,-6.83259582519531,-9.55423831939697));
#148=CARTESIAN_POINT('',(-6.19708967208862,-0.355226278305054,-9.99041366577148));
#149=CARTESIAN_POINT('',(-6.19708967208862,-1.09302699565887,-11.9470329284668));
#150=CARTESIAN_POINT('',(-6.19708967208862,0.657635748386383,-9.97473049163818));
#151=CARTESIAN_POINT('',(-7.69708967208862,-8.67070293426514,-4.98441123962402));
#152=CARTESIAN_POINT('',(-6.19708967208862,0.799735128879547,-12.1196098327637));
#153=CARTESIAN_POINT('',(-6.19708967208862,1.66371440887451,-9.85665798187256));
#154=CARTESIAN_POINT('',(-6.19708967208862,3.61440205574036,-9.31923007965088));
#155=CARTESIAN_POINT('',(-6.19708967208862,-2.35976362228394,-9.71502113342285));
#156=CARTESIAN_POINT('',(-6.19708967208862,-3.21637988090515,-11.5584754943848));
#157=CARTESIAN_POINT('',(-6.19708967208862,-5.23576593399048,-10.7957963943481));
#158=CARTESIAN_POINT('',(-6.19708967208862,-6.12379789352417,-10.5957260131836));
#159=CARTESIAN_POINT('',(-6.19708967208862,-4.79821825027466,11.0038471221924));
#160=CARTESIAN_POINT('',(-6.19708967208862,-11.6634607315063,-2.83270072937012));
#161=CARTESIAN_POINT('',(-6.19708967208862,-11.0038719177246,-4.79140138626099));
#162=CARTESIAN_POINT('',(-6.19708967208862,-8.57660388946533,-8.02695560455322));
#163=CARTESIAN_POINT('',(-6.19708967208862,-10.0179672241211,-6.60787057876587));
#164=CARTESIAN_POINT('',(-6.19708967208862,-9.70249462127686,-7.46174716949463));
#165=CARTESIAN_POINT('',(-6.19708967208862,-8.67070293426514,-4.98441123962402));
#166=CARTESIAN_POINT('',(-6.19708967208862,-7.98854303359985,-7.82687425613403));
#167=CARTESIAN_POINT('',(-6.19708967208862,-7.48924446105957,-6.62702178955078));
#168=CARTESIAN_POINT('',(-6.19708967208862,-7.37922763824463,-7.94762945175171));
#169=CARTESIAN_POINT('',(-6.19708967208862,-6.00131607055664,-7.99818229675293));
#170=CARTESIAN_POINT('',(-6.19708967208862,-6.91192293167114,-8.35686302185059));
#171=CARTESIAN_POINT('',(-6.19708967208862,-10.9271459579468,8.54549312591553));
#172=CARTESIAN_POINT('',(-6.19708967208862,-10.0288782119751,7.84308671951294));
#173=CARTESIAN_POINT('',(-6.19708967208862,-11.0259284973145,7.76593828201294));
#174=CARTESIAN_POINT('',(-6.19708967208862,9.69794178009033,9.91191577911377));
#175=CARTESIAN_POINT('',(-6.19708967208862,9.22000885009766,10.5356502532959));
#176=CARTESIAN_POINT('',(-6.19708967208862,8.43236541748047,10.1076622009277));
#177=CARTESIAN_POINT('',(-6.19708967208862,8.53867626190186,10.9271221160889));
#178=CARTESIAN_POINT('',(-6.19708967208862,7.82304906845093,10.2284164428711));
#179=CARTESIAN_POINT('',(-6.19708967208862,7.75912189483643,11.0259046554565));
#180=CARTESIAN_POINT('',(-6.19708967208862,7.23498916625977,10.0283365249634));
#181=CARTESIAN_POINT('',(-6.19708967208862,7.00167942047119,10.8167486190796));
#182=CARTESIAN_POINT('',(-6.19708967208862,6.11695718765259,10.602518081665));
#183=CARTESIAN_POINT('',(-6.19708967208862,9.69565391540527,7.46853971481323));
#184=CARTESIAN_POINT('',(-6.19708967208862,8.56976318359375,8.03374767303467));
#185=CARTESIAN_POINT('',(-6.19708967208862,10.0111265182495,6.61466312408447));
#186=CARTESIAN_POINT('',(-6.19708967208862,6.7732081413269,7.35712385177612));
#187=CARTESIAN_POINT('',(-6.19708967208862,8.11478424072266,5.84246730804443));
#188=CARTESIAN_POINT('',(-6.19708967208862,7.98170185089111,7.83366727828979));
#189=CARTESIAN_POINT('',(-6.19708967208862,11.6331338882446,2.93436813354492));
#190=CARTESIAN_POINT('',(-6.19708967208862,10.9774122238159,4.84295272827148));
#191=CARTESIAN_POINT('',(-6.19708967208862,9.12400054931641,4.08875846862793));
#192=CARTESIAN_POINT('',(-6.19708967208862,9.75953960418701,2.16779470443726));
#193=CARTESIAN_POINT('',(-6.19708967208862,11.9597454071045,0.942888617515564));
#194=CARTESIAN_POINT('',(-6.19708967208862,9.97457695007324,0.666401565074921));
#195=CARTESIAN_POINT('',(-6.19708967208862,8.97899627685547,8.50105285644531));
#196=CARTESIAN_POINT('',(-6.19708967208862,9.79129695892334,8.37379169464111));
#197=CARTESIAN_POINT('',(-6.19708967208862,9.09975147247314,9.11036777496338));
#198=CARTESIAN_POINT('',(-6.19708967208862,-9.86214447021484,7.35303783416748));
#199=CARTESIAN_POINT('',(-6.19708967208862,-10.8167724609375,7.00849628448486));
#200=CARTESIAN_POINT('',(-6.19708967208862,-10.6025419235229,6.1237735748291));
#201=CARTESIAN_POINT('',(-6.19708967208862,8.8996696472168,9.69842910766602));
#202=CARTESIAN_POINT('',(-6.19708967208862,-0.664476335048676,9.98152256011963));
#203=CARTESIAN_POINT('',(-6.19708967208862,-0.796687602996826,11.9771480560303));
#204=CARTESIAN_POINT('',(-6.19708967208862,-2.65952658653259,9.64420032501221));
#205=CARTESIAN_POINT('',(-6.19708967208862,-2.83951735496521,11.6634368896484));
#206=CARTESIAN_POINT('',(-6.19708967208862,-4.54583597183228,8.91218185424805));
#207=CARTESIAN_POINT('',(-6.19708967208862,9.89870166778564,9.15220546722412));
#208=CARTESIAN_POINT('',(-7.69708967208862,-7.98854303359985,-7.82687425613403));
#209=CARTESIAN_POINT('',(1.72362816333771,21.8187980651855,-7.50910663604736));
#210=CARTESIAN_POINT('',(1.07478177547455,22.1143531799316,-9.04227638244629));
#211=CARTESIAN_POINT('',(1.07478177547455,22.2505550384521,-7.54847288131714));
#212=CARTESIAN_POINT('',(-7.69708967208862,-0.355226278305054,-9.99041366577148));
#213=CARTESIAN_POINT('',(-6.19708967208862,21.7724552154541,-12.7920894622803));
#214=CARTESIAN_POINT('',(-6.19708967208862,21.2817840576172,-13.3988885879517));
#215=CARTESIAN_POINT('',(-6.19708967208862,20.5962524414062,-13.7717275619507));
#216=CARTESIAN_POINT('',(-6.19708967208862,19.8202247619629,-13.8538446426392));
#217=CARTESIAN_POINT('',(-6.19708967208862,15.5506467819214,-8.81136035919189));
#218=CARTESIAN_POINT('',(-6.19708967208862,21.9935626983643,-12.0437068939209));
#219=CARTESIAN_POINT('',(-6.19708967208862,15.2193689346313,-8.41361141204834));
#220=CARTESIAN_POINT('',(-6.19708967208862,15.13134765625,-7.90351152420044));
#221=CARTESIAN_POINT('',(-6.19708967208862,15.0433263778687,-7.39341163635254));
#222=CARTESIAN_POINT('',(-6.19708967208862,14.7120485305786,-6.9956636428833));
#223=CARTESIAN_POINT('',(-6.19708967208862,14.226279258728,-6.81684160232544));
#224=CARTESIAN_POINT('',(-1.69383728504181,20.8668670654297,-8.92853450775146));
#225=CARTESIAN_POINT('',(-1.69383728504181,20.975830078125,-7.73349142074585));
#226=CARTESIAN_POINT('',(-2.29383730888367,20.7067642211914,-8.91393566131592));
#227=CARTESIAN_POINT('',(-2.29383730888367,20.8157253265381,-7.71889352798462));
#228=CARTESIAN_POINT('',(0.309414833784103,22.2659645080566,-9.0560998916626));
#229=CARTESIAN_POINT('',(0.309414833784103,22.4021663665771,-7.56229639053345));
#230=CARTESIAN_POINT('',(1.72362816333771,21.6826000213623,-9.00291061401367));
#231=CARTESIAN_POINT('',(-7.54484844207764,17.1017818450928,-8.31877613067627));
#232=CARTESIAN_POINT('',(-7.54484844207764,22.290060043335,-8.79182910919189));
#233=CARTESIAN_POINT('',(-7.11130285263062,17.1606960296631,-7.67261028289795));
#234=CARTESIAN_POINT('',(-7.11130285263062,22.3489761352539,-8.14566326141357));
#235=CARTESIAN_POINT('',(-6.46245670318604,17.2000617980957,-7.24085569381714));
#236=CARTESIAN_POINT('',(-6.46245670318604,22.3883419036865,-7.71390867233276));
#237=CARTESIAN_POINT('',(-5.69708967208862,17.2138862609863,-7.08924341201782));
#238=CARTESIAN_POINT('',(-5.69708967208862,22.4021663665771,-7.56229639053345));
#239=CARTESIAN_POINT('',(2.30941534042358,19.0694236755371,-8.76464748382568));
#240=CARTESIAN_POINT('',(2.30941534042358,19.2056255340576,-7.27084445953369));
#241=CARTESIAN_POINT('',(2.15717387199402,18.4434185028076,-7.20134878158569));
#242=CARTESIAN_POINT('',(2.15717387199402,18.3072204589844,-8.69515228271484));
#243=CARTESIAN_POINT('',(1.72362816333771,17.7972526550293,-7.14243364334106));
#244=CARTESIAN_POINT('',(1.72362816333771,17.6610527038574,-8.63623714447021));
#245=CARTESIAN_POINT('',(1.07478177547455,17.3654975891113,-7.10306692123413));
#246=CARTESIAN_POINT('',(1.07478177547455,17.2292976379395,-8.5968713760376));
#247=CARTESIAN_POINT('',(0.309414833784103,17.2138862609863,-7.08924341201782));
#248=CARTESIAN_POINT('',(0.309414833784103,17.0776863098145,-8.58304786682129));
#249=CARTESIAN_POINT('',(2.30941534042358,20.4104270935059,-7.38069486618042));
#250=CARTESIAN_POINT('',(2.30941534042358,20.274227142334,-8.87449932098389));
#251=CARTESIAN_POINT('',(2.15717387199402,21.0364303588867,-8.94399547576904));
#252=CARTESIAN_POINT('',(2.15717387199402,21.1726341247559,-7.45019102096558));
#253=CARTESIAN_POINT('',(-6.19708967208862,22.2205657958984,-9.55403423309326));
#254=CARTESIAN_POINT('',(-6.13010263442993,17.0549850463867,-8.8320140838623));
#255=CARTESIAN_POINT('',(-2.73306775093079,20.2693481445312,-8.87405395507812));
#256=CARTESIAN_POINT('',(-2.73306775093079,20.3783092498779,-7.67901134490967));
#257=CARTESIAN_POINT('',(-2.89383721351624,19.6718254089355,-8.8195743560791));
#258=CARTESIAN_POINT('',(-2.73306775093079,19.1832637786865,-7.57005071640015));
#259=CARTESIAN_POINT('',(-3.1938374042511,19.8080253601074,-7.32576990127563));
#260=CARTESIAN_POINT('',(-2.99287533760071,19.0611248016357,-7.25766944885254));
#261=CARTESIAN_POINT('',(-2.29383730888367,18.745849609375,-7.53016805648804));
#262=CARTESIAN_POINT('',(-2.44383716583252,18.5143547058105,-7.20781660079956));
#263=CARTESIAN_POINT('',(-1.69383728504181,18.5857429504395,-7.51557064056396));
#264=CARTESIAN_POINT('',(-1.69383728504181,18.3142223358154,-7.1895694732666));
#265=CARTESIAN_POINT('',(-1.09383726119995,18.745849609375,-7.53016805648804));
#266=CARTESIAN_POINT('',(-0.943837583065033,18.5143547058105,-7.20781660079956));
#267=CARTESIAN_POINT('',(-0.654606938362122,19.1832637786865,-7.57005071640015));
#268=CARTESIAN_POINT('',(-0.394799143075943,19.0611248016357,-7.25766944885254));
#269=CARTESIAN_POINT('',(-2.89383721351624,19.7807846069336,-7.62453126907349));
#270=CARTESIAN_POINT('',(-0.493837416172028,19.7807846069336,-7.62453126907349));
#271=CARTESIAN_POINT('',(-0.19383741915226,19.8080253601074,-7.32576990127563));
#272=CARTESIAN_POINT('',(-0.654606938362122,20.3783092498779,-7.67901134490967));
#273=CARTESIAN_POINT('',(-0.394799143075943,20.5549278259277,-7.39387035369873));
#274=CARTESIAN_POINT('',(-1.09383726119995,20.8157253265381,-7.71889352798462));
#275=CARTESIAN_POINT('',(-0.943837583065033,21.1016979217529,-7.44372367858887));
#276=CARTESIAN_POINT('',(-1.69383728504181,21.3018283843994,-7.46197080612183));
#277=CARTESIAN_POINT('',(-2.44383716583252,21.1016979217529,-7.44372367858887));
#278=CARTESIAN_POINT('',(-2.99287533760071,20.5549278259277,-7.39387035369873));
#279=CARTESIAN_POINT('',(-2.73306775093079,19.0743045806885,-8.76509284973145));
#280=CARTESIAN_POINT('',(-2.29383730888367,18.6368885040283,-8.72521114349365));
#281=CARTESIAN_POINT('',(-1.69383728504181,18.4767818450928,-8.71061229705811));
#282=CARTESIAN_POINT('',(-1.09383726119995,18.6368885040283,-8.72521114349365));
#283=CARTESIAN_POINT('',(-0.654606938362122,19.0743045806885,-8.76509284973145));
#284=CARTESIAN_POINT('',(-0.493837416172028,19.6718254089355,-8.8195743560791));
#285=CARTESIAN_POINT('',(-0.654606938362122,20.2693481445312,-8.87405395507812));
#286=CARTESIAN_POINT('',(-1.09383726119995,20.7067642211914,-8.91393566131592));
#287=CARTESIAN_POINT('',(-6.13010263442993,22.2432651519775,-9.30506706237793));
#288=CARTESIAN_POINT('',(-5.94708967208862,17.0716037750244,-8.64975738525391));
#289=CARTESIAN_POINT('',(-5.94708967208862,22.2598819732666,-9.12281131744385));
#290=CARTESIAN_POINT('',(-7.69708967208862,-8.43920516967773,-10.1008701324463));
#291=CARTESIAN_POINT('',(-7.69708967208862,-8.54551696777344,-10.9203300476074));
#292=CARTESIAN_POINT('',(-7.69708967208862,-8.90651035308838,-9.69163608551025));
#293=CARTESIAN_POINT('',(-7.69708967208862,-9.22684955596924,-10.5288572311401));
#294=CARTESIAN_POINT('',(-7.69708967208862,-9.70478343963623,-9.90512275695801));
#295=CARTESIAN_POINT('',(-7.69708967208862,-9.49732112884521,-3.13759970664978));
#296=CARTESIAN_POINT('',(-7.69708967208862,-11.6634607315063,-2.83270072937012));
#297=CARTESIAN_POINT('',(-7.69708967208862,-8.57660388946533,-8.02695560455322));
#298=CARTESIAN_POINT('',(-7.69708967208862,-11.0038719177246,-4.79140138626099));
#299=CARTESIAN_POINT('',(-7.69708967208862,-10.0179672241211,-6.60787057876587));
#300=CARTESIAN_POINT('',(-7.69708967208862,-6.61468744277954,10.0179424285889));
#301=CARTESIAN_POINT('',(-7.69708967208862,-4.79821825027466,11.0038471221924));
#302=CARTESIAN_POINT('',(-7.69708967208862,-8.19998836517334,8.46534824371338));
#303=CARTESIAN_POINT('',(-7.69708967208862,-8.82097434997559,4.7204647064209));
#304=CARTESIAN_POINT('',(-7.69708967208862,-8.96495914459229,6.91137981414795));
#305=CARTESIAN_POINT('',(-7.69708967208862,-7.69093990325928,6.39886665344238));
#306=CARTESIAN_POINT('',(-7.69708967208862,-7.76596212387085,-11.0191125869751));
#307=CARTESIAN_POINT('',(-7.69708967208862,-8.47491073608398,7.07811450958252));
#308=CARTESIAN_POINT('',(-7.69708967208862,-6.24617767333984,7.81543636322021));
#309=CARTESIAN_POINT('',(-7.69708967208862,-8.13388252258301,7.46753597259521));
#310=CARTESIAN_POINT('',(-7.69708967208862,-8.03325366973877,7.97529792785645));
#311=CARTESIAN_POINT('',(-7.69708967208862,-9.58722114562988,8.74027061462402));
#312=CARTESIAN_POINT('',(-7.69708967208862,-9.911940574646,9.70475959777832));
#313=CARTESIAN_POINT('',(-7.69708967208862,-9.09717082977295,8.90700531005859));
#314=CARTESIAN_POINT('',(-7.69708967208862,-9.15223026275635,9.90551853179932));
#315=CARTESIAN_POINT('',(-7.69708967208862,-8.58940887451172,8.80637550354004));
#316=CARTESIAN_POINT('',(-7.69708967208862,-8.37381553649902,9.79811382293701));
#317=CARTESIAN_POINT('',(-7.69708967208862,-7.4685640335083,9.70246982574463));
#318=CARTESIAN_POINT('',(-7.69708967208862,-7.82988977432251,-10.2216243743896));
#319=CARTESIAN_POINT('',(-7.69708967208862,-7.24182987213135,-10.0215435028076));
#320=CARTESIAN_POINT('',(-7.69708967208862,-7.00852012634277,-10.8099565505981));
#321=CARTESIAN_POINT('',(-7.69708967208862,-1.09302699565887,-11.9470329284668));
#322=CARTESIAN_POINT('',(-7.69708967208862,-2.35976362228394,-9.71502113342285));
#323=CARTESIAN_POINT('',(-7.69708967208862,-3.21637988090515,-11.5584754943848));
#324=CARTESIAN_POINT('',(-7.69708967208862,-6.83259582519531,-9.55423831939697));
#325=CARTESIAN_POINT('',(-7.69708967208862,-9.93525791168213,-1.16219520568848));
#326=CARTESIAN_POINT('',(-7.69708967208862,-11.9771728515625,-0.789871096611023));
#327=CARTESIAN_POINT('',(-7.69708967208862,-9.98167610168457,-0.655710518360138));
#328=CARTESIAN_POINT('',(-7.69708967208862,-9.10659217834473,-9.10357570648193));
#329=CARTESIAN_POINT('',(-7.69708967208862,-9.90554332733154,-9.14541339874268));
#330=CARTESIAN_POINT('',(-7.69708967208862,-8.98583793640137,-8.49426078796387));
#331=CARTESIAN_POINT('',(-7.69708967208862,-9.79813766479492,-8.36699962615967));
#332=CARTESIAN_POINT('',(-7.69708967208862,-9.70249462127686,-7.46174716949463));
#333=CARTESIAN_POINT('',(-7.69708967208862,-5.23576593399048,-10.7957963943481));
#334=CARTESIAN_POINT('',(-7.69708967208862,-6.12379789352417,-10.5957260131836));
#335=CARTESIAN_POINT('',(-7.69708967208862,3.32402968406677,9.43356513977051));
#336=CARTESIAN_POINT('',(-7.69708967208862,1.3576375246048,9.91033935546875));
#337=CARTESIAN_POINT('',(-7.69708967208862,-4.54583597183228,8.91218185424805));
#338=CARTESIAN_POINT('',(-7.69708967208862,-2.65952658653259,9.64420032501221));
#339=CARTESIAN_POINT('',(-5.69708967208862,22.2659645080566,-9.0560998916626));
#340=CARTESIAN_POINT('',(-5.69708967208862,17.0776863098145,-8.58304786682129));
#341=CARTESIAN_POINT('',(-7.69708967208862,-9.47272300720215,7.01200866699219));
#342=CARTESIAN_POINT('',(-7.69708967208862,-11.5402679443359,3.30508613586426));
#343=CARTESIAN_POINT('',(-7.69708967208862,-0.796687602996826,11.9771480560303));
#344=CARTESIAN_POINT('',(-7.69708967208862,-0.664476335048676,9.98152256011963));
#345=CARTESIAN_POINT('',(-7.69708967208862,-2.83951735496521,11.6634368896484));
#346=CARTESIAN_POINT('',(-7.69708967208862,-10.8026123046875,5.23574161529541));
#347=CARTESIAN_POINT('',(-7.69708967208862,-10.6025419235229,6.1237735748291));
#348=CARTESIAN_POINT('',(-7.69708967208862,-9.86214447021484,7.35303783416748));
#349=CARTESIAN_POINT('',(-7.69708967208862,-10.8167724609375,7.00849628448486));
#350=CARTESIAN_POINT('',(-7.69708967208862,-10.0288782119751,7.84308671951294));
#351=CARTESIAN_POINT('',(-7.69708967208862,-11.0259284973145,7.76593828201294));
#352=CARTESIAN_POINT('',(-7.69708967208862,-9.92824935913086,8.35084915161133));
#353=CARTESIAN_POINT('',(-7.69708967208862,-10.9271459579468,8.54549312591553));
#354=CARTESIAN_POINT('',(-7.69708967208862,-10.5356740951538,9.22682476043701));
#355=CARTESIAN_POINT('',(-7.69708967208862,-9.96658515930176,0.86092871427536));
#356=CARTESIAN_POINT('',(-7.69708967208862,-11.9356966018677,1.27648985385895));
#357=CARTESIAN_POINT('',(-7.69708967208862,-9.59001731872559,2.84894514083862));
#358=CARTESIAN_POINT('',(-6.19708967208862,13.2247323989868,-6.54530811309814));
#359=CARTESIAN_POINT('',(-6.19708967208862,12.3756113052368,-5.94880342483521));
#360=CARTESIAN_POINT('',(-6.19708967208862,11.5106287002563,-4.09670400619507));
#361=CARTESIAN_POINT('',(-6.19708967208862,11.7805080413818,-5.09869766235352));
#362=CARTESIAN_POINT('',(-6.19708967208862,-9.70478343963623,-9.90512275695801));
#363=CARTESIAN_POINT('',(-6.19708967208862,-9.90554332733154,-9.14541339874268));
#364=CARTESIAN_POINT('',(-6.19708967208862,-9.79813766479492,-8.36699962615967));
#365=CARTESIAN_POINT('',(-6.19708967208862,-9.22684955596924,-10.5288572311401));
#366=CARTESIAN_POINT('',(-6.19708967208862,-8.54551696777344,-10.9203300476074));
#367=CARTESIAN_POINT('',(-6.19708967208862,-7.00852012634277,-10.8099565505981));
#368=CARTESIAN_POINT('',(-6.19708967208862,-7.76596212387085,-11.0191125869751));
#369=CARTESIAN_POINT('',(-6.19708967208862,9.09033012390137,-8.90021228790283));
#370=CARTESIAN_POINT('',(-6.19708967208862,-8.98583793640137,-8.49426078796387));
#371=CARTESIAN_POINT('',(-6.19708967208862,-9.10659217834473,-9.10357570648193));
#372=CARTESIAN_POINT('',(-6.19708967208862,-8.90651035308838,-9.69163608551025));
#373=CARTESIAN_POINT('',(-6.19708967208862,-8.43920516967773,-10.1008701324463));
#374=CARTESIAN_POINT('',(-6.19708967208862,-7.82988977432251,-10.2216243743896));
#375=CARTESIAN_POINT('',(-6.19708967208862,-7.24182987213135,-10.0215435028076));
#376=CARTESIAN_POINT('',(-6.19708967208862,6.99763822555542,-7.13699436187744));
#377=CARTESIAN_POINT('',(-6.19708967208862,8.02641296386719,-7.96850490570068));
#378=CARTESIAN_POINT('',(-6.19708967208862,8.12704086303711,-7.46074295043945));
#379=CARTESIAN_POINT('',(-6.19708967208862,8.29167652130127,-5.58152770996094));
#380=CARTESIAN_POINT('',(-6.19708967208862,8.4680700302124,-7.07132196426392));
#381=CARTESIAN_POINT('',(-6.19708967208862,5.41697597503662,-8.40013313293457));
#382=CARTESIAN_POINT('',(-6.19708967208862,8.19314765930176,-8.45855522155762));
#383=CARTESIAN_POINT('',(-6.19708967208862,10.0220375061035,-7.83629417419434));
#384=CARTESIAN_POINT('',(-6.19708967208862,9.92140960693359,-8.34405708312988));
#385=CARTESIAN_POINT('',(-6.19708967208862,9.5803804397583,-8.73347854614258));
#386=CARTESIAN_POINT('',(-6.19708967208862,9.85530281066895,-7.34624481201172));
#387=CARTESIAN_POINT('',(-6.19708967208862,8.58256912231445,-8.79958343505859));
#388=POLY_LOOP('',(#14,#15,#16));
#389=FACE_OUTER_BOUND('',#388,.T.);
#390=DIRECTION('',(-1.0,0.0,-0.0));
#391=DIRECTION('',(0.0,0.8161522812748718,0.5778368747058484));
#392=AXIS2_PLACEMENT_3D('',#14,#390,#391);
#393=PLANE('',#392);
#394=FACE_SURFACE('',(#389),#393,.T.);
#395=POLY_LOOP('',(#17,#18,#19));
#396=FACE_OUTER_BOUND('',#395,.T.);
#397=DIRECTION('',(-1.0,0.0,0.0));
#398=DIRECTION('',(0.0,-0.562628570364917,0.826709799028129));
#399=AXIS2_PLACEMENT_3D('',#17,#397,#398);
#400=PLANE('',#399);
#401=FACE_SURFACE('',(#396),#400,.T.);
#402=POLY_LOOP('',(#14,#16,#20));
#403=FACE_OUTER_BOUND('',#402,.T.);
#404=DIRECTION('',(-1.0,0.0,-0.0));
#405=DIRECTION('',(0.0,0.9879490311025543,-0.1547795591915297));
#406=AXIS2_PLACEMENT_3D('',#14,#404,#405);
#407=PLANE('',#406);
#408=FACE_SURFACE('',(#403),#407,.T.);
#409=POLY_LOOP('',(#20,#16,#21));
#410=FACE_OUTER_BOUND('',#409,.T.);
#411=DIRECTION('',(-1.0,0.0,-0.0));
#412=DIRECTION('',(0.0,0.9633694819355638,0.2681776300797727));
#413=AXIS2_PLACEMENT_3D('',#20,#411,#412);
#414=PLANE('',#413);
#415=FACE_SURFACE('',(#410),#414,.T.);
#416=POLY_LOOP('',(#20,#21,#22));
#417=FACE_OUTER_BOUND('',#416,.T.);
#418=DIRECTION('',(-0.9999999999999999,0.0,0.0));
#419=DIRECTION('',(0.0,0.8937076382933862,-0.44864981584311153));
#420=AXIS2_PLACEMENT_3D('',#20,#418,#419);
#421=PLANE('',#420);
#422=FACE_SURFACE('',(#417),#421,.T.);
#423=POLY_LOOP('',(#22,#23,#20));
#424=FACE_OUTER_BOUND('',#423,.T.);
#425=DIRECTION('',(-0.9999999999999999,-0.0,-0.0));
#426=DIRECTION('',(0.0,0.47881325955877246,-0.8779167742278897));
#427=AXIS2_PLACEMENT_3D('',#22,#425,#426);
#428=PLANE('',#427);
#429=FACE_SURFACE('',(#424),#428,.T.);
#430=POLY_LOOP('',(#20,#23,#24));
#431=FACE_OUTER_BOUND('',#430,.T.);
#432=DIRECTION('',(-1.0,0.0,0.0));
#433=DIRECTION('',(0.0,0.6023275145129993,-0.7982490621733248));
#434=AXIS2_PLACEMENT_3D('',#20,#432,#433);
#435=PLANE('',#434);
#436=FACE_SURFACE('',(#431),#435,.T.);
#437=POLY_LOOP('',(#20,#24,#25));
#438=FACE_OUTER_BOUND('',#437,.T.);
#439=DIRECTION('',(-1.0,-0.0,-0.0));
#440=DIRECTION('',(0.0,0.5149583291311416,-0.8572152117516714));
#441=AXIS2_PLACEMENT_3D('',#20,#439,#440);
#442=PLANE('',#441);
#443=FACE_SURFACE('',(#438),#442,.T.);
#444=POLY_LOOP('',(#19,#18,#26));
#445=FACE_OUTER_BOUND('',#444,.T.);
#446=DIRECTION('',(-1.0,0.0,0.0));
#447=DIRECTION('',(0.0,-0.8895485797374211,0.4568405895792722));
#448=AXIS2_PLACEMENT_3D('',#19,#446,#447);
#449=PLANE('',#448);
#450=FACE_SURFACE('',(#445),#449,.T.);
#451=POLY_LOOP('',(#27,#28,#29));
#452=FACE_OUTER_BOUND('',#451,.T.);
#453=DIRECTION('',(-1.0,0.0,0.0));
#454=DIRECTION('',(0.0,0.9968632214592158,0.07914365231624494));
#455=AXIS2_PLACEMENT_3D('',#27,#453,#454);
#456=PLANE('',#455);
#457=FACE_SURFACE('',(#452),#456,.T.);
#458=POLY_LOOP('',(#19,#26,#30));
#459=FACE_OUTER_BOUND('',#458,.T.);
#460=DIRECTION('',(-1.0,0.0,0.0));
#461=DIRECTION('',(0.0,-0.283759779449758,0.9588953997004183));
#462=AXIS2_PLACEMENT_3D('',#19,#460,#461);
#463=PLANE('',#462);
#464=FACE_SURFACE('',(#459),#463,.T.);
#465=POLY_LOOP('',(#30,#26,#31));
#466=FACE_OUTER_BOUND('',#465,.T.);
#467=DIRECTION('',(-1.0,0.0,0.0));
#468=DIRECTION('',(0.0,-0.8129652239785601,0.5823122397833399));
#469=AXIS2_PLACEMENT_3D('',#30,#467,#468);
#470=PLANE('',#469);
#471=FACE_SURFACE('',(#466),#470,.T.);
#472=POLY_LOOP('',(#30,#31,#32));
#473=FACE_OUTER_BOUND('',#472,.T.);
#474=DIRECTION('',(-1.0,0.0,0.0));
#475=DIRECTION('',(0.0,-0.0799043393962375,0.9968025363860441));
#476=AXIS2_PLACEMENT_3D('',#30,#474,#475);
#477=PLANE('',#476);
#478=FACE_SURFACE('',(#473),#477,.T.);
#479=POLY_LOOP('',(#32,#31,#33));
#480=FACE_OUTER_BOUND('',#479,.T.);
#481=DIRECTION('',(-1.0,0.0,0.0));
#482=DIRECTION('',(0.0,-0.5912869715627039,0.8064612310955849));
#483=AXIS2_PLACEMENT_3D('',#32,#481,#482);
#484=PLANE('',#483);
#485=FACE_SURFACE('',(#480),#484,.T.);
#486=POLY_LOOP('',(#32,#33,#34));
#487=FACE_OUTER_BOUND('',#486,.T.);
#488=DIRECTION('',(-1.0,0.0,0.0));
#489=DIRECTION('',(0.0,0.12865466812856835,0.9916894556103377));
#490=AXIS2_PLACEMENT_3D('',#32,#488,#489);
#491=PLANE('',#490);
#492=FACE_SURFACE('',(#487),#491,.T.);
#493=POLY_LOOP('',(#35,#36,#17));
#494=FACE_OUTER_BOUND('',#493,.T.);
#495=DIRECTION('',(-1.0,0.0,0.0));
#496=DIRECTION('',(0.0,0.981526412534083,-0.19132668788742763));
#497=AXIS2_PLACEMENT_3D('',#35,#495,#496);
#498=PLANE('',#497);
#499=FACE_SURFACE('',(#494),#498,.T.);
#500=POLY_LOOP('',(#17,#36,#37));
#501=FACE_OUTER_BOUND('',#500,.T.);
#502=DIRECTION('',(-1.0,0.0,0.0));
#503=DIRECTION('',(0.0,-0.8721031180366248,0.48932213470350683));
#504=AXIS2_PLACEMENT_3D('',#17,#502,#503);
#505=PLANE('',#504);
#506=FACE_SURFACE('',(#501),#505,.T.);
#507=POLY_LOOP('',(#17,#37,#18));
#508=FACE_OUTER_BOUND('',#507,.T.);
#509=DIRECTION('',(-1.0,0.0,0.0));
#510=DIRECTION('',(0.0,-0.7894531480289956,0.6138108235174002));
#511=AXIS2_PLACEMENT_3D('',#17,#509,#510);
#512=PLANE('',#511);
#513=FACE_SURFACE('',(#508),#512,.T.);
#514=POLY_LOOP('',(#27,#38,#39));
#515=FACE_OUTER_BOUND('',#514,.T.);
#516=DIRECTION('',(-1.0,-0.0,-0.0));
#517=DIRECTION('',(0.0,0.9079151661262942,-0.4191539706573987));
#518=AXIS2_PLACEMENT_3D('',#27,#516,#517);
#519=PLANE('',#518);
#520=FACE_SURFACE('',(#515),#519,.T.);
#521=POLY_LOOP('',(#27,#29,#38));
#522=FACE_OUTER_BOUND('',#521,.T.);
#523=DIRECTION('',(-1.0,0.0,0.0));
#524=DIRECTION('',(0.0,0.9999054341122161,0.013752193747209708));
#525=AXIS2_PLACEMENT_3D('',#27,#523,#524);
#526=PLANE('',#525);
#527=FACE_SURFACE('',(#522),#526,.T.);
#528=POLY_LOOP('',(#40,#15,#14));
#529=FACE_OUTER_BOUND('',#528,.T.);
#530=DIRECTION('',(-1.0,0.0,-0.0));
#531=DIRECTION('',(0.0,0.9986317231872464,0.05229418174205559));
#532=AXIS2_PLACEMENT_3D('',#40,#530,#531);
#533=PLANE('',#532);
#534=FACE_SURFACE('',(#529),#533,.T.);
#535=POLY_LOOP('',(#41,#42,#43));
#536=FACE_OUTER_BOUND('',#535,.T.);
#537=DIRECTION('',(0.0,0.09080032504990272,0.9958691183939946));
#538=DIRECTION('',(0.8320504063034612,0.5524086281331072,-0.050366942872720616));
#539=AXIS2_PLACEMENT_3D('',#41,#537,#538);
#540=PLANE('',#539);
#541=FACE_SURFACE('',(#536),#540,.T.);
#542=POLY_LOOP('',(#44,#45,#40));
#543=FACE_OUTER_BOUND('',#542,.T.);
#544=DIRECTION('',(-1.0,0.0,-0.0));
#545=DIRECTION('',(0.0,0.9660496683524934,0.25835641713732904));
#546=AXIS2_PLACEMENT_3D('',#44,#544,#545);
#547=PLANE('',#546);
#548=FACE_SURFACE('',(#543),#547,.T.);
#549=POLY_LOOP('',(#46,#47,#48));
#550=FACE_OUTER_BOUND('',#549,.T.);
#551=DIRECTION('',(1.0,0.0,0.0));
#552=DIRECTION('',(0.0,-0.06835095959249295,0.9976613384925695));
#553=AXIS2_PLACEMENT_3D('',#46,#551,#552);
#554=PLANE('',#553);
#555=FACE_SURFACE('',(#550),#554,.T.);
#556=POLY_LOOP('',(#49,#50,#51));
#557=FACE_OUTER_BOUND('',#556,.T.);
#558=DIRECTION('',(1.0,0.0,0.0));
#559=DIRECTION('',(0.0,-0.7523038154967583,0.658816339497602));
#560=AXIS2_PLACEMENT_3D('',#49,#558,#559);
#561=PLANE('',#560);
#562=FACE_SURFACE('',(#557),#561,.T.);
#563=POLY_LOOP('',(#38,#29,#41));
#564=FACE_OUTER_BOUND('',#563,.T.);
#565=DIRECTION('',(-1.0,0.0,0.0));
#566=DIRECTION('',(0.0,-0.6461945022089046,0.7631727624299665));
#567=AXIS2_PLACEMENT_3D('',#38,#565,#566);
#568=PLANE('',#567);
#569=FACE_SURFACE('',(#564),#568,.T.);
#570=POLY_LOOP('',(#52,#47,#46));
#571=FACE_OUTER_BOUND('',#570,.T.);
#572=DIRECTION('',(1.0,0.0,0.0));
#573=DIRECTION('',(0.0,-0.9545194830650368,-0.29814854762224613));
#574=AXIS2_PLACEMENT_3D('',#52,#572,#573);
#575=PLANE('',#574);
#576=FACE_SURFACE('',(#571),#575,.T.);
#577=POLY_LOOP('',(#51,#50,#53));
#578=FACE_OUTER_BOUND('',#577,.T.);
#579=DIRECTION('',(0.9999999999999999,-0.0,-0.0));
#580=DIRECTION('',(0.0,0.99307959754457,-0.11744323284342445));
#581=AXIS2_PLACEMENT_3D('',#51,#579,#580);
#582=PLANE('',#581);
#583=FACE_SURFACE('',(#578),#582,.T.);
#584=POLY_LOOP('',(#51,#53,#54));
#585=FACE_OUTER_BOUND('',#584,.T.);
#586=DIRECTION('',(1.0,0.0,-0.0));
#587=DIRECTION('',(0.0,0.9711223201597413,0.23858214368967515));
#588=AXIS2_PLACEMENT_3D('',#51,#586,#587);
#589=PLANE('',#588);
#590=FACE_SURFACE('',(#585),#589,.T.);
#591=POLY_LOOP('',(#54,#53,#55));
#592=FACE_OUTER_BOUND('',#591,.T.);
#593=DIRECTION('',(1.0,-0.0,0.0));
#594=DIRECTION('',(0.0,0.9899963879131984,-0.14109270682363423));
#595=AXIS2_PLACEMENT_3D('',#54,#593,#594);
#596=PLANE('',#595);
#597=FACE_SURFACE('',(#592),#596,.T.);
#598=POLY_LOOP('',(#56,#54,#57));
#599=FACE_OUTER_BOUND('',#598,.T.);
#600=DIRECTION('',(1.0,-0.0,-0.0));
#601=DIRECTION('',(0.0,0.9718418345273191,-0.2356341415469641));
#602=AXIS2_PLACEMENT_3D('',#56,#600,#601);
#603=PLANE('',#602);
#604=FACE_SURFACE('',(#599),#603,.T.);
#605=POLY_LOOP('',(#57,#54,#55));
#606=FACE_OUTER_BOUND('',#605,.T.);
#607=DIRECTION('',(1.0,-0.0,0.0));
#608=DIRECTION('',(0.0,0.6345648855182945,-0.7728695918893133));
#609=AXIS2_PLACEMENT_3D('',#57,#607,#608);
#610=PLANE('',#609);
#611=FACE_SURFACE('',(#606),#610,.T.);
#612=POLY_LOOP('',(#40,#45,#15));
#613=FACE_OUTER_BOUND('',#612,.T.);
#614=DIRECTION('',(-1.0,0.0,0.0));
#615=DIRECTION('',(0.0,0.598097356430245,0.8014234537565971));
#616=AXIS2_PLACEMENT_3D('',#40,#614,#615);
#617=PLANE('',#616);
#618=FACE_SURFACE('',(#613),#617,.T.);
#619=POLY_LOOP('',(#57,#55,#58));
#620=FACE_OUTER_BOUND('',#619,.T.);
#621=DIRECTION('',(1.0,-0.0,-0.0));
#622=DIRECTION('',(0.0,0.9195362625919111,-0.3930051676231497));
#623=AXIS2_PLACEMENT_3D('',#57,#621,#622);
#624=PLANE('',#623);
#625=FACE_SURFACE('',(#620),#624,.T.);
#626=POLY_LOOP('',(#59,#42,#41));
#627=FACE_OUTER_BOUND('',#626,.T.);
#628=DIRECTION('',(0.0,0.09080032504990272,0.9958691183939946));
#629=DIRECTION('',(0.0,0.9958691183939945,-0.09080032504990272));
#630=AXIS2_PLACEMENT_3D('',#59,#628,#629);
#631=PLANE('',#630);
#632=FACE_SURFACE('',(#627),#631,.T.);
#633=POLY_LOOP('',(#25,#60,#20));
#634=FACE_OUTER_BOUND('',#633,.T.);
#635=DIRECTION('',(-1.0,0.0,0.0));
#636=DIRECTION('',(0.0,-0.06668649432915547,0.9977739781504064));
#637=AXIS2_PLACEMENT_3D('',#25,#635,#636);
#638=PLANE('',#637);
#639=FACE_SURFACE('',(#634),#638,.T.);
#640=POLY_LOOP('',(#60,#25,#61));
#641=FACE_OUTER_BOUND('',#640,.T.);
#642=DIRECTION('',(-1.0,-0.0,-0.0));
#643=DIRECTION('',(0.0,0.06668649432915547,-0.9977739781504064));
#644=AXIS2_PLACEMENT_3D('',#60,#642,#643);
#645=PLANE('',#644);
#646=FACE_SURFACE('',(#641),#645,.T.);
#647=POLY_LOOP('',(#61,#25,#62));
#648=FACE_OUTER_BOUND('',#647,.T.);
#649=DIRECTION('',(-0.9999999999999999,-0.0,-0.0));
#650=DIRECTION('',(0.0,0.3316288710404285,-0.9434099278110503));
#651=AXIS2_PLACEMENT_3D('',#61,#649,#650);
#652=PLANE('',#651);
#653=FACE_SURFACE('',(#648),#652,.T.);
#654=POLY_LOOP('',(#61,#62,#63));
#655=FACE_OUTER_BOUND('',#654,.T.);
#656=DIRECTION('',(-1.0,-0.0,0.0));
#657=DIRECTION('',(0.0,-0.7082176323357906,-0.7059941821634843));
#658=AXIS2_PLACEMENT_3D('',#61,#656,#657);
#659=PLANE('',#658);
#660=FACE_SURFACE('',(#655),#659,.T.);
#661=POLY_LOOP('',(#63,#62,#64));
#662=FACE_OUTER_BOUND('',#661,.T.);
#663=DIRECTION('',(-1.0,-0.0,0.0));
#664=DIRECTION('',(0.0,-0.12990812715530164,-0.9915260352098688));
#665=AXIS2_PLACEMENT_3D('',#63,#663,#664);
#666=PLANE('',#665);
#667=FACE_SURFACE('',(#662),#666,.T.);
#668=POLY_LOOP('',(#63,#64,#65));
#669=FACE_OUTER_BOUND('',#668,.T.);
#670=DIRECTION('',(-0.9999999999999999,0.0,0.0));
#671=DIRECTION('',(0.0,-0.99307959754457,0.11744323284342445));
#672=AXIS2_PLACEMENT_3D('',#63,#670,#671);
#673=PLANE('',#672);
#674=FACE_SURFACE('',(#669),#673,.T.);
#675=POLY_LOOP('',(#32,#34,#44));
#676=FACE_OUTER_BOUND('',#675,.T.);
#677=DIRECTION('',(-1.0,0.0,-0.0));
#678=DIRECTION('',(0.0,0.878661496217637,0.47744525870992116));
#679=AXIS2_PLACEMENT_3D('',#32,#677,#678);
#680=PLANE('',#679);
#681=FACE_SURFACE('',(#676),#680,.T.);
#682=POLY_LOOP('',(#44,#34,#45));
#683=FACE_OUTER_BOUND('',#682,.T.);
#684=DIRECTION('',(-1.0,0.0,0.0));
#685=DIRECTION('',(0.0,0.3573566715352772,0.9339679915870929));
#686=AXIS2_PLACEMENT_3D('',#44,#684,#685);
#687=PLANE('',#686);
#688=FACE_SURFACE('',(#683),#687,.T.);
#689=POLY_LOOP('',(#58,#55,#66));
#690=FACE_OUTER_BOUND('',#689,.T.);
#691=DIRECTION('',(1.0,-0.0,-0.0));
#692=DIRECTION('',(0.0,0.8721031180366248,-0.48932213470350683));
#693=AXIS2_PLACEMENT_3D('',#58,#691,#692);
#694=PLANE('',#693);
#695=FACE_SURFACE('',(#690),#694,.T.);
#696=POLY_LOOP('',(#38,#41,#43));
#697=FACE_OUTER_BOUND('',#696,.T.);
#698=DIRECTION('',(-1.0,0.0,0.0));
#699=DIRECTION('',(0.0,-0.614037573593694,0.7892767944233309));
#700=AXIS2_PLACEMENT_3D('',#38,#698,#699);
#701=PLANE('',#700);
#702=FACE_SURFACE('',(#697),#701,.T.);
#703=POLY_LOOP('',(#24,#67,#25));
#704=FACE_OUTER_BOUND('',#703,.T.);
#705=DIRECTION('',(-0.9999999999999999,0.0,0.0));
#706=DIRECTION('',(0.0,-0.9084644707113995,0.41796208614545055));
#707=AXIS2_PLACEMENT_3D('',#24,#705,#706);
#708=PLANE('',#707);
#709=FACE_SURFACE('',(#704),#708,.T.);
#710=POLY_LOOP('',(#68,#69,#70));
#711=FACE_OUTER_BOUND('',#710,.T.);
#712=DIRECTION('',(-1.0,0.0,0.0));
#713=DIRECTION('',(0.0,-0.98092217315182,0.19440084932713372));
#714=AXIS2_PLACEMENT_3D('',#68,#712,#713);
#715=PLANE('',#714);
#716=FACE_SURFACE('',(#711),#715,.T.);
#717=POLY_LOOP('',(#71,#72,#73));
#718=FACE_OUTER_BOUND('',#717,.T.);
#719=DIRECTION('',(-1.0,0.0,0.0));
#720=DIRECTION('',(0.0,-0.19439854154795258,-0.9809226305086598));
#721=AXIS2_PLACEMENT_3D('',#71,#719,#720);
#722=PLANE('',#721);
#723=FACE_SURFACE('',(#718),#722,.T.);
#724=POLY_LOOP('',(#73,#72,#74));
#725=FACE_OUTER_BOUND('',#724,.T.);
#726=DIRECTION('',(-1.0,0.0,0.0));
#727=DIRECTION('',(0.0,0.986594161717499,0.16319301475536685));
#728=AXIS2_PLACEMENT_3D('',#73,#726,#727);
#729=PLANE('',#728);
#730=FACE_SURFACE('',(#725),#729,.T.);
#731=POLY_LOOP('',(#73,#74,#39));
#732=FACE_OUTER_BOUND('',#731,.T.);
#733=DIRECTION('',(-1.0,0.0,-0.0));
#734=DIRECTION('',(0.0,0.9997786460357015,-0.021039461281584498));
#735=AXIS2_PLACEMENT_3D('',#73,#733,#734);
#736=PLANE('',#735);
#737=FACE_SURFACE('',(#732),#736,.T.);
#738=POLY_LOOP('',(#39,#74,#75));
#739=FACE_OUTER_BOUND('',#738,.T.);
#740=DIRECTION('',(-1.0,0.0,0.0));
#741=DIRECTION('',(0.0,0.8961490323296782,0.44375321052875905));
#742=AXIS2_PLACEMENT_3D('',#39,#740,#741);
#743=PLANE('',#742);
#744=FACE_SURFACE('',(#739),#743,.T.);
#745=POLY_LOOP('',(#39,#75,#27));
#746=FACE_OUTER_BOUND('',#745,.T.);
#747=DIRECTION('',(-1.0,0.0,0.0));
#748=DIRECTION('',(0.0,0.9198058703970378,0.3923737513941878));
#749=AXIS2_PLACEMENT_3D('',#39,#747,#748);
#750=PLANE('',#749);
#751=FACE_SURFACE('',(#746),#750,.T.);
#752=POLY_LOOP('',(#76,#38,#77));
#753=FACE_OUTER_BOUND('',#752,.T.);
#754=DIRECTION('',(-1.0,-0.0,0.0));
#755=DIRECTION('',(0.0,-0.9944479421735563,-0.1052297025880965));
#756=AXIS2_PLACEMENT_3D('',#76,#754,#755);
#757=PLANE('',#756);
#758=FACE_SURFACE('',(#753),#757,.T.);
#759=POLY_LOOP('',(#77,#38,#43));
#760=FACE_OUTER_BOUND('',#759,.T.);
#761=DIRECTION('',(-1.0,-0.0,0.0));
#762=DIRECTION('',(0.0,-0.9548106754983808,-0.2972146933688267));
#763=AXIS2_PLACEMENT_3D('',#77,#761,#762);
#764=PLANE('',#763);
#765=FACE_SURFACE('',(#760),#764,.T.);
#766=POLY_LOOP('',(#77,#43,#78));
#767=FACE_OUTER_BOUND('',#766,.T.);
#768=DIRECTION('',(-1.0,0.0,0.0));
#769=DIRECTION('',(0.0,-0.7014383977759313,0.7127300850430929));
#770=AXIS2_PLACEMENT_3D('',#77,#768,#769);
#771=PLANE('',#770);
#772=FACE_SURFACE('',(#767),#771,.T.);
#773=POLY_LOOP('',(#78,#43,#79));
#774=FACE_OUTER_BOUND('',#773,.T.);
#775=DIRECTION('',(-1.0,0.0,0.0));
#776=DIRECTION('',(0.0,-0.7873913632514709,0.6164534378823678));
#777=AXIS2_PLACEMENT_3D('',#78,#775,#776);
#778=PLANE('',#777);
#779=FACE_SURFACE('',(#774),#778,.T.);
#780=POLY_LOOP('',(#24,#80,#67));
#781=FACE_OUTER_BOUND('',#780,.T.);
#782=DIRECTION('',(-1.0,-0.0,0.0));
#783=DIRECTION('',(0.0,-0.9255291175193285,-0.3786764484674129));
#784=AXIS2_PLACEMENT_3D('',#24,#782,#783);
#785=PLANE('',#784);
#786=FACE_SURFACE('',(#781),#785,.T.);
#787=POLY_LOOP('',(#27,#81,#28));
#788=FACE_OUTER_BOUND('',#787,.T.);
#789=DIRECTION('',(-1.0,0.0,0.0));
#790=DIRECTION('',(0.0,0.9467040527278738,0.32210469811634096));
#791=AXIS2_PLACEMENT_3D('',#27,#789,#790);
#792=PLANE('',#791);
#793=FACE_SURFACE('',(#788),#792,.T.);
#794=POLY_LOOP('',(#82,#83,#84));
#795=FACE_OUTER_BOUND('',#794,.T.);
#796=DIRECTION('',(-1.0,-0.0,0.0));
#797=DIRECTION('',(0.0,-0.9964439719466759,-0.08425800122915496));
#798=AXIS2_PLACEMENT_3D('',#82,#796,#797);
#799=PLANE('',#798);
#800=FACE_SURFACE('',(#795),#799,.T.);
#801=POLY_LOOP('',(#82,#84,#85));
#802=FACE_OUTER_BOUND('',#801,.T.);
#803=DIRECTION('',(-1.0,0.0,0.0));
#804=DIRECTION('',(0.0,-0.9999134729545095,0.013154717938873768));
#805=AXIS2_PLACEMENT_3D('',#82,#803,#804);
#806=PLANE('',#805);
#807=FACE_SURFACE('',(#802),#806,.T.);
#808=POLY_LOOP('',(#85,#84,#86));
#809=FACE_OUTER_BOUND('',#808,.T.);
#810=DIRECTION('',(-1.0,-0.0,0.0));
#811=DIRECTION('',(0.0,-0.9961328432239083,-0.08785988077986928));
#812=AXIS2_PLACEMENT_3D('',#85,#810,#811);
#813=PLANE('',#812);
#814=FACE_SURFACE('',(#809),#813,.T.);
#815=POLY_LOOP('',(#85,#86,#87));
#816=FACE_OUTER_BOUND('',#815,.T.);
#817=DIRECTION('',(-1.0,0.0,0.0));
#818=DIRECTION('',(0.0,-0.8170475280591231,0.576570322590815));
#819=AXIS2_PLACEMENT_3D('',#85,#817,#818);
#820=PLANE('',#819);
#821=FACE_SURFACE('',(#816),#820,.T.);
#822=POLY_LOOP('',(#88,#89,#90));
#823=FACE_OUTER_BOUND('',#822,.T.);
#824=DIRECTION('',(-0.9999999999999999,0.0,0.0));
#825=DIRECTION('',(0.0,-0.9992160096447924,0.03958997435637001));
#826=AXIS2_PLACEMENT_3D('',#88,#824,#825);
#827=PLANE('',#826);
#828=FACE_SURFACE('',(#823),#827,.T.);
#829=POLY_LOOP('',(#90,#89,#91));
#830=FACE_OUTER_BOUND('',#829,.T.);
#831=DIRECTION('',(-1.0,-0.0,0.0));
#832=DIRECTION('',(0.0,-0.6002543027055582,-0.7998092098016027));
#833=AXIS2_PLACEMENT_3D('',#90,#831,#832);
#834=PLANE('',#833);
#835=FACE_SURFACE('',(#830),#834,.T.);
#836=POLY_LOOP('',(#52,#92,#47));
#837=FACE_OUTER_BOUND('',#836,.T.);
#838=DIRECTION('',(1.0,0.0,0.0));
#839=DIRECTION('',(0.0,-0.8275603377078223,0.5613767785123599));
#840=AXIS2_PLACEMENT_3D('',#52,#838,#839);
#841=PLANE('',#840);
#842=FACE_SURFACE('',(#837),#841,.T.);
#843=POLY_LOOP('',(#90,#91,#93));
#844=FACE_OUTER_BOUND('',#843,.T.);
#845=DIRECTION('',(-1.0,-0.0,0.0));
#846=DIRECTION('',(0.0,-0.9304234410605738,-0.36648631669545445));
#847=AXIS2_PLACEMENT_3D('',#90,#845,#846);
#848=PLANE('',#847);
#849=FACE_SURFACE('',(#844),#848,.T.);
#850=POLY_LOOP('',(#93,#91,#94));
#851=FACE_OUTER_BOUND('',#850,.T.);
#852=DIRECTION('',(-1.0,-0.0,-0.0));
#853=DIRECTION('',(0.0,0.31657705031580646,-0.9485667984983153));
#854=AXIS2_PLACEMENT_3D('',#93,#852,#853);
#855=PLANE('',#854);
#856=FACE_SURFACE('',(#851),#855,.T.);
#857=POLY_LOOP('',(#28,#83,#82));
#858=FACE_OUTER_BOUND('',#857,.T.);
#859=DIRECTION('',(-1.0,0.0,0.0));
#860=DIRECTION('',(0.0,-0.9999138322093103,0.013127381935909215));
#861=AXIS2_PLACEMENT_3D('',#28,#859,#860);
#862=PLANE('',#861);
#863=FACE_SURFACE('',(#858),#862,.T.);
#864=POLY_LOOP('',(#95,#80,#24));
#865=FACE_OUTER_BOUND('',#864,.T.);
#866=DIRECTION('',(-0.9999999999999999,0.0,0.0));
#867=DIRECTION('',(0.0,-0.8737237456438135,0.4864224668928694));
#868=AXIS2_PLACEMENT_3D('',#95,#866,#867);
#869=PLANE('',#868);
#870=FACE_SURFACE('',(#865),#869,.T.);
#871=POLY_LOOP('',(#95,#96,#80));
#872=FACE_OUTER_BOUND('',#871,.T.);
#873=DIRECTION('',(-0.9999999999999999,-0.0,0.0));
#874=DIRECTION('',(0.0,-0.9904399083174065,-0.13794487309141742));
#875=AXIS2_PLACEMENT_3D('',#95,#873,#874);
#876=PLANE('',#875);
#877=FACE_SURFACE('',(#872),#876,.T.);
#878=POLY_LOOP('',(#97,#96,#95));
#879=FACE_OUTER_BOUND('',#878,.T.);
#880=DIRECTION('',(-1.0,-0.0,0.0));
#881=DIRECTION('',(0.0,-0.9979035567278901,-0.06471855583854394));
#882=AXIS2_PLACEMENT_3D('',#97,#880,#881);
#883=PLANE('',#882);
#884=FACE_SURFACE('',(#879),#883,.T.);
#885=POLY_LOOP('',(#70,#69,#98));
#886=FACE_OUTER_BOUND('',#885,.T.);
#887=DIRECTION('',(-1.0,-0.0,0.0));
#888=DIRECTION('',(0.0,-0.0922907178506295,-0.9957321042321652));
#889=AXIS2_PLACEMENT_3D('',#70,#887,#888);
#890=PLANE('',#889);
#891=FACE_SURFACE('',(#886),#890,.T.);
#892=POLY_LOOP('',(#98,#69,#99));
#893=FACE_OUTER_BOUND('',#892,.T.);
#894=DIRECTION('',(-1.0,0.0,-0.0));
#895=DIRECTION('',(0.0,0.4498647909507814,-0.8930966744215375));
#896=AXIS2_PLACEMENT_3D('',#98,#894,#895);
#897=PLANE('',#896);
#898=FACE_SURFACE('',(#893),#897,.T.);
#899=POLY_LOOP('',(#98,#99,#100));
#900=FACE_OUTER_BOUND('',#899,.T.);
#901=DIRECTION('',(-1.0,0.0,-0.0));
#902=DIRECTION('',(0.0,0.11757995478210015,-0.9930634190390054));
#903=AXIS2_PLACEMENT_3D('',#98,#901,#902);
#904=PLANE('',#903);
#905=FACE_SURFACE('',(#900),#904,.T.);
#906=POLY_LOOP('',(#100,#99,#71));
#907=FACE_OUTER_BOUND('',#906,.T.);
#908=DIRECTION('',(-1.0,0.0,-0.0));
#909=DIRECTION('',(0.0,0.9990041432912858,0.044617504265074846));
#910=AXIS2_PLACEMENT_3D('',#100,#908,#909);
#911=PLANE('',#910);
#912=FACE_SURFACE('',(#907),#911,.T.);
#913=POLY_LOOP('',(#100,#71,#73));
#914=FACE_OUTER_BOUND('',#913,.T.);
#915=DIRECTION('',(-0.9999999999999999,0.0,-0.0));
#916=DIRECTION('',(0.0,0.9612847871449424,-0.27555681447516944));
#917=AXIS2_PLACEMENT_3D('',#100,#915,#916);
#918=PLANE('',#917);
#919=FACE_SURFACE('',(#914),#918,.T.);
#920=POLY_LOOP('',(#101,#102,#39));
#921=FACE_OUTER_BOUND('',#920,.T.);
#922=DIRECTION('',(-1.0,0.0,-0.0));
#923=DIRECTION('',(0.0,0.9931837488108555,0.11655917423358717));
#924=AXIS2_PLACEMENT_3D('',#101,#922,#923);
#925=PLANE('',#924);
#926=FACE_SURFACE('',(#921),#925,.T.);
#927=POLY_LOOP('',(#39,#102,#103));
#928=FACE_OUTER_BOUND('',#927,.T.);
#929=DIRECTION('',(-0.9999999999999999,0.0,0.0));
#930=DIRECTION('',(0.0,0.3566810707918028,0.9342262112244619));
#931=AXIS2_PLACEMENT_3D('',#39,#929,#930);
#932=PLANE('',#931);
#933=FACE_SURFACE('',(#928),#932,.T.);
#934=POLY_LOOP('',(#39,#103,#73));
#935=FACE_OUTER_BOUND('',#934,.T.);
#936=DIRECTION('',(-1.0,0.0,0.0));
#937=DIRECTION('',(0.0,0.7089036802469306,0.7053053041997895));
#938=AXIS2_PLACEMENT_3D('',#39,#936,#937);
#939=PLANE('',#938);
#940=FACE_SURFACE('',(#935),#939,.T.);
#941=POLY_LOOP('',(#104,#105,#68));
#942=FACE_OUTER_BOUND('',#941,.T.);
#943=DIRECTION('',(-1.0,0.0,0.0));
#944=DIRECTION('',(0.0,-0.08444737999560348,-0.996427940200333));
#945=AXIS2_PLACEMENT_3D('',#104,#943,#944);
#946=PLANE('',#945);
#947=FACE_SURFACE('',(#942),#946,.T.);
#948=POLY_LOOP('',(#68,#105,#106));
#949=FACE_OUTER_BOUND('',#948,.T.);
#950=DIRECTION('',(-1.0,0.0,0.0));
#951=DIRECTION('',(0.0,0.5751200001734349,0.8180690590656197));
#952=AXIS2_PLACEMENT_3D('',#68,#950,#951);
#953=PLANE('',#952);
#954=FACE_SURFACE('',(#949),#953,.T.);
#955=POLY_LOOP('',(#68,#106,#107));
#956=FACE_OUTER_BOUND('',#955,.T.);
#957=DIRECTION('',(-0.9999999999999999,0.0,-0.0));
#958=DIRECTION('',(0.0,0.7718718831910443,0.6357781027521403));
#959=AXIS2_PLACEMENT_3D('',#68,#957,#958);
#960=PLANE('',#959);
#961=FACE_SURFACE('',(#956),#960,.T.);
#962=POLY_LOOP('',(#107,#106,#108));
#963=FACE_OUTER_BOUND('',#962,.T.);
#964=DIRECTION('',(-1.0,0.0,0.0));
#965=DIRECTION('',(0.0,0.6505451662806383,0.7594675678584943));
#966=AXIS2_PLACEMENT_3D('',#107,#964,#965);
#967=PLANE('',#966);
#968=FACE_SURFACE('',(#963),#967,.T.);
#969=POLY_LOOP('',(#107,#108,#84));
#970=FACE_OUTER_BOUND('',#969,.T.);
#971=DIRECTION('',(-1.0,0.0,-0.0));
#972=DIRECTION('',(0.0,0.8745591416632637,0.4849188671656482));
#973=AXIS2_PLACEMENT_3D('',#107,#971,#972);
#974=PLANE('',#973);
#975=FACE_SURFACE('',(#970),#974,.T.);
#976=POLY_LOOP('',(#84,#108,#109));
#977=FACE_OUTER_BOUND('',#976,.T.);
#978=DIRECTION('',(-1.0,0.0,0.0));
#979=DIRECTION('',(0.0,0.7801193536637944,0.6256307169882116));
#980=AXIS2_PLACEMENT_3D('',#84,#978,#979);
#981=PLANE('',#980);
#982=FACE_SURFACE('',(#977),#981,.T.);
#983=POLY_LOOP('',(#84,#109,#86));
#984=FACE_OUTER_BOUND('',#983,.T.);
#985=DIRECTION('',(-1.0,0.0,0.0));
#986=DIRECTION('',(0.0,0.9274839697642396,0.3738629238509309));
#987=AXIS2_PLACEMENT_3D('',#84,#985,#986);
#988=PLANE('',#987);
#989=FACE_SURFACE('',(#984),#988,.T.);
#990=POLY_LOOP('',(#68,#70,#104));
#991=FACE_OUTER_BOUND('',#990,.T.);
#992=DIRECTION('',(-1.0,0.0,0.0));
#993=DIRECTION('',(0.0,-0.06835095959249295,0.9976613384925695));
#994=AXIS2_PLACEMENT_3D('',#68,#992,#993);
#995=PLANE('',#994);
#996=FACE_SURFACE('',(#991),#995,.T.);
#997=POLY_LOOP('',(#104,#70,#110));
#998=FACE_OUTER_BOUND('',#997,.T.);
#999=DIRECTION('',(-1.0,-0.0,0.0));
#1000=DIRECTION('',(0.0,-0.9545194830650368,-0.29814854762224613));
#1001=AXIS2_PLACEMENT_3D('',#104,#999,#1000);
#1002=PLANE('',#1001);
#1003=FACE_SURFACE('',(#998),#1002,.T.);
#1004=POLY_LOOP('',(#104,#110,#111));
#1005=FACE_OUTER_BOUND('',#1004,.T.);
#1006=DIRECTION('',(-1.0,0.0,0.0));
#1007=DIRECTION('',(0.0,-0.8275603377078223,0.5613767785123599));
#1008=AXIS2_PLACEMENT_3D('',#104,#1006,#1007);
#1009=PLANE('',#1008);
#1010=FACE_SURFACE('',(#1005),#1009,.T.);
#1011=POLY_LOOP('',(#111,#110,#112));
#1012=FACE_OUTER_BOUND('',#1011,.T.);
#1013=DIRECTION('',(-1.0,-0.0,0.0));
#1014=DIRECTION('',(0.0,-0.9384552122427939,-0.3454009476164371));
#1015=AXIS2_PLACEMENT_3D('',#111,#1013,#1014);
#1016=PLANE('',#1015);
#1017=FACE_SURFACE('',(#1012),#1016,.T.);
#1018=POLY_LOOP('',(#111,#112,#97));
#1019=FACE_OUTER_BOUND('',#1018,.T.);
#1020=DIRECTION('',(-1.0,0.0,0.0));
#1021=DIRECTION('',(0.0,-0.8454610154663172,0.5340371441451086));
#1022=AXIS2_PLACEMENT_3D('',#111,#1020,#1021);
#1023=PLANE('',#1022);
#1024=FACE_SURFACE('',(#1019),#1023,.T.);
#1025=POLY_LOOP('',(#97,#112,#96));
#1026=FACE_OUTER_BOUND('',#1025,.T.);
#1027=DIRECTION('',(-1.0,-0.0,0.0));
#1028=DIRECTION('',(0.0,-0.9516352960691046,-0.3072299843366003));
#1029=AXIS2_PLACEMENT_3D('',#97,#1027,#1028);
#1030=PLANE('',#1029);
#1031=FACE_SURFACE('',(#1026),#1030,.T.);
#1032=POLY_LOOP('',(#43,#113,#79));
#1033=FACE_OUTER_BOUND('',#1032,.T.);
#1034=DIRECTION('',(-1.0,0.0,-0.0));
#1035=DIRECTION('',(0.0,0.9958691117205997,-0.09080039824154759));
#1036=AXIS2_PLACEMENT_3D('',#43,#1034,#1035);
#1037=PLANE('',#1036);
#1038=FACE_SURFACE('',(#1033),#1037,.T.);
#1039=POLY_LOOP('',(#114,#92,#52));
#1040=FACE_OUTER_BOUND('',#1039,.T.);
#1041=DIRECTION('',(1.0,0.0,0.0));
#1042=DIRECTION('',(0.0,-0.9384552122427939,-0.3454009476164371));
#1043=AXIS2_PLACEMENT_3D('',#114,#1041,#1042);
#1044=PLANE('',#1043);
#1045=FACE_SURFACE('',(#1040),#1044,.T.);
#1046=POLY_LOOP('',(#115,#116,#117));
#1047=FACE_OUTER_BOUND('',#1046,.T.);
#1048=DIRECTION('',(1.0,-0.0,0.0));
#1049=DIRECTION('',(0.0,0.7110657952008446,-0.70312547592545));
#1050=AXIS2_PLACEMENT_3D('',#115,#1048,#1049);
#1051=PLANE('',#1050);
#1052=FACE_SURFACE('',(#1047),#1051,.T.);
#1053=POLY_LOOP('',(#118,#119,#114));
#1054=FACE_OUTER_BOUND('',#1053,.T.);
#1055=DIRECTION('',(1.0,0.0,0.0));
#1056=DIRECTION('',(0.0,-0.9516352960691046,-0.3072299843366003));
#1057=AXIS2_PLACEMENT_3D('',#118,#1055,#1056);
#1058=PLANE('',#1057);
#1059=FACE_SURFACE('',(#1054),#1058,.T.);
#1060=POLY_LOOP('',(#120,#121,#122));
#1061=FACE_OUTER_BOUND('',#1060,.T.);
#1062=DIRECTION('',(1.0,0.0,-0.0));
#1063=DIRECTION('',(0.0,0.7810664564450384,0.6244479086492251));
#1064=AXIS2_PLACEMENT_3D('',#120,#1062,#1063);
#1065=PLANE('',#1064);
#1066=FACE_SURFACE('',(#1061),#1065,.T.);
#1067=POLY_LOOP('',(#120,#122,#123));
#1068=FACE_OUTER_BOUND('',#1067,.T.);
#1069=DIRECTION('',(1.0,0.0,-0.0));
#1070=DIRECTION('',(0.0,0.21242781078364534,0.97717676251826));
#1071=AXIS2_PLACEMENT_3D('',#120,#1069,#1070);
#1072=PLANE('',#1071);
#1073=FACE_SURFACE('',(#1068),#1072,.T.);
#1074=POLY_LOOP('',(#123,#122,#124));
#1075=FACE_OUTER_BOUND('',#1074,.T.);
#1076=DIRECTION('',(1.0,0.0,-0.0));
#1077=DIRECTION('',(0.0,0.630240738587271,0.7763997755183675));
#1078=AXIS2_PLACEMENT_3D('',#123,#1076,#1077);
#1079=PLANE('',#1078);
#1080=FACE_SURFACE('',(#1075),#1079,.T.);
#1081=POLY_LOOP('',(#123,#124,#125));
#1082=FACE_OUTER_BOUND('',#1081,.T.);
#1083=DIRECTION('',(1.0,0.0,0.0));
#1084=DIRECTION('',(0.0,-0.055057775902754506,0.9984831702701062));
#1085=AXIS2_PLACEMENT_3D('',#123,#1083,#1084);
#1086=PLANE('',#1085);
#1087=FACE_SURFACE('',(#1082),#1086,.T.);
#1088=POLY_LOOP('',(#126,#127,#128));
#1089=FACE_OUTER_BOUND('',#1088,.T.);
#1090=DIRECTION('',(1.0,-0.0,0.0));
#1091=DIRECTION('',(0.0,-0.3569111248843882,-0.9341383457142527));
#1092=AXIS2_PLACEMENT_3D('',#126,#1090,#1091);
#1093=PLANE('',#1092);
#1094=FACE_SURFACE('',(#1089),#1093,.T.);
#1095=POLY_LOOP('',(#129,#130,#131));
#1096=FACE_OUTER_BOUND('',#1095,.T.);
#1097=DIRECTION('',(1.0,-0.0,0.0));
#1098=DIRECTION('',(0.0,0.06557755856096946,-0.9978474752251381));
#1099=AXIS2_PLACEMENT_3D('',#129,#1097,#1098);
#1100=PLANE('',#1099);
#1101=FACE_SURFACE('',(#1096),#1100,.T.);
#1102=POLY_LOOP('',(#131,#130,#132));
#1103=FACE_OUTER_BOUND('',#1102,.T.);
#1104=DIRECTION('',(1.0,-0.0,0.0));
#1105=DIRECTION('',(0.0,-0.1452271514351506,-0.989398339641841));
#1106=AXIS2_PLACEMENT_3D('',#131,#1104,#1105);
#1107=PLANE('',#1106);
#1108=FACE_SURFACE('',(#1103),#1107,.T.);
#1109=POLY_LOOP('',(#131,#132,#133));
#1110=FACE_OUTER_BOUND('',#1109,.T.);
#1111=DIRECTION('',(1.0,-0.0,-0.0));
#1112=DIRECTION('',(0.0,0.755781414916904,-0.6548239861720113));
#1113=AXIS2_PLACEMENT_3D('',#131,#1111,#1112);
#1114=PLANE('',#1113);
#1115=FACE_SURFACE('',(#1110),#1114,.T.);
#1116=POLY_LOOP('',(#133,#132,#134));
#1117=FACE_OUTER_BOUND('',#1116,.T.);
#1118=DIRECTION('',(1.0,-0.0,0.0));
#1119=DIRECTION('',(0.0,0.3828939232482008,-0.9237923162375842));
#1120=AXIS2_PLACEMENT_3D('',#133,#1118,#1119);
#1121=PLANE('',#1120);
#1122=FACE_SURFACE('',(#1117),#1121,.T.);
#1123=POLY_LOOP('',(#135,#121,#120));
#1124=FACE_OUTER_BOUND('',#1123,.T.);
#1125=DIRECTION('',(1.0,0.0,-0.0));
#1126=DIRECTION('',(0.0,0.508934529531824,0.8608052303803809));
#1127=AXIS2_PLACEMENT_3D('',#135,#1125,#1126);
#1128=PLANE('',#1127);
#1129=FACE_SURFACE('',(#1124),#1128,.T.);
#1130=POLY_LOOP('',(#133,#134,#136));
#1131=FACE_OUTER_BOUND('',#1130,.T.);
#1132=DIRECTION('',(1.0,0.0,-0.0));
#1133=DIRECTION('',(0.0,0.9834378433844172,0.1812457122235076));
#1134=AXIS2_PLACEMENT_3D('',#133,#1132,#1133);
#1135=PLANE('',#1134);
#1136=FACE_SURFACE('',(#1131),#1135,.T.);
#1137=POLY_LOOP('',(#137,#138,#116));
#1138=FACE_OUTER_BOUND('',#1137,.T.);
#1139=DIRECTION('',(1.0,-0.0,-0.0));
#1140=DIRECTION('',(0.0,0.9837793204632551,-0.17938296638437035));
#1141=AXIS2_PLACEMENT_3D('',#137,#1139,#1140);
#1142=PLANE('',#1141);
#1143=FACE_SURFACE('',(#1138),#1142,.T.);
#1144=POLY_LOOP('',(#137,#116,#115));
#1145=FACE_OUTER_BOUND('',#1144,.T.);
#1146=DIRECTION('',(1.0,0.0,-0.0));
#1147=DIRECTION('',(0.0,0.9977475842829362,0.0670802359683176));
#1148=AXIS2_PLACEMENT_3D('',#137,#1146,#1147);
#1149=PLANE('',#1148);
#1150=FACE_SURFACE('',(#1145),#1149,.T.);
#1151=POLY_LOOP('',(#115,#117,#127));
#1152=FACE_OUTER_BOUND('',#1151,.T.);
#1153=DIRECTION('',(1.0,-0.0,-0.0));
#1154=DIRECTION('',(0.0,0.9784483580037037,-0.2064916722772524));
#1155=AXIS2_PLACEMENT_3D('',#115,#1153,#1154);
#1156=PLANE('',#1155);
#1157=FACE_SURFACE('',(#1152),#1156,.T.);
#1158=POLY_LOOP('',(#129,#128,#130));
#1159=FACE_OUTER_BOUND('',#1158,.T.);
#1160=DIRECTION('',(1.0,0.0,0.0));
#1161=DIRECTION('',(0.0,-0.9809224184378209,0.1943996116408076));
#1162=AXIS2_PLACEMENT_3D('',#129,#1160,#1161);
#1163=PLANE('',#1162);
#1164=FACE_SURFACE('',(#1159),#1163,.T.);
#1165=POLY_LOOP('',(#130,#128,#127));
#1166=FACE_OUTER_BOUND('',#1165,.T.);
#1167=DIRECTION('',(1.0,0.0,0.0));
#1168=DIRECTION('',(0.0,-0.2735652081075732,0.9618534591677987));
#1169=AXIS2_PLACEMENT_3D('',#130,#1167,#1168);
#1170=PLANE('',#1169);
#1171=FACE_SURFACE('',(#1166),#1170,.T.);
#1172=POLY_LOOP('',(#130,#127,#139));
#1173=FACE_OUTER_BOUND('',#1172,.T.);
#1174=DIRECTION('',(1.0,0.0,0.0));
#1175=DIRECTION('',(0.0,-0.8870370282573039,-0.4616982894710042));
#1176=AXIS2_PLACEMENT_3D('',#130,#1174,#1175);
#1177=PLANE('',#1176);
#1178=FACE_SURFACE('',(#1173),#1177,.T.);
#1179=POLY_LOOP('',(#139,#127,#117));
#1180=FACE_OUTER_BOUND('',#1179,.T.);
#1181=DIRECTION('',(1.0,0.0,0.0));
#1182=DIRECTION('',(0.0,-0.9737214747282469,0.2277421560735909));
#1183=AXIS2_PLACEMENT_3D('',#139,#1181,#1182);
#1184=PLANE('',#1183);
#1185=FACE_SURFACE('',(#1180),#1184,.T.);
#1186=POLY_LOOP('',(#124,#140,#125));
#1187=FACE_OUTER_BOUND('',#1186,.T.);
#1188=DIRECTION('',(1.0,0.0,0.0));
#1189=DIRECTION('',(0.0,-0.9668124466117971,-0.2554871681249589));
#1190=AXIS2_PLACEMENT_3D('',#124,#1188,#1189);
#1191=PLANE('',#1190);
#1192=FACE_SURFACE('',(#1187),#1191,.T.);
#1193=POLY_LOOP('',(#125,#140,#141));
#1194=FACE_OUTER_BOUND('',#1193,.T.);
#1195=DIRECTION('',(0.9999999999999999,0.0,0.0));
#1196=DIRECTION('',(0.0,-0.3190767222604212,0.9477288880853775));
#1197=AXIS2_PLACEMENT_3D('',#125,#1195,#1196);
#1198=PLANE('',#1197);
#1199=FACE_SURFACE('',(#1194),#1198,.T.);
#1200=POLY_LOOP('',(#142,#138,#137));
#1201=FACE_OUTER_BOUND('',#1200,.T.);
#1202=DIRECTION('',(1.0,0.0,0.0));
#1203=DIRECTION('',(0.0,-0.2164396838514824,0.9762959916205076));
#1204=AXIS2_PLACEMENT_3D('',#142,#1202,#1203);
#1205=PLANE('',#1204);
#1206=FACE_SURFACE('',(#1201),#1205,.T.);
#1207=POLY_LOOP('',(#125,#141,#143));
#1208=FACE_OUTER_BOUND('',#1207,.T.);
#1209=DIRECTION('',(1.0,0.0,0.0));
#1210=DIRECTION('',(0.0,-0.8897534545645288,0.45644144212646476));
#1211=AXIS2_PLACEMENT_3D('',#125,#1209,#1210);
#1212=PLANE('',#1211);
#1213=FACE_SURFACE('',(#1208),#1212,.T.);
#1214=POLY_LOOP('',(#135,#144,#121));
#1215=FACE_OUTER_BOUND('',#1214,.T.);
#1216=DIRECTION('',(1.0,0.0,-0.0));
#1217=DIRECTION('',(0.0,0.7144382501743295,0.6996984969884115));
#1218=AXIS2_PLACEMENT_3D('',#135,#1216,#1217);
#1219=PLANE('',#1218);
#1220=FACE_SURFACE('',(#1215),#1219,.T.);
#1221=POLY_LOOP('',(#145,#146,#147));
#1222=FACE_OUTER_BOUND('',#1221,.T.);
#1223=DIRECTION('',(1.0,0.0,0.0));
#1224=DIRECTION('',(0.0,-0.9992160096447924,0.03958997435637001));
#1225=AXIS2_PLACEMENT_3D('',#145,#1223,#1224);
#1226=PLANE('',#1225);
#1227=FACE_SURFACE('',(#1222),#1226,.T.);
#1228=POLY_LOOP('',(#148,#149,#150));
#1229=FACE_OUTER_BOUND('',#1228,.T.);
#1230=DIRECTION('',(0.9999999999999999,-0.0,0.0));
#1231=DIRECTION('',(0.0,-0.3528286094024201,-0.9356879674267242));
#1232=AXIS2_PLACEMENT_3D('',#148,#1230,#1231);
#1233=PLANE('',#1232);
#1234=FACE_SURFACE('',(#1229),#1233,.T.);
#1235=POLY_LOOP('',(#93,#94,#151));
#1236=FACE_OUTER_BOUND('',#1235,.T.);
#1237=DIRECTION('',(-1.0,-0.0,-0.0));
#1238=DIRECTION('',(0.0,0.0830201380392452,-0.9965478697383005));
#1239=AXIS2_PLACEMENT_3D('',#93,#1237,#1238);
#1240=PLANE('',#1239);
#1241=FACE_SURFACE('',(#1236),#1240,.T.);
#1242=POLY_LOOP('',(#150,#149,#152));
#1243=FACE_OUTER_BOUND('',#1242,.T.);
#1244=DIRECTION('',(1.0,0.0,0.0));
#1245=DIRECTION('',(0.0,-0.6638351770665807,-0.7478789057654864));
#1246=AXIS2_PLACEMENT_3D('',#150,#1244,#1245);
#1247=PLANE('',#1246);
#1248=FACE_SURFACE('',(#1243),#1247,.T.);
#1249=POLY_LOOP('',(#150,#152,#153));
#1250=FACE_OUTER_BOUND('',#1249,.T.);
#1251=DIRECTION('',(1.0,-0.0,0.0));
#1252=DIRECTION('',(0.0,0.06610560982174861,-0.997812631885413));
#1253=AXIS2_PLACEMENT_3D('',#150,#1251,#1252);
#1254=PLANE('',#1253);
#1255=FACE_SURFACE('',(#1250),#1254,.T.);
#1256=POLY_LOOP('',(#153,#152,#154));
#1257=FACE_OUTER_BOUND('',#1256,.T.);
#1258=DIRECTION('',(0.9999999999999999,-0.0,0.0));
#1259=DIRECTION('',(0.0,-0.3566810707918028,-0.9342262112244619));
#1260=AXIS2_PLACEMENT_3D('',#153,#1258,#1259);
#1261=PLANE('',#1260);
#1262=FACE_SURFACE('',(#1257),#1261,.T.);
#1263=POLY_LOOP('',(#155,#145,#156));
#1264=FACE_OUTER_BOUND('',#1263,.T.);
#1265=DIRECTION('',(1.0,0.0,0.0));
#1266=DIRECTION('',(0.0,-0.9430169310163515,0.3327447487436906));
#1267=AXIS2_PLACEMENT_3D('',#155,#1265,#1266);
#1268=PLANE('',#1267);
#1269=FACE_SURFACE('',(#1264),#1268,.T.);
#1270=POLY_LOOP('',(#156,#145,#147));
#1271=FACE_OUTER_BOUND('',#1270,.T.);
#1272=DIRECTION('',(1.0,0.0,0.0));
#1273=DIRECTION('',(0.0,-0.3854960231793805,0.9227094971402877));
#1274=AXIS2_PLACEMENT_3D('',#156,#1272,#1273);
#1275=PLANE('',#1274);
#1276=FACE_SURFACE('',(#1271),#1275,.T.);
#1277=POLY_LOOP('',(#156,#147,#157));
#1278=FACE_OUTER_BOUND('',#1277,.T.);
#1279=DIRECTION('',(1.0,0.0,0.0));
#1280=DIRECTION('',(0.0,-0.8746467866773593,0.4847607642486858));
#1281=AXIS2_PLACEMENT_3D('',#156,#1279,#1280);
#1282=PLANE('',#1281);
#1283=FACE_SURFACE('',(#1278),#1282,.T.);
#1284=POLY_LOOP('',(#157,#147,#158));
#1285=FACE_OUTER_BOUND('',#1284,.T.);
#1286=DIRECTION('',(1.0,0.0,0.0));
#1287=DIRECTION('',(0.0,-0.7894530083784599,0.6138110031289755));
#1288=AXIS2_PLACEMENT_3D('',#157,#1286,#1287);
#1289=PLANE('',#1288);
#1290=FACE_SURFACE('',(#1285),#1289,.T.);
#1291=POLY_LOOP('',(#159,#144,#135));
#1292=FACE_OUTER_BOUND('',#1291,.T.);
#1293=DIRECTION('',(1.0,0.0,0.0));
#1294=DIRECTION('',(0.0,-0.8788896587083612,-0.47702512283474147));
#1295=AXIS2_PLACEMENT_3D('',#159,#1293,#1294);
#1296=PLANE('',#1295);
#1297=FACE_SURFACE('',(#1292),#1296,.T.);
#1298=POLY_LOOP('',(#160,#161,#162));
#1299=FACE_OUTER_BOUND('',#1298,.T.);
#1300=DIRECTION('',(1.0,0.0,0.0));
#1301=DIRECTION('',(0.0,0.3191388958177527,-0.9477079535258874));
#1302=AXIS2_PLACEMENT_3D('',#160,#1300,#1301);
#1303=PLANE('',#1302);
#1304=FACE_SURFACE('',(#1299),#1303,.T.);
#1305=POLY_LOOP('',(#162,#163,#164));
#1306=FACE_OUTER_BOUND('',#1305,.T.);
#1307=DIRECTION('',(1.0,0.0,0.0));
#1308=DIRECTION('',(0.0,-0.7125923975838925,0.7015782742542984));
#1309=AXIS2_PLACEMENT_3D('',#162,#1307,#1308);
#1310=PLANE('',#1309);
#1311=FACE_SURFACE('',(#1306),#1310,.T.);
#1312=POLY_LOOP('',(#142,#160,#165));
#1313=FACE_OUTER_BOUND('',#1312,.T.);
#1314=DIRECTION('',(1.0,0.0,0.0));
#1315=DIRECTION('',(0.0,-0.9902385668109326,0.13938285690941452));
#1316=AXIS2_PLACEMENT_3D('',#142,#1314,#1315);
#1317=PLANE('',#1316);
#1318=FACE_SURFACE('',(#1313),#1317,.T.);
#1319=POLY_LOOP('',(#165,#160,#166));
#1320=FACE_OUTER_BOUND('',#1319,.T.);
#1321=DIRECTION('',(1.0,0.0,0.0));
#1322=DIRECTION('',(0.0,-0.8119297524290485,0.583755151686479));
#1323=AXIS2_PLACEMENT_3D('',#165,#1321,#1322);
#1324=PLANE('',#1323);
#1325=FACE_SURFACE('',(#1320),#1324,.T.);
#1326=POLY_LOOP('',(#165,#166,#167));
#1327=FACE_OUTER_BOUND('',#1326,.T.);
#1328=DIRECTION('',(1.0,-0.0,0.0));
#1329=DIRECTION('',(0.0,0.2333628528933236,-0.9723897258247277));
#1330=AXIS2_PLACEMENT_3D('',#165,#1328,#1329);
#1331=PLANE('',#1330);
#1332=FACE_SURFACE('',(#1327),#1331,.T.);
#1333=POLY_LOOP('',(#167,#166,#168));
#1334=FACE_OUTER_BOUND('',#1333,.T.);
#1335=DIRECTION('',(1.0,0.0,0.0));
#1336=DIRECTION('',(0.0,-0.3841957621491077,-0.9232516538553648));
#1337=AXIS2_PLACEMENT_3D('',#167,#1335,#1336);
#1338=PLANE('',#1337);
#1339=FACE_SURFACE('',(#1334),#1338,.T.);
#1340=POLY_LOOP('',(#167,#168,#169));
#1341=FACE_OUTER_BOUND('',#1340,.T.);
#1342=DIRECTION('',(1.0,0.0,0.0));
#1343=DIRECTION('',(0.0,0.0830201380392452,-0.9965478697383005));
#1344=AXIS2_PLACEMENT_3D('',#167,#1342,#1343);
#1345=PLANE('',#1344);
#1346=FACE_SURFACE('',(#1341),#1345,.T.);
#1347=POLY_LOOP('',(#169,#168,#170));
#1348=FACE_OUTER_BOUND('',#1347,.T.);
#1349=DIRECTION('',(1.0,0.0,0.0));
#1350=DIRECTION('',(0.0,-0.9993276732946716,0.03666335210340251));
#1351=AXIS2_PLACEMENT_3D('',#169,#1349,#1350);
#1352=PLANE('',#1351);
#1353=FACE_SURFACE('',(#1348),#1352,.T.);
#1354=POLY_LOOP('',(#169,#170,#145));
#1355=FACE_OUTER_BOUND('',#1354,.T.);
#1356=DIRECTION('',(1.0,0.0,0.0));
#1357=DIRECTION('',(0.0,-0.9304234410605738,-0.36648631669545445));
#1358=AXIS2_PLACEMENT_3D('',#169,#1356,#1357);
#1359=PLANE('',#1358);
#1360=FACE_SURFACE('',(#1355),#1359,.T.);
#1361=POLY_LOOP('',(#145,#170,#146));
#1362=FACE_OUTER_BOUND('',#1361,.T.);
#1363=DIRECTION('',(0.9999999999999999,0.0,0.0));
#1364=DIRECTION('',(0.0,-0.968051252102192,0.2507524143520418));
#1365=AXIS2_PLACEMENT_3D('',#145,#1363,#1364);
#1366=PLANE('',#1365);
#1367=FACE_SURFACE('',(#1362),#1366,.T.);
#1368=POLY_LOOP('',(#162,#161,#163));
#1369=FACE_OUTER_BOUND('',#1368,.T.);
#1370=DIRECTION('',(1.0,0.0,0.0));
#1371=DIRECTION('',(0.0,-0.6000953064873167,0.7999285112632838));
#1372=AXIS2_PLACEMENT_3D('',#162,#1370,#1371);
#1373=PLANE('',#1372);
#1374=FACE_SURFACE('',(#1369),#1373,.T.);
#1375=POLY_LOOP('',(#114,#119,#92));
#1376=FACE_OUTER_BOUND('',#1375,.T.);
#1377=DIRECTION('',(1.0,0.0,0.0));
#1378=DIRECTION('',(0.0,-0.8454610154663172,0.5340371441451086));
#1379=AXIS2_PLACEMENT_3D('',#114,#1377,#1378);
#1380=PLANE('',#1379);
#1381=FACE_SURFACE('',(#1376),#1380,.T.);
#1382=POLY_LOOP('',(#143,#141,#171));
#1383=FACE_OUTER_BOUND('',#1382,.T.);
#1384=DIRECTION('',(1.0,0.0,0.0));
#1385=DIRECTION('',(0.0,-0.5698313485626122,0.8217616650801586));
#1386=AXIS2_PLACEMENT_3D('',#143,#1384,#1385);
#1387=PLANE('',#1386);
#1388=FACE_SURFACE('',(#1383),#1387,.T.);
#1389=POLY_LOOP('',(#172,#171,#173));
#1390=FACE_OUTER_BOUND('',#1389,.T.);
#1391=DIRECTION('',(1.0,0.0,0.0));
#1392=DIRECTION('',(0.0,-0.7877542485164714,0.6159896459716264));
#1393=AXIS2_PLACEMENT_3D('',#172,#1391,#1392);
#1394=PLANE('',#1393);
#1395=FACE_SURFACE('',(#1390),#1394,.T.);
#1396=POLY_LOOP('',(#174,#175,#176));
#1397=FACE_OUTER_BOUND('',#1396,.T.);
#1398=DIRECTION('',(1.0,0.0,0.0));
#1399=DIRECTION('',(0.0,-0.6082203263366169,0.7937682499514447));
#1400=AXIS2_PLACEMENT_3D('',#174,#1398,#1399);
#1401=PLANE('',#1400);
#1402=FACE_SURFACE('',(#1397),#1401,.T.);
#1403=POLY_LOOP('',(#176,#175,#177));
#1404=FACE_OUTER_BOUND('',#1403,.T.);
#1405=DIRECTION('',(1.0,0.0,-0.0));
#1406=DIRECTION('',(0.0,0.878661496217637,0.47744525870992116));
#1407=AXIS2_PLACEMENT_3D('',#176,#1405,#1406);
#1408=PLANE('',#1407);
#1409=FACE_SURFACE('',(#1404),#1408,.T.);
#1410=POLY_LOOP('',(#176,#177,#178));
#1411=FACE_OUTER_BOUND('',#1410,.T.);
#1412=DIRECTION('',(1.0,0.0,-0.0));
#1413=DIRECTION('',(0.0,0.12865466812856835,0.9916894556103377));
#1414=AXIS2_PLACEMENT_3D('',#176,#1412,#1413);
#1415=PLANE('',#1414);
#1416=FACE_SURFACE('',(#1411),#1415,.T.);
#1417=POLY_LOOP('',(#178,#177,#179));
#1418=FACE_OUTER_BOUND('',#1417,.T.);
#1419=DIRECTION('',(1.0,0.0,-0.0));
#1420=DIRECTION('',(0.0,0.7155156182791078,0.6985967363212242));
#1421=AXIS2_PLACEMENT_3D('',#178,#1419,#1420);
#1422=PLANE('',#1421);
#1423=FACE_SURFACE('',(#1418),#1422,.T.);
#1424=POLY_LOOP('',(#178,#179,#180));
#1425=FACE_OUTER_BOUND('',#1424,.T.);
#1426=DIRECTION('',(0.9999999999999999,0.0,0.0));
#1427=DIRECTION('',(0.0,-0.0799043393962375,0.9968025363860441));
#1428=AXIS2_PLACEMENT_3D('',#178,#1426,#1427);
#1429=PLANE('',#1428);
#1430=FACE_SURFACE('',(#1425),#1429,.T.);
#1431=POLY_LOOP('',(#180,#179,#181));
#1432=FACE_OUTER_BOUND('',#1431,.T.);
#1433=DIRECTION('',(1.0,0.0,-0.0));
#1434=DIRECTION('',(0.0,0.4651187215563382,0.8852483125416267));
#1435=AXIS2_PLACEMENT_3D('',#180,#1433,#1434);
#1436=PLANE('',#1435);
#1437=FACE_SURFACE('',(#1432),#1436,.T.);
#1438=POLY_LOOP('',(#180,#181,#55));
#1439=FACE_OUTER_BOUND('',#1438,.T.);
#1440=DIRECTION('',(1.0,0.0,0.0));
#1441=DIRECTION('',(0.0,-0.283759779449758,0.9588953997004183));
#1442=AXIS2_PLACEMENT_3D('',#180,#1440,#1441);
#1443=PLANE('',#1442);
#1444=FACE_SURFACE('',(#1439),#1443,.T.);
#1445=POLY_LOOP('',(#55,#181,#182));
#1446=FACE_OUTER_BOUND('',#1445,.T.);
#1447=DIRECTION('',(0.9999999999999999,0.0,-0.0));
#1448=DIRECTION('',(0.0,0.13874366621891543,0.9903283269119056));
#1449=AXIS2_PLACEMENT_3D('',#55,#1447,#1448);
#1450=PLANE('',#1449);
#1451=FACE_SURFACE('',(#1446),#1450,.T.);
#1452=POLY_LOOP('',(#55,#182,#66));
#1453=FACE_OUTER_BOUND('',#1452,.T.);
#1454=DIRECTION('',(1.0,0.0,0.0));
#1455=DIRECTION('',(0.0,-0.562628570364917,0.826709799028129));
#1456=AXIS2_PLACEMENT_3D('',#55,#1454,#1455);
#1457=PLANE('',#1456);
#1458=FACE_SURFACE('',(#1453),#1457,.T.);
#1459=POLY_LOOP('',(#183,#184,#185));
#1460=FACE_OUTER_BOUND('',#1459,.T.);
#1461=DIRECTION('',(0.9999999999999999,0.0,0.0));
#1462=DIRECTION('',(0.0,-0.8937076382933862,0.44864981584311153));
#1463=AXIS2_PLACEMENT_3D('',#183,#1461,#1462);
#1464=PLANE('',#1463);
#1465=FACE_SURFACE('',(#1460),#1464,.T.);
#1466=POLY_LOOP('',(#186,#187,#188));
#1467=FACE_OUTER_BOUND('',#1466,.T.);
#1468=DIRECTION('',(1.0,-0.0,-0.0));
#1469=DIRECTION('',(0.0,0.6630416597658874,-0.7485824987367107));
#1470=AXIS2_PLACEMENT_3D('',#186,#1468,#1469);
#1471=PLANE('',#1470);
#1472=FACE_SURFACE('',(#1467),#1471,.T.);
#1473=POLY_LOOP('',(#188,#189,#184));
#1474=FACE_OUTER_BOUND('',#1473,.T.);
#1475=DIRECTION('',(1.0,-0.0,-0.0));
#1476=DIRECTION('',(0.0,0.5975838002164627,-0.8018064615097903));
#1477=AXIS2_PLACEMENT_3D('',#188,#1475,#1476);
#1478=PLANE('',#1477);
#1479=FACE_SURFACE('',(#1474),#1478,.T.);
#1480=POLY_LOOP('',(#184,#189,#190));
#1481=FACE_OUTER_BOUND('',#1480,.T.);
#1482=DIRECTION('',(1.0,-0.0,-0.0));
#1483=DIRECTION('',(0.0,0.5149583291311416,-0.8572152117516714));
#1484=AXIS2_PLACEMENT_3D('',#184,#1482,#1483);
#1485=PLANE('',#1484);
#1486=FACE_SURFACE('',(#1481),#1485,.T.);
#1487=POLY_LOOP('',(#184,#190,#185));
#1488=FACE_OUTER_BOUND('',#1487,.T.);
#1489=DIRECTION('',(0.9999999999999999,-0.0,-0.0));
#1490=DIRECTION('',(0.0,0.6023275145129993,-0.7982490621733248));
#1491=AXIS2_PLACEMENT_3D('',#184,#1489,#1490);
#1492=PLANE('',#1491);
#1493=FACE_SURFACE('',(#1488),#1492,.T.);
#1494=POLY_LOOP('',(#187,#191,#189));
#1495=FACE_OUTER_BOUND('',#1494,.T.);
#1496=DIRECTION('',(0.9999999999999999,0.0,0.0));
#1497=DIRECTION('',(0.0,0.4987807581257289,-0.8667281899901048));
#1498=AXIS2_PLACEMENT_3D('',#187,#1496,#1497);
#1499=PLANE('',#1498);
#1500=FACE_SURFACE('',(#1495),#1499,.T.);
#1501=POLY_LOOP('',(#189,#191,#192));
#1502=FACE_OUTER_BOUND('',#1501,.T.);
#1503=DIRECTION('',(1.0,0.0,0.0));
#1504=DIRECTION('',(0.0,-0.9084644707113995,0.41796208614545055));
#1505=AXIS2_PLACEMENT_3D('',#189,#1503,#1504);
#1506=PLANE('',#1505);
#1507=FACE_SURFACE('',(#1502),#1506,.T.);
#1508=POLY_LOOP('',(#189,#192,#193));
#1509=FACE_OUTER_BOUND('',#1508,.T.);
#1510=DIRECTION('',(0.9999999999999999,0.0,0.0));
#1511=DIRECTION('',(0.0,-0.9255291175193285,-0.3786764484674129));
#1512=AXIS2_PLACEMENT_3D('',#189,#1510,#1511);
#1513=PLANE('',#1512);
#1514=FACE_SURFACE('',(#1509),#1513,.T.);
#1515=POLY_LOOP('',(#193,#192,#194));
#1516=FACE_OUTER_BOUND('',#1515,.T.);
#1517=DIRECTION('',(0.9999999999999999,0.0,0.0));
#1518=DIRECTION('',(0.0,-0.8737237456438135,0.4864224668928694));
#1519=AXIS2_PLACEMENT_3D('',#193,#1517,#1518);
#1520=PLANE('',#1519);
#1521=FACE_SURFACE('',(#1516),#1520,.T.);
#1522=POLY_LOOP('',(#193,#194,#118));
#1523=FACE_OUTER_BOUND('',#1522,.T.);
#1524=DIRECTION('',(1.0,-0.0,0.0));
#1525=DIRECTION('',(0.0,-0.9904399083174065,-0.13794487309141742));
#1526=AXIS2_PLACEMENT_3D('',#193,#1524,#1525);
#1527=PLANE('',#1526);
#1528=FACE_SURFACE('',(#1523),#1527,.T.);
#1529=POLY_LOOP('',(#118,#194,#119));
#1530=FACE_OUTER_BOUND('',#1529,.T.);
#1531=DIRECTION('',(1.0,0.0,0.0));
#1532=DIRECTION('',(0.0,-0.9979035567278901,-0.06471855583854394));
#1533=AXIS2_PLACEMENT_3D('',#118,#1531,#1532);
#1534=PLANE('',#1533);
#1535=FACE_SURFACE('',(#1530),#1534,.T.);
#1536=POLY_LOOP('',(#188,#187,#189));
#1537=FACE_OUTER_BOUND('',#1536,.T.);
#1538=DIRECTION('',(0.9999999999999999,0.0,0.0));
#1539=DIRECTION('',(0.0,0.06668649432915547,-0.9977739781504064));
#1540=AXIS2_PLACEMENT_3D('',#188,#1538,#1539);
#1541=PLANE('',#1540);
#1542=FACE_SURFACE('',(#1537),#1541,.T.);
#1543=POLY_LOOP('',(#143,#171,#172));
#1544=FACE_OUTER_BOUND('',#1543,.T.);
#1545=DIRECTION('',(1.0,0.0,0.0));
#1546=DIRECTION('',(0.0,-0.9815390772049373,0.19126170531415843));
#1547=AXIS2_PLACEMENT_3D('',#143,#1545,#1546);
#1548=PLANE('',#1547);
#1549=FACE_SURFACE('',(#1544),#1548,.T.);
#1550=POLY_LOOP('',(#183,#195,#184));
#1551=FACE_OUTER_BOUND('',#1550,.T.);
#1552=DIRECTION('',(1.0,0.0,0.0));
#1553=DIRECTION('',(0.0,-0.5701996680159449,0.821506140326721));
#1554=AXIS2_PLACEMENT_3D('',#183,#1552,#1553);
#1555=PLANE('',#1554);
#1556=FACE_SURFACE('',(#1551),#1555,.T.);
#1557=POLY_LOOP('',(#196,#197,#195));
#1558=FACE_OUTER_BOUND('',#1557,.T.);
#1559=DIRECTION('',(1.0,0.0,0.0));
#1560=DIRECTION('',(0.0,-0.6844705786979747,0.7290404837160002));
#1561=AXIS2_PLACEMENT_3D('',#196,#1559,#1560);
#1562=PLANE('',#1561);
#1563=FACE_SURFACE('',(#1558),#1562,.T.);
#1564=POLY_LOOP('',(#172,#173,#198));
#1565=FACE_OUTER_BOUND('',#1564,.T.);
#1566=DIRECTION('',(1.0,0.0,0.0));
#1567=DIRECTION('',(0.0,-0.9970198004773446,-0.07714607868269047));
#1568=AXIS2_PLACEMENT_3D('',#172,#1566,#1567);
#1569=PLANE('',#1568);
#1570=FACE_SURFACE('',(#1565),#1569,.T.);
#1571=POLY_LOOP('',(#198,#173,#199));
#1572=FACE_OUTER_BOUND('',#1571,.T.);
#1573=DIRECTION('',(1.0,0.0,0.0));
#1574=DIRECTION('',(0.0,-0.9424418261500209,0.33437016063490743));
#1575=AXIS2_PLACEMENT_3D('',#198,#1573,#1574);
#1576=PLANE('',#1575);
#1577=FACE_SURFACE('',(#1572),#1576,.T.);
#1578=POLY_LOOP('',(#198,#199,#128));
#1579=FACE_OUTER_BOUND('',#1578,.T.);
#1580=DIRECTION('',(0.9999999999999999,-0.0,0.0));
#1581=DIRECTION('',(0.0,-0.940612187863929,-0.3394830070001044));
#1582=AXIS2_PLACEMENT_3D('',#198,#1580,#1581);
#1583=PLANE('',#1582);
#1584=FACE_SURFACE('',(#1579),#1583,.T.);
#1585=POLY_LOOP('',(#128,#199,#200));
#1586=FACE_OUTER_BOUND('',#1585,.T.);
#1587=DIRECTION('',(1.0,0.0,0.0));
#1588=DIRECTION('',(0.0,-0.999996585391684,-0.0026132747602048423));
#1589=AXIS2_PLACEMENT_3D('',#128,#1587,#1588);
#1590=PLANE('',#1589);
#1591=FACE_SURFACE('',(#1586),#1590,.T.);
#1592=POLY_LOOP('',(#128,#200,#126));
#1593=FACE_OUTER_BOUND('',#1592,.T.);
#1594=DIRECTION('',(0.9999999999999999,0.0,0.0));
#1595=DIRECTION('',(0.0,-0.7861424544046115,-0.618045339261363));
#1596=AXIS2_PLACEMENT_3D('',#128,#1594,#1595);
#1597=PLANE('',#1596);
#1598=FACE_SURFACE('',(#1593),#1597,.T.);
#1599=POLY_LOOP('',(#176,#201,#174));
#1600=FACE_OUTER_BOUND('',#1599,.T.);
#1601=DIRECTION('',(1.0,-0.0,0.0));
#1602=DIRECTION('',(0.0,0.7523038627771917,-0.6588162855079679));
#1603=AXIS2_PLACEMENT_3D('',#176,#1601,#1602);
#1604=PLANE('',#1603);
#1605=FACE_SURFACE('',(#1600),#1604,.T.);
#1606=POLY_LOOP('',(#188,#49,#186));
#1607=FACE_OUTER_BOUND('',#1606,.T.);
#1608=DIRECTION('',(1.0,0.0,0.0));
#1609=DIRECTION('',(0.0,-0.9809224311074104,0.1943995477112225));
#1610=AXIS2_PLACEMENT_3D('',#188,#1608,#1609);
#1611=PLANE('',#1610);
#1612=FACE_SURFACE('',(#1607),#1611,.T.);
#1613=POLY_LOOP('',(#186,#49,#51));
#1614=FACE_OUTER_BOUND('',#1613,.T.);
#1615=DIRECTION('',(1.0,0.0,-0.0));
#1616=DIRECTION('',(0.0,0.7082176323357906,0.7059941821634843));
#1617=AXIS2_PLACEMENT_3D('',#186,#1615,#1616);
#1618=PLANE('',#1617);
#1619=FACE_SURFACE('',(#1614),#1618,.T.);
#1620=POLY_LOOP('',(#56,#57,#202));
#1621=FACE_OUTER_BOUND('',#1620,.T.);
#1622=DIRECTION('',(1.0,0.0,0.0));
#1623=DIRECTION('',(0.0,-0.043391101968832925,0.999058162606127));
#1624=AXIS2_PLACEMENT_3D('',#56,#1622,#1623);
#1625=PLANE('',#1624);
#1626=FACE_SURFACE('',(#1621),#1625,.T.);
#1627=POLY_LOOP('',(#196,#195,#183));
#1628=FACE_OUTER_BOUND('',#1627,.T.);
#1629=DIRECTION('',(1.0,0.0,0.0));
#1630=DIRECTION('',(0.0,-0.9879490311025543,0.1547795591915297));
#1631=AXIS2_PLACEMENT_3D('',#196,#1629,#1630);
#1632=PLANE('',#1631);
#1633=FACE_SURFACE('',(#1628),#1632,.T.);
#1634=POLY_LOOP('',(#202,#57,#203));
#1635=FACE_OUTER_BOUND('',#1634,.T.);
#1636=DIRECTION('',(1.0,0.0,-0.0));
#1637=DIRECTION('',(0.0,0.703460259025915,0.7107345946070112));
#1638=AXIS2_PLACEMENT_3D('',#202,#1636,#1637);
#1639=PLANE('',#1638);
#1640=FACE_SURFACE('',(#1635),#1639,.T.);
#1641=POLY_LOOP('',(#204,#203,#205));
#1642=FACE_OUTER_BOUND('',#1641,.T.);
#1643=DIRECTION('',(1.0,0.0,-0.0));
#1644=DIRECTION('',(0.0,0.6239760081238802,0.7814434984602454));
#1645=AXIS2_PLACEMENT_3D('',#204,#1643,#1644);
#1646=PLANE('',#1645);
#1647=FACE_SURFACE('',(#1642),#1646,.T.);
#1648=POLY_LOOP('',(#204,#205,#206));
#1649=FACE_OUTER_BOUND('',#1648,.T.);
#1650=DIRECTION('',(1.0,0.0,0.0));
#1651=DIRECTION('',(0.0,-0.08878599887554098,0.9960507248145911));
#1652=AXIS2_PLACEMENT_3D('',#204,#1650,#1651);
#1653=PLANE('',#1652);
#1654=FACE_SURFACE('',(#1649),#1653,.T.);
#1655=POLY_LOOP('',(#206,#205,#159));
#1656=FACE_OUTER_BOUND('',#1655,.T.);
#1657=DIRECTION('',(1.0,0.0,-0.0));
#1658=DIRECTION('',(0.0,0.5270602587972075,0.849827914107686));
#1659=AXIS2_PLACEMENT_3D('',#206,#1657,#1658);
#1660=PLANE('',#1659);
#1661=FACE_SURFACE('',(#1656),#1660,.T.);
#1662=POLY_LOOP('',(#206,#159,#134));
#1663=FACE_OUTER_BOUND('',#1662,.T.);
#1664=DIRECTION('',(1.0,0.0,0.0));
#1665=DIRECTION('',(0.0,-0.11979205217271448,0.9927990049532934));
#1666=AXIS2_PLACEMENT_3D('',#206,#1664,#1665);
#1667=PLANE('',#1666);
#1668=FACE_SURFACE('',(#1663),#1667,.T.);
#1669=POLY_LOOP('',(#134,#159,#135));
#1670=FACE_OUTER_BOUND('',#1669,.T.);
#1671=DIRECTION('',(1.0,0.0,-0.0));
#1672=DIRECTION('',(0.0,0.4134909436552787,0.910508231437293));
#1673=AXIS2_PLACEMENT_3D('',#134,#1671,#1672);
#1674=PLANE('',#1673);
#1675=FACE_SURFACE('',(#1670),#1674,.T.);
#1676=POLY_LOOP('',(#134,#135,#136));
#1677=FACE_OUTER_BOUND('',#1676,.T.);
#1678=DIRECTION('',(0.9999999999999999,0.0,0.0));
#1679=DIRECTION('',(0.0,-0.9488810197653784,0.3156339815815393));
#1680=AXIS2_PLACEMENT_3D('',#134,#1678,#1679);
#1681=PLANE('',#1680);
#1682=FACE_SURFACE('',(#1677),#1681,.T.);
#1683=POLY_LOOP('',(#174,#201,#207));
#1684=FACE_OUTER_BOUND('',#1683,.T.);
#1685=DIRECTION('',(1.0,0.0,0.0));
#1686=DIRECTION('',(0.0,-0.9660496683524934,-0.25835641713732904));
#1687=AXIS2_PLACEMENT_3D('',#174,#1685,#1686);
#1688=PLANE('',#1687);
#1689=FACE_SURFACE('',(#1684),#1688,.T.);
#1690=POLY_LOOP('',(#207,#201,#197));
#1691=FACE_OUTER_BOUND('',#1690,.T.);
#1692=DIRECTION('',(1.0,0.0,0.0));
#1693=DIRECTION('',(0.0,-0.8774162408040473,0.479729861873632));
#1694=AXIS2_PLACEMENT_3D('',#207,#1692,#1693);
#1695=PLANE('',#1694);
#1696=FACE_SURFACE('',(#1691),#1695,.T.);
#1697=POLY_LOOP('',(#207,#197,#196));
#1698=FACE_OUTER_BOUND('',#1697,.T.);
#1699=DIRECTION('',(1.0,0.0,0.0));
#1700=DIRECTION('',(0.0,-0.9986317231872464,-0.05229418174205559));
#1701=AXIS2_PLACEMENT_3D('',#207,#1699,#1700);
#1702=PLANE('',#1701);
#1703=FACE_SURFACE('',(#1698),#1702,.T.);
#1704=POLY_LOOP('',(#202,#203,#204));
#1705=FACE_OUTER_BOUND('',#1704,.T.);
#1706=DIRECTION('',(1.0,0.0,0.0));
#1707=DIRECTION('',(0.0,-0.06610562621244015,0.997812630799521));
#1708=AXIS2_PLACEMENT_3D('',#202,#1706,#1707);
#1709=PLANE('',#1708);
#1710=FACE_SURFACE('',(#1705),#1709,.T.);
#1711=POLY_LOOP('',(#151,#94,#208));
#1712=FACE_OUTER_BOUND('',#1711,.T.);
#1713=DIRECTION('',(-1.0,-0.0,-0.0));
#1714=DIRECTION('',(0.0,0.3995376051930267,-0.9167168058002543));
#1715=AXIS2_PLACEMENT_3D('',#151,#1713,#1714);
#1716=PLANE('',#1715);
#1717=FACE_SURFACE('',(#1712),#1716,.T.);
#1718=POLY_LOOP('',(#209,#210,#211));
#1719=FACE_OUTER_BOUND('',#1718,.T.);
#1720=DIRECTION('',(0.5555725439788723,0.8280333024917087,-0.075498333369145));
#1721=DIRECTION('',(-0.38374042571949596,0.17479706703732142,-0.9067465307481304));
#1722=AXIS2_PLACEMENT_3D('',#209,#1720,#1721);
#1723=PLANE('',#1722);
#1724=FACE_SURFACE('',(#1719),#1723,.T.);
#1725=POLY_LOOP('',(#101,#39,#212));
#1726=FACE_OUTER_BOUND('',#1725,.T.);
#1727=DIRECTION('',(-1.0,-0.0,-0.0));
#1728=DIRECTION('',(0.0,0.06610560982174861,-0.997812631885413));
#1729=AXIS2_PLACEMENT_3D('',#101,#1727,#1728);
#1730=PLANE('',#1729);
#1731=FACE_SURFACE('',(#1726),#1730,.T.);
#1732=POLY_LOOP('',(#79,#213,#78));
#1733=FACE_OUTER_BOUND('',#1732,.T.);
#1734=DIRECTION('',(0.0,0.959019640161259,-0.28333960151198306));
#1735=DIRECTION('',(0.8871291311719511,-0.13076725947313597,-0.4426079851019238));
#1736=AXIS2_PLACEMENT_3D('',#79,#1734,#1735);
#1737=PLANE('',#1736);
#1738=FACE_SURFACE('',(#1733),#1737,.T.);
#1739=POLY_LOOP('',(#78,#213,#214));
#1740=FACE_OUTER_BOUND('',#1739,.T.);
#1741=DIRECTION('',(0.0,0.7775876663987691,-0.6287745391350675));
#1742=DIRECTION('',(1.0,0.0,0.0));
#1743=AXIS2_PLACEMENT_3D('',#78,#1741,#1742);
#1744=PLANE('',#1743);
#1745=FACE_SURFACE('',(#1740),#1744,.T.);
#1746=POLY_LOOP('',(#78,#214,#77));
#1747=FACE_OUTER_BOUND('',#1746,.T.);
#1748=DIRECTION('',(0.0,0.7775876663987691,-0.6287745391350675));
#1749=DIRECTION('',(0.8871293830674485,-0.29019253436056813,-0.35887288933514966));
#1750=AXIS2_PLACEMENT_3D('',#78,#1748,#1749);
#1751=PLANE('',#1750);
#1752=FACE_SURFACE('',(#1747),#1751,.T.);
#1753=POLY_LOOP('',(#77,#214,#215));
#1754=FACE_OUTER_BOUND('',#1753,.T.);
#1755=DIRECTION('',(0.0,0.47777787042921926,-0.8784806807939034));
#1756=DIRECTION('',(1.0,0.0,0.0));
#1757=AXIS2_PLACEMENT_3D('',#77,#1755,#1756);
#1758=PLANE('',#1757);
#1759=FACE_SURFACE('',(#1754),#1758,.T.);
#1760=POLY_LOOP('',(#77,#215,#76));
#1761=FACE_OUTER_BOUND('',#1760,.T.);
#1762=DIRECTION('',(0.0,0.47777787042921926,-0.8784806807939034));
#1763=DIRECTION('',(0.8871295175335582,-0.40543688796213956,-0.22050430608097366));
#1764=AXIS2_PLACEMENT_3D('',#77,#1762,#1763);
#1765=PLANE('',#1764);
#1766=FACE_SURFACE('',(#1761),#1765,.T.);
#1767=POLY_LOOP('',(#76,#215,#216));
#1768=FACE_OUTER_BOUND('',#1767,.T.);
#1769=DIRECTION('',(0.0,0.10522970258809648,-0.9944479421735561));
#1770=DIRECTION('',(1.0,0.0,0.0));
#1771=AXIS2_PLACEMENT_3D('',#76,#1769,#1770);
#1772=PLANE('',#1771);
#1773=FACE_SURFACE('',(#1768),#1772,.T.);
#1774=POLY_LOOP('',(#76,#216,#38));
#1775=FACE_OUTER_BOUND('',#1774,.T.);
#1776=DIRECTION('',(0.0,0.10522970258809648,-0.9944479421735561));
#1777=DIRECTION('',(0.8871295676705948,-0.45895806651000154,-0.048565660193026376));
#1778=AXIS2_PLACEMENT_3D('',#76,#1776,#1777);
#1779=PLANE('',#1778);
#1780=FACE_SURFACE('',(#1775),#1779,.T.);
#1781=POLY_LOOP('',(#59,#41,#217));
#1782=FACE_OUTER_BOUND('',#1781,.T.);
#1783=DIRECTION('',(0.0,0.34545630069755895,0.9384348375398037));
#1784=DIRECTION('',(-1.0,0.0,0.0));
#1785=AXIS2_PLACEMENT_3D('',#59,#1783,#1784);
#1786=PLANE('',#1785);
#1787=FACE_SURFACE('',(#1782),#1786,.T.);
#1788=POLY_LOOP('',(#217,#41,#29));
#1789=FACE_OUTER_BOUND('',#1788,.T.);
#1790=DIRECTION('',(0.0,0.34545630069755895,0.9384348375398037));
#1791=DIRECTION('',(-0.9452957816413979,0.30613103002378717,-0.1126928465677994));
#1792=AXIS2_PLACEMENT_3D('',#217,#1790,#1791);
#1793=PLANE('',#1792);
#1794=FACE_SURFACE('',(#1789),#1793,.T.);
#1795=POLY_LOOP('',(#79,#218,#213));
#1796=FACE_OUTER_BOUND('',#1795,.T.);
#1797=DIRECTION('',(0.0,0.959019640161259,-0.28333960151198306));
#1798=DIRECTION('',(1.0,0.0,0.0));
#1799=AXIS2_PLACEMENT_3D('',#79,#1797,#1798);
#1800=PLANE('',#1799);
#1801=FACE_SURFACE('',(#1796),#1800,.T.);
#1802=POLY_LOOP('',(#217,#29,#219));
#1803=FACE_OUTER_BOUND('',#1802,.T.);
#1804=DIRECTION('',(0.0,0.7683918968614128,0.6399796034544537));
#1805=DIRECTION('',(-1.0,0.0,0.0));
#1806=AXIS2_PLACEMENT_3D('',#217,#1804,#1805);
#1807=PLANE('',#1806);
#1808=FACE_SURFACE('',(#1803),#1807,.T.);
#1809=POLY_LOOP('',(#219,#28,#220));
#1810=FACE_OUTER_BOUND('',#1809,.T.);
#1811=DIRECTION('',(0.0,0.985436486412803,0.17004390975977252));
#1812=DIRECTION('',(-1.0,0.0,0.0));
#1813=AXIS2_PLACEMENT_3D('',#219,#1811,#1812);
#1814=PLANE('',#1813);
#1815=FACE_SURFACE('',(#1810),#1814,.T.);
#1816=POLY_LOOP('',(#220,#28,#82));
#1817=FACE_OUTER_BOUND('',#1816,.T.);
#1818=DIRECTION('',(0.0,0.985436486412803,0.17004390975977252));
#1819=DIRECTION('',(-0.9452958234311586,0.05547076455130618,-0.3214635290102151));
#1820=AXIS2_PLACEMENT_3D('',#220,#1818,#1819);
#1821=PLANE('',#1820);
#1822=FACE_SURFACE('',(#1817),#1821,.T.);
#1823=POLY_LOOP('',(#220,#82,#85));
#1824=FACE_OUTER_BOUND('',#1823,.T.);
#1825=DIRECTION('',(0.0,0.985436486412803,0.17004390975977252));
#1826=DIRECTION('',(-1.0,0.0,0.0));
#1827=AXIS2_PLACEMENT_3D('',#220,#1825,#1826);
#1828=PLANE('',#1827);
#1829=FACE_SURFACE('',(#1824),#1828,.T.);
#1830=POLY_LOOP('',(#220,#85,#221));
#1831=FACE_OUTER_BOUND('',#1830,.T.);
#1832=DIRECTION('',(-0.0,0.985436486412803,0.17004390975977252));
#1833=DIRECTION('',(-0.9452958234311586,-0.05547076455130618,0.3214635290102151));
#1834=AXIS2_PLACEMENT_3D('',#220,#1832,#1833);
#1835=PLANE('',#1834);
#1836=FACE_SURFACE('',(#1831),#1835,.T.);
#1837=POLY_LOOP('',(#221,#85,#87));
#1838=FACE_OUTER_BOUND('',#1837,.T.);
#1839=DIRECTION('',(0.0,0.7683911422784203,0.6399805094438926));
#1840=DIRECTION('',(-1.0,0.0,0.0));
#1841=AXIS2_PLACEMENT_3D('',#221,#1839,#1840);
#1842=PLANE('',#1841);
#1843=FACE_SURFACE('',(#1838),#1842,.T.);
#1844=POLY_LOOP('',(#221,#87,#222));
#1845=FACE_OUTER_BOUND('',#1844,.T.);
#1846=DIRECTION('',(-0.0,0.7683911422784203,0.6399805094438926));
#1847=DIRECTION('',(-0.9452960416676137,-0.20877042515696143,0.25065973587180457));
#1848=AXIS2_PLACEMENT_3D('',#221,#1846,#1847);
#1849=PLANE('',#1848);
#1850=FACE_SURFACE('',(#1845),#1849,.T.);
#1851=POLY_LOOP('',(#222,#87,#86));
#1852=FACE_OUTER_BOUND('',#1851,.T.);
#1853=DIRECTION('',(0.0,0.3454577092130818,0.938434319036367));
#1854=DIRECTION('',(-1.0,0.0,0.0));
#1855=AXIS2_PLACEMENT_3D('',#222,#1853,#1854);
#1856=PLANE('',#1855);
#1857=FACE_SURFACE('',(#1852),#1856,.T.);
#1858=POLY_LOOP('',(#222,#86,#223));
#1859=FACE_OUTER_BOUND('',#1858,.T.);
#1860=DIRECTION('',(-0.0,0.3454577092130818,0.938434319036367));
#1861=DIRECTION('',(-0.9452959235502161,-0.30613047497754375,0.11269316398685181));
#1862=AXIS2_PLACEMENT_3D('',#222,#1860,#1861);
#1863=PLANE('',#1862);
#1864=FACE_SURFACE('',(#1859),#1863,.T.);
#1865=POLY_LOOP('',(#224,#225,#226));
#1866=FACE_OUTER_BOUND('',#1865,.T.);
#1867=DIRECTION('',(0.2588153448345066,-0.9619364985074437,0.08770855213395208));
#1868=DIRECTION('',(0.0,0.09080248163817273,0.9958689217604642));
#1869=AXIS2_PLACEMENT_3D('',#224,#1867,#1868);
#1870=PLANE('',#1869);
#1871=FACE_SURFACE('',(#1866),#1870,.T.);
#1872=POLY_LOOP('',(#219,#29,#28));
#1873=FACE_OUTER_BOUND('',#1872,.T.);
#1874=DIRECTION('',(0.0,0.7683918968614128,0.6399796034544537));
#1875=DIRECTION('',(-0.945295899261214,0.20877039370623773,-0.25066029911351173));
#1876=AXIS2_PLACEMENT_3D('',#219,#1874,#1875);
#1877=PLANE('',#1876);
#1878=FACE_SURFACE('',(#1873),#1877,.T.);
#1879=POLY_LOOP('',(#226,#225,#227));
#1880=FACE_OUTER_BOUND('',#1879,.T.);
#1881=DIRECTION('',(0.25881806783939226,-0.9619359044042894,0.08770703265864865));
#1882=DIRECTION('',(0.44403714962101115,0.19912538570934765,0.8736017917349709));
#1883=AXIS2_PLACEMENT_3D('',#226,#1881,#1882);
#1884=PLANE('',#1883);
#1885=FACE_SURFACE('',(#1880),#1884,.T.);
#1886=POLY_LOOP('',(#211,#228,#229));
#1887=FACE_OUTER_BOUND('',#1886,.T.);
#1888=DIRECTION('',(0.1950894203348478,0.9767338691341078,-0.08905653799541487));
#1889=DIRECTION('',(-0.45265301410196795,0.00911346242206417,-0.8916401704875601));
#1890=AXIS2_PLACEMENT_3D('',#211,#1888,#1889);
#1891=PLANE('',#1890);
#1892=FACE_SURFACE('',(#1887),#1891,.T.);
#1893=POLY_LOOP('',(#209,#230,#210));
#1894=FACE_OUTER_BOUND('',#1893,.T.);
#1895=DIRECTION('',(0.555569140048401,0.8280357609194132,-0.07549641888519426));
#1896=DIRECTION('',(0.0,-0.09079869120644775,-0.9958692673615328));
#1897=AXIS2_PLACEMENT_3D('',#209,#1895,#1896);
#1898=PLANE('',#1897);
#1899=FACE_SURFACE('',(#1894),#1898,.T.);
#1900=POLY_LOOP('',(#113,#43,#231));
#1901=FACE_OUTER_BOUND('',#1900,.T.);
#1902=DIRECTION('',(-0.9807852521146719,0.017714291845417784,0.19428456732014218));
#1903=DIRECTION('',(0.0,-0.9958691117205997,0.09080039824154759));
#1904=AXIS2_PLACEMENT_3D('',#113,#1902,#1903);
#1905=PLANE('',#1904);
#1906=FACE_SURFACE('',(#1901),#1905,.T.);
#1907=POLY_LOOP('',(#113,#231,#232));
#1908=FACE_OUTER_BOUND('',#1907,.T.);
#1909=DIRECTION('',(-0.980785197346684,0.01771435872236714,0.19428483770145644));
#1910=DIRECTION('',(0.02889968111152901,-0.9716896260390236,0.23448684201846876));
#1911=AXIS2_PLACEMENT_3D('',#113,#1909,#1910);
#1912=PLANE('',#1911);
#1913=FACE_SURFACE('',(#1908),#1912,.T.);
#1914=POLY_LOOP('',(#232,#231,#233));
#1915=FACE_OUTER_BOUND('',#1914,.T.);
#1916=DIRECTION('',(-0.8314693009102558,0.05044615997847297,0.5532756876885491));
#1917=DIRECTION('',(0.0,-0.9958690921494127,0.09080061289167984));
#1918=AXIS2_PLACEMENT_3D('',#232,#1916,#1917);
#1919=PLANE('',#1918);
#1920=FACE_SURFACE('',(#1915),#1919,.T.);
#1921=POLY_LOOP('',(#232,#233,#234));
#1922=FACE_OUTER_BOUND('',#1921,.T.);
#1923=DIRECTION('',(-0.8314693694120471,0.05044613227715406,0.5532755872689562));
#1924=DIRECTION('',(0.0822991878681735,-0.9736980444060432,0.212459318449641));
#1925=AXIS2_PLACEMENT_3D('',#232,#1923,#1924);
#1926=PLANE('',#1925);
#1927=FACE_SURFACE('',(#1922),#1926,.T.);
#1928=POLY_LOOP('',(#234,#233,#235));
#1929=FACE_OUTER_BOUND('',#1928,.T.);
#1930=DIRECTION('',(-0.5555705432750312,0.07549790404815648,0.8280346840135516));
#1931=DIRECTION('',(0.0,-0.9958690951678795,0.09080057978619467));
#1932=AXIS2_PLACEMENT_3D('',#234,#1930,#1931);
#1933=PLANE('',#1932);
#1934=FACE_SURFACE('',(#1929),#1933,.T.);
#1935=POLY_LOOP('',(#234,#235,#236));
#1936=FACE_OUTER_BOUND('',#1935,.T.);
#1937=DIRECTION('',(-0.5555705432750312,0.07549790404815648,0.8280346840135516));
#1938=DIRECTION('',(0.12316928975947371,-0.9774090860876954,0.17175798232793363));
#1939=AXIS2_PLACEMENT_3D('',#234,#1937,#1938);
#1940=PLANE('',#1939);
#1941=FACE_SURFACE('',(#1936),#1940,.T.);
#1942=POLY_LOOP('',(#236,#235,#237));
#1943=FACE_OUTER_BOUND('',#1942,.T.);
#1944=DIRECTION('',(-0.19509067587997608,0.08905586571511108,0.976733679651944));
#1945=DIRECTION('',(0.0,-0.9958690951678795,0.09080057978619467));
#1946=AXIS2_PLACEMENT_3D('',#236,#1944,#1945);
#1947=PLANE('',#1946);
#1948=FACE_SURFACE('',(#1943),#1947,.T.);
#1949=POLY_LOOP('',(#236,#237,#238));
#1950=FACE_OUTER_BOUND('',#1949,.T.);
#1951=DIRECTION('',(-0.19509067587997608,0.08905586571511108,0.976733679651944));
#1952=DIRECTION('',(0.14528827003828218,-0.9822577641472189,0.11857910170763548));
#1953=AXIS2_PLACEMENT_3D('',#236,#1951,#1952);
#1954=PLANE('',#1953);
#1955=FACE_SURFACE('',(#1950),#1954,.T.);
#1956=POLY_LOOP('',(#239,#240,#241));
#1957=FACE_OUTER_BOUND('',#1956,.T.);
#1958=DIRECTION('',(0.9807852378646603,-0.19428462314173597,0.017714468590263353));
#1959=DIRECTION('',(0.0,0.09080127086175221,0.9958690321572866));
#1960=AXIS2_PLACEMENT_3D('',#239,#1958,#1959);
#1961=PLANE('',#1960);
#1962=FACE_SURFACE('',(#1957),#1961,.T.);
#1963=POLY_LOOP('',(#211,#210,#228));
#1964=FACE_OUTER_BOUND('',#1963,.T.);
#1965=DIRECTION('',(0.1950894203348478,0.9767338691341078,-0.08905653799541487));
#1966=DIRECTION('',(0.0,-0.09080124211604472,-0.9958690347782602));
#1967=AXIS2_PLACEMENT_3D('',#211,#1965,#1966);
#1968=PLANE('',#1967);
#1969=FACE_SURFACE('',(#1964),#1968,.T.);
#1970=POLY_LOOP('',(#239,#241,#242));
#1971=FACE_OUTER_BOUND('',#1970,.T.);
#1972=DIRECTION('',(0.9807850504675545,-0.19428560673040418,0.017714056473753712));
#1973=DIRECTION('',(-0.09003859594394953,-0.3702317600298909,0.9245655710146314));
#1974=AXIS2_PLACEMENT_3D('',#239,#1972,#1973);
#1975=PLANE('',#1974);
#1976=FACE_SURFACE('',(#1971),#1975,.T.);
#1977=POLY_LOOP('',(#242,#243,#244));
#1978=FACE_OUTER_BOUND('',#1977,.T.);
#1979=DIRECTION('',(0.8314700158960111,-0.5532746540636835,0.050445711776113074));
#1980=DIRECTION('',(-0.2564073865142611,-0.30160490395303835,0.9183080823190031));
#1981=AXIS2_PLACEMENT_3D('',#242,#1979,#1980);
#1982=PLANE('',#1981);
#1983=FACE_SURFACE('',(#1978),#1982,.T.);
#1984=POLY_LOOP('',(#244,#243,#245));
#1985=FACE_OUTER_BOUND('',#1984,.T.);
#1986=DIRECTION('',(0.5555708995539047,-0.8280344923306007,0.07549738458827296));
#1987=DIRECTION('',(0.0,0.09079998103391673,0.9958691497602686));
#1988=AXIS2_PLACEMENT_3D('',#244,#1986,#1987);
#1989=PLANE('',#1988);
#1990=FACE_SURFACE('',(#1985),#1989,.T.);
#1991=POLY_LOOP('',(#244,#245,#246));
#1992=FACE_OUTER_BOUND('',#1991,.T.);
#1993=DIRECTION('',(0.5555708228385342,-0.8280345477369012,0.07549734144100492));
#1994=DIRECTION('',(-0.3837403275923631,-0.17479702233956776,0.9067465808926585));
#1995=AXIS2_PLACEMENT_3D('',#244,#1993,#1994);
#1996=PLANE('',#1995);
#1997=FACE_SURFACE('',(#1992),#1996,.T.);
#1998=POLY_LOOP('',(#246,#245,#247));
#1999=FACE_OUTER_BOUND('',#1998,.T.);
#2000=DIRECTION('',(0.19508942033483367,-0.9767339870478685,0.08905524475847998));
#2001=DIRECTION('',(0.0,0.0907999235433413,0.9958691550020632));
#2002=AXIS2_PLACEMENT_3D('',#246,#2000,#2001);
#2003=PLANE('',#2002);
#2004=FACE_SURFACE('',(#1999),#2003,.T.);
#2005=POLY_LOOP('',(#246,#247,#248));
#2006=FACE_OUTER_BOUND('',#2005,.T.);
#2007=DIRECTION('',(0.19508942033483367,-0.9767339870478685,0.08905524475847998));
#2008=DIRECTION('',(-0.45265278180715185,-0.009114585787965906,0.8916402769324413));
#2009=AXIS2_PLACEMENT_3D('',#246,#2007,#2008);
#2010=PLANE('',#2009);
#2011=FACE_SURFACE('',(#2006),#2010,.T.);
#2012=POLY_LOOP('',(#249,#250,#251));
#2013=FACE_OUTER_BOUND('',#2012,.T.);
#2014=DIRECTION('',(0.9807850546910403,0.19428556417627166,-0.017714289356360123));
#2015=DIRECTION('',(0.0,-0.0907999235433413,-0.9958691550020632));
#2016=AXIS2_PLACEMENT_3D('',#249,#2014,#2015);
#2017=PLANE('',#2016);
#2018=FACE_SURFACE('',(#2013),#2017,.T.);
#2019=POLY_LOOP('',(#249,#251,#252));
#2020=FACE_OUTER_BOUND('',#2019,.T.);
#2021=DIRECTION('',(0.9807852399763434,0.1942845916712561,-0.017714696827206132));
#2022=DIRECTION('',(-0.0900385396416165,0.37023040047628614,-0.9245661209142232));
#2023=AXIS2_PLACEMENT_3D('',#249,#2021,#2022);
#2024=PLANE('',#2023);
#2025=FACE_SURFACE('',(#2020),#2024,.T.);
#2026=POLY_LOOP('',(#252,#251,#230));
#2027=FACE_OUTER_BOUND('',#2026,.T.);
#2028=DIRECTION('',(0.8314707671917846,0.5532734094621005,-0.05044697897484287));
#2029=DIRECTION('',(0.0,-0.0908024457055901,-0.9958689250367658));
#2030=AXIS2_PLACEMENT_3D('',#252,#2028,#2029);
#2031=PLANE('',#2030);
#2032=FACE_SURFACE('',(#2027),#2031,.T.);
#2033=POLY_LOOP('',(#252,#230,#209));
#2034=FACE_OUTER_BOUND('',#2033,.T.);
#2035=DIRECTION('',(0.831468530413307,0.5532769333950531,-0.050445197048891555));
#2036=DIRECTION('',(-0.256407340944777,0.3016037223079414,-0.9183084831360445));
#2037=AXIS2_PLACEMENT_3D('',#252,#2035,#2036);
#2038=PLANE('',#2037);
#2039=FACE_SURFACE('',(#2034),#2038,.T.);
#2040=POLY_LOOP('',(#242,#241,#243));
#2041=FACE_OUTER_BOUND('',#2040,.T.);
#2042=DIRECTION('',(0.8314692645943078,-0.5532758377012944,0.050445113251255475));
#2043=DIRECTION('',(0.0,0.09079871995135194,0.9958692647407068));
#2044=AXIS2_PLACEMENT_3D('',#242,#2042,#2043);
#2045=PLANE('',#2044);
#2046=FACE_SURFACE('',(#2041),#2045,.T.);
#2047=POLY_LOOP('',(#253,#254,#42));
#2048=FACE_OUTER_BOUND('',#2047,.T.);
#2049=DIRECTION('',(0.96592627856329,-0.023500719104336067,-0.2577482115989407));
#2050=DIRECTION('',(0.012842047857258074,-0.9902906221014762,0.13841808257848104));
#2051=AXIS2_PLACEMENT_3D('',#253,#2049,#2050);
#2052=PLANE('',#2051);
#2053=FACE_SURFACE('',(#2048),#2052,.T.);
#2054=POLY_LOOP('',(#226,#227,#255));
#2055=FACE_OUTER_BOUND('',#2054,.T.);
#2056=DIRECTION('',(0.7071067751312098,-0.7041857707787085,0.06420598723123037));
#2057=DIRECTION('',(0.0,0.09080097715038192,0.995869058937236));
#2058=AXIS2_PLACEMENT_3D('',#226,#2056,#2057);
#2059=PLANE('',#2058);
#2060=FACE_SURFACE('',(#2055),#2059,.T.);
#2061=POLY_LOOP('',(#255,#256,#257));
#2062=FACE_OUTER_BOUND('',#2061,.T.);
#2063=DIRECTION('',(0.9659259775403992,-0.25774931758273717,0.023500961645383105));
#2064=DIRECTION('',(0.0,0.09080094121835607,0.995869062213432));
#2065=AXIS2_PLACEMENT_3D('',#255,#2063,#2064);
#2066=PLANE('',#2065);
#2067=FACE_SURFACE('',(#2062),#2066,.T.);
#2068=POLY_LOOP('',(#258,#259,#260));
#2069=FACE_OUTER_BOUND('',#2068,.T.);
#2070=DIRECTION('',(0.6947473849342107,0.24847189676014936,0.6749724347315891));
#2071=DIRECTION('',(-0.5661787924841941,0.7676867502241953,0.30016433577517815));
#2072=AXIS2_PLACEMENT_3D('',#258,#2070,#2071);
#2073=PLANE('',#2072);
#2074=FACE_SURFACE('',(#2069),#2073,.T.);
#2075=POLY_LOOP('',(#258,#260,#261));
#2076=FACE_OUTER_BOUND('',#2075,.T.);
#2077=DIRECTION('',(0.5085897547608327,0.5695748365095301,0.645694174487782));
#2078=DIRECTION('',(-0.6123724086874779,-0.2878843552256841,0.7362897738625661));
#2079=AXIS2_PLACEMENT_3D('',#258,#2077,#2078);
#2080=PLANE('',#2079);
#2081=FACE_SURFACE('',(#2076),#2080,.T.);
#2082=POLY_LOOP('',(#261,#260,#262));
#2083=FACE_OUTER_BOUND('',#2082,.T.);
#2084=DIRECTION('',(0.5085895150416,0.5695719123469267,0.6456969427333654));
#2085=DIRECTION('',(-0.8589557044297009,0.3874001323712727,0.33483762522511806));
#2086=AXIS2_PLACEMENT_3D('',#261,#2084,#2085);
#2087=PLANE('',#2086);
#2088=FACE_SURFACE('',(#2083),#2087,.T.);
#2089=POLY_LOOP('',(#261,#262,#263));
#2090=FACE_OUTER_BOUND('',#2089,.T.);
#2091=DIRECTION('',(0.18615853236598967,0.7549585972253967,0.6287944952866571));
#2092=DIRECTION('',(-0.353552750497102,-0.545638252903013,0.7597890164939748));
#2093=AXIS2_PLACEMENT_3D('',#261,#2091,#2092);
#2094=PLANE('',#2093);
#2095=FACE_SURFACE('',(#2090),#2094,.T.);
#2096=POLY_LOOP('',(#263,#262,#264));
#2097=FACE_OUTER_BOUND('',#2096,.T.);
#2098=DIRECTION('',(0.1861577472928593,0.7549600949489025,0.6287929294748726));
#2099=DIRECTION('',(-0.9215756266872711,-0.08771956898530132,0.3781582228551911));
#2100=AXIS2_PLACEMENT_3D('',#263,#2098,#2099);
#2101=PLANE('',#2100);
#2102=FACE_SURFACE('',(#2097),#2101,.T.);
#2103=POLY_LOOP('',(#263,#264,#265));
#2104=FACE_OUTER_BOUND('',#2103,.T.);
#2105=DIRECTION('',(-0.18615892774271306,0.7549599230902518,0.6287927863368378));
#2106=DIRECTION('',(0.0,-0.639979861240116,0.7683916821563609));
#2107=AXIS2_PLACEMENT_3D('',#263,#2105,#2106);
#2108=PLANE('',#2107);
#2109=FACE_SURFACE('',(#2104),#2108,.T.);
#2110=POLY_LOOP('',(#265,#264,#266));
#2111=FACE_OUTER_BOUND('',#2110,.T.);
#2112=DIRECTION('',(-0.1861574853176248,0.7549590665173019,0.6287942418180547));
#2113=DIRECTION('',(-0.7372601607450284,-0.530369300735796,0.41851626039526546));
#2114=AXIS2_PLACEMENT_3D('',#265,#2112,#2113);
#2115=PLANE('',#2114);
#2116=FACE_SURFACE('',(#2111),#2115,.T.);
#2117=POLY_LOOP('',(#265,#266,#267));
#2118=FACE_OUTER_BOUND('',#2117,.T.);
#2119=DIRECTION('',(-0.5085880491711043,0.5695732364166266,0.6456969293702889));
#2120=DIRECTION('',(0.3535523817122203,-0.5456383342092015,0.7597891297110168));
#2121=AXIS2_PLACEMENT_3D('',#265,#2119,#2120);
#2122=PLANE('',#2121);
#2123=FACE_SURFACE('',(#2118),#2122,.T.);
#2124=POLY_LOOP('',(#267,#266,#268));
#2125=FACE_OUTER_BOUND('',#2124,.T.);
#2126=DIRECTION('',(-0.508590794427449,0.5695732472843672,0.6456947574524649));
#2127=DIRECTION('',(-0.3553976445594755,-0.8219347198453748,0.44510204510233603));
#2128=AXIS2_PLACEMENT_3D('',#267,#2126,#2127);
#2129=PLANE('',#2128);
#2130=FACE_SURFACE('',(#2125),#2129,.T.);
#2131=POLY_LOOP('',(#269,#259,#258));
#2132=FACE_OUTER_BOUND('',#2131,.T.);
#2133=DIRECTION('',(0.6947472476105758,0.2484717138951726,0.6749726433949194));
#2134=DIRECTION('',(-0.7071061937375284,0.06420697681593386,0.7041862643549525));
#2135=AXIS2_PLACEMENT_3D('',#269,#2133,#2134);
#2136=PLANE('',#2135);
#2137=FACE_SURFACE('',(#2132),#2136,.T.);
#2138=POLY_LOOP('',(#267,#268,#270));
#2139=FACE_OUTER_BOUND('',#2138,.T.);
#2140=DIRECTION('',(-0.6947471870500308,0.24847177068152848,0.6749726848254347));
#2141=DIRECTION('',(0.6123727160081529,-0.28788426854035715,0.7362895521571535));
#2142=AXIS2_PLACEMENT_3D('',#267,#2140,#2141);
#2143=PLANE('',#2142);
#2144=FACE_SURFACE('',(#2139),#2143,.T.);
#2145=POLY_LOOP('',(#270,#271,#272));
#2146=FACE_OUTER_BOUND('',#2145,.T.);
#2147=DIRECTION('',(-0.6947472503496708,-0.12230431222125997,0.7087791710706915));
#2148=DIRECTION('',(0.7071059654419438,0.06420699754565733,0.7041864917069827));
#2149=AXIS2_PLACEMENT_3D('',#270,#2147,#2148);
#2150=PLANE('',#2149);
#2151=FACE_SURFACE('',(#2146),#2150,.T.);
#2152=POLY_LOOP('',(#272,#271,#273));
#2153=FACE_OUTER_BOUND('',#2152,.T.);
#2154=DIRECTION('',(-0.6947472843755704,-0.12230436613427084,0.7087791284153792));
#2155=DIRECTION('',(0.5661773631150516,-0.7007447660403973,0.43405064953652117));
#2156=AXIS2_PLACEMENT_3D('',#272,#2154,#2155);
#2157=PLANE('',#2156);
#2158=FACE_SURFACE('',(#2153),#2157,.T.);
#2159=POLY_LOOP('',(#272,#273,#274));
#2160=FACE_OUTER_BOUND('',#2159,.T.);
#2161=DIRECTION('',(-0.5085909675937914,-0.4434069334179546,0.73805522766179));
#2162=DIRECTION('',(0.6123735320897142,0.4162944423170219,0.6720845143967592));
#2163=AXIS2_PLACEMENT_3D('',#272,#2161,#2162);
#2164=PLANE('',#2163);
#2165=FACE_SURFACE('',(#2160),#2164,.T.);
#2166=POLY_LOOP('',(#274,#273,#275));
#2167=FACE_OUTER_BOUND('',#2166,.T.);
#2168=DIRECTION('',(-0.5085909426409292,-0.4434065819546394,0.7380554560078225));
#2169=DIRECTION('',(0.8589547851094469,-0.32045929297106773,0.3993776642303213));
#2170=AXIS2_PLACEMENT_3D('',#274,#2168,#2169);
#2171=PLANE('',#2170);
#2172=FACE_SURFACE('',(#2167),#2171,.T.);
#2173=POLY_LOOP('',(#274,#275,#225));
#2174=FACE_OUTER_BOUND('',#2173,.T.);
#2175=DIRECTION('',(-0.18615658772687194,-0.6287955697711646,0.7549581818101211));
#2176=DIRECTION('',(0.3535539335504265,0.6740463525187752,0.6485839426991356));
#2177=AXIS2_PLACEMENT_3D('',#274,#2175,#2176);
#2178=PLANE('',#2177);
#2179=FACE_SURFACE('',(#2174),#2178,.T.);
#2180=POLY_LOOP('',(#225,#275,#276));
#2181=FACE_OUTER_BOUND('',#2180,.T.);
#2182=DIRECTION('',(-0.18615622922211622,-0.6287963717430101,0.7549576022563315));
#2183=DIRECTION('',(0.9215761306854199,0.15466246186846724,0.35605752097052346));
#2184=AXIS2_PLACEMENT_3D('',#225,#2182,#2183);
#2185=PLANE('',#2184);
#2186=FACE_SURFACE('',(#2181),#2185,.T.);
#2187=POLY_LOOP('',(#225,#276,#227));
#2188=FACE_OUTER_BOUND('',#2187,.T.);
#2189=DIRECTION('',(0.18615676827451838,-0.6287963063793596,0.7549575237781673));
#2190=DIRECTION('',(0.0,0.7683889201744327,0.6399831773985699));
#2191=AXIS2_PLACEMENT_3D('',#225,#2189,#2190);
#2192=PLANE('',#2191);
#2193=FACE_SURFACE('',(#2188),#2192,.T.);
#2194=POLY_LOOP('',(#227,#276,#277));
#2195=FACE_OUTER_BOUND('',#2194,.T.);
#2196=DIRECTION('',(0.18615603045878754,-0.6287957408135306,0.7549581767611967));
#2197=DIRECTION('',(0.7372624039516389,0.5973091579435422,0.3156990933725135));
#2198=AXIS2_PLACEMENT_3D('',#227,#2196,#2197);
#2199=PLANE('',#2198);
#2200=FACE_SURFACE('',(#2195),#2199,.T.);
#2201=POLY_LOOP('',(#148,#156,#149));
#2202=FACE_OUTER_BOUND('',#2201,.T.);
#2203=DIRECTION('',(1.0,0.0,0.0));
#2204=DIRECTION('',(0.0,-0.8769361573640692,-0.4806068829173595));
#2205=AXIS2_PLACEMENT_3D('',#148,#2203,#2204);
#2206=PLANE('',#2205);
#2207=FACE_SURFACE('',(#2202),#2206,.T.);
#2208=POLY_LOOP('',(#270,#268,#271));
#2209=FACE_OUTER_BOUND('',#2208,.T.);
#2210=DIRECTION('',(-0.6947474839578894,0.2484716051041224,0.6749724401715697));
#2211=DIRECTION('',(0.12169523674399185,-0.8842962184517281,0.45078871701252404));
#2212=AXIS2_PLACEMENT_3D('',#270,#2210,#2211);
#2213=PLANE('',#2212);
#2214=FACE_SURFACE('',(#2209),#2213,.T.);
#2215=POLY_LOOP('',(#255,#227,#256));
#2216=FACE_OUTER_BOUND('',#2215,.T.);
#2217=DIRECTION('',(0.7071068099828562,-0.7041857383876514,0.06420595865888863));
#2218=DIRECTION('',(0.32505753607071824,0.40435271225884595,0.8548897486416297));
#2219=AXIS2_PLACEMENT_3D('',#255,#2217,#2218);
#2220=PLANE('',#2219);
#2221=FACE_SURFACE('',(#2216),#2220,.T.);
#2222=POLY_LOOP('',(#269,#278,#259));
#2223=FACE_OUTER_BOUND('',#2222,.T.);
#2224=DIRECTION('',(0.6947469874942215,-0.12230458191171789,0.7087793821853905));
#2225=DIRECTION('',(-0.12169465663011204,0.9512406872495661,0.2834282368936664));
#2226=AXIS2_PLACEMENT_3D('',#269,#2224,#2225);
#2227=PLANE('',#2226);
#2228=FACE_SURFACE('',(#2223),#2227,.T.);
#2229=POLY_LOOP('',(#256,#277,#278));
#2230=FACE_OUTER_BOUND('',#2229,.T.);
#2231=DIRECTION('',(0.5085913332048815,-0.4434067588774418,0.7380550805804968));
#2232=DIRECTION('',(0.35539796847208216,0.8888785545026144,0.28911450906389946));
#2233=AXIS2_PLACEMENT_3D('',#256,#2231,#2232);
#2234=PLANE('',#2233);
#2235=FACE_SURFACE('',(#2230),#2234,.T.);
#2236=POLY_LOOP('',(#257,#256,#269));
#2237=FACE_OUTER_BOUND('',#2236,.T.);
#2238=DIRECTION('',(0.9659261870486308,-0.25774857696120385,0.023500473360504592));
#2239=DIRECTION('',(0.11897918396398285,0.5228410266930427,0.8440860232167274));
#2240=AXIS2_PLACEMENT_3D('',#257,#2238,#2239);
#2241=PLANE('',#2240);
#2242=FACE_SURFACE('',(#2237),#2241,.T.);
#2243=POLY_LOOP('',(#257,#269,#279));
#2244=FACE_OUTER_BOUND('',#2243,.T.);
#2245=DIRECTION('',(0.9659257913762748,0.2577500475344303,-0.023500607441426943));
#2246=DIRECTION('',(0.0,0.09079932893386188,0.9958692092163309));
#2247=AXIS2_PLACEMENT_3D('',#257,#2245,#2246);
#2248=PLANE('',#2247);
#2249=FACE_SURFACE('',(#2244),#2248,.T.);
#2250=POLY_LOOP('',(#279,#269,#258));
#2251=FACE_OUTER_BOUND('',#2250,.T.);
#2252=DIRECTION('',(0.9659257820379658,0.2577500805456651,-0.023500629205348633));
#2253=DIRECTION('',(-0.11897946590245596,0.5228394425261009,0.8440869647332331));
#2254=AXIS2_PLACEMENT_3D('',#279,#2252,#2253);
#2255=PLANE('',#2254);
#2256=FACE_SURFACE('',(#2251),#2255,.T.);
#2257=POLY_LOOP('',(#279,#258,#280));
#2258=FACE_OUTER_BOUND('',#2257,.T.);
#2259=DIRECTION('',(0.7071067751318497,0.704185872408361,-0.06420487258075526));
#2260=DIRECTION('',(0.0,0.09079940079665838,0.9958692026641691));
#2261=AXIS2_PLACEMENT_3D('',#279,#2259,#2260);
#2262=PLANE('',#2261);
#2263=FACE_SURFACE('',(#2258),#2262,.T.);
#2264=POLY_LOOP('',(#280,#258,#261));
#2265=FACE_OUTER_BOUND('',#2264,.T.);
#2266=DIRECTION('',(0.7071053158742363,0.7041872286378014,-0.06420606891727022));
#2267=DIRECTION('',(-0.3250577216024091,0.4043515314934234,0.854890236583372));
#2268=AXIS2_PLACEMENT_3D('',#280,#2266,#2267);
#2269=PLANE('',#2268);
#2270=FACE_SURFACE('',(#2265),#2269,.T.);
#2271=POLY_LOOP('',(#280,#261,#281));
#2272=FACE_OUTER_BOUND('',#2271,.T.);
#2273=DIRECTION('',(0.25882105097584795,0.9619351147046887,-0.08770689066336192));
#2274=DIRECTION('',(0.0,0.09080090528635855,0.9958690654896243));
#2275=AXIS2_PLACEMENT_3D('',#280,#2273,#2274);
#2276=PLANE('',#2275);
#2277=FACE_SURFACE('',(#2272),#2276,.T.);
#2278=POLY_LOOP('',(#281,#261,#263));
#2279=FACE_OUTER_BOUND('',#2278,.T.);
#2280=DIRECTION('',(0.2588208558740988,0.9619351572728192,-0.08770699953319364));
#2281=DIRECTION('',(-0.444037024812152,0.19912674129530972,0.8736015461851491));
#2282=AXIS2_PLACEMENT_3D('',#281,#2280,#2281);
#2283=PLANE('',#2282);
#2284=FACE_SURFACE('',(#2279),#2283,.T.);
#2285=POLY_LOOP('',(#281,#263,#282));
#2286=FACE_OUTER_BOUND('',#2285,.T.);
#2287=DIRECTION('',(-0.2588210509759619,0.961935105210976,-0.08770699478631645));
#2288=DIRECTION('',(0.0,0.09080101308243609,0.9958690556610359));
#2289=AXIS2_PLACEMENT_3D('',#281,#2287,#2288);
#2290=PLANE('',#2289);
#2291=FACE_SURFACE('',(#2286),#2290,.T.);
#2292=POLY_LOOP('',(#282,#263,#265));
#2293=FACE_OUTER_BOUND('',#2292,.T.);
#2294=DIRECTION('',(-0.2588208558742164,0.9619351667664705,-0.08770689541022783));
#2295=DIRECTION('',(-0.4440370312435689,-0.03785086479079085,0.8952085940823999));
#2296=AXIS2_PLACEMENT_3D('',#282,#2294,#2295);
#2297=PLANE('',#2296);
#2298=FACE_SURFACE('',(#2293),#2297,.T.);
#2299=POLY_LOOP('',(#256,#278,#269));
#2300=FACE_OUTER_BOUND('',#2299,.T.);
#2301=DIRECTION('',(0.6947475582320162,-0.1223043539289912,0.7087788620865207));
#2302=DIRECTION('',(-0.612373224769121,0.41629456766849104,0.672084716769822));
#2303=AXIS2_PLACEMENT_3D('',#256,#2301,#2302);
#2304=PLANE('',#2303);
#2305=FACE_SURFACE('',(#2300),#2304,.T.);
#2306=POLY_LOOP('',(#282,#265,#283));
#2307=FACE_OUTER_BOUND('',#2306,.T.);
#2308=DIRECTION('',(-0.7071068710873845,0.7041856798521495,-0.06420592770278315));
#2309=DIRECTION('',(0.0,0.09080090528635855,0.9958690654896243));
#2310=AXIS2_PLACEMENT_3D('',#282,#2308,#2309);
#2311=PLANE('',#2310);
#2312=FACE_SURFACE('',(#2307),#2311,.T.);
#2313=POLY_LOOP('',(#283,#267,#284));
#2314=FACE_OUTER_BOUND('',#2313,.T.);
#2315=DIRECTION('',(-0.9659257673872278,0.2577501349970594,-0.023500634170010616));
#2316=DIRECTION('',(0.0,0.09079940079665838,0.9958692026641691));
#2317=AXIS2_PLACEMENT_3D('',#283,#2315,#2316);
#2318=PLANE('',#2317);
#2319=FACE_SURFACE('',(#2314),#2318,.T.);
#2320=POLY_LOOP('',(#284,#267,#270));
#2321=FACE_OUTER_BOUND('',#2320,.T.);
#2322=DIRECTION('',(-0.9659257580488897,0.2577501714000404,-0.023500618734992578));
#2323=DIRECTION('',(-0.11897927981923526,-0.36156548904592056,0.9247239199375565));
#2324=AXIS2_PLACEMENT_3D('',#284,#2322,#2323);
#2325=PLANE('',#2324);
#2326=FACE_SURFACE('',(#2321),#2325,.T.);
#2327=POLY_LOOP('',(#284,#270,#285));
#2328=FACE_OUTER_BOUND('',#2327,.T.);
#2329=DIRECTION('',(-0.9659259535515649,-0.25774944478772466,0.02350055248541878));
#2330=DIRECTION('',(0.0,0.09079932893386188,0.9958692092163309));
#2331=AXIS2_PLACEMENT_3D('',#284,#2329,#2330);
#2332=PLANE('',#2331);
#2333=FACE_SURFACE('',(#2328),#2332,.T.);
#2334=POLY_LOOP('',(#285,#270,#272));
#2335=FACE_OUTER_BOUND('',#2334,.T.);
#2336=DIRECTION('',(-0.9659261630597816,-0.2577486280725037,0.023500898777501618));
#2337=DIRECTION('',(0.1189792967474302,-0.36156695204377176,0.9247233457284746));
#2338=AXIS2_PLACEMENT_3D('',#285,#2336,#2337);
#2339=PLANE('',#2338);
#2340=FACE_SURFACE('',(#2335),#2339,.T.);
#2341=POLY_LOOP('',(#285,#272,#286));
#2342=FACE_OUTER_BOUND('',#2341,.T.);
#2343=DIRECTION('',(-0.7071068710873604,-0.7041856775355558,0.0642059531105412));
#2344=DIRECTION('',(0.0,0.09080094121835607,0.995869062213432));
#2345=AXIS2_PLACEMENT_3D('',#285,#2343,#2344);
#2346=PLANE('',#2345);
#2347=FACE_SURFACE('',(#2342),#2346,.T.);
#2348=POLY_LOOP('',(#286,#272,#274));
#2349=FACE_OUTER_BOUND('',#2348,.T.);
#2350=DIRECTION('',(-0.7071069059389671,-0.7041856405112885,0.06420597535375622));
#2351=DIRECTION('',(0.3250577154855169,-0.24307707611170457,0.9139206840160262));
#2352=AXIS2_PLACEMENT_3D('',#286,#2350,#2351);
#2353=PLANE('',#2352);
#2354=FACE_SURFACE('',(#2349),#2353,.T.);
#2355=POLY_LOOP('',(#286,#274,#224));
#2356=FACE_OUTER_BOUND('',#2355,.T.);
#2357=DIRECTION('',(-0.2588153448324114,-0.9619366310107255,0.08770709890889893));
#2358=DIRECTION('',(0.0,0.09080097715038192,0.995869058937236));
#2359=AXIS2_PLACEMENT_3D('',#286,#2357,#2358);
#2360=PLANE('',#2359);
#2361=FACE_SURFACE('',(#2356),#2360,.T.);
#2362=POLY_LOOP('',(#224,#274,#225));
#2363=FACE_OUTER_BOUND('',#2362,.T.);
#2364=DIRECTION('',(-0.25881806783893935,-0.9619357719017877,0.08770848588266611));
#2365=DIRECTION('',(0.4440369384149788,-0.03784803376712928,0.8952087598225424));
#2366=AXIS2_PLACEMENT_3D('',#224,#2364,#2365);
#2367=PLANE('',#2366);
#2368=FACE_SURFACE('',(#2363),#2367,.T.);
#2369=POLY_LOOP('',(#227,#277,#256));
#2370=FACE_OUTER_BOUND('',#2369,.T.);
#2371=DIRECTION('',(0.5085905857430919,-0.4434066490200696,0.7380556616531654));
#2372=DIRECTION('',(-0.35355430233646445,0.6740462520774803,0.6485838460520565));
#2373=AXIS2_PLACEMENT_3D('',#227,#2371,#2372);
#2374=PLANE('',#2373);
#2375=FACE_SURFACE('',(#2370),#2374,.T.);
#2376=POLY_LOOP('',(#283,#265,#267));
#2377=FACE_OUTER_BOUND('',#2376,.T.);
#2378=DIRECTION('',(-0.7071054118297866,0.7041872300762588,-0.06420499636752493));
#2379=DIRECTION('',(-0.32505761065032024,-0.24307699771629399,0.9139207421541201));
#2380=AXIS2_PLACEMENT_3D('',#283,#2378,#2379);
#2381=PLANE('',#2380);
#2382=FACE_SURFACE('',(#2377),#2381,.T.);
#2383=POLY_LOOP('',(#287,#254,#253));
#2384=FACE_OUTER_BOUND('',#2383,.T.);
#2385=DIRECTION('',(0.9659260327563487,-0.02350084938884844,-0.25774912089391105));
#2386=DIRECTION('',(0.0,-0.9958690951678795,0.09080057978619467));
#2387=AXIS2_PLACEMENT_3D('',#287,#2385,#2386);
#2388=PLANE('',#2387);
#2389=FACE_SURFACE('',(#2384),#2388,.T.);
#2390=POLY_LOOP('',(#287,#288,#254));
#2391=FACE_OUTER_BOUND('',#2390,.T.);
#2392=DIRECTION('',(0.707106474767553,-0.0642057335254987,-0.7041860955203934));
#2393=DIRECTION('',(0.035085325763389345,-0.9914566805926369,0.12562909863684715));
#2394=AXIS2_PLACEMENT_3D('',#287,#2392,#2393);
#2395=PLANE('',#2394);
#2396=FACE_SURFACE('',(#2391),#2395,.T.);
#2397=POLY_LOOP('',(#289,#288,#287));
#2398=FACE_OUTER_BOUND('',#2397,.T.);
#2399=DIRECTION('',(0.7071043054365931,-0.06420608228236775,-0.7041882420425545));
#2400=DIRECTION('',(0.0,-0.9958690755966478,0.09080079443638296));
#2401=AXIS2_PLACEMENT_3D('',#289,#2399,#2400);
#2402=PLANE('',#2401);
#2403=FACE_SURFACE('',(#2398),#2402,.T.);
#2404=POLY_LOOP('',(#290,#291,#292));
#2405=FACE_OUTER_BOUND('',#2404,.T.);
#2406=DIRECTION('',(-1.0,-0.0,0.0));
#2407=DIRECTION('',(0.0,-0.12865580313771696,-0.9916893083617414));
#2408=AXIS2_PLACEMENT_3D('',#290,#2406,#2407);
#2409=PLANE('',#2408);
#2410=FACE_SURFACE('',(#2405),#2409,.T.);
#2411=POLY_LOOP('',(#292,#291,#293));
#2412=FACE_OUTER_BOUND('',#2411,.T.);
#2413=DIRECTION('',(-1.0,-0.0,-0.0));
#2414=DIRECTION('',(0.0,0.2818880387059145,-0.9594473063355448));
#2415=AXIS2_PLACEMENT_3D('',#292,#2413,#2414);
#2416=PLANE('',#2415);
#2417=FACE_SURFACE('',(#2412),#2416,.T.);
#2418=POLY_LOOP('',(#292,#293,#294));
#2419=FACE_OUTER_BOUND('',#2418,.T.);
#2420=DIRECTION('',(-1.0,-0.0,0.0));
#2421=DIRECTION('',(0.0,-0.3573566715352772,-0.9339679915870929));
#2422=AXIS2_PLACEMENT_3D('',#292,#2420,#2421);
#2423=PLANE('',#2422);
#2424=FACE_SURFACE('',(#2419),#2423,.T.);
#2425=POLY_LOOP('',(#295,#151,#296));
#2426=FACE_OUTER_BOUND('',#2425,.T.);
#2427=DIRECTION('',(-1.0,-0.0,-0.0));
#2428=DIRECTION('',(0.0,0.40853614387956444,-0.9127421427457023));
#2429=AXIS2_PLACEMENT_3D('',#295,#2427,#2428);
#2430=PLANE('',#2429);
#2431=FACE_SURFACE('',(#2426),#2430,.T.);
#2432=POLY_LOOP('',(#296,#151,#297));
#2433=FACE_OUTER_BOUND('',#2432,.T.);
#2434=DIRECTION('',(-1.0,0.0,0.0));
#2435=DIRECTION('',(0.0,0.8119297524290485,-0.583755151686479));
#2436=AXIS2_PLACEMENT_3D('',#296,#2434,#2435);
#2437=PLANE('',#2436);
#2438=FACE_SURFACE('',(#2433),#2437,.T.);
#2439=POLY_LOOP('',(#296,#297,#298));
#2440=FACE_OUTER_BOUND('',#2439,.T.);
#2441=DIRECTION('',(-1.0,-0.0,-0.0));
#2442=DIRECTION('',(0.0,0.5108774167638739,-0.8596535726911575));
#2443=AXIS2_PLACEMENT_3D('',#296,#2441,#2442);
#2444=PLANE('',#2443);
#2445=FACE_SURFACE('',(#2440),#2444,.T.);
#2446=POLY_LOOP('',(#298,#297,#299));
#2447=FACE_OUTER_BOUND('',#2446,.T.);
#2448=DIRECTION('',(-1.0,-0.0,-0.0));
#2449=DIRECTION('',(0.0,0.6000953064873167,-0.7999285112632838));
#2450=AXIS2_PLACEMENT_3D('',#298,#2448,#2449);
#2451=PLANE('',#2450);
#2452=FACE_SURFACE('',(#2447),#2451,.T.);
#2453=POLY_LOOP('',(#300,#301,#302));
#2454=FACE_OUTER_BOUND('',#2453,.T.);
#2455=DIRECTION('',(-1.0,0.0,-0.0));
#2456=DIRECTION('',(0.0,0.8788896587083612,0.47702512283474147));
#2457=AXIS2_PLACEMENT_3D('',#300,#2455,#2456);
#2458=PLANE('',#2457);
#2459=FACE_SURFACE('',(#2454),#2458,.T.);
#2460=POLY_LOOP('',(#303,#304,#305));
#2461=FACE_OUTER_BOUND('',#2460,.T.);
#2462=DIRECTION('',(-1.0,0.0,0.0));
#2463=DIRECTION('',(0.0,-0.06557755856096946,0.9978474752251381));
#2464=AXIS2_PLACEMENT_3D('',#303,#2462,#2463);
#2465=PLANE('',#2464);
#2466=FACE_SURFACE('',(#2461),#2465,.T.);
#2467=POLY_LOOP('',(#290,#306,#291));
#2468=FACE_OUTER_BOUND('',#2467,.T.);
#2469=DIRECTION('',(-1.0,-0.0,-0.0));
#2470=DIRECTION('',(0.0,0.5912866991901348,-0.8064614307955683));
#2471=AXIS2_PLACEMENT_3D('',#290,#2469,#2470);
#2472=PLANE('',#2471);
#2473=FACE_SURFACE('',(#2468),#2472,.T.);
#2474=POLY_LOOP('',(#305,#304,#307));
#2475=FACE_OUTER_BOUND('',#2474,.T.);
#2476=DIRECTION('',(-1.0,0.0,0.0));
#2477=DIRECTION('',(0.0,-0.9277453237509443,0.37321389880101685));
#2478=AXIS2_PLACEMENT_3D('',#305,#2476,#2477);
#2479=PLANE('',#2478);
#2480=FACE_SURFACE('',(#2475),#2479,.T.);
#2481=POLY_LOOP('',(#308,#307,#309));
#2482=FACE_OUTER_BOUND('',#2481,.T.);
#2483=DIRECTION('',(-1.0,-0.0,0.0));
#2484=DIRECTION('',(0.0,-0.9493951397141852,-0.3140841745250509));
#2485=AXIS2_PLACEMENT_3D('',#308,#2483,#2484);
#2486=PLANE('',#2485);
#2487=FACE_SURFACE('',(#2482),#2486,.T.);
#2488=POLY_LOOP('',(#308,#309,#310));
#2489=FACE_OUTER_BOUND('',#2488,.T.);
#2490=DIRECTION('',(-1.0,-0.0,0.0));
#2491=DIRECTION('',(0.0,-0.9834378433844172,-0.1812457122235076));
#2492=AXIS2_PLACEMENT_3D('',#308,#2490,#2491);
#2493=PLANE('',#2492);
#2494=FACE_SURFACE('',(#2489),#2493,.T.);
#2495=POLY_LOOP('',(#311,#312,#313));
#2496=FACE_OUTER_BOUND('',#2495,.T.);
#2497=DIRECTION('',(-1.0,0.0,0.0));
#2498=DIRECTION('',(0.0,-0.3190767222604212,0.9477288880853775));
#2499=AXIS2_PLACEMENT_3D('',#311,#2497,#2498);
#2500=PLANE('',#2499);
#2501=FACE_SURFACE('',(#2496),#2500,.T.);
#2502=POLY_LOOP('',(#313,#312,#314));
#2503=FACE_OUTER_BOUND('',#2502,.T.);
#2504=DIRECTION('',(-1.0,0.0,0.0));
#2505=DIRECTION('',(0.0,-0.7145284384985721,0.6996063968952775));
#2506=AXIS2_PLACEMENT_3D('',#313,#2504,#2505);
#2507=PLANE('',#2506);
#2508=FACE_SURFACE('',(#2503),#2507,.T.);
#2509=POLY_LOOP('',(#313,#314,#315));
#2510=FACE_OUTER_BOUND('',#2509,.T.);
#2511=DIRECTION('',(-1.0,0.0,0.0));
#2512=DIRECTION('',(0.0,-0.055057775902754506,0.9984831702701062));
#2513=AXIS2_PLACEMENT_3D('',#313,#2511,#2512);
#2514=PLANE('',#2513);
#2515=FACE_SURFACE('',(#2510),#2514,.T.);
#2516=POLY_LOOP('',(#315,#314,#316));
#2517=FACE_OUTER_BOUND('',#2516,.T.);
#2518=DIRECTION('',(-0.9999999999999999,0.0,0.0));
#2519=DIRECTION('',(0.0,-0.4557768759829208,0.890094062062684));
#2520=AXIS2_PLACEMENT_3D('',#315,#2518,#2519);
#2521=PLANE('',#2520);
#2522=FACE_SURFACE('',(#2517),#2521,.T.);
#2523=POLY_LOOP('',(#315,#316,#302));
#2524=FACE_OUTER_BOUND('',#2523,.T.);
#2525=DIRECTION('',(-1.0,0.0,0.0));
#2526=DIRECTION('',(0.0,0.21242781078364534,0.97717676251826));
#2527=AXIS2_PLACEMENT_3D('',#315,#2525,#2526);
#2528=PLANE('',#2527);
#2529=FACE_SURFACE('',(#2524),#2528,.T.);
#2530=POLY_LOOP('',(#302,#316,#317));
#2531=FACE_OUTER_BOUND('',#2530,.T.);
#2532=DIRECTION('',(-0.9999999999999999,0.0,0.0));
#2533=DIRECTION('',(0.0,-0.1293305388850189,0.991601538780427));
#2534=AXIS2_PLACEMENT_3D('',#302,#2532,#2533);
#2535=PLANE('',#2534);
#2536=FACE_SURFACE('',(#2531),#2535,.T.);
#2537=POLY_LOOP('',(#302,#317,#300));
#2538=FACE_OUTER_BOUND('',#2537,.T.);
#2539=DIRECTION('',(-1.0,0.0,0.0));
#2540=DIRECTION('',(0.0,0.508934529531824,0.8608052303803809));
#2541=AXIS2_PLACEMENT_3D('',#302,#2539,#2540);
#2542=PLANE('',#2541);
#2543=FACE_SURFACE('',(#2538),#2542,.T.);
#2544=POLY_LOOP('',(#305,#307,#308));
#2545=FACE_OUTER_BOUND('',#2544,.T.);
#2546=DIRECTION('',(-1.0,0.0,0.0));
#2547=DIRECTION('',(0.0,-0.755781414916904,0.6548239861720113));
#2548=AXIS2_PLACEMENT_3D('',#305,#2546,#2547);
#2549=PLANE('',#2548);
#2550=FACE_SURFACE('',(#2545),#2549,.T.);
#2551=POLY_LOOP('',(#65,#64,#17));
#2552=FACE_OUTER_BOUND('',#2551,.T.);
#2553=DIRECTION('',(-1.0,-0.0,0.0));
#2554=DIRECTION('',(0.0,-0.9711223201597413,-0.23858214368967515));
#2555=AXIS2_PLACEMENT_3D('',#65,#2553,#2554);
#2556=PLANE('',#2555);
#2557=FACE_SURFACE('',(#2552),#2556,.T.);
#2558=POLY_LOOP('',(#318,#306,#290));
#2559=FACE_OUTER_BOUND('',#2558,.T.);
#2560=DIRECTION('',(-0.9999999999999999,-0.0,-0.0));
#2561=DIRECTION('',(0.0,0.07990493160276578,-0.9968024889142068));
#2562=AXIS2_PLACEMENT_3D('',#318,#2560,#2561);
#2563=PLANE('',#2562);
#2564=FACE_SURFACE('',(#2559),#2563,.T.);
#2565=POLY_LOOP('',(#319,#320,#318));
#2566=FACE_OUTER_BOUND('',#2565,.T.);
#2567=DIRECTION('',(-1.0,-0.0,-0.0));
#2568=DIRECTION('',(0.0,0.28375946384782436,-0.9588954930944222));
#2569=AXIS2_PLACEMENT_3D('',#319,#2567,#2568);
#2570=PLANE('',#2569);
#2571=FACE_SURFACE('',(#2566),#2570,.T.);
#2572=POLY_LOOP('',(#212,#39,#321));
#2573=FACE_OUTER_BOUND('',#2572,.T.);
#2574=DIRECTION('',(-1.0,-0.0,-0.0));
#2575=DIRECTION('',(0.0,0.4768087031663895,-0.8790070879036106));
#2576=AXIS2_PLACEMENT_3D('',#212,#2574,#2575);
#2577=PLANE('',#2576);
#2578=FACE_SURFACE('',(#2573),#2577,.T.);
#2579=POLY_LOOP('',(#212,#321,#322));
#2580=FACE_OUTER_BOUND('',#2579,.T.);
#2581=DIRECTION('',(-1.0,-0.0,0.0));
#2582=DIRECTION('',(0.0,-0.3528286094024201,-0.9356879674267242));
#2583=AXIS2_PLACEMENT_3D('',#212,#2581,#2582);
#2584=PLANE('',#2583);
#2585=FACE_SURFACE('',(#2580),#2584,.T.);
#2586=POLY_LOOP('',(#322,#321,#323));
#2587=FACE_OUTER_BOUND('',#2586,.T.);
#2588=DIRECTION('',(-1.0,-0.0,-0.0));
#2589=DIRECTION('',(0.0,0.4935816833715034,-0.8696994433941837));
#2590=AXIS2_PLACEMENT_3D('',#322,#2588,#2589);
#2591=PLANE('',#2590);
#2592=FACE_SURFACE('',(#2587),#2591,.T.);
#2593=POLY_LOOP('',(#322,#323,#88));
#2594=FACE_OUTER_BOUND('',#2593,.T.);
#2595=DIRECTION('',(-1.0,-0.0,0.0));
#2596=DIRECTION('',(0.0,-0.42140539605067323,-0.9068723681860503));
#2597=AXIS2_PLACEMENT_3D('',#322,#2595,#2596);
#2598=PLANE('',#2597);
#2599=FACE_SURFACE('',(#2594),#2598,.T.);
#2600=POLY_LOOP('',(#88,#323,#324));
#2601=FACE_OUTER_BOUND('',#2600,.T.);
#2602=DIRECTION('',(-1.0,-0.0,-0.0));
#2603=DIRECTION('',(0.0,0.3854960231793805,-0.9227094971402877));
#2604=AXIS2_PLACEMENT_3D('',#88,#2602,#2603);
#2605=PLANE('',#2604);
#2606=FACE_SURFACE('',(#2601),#2605,.T.);
#2607=POLY_LOOP('',(#88,#324,#89));
#2608=FACE_OUTER_BOUND('',#2607,.T.);
#2609=DIRECTION('',(-1.0,-0.0,0.0));
#2610=DIRECTION('',(0.0,-0.9806152931608083,-0.19594296828195165));
#2611=AXIS2_PLACEMENT_3D('',#88,#2609,#2610);
#2612=PLANE('',#2611);
#2613=FACE_SURFACE('',(#2608),#2612,.T.);
#2614=POLY_LOOP('',(#295,#296,#325));
#2615=FACE_OUTER_BOUND('',#2614,.T.);
#2616=DIRECTION('',(-1.0,0.0,0.0));
#2617=DIRECTION('',(0.0,-0.9902385668109326,0.13938285690941452));
#2618=AXIS2_PLACEMENT_3D('',#295,#2616,#2617);
#2619=PLANE('',#2618);
#2620=FACE_SURFACE('',(#2615),#2619,.T.);
#2621=POLY_LOOP('',(#325,#296,#326));
#2622=FACE_OUTER_BOUND('',#2621,.T.);
#2623=DIRECTION('',(-1.0,-0.0,0.0));
#2624=DIRECTION('',(0.0,-0.719007198308053,-0.6950026250174918));
#2625=AXIS2_PLACEMENT_3D('',#325,#2623,#2624);
#2626=PLANE('',#2625);
#2627=FACE_SURFACE('',(#2622),#2626,.T.);
#2628=POLY_LOOP('',(#325,#326,#327));
#2629=FACE_OUTER_BOUND('',#2628,.T.);
#2630=DIRECTION('',(-1.0,0.0,0.0));
#2631=DIRECTION('',(0.0,-0.9837793204632551,0.17938296638437035));
#2632=AXIS2_PLACEMENT_3D('',#325,#2630,#2631);
#2633=PLANE('',#2632);
#2634=FACE_SURFACE('',(#2629),#2633,.T.);
#2635=POLY_LOOP('',(#318,#320,#306));
#2636=FACE_OUTER_BOUND('',#2635,.T.);
#2637=DIRECTION('',(-1.0,0.0,-0.0));
#2638=DIRECTION('',(0.0,0.8129652239785601,-0.5823122397833399));
#2639=AXIS2_PLACEMENT_3D('',#318,#2637,#2638);
#2640=PLANE('',#2639);
#2641=FACE_SURFACE('',(#2636),#2640,.T.);
#2642=POLY_LOOP('',(#292,#294,#328));
#2643=FACE_OUTER_BOUND('',#2642,.T.);
#2644=DIRECTION('',(-1.0,-0.0,0.0));
#2645=DIRECTION('',(0.0,-0.9660497453871859,-0.2583561290880345));
#2646=AXIS2_PLACEMENT_3D('',#292,#2644,#2645);
#2647=PLANE('',#2646);
#2648=FACE_SURFACE('',(#2643),#2647,.T.);
#2649=POLY_LOOP('',(#328,#329,#330));
#2650=FACE_OUTER_BOUND('',#2649,.T.);
#2651=DIRECTION('',(-1.0,-0.0,0.0));
#2652=DIRECTION('',(0.0,-0.9986317264470519,-0.05229411949139691));
#2653=AXIS2_PLACEMENT_3D('',#328,#2651,#2652);
#2654=PLANE('',#2653);
#2655=FACE_SURFACE('',(#2650),#2654,.T.);
#2656=POLY_LOOP('',(#330,#329,#331));
#2657=FACE_OUTER_BOUND('',#2656,.T.);
#2658=DIRECTION('',(-1.0,-0.0,0.0));
#2659=DIRECTION('',(0.0,-0.8161522812748718,-0.5778368747058484));
#2660=AXIS2_PLACEMENT_3D('',#330,#2658,#2659);
#2661=PLANE('',#2660);
#2662=FACE_SURFACE('',(#2657),#2661,.T.);
#2663=POLY_LOOP('',(#330,#331,#297));
#2664=FACE_OUTER_BOUND('',#2663,.T.);
#2665=DIRECTION('',(-1.0,0.0,0.0));
#2666=DIRECTION('',(0.0,-0.9879490033152917,0.15477973655592606));
#2667=AXIS2_PLACEMENT_3D('',#330,#2665,#2666);
#2668=PLANE('',#2667);
#2669=FACE_SURFACE('',(#2664),#2668,.T.);
#2670=POLY_LOOP('',(#297,#331,#332));
#2671=FACE_OUTER_BOUND('',#2670,.T.);
#2672=DIRECTION('',(-1.0,-0.0,0.0));
#2673=DIRECTION('',(0.0,-0.9633694819355638,-0.2681776300797727));
#2674=AXIS2_PLACEMENT_3D('',#297,#2672,#2673);
#2675=PLANE('',#2674);
#2676=FACE_SURFACE('',(#2671),#2675,.T.);
#2677=POLY_LOOP('',(#297,#332,#299));
#2678=FACE_OUTER_BOUND('',#2677,.T.);
#2679=DIRECTION('',(-1.0,0.0,0.0));
#2680=DIRECTION('',(0.0,-0.8937074865281324,0.4486501181584244));
#2681=AXIS2_PLACEMENT_3D('',#297,#2679,#2680);
#2682=PLANE('',#2681);
#2683=FACE_SURFACE('',(#2678),#2682,.T.);
#2684=POLY_LOOP('',(#323,#333,#324));
#2685=FACE_OUTER_BOUND('',#2684,.T.);
#2686=DIRECTION('',(-1.0,0.0,0.0));
#2687=DIRECTION('',(0.0,-0.9355027322033252,0.3533194560735557));
#2688=AXIS2_PLACEMENT_3D('',#323,#2686,#2687);
#2689=PLANE('',#2688);
#2690=FACE_SURFACE('',(#2685),#2689,.T.);
#2691=POLY_LOOP('',(#324,#333,#334));
#2692=FACE_OUTER_BOUND('',#2691,.T.);
#2693=DIRECTION('',(-1.0,-0.0,-0.0));
#2694=DIRECTION('',(0.0,0.7894530083784599,-0.6138110031289755));
#2695=AXIS2_PLACEMENT_3D('',#324,#2693,#2694);
#2696=PLANE('',#2695);
#2697=FACE_SURFACE('',(#2692),#2696,.T.);
#2698=POLY_LOOP('',(#324,#334,#319));
#2699=FACE_OUTER_BOUND('',#2698,.T.);
#2700=DIRECTION('',(-1.0,-0.0,-0.0));
#2701=DIRECTION('',(0.0,0.562628218258382,-0.8267100386588991));
#2702=AXIS2_PLACEMENT_3D('',#324,#2700,#2701);
#2703=PLANE('',#2702);
#2704=FACE_SURFACE('',(#2699),#2703,.T.);
#2705=POLY_LOOP('',(#319,#334,#320));
#2706=FACE_OUTER_BOUND('',#2705,.T.);
#2707=DIRECTION('',(-1.0,0.0,-0.0));
#2708=DIRECTION('',(0.0,0.889548271383113,-0.4568411899985767));
#2709=AXIS2_PLACEMENT_3D('',#319,#2707,#2708);
#2710=PLANE('',#2709);
#2711=FACE_SURFACE('',(#2706),#2710,.T.);
#2712=POLY_LOOP('',(#328,#294,#329));
#2713=FACE_OUTER_BOUND('',#2712,.T.);
#2714=DIRECTION('',(-1.0,-0.0,0.0));
#2715=DIRECTION('',(0.0,-0.5980984259132167,-0.8014226556069729));
#2716=AXIS2_PLACEMENT_3D('',#328,#2714,#2715);
#2717=PLANE('',#2716);
#2718=FACE_SURFACE('',(#2713),#2717,.T.);
#2719=POLY_LOOP('',(#17,#64,#335));
#2720=FACE_OUTER_BOUND('',#2719,.T.);
#2721=DIRECTION('',(-1.0,-0.0,0.0));
#2722=DIRECTION('',(0.0,-0.860345738856278,-0.5097109078996104));
#2723=AXIS2_PLACEMENT_3D('',#17,#2721,#2722);
#2724=PLANE('',#2723);
#2725=FACE_SURFACE('',(#2720),#2724,.T.);
#2726=POLY_LOOP('',(#17,#335,#35));
#2727=FACE_OUTER_BOUND('',#2726,.T.);
#2728=DIRECTION('',(-1.0,-0.0,0.0));
#2729=DIRECTION('',(0.0,-0.9993381423628067,-0.036376877530304046));
#2730=AXIS2_PLACEMENT_3D('',#17,#2728,#2729);
#2731=PLANE('',#2730);
#2732=FACE_SURFACE('',(#2727),#2731,.T.);
#2733=POLY_LOOP('',(#35,#335,#336));
#2734=FACE_OUTER_BOUND('',#2733,.T.);
#2735=DIRECTION('',(-1.0,-0.0,-0.0));
#2736=DIRECTION('',(0.0,0.6345648855182945,-0.7728695918893133));
#2737=AXIS2_PLACEMENT_3D('',#35,#2735,#2736);
#2738=PLANE('',#2737);
#2739=FACE_SURFACE('',(#2734),#2738,.T.);
#2740=POLY_LOOP('',(#308,#301,#337));
#2741=FACE_OUTER_BOUND('',#2740,.T.);
#2742=DIRECTION('',(-1.0,0.0,0.0));
#2743=DIRECTION('',(0.0,0.4134909436552787,0.910508231437293));
#2744=AXIS2_PLACEMENT_3D('',#308,#2742,#2743);
#2745=PLANE('',#2744);
#2746=FACE_SURFACE('',(#2741),#2745,.T.);
#2747=POLY_LOOP('',(#337,#301,#338));
#2748=FACE_OUTER_BOUND('',#2747,.T.);
#2749=DIRECTION('',(-1.0,0.0,0.0));
#2750=DIRECTION('',(0.0,-0.11979205217271448,0.9927990049532934));
#2751=AXIS2_PLACEMENT_3D('',#337,#2749,#2750);
#2752=PLANE('',#2751);
#2753=FACE_SURFACE('',(#2748),#2752,.T.);
#2754=POLY_LOOP('',(#79,#113,#218));
#2755=FACE_OUTER_BOUND('',#2754,.T.);
#2756=DIRECTION('',(0.0,0.9958690353024546,-0.0908012363669054));
#2757=DIRECTION('',(0.0,0.09080123636690539,0.9958690353024545));
#2758=AXIS2_PLACEMENT_3D('',#79,#2756,#2757);
#2759=PLANE('',#2758);
#2760=FACE_SURFACE('',(#2755),#2759,.T.);
#2761=POLY_LOOP('',(#218,#113,#253));
#2762=FACE_OUTER_BOUND('',#2761,.T.);
#2763=DIRECTION('',(0.0,0.9958690353024546,-0.0908012363669054));
#2764=DIRECTION('',(-0.5144957444002887,0.07786141843134607,0.8539506592970415));
#2765=AXIS2_PLACEMENT_3D('',#218,#2763,#2764);
#2766=PLANE('',#2765);
#2767=FACE_SURFACE('',(#2762),#2766,.T.);
#2768=POLY_LOOP('',(#287,#253,#113));
#2769=FACE_OUTER_BOUND('',#2768,.T.);
#2770=DIRECTION('',(0.0,0.9958693770988185,-0.09079748761288005));
#2771=DIRECTION('',(-0.258818274553747,-0.08770365699418127,-0.9619361565649086));
#2772=AXIS2_PLACEMENT_3D('',#287,#2770,#2771);
#2773=PLANE('',#2772);
#2774=FACE_SURFACE('',(#2769),#2773,.T.);
#2775=POLY_LOOP('',(#238,#339,#236));
#2776=FACE_OUTER_BOUND('',#2775,.T.);
#2777=DIRECTION('',(-1.007370003591895e-06,0.9958690347777549,-0.09080124211599865));
#2778=DIRECTION('',(0.0,-0.09080124211604472,-0.9958690347782602));
#2779=AXIS2_PLACEMENT_3D('',#238,#2777,#2778);
#2780=PLANE('',#2779);
#2781=FACE_SURFACE('',(#2776),#2780,.T.);
#2782=POLY_LOOP('',(#236,#339,#289));
#2783=FACE_OUTER_BOUND('',#2782,.T.);
#2784=DIRECTION('',(1.1787276066328155e-07,0.9958690928004416,-0.09080060575134646));
#2785=DIRECTION('',(0.49381188301305706,-0.07895742789910541,-0.8659766444741199));
#2786=AXIS2_PLACEMENT_3D('',#236,#2784,#2785);
#2787=PLANE('',#2786);
#2788=FACE_SURFACE('',(#2783),#2787,.T.);
#2789=POLY_LOOP('',(#236,#289,#234));
#2790=FACE_OUTER_BOUND('',#2789,.T.);
#2791=DIRECTION('',(5.512588262065192e-07,0.9958691071354132,-0.09080044852868724));
#2792=DIRECTION('',(0.3422789290345506,-0.08531614316569062,-0.9357169927142995));
#2793=AXIS2_PLACEMENT_3D('',#236,#2791,#2792);
#2794=PLANE('',#2793);
#2795=FACE_SURFACE('',(#2790),#2794,.T.);
#2796=POLY_LOOP('',(#234,#289,#287));
#2797=FACE_OUTER_BOUND('',#2796,.T.);
#2798=DIRECTION('',(2.1094341353511095e-06,0.9958692750038101,-0.09079860736231816));
#2799=DIRECTION('',(0.7646485906038025,-0.05851653849418188,-0.641785281546934));
#2800=AXIS2_PLACEMENT_3D('',#234,#2798,#2799);
#2801=PLANE('',#2800);
#2802=FACE_SURFACE('',(#2797),#2801,.T.);
#2803=POLY_LOOP('',(#308,#302,#301));
#2804=FACE_OUTER_BOUND('',#2803,.T.);
#2805=DIRECTION('',(-1.0,0.0,0.0));
#2806=DIRECTION('',(0.0,-0.9488810197653784,0.3156339815815393));
#2807=AXIS2_PLACEMENT_3D('',#308,#2805,#2806);
#2808=PLANE('',#2807);
#2809=FACE_SURFACE('',(#2804),#2808,.T.);
#2810=POLY_LOOP('',(#234,#287,#232));
#2811=FACE_OUTER_BOUND('',#2810,.T.);
#2812=DIRECTION('',(-6.253621618931879e-07,0.9958690657224031,-0.09080090273117764));
#2813=DIRECTION('',(0.6444470756858339,-0.06943041061003452,-0.7614902394138083));
#2814=AXIS2_PLACEMENT_3D('',#234,#2812,#2813);
#2815=PLANE('',#2814);
#2816=FACE_SURFACE('',(#2811),#2815,.T.);
#2817=POLY_LOOP('',(#288,#340,#237));
#2818=FACE_OUTER_BOUND('',#2817,.T.);
#2819=DIRECTION('',(7.584333283802335e-07,-0.9958691550017769,0.09079992354331519));
#2820=DIRECTION('',(0.9659268430756544,0.02350113451056108,0.2577460581708604));
#2821=AXIS2_PLACEMENT_3D('',#288,#2819,#2820);
#2822=PLANE('',#2821);
#2823=FACE_SURFACE('',(#2818),#2822,.T.);
#2824=POLY_LOOP('',(#43,#42,#231));
#2825=FACE_OUTER_BOUND('',#2824,.T.);
#2826=DIRECTION('',(0.0,-0.9958690573199971,0.09080099488761426));
#2827=DIRECTION('',(1.0,0.0,0.0));
#2828=AXIS2_PLACEMENT_3D('',#43,#2826,#2827);
#2829=PLANE('',#2828);
#2830=FACE_SURFACE('',(#2825),#2829,.T.);
#2831=POLY_LOOP('',(#231,#42,#254));
#2832=FACE_OUTER_BOUND('',#2831,.T.);
#2833=DIRECTION('',(-1.9065653531945314e-06,-0.9958693621612422,0.09079765142846857));
#2834=DIRECTION('',(0.8695685654713163,-0.04483864098528069,-0.4917723113583663));
#2835=AXIS2_PLACEMENT_3D('',#231,#2833,#2834);
#2836=PLANE('',#2835);
#2837=FACE_SURFACE('',(#2832),#2836,.T.);
#2838=POLY_LOOP('',(#231,#254,#233));
#2839=FACE_OUTER_BOUND('',#2838,.T.);
#2840=DIRECTION('',(-1.3120933756200282e-06,-0.9958692139882974,0.09079927658637707));
#2841=DIRECTION('',(0.9395983181653131,-0.031079924833167617,-0.34086513282129577));
#2842=AXIS2_PLACEMENT_3D('',#231,#2840,#2841);
#2843=PLANE('',#2842);
#2844=FACE_SURFACE('',(#2839),#2843,.T.);
#2845=POLY_LOOP('',(#233,#254,#288));
#2846=FACE_OUTER_BOUND('',#2845,.T.);
#2847=DIRECTION('',(3.2659351107929758e-06,-0.9958688636393889,0.09080311901540696));
#2848=DIRECTION('',(0.6444470756858339,-0.06943041061003452,-0.7614902394138083));
#2849=AXIS2_PLACEMENT_3D('',#233,#2847,#2848);
#2850=PLANE('',#2849);
#2851=FACE_SURFACE('',(#2846),#2850,.T.);
#2852=POLY_LOOP('',(#233,#288,#235));
#2853=FACE_OUTER_BOUND('',#2852,.T.);
#2854=DIRECTION('',(1.3734526089333829e-07,-0.9958692007110642,0.09079942221780554));
#2855=DIRECTION('',(0.7646489540403536,-0.058515313570700556,-0.6417849602185421));
#2856=AXIS2_PLACEMENT_3D('',#233,#2854,#2855);
#2857=PLANE('',#2856);
#2858=FACE_SURFACE('',(#2853),#2857,.T.);
#2859=POLY_LOOP('',(#235,#288,#237));
#2860=FACE_OUTER_BOUND('',#2859,.T.);
#2861=DIRECTION('',(1.2875296917630951e-06,-0.9958691626659294,0.09079983947895023));
#2862=DIRECTION('',(0.3422791688824256,-0.08531493619119297,-0.9357170150274325));
#2863=AXIS2_PLACEMENT_3D('',#235,#2861,#2862);
#2864=PLANE('',#2863);
#2865=FACE_SURFACE('',(#2860),#2864,.T.);
#2866=POLY_LOOP('',(#339,#340,#289));
#2867=FACE_OUTER_BOUND('',#2866,.T.);
#2868=DIRECTION('',(0.258822097742971,-0.08770640740531037,-0.9619348771200583));
#2869=DIRECTION('',(0.0,-0.995869108702145,0.09080043134696768));
#2870=AXIS2_PLACEMENT_3D('',#339,#2868,#2869);
#2871=PLANE('',#2870);
#2872=FACE_SURFACE('',(#2867),#2871,.T.);
#2873=POLY_LOOP('',(#289,#340,#288));
#2874=FACE_OUTER_BOUND('',#2873,.T.);
#2875=DIRECTION('',(0.2588152503730429,-0.08770692471870808,-0.9619366723078635));
#2876=DIRECTION('',(0.04792738639894127,-0.9934763758287558,0.1034778058480529));
#2877=AXIS2_PLACEMENT_3D('',#289,#2875,#2876);
#2878=PLANE('',#2877);
#2879=FACE_SURFACE('',(#2874),#2878,.T.);
#2880=POLY_LOOP('',(#232,#287,#113));
#2881=FACE_OUTER_BOUND('',#2880,.T.);
#2882=DIRECTION('',(1.900113986039972e-07,0.9958692689598826,-0.09079867367573949));
#2883=DIRECTION('',(0.9395983551572664,-0.031078659298028066,-0.3408651462411442));
#2884=AXIS2_PLACEMENT_3D('',#232,#2882,#2883);
#2885=PLANE('',#2884);
#2886=FACE_SURFACE('',(#2881),#2885,.T.);
#2887=POLY_LOOP('',(#310,#302,#308));
#2888=FACE_OUTER_BOUND('',#2887,.T.);
#2889=DIRECTION('',(-0.9999999999999999,0.0,0.0));
#2890=DIRECTION('',(0.0,-0.3221063493241563,0.9467034909226143));
#2891=AXIS2_PLACEMENT_3D('',#310,#2889,#2890);
#2892=PLANE('',#2891);
#2893=FACE_SURFACE('',(#2888),#2892,.T.);
#2894=POLY_LOOP('',(#303,#341,#304));
#2895=FACE_OUTER_BOUND('',#2894,.T.);
#2896=DIRECTION('',(-1.0,0.0,0.0));
#2897=DIRECTION('',(0.0,-0.2735652081075732,0.9618534591677987));
#2898=AXIS2_PLACEMENT_3D('',#303,#2896,#2897);
#2899=PLANE('',#2898);
#2900=FACE_SURFACE('',(#2895),#2899,.T.);
#2901=POLY_LOOP('',(#303,#342,#341));
#2902=FACE_OUTER_BOUND('',#2901,.T.);
#2903=DIRECTION('',(-1.0,-0.0,0.0));
#2904=DIRECTION('',(0.0,-0.8870370282573039,-0.4616982894710042));
#2905=AXIS2_PLACEMENT_3D('',#303,#2903,#2904);
#2906=PLANE('',#2905);
#2907=FACE_SURFACE('',(#2902),#2906,.T.);
#2908=POLY_LOOP('',(#35,#336,#343));
#2909=FACE_OUTER_BOUND('',#2908,.T.);
#2910=DIRECTION('',(-1.0,-0.0,-0.0));
#2911=DIRECTION('',(0.0,0.043391101968832925,-0.999058162606127));
#2912=AXIS2_PLACEMENT_3D('',#35,#2910,#2911);
#2913=PLANE('',#2912);
#2914=FACE_SURFACE('',(#2909),#2913,.T.);
#2915=POLY_LOOP('',(#343,#336,#344));
#2916=FACE_OUTER_BOUND('',#2915,.T.);
#2917=DIRECTION('',(-1.0,-0.0,-0.0));
#2918=DIRECTION('',(0.0,0.7216120917836557,-0.692297615907795));
#2919=AXIS2_PLACEMENT_3D('',#343,#2917,#2918);
#2920=PLANE('',#2919);
#2921=FACE_SURFACE('',(#2916),#2920,.T.);
#2922=POLY_LOOP('',(#343,#344,#345));
#2923=FACE_OUTER_BOUND('',#2922,.T.);
#2924=DIRECTION('',(-1.0,-0.0,-0.0));
#2925=DIRECTION('',(0.0,0.06610562621244015,-0.997812630799521));
#2926=AXIS2_PLACEMENT_3D('',#343,#2924,#2925);
#2927=PLANE('',#2926);
#2928=FACE_SURFACE('',(#2923),#2927,.T.);
#2929=POLY_LOOP('',(#345,#344,#338));
#2930=FACE_OUTER_BOUND('',#2929,.T.);
#2931=DIRECTION('',(-1.0,0.0,-0.0));
#2932=DIRECTION('',(0.0,0.7910736454464621,-0.6117209228725509));
#2933=AXIS2_PLACEMENT_3D('',#345,#2931,#2932);
#2934=PLANE('',#2933);
#2935=FACE_SURFACE('',(#2930),#2934,.T.);
#2936=POLY_LOOP('',(#345,#338,#301));
#2937=FACE_OUTER_BOUND('',#2936,.T.);
#2938=DIRECTION('',(-1.0,-0.0,-0.0));
#2939=DIRECTION('',(0.0,0.08878599887554098,-0.9960507248145911));
#2940=AXIS2_PLACEMENT_3D('',#345,#2938,#2939);
#2941=PLANE('',#2940);
#2942=FACE_SURFACE('',(#2937),#2941,.T.);
#2943=POLY_LOOP('',(#342,#346,#341));
#2944=FACE_OUTER_BOUND('',#2943,.T.);
#2945=DIRECTION('',(-1.0,0.0,0.0));
#2946=DIRECTION('',(0.0,0.3569111248843882,0.9341383457142527));
#2947=AXIS2_PLACEMENT_3D('',#342,#2945,#2946);
#2948=PLANE('',#2947);
#2949=FACE_SURFACE('',(#2944),#2948,.T.);
#2950=POLY_LOOP('',(#341,#346,#347));
#2951=FACE_OUTER_BOUND('',#2950,.T.);
#2952=DIRECTION('',(-0.9999999999999999,-0.0,0.0));
#2953=DIRECTION('',(0.0,-0.5993332441561287,-0.8004996330100909));
#2954=AXIS2_PLACEMENT_3D('',#341,#2952,#2953);
#2955=PLANE('',#2954);
#2956=FACE_SURFACE('',(#2951),#2955,.T.);
#2957=POLY_LOOP('',(#341,#347,#348));
#2958=FACE_OUTER_BOUND('',#2957,.T.);
#2959=DIRECTION('',(-1.0,-0.0,0.0));
#2960=DIRECTION('',(0.0,-0.7861424544046115,-0.618045339261363));
#2961=AXIS2_PLACEMENT_3D('',#341,#2959,#2960);
#2962=PLANE('',#2961);
#2963=FACE_SURFACE('',(#2958),#2962,.T.);
#2964=POLY_LOOP('',(#348,#347,#349));
#2965=FACE_OUTER_BOUND('',#2964,.T.);
#2966=DIRECTION('',(-1.0,-0.0,0.0));
#2967=DIRECTION('',(0.0,-0.5159496474863252,-0.8566189125035337));
#2968=AXIS2_PLACEMENT_3D('',#348,#2966,#2967);
#2969=PLANE('',#2968);
#2970=FACE_SURFACE('',(#2965),#2969,.T.);
#2971=POLY_LOOP('',(#348,#349,#350));
#2972=FACE_OUTER_BOUND('',#2971,.T.);
#2973=DIRECTION('',(-1.0,-0.0,0.0));
#2974=DIRECTION('',(0.0,-0.940612187863929,-0.3394830070001044));
#2975=AXIS2_PLACEMENT_3D('',#348,#2973,#2974);
#2976=PLANE('',#2975);
#2977=FACE_SURFACE('',(#2972),#2976,.T.);
#2978=POLY_LOOP('',(#350,#349,#351));
#2979=FACE_OUTER_BOUND('',#2978,.T.);
#2980=DIRECTION('',(-1.0,-0.0,0.0));
#2981=DIRECTION('',(0.0,-0.6864715262470427,-0.7271566843893109));
#2982=AXIS2_PLACEMENT_3D('',#350,#2980,#2981);
#2983=PLANE('',#2982);
#2984=FACE_SURFACE('',(#2979),#2983,.T.);
#2985=POLY_LOOP('',(#350,#351,#352));
#2986=FACE_OUTER_BOUND('',#2985,.T.);
#2987=DIRECTION('',(-1.0,-0.0,0.0));
#2988=DIRECTION('',(0.0,-0.9970198004773446,-0.07714607868269047));
#2989=AXIS2_PLACEMENT_3D('',#350,#2987,#2988);
#2990=PLANE('',#2989);
#2991=FACE_SURFACE('',(#2986),#2990,.T.);
#2992=POLY_LOOP('',(#352,#351,#353));
#2993=FACE_OUTER_BOUND('',#2992,.T.);
#2994=DIRECTION('',(-1.0,-0.0,0.0));
#2995=DIRECTION('',(0.0,-0.8825258109098216,-0.47026396106650736));
#2996=AXIS2_PLACEMENT_3D('',#352,#2994,#2995);
#2997=PLANE('',#2996);
#2998=FACE_SURFACE('',(#2993),#2997,.T.);
#2999=POLY_LOOP('',(#352,#353,#311));
#3000=FACE_OUTER_BOUND('',#2999,.T.);
#3001=DIRECTION('',(-0.9999999999999999,0.0,0.0));
#3002=DIRECTION('',(0.0,-0.9815390772049373,0.19126170531415843));
#3003=AXIS2_PLACEMENT_3D('',#352,#3001,#3002);
#3004=PLANE('',#3003);
#3005=FACE_SURFACE('',(#3000),#3004,.T.);
#3006=POLY_LOOP('',(#311,#353,#354));
#3007=FACE_OUTER_BOUND('',#3006,.T.);
#3008=DIRECTION('',(-1.0,-0.0,0.0));
#3009=DIRECTION('',(0.0,-0.9895991294182838,-0.14385257402832632));
#3010=AXIS2_PLACEMENT_3D('',#311,#3008,#3009);
#3011=PLANE('',#3010);
#3012=FACE_SURFACE('',(#3007),#3011,.T.);
#3013=POLY_LOOP('',(#311,#354,#312));
#3014=FACE_OUTER_BOUND('',#3013,.T.);
#3015=DIRECTION('',(-0.9999999999999999,0.0,0.0));
#3016=DIRECTION('',(0.0,-0.8897534545645288,0.45644144212646476));
#3017=AXIS2_PLACEMENT_3D('',#311,#3015,#3016);
#3018=PLANE('',#3017);
#3019=FACE_SURFACE('',(#3014),#3018,.T.);
#3020=POLY_LOOP('',(#327,#326,#355));
#3021=FACE_OUTER_BOUND('',#3020,.T.);
#3022=DIRECTION('',(-1.0,-0.0,0.0));
#3023=DIRECTION('',(0.0,-0.9977475842829362,-0.0670802359683176));
#3024=AXIS2_PLACEMENT_3D('',#327,#3022,#3023);
#3025=PLANE('',#3024);
#3026=FACE_SURFACE('',(#3021),#3025,.T.);
#3027=POLY_LOOP('',(#355,#326,#356));
#3028=FACE_OUTER_BOUND('',#3027,.T.);
#3029=DIRECTION('',(-1.0,-0.0,0.0));
#3030=DIRECTION('',(0.0,-0.7728684631516984,-0.6345662602640736));
#3031=AXIS2_PLACEMENT_3D('',#355,#3029,#3030);
#3032=PLANE('',#3031);
#3033=FACE_SURFACE('',(#3028),#3032,.T.);
#3034=POLY_LOOP('',(#355,#356,#357));
#3035=FACE_OUTER_BOUND('',#3034,.T.);
#3036=DIRECTION('',(-1.0,0.0,0.0));
#3037=DIRECTION('',(0.0,-0.9784483580037037,0.2064916722772524));
#3038=AXIS2_PLACEMENT_3D('',#355,#3036,#3037);
#3039=PLANE('',#3038);
#3040=FACE_SURFACE('',(#3035),#3039,.T.);
#3041=POLY_LOOP('',(#357,#356,#342));
#3042=FACE_OUTER_BOUND('',#3041,.T.);
#3043=DIRECTION('',(-0.9999999999999999,-0.0,0.0));
#3044=DIRECTION('',(0.0,-0.8306307388757577,-0.5568236485950583));
#3045=AXIS2_PLACEMENT_3D('',#357,#3043,#3044);
#3046=PLANE('',#3045);
#3047=FACE_SURFACE('',(#3042),#3046,.T.);
#3048=POLY_LOOP('',(#357,#342,#303));
#3049=FACE_OUTER_BOUND('',#3048,.T.);
#3050=DIRECTION('',(-1.0,0.0,0.0));
#3051=DIRECTION('',(0.0,-0.9737214747282469,0.2277421560735909));
#3052=AXIS2_PLACEMENT_3D('',#357,#3050,#3051);
#3053=PLANE('',#3052);
#3054=FACE_SURFACE('',(#3049),#3053,.T.);
#3055=POLY_LOOP('',(#151,#208,#297));
#3056=FACE_OUTER_BOUND('',#3055,.T.);
#3057=DIRECTION('',(-0.9999999999999999,0.0,-0.0));
#3058=DIRECTION('',(0.0,0.2333628528933236,-0.9723897258247277));
#3059=AXIS2_PLACEMENT_3D('',#151,#3057,#3058);
#3060=PLANE('',#3059);
#3061=FACE_SURFACE('',(#3056),#3060,.T.);
#3062=POLY_LOOP('',(#155,#156,#148));
#3063=FACE_OUTER_BOUND('',#3062,.T.);
#3064=DIRECTION('',(1.0,-0.0,0.0));
#3065=DIRECTION('',(0.0,-0.42140539605067323,-0.9068723681860503));
#3066=AXIS2_PLACEMENT_3D('',#155,#3064,#3065);
#3067=PLANE('',#3066);
#3068=FACE_SURFACE('',(#3063),#3067,.T.);
#3069=POLY_LOOP('',(#28,#81,#83));
#3070=FACE_OUTER_BOUND('',#3069,.T.);
#3071=DIRECTION('',(-1.0,-0.0,0.0));
#3072=DIRECTION('',(0.0,-0.9983950543970894,-0.056633164801491206));
#3073=AXIS2_PLACEMENT_3D('',#28,#3071,#3072);
#3074=PLANE('',#3073);
#3075=FACE_SURFACE('',(#3070),#3074,.T.);
#3076=POLY_LOOP('',(#160,#162,#166));
#3077=FACE_OUTER_BOUND('',#3076,.T.);
#3078=DIRECTION('',(1.0,-0.0,0.0));
#3079=DIRECTION('',(0.0,0.5108774167638739,-0.8596535726911575));
#3080=AXIS2_PLACEMENT_3D('',#160,#3078,#3079);
#3081=PLANE('',#3080);
#3082=FACE_SURFACE('',(#3077),#3081,.T.);
#3083=POLY_LOOP('',(#343,#57,#35));
#3084=FACE_OUTER_BOUND('',#3083,.T.);
#3085=DIRECTION('',(0.0,0.02006761999502573,0.9997986250379299));
#3086=DIRECTION('',(0.5873747448224126,0.8091521106485139,-0.016241027610986534));
#3087=AXIS2_PLACEMENT_3D('',#343,#3085,#3086);
#3088=PLANE('',#3087);
#3089=FACE_SURFACE('',(#3084),#3088,.T.);
#3090=POLY_LOOP('',(#35,#57,#58));
#3091=FACE_OUTER_BOUND('',#3090,.T.);
#3092=DIRECTION('',(-0.0,0.19132668788742763,0.981526412534083));
#3093=DIRECTION('',(1.0,0.0,0.0));
#3094=AXIS2_PLACEMENT_3D('',#35,#3092,#3093);
#3095=PLANE('',#3094);
#3096=FACE_SURFACE('',(#3091),#3095,.T.);
#3097=POLY_LOOP('',(#35,#58,#36));
#3098=FACE_OUTER_BOUND('',#3097,.T.);
#3099=DIRECTION('',(0.0,0.19132668788742763,0.981526412534083));
#3100=DIRECTION('',(0.5873747372732179,0.7943641387841971,-0.15484357599480472));
#3101=AXIS2_PLACEMENT_3D('',#35,#3099,#3100);
#3102=PLANE('',#3101);
#3103=FACE_SURFACE('',(#3098),#3102,.T.);
#3104=POLY_LOOP('',(#36,#58,#66));
#3105=FACE_OUTER_BOUND('',#3104,.T.);
#3106=DIRECTION('',(-0.0,0.3569106068510387,0.9341385436418002));
#3107=DIRECTION('',(1.0,0.0,0.0));
#3108=AXIS2_PLACEMENT_3D('',#36,#3106,#3107);
#3109=PLANE('',#3108);
#3110=FACE_SURFACE('',(#3105),#3109,.T.);
#3111=POLY_LOOP('',(#36,#66,#37));
#3112=FACE_OUTER_BOUND('',#3111,.T.);
#3113=DIRECTION('',(0.0,0.3569106068510387,0.9341385436418002));
#3114=DIRECTION('',(0.5873747226356969,0.7560124312394013,-0.28885314438331433));
#3115=AXIS2_PLACEMENT_3D('',#36,#3113,#3114);
#3116=PLANE('',#3115);
#3117=FACE_SURFACE('',(#3112),#3116,.T.);
#3118=POLY_LOOP('',(#37,#66,#18));
#3119=FACE_OUTER_BOUND('',#3118,.T.);
#3120=DIRECTION('',(-0.0,0.21978749466567998,0.9755477728889467));
#3121=DIRECTION('',(1.0,0.0,0.0));
#3122=AXIS2_PLACEMENT_3D('',#37,#3120,#3121);
#3123=PLANE('',#3122);
#3124=FACE_SURFACE('',(#3119),#3123,.T.);
#3125=POLY_LOOP('',(#18,#66,#182));
#3126=FACE_OUTER_BOUND('',#3125,.T.);
#3127=DIRECTION('',(0.0,0.21978749466567998,0.9755477728889467));
#3128=DIRECTION('',(0.8548947430811557,-0.506115630831887,0.1140260780692117));
#3129=AXIS2_PLACEMENT_3D('',#18,#3127,#3128);
#3130=PLANE('',#3129);
#3131=FACE_SURFACE('',(#3126),#3130,.T.);
#3132=POLY_LOOP('',(#18,#182,#26));
#3133=FACE_OUTER_BOUND('',#3132,.T.);
#3134=DIRECTION('',(0.0,-0.23534313540884047,0.971912346158817));
#3135=DIRECTION('',(1.0,0.0,0.0));
#3136=AXIS2_PLACEMENT_3D('',#18,#3134,#3135);
#3137=PLANE('',#3136);
#3138=FACE_SURFACE('',(#3133),#3137,.T.);
#3139=POLY_LOOP('',(#26,#182,#181));
#3140=FACE_OUTER_BOUND('',#3139,.T.);
#3141=DIRECTION('',(0.0,-0.23534313540884047,0.971912346158817));
#3142=DIRECTION('',(0.8548947318730272,-0.504229584005044,-0.12209637189468461));
#3143=AXIS2_PLACEMENT_3D('',#26,#3141,#3142);
#3144=PLANE('',#3143);
#3145=FACE_SURFACE('',(#3140),#3144,.T.);
#3146=POLY_LOOP('',(#343,#203,#57));
#3147=FACE_OUTER_BOUND('',#3146,.T.);
#3148=DIRECTION('',(-0.0,0.02006761999502573,0.9997986250379299));
#3149=DIRECTION('',(1.0,0.0,0.0));
#3150=AXIS2_PLACEMENT_3D('',#343,#3148,#3149);
#3151=PLANE('',#3150);
#3152=FACE_SURFACE('',(#3147),#3151,.T.);
#3153=POLY_LOOP('',(#26,#181,#179));
#3154=FACE_OUTER_BOUND('',#3153,.T.);
#3155=DIRECTION('',(0.0,-0.2661730662017583,0.9639252558309458));
#3156=DIRECTION('',(1.0,0.0,0.0));
#3157=AXIS2_PLACEMENT_3D('',#26,#3155,#3156);
#3158=PLANE('',#3157);
#3159=FACE_SURFACE('',(#3154),#3158,.T.);
#3160=POLY_LOOP('',(#31,#179,#177));
#3161=FACE_OUTER_BOUND('',#3160,.T.);
#3162=DIRECTION('',(-0.0,0.1257114154729733,0.9920668525960242));
#3163=DIRECTION('',(1.0,0.0,0.0));
#3164=AXIS2_PLACEMENT_3D('',#31,#3162,#3163);
#3165=PLANE('',#3164);
#3166=FACE_SURFACE('',(#3161),#3165,.T.);
#3167=POLY_LOOP('',(#31,#177,#33));
#3168=FACE_OUTER_BOUND('',#3167,.T.);
#3169=DIRECTION('',(0.0,0.1257114154729733,0.9920668525960242));
#3170=DIRECTION('',(0.8858136077811972,0.46035991090121064,-0.058335278388712684));
#3171=AXIS2_PLACEMENT_3D('',#31,#3169,#3170);
#3172=PLANE('',#3171);
#3173=FACE_SURFACE('',(#3168),#3172,.T.);
#3174=POLY_LOOP('',(#33,#177,#175));
#3175=FACE_OUTER_BOUND('',#3174,.T.);
#3176=DIRECTION('',(-0.0,0.49818955808317394,0.8670681427759249));
#3177=DIRECTION('',(1.0,0.0,0.0));
#3178=AXIS2_PLACEMENT_3D('',#33,#3176,#3177);
#3179=PLANE('',#3178);
#3180=FACE_SURFACE('',(#3175),#3179,.T.);
#3181=POLY_LOOP('',(#33,#175,#34));
#3182=FACE_OUTER_BOUND('',#3181,.T.);
#3183=DIRECTION('',(0.0,0.49818955808317394,0.8670681427759249));
#3184=DIRECTION('',(0.8858134048521925,0.402355693190986,-0.23118068245631332));
#3185=AXIS2_PLACEMENT_3D('',#33,#3183,#3184);
#3186=PLANE('',#3185);
#3187=FACE_SURFACE('',(#3182),#3186,.T.);
#3188=POLY_LOOP('',(#34,#175,#174));
#3189=FACE_OUTER_BOUND('',#3188,.T.);
#3190=DIRECTION('',(-0.0,0.7937682499514447,0.6082203263366169));
#3191=DIRECTION('',(1.0,0.0,0.0));
#3192=AXIS2_PLACEMENT_3D('',#34,#3190,#3191);
#3193=PLANE('',#3192);
#3194=FACE_SURFACE('',(#3189),#3193,.T.);
#3195=POLY_LOOP('',(#34,#174,#45));
#3196=FACE_OUTER_BOUND('',#3195,.T.);
#3197=DIRECTION('',(0.0,0.7937682499514447,0.6082203263366169));
#3198=DIRECTION('',(0.8858133639577739,0.2822395843086716,-0.3683415551944699));
#3199=AXIS2_PLACEMENT_3D('',#34,#3197,#3198);
#3200=PLANE('',#3199);
#3201=FACE_SURFACE('',(#3196),#3200,.T.);
#3202=POLY_LOOP('',(#45,#174,#207));
#3203=FACE_OUTER_BOUND('',#3202,.T.);
#3204=DIRECTION('',(-0.0,0.9668121468291755,0.2554883025572026));
#3205=DIRECTION('',(1.0,0.0,0.0));
#3206=AXIS2_PLACEMENT_3D('',#45,#3204,#3205);
#3207=PLANE('',#3206);
#3208=FACE_SURFACE('',(#3203),#3207,.T.);
#3209=POLY_LOOP('',(#45,#207,#15));
#3210=FACE_OUTER_BOUND('',#3209,.T.);
#3211=DIRECTION('',(0.0,0.9668121468291755,0.2554883025572026));
#3212=DIRECTION('',(0.8858134086514733,0.11855720029324783,-0.44864105397509557));
#3213=AXIS2_PLACEMENT_3D('',#45,#3211,#3212);
#3214=PLANE('',#3213);
#3215=FACE_SURFACE('',(#3210),#3214,.T.);
#3216=POLY_LOOP('',(#15,#207,#196));
#3217=FACE_OUTER_BOUND('',#3216,.T.);
#3218=DIRECTION('',(0.0,0.9906147044292198,-0.1366839689525053));
#3219=DIRECTION('',(1.0,0.0,0.0));
#3220=AXIS2_PLACEMENT_3D('',#15,#3218,#3219);
#3221=PLANE('',#3220);
#3222=FACE_SURFACE('',(#3217),#3221,.T.);
#3223=POLY_LOOP('',(#26,#179,#31));
#3224=FACE_OUTER_BOUND('',#3223,.T.);
#3225=DIRECTION('',(0.0,-0.2661730662017583,0.9639252558309458));
#3226=DIRECTION('',(0.8858132450749544,0.4473017174500475,0.1235154582067227));
#3227=AXIS2_PLACEMENT_3D('',#26,#3225,#3226);
#3228=PLANE('',#3227);
#3229=FACE_SURFACE('',(#3224),#3228,.T.);
#3230=POLY_LOOP('',(#15,#196,#16));
#3231=FACE_OUTER_BOUND('',#3230,.T.);
#3232=DIRECTION('',(0.0,0.9906147044292198,-0.1366839689525053));
#3233=DIRECTION('',(0.8858134886098741,-0.06342702656696399,-0.45968627964915154));
#3234=AXIS2_PLACEMENT_3D('',#15,#3232,#3233);
#3235=PLANE('',#3234);
#3236=FACE_SURFACE('',(#3231),#3235,.T.);
#3237=POLY_LOOP('',(#345,#203,#343));
#3238=FACE_OUTER_BOUND('',#3237,.T.);
#3239=DIRECTION('',(0.0,-0.15178760575639857,0.9884131336332698));
#3240=DIRECTION('',(0.5873747085124872,0.7999376867353772,0.12284400327376216));
#3241=AXIS2_PLACEMENT_3D('',#345,#3239,#3240);
#3242=PLANE('',#3241);
#3243=FACE_SURFACE('',(#3238),#3242,.T.);
#3244=POLY_LOOP('',(#301,#205,#345));
#3245=FACE_OUTER_BOUND('',#3244,.T.);
#3246=DIRECTION('',(0.0,-0.3191392753618486,0.9477078257150324));
#3247=DIRECTION('',(0.5873747189971761,0.7669942586546029,0.2582842362086086));
#3248=AXIS2_PLACEMENT_3D('',#301,#3246,#3247);
#3249=PLANE('',#3248);
#3250=FACE_SURFACE('',(#3245),#3249,.T.);
#3251=POLY_LOOP('',(#349,#200,#199));
#3252=FACE_OUTER_BOUND('',#3251,.T.);
#3253=DIRECTION('',(0.0,-0.9719123751718404,-0.23534301559177784));
#3254=DIRECTION('',(0.8548946147256785,0.1220963551636583,-0.5042297866734805));
#3255=AXIS2_PLACEMENT_3D('',#349,#3253,#3254);
#3256=PLANE('',#3255);
#3257=FACE_SURFACE('',(#3252),#3256,.T.);
#3258=POLY_LOOP('',(#349,#199,#173));
#3259=FACE_OUTER_BOUND('',#3258,.T.);
#3260=DIRECTION('',(0.0,-0.9639252128384764,-0.26617322189562576));
#3261=DIRECTION('',(1.0,0.0,0.0));
#3262=AXIS2_PLACEMENT_3D('',#349,#3260,#3261);
#3263=PLANE('',#3262);
#3264=FACE_SURFACE('',(#3259),#3263,.T.);
#3265=POLY_LOOP('',(#349,#173,#351));
#3266=FACE_OUTER_BOUND('',#3265,.T.);
#3267=DIRECTION('',(-0.0,-0.9639252128384764,-0.26617322189562576));
#3268=DIRECTION('',(0.885813356649129,-0.12351547376433078,0.4473014921982443));
#3269=AXIS2_PLACEMENT_3D('',#349,#3267,#3268);
#3270=PLANE('',#3269);
#3271=FACE_SURFACE('',(#3266),#3270,.T.);
#3272=POLY_LOOP('',(#351,#173,#171));
#3273=FACE_OUTER_BOUND('',#3272,.T.);
#3274=DIRECTION('',(0.0,-0.9920668621859149,0.125711339793166));
#3275=DIRECTION('',(1.0,0.0,0.0));
#3276=AXIS2_PLACEMENT_3D('',#351,#3274,#3275);
#3277=PLANE('',#3276);
#3278=FACE_SURFACE('',(#3273),#3277,.T.);
#3279=POLY_LOOP('',(#351,#171,#353));
#3280=FACE_OUTER_BOUND('',#3279,.T.);
#3281=DIRECTION('',(0.0,-0.9920668621859149,0.125711339793166));
#3282=DIRECTION('',(0.885813492949688,0.05833527082648063,0.4603601328154668));
#3283=AXIS2_PLACEMENT_3D('',#351,#3281,#3282);
#3284=PLANE('',#3283);
#3285=FACE_SURFACE('',(#3280),#3284,.T.);
#3286=POLY_LOOP('',(#353,#171,#141));
#3287=FACE_OUTER_BOUND('',#3286,.T.);
#3288=DIRECTION('',(0.0,-0.8670678415557326,0.49819008233793965));
#3289=DIRECTION('',(1.0,0.0,0.0));
#3290=AXIS2_PLACEMENT_3D('',#353,#3288,#3289);
#3291=PLANE('',#3290);
#3292=FACE_SURFACE('',(#3287),#3291,.T.);
#3293=POLY_LOOP('',(#353,#141,#354));
#3294=FACE_OUTER_BOUND('',#3293,.T.);
#3295=DIRECTION('',(0.0,-0.8670678415557326,0.49819008233793965));
#3296=DIRECTION('',(0.8858136055780483,0.23118073484199644,0.4023552211799074));
#3297=AXIS2_PLACEMENT_3D('',#353,#3295,#3296);
#3298=PLANE('',#3297);
#3299=FACE_SURFACE('',(#3294),#3298,.T.);
#3300=POLY_LOOP('',(#354,#141,#140));
#3301=FACE_OUTER_BOUND('',#3300,.T.);
#3302=DIRECTION('',(0.0,-0.6082224416336521,0.7937666291128637));
#3303=DIRECTION('',(1.0,0.0,0.0));
#3304=AXIS2_PLACEMENT_3D('',#354,#3302,#3303);
#3305=PLANE('',#3304);
#3306=FACE_SURFACE('',(#3301),#3305,.T.);
#3307=POLY_LOOP('',(#354,#140,#312));
#3308=FACE_OUTER_BOUND('',#3307,.T.);
#3309=DIRECTION('',(0.0,-0.6082224416336521,0.7937666291128637));
#3310=DIRECTION('',(0.8858132661085881,0.3683409513216223,0.2822406795015876));
#3311=AXIS2_PLACEMENT_3D('',#354,#3309,#3310);
#3312=PLANE('',#3311);
#3313=FACE_SURFACE('',(#3308),#3312,.T.);
#3314=POLY_LOOP('',(#345,#205,#203));
#3315=FACE_OUTER_BOUND('',#3314,.T.);
#3316=DIRECTION('',(0.0,-0.15178760575639857,0.9884131336332698));
#3317=DIRECTION('',(1.0,0.0,0.0));
#3318=AXIS2_PLACEMENT_3D('',#345,#3316,#3317);
#3319=PLANE('',#3318);
#3320=FACE_SURFACE('',(#3315),#3319,.T.);
#3321=POLY_LOOP('',(#312,#140,#124));
#3322=FACE_OUTER_BOUND('',#3321,.T.);
#3323=DIRECTION('',(0.0,-0.2554871681249589,0.9668124466117971));
#3324=DIRECTION('',(1.0,0.0,0.0));
#3325=AXIS2_PLACEMENT_3D('',#312,#3323,#3324);
#3326=PLANE('',#3325);
#3327=FACE_SURFACE('',(#3322),#3326,.T.);
#3328=POLY_LOOP('',(#314,#124,#122));
#3329=FACE_OUTER_BOUND('',#3328,.T.);
#3330=DIRECTION('',(-0.0,0.1366838046227609,0.9906147271032503));
#3331=DIRECTION('',(1.0,0.0,0.0));
#3332=AXIS2_PLACEMENT_3D('',#314,#3330,#3331);
#3333=PLANE('',#3332);
#3334=FACE_SURFACE('',(#3329),#3333,.T.);
#3335=POLY_LOOP('',(#314,#122,#316));
#3336=FACE_OUTER_BOUND('',#3335,.T.);
#3337=DIRECTION('',(0.0,0.1366838046227609,0.9906147271032503));
#3338=DIRECTION('',(0.8858132592829507,0.45968672382656417,-0.06342701014643636));
#3339=AXIS2_PLACEMENT_3D('',#314,#3337,#3338);
#3340=PLANE('',#3339);
#3341=FACE_SURFACE('',(#3336),#3340,.T.);
#3342=POLY_LOOP('',(#316,#122,#317));
#3343=FACE_OUTER_BOUND('',#3342,.T.);
#3344=DIRECTION('',(-0.0,0.10506979881571742,0.9944648497442353));
#3345=DIRECTION('',(1.0,0.0,0.0));
#3346=AXIS2_PLACEMENT_3D('',#316,#3344,#3345);
#3347=PLANE('',#3346);
#3348=FACE_SURFACE('',(#3343),#3347,.T.);
#3349=POLY_LOOP('',(#317,#122,#121));
#3350=FACE_OUTER_BOUND('',#3349,.T.);
#3351=DIRECTION('',(0.0,0.10506979881571742,0.9944648497442353));
#3352=DIRECTION('',(0.8548947449990882,-0.5159298352061967,0.054510367060317075));
#3353=AXIS2_PLACEMENT_3D('',#317,#3351,#3352);
#3354=PLANE('',#3353);
#3355=FACE_SURFACE('',(#3350),#3354,.T.);
#3356=POLY_LOOP('',(#317,#121,#300));
#3357=FACE_OUTER_BOUND('',#3356,.T.);
#3358=DIRECTION('',(0.0,-0.34656268177956373,0.9380268160333993));
#3359=DIRECTION('',(1.0,0.0,0.0));
#3360=AXIS2_PLACEMENT_3D('',#317,#3358,#3359);
#3361=PLANE('',#3360);
#3362=FACE_SURFACE('',(#3357),#3361,.T.);
#3363=POLY_LOOP('',(#300,#121,#144));
#3364=FACE_OUTER_BOUND('',#3363,.T.);
#3365=DIRECTION('',(0.0,-0.34656268177956373,0.9380268160333993));
#3366=DIRECTION('',(0.8548947259117244,-0.4866497293290005,-0.17979724289412227));
#3367=AXIS2_PLACEMENT_3D('',#300,#3365,#3366);
#3368=PLANE('',#3367);
#3369=FACE_SURFACE('',(#3364),#3368,.T.);
#3370=POLY_LOOP('',(#300,#144,#159));
#3371=FACE_OUTER_BOUND('',#3370,.T.);
#3372=DIRECTION('',(0.0,-0.4770251228347414,0.8788896587083612));
#3373=DIRECTION('',(1.0,0.0,0.0));
#3374=AXIS2_PLACEMENT_3D('',#300,#3372,#3373);
#3375=PLANE('',#3374);
#3376=FACE_SURFACE('',(#3371),#3375,.T.);
#3377=POLY_LOOP('',(#300,#159,#301));
#3378=FACE_OUTER_BOUND('',#3377,.T.);
#3379=DIRECTION('',(0.0,-0.4770251228347414,0.8788896587083612));
#3380=DIRECTION('',(0.5873746949687886,0.7112986919118381,0.38606364578244134));
#3381=AXIS2_PLACEMENT_3D('',#300,#3379,#3380);
#3382=PLANE('',#3381);
#3383=FACE_SURFACE('',(#3378),#3382,.T.);
#3384=POLY_LOOP('',(#301,#159,#205));
#3385=FACE_OUTER_BOUND('',#3384,.T.);
#3386=DIRECTION('',(0.0,-0.3191392753618486,0.9477078257150324));
#3387=DIRECTION('',(1.0,0.0,0.0));
#3388=AXIS2_PLACEMENT_3D('',#301,#3386,#3387);
#3389=PLANE('',#3388);
#3390=FACE_SURFACE('',(#3385),#3389,.T.);
#3391=POLY_LOOP('',(#312,#124,#314));
#3392=FACE_OUTER_BOUND('',#3391,.T.);
#3393=DIRECTION('',(0.0,-0.2554871681249589,0.9668124466117971));
#3394=DIRECTION('',(0.8858134677967782,0.4486410839306276,0.11855664502421542));
#3395=AXIS2_PLACEMENT_3D('',#312,#3393,#3394);
#3396=PLANE('',#3395);
#3397=FACE_SURFACE('',(#3392),#3396,.T.);
#3398=POLY_LOOP('',(#347,#200,#349));
#3399=FACE_OUTER_BOUND('',#3398,.T.);
#3400=DIRECTION('',(0.0,-0.9719123751718404,-0.23534301559177784));
#3401=DIRECTION('',(1.0,0.0,0.0));
#3402=AXIS2_PLACEMENT_3D('',#347,#3400,#3401);
#3403=PLANE('',#3402);
#3404=FACE_SURFACE('',(#3399),#3403,.T.);
#3405=POLY_LOOP('',(#16,#196,#21));
#3406=FACE_OUTER_BOUND('',#3405,.T.);
#3407=DIRECTION('',(0.0,0.9944649649946017,-0.10506870798808461));
#3408=DIRECTION('',(1.0,0.0,0.0));
#3409=AXIS2_PLACEMENT_3D('',#16,#3407,#3408);
#3410=PLANE('',#3409);
#3411=FACE_SURFACE('',(#3406),#3410,.T.);
#3412=POLY_LOOP('',(#21,#183,#22));
#3413=FACE_OUTER_BOUND('',#3412,.T.);
#3414=DIRECTION('',(-0.0,0.9380268160333993,0.34656268177956373));
#3415=DIRECTION('',(1.0,0.0,0.0));
#3416=AXIS2_PLACEMENT_3D('',#21,#3414,#3415);
#3417=PLANE('',#3416);
#3418=FACE_SURFACE('',(#3413),#3417,.T.);
#3419=POLY_LOOP('',(#338,#202,#204));
#3420=FACE_OUTER_BOUND('',#3419,.T.);
#3421=DIRECTION('',(0.0,0.1667133676605122,-0.9860054021369716));
#3422=DIRECTION('',(0.5955377120729916,0.7920851081595857,0.1339254080848145));
#3423=AXIS2_PLACEMENT_3D('',#338,#3421,#3422);
#3424=PLANE('',#3423);
#3425=FACE_SURFACE('',(#3420),#3424,.T.);
#3426=POLY_LOOP('',(#338,#204,#337));
#3427=FACE_OUTER_BOUND('',#3426,.T.);
#3428=DIRECTION('',(0.0,0.3617823458939141,-0.9322625886516611));
#3429=DIRECTION('',(1.0,0.0,0.0));
#3430=AXIS2_PLACEMENT_3D('',#338,#3428,#3429);
#3431=PLANE('',#3430);
#3432=FACE_SURFACE('',(#3427),#3431,.T.);
#3433=POLY_LOOP('',(#337,#204,#206));
#3434=FACE_OUTER_BOUND('',#3433,.T.);
#3435=DIRECTION('',(0.0,0.3617823458939141,-0.9322625886516611));
#3436=DIRECTION('',(0.5955376021294145,0.7489121121303887,0.2906296831955526));
#3437=AXIS2_PLACEMENT_3D('',#337,#3435,#3436);
#3438=PLANE('',#3437);
#3439=FACE_SURFACE('',(#3434),#3438,.T.);
#3440=POLY_LOOP('',(#337,#206,#308));
#3441=FACE_OUTER_BOUND('',#3440,.T.);
#3442=DIRECTION('',(0.0,0.5420399187454139,-0.8403527393222832));
#3443=DIRECTION('',(1.0,0.0,0.0));
#3444=AXIS2_PLACEMENT_3D('',#337,#3442,#3443);
#3445=PLANE('',#3444);
#3446=FACE_SURFACE('',(#3441),#3445,.T.);
#3447=POLY_LOOP('',(#308,#206,#134));
#3448=FACE_OUTER_BOUND('',#3447,.T.);
#3449=DIRECTION('',(0.0,0.5420399187454139,-0.8403527393222832));
#3450=DIRECTION('',(0.5955376755686088,0.6750783630587937,0.4354355069447117));
#3451=AXIS2_PLACEMENT_3D('',#308,#3449,#3450);
#3452=PLANE('',#3451);
#3453=FACE_SURFACE('',(#3448),#3452,.T.);
#3454=POLY_LOOP('',(#308,#134,#305));
#3455=FACE_OUTER_BOUND('',#3454,.T.);
#3456=DIRECTION('',(0.0,0.7001057209812274,-0.7140392002189765));
#3457=DIRECTION('',(1.0,0.0,0.0));
#3458=AXIS2_PLACEMENT_3D('',#308,#3456,#3457);
#3459=PLANE('',#3458);
#3460=FACE_SURFACE('',(#3455),#3459,.T.);
#3461=POLY_LOOP('',(#305,#134,#132));
#3462=FACE_OUTER_BOUND('',#3461,.T.);
#3463=DIRECTION('',(0.0,0.7001057209812274,-0.7140392002189765));
#3464=DIRECTION('',(0.5955379069828157,0.5736071163293633,0.5624139733708965));
#3465=AXIS2_PLACEMENT_3D('',#305,#3463,#3464);
#3466=PLANE('',#3465);
#3467=FACE_SURFACE('',(#3462),#3466,.T.);
#3468=POLY_LOOP('',(#305,#132,#303));
#3469=FACE_OUTER_BOUND('',#3468,.T.);
#3470=DIRECTION('',(0.0,0.8295097114613025,-0.5584922905388997));
#3471=DIRECTION('',(1.0,0.0,0.0));
#3472=AXIS2_PLACEMENT_3D('',#305,#3470,#3471);
#3473=PLANE('',#3472);
#3474=FACE_SURFACE('',(#3469),#3473,.T.);
#3475=POLY_LOOP('',(#303,#132,#130));
#3476=FACE_OUTER_BOUND('',#3475,.T.);
#3477=DIRECTION('',(0.0,0.8295097114613025,-0.5584922905388997));
#3478=DIRECTION('',(0.5955377519559696,0.44865211602015886,0.6663678149384648));
#3479=AXIS2_PLACEMENT_3D('',#303,#3477,#3478);
#3480=PLANE('',#3479);
#3481=FACE_SURFACE('',(#3476),#3480,.T.);
#3482=POLY_LOOP('',(#344,#202,#338));
#3483=FACE_OUTER_BOUND('',#3482,.T.);
#3484=DIRECTION('',(0.0,0.1667133676605122,-0.9860054021369716));
#3485=DIRECTION('',(1.0,0.0,0.0));
#3486=AXIS2_PLACEMENT_3D('',#344,#3484,#3485);
#3487=PLANE('',#3486);
#3488=FACE_SURFACE('',(#3483),#3487,.T.);
#3489=POLY_LOOP('',(#303,#130,#357));
#3490=FACE_OUTER_BOUND('',#3489,.T.);
#3491=DIRECTION('',(0.0,0.9249532565073486,-0.38008087728331064));
#3492=DIRECTION('',(1.0,0.0,0.0));
#3493=AXIS2_PLACEMENT_3D('',#303,#3491,#3492);
#3494=PLANE('',#3493);
#3495=FACE_SURFACE('',(#3490),#3494,.T.);
#3496=POLY_LOOP('',(#357,#139,#355));
#3497=FACE_OUTER_BOUND('',#3496,.T.);
#3498=DIRECTION('',(0.0,0.9825290015034185,-0.1861095408749787));
#3499=DIRECTION('',(1.0,0.0,0.0));
#3500=AXIS2_PLACEMENT_3D('',#357,#3498,#3499);
#3501=PLANE('',#3500);
#3502=FACE_SURFACE('',(#3497),#3501,.T.);
#3503=POLY_LOOP('',(#355,#139,#117));
#3504=FACE_OUTER_BOUND('',#3503,.T.);
#3505=DIRECTION('',(0.0,0.9825290015034185,-0.1861095408749787));
#3506=DIRECTION('',(0.5955376719607487,0.14950689007467985,0.7892924496634749));
#3507=AXIS2_PLACEMENT_3D('',#355,#3505,#3506);
#3508=PLANE('',#3507);
#3509=FACE_SURFACE('',(#3504),#3508,.T.);
#3510=POLY_LOOP('',(#355,#117,#327));
#3511=FACE_OUTER_BOUND('',#3510,.T.);
#3512=DIRECTION('',(0.0,0.9999504999193458,-0.00994975934634424));
#3513=DIRECTION('',(1.0,0.0,0.0));
#3514=AXIS2_PLACEMENT_3D('',#355,#3512,#3513);
#3515=PLANE('',#3514);
#3516=FACE_SURFACE('',(#3511),#3515,.T.);
#3517=POLY_LOOP('',(#327,#117,#116));
#3518=FACE_OUTER_BOUND('',#3517,.T.);
#3519=DIRECTION('',(0.0,0.9999504999193458,-0.00994975934634424));
#3520=DIRECTION('',(0.7031782151743946,0.0070744146200304794,0.7109784457787286));
#3521=AXIS2_PLACEMENT_3D('',#327,#3519,#3520);
#3522=PLANE('',#3521);
#3523=FACE_SURFACE('',(#3518),#3522,.T.);
#3524=POLY_LOOP('',(#327,#116,#325));
#3525=FACE_OUTER_BOUND('',#3524,.T.);
#3526=DIRECTION('',(-0.0,0.9958266153605724,0.09126528441585297));
#3527=DIRECTION('',(1.0,0.0,0.0));
#3528=AXIS2_PLACEMENT_3D('',#327,#3526,#3527);
#3529=PLANE('',#3528);
#3530=FACE_SURFACE('',(#3525),#3529,.T.);
#3531=POLY_LOOP('',(#325,#116,#138));
#3532=FACE_OUTER_BOUND('',#3531,.T.);
#3533=DIRECTION('',(0.0,0.9958266153605724,0.09126528441585297));
#3534=DIRECTION('',(0.9470403982652216,-0.02930660076444189,0.31977430666844403));
#3535=AXIS2_PLACEMENT_3D('',#325,#3533,#3534);
#3536=PLANE('',#3535);
#3537=FACE_SURFACE('',(#3532),#3536,.T.);
#3538=POLY_LOOP('',(#325,#138,#295));
#3539=FACE_OUTER_BOUND('',#3538,.T.);
#3540=DIRECTION('',(-0.0,0.9762959916205076,0.21643968385148238));
#3541=DIRECTION('',(1.0,0.0,0.0));
#3542=AXIS2_PLACEMENT_3D('',#325,#3540,#3541);
#3543=PLANE('',#3542);
#3544=FACE_SURFACE('',(#3539),#3543,.T.);
#3545=POLY_LOOP('',(#295,#138,#142));
#3546=FACE_OUTER_BOUND('',#3545,.T.);
#3547=DIRECTION('',(0.0,0.9762959916205076,0.21643968385148238));
#3548=DIRECTION('',(0.5955377227776396,-0.17387191624750764,0.7842852653781296));
#3549=AXIS2_PLACEMENT_3D('',#295,#3547,#3548);
#3550=PLANE('',#3549);
#3551=FACE_SURFACE('',(#3546),#3550,.T.);
#3552=POLY_LOOP('',(#295,#142,#151));
#3553=FACE_OUTER_BOUND('',#3552,.T.);
#3554=DIRECTION('',(-0.0,0.9127421427457022,0.4085361438795644));
#3555=DIRECTION('',(1.0,0.0,0.0));
#3556=AXIS2_PLACEMENT_3D('',#295,#3554,#3555);
#3557=PLANE('',#3556);
#3558=FACE_SURFACE('',(#3553),#3557,.T.);
#3559=POLY_LOOP('',(#357,#130,#139));
#3560=FACE_OUTER_BOUND('',#3559,.T.);
#3561=DIRECTION('',(0.0,0.9249532565073486,-0.38008087728331064));
#3562=DIRECTION('',(0.5955376756547124,0.3053293747253164,0.7430402746861237));
#3563=AXIS2_PLACEMENT_3D('',#357,#3561,#3562);
#3564=PLANE('',#3563);
#3565=FACE_SURFACE('',(#3560),#3564,.T.);
#3566=POLY_LOOP('',(#21,#196,#183));
#3567=FACE_OUTER_BOUND('',#3566,.T.);
#3568=DIRECTION('',(0.0,0.9944649649946017,-0.10506870798808461));
#3569=DIRECTION('',(0.8548946504620083,0.05450981750500002,0.5159300499166648));
#3570=AXIS2_PLACEMENT_3D('',#21,#3568,#3569);
#3571=PLANE('',#3570);
#3572=FACE_SURFACE('',(#3567),#3571,.T.);
#3573=POLY_LOOP('',(#86,#358,#223));
#3574=FACE_OUTER_BOUND('',#3573,.T.);
#3575=DIRECTION('',(0.0,0.26166794477394334,0.9651579594438315));
#3576=DIRECTION('',(0.8223868925898454,-0.5491060065104615,0.14887038829314223));
#3577=AXIS2_PLACEMENT_3D('',#86,#3575,#3576);
#3578=PLANE('',#3577);
#3579=FACE_SURFACE('',(#3574),#3578,.T.);
#3580=POLY_LOOP('',(#109,#359,#358));
#3581=FACE_OUTER_BOUND('',#3580,.T.);
#3582=DIRECTION('',(0.0,0.5748326164674566,0.818271020533648));
#3583=DIRECTION('',(0.8223871488185617,-0.46553751686050737,0.3270385265583091));
#3584=AXIS2_PLACEMENT_3D('',#109,#3582,#3583);
#3585=PLANE('',#3584);
#3586=FACE_SURFACE('',(#3581),#3585,.T.);
#3587=POLY_LOOP('',(#22,#183,#185));
#3588=FACE_OUTER_BOUND('',#3587,.T.);
#3589=DIRECTION('',(0.0,0.9380268160333993,0.34656268177956373));
#3590=DIRECTION('',(0.8548947259117244,-0.17979724289412227,0.4866497293290005));
#3591=AXIS2_PLACEMENT_3D('',#22,#3589,#3590);
#3592=PLANE('',#3591);
#3593=FACE_SURFACE('',(#3588),#3592,.T.);
#3594=POLY_LOOP('',(#22,#185,#190));
#3595=FACE_OUTER_BOUND('',#3594,.T.);
#3596=DIRECTION('',(-0.0,0.8779167742278898,0.47881325955877246));
#3597=DIRECTION('',(1.0,0.0,0.0));
#3598=AXIS2_PLACEMENT_3D('',#22,#3596,#3597);
#3599=PLANE('',#3598);
#3600=FACE_SURFACE('',(#3595),#3599,.T.);
#3601=POLY_LOOP('',(#22,#190,#23));
#3602=FACE_OUTER_BOUND('',#3601,.T.);
#3603=DIRECTION('',(0.0,0.8779167742278898,0.47881325955877246));
#3604=DIRECTION('',(0.5965421649258634,0.38428677782366627,-0.7045999700932922));
#3605=AXIS2_PLACEMENT_3D('',#22,#3603,#3604);
#3606=PLANE('',#3605);
#3607=FACE_SURFACE('',(#3602),#3606,.T.);
#3608=POLY_LOOP('',(#23,#190,#189));
#3609=FACE_OUTER_BOUND('',#3608,.T.);
#3610=DIRECTION('',(-0.0,0.9457405568014513,0.3249227588533636));
#3611=DIRECTION('',(1.0,0.0,0.0));
#3612=AXIS2_PLACEMENT_3D('',#23,#3610,#3611);
#3613=PLANE('',#3612);
#3614=FACE_SURFACE('',(#3609),#3613,.T.);
#3615=POLY_LOOP('',(#23,#189,#24));
#3616=FACE_OUTER_BOUND('',#3615,.T.);
#3617=DIRECTION('',(0.0,0.9457405568014513,0.3249227588533636));
#3618=DIRECTION('',(0.5965421524238127,0.2607770753928188,-0.7590341081474091));
#3619=AXIS2_PLACEMENT_3D('',#23,#3617,#3618);
#3620=PLANE('',#3619);
#3621=FACE_SURFACE('',(#3616),#3620,.T.);
#3622=POLY_LOOP('',(#24,#189,#193));
#3623=FACE_OUTER_BOUND('',#3622,.T.);
#3624=DIRECTION('',(-0.0,0.9868166300287444,0.16184232665996884));
#3625=DIRECTION('',(1.0,0.0,0.0));
#3626=AXIS2_PLACEMENT_3D('',#24,#3624,#3625);
#3627=PLANE('',#3626);
#3628=FACE_SURFACE('',(#3623),#3627,.T.);
#3629=POLY_LOOP('',(#24,#193,#95));
#3630=FACE_OUTER_BOUND('',#3629,.T.);
#3631=DIRECTION('',(0.0,0.9868166300287444,0.16184232665996884));
#3632=DIRECTION('',(0.5965421670203017,0.12989169548963667,-0.7920010040457967));
#3633=AXIS2_PLACEMENT_3D('',#24,#3631,#3632);
#3634=PLANE('',#3633);
#3635=FACE_SURFACE('',(#3630),#3634,.T.);
#3636=POLY_LOOP('',(#95,#193,#97));
#3637=FACE_OUTER_BOUND('',#3636,.T.);
#3638=DIRECTION('',(-0.0,0.99739243800373,0.07216872323226617));
#3639=DIRECTION('',(1.0,0.0,0.0));
#3640=AXIS2_PLACEMENT_3D('',#95,#3638,#3639);
#3641=PLANE('',#3640);
#3642=FACE_SURFACE('',(#3637),#3641,.T.);
#3643=POLY_LOOP('',(#97,#193,#118));
#3644=FACE_OUTER_BOUND('',#3643,.T.);
#3645=DIRECTION('',(0.0,0.99739243800373,0.07216872323226617));
#3646=DIRECTION('',(0.9952043045462248,-0.007059411637511082,0.09756309199690946));
#3647=AXIS2_PLACEMENT_3D('',#97,#3645,#3646);
#3648=PLANE('',#3647);
#3649=FACE_SURFACE('',(#3644),#3648,.T.);
#3650=POLY_LOOP('',(#109,#358,#86));
#3651=FACE_OUTER_BOUND('',#3650,.T.);
#3652=DIRECTION('',(-0.0,0.26166794477394334,0.9651579594438315));
#3653=DIRECTION('',(1.0,0.0,0.0));
#3654=AXIS2_PLACEMENT_3D('',#109,#3652,#3653);
#3655=PLANE('',#3654);
#3656=FACE_SURFACE('',(#3651),#3655,.T.);
#3657=POLY_LOOP('',(#97,#118,#111));
#3658=FACE_OUTER_BOUND('',#3657,.T.);
#3659=DIRECTION('',(0.0,0.999928500056261,-0.011958042282742836));
#3660=DIRECTION('',(1.0,0.0,0.0));
#3661=AXIS2_PLACEMENT_3D('',#97,#3659,#3660);
#3662=PLANE('',#3661);
#3663=FACE_SURFACE('',(#3658),#3662,.T.);
#3664=POLY_LOOP('',(#111,#114,#52));
#3665=FACE_OUTER_BOUND('',#3664,.T.);
#3666=DIRECTION('',(0.0,0.9848676525667566,-0.17330812712520643));
#3667=DIRECTION('',(1.0,0.0,0.0));
#3668=AXIS2_PLACEMENT_3D('',#111,#3666,#3667);
#3669=PLANE('',#3668);
#3670=FACE_SURFACE('',(#3665),#3669,.T.);
#3671=POLY_LOOP('',(#111,#52,#104));
#3672=FACE_OUTER_BOUND('',#3671,.T.);
#3673=DIRECTION('',(0.0,0.9848676525667566,-0.17330812712520643));
#3674=DIRECTION('',(0.596542118945931,-0.13909394372446107,-0.790436825522872));
#3675=AXIS2_PLACEMENT_3D('',#111,#3673,#3674);
#3676=PLANE('',#3675);
#3677=FACE_SURFACE('',(#3672),#3676,.T.);
#3678=POLY_LOOP('',(#104,#52,#105));
#3679=FACE_OUTER_BOUND('',#3678,.T.);
#3680=DIRECTION('',(0.0,0.996427940200333,-0.08444737999560349));
#3681=DIRECTION('',(1.0,0.0,0.0));
#3682=AXIS2_PLACEMENT_3D('',#104,#3680,#3681);
#3683=PLANE('',#3682);
#3684=FACE_SURFACE('',(#3679),#3683,.T.);
#3685=POLY_LOOP('',(#105,#52,#360));
#3686=FACE_OUTER_BOUND('',#3685,.T.);
#3687=DIRECTION('',(0.0,0.996427940200333,-0.08444737999560349));
#3688=DIRECTION('',(0.8223869976391349,0.048044520339371254,0.5668962428694067));
#3689=AXIS2_PLACEMENT_3D('',#105,#3687,#3688);
#3690=PLANE('',#3689);
#3691=FACE_SURFACE('',(#3686),#3690,.T.);
#3692=POLY_LOOP('',(#105,#360,#106));
#3693=FACE_OUTER_BOUND('',#3692,.T.);
#3694=DIRECTION('',(-0.0,0.9655887029039969,0.26007394491601205));
#3695=DIRECTION('',(1.0,0.0,0.0));
#3696=AXIS2_PLACEMENT_3D('',#105,#3694,#3695);
#3697=PLANE('',#3696);
#3698=FACE_SURFACE('',(#3693),#3697,.T.);
#3699=POLY_LOOP('',(#106,#360,#361));
#3700=FACE_OUTER_BOUND('',#3699,.T.);
#3701=DIRECTION('',(0.0,0.9655887029039969,0.26007394491601205));
#3702=DIRECTION('',(0.8223869423115425,-0.147963497427496,0.5493509994024723));
#3703=AXIS2_PLACEMENT_3D('',#106,#3701,#3702);
#3704=PLANE('',#3703);
#3705=FACE_SURFACE('',(#3700),#3704,.T.);
#3706=POLY_LOOP('',(#106,#361,#108));
#3707=FACE_OUTER_BOUND('',#3706,.T.);
#3708=DIRECTION('',(-0.0,0.8192186869683323,0.5734812489714736));
#3709=DIRECTION('',(1.0,0.0,0.0));
#3710=AXIS2_PLACEMENT_3D('',#106,#3708,#3709);
#3711=PLANE('',#3710);
#3712=FACE_SURFACE('',(#3707),#3711,.T.);
#3713=POLY_LOOP('',(#108,#361,#359));
#3714=FACE_OUTER_BOUND('',#3713,.T.);
#3715=DIRECTION('',(0.0,0.8192186869683323,0.5734812489714736));
#3716=DIRECTION('',(0.8223867499530727,-0.32627002603210886,0.4660771434157969));
#3717=AXIS2_PLACEMENT_3D('',#108,#3715,#3716);
#3718=PLANE('',#3717);
#3719=FACE_SURFACE('',(#3714),#3718,.T.);
#3720=POLY_LOOP('',(#108,#359,#109));
#3721=FACE_OUTER_BOUND('',#3720,.T.);
#3722=DIRECTION('',(-0.0,0.5748326164674566,0.818271020533648));
#3723=DIRECTION('',(1.0,0.0,0.0));
#3724=AXIS2_PLACEMENT_3D('',#108,#3722,#3723);
#3725=PLANE('',#3724);
#3726=FACE_SURFACE('',(#3721),#3725,.T.);
#3727=POLY_LOOP('',(#118,#114,#111));
#3728=FACE_OUTER_BOUND('',#3727,.T.);
#3729=DIRECTION('',(0.0,0.999928500056261,-0.011958042282742836));
#3730=DIRECTION('',(0.0,-0.011958042282742836,-0.9999285000562611));
#3731=AXIS2_PLACEMENT_3D('',#118,#3729,#3730);
#3732=PLANE('',#3731);
#3733=FACE_SURFACE('',(#3728),#3732,.T.);
#3734=POLY_LOOP('',(#347,#126,#200));
#3735=FACE_OUTER_BOUND('',#3734,.T.);
#3736=DIRECTION('',(0.0,-0.9755477981933379,0.21978738234969394));
#3737=DIRECTION('',(0.8548946254956199,-0.11402606238562304,-0.5061158329824644));
#3738=AXIS2_PLACEMENT_3D('',#347,#3736,#3737);
#3739=PLANE('',#3738);
#3740=FACE_SURFACE('',(#3735),#3739,.T.);
#3741=POLY_LOOP('',(#346,#126,#347));
#3742=FACE_OUTER_BOUND('',#3741,.T.);
#3743=DIRECTION('',(0.0,-0.9755477981933379,0.21978738234969394));
#3744=DIRECTION('',(1.0,0.0,0.0));
#3745=AXIS2_PLACEMENT_3D('',#346,#3743,#3744);
#3746=PLANE('',#3745);
#3747=FACE_SURFACE('',(#3742),#3746,.T.);
#3748=POLY_LOOP('',(#342,#126,#346));
#3749=FACE_OUTER_BOUND('',#3748,.T.);
#3750=DIRECTION('',(0.0,-0.9341383457142526,0.35691112488438814));
#3751=DIRECTION('',(0.5873747836494384,0.28885354783085937,0.7560122296883172));
#3752=AXIS2_PLACEMENT_3D('',#342,#3750,#3751);
#3753=PLANE('',#3752);
#3754=FACE_SURFACE('',(#3749),#3753,.T.);
#3755=POLY_LOOP('',(#268,#245,#243));
#3756=FACE_OUTER_BOUND('',#3755,.T.);
#3757=DIRECTION('',(4.941565397470228e-07,0.09080097253657726,0.995869059357789));
#3758=DIRECTION('',(0.6533909458171807,-0.7538934768134113,0.06873789015031218));
#3759=AXIS2_PLACEMENT_3D('',#268,#3757,#3758);
#3760=PLANE('',#3759);
#3761=FACE_SURFACE('',(#3756),#3760,.T.);
#3762=POLY_LOOP('',(#228,#339,#229));
#3763=FACE_OUTER_BOUND('',#3762,.T.);
#3764=DIRECTION('',(0.0,0.99586903477826,-0.0908012421160447));
#3765=DIRECTION('',(-1.0,0.0,0.0));
#3766=AXIS2_PLACEMENT_3D('',#228,#3764,#3765);
#3767=PLANE('',#3766);
#3768=FACE_SURFACE('',(#3763),#3767,.T.);
#3769=POLY_LOOP('',(#229,#339,#238));
#3770=FACE_OUTER_BOUND('',#3769,.T.);
#3771=DIRECTION('',(0.0,0.99586903477826,-0.0908012421160447));
#3772=DIRECTION('',(-0.9702042731968981,-0.022000087575853065,-0.24128751401001589));
#3773=AXIS2_PLACEMENT_3D('',#229,#3771,#3772);
#3774=PLANE('',#3773);
#3775=FACE_SURFACE('',(#3770),#3774,.T.);
#3776=POLY_LOOP('',(#240,#250,#249));
#3777=FACE_OUTER_BOUND('',#3776,.T.);
#3778=DIRECTION('',(1.0,-0.0,0.0));
#3779=DIRECTION('',(0.0,0.5545199701152016,-0.8321704168879328));
#3780=AXIS2_PLACEMENT_3D('',#240,#3778,#3779);
#3781=PLANE('',#3780);
#3782=FACE_SURFACE('',(#3777),#3781,.T.);
#3783=POLY_LOOP('',(#247,#237,#248));
#3784=FACE_OUTER_BOUND('',#3783,.T.);
#3785=DIRECTION('',(0.0,-0.9958691550020632,0.09079992354334131));
#3786=DIRECTION('',(-1.0,0.0,0.0));
#3787=AXIS2_PLACEMENT_3D('',#247,#3785,#3786);
#3788=PLANE('',#3787);
#3789=FACE_SURFACE('',(#3784),#3788,.T.);
#3790=POLY_LOOP('',(#248,#237,#340));
#3791=FACE_OUTER_BOUND('',#3790,.T.);
#3792=DIRECTION('',(0.0,-0.9958691550020632,0.09079992354334131));
#3793=DIRECTION('',(-0.9702042437116566,0.021999778821621605,0.24128766071992197));
#3794=AXIS2_PLACEMENT_3D('',#248,#3792,#3793);
#3795=PLANE('',#3794);
#3796=FACE_SURFACE('',(#3791),#3795,.T.);
#3797=POLY_LOOP('',(#228,#286,#224));
#3798=FACE_OUTER_BOUND('',#3797,.T.);
#3799=DIRECTION('',(1.397361548637856e-06,-0.09080225533864132,-0.9958689423932567));
#3800=DIRECTION('',(-0.6674262914463762,-0.741599651840473,0.0676173193510828));
#3801=AXIS2_PLACEMENT_3D('',#228,#3799,#3800);
#3802=PLANE('',#3801);
#3803=FACE_SURFACE('',(#3798),#3802,.T.);
#3804=POLY_LOOP('',(#279,#280,#340));
#3805=FACE_OUTER_BOUND('',#3804,.T.);
#3806=DIRECTION('',(-3.935172926061161e-07,-0.09079944200973003,-0.9958691989064461));
#3807=DIRECTION('',(0.7071067872412232,-0.7041858829576368,0.06420462351395664));
#3808=AXIS2_PLACEMENT_3D('',#279,#3806,#3807);
#3809=PLANE('',#3808);
#3810=FACE_SURFACE('',(#3805),#3809,.T.);
#3811=POLY_LOOP('',(#228,#224,#339));
#3812=FACE_OUTER_BOUND('',#3811,.T.);
#3813=DIRECTION('',(0.0,-0.09080027106797378,-0.9958691233159016));
#3814=DIRECTION('',(-0.8187276965949363,-0.5718101160353128,0.052135880428282086));
#3815=AXIS2_PLACEMENT_3D('',#228,#3813,#3814);
#3816=PLANE('',#3815);
#3817=FACE_SURFACE('',(#3812),#3816,.T.);
#3818=POLY_LOOP('',(#268,#247,#245));
#3819=FACE_OUTER_BOUND('',#3818,.T.);
#3820=DIRECTION('',(1.5623949909028382e-08,0.09080056121722892,0.9958690968609459));
#3821=DIRECTION('',(0.3549321844526687,-0.9310301016194648,0.0848887172603394));
#3822=AXIS2_PLACEMENT_3D('',#268,#3820,#3821);
#3823=PLANE('',#3822);
#3824=FACE_SURFACE('',(#3819),#3823,.T.);
#3825=POLY_LOOP('',(#340,#280,#248));
#3826=FACE_OUTER_BOUND('',#3825,.T.);
#3827=DIRECTION('',(0.0,-0.09080029385377672,-0.9958691212383621));
#3828=DIRECTION('',(0.908472847757363,0.4162174021890761,-0.037949426907452));
#3829=AXIS2_PLACEMENT_3D('',#340,#3827,#3828);
#3830=PLANE('',#3829);
#3831=FACE_SURFACE('',(#3826),#3830,.T.);
#3832=POLY_LOOP('',(#248,#281,#282));
#3833=FACE_OUTER_BOUND('',#3832,.T.);
#3834=DIRECTION('',(-1.0868151585313298e-06,-0.09080126390225524,-0.995869032791246));
#3835=DIRECTION('',(-0.8187280781752843,0.571809603003637,-0.052135514960805575));
#3836=AXIS2_PLACEMENT_3D('',#248,#3834,#3835);
#3837=PLANE('',#3836);
#3838=FACE_SURFACE('',(#3833),#3837,.T.);
#3839=POLY_LOOP('',(#248,#282,#246));
#3840=FACE_OUTER_BOUND('',#3839,.T.);
#3841=DIRECTION('',(-5.8582313489383237e-08,-0.09080034614205129,-0.9958691164708745));
#3842=DIRECTION('',(-0.6674258628919697,0.7416000828475998,-0.06761682233988046));
#3843=AXIS2_PLACEMENT_3D('',#248,#3841,#3842);
#3844=PLANE('',#3843);
#3845=FACE_SURFACE('',(#3840),#3844,.T.);
#3846=POLY_LOOP('',(#246,#282,#283));
#3847=FACE_OUTER_BOUND('',#3846,.T.);
#3848=DIRECTION('',(4.780489564091145e-07,-0.09079952619207891,-0.9958691912309897));
#3849=DIRECTION('',(-0.8377673844353009,0.5437717267513261,-0.049579418737174814));
#3850=AXIS2_PLACEMENT_3D('',#246,#3848,#3849);
#3851=PLANE('',#3850);
#3852=FACE_SURFACE('',(#3847),#3851,.T.);
#3853=POLY_LOOP('',(#284,#242,#283));
#3854=FACE_OUTER_BOUND('',#3853,.T.);
#3855=DIRECTION('',(-5.262094858600791e-07,-0.09080244902101514,-0.9958689247343291));
#3856=DIRECTION('',(0.8883471360062482,-0.45727564589424874,0.04169352013795525));
#3857=AXIS2_PLACEMENT_3D('',#284,#3855,#3856);
#3858=PLANE('',#3857);
#3859=FACE_SURFACE('',(#3854),#3858,.T.);
#3860=POLY_LOOP('',(#283,#242,#244));
#3861=FACE_OUTER_BOUND('',#3860,.T.);
#3862=DIRECTION('',(2.187332520205242e-07,-0.090799740913826,-0.995869171653553));
#3863=DIRECTION('',(0.9644657072401925,-0.26311664381063965,0.023990233585776136));
#3864=AXIS2_PLACEMENT_3D('',#283,#3862,#3863);
#3865=PLANE('',#3864);
#3866=FACE_SURFACE('',(#3861),#3865,.T.);
#3867=POLY_LOOP('',(#283,#244,#246));
#3868=FACE_OUTER_BOUND('',#3867,.T.);
#3869=DIRECTION('',(1.8310660006974136e-07,-0.0907998003724413,-0.9958691662323375));
#3870=DIRECTION('',(0.8587372580019602,-0.5102994404163835,0.046527441687682226));
#3871=AXIS2_PLACEMENT_3D('',#283,#3869,#3870);
#3872=PLANE('',#3871);
#3873=FACE_SURFACE('',(#3868),#3872,.T.);
#3874=POLY_LOOP('',(#230,#251,#285));
#3875=FACE_OUTER_BOUND('',#3874,.T.);
#3876=DIRECTION('',(-6.181123035636073e-07,-0.09079974085596682,-0.9958691716586607));
#3877=DIRECTION('',(0.5555685045999422,-0.828036135363982,0.07549698820526171));
#3878=AXIS2_PLACEMENT_3D('',#230,#3876,#3877);
#3879=PLANE('',#3878);
#3880=FACE_SURFACE('',(#3875),#3879,.T.);
#3881=POLY_LOOP('',(#285,#251,#250));
#3882=FACE_OUTER_BOUND('',#3881,.T.);
#3883=DIRECTION('',(-1.7086266370417121e-07,-0.090801366756631,-0.9958690234137715));
#3884=DIRECTION('',(0.9644658656950452,0.26311603280125995,-0.023990564645986794));
#3885=AXIS2_PLACEMENT_3D('',#285,#3883,#3884);
#3886=PLANE('',#3885);
#3887=FACE_SURFACE('',(#3882),#3886,.T.);
#3888=POLY_LOOP('',(#285,#250,#284));
#3889=FACE_OUTER_BOUND('',#3888,.T.);
#3890=DIRECTION('',(-1.7446590606151484e-07,-0.09079919583216635,-0.9958692213519813));
#3891=DIRECTION('',(0.9999986339355934,0.0016460710071679865,-0.00015025706808980644));
#3892=AXIS2_PLACEMENT_3D('',#285,#3890,#3891);
#3893=PLANE('',#3892);
#3894=FACE_SURFACE('',(#3889),#3893,.T.);
#3895=POLY_LOOP('',(#280,#281,#248));
#3896=FACE_OUTER_BOUND('',#3895,.T.);
#3897=DIRECTION('',(2.4308027192608848e-06,-0.0907962688327574,-0.9958694882162729));
#3898=DIRECTION('',(0.965925288814067,-0.2577517743801538,0.023502323998781265));
#3899=AXIS2_PLACEMENT_3D('',#280,#3897,#3898);
#3900=PLANE('',#3899);
#3901=FACE_SURFACE('',(#3896),#3900,.T.);
#3902=POLY_LOOP('',(#284,#250,#239));
#3903=FACE_OUTER_BOUND('',#3902,.T.);
#3904=DIRECTION('',(3.3879738125545907e-07,-0.09080156459067139,-0.9958690053755922));
#3905=DIRECTION('',(0.9775011078049652,0.21005896109622532,-0.019152469899210506));
#3906=AXIS2_PLACEMENT_3D('',#284,#3904,#3905);
#3907=PLANE('',#3906);
#3908=FACE_SURFACE('',(#3903),#3907,.T.);
#3909=POLY_LOOP('',(#266,#247,#268));
#3910=FACE_OUTER_BOUND('',#3909,.T.);
#3911=DIRECTION('',(-1.5516503178377778e-07,0.09080049664496265,0.9958691027484506));
#3912=DIRECTION('',(0.6924237361849268,-0.7185106585469159,0.06551185482173717));
#3913=AXIS2_PLACEMENT_3D('',#266,#3911,#3912);
#3914=PLANE('',#3913);
#3915=FACE_SURFACE('',(#3910),#3914,.T.);
#3916=POLY_LOOP('',(#241,#271,#268));
#3917=FACE_OUTER_BOUND('',#3916,.T.);
#3918=DIRECTION('',(6.895802943432791e-08,0.09080073690183686,0.9958690808424965));
#3919=DIRECTION('',(-0.8639637273513879,0.5014739109258697,-0.04572301916769767));
#3920=AXIS2_PLACEMENT_3D('',#241,#3918,#3919);
#3921=PLANE('',#3920);
#3922=FACE_SURFACE('',(#3917),#3921,.T.);
#3923=POLY_LOOP('',(#137,#160,#142));
#3924=FACE_OUTER_BOUND('',#3923,.T.);
#3925=DIRECTION('',(1.0,0.0,0.0));
#3926=DIRECTION('',(0.0,0.15178806520937485,-0.9884130630763611));
#3927=AXIS2_PLACEMENT_3D('',#137,#3925,#3926);
#3928=PLANE('',#3927);
#3929=FACE_SURFACE('',(#3924),#3928,.T.);
#3930=POLY_LOOP('',(#266,#264,#247));
#3931=FACE_OUTER_BOUND('',#3930,.T.);
#3932=DIRECTION('',(-4.2210924213285883e-07,0.09080024151364849,0.9958691260104837));
#3933=DIRECTION('',(-0.9659256081464543,-0.25775074401737663,0.023500499683858662));
#3934=AXIS2_PLACEMENT_3D('',#266,#3932,#3933);
#3935=PLANE('',#3934);
#3936=FACE_SURFACE('',(#3931),#3935,.T.);
#3937=POLY_LOOP('',(#247,#264,#237));
#3938=FACE_OUTER_BOUND('',#3937,.T.);
#3939=DIRECTION('',(0.0,0.09080100366217894,0.9958690565199529));
#3940=DIRECTION('',(-0.8756409428089621,0.48096757712891636,-0.043853495041691816));
#3941=AXIS2_PLACEMENT_3D('',#247,#3939,#3940);
#3942=PLANE('',#3941);
#3943=FACE_SURFACE('',(#3938),#3942,.T.);
#3944=POLY_LOOP('',(#264,#262,#237));
#3945=FACE_OUTER_BOUND('',#3944,.T.);
#3946=DIRECTION('',(3.182281693519636e-07,0.09079985542728344,0.9958691612125977));
#3947=DIRECTION('',(-0.9659256235733662,0.25775068668136725,-0.023500494456231192));
#3948=AXIS2_PLACEMENT_3D('',#264,#3946,#3947);
#3949=PLANE('',#3948);
#3950=FACE_SURFACE('',(#3945),#3949,.T.);
#3951=POLY_LOOP('',(#237,#262,#260));
#3952=FACE_OUTER_BOUND('',#3951,.T.);
#3953=DIRECTION('',(8.709700892187263e-08,0.09080042885803898,0.9958691089290743));
#3954=DIRECTION('',(0.9280272827372757,0.37097341654696103,-0.03382435085472215));
#3955=AXIS2_PLACEMENT_3D('',#237,#3953,#3954);
#3956=PLANE('',#3955);
#3957=FACE_SURFACE('',(#3952),#3956,.T.);
#3958=POLY_LOOP('',(#237,#260,#238));
#3959=FACE_OUTER_BOUND('',#3958,.T.);
#3960=DIRECTION('',(-1.6858526705699382e-08,0.09080057978619466,0.9958690951678794));
#3961=DIRECTION('',(0.8246459860378861,0.56331254086392,-0.05136125988560729));
#3962=AXIS2_PLACEMENT_3D('',#237,#3960,#3961);
#3963=PLANE('',#3962);
#3964=FACE_SURFACE('',(#3959),#3963,.T.);
#3965=POLY_LOOP('',(#238,#260,#259));
#3966=FACE_OUTER_BOUND('',#3965,.T.);
#3967=DIRECTION('',(3.022785138194449e-07,0.09080083596367093,0.9958690718102492));
#3968=DIRECTION('',(0.6275625358622914,-0.7753499751021002,0.07069426915431486));
#3969=AXIS2_PLACEMENT_3D('',#238,#3967,#3968);
#3970=PLANE('',#3969);
#3971=FACE_SURFACE('',(#3966),#3970,.T.);
#3972=POLY_LOOP('',(#238,#259,#278));
#3973=FACE_OUTER_BOUND('',#3972,.T.);
#3974=DIRECTION('',(-1.743850802455866e-08,0.09080052999194241,0.9958690997079795));
#3975=DIRECTION('',(0.6928985860173953,-0.7180565292627881,0.06547037710425206));
#3976=AXIS2_PLACEMENT_3D('',#238,#3974,#3975);
#3977=PLANE('',#3976);
#3978=FACE_SURFACE('',(#3973),#3977,.T.);
#3979=POLY_LOOP('',(#278,#277,#238));
#3980=FACE_OUTER_BOUND('',#3979,.T.);
#3981=DIRECTION('',(2.647954599641661e-07,0.09080093975416123,0.9958690623468986));
#3982=DIRECTION('',(0.7071067943034935,0.7041857370951727,-0.0642061455124451));
#3983=AXIS2_PLACEMENT_3D('',#278,#3981,#3982);
#3984=PLANE('',#3983);
#3985=FACE_SURFACE('',(#3980),#3984,.T.);
#3986=POLY_LOOP('',(#241,#268,#243));
#3987=FACE_OUTER_BOUND('',#3986,.T.);
#3988=DIRECTION('',(-1.2454685734529602e-07,0.09079994405278706,0.9958691531320744));
#3989=DIRECTION('',(-0.9717097040994983,0.23520280242391922,-0.02144510878499732));
#3990=AXIS2_PLACEMENT_3D('',#241,#3988,#3989);
#3991=PLANE('',#3990);
#3992=FACE_SURFACE('',(#3987),#3991,.T.);
#3993=POLY_LOOP('',(#238,#277,#276));
#3994=FACE_OUTER_BOUND('',#3993,.T.);
#3995=DIRECTION('',(-1.213181221915668e-07,0.09079998181581413,0.9958691496889707));
#3996=DIRECTION('',(0.9280272870070254,-0.37097341825376823,0.03382421498712024));
#3997=AXIS2_PLACEMENT_3D('',#238,#3995,#3996);
#3998=PLANE('',#3997);
#3999=FACE_SURFACE('',(#3994),#3998,.T.);
#4000=POLY_LOOP('',(#229,#276,#275));
#4001=FACE_OUTER_BOUND('',#4000,.T.);
#4002=DIRECTION('',(1.609204059443153e-07,0.09080012900380482,0.9958691362688505));
#4003=DIRECTION('',(-0.8756405996870232,-0.48096822238092485,0.04385326942752994));
#4004=AXIS2_PLACEMENT_3D('',#229,#4002,#4003);
#4005=PLANE('',#4004);
#4006=FACE_SURFACE('',(#4001),#4005,.T.);
#4007=POLY_LOOP('',(#229,#275,#211));
#4008=FACE_OUTER_BOUND('',#4007,.T.);
#4009=DIRECTION('',(-5.981488633167061e-08,0.09080033997105678,0.995869117033527));
#4010=DIRECTION('',(-0.6924237481356577,-0.718510670947888,0.06551159249921408));
#4011=AXIS2_PLACEMENT_3D('',#229,#4009,#4010);
#4012=PLANE('',#4011);
#4013=FACE_SURFACE('',(#4008),#4012,.T.);
#4014=POLY_LOOP('',(#211,#275,#273));
#4015=FACE_OUTER_BOUND('',#4014,.T.);
#4016=DIRECTION('',(-3.533812351629869e-07,0.09080085153415032,0.9958690703905552));
#4017=DIRECTION('',(-0.8682198316777104,-0.4941300737371172,0.04505323639961069));
#4018=AXIS2_PLACEMENT_3D('',#211,#4016,#4017);
#4019=PLANE('',#4018);
#4020=FACE_SURFACE('',(#4015),#4019,.T.);
#4021=POLY_LOOP('',(#240,#249,#271));
#4022=FACE_OUTER_BOUND('',#4021,.T.);
#4023=DIRECTION('',(-1.2944271489333047e-07,0.09080053446735818,0.9958690992999157));
#4024=DIRECTION('',(0.0,0.995869099299924,-0.09080053446735893));
#4025=AXIS2_PLACEMENT_3D('',#240,#4023,#4024);
#4026=PLANE('',#4025);
#4027=FACE_SURFACE('',(#4022),#4026,.T.);
#4028=POLY_LOOP('',(#271,#249,#252));
#4029=FACE_OUTER_BOUND('',#4028,.T.);
#4030=DIRECTION('',(-2.0401645899647496e-07,0.09080084180019604,0.9958690712781143));
#4031=DIRECTION('',(0.9720230971678453,0.2339150117371465,-0.02132758439768212));
#4032=AXIS2_PLACEMENT_3D('',#271,#4030,#4031);
#4033=PLANE('',#4032);
#4034=FACE_SURFACE('',(#4029),#4033,.T.);
#4035=POLY_LOOP('',(#271,#252,#273));
#4036=FACE_OUTER_BOUND('',#4035,.T.);
#4037=DIRECTION('',(-1.6264114689904384e-08,0.09080052099866374,0.9958691005279613));
#4038=DIRECTION('',(0.863963423672357,0.5014744355839059,-0.04572300309627973));
#4039=AXIS2_PLACEMENT_3D('',#271,#4037,#4038);
#4040=PLANE('',#4039);
#4041=FACE_SURFACE('',(#4036),#4040,.T.);
#4042=POLY_LOOP('',(#273,#252,#209));
#4043=FACE_OUTER_BOUND('',#4042,.T.);
#4044=DIRECTION('',(-8.429497890776471e-08,0.09080079974203441,0.9958690751128884));
#4045=DIRECTION('',(0.9717097040994983,0.23520280242391922,-0.02144510878499732));
#4046=AXIS2_PLACEMENT_3D('',#273,#4044,#4045);
#4047=PLANE('',#4046);
#4048=FACE_SURFACE('',(#4043),#4047,.T.);
#4049=POLY_LOOP('',(#273,#209,#211));
#4050=FACE_OUTER_BOUND('',#4049,.T.);
#4051=DIRECTION('',(1.3930173275025355e-07,0.0908004280519317,0.995869109002567));
#4052=DIRECTION('',(0.8578399474471721,0.5117939975294403,-0.04666399743558445));
#4053=AXIS2_PLACEMENT_3D('',#273,#4051,#4052);
#4054=PLANE('',#4053);
#4055=FACE_SURFACE('',(#4050),#4054,.T.);
#4056=POLY_LOOP('',(#240,#271,#241));
#4057=FACE_OUTER_BOUND('',#4056,.T.);
#4058=DIRECTION('',(-1.8604720134805075e-07,0.09080030118858688,0.9958691205695793));
#4059=DIRECTION('',(-0.9720232617270042,0.23391431070665325,-0.02132777316616107));
#4060=AXIS2_PLACEMENT_3D('',#240,#4058,#4059);
#4061=PLANE('',#4060);
#4062=FACE_SURFACE('',(#4057),#4061,.T.);
#4063=POLY_LOOP('',(#238,#276,#229));
#4064=FACE_OUTER_BOUND('',#4063,.T.);
#4065=DIRECTION('',(0.0,0.09080041955666589,0.9958691097771502));
#4066=DIRECTION('',(0.9639582443900807,-0.26495453371058447,0.02415777594481809));
#4067=AXIS2_PLACEMENT_3D('',#238,#4065,#4066);
#4068=PLANE('',#4067);
#4069=FACE_SURFACE('',(#4064),#4068,.T.);
#4070=POLY_LOOP('',(#284,#239,#242));
#4071=FACE_OUTER_BOUND('',#4070,.T.);
#4072=DIRECTION('',(6.297342726331747e-07,-0.09080022188989595,-0.9958691277996065));
#4073=DIRECTION('',(0.9775010953530929,-0.21005895842039474,0.01915313475237252));
#4074=AXIS2_PLACEMENT_3D('',#284,#4072,#4073);
#4075=PLANE('',#4074);
#4076=FACE_SURFACE('',(#4071),#4075,.T.);
#4077=POLY_LOOP('',(#286,#228,#285));
#4078=FACE_OUTER_BOUND('',#4077,.T.);
#4079=DIRECTION('',(-1.036834101133016e-06,-0.09080008266879495,-0.9958691404929992));
#4080=DIRECTION('',(0.6674262914463762,0.741599651840473,-0.0676173193510828));
#4081=AXIS2_PLACEMENT_3D('',#286,#4079,#4080);
#4082=PLANE('',#4081);
#4083=FACE_SURFACE('',(#4078),#4082,.T.);
#4084=POLY_LOOP('',(#285,#228,#210));
#4085=FACE_OUTER_BOUND('',#4084,.T.);
#4086=DIRECTION('',(1.0990239398204454e-08,-0.09080058441634585,-0.9958690947457152));
#4087=DIRECTION('',(0.4333412817123239,0.897507005605942,-0.08183219691647162));
#4088=AXIS2_PLACEMENT_3D('',#285,#4086,#4087);
#4089=PLANE('',#4088);
#4090=FACE_SURFACE('',(#4085),#4089,.T.);
#4091=POLY_LOOP('',(#293,#362,#294));
#4092=FACE_OUTER_BOUND('',#4091,.T.);
#4093=DIRECTION('',(-0.0,-0.7937676640174878,-0.6082210910188997));
#4094=DIRECTION('',(0.8858132231548941,-0.282240102630663,0.36834149664539645));
#4095=AXIS2_PLACEMENT_3D('',#293,#4093,#4094);
#4096=PLANE('',#4095);
#4097=FACE_SURFACE('',(#4092),#4096,.T.);
#4098=POLY_LOOP('',(#294,#362,#363));
#4099=FACE_OUTER_BOUND('',#4098,.T.);
#4100=DIRECTION('',(0.0,-0.9668120676087867,-0.2554886023407362));
#4101=DIRECTION('',(1.0,0.0,0.0));
#4102=AXIS2_PLACEMENT_3D('',#294,#4100,#4101);
#4103=PLANE('',#4102);
#4104=FACE_SURFACE('',(#4099),#4103,.T.);
#4105=POLY_LOOP('',(#294,#363,#329));
#4106=FACE_OUTER_BOUND('',#4105,.T.);
#4107=DIRECTION('',(-0.0,-0.9668120676087867,-0.2554886023407362));
#4108=DIRECTION('',(0.8858136324680412,-0.11855723024884053,0.4486406041471251));
#4109=AXIS2_PLACEMENT_3D('',#294,#4107,#4108);
#4110=PLANE('',#4109);
#4111=FACE_SURFACE('',(#4106),#4110,.T.);
#4112=POLY_LOOP('',(#329,#363,#364));
#4113=FACE_OUTER_BOUND('',#4112,.T.);
#4114=DIRECTION('',(0.0,-0.9906145400985912,0.13668515993061192));
#4115=DIRECTION('',(1.0,0.0,0.0));
#4116=AXIS2_PLACEMENT_3D('',#329,#4114,#4115);
#4117=PLANE('',#4116);
#4118=FACE_SURFACE('',(#4113),#4117,.T.);
#4119=POLY_LOOP('',(#329,#364,#331));
#4120=FACE_OUTER_BOUND('',#4119,.T.);
#4121=DIRECTION('',(0.0,-0.9906145400985912,0.13668515993061192));
#4122=DIRECTION('',(0.8858134569674562,0.06342758748629622,0.4596862632285556));
#4123=AXIS2_PLACEMENT_3D('',#329,#4121,#4122);
#4124=PLANE('',#4123);
#4125=FACE_SURFACE('',(#4120),#4124,.T.);
#4126=POLY_LOOP('',(#331,#364,#332));
#4127=FACE_OUTER_BOUND('',#4126,.T.);
#4128=DIRECTION('',(0.0,-0.9944649707773802,0.10506865325464397));
#4129=DIRECTION('',(1.0,0.0,0.0));
#4130=AXIS2_PLACEMENT_3D('',#331,#4128,#4129);
#4131=PLANE('',#4130);
#4132=FACE_SURFACE('',(#4127),#4131,.T.);
#4133=POLY_LOOP('',(#332,#364,#164));
#4134=FACE_OUTER_BOUND('',#4133,.T.);
#4135=DIRECTION('',(0.0,-0.9944649707773802,0.10506865325464397));
#4136=DIRECTION('',(0.8548945305963216,-0.054509809862120624,-0.515930249341217));
#4137=AXIS2_PLACEMENT_3D('',#332,#4135,#4136);
#4138=PLANE('',#4137);
#4139=FACE_SURFACE('',(#4134),#4138,.T.);
#4140=POLY_LOOP('',(#332,#164,#299));
#4141=FACE_OUTER_BOUND('',#4140,.T.);
#4142=DIRECTION('',(0.0,-0.9380268160333993,-0.34656268177956373));
#4143=DIRECTION('',(1.0,0.0,0.0));
#4144=AXIS2_PLACEMENT_3D('',#332,#4142,#4143);
#4145=PLANE('',#4144);
#4146=FACE_SURFACE('',(#4141),#4145,.T.);
#4147=POLY_LOOP('',(#299,#164,#163));
#4148=FACE_OUTER_BOUND('',#4147,.T.);
#4149=DIRECTION('',(0.0,-0.9380268160333993,-0.34656268177956373));
#4150=DIRECTION('',(0.8548947259117244,0.17979724289412227,-0.4866497293290005));
#4151=AXIS2_PLACEMENT_3D('',#299,#4149,#4150);
#4152=PLANE('',#4151);
#4153=FACE_SURFACE('',(#4148),#4152,.T.);
#4154=POLY_LOOP('',(#293,#365,#362));
#4155=FACE_OUTER_BOUND('',#4154,.T.);
#4156=DIRECTION('',(0.0,-0.7937676640174878,-0.6082210910188997));
#4157=DIRECTION('',(1.0,0.0,0.0));
#4158=AXIS2_PLACEMENT_3D('',#293,#4156,#4157);
#4159=PLANE('',#4158);
#4160=FACE_SURFACE('',(#4155),#4159,.T.);
#4161=POLY_LOOP('',(#299,#163,#161));
#4162=FACE_OUTER_BOUND('',#4161,.T.);
#4163=DIRECTION('',(0.0,-0.8788896587083612,-0.4770251228347414));
#4164=DIRECTION('',(1.0,0.0,0.0));
#4165=AXIS2_PLACEMENT_3D('',#299,#4163,#4164);
#4166=PLANE('',#4165);
#4167=FACE_SURFACE('',(#4162),#4166,.T.);
#4168=POLY_LOOP('',(#298,#161,#160));
#4169=FACE_OUTER_BOUND('',#4168,.T.);
#4170=DIRECTION('',(0.0,-0.9477079535258875,-0.31913889581775273));
#4171=DIRECTION('',(1.0,0.0,0.0));
#4172=AXIS2_PLACEMENT_3D('',#298,#4170,#4171);
#4173=PLANE('',#4172);
#4174=FACE_SURFACE('',(#4169),#4173,.T.);
#4175=POLY_LOOP('',(#298,#160,#296));
#4176=FACE_OUTER_BOUND('',#4175,.T.);
#4177=DIRECTION('',(-0.0,-0.9477079535258875,-0.31913889581775273));
#4178=DIRECTION('',(0.5873748177122363,-0.2582839061733858,0.7669942941960746));
#4179=AXIS2_PLACEMENT_3D('',#298,#4177,#4178);
#4180=PLANE('',#4179);
#4181=FACE_SURFACE('',(#4176),#4180,.T.);
#4182=POLY_LOOP('',(#296,#160,#137));
#4183=FACE_OUTER_BOUND('',#4182,.T.);
#4184=DIRECTION('',(0.0,-0.9884130630763611,-0.15178806520937485));
#4185=DIRECTION('',(1.0,0.0,0.0));
#4186=AXIS2_PLACEMENT_3D('',#296,#4184,#4185);
#4187=PLANE('',#4186);
#4188=FACE_SURFACE('',(#4183),#4187,.T.);
#4189=POLY_LOOP('',(#296,#137,#326));
#4190=FACE_OUTER_BOUND('',#4189,.T.);
#4191=DIRECTION('',(-0.0,-0.9884130630763611,-0.15178806520937485));
#4192=DIRECTION('',(0.5873747034998857,-0.12284437566820201,0.7999376332284356));
#4193=AXIS2_PLACEMENT_3D('',#296,#4191,#4192);
#4194=PLANE('',#4193);
#4195=FACE_SURFACE('',(#4190),#4194,.T.);
#4196=POLY_LOOP('',(#326,#137,#115));
#4197=FACE_OUTER_BOUND('',#4196,.T.);
#4198=DIRECTION('',(0.0,-0.9997986158031018,0.020068080082600123));
#4199=DIRECTION('',(1.0,0.0,0.0));
#4200=AXIS2_PLACEMENT_3D('',#326,#4198,#4199);
#4201=PLANE('',#4200);
#4202=FACE_SURFACE('',(#4197),#4201,.T.);
#4203=POLY_LOOP('',(#326,#115,#356));
#4204=FACE_OUTER_BOUND('',#4203,.T.);
#4205=DIRECTION('',(0.0,-0.9997986158031018,0.020068080082600123));
#4206=DIRECTION('',(0.5873747190738614,0.016241400341823135,0.8091521218583307));
#4207=AXIS2_PLACEMENT_3D('',#326,#4205,#4206);
#4208=PLANE('',#4207);
#4209=FACE_SURFACE('',(#4204),#4208,.T.);
#4210=POLY_LOOP('',(#356,#115,#127));
#4211=FACE_OUTER_BOUND('',#4210,.T.);
#4212=DIRECTION('',(0.0,-0.9815264991870686,0.19132624334778967));
#4213=DIRECTION('',(1.0,0.0,0.0));
#4214=AXIS2_PLACEMENT_3D('',#356,#4212,#4213);
#4215=PLANE('',#4214);
#4216=FACE_SURFACE('',(#4211),#4215,.T.);
#4217=POLY_LOOP('',(#356,#127,#342));
#4218=FACE_OUTER_BOUND('',#4217,.T.);
#4219=DIRECTION('',(0.0,-0.9815264991870686,0.19132624334778967));
#4220=DIRECTION('',(0.5873747712382527,0.15484321150583608,0.7943641847184258));
#4221=AXIS2_PLACEMENT_3D('',#356,#4219,#4220);
#4222=PLANE('',#4221);
#4223=FACE_SURFACE('',(#4218),#4222,.T.);
#4224=POLY_LOOP('',(#342,#127,#126));
#4225=FACE_OUTER_BOUND('',#4224,.T.);
#4226=DIRECTION('',(0.0,-0.9341383457142526,0.35691112488438814));
#4227=DIRECTION('',(1.0,0.0,0.0));
#4228=AXIS2_PLACEMENT_3D('',#342,#4226,#4227);
#4229=PLANE('',#4228);
#4230=FACE_SURFACE('',(#4225),#4229,.T.);
#4231=POLY_LOOP('',(#299,#161,#298));
#4232=FACE_OUTER_BOUND('',#4231,.T.);
#4233=DIRECTION('',(-0.0,-0.8788896587083612,-0.4770251228347414));
#4234=DIRECTION('',(0.5873746949687886,-0.38606364578244134,0.7112986919118381));
#4235=AXIS2_PLACEMENT_3D('',#299,#4233,#4234);
#4236=PLANE('',#4235);
#4237=FACE_SURFACE('',(#4232),#4236,.T.);
#4238=POLY_LOOP('',(#291,#365,#293));
#4239=FACE_OUTER_BOUND('',#4238,.T.);
#4240=DIRECTION('',(-0.0,-0.49819047051457077,-0.8670676185214568));
#4241=DIRECTION('',(0.8858132895213913,-0.40235564080523045,0.2311812155420598));
#4242=AXIS2_PLACEMENT_3D('',#291,#4240,#4241);
#4243=PLANE('',#4242);
#4244=FACE_SURFACE('',(#4239),#4243,.T.);
#4245=POLY_LOOP('',(#291,#366,#365));
#4246=FACE_OUTER_BOUND('',#4245,.T.);
#4247=DIRECTION('',(0.0,-0.49819047051457077,-0.8670676185214568));
#4248=DIRECTION('',(1.0,0.0,0.0));
#4249=AXIS2_PLACEMENT_3D('',#291,#4247,#4248);
#4250=PLANE('',#4249);
#4251=FACE_SURFACE('',(#4246),#4250,.T.);
#4252=POLY_LOOP('',(#306,#366,#291));
#4253=FACE_OUTER_BOUND('',#4252,.T.);
#4254=DIRECTION('',(-0.0,-0.125711339793166,-0.9920668621859149));
#4255=DIRECTION('',(0.885813492949688,-0.4603601328154668,0.05833527082648063));
#4256=AXIS2_PLACEMENT_3D('',#306,#4254,#4255);
#4257=PLANE('',#4256);
#4258=FACE_SURFACE('',(#4253),#4257,.T.);
#4259=POLY_LOOP('',(#285,#210,#230));
#4260=FACE_OUTER_BOUND('',#4259,.T.);
#4261=DIRECTION('',(-2.681435574579838e-07,-0.09080032493149476,-0.9958691184047547));
#4262=DIRECTION('',(0.6823690847246814,0.7279880961669646,-0.06637592975769789));
#4263=AXIS2_PLACEMENT_3D('',#285,#4261,#4262);
#4264=PLANE('',#4263);
#4265=FACE_SURFACE('',(#4260),#4264,.T.);
#4266=POLY_LOOP('',(#224,#226,#339));
#4267=FACE_OUTER_BOUND('',#4266,.T.);
#4268=DIRECTION('',(-1.09511473228523e-06,-0.09080337869647126,-0.9958688399664414));
#4269=DIRECTION('',(-0.9659268177644932,-0.2577460411749714,0.023502361200300585));
#4270=AXIS2_PLACEMENT_3D('',#224,#4268,#4269);
#4271=PLANE('',#4270);
#4272=FACE_SURFACE('',(#4267),#4271,.T.);
#4273=POLY_LOOP('',(#339,#226,#255));
#4274=FACE_OUTER_BOUND('',#4273,.T.);
#4275=DIRECTION('',(6.195062372751302e-07,-0.09079966706515047,-0.9958691783866364));
#4276=DIRECTION('',(0.9084730315023619,-0.41621697721936046,0.03794968915929029));
#4277=AXIS2_PLACEMENT_3D('',#339,#4275,#4276);
#4278=PLANE('',#4277);
#4279=FACE_SURFACE('',(#4274),#4278,.T.);
#4280=POLY_LOOP('',(#339,#255,#340));
#4281=FACE_OUTER_BOUND('',#4280,.T.);
#4282=DIRECTION('',(1.0039288318500357e-07,-0.09080043134696722,-0.99586910870214));
#4283=DIRECTION('',(0.8283061404351991,-0.5579613234963696,0.05087336434249194));
#4284=AXIS2_PLACEMENT_3D('',#339,#4282,#4283);
#4285=PLANE('',#4284);
#4286=FACE_SURFACE('',(#4281),#4285,.T.);
#4287=POLY_LOOP('',(#340,#255,#257));
#4288=FACE_OUTER_BOUND('',#4287,.T.);
#4289=DIRECTION('',(-1.8184731135925906e-06,-0.09079866403269189,-0.995869269837448));
#4290=DIRECTION('',(0.678978845751643,0.7311251152012594,-0.06666178023209213));
#4291=AXIS2_PLACEMENT_3D('',#340,#4289,#4290);
#4292=PLANE('',#4291);
#4293=FACE_SURFACE('',(#4288),#4292,.T.);
#4294=POLY_LOOP('',(#340,#257,#279));
#4295=FACE_OUTER_BOUND('',#4294,.T.);
#4296=DIRECTION('',(1.4766388137062648e-06,-0.09080219540611774,-0.9958689478577233));
#4297=DIRECTION('',(0.732548532860284,0.677902835788268,-0.06180932158234653));
#4298=AXIS2_PLACEMENT_3D('',#340,#4296,#4297);
#4299=PLANE('',#4298);
#4300=FACE_SURFACE('',(#4295),#4299,.T.);
#4301=POLY_LOOP('',(#38,#216,#39));
#4302=FACE_OUTER_BOUND('',#4301,.T.);
#4303=DIRECTION('',(0.0,-0.09080054664605292,-0.9958690981895049));
#4304=DIRECTION('',(1.0,0.0,0.0));
#4305=AXIS2_PLACEMENT_3D('',#38,#4303,#4304);
#4306=PLANE('',#4305);
#4307=FACE_SURFACE('',(#4302),#4306,.T.);
#4308=POLY_LOOP('',(#39,#216,#152));
#4309=FACE_OUTER_BOUND('',#4308,.T.);
#4310=DIRECTION('',(0.0,-0.09080054664605292,-0.9958690981895049));
#4311=DIRECTION('',(0.07829545903625441,0.9928119779443858,-0.0905218070105685));
#4312=AXIS2_PLACEMENT_3D('',#39,#4310,#4311);
#4313=PLANE('',#4312);
#4314=FACE_SURFACE('',(#4309),#4313,.T.);
#4315=POLY_LOOP('',(#39,#152,#321));
#4316=FACE_OUTER_BOUND('',#4315,.T.);
#4317=DIRECTION('',(0.0,-0.09080063596839062,-0.9958690900453412));
#4318=DIRECTION('',(1.0,0.0,0.0));
#4319=AXIS2_PLACEMENT_3D('',#39,#4317,#4318);
#4320=PLANE('',#4319);
#4321=FACE_SURFACE('',(#4316),#4320,.T.);
#4322=POLY_LOOP('',(#321,#152,#149));
#4323=FACE_OUTER_BOUND('',#4322,.T.);
#4324=DIRECTION('',(0.0,-0.09080063596839062,-0.9958690900453412));
#4325=DIRECTION('',(0.6195210706920252,0.781737345306237,-0.07127668568447679));
#4326=AXIS2_PLACEMENT_3D('',#321,#4324,#4325);
#4327=PLANE('',#4326);
#4328=FACE_SURFACE('',(#4323),#4327,.T.);
#4329=POLY_LOOP('',(#321,#149,#156));
#4330=FACE_OUTER_BOUND('',#4329,.T.);
#4331=DIRECTION('',(0.0,-0.1800033970630034,-0.9836659885579956));
#4332=DIRECTION('',(1.0,0.0,0.0));
#4333=AXIS2_PLACEMENT_3D('',#321,#4331,#4332);
#4334=PLANE('',#4333);
#4335=FACE_SURFACE('',(#4330),#4334,.T.);
#4336=POLY_LOOP('',(#321,#156,#323));
#4337=FACE_OUTER_BOUND('',#4336,.T.);
#4338=DIRECTION('',(-0.0,-0.1800033970630034,-0.9836659885579956));
#4339=DIRECTION('',(0.5706432295446381,-0.8077846319332406,0.14781844603209876));
#4340=AXIS2_PLACEMENT_3D('',#321,#4338,#4339);
#4341=PLANE('',#4340);
#4342=FACE_SURFACE('',(#4337),#4341,.T.);
#4343=POLY_LOOP('',(#323,#156,#157));
#4344=FACE_OUTER_BOUND('',#4343,.T.);
#4345=DIRECTION('',(0.0,-0.3533194560735558,-0.9355027322033255));
#4346=DIRECTION('',(1.0,0.0,0.0));
#4347=AXIS2_PLACEMENT_3D('',#323,#4345,#4346);
#4348=PLANE('',#4347);
#4349=FACE_SURFACE('',(#4344),#4348,.T.);
#4350=POLY_LOOP('',(#323,#157,#333));
#4351=FACE_OUTER_BOUND('',#4350,.T.);
#4352=DIRECTION('',(-0.0,-0.3533194560735558,-0.9355027322033255));
#4353=DIRECTION('',(0.5706434324541345,-0.7682329258550789,0.2901452130039518));
#4354=AXIS2_PLACEMENT_3D('',#323,#4352,#4353);
#4355=PLANE('',#4354);
#4356=FACE_SURFACE('',(#4351),#4355,.T.);
#4357=POLY_LOOP('',(#333,#157,#334));
#4358=FACE_OUTER_BOUND('',#4357,.T.);
#4359=DIRECTION('',(0.0,-0.21978738234969394,-0.9755477981933379));
#4360=DIRECTION('',(1.0,0.0,0.0));
#4361=AXIS2_PLACEMENT_3D('',#333,#4359,#4360);
#4362=PLANE('',#4361);
#4363=FACE_SURFACE('',(#4358),#4362,.T.);
#4364=POLY_LOOP('',(#334,#157,#158));
#4365=FACE_OUTER_BOUND('',#4364,.T.);
#4366=DIRECTION('',(0.0,-0.21978738234969394,-0.9755477981933379));
#4367=DIRECTION('',(0.8548946254956199,0.5061158329824644,-0.11402606238562304));
#4368=AXIS2_PLACEMENT_3D('',#334,#4366,#4367);
#4369=PLANE('',#4368);
#4370=FACE_SURFACE('',(#4365),#4369,.T.);
#4371=POLY_LOOP('',(#334,#158,#320));
#4372=FACE_OUTER_BOUND('',#4371,.T.);
#4373=DIRECTION('',(0.0,0.23534313540884047,-0.971912346158817));
#4374=DIRECTION('',(1.0,0.0,0.0));
#4375=AXIS2_PLACEMENT_3D('',#334,#4373,#4374);
#4376=PLANE('',#4375);
#4377=FACE_SURFACE('',(#4372),#4376,.T.);
#4378=POLY_LOOP('',(#320,#158,#367));
#4379=FACE_OUTER_BOUND('',#4378,.T.);
#4380=DIRECTION('',(0.0,0.23534313540884047,-0.971912346158817));
#4381=DIRECTION('',(0.8548947318730272,0.504229584005044,0.12209637189468461));
#4382=AXIS2_PLACEMENT_3D('',#320,#4380,#4381);
#4383=PLANE('',#4382);
#4384=FACE_SURFACE('',(#4379),#4383,.T.);
#4385=POLY_LOOP('',(#320,#367,#368));
#4386=FACE_OUTER_BOUND('',#4385,.T.);
#4387=DIRECTION('',(0.0,0.26617322189562576,-0.9639252128384764));
#4388=DIRECTION('',(1.0,0.0,0.0));
#4389=AXIS2_PLACEMENT_3D('',#320,#4387,#4388);
#4390=PLANE('',#4389);
#4391=FACE_SURFACE('',(#4386),#4390,.T.);
#4392=POLY_LOOP('',(#320,#368,#306));
#4393=FACE_OUTER_BOUND('',#4392,.T.);
#4394=DIRECTION('',(0.0,0.26617322189562576,-0.9639252128384764));
#4395=DIRECTION('',(0.885813356649129,-0.4473014921982443,-0.12351547376433078));
#4396=AXIS2_PLACEMENT_3D('',#320,#4394,#4395);
#4397=PLANE('',#4396);
#4398=FACE_SURFACE('',(#4393),#4397,.T.);
#4399=POLY_LOOP('',(#306,#368,#366));
#4400=FACE_OUTER_BOUND('',#4399,.T.);
#4401=DIRECTION('',(0.0,-0.125711339793166,-0.9920668621859149));
#4402=DIRECTION('',(1.0,0.0,0.0));
#4403=AXIS2_PLACEMENT_3D('',#306,#4401,#4402);
#4404=PLANE('',#4403);
#4405=FACE_SURFACE('',(#4400),#4404,.T.);
#4406=POLY_LOOP('',(#151,#142,#165));
#4407=FACE_OUTER_BOUND('',#4406,.T.);
#4408=DIRECTION('',(0.0,0.9127421427457022,0.4085361438795644));
#4409=DIRECTION('',(0.5955377739503437,-0.32818823967138117,0.7332306861688683));
#4410=AXIS2_PLACEMENT_3D('',#151,#4408,#4409);
#4411=PLANE('',#4410);
#4412=FACE_SURFACE('',(#4407),#4411,.T.);
#4413=POLY_LOOP('',(#151,#165,#93));
#4414=FACE_OUTER_BOUND('',#4413,.T.);
#4415=DIRECTION('',(-0.0,0.8118204186518543,0.583907191135653));
#4416=DIRECTION('',(1.0,0.0,0.0));
#4417=AXIS2_PLACEMENT_3D('',#151,#4415,#4416);
#4418=PLANE('',#4417);
#4419=FACE_SURFACE('',(#4414),#4418,.T.);
#4420=POLY_LOOP('',(#239,#250,#240));
#4421=FACE_OUTER_BOUND('',#4420,.T.);
#4422=DIRECTION('',(1.0,-0.0,-0.0));
#4423=DIRECTION('',(0.0,0.9958690053756494,-0.0908015645906766));
#4424=AXIS2_PLACEMENT_3D('',#239,#4422,#4423);
#4425=PLANE('',#4424);
#4426=FACE_SURFACE('',(#4421),#4425,.T.);
#4427=POLY_LOOP('',(#93,#167,#90));
#4428=FACE_OUTER_BOUND('',#4427,.T.);
#4429=DIRECTION('',(-0.0,0.6776629447817767,0.7353726492532142));
#4430=DIRECTION('',(1.0,0.0,0.0));
#4431=AXIS2_PLACEMENT_3D('',#93,#4429,#4430);
#4432=PLANE('',#4431);
#4433=FACE_SURFACE('',(#4428),#4432,.T.);
#4434=POLY_LOOP('',(#65,#55,#53));
#4435=FACE_OUTER_BOUND('',#4434,.T.);
#4436=DIRECTION('',(0.0,0.9809225471484136,-0.1943989621779613));
#4437=DIRECTION('',(0.9239128979489356,0.07437760107567738,0.37530378290369937));
#4438=AXIS2_PLACEMENT_3D('',#65,#4436,#4437);
#4439=PLANE('',#4438);
#4440=FACE_SURFACE('',(#4435),#4439,.T.);
#4441=POLY_LOOP('',(#65,#53,#63));
#4442=FACE_OUTER_BOUND('',#4441,.T.);
#4443=DIRECTION('',(-0.0,0.9467034720833654,0.32210640469462976));
#4444=DIRECTION('',(1.0,0.0,0.0));
#4445=AXIS2_PLACEMENT_3D('',#65,#4443,#4444);
#4446=PLANE('',#4445);
#4447=FACE_SURFACE('',(#4442),#4446,.T.);
#4448=POLY_LOOP('',(#63,#53,#50));
#4449=FACE_OUTER_BOUND('',#4448,.T.);
#4450=DIRECTION('',(0.0,0.9467034720833654,0.32210640469462976));
#4451=DIRECTION('',(0.9239132743178474,-0.12323854249860226,0.3622106061148597));
#4452=AXIS2_PLACEMENT_3D('',#63,#4450,#4451);
#4453=PLANE('',#4452);
#4454=FACE_SURFACE('',(#4449),#4453,.T.);
#4455=POLY_LOOP('',(#63,#50,#61));
#4456=FACE_OUTER_BOUND('',#4455,.T.);
#4457=DIRECTION('',(-0.0,0.658816339497602,0.7523038154967584));
#4458=DIRECTION('',(1.0,0.0,0.0));
#4459=AXIS2_PLACEMENT_3D('',#63,#4457,#4458);
#4460=PLANE('',#4459);
#4461=FACE_SURFACE('',(#4456),#4460,.T.);
#4462=POLY_LOOP('',(#61,#50,#49));
#4463=FACE_OUTER_BOUND('',#4462,.T.);
#4464=DIRECTION('',(0.0,0.658816339497602,0.7523038154967584));
#4465=DIRECTION('',(0.9239133847402289,-0.28783271543689953,0.2520642485995874));
#4466=AXIS2_PLACEMENT_3D('',#61,#4464,#4465);
#4467=PLANE('',#4466);
#4468=FACE_SURFACE('',(#4463),#4467,.T.);
#4469=POLY_LOOP('',(#61,#49,#60));
#4470=FACE_OUTER_BOUND('',#4469,.T.);
#4471=DIRECTION('',(-0.0,0.19439954771122248,0.9809224311074103));
#4472=DIRECTION('',(1.0,0.0,0.0));
#4473=AXIS2_PLACEMENT_3D('',#61,#4471,#4472);
#4474=PLANE('',#4473);
#4475=FACE_SURFACE('',(#4470),#4474,.T.);
#4476=POLY_LOOP('',(#60,#49,#188));
#4477=FACE_OUTER_BOUND('',#4476,.T.);
#4478=DIRECTION('',(0.0,0.19439954771122248,0.9809224311074103));
#4479=DIRECTION('',(0.923913305313673,-0.3753027735633054,0.07437763386969075));
#4480=AXIS2_PLACEMENT_3D('',#60,#4478,#4479);
#4481=PLANE('',#4480);
#4482=FACE_SURFACE('',(#4477),#4481,.T.);
#4483=POLY_LOOP('',(#60,#188,#20));
#4484=FACE_OUTER_BOUND('',#4483,.T.);
#4485=DIRECTION('',(0.0,-0.32210409234622434,0.9467042588336734));
#4486=DIRECTION('',(1.0,0.0,0.0));
#4487=AXIS2_PLACEMENT_3D('',#60,#4485,#4486);
#4488=PLANE('',#4487);
#4489=FACE_SURFACE('',(#4484),#4488,.T.);
#4490=POLY_LOOP('',(#20,#188,#184));
#4491=FACE_OUTER_BOUND('',#4490,.T.);
#4492=DIRECTION('',(0.0,-0.32210409234622434,0.9467042588336734));
#4493=DIRECTION('',(0.9239129480468093,-0.36221165301975244,-0.12323791157007));
#4494=AXIS2_PLACEMENT_3D('',#20,#4492,#4493);
#4495=PLANE('',#4494);
#4496=FACE_SURFACE('',(#4491),#4495,.T.);
#4497=POLY_LOOP('',(#17,#55,#65));
#4498=FACE_OUTER_BOUND('',#4497,.T.);
#4499=DIRECTION('',(0.0,0.9809225471484136,-0.1943989621779613));
#4500=DIRECTION('',(1.0,0.0,0.0));
#4501=AXIS2_PLACEMENT_3D('',#17,#4499,#4500);
#4502=PLANE('',#4501);
#4503=FACE_SURFACE('',(#4498),#4502,.T.);
#4504=POLY_LOOP('',(#20,#184,#14));
#4505=FACE_OUTER_BOUND('',#4504,.T.);
#4506=DIRECTION('',(0.0,-0.7523045291565966,0.658815524566985));
#4507=DIRECTION('',(1.0,0.0,0.0));
#4508=AXIS2_PLACEMENT_3D('',#20,#4506,#4507);
#4509=PLANE('',#4508);
#4510=FACE_SURFACE('',(#4505),#4509,.T.);
#4511=POLY_LOOP('',(#14,#195,#40));
#4512=FACE_OUTER_BOUND('',#4511,.T.);
#4513=DIRECTION('',(0.0,-0.9809221383388903,0.19440102498870523));
#4514=DIRECTION('',(1.0,0.0,0.0));
#4515=AXIS2_PLACEMENT_3D('',#14,#4513,#4514);
#4516=PLANE('',#4515);
#4517=FACE_SURFACE('',(#4512),#4516,.T.);
#4518=POLY_LOOP('',(#40,#195,#197));
#4519=FACE_OUTER_BOUND('',#4518,.T.);
#4520=DIRECTION('',(0.0,-0.9809221383388903,0.19440102498870523));
#4521=DIRECTION('',(0.9239132649477103,-0.07437821802835085,-0.3753027571662499));
#4522=AXIS2_PLACEMENT_3D('',#40,#4520,#4521);
#4523=PLANE('',#4522);
#4524=FACE_SURFACE('',(#4519),#4523,.T.);
#4525=POLY_LOOP('',(#40,#197,#44));
#4526=FACE_OUTER_BOUND('',#4525,.T.);
#4527=DIRECTION('',(0.0,-0.9467035565789071,-0.3221061563535351));
#4528=DIRECTION('',(1.0,0.0,0.0));
#4529=AXIS2_PLACEMENT_3D('',#40,#4527,#4528);
#4530=PLANE('',#4529);
#4531=FACE_SURFACE('',(#4526),#4530,.T.);
#4532=POLY_LOOP('',(#44,#197,#201));
#4533=FACE_OUTER_BOUND('',#4532,.T.);
#4534=DIRECTION('',(0.0,-0.9467035565789071,-0.3221061563535351));
#4535=DIRECTION('',(0.9239128477220779,0.12323877930001556,-0.3622116136883556));
#4536=AXIS2_PLACEMENT_3D('',#44,#4534,#4535);
#4537=PLANE('',#4536);
#4538=FACE_SURFACE('',(#4533),#4537,.T.);
#4539=POLY_LOOP('',(#44,#201,#32));
#4540=FACE_OUTER_BOUND('',#4539,.T.);
#4541=DIRECTION('',(0.0,-0.6588162855079679,-0.7523038627771917));
#4542=DIRECTION('',(1.0,0.0,0.0));
#4543=AXIS2_PLACEMENT_3D('',#44,#4541,#4542);
#4544=PLANE('',#4543);
#4545=FACE_SURFACE('',(#4540),#4544,.T.);
#4546=POLY_LOOP('',(#32,#201,#176));
#4547=FACE_OUTER_BOUND('',#4546,.T.);
#4548=DIRECTION('',(0.0,-0.6588162855079679,-0.7523038627771917));
#4549=DIRECTION('',(0.9239135312451126,0.2878324673743122,-0.2520639948651967));
#4550=AXIS2_PLACEMENT_3D('',#32,#4548,#4549);
#4551=PLANE('',#4550);
#4552=FACE_SURFACE('',(#4547),#4551,.T.);
#4553=POLY_LOOP('',(#32,#176,#30));
#4554=FACE_OUTER_BOUND('',#4553,.T.);
#4555=DIRECTION('',(0.0,-0.19439910856095238,-0.980922518138261));
#4556=DIRECTION('',(1.0,0.0,0.0));
#4557=AXIS2_PLACEMENT_3D('',#32,#4555,#4556);
#4558=PLANE('',#4557);
#4559=FACE_SURFACE('',(#4554),#4558,.T.);
#4560=POLY_LOOP('',(#30,#176,#178));
#4561=FACE_OUTER_BOUND('',#4560,.T.);
#4562=DIRECTION('',(0.0,-0.19439910856095238,-0.980922518138261));
#4563=DIRECTION('',(0.923912999790189,0.375303530568726,-0.07437760927418628));
#4564=AXIS2_PLACEMENT_3D('',#30,#4562,#4563);
#4565=PLANE('',#4564);
#4566=FACE_SURFACE('',(#4561),#4565,.T.);
#4567=POLY_LOOP('',(#217,#219,#152));
#4568=FACE_OUTER_BOUND('',#4567,.T.);
#4569=DIRECTION('',(1.0,0.0,0.0));
#4570=DIRECTION('',(0.0,-0.6399796034544537,0.768391896861413));
#4571=AXIS2_PLACEMENT_3D('',#217,#4569,#4570);
#4572=PLANE('',#4571);
#4573=FACE_SURFACE('',(#4568),#4572,.T.);
#4574=POLY_LOOP('',(#14,#184,#195));
#4575=FACE_OUTER_BOUND('',#4574,.T.);
#4576=DIRECTION('',(0.0,-0.7523045291565966,0.658815524566985));
#4577=DIRECTION('',(0.9239133750341184,-0.25206395224739114,-0.2878330061172442));
#4578=AXIS2_PLACEMENT_3D('',#14,#4576,#4577);
#4579=PLANE('',#4578);
#4580=FACE_SURFACE('',(#4575),#4579,.T.);
#4581=POLY_LOOP('',(#152,#219,#369));
#4582=FACE_OUTER_BOUND('',#4581,.T.);
#4583=DIRECTION('',(1.0,0.0,-0.0));
#4584=DIRECTION('',(0.0,0.9685238258659064,0.24892086841015873));
#4585=AXIS2_PLACEMENT_3D('',#152,#4583,#4584);
#4586=PLANE('',#4585);
#4587=FACE_SURFACE('',(#4582),#4586,.T.);
#4588=POLY_LOOP('',(#17,#180,#55));
#4589=FACE_OUTER_BOUND('',#4588,.T.);
#4590=DIRECTION('',(0.0,0.7523037682164235,-0.6588163934871157));
#4591=DIRECTION('',(0.9239132382352555,0.2520645023338605,0.2878329634993657));
#4592=AXIS2_PLACEMENT_3D('',#17,#4590,#4591);
#4593=PLANE('',#4592);
#4594=FACE_SURFACE('',(#4589),#4593,.T.);
#4595=POLY_LOOP('',(#19,#178,#180));
#4596=FACE_OUTER_BOUND('',#4595,.T.);
#4597=DIRECTION('',(0.0,0.32210410659609373,-0.9467042539853364));
#4598=DIRECTION('',(0.9239132763539902,0.36221090061722905,0.12323766165783615));
#4599=AXIS2_PLACEMENT_3D('',#19,#4597,#4598);
#4600=PLANE('',#4599);
#4601=FACE_SURFACE('',(#4596),#4600,.T.);
#4602=POLY_LOOP('',(#328,#370,#371));
#4603=FACE_OUTER_BOUND('',#4602,.T.);
#4604=DIRECTION('',(0.0,0.9809224311074103,-0.19439954771122248));
#4605=DIRECTION('',(0.923913305313673,0.07437763386969075,0.3753027735633054));
#4606=AXIS2_PLACEMENT_3D('',#328,#4604,#4605);
#4607=PLANE('',#4606);
#4608=FACE_SURFACE('',(#4603),#4607,.T.);
#4609=POLY_LOOP('',(#328,#371,#292));
#4610=FACE_OUTER_BOUND('',#4609,.T.);
#4611=DIRECTION('',(-0.0,0.9467033972881893,0.32210662452517314));
#4612=DIRECTION('',(1.0,0.0,0.0));
#4613=AXIS2_PLACEMENT_3D('',#328,#4611,#4612);
#4614=PLANE('',#4613);
#4615=FACE_SURFACE('',(#4610),#4614,.T.);
#4616=POLY_LOOP('',(#292,#371,#372));
#4617=FACE_OUTER_BOUND('',#4616,.T.);
#4618=DIRECTION('',(0.0,0.9467033972881893,0.32210662452517314));
#4619=DIRECTION('',(0.9239130442992114,-0.12323880552102334,0.3622111033465357));
#4620=AXIS2_PLACEMENT_3D('',#292,#4618,#4619);
#4621=PLANE('',#4620);
#4622=FACE_SURFACE('',(#4617),#4621,.T.);
#4623=POLY_LOOP('',(#292,#372,#290));
#4624=FACE_OUTER_BOUND('',#4623,.T.);
#4625=DIRECTION('',(-0.0,0.6588163934871157,0.7523037682164235));
#4626=DIRECTION('',(1.0,0.0,0.0));
#4627=AXIS2_PLACEMENT_3D('',#292,#4625,#4626);
#4628=PLANE('',#4627);
#4629=FACE_SURFACE('',(#4624),#4628,.T.);
#4630=POLY_LOOP('',(#290,#372,#373));
#4631=FACE_OUTER_BOUND('',#4630,.T.);
#4632=DIRECTION('',(0.0,0.6588163934871157,0.7523037682164235));
#4633=DIRECTION('',(0.9239132382352555,-0.2878329634993657,0.2520645023338605));
#4634=AXIS2_PLACEMENT_3D('',#290,#4632,#4633);
#4635=PLANE('',#4634);
#4636=FACE_SURFACE('',(#4631),#4635,.T.);
#4637=POLY_LOOP('',(#290,#373,#318));
#4638=FACE_OUTER_BOUND('',#4637,.T.);
#4639=DIRECTION('',(-0.0,0.19439940132758296,0.9809224601177593));
#4640=DIRECTION('',(1.0,0.0,0.0));
#4641=AXIS2_PLACEMENT_3D('',#290,#4639,#4640);
#4642=PLANE('',#4641);
#4643=FACE_SURFACE('',(#4638),#4642,.T.);
#4644=POLY_LOOP('',(#318,#373,#374));
#4645=FACE_OUTER_BOUND('',#4644,.T.);
#4646=DIRECTION('',(0.0,0.19439940132758296,0.9809224601177593));
#4647=DIRECTION('',(0.9239132034725577,-0.37530302589852904,0.07437762567119297));
#4648=AXIS2_PLACEMENT_3D('',#318,#4646,#4647);
#4649=PLANE('',#4648);
#4650=FACE_SURFACE('',(#4645),#4649,.T.);
#4651=POLY_LOOP('',(#318,#374,#319));
#4652=FACE_OUTER_BOUND('',#4651,.T.);
#4653=DIRECTION('',(0.0,-0.32210548260480404,0.9467037858147216));
#4654=DIRECTION('',(1.0,0.0,0.0));
#4655=AXIS2_PLACEMENT_3D('',#318,#4653,#4654);
#4656=PLANE('',#4655);
#4657=FACE_SURFACE('',(#4652),#4656,.T.);
#4658=POLY_LOOP('',(#319,#374,#375));
#4659=FACE_OUTER_BOUND('',#4658,.T.);
#4660=DIRECTION('',(0.0,-0.32210548260480404,0.9467037858147216));
#4661=DIRECTION('',(0.9239132094710001,-0.36221087439642596,-0.12323824014473966));
#4662=AXIS2_PLACEMENT_3D('',#319,#4660,#4661);
#4663=PLANE('',#4662);
#4664=FACE_SURFACE('',(#4659),#4663,.T.);
#4665=POLY_LOOP('',(#19,#180,#17));
#4666=FACE_OUTER_BOUND('',#4665,.T.);
#4667=DIRECTION('',(0.0,0.7523037682164235,-0.6588163934871157));
#4668=DIRECTION('',(1.0,0.0,0.0));
#4669=AXIS2_PLACEMENT_3D('',#19,#4667,#4668);
#4670=PLANE('',#4669);
#4671=FACE_SURFACE('',(#4666),#4670,.T.);
#4672=POLY_LOOP('',(#319,#375,#324));
#4673=FACE_OUTER_BOUND('',#4672,.T.);
#4674=DIRECTION('',(0.0,-0.7523037682164235,0.6588163934871157));
#4675=DIRECTION('',(1.0,0.0,0.0));
#4676=AXIS2_PLACEMENT_3D('',#319,#4674,#4675);
#4677=PLANE('',#4676);
#4678=FACE_SURFACE('',(#4673),#4677,.T.);
#4679=POLY_LOOP('',(#324,#147,#89));
#4680=FACE_OUTER_BOUND('',#4679,.T.);
#4681=DIRECTION('',(0.0,-0.980922489128043,0.19439925494415963));
#4682=DIRECTION('',(1.0,0.0,0.0));
#4683=AXIS2_PLACEMENT_3D('',#324,#4681,#4682);
#4684=PLANE('',#4683);
#4685=FACE_SURFACE('',(#4680),#4684,.T.);
#4686=POLY_LOOP('',(#89,#147,#146));
#4687=FACE_OUTER_BOUND('',#4686,.T.);
#4688=DIRECTION('',(0.0,-0.980922489128043,0.19439925494415963));
#4689=DIRECTION('',(0.9239131016313964,-0.07437761747269148,-0.37530327823366927));
#4690=AXIS2_PLACEMENT_3D('',#89,#4688,#4689);
#4691=PLANE('',#4690);
#4692=FACE_SURFACE('',(#4687),#4691,.T.);
#4693=POLY_LOOP('',(#89,#146,#91));
#4694=FACE_OUTER_BOUND('',#4693,.T.);
#4695=DIRECTION('',(0.0,-0.9467034720833654,-0.32210640469462976));
#4696=DIRECTION('',(1.0,0.0,0.0));
#4697=AXIS2_PLACEMENT_3D('',#89,#4695,#4696);
#4698=PLANE('',#4697);
#4699=FACE_SURFACE('',(#4694),#4698,.T.);
#4700=POLY_LOOP('',(#91,#146,#170));
#4701=FACE_OUTER_BOUND('',#4700,.T.);
#4702=DIRECTION('',(0.0,-0.9467034720833654,-0.32210640469462976));
#4703=DIRECTION('',(0.9239132743178474,0.12323854249860226,-0.3622106061148597));
#4704=AXIS2_PLACEMENT_3D('',#91,#4702,#4703);
#4705=PLANE('',#4704);
#4706=FACE_SURFACE('',(#4701),#4705,.T.);
#4707=POLY_LOOP('',(#91,#170,#94));
#4708=FACE_OUTER_BOUND('',#4707,.T.);
#4709=DIRECTION('',(0.0,-0.658816339497602,-0.7523038154967584));
#4710=DIRECTION('',(1.0,0.0,0.0));
#4711=AXIS2_PLACEMENT_3D('',#91,#4709,#4710);
#4712=PLANE('',#4711);
#4713=FACE_SURFACE('',(#4708),#4712,.T.);
#4714=POLY_LOOP('',(#94,#170,#168));
#4715=FACE_OUTER_BOUND('',#4714,.T.);
#4716=DIRECTION('',(0.0,-0.658816339497602,-0.7523038154967584));
#4717=DIRECTION('',(0.9239133847402289,0.28783271543689953,-0.2520642485995874));
#4718=AXIS2_PLACEMENT_3D('',#94,#4716,#4717);
#4719=PLANE('',#4718);
#4720=FACE_SURFACE('',(#4715),#4719,.T.);
#4721=POLY_LOOP('',(#94,#168,#208));
#4722=FACE_OUTER_BOUND('',#4721,.T.);
#4723=DIRECTION('',(0.0,-0.1944008786040407,-0.9809221673496715));
#4724=DIRECTION('',(1.0,0.0,0.0));
#4725=AXIS2_PLACEMENT_3D('',#94,#4723,#4724);
#4726=PLANE('',#4725);
#4727=FACE_SURFACE('',(#4722),#4726,.T.);
#4728=POLY_LOOP('',(#208,#168,#166));
#4729=FACE_OUTER_BOUND('',#4728,.T.);
#4730=DIRECTION('',(0.0,-0.1944008786040407,-0.9809221673496715));
#4731=DIRECTION('',(0.9239131631066083,0.3753030095014661,-0.07437820982978939));
#4732=AXIS2_PLACEMENT_3D('',#208,#4730,#4731);
#4733=PLANE('',#4732);
#4734=FACE_SURFACE('',(#4729),#4733,.T.);
#4735=POLY_LOOP('',(#30,#178,#19));
#4736=FACE_OUTER_BOUND('',#4735,.T.);
#4737=DIRECTION('',(0.0,0.32210410659609373,-0.9467042539853364));
#4738=DIRECTION('',(1.0,0.0,0.0));
#4739=AXIS2_PLACEMENT_3D('',#30,#4737,#4738);
#4740=PLANE('',#4739);
#4741=FACE_SURFACE('',(#4736),#4740,.T.);
#4742=POLY_LOOP('',(#324,#375,#147));
#4743=FACE_OUTER_BOUND('',#4742,.T.);
#4744=DIRECTION('',(0.0,-0.7523037682164235,0.6588163934871157));
#4745=DIRECTION('',(0.9239132382352555,-0.2520645023338605,-0.2878329634993657));
#4746=AXIS2_PLACEMENT_3D('',#324,#4744,#4745);
#4747=PLANE('',#4746);
#4748=FACE_SURFACE('',(#4743),#4747,.T.);
#4749=POLY_LOOP('',(#218,#253,#42));
#4750=FACE_OUTER_BOUND('',#4749,.T.);
#4751=DIRECTION('',(1.0,0.0,-0.0));
#4752=DIRECTION('',(0.0,0.09080123636690539,0.9958690353024545));
#4753=AXIS2_PLACEMENT_3D('',#218,#4751,#4752);
#4754=PLANE('',#4753);
#4755=FACE_SURFACE('',(#4750),#4754,.T.);
#4756=POLY_LOOP('',(#217,#152,#59));
#4757=FACE_OUTER_BOUND('',#4756,.T.);
#4758=DIRECTION('',(1.0,-0.0,0.0));
#4759=DIRECTION('',(0.0,-0.9757611837328585,-0.2188380961355926));
#4760=AXIS2_PLACEMENT_3D('',#217,#4758,#4759);
#4761=PLANE('',#4760);
#4762=FACE_SURFACE('',(#4757),#4761,.T.);
#4763=POLY_LOOP('',(#59,#152,#216));
#4764=FACE_OUTER_BOUND('',#4763,.T.);
#4765=DIRECTION('',(1.0,0.0,0.0));
#4766=DIRECTION('',(0.0,-0.979552623416674,-0.20118811584562224));
#4767=AXIS2_PLACEMENT_3D('',#59,#4765,#4766);
#4768=PLANE('',#4767);
#4769=FACE_SURFACE('',(#4764),#4768,.T.);
#4770=POLY_LOOP('',(#376,#377,#378));
#4771=FACE_OUTER_BOUND('',#4770,.T.);
#4772=DIRECTION('',(1.0,-0.0,0.0));
#4773=DIRECTION('',(0.0,0.7777278805423594,-0.6286011007205519));
#4774=AXIS2_PLACEMENT_3D('',#376,#4772,#4773);
#4775=PLANE('',#4774);
#4776=FACE_SURFACE('',(#4771),#4775,.T.);
#4777=POLY_LOOP('',(#376,#378,#379));
#4778=FACE_OUTER_BOUND('',#4777,.T.);
#4779=DIRECTION('',(1.0,-0.0,0.0));
#4780=DIRECTION('',(0.0,0.9612847871449424,-0.27555681447516944));
#4781=AXIS2_PLACEMENT_3D('',#376,#4779,#4780);
#4782=PLANE('',#4781);
#4783=FACE_SURFACE('',(#4778),#4782,.T.);
#4784=POLY_LOOP('',(#379,#378,#380));
#4785=FACE_OUTER_BOUND('',#4784,.T.);
#4786=DIRECTION('',(1.0,-0.0,0.0));
#4787=DIRECTION('',(0.0,-0.08727444066974319,-0.99618430624347));
#4788=AXIS2_PLACEMENT_3D('',#379,#4786,#4787);
#4789=PLANE('',#4788);
#4790=FACE_SURFACE('',(#4785),#4789,.T.);
#4791=POLY_LOOP('',(#379,#380,#47));
#4792=FACE_OUTER_BOUND('',#4791,.T.);
#4793=DIRECTION('',(1.0,-0.0,0.0));
#4794=DIRECTION('',(0.0,0.11757995478210015,-0.9930634190390054));
#4795=AXIS2_PLACEMENT_3D('',#379,#4793,#4794);
#4796=PLANE('',#4795);
#4797=FACE_SURFACE('',(#4792),#4796,.T.);
#4798=POLY_LOOP('',(#47,#380,#48));
#4799=FACE_OUTER_BOUND('',#4798,.T.);
#4800=DIRECTION('',(1.0,-0.0,0.0));
#4801=DIRECTION('',(0.0,-0.23120982475909768,-0.9729039094046582));
#4802=AXIS2_PLACEMENT_3D('',#47,#4800,#4801);
#4803=PLANE('',#4802);
#4804=FACE_SURFACE('',(#4799),#4803,.T.);
#4805=POLY_LOOP('',(#367,#147,#375));
#4806=FACE_OUTER_BOUND('',#4805,.T.);
#4807=DIRECTION('',(1.0,0.0,-0.0));
#4808=DIRECTION('',(0.0,0.13874356287629583,0.990328341390062));
#4809=AXIS2_PLACEMENT_3D('',#367,#4807,#4808);
#4810=PLANE('',#4809);
#4811=FACE_SURFACE('',(#4806),#4810,.T.);
#4812=POLY_LOOP('',(#367,#375,#368));
#4813=FACE_OUTER_BOUND('',#4812,.T.);
#4814=DIRECTION('',(1.0,0.0,0.0));
#4815=DIRECTION('',(0.0,-0.28375946384782436,0.9588954930944222));
#4816=AXIS2_PLACEMENT_3D('',#367,#4814,#4815);
#4817=PLANE('',#4816);
#4818=FACE_SURFACE('',(#4813),#4817,.T.);
#4819=POLY_LOOP('',(#368,#375,#374));
#4820=FACE_OUTER_BOUND('',#4819,.T.);
#4821=DIRECTION('',(1.0,0.0,-0.0));
#4822=DIRECTION('',(0.0,0.4651180414913235,0.8852486698545644));
#4823=AXIS2_PLACEMENT_3D('',#368,#4821,#4822);
#4824=PLANE('',#4823);
#4825=FACE_SURFACE('',(#4820),#4824,.T.);
#4826=POLY_LOOP('',(#368,#374,#366));
#4827=FACE_OUTER_BOUND('',#4826,.T.);
#4828=DIRECTION('',(1.0,0.0,0.0));
#4829=DIRECTION('',(0.0,-0.07990493160276578,0.9968024889142068));
#4830=AXIS2_PLACEMENT_3D('',#368,#4828,#4829);
#4831=PLANE('',#4830);
#4832=FACE_SURFACE('',(#4827),#4831,.T.);
#4833=POLY_LOOP('',(#381,#377,#376));
#4834=FACE_OUTER_BOUND('',#4833,.T.);
#4835=DIRECTION('',(1.0,0.0,-0.0));
#4836=DIRECTION('',(0.0,0.986594161717499,0.16319301475536685));
#4837=AXIS2_PLACEMENT_3D('',#381,#4835,#4836);
#4838=PLANE('',#4837);
#4839=FACE_SURFACE('',(#4834),#4838,.T.);
#4840=POLY_LOOP('',(#366,#374,#373));
#4841=FACE_OUTER_BOUND('',#4840,.T.);
#4842=DIRECTION('',(1.0,0.0,-0.0));
#4843=DIRECTION('',(0.0,0.7155156182791078,0.6985967363212242));
#4844=AXIS2_PLACEMENT_3D('',#366,#4842,#4843);
#4845=PLANE('',#4844);
#4846=FACE_SURFACE('',(#4841),#4845,.T.);
#4847=POLY_LOOP('',(#365,#373,#372));
#4848=FACE_OUTER_BOUND('',#4847,.T.);
#4849=DIRECTION('',(1.0,0.0,-0.0));
#4850=DIRECTION('',(0.0,0.8786621850423634,0.4774439910362048));
#4851=AXIS2_PLACEMENT_3D('',#365,#4849,#4850);
#4852=PLANE('',#4851);
#4853=FACE_SURFACE('',(#4848),#4852,.T.);
#4854=POLY_LOOP('',(#162,#164,#370));
#4855=FACE_OUTER_BOUND('',#4854,.T.);
#4856=DIRECTION('',(1.0,0.0,0.0));
#4857=DIRECTION('',(0.0,-0.8937074865281324,0.4486501181584244));
#4858=AXIS2_PLACEMENT_3D('',#162,#4856,#4857);
#4859=PLANE('',#4858);
#4860=FACE_SURFACE('',(#4855),#4859,.T.);
#4861=POLY_LOOP('',(#370,#164,#364));
#4862=FACE_OUTER_BOUND('',#4861,.T.);
#4863=DIRECTION('',(1.0,0.0,0.0));
#4864=DIRECTION('',(0.0,-0.5701989782220978,0.8215066191056988));
#4865=AXIS2_PLACEMENT_3D('',#370,#4863,#4864);
#4866=PLANE('',#4865);
#4867=FACE_SURFACE('',(#4862),#4866,.T.);
#4868=POLY_LOOP('',(#370,#364,#371));
#4869=FACE_OUTER_BOUND('',#4868,.T.);
#4870=DIRECTION('',(1.0,0.0,0.0));
#4871=DIRECTION('',(0.0,-0.9879490033152917,0.15477973655592606));
#4872=AXIS2_PLACEMENT_3D('',#370,#4870,#4871);
#4873=PLANE('',#4872);
#4874=FACE_SURFACE('',(#4869),#4873,.T.);
#4875=POLY_LOOP('',(#371,#364,#363));
#4876=FACE_OUTER_BOUND('',#4875,.T.);
#4877=DIRECTION('',(1.0,0.0,0.0));
#4878=DIRECTION('',(0.0,-0.6844705786979747,0.7290404837160002));
#4879=AXIS2_PLACEMENT_3D('',#371,#4877,#4878);
#4880=PLANE('',#4879);
#4881=FACE_SURFACE('',(#4876),#4880,.T.);
#4882=POLY_LOOP('',(#371,#363,#372));
#4883=FACE_OUTER_BOUND('',#4882,.T.);
#4884=DIRECTION('',(1.0,0.0,0.0));
#4885=DIRECTION('',(0.0,-0.9986317264470519,-0.05229411949139691));
#4886=AXIS2_PLACEMENT_3D('',#371,#4884,#4885);
#4887=PLANE('',#4886);
#4888=FACE_SURFACE('',(#4883),#4887,.T.);
#4889=POLY_LOOP('',(#372,#363,#362));
#4890=FACE_OUTER_BOUND('',#4889,.T.);
#4891=DIRECTION('',(0.9999999999999999,0.0,0.0));
#4892=DIRECTION('',(0.0,-0.8774167861211366,0.47972886449832824));
#4893=AXIS2_PLACEMENT_3D('',#372,#4891,#4892);
#4894=PLANE('',#4893);
#4895=FACE_SURFACE('',(#4890),#4894,.T.);
#4896=POLY_LOOP('',(#93,#165,#167));
#4897=FACE_OUTER_BOUND('',#4896,.T.);
#4898=DIRECTION('',(0.0,0.8118204186518543,0.583907191135653));
#4899=DIRECTION('',(0.5955376301024262,-0.46906865279818255,0.6521575960564163));
#4900=AXIS2_PLACEMENT_3D('',#93,#4898,#4899);
#4901=PLANE('',#4900);
#4902=FACE_SURFACE('',(#4897),#4901,.T.);
#4903=POLY_LOOP('',(#372,#362,#365));
#4904=FACE_OUTER_BOUND('',#4903,.T.);
#4905=DIRECTION('',(1.0,0.0,0.0));
#4906=DIRECTION('',(0.0,-0.9660497453871859,-0.2583561290880345));
#4907=AXIS2_PLACEMENT_3D('',#372,#4905,#4906);
#4908=PLANE('',#4907);
#4909=FACE_SURFACE('',(#4904),#4908,.T.);
#4910=POLY_LOOP('',(#366,#373,#365));
#4911=FACE_OUTER_BOUND('',#4910,.T.);
#4912=DIRECTION('',(1.0,0.0,-0.0));
#4913=DIRECTION('',(0.0,0.12865580313771696,0.9916893083617414));
#4914=AXIS2_PLACEMENT_3D('',#366,#4912,#4913);
#4915=PLANE('',#4914);
#4916=FACE_SURFACE('',(#4911),#4915,.T.);
#4917=POLY_LOOP('',(#381,#152,#377));
#4918=FACE_OUTER_BOUND('',#4917,.T.);
#4919=DIRECTION('',(0.9999999999999999,-0.0,0.0));
#4920=DIRECTION('',(0.0,-0.7787512159360647,-0.6273328810751919));
#4921=AXIS2_PLACEMENT_3D('',#381,#4919,#4920);
#4922=PLANE('',#4921);
#4923=FACE_SURFACE('',(#4918),#4922,.T.);
#4924=POLY_LOOP('',(#154,#152,#381));
#4925=FACE_OUTER_BOUND('',#4924,.T.);
#4926=DIRECTION('',(1.0,-0.0,0.0));
#4927=DIRECTION('',(0.0,-0.7089036802469306,-0.7053053041997895));
#4928=AXIS2_PLACEMENT_3D('',#154,#4926,#4927);
#4929=PLANE('',#4928);
#4930=FACE_SURFACE('',(#4925),#4929,.T.);
#4931=POLY_LOOP('',(#152,#382,#377));
#4932=FACE_OUTER_BOUND('',#4931,.T.);
#4933=DIRECTION('',(1.0,0.0,-0.0));
#4934=DIRECTION('',(0.0,0.8961490323296782,0.44375321052875905));
#4935=AXIS2_PLACEMENT_3D('',#152,#4933,#4934);
#4936=PLANE('',#4935);
#4937=FACE_SURFACE('',(#4932),#4936,.T.);
#4938=POLY_LOOP('',(#59,#216,#42));
#4939=FACE_OUTER_BOUND('',#4938,.T.);
#4940=DIRECTION('',(1.0,-0.0,-0.0));
#4941=DIRECTION('',(0.0,0.614037573593694,-0.7892767944233309));
#4942=AXIS2_PLACEMENT_3D('',#59,#4940,#4941);
#4943=PLANE('',#4942);
#4944=FACE_SURFACE('',(#4939),#4943,.T.);
#4945=POLY_LOOP('',(#360,#52,#46));
#4946=FACE_OUTER_BOUND('',#4945,.T.);
#4947=DIRECTION('',(1.0,0.0,-0.0));
#4948=DIRECTION('',(0.0,0.08444737999560348,0.996427940200333));
#4949=AXIS2_PLACEMENT_3D('',#360,#4947,#4948);
#4950=PLANE('',#4949);
#4951=FACE_SURFACE('',(#4946),#4950,.T.);
#4952=POLY_LOOP('',(#383,#221,#222));
#4953=FACE_OUTER_BOUND('',#4952,.T.);
#4954=DIRECTION('',(1.0,0.0,-0.0));
#4955=DIRECTION('',(0.0,0.9961328432239083,0.08785988077986928));
#4956=AXIS2_PLACEMENT_3D('',#383,#4954,#4955);
#4957=PLANE('',#4956);
#4958=FACE_SURFACE('',(#4953),#4957,.T.);
#4959=POLY_LOOP('',(#221,#383,#220));
#4960=FACE_OUTER_BOUND('',#4959,.T.);
#4961=DIRECTION('',(1.0,0.0,0.0));
#4962=DIRECTION('',(0.0,-0.9961328432239083,-0.08785988077986928));
#4963=AXIS2_PLACEMENT_3D('',#221,#4961,#4962);
#4964=PLANE('',#4963);
#4965=FACE_SURFACE('',(#4960),#4964,.T.);
#4966=POLY_LOOP('',(#220,#383,#384));
#4967=FACE_OUTER_BOUND('',#4966,.T.);
#4968=DIRECTION('',(1.0,0.0,0.0));
#4969=DIRECTION('',(0.0,-0.9999134729545095,0.013154717938873768));
#4970=AXIS2_PLACEMENT_3D('',#220,#4968,#4969);
#4971=PLANE('',#4970);
#4972=FACE_SURFACE('',(#4967),#4971,.T.);
#4973=POLY_LOOP('',(#220,#384,#219));
#4974=FACE_OUTER_BOUND('',#4973,.T.);
#4975=DIRECTION('',(1.0,0.0,0.0));
#4976=DIRECTION('',(0.0,-0.9964439719466759,-0.08425800122915496));
#4977=AXIS2_PLACEMENT_3D('',#220,#4975,#4976);
#4978=PLANE('',#4977);
#4979=FACE_SURFACE('',(#4974),#4978,.T.);
#4980=POLY_LOOP('',(#219,#384,#385));
#4981=FACE_OUTER_BOUND('',#4980,.T.);
#4982=DIRECTION('',(1.0,0.0,0.0));
#4983=DIRECTION('',(0.0,-0.9999138322093103,0.013127381935909215));
#4984=AXIS2_PLACEMENT_3D('',#219,#4982,#4983);
#4985=PLANE('',#4984);
#4986=FACE_SURFACE('',(#4981),#4985,.T.);
#4987=POLY_LOOP('',(#219,#385,#369));
#4988=FACE_OUTER_BOUND('',#4987,.T.);
#4989=DIRECTION('',(1.0,0.0,0.0));
#4990=DIRECTION('',(0.0,-0.9983950543970894,-0.056633164801491206));
#4991=AXIS2_PLACEMENT_3D('',#219,#4989,#4990);
#4992=PLANE('',#4991);
#4993=FACE_SURFACE('',(#4988),#4992,.T.);
#4994=POLY_LOOP('',(#222,#223,#383));
#4995=FACE_OUTER_BOUND('',#4994,.T.);
#4996=DIRECTION('',(1.0,0.0,0.0));
#4997=DIRECTION('',(0.0,-0.9384343190363669,0.3454577092130818));
#4998=AXIS2_PLACEMENT_3D('',#222,#4996,#4997);
#4999=PLANE('',#4998);
#5000=FACE_SURFACE('',(#4995),#4999,.T.);
#5001=POLY_LOOP('',(#383,#223,#358));
#5002=FACE_OUTER_BOUND('',#5001,.T.);
#5003=DIRECTION('',(1.0,0.0,-0.0));
#5004=DIRECTION('',(0.0,0.9718372720000388,0.23565295829147262));
#5005=AXIS2_PLACEMENT_3D('',#383,#5003,#5004);
#5006=PLANE('',#5005);
#5007=FACE_SURFACE('',(#5002),#5006,.T.);
#5008=POLY_LOOP('',(#383,#358,#386));
#5009=FACE_OUTER_BOUND('',#5008,.T.);
#5010=DIRECTION('',(1.0,0.0,-0.0));
#5011=DIRECTION('',(0.0,0.9274839697642396,0.3738629238509309));
#5012=AXIS2_PLACEMENT_3D('',#383,#5010,#5011);
#5013=PLANE('',#5012);
#5014=FACE_SURFACE('',(#5009),#5013,.T.);
#5015=POLY_LOOP('',(#386,#358,#359));
#5016=FACE_OUTER_BOUND('',#5015,.T.);
#5017=DIRECTION('',(1.0,0.0,-0.0));
#5018=DIRECTION('',(0.0,0.9728912756265695,0.2312629797648257));
#5019=AXIS2_PLACEMENT_3D('',#386,#5017,#5018);
#5020=PLANE('',#5019);
#5021=FACE_SURFACE('',(#5016),#5020,.T.);
#5022=POLY_LOOP('',(#386,#359,#46));
#5023=FACE_OUTER_BOUND('',#5022,.T.);
#5024=DIRECTION('',(1.0,0.0,-0.0));
#5025=DIRECTION('',(0.0,0.8745591416632637,0.4849188671656482));
#5026=AXIS2_PLACEMENT_3D('',#386,#5024,#5025);
#5027=PLANE('',#5026);
#5028=FACE_SURFACE('',(#5023),#5027,.T.);
#5029=POLY_LOOP('',(#46,#359,#361));
#5030=FACE_OUTER_BOUND('',#5029,.T.);
#5031=DIRECTION('',(1.0,0.0,-0.0));
#5032=DIRECTION('',(0.0,0.9399665771559395,0.34126651436926436));
#5033=AXIS2_PLACEMENT_3D('',#46,#5031,#5032);
#5034=PLANE('',#5033);
#5035=FACE_SURFACE('',(#5030),#5034,.T.);
#5036=POLY_LOOP('',(#46,#361,#360));
#5037=FACE_OUTER_BOUND('',#5036,.T.);
#5038=DIRECTION('',(1.0,0.0,-0.0));
#5039=DIRECTION('',(0.0,0.7718718831910443,0.6357781027521403));
#5040=AXIS2_PLACEMENT_3D('',#46,#5038,#5039);
#5041=PLANE('',#5040);
#5042=FACE_SURFACE('',(#5037),#5041,.T.);
#5043=POLY_LOOP('',(#213,#218,#214));
#5044=FACE_OUTER_BOUND('',#5043,.T.);
#5045=DIRECTION('',(1.0,0.0,-0.0));
#5046=DIRECTION('',(0.0,0.2833396015119831,0.959019640161259));
#5047=AXIS2_PLACEMENT_3D('',#213,#5045,#5046);
#5048=PLANE('',#5047);
#5049=FACE_SURFACE('',(#5044),#5048,.T.);
#5050=POLY_LOOP('',(#214,#218,#42));
#5051=FACE_OUTER_BOUND('',#5050,.T.);
#5052=DIRECTION('',(1.0,0.0,-0.0));
#5053=DIRECTION('',(0.0,0.464991755313196,0.8853150103159626));
#5054=AXIS2_PLACEMENT_3D('',#214,#5052,#5053);
#5055=PLANE('',#5054);
#5056=FACE_SURFACE('',(#5051),#5055,.T.);
#5057=POLY_LOOP('',(#214,#42,#215));
#5058=FACE_OUTER_BOUND('',#5057,.T.);
#5059=DIRECTION('',(1.0,0.0,0.0));
#5060=DIRECTION('',(0.0,-0.7014383977759313,0.7127300850430929));
#5061=AXIS2_PLACEMENT_3D('',#214,#5059,#5060);
#5062=PLANE('',#5061);
#5063=FACE_SURFACE('',(#5058),#5062,.T.);
#5064=POLY_LOOP('',(#215,#42,#216));
#5065=FACE_OUTER_BOUND('',#5064,.T.);
#5066=DIRECTION('',(1.0,0.0,0.0));
#5067=DIRECTION('',(0.0,-0.6049756935953375,0.7962439388521839));
#5068=AXIS2_PLACEMENT_3D('',#215,#5066,#5067);
#5069=PLANE('',#5068);
#5070=FACE_SURFACE('',(#5065),#5069,.T.);
#5071=POLY_LOOP('',(#369,#387,#152));
#5072=FACE_OUTER_BOUND('',#5071,.T.);
#5073=DIRECTION('',(1.0,0.0,0.0));
#5074=DIRECTION('',(0.0,-0.9809222095618264,0.19440066560674205));
#5075=AXIS2_PLACEMENT_3D('',#369,#5073,#5074);
#5076=PLANE('',#5075);
#5077=FACE_SURFACE('',(#5072),#5076,.T.);
#5078=POLY_LOOP('',(#152,#387,#382));
#5079=FACE_OUTER_BOUND('',#5078,.T.);
#5080=DIRECTION('',(1.0,0.0,-0.0));
#5081=DIRECTION('',(0.0,0.9198058703970378,0.3923737513941878));
#5082=AXIS2_PLACEMENT_3D('',#152,#5080,#5081);
#5083=PLANE('',#5082);
#5084=FACE_SURFACE('',(#5079),#5083,.T.);
#5085=POLY_LOOP('',(#330,#370,#328));
#5086=FACE_OUTER_BOUND('',#5085,.T.);
#5087=DIRECTION('',(0.0,0.9809224311074103,-0.19439954771122248));
#5088=DIRECTION('',(1.0,0.0,0.0));
#5089=AXIS2_PLACEMENT_3D('',#330,#5087,#5088);
#5090=PLANE('',#5089);
#5091=FACE_SURFACE('',(#5086),#5090,.T.);
#5092=POLY_LOOP('',(#330,#162,#370));
#5093=FACE_OUTER_BOUND('',#5092,.T.);
#5094=DIRECTION('',(0.0,0.7523037682164235,-0.6588163934871157));
#5095=DIRECTION('',(0.9239132382352555,0.2520645023338605,0.2878329634993657));
#5096=AXIS2_PLACEMENT_3D('',#330,#5094,#5095);
#5097=PLANE('',#5096);
#5098=FACE_SURFACE('',(#5093),#5097,.T.);
#5099=POLY_LOOP('',(#158,#147,#367));
#5100=FACE_OUTER_BOUND('',#5099,.T.);
#5101=DIRECTION('',(1.0,0.0,0.0));
#5102=DIRECTION('',(0.0,-0.562628218258382,0.8267100386588991));
#5103=AXIS2_PLACEMENT_3D('',#158,#5101,#5102);
#5104=PLANE('',#5103);
#5105=FACE_SURFACE('',(#5100),#5104,.T.);
#5106=POLY_LOOP('',(#297,#166,#162));
#5107=FACE_OUTER_BOUND('',#5106,.T.);
#5108=DIRECTION('',(0.0,0.322105702436883,-0.9467037110192619));
#5109=DIRECTION('',(0.9239129794523326,0.36221137162797534,0.12323850316720907));
#5110=AXIS2_PLACEMENT_3D('',#297,#5108,#5109);
#5111=PLANE('',#5110);
#5112=FACE_SURFACE('',(#5107),#5111,.T.);
#5113=POLY_LOOP('',(#110,#92,#112));
#5114=FACE_OUTER_BOUND('',#5113,.T.);
#5115=DIRECTION('',(0.0,-0.9963164327967733,0.08575293428864547));
#5116=DIRECTION('',(1.0,0.0,0.0));
#5117=AXIS2_PLACEMENT_3D('',#110,#5115,#5116);
#5118=PLANE('',#5117);
#5119=FACE_SURFACE('',(#5114),#5118,.T.);
#5120=POLY_LOOP('',(#112,#92,#119));
#5121=FACE_OUTER_BOUND('',#5120,.T.);
#5122=DIRECTION('',(0.0,-0.9963164327967733,0.08575293428864547));
#5123=DIRECTION('',(0.5955377398972087,-0.06888767580758308,-0.8003682205584838));
#5124=AXIS2_PLACEMENT_3D('',#112,#5122,#5123);
#5125=PLANE('',#5124);
#5126=FACE_SURFACE('',(#5121),#5125,.T.);
#5127=POLY_LOOP('',(#112,#119,#96));
#5128=FACE_OUTER_BOUND('',#5127,.T.);
#5129=DIRECTION('',(0.0,-0.9991630541678989,-0.04090465970860145));
#5130=DIRECTION('',(1.0,0.0,0.0));
#5131=AXIS2_PLACEMENT_3D('',#112,#5129,#5130);
#5132=PLANE('',#5131);
#5133=FACE_SURFACE('',(#5128),#5132,.T.);
#5134=POLY_LOOP('',(#96,#119,#194));
#5135=FACE_OUTER_BOUND('',#5134,.T.);
#5136=DIRECTION('',(0.0,-0.9991630541678989,-0.04090465970860145));
#5137=DIRECTION('',(0.947040414081698,0.013135075018051301,-0.3208456387427389));
#5138=AXIS2_PLACEMENT_3D('',#96,#5136,#5137);
#5139=PLANE('',#5138);
#5140=FACE_SURFACE('',(#5135),#5139,.T.);
#5141=POLY_LOOP('',(#80,#194,#192));
#5142=FACE_OUTER_BOUND('',#5141,.T.);
#5143=DIRECTION('',(0.0,-0.9898984205614103,-0.14177840798240515));
#5144=DIRECTION('',(0.7031782058609383,0.1008063833822517,-0.7038312893524856));
#5145=AXIS2_PLACEMENT_3D('',#80,#5143,#5144);
#5146=PLANE('',#5145);
#5147=FACE_SURFACE('',(#5142),#5146,.T.);
#5148=POLY_LOOP('',(#80,#192,#67));
#5149=FACE_OUTER_BOUND('',#5148,.T.);
#5150=DIRECTION('',(0.0,-0.9493899593572077,-0.3140998329699007));
#5151=DIRECTION('',(1.0,0.0,0.0));
#5152=AXIS2_PLACEMENT_3D('',#80,#5150,#5151);
#5153=PLANE('',#5152);
#5154=FACE_SURFACE('',(#5149),#5153,.T.);
#5155=POLY_LOOP('',(#67,#192,#191));
#5156=FACE_OUTER_BOUND('',#5155,.T.);
#5157=DIRECTION('',(0.0,-0.9493899593572077,-0.3140998329699007));
#5158=DIRECTION('',(0.5955377178295552,0.25232498555279526,-0.7626709174395905));
#5159=AXIS2_PLACEMENT_3D('',#67,#5157,#5158);
#5160=PLANE('',#5159);
#5161=FACE_SURFACE('',(#5156),#5160,.T.);
#5162=POLY_LOOP('',(#67,#191,#25));
#5163=FACE_OUTER_BOUND('',#5162,.T.);
#5164=DIRECTION('',(0.0,-0.8667281899901047,-0.49878075812572886));
#5165=DIRECTION('',(1.0,0.0,0.0));
#5166=AXIS2_PLACEMENT_3D('',#67,#5164,#5165);
#5167=PLANE('',#5166);
#5168=FACE_SURFACE('',(#5163),#5167,.T.);
#5169=POLY_LOOP('',(#25,#191,#187));
#5170=FACE_OUTER_BOUND('',#5169,.T.);
#5171=DIRECTION('',(0.0,-0.8667281899901047,-0.49878075812572886));
#5172=DIRECTION('',(0.5955376907290852,0.40068423324403585,-0.6962664749581926));
#5173=AXIS2_PLACEMENT_3D('',#25,#5171,#5172);
#5174=PLANE('',#5173);
#5175=FACE_SURFACE('',(#5170),#5174,.T.);
#5176=POLY_LOOP('',(#110,#47,#92));
#5177=FACE_OUTER_BOUND('',#5176,.T.);
#5178=DIRECTION('',(0.0,-0.9586595977582028,0.28455539992430434));
#5179=DIRECTION('',(0.5955376867396693,-0.22859114109037215,-0.7701174935604079));
#5180=AXIS2_PLACEMENT_3D('',#110,#5178,#5179);
#5181=PLANE('',#5180);
#5182=FACE_SURFACE('',(#5177),#5181,.T.);
#5183=POLY_LOOP('',(#25,#187,#62));
#5184=FACE_OUTER_BOUND('',#5183,.T.);
#5185=DIRECTION('',(0.0,-0.7485824987367106,-0.6630416597658872));
#5186=DIRECTION('',(1.0,0.0,0.0));
#5187=AXIS2_PLACEMENT_3D('',#25,#5185,#5186);
#5188=PLANE('',#5187);
#5189=FACE_SURFACE('',(#5184),#5188,.T.);
#5190=POLY_LOOP('',(#62,#186,#64));
#5191=FACE_OUTER_BOUND('',#5190,.T.);
#5192=DIRECTION('',(0.0,-0.599789539588329,-0.800157802061831));
#5193=DIRECTION('',(1.0,0.0,0.0));
#5194=AXIS2_PLACEMENT_3D('',#62,#5192,#5193);
#5195=PLANE('',#5194);
#5196=FACE_SURFACE('',(#5191),#5195,.T.);
#5197=POLY_LOOP('',(#64,#186,#51));
#5198=FACE_OUTER_BOUND('',#5197,.T.);
#5199=DIRECTION('',(0.0,-0.599789539588329,-0.800157802061831));
#5200=DIRECTION('',(0.5955377350117198,0.6427886342211778,-0.48182733203211237));
#5201=AXIS2_PLACEMENT_3D('',#64,#5199,#5200);
#5202=PLANE('',#5201);
#5203=FACE_SURFACE('',(#5198),#5202,.T.);
#5204=POLY_LOOP('',(#64,#51,#335));
#5205=FACE_OUTER_BOUND('',#5204,.T.);
#5206=DIRECTION('',(0.0,-0.42644136517225706,-0.904515208313283));
#5207=DIRECTION('',(1.0,0.0,0.0));
#5208=AXIS2_PLACEMENT_3D('',#64,#5206,#5207);
#5209=PLANE('',#5208);
#5210=FACE_SURFACE('',(#5205),#5209,.T.);
#5211=POLY_LOOP('',(#335,#51,#54));
#5212=FACE_OUTER_BOUND('',#5211,.T.);
#5213=DIRECTION('',(0.0,-0.42644136517225706,-0.904515208313283));
#5214=DIRECTION('',(0.595537633480228,0.7266218592911037,-0.3425720372550993));
#5215=AXIS2_PLACEMENT_3D('',#335,#5213,#5214);
#5216=PLANE('',#5215);
#5217=FACE_SURFACE('',(#5212),#5216,.T.);
#5218=POLY_LOOP('',(#335,#54,#336));
#5219=FACE_OUTER_BOUND('',#5218,.T.);
#5220=DIRECTION('',(0.0,-0.23563414154696413,-0.9718418345273192));
#5221=DIRECTION('',(1.0,0.0,0.0));
#5222=AXIS2_PLACEMENT_3D('',#335,#5220,#5221);
#5223=PLANE('',#5222);
#5224=FACE_SURFACE('',(#5219),#5223,.T.);
#5225=POLY_LOOP('',(#336,#54,#56));
#5226=FACE_OUTER_BOUND('',#5225,.T.);
#5227=DIRECTION('',(0.0,-0.23563414154696413,-0.9718418345273192));
#5228=DIRECTION('',(0.5955377129505117,0.7807071262732017,-0.18929135067380343));
#5229=AXIS2_PLACEMENT_3D('',#336,#5227,#5228);
#5230=PLANE('',#5229);
#5231=FACE_SURFACE('',(#5226),#5230,.T.);
#5232=POLY_LOOP('',(#336,#56,#344));
#5233=FACE_OUTER_BOUND('',#5232,.T.);
#5234=DIRECTION('',(0.0,-0.03518058090437038,-0.9993809717656382));
#5235=DIRECTION('',(1.0,0.0,0.0));
#5236=AXIS2_PLACEMENT_3D('',#336,#5234,#5235);
#5237=PLANE('',#5236);
#5238=FACE_SURFACE('',(#5233),#5237,.T.);
#5239=POLY_LOOP('',(#344,#56,#202));
#5240=FACE_OUTER_BOUND('',#5239,.T.);
#5241=DIRECTION('',(0.0,-0.03518058090437038,-0.9993809717656382));
#5242=DIRECTION('',(0.5955377255071522,0.8028300591296788,-0.028261522528063045));
#5243=AXIS2_PLACEMENT_3D('',#344,#5241,#5242);
#5244=PLANE('',#5243);
#5245=FACE_SURFACE('',(#5240),#5244,.T.);
#5246=POLY_LOOP('',(#69,#48,#99));
#5247=FACE_OUTER_BOUND('',#5246,.T.);
#5248=DIRECTION('',(0.0,0.3221069111314456,-0.9467032997731438));
#5249=DIRECTION('',(1.0,0.0,0.0));
#5250=AXIS2_PLACEMENT_3D('',#69,#5248,#5249);
#5251=PLANE('',#5250);
#5252=FACE_SURFACE('',(#5247),#5251,.T.);
#5253=POLY_LOOP('',(#62,#187,#186));
#5254=FACE_OUTER_BOUND('',#5253,.T.);
#5255=DIRECTION('',(0.0,-0.7485824987367106,-0.6630416597658872));
#5256=DIRECTION('',(0.595537755269337,0.5326394791714261,-0.6013567720386552));
#5257=AXIS2_PLACEMENT_3D('',#62,#5255,#5256);
#5258=PLANE('',#5257);
#5259=FACE_SURFACE('',(#5254),#5258,.T.);
#5260=POLY_LOOP('',(#99,#48,#380));
#5261=FACE_OUTER_BOUND('',#5260,.T.);
#5262=DIRECTION('',(0.0,0.3221069111314456,-0.9467032997731438));
#5263=DIRECTION('',(0.9452959745375916,0.3088277929306282,0.10507575760670045));
#5264=AXIS2_PLACEMENT_3D('',#99,#5262,#5263);
#5265=PLANE('',#5264);
#5266=FACE_SURFACE('',(#5261),#5265,.T.);
#5267=POLY_LOOP('',(#70,#47,#110));
#5268=FACE_OUTER_BOUND('',#5267,.T.);
#5269=DIRECTION('',(0.0,-0.9586595977582028,0.28455539992430434));
#5270=DIRECTION('',(1.0,0.0,0.0));
#5271=AXIS2_PLACEMENT_3D('',#70,#5269,#5270);
#5272=PLANE('',#5271);
#5273=FACE_SURFACE('',(#5268),#5272,.T.);
#5274=POLY_LOOP('',(#98,#379,#70));
#5275=FACE_OUTER_BOUND('',#5274,.T.);
#5276=DIRECTION('',(0.0,-0.8817555830758861,0.47170657374527236));
#5277=DIRECTION('',(1.0,0.0,0.0));
#5278=AXIS2_PLACEMENT_3D('',#98,#5276,#5277);
#5279=PLANE('',#5278);
#5280=FACE_SURFACE('',(#5275),#5279,.T.);
#5281=POLY_LOOP('',(#297,#162,#330));
#5282=FACE_OUTER_BOUND('',#5281,.T.);
#5283=DIRECTION('',(0.0,0.7523037682164235,-0.6588163934871157));
#5284=DIRECTION('',(1.0,0.0,0.0));
#5285=AXIS2_PLACEMENT_3D('',#297,#5283,#5284);
#5286=PLANE('',#5285);
#5287=FACE_SURFACE('',(#5282),#5286,.T.);
#5288=POLY_LOOP('',(#90,#167,#169));
#5289=FACE_OUTER_BOUND('',#5288,.T.);
#5290=DIRECTION('',(0.0,0.6776629447817767,0.7353726492532142));
#5291=DIRECTION('',(0.5955377010178469,-0.5907449686395332,0.5443851841237549));
#5292=AXIS2_PLACEMENT_3D('',#90,#5290,#5291);
#5293=PLANE('',#5292);
#5294=FACE_SURFACE('',(#5289),#5293,.T.);
#5295=POLY_LOOP('',(#90,#169,#88));
#5296=FACE_OUTER_BOUND('',#5295,.T.);
#5297=DIRECTION('',(-0.0,0.5157613058875777,0.8567323242116761));
#5298=DIRECTION('',(1.0,0.0,0.0));
#5299=AXIS2_PLACEMENT_3D('',#90,#5297,#5298);
#5300=PLANE('',#5299);
#5301=FACE_SURFACE('',(#5296),#5300,.T.);
#5302=POLY_LOOP('',(#88,#169,#145));
#5303=FACE_OUTER_BOUND('',#5302,.T.);
#5304=DIRECTION('',(0.0,0.5157613058875777,0.8567323242116761));
#5305=DIRECTION('',(0.5955376347429586,-0.688236557977747,0.41432519337798634));
#5306=AXIS2_PLACEMENT_3D('',#88,#5304,#5305);
#5307=PLANE('',#5306);
#5308=FACE_SURFACE('',(#5303),#5307,.T.);
#5309=POLY_LOOP('',(#88,#145,#322));
#5310=FACE_OUTER_BOUND('',#5309,.T.);
#5311=DIRECTION('',(-0.0,0.33274474874369053,0.9430169310163514));
#5312=DIRECTION('',(1.0,0.0,0.0));
#5313=AXIS2_PLACEMENT_3D('',#88,#5311,#5312);
#5314=PLANE('',#5313);
#5315=FACE_SURFACE('',(#5310),#5314,.T.);
#5316=POLY_LOOP('',(#322,#145,#155));
#5317=FACE_OUTER_BOUND('',#5316,.T.);
#5318=DIRECTION('',(0.0,0.33274474874369053,0.9430169310163514));
#5319=DIRECTION('',(0.5955377451670166,-0.7575512703778803,0.26730294953525136));
#5320=AXIS2_PLACEMENT_3D('',#322,#5318,#5319);
#5321=PLANE('',#5320);
#5322=FACE_SURFACE('',(#5317),#5321,.T.);
#5323=POLY_LOOP('',(#322,#155,#212));
#5324=FACE_OUTER_BOUND('',#5323,.T.);
#5325=DIRECTION('',(-0.0,0.1361061208692983,0.9906942635656633));
#5326=DIRECTION('',(1.0,0.0,0.0));
#5327=AXIS2_PLACEMENT_3D('',#322,#5325,#5326);
#5328=PLANE('',#5327);
#5329=FACE_SURFACE('',(#5324),#5328,.T.);
#5330=POLY_LOOP('',(#212,#155,#148));
#5331=FACE_OUTER_BOUND('',#5330,.T.);
#5332=DIRECTION('',(0.0,0.1361061208692983,0.9906942635656633));
#5333=DIRECTION('',(0.5955377489638125,-0.7958517716980552,0.10933776586423247));
#5334=AXIS2_PLACEMENT_3D('',#212,#5332,#5333);
#5335=PLANE('',#5334);
#5336=FACE_SURFACE('',(#5331),#5335,.T.);
#5337=POLY_LOOP('',(#212,#148,#101));
#5338=FACE_OUTER_BOUND('',#5337,.T.);
#5339=DIRECTION('',(0.0,-0.015482162426614399,0.9998801441405846));
#5340=DIRECTION('',(1.0,0.0,0.0));
#5341=AXIS2_PLACEMENT_3D('',#212,#5339,#5340);
#5342=PLANE('',#5341);
#5343=FACE_SURFACE('',(#5338),#5342,.T.);
#5344=POLY_LOOP('',(#70,#379,#47));
#5345=FACE_OUTER_BOUND('',#5344,.T.);
#5346=DIRECTION('',(0.0,-0.8817555830758861,0.47170657374527236));
#5347=DIRECTION('',(0.595537674891701,-0.37893480552435843,-0.7083384014345145));
#5348=AXIS2_PLACEMENT_3D('',#70,#5346,#5347);
#5349=PLANE('',#5348);
#5350=FACE_SURFACE('',(#5345),#5349,.T.);
#5351=POLY_LOOP('',(#101,#148,#150));
#5352=FACE_OUTER_BOUND('',#5351,.T.);
#5353=DIRECTION('',(0.0,-0.015482162426614399,0.9998801441405846));
#5354=DIRECTION('',(0.8287247984216259,-0.559589252599187,-0.008664690214820633));
#5355=AXIS2_PLACEMENT_3D('',#101,#5353,#5354);
#5356=PLANE('',#5355);
#5357=FACE_SURFACE('',(#5352),#5356,.T.);
#5358=POLY_LOOP('',(#102,#150,#153));
#5359=FACE_OUTER_BOUND('',#5358,.T.);
#5360=DIRECTION('',(0.0,-0.11655917423358715,0.9931837488108554));
#5361=DIRECTION('',(0.8287248058095741,-0.5558415616947873,-0.06523307848464441));
#5362=AXIS2_PLACEMENT_3D('',#102,#5360,#5361);
#5363=PLANE('',#5362);
#5364=FACE_SURFACE('',(#5359),#5363,.T.);
#5365=POLY_LOOP('',(#102,#153,#103));
#5366=FACE_OUTER_BOUND('',#5365,.T.);
#5367=DIRECTION('',(0.0,-0.26561078500522584,0.9640803446232621));
#5368=DIRECTION('',(1.0,0.0,0.0));
#5369=AXIS2_PLACEMENT_3D('',#102,#5367,#5368);
#5370=PLANE('',#5369);
#5371=FACE_SURFACE('',(#5366),#5370,.T.);
#5372=POLY_LOOP('',(#103,#153,#154));
#5373=FACE_OUTER_BOUND('',#5372,.T.);
#5374=DIRECTION('',(0.0,-0.26561078500522584,0.9640803446232621));
#5375=DIRECTION('',(0.5955377473002665,-0.7744720846006287,-0.2133724014836047));
#5376=AXIS2_PLACEMENT_3D('',#103,#5374,#5375);
#5377=PLANE('',#5376);
#5378=FACE_SURFACE('',(#5373),#5377,.T.);
#5379=POLY_LOOP('',(#103,#154,#73));
#5380=FACE_OUTER_BOUND('',#5379,.T.);
#5381=DIRECTION('',(0.0,-0.4542414602597949,0.8908786088918339));
#5382=DIRECTION('',(1.0,0.0,0.0));
#5383=AXIS2_PLACEMENT_3D('',#103,#5381,#5382);
#5384=PLANE('',#5383);
#5385=FACE_SURFACE('',(#5380),#5384,.T.);
#5386=POLY_LOOP('',(#73,#154,#381));
#5387=FACE_OUTER_BOUND('',#5386,.T.);
#5388=DIRECTION('',(0.0,-0.4542414602597949,0.8908786088918339));
#5389=DIRECTION('',(0.595537705701462,-0.7156671575033265,-0.3649045913097662));
#5390=AXIS2_PLACEMENT_3D('',#73,#5388,#5389);
#5391=PLANE('',#5390);
#5392=FACE_SURFACE('',(#5387),#5391,.T.);
#5393=POLY_LOOP('',(#73,#381,#100));
#5394=FACE_OUTER_BOUND('',#5393,.T.);
#5395=DIRECTION('',(0.0,-0.6242757608391255,0.7812040542833422));
#5396=DIRECTION('',(1.0,0.0,0.0));
#5397=AXIS2_PLACEMENT_3D('',#73,#5395,#5396);
#5398=PLANE('',#5397);
#5399=FACE_SURFACE('',(#5394),#5398,.T.);
#5400=POLY_LOOP('',(#100,#381,#376));
#5401=FACE_OUTER_BOUND('',#5400,.T.);
#5402=DIRECTION('',(0.0,-0.6242757608391255,0.7812040542833422));
#5403=DIRECTION('',(0.5955376694110706,-0.6275626085333488,-0.501497813238751));
#5404=AXIS2_PLACEMENT_3D('',#100,#5402,#5403);
#5405=PLANE('',#5404);
#5406=FACE_SURFACE('',(#5401),#5405,.T.);
#5407=POLY_LOOP('',(#100,#376,#98));
#5408=FACE_OUTER_BOUND('',#5407,.T.);
#5409=DIRECTION('',(0.0,-0.7687518418341083,0.639547187998404));
#5410=DIRECTION('',(1.0,0.0,0.0));
#5411=AXIS2_PLACEMENT_3D('',#100,#5409,#5410);
#5412=PLANE('',#5411);
#5413=FACE_SURFACE('',(#5408),#5412,.T.);
#5414=POLY_LOOP('',(#98,#376,#379));
#5415=FACE_OUTER_BOUND('',#5414,.T.);
#5416=DIRECTION('',(0.0,-0.7687518418341083,0.639547187998404));
#5417=DIRECTION('',(0.5955377205292898,-0.5137657446173935,-0.6175593761611207));
#5418=AXIS2_PLACEMENT_3D('',#98,#5416,#5417);
#5419=PLANE('',#5418);
#5420=FACE_SURFACE('',(#5415),#5419,.T.);
#5421=POLY_LOOP('',(#101,#150,#102));
#5422=FACE_OUTER_BOUND('',#5421,.T.);
#5423=DIRECTION('',(0.0,-0.11655917423358715,0.9931837488108554));
#5424=DIRECTION('',(1.0,0.0,0.0));
#5425=AXIS2_PLACEMENT_3D('',#101,#5423,#5424);
#5426=PLANE('',#5425);
#5427=FACE_SURFACE('',(#5422),#5426,.T.);
#5428=POLY_LOOP('',(#99,#380,#71));
#5429=FACE_OUTER_BOUND('',#5428,.T.);
#5430=DIRECTION('',(0.0,0.7523030072767859,-0.6588172624046096));
#5431=DIRECTION('',(1.0,0.0,0.0));
#5432=AXIS2_PLACEMENT_3D('',#99,#5430,#5431);
#5433=PLANE('',#5432);
#5434=FACE_SURFACE('',(#5429),#5433,.T.);
#5435=POLY_LOOP('',(#96,#194,#80));
#5436=FACE_OUTER_BOUND('',#5435,.T.);
#5437=DIRECTION('',(0.0,-0.9898984205614103,-0.14177840798240515));
#5438=DIRECTION('',(1.0,0.0,0.0));
#5439=AXIS2_PLACEMENT_3D('',#96,#5437,#5438);
#5440=PLANE('',#5439);
#5441=FACE_SURFACE('',(#5436),#5440,.T.);
#5442=POLY_LOOP('',(#71,#378,#72));
#5443=FACE_OUTER_BOUND('',#5442,.T.);
#5444=DIRECTION('',(0.0,0.9809226305086599,-0.19439854154795258));
#5445=DIRECTION('',(1.0,0.0,0.0));
#5446=AXIS2_PLACEMENT_3D('',#71,#5444,#5445);
#5447=PLANE('',#5446);
#5448=FACE_SURFACE('',(#5443),#5447,.T.);
#5449=POLY_LOOP('',(#352,#143,#350));
#5450=FACE_OUTER_BOUND('',#5449,.T.);
#5451=DIRECTION('',(0.0,0.9809223140002483,-0.19440013862237432));
#5452=DIRECTION('',(1.0,0.0,0.0));
#5453=AXIS2_PLACEMENT_3D('',#352,#5451,#5452);
#5454=PLANE('',#5453);
#5455=FACE_SURFACE('',(#5450),#5454,.T.);
#5456=POLY_LOOP('',(#350,#143,#172));
#5457=FACE_OUTER_BOUND('',#5456,.T.);
#5458=DIRECTION('',(0.0,0.9809223140002483,-0.19440013862237432));
#5459=DIRECTION('',(0.945295971264284,0.06341603279106996,0.31999052094797426));
#5460=AXIS2_PLACEMENT_3D('',#350,#5458,#5459);
#5461=PLANE('',#5460);
#5462=FACE_SURFACE('',(#5457),#5461,.T.);
#5463=POLY_LOOP('',(#350,#172,#348));
#5464=FACE_OUTER_BOUND('',#5463,.T.);
#5465=DIRECTION('',(-0.0,0.9467037660060624,0.3221055408246473));
#5466=DIRECTION('',(1.0,0.0,0.0));
#5467=AXIS2_PLACEMENT_3D('',#350,#5465,#5466);
#5468=PLANE('',#5467);
#5469=FACE_SURFACE('',(#5464),#5468,.T.);
#5470=POLY_LOOP('',(#348,#172,#198));
#5471=FACE_OUTER_BOUND('',#5470,.T.);
#5472=DIRECTION('',(0.0,0.9467037660060624,0.3221055408246473));
#5473=DIRECTION('',(0.945296121960157,-0.10507517299058286,0.3088275405919733));
#5474=AXIS2_PLACEMENT_3D('',#348,#5472,#5473);
#5475=PLANE('',#5474);
#5476=FACE_SURFACE('',(#5471),#5475,.T.);
#5477=POLY_LOOP('',(#348,#198,#341));
#5478=FACE_OUTER_BOUND('',#5477,.T.);
#5479=DIRECTION('',(-0.0,0.658816805841183,0.7523034071046211));
#5480=DIRECTION('',(1.0,0.0,0.0));
#5481=AXIS2_PLACEMENT_3D('',#348,#5479,#5480);
#5482=PLANE('',#5481);
#5483=FACE_SURFACE('',(#5478),#5482,.T.);
#5484=POLY_LOOP('',(#341,#198,#128));
#5485=FACE_OUTER_BOUND('',#5484,.T.);
#5486=DIRECTION('',(0.0,0.658816805841183,0.7523034071046211));
#5487=DIRECTION('',(0.9452957619202157,-0.24541230572444728,0.2149156176146568));
#5488=AXIS2_PLACEMENT_3D('',#341,#5486,#5487);
#5489=PLANE('',#5488);
#5490=FACE_SURFACE('',(#5485),#5489,.T.);
#5491=POLY_LOOP('',(#341,#128,#304));
#5492=FACE_OUTER_BOUND('',#5491,.T.);
#5493=DIRECTION('',(-0.0,0.19439961164080757,0.9809224184378208));
#5494=DIRECTION('',(1.0,0.0,0.0));
#5495=AXIS2_PLACEMENT_3D('',#341,#5493,#5494);
#5496=PLANE('',#5495);
#5497=FACE_SURFACE('',(#5492),#5496,.T.);
#5498=POLY_LOOP('',(#304,#128,#129));
#5499=FACE_OUTER_BOUND('',#5498,.T.);
#5500=DIRECTION('',(0.0,0.19439961164080757,0.9809224184378208));
#5501=DIRECTION('',(0.9452956985717561,-0.3199913301435226,0.06341601449724578));
#5502=AXIS2_PLACEMENT_3D('',#304,#5500,#5501);
#5503=PLANE('',#5502);
#5504=FACE_SURFACE('',(#5499),#5503,.T.);
#5505=POLY_LOOP('',(#304,#129,#307));
#5506=FACE_OUTER_BOUND('',#5505,.T.);
#5507=DIRECTION('',(0.0,-0.3221074729405811,0.9467031086226732));
#5508=DIRECTION('',(1.0,0.0,0.0));
#5509=AXIS2_PLACEMENT_3D('',#304,#5507,#5508);
#5510=PLANE('',#5509);
#5511=FACE_SURFACE('',(#5506),#5510,.T.);
#5512=POLY_LOOP('',(#307,#129,#131));
#5513=FACE_OUTER_BOUND('',#5512,.T.);
#5514=DIRECTION('',(0.0,-0.3221074729405811,0.9467031086226732));
#5515=DIRECTION('',(0.9452961499904794,-0.3088272492479056,-0.10507577710942298));
#5516=AXIS2_PLACEMENT_3D('',#307,#5514,#5515);
#5517=PLANE('',#5516);
#5518=FACE_SURFACE('',(#5513),#5517,.T.);
#5519=POLY_LOOP('',(#307,#131,#309));
#5520=FACE_OUTER_BOUND('',#5519,.T.);
#5521=DIRECTION('',(0.0,-0.75230432023147,0.6588157631394881));
#5522=DIRECTION('',(1.0,0.0,0.0));
#5523=AXIS2_PLACEMENT_3D('',#307,#5521,#5522);
#5524=PLANE('',#5523);
#5525=FACE_SURFACE('',(#5520),#5524,.T.);
#5526=POLY_LOOP('',(#309,#131,#133));
#5527=FACE_OUTER_BOUND('',#5526,.T.);
#5528=DIRECTION('',(0.0,-0.75230432023147,0.6588157631394881));
#5529=DIRECTION('',(0.9452958840191019,-0.21491504437124045,-0.24541233742306523));
#5530=AXIS2_PLACEMENT_3D('',#309,#5528,#5529);
#5531=PLANE('',#5530);
#5532=FACE_SURFACE('',(#5527),#5531,.T.);
#5533=POLY_LOOP('',(#309,#133,#310));
#5534=FACE_OUTER_BOUND('',#5533,.T.);
#5535=DIRECTION('',(0.0,-0.9809222791875353,0.19440031428351898));
#5536=DIRECTION('',(1.0,0.0,0.0));
#5537=AXIS2_PLACEMENT_3D('',#309,#5535,#5536);
#5538=PLANE('',#5537);
#5539=FACE_SURFACE('',(#5534),#5538,.T.);
#5540=POLY_LOOP('',(#71,#380,#378));
#5541=FACE_OUTER_BOUND('',#5540,.T.);
#5542=DIRECTION('',(0.0,0.7523030072767859,-0.6588172624046096));
#5543=DIRECTION('',(0.9452958316326697,0.21491563346397688,0.24541202332134585));
#5544=AXIS2_PLACEMENT_3D('',#71,#5542,#5543);
#5545=PLANE('',#5544);
#5546=FACE_SURFACE('',(#5541),#5545,.T.);
#5547=POLY_LOOP('',(#310,#136,#302));
#5548=FACE_OUTER_BOUND('',#5547,.T.);
#5549=DIRECTION('',(0.0,-0.9467034909226144,-0.3221063493241563));
#5550=DIRECTION('',(1.0,0.0,0.0));
#5551=AXIS2_PLACEMENT_3D('',#310,#5549,#5550);
#5552=PLANE('',#5551);
#5553=FACE_SURFACE('',(#5548),#5552,.T.);
#5554=POLY_LOOP('',(#302,#136,#135));
#5555=FACE_OUTER_BOUND('',#5554,.T.);
#5556=DIRECTION('',(0.0,-0.9467034909226144,-0.3221063493241563));
#5557=DIRECTION('',(0.94529579908446,0.10507573810395081,-0.3088283366130481));
#5558=AXIS2_PLACEMENT_3D('',#302,#5556,#5557);
#5559=PLANE('',#5558);
#5560=FACE_SURFACE('',(#5555),#5559,.T.);
#5561=POLY_LOOP('',(#302,#135,#315));
#5562=FACE_OUTER_BOUND('',#5561,.T.);
#5563=DIRECTION('',(0.0,-0.6588156335627827,-0.7523044337057101));
#5564=DIRECTION('',(1.0,0.0,0.0));
#5565=AXIS2_PLACEMENT_3D('',#302,#5563,#5564);
#5566=PLANE('',#5565);
#5567=FACE_SURFACE('',(#5562),#5566,.T.);
#5568=POLY_LOOP('',(#315,#135,#120));
#5569=FACE_OUTER_BOUND('',#5568,.T.);
#5570=DIRECTION('',(0.0,-0.6588156335627827,-0.7523044337057101));
#5571=DIRECTION('',(0.9452961455426403,0.24541180431521423,-0.21491450282607358));
#5572=AXIS2_PLACEMENT_3D('',#315,#5570,#5571);
#5573=PLANE('',#5572);
#5574=FACE_SURFACE('',(#5569),#5573,.T.);
#5575=POLY_LOOP('',(#315,#120,#313));
#5576=FACE_OUTER_BOUND('',#5575,.T.);
#5577=DIRECTION('',(0.0,-0.19440208701718065,-0.9809219278634587));
#5578=DIRECTION('',(1.0,0.0,0.0));
#5579=AXIS2_PLACEMENT_3D('',#315,#5577,#5578);
#5580=PLANE('',#5579);
#5581=FACE_SURFACE('',(#5576),#5580,.T.);
#5582=POLY_LOOP('',(#313,#120,#123));
#5583=FACE_OUTER_BOUND('',#5582,.T.);
#5584=DIRECTION('',(0.0,-0.19440208701718065,-0.9809219278634587));
#5585=DIRECTION('',(0.9452960261332174,0.31999023902004914,-0.06341663747502953));
#5586=AXIS2_PLACEMENT_3D('',#313,#5584,#5585);
#5587=PLANE('',#5586);
#5588=FACE_SURFACE('',(#5583),#5587,.T.);
#5589=POLY_LOOP('',(#208,#166,#297));
#5590=FACE_OUTER_BOUND('',#5589,.T.);
#5591=DIRECTION('',(0.0,0.322105702436883,-0.9467037110192619));
#5592=DIRECTION('',(1.0,0.0,0.0));
#5593=AXIS2_PLACEMENT_3D('',#208,#5591,#5592);
#5594=PLANE('',#5593);
#5595=FACE_SURFACE('',(#5590),#5594,.T.);
#5596=POLY_LOOP('',(#352,#125,#143));
#5597=FACE_OUTER_BOUND('',#5596,.T.);
#5598=DIRECTION('',(0.0,0.75230432023147,-0.6588157631394881));
#5599=DIRECTION('',(0.9452958840191019,0.21491504437124045,0.24541233742306523));
#5600=AXIS2_PLACEMENT_3D('',#352,#5598,#5599);
#5601=PLANE('',#5600);
#5602=FACE_SURFACE('',(#5597),#5601,.T.);
#5603=POLY_LOOP('',(#311,#125,#352));
#5604=FACE_OUTER_BOUND('',#5603,.T.);
#5605=DIRECTION('',(0.0,0.75230432023147,-0.6588157631394881));
#5606=DIRECTION('',(1.0,0.0,0.0));
#5607=AXIS2_PLACEMENT_3D('',#311,#5605,#5606);
#5608=PLANE('',#5607);
#5609=FACE_SURFACE('',(#5604),#5608,.T.);
#5610=POLY_LOOP('',(#310,#133,#136));
#5611=FACE_OUTER_BOUND('',#5610,.T.);
#5612=DIRECTION('',(0.0,-0.9809222791875353,0.19440031428351898));
#5613=DIRECTION('',(0.945296062161675,-0.06341603888900342,-0.3199902512159692));
#5614=AXIS2_PLACEMENT_3D('',#310,#5612,#5613);
#5615=PLANE('',#5614);
#5616=FACE_SURFACE('',(#5611),#5615,.T.);
#5617=POLY_LOOP('',(#313,#123,#311));
#5618=FACE_OUTER_BOUND('',#5617,.T.);
#5619=DIRECTION('',(0.0,0.3221063493241563,-0.9467034909226144));
#5620=DIRECTION('',(1.0,0.0,0.0));
#5621=AXIS2_PLACEMENT_3D('',#313,#5619,#5620);
#5622=PLANE('',#5621);
#5623=FACE_SURFACE('',(#5618),#5622,.T.);
#5624=POLY_LOOP('',(#311,#123,#125));
#5625=FACE_OUTER_BOUND('',#5624,.T.);
#5626=DIRECTION('',(0.0,0.3221063493241563,-0.9467034909226144));
#5627=DIRECTION('',(0.94529579908446,0.3088283366130481,0.10507573810395081));
#5628=AXIS2_PLACEMENT_3D('',#311,#5626,#5627);
#5629=PLANE('',#5628);
#5630=FACE_SURFACE('',(#5625),#5629,.T.);
#5631=POLY_LOOP('',(#74,#377,#382));
#5632=FACE_OUTER_BOUND('',#5631,.T.);
#5633=DIRECTION('',(0.0,0.9467034909226144,0.3221063493241563));
#5634=DIRECTION('',(0.94529579908446,-0.10507573810395081,0.3088283366130481));
#5635=AXIS2_PLACEMENT_3D('',#74,#5633,#5634);
#5636=PLANE('',#5635);
#5637=FACE_SURFACE('',(#5632),#5636,.T.);
#5638=POLY_LOOP('',(#74,#382,#75));
#5639=FACE_OUTER_BOUND('',#5638,.T.);
#5640=DIRECTION('',(-0.0,0.6588157631394881,0.75230432023147));
#5641=DIRECTION('',(1.0,0.0,0.0));
#5642=AXIS2_PLACEMENT_3D('',#74,#5640,#5641);
#5643=PLANE('',#5642);
#5644=FACE_SURFACE('',(#5639),#5643,.T.);
#5645=POLY_LOOP('',(#75,#382,#387));
#5646=FACE_OUTER_BOUND('',#5645,.T.);
#5647=DIRECTION('',(0.0,0.6588157631394881,0.75230432023147));
#5648=DIRECTION('',(0.9452958840191019,-0.24541233742306523,0.21491504437124045));
#5649=AXIS2_PLACEMENT_3D('',#75,#5647,#5648);
#5650=PLANE('',#5649);
#5651=FACE_SURFACE('',(#5646),#5650,.T.);
#5652=POLY_LOOP('',(#72,#377,#74));
#5653=FACE_OUTER_BOUND('',#5652,.T.);
#5654=DIRECTION('',(-0.0,0.9467034909226144,0.3221063493241563));
#5655=DIRECTION('',(1.0,0.0,0.0));
#5656=AXIS2_PLACEMENT_3D('',#72,#5654,#5655);
#5657=PLANE('',#5656);
#5658=FACE_SURFACE('',(#5653),#5657,.T.);
#5659=POLY_LOOP('',(#27,#387,#369));
#5660=FACE_OUTER_BOUND('',#5659,.T.);
#5661=DIRECTION('',(0.0,0.19440066560674202,0.9809222095618264));
#5662=DIRECTION('',(0.9452962439562796,-0.31998971175172564,0.06341605108485843));
#5663=AXIS2_PLACEMENT_3D('',#27,#5661,#5662);
#5664=PLANE('',#5663);
#5665=FACE_SURFACE('',(#5660),#5664,.T.);
#5666=POLY_LOOP('',(#27,#369,#81));
#5667=FACE_OUTER_BOUND('',#5666,.T.);
#5668=DIRECTION('',(0.0,-0.3221046981163409,0.9467040527278737));
#5669=DIRECTION('',(1.0,0.0,0.0));
#5670=AXIS2_PLACEMENT_3D('',#27,#5668,#5669);
#5671=PLANE('',#5670);
#5672=FACE_SURFACE('',(#5667),#5671,.T.);
#5673=POLY_LOOP('',(#81,#369,#385));
#5674=FACE_OUTER_BOUND('',#5673,.T.);
#5675=DIRECTION('',(0.0,-0.3221046981163409,0.9467040527278737));
#5676=DIRECTION('',(0.9452958587805013,-0.3088283561157573,-0.10507514373663036));
#5677=AXIS2_PLACEMENT_3D('',#81,#5675,#5676);
#5678=PLANE('',#5677);
#5679=FACE_SURFACE('',(#5674),#5678,.T.);
#5680=POLY_LOOP('',(#81,#385,#83));
#5681=FACE_OUTER_BOUND('',#5680,.T.);
#5682=DIRECTION('',(0.0,-0.7523034071046211,0.658816805841183));
#5683=DIRECTION('',(1.0,0.0,0.0));
#5684=AXIS2_PLACEMENT_3D('',#81,#5682,#5683);
#5685=PLANE('',#5684);
#5686=FACE_SURFACE('',(#5681),#5685,.T.);
#5687=POLY_LOOP('',(#83,#385,#384));
#5688=FACE_OUTER_BOUND('',#5687,.T.);
#5689=DIRECTION('',(0.0,-0.7523034071046211,0.658816805841183));
#5690=DIRECTION('',(0.9452957619202157,-0.2149156176146568,-0.24541230572444728));
#5691=AXIS2_PLACEMENT_3D('',#83,#5689,#5690);
#5692=PLANE('',#5691);
#5693=FACE_SURFACE('',(#5688),#5692,.T.);
#5694=POLY_LOOP('',(#75,#387,#27));
#5695=FACE_OUTER_BOUND('',#5694,.T.);
#5696=DIRECTION('',(-0.0,0.19440066560674202,0.9809222095618264));
#5697=DIRECTION('',(1.0,0.0,0.0));
#5698=AXIS2_PLACEMENT_3D('',#75,#5696,#5697);
#5699=PLANE('',#5698);
#5700=FACE_SURFACE('',(#5695),#5699,.T.);
#5701=POLY_LOOP('',(#84,#384,#383));
#5702=FACE_OUTER_BOUND('',#5701,.T.);
#5703=DIRECTION('',(0.0,-0.9809227001327465,0.19439819022892652));
#5704=DIRECTION('',(0.9452959163949333,-0.06341542810715216,-0.31999080287572323));
#5705=AXIS2_PLACEMENT_3D('',#84,#5703,#5704);
#5706=PLANE('',#5705);
#5707=FACE_SURFACE('',(#5702),#5706,.T.);
#5708=POLY_LOOP('',(#84,#383,#107));
#5709=FACE_OUTER_BOUND('',#5708,.T.);
#5710=DIRECTION('',(0.0,-0.9467032997731438,-0.3221069111314456));
#5711=DIRECTION('',(1.0,0.0,0.0));
#5712=AXIS2_PLACEMENT_3D('',#84,#5710,#5711);
#5713=PLANE('',#5712);
#5714=FACE_SURFACE('',(#5709),#5713,.T.);
#5715=POLY_LOOP('',(#107,#383,#386));
#5716=FACE_OUTER_BOUND('',#5715,.T.);
#5717=DIRECTION('',(0.0,-0.9467032997731438,-0.3221069111314456));
#5718=DIRECTION('',(0.9452959745375916,0.10507575760670045,-0.3088277929306282));
#5719=AXIS2_PLACEMENT_3D('',#107,#5717,#5718);
#5720=PLANE('',#5719);
#5721=FACE_SURFACE('',(#5716),#5720,.T.);
#5722=POLY_LOOP('',(#107,#386,#68));
#5723=FACE_OUTER_BOUND('',#5722,.T.);
#5724=DIRECTION('',(0.0,-0.658816676267503,-0.7523035205765292));
#5725=DIRECTION('',(1.0,0.0,0.0));
#5726=AXIS2_PLACEMENT_3D('',#107,#5724,#5725);
#5727=PLANE('',#5726);
#5728=FACE_SURFACE('',(#5723),#5727,.T.);
#5729=POLY_LOOP('',(#72,#378,#377));
#5730=FACE_OUTER_BOUND('',#5729,.T.);
#5731=DIRECTION('',(0.0,0.9809226305086599,-0.19439854154795258));
#5732=DIRECTION('',(0.9452960981897952,0.06341544030290885,0.319990263411775));
#5733=AXIS2_PLACEMENT_3D('',#72,#5731,#5732);
#5734=PLANE('',#5733);
#5735=FACE_SURFACE('',(#5730),#5734,.T.);
#5736=POLY_LOOP('',(#68,#386,#46));
#5737=FACE_OUTER_BOUND('',#5736,.T.);
#5738=DIRECTION('',(0.0,-0.658816676267503,-0.7523035205765292));
#5739=DIRECTION('',(0.9452960234439942,0.24541177261673625,-0.2149150760697884));
#5740=AXIS2_PLACEMENT_3D('',#68,#5738,#5739);
#5741=PLANE('',#5740);
#5742=FACE_SURFACE('',(#5737),#5741,.T.);
#5743=POLY_LOOP('',(#83,#384,#84));
#5744=FACE_OUTER_BOUND('',#5743,.T.);
#5745=DIRECTION('',(0.0,-0.9809227001327465,0.19439819022892652));
#5746=DIRECTION('',(1.0,0.0,0.0));
#5747=AXIS2_PLACEMENT_3D('',#83,#5745,#5746);
#5748=PLANE('',#5747);
#5749=FACE_SURFACE('',(#5744),#5748,.T.);
#5750=POLY_LOOP('',(#69,#46,#48));
#5751=FACE_OUTER_BOUND('',#5750,.T.);
#5752=DIRECTION('',(0.0,-0.19440084932713375,-0.9809221731518201));
#5753=DIRECTION('',(0.9452958623526575,0.3199907845819478,-0.06341632598609705));
#5754=AXIS2_PLACEMENT_3D('',#69,#5752,#5753);
#5755=PLANE('',#5754);
#5756=FACE_SURFACE('',(#5751),#5755,.T.);
#5757=POLY_LOOP('',(#68,#46,#69));
#5758=FACE_OUTER_BOUND('',#5757,.T.);
#5759=DIRECTION('',(0.0,-0.19440084932713375,-0.9809221731518201));
#5760=DIRECTION('',(1.0,0.0,0.0));
#5761=AXIS2_PLACEMENT_3D('',#68,#5759,#5760);
#5762=PLANE('',#5761);
#5763=FACE_SURFACE('',(#5758),#5762,.T.);
#5764=CLOSED_SHELL('',(#394,#401,#408,#415,#422,#429,#436,#443,#450,#457,#464,#471,#478,#485,#492,#499,#506,#513,#520,#527,#534,#541,#548,#555,#562,#569,#576,#583,#590,#597,#604,#611,#618,#625,#632,#639,#646,#653,#660,#667,#674,#681,#688,#695,#702,#709,#716,#723,#730,#737,#744,#751,#758,#765,#772,#779,#786,#793,#800,#807,#814,#821,#828,#835,#842,#849,#856,#863,#870,#877,#884,#891,#898,#905,#912,#919,#926,#933,#940,#947,#954,#961,#968,#975,#982,#989,#996,#1003,#1010,#1017,#1024,#1031,#1038,#1045,#1052,#1059,#1066,#1073,#1080,#1087,#1094,#1101,#1108,#1115,#1122,#1129,#1136,#1143,#1150,#1157,#1164,#1171,#1178,#1185,#1192,#1199,#1206,#1213,#1220,#1227,#1234,#1241,#1248,#1255,#1262,#1269,#1276,#1283,#1290,#1297,#1304,#1311,#1318,#1325,#1332,#1339,#1346,#1353,#1360,#1367,#1374,#1381,#1388,#1395,#1402,#1409,#1416,#1423,#1430,#1437,#1444,#1451,#1458,#1465,#1472,#1479,#1486,#1493,#1500,#1507,#1514,#1521,#1528,#1535,#1542,#1549,#1556,#1563,#1570,#1577,#1584,#1591,#1598,#1605,#1612,#1619,#1626,#1633,#1640,#1647,#1654,#1661,#1668,#1675,#1682,#1689,#1696,#1703,#1710,#1717,#1724,#1731,#1738,#1745,#1752,#1759,#1766,#1773,#1780,#1787,#1794,#1801,#1808,#1815,#1822,#1829,#1836,#1843,#1850,#1857,#1864,#1871,#1878,#1885,#1892,#1899,#1906,#1913,#1920,#1927,#1934,#1941,#1948,#1955,#1962,#1969,#1976,#1983,#1990,#1997,#2004,#2011,#2018,#2025,#2032,#2039,#2046,#2053,#2060,#2067,#2074,#2081,#2088,#2095,#2102,#2109,#2116,#2123,#2130,#2137,#2144,#2151,#2158,#2165,#2172,#2179,#2186,#2193,#2200,#2207,#2214,#2221,#2228,#2235,#2242,#2249,#2256,#2263,#2270,#2277,#2284,#2291,#2298,#2305,#2312,#2319,#2326,#2333,#2340,#2347,#2354,#2361,#2368,#2375,#2382,#2389,#2396,#2403,#2410,#2417,#2424,#2431,#2438,#2445,#2452,#2459,#2466,#2473,#2480,#2487,#2494,#2501,#2508,#2515,#2522,#2529,#2536,#2543,#2550,#2557,#2564,#2571,#2578,#2585,#2592,#2599,#2606,#2613,#2620,#2627,#2634,#2641,#2648,#2655,#2662,#2669,#2676,#2683,#2690,#2697,#2704,#2711,#2718,#2725,#2732,#2739,#2746,#2753,#2760,#2767,#2774,#2781,#2788,#2795,#2802,#2809,#2816,#2823,#2830,#2837,#2844,#2851,#2858,#2865,#2872,#2879,#2886,#2893,#2900,#2907,#2914,#2921,#2928,#2935,#2942,#2949,#2956,#2963,#2970,#2977,#2984,#2991,#2998,#3005,#3012,#3019,#3026,#3033,#3040,#3047,#3054,#3061,#3068,#3075,#3082,#3089,#3096,#3103,#3110,#3117,#3124,#3131,#3138,#3145,#3152,#3159,#3166,#3173,#3180,#3187,#3194,#3201,#3208,#3215,#3222,#3229,#3236,#3243,#3250,#3257,#3264,#3271,#3278,#3285,#3292,#3299,#3306,#3313,#3320,#3327,#3334,#3341,#3348,#3355,#3362,#3369,#3376,#3383,#3390,#3397,#3404,#3411,#3418,#3425,#3432,#3439,#3446,#3453,#3460,#3467,#3474,#3481,#3488,#3495,#3502,#3509,#3516,#3523,#3530,#3537,#3544,#3551,#3558,#3565,#3572,#3579,#3586,#3593,#3600,#3607,#3614,#3621,#3628,#3635,#3642,#3649,#3656,#3663,#3670,#3677,#3684,#3691,#3698,#3705,#3712,#3719,#3726,#3733,#3740,#3747,#3754,#3761,#3768,#3775,#3782,#3789,#3796,#3803,#3810,#3817,#3824,#3831,#3838,#3845,#3852,#3859,#3866,#3873,#3880,#3887,#3894,#3901,#3908,#3915,#3922,#3929,#3936,#3943,#3950,#3957,#3964,#3971,#3978,#3985,#3992,#3999,#4006,#4013,#4020,#4027,#4034,#4041,#4048,#4055,#4062,#4069,#4076,#4083,#4090,#4097,#4104,#4111,#4118,#4125,#4132,#4139,#4146,#4153,#4160,#4167,#4174,#4181,#4188,#4195,#4202,#4209,#4216,#4223,#4230,#4237,#4244,#4251,#4258,#4265,#4272,#4279,#4286,#4293,#4300,#4307,#4314,#4321,#4328,#4335,#4342,#4349,#4356,#4363,#4370,#4377,#4384,#4391,#4398,#4405,#4412,#4419,#4426,#4433,#4440,#4447,#4454,#4461,#4468,#4475,#4482,#4489,#4496,#4503,#4510,#4517,#4524,#4531,#4538,#4545,#4552,#4559,#4566,#4573,#4580,#4587,#4594,#4601,#4608,#4615,#4622,#4629,#4636,#4643,#4650,#4657,#4664,#4671,#4678,#4685,#4692,#4699,#4706,#4713,#4720,#4727,#4734,#4741,#4748,#4755,#4762,#4769,#4776,#4783,#4790,#4797,#4804,#4811,#4818,#4825,#4832,#4839,#4846,#4853,#4860,#4867,#4874,#4881,#4888,#4895,#4902,#4909,#4916,#4923,#4930,#4937,#4944,#4951,#4958,#4965,#4972,#4979,#4986,#4993,#5000,#5007,#5014,#5021,#5028,#5035,#5042,#5049,#5056,#5063,#5070,#5077,#5084,#5091,#5098,#5105,#5112,#5119,#5126,#5133,#5140,#5147,#5154,#5161,#5168,#5175,#5182,#5189,#5196,#5203,#5210,#5217,#5224,#5231,#5238,#5245,#5252,#5259,#5266,#5273,#5280,#5287,#5294,#5301,#5308,#5315,#5322,#5329,#5336,#5343,#5350,#5357,#5364,#5371,#5378,#5385,#5392,#5399,#5406,#5413,#5420,#5427,#5434,#5441,#5448,#5455,#5462,#5469,#5476,#5483,#5490,#5497,#5504,#5511,#5518,#5525,#5532,#5539,#5546,#5553,#5560,#5567,#5574,#5581,#5588,#5595,#5602,#5609,#5616,#5623,#5630,#5637,#5644,#5651,#5658,#5665,#5672,#5679,#5686,#5693,#5700,#5707,#5714,#5721,#5728,#5735,#5742,#5749,#5756,#5763));
#5765=FACETED_BREP('LF_finger_link__C004',#5764);
#5766=PRODUCT('LF_finger_link__C004','LF_finger_link__C004','Mesh-derived reference', (#3));
#5767=PRODUCT_DEFINITION_FORMATION('','',#5766);
#5768=PRODUCT_DEFINITION('design','',#5767,#4);
#5769=PRODUCT_DEFINITION_SHAPE('','',#5768);
#5770=FACETED_BREP_SHAPE_REPRESENTATION('LF_finger_link__C004',(#13,#5765),#9);
#5771=SHAPE_DEFINITION_REPRESENTATION(#5769,#5770);
#5772=PRODUCT_RELATED_PRODUCT_CATEGORY('part',$,(#5766));
ENDSEC;
END-ISO-10303-21;
