ISO-10303-21;
HEADER;
FILE_DESCRIPTION(('Jumper mesh-derived faceted solid reference'),'2;1');
FILE_NAME('Jumper','2026-10-08T00:00:00',(''),(''),'Jumper faceted B-rep converter','', '');
FILE_SCHEMA(('AUTOMOTIVE_DESIGN { 1 0 10303 214 1 1 1 1 }'));
ENDSEC;
DATA;
#1=APPLICATION_CONTEXT('core data for automotive mechanical design processes');
#2=APPLICATION_PROTOCOL_DEFINITION('international standard','automotive_design',2000,#1);
#3=PRODUCT_CONTEXT('',#1,'mechanical');
#4=PRODUCT_DEFINITION_CONTEXT('part definition',#1,'design');
#5=(LENGTH_UNIT() NAMED_UNIT(*) SI_UNIT(.MILLI.,.METRE.));
#6=(NAMED_UNIT(*) PLANE_ANGLE_UNIT() SI_UNIT($,.RADIAN.));
#7=(NAMED_UNIT(*) SI_UNIT($,.STERADIAN.) SOLID_ANGLE_UNIT());
#8=UNCERTAINTY_MEASURE_WITH_UNIT(LENGTH_MEASURE(1.E-07),#5,'distance_accuracy_value','conversion tolerance');
#9=(GEOMETRIC_REPRESENTATION_CONTEXT(3) GLOBAL_UNCERTAINTY_ASSIGNED_CONTEXT((#8)) GLOBAL_UNIT_ASSIGNED_CONTEXT((#5,#6,#7)) REPRESENTATION_CONTEXT('','3D millimetres'));
#10=CARTESIAN_POINT('',(0.,0.,0.));
#11=DIRECTION('',(0.,0.,1.));
#12=DIRECTION('',(1.,0.,0.));
#13=AXIS2_PLACEMENT_3D('',#10,#11,#12);
#14=CARTESIAN_POINT('',(1.56088662147522,-10.2971439361572,-0.521174609661102));
#15=CARTESIAN_POINT('',(1.56086945533752,-20.4966678619385,-0.618943512439728));
#16=CARTESIAN_POINT('',(1.56088674068451,-10.2291526794434,-7.61414432525635));
#17=CARTESIAN_POINT('',(-17.0449028015137,-16.4570426940918,-5.53241777420044));
#18=CARTESIAN_POINT('',(-17.5353603363037,-17.8751926422119,-5.26910543441772));
#19=CARTESIAN_POINT('',(-17.5595722198486,-17.6654872894287,-4.88103342056274));
#20=CARTESIAN_POINT('',(-17.0336685180664,-17.0563678741455,-6.25076866149902));
#21=CARTESIAN_POINT('',(-16.3649406433105,-15.3993043899536,-6.56567621231079));
#22=CARTESIAN_POINT('',(-16.3633613586426,-16.1355171203613,-7.26024484634399));
#23=CARTESIAN_POINT('',(-15.66330909729,-14.7189912796021,-7.59034776687622));
#24=CARTESIAN_POINT('',(-15.6734809875488,-15.6117095947266,-8.25688171386719));
#25=CARTESIAN_POINT('',(-14.9390316009521,-14.4020137786865,-8.59252834320068));
#26=CARTESIAN_POINT('',(-14.9599704742432,-15.4656343460083,-9.2241907119751));
#27=CARTESIAN_POINT('',(-14.1888360977173,-14.4309358596802,-9.55512142181396));
#28=CARTESIAN_POINT('',(-14.2180728912354,-15.6776905059814,-10.1433124542236));
#29=CARTESIAN_POINT('',(-13.4109859466553,-14.7906055450439,-10.4620084762573));
#30=CARTESIAN_POINT('',(-10.0782585144043,-3.38646817207336,0.377679228782654));
#31=CARTESIAN_POINT('',(-10.191969871521,-4.09963178634644,-1.71294152736664));
#32=CARTESIAN_POINT('',(-11.5884943008423,-4.60949468612671,0.510637760162354));
#33=CARTESIAN_POINT('',(-17.1633949279785,-18.842378616333,-7.40104007720947));
#34=CARTESIAN_POINT('',(-17.0132637023926,-18.5257148742676,-7.54812574386597));
#35=CARTESIAN_POINT('',(-17.0310840606689,-18.9981746673584,-7.81994962692261));
#36=CARTESIAN_POINT('',(-9.30210590362549,-3.48197841644287,-1.79932296276093));
#37=CARTESIAN_POINT('',(-7.4938006401062,-3.19061994552612,-4.03682899475098));
#38=CARTESIAN_POINT('',(-9.30437755584717,-4.2241678237915,-3.87387466430664));
#39=CARTESIAN_POINT('',(-9.30685329437256,-4.66899681091309,-4.88146495819092));
#40=CARTESIAN_POINT('',(-7.49568843841553,-3.64160585403442,-5.05561017990112));
#41=CARTESIAN_POINT('',(-9.31054878234863,-5.18085098266602,-5.86206960678101));
#42=CARTESIAN_POINT('',(-7.49849939346313,-4.1607403755188,-6.04710292816162));
#43=CARTESIAN_POINT('',(-7.5024209022522,-4.7616662979126,-7.00583648681641));
#44=CARTESIAN_POINT('',(-5.65606117248535,-3.98866415023804,-7.13127660751343));
#45=CARTESIAN_POINT('',(-5.65982007980347,-4.69245767593384,-8.05631923675537));
#46=CARTESIAN_POINT('',(-3.78731870651245,-4.15497732162476,-8.12783718109131));
#47=CARTESIAN_POINT('',(-12.9472427368164,-5.989098072052,0.652273297309875));
#48=CARTESIAN_POINT('',(-13.279860496521,-6.98395967483521,-1.30745267868042));
#49=CARTESIAN_POINT('',(-14.2603769302368,-7.70722484588623,0.812211990356445));
#50=CARTESIAN_POINT('',(-12.4437494277954,-6.04956960678101,-1.43422198295593));
#51=CARTESIAN_POINT('',(-12.4470071792603,-6.76359224319458,-3.42401027679443));
#52=CARTESIAN_POINT('',(-11.5919923782349,-5.9524621963501,-3.56967926025391));
#53=CARTESIAN_POINT('',(-16.3729209899902,-17.9443378448486,-8.497314453125));
#54=CARTESIAN_POINT('',(-16.7303905487061,-19.2489166259766,-8.56397342681885));
#55=CARTESIAN_POINT('',(-16.3884201049805,-19.0423240661621,-9.03134155273438));
#56=CARTESIAN_POINT('',(-12.4198665618896,-18.7542457580566,-12.2571544647217));
#57=CARTESIAN_POINT('',(-13.5344438552856,-19.6598701477051,-11.8496856689453));
#58=CARTESIAN_POINT('',(-13.4868001937866,-17.8509197235107,-11.4618272781372));
#59=CARTESIAN_POINT('',(-11.8131427764893,-18.3218727111816,-12.4468822479248));
#60=CARTESIAN_POINT('',(-11.773458480835,-16.4547119140625,-12.0442485809326));
#61=CARTESIAN_POINT('',(-13.4458293914795,-16.2320995330811,-10.9975852966309));
#62=CARTESIAN_POINT('',(-12.6052312850952,-15.4681873321533,-11.2969570159912));
#63=CARTESIAN_POINT('',(-17.430082321167,-18.3251304626465,-6.17933130264282));
#64=CARTESIAN_POINT('',(-17.0223045349121,-17.7422924041748,-6.92403793334961));
#65=CARTESIAN_POINT('',(-16.365306854248,-16.9796619415283,-7.90553903579712));
#66=CARTESIAN_POINT('',(-15.6892871856689,-16.6319389343262,-8.86941051483154));
#67=CARTESIAN_POINT('',(-14.9872941970825,-16.6741695404053,-9.79648590087891));
#68=CARTESIAN_POINT('',(-14.2537441253662,-17.0858421325684,-10.6663045883179));
#69=CARTESIAN_POINT('',(-14.6771411895752,-19.8775482177734,-11.1382875442505));
#70=CARTESIAN_POINT('',(-13.8722114562988,-19.9690208435059,-11.7094421386719));
#71=CARTESIAN_POINT('',(-14.2966318130493,-18.6681385040283,-11.1192140579224));
#72=CARTESIAN_POINT('',(-15.0656642913818,-19.5771160125732,-10.7441892623901));
#73=CARTESIAN_POINT('',(-15.0221529006958,-18.0403995513916,-10.3047113418579));
#74=CARTESIAN_POINT('',(-15.7442674636841,-19.1064872741699,-9.91462230682373));
#75=CARTESIAN_POINT('',(-15.7123317718506,-17.7925548553467,-9.42348384857178));
#76=CARTESIAN_POINT('',(-16.347297668457,-19.4588375091553,-9.27398586273193));
#77=CARTESIAN_POINT('',(-11.6002960205078,-6.88455581665039,-5.50469255447388));
#78=CARTESIAN_POINT('',(-10.2015161514282,-5.78381824493408,-5.74124383926392));
#79=CARTESIAN_POINT('',(-10.2073516845703,-6.37079238891602,-6.68140983581543));
#80=CARTESIAN_POINT('',(-3.78086519241333,-1.84950578212738,-4.21510457992554));
#81=CARTESIAN_POINT('',(-5.64984941482544,-2.40200138092041,-4.14748573303223));
#82=CARTESIAN_POINT('',(-5.6486029624939,-1.64338946342468,-2.03933691978455));
#83=CARTESIAN_POINT('',(-5.65120887756348,-2.85723471641541,-5.17137432098389));
#84=CARTESIAN_POINT('',(-3.78174614906311,-2.30744576454163,-5.24004697799683));
#85=CARTESIAN_POINT('',(-5.65323495864868,-3.38153028488159,-6.16778993606567));
#86=CARTESIAN_POINT('',(-3.78305673599243,-2.83504629135132,-6.23747777938843));
#87=CARTESIAN_POINT('',(-3.78488326072693,-3.44624805450439,-7.20191287994385));
#88=CARTESIAN_POINT('',(-1.89716684818268,-3.12652277946472,-7.23306274414062));
#89=CARTESIAN_POINT('',(-1.89836013317108,-3.83801364898682,-8.15811920166016));
#90=CARTESIAN_POINT('',(-0.00117473001591861,-3.73396611213684,-8.16438007354736));
#91=CARTESIAN_POINT('',(-0.00116976874414831,-3.02162313461304,-7.24004459381104));
#92=CARTESIAN_POINT('',(-1.89626693725586,-2.51309871673584,-6.26950073242188));
#93=CARTESIAN_POINT('',(-7.49206972122192,-2.43861770629883,-1.93918967247009));
#94=CARTESIAN_POINT('',(-1.89562249183655,-1.98374032974243,-5.27294683456421));
#95=CARTESIAN_POINT('',(-1.89519107341766,-1.52440190315247,-4.24889993667603));
#96=CARTESIAN_POINT('',(-3.78005599975586,-1.08691787719727,-2.10469698905945));
#97=CARTESIAN_POINT('',(-5.40453338623047,-0.908332765102386,0.102994546294212));
#98=CARTESIAN_POINT('',(-5.99522638320923,-1.12627875804901,0.127445578575134));
#99=CARTESIAN_POINT('',(-0.00116930261719972,-2.40752840042114,-6.27722120285034));
#100=CARTESIAN_POINT('',(-0.00116833788342774,-1.87763571739197,-5.28140735626221));
#101=CARTESIAN_POINT('',(-0.00116560561582446,-1.41789877414703,-4.25811672210693));
#102=CARTESIAN_POINT('',(-1.89479315280914,-0.759841024875641,-2.14027690887451));
#103=CARTESIAN_POINT('',(-9.31570148468018,-5.77314853668213,-6.81027460098267));
#104=CARTESIAN_POINT('',(-9.3225622177124,-6.45929050445557,-7.72072267532349));
#105=CARTESIAN_POINT('',(-7.50764465332031,-5.45802402496338,-7.92635250091553));
#106=CARTESIAN_POINT('',(-10.194540977478,-4.83551931381226,-3.76990842819214));
#107=CARTESIAN_POINT('',(-7.1715612411499,-1.63784992694855,0.184563308954239));
#108=CARTESIAN_POINT('',(-11.5889368057251,-5.22886800765991,-1.55054700374603));
#109=CARTESIAN_POINT('',(-8.05747890472412,-2.09463787078857,0.235291704535484));
#110=CARTESIAN_POINT('',(-8.90934562683105,-2.59524273872375,0.29063692688942));
#111=CARTESIAN_POINT('',(11.6388311386108,-9.78772163391113,-8.95523643493652));
#112=CARTESIAN_POINT('',(11.6240262985229,-8.89811611175537,-8.15852069854736));
#113=CARTESIAN_POINT('',(12.4973001480103,-10.5439796447754,-8.72994232177734));
#114=CARTESIAN_POINT('',(10.2228536605835,-7.83531093597412,-8.44443225860596));
#115=CARTESIAN_POINT('',(10.2128982543945,-7.04919481277466,-7.58449697494507));
#116=CARTESIAN_POINT('',(9.32032680511475,-6.45794868469238,-7.721022605896));
#117=CARTESIAN_POINT('',(14.1849012374878,-14.4262046813965,-9.55668544769287));
#118=CARTESIAN_POINT('',(14.9562225341797,-15.4602880477905,-9.22586631774902));
#119=CARTESIAN_POINT('',(14.9835596084595,-16.6690254211426,-9.79825496673584));
#120=CARTESIAN_POINT('',(14.1613073348999,-13.3279418945312,-8.90809154510498));
#121=CARTESIAN_POINT('',(13.3533344268799,-12.3840522766113,-9.19831657409668));
#122=CARTESIAN_POINT('',(13.3335113525391,-11.3976001739502,-8.47886180877686));
#123=CARTESIAN_POINT('',(12.4814767837524,-9.66722869873047,-7.94524145126343));
#124=CARTESIAN_POINT('',(11.6121807098389,-8.12580966949463,-7.31448316574097));
#125=CARTESIAN_POINT('',(12.5167484283447,-11.5491809844971,-9.46274948120117));
#126=CARTESIAN_POINT('',(14.1425647735596,-12.3655672073364,-8.20409679412842));
#127=CARTESIAN_POINT('',(14.9352712631226,-14.3964900970459,-8.59412956237793));
#128=CARTESIAN_POINT('',(13.3175754547119,-10.5372552871704,-7.7082371711731));
#129=CARTESIAN_POINT('',(12.4688577651978,-8.9060173034668,-7.11384296417236));
#130=CARTESIAN_POINT('',(14.9195737838745,-13.4648532867432,-7.90771579742432));
#131=CARTESIAN_POINT('',(14.1278963088989,-11.526346206665,-7.44955921173096));
#132=CARTESIAN_POINT('',(13.3049774169922,-9.79022407531738,-6.89147424697876));
#133=CARTESIAN_POINT('',(14.8994235992432,-11.9469718933105,-6.38973379135132));
#134=CARTESIAN_POINT('',(15.6497268676758,-13.257773399353,-6.11452913284302));
#135=CARTESIAN_POINT('',(15.6535263061523,-13.9342489242554,-6.87577724456787));
#136=CARTESIAN_POINT('',(14.1165065765381,-10.797511100769,-6.64942264556885));
#137=CARTESIAN_POINT('',(13.3776082992554,-13.5094375610352,-9.86153602600098));
#138=CARTESIAN_POINT('',(7.54290771484375,-9.46936798095703,-11.1173038482666));
#139=CARTESIAN_POINT('',(5.68455028533936,-8.74958896636963,-11.2624626159668));
#140=CARTESIAN_POINT('',(5.67572259902954,-7.5210862159729,-10.5460529327393));
#141=CARTESIAN_POINT('',(7.5573844909668,-10.8473520278931,-11.7648687362671));
#142=CARTESIAN_POINT('',(9.38866424560547,-11.7656373977661,-11.5176877975464));
#143=CARTESIAN_POINT('',(9.41084766387939,-13.296404838562,-12.0881404876709));
#144=CARTESIAN_POINT('',(10.3152875900269,-13.8234195709229,-11.9146528244019));
#145=CARTESIAN_POINT('',(10.3442325592041,-15.5254802703857,-12.4053831100464));
#146=CARTESIAN_POINT('',(11.7690687179565,-16.4516696929932,-12.0455007553101));
#147=CARTESIAN_POINT('',(11.80872631073,-18.3189373016357,-12.4481658935547));
#148=CARTESIAN_POINT('',(12.4197950363159,-18.7542953491211,-12.2571544647217));
#149=CARTESIAN_POINT('',(13.4826631546021,-17.8471660614014,-11.4634294509888));
#150=CARTESIAN_POINT('',(13.5302801132202,-19.6562900543213,-11.8513345718384));
#151=CARTESIAN_POINT('',(13.8721418380737,-19.9690589904785,-11.7094421386719));
#152=CARTESIAN_POINT('',(15.7407693862915,-19.1010131835938,-9.91661071777344));
#153=CARTESIAN_POINT('',(15.0184135437012,-18.0355014801025,-10.3065567016602));
#154=CARTESIAN_POINT('',(15.7088232040405,-17.7867946624756,-9.42536640167236));
#155=CARTESIAN_POINT('',(15.6857481002808,-16.6259078979492,-8.87121486663818));
#156=CARTESIAN_POINT('',(15.669921875,-15.6054420471191,-8.25857925415039));
#157=CARTESIAN_POINT('',(15.6597194671631,-14.712513923645,-7.59195375442505));
#158=CARTESIAN_POINT('',(14.9080028533936,-12.6526069641113,-7.1713490486145));
#159=CARTESIAN_POINT('',(14.2141380310059,-15.6731214523315,-10.1449518203735));
#160=CARTESIAN_POINT('',(-17.0608043670654,-15.4764947891235,-3.97833800315857));
#161=CARTESIAN_POINT('',(-17.5520210266113,-16.7127246856689,-3.33383631706238));
#162=CARTESIAN_POINT('',(-17.4917392730713,-16.1514263153076,-2.55004286766052));
#163=CARTESIAN_POINT('',(-17.053991317749,-15.9336528778076,-4.77329254150391));
#164=CARTESIAN_POINT('',(-16.3679161071777,-14.758469581604,-5.8260645866394));
#165=CARTESIAN_POINT('',(-15.6571474075317,-13.9409103393555,-6.87429189682007));
#166=CARTESIAN_POINT('',(-14.923357963562,-13.4705495834351,-7.90620613098145));
#167=CARTESIAN_POINT('',(-14.1652498245239,-13.3328227996826,-8.90660285949707));
#168=CARTESIAN_POINT('',(-13.3817024230957,-13.5136241912842,-9.8601016998291));
#169=CARTESIAN_POINT('',(-12.5724105834961,-14.0002517700195,-10.7507858276367));
#170=CARTESIAN_POINT('',(-17.575101852417,-17.3410453796387,-4.31797122955322));
#171=CARTESIAN_POINT('',(-11.7387609481812,-14.7830810546875,-11.5628252029419));
#172=CARTESIAN_POINT('',(-10.3465099334717,-15.5267515182495,-12.4049043655396));
#173=CARTESIAN_POINT('',(-10.7329044342041,-17.6338481903076,-12.7345094680786));
#174=CARTESIAN_POINT('',(-9.0012264251709,-16.7045364379883,-13.0753765106201));
#175=CARTESIAN_POINT('',(-17.2617053985596,-18.6953506469727,-7.03010988235474));
#176=CARTESIAN_POINT('',(1.8251439332962,-14.7322664260864,-13.5130491256714));
#177=CARTESIAN_POINT('',(-2.81756128970301E-05,-14.6531810760498,-13.5141830444336));
#178=CARTESIAN_POINT('',(-0.00120184232946485,-12.6497364044189,-13.0955352783203));
#179=CARTESIAN_POINT('',(-1.82519948482513,-14.7322607040405,-13.5130491256714));
#180=CARTESIAN_POINT('',(-1.91861701011658,-12.7408065795898,-13.0935468673706));
#181=CARTESIAN_POINT('',(-16.3705062866211,-14.2008266448975,-5.04576349258423));
#182=CARTESIAN_POINT('',(-15.6533737182617,-13.2645902633667,-6.11314916610718));
#183=CARTESIAN_POINT('',(-14.9118032455444,-12.6584482192993,-7.16994524002075));
#184=CARTESIAN_POINT('',(-14.1465158462524,-12.3705863952637,-8.20268535614014));
#185=CARTESIAN_POINT('',(-13.3574266433716,-12.3883724212646,-9.19694232940674));
#186=CARTESIAN_POINT('',(-12.5444574356079,-12.6994972229004,-10.1372518539429));
#187=CARTESIAN_POINT('',(-11.7087240219116,-13.2939672470093,-11.0078678131104));
#188=CARTESIAN_POINT('',(-10.3175458908081,-13.824743270874,-11.914174079895));
#189=CARTESIAN_POINT('',(-9.43873596191406,-15.0160207748413,-12.5826606750488));
#190=CARTESIAN_POINT('',(-7.59608554840088,-14.1495523452759,-12.8414106369019));
#191=CARTESIAN_POINT('',(-7.23838376998901,-15.9541568756104,-13.2990446090698));
#192=CARTESIAN_POINT('',(-5.72353363037109,-13.485203742981,-12.9942836761475));
#193=CARTESIAN_POINT('',(-5.45060968399048,-15.3782930374146,-13.4301137924194));
#194=CARTESIAN_POINT('',(-3.82855033874512,-13.0174560546875,-13.0690631866455));
#195=CARTESIAN_POINT('',(-3.64413619041443,-14.9724760055542,-13.4932384490967));
#196=CARTESIAN_POINT('',(-3.88903450965881,-0.461876273155212,0.0526588782668114));
#197=CARTESIAN_POINT('',(-11.6401529312134,-20.0977764129639,-12.8095092773438));
#198=CARTESIAN_POINT('',(0.97138637304306,-20.084077835083,-12.6614017486572));
#199=CARTESIAN_POINT('',(-2.74128293991089,-20.0824794769287,-12.6452779769897));
#200=CARTESIAN_POINT('',(11.6428155899048,-20.097728729248,-12.8084650039673));
#201=CARTESIAN_POINT('',(5.86378860473633,-20.1464786529541,-13.485372543335));
#202=CARTESIAN_POINT('',(10.9359998703003,-20.1184349060059,-13.0581655502319));
#203=CARTESIAN_POINT('',(9.74629020690918,-20.1414928436279,-13.3985061645508));
#204=CARTESIAN_POINT('',(9.05158996582031,-20.1503162384033,-13.5573253631592));
#205=CARTESIAN_POINT('',(8.45442867279053,-20.1559295654297,-13.6735239028931));
#206=CARTESIAN_POINT('',(7.03283452987671,-20.1644649505615,-13.8854503631592));
#207=CARTESIAN_POINT('',(5.44627714157104,-20.1691246032715,-14.0351686477661));
#208=CARTESIAN_POINT('',(3.27402234077454,-20.17160987854,-14.1349611282349));
#209=CARTESIAN_POINT('',(-6.73940801620483,-20.1463298797607,-13.4830913543701));
#210=CARTESIAN_POINT('',(-11.0345907211304,-20.1158638000488,-13.0256404876709));
#211=CARTESIAN_POINT('',(-9.84743309020996,-20.1399421691895,-13.3730983734131));
#212=CARTESIAN_POINT('',(-3.51298427581787,-20.1714515686035,-14.1284627914429));
#213=CARTESIAN_POINT('',(-1.83865821361542,-20.17209815979,-14.1579446792603));
#214=CARTESIAN_POINT('',(-8.53676414489746,-20.1552181243896,-13.6585559844971));
#215=CARTESIAN_POINT('',(-7.07101202011108,-20.1642665863037,-13.8808288574219));
#216=CARTESIAN_POINT('',(-9.05167579650879,-20.150276184082,-13.5573253631592));
#217=CARTESIAN_POINT('',(-5.39859056472778,-20.1691970825195,-14.0385074615479));
#218=CARTESIAN_POINT('',(-13.069863319397,-19.7426300048828,-10.4398412704468));
#219=CARTESIAN_POINT('',(-13.7948064804077,-19.6254405975342,-9.92063999176025));
#220=CARTESIAN_POINT('',(-12.2423410415649,-19.8357906341553,-10.9072961807251));
#221=CARTESIAN_POINT('',(-13.0886793136597,-20.0293807983398,-12.1608467102051));
#222=CARTESIAN_POINT('',(-12.1907968521118,-19.8406047821045,-10.9331064224243));
#223=CARTESIAN_POINT('',(-12.451976776123,-20.0647811889648,-12.4714870452881));
#224=CARTESIAN_POINT('',(-11.3507347106934,-19.9069347381592,-11.3100299835205));
#225=CARTESIAN_POINT('',(-12.1195669174194,-20.079704284668,-12.6171169281006));
#226=CARTESIAN_POINT('',(-10.5036878585815,-19.9557762145996,-11.6197261810303));
#227=CARTESIAN_POINT('',(0.0847569033503532,-20.1722660064697,-14.1632957458496));
#228=CARTESIAN_POINT('',(1.83860146999359,-20.1721038818359,-14.1579446792603));
#229=CARTESIAN_POINT('',(-16.0753383636475,-17.3172588348389,-4.27828359603882));
#230=CARTESIAN_POINT('',(-16.0753650665283,-17.3143844604492,-4.27351713180542));
#231=CARTESIAN_POINT('',(-16.0576343536377,-17.6654529571533,-4.88106250762939));
#232=CARTESIAN_POINT('',(-16.0358104705811,-17.8402271270752,-5.2030086517334));
#233=CARTESIAN_POINT('',(-15.9567594528198,-18.1882343292236,-5.88975811004639));
#234=CARTESIAN_POINT('',(-15.9225406646729,-18.2891502380371,-6.10210800170898));
#235=CARTESIAN_POINT('',(-15.7470273971558,-18.6397800445557,-6.89520740509033));
#236=CARTESIAN_POINT('',(-15.5960292816162,-18.8334159851074,-7.37778186798096));
#237=CARTESIAN_POINT('',(-15.5123662948608,-18.9179935455322,-7.60076427459717));
#238=CARTESIAN_POINT('',(-15.2170143127441,-19.1413040161133,-8.23213577270508));
#239=CARTESIAN_POINT('',(-15.0226144790649,-19.2481460571289,-8.56061267852783));
#240=CARTESIAN_POINT('',(-14.8136949539185,-19.3413066864014,-8.86393928527832));
#241=CARTESIAN_POINT('',(-15.8742942810059,-19.6320819854736,-9.94794464111328));
#242=CARTESIAN_POINT('',(-14.340202331543,-19.4991683959961,-9.42231941223145));
#243=CARTESIAN_POINT('',(-14.2441205978394,-19.5248126983643,-9.5192928314209));
#244=CARTESIAN_POINT('',(-15.2940511703491,-19.7744846343994,-10.593053817749));
#245=CARTESIAN_POINT('',(-10.3299522399902,-19.9640846252441,-11.6757621765137));
#246=CARTESIAN_POINT('',(-9.19462776184082,-20.0074157714844,-11.9874315261841));
#247=CARTESIAN_POINT('',(15.6215009689331,-19.7012748718262,-10.2485656738281));
#248=CARTESIAN_POINT('',(14.8288068771362,-19.3351917266846,-8.84331512451172));
#249=CARTESIAN_POINT('',(14.3318357467651,-19.5015029907227,-9.43086528778076));
#250=CARTESIAN_POINT('',(16.1291446685791,-19.5472679138184,-9.60592269897461));
#251=CARTESIAN_POINT('',(14.9828443527222,-19.2673892974854,-8.62172985076904));
#252=CARTESIAN_POINT('',(15.2170190811157,-19.1413173675537,-8.23200130462646));
#253=CARTESIAN_POINT('',(16.565990447998,-19.3498687744141,-8.89282608032227));
#254=CARTESIAN_POINT('',(15.5183115005493,-18.91237449646,-7.58555507659912));
#255=CARTESIAN_POINT('',(16.8944931030273,-19.125904083252,-8.18613433837891));
#256=CARTESIAN_POINT('',(15.5455770492554,-18.8859176635742,-7.51509857177734));
#257=CARTESIAN_POINT('',(15.5877494812012,-18.8423519134521,-7.40083074569702));
#258=CARTESIAN_POINT('',(17.1574420928955,-18.8502769470215,-7.42139673233032));
#259=CARTESIAN_POINT('',(15.7469749450684,-18.6398296356201,-6.89519262313843));
#260=CARTESIAN_POINT('',(15.9120016098022,-18.3169269561768,-6.16154861450195));
#261=CARTESIAN_POINT('',(14.1385498046875,-19.551139831543,-9.62074279785156));
#262=CARTESIAN_POINT('',(17.3588771820068,-18.5078296661377,-6.58547353744507));
#263=CARTESIAN_POINT('',(16.03395652771,-17.8516941070557,-5.22451686859131));
#264=CARTESIAN_POINT('',(15.916543006897,-18.3050651550293,-6.13604259490967));
#265=CARTESIAN_POINT('',(17.4956588745117,-18.0894393920898,-5.68794822692871));
#266=CARTESIAN_POINT('',(16.0575733184814,-17.6655158996582,-4.8810772895813));
#267=CARTESIAN_POINT('',(17.5652599334717,-17.5902976989746,-4.74659776687622));
#268=CARTESIAN_POINT('',(16.0739498138428,-17.3911876678467,-4.40219974517822));
#269=CARTESIAN_POINT('',(16.0749130249023,-17.3451747894287,-4.32479095458984));
#270=CARTESIAN_POINT('',(16.0519485473633,-16.7410297393799,-3.3754894733429));
#271=CARTESIAN_POINT('',(17.5696220397949,-16.9999542236328,-3.76796746253967));
#272=CARTESIAN_POINT('',(15.9656686782837,-16.0333786010742,-2.39485549926758));
#273=CARTESIAN_POINT('',(17.5043087005615,-16.24977684021,-2.68165946006775));
#274=CARTESIAN_POINT('',(15.9558258056641,-15.9709253311157,-2.314040184021));
#275=CARTESIAN_POINT('',(15.8181638717651,-15.2315225601196,-1.41731238365173));
#276=CARTESIAN_POINT('',(13.7916383743286,-19.6260967254639,-9.92314910888672));
#277=CARTESIAN_POINT('',(15.0393209457397,-19.8218154907227,-10.8323249816895));
#278=CARTESIAN_POINT('',(14.3784885406494,-19.9156475067139,-11.3654880523682));
#279=CARTESIAN_POINT('',(-8.49934101104736,-20.0264854431152,-12.1375722885132));
#280=CARTESIAN_POINT('',(-7.9481258392334,-20.0385837554932,-12.2379179000854));
#281=CARTESIAN_POINT('',(-6.55899953842163,-20.060230255127,-12.4290323257446));
#282=CARTESIAN_POINT('',(-6.1259708404541,-20.0649757385254,-12.4732322692871));
#283=CARTESIAN_POINT('',(-4.98757266998291,-20.074104309082,-12.5611820220947));
#284=CARTESIAN_POINT('',(-3.08682918548584,-20.0817756652832,-12.6381330490112));
#285=CARTESIAN_POINT('',(1.58323240280151,-20.0838108062744,-12.6587762832642));
#286=CARTESIAN_POINT('',(3.42799997329712,-20.0809307098389,-12.6293478012085));
#287=CARTESIAN_POINT('',(5.31423902511597,-20.0719356536865,-12.5397462844849));
#288=CARTESIAN_POINT('',(5.35519552230835,-20.0716400146484,-12.5368671417236));
#289=CARTESIAN_POINT('',(6.93036937713623,-20.0555229187012,-12.3857126235962));
#290=CARTESIAN_POINT('',(7.74943971633911,-20.0424251556396,-12.2703809738159));
#291=CARTESIAN_POINT('',(8.33396053314209,-20.0304012298584,-12.1693048477173));
#292=CARTESIAN_POINT('',(9.576096534729,-19.9947986602783,-11.8925790786743));
#293=CARTESIAN_POINT('',(9.81102657318115,-19.98610496521,-11.8293724060059));
#294=CARTESIAN_POINT('',(10.690465927124,-19.9462738037109,-11.5567636489868));
#295=CARTESIAN_POINT('',(11.5357694625854,-19.894136428833,-11.2335052490234));
#296=CARTESIAN_POINT('',(12.0156764984131,-20.0839786529541,-12.6604776382446));
#297=CARTESIAN_POINT('',(11.6946392059326,-19.8823738098145,-11.1650371551514));
#298=CARTESIAN_POINT('',(12.4519138336182,-20.0648193359375,-12.4714870452881));
#299=CARTESIAN_POINT('',(12.5736274719238,-19.8023262023926,-10.732816696167));
#300=CARTESIAN_POINT('',(12.9738101959229,-20.0365734100342,-12.2201948165894));
#301=CARTESIAN_POINT('',(13.069787979126,-19.7426872253418,-10.4398412704468));
#302=CARTESIAN_POINT('',(3.7967700958252,-7.00522994995117,-10.6195964813232));
#303=CARTESIAN_POINT('',(-16.0483016967773,-16.6979236602783,-3.31213140487671));
#304=CARTESIAN_POINT('',(-15.9834489822388,-16.1512870788574,-2.54989242553711));
#305=CARTESIAN_POINT('',(17.1509590148926,-14.3290605545044,-0.451695054769516));
#306=CARTESIAN_POINT('',(17.1906051635742,-14.5043029785156,-0.62941038608551));
#307=CARTESIAN_POINT('',(17.068359375,-14.1114225387573,-0.543475568294525));
#308=CARTESIAN_POINT('',(-1.7371072769165,-0.0900999307632446,0.0103547461330891));
#309=CARTESIAN_POINT('',(-0.00116375472862273,-5.75849389861105E-06,-2.70474015451327E-06));
#310=CARTESIAN_POINT('',(-0.00116558943409473,-0.652812600135803,-2.15105319023132));
#311=CARTESIAN_POINT('',(9.30463314056396,-4.66761445999146,-4.8817195892334));
#312=CARTESIAN_POINT('',(9.30215930938721,-4.22277164459229,-3.87411451339722));
#313=CARTESIAN_POINT('',(10.1923494338989,-4.83398199081421,-3.77017641067505));
#314=CARTESIAN_POINT('',(4.96597909927368,-0.762735068798065,0.086627371609211));
#315=CARTESIAN_POINT('',(5.64613819122314,-0.994436681270599,0.112660273909569));
#316=CARTESIAN_POINT('',(5.64631509780884,-1.64258551597595,-2.0394332408905));
#317=CARTESIAN_POINT('',(2.75975465774536,-0.229749619960785,0.0263023320585489));
#318=CARTESIAN_POINT('',(3.61344122886658,-0.397517949342728,0.0453630425035954));
#319=CARTESIAN_POINT('',(3.7777464389801,-1.08639562129974,-2.10476636886597));
#320=CARTESIAN_POINT('',(15.0619192123413,-19.5724658966064,-10.7461109161377));
#321=CARTESIAN_POINT('',(0.510959684848785,-0.00770488334819674,0.000892122916411608));
#322=CARTESIAN_POINT('',(1.80983853340149,-0.0978701636195183,0.0112489433959126));
#323=CARTESIAN_POINT('',(1.89246606826782,-0.759587109088898,-2.14030408859253));
#324=CARTESIAN_POINT('',(9.03802585601807,-19.2460060119629,-13.4562206268311));
#325=CARTESIAN_POINT('',(9.00116539001465,-16.7045612335205,-13.0753765106201));
#326=CARTESIAN_POINT('',(7.26650953292847,-18.5324325561523,-13.6829071044922));
#327=CARTESIAN_POINT('',(7.23832511901855,-15.954195022583,-13.2990446090698));
#328=CARTESIAN_POINT('',(5.47093105316162,-17.9846572875977,-13.8148880004883));
#329=CARTESIAN_POINT('',(5.45055150985718,-15.3783159255981,-13.4301137924194));
#330=CARTESIAN_POINT('',(3.65730476379395,-17.5985240936279,-13.8776187896729));
#331=CARTESIAN_POINT('',(3.64408135414124,-14.9724979400635,-13.4932384490967));
#332=CARTESIAN_POINT('',(1.83164417743683,-17.3698959350586,-13.8965730667114));
#333=CARTESIAN_POINT('',(-3.2590589398751E-05,-17.2946014404297,-13.8972225189209));
#334=CARTESIAN_POINT('',(-1.83170831203461,-17.3698768615723,-13.8965730667114));
#335=CARTESIAN_POINT('',(14.2926769256592,-18.6639499664307,-11.1209754943848));
#336=CARTESIAN_POINT('',(-17.068883895874,-14.7230253219604,-2.301438331604));
#337=CARTESIAN_POINT('',(-17.4685649871826,-15.9844360351562,-2.33151602745056));
#338=CARTESIAN_POINT('',(-17.3282527923584,-15.1634073257446,-1.33987081050873));
#339=CARTESIAN_POINT('',(16.3719081878662,-12.2840728759766,-0.711382925510406));
#340=CARTESIAN_POINT('',(16.6679573059082,-12.4827423095703,1.18221259117126));
#341=CARTESIAN_POINT('',(16.9541168212891,-13.5231351852417,0.311777383089066));
#342=CARTESIAN_POINT('',(17.0655059814453,-14.7136573791504,-2.30248045921326));
#343=CARTESIAN_POINT('',(17.3751678466797,-15.4142580032349,-1.62918019294739));
#344=CARTESIAN_POINT('',(17.0574512481689,-15.4673547744751,-3.97959065437317));
#345=CARTESIAN_POINT('',(17.0506687164307,-15.9246587753296,-4.77463674545288));
#346=CARTESIAN_POINT('',(17.0416088104248,-16.4482288360596,-5.53386735916138));
#347=CARTESIAN_POINT('',(17.0304183959961,-17.047758102417,-6.25231027603149));
#348=CARTESIAN_POINT('',(17.0190982818604,-17.7339572906494,-6.92570066452026));
#349=CARTESIAN_POINT('',(17.0101184844971,-18.517707824707,-7.54988145828247));
#350=CARTESIAN_POINT('',(-3.65736722946167,-17.5985069274902,-13.8776187896729));
#351=CARTESIAN_POINT('',(-5.47099828720093,-17.9846439361572,-13.8148880004883));
#352=CARTESIAN_POINT('',(-9.03809642791748,-19.2459697723389,-13.4562206268311));
#353=CARTESIAN_POINT('',(-17.1347160339355,-14.2584247589111,-0.38135239481926));
#354=CARTESIAN_POINT('',(-15.606593132019,-14.3290328979492,-0.45166552066803));
#355=CARTESIAN_POINT('',(-15.5678930282593,-14.180983543396,-0.30502787232399));
#356=CARTESIAN_POINT('',(-15.7859172821045,-15.080662727356,-1.24683523178101));
#357=CARTESIAN_POINT('',(-15.948317527771,-15.9241161346436,-2.25410389900208));
#358=CARTESIAN_POINT('',(-15.9636735916138,-16.0201225280762,-2.37772607803345));
#359=CARTESIAN_POINT('',(-7.26657676696777,-18.5324020385742,-13.6829071044922));
#360=CARTESIAN_POINT('',(10.7328405380249,-17.6338882446289,-12.7345094680786));
#361=CARTESIAN_POINT('',(3.79200792312622,-5.9202766418457,-9.84221363067627));
#362=CARTESIAN_POINT('',(1.89946103096008,-5.61095142364502,-9.87073612213135));
#363=CARTESIAN_POINT('',(1.89754831790924,-4.66131925582886,-9.0391845703125));
#364=CARTESIAN_POINT('',(9.34011745452881,-8.16542911529541,-9.40699195861816));
#365=CARTESIAN_POINT('',(7.52043390274048,-7.19051122665405,-9.6311149597168));
#366=CARTESIAN_POINT('',(7.51206731796265,-6.26239347457886,-8.80340671539307));
#367=CARTESIAN_POINT('',(9.35354042053223,-9.21354866027832,-10.1717281341553));
#368=CARTESIAN_POINT('',(10.2504692077637,-9.77920722961426,-10.0144519805908));
#369=CARTESIAN_POINT('',(10.2686796188354,-10.9635629653931,-10.7138376235962));
#370=CARTESIAN_POINT('',(11.6786661148071,-11.9709806442261,-10.385760307312));
#371=CARTESIAN_POINT('',(11.7043762207031,-13.2907314300537,-11.0090579986572));
#372=CARTESIAN_POINT('',(12.5681676864624,-13.9966268539429,-10.752121925354));
#373=CARTESIAN_POINT('',(12.6009721755981,-15.4646835327148,-11.2983541488647));
#374=CARTESIAN_POINT('',(13.4417133331299,-16.2281837463379,-10.9991416931152));
#375=CARTESIAN_POINT('',(5.64755725860596,-2.40118956565857,-4.14759731292725));
#376=CARTESIAN_POINT('',(5.66234064102173,-5.50592947006226,-8.93755912780762));
#377=CARTESIAN_POINT('',(7.49154090881348,-3.18953657150269,-4.03699684143066));
#378=CARTESIAN_POINT('',(7.49342727661133,-3.64051103591919,-5.05579328536987));
#379=CARTESIAN_POINT('',(5.64891290664673,-2.85644721984863,-5.17148590087891));
#380=CARTESIAN_POINT('',(5.65093612670898,-3.38073372840881,-6.1679162979126));
#381=CARTESIAN_POINT('',(7.49623394012451,-4.15966606140137,-6.04728651046753));
#382=CARTESIAN_POINT('',(5.65375804901123,-3.98787307739258,-7.13138818740845));
#383=CARTESIAN_POINT('',(7.50015449523926,-4.76060104370117,-7.00603485107422));
#384=CARTESIAN_POINT('',(5.65751695632935,-4.69167327880859,-8.05644607543945));
#385=CARTESIAN_POINT('',(7.50536918640137,-5.45696210861206,-7.92656564712524));
#386=CARTESIAN_POINT('',(9.32912921905518,-7.2513599395752,-8.58829975128174));
#387=CARTESIAN_POINT('',(10.2352857589722,-8.74089050292969,-9.25620365142822));
#388=CARTESIAN_POINT('',(11.6569337844849,-10.8076601028442,-9.69940567016602));
#389=CARTESIAN_POINT('',(3.78499031066895,-4.15446519851685,-8.12789249420166));
#390=CARTESIAN_POINT('',(3.7825608253479,-3.4457221031189,-7.20196723937988));
#391=CARTESIAN_POINT('',(1.89482736587524,-3.12628126144409,-7.23307514190674));
#392=CARTESIAN_POINT('',(3.78073620796204,-2.83453249931335,-6.23754739761353));
#393=CARTESIAN_POINT('',(1.89601838588715,-3.83776354789734,-8.15813255310059));
#394=CARTESIAN_POINT('',(3.78811097145081,-4.97467374801636,-9.00980758666992));
#395=CARTESIAN_POINT('',(5.66836452484131,-6.44446420669556,-9.76927089691162));
#396=CARTESIAN_POINT('',(7.53065013885498,-8.25495910644531,-10.4042329788208));
#397=CARTESIAN_POINT('',(9.36964321136475,-10.4091548919678,-10.8770780563354));
#398=CARTESIAN_POINT('',(10.2901954650879,-12.3071994781494,-11.3490190505981));
#399=CARTESIAN_POINT('',(11.734395980835,-14.7799453735352,-11.5640468597412));
#400=CARTESIAN_POINT('',(3.77855062484741,-1.84898328781128,-4.21515893936157));
#401=CARTESIAN_POINT('',(3.77942800521851,-2.30692362785339,-5.24010133743286));
#402=CARTESIAN_POINT('',(12.5402278900146,-12.695764541626,-10.1385412216187));
#403=CARTESIAN_POINT('',(9.31347465515137,-5.77178907394409,-6.81057405471802));
#404=CARTESIAN_POINT('',(9.30832481384277,-5.1794900894165,-5.86233997344971));
#405=CARTESIAN_POINT('',(10.2051477432251,-6.36928701400757,-6.68176746368408));
#406=CARTESIAN_POINT('',(10.1993217468262,-5.78229951858521,-5.7415566444397));
#407=CARTESIAN_POINT('',(11.5960245132446,-6.88090467453003,-5.50550651550293));
#408=CARTESIAN_POINT('',(11.5877285003662,-5.94876909255981,-3.57035899162292));
#409=CARTESIAN_POINT('',(12.4516572952271,-7.67874383926392,-5.33162021636963));
#410=CARTESIAN_POINT('',(12.4428234100342,-6.75938701629639,-3.42477416992188));
#411=CARTESIAN_POINT('',(13.2878341674805,-8.58517551422119,-5.13989400863647));
#412=CARTESIAN_POINT('',(13.2790250778198,-7.68163681030273,-3.26507472991943));
#413=CARTESIAN_POINT('',(14.1010770797729,-9.62070178985596,-4.93210411071777));
#414=CARTESIAN_POINT('',(14.0931406021118,-8.73680114746094,-3.09261178970337));
#415=CARTESIAN_POINT('',(14.8879089355469,-10.805811882019,-4.71002674102783));
#416=CARTESIAN_POINT('',(14.8819761276245,-9.9461669921875,-2.90869188308716));
#417=CARTESIAN_POINT('',(15.6448669433594,-12.1610355377197,-4.47549772262573));
#418=CARTESIAN_POINT('',(15.6423320770264,-11.3310613632202,-2.71463775634766));
#419=CARTESIAN_POINT('',(11.6029558181763,-7.45775508880615,-6.42839336395264));
#420=CARTESIAN_POINT('',(12.4590377807617,-8.24747371673584,-6.24091339111328));
#421=CARTESIAN_POINT('',(13.2951917648315,-9.14372634887695,-6.03365087509155));
#422=CARTESIAN_POINT('',(14.1076993942261,-10.1663866043091,-5.80857133865356));
#423=CARTESIAN_POINT('',(14.8928518295288,-11.3353443145752,-5.56762218475342));
#424=CARTESIAN_POINT('',(13.4068803787231,-14.786548614502,-10.4635038375854));
#425=CARTESIAN_POINT('',(14.2498035430908,-17.0814590454102,-10.6680202484131));
#426=CARTESIAN_POINT('',(9.29988956451416,-3.48057198524475,-1.79953277111053));
#427=CARTESIAN_POINT('',(7.48981475830078,-2.43751859664917,-1.93934273719788));
#428=CARTESIAN_POINT('',(10.1897802352905,-4.09806394577026,-1.71316456794739));
#429=CARTESIAN_POINT('',(11.5846748352051,-5.22510766983032,-1.55109179019928));
#430=CARTESIAN_POINT('',(12.4395666122437,-6.04532289505005,-1.43482160568237));
#431=CARTESIAN_POINT('',(13.2757749557495,-6.97910356521606,-1.30810606479645));
#432=CARTESIAN_POINT('',(14.0902032852173,-8.04815769195557,-1.17165994644165));
#433=CARTESIAN_POINT('',(14.8797597885132,-9.27417945861816,-1.02624225616455));
#434=CARTESIAN_POINT('',(15.6413516998291,-10.6789054870605,-0.872568368911743));
#435=CARTESIAN_POINT('',(15.6469564437866,-12.6704988479614,-5.31278324127197));
#436=CARTESIAN_POINT('',(1.89393150806427,-2.51285624504089,-6.26952791213989));
#437=CARTESIAN_POINT('',(1.89329099655151,-1.98347139358521,-5.27297449111938));
#438=CARTESIAN_POINT('',(1.89286172389984,-1.5241551399231,-4.24892711639404));
#439=CARTESIAN_POINT('',(16.3711528778076,-12.9129753112793,-2.5119960308075));
#440=CARTESIAN_POINT('',(16.3689117431641,-13.707573890686,-4.23097038269043));
#441=CARTESIAN_POINT('',(16.367000579834,-14.1928997039795,-5.04708766937256));
#442=CARTESIAN_POINT('',(16.3644390106201,-14.7507047653198,-5.82749462127686));
#443=CARTESIAN_POINT('',(16.3615036010742,-15.3917255401611,-6.56721210479736));
#444=CARTESIAN_POINT('',(16.3599586486816,-16.1281623840332,-7.26190185546875));
#445=CARTESIAN_POINT('',(16.3619499206543,-16.9725799560547,-7.90728902816772));
#446=CARTESIAN_POINT('',(16.3696136474609,-17.9375534057617,-8.49917125701904));
#447=CARTESIAN_POINT('',(16.3851490020752,-19.0359039306641,-9.03329086303711));
#448=CARTESIAN_POINT('',(-16.3724346160889,-13.7156286239624,-4.22975206375122));
#449=CARTESIAN_POINT('',(-15.6506280899048,-12.6774530410767,-5.31149482727051));
#450=CARTESIAN_POINT('',(7.09615325927734,-1.60189580917358,0.18055684864521));
#451=CARTESIAN_POINT('',(1.91621577739716,-12.7405881881714,-13.093560218811));
#452=CARTESIAN_POINT('',(-14.9032402038574,-11.9529485702515,-6.38842058181763));
#453=CARTESIAN_POINT('',(-14.1318502426147,-11.5314750671387,-7.44823789596558));
#454=CARTESIAN_POINT('',(-13.3375988006592,-11.4020185470581,-8.47756385803223));
#455=CARTESIAN_POINT('',(-12.5209617614746,-11.5530023574829,-9.46152019500732));
#456=CARTESIAN_POINT('',(-11.6829948425293,-11.9743003845215,-10.384614944458));
#457=CARTESIAN_POINT('',(-10.2924394607544,-12.3085660934448,-11.3485708236694));
#458=CARTESIAN_POINT('',(-9.41312980651855,-13.2976007461548,-12.0877504348755));
#459=CARTESIAN_POINT('',(-7.57659196853638,-12.4035129547119,-12.3412284851074));
#460=CARTESIAN_POINT('',(-5.70949077606201,-11.7181987762451,-12.4919929504395));
#461=CARTESIAN_POINT('',(-3.8194625377655,-11.2358493804932,-12.5666913986206));
#462=CARTESIAN_POINT('',(-1.91415143013,-10.9506568908691,-12.5919580459595));
#463=CARTESIAN_POINT('',(-0.0011971831554547,-10.8568134307861,-12.5944566726685));
#464=CARTESIAN_POINT('',(-13.2992820739746,-9.14837551116943,-6.03259372711182));
#465=CARTESIAN_POINT('',(-13.3090629577637,-9.7948055267334,-6.89032649993896));
#466=CARTESIAN_POINT('',(-14.111668586731,-10.1717100143433,-5.80743026733398));
#467=CARTESIAN_POINT('',(-12.4730491638184,-8.9100456237793,-7.11280918121338));
#468=CARTESIAN_POINT('',(-12.4856805801392,-9.67118453979492,-7.94413232803345));
#469=CARTESIAN_POINT('',(-11.628321647644,-8.90164375305176,-8.15752601623535));
#470=CARTESIAN_POINT('',(-11.6431322097778,-9.79118156433105,-8.95419692993164));
#471=CARTESIAN_POINT('',(-10.2375020980835,-8.74233722686768,-9.25578594207764));
#472=CARTESIAN_POINT('',(-10.2526979446411,-9.78063774108887,-10.0140199661255));
#473=CARTESIAN_POINT('',(-9.35579013824463,-9.2148380279541,-10.171368598938));
#474=CARTESIAN_POINT('',(-9.371901512146,-10.4104108810425,-10.8767185211182));
#475=CARTESIAN_POINT('',(-7.5329442024231,-8.25597381591797,-10.4040193557739));
#476=CARTESIAN_POINT('',(-7.54520654678345,-9.47035884857178,-11.117075920105));
#477=CARTESIAN_POINT('',(-5.67804574966431,-7.5218300819397,-10.5459260940552));
#478=CARTESIAN_POINT('',(-14.1050453186035,-9.62609577178955,-4.93103885650635));
#479=CARTESIAN_POINT('',(-5.68688344955444,-8.75032615661621,-11.2623357772827));
#480=CARTESIAN_POINT('',(-3.79911375045776,-7.00571203231812,-10.6195411682129));
#481=CARTESIAN_POINT('',(-3.80483031272888,-8.24391746520996,-11.3364315032959));
#482=CARTESIAN_POINT('',(-1.90415680408478,-6.70091199874878,-10.6472730636597));
#483=CARTESIAN_POINT('',(-1.90696513652802,-7.94472455978394,-11.3633232116699));
#484=CARTESIAN_POINT('',(-0.00118258781731129,-6.60072040557861,-10.6515283584595));
#485=CARTESIAN_POINT('',(-0.00118682975880802,-7.84633684158325,-11.3669691085815));
#486=CARTESIAN_POINT('',(1.90459489822388,-7.94447755813599,-11.3633499145508));
#487=CARTESIAN_POINT('',(1.90790355205536,-9.35640621185303,-12.0134019851685));
#488=CARTESIAN_POINT('',(3.80922055244446,-9.64885711669922,-11.9873695373535));
#489=CARTESIAN_POINT('',(3.81708741188049,-11.2354001998901,-12.566746711731));
#490=CARTESIAN_POINT('',(5.70713567733765,-11.7175054550171,-12.4921207427979));
#491=CARTESIAN_POINT('',(5.72116756439209,-13.4845371246338,-12.9944267272949));
#492=CARTESIAN_POINT('',(7.59374809265137,-14.1486444473267,-12.8416700363159));
#493=CARTESIAN_POINT('',(-14.8917474746704,-10.811990737915,-4.708909034729));
#494=CARTESIAN_POINT('',(-14.8858203887939,-9.95248031616211,-2.90775465965271));
#495=CARTESIAN_POINT('',(-15.6460390090942,-11.3382720947266,-2.71366429328918));
#496=CARTESIAN_POINT('',(-12.5015087127686,-10.5478773117065,-8.72875881195068));
#497=CARTESIAN_POINT('',(-11.6612482070923,-10.8110523223877,-9.6983060836792));
#498=CARTESIAN_POINT('',(-10.2709150314331,-10.9649534225464,-10.7134046554565));
#499=CARTESIAN_POINT('',(-9.39093208312988,-11.7668695449829,-11.5173120498657));
#500=CARTESIAN_POINT('',(-7.55969476699829,-10.8483247756958,-11.7646255493164));
#501=CARTESIAN_POINT('',(-5.69731712341309,-10.144513130188,-11.9128427505493));
#502=CARTESIAN_POINT('',(-3.81158590316772,-9.64931106567383,-11.9873142242432));
#503=CARTESIAN_POINT('',(-1.9102840423584,-9.35663890838623,-12.013388633728));
#504=CARTESIAN_POINT('',(-0.00119007425382733,-9.26035785675049,-12.0164442062378));
#505=CARTESIAN_POINT('',(1.9117625951767,-10.9504327774048,-12.5919713973999));
#506=CARTESIAN_POINT('',(3.82616519927979,-13.0170192718506,-13.0691184997559));
#507=CARTESIAN_POINT('',(-16.6680068969727,-12.4826765060425,1.18221259117126));
#508=CARTESIAN_POINT('',(-16.3754615783691,-12.2924289703369,-0.710569500923157));
#509=CARTESIAN_POINT('',(-16.8904476165771,-13.2800817489624,0.52592146396637));
#510=CARTESIAN_POINT('',(-15.6450624465942,-10.6862354278564,-0.871789753437042));
#511=CARTESIAN_POINT('',(-14.8832530975342,-8.7025089263916,0.897298276424408));
#512=CARTESIAN_POINT('',(-14.8836078643799,-9.28058910369873,-1.02549958229065));
#513=CARTESIAN_POINT('',(-15.4998264312744,-9.83310031890869,0.988240480422974));
#514=CARTESIAN_POINT('',(-14.094181060791,-8.05372619628906,-1.17096865177155));
#515=CARTESIAN_POINT('',(9.43643856048584,-15.0148630142212,-12.5830516815186));
#516=CARTESIAN_POINT('',(-13.2831115722656,-7.68643617630005,-3.26425671577454));
#517=CARTESIAN_POINT('',(-12.4558429718018,-7.68286848068237,-5.33072137832642));
#518=CARTESIAN_POINT('',(-11.6072378158569,-7.46135902404785,-6.42751932144165));
#519=CARTESIAN_POINT('',(-10.2151021957397,-7.05068206787109,-7.58413887023926));
#520=CARTESIAN_POINT('',(7.57427024841309,-12.4025726318359,-12.3414726257324));
#521=CARTESIAN_POINT('',(-9.33136177062988,-7.25268030166626,-8.58797073364258));
#522=CARTESIAN_POINT('',(-7.51434707641602,-6.26344060897827,-8.80319309234619));
#523=CARTESIAN_POINT('',(-5.66464900970459,-5.5067024230957,-8.93743228912354));
#524=CARTESIAN_POINT('',(-3.79044556617737,-4.97517538070679,-9.00975227355957));
#525=CARTESIAN_POINT('',(-1.89989602565765,-4.6615571975708,-9.0391731262207));
#526=CARTESIAN_POINT('',(-0.00117774063255638,-4.5585732460022,-9.04474258422852));
#527=CARTESIAN_POINT('',(5.69497537612915,-10.143798828125,-11.9129705429077));
#528=CARTESIAN_POINT('',(-14.0971183776855,-8.74228954315186,-3.09172606468201));
#529=CARTESIAN_POINT('',(-13.2919235229492,-8.58988094329834,-5.13891124725342));
#530=CARTESIAN_POINT('',(-12.4632263183594,-8.25155639648438,-6.23993968963623));
#531=CARTESIAN_POINT('',(-11.6164693832397,-8.1293830871582,-7.31354904174805));
#532=CARTESIAN_POINT('',(-10.2250661849976,-7.83678436279297,-8.4440450668335));
#533=CARTESIAN_POINT('',(-9.34236145019531,-8.16673278808594,-9.406662940979));
#534=CARTESIAN_POINT('',(-7.52271842956543,-7.19154357910156,-9.63090133666992));
#535=CARTESIAN_POINT('',(-5.6706805229187,-6.44523429870605,-9.76914405822754));
#536=CARTESIAN_POINT('',(-3.79434633255005,-5.92078351974487,-9.84215831756592));
#537=CARTESIAN_POINT('',(-1.90181314945221,-5.61119985580444,-9.87072277069092));
#538=CARTESIAN_POINT('',(-0.00117993692401797,-5.50947570800781,-9.87561988830566));
#539=CARTESIAN_POINT('',(1.90179657936096,-6.70067501068115,-10.6472854614258));
#540=CARTESIAN_POINT('',(3.80247902870178,-8.24343299865723,-11.3364868164062));
#541=CARTESIAN_POINT('',(-13.3216638565063,-10.5417623519897,-7.7070140838623));
#542=CARTESIAN_POINT('',(-14.1204710006714,-10.8027372360229,-6.6481761932373));
#543=CARTESIAN_POINT('',(13.1586589813232,-6.23631715774536,0.676384627819061));
#544=CARTESIAN_POINT('',(11.773211479187,-4.7786602973938,0.528597593307495));
#545=CARTESIAN_POINT('',(14.4228219985962,-7.95409440994263,0.833778440952301));
#546=CARTESIAN_POINT('',(15.6946573257446,-10.22509765625,1.018519282341));
#547=CARTESIAN_POINT('',(11.5842380523682,-4.60571193695068,0.51022732257843));
#548=CARTESIAN_POINT('',(10.2714958190918,-3.5295307636261,0.393355935811996));
#549=CARTESIAN_POINT('',(7.48956871032715,-1.79457128047943,0.201986625790596));
#550=CARTESIAN_POINT('',(9.15453243255615,-2.75099229812622,0.307816296815872));
#551=CARTESIAN_POINT('',(-17.0717506408691,-14.1209316253662,-0.542628467082977));
#552=CARTESIAN_POINT('',(-16.3747005462646,-12.9212131500244,-2.51098775863647));
#553=CARTESIAN_POINT('',(-15.6485528945923,-12.1680994033813,-4.47431373596191));
#554=CARTESIAN_POINT('',(-14.8966760635376,-11.341423034668,-5.56639957427979));
#555=CARTESIAN_POINT('',(15.6215114593506,-14.3875255584717,-0.510417401790619));
#556=CARTESIAN_POINT('',(-13.0698595046997,-20.3524570465088,-10.445686340332));
#557=CARTESIAN_POINT('',(-14.2438640594482,-20.3612537384033,-9.52756404876709));
#558=CARTESIAN_POINT('',(-13.3005800247192,-10.8305225372314,2.34254121780396));
#559=CARTESIAN_POINT('',(-13.0392894744873,-20.4751319885254,2.35340595245361));
#560=CARTESIAN_POINT('',(-13.039270401001,-10.6619787216187,2.44747114181519));
#561=CARTESIAN_POINT('',(-14.1639537811279,-20.4692459106445,1.73925304412842));
#562=CARTESIAN_POINT('',(-13.7617197036743,-11.2014799118042,2.1032977104187));
#563=CARTESIAN_POINT('',(-14.2077751159668,-11.6627883911133,1.78918564319611));
#564=CARTESIAN_POINT('',(-14.6381349563599,-20.4650955200195,1.30529141426086));
#565=CARTESIAN_POINT('',(-14.6350317001343,-12.2148818969727,1.38763844966888));
#566=CARTESIAN_POINT('',(-15.0350847244263,-12.8646564483643,0.876475811004639));
#567=CARTESIAN_POINT('',(-15.0366821289062,-20.4602546691895,0.800984859466553));
#568=CARTESIAN_POINT('',(-15.3471765518188,-13.5253934860229,0.309683829545975));
#569=CARTESIAN_POINT('',(-15.567907333374,-20.4490699768066,-0.365111470222473));
#570=CARTESIAN_POINT('',(-15.021900177002,-20.3704013824463,-8.57248783111572));
#571=CARTESIAN_POINT('',(-14.8508348464966,-20.3679962158203,-8.82309818267822));
#572=CARTESIAN_POINT('',(-10.0447473526001,-9.35093879699707,3.18806838989258));
#573=CARTESIAN_POINT('',(-8.94400596618652,-20.4837265014648,3.24926733970642));
#574=CARTESIAN_POINT('',(-8.56001377105713,-20.4842281341553,3.30027151107788));
#575=CARTESIAN_POINT('',(-11.1973447799683,-9.77090167999268,2.96491074562073));
#576=CARTESIAN_POINT('',(-11.1024417877197,-20.4802150726318,2.8824770450592));
#577=CARTESIAN_POINT('',(-12.1695289611816,-10.1994476318359,2.72374439239502));
#578=CARTESIAN_POINT('',(-7.88453197479248,-8.77056217193604,3.47587251663208));
#579=CARTESIAN_POINT('',(-7.28913307189941,-20.4850044250488,3.38134527206421));
#580=CARTESIAN_POINT('',(-7.2891092300415,-8.73235702514648,3.49400162696838));
#581=CARTESIAN_POINT('',(-8.55999565124512,-8.90505790710449,3.41126537322998));
#582=CARTESIAN_POINT('',(7.2890772819519,-8.73238468170166,3.49400162696838));
#583=CARTESIAN_POINT('',(7.28905725479126,-20.4850330352783,3.38134503364563));
#584=CARTESIAN_POINT('',(-7.28913068771362,-20.9801864624023,2.87658190727234));
#585=CARTESIAN_POINT('',(7.28905582427979,-20.9802150726318,2.87658190727234));
#586=CARTESIAN_POINT('',(-15.9639959335327,-20.4293479919434,-2.42256927490234));
#587=CARTESIAN_POINT('',(-16.0603275299072,-20.4183368682861,-3.57234978675842));
#588=CARTESIAN_POINT('',(-16.0753707885742,-20.4113159179688,-4.3032922744751));
#589=CARTESIAN_POINT('',(-15.9563665390015,-20.3958950042725,-5.9135274887085));
#590=CARTESIAN_POINT('',(-16.0350017547607,-20.4023628234863,-5.23737335205078));
#591=CARTESIAN_POINT('',(-15.4309968948364,-20.3777256011963,-7.80898761749268));
#592=CARTESIAN_POINT('',(-15.5953931808472,-20.3817005157471,-7.39441156387329));
#593=CARTESIAN_POINT('',(-15.8085193634033,-20.3886051177979,-6.67404794692993));
#594=CARTESIAN_POINT('',(8.49639511108398,-20.9794807434082,2.79954624176025));
#595=CARTESIAN_POINT('',(8.55993747711182,-20.4842548370361,3.30027174949646));
#596=CARTESIAN_POINT('',(7.93850803375244,-8.77780723571777,3.47243547439575));
#597=CARTESIAN_POINT('',(8.55996036529541,-8.90508651733398,3.41126537322998));
#598=CARTESIAN_POINT('',(7.59701490402222,-10.8768424987793,-6.95272016525269));
#599=CARTESIAN_POINT('',(7.78845405578613,-12.0801448822021,-7.60361814498901));
#600=CARTESIAN_POINT('',(8.87363052368164,-12.9084892272949,-7.47288227081299));
#601=CARTESIAN_POINT('',(6.91089487075806,-11.025598526001,-7.39789342880249));
#602=CARTESIAN_POINT('',(10.612455368042,-13.683443069458,-6.54782724380493));
#603=CARTESIAN_POINT('',(10.930248260498,-14.9068088531494,-7.0136284828186));
#604=CARTESIAN_POINT('',(11.305980682373,-15.1344480514526,-6.74546098709106));
#605=CARTESIAN_POINT('',(10.6930837631226,-14.7580947875977,-7.15330791473389));
#606=CARTESIAN_POINT('',(9.67739868164062,-12.6130781173706,-6.69998264312744));
#607=CARTESIAN_POINT('',(9.87225437164307,-13.8265171051025,-7.31014633178711));
#608=CARTESIAN_POINT('',(9.14307689666748,-13.867772102356,-7.79722118377686));
#609=CARTESIAN_POINT('',(9.01501274108887,-13.8005256652832,-7.83626079559326));
#610=CARTESIAN_POINT('',(10.4575929641724,-12.6697864532471,-5.88438129425049));
#611=CARTESIAN_POINT('',(11.3551387786865,-13.955283164978,-5.74103927612305));
#612=CARTESIAN_POINT('',(11.492992401123,-14.9683198928833,-6.38807201385498));
#613=CARTESIAN_POINT('',(8.68013000488281,-11.7008638381958,-6.84040546417236));
#614=CARTESIAN_POINT('',(11.689887046814,-15.2455310821533,-6.30653381347656));
#615=CARTESIAN_POINT('',(6.91088628768921,-10.2363815307617,-6.86135768890381));
#616=CARTESIAN_POINT('',(7.6250638961792,-10.2405462265015,-6.42599487304688));
#617=CARTESIAN_POINT('',(8.5179271697998,-10.7087898254395,-6.14496421813965));
#618=CARTESIAN_POINT('',(9.51741123199463,-11.6101131439209,-6.0186824798584));
#619=CARTESIAN_POINT('',(9.39714527130127,-10.7735815048218,-5.25110149383545));
#620=CARTESIAN_POINT('',(10.3431072235107,-11.8212099075317,-5.12570095062256));
#621=CARTESIAN_POINT('',(9.30840969085693,-10.2572956085205,-4.67980861663818));
#622=CARTESIAN_POINT('',(10.2645053863525,-11.1074638366699,-4.26091527938843));
#623=CARTESIAN_POINT('',(9.71731758117676,-10.264105796814,-3.96868300437927));
#624=CARTESIAN_POINT('',(10.0758304595947,-10.271800994873,-3.16681385040283));
#625=CARTESIAN_POINT('',(11.2557287216187,-13.1050672531128,-4.99006223678589));
#626=CARTESIAN_POINT('',(11.5627412796021,-15.2446908950806,-6.49092102050781));
#627=CARTESIAN_POINT('',(7.28905582427979,-20.9466667175293,-0.623256981372833));
#628=CARTESIAN_POINT('',(6.91088628768921,-10.2971563339233,-0.521174609661102));
#629=CARTESIAN_POINT('',(7.2890739440918,-10.2971601486206,-0.521174669265747));
#630=CARTESIAN_POINT('',(6.9108681678772,-20.946662902832,-0.623256981372833));
#631=CARTESIAN_POINT('',(10.0667266845703,-10.2936096191406,-0.890989482402802));
#632=CARTESIAN_POINT('',(8.82741546630859,-10.2510805130005,-5.32732343673706));
#633=CARTESIAN_POINT('',(9.14313125610352,-10.2951822280884,-0.726592540740967));
#634=CARTESIAN_POINT('',(8.27011585235596,-10.2455158233643,-5.90787553787231));
#635=CARTESIAN_POINT('',(8.05160427093506,-10.2966823577881,-0.569824576377869));
#636=CARTESIAN_POINT('',(10.4006032943726,-10.2807321548462,-2.23577260971069));
#637=CARTESIAN_POINT('',(10.7265386581421,-10.2922267913818,-1.03531551361084));
#638=CARTESIAN_POINT('',(11.061131477356,-10.8285627365112,-1.12620186805725));
#639=CARTESIAN_POINT('',(11.8929052352905,-12.6897535324097,-2.16425275802612));
#640=CARTESIAN_POINT('',(11.7091341018677,-12.0209760665894,-1.33810651302338));
#641=CARTESIAN_POINT('',(11.1187725067139,-11.2753448486328,-2.09148979187012));
#642=CARTESIAN_POINT('',(11.1449422836304,-11.7873516082764,-3.15998697280884));
#643=CARTESIAN_POINT('',(10.2142391204834,-10.504322052002,-3.28736329078674));
#644=CARTESIAN_POINT('',(11.1881656646729,-12.3899974822998,-4.12898921966553));
#645=CARTESIAN_POINT('',(12.0435066223145,-14.5457830429077,-4.90872430801392));
#646=CARTESIAN_POINT('',(13.069787979126,-20.3524971008301,-10.445686340332));
#647=CARTESIAN_POINT('',(15.0854825973511,-20.9478511810303,-0.501594603061676));
#648=CARTESIAN_POINT('',(15.0365915298462,-20.4603137969971,0.800984799861908));
#649=CARTESIAN_POINT('',(14.6206560134888,-20.9576168060303,0.518730521202087));
#650=CARTESIAN_POINT('',(15.5678243637085,-20.4491271972656,-0.365096598863602));
#651=CARTESIAN_POINT('',(15.4120960235596,-13.693531036377,0.157310649752617));
#652=CARTESIAN_POINT('',(15.1278419494629,-13.0421228408813,0.729139506816864));
#653=CARTESIAN_POINT('',(15.567834854126,-14.1810255050659,-0.305012851953506));
#654=CARTESIAN_POINT('',(14.7717475891113,-12.419734954834,1.23118782043457));
#655=CARTESIAN_POINT('',(14.6380472183228,-20.4651412963867,1.30529141426086));
#656=CARTESIAN_POINT('',(14.1638631820679,-20.469295501709,1.73925304412842));
#657=CARTESIAN_POINT('',(13.0392065048218,-20.4751834869385,2.35340595245361));
#658=CARTESIAN_POINT('',(13.5300436019897,-11.0027618408203,2.23294162750244));
#659=CARTESIAN_POINT('',(13.0392236709595,-10.6620273590088,2.44747114181519));
#660=CARTESIAN_POINT('',(13.9677772521973,-11.4012145996094,1.9696364402771));
#661=CARTESIAN_POINT('',(14.3702821731567,-11.8588991165161,1.64988148212433));
#662=CARTESIAN_POINT('',(14.9822006225586,-20.3698749542236,-8.63326740264893));
#663=CARTESIAN_POINT('',(14.8136835098267,-20.3675651550293,-8.87368583679199));
#664=CARTESIAN_POINT('',(14.1381616592407,-20.3603343963623,-9.62885761260986));
#665=CARTESIAN_POINT('',(15.5452966690063,-20.3804550170898,-7.53015470504761));
#666=CARTESIAN_POINT('',(15.3786840438843,-20.376672744751,-7.92427253723145));
#667=CARTESIAN_POINT('',(15.9119424819946,-20.3933715820312,-6.18176603317261));
#668=CARTESIAN_POINT('',(13.8570203781128,-20.9654884338379,1.33970201015472));
#669=CARTESIAN_POINT('',(-11.6399974822998,-20.8504791259766,-10.6538553237915));
#670=CARTESIAN_POINT('',(-10.503623008728,-20.3411617279053,-11.6234493255615));
#671=CARTESIAN_POINT('',(-10.1968374252319,-20.8452548980713,-11.1998090744019));
#672=CARTESIAN_POINT('',(-12.1907539367676,-20.3477325439453,-10.9379835128784));
#673=CARTESIAN_POINT('',(-12.8024082183838,-20.8564720153809,-10.0280351638794));
#674=CARTESIAN_POINT('',(11.5356826782227,-20.3449077606201,-11.2378702163696));
#675=CARTESIAN_POINT('',(12.8023347854614,-20.856517791748,-10.0280351638794));
#676=CARTESIAN_POINT('',(15.3380041122437,-20.9370269775391,-1.62988841533661));
#677=CARTESIAN_POINT('',(15.9560289382935,-20.4300231933594,-2.35848236083984));
#678=CARTESIAN_POINT('',(15.5464162826538,-20.9208202362061,-3.32080936431885));
#679=CARTESIAN_POINT('',(16.04421043396,-20.4211578369141,-3.28405523300171));
#680=CARTESIAN_POINT('',(16.0739250183105,-20.4101467132568,-4.43242025375366));
#681=CARTESIAN_POINT('',(15.5541095733643,-20.9052619934082,-4.94487190246582));
#682=CARTESIAN_POINT('',(16.054027557373,-20.4049987792969,-4.96977615356445));
#683=CARTESIAN_POINT('',(15.373984336853,-20.8919334411621,-6.33495235443115));
#684=CARTESIAN_POINT('',(15.3065319061279,-20.8891258239746,-6.62752342224121));
#685=CARTESIAN_POINT('',(14.9246253967285,-20.8786697387695,-7.71762704849243));
#686=CARTESIAN_POINT('',(14.4140291213989,-20.8704071044922,-8.58076763153076));
#687=CARTESIAN_POINT('',(13.7588396072388,-20.8634853363037,-9.30251693725586));
#688=CARTESIAN_POINT('',(12.8729419708252,-20.9706363677979,1.8770877122879));
#689=CARTESIAN_POINT('',(-3.08682870864868,-20.3314266204834,-12.6405267715454));
#690=CARTESIAN_POINT('',(-6.1259617805481,-20.3330020904541,-12.4758014678955));
#691=CARTESIAN_POINT('',(5.35519409179688,-20.3324089050293,-12.5393667221069));
#692=CARTESIAN_POINT('',(4.18743371963501,-20.3317852020264,-12.604944229126));
#693=CARTESIAN_POINT('',(1.58323395252228,-20.3312435150146,-12.6611490249634));
#694=CARTESIAN_POINT('',(9.8109655380249,-20.3392009735107,-11.8327722549438));
#695=CARTESIAN_POINT('',(8.80272102355957,-20.3368339538574,-12.0785255432129));
#696=CARTESIAN_POINT('',(7.74940919876099,-20.3349781036377,-12.2731847763062));
#697=CARTESIAN_POINT('',(6.74210739135742,-20.3336429595947,-12.4109697341919));
#698=CARTESIAN_POINT('',(10.7700347900391,-20.342077255249,-11.5328998565674));
#699=CARTESIAN_POINT('',(-8.49929618835449,-20.3362197875977,-12.1405563354492));
#700=CARTESIAN_POINT('',(11.9400215148926,-14.9442539215088,-5.59708976745605));
#701=CARTESIAN_POINT('',(8.05081844329834,-13.3200283050537,-8.08127498626709));
#702=CARTESIAN_POINT('',(6.91089105606079,-11.8777780532837,-7.86432361602783));
#703=CARTESIAN_POINT('',(-10.0313243865967,-10.2707014083862,-3.27777767181396));
#704=CARTESIAN_POINT('',(-10.3415679931641,-11.1987018585205,-4.24387836456299));
#705=CARTESIAN_POINT('',(-9.65218734741211,-10.2628688812256,-4.09460687637329));
#706=CARTESIAN_POINT('',(-10.291955947876,-10.5973358154297,-3.27241468429565));
#707=CARTESIAN_POINT('',(-10.3797950744629,-10.2800388336182,-2.30276489257812));
#708=CARTESIAN_POINT('',(-12.0386276245117,-14.5767755508423,-4.96023941040039));
#709=CARTESIAN_POINT('',(-11.9452095031738,-14.931131362915,-5.57327032089233));
#710=CARTESIAN_POINT('',(-11.3906946182251,-14.0039310455322,-5.7262167930603));
#711=CARTESIAN_POINT('',(-12.0457410812378,-14.5310916900635,-4.88450241088867));
#712=CARTESIAN_POINT('',(-11.2927856445312,-13.157751083374,-4.97617244720459));
#713=CARTESIAN_POINT('',(-11.2262563705444,-12.4457530975342,-4.11641025543213));
#714=CARTESIAN_POINT('',(-11.5266275405884,-15.0116386413574,-6.37240839004517));
#715=CARTESIAN_POINT('',(-10.6851167678833,-13.7651329040527,-6.52585554122925));
#716=CARTESIAN_POINT('',(-7.91600894927979,-12.1499099731445,-7.57987785339355));
#717=CARTESIAN_POINT('',(-7.72465991973877,-10.952898979187,-6.93194627761841));
#718=CARTESIAN_POINT('',(-8.84711837768555,-11.8273363113403,-6.8088641166687));
#719=CARTESIAN_POINT('',(-7.08912181854248,-10.9649839401245,-7.2795729637146));
#720=CARTESIAN_POINT('',(-7.08913040161133,-20.9466400146484,-0.623256981372833));
#721=CARTESIAN_POINT('',(-7.08911228179932,-10.2372932434082,-6.76393795013428));
#722=CARTESIAN_POINT('',(-7.08911657333374,-11.8150672912598,-7.76578760147095));
#723=CARTESIAN_POINT('',(-7.08912992477417,-20.8727397918701,-8.3328685760498));
#724=CARTESIAN_POINT('',(-7.08911800384521,-12.8925647735596,-8.25637340545654));
#725=CARTESIAN_POINT('',(-7.08911228179932,-10.2971343994141,-0.521174669265747));
#726=CARTESIAN_POINT('',(-9.5164213180542,-10.8862962722778,-5.22790765762329));
#727=CARTESIAN_POINT('',(-7.28911256790161,-10.2971324920654,-0.521174609661102));
#728=CARTESIAN_POINT('',(-7.90649461746216,-20.8741626739502,-8.18451881408691));
#729=CARTESIAN_POINT('',(-8.67778491973877,-13.627161026001,-7.93132638931274));
#730=CARTESIAN_POINT('',(-9.14802932739258,-13.8703269958496,-7.79569673538208));
#731=CARTESIAN_POINT('',(-8.07987499237061,-13.3337430953979,-8.07502937316895));
#732=CARTESIAN_POINT('',(-7.6567964553833,-13.1381673812866,-8.1602258682251));
#733=CARTESIAN_POINT('',(-9.56966018676758,-14.097469329834,-7.65405607223511));
#734=CARTESIAN_POINT('',(-9.62825393676758,-20.8788242340088,-7.69739246368408));
#735=CARTESIAN_POINT('',(-9.62797832489014,-14.1296710968018,-7.63280200958252));
#736=CARTESIAN_POINT('',(-10.0524110794067,-14.3706655502319,-7.46441125869751));
#737=CARTESIAN_POINT('',(-10.2936983108521,-14.513277053833,-7.35651779174805));
#738=CARTESIAN_POINT('',(-10.9303169250488,-20.8848190307617,-7.07093143463135));
#739=CARTESIAN_POINT('',(-10.9302997589111,-14.9067821502686,-7.0136284828186));
#740=CARTESIAN_POINT('',(-7.28913068771362,-20.9466381072998,-0.623256981372833));
#741=CARTESIAN_POINT('',(-11.3220558166504,-15.1433086395264,-6.7321195602417));
#742=CARTESIAN_POINT('',(-7.88079738616943,-10.2423343658447,-6.23711681365967));
#743=CARTESIAN_POINT('',(-8.48410892486572,-10.2474565505981,-5.70218944549561));
#744=CARTESIAN_POINT('',(-8.68642807006836,-10.8387889862061,-6.11610889434814));
#745=CARTESIAN_POINT('',(-8.76203441619873,-10.2503261566162,-5.40355396270752));
#746=CARTESIAN_POINT('',(-12.0233535766602,-13.379861831665,-3.11451268196106));
#747=CARTESIAN_POINT('',(-11.1836738586426,-11.845458984375,-3.14936804771423));
#748=CARTESIAN_POINT('',(-11.1578493118286,-11.3352737426758,-2.08358526229858));
#749=CARTESIAN_POINT('',(-12.0755815505981,-14.0804786682129,-4.16435766220093));
#750=CARTESIAN_POINT('',(-12.0240955352783,-13.3852653503418,-3.1222984790802));
#751=CARTESIAN_POINT('',(-11.7034664154053,-15.241602897644,-6.28274297714233));
#752=CARTESIAN_POINT('',(-11.547308921814,-15.2410068511963,-6.50967741012573));
#753=CARTESIAN_POINT('',(-11.8213758468628,-15.1551656723022,-6.01842021942139));
#754=CARTESIAN_POINT('',(-11.8244342803955,-15.1515092849731,-6.00993537902832));
#755=CARTESIAN_POINT('',(-11.5326128005981,-15.2370681762695,-6.52695608139038));
#756=CARTESIAN_POINT('',(-9.98845672607422,-13.9279537200928,-7.27863311767578));
#757=CARTESIAN_POINT('',(-9.03969097137451,-13.0289487838745,-7.43757200241089));
#758=CARTESIAN_POINT('',(-9.23333549499512,-10.2561883926392,-4.79245615005493));
#759=CARTESIAN_POINT('',(-11.5333757400513,-20.8895359039307,-6.58025884628296));
#760=CARTESIAN_POINT('',(-11.8212547302246,-20.8943824768066,-6.07383632659912));
#761=CARTESIAN_POINT('',(-3.93913078308105,-20.4966640472412,-0.618943572044373));
#762=CARTESIAN_POINT('',(-4.38913106918335,-20.9509601593018,-0.173277467489243));
#763=CARTESIAN_POINT('',(-3.93913078308105,-20.4291477203369,-7.66253280639648));
#764=CARTESIAN_POINT('',(-1.93913102149963,-20.9509658813477,-0.173277482390404));
#765=CARTESIAN_POINT('',(-2.3891294002533,-20.4966697692871,-0.618943572044373));
#766=CARTESIAN_POINT('',(-3.93911409378052,-10.29714012146,-0.521174669265747));
#767=CARTESIAN_POINT('',(-2.3891122341156,-10.2971296310425,-0.521174550056458));
#768=CARTESIAN_POINT('',(-3.93911409378052,-10.2296228408813,-7.56476402282715));
#769=CARTESIAN_POINT('',(-2.38911199569702,-10.2292184829712,-7.60582971572876));
#770=CARTESIAN_POINT('',(3.5608696937561,-20.8746280670166,-8.13734340667725));
#771=CARTESIAN_POINT('',(3.11086750030518,-20.4966716766357,-0.618943512439728));
#772=CARTESIAN_POINT('',(3.11086750030518,-20.4288959503174,-7.68950319290161));
#773=CARTESIAN_POINT('',(3.56086945533752,-20.9509696960449,-0.173277422785759));
#774=CARTESIAN_POINT('',(3.11088824272156,-10.2971477508545,-0.521174609661102));
#775=CARTESIAN_POINT('',(-4.38913106918335,-20.8749294281006,-8.10505485534668));
#776=CARTESIAN_POINT('',(3.11088824272156,-10.2293720245361,-7.59173393249512));
#777=CARTESIAN_POINT('',(1.56086957454681,-20.4286785125732,-7.71191310882568));
#778=CARTESIAN_POINT('',(1.1108695268631,-20.8742828369141,-8.17276287078857));
#779=CARTESIAN_POINT('',(1.11086940765381,-20.950963973999,-0.173277407884598));
#780=CARTESIAN_POINT('',(-2.38912916183472,-20.4287586212158,-7.7035984992981));
#781=CARTESIAN_POINT('',(-1.93913078308105,-20.8743114471436,-8.16997623443604));
#782=CARTESIAN_POINT('',(-12.0455408096313,-20.905179977417,-4.94795656204224));
#783=CARTESIAN_POINT('',(-12.0233745574951,-20.9220504760742,-3.18689870834351));
#784=CARTESIAN_POINT('',(-11.7092008590698,-20.9389533996582,-1.42359125614166));
#785=CARTESIAN_POINT('',(-11.8987913131714,-12.7147254943848,-2.19711256027222));
#786=CARTESIAN_POINT('',(-11.7091865539551,-12.0209503173828,-1.33810663223267));
#787=CARTESIAN_POINT('',(-10.0667905807495,-20.9430866241455,-0.993071794509888));
#788=CARTESIAN_POINT('',(-8.05164241790771,-10.2966632843018,-0.569824695587158));
#789=CARTESIAN_POINT('',(-8.05165958404541,-20.9461688995361,-0.671907007694244));
#790=CARTESIAN_POINT('',(-10.0667676925659,-10.2935791015625,-0.890989542007446));
#791=CARTESIAN_POINT('',(-10.726580619812,-10.2921943664551,-1.03531551361084));
#792=CARTESIAN_POINT('',(-10.9996690750122,-20.9410438537598,-1.20661056041718));
#793=CARTESIAN_POINT('',(-11.3659391403198,-11.3622179031372,-1.21913421154022));
#794=CARTESIAN_POINT('',(6.91088199615479,-12.8195810317993,-8.28273487091064));
#795=CARTESIAN_POINT('',(-10.4190835952759,-11.9102420806885,-5.10713768005371));
#796=CARTESIAN_POINT('',(10.0667085647583,-20.9431304931641,-0.993071913719177));
#797=CARTESIAN_POINT('',(11.7091188430786,-20.9389934539795,-1.42359125614166));
#798=CARTESIAN_POINT('',(8.05158519744873,-20.9462051391602,-0.671907007694244));
#799=CARTESIAN_POINT('',(12.0204467773438,-20.9223785400391,-3.15784287452698));
#800=CARTESIAN_POINT('',(12.0203723907471,-13.359037399292,-3.08447909355164));
#801=CARTESIAN_POINT('',(12.0565013885498,-20.9065647125244,-4.80838346481323));
#802=CARTESIAN_POINT('',(12.056848526001,-14.4439172744751,-4.74153232574463));
#803=CARTESIAN_POINT('',(12.0746440887451,-13.9959211349487,-4.03342390060425));
#804=CARTESIAN_POINT('',(9.1431131362915,-20.9447059631348,-0.828674972057343));
#805=CARTESIAN_POINT('',(12.0273246765137,-13.4094133377075,-3.15711665153503));
#806=CARTESIAN_POINT('',(11.8472843170166,-20.8951473236084,-5.99833583831787));
#807=CARTESIAN_POINT('',(11.8491582870483,-15.1188364028931,-5.93725872039795));
#808=CARTESIAN_POINT('',(10.9302349090576,-20.8848628997803,-7.07093143463135));
#809=CARTESIAN_POINT('',(11.5280094146729,-15.2358207702637,-6.53220367431641));
#810=CARTESIAN_POINT('',(11.5628623962402,-20.8899173736572,-6.54489994049072));
#811=CARTESIAN_POINT('',(11.8137035369873,-15.1640253067017,-6.03921794891357));
#812=CARTESIAN_POINT('',(9.01513290405273,-20.8768787384033,-7.90407705307007));
#813=CARTESIAN_POINT('',(10.0023336410522,-14.3416585922241,-7.48560619354248));
#814=CARTESIAN_POINT('',(10.4684228897095,-20.8823585510254,-7.33182382583618));
#815=CARTESIAN_POINT('',(-10.5320463180542,-12.7558307647705,-5.86434412002563));
#816=CARTESIAN_POINT('',(-9.63555240631104,-11.7208261489868,-5.99357604980469));
#817=CARTESIAN_POINT('',(-9.79437255859375,-12.7203903198242,-6.67217588424683));
#818=CARTESIAN_POINT('',(-7.24204158782959,-10.2381477355957,-6.67472887039185));
#819=CARTESIAN_POINT('',(6.91086864471436,-20.872501373291,-8.3599271774292));
#820=CARTESIAN_POINT('',(-8.35164356231689,-20.8407974243164,-11.665150642395));
#821=CARTESIAN_POINT('',(-6.25578737258911,-20.8379230499268,-11.9656190872192));
#822=CARTESIAN_POINT('',(-5.36694860458374,-4.6486496925354,3.36253547668457));
#823=CARTESIAN_POINT('',(-5.36494779586792,-5.66280269622803,3.89680600166321));
#824=CARTESIAN_POINT('',(-3.60738205909729,-4.2299599647522,3.3974552154541));
#825=CARTESIAN_POINT('',(-7.06462049484253,-6.23233509063721,3.83440661430359));
#826=CARTESIAN_POINT('',(-7.07422208786011,-5.24200963973999,3.31942892074585));
#827=CARTESIAN_POINT('',(-8.68862819671631,-6.97241020202637,3.76250433921814));
#828=CARTESIAN_POINT('',(-8.71176719665527,-6.01421880722046,3.27143454551697));
#829=CARTESIAN_POINT('',(14.4788408279419,-10.5819883346558,2.4964907169342));
#830=CARTESIAN_POINT('',(14.0178117752075,-9.58763027191162,2.38470649719238));
#831=CARTESIAN_POINT('',(13.6216917037964,-9.92800807952881,2.87812209129333));
#832=CARTESIAN_POINT('',(14.336932182312,-8.86987113952637,1.62610852718353));
#833=CARTESIAN_POINT('',(13.3473691940308,-8.55926704406738,2.35352420806885));
#834=CARTESIAN_POINT('',(13.6218252182007,-7.78119945526123,1.56032121181488));
#835=CARTESIAN_POINT('',(12.6515407562256,-7.66792774200439,2.32996964454651));
#836=CARTESIAN_POINT('',(12.8830118179321,-6.83205032348633,1.50151169300079));
#837=CARTESIAN_POINT('',(11.9313268661499,-6.89302921295166,2.31273484230042));
#838=CARTESIAN_POINT('',(-3.60852718353271,-5.26031637191772,3.94598078727722));
#839=CARTESIAN_POINT('',(12.1223096847534,-6.00235891342163,1.44903767108917));
#840=CARTESIAN_POINT('',(11.3415508270264,-5.27212190628052,1.40225672721863));
#841=CARTESIAN_POINT('',(11.1877393722534,-6.21395921707153,2.30060195922852));
#842=CARTESIAN_POINT('',(10.4217767715454,-5.61013317108154,2.29227805137634));
#843=CARTESIAN_POINT('',(10.5425624847412,-4.62129211425781,1.36058592796326));
#844=CARTESIAN_POINT('',(9.57540702819824,-5.02448225021362,2.28626847267151));
#845=CARTESIAN_POINT('',(9.666090965271,-3.99035811424255,1.32084047794342));
#846=CARTESIAN_POINT('',(8.76707363128662,-4.53206539154053,2.28285217285156));
#847=CARTESIAN_POINT('',(8.83460903167725,-3.46061682701111,1.28818690776825));
#848=CARTESIAN_POINT('',(7.09882307052612,-3.69724774360657,2.2810640335083));
#849=CARTESIAN_POINT('',(7.13240909576416,-2.56430506706238,1.23474216461182));
#850=CARTESIAN_POINT('',(5.37365055084229,-3.0577130317688,2.28394556045532));
#851=CARTESIAN_POINT('',(5.38691377639771,-1.87960076332092,1.19581019878387));
#852=CARTESIAN_POINT('',(3.60578846931458,-2.60788607597351,2.28903222084045));
#853=CARTESIAN_POINT('',(3.60895442962646,-1.39940321445465,1.16987919807434));
#854=CARTESIAN_POINT('',(-1.81295120716095,-3.981773853302,3.42083096504211));
#855=CARTESIAN_POINT('',(-1.81426692008972,-5.02134847640991,3.97820901870728));
#856=CARTESIAN_POINT('',(-0.00108028063550591,-3.89991164207458,3.4293794631958));
#857=CARTESIAN_POINT('',(-12.6549186706543,-7.6718111038208,2.33005118370056));
#858=CARTESIAN_POINT('',(-12.4466753005981,-8.91049098968506,3.15750932693481));
#859=CARTESIAN_POINT('',(-11.9348163604736,-6.8964056968689,2.31280636787415));
#860=CARTESIAN_POINT('',(-13.5979032516479,-9.91101932525635,2.88756847381592));
#861=CARTESIAN_POINT('',(-13.3506307601929,-8.56373310089111,2.35365962982178));
#862=CARTESIAN_POINT('',(-14.0209531784058,-9.59280204772949,2.38486504554749));
#863=CARTESIAN_POINT('',(-13.6252956390381,-7.78594923019409,1.56061792373657));
#864=CARTESIAN_POINT('',(-14.3402900695801,-8.87532329559326,1.6264283657074));
#865=CARTESIAN_POINT('',(-0.00107164704240859,-1.02391290664673,1.15096175670624));
#866=CARTESIAN_POINT('',(1.80935072898865,-1.11655104160309,1.15543854236603));
#867=CARTESIAN_POINT('',(8.70985984802246,-6.01323080062866,3.27148866653442));
#868=CARTESIAN_POINT('',(7.73885250091553,-7.23804378509521,4.12845134735107));
#869=CARTESIAN_POINT('',(8.67380428314209,-7.53154230117798,4.01452970504761));
#870=CARTESIAN_POINT('',(7.06263065338135,-6.23159503936768,3.8344886302948));
#871=CARTESIAN_POINT('',(7.07222318649292,-5.24123048782349,3.31948161125183));
#872=CARTESIAN_POINT('',(5.36288118362427,-5.66225671768188,3.8968710899353));
#873=CARTESIAN_POINT('',(5.36487913131714,-4.64806461334229,3.36258578300476));
#874=CARTESIAN_POINT('',(3.60640692710876,-5.25995588302612,3.94602918624878));
#875=CARTESIAN_POINT('',(3.60526490211487,-4.22957849502563,3.39748907089233));
#876=CARTESIAN_POINT('',(1.81211245059967,-5.02117252349854,3.9782407283783));
#877=CARTESIAN_POINT('',(1.81080162525177,-3.98158931732178,3.42086267471313));
#878=CARTESIAN_POINT('',(-0.00108056352473795,-4.94241857528687,3.98979949951172));
#879=CARTESIAN_POINT('',(1.80946946144104,-2.34214735031128,2.29388952255249));
#880=CARTESIAN_POINT('',(-0.00107441504951566,-2.2548770904541,2.29605221748352));
#881=CARTESIAN_POINT('',(15.6887102127075,-11.5458841323853,1.7810378074646));
#882=CARTESIAN_POINT('',(15.3375778198242,-11.3101377487183,2.03102588653564));
#883=CARTESIAN_POINT('',(16.3809852600098,-12.2335023880005,1.37363159656525));
#884=CARTESIAN_POINT('',(15.0265064239502,-10.1180830001831,1.69945669174194));
#885=CARTESIAN_POINT('',(-7.13445806503296,-2.56520795822144,1.23479282855988));
#886=CARTESIAN_POINT('',(-5.38900470733643,-1.88027238845825,1.19584822654724));
#887=CARTESIAN_POINT('',(-10.5463981628418,-4.62416696548462,1.36076664924622));
#888=CARTESIAN_POINT('',(-9.66805267333984,-3.99164199829102,1.3209171295166));
#889=CARTESIAN_POINT('',(-11.3453054428101,-5.27532815933228,1.40247905254364));
#890=CARTESIAN_POINT('',(-12.1259775161743,-6.00599527359009,1.44927072525024));
#891=CARTESIAN_POINT('',(-1.81161236763,-2.34234094619751,2.29388737678528));
#892=CARTESIAN_POINT('',(-1.8114892244339,-1.11676204204559,1.15545129776001));
#893=CARTESIAN_POINT('',(-3.607905626297,-2.60830283164978,2.28902816772461));
#894=CARTESIAN_POINT('',(-3.61107683181763,-1.39983856678009,1.1699047088623));
#895=CARTESIAN_POINT('',(-5.37572765350342,-3.05833649635315,2.28393936157227));
#896=CARTESIAN_POINT('',(-7.10084438323975,-3.69809126853943,2.28107047080994));
#897=CARTESIAN_POINT('',(-8.76902198791504,-4.53314113616943,2.28287148475647));
#898=CARTESIAN_POINT('',(-8.83660316467285,-3.46177506446838,1.28826487064362));
#899=CARTESIAN_POINT('',(-9.57731342315674,-5.02566194534302,2.28628659248352));
#900=CARTESIAN_POINT('',(-10.4254713058472,-5.61279773712158,2.29229688644409));
#901=CARTESIAN_POINT('',(-11.1913299560547,-6.21694469451904,2.30064749717712));
#902=CARTESIAN_POINT('',(-12.8865814208984,-6.83619022369385,1.50176954269409));
#903=CARTESIAN_POINT('',(-11.7640991210938,-8.1926794052124,3.17464232444763));
#904=CARTESIAN_POINT('',(-11.0549325942993,-7.56593084335327,3.19607353210449));
#905=CARTESIAN_POINT('',(-8.1782054901123,-7.37162590026855,4.07744312286377));
#906=CARTESIAN_POINT('',(6.16022825241089,-6.82152557373047,4.2802848815918));
#907=CARTESIAN_POINT('',(5.36154508590698,-6.64767503738403,4.34063529968262));
#908=CARTESIAN_POINT('',(-1.40833914279938,-7.0108757019043,4.21249961853027));
#909=CARTESIAN_POINT('',(11.1690883636475,-9.75965213775635,2.9710841178894));
#910=CARTESIAN_POINT('',(11.7505550384521,-8.79565334320068,3.46426224708557));
#911=CARTESIAN_POINT('',(11.7073822021484,-8.77379131317139,3.47473907470703));
#912=CARTESIAN_POINT('',(12.6864442825317,-9.3139762878418,3.20713973045349));
#913=CARTESIAN_POINT('',(11.5058898925781,-9.89828300476074,2.89467978477478));
#914=CARTESIAN_POINT('',(12.8324213027954,-9.40308284759521,3.16107320785522));
#915=CARTESIAN_POINT('',(10.8480787277222,-9.6351900100708,3.03845620155334));
#916=CARTESIAN_POINT('',(10.9912481307983,-8.43163776397705,3.63325142860413));
#917=CARTESIAN_POINT('',(10.9037866592407,-8.39439296722412,3.65177369117737));
#918=CARTESIAN_POINT('',(10.0914878845215,-9.36659336090088,3.18000555038452));
#919=CARTESIAN_POINT('',(10.7010622024536,-8.30923843383789,3.69313812255859));
#920=CARTESIAN_POINT('',(10.2533884048462,-8.10468101501465,3.76807308197021));
#921=CARTESIAN_POINT('',(9.27197933197021,-7.74092197418213,3.93166542053223));
#922=CARTESIAN_POINT('',(-10.7410726547241,-8.32615756988525,3.68527102470398));
#923=CARTESIAN_POINT('',(-10.9094429016113,-8.39671230316162,3.65058875083923));
#924=CARTESIAN_POINT('',(-9.5844030380249,-7.85679578781128,3.88474607467651));
#925=CARTESIAN_POINT('',(-8.67599487304688,-7.53224182128906,4.01423978805542));
#926=CARTESIAN_POINT('',(-12.7298412322998,-9.34015083312988,3.19364070892334));
#927=CARTESIAN_POINT('',(-11.7598037719727,-8.80030250549316,3.46201157569885));
#928=CARTESIAN_POINT('',(7.05566358566284,-7.04560804367065,4.19982814788818));
#929=CARTESIAN_POINT('',(16.5721817016602,-12.4001121520996,1.24636721611023));
#930=CARTESIAN_POINT('',(12.1335105895996,-10.1821050643921,2.73379111289978));
#931=CARTESIAN_POINT('',(-1.85960507392883,-6.16873359680176,4.49767160415649));
#932=CARTESIAN_POINT('',(-3.48711943626404,-6.33415937423706,4.44494295120239));
#933=CARTESIAN_POINT('',(-0.236123934388161,-6.1035680770874,4.51807117462158));
#934=CARTESIAN_POINT('',(1.36696875095367,-6.13831949234009,4.50718784332275));
#935=CARTESIAN_POINT('',(2.9611713886261,-6.26986217498779,4.46564722061157));
#936=CARTESIAN_POINT('',(4.56216335296631,-6.49785089492798,4.39120292663574));
#937=CARTESIAN_POINT('',(-6.67690896987915,-6.94696664810181,4.23559856414795));
#938=CARTESIAN_POINT('',(-5.10103511810303,-6.59617137908936,4.35814619064331));
#939=CARTESIAN_POINT('',(-11.7106885910034,-8.77539920806885,3.47394847869873));
#940=CARTESIAN_POINT('',(9.49709320068359,-6.46760606765747,3.2467029094696));
#941=CARTESIAN_POINT('',(-9.4989538192749,-6.46870088577271,3.24663233757019));
#942=CARTESIAN_POINT('',(-10.3194646835327,-7.00967502593994,3.21998810768127));
#943=CARTESIAN_POINT('',(10.3159027099609,-7.00721740722656,3.22010159492493));
#944=CARTESIAN_POINT('',(-10.9950666427612,-8.43324279785156,3.63246083259583));
#945=CARTESIAN_POINT('',(-14.452675819397,-10.5607299804688,2.50939035415649));
#946=CARTESIAN_POINT('',(-14.59690284729,-10.6783361434937,2.43738985061646));
#947=CARTESIAN_POINT('',(-15.3652172088623,-11.334303855896,2.01477408409119));
#948=CARTESIAN_POINT('',(-15.6871318817139,-11.6187906265259,1.81996238231659));
#949=CARTESIAN_POINT('',(-16.3809833526611,-12.2333908081055,1.37366187572479));
#950=CARTESIAN_POINT('',(12.4434823989868,-8.90689277648926,3.15757393836975));
#951=CARTESIAN_POINT('',(11.7607746124268,-8.1895694732666,3.17473220825195));
#952=CARTESIAN_POINT('',(11.0514888763428,-7.56319427490234,3.19617486000061));
#953=CARTESIAN_POINT('',(-15.0297346115112,-10.1243343353271,1.69982838630676));
#954=CARTESIAN_POINT('',(6.68419075012207,-20.8383808135986,-11.919412612915));
#955=CARTESIAN_POINT('',(8.69857501983643,-20.841495513916,-11.5944776535034));
#956=CARTESIAN_POINT('',(4.16647338867188,-20.8365573883057,-12.1100339889526));
#957=CARTESIAN_POINT('',(0.554658055305481,-20.8359813690186,-12.1695623397827));
#958=CARTESIAN_POINT('',(11.9854011535645,-20.8521022796631,-10.4893093109131));
#959=CARTESIAN_POINT('',(10.6048631668091,-20.8465843200684,-11.0643186569214));
#960=CARTESIAN_POINT('',(-13.7270908355713,-20.8631534576416,-9.33137798309326));
#961=CARTESIAN_POINT('',(-3.76922941207886,-20.8363933563232,-12.1255016326904));
#962=CARTESIAN_POINT('',(-15.322979927063,-20.8897132873535,-6.56105184555054));
#963=CARTESIAN_POINT('',(-15.5359773635864,-20.9027404785156,-5.20065355300903));
#964=CARTESIAN_POINT('',(-14.9726467132568,-20.8796291351318,-7.61238527297974));
#965=CARTESIAN_POINT('',(-14.4474124908447,-20.8707885742188,-8.53472518920898));
#966=CARTESIAN_POINT('',(8.96116256713867,-20.9788818359375,2.73729228973389));
#967=CARTESIAN_POINT('',(11.2774534225464,-20.9749660491943,2.32770776748657));
#968=CARTESIAN_POINT('',(-15.5619659423828,-20.9180946350098,-3.59967184066772));
#969=CARTESIAN_POINT('',(-15.4054679870605,-20.9330902099609,-2.03573274612427));
#970=CARTESIAN_POINT('',(-15.0855722427368,-20.9477882385254,-0.50160938501358));
#971=CARTESIAN_POINT('',(-8.49646949768066,-20.9794464111328,2.79954624176025));
#972=CARTESIAN_POINT('',(-10.8314657211304,-20.9758377075195,2.4229519367218));
#973=CARTESIAN_POINT('',(-12.4688625335693,-20.9718894958496,2.01156449317932));
#974=CARTESIAN_POINT('',(-12.8730278015137,-20.970588684082,1.87708783149719));
#975=CARTESIAN_POINT('',(-14.6207494735718,-20.9575672149658,0.518715620040894));
#976=CARTESIAN_POINT('',(-13.8571090698242,-20.9654502868652,1.33970189094543));
#977=CARTESIAN_POINT('',(-10.2743883132935,-7.92498159408569,3.68179988861084));
#978=CARTESIAN_POINT('',(-15.6918134689331,-11.5530471801758,1.78143060207367));
#979=CARTESIAN_POINT('',(10.8459739685059,-20.4807510375977,2.93489718437195));
#980=CARTESIAN_POINT('',(11.387134552002,-20.4796581268311,2.82043147087097));
#981=CARTESIAN_POINT('',(11.9474668502808,-20.4783554077148,2.68473291397095));
#982=CARTESIAN_POINT('',(10.2708826065063,-7.9226336479187,3.68198657035828));
#983=POLY_LOOP('',(#14,#15,#16));
#984=FACE_OUTER_BOUND('',#983,.T.);
#985=DIRECTION('',(0.9999999999985837,-1.6830396859884227e-06,6.735269418172359e-10));
#986=DIRECTION('',(-1.682955912902962e-06,-0.9999540609752928,-0.009585193591581944));
#987=AXIS2_PLACEMENT_3D('',#14,#985,#986);
#988=PLANE('',#987);
#989=FACE_SURFACE('',(#984),#988,.T.);
#990=POLY_LOOP('',(#17,#18,#19));
#991=FACE_OUTER_BOUND('',#990,.T.);
#992=DIRECTION('',(-0.9351083743050675,0.28406696863352165,-0.21184495659773322));
#993=DIRECTION('',(-0.3219296047228297,-0.930854191956606,0.17283461146372506));
#994=AXIS2_PLACEMENT_3D('',#17,#992,#993);
#995=PLANE('',#994);
#996=FACE_SURFACE('',(#991),#995,.T.);
#997=POLY_LOOP('',(#17,#20,#18));
#998=FACE_OUTER_BOUND('',#997,.T.);
#999=DIRECTION('',(-0.9294618549955365,0.27599518724919336,-0.2448005652026544));
#1000=DIRECTION('',(0.012007588045467695,-0.6405793392290006,-0.767798103658942));
#1001=AXIS2_PLACEMENT_3D('',#17,#999,#1000);
#1002=PLANE('',#1001);
#1003=FACE_SURFACE('',(#998),#1002,.T.);
#1004=POLY_LOOP('',(#21,#20,#17));
#1005=FACE_OUTER_BOUND('',#1004,.T.);
#1006=DIRECTION('',(-0.9083248378175245,0.3140696772521238,-0.276235817435963));
#1007=DIRECTION('',(-0.36855711163285154,-0.9132601684190268,0.17355552495988363));
#1008=AXIS2_PLACEMENT_3D('',#21,#1006,#1007);
#1009=PLANE('',#1008);
#1010=FACE_SURFACE('',(#1005),#1009,.T.);
#1011=POLY_LOOP('',(#21,#22,#20));
#1012=FACE_OUTER_BOUND('',#1011,.T.);
#1013=DIRECTION('',(-0.8977719923092609,0.3012390505121669,-0.32134169395145207));
#1014=DIRECTION('',(0.0015603345856333008,-0.7273787993624803,-0.6862343969767016));
#1015=AXIS2_PLACEMENT_3D('',#21,#1013,#1014);
#1016=PLANE('',#1015);
#1017=FACE_SURFACE('',(#1012),#1016,.T.);
#1018=POLY_LOOP('',(#23,#22,#21));
#1019=FACE_OUTER_BOUND('',#1018,.T.);
#1020=DIRECTION('',(-0.8655746912422002,0.34266913386984155,-0.36518258251710545));
#1021=DIRECTION('',(-0.4336883038068934,-0.8775497532007172,0.20450155451355406));
#1022=AXIS2_PLACEMENT_3D('',#23,#1020,#1021);
#1023=PLANE('',#1022);
#1024=FACE_SURFACE('',(#1019),#1023,.T.);
#1025=POLY_LOOP('',(#23,#24,#22));
#1026=FACE_OUTER_BOUND('',#1025,.T.);
#1027=DIRECTION('',(-0.8491697619144513,0.32213807224549024,-0.418494656907485));
#1028=DIRECTION('',(-0.009129780189364068,-0.8012593314270096,-0.5982475498611217));
#1029=AXIS2_PLACEMENT_3D('',#23,#1027,#1028);
#1030=PLANE('',#1029);
#1031=FACE_SURFACE('',(#1026),#1030,.T.);
#1032=POLY_LOOP('',(#25,#24,#23));
#1033=FACE_OUTER_BOUND('',#1032,.T.);
#1034=DIRECTION('',(-0.8065891421716808,0.3595198326096945,-0.46921151487474094));
#1035=DIRECTION('',(-0.5049654534992712,-0.8317177568537858,0.23077145340440658));
#1036=AXIS2_PLACEMENT_3D('',#25,#1034,#1035);
#1037=PLANE('',#1036);
#1038=FACE_SURFACE('',(#1033),#1037,.T.);
#1039=POLY_LOOP('',(#25,#26,#24));
#1040=FACE_OUTER_BOUND('',#1039,.T.);
#1041=DIRECTION('',(-0.7830224844223873,0.32892651115155386,-0.5279044791916991));
#1042=DIRECTION('',(-0.016924069212676987,-0.8596827464018437,-0.5105478933658113));
#1043=AXIS2_PLACEMENT_3D('',#25,#1041,#1042);
#1044=PLANE('',#1043);
#1045=FACE_SURFACE('',(#1040),#1044,.T.);
#1046=POLY_LOOP('',(#27,#26,#25));
#1047=FACE_OUTER_BOUND('',#1046,.T.);
#1048=DIRECTION('',(-0.730885920072824,0.35907836064281623,-0.5804037411641735));
#1049=DIRECTION('',(-0.5788415791295474,-0.7766824096824901,0.24840865677470336));
#1050=AXIS2_PLACEMENT_3D('',#27,#1048,#1049);
#1051=PLANE('',#1050);
#1052=FACE_SURFACE('',(#1047),#1051,.T.);
#1053=POLY_LOOP('',(#27,#28,#26));
#1054=FACE_OUTER_BOUND('',#1053,.T.);
#1055=DIRECTION('',(-0.7006135927268751,0.317824395005619,-0.6388491587422284));
#1056=DIRECTION('',(-0.021203789379375188,-0.9042004866776473,-0.42658162080410933));
#1057=AXIS2_PLACEMENT_3D('',#27,#1055,#1056);
#1058=PLANE('',#1057);
#1059=FACE_SURFACE('',(#1054),#1058,.T.);
#1060=POLY_LOOP('',(#29,#28,#27));
#1061=FACE_OUTER_BOUND('',#1060,.T.);
#1062=DIRECTION('',(-0.6434978969617048,0.33889050646249064,-0.6863407908870488));
#1063=DIRECTION('',(-0.6503953330415209,-0.7148621625954513,0.256822894709883));
#1064=AXIS2_PLACEMENT_3D('',#29,#1062,#1063);
#1065=PLANE('',#1064);
#1066=FACE_SURFACE('',(#1061),#1065,.T.);
#1067=POLY_LOOP('',(#30,#31,#32));
#1068=FACE_OUTER_BOUND('',#1067,.T.);
#1069=DIRECTION('',(-0.6254341246916664,0.7482572057070613,-0.22123134899608954));
#1070=DIRECTION('',(-0.05141034389543273,-0.32243029714139254,-0.9451961066497612));
#1071=AXIS2_PLACEMENT_3D('',#30,#1069,#1070);
#1072=PLANE('',#1071);
#1073=FACE_SURFACE('',(#1068),#1072,.T.);
#1074=POLY_LOOP('',(#33,#34,#35));
#1075=FACE_OUTER_BOUND('',#1074,.T.);
#1076=DIRECTION('',(-0.8929776721388231,0.24929384677413538,-0.3747578618549348));
#1077=DIRECTION('',(0.39501446819723784,0.8331828317602147,-0.38700121288554534));
#1078=AXIS2_PLACEMENT_3D('',#33,#1076,#1077);
#1079=PLANE('',#1078);
#1080=FACE_SURFACE('',(#1075),#1079,.T.);
#1081=POLY_LOOP('',(#36,#31,#30));
#1082=FACE_OUTER_BOUND('',#1081,.T.);
#1083=DIRECTION('',(-0.5693418105044955,0.787043431977073,-0.23751323961668727));
#1084=DIRECTION('',(-0.8189033211160045,-0.5683996814802083,0.07949309880974492));
#1085=AXIS2_PLACEMENT_3D('',#36,#1083,#1084);
#1086=PLANE('',#1085);
#1087=FACE_SURFACE('',(#1082),#1086,.T.);
#1088=POLY_LOOP('',(#37,#38,#36));
#1089=FACE_OUTER_BOUND('',#1088,.T.);
#1090=DIRECTION('',(-0.49379647251813463,0.8189290468145936,-0.29243847218173635));
#1091=DIRECTION('',(-0.8658228099526898,-0.49424540896355856,0.07792520442111905));
#1092=AXIS2_PLACEMENT_3D('',#37,#1090,#1091);
#1093=PLANE('',#1092);
#1094=FACE_SURFACE('',(#1089),#1093,.T.);
#1095=POLY_LOOP('',(#37,#39,#38));
#1096=FACE_OUTER_BOUND('',#1095,.T.);
#1097=DIRECTION('',(-0.48777058766233744,0.7990506976231085,-0.35156483959514684));
#1098=DIRECTION('',(-0.7289530578711217,-0.5943938440915402,-0.3395929880407175));
#1099=AXIS2_PLACEMENT_3D('',#37,#1097,#1098);
#1100=PLANE('',#1099);
#1101=FACE_SURFACE('',(#1096),#1100,.T.);
#1102=POLY_LOOP('',(#40,#39,#37));
#1103=FACE_OUTER_BOUND('',#1102,.T.);
#1104=DIRECTION('',(-0.48711221557108636,0.7989258072219793,-0.35275947045562983));
#1105=DIRECTION('',(-0.8667768828928817,-0.4916828681755013,0.08334142082549466));
#1106=AXIS2_PLACEMENT_3D('',#40,#1104,#1105);
#1107=PLANE('',#1106);
#1108=FACE_SURFACE('',(#1103),#1107,.T.);
#1109=POLY_LOOP('',(#40,#41,#39));
#1110=FACE_OUTER_BOUND('',#1109,.T.);
#1111=DIRECTION('',(-0.48035932356156885,0.7782636294627602,-0.4044263138359365));
#1112=DIRECTION('',(-0.7222916176162772,-0.6126002243554817,-0.32096072071341536));
#1113=AXIS2_PLACEMENT_3D('',#40,#1111,#1112);
#1114=PLANE('',#1113);
#1115=FACE_SURFACE('',(#1110),#1114,.T.);
#1116=POLY_LOOP('',(#42,#41,#40));
#1117=FACE_OUTER_BOUND('',#1116,.T.);
#1118=DIRECTION('',(-0.4794452368239919,0.7780091245194733,-0.40599761951423874));
#1119=DIRECTION('',(-0.8679749403886481,-0.48863482908322803,0.08863129618891505));
#1120=AXIS2_PLACEMENT_3D('',#42,#1118,#1119);
#1121=PLANE('',#1120);
#1122=FACE_SURFACE('',(#1117),#1121,.T.);
#1123=POLY_LOOP('',(#42,#43,#41));
#1124=FACE_OUTER_BOUND('',#1123,.T.);
#1125=DIRECTION('',(-0.46941410358079794,0.7490237458390375,-0.467561576189375));
#1126=DIRECTION('',(-0.003465754250276089,-0.53108680399905,-0.8473103299060807));
#1127=AXIS2_PLACEMENT_3D('',#42,#1125,#1126);
#1128=PLANE('',#1127);
#1129=FACE_SURFACE('',(#1124),#1128,.T.);
#1130=POLY_LOOP('',(#44,#43,#42));
#1131=FACE_OUTER_BOUND('',#1130,.T.);
#1132=DIRECTION('',(-0.3641892471914676,0.7897956194667403,-0.49354743612064295));
#1133=DIRECTION('',(-0.920615861232564,-0.3854276208709888,0.06254586410590099));
#1134=AXIS2_PLACEMENT_3D('',#44,#1132,#1133);
#1135=PLANE('',#1134);
#1136=FACE_SURFACE('',(#1131),#1135,.T.);
#1137=POLY_LOOP('',(#44,#45,#43));
#1138=FACE_OUTER_BOUND('',#1137,.T.);
#1139=DIRECTION('',(-0.35077015765699576,0.7459661006998815,-0.5661226661280226));
#1140=DIRECTION('',(-0.0032339029314811104,-0.6054950955923788,-0.7958424662490723));
#1141=AXIS2_PLACEMENT_3D('',#44,#1139,#1140);
#1142=PLANE('',#1141);
#1143=FACE_SURFACE('',(#1138),#1142,.T.);
#1144=POLY_LOOP('',(#46,#45,#44));
#1145=FACE_OUTER_BOUND('',#1144,.T.);
#1146=DIRECTION('',(-0.2440702269797498,0.7722559498337128,-0.5865581576011738));
#1147=DIRECTION('',(-0.9605399071801928,-0.27571212336781886,0.036686669817188544));
#1148=AXIS2_PLACEMENT_3D('',#46,#1146,#1147);
#1149=PLANE('',#1148);
#1150=FACE_SURFACE('',(#1145),#1149,.T.);
#1151=POLY_LOOP('',(#47,#48,#49));
#1152=FACE_OUTER_BOUND('',#1151,.T.);
#1153=DIRECTION('',(-0.7909934536403703,0.5891962697771457,-0.1648548209145742));
#1154=DIRECTION('',(-0.14963802200949428,-0.44756817118210973,-0.8816411937482209));
#1155=AXIS2_PLACEMENT_3D('',#47,#1153,#1154);
#1156=PLANE('',#1155);
#1157=FACE_SURFACE('',(#1152),#1156,.T.);
#1158=POLY_LOOP('',(#50,#48,#47));
#1159=FACE_OUTER_BOUND('',#1158,.T.);
#1160=DIRECTION('',(-0.7436567291345113,0.6385816972767292,-0.19795980681979897));
#1161=DIRECTION('',(-0.6634471328770232,-0.7414306960248891,0.10059038159439469));
#1162=AXIS2_PLACEMENT_3D('',#50,#1160,#1161);
#1163=PLANE('',#1162);
#1164=FACE_SURFACE('',(#1159),#1163,.T.);
#1165=POLY_LOOP('',(#50,#51,#48));
#1166=FACE_OUTER_BOUND('',#1165,.T.);
#1167=DIRECTION('',(-0.7409955350923316,0.6324326478911945,-0.22573117386520017));
#1168=DIRECTION('',(-0.0015410193349204143,-0.3377552585451577,-0.9412327079869798));
#1169=AXIS2_PLACEMENT_3D('',#50,#1167,#1168);
#1170=PLANE('',#1169);
#1171=FACE_SURFACE('',(#1166),#1170,.T.);
#1172=POLY_LOOP('',(#36,#38,#31));
#1173=FACE_OUTER_BOUND('',#1172,.T.);
#1174=DIRECTION('',(-0.5658756984254031,0.7765020527047329,-0.27718090857217836));
#1175=DIRECTION('',(-0.0010310137218511096,-0.3368506217132037,-0.9415575370959194));
#1176=AXIS2_PLACEMENT_3D('',#36,#1174,#1175);
#1177=PLANE('',#1176);
#1178=FACE_SURFACE('',(#1173),#1177,.T.);
#1179=POLY_LOOP('',(#52,#51,#50));
#1180=FACE_OUTER_BOUND('',#1179,.T.);
#1181=DIRECTION('',(-0.6890163507959021,0.6825131509183843,-0.24378734003093155));
#1182=DIRECTION('',(-0.720000857146873,-0.6830458704167715,0.12266664018535439));
#1183=AXIS2_PLACEMENT_3D('',#52,#1181,#1182);
#1184=PLANE('',#1183);
#1185=FACE_SURFACE('',(#1180),#1184,.T.);
#1186=POLY_LOOP('',(#35,#34,#53));
#1187=FACE_OUTER_BOUND('',#1186,.T.);
#1188=DIRECTION('',(-0.8667060448929522,0.27291571611537496,-0.4175375954848232));
#1189=DIRECTION('',(0.03267596284718217,0.8663169621172278,0.49842472109636304));
#1190=AXIS2_PLACEMENT_3D('',#35,#1188,#1189);
#1191=PLANE('',#1190);
#1192=FACE_SURFACE('',(#1187),#1191,.T.);
#1193=POLY_LOOP('',(#54,#53,#55));
#1194=FACE_OUTER_BOUND('',#1193,.T.);
#1195=DIRECTION('',(-0.8306713971088374,0.2529562753850122,-0.49598200851300467));
#1196=DIRECTION('',(0.2639497172020244,0.9632797869096967,0.049219903699424014));
#1197=AXIS2_PLACEMENT_3D('',#54,#1195,#1196);
#1198=PLANE('',#1197);
#1199=FACE_SURFACE('',(#1194),#1198,.T.);
#1200=POLY_LOOP('',(#56,#57,#58));
#1201=FACE_OUTER_BOUND('',#1200,.T.);
#1202=DIRECTION('',(-0.47357250439516824,0.19655362356117762,-0.8585428097339463));
#1203=DIRECTION('',(-0.7466325212170578,-0.6066592468061678,0.2729550082442765));
#1204=AXIS2_PLACEMENT_3D('',#56,#1202,#1203);
#1205=PLANE('',#1204);
#1206=FACE_SURFACE('',(#1201),#1205,.T.);
#1207=POLY_LOOP('',(#58,#59,#56));
#1208=FACE_OUTER_BOUND('',#1207,.T.);
#1209=DIRECTION('',(-0.44137857089921856,0.23995001948531477,-0.8646438256877572));
#1210=DIRECTION('',(0.8375347170974203,-0.23567515861882604,-0.49294301624684306));
#1211=AXIS2_PLACEMENT_3D('',#58,#1209,#1210);
#1212=PLANE('',#1211);
#1213=FACE_SURFACE('',(#1208),#1212,.T.);
#1214=POLY_LOOP('',(#58,#60,#59));
#1215=FACE_OUTER_BOUND('',#1214,.T.);
#1216=DIRECTION('',(-0.4555626022493517,0.19689139716170165,-0.8681569519133693));
#1217=DIRECTION('',(0.7496113304435819,0.6108607440678967,-0.2548175908908543));
#1218=AXIS2_PLACEMENT_3D('',#58,#1216,#1217);
#1219=PLANE('',#1218);
#1220=FACE_SURFACE('',(#1215),#1219,.T.);
#1221=POLY_LOOP('',(#61,#60,#58));
#1222=FACE_OUTER_BOUND('',#1221,.T.);
#1223=DIRECTION('',(-0.4891078195901861,0.25185836891967944,-0.8350694000026899));
#1224=DIRECTION('',(0.842326846474244,-0.1121236824108335,-0.5271752683419337));
#1225=AXIS2_PLACEMENT_3D('',#61,#1223,#1224);
#1226=PLANE('',#1225);
#1227=FACE_SURFACE('',(#1222),#1226,.T.);
#1228=POLY_LOOP('',(#61,#62,#60));
#1229=FACE_OUTER_BOUND('',#1228,.T.);
#1230=DIRECTION('',(-0.4968556083716751,0.21748843915785682,-0.8401388476093054));
#1231=DIRECTION('',(0.7156189615407342,0.6503346269570266,-0.25486148171904327));
#1232=AXIS2_PLACEMENT_3D('',#61,#1230,#1231);
#1233=PLANE('',#1232);
#1234=FACE_SURFACE('',(#1229),#1233,.T.);
#1235=POLY_LOOP('',(#29,#62,#61));
#1236=FACE_OUTER_BOUND('',#1235,.T.);
#1237=DIRECTION('',(-0.5515289359858906,0.30220206571523656,-0.7774893852958477));
#1238=DIRECTION('',(0.5996591643467358,-0.5042702793029885,-0.6213858479452685));
#1239=AXIS2_PLACEMENT_3D('',#29,#1237,#1238);
#1240=PLANE('',#1239);
#1241=FACE_SURFACE('',(#1236),#1240,.T.);
#1242=POLY_LOOP('',(#20,#63,#18));
#1243=FACE_OUTER_BOUND('',#1242,.T.);
#1244=DIRECTION('',(-0.9294178504676566,0.27663644856238034,-0.24424318733359654));
#1245=DIRECTION('',(-0.2977941830537849,-0.9531204907009336,0.05366520982293981));
#1246=AXIS2_PLACEMENT_3D('',#20,#1244,#1245);
#1247=PLANE('',#1246);
#1248=FACE_SURFACE('',(#1243),#1247,.T.);
#1249=POLY_LOOP('',(#20,#64,#63));
#1250=FACE_OUTER_BOUND('',#1249,.T.);
#1251=DIRECTION('',(-0.9177483865163624,0.27036151599260694,-0.2909339267201279));
#1252=DIRECTION('',(0.011822654976317536,-0.713609739491988,-0.7004436911925811));
#1253=AXIS2_PLACEMENT_3D('',#20,#1251,#1252);
#1254=PLANE('',#1253);
#1255=FACE_SURFACE('',(#1250),#1254,.T.);
#1256=POLY_LOOP('',(#22,#64,#20));
#1257=FACE_OUTER_BOUND('',#1256,.T.);
#1258=DIRECTION('',(-0.8977745682338889,0.30087068285324886,-0.3216794317824412));
#1259=DIRECTION('',(-0.3725181207795312,-0.9083528455818848,0.19006671884940599));
#1260=AXIS2_PLACEMENT_3D('',#22,#1258,#1259);
#1261=PLANE('',#1260);
#1262=FACE_SURFACE('',(#1257),#1261,.T.);
#1263=POLY_LOOP('',(#22,#65,#64));
#1264=FACE_OUTER_BOUND('',#1263,.T.);
#1265=DIRECTION('',(-0.8840917246577558,0.2850905554079886,-0.37027719023569294));
#1266=DIRECTION('',(-0.0018309876996660391,-0.7944601776271542,-0.6073134887755043));
#1267=AXIS2_PLACEMENT_3D('',#22,#1265,#1266);
#1268=PLANE('',#1267);
#1269=FACE_SURFACE('',(#1264),#1268,.T.);
#1270=POLY_LOOP('',(#24,#65,#22));
#1271=FACE_OUTER_BOUND('',#1270,.T.);
#1272=DIRECTION('',(-0.8491863860672428,0.3219525725432924,-0.41860365831035423));
#1273=DIRECTION('',(-0.43989930510636704,-0.8698161137683244,0.22340217007877256));
#1274=AXIS2_PLACEMENT_3D('',#24,#1272,#1273);
#1275=PLANE('',#1274);
#1276=FACE_SURFACE('',(#1271),#1275,.T.);
#1277=POLY_LOOP('',(#24,#66,#65));
#1278=FACE_OUTER_BOUND('',#1277,.T.);
#1279=DIRECTION('',(-0.8287860394248296,0.2974117822852523,-0.4739830509758912));
#1280=DIRECTION('',(-0.013281538082548228,-0.8572722373749911,-0.5146920552837773));
#1281=AXIS2_PLACEMENT_3D('',#24,#1279,#1280);
#1282=PLANE('',#1281);
#1283=FACE_SURFACE('',(#1278),#1282,.T.);
#1284=POLY_LOOP('',(#35,#53,#54));
#1285=FACE_OUTER_BOUND('',#1284,.T.);
#1286=DIRECTION('',(-0.8622259471576595,0.2585166043003257,-0.43558647975930787));
#1287=DIRECTION('',(0.46509240478989844,0.7446961457922256,-0.47866136824372363));
#1288=AXIS2_PLACEMENT_3D('',#35,#1286,#1287);
#1289=PLANE('',#1288);
#1290=FACE_SURFACE('',(#1285),#1289,.T.);
#1291=POLY_LOOP('',(#26,#66,#24));
#1292=FACE_OUTER_BOUND('',#1291,.T.);
#1293=DIRECTION('',(-0.7829956772972818,0.32905259161368217,-0.527865665947398));
#1294=DIRECTION('',(-0.5133948035934207,-0.8210078086363621,0.2497437763016157));
#1295=AXIS2_PLACEMENT_3D('',#26,#1293,#1294);
#1296=PLANE('',#1295);
#1297=FACE_SURFACE('',(#1292),#1296,.T.);
#1298=POLY_LOOP('',(#28,#67,#26));
#1299=FACE_OUTER_BOUND('',#1298,.T.);
#1300=DIRECTION('',(-0.7004162205084768,0.3183400825944008,-0.6388088210587035));
#1301=DIRECTION('',(-0.5891069394506162,-0.7631519170541028,0.2656165758904661));
#1302=AXIS2_PLACEMENT_3D('',#28,#1300,#1301);
#1303=PLANE('',#1302);
#1304=FACE_SURFACE('',(#1299),#1303,.T.);
#1305=POLY_LOOP('',(#28,#68,#67));
#1306=FACE_OUTER_BOUND('',#1305,.T.);
#1307=DIRECTION('',(-0.6673163956023133,0.2741014605853689,-0.6925006985305533));
#1308=DIRECTION('',(-0.023740318272581495,-0.9371688029797159,-0.3480675681672782));
#1309=AXIS2_PLACEMENT_3D('',#28,#1307,#1308);
#1310=PLANE('',#1309);
#1311=FACE_SURFACE('',(#1306),#1310,.T.);
#1312=POLY_LOOP('',(#61,#68,#28));
#1313=FACE_OUTER_BOUND('',#1312,.T.);
#1314=DIRECTION('',(-0.6089148023287589,0.28968673808034306,-0.73844726100467));
#1315=DIRECTION('',(-0.6615700019916693,-0.6990966615078265,0.27127290748129296));
#1316=AXIS2_PLACEMENT_3D('',#61,#1314,#1315);
#1317=PLANE('',#1316);
#1318=FACE_SURFACE('',(#1313),#1317,.T.);
#1319=POLY_LOOP('',(#69,#57,#70));
#1320=FACE_OUTER_BOUND('',#1319,.T.);
#1321=DIRECTION('',(-0.545544350064218,0.23051923829185791,-0.805755696778094));
#1322=DIRECTION('',(0.8380402187732248,0.15964242847878796,-0.5217306649488034));
#1323=AXIS2_PLACEMENT_3D('',#69,#1321,#1322);
#1324=PLANE('',#1323);
#1325=FACE_SURFACE('',(#1320),#1324,.T.);
#1326=POLY_LOOP('',(#69,#71,#57));
#1327=FACE_OUTER_BOUND('',#1326,.T.);
#1328=DIRECTION('',(-0.5445156014265583,0.18422255063494042,-0.8182694004058997));
#1329=DIRECTION('',(0.30008634875175233,0.9537934346224739,0.015042186141198082));
#1330=AXIS2_PLACEMENT_3D('',#69,#1328,#1329);
#1331=PLANE('',#1330);
#1332=FACE_SURFACE('',(#1327),#1331,.T.);
#1333=POLY_LOOP('',(#72,#71,#69));
#1334=FACE_OUTER_BOUND('',#1333,.T.);
#1335=DIRECTION('',(-0.6142013024031737,0.20525973384394106,-0.7619876651157548));
#1336=DIRECTION('',(0.6160555724362166,0.728162561576703,-0.30042439246562475));
#1337=AXIS2_PLACEMENT_3D('',#72,#1335,#1336);
#1338=PLANE('',#1337);
#1339=FACE_SURFACE('',(#1334),#1338,.T.);
#1340=POLY_LOOP('',(#72,#73,#71));
#1341=FACE_OUTER_BOUND('',#1340,.T.);
#1342=DIRECTION('',(-0.6321908469039605,0.22953818464770287,-0.7400317255898493));
#1343=DIRECTION('',(0.027213060331185788,0.9610990848767311,0.2748599614285813));
#1344=AXIS2_PLACEMENT_3D('',#72,#1342,#1343);
#1345=PLANE('',#1344);
#1346=FACE_SURFACE('',(#1341),#1345,.T.);
#1347=POLY_LOOP('',(#74,#73,#72));
#1348=FACE_OUTER_BOUND('',#1347,.T.);
#1349=DIRECTION('',(-0.6918380729927038,0.21657740149097263,-0.6888064386467072));
#1350=DIRECTION('',(0.5367195195658393,0.7923813196852887,-0.2899379270306234));
#1351=AXIS2_PLACEMENT_3D('',#74,#1349,#1350);
#1352=PLANE('',#1351);
#1353=FACE_SURFACE('',(#1348),#1352,.T.);
#1354=POLY_LOOP('',(#74,#75,#73));
#1355=FACE_OUTER_BOUND('',#1354,.T.);
#1356=DIRECTION('',(-0.7245311265567562,0.2567076745559638,-0.6396528874901349));
#1357=DIRECTION('',(0.022761008001112117,0.9364577555945957,0.35004115258281526));
#1358=AXIS2_PLACEMENT_3D('',#74,#1356,#1357);
#1359=PLANE('',#1358);
#1360=FACE_SURFACE('',(#1355),#1359,.T.);
#1361=POLY_LOOP('',(#76,#75,#74));
#1362=FACE_OUTER_BOUND('',#1361,.T.);
#1363=DIRECTION('',(-0.7692814349843412,0.24002422295916376,-0.5921101638895271));
#1364=DIRECTION('',(0.35484423597239595,0.9311851209093188,-0.08354542952348687));
#1365=AXIS2_PLACEMENT_3D('',#76,#1363,#1364);
#1366=PLANE('',#1365);
#1367=FACE_SURFACE('',(#1362),#1366,.T.);
#1368=POLY_LOOP('',(#76,#55,#75));
#1369=FACE_OUTER_BOUND('',#1368,.T.);
#1370=DIRECTION('',(-0.7881444967538617,0.24986996424297614,-0.5624884471754203));
#1371=DIRECTION('',(-0.08500095540859622,0.860942190883181,0.5015509760103095));
#1372=AXIS2_PLACEMENT_3D('',#76,#1370,#1371);
#1373=PLANE('',#1372);
#1374=FACE_SURFACE('',(#1369),#1373,.T.);
#1375=POLY_LOOP('',(#54,#55,#76));
#1376=FACE_OUTER_BOUND('',#1375,.T.);
#1377=DIRECTION('',(-0.8310315613178331,0.21644681723900805,-0.5123839570095341));
#1378=DIRECTION('',(0.5561728631360142,0.33599738691687947,-0.7601167688560206));
#1379=AXIS2_PLACEMENT_3D('',#54,#1377,#1378);
#1380=PLANE('',#1379);
#1381=FACE_SURFACE('',(#1376),#1380,.T.);
#1382=POLY_LOOP('',(#26,#67,#66));
#1383=FACE_OUTER_BOUND('',#1382,.T.);
#1384=DIRECTION('',(-0.7554242280430504,0.2943031216294573,-0.5854228457147179));
#1385=DIRECTION('',(-0.02042941168826487,-0.9035980627988015,-0.427893888767209));
#1386=AXIS2_PLACEMENT_3D('',#26,#1384,#1385);
#1387=PLANE('',#1386);
#1388=FACE_SURFACE('',(#1383),#1387,.T.);
#1389=POLY_LOOP('',(#58,#57,#71));
#1390=FACE_OUTER_BOUND('',#1389,.T.);
#1391=DIRECTION('',(-0.539016661088769,0.19013231110557127,-0.8205551433891384));
#1392=DIRECTION('',(-0.0257439084254407,-0.9774532981176444,-0.20957648049798444));
#1393=AXIS2_PLACEMENT_3D('',#58,#1391,#1392);
#1394=PLANE('',#1393);
#1395=FACE_SURFACE('',(#1390),#1394,.T.);
#1396=POLY_LOOP('',(#52,#77,#51));
#1397=FACE_OUTER_BOUND('',#1396,.T.);
#1398=DIRECTION('',(-0.6808328193293968,0.6610105954159097,-0.31548639411532386));
#1399=DIRECTION('',(-0.0038660737051828967,-0.43397132460185056,-0.9009183885887896));
#1400=AXIS2_PLACEMENT_3D('',#52,#1398,#1399);
#1401=PLANE('',#1400);
#1402=FACE_SURFACE('',(#1397),#1401,.T.);
#1403=POLY_LOOP('',(#78,#79,#77));
#1404=FACE_OUTER_BOUND('',#1403,.T.);
#1405=DIRECTION('',(-0.6041528640917908,0.6776256375512967,-0.41931230859931223));
#1406=DIRECTION('',(-0.005264966912339704,-0.5295830511481006,-0.848241753310977));
#1407=AXIS2_PLACEMENT_3D('',#78,#1405,#1406);
#1408=PLANE('',#1407);
#1409=FACE_SURFACE('',(#1404),#1408,.T.);
#1410=POLY_LOOP('',(#80,#81,#82));
#1411=FACE_OUTER_BOUND('',#1410,.T.);
#1412=DIRECTION('',(-0.2788899328512782,0.903652343717485,-0.32501207215749056));
#1413=DIRECTION('',(-0.9583997988226932,-0.28331521710240865,0.034674390763734166));
#1414=AXIS2_PLACEMENT_3D('',#80,#1412,#1413);
#1415=PLANE('',#1414);
#1416=FACE_SURFACE('',(#1411),#1415,.T.);
#1417=POLY_LOOP('',(#80,#83,#81));
#1418=FACE_OUTER_BOUND('',#1417,.T.);
#1419=DIRECTION('',(-0.27394909023716724,0.8789332124298488,-0.3904206757408917));
#1420=DIRECTION('',(-0.8027777012218944,-0.4325313704350477,-0.41044436408662044));
#1421=AXIS2_PLACEMENT_3D('',#80,#1419,#1420);
#1422=PLANE('',#1421);
#1423=FACE_SURFACE('',(#1418),#1422,.T.);
#1424=POLY_LOOP('',(#84,#83,#80));
#1425=FACE_OUTER_BOUND('',#1424,.T.);
#1426=DIRECTION('',(-0.27276119028062074,0.8784804832028634,-0.392266967393843));
#1427=DIRECTION('',(-0.958777668845435,-0.2819662363942197,0.035219643056005064));
#1428=AXIS2_PLACEMENT_3D('',#84,#1426,#1427);
#1429=PLANE('',#1428);
#1430=FACE_SURFACE('',(#1425),#1429,.T.);
#1431=POLY_LOOP('',(#84,#85,#83));
#1432=FACE_OUTER_BOUND('',#1431,.T.);
#1433=DIRECTION('',(-0.2673208562094152,0.852984947969489,-0.44828142764668877));
#1434=DIRECTION('',(-0.7967870011187316,-0.45729185209461526,-0.3949868818784934));
#1435=AXIS2_PLACEMENT_3D('',#84,#1433,#1434);
#1436=PLANE('',#1435);
#1437=FACE_SURFACE('',(#1432),#1436,.T.);
#1438=POLY_LOOP('',(#86,#85,#84));
#1439=FACE_OUTER_BOUND('',#1438,.T.);
#1440=DIRECTION('',(-0.26583387893727123,0.852291841976401,-0.4504785953956501));
#1441=DIRECTION('',(-0.9592464290154953,-0.2803009964277588,0.03574408793948941));
#1442=AXIS2_PLACEMENT_3D('',#86,#1440,#1441);
#1443=PLANE('',#1442);
#1444=FACE_SURFACE('',(#1439),#1443,.T.);
#1445=POLY_LOOP('',(#86,#87,#85));
#1446=FACE_OUTER_BOUND('',#1445,.T.);
#1447=DIRECTION('',(-0.25779978718747204,0.816333179660182,-0.5168553081008173));
#1448=DIRECTION('',(-0.0015996896189130817,-0.5352969478656223,-0.8446624287837553));
#1449=AXIS2_PLACEMENT_3D('',#86,#1447,#1448);
#1450=PLANE('',#1449);
#1451=FACE_SURFACE('',(#1446),#1450,.T.);
#1452=POLY_LOOP('',(#88,#87,#86));
#1453=FACE_OUTER_BOUND('',#1452,.T.);
#1454=DIRECTION('',(-0.15019051521458668,0.8352111386520611,-0.5290228378918104));
#1455=DIRECTION('',(-0.9858275896072433,-0.16697105303230234,0.016267483470312906));
#1456=AXIS2_PLACEMENT_3D('',#88,#1454,#1455);
#1457=PLANE('',#1456);
#1458=FACE_SURFACE('',(#1453),#1457,.T.);
#1459=POLY_LOOP('',(#88,#89,#87));
#1460=FACE_OUTER_BOUND('',#1459,.T.);
#1461=DIRECTION('',(-0.14284768173524856,0.7846217237517772,-0.6032937016409626));
#1462=DIRECTION('',(-0.001022500606587819,-0.60966144109587,-0.7926612654428226));
#1463=AXIS2_PLACEMENT_3D('',#88,#1461,#1462);
#1464=PLANE('',#1463);
#1465=FACE_SURFACE('',(#1460),#1464,.T.);
#1466=POLY_LOOP('',(#90,#89,#88));
#1467=FACE_OUTER_BOUND('',#1466,.T.);
#1468=DIRECTION('',(-0.045438415768475446,0.791871297220783,-0.6089952372640739));
#1469=DIRECTION('',(-0.9984940802143258,-0.05476051493586457,0.003295114703054267));
#1470=AXIS2_PLACEMENT_3D('',#90,#1468,#1469);
#1471=PLANE('',#1470);
#1472=FACE_SURFACE('',(#1467),#1471,.T.);
#1473=POLY_LOOP('',(#88,#91,#90));
#1474=FACE_OUTER_BOUND('',#1473,.T.);
#1475=DIRECTION('',(-0.04602227287701426,0.7912396600853582,-0.6097718841560673));
#1476=DIRECTION('',(0.9984662227961532,0.05524204298813381,-0.003676767830575662));
#1477=AXIS2_PLACEMENT_3D('',#88,#1475,#1476);
#1478=PLANE('',#1477);
#1479=FACE_SURFACE('',(#1474),#1478,.T.);
#1480=POLY_LOOP('',(#88,#92,#91));
#1481=FACE_OUTER_BOUND('',#1480,.T.);
#1482=DIRECTION('',(-0.048592845745606024,0.8425870715530548,-0.5363634609050014));
#1483=DIRECTION('',(0.0007878386151388917,0.537029998937305,0.8435627774811516));
#1484=AXIS2_PLACEMENT_3D('',#88,#1482,#1483);
#1485=PLANE('',#1484);
#1486=FACE_SURFACE('',(#1481),#1485,.T.);
#1487=POLY_LOOP('',(#86,#92,#88));
#1488=FACE_OUTER_BOUND('',#1487,.T.);
#1489=DIRECTION('',(-0.15130102838584691,0.8339157249366065,-0.530747173815216));
#1490=DIRECTION('',(0.985614722062544,0.1681778592855577,-0.016728039326276672));
#1491=AXIS2_PLACEMENT_3D('',#86,#1489,#1490);
#1492=PLANE('',#1491);
#1493=FACE_SURFACE('',(#1488),#1492,.T.);
#1494=POLY_LOOP('',(#82,#81,#93));
#1495=FACE_OUTER_BOUND('',#1494,.T.);
#1496=DIRECTION('',(-0.3906049474395725,0.8662574790580463,-0.31148957448320386));
#1497=DIRECTION('',(-0.0005563308142449843,-0.33859231923767963,-0.9409330113505819));
#1498=AXIS2_PLACEMENT_3D('',#82,#1496,#1497);
#1499=PLANE('',#1498);
#1500=FACE_SURFACE('',(#1495),#1499,.T.);
#1501=POLY_LOOP('',(#86,#94,#92));
#1502=FACE_OUTER_BOUND('',#1501,.T.);
#1503=DIRECTION('',(-0.15669975020180815,0.8722700121796096,-0.4632388305603));
#1504=DIRECTION('',(0.8263093943471334,0.3726975473287246,0.42226688601976214));
#1505=AXIS2_PLACEMENT_3D('',#86,#1503,#1504);
#1506=PLANE('',#1505);
#1507=FACE_SURFACE('',(#1502),#1506,.T.);
#1508=POLY_LOOP('',(#84,#95,#94));
#1509=FACE_OUTER_BOUND('',#1508,.T.);
#1510=DIRECTION('',(-0.16158364347402704,0.9004505959005681,-0.403830967737704));
#1511=DIRECTION('',(0.8309428452880553,0.34489567920270897,0.4365557906292083));
#1512=AXIS2_PLACEMENT_3D('',#84,#1510,#1511);
#1513=PLANE('',#1512);
#1514=FACE_SURFACE('',(#1509),#1513,.T.);
#1515=POLY_LOOP('',(#80,#95,#84));
#1516=FACE_OUTER_BOUND('',#1515,.T.);
#1517=DIRECTION('',(-0.1625375357552277,0.9009241321453842,-0.40238943523495285));
#1518=DIRECTION('',(0.985307533786903,0.1698741569343589,-0.017658841089152527));
#1519=AXIS2_PLACEMENT_3D('',#80,#1517,#1518);
#1520=PLANE('',#1519);
#1521=FACE_SURFACE('',(#1516),#1520,.T.);
#1522=POLY_LOOP('',(#80,#96,#95));
#1523=FACE_OUTER_BOUND('',#1522,.T.);
#1524=DIRECTION('',(-0.16590774119243087,0.9274696640084978,-0.3350740869664345));
#1525=DIRECTION('',(0.00036060904872817754,0.33984008187619874,0.9404831676917416));
#1526=AXIS2_PLACEMENT_3D('',#80,#1524,#1525);
#1527=PLANE('',#1526);
#1528=FACE_SURFACE('',(#1523),#1527,.T.);
#1529=POLY_LOOP('',(#82,#96,#80));
#1530=FACE_OUTER_BOUND('',#1529,.T.);
#1531=DIRECTION('',(-0.28027683248887025,0.9028222644542152,-0.3261239886542677));
#1532=DIRECTION('',(0.9578639809514736,0.2852612749369269,-0.033505208806303456));
#1533=AXIS2_PLACEMENT_3D('',#82,#1531,#1532);
#1534=PLANE('',#1533);
#1535=FACE_SURFACE('',(#1530),#1534,.T.);
#1536=POLY_LOOP('',(#82,#97,#96));
#1537=FACE_OUTER_BOUND('',#1536,.T.);
#1538=DIRECTION('',(-0.28286944981417733,0.9166758214182247,-0.28229472681764306));
#1539=DIRECTION('',(0.10714020217833883,0.32267079115912667,0.9404278481680176));
#1540=AXIS2_PLACEMENT_3D('',#82,#1538,#1539);
#1541=PLANE('',#1540);
#1542=FACE_SURFACE('',(#1537),#1541,.T.);
#1543=POLY_LOOP('',(#98,#97,#82));
#1544=FACE_OUTER_BOUND('',#1543,.T.);
#1545=DIRECTION('',(-0.3431401518419428,0.8997547268274497,-0.2696224540826487));
#1546=DIRECTION('',(0.9374703262920429,0.34589524874469174,-0.03880546633837509));
#1547=AXIS2_PLACEMENT_3D('',#98,#1545,#1546);
#1548=PLANE('',#1547);
#1549=FACE_SURFACE('',(#1544),#1548,.T.);
#1550=POLY_LOOP('',(#92,#99,#91));
#1551=FACE_OUTER_BOUND('',#1550,.T.);
#1552=DIRECTION('',(-0.049098612153110885,0.8420933218822316,-0.5370923230935128));
#1553=DIRECTION('',(0.9984437040116001,0.05562036262845132,-0.004067576757215569));
#1554=AXIS2_PLACEMENT_3D('',#92,#1552,#1553);
#1555=PLANE('',#1554);
#1556=FACE_SURFACE('',(#1551),#1555,.T.);
#1557=POLY_LOOP('',(#92,#100,#99));
#1558=FACE_OUTER_BOUND('',#1557,.T.);
#1559=DIRECTION('',(-0.0510252242531172,0.8816472831501544,-0.46914229675426894));
#1560=DIRECTION('',(0.8499361908828719,0.28499994738436957,0.44315178146817946));
#1561=AXIS2_PLACEMENT_3D('',#92,#1559,#1560);
#1562=PLANE('',#1561);
#1563=FACE_SURFACE('',(#1558),#1562,.T.);
#1564=POLY_LOOP('',(#94,#100,#92));
#1565=FACE_OUTER_BOUND('',#1564,.T.);
#1566=DIRECTION('',(-0.051490105522729486,0.8819803842202232,-0.4684649089142174));
#1567=DIRECTION('',(0.998425306253648,0.05591981725178133,-0.004458909153205281));
#1568=AXIS2_PLACEMENT_3D('',#94,#1566,#1567);
#1569=PLANE('',#1568);
#1570=FACE_SURFACE('',(#1565),#1569,.T.);
#1571=POLY_LOOP('',(#94,#101,#100));
#1572=FACE_OUTER_BOUND('',#1571,.T.);
#1573=DIRECTION('',(-0.05284506113849852,0.9108949714240654,-0.40924045565855216));
#1574=DIRECTION('',(0.8524406867702744,0.2546093119158497,0.45663877827486427));
#1575=AXIS2_PLACEMENT_3D('',#94,#1573,#1574);
#1576=PLANE('',#1575);
#1577=FACE_SURFACE('',(#1572),#1576,.T.);
#1578=POLY_LOOP('',(#95,#101,#94));
#1579=FACE_OUTER_BOUND('',#1578,.T.);
#1580=DIRECTION('',(-0.05322253375108437,0.9111303925506634,-0.4086670645789657));
#1581=DIRECTION('',(0.9984109872180658,0.05614174464904904,-0.004858509031417581));
#1582=AXIS2_PLACEMENT_3D('',#95,#1580,#1581);
#1583=PLANE('',#1582);
#1584=FACE_SURFACE('',(#1579),#1583,.T.);
#1585=POLY_LOOP('',(#95,#102,#101));
#1586=FACE_OUTER_BOUND('',#1585,.T.);
#1587=DIRECTION('',(-0.05444144477279239,0.9387187079950629,-0.3403576300762638));
#1588=DIRECTION('',(0.00017740913656789724,0.340872230199392,0.9401096165899437));
#1589=AXIS2_PLACEMENT_3D('',#95,#1587,#1588);
#1590=PLANE('',#1589);
#1591=FACE_SURFACE('',(#1586),#1590,.T.);
#1592=POLY_LOOP('',(#84,#94,#86));
#1593=FACE_OUTER_BOUND('',#1592,.T.);
#1594=DIRECTION('',(-0.1578713173130043,0.8729538439140797,-0.4615498169921521));
#1595=DIRECTION('',(0.9854444265542815,0.16912661868483136,-0.017189212470000974));
#1596=AXIS2_PLACEMENT_3D('',#84,#1594,#1595);
#1597=PLANE('',#1596);
#1598=FACE_SURFACE('',(#1593),#1597,.T.);
#1599=POLY_LOOP('',(#78,#77,#52));
#1600=FACE_OUTER_BOUND('',#1599,.T.);
#1601=DIRECTION('',(-0.616461121506239,0.7104062827841581,-0.339556474024668));
#1602=DIRECTION('',(-0.7790059144668721,-0.6130207458641349,0.13173970686855282));
#1603=AXIS2_PLACEMENT_3D('',#78,#1601,#1602);
#1604=PLANE('',#1603);
#1605=FACE_SURFACE('',(#1600),#1604,.T.);
#1606=POLY_LOOP('',(#82,#93,#98));
#1607=FACE_OUTER_BOUND('',#1606,.T.);
#1608=DIRECTION('',(-0.39354791856032023,0.8779908966875044,-0.2724922404963328));
#1609=DIRECTION('',(-0.9170696591697771,-0.39560230213099623,0.049820264741213406));
#1610=AXIS2_PLACEMENT_3D('',#82,#1608,#1609);
#1611=PLANE('',#1610);
#1612=FACE_SURFACE('',(#1607),#1611,.T.);
#1613=POLY_LOOP('',(#89,#46,#87));
#1614=FACE_OUTER_BOUND('',#1613,.T.);
#1615=DIRECTION('',(-0.14157524681872344,0.7862620083973286,-0.6014553213990351));
#1616=DIRECTION('',(-0.986089146897663,-0.1654638920938429,0.015808060722185078));
#1617=AXIS2_PLACEMENT_3D('',#89,#1615,#1616);
#1618=PLANE('',#1617);
#1619=FACE_SURFACE('',(#1614),#1618,.T.);
#1620=POLY_LOOP('',(#103,#79,#78));
#1621=FACE_OUTER_BOUND('',#1620,.T.);
#1622=DIRECTION('',(-0.5425539385631984,0.7140594242563879,-0.44244136603644646));
#1623=DIRECTION('',(-0.8247453587472783,-0.5527997339926293,0.11919541653311051));
#1624=AXIS2_PLACEMENT_3D('',#103,#1622,#1623);
#1625=PLANE('',#1624);
#1626=FACE_SURFACE('',(#1621),#1625,.T.);
#1627=POLY_LOOP('',(#103,#104,#79));
#1628=FACE_OUTER_BOUND('',#1627,.T.);
#1629=DIRECTION('',(-0.5289840666118579,0.6796335336329992,-0.5082067662205062));
#1630=DIRECTION('',(-0.006017831335980974,-0.601843362101877,-0.7985914807959829));
#1631=AXIS2_PLACEMENT_3D('',#103,#1629,#1630);
#1632=PLANE('',#1631);
#1633=FACE_SURFACE('',(#1628),#1632,.T.);
#1634=POLY_LOOP('',(#105,#104,#103));
#1635=FACE_OUTER_BOUND('',#1634,.T.);
#1636=DIRECTION('',(-0.45397870369621657,0.7132088348819104,-0.5340753640046416));
#1637=DIRECTION('',(-0.871314402750684,-0.4806928544246214,0.09871976126555879));
#1638=AXIS2_PLACEMENT_3D('',#105,#1636,#1637);
#1639=PLANE('',#1638);
#1640=FACE_SURFACE('',(#1635),#1639,.T.);
#1641=POLY_LOOP('',(#105,#43,#45));
#1642=FACE_OUTER_BOUND('',#1641,.T.);
#1643=DIRECTION('',(-0.34962337651626113,0.7481331138713393,-0.5639683843288934));
#1644=DIRECTION('',(0.0045256702690087205,0.6032993189787063,0.7975020062849031));
#1645=AXIS2_PLACEMENT_3D('',#105,#1643,#1644);
#1646=PLANE('',#1645);
#1647=FACE_SURFACE('',(#1642),#1646,.T.);
#1648=POLY_LOOP('',(#103,#43,#105));
#1649=FACE_OUTER_BOUND('',#1648,.T.);
#1650=DIRECTION('',(-0.45468657929525474,0.7115432170575244,-0.5356924162877504));
#1651=DIRECTION('',(0.8694687319730898,0.4850061198905367,-0.09377199896468967));
#1652=AXIS2_PLACEMENT_3D('',#103,#1650,#1651);
#1653=PLANE('',#1652);
#1654=FACE_SURFACE('',(#1649),#1653,.T.);
#1655=POLY_LOOP('',(#103,#41,#43));
#1656=FACE_OUTER_BOUND('',#1655,.T.);
#1657=DIRECTION('',(-0.4688028277359016,0.7502991149456766,-0.46612782240342293));
#1658=DIRECTION('',(0.00460883569829524,0.5297806733859941,0.8481221590904159));
#1659=AXIS2_PLACEMENT_3D('',#103,#1657,#1658);
#1660=PLANE('',#1659);
#1661=FACE_SURFACE('',(#1656),#1660,.T.);
#1662=POLY_LOOP('',(#78,#41,#103));
#1663=FACE_OUTER_BOUND('',#1662,.T.);
#1664=DIRECTION('',(-0.5429475212902664,0.7135548157255963,-0.4427725308548014));
#1665=DIRECTION('',(0.8229995849701089,0.5569696756793934,-0.11160852795651252));
#1666=AXIS2_PLACEMENT_3D('',#78,#1664,#1665);
#1667=PLANE('',#1666);
#1668=FACE_SURFACE('',(#1663),#1667,.T.);
#1669=POLY_LOOP('',(#78,#39,#41));
#1670=FACE_OUTER_BOUND('',#1669,.T.);
#1671=DIRECTION('',(-0.5526523964864385,0.7396704411789677,-0.3840090716427252));
#1672=DIRECTION('',(0.5363450836914327,0.6683288465766635,0.5154323467086022));
#1673=AXIS2_PLACEMENT_3D('',#78,#1671,#1672);
#1674=PLANE('',#1673);
#1675=FACE_SURFACE('',(#1670),#1674,.T.);
#1676=POLY_LOOP('',(#106,#39,#78));
#1677=FACE_OUTER_BOUND('',#1676,.T.);
#1678=DIRECTION('',(-0.5786499408166399,0.7357589515703497,-0.351884940253201));
#1679=DIRECTION('',(0.6197949446557394,0.11626815087403163,-0.7761030496470959));
#1680=AXIS2_PLACEMENT_3D('',#106,#1678,#1679);
#1681=PLANE('',#1680);
#1682=FACE_SURFACE('',(#1677),#1681,.T.);
#1683=POLY_LOOP('',(#106,#38,#39));
#1684=FACE_OUTER_BOUND('',#1683,.T.);
#1685=DIRECTION('',(-0.5598772930205654,0.7585014564867497,-0.3334860675762078));
#1686=DIRECTION('',(0.8205227713056193,0.5635232886952598,-0.09583258770911529));
#1687=AXIS2_PLACEMENT_3D('',#106,#1685,#1686);
#1688=PLANE('',#1687);
#1689=FACE_SURFACE('',(#1684),#1688,.T.);
#1690=POLY_LOOP('',(#31,#38,#106));
#1691=FACE_OUTER_BOUND('',#1690,.T.);
#1692=DIRECTION('',(-0.565738644724294,0.7766195849282348,-0.27713138792171366));
#1693=DIRECTION('',(0.3794043819279869,-0.053233356666384235,-0.9236982866238693));
#1694=AXIS2_PLACEMENT_3D('',#31,#1692,#1693);
#1695=PLANE('',#1694);
#1696=FACE_SURFACE('',(#1691),#1695,.T.);
#1697=POLY_LOOP('',(#52,#106,#78));
#1698=FACE_OUTER_BOUND('',#1697,.T.);
#1699=DIRECTION('',(-0.6164603151096388,0.7104072658303475,-0.3395558813367469));
#1700=DIRECTION('',(0.7762991721381841,0.6204736955933972,-0.11122944041144102));
#1701=AXIS2_PLACEMENT_3D('',#52,#1699,#1700);
#1702=PLANE('',#1701);
#1703=FACE_SURFACE('',(#1698),#1702,.T.);
#1704=POLY_LOOP('',(#98,#93,#107));
#1705=FACE_OUTER_BOUND('',#1704,.T.);
#1706=DIRECTION('',(-0.39489190180260286,0.8777385279653991,-0.2713585495536445));
#1707=DIRECTION('',(-0.5216478060470641,-0.45734828472665606,-0.7202194893946361));
#1708=AXIS2_PLACEMENT_3D('',#98,#1706,#1707);
#1709=PLANE('',#1708);
#1710=FACE_SURFACE('',(#1705),#1709,.T.);
#1711=POLY_LOOP('',(#108,#106,#52));
#1712=FACE_OUTER_BOUND('',#1711,.T.);
#1713=DIRECTION('',(-0.6251258654025217,0.7350663128820862,-0.2624788907144406));
#1714=DIRECTION('',(0.526107396940938,0.14841098432606642,-0.8373680114593574));
#1715=AXIS2_PLACEMENT_3D('',#108,#1713,#1714);
#1716=PLANE('',#1715);
#1717=FACE_SURFACE('',(#1712),#1716,.T.);
#1718=POLY_LOOP('',(#32,#31,#108));
#1719=FACE_OUTER_BOUND('',#1718,.T.);
#1720=DIRECTION('',(-0.6283060620317318,0.7450923494137047,-0.22376077238726091));
#1721=DIRECTION('',(0.5221045909197481,0.19061733194621613,-0.8313073011240961));
#1722=AXIS2_PLACEMENT_3D('',#32,#1720,#1721);
#1723=PLANE('',#1722);
#1724=FACE_SURFACE('',(#1719),#1723,.T.);
#1725=POLY_LOOP('',(#109,#36,#110));
#1726=FACE_OUTER_BOUND('',#1725,.T.);
#1727=DIRECTION('',(-0.5020644779413641,0.8260345727050799,-0.25612134757845073));
#1728=DIRECTION('',(-0.45107419504496454,-0.5027960348254072,-0.737379290411919));
#1729=AXIS2_PLACEMENT_3D('',#109,#1727,#1728);
#1730=PLANE('',#1729);
#1731=FACE_SURFACE('',(#1726),#1730,.T.);
#1732=POLY_LOOP('',(#93,#36,#109));
#1733=FACE_OUTER_BOUND('',#1732,.T.);
#1734=DIRECTION('',(-0.49721246178578804,0.8276877618531284,-0.2602167110765088));
#1735=DIRECTION('',(-0.8644351284332894,-0.4982870830117599,0.06679739242031835));
#1736=AXIS2_PLACEMENT_3D('',#93,#1734,#1735);
#1737=PLANE('',#1736);
#1738=FACE_SURFACE('',(#1733),#1737,.T.);
#1739=POLY_LOOP('',(#93,#37,#36));
#1740=FACE_OUTER_BOUND('',#1739,.T.);
#1741=DIRECTION('',(-0.4943804157796467,0.8183824274323965,-0.29298158126988416));
#1742=DIRECTION('',(-0.0007767670633273215,-0.3374684835240153,-0.94133650692031));
#1743=AXIS2_PLACEMENT_3D('',#93,#1741,#1742);
#1744=PLANE('',#1743);
#1745=FACE_SURFACE('',(#1740),#1744,.T.);
#1746=POLY_LOOP('',(#81,#37,#93));
#1747=FACE_OUTER_BOUND('',#1746,.T.);
#1748=DIRECTION('',(-0.38947848270083557,0.8671067118202764,-0.31053576578114583));
#1749=DIRECTION('',(-0.9180455774989299,-0.392628490192084,0.05509252512039207));
#1750=AXIS2_PLACEMENT_3D('',#81,#1748,#1749);
#1751=PLANE('',#1750);
#1752=FACE_SURFACE('',(#1747),#1751,.T.);
#1753=POLY_LOOP('',(#81,#40,#37));
#1754=FACE_OUTER_BOUND('',#1753,.T.);
#1755=DIRECTION('',(-0.3836570663573231,0.8447001888654605,-0.3732142097572756));
#1756=DIRECTION('',(-0.7685373414565935,-0.5161242741373048,-0.3781085669924337));
#1757=AXIS2_PLACEMENT_3D('',#81,#1755,#1756);
#1758=PLANE('',#1757);
#1759=FACE_SURFACE('',(#1754),#1758,.T.);
#1760=POLY_LOOP('',(#83,#40,#81));
#1761=FACE_OUTER_BOUND('',#1760,.T.);
#1762=DIRECTION('',(-0.382620274756139,0.8444116127428164,-0.3749276645042516));
#1763=DIRECTION('',(-0.9187158827454099,-0.3906870194673195,0.05766090192725442));
#1764=AXIS2_PLACEMENT_3D('',#83,#1762,#1763);
#1765=PLANE('',#1764);
#1766=FACE_SURFACE('',(#1761),#1765,.T.);
#1767=POLY_LOOP('',(#83,#42,#40));
#1768=FACE_OUTER_BOUND('',#1767,.T.);
#1769=DIRECTION('',(-0.37617332389621644,0.8212788762562502,-0.42894596140323227));
#1770=DIRECTION('',(-0.7619063191056168,-0.537624802440524,-0.3611901614215393));
#1771=AXIS2_PLACEMENT_3D('',#83,#1769,#1770);
#1772=PLANE('',#1771);
#1773=FACE_SURFACE('',(#1768),#1772,.T.);
#1774=POLY_LOOP('',(#85,#42,#83));
#1775=FACE_OUTER_BOUND('',#1774,.T.);
#1776=DIRECTION('',(-0.3747899329581648,0.8207755197259035,-0.43111489463005936));
#1777=DIRECTION('',(-0.9195643173604371,-0.38830954607826557,0.06014285212662392));
#1778=AXIS2_PLACEMENT_3D('',#85,#1776,#1777);
#1779=PLANE('',#1778);
#1780=FACE_SURFACE('',(#1775),#1779,.T.);
#1781=POLY_LOOP('',(#85,#44,#42));
#1782=FACE_OUTER_BOUND('',#1781,.T.);
#1783=DIRECTION('',(-0.3651983220729695,0.7880839538151639,-0.49553392143641006));
#1784=DIRECTION('',(-0.0024816892863541193,-0.5331222958037718,-0.8460345494926327));
#1785=AXIS2_PLACEMENT_3D('',#85,#1783,#1784);
#1786=PLANE('',#1785);
#1787=FACE_SURFACE('',(#1782),#1786,.T.);
#1788=POLY_LOOP('',(#87,#44,#85));
#1789=FACE_OUTER_BOUND('',#1788,.T.);
#1790=DIRECTION('',(-0.2565689114726607,0.8180561333015834,-0.5147393091977688));
#1791=DIRECTION('',(-0.9598294206655086,-0.2782348613972333,0.036233204773750076));
#1792=AXIS2_PLACEMENT_3D('',#87,#1790,#1791);
#1793=PLANE('',#1792);
#1794=FACE_SURFACE('',(#1789),#1793,.T.);
#1795=POLY_LOOP('',(#87,#46,#44));
#1796=FACE_OUTER_BOUND('',#1795,.T.);
#1797=DIRECTION('',(-0.2454629831230087,0.7700980698070471,-0.5888097203645789));
#1798=DIRECTION('',(-0.002088654821737607,-0.6078110257584508,-0.7940789598569499));
#1799=AXIS2_PLACEMENT_3D('',#87,#1797,#1798);
#1800=PLANE('',#1799);
#1801=FACE_SURFACE('',(#1796),#1800,.T.);
#1802=POLY_LOOP('',(#108,#31,#106));
#1803=FACE_OUTER_BOUND('',#1802,.T.);
#1804=DIRECTION('',(-0.6248945342161855,0.7353316255805347,-0.2622865256314649));
#1805=DIRECTION('',(0.7745329299554984,0.6260925850790511,-0.09003785494769491));
#1806=AXIS2_PLACEMENT_3D('',#108,#1804,#1805);
#1807=PLANE('',#1806);
#1808=FACE_SURFACE('',(#1803),#1807,.T.);
#1809=POLY_LOOP('',(#58,#71,#68));
#1810=FACE_OUTER_BOUND('',#1809,.T.);
#1811=DIRECTION('',(-0.5733987143525398,0.23977949364574433,-0.7834026479441111));
#1812=DIRECTION('',(-0.6746119943958007,-0.6807657027328708,0.285406228032853));
#1813=AXIS2_PLACEMENT_3D('',#58,#1811,#1812);
#1814=PLANE('',#1813);
#1815=FACE_SURFACE('',(#1810),#1814,.T.);
#1816=POLY_LOOP('',(#68,#71,#73));
#1817=FACE_OUTER_BOUND('',#1816,.T.);
#1818=DIRECTION('',(-0.6325668524736806,0.22893080917607533,-0.7398985482899179));
#1819=DIRECTION('',(-0.026049396104593798,-0.9610652185209498,-0.27509102986441575));
#1820=AXIS2_PLACEMENT_3D('',#68,#1818,#1819);
#1821=PLANE('',#1820);
#1822=FACE_SURFACE('',(#1817),#1821,.T.);
#1823=POLY_LOOP('',(#68,#73,#67));
#1824=FACE_OUTER_BOUND('',#1823,.T.);
#1825=DIRECTION('',(-0.6670585616118806,0.27463723579848426,-0.6925368323008219));
#1826=DIRECTION('',(-0.6014249934579666,-0.7471214642555043,0.2830150082465522));
#1827=AXIS2_PLACEMENT_3D('',#68,#1825,#1826);
#1828=PLANE('',#1827);
#1829=FACE_SURFACE('',(#1824),#1828,.T.);
#1830=POLY_LOOP('',(#111,#112,#113));
#1831=FACE_OUTER_BOUND('',#1830,.T.);
#1832=DIRECTION('',(0.6188690775104974,0.5297286734880527,-0.5799901700769543));
#1833=DIRECTION('',(-0.012396159220630044,0.7448707065207999,0.6670936709366845));
#1834=AXIS2_PLACEMENT_3D('',#111,#1832,#1833);
#1835=PLANE('',#1834);
#1836=FACE_SURFACE('',(#1831),#1835,.T.);
#1837=POLY_LOOP('',(#114,#112,#111));
#1838=FACE_OUTER_BOUND('',#1837,.T.);
#1839=DIRECTION('',(0.5517342719247608,0.5614887177448341,-0.6167006672843124));
#1840=DIRECTION('',(0.7864084408634431,-0.5964996308069831,0.16046792385352676));
#1841=AXIS2_PLACEMENT_3D('',#114,#1839,#1840);
#1842=PLANE('',#1841);
#1843=FACE_SURFACE('',(#1838),#1842,.T.);
#1844=POLY_LOOP('',(#114,#115,#112));
#1845=FACE_OUTER_BOUND('',#1844,.T.);
#1846=DIRECTION('',(0.5732769749712956,0.6080454378561969,-0.5492123955902911));
#1847=DIRECTION('',(-0.008544338594077402,0.6746929460623132,0.7380490653145942));
#1848=AXIS2_PLACEMENT_3D('',#114,#1846,#1847);
#1849=PLANE('',#1848);
#1850=FACE_SURFACE('',(#1845),#1849,.T.);
#1851=POLY_LOOP('',(#116,#115,#114));
#1852=FACE_OUTER_BOUND('',#1851,.T.);
#1853=DIRECTION('',(0.5105690345698651,0.6375602631925223,-0.5769195539555557));
#1854=DIRECTION('',(0.8269887390342828,-0.5478036411720308,0.1264942537396537));
#1855=AXIS2_PLACEMENT_3D('',#116,#1853,#1854);
#1856=PLANE('',#1855);
#1857=FACE_SURFACE('',(#1852),#1856,.T.);
#1858=POLY_LOOP('',(#117,#118,#119));
#1859=FACE_OUTER_BOUND('',#1858,.T.);
#1860=DIRECTION('',(0.7006030425013061,0.31826814160522354,-0.6386397786523093));
#1861=DIRECTION('',(0.5791545528143411,-0.7764521635864018,0.24839895655259156));
#1862=AXIS2_PLACEMENT_3D('',#117,#1860,#1861);
#1863=PLANE('',#1862);
#1864=FACE_SURFACE('',(#1859),#1863,.T.);
#1865=POLY_LOOP('',(#117,#120,#118));
#1866=FACE_OUTER_BOUND('',#1865,.T.);
#1867=DIRECTION('',(0.7303976560286474,0.35888843271295945,-0.5811354032690603));
#1868=DIRECTION('',(-0.01849485974122964,0.8609095560354465,0.508421750606721));
#1869=AXIS2_PLACEMENT_3D('',#117,#1867,#1868);
#1870=PLANE('',#1869);
#1871=FACE_SURFACE('',(#1866),#1870,.T.);
#1872=POLY_LOOP('',(#121,#120,#117));
#1873=FACE_OUTER_BOUND('',#1872,.T.);
#1874=DIRECTION('',(0.6759300914824703,0.3854656879776588,-0.6281199844141322));
#1875=DIRECTION('',(0.6332460359065047,-0.7397702979247492,0.2274628855814188));
#1876=AXIS2_PLACEMENT_3D('',#121,#1874,#1875);
#1877=PLANE('',#1876);
#1878=FACE_SURFACE('',(#1873),#1877,.T.);
#1879=POLY_LOOP('',(#121,#122,#120));
#1880=FACE_OUTER_BOUND('',#1879,.T.);
#1881=DIRECTION('',(0.7036328450019659,0.4278836209549798,-0.5672886622812894));
#1882=DIRECTION('',(-0.016233726573490946,0.8078360317435691,0.5891836826816746));
#1883=AXIS2_PLACEMENT_3D('',#121,#1881,#1882);
#1884=PLANE('',#1883);
#1885=FACE_SURFACE('',(#1880),#1884,.T.);
#1886=POLY_LOOP('',(#113,#122,#121));
#1887=FACE_OUTER_BOUND('',#1886,.T.);
#1888=DIRECTION('',(0.6489782481020476,0.45678419489070826,-0.6084204408042555));
#1889=DIRECTION('',(0.6848306492207062,-0.6990883379902912,0.20562703512407735));
#1890=AXIS2_PLACEMENT_3D('',#113,#1888,#1889);
#1891=PLANE('',#1890);
#1892=FACE_SURFACE('',(#1887),#1891,.T.);
#1893=POLY_LOOP('',(#113,#123,#122));
#1894=FACE_OUTER_BOUND('',#1893,.T.);
#1895=DIRECTION('',(0.6735776701645583,0.4996353032393073,-0.5446629104433778));
#1896=DIRECTION('',(-0.013446872420484968,0.7450727875511481,0.6668476009350778));
#1897=AXIS2_PLACEMENT_3D('',#113,#1895,#1896);
#1898=PLANE('',#1897);
#1899=FACE_SURFACE('',(#1894),#1898,.T.);
#1900=POLY_LOOP('',(#112,#123,#113));
#1901=FACE_OUTER_BOUND('',#1900,.T.);
#1902=DIRECTION('',(0.6193331260199647,0.5297849728573731,-0.5794431478142192));
#1903=DIRECTION('',(0.7319702876875591,-0.6565598495190188,0.18206773998200634));
#1904=AXIS2_PLACEMENT_3D('',#112,#1902,#1903);
#1905=PLANE('',#1904);
#1906=FACE_SURFACE('',(#1901),#1905,.T.);
#1907=POLY_LOOP('',(#112,#124,#123));
#1908=FACE_OUTER_BOUND('',#1907,.T.);
#1909=DIRECTION('',(0.6401587177229552,0.5712329082035303,-0.5137020349469514));
#1910=DIRECTION('',(-0.010353503553848386,0.675025759196893,0.7377215120794695));
#1911=AXIS2_PLACEMENT_3D('',#112,#1909,#1910);
#1912=PLANE('',#1911);
#1913=FACE_SURFACE('',(#1908),#1912,.T.);
#1914=POLY_LOOP('',(#111,#113,#125));
#1915=FACE_OUTER_BOUND('',#1914,.T.);
#1916=DIRECTION('',(0.5934879479321351,0.4815930258070206,-0.6448567384724623));
#1917=DIRECTION('',(0.7362251243148122,-0.6485687217202308,0.19321278304973796));
#1918=AXIS2_PLACEMENT_3D('',#111,#1916,#1917);
#1919=PLANE('',#1918);
#1920=FACE_SURFACE('',(#1915),#1919,.T.);
#1921=POLY_LOOP('',(#115,#124,#112));
#1922=FACE_OUTER_BOUND('',#1921,.T.);
#1923=DIRECTION('',(0.573801808407221,0.6082167828761322,-0.5484740920922436));
#1924=DIRECTION('',(0.7834479643613909,-0.6027887469157547,0.1511787476126428));
#1925=AXIS2_PLACEMENT_3D('',#115,#1923,#1924);
#1926=PLANE('',#1925);
#1927=FACE_SURFACE('',(#1922),#1926,.T.);
#1928=POLY_LOOP('',(#120,#126,#127));
#1929=FACE_OUTER_BOUND('',#1928,.T.);
#1930=DIRECTION('',(0.7569288574497367,0.3953706100946499,-0.5203275751228458));
#1931=DIRECTION('',(-0.015716653038673103,0.8070033106571474,0.5903377367284472));
#1932=AXIS2_PLACEMENT_3D('',#120,#1930,#1931);
#1933=PLANE('',#1932);
#1934=FACE_SURFACE('',(#1929),#1933,.T.);
#1935=POLY_LOOP('',(#122,#126,#120));
#1936=FACE_OUTER_BOUND('',#1935,.T.);
#1937=DIRECTION('',(0.7043672030480197,0.42797960536888174,-0.5663040708476376));
#1938=DIRECTION('',(0.6266230220904053,-0.7497038044524742,0.21280928968391835));
#1939=AXIS2_PLACEMENT_3D('',#122,#1937,#1938);
#1940=PLANE('',#1939);
#1941=FACE_SURFACE('',(#1936),#1940,.T.);
#1942=POLY_LOOP('',(#122,#128,#126));
#1943=FACE_OUTER_BOUND('',#1942,.T.);
#1944=DIRECTION('',(0.727663603431503,0.46508447364787087,-0.5041846017211982));
#1945=DIRECTION('',(-0.013795842569429553,0.7448079011404829,0.667136316749814));
#1946=AXIS2_PLACEMENT_3D('',#122,#1944,#1945);
#1947=PLANE('',#1946);
#1948=FACE_SURFACE('',(#1943),#1947,.T.);
#1949=POLY_LOOP('',(#123,#128,#122));
#1950=FACE_OUTER_BOUND('',#1949,.T.);
#1951=DIRECTION('',(0.6741423359826834,0.4996839777132823,-0.5439191422007896));
#1952=DIRECTION('',(0.6799172114145027,-0.7075074658230518,0.1927323829224592));
#1953=AXIS2_PLACEMENT_3D('',#123,#1951,#1952);
#1954=PLANE('',#1953);
#1955=FACE_SURFACE('',(#1950),#1954,.T.);
#1956=POLY_LOOP('',(#123,#129,#128));
#1957=FACE_OUTER_BOUND('',#1956,.T.);
#1958=DIRECTION('',(0.6940942560662824,0.5361691612262611,-0.4803704760346139));
#1959=DIRECTION('',(-0.011193930942650145,0.6752464745504863,0.7375072165865164));
#1960=AXIS2_PLACEMENT_3D('',#123,#1958,#1959);
#1961=PLANE('',#1960);
#1962=FACE_SURFACE('',(#1957),#1961,.T.);
#1963=POLY_LOOP('',(#124,#129,#123));
#1964=FACE_OUTER_BOUND('',#1963,.T.);
#1965=DIRECTION('',(0.640471951115543,0.5712444656933542,-0.513298587811192));
#1966=DIRECTION('',(0.728493216960462,-0.6634658482027235,0.17061858372181424));
#1967=AXIS2_PLACEMENT_3D('',#124,#1965,#1966);
#1968=PLANE('',#1967);
#1969=FACE_SURFACE('',(#1964),#1968,.T.);
#1970=POLY_LOOP('',(#126,#130,#127));
#1971=FACE_OUTER_BOUND('',#1970,.T.);
#1972=DIRECTION('',(0.7575514627302421,0.39543067930186876,-0.5193749697300913));
#1973=DIRECTION('',(0.5636994200319628,-0.7975028824435665,0.21501654901386477));
#1974=AXIS2_PLACEMENT_3D('',#126,#1972,#1973);
#1975=PLANE('',#1974);
#1976=FACE_SURFACE('',(#1971),#1975,.T.);
#1977=POLY_LOOP('',(#126,#131,#130));
#1978=FACE_OUTER_BOUND('',#1977,.T.);
#1979=DIRECTION('',(0.7789709592179124,0.4267217037562124,-0.459470164688112));
#1980=DIRECTION('',(-0.012996554672252325,0.7435666833347185,0.6685354717599191));
#1981=AXIS2_PLACEMENT_3D('',#126,#1979,#1980);
#1982=PLANE('',#1981);
#1983=FACE_SURFACE('',(#1978),#1982,.T.);
#1984=POLY_LOOP('',(#128,#131,#126));
#1985=FACE_OUTER_BOUND('',#1984,.T.);
#1986=DIRECTION('',(0.728352461855266,0.4651170975305547,-0.5031587988837377));
#1987=DIRECTION('',(0.6211525718785368,-0.758189012773458,0.19828994769853686));
#1988=AXIS2_PLACEMENT_3D('',#128,#1986,#1987);
#1989=PLANE('',#1988);
#1990=FACE_SURFACE('',(#1985),#1989,.T.);
#1991=POLY_LOOP('',(#128,#132,#131));
#1992=FACE_OUTER_BOUND('',#1991,.T.);
#1993=DIRECTION('',(0.7469921394427314,0.49628103950875585,-0.4423888260737154));
#1994=DIRECTION('',(-0.011380958748051465,0.674861561359949,0.7378565895733309));
#1995=AXIS2_PLACEMENT_3D('',#128,#1993,#1994);
#1996=PLANE('',#1995);
#1997=FACE_SURFACE('',(#1992),#1996,.T.);
#1998=POLY_LOOP('',(#129,#132,#128));
#1999=FACE_OUTER_BOUND('',#1998,.T.);
#2000=DIRECTION('',(0.694574880585043,0.5361668476215383,-0.4796778572874247));
#2001=DIRECTION('',(0.6758819415036978,-0.7147534307637833,0.17975298150682703));
#2002=AXIS2_PLACEMENT_3D('',#129,#2000,#2001);
#2003=PLANE('',#2002);
#2004=FACE_SURFACE('',(#1999),#2003,.T.);
#2005=POLY_LOOP('',(#133,#134,#135));
#2006=FACE_OUTER_BOUND('',#2005,.T.);
#2007=DIRECTION('',(0.8410377976164766,0.4064582360094518,-0.356997374444843));
#2008=DIRECTION('',(0.48872762487159577,-0.8538212929080223,0.17926100653583857));
#2009=AXIS2_PLACEMENT_3D('',#133,#2007,#2008);
#2010=PLANE('',#2009);
#2011=FACE_SURFACE('',(#2006),#2010,.T.);
#2012=POLY_LOOP('',(#120,#127,#118));
#2013=FACE_OUTER_BOUND('',#2012,.T.);
#2014=DIRECTION('',(0.73102721137451,0.35899523099973774,-0.5802772099173398));
#2015=DIRECTION('',(0.5706687602535357,-0.7878753204952378,0.2314943745001568));
#2016=AXIS2_PLACEMENT_3D('',#120,#2014,#2015);
#2017=PLANE('',#2016);
#2018=FACE_SURFACE('',(#2013),#2017,.T.);
#2019=POLY_LOOP('',(#136,#131,#132));
#2020=FACE_OUTER_BOUND('',#2019,.T.);
#2021=DIRECTION('',(0.7476059429329166,0.49624963661328575,-0.44138605806319525));
#2022=DIRECTION('',(0.010522848450345021,-0.6733627377412065,-0.7392373726227308));
#2023=AXIS2_PLACEMENT_3D('',#136,#2021,#2022);
#2024=PLANE('',#2023);
#2025=FACE_SURFACE('',(#2020),#2024,.T.);
#2026=POLY_LOOP('',(#125,#113,#121));
#2027=FACE_OUTER_BOUND('',#2026,.T.);
#2028=DIRECTION('',(0.6483043796255648,0.45667440952037436,-0.6092207441047367));
#2029=DIRECTION('',(-0.015632260309346346,0.8079670148511906,0.5890203182828897));
#2030=AXIS2_PLACEMENT_3D('',#125,#2028,#2029);
#2031=PLANE('',#2030);
#2032=FACE_SURFACE('',(#2027),#2031,.T.);
#2033=POLY_LOOP('',(#137,#121,#117));
#2034=FACE_OUTER_BOUND('',#2033,.T.);
#2035=DIRECTION('',(0.6751140289377227,0.38530461131177085,-0.6290957037155482));
#2036=DIRECTION('',(-0.018579318121396706,0.8613743569634396,0.5076307970404919));
#2037=AXIS2_PLACEMENT_3D('',#137,#2035,#2036);
#2038=PLANE('',#2037);
#2039=FACE_SURFACE('',(#2034),#2038,.T.);
#2040=POLY_LOOP('',(#138,#139,#140));
#2041=FACE_OUTER_BOUND('',#2040,.T.);
#2042=DIRECTION('',(0.2544166204453974,0.48854452100517487,-0.8346235284467883));
#2043=DIRECTION('',(-0.930034131131711,0.36022082717271525,-0.07264620155994687));
#2044=AXIS2_PLACEMENT_3D('',#138,#2042,#2043);
#2045=PLANE('',#2044);
#2046=FACE_SURFACE('',(#2041),#2045,.T.);
#2047=POLY_LOOP('',(#138,#141,#139));
#2048=FACE_OUTER_BOUND('',#2047,.T.);
#2049=DIRECTION('',(0.22981823661762038,0.4159064927556555,-0.8798894063469893));
#2050=DIRECTION('',(0.00950776898017287,-0.9050049448353334,-0.42529478265388415));
#2051=AXIS2_PLACEMENT_3D('',#138,#2049,#2050);
#2052=PLANE('',#2051);
#2053=FACE_SURFACE('',(#2048),#2052,.T.);
#2054=POLY_LOOP('',(#142,#141,#138));
#2055=FACE_OUTER_BOUND('',#2054,.T.);
#2056=DIRECTION('',(0.3190973408066531,0.4058232987919644,-0.856437001330355));
#2057=DIRECTION('',(-0.8874733790200042,0.44501874606628034,-0.11978863543930894));
#2058=AXIS2_PLACEMENT_3D('',#142,#2056,#2057);
#2059=PLANE('',#2058);
#2060=FACE_SURFACE('',(#2055),#2059,.T.);
#2061=POLY_LOOP('',(#142,#143,#141));
#2062=FACE_OUTER_BOUND('',#2061,.T.);
#2063=DIRECTION('',(0.290263633301553,0.33785517312086777,-0.8953216769284936));
#2064=DIRECTION('',(0.013578174352505613,-0.9369623268879207,-0.3491664805991924));
#2065=AXIS2_PLACEMENT_3D('',#142,#2063,#2064);
#2066=PLANE('',#2065);
#2067=FACE_SURFACE('',(#2062),#2066,.T.);
#2068=POLY_LOOP('',(#144,#143,#142));
#2069=FACE_OUTER_BOUND('',#2068,.T.);
#2070=DIRECTION('',(0.3598796468467701,0.3303767690800245,-0.8725467496000935));
#2071=DIRECTION('',(-0.8523906423844078,0.49668575355425126,-0.1635036849485114));
#2072=AXIS2_PLACEMENT_3D('',#144,#2070,#2071);
#2073=PLANE('',#2072);
#2074=FACE_SURFACE('',(#2069),#2073,.T.);
#2075=POLY_LOOP('',(#144,#145,#143));
#2076=FACE_OUTER_BOUND('',#2075,.T.);
#2077=DIRECTION('',(0.3291863872247993,0.26675488452642276,-0.905802491742642));
#2078=DIRECTION('',(0.01633806552352558,-0.9607327291508366,-0.2769940265661596));
#2079=AXIS2_PLACEMENT_3D('',#144,#2077,#2078);
#2080=PLANE('',#2079);
#2081=FACE_SURFACE('',(#2076),#2080,.T.);
#2082=POLY_LOOP('',(#146,#145,#144));
#2083=FACE_OUTER_BOUND('',#2082,.T.);
#2084=DIRECTION('',(0.39240826094609027,0.26096555947733757,-0.8819936130766171));
#2085=DIRECTION('',(-0.8202406180244488,0.533182836314595,-0.20717478515107476));
#2086=AXIS2_PLACEMENT_3D('',#146,#2084,#2085);
#2087=PLANE('',#2086);
#2088=FACE_SURFACE('',(#2083),#2087,.T.);
#2089=POLY_LOOP('',(#146,#147,#145));
#2090=FACE_OUTER_BOUND('',#2089,.T.);
#2091=DIRECTION('',(0.36222275994239295,0.20382818834417468,-0.9095321554601834));
#2092=DIRECTION('',(0.020756594712781386,-0.9773189511103789,-0.2107530108359975));
#2093=AXIS2_PLACEMENT_3D('',#146,#2091,#2092);
#2094=PLANE('',#2093);
#2095=FACE_SURFACE('',(#2090),#2094,.T.);
#2096=POLY_LOOP('',(#148,#147,#146));
#2097=FACE_OUTER_BOUND('',#2096,.T.);
#2098=DIRECTION('',(0.4192314798650699,0.19987886595937646,-0.8856034130653162));
#2099=DIRECTION('',(-0.7892633070671317,0.562313399343253,-0.24671253117036826));
#2100=AXIS2_PLACEMENT_3D('',#148,#2098,#2099);
#2101=PLANE('',#2100);
#2102=FACE_SURFACE('',(#2097),#2101,.T.);
#2103=POLY_LOOP('',(#149,#148,#146));
#2104=FACE_OUTER_BOUND('',#2103,.T.);
#2105=DIRECTION('',(0.46351206679732687,0.21011445216938557,-0.8608184947611368));
#2106=DIRECTION('',(-0.6613832570322765,-0.5644727812787096,-0.4939055238736006));
#2107=AXIS2_PLACEMENT_3D('',#149,#2105,#2106);
#2108=PLANE('',#2107);
#2109=FACE_SURFACE('',(#2104),#2108,.T.);
#2110=POLY_LOOP('',(#149,#150,#148));
#2111=FACE_OUTER_BOUND('',#2110,.T.);
#2112=DIRECTION('',(0.47343447950290757,0.19656221899368342,-0.858616962144407));
#2113=DIRECTION('',(0.025726994679565997,-0.9774526700403647,-0.20958148671989005));
#2114=AXIS2_PLACEMENT_3D('',#149,#2112,#2113);
#2115=PLANE('',#2114);
#2116=FACE_SURFACE('',(#2111),#2115,.T.);
#2117=POLY_LOOP('',(#151,#150,#149));
#2118=FACE_OUTER_BOUND('',#2117,.T.);
#2119=DIRECTION('',(0.5209160886417578,0.19204568432810215,-0.8317240430125389));
#2120=DIRECTION('',(-0.7054661481045714,0.6454302444421022,-0.2928093465685603));
#2121=AXIS2_PLACEMENT_3D('',#151,#2119,#2120);
#2122=PLANE('',#2121);
#2123=FACE_SURFACE('',(#2118),#2122,.T.);
#2124=POLY_LOOP('',(#125,#121,#137));
#2125=FACE_OUTER_BOUND('',#2124,.T.);
#2126=DIRECTION('',(0.6194944222143779,0.40843430659331253,-0.6703790554924236));
#2127=DIRECTION('',(0.6907541728250114,-0.6893383702446677,0.218337546091504));
#2128=AXIS2_PLACEMENT_3D('',#125,#2126,#2127);
#2129=PLANE('',#2128);
#2130=FACE_SURFACE('',(#2125),#2129,.T.);
#2131=POLY_LOOP('',(#119,#152,#153));
#2132=FACE_OUTER_BOUND('',#2131,.T.);
#2133=DIRECTION('',(0.7240955889123845,0.25660574964690264,-0.6401867441346925));
#2134=DIRECTION('',(0.2969578163824822,-0.9537618194447313,-0.046416021574711024));
#2135=AXIS2_PLACEMENT_3D('',#119,#2133,#2134);
#2136=PLANE('',#2135);
#2137=FACE_SURFACE('',(#2132),#2136,.T.);
#2138=POLY_LOOP('',(#118,#154,#119));
#2139=FACE_OUTER_BOUND('',#2138,.T.);
#2140=DIRECTION('',(0.7550492804401128,0.2944847641968473,-0.5858150798356044));
#2141=DIRECTION('',(0.3067666631296289,-0.9483045916872636,-0.08131799171871601));
#2142=AXIS2_PLACEMENT_3D('',#118,#2140,#2141);
#2143=PLANE('',#2142);
#2144=FACE_SURFACE('',(#2139),#2143,.T.);
#2145=POLY_LOOP('',(#118,#155,#154));
#2146=FACE_OUTER_BOUND('',#2145,.T.);
#2147=DIRECTION('',(0.755241818833819,0.294524066152304,-0.5855470685962814));
#2148=DIRECTION('',(0.5137179371102499,-0.820807183055349,0.24973876218146843));
#2149=AXIS2_PLACEMENT_3D('',#118,#2147,#2148);
#2150=PLANE('',#2149);
#2151=FACE_SURFACE('',(#2146),#2150,.T.);
#2152=POLY_LOOP('',(#127,#155,#118));
#2153=FACE_OUTER_BOUND('',#2152,.T.);
#2154=DIRECTION('',(0.7826894777746545,0.3291292806436196,-0.5282718031504731));
#2155=DIRECTION('',(0.3168432250052816,-0.9412361460710671,-0.11698242644746884));
#2156=AXIS2_PLACEMENT_3D('',#127,#2154,#2155);
#2157=PLANE('',#2156);
#2158=FACE_SURFACE('',(#2153),#2157,.T.);
#2159=POLY_LOOP('',(#127,#156,#155));
#2160=FACE_OUTER_BOUND('',#2159,.T.);
#2161=DIRECTION('',(0.7828361502795311,0.3291500300414141,-0.5280414941453556));
#2162=DIRECTION('',(0.5052911260508045,-0.8315145762047413,0.23079078728008076));
#2163=AXIS2_PLACEMENT_3D('',#127,#2161,#2162);
#2164=PLANE('',#2163);
#2165=FACE_SURFACE('',(#2160),#2164,.T.);
#2166=POLY_LOOP('',(#130,#156,#127));
#2167=FACE_OUTER_BOUND('',#2166,.T.);
#2168=DIRECTION('',(0.8062944602127614,0.35961288370228994,-0.46964648120212155));
#2169=DIRECTION('',(0.3269111176565008,-0.9326101743629577,-0.15286393893679087));
#2170=AXIS2_PLACEMENT_3D('',#130,#2168,#2169);
#2171=PLANE('',#2170);
#2172=FACE_SURFACE('',(#2167),#2171,.T.);
#2173=POLY_LOOP('',(#130,#157,#156));
#2174=FACE_OUTER_BOUND('',#2173,.T.);
#2175=DIRECTION('',(0.8064550181208556,0.3596227290904411,-0.46936318184241277));
#2176=DIRECTION('',(0.4985329214061228,-0.8403749643914296,0.2126848501853861));
#2177=AXIS2_PLACEMENT_3D('',#130,#2175,#2176);
#2178=PLANE('',#2177);
#2179=FACE_SURFACE('',(#2174),#2178,.T.);
#2180=POLY_LOOP('',(#158,#157,#130));
#2181=FACE_OUTER_BOUND('',#2180,.T.);
#2182=DIRECTION('',(0.8255628160999039,0.3854311682220162,-0.41217575284847624));
#2183=DIRECTION('',(0.33667644335313207,-0.9225845698639757,-0.18837909634560884));
#2184=AXIS2_PLACEMENT_3D('',#158,#2182,#2183);
#2185=PLANE('',#2184);
#2186=FACE_SURFACE('',(#2181),#2185,.T.);
#2187=POLY_LOOP('',(#158,#135,#157));
#2188=FACE_OUTER_BOUND('',#2187,.T.);
#2189=DIRECTION('',(0.8258069997122218,0.3854220769119354,-0.41169481640553657));
#2190=DIRECTION('',(0.4931109693367557,-0.8477153964380606,0.19549981729307778));
#2191=AXIS2_PLACEMENT_3D('',#158,#2189,#2190);
#2192=PLANE('',#2191);
#2193=FACE_SURFACE('',(#2188),#2192,.T.);
#2194=POLY_LOOP('',(#133,#135,#158));
#2195=FACE_OUTER_BOUND('',#2194,.T.);
#2196=DIRECTION('',(0.840683987905559,0.40651248584220756,-0.35776812509444567));
#2197=DIRECTION('',(0.34585394127467234,-0.9114243819306065,-0.22291399087358227));
#2198=AXIS2_PLACEMENT_3D('',#133,#2196,#2197);
#2199=PLANE('',#2198);
#2200=FACE_SURFACE('',(#2195),#2199,.T.);
#2201=POLY_LOOP('',(#159,#119,#153));
#2202=FACE_OUTER_BOUND('',#2201,.T.);
#2203=DIRECTION('',(0.6673199943703177,0.27454996224405975,-0.6923195384686066));
#2204=DIRECTION('',(0.5894206710147744,-0.7629190586330633,0.2655895000841216));
#2205=AXIS2_PLACEMENT_3D('',#159,#2203,#2204);
#2206=PLANE('',#2205);
#2207=FACE_SURFACE('',(#2202),#2206,.T.);
#2208=POLY_LOOP('',(#159,#117,#119));
#2209=FACE_OUTER_BOUND('',#2208,.T.);
#2210=DIRECTION('',(0.6998969249758531,0.3181085885514111,-0.6394929399916577));
#2211=DIRECTION('',(-0.021201041212295237,0.9042008602126842,0.426580965635079));
#2212=AXIS2_PLACEMENT_3D('',#159,#2210,#2211);
#2213=PLANE('',#2212);
#2214=FACE_SURFACE('',(#2209),#2213,.T.);
#2215=POLY_LOOP('',(#137,#117,#159));
#2216=FACE_OUTER_BOUND('',#2215,.T.);
#2217=DIRECTION('',(0.6438097466565074,0.3387824094264038,-0.6861016609609136));
#2218=DIRECTION('',(0.6412101576548402,-0.728162432668797,0.24213427136635282));
#2219=AXIS2_PLACEMENT_3D('',#137,#2217,#2218);
#2220=PLANE('',#2219);
#2221=FACE_SURFACE('',(#2216),#2220,.T.);
#2222=POLY_LOOP('',(#119,#154,#152));
#2223=FACE_OUTER_BOUND('',#2222,.T.);
#2224=DIRECTION('',(0.7245205688489722,0.2567125744336365,-0.6396628795251575));
#2225=DIRECTION('',(0.524170516877207,-0.8078465326934867,0.2694981425757753));
#2226=AXIS2_PLACEMENT_3D('',#119,#2224,#2225);
#2227=PLANE('',#2226);
#2228=FACE_SURFACE('',(#2223),#2227,.T.);
#2229=POLY_LOOP('',(#136,#158,#131));
#2230=FACE_OUTER_BOUND('',#2229,.T.);
#2231=DIRECTION('',(0.7964670657554229,0.4526294184104357,-0.40095738271838505));
#2232=DIRECTION('',(0.3799192453097162,-0.8904484341710619,-0.2505253542570087));
#2233=AXIS2_PLACEMENT_3D('',#136,#2231,#2232);
#2234=PLANE('',#2233);
#2235=FACE_SURFACE('',(#2230),#2234,.T.);
#2236=POLY_LOOP('',(#133,#158,#136));
#2237=FACE_OUTER_BOUND('',#2236,.T.);
#2238=DIRECTION('',(0.7970703775511153,0.4525684417601125,-0.39982573548152966));
#2239=DIRECTION('',(0.008147043568309434,-0.6700861828273643,-0.7422385959143787));
#2240=AXIS2_PLACEMENT_3D('',#133,#2238,#2239);
#2241=PLANE('',#2240);
#2242=FACE_SURFACE('',(#2237),#2241,.T.);
#2243=POLY_LOOP('',(#160,#161,#162));
#2244=FACE_OUTER_BOUND('',#2243,.T.);
#2245=DIRECTION('',(-0.943094674039207,0.3003997689449931,-0.14259177611866963));
#2246=DIRECTION('',(-0.33231754538784924,-0.8363333709708172,0.43601782260359984));
#2247=AXIS2_PLACEMENT_3D('',#160,#2245,#2246);
#2248=PLANE('',#2247);
#2249=FACE_SURFACE('',(#2244),#2248,.T.);
#2250=POLY_LOOP('',(#163,#17,#19));
#2251=FACE_OUTER_BOUND('',#2250,.T.);
#2252=DIRECTION('',(-0.935293042144252,0.28600795440057025,-0.20838995977770025));
#2253=DIRECTION('',(0.009856195138549125,-0.5675989379609339,-0.8232461971020643));
#2254=AXIS2_PLACEMENT_3D('',#163,#2252,#2253);
#2255=PLANE('',#2254);
#2256=FACE_SURFACE('',(#2251),#2255,.T.);
#2257=POLY_LOOP('',(#164,#17,#163));
#2258=FACE_OUTER_BOUND('',#2257,.T.);
#2259=DIRECTION('',(-0.9162534763376513,0.32459745451045363,-0.2347680975441572));
#2260=DIRECTION('',(-0.36555497272600934,-0.9171847142692751,0.15856153955507227));
#2261=AXIS2_PLACEMENT_3D('',#164,#2259,#2260);
#2262=PLANE('',#2261);
#2263=FACE_SURFACE('',(#2258),#2262,.T.);
#2264=POLY_LOOP('',(#164,#21,#17));
#2265=FACE_OUTER_BOUND('',#2264,.T.);
#2266=DIRECTION('',(-0.9083179170563633,0.3143088849139756,-0.2759863881036937));
#2267=DIRECTION('',(0.0030404590048658657,-0.654833011136438,-0.755767479543163));
#2268=AXIS2_PLACEMENT_3D('',#164,#2266,#2267);
#2269=PLANE('',#2268);
#2270=FACE_SURFACE('',(#2265),#2269,.T.);
#2271=POLY_LOOP('',(#165,#21,#164));
#2272=FACE_OUTER_BOUND('',#2271,.T.);
#2273=DIRECTION('',(-0.878302899014965,0.35958323827099503,-0.3150934977692387));
#2274=DIRECTION('',(-0.4289161223462453,-0.8837732397189412,0.18701823640529713));
#2275=AXIS2_PLACEMENT_3D('',#165,#2273,#2274);
#2276=PLANE('',#2275);
#2277=FACE_SURFACE('',(#2272),#2276,.T.);
#2278=POLY_LOOP('',(#165,#23,#21));
#2279=FACE_OUTER_BOUND('',#2278,.T.);
#2280=DIRECTION('',(-0.8655608210209564,0.3428233639769556,-0.36507068661432107));
#2281=DIRECTION('',(-0.005826975679908905,-0.735814183067178,-0.6771584263313918));
#2282=AXIS2_PLACEMENT_3D('',#165,#2280,#2281);
#2283=PLANE('',#2282);
#2284=FACE_SURFACE('',(#2279),#2283,.T.);
#2285=POLY_LOOP('',(#166,#23,#165));
#2286=FACE_OUTER_BOUND('',#2285,.T.);
#2287=DIRECTION('',(-0.8258736748494896,0.38535297956834735,-0.41162574546351743));
#2288=DIRECTION('',(-0.4982072525480662,-0.8405726798202563,0.2126666486506529));
#2289=AXIS2_PLACEMENT_3D('',#166,#2287,#2288);
#2290=PLANE('',#2289);
#2291=FACE_SURFACE('',(#2286),#2290,.T.);
#2292=POLY_LOOP('',(#166,#25,#23));
#2293=FACE_OUTER_BOUND('',#2292,.T.);
#2294=DIRECTION('',(-0.8066198757160646,0.3593529639972068,-0.46928650456434673));
#2295=DIRECTION('',(-0.013545473832513652,-0.8049901607805441,-0.593133510421698));
#2296=AXIS2_PLACEMENT_3D('',#166,#2294,#2295);
#2297=PLANE('',#2296);
#2298=FACE_SURFACE('',(#2293),#2297,.T.);
#2299=POLY_LOOP('',(#167,#25,#166));
#2300=FACE_OUTER_BOUND('',#2299,.T.);
#2301=DIRECTION('',(-0.7574039596863588,0.39553243922670034,-0.519512590194695));
#2302=DIRECTION('',(-0.5703541967166162,-0.7881001860516073,0.23150418361914238));
#2303=AXIS2_PLACEMENT_3D('',#167,#2301,#2302);
#2304=PLANE('',#2303);
#2305=FACE_SURFACE('',(#2300),#2304,.T.);
#2306=POLY_LOOP('',(#167,#27,#25));
#2307=FACE_OUTER_BOUND('',#2306,.T.);
#2308=DIRECTION('',(-0.7310560532323811,0.35854327259644575,-0.580520256931767));
#2309=DIRECTION('',(-0.01849130488604875,-0.8609051216062293,-0.508429388642882));
#2310=AXIS2_PLACEMENT_3D('',#167,#2308,#2309);
#2311=PLANE('',#2310);
#2312=FACE_SURFACE('',(#2307),#2311,.T.);
#2313=POLY_LOOP('',(#168,#27,#167));
#2314=FACE_OUTER_BOUND('',#2313,.T.);
#2315=DIRECTION('',(-0.6756521136261745,0.3855944233227513,-0.6283400051364532));
#2316=DIRECTION('',(-0.6409177579105232,-0.7284064044151859,0.24217460147977676));
#2317=AXIS2_PLACEMENT_3D('',#168,#2315,#2316);
#2318=PLANE('',#2317);
#2319=FACE_SURFACE('',(#2314),#2318,.T.);
#2320=POLY_LOOP('',(#168,#29,#27));
#2321=FACE_OUTER_BOUND('',#2320,.T.);
#2322=DIRECTION('',(-0.6438008082366988,0.33827934688250827,-0.6863582175413337));
#2323=DIRECTION('',(-0.020738588589095677,-0.904358072815156,-0.4262703216004947));
#2324=AXIS2_PLACEMENT_3D('',#168,#2322,#2323);
#2325=PLANE('',#2324);
#2326=FACE_SURFACE('',(#2321),#2325,.T.);
#2327=POLY_LOOP('',(#169,#29,#168));
#2328=FACE_OUTER_BOUND('',#2327,.T.);
#2329=DIRECTION('',(-0.5863610484260255,0.35633754191493716,-0.7274642789242318));
#2330=DIRECTION('',(-0.70589250266206,-0.6653007335424044,0.2430858050841968));
#2331=AXIS2_PLACEMENT_3D('',#169,#2329,#2330);
#2332=PLANE('',#2331);
#2333=FACE_SURFACE('',(#2328),#2332,.T.);
#2334=POLY_LOOP('',(#163,#19,#170));
#2335=FACE_OUTER_BOUND('',#2334,.T.);
#2336=DIRECTION('',(-0.9390598834465816,0.2860070928075228,-0.1906999689697966));
#2337=DIRECTION('',(-0.27973788390645893,-0.9582238798407462,-0.05961302215526133));
#2338=AXIS2_PLACEMENT_3D('',#163,#2336,#2337);
#2339=PLANE('',#2338);
#2340=FACE_SURFACE('',(#2335),#2339,.T.);
#2341=POLY_LOOP('',(#169,#62,#29));
#2342=FACE_OUTER_BOUND('',#2341,.T.);
#2343=DIRECTION('',(-0.5519657300752097,0.30159239472949967,-0.7774161435575329));
#2344=DIRECTION('',(-0.02095036334029573,-0.9370239479483794,-0.3486362047279978));
#2345=AXIS2_PLACEMENT_3D('',#169,#2343,#2344);
#2346=PLANE('',#2345);
#2347=FACE_SURFACE('',(#2342),#2346,.T.);
#2348=POLY_LOOP('',(#171,#60,#62));
#2349=FACE_OUTER_BOUND('',#2348,.T.);
#2350=DIRECTION('',(-0.4618119833627991,0.25430748906751405,-0.8497396030706665));
#2351=DIRECTION('',(-0.019942025911477423,-0.9607514818037763,-0.2766928004383093));
#2352=AXIS2_PLACEMENT_3D('',#171,#2350,#2351);
#2353=PLANE('',#2352);
#2354=FACE_SURFACE('',(#2349),#2353,.T.);
#2355=POLY_LOOP('',(#172,#60,#171));
#2356=FACE_OUTER_BOUND('',#2355,.T.);
#2357=DIRECTION('',(-0.39313673820573436,0.2619900843526157,-0.8813652482222483));
#2358=DIRECTION('',(-0.8201171675105378,-0.533331249246758,0.20728147561078633));
#2359=AXIS2_PLACEMENT_3D('',#172,#2357,#2358);
#2360=PLANE('',#2359);
#2361=FACE_SURFACE('',(#2356),#2360,.T.);
#2362=POLY_LOOP('',(#172,#173,#60));
#2363=FACE_OUTER_BOUND('',#2362,.T.);
#2364=DIRECTION('',(-0.3651277260393895,0.20886984655803956,-0.9072238592961086));
#2365=DIRECTION('',(-0.17827228508470527,-0.9721591221152105,-0.15207114670068292));
#2366=AXIS2_PLACEMENT_3D('',#172,#2364,#2365);
#2367=PLANE('',#2366);
#2368=FACE_SURFACE('',(#2363),#2367,.T.);
#2369=POLY_LOOP('',(#174,#173,#172));
#2370=FACE_OUTER_BOUND('',#2369,.T.);
#2371=DIRECTION('',(-0.29135693861059847,0.19976868443868986,-0.9355231729043889));
#2372=DIRECTION('',(-0.8681732527761074,-0.4659085595852667,0.17089299947433534));
#2373=AXIS2_PLACEMENT_3D('',#174,#2371,#2372);
#2374=PLANE('',#2373);
#2375=FACE_SURFACE('',(#2370),#2374,.T.);
#2376=POLY_LOOP('',(#64,#175,#63));
#2377=FACE_OUTER_BOUND('',#2376,.T.);
#2378=DIRECTION('',(-0.9179820675055543,0.2635752566475601,-0.29637308889540037));
#2379=DIRECTION('',(-0.24221676769382094,-0.9642683968525305,-0.10731959876652745));
#2380=AXIS2_PLACEMENT_3D('',#64,#2378,#2379);
#2381=PLANE('',#2380);
#2382=FACE_SURFACE('',(#2377),#2381,.T.);
#2383=POLY_LOOP('',(#64,#34,#175));
#2384=FACE_OUTER_BOUND('',#2383,.T.);
#2385=DIRECTION('',(-0.900452479331951,0.2646070865384859,-0.3452077957094197));
#2386=DIRECTION('',(0.009025870556638517,-0.7821259591905375,-0.6230549876383116));
#2387=AXIS2_PLACEMENT_3D('',#64,#2385,#2386);
#2388=PLANE('',#2387);
#2389=FACE_SURFACE('',(#2384),#2388,.T.);
#2390=POLY_LOOP('',(#65,#34,#64));
#2391=FACE_OUTER_BOUND('',#2390,.T.);
#2392=DIRECTION('',(-0.8840912334267937,0.28489030003210863,-0.3704324606800889));
#2393=DIRECTION('',(-0.37803294402794685,-0.9020028779078438,0.20852314374076256));
#2394=AXIS2_PLACEMENT_3D('',#65,#2392,#2393);
#2395=PLANE('',#2394);
#2396=FACE_SURFACE('',(#2391),#2395,.T.);
#2397=POLY_LOOP('',(#65,#53,#34));
#2398=FACE_OUTER_BOUND('',#2397,.T.);
#2399=DIRECTION('',(-0.8667824874905599,0.26571494637922455,-0.4219996287324946));
#2400=DIRECTION('',(-0.006727760292040589,-0.8523762192847657,-0.5228857600272375));
#2401=AXIS2_PLACEMENT_3D('',#65,#2399,#2400);
#2402=PLANE('',#2401);
#2403=FACE_SURFACE('',(#2398),#2402,.T.);
#2404=POLY_LOOP('',(#66,#53,#65));
#2405=FACE_OUTER_BOUND('',#2404,.T.);
#2406=DIRECTION('',(-0.8287952822537386,0.29732684839647533,-0.47402017397634605));
#2407=DIRECTION('',(-0.4480363410204427,-0.8601131221319094,0.2438623674565485));
#2408=AXIS2_PLACEMENT_3D('',#66,#2406,#2407);
#2409=PLANE('',#2408);
#2410=FACE_SURFACE('',(#2405),#2409,.T.);
#2411=POLY_LOOP('',(#66,#75,#53));
#2412=FACE_OUTER_BOUND('',#2411,.T.);
#2413=DIRECTION('',(-0.8044427213218094,0.26885282304582625,-0.5297075302963435));
#2414=DIRECTION('',(-0.01791546004147208,-0.9022929720953184,-0.4307510055692262));
#2415=AXIS2_PLACEMENT_3D('',#66,#2413,#2414);
#2416=PLANE('',#2415);
#2417=FACE_SURFACE('',(#2412),#2416,.T.);
#2418=POLY_LOOP('',(#67,#75,#66));
#2419=FACE_OUTER_BOUND('',#2418,.T.);
#2420=DIRECTION('',(-0.7553809233498585,0.2944648049624513,-0.5853974199443834));
#2421=DIRECTION('',(-0.5238519734277344,-0.8080524026248824,0.2695003238365828));
#2422=AXIS2_PLACEMENT_3D('',#67,#2420,#2421);
#2423=PLANE('',#2422);
#2424=FACE_SURFACE('',(#2419),#2423,.T.);
#2425=POLY_LOOP('',(#67,#73,#75));
#2426=FACE_OUTER_BOUND('',#2425,.T.);
#2427=DIRECTION('',(-0.7246287655098316,0.2564335173124505,-0.6396522519263593));
#2428=DIRECTION('',(-0.023906727791042668,-0.9369851884038237,-0.34855017584011605));
#2429=AXIS2_PLACEMENT_3D('',#67,#2427,#2428);
#2430=PLANE('',#2429);
#2431=FACE_SURFACE('',(#2426),#2430,.T.);
#2432=POLY_LOOP('',(#171,#62,#169));
#2433=FACE_OUTER_BOUND('',#2432,.T.);
#2434=DIRECTION('',(-0.49575796963066404,0.31255814746574384,-0.8102662772203121));
#2435=DIRECTION('',(-0.7626400708165736,-0.6030091022206955,0.2340088567210276));
#2436=AXIS2_PLACEMENT_3D('',#171,#2434,#2435);
#2437=PLANE('',#2436);
#2438=FACE_SURFACE('',(#2433),#2437,.T.);
#2439=POLY_LOOP('',(#176,#177,#178));
#2440=FACE_OUTER_BOUND('',#2439,.T.);
#2441=DIRECTION('',(0.009470979797781423,0.2045419904547231,-0.9788119710559787));
#2442=DIRECTION('',(-0.9990623676913823,0.043289724115120935,-0.0006206842400289265));
#2443=AXIS2_PLACEMENT_3D('',#176,#2441,#2442);
#2444=PLANE('',#2443);
#2445=FACE_SURFACE('',(#2440),#2444,.T.);
#2446=POLY_LOOP('',(#178,#177,#179));
#2447=FACE_OUTER_BOUND('',#2446,.T.);
#2448=DIRECTION('',(-0.009469883526577318,0.2045313608054843,-0.978814202876649));
#2449=DIRECTION('',(0.0005734381838793987,-0.9788568234792143,-0.2045458146646646));
#2450=AXIS2_PLACEMENT_3D('',#178,#2448,#2449);
#2451=PLANE('',#2450);
#2452=FACE_SURFACE('',(#2447),#2451,.T.);
#2453=POLY_LOOP('',(#178,#179,#180));
#2454=FACE_OUTER_BOUND('',#2453,.T.);
#2455=DIRECTION('',(-0.01078153241107641,0.20563125229781315,-0.9785701541725571));
#2456=DIRECTION('',(-0.6515028281728579,-0.7438444213588845,-0.14912927846681773));
#2457=AXIS2_PLACEMENT_3D('',#178,#2455,#2456);
#2458=PLANE('',#2457);
#2459=FACE_SURFACE('',(#2454),#2458,.T.);
#2460=POLY_LOOP('',(#160,#163,#161));
#2461=FACE_OUTER_BOUND('',#2460,.T.);
#2462=DIRECTION('',(-0.9429645780894038,0.2850214194525835,-0.17199010123232972));
#2463=DIRECTION('',(0.007429257844828937,-0.4985059052052664,-0.8668544679491207));
#2464=AXIS2_PLACEMENT_3D('',#160,#2462,#2463);
#2465=PLANE('',#2464);
#2466=FACE_SURFACE('',(#2461),#2465,.T.);
#2467=POLY_LOOP('',(#181,#163,#160));
#2468=FACE_OUTER_BOUND('',#2467,.T.);
#2469=DIRECTION('',(-0.921921130119453,0.3323422521208476,-0.1990227557203289));
#2470=DIRECTION('',(-0.36305908853013763,-0.9204566070207317,0.14473331623212365));
#2471=AXIS2_PLACEMENT_3D('',#181,#2469,#2470);
#2472=PLANE('',#2471);
#2473=FACE_SURFACE('',(#2468),#2472,.T.);
#2474=POLY_LOOP('',(#181,#164,#163));
#2475=FACE_OUTER_BOUND('',#2474,.T.);
#2476=DIRECTION('',(-0.9162611950560803,0.3244651427819007,-0.23492082401082356));
#2477=DIRECTION('',(0.0027006804388364294,-0.5814328327250605,-0.81358992579461));
#2478=AXIS2_PLACEMENT_3D('',#181,#2476,#2477);
#2479=PLANE('',#2478);
#2480=FACE_SURFACE('',(#2475),#2479,.T.);
#2481=POLY_LOOP('',(#182,#164,#181));
#2482=FACE_OUTER_BOUND('',#2481,.T.);
#2483=DIRECTION('',(-0.8878849209694073,0.37290680360998707,-0.2694455101435756));
#2484=DIRECTION('',(-0.4251523809932634,-0.8888574826592035,0.17081518801471612));
#2485=AXIS2_PLACEMENT_3D('',#182,#2483,#2484);
#2486=PLANE('',#2485);
#2487=FACE_SURFACE('',(#2482),#2486,.T.);
#2488=POLY_LOOP('',(#182,#165,#164));
#2489=FACE_OUTER_BOUND('',#2488,.T.);
#2490=DIRECTION('',(-0.8783066606224714,0.3595471429871169,-0.31512420071458225));
#2491=DIRECTION('',(-0.003706181973055138,-0.6642214274393307,-0.7475266948715882));
#2492=AXIS2_PLACEMENT_3D('',#182,#2490,#2491);
#2493=PLANE('',#2492);
#2494=FACE_SURFACE('',(#2489),#2493,.T.);
#2495=POLY_LOOP('',(#183,#165,#182));
#2496=FACE_OUTER_BOUND('',#2495,.T.);
#2497=DIRECTION('',(-0.8410198913320697,0.4064815338241621,-0.35701303203629736));
#2498=DIRECTION('',(-0.49278934995243223,-0.8479085323430143,0.19547321390250563));
#2499=AXIS2_PLACEMENT_3D('',#183,#2497,#2498);
#2500=PLANE('',#2499);
#2501=FACE_SURFACE('',(#2496),#2500,.T.);
#2502=POLY_LOOP('',(#183,#166,#165));
#2503=FACE_OUTER_BOUND('',#2502,.T.);
#2504=DIRECTION('',(-0.8259218703271088,0.38508007258138804,-0.41178441181774145));
#2505=DIRECTION('',(-0.010540405104797628,-0.7408123115706851,-0.6716293761335376));
#2506=AXIS2_PLACEMENT_3D('',#183,#2504,#2505);
#2507=PLANE('',#2506);
#2508=FACE_SURFACE('',(#2503),#2507,.T.);
#2509=POLY_LOOP('',(#184,#166,#183));
#2510=FACE_OUTER_BOUND('',#2509,.T.);
#2511=DIRECTION('',(-0.7794178474400816,0.42685271184183127,-0.4585897747280723));
#2512=DIRECTION('',(-0.5633874128197094,-0.7977237600440825,0.21501494305616412));
#2513=AXIS2_PLACEMENT_3D('',#184,#2511,#2512);
#2514=PLANE('',#2513);
#2515=FACE_SURFACE('',(#2510),#2514,.T.);
#2516=POLY_LOOP('',(#184,#167,#166));
#2517=FACE_OUTER_BOUND('',#2516,.T.);
#2518=DIRECTION('',(-0.7575689307464476,0.39494571605619655,-0.5197183819498231));
#2519=DIRECTION('',(-0.015711528508813258,-0.8069938205948576,-0.5903508460175454));
#2520=AXIS2_PLACEMENT_3D('',#184,#2518,#2519);
#2521=PLANE('',#2520);
#2522=FACE_SURFACE('',(#2517),#2521,.T.);
#2523=POLY_LOOP('',(#185,#167,#184));
#2524=FACE_OUTER_BOUND('',#2523,.T.);
#2525=DIRECTION('',(-0.7041313607554964,0.42812107831489576,-0.5664903963026238));
#2526=DIRECTION('',(-0.6329569749503297,-0.7400090372021595,0.2274908629392858));
#2527=AXIS2_PLACEMENT_3D('',#185,#2525,#2526);
#2528=PLANE('',#2527);
#2529=FACE_SURFACE('',(#2524),#2528,.T.);
#2530=POLY_LOOP('',(#185,#168,#167));
#2531=FACE_OUTER_BOUND('',#2530,.T.);
#2532=DIRECTION('',(-0.6759247614080205,0.38495004092116414,-0.6284418691576054));
#2533=DIRECTION('',(-0.018582847083001734,-0.8613680717893828,-0.5076413327302363));
#2534=AXIS2_PLACEMENT_3D('',#185,#2532,#2533);
#2535=PLANE('',#2534);
#2536=FACE_SURFACE('',(#2531),#2535,.T.);
#2537=POLY_LOOP('',(#186,#168,#185));
#2538=FACE_OUTER_BOUND('',#2537,.T.);
#2539=DIRECTION('',(-0.6192342356976583,0.4085444976136327,-0.6705522759707563));
#2540=DIRECTION('',(-0.6975602756202889,-0.6782992325337583,0.2309108334848351));
#2541=AXIS2_PLACEMENT_3D('',#186,#2539,#2540);
#2542=PLANE('',#2541);
#2543=FACE_SURFACE('',(#2538),#2542,.T.);
#2544=POLY_LOOP('',(#186,#169,#168));
#2545=FACE_OUTER_BOUND('',#2544,.T.);
#2546=DIRECTION('',(-0.5867241308800071,0.3557363967869663,-0.7274657450657911));
#2547=DIRECTION('',(-0.019432687923434746,-0.904268717078557,-0.4265213452491808));
#2548=AXIS2_PLACEMENT_3D('',#186,#2546,#2547);
#2549=PLANE('',#2548);
#2550=FACE_SURFACE('',(#2545),#2549,.T.);
#2551=POLY_LOOP('',(#187,#169,#186));
#2552=FACE_OUTER_BOUND('',#2551,.T.);
#2553=DIRECTION('',(-0.5302857245334796,0.370976366770505,-0.7623474179491647));
#2554=DIRECTION('',(-0.7543521315110913,-0.6168756804652104,0.224537873275884));
#2555=AXIS2_PLACEMENT_3D('',#187,#2553,#2554);
#2556=PLANE('',#2555);
#2557=FACE_SURFACE('',(#2552),#2556,.T.);
#2558=POLY_LOOP('',(#187,#171,#169));
#2559=FACE_OUTER_BOUND('',#2558,.T.);
#2560=DIRECTION('',(-0.49625859812033685,0.3119501616534852,-0.8101941128124807));
#2561=DIRECTION('',(-0.01889772835245453,-0.9368757632147502,-0.3491513714191827));
#2562=AXIS2_PLACEMENT_3D('',#187,#2560,#2561);
#2563=PLANE('',#2562);
#2564=FACE_SURFACE('',(#2559),#2563,.T.);
#2565=POLY_LOOP('',(#188,#171,#187));
#2566=FACE_OUTER_BOUND('',#2565,.T.);
#2567=DIRECTION('',(-0.42682652148860944,0.32335270707035363,-0.8445484872902251));
#2568=DIRECTION('',(-0.812227713116469,-0.547692273946694,0.2007967009307936));
#2569=AXIS2_PLACEMENT_3D('',#188,#2567,#2568);
#2570=PLANE('',#2569);
#2571=FACE_SURFACE('',(#2566),#2570,.T.);
#2572=POLY_LOOP('',(#188,#172,#171));
#2573=FACE_OUTER_BOUND('',#2572,.T.);
#2574=DIRECTION('',(-0.3937854277181452,0.2608355027089972,-0.8814181059198762));
#2575=DIRECTION('',(-0.01634929376839864,-0.9607302804996388,-0.2770018568969527));
#2576=AXIS2_PLACEMENT_3D('',#188,#2574,#2575);
#2577=PLANE('',#2576);
#2578=FACE_SURFACE('',(#2573),#2577,.T.);
#2579=POLY_LOOP('',(#189,#172,#188));
#2580=FACE_OUTER_BOUND('',#2579,.T.);
#2581=DIRECTION('',(-0.32763087325156437,0.2668912994863566,-0.9063261251618543));
#2582=DIRECTION('',(-0.8591104237442794,-0.48335171434335716,0.1682272274492525));
#2583=AXIS2_PLACEMENT_3D('',#189,#2581,#2582);
#2584=PLANE('',#2583);
#2585=FACE_SURFACE('',(#2580),#2584,.T.);
#2586=POLY_LOOP('',(#189,#174,#172));
#2587=FACE_OUTER_BOUND('',#2586,.T.);
#2588=DIRECTION('',(-0.2938800674073637,0.19679611247151732,-0.9353639912337557));
#2589=DIRECTION('',(0.24138044326089117,-0.9315789142732146,-0.2718385699136795));
#2590=AXIS2_PLACEMENT_3D('',#189,#2588,#2589);
#2591=PLANE('',#2590);
#2592=FACE_SURFACE('',(#2587),#2591,.T.);
#2593=POLY_LOOP('',(#190,#174,#189));
#2594=FACE_OUTER_BOUND('',#2593,.T.);
#2595=DIRECTION('',(-0.2345755492826145,0.2158033869254251,-0.9478413421402733));
#2596=DIRECTION('',(-0.480348508898912,-0.8734233125549534,-0.07998141711750396));
#2597=AXIS2_PLACEMENT_3D('',#190,#2595,#2596);
#2598=PLANE('',#2597);
#2599=FACE_SURFACE('',(#2594),#2598,.T.);
#2600=POLY_LOOP('',(#190,#191,#174));
#2601=FACE_OUTER_BOUND('',#2600,.T.);
#2602=DIRECTION('',(-0.20729895608268706,0.20166537146807265,-0.9572660135812159));
#2603=DIRECTION('',(0.18868329732168856,-0.951906738224567,-0.2413963028600083));
#2604=AXIS2_PLACEMENT_3D('',#190,#2602,#2603);
#2605=PLANE('',#2604);
#2606=FACE_SURFACE('',(#2601),#2605,.T.);
#2607=POLY_LOOP('',(#192,#191,#190));
#2608=FACE_OUTER_BOUND('',#2607,.T.);
#2609=DIRECTION('',(-0.1546462792468236,0.21394337010600897,-0.9645272223751886));
#2610=DIRECTION('',(-0.520098040285471,-0.8476730814845498,-0.1046344848398481));
#2611=AXIS2_PLACEMENT_3D('',#192,#2609,#2610);
#2612=PLANE('',#2611);
#2613=FACE_SURFACE('',(#2608),#2612,.T.);
#2614=POLY_LOOP('',(#192,#193,#191));
#2615=FACE_OUTER_BOUND('',#2614,.T.);
#2616=DIRECTION('',(-0.1366279318994805,0.2035012161401421,-0.9694947463779028));
#2617=DIRECTION('',(0.13912704407142085,-0.9650304459927906,-0.2221708889906699));
#2618=AXIS2_PLACEMENT_3D('',#192,#2616,#2617);
#2619=PLANE('',#2618);
#2620=FACE_SURFACE('',(#2615),#2619,.T.);
#2621=POLY_LOOP('',(#194,#193,#192));
#2622=FACE_OUTER_BOUND('',#2621,.T.);
#2623=DIRECTION('',(-0.09049560528437962,0.211024133178745,-0.9732827752715926));
#2624=DIRECTION('',(-0.5618421532388943,-0.8177368711628362,-0.1250592035185648));
#2625=AXIS2_PLACEMENT_3D('',#194,#2623,#2624);
#2626=PLANE('',#2625);
#2627=FACE_SURFACE('',(#2622),#2626,.T.);
#2628=POLY_LOOP('',(#194,#195,#193));
#2629=FACE_OUTER_BOUND('',#2628,.T.);
#2630=DIRECTION('',(-0.07995407579183267,0.20414642607416533,-0.9756698122241044));
#2631=DIRECTION('',(0.09179451016430926,-0.9731362825234844,-0.2111386831920375));
#2632=AXIS2_PLACEMENT_3D('',#194,#2630,#2631);
#2633=PLANE('',#2632);
#2634=FACE_SURFACE('',(#2629),#2633,.T.);
#2635=POLY_LOOP('',(#180,#195,#194));
#2636=FACE_OUTER_BOUND('',#2635,.T.);
#2637=DIRECTION('',(-0.042654674706647036,0.20799661828845445,-0.9771990511181625));
#2638=DIRECTION('',(-0.6056310806955447,-0.7832821458227411,-0.14028568754819037));
#2639=AXIS2_PLACEMENT_3D('',#180,#2637,#2638);
#2640=PLANE('',#2639);
#2641=FACE_SURFACE('',(#2636),#2640,.T.);
#2642=POLY_LOOP('',(#180,#179,#195));
#2643=FACE_OUTER_BOUND('',#2642,.T.);
#2644=DIRECTION('',(-0.03763315638078865,0.20429086399198085,-0.9781865816040562));
#2645=DIRECTION('',(0.04585355326045921,-0.9774958978668764,-0.20591071197686495));
#2646=AXIS2_PLACEMENT_3D('',#180,#2644,#2645);
#2647=PLANE('',#2646);
#2648=FACE_SURFACE('',(#2643),#2647,.T.);
#2649=POLY_LOOP('',(#96,#102,#95));
#2650=FACE_OUTER_BOUND('',#2649,.T.);
#2651=DIRECTION('',(-0.1671502092408987,0.926893751937622,-0.3360487764740732));
#2652=DIRECTION('',(0.9851115084212574,0.1709083547061166,-0.018591671996979208));
#2653=AXIS2_PLACEMENT_3D('',#96,#2651,#2652);
#2654=PLANE('',#2653);
#2655=FACE_SURFACE('',(#2650),#2654,.T.);
#2656=POLY_LOOP('',(#96,#196,#102));
#2657=FACE_OUTER_BOUND('',#2656,.T.);
#2658=DIRECTION('',(-0.1691597825033917,0.9443406280019299,-0.2821449029990197));
#2659=DIRECTION('',(-0.04846248210761889,0.2779545029509007,0.9593709825282848));
#2660=AXIS2_PLACEMENT_3D('',#96,#2658,#2659);
#2661=PLANE('',#2660);
#2662=FACE_SURFACE('',(#2657),#2661,.T.);
#2663=POLY_LOOP('',(#97,#196,#96));
#2664=FACE_OUTER_BOUND('',#2663,.T.);
#2665=DIRECTION('',(-0.27981942487109823,0.9182597989888768,-0.280178569890196));
#2666=DIRECTION('',(0.9587553028465654,0.2824433166938013,-0.031844027989494324));
#2667=AXIS2_PLACEMENT_3D('',#97,#2665,#2666);
#2668=PLANE('',#2667);
#2669=FACE_SURFACE('',(#2664),#2668,.T.);
#2670=POLY_LOOP('',(#108,#47,#32));
#2671=FACE_OUTER_BOUND('',#2670,.T.);
#2672=DIRECTION('',(-0.7079655031614204,0.6764118291225936,-0.20310559755069377));
#2673=DIRECTION('',(-0.503582109107055,-0.281849803104059,0.8166797094807078));
#2674=AXIS2_PLACEMENT_3D('',#108,#2672,#2673);
#2675=PLANE('',#2674);
#2676=FACE_SURFACE('',(#2671),#2675,.T.);
#2677=POLY_LOOP('',(#197,#198,#199));
#2678=FACE_OUTER_BOUND('',#2677,.T.);
#2679=DIRECTION('',(-2.095819069429964e-05,-0.9955847451790573,0.09386700553179318));
#2680=DIRECTION('',(0.9999304588025288,0.0010861184297088057,0.011742993899376006));
#2681=AXIS2_PLACEMENT_3D('',#197,#2679,#2680);
#2682=PLANE('',#2681);
#2683=FACE_SURFACE('',(#2678),#2682,.T.);
#2684=POLY_LOOP('',(#197,#200,#198));
#2685=FACE_OUTER_BOUND('',#2684,.T.);
#2686=DIRECTION('',(-2.0993871792520786e-06,-0.995733568361682,0.09227491984989182));
#2687=DIRECTION('',(0.9999999989920795,2.0480084285215146e-06,4.485138458462117e-05));
#2688=AXIS2_PLACEMENT_3D('',#197,#2686,#2687);
#2689=PLANE('',#2688);
#2690=FACE_SURFACE('',(#2685),#2689,.T.);
#2691=POLY_LOOP('',(#201,#200,#197));
#2692=FACE_OUTER_BOUND('',#2691,.T.);
#2693=DIRECTION('',(-1.1795218886786723e-06,-0.9974159848096483,0.07184255872954498));
#2694=DIRECTION('',(0.9931750085171531,0.008378089601628686,0.11633232599574364));
#2695=AXIS2_PLACEMENT_3D('',#201,#2693,#2694);
#2696=PLANE('',#2695);
#2697=FACE_SURFACE('',(#2692),#2696,.T.);
#2698=POLY_LOOP('',(#201,#202,#200));
#2699=FACE_OUTER_BOUND('',#2698,.T.);
#2700=DIRECTION('',(-0.0019035609509173068,-0.9961194889748075,0.08799056847341169));
#2701=DIRECTION('',(0.9964567120355806,0.005509309138387437,0.08392656642599802));
#2702=AXIS2_PLACEMENT_3D('',#201,#2700,#2701);
#2703=PLANE('',#2702);
#2704=FACE_SURFACE('',(#2699),#2703,.T.);
#2705=POLY_LOOP('',(#203,#202,#201));
#2706=FACE_OUTER_BOUND('',#2705,.T.);
#2707=DIRECTION('',(-0.0002507069261029062,-0.9976533508827226,0.06846698926134162));
#2708=DIRECTION('',(0.9612666097154664,0.01863044926593289,0.2749898387327847));
#2709=AXIS2_PLACEMENT_3D('',#203,#2707,#2708);
#2710=PLANE('',#2709);
#2711=FACE_SURFACE('',(#2706),#2710,.T.);
#2712=POLY_LOOP('',(#201,#204,#203));
#2713=FACE_OUTER_BOUND('',#2712,.T.);
#2714=DIRECTION('',(4.5566174825139205e-05,-0.9984713345427688,0.05527198223427662));
#2715=DIRECTION('',(0.9997446414519705,-0.0012035271506584382,-0.022565535900317554));
#2716=AXIS2_PLACEMENT_3D('',#201,#2714,#2715);
#2717=PLANE('',#2716);
#2718=FACE_SURFACE('',(#2713),#2717,.T.);
#2719=POLY_LOOP('',(#201,#205,#204));
#2720=FACE_OUTER_BOUND('',#2719,.T.);
#2721=DIRECTION('',(-0.00010154473555742655,-0.9988099116782733,0.04877243096162746));
#2722=DIRECTION('',(0.9973664189510595,-0.003638491833670595,-0.07243609408241225));
#2723=AXIS2_PLACEMENT_3D('',#201,#2721,#2722);
#2724=PLANE('',#2723);
#2725=FACE_SURFACE('',(#2720),#2724,.T.);
#2726=POLY_LOOP('',(#206,#205,#201));
#2727=FACE_OUTER_BOUND('',#2726,.T.);
#2728=DIRECTION('',(-0.0004857052983736867,-0.9990535182116138,0.04349519329029223));
#2729=DIRECTION('',(0.9890524875239846,0.005938364292437399,0.147444609098294));
#2730=AXIS2_PLACEMENT_3D('',#206,#2728,#2729);
#2731=PLANE('',#2730);
#2732=FACE_SURFACE('',(#2727),#2731,.T.);
#2733=POLY_LOOP('',(#201,#207,#206));
#2734=FACE_OUTER_BOUND('',#2733,.T.);
#2735=DIRECTION('',(-0.0010224146085493298,-0.9991200321533912,0.04192989408732957));
#2736=DIRECTION('',(-0.6044518138276316,-0.03278565249781789,-0.7959667742756468));
#2737=AXIS2_PLACEMENT_3D('',#201,#2735,#2736);
#2738=PLANE('',#2737);
#2739=FACE_SURFACE('',(#2734),#2738,.T.);
#2740=POLY_LOOP('',(#208,#207,#201));
#2741=FACE_OUTER_BOUND('',#2740,.T.);
#2742=DIRECTION('',(-0.0007745067913378726,-0.9991281240453018,0.04174196786144482));
#2743=DIRECTION('',(0.9989457922366815,0.0011428932145355459,0.04589115348004586));
#2744=AXIS2_PLACEMENT_3D('',#208,#2742,#2743);
#2745=PLANE('',#2744);
#2746=FACE_SURFACE('',(#2741),#2745,.T.);
#2747=POLY_LOOP('',(#209,#210,#211));
#2748=FACE_OUTER_BOUND('',#2747,.T.);
#2749=DIRECTION('',(0.0004507591985594985,-0.9974999649693755,0.07066552697206321));
#2750=DIRECTION('',(-0.9943515939444628,0.007053016601142698,0.1059016646560859));
#2751=AXIS2_PLACEMENT_3D('',#209,#2749,#2750);
#2752=PLANE('',#2751);
#2753=FACE_SURFACE('',(#2748),#2752,.T.);
#2754=POLY_LOOP('',(#209,#197,#210));
#2755=FACE_OUTER_BOUND('',#2754,.T.);
#2756=DIRECTION('',(0.0025832162048072893,-0.9958857879958439,0.09058048499503728));
#2757=DIRECTION('',(-0.9906384975589705,0.009814616804811141,0.13615814500455134));
#2758=AXIS2_PLACEMENT_3D('',#209,#2756,#2757);
#2759=PLANE('',#2758);
#2760=FACE_SURFACE('',(#2755),#2759,.T.);
#2761=POLY_LOOP('',(#212,#213,#209));
#2762=FACE_OUTER_BOUND('',#2761,.T.);
#2763=DIRECTION('',(0.00032785071645773355,-0.9991781472834541,0.04053298046174138));
#2764=DIRECTION('',(0.9998449369465403,-0.0003861200865913199,-0.017605481352336378));
#2765=AXIS2_PLACEMENT_3D('',#212,#2763,#2764);
#2766=PLANE('',#2765);
#2767=FACE_SURFACE('',(#2762),#2766,.T.);
#2768=POLY_LOOP('',(#201,#197,#209));
#2769=FACE_OUTER_BOUND('',#2768,.T.);
#2770=DIRECTION('',(1.2410045893281246e-06,-0.9974114908157594,0.0719049232469101));
#2771=DIRECTION('',(-0.9992515247586109,0.002780275943532569,0.03858316126587825));
#2772=AXIS2_PLACEMENT_3D('',#201,#2770,#2771);
#2773=PLANE('',#2772);
#2774=FACE_SURFACE('',(#2769),#2773,.T.);
#2775=POLY_LOOP('',(#209,#214,#215));
#2776=FACE_OUTER_BOUND('',#2775,.T.);
#2777=DIRECTION('',(0.0005901484153525533,-0.999006534642142,0.04456002095092371));
#2778=DIRECTION('',(-0.9952565405013085,-0.004921719997098791,-0.09716066725603138));
#2779=AXIS2_PLACEMENT_3D('',#209,#2777,#2778);
#2780=PLANE('',#2779);
#2781=FACE_SURFACE('',(#2776),#2780,.T.);
#2782=POLY_LOOP('',(#216,#214,#209));
#2783=FACE_OUTER_BOUND('',#2782,.T.);
#2784=DIRECTION('',(0.00011967485324903827,-0.9987806579935207,0.04936783260342218));
#2785=DIRECTION('',(0.9811738500282606,-0.00941696033302177,-0.19289685554411326));
#2786=AXIS2_PLACEMENT_3D('',#216,#2784,#2785);
#2787=PLANE('',#2786);
#2788=FACE_SURFACE('',(#2783),#2787,.T.);
#2789=POLY_LOOP('',(#211,#216,#209));
#2790=FACE_OUTER_BOUND('',#2789,.T.);
#2791=DIRECTION('',(-8.25833456375816e-05,-0.9984503188203394,0.05565028326571133));
#2792=DIRECTION('',(0.9741545437244847,-0.012650751230565376,-0.22552801030968042));
#2793=AXIS2_PLACEMENT_3D('',#211,#2791,#2792);
#2794=PLANE('',#2793);
#2795=FACE_SURFACE('',(#2790),#2794,.T.);
#2796=POLY_LOOP('',(#217,#212,#209));
#2797=FACE_OUTER_BOUND('',#2796,.T.);
#2798=DIRECTION('',(0.0008677150076164101,-0.9990648766253134,0.04322753016669938));
#2799=DIRECTION('',(0.9988632800714835,-0.0011942701814099306,-0.04765208750486113));
#2800=AXIS2_PLACEMENT_3D('',#217,#2798,#2799);
#2801=PLANE('',#2800);
#2802=FACE_SURFACE('',(#2797),#2801,.T.);
#2803=POLY_LOOP('',(#69,#218,#219));
#2804=FACE_OUTER_BOUND('',#2803,.T.);
#2805=DIRECTION('',(-0.00860692095627485,-0.9779388582060307,0.20871394424507733));
#2806=DIRECTION('',(0.9144413221267079,0.07676008689212861,0.39737256755779093));
#2807=AXIS2_PLACEMENT_3D('',#69,#2805,#2806);
#2808=PLANE('',#2807);
#2809=FACE_SURFACE('',(#2804),#2808,.T.);
#2810=POLY_LOOP('',(#70,#218,#69));
#2811=FACE_OUTER_BOUND('',#2810,.T.);
#2812=DIRECTION('',(0.008767599642036165,-0.9853760600317791,0.17016800378674188));
#2813=DIRECTION('',(0.5282607007015072,0.1490542291345053,0.8358968051568751));
#2814=AXIS2_PLACEMENT_3D('',#70,#2812,#2813);
#2815=PLANE('',#2814);
#2816=FACE_SURFACE('',(#2811),#2815,.T.);
#2817=POLY_LOOP('',(#70,#220,#218));
#2818=FACE_OUTER_BOUND('',#2817,.T.);
#2819=DIRECTION('',(-0.008587928479623435,-0.9834826580142727,0.18079853115999076));
#2820=DIRECTION('',(0.894822191078099,0.07314529227058218,0.44038961451519415));
#2821=AXIS2_PLACEMENT_3D('',#70,#2819,#2820);
#2822=PLANE('',#2821);
#2823=FACE_SURFACE('',(#2818),#2822,.T.);
#2824=POLY_LOOP('',(#221,#220,#70));
#2825=FACE_OUTER_BOUND('',#2824,.T.);
#2826=DIRECTION('',(0.008499563552731525,-0.9890982820986045,0.14701137972620534));
#2827=DIRECTION('',(0.5550320573118938,0.12695721160850815,0.8220835004892868));
#2828=AXIS2_PLACEMENT_3D('',#221,#2826,#2827);
#2829=PLANE('',#2828);
#2830=FACE_SURFACE('',(#2825),#2829,.T.);
#2831=POLY_LOOP('',(#221,#222,#220));
#2832=FACE_OUTER_BOUND('',#2831,.T.);
#2833=DIRECTION('',(-0.011851481635621804,-0.9869770653529009,0.16042385997854552));
#2834=DIRECTION('',(0.5858167105354789,0.12316550283023002,0.8010299873100678));
#2835=AXIS2_PLACEMENT_3D('',#221,#2833,#2834);
#2836=PLANE('',#2835);
#2837=FACE_SURFACE('',(#2832),#2836,.T.);
#2838=POLY_LOOP('',(#223,#222,#221));
#2839=FACE_OUTER_BOUND('',#2838,.T.);
#2840=DIRECTION('',(0.014165227183287481,-0.9897897375839562,0.14182955161858551));
#2841=DIRECTION('',(0.16567965103472312,0.1422064463777243,0.9758727272762734));
#2842=AXIS2_PLACEMENT_3D('',#223,#2840,#2841);
#2843=PLANE('',#2842);
#2844=FACE_SURFACE('',(#2839),#2843,.T.);
#2845=POLY_LOOP('',(#223,#224,#222));
#2846=FACE_OUTER_BOUND('',#2845,.T.);
#2847=DIRECTION('',(-0.0124773891266008,-0.9891671807412845,0.14626210481502835));
#2848=DIRECTION('',(0.6847238594591859,0.0981448442540353,0.7221639881866639));
#2849=AXIS2_PLACEMENT_3D('',#223,#2847,#2848);
#2850=PLANE('',#2849);
#2851=FACE_SURFACE('',(#2846),#2850,.T.);
#2852=POLY_LOOP('',(#225,#224,#223));
#2853=FACE_OUTER_BOUND('',#2852,.T.);
#2854=DIRECTION('',(0.01026602632799565,-0.9920916223556128,0.12509524993076676));
#2855=DIRECTION('',(0.5037405012778222,0.11319897528029486,0.8564061532753366));
#2856=AXIS2_PLACEMENT_3D('',#225,#2854,#2855);
#2857=PLANE('',#2856);
#2858=FACE_SURFACE('',(#2853),#2857,.T.);
#2859=POLY_LOOP('',(#209,#215,#217));
#2860=FACE_OUTER_BOUND('',#2859,.T.);
#2861=DIRECTION('',(0.0012075033458076256,-0.9990287602258852,0.044046318543106686));
#2862=DIRECTION('',(-0.6399784695292797,-0.034616910129379175,-0.7676126810260857));
#2863=AXIS2_PLACEMENT_3D('',#209,#2861,#2862);
#2864=PLANE('',#2863);
#2865=FACE_SURFACE('',(#2860),#2864,.T.);
#2866=POLY_LOOP('',(#225,#226,#224));
#2867=FACE_OUTER_BOUND('',#2866,.T.);
#2868=DIRECTION('',(-0.007610726470267862,-0.9907571369510709,0.135434015015106));
#2869=DIRECTION('',(0.849145086902937,0.06512425001880512,0.5241292335370082));
#2870=AXIS2_PLACEMENT_3D('',#225,#2868,#2869);
#2871=PLANE('',#2870);
#2872=FACE_SURFACE('',(#2867),#2871,.T.);
#2873=POLY_LOOP('',(#209,#213,#227));
#2874=FACE_OUTER_BOUND('',#2873,.T.);
#2875=DIRECTION('',(1.9340979331945408e-05,-0.9992664400948889,0.038295970101494194));
#2876=DIRECTION('',(0.990638095792411,-0.005208802915541722,-0.1364149241724414));
#2877=AXIS2_PLACEMENT_3D('',#209,#2875,#2876);
#2878=PLANE('',#2877);
#2879=FACE_SURFACE('',(#2874),#2878,.T.);
#2880=POLY_LOOP('',(#201,#227,#228));
#2881=FACE_OUTER_BOUND('',#2880,.T.);
#2882=DIRECTION('',(-2.423153525621028e-05,-0.9992694431139247,0.03821752832954492));
#2883=DIRECTION('',(-0.993179940543672,-0.004431794728740583,-0.11650735984113011));
#2884=AXIS2_PLACEMENT_3D('',#201,#2882,#2883);
#2885=PLANE('',#2884);
#2886=FACE_SURFACE('',(#2881),#2885,.T.);
#2887=POLY_LOOP('',(#170,#229,#230));
#2888=FACE_OUTER_BOUND('',#2887,.T.);
#2889=DIRECTION('',(-8.377044877843071e-05,-0.8563420269410086,0.5164090683528679));
#2890=DIRECTION('',(0.9995244320716564,0.015852654675223486,0.026450010048783695));
#2891=AXIS2_PLACEMENT_3D('',#170,#2889,#2890);
#2892=PLANE('',#2891);
#2893=FACE_SURFACE('',(#2888),#2892,.T.);
#2894=POLY_LOOP('',(#231,#229,#170));
#2895=FACE_OUTER_BOUND('',#2894,.T.);
#2896=DIRECTION('',(0.0004967558420129387,-0.8659072655847659,0.5002043188949361));
#2897=DIRECTION('',(-0.025424229239719584,0.5000317544309167,0.8656337869609212));
#2898=AXIS2_PLACEMENT_3D('',#231,#2896,#2897);
#2899=PLANE('',#2898);
#2900=FACE_SURFACE('',(#2895),#2899,.T.);
#2901=POLY_LOOP('',(#19,#231,#170));
#2902=FACE_OUTER_BOUND('',#2901,.T.);
#2903=DIRECTION('',(2.947477338039612e-05,-0.866452650135295,0.4992592555023511));
#2904=DIRECTION('',(0.999999999551213,2.2858652243604447e-05,-1.9366358150831546e-05));
#2905=AXIS2_PLACEMENT_3D('',#19,#2903,#2904);
#2906=PLANE('',#2905);
#2907=FACE_SURFACE('',(#2902),#2906,.T.);
#2908=POLY_LOOP('',(#19,#232,#231));
#2909=FACE_OUTER_BOUND('',#2908,.T.);
#2910=DIRECTION('',(2.932899750158712e-05,-0.878848699186542,0.4771005796243946));
#2911=DIRECTION('',(0.9722955428288202,-0.11149956046604606,-0.20544883891394533));
#2912=AXIS2_PLACEMENT_3D('',#19,#2910,#2911);
#2913=PLANE('',#2912);
#2914=FACE_SURFACE('',(#2909),#2913,.T.);
#2915=POLY_LOOP('',(#18,#232,#19));
#2916=FACE_OUTER_BOUND('',#2915,.T.);
#2917=DIRECTION('',(-0.00043980517481888434,-0.8797779301050773,0.4753846866185676));
#2918=DIRECTION('',(0.9987590406282006,0.02328840484153592,0.04402305036424697));
#2919=AXIS2_PLACEMENT_3D('',#18,#2917,#2918);
#2920=PLANE('',#2919);
#2921=FACE_SURFACE('',(#2916),#2920,.T.);
#2922=POLY_LOOP('',(#18,#233,#232));
#2923=FACE_OUTER_BOUND('',#2922,.T.);
#2924=DIRECTION('',(0.0008707258337801236,-0.8919666667465064,0.45210032874313333));
#2925=DIRECTION('',(0.9151985229016433,-0.18148684227737408,-0.3598252211266435));
#2926=AXIS2_PLACEMENT_3D('',#18,#2924,#2925);
#2927=PLANE('',#2926);
#2928=FACE_SURFACE('',(#2923),#2927,.T.);
#2929=POLY_LOOP('',(#63,#233,#18));
#2930=FACE_OUTER_BOUND('',#2929,.T.);
#2931=DIRECTION('',(-0.003715504977589125,-0.8966210875451607,0.4427830398650053));
#2932=DIRECTION('',(0.9771744185580709,0.09079571250420698,0.19205804931465284));
#2933=AXIS2_PLACEMENT_3D('',#63,#2931,#2932);
#2934=PLANE('',#2933);
#2935=FACE_SURFACE('',(#2930),#2934,.T.);
#2936=POLY_LOOP('',(#63,#234,#233));
#2937=FACE_OUTER_BOUND('',#2936,.T.);
#2938=DIRECTION('',(-0.0004272049283783206,-0.9032221489536991,0.42917312023868764));
#2939=DIRECTION('',(0.9984070193162472,0.02382880012093039,0.051143054903315256));
#2940=AXIS2_PLACEMENT_3D('',#63,#2938,#2939);
#2941=PLANE('',#2940);
#2942=FACE_SURFACE('',(#2937),#2941,.T.);
#2943=POLY_LOOP('',(#175,#234,#63));
#2944=FACE_OUTER_BOUND('',#2943,.T.);
#2945=DIRECTION('',(0.0014306001370834119,-0.9168407390768205,0.39925056362179034));
#2946=DIRECTION('',(0.7975248484965357,0.24190819202304095,0.5526613272726085));
#2947=AXIS2_PLACEMENT_3D('',#175,#2945,#2946);
#2948=PLANE('',#2947);
#2949=FACE_SURFACE('',(#2944),#2948,.T.);
#2950=POLY_LOOP('',(#175,#235,#234));
#2951=FACE_OUTER_BOUND('',#2950,.T.);
#2952=DIRECTION('',(-0.002410519162528566,-0.9147998698690186,0.4039002197139703));
#2953=DIRECTION('',(0.9953928773267731,0.03651903690643572,0.08865314269981668));
#2954=AXIS2_PLACEMENT_3D('',#175,#2952,#2953);
#2955=PLANE('',#2954);
#2956=FACE_SURFACE('',(#2951),#2955,.T.);
#2957=POLY_LOOP('',(#33,#235,#175));
#2958=FACE_OUTER_BOUND('',#2957,.T.);
#2959=DIRECTION('',(0.0012580654048240099,-0.929518747589885,0.3687727147585201));
#2960=DIRECTION('',(0.9333146094995534,0.1335022180250767,0.3333181625370588));
#2961=AXIS2_PLACEMENT_3D('',#33,#2959,#2960);
#2962=PLANE('',#2961);
#2963=FACE_SURFACE('',(#2958),#2962,.T.);
#2964=POLY_LOOP('',(#33,#236,#235));
#2965=FACE_OUTER_BOUND('',#2964,.T.);
#2966=DIRECTION('',(-0.0002180002017071301,-0.9280977181897432,0.3723366460166179));
#2967=DIRECTION('',(0.9998735760045334,0.005717554263572911,0.014837168906151962));
#2968=AXIS2_PLACEMENT_3D('',#33,#2966,#2967);
#2969=PLANE('',#2968);
#2970=FACE_SURFACE('',(#2965),#2969,.T.);
#2971=POLY_LOOP('',(#209,#227,#201));
#2972=FACE_OUTER_BOUND('',#2971,.T.);
#2973=DIRECTION('',(-4.908219657241213e-06,-0.9992757206429151,0.038053043367016086));
#2974=DIRECTION('',(0.9950619594442524,-0.0037818624502290927,-0.09918363969613544));
#2975=AXIS2_PLACEMENT_3D('',#209,#2973,#2974);
#2976=PLANE('',#2975);
#2977=FACE_SURFACE('',(#2972),#2976,.T.);
#2978=POLY_LOOP('',(#237,#236,#33));
#2979=FACE_OUTER_BOUND('',#2978,.T.);
#2980=DIRECTION('',(8.350209612794615e-05,-0.9349898772946587,0.35467438924162414));
#2981=DIRECTION('',(-0.3310329806500967,0.33465171408955596,0.8822841922979436));
#2982=AXIS2_PLACEMENT_3D('',#237,#2980,#2981);
#2983=PLANE('',#2982);
#2984=FACE_SURFACE('',(#2979),#2983,.T.);
#2985=POLY_LOOP('',(#35,#238,#237));
#2986=FACE_OUTER_BOUND('',#2985,.T.);
#2987=DIRECTION('',(0.0015448141855494177,-0.9425397166097794,0.33409055084256595));
#2988=DIRECTION('',(0.9722713029598835,-0.07671180149765545,-0.22091585038578523));
#2989=AXIS2_PLACEMENT_3D('',#35,#2987,#2988);
#2990=PLANE('',#2989);
#2991=FACE_SURFACE('',(#2986),#2990,.T.);
#2992=POLY_LOOP('',(#54,#238,#35));
#2993=FACE_OUTER_BOUND('',#2992,.T.);
#2994=DIRECTION('',(-0.0024277073118875612,-0.9479271838296199,0.318477880541261));
#2995=DIRECTION('',(0.9744462041178974,0.06929056813809624,0.21366659179038952));
#2996=AXIS2_PLACEMENT_3D('',#54,#2994,#2995);
#2997=PLANE('',#2996);
#2998=FACE_SURFACE('',(#2993),#2997,.T.);
#2999=POLY_LOOP('',(#54,#239,#238));
#3000=FACE_OUTER_BOUND('',#2999,.T.);
#3001=DIRECTION('',(-0.00017941437160941417,-0.9509911767569607,0.30921796445370753));
#3002=DIRECTION('',(0.9999979618767818,0.00045121095841559836,0.001967905219624466));
#3003=AXIS2_PLACEMENT_3D('',#54,#3001,#3002);
#3004=PLANE('',#3003);
#3005=FACE_SURFACE('',(#3000),#3004,.T.);
#3006=POLY_LOOP('',(#76,#239,#54));
#3007=FACE_OUTER_BOUND('',#3006,.T.);
#3008=DIRECTION('',(-0.00012512595611457734,-0.9589830113081913,0.2834635221078161));
#3009=DIRECTION('',(0.8719404166031518,0.13868251210985783,0.4695605080592076));
#3010=AXIS2_PLACEMENT_3D('',#76,#3008,#3009);
#3011=PLANE('',#3010);
#3012=FACE_SURFACE('',(#3007),#3011,.T.);
#3013=POLY_LOOP('',(#76,#240,#239));
#3014=FACE_OUTER_BOUND('',#3013,.T.);
#3015=DIRECTION('',(-0.004429058055011875,-0.956772751957895,0.29080282762666154));
#3016=DIRECTION('',(0.9634275863621605,0.07383426999411893,0.25759616924717094));
#3017=AXIS2_PLACEMENT_3D('',#76,#3015,#3016);
#3018=PLANE('',#3017);
#3019=FACE_SURFACE('',(#3014),#3018,.T.);
#3020=POLY_LOOP('',(#241,#240,#76));
#3021=FACE_OUTER_BOUND('',#3020,.T.);
#3022=DIRECTION('',(0.0064406535688926935,-0.9673941531142859,0.2531937410401354));
#3023=DIRECTION('',(0.6868370308047367,0.18830413893869652,0.7019946184792937));
#3024=AXIS2_PLACEMENT_3D('',#241,#3022,#3023);
#3025=PLANE('',#3024);
#3026=FACE_SURFACE('',(#3021),#3025,.T.);
#3027=POLY_LOOP('',(#241,#242,#240));
#3028=FACE_OUTER_BOUND('',#3027,.T.);
#3029=DIRECTION('',(-0.007638124189076811,-0.9639317899829983,0.26603977770071324));
#3030=DIRECTION('',(0.9428503266607089,0.08168846808720996,0.32304837980921625));
#3031=AXIS2_PLACEMENT_3D('',#241,#3029,#3030);
#3032=PLANE('',#3031);
#3033=FACE_SURFACE('',(#3028),#3032,.T.);
#3034=POLY_LOOP('',(#243,#242,#241));
#3035=FACE_OUTER_BOUND('',#3034,.T.);
#3036=DIRECTION('',(-0.0028654840525635214,-0.9674612953216043,0.2530028281576867));
#3037=DIRECTION('',(-0.6917337925241202,0.18462438020202276,0.6981534204708993));
#3038=AXIS2_PLACEMENT_3D('',#243,#3036,#3037);
#3039=PLANE('',#3038);
#3040=FACE_SURFACE('',(#3035),#3039,.T.);
#3041=POLY_LOOP('',(#219,#244,#69));
#3042=FACE_OUTER_BOUND('',#3041,.T.);
#3043=DIRECTION('',(0.00951878881549459,-0.9805342966111918,0.19611702075210408));
#3044=DIRECTION('',(-0.908701718917926,-0.0903365363923339,-0.40755428623466));
#3045=AXIS2_PLACEMENT_3D('',#219,#3043,#3044);
#3046=PLANE('',#3045);
#3047=FACE_SURFACE('',(#3042),#3046,.T.);
#3048=POLY_LOOP('',(#219,#241,#244));
#3049=FACE_OUTER_BOUND('',#3048,.T.);
#3050=DIRECTION('',(0.0002849923489114375,-0.9764381662237421,0.21579718793574804));
#3051=DIRECTION('',(-0.9999087078435078,-0.003193469868356946,-0.013129269931207312));
#3052=AXIS2_PLACEMENT_3D('',#219,#3050,#3051);
#3053=PLANE('',#3052);
#3054=FACE_SURFACE('',(#3049),#3053,.T.);
#3055=POLY_LOOP('',(#243,#241,#219));
#3056=FACE_OUTER_BOUND('',#3055,.T.);
#3057=DIRECTION('',(-9.404595887418685e-05,-0.9700015594376028,0.24309867511769023));
#3058=DIRECTION('',(-0.9651718819349617,-0.06351059447363341,-0.25379054890151054));
#3059=AXIS2_PLACEMENT_3D('',#243,#3057,#3058);
#3060=PLANE('',#3059);
#3061=FACE_SURFACE('',(#3056),#3060,.T.);
#3062=POLY_LOOP('',(#201,#228,#208));
#3063=FACE_OUTER_BOUND('',#3062,.T.);
#3064=DIRECTION('',(-0.00029384691665135763,-0.9992064787417696,0.039828714446528204));
#3065=DIRECTION('',(-0.9863065422848623,-0.006279044935712574,-0.1648028465797076));
#3066=AXIS2_PLACEMENT_3D('',#201,#3064,#3065);
#3067=PLANE('',#3066);
#3068=FACE_SURFACE('',(#3063),#3067,.T.);
#3069=POLY_LOOP('',(#35,#237,#33));
#3070=FACE_OUTER_BOUND('',#3069,.T.);
#3071=DIRECTION('',(-0.0007885115508912305,-0.937359396392466,0.34836294327078765));
#3072=DIRECTION('',(0.9883969346587181,0.05218268780066348,0.14264805169068448));
#3073=AXIS2_PLACEMENT_3D('',#35,#3071,#3072);
#3074=PLANE('',#3073);
#3075=FACE_SURFACE('',(#3070),#3074,.T.);
#3076=POLY_LOOP('',(#197,#226,#225));
#3077=FACE_OUTER_BOUND('',#3076,.T.);
#3078=DIRECTION('',(0.00732699835551083,-0.9937259508027966,0.11160219440573912));
#3079=DIRECTION('',(0.6881602425290555,0.08598494867882157,0.7204457434137924));
#3080=AXIS2_PLACEMENT_3D('',#197,#3078,#3079);
#3081=PLANE('',#3080);
#3082=FACE_SURFACE('',(#3077),#3081,.T.);
#3083=POLY_LOOP('',(#197,#245,#226));
#3084=FACE_OUTER_BOUND('',#3083,.T.);
#3085=DIRECTION('',(-0.0070744780391221425,-0.9921106526760982,0.1251655088555957));
#3086=DIRECTION('',(0.7539505275004762,0.07693248412170352,0.6524109096026962));
#3087=AXIS2_PLACEMENT_3D('',#197,#3085,#3086);
#3088=PLANE('',#3087);
#3089=FACE_SURFACE('',(#3084),#3088,.T.);
#3090=POLY_LOOP('',(#246,#245,#197));
#3091=FACE_OUTER_BOUND('',#3090,.T.);
#3092=DIRECTION('',(-0.004366249145458687,-0.9925103023350619,0.12208290472938349));
#3093=DIRECTION('',(-0.963671155996843,0.03677977229563397,0.26454706849555076));
#3094=AXIS2_PLACEMENT_3D('',#246,#3092,#3093);
#3095=PLANE('',#3094);
#3096=FACE_SURFACE('',(#3091),#3095,.T.);
#3097=POLY_LOOP('',(#247,#248,#249));
#3098=FACE_OUTER_BOUND('',#3097,.T.);
#3099=DIRECTION('',(0.015439311056132967,-0.9654276074090146,0.26021368627844665));
#3100=DIRECTION('',(-0.47913677307868574,0.221275645494012,0.8493909826428301));
#3101=AXIS2_PLACEMENT_3D('',#247,#3099,#3100);
#3102=PLANE('',#3101);
#3103=FACE_SURFACE('',(#3098),#3102,.T.);
#3104=POLY_LOOP('',(#250,#248,#247));
#3105=FACE_OUTER_BOUND('',#3104,.T.);
#3106=DIRECTION('',(-0.014941231749709941,-0.9696178854029969,0.24416780275135044));
#3107=DIRECTION('',(-0.8541877547018614,0.13931217204149204,0.5009544873922924));
#3108=AXIS2_PLACEMENT_3D('',#250,#3106,#3107);
#3109=PLANE('',#3108);
#3110=FACE_SURFACE('',(#3105),#3109,.T.);
#3111=POLY_LOOP('',(#250,#251,#248));
#3112=FACE_OUTER_BOUND('',#3111,.T.);
#3113=DIRECTION('',(0.01113692875000657,-0.958316564642943,0.28549138471933866));
#3114=DIRECTION('',(-0.7460243316698627,0.18214795443236825,0.6405230825291456));
#3115=AXIS2_PLACEMENT_3D('',#250,#3113,#3114);
#3116=PLANE('',#3115);
#3117=FACE_SURFACE('',(#3112),#3116,.T.);
#3118=POLY_LOOP('',(#252,#251,#250));
#3119=FACE_OUTER_BOUND('',#3118,.T.);
#3120=DIRECTION('',(0.021153775380243104,-0.9548961717226299,0.29618544700344074));
#3121=DIRECTION('',(-0.4963153053042644,-0.26719974791285905,-0.8259996443316664));
#3122=AXIS2_PLACEMENT_3D('',#252,#3120,#3121);
#3123=PLANE('',#3122);
#3124=FACE_SURFACE('',(#3119),#3123,.T.);
#3125=POLY_LOOP('',(#253,#252,#250));
#3126=FACE_OUTER_BOUND('',#3125,.T.);
#3127=DIRECTION('',(-0.014045831016487672,-0.9614150755778887,0.2747430928751785));
#3128=DIRECTION('',(-0.8895033965047873,0.13751751097346826,0.43574377996950137));
#3129=AXIS2_PLACEMENT_3D('',#253,#3127,#3128);
#3130=PLANE('',#3129);
#3131=FACE_SURFACE('',(#3126),#3130,.T.);
#3132=POLY_LOOP('',(#253,#254,#252));
#3133=FACE_OUTER_BOUND('',#3132,.T.);
#3134=DIRECTION('',(0.014528367268346415,-0.9446425068446745,0.32777959180938177));
#3135=DIRECTION('',(-0.6050804686106441,0.2526721028074276,0.7550062482978509));
#3136=AXIS2_PLACEMENT_3D('',#253,#3134,#3135);
#3137=PLANE('',#3136);
#3138=FACE_SURFACE('',(#3133),#3137,.T.);
#3139=POLY_LOOP('',(#255,#254,#253));
#3140=FACE_OUTER_BOUND('',#3139,.T.);
#3141=DIRECTION('',(-0.013330357065450275,-0.9513868098671259,0.3077099926738823));
#3142=DIRECTION('',(-0.9073945049591146,0.1407921551576894,0.39599593611053213));
#3143=AXIS2_PLACEMENT_3D('',#255,#3141,#3142);
#3144=PLANE('',#3143);
#3145=FACE_SURFACE('',(#3140),#3144,.T.);
#3146=POLY_LOOP('',(#255,#256,#254));
#3147=FACE_OUTER_BOUND('',#3146,.T.);
#3148=DIRECTION('',(0.006985251641976469,-0.9370371619139529,0.3491597964424637));
#3149=DIRECTION('',(-0.8841869284230994,0.15730619758342868,0.4398502424775599));
#3150=AXIS2_PLACEMENT_3D('',#255,#3148,#3149);
#3151=PLANE('',#3150);
#3152=FACE_SURFACE('',(#3147),#3151,.T.);
#3153=POLY_LOOP('',(#257,#256,#255));
#3154=FACE_OUTER_BOUND('',#3153,.T.);
#3155=DIRECTION('',(0.009288635457405261,-0.9354881108485602,0.35323606230441884));
#3156=DIRECTION('',(-0.3260120360889371,-0.3367830178561051,-0.8833421484390291));
#3157=AXIS2_PLACEMENT_3D('',#257,#3155,#3156);
#3158=PLANE('',#3157);
#3159=FACE_SURFACE('',(#3154),#3158,.T.);
#3160=POLY_LOOP('',(#258,#257,#255));
#3161=FACE_OUTER_BOUND('',#3160,.T.);
#3162=DIRECTION('',(-0.00030584469961036573,-0.9407276695483051,0.3391627311560552));
#3163=DIRECTION('',(-0.9999014393299773,0.005048282965518901,0.013100628417739483));
#3164=AXIS2_PLACEMENT_3D('',#258,#3162,#3163);
#3165=PLANE('',#3164);
#3166=FACE_SURFACE('',(#3161),#3165,.T.);
#3167=POLY_LOOP('',(#258,#259,#257));
#3168=FACE_OUTER_BOUND('',#3167,.T.);
#3169=DIRECTION('',(0.00018389166095844048,-0.928327516004681,0.3717633510883448));
#3170=DIRECTION('',(-0.9278994728321004,0.1384462939169372,0.34617219995050913));
#3171=AXIS2_PLACEMENT_3D('',#258,#3169,#3170);
#3172=PLANE('',#3171);
#3173=FACE_SURFACE('',(#3168),#3172,.T.);
#3174=POLY_LOOP('',(#260,#259,#258));
#3175=FACE_OUTER_BOUND('',#3174,.T.);
#3176=DIRECTION('',(0.012677639366594537,-0.9162441351730725,0.40041973255702445));
#3177=DIRECTION('',(-0.2016522722918244,-0.39456689707612697,-0.8964671353771207));
#3178=AXIS2_PLACEMENT_3D('',#260,#3176,#3177);
#3179=PLANE('',#3178);
#3180=FACE_SURFACE('',(#3175),#3179,.T.);
#3181=POLY_LOOP('',(#249,#261,#247));
#3182=FACE_OUTER_BOUND('',#3181,.T.);
#3183=DIRECTION('',(0.006387366826534322,-0.9690403638800372,0.24681972108457684));
#3184=DIRECTION('',(-0.701691048297707,-0.18019793108078971,-0.6893173277765968));
#3185=AXIS2_PLACEMENT_3D('',#249,#3183,#3184);
#3186=PLANE('',#3185);
#3187=FACE_SURFACE('',(#3182),#3186,.T.);
#3188=POLY_LOOP('',(#262,#260,#258));
#3189=FACE_OUTER_BOUND('',#3188,.T.);
#3190=DIRECTION('',(-0.010286278807556575,-0.9244402334426012,0.38118820451436086));
#3191=DIRECTION('',(-0.9520556153732289,0.1256154990102893,0.27894596545692923));
#3192=AXIS2_PLACEMENT_3D('',#262,#3190,#3191);
#3193=PLANE('',#3192);
#3194=FACE_SURFACE('',(#3189),#3193,.T.);
#3195=POLY_LOOP('',(#263,#264,#262));
#3196=FACE_OUTER_BOUND('',#3195,.T.);
#3197=DIRECTION('',(0.01240480836185335,-0.8959322965490574,0.44401738786880607));
#3198=DIRECTION('',(-0.11457238548969424,-0.442400518429524,-0.8894689144520392));
#3199=AXIS2_PLACEMENT_3D('',#263,#3197,#3198);
#3200=PLANE('',#3199);
#3201=FACE_SURFACE('',(#3196),#3200,.T.);
#3202=POLY_LOOP('',(#265,#263,#262));
#3203=FACE_OUTER_BOUND('',#3202,.T.);
#3204=DIRECTION('',(-0.01283088241830659,-0.905534241859057,0.42407912619829635));
#3205=DIRECTION('',(-0.9419825542830514,0.15321307471063533,0.2986546854882599));
#3206=AXIS2_PLACEMENT_3D('',#265,#3204,#3205);
#3207=PLANE('',#3206);
#3208=FACE_SURFACE('',(#3203),#3207,.T.);
#3209=POLY_LOOP('',(#265,#266,#263));
#3210=FACE_OUTER_BOUND('',#3209,.T.);
#3211=DIRECTION('',(0.007936490905539788,-0.8793336609440708,0.4761400265077539));
#3212=DIRECTION('',(-0.844641583857542,0.24898616676902635,0.4739055639853676));
#3213=AXIS2_PLACEMENT_3D('',#265,#3211,#3212);
#3214=PLANE('',#3213);
#3215=FACE_SURFACE('',(#3210),#3214,.T.);
#3216=POLY_LOOP('',(#267,#266,#265));
#3217=FACE_OUTER_BOUND('',#3216,.T.);
#3218=DIRECTION('',(0.0023076461049390245,-0.8835533938745245,0.4683247537150517));
#3219=DIRECTION('',(-0.994818103811176,-0.049631287452018606,-0.0887337344835182));
#3220=AXIS2_PLACEMENT_3D('',#267,#3218,#3219);
#3221=PLANE('',#3220);
#3222=FACE_SURFACE('',(#3217),#3221,.T.);
#3223=POLY_LOOP('',(#267,#268,#266));
#3224=FACE_OUTER_BOUND('',#3223,.T.);
#3225=DIRECTION('',(-0.0010502344670017866,-0.867692843369459,0.4970996143359877));
#3226=DIRECTION('',(-0.9662139958050727,0.1290026106902979,0.22313413173578445));
#3227=AXIS2_PLACEMENT_3D('',#267,#3225,#3226);
#3228=PLANE('',#3227);
#3229=FACE_SURFACE('',(#3224),#3228,.T.);
#3230=POLY_LOOP('',(#269,#268,#267));
#3231=FACE_OUTER_BOUND('',#3230,.T.);
#3232=DIRECTION('',(0.0032215722082100506,-0.8596171743962964,0.5109285027823703));
#3233=DIRECTION('',(-0.01069559078401985,-0.5109315486607819,-0.8595548597506012));
#3234=AXIS2_PLACEMENT_3D('',#269,#3232,#3233);
#3235=PLANE('',#3234);
#3236=FACE_SURFACE('',(#3231),#3235,.T.);
#3237=POLY_LOOP('',(#267,#270,#269));
#3238=FACE_OUTER_BOUND('',#3237,.T.);
#3239=DIRECTION('',(0.013287884166457185,-0.843423617562898,0.5370847544582634));
#3240=DIRECTION('',(-0.6842517409458069,0.38400099623684436,0.6199538611072144));
#3241=AXIS2_PLACEMENT_3D('',#267,#3239,#3240);
#3242=PLANE('',#3241);
#3243=FACE_SURFACE('',(#3238),#3242,.T.);
#3244=POLY_LOOP('',(#271,#270,#267));
#3245=FACE_OUTER_BOUND('',#3244,.T.);
#3246=DIRECTION('',(-0.01249155543646007,-0.8561772228339845,0.5165312421752081));
#3247=DIRECTION('',(-0.9552082955942647,0.16296444296104431,0.24702166374287135));
#3248=AXIS2_PLACEMENT_3D('',#271,#3246,#3247);
#3249=PLANE('',#3248);
#3250=FACE_SURFACE('',(#3245),#3249,.T.);
#3251=POLY_LOOP('',(#271,#272,#270));
#3252=FACE_OUTER_BOUND('',#3251,.T.);
#3253=DIRECTION('',(0.013274635862564365,-0.8102825499981023,0.585889045136781));
#3254=DIRECTION('',(-0.6907196995955892,0.41624204273686227,0.5913111350624333));
#3255=AXIS2_PLACEMENT_3D('',#271,#3253,#3254);
#3256=PLANE('',#3255);
#3257=FACE_SURFACE('',(#3252),#3256,.T.);
#3258=POLY_LOOP('',(#273,#272,#271));
#3259=FACE_OUTER_BOUND('',#3258,.T.);
#3260=DIRECTION('',(-0.009921408450398394,-0.8230971236872507,0.5678139577644555));
#3261=DIRECTION('',(-0.9738037185695136,0.13695822733787513,0.18151793758373974));
#3262=AXIS2_PLACEMENT_3D('',#273,#3260,#3261);
#3263=PLANE('',#3262);
#3264=FACE_SURFACE('',(#3259),#3263,.T.);
#3265=POLY_LOOP('',(#273,#274,#272));
#3266=FACE_OUTER_BOUND('',#3265,.T.);
#3267=DIRECTION('',(0.002757271363878707,-0.7910954557516938,0.6116865025024223));
#3268=DIRECTION('',(-0.9583580907312537,0.17258156401577776,0.2275200511862945));
#3269=AXIS2_PLACEMENT_3D('',#273,#3267,#3268);
#3270=PLANE('',#3269);
#3271=FACE_SURFACE('',(#3266),#3270,.T.);
#3272=POLY_LOOP('',(#275,#274,#273));
#3273=FACE_OUTER_BOUND('',#3272,.T.);
#3274=DIRECTION('',(0.012534416787725124,-0.7705352597975901,0.637274118260307));
#3275=DIRECTION('',(0.11762162781565415,-0.6317632992125541,-0.7661855430886597));
#3276=AXIS2_PLACEMENT_3D('',#275,#3274,#3275);
#3277=PLANE('',#3276);
#3278=FACE_SURFACE('',(#3273),#3277,.T.);
#3279=POLY_LOOP('',(#262,#264,#260));
#3280=FACE_OUTER_BOUND('',#3279,.T.);
#3281=DIRECTION('',(0.003722036667596339,-0.906987962325121,0.42114009858997054));
#3282=DIRECTION('',(-0.9462396563476883,0.1330231402830787,0.2948480234022895));
#3283=AXIS2_PLACEMENT_3D('',#262,#3281,#3282);
#3284=PLANE('',#3283);
#3285=FACE_SURFACE('',(#3280),#3284,.T.);
#3286=POLY_LOOP('',(#247,#261,#276));
#3287=FACE_OUTER_BOUND('',#3286,.T.);
#3288=DIRECTION('',(0.0024168546565995538,-0.9712685200977286,0.2379739916056735));
#3289=DIRECTION('',(-0.9168974022398028,0.09282735112242589,0.38817809913684614));
#3290=AXIS2_PLACEMENT_3D('',#247,#3288,#3289);
#3291=PLANE('',#3290);
#3292=FACE_SURFACE('',(#3287),#3291,.T.);
#3293=POLY_LOOP('',(#247,#276,#277));
#3294=FACE_OUTER_BOUND('',#3293,.T.);
#3295=DIRECTION('',(-0.0036260896891053924,-0.9786105171098103,0.20568983269874153));
#3296=DIRECTION('',(-0.9837480712566822,0.040416344212202866,0.17494642442553232));
#3297=AXIS2_PLACEMENT_3D('',#247,#3295,#3296);
#3298=PLANE('',#3297);
#3299=FACE_SURFACE('',(#3294),#3298,.T.);
#3300=POLY_LOOP('',(#277,#276,#278));
#3301=FACE_OUTER_BOUND('',#3300,.T.);
#3302=DIRECTION('',(-0.014760674409480574,-0.9814739861648547,0.1910260112462386));
#3303=DIRECTION('',(-0.8017726812825807,0.1257707391242759,0.5842450587973121));
#3304=AXIS2_PLACEMENT_3D('',#277,#3302,#3303);
#3305=PLANE('',#3304);
#3306=FACE_SURFACE('',(#3301),#3305,.T.);
#3307=POLY_LOOP('',(#197,#279,#246));
#3308=FACE_OUTER_BOUND('',#3307,.T.);
#3309=DIRECTION('',(-0.0022324650922791334,-0.9932678763784205,0.11581857301104449));
#3310=DIRECTION('',(0.9776313606818148,0.022190532139142273,0.20915186562592564));
#3311=AXIS2_PLACEMENT_3D('',#197,#3309,#3310);
#3312=PLANE('',#3311);
#3313=FACE_SURFACE('',(#3308),#3312,.T.);
#3314=POLY_LOOP('',(#197,#280,#279));
#3315=FACE_OUTER_BOUND('',#3314,.T.);
#3316=DIRECTION('',(-0.0014140854484728904,-0.993702760177392,0.11203938940469588));
#3317=DIRECTION('',(0.9881029372915779,0.01584182273200209,0.15297588688510305));
#3318=AXIS2_PLACEMENT_3D('',#197,#3316,#3317);
#3319=PLANE('',#3318);
#3320=FACE_SURFACE('',(#3315),#3319,.T.);
#3321=POLY_LOOP('',(#281,#280,#197));
#3322=FACE_OUTER_BOUND('',#3321,.T.);
#3323=DIRECTION('',(-0.0007030063261325053,-0.9942050095946038,0.1074983938442761));
#3324=DIRECTION('',(-0.9905502692484123,0.015435562646827236,0.1362787859414435));
#3325=AXIS2_PLACEMENT_3D('',#281,#3323,#3324);
#3326=PLANE('',#3325);
#3327=FACE_SURFACE('',(#3322),#3326,.T.);
#3328=POLY_LOOP('',(#197,#282,#281));
#3329=FACE_OUTER_BOUND('',#3328,.T.);
#3330=DIRECTION('',(-0.0003730128064552428,-0.9946670869826767,0.10313702989151205));
#3331=DIRECTION('',(0.9981280520425456,0.005937285483884026,0.0608698641926881));
#3332=AXIS2_PLACEMENT_3D('',#197,#3330,#3331);
#3333=PLANE('',#3332);
#3334=FACE_SURFACE('',(#3329),#3333,.T.);
#3335=POLY_LOOP('',(#197,#283,#282));
#3336=FACE_OUTER_BOUND('',#3335,.T.);
#3337=DIRECTION('',(-0.0002120108924314063,-0.9949347054766863,0.1005230664544268));
#3338=DIRECTION('',(0.9992977212863056,0.0035558352606475754,0.03730174617355661));
#3339=AXIS2_PLACEMENT_3D('',#197,#3337,#3338);
#3340=PLANE('',#3339);
#3341=FACE_SURFACE('',(#3336),#3340,.T.);
#3342=POLY_LOOP('',(#284,#283,#197));
#3343=FACE_OUTER_BOUND('',#3342,.T.);
#3344=DIRECTION('',(-8.437564800822933e-05,-0.9952711293119573,0.09713584322407058));
#3345=DIRECTION('',(-0.9991733761311091,0.004032640352339472,0.0404512328928294));
#3346=AXIS2_PLACEMENT_3D('',#284,#3344,#3345);
#3347=PLANE('',#3346);
#3348=FACE_SURFACE('',(#3343),#3347,.T.);
#3349=POLY_LOOP('',(#200,#285,#198));
#3350=FACE_OUTER_BOUND('',#3349,.T.);
#3351=DIRECTION('',(2.893977854955661e-05,-0.9955241216701972,0.09450778981264646));
#3352=DIRECTION('',(-0.9998883512573242,0.0013833942019460018,0.014878549673663454));
#3353=AXIS2_PLACEMENT_3D('',#200,#3351,#3352);
#3354=PLANE('',#3353);
#3355=FACE_SURFACE('',(#3350),#3354,.T.);
#3356=POLY_LOOP('',(#200,#286,#285));
#3357=FACE_OUTER_BOUND('',#3356,.T.);
#3358=DIRECTION('',(3.746563151620968e-05,-0.9954700420680731,0.09507572740355456));
#3359=DIRECTION('',(-0.9997602847025869,0.002044354182826589,0.021798939134218476));
#3360=AXIS2_PLACEMENT_3D('',#200,#3358,#3359);
#3361=PLANE('',#3360);
#3362=FACE_SURFACE('',(#3357),#3361,.T.);
#3363=POLY_LOOP('',(#287,#286,#200));
#3364=FACE_OUTER_BOUND('',#3363,.T.);
#3365=DIRECTION('',(9.826871093937625e-05,-0.9952022303096242,0.09783921059580503));
#3366=DIRECTION('',(-0.9988623188137469,-0.0047633531060265796,-0.04744869356696578));
#3367=AXIS2_PLACEMENT_3D('',#287,#3365,#3366);
#3368=PLANE('',#3367);
#3369=FACE_SURFACE('',(#3364),#3368,.T.);
#3370=POLY_LOOP('',(#199,#284,#197));
#3371=FACE_OUTER_BOUND('',#3370,.T.);
#3372=DIRECTION('',(-5.205306964703407e-05,-0.9954258702049512,0.09553708294266414));
#3373=DIRECTION('',(-0.9997842223159715,0.002036369336006356,0.020672735860920895));
#3374=AXIS2_PLACEMENT_3D('',#199,#3372,#3373);
#3375=PLANE('',#3374);
#3376=FACE_SURFACE('',(#3371),#3375,.T.);
#3377=POLY_LOOP('',(#200,#288,#287));
#3378=FACE_OUTER_BOUND('',#3377,.T.);
#3379=DIRECTION('',(0.00017641426152751103,-0.9950213091752503,0.09966224543516632));
#3380=DIRECTION('',(-0.9990597873821452,0.004145318161840327,0.04315504111085936));
#3381=AXIS2_PLACEMENT_3D('',#200,#3379,#3380);
#3382=PLANE('',#3381);
#3383=FACE_SURFACE('',(#3378),#3382,.T.);
#3384=POLY_LOOP('',(#200,#289,#288));
#3385=FACE_OUTER_BOUND('',#3384,.T.);
#3386=DIRECTION('',(0.0003131894966630435,-0.9947022026965198,0.10279800515102841));
#3387=DIRECTION('',(-0.995960580922493,0.008920064376899194,0.08934737657056423));
#3388=AXIS2_PLACEMENT_3D('',#200,#3386,#3387);
#3389=PLANE('',#3388);
#3390=FACE_SURFACE('',(#3385),#3389,.T.);
#3391=POLY_LOOP('',(#290,#289,#200));
#3392=FACE_OUTER_BOUND('',#3391,.T.);
#3393=DIRECTION('',(0.0007480216533221153,-0.9941945884376373,0.1075944272949246));
#3394=DIRECTION('',(-0.9901074526594795,-0.01583281947799873,-0.13941504228573598));
#3395=AXIS2_PLACEMENT_3D('',#290,#3393,#3394);
#3396=PLANE('',#3395);
#3397=FACE_SURFACE('',(#3392),#3396,.T.);
#3398=POLY_LOOP('',(#200,#291,#290));
#3399=FACE_OUTER_BOUND('',#3398,.T.);
#3400=DIRECTION('',(0.0012351761449900852,-0.9938107178851342,0.11107984226008384));
#3401=DIRECTION('',(-0.9816538377823392,0.01997437090181871,0.18962269714958094));
#3402=AXIS2_PLACEMENT_3D('',#200,#3400,#3401);
#3403=PLANE('',#3402);
#3404=FACE_SURFACE('',(#3399),#3403,.T.);
#3405=POLY_LOOP('',(#200,#292,#291));
#3406=FACE_OUTER_BOUND('',#3405,.T.);
#3407=DIRECTION('',(0.0023960082852217293,-0.9931269852645987,0.11701730762390103));
#3408=DIRECTION('',(-0.9133008025311653,0.04548567661347853,0.40473781305796397));
#3409=AXIS2_PLACEMENT_3D('',#200,#3407,#3408);
#3410=PLANE('',#3409);
#3411=FACE_SURFACE('',(#3406),#3410,.T.);
#3412=POLY_LOOP('',(#293,#292,#200));
#3413=FACE_OUTER_BOUND('',#3412,.T.);
#3414=DIRECTION('',(0.004181186369126028,-0.9926447482707372,0.12099141048467488));
#3415=DIRECTION('',(-0.9650448886487976,-0.03571193383557184,-0.25964017538615564));
#3416=AXIS2_PLACEMENT_3D('',#293,#3414,#3415);
#3417=PLANE('',#3416);
#3418=FACE_SURFACE('',(#3413),#3417,.T.);
#3419=POLY_LOOP('',(#200,#294,#293));
#3420=FACE_OUTER_BOUND('',#3419,.T.);
#3421=DIRECTION('',(0.0062492829374199785,-0.9921615419663394,0.12480553315355854));
#3422=DIRECTION('',(-0.6027209910632132,0.0958524651067643,0.7921740413979332));
#3423=AXIS2_PLACEMENT_3D('',#200,#3421,#3422);
#3424=PLANE('',#3423);
#3425=FACE_SURFACE('',(#3420),#3424,.T.);
#3426=POLY_LOOP('',(#200,#295,#294));
#3427=FACE_OUTER_BOUND('',#3426,.T.);
#3428=DIRECTION('',(0.01183377818379708,-0.9915761118673946,0.1289836271308769));
#3429=DIRECTION('',(-0.06725405631894243,0.12791128816243313,0.9895027004860955));
#3430=AXIS2_PLACEMENT_3D('',#200,#3428,#3429);
#3431=PLANE('',#3430);
#3432=FACE_SURFACE('',(#3427),#3431,.T.);
#3433=POLY_LOOP('',(#296,#295,#200));
#3434=FACE_OUTER_BOUND('',#3433,.T.);
#3435=DIRECTION('',(-0.013934334487878721,-0.9917718260452985,0.12725753174234752));
#3436=DIRECTION('',(-0.3162625509052361,0.125107534559307,0.94038614605459));
#3437=AXIS2_PLACEMENT_3D('',#296,#3435,#3436);
#3438=PLANE('',#3437);
#3439=FACE_SURFACE('',(#3434),#3438,.T.);
#3440=POLY_LOOP('',(#296,#297,#295));
#3441=FACE_OUTER_BOUND('',#3440,.T.);
#3442=DIRECTION('',(0.014450868342823102,-0.9905158173592162,0.13663670065301697));
#3443=DIRECTION('',(-0.2080953084465477,0.13067959081425204,0.9693395623552955));
#3444=AXIS2_PLACEMENT_3D('',#296,#3442,#3443);
#3445=PLANE('',#3444);
#3446=FACE_SURFACE('',(#3441),#3445,.T.);
#3447=POLY_LOOP('',(#298,#297,#296));
#3448=FACE_OUTER_BOUND('',#3447,.T.);
#3449=DIRECTION('',(-0.013137782981525252,-0.9913187817160228,0.13082229043779378));
#3450=DIRECTION('',(-0.49786636096698383,0.11994788527802905,0.8589188503198785));
#3451=AXIS2_PLACEMENT_3D('',#298,#3449,#3450);
#3452=PLANE('',#3451);
#3453=FACE_SURFACE('',(#3448),#3452,.T.);
#3454=POLY_LOOP('',(#298,#299,#297));
#3455=FACE_OUTER_BOUND('',#3454,.T.);
#3456=DIRECTION('',(0.01723567933446781,-0.9888252096113174,0.1480798304800961));
#3457=DIRECTION('',(0.06905421370091643,0.14892543835813266,0.98643435127736));
#3458=AXIS2_PLACEMENT_3D('',#298,#3456,#3457);
#3459=PLANE('',#3458);
#3460=FACE_SURFACE('',(#3455),#3459,.T.);
#3461=POLY_LOOP('',(#300,#299,#298));
#3462=FACE_OUTER_BOUND('',#3461,.T.);
#3463=DIRECTION('',(-0.018997020077812777,-0.9884191018528229,0.15055494784503848));
#3464=DIRECTION('',(-0.256859460966376,0.1503528460360207,0.9546817474954319));
#3465=AXIS2_PLACEMENT_3D('',#300,#3463,#3464);
#3466=PLANE('',#3465);
#3467=FACE_SURFACE('',(#3462),#3466,.T.);
#3468=POLY_LOOP('',(#300,#301,#299));
#3469=FACE_OUTER_BOUND('',#3468,.T.);
#3470=DIRECTION('',(0.02316084430719667,-0.9865831314747169,0.1616084774401369));
#3471=DIRECTION('',(0.05311451120123111,0.16263785771853917,0.9852551831564138));
#3472=AXIS2_PLACEMENT_3D('',#300,#3470,#3471);
#3473=PLANE('',#3472);
#3474=FACE_SURFACE('',(#3469),#3473,.T.);
#3475=POLY_LOOP('',(#151,#301,#300));
#3476=FACE_OUTER_BOUND('',#3475,.T.);
#3477=DIRECTION('',(-0.019024412445359296,-0.9863040323614861,0.16383658772869242));
#3478=DIRECTION('',(-0.5282644054957852,0.14904165362625507,0.8358967061608367));
#3479=AXIS2_PLACEMENT_3D('',#151,#3477,#3478);
#3480=PLANE('',#3479);
#3481=FACE_SURFACE('',(#3476),#3480,.T.);
#3482=POLY_LOOP('',(#151,#276,#301));
#3483=FACE_OUTER_BOUND('',#3482,.T.);
#3484=DIRECTION('',(0.022905407427107168,-0.9816137408835148,0.18949882854326558));
#3485=DIRECTION('',(-0.0442156782252425,0.18836840612597622,0.9811026028773143));
#3486=AXIS2_PLACEMENT_3D('',#151,#3484,#3485);
#3487=PLANE('',#3486);
#3488=FACE_SURFACE('',(#3483),#3487,.T.);
#3489=POLY_LOOP('',(#278,#276,#151));
#3490=FACE_OUTER_BOUND('',#3489,.T.);
#3491=DIRECTION('',(-0.023759917421323027,-0.9819835460278763,0.18746674813056755));
#3492=DIRECTION('',(-0.3705217776256638,0.1828147563700316,0.9106549166168731));
#3493=AXIS2_PLACEMENT_3D('',#278,#3491,#3492);
#3494=PLANE('',#3493);
#3495=FACE_SURFACE('',(#3490),#3494,.T.);
#3496=POLY_LOOP('',(#170,#230,#161));
#3497=FACE_OUTER_BOUND('',#3496,.T.);
#3498=DIRECTION('',(-0.0009677575601631549,-0.8428534569651146,0.5381422800034025));
#3499=DIRECTION('',(0.9994032202744026,0.017766456583664127,0.02962357719139461));
#3500=AXIS2_PLACEMENT_3D('',#170,#3498,#3499);
#3501=PLANE('',#3500);
#3502=FACE_SURFACE('',(#3497),#3501,.T.);
#3503=POLY_LOOP('',(#140,#139,#302));
#3504=FACE_OUTER_BOUND('',#3503,.T.);
#3505=DIRECTION('',(0.16984383477146045,0.4973485728312225,-0.850762874655959));
#3506=DIRECTION('',(0.006207237422359632,-0.8638286384572027,-0.5037475097553912));
#3507=AXIS2_PLACEMENT_3D('',#140,#3505,#3506);
#3508=PLANE('',#3507);
#3509=FACE_SURFACE('',(#3504),#3508,.T.);
#3510=POLY_LOOP('',(#161,#230,#303));
#3511=FACE_OUTER_BOUND('',#3510,.T.);
#3512=DIRECTION('',(0.0004947327968141958,-0.8418106060724121,0.5397727843671429));
#3513=DIRECTION('',(0.7978419569068218,-0.3250787082969732,-0.5077125616045604));
#3514=AXIS2_PLACEMENT_3D('',#161,#3512,#3513);
#3515=PLANE('',#3514);
#3516=FACE_SURFACE('',(#3511),#3515,.T.);
#3517=POLY_LOOP('',(#162,#303,#304));
#3518=FACE_OUTER_BOUND('',#3517,.T.);
#3519=DIRECTION('',(1.6889477843683493e-05,-0.8126333629692121,0.5827752715276224));
#3520=DIRECTION('',(0.8385632427548035,-0.3174869445564437,-0.4427343762762973));
#3521=AXIS2_PLACEMENT_3D('',#162,#3519,#3520);
#3522=PLANE('',#3521);
#3523=FACE_SURFACE('',(#3518),#3522,.T.);
#3524=POLY_LOOP('',(#305,#306,#307));
#3525=FACE_OUTER_BOUND('',#3524,.T.);
#3526=DIRECTION('',(0.9435257234570213,0.31561384538562093,-0.1007328634349577));
#3527=DIRECTION('',(0.15688136956579857,-0.6934411638738409,-0.7032265553350868));
#3528=AXIS2_PLACEMENT_3D('',#305,#3526,#3527);
#3529=PLANE('',#3528);
#3530=FACE_SURFACE('',(#3525),#3529,.T.);
#3531=POLY_LOOP('',(#308,#309,#310));
#3532=FACE_OUTER_BOUND('',#3531,.T.);
#3533=DIRECTION('',(-0.05132755106937111,0.9556428350639791,-0.2900211273202375));
#3534=DIRECTION('',(0.9986382211162688,0.05182857781836566,-0.005958342643727813));
#3535=AXIS2_PLACEMENT_3D('',#308,#3533,#3534);
#3536=PLANE('',#3535);
#3537=FACE_SURFACE('',(#3532),#3536,.T.);
#3538=POLY_LOOP('',(#30,#110,#36));
#3539=FACE_OUTER_BOUND('',#3538,.T.);
#3540=DIRECTION('',(-0.556914702556318,0.7970654401691273,-0.23352237187173958));
#3541=DIRECTION('',(0.8265521418851763,0.5594848714576847,-0.061548642186529876));
#3542=AXIS2_PLACEMENT_3D('',#30,#3540,#3541);
#3543=PLANE('',#3542);
#3544=FACE_SURFACE('',(#3539),#3543,.T.);
#3545=POLY_LOOP('',(#109,#107,#93));
#3546=FACE_OUTER_BOUND('',#3545,.T.);
#3547=DIRECTION('',(-0.45475081311815885,0.8538352809256957,-0.2533120822521342));
#3548=DIRECTION('',(0.8876597621259092,0.4576861871510168,-0.0508281496194651));
#3549=AXIS2_PLACEMENT_3D('',#109,#3547,#3548);
#3550=PLANE('',#3549);
#3551=FACE_SURFACE('',(#3546),#3550,.T.);
#3552=POLY_LOOP('',(#28,#29,#61));
#3553=FACE_OUTER_BOUND('',#3552,.T.);
#3554=DIRECTION('',(-0.6092871425929256,0.289068294238989,-0.7383824883735456));
#3555=DIRECTION('',(0.6503953330415209,0.7148621625954513,-0.256822894709883));
#3556=AXIS2_PLACEMENT_3D('',#28,#3554,#3555);
#3557=PLANE('',#3556);
#3558=FACE_SURFACE('',(#3553),#3557,.T.);
#3559=POLY_LOOP('',(#75,#55,#53));
#3560=FACE_OUTER_BOUND('',#3559,.T.);
#3561=DIRECTION('',(-0.8044242317280097,0.26897285796516707,-0.5296746709885716));
#3562=DIRECTION('',(-0.45866347331269264,-0.8478529490639003,0.2660323194884113));
#3563=AXIS2_PLACEMENT_3D('',#75,#3561,#3562);
#3564=PLANE('',#3563);
#3565=FACE_SURFACE('',(#3560),#3564,.T.);
#3566=POLY_LOOP('',(#68,#61,#58));
#3567=FACE_OUTER_BOUND('',#3566,.T.);
#3568=DIRECTION('',(-0.5738744411871284,0.23914275844896898,-0.7832489175438285));
#3569=DIRECTION('',(0.6615700019916693,0.6990966615078265,-0.27127290748129296));
#3570=AXIS2_PLACEMENT_3D('',#68,#3568,#3569);
#3571=PLANE('',#3570);
#3572=FACE_SURFACE('',(#3567),#3571,.T.);
#3573=POLY_LOOP('',(#173,#59,#60));
#3574=FACE_OUTER_BOUND('',#3573,.T.);
#3575=DIRECTION('',(-0.370769186069587,0.20329323041189515,-0.9062020045938941));
#3576=DIRECTION('',(-0.8229513697268291,-0.5241535128823055,0.2191212860446803));
#3577=AXIS2_PLACEMENT_3D('',#173,#3575,#3576);
#3578=PLANE('',#3577);
#3579=FACE_SURFACE('',(#3574),#3578,.T.);
#3580=POLY_LOOP('',(#131,#158,#130));
#3581=FACE_OUTER_BOUND('',#3580,.T.);
#3582=DIRECTION('',(0.7795712616448767,0.42672519937953435,-0.4584476548439439));
#3583=DIRECTION('',(0.558012356117741,-0.8056174163654672,0.19900449459385738));
#3584=AXIS2_PLACEMENT_3D('',#131,#3582,#3583);
#3585=PLANE('',#3584);
#3586=FACE_SURFACE('',(#3581),#3585,.T.);
#3587=POLY_LOOP('',(#311,#312,#313));
#3588=FACE_OUTER_BOUND('',#3587,.T.);
#3589=DIRECTION('',(0.5597752099202572,0.758562036817896,-0.33351964058720307));
#3590=DIRECTION('',(-0.0022460072481413716,0.4038756553224422,0.914811133780798));
#3591=AXIS2_PLACEMENT_3D('',#311,#3589,#3590);
#3592=PLANE('',#3591);
#3593=FACE_SURFACE('',(#3588),#3592,.T.);
#3594=POLY_LOOP('',(#314,#315,#316));
#3595=FACE_OUTER_BOUND('',#3594,.T.);
#3596=DIRECTION('',(0.31954468355619914,0.9073228389265913,-0.27323334564646246));
#3597=DIRECTION('',(0.9459621203972819,-0.3222495313644551,0.036206440157344144));
#3598=AXIS2_PLACEMENT_3D('',#314,#3596,#3597);
#3599=PLANE('',#3598);
#3600=FACE_SURFACE('',(#3595),#3599,.T.);
#3601=POLY_LOOP('',(#317,#318,#319));
#3602=FACE_OUTER_BOUND('',#3601,.T.);
#3603=DIRECTION('',(0.19091463484544427,0.9389456636393486,-0.2862387865658562));
#3604=DIRECTION('',(0.980996046576367,-0.19278746255578466,0.02190321626703015));
#3605=AXIS2_PLACEMENT_3D('',#317,#3603,#3604);
#3606=PLANE('',#3605);
#3607=FACE_SURFACE('',(#3602),#3606,.T.);
#3608=POLY_LOOP('',(#247,#277,#320));
#3609=FACE_OUTER_BOUND('',#3608,.T.);
#3610=DIRECTION('',(0.6764383264175554,0.18516477965529568,-0.7128430366698005));
#3611=DIRECTION('',(-0.6987196166404666,-0.14467019078217805,-0.700615039248265));
#3612=AXIS2_PLACEMENT_3D('',#247,#3610,#3611);
#3613=PLANE('',#3612);
#3614=FACE_SURFACE('',(#3609),#3613,.T.);
#3615=POLY_LOOP('',(#321,#322,#323));
#3616=FACE_OUTER_BOUND('',#3615,.T.);
#3617=DIRECTION('',(0.06856491661116372,0.9543038353473284,-0.2908660207921909));
#3618=DIRECTION('',(0.9975676995794078,-0.06924893058534173,0.00795426732231796));
#3619=AXIS2_PLACEMENT_3D('',#321,#3617,#3618);
#3620=PLANE('',#3619);
#3621=FACE_SURFACE('',(#3616),#3620,.T.);
#3622=POLY_LOOP('',(#324,#325,#202));
#3623=FACE_OUTER_BOUND('',#3622,.T.);
#3624=DIRECTION('',(0.26713917183365665,0.14660110363475767,-0.9524414833915515));
#3625=DIRECTION('',(-0.014342113357229833,0.9888558950985762,0.14818340836018706));
#3626=AXIS2_PLACEMENT_3D('',#324,#3624,#3625);
#3627=PLANE('',#3626);
#3628=FACE_SURFACE('',(#3623),#3627,.T.);
#3629=POLY_LOOP('',(#326,#325,#324));
#3630=FACE_OUTER_BOUND('',#3629,.T.);
#3631=DIRECTION('',(0.184062717293337,0.14827704438357484,-0.9716660095997312));
#3632=DIRECTION('',(0.6691959696778875,0.7051566552513261,0.2343733042000182));
#3633=AXIS2_PLACEMENT_3D('',#326,#3631,#3632);
#3634=PLANE('',#3633);
#3635=FACE_SURFACE('',(#3630),#3634,.T.);
#3636=POLY_LOOP('',(#326,#327,#325));
#3637=FACE_OUTER_BOUND('',#3636,.T.);
#3638=DIRECTION('',(0.18571335503820177,0.1466864342047439,-0.9715933510377436));
#3639=DIRECTION('',(-0.010811844325252801,0.9890396492038437,0.14725378203979833));
#3640=AXIS2_PLACEMENT_3D('',#326,#3638,#3639);
#3641=PLANE('',#3640);
#3642=FACE_SURFACE('',(#3637),#3641,.T.);
#3643=POLY_LOOP('',(#328,#327,#326));
#3644=FACE_OUTER_BOUND('',#3643,.T.);
#3645=DIRECTION('',(0.11718516199230573,0.14750089247160364,-0.9820952726334229));
#3646=DIRECTION('',(0.6448216525996261,0.7408002881536828,0.18820193784897013));
#3647=AXIS2_PLACEMENT_3D('',#328,#3645,#3646);
#3648=PLANE('',#3647);
#3649=FACE_SURFACE('',(#3644),#3648,.T.);
#3650=POLY_LOOP('',(#328,#329,#327));
#3651=FACE_OUTER_BOUND('',#3650,.T.);
#3652=DIRECTION('',(0.11900659138244563,0.14591980965819254,-0.9821124377365599));
#3653=DIRECTION('',(-0.007735143097590699,0.9892480461934631,0.14604270150772977));
#3654=AXIS2_PLACEMENT_3D('',#328,#3652,#3653);
#3655=PLANE('',#3654);
#3656=FACE_SURFACE('',(#3651),#3655,.T.);
#3657=POLY_LOOP('',(#330,#329,#328));
#3658=FACE_OUTER_BOUND('',#3657,.T.);
#3659=DIRECTION('',(0.06527662209886746,0.14623508888745929,-0.9870938462909383));
#3660=DIRECTION('',(0.6207526500970788,0.7685501769889018,0.15490891790914194));
#3661=AXIS2_PLACEMENT_3D('',#330,#3659,#3660);
#3662=PLANE('',#3661);
#3663=FACE_SURFACE('',(#3658),#3662,.T.);
#3664=POLY_LOOP('',(#330,#331,#329));
#3665=FACE_OUTER_BOUND('',#3664,.T.);
#3666=DIRECTION('',(0.06703245725812172,0.14483480655591993,-0.9871826216480147));
#3667=DIRECTION('',(-0.00498236726272176,0.98944425698022,0.14482830643668973));
#3668=AXIS2_PLACEMENT_3D('',#330,#3666,#3667);
#3669=PLANE('',#3668);
#3670=FACE_SURFACE('',(#3665),#3669,.T.);
#3671=POLY_LOOP('',(#332,#331,#330));
#3672=FACE_OUTER_BOUND('',#3671,.T.);
#3673=DIRECTION('',(0.028415669443237337,0.14491170558956107,-0.9890364742077095));
#3674=DIRECTION('',(0.5977012380224379,0.7906082307617498,0.13301073459770318));
#3675=AXIS2_PLACEMENT_3D('',#332,#3673,#3674);
#3676=PLANE('',#3675);
#3677=FACE_SURFACE('',(#3672),#3676,.T.);
#3678=POLY_LOOP('',(#332,#176,#331));
#3679=FACE_OUTER_BOUND('',#3678,.T.);
#3680=DIRECTION('',(0.029778292886447656,0.14389967398658976,-0.9891441437421151));
#3681=DIRECTION('',(-0.002438773107524291,0.9895905099766499,0.14389119135612144));
#3682=AXIS2_PLACEMENT_3D('',#332,#3680,#3681);
#3683=PLANE('',#3682);
#3684=FACE_SURFACE('',(#3679),#3683,.T.);
#3685=POLY_LOOP('',(#333,#176,#332));
#3686=FACE_OUTER_BOUND('',#3685,.T.);
#3687=DIRECTION('',(0.006266308845464446,0.14390391726542473,-0.9895718245630879));
#3688=DIRECTION('',(0.5758938728065446,0.8084878451627746,0.12121737288001626));
#3689=AXIS2_PLACEMENT_3D('',#333,#3687,#3688);
#3690=PLANE('',#3689);
#3691=FACE_SURFACE('',(#3686),#3690,.T.);
#3692=POLY_LOOP('',(#333,#177,#176));
#3693=FACE_OUTER_BOUND('',#3692,.T.);
#3694=DIRECTION('',(0.006833084427024423,0.14350824965460648,-0.9896255308136934));
#3695=DIRECTION('',(1.6541386293537949e-06,0.9896486333232799,0.14351161123277795));
#3696=AXIS2_PLACEMENT_3D('',#333,#3694,#3695);
#3697=PLANE('',#3696);
#3698=FACE_SURFACE('',(#3693),#3697,.T.);
#3699=POLY_LOOP('',(#334,#177,#333));
#3700=FACE_OUTER_BOUND('',#3699,.T.);
#3701=DIRECTION('',(-0.006248597200761034,0.14350881973161875,-0.9896293112535928));
#3702=DIRECTION('',(0.5552659686409399,0.8235546626595001,0.11591989337916062));
#3703=AXIS2_PLACEMENT_3D('',#334,#3701,#3702);
#3704=PLANE('',#3703);
#3705=FACE_SURFACE('',(#3700),#3704,.T.);
#3706=POLY_LOOP('',(#324,#202,#203));
#3707=FACE_OUTER_BOUND('',#3706,.T.);
#3708=DIRECTION('',(0.26914320738787845,0.15157390176391844,-0.9510979372393925));
#3709=DIRECTION('',(0.8925457519367342,-0.4102704765109212,0.18719032240794778));
#3710=AXIS2_PLACEMENT_3D('',#324,#3708,#3709);
#3711=PLANE('',#3710);
#3712=FACE_SURFACE('',(#3707),#3711,.T.);
#3713=POLY_LOOP('',(#334,#179,#177));
#3714=FACE_OUTER_BOUND('',#3713,.T.);
#3715=DIRECTION('',(-0.0068498137941699015,0.14390551003827182,-0.9895677259448239));
#3716=DIRECTION('',(0.002442005404503074,0.989590398455053,0.14389190350806288));
#3717=AXIS2_PLACEMENT_3D('',#334,#3715,#3716);
#3718=PLANE('',#3717);
#3719=FACE_SURFACE('',(#3714),#3718,.T.);
#3720=POLY_LOOP('',(#320,#277,#278));
#3721=FACE_OUTER_BOUND('',#3720,.T.);
#3722=DIRECTION('',(0.5947846969155817,0.21401253710521942,-0.7748740531704663));
#3723=DIRECTION('',(-0.08534105218867118,-0.941654379952496,-0.3255824527329614));
#3724=AXIS2_PLACEMENT_3D('',#320,#3722,#3723);
#3725=PLANE('',#3724);
#3726=FACE_SURFACE('',(#3721),#3725,.T.);
#3727=POLY_LOOP('',(#335,#278,#151));
#3728=FACE_OUTER_BOUND('',#3727,.T.);
#3729=DIRECTION('',(0.536577741641339,0.19706940363315661,-0.8205168964297764));
#3730=DIRECTION('',(0.06713264680182351,-0.9792353737207532,-0.19128850092820107));
#3731=AXIS2_PLACEMENT_3D('',#335,#3729,#3730);
#3732=PLANE('',#3731);
#3733=FACE_SURFACE('',(#3728),#3732,.T.);
#3734=POLY_LOOP('',(#108,#50,#47));
#3735=FACE_OUTER_BOUND('',#3734,.T.);
#3736=DIRECTION('',(-0.6934423334125922,0.695688413575473,-0.1874976305134049));
#3737=DIRECTION('',(-0.7179023813808751,-0.6892547175837822,0.09769393582085358));
#3738=AXIS2_PLACEMENT_3D('',#108,#3736,#3737);
#3739=PLANE('',#3738);
#3740=FACE_SURFACE('',(#3735),#3739,.T.);
#3741=POLY_LOOP('',(#52,#50,#108));
#3742=FACE_OUTER_BOUND('',#3741,.T.);
#3743=DIRECTION('',(-0.6887431162731317,0.6828329707412777,-0.24366381318328023));
#3744=DIRECTION('',(-0.3701508471607697,-0.042200284993396044,0.9280126541662246));
#3745=AXIS2_PLACEMENT_3D('',#52,#3743,#3744);
#3746=PLANE('',#3745);
#3747=FACE_SURFACE('',(#3742),#3746,.T.);
#3748=POLY_LOOP('',(#244,#72,#69));
#3749=FACE_OUTER_BOUND('',#3748,.T.);
#3750=DIRECTION('',(-0.6381410793830044,0.16207417439379931,-0.7526672072028));
#3751=DIRECTION('',(0.6765515741335064,0.5846660385432412,-0.4477092705223199));
#3752=AXIS2_PLACEMENT_3D('',#244,#3750,#3751);
#3753=PLANE('',#3752);
#3754=FACE_SURFACE('',(#3749),#3753,.T.);
#3755=POLY_LOOP('',(#241,#72,#244));
#3756=FACE_OUTER_BOUND('',#3755,.T.);
#3757=DIRECTION('',(-0.6841490385544468,0.2741220635772529,-0.6758677291491101));
#3758=DIRECTION('',(0.7117082390395987,0.048377794890125496,-0.7008073711404027));
#3759=AXIS2_PLACEMENT_3D('',#241,#3757,#3758);
#3760=PLANE('',#3759);
#3761=FACE_SURFACE('',(#3756),#3760,.T.);
#3762=POLY_LOOP('',(#241,#74,#72));
#3763=FACE_OUTER_BOUND('',#3762,.T.);
#3764=DIRECTION('',(-0.6926022501595834,0.2149953663303611,-0.6885340336761543));
#3765=DIRECTION('',(0.23969669150754588,0.9689025384785998,0.06142773811611275));
#3766=AXIS2_PLACEMENT_3D('',#241,#3764,#3765);
#3767=PLANE('',#3766);
#3768=FACE_SURFACE('',(#3763),#3767,.T.);
#3769=POLY_LOOP('',(#76,#74,#241));
#3770=FACE_OUTER_BOUND('',#3769,.T.);
#3771=DIRECTION('',(-0.7684386277021823,0.22801188305544812,-0.5979236210760497));
#3772=DIRECTION('',(0.6362822968399506,0.37177941508417245,-0.6759622069670371));
#3773=AXIS2_PLACEMENT_3D('',#76,#3771,#3772);
#3774=PLANE('',#3773);
#3775=FACE_SURFACE('',(#3770),#3774,.T.);
#3776=POLY_LOOP('',(#34,#33,#175));
#3777=FACE_OUTER_BOUND('',#3776,.T.);
#3778=DIRECTION('',(-0.9001351379463547,0.26682010182778493,-0.34433089709595877));
#3779=DIRECTION('',(-0.39501446819723784,-0.8331828317602147,0.38700121288554534));
#3780=AXIS2_PLACEMENT_3D('',#34,#3778,#3779);
#3781=PLANE('',#3780);
#3782=FACE_SURFACE('',(#3777),#3781,.T.);
#3783=POLY_LOOP('',(#163,#170,#161));
#3784=FACE_OUTER_BOUND('',#3783,.T.);
#3785=DIRECTION('',(-0.9410444189276275,0.2947055416003474,-0.16608445247888104));
#3786=DIRECTION('',(-0.3322731104063963,-0.8973886594789441,0.2903242565467831));
#3787=AXIS2_PLACEMENT_3D('',#163,#3785,#3786);
#3788=PLANE('',#3787);
#3789=FACE_SURFACE('',(#3784),#3788,.T.);
#3790=POLY_LOOP('',(#336,#337,#338));
#3791=FACE_OUTER_BOUND('',#3790,.T.);
#3792=DIRECTION('',(-0.9459828333043391,0.3025176653218898,-0.116617071056035));
#3793=DIRECTION('',(-0.3019746730267056,-0.9530450550526088,-0.02272487382108398));
#3794=AXIS2_PLACEMENT_3D('',#336,#3792,#3793);
#3795=PLANE('',#3794);
#3796=FACE_SURFACE('',(#3791),#3795,.T.);
#3797=POLY_LOOP('',(#339,#340,#341));
#3798=FACE_OUTER_BOUND('',#3797,.T.);
#3799=DIRECTION('',(0.9313149589130826,0.3474753999617702,-0.109148035832676));
#3800=DIRECTION('',(0.1536426912482142,-0.10310487208332952,0.9827325723607039));
#3801=AXIS2_PLACEMENT_3D('',#339,#3799,#3800);
#3802=PLANE('',#3801);
#3803=FACE_SURFACE('',(#3798),#3802,.T.);
#3804=POLY_LOOP('',(#342,#343,#273));
#3805=FACE_OUTER_BOUND('',#3804,.T.);
#3806=DIRECTION('',(0.9459140723055434,0.3004279989815397,-0.12243196168603787));
#3807=DIRECTION('',(0.30363895922184825,-0.6869739810104711,0.6602046136292125));
#3808=AXIS2_PLACEMENT_3D('',#342,#3806,#3807);
#3809=PLANE('',#3808);
#3810=FACE_SURFACE('',(#3805),#3809,.T.);
#3811=POLY_LOOP('',(#342,#306,#343));
#3812=FACE_OUTER_BOUND('',#3811,.T.);
#3813=DIRECTION('',(0.9437955758325894,0.31183320586449415,-0.10958997563236908));
#3814=DIRECTION('',(0.07399025843819025,0.12382324124371284,0.9895419377591589));
#3815=AXIS2_PLACEMENT_3D('',#342,#3813,#3814);
#3816=PLANE('',#3815);
#3817=FACE_SURFACE('',(#3812),#3816,.T.);
#3818=POLY_LOOP('',(#320,#278,#335));
#3819=FACE_OUTER_BOUND('',#3818,.T.);
#3820=DIRECTION('',(0.6041515332626834,0.19247362452927627,-0.7732753899594322));
#3821=DIRECTION('',(-0.6944633496012887,-0.34872161924890416,-0.6293757926143811));
#3822=AXIS2_PLACEMENT_3D('',#320,#3820,#3821);
#3823=PLANE('',#3822);
#3824=FACE_SURFACE('',(#3819),#3823,.T.);
#3825=POLY_LOOP('',(#307,#306,#342));
#3826=FACE_OUTER_BOUND('',#3825,.T.);
#3827=DIRECTION('',(0.9419511416266543,0.3171773317706039,-0.11012078368374797));
#3828=DIRECTION('',(0.2908274933242064,-0.9346778715542242,-0.20444227927125));
#3829=AXIS2_PLACEMENT_3D('',#307,#3827,#3828);
#3830=PLANE('',#3829);
#3831=FACE_SURFACE('',(#3826),#3830,.T.);
#3832=POLY_LOOP('',(#271,#344,#342));
#3833=FACE_OUTER_BOUND('',#3832,.T.);
#3834=DIRECTION('',(0.9449478314564798,0.29674586443515055,-0.13789665611004395));
#3835=DIRECTION('',(-0.3142705500003281,0.9404106592800993,-0.12985304507349932));
#3836=AXIS2_PLACEMENT_3D('',#271,#3834,#3835);
#3837=PLANE('',#3836);
#3838=FACE_SURFACE('',(#3833),#3837,.T.);
#3839=POLY_LOOP('',(#267,#344,#271));
#3840=FACE_OUTER_BOUND('',#3839,.T.);
#3841=DIRECTION('',(0.9403077027293842,0.28954006709328456,-0.17885182060969945));
#3842=DIRECTION('',(-0.2194821580791147,0.9175662174233217,0.3315114159850185));
#3843=AXIS2_PLACEMENT_3D('',#267,#3841,#3842);
#3844=PLANE('',#3843);
#3845=FACE_SURFACE('',(#3840),#3844,.T.);
#3846=POLY_LOOP('',(#267,#345,#344));
#3847=FACE_OUTER_BOUND('',#3846,.T.);
#3848=DIRECTION('',(0.9417384621032147,0.28802156271053847,-0.17370160738822046));
#3849=DIRECTION('',(-0.29514105524468504,0.9553183445453742,-0.01608160701358997));
#3850=AXIS2_PLACEMENT_3D('',#267,#3848,#3849);
#3851=PLANE('',#3850);
#3852=FACE_SURFACE('',(#3847),#3851,.T.);
#3853=POLY_LOOP('',(#265,#345,#267));
#3854=FACE_OUTER_BOUND('',#3853,.T.);
#3855=DIRECTION('',(0.9330963536899926,0.28457421074542216,-0.21988340844424886));
#3856=DIRECTION('',(-0.18608528445614073,0.905264553697378,0.3819271589295064));
#3857=AXIS2_PLACEMENT_3D('',#265,#3855,#3856);
#3858=PLANE('',#3857);
#3859=FACE_SURFACE('',(#3854),#3858,.T.);
#3860=POLY_LOOP('',(#265,#346,#345));
#3861=FACE_OUTER_BOUND('',#3860,.T.);
#3862=DIRECTION('',(0.9385671777818384,0.2787586976998275,-0.20343362860483757));
#3863=DIRECTION('',(-0.2655547591044197,0.9598749308023957,0.09011541008112715));
#3864=AXIS2_PLACEMENT_3D('',#265,#3862,#3863);
#3865=PLANE('',#3864);
#3866=FACE_SURFACE('',(#3861),#3865,.T.);
#3867=POLY_LOOP('',(#347,#346,#265));
#3868=FACE_OUTER_BOUND('',#3867,.T.);
#3869=DIRECTION('',(0.927455820138012,0.2798678613505108,-0.2479912939504511));
#3870=DIRECTION('',(0.011958131919926304,0.6406599239581994,0.7677316359997547));
#3871=AXIS2_PLACEMENT_3D('',#347,#3869,#3870);
#3872=PLANE('',#3871);
#3873=FACE_SURFACE('',(#3868),#3872,.T.);
#3874=POLY_LOOP('',(#262,#347,#265));
#3875=FACE_OUTER_BOUND('',#3874,.T.);
#3876=DIRECTION('',(0.9255456258756153,0.2690117606088893,-0.26645443714943284));
#3877=DIRECTION('',(-0.21423135150253717,0.9523054876543299,0.21729976119831612));
#3878=AXIS2_PLACEMENT_3D('',#262,#3876,#3877);
#3879=PLANE('',#3878);
#3880=FACE_SURFACE('',(#3875),#3879,.T.);
#3881=POLY_LOOP('',(#262,#348,#347));
#3882=FACE_OUTER_BOUND('',#3881,.T.);
#3883=DIRECTION('',(0.9160617354151381,0.2730920877582962,-0.2936862416117242));
#3884=DIRECTION('',(-0.37293722701154397,0.84939299541853,-0.37342919548808357));
#3885=AXIS2_PLACEMENT_3D('',#262,#3883,#3884);
#3886=PLANE('',#3885);
#3887=FACE_SURFACE('',(#3882),#3886,.T.);
#3888=POLY_LOOP('',(#258,#348,#262));
#3889=FACE_OUTER_BOUND('',#3888,.T.);
#3890=DIRECTION('',(0.910274439213583,0.2569530437829894,-0.3246160479783058));
#3891=DIRECTION('',(-0.11254447311897456,0.9081404265119064,0.4032551392172765));
#3892=AXIS2_PLACEMENT_3D('',#258,#3890,#3891);
#3893=PLANE('',#3892);
#3894=FACE_SURFACE('',(#3889),#3893,.T.);
#3895=POLY_LOOP('',(#258,#349,#348));
#3896=FACE_OUTER_BOUND('',#3895,.T.);
#3897=DIRECTION('',(0.9000656679649328,0.26510842807268453,-0.3458313385389901));
#3898=DIRECTION('',(-0.38189968254811457,0.8621024397780211,-0.3330645820234159));
#3899=AXIS2_PLACEMENT_3D('',#258,#3897,#3898);
#3900=PLANE('',#3899);
#3901=FACE_SURFACE('',(#3896),#3900,.T.);
#3902=POLY_LOOP('',(#255,#349,#258));
#3903=FACE_OUTER_BOUND('',#3902,.T.);
#3904=DIRECTION('',(0.8875505484774313,0.2416255817549409,-0.39226407194515966));
#3905=DIRECTION('',(0.13024629193035128,0.685103101364727,0.7167075023598026));
#3906=AXIS2_PLACEMENT_3D('',#255,#3904,#3905);
#3907=PLANE('',#3906);
#3908=FACE_SURFACE('',(#3903),#3907,.T.);
#3909=POLY_LOOP('',(#335,#151,#149));
#3910=FACE_OUTER_BOUND('',#3909,.T.);
#3911=DIRECTION('',(0.5416376354881284,0.19424203932969153,-0.8178622756796353));
#3912=DIRECTION('',(-0.28183539757586834,-0.8746616668404408,-0.39438024447625925));
#3913=AXIS2_PLACEMENT_3D('',#335,#3911,#3912);
#3914=PLANE('',#3913);
#3915=FACE_SURFACE('',(#3910),#3914,.T.);
#3916=POLY_LOOP('',(#271,#342,#273));
#3917=FACE_OUTER_BOUND('',#3916,.T.);
#3918=DIRECTION('',(0.9390965911878477,0.30658294651848883,-0.15525620542640436));
#3919=DIRECTION('',(-0.1825149640681352,0.8277526167008352,0.530578828673108));
#3920=AXIS2_PLACEMENT_3D('',#271,#3918,#3919);
#3921=PLANE('',#3920);
#3922=FACE_SURFACE('',(#3917),#3921,.T.);
#3923=POLY_LOOP('',(#350,#179,#334));
#3924=FACE_OUTER_BOUND('',#3923,.T.);
#3925=DIRECTION('',(-0.028291103990810723,0.1439031042043296,-0.9891872977527254));
#3926=DIRECTION('',(0.5355220428819014,0.837771561843985,0.10655961595785186));
#3927=AXIS2_PLACEMENT_3D('',#350,#3925,#3926);
#3928=PLANE('',#3927);
#3929=FACE_SURFACE('',(#3924),#3928,.T.);
#3930=POLY_LOOP('',(#350,#195,#179));
#3931=FACE_OUTER_BOUND('',#3930,.T.);
#3932=DIRECTION('',(-0.029909136970869676,0.14491258504940785,-0.9889923084736078));
#3933=DIRECTION('',(0.004985232961830201,0.9894442805344559,0.14482804690379933));
#3934=AXIS2_PLACEMENT_3D('',#350,#3932,#3933);
#3935=PLANE('',#3934);
#3936=FACE_SURFACE('',(#3931),#3935,.T.);
#3937=POLY_LOOP('',(#351,#195,#350));
#3938=FACE_OUTER_BOUND('',#3937,.T.);
#3939=DIRECTION('',(-0.06498838531299939,0.14484424199845966,-0.9873179099633007));
#3940=DIRECTION('',(0.5164247046347522,0.8514917117215419,0.09092518524824428));
#3941=AXIS2_PLACEMENT_3D('',#351,#3939,#3940);
#3942=PLANE('',#3941);
#3943=FACE_SURFACE('',(#3938),#3942,.T.);
#3944=POLY_LOOP('',(#330,#228,#332));
#3945=FACE_OUTER_BOUND('',#3944,.T.);
#3946=DIRECTION('',(0.021968883424923976,0.09290200498921967,-0.9954328634468752));
#3947=DIRECTION('',(-0.5748492731560775,-0.8134479525624847,-0.08860441085990499));
#3948=AXIS2_PLACEMENT_3D('',#330,#3946,#3947);
#3949=PLANE('',#3948);
#3950=FACE_SURFACE('',(#3945),#3949,.T.);
#3951=POLY_LOOP('',(#330,#208,#228));
#3952=FACE_OUTER_BOUND('',#3951,.T.);
#3953=DIRECTION('',(0.015900491506710187,0.09715873457947777,-0.9951418766511434));
#3954=DIRECTION('',(-0.14661707913982897,-0.9842828668950561,-0.09844120093413329));
#3955=AXIS2_PLACEMENT_3D('',#330,#3953,#3954);
#3956=PLANE('',#3955);
#3957=FACE_SURFACE('',(#3952),#3956,.T.);
#3958=POLY_LOOP('',(#328,#208,#330));
#3959=FACE_OUTER_BOUND('',#3958,.T.);
#3960=DIRECTION('',(0.053858490883081485,0.0914258139368187,-0.9943543550997235));
#3961=DIRECTION('',(-0.7049628849407026,-0.7017680794137807,-0.10270780677229517));
#3962=AXIS2_PLACEMENT_3D('',#328,#3960,#3961);
#3963=PLANE('',#3962);
#3964=FACE_SURFACE('',(#3959),#3963,.T.);
#3965=POLY_LOOP('',(#328,#207,#208));
#3966=FACE_OUTER_BOUND('',#3965,.T.);
#3967=DIRECTION('',(0.04554860435792057,0.09971767255046259,-0.9939726909840956));
#3968=DIRECTION('',(-0.01122835073052388,-0.9948914227926191,-0.10032437885952988));
#3969=AXIS2_PLACEMENT_3D('',#328,#3967,#3968);
#3970=PLANE('',#3969);
#3971=FACE_SURFACE('',(#3966),#3970,.T.);
#3972=POLY_LOOP('',(#326,#207,#328));
#3973=FACE_OUTER_BOUND('',#3972,.T.);
#3974=DIRECTION('',(0.10284795090789105,0.09864953336514307,-0.9897931948447047));
#3975=DIRECTION('',(-0.7360201883171056,-0.6618047203518836,-0.14243873949743288));
#3976=AXIS2_PLACEMENT_3D('',#326,#3974,#3975);
#3977=PLANE('',#3976);
#3978=FACE_SURFACE('',(#3973),#3977,.T.);
#3979=POLY_LOOP('',(#352,#216,#211));
#3980=FACE_OUTER_BOUND('',#3979,.T.);
#3981=DIRECTION('',(-0.22276048879013713,0.11162258221913908,-0.9684617513215021));
#3982=DIRECTION('',(-0.014921692468295934,-0.9936973197543456,-0.11109896402267447));
#3983=AXIS2_PLACEMENT_3D('',#352,#3981,#3982);
#3984=PLANE('',#3983);
#3985=FACE_SURFACE('',(#3980),#3984,.T.);
#3986=POLY_LOOP('',(#352,#214,#216));
#3987=FACE_OUTER_BOUND('',#3986,.T.);
#3988=DIRECTION('',(-0.19065973182495793,0.11190033527098106,-0.9752574950374272));
#3989=DIRECTION('',(0.47392478448247044,-0.8595403565293647,-0.19127381982544464));
#3990=AXIS2_PLACEMENT_3D('',#352,#3988,#3989);
#3991=PLANE('',#3990);
#3992=FACE_SURFACE('',(#3987),#3991,.T.);
#3993=POLY_LOOP('',(#215,#214,#352));
#3994=FACE_OUTER_BOUND('',#3993,.T.);
#3995=DIRECTION('',(-0.14770188542250495,0.13654368955092225,-0.9795611128900832));
#3996=DIRECTION('',(-0.988678176793945,0.006103362687800013,0.1499273547265545));
#3997=AXIS2_PLACEMENT_3D('',#215,#3995,#3996);
#3998=PLANE('',#3997);
#3999=FACE_SURFACE('',(#3994),#3998,.T.);
#4000=POLY_LOOP('',(#210,#352,#211));
#4001=FACE_OUTER_BOUND('',#4000,.T.);
#4002=DIRECTION('',(-0.27427801969221,0.16014464768785056,-0.9482221573717068));
#4003=DIRECTION('',(0.8993487306867768,0.3918559107894924,-0.19396083571541156));
#4004=AXIS2_PLACEMENT_3D('',#210,#4002,#4003);
#4005=PLANE('',#4004);
#4006=FACE_SURFACE('',(#4001),#4005,.T.);
#4007=POLY_LOOP('',(#210,#173,#352));
#4008=FACE_OUTER_BOUND('',#4007,.T.);
#4009=DIRECTION('',(-0.26830245137506237,0.14433194160561885,-0.9524610675604986));
#4010=DIRECTION('',(0.11985110536942904,0.9860319386819266,0.11565780752239423));
#4011=AXIS2_PLACEMENT_3D('',#210,#4009,#4010);
#4012=PLANE('',#4011);
#4013=FACE_SURFACE('',(#4008),#4012,.T.);
#4014=POLY_LOOP('',(#197,#173,#210));
#4015=FACE_OUTER_BOUND('',#4014,.T.);
#4016=DIRECTION('',(-0.32841466625232135,0.14931554814496067,-0.9326567825693148));
#4017=DIRECTION('',(0.3453919323108755,0.9380240724607571,0.02855262822746543));
#4018=AXIS2_PLACEMENT_3D('',#197,#4016,#4017);
#4019=PLANE('',#4018);
#4020=FACE_SURFACE('',(#4015),#4019,.T.);
#4021=POLY_LOOP('',(#197,#59,#173));
#4022=FACE_OUTER_BOUND('',#4021,.T.);
#4023=DIRECTION('',(-0.3453718629311166,0.15534215495563017,-0.9255199031837352));
#4024=DIRECTION('',(-0.09500838964159332,0.9753506085619943,0.19915972553570824));
#4025=AXIS2_PLACEMENT_3D('',#197,#4023,#4024);
#4026=PLANE('',#4025);
#4027=FACE_SURFACE('',(#4022),#4026,.T.);
#4028=POLY_LOOP('',(#332,#228,#227));
#4029=FACE_OUTER_BOUND('',#4028,.T.);
#4030=DIRECTION('',(0.003029261902363645,0.09287737528658413,-0.9956729466708443));
#4031=DIRECTION('',(0.002472051884972647,-0.995675168235209,-0.09287006147982364));
#4032=AXIS2_PLACEMENT_3D('',#332,#4030,#4031);
#4033=PLANE('',#4032);
#4034=FACE_SURFACE('',(#4029),#4033,.T.);
#4035=POLY_LOOP('',(#225,#59,#197));
#4036=FACE_OUTER_BOUND('',#4035,.T.);
#4037=DIRECTION('',(-0.3631396253925171,0.15232085246270988,-0.9191996357564638));
#4038=DIRECTION('',(0.17095347185405446,0.9806910431728655,0.0949736189768607));
#4039=AXIS2_PLACEMENT_3D('',#225,#4037,#4038);
#4040=PLANE('',#4039);
#4041=FACE_SURFACE('',(#4036),#4040,.T.);
#4042=POLY_LOOP('',(#223,#56,#225));
#4043=FACE_OUTER_BOUND('',#4042,.T.);
#4044=DIRECTION('',(-0.39029212378753086,0.15790681081870708,-0.9070487843586384));
#4045=DIRECTION('',(0.024173288723342484,0.9866004357131675,0.16135436889928373));
#4046=AXIS2_PLACEMENT_3D('',#223,#4044,#4045);
#4047=PLANE('',#4046);
#4048=FACE_SURFACE('',(#4043),#4047,.T.);
#4049=POLY_LOOP('',(#221,#56,#223));
#4050=FACE_OUTER_BOUND('',#4049,.T.);
#4051=DIRECTION('',(-0.4260770514240336,0.15617599394026702,-0.8911045983309542));
#4052=DIRECTION('',(0.46345364222823404,0.8836045323419733,-0.06673643630061905));
#4053=AXIS2_PLACEMENT_3D('',#221,#4051,#4052);
#4054=PLANE('',#4053);
#4055=FACE_SURFACE('',(#4050),#4054,.T.);
#4056=POLY_LOOP('',(#221,#57,#56));
#4057=FACE_OUTER_BOUND('',#4056,.T.);
#4058=DIRECTION('',(-0.46107210401851106,0.17614737263873623,-0.8697037530150215));
#4059=DIRECTION('',(-0.678157867565086,0.5621500399359207,0.4733806494351223));
#4060=AXIS2_PLACEMENT_3D('',#221,#4058,#4059);
#4061=PLANE('',#4060);
#4062=FACE_SURFACE('',(#4057),#4061,.T.);
#4063=POLY_LOOP('',(#70,#57,#221));
#4064=FACE_OUTER_BOUND('',#4063,.T.);
#4065=DIRECTION('',(-0.4861775382629388,0.1398732678820607,-0.862593108145771));
#4066=DIRECTION('',(0.7053231957634485,0.6455656376769833,-0.29285524917396677));
#4067=AXIS2_PLACEMENT_3D('',#70,#4065,#4066);
#4068=PLANE('',#4067);
#4069=FACE_SURFACE('',(#4064),#4068,.T.);
#4070=POLY_LOOP('',(#353,#354,#355));
#4071=FACE_OUTER_BOUND('',#4070,.T.);
#4072=DIRECTION('',(0.00017376485977984338,-0.7037342095888516,0.7104633221075721));
#4073=DIRECTION('',(0.9978806821945061,-0.04610787382575303,-0.04591522704175312));
#4074=AXIS2_PLACEMENT_3D('',#353,#4072,#4073);
#4075=PLANE('',#4074);
#4076=FACE_SURFACE('',(#4071),#4075,.T.);
#4077=POLY_LOOP('',(#353,#356,#354));
#4078=FACE_OUTER_BOUND('',#4077,.T.);
#4079=DIRECTION('',(-0.001950401057080314,-0.7265018419925151,0.6871617491662345));
#4080=DIRECTION('',(0.7488250564574395,-0.45648944463085295,-0.4804980975634847));
#4081=AXIS2_PLACEMENT_3D('',#353,#4079,#4080);
#4082=PLANE('',#4081);
#4083=FACE_SURFACE('',(#4078),#4082,.T.);
#4084=POLY_LOOP('',(#338,#356,#353));
#4085=FACE_OUTER_BOUND('',#4084,.T.);
#4086=DIRECTION('',(-0.0024306367591325696,-0.7268738227602142,0.6867667273469924));
#4087=DIRECTION('',(0.9967574124322113,0.053474935404332014,0.060125635505540134));
#4088=AXIS2_PLACEMENT_3D('',#338,#4086,#4087);
#4089=PLANE('',#4088);
#4090=FACE_SURFACE('',(#4085),#4089,.T.);
#4091=POLY_LOOP('',(#338,#357,#356));
#4092=FACE_OUTER_BOUND('',#4091,.T.);
#4093=DIRECTION('',(0.0024300500890890473,-0.7668887612045439,0.6417754457711237));
#4094=DIRECTION('',(0.7574837448784099,-0.417573615309442,-0.5018472397476966));
#4095=AXIS2_PLACEMENT_3D('',#338,#4093,#4094);
#4096=PLANE('',#4095);
#4097=FACE_SURFACE('',(#4092),#4096,.T.);
#4098=POLY_LOOP('',(#337,#357,#338));
#4099=FACE_OUTER_BOUND('',#4098,.T.);
#4100=DIRECTION('',(-0.001925270466795614,-0.7701229146707375,0.6378926160669032));
#4101=DIRECTION('',(0.9979228693401794,0.03959526972091773,0.05081497282879359));
#4102=AXIS2_PLACEMENT_3D('',#337,#4100,#4101);
#4103=PLANE('',#4102);
#4104=FACE_SURFACE('',(#4099),#4103,.T.);
#4105=POLY_LOOP('',(#337,#358,#357));
#4106=FACE_OUTER_BOUND('',#4105,.T.);
#4107=DIRECTION('',(0.0001049630618165918,-0.7898047501153387,0.6133583338294206));
#4108=DIRECTION('',(0.9992482329161643,-0.023695839509885575,-0.030683484219444897));
#4109=AXIS2_PLACEMENT_3D('',#337,#4107,#4108);
#4110=PLANE('',#4109);
#4111=FACE_SURFACE('',(#4106),#4110,.T.);
#4112=POLY_LOOP('',(#304,#358,#337));
#4113=FACE_OUTER_BOUND('',#4112,.T.);
#4114=DIRECTION('',(-0.0002535948896573497,-0.7954394999648652,0.6060329509071904));
#4115=DIRECTION('',(0.09098848096242951,0.6035007579884599,0.7921539821521468));
#4116=AXIS2_PLACEMENT_3D('',#304,#4114,#4115);
#4117=PLANE('',#4116);
#4118=FACE_SURFACE('',(#4113),#4117,.T.);
#4119=POLY_LOOP('',(#162,#304,#337));
#4120=FACE_OUTER_BOUND('',#4119,.T.);
#4121=DIRECTION('',(1.2787683022716344e-05,-0.7945663130676276,0.6071773826276732));
#4122=DIRECTION('',(0.9999999907646733,9.231409215832392e-05,9.974347971216163e-05));
#4123=AXIS2_PLACEMENT_3D('',#162,#4121,#4122);
#4124=PLANE('',#4123);
#4125=FACE_SURFACE('',(#4120),#4124,.T.);
#4126=POLY_LOOP('',(#225,#56,#59));
#4127=FACE_OUTER_BOUND('',#4126,.T.);
#4128=DIRECTION('',(-0.3946417079918674,0.15647713635794339,-0.9054130704327606));
#4129=DIRECTION('',(-0.21359750440675102,0.9427737884215496,0.2560345484040921));
#4130=AXIS2_PLACEMENT_3D('',#225,#4128,#4129);
#4131=PLANE('',#4130);
#4132=FACE_SURFACE('',(#4127),#4131,.T.);
#4133=POLY_LOOP('',(#332,#227,#333));
#4134=FACE_OUTER_BOUND('',#4133,.T.);
#4135=DIRECTION('',(0.004142656562830088,0.09218903563144813,-0.9957329060074023));
#4136=DIRECTION('',(-0.5272810411621938,-0.8458683229850392,-0.08050766299794411));
#4137=AXIS2_PLACEMENT_3D('',#332,#4135,#4136);
#4138=PLANE('',#4137);
#4139=FACE_SURFACE('',(#4134),#4138,.T.);
#4140=POLY_LOOP('',(#333,#227,#213));
#4141=FACE_OUTER_BOUND('',#4140,.T.);
#4142=DIRECTION('',(-0.002762231836280183,0.09198774898242265,-0.9957563075935946));
#4143=DIRECTION('',(0.029326923226388225,-0.9953243483151383,-0.09202919767725296));
#4144=AXIS2_PLACEMENT_3D('',#333,#4142,#4143);
#4145=PLANE('',#4144);
#4146=FACE_SURFACE('',(#4141),#4145,.T.);
#4147=POLY_LOOP('',(#333,#213,#334));
#4148=FACE_OUTER_BOUND('',#4147,.T.);
#4149=DIRECTION('',(-0.0041700457451067825,0.09287935219316047,-0.9956686379788522));
#4150=DIRECTION('',(-0.5368734550281732,-0.84022086182651,-0.07613012963097289));
#4151=AXIS2_PLACEMENT_3D('',#333,#4149,#4150);
#4152=PLANE('',#4151);
#4153=FACE_SURFACE('',(#4148),#4152,.T.);
#4154=POLY_LOOP('',(#351,#193,#195));
#4155=FACE_OUTER_BOUND('',#4154,.T.);
#4156=DIRECTION('',(-0.06733789024402116,0.14623056153694125,-0.9869560433018661));
#4157=DIRECTION('',(0.007738553907743449,0.989248097293831,0.14604217467550917));
#4158=AXIS2_PLACEMENT_3D('',#351,#4156,#4157);
#4159=PLANE('',#4158);
#4160=FACE_SURFACE('',(#4155),#4159,.T.);
#4161=POLY_LOOP('',(#359,#193,#351));
#4162=FACE_OUTER_BOUND('',#4161,.T.);
#4163=DIRECTION('',(-0.11672922615987577,0.14594173754061313,-0.9823824596376624));
#4164=DIRECTION('',(0.49775796515994547,0.8645436875077619,0.06929084001736298));
#4165=AXIS2_PLACEMENT_3D('',#359,#4163,#4164);
#4166=PLANE('',#4165);
#4167=FACE_SURFACE('',(#4162),#4166,.T.);
#4168=POLY_LOOP('',(#359,#191,#193));
#4169=FACE_OUTER_BOUND('',#4168,.T.);
#4170=DIRECTION('',(-0.11948807065955573,0.14748506285919186,-0.9818201246681988));
#4171=DIRECTION('',(0.010815105191884725,0.989039677794086,0.14725335055155445));
#4172=AXIS2_PLACEMENT_3D('',#359,#4170,#4171);
#4173=PLANE('',#4172);
#4174=FACE_SURFACE('',(#4169),#4173,.T.);
#4175=POLY_LOOP('',(#352,#191,#359));
#4176=FACE_OUTER_BOUND('',#4175,.T.);
#4177=DIRECTION('',(-0.18348075756713872,0.14672449027246717,-0.9720116951749467));
#4178=DIRECTION('',(0.47928981775624885,0.8766579467061736,0.041858273639717516));
#4179=AXIS2_PLACEMENT_3D('',#352,#4177,#4178);
#4180=PLANE('',#4179);
#4181=FACE_SURFACE('',(#4176),#4180,.T.);
#4182=POLY_LOOP('',(#352,#174,#191));
#4183=FACE_OUTER_BOUND('',#4182,.T.);
#4184=DIRECTION('',(-0.18633343256427262,0.1482471584513421,-0.9712376804469226));
#4185=DIRECTION('',(0.014345886431915415,0.988855743772829,0.1481840529543165));
#4186=AXIS2_PLACEMENT_3D('',#352,#4184,#4185);
#4187=PLANE('',#4186);
#4188=FACE_SURFACE('',(#4183),#4187,.T.);
#4189=POLY_LOOP('',(#173,#174,#352));
#4190=FACE_OUTER_BOUND('',#4189,.T.);
#4191=DIRECTION('',(-0.2662186394223341,0.14662742340363794,-0.9526951425981616));
#4192=DIRECTION('',(0.8681732527761074,0.4659085595852667,-0.17089299947433534));
#4193=AXIS2_PLACEMENT_3D('',#173,#4191,#4192);
#4194=PLANE('',#4193);
#4195=FACE_SURFACE('',(#4190),#4194,.T.);
#4196=POLY_LOOP('',(#300,#150,#151));
#4197=FACE_OUTER_BOUND('',#4196,.T.);
#4198=DIRECTION('',(0.48214051239054145,0.13422675910520845,-0.8657503701713899));
#4199=DIRECTION('',(0.7242583306742378,0.49494748921824705,0.48008004891426126));
#4200=AXIS2_PLACEMENT_3D('',#300,#4198,#4199);
#4201=PLANE('',#4200);
#4202=FACE_SURFACE('',(#4197),#4201,.T.);
#4203=POLY_LOOP('',(#300,#148,#150));
#4204=FACE_OUTER_BOUND('',#4203,.T.);
#4205=DIRECTION('',(0.4591443013509199,0.17326187045615407,-0.8713018046480856));
#4206=DIRECTION('',(-0.3964807822777365,0.9176619084739512,-0.026450161065286477));
#4207=AXIS2_PLACEMENT_3D('',#300,#4205,#4206);
#4208=PLANE('',#4207);
#4209=FACE_SURFACE('',(#4204),#4208,.T.);
#4210=POLY_LOOP('',(#298,#148,#300));
#4211=FACE_OUTER_BOUND('',#4210,.T.);
#4212=DIRECTION('',(0.4216035816605066,0.15641134680136334,-0.8931886197902523));
#4213=DIRECTION('',(-0.02417995200031461,0.9866000522462168,0.16135571520409475));
#4214=AXIS2_PLACEMENT_3D('',#298,#4212,#4213);
#4215=PLANE('',#4214);
#4216=FACE_SURFACE('',(#4211),#4215,.T.);
#4217=POLY_LOOP('',(#298,#147,#148));
#4218=FACE_OUTER_BOUND('',#4217,.T.);
#4219=DIRECTION('',(0.3952203045982666,0.15768834880003588,-0.9049504381378969));
#4220=DIRECTION('',(-0.34566298091250985,0.9382750237262562,0.01253329478513668));
#4221=AXIS2_PLACEMENT_3D('',#298,#4219,#4220);
#4222=PLANE('',#4221);
#4223=FACE_SURFACE('',(#4218),#4222,.T.);
#4224=POLY_LOOP('',(#296,#147,#298));
#4225=FACE_OUTER_BOUND('',#4224,.T.);
#4226=DIRECTION('',(0.3870108150675594,0.15471807357030865,-0.9090021709167894));
#4227=DIRECTION('',(-0.11562950589110207,0.9861834947587541,0.11862517453217974));
#4228=AXIS2_PLACEMENT_3D('',#296,#4226,#4227);
#4229=PLANE('',#4228);
#4230=FACE_SURFACE('',(#4225),#4229,.T.);
#4231=POLY_LOOP('',(#200,#147,#296));
#4232=FACE_OUTER_BOUND('',#4231,.T.);
#4233=DIRECTION('',(0.3596896290380406,0.15289294106867835,-0.9204602758043643));
#4234=DIRECTION('',(0.09103558655519525,0.976026866537777,0.19769693416186307));
#4235=AXIS2_PLACEMENT_3D('',#200,#4233,#4234);
#4236=PLANE('',#4235);
#4237=FACE_SURFACE('',(#4232),#4236,.T.);
#4238=POLY_LOOP('',(#200,#360,#147));
#4239=FACE_OUTER_BOUND('',#4238,.T.);
#4240=DIRECTION('',(0.3452150410668117,0.15528175385504386,-0.9255885437606394));
#4241=DIRECTION('',(-0.3463203618637392,0.9376939801207479,0.028146164994172208));
#4242=AXIS2_PLACEMENT_3D('',#200,#4240,#4241);
#4243=PLANE('',#4242);
#4244=FACE_SURFACE('',(#4239),#4243,.T.);
#4245=POLY_LOOP('',(#202,#360,#200));
#4246=FACE_OUTER_BOUND('',#4245,.T.);
#4247=DIRECTION('',(0.3255542040008358,0.1482676394464908,-0.9338260905277532));
#4248=DIRECTION('',(-0.08081884331090775,0.988377866158139,0.1287536727808985));
#4249=AXIS2_PLACEMENT_3D('',#202,#4247,#4248);
#4250=PLANE('',#4249);
#4251=FACE_SURFACE('',(#4246),#4250,.T.);
#4252=POLY_LOOP('',(#325,#360,#202));
#4253=FACE_OUTER_BOUND('',#4252,.T.);
#4254=DIRECTION('',(0.26585789999258713,0.14587256396586865,-0.9529117336320059));
#4255=DIRECTION('',(0.8681698051823373,-0.46591512912321625,0.1708926031862095));
#4256=AXIS2_PLACEMENT_3D('',#325,#4254,#4255);
#4257=PLANE('',#4256);
#4258=FACE_SURFACE('',(#4253),#4257,.T.);
#4259=POLY_LOOP('',(#326,#206,#207));
#4260=FACE_OUTER_BOUND('',#4259,.T.);
#4261=DIRECTION('',(0.09306578651941987,0.1094916846851574,-0.9896213065432291));
#4262=DIRECTION('',(-0.14067729531739528,-0.9825180276771107,-0.1219353265943167));
#4263=AXIS2_PLACEMENT_3D('',#326,#4261,#4262);
#4264=PLANE('',#4263);
#4265=FACE_SURFACE('',(#4260),#4264,.T.);
#4266=POLY_LOOP('',(#326,#205,#206));
#4267=FACE_OUTER_BOUND('',#4266,.T.);
#4268=DIRECTION('',(0.14609556725527365,0.10121109161942014,-0.9840794684178535));
#4269=DIRECTION('',(0.5905017899128058,-0.8070228500634132,0.00466428829493992));
#4270=AXIS2_PLACEMENT_3D('',#326,#4268,#4269);
#4271=PLANE('',#4270);
#4272=FACE_SURFACE('',(#4267),#4271,.T.);
#4273=POLY_LOOP('',(#324,#205,#326));
#4274=FACE_OUTER_BOUND('',#4273,.T.);
#4275=DIRECTION('',(0.17407163636236536,0.12172116090503261,-0.977181162529272));
#4276=DIRECTION('',(-0.5292830245368801,-0.8252388879136824,-0.19707931858031424));
#4277=AXIS2_PLACEMENT_3D('',#324,#4275,#4276);
#4278=PLANE('',#4277);
#4279=FACE_SURFACE('',(#4274),#4278,.T.);
#4280=POLY_LOOP('',(#324,#204,#205));
#4281=FACE_OUTER_BOUND('',#4280,.T.);
#4282=DIRECTION('',(0.18878898906780822,0.11190915398533575,-0.9756203456575929));
#4283=DIRECTION('',(0.014904866987070248,-0.9936976209017448,-0.11109852903756165));
#4284=AXIS2_PLACEMENT_3D('',#324,#4282,#4283);
#4285=PLANE('',#4284);
#4286=FACE_SURFACE('',(#4281),#4285,.T.);
#4287=POLY_LOOP('',(#203,#204,#324));
#4288=FACE_OUTER_BOUND('',#4287,.T.);
#4289=DIRECTION('',(0.22012443050665195,0.11164588106793576,-0.969061624632142));
#4290=DIRECTION('',(-0.9747744715159489,-0.012380620403524159,-0.22284849095119888));
#4291=AXIS2_PLACEMENT_3D('',#203,#4289,#4290);
#4292=PLANE('',#4291);
#4293=FACE_SURFACE('',(#4288),#4292,.T.);
#4294=POLY_LOOP('',(#359,#215,#352));
#4295=FACE_OUTER_BOUND('',#4294,.T.);
#4296=DIRECTION('',(-0.16550387383932333,0.0991725092122313,-0.9812101106086949));
#4297=DIRECTION('',(0.11813635085677751,-0.9857733863587365,-0.11956016624726452));
#4298=AXIS2_PLACEMENT_3D('',#359,#4296,#4297);
#4299=PLANE('',#4298);
#4300=FACE_SURFACE('',(#4295),#4299,.T.);
#4301=POLY_LOOP('',(#351,#215,#359));
#4302=FACE_OUTER_BOUND('',#4301,.T.);
#4303=DIRECTION('',(-0.10539287687844097,0.1072759044534656,-0.9886274433915825));
#4304=DIRECTION('',(-0.591578225240864,-0.80587889500374,-0.024380525187546968));
#4305=AXIS2_PLACEMENT_3D('',#351,#4303,#4304);
#4306=PLANE('',#4305);
#4307=FACE_SURFACE('',(#4302),#4306,.T.);
#4308=POLY_LOOP('',(#351,#217,#215));
#4309=FACE_OUTER_BOUND('',#4308,.T.);
#4310=DIRECTION('',(-0.09312308289350324,0.09833424221557845,-0.9907867925241525));
#4311=DIRECTION('',(0.03295511275370153,-0.9942612858942574,-0.10177649981841874));
#4312=AXIS2_PLACEMENT_3D('',#351,#4310,#4311);
#4313=PLANE('',#4312);
#4314=FACE_SURFACE('',(#4309),#4313,.T.);
#4315=POLY_LOOP('',(#350,#217,#351));
#4316=FACE_OUTER_BOUND('',#4315,.T.);
#4317=DIRECTION('',(-0.055620632253690856,0.09984955509939489,-0.9934467331538983));
#4318=DIRECTION('',(-0.5600499669661344,-0.8268410532094616,-0.05174849977245913));
#4319=AXIS2_PLACEMENT_3D('',#350,#4317,#4318);
#4320=PLANE('',#4319);
#4321=FACE_SURFACE('',(#4316),#4320,.T.);
#4322=POLY_LOOP('',(#350,#212,#217));
#4323=FACE_OUTER_BOUND('',#4322,.T.);
#4324=DIRECTION('',(-0.04732732297883985,0.09429303440515797,-0.9944188997411122));
#4325=DIRECTION('',(0.05576413466471829,-0.9937324859406531,-0.09688192644299035));
#4326=AXIS2_PLACEMENT_3D('',#350,#4324,#4325);
#4327=PLANE('',#4326);
#4328=FACE_SURFACE('',(#4323),#4327,.T.);
#4329=POLY_LOOP('',(#334,#212,#350));
#4330=FACE_OUTER_BOUND('',#4329,.T.);
#4331=DIRECTION('',(-0.022324969317294472,0.09576766430403862,-0.995153330004342));
#4332=DIRECTION('',(-0.5132791971806235,-0.855296838498022,-0.0707939531097321));
#4333=AXIS2_PLACEMENT_3D('',#334,#4331,#4332);
#4334=PLANE('',#4333);
#4335=FACE_SURFACE('',(#4330),#4334,.T.);
#4336=POLY_LOOP('',(#334,#213,#212));
#4337=FACE_OUTER_BOUND('',#4336,.T.);
#4338=DIRECTION('',(-0.017493484382715946,0.09289870737774937,-0.9955218772943641));
#4339=DIRECTION('',(-0.0024694140892997938,-0.9956752156406634,-0.09286962341354592));
#4340=AXIS2_PLACEMENT_3D('',#334,#4338,#4339);
#4341=PLANE('',#4340);
#4342=FACE_SURFACE('',(#4337),#4341,.T.);
#4343=POLY_LOOP('',(#161,#303,#162));
#4344=FACE_OUTER_BOUND('',#4343,.T.);
#4345=DIRECTION('',(-0.00040190284657974,-0.8130087887894846,0.5822512755032463));
#4346=DIRECTION('',(0.9998474207923029,0.009841442327892152,0.014431948859605635));
#4347=AXIS2_PLACEMENT_3D('',#161,#4345,#4346);
#4348=PLANE('',#4347);
#4349=FACE_SURFACE('',(#4344),#4348,.T.);
#4350=POLY_LOOP('',(#140,#302,#361));
#4351=FACE_OUTER_BOUND('',#4350,.T.);
#4352=DIRECTION('',(0.1884218822195271,0.5725501175331774,-0.7979245310263343));
#4353=DIRECTION('',(-0.9636314235624732,0.26455980506819576,-0.037717225046914035));
#4354=AXIS2_PLACEMENT_3D('',#140,#4352,#4353);
#4355=PLANE('',#4354);
#4356=FACE_SURFACE('',(#4351),#4355,.T.);
#4357=POLY_LOOP('',(#361,#302,#362));
#4358=FACE_OUTER_BOUND('',#4357,.T.);
#4359=DIRECTION('',(0.10687833768008502,0.5794100682228175,-0.8079981397112074));
#4360=DIRECTION('',(0.0035679259212540878,-0.8128711989326606,-0.5824325573406756));
#4361=AXIS2_PLACEMENT_3D('',#361,#4359,#4360);
#4362=PLANE('',#4361);
#4363=FACE_SURFACE('',(#4358),#4362,.T.);
#4364=POLY_LOOP('',(#361,#362,#363));
#4365=FACE_OUTER_BOUND('',#4364,.T.);
#4366=DIRECTION('',(0.11819858670293196,0.6543009291760414,-0.7469400164543323));
#4367=DIRECTION('',(-0.9867956934561001,0.16128572267418745,-0.014871954745752591));
#4368=AXIS2_PLACEMENT_3D('',#361,#4366,#4367);
#4369=PLANE('',#4368);
#4370=FACE_SURFACE('',(#4365),#4369,.T.);
#4371=POLY_LOOP('',(#364,#365,#366));
#4372=FACE_OUTER_BOUND('',#4371,.T.);
#4373=DIRECTION('',(0.4099663461527419,0.6091338502185013,-0.678884045725155));
#4374=DIRECTION('',(-0.8763130950089494,0.46949554032913315,-0.10793190967870166));
#4375=AXIS2_PLACEMENT_3D('',#364,#4373,#4374);
#4376=PLANE('',#4375);
#4377=FACE_SURFACE('',(#4372),#4376,.T.);
#4378=POLY_LOOP('',(#364,#367,#365));
#4379=FACE_OUTER_BOUND('',#4378,.T.);
#4380=DIRECTION('',(0.38474617125382093,0.5472535854476128,-0.7432926051833542));
#4381=DIRECTION('',(0.010345099789800543,-0.8077872864855318,-0.5893833037189641));
#4382=AXIS2_PLACEMENT_3D('',#364,#4380,#4381);
#4383=PLANE('',#4382);
#4384=FACE_SURFACE('',(#4379),#4383,.T.);
#4385=POLY_LOOP('',(#368,#367,#364));
#4386=FACE_OUTER_BOUND('',#4385,.T.);
#4387=DIRECTION('',(0.45822442472541985,0.5277156198654676,-0.71522486054042));
#4388=DIRECTION('',(-0.8366863350431805,0.5276659663520517,-0.14671266034588182));
#4389=AXIS2_PLACEMENT_3D('',#368,#4387,#4388);
#4390=PLANE('',#4389);
#4391=FACE_SURFACE('',(#4386),#4390,.T.);
#4392=POLY_LOOP('',(#368,#369,#367));
#4393=FACE_OUTER_BOUND('',#4392,.T.);
#4394=DIRECTION('',(0.4286959206535678,0.46426469946706106,-0.7750342550131247));
#4395=DIRECTION('',(0.013238525814146017,-0.8609978061142893,-0.5084363473441377));
#4396=AXIS2_PLACEMENT_3D('',#368,#4394,#4395);
#4397=PLANE('',#4396);
#4398=FACE_SURFACE('',(#4393),#4397,.T.);
#4399=POLY_LOOP('',(#370,#369,#368));
#4400=FACE_OUTER_BOUND('',#4399,.T.);
#4401=DIRECTION('',(0.4934792382220547,0.4478684742651392,-0.7455816998848597));
#4402=DIRECTION('',(-0.7994545438837178,0.5712002513731965,-0.18601802357533445));
#4403=AXIS2_PLACEMENT_3D('',#370,#4401,#4402);
#4404=PLANE('',#4403);
#4405=FACE_SURFACE('',(#4400),#4404,.T.);
#4406=POLY_LOOP('',(#370,#371,#369));
#4407=FACE_OUTER_BOUND('',#4406,.T.);
#4408=DIRECTION('',(0.46170949214018725,0.38614696337397814,-0.7985705150734692));
#4409=DIRECTION('',(0.017612540667283478,-0.9040866840493433,-0.4269860256915983));
#4410=AXIS2_PLACEMENT_3D('',#370,#4408,#4409);
#4411=PLANE('',#4410);
#4412=FACE_SURFACE('',(#4407),#4411,.T.);
#4413=POLY_LOOP('',(#372,#371,#370));
#4414=FACE_OUTER_BOUND('',#4413,.T.);
#4415=DIRECTION('',(0.5297848207800834,0.3706133261018338,-0.762872077210033));
#4416=DIRECTION('',(-0.7545713413192342,0.6166401011695017,-0.2244483826837664));
#4417=AXIS2_PLACEMENT_3D('',#372,#4415,#4416);
#4418=PLANE('',#4417);
#4419=FACE_SURFACE('',(#4414),#4418,.T.);
#4420=POLY_LOOP('',(#372,#373,#371));
#4421=FACE_OUTER_BOUND('',#4420,.T.);
#4422=DIRECTION('',(0.49627984244004164,0.31246649920094677,-0.8099821015706409));
#4423=DIRECTION('',(0.02093821777515574,-0.9370208546521227,-0.34864524804363195));
#4424=AXIS2_PLACEMENT_3D('',#372,#4422,#4423);
#4425=PLANE('',#4424);
#4426=FACE_SURFACE('',(#4421),#4425,.T.);
#4427=POLY_LOOP('',(#374,#373,#372));
#4428=FACE_OUTER_BOUND('',#4427,.T.);
#4429=DIRECTION('',(0.5509728223816024,0.3018031004272009,-0.7780384550710717));
#4430=DIRECTION('',(-0.7158663333388555,0.6500979445735419,-0.2547705933840066));
#4431=AXIS2_PLACEMENT_3D('',#374,#4429,#4430);
#4432=PLANE('',#4431);
#4433=FACE_SURFACE('',(#4428),#4432,.T.);
#4434=POLY_LOOP('',(#314,#319,#318));
#4435=FACE_OUTER_BOUND('',#4434,.T.);
#4436=DIRECTION('',(0.25836372504177596,0.9255456415511509,-0.27679134919322584));
#4437=DIRECTION('',(-0.4726962258589507,-0.12875687290834595,-0.8717682867239254));
#4438=AXIS2_PLACEMENT_3D('',#314,#4436,#4437);
#4439=PLANE('',#4438);
#4440=FACE_SURFACE('',(#4435),#4439,.T.);
#4441=POLY_LOOP('',(#316,#319,#314));
#4442=FACE_OUTER_BOUND('',#4441,.T.);
#4443=DIRECTION('',(0.28242002538895283,0.9149529299463077,-0.2882708192689129));
#4444=DIRECTION('',(-0.9579047899571645,0.2851257093063247,-0.03349243600703962));
#4445=AXIS2_PLACEMENT_3D('',#316,#4443,#4444);
#4446=PLANE('',#4445);
#4447=FACE_SURFACE('',(#4442),#4446,.T.);
#4448=POLY_LOOP('',(#316,#375,#319));
#4449=FACE_OUTER_BOUND('',#4448,.T.);
#4450=DIRECTION('',(0.28022765262951477,0.9032877414866709,-0.3248749279055883));
#4451=DIRECTION('',(0.0005544124746775657,-0.3385870407924517,-0.9409349119010404));
#4452=AXIS2_PLACEMENT_3D('',#316,#4450,#4451);
#4453=PLANE('',#4452);
#4454=FACE_SURFACE('',(#4449),#4453,.T.);
#4455=POLY_LOOP('',(#366,#365,#376));
#4456=FACE_OUTER_BOUND('',#4455,.T.);
#4457=DIRECTION('',(0.3107090487951173,0.6341980192226924,-0.7079920616863208));
#4458=DIRECTION('',(0.006727642942154746,-0.7463074850781811,-0.6655673343371978));
#4459=AXIS2_PLACEMENT_3D('',#366,#4457,#4458);
#4460=PLANE('',#4459);
#4461=FACE_SURFACE('',(#4456),#4460,.T.);
#4462=POLY_LOOP('',(#377,#375,#316));
#4463=FACE_OUTER_BOUND('',#4462,.T.);
#4464=DIRECTION('',(0.3892681413932547,0.8667913663656195,-0.3116777844028403));
#4465=DIRECTION('',(-0.9180982590861574,0.39250891055341763,-0.055066703180200495));
#4466=AXIS2_PLACEMENT_3D('',#377,#4464,#4465);
#4467=PLANE('',#4466);
#4468=FACE_SURFACE('',(#4463),#4467,.T.);
#4469=POLY_LOOP('',(#378,#379,#377));
#4470=FACE_OUTER_BOUND('',#4469,.T.);
#4471=DIRECTION('',(0.3826477185909205,0.8450877254729908,-0.37337308380767176));
#4472=DIRECTION('',(-0.9187754090592477,0.39055187916622525,-0.05762792194537703));
#4473=AXIS2_PLACEMENT_3D('',#378,#4471,#4472);
#4474=PLANE('',#4473);
#4475=FACE_SURFACE('',(#4470),#4474,.T.);
#4476=POLY_LOOP('',(#378,#380,#379));
#4477=FACE_OUTER_BOUND('',#4476,.T.);
#4478=DIRECTION('',(0.37577500710210615,0.8204286475588031,-0.43091760036258137));
#4479=DIRECTION('',(-0.849961393497835,0.11983812367421015,-0.5130345540774649));
#4480=AXIS2_PLACEMENT_3D('',#378,#4478,#4479);
#4481=PLANE('',#4480);
#4482=FACE_SURFACE('',(#4477),#4481,.T.);
#4483=POLY_LOOP('',(#381,#380,#378));
#4484=FACE_OUTER_BOUND('',#4483,.T.);
#4485=DIRECTION('',(0.37491963152314506,0.8217199149700364,-0.42919884813473735));
#4486=DIRECTION('',(-0.9196178816042085,0.38818671803104443,-0.06011675122687611));
#4487=AXIS2_PLACEMENT_3D('',#381,#4485,#4486);
#4488=PLANE('',#4487);
#4489=FACE_SURFACE('',(#4484),#4488,.T.);
#4490=POLY_LOOP('',(#381,#382,#380));
#4491=FACE_OUTER_BOUND('',#4490,.T.);
#4492=DIRECTION('',(0.3650747131526425,0.788118631333289,-0.4955698505375999));
#4493=DIRECTION('',(-0.8591048812651879,0.08010318715209114,-0.5054921190230411));
#4494=AXIS2_PLACEMENT_3D('',#381,#4492,#4493);
#4495=PLANE('',#4494);
#4496=FACE_SURFACE('',(#4491),#4495,.T.);
#4497=POLY_LOOP('',(#383,#382,#381));
#4498=FACE_OUTER_BOUND('',#4497,.T.);
#4499=DIRECTION('',(0.36406100975999495,0.7898377682857224,-0.4935745951342739));
#4500=DIRECTION('',(-0.9206696461152637,0.3853057585428434,-0.06250500104566868));
#4501=AXIS2_PLACEMENT_3D('',#383,#4499,#4500);
#4502=PLANE('',#4501);
#4503=FACE_SURFACE('',(#4498),#4502,.T.);
#4504=POLY_LOOP('',(#383,#384,#382));
#4505=FACE_OUTER_BOUND('',#4504,.T.);
#4506=DIRECTION('',(0.35064402097393615,0.746005350627224,-0.5661490858340957));
#4507=DIRECTION('',(-0.8682970161734829,0.03248049131960023,-0.4949801100931872));
#4508=AXIS2_PLACEMENT_3D('',#383,#4506,#4507);
#4509=PLANE('',#4508);
#4510=FACE_SURFACE('',(#4505),#4509,.T.);
#4511=POLY_LOOP('',(#385,#384,#383));
#4512=FACE_OUTER_BOUND('',#4511,.T.);
#4513=DIRECTION('',(0.3494973110867857,0.7481716753008121,-0.563995366843277));
#4514=DIRECTION('',(-0.9219582459320165,0.38182942102977024,-0.06480189807428487));
#4515=AXIS2_PLACEMENT_3D('',#385,#4513,#4514);
#4516=PLANE('',#4515);
#4517=FACE_SURFACE('',(#4512),#4516,.T.);
#4518=POLY_LOOP('',(#385,#366,#384));
#4519=FACE_OUTER_BOUND('',#4518,.T.);
#4520=DIRECTION('',(0.3328743196168539,0.6957251842859627,-0.636522706028528));
#4521=DIRECTION('',(0.005625673882758016,-0.6764713649500361,-0.7364474483600306));
#4522=AXIS2_PLACEMENT_3D('',#385,#4520,#4521);
#4523=PLANE('',#4522);
#4524=FACE_SURFACE('',(#4519),#4523,.T.);
#4525=POLY_LOOP('',(#386,#366,#385));
#4526=FACE_OUTER_BOUND('',#4525,.T.);
#4527=DIRECTION('',(0.4339557303472271,0.6651502699401628,-0.607665650252944));
#4528=DIRECTION('',(-0.8736238379812069,0.4754844500703729,-0.10342111705189218));
#4529=AXIS2_PLACEMENT_3D('',#386,#4527,#4528);
#4530=PLANE('',#4529);
#4531=FACE_SURFACE('',(#4526),#4530,.T.);
#4532=POLY_LOOP('',(#386,#364,#366));
#4533=FACE_OUTER_BOUND('',#4532,.T.);
#4534=DIRECTION('',(0.4123512327750831,0.6105588929324282,-0.6761540498214862));
#4535=DIRECTION('',(0.008954263539314763,-0.7448708495739074,-0.6671485881117594));
#4536=AXIS2_PLACEMENT_3D('',#386,#4534,#4535);
#4537=PLANE('',#4536);
#4538=FACE_SURFACE('',(#4533),#4537,.T.);
#4539=POLY_LOOP('',(#387,#364,#386));
#4540=FACE_OUTER_BOUND('',#4539,.T.);
#4541=DIRECTION('',(0.4860665896867467,0.5862940346747991,-0.6480729706561146));
#4542=DIRECTION('',(-0.8328609394340221,0.535406927986709,-0.1402928260065834));
#4543=AXIS2_PLACEMENT_3D('',#387,#4541,#4542);
#4544=PLANE('',#4543);
#4545=FACE_SURFACE('',(#4540),#4544,.T.);
#4546=POLY_LOOP('',(#387,#368,#364));
#4547=FACE_OUTER_BOUND('',#4546,.T.);
#4548=DIRECTION('',(0.4597553410486338,0.5281017167010599,-0.7139563034210482));
#4549=DIRECTION('',(0.01180859378288623,-0.8075280268508583,-0.589710982569623));
#4550=AXIS2_PLACEMENT_3D('',#387,#4548,#4549);
#4551=PLANE('',#4550);
#4552=FACE_SURFACE('',(#4547),#4551,.T.);
#4553=POLY_LOOP('',(#377,#379,#375));
#4554=FACE_OUTER_BOUND('',#4553,.T.);
#4555=DIRECTION('',(0.3833637774801308,0.8441223406573685,-0.37481954073832713));
#4556=DIRECTION('',(-0.8416290712264515,0.15214013970175855,-0.5181832536449147));
#4557=AXIS2_PLACEMENT_3D('',#377,#4555,#4556);
#4558=PLANE('',#4557);
#4559=FACE_SURFACE('',(#4554),#4558,.T.);
#4560=POLY_LOOP('',(#388,#368,#387));
#4561=FACE_OUTER_BOUND('',#4560,.T.);
#4562=DIRECTION('',(0.5241437973832014,0.507235997927892,-0.6840942347884632));
#4563=DIRECTION('',(-0.7943323713496135,0.5808417951901519,-0.17792946014188157));
#4564=AXIS2_PLACEMENT_3D('',#388,#4562,#4563);
#4565=PLANE('',#4564);
#4566=FACE_SURFACE('',(#4561),#4565,.T.);
#4567=POLY_LOOP('',(#366,#376,#384));
#4568=FACE_OUTER_BOUND('',#4567,.T.);
#4569=DIRECTION('',(0.3302549523465142,0.6941141482080754,-0.6396383475902455));
#4570=DIRECTION('',(-0.9235109880096742,0.3776789451727172,-0.06697812626984148));
#4571=AXIS2_PLACEMENT_3D('',#366,#4569,#4570);
#4572=PLANE('',#4571);
#4573=FACE_SURFACE('',(#4568),#4572,.T.);
#4574=POLY_LOOP('',(#384,#389,#382));
#4575=FACE_OUTER_BOUND('',#4574,.T.);
#4576=DIRECTION('',(0.2439408314478421,0.7722835821195275,-0.5865756042840228));
#4577=DIRECTION('',(-0.9605791832384152,0.2755800031960192,-0.03665098317236831));
#4578=AXIS2_PLACEMENT_3D('',#384,#4576,#4577);
#4579=PLANE('',#4578);
#4580=FACE_SURFACE('',(#4575),#4579,.T.);
#4581=POLY_LOOP('',(#390,#391,#392));
#4582=FACE_OUTER_BOUND('',#4581,.T.);
#4583=DIRECTION('',(0.15005478602382466,0.8352292728932411,-0.529032723840002));
#4584=DIRECTION('',(-0.9858526314310462,0.16682524366529408,-0.016245835666317054));
#4585=AXIS2_PLACEMENT_3D('',#390,#4583,#4584);
#4586=PLANE('',#4585);
#4587=FACE_SURFACE('',(#4582),#4586,.T.);
#4588=POLY_LOOP('',(#390,#393,#391));
#4589=FACE_OUTER_BOUND('',#4588,.T.);
#4590=DIRECTION('',(0.14271798389644827,0.7846401230718576,-0.6033004677093442));
#4591=DIRECTION('',(-0.8770356623562909,-0.182256344198999,-0.44451217301045653));
#4592=AXIS2_PLACEMENT_3D('',#390,#4590,#4591);
#4593=PLANE('',#4592);
#4594=FACE_SURFACE('',(#4589),#4593,.T.);
#4595=POLY_LOOP('',(#389,#393,#390));
#4596=FACE_OUTER_BOUND('',#4595,.T.);
#4597=DIRECTION('',(0.14145343504188418,0.7862698755757611,-0.6014736972444671));
#4598=DIRECTION('',(-0.9861119897104665,0.16532977051687306,-0.015786409664731257));
#4599=AXIS2_PLACEMENT_3D('',#389,#4597,#4598);
#4600=PLANE('',#4599);
#4601=FACE_SURFACE('',(#4596),#4600,.T.);
#4602=POLY_LOOP('',(#389,#394,#393));
#4603=FACE_OUTER_BOUND('',#4602,.T.);
#4604=DIRECTION('',(0.13252788809675364,0.7260350168741123,-0.6747662655684722));
#4605=DIRECTION('',(0.0025910977620488217,-0.6810226056529456,-0.7322578076074439));
#4606=AXIS2_PLACEMENT_3D('',#389,#4604,#4605);
#4607=PLANE('',#4606);
#4608=FACE_SURFACE('',(#4603),#4607,.T.);
#4609=POLY_LOOP('',(#376,#394,#389));
#4610=FACE_OUTER_BOUND('',#4609,.T.);
#4611=DIRECTION('',(0.22776531627773236,0.7134153645727782,-0.6626925971311242));
#4612=DIRECTION('',(-0.9614355822758616,0.2725216459621592,-0.03706175408626195));
#4613=AXIS2_PLACEMENT_3D('',#376,#4611,#4612);
#4614=PLANE('',#4613);
#4615=FACE_SURFACE('',(#4610),#4614,.T.);
#4616=POLY_LOOP('',(#376,#395,#394));
#4617=FACE_OUTER_BOUND('',#4616,.T.);
#4618=DIRECTION('',(0.21210112847280416,0.6489031714301172,-0.7307104661960843));
#4619=DIRECTION('',(0.004803563728726192,-0.7484061037809964,-0.6632233632788072));
#4620=AXIS2_PLACEMENT_3D('',#376,#4618,#4619);
#4621=PLANE('',#4620);
#4622=FACE_SURFACE('',(#4617),#4621,.T.);
#4623=POLY_LOOP('',(#365,#395,#376));
#4624=FACE_OUTER_BOUND('',#4623,.T.);
#4625=DIRECTION('',(0.3076923116417231,0.6321603905321964,-0.7111249412014415));
#4626=DIRECTION('',(-0.9253600929163653,0.3727517705043315,-0.06902764680692762));
#4627=AXIS2_PLACEMENT_3D('',#365,#4625,#4626);
#4628=PLANE('',#4627);
#4629=FACE_SURFACE('',(#4624),#4628,.T.);
#4630=POLY_LOOP('',(#365,#396,#395));
#4631=FACE_OUTER_BOUND('',#4630,.T.);
#4632=DIRECTION('',(0.2853493191999528,0.56502007838151,-0.7741628233504084));
#4633=DIRECTION('',(0.007765319103470434,-0.8090824607957517,-0.5876438304380572));
#4634=AXIS2_PLACEMENT_3D('',#365,#4632,#4633);
#4635=PLANE('',#4634);
#4636=FACE_SURFACE('',(#4631),#4635,.T.);
#4637=POLY_LOOP('',(#367,#396,#365));
#4638=FACE_OUTER_BOUND('',#4637,.T.);
#4639=DIRECTION('',(0.3820034050399868,0.5454912266864539,-0.7459978017031711));
#4640=DIRECTION('',(-0.8794970506340225,0.4624944758545736,-0.11217752774089262));
#4641=AXIS2_PLACEMENT_3D('',#367,#4639,#4640);
#4642=PLANE('',#4641);
#4643=FACE_SURFACE('',(#4638),#4642,.T.);
#4644=POLY_LOOP('',(#367,#397,#396));
#4645=FACE_OUTER_BOUND('',#4644,.T.);
#4646=DIRECTION('',(0.35420154994493597,0.4787105004707703,-0.8033539187404453));
#4647=DIRECTION('',(0.011599302933788304,-0.8612295232006785,-0.5080838164505755));
#4648=AXIS2_PLACEMENT_3D('',#367,#4646,#4647);
#4649=PLANE('',#4648);
#4650=FACE_SURFACE('',(#4645),#4649,.T.);
#4651=POLY_LOOP('',(#369,#397,#367));
#4652=FACE_OUTER_BOUND('',#4651,.T.);
#4653=DIRECTION('',(0.42693329481644,0.46374113262550337,-0.7763196015098383));
#4654=DIRECTION('',(-0.8411831647945948,0.5187317598222619,-0.15273586552558244));
#4655=AXIS2_PLACEMENT_3D('',#369,#4653,#4654);
#4656=PLANE('',#4655);
#4657=FACE_SURFACE('',(#4652),#4656,.T.);
#4658=POLY_LOOP('',(#369,#398,#397));
#4659=FACE_OUTER_BOUND('',#4658,.T.);
#4660=DIRECTION('',(0.39556479201787326,0.39769526680161366,-0.8278689329111524));
#4661=DIRECTION('',(0.014475490939812275,-0.9039755136100446,-0.4273391287437972));
#4662=AXIS2_PLACEMENT_3D('',#369,#4660,#4661);
#4663=PLANE('',#4662);
#4664=FACE_SURFACE('',(#4659),#4663,.T.);
#4665=POLY_LOOP('',(#384,#376,#389));
#4666=FACE_OUTER_BOUND('',#4665,.T.);
#4667=DIRECTION('',(0.23038311525061603,0.7152931184456132,-0.6597570574929617));
#4668=DIRECTION('',(0.004020579665708628,-0.6786890300689701,-0.7344147570706843));
#4669=AXIS2_PLACEMENT_3D('',#384,#4667,#4668);
#4670=PLANE('',#4669);
#4671=FACE_SURFACE('',(#4666),#4670,.T.);
#4672=POLY_LOOP('',(#371,#398,#369));
#4673=FACE_OUTER_BOUND('',#4672,.T.);
#4674=DIRECTION('',(0.46030672226839264,0.3854282268444423,-0.7997267054350992));
#4675=DIRECTION('',(-0.8054361780011806,0.5601633406043671,-0.19362229987738075));
#4676=AXIS2_PLACEMENT_3D('',#371,#4674,#4675);
#4677=PLANE('',#4676);
#4678=FACE_SURFACE('',(#4673),#4677,.T.);
#4679=POLY_LOOP('',(#373,#399,#371));
#4680=FACE_OUTER_BOUND('',#4679,.T.);
#4681=DIRECTION('',(0.4952154370764195,0.31213134913309115,-0.8107624138855766));
#4682=DIRECTION('',(-0.7628556115993689,0.6027817869485731,-0.23389192627031408));
#4683=AXIS2_PLACEMENT_3D('',#373,#4681,#4682);
#4684=PLANE('',#4683);
#4685=FACE_SURFACE('',(#4680),#4684,.T.);
#4686=POLY_LOOP('',(#317,#323,#322));
#4687=FACE_OUTER_BOUND('',#4686,.T.);
#4688=DIRECTION('',(0.13620361234511139,0.9483666490536098,-0.2864424461335472));
#4689=DIRECTION('',(-0.36240670576850054,-0.2213988069913906,-0.9053418955713982));
#4690=AXIS2_PLACEMENT_3D('',#317,#4688,#4689);
#4691=PLANE('',#4690);
#4692=FACE_SURFACE('',(#4687),#4691,.T.);
#4693=POLY_LOOP('',(#319,#323,#317));
#4694=FACE_OUTER_BOUND('',#4693,.T.);
#4695=DIRECTION('',(0.1685158669940494,0.939800866954582,-0.2972822447484204));
#4696=DIRECTION('',(-0.9851357808136701,0.1707707584796785,-0.01856990600179937));
#4697=AXIS2_PLACEMENT_3D('',#319,#4695,#4696);
#4698=PLANE('',#4697);
#4699=FACE_SURFACE('',(#4694),#4698,.T.);
#4700=POLY_LOOP('',(#319,#400,#323));
#4701=FACE_OUTER_BOUND('',#4700,.T.);
#4702=DIRECTION('',(0.16705768113778927,0.9272863505413714,-0.33501008234459095));
#4703=DIRECTION('',(0.00035838008941922533,-0.33984212757770027,-0.9404824293346334));
#4704=AXIS2_PLACEMENT_3D('',#319,#4702,#4703);
#4705=PLANE('',#4704);
#4706=FACE_SURFACE('',(#4701),#4705,.T.);
#4707=POLY_LOOP('',(#375,#400,#319));
#4708=FACE_OUTER_BOUND('',#4707,.T.);
#4709=DIRECTION('',(0.278667403479075,0.9032617225102175,-0.32628628363157575));
#4710=DIRECTION('',(-0.9584419854812968,0.2831759244593284,-0.034646158131521505));
#4711=AXIS2_PLACEMENT_3D('',#375,#4709,#4710);
#4712=PLANE('',#4711);
#4713=FACE_SURFACE('',(#4708),#4712,.T.);
#4714=POLY_LOOP('',(#375,#401,#400));
#4715=FACE_OUTER_BOUND('',#4714,.T.);
#4716=DIRECTION('',(0.27365825017368506,0.8782476844233826,-0.3921634441362978));
#4717=DIRECTION('',(-0.8624051690743167,0.04351702746660052,-0.5043447161162395));
#4718=AXIS2_PLACEMENT_3D('',#375,#4716,#4717);
#4719=PLANE('',#4718);
#4720=FACE_SURFACE('',(#4715),#4719,.T.);
#4721=POLY_LOOP('',(#379,#401,#375));
#4722=FACE_OUTER_BOUND('',#4721,.T.);
#4723=DIRECTION('',(0.27277900160520835,0.8792283598110869,-0.3905753545568018));
#4724=DIRECTION('',(-0.9588163619800707,0.28183817419256413,-0.03519129959384885));
#4725=AXIS2_PLACEMENT_3D('',#379,#4723,#4724);
#4726=PLANE('',#4725);
#4727=FACE_SURFACE('',(#4722),#4726,.T.);
#4728=POLY_LOOP('',(#379,#392,#401));
#4729=FACE_OUTER_BOUND('',#4728,.T.);
#4730=DIRECTION('',(0.2669726707494647,0.8520138712549874,-0.45033094082239966));
#4731=DIRECTION('',(-0.8684919194036845,0.010187878755943913,-0.49559862091914475));
#4732=AXIS2_PLACEMENT_3D('',#379,#4730,#4731);
#4733=PLANE('',#4732);
#4734=FACE_SURFACE('',(#4729),#4733,.T.);
#4735=POLY_LOOP('',(#380,#392,#379));
#4736=FACE_OUTER_BOUND('',#4735,.T.);
#4737=DIRECTION('',(0.2659169762521931,0.8533330765286544,-0.4484538128314132));
#4738=DIRECTION('',(-0.9592873032756118,0.28016464916535144,-0.0357160906631695));
#4739=AXIS2_PLACEMENT_3D('',#380,#4737,#4738);
#4740=PLANE('',#4739);
#4741=FACE_SURFACE('',(#4736),#4740,.T.);
#4742=POLY_LOOP('',(#380,#390,#392));
#4743=FACE_OUTER_BOUND('',#4742,.T.);
#4744=DIRECTION('',(0.2576672574205618,0.816363651833633,-0.5168732653351502));
#4745=DIRECTION('',(-0.8745335968337429,-0.03041921879730739,-0.48400997834424636));
#4746=AXIS2_PLACEMENT_3D('',#380,#4744,#4745);
#4747=PLANE('',#4746);
#4748=FACE_SURFACE('',(#4743),#4747,.T.);
#4749=POLY_LOOP('',(#382,#390,#380));
#4750=FACE_OUTER_BOUND('',#4749,.T.);
#4751=DIRECTION('',(0.2564420868647217,0.8180782699583876,-0.5147673263780036));
#4752=DIRECTION('',(-0.9598675321559009,0.27810703818446153,-0.03620491714128046));
#4753=AXIS2_PLACEMENT_3D('',#382,#4751,#4752);
#4754=PLANE('',#4753);
#4755=FACE_SURFACE('',(#4750),#4754,.T.);
#4756=POLY_LOOP('',(#382,#389,#390));
#4757=FACE_OUTER_BOUND('',#4756,.T.);
#4758=DIRECTION('',(0.24533974149063537,0.7701166703229364,-0.5888367561014021));
#4759=DIRECTION('',(-0.8796693401343674,-0.07841850983095662,-0.46907610186776616));
#4760=AXIS2_PLACEMENT_3D('',#382,#4758,#4759);
#4761=PLANE('',#4760);
#4762=FACE_SURFACE('',(#4757),#4761,.T.);
#4763=POLY_LOOP('',(#371,#399,#398));
#4764=FACE_OUTER_BOUND('',#4763,.T.);
#4765=DIRECTION('',(0.42771722164739695,0.32321370727697296,-0.8441509804143489));
#4766=DIRECTION('',(0.01888568687002885,-0.93687718008263,-0.3491482210635856));
#4767=AXIS2_PLACEMENT_3D('',#371,#4765,#4766);
#4768=PLANE('',#4767);
#4769=FACE_SURFACE('',(#4764),#4768,.T.);
#4770=POLY_LOOP('',(#388,#370,#368));
#4771=FACE_OUTER_BOUND('',#4770,.T.);
#4772=DIRECTION('',(0.4946771800133489,0.4484547389286612,-0.7444345738253074));
#4773=DIRECTION('',(0.016087567112060067,-0.8611592500572333,-0.5080806394906999));
#4774=AXIS2_PLACEMENT_3D('',#388,#4772,#4773);
#4775=PLANE('',#4774);
#4776=FACE_SURFACE('',(#4771),#4775,.T.);
#4777=POLY_LOOP('',(#402,#370,#388));
#4778=FACE_OUTER_BOUND('',#4777,.T.);
#4779=DIRECTION('',(0.5628246375449796,0.42779594573011404,-0.7072616603416586));
#4780=DIRECTION('',(-0.7474292123353106,0.6287705340878701,-0.21446955031116208));
#4781=AXIS2_PLACEMENT_3D('',#402,#4779,#4780);
#4782=PLANE('',#4781);
#4783=FACE_SURFACE('',(#4778),#4782,.T.);
#4784=POLY_LOOP('',(#402,#372,#370));
#4785=FACE_OUTER_BOUND('',#4784,.T.);
#4786=DIRECTION('',(0.5306794096157587,0.3708709879448292,-0.7621247106023371));
#4787=DIRECTION('',(0.01942182482263104,-0.904270007672606,-0.4265191038445334));
#4788=AXIS2_PLACEMENT_3D('',#402,#4786,#4787);
#4789=PLANE('',#4788);
#4790=FACE_SURFACE('',(#4785),#4789,.T.);
#4791=POLY_LOOP('',(#116,#403,#115));
#4792=FACE_OUTER_BOUND('',#4791,.T.);
#4793=DIRECTION('',(0.5282191793772582,0.6800026029581937,-0.5085085628660518));
#4794=DIRECTION('',(-0.006010245059242567,0.6018530581484988,0.7985842305928834));
#4795=AXIS2_PLACEMENT_3D('',#116,#4793,#4794);
#4796=PLANE('',#4795);
#4797=FACE_SURFACE('',(#4792),#4796,.T.);
#4798=POLY_LOOP('',(#404,#405,#403));
#4799=FACE_OUTER_BOUND('',#4798,.T.);
#4800=DIRECTION('',(0.5423531276113547,0.7138839221206834,-0.44297046256807215));
#4801=DIRECTION('',(0.5274179492164454,-0.6997147746702348,-0.4819020034742556));
#4802=AXIS2_PLACEMENT_3D('',#404,#4800,#4801);
#4803=PLANE('',#4802);
#4804=FACE_SURFACE('',(#4799),#4803,.T.);
#4805=POLY_LOOP('',(#404,#406,#405));
#4806=FACE_OUTER_BOUND('',#4805,.T.);
#4807=DIRECTION('',(0.5429251992340483,0.713859382446504,-0.4423087271688917));
#4808=DIRECTION('',(0.8230788237271163,-0.5568590165966751,0.11157636652522175));
#4809=AXIS2_PLACEMENT_3D('',#404,#4807,#4808);
#4810=PLANE('',#4809);
#4811=FACE_SURFACE('',(#4806),#4810,.T.);
#4812=POLY_LOOP('',(#313,#406,#404));
#4813=FACE_OUTER_BOUND('',#4812,.T.);
#4814=DIRECTION('',(0.5559332476477548,0.749831751396618,-0.35873467738330045));
#4815=DIRECTION('',(0.0031871637153927062,-0.4334921921492744,-0.9011516860845725));
#4816=AXIS2_PLACEMENT_3D('',#313,#4814,#4815);
#4817=PLANE('',#4816);
#4818=FACE_SURFACE('',(#4813),#4817,.T.);
#4819=POLY_LOOP('',(#313,#407,#406));
#4820=FACE_OUTER_BOUND('',#4819,.T.);
#4821=DIRECTION('',(0.6162814953360739,0.710533202527003,-0.33961697044325295));
#4822=DIRECTION('',(0.4634947544363398,-0.6758956831243839,-0.5730075375977348));
#4823=AXIS2_PLACEMENT_3D('',#313,#4821,#4822);
#4824=PLANE('',#4823);
#4825=FACE_SURFACE('',(#4820),#4824,.T.);
#4826=POLY_LOOP('',(#408,#407,#313));
#4827=FACE_OUTER_BOUND('',#4826,.T.);
#4828=DIRECTION('',(0.6162857233784202,0.7105319027682927,-0.33961201732036317));
#4829=DIRECTION('',(0.003862271400361758,-0.43396275442977217,-0.9009225330889196));
#4830=AXIS2_PLACEMENT_3D('',#408,#4828,#4829);
#4831=PLANE('',#4830);
#4832=FACE_SURFACE('',(#4827),#4831,.T.);
#4833=POLY_LOOP('',(#408,#409,#407));
#4834=FACE_OUTER_BOUND('',#4833,.T.);
#4835=DIRECTION('',(0.6806425154386233,0.6611714969237742,-0.3155598482585498));
#4836=DIRECTION('',(0.3303018138994334,-0.6614130704239577,-0.6733746817389978));
#4837=AXIS2_PLACEMENT_3D('',#408,#4835,#4836);
#4838=PLANE('',#4837);
#4839=FACE_SURFACE('',(#4834),#4838,.T.);
#4840=POLY_LOOP('',(#410,#409,#408));
#4841=FACE_OUTER_BOUND('',#4840,.T.);
#4842=DIRECTION('',(0.6805622819647921,0.661214934803881,-0.31564187041514985));
#4843=DIRECTION('',(0.004172986566946023,-0.434289510075327,-0.9007636802300838));
#4844=AXIS2_PLACEMENT_3D('',#410,#4842,#4843);
#4845=PLANE('',#4844);
#4846=FACE_SURFACE('',(#4841),#4845,.T.);
#4847=POLY_LOOP('',(#410,#411,#409));
#4848=FACE_OUTER_BOUND('',#4847,.T.);
#4849=DIRECTION('',(0.7328836102702534,0.6141655656797363,-0.29271534249254705));
#4850=DIRECTION('',(0.31963110452537297,-0.6906169999362648,-0.6487558218767082));
#4851=AXIS2_PLACEMENT_3D('',#410,#4849,#4850);
#4852=PLANE('',#4851);
#4853=FACE_SURFACE('',(#4848),#4852,.T.);
#4854=POLY_LOOP('',(#412,#411,#410));
#4855=FACE_OUTER_BOUND('',#4854,.T.);
#4856=DIRECTION('',(0.7330836707391986,0.6140382934327593,-0.29248129152772634));
#4857=DIRECTION('',(0.004232690636313884,-0.4341424550040302,-0.9008342872543489));
#4858=AXIS2_PLACEMENT_3D('',#412,#4856,#4857);
#4859=PLANE('',#4858);
#4860=FACE_SURFACE('',(#4855),#4859,.T.);
#4861=POLY_LOOP('',(#412,#413,#411));
#4862=FACE_OUTER_BOUND('',#4861,.T.);
#4863=DIRECTION('',(0.7832166773426154,0.5615289978846891,-0.2669397326495445));
#4864=DIRECTION('',(0.3060478032341139,-0.7219088037137403,-0.6206306641281668));
#4865=AXIS2_PLACEMENT_3D('',#412,#4863,#4864);
#4866=PLANE('',#4865);
#4867=FACE_SURFACE('',(#4862),#4866,.T.);
#4868=POLY_LOOP('',(#414,#413,#412));
#4869=FACE_OUTER_BOUND('',#4868,.T.);
#4870=DIRECTION('',(0.7837136200795582,0.5611571971474231,-0.2662622049624058));
#4871=DIRECTION('',(0.0038888068028665418,-0.4331038248916627,-0.9013356500471187));
#4872=AXIS2_PLACEMENT_3D('',#414,#4870,#4871);
#4873=PLANE('',#4872);
#4874=FACE_SURFACE('',(#4869),#4873,.T.);
#4875=POLY_LOOP('',(#115,#403,#405));
#4876=FACE_OUTER_BOUND('',#4875,.T.);
#4877=DIRECTION('',(0.5290131124873718,0.6800349368802795,-0.5076392532484635));
#4878=DIRECTION('',(-0.515881547689728,0.7326804079081002,0.443898241290581));
#4879=AXIS2_PLACEMENT_3D('',#115,#4877,#4878);
#4880=PLANE('',#4879);
#4881=FACE_SURFACE('',(#4876),#4880,.T.);
#4882=POLY_LOOP('',(#414,#415,#413));
#4883=FACE_OUTER_BOUND('',#4882,.T.);
#4884=DIRECTION('',(0.828955866960947,0.5055212982523014,-0.2393332146701174));
#4885=DIRECTION('',(0.28965866332325685,-0.7540648747079712,-0.5894777548758187));
#4886=AXIS2_PLACEMENT_3D('',#414,#4884,#4885);
#4887=PLANE('',#4886);
#4888=FACE_SURFACE('',(#4883),#4887,.T.);
#4889=POLY_LOOP('',(#416,#417,#415));
#4890=FACE_OUTER_BOUND('',#4889,.T.);
#4891=DIRECTION('',(0.8684589125139123,0.4485288077203389,-0.21118954974175244));
#4892=DIRECTION('',(0.270696770573511,-0.7859024517720695,-0.5559501728569944));
#4893=AXIS2_PLACEMENT_3D('',#416,#4891,#4892);
#4894=PLANE('',#4893);
#4895=FACE_SURFACE('',(#4890),#4894,.T.);
#4896=POLY_LOOP('',(#418,#417,#416));
#4897=FACE_OUTER_BOUND('',#4896,.T.);
#4898=DIRECTION('',(0.8691657239648629,0.44780249282080536,-0.20981866386980086));
#4899=DIRECTION('',(0.0013021607534391836,-0.42635770664835987,-0.9045537078354846));
#4900=AXIS2_PLACEMENT_3D('',#418,#4898,#4899);
#4901=PLANE('',#4900);
#4902=FACE_SURFACE('',(#4897),#4901,.T.);
#4903=POLY_LOOP('',(#406,#419,#405));
#4904=FACE_OUTER_BOUND('',#4903,.T.);
#4905=DIRECTION('',(0.603847171997385,0.6778232028183203,-0.41943330648849836));
#4906=DIRECTION('',(0.6126495420149157,-0.7312925132793952,-0.2997862550058284));
#4907=AXIS2_PLACEMENT_3D('',#406,#4905,#4906);
#4908=PLANE('',#4907);
#4909=FACE_SURFACE('',(#4904),#4908,.T.);
#4910=POLY_LOOP('',(#407,#419,#406));
#4911=FACE_OUTER_BOUND('',#4910,.T.);
#4912=DIRECTION('',(0.6040142435061755,0.6778480520943869,-0.41915249243384906));
#4913=DIRECTION('',(0.006368585255722012,-0.53001867315719,-0.8479620552987807));
#4914=AXIS2_PLACEMENT_3D('',#407,#4912,#4913);
#4915=PLANE('',#4914);
#4916=FACE_SURFACE('',(#4911),#4915,.T.);
#4917=POLY_LOOP('',(#407,#420,#419));
#4918=FACE_OUTER_BOUND('',#4917,.T.);
#4919=DIRECTION('',(0.6689822595242252,0.6325325026592852,-0.39034006906983526));
#4920=DIRECTION('',(0.4860117861015837,-0.7695926424681812,-0.41414937936593704));
#4921=AXIS2_PLACEMENT_3D('',#407,#4919,#4920);
#4922=PLANE('',#4921);
#4923=FACE_SURFACE('',(#4918),#4922,.T.);
#4924=POLY_LOOP('',(#409,#420,#407));
#4925=FACE_OUTER_BOUND('',#4924,.T.);
#4926=DIRECTION('',(0.669088295128737,0.6325160197269692,-0.3901850049790134));
#4927=DIRECTION('',(0.006881374256960995,-0.5302690615158754,-0.847801491557669));
#4928=AXIS2_PLACEMENT_3D('',#409,#4926,#4927);
#4929=PLANE('',#4928);
#4930=FACE_SURFACE('',(#4925),#4929,.T.);
#4931=POLY_LOOP('',(#409,#421,#420));
#4932=FACE_OUTER_BOUND('',#4931,.T.);
#4933=DIRECTION('',(0.7217457729761564,0.5894453409093902,-0.362818452219927));
#4934=DIRECTION('',(0.46083282729860453,-0.80033721937234,-0.38352762686842434));
#4935=AXIS2_PLACEMENT_3D('',#409,#4933,#4934);
#4936=PLANE('',#4935);
#4937=FACE_SURFACE('',(#4932),#4936,.T.);
#4938=POLY_LOOP('',(#411,#421,#409));
#4939=FACE_OUTER_BOUND('',#4938,.T.);
#4940=DIRECTION('',(0.7220036074240487,0.5893905253329879,-0.3623942597701636));
#4941=DIRECTION('',(0.006980898705016395,-0.5299538167530936,-0.8479977707294394));
#4942=AXIS2_PLACEMENT_3D('',#411,#4940,#4941);
#4943=PLANE('',#4942);
#4944=FACE_SURFACE('',(#4939),#4943,.T.);
#4945=POLY_LOOP('',(#411,#422,#421));
#4946=FACE_OUTER_BOUND('',#4945,.T.);
#4947=DIRECTION('',(0.7728297623499643,0.5410036719971008,-0.33173662039598706));
#4948=DIRECTION('',(0.43093916346908046,-0.8311192647300073,-0.35147148559054003));
#4949=AXIS2_PLACEMENT_3D('',#411,#4947,#4948);
#4950=PLANE('',#4949);
#4951=FACE_SURFACE('',(#4946),#4950,.T.);
#4952=POLY_LOOP('',(#413,#422,#411));
#4953=FACE_OUTER_BOUND('',#4952,.T.);
#4954=DIRECTION('',(0.7732702390138776,0.5408816757310162,-0.3309080692788084));
#4955=DIRECTION('',(0.006414001286747891,-0.5285196175499495,-0.8488968573698155));
#4956=AXIS2_PLACEMENT_3D('',#413,#4954,#4955);
#4957=PLANE('',#4956);
#4958=FACE_SURFACE('',(#4953),#4957,.T.);
#4959=POLY_LOOP('',(#413,#423,#422));
#4960=FACE_OUTER_BOUND('',#4959,.T.);
#4961=DIRECTION('',(0.8196619957158798,0.48905663842021835,-0.29829149702292385));
#4962=DIRECTION('',(0.39734085067594965,-0.860468863887331,-0.31892566949770357));
#4963=AXIS2_PLACEMENT_3D('',#413,#4961,#4962);
#4964=PLANE('',#4963);
#4965=FACE_SURFACE('',(#4960),#4964,.T.);
#4966=POLY_LOOP('',(#415,#423,#413));
#4967=FACE_OUTER_BOUND('',#4966,.T.);
#4968=DIRECTION('',(0.8201927770195013,0.4888722013409034,-0.29713259545384424));
#4969=DIRECTION('',(0.00490406293118778,-0.5253724605164327,-0.8508582301991774));
#4970=AXIS2_PLACEMENT_3D('',#415,#4968,#4969);
#4971=PLANE('',#4970);
#4972=FACE_SURFACE('',(#4967),#4971,.T.);
#4973=POLY_LOOP('',(#416,#415,#414));
#4974=FACE_OUTER_BOUND('',#4973,.T.);
#4975=DIRECTION('',(0.8296395409819438,0.5049208680582047,-0.23822919434573672));
#4976=DIRECTION('',(0.002972417371825443,-0.4306937688821041,-0.9024932366400849));
#4977=AXIS2_PLACEMENT_3D('',#416,#4975,#4976);
#4978=PLANE('',#4977);
#4979=FACE_SURFACE('',(#4974),#4978,.T.);
#4980=POLY_LOOP('',(#115,#405,#124));
#4981=FACE_OUTER_BOUND('',#4980,.T.);
#4982=DIRECTION('',(0.5907798950653073,0.6469139791024653,-0.4821632703021247));
#4983=DIRECTION('',(-0.006857905514132263,0.6016046348859216,0.7987645663246061));
#4984=AXIS2_PLACEMENT_3D('',#115,#4982,#4983);
#4985=PLANE('',#4984);
#4986=FACE_SURFACE('',(#4981),#4985,.T.);
#4987=POLY_LOOP('',(#124,#405,#419));
#4988=FACE_OUTER_BOUND('',#4987,.T.);
#4989=DIRECTION('',(0.591117743837237,0.6469958037504838,-0.4816391209713349));
#4990=DIRECTION('',(-0.60185461852178,0.751347905719129,0.2706424629201435));
#4991=AXIS2_PLACEMENT_3D('',#124,#4989,#4990);
#4992=PLANE('',#4991);
#4993=FACE_SURFACE('',(#4988),#4992,.T.);
#4994=POLY_LOOP('',(#124,#419,#129));
#4995=FACE_OUTER_BOUND('',#4994,.T.);
#4996=DIRECTION('',(0.6567093032992234,0.6054462891283262,-0.44963060609903743));
#4997=DIRECTION('',(-0.008312612089377803,0.6019884879852876,0.7984614961370642));
#4998=AXIS2_PLACEMENT_3D('',#124,#4996,#4997);
#4999=PLANE('',#4998);
#5000=FACE_SURFACE('',(#4995),#4999,.T.);
#5001=POLY_LOOP('',(#424,#372,#402));
#5002=FACE_OUTER_BOUND('',#5001,.T.);
#5003=DIRECTION('',(0.5858241125467183,0.35599097206374025,-0.7280662998436085));
#5004=DIRECTION('',(-0.7061442951695311,0.6650653435868805,-0.24299860731944656));
#5005=AXIS2_PLACEMENT_3D('',#424,#5003,#5004);
#5006=PLANE('',#5005);
#5007=FACE_SURFACE('',(#5002),#5006,.T.);
#5008=POLY_LOOP('',(#424,#374,#372));
#5009=FACE_OUTER_BOUND('',#5008,.T.);
#5010=DIRECTION('',(0.5519834193636012,0.30210633156406275,-0.7772040074372825));
#5011=DIRECTION('',(0.02264348118601153,-0.9371481271340433,-0.3481962960298885));
#5012=AXIS2_PLACEMENT_3D('',#424,#5010,#5011);
#5013=PLANE('',#5012);
#5014=FACE_SURFACE('',(#5009),#5013,.T.);
#5015=POLY_LOOP('',(#425,#374,#424));
#5016=FACE_OUTER_BOUND('',#5015,.T.);
#5017=DIRECTION('',(0.6083255517996645,0.28930377696058246,-0.7390827745685696));
#5018=DIRECTION('',(-0.6618511977041337,0.6988592012389694,-0.2711988365410759));
#5019=AXIS2_PLACEMENT_3D('',#425,#5017,#5018);
#5020=PLANE('',#5019);
#5021=FACE_SURFACE('',(#5016),#5020,.T.);
#5022=POLY_LOOP('',(#426,#312,#427));
#5023=FACE_OUTER_BOUND('',#5022,.T.);
#5024=DIRECTION('',(0.49432427260715267,0.8186467462570709,-0.29233716553685196));
#5025=DIRECTION('',(0.0010301332132257154,-0.3368504227139703,-0.9415576092534023));
#5026=AXIS2_PLACEMENT_3D('',#426,#5024,#5025);
#5027=PLANE('',#5026);
#5028=FACE_SURFACE('',(#5023),#5027,.T.);
#5029=POLY_LOOP('',(#426,#313,#312));
#5030=FACE_OUTER_BOUND('',#5029,.T.);
#5031=DIRECTION('',(0.565630275644187,0.7766604062046716,-0.2772381732530268));
#5032=DIRECTION('',(0.3497385605695327,-0.5303764162914925,-0.7722588920126104));
#5033=AXIS2_PLACEMENT_3D('',#426,#5031,#5032);
#5034=PLANE('',#5033);
#5035=FACE_SURFACE('',(#5030),#5034,.T.);
#5036=POLY_LOOP('',(#428,#313,#426));
#5037=FACE_OUTER_BOUND('',#5036,.T.);
#5038=DIRECTION('',(0.5657733654791468,0.7765952722574463,-0.27712863803977883));
#5039=DIRECTION('',(0.0011760003051858978,-0.33685206069101,-0.9415568523628842));
#5040=AXIS2_PLACEMENT_3D('',#428,#5038,#5039);
#5041=PLANE('',#5040);
#5042=FACE_SURFACE('',(#5037),#5041,.T.);
#5043=POLY_LOOP('',(#428,#408,#313));
#5044=FACE_OUTER_BOUND('',#5043,.T.);
#5045=DIRECTION('',(0.6249739768761666,0.7352699579874643,-0.2622701224095137));
#5046=DIRECTION('',(0.47048594535351757,-0.622863365055045,-0.6250473611632262));
#5047=AXIS2_PLACEMENT_3D('',#428,#5045,#5046);
#5048=PLANE('',#5047);
#5049=FACE_SURFACE('',(#5044),#5048,.T.);
#5050=POLY_LOOP('',(#429,#408,#428));
#5051=FACE_OUTER_BOUND('',#5050,.T.);
#5052=DIRECTION('',(0.6246914609061431,0.7353910559901043,-0.2626034528347027));
#5053=DIRECTION('',(0.0014236030717490016,-0.3373672521193463,-0.9413720362065869));
#5054=AXIS2_PLACEMENT_3D('',#429,#5052,#5053);
#5055=PLANE('',#5054);
#5056=FACE_SURFACE('',(#5051),#5055,.T.);
#5057=POLY_LOOP('',(#429,#410,#408));
#5058=FACE_OUTER_BOUND('',#5057,.T.);
#5059=DIRECTION('',(0.6887730945000189,0.6828039275891322,-0.2436604620403631));
#5060=DIRECTION('',(0.33400559799152946,-0.5971668608836247,-0.7292681268043453));
#5061=AXIS2_PLACEMENT_3D('',#429,#5059,#5060);
#5062=PLANE('',#5061);
#5063=FACE_SURFACE('',(#5058),#5062,.T.);
#5064=POLY_LOOP('',(#430,#410,#429));
#5065=FACE_OUTER_BOUND('',#5064,.T.);
#5066=DIRECTION('',(0.6884745204421706,0.6829991185348204,-0.24395704290424045));
#5067=DIRECTION('',(0.0015404453418515747,-0.3377479414155308,-0.9412353345990151));
#5068=AXIS2_PLACEMENT_3D('',#430,#5066,#5067);
#5069=PLANE('',#5068);
#5070=FACE_SURFACE('',(#5065),#5069,.T.);
#5071=POLY_LOOP('',(#430,#412,#410));
#5072=FACE_OUTER_BOUND('',#5071,.T.);
#5073=DIRECTION('',(0.7408277537469942,0.6326083925750066,-0.22578941720516751));
#5074=DIRECTION('',(0.3235384208301002,-0.6306570745698603,-0.7054038166481316));
#5075=AXIS2_PLACEMENT_3D('',#430,#5073,#5074);
#5076=PLANE('',#5075);
#5077=FACE_SURFACE('',(#5072),#5076,.T.);
#5078=POLY_LOOP('',(#431,#412,#430));
#5079=FACE_OUTER_BOUND('',#5078,.T.);
#5080=DIRECTION('',(0.7407345706139871,0.6326795394244809,-0.22589576421646093));
#5081=DIRECTION('',(0.0015631206290693581,-0.337877834815117,-0.9411886768308189));
#5082=AXIS2_PLACEMENT_3D('',#431,#5080,#5081);
#5083=PLANE('',#5082);
#5084=FACE_SURFACE('',(#5079),#5083,.T.);
#5085=POLY_LOOP('',(#431,#414,#412));
#5086=FACE_OUTER_BOUND('',#5085,.T.);
#5087=DIRECTION('',(0.7907816211461555,0.5765172415752815,-0.20565091252869977));
#5088=DIRECTION('',(0.31022198477819535,-0.667114448754482,-0.6772891793194993));
#5089=AXIS2_PLACEMENT_3D('',#431,#5087,#5088);
#5090=PLANE('',#5089);
#5091=FACE_SURFACE('',(#5086),#5090,.T.);
#5092=POLY_LOOP('',(#432,#414,#431));
#5093=FACE_OUTER_BOUND('',#5092,.T.);
#5094=DIRECTION('',(0.7909625574790058,0.5763553880947831,-0.20540861539960356));
#5095=DIRECTION('',(0.0014393953311900702,-0.33746109469990054,-0.9413383757741024));
#5096=AXIS2_PLACEMENT_3D('',#432,#5094,#5095);
#5097=PLANE('',#5096);
#5098=FACE_SURFACE('',(#5093),#5097,.T.);
#5099=POLY_LOOP('',(#432,#416,#414));
#5100=FACE_OUTER_BOUND('',#5099,.T.);
#5101=DIRECTION('',(0.8358313375156474,0.5171871789810328,-0.18412875148776958));
#5102=DIRECTION('',(0.2941255503914465,-0.7050671609063344,-0.6452677422732441));
#5103=AXIS2_PLACEMENT_3D('',#432,#5101,#5102);
#5104=PLANE('',#5103);
#5105=FACE_SURFACE('',(#5100),#5104,.T.);
#5106=POLY_LOOP('',(#433,#416,#432));
#5107=FACE_OUTER_BOUND('',#5106,.T.);
#5108=DIRECTION('',(0.8362310676937776,0.5167682776702306,-0.1834888242304373));
#5109=DIRECTION('',(0.0011088366168440346,-0.33619601778262137,-0.9417913824772791));
#5110=AXIS2_PLACEMENT_3D('',#433,#5108,#5109);
#5111=PLANE('',#5110);
#5112=FACE_SURFACE('',(#5107),#5111,.T.);
#5113=POLY_LOOP('',(#433,#418,#416));
#5114=FACE_OUTER_BOUND('',#5113,.T.);
#5115=DIRECTION('',(0.8743745828063041,0.4573310737853979,-0.16222631689277908));
#5116=DIRECTION('',(0.2754753651388872,-0.743038138485967,-0.6099242969065143));
#5117=AXIS2_PLACEMENT_3D('',#433,#5115,#5116);
#5118=PLANE('',#5117);
#5119=FACE_SURFACE('',(#5114),#5118,.T.);
#5120=POLY_LOOP('',(#434,#418,#433));
#5121=FACE_OUTER_BOUND('',#5120,.T.);
#5122=DIRECTION('',(0.8748915321182303,0.45669749577769375,-0.16122097995670143));
#5123=DIRECTION('',(0.0005017012911245515,-0.3337362863970405,-0.9426663457648878));
#5124=AXIS2_PLACEMENT_3D('',#434,#5122,#5123);
#5125=PLANE('',#5124);
#5126=FACE_SURFACE('',(#5121),#5125,.T.);
#5127=POLY_LOOP('',(#134,#423,#435));
#5128=FACE_OUTER_BOUND('',#5127,.T.);
#5129=DIRECTION('',(0.8525928625090979,0.42297634545759316,-0.30688177199351707));
#5130=DIRECTION('',(-0.3541403129801258,0.8995007147178716,0.25589666458235927));
#5131=AXIS2_PLACEMENT_3D('',#134,#5129,#5130);
#5132=PLANE('',#5131);
#5133=FACE_SURFACE('',(#5128),#5132,.T.);
#5134=POLY_LOOP('',(#133,#423,#134));
#5135=FACE_OUTER_BOUND('',#5134,.T.);
#5136=DIRECTION('',(0.8521373509577775,0.42310567244556413,-0.30796675964631043));
#5137=DIRECTION('',(-0.006413393668094444,0.5968876894947547,0.8022991677119398));
#5138=AXIS2_PLACEMENT_3D('',#133,#5136,#5137);
#5139=PLANE('',#5138);
#5140=FACE_SURFACE('',(#5135),#5139,.T.);
#5141=POLY_LOOP('',(#133,#422,#423));
#5142=FACE_OUTER_BOUND('',#5141,.T.);
#5143=DIRECTION('',(0.8104219036686232,0.4731179590306711,-0.3455079375307853));
#5144=DIRECTION('',(-0.38934353091530344,0.875632397143538,0.2857962911009615));
#5145=AXIS2_PLACEMENT_3D('',#133,#5143,#5144);
#5146=PLANE('',#5145);
#5147=FACE_SURFACE('',(#5142),#5146,.T.);
#5148=POLY_LOOP('',(#136,#422,#133));
#5149=FACE_OUTER_BOUND('',#5148,.T.);
#5150=DIRECTION('',(0.8098229798760177,0.47325019165073823,-0.3467289970095762));
#5151=DIRECTION('',(-0.008376681979292963,0.6002747540466113,0.7997499927185359));
#5152=AXIS2_PLACEMENT_3D('',#136,#5150,#5151);
#5153=PLANE('',#5152);
#5154=FACE_SURFACE('',(#5149),#5153,.T.);
#5155=POLY_LOOP('',(#136,#421,#422));
#5156=FACE_OUTER_BOUND('',#5155,.T.);
#5157=DIRECTION('',(0.7623934342496501,0.5213560176057968,-0.3833329549089782));
#5158=DIRECTION('',(-0.4219513990657806,0.8496337578091228,0.3163534327576981));
#5159=AXIS2_PLACEMENT_3D('',#136,#5157,#5158);
#5160=PLANE('',#5159);
#5161=FACE_SURFACE('',(#5156),#5160,.T.);
#5162=POLY_LOOP('',(#132,#421,#136));
#5163=FACE_OUTER_BOUND('',#5162,.T.);
#5164=DIRECTION('',(0.7618490278023275,0.5214437670128607,-0.38429475234523514));
#5165=DIRECTION('',(-0.009109670642347314,0.6018384122199131,0.7985659268196971));
#5166=AXIS2_PLACEMENT_3D('',#132,#5164,#5165);
#5167=PLANE('',#5166);
#5168=FACE_SURFACE('',(#5163),#5167,.T.);
#5169=POLY_LOOP('',(#132,#420,#421));
#5170=FACE_OUTER_BOUND('',#5169,.T.);
#5171=DIRECTION('',(0.7103562710824134,0.5659589211552649,-0.4184309592975374));
#5172=DIRECTION('',(-0.45095640137288007,0.8224146500839831,0.3468032113289343));
#5173=AXIS2_PLACEMENT_3D('',#132,#5171,#5172);
#5174=PLANE('',#5173);
#5175=FACE_SURFACE('',(#5170),#5174,.T.);
#5176=POLY_LOOP('',(#129,#420,#132));
#5177=FACE_OUTER_BOUND('',#5176,.T.);
#5178=DIRECTION('',(0.7099860290554509,0.5659982748274013,-0.4190057176680027));
#5179=DIRECTION('',(-0.008980174389600235,0.6022246053970883,0.7982761935083957));
#5180=AXIS2_PLACEMENT_3D('',#129,#5178,#5179);
#5181=PLANE('',#5180);
#5182=FACE_SURFACE('',(#5177),#5181,.T.);
#5183=POLY_LOOP('',(#129,#419,#420));
#5184=FACE_OUTER_BOUND('',#5183,.T.);
#5185=DIRECTION('',(0.6569091339670403,0.6054348552153715,-0.4493540094413481));
#5186=DIRECTION('',(-0.47543378237537975,0.7951856269129862,0.37635427103626873));
#5187=AXIS2_PLACEMENT_3D('',#129,#5185,#5186);
#5188=PLANE('',#5187);
#5189=FACE_SURFACE('',(#5184),#5188,.T.);
#5190=POLY_LOOP('',(#392,#391,#436));
#5191=FACE_OUTER_BOUND('',#5190,.T.);
#5192=DIRECTION('',(0.15117040207495477,0.8339281786342375,-0.5307648277874863));
#5193=DIRECTION('',(-0.876187013549346,-0.13554551041565402,-0.4625188989583433));
#5194=AXIS2_PLACEMENT_3D('',#392,#5192,#5193);
#5195=PLANE('',#5194);
#5196=FACE_SURFACE('',(#5191),#5195,.T.);
#5197=POLY_LOOP('',(#415,#435,#423));
#5198=FACE_OUTER_BOUND('',#5197,.T.);
#5199=DIRECTION('',(0.8605280339077994,0.43563731422622576,-0.2640296068863067));
#5200=DIRECTION('',(0.361184049786721,-0.8872899029804324,-0.2868147664410574));
#5201=AXIS2_PLACEMENT_3D('',#415,#5199,#5200);
#5202=PLANE('',#5201);
#5203=FACE_SURFACE('',(#5198),#5202,.T.);
#5204=POLY_LOOP('',(#392,#436,#401));
#5205=FACE_OUTER_BOUND('',#5204,.T.);
#5206=DIRECTION('',(0.15668057521029638,0.8731205711957513,-0.4616401905235026));
#5207=DIRECTION('',(-0.9856387934620298,0.16803890469621618,-0.016706146509901848));
#5208=AXIS2_PLACEMENT_3D('',#392,#5206,#5207);
#5209=PLANE('',#5208);
#5210=FACE_SURFACE('',(#5205),#5209,.T.);
#5211=POLY_LOOP('',(#401,#437,#400));
#5212=FACE_OUTER_BOUND('',#5211,.T.);
#5213=DIRECTION('',(0.16153874522394435,0.901073228516179,-0.4024577874049691));
#5214=DIRECTION('',(-0.9854669042806621,0.16899698724018436,-0.017175531177502215));
#5215=AXIS2_PLACEMENT_3D('',#401,#5213,#5214);
#5216=PLANE('',#5215);
#5217=FACE_SURFACE('',(#5212),#5216,.T.);
#5218=POLY_LOOP('',(#144,#399,#146));
#5219=FACE_OUTER_BOUND('',#5218,.T.);
#5220=DIRECTION('',(0.39416361727091365,0.2618839593835224,-0.8809380424510673));
#5221=DIRECTION('',(0.8123481100320653,-0.5475493859257167,0.20069932261894205));
#5222=AXIS2_PLACEMENT_3D('',#144,#5220,#5221);
#5223=PLANE('',#5222);
#5224=FACE_SURFACE('',(#5219),#5223,.T.);
#5225=POLY_LOOP('',(#144,#398,#399));
#5226=FACE_OUTER_BOUND('',#5225,.T.);
#5227=DIRECTION('',(0.42613065502638015,0.32238436637138423,-0.8452697706449164));
#5228=DIRECTION('',(-0.015503462091077336,0.9368142709005856,0.3494834252152666));
#5229=AXIS2_PLACEMENT_3D('',#144,#5227,#5228);
#5230=PLANE('',#5229);
#5231=FACE_SURFACE('',(#5226),#5230,.T.);
#5232=POLY_LOOP('',(#142,#398,#144));
#5233=FACE_OUTER_BOUND('',#5232,.T.);
#5234=DIRECTION('',(0.36192330611618495,0.33108224603181424,-0.8714333404526473));
#5235=DIRECTION('',(0.8464066399719339,-0.5084479947977859,0.15835541164586553));
#5236=AXIS2_PLACEMENT_3D('',#142,#5234,#5235);
#5237=PLANE('',#5236);
#5238=FACE_SURFACE('',(#5233),#5237,.T.);
#5239=POLY_LOOP('',(#142,#397,#398));
#5240=FACE_OUTER_BOUND('',#5239,.T.);
#5241=DIRECTION('',(0.39363732436764276,0.3970639990977131,-0.829089764431581));
#5242=DIRECTION('',(-0.012678471155992523,0.9041634700679301,0.4269984493693931));
#5243=AXIS2_PLACEMENT_3D('',#142,#5241,#5242);
#5244=PLANE('',#5243);
#5245=FACE_SURFACE('',(#5240),#5244,.T.);
#5246=POLY_LOOP('',(#138,#397,#142));
#5247=FACE_OUTER_BOUND('',#5246,.T.);
#5248=DIRECTION('',(0.32221372688447847,0.4079483093204377,-0.8542578598583752));
#5249=DIRECTION('',(0.883205681381131,-0.45437620316301264,0.11614641783221985));
#5250=AXIS2_PLACEMENT_3D('',#138,#5248,#5249);
#5251=PLANE('',#5250);
#5252=FACE_SURFACE('',(#5247),#5251,.T.);
#5253=POLY_LOOP('',(#138,#396,#397));
#5254=FACE_OUTER_BOUND('',#5253,.T.);
#5255=DIRECTION('',(0.351225297909867,0.47671604143461227,-0.805842792328031));
#5256=DIRECTION('',(-0.008703590100989885,0.8623007573796405,0.5063216876076438));
#5257=AXIS2_PLACEMENT_3D('',#138,#5255,#5256);
#5258=PLANE('',#5257);
#5259=FACE_SURFACE('',(#5254),#5258,.T.);
#5260=POLY_LOOP('',(#140,#396,#138));
#5261=FACE_OUTER_BOUND('',#5260,.T.);
#5262=DIRECTION('',(0.25792564883294034,0.4911432927631761,-0.8320172027355276));
#5263=DIRECTION('',(0.927528873512654,-0.3669622024509964,0.07091495450651507));
#5264=AXIS2_PLACEMENT_3D('',#140,#5262,#5263);
#5265=PLANE('',#5264);
#5266=FACE_SURFACE('',(#5261),#5265,.T.);
#5267=POLY_LOOP('',(#140,#395,#396));
#5268=FACE_OUTER_BOUND('',#5267,.T.);
#5269=DIRECTION('',(0.2820089968432793,0.5626236023761003,-0.7771265069142778));
#5270=DIRECTION('',(-0.005542328692531404,0.8109449429813431,0.5850962160582226));
#5271=AXIS2_PLACEMENT_3D('',#140,#5269,#5270);
#5272=PLANE('',#5271);
#5273=FACE_SURFACE('',(#5268),#5272,.T.);
#5274=POLY_LOOP('',(#361,#395,#140));
#5275=FACE_OUTER_BOUND('',#5274,.T.);
#5276=DIRECTION('',(0.1915876958944877,0.5751272063153176,-0.7953130524125576));
#5277=DIRECTION('',(0.96244839232827,-0.2688739862172626,0.03741485855068548));
#5278=AXIS2_PLACEMENT_3D('',#361,#5276,#5277);
#5279=PLANE('',#5278);
#5280=FACE_SURFACE('',(#5275),#5279,.T.);
#5281=POLY_LOOP('',(#361,#394,#395));
#5282=FACE_OUTER_BOUND('',#5281,.T.);
#5283=DIRECTION('',(0.2091606692179695,0.6466216711057712,-0.7335749647504821));
#5284=DIRECTION('',(-0.003093325577771412,0.7506014602004145,0.660747969563188));
#5285=AXIS2_PLACEMENT_3D('',#361,#5283,#5284);
#5286=PLANE('',#5285);
#5287=FACE_SURFACE('',(#5282),#5286,.T.);
#5288=POLY_LOOP('',(#363,#394,#361));
#5289=FACE_OUTER_BOUND('',#5288,.T.);
#5290=DIRECTION('',(0.12034256697076702,0.6562284465770221,-0.744903948491344));
#5291=DIRECTION('',(0.9864248102432149,-0.16349664207947814,0.015327810194951075));
#5292=AXIS2_PLACEMENT_3D('',#363,#5290,#5291);
#5293=PLANE('',#5292);
#5294=FACE_SURFACE('',(#5289),#5293,.T.);
#5295=POLY_LOOP('',(#363,#393,#394));
#5296=FACE_OUTER_BOUND('',#5295,.T.);
#5297=DIRECTION('',(0.13058499769141207,0.7243995601939617,-0.6768994279571589));
#5298=DIRECTION('',(-0.0012685728749129777,0.6828672234935373,0.7305414059456783));
#5299=AXIS2_PLACEMENT_3D('',#363,#5297,#5298);
#5300=PLANE('',#5299);
#5301=FACE_SURFACE('',(#5296),#5300,.T.);
#5302=POLY_LOOP('',(#146,#399,#373));
#5303=FACE_OUTER_BOUND('',#5302,.T.);
#5304=DIRECTION('',(0.4615407506706411,0.25433626562041406,-0.8498783439179066));
#5305=DIRECTION('',(-0.019926655553054208,0.9607512258606408,0.2766947964919944));
#5306=AXIS2_PLACEMENT_3D('',#146,#5304,#5305);
#5307=PLANE('',#5306);
#5308=FACE_SURFACE('',(#5303),#5307,.T.);
#5309=POLY_LOOP('',(#90,#393,#363));
#5310=FACE_OUTER_BOUND('',#5309,.T.);
#5311=DIRECTION('',(0.04218172417243717,0.7299283181475436,-0.6822208971529228));
#5312=DIRECTION('',(0.9985013041079003,-0.054629059161739435,0.003288098223242068));
#5313=AXIS2_PLACEMENT_3D('',#90,#5311,#5312);
#5314=PLANE('',#5313);
#5315=FACE_SURFACE('',(#5310),#5314,.T.);
#5316=POLY_LOOP('',(#91,#391,#90));
#5317=FACE_OUTER_BOUND('',#5316,.T.);
#5318=DIRECTION('',(0.04591770288270182,0.7912432331057292,-0.609775131197041));
#5319=DIRECTION('',(0.9984732541644141,-0.05511524177104436,0.0036702646831914144));
#5320=AXIS2_PLACEMENT_3D('',#91,#5318,#5319);
#5321=PLANE('',#5320);
#5322=FACE_SURFACE('',(#5317),#5321,.T.);
#5323=POLY_LOOP('',(#91,#436,#391));
#5324=FACE_OUTER_BOUND('',#5323,.T.);
#5325=DIRECTION('',(0.04848205726437877,0.842587368600854,-0.5363730198264094));
#5326=DIRECTION('',(0.8656991390685468,0.23240924571110003,0.44334066261056454));
#5327=AXIS2_PLACEMENT_3D('',#91,#5325,#5326);
#5328=PLANE('',#5327);
#5329=FACE_SURFACE('',(#5324),#5328,.T.);
#5330=POLY_LOOP('',(#99,#436,#91));
#5331=FACE_OUTER_BOUND('',#5330,.T.);
#5332=DIRECTION('',(0.048983360329341155,0.84209807140671,-0.537095399853644));
#5333=DIRECTION('',(0.9984508534901099,-0.0554929193022968,0.004053279188474079));
#5334=AXIS2_PLACEMENT_3D('',#99,#5332,#5333);
#5335=PLANE('',#5334);
#5336=FACE_SURFACE('',(#5331),#5335,.T.);
#5337=POLY_LOOP('',(#99,#437,#436));
#5338=FACE_OUTER_BOUND('',#5337,.T.);
#5339=DIRECTION('',(0.05092237339249556,0.8819960604819002,-0.4684974505613488));
#5340=DIRECTION('',(0.8667493824319397,0.19401364544417563,0.4594607855250684));
#5341=AXIS2_PLACEMENT_3D('',#99,#5339,#5340);
#5342=PLANE('',#5341);
#5343=FACE_SURFACE('',(#5338),#5342,.T.);
#5344=POLY_LOOP('',(#100,#437,#99));
#5345=FACE_OUTER_BOUND('',#5344,.T.);
#5346=DIRECTION('',(0.051341491475551365,0.8816329328836523,-0.46913475985907827));
#5347=DIRECTION('',(0.9984332830316477,-0.05577837418980881,0.004444356802423791));
#5348=AXIS2_PLACEMENT_3D('',#100,#5346,#5347);
#5349=PLANE('',#5348);
#5350=FACE_SURFACE('',(#5345),#5349,.T.);
#5351=POLY_LOOP('',(#100,#438,#437));
#5352=FACE_OUTER_BOUND('',#5351,.T.);
#5353=DIRECTION('',(0.052721969957157035,0.9111619378413561,-0.4086616166378014));
#5354=DIRECTION('',(0.8664620230766963,0.16170677670428898,0.4723287847821131));
#5355=AXIS2_PLACEMENT_3D('',#100,#5353,#5354);
#5356=PLANE('',#5355);
#5357=FACE_SURFACE('',(#5352),#5356,.T.);
#5358=POLY_LOOP('',(#101,#438,#100));
#5359=FACE_OUTER_BOUND('',#5358,.T.);
#5360=DIRECTION('',(0.05308679871043643,0.9108831699876104,-0.409235436437266));
#5361=DIRECTION('',(0.9984183425552603,-0.05601202419355261,0.004844212520917967));
#5362=AXIS2_PLACEMENT_3D('',#101,#5360,#5361);
#5363=PLANE('',#5362);
#5364=FACE_SURFACE('',(#5359),#5363,.T.);
#5365=POLY_LOOP('',(#101,#310,#438));
#5366=FACE_OUTER_BOUND('',#5365,.T.);
#5367=DIRECTION('',(0.054307804334900636,0.9385664610972216,-0.34079856292502136));
#5368=DIRECTION('',(7.218612523557786e-09,0.34130224198054904,0.9399536050354032));
#5369=AXIS2_PLACEMENT_3D('',#101,#5367,#5368);
#5370=PLANE('',#5369);
#5371=FACE_SURFACE('',(#5366),#5370,.T.);
#5372=POLY_LOOP('',(#102,#310,#101));
#5373=FACE_OUTER_BOUND('',#5372,.T.);
#5374=DIRECTION('',(-0.05498544999714084,0.9385316018070076,-0.34078590448870505));
#5375=DIRECTION('',(0.998390428801505,0.05642934066691782,-0.0056816537595898026));
#5376=AXIS2_PLACEMENT_3D('',#102,#5374,#5375);
#5377=PLANE('',#5376);
#5378=FACE_SURFACE('',(#5373),#5377,.T.);
#5379=POLY_LOOP('',(#102,#308,#310));
#5380=FACE_OUTER_BOUND('',#5379,.T.);
#5381=DIRECTION('',(-0.05561391110775561,0.9544468481407438,-0.293152361350712));
#5382=DIRECTION('',(0.0698338290322736,0.2966060517301931,0.9524432195147999));
#5383=AXIS2_PLACEMENT_3D('',#102,#5381,#5382);
#5384=PLANE('',#5383);
#5385=FACE_SURFACE('',(#5380),#5384,.T.);
#5386=POLY_LOOP('',(#196,#308,#102));
#5387=FACE_OUTER_BOUND('',#5386,.T.);
#5388=DIRECTION('',(-0.16872051762195633,0.9445307499812313,-0.28177127119930384));
#5389=DIRECTION('',(0.9852173757268236,0.17021045453380027,-0.01936811124885172));
#5390=AXIS2_PLACEMENT_3D('',#196,#5388,#5389);
#5391=PLANE('',#5390);
#5392=FACE_SURFACE('',(#5387),#5391,.T.);
#5393=POLY_LOOP('',(#336,#162,#337));
#5394=FACE_OUTER_BOUND('',#5393,.T.);
#5395=DIRECTION('',(-0.9441897860339218,0.3022893719177585,-0.1308693377945512));
#5396=DIRECTION('',(-0.27998508706888736,-0.9457866638527357,-0.16460843689598656));
#5397=AXIS2_PLACEMENT_3D('',#336,#5395,#5396);
#5398=PLANE('',#5397);
#5399=FACE_SURFACE('',(#5394),#5398,.T.);
#5400=POLY_LOOP('',(#90,#391,#393));
#5401=FACE_OUTER_BOUND('',#5400,.T.);
#5402=DIRECTION('',(0.045329967111018894,0.7918789352001193,-0.608993387540488));
#5403=DIRECTION('',(0.8625828136925977,0.2764651523776624,0.42369553814379146));
#5404=AXIS2_PLACEMENT_3D('',#90,#5402,#5403);
#5405=PLANE('',#5404);
#5406=FACE_SURFACE('',(#5401),#5405,.T.);
#5407=POLY_LOOP('',(#336,#160,#162));
#5408=FACE_OUTER_BOUND('',#5407,.T.);
#5409=DIRECTION('',(-0.942356982709126,0.30349381708792555,-0.1409071329945809));
#5410=DIRECTION('',(0.004394831228750508,-0.40984706195690673,-0.9121436681048454));
#5411=AXIS2_PLACEMENT_3D('',#336,#5409,#5410);
#5412=PLANE('',#5411);
#5413=FACE_SURFACE('',(#5408),#5412,.T.);
#5414=POLY_LOOP('',(#146,#373,#149));
#5415=FACE_OUTER_BOUND('',#5414,.T.);
#5416=DIRECTION('',(0.47929127359687296,0.2359440511486652,-0.845346248457662));
#5417=DIRECTION('',(0.5577804077446817,0.6617613352384616,0.500952045528896));
#5418=AXIS2_PLACEMENT_3D('',#146,#5416,#5417);
#5419=PLANE('',#5418);
#5420=FACE_SURFACE('',(#5415),#5419,.T.);
#5421=POLY_LOOP('',(#149,#374,#335));
#5422=FACE_OUTER_BOUND('',#5421,.T.);
#5423=DIRECTION('',(0.5727760880091338,0.239320619092643,-0.7839982106370313));
#5424=DIRECTION('',(-0.02430633712875502,0.9609695119713982,0.2755844680616741));
#5425=AXIS2_PLACEMENT_3D('',#149,#5423,#5424);
#5426=PLANE('',#5425);
#5427=FACE_SURFACE('',(#5422),#5426,.T.);
#5428=POLY_LOOP('',(#439,#434,#339));
#5429=FACE_OUTER_BOUND('',#5428,.T.);
#5430=DIRECTION('',(0.9064666014914136,0.3985421504320741,-0.13957956408294514));
#5431=DIRECTION('',(-0.2546806413020662,0.779629236995251,0.572115393752144));
#5432=AXIS2_PLACEMENT_3D('',#439,#5430,#5431);
#5433=PLANE('',#5432);
#5434=FACE_SURFACE('',(#5429),#5433,.T.);
#5435=POLY_LOOP('',(#439,#418,#434));
#5436=FACE_OUTER_BOUND('',#5435,.T.);
#5437=DIRECTION('',(0.905917799651451,0.3993269489155253,-0.14089332185909606));
#5438=DIRECTION('',(-0.4156422875874929,0.9021563756591875,-0.11556540410743489));
#5439=AXIS2_PLACEMENT_3D('',#439,#5437,#5438);
#5440=PLANE('',#5439);
#5441=FACE_SURFACE('',(#5436),#5440,.T.);
#5442=POLY_LOOP('',(#440,#418,#439));
#5443=FACE_OUTER_BOUND('',#5442,.T.);
#5444=DIRECTION('',(0.9016768934300373,0.392055609076172,-0.18240389043622088));
#5445=DIRECTION('',(-0.24958215410137272,0.8163387216803988,0.5208645119792008));
#5446=AXIS2_PLACEMENT_3D('',#440,#5444,#5445);
#5447=PLANE('',#5446);
#5448=FACE_SURFACE('',(#5443),#5447,.T.);
#5449=POLY_LOOP('',(#440,#417,#418));
#5450=FACE_OUTER_BOUND('',#5449,.T.);
#5451=DIRECTION('',(0.9010669349892354,0.3927860475110071,-0.18384096265464278));
#5452=DIRECTION('',(-0.41972268990400174,0.8965152953544092,-0.14175044541498139));
#5453=AXIS2_PLACEMENT_3D('',#440,#5451,#5452);
#5454=PLANE('',#5453);
#5455=FACE_SURFACE('',(#5450),#5454,.T.);
#5456=POLY_LOOP('',(#441,#417,#440));
#5457=FACE_OUTER_BOUND('',#5456,.T.);
#5458=DIRECTION('',(0.894894939076591,0.3826534036520475,-0.22965064922313602));
#5459=DIRECTION('',(-0.3237042582138057,0.9108052159725927,0.2562214116177037));
#5460=AXIS2_PLACEMENT_3D('',#441,#5458,#5459);
#5461=PLANE('',#5460);
#5462=FACE_SURFACE('',(#5457),#5461,.T.);
#5463=POLY_LOOP('',(#441,#435,#417));
#5464=FACE_OUTER_BOUND('',#5463,.T.);
#5465=DIRECTION('',(0.8945487939797027,0.38282746606255263,-0.2307067108204358));
#5466=DIRECTION('',(-0.4223323765716093,0.8929441119349241,-0.15584022799048436));
#5467=AXIS2_PLACEMENT_3D('',#441,#5465,#5466);
#5468=PLANE('',#5467);
#5469=FACE_SURFACE('',(#5464),#5468,.T.);
#5470=POLY_LOOP('',(#442,#435,#441));
#5471=FACE_OUTER_BOUND('',#5470,.T.);
#5472=DIRECTION('',(0.8878799889094662,0.37291056698319236,-0.2694565536898301));
#5473=DIRECTION('',(-0.31748987715486715,0.92050225564883,0.2277625413662291));
#5474=AXIS2_PLACEMENT_3D('',#442,#5472,#5473);
#5475=PLANE('',#5474);
#5476=FACE_SURFACE('',(#5471),#5475,.T.);
#5477=POLY_LOOP('',(#442,#134,#435));
#5478=FACE_OUTER_BOUND('',#5477,.T.);
#5479=DIRECTION('',(0.8876325404077229,0.37299708682965615,-0.27015115477436313));
#5480=DIRECTION('',(-0.42545055231049633,0.8887053067205357,-0.1708645818929485));
#5481=AXIS2_PLACEMENT_3D('',#442,#5479,#5480);
#5482=PLANE('',#5481);
#5483=FACE_SURFACE('',(#5478),#5482,.T.);
#5484=POLY_LOOP('',(#443,#134,#442));
#5485=FACE_OUTER_BOUND('',#5484,.T.);
#5486=DIRECTION('',(0.8781572010052042,0.3597868496504836,-0.31526711395463597));
#5487=DIRECTION('',(-0.3101931751733841,0.9299789655456019,0.19727979551537095));
#5488=AXIS2_PLACEMENT_3D('',#443,#5486,#5487);
#5489=PLANE('',#5488);
#5490=FACE_SURFACE('',(#5485),#5489,.T.);
#5491=POLY_LOOP('',(#443,#135,#134));
#5492=FACE_OUTER_BOUND('',#5491,.T.);
#5493=DIRECTION('',(0.8781271399011426,0.35979307587546805,-0.31534373106359515));
#5494=DIRECTION('',(-0.4292204522546149,0.8836141733876213,-0.18707163321801273));
#5495=AXIS2_PLACEMENT_3D('',#443,#5493,#5494);
#5496=PLANE('',#5495);
#5497=FACE_SURFACE('',(#5492),#5496,.T.);
#5498=POLY_LOOP('',(#444,#135,#443));
#5499=FACE_OUTER_BOUND('',#5498,.T.);
#5500=DIRECTION('',(0.8653287302251627,0.342958911255062,-0.36549332940239854));
#5501=DIRECTION('',(-0.30228651558956926,0.9387883528758366,0.16522497086515306));
#5502=AXIS2_PLACEMENT_3D('',#444,#5500,#5501);
#5503=PLANE('',#5502);
#5504=FACE_SURFACE('',(#5499),#5503,.T.);
#5505=POLY_LOOP('',(#444,#157,#135));
#5506=FACE_OUTER_BOUND('',#5505,.T.);
#5507=DIRECTION('',(0.8654584558707044,0.34294834681505487,-0.3651959646254555));
#5508=DIRECTION('',(-0.4339920946722121,0.8773862658056364,-0.20455855478973925));
#5509=AXIS2_PLACEMENT_3D('',#444,#5507,#5508);
#5510=PLANE('',#5509);
#5511=FACE_SURFACE('',(#5506),#5510,.T.);
#5512=POLY_LOOP('',(#149,#373,#374));
#5513=FACE_OUTER_BOUND('',#5512,.T.);
#5514=DIRECTION('',(0.5168554121480952,0.24804430027768118,-0.819350052195628));
#5515=DIRECTION('',(-0.34633816443713067,0.9358660181836433,0.06484344117496722));
#5516=AXIS2_PLACEMENT_3D('',#149,#5514,#5515);
#5517=PLANE('',#5516);
#5518=FACE_SURFACE('',(#5513),#5517,.T.);
#5519=POLY_LOOP('',(#445,#157,#444));
#5520=FACE_OUTER_BOUND('',#5519,.T.);
#5521=DIRECTION('',(0.8489026848160646,0.32222154016898724,-0.4189719689468538));
#5522=DIRECTION('',(-0.29412003988593566,0.9465990947735217,0.13207405464906835));
#5523=AXIS2_PLACEMENT_3D('',#445,#5521,#5522);
#5524=PLANE('',#5523);
#5525=FACE_SURFACE('',(#5520),#5524,.T.);
#5526=POLY_LOOP('',(#446,#156,#445));
#5527=FACE_OUTER_BOUND('',#5526,.T.);
#5528=DIRECTION('',(0.8285477770234605,0.2975194650855075,-0.47433189760410943));
#5529=DIRECTION('',(-0.2859771170087341,0.9531775406508156,0.09833445248861417));
#5530=AXIS2_PLACEMENT_3D('',#446,#5528,#5529);
#5531=PLANE('',#5530);
#5532=FACE_SURFACE('',(#5527),#5531,.T.);
#5533=POLY_LOOP('',(#446,#155,#156));
#5534=FACE_OUTER_BOUND('',#5533,.T.);
#5535=DIRECTION('',(0.8286277251556653,0.29752845944624656,-0.47418657606778636));
#5536=DIRECTION('',(-0.44835184943811945,0.8599332012846622,-0.24391701136601857));
#5537=AXIS2_PLACEMENT_3D('',#446,#5535,#5536);
#5538=PLANE('',#5537);
#5539=FACE_SURFACE('',(#5534),#5538,.T.);
#5540=POLY_LOOP('',(#447,#155,#446));
#5541=FACE_OUTER_BOUND('',#5540,.T.);
#5542=DIRECTION('',(0.8042794711144545,0.26904244835912144,-0.5298591259238465));
#5543=DIRECTION('',(-0.27812949315978064,0.9583787687094977,0.06445246870020324));
#5544=AXIS2_PLACEMENT_3D('',#447,#5542,#5543);
#5545=PLANE('',#5544);
#5546=FACE_SURFACE('',(#5541),#5545,.T.);
#5547=POLY_LOOP('',(#447,#154,#155));
#5548=FACE_OUTER_BOUND('',#5547,.T.);
#5549=DIRECTION('',(0.8041436326487839,0.26901773328200695,-0.5300778030159617));
#5550=DIRECTION('',(-0.45897038025002723,0.8476745341672021,-0.2660715583777459));
#5551=AXIS2_PLACEMENT_3D('',#447,#5549,#5550);
#5552=PLANE('',#5551);
#5553=FACE_SURFACE('',(#5548),#5552,.T.);
#5554=POLY_LOOP('',(#250,#154,#447));
#5555=FACE_OUTER_BOUND('',#5554,.T.);
#5556=DIRECTION('',(0.7841117081178433,0.24566301345970676,-0.5699285157021131));
#5557=DIRECTION('',(-0.2310806525560566,0.9678575615317793,0.0992646593709214));
#5558=AXIS2_PLACEMENT_3D('',#250,#5556,#5557);
#5559=PLANE('',#5558);
#5560=FACE_SURFACE('',(#5555),#5559,.T.);
#5561=POLY_LOOP('',(#250,#152,#154));
#5562=FACE_OUTER_BOUND('',#5561,.T.);
#5563=DIRECTION('',(0.7608541995885321,0.24335475432281584,-0.6015640867912381));
#5564=DIRECTION('',(-0.5812166989223946,0.6678352434066166,-0.4649550909042501));
#5565=AXIS2_PLACEMENT_3D('',#250,#5563,#5564);
#5566=PLANE('',#5565);
#5567=FACE_SURFACE('',(#5562),#5566,.T.);
#5568=POLY_LOOP('',(#247,#152,#250));
#5569=FACE_OUTER_BOUND('',#5568,.T.);
#5570=DIRECTION('',(0.7437811761030614,0.2041940187063447,-0.6364702387380733));
#5571=DIRECTION('',(0.17130660138514267,0.8621627756139875,0.47679072628088837));
#5572=AXIS2_PLACEMENT_3D('',#247,#5570,#5571);
#5573=PLANE('',#5572);
#5574=FACE_SURFACE('',(#5569),#5573,.T.);
#5575=POLY_LOOP('',(#247,#153,#152));
#5576=FACE_OUTER_BOUND('',#5575,.T.);
#5577=DIRECTION('',(0.7039305727422093,0.23147882082108998,-0.6714903605191239));
#5578=DIRECTION('',(-0.34024017051521543,0.9397692591945414,-0.03271644602826012));
#5579=AXIS2_PLACEMENT_3D('',#247,#5577,#5578);
#5580=PLANE('',#5579);
#5581=FACE_SURFACE('',(#5576),#5580,.T.);
#5582=POLY_LOOP('',(#320,#153,#247));
#5583=FACE_OUTER_BOUND('',#5582,.T.);
#5584=DIRECTION('',(0.6759759456346093,0.22025266704180219,-0.7032391368406403));
#5585=DIRECTION('',(-0.027205072707886076,0.9610984041249083,0.274863132499637));
#5586=AXIS2_PLACEMENT_3D('',#320,#5584,#5585);
#5587=PLANE('',#5586);
#5588=FACE_SURFACE('',(#5583),#5587,.T.);
#5589=POLY_LOOP('',(#320,#425,#153));
#5590=FACE_OUTER_BOUND('',#5589,.T.);
#5591=DIRECTION('',(0.632651506724208,0.2294442898319337,-0.7396670797751574));
#5592=DIRECTION('',(-0.30982465171849055,0.950326855301961,0.029791832427726456));
#5593=AXIS2_PLACEMENT_3D('',#320,#5591,#5592);
#5594=PLANE('',#5593);
#5595=FACE_SURFACE('',(#5590),#5594,.T.);
#5596=POLY_LOOP('',(#335,#425,#320));
#5597=FACE_OUTER_BOUND('',#5596,.T.);
#5598=DIRECTION('',(0.6315590783525304,0.2291205274174073,-0.740700286530572));
#5599=DIRECTION('',(-0.02603755713295322,0.9610671073772472,0.2750855516672568));
#5600=AXIS2_PLACEMENT_3D('',#335,#5598,#5599);
#5601=PLANE('',#5600);
#5602=FACE_SURFACE('',(#5597),#5601,.T.);
#5603=POLY_LOOP('',(#335,#374,#425));
#5604=FACE_OUTER_BOUND('',#5603,.T.);
#5605=DIRECTION('',(0.5739367291442166,0.23967815423751032,-0.7830395988202246));
#5606=DIRECTION('',(-0.32944652199516206,0.9429953486232606,0.047167378771630554));
#5607=AXIS2_PLACEMENT_3D('',#335,#5605,#5606);
#5608=PLANE('',#5607);
#5609=FACE_SURFACE('',(#5604),#5608,.T.);
#5610=POLY_LOOP('',(#445,#156,#157));
#5611=FACE_OUTER_BOUND('',#5610,.T.);
#5612=DIRECTION('',(0.8490752693267911,0.3222258830782039,-0.4186187612758282));
#5613=DIRECTION('',(-0.4402045072224692,0.8696472249749964,-0.2234584881232106));
#5614=AXIS2_PLACEMENT_3D('',#445,#5612,#5613);
#5615=PLANE('',#5614);
#5616=FACE_SURFACE('',(#5611),#5615,.T.);
#5617=POLY_LOOP('',(#448,#160,#336));
#5618=FACE_OUTER_BOUND('',#5617,.T.);
#5619=DIRECTION('',(-0.9271830099803902,0.34000994050948996,-0.15724155417203398));
#5620=DIRECTION('',(-0.36091725502958655,-0.9232349066803619,0.13181821614940684));
#5621=AXIS2_PLACEMENT_3D('',#448,#5619,#5620);
#5622=PLANE('',#5621);
#5623=FACE_SURFACE('',(#5618),#5622,.T.);
#5624=POLY_LOOP('',(#448,#181,#160));
#5625=FACE_OUTER_BOUND('',#5624,.T.);
#5626=DIRECTION('',(-0.9219581931336795,0.3319278186222706,-0.19954200895636423));
#5627=DIRECTION('',(0.002031176386696552,-0.5110759232099132,-0.8595331727383307));
#5628=AXIS2_PLACEMENT_3D('',#448,#5626,#5627);
#5629=PLANE('',#5628);
#5630=FACE_SURFACE('',(#5625),#5629,.T.);
#5631=POLY_LOOP('',(#449,#181,#448));
#5632=FACE_OUTER_BOUND('',#5631,.T.);
#5633=DIRECTION('',(-0.8948229515579393,0.38278253292198094,-0.22971595037125883));
#5634=DIRECTION('',(-0.42203597631524503,-0.8930933998474021,0.1557877204552601));
#5635=AXIS2_PLACEMENT_3D('',#449,#5633,#5634);
#5636=PLANE('',#5635);
#5637=FACE_SURFACE('',(#5632),#5636,.T.);
#5638=POLY_LOOP('',(#312,#377,#427));
#5639=FACE_OUTER_BOUND('',#5638,.T.);
#5640=DIRECTION('',(0.4936151495146272,0.8187898679982479,-0.29313347852653066));
#5641=DIRECTION('',(-0.865894106385458,0.49412518950185064,-0.07789540183277376));
#5642=AXIS2_PLACEMENT_3D('',#312,#5640,#5641);
#5643=PLANE('',#5642);
#5644=FACE_SURFACE('',(#5639),#5643,.T.);
#5645=POLY_LOOP('',(#312,#378,#377));
#5646=FACE_OUTER_BOUND('',#5645,.T.);
#5647=DIRECTION('',(0.487518849399297,0.7987235919865657,-0.35265563242980213));
#5648=DIRECTION('',(-0.8083316999779487,0.2602152773932977,-0.5280983546858375));
#5649=AXIS2_PLACEMENT_3D('',#312,#5647,#5648);
#5650=PLANE('',#5649);
#5651=FACE_SURFACE('',(#5646),#5650,.T.);
#5652=POLY_LOOP('',(#311,#378,#312));
#5653=FACE_OUTER_BOUND('',#5652,.T.);
#5654=DIRECTION('',(0.48711838112015815,0.7993807104876713,-0.35171886852300416));
#5655=DIRECTION('',(-0.8668428770616381,0.4915715573157756,-0.08331164699875382));
#5656=AXIS2_PLACEMENT_3D('',#311,#5654,#5655);
#5657=PLANE('',#5656);
#5658=FACE_SURFACE('',(#5653),#5657,.T.);
#5659=POLY_LOOP('',(#311,#381,#378));
#5660=FACE_OUTER_BOUND('',#5659,.T.);
#5661=DIRECTION('',(0.4800362960061162,0.7777161448962842,-0.4058605086533924));
#5662=DIRECTION('',(-0.8180486148396173,0.22977586131184283,-0.5272565953284837));
#5663=AXIS2_PLACEMENT_3D('',#311,#5661,#5662);
#5664=PLANE('',#5663);
#5665=FACE_SURFACE('',(#5660),#5664,.T.);
#5666=POLY_LOOP('',(#404,#381,#311));
#5667=FACE_OUTER_BOUND('',#5666,.T.);
#5668=DIRECTION('',(0.4795223667211974,0.7786631683989785,-0.4046504293744978));
#5669=DIRECTION('',(-0.8680412548423914,0.48852369483006247,-0.08859446642556497));
#5670=AXIS2_PLACEMENT_3D('',#404,#5668,#5669);
#5671=PLANE('',#5670);
#5672=FACE_SURFACE('',(#5667),#5671,.T.);
#5673=POLY_LOOP('',(#404,#383,#381));
#5674=FACE_OUTER_BOUND('',#5673,.T.);
#5675=DIRECTION('',(0.46929576565684217,0.7490766752688515,-0.46759557194729945));
#5676=DIRECTION('',(-0.8293848015623587,0.19213909468748258,-0.5245983408571185));
#5677=AXIS2_PLACEMENT_3D('',#404,#5675,#5676);
#5678=PLANE('',#5677);
#5679=FACE_SURFACE('',(#5674),#5678,.T.);
#5680=POLY_LOOP('',(#403,#383,#404));
#5681=FACE_OUTER_BOUND('',#5680,.T.);
#5682=DIRECTION('',(0.4686810385351312,0.7503588919283689,-0.4661540704763406));
#5683=DIRECTION('',(-0.8695368005622749,0.48489242221126294,-0.09372881814051161));
#5684=AXIS2_PLACEMENT_3D('',#403,#5682,#5683);
#5685=PLANE('',#5684);
#5686=FACE_SURFACE('',(#5681),#5685,.T.);
#5687=POLY_LOOP('',(#403,#385,#383));
#5688=FACE_OUTER_BOUND('',#5687,.T.);
#5689=DIRECTION('',(0.45456353016426626,0.7115937144350711,-0.5357297664131601));
#5690=DIRECTION('',(-0.8417719337647671,0.14656916202573553,-0.5195550906968368));
#5691=AXIS2_PLACEMENT_3D('',#403,#5689,#5690);
#5692=PLANE('',#5691);
#5693=FACE_SURFACE('',(#5688),#5692,.T.);
#5694=POLY_LOOP('',(#116,#385,#403));
#5695=FACE_OUTER_BOUND('',#5694,.T.);
#5696=DIRECTION('',(0.4538602591519499,0.7132480640583158,-0.5341236413786509));
#5697=DIRECTION('',(-0.8713788948194884,0.4805834402967182,-0.09868322337529105));
#5698=AXIS2_PLACEMENT_3D('',#116,#5696,#5697);
#5699=PLANE('',#5698);
#5700=FACE_SURFACE('',(#5695),#5699,.T.);
#5701=POLY_LOOP('',(#116,#386,#385));
#5702=FACE_OUTER_BOUND('',#5701,.T.);
#5703=DIRECTION('',(0.43595685657776273,0.6662212013821615,-0.605054485176125));
#5704=DIRECTION('',(0.007488369731972861,-0.6749690330719703,-0.7378080568228074));
#5705=AXIS2_PLACEMENT_3D('',#116,#5703,#5704);
#5706=PLANE('',#5705);
#5707=FACE_SURFACE('',(#5702),#5706,.T.);
#5708=POLY_LOOP('',(#114,#386,#116));
#5709=FACE_OUTER_BOUND('',#5708,.T.);
#5710=DIRECTION('',(0.5095331402308438,0.6374348000747011,-0.5779730570365899));
#5711=DIRECTION('',(-0.8296449808366542,0.5420820900774033,-0.13355228710082645));
#5712=AXIS2_PLACEMENT_3D('',#114,#5710,#5711);
#5713=PLANE('',#5712);
#5714=FACE_SURFACE('',(#5709),#5713,.T.);
#5715=POLY_LOOP('',(#114,#387,#386));
#5716=FACE_OUTER_BOUND('',#5715,.T.);
#5717=DIRECTION('',(0.4873724610524355,0.5865459706632304,-0.6468631296545052));
#5718=DIRECTION('',(0.010221879085474943,-0.7445826558235161,-0.6674520071396605));
#5719=AXIS2_PLACEMENT_3D('',#114,#5717,#5718);
#5720=PLANE('',#5719);
#5721=FACE_SURFACE('',(#5716),#5720,.T.);
#5722=POLY_LOOP('',(#427,#377,#316));
#5723=FACE_OUTER_BOUND('',#5722,.T.);
#5724=DIRECTION('',(0.3905679517902754,0.8666709531057897,-0.31038384957508863));
#5725=DIRECTION('',(0.0007746205274438255,-0.3374726340744606,-0.941335020709356));
#5726=AXIS2_PLACEMENT_3D('',#427,#5724,#5725);
#5727=PLANE('',#5726);
#5728=FACE_SURFACE('',(#5723),#5727,.T.);
#5729=POLY_LOOP('',(#111,#387,#114));
#5730=FACE_OUTER_BOUND('',#5729,.T.);
#5731=DIRECTION('',(0.5510066714711758,0.5611998404714017,-0.6176134608710606));
#5732=DIRECTION('',(-0.7900090582798512,0.5892264603354593,-0.16940444585762235));
#5733=AXIS2_PLACEMENT_3D('',#111,#5731,#5732);
#5734=PLANE('',#5733);
#5735=FACE_SURFACE('',(#5730),#5734,.T.);
#5736=POLY_LOOP('',(#125,#388,#111));
#5737=FACE_OUTER_BOUND('',#5736,.T.);
#5738=DIRECTION('',(0.5929006496591022,0.4814801655745562,-0.6454809600539062));
#5739=DIRECTION('',(-0.7413460848408533,0.6393512908471252,-0.2040487916731025));
#5740=AXIS2_PLACEMENT_3D('',#125,#5738,#5739);
#5741=PLANE('',#5740);
#5742=FACE_SURFACE('',(#5737),#5741,.T.);
#5743=POLY_LOOP('',(#125,#402,#388));
#5744=FACE_OUTER_BOUND('',#5743,.T.);
#5745=DIRECTION('',(0.5635718223169491,0.4279809915189411,-0.7065543659116523));
#5746=DIRECTION('',(0.01763878141776505,-0.8613628807047347,-0.507683820043674));
#5747=AXIS2_PLACEMENT_3D('',#125,#5745,#5746);
#5748=PLANE('',#5747);
#5749=FACE_SURFACE('',(#5744),#5748,.T.);
#5750=POLY_LOOP('',(#137,#402,#125));
#5751=FACE_OUTER_BOUND('',#5750,.T.);
#5752=DIRECTION('',(0.6187333915079343,0.4082640729883323,-0.6711850988662269));
#5753=DIRECTION('',(-0.6978166174337329,0.6780604702897717,-0.23083753391456305));
#5754=AXIS2_PLACEMENT_3D('',#137,#5752,#5753);
#5755=PLANE('',#5754);
#5756=FACE_SURFACE('',(#5751),#5755,.T.);
#5757=POLY_LOOP('',(#137,#424,#402));
#5758=FACE_OUTER_BOUND('',#5757,.T.);
#5759=DIRECTION('',(0.5867130943100282,0.35622996113588434,-0.7272330848870109));
#5760=DIRECTION('',(0.020728383563556455,-0.9043582912741741,-0.42627035449172174));
#5761=AXIS2_PLACEMENT_3D('',#137,#5759,#5760);
#5762=PLANE('',#5761);
#5763=FACE_SURFACE('',(#5758),#5762,.T.);
#5764=POLY_LOOP('',(#159,#424,#137));
#5765=FACE_OUTER_BOUND('',#5764,.T.);
#5766=DIRECTION('',(0.6429383762069509,0.33856643171261713,-0.687024756262651));
#5767=DIRECTION('',(-0.6506859917274999,0.7146176002055136,-0.25676725968493885));
#5768=AXIS2_PLACEMENT_3D('',#159,#5766,#5767);
#5769=PLANE('',#5768);
#5770=FACE_SURFACE('',(#5765),#5769,.T.);
#5771=POLY_LOOP('',(#159,#425,#424));
#5772=FACE_OUTER_BOUND('',#5771,.T.);
#5773=DIRECTION('',(0.60932106492443,0.2895864313549713,-0.7381514333891461));
#5774=DIRECTION('',(0.02373333993438162,-0.9371673890250313,-0.34807185109336936));
#5775=AXIS2_PLACEMENT_3D('',#159,#5773,#5774);
#5776=PLANE('',#5775);
#5777=FACE_SURFACE('',(#5772),#5776,.T.);
#5778=POLY_LOOP('',(#153,#425,#159));
#5779=FACE_OUTER_BOUND('',#5778,.T.);
#5780=DIRECTION('',(0.6665106811229042,0.27433359258194984,-0.6931843852325028));
#5781=DIRECTION('',(-0.6017239437932548,0.7468939720968389,-0.28298001680560114));
#5782=AXIS2_PLACEMENT_3D('',#153,#5780,#5781);
#5783=PLANE('',#5782);
#5784=FACE_SURFACE('',(#5779),#5783,.T.);
#5785=POLY_LOOP('',(#321,#310,#309));
#5786=FACE_OUTER_BOUND('',#5785,.T.);
#5787=DIRECTION('',(0.014891605459811913,0.9567980336438259,-0.29037176670974285));
#5788=DIRECTION('',(-0.22225798698367558,-0.27997122915212774,-0.9339258525541582));
#5789=AXIS2_PLACEMENT_3D('',#321,#5787,#5788);
#5790=PLANE('',#5789);
#5791=FACE_SURFACE('',(#5786),#5790,.T.);
#5792=POLY_LOOP('',(#323,#310,#321));
#5793=FACE_OUTER_BOUND('',#5792,.T.);
#5794=DIRECTION('',(0.055415591742598636,0.9527086323622269,-0.2987898492491217));
#5795=DIRECTION('',(-0.9983980502881776,0.056295774907259136,-0.005667354617183249));
#5796=AXIS2_PLACEMENT_3D('',#323,#5794,#5795);
#5797=PLANE('',#5796);
#5798=FACE_SURFACE('',(#5793),#5797,.T.);
#5799=POLY_LOOP('',(#323,#438,#310));
#5800=FACE_OUTER_BOUND('',#5799,.T.);
#5801=DIRECTION('',(0.054861407544679046,0.9386960848782516,-0.34035259099419063));
#5802=DIRECTION('',(0.00017639912651868004,-0.3408750486250338,-0.9401085948486105));
#5803=AXIS2_PLACEMENT_3D('',#323,#5801,#5802);
#5804=PLANE('',#5803);
#5805=FACE_SURFACE('',(#5800),#5804,.T.);
#5806=POLY_LOOP('',(#400,#438,#323));
#5807=FACE_OUTER_BOUND('',#5806,.T.);
#5808=DIRECTION('',(0.1657245392030883,0.9271188301848562,-0.33613397897652064));
#5809=DIRECTION('',(-0.9853321115543605,0.1697329844228929,-0.01764494088183156));
#5810=AXIS2_PLACEMENT_3D('',#400,#5808,#5809);
#5811=PLANE('',#5810);
#5812=FACE_SURFACE('',(#5807),#5811,.T.);
#5813=POLY_LOOP('',(#400,#437,#438));
#5814=FACE_OUTER_BOUND('',#5813,.T.);
#5815=DIRECTION('',(0.1623239532202323,0.9003470756062582,-0.40376487917873033));
#5816=DIRECTION('',(-0.8704146664640791,-0.06209246619066959,-0.4883879953956553));
#5817=AXIS2_PLACEMENT_3D('',#400,#5815,#5816);
#5818=PLANE('',#5817);
#5819=FACE_SURFACE('',(#5814),#5818,.T.);
#5820=POLY_LOOP('',(#111,#388,#387));
#5821=FACE_OUTER_BOUND('',#5820,.T.);
#5822=DIRECTION('',(0.5251104812486176,0.5076723733292667,-0.6830283623987181));
#5823=DIRECTION('',(0.014336553834885997,-0.8077494787164357,-0.5893515443752276));
#5824=AXIS2_PLACEMENT_3D('',#111,#5822,#5823);
#5825=PLANE('',#5824);
#5826=FACE_SURFACE('',(#5821),#5825,.T.);
#5827=POLY_LOOP('',(#427,#316,#450));
#5828=FACE_OUTER_BOUND('',#5827,.T.);
#5829=DIRECTION('',(0.3933831054263628,0.8779061373724629,-0.27300283208947385));
#5830=DIRECTION('',(-0.9171268148962094,0.3954730559260908,-0.04979425102171177));
#5831=AXIS2_PLACEMENT_3D('',#427,#5829,#5830);
#5832=PLANE('',#5831);
#5833=FACE_SURFACE('',(#5828),#5832,.T.);
#5834=POLY_LOOP('',(#450,#316,#315));
#5835=FACE_OUTER_BOUND('',#5834,.T.);
#5836=DIRECTION('',(0.383020509787478,0.8845053364133577,-0.2663561505549163));
#5837=DIRECTION('',(-0.5467374062152676,-0.015344184853193181,-0.8371635232355699));
#5838=AXIS2_PLACEMENT_3D('',#450,#5836,#5837);
#5839=PLANE('',#5838);
#5840=FACE_SURFACE('',(#5835),#5839,.T.);
#5841=POLY_LOOP('',(#331,#176,#451));
#5842=FACE_OUTER_BOUND('',#5841,.T.);
#5843=DIRECTION('',(0.03763677392465948,0.20430483174525663,-0.9781835252007092));
#5844=DIRECTION('',(-0.9913331125066878,0.1309277887979376,-0.01079695180527095));
#5845=AXIS2_PLACEMENT_3D('',#331,#5843,#5844);
#5846=PLANE('',#5845);
#5847=FACE_SURFACE('',(#5842),#5846,.T.);
#5848=POLY_LOOP('',(#449,#182,#181));
#5849=FACE_OUTER_BOUND('',#5848,.T.);
#5850=DIRECTION('',(-0.8879324961863694,0.372533441801554,-0.26980496095463347));
#5851=DIRECTION('',(-0.0027631087324211795,-0.5908753025303781,-0.8067581682820242));
#5852=AXIS2_PLACEMENT_3D('',#449,#5850,#5851);
#5853=PLANE('',#5852);
#5854=FACE_SURFACE('',(#5849),#5853,.T.);
#5855=POLY_LOOP('',(#452,#182,#449));
#5856=FACE_OUTER_BOUND('',#5855,.T.);
#5857=DIRECTION('',(-0.8524890620473581,0.42311800564580243,-0.30697483999170716));
#5858=DIRECTION('',(-0.48841138234374737,-0.8540089466377738,0.17922901734850247));
#5859=AXIS2_PLACEMENT_3D('',#452,#5857,#5858);
#5860=PLANE('',#5859);
#5861=FACE_SURFACE('',(#5856),#5860,.T.);
#5862=POLY_LOOP('',(#452,#183,#182));
#5863=FACE_OUTER_BOUND('',#5862,.T.);
#5864=DIRECTION('',(-0.8411015843024447,0.4060387167560643,-0.3573243419905869));
#5865=DIRECTION('',(-0.008132869061941033,-0.6700581964530703,-0.7422640162414449));
#5866=AXIS2_PLACEMENT_3D('',#452,#5864,#5865);
#5867=PLANE('',#5866);
#5868=FACE_SURFACE('',(#5863),#5867,.T.);
#5869=POLY_LOOP('',(#453,#183,#452));
#5870=FACE_OUTER_BOUND('',#5869,.T.);
#5871=DIRECTION('',(-0.796896216489277,0.4527457318728056,-0.3999721520506562));
#5872=DIRECTION('',(-0.5577011670599153,-0.8058360437671697,0.19899165516595052));
#5873=AXIS2_PLACEMENT_3D('',#453,#5871,#5872);
#5874=PLANE('',#5873);
#5875=FACE_SURFACE('',(#5870),#5874,.T.);
#5876=POLY_LOOP('',(#453,#184,#183));
#5877=FACE_OUTER_BOUND('',#5876,.T.);
#5878=DIRECTION('',(-0.7795874542318446,0.4262170044117131,-0.45889265232145243));
#5879=DIRECTION('',(-0.01299565290529053,-0.7435629544208472,-0.6685396366846966));
#5880=AXIS2_PLACEMENT_3D('',#453,#5878,#5879);
#5881=PLANE('',#5880);
#5882=FACE_SURFACE('',(#5877),#5881,.T.);
#5883=POLY_LOOP('',(#454,#184,#453));
#5884=FACE_OUTER_BOUND('',#5883,.T.);
#5885=DIRECTION('',(-0.7281357443114349,0.4652713466678066,-0.5033298240974384));
#5886=DIRECTION('',(-0.6263285859848267,-0.7499430678358943,0.21283302700270637));
#5887=AXIS2_PLACEMENT_3D('',#454,#5885,#5886);
#5888=PLANE('',#5887);
#5889=FACE_SURFACE('',(#5884),#5888,.T.);
#5890=POLY_LOOP('',(#454,#185,#184));
#5891=FACE_OUTER_BOUND('',#5890,.T.);
#5892=DIRECTION('',(-0.7043837410312488,0.42745605865993547,-0.5666788008084797));
#5893=DIRECTION('',(-0.016239283605531146,-0.80783777292299,-0.589181142185324));
#5894=AXIS2_PLACEMENT_3D('',#454,#5892,#5893);
#5895=PLANE('',#5894);
#5896=FACE_SURFACE('',(#5891),#5895,.T.);
#5897=POLY_LOOP('',(#455,#185,#454));
#5898=FACE_OUTER_BOUND('',#5897,.T.);
#5899=DIRECTION('',(-0.6487765842827651,0.4568839354257586,-0.6085606076934815));
#5900=DIRECTION('',(-0.6904877540596509,-0.6895840000373928,0.21840459790509936));
#5901=AXIS2_PLACEMENT_3D('',#455,#5899,#5900);
#5902=PLANE('',#5901);
#5903=FACE_SURFACE('',(#5898),#5902,.T.);
#5904=POLY_LOOP('',(#455,#186,#185));
#5905=FACE_OUTER_BOUND('',#5904,.T.);
#5906=DIRECTION('',(-0.6195436367588634,0.4079556953477701,-0.6706249568759866));
#5907=DIRECTION('',(-0.01765237472352182,-0.8613652397510462,-0.5076793450744703));
#5908=AXIS2_PLACEMENT_3D('',#455,#5906,#5907);
#5909=PLANE('',#5908);
#5910=FACE_SURFACE('',(#5905),#5909,.T.);
#5911=POLY_LOOP('',(#456,#186,#455));
#5912=FACE_OUTER_BOUND('',#5911,.T.);
#5913=DIRECTION('',(-0.5632929435062375,0.4280763436728469,-0.7067189708673213));
#5914=DIRECTION('',(-0.7472028521411425,-0.629010650438085,0.21455418753219263));
#5915=AXIS2_PLACEMENT_3D('',#456,#5913,#5914);
#5916=PLANE('',#5915);
#5917=FACE_SURFACE('',(#5912),#5916,.T.);
#5918=POLY_LOOP('',(#456,#187,#186));
#5919=FACE_OUTER_BOUND('',#5918,.T.);
#5920=DIRECTION('',(-0.5307016124970839,0.37038731882907533,-0.7623444316997429));
#5921=DIRECTION('',(-0.017626750062819472,-0.904087829837198,-0.42698301327159216));
#5922=AXIS2_PLACEMENT_3D('',#456,#5920,#5921);
#5923=PLANE('',#5922);
#5924=FACE_SURFACE('',(#5919),#5923,.T.);
#5925=POLY_LOOP('',(#457,#187,#456));
#5926=FACE_OUTER_BOUND('',#5925,.T.);
#5927=DIRECTION('',(-0.4609664892744192,0.3863035090208338,-0.7989239605145206));
#5928=DIRECTION('',(-0.8053110434714027,-0.5603071960104623,0.1937265324159131));
#5929=AXIS2_PLACEMENT_3D('',#457,#5927,#5928);
#5930=PLANE('',#5929);
#5931=FACE_SURFACE('',(#5926),#5930,.T.);
#5932=POLY_LOOP('',(#457,#188,#187));
#5933=FACE_OUTER_BOUND('',#5932,.T.);
#5934=DIRECTION('',(-0.4273762348327087,0.3221935970649226,-0.8447134661591372));
#5935=DIRECTION('',(-0.015512786114026803,-0.9368170709300649,-0.34947550569531216));
#5936=AXIS2_PLACEMENT_3D('',#457,#5934,#5935);
#5937=PLANE('',#5936);
#5938=FACE_SURFACE('',(#5933),#5937,.T.);
#5939=POLY_LOOP('',(#458,#188,#457));
#5940=FACE_OUTER_BOUND('',#5939,.T.);
#5941=DIRECTION('',(-0.3604278559856995,0.33125884347472834,-0.8719858595466657));
#5942=DIRECTION('',(-0.8523218546563938,-0.496779195042613,0.16357838319258092));
#5943=AXIS2_PLACEMENT_3D('',#458,#5941,#5942);
#5944=PLANE('',#5943);
#5945=FACE_SURFACE('',(#5940),#5944,.T.);
#5946=POLY_LOOP('',(#458,#189,#188));
#5947=FACE_OUTER_BOUND('',#5946,.T.);
#5948=DIRECTION('',(-0.3288824092351442,0.26588039777229644,-0.9061699481753589));
#5949=DIRECTION('',(-0.0143174995808518,-0.9608423310889896,-0.276725539105498));
#5950=AXIS2_PLACEMENT_3D('',#458,#5948,#5949);
#5951=PLANE('',#5950);
#5952=FACE_SURFACE('',(#5947),#5951,.T.);
#5953=POLY_LOOP('',(#459,#189,#458));
#5954=FACE_OUTER_BOUND('',#5953,.T.);
#5955=DIRECTION('',(-0.25977875700220326,0.27082492592203544,-0.9269136189040024));
#5956=DIRECTION('',(-0.5787895794805431,-0.8120168515322947,-0.07504169182737898));
#5957=AXIS2_PLACEMENT_3D('',#459,#5955,#5956);
#5958=PLANE('',#5957);
#5959=FACE_SURFACE('',(#5954),#5958,.T.);
#5960=POLY_LOOP('',(#459,#190,#189));
#5961=FACE_OUTER_BOUND('',#5960,.T.);
#5962=DIRECTION('',(-0.25676045335915626,0.2688054819726713,-0.9283413609509384));
#5963=DIRECTION('',(-0.010732137891363121,-0.9612772837793413,-0.275373936504696));
#5964=AXIS2_PLACEMENT_3D('',#459,#5962,#5963);
#5965=PLANE('',#5964);
#5966=FACE_SURFACE('',(#5961),#5965,.T.);
#5967=POLY_LOOP('',(#460,#190,#459));
#5968=FACE_OUTER_BOUND('',#5967,.T.);
#5969=DIRECTION('',(-0.17652626040957295,0.2728859075225843,-0.9457123034313275));
#5970=DIRECTION('',(-0.6091239047500328,-0.7850099032978407,-0.11281631258992561));
#5971=AXIS2_PLACEMENT_3D('',#460,#5969,#5970);
#5972=PLANE('',#5971);
#5973=FACE_SURFACE('',(#5968),#5972,.T.);
#5974=POLY_LOOP('',(#460,#192,#190));
#5975=FACE_OUTER_BOUND('',#5974,.T.);
#5976=DIRECTION('',(-0.1733017699766657,0.2705652934330133,-0.9469746134466659));
#5977=DIRECTION('',(-0.00764418849315195,-0.9618642148362083,-0.2734205526287403));
#5978=AXIS2_PLACEMENT_3D('',#460,#5976,#5977);
#5979=PLANE('',#5978);
#5980=FACE_SURFACE('',(#5975),#5979,.T.);
#5981=POLY_LOOP('',(#461,#192,#460));
#5982=FACE_OUTER_BOUND('',#5981,.T.);
#5983=DIRECTION('',(-0.10736675812835522,0.2726373689558875,-0.9561073393180384));
#5984=DIRECTION('',(-0.6393995872334797,-0.7553479786032536,-0.14358829710542084));
#5985=AXIS2_PLACEMENT_3D('',#461,#5983,#5984);
#5986=PLANE('',#5985);
#5987=FACE_SURFACE('',(#5982),#5986,.T.);
#5988=POLY_LOOP('',(#461,#194,#192));
#5989=FACE_OUTER_BOUND('',#5988,.T.);
#5990=DIRECTION('',(-0.10451171027641408,0.27040133681729084,-0.9570582111149358));
#5991=DIRECTION('',(-0.004909397772319133,-0.9624567986313707,-0.27139050938042464));
#5992=AXIS2_PLACEMENT_3D('',#461,#5990,#5991);
#5993=PLANE('',#5992);
#5994=FACE_SURFACE('',(#5989),#5993,.T.);
#5995=POLY_LOOP('',(#462,#194,#461));
#5996=FACE_OUTER_BOUND('',#5995,.T.);
#5997=DIRECTION('',(-0.053347227071100706,0.27125938828811347,-0.9610267517761318));
#5998=DIRECTION('',(-0.670000798685011,-0.7233377977015015,-0.1669771247141029));
#5999=AXIS2_PLACEMENT_3D('',#462,#5997,#5998);
#6000=PLANE('',#5999);
#6001=FACE_SURFACE('',(#5996),#6000,.T.);
#6002=POLY_LOOP('',(#462,#180,#194));
#6003=FACE_OUTER_BOUND('',#6002,.T.);
#6004=DIRECTION('',(-0.05137295989206029,0.26956551222037173,-0.9616107599300756));
#6005=DIRECTION('',(-0.002402013669959852,-0.9629127765063531,-0.26980217784731747));
#6006=AXIS2_PLACEMENT_3D('',#462,#6004,#6005);
#6007=PLANE('',#6006);
#6008=FACE_SURFACE('',(#6003),#6007,.T.);
#6009=POLY_LOOP('',(#463,#180,#462));
#6010=FACE_OUTER_BOUND('',#6009,.T.);
#6011=DIRECTION('',(-0.014493509060790149,0.269808139545883,-0.9628050197365476));
#6012=DIRECTION('',(-0.7013116193480508,-0.6890855447772282,-0.18254622577989782));
#6013=AXIS2_PLACEMENT_3D('',#463,#6011,#6012);
#6014=PLANE('',#6013);
#6015=FACE_SURFACE('',(#6010),#6014,.T.);
#6016=POLY_LOOP('',(#463,#178,#180));
#6017=FACE_OUTER_BOUND('',#6016,.T.);
#6018=DIRECTION('',(-0.013781642220718782,0.2691362244822777,-0.9630035093441379));
#6019=DIRECTION('',(-2.502743949202134e-06,-0.9630949850471993,-0.2691617539151339));
#6020=AXIS2_PLACEMENT_3D('',#463,#6018,#6019);
#6021=PLANE('',#6020);
#6022=FACE_SURFACE('',(#6017),#6021,.T.);
#6023=POLY_LOOP('',(#451,#178,#463));
#6024=FACE_OUTER_BOUND('',#6023,.T.);
#6025=DIRECTION('',(0.013744268645973976,0.26913629659644134,-0.9630040233216784));
#6026=DIRECTION('',(-0.9988788135853157,0.04732924170149598,-0.0010289073590909377));
#6027=AXIS2_PLACEMENT_3D('',#451,#6025,#6026);
#6028=PLANE('',#6027);
#6029=FACE_SURFACE('',(#6024),#6028,.T.);
#6030=POLY_LOOP('',(#451,#176,#178));
#6031=FACE_OUTER_BOUND('',#6030,.T.);
#6032=DIRECTION('',(0.010750583105148589,0.2056163959586003,-0.9785736163804415));
#6033=DIRECTION('',(-0.044699770505152864,-0.9775530630105987,-0.2058930293025561));
#6034=AXIS2_PLACEMENT_3D('',#451,#6032,#6033);
#6035=PLANE('',#6034);
#6036=FACE_SURFACE('',(#6031),#6035,.T.);
#6037=POLY_LOOP('',(#401,#436,#437));
#6038=FACE_OUTER_BOUND('',#6037,.T.);
#6039=DIRECTION('',(0.15763357869507755,0.8721290727136295,-0.4631873653236317));
#6040=DIRECTION('',(-0.8736996261600133,-0.09542486603524777,-0.47701473582061155));
#6041=AXIS2_PLACEMENT_3D('',#401,#6039,#6040);
#6042=PLANE('',#6041);
#6043=FACE_SURFACE('',(#6038),#6042,.T.);
#6044=POLY_LOOP('',(#343,#275,#273));
#6045=FACE_OUTER_BOUND('',#6044,.T.);
#6046=DIRECTION('',(-0.0074434712660760675,-0.7836328250911148,0.6211796762412863));
#6047=DIRECTION('',(-0.9842356000122745,0.11551333933357626,0.13392890690393938));
#6048=AXIS2_PLACEMENT_3D('',#343,#6046,#6047);
#6049=PLANE('',#6048);
#6050=FACE_SURFACE('',(#6045),#6049,.T.);
#6051=POLY_LOOP('',(#417,#435,#415));
#6052=FACE_OUTER_BOUND('',#6051,.T.);
#6053=DIRECTION('',(0.8610066564591706,0.43543481255816135,-0.2628004215092483));
#6054=DIRECTION('',(0.002131916583437663,-0.5198052441601175,-0.8542821331827805));
#6055=AXIS2_PLACEMENT_3D('',#417,#6053,#6054);
#6056=PLANE('',#6055);
#6057=FACE_SURFACE('',(#6052),#6056,.T.);
#6058=POLY_LOOP('',(#307,#341,#305));
#6059=FACE_OUTER_BOUND('',#6058,.T.);
#6060=DIRECTION('',(0.9432656791147378,0.31868736554691657,-0.09321063053631957));
#6061=DIRECTION('',(-0.10939486869601492,0.5633243979839935,0.8189617728190693));
#6062=AXIS2_PLACEMENT_3D('',#307,#6060,#6061);
#6063=PLANE('',#6062);
#6064=FACE_SURFACE('',(#6059),#6063,.T.);
#6065=POLY_LOOP('',(#464,#465,#466));
#6066=FACE_OUTER_BOUND('',#6065,.T.);
#6067=DIRECTION('',(-0.7624828378860853,0.5208495164879107,-0.3838433314563267));
#6068=DIRECTION('',(-0.009106190800492549,-0.6018387691584112,-0.7985656975020863));
#6069=AXIS2_PLACEMENT_3D('',#464,#6067,#6068);
#6070=PLANE('',#6069);
#6071=FACE_SURFACE('',(#6066),#6070,.T.);
#6072=POLY_LOOP('',(#467,#465,#464));
#6073=FACE_OUTER_BOUND('',#6072,.T.);
#6074=DIRECTION('',(-0.7103341424021009,0.5659749901999984,-0.41844679065083445));
#6075=DIRECTION('',(-0.6756082961668225,-0.7150015165786193,0.17979505399436704));
#6076=AXIS2_PLACEMENT_3D('',#467,#6074,#6075);
#6077=PLANE('',#6076);
#6078=FACE_SURFACE('',(#6073),#6077,.T.);
#6079=POLY_LOOP('',(#467,#468,#465));
#6080=FACE_OUTER_BOUND('',#6079,.T.);
#6081=DIRECTION('',(-0.6947088032026826,0.535743009099493,-0.4799574011865189));
#6082=DIRECTION('',(-0.011205966058129105,-0.6752446947969449,-0.7375086633208351));
#6083=AXIS2_PLACEMENT_3D('',#467,#6081,#6082);
#6084=PLANE('',#6083);
#6085=FACE_SURFACE('',(#6080),#6084,.T.);
#6086=POLY_LOOP('',(#469,#468,#467));
#6087=FACE_OUTER_BOUND('',#6086,.T.);
#6088=DIRECTION('',(-0.6404855061085758,0.5712425574885028,-0.5132837976975664));
#6089=DIRECTION('',(-0.7317453220950294,-0.6567936129409206,0.1821288927986273));
#6090=AXIS2_PLACEMENT_3D('',#469,#6088,#6089);
#6091=PLANE('',#6090);
#6092=FACE_SURFACE('',(#6087),#6091,.T.);
#6093=POLY_LOOP('',(#469,#470,#468));
#6094=FACE_OUTER_BOUND('',#6093,.T.);
#6095=DIRECTION('',(-0.6194665691494422,0.5294281184871508,-0.5796266359143398));
#6096=DIRECTION('',(-0.012401783800780662,-0.7448640719002293,-0.667100974478953));
#6097=AXIS2_PLACEMENT_3D('',#469,#6095,#6096);
#6098=PLANE('',#6097);
#6099=FACE_SURFACE('',(#6094),#6098,.T.);
#6100=POLY_LOOP('',(#471,#470,#469));
#6101=FACE_OUTER_BOUND('',#6100,.T.);
#6102=DIRECTION('',(-0.5514240906587027,0.5616310999292383,-0.6168484253311317));
#6103=DIRECTION('',(-0.789876011687834,-0.5893847714732907,0.16947411989887368));
#6104=AXIS2_PLACEMENT_3D('',#471,#6102,#6103);
#6105=PLANE('',#6104);
#6106=FACE_SURFACE('',(#6101),#6105,.T.);
#6107=POLY_LOOP('',(#471,#472,#470));
#6108=FACE_OUTER_BOUND('',#6107,.T.);
#6109=DIRECTION('',(-0.5249614061413752,0.5069497514652637,-0.683679363116496));
#6110=DIRECTION('',(-0.011818432401201914,-0.807528846315261,-0.5897096633296097));
#6111=AXIS2_PLACEMENT_3D('',#471,#6109,#6110);
#6112=PLANE('',#6111);
#6113=FACE_SURFACE('',(#6108),#6112,.T.);
#6114=POLY_LOOP('',(#473,#472,#471));
#6115=FACE_OUTER_BOUND('',#6114,.T.);
#6116=DIRECTION('',(-0.4586789885985354,0.5284221745851884,-0.7144113596695433));
#6117=DIRECTION('',(-0.83661403347846,-0.5277643663828047,0.1467710208571809));
#6118=AXIS2_PLACEMENT_3D('',#473,#6116,#6117);
#6119=PLANE('',#6118);
#6120=FACE_SURFACE('',(#6115),#6119,.T.);
#6121=POLY_LOOP('',(#473,#474,#472));
#6122=FACE_OUTER_BOUND('',#6121,.T.);
#6123=DIRECTION('',(-0.42841926929180185,0.46341052934215454,-0.7756981442509082));
#6124=DIRECTION('',(-0.011605725051582406,-0.8612232511655754,-0.5080943010877245));
#6125=AXIS2_PLACEMENT_3D('',#473,#6123,#6124);
#6126=PLANE('',#6125);
#6127=FACE_SURFACE('',(#6122),#6126,.T.);
#6128=POLY_LOOP('',(#475,#474,#473));
#6129=FACE_OUTER_BOUND('',#6128,.T.);
#6130=DIRECTION('',(-0.3543336179093135,0.4786981640499332,-0.8033030280999317));
#6131=DIRECTION('',(-0.640366666840945,-0.7502238768774128,-0.16460457637029022));
#6132=AXIS2_PLACEMENT_3D('',#475,#6130,#6131);
#6133=PLANE('',#6132);
#6134=FACE_SURFACE('',(#6129),#6133,.T.);
#6135=POLY_LOOP('',(#475,#476,#474));
#6136=FACE_OUTER_BOUND('',#6135,.T.);
#6137=DIRECTION('',(-0.3513444153842368,0.47669522903362366,-0.8058031772057553));
#6138=DIRECTION('',(-0.008707147551925882,-0.8623008254731388,-0.5063215104751648));
#6139=AXIS2_PLACEMENT_3D('',#475,#6137,#6138);
#6140=PLANE('',#6139);
#6141=FACE_SURFACE('',(#6136),#6140,.T.);
#6142=POLY_LOOP('',(#477,#476,#475));
#6143=FACE_OUTER_BOUND('',#6142,.T.);
#6144=DIRECTION('',(-0.25803319113748024,0.49113019366351757,-0.8319915895869646));
#6145=DIRECTION('',(-0.6768779076204227,-0.7063751962504209,-0.20705163679038613));
#6146=AXIS2_PLACEMENT_3D('',#477,#6144,#6145);
#6147=PLANE('',#6146);
#6148=FACE_SURFACE('',(#6143),#6147,.T.);
#6149=POLY_LOOP('',(#464,#466,#478));
#6150=FACE_OUTER_BOUND('',#6149,.T.);
#6151=DIRECTION('',(-0.7731816625648577,0.5409800568530225,-0.330954218526888));
#6152=DIRECTION('',(-0.6127278295017214,-0.7718315347906086,0.1698254658668214));
#6153=AXIS2_PLACEMENT_3D('',#464,#6151,#6152);
#6154=PLANE('',#6153);
#6155=FACE_SURFACE('',(#6150),#6154,.T.);
#6156=POLY_LOOP('',(#477,#479,#476));
#6157=FACE_OUTER_BOUND('',#6156,.T.);
#6158=DIRECTION('',(-0.2545271779045461,0.4885339840477598,-0.8345959873725555));
#6159=DIRECTION('',(-0.006214303454279738,-0.8638274093185185,-0.5037495303646792));
#6160=AXIS2_PLACEMENT_3D('',#477,#6158,#6159);
#6161=PLANE('',#6160);
#6162=FACE_SURFACE('',(#6157),#6161,.T.);
#6163=POLY_LOOP('',(#480,#481,#479));
#6164=FACE_OUTER_BOUND('',#6163,.T.);
#6165=DIRECTION('',(-0.16667058419147873,0.49462212065093847,-0.8529770654173766));
#6166=DIRECTION('',(-0.003995430613590268,-0.8654089044887116,-0.501050361306985));
#6167=AXIS2_PLACEMENT_3D('',#480,#6165,#6166);
#6168=PLANE('',#6167);
#6169=FACE_SURFACE('',(#6164),#6168,.T.);
#6170=POLY_LOOP('',(#482,#481,#480));
#6171=FACE_OUTER_BOUND('',#6170,.T.);
#6172=DIRECTION('',(-0.09290419050364565,0.4992085306414559,-0.8614868857514086));
#6173=DIRECTION('',(-0.7473262926458035,-0.606694705607413,-0.2709703793926809));
#6174=AXIS2_PLACEMENT_3D('',#482,#6172,#6173);
#6175=PLANE('',#6174);
#6176=FACE_SURFACE('',(#6171),#6175,.T.);
#6177=POLY_LOOP('',(#482,#483,#481));
#6178=FACE_OUTER_BOUND('',#6177,.T.);
#6179=DIRECTION('',(-0.09058238612760686,0.4970228252305598,-0.862996606321984));
#6180=DIRECTION('',(-0.0019567503593126653,-0.8666462126248665,-0.49891934545676414));
#6181=AXIS2_PLACEMENT_3D('',#482,#6179,#6180);
#6182=PLANE('',#6181);
#6183=FACE_SURFACE('',(#6178),#6182,.T.);
#6184=POLY_LOOP('',(#484,#483,#482));
#6185=FACE_OUTER_BOUND('',#6184,.T.);
#6186=DIRECTION('',(-0.028197330555880987,0.4987697347806204,-0.8662757425995443));
#6187=DIRECTION('',(-0.7816227468256258,-0.5512193505317282,-0.291929973185597));
#6188=AXIS2_PLACEMENT_3D('',#484,#6186,#6187);
#6189=PLANE('',#6188);
#6190=FACE_SURFACE('',(#6185),#6189,.T.);
#6191=POLY_LOOP('',(#484,#485,#483));
#6192=FACE_OUTER_BOUND('',#6191,.T.);
#6193=DIRECTION('',(-0.02736143298509087,0.4978720355264752,-0.8668187747307545));
#6194=DIRECTION('',(-2.953053408529827e-06,-0.8671434683622963,-0.49805843559555013));
#6195=AXIS2_PLACEMENT_3D('',#484,#6193,#6194);
#6196=PLANE('',#6195);
#6197=FACE_SURFACE('',(#6192),#6196,.T.);
#6198=POLY_LOOP('',(#486,#485,#484));
#6199=FACE_OUTER_BOUND('',#6198,.T.);
#6200=DIRECTION('',(0.027284761135970344,0.49787293937129085,-0.8668206723720563));
#6201=DIRECTION('',(-0.9986749005804653,0.051428066974880816,-0.0018965436522881867));
#6202=AXIS2_PLACEMENT_3D('',#486,#6200,#6201);
#6203=PLANE('',#6202);
#6204=FACE_SURFACE('',(#6199),#6203,.T.);
#6205=POLY_LOOP('',(#486,#487,#485));
#6206=FACE_OUTER_BOUND('',#6205,.T.);
#6207=DIRECTION('',(0.023257040076948635,0.41813738402650785,-0.9080860301570155));
#6208=DIRECTION('',(0.0021285897990913575,-0.9083503691895057,-0.41820458617613915));
#6209=AXIS2_PLACEMENT_3D('',#486,#6207,#6208);
#6210=PLANE('',#6209);
#6211=FACE_SURFACE('',(#6206),#6210,.T.);
#6212=POLY_LOOP('',(#488,#487,#486));
#6213=FACE_OUTER_BOUND('',#6212,.T.);
#6214=DIRECTION('',(0.07655975904740576,0.41712612186966036,-0.9056182428311503));
#6215=DIRECTION('',(-0.9882858485667768,0.15201309965718068,-0.013531409950994307));
#6216=AXIS2_PLACEMENT_3D('',#488,#6214,#6215);
#6217=PLANE('',#6216);
#6218=FACE_SURFACE('',(#6213),#6217,.T.);
#6219=POLY_LOOP('',(#488,#489,#487));
#6220=FACE_OUTER_BOUND('',#6219,.T.);
#6221=DIRECTION('',(0.06552507540309177,0.342574617011377,-0.9372028042387238));
#6222=DIRECTION('',(0.004657589997069836,-0.9393160325633829,-0.3430214247314661));
#6223=AXIS2_PLACEMENT_3D('',#488,#6221,#6222);
#6224=PLANE('',#6223);
#6225=FACE_SURFACE('',(#6220),#6224,.T.);
#6226=POLY_LOOP('',(#490,#489,#488));
#6227=FACE_OUTER_BOUND('',#6226,.T.);
#6228=DIRECTION('',(0.1237578906634103,0.3409295088072861,-0.9319072134729756));
#6229=DIRECTION('',(-0.9682658670042471,0.2469810276140725,-0.03823065253445689));
#6230=AXIS2_PLACEMENT_3D('',#490,#6228,#6229);
#6231=PLANE('',#6230);
#6232=FACE_SURFACE('',(#6227),#6231,.T.);
#6233=POLY_LOOP('',(#490,#491,#489));
#6234=FACE_OUTER_BOUND('',#6233,.T.);
#6235=DIRECTION('',(0.1072952251460558,0.27264216470752484,-0.9561140019288766));
#6236=DIRECTION('',(0.007638094710019541,-0.961863161794935,-0.27342442738543193));
#6237=AXIS2_PLACEMENT_3D('',#490,#6235,#6236);
#6238=PLANE('',#6237);
#6239=FACE_SURFACE('',(#6234),#6238,.T.);
#6240=POLY_LOOP('',(#492,#491,#490));
#6241=FACE_OUTER_BOUND('',#6240,.T.);
#6242=DIRECTION('',(0.1732089833995613,0.27057186182834425,-0.9469897125399166));
#6243=DIRECTION('',(-0.9397110506027966,0.3332668371281493,-0.07665739785296485));
#6244=AXIS2_PLACEMENT_3D('',#492,#6242,#6243);
#6245=PLANE('',#6244);
#6246=FACE_SURFACE('',(#6241),#6245,.T.);
#6247=POLY_LOOP('',(#480,#479,#477));
#6248=FACE_OUTER_BOUND('',#6247,.T.);
#6249=DIRECTION('',(-0.1699452607645644,0.4973433562231927,-0.8507456696124376));
#6250=DIRECTION('',(-0.7124654688842634,-0.658436948471485,-0.24259789886782943));
#6251=AXIS2_PLACEMENT_3D('',#480,#6249,#6250);
#6252=PLANE('',#6251);
#6253=FACE_SURFACE('',(#6248),#6252,.T.);
#6254=POLY_LOOP('',(#492,#327,#491));
#6255=FACE_OUTER_BOUND('',#6254,.T.);
#6256=DIRECTION('',(0.15454750491102429,0.2139130388457378,-0.964549781264585));
#6257=DIRECTION('',(-0.18744076391643144,-0.9522000664634527,-0.24120736607620635));
#6258=AXIS2_PLACEMENT_3D('',#492,#6256,#6257);
#6259=PLANE('',#6258);
#6260=FACE_SURFACE('',(#6255),#6259,.T.);
#6261=POLY_LOOP('',(#478,#466,#493));
#6262=FACE_OUTER_BOUND('',#6261,.T.);
#6263=DIRECTION('',(-0.8202486661707756,0.4883515639259697,-0.29783363754976194));
#6264=DIRECTION('',(-0.006415556609525106,-0.528503299687298,-0.8489070048321123));
#6265=AXIS2_PLACEMENT_3D('',#478,#6263,#6264);
#6266=PLANE('',#6265);
#6267=FACE_SURFACE('',(#6262),#6266,.T.);
#6268=POLY_LOOP('',(#494,#493,#495));
#6269=FACE_OUTER_BOUND('',#6268,.T.);
#6270=DIRECTION('',(-0.8692143802049044,0.4473369235201298,-0.2106087322514174));
#6271=DIRECTION('',(-0.0029698791116942428,-0.43067404472466236,-0.9025026576240989));
#6272=AXIS2_PLACEMENT_3D('',#494,#6270,#6271);
#6273=PLANE('',#6272);
#6274=FACE_SURFACE('',(#6269),#6273,.T.);
#6275=POLY_LOOP('',(#496,#455,#454));
#6276=FACE_OUTER_BOUND('',#6275,.T.);
#6277=DIRECTION('',(-0.6490465423428177,0.456317484274665,-0.6086977406053631));
#6278=DIRECTION('',(-0.015637205812228844,-0.8079631858907046,-0.5890254392127123));
#6279=AXIS2_PLACEMENT_3D('',#496,#6277,#6278);
#6280=PLANE('',#6279);
#6281=FACE_SURFACE('',(#6276),#6280,.T.);
#6282=POLY_LOOP('',(#497,#455,#496));
#6283=FACE_OUTER_BOUND('',#6282,.T.);
#6284=DIRECTION('',(-0.593324542103879,0.4816684271194436,-0.6449507842103174));
#6285=DIRECTION('',(-0.7411145277785974,-0.6395966971696373,0.20412085068703226));
#6286=AXIS2_PLACEMENT_3D('',#497,#6284,#6285);
#6287=PLANE('',#6286);
#6288=FACE_SURFACE('',(#6283),#6287,.T.);
#6289=POLY_LOOP('',(#497,#456,#455));
#6290=FACE_OUTER_BOUND('',#6289,.T.);
#6291=DIRECTION('',(-0.5636321540536445,0.42753159272979274,-0.7067782765017437));
#6292=DIRECTION('',(-0.016099174896409812,-0.8611600656315158,-0.5080788894740443));
#6293=AXIS2_PLACEMENT_3D('',#497,#6291,#6292);
#6294=PLANE('',#6293);
#6295=FACE_SURFACE('',(#6290),#6294,.T.);
#6296=POLY_LOOP('',(#498,#456,#497));
#6297=FACE_OUTER_BOUND('',#6296,.T.);
#6298=DIRECTION('',(-0.4940773041199725,0.4486233282768661,-0.7447313118698095));
#6299=DIRECTION('',(-0.799323465541417,-0.5713520618592548,0.186115068825814));
#6300=AXIS2_PLACEMENT_3D('',#498,#6298,#6299);
#6301=PLANE('',#6300);
#6302=FACE_SURFACE('',(#6297),#6301,.T.);
#6303=POLY_LOOP('',(#498,#457,#456));
#6304=FACE_OUTER_BOUND('',#6303,.T.);
#6305=DIRECTION('',(-0.46142137633795144,0.3851959451794102,-0.7991960943821805));
#6306=DIRECTION('',(-0.014481537784510674,-0.9039764711493753,-0.42733689832697386));
#6307=AXIS2_PLACEMENT_3D('',#498,#6305,#6306);
#6308=PLANE('',#6307);
#6309=FACE_SURFACE('',(#6304),#6308,.T.);
#6310=POLY_LOOP('',(#499,#457,#498));
#6311=FACE_OUTER_BOUND('',#6310,.T.);
#6312=DIRECTION('',(-0.39417050050166813,0.39793332920044333,-0.8284193877775411));
#6313=DIRECTION('',(-0.8463368372414372,-0.5085457478760781,0.15841458343637876));
#6314=AXIS2_PLACEMENT_3D('',#499,#6312,#6313);
#6315=PLANE('',#6314);
#6316=FACE_SURFACE('',(#6311),#6315,.T.);
#6317=POLY_LOOP('',(#499,#458,#457));
#6318=FACE_OUTER_BOUND('',#6317,.T.);
#6319=DIRECTION('',(-0.3615942992454781,0.3301696258634039,-0.8719160400579815));
#6320=DIRECTION('',(-0.013587252637309427,-0.93696237158935,-0.34916600749705096));
#6321=AXIS2_PLACEMENT_3D('',#499,#6319,#6320);
#6322=PLANE('',#6321);
#6323=FACE_SURFACE('',(#6318),#6322,.T.);
#6324=POLY_LOOP('',(#500,#458,#499));
#6325=FACE_OUTER_BOUND('',#6324,.T.);
#6326=DIRECTION('',(-0.29037444693720393,0.33784689723264283,-0.8952888665655286));
#6327=DIRECTION('',(-0.6001162914282059,-0.7930412346453298,-0.10462330961438569));
#6328=AXIS2_PLACEMENT_3D('',#500,#6326,#6327);
#6329=PLANE('',#6328);
#6330=FACE_SURFACE('',(#6325),#6329,.T.);
#6331=POLY_LOOP('',(#500,#459,#458));
#6332=FACE_OUTER_BOUND('',#6331,.T.);
#6333=DIRECTION('',(-0.28725887512184256,0.335726828694504,-0.8970896472251059));
#6334=DIRECTION('',(-0.010186864820474935,-0.9375808008402501,-0.34761828156885605));
#6335=AXIS2_PLACEMENT_3D('',#500,#6333,#6334);
#6336=PLANE('',#6335);
#6337=FACE_SURFACE('',(#6332),#6336,.T.);
#6338=POLY_LOOP('',(#501,#459,#500));
#6339=FACE_OUTER_BOUND('',#6338,.T.);
#6340=DIRECTION('',(-0.20240588980082586,0.3423734715371652,-0.9175032761584702));
#6341=DIRECTION('',(-0.6328468777691414,-0.7607194815281075,-0.1442591408592772));
#6342=AXIS2_PLACEMENT_3D('',#501,#6340,#6341);
#6343=PLANE('',#6342);
#6344=FACE_SURFACE('',(#6339),#6343,.T.);
#6345=POLY_LOOP('',(#501,#460,#459));
#6346=FACE_OUTER_BOUND('',#6345,.T.);
#6347=DIRECTION('',(-0.19895580734406088,0.33982574769731677,-0.9192034855928433));
#6348=DIRECTION('',(-0.007259545181919142,-0.9384399554637722,-0.34536610863387407));
#6349=AXIS2_PLACEMENT_3D('',#501,#6347,#6348);
#6350=PLANE('',#6349);
#6351=FACE_SURFACE('',(#6346),#6350,.T.);
#6352=POLY_LOOP('',(#502,#460,#501));
#6353=FACE_OUTER_BOUND('',#6352,.T.);
#6354=DIRECTION('',(-0.12694008776990068,0.3434459532443117,-0.9305541850516152));
#6355=DIRECTION('',(-0.6653362997520468,-0.7252766530151883,-0.17692197382841024));
#6356=AXIS2_PLACEMENT_3D('',#502,#6354,#6355);
#6357=PLANE('',#6356);
#6358=FACE_SURFACE('',(#6353),#6357,.T.);
#6359=POLY_LOOP('',(#478,#493,#494));
#6360=FACE_OUTER_BOUND('',#6359,.T.);
#6361=DIRECTION('',(-0.8292521104171202,0.5054438989144162,-0.23846887096421113));
#6362=DIRECTION('',(-0.5461907297861582,-0.8233418861289288,0.15422005460160473));
#6363=AXIS2_PLACEMENT_3D('',#478,#6361,#6362);
#6364=PLANE('',#6363);
#6365=FACE_SURFACE('',(#6360),#6364,.T.);
#6366=POLY_LOOP('',(#502,#461,#460));
#6367=FACE_OUTER_BOUND('',#6366,.T.);
#6368=DIRECTION('',(-0.12383819317627975,0.34092800049260785,-0.9318970975332773));
#6369=DIRECTION('',(-0.004663389641916055,-0.939315674986155,-0.34302232510778624));
#6370=AXIS2_PLACEMENT_3D('',#502,#6368,#6369);
#6371=PLANE('',#6370);
#6372=FACE_SURFACE('',(#6367),#6371,.T.);
#6373=POLY_LOOP('',(#503,#462,#461));
#6374=FACE_OUTER_BOUND('',#6373,.T.);
#6375=DIRECTION('',(-0.06342661547503758,0.34063289028131005,-0.9380545285365786));
#6376=DIRECTION('',(-0.0022806027432547434,-0.9399941248037476,-0.3411830068827638));
#6377=AXIS2_PLACEMENT_3D('',#503,#6375,#6376);
#6378=PLANE('',#6377);
#6379=FACE_SURFACE('',(#6374),#6378,.T.);
#6380=POLY_LOOP('',(#504,#462,#503));
#6381=FACE_OUTER_BOUND('',#6380,.T.);
#6382=DIRECTION('',(-0.01871009843204598,0.34116427991690645,-0.9398174643649915));
#6383=DIRECTION('',(-0.7310251306996857,-0.6459362435851117,-0.21992868732537582));
#6384=AXIS2_PLACEMENT_3D('',#504,#6382,#6383);
#6385=PLANE('',#6384);
#6386=FACE_SURFACE('',(#6381),#6385,.T.);
#6387=POLY_LOOP('',(#504,#463,#462));
#6388=FACE_OUTER_BOUND('',#6387,.T.);
#6389=DIRECTION('',(-0.01792585167550108,0.34037887572013154,-0.9401174845758413));
#6390=DIRECTION('',(-4.18694828877774e-06,-0.9402685934055987,-0.34043350633791375));
#6391=AXIS2_PLACEMENT_3D('',#504,#6389,#6390);
#6392=PLANE('',#6391);
#6393=FACE_SURFACE('',(#6388),#6392,.T.);
#6394=POLY_LOOP('',(#505,#463,#504));
#6395=FACE_OUTER_BOUND('',#6394,.T.);
#6396=DIRECTION('',(0.017879369169360757,0.3403790181000767,-0.9401183181894358));
#6397=DIRECTION('',(-0.99880376730706,0.04888098388407388,-0.0012976238858465321));
#6398=AXIS2_PLACEMENT_3D('',#505,#6396,#6397);
#6399=PLANE('',#6398);
#6400=FACE_SURFACE('',(#6395),#6399,.T.);
#6401=POLY_LOOP('',(#505,#451,#463));
#6402=FACE_OUTER_BOUND('',#6401,.T.);
#6403=DIRECTION('',(0.01445509819118054,0.2698073082736884,-0.9628058301331534));
#6404=DIRECTION('',(0.0023953379113292577,-0.962913015973211,-0.269801382549581));
#6405=AXIS2_PLACEMENT_3D('',#505,#6403,#6404);
#6406=PLANE('',#6405);
#6407=FACE_SURFACE('',(#6402),#6406,.T.);
#6408=POLY_LOOP('',(#506,#451,#505));
#6409=FACE_OUTER_BOUND('',#6408,.T.);
#6410=DIRECTION('',(0.05132053924353195,0.2695649897186731,-0.9616137054814293));
#6411=DIRECTION('',(-0.9896086637518549,0.14322818824678818,-0.012664071968015257));
#6412=AXIS2_PLACEMENT_3D('',#506,#6410,#6411);
#6413=PLANE('',#6412);
#6414=FACE_SURFACE('',(#6409),#6413,.T.);
#6415=POLY_LOOP('',(#506,#331,#451));
#6416=FACE_OUTER_BOUND('',#6415,.T.);
#6417=DIRECTION('',(0.042606288403093676,0.20797688974287343,-0.9772053609765928));
#6418=DIRECTION('',(-0.09062454853400218,-0.9732569703798845,-0.21108780355571655));
#6419=AXIS2_PLACEMENT_3D('',#506,#6417,#6418);
#6420=PLANE('',#6419);
#6421=FACE_SURFACE('',(#6416),#6420,.T.);
#6422=POLY_LOOP('',(#329,#331,#506));
#6423=FACE_OUTER_BOUND('',#6422,.T.);
#6424=DIRECTION('',(0.07995833581116106,0.20416490772980697,-0.9756655958810831));
#6425=DIRECTION('',(-0.9751169022016036,0.21905702436331057,-0.03407414148353913));
#6426=AXIS2_PLACEMENT_3D('',#329,#6424,#6425);
#6427=PLANE('',#6426);
#6428=FACE_SURFACE('',(#6423),#6427,.T.);
#6429=POLY_LOOP('',(#507,#508,#509));
#6430=FACE_OUTER_BOUND('',#6429,.T.);
#6431=DIRECTION('',(-0.9307352305548887,0.3491465447452275,-0.10875946347976884));
#6432=DIRECTION('',(0.1519967003695731,0.09884621575462507,-0.9834258633510471));
#6433=AXIS2_PLACEMENT_3D('',#507,#6431,#6432);
#6434=PLANE('',#6433);
#6435=FACE_SURFACE('',(#6430),#6434,.T.);
#6436=POLY_LOOP('',(#510,#508,#507));
#6437=FACE_OUTER_BOUND('',#6436,.T.);
#6438=DIRECTION('',(-0.9094807814768976,0.40353839214192855,-0.10000737068675845));
#6439=DIRECTION('',(-0.4122318907269937,-0.9065238060746598,0.09099152316320709));
#6440=AXIS2_PLACEMENT_3D('',#510,#6438,#6439);
#6441=PLANE('',#6440);
#6442=FACE_SURFACE('',(#6437),#6441,.T.);
#6443=POLY_LOOP('',(#510,#495,#508));
#6444=FACE_OUTER_BOUND('',#6443,.T.);
#6445=DIRECTION('',(-0.9065125421442569,0.39812826094537973,-0.14045959836110875));
#6446=DIRECTION('',(-0.0004998063014595028,-0.3337134437215592,-0.9426744335523048));
#6447=AXIS2_PLACEMENT_3D('',#510,#6445,#6446);
#6448=PLANE('',#6447);
#6449=FACE_SURFACE('',(#6444),#6448,.T.);
#6450=POLY_LOOP('',(#494,#495,#510));
#6451=FACE_OUTER_BOUND('',#6450,.T.);
#6452=DIRECTION('',(-0.8746050101768152,0.45718837589195616,-0.16138421584184795));
#6453=DIRECTION('',(-0.4773775275783803,-0.8702047481134159,0.12187859748134358));
#6454=AXIS2_PLACEMENT_3D('',#494,#6452,#6453);
#6455=PLANE('',#6454);
#6456=FACE_SURFACE('',(#6451),#6455,.T.);
#6457=POLY_LOOP('',(#503,#461,#502));
#6458=FACE_OUTER_BOUND('',#6457,.T.);
#6459=DIRECTION('',(-0.06558611097561945,0.3425747734026026,-0.9371984777384399));
#6460=DIRECTION('',(-0.6979463727971444,-0.6869908370981136,-0.20227320742634897));
#6461=AXIS2_PLACEMENT_3D('',#503,#6459,#6460);
#6462=PLANE('',#6461);
#6463=FACE_SURFACE('',(#6458),#6462,.T.);
#6464=POLY_LOOP('',(#325,#327,#492));
#6465=FACE_OUTER_BOUND('',#6464,.T.);
#6466=DIRECTION('',(0.20730406532114723,0.20168165674378233,-0.9572614762093004));
#6467=DIRECTION('',(-0.9139062476458386,0.3890110632715606,-0.11595586732129103));
#6468=AXIS2_PLACEMENT_3D('',#325,#6466,#6467);
#6469=PLANE('',#6468);
#6470=FACE_SURFACE('',(#6465),#6469,.T.);
#6471=POLY_LOOP('',(#511,#512,#513));
#6472=FACE_OUTER_BOUND('',#6471,.T.);
#6473=DIRECTION('',(-0.8739983024967957,0.46539724917186237,-0.1397582473272437));
#6474=DIRECTION('',(-0.0001766928339311693,-0.2879147981412675,-0.9576560122460025));
#6475=AXIS2_PLACEMENT_3D('',#511,#6473,#6474);
#6476=PLANE('',#6475);
#6477=FACE_SURFACE('',(#6472),#6476,.T.);
#6478=POLY_LOOP('',(#514,#512,#511));
#6479=FACE_OUTER_BOUND('',#6478,.T.);
#6480=DIRECTION('',(-0.8389246546469465,0.5212446301540349,-0.15655497232948126));
#6481=DIRECTION('',(-0.5384411480105523,-0.8368014226449576,0.09921950004133992));
#6482=AXIS2_PLACEMENT_3D('',#514,#6480,#6481);
#6483=PLANE('',#6482);
#6484=FACE_SURFACE('',(#6479),#6483,.T.);
#6485=POLY_LOOP('',(#145,#515,#143));
#6486=FACE_OUTER_BOUND('',#6485,.T.);
#6487=DIRECTION('',(0.3270999928405002,0.26601951968413484,-0.9067740676876279));
#6488=DIRECTION('',(-0.8591719844729921,0.4832682766183459,-0.1681525316820245));
#6489=AXIS2_PLACEMENT_3D('',#145,#6487,#6488);
#6490=PLANE('',#6489);
#6491=FACE_SURFACE('',(#6486),#6490,.T.);
#6492=POLY_LOOP('',(#145,#360,#515));
#6493=FACE_OUTER_BOUND('',#6492,.T.);
#6494=DIRECTION('',(0.2954739878651426,0.20027798953689802,-0.9341219670910901));
#6495=DIRECTION('',(0.17916146886981527,-0.9720476424299747,-0.15173842268436244));
#6496=AXIS2_PLACEMENT_3D('',#145,#6494,#6495);
#6497=PLANE('',#6496);
#6498=FACE_SURFACE('',(#6493),#6497,.T.);
#6499=POLY_LOOP('',(#147,#360,#145));
#6500=FACE_OUTER_BOUND('',#6499,.T.);
#6501=DIRECTION('',(0.3741003862893856,0.2099598141296952,-0.9033082405407118));
#6502=DIRECTION('',(-0.8230356259170277,0.5240517104338037,-0.21904831262251523));
#6503=AXIS2_PLACEMENT_3D('',#147,#6501,#6502);
#6504=PLANE('',#6503);
#6505=FACE_SURFACE('',(#6500),#6504,.T.);
#6506=POLY_LOOP('',(#49,#514,#511));
#6507=FACE_OUTER_BOUND('',#6506,.T.);
#6508=DIRECTION('',(-0.8428164452164487,0.5137459039273891,-0.1603919757049555));
#6509=DIRECTION('',(0.08227226224255597,-0.17152923272282844,-0.9817377435888924));
#6510=AXIS2_PLACEMENT_3D('',#49,#6508,#6509);
#6511=PLANE('',#6510);
#6512=FACE_SURFACE('',(#6507),#6511,.T.);
#6513=POLY_LOOP('',(#48,#514,#49));
#6514=FACE_OUTER_BOUND('',#6513,.T.);
#6515=DIRECTION('',(-0.7945619406111758,0.5833326202357362,-0.16850631056762544));
#6516=DIRECTION('',(-0.6025979094316808,-0.7916281347824844,0.10099829587360579));
#6517=AXIS2_PLACEMENT_3D('',#48,#6515,#6516);
#6518=PLANE('',#6517);
#6519=FACE_SURFACE('',(#6514),#6518,.T.);
#6520=POLY_LOOP('',(#48,#516,#514));
#6521=FACE_OUTER_BOUND('',#6520,.T.);
#6522=DIRECTION('',(-0.7911756643947243,0.5760379327944395,-0.20547838828323384));
#6523=DIRECTION('',(-0.001563710236602154,-0.337878838451495,-0.941188315554844));
#6524=AXIS2_PLACEMENT_3D('',#48,#6522,#6523);
#6525=PLANE('',#6524);
#6526=FACE_SURFACE('',(#6521),#6525,.T.);
#6527=POLY_LOOP('',(#51,#516,#48));
#6528=FACE_OUTER_BOUND('',#6527,.T.);
#6529=DIRECTION('',(-0.7410694110182711,0.6323319594409753,-0.22577072689471828));
#6530=DIRECTION('',(-0.6659633685696875,-0.7350520574899901,0.12724489971329525));
#6531=AXIS2_PLACEMENT_3D('',#51,#6529,#6530);
#6532=PLANE('',#6531);
#6533=FACE_SURFACE('',(#6528),#6532,.T.);
#6534=POLY_LOOP('',(#51,#517,#516));
#6535=FACE_OUTER_BOUND('',#6534,.T.);
#6536=DIRECTION('',(-0.7333130105093699,0.6137517271842376,-0.29250785629799764));
#6537=DIRECTION('',(-0.004174196243052869,-0.43428355734076585,-0.9007665446213986));
#6538=AXIS2_PLACEMENT_3D('',#51,#6536,#6537);
#6539=PLANE('',#6538);
#6540=FACE_SURFACE('',(#6535),#6539,.T.);
#6541=POLY_LOOP('',(#77,#517,#51));
#6542=FACE_OUTER_BOUND('',#6541,.T.);
#6543=DIRECTION('',(-0.6808867303132327,0.6609463734036738,-0.3155045989647163));
#6544=DIRECTION('',(-0.7231906353063439,-0.6748107065324949,0.14705718396026093));
#6545=AXIS2_PLACEMENT_3D('',#77,#6543,#6544);
#6546=PLANE('',#6545);
#6547=FACE_SURFACE('',(#6542),#6546,.T.);
#6548=POLY_LOOP('',(#77,#518,#517));
#6549=FACE_OUTER_BOUND('',#6548,.T.);
#6550=DIRECTION('',(-0.6693212610858097,0.632281260910102,-0.3901659346488787));
#6551=DIRECTION('',(-0.006378668844603107,-0.5300122610153235,-0.8479659873822742));
#6552=AXIS2_PLACEMENT_3D('',#77,#6550,#6551);
#6553=PLANE('',#6552);
#6554=FACE_SURFACE('',(#6549),#6553,.T.);
#6555=POLY_LOOP('',(#79,#518,#77));
#6556=FACE_OUTER_BOUND('',#6555,.T.);
#6557=DIRECTION('',(-0.6040644452660549,0.6778223107827809,-0.4191217734388237));
#6558=DIRECTION('',(-0.7809174047071722,-0.6083655286910021,0.1416311778032368));
#6559=AXIS2_PLACEMENT_3D('',#79,#6557,#6558);
#6560=PLANE('',#6559);
#6561=FACE_SURFACE('',(#6556),#6560,.T.);
#6562=POLY_LOOP('',(#79,#519,#518));
#6563=FACE_OUTER_BOUND('',#6562,.T.);
#6564=DIRECTION('',(-0.5911988446344691,0.6466765964243716,-0.4819681584294333));
#6565=DIRECTION('',(-0.006857973973617149,-0.6015946072813145,-0.7987721181181889));
#6566=AXIS2_PLACEMENT_3D('',#79,#6564,#6565);
#6567=PLANE('',#6566);
#6568=FACE_SURFACE('',(#6563),#6567,.T.);
#6569=POLY_LOOP('',(#143,#515,#520));
#6570=FACE_OUTER_BOUND('',#6569,.T.);
#6571=DIRECTION('',(0.25966602662198424,0.2708245698583318,-0.9269453095945848));
#6572=DIRECTION('',(0.014308674125671142,-0.9608439443231387,-0.2767203940845677));
#6573=AXIS2_PLACEMENT_3D('',#143,#6571,#6572);
#6574=PLANE('',#6573);
#6575=FACE_SURFACE('',(#6570),#6574,.T.);
#6576=POLY_LOOP('',(#104,#519,#79));
#6577=FACE_OUTER_BOUND('',#6576,.T.);
#6578=DIRECTION('',(-0.5284788600267465,0.6803049886561909,-0.5078338477438564));
#6579=DIRECTION('',(-0.8269128352238675,-0.5479074175615555,0.12654100016616104));
#6580=AXIS2_PLACEMENT_3D('',#104,#6578,#6579);
#6581=PLANE('',#6580);
#6582=FACE_SURFACE('',(#6577),#6581,.T.);
#6583=POLY_LOOP('',(#105,#521,#104));
#6584=FACE_OUTER_BOUND('',#6583,.T.);
#6585=DIRECTION('',(-0.43607063569445365,0.6661784979606558,-0.605019511701829));
#6586=DIRECTION('',(-0.6900659890714821,-0.6790698222174426,-0.2503459751631089));
#6587=AXIS2_PLACEMENT_3D('',#105,#6585,#6586);
#6588=PLANE('',#6587);
#6589=FACE_SURFACE('',(#6584),#6588,.T.);
#6590=POLY_LOOP('',(#105,#522,#521));
#6591=FACE_OUTER_BOUND('',#6590,.T.);
#6592=DIRECTION('',(-0.43407974807433575,0.6651132002922077,-0.6076176454883274));
#6593=DIRECTION('',(-0.005629327110743724,-0.6764648168427804,-0.7364534352219045));
#6594=AXIS2_PLACEMENT_3D('',#105,#6592,#6593);
#6595=PLANE('',#6594);
#6596=FACE_SURFACE('',(#6591),#6595,.T.);
#6597=POLY_LOOP('',(#45,#522,#105));
#6598=FACE_OUTER_BOUND('',#6597,.T.);
#6599=DIRECTION('',(-0.3330001901622289,0.6956994006379572,-0.6364850487669812));
#6600=DIRECTION('',(-0.7293672601706339,-0.6178521637821337,-0.2937381546563506));
#6601=AXIS2_PLACEMENT_3D('',#45,#6599,#6600);
#6602=PLANE('',#6601);
#6603=FACE_SURFACE('',(#6598),#6602,.T.);
#6604=POLY_LOOP('',(#45,#523,#522));
#6605=FACE_OUTER_BOUND('',#6604,.T.);
#6606=DIRECTION('',(-0.3303796199923767,0.69408791141639,-0.6396024373932031));
#6607=DIRECTION('',(-0.004024977575201445,-0.6786838730646897,-0.7344194986500776));
#6608=AXIS2_PLACEMENT_3D('',#45,#6606,#6607);
#6609=PLANE('',#6608);
#6610=FACE_SURFACE('',(#6605),#6609,.T.);
#6611=POLY_LOOP('',(#46,#523,#45));
#6612=FACE_OUTER_BOUND('',#6611,.T.);
#6613=DIRECTION('',(-0.23050972509265763,0.7152767519816033,-0.659730577366515));
#6614=DIRECTION('',(-0.7659718553005307,-0.5515190278820271,-0.33032389978856597));
#6615=AXIS2_PLACEMENT_3D('',#46,#6613,#6614);
#6616=PLANE('',#6615);
#6617=FACE_SURFACE('',(#6612),#6616,.T.);
#6618=POLY_LOOP('',(#46,#524,#523));
#6619=FACE_OUTER_BOUND('',#6618,.T.);
#6620=DIRECTION('',(-0.22789143879436197,0.713399005033354,-0.6626668482289241));
#6621=DIRECTION('',(-0.0025962600866644764,-0.6810179260190367,-0.7322621415000863));
#6622=AXIS2_PLACEMENT_3D('',#46,#6620,#6621);
#6623=PLANE('',#6622);
#6624=FACE_SURFACE('',(#6619),#6623,.T.);
#6625=POLY_LOOP('',(#89,#524,#46));
#6626=FACE_OUTER_BOUND('',#6625,.T.);
#6627=DIRECTION('',(-0.13264320915633993,0.7260286942602889,-0.6747504087997335));
#6628=DIRECTION('',(-0.7996660604474033,-0.48060707314426776,-0.3599319838694947));
#6629=AXIS2_PLACEMENT_3D('',#89,#6627,#6628);
#6630=PLANE('',#6629);
#6631=FACE_SURFACE('',(#6626),#6630,.T.);
#6632=POLY_LOOP('',(#89,#525,#524));
#6633=FACE_OUTER_BOUND('',#6632,.T.);
#6634=DIRECTION('',(-0.13070155809170164,0.7243945986940349,-0.6768822409365675));
#6635=DIRECTION('',(-0.001273522398385315,-0.6828610494137486,-0.730547168452698));
#6636=AXIS2_PLACEMENT_3D('',#89,#6634,#6635);
#6637=PLANE('',#6636);
#6638=FACE_SURFACE('',(#6633),#6637,.T.);
#6639=POLY_LOOP('',(#90,#525,#89));
#6640=FACE_OUTER_BOUND('',#6639,.T.);
#6641=DIRECTION('',(-0.042283047593512306,0.7299311815611954,-0.6822115610797593));
#6642=DIRECTION('',(-0.8301869281326546,-0.40557505493157814,-0.3824899203572741));
#6643=AXIS2_PLACEMENT_3D('',#90,#6641,#6642);
#6644=PLANE('',#6643);
#6645=FACE_SURFACE('',(#6640),#6644,.T.);
#6646=POLY_LOOP('',(#90,#526,#525));
#6647=FACE_OUTER_BOUND('',#6646,.T.);
#6648=DIRECTION('',(-0.04155487741506776,0.7292098733898175,-0.6830271976384432));
#6649=DIRECTION('',(-2.4958685627720945e-06,-0.6836177666177712,-0.7298402216638249));
#6650=AXIS2_PLACEMENT_3D('',#90,#6648,#6649);
#6651=PLANE('',#6650);
#6652=FACE_SURFACE('',(#6647),#6651,.T.);
#6653=POLY_LOOP('',(#363,#526,#90));
#6654=FACE_OUTER_BOUND('',#6653,.T.);
#6655=DIRECTION('',(0.041459365892181944,0.7292126276296026,-0.6830300613335764));
#6656=DIRECTION('',(-0.9985348266415165,0.05403384477124834,-0.002922944274732314));
#6657=AXIS2_PLACEMENT_3D('',#363,#6655,#6656);
#6658=PLANE('',#6657);
#6659=FACE_SURFACE('',(#6654),#6658,.T.);
#6660=POLY_LOOP('',(#363,#362,#526));
#6661=FACE_OUTER_BOUND('',#6660,.T.);
#6662=DIRECTION('',(0.037826264403717315,0.6583559339427716,-0.75175570364554));
#6663=DIRECTION('',(0.0015153165766385271,-0.7523310226629827,-0.6587835275373415));
#6664=AXIS2_PLACEMENT_3D('',#363,#6662,#6663);
#6665=PLANE('',#6664);
#6666=FACE_SURFACE('',(#6661),#6665,.T.);
#6667=POLY_LOOP('',(#104,#521,#519));
#6668=FACE_OUTER_BOUND('',#6667,.T.);
#6669=DIRECTION('',(-0.5104764535354398,0.6370242489657749,-0.5775931930134484));
#6670=DIRECTION('',(-0.0074861648583997055,-0.6749714303203683,-0.7378058861157106));
#6671=AXIS2_PLACEMENT_3D('',#104,#6669,#6670);
#6672=PLANE('',#6671);
#6673=FACE_SURFACE('',(#6668),#6672,.T.);
#6674=POLY_LOOP('',(#143,#520,#141));
#6675=FACE_OUTER_BOUND('',#6674,.T.);
#6676=DIRECTION('',(0.2871414440617301,0.3357304291096651,-0.8971258942155134));
#6677=DIRECTION('',(-0.8923281845285768,0.43428154107979167,-0.12308515009250852));
#6678=AXIS2_PLACEMENT_3D('',#143,#6676,#6677);
#6679=PLANE('',#6678);
#6680=FACE_SURFACE('',(#6675),#6679,.T.);
#6681=POLY_LOOP('',(#141,#520,#527));
#6682=FACE_OUTER_BOUND('',#6681,.T.);
#6683=DIRECTION('',(0.20229980477851905,0.3423729950173981,-0.9175268504351193));
#6684=DIRECTION('',(0.010179777593905296,-0.9375830434587236,-0.3476124404373581));
#6685=AXIS2_PLACEMENT_3D('',#141,#6683,#6684);
#6686=PLANE('',#6685);
#6687=FACE_SURFACE('',(#6682),#6686,.T.);
#6688=POLY_LOOP('',(#141,#527,#139));
#6689=FACE_OUTER_BOUND('',#6688,.T.);
#6690=DIRECTION('',(0.22625250174534242,0.41324418576410676,-0.8820652177623456));
#6691=DIRECTION('',(-0.9328982602734659,0.35241642174344456,-0.07418558933032315));
#6692=AXIS2_PLACEMENT_3D('',#141,#6690,#6691);
#6693=PLANE('',#6692);
#6694=FACE_SURFACE('',(#6689),#6693,.T.);
#6695=POLY_LOOP('',(#514,#528,#512));
#6696=FACE_OUTER_BOUND('',#6695,.T.);
#6697=DIRECTION('',(-0.8363937666980035,0.5163814044340312,-0.18383610141499102));
#6698=DIRECTION('',(-0.0014395435126548705,-0.3374565750374856,-0.941339995792405));
#6699=AXIS2_PLACEMENT_3D('',#514,#6697,#6698);
#6700=PLANE('',#6699);
#6701=FACE_SURFACE('',(#6696),#6700,.T.);
#6702=POLY_LOOP('',(#516,#528,#514));
#6703=FACE_OUTER_BOUND('',#6702,.T.);
#6704=DIRECTION('',(-0.7910259161037854,0.5762793360711799,-0.20537800970290745));
#6705=DIRECTION('',(-0.6055149891858708,-0.7854173156222238,0.12834032176995278));
#6706=AXIS2_PLACEMENT_3D('',#516,#6704,#6705);
#6707=PLANE('',#6706);
#6708=FACE_SURFACE('',(#6703),#6707,.T.);
#6709=POLY_LOOP('',(#516,#529,#528));
#6710=FACE_OUTER_BOUND('',#6709,.T.);
#6711=DIRECTION('',(-0.7838837978232005,0.5607745922196178,-0.2665671551995806));
#6712=DIRECTION('',(-0.004234450241189292,-0.43413678184101434,-0.9008370130516854));
#6713=AXIS2_PLACEMENT_3D('',#516,#6711,#6712);
#6714=PLANE('',#6713);
#6715=FACE_SURFACE('',(#6710),#6714,.T.);
#6716=POLY_LOOP('',(#517,#529,#516));
#6717=FACE_OUTER_BOUND('',#6716,.T.);
#6718=DIRECTION('',(-0.7331531549012636,0.6139733408421812,-0.29244347863034065));
#6719=DIRECTION('',(-0.6697236481374462,-0.7265420712581051,0.15364522061376515));
#6720=AXIS2_PLACEMENT_3D('',#517,#6718,#6719);
#6721=PLANE('',#6720);
#6722=FACE_SURFACE('',(#6717),#6721,.T.);
#6723=POLY_LOOP('',(#517,#530,#529));
#6724=FACE_OUTER_BOUND('',#6723,.T.);
#6725=DIRECTION('',(-0.7221984737479061,0.5890463097222866,-0.3625655934017332));
#6726=DIRECTION('',(-0.006884591914470206,-0.530272308963771,-0.8477994342652053));
#6727=AXIS2_PLACEMENT_3D('',#517,#6725,#6726);
#6728=PLANE('',#6727);
#6729=FACE_SURFACE('',(#6724),#6728,.T.);
#6730=POLY_LOOP('',(#518,#530,#517));
#6731=FACE_OUTER_BOUND('',#6730,.T.);
#6732=DIRECTION('',(-0.6692635820616214,0.63238245421157,-0.390100870713459));
#6733=DIRECTION('',(-0.7254363044844021,-0.6696793940547132,0.15897068067579628));
#6734=AXIS2_PLACEMENT_3D('',#518,#6732,#6733);
#6735=PLANE('',#6734);
#6736=FACE_SURFACE('',(#6731),#6735,.T.);
#6737=POLY_LOOP('',(#518,#531,#530));
#6738=FACE_OUTER_BOUND('',#6737,.T.);
#6739=DIRECTION('',(-0.6571267571344647,0.6051556941772258,-0.44941184993591593));
#6740=DIRECTION('',(-0.008319124551533863,-0.6019969474288358,-0.7984550503648027));
#6741=AXIS2_PLACEMENT_3D('',#518,#6739,#6740);
#6742=PLANE('',#6741);
#6743=FACE_SURFACE('',(#6738),#6742,.T.);
#6744=POLY_LOOP('',(#519,#531,#518));
#6745=FACE_OUTER_BOUND('',#6744,.T.);
#6746=DIRECTION('',(-0.5910556742120687,0.6470289915317842,-0.4816707112738736));
#6747=DIRECTION('',(-0.7833091662754254,-0.6029514631248187,0.15124907650805172));
#6748=AXIS2_PLACEMENT_3D('',#519,#6746,#6747);
#6749=PLANE('',#6748);
#6750=FACE_SURFACE('',(#6745),#6749,.T.);
#6751=POLY_LOOP('',(#519,#532,#531));
#6752=FACE_OUTER_BOUND('',#6751,.T.);
#6753=DIRECTION('',(-0.573823417949592,0.6077646589358026,-0.5489524609301751));
#6754=DIRECTION('',(-0.008551930617370154,-0.6746988691357972,-0.738043562718077));
#6755=AXIS2_PLACEMENT_3D('',#519,#6753,#6754);
#6756=PLANE('',#6755);
#6757=FACE_SURFACE('',(#6752),#6756,.T.);
#6758=POLY_LOOP('',(#521,#532,#519));
#6759=FACE_OUTER_BOUND('',#6758,.T.);
#6760=DIRECTION('',(-0.5098521270260215,0.6378679872261677,-0.5772133396232968));
#6761=DIRECTION('',(-0.8295692970198998,-0.5421868657974466,0.13359709577176834));
#6762=AXIS2_PLACEMENT_3D('',#521,#6760,#6761);
#6763=PLANE('',#6762);
#6764=FACE_SURFACE('',(#6759),#6763,.T.);
#6765=POLY_LOOP('',(#521,#533,#532));
#6766=FACE_OUTER_BOUND('',#6765,.T.);
#6767=DIRECTION('',(-0.4872104182882744,0.5858858014999165,-0.6475830725954509));
#6768=DIRECTION('',(-0.008963679333330324,-0.7448647329554462,-0.667155290807186));
#6769=AXIS2_PLACEMENT_3D('',#521,#6767,#6768);
#6770=PLANE('',#6769);
#6771=FACE_SURFACE('',(#6766),#6770,.T.);
#6772=POLY_LOOP('',(#522,#533,#521));
#6773=FACE_OUTER_BOUND('',#6772,.T.);
#6774=DIRECTION('',(-0.4124755883510783,0.6105311773821134,-0.6761032247067322));
#6775=DIRECTION('',(-0.6752692801238327,-0.7030769331393265,-0.2229220164282566));
#6776=AXIS2_PLACEMENT_3D('',#522,#6774,#6775);
#6777=PLANE('',#6776);
#6778=FACE_SURFACE('',(#6773),#6777,.T.);
#6779=POLY_LOOP('',(#522,#534,#533));
#6780=FACE_OUTER_BOUND('',#6779,.T.);
#6781=DIRECTION('',(-0.410087888959784,0.6091046504283244,-0.6788368347070572));
#6782=DIRECTION('',(-0.006731536771266325,-0.7463021998234194,-0.6655732213298716));
#6783=AXIS2_PLACEMENT_3D('',#522,#6781,#6782);
#6784=PLANE('',#6783);
#6785=FACE_SURFACE('',(#6780),#6784,.T.);
#6786=POLY_LOOP('',(#523,#534,#522));
#6787=FACE_OUTER_BOUND('',#6786,.T.);
#6788=DIRECTION('',(-0.3108305570323152,0.6341786882966898,-0.7079560410966705));
#6789=DIRECTION('',(-0.7140080496696983,-0.6474409055680393,-0.26648222980925146));
#6790=AXIS2_PLACEMENT_3D('',#523,#6788,#6789);
#6791=PLANE('',#6790);
#6792=FACE_SURFACE('',(#6787),#6791,.T.);
#6793=POLY_LOOP('',(#523,#535,#534));
#6794=FACE_OUTER_BOUND('',#6793,.T.);
#6795=DIRECTION('',(-0.3078091450329222,0.6321382241985425,-0.7110940836072359));
#6796=DIRECTION('',(-0.004809655629901133,-0.7484050783160033,-0.6632244763000975));
#6797=AXIS2_PLACEMENT_3D('',#523,#6795,#6796);
#6798=PLANE('',#6797);
#6799=FACE_SURFACE('',(#6794),#6798,.T.);
#6800=POLY_LOOP('',(#524,#535,#523));
#6801=FACE_OUTER_BOUND('',#6800,.T.);
#6802=DIRECTION('',(-0.21222090349989642,0.6488884275969663,-0.7306887823474671));
#6803=DIRECTION('',(-0.7507119869971359,-0.5869430559076201,-0.3031985516136851));
#6804=AXIS2_PLACEMENT_3D('',#524,#6802,#6803);
#6805=PLANE('',#6804);
#6806=FACE_SURFACE('',(#6801),#6805,.T.);
#6807=POLY_LOOP('',(#524,#536,#535));
#6808=FACE_OUTER_BOUND('',#6807,.T.);
#6809=DIRECTION('',(-0.20927623828752792,0.6466040570770091,-0.7335575297546703));
#6810=DIRECTION('',(-0.003096343905764213,-0.7506032709514722,-0.6607458984294704));
#6811=AXIS2_PLACEMENT_3D('',#524,#6809,#6810);
#6812=PLANE('',#6811);
#6813=FACE_SURFACE('',(#6808),#6812,.T.);
#6814=POLY_LOOP('',(#525,#536,#524));
#6815=FACE_OUTER_BOUND('',#6814,.T.);
#6816=DIRECTION('',(-0.12045039799672368,0.6562182793661925,-0.7448954768610859));
#6817=DIRECTION('',(-0.7853168748772605,-0.5219939929250929,-0.3328658549372872));
#6818=AXIS2_PLACEMENT_3D('',#525,#6816,#6817);
#6819=PLANE('',#6818);
#6820=FACE_SURFACE('',(#6815),#6819,.T.);
#6821=POLY_LOOP('',(#525,#537,#536));
#6822=FACE_OUTER_BOUND('',#6821,.T.);
#6823=DIRECTION('',(-0.11830319413586643,0.6542882133534488,-0.7469345942744944));
#6824=DIRECTION('',(-0.0015188029258675758,-0.7523353744551526,-0.6587785497275223));
#6825=AXIS2_PLACEMENT_3D('',#525,#6823,#6824);
#6826=PLANE('',#6825);
#6827=FACE_SURFACE('',(#6822),#6826,.T.);
#6828=POLY_LOOP('',(#526,#537,#525));
#6829=FACE_OUTER_BOUND('',#6828,.T.);
#6830=DIRECTION('',(-0.037913082120871834,0.6583489943666414,-0.7517574075594653));
#6831=DIRECTION('',(-0.8177002922095007,-0.4528659638922184,-0.3553570751630945));
#6832=AXIS2_PLACEMENT_3D('',#526,#6830,#6831);
#6833=PLANE('',#6832);
#6834=FACE_SURFACE('',(#6829),#6833,.T.);
#6835=POLY_LOOP('',(#526,#538,#537));
#6836=FACE_OUTER_BOUND('',#6835,.T.);
#6837=DIRECTION('',(-0.03713066101332236,0.6575294316203797,-0.7525133623834824));
#6838=DIRECTION('',(-1.7392732853683865e-06,-0.7530326817199238,-0.6579831154814498));
#6839=AXIS2_PLACEMENT_3D('',#526,#6837,#6838);
#6840=PLANE('',#6839);
#6841=FACE_SURFACE('',(#6836),#6840,.T.);
#6842=POLY_LOOP('',(#362,#538,#526));
#6843=FACE_OUTER_BOUND('',#6842,.T.);
#6844=DIRECTION('',(0.03703939842805056,0.6575315629384423,-0.7525159976397959));
#6845=DIRECTION('',(-0.99857449271473,0.05331415189797554,-0.0025658735197550183));
#6846=AXIS2_PLACEMENT_3D('',#362,#6844,#6845);
#6847=PLANE('',#6846);
#6848=FACE_SURFACE('',(#6843),#6847,.T.);
#6849=POLY_LOOP('',(#362,#539,#538));
#6850=FACE_OUTER_BOUND('',#6849,.T.);
#6851=DIRECTION('',(0.03306114615925742,0.5800646481080064,-0.813899234936347));
#6852=DIRECTION('',(0.0017454115650899662,-0.8143766795192203,-0.5803340222610747));
#6853=AXIS2_PLACEMENT_3D('',#362,#6851,#6852);
#6854=PLANE('',#6853);
#6855=FACE_SURFACE('',(#6850),#6854,.T.);
#6856=POLY_LOOP('',(#302,#539,#362));
#6857=FACE_OUTER_BOUND('',#6856,.T.);
#6858=DIRECTION('',(0.10461462944906502,0.5772992052654515,-0.8098033137158139));
#6859=DIRECTION('',(-0.9872271823187743,0.1586644414523572,-0.01442516930733379));
#6860=AXIS2_PLACEMENT_3D('',#302,#6858,#6859);
#6861=PLANE('',#6860);
#6862=FACE_SURFACE('',(#6857),#6861,.T.);
#6863=POLY_LOOP('',(#302,#540,#539));
#6864=FACE_OUTER_BOUND('',#6863,.T.);
#6865=DIRECTION('',(0.09282003228135244,0.49921246401032504,-0.8614936780870933));
#6866=DIRECTION('',(0.003990104101613109,-0.8654085045444778,-0.5010510945316344));
#6867=AXIS2_PLACEMENT_3D('',#302,#6865,#6866);
#6868=PLANE('',#6867);
#6869=FACE_SURFACE('',(#6864),#6868,.T.);
#6870=POLY_LOOP('',(#139,#540,#302));
#6871=FACE_OUTER_BOUND('',#6870,.T.);
#6872=DIRECTION('',(0.16657283690978236,0.49463000371773486,-0.8529915881332127));
#6873=DIRECTION('',(-0.9649914750827341,0.25952056394365147,-0.03795431343099434));
#6874=AXIS2_PLACEMENT_3D('',#139,#6872,#6873);
#6875=PLANE('',#6874);
#6876=FACE_SURFACE('',(#6871),#6875,.T.);
#6877=POLY_LOOP('',(#139,#527,#540));
#6878=FACE_OUTER_BOUND('',#6877,.T.);
#6879=DIRECTION('',(0.14793793994461957,0.4190754146379097,-0.8958181527358141));
#6880=DIRECTION('',(0.006775984833267761,-0.9061930555937707,-0.42280992422501695));
#6881=AXIS2_PLACEMENT_3D('',#139,#6879,#6880);
#6882=PLANE('',#6881);
#6883=FACE_SURFACE('',(#6878),#6882,.T.);
#6884=POLY_LOOP('',(#496,#454,#541));
#6885=FACE_OUTER_BOUND('',#6884,.T.);
#6886=DIRECTION('',(-0.6740028416919385,0.49976938380812613,-0.5440135406396034));
#6887=DIRECTION('',(-0.684560638068054,-0.6993402715103015,0.2056694373302862));
#6888=AXIS2_PLACEMENT_3D('',#496,#6886,#6887);
#6889=PLANE('',#6888);
#6890=FACE_SURFACE('',(#6885),#6889,.T.);
#6891=POLY_LOOP('',(#311,#313,#404));
#6892=FACE_OUTER_BOUND('',#6891,.T.);
#6893=DIRECTION('',(0.5964057845596504,0.7124918172283246,-0.3696695152788064));
#6894=DIRECTION('',(0.6198195249872849,-0.11616081027472756,0.7760994927203956));
#6895=AXIS2_PLACEMENT_3D('',#311,#6893,#6894);
#6896=PLANE('',#6895);
#6897=FACE_SURFACE('',(#6892),#6896,.T.);
#6898=POLY_LOOP('',(#541,#454,#453));
#6899=FACE_OUTER_BOUND('',#6898,.T.);
#6900=DIRECTION('',(-0.7283830088131328,0.4645837795265996,-0.5036070931520995));
#6901=DIRECTION('',(-0.013796402616169424,-0.7448059250403932,-0.6671385113299761));
#6902=AXIS2_PLACEMENT_3D('',#541,#6900,#6901);
#6903=PLANE('',#6902);
#6904=FACE_SURFACE('',(#6899),#6903,.T.);
#6905=POLY_LOOP('',(#542,#453,#452));
#6906=FACE_OUTER_BOUND('',#6905,.T.);
#6907=DIRECTION('',(-0.7970887757856113,0.45203111170528987,-0.400396500443092));
#6908=DIRECTION('',(-0.01051433141746347,-0.6733481114939895,-0.7392508164231688));
#6909=AXIS2_PLACEMENT_3D('',#542,#6907,#6908);
#6910=PLANE('',#6909);
#6911=FACE_SURFACE('',(#6906),#6910,.T.);
#6912=POLY_LOOP('',(#543,#431,#544));
#6913=FACE_OUTER_BOUND('',#6912,.T.);
#6914=DIRECTION('',(0.7196569467395917,0.6631470876657523,-0.2057421180261329));
#6915=DIRECTION('',(0.055186616309843575,-0.35001090730845846,-0.9351186032506142));
#6916=AXIS2_PLACEMENT_3D('',#543,#6914,#6915);
#6917=PLANE('',#6916);
#6918=FACE_SURFACE('',(#6913),#6917,.T.);
#6919=POLY_LOOP('',(#543,#432,#431));
#6920=FACE_OUTER_BOUND('',#6919,.T.);
#6921=DIRECTION('',(0.7941162874416517,0.5831002749506331,-0.1713866720967061));
#6922=DIRECTION('',(0.3386692835604803,-0.6587069805287572,-0.671869206152));
#6923=AXIS2_PLACEMENT_3D('',#543,#6921,#6922);
#6924=PLANE('',#6923);
#6925=FACE_SURFACE('',(#6920),#6924,.T.);
#6926=POLY_LOOP('',(#545,#432,#543));
#6927=FACE_OUTER_BOUND('',#6926,.T.);
#6928=DIRECTION('',(0.8019715664095225,0.5755335479087379,-0.1600085682150718));
#6929=DIRECTION('',(-0.16344818545950926,-0.0462225128802872,-0.9854685027807969));
#6930=AXIS2_PLACEMENT_3D('',#545,#6928,#6929);
#6931=PLANE('',#6930);
#6932=FACE_SURFACE('',(#6927),#6931,.T.);
#6933=POLY_LOOP('',(#545,#433,#432));
#6934=FACE_OUTER_BOUND('',#6933,.T.);
#6935=DIRECTION('',(0.8381491886352465,0.5203836384730504,-0.1634221723011526));
#6936=DIRECTION('',(0.19643304581009013,-0.5674915328994853,-0.7996045388822924));
#6937=AXIS2_PLACEMENT_3D('',#545,#6935,#6936);
#6938=PLANE('',#6937);
#6939=FACE_SURFACE('',(#6934),#6938,.T.);
#6940=POLY_LOOP('',(#434,#433,#545));
#6941=FACE_OUTER_BOUND('',#6940,.T.);
#6942=DIRECTION('',(0.878582224111465,0.46392760438306097,-0.11342157363899295));
#6943=DIRECTION('',(-0.47443215941724093,0.8750712726347136,-0.09573084100829958));
#6944=AXIS2_PLACEMENT_3D('',#434,#6942,#6943);
#6945=PLANE('',#6944);
#6946=FACE_SURFACE('',(#6941),#6945,.T.);
#6947=POLY_LOOP('',(#545,#546,#434));
#6948=FACE_OUTER_BOUND('',#6947,.T.);
#6949=DIRECTION('',(0.86884139444087,0.4753084694419196,-0.13855139906483924));
#6950=DIRECTION('',(0.4873987741503516,-0.8703046492845978,0.07079726259077966));
#6951=AXIS2_PLACEMENT_3D('',#545,#6949,#6950);
#6952=PLANE('',#6951);
#6953=FACE_SURFACE('',(#6948),#6952,.T.);
#6954=POLY_LOOP('',(#513,#510,#507));
#6955=FACE_OUTER_BOUND('',#6954,.T.);
#6956=DIRECTION('',(-0.9124389090950334,0.3942652128556967,-0.10959096268085997));
#6957=DIRECTION('',(-0.07079509239286966,-0.41585951479428307,-0.9066691341653518));
#6958=AXIS2_PLACEMENT_3D('',#513,#6956,#6957);
#6959=PLANE('',#6958);
#6960=FACE_SURFACE('',(#6955),#6959,.T.);
#6961=POLY_LOOP('',(#512,#510,#513));
#6962=FACE_OUTER_BOUND('',#6961,.T.);
#6963=DIRECTION('',(-0.8767654986738148,0.45939844915705785,-0.142250923537765));
#6964=DIRECTION('',(-0.47412695113380404,-0.8752390774341993,0.0957088895594089));
#6965=AXIS2_PLACEMENT_3D('',#512,#6963,#6964);
#6966=PLANE('',#6965);
#6967=FACE_SURFACE('',(#6962),#6966,.T.);
#6968=POLY_LOOP('',(#512,#494,#510));
#6969=FACE_OUTER_BOUND('',#6968,.T.);
#6970=DIRECTION('',(-0.8749870657167824,0.4562918830038154,-0.16184978323484955));
#6971=DIRECTION('',(-0.0011070475382583803,-0.33618409270760274,-0.9417956414510071));
#6972=AXIS2_PLACEMENT_3D('',#512,#6970,#6971);
#6973=PLANE('',#6972);
#6974=FACE_SURFACE('',(#6969),#6973,.T.);
#6975=POLY_LOOP('',(#528,#494,#512));
#6976=FACE_OUTER_BOUND('',#6975,.T.);
#6977=DIRECTION('',(-0.8360818586165508,0.5169842706161184,-0.18356031604846912));
#6978=DIRECTION('',(-0.5416242566488374,-0.8310726593860222,0.12633843212039206));
#6979=AXIS2_PLACEMENT_3D('',#528,#6977,#6978);
#6980=PLANE('',#6979);
#6981=FACE_SURFACE('',(#6976),#6980,.T.);
#6982=POLY_LOOP('',(#528,#478,#494));
#6983=FACE_OUTER_BOUND('',#6982,.T.);
#6984=DIRECTION('',(-0.8297511723847117,0.5044578807429033,-0.23882051520456765));
#6985=DIRECTION('',(-0.003884519778901448,-0.4331005884094767,-0.9013372236990174));
#6986=AXIS2_PLACEMENT_3D('',#528,#6984,#6985);
#6987=PLANE('',#6986);
#6988=FACE_SURFACE('',(#6983),#6987,.T.);
#6989=POLY_LOOP('',(#529,#478,#528));
#6990=FACE_OUTER_BOUND('',#6989,.T.);
#6991=DIRECTION('',(-0.7835106785831025,0.5613871055548546,-0.2663748003527902));
#6992=DIRECTION('',(-0.6097828026712606,-0.7770865147925902,0.15588932642707734));
#6993=AXIS2_PLACEMENT_3D('',#529,#6991,#6992);
#6994=PLANE('',#6993);
#6995=FACE_SURFACE('',(#6990),#6994,.T.);
#6996=POLY_LOOP('',(#544,#431,#430));
#6997=FACE_OUTER_BOUND('',#6996,.T.);
#6998=DIRECTION('',(0.7458568974003194,0.645740041464141,-0.16345423656258973));
#6999=DIRECTION('',(0.4642956602429072,-0.679942162708427,-0.5675457648956512));
#7000=AXIS2_PLACEMENT_3D('',#544,#6998,#6999);
#7001=PLANE('',#7000);
#7002=FACE_SURFACE('',(#6997),#7001,.T.);
#7003=POLY_LOOP('',(#529,#464,#478));
#7004=FACE_OUTER_BOUND('',#7003,.T.);
#7005=DIRECTION('',(-0.7734014060679936,0.540418071965751,-0.33135867664039076));
#7006=DIRECTION('',(-0.006982418953947984,-0.5299471380879774,-0.8480019319894936));
#7007=AXIS2_PLACEMENT_3D('',#529,#7005,#7006);
#7008=PLANE('',#7007);
#7009=FACE_SURFACE('',(#7004),#7008,.T.);
#7010=POLY_LOOP('',(#530,#467,#464));
#7011=FACE_OUTER_BOUND('',#7010,.T.);
#7012=DIRECTION('',(-0.7105165440011382,0.5655779333034568,-0.4186739089803292));
#7013=DIRECTION('',(-0.008983453475718783,-0.6022193225340196,-0.7982801420117601));
#7014=AXIS2_PLACEMENT_3D('',#530,#7012,#7013);
#7015=PLANE('',#7014);
#7016=FACE_SURFACE('',(#7011),#7015,.T.);
#7017=POLY_LOOP('',(#531,#467,#530));
#7018=FACE_OUTER_BOUND('',#7017,.T.);
#7019=DIRECTION('',(-0.657009419702064,0.605369875304601,-0.4492949326405197));
#7020=DIRECTION('',(-0.7282569000948838,-0.6637127000077604,0.17066733522440397));
#7021=AXIS2_PLACEMENT_3D('',#531,#7019,#7020);
#7022=PLANE('',#7021);
#7023=FACE_SURFACE('',(#7018),#7022,.T.);
#7024=POLY_LOOP('',(#531,#469,#467));
#7025=FACE_OUTER_BOUND('',#7024,.T.);
#7026=DIRECTION('',(-0.6406520692708071,0.570932424841728,-0.5134209699684825));
#7027=DIRECTION('',(-0.010360022105593584,-0.6750302977578806,-0.7377172676919518));
#7028=AXIS2_PLACEMENT_3D('',#531,#7026,#7027);
#7029=PLANE('',#7028);
#7030=FACE_SURFACE('',(#7025),#7029,.T.);
#7031=POLY_LOOP('',(#532,#469,#531));
#7032=FACE_OUTER_BOUND('',#7031,.T.);
#7033=DIRECTION('',(-0.5736206208535564,0.6083082565063587,-0.5485621645700463));
#7034=DIRECTION('',(-0.7862708339430381,-0.596661052173493,0.16054209575603468));
#7035=AXIS2_PLACEMENT_3D('',#532,#7033,#7034);
#7036=PLANE('',#7035);
#7037=FACE_SURFACE('',(#7032),#7036,.T.);
#7038=POLY_LOOP('',(#532,#471,#469));
#7039=FACE_OUTER_BOUND('',#7038,.T.);
#7040=DIRECTION('',(-0.5516804889228681,0.5609066306823389,-0.6172782110186714));
#7041=DIRECTION('',(-0.010225353678263436,-0.7445853187892593,-0.6674489832081937));
#7042=AXIS2_PLACEMENT_3D('',#532,#7040,#7041);
#7043=PLANE('',#7042);
#7044=FACE_SURFACE('',(#7039),#7043,.T.);
#7045=POLY_LOOP('',(#533,#471,#532));
#7046=FACE_OUTER_BOUND('',#7045,.T.);
#7047=DIRECTION('',(-0.4864720424791762,0.5868728528732948,-0.6472443174308281));
#7048=DIRECTION('',(-0.832784061449995,-0.5355071333741728,0.14036672362147304));
#7049=AXIS2_PLACEMENT_3D('',#533,#7047,#7048);
#7050=PLANE('',#7049);
#7051=FACE_SURFACE('',(#7046),#7050,.T.);
#7052=POLY_LOOP('',(#533,#473,#471));
#7053=FACE_OUTER_BOUND('',#7052,.T.);
#7054=DIRECTION('',(-0.4595416789313626,0.5273183696087193,-0.7146725000992739));
#7055=DIRECTION('',(-0.01034974494993212,-0.8077946165318158,-0.5893731757398601));
#7056=AXIS2_PLACEMENT_3D('',#533,#7054,#7055);
#7057=PLANE('',#7056);
#7058=FACE_SURFACE('',(#7053),#7057,.T.);
#7059=POLY_LOOP('',(#534,#473,#533));
#7060=FACE_OUTER_BOUND('',#7059,.T.);
#7061=DIRECTION('',(-0.38486058840409654,0.5472185697460128,-0.7432591502419466));
#7062=DIRECTION('',(-0.6586297566849674,-0.726977523159738,-0.1941919782834333));
#7063=AXIS2_PLACEMENT_3D('',#534,#7061,#7062);
#7064=PLANE('',#7063);
#7065=FACE_SURFACE('',(#7060),#7064,.T.);
#7066=POLY_LOOP('',(#534,#475,#473));
#7067=FACE_OUTER_BOUND('',#7066,.T.);
#7068=DIRECTION('',(-0.3821358971777131,0.5454680077280819,-0.7459469207881628));
#7069=DIRECTION('',(-0.007772651838707506,-0.809077783413163,-0.5876501733775267));
#7070=AXIS2_PLACEMENT_3D('',#534,#7068,#7069);
#7071=PLANE('',#7070);
#7072=FACE_SURFACE('',(#7067),#7071,.T.);
#7073=POLY_LOOP('',(#535,#475,#534));
#7074=FACE_OUTER_BOUND('',#7073,.T.);
#7075=DIRECTION('',(-0.28546332908898764,0.5650086335340211,-0.7741291441209606));
#7076=DIRECTION('',(-0.696453447724338,-0.6771843287136208,-0.23743205364391182));
#7077=AXIS2_PLACEMENT_3D('',#535,#7075,#7076);
#7078=PLANE('',#7077);
#7079=FACE_SURFACE('',(#7074),#7078,.T.);
#7080=POLY_LOOP('',(#535,#477,#475));
#7081=FACE_OUTER_BOUND('',#7080,.T.);
#7082=DIRECTION('',(-0.28212553153399894,0.5626143124284206,-0.7770909341302048));
#7083=DIRECTION('',(-0.005547804927242658,-0.8109381553576696,-0.5851055717095758));
#7084=AXIS2_PLACEMENT_3D('',#535,#7082,#7083);
#7085=PLANE('',#7084);
#7086=FACE_SURFACE('',(#7081),#7085,.T.);
#7087=POLY_LOOP('',(#536,#477,#535));
#7088=FACE_OUTER_BOUND('',#7087,.T.);
#7089=DIRECTION('',(-0.19169937698865006,0.5751249916288877,-0.7952877421826865));
#7090=DIRECTION('',(-0.7328425493549359,-0.6228780630363396,-0.2737968525075776));
#7091=AXIS2_PLACEMENT_3D('',#536,#7089,#7090);
#7092=PLANE('',#7091);
#7093=FACE_SURFACE('',(#7088),#7092,.T.);
#7094=POLY_LOOP('',(#530,#464,#529));
#7095=FACE_OUTER_BOUND('',#7094,.T.);
#7096=DIRECTION('',(-0.7220520017331893,0.589351299166021,-0.362361632853725));
#7097=DIRECTION('',(-0.6723464619090025,-0.7212116592477124,0.16674524797908843));
#7098=AXIS2_PLACEMENT_3D('',#530,#7096,#7097);
#7099=PLANE('',#7098);
#7100=FACE_SURFACE('',(#7095),#7099,.T.);
#7101=POLY_LOOP('',(#536,#480,#477));
#7102=FACE_OUTER_BOUND('',#7101,.T.);
#7103=DIRECTION('',(-0.18853237440175594,0.5725473309348673,-0.7979004309071377));
#7104=DIRECTION('',(-0.0035719096376487904,-0.8128648851927173,-0.5824413445851617));
#7105=AXIS2_PLACEMENT_3D('',#536,#7103,#7104);
#7106=PLANE('',#7105);
#7107=FACE_SURFACE('',(#7102),#7106,.T.);
#7108=POLY_LOOP('',(#544,#430,#547));
#7109=FACE_OUTER_BOUND('',#7108,.T.);
#7110=DIRECTION('',(0.6692238779981888,0.7069164409765861,-0.22892913006880963));
#7111=DIRECTION('',(0.27425323794656614,-0.5213230926871348,-0.8080887293527519));
#7112=AXIS2_PLACEMENT_3D('',#544,#7110,#7111);
#7113=PLANE('',#7112);
#7114=FACE_SURFACE('',(#7109),#7113,.T.);
#7115=POLY_LOOP('',(#547,#429,#548));
#7116=FACE_OUTER_BOUND('',#7115,.T.);
#7117=DIRECTION('',(0.6297792475336319,0.7439520765656018,-0.22341308634388776));
#7118=DIRECTION('',(0.00020293130592820578,-0.2877740935236285,-0.9576982979600304));
#7119=AXIS2_PLACEMENT_3D('',#547,#7117,#7118);
#7120=PLANE('',#7119);
#7121=FACE_SURFACE('',(#7116),#7120,.T.);
#7122=POLY_LOOP('',(#307,#339,#341));
#7123=FACE_OUTER_BOUND('',#7122,.T.);
#7124=DIRECTION('',(0.9318826079047127,0.3448095933335427,-0.11269937635084015));
#7125=DIRECTION('',(-0.354831788208163,0.9310081747359025,-0.08554636550970918));
#7126=AXIS2_PLACEMENT_3D('',#307,#7124,#7125);
#7127=PLANE('',#7126);
#7128=FACE_SURFACE('',(#7123),#7127,.T.);
#7129=POLY_LOOP('',(#342,#339,#307));
#7130=FACE_OUTER_BOUND('',#7129,.T.);
#7131=DIRECTION('',(0.9313597027700824,0.3440048443709489,-0.11928860425599254));
#7132=DIRECTION('',(-0.23229166668879778,0.8136880463405903,0.5328717902360508));
#7133=AXIS2_PLACEMENT_3D('',#342,#7131,#7132);
#7134=PLANE('',#7133);
#7135=FACE_SURFACE('',(#7130),#7134,.T.);
#7136=POLY_LOOP('',(#342,#439,#339));
#7137=FACE_OUTER_BOUND('',#7136,.T.);
#7138=DIRECTION('',(0.9308369833797062,0.34487517541096974,-0.12084545402215792));
#7139=DIRECTION('',(-0.3576822066073775,0.9275855930652496,-0.10792778425533743));
#7140=AXIS2_PLACEMENT_3D('',#342,#7138,#7139);
#7141=PLANE('',#7140);
#7142=FACE_SURFACE('',(#7137),#7141,.T.);
#7143=POLY_LOOP('',(#344,#439,#342));
#7144=FACE_OUTER_BOUND('',#7143,.T.);
#7145=DIRECTION('',(0.927463236376422,0.3393711863621017,-0.15696860526026374));
#7146=DIRECTION('',(-0.22688703812134023,0.8444659286271435,0.4851799329325376));
#7147=AXIS2_PLACEMENT_3D('',#344,#7145,#7146);
#7148=PLANE('',#7147);
#7149=FACE_SURFACE('',(#7144),#7148,.T.);
#7150=POLY_LOOP('',(#344,#440,#439));
#7151=FACE_OUTER_BOUND('',#7150,.T.);
#7152=DIRECTION('',(0.9269664373858321,0.34006155680032896,-0.15840253011475214));
#7153=DIRECTION('',(-0.3611852424616829,0.9231233365270446,-0.13186556103498798));
#7154=AXIS2_PLACEMENT_3D('',#344,#7152,#7153);
#7155=PLANE('',#7154);
#7156=FACE_SURFACE('',(#7151),#7155,.T.);
#7157=POLY_LOOP('',(#345,#440,#344));
#7158=FACE_OUTER_BOUND('',#7157,.T.);
#7159=DIRECTION('',(0.9219425665542891,0.33229674021294814,-0.1989994482885286));
#7160=DIRECTION('',(-0.2861639080641441,0.9306097333476628,0.22820109973452804));
#7161=AXIS2_PLACEMENT_3D('',#345,#7159,#7160);
#7162=PLANE('',#7161);
#7163=FACE_SURFACE('',(#7158),#7162,.T.);
#7164=POLY_LOOP('',(#345,#441,#440));
#7165=FACE_OUTER_BOUND('',#7164,.T.);
#7166=DIRECTION('',(0.9217095716450484,0.33243335948741215,-0.19984876041100283));
#7167=DIRECTION('',(-0.36333364212983105,0.9203388266962576,-0.1447933305509192));
#7168=AXIS2_PLACEMENT_3D('',#345,#7166,#7167);
#7169=PLANE('',#7168);
#7170=FACE_SURFACE('',(#7165),#7169,.T.);
#7171=POLY_LOOP('',(#346,#441,#345));
#7172=FACE_OUTER_BOUND('',#7171,.T.);
#7173=DIRECTION('',(0.9161762711906398,0.32473846688817737,-0.23487436690778185));
#7174=DIRECTION('',(-0.2806349867576563,0.9382101083485679,0.202498880984806));
#7175=AXIS2_PLACEMENT_3D('',#346,#7173,#7174);
#7176=PLANE('',#7175);
#7177=FACE_SURFACE('',(#7172),#7176,.T.);
#7178=POLY_LOOP('',(#346,#442,#441));
#7179=FACE_OUTER_BOUND('',#7178,.T.);
#7180=DIRECTION('',(0.9160958012390022,0.3247720788106018,-0.23514161642999498));
#7181=DIRECTION('',(-0.3658312827934297,0.9170630594432296,-0.15862792167313153));
#7182=AXIS2_PLACEMENT_3D('',#346,#7180,#7181);
#7183=PLANE('',#7182);
#7184=FACE_SURFACE('',(#7179),#7183,.T.);
#7185=POLY_LOOP('',(#347,#442,#346));
#7186=FACE_OUTER_BOUND('',#7185,.T.);
#7187=DIRECTION('',(0.9081114246834201,0.3144279086229714,-0.2765298006335548));
#7188=DIRECTION('',(-0.2741688972976771,0.9456457576541042,0.17488715443213987));
#7189=AXIS2_PLACEMENT_3D('',#347,#7187,#7188);
#7190=PLANE('',#7189);
#7191=FACE_SURFACE('',(#7186),#7190,.T.);
#7192=POLY_LOOP('',(#347,#443,#442));
#7193=FACE_OUTER_BOUND('',#7192,.T.);
#7194=DIRECTION('',(0.9082744737567143,0.3143850745290086,-0.27604257866378784));
#7195=DIRECTION('',(-0.36883769474673495,0.9131315936274341,-0.1736359630184283));
#7196=AXIS2_PLACEMENT_3D('',#347,#7194,#7195);
#7197=PLANE('',#7196);
#7198=FACE_SURFACE('',(#7193),#7197,.T.);
#7199=POLY_LOOP('',(#348,#443,#347));
#7200=FACE_OUTER_BOUND('',#7199,.T.);
#7201=DIRECTION('',(0.8974918200123255,0.3012733070443507,-0.32209133405530094));
#7202=DIRECTION('',(-0.2674166899913637,0.9524892463538037,0.1457825418025962));
#7203=AXIS2_PLACEMENT_3D('',#348,#7201,#7202);
#7204=PLANE('',#7203);
#7205=FACE_SURFACE('',(#7200),#7204,.T.);
#7206=POLY_LOOP('',(#547,#430,#429));
#7207=FACE_OUTER_BOUND('',#7206,.T.);
#7208=DIRECTION('',(0.6917870137299793,0.6915958782657281,-0.20766768838799546));
#7209=DIRECTION('',(0.3332574339757873,-0.560908493327358,-0.7578397883544429));
#7210=AXIS2_PLACEMENT_3D('',#547,#7208,#7209);
#7211=PLANE('',#7210);
#7212=FACE_SURFACE('',(#7207),#7211,.T.);
#7213=POLY_LOOP('',(#348,#444,#443));
#7214=FACE_OUTER_BOUND('',#7213,.T.);
#7215=DIRECTION('',(0.897774508069815,0.30123713653574236,-0.3213364595431833));
#7216=DIRECTION('',(-0.3728016518743879,0.9082187803986796,-0.19015145355968918));
#7217=AXIS2_PLACEMENT_3D('',#348,#7215,#7216);
#7218=PLANE('',#7217);
#7219=FACE_SURFACE('',(#7214),#7218,.T.);
#7220=POLY_LOOP('',(#349,#445,#444));
#7221=FACE_OUTER_BOUND('',#7220,.T.);
#7222=DIRECTION('',(0.8840234610213609,0.2851667324469025,-0.3703814993616327));
#7223=DIRECTION('',(-0.3783232134704615,0.9018606780706451,-0.20861175302302554));
#7224=AXIS2_PLACEMENT_3D('',#349,#7222,#7223);
#7225=PLANE('',#7224);
#7226=FACE_SURFACE('',(#7221),#7225,.T.);
#7227=POLY_LOOP('',(#255,#445,#349));
#7228=FACE_OUTER_BOUND('',#7227,.T.);
#7229=DIRECTION('',(0.8693110487273774,0.2687110601655832,-0.4148405316566784));
#7230=DIRECTION('',(-0.2382043434086408,0.9631728972275164,0.12472634375948975));
#7231=AXIS2_PLACEMENT_3D('',#255,#7229,#7230);
#7232=PLANE('',#7231);
#7233=FACE_SURFACE('',(#7228),#7232,.T.);
#7234=POLY_LOOP('',(#255,#446,#445));
#7235=FACE_OUTER_BOUND('',#7234,.T.);
#7236=DIRECTION('',(0.8633274747755497,0.2688170713516848,-0.4270867048358867));
#7237=DIRECTION('',(-0.39278892131273474,0.8892917712866972,-0.2342584231479134));
#7238=AXIS2_PLACEMENT_3D('',#255,#7236,#7237);
#7239=PLANE('',#7238);
#7240=FACE_SURFACE('',(#7235),#7239,.T.);
#7241=POLY_LOOP('',(#253,#446,#255));
#7242=FACE_OUTER_BOUND('',#7241,.T.);
#7243=DIRECTION('',(0.845629981349018,0.24915601838349982,-0.47205001127734386));
#7244=DIRECTION('',(-0.13275484434453105,0.9547548713392983,0.2661189338565361));
#7245=AXIS2_PLACEMENT_3D('',#253,#7243,#7244);
#7246=PLANE('',#7245);
#7247=FACE_SURFACE('',(#7242),#7246,.T.);
#7248=POLY_LOOP('',(#253,#447,#446));
#7249=FACE_OUTER_BOUND('',#7248,.T.);
#7250=DIRECTION('',(0.8286795555417868,0.2542167600318067,-0.49866224355368793));
#7251=DIRECTION('',(-0.46536972543010574,0.8079438448693622,-0.36146612869094646));
#7252=AXIS2_PLACEMENT_3D('',#253,#7250,#7251);
#7253=PLANE('',#7252);
#7254=FACE_SURFACE('',(#7249),#7253,.T.);
#7255=POLY_LOOP('',(#250,#447,#253));
#7256=FACE_OUTER_BOUND('',#7255,.T.);
#7257=DIRECTION('',(0.8047520656931784,0.21619547309977533,-0.5528414150312245));
#7258=DIRECTION('',(0.31633484716757315,0.6318730829631999,0.7075794453586461));
#7259=AXIS2_PLACEMENT_3D('',#250,#7257,#7258);
#7260=PLANE('',#7259);
#7261=FACE_SURFACE('',(#7256),#7260,.T.);
#7262=POLY_LOOP('',(#549,#427,#450));
#7263=FACE_OUTER_BOUND('',#7262,.T.);
#7264=DIRECTION('',(0.436188714300374,0.8618579951590646,-0.2587280458268576));
#7265=DIRECTION('',(0.00011005060636020377,-0.28757295155675044,-0.9577587302769957));
#7266=AXIS2_PLACEMENT_3D('',#549,#7264,#7265);
#7267=PLANE('',#7266);
#7268=FACE_SURFACE('',(#7263),#7267,.T.);
#7269=POLY_LOOP('',(#549,#426,#427));
#7270=FACE_OUTER_BOUND('',#7269,.T.);
#7271=DIRECTION('',(0.497900862266003,0.8306166515766078,-0.24934054920617033));
#7272=DIRECTION('',(0.5689025525096402,-0.5298343121086079,-0.6289876687665781));
#7273=AXIS2_PLACEMENT_3D('',#549,#7271,#7272);
#7274=PLANE('',#7273);
#7275=FACE_SURFACE('',(#7270),#7274,.T.);
#7276=POLY_LOOP('',(#550,#426,#549));
#7277=FACE_OUTER_BOUND('',#7276,.T.);
#7278=DIRECTION('',(0.49387059228056374,0.8316533995688244,-0.2538591362666747));
#7279=DIRECTION('',(0.06504254064060867,-0.32646293863089193,-0.9429694680144726));
#7280=AXIS2_PLACEMENT_3D('',#550,#7278,#7279);
#7281=PLANE('',#7280);
#7282=FACE_SURFACE('',(#7277),#7281,.T.);
#7283=POLY_LOOP('',(#550,#428,#426));
#7284=FACE_OUTER_BOUND('',#7283,.T.);
#7285=DIRECTION('',(0.5695238047237353,0.7880940466762419,-0.23356029081688084));
#7286=DIRECTION('',(0.39210827368378615,-0.5102140153217063,-0.765462448640051));
#7287=AXIS2_PLACEMENT_3D('',#550,#7285,#7286);
#7288=PLANE('',#7287);
#7289=FACE_SURFACE('',(#7284),#7288,.T.);
#7290=POLY_LOOP('',(#548,#428,#550));
#7291=FACE_OUTER_BOUND('',#7290,.T.);
#7292=DIRECTION('',(0.5678565380043867,0.7888859918531932,-0.23494221439212673));
#7293=DIRECTION('',(-0.03742544772977333,-0.2603861821843532,-0.9647789238938022));
#7294=AXIS2_PLACEMENT_3D('',#548,#7292,#7293);
#7295=PLANE('',#7294);
#7296=FACE_SURFACE('',(#7291),#7295,.T.);
#7297=POLY_LOOP('',(#548,#429,#428));
#7298=FACE_OUTER_BOUND('',#7297,.T.);
#7299=DIRECTION('',(0.6280104952675931,0.7448501961800416,-0.2253907786141791));
#7300=DIRECTION('',(0.4536221218352384,-0.5857169391905956,-0.6716864132367845));
#7301=AXIS2_PLACEMENT_3D('',#548,#7299,#7300);
#7302=PLANE('',#7301);
#7303=FACE_SURFACE('',(#7298),#7302,.T.);
#7304=POLY_LOOP('',(#349,#444,#348));
#7305=FACE_OUTER_BOUND('',#7304,.T.);
#7306=DIRECTION('',(0.8838525769368668,0.28516913717396003,-0.3707872509209546));
#7307=DIRECTION('',(-0.2607832805596133,0.9584620038603728,0.11551046591770141));
#7308=AXIS2_PLACEMENT_3D('',#349,#7306,#7307);
#7309=PLANE('',#7308);
#7310=FACE_SURFACE('',(#7305),#7309,.T.);
#7311=POLY_LOOP('',(#537,#480,#536));
#7312=FACE_OUTER_BOUND('',#7311,.T.);
#7313=DIRECTION('',(-0.10697644881454745,0.579413296291297,-0.8079828410801075));
#7314=DIRECTION('',(-0.7678709397563467,-0.5643836168679351,-0.30305998232820647));
#7315=AXIS2_PLACEMENT_3D('',#537,#7313,#7314);
#7316=PLANE('',#7315);
#7317=FACE_SURFACE('',(#7312),#7316,.T.);
#7318=POLY_LOOP('',(#537,#482,#480));
#7319=FACE_OUTER_BOUND('',#7318,.T.);
#7320=DIRECTION('',(-0.1047082875882783,0.5772986250568928,-0.8097916225904981));
#7321=DIRECTION('',(-0.001751481003156232,-0.8143734536449464,-0.580338530784143));
#7322=AXIS2_PLACEMENT_3D('',#537,#7320,#7321);
#7323=PLANE('',#7322);
#7324=FACE_SURFACE('',(#7319),#7323,.T.);
#7325=POLY_LOOP('',(#538,#482,#537));
#7326=FACE_OUTER_BOUND('',#7325,.T.);
#7327=DIRECTION('',(-0.03314297667040328,0.5800678674053166,-0.8138936123973903));
#7328=DIRECTION('',(-0.8015614886658402,-0.5018502659371312,-0.3250315222661222));
#7329=AXIS2_PLACEMENT_3D('',#538,#7327,#7328);
#7330=PLANE('',#7329);
#7331=FACE_SURFACE('',(#7326),#7330,.T.);
#7332=POLY_LOOP('',(#476,#499,#474));
#7333=FACE_OUTER_BOUND('',#7332,.T.);
#7334=DIRECTION('',(-0.3223286834311873,0.4079322813499734,-0.8542221453873248));
#7335=DIRECTION('',(-0.6207547248620084,-0.7723628662120748,-0.13460748292038138));
#7336=AXIS2_PLACEMENT_3D('',#476,#7334,#7335);
#7337=PLANE('',#7336);
#7338=FACE_SURFACE('',(#7333),#7337,.T.);
#7339=POLY_LOOP('',(#476,#500,#499));
#7340=FACE_OUTER_BOUND('',#7339,.T.);
#7341=DIRECTION('',(-0.319211239427941,0.405806739986351,-0.8564024021478034));
#7342=DIRECTION('',(-0.009515427357958833,-0.9050065837525957,-0.42529112382772755));
#7343=AXIS2_PLACEMENT_3D('',#476,#7341,#7342);
#7344=PLANE('',#7343);
#7345=FACE_SURFACE('',(#7340),#7344,.T.);
#7346=POLY_LOOP('',(#479,#500,#476));
#7347=FACE_OUTER_BOUND('',#7346,.T.);
#7348=DIRECTION('',(-0.22992103434820685,0.41589511475533175,-0.8798679284340917));
#7349=DIRECTION('',(-0.6555622586611956,-0.734387228751421,-0.17582241969054985));
#7350=AXIS2_PLACEMENT_3D('',#479,#7348,#7349);
#7351=PLANE('',#7350);
#7352=FACE_SURFACE('',(#7347),#7351,.T.);
#7353=POLY_LOOP('',(#479,#501,#500));
#7354=FACE_OUTER_BOUND('',#7353,.T.);
#7355=DIRECTION('',(-0.2263646349970819,0.4132400737892246,-0.8820383741296712));
#7356=DIRECTION('',(-0.006781656505938573,-0.9061905986246666,-0.4228150991855707));
#7357=AXIS2_PLACEMENT_3D('',#479,#7355,#7356);
#7358=PLANE('',#7357);
#7359=FACE_SURFACE('',(#7354),#7358,.T.);
#7360=POLY_LOOP('',(#481,#501,#479));
#7361=FACE_OUTER_BOUND('',#7360,.T.);
#7362=DIRECTION('',(-0.14802925809531878,0.41907608993441614,-0.8958027514989172));
#7363=DIRECTION('',(-0.6898428597522793,-0.6927986717578294,-0.21011146865267552));
#7364=AXIS2_PLACEMENT_3D('',#481,#7362,#7363);
#7365=PLANE('',#7364);
#7366=FACE_SURFACE('',(#7361),#7365,.T.);
#7367=POLY_LOOP('',(#481,#502,#501));
#7368=FACE_OUTER_BOUND('',#7367,.T.);
#7369=DIRECTION('',(-0.14479443386794325,0.41639417246098825,-0.8975803390568393));
#7370=DIRECTION('',(-0.004361782620874326,-0.9073997953969155,-0.42024586394871744));
#7371=AXIS2_PLACEMENT_3D('',#481,#7369,#7370);
#7372=PLANE('',#7371);
#7373=FACE_SURFACE('',(#7368),#7372,.T.);
#7374=POLY_LOOP('',(#483,#502,#481));
#7375=FACE_OUTER_BOUND('',#7374,.T.);
#7376=DIRECTION('',(-0.07890914990829191,0.41925173730142856,-0.904434257881956));
#7377=DIRECTION('',(-0.7238942792817837,-0.6478667258950653,-0.2371619233796083));
#7378=AXIS2_PLACEMENT_3D('',#483,#7376,#7377);
#7379=PLANE('',#7378);
#7380=FACE_SURFACE('',(#7375),#7379,.T.);
#7381=POLY_LOOP('',(#483,#503,#502));
#7382=FACE_OUTER_BOUND('',#7381,.T.);
#7383=DIRECTION('',(-0.07663012633031588,0.4171350084234929,-0.9056081981111546));
#7384=DIRECTION('',(-0.002135195470648295,-0.9083454837676995,-0.41821516359300764));
#7385=AXIS2_PLACEMENT_3D('',#483,#7383,#7384);
#7386=PLANE('',#7385);
#7387=FACE_SURFACE('',(#7382),#7386,.T.);
#7388=POLY_LOOP('',(#485,#503,#483));
#7389=FACE_OUTER_BOUND('',#7388,.T.);
#7390=DIRECTION('',(-0.023324512861974785,0.41814757725729346,-0.9080796059452096));
#7391=DIRECTION('',(-0.757988810001771,-0.5996510071901252,-0.2566546969918292));
#7392=AXIS2_PLACEMENT_3D('',#485,#7390,#7391);
#7393=PLANE('',#7392);
#7394=FACE_SURFACE('',(#7389),#7393,.T.);
#7395=POLY_LOOP('',(#485,#504,#503));
#7396=FACE_OUTER_BOUND('',#7395,.T.);
#7397=DIRECTION('',(-0.022498854627619077,0.4172829993130557,-0.9084980462415676));
#7398=DIRECTION('',(-2.085091905315562e-06,-0.9087280933142737,-0.4173886107898214));
#7399=AXIS2_PLACEMENT_3D('',#485,#7397,#7398);
#7400=PLANE('',#7399);
#7401=FACE_SURFACE('',(#7396),#7400,.T.);
#7402=POLY_LOOP('',(#487,#504,#485));
#7403=FACE_OUTER_BOUND('',#7402,.T.);
#7404=DIRECTION('',(0.022441667619366064,0.4172834506433273,-0.9084992533698966));
#7405=DIRECTION('',(-0.9987355357377147,0.050247355115586576,-0.0015915271245181522));
#7406=AXIS2_PLACEMENT_3D('',#487,#7404,#7405);
#7407=PLANE('',#7406);
#7408=FACE_SURFACE('',(#7403),#7407,.T.);
#7409=POLY_LOOP('',(#487,#505,#504));
#7410=FACE_OUTER_BOUND('',#7409,.T.);
#7411=DIRECTION('',(0.018661871738976057,0.3411627745832349,-0.9398189696861129));
#7412=DIRECTION('',(0.0022756710924667976,-0.9399947245452537,-0.3411813874585944));
#7413=AXIS2_PLACEMENT_3D('',#487,#7411,#7412);
#7414=PLANE('',#7413);
#7415=FACE_SURFACE('',(#7410),#7414,.T.);
#7416=POLY_LOOP('',(#474,#499,#498));
#7417=FACE_OUTER_BOUND('',#7416,.T.);
#7418=DIRECTION('',(-0.3952483100712633,0.39678699917373006,-0.8284557022994753));
#7419=DIRECTION('',(-0.012685067651795794,-0.9041646692323602,-0.4269957142297872));
#7420=AXIS2_PLACEMENT_3D('',#474,#7418,#7419);
#7421=PLANE('',#7420);
#7422=FACE_SURFACE('',(#7417),#7421,.T.);
#7423=POLY_LOOP('',(#489,#505,#487));
#7424=FACE_OUTER_BOUND('',#7423,.T.);
#7425=DIRECTION('',(0.06336521412505183,0.3406321757800599,-0.9380589376271775));
#7426=DIRECTION('',(-0.9889147992736527,0.1479057528333458,-0.013092289958307943));
#7427=AXIS2_PLACEMENT_3D('',#489,#7425,#7426);
#7428=PLANE('',#7427);
#7429=FACE_SURFACE('',(#7424),#7428,.T.);
#7430=POLY_LOOP('',(#491,#506,#489));
#7431=FACE_OUTER_BOUND('',#7430,.T.);
#7432=DIRECTION('',(0.10443378446681398,0.2704009037936496,-0.9570668398233826));
#7433=DIRECTION('',(-0.9701790934308853,0.23935381555530752,-0.038239739130142884));
#7434=AXIS2_PLACEMENT_3D('',#491,#7432,#7433);
#7435=PLANE('',#7434);
#7436=FACE_SURFACE('',(#7431),#7435,.T.);
#7437=POLY_LOOP('',(#491,#329,#506));
#7438=FACE_OUTER_BOUND('',#7437,.T.);
#7439=DIRECTION('',(0.09041811994993465,0.21099809436799044,-0.9732956219760756));
#7440=DIRECTION('',(-0.13792848545350844,-0.9652274409583361,-0.2220624239296761));
#7441=AXIS2_PLACEMENT_3D('',#491,#7439,#7440);
#7442=PLANE('',#7441);
#7443=FACE_SURFACE('',(#7438),#7442,.T.);
#7444=POLY_LOOP('',(#327,#329,#491));
#7445=FACE_OUTER_BOUND('',#7444,.T.);
#7446=DIRECTION('',(0.1366348881433673,0.20351834767924853,-0.9694901698830979));
#7447=DIRECTION('',(-0.9495272743617792,0.30586250211986477,-0.06961382793717301));
#7448=AXIS2_PLACEMENT_3D('',#327,#7446,#7447);
#7449=PLANE('',#7448);
#7450=FACE_SURFACE('',(#7445),#7449,.T.);
#7451=POLY_LOOP('',(#551,#338,#353));
#7452=FACE_OUTER_BOUND('',#7451,.T.);
#7453=DIRECTION('',(-0.9446377013811691,0.31142966087099894,-0.10330140105088503));
#7454=DIRECTION('',(-0.19181816482840608,-0.7795871284657427,-0.5961960254584057));
#7455=AXIS2_PLACEMENT_3D('',#551,#7453,#7454);
#7456=PLANE('',#7455);
#7457=FACE_SURFACE('',(#7452),#7456,.T.);
#7458=POLY_LOOP('',(#551,#336,#338));
#7459=FACE_OUTER_BOUND('',#7458,.T.);
#7460=DIRECTION('',(-0.9424934163645493,0.31573588612047265,-0.10962212516276333));
#7461=DIRECTION('',(0.0015420772970117435,-0.32387778535352335,-0.9460976705140475));
#7462=AXIS2_PLACEMENT_3D('',#551,#7460,#7461);
#7463=PLANE('',#7462);
#7464=FACE_SURFACE('',(#7459),#7463,.T.);
#7465=POLY_LOOP('',(#552,#336,#551));
#7466=FACE_OUTER_BOUND('',#7465,.T.);
#7467=DIRECTION('',(-0.9310337013905439,0.3447951963874232,-0.11955132547647421));
#7468=DIRECTION('',(-0.35741225141495553,-0.9276940240080805,0.10789013095824596));
#7469=AXIS2_PLACEMENT_3D('',#552,#7467,#7468);
#7470=PLANE('',#7469);
#7471=FACE_SURFACE('',(#7466),#7470,.T.);
#7472=POLY_LOOP('',(#552,#448,#336));
#7473=FACE_OUTER_BOUND('',#7472,.T.);
#7474=DIRECTION('',(-0.9274576844232026,0.3389587128381823,-0.1578899445672003));
#7475=DIRECTION('',(0.0011967038570492704,-0.41955399681874056,-0.907729591703002));
#7476=AXIS2_PLACEMENT_3D('',#552,#7474,#7475);
#7477=PLANE('',#7476);
#7478=FACE_SURFACE('',(#7473),#7477,.T.);
#7479=POLY_LOOP('',(#553,#448,#552));
#7480=FACE_OUTER_BOUND('',#7479,.T.);
#7481=DIRECTION('',(-0.9013201936578807,0.3927327267501518,-0.18270991720186175));
#7482=DIRECTION('',(-0.41942760371588267,-0.8966609508065665,0.1417025918599115));
#7483=AXIS2_PLACEMENT_3D('',#553,#7481,#7482);
#7484=PLANE('',#7483);
#7485=FACE_SURFACE('',(#7480),#7484,.T.);
#7486=POLY_LOOP('',(#553,#449,#448));
#7487=FACE_OUTER_BOUND('',#7486,.T.);
#7488=DIRECTION('',(-0.8949112531963878,0.38221018906520454,-0.23032416346795132));
#7489=DIRECTION('',(-0.0021176370674848063,-0.5197709040419877,-0.8543030626918209));
#7490=AXIS2_PLACEMENT_3D('',#553,#7488,#7489);
#7491=PLANE('',#7490);
#7492=FACE_SURFACE('',(#7487),#7491,.T.);
#7493=POLY_LOOP('',(#554,#449,#553));
#7494=FACE_OUTER_BOUND('',#7493,.T.);
#7495=DIRECTION('',(-0.8608654277570987,0.43564306461006747,-0.26291792550097415));
#7496=DIRECTION('',(-0.4848193901819186,-0.8591173315002796,0.16391329909275576));
#7497=AXIS2_PLACEMENT_3D('',#554,#7495,#7496);
#7498=PLANE('',#7497);
#7499=FACE_SURFACE('',(#7494),#7498,.T.);
#7500=POLY_LOOP('',(#554,#452,#449));
#7501=FACE_OUTER_BOUND('',#7500,.T.);
#7502=DIRECTION('',(-0.8526175149843945,0.4224845237108387,-0.3074901630404811));
#7503=DIRECTION('',(-0.006406783733754837,-0.5968659509486195,-0.8023153929225022));
#7504=AXIS2_PLACEMENT_3D('',#554,#7502,#7503);
#7505=PLANE('',#7504);
#7506=FACE_SURFACE('',(#7501),#7505,.T.);
#7507=POLY_LOOP('',(#542,#452,#554));
#7508=FACE_OUTER_BOUND('',#7507,.T.);
#7509=DIRECTION('',(-0.8102302602365379,0.47333608656025916,-0.34565860984047647));
#7510=DIRECTION('',(-0.5530609749156842,-0.8126750506768552,0.18352879891909055));
#7511=AXIS2_PLACEMENT_3D('',#542,#7509,#7510);
#7512=PLANE('',#7511);
#7513=FACE_SURFACE('',(#7508),#7512,.T.);
#7514=POLY_LOOP('',(#489,#506,#505));
#7515=FACE_OUTER_BOUND('',#7514,.T.);
#7516=DIRECTION('',(0.053293456223896765,0.2712578875331701,-0.9610301587227914));
#7517=DIRECTION('',(0.004903956770438375,-0.9624573176238966,-0.2713887671960788));
#7518=AXIS2_PLACEMENT_3D('',#489,#7516,#7517);
#7519=PLANE('',#7518);
#7520=FACE_SURFACE('',(#7515),#7519,.T.);
#7521=POLY_LOOP('',(#474,#498,#472));
#7522=FACE_OUTER_BOUND('',#7521,.T.);
#7523=DIRECTION('',(-0.4274444037223693,0.46456484071935494,-0.7755454793200901));
#7524=DIRECTION('',(-0.8411131726854326,-0.5188276110055176,0.15279574861020476));
#7525=AXIS2_PLACEMENT_3D('',#474,#7523,#7524);
#7526=PLANE('',#7525);
#7527=FACE_SURFACE('',(#7522),#7526,.T.);
#7528=POLY_LOOP('',(#472,#498,#497));
#7529=FACE_OUTER_BOUND('',#7528,.T.);
#7530=DIRECTION('',(-0.49445223551576045,0.44761122249706536,-0.7450913905610167));
#7531=DIRECTION('',(-0.01324371474921803,-0.8609905215549505,-0.5084485478513787));
#7532=AXIS2_PLACEMENT_3D('',#472,#7530,#7531);
#7533=PLANE('',#7532);
#7534=FACE_SURFACE('',(#7529),#7533,.T.);
#7535=POLY_LOOP('',(#472,#497,#470));
#7536=FACE_OUTER_BOUND('',#7535,.T.);
#7537=DIRECTION('',(-0.5246497415838586,0.5078347550809121,-0.6832616703634855));
#7538=DIRECTION('',(-0.7942028074542798,-0.5809932205651229,0.17801342165439787));
#7539=AXIS2_PLACEMENT_3D('',#472,#7537,#7538);
#7540=PLANE('',#7539);
#7541=FACE_SURFACE('',(#7536),#7540,.T.);
#7542=POLY_LOOP('',(#538,#484,#482));
#7543=FACE_OUTER_BOUND('',#7542,.T.);
#7544=DIRECTION('',(-0.032315166230346026,0.5791776617393336,-0.8145605969930432));
#7545=DIRECTION('',(-1.9797957905099933e-06,-0.8149862780634013,-0.5794802555432279));
#7546=AXIS2_PLACEMENT_3D('',#538,#7544,#7545);
#7547=PLANE('',#7546);
#7548=FACE_SURFACE('',(#7543),#7547,.T.);
#7549=POLY_LOOP('',(#539,#484,#538));
#7550=FACE_OUTER_BOUND('',#7549,.T.);
#7551=DIRECTION('',(0.032237722656238865,0.579179006808622,-0.8145627092557808));
#7552=DIRECTION('',(-0.9986209174370884,0.052452891324904605,-0.00222653290243775));
#7553=AXIS2_PLACEMENT_3D('',#539,#7551,#7552);
#7554=PLANE('',#7553);
#7555=FACE_SURFACE('',(#7550),#7554,.T.);
#7556=POLY_LOOP('',(#539,#486,#484));
#7557=FACE_OUTER_BOUND('',#7556,.T.);
#7558=DIRECTION('',(0.028130075765022935,0.4987808946654637,-0.8662715036027526));
#7559=DIRECTION('',(0.0019497753578475256,-0.8666401778563302,-0.49892985529150513));
#7560=AXIS2_PLACEMENT_3D('',#539,#7558,#7559);
#7561=PLANE('',#7560);
#7562=FACE_SURFACE('',(#7557),#7561,.T.);
#7563=POLY_LOOP('',(#540,#486,#539));
#7564=FACE_OUTER_BOUND('',#7563,.T.);
#7565=DIRECTION('',(0.0905083573328646,0.4970359695670472,-0.8629968031281761));
#7566=DIRECTION('',(-0.9877233261549629,0.15558655944365052,-0.013980468156115663));
#7567=AXIS2_PLACEMENT_3D('',#540,#7565,#7566);
#7568=PLANE('',#7567);
#7569=FACE_SURFACE('',(#7564),#7568,.T.);
#7570=POLY_LOOP('',(#540,#488,#486));
#7571=FACE_OUTER_BOUND('',#7570,.T.);
#7572=DIRECTION('',(0.07884142414621292,0.4192455768137264,-0.9044430198529496));
#7573=DIRECTION('',(0.004352622734693407,-0.9074033114133918,-0.42023836701488904));
#7574=AXIS2_PLACEMENT_3D('',#540,#7572,#7573);
#7575=PLANE('',#7574);
#7576=FACE_SURFACE('',(#7571),#7575,.T.);
#7577=POLY_LOOP('',(#527,#488,#540));
#7578=FACE_OUTER_BOUND('',#7577,.T.);
#7579=DIRECTION('',(0.14470044395124965,0.41639094393199466,-0.897596993829488));
#7580=DIRECTION('',(-0.9665361508283133,0.253680409901388,-0.03813290933369234));
#7581=AXIS2_PLACEMENT_3D('',#527,#7579,#7580);
#7582=PLANE('',#7581);
#7583=FACE_SURFACE('',(#7578),#7582,.T.);
#7584=POLY_LOOP('',(#527,#490,#488));
#7585=FACE_OUTER_BOUND('',#7584,.T.);
#7586=DIRECTION('',(0.1268553228364263,0.3434441423430482,-0.9305664125457753));
#7587=DIRECTION('',(0.007251498560063264,-0.9384415026575921,-0.3453620735668496));
#7588=AXIS2_PLACEMENT_3D('',#527,#7586,#7587);
#7589=PLANE('',#7588);
#7590=FACE_SURFACE('',(#7585),#7589,.T.);
#7591=POLY_LOOP('',(#520,#490,#527));
#7592=FACE_OUTER_BOUND('',#7591,.T.);
#7593=DIRECTION('',(0.1988521908956769,0.3398268322375529,-0.9192255056662534));
#7594=DIRECTION('',(-0.9361213024769217,0.34347067843024587,-0.07553012715187302));
#7595=AXIS2_PLACEMENT_3D('',#520,#7593,#7594);
#7596=PLANE('',#7595);
#7597=FACE_SURFACE('',(#7592),#7596,.T.);
#7598=POLY_LOOP('',(#520,#492,#490));
#7599=FACE_OUTER_BOUND('',#7598,.T.);
#7600=DIRECTION('',(0.17643128869271274,0.27289110178304604,-0.9457285270826211));
#7601=DIRECTION('',(0.010723266861398127,-0.9612765051213453,-0.27537700021881173));
#7602=AXIS2_PLACEMENT_3D('',#520,#7600,#7601);
#7603=PLANE('',#7602);
#7604=FACE_SURFACE('',(#7599),#7603,.T.);
#7605=POLY_LOOP('',(#515,#492,#520));
#7606=FACE_OUTER_BOUND('',#7605,.T.);
#7607=DIRECTION('',(0.25665910824402516,0.26881259637730354,-0.9283673250304939));
#7608=DIRECTION('',(-0.8977817469864137,0.42203247470670574,-0.1260020835976809));
#7609=AXIS2_PLACEMENT_3D('',#515,#7607,#7608);
#7610=PLANE('',#7609);
#7611=FACE_SURFACE('',(#7606),#7610,.T.);
#7612=POLY_LOOP('',(#515,#325,#492));
#7613=FACE_OUTER_BOUND('',#7612,.T.);
#7614=DIRECTION('',(0.23446730266474056,0.21578068038138137,-0.9478732942515412));
#7615=DIRECTION('',(-0.24008603512747406,-0.9319962119291144,-0.2715543346856213));
#7616=AXIS2_PLACEMENT_3D('',#515,#7614,#7615);
#7617=PLANE('',#7616);
#7618=FACE_SURFACE('',(#7613),#7617,.T.);
#7619=POLY_LOOP('',(#360,#325,#515));
#7620=FACE_OUTER_BOUND('',#7619,.T.);
#7621=DIRECTION('',(0.29050504383664516,0.19793724289821393,-0.9361771559802783));
#7622=DIRECTION('',(-0.8681698051823373,0.46591512912321625,-0.1708926031862095));
#7623=AXIS2_PLACEMENT_3D('',#360,#7621,#7622);
#7624=PLANE('',#7623);
#7625=FACE_SURFACE('',(#7620),#7624,.T.);
#7626=POLY_LOOP('',(#509,#551,#353));
#7627=FACE_OUTER_BOUND('',#7626,.T.);
#7628=DIRECTION('',(-0.9421607574218072,0.32187612791147324,-0.09342839747680516));
#7629=DIRECTION('',(-0.1321691379261846,-0.612976003702211,-0.7789683805297338));
#7630=AXIS2_PLACEMENT_3D('',#509,#7628,#7629);
#7631=PLANE('',#7630);
#7632=FACE_SURFACE('',(#7627),#7631,.T.);
#7633=POLY_LOOP('',(#508,#551,#509));
#7634=FACE_OUTER_BOUND('',#7633,.T.);
#7635=DIRECTION('',(-0.9319597778529622,0.34451186419057045,-0.11297144726078018));
#7636=DIRECTION('',(-0.3545651316068639,-0.9311122627665328,0.08551912987393223));
#7637=AXIS2_PLACEMENT_3D('',#508,#7635,#7636);
#7638=PLANE('',#7637);
#7639=FACE_SURFACE('',(#7634),#7638,.T.);
#7640=POLY_LOOP('',(#508,#552,#551));
#7641=FACE_OUTER_BOUND('',#7640,.T.);
#7642=DIRECTION('',(-0.931365414252925,0.3436037060302731,-0.1203950095964898));
#7643=DIRECTION('',(0.0003990604881912078,-0.32971397688989057,-0.944080787959473));
#7644=AXIS2_PLACEMENT_3D('',#508,#7642,#7643);
#7645=PLANE('',#7644);
#7646=FACE_SURFACE('',(#7641),#7645,.T.);
#7647=POLY_LOOP('',(#495,#552,#508));
#7648=FACE_OUTER_BOUND('',#7647,.T.);
#7649=DIRECTION('',(-0.9061363047130242,0.39921343905997897,-0.13980567711981456));
#7650=DIRECTION('',(-0.41534667878740716,-0.9022972621655416,0.11552829570645601));
#7651=AXIS2_PLACEMENT_3D('',#495,#7649,#7650);
#7652=PLANE('',#7651);
#7653=FACE_SURFACE('',(#7648),#7652,.T.);
#7654=POLY_LOOP('',(#495,#553,#552));
#7655=FACE_OUTER_BOUND('',#7654,.T.);
#7656=DIRECTION('',(-0.9016956159093175,0.39160264263822747,-0.18328225917604082));
#7657=DIRECTION('',(-0.0012915508061219982,-0.42633768732419464,-0.9045631588029509));
#7658=AXIS2_PLACEMENT_3D('',#495,#7656,#7657);
#7659=PLANE('',#7658);
#7660=FACE_SURFACE('',(#7655),#7659,.T.);
#7661=POLY_LOOP('',(#493,#553,#495));
#7662=FACE_OUTER_BOUND('',#7661,.T.);
#7663=DIRECTION('',(-0.8687452906719678,0.4484707637801785,-0.21013232490433634));
#7664=DIRECTION('',(-0.48185402769795127,-0.8634272499244121,0.14936559201914232));
#7665=AXIS2_PLACEMENT_3D('',#493,#7663,#7664);
#7666=PLANE('',#7665);
#7667=FACE_SURFACE('',(#7662),#7666,.T.);
#7668=POLY_LOOP('',(#493,#554,#553));
#7669=FACE_OUTER_BOUND('',#7668,.T.);
#7670=DIRECTION('',(-0.8610294109897787,0.4349189362600525,-0.2635789678502809));
#7671=DIRECTION('',(-0.004890558893496855,-0.5253470916650114,-0.8508739716978204));
#7672=AXIS2_PLACEMENT_3D('',#493,#7670,#7671);
#7673=PLANE('',#7672);
#7674=FACE_SURFACE('',(#7669),#7673,.T.);
#7675=POLY_LOOP('',(#466,#554,#493));
#7676=FACE_OUTER_BOUND('',#7675,.T.);
#7677=DIRECTION('',(-0.8200268268426434,0.4890772830101663,-0.2972531152095449));
#7678=DIRECTION('',(-0.5492704897579909,-0.818449330143521,0.1686494087408519));
#7679=AXIS2_PLACEMENT_3D('',#466,#7677,#7678);
#7680=PLANE('',#7679);
#7681=FACE_SURFACE('',(#7676),#7680,.T.);
#7682=POLY_LOOP('',(#466,#542,#554));
#7683=FACE_OUTER_BOUND('',#7682,.T.);
#7684=DIRECTION('',(-0.8104496277597107,0.47256382009694947,-0.3462005730779838));
#7685=DIRECTION('',(-0.008373283229043961,-0.600263710400196,-0.7997583173087703));
#7686=AXIS2_PLACEMENT_3D('',#466,#7684,#7685);
#7687=PLANE('',#7686);
#7688=FACE_SURFACE('',(#7683),#7687,.T.);
#7689=POLY_LOOP('',(#465,#542,#466));
#7690=FACE_OUTER_BOUND('',#7689,.T.);
#7691=DIRECTION('',(-0.7622409296191409,0.5215026997211839,-0.3834366954229404));
#7692=DIRECTION('',(-0.6163775028237924,-0.7656646189535855,0.18394690890408183));
#7693=AXIS2_PLACEMENT_3D('',#465,#7691,#7692);
#7694=PLANE('',#7693);
#7695=FACE_SURFACE('',(#7690),#7694,.T.);
#7696=POLY_LOOP('',(#465,#541,#542));
#7697=FACE_OUTER_BOUND('',#7696,.T.);
#7698=DIRECTION('',(-0.7476651526583126,0.4957309722399983,-0.4418683318166262));
#7699=DIRECTION('',(-0.011384631073104189,-0.6748588379875272,-0.7378590237744971));
#7700=AXIS2_PLACEMENT_3D('',#465,#7698,#7699);
#7701=PLANE('',#7700);
#7702=FACE_SURFACE('',(#7697),#7701,.T.);
#7703=POLY_LOOP('',(#468,#541,#465));
#7704=FACE_OUTER_BOUND('',#7703,.T.);
#7705=DIRECTION('',(-0.6944904750899389,0.5362297890482639,-0.4797297086345656));
#7706=DIRECTION('',(-0.6796390026309209,-0.7077637229345932,0.19277276415669203));
#7707=AXIS2_PLACEMENT_3D('',#468,#7705,#7706);
#7708=PLANE('',#7707);
#7709=FACE_SURFACE('',(#7704),#7708,.T.);
#7710=POLY_LOOP('',(#468,#496,#541));
#7711=FACE_OUTER_BOUND('',#7710,.T.);
#7712=DIRECTION('',(-0.6742471925804377,0.49922946939968127,-0.5442064499620622));
#7713=DIRECTION('',(-0.013451986456101583,-0.7450821628835697,-0.6668370225273389));
#7714=AXIS2_PLACEMENT_3D('',#468,#7712,#7713);
#7715=PLANE('',#7714);
#7716=FACE_SURFACE('',(#7711),#7715,.T.);
#7717=POLY_LOOP('',(#470,#496,#468));
#7718=FACE_OUTER_BOUND('',#7717,.T.);
#7719=DIRECTION('',(-0.6192538929168658,0.5298200133881095,-0.5794957890448649));
#7720=DIRECTION('',(-0.7359919765763812,-0.6488085319640289,0.19329588527920974));
#7721=AXIS2_PLACEMENT_3D('',#470,#7719,#7720);
#7722=PLANE('',#7721);
#7723=FACE_SURFACE('',(#7718),#7722,.T.);
#7724=POLY_LOOP('',(#470,#497,#496));
#7725=FACE_OUTER_BOUND('',#7724,.T.);
#7726=DIRECTION('',(-0.5935995132253172,0.4811857332339712,-0.6450580656272366));
#7727=DIRECTION('',(-0.014348149300656822,-0.807753371231523,-0.589345927173299));
#7728=AXIS2_PLACEMENT_3D('',#470,#7726,#7727);
#7729=PLANE('',#7728);
#7730=FACE_SURFACE('',(#7725),#7729,.T.);
#7731=POLY_LOOP('',(#541,#453,#542));
#7732=FACE_OUTER_BOUND('',#7731,.T.);
#7733=DIRECTION('',(-0.7474238983572434,0.4964043667776526,-0.44152035152248503));
#7734=DIRECTION('',(-0.6208555652335439,-0.7584287488884061,0.1983033029934292));
#7735=AXIS2_PLACEMENT_3D('',#541,#7733,#7734);
#7736=PLANE('',#7735);
#7737=FACE_SURFACE('',(#7732),#7736,.T.);
#7738=POLY_LOOP('',(#306,#275,#343));
#7739=FACE_OUTER_BOUND('',#7738,.T.);
#7740=DIRECTION('',(0.004917410349766188,-0.7390837492050114,0.6735955988102327));
#7741=DIRECTION('',(-0.7880266254374373,-0.4175540303717027,-0.45239658411843925));
#7742=AXIS2_PLACEMENT_3D('',#306,#7740,#7741);
#7743=PLANE('',#7742);
#7744=FACE_SURFACE('',(#7739),#7743,.T.);
#7745=POLY_LOOP('',(#306,#555,#275));
#7746=FACE_OUTER_BOUND('',#7745,.T.);
#7747=DIRECTION('',(-0.002864866951434553,-0.7323429957397954,0.6809299003041448));
#7748=DIRECTION('',(-0.994402414711915,0.07400689210781285,0.07541099081470316));
#7749=AXIS2_PLACEMENT_3D('',#306,#7747,#7748);
#7750=PLANE('',#7749);
#7751=FACE_SURFACE('',(#7746),#7750,.T.);
#7752=POLY_LOOP('',(#305,#555,#306));
#7753=FACE_OUTER_BOUND('',#7752,.T.);
#7754=DIRECTION('',(0.00025838424536052976,-0.7120146234060485,0.7021645884645028));
#7755=DIRECTION('',(-0.9985355330761151,-0.03817024238015294,-0.03833825479907912));
#7756=AXIS2_PLACEMENT_3D('',#305,#7754,#7755);
#7757=PLANE('',#7756);
#7758=FACE_SURFACE('',(#7753),#7757,.T.);
#7759=POLY_LOOP('',(#219,#556,#557));
#7760=FACE_OUTER_BOUND('',#7759,.T.);
#7761=DIRECTION('',(-0.615198080185884,-0.045018603561842195,-0.7870861753765875));
#7762=DIRECTION('',(0.6286619988009033,-0.6304566117089386,-0.45531148900081314));
#7763=AXIS2_PLACEMENT_3D('',#219,#7761,#7762);
#7764=PLANE('',#7763);
#7765=FACE_SURFACE('',(#7760),#7764,.T.);
#7766=POLY_LOOP('',(#218,#556,#219));
#7767=FACE_OUTER_BOUND('',#7766,.T.);
#7768=DIRECTION('',(-0.5814152336352134,0.00779426495332508,-0.8135696500796644));
#7769=DIRECTION('',(6.255088397560381e-06,-0.9999540689549964,-0.009584359197161893));
#7770=AXIS2_PLACEMENT_3D('',#218,#7768,#7769);
#7771=PLANE('',#7770);
#7772=FACE_SURFACE('',(#7767),#7771,.T.);
#7773=POLY_LOOP('',(#558,#559,#560));
#7774=FACE_OUTER_BOUND('',#7773,.T.);
#7775=DIRECTION('',(-0.36766275119878755,-0.00891311433654109,0.9299164789236517));
#7776=DIRECTION('',(0.02708192063400698,-0.9996325832453101,0.0011260946147130463));
#7777=AXIS2_PLACEMENT_3D('',#558,#7775,#7776);
#7778=PLANE('',#7777);
#7779=FACE_SURFACE('',(#7774),#7778,.T.);
#7780=POLY_LOOP('',(#558,#561,#559));
#7781=FACE_OUTER_BOUND('',#7780,.T.);
#7782=DIRECTION('',(-0.47928674740254085,-0.0119961792140634,0.8775763815466759));
#7783=DIRECTION('',(-0.0890434028522517,-0.9940824839178489,-0.062219671939114846));
#7784=AXIS2_PLACEMENT_3D('',#558,#7782,#7783);
#7785=PLANE('',#7784);
#7786=FACE_SURFACE('',(#7781),#7785,.T.);
#7787=POLY_LOOP('',(#562,#561,#558));
#7788=FACE_OUTER_BOUND('',#7787,.T.);
#7789=DIRECTION('',(-0.4506097671327053,-0.015504352216807583,0.8925863839578477));
#7790=DIRECTION('',(-0.04332723595249327,-0.9982910615785829,-0.039213607294187464));
#7791=AXIS2_PLACEMENT_3D('',#562,#7789,#7790);
#7792=PLANE('',#7791);
#7793=FACE_SURFACE('',(#7788),#7792,.T.);
#7794=POLY_LOOP('',(#563,#561,#562));
#7795=FACE_OUTER_BOUND('',#7794,.T.);
#7796=DIRECTION('',(-0.5705548191034464,-0.007495452965122935,0.821225314138989));
#7797=DIRECTION('',(0.00497590408637813,-0.9999715462588984,-0.005669836956313317));
#7798=AXIS2_PLACEMENT_3D('',#563,#7796,#7797);
#7799=PLANE('',#7798);
#7800=FACE_SURFACE('',(#7795),#7799,.T.);
#7801=POLY_LOOP('',(#563,#564,#561));
#7802=FACE_OUTER_BOUND('',#7801,.T.);
#7803=DIRECTION('',(-0.6751456043813485,-0.007542006574500534,0.7376459387954182));
#7804=DIRECTION('',(-0.048759930889144015,-0.9973046901367039,-0.05482539713507653));
#7805=AXIS2_PLACEMENT_3D('',#563,#7803,#7804);
#7806=PLANE('',#7805);
#7807=FACE_SURFACE('',(#7802),#7806,.T.);
#7808=POLY_LOOP('',(#565,#564,#563));
#7809=FACE_OUTER_BOUND('',#7808,.T.);
#7810=DIRECTION('',(-0.679964906096818,-0.007062558631805282,0.7332106428185));
#7811=DIRECTION('',(-0.00037612376836042787,-0.9999501208099634,-0.009980702532909929));
#7812=AXIS2_PLACEMENT_3D('',#565,#7810,#7811);
#7813=PLANE('',#7812);
#7814=FACE_SURFACE('',(#7809),#7813,.T.);
#7815=POLY_LOOP('',(#566,#564,#565));
#7816=FACE_OUTER_BOUND('',#7815,.T.);
#7817=DIRECTION('',(-0.7838260992662607,-0.005903019339348627,0.6209523334940594));
#7818=DIRECTION('',(0.052073541834700615,-0.9970575972064132,0.05625383625819335));
#7819=AXIS2_PLACEMENT_3D('',#566,#7817,#7818);
#7820=PLANE('',#7819);
#7821=FACE_SURFACE('',(#7816),#7820,.T.);
#7822=POLY_LOOP('',(#566,#567,#564));
#7823=FACE_OUTER_BOUND('',#7822,.T.);
#7824=DIRECTION('',(-0.7845860248030405,-0.005996947958955551,0.6199909727560075));
#7825=DIRECTION('',(-0.00021029621483892945,-0.999950591910432,-0.009938285238340285));
#7826=AXIS2_PLACEMENT_3D('',#566,#7824,#7825);
#7827=PLANE('',#7826);
#7828=FACE_SURFACE('',(#7823),#7827,.T.);
#7829=POLY_LOOP('',(#568,#567,#566));
#7830=FACE_OUTER_BOUND('',#7829,.T.);
#7831=DIRECTION('',(-0.8736728932637926,-0.004651391625513513,0.48649156224134016));
#7832=DIRECTION('',(0.04461657171996735,-0.9965065666698398,0.0705976211486275));
#7833=AXIS2_PLACEMENT_3D('',#568,#7831,#7832);
#7834=PLANE('',#7833);
#7835=FACE_SURFACE('',(#7830),#7834,.T.);
#7836=POLY_LOOP('',(#568,#569,#567));
#7837=FACE_OUTER_BOUND('',#7836,.T.);
#7838=DIRECTION('',(-0.9100010723770948,-0.011381730725985226,0.4144496404609594));
#7839=DIRECTION('',(-0.031714269048775216,-0.9947834981978075,-0.09695358091393336));
#7840=AXIS2_PLACEMENT_3D('',#568,#7838,#7839);
#7841=PLANE('',#7840);
#7842=FACE_SURFACE('',(#7837),#7841,.T.);
#7843=POLY_LOOP('',(#570,#240,#571));
#7844=FACE_OUTER_BOUND('',#7843,.T.);
#7845=DIRECTION('',(-0.8259390285463581,0.007453803183365806,-0.5637101754820482));
#7846=DIRECTION('',(0.19107595336444488,0.9444299582735294,-0.26747342664520557));
#7847=AXIS2_PLACEMENT_3D('',#570,#7845,#7846);
#7848=PLANE('',#7847);
#7849=FACE_SURFACE('',(#7844),#7848,.T.);
#7850=POLY_LOOP('',(#355,#569,#568));
#7851=FACE_OUTER_BOUND('',#7850,.T.);
#7852=DIRECTION('',(-0.9400518045418986,-0.003266710303149184,0.3410160309740813));
#7853=DIRECTION('',(-2.282109178722323e-06,-0.9999540609499391,-0.009585196112616445));
#7854=AXIS2_PLACEMENT_3D('',#355,#7852,#7853);
#7855=PLANE('',#7854);
#7856=FACE_SURFACE('',(#7851),#7855,.T.);
#7857=POLY_LOOP('',(#572,#573,#574));
#7858=FACE_OUTER_BOUND('',#7857,.T.);
#7859=DIRECTION('',(-0.1316755779789585,-0.007570111570015005,0.9912639585774945));
#7860=DIRECTION('',(0.09839257812310745,-0.9951326419267152,0.005470424320311902));
#7861=AXIS2_PLACEMENT_3D('',#572,#7859,#7860);
#7862=PLANE('',#7861);
#7863=FACE_SURFACE('',(#7858),#7862,.T.);
#7864=POLY_LOOP('',(#575,#573,#572));
#7865=FACE_OUTER_BOUND('',#7864,.T.);
#7866=DIRECTION('',(-0.1855198152235775,-0.012941770760571238,0.9825552955070724));
#7867=DIRECTION('',(0.2057667684055736,-0.978256501209347,0.025966417958083438));
#7868=AXIS2_PLACEMENT_3D('',#575,#7866,#7867);
#7869=PLANE('',#7868);
#7870=FACE_SURFACE('',(#7865),#7869,.T.);
#7871=POLY_LOOP('',(#575,#576,#573));
#7872=FACE_OUTER_BOUND('',#7871,.T.);
#7873=DIRECTION('',(-0.16753911025740548,-0.009072949251413293,0.9858236800392036));
#7874=DIRECTION('',(0.008861114768288731,-0.9999311171688782,-0.007696854062698755));
#7875=AXIS2_PLACEMENT_3D('',#575,#7873,#7874);
#7876=PLANE('',#7875);
#7877=FACE_SURFACE('',(#7872),#7876,.T.);
#7878=POLY_LOOP('',(#577,#576,#575));
#7879=FACE_OUTER_BOUND('',#7878,.T.);
#7880=DIRECTION('',(-0.23677931413757458,-0.009576407221429243,0.9715162627672628));
#7881=DIRECTION('',(0.1032277061262751,-0.9945392152808351,0.015355453639933918));
#7882=AXIS2_PLACEMENT_3D('',#577,#7880,#7881);
#7883=PLANE('',#7882);
#7884=FACE_SURFACE('',(#7879),#7883,.T.);
#7885=POLY_LOOP('',(#577,#559,#576));
#7886=FACE_OUTER_BOUND('',#7885,.T.);
#7887=DIRECTION('',(-0.2635167179809151,-0.012458784017509546,0.9645743714433697));
#7888=DIRECTION('',(-0.08428666870932794,-0.9957950376962317,-0.035888722148393));
#7889=AXIS2_PLACEMENT_3D('',#577,#7887,#7888);
#7890=PLANE('',#7889);
#7891=FACE_SURFACE('',(#7886),#7890,.T.);
#7892=POLY_LOOP('',(#560,#559,#577));
#7893=FACE_OUTER_BOUND('',#7892,.T.);
#7894=DIRECTION('',(-0.29830818218171984,-0.009148185910371278,0.9544257640791072));
#7895=DIRECTION('',(-1.943576095672008e-06,-0.9999540610780685,-0.009585182820428036));
#7896=AXIS2_PLACEMENT_3D('',#560,#7894,#7895);
#7897=PLANE('',#7896);
#7898=FACE_SURFACE('',(#7893),#7897,.T.);
#7899=POLY_LOOP('',(#578,#579,#580));
#7900=FACE_OUTER_BOUND('',#7899,.T.);
#7901=DIRECTION('',(-0.02981777080661795,-0.009580852274122564,0.9995094335792062));
#7902=DIRECTION('',(0.05075888591082184,-0.9986784237347769,-0.008058626912429263));
#7903=AXIS2_PLACEMENT_3D('',#578,#7901,#7902);
#7904=PLANE('',#7903);
#7905=FACE_SURFACE('',(#7900),#7904,.T.);
#7906=POLY_LOOP('',(#578,#574,#579));
#7907=FACE_OUTER_BOUND('',#7906,.T.);
#7908=DIRECTION('',(-0.06366676790944055,-0.011288335781305945,0.9979073685163639));
#7909=DIRECTION('',(-0.0575640420347952,-0.998229654092052,-0.01496458338473695));
#7910=AXIS2_PLACEMENT_3D('',#578,#7908,#7909);
#7911=PLANE('',#7910);
#7912=FACE_SURFACE('',(#7907),#7911,.T.);
#7913=POLY_LOOP('',(#581,#574,#578));
#7914=FACE_OUTER_BOUND('',#7913,.T.);
#7915=DIRECTION('',(-0.09332654398977669,-0.009543228542352651,0.9955898166292747));
#7916=DIRECTION('',(-1.564790848335378e-06,-0.9999540608306714,-0.009585208698891427));
#7917=AXIS2_PLACEMENT_3D('',#581,#7915,#7916);
#7918=PLANE('',#7917);
#7919=FACE_SURFACE('',(#7914),#7918,.T.);
#7920=POLY_LOOP('',(#582,#579,#583));
#7921=FACE_OUTER_BOUND('',#7920,.T.);
#7922=DIRECTION('',(-2.4575740482236473e-09,-0.009585194298253129,0.9999540609699352));
#7923=DIRECTION('',(-0.7785033608435267,-0.627611602990392,-0.00601605744357444));
#7924=AXIS2_PLACEMENT_3D('',#582,#7922,#7923);
#7925=PLANE('',#7924);
#7926=FACE_SURFACE('',(#7921),#7925,.T.);
#7927=POLY_LOOP('',(#580,#579,#582));
#7928=FACE_OUTER_BOUND('',#7927,.T.);
#7929=DIRECTION('',(-1.8184217584027724e-08,-0.009585174792367751,0.9999540611569111));
#7930=DIRECTION('',(-2.0285440234457992e-06,-0.9999540611548534,-0.009585174792384916));
#7931=AXIS2_PLACEMENT_3D('',#580,#7929,#7930);
#7932=PLANE('',#7931);
#7933=FACE_SURFACE('',(#7928),#7932,.T.);
#7934=POLY_LOOP('',(#583,#584,#585));
#7935=FACE_OUTER_BOUND('',#7934,.T.);
#7936=DIRECTION('',(-1.4009554967918847e-06,-0.7138492381828473,0.7002994110691556));
#7937=DIRECTION('',(-0.9988258188323377,-0.03392548026169922,-0.034583889644212155));
#7938=AXIS2_PLACEMENT_3D('',#583,#7936,#7937);
#7939=PLANE('',#7938);
#7940=FACE_SURFACE('',(#7935),#7939,.T.);
#7941=POLY_LOOP('',(#572,#574,#581));
#7942=FACE_OUTER_BOUND('',#7941,.T.);
#7943=DIRECTION('',(-0.14586386759667658,-0.009482463502700943,0.9892592253881988));
#7944=DIRECTION('',(0.13218293074046084,-0.9911750038264386,0.00998922472076596));
#7945=AXIS2_PLACEMENT_3D('',#572,#7943,#7944);
#7946=PLANE('',#7945);
#7947=FACE_SURFACE('',(#7942),#7946,.T.);
#7948=POLY_LOOP('',(#579,#584,#583));
#7949=FACE_OUTER_BOUND('',#7948,.T.);
#7950=DIRECTION('',(-1.3895024316493643e-06,-0.7138494035465542,0.700299242505872));
#7951=DIRECTION('',(3.3717772000877818e-06,-0.7002992425059118,-0.7138494035399046));
#7952=AXIS2_PLACEMENT_3D('',#579,#7950,#7951);
#7953=PLANE('',#7952);
#7954=FACE_SURFACE('',(#7949),#7953,.T.);
#7955=POLY_LOOP('',(#571,#240,#242));
#7956=FACE_OUTER_BOUND('',#7955,.T.);
#7957=DIRECTION('',(-0.7624426145973218,0.0018415205796048007,-0.6470532190229444));
#7958=DIRECTION('',(0.036122237654804865,0.9985576318337108,-0.03972203234303149));
#7959=AXIS2_PLACEMENT_3D('',#571,#7957,#7958);
#7960=PLANE('',#7959);
#7961=FACE_SURFACE('',(#7956),#7960,.T.);
#7962=POLY_LOOP('',(#557,#242,#243));
#7963=FACE_OUTER_BOUND('',#7962,.T.);
#7964=DIRECTION('',(-0.7094558271017549,0.006751067028796673,-0.7047175693037159));
#7965=DIRECTION('',(-0.11025048291400377,0.9865790951702536,0.12044301553129852));
#7966=AXIS2_PLACEMENT_3D('',#557,#7964,#7965);
#7967=PLANE('',#7966);
#7968=FACE_SURFACE('',(#7963),#7967,.T.);
#7969=POLY_LOOP('',(#569,#357,#586));
#7970=FACE_OUTER_BOUND('',#7969,.T.);
#7971=DIRECTION('',(-0.9819688840201232,-0.003650309597821911,0.1890073703751097));
#7972=DIRECTION('',(-0.07734820994705968,0.9200517886730168,-0.3840858765661239));
#7973=AXIS2_PLACEMENT_3D('',#569,#7971,#7972);
#7974=PLANE('',#7973);
#7975=FACE_SURFACE('',(#7970),#7974,.T.);
#7976=POLY_LOOP('',(#569,#356,#357));
#7977=FACE_OUTER_BOUND('',#7976,.T.);
#7978=DIRECTION('',(-0.9855154658392061,-0.012240984584491093,0.1691432082234895));
#7979=DIRECTION('',(-0.04004076185985931,0.985987646406686,-0.16194165160046398));
#7980=AXIS2_PLACEMENT_3D('',#569,#7978,#7979);
#7981=PLANE('',#7980);
#7982=FACE_SURFACE('',(#7977),#7981,.T.);
#7983=POLY_LOOP('',(#354,#356,#569));
#7984=FACE_OUTER_BOUND('',#7983,.T.);
#7985=DIRECTION('',(-0.9748823212979004,-0.0030128079153555996,0.2227002079237523));
#7986=DIRECTION('',(-0.16173063029446752,-0.6778873118882758,-0.7171554891412613));
#7987=AXIS2_PLACEMENT_3D('',#354,#7985,#7986);
#7988=PLANE('',#7987);
#7989=FACE_SURFACE('',(#7984),#7988,.T.);
#7990=POLY_LOOP('',(#569,#355,#354));
#7991=FACE_OUTER_BOUND('',#7990,.T.);
#7992=DIRECTION('',(-0.9662736810447269,-0.002466149033708915,0.2575055172791784));
#7993=DIRECTION('',(2.282109178722323e-06,0.9999540609499391,0.009585196112616445));
#7994=AXIS2_PLACEMENT_3D('',#569,#7992,#7993);
#7995=PLANE('',#7994);
#7996=FACE_SURFACE('',(#7991),#7995,.T.);
#7997=POLY_LOOP('',(#303,#587,#586));
#7998=FACE_OUTER_BOUND('',#7997,.T.);
#7999=DIRECTION('',(-0.9965072814489327,-0.0026167181930730173,0.08346490762683308));
#8000=DIRECTION('',(-0.0032244973638803987,-0.9975577119856401,-0.06977258684272011));
#8001=AXIS2_PLACEMENT_3D('',#303,#7999,#8000);
#8002=PLANE('',#8001);
#8003=FACE_SURFACE('',(#7998),#8002,.T.);
#8004=POLY_LOOP('',(#303,#588,#587));
#8005=FACE_OUTER_BOUND('',#8004,.T.);
#8006=DIRECTION('',(-0.9997863278378529,0.001791325646395688,0.020593441211461377));
#8007=DIRECTION('',(-0.00704284190992885,-0.9661511666781039,-0.2578804403291777));
#8008=AXIS2_PLACEMENT_3D('',#303,#8006,#8007);
#8009=PLANE('',#8008);
#8010=FACE_SURFACE('',(#8005),#8009,.T.);
#8011=POLY_LOOP('',(#230,#588,#303));
#8012=FACE_OUTER_BOUND('',#8011,.T.);
#8013=DIRECTION('',(-0.9995990856474971,-0.00027036036333469304,0.028312450935263855));
#8014=DIRECTION('',(-1.8475647690870941e-06,-0.9999537848434698,-0.00961395723967545));
#8015=AXIS2_PLACEMENT_3D('',#230,#8013,#8014);
#8016=PLANE('',#8015);
#8017=FACE_SURFACE('',(#8012),#8016,.T.);
#8018=POLY_LOOP('',(#304,#303,#586));
#8019=FACE_OUTER_BOUND('',#8018,.T.);
#8020=DIRECTION('',(-0.9962780972597964,-0.0019655176206782223,0.08617476231984803));
#8021=DIRECTION('',(-0.06897563645476051,-0.5813882484523356,-0.8106972715737891));
#8022=AXIS2_PLACEMENT_3D('',#304,#8020,#8021);
#8023=PLANE('',#8022);
#8024=FACE_SURFACE('',(#8019),#8023,.T.);
#8025=POLY_LOOP('',(#589,#234,#235));
#8026=FACE_OUTER_BOUND('',#8025,.T.);
#8027=DIRECTION('',(-0.9766989549228962,-0.0035262226302815495,-0.21458498830646064));
#8028=DIRECTION('',(0.01599000554106181,0.9958903104305141,-0.08914487822309915));
#8029=AXIS2_PLACEMENT_3D('',#589,#8027,#8028);
#8030=PLANE('',#8029);
#8031=FACE_SURFACE('',(#8026),#8030,.T.);
#8032=POLY_LOOP('',(#589,#233,#234));
#8033=FACE_OUTER_BOUND('',#8032,.T.);
#8034=DIRECTION('',(-0.98714715581671,0.0015449097960251092,-0.15980646425192624));
#8035=DIRECTION('',(-0.0001779671326349811,0.9999420275163052,0.010766147606296768));
#8036=AXIS2_PLACEMENT_3D('',#589,#8034,#8035);
#8037=PLANE('',#8036);
#8038=FACE_SURFACE('',(#8033),#8037,.T.);
#8039=POLY_LOOP('',(#590,#233,#589));
#8040=FACE_OUTER_BOUND('',#8039,.T.);
#8041=DIRECTION('',(-0.9933058551438164,0.0010668735033275553,-0.11550904690949326));
#8042=DIRECTION('',(0.03387749882967039,0.9586775134730178,-0.28247077766423423));
#8043=AXIS2_PLACEMENT_3D('',#590,#8041,#8042);
#8044=PLANE('',#8043);
#8045=FACE_SURFACE('',(#8040),#8044,.T.);
#8046=POLY_LOOP('',(#590,#232,#233));
#8047=FACE_OUTER_BOUND('',#8046,.T.);
#8048=DIRECTION('',(-0.9933684213671857,0.001228464397487882,-0.11496812734705925));
#8049=DIRECTION('',(-0.0003156128883882561,0.9999100144652813,0.013411314646441533));
#8050=AXIS2_PLACEMENT_3D('',#590,#8048,#8049);
#8051=PLANE('',#8050);
#8052=FACE_SURFACE('',(#8047),#8051,.T.);
#8053=POLY_LOOP('',(#571,#242,#557));
#8054=FACE_OUTER_BOUND('',#8053,.T.);
#8055=DIRECTION('',(-0.7575511879675099,-0.004967041142040652,-0.6527568660008931));
#8056=DIRECTION('',(0.4355205946122864,0.7410268590904635,-0.5110782775417898));
#8057=AXIS2_PLACEMENT_3D('',#571,#8055,#8056);
#8058=PLANE('',#8057);
#8059=FACE_SURFACE('',(#8054),#8058,.T.);
#8060=POLY_LOOP('',(#588,#232,#590));
#8061=FACE_OUTER_BOUND('',#8060,.T.);
#8062=DIRECTION('',(-0.9990674865429301,0.0002637397778559651,-0.043175082792295434));
#8063=DIRECTION('',(0.014521530861541416,0.9437776822515827,-0.3302617320024653));
#8064=AXIS2_PLACEMENT_3D('',#588,#8062,#8063);
#8065=PLANE('',#8064);
#8066=FACE_SURFACE('',(#8061),#8065,.T.);
#8067=POLY_LOOP('',(#229,#231,#588));
#8068=FACE_OUTER_BOUND('',#8067,.T.);
#8069=DIRECTION('',(-0.9995647002310994,0.00024893154200715024,-0.029501662410784547));
#8070=DIRECTION('',(0.025424229239719584,-0.5000317544309167,-0.8656337869609212));
#8071=AXIS2_PLACEMENT_3D('',#229,#8069,#8070);
#8072=PLANE('',#8071);
#8073=FACE_SURFACE('',(#8068),#8072,.T.);
#8074=POLY_LOOP('',(#588,#230,#229));
#8075=FACE_OUTER_BOUND('',#8074,.T.);
#8076=DIRECTION('',(-0.9999841163793215,5.603383644126983e-05,-0.00563594262538115));
#8077=DIRECTION('',(1.8475647690870941e-06,0.9999537848434698,0.00961395723967545));
#8078=AXIS2_PLACEMENT_3D('',#588,#8076,#8077);
#8079=PLANE('',#8078);
#8080=FACE_SURFACE('',(#8075),#8079,.T.);
#8081=POLY_LOOP('',(#570,#239,#240));
#8082=FACE_OUTER_BOUND('',#8081,.T.);
#8083=DIRECTION('',(-0.8227558556371081,0.005490520134803889,-0.5683684159095219));
#8084=DIRECTION('',(-0.0006364522546507647,0.9999438180312153,0.010580912516570522));
#8085=AXIS2_PLACEMENT_3D('',#570,#8083,#8084);
#8086=PLANE('',#8085);
#8087=FACE_SURFACE('',(#8082),#8086,.T.);
#8088=POLY_LOOP('',(#570,#238,#239));
#8089=FACE_OUTER_BOUND('',#8088,.T.);
#8090=DIRECTION('',(-0.8598792847266742,0.004854284945392827,-0.510474339820928));
#8091=DIRECTION('',(-0.15122903261548173,0.9526485869090585,0.26380001810909615));
#8092=AXIS2_PLACEMENT_3D('',#570,#8090,#8091);
#8093=PLANE('',#8092);
#8094=FACE_SURFACE('',(#8089),#8093,.T.);
#8095=POLY_LOOP('',(#591,#238,#570));
#8096=FACE_OUTER_BOUND('',#8095,.T.);
#8097=DIRECTION('',(-0.8813690816445464,-0.009116893491900509,-0.4723403689862916));
#8098=DIRECTION('',(0.16159037100879164,0.933691988867933,-0.3195431456330813));
#8099=AXIS2_PLACEMENT_3D('',#591,#8097,#8098);
#8100=PLANE('',#8099);
#8101=FACE_SURFACE('',(#8096),#8100,.T.);
#8102=POLY_LOOP('',(#591,#237,#238));
#8103=FACE_OUTER_BOUND('',#8102,.T.);
#8104=DIRECTION('',(-0.9043164108967058,0.01046247365289987,-0.4267345376553939));
#8105=DIRECTION('',(-0.0551002578512616,0.9884749382041567,0.14100091534104633));
#8106=AXIS2_PLACEMENT_3D('',#591,#8104,#8105);
#8107=PLANE('',#8106);
#8108=FACE_SURFACE('',(#8103),#8107,.T.);
#8109=POLY_LOOP('',(#592,#237,#591));
#8110=FACE_OUTER_BOUND('',#8109,.T.);
#8111=DIRECTION('',(-0.9295836449971682,0.0007629050551680553,-0.3686104514655755));
#8112=DIRECTION('',(0.056079882287010864,0.9886498044241049,-0.13937937801143357));
#8113=AXIS2_PLACEMENT_3D('',#592,#8111,#8112);
#8114=PLANE('',#8113);
#8115=FACE_SURFACE('',(#8110),#8114,.T.);
#8116=POLY_LOOP('',(#592,#236,#237));
#8117=FACE_OUTER_BOUND('',#8116,.T.);
#8118=DIRECTION('',(-0.9358372739289817,0.0034007211660584714,-0.35241599257230466));
#8119=DIRECTION('',(-0.00041081856381323066,0.9999422390395758,0.010740103008235696));
#8120=AXIS2_PLACEMENT_3D('',#592,#8118,#8119);
#8121=PLANE('',#8120);
#8122=FACE_SURFACE('',(#8117),#8121,.T.);
#8123=POLY_LOOP('',(#593,#236,#592));
#8124=FACE_OUTER_BOUND('',#8123,.T.);
#8125=DIRECTION('',(-0.9589157516551565,0.0026529501353374364,-0.28367859116120464));
#8126=DIRECTION('',(0.12352807938318099,0.9040870285480687,-0.40910568123044466));
#8127=AXIS2_PLACEMENT_3D('',#593,#8125,#8126);
#8128=PLANE('',#8127);
#8129=FACE_SURFACE('',(#8124),#8128,.T.);
#8130=POLY_LOOP('',(#593,#235,#236));
#8131=FACE_OUTER_BOUND('',#8130,.T.);
#8132=DIRECTION('',(-0.9548202165567953,-0.004005728299052193,-0.2971570429843936));
#8133=DIRECTION('',(0.03486283156847796,0.9914952747765512,-0.12538621563313576));
#8134=AXIS2_PLACEMENT_3D('',#593,#8132,#8133);
#8135=PLANE('',#8134);
#8136=FACE_SURFACE('',(#8131),#8135,.T.);
#8137=POLY_LOOP('',(#589,#235,#593));
#8138=FACE_OUTER_BOUND('',#8137,.T.);
#8139=DIRECTION('',(-0.9815887013260013,0.010395237122493151,-0.19072378056839506));
#8140=DIRECTION('',(0.10349309770776423,0.8681882208440295,-0.48532297690767734));
#8141=AXIS2_PLACEMENT_3D('',#589,#8139,#8140);
#8142=PLANE('',#8141);
#8143=FACE_SURFACE('',(#8138),#8142,.T.);
#8144=POLY_LOOP('',(#557,#243,#219));
#8145=FACE_OUTER_BOUND('',#8144,.T.);
#8146=DIRECTION('',(-0.6652644533947197,0.007178514418770511,-0.746573289088328));
#8147=DIRECTION('',(-0.00030668729175513924,0.9999510645139907,0.00988809993082648));
#8148=AXIS2_PLACEMENT_3D('',#557,#8146,#8147);
#8149=PLANE('',#8148);
#8150=FACE_SURFACE('',(#8145),#8149,.T.);
#8151=POLY_LOOP('',(#588,#231,#232));
#8152=FACE_OUTER_BOUND('',#8151,.T.);
#8153=DIRECTION('',(-0.9979348409631293,-0.006989614679963049,-0.06385294416485182));
#8154=DIRECTION('',(0.0063207917407978355,0.9785522280097432,-0.20590188112044291));
#8155=AXIS2_PLACEMENT_3D('',#588,#8153,#8154);
#8156=PLANE('',#8155);
#8157=FACE_SURFACE('',(#8152),#8156,.T.);
#8158=POLY_LOOP('',(#594,#583,#585));
#8159=FACE_OUTER_BOUND('',#8158,.T.);
#8160=DIRECTION('',(0.04507172916883272,-0.7131238550628123,0.6995876689665739));
#8161=DIRECTION('',(-0.8451744468651781,0.3461289365228918,0.4072774406564548));
#8162=AXIS2_PLACEMENT_3D('',#594,#8160,#8161);
#8163=PLANE('',#8162);
#8164=FACE_SURFACE('',(#8159),#8163,.T.);
#8165=POLY_LOOP('',(#595,#583,#594));
#8166=FACE_OUTER_BOUND('',#8165,.T.);
#8167=DIRECTION('',(0.04506500758176352,-0.7131315489277011,0.6995802591666187));
#8168=DIRECTION('',(-0.9979712286037588,-0.0006110878446397418,0.06366359596150908));
#8169=AXIS2_PLACEMENT_3D('',#595,#8167,#8168);
#8170=PLANE('',#8169);
#8171=FACE_SURFACE('',(#8166),#8170,.T.);
#8172=POLY_LOOP('',(#596,#595,#597));
#8173=FACE_OUTER_BOUND('',#8172,.T.);
#8174=DIRECTION('',(0.09601749008644622,-0.0095410925073042,0.9953339184169633));
#8175=DIRECTION('',(0.053004021527316356,-0.9984863242307755,-0.014684482491615396));
#8176=AXIS2_PLACEMENT_3D('',#596,#8174,#8175);
#8177=PLANE('',#8176);
#8178=FACE_SURFACE('',(#8173),#8177,.T.);
#8179=POLY_LOOP('',(#598,#599,#600));
#8180=FACE_OUTER_BOUND('',#8179,.T.);
#8181=DIRECTION('',(-0.4556852450096203,-0.47850913176816395,0.7505864162739692));
#8182=DIRECTION('',(0.1385838743199599,-0.8710773357313454,-0.4711886935757802));
#8183=AXIS2_PLACEMENT_3D('',#598,#8181,#8182);
#8184=PLANE('',#8183);
#8185=FACE_SURFACE('',(#8180),#8184,.T.);
#8186=POLY_LOOP('',(#601,#599,#598));
#8187=FACE_OUTER_BOUND('',#8186,.T.);
#8188=DIRECTION('',(-0.3998028000073208,-0.484495251931554,0.7780887301343506));
#8189=DIRECTION('',(0.6325827839899896,-0.7601628257482076,-0.14829531263655785));
#8190=AXIS2_PLACEMENT_3D('',#601,#8188,#8189);
#8191=PLANE('',#8190);
#8192=FACE_SURFACE('',(#8187),#8191,.T.);
#8193=POLY_LOOP('',(#602,#603,#604));
#8194=FACE_OUTER_BOUND('',#8193,.T.);
#8195=DIRECTION('',(-0.681131651143687,-0.4083297433160319,0.6077223827815939));
#8196=DIRECTION('',(0.23591485450511407,-0.9081705970060447,-0.3457894564001556));
#8197=AXIS2_PLACEMENT_3D('',#602,#8195,#8196);
#8198=PLANE('',#8197);
#8199=FACE_SURFACE('',(#8194),#8198,.T.);
#8200=POLY_LOOP('',(#602,#605,#603));
#8201=FACE_OUTER_BOUND('',#8200,.T.);
#8202=DIRECTION('',(-0.6403573707417712,-0.41293383515587817,0.6476326779279624));
#8203=DIRECTION('',(0.065227179300876,-0.8693773482040253,-0.4898249090340223));
#8204=AXIS2_PLACEMENT_3D('',#602,#8202,#8203);
#8205=PLANE('',#8204);
#8206=FACE_SURFACE('',(#8201),#8205,.T.);
#8207=POLY_LOOP('',(#606,#605,#602));
#8208=FACE_OUTER_BOUND('',#8207,.T.);
#8209=DIRECTION('',(-0.5988039596598721,-0.42676753652071275,0.6777191805369687));
#8210=DIRECTION('',(0.4203576693435975,-0.8877497805562141,-0.18761598265183163));
#8211=AXIS2_PLACEMENT_3D('',#606,#8209,#8210);
#8212=PLANE('',#8211);
#8213=FACE_SURFACE('',(#8208),#8212,.T.);
#8214=POLY_LOOP('',(#606,#607,#605));
#8215=FACE_OUTER_BOUND('',#8214,.T.);
#8216=DIRECTION('',(-0.615112513026022,-0.43081470927745874,0.6603296771984359));
#8217=DIRECTION('',(0.1420110785915918,-0.8843559017996454,-0.44468808451474007));
#8218=AXIS2_PLACEMENT_3D('',#606,#8216,#8217);
#8219=PLANE('',#8218);
#8220=FACE_SURFACE('',(#8215),#8219,.T.);
#8221=POLY_LOOP('',(#600,#607,#606));
#8222=FACE_OUTER_BOUND('',#8221,.T.);
#8223=DIRECTION('',(-0.5289156202664518,-0.44752524124814763,0.7210890548912401));
#8224=DIRECTION('',(0.7309489275364586,-0.6719562066356431,0.11911558125257139));
#8225=AXIS2_PLACEMENT_3D('',#600,#8223,#8224);
#8226=PLANE('',#8225);
#8227=FACE_SURFACE('',(#8222),#8226,.T.);
#8228=POLY_LOOP('',(#600,#608,#607));
#8229=FACE_OUTER_BOUND('',#8228,.T.);
#8230=DIRECTION('',(-0.4933918940165568,-0.3997702668092854,0.7724947719525276));
#8231=DIRECTION('',(0.2571384819349423,-0.9154643260028023,-0.30952361610130524));
#8232=AXIS2_PLACEMENT_3D('',#600,#8230,#8231);
#8233=PLANE('',#8232);
#8234=FACE_SURFACE('',(#8229),#8233,.T.);
#8235=POLY_LOOP('',(#609,#608,#600));
#8236=FACE_OUTER_BOUND('',#8235,.T.);
#8237=DIRECTION('',(-0.4519891912632012,-0.39703264919991055,0.7987933690576919));
#8238=DIRECTION('',(0.854775925655519,-0.44884249801353543,0.2605734616124982));
#8239=AXIS2_PLACEMENT_3D('',#609,#8237,#8238);
#8240=PLANE('',#8239);
#8241=FACE_SURFACE('',(#8236),#8240,.T.);
#8242=POLY_LOOP('',(#602,#610,#606));
#8243=FACE_OUTER_BOUND('',#8242,.T.);
#8244=DIRECTION('',(-0.6490737914296415,-0.48353937725274476,0.5872758158865201));
#8245=DIRECTION('',(-0.12679835034038123,0.8299624927387989,0.5432167513964911));
#8246=AXIS2_PLACEMENT_3D('',#602,#8244,#8245);
#8247=PLANE('',#8246);
#8248=FACE_SURFACE('',(#8243),#8247,.T.);
#8249=POLY_LOOP('',(#602,#611,#610));
#8250=FACE_OUTER_BOUND('',#8249,.T.);
#8251=DIRECTION('',(-0.7274065471194078,-0.45012774646814396,0.5179427835845685));
#8252=DIRECTION('',(0.6573751770307164,-0.24061521821449552,0.7141163724403922));
#8253=AXIS2_PLACEMENT_3D('',#602,#8251,#8252);
#8254=PLANE('',#8253);
#8255=FACE_SURFACE('',(#8250),#8254,.T.);
#8256=POLY_LOOP('',(#612,#611,#602));
#8257=FACE_OUTER_BOUND('',#8256,.T.);
#8258=DIRECTION('',(-0.7306689033742344,-0.4353423715913321,0.5259277261555318));
#8259=DIRECTION('',(-0.11393645824017118,0.8372780838449594,0.5347746196264356));
#8260=AXIS2_PLACEMENT_3D('',#612,#8258,#8259);
#8261=PLANE('',#8260);
#8262=FACE_SURFACE('',(#8257),#8261,.T.);
#8263=POLY_LOOP('',(#598,#600,#613));
#8264=FACE_OUTER_BOUND('',#8263,.T.);
#8265=DIRECTION('',(-0.4378628847300461,-0.47117527620421273,0.765682671391854));
#8266=DIRECTION('',(0.5199684259071837,-0.8274943022454745,-0.21186320070007644));
#8267=AXIS2_PLACEMENT_3D('',#598,#8265,#8266);
#8268=PLANE('',#8267);
#8269=FACE_SURFACE('',(#8264),#8268,.T.);
#8270=POLY_LOOP('',(#612,#614,#611));
#8271=FACE_OUTER_BOUND('',#8270,.T.);
#8272=DIRECTION('',(-0.7763968866279305,-0.4108848223789796,0.47789280929205313));
#8273=DIRECTION('',(0.5631033580910603,-0.7928024199469876,0.23319290519390076));
#8274=AXIS2_PLACEMENT_3D('',#612,#8272,#8273);
#8275=PLANE('',#8274);
#8276=FACE_SURFACE('',(#8271),#8275,.T.);
#8277=POLY_LOOP('',(#598,#615,#601));
#8278=FACE_OUTER_BOUND('',#8277,.T.);
#8279=DIRECTION('',(-0.38305065686038436,-0.5193367372148793,0.7639120025617032));
#8280=DIRECTION('',(-0.7275770404844258,0.6791506498394719,0.09688160291070255));
#8281=AXIS2_PLACEMENT_3D('',#598,#8279,#8280);
#8282=PLANE('',#8281);
#8283=FACE_SURFACE('',(#8278),#8282,.T.);
#8284=POLY_LOOP('',(#598,#616,#615));
#8285=FACE_OUTER_BOUND('',#8284,.T.);
#8286=DIRECTION('',(-0.432361169864863,-0.5635971407850507,0.7038622604544178));
#8287=DIRECTION('',(0.033937149729536854,0.7698701523314225,0.6372975901550445));
#8288=AXIS2_PLACEMENT_3D('',#598,#8286,#8287);
#8289=PLANE('',#8288);
#8290=FACE_SURFACE('',(#8285),#8289,.T.);
#8291=POLY_LOOP('',(#613,#616,#598));
#8292=FACE_OUTER_BOUND('',#8291,.T.);
#8293=DIRECTION('',(-0.48534240868313705,-0.5447315218131943,0.683893497173889));
#8294=DIRECTION('',(-0.570729046383439,0.7899464034185739,0.2241718879349282));
#8295=AXIS2_PLACEMENT_3D('',#613,#8293,#8294);
#8296=PLANE('',#8295);
#8297=FACE_SURFACE('',(#8292),#8296,.T.);
#8298=POLY_LOOP('',(#613,#617,#616));
#8299=FACE_OUTER_BOUND('',#8298,.T.);
#8300=DIRECTION('',(-0.4993102125504657,-0.5505917647840824,0.6689828250372042));
#8301=DIRECTION('',(-0.13269666677471673,0.8116067429969115,0.5689341696091254));
#8302=AXIS2_PLACEMENT_3D('',#613,#8300,#8301);
#8303=PLANE('',#8302);
#8304=FACE_SURFACE('',(#8299),#8303,.T.);
#8305=POLY_LOOP('',(#618,#617,#613));
#8306=FACE_OUTER_BOUND('',#8305,.T.);
#8307=DIRECTION('',(-0.5617794309456849,-0.5344914635620891,0.631444966996807));
#8308=DIRECTION('',(-0.7393856918157029,0.6667695770171528,-0.09341910887276486));
#8309=AXIS2_PLACEMENT_3D('',#618,#8307,#8308);
#8310=PLANE('',#8309);
#8311=FACE_SURFACE('',(#8306),#8310,.T.);
#8312=POLY_LOOP('',(#618,#619,#617));
#8313=FACE_OUTER_BOUND('',#8312,.T.);
#8314=DIRECTION('',(-0.5981335037165929,-0.586804304466989,0.545799432017592));
#8315=DIRECTION('',(-0.10534136123148716,0.7327208885030283,0.6723267785572952));
#8316=AXIS2_PLACEMENT_3D('',#618,#8314,#8315);
#8317=PLANE('',#8316);
#8318=FACE_SURFACE('',(#8313),#8317,.T.);
#8319=POLY_LOOP('',(#620,#619,#618));
#8320=FACE_OUTER_BOUND('',#8319,.T.);
#8321=DIRECTION('',(-0.6741267157684872,-0.5496470756553156,0.4933976725834378));
#8322=DIRECTION('',(-0.6675465976679111,0.7392905964302902,-0.08849267750351994));
#8323=AXIS2_PLACEMENT_3D('',#620,#8321,#8322);
#8324=PLANE('',#8323);
#8325=FACE_SURFACE('',(#8320),#8324,.T.);
#8326=POLY_LOOP('',(#620,#621,#619));
#8327=FACE_OUTER_BOUND('',#8326,.T.);
#8328=DIRECTION('',(-0.6989427741503643,-0.5812346216757788,0.41670770694625636));
#8329=DIRECTION('',(-0.5368087344866364,0.8113703079435709,0.23133224151944526));
#8330=AXIS2_PLACEMENT_3D('',#620,#8328,#8329);
#8331=PLANE('',#8330);
#8332=FACE_SURFACE('',(#8327),#8331,.T.);
#8333=POLY_LOOP('',(#622,#621,#620));
#8334=FACE_OUTER_BOUND('',#8333,.T.);
#8335=DIRECTION('',(-0.6992180020247837,-0.581270650880417,0.4161954061129533));
#8336=DIRECTION('',(-0.7101942258969811,0.631510600369141,-0.31115675008586086));
#8337=AXIS2_PLACEMENT_3D('',#622,#8335,#8336);
#8338=PLANE('',#8337);
#8339=FACE_SURFACE('',(#8334),#8338,.T.);
#8340=POLY_LOOP('',(#622,#623,#621));
#8341=FACE_OUTER_BOUND('',#8340,.T.);
#8342=DIRECTION('',(-0.7008498824455962,-0.5924031737650353,0.39732596440341966));
#8343=DIRECTION('',(-0.5226583134850993,0.805551744037155,0.2791320028653282));
#8344=AXIS2_PLACEMENT_3D('',#622,#8342,#8343);
#8345=PLANE('',#8344);
#8346=FACE_SURFACE('',(#8341),#8345,.T.);
#8347=POLY_LOOP('',(#624,#623,#622));
#8348=FACE_OUTER_BOUND('',#8347,.T.);
#8349=DIRECTION('',(-0.738251831482523,-0.5913987743891811,0.3243943941619134));
#8350=DIRECTION('',(-0.4081435313914625,0.00876048114212751,-0.9128757373013398));
#8351=AXIS2_PLACEMENT_3D('',#624,#8349,#8350);
#8352=PLANE('',#8351);
#8353=FACE_SURFACE('',(#8348),#8352,.T.);
#8354=POLY_LOOP('',(#611,#625,#610));
#8355=FACE_OUTER_BOUND('',#8354,.T.);
#8356=DIRECTION('',(-0.757619191321041,-0.47961236949196,0.4427020848972359));
#8357=DIRECTION('',(-0.08729872349261159,0.7466323427243077,0.6594839480037192));
#8358=AXIS2_PLACEMENT_3D('',#611,#8356,#8357);
#8359=PLANE('',#8358);
#8360=FACE_SURFACE('',(#8355),#8359,.T.);
#8361=POLY_LOOP('',(#626,#614,#612));
#8362=FACE_OUTER_BOUND('',#8361,.T.);
#8363=DIRECTION('',(-0.7601772438990108,-0.3862654451316559,0.5224266108797941));
#8364=DIRECTION('',(0.5676750309388701,-0.003751231621616422,0.8232441846195294));
#8365=AXIS2_PLACEMENT_3D('',#626,#8363,#8364);
#8366=PLANE('',#8365);
#8367=FACE_SURFACE('',(#8362),#8366,.T.);
#8368=POLY_LOOP('',(#613,#600,#606));
#8369=FACE_OUTER_BOUND('',#8368,.T.);
#8370=DIRECTION('',(-0.5218375875703645,-0.45989691349893086,0.7184569306179036));
#8371=DIRECTION('',(0.14053439116377064,-0.8770668929699243,-0.4593514451444687));
#8372=AXIS2_PLACEMENT_3D('',#613,#8370,#8371);
#8373=PLANE('',#8372);
#8374=FACE_SURFACE('',(#8369),#8373,.T.);
#8375=POLY_LOOP('',(#613,#606,#618));
#8376=FACE_OUTER_BOUND('',#8375,.T.);
#8377=DIRECTION('',(-0.567637676558891,-0.5226442130153912,0.6361057260804578));
#8378=DIRECTION('',(0.7339212894274434,-0.671327091293659,0.10334155708307304));
#8379=AXIS2_PLACEMENT_3D('',#613,#8377,#8378);
#8380=PLANE('',#8379);
#8381=FACE_SURFACE('',(#8376),#8380,.T.);
#8382=POLY_LOOP('',(#618,#606,#610));
#8383=FACE_OUTER_BOUND('',#8382,.T.);
#8384=DIRECTION('',(-0.643838331221234,-0.4975654026007915,0.5812924164179066));
#8385=DIRECTION('',(0.13081664167184484,-0.8200925124533058,-0.5570774428028159));
#8386=AXIS2_PLACEMENT_3D('',#618,#8384,#8385);
#8387=PLANE('',#8386);
#8388=FACE_SURFACE('',(#8383),#8387,.T.);
#8389=POLY_LOOP('',(#596,#583,#595));
#8390=FACE_OUTER_BOUND('',#8389,.T.);
#8391=DIRECTION('',(0.06366643480794973,-0.011296274089445713,0.9979072999384969));
#8392=DIRECTION('',(-0.05538751981772865,-0.9984347112817021,-0.007768523428862628));
#8393=AXIS2_PLACEMENT_3D('',#596,#8391,#8392);
#8394=PLANE('',#8393);
#8395=FACE_SURFACE('',(#8390),#8394,.T.);
#8396=POLY_LOOP('',(#582,#583,#596));
#8397=FACE_OUTER_BOUND('',#8396,.T.);
#8398=DIRECTION('',(0.032518633177698486,-0.009580180379212301,0.9994252141306803));
#8399=DIRECTION('',(-1.703976841106853e-06,-0.9999540609684835,-0.009585194298243402));
#8400=AXIS2_PLACEMENT_3D('',#582,#8398,#8399);
#8401=PLANE('',#8400);
#8402=FACE_SURFACE('',(#8397),#8401,.T.);
#8403=POLY_LOOP('',(#627,#628,#629));
#8404=FACE_OUTER_BOUND('',#8403,.T.);
#8405=DIRECTION('',(-6.091494510560118e-08,0.009585197387527623,-0.9999540609403206));
#8406=DIRECTION('',(-0.035486512816124485,0.9993242452060086,0.009579162363812137));
#8407=AXIS2_PLACEMENT_3D('',#627,#8405,#8406);
#8408=PLANE('',#8407);
#8409=FACE_SURFACE('',(#8404),#8408,.T.);
#8410=POLY_LOOP('',(#630,#628,#627));
#8411=FACE_OUTER_BOUND('',#8410,.T.);
#8412=DIRECTION('',(9.66838737127332e-08,0.009585202983427727,-0.9999540608866775));
#8413=DIRECTION('',(1.7013914669524389e-06,0.9999540608852333,0.009585202983578388));
#8414=AXIS2_PLACEMENT_3D('',#630,#8412,#8413);
#8415=PLANE('',#8414);
#8416=FACE_SURFACE('',(#8411),#8415,.T.);
#8417=POLY_LOOP('',(#631,#621,#623));
#8418=FACE_OUTER_BOUND('',#8417,.T.);
#8419=DIRECTION('',(2.1039541277756357e-05,-0.9999540310712336,-0.009588289822911275));
#8420=DIRECTION('',(-0.1962451211296375,0.009397715562129975,-0.9805098344101537));
#8421=AXIS2_PLACEMENT_3D('',#631,#8419,#8420);
#8422=PLANE('',#8421);
#8423=FACE_SURFACE('',(#8418),#8422,.T.);
#8424=POLY_LOOP('',(#631,#632,#621));
#8425=FACE_OUTER_BOUND('',#8424,.T.);
#8426=DIRECTION('',(-2.554586076697655e-05,-0.9999541203187884,-0.009578966796437495));
#8427=DIRECTION('',(-0.2690421846844765,0.009232647506144021,-0.9630841401872587));
#8428=AXIS2_PLACEMENT_3D('',#631,#8426,#8427);
#8429=PLANE('',#8428);
#8430=FACE_SURFACE('',(#8425),#8429,.T.);
#8431=POLY_LOOP('',(#633,#632,#631));
#8432=FACE_OUTER_BOUND('',#8431,.T.);
#8433=DIRECTION('',(-3.4957940968587875e-06,-0.9999540616182567,-0.009585126025834521));
#8434=DIRECTION('',(-0.06845882521525828,0.009562878077324422,-0.9976081097369974));
#8435=AXIS2_PLACEMENT_3D('',#633,#8433,#8434);
#8436=PLANE('',#8435);
#8437=FACE_SURFACE('',(#8432),#8436,.T.);
#8438=POLY_LOOP('',(#633,#634,#632));
#8439=FACE_OUTER_BOUND('',#8438,.T.);
#8440=DIRECTION('',(7.156493607657137e-07,-0.9999540588540783,-0.00958541500106964));
#8441=DIRECTION('',(-0.16614459479629462,0.009452072268662933,-0.9860560997984866));
#8442=AXIS2_PLACEMENT_3D('',#633,#8440,#8441);
#8443=PLANE('',#8442);
#8444=FACE_SURFACE('',(#8439),#8443,.T.);
#8445=POLY_LOOP('',(#616,#634,#633));
#8446=FACE_OUTER_BOUND('',#8445,.T.);
#8447=DIRECTION('',(-5.4543645470698125e-06,-0.9999540688035616,-0.009584375485754458));
#8448=DIRECTION('',(0.7796282211031623,-0.006006396732292772,0.6262138293409153));
#8449=AXIS2_PLACEMENT_3D('',#616,#8447,#8448);
#8450=PLANE('',#8449);
#8451=FACE_SURFACE('',(#8446),#8450,.T.);
#8452=POLY_LOOP('',(#635,#616,#633));
#8453=FACE_OUTER_BOUND('',#8452,.T.);
#8454=DIRECTION('',(-2.3736261329127923e-06,-0.9999540609509763,-0.009585195982207327));
#8455=DIRECTION('',(-0.07264030527306597,0.00956004625785557,-0.9973123841431949));
#8456=AXIS2_PLACEMENT_3D('',#635,#8454,#8455);
#8457=PLANE('',#8456);
#8458=FACE_SURFACE('',(#8453),#8457,.T.);
#8459=POLY_LOOP('',(#635,#615,#616));
#8460=FACE_OUTER_BOUND('',#8459,.T.);
#8461=DIRECTION('',(1.2614173833624437e-05,-0.9999540504104216,-0.009586287533474572));
#8462=DIRECTION('',(-0.17839347260025534,0.009430265930665656,-0.983914040461919));
#8463=AXIS2_PLACEMENT_3D('',#635,#8461,#8462);
#8464=PLANE('',#8463);
#8465=FACE_SURFACE('',(#8460),#8464,.T.);
#8466=POLY_LOOP('',(#629,#615,#635));
#8467=FACE_OUTER_BOUND('',#8466,.T.);
#8468=DIRECTION('',(1.4919466667678298e-05,-0.9999540463719768,-0.009586705467454076));
#8469=DIRECTION('',(-0.059540766879184755,0.009568809176899054,-0.9981800113057637));
#8470=AXIS2_PLACEMENT_3D('',#629,#8468,#8469);
#8471=PLANE('',#8470);
#8472=FACE_SURFACE('',(#8467),#8471,.T.);
#8473=POLY_LOOP('',(#631,#636,#637));
#8474=FACE_OUTER_BOUND('',#8473,.T.);
#8475=DIRECTION('',(1.251406310956742e-06,-0.999954157513101,-0.009575117268110025));
#8476=DIRECTION('',(0.2409496007383218,0.009293313125778887,-0.9704931345636555));
#8477=AXIS2_PLACEMENT_3D('',#631,#8475,#8476);
#8478=PLANE('',#8477);
#8479=FACE_SURFACE('',(#8474),#8478,.T.);
#8480=POLY_LOOP('',(#631,#624,#636));
#8481=FACE_OUTER_BOUND('',#8480,.T.);
#8482=DIRECTION('',(-2.8119163009429224e-05,-0.9999540872735103,-0.009582408586245804));
#8483=DIRECTION('',(0.003999994182220776,0.00958221945935729,-0.9999460891051952));
#8484=AXIS2_PLACEMENT_3D('',#631,#8482,#8483);
#8485=PLANE('',#8484);
#8486=FACE_SURFACE('',(#8481),#8485,.T.);
#8487=POLY_LOOP('',(#623,#624,#631));
#8488=FACE_OUTER_BOUND('',#8487,.T.);
#8489=DIRECTION('',(-3.06786068839021e-05,-0.9999540871001655,-0.009582418822897251));
#8490=DIRECTION('',(0.4081435313914625,-0.00876048114212751,0.9128757373013398));
#8491=AXIS2_PLACEMENT_3D('',#623,#8489,#8490);
#8492=PLANE('',#8491);
#8493=FACE_SURFACE('',(#8488),#8492,.T.);
#8494=POLY_LOOP('',(#629,#628,#615));
#8495=FACE_OUTER_BOUND('',#8494,.T.);
#8496=DIRECTION('',(-1.008783147705636e-05,-0.9999540607308047,-0.009585213936572504));
#8497=DIRECTION('',(-0.9999999999491159,1.0086784168783328e-05,1.576060026372395e-07));
#8498=AXIS2_PLACEMENT_3D('',#629,#8496,#8497);
#8499=PLANE('',#8498);
#8500=FACE_SURFACE('',(#8495),#8499,.T.);
#8501=POLY_LOOP('',(#638,#639,#640));
#8502=FACE_OUTER_BOUND('',#8501,.T.);
#8503=DIRECTION('',(-0.841867517722992,-0.4955064377778861,0.21385147351280506));
#8504=DIRECTION('',(0.3635901175397833,-0.8135752947112185,-0.4537592602503675));
#8505=AXIS2_PLACEMENT_3D('',#638,#8503,#8504);
#8506=PLANE('',#8505);
#8507=FACE_SURFACE('',(#8502),#8506,.T.);
#8508=POLY_LOOP('',(#638,#641,#639));
#8509=FACE_OUTER_BOUND('',#8508,.T.);
#8510=DIRECTION('',(-0.860609582004918,-0.47980888232856966,0.17068855790570453));
#8511=DIRECTION('',(0.05411128503765159,-0.41942266625079344,-0.9061769120136803));
#8512=AXIS2_PLACEMENT_3D('',#638,#8510,#8511);
#8513=PLANE('',#8512);
#8514=FACE_SURFACE('',(#8509),#8513,.T.);
#8515=POLY_LOOP('',(#636,#641,#638));
#8516=FACE_OUTER_BOUND('',#8515,.T.);
#8517=DIRECTION('',(-0.8071241236362556,-0.552674818207569,0.20760827142394112));
#8518=DIRECTION('',(0.5813965271839665,-0.8051923643112291,0.11680468583629758));
#8519=AXIS2_PLACEMENT_3D('',#636,#8517,#8518);
#8520=PLANE('',#8519);
#8521=FACE_SURFACE('',(#8516),#8520,.T.);
#8522=POLY_LOOP('',(#636,#642,#641));
#8523=FACE_OUTER_BOUND('',#8522,.T.);
#8524=DIRECTION('',(-0.8030476005204985,-0.5448286529174642,0.2414048265018976));
#8525=DIRECTION('',(0.3881129398676167,-0.7855809164525637,-0.4819034857861746));
#8526=AXIS2_PLACEMENT_3D('',#636,#8524,#8525);
#8527=PLANE('',#8526);
#8528=FACE_SURFACE('',(#8523),#8527,.T.);
#8529=POLY_LOOP('',(#643,#642,#636));
#8530=FACE_OUTER_BOUND('',#8529,.T.);
#8531=DIRECTION('',(-0.7940884154261205,-0.5504375219709003,0.2577636958389747));
#8532=DIRECTION('',(0.5852902634174373,-0.8068573705337493,0.08010300346498175));
#8533=AXIS2_PLACEMENT_3D('',#643,#8531,#8532);
#8534=PLANE('',#8533);
#8535=FACE_SURFACE('',(#8530),#8534,.T.);
#8536=POLY_LOOP('',(#643,#644,#642));
#8537=FACE_OUTER_BOUND('',#8536,.T.);
#8538=DIRECTION('',(-0.7858921432470106,-0.540208223874759,0.30091296755158065));
#8539=DIRECTION('',(0.42657694569715054,-0.8259202610624652,-0.36862966750683507));
#8540=AXIS2_PLACEMENT_3D('',#643,#8538,#8539);
#8541=PLANE('',#8540);
#8542=FACE_SURFACE('',(#8537),#8541,.T.);
#8543=POLY_LOOP('',(#622,#644,#643));
#8544=FACE_OUTER_BOUND('',#8543,.T.);
#8545=DIRECTION('',(-0.7898939929938574,-0.5387325150597557,0.2929756936157159));
#8546=DIRECTION('',(0.5823778173069897,-0.8086513653298905,0.08318081064073911));
#8547=AXIS2_PLACEMENT_3D('',#622,#8545,#8546);
#8548=PLANE('',#8547);
#8549=FACE_SURFACE('',(#8544),#8548,.T.);
#8550=POLY_LOOP('',(#622,#625,#644));
#8551=FACE_OUTER_BOUND('',#8550,.T.);
#8552=DIRECTION('',(-0.7716707578284375,-0.5177462119106043,0.36940912490720185));
#8553=DIRECTION('',(0.4224824743395602,-0.8514251068366622,-0.31077941747178367));
#8554=AXIS2_PLACEMENT_3D('',#622,#8552,#8553);
#8555=PLANE('',#8554);
#8556=FACE_SURFACE('',(#8551),#8555,.T.);
#8557=POLY_LOOP('',(#620,#625,#622));
#8558=FACE_OUTER_BOUND('',#8557,.T.);
#8559=DIRECTION('',(-0.779186292019339,-0.5163384474369231,0.35533551754304127));
#8560=DIRECTION('',(0.5772426746997494,-0.8120532440147489,0.08579290990869834));
#8561=AXIS2_PLACEMENT_3D('',#620,#8559,#8560);
#8562=PLANE('',#8561);
#8563=FACE_SURFACE('',(#8558),#8562,.T.);
#8564=POLY_LOOP('',(#620,#610,#625));
#8565=FACE_OUTER_BOUND('',#8564,.T.);
#8566=DIRECTION('',(-0.7549894688684483,-0.49072758149006185,0.4349452180018226));
#8567=DIRECTION('',(0.10007307464714302,-0.7417488283905797,-0.6631697032523951));
#8568=AXIS2_PLACEMENT_3D('',#620,#8566,#8567);
#8569=PLANE('',#8568);
#8570=FACE_SURFACE('',(#8565),#8569,.T.);
#8571=POLY_LOOP('',(#618,#610,#620));
#8572=FACE_OUTER_BOUND('',#8571,.T.);
#8573=DIRECTION('',(-0.6783243865553196,-0.5384757316646637,0.49991990659760144));
#8574=DIRECTION('',(0.6607109698592801,-0.7446834542478986,0.09437990928702596));
#8575=AXIS2_PLACEMENT_3D('',#618,#8573,#8574);
#8576=PLANE('',#8575);
#8577=FACE_SURFACE('',(#8572),#8576,.T.);
#8578=POLY_LOOP('',(#586,#357,#358));
#8579=FACE_OUTER_BOUND('',#8578,.T.);
#8580=DIRECTION('',(-0.9922589161709839,-0.0011904152679454336,0.1241806192232671));
#8581=DIRECTION('',(0.003477592670076029,0.9992955611719846,0.03736693419574774));
#8582=AXIS2_PLACEMENT_3D('',#586,#8580,#8581);
#8583=PLANE('',#8582);
#8584=FACE_SURFACE('',(#8579),#8583,.T.);
#8585=POLY_LOOP('',(#611,#645,#625));
#8586=FACE_OUTER_BOUND('',#8585,.T.);
#8587=DIRECTION('',(-0.8218110482610648,-0.4281394243805718,0.3759298262270801));
#8588=DIRECTION('',(0.5592073829424427,-0.4797026683067658,0.6761452897728664));
#8589=AXIS2_PLACEMENT_3D('',#611,#8587,#8588);
#8590=PLANE('',#8589);
#8591=FACE_SURFACE('',(#8586),#8590,.T.);
#8592=POLY_LOOP('',(#586,#358,#304));
#8593=FACE_OUTER_BOUND('',#8592,.T.);
#8594=DIRECTION('',(-0.993372286230223,-0.0010963138769660016,0.11493606503453618));
#8595=DIRECTION('',(7.310246465327294e-05,0.9999482837208856,0.010169785626313235));
#8596=AXIS2_PLACEMENT_3D('',#586,#8594,#8595);
#8597=PLANE('',#8596);
#8598=FACE_SURFACE('',(#8593),#8597,.T.);
#8599=POLY_LOOP('',(#646,#297,#299));
#8600=FACE_OUTER_BOUND('',#8599,.T.);
#8601=DIRECTION('',(0.4450790199474946,-0.06474212720860398,-0.893147872956703));
#8602=DIRECTION('',(-0.848031150923551,0.2899171372055536,-0.44361156501810667));
#8603=AXIS2_PLACEMENT_3D('',#646,#8601,#8602);
#8604=PLANE('',#8603);
#8605=FACE_SURFACE('',(#8600),#8604,.T.);
#8606=POLY_LOOP('',(#647,#648,#649));
#8607=FACE_OUTER_BOUND('',#8606,.T.);
#8608=DIRECTION('',(0.6476399358859534,-0.705301128101256,0.2882929623572758));
#8609=DIRECTION('',(-0.03513076157504326,0.3503208351030627,0.9359706950988638));
#8610=AXIS2_PLACEMENT_3D('',#647,#8608,#8609);
#8611=PLANE('',#8610);
#8612=FACE_SURFACE('',(#8607),#8611,.T.);
#8613=POLY_LOOP('',(#647,#650,#648));
#8614=FACE_OUTER_BOUND('',#8613,.T.);
#8615=DIRECTION('',(0.6476580359278901,-0.7052864719603925,0.2882881561349523));
#8616=DIRECTION('',(0.6821268347873095,0.705294536376121,0.19303522533734374));
#8617=AXIS2_PLACEMENT_3D('',#647,#8615,#8616);
#8618=PLANE('',#8617);
#8619=FACE_SURFACE('',(#8614),#8618,.T.);
#8620=POLY_LOOP('',(#648,#651,#652));
#8621=FACE_OUTER_BOUND('',#8620,.T.);
#8622=DIRECTION('',(0.8924242815090575,-0.0066082382147915585,0.45114879248507256));
#8623=DIRECTION('',(0.05515885551073994,0.9939907479522994,-0.09455101080355388));
#8624=AXIS2_PLACEMENT_3D('',#648,#8622,#8623);
#8625=PLANE('',#8624);
#8626=FACE_SURFACE('',(#8621),#8625,.T.);
#8627=POLY_LOOP('',(#648,#653,#651));
#8628=FACE_OUTER_BOUND('',#8627,.T.);
#8629=DIRECTION('',(0.9408980551698486,-0.020052058848786403,0.3380957922150487));
#8630=DIRECTION('',(0.08303220220076188,0.9814394107245514,-0.1728650817092249));
#8631=AXIS2_PLACEMENT_3D('',#648,#8629,#8630);
#8632=PLANE('',#8631);
#8633=FACE_SURFACE('',(#8628),#8632,.T.);
#8634=POLY_LOOP('',(#650,#653,#648));
#8635=FACE_OUTER_BOUND('',#8634,.T.);
#8636=DIRECTION('',(0.9100217848228194,-0.003975166105856156,0.41454137212384623));
#8637=DIRECTION('',(1.6735426570500046e-06,0.9999540609469434,0.009585196550723709));
#8638=AXIS2_PLACEMENT_3D('',#650,#8636,#8637);
#8639=PLANE('',#8638);
#8640=FACE_SURFACE('',(#8635),#8639,.T.);
#8641=POLY_LOOP('',(#654,#648,#652));
#8642=FACE_OUTER_BOUND('',#8641,.T.);
#8643=DIRECTION('',(0.8130903721315799,-0.004363890749259081,0.5821211241695816));
#8644=DIRECTION('',(0.032873594985034144,-0.9980320167759434,-0.05339869139691577));
#8645=AXIS2_PLACEMENT_3D('',#654,#8643,#8644);
#8646=PLANE('',#8645);
#8647=FACE_SURFACE('',(#8642),#8646,.T.);
#8648=POLY_LOOP('',(#654,#655,#648));
#8649=FACE_OUTER_BOUND('',#8648,.T.);
#8650=DIRECTION('',(0.7845873883953379,-0.007328064104276214,0.6199749425964463));
#8651=DIRECTION('',(-0.016615225956820703,-0.9998195479257459,0.009209009282280597));
#8652=AXIS2_PLACEMENT_3D('',#654,#8650,#8651);
#8653=PLANE('',#8652);
#8654=FACE_SURFACE('',(#8649),#8653,.T.);
#8655=POLY_LOOP('',(#656,#655,#654));
#8656=FACE_OUTER_BOUND('',#8655,.T.);
#8657=DIRECTION('',(0.6751411525100081,-0.0044251626846003155,0.7376752958603624));
#8658=DIRECTION('',(0.7376864213341756,0.006462682467914816,-0.6751125665505686));
#8659=AXIS2_PLACEMENT_3D('',#656,#8657,#8658);
#8660=PLANE('',#8659);
#8661=FACE_SURFACE('',(#8656),#8660,.T.);
#8662=POLY_LOOP('',(#657,#658,#659));
#8663=FACE_OUTER_BOUND('',#8662,.T.);
#8664=DIRECTION('',(0.39534491590651205,-0.008804993201202163,0.9184905386347753));
#8665=DIRECTION('',(0.05174388874539783,0.9985796400358595,-0.01269931034966129));
#8666=AXIS2_PLACEMENT_3D('',#657,#8664,#8665);
#8667=PLANE('',#8666);
#8668=FACE_SURFACE('',(#8663),#8667,.T.);
#8669=POLY_LOOP('',(#657,#660,#658));
#8670=FACE_OUTER_BOUND('',#8669,.T.);
#8671=DIRECTION('',(0.5051939673923946,-0.015204418397030003,0.8628718798127216));
#8672=DIRECTION('',(0.10171183424842194,0.993925365462916,-0.04203653962007816));
#8673=AXIS2_PLACEMENT_3D('',#657,#8671,#8672);
#8674=PLANE('',#8673);
#8675=FACE_SURFACE('',(#8670),#8674,.T.);
#8676=POLY_LOOP('',(#656,#660,#657));
#8677=FACE_OUTER_BOUND('',#8676,.T.);
#8678=DIRECTION('',(0.47928937735520094,-0.011931631060035981,0.8775758251767826));
#8679=DIRECTION('',(-0.021611727583797362,0.999443939161442,0.0253918432632109));
#8680=AXIS2_PLACEMENT_3D('',#656,#8678,#8679);
#8681=PLANE('',#8680);
#8682=FACE_SURFACE('',(#8677),#8681,.T.);
#8683=POLY_LOOP('',(#656,#661,#660));
#8684=FACE_OUTER_BOUND('',#8683,.T.);
#8685=DIRECTION('',(0.6173733628674148,-0.006635482669791731,0.7866422955775504));
#8686=DIRECTION('',(0.023965051388543702,0.9996589497816177,-0.010375954580556686));
#8687=AXIS2_PLACEMENT_3D('',#656,#8685,#8686);
#8688=PLANE('',#8687);
#8689=FACE_SURFACE('',(#8684),#8688,.T.);
#8690=POLY_LOOP('',(#649,#648,#655));
#8691=FACE_OUTER_BOUND('',#8690,.T.);
#8692=DIRECTION('',(0.5556764655774951,-0.7101430272615238,0.4323430888023328));
#8693=DIRECTION('',(0.5882333458047867,0.7033066458095201,0.3991757668539868));
#8694=AXIS2_PLACEMENT_3D('',#649,#8692,#8693);
#8695=PLANE('',#8694);
#8696=FACE_SURFACE('',(#8691),#8695,.T.);
#8697=POLY_LOOP('',(#654,#661,#656));
#8698=FACE_OUTER_BOUND('',#8697,.T.);
#8699=DIRECTION('',(0.715115456662342,-0.009889018980857683,0.6989363997862797));
#8700=DIRECTION('',(-0.49756796118695623,0.6950883775850935,0.5189202938278461));
#8701=AXIS2_PLACEMENT_3D('',#654,#8699,#8700);
#8702=PLANE('',#8701);
#8703=FACE_SURFACE('',(#8698),#8702,.T.);
#8704=POLY_LOOP('',(#662,#249,#248));
#8705=FACE_OUTER_BOUND('',#8704,.T.);
#8706=DIRECTION('',(0.7657615111607069,-0.016987524517772867,-0.6429002504554098));
#8707=DIRECTION('',(-0.48298474932867014,0.6448847881027951,-0.5923253683487941));
#8708=AXIS2_PLACEMENT_3D('',#662,#8706,#8707);
#8709=PLANE('',#8708);
#8710=FACE_SURFACE('',(#8705),#8709,.T.);
#8711=POLY_LOOP('',(#663,#249,#662));
#8712=FACE_OUTER_BOUND('',#8711,.T.);
#8713=DIRECTION('',(0.8161888207499278,0.0865798988941595,-0.5712615250393811));
#8714=DIRECTION('',(-0.42380167879264474,0.7617314581682125,-0.4900584890494855));
#8715=AXIS2_PLACEMENT_3D('',#663,#8713,#8714);
#8716=PLANE('',#8715);
#8717=FACE_SURFACE('',(#8712),#8716,.T.);
#8718=POLY_LOOP('',(#663,#261,#249));
#8719=FACE_OUTER_BOUND('',#8718,.T.);
#8720=DIRECTION('',(0.7072952839569634,-0.05965692555298437,-0.7043965023520516));
#8721=DIRECTION('',(-0.5208072261621982,0.6298014820721277,-0.5762897937296725));
#8722=AXIS2_PLACEMENT_3D('',#663,#8720,#8721);
#8723=PLANE('',#8722);
#8724=FACE_SURFACE('',(#8719),#8723,.T.);
#8725=POLY_LOOP('',(#664,#261,#663));
#8726=FACE_OUTER_BOUND('',#8725,.T.);
#8727=DIRECTION('',(0.7453340606034957,0.006327938889200639,-0.6666611547808371));
#8728=DIRECTION('',(0.00047964470271331,0.9999496057534373,0.010027756204883427));
#8729=AXIS2_PLACEMENT_3D('',#664,#8727,#8728);
#8730=PLANE('',#8729);
#8731=FACE_SURFACE('',(#8726),#8730,.T.);
#8732=POLY_LOOP('',(#664,#276,#261));
#8733=FACE_OUTER_BOUND('',#8732,.T.);
#8734=DIRECTION('',(0.6561909084993692,0.007252171387581581,-0.7545600689229041));
#8735=DIRECTION('',(-0.40125818407863656,0.8502137874560447,-0.3407761513509457));
#8736=AXIS2_PLACEMENT_3D('',#664,#8734,#8735);
#8737=PLANE('',#8736);
#8738=FACE_SURFACE('',(#8733),#8737,.T.);
#8739=POLY_LOOP('',(#301,#276,#664));
#8740=FACE_OUTER_BOUND('',#8739,.T.);
#8741=DIRECTION('',(0.5864383270928452,-0.0473313453091354,-0.8086098146002016));
#8742=DIRECTION('',(0.8062312755043107,0.13021937516828705,0.577091019449682));
#8743=AXIS2_PLACEMENT_3D('',#301,#8741,#8742);
#8744=PLANE('',#8743);
#8745=FACE_SURFACE('',(#8740),#8744,.T.);
#8746=POLY_LOOP('',(#664,#646,#301));
#8747=FACE_OUTER_BOUND('',#8746,.T.);
#8748=DIRECTION('',(0.6073913104496143,0.007614056016050688,-0.7943663022443014));
#8749=DIRECTION('',(-0.7944027920194704,0.0058275204346234155,-0.6073633542100264));
#8750=AXIS2_PLACEMENT_3D('',#664,#8748,#8749);
#8751=PLANE('',#8750);
#8752=FACE_SURFACE('',(#8747),#8751,.T.);
#8753=POLY_LOOP('',(#665,#254,#256));
#8754=FACE_OUTER_BOUND('',#8753,.T.);
#8755=DIRECTION('',(0.9321582956686763,0.0034722975040180973,-0.3620343284360092));
#8756=DIRECTION('',(-0.01836508731448348,0.9991202014910936,-0.0377034022381014));
#8757=AXIS2_PLACEMENT_3D('',#665,#8755,#8756);
#8758=PLANE('',#8757);
#8759=FACE_SURFACE('',(#8754),#8758,.T.);
#8760=POLY_LOOP('',(#665,#252,#254));
#8761=FACE_OUTER_BOUND('',#8760,.T.);
#8762=DIRECTION('',(0.9062920992430551,0.0007093653841174328,-0.422651307404068));
#8763=DIRECTION('',(-0.22462558462364993,0.8478861464309493,-0.48024205295138234));
#8764=AXIS2_PLACEMENT_3D('',#665,#8762,#8763);
#8765=PLANE('',#8764);
#8766=FACE_SURFACE('',(#8761),#8765,.T.);
#8767=POLY_LOOP('',(#666,#252,#665));
#8768=FACE_OUTER_BOUND('',#8767,.T.);
#8769=DIRECTION('',(0.9209006534464854,0.02359274277732227,-0.38908272766865326));
#8770=DIRECTION('',(-0.1259730417737131,0.9626172045692144,-0.23978930379320437));
#8771=AXIS2_PLACEMENT_3D('',#666,#8769,#8770);
#8772=PLANE('',#8771);
#8773=FACE_SURFACE('',(#8768),#8772,.T.);
#8774=POLY_LOOP('',(#666,#251,#252));
#8775=FACE_OUTER_BOUND('',#8774,.T.);
#8776=DIRECTION('',(0.8591980097905626,-0.014957499116999822,-0.5114245332325204));
#8777=DIRECTION('',(-0.28918490735594116,0.8103988510783664,-0.5095348776368497));
#8778=AXIS2_PLACEMENT_3D('',#666,#8776,#8777);
#8779=PLANE('',#8778);
#8780=FACE_SURFACE('',(#8775),#8779,.T.);
#8781=POLY_LOOP('',(#662,#251,#666));
#8782=FACE_OUTER_BOUND('',#8781,.T.);
#8783=DIRECTION('',(0.8728059991626255,0.0045977925683491775,-0.4880456414406642));
#8784=DIRECTION('',(0.0005838577609881498,0.9999450755744307,0.010464461025829092));
#8785=AXIS2_PLACEMENT_3D('',#662,#8783,#8784);
#8786=PLANE('',#8785);
#8787=FACE_SURFACE('',(#8782),#8786,.T.);
#8788=POLY_LOOP('',(#662,#248,#251));
#8789=FACE_OUTER_BOUND('',#8788,.T.);
#8790=DIRECTION('',(0.820291288700181,0.005506198023510662,-0.571919472885757));
#8791=DIRECTION('',(-0.14377875654804853,0.9698274689562372,-0.1968815624263374));
#8792=AXIS2_PLACEMENT_3D('',#662,#8790,#8791);
#8793=PLANE('',#8792);
#8794=FACE_SURFACE('',(#8789),#8793,.T.);
#8795=POLY_LOOP('',(#667,#257,#259));
#8796=FACE_OUTER_BOUND('',#8795,.T.);
#8797=DIRECTION('',(0.9566103530600039,-0.028000230857053658,-0.29002175692586635));
#8798=DIRECTION('',(-0.162159716750764,0.7758122769957317,-0.6097700690637496));
#8799=AXIS2_PLACEMENT_3D('',#667,#8797,#8798);
#8800=PLANE('',#8799);
#8801=FACE_SURFACE('',(#8796),#8800,.T.);
#8802=POLY_LOOP('',(#649,#655,#668));
#8803=FACE_OUTER_BOUND('',#8802,.T.);
#8804=DIRECTION('',(0.4949129465340934,-0.7413733364940042,0.45324027986123394));
#8805=DIRECTION('',(0.018736947865726893,0.5305835931106403,0.8474254996791633));
#8806=AXIS2_PLACEMENT_3D('',#649,#8804,#8805);
#8807=PLANE('',#8806);
#8808=FACE_SURFACE('',(#8803),#8807,.T.);
#8809=POLY_LOOP('',(#668,#656,#657));
#8810=FACE_OUTER_BOUND('',#8809,.T.);
#8811=DIRECTION('',(0.3411058967513391,-0.7084529270667637,0.6178520998847538));
#8812=DIRECTION('',(0.43394083786023,0.7017220998275864,0.5650499481025765));
#8813=AXIS2_PLACEMENT_3D('',#668,#8811,#8812);
#8814=PLANE('',#8813);
#8815=FACE_SURFACE('',(#8810),#8814,.T.);
#8816=POLY_LOOP('',(#669,#670,#671));
#8817=FACE_OUTER_BOUND('',#8816,.T.);
#8818=DIRECTION('',(-0.24789972629442963,-0.707264363989126,-0.6620595480273688));
#8819=DIRECTION('',(0.7200231983443668,0.32271082328967615,-0.6143486944542553));
#8820=AXIS2_PLACEMENT_3D('',#669,#8818,#8819);
#8821=PLANE('',#8820);
#8822=FACE_SURFACE('',(#8817),#8821,.T.);
#8823=POLY_LOOP('',(#669,#672,#670));
#8824=FACE_OUTER_BOUND('',#8823,.T.);
#8825=DIRECTION('',(-0.2729073103386019,-0.6822798809863312,-0.6782446195621663));
#8826=DIRECTION('',(-0.6901646956587598,0.630002497413096,-0.35604711221903396));
#8827=AXIS2_PLACEMENT_3D('',#669,#8825,#8826);
#8828=PLANE('',#8827);
#8829=FACE_SURFACE('',(#8824),#8828,.T.);
#8830=POLY_LOOP('',(#556,#672,#669));
#8831=FACE_OUTER_BOUND('',#8830,.T.);
#8832=DIRECTION('',(-0.33825607033043437,-0.7158095319819966,-0.6109006014142786));
#8833=DIRECTION('',(0.8724972473200465,0.004688988025961463,-0.4885965276280971));
#8834=AXIS2_PLACEMENT_3D('',#556,#8832,#8833);
#8835=PLANE('',#8834);
#8836=FACE_SURFACE('',(#8831),#8835,.T.);
#8837=POLY_LOOP('',(#669,#673,#556));
#8838=FACE_OUTER_BOUND('',#8837,.T.);
#8839=DIRECTION('',(-0.3356260104146468,-0.7002316236427102,-0.6301038441271736));
#8840=DIRECTION('',(-0.8804915313797669,-0.004539435334841653,0.47404014249360116));
#8841=AXIS2_PLACEMENT_3D('',#669,#8839,#8840);
#8842=PLANE('',#8841);
#8843=FACE_SURFACE('',(#8838),#8842,.T.);
#8844=POLY_LOOP('',(#674,#646,#675));
#8845=FACE_OUTER_BOUND('',#8844,.T.);
#8846=DIRECTION('',(0.32506832043451916,-0.699686484857273,-0.636214908625972));
#8847=DIRECTION('',(0.8885205638564496,-0.004395581475849343,0.45881574348283427));
#8848=AXIS2_PLACEMENT_3D('',#674,#8846,#8847);
#8849=PLANE('',#8848);
#8850=FACE_SURFACE('',(#8845),#8849,.T.);
#8851=POLY_LOOP('',(#676,#650,#647));
#8852=FACE_OUTER_BOUND('',#8851,.T.);
#8853=DIRECTION('',(0.6904156438884635,-0.7081687489223382,0.14772698373638063));
#8854=DIRECTION('',(0.16714479110412156,0.35484212698298884,0.919863948486377));
#8855=AXIS2_PLACEMENT_3D('',#676,#8853,#8854);
#8856=PLANE('',#8855);
#8857=FACE_SURFACE('',(#8852),#8856,.T.);
#8858=POLY_LOOP('',(#676,#677,#650));
#8859=FACE_OUTER_BOUND('',#8858,.T.);
#8860=DIRECTION('',(0.7177377128542564,-0.6834494791369722,0.13322681792395455));
#8861=DIRECTION('',(0.5713991566850449,0.46875387930298745,-0.6736266060496868));
#8862=AXIS2_PLACEMENT_3D('',#676,#8860,#8861);
#8863=PLANE('',#8862);
#8864=FACE_SURFACE('',(#8859),#8863,.T.);
#8865=POLY_LOOP('',(#678,#677,#676));
#8866=FACE_OUTER_BOUND('',#8865,.T.);
#8867=DIRECTION('',(0.6853843096346945,-0.7240417397554819,0.07753648946417561));
#8868=DIRECTION('',(0.35454831924439717,0.4248190680526602,0.8329611327906256));
#8869=AXIS2_PLACEMENT_3D('',#678,#8867,#8868);
#8870=PLANE('',#8869);
#8871=FACE_SURFACE('',(#8866),#8870,.T.);
#8872=POLY_LOOP('',(#678,#679,#677));
#8873=FACE_OUTER_BOUND('',#8872,.T.);
#8874=DIRECTION('',(0.7049124294177391,-0.7067188766570756,0.06038953741288382));
#8875=DIRECTION('',(0.7048247900622112,0.707470035071516,0.05204003064630028));
#8876=AXIS2_PLACEMENT_3D('',#678,#8874,#8875);
#8877=PLANE('',#8876);
#8878=FACE_SURFACE('',(#8873),#8877,.T.);
#8879=POLY_LOOP('',(#680,#679,#678));
#8880=FACE_OUTER_BOUND('',#8879,.T.);
#8881=DIRECTION('',(0.7079578810901953,-0.7061602421436317,0.011547771123830238));
#8882=DIRECTION('',(-0.02586571053436392,-0.009584873670638868,0.9996194752080765));
#8883=AXIS2_PLACEMENT_3D('',#680,#8881,#8882);
#8884=PLANE('',#8883);
#8885=FACE_SURFACE('',(#8880),#8884,.T.);
#8886=POLY_LOOP('',(#681,#680,#678));
#8887=FACE_OUTER_BOUND('',#8886,.T.);
#8888=DIRECTION('',(0.6915702443330819,-0.7223000222049865,-0.0036434977367062853));
#8889=DIRECTION('',(0.5893485777670947,0.5613443944862301,0.5809997630488246));
#8890=AXIS2_PLACEMENT_3D('',#681,#8888,#8889);
#8891=PLANE('',#8890);
#8892=FACE_SURFACE('',(#8887),#8891,.T.);
#8893=POLY_LOOP('',(#681,#682,#680));
#8894=FACE_OUTER_BOUND('',#8893,.T.);
#8895=DIRECTION('',(0.7061473546031076,-0.7072990547880738,-0.032923558175420656));
#8896=DIRECTION('',(0.7064248232148795,0.7069126614642639,-0.03519173492934663));
#8897=AXIS2_PLACEMENT_3D('',#681,#8895,#8896);
#8898=PLANE('',#8897);
#8899=FACE_SURFACE('',(#8894),#8898,.T.);
#8900=POLY_LOOP('',(#655,#656,#668));
#8901=FACE_OUTER_BOUND('',#8900,.T.);
#8902=DIRECTION('',(0.4781657897480027,-0.7109373540174526,0.5156797030883922));
#8903=DIRECTION('',(-0.7376864213341756,-0.006462682467914816,0.6751125665505686));
#8904=AXIS2_PLACEMENT_3D('',#655,#8902,#8903);
#8905=PLANE('',#8904);
#8906=FACE_SURFACE('',(#8901),#8905,.T.);
#8907=POLY_LOOP('',(#683,#682,#681));
#8908=FACE_OUTER_BOUND('',#8907,.T.);
#8909=DIRECTION('',(0.7015333058192035,-0.7059115410410501,-0.09767249895149356));
#8910=DIRECTION('',(0.4247558027257838,0.30413996777648483,0.8526906754806773));
#8911=AXIS2_PLACEMENT_3D('',#683,#8909,#8910);
#8912=PLANE('',#8911);
#8913=FACE_SURFACE('',(#8908),#8912,.T.);
#8914=POLY_LOOP('',(#684,#667,#683));
#8915=FACE_OUTER_BOUND('',#8914,.T.);
#8916=DIRECTION('',(0.6953575998709899,-0.6989858265512385,-0.16702282054299647));
#8917=DIRECTION('',(0.672266103136699,0.5505004134882054,0.49498240506376784));
#8918=AXIS2_PLACEMENT_3D('',#684,#8916,#8917);
#8919=PLANE('',#8918);
#8920=FACE_SURFACE('',(#8915),#8919,.T.);
#8921=POLY_LOOP('',(#684,#665,#667));
#8922=FACE_OUTER_BOUND('',#8921,.T.);
#8923=DIRECTION('',(0.7041578469700865,-0.6818774237638106,-0.19800228663245506));
#8924=DIRECTION('',(0.22456153394083245,0.4784118698584104,-0.8489371002923125));
#8925=AXIS2_PLACEMENT_3D('',#684,#8923,#8924);
#8926=PLANE('',#8925);
#8927=FACE_SURFACE('',(#8922),#8926,.T.);
#8928=POLY_LOOP('',(#685,#665,#684));
#8929=FACE_OUTER_BOUND('',#8928,.T.);
#8930=DIRECTION('',(0.6506257952591052,-0.7221659198599865,-0.23486689578618003));
#8931=DIRECTION('',(0.7590660319438981,0.6093046170052956,0.22927416523667726));
#8932=AXIS2_PLACEMENT_3D('',#685,#8930,#8931);
#8933=PLANE('',#8932);
#8934=FACE_SURFACE('',(#8929),#8933,.T.);
#8935=POLY_LOOP('',(#685,#666,#665));
#8936=FACE_OUTER_BOUND('',#8935,.T.);
#8937=DIRECTION('',(0.6509338820894723,-0.7048346727358802,-0.2819453231696412));
#8938=DIRECTION('',(0.6415763046379646,0.7093122846117872,-0.29198617814187827));
#8939=AXIS2_PLACEMENT_3D('',#685,#8937,#8938);
#8940=PLANE('',#8939);
#8941=FACE_SURFACE('',(#8936),#8940,.T.);
#8942=POLY_LOOP('',(#662,#666,#685));
#8943=FACE_OUTER_BOUND('',#8942,.T.);
#8944=DIRECTION('',(0.6174672582429285,-0.7034197630638948,-0.3520437784269092));
#8945=DIRECTION('',(0.48806729326969017,-0.008368015015108737,0.8727658870310555));
#8946=AXIS2_PLACEMENT_3D('',#662,#8944,#8945);
#8947=PLANE('',#8946);
#8948=FACE_SURFACE('',(#8943),#8947,.T.);
#8949=POLY_LOOP('',(#686,#662,#685));
#8950=FACE_OUTER_BOUND('',#8949,.T.);
#8951=DIRECTION('',(0.5976388322838302,-0.716201557282149,-0.3603930569434501));
#8952=DIRECTION('',(0.7485618268162078,0.6594474732022528,-0.0691680672040637));
#8953=AXIS2_PLACEMENT_3D('',#686,#8951,#8952);
#8954=PLANE('',#8953);
#8955=FACE_SURFACE('',(#8950),#8954,.T.);
#8956=POLY_LOOP('',(#686,#663,#662));
#8957=FACE_OUTER_BOUND('',#8956,.T.);
#8958=DIRECTION('',(0.5801094285887798,-0.7018589794899838,-0.4133606461332261));
#8959=DIRECTION('',(0.5661174983424088,0.7122845006442993,-0.4149238101295633));
#8960=AXIS2_PLACEMENT_3D('',#686,#8958,#8959);
#8961=PLANE('',#8960);
#8962=FACE_SURFACE('',(#8957),#8961,.T.);
#8963=POLY_LOOP('',(#687,#663,#686));
#8964=FACE_OUTER_BOUND('',#8963,.T.);
#8965=DIRECTION('',(0.5256573782377368,-0.6996668011277359,-0.48389119448891615));
#8966=DIRECTION('',(0.8493204567390392,0.39929619333510635,0.34527860019509354));
#8967=AXIS2_PLACEMENT_3D('',#687,#8965,#8966);
#8968=PLANE('',#8967);
#8969=FACE_SURFACE('',(#8964),#8968,.T.);
#8970=POLY_LOOP('',(#687,#664,#663));
#8971=FACE_OUTER_BOUND('',#8970,.T.);
#8972=DIRECTION('',(0.5251954222260251,-0.7050302283988423,-0.47655235338491736));
#8973=DIRECTION('',(0.5345511138949018,0.7090542033700711,-0.4598882943900111));
#8974=AXIS2_PLACEMENT_3D('',#687,#8972,#8973);
#8975=PLANE('',#8974);
#8976=FACE_SURFACE('',(#8971),#8975,.T.);
#8977=POLY_LOOP('',(#675,#664,#687));
#8978=FACE_OUTER_BOUND('',#8977,.T.);
#8979=DIRECTION('',(0.4303023016931923,-0.6966886301664125,-0.5739903150353574));
#8980=DIRECTION('',(0.9026734841272577,0.3352916482446366,0.269740786072393));
#8981=AXIS2_PLACEMENT_3D('',#675,#8979,#8980);
#8982=PLANE('',#8981);
#8983=FACE_SURFACE('',(#8978),#8982,.T.);
#8984=POLY_LOOP('',(#675,#646,#664));
#8985=FACE_OUTER_BOUND('',#8984,.T.);
#8986=DIRECTION('',(0.4303211651606746,-0.7003042469581067,-0.5695591773531515));
#8987=DIRECTION('',(0.3782357171016823,0.7127924884776248,-0.5906476197179256));
#8988=AXIS2_PLACEMENT_3D('',#675,#8986,#8987);
#8989=PLANE('',#8988);
#8990=FACE_SURFACE('',(#8985),#8989,.T.);
#8991=POLY_LOOP('',(#668,#657,#688));
#8992=FACE_OUTER_BOUND('',#8991,.T.);
#8993=DIRECTION('',(0.34110201558094383,-0.7084561619463405,0.6178505333548544));
#8994=DIRECTION('',(-0.5876388475990051,0.35230783357662115,0.7283953426492108));
#8995=AXIS2_PLACEMENT_3D('',#668,#8993,#8994);
#8996=PLANE('',#8995);
#8997=FACE_SURFACE('',(#8992),#8996,.T.);
#8998=POLY_LOOP('',(#683,#667,#682));
#8999=FACE_OUTER_BOUND('',#8998,.T.);
#9000=DIRECTION('',(0.6904528425029308,-0.7180253388455753,-0.08783214135679356));
#9001=DIRECTION('',(0.7179613885957681,0.6653829260048851,0.20444316145768715));
#9002=AXIS2_PLACEMENT_3D('',#683,#9000,#9001);
#9003=PLANE('',#9002);
#9004=FACE_SURFACE('',(#8999),#9003,.T.);
#9005=POLY_LOOP('',(#667,#256,#257));
#9006=FACE_OUTER_BOUND('',#9005,.T.);
#9007=DIRECTION('',(0.9436005101446134,-0.05885121224541531,-0.32581376900319975));
#9008=DIRECTION('',(-0.17910059638920287,0.736930593605003,-0.6518100003697469));
#9009=AXIS2_PLACEMENT_3D('',#667,#9007,#9008);
#9010=PLANE('',#9009);
#9011=FACE_SURFACE('',(#9006),#9010,.T.);
#9012=POLY_LOOP('',(#665,#256,#667));
#9013=FACE_OUTER_BOUND('',#9012,.T.);
#9014=DIRECTION('',(0.9649657940486298,0.002462054535961429,-0.2623641640993664));
#9015=DIRECTION('',(0.0001875938509948415,0.9999492424239861,0.010073598376126053));
#9016=AXIS2_PLACEMENT_3D('',#665,#9014,#9015);
#9017=PLANE('',#9016);
#9018=FACE_SURFACE('',(#9013),#9017,.T.);
#9019=POLY_LOOP('',(#677,#270,#272));
#9020=FACE_OUTER_BOUND('',#9019,.T.);
#9021=DIRECTION('',(0.9960587993113144,-0.0014502082364750723,0.08868351149212385));
#9022=DIRECTION('',(0.025058572420475458,0.9637331774143604,-0.2656885972319263));
#9023=AXIS2_PLACEMENT_3D('',#677,#9021,#9022);
#9024=PLANE('',#9023);
#9025=FACE_SURFACE('',(#9020),#9024,.T.);
#9026=POLY_LOOP('',(#283,#689,#690));
#9027=FACE_OUTER_BOUND('',#9026,.T.);
#9028=DIRECTION('',(-0.0538495476551098,-0.09115171623637372,-0.9943800032404633));
#9029=DIRECTION('',(0.9901134466786462,-0.1340413468787673,-0.04133134443806124));
#9030=AXIS2_PLACEMENT_3D('',#283,#9028,#9029);
#9031=PLANE('',#9030);
#9032=FACE_SURFACE('',(#9027),#9031,.T.);
#9033=POLY_LOOP('',(#284,#689,#283));
#9034=FACE_OUTER_BOUND('',#9033,.T.);
#9035=DIRECTION('',(-0.040411104421204165,0.009579927249810426,-0.9991372116147746));
#9036=DIRECTION('',(1.9099275638874905e-06,-0.999954035638679,-0.009587836370715202));
#9037=AXIS2_PLACEMENT_3D('',#284,#9035,#9036);
#9038=PLANE('',#9037);
#9039=FACE_SURFACE('',(#9034),#9038,.T.);
#9040=POLY_LOOP('',(#691,#287,#288));
#9041=FACE_OUTER_BOUND('',#9040,.T.);
#9042=DIRECTION('',(0.0700526463816489,0.009561051959202416,-0.9974974751949806));
#9043=DIRECTION('',(-0.15532485643098595,0.9878623976893308,-0.001439515953370802));
#9044=AXIS2_PLACEMENT_3D('',#691,#9042,#9043);
#9045=PLANE('',#9044);
#9046=FACE_SURFACE('',(#9041),#9045,.T.);
#9047=POLY_LOOP('',(#691,#286,#287));
#9048=FACE_OUTER_BOUND('',#9047,.T.);
#9049=DIRECTION('',(0.04741982729628705,0.006000438177648066,-0.998857024163552));
#9050=DIRECTION('',(-0.9905324541897341,0.1292538781983694,-0.046248158531375566));
#9051=AXIS2_PLACEMENT_3D('',#691,#9049,#9050);
#9052=PLANE('',#9051);
#9053=FACE_SURFACE('',(#9048),#9052,.T.);
#9054=POLY_LOOP('',(#692,#286,#691));
#9055=FACE_OUTER_BOUND('',#9054,.T.);
#9056=DIRECTION('',(0.05595922767244214,0.07253759234822478,-0.9957945885244741));
#9057=DIRECTION('',(-0.9490971000037943,0.3135036758718789,-0.030498196327119483));
#9058=AXIS2_PLACEMENT_3D('',#692,#9056,#9057);
#9059=PLANE('',#9058);
#9060=FACE_SURFACE('',(#9055),#9059,.T.);
#9061=POLY_LOOP('',(#692,#285,#286));
#9062=FACE_OUTER_BOUND('',#9061,.T.);
#9063=DIRECTION('',(0.016007458001495275,-0.048693128177971556,-0.9986855063314848));
#9064=DIRECTION('',(-0.9952863780998829,0.09477206566716759,-0.02057379736448969));
#9065=AXIS2_PLACEMENT_3D('',#692,#9063,#9064);
#9066=PLANE('',#9065);
#9067=FACE_SURFACE('',(#9062),#9066,.T.);
#9068=POLY_LOOP('',(#693,#285,#692));
#9069=FACE_OUTER_BOUND('',#9068,.T.);
#9070=DIRECTION('',(0.021578344115957653,0.009586903921476033,-0.9997211943028984));
#9071=DIRECTION('',(-6.262912946245483e-06,0.9999540244487896,0.009589001483236161));
#9072=AXIS2_PLACEMENT_3D('',#693,#9070,#9071);
#9073=PLANE('',#9072);
#9074=FACE_SURFACE('',(#9069),#9073,.T.);
#9075=POLY_LOOP('',(#693,#198,#285));
#9076=FACE_OUTER_BOUND('',#9075,.T.);
#9077=DIRECTION('',(0.004286634077211595,0.00958894022853919,-0.9999448369753113));
#9078=DIRECTION('',(-0.9272031488251845,0.37455863911269943,-0.00038298133812628425));
#9079=AXIS2_PLACEMENT_3D('',#693,#9077,#9078);
#9080=PLANE('',#9079);
#9081=FACE_SURFACE('',(#9076),#9080,.T.);
#9082=POLY_LOOP('',(#199,#198,#693));
#9083=FACE_OUTER_BOUND('',#9082,.T.);
#9084=DIRECTION('',(-0.004347636305627256,-0.011784785436860172,-0.9999211053331963));
#9085=DIRECTION('',(0.9999904770509165,-0.00043051044908221266,-0.00434286405885022));
#9086=AXIS2_PLACEMENT_3D('',#199,#9084,#9085);
#9087=PLANE('',#9086);
#9088=FACE_SURFACE('',(#9083),#9087,.T.);
#9089=POLY_LOOP('',(#689,#199,#693));
#9090=FACE_OUTER_BOUND('',#9089,.T.);
#9091=DIRECTION('',(-0.004414919243324872,-0.0129553755233772,-0.9999063289794317));
#9092=DIRECTION('',(0.8113121434288925,0.5845067684539222,-0.011155427215895804));
#9093=AXIS2_PLACEMENT_3D('',#689,#9091,#9092);
#9094=PLANE('',#9093);
#9095=FACE_SURFACE('',(#9090),#9094,.T.);
#9096=POLY_LOOP('',(#689,#284,#199));
#9097=FACE_OUTER_BOUND('',#9096,.T.);
#9098=DIRECTION('',(-0.020652312921650397,0.009585752017517272,-0.999740764062987));
#9099=DIRECTION('',(-1.9099275638874905e-06,0.999954035638679,0.009587836370715202));
#9100=AXIS2_PLACEMENT_3D('',#689,#9098,#9099);
#9101=PLANE('',#9100);
#9102=FACE_SURFACE('',(#9097),#9101,.T.);
#9103=POLY_LOOP('',(#694,#292,#293));
#9104=FACE_OUTER_BOUND('',#9103,.T.);
#9105=DIRECTION('',(0.25947544061987154,0.009253617101004447,-0.9657053724017857));
#9106=DIRECTION('',(-0.5577070301993728,0.8177988095971216,-0.14201399750632646));
#9107=AXIS2_PLACEMENT_3D('',#694,#9105,#9106);
#9108=PLANE('',#9107);
#9109=FACE_SURFACE('',(#9104),#9108,.T.);
#9110=POLY_LOOP('',(#283,#690,#282));
#9111=FACE_OUTER_BOUND('',#9110,.T.);
#9112=DIRECTION('',(-0.07694825048644705,0.009554159082448914,-0.9969893102693238));
#9113=DIRECTION('',(-0.9725035539145637,-0.22117131141559432,0.07293893768248645));
#9114=AXIS2_PLACEMENT_3D('',#283,#9112,#9113);
#9115=PLANE('',#9114);
#9116=FACE_SURFACE('',(#9111),#9115,.T.);
#9117=POLY_LOOP('',(#694,#291,#292));
#9118=FACE_OUTER_BOUND('',#9117,.T.);
#9119=DIRECTION('',(0.21797198115670444,-0.02079156019174737,-0.9757335325053732));
#9120=DIRECTION('',(-0.9553640859227677,0.19973946185173105,-0.21767776806126884));
#9121=AXIS2_PLACEMENT_3D('',#694,#9119,#9120);
#9122=PLANE('',#9121);
#9123=FACE_SURFACE('',(#9118),#9122,.T.);
#9124=POLY_LOOP('',(#695,#290,#291));
#9125=FACE_OUTER_BOUND('',#9124,.T.);
#9126=DIRECTION('',(0.17091932270589805,-0.030287220650545368,-0.9848194095320332));
#9127=DIRECTION('',(-0.948599339281191,0.2651485311221753,-0.17278758624114418));
#9128=AXIS2_PLACEMENT_3D('',#695,#9126,#9127);
#9129=PLANE('',#9128);
#9130=FACE_SURFACE('',(#9125),#9129,.T.);
#9131=POLY_LOOP('',(#696,#290,#695));
#9132=FACE_OUTER_BOUND('',#9131,.T.);
#9133=DIRECTION('',(0.18173752745875058,0.009404925516245234,-0.9833020993007255));
#9134=DIRECTION('',(0.00010430992653774522,0.9999540720132772,0.009583474500655342));
#9135=AXIS2_PLACEMENT_3D('',#696,#9133,#9134);
#9136=PLANE('',#9135);
#9137=FACE_SURFACE('',(#9132),#9136,.T.);
#9138=POLY_LOOP('',(#696,#289,#290));
#9139=FACE_OUTER_BOUND('',#9138,.T.);
#9140=DIRECTION('',(0.13927768083722594,0.009475540549219076,-0.9902080295331401));
#9141=DIRECTION('',(-0.9385256085189427,0.32022356004136554,-0.12894399462007605));
#9142=AXIS2_PLACEMENT_3D('',#696,#9140,#9141);
#9143=PLANE('',#9142);
#9144=FACE_SURFACE('',(#9139),#9143,.T.);
#9145=POLY_LOOP('',(#697,#289,#696));
#9146=FACE_OUTER_BOUND('',#9145,.T.);
#9147=DIRECTION('',(0.1355216875461794,-0.0017601155486962423,-0.99077281664259));
#9148=DIRECTION('',(0.5589799989218937,0.8257829615241193,0.07499240802731125));
#9149=AXIS2_PLACEMENT_3D('',#697,#9147,#9148);
#9150=PLANE('',#9149);
#9151=FACE_SURFACE('',(#9146),#9150,.T.);
#9152=POLY_LOOP('',(#697,#288,#289));
#9153=FACE_OUTER_BOUND('',#9152,.T.);
#9154=DIRECTION('',(0.09522696817799572,0.02591037808228103,-0.9951183230346329));
#9155=DIRECTION('',(-0.9787343316403322,0.184893707330968,-0.0888449495354824));
#9156=AXIS2_PLACEMENT_3D('',#697,#9154,#9155);
#9157=PLANE('',#9156);
#9158=FACE_SURFACE('',(#9153),#9157,.T.);
#9159=POLY_LOOP('',(#691,#288,#697));
#9160=FACE_OUTER_BOUND('',#9159,.T.);
#9161=DIRECTION('',(0.09218754702649389,0.00954366190851305,-0.9956959248137024));
#9162=DIRECTION('',(5.485492380156908e-06,0.9999540629737229,0.00958498368559417));
#9163=AXIS2_PLACEMENT_3D('',#691,#9161,#9162);
#9164=PLANE('',#9163);
#9165=FACE_SURFACE('',(#9160),#9164,.T.);
#9166=POLY_LOOP('',(#674,#295,#297));
#9167=FACE_OUTER_BOUND('',#9166,.T.);
#9168=DIRECTION('',(0.3952133070365112,0.008818505629873574,-0.9185470461003726));
#9169=DIRECTION('',(0.00019251511043935637,0.9999531013313154,0.009682875389900375));
#9170=AXIS2_PLACEMENT_3D('',#674,#9168,#9169);
#9171=PLANE('',#9170);
#9172=FACE_SURFACE('',(#9167),#9171,.T.);
#9173=POLY_LOOP('',(#674,#294,#295));
#9174=FACE_OUTER_BOUND('',#9173,.T.);
#9175=DIRECTION('',(0.3566921206870308,0.008977289876794942,-0.93417885830619));
#9176=DIRECTION('',(-0.8559871706637082,0.40371366570957595,-0.3229570246619143));
#9177=AXIS2_PLACEMENT_3D('',#674,#9175,#9176);
#9178=PLANE('',#9177);
#9179=FACE_SURFACE('',(#9174),#9178,.T.);
#9180=POLY_LOOP('',(#698,#294,#674));
#9181=FACE_OUTER_BOUND('',#9180,.T.);
#9182=DIRECTION('',(0.35956798830503905,0.016033078434376204,-0.9329811370988079));
#9183=DIRECTION('',(-0.1967447706121843,0.9786775432937993,-0.059006452945186465));
#9184=AXIS2_PLACEMENT_3D('',#698,#9182,#9183);
#9185=PLANE('',#9184);
#9186=FACE_SURFACE('',(#9181),#9185,.T.);
#9187=POLY_LOOP('',(#698,#293,#294));
#9188=FACE_OUTER_BOUND('',#9187,.T.);
#9189=DIRECTION('',(0.296001790908387,0.0019155423923113812,-0.9551854639159721));
#9190=DIRECTION('',(-0.900443854861182,0.33423390481129467,-0.27836767254357886));
#9191=AXIS2_PLACEMENT_3D('',#698,#9189,#9190);
#9192=PLANE('',#9191);
#9193=FACE_SURFACE('',(#9188),#9192,.T.);
#9194=POLY_LOOP('',(#694,#293,#698));
#9195=FACE_OUTER_BOUND('',#9194,.T.);
#9196=DIRECTION('',(0.2984355077333469,0.009137892499878397,-0.9543860574445753));
#9197=DIRECTION('',(0.00017284909704343057,0.9999536325333762,0.009628234858747343));
#9198=AXIS2_PLACEMENT_3D('',#694,#9196,#9197);
#9199=PLANE('',#9198);
#9200=FACE_SURFACE('',(#9195),#9199,.T.);
#9201=POLY_LOOP('',(#646,#299,#301));
#9202=FACE_OUTER_BOUND('',#9201,.T.);
#9203=DIRECTION('',(0.5077052629548767,0.008257453325371053,-0.8614912538340125));
#9204=DIRECTION('',(-0.6244560152112515,0.6924322309746054,-0.3613755533707501));
#9205=AXIS2_PLACEMENT_3D('',#646,#9203,#9204);
#9206=PLANE('',#9205);
#9207=FACE_SURFACE('',(#9202),#9206,.T.);
#9208=POLY_LOOP('',(#695,#291,#694));
#9209=FACE_OUTER_BOUND('',#9208,.T.);
#9210=DIRECTION('',(0.23631770907173333,0.0744958584214982,-0.9688159306375652));
#9211=DIRECTION('',(-0.8262379802889859,0.540118802985969,-0.16000774540309415));
#9212=AXIS2_PLACEMENT_3D('',#695,#9210,#9211);
#9213=PLANE('',#9212);
#9214=FACE_SURFACE('',(#9209),#9213,.T.);
#9215=POLY_LOOP('',(#246,#279,#699));
#9216=FACE_OUTER_BOUND('',#9215,.T.);
#9217=DIRECTION('',(-0.21082029116092335,0.009386740672830525,-0.9774797665089362));
#9218=DIRECTION('',(0.9771186653627861,-0.02679949254259146,-0.21099976540059728));
#9219=AXIS2_PLACEMENT_3D('',#246,#9217,#9218);
#9220=PLANE('',#9219);
#9221=FACE_SURFACE('',(#9216),#9220,.T.);
#9222=POLY_LOOP('',(#699,#279,#280));
#9223=FACE_OUTER_BOUND('',#9222,.T.);
#9224=DIRECTION('',(-0.17889201418899486,0.009452476139672155,-0.983823306267052));
#9225=DIRECTION('',(-0.00014470662736292206,0.9999535837219112,0.009633766745076237));
#9226=AXIS2_PLACEMENT_3D('',#699,#9224,#9225);
#9227=PLANE('',#9226);
#9228=FACE_SURFACE('',(#9223),#9227,.T.);
#9229=POLY_LOOP('',(#699,#280,#690));
#9230=FACE_OUTER_BOUND('',#9229,.T.);
#9231=DIRECTION('',(-0.13948508563272174,-0.06491928037075326,-0.9880938204048114));
#9232=DIRECTION('',(0.8694628504825435,0.46951631794516235,-0.1535863887653706));
#9233=AXIS2_PLACEMENT_3D('',#699,#9231,#9232);
#9234=PLANE('',#9233);
#9235=FACE_SURFACE('',(#9230),#9234,.T.);
#9236=POLY_LOOP('',(#677,#269,#270));
#9237=FACE_OUTER_BOUND('',#9236,.T.);
#9238=DIRECTION('',(0.9992649780670178,-0.0164347598316319,0.03463238770282834));
#9239=DIRECTION('',(0.032480545065502686,0.8428172387255746,-0.5372188718755566));
#9240=AXIS2_PLACEMENT_3D('',#677,#9238,#9239);
#9241=PLANE('',#9240);
#9242=FACE_SURFACE('',(#9237),#9241,.T.);
#9243=POLY_LOOP('',(#679,#269,#677));
#9244=FACE_OUTER_BOUND('',#9243,.T.);
#9245=DIRECTION('',(0.995226377421356,0.022219065886728413,0.0950303677562379));
#9246=DIRECTION('',(0.00945445261346557,0.9472078762619457,-0.32048065850081225));
#9247=AXIS2_PLACEMENT_3D('',#679,#9245,#9246);
#9248=PLANE('',#9247);
#9249=FACE_SURFACE('',(#9244),#9248,.T.);
#9250=POLY_LOOP('',(#679,#268,#269));
#9251=FACE_OUTER_BOUND('',#9250,.T.);
#9252=DIRECTION('',(0.9999155225647532,-0.011814223032492258,-0.005419581920668166));
#9253=DIRECTION('',(0.00920770135573259,0.9381184323105188,-0.34619217956938025));
#9254=AXIS2_PLACEMENT_3D('',#679,#9252,#9253);
#9255=PLANE('',#9254);
#9256=FACE_SURFACE('',(#9251),#9255,.T.);
#9257=POLY_LOOP('',(#680,#268,#679));
#9258=FACE_OUTER_BOUND('',#9257,.T.);
#9259=DIRECTION('',(0.9996654263569049,-0.0002671187918400755,0.02586433827142333));
#9260=DIRECTION('',(8.212860667811272e-06,0.9999499012657194,0.01000973981815144));
#9261=AXIS2_PLACEMENT_3D('',#680,#9259,#9260);
#9262=PLANE('',#9261);
#9263=FACE_SURFACE('',(#9258),#9262,.T.);
#9264=POLY_LOOP('',(#680,#266,#268));
#9265=FACE_OUTER_BOUND('',#9264,.T.);
#9266=DIRECTION('',(0.999409125707947,0.00033584208404618677,-0.03436985105832361));
#9267=DIRECTION('',(-0.005879564146685295,0.9868841219065398,-0.1613231559764519));
#9268=AXIS2_PLACEMENT_3D('',#680,#9266,#9267);
#9269=PLANE('',#9268);
#9270=FACE_SURFACE('',(#9265),#9269,.T.);
#9271=POLY_LOOP('',(#263,#266,#680));
#9272=FACE_OUTER_BOUND('',#9271,.T.);
#9273=DIRECTION('',(0.9978085548838339,-0.004842497828133734,-0.06598968112833645));
#9274=DIRECTION('',(0.06034382848806962,0.4757084027256472,0.8775307048414978));
#9275=AXIS2_PLACEMENT_3D('',#263,#9273,#9274);
#9276=PLANE('',#9275);
#9277=FACE_SURFACE('',(#9272),#9276,.T.);
#9278=POLY_LOOP('',(#260,#667,#259));
#9279=FACE_OUTER_BOUND('',#9278,.T.);
#9280=DIRECTION('',(0.9754199210780615,0.0021176163757376395,-0.22034403387646687));
#9281=DIRECTION('',(-2.8474154515343678e-05,-0.9999526027064991,-0.009736094171742392));
#9282=AXIS2_PLACEMENT_3D('',#260,#9280,#9281);
#9283=PLANE('',#9282);
#9284=FACE_SURFACE('',(#9279),#9283,.T.);
#9285=POLY_LOOP('',(#260,#682,#667));
#9286=FACE_OUTER_BOUND('',#9285,.T.);
#9287=DIRECTION('',(0.9931988746776204,0.0011052963625141424,-0.11642497008399631));
#9288=DIRECTION('',(0.05897033545490163,-0.8669845050809335,0.49483367658831084));
#9289=AXIS2_PLACEMENT_3D('',#260,#9287,#9288);
#9290=PLANE('',#9289);
#9291=FACE_SURFACE('',(#9286),#9290,.T.);
#9292=POLY_LOOP('',(#264,#682,#260));
#9293=FACE_OUTER_BOUND('',#9292,.T.);
#9294=DIRECTION('',(0.986209480637432,-0.026190577938002127,-0.16341638206777268));
#9295=DIRECTION('',(0.057142547953117614,-0.872793033163071,0.48473399971059594));
#9296=AXIS2_PLACEMENT_3D('',#264,#9294,#9295);
#9297=PLANE('',#9296);
#9298=FACE_SURFACE('',(#9293),#9297,.T.);
#9299=POLY_LOOP('',(#264,#680,#682));
#9300=FACE_OUTER_BOUND('',#9299,.T.);
#9301=DIRECTION('',(0.9983155463267293,0.04507010320743223,-0.03653430934389518));
#9302=DIRECTION('',(0.058017823381349136,-0.776024203475434,0.6280289545796507));
#9303=AXIS2_PLACEMENT_3D('',#264,#9301,#9302);
#9304=PLANE('',#9303);
#9305=FACE_SURFACE('',(#9300),#9304,.T.);
#9306=POLY_LOOP('',(#263,#680,#264));
#9307=FACE_OUTER_BOUND('',#9306,.T.);
#9308=DIRECTION('',(0.9928525079115597,-0.020870250708320295,-0.11750885145000049));
#9309=DIRECTION('',(0.0149216224753904,-0.9551590099415185,0.2957171129817148));
#9310=AXIS2_PLACEMENT_3D('',#263,#9308,#9309);
#9311=PLANE('',#9310);
#9312=FACE_SURFACE('',(#9307),#9311,.T.);
#9313=POLY_LOOP('',(#650,#275,#555));
#9314=FACE_OUTER_BOUND('',#9313,.T.);
#9315=DIRECTION('',(0.9766032882601453,-0.0034947935598785497,0.2150204729262906));
#9316=DIRECTION('',(0.046980974864948434,0.9791828473895255,-0.19746832500145553));
#9317=AXIS2_PLACEMENT_3D('',#650,#9315,#9316);
#9318=PLANE('',#9317);
#9319=FACE_SURFACE('',(#9314),#9318,.T.);
#9320=POLY_LOOP('',(#650,#274,#275));
#9321=FACE_OUTER_BOUND('',#9320,.T.);
#9322=DIRECTION('',(0.9864698358589685,-0.014396550600600041,0.16330952902750034));
#9323=DIRECTION('',(0.07919515320860032,0.9140478476092773,-0.3977997737419087));
#9324=AXIS2_PLACEMENT_3D('',#650,#9322,#9323);
#9325=PLANE('',#9324);
#9326=FACE_SURFACE('',(#9321),#9325,.T.);
#9327=POLY_LOOP('',(#677,#274,#650));
#9328=FACE_OUTER_BOUND('',#9327,.T.);
#9329=DIRECTION('',(0.981561475046623,-0.0018602837062965964,0.19113767302347687));
#9330=DIRECTION('',(-4.5552384641928036e-05,0.9999503358094688,0.009966134632387269));
#9331=AXIS2_PLACEMENT_3D('',#677,#9329,#9330);
#9332=PLANE('',#9331);
#9333=FACE_SURFACE('',(#9328),#9332,.T.);
#9334=POLY_LOOP('',(#555,#653,#650));
#9335=FACE_OUTER_BOUND('',#9334,.T.);
#9336=DIRECTION('',(0.9669029469810415,-0.002447227795176158,0.2551327148671763));
#9337=DIRECTION('',(-0.1812380566616264,0.69724357982728,0.6935446324550113));
#9338=AXIS2_PLACEMENT_3D('',#555,#9336,#9337);
#9339=PLANE('',#9338);
#9340=FACE_SURFACE('',(#9335),#9339,.T.);
#9341=POLY_LOOP('',(#272,#274,#677));
#9342=FACE_OUTER_BOUND('',#9341,.T.);
#9343=DIRECTION('',(0.992555079979016,-0.0011686302843575327,0.12179099930252352));
#9344=DIRECTION('',(-0.09592692131053034,0.608658685772958,0.7876119793407277));
#9345=AXIS2_PLACEMENT_3D('',#272,#9343,#9344);
#9346=PLANE('',#9345);
#9347=FACE_SURFACE('',(#9342),#9346,.T.);
#9348=POLY_LOOP('',(#672,#220,#222));
#9349=FACE_OUTER_BOUND('',#9348,.T.);
#9350=DIRECTION('',(-0.4470868611672376,0.008564162311494976,-0.8944495478759712));
#9351=DIRECTION('',(-0.10008191939195857,0.9931964422161329,0.05953517094992777));
#9352=AXIS2_PLACEMENT_3D('',#672,#9350,#9351);
#9353=PLANE('',#9352);
#9354=FACE_SURFACE('',(#9349),#9353,.T.);
#9355=POLY_LOOP('',(#672,#218,#220));
#9356=FACE_OUTER_BOUND('',#9355,.T.);
#9357=DIRECTION('',(-0.4916090461244065,0.0026608651866843864,-0.8708119576378757));
#9358=DIRECTION('',(-0.746422346815605,0.5137723088794736,0.4229559017237369));
#9359=AXIS2_PLACEMENT_3D('',#672,#9357,#9358);
#9360=PLANE('',#9359);
#9361=FACE_SURFACE('',(#9356),#9360,.T.);
#9362=POLY_LOOP('',(#556,#218,#672));
#9363=FACE_OUTER_BOUND('',#9362,.T.);
#9364=DIRECTION('',(-0.48861902682455527,0.008359270802380043,-0.8724572019398298));
#9365=DIRECTION('',(-6.255088397560381e-06,0.9999540689549964,0.009584359197161893));
#9366=AXIS2_PLACEMENT_3D('',#556,#9364,#9365);
#9367=PLANE('',#9366);
#9368=FACE_SURFACE('',(#9363),#9367,.T.);
#9369=POLY_LOOP('',(#224,#672,#222));
#9370=FACE_OUTER_BOUND('',#9369,.T.);
#9371=DIRECTION('',(-0.4087766606550911,0.008741887377630903,-0.9125925822122102));
#9372=DIRECTION('',(-0.8243593980245599,-0.4325803535790712,0.3651106963456301));
#9373=AXIS2_PLACEMENT_3D('',#224,#9371,#9372);
#9374=PLANE('',#9373);
#9375=FACE_SURFACE('',(#9370),#9374,.T.);
#9376=POLY_LOOP('',(#224,#670,#672));
#9377=FACE_OUTER_BOUND('',#9376,.T.);
#9378=DIRECTION('',(-0.3753964764356504,-0.064990315522186,-0.9245830110747358));
#9379=DIRECTION('',(0.8452613378247803,-0.4332784984800402,-0.3127347334939698));
#9380=AXIS2_PLACEMENT_3D('',#224,#9378,#9379);
#9381=PLANE('',#9380);
#9382=FACE_SURFACE('',(#9377),#9381,.T.);
#9383=POLY_LOOP('',(#226,#670,#224));
#9384=FACE_OUTER_BOUND('',#9383,.T.);
#9385=DIRECTION('',(-0.3429143111154447,0.009016942144931159,-0.9393234107518958));
#9386=DIRECTION('',(0.00016826482651296446,-0.9999533232771767,-0.00966038062803843));
#9387=AXIS2_PLACEMENT_3D('',#226,#9385,#9386);
#9388=PLANE('',#9387);
#9389=FACE_SURFACE('',(#9384),#9388,.T.);
#9390=POLY_LOOP('',(#245,#670,#226));
#9391=FACE_OUTER_BOUND('',#9390,.T.);
#9392=DIRECTION('',(-0.3065553877443557,0.0091436805936093,-0.951808902747873));
#9393=DIRECTION('',(-0.41505138737183683,-0.9011670515603467,0.12502116229960814));
#9394=AXIS2_PLACEMENT_3D('',#245,#9392,#9393);
#9395=PLANE('',#9394);
#9396=FACE_SURFACE('',(#9391),#9395,.T.);
#9397=POLY_LOOP('',(#245,#699,#670));
#9398=FACE_OUTER_BOUND('',#9397,.T.);
#9399=DIRECTION('',(-0.24972412123166726,-0.01929469291335824,-0.9681247740350676));
#9400=DIRECTION('',(0.9509651655318415,-0.1933118872611386,-0.24144516600779997));
#9401=AXIS2_PLACEMENT_3D('',#245,#9399,#9400);
#9402=PLANE('',#9401);
#9403=FACE_SURFACE('',(#9398),#9402,.T.);
#9404=POLY_LOOP('',(#246,#699,#245));
#9405=FACE_OUTER_BOUND('',#9404,.T.);
#9406=DIRECTION('',(-0.26706769812580083,-0.11944989118723569,-0.9562460813583205));
#9407=DIRECTION('',(0.8866217957818381,-0.41926013191801353,-0.19525043669267006));
#9408=AXIS2_PLACEMENT_3D('',#246,#9406,#9407);
#9409=PLANE('',#9408);
#9410=FACE_SURFACE('',(#9405),#9409,.T.);
#9411=POLY_LOOP('',(#690,#281,#282));
#9412=FACE_OUTER_BOUND('',#9411,.T.);
#9413=DIRECTION('',(-0.10143602328079054,0.009532310891777777,-0.994796395364419));
#9414=DIRECTION('',(-0.8426174394881362,0.5307673551990003,0.09100475441159832));
#9415=AXIS2_PLACEMENT_3D('',#690,#9413,#9414);
#9416=PLANE('',#9415);
#9417=FACE_SURFACE('',(#9412),#9416,.T.);
#9418=POLY_LOOP('',(#690,#280,#281));
#9419=FACE_OUTER_BOUND('',#9418,.T.);
#9420=DIRECTION('',(-0.13686877892498184,-0.04763667509329404,-0.989443118396222));
#9421=DIRECTION('',(-0.979098943822692,0.15819908170632746,0.12782139395486075));
#9422=AXIS2_PLACEMENT_3D('',#690,#9420,#9421);
#9423=PLANE('',#9422);
#9424=FACE_SURFACE('',(#9419),#9423,.T.);
#9425=POLY_LOOP('',(#674,#297,#646));
#9426=FACE_OUTER_BOUND('',#9425,.T.);
#9427=DIRECTION('',(0.4586787403381951,-0.017735467329754118,-0.8884251608100493));
#9428=DIRECTION('',(0.3214626415424343,0.935396537475634,0.14729252449175806));
#9429=AXIS2_PLACEMENT_3D('',#674,#9427,#9428);
#9430=PLANE('',#9429);
#9431=FACE_SURFACE('',(#9426),#9430,.T.);
#9432=POLY_LOOP('',(#671,#670,#699));
#9433=FACE_OUTER_BOUND('',#9432,.T.);
#9434=DIRECTION('',(-0.17816602837970852,-0.6943694060911004,-0.6972144535335548));
#9435=DIRECTION('',(-0.422320406022413,0.6939336257968188,-0.5831823022396554));
#9436=AXIS2_PLACEMENT_3D('',#671,#9434,#9435);
#9437=PLANE('',#9436);
#9438=FACE_SURFACE('',(#9433),#9437,.T.);
#9439=POLY_LOOP('',(#700,#645,#611));
#9440=FACE_OUTER_BOUND('',#9439,.T.);
#9441=DIRECTION('',(-0.8213354184985399,-0.4314198776896036,0.3732090827594041));
#9442=DIRECTION('',(0.12902064027467017,0.49679581119180005,0.8582235118926744));
#9443=AXIS2_PLACEMENT_3D('',#700,#9441,#9442);
#9444=PLANE('',#9443);
#9445=FACE_SURFACE('',(#9440),#9444,.T.);
#9446=POLY_LOOP('',(#701,#599,#702));
#9447=FACE_OUTER_BOUND('',#9446,.T.);
#9448=DIRECTION('',(-0.3445517630294088,-0.4000759601759964,0.8492486730531764));
#9449=DIRECTION('',(-0.1937177701816592,0.9154727676172619,0.3526797942426483));
#9450=AXIS2_PLACEMENT_3D('',#701,#9448,#9449);
#9451=PLANE('',#9450);
#9452=FACE_SURFACE('',(#9447),#9451,.T.);
#9453=POLY_LOOP('',(#703,#704,#705));
#9454=FACE_OUTER_BOUND('',#9453,.T.);
#9455=DIRECTION('',(0.7325463656258877,-0.5929576596004721,0.3343307286646474));
#9456=DIRECTION('',(-0.22562207881555527,-0.6748805979200456,-0.7025886820195932));
#9457=AXIS2_PLACEMENT_3D('',#703,#9455,#9456);
#9458=PLANE('',#9457);
#9459=FACE_SURFACE('',(#9454),#9458,.T.);
#9460=POLY_LOOP('',(#703,#706,#704));
#9461=FACE_OUTER_BOUND('',#9460,.T.);
#9462=DIRECTION('',(0.7417654872398839,-0.5865378245090229,0.3252035398946329));
#9463=DIRECTION('',(-0.6236568321595318,-0.7815929067498201,0.012832919352374484));
#9464=AXIS2_PLACEMENT_3D('',#703,#9462,#9463);
#9465=PLANE('',#9464);
#9466=FACE_SURFACE('',(#9461),#9465,.T.);
#9467=POLY_LOOP('',(#707,#706,#703));
#9468=FACE_OUTER_BOUND('',#9467,.T.);
#9469=DIRECTION('',(0.7559439802639569,-0.5988489451857458,0.26444023814957884));
#9470=DIRECTION('',(0.0857788507342882,-0.3098547480924699,-0.9469065549732225));
#9471=AXIS2_PLACEMENT_3D('',#707,#9469,#9470);
#9472=PLANE('',#9471);
#9473=FACE_SURFACE('',(#9468),#9472,.T.);
#9474=POLY_LOOP('',(#708,#709,#710));
#9475=FACE_OUTER_BOUND('',#9474,.T.);
#9476=DIRECTION('',(0.8218975096419415,-0.4298880817656403,0.37373884036882343));
#9477=DIRECTION('',(0.1307984704564237,-0.4961478303424282,-0.8583292436896003));
#9478=AXIS2_PLACEMENT_3D('',#708,#9476,#9477);
#9479=PLANE('',#9478);
#9480=FACE_SURFACE('',(#9475),#9479,.T.);
#9481=POLY_LOOP('',(#711,#712,#713));
#9482=FACE_OUTER_BOUND('',#9481,.T.);
#9483=DIRECTION('',(0.8444203671984902,-0.4428485900362519,0.3013957029608588));
#9484=DIRECTION('',(0.47992935994311764,0.8753592128045719,-0.058429941149634776));
#9485=AXIS2_PLACEMENT_3D('',#711,#9483,#9484);
#9486=PLANE('',#9485);
#9487=FACE_SURFACE('',(#9482),#9486,.T.);
#9488=POLY_LOOP('',(#710,#714,#715));
#9489=FACE_OUTER_BOUND('',#9488,.T.);
#9490=DIRECTION('',(0.7361412496153403,-0.43292022162677246,0.5202654537074239));
#9491=DIRECTION('',(-0.11282718408892932,-0.8364184955733279,-0.536352614231919));
#9492=AXIS2_PLACEMENT_3D('',#710,#9490,#9491);
#9493=PLANE('',#9492);
#9494=FACE_SURFACE('',(#9489),#9493,.T.);
#9495=POLY_LOOP('',(#716,#717,#718));
#9496=FACE_OUTER_BOUND('',#9495,.T.);
#9497=DIRECTION('',(0.455445815659765,-0.47900047764911,0.7504183176135402));
#9498=DIRECTION('',(0.1392130066481675,0.8708667081272999,0.47139252800134346));
#9499=AXIS2_PLACEMENT_3D('',#716,#9497,#9498);
#9500=PLANE('',#9499);
#9501=FACE_SURFACE('',(#9496),#9500,.T.);
#9502=POLY_LOOP('',(#719,#720,#721));
#9503=FACE_OUTER_BOUND('',#9502,.T.);
#9504=DIRECTION('',(-0.9999999999372694,6.796898975919508e-06,8.903008700459232e-06));
#9505=DIRECTION('',(-7.154047943882665e-07,-0.8319780183982945,0.5548085948338718));
#9506=AXIS2_PLACEMENT_3D('',#719,#9504,#9505);
#9507=PLANE('',#9506);
#9508=FACE_SURFACE('',(#9503),#9507,.T.);
#9509=POLY_LOOP('',(#722,#720,#719));
#9510=FACE_OUTER_BOUND('',#9509,.T.);
#9511=DIRECTION('',(-0.999999999979622,-2.9244268066648755e-06,-5.674864526704635e-06));
#9512=DIRECTION('',(-1.1927962105641356e-06,-0.7876689827579836,0.6160986719670645));
#9513=AXIS2_PLACEMENT_3D('',#722,#9511,#9512);
#9514=PLANE('',#9513);
#9515=FACE_SURFACE('',(#9510),#9514,.T.);
#9516=POLY_LOOP('',(#722,#723,#720));
#9517=FACE_OUTER_BOUND('',#9516,.T.);
#9518=DIRECTION('',(-0.9999999999989081,1.4770334711296483e-06,-4.769164452966107e-08));
#9519=DIRECTION('',(-1.471167127864413e-06,-0.9980458743784619,-0.062485459380299736));
#9520=AXIS2_PLACEMENT_3D('',#722,#9518,#9519);
#9521=PLANE('',#9520);
#9522=FACE_SURFACE('',(#9517),#9521,.T.);
#9523=POLY_LOOP('',(#724,#723,#722));
#9524=FACE_OUTER_BOUND('',#9523,.T.);
#9525=DIRECTION('',(-0.9999999999988093,1.497392187368462e-06,-3.728702212969346e-07));
#9526=DIRECTION('',(-1.4937493588751435e-06,-0.9999540608146082,-0.00958521038597873));
#9527=AXIS2_PLACEMENT_3D('',#724,#9525,#9526);
#9528=PLANE('',#9527);
#9529=FACE_SURFACE('',(#9524),#9528,.T.);
#9530=POLY_LOOP('',(#720,#725,#721));
#9531=FACE_OUTER_BOUND('',#9530,.T.);
#9532=DIRECTION('',(-0.9999999999985528,1.7013134583058878e-06,1.6308253171372302e-08));
#9533=DIRECTION('',(1.7013916193910896e-06,0.999954060930649,0.009585198245695675));
#9534=AXIS2_PLACEMENT_3D('',#720,#9532,#9533);
#9535=PLANE('',#9534);
#9536=FACE_SURFACE('',(#9531),#9535,.T.);
#9537=POLY_LOOP('',(#705,#704,#726));
#9538=FACE_OUTER_BOUND('',#9537,.T.);
#9539=DIRECTION('',(0.7040231192849719,-0.5832475318320789,0.4051836177883388));
#9540=DIRECTION('',(-0.5882672012540133,-0.7985716596293558,-0.12737740916499457));
#9541=AXIS2_PLACEMENT_3D('',#705,#9539,#9540);
#9542=PLANE('',#9541);
#9543=FACE_SURFACE('',(#9538),#9542,.T.);
#9544=POLY_LOOP('',(#720,#727,#725));
#9545=FACE_OUTER_BOUND('',#9544,.T.);
#9546=DIRECTION('',(-2.0659766357819433e-07,0.009585198246060833,-0.9999540609320716));
#9547=DIRECTION('',(-0.018774364245973417,0.9997778150827141,0.009583512695961884));
#9548=AXIS2_PLACEMENT_3D('',#720,#9546,#9547);
#9549=PLANE('',#9548);
#9550=FACE_SURFACE('',(#9545),#9549,.T.);
#9551=POLY_LOOP('',(#728,#729,#730));
#9552=FACE_OUTER_BOUND('',#9551,.T.);
#9553=DIRECTION('',(0.27896733076277636,-0.003860089421957972,0.9602928345441021));
#9554=DIRECTION('',(-0.10576738247431158,0.993784561828601,0.03472038991238858));
#9555=AXIS2_PLACEMENT_3D('',#728,#9553,#9554);
#9556=PLANE('',#9555);
#9557=FACE_SURFACE('',(#9552),#9556,.T.);
#9558=POLY_LOOP('',(#728,#731,#729));
#9559=FACE_OUTER_BOUND('',#9558,.T.);
#9560=DIRECTION('',(0.2376845672820394,-0.008638470282186585,0.9713039808973982));
#9561=DIRECTION('',(-0.022984967588210278,0.9996304351403582,0.014514971790086746));
#9562=AXIS2_PLACEMENT_3D('',#728,#9560,#9561);
#9563=PLANE('',#9562);
#9564=FACE_SURFACE('',(#9559),#9563,.T.);
#9565=POLY_LOOP('',(#723,#731,#728));
#9566=FACE_OUTER_BOUND('',#9565,.T.);
#9567=DIRECTION('',(0.17858803468442908,-0.010179785704358759,0.9838712750307158));
#9568=DIRECTION('',(-0.13022089340964932,0.9909056500363975,0.03388969822139353));
#9569=AXIS2_PLACEMENT_3D('',#723,#9567,#9568);
#9570=PLANE('',#9569);
#9571=FACE_SURFACE('',(#9566),#9570,.T.);
#9572=POLY_LOOP('',(#723,#732,#731));
#9573=FACE_OUTER_BOUND('',#9572,.T.);
#9574=DIRECTION('',(0.20057833295385322,-0.007145592153728499,0.9796516079005975));
#9575=DIRECTION('',(-0.07317839058469575,0.9970705164878125,0.022255522958592244));
#9576=AXIS2_PLACEMENT_3D('',#723,#9574,#9575);
#9577=PLANE('',#9576);
#9578=FACE_SURFACE('',(#9573),#9577,.T.);
#9579=POLY_LOOP('',(#724,#732,#723));
#9580=FACE_OUTER_BOUND('',#9579,.T.);
#9581=DIRECTION('',(0.17095478010434637,-0.009444360665576237,0.9852336104757558));
#9582=DIRECTION('',(-0.9068949743802958,-0.3923625602466858,0.15360054283897742));
#9583=AXIS2_PLACEMENT_3D('',#724,#9581,#9582);
#9584=PLANE('',#9583);
#9585=FACE_SURFACE('',(#9580),#9584,.T.);
#9586=POLY_LOOP('',(#733,#728,#730));
#9587=FACE_OUTER_BOUND('',#9586,.T.);
#9588=DIRECTION('',(0.31675348068189735,0.003492675965974418,0.9485014674161023));
#9589=DIRECTION('',(0.2376652196239532,-0.9683848329220657,-0.07580276213701628));
#9590=AXIS2_PLACEMENT_3D('',#733,#9588,#9589);
#9591=PLANE('',#9590);
#9592=FACE_SURFACE('',(#9587),#9591,.T.);
#9593=POLY_LOOP('',(#733,#734,#728));
#9594=FACE_OUTER_BOUND('',#9593,.T.);
#9595=DIRECTION('',(0.27224906914159774,-0.008501236870429151,0.9621892606567619));
#9596=DIRECTION('',(-0.008639920408335024,-0.9999422571988087,-0.006390152070887956));
#9597=AXIS2_PLACEMENT_3D('',#733,#9595,#9596);
#9598=PLANE('',#9597);
#9599=FACE_SURFACE('',(#9594),#9598,.T.);
#9600=POLY_LOOP('',(#735,#734,#733));
#9601=FACE_OUTER_BOUND('',#9600,.T.);
#9602=DIRECTION('',(0.3467828549624567,-0.008990034062858148,0.9379023567470317));
#9603=DIRECTION('',(-4.0834642675742785e-05,-0.9999542083606633,-0.009569718612950544));
#9604=AXIS2_PLACEMENT_3D('',#735,#9602,#9603);
#9605=PLANE('',#9604);
#9606=FACE_SURFACE('',(#9601),#9605,.T.);
#9607=POLY_LOOP('',(#736,#734,#735));
#9608=FACE_OUTER_BOUND('',#9607,.T.);
#9609=DIRECTION('',(0.3731239229182617,-0.008893843716071792,0.927738884433568));
#9610=DIRECTION('',(0.0649937115161706,-0.9972468820469679,-0.03569977186136645));
#9611=AXIS2_PLACEMENT_3D('',#736,#9609,#9610);
#9612=PLANE('',#9611);
#9613=FACE_SURFACE('',(#9608),#9612,.T.);
#9614=POLY_LOOP('',(#737,#734,#736));
#9615=FACE_OUTER_BOUND('',#9614,.T.);
#9616=DIRECTION('',(0.4110744373470265,-0.005842137998716662,0.9115830606057956));
#9617=DIRECTION('',(0.10382471676204529,-0.9931726208166735,-0.053184334624221105));
#9618=AXIS2_PLACEMENT_3D('',#737,#9616,#9617);
#9619=PLANE('',#9618);
#9620=FACE_SURFACE('',(#9615),#9619,.T.);
#9621=POLY_LOOP('',(#737,#738,#734));
#9622=FACE_OUTER_BOUND('',#9621,.T.);
#9623=DIRECTION('',(0.4335672716546424,-0.002930285151562154,0.9011164377475755));
#9624=DIRECTION('',(-0.09932216938376176,-0.994057285407388,0.044555807673051645));
#9625=AXIS2_PLACEMENT_3D('',#737,#9623,#9624);
#9626=PLANE('',#9625);
#9627=FACE_SURFACE('',(#9622),#9626,.T.);
#9628=POLY_LOOP('',(#739,#738,#737));
#9629=FACE_OUTER_BOUND('',#9628,.T.);
#9630=DIRECTION('',(0.4782234377771563,-0.008419409100301733,0.8781978462231617));
#9631=DIRECTION('',(-2.8714023435520913e-06,-0.9999540614879366,-0.00958513982865793));
#9632=AXIS2_PLACEMENT_3D('',#739,#9630,#9631);
#9633=PLANE('',#9632);
#9634=FACE_SURFACE('',(#9629),#9633,.T.);
#9635=POLY_LOOP('',(#740,#727,#720));
#9636=FACE_OUTER_BOUND('',#9635,.T.);
#9637=DIRECTION('',(9.141149644850043e-08,0.009585203841722746,-0.9999540608784506));
#9638=DIRECTION('',(1.701391619299818e-06,0.9999540608770061,0.009585203841864433));
#9639=AXIS2_PLACEMENT_3D('',#740,#9637,#9638);
#9640=PLANE('',#9639);
#9641=FACE_SURFACE('',(#9636),#9640,.T.);
#9642=POLY_LOOP('',(#741,#738,#739));
#9643=FACE_OUTER_BOUND('',#9642,.T.);
#9644=DIRECTION('',(0.5866158508055594,-0.00776435670903576,0.8098281041977764));
#9645=DIRECTION('',(0.06795331469917312,-0.9959559053968393,-0.05877228536101945));
#9646=AXIS2_PLACEMENT_3D('',#741,#9644,#9645);
#9647=PLANE('',#9646);
#9648=FACE_SURFACE('',(#9643),#9647,.T.);
#9649=POLY_LOOP('',(#742,#743,#744));
#9650=FACE_OUTER_BOUND('',#9649,.T.);
#9651=DIRECTION('',(0.5336551785725496,-0.599864925122692,0.5961327217912529));
#9652=DIRECTION('',(-0.7482247382856815,-0.0063525145812044475,0.6634149429850212));
#9653=AXIS2_PLACEMENT_3D('',#742,#9651,#9652);
#9654=PLANE('',#9653);
#9655=FACE_SURFACE('',(#9650),#9654,.T.);
#9656=POLY_LOOP('',(#744,#745,#726));
#9657=FACE_OUTER_BOUND('',#9656,.T.);
#9658=DIRECTION('',(0.6121032623295637,-0.5766184484863531,0.5411476333780793));
#9659=DIRECTION('',(-0.08154077733854453,0.6346519705747325,0.7684842079552673));
#9660=AXIS2_PLACEMENT_3D('',#744,#9658,#9659);
#9661=PLANE('',#9660);
#9662=FACE_SURFACE('',(#9657),#9661,.T.);
#9663=POLY_LOOP('',(#746,#747,#748));
#9664=FACE_OUTER_BOUND('',#9663,.T.);
#9665=DIRECTION('',(0.8609966056503908,-0.4665683570659765,0.20248163680507178));
#9666=DIRECTION('',(0.47996048016056514,0.8770638513024657,-0.019923308523590196));
#9667=AXIS2_PLACEMENT_3D('',#746,#9665,#9666);
#9668=PLANE('',#9667);
#9669=FACE_SURFACE('',(#9664),#9668,.T.);
#9670=POLY_LOOP('',(#713,#747,#746));
#9671=FACE_OUTER_BOUND('',#9670,.T.);
#9672=DIRECTION('',(0.8521012866742227,-0.4606567025183738,0.24843268640223798));
#9673=DIRECTION('',(0.037385645796488925,0.5270328612838042,0.8490221885294789));
#9674=AXIS2_PLACEMENT_3D('',#713,#9672,#9673);
#9675=PLANE('',#9674);
#9676=FACE_SURFACE('',(#9671),#9675,.T.);
#9677=POLY_LOOP('',(#713,#749,#711));
#9678=FACE_OUTER_BOUND('',#9677,.T.);
#9679=DIRECTION('',(0.838929776797067,-0.44505541958024947,0.31324511665063703));
#9680=DIRECTION('',(-0.4608838009343819,-0.8870790036525057,-0.026018518696400168));
#9681=AXIS2_PLACEMENT_3D('',#713,#9679,#9680);
#9682=PLANE('',#9681);
#9683=FACE_SURFACE('',(#9678),#9682,.T.);
#9684=POLY_LOOP('',(#713,#750,#749));
#9685=FACE_OUTER_BOUND('',#9684,.T.);
#9686=DIRECTION('',(0.8539994721367965,-0.45129051830056893,0.2588856305052038));
#9687=DIRECTION('',(-0.5038437177275945,-0.5933117440569687,0.627791910166509));
#9688=AXIS2_PLACEMENT_3D('',#713,#9686,#9687);
#9689=PLANE('',#9688);
#9690=FACE_SURFACE('',(#9685),#9689,.T.);
#9691=POLY_LOOP('',(#746,#750,#713));
#9692=FACE_OUTER_BOUND('',#9691,.T.);
#9693=DIRECTION('',(0.8508827977295489,-0.4660941296059059,0.24239374347298798));
#9694=DIRECTION('',(-0.0780502651073083,-0.5684226248046386,-0.819026175239158));
#9695=AXIS2_PLACEMENT_3D('',#746,#9693,#9694);
#9696=PLANE('',#9695);
#9697=FACE_SURFACE('',(#9692),#9696,.T.);
#9698=POLY_LOOP('',(#714,#751,#752));
#9699=FACE_OUTER_BOUND('',#9698,.T.);
#9700=DIRECTION('',(0.7618530016579607,-0.38183578404937407,0.5232412807531103));
#9701=DIRECTION('',(-0.5824022425353343,-0.7573657019870563,0.2953046246564166));
#9702=AXIS2_PLACEMENT_3D('',#714,#9700,#9701);
#9703=PLANE('',#9702);
#9704=FACE_SURFACE('',(#9699),#9703,.T.);
#9705=POLY_LOOP('',(#714,#753,#751));
#9706=FACE_OUTER_BOUND('',#9705,.T.);
#9707=DIRECTION('',(0.7758518512664822,-0.40946352393923957,0.4799932577126811));
#9708=DIRECTION('',(-0.610906253203753,-0.2974794386988916,0.7336889895234522));
#9709=AXIS2_PLACEMENT_3D('',#714,#9707,#9708);
#9710=PLANE('',#9709);
#9711=FACE_SURFACE('',(#9706),#9710,.T.);
#9712=POLY_LOOP('',(#710,#753,#714));
#9713=FACE_OUTER_BOUND('',#9712,.T.);
#9714=DIRECTION('',(0.7754542071063713,-0.4116245754052227,0.4787859454949564));
#9715=DIRECTION('',(-0.3408873497370365,-0.911210646645745,-0.23128115407162422));
#9716=AXIS2_PLACEMENT_3D('',#710,#9714,#9715);
#9717=PLANE('',#9716);
#9718=FACE_SURFACE('',(#9713),#9717,.T.);
#9719=POLY_LOOP('',(#710,#754,#753));
#9720=FACE_OUTER_BOUND('',#9719,.T.);
#9721=DIRECTION('',(0.7865527645376972,-0.4111897163399376,0.4607144080386328));
#9722=DIRECTION('',(-0.34445897300950745,-0.911361483125267,-0.2253181372835959));
#9723=AXIS2_PLACEMENT_3D('',#710,#9721,#9722);
#9724=PLANE('',#9723);
#9725=FACE_SURFACE('',(#9720),#9724,.T.);
#9726=POLY_LOOP('',(#709,#754,#710));
#9727=FACE_OUTER_BOUND('',#9726,.T.);
#9728=DIRECTION('',(0.8044692777847476,-0.41025788387766177,0.4295551766847998));
#9729=DIRECTION('',(0.23972141789159748,-0.43741842683030924,-0.8667172328235659));
#9730=AXIS2_PLACEMENT_3D('',#709,#9728,#9729);
#9731=PLANE('',#9730);
#9732=FACE_SURFACE('',(#9727),#9731,.T.);
#9733=POLY_LOOP('',(#715,#741,#739));
#9734=FACE_OUTER_BOUND('',#9733,.T.);
#9735=DIRECTION('',(0.6821540478699195,-0.4062558508406819,0.6079654913170627));
#9736=DIRECTION('',(-0.41570514842329176,-0.8994812765482434,-0.13462043943440208));
#9737=AXIS2_PLACEMENT_3D('',#715,#9735,#9736);
#9738=PLANE('',#9737);
#9739=FACE_SURFACE('',(#9734),#9738,.T.);
#9740=POLY_LOOP('',(#715,#755,#741));
#9741=FACE_OUTER_BOUND('',#9740,.T.);
#9742=DIRECTION('',(0.722782762682653,-0.4165688442927995,0.5514122558788416));
#9743=DIRECTION('',(-0.4989723650913457,-0.8666176544645965,-0.0006479548055456425));
#9744=AXIS2_PLACEMENT_3D('',#715,#9742,#9743);
#9745=PLANE('',#9744);
#9746=FACE_SURFACE('',(#9741),#9745,.T.);
#9747=POLY_LOOP('',(#744,#743,#745));
#9748=FACE_OUTER_BOUND('',#9747,.T.);
#9749=DIRECTION('',(0.5952173898941945,-0.5874425910163962,0.5482950492458284));
#9750=DIRECTION('',(0.2698941060521738,0.7888385398633623,0.5521692942789707));
#9751=AXIS2_PLACEMENT_3D('',#744,#9749,#9750);
#9752=PLANE('',#9751);
#9753=FACE_SURFACE('',(#9748),#9752,.T.);
#9754=POLY_LOOP('',(#714,#755,#715));
#9755=FACE_OUTER_BOUND('',#9754,.T.);
#9756=DIRECTION('',(0.7114983163343861,-0.41008595604408293,0.5706134019708476));
#9757=DIRECTION('',(-0.021893164744711292,-0.8245867244032593,-0.5653117929738988));
#9758=AXIS2_PLACEMENT_3D('',#714,#9756,#9757);
#9759=PLANE('',#9758);
#9760=FACE_SURFACE('',(#9755),#9759,.T.);
#9761=POLY_LOOP('',(#756,#736,#735));
#9762=FACE_OUTER_BOUND('',#9761,.T.);
#9763=DIRECTION('',(0.5231458556635122,-0.39292756674612195,0.7562581179683716));
#9764=DIRECTION('',(-0.1320409001141393,-0.9140279824083356,-0.38355970600624234));
#9765=AXIS2_PLACEMENT_3D('',#756,#9763,#9764);
#9766=PLANE('',#9765);
#9767=FACE_SURFACE('',(#9762),#9766,.T.);
#9768=POLY_LOOP('',(#757,#730,#729));
#9769=FACE_OUTER_BOUND('',#9768,.T.);
#9770=DIRECTION('',(0.4386399159288684,-0.39918069203274087,0.8051396147639099));
#9771=DIRECTION('',(-0.11765433160129234,-0.9137280164867261,-0.38891974768927123));
#9772=AXIS2_PLACEMENT_3D('',#757,#9770,#9771);
#9773=PLANE('',#9772);
#9774=FACE_SURFACE('',(#9769),#9773,.T.);
#9775=POLY_LOOP('',(#733,#730,#757));
#9776=FACE_OUTER_BOUND('',#9775,.T.);
#9777=DIRECTION('',(0.47678858139394786,-0.3955230701199944,0.7850058277842279));
#9778=DIRECTION('',(0.8442275628558755,0.4548049906149596,-0.2836057873636488));
#9779=AXIS2_PLACEMENT_3D('',#733,#9777,#9778);
#9780=PLANE('',#9779);
#9781=FACE_SURFACE('',(#9776),#9780,.T.);
#9782=POLY_LOOP('',(#722,#732,#724));
#9783=FACE_OUTER_BOUND('',#9782,.T.);
#9784=DIRECTION('',(0.3163022730638951,-0.3930986402456009,0.8633807567300031));
#9785=DIRECTION('',(-0.38027995686890353,-0.8863242490681188,-0.2642280831358017));
#9786=AXIS2_PLACEMENT_3D('',#722,#9784,#9785);
#9787=PLANE('',#9786);
#9788=FACE_SURFACE('',(#9783),#9787,.T.);
#9789=POLY_LOOP('',(#722,#716,#732));
#9790=FACE_OUTER_BOUND('',#9789,.T.);
#9791=DIRECTION('',(0.35307911321283547,-0.40317886624996113,0.8442641420919366));
#9792=DIRECTION('',(-0.9073956087081805,-0.36744174694160187,0.20400924464742853));
#9793=AXIS2_PLACEMENT_3D('',#722,#9791,#9792);
#9794=PLANE('',#9793);
#9795=FACE_SURFACE('',(#9790),#9794,.T.);
#9796=POLY_LOOP('',(#719,#716,#722));
#9797=FACE_OUTER_BOUND('',#9796,.T.);
#9798=DIRECTION('',(0.36835074032022114,-0.46157611217977346,0.8070100524594165));
#9799=DIRECTION('',(-0.5602989155773416,-0.8029061605403046,-0.20348666435243715));
#9800=AXIS2_PLACEMENT_3D('',#719,#9798,#9799);
#9801=PLANE('',#9800);
#9802=FACE_SURFACE('',(#9797),#9801,.T.);
#9803=POLY_LOOP('',(#719,#717,#716));
#9804=FACE_OUTER_BOUND('',#9803,.T.);
#9805=DIRECTION('',(0.4129069462206974,-0.4837204932543478,0.7717009382969992));
#9806=DIRECTION('',(-0.8772102627882155,0.01668043464241573,0.47981654614984887));
#9807=AXIS2_PLACEMENT_3D('',#719,#9805,#9806);
#9808=PLANE('',#9807);
#9809=FACE_SURFACE('',(#9804),#9808,.T.);
#9810=POLY_LOOP('',(#721,#717,#719));
#9811=FACE_OUTER_BOUND('',#9810,.T.);
#9812=DIRECTION('',(0.39912467999202084,-0.5301139624010236,0.7481167533806157));
#9813=DIRECTION('',(-0.6540442070521436,-0.7364322642074005,-0.17289793363685454));
#9814=AXIS2_PLACEMENT_3D('',#721,#9812,#9813);
#9815=PLANE('',#9814);
#9816=FACE_SURFACE('',(#9811),#9815,.T.);
#9817=POLY_LOOP('',(#716,#731,#732));
#9818=FACE_OUTER_BOUND('',#9817,.T.);
#9819=DIRECTION('',(0.3557693898457577,-0.4021093929195933,0.84364458000666));
#9820=DIRECTION('',(-0.12667113723423573,-0.915122407686898,-0.3827602408050244));
#9821=AXIS2_PLACEMENT_3D('',#716,#9819,#9820);
#9822=PLANE('',#9821);
#9823=FACE_SURFACE('',(#9818),#9822,.T.);
#9824=POLY_LOOP('',(#729,#731,#716));
#9825=FACE_OUTER_BOUND('',#9824,.T.);
#9826=DIRECTION('',(0.3952195641954371,-0.40047905852431576,0.826691006217345));
#9827=DIRECTION('',(0.8775342167730724,0.43064057332561556,-0.21090849911337237));
#9828=AXIS2_PLACEMENT_3D('',#729,#9826,#9827);
#9829=PLANE('',#9828);
#9830=FACE_SURFACE('',(#9825),#9829,.T.);
#9831=POLY_LOOP('',(#726,#758,#705));
#9832=FACE_OUTER_BOUND('',#9831,.T.);
#9833=DIRECTION('',(0.6921696927074953,-0.5941394930306902,0.40975526759084624));
#9834=DIRECTION('',(0.34667544393953115,0.771649129380607,0.5332670603885825));
#9835=AXIS2_PLACEMENT_3D('',#726,#9833,#9834);
#9836=PLANE('',#9835);
#9837=FACE_SURFACE('',(#9832),#9836,.T.);
#9838=POLY_LOOP('',(#726,#745,#758));
#9839=FACE_OUTER_BOUND('',#9838,.T.);
#9840=DIRECTION('',(0.6283718728175075,-0.6131519711985595,0.4787415269925296));
#9841=DIRECTION('',(0.7527292563169441,0.6345726722247473,-0.17526035019388633));
#9842=AXIS2_PLACEMENT_3D('',#726,#9840,#9841);
#9843=PLANE('',#9842);
#9844=FACE_SURFACE('',(#9839),#9843,.T.);
#9845=POLY_LOOP('',(#714,#752,#755));
#9846=FACE_OUTER_BOUND('',#9845,.T.);
#9847=DIRECTION('',(0.7430057842495922,-0.39175333745200525,0.5426524920857398));
#9848=DIRECTION('',(-0.0771391169237682,-0.8555164166437097,-0.511997282701117));
#9849=AXIS2_PLACEMENT_3D('',#714,#9847,#9848);
#9850=PLANE('',#9849);
#9851=FACE_SURFACE('',(#9846),#9850,.T.);
#9852=POLY_LOOP('',(#741,#759,#738));
#9853=FACE_OUTER_BOUND('',#9852,.T.);
#9854=DIRECTION('',(0.6311354181090267,-0.0027109966513313047,0.7756679279856171));
#9855=DIRECTION('',(-0.03673776759392595,-0.998976141880846,0.02640084061302788));
#9856=AXIS2_PLACEMENT_3D('',#741,#9854,#9855);
#9857=PLANE('',#9856);
#9858=FACE_SURFACE('',(#9853),#9857,.T.);
#9859=POLY_LOOP('',(#755,#759,#741));
#9860=FACE_OUTER_BOUND('',#9859,.T.);
#9861=DIRECTION('',(0.699417186815687,-0.0068338444128075515,0.7146809759307798));
#9862=DIRECTION('',(-0.00013496857709689673,-0.9999555314169313,-0.00942957963887469));
#9863=AXIS2_PLACEMENT_3D('',#755,#9861,#9862);
#9864=PLANE('',#9863);
#9865=FACE_SURFACE('',(#9860),#9864,.T.);
#9866=POLY_LOOP('',(#755,#760,#759));
#9867=FACE_OUTER_BOUND('',#9866,.T.);
#9868=DIRECTION('',(0.8693638272687694,-0.004777171164125912,0.4941494859577069));
#9869=DIRECTION('',(-0.05079250082346331,-0.9955211345783478,0.07973576655389834));
#9870=AXIS2_PLACEMENT_3D('',#755,#9868,#9869);
#9871=PLANE('',#9870);
#9872=FACE_SURFACE('',(#9867),#9871,.T.);
#9873=POLY_LOOP('',(#761,#762,#763));
#9874=FACE_OUTER_BOUND('',#9873,.T.);
#9875=DIRECTION('',(0.7071093112565191,-0.7070717683344129,-0.006777636666096222));
#9876=DIRECTION('',(-0.577348977072219,-0.5828605085073639,0.5717882355349744));
#9877=AXIS2_PLACEMENT_3D('',#761,#9875,#9876);
#9878=PLANE('',#9877);
#9879=FACE_SURFACE('',(#9874),#9878,.T.);
#9880=POLY_LOOP('',(#764,#761,#765));
#9881=FACE_OUTER_BOUND('',#9880,.T.);
#9882=DIRECTION('',(-2.5852372948591576e-06,-0.700295218370024,-0.7138533512713917));
#9883=DIRECTION('',(-0.9529203892374748,0.2164567660976636,-0.21234217712466172));
#9884=AXIS2_PLACEMENT_3D('',#764,#9882,#9883);
#9885=PLANE('',#9884);
#9886=FACE_SURFACE('',(#9881),#9885,.T.);
#9887=POLY_LOOP('',(#762,#761,#764));
#9888=FACE_OUTER_BOUND('',#9887,.T.);
#9889=DIRECTION('',(-1.639896507522197e-06,-0.7002930975898085,-0.7138554317684931));
#9890=DIRECTION('',(0.577348977072219,0.5828605085073639,-0.5717882355349744));
#9891=AXIS2_PLACEMENT_3D('',#762,#9889,#9890);
#9892=PLANE('',#9891);
#9893=FACE_SURFACE('',(#9888),#9892,.T.);
#9894=POLY_LOOP('',(#766,#765,#761));
#9895=FACE_OUTER_BOUND('',#9894,.T.);
#9896=DIRECTION('',(3.5385076609497446e-08,0.009585193591537616,-0.9999540609767088));
#9897=DIRECTION('',(0.15023462835429063,-0.9886049536030266,-0.009476399886329335));
#9898=AXIS2_PLACEMENT_3D('',#766,#9896,#9897);
#9899=PLANE('',#9898);
#9900=FACE_SURFACE('',(#9895),#9899,.T.);
#9901=POLY_LOOP('',(#767,#765,#766));
#9902=FACE_OUTER_BOUND('',#9901,.T.);
#9903=DIRECTION('',(1.2032997185192417e-08,0.009585190043134762,-0.999954061010723));
#9904=DIRECTION('',(-1.68295323785322e-06,-0.9999540610093068,-0.009585190043141437));
#9905=AXIS2_PLACEMENT_3D('',#767,#9903,#9904);
#9906=PLANE('',#9905);
#9907=FACE_SURFACE('',(#9902),#9906,.T.);
#9908=POLY_LOOP('',(#768,#767,#766));
#9909=FACE_OUTER_BOUND('',#9908,.T.);
#9910=DIRECTION('',(6.768429430860051e-06,-0.9999540609383362,-0.00958519520504992));
#9911=DIRECTION('',(0.21490688025687799,-0.009359778234602286,0.976589692434676));
#9912=AXIS2_PLACEMENT_3D('',#768,#9910,#9911);
#9913=PLANE('',#9912);
#9914=FACE_SURFACE('',(#9909),#9913,.T.);
#9915=POLY_LOOP('',(#769,#767,#768));
#9916=FACE_OUTER_BOUND('',#9915,.T.);
#9917=DIRECTION('',(6.913115885499329e-06,-0.9999540606321721,-0.009585227041602359));
#9918=DIRECTION('',(-3.3651267525853185e-08,-0.009585227042064022,0.9999540606560638));
#9919=AXIS2_PLACEMENT_3D('',#769,#9917,#9918);
#9920=PLANE('',#9919);
#9921=FACE_SURFACE('',(#9916),#9920,.T.);
#9922=POLY_LOOP('',(#768,#761,#763));
#9923=FACE_OUTER_BOUND('',#9922,.T.);
#9924=DIRECTION('',(0.9999999999986614,-1.636131821098283e-06,-1.568314210502867e-08));
#9925=DIRECTION('',(-1.3463642979065511e-06,-0.8282658518037889,0.5603353270443793));
#9926=AXIS2_PLACEMENT_3D('',#768,#9924,#9925);
#9927=PLANE('',#9926);
#9928=FACE_SURFACE('',(#9923),#9927,.T.);
#9929=POLY_LOOP('',(#766,#761,#768));
#9930=FACE_OUTER_BOUND('',#9929,.T.);
#9931=DIRECTION('',(0.9999999999986613,-1.6361319717615636e-06,-1.5683364809620894e-08));
#9932=DIRECTION('',(-1.6362071375446734e-06,-0.9999540609753703,-0.009585193591582686));
#9933=AXIS2_PLACEMENT_3D('',#766,#9931,#9932);
#9934=PLANE('',#9933);
#9935=FACE_SURFACE('',(#9930),#9934,.T.);
#9936=POLY_LOOP('',(#770,#771,#772));
#9937=FACE_OUTER_BOUND('',#9936,.T.);
#9938=DIRECTION('',(-0.7071084133879549,-0.707072665329109,-0.00677773268571125));
#9939=DIRECTION('',(-0.059671446231563736,0.050117987766979115,0.9969591294565803));
#9940=AXIS2_PLACEMENT_3D('',#770,#9938,#9939);
#9941=PLANE('',#9940);
#9942=FACE_SURFACE('',(#9937),#9941,.T.);
#9943=POLY_LOOP('',(#773,#771,#770));
#9944=FACE_OUTER_BOUND('',#9943,.T.);
#9945=DIRECTION('',(-0.7071093960522405,-0.7070716815759313,-0.006777840955675001));
#9946=DIRECTION('',(-0.5773495873814005,0.5828614100914797,-0.5717867002446791));
#9947=AXIS2_PLACEMENT_3D('',#773,#9945,#9946);
#9948=PLANE('',#9947);
#9949=FACE_SURFACE('',(#9944),#9948,.T.);
#9950=POLY_LOOP('',(#774,#772,#771));
#9951=FACE_OUTER_BOUND('',#9950,.T.);
#9952=DIRECTION('',(-0.9999999999979323,2.033478307985314e-06,1.949215840114796e-08));
#9953=DIRECTION('',(-1.6712693973446497e-06,-0.8163407963496553,-0.5775705188220895));
#9954=AXIS2_PLACEMENT_3D('',#774,#9952,#9953);
#9955=PLANE('',#9954);
#9956=FACE_SURFACE('',(#9951),#9955,.T.);
#9957=POLY_LOOP('',(#763,#762,#775));
#9958=FACE_OUTER_BOUND('',#9957,.T.);
#9959=DIRECTION('',(0.707108809169026,-0.7070722698240971,-0.006777701775783202));
#9960=DIRECTION('',(-0.05983340993784242,-0.06938177271325438,0.9957942220511106));
#9961=AXIS2_PLACEMENT_3D('',#763,#9959,#9960);
#9962=PLANE('',#9961);
#9963=FACE_SURFACE('',(#9958),#9962,.T.);
#9964=POLY_LOOP('',(#776,#772,#774));
#9965=FACE_OUTER_BOUND('',#9964,.T.);
#9966=DIRECTION('',(-0.9999999999979323,2.0334783072924693e-06,1.9492159380417165e-08));
#9967=DIRECTION('',(-2.0335717274063267e-06,-0.9999540606385842,-0.009585228649935884));
#9968=AXIS2_PLACEMENT_3D('',#776,#9966,#9967);
#9969=PLANE('',#9968);
#9970=FACE_SURFACE('',(#9965),#9969,.T.);
#9971=POLY_LOOP('',(#16,#777,#776));
#9972=FACE_OUTER_BOUND('',#9971,.T.);
#9973=DIRECTION('',(-0.014457484946431766,-0.009584153988874697,0.9998495512432565));
#9974=DIRECTION('',(-1.6829555984014977e-06,-0.9999540611044918,-0.009585180113162485));
#9975=AXIS2_PLACEMENT_3D('',#16,#9973,#9974);
#9976=PLANE('',#9975);
#9977=FACE_SURFACE('',(#9972),#9976,.T.);
#9978=POLY_LOOP('',(#772,#778,#770));
#9979=FACE_OUTER_BOUND('',#9978,.T.);
#9980=DIRECTION('',(-0.010223620831073874,-0.7138535994120283,0.7002203340260792));
#9981=DIRECTION('',(-0.950023867398067,-0.2115643006201357,-0.22955434667444824));
#9982=AXIS2_PLACEMENT_3D('',#772,#9980,#9981);
#9983=PLANE('',#9982);
#9984=FACE_SURFACE('',(#9979),#9983,.T.);
#9985=POLY_LOOP('',(#777,#778,#772));
#9986=FACE_OUTER_BOUND('',#9985,.T.);
#9987=DIRECTION('',(-0.010223958034134567,-0.7138528779355057,0.7002210646255312));
#9988=DIRECTION('',(-0.5745455632643162,-0.5689332453168009,-0.5883981289115241));
#9989=AXIS2_PLACEMENT_3D('',#777,#9987,#9988);
#9990=PLANE('',#9989);
#9991=FACE_SURFACE('',(#9986),#9990,.T.);
#9992=POLY_LOOP('',(#777,#779,#778));
#9993=FACE_OUTER_BOUND('',#9992,.T.);
#9994=DIRECTION('',(0.7071077164095205,-0.707073361466176,-0.006777824063476806));
#9995=DIRECTION('',(-0.059444468812867295,-0.06899326735254471,0.9958445080370611));
#9996=AXIS2_PLACEMENT_3D('',#777,#9994,#9995);
#9997=PLANE('',#9996);
#9998=FACE_SURFACE('',(#9993),#9997,.T.);
#9999=POLY_LOOP('',(#15,#779,#777));
#10000=FACE_OUTER_BOUND('',#9999,.T.);
#10001=DIRECTION('',(0.7071095201176784,-0.707071559894268,-0.006777591580590394));
#10002=DIRECTION('',(-0.5773487731448416,-0.5828606114437076,0.5717883365158943));
#10003=AXIS2_PLACEMENT_3D('',#15,#10001,#10002);
#10004=PLANE('',#10003);
#10005=FACE_SURFACE('',(#10000),#10004,.T.);
#10006=POLY_LOOP('',(#773,#15,#771));
#10007=FACE_OUTER_BOUND('',#10006,.T.);
#10008=DIRECTION('',(-1.7234904834732066e-06,-0.7002932851255076,-0.7138552477954856));
#10009=DIRECTION('',(-0.9529203996818892,0.21645674266646459,-0.21234215413886232));
#10010=AXIS2_PLACEMENT_3D('',#773,#10008,#10009);
#10011=PLANE('',#10010);
#10012=FACE_SURFACE('',(#10007),#10011,.T.);
#10013=POLY_LOOP('',(#779,#15,#773));
#10014=FACE_OUTER_BOUND('',#10013,.T.);
#10015=DIRECTION('',(-1.6398965075232187e-06,-0.700293097590247,-0.7138554317680628));
#10016=DIRECTION('',(0.5773487731448416,0.5828606114437076,-0.5717883365158943));
#10017=AXIS2_PLACEMENT_3D('',#779,#10015,#10016);
#10018=PLANE('',#10017);
#10019=FACE_SURFACE('',(#10014),#10018,.T.);
#10020=POLY_LOOP('',(#14,#771,#15));
#10021=FACE_OUTER_BOUND('',#10020,.T.);
#10022=DIRECTION('',(2.3590101873294523e-08,0.009585193591555815,-0.9999540609767089));
#10023=DIRECTION('',(0.15023429441196157,-0.9886050043292984,-0.009476402144693731));
#10024=AXIS2_PLACEMENT_3D('',#14,#10022,#10023);
#10025=PLANE('',#10024);
#10026=FACE_SURFACE('',(#10021),#10025,.T.);
#10027=POLY_LOOP('',(#774,#771,#14));
#10028=FACE_OUTER_BOUND('',#10027,.T.);
#10029=DIRECTION('',(2.3590047444441718e-08,0.009585193591547544,-0.999954060976709));
#10030=DIRECTION('',(-2.0335717280897544e-06,-0.9999540609746413,-0.009585193591575699));
#10031=AXIS2_PLACEMENT_3D('',#774,#10029,#10030);
#10032=PLANE('',#10031);
#10033=FACE_SURFACE('',(#10028),#10032,.T.);
#10034=POLY_LOOP('',(#16,#774,#14));
#10035=FACE_OUTER_BOUND('',#10034,.T.);
#10036=DIRECTION('',(-2.460979373526575e-06,-0.999954060101547,-0.009585284574562128));
#10037=DIRECTION('',(0.2134790907343151,-0.00936484642123689,0.976902747191734));
#10038=AXIS2_PLACEMENT_3D('',#16,#10036,#10037);
#10039=PLANE('',#10038);
#10040=FACE_SURFACE('',(#10035),#10039,.T.);
#10041=POLY_LOOP('',(#776,#774,#16));
#10042=FACE_OUTER_BOUND('',#10041,.T.);
#10043=DIRECTION('',(-2.920820398661647e-06,-0.999954061063461,-0.009585184096355845));
#10044=DIRECTION('',(0.0,-0.009585184096396731,0.9999540610677263));
#10045=AXIS2_PLACEMENT_3D('',#776,#10043,#10044);
#10046=PLANE('',#10045);
#10047=FACE_SURFACE('',(#10042),#10046,.T.);
#10048=POLY_LOOP('',(#16,#15,#777));
#10049=FACE_OUTER_BOUND('',#10048,.T.);
#10050=DIRECTION('',(0.9999999999985836,-1.6830393756128707e-06,6.739825092523753e-10));
#10051=DIRECTION('',(-1.391291620745344e-06,-0.8264287579410744,0.5630413022559154));
#10052=AXIS2_PLACEMENT_3D('',#16,#10050,#10051);
#10053=PLANE('',#10052);
#10054=FACE_SURFACE('',(#10049),#10053,.T.);
#10055=POLY_LOOP('',(#776,#777,#772));
#10056=FACE_OUTER_BOUND('',#10055,.T.);
#10057=DIRECTION('',(-0.01445719897897277,-0.009584197492001137,0.9998495549612034));
#10058=DIRECTION('',(-0.15023761271776676,-0.9885812923427169,-0.01164852586682287));
#10059=AXIS2_PLACEMENT_3D('',#776,#10057,#10058);
#10060=PLANE('',#10059);
#10061=FACE_SURFACE('',(#10056),#10060,.T.);
#10062=POLY_LOOP('',(#763,#775,#780));
#10063=FACE_OUTER_BOUND('',#10062,.T.);
#10064=DIRECTION('',(0.01872647970308854,-0.7138415469626123,0.7000568296845298));
#10065=DIRECTION('',(-0.582382614169039,-0.5769230027936683,-0.5727044085400191));
#10066=AXIS2_PLACEMENT_3D('',#763,#10064,#10065);
#10067=PLANE('',#10066);
#10068=FACE_SURFACE('',(#10063),#10067,.T.);
#10069=POLY_LOOP('',(#780,#775,#781));
#10070=FACE_OUTER_BOUND('',#10069,.T.);
#10071=DIRECTION('',(0.018730286850250154,-0.7138503991911147,0.7000477011812792));
#10072=DIRECTION('',(-0.957800483430435,-0.2136711034907443,-0.19225736259886844));
#10073=AXIS2_PLACEMENT_3D('',#780,#10071,#10072);
#10074=PLANE('',#10073);
#10075=FACE_SURFACE('',(#10070),#10074,.T.);
#10076=POLY_LOOP('',(#768,#763,#769));
#10077=FACE_OUTER_BOUND('',#10076,.T.);
#10078=DIRECTION('',(0.026485948086936828,-0.009581861725661113,0.9996032625395969));
#10079=DIRECTION('',(-1.6362069847536501e-06,-0.9999540610959794,-0.00958518100931284));
#10080=AXIS2_PLACEMENT_3D('',#768,#10078,#10079);
#10081=PLANE('',#10080);
#10082=FACE_SURFACE('',(#10077),#10081,.T.);
#10083=POLY_LOOP('',(#752,#760,#755));
#10084=FACE_OUTER_BOUND('',#10083,.T.);
#10085=DIRECTION('',(0.7601794765126662,0.013242508078825151,0.6495781704065423));
#10086=DIRECTION('',(-0.04825738132143045,-0.9958798234627724,0.07677631384584402));
#10087=AXIS2_PLACEMENT_3D('',#752,#10085,#10086);
#10088=PLANE('',#10087);
#10089=FACE_SURFACE('',(#10084),#10088,.T.);
#10090=POLY_LOOP('',(#782,#754,#709));
#10091=FACE_OUTER_BOUND('',#10090,.T.);
#10092=DIRECTION('',(0.9651847009209085,0.011144220644598805,0.26133178041417254));
#10093=DIRECTION('',(0.037763497221645306,0.9826879737984051,-0.18137878715433053));
#10094=AXIS2_PLACEMENT_3D('',#782,#10092,#10093);
#10095=PLANE('',#10094);
#10096=FACE_SURFACE('',(#10091),#10095,.T.);
#10097=POLY_LOOP('',(#782,#753,#754));
#10098=FACE_OUTER_BOUND('',#10097,.T.);
#10099=DIRECTION('',(0.9437967119514095,0.024568915698706756,0.32961209761035504));
#10100=DIRECTION('',(0.038298486878162785,0.9823874556214852,-0.18288825260357106));
#10101=AXIS2_PLACEMENT_3D('',#782,#10099,#10100);
#10102=PLANE('',#10101);
#10103=FACE_SURFACE('',(#10098),#10102,.T.);
#10104=POLY_LOOP('',(#760,#753,#782));
#10105=FACE_OUTER_BOUND('',#10104,.T.);
#10106=DIRECTION('',(0.980731180933428,-0.0018655734804445335,0.195353193934762));
#10107=DIRECTION('',(-2.1102355370190112e-05,0.999953386847094,0.009655241463393756));
#10108=AXIS2_PLACEMENT_3D('',#760,#10106,#10107);
#10109=PLANE('',#10108);
#10110=FACE_SURFACE('',(#10105),#10109,.T.);
#10111=POLY_LOOP('',(#760,#751,#753));
#10112=FACE_OUTER_BOUND('',#10111,.T.);
#10113=DIRECTION('',(0.9127707586685088,-0.003924637050138952,0.4084533502662691));
#10114=DIRECTION('',(0.020818510323678607,0.9991012283924584,-0.03692323188161489));
#10115=AXIS2_PLACEMENT_3D('',#760,#10113,#10114);
#10116=PLANE('',#10115);
#10117=FACE_SURFACE('',(#10112),#10116,.T.);
#10118=POLY_LOOP('',(#752,#751,#760));
#10119=FACE_OUTER_BOUND('',#10118,.T.);
#10120=DIRECTION('',(0.8237939325094588,0.0037841598787428216,0.5668767387136407));
#10121=DIRECTION('',(-0.5668727253112772,-0.002163728851429058,0.8238025440453693));
#10122=AXIS2_PLACEMENT_3D('',#752,#10120,#10121);
#10123=PLANE('',#10122);
#10124=FACE_SURFACE('',(#10119),#10123,.T.);
#10125=POLY_LOOP('',(#783,#749,#750));
#10126=FACE_OUTER_BOUND('',#10125,.T.);
#10127=DIRECTION('',(0.9987643129775723,0.0005214933955129186,-0.04969482032442284));
#10128=DIRECTION('',(-0.007553924222517473,0.9899193944670895,-0.14143030328310577));
#10129=AXIS2_PLACEMENT_3D('',#783,#10127,#10128);
#10130=PLANE('',#10129);
#10131=FACE_SURFACE('',(#10126),#10130,.T.);
#10132=POLY_LOOP('',(#783,#711,#749));
#10133=FACE_OUTER_BOUND('',#10132,.T.);
#10134=DIRECTION('',(0.9993569812783945,0.012430929647362844,0.03363177007291192));
#10135=DIRECTION('',(-0.003382400853954944,0.9664794003794305,-0.25672188844482957));
#10136=AXIS2_PLACEMENT_3D('',#783,#10134,#10135);
#10137=PLANE('',#10136);
#10138=FACE_SURFACE('',(#10133),#10137,.T.);
#10139=POLY_LOOP('',(#782,#711,#783));
#10140=FACE_OUTER_BOUND('',#10139,.T.);
#10141=DIRECTION('',(0.9999208010496058,0.0001566950437327388,-0.012584398077698539));
#10142=DIRECTION('',(-3.1418090613598774e-05,0.9999504520169521,0.009954522791008166));
#10143=AXIS2_PLACEMENT_3D('',#782,#10141,#10142);
#10144=PLANE('',#10143);
#10145=FACE_SURFACE('',(#10140),#10144,.T.);
#10146=POLY_LOOP('',(#782,#708,#711));
#10147=FACE_OUTER_BOUND('',#10146,.T.);
#10148=DIRECTION('',(0.9955668127565677,-0.0009050153508096318,0.09405265697971532));
#10149=DIRECTION('',(0.001092402998823793,0.9999975197729217,-0.0019409028036075377));
#10150=AXIS2_PLACEMENT_3D('',#782,#10148,#10149);
#10151=PLANE('',#10150);
#10152=FACE_SURFACE('',(#10147),#10151,.T.);
#10153=POLY_LOOP('',(#709,#708,#782));
#10154=FACE_OUTER_BOUND('',#10153,.T.);
#10155=DIRECTION('',(0.988519319805637,-0.0007866076144395388,0.15109247373533008));
#10156=DIRECTION('',(-0.1307984704564237,0.4961478303424282,0.8583292436896003));
#10157=AXIS2_PLACEMENT_3D('',#709,#10155,#10156);
#10158=PLANE('',#10157);
#10159=FACE_SURFACE('',(#10154),#10158,.T.);
#10160=POLY_LOOP('',(#784,#785,#786));
#10161=FACE_OUTER_BOUND('',#10160,.T.);
#10162=DIRECTION('',(0.9761385382450988,0.0020798444215519678,-0.217138730768843));
#10163=DIRECTION('',(-0.022945340347288633,0.9953439337145006,-0.09361605083579919));
#10164=AXIS2_PLACEMENT_3D('',#784,#10162,#10163);
#10165=PLANE('',#10164);
#10166=FACE_SURFACE('',(#10161),#10165,.T.);
#10167=POLY_LOOP('',(#784,#746,#785));
#10168=FACE_OUTER_BOUND('',#10167,.T.);
#10169=DIRECTION('',(0.9899185010717084,0.009528821668211796,-0.141317241671203));
#10170=DIRECTION('',(-0.04052393715373162,0.975080381256217,-0.21811937237850043));
#10171=AXIS2_PLACEMENT_3D('',#784,#10169,#10170);
#10172=PLANE('',#10171);
#10173=FACE_SURFACE('',(#10168),#10172,.T.);
#10174=POLY_LOOP('',(#783,#746,#784));
#10175=FACE_OUTER_BOUND('',#10174,.T.);
#10176=DIRECTION('',(0.9844967817696131,0.0016806079058301014,-0.1753945901170891));
#10177=DIRECTION('',(2.7816685218030237e-06,0.9999539473387944,0.009597040889046525));
#10178=AXIS2_PLACEMENT_3D('',#783,#10176,#10177);
#10179=PLANE('',#10178);
#10180=FACE_SURFACE('',(#10175),#10179,.T.);
#10181=POLY_LOOP('',(#750,#746,#783));
#10182=FACE_OUTER_BOUND('',#10181,.T.);
#10183=DIRECTION('',(0.9954294875644092,0.0009137428132611913,-0.09549502794035378));
#10184=DIRECTION('',(0.0780502651073083,0.5684226248046386,0.819026175239158));
#10185=AXIS2_PLACEMENT_3D('',#750,#10183,#10184);
#10186=PLANE('',#10185);
#10187=FACE_SURFACE('',(#10182),#10186,.T.);
#10188=POLY_LOOP('',(#787,#788,#789));
#10189=FACE_OUTER_BOUND('',#10188,.T.);
#10190=DIRECTION('',(0.15739730562998172,0.009465468516404778,-0.9874899964486663));
#10191=DIRECTION('',(0.1858354820949658,0.9818053334385438,0.039031536302859944));
#10192=AXIS2_PLACEMENT_3D('',#787,#10190,#10191);
#10193=PLANE('',#10192);
#10194=FACE_SURFACE('',(#10189),#10193,.T.);
#10195=POLY_LOOP('',(#787,#790,#788));
#10196=FACE_OUTER_BOUND('',#10195,.T.);
#10197=DIRECTION('',(0.157397778716822,0.009465376008326653,-0.9874899219293488));
#10198=DIRECTION('',(2.1491258713088386e-06,0.9999540609998842,0.009585190932948724));
#10199=AXIS2_PLACEMENT_3D('',#787,#10197,#10198);
#10200=PLANE('',#10199);
#10201=FACE_SURFACE('',(#10196),#10200,.T.);
#10202=POLY_LOOP('',(#791,#790,#787));
#10203=FACE_OUTER_BOUND('',#10202,.T.);
#10204=DIRECTION('',(0.2136948109776262,0.009363318288933376,-0.9768555963047233));
#10205=DIRECTION('',(0.9769004697293573,-0.0020501998688283057,0.21368497589456065));
#10206=AXIS2_PLACEMENT_3D('',#791,#10204,#10205);
#10207=PLANE('',#10206);
#10208=FACE_SURFACE('',(#10203),#10207,.T.);
#10209=POLY_LOOP('',(#792,#793,#791));
#10210=FACE_OUTER_BOUND('',#10209,.T.);
#10211=DIRECTION('',(0.2626960675001334,0.008783373196136658,-0.964838654115424));
#10212=DIRECTION('',(-0.03820951394473292,0.999268895827154,-0.0013064748325068156));
#10213=AXIS2_PLACEMENT_3D('',#792,#10211,#10212);
#10214=PLANE('',#10213);
#10215=FACE_SURFACE('',(#10210),#10214,.T.);
#10216=POLY_LOOP('',(#792,#786,#793));
#10217=FACE_OUTER_BOUND('',#10216,.T.);
#10218=DIRECTION('',(0.3092836892639615,0.010582975495024858,-0.9509109317832797));
#10219=DIRECTION('',(-0.07928248852671123,0.9967438920725161,-0.014693557402634004));
#10220=AXIS2_PLACEMENT_3D('',#792,#10218,#10219);
#10221=PLANE('',#10220);
#10222=FACE_SURFACE('',(#10217),#10221,.T.);
#10223=POLY_LOOP('',(#784,#786,#792));
#10224=FACE_OUTER_BOUND('',#10223,.T.);
#10225=DIRECTION('',(0.2924519791791924,0.00916565230871912,-0.9562362839235546));
#10226=DIRECTION('',(1.6039978291639035e-06,0.9999540610712541,0.00958518359416623));
#10227=AXIS2_PLACEMENT_3D('',#784,#10225,#10226);
#10228=PLANE('',#10227);
#10229=FACE_SURFACE('',(#10224),#10228,.T.);
#10230=POLY_LOOP('',(#787,#792,#791));
#10231=FACE_OUTER_BOUND('',#10230,.T.);
#10232=DIRECTION('',(0.22314169059904518,0.009956933523220758,-0.9747351667973276));
#10233=DIRECTION('',(-0.9747860103675045,0.002134537355787497,-0.22313152565713423));
#10234=AXIS2_PLACEMENT_3D('',#787,#10232,#10233);
#10235=PLANE('',#10234);
#10236=FACE_SURFACE('',(#10231),#10235,.T.);
#10237=POLY_LOOP('',(#781,#765,#780));
#10238=FACE_OUTER_BOUND('',#10237,.T.);
#10239=DIRECTION('',(-0.7071101838877155,-0.7070708943734351,-0.006777770446966863));
#10240=DIRECTION('',(-0.05941477684510224,0.04986125548173079,0.9969873316618584));
#10241=AXIS2_PLACEMENT_3D('',#781,#10239,#10240);
#10242=PLANE('',#10241);
#10243=FACE_SURFACE('',(#10238),#10242,.T.);
#10244=POLY_LOOP('',(#764,#765,#781));
#10245=FACE_OUTER_BOUND('',#10244,.T.);
#10246=DIRECTION('',(-0.707110707615661,-0.7070703700654628,-0.0067778278798257844));
#10247=DIRECTION('',(-0.5773473519614817,0.582861338369697,-0.5717890305147089));
#10248=AXIS2_PLACEMENT_3D('',#764,#10246,#10247);
#10249=PLANE('',#10248);
#10250=FACE_SURFACE('',(#10245),#10249,.T.);
#10251=POLY_LOOP('',(#767,#780,#765));
#10252=FACE_OUTER_BOUND('',#10251,.T.);
#10253=DIRECTION('',(-0.9999999999985831,1.683198477885677e-06,-1.7518233324071298e-08));
#10254=DIRECTION('',(-1.3630255311870997e-06,-0.8158021108051539,-0.5783311473576344));
#10255=AXIS2_PLACEMENT_3D('',#767,#10253,#10254);
#10256=PLANE('',#10255);
#10257=FACE_SURFACE('',(#10252),#10256,.T.);
#10258=POLY_LOOP('',(#769,#780,#767));
#10259=FACE_OUTER_BOUND('',#10258,.T.);
#10260=DIRECTION('',(-0.9999999999985831,1.683198477470568e-06,-1.7518232738512558e-08));
#10261=DIRECTION('',(-1.6829532382302812e-06,-0.999954061233344,-0.009585166670938443));
#10262=AXIS2_PLACEMENT_3D('',#769,#10260,#10261);
#10263=PLANE('',#10262);
#10264=FACE_SURFACE('',(#10259),#10263,.T.);
#10265=POLY_LOOP('',(#769,#763,#780));
#10266=FACE_OUTER_BOUND('',#10265,.T.);
#10267=DIRECTION('',(0.026485861968086315,-0.009581848652105429,0.9996032649467564));
#10268=DIRECTION('',(-0.15023658250969105,-0.9886347978070262,-0.005495984067414701));
#10269=AXIS2_PLACEMENT_3D('',#769,#10267,#10268);
#10270=PLANE('',#10269);
#10271=FACE_SURFACE('',(#10266),#10270,.T.);
#10272=POLY_LOOP('',(#746,#748,#785));
#10273=FACE_OUTER_BOUND('',#10272,.T.);
#10274=DIRECTION('',(0.8495309878420506,-0.47516634158875337,0.2291594390752208));
#10275=DIRECTION('',(0.35356907376978686,0.8352392313229934,0.42114645496851816));
#10276=AXIS2_PLACEMENT_3D('',#746,#10274,#10275);
#10277=PLANE('',#10276);
#10278=FACE_SURFACE('',(#10273),#10277,.T.);
#10279=POLY_LOOP('',(#701,#702,#794));
#10280=FACE_OUTER_BOUND('',#10279,.T.);
#10281=DIRECTION('',(-0.3216881875762655,-0.3844190818367428,0.8652968736183513));
#10282=DIRECTION('',(-0.6158092875466481,0.7791295392584408,0.11720103423698643));
#10283=AXIS2_PLACEMENT_3D('',#701,#10281,#10282);
#10284=PLANE('',#10283);
#10285=FACE_SURFACE('',(#10280),#10284,.T.);
#10286=POLY_LOOP('',(#785,#748,#793));
#10287=FACE_OUTER_BOUND('',#10286,.T.);
#10288=DIRECTION('',(0.8579646205315041,-0.4766111800421423,0.19167288012410327));
#10289=DIRECTION('',(0.4719499655615789,0.8786547469749058,0.07231227852093161));
#10290=AXIS2_PLACEMENT_3D('',#785,#10288,#10289);
#10291=PLANE('',#10290);
#10292=FACE_SURFACE('',(#10287),#10291,.T.);
#10293=POLY_LOOP('',(#704,#795,#726));
#10294=FACE_OUTER_BOUND('',#10293,.T.);
#10295=DIRECTION('',(0.7074621809285281,-0.5752354585872005,0.4106110443471094));
#10296=DIRECTION('',(-0.06912459056228523,-0.634516473922359,-0.7698120779130013));
#10297=AXIS2_PLACEMENT_3D('',#704,#10295,#10296);
#10298=PLANE('',#10297);
#10299=FACE_SURFACE('',(#10294),#10298,.T.);
#10300=POLY_LOOP('',(#637,#796,#631));
#10301=FACE_OUTER_BOUND('',#10300,.T.);
#10302=DIRECTION('',(-0.21369516412522324,0.009364145008628495,-0.9768555111262622));
#10303=DIRECTION('',(-0.06183159763787862,-0.9980787459861108,0.003958578575708512));
#10304=AXIS2_PLACEMENT_3D('',#637,#10302,#10303);
#10305=PLANE('',#10304);
#10306=FACE_SURFACE('',(#10301),#10305,.T.);
#10307=POLY_LOOP('',(#638,#796,#637));
#10308=FACE_OUTER_BOUND('',#10307,.T.);
#10309=DIRECTION('',(-0.2451454925454775,0.011342003267912536,-0.969419953604477));
#10310=DIRECTION('',(-0.09783577026581992,-0.9951163783957732,0.013097919872034108));
#10311=AXIS2_PLACEMENT_3D('',#638,#10309,#10310);
#10312=PLANE('',#10311);
#10313=FACE_SURFACE('',(#10308),#10312,.T.);
#10314=POLY_LOOP('',(#638,#797,#796));
#10315=FACE_OUTER_BOUND('',#10314,.T.);
#10316=DIRECTION('',(-0.25357004082831874,0.012198961989556252,-0.9672401044832158));
#10317=DIRECTION('',(0.06393221003374382,-0.9975228134887013,-0.02934125235546146));
#10318=AXIS2_PLACEMENT_3D('',#638,#10316,#10317);
#10319=PLANE('',#10318);
#10320=FACE_SURFACE('',(#10315),#10319,.T.);
#10321=POLY_LOOP('',(#640,#797,#638));
#10322=FACE_OUTER_BOUND('',#10321,.T.);
#10323=DIRECTION('',(-0.29553914911218,0.009157523179590295,-0.9552867376402041));
#10324=DIRECTION('',(-1.7109282733561549e-06,-0.9999540610903294,-0.009585181585680875));
#10325=AXIS2_PLACEMENT_3D('',#640,#10323,#10324);
#10326=PLANE('',#10325);
#10327=FACE_SURFACE('',(#10322),#10326,.T.);
#10328=POLY_LOOP('',(#629,#798,#627));
#10329=FACE_OUTER_BOUND('',#10328,.T.);
#10330=DIRECTION('',(-0.06367425205612409,0.009565854819905417,-0.9979248889804572));
#10331=DIRECTION('',(0.07141374796345308,-0.997346874105578,-0.014116986705553308));
#10332=AXIS2_PLACEMENT_3D('',#629,#10330,#10331);
#10333=PLANE('',#10332);
#10334=FACE_SURFACE('',(#10329),#10333,.T.);
#10335=POLY_LOOP('',(#635,#798,#629));
#10336=FACE_OUTER_BOUND('',#10335,.T.);
#10337=DIRECTION('',(-0.06367421992549548,0.009565857149280845,-0.9979248910082759));
#10338=DIRECTION('',(-1.7909356599575076e-06,-0.9999540609712967,-0.009585193988897392));
#10339=AXIS2_PLACEMENT_3D('',#635,#10337,#10338);
#10340=PLANE('',#10339);
#10341=FACE_SURFACE('',(#10336),#10340,.T.);
#10342=POLY_LOOP('',(#639,#797,#640));
#10343=FACE_OUTER_BOUND('',#10342,.T.);
#10344=DIRECTION('',(-0.9757776627663727,0.0020985678820415214,-0.21875454020211657));
#10345=DIRECTION('',(-0.022184468318828855,-0.9957483766451594,0.08940368993470481));
#10346=AXIS2_PLACEMENT_3D('',#639,#10344,#10345);
#10347=PLANE('',#10346);
#10348=FACE_SURFACE('',(#10343),#10347,.T.);
#10349=POLY_LOOP('',(#639,#799,#797));
#10350=FACE_OUTER_BOUND('',#10349,.T.);
#10351=DIRECTION('',(-0.9842580563597614,0.006069398374698129,-0.17663306851853713));
#10352=DIRECTION('',(0.015378778158575164,-0.9926782412763808,-0.11980568633742188));
#10353=AXIS2_PLACEMENT_3D('',#639,#10351,#10352);
#10354=PLANE('',#10353);
#10355=FACE_SURFACE('',(#10350),#10354,.T.);
#10356=POLY_LOOP('',(#800,#799,#639));
#10357=FACE_OUTER_BOUND('',#10356,.T.);
#10358=DIRECTION('',(-0.9904095431211302,0.0013303639435461462,-0.13815631374053133));
#10359=DIRECTION('',(9.834687617719541e-06,-0.999952959076639,-0.009699460662975898));
#10360=AXIS2_PLACEMENT_3D('',#800,#10358,#10359);
#10361=PLANE('',#10360);
#10362=FACE_SURFACE('',(#10357),#10361,.T.);
#10363=POLY_LOOP('',(#801,#802,#645));
#10364=FACE_OUTER_BOUND('',#10363,.T.);
#10365=DIRECTION('',(-0.9967933041822196,-0.0007741587742235013,0.08001568231094103));
#10366=DIRECTION('',(5.37115606387257e-05,0.9999465012595986,0.01034368086108163));
#10367=AXIS2_PLACEMENT_3D('',#801,#10365,#10366);
#10368=PLANE('',#10367);
#10369=FACE_SURFACE('',(#10364),#10368,.T.);
#10370=POLY_LOOP('',(#801,#803,#802));
#10371=FACE_OUTER_BOUND('',#10370,.T.);
#10372=DIRECTION('',(-0.9996810348630918,-0.00020754028066160364,0.025254414704952793));
#10373=DIRECTION('',(0.002608965101264405,0.9937676160150757,0.1114410995136596));
#10374=AXIS2_PLACEMENT_3D('',#801,#10372,#10373);
#10375=PLANE('',#10374);
#10376=FACE_SURFACE('',(#10371),#10375,.T.);
#10377=POLY_LOOP('',(#799,#803,#801));
#10378=FACE_OUTER_BOUND('',#10377,.T.);
#10379=DIRECTION('',(-0.9997497211309967,0.005068211548582601,-0.021790097067085835));
#10380=DIRECTION('',(0.00776266707631961,0.9920747259183881,-0.12540924684335378));
#10381=AXIS2_PLACEMENT_3D('',#799,#10379,#10380);
#10382=PLANE('',#10381);
#10383=FACE_SURFACE('',(#10378),#10382,.T.);
#10384=POLY_LOOP('',(#631,#796,#804));
#10385=FACE_OUTER_BOUND('',#10384,.T.);
#10386=DIRECTION('',(-0.17525006518110045,0.00943715292413959,-0.9844787223697151));
#10387=DIRECTION('',(-1.701389181653756e-06,-0.9999540609549987,-0.009585195705466908));
#10388=AXIS2_PLACEMENT_3D('',#631,#10386,#10387);
#10389=PLANE('',#10388);
#10390=FACE_SURFACE('',(#10385),#10389,.T.);
#10391=POLY_LOOP('',(#799,#805,#803));
#10392=FACE_OUTER_BOUND('',#10391,.T.);
#10393=DIRECTION('',(-0.9985115120603474,0.0009193793499703248,-0.054533613712732194));
#10394=DIRECTION('',(0.0009154702664561247,0.9999995762851777,9.666259122384067e-05));
#10395=AXIS2_PLACEMENT_3D('',#799,#10393,#10394);
#10396=PLANE('',#10395);
#10397=FACE_SURFACE('',(#10392),#10396,.T.);
#10398=POLY_LOOP('',(#700,#801,#645));
#10399=FACE_OUTER_BOUND('',#10398,.T.);
#10400=DIRECTION('',(-0.9889151006434898,0.00032198244659185736,0.1484817162029752));
#10401=DIRECTION('',(0.019363682439577867,-0.991178039075183,0.1311149978356943));
#10402=AXIS2_PLACEMENT_3D('',#700,#10400,#10401);
#10403=PLANE('',#10402);
#10404=FACE_SURFACE('',(#10399),#10403,.T.);
#10405=POLY_LOOP('',(#700,#806,#801));
#10406=FACE_OUTER_BOUND('',#10405,.T.);
#10407=DIRECTION('',(-0.9848804335295344,0.0036701374948118104,0.17319659852735345));
#10408=DIRECTION('',(-0.015546560856838778,-0.997613994678052,-0.0672653110304578));
#10409=AXIS2_PLACEMENT_3D('',#700,#10407,#10408);
#10410=PLANE('',#10409);
#10411=FACE_SURFACE('',(#10406),#10410,.T.);
#10412=POLY_LOOP('',(#807,#806,#700));
#10413=FACE_OUTER_BOUND('',#10412,.T.);
#10414=DIRECTION('',(-0.9658135414584252,-0.0024276556399432715,0.2592263675316009));
#10415=DIRECTION('',(-0.00032440517993302036,-0.9999440502501226,-0.010573132490397126));
#10416=AXIS2_PLACEMENT_3D('',#807,#10414,#10415);
#10417=PLANE('',#10416);
#10418=FACE_SURFACE('',(#10413),#10417,.T.);
#10419=POLY_LOOP('',(#808,#809,#604));
#10420=FACE_OUTER_BOUND('',#10419,.T.);
#10421=DIRECTION('',(-0.691683991207409,0.004320852102495789,0.7221873624929319));
#10422=DIRECTION('',(0.10476115225011588,0.9900056911736675,0.09441309455248736));
#10423=AXIS2_PLACEMENT_3D('',#808,#10421,#10422);
#10424=PLANE('',#10423);
#10425=FACE_SURFACE('',(#10420),#10424,.T.);
#10426=POLY_LOOP('',(#808,#626,#809));
#10427=FACE_OUTER_BOUND('',#10426,.T.);
#10428=DIRECTION('',(-0.763038946035254,0.019130631413135753,0.6460693351143849));
#10429=DIRECTION('',(0.1108670876894579,0.9886215749739077,0.10166548265447929));
#10430=AXIS2_PLACEMENT_3D('',#808,#10428,#10429);
#10431=PLANE('',#10430);
#10432=FACE_SURFACE('',(#10427),#10431,.T.);
#10433=POLY_LOOP('',(#810,#626,#808));
#10434=FACE_OUTER_BOUND('',#10433,.T.);
#10435=DIRECTION('',(-0.6393707826061932,-0.007365488057643036,0.7688632855945305));
#10436=DIRECTION('',(-2.145371885204215e-05,0.9999542882283627,0.009561432604286912));
#10437=AXIS2_PLACEMENT_3D('',#810,#10435,#10436);
#10438=PLANE('',#10437);
#10439=FACE_SURFACE('',(#10434),#10438,.T.);
#10440=POLY_LOOP('',(#810,#614,#626));
#10441=FACE_OUTER_BOUND('',#10440,.T.);
#10442=DIRECTION('',(-0.8232493668107284,-0.005445494150565808,0.567653791178383));
#10443=DIRECTION('',(0.022478876779201667,0.9988570200182142,0.042182385649443));
#10444=AXIS2_PLACEMENT_3D('',#810,#10442,#10443);
#10445=PLANE('',#10444);
#10446=FACE_SURFACE('',(#10441),#10445,.T.);
#10447=POLY_LOOP('',(#806,#614,#810));
#10448=FACE_OUTER_BOUND('',#10447,.T.);
#10449=DIRECTION('',(-0.8870762564197995,0.0004686677664628079,0.4616226767033425));
#10450=DIRECTION('',(-0.02780769654359532,0.9981292167767124,-0.054449964459547855));
#10451=AXIS2_PLACEMENT_3D('',#806,#10449,#10450);
#10452=PLANE('',#10451);
#10453=FACE_SURFACE('',(#10448),#10452,.T.);
#10454=POLY_LOOP('',(#806,#811,#614));
#10455=FACE_OUTER_BOUND('',#10454,.T.);
#10456=DIRECTION('',(-0.9071187876310426,-0.0023129451110592155,0.42086833500716214));
#10457=DIRECTION('',(-0.005859123081954719,0.9999573942434192,-0.00713304805967383));
#10458=AXIS2_PLACEMENT_3D('',#806,#10456,#10457);
#10459=PLANE('',#10458);
#10460=FACE_SURFACE('',(#10455),#10459,.T.);
#10461=POLY_LOOP('',(#807,#811,#806));
#10462=FACE_OUTER_BOUND('',#10461,.T.);
#10463=DIRECTION('',(-0.9440807909466927,-0.0031798631083699578,0.32969887569732304));
#10464=DIRECTION('',(-0.3029683109041521,-0.38614870602475576,-0.8712630942621705));
#10465=AXIS2_PLACEMENT_3D('',#807,#10463,#10464);
#10466=PLANE('',#10465);
#10467=FACE_SURFACE('',(#10462),#10466,.T.);
#10468=POLY_LOOP('',(#604,#603,#808));
#10469=FACE_OUTER_BOUND('',#10468,.T.);
#10470=DIRECTION('',(-0.5840335322032437,-0.007779214462175955,0.8116922551586618));
#10471=DIRECTION('',(-0.7300135465119678,0.44228203051841486,-0.5210247857727376));
#10472=AXIS2_PLACEMENT_3D('',#604,#10470,#10471);
#10473=PLANE('',#10472);
#10474=FACE_SURFACE('',(#10469),#10473,.T.);
#10475=POLY_LOOP('',(#812,#608,#609));
#10476=FACE_OUTER_BOUND('',#10475,.T.);
#10477=DIRECTION('',(-0.29598111213525896,-0.009158708688473613,0.95514988316721));
#10478=DIRECTION('',(0.018248805499000993,0.9997173068385513,0.015240981114526903));
#10479=AXIS2_PLACEMENT_3D('',#812,#10477,#10478);
#10480=PLANE('',#10479);
#10481=FACE_SURFACE('',(#10476),#10480,.T.);
#10482=POLY_LOOP('',(#800,#805,#799));
#10483=FACE_OUTER_BOUND('',#10482,.T.);
#10484=DIRECTION('',(-0.9953896674319802,0.00092052085984008,-0.09590913726542641));
#10485=DIRECTION('',(0.07840671230569465,-0.5681313805382316,-0.819194190600211));
#10486=AXIS2_PLACEMENT_3D('',#800,#10484,#10485);
#10487=PLANE('',#10486);
#10488=FACE_SURFACE('',(#10483),#10487,.T.);
#10489=POLY_LOOP('',(#812,#813,#608));
#10490=FACE_OUTER_BOUND('',#10489,.T.);
#10491=DIRECTION('',(-0.34482213623709584,-0.008015374120322943,0.9386338200483706));
#10492=DIRECTION('',(0.14906550995183493,0.9868063173236766,0.06318833620916697));
#10493=AXIS2_PLACEMENT_3D('',#812,#10491,#10492);
#10494=PLANE('',#10493);
#10495=FACE_SURFACE('',(#10490),#10494,.T.);
#10496=POLY_LOOP('',(#631,#804,#633));
#10497=FACE_OUTER_BOUND('',#10496,.T.);
#10498=DIRECTION('',(-0.17525003684546198,0.009437150437354604,-0.9844787274376664));
#10499=DIRECTION('',(-0.08638967959829695,-0.9962443732478514,0.005828553070817354));
#10500=AXIS2_PLACEMENT_3D('',#631,#10498,#10499);
#10501=PLANE('',#10500);
#10502=FACE_SURFACE('',(#10497),#10501,.T.);
#10503=POLY_LOOP('',(#633,#798,#635));
#10504=FACE_OUTER_BOUND('',#10503,.T.);
#10505=DIRECTION('',(-0.14217024087072655,0.009488084313419343,-0.9897967462397628));
#10506=DIRECTION('',(-0.10194744368584788,-0.9947766746199916,0.00510748058362463));
#10507=AXIS2_PLACEMENT_3D('',#633,#10505,#10506);
#10508=PLANE('',#10507);
#10509=FACE_SURFACE('',(#10504),#10508,.T.);
#10510=POLY_LOOP('',(#609,#599,#701));
#10511=FACE_OUTER_BOUND('',#10510,.T.);
#10512=DIRECTION('',(-0.4085997981034971,-0.4021142596408925,0.8193597056136201));
#10513=DIRECTION('',(-0.5770345493960032,0.8093531616953986,0.10944673799165247));
#10514=AXIS2_PLACEMENT_3D('',#609,#10512,#10513);
#10515=PLANE('',#10514);
#10516=FACE_SURFACE('',(#10511),#10515,.T.);
#10517=POLY_LOOP('',(#599,#601,#702));
#10518=FACE_OUTER_BOUND('',#10517,.T.);
#10519=DIRECTION('',(-0.34809282372610245,-0.45009673588811183,0.8223407532241459));
#10520=DIRECTION('',(-0.6325827839899896,0.7601628257482076,0.14829531263655785));
#10521=AXIS2_PLACEMENT_3D('',#599,#10519,#10520);
#10522=PLANE('',#10521);
#10523=FACE_SURFACE('',(#10518),#10522,.T.);
#10524=POLY_LOOP('',(#612,#809,#626));
#10525=FACE_OUTER_BOUND('',#10524,.T.);
#10526=DIRECTION('',(-0.7442553721977643,-0.38968973320605726,0.5424258961264286));
#10527=DIRECTION('',(0.11448308332903795,-0.8745555982999754,-0.4712177088285716));
#10528=AXIS2_PLACEMENT_3D('',#612,#10526,#10527);
#10529=PLANE('',#10528);
#10530=FACE_SURFACE('',(#10525),#10529,.T.);
#10531=POLY_LOOP('',(#612,#604,#809));
#10532=FACE_OUTER_BOUND('',#10531,.T.);
#10533=DIRECTION('',(-0.7234423949846038,-0.39847240360105085,0.5637826218564581));
#10534=DIRECTION('',(-0.42869731840411585,-0.3808247770039173,-0.8192625332657638));
#10535=AXIS2_PLACEMENT_3D('',#612,#10533,#10534);
#10536=PLANE('',#10535);
#10537=FACE_SURFACE('',(#10532),#10536,.T.);
#10538=POLY_LOOP('',(#602,#604,#612));
#10539=FACE_OUTER_BOUND('',#10538,.T.);
#10540=DIRECTION('',(-0.7111777873097143,-0.4170050917076687,0.5659796006280948));
#10541=DIRECTION('',(0.4280162754199502,-0.8955026372875448,-0.12197169584245897));
#10542=AXIS2_PLACEMENT_3D('',#602,#10540,#10541);
#10543=PLANE('',#10542);
#10544=FACE_SURFACE('',(#10539),#10543,.T.);
#10545=POLY_LOOP('',(#611,#807,#700));
#10546=FACE_OUTER_BOUND('',#10545,.T.);
#10547=DIRECTION('',(-0.8041929914328785,-0.41345184683319625,0.427002579477522));
#10548=DIRECTION('',(0.3861869327461086,-0.9095775539862123,-0.1533894594182133));
#10549=AXIS2_PLACEMENT_3D('',#611,#10547,#10548);
#10550=PLANE('',#10549);
#10551=FACE_SURFACE('',(#10546),#10550,.T.);
#10552=POLY_LOOP('',(#611,#811,#807));
#10553=FACE_OUTER_BOUND('',#10552,.T.);
#10554=DIRECTION('',(-0.7885459798338722,-0.41182098107663834,0.456726085562138));
#10555=DIRECTION('',(0.3456316724297363,-0.9110590389203242,-0.22474468762353098));
#10556=AXIS2_PLACEMENT_3D('',#611,#10554,#10555);
#10557=PLANE('',#10556);
#10558=FACE_SURFACE('',(#10553),#10557,.T.);
#10559=POLY_LOOP('',(#614,#811,#611));
#10560=FACE_OUTER_BOUND('',#10559,.T.);
#10561=DIRECTION('',(-0.7722707339610915,-0.4122248596107988,0.4833927787897274));
#10562=DIRECTION('',(0.4050716607310502,0.26665010270566514,0.8745368330720252));
#10563=AXIS2_PLACEMENT_3D('',#614,#10561,#10562);
#10564=PLANE('',#10563);
#10565=FACE_SURFACE('',(#10560),#10564,.T.);
#10566=POLY_LOOP('',(#802,#625,#645));
#10567=FACE_OUTER_BOUND('',#10566,.T.);
#10568=DIRECTION('',(-0.8350107961388239,-0.4377608965090604,0.3333502179678172));
#10569=DIRECTION('',(-0.5070704083673815,0.8474278420794963,-0.15730751230194043));
#10570=AXIS2_PLACEMENT_3D('',#802,#10568,#10569);
#10571=PLANE('',#10570);
#10572=FACE_SURFACE('',(#10567),#10571,.T.);
#10573=POLY_LOOP('',(#802,#644,#625));
#10574=FACE_OUTER_BOUND('',#10573,.T.);
#10575=DIRECTION('',(-0.8411166180116454,-0.4466864553955161,0.3049492506481057));
#10576=DIRECTION('',(-0.37562033052608,0.8881193189783987,0.2648649515372389));
#10577=AXIS2_PLACEMENT_3D('',#802,#10575,#10576);
#10578=PLANE('',#10577);
#10579=FACE_SURFACE('',(#10574),#10578,.T.);
#10580=POLY_LOOP('',(#803,#644,#802));
#10581=FACE_OUTER_BOUND('',#10580,.T.);
#10582=DIRECTION('',(-0.8416647455045371,-0.4465333205937925,0.30365844261976976));
#10583=DIRECTION('',(-0.482611561886734,0.8742878576958641,-0.052027129642366));
#10584=AXIS2_PLACEMENT_3D('',#803,#10582,#10583);
#10585=PLANE('',#10584);
#10586=FACE_SURFACE('',(#10581),#10585,.T.);
#10587=POLY_LOOP('',(#805,#644,#803));
#10588=FACE_OUTER_BOUND('',#10587,.T.);
#10589=DIRECTION('',(-0.8521400029813073,-0.4550020525851928,0.25851604875186945));
#10590=DIRECTION('',(-0.5118409839929395,0.6217877746260383,-0.592788976306694));
#10591=AXIS2_PLACEMENT_3D('',#805,#10589,#10590);
#10592=PLANE('',#10591);
#10593=FACE_SURFACE('',(#10588),#10592,.T.);
#10594=POLY_LOOP('',(#633,#804,#798));
#10595=FACE_OUTER_BOUND('',#10594,.T.);
#10596=DIRECTION('',(-0.14217011104424096,0.009488070912042257,-0.9897967650159483));
#10597=DIRECTION('',(-1.7013887246130103e-06,-0.9999540609796803,-0.009585193130615111));
#10598=AXIS2_PLACEMENT_3D('',#633,#10596,#10597);
#10599=PLANE('',#10598);
#10600=FACE_SURFACE('',(#10595),#10599,.T.);
#10601=POLY_LOOP('',(#805,#642,#644));
#10602=FACE_OUTER_BOUND('',#10601,.T.);
#10603=DIRECTION('',(-0.8508138249839692,-0.462390939754137,0.2496206202408645));
#10604=DIRECTION('',(-0.4778584944675886,0.8784354518075432,-0.0015544365046272336));
#10605=AXIS2_PLACEMENT_3D('',#805,#10603,#10604);
#10606=PLANE('',#10605);
#10607=FACE_SURFACE('',(#10602),#10606,.T.);
#10608=POLY_LOOP('',(#639,#642,#800));
#10609=FACE_OUTER_BOUND('',#10608,.T.);
#10610=DIRECTION('',(-0.8565582066534058,-0.4665033398402619,0.2206415022895343));
#10611=DIRECTION('',(-0.4863402748194189,0.58675954311166,-0.6474460407292396));
#10612=AXIS2_PLACEMENT_3D('',#639,#10610,#10611);
#10613=PLANE('',#10612);
#10614=FACE_SURFACE('',(#10609),#10613,.T.);
#10615=POLY_LOOP('',(#641,#642,#639));
#10616=FACE_OUTER_BOUND('',#10615,.T.);
#10617=DIRECTION('',(-0.8534628993468957,-0.4778199349011706,0.20806054226938717));
#10618=DIRECTION('',(0.022081864807497683,-0.43202752866585553,-0.901590043047003));
#10619=AXIS2_PLACEMENT_3D('',#641,#10617,#10618);
#10620=PLANE('',#10619);
#10621=FACE_SURFACE('',(#10616),#10620,.T.);
#10622=POLY_LOOP('',(#638,#637,#636));
#10623=FACE_OUTER_BOUND('',#10622,.T.);
#10624=DIRECTION('',(-0.8117644857570439,-0.5428866449292008,0.21520341637882498));
#10625=DIRECTION('',(-0.523909537180306,0.8398013963542269,0.14231096771861337));
#10626=AXIS2_PLACEMENT_3D('',#638,#10624,#10625);
#10627=PLANE('',#10626);
#10628=FACE_SURFACE('',(#10623),#10627,.T.);
#10629=POLY_LOOP('',(#643,#624,#622));
#10630=FACE_OUTER_BOUND('',#10629,.T.);
#10631=DIRECTION('',(-0.7217554317562372,-0.6044502141067615,0.3372077036437009));
#10632=DIRECTION('',(-0.46722590976598544,0.7849209851411371,0.40693856579146453));
#10633=AXIS2_PLACEMENT_3D('',#643,#10631,#10632);
#10634=PLANE('',#10633);
#10635=FACE_SURFACE('',(#10630),#10634,.T.);
#10636=POLY_LOOP('',(#632,#619,#621));
#10637=FACE_OUTER_BOUND('',#10636,.T.);
#10638=DIRECTION('',(-0.6318308087372406,-0.6213445406442949,0.4633797480921826));
#10639=DIRECTION('',(0.7334373193133148,-0.6726376668759343,0.0981237368744102));
#10640=AXIS2_PLACEMENT_3D('',#632,#10638,#10639);
#10641=PLANE('',#10640);
#10642=FACE_SURFACE('',(#10637),#10641,.T.);
#10643=POLY_LOOP('',(#632,#617,#619));
#10644=FACE_OUTER_BOUND('',#10643,.T.);
#10645=DIRECTION('',(-0.6028325121921253,-0.5769230455268706,0.5511376976619649));
#10646=DIRECTION('',(-0.3136212597447888,-0.46382164619253297,-0.8285597057299737));
#10647=AXIS2_PLACEMENT_3D('',#632,#10645,#10646);
#10648=PLANE('',#10647);
#10649=FACE_SURFACE('',(#10644),#10648,.T.);
#10650=POLY_LOOP('',(#634,#617,#632));
#10651=FACE_OUTER_BOUND('',#10650,.T.);
#10652=DIRECTION('',(-0.5826572463391461,-0.5949944495861257,0.5536173211255109));
#10653=DIRECTION('',(0.4299246754528869,-0.8037281228411596,-0.41132210977645733));
#10654=AXIS2_PLACEMENT_3D('',#634,#10652,#10653);
#10655=PLANE('',#10654);
#10656=FACE_SURFACE('',(#10651),#10655,.T.);
#10657=POLY_LOOP('',(#616,#617,#634));
#10658=FACE_OUTER_BOUND('',#10657,.T.);
#10659=DIRECTION('',(-0.5075034759378861,-0.5919176454251164,0.6261579057596812));
#10660=DIRECTION('',(0.8530836701421204,-0.44738201212239403,0.26850993830055525));
#10661=AXIS2_PLACEMENT_3D('',#616,#10659,#10660);
#10662=PLANE('',#10661);
#10663=FACE_SURFACE('',(#10658),#10662,.T.);
#10664=POLY_LOOP('',(#624,#643,#636));
#10665=FACE_OUTER_BOUND('',#10664,.T.);
#10666=DIRECTION('',(-0.7640598881878854,-0.5900525029635635,0.26086496700160805));
#10667=DIRECTION('',(0.46722590976598544,-0.7849209851411371,-0.40693856579146453));
#10668=AXIS2_PLACEMENT_3D('',#624,#10666,#10667);
#10669=PLANE('',#10668);
#10670=FACE_SURFACE('',(#10665),#10669,.T.);
#10671=POLY_LOOP('',(#607,#813,#605));
#10672=FACE_OUTER_BOUND('',#10671,.T.);
#10673=DIRECTION('',(-0.5794227342410957,-0.39005782545031054,0.71562852643641));
#10674=DIRECTION('',(0.23247814884709983,-0.9206627609788537,-0.3135825104424989));
#10675=AXIS2_PLACEMENT_3D('',#607,#10673,#10674);
#10676=PLANE('',#10675);
#10677=FACE_SURFACE('',(#10672),#10676,.T.);
#10678=POLY_LOOP('',(#608,#813,#607));
#10679=FACE_OUTER_BOUND('',#10678,.T.);
#10680=DIRECTION('',(-0.49622986817681497,-0.3895724877888306,0.7758796264158778));
#10681=DIRECTION('',(0.834586108831198,-0.46028045073993146,0.3026680254216574));
#10682=AXIS2_PLACEMENT_3D('',#608,#10680,#10681);
#10683=PLANE('',#10682);
#10684=FACE_SURFACE('',(#10679),#10683,.T.);
#10685=POLY_LOOP('',(#609,#600,#599));
#10686=FACE_OUTER_BOUND('',#10685,.T.);
#10687=DIRECTION('',(-0.4039469729953984,-0.3992943427669974,0.8230375877456184));
#10688=DIRECTION('',(-0.14522626493714771,0.9162900572123438,0.373258439993264));
#10689=AXIS2_PLACEMENT_3D('',#609,#10687,#10688);
#10690=PLANE('',#10689);
#10691=FACE_SURFACE('',(#10686),#10690,.T.);
#10692=POLY_LOOP('',(#800,#642,#805));
#10693=FACE_OUTER_BOUND('',#10692,.T.);
#10694=DIRECTION('',(-0.8529696825805808,-0.46358096314192465,0.2398654022796714));
#10695=DIRECTION('',(-0.4861793611437181,0.87285231291774,-0.04193409867921057));
#10696=AXIS2_PLACEMENT_3D('',#800,#10694,#10695);
#10697=PLANE('',#10696);
#10698=FACE_SURFACE('',(#10693),#10697,.T.);
#10699=POLY_LOOP('',(#814,#813,#812));
#10700=FACE_OUTER_BOUND('',#10699,.T.);
#10701=DIRECTION('',(-0.3663937479225676,-0.0042327795638169696,0.9304502700630584));
#10702=DIRECTION('',(-0.0710600621893271,0.9971964536259018,-0.02344569123684748));
#10703=AXIS2_PLACEMENT_3D('',#814,#10701,#10702);
#10704=PLANE('',#10703);
#10705=FACE_SURFACE('',(#10700),#10704,.T.);
#10706=POLY_LOOP('',(#814,#605,#813));
#10707=FACE_OUTER_BOUND('',#10706,.T.);
#10708=DIRECTION('',(-0.4384359270606073,-0.010112863256475618,0.8987055512565068));
#10709=DIRECTION('',(0.0366435349340781,0.9989041249209405,0.029117015016397158));
#10710=AXIS2_PLACEMENT_3D('',#814,#10708,#10709);
#10711=PLANE('',#10710);
#10712=FACE_SURFACE('',(#10707),#10711,.T.);
#10713=POLY_LOOP('',(#603,#605,#814));
#10714=FACE_OUTER_BOUND('',#10713,.T.);
#10715=DIRECTION('',(-0.5104203547828317,-0.006341112289550472,0.8599016523523487));
#10716=DIRECTION('',(-0.7580847290822522,0.4753572450434415,-0.4464784800155519));
#10717=AXIS2_PLACEMENT_3D('',#603,#10715,#10716);
#10718=PLANE('',#10717);
#10719=FACE_SURFACE('',(#10714),#10718,.T.);
#10720=POLY_LOOP('',(#815,#795,#712));
#10721=FACE_OUTER_BOUND('',#10720,.T.);
#10722=DIRECTION('',(0.7599208834739412,-0.4870216688592599,0.4304998779578527));
#10723=DIRECTION('',(0.0990313588951935,0.7413046923043297,0.6638223731714339));
#10724=AXIS2_PLACEMENT_3D('',#815,#10722,#10723);
#10725=PLANE('',#10724);
#10726=FACE_SURFACE('',(#10721),#10725,.T.);
#10727=POLY_LOOP('',(#815,#816,#795));
#10728=FACE_OUTER_BOUND('',#10727,.T.);
#10729=DIRECTION('',(0.6870479398718784,-0.5335105951692821,0.4932865021059529));
#10730=DIRECTION('',(0.6518211823506703,0.7525292961407234,-0.0939617192739773));
#10731=AXIS2_PLACEMENT_3D('',#815,#10729,#10730);
#10732=PLANE('',#10731);
#10733=FACE_SURFACE('',(#10728),#10732,.T.);
#10734=POLY_LOOP('',(#817,#816,#815));
#10735=FACE_OUTER_BOUND('',#10734,.T.);
#10736=DIRECTION('',(0.6528364791447104,-0.4937397917480137,0.5744785022457898));
#10737=DIRECTION('',(0.13033597367832683,0.820293694393096,0.5568938758006311));
#10738=AXIS2_PLACEMENT_3D('',#817,#10736,#10737);
#10739=PLANE('',#10738);
#10740=FACE_SURFACE('',(#10735),#10739,.T.);
#10741=POLY_LOOP('',(#817,#718,#816));
#10742=FACE_OUTER_BOUND('',#10741,.T.);
#10743=DIRECTION('',(0.5797124675428541,-0.5187171273061162,0.6283836382455115));
#10744=DIRECTION('',(0.7236390424340833,0.6822337241326215,-0.10442069680488275));
#10745=AXIS2_PLACEMENT_3D('',#817,#10743,#10744);
#10746=PLANE('',#10745);
#10747=FACE_SURFACE('',(#10742),#10746,.T.);
#10748=POLY_LOOP('',(#757,#718,#817));
#10749=FACE_OUTER_BOUND('',#10748,.T.);
#10750=DIRECTION('',(0.5339856711770005,-0.45757394971648513,0.7109749528067103));
#10751=DIRECTION('',(0.1405890195124279,0.8772459056159301,0.45899275448815197));
#10752=AXIS2_PLACEMENT_3D('',#757,#10750,#10751);
#10753=PLANE('',#10752);
#10754=FACE_SURFACE('',(#10749),#10753,.T.);
#10755=POLY_LOOP('',(#757,#716,#718));
#10756=FACE_OUTER_BOUND('',#10755,.T.);
#10757=DIRECTION('',(0.46167745070989236,-0.46819558814385825,0.7534234020447212));
#10758=DIRECTION('',(0.7837397242869332,0.6131072862363113,-0.0992547235076882));
#10759=AXIS2_PLACEMENT_3D('',#757,#10757,#10758);
#10760=PLANE('',#10759);
#10761=FACE_SURFACE('',(#10756),#10760,.T.);
#10762=POLY_LOOP('',(#729,#716,#757));
#10763=FACE_OUTER_BOUND('',#10762,.T.);
#10764=DIRECTION('',(0.42338170933686736,-0.41046655966550494,0.8076293280926323));
#10765=DIRECTION('',(0.44840699731048783,0.8695597322215363,0.20687444709727287));
#10766=AXIS2_PLACEMENT_3D('',#729,#10764,#10765);
#10767=PLANE('',#10766);
#10768=FACE_SURFACE('',(#10763),#10767,.T.);
#10769=POLY_LOOP('',(#756,#737,#736));
#10770=FACE_OUTER_BOUND('',#10769,.T.);
#10771=DIRECTION('',(0.5576132741982235,-0.3884091049722313,0.7336251110837244));
#10772=DIRECTION('',(-0.45920887623859713,-0.8805670122526594,-0.11717058042063978));
#10773=AXIS2_PLACEMENT_3D('',#756,#10771,#10772);
#10774=PLANE('',#10773);
#10775=FACE_SURFACE('',(#10770),#10774,.T.);
#10776=POLY_LOOP('',(#756,#739,#737));
#10777=FACE_OUTER_BOUND('',#10776,.T.);
#10778=DIRECTION('',(0.6159524733267485,-0.4106691127913314,0.6722748176169042));
#10779=DIRECTION('',(-0.6805322194884446,-0.7072561571958433,0.19148009386539433));
#10780=AXIS2_PLACEMENT_3D('',#756,#10778,#10779);
#10781=PLANE('',#10780);
#10782=FACE_SURFACE('',(#10777),#10781,.T.);
#10783=POLY_LOOP('',(#817,#739,#756));
#10784=FACE_OUTER_BOUND('',#10783,.T.);
#10785=DIRECTION('',(0.6275022275276244,-0.42763150174166903,0.6506706180288414));
#10786=DIRECTION('',(-0.4566698909124818,-0.8789817854718002,-0.13727210766498874));
#10787=AXIS2_PLACEMENT_3D('',#817,#10785,#10786);
#10788=PLANE('',#10787);
#10789=FACE_SURFACE('',(#10784),#10788,.T.);
#10790=POLY_LOOP('',(#817,#715,#739));
#10791=FACE_OUTER_BOUND('',#10790,.T.);
#10792=DIRECTION('',(0.6033184915937873,-0.4193855554193453,0.6783233400131568));
#10793=DIRECTION('',(-0.6451413559974447,-0.75667811300737,0.10597577118088929));
#10794=AXIS2_PLACEMENT_3D('',#817,#10792,#10793);
#10795=PLANE('',#10794);
#10796=FACE_SURFACE('',(#10791),#10795,.T.);
#10797=POLY_LOOP('',(#815,#715,#817));
#10798=FACE_OUTER_BOUND('',#10797,.T.);
#10799=DIRECTION('',(0.6582138432865837,-0.47996066137897014,0.579993362060779));
#10800=DIRECTION('',(-0.12583509251164463,-0.8297200943132895,-0.5438107157691284));
#10801=AXIS2_PLACEMENT_3D('',#815,#10799,#10800);
#10802=PLANE('',#10801);
#10803=FACE_SURFACE('',(#10798),#10802,.T.);
#10804=POLY_LOOP('',(#712,#795,#704));
#10805=FACE_OUTER_BOUND('',#10804,.T.);
#10806=DIRECTION('',(0.7837333072719925,-0.5119794110372886,0.3516236421892241));
#10807=DIRECTION('',(0.5715495602536758,0.8160828082125993,-0.0856735099880221));
#10808=AXIS2_PLACEMENT_3D('',#712,#10806,#10807);
#10809=PLANE('',#10808);
#10810=FACE_SURFACE('',(#10805),#10809,.T.);
#10811=POLY_LOOP('',(#815,#710,#715));
#10812=FACE_OUTER_BOUND('',#10811,.T.);
#10813=DIRECTION('',(0.7326884372468255,-0.4472979552177884,0.5129251340915065));
#10814=DIRECTION('',(-0.5644471440917048,-0.8204600636556222,0.0908003605330438));
#10815=AXIS2_PLACEMENT_3D('',#815,#10813,#10814);
#10816=PLANE('',#10815);
#10817=FACE_SURFACE('',(#10812),#10816,.T.);
#10818=POLY_LOOP('',(#712,#708,#710));
#10819=FACE_OUTER_BOUND('',#10818,.T.);
#10820=DIRECTION('',(0.8221557316323967,-0.42791117526642014,0.37543571890019917));
#10821=DIRECTION('',(-0.46522855021827375,-0.88513480528651,0.009938437111284766));
#10822=AXIS2_PLACEMENT_3D('',#712,#10820,#10821);
#10823=PLANE('',#10822);
#10824=FACE_SURFACE('',(#10819),#10823,.T.);
#10825=POLY_LOOP('',(#711,#708,#712));
#10826=FACE_OUTER_BOUND('',#10825,.T.);
#10827=DIRECTION('',(0.8338879942900359,-0.4344711696733858,0.3403903872050163));
#10828=DIRECTION('',(0.08016614505515271,-0.514840976883896,-0.8535292365866749));
#10829=AXIS2_PLACEMENT_3D('',#711,#10827,#10828);
#10830=PLANE('',#10829);
#10831=FACE_SURFACE('',(#10826),#10830,.T.);
#10832=POLY_LOOP('',(#756,#757,#817));
#10833=FACE_OUTER_BOUND('',#10832,.T.);
#10834=DIRECTION('',(0.5413479930016403,-0.4452134386885722,0.7132512491991817));
#10835=DIRECTION('',(0.7205780963359787,0.6827852526589544,-0.12071249244492005));
#10836=AXIS2_PLACEMENT_3D('',#756,#10834,#10835);
#10837=PLANE('',#10836);
#10838=FACE_SURFACE('',(#10833),#10837,.T.);
#10839=POLY_LOOP('',(#756,#733,#757));
#10840=FACE_OUTER_BOUND('',#10839,.T.);
#10841=DIRECTION('',(0.5126332324762585,-0.40738569472251757,0.7558068964334702));
#10842=DIRECTION('',(0.7129358274729567,-0.28857390202058125,-0.6390990603795836));
#10843=AXIS2_PLACEMENT_3D('',#756,#10841,#10842);
#10844=PLANE('',#10843);
#10845=FACE_SURFACE('',(#10840),#10844,.T.);
#10846=POLY_LOOP('',(#735,#733,#756));
#10847=FACE_OUTER_BOUND('',#10846,.T.);
#10848=DIRECTION('',(0.5061201731313149,-0.4190583609991459,0.7538119529605758));
#10849=DIRECTION('',(0.8339937577980355,0.460509774587635,-0.3039492712002407));
#10850=AXIS2_PLACEMENT_3D('',#735,#10848,#10849);
#10851=PLANE('',#10850);
#10852=FACE_SURFACE('',(#10847),#10851,.T.);
#10853=POLY_LOOP('',(#818,#717,#721));
#10854=FACE_OUTER_BOUND('',#10853,.T.);
#10855=DIRECTION('',(0.4242929120942423,-0.5463638286008086,0.7221233215616664));
#10856=DIRECTION('',(-0.5362589474586155,-0.7941922721143971,-0.28580583651204416));
#10857=AXIS2_PLACEMENT_3D('',#818,#10855,#10856);
#10858=PLANE('',#10857);
#10859=FACE_SURFACE('',(#10854),#10858,.T.);
#10860=POLY_LOOP('',(#742,#717,#818));
#10861=FACE_OUTER_BOUND('',#10860,.T.);
#10862=DIRECTION('',(0.4699132974276961,-0.5621980501190588,0.6805254185869607));
#10863=DIRECTION('',(0.15520370157463245,-0.7063151511276965,-0.6906741042669774));
#10864=AXIS2_PLACEMENT_3D('',#742,#10862,#10863);
#10865=PLANE('',#10864);
#10866=FACE_SURFACE('',(#10861),#10865,.T.);
#10867=POLY_LOOP('',(#742,#718,#717));
#10868=FACE_OUTER_BOUND('',#10867,.T.);
#10869=DIRECTION('',(0.49974461463899444,-0.5469527142739036,0.6716383316099019));
#10870=DIRECTION('',(-0.4974891669929111,-0.8160034858702578,-0.2943515581278403));
#10871=AXIS2_PLACEMENT_3D('',#742,#10869,#10870);
#10872=PLANE('',#10871);
#10873=FACE_SURFACE('',(#10868),#10872,.T.);
#10874=POLY_LOOP('',(#744,#718,#742));
#10875=FACE_OUTER_BOUND('',#10874,.T.);
#10876=DIRECTION('',(0.506130123984847,-0.5486201194021261,0.6654684531833799));
#10877=DIRECTION('',(-0.13195486443889134,-0.8117703563694585,-0.5688732743509016));
#10878=AXIS2_PLACEMENT_3D('',#744,#10876,#10877);
#10879=PLANE('',#10878);
#10880=FACE_SURFACE('',(#10875),#10879,.T.);
#10881=POLY_LOOP('',(#744,#816,#718));
#10882=FACE_OUTER_BOUND('',#10881,.T.);
#10883=DIRECTION('',(0.5736327656250209,-0.5305693458332461,0.6240525774832368));
#10884=DIRECTION('',(-0.7292674111656632,-0.6777204352376509,0.0941491087213297));
#10885=AXIS2_PLACEMENT_3D('',#744,#10883,#10884);
#10886=PLANE('',#10885);
#10887=FACE_SURFACE('',(#10882),#10886,.T.);
#10888=POLY_LOOP('',(#726,#816,#744));
#10889=FACE_OUTER_BOUND('',#10888,.T.);
#10890=DIRECTION('',(0.6097833649789749,-0.5813228296795554,0.5387281461816087));
#10891=DIRECTION('',(-0.10461046743322643,-0.7328109040799451,-0.6723427912641998));
#10892=AXIS2_PLACEMENT_3D('',#726,#10890,#10891);
#10893=PLANE('',#10892);
#10894=FACE_SURFACE('',(#10889),#10893,.T.);
#10895=POLY_LOOP('',(#726,#795,#816));
#10896=FACE_OUTER_BOUND('',#10895,.T.);
#10897=DIRECTION('',(0.6827964339352444,-0.5444592593737153,0.48718902357046073));
#10898=DIRECTION('',(-0.6587109626301884,-0.7472167012621037,0.0881309767663499));
#10899=AXIS2_PLACEMENT_3D('',#726,#10897,#10898);
#10900=PLANE('',#10899);
#10901=FACE_SURFACE('',(#10896),#10900,.T.);
#10902=POLY_LOOP('',(#712,#710,#815));
#10903=FACE_OUTER_BOUND('',#10902,.T.);
#10904=DIRECTION('',(0.7626379586818178,-0.47622594483148883,0.4377124552111646));
#10905=DIRECTION('',(-0.08626514679646835,-0.745547991137755,-0.6608453051650147));
#10906=AXIS2_PLACEMENT_3D('',#712,#10904,#10905);
#10907=PLANE('',#10906);
#10908=FACE_SURFACE('',(#10903),#10907,.T.);
#10909=POLY_LOOP('',(#712,#704,#713));
#10910=FACE_OUTER_BOUND('',#10909,.T.);
#10911=DIRECTION('',(0.7764840935155126,-0.5135289786770554,0.3651854879048359));
#10912=DIRECTION('',(0.4140057695273955,0.8526520515171182,0.31872198204968305));
#10913=AXIS2_PLACEMENT_3D('',#712,#10911,#10912);
#10914=PLANE('',#10913);
#10915=FACE_SURFACE('',(#10910),#10914,.T.);
#10916=POLY_LOOP('',(#713,#704,#706));
#10917=FACE_OUTER_BOUND('',#10916,.T.);
#10918=DIRECTION('',(0.7943116849933286,-0.533869921194502,0.2899169783348938));
#10919=DIRECTION('',(0.5766093786919424,0.8127849969656947,-0.08307931819633319));
#10920=AXIS2_PLACEMENT_3D('',#713,#10918,#10919);
#10921=PLANE('',#10920);
#10922=FACE_SURFACE('',(#10917),#10921,.T.);
#10923=POLY_LOOP('',(#713,#706,#747));
#10924=FACE_OUTER_BOUND('',#10923,.T.);
#10925=DIRECTION('',(0.7904505297260148,-0.5354014338830704,0.2975453993121299));
#10926=DIRECTION('',(0.41775280938907433,0.8264809624264536,0.3773748918438781));
#10927=AXIS2_PLACEMENT_3D('',#713,#10925,#10926);
#10928=PLANE('',#10927);
#10929=FACE_SURFACE('',(#10924),#10928,.T.);
#10930=POLY_LOOP('',(#814,#808,#603));
#10931=FACE_OUTER_BOUND('',#10930,.T.);
#10932=DIRECTION('',(-0.4918861091860775,-0.008344271105856282,0.8706195660157736));
#10933=DIRECTION('',(0.8706595520346739,-0.004721477730576575,0.49186344863063447));
#10934=AXIS2_PLACEMENT_3D('',#814,#10932,#10933);
#10935=PLANE('',#10934);
#10936=FACE_SURFACE('',(#10931),#10935,.T.);
#10937=POLY_LOOP('',(#701,#812,#609));
#10938=FACE_OUTER_BOUND('',#10937,.T.);
#10939=DIRECTION('',(-0.2506172258864898,-0.009281487774662988,0.9680417656659495));
#10940=DIRECTION('',(0.12654730497477087,-0.9916879766478855,0.02325374326092762));
#10941=AXIS2_PLACEMENT_3D('',#701,#10939,#10940);
#10942=PLANE('',#10941);
#10943=FACE_SURFACE('',(#10938),#10942,.T.);
#10944=POLY_LOOP('',(#701,#819,#812));
#10945=FACE_OUTER_BOUND('',#10944,.T.);
#10946=DIRECTION('',(-0.21172697640291155,-0.004101213501658512,0.9773202481843374));
#10947=DIRECTION('',(-0.14914756517970787,-0.9881426099746998,-0.03645800533974762));
#10948=AXIS2_PLACEMENT_3D('',#701,#10946,#10947);
#10949=PLANE('',#10948);
#10950=FACE_SURFACE('',(#10945),#10949,.T.);
#10951=POLY_LOOP('',(#794,#819,#701));
#10952=FACE_OUTER_BOUND('',#10951,.T.);
#10953=DIRECTION('',(-0.17803822839229483,-0.00943175638167165,0.983978369275712));
#10954=DIRECTION('',(-1.657886395496121e-06,-0.9999540610230286,-0.009585188616017646));
#10955=AXIS2_PLACEMENT_3D('',#794,#10953,#10954);
#10956=PLANE('',#10955);
#10957=FACE_SURFACE('',(#10952),#10956,.T.);
#10958=POLY_LOOP('',(#702,#630,#794));
#10959=FACE_OUTER_BOUND('',#10958,.T.);
#10960=DIRECTION('',(0.9999999999586136,-7.082981942407177e-06,-5.710010157403853e-06));
#10961=DIRECTION('',(-1.9722567597226408e-06,-0.7814586672815781,0.6239570108001111));
#10962=AXIS2_PLACEMENT_3D('',#702,#10960,#10961);
#10963=PLANE('',#10962);
#10964=FACE_SURFACE('',(#10959),#10963,.T.);
#10965=POLY_LOOP('',(#601,#630,#702));
#10966=FACE_OUTER_BOUND('',#10965,.T.);
#10967=DIRECTION('',(0.9999999999921678,-3.6822764044442635e-06,-1.450885295304804e-06));
#10968=DIRECTION('',(-2.2227469198337866e-06,-0.8258290706986315,0.5639205138883441));
#10969=AXIS2_PLACEMENT_3D('',#601,#10967,#10968);
#10970=PLANE('',#10969);
#10971=FACE_SURFACE('',(#10966),#10970,.T.);
#10972=POLY_LOOP('',(#601,#628,#630));
#10973=FACE_OUTER_BOUND('',#10972,.T.);
#10974=DIRECTION('',(0.9999999999975068,-1.7151753822923718e-06,1.4298207068668785e-06));
#10975=DIRECTION('',(-1.2411901229549672e-06,0.10533939200514707,0.9944363290278798));
#10976=AXIS2_PLACEMENT_3D('',#601,#10974,#10975);
#10977=PLANE('',#10976);
#10978=FACE_SURFACE('',(#10973),#10977,.T.);
#10979=POLY_LOOP('',(#615,#628,#601));
#10980=FACE_OUTER_BOUND('',#10979,.T.);
#10981=DIRECTION('',(0.9999999999416206,1.080501082667207e-05,1.0357309843308424e-07));
#10982=DIRECTION('',(0.0,-0.00958521393706022,0.9999540607816845));
#10983=AXIS2_PLACEMENT_3D('',#615,#10981,#10982);
#10984=PLANE('',#10983);
#10985=FACE_SURFACE('',(#10980),#10984,.T.);
#10986=POLY_LOOP('',(#630,#819,#794));
#10987=FACE_OUTER_BOUND('',#10986,.T.);
#10988=DIRECTION('',(0.9999999999986238,-1.6584009729601377e-06,4.573642102978671e-08));
#10989=DIRECTION('',(6.163055168542149e-08,0.009585276442530231,-0.9999540601825249));
#10990=AXIS2_PLACEMENT_3D('',#630,#10988,#10989);
#10991=PLANE('',#10990);
#10992=FACE_SURFACE('',(#10987),#10991,.T.);
#10993=POLY_LOOP('',(#788,#740,#789));
#10994=FACE_OUTER_BOUND('',#10993,.T.);
#10995=DIRECTION('',(0.06367438703373685,0.00956564463554054,-0.9979248823827294));
#10996=DIRECTION('',(0.07141381140840013,-0.9974342208744752,-0.005004255054865387));
#10997=AXIS2_PLACEMENT_3D('',#788,#10995,#10996);
#10998=PLANE('',#10997);
#10999=FACE_SURFACE('',(#10994),#10998,.T.);
#11000=POLY_LOOP('',(#727,#740,#788));
#11001=FACE_OUTER_BOUND('',#11000,.T.);
#11002=DIRECTION('',(0.0636743854093711,0.00956564451976556,-0.9979248824874847));
#11003=DIRECTION('',(-1.701391619299818e-06,-0.9999540608770061,-0.009585203841864433));
#11004=AXIS2_PLACEMENT_3D('',#727,#11002,#11003);
#11005=PLANE('',#11004);
#11006=FACE_SURFACE('',(#11001),#11005,.T.);
#11007=POLY_LOOP('',(#727,#743,#742));
#11008=FACE_OUTER_BOUND('',#11007,.T.);
#11009=DIRECTION('',(-9.270599198238232e-06,-0.9999540580646248,-0.009585492900470468));
#11010=DIRECTION('',(-0.22473854891940662,0.009342370741552251,-0.9743743144903435));
#11011=AXIS2_PLACEMENT_3D('',#727,#11009,#11010);
#11012=PLANE('',#11011);
#11013=FACE_SURFACE('',(#11008),#11012,.T.);
#11014=POLY_LOOP('',(#727,#745,#743));
#11015=FACE_OUTER_BOUND('',#11014,.T.);
#11016=DIRECTION('',(1.8071580637156974e-05,-0.9999539974767857,-0.009591798768446532));
#11017=DIRECTION('',(-0.28881199337821306,0.00917783320238405,-0.9573418406497297));
#11018=AXIS2_PLACEMENT_3D('',#727,#11016,#11017);
#11019=PLANE('',#11018);
#11020=FACE_SURFACE('',(#11015),#11019,.T.);
#11021=POLY_LOOP('',(#788,#745,#727));
#11022=FACE_OUTER_BOUND('',#11021,.T.);
#11023=DIRECTION('',(-3.756858546397408e-06,-0.9999540607726197,-0.009585214146479053));
#11024=DIRECTION('',(-0.1453971855484564,0.009483901800816753,-0.9893279102710184));
#11025=AXIS2_PLACEMENT_3D('',#788,#11023,#11024);
#11026=PLANE('',#11025);
#11027=FACE_SURFACE('',(#11022),#11026,.T.);
#11028=POLY_LOOP('',(#788,#758,#745));
#11029=FACE_OUTER_BOUND('',#11028,.T.);
#11030=DIRECTION('',(7.353107416262907e-06,-0.9999540451014552,-0.009586846779241109));
#11031=DIRECTION('',(-0.2694823081445947,0.009230203204729857,-0.9629611045861931));
#11032=AXIS2_PLACEMENT_3D('',#788,#11030,#11031);
#11033=PLANE('',#11032);
#11034=FACE_SURFACE('',(#11029),#11033,.T.);
#11035=POLY_LOOP('',(#790,#758,#788));
#11036=FACE_OUTER_BOUND('',#11035,.T.);
#11037=DIRECTION('',(-2.9833606092037832e-06,-0.9999540728498325,-0.00958395440993861));
#11038=DIRECTION('',(0.20889764354770807,0.00937188532844079,-0.9778926026336457));
#11039=AXIS2_PLACEMENT_3D('',#790,#11037,#11038);
#11040=PLANE('',#11039);
#11041=FACE_SURFACE('',(#11036),#11040,.T.);
#11042=POLY_LOOP('',(#790,#705,#758));
#11043=FACE_OUTER_BOUND('',#11042,.T.);
#11044=DIRECTION('',(-2.7908627102675236e-05,-0.9999540214228645,-0.009589278458258042));
#11045=DIRECTION('',(0.12833408141334546,0.009506403193034007,-0.9916854298849632));
#11046=AXIS2_PLACEMENT_3D('',#790,#11044,#11045);
#11047=PLANE('',#11046);
#11048=FACE_SURFACE('',(#11043),#11047,.T.);
#11049=POLY_LOOP('',(#703,#705,#790));
#11050=FACE_OUTER_BOUND('',#11049,.T.);
#11051=DIRECTION('',(8.464450681518044e-06,-0.9999540669004621,-0.009584571851650165));
#11052=DIRECTION('',(0.42099937547475164,0.008697353996624699,-0.9070192290592998));
#11053=AXIS2_PLACEMENT_3D('',#703,#11051,#11052);
#11054=PLANE('',#11053);
#11055=FACE_SURFACE('',(#11050),#11054,.T.);
#11056=POLY_LOOP('',(#790,#707,#703));
#11057=FACE_OUTER_BOUND('',#11056,.T.);
#11058=DIRECTION('',(-2.4570227775256993e-05,-0.9999540619327562,-0.009585062362119808));
#11059=DIRECTION('',(-0.21645933908720058,0.00936313440866724,-0.9762467343023369));
#11060=AXIS2_PLACEMENT_3D('',#790,#11058,#11059);
#11061=PLANE('',#11060);
#11062=FACE_SURFACE('',(#11057),#11061,.T.);
#11063=POLY_LOOP('',(#791,#707,#790));
#11064=FACE_OUTER_BOUND('',#11063,.T.);
#11065=DIRECTION('',(-8.151951878434671e-07,-0.9999540117371354,-0.009590328990406353));
#11066=DIRECTION('',(0.2638976073219355,0.009250143422660308,-0.9645063440415608));
#11067=AXIS2_PLACEMENT_3D('',#791,#11065,#11066);
#11068=PLANE('',#11067);
#11069=FACE_SURFACE('',(#11064),#11068,.T.);
#11070=POLY_LOOP('',(#727,#721,#725));
#11071=FACE_OUTER_BOUND('',#11070,.T.);
#11072=DIRECTION('',(-9.539148029734112e-06,-0.9999540604516217,-0.009585243623373936));
#11073=DIRECTION('',(0.03201924259437185,0.009580023392769994,-0.9994413395770043));
#11074=AXIS2_PLACEMENT_3D('',#727,#11072,#11073);
#11075=PLANE('',#11074);
#11076=FACE_SURFACE('',(#11071),#11075,.T.);
#11077=POLY_LOOP('',(#727,#818,#721));
#11078=FACE_OUTER_BOUND('',#11077,.T.);
#11079=DIRECTION('',(-4.068514792211407e-06,-0.9999540621686914,-0.009585068376387172));
#11080=DIRECTION('',(0.007648821943384644,0.009584756869743001,-0.9999248111526319));
#11081=AXIS2_PLACEMENT_3D('',#727,#11079,#11080);
#11082=PLANE('',#11081);
#11083=FACE_SURFACE('',(#11078),#11082,.T.);
#11084=POLY_LOOP('',(#742,#818,#727));
#11085=FACE_OUTER_BOUND('',#11084,.T.);
#11086=DIRECTION('',(-1.273187993983019e-05,-0.9999540614607499,-0.009585134639121386));
#11087=DIRECTION('',(0.8249528025192131,0.005407030927969831,-0.5651757581781441));
#11088=AXIS2_PLACEMENT_3D('',#742,#11086,#11087);
#11089=PLANE('',#11088);
#11090=FACE_SURFACE('',(#11085),#11089,.T.);
#11091=POLY_LOOP('',(#748,#791,#793));
#11092=FACE_OUTER_BOUND('',#11091,.T.);
#11093=DIRECTION('',(0.8297048567096208,-0.5272513285776931,0.18329180905191905));
#11094=DIRECTION('',(0.279969255508351,0.6771420272385175,0.6805114921273635));
#11095=AXIS2_PLACEMENT_3D('',#748,#11093,#11094);
#11096=PLANE('',#11095);
#11097=FACE_SURFACE('',(#11092),#11096,.T.);
#11098=POLY_LOOP('',(#748,#707,#791));
#11099=FACE_OUTER_BOUND('',#11098,.T.);
#11100=DIRECTION('',(0.8068049612561503,-0.550124622044289,0.21547309510258986));
#11101=DIRECTION('',(0.5853294088652866,0.7938521453516355,-0.16488861221448797));
#11102=AXIS2_PLACEMENT_3D('',#748,#11100,#11101);
#11103=PLANE('',#11102);
#11104=FACE_SURFACE('',(#11099),#11103,.T.);
#11105=POLY_LOOP('',(#747,#707,#748));
#11106=FACE_OUTER_BOUND('',#11105,.T.);
#11107=DIRECTION('',(0.8044329362419071,-0.5431727521271983,0.24052237408563243));
#11108=DIRECTION('',(0.4116506365000828,0.8016211077229597,0.4335289530378471));
#11109=AXIS2_PLACEMENT_3D('',#747,#11107,#11108);
#11110=PLANE('',#11109);
#11111=FACE_SURFACE('',(#11106),#11110,.T.);
#11112=POLY_LOOP('',(#747,#706,#707));
#11113=FACE_OUTER_BOUND('',#11112,.T.);
#11114=DIRECTION('',(0.7991376459077074,-0.5461847935926242,0.2511198800200219));
#11115=DIRECTION('',(0.5794637886805664,0.811066113492417,-0.07995922180880505));
#11116=AXIS2_PLACEMENT_3D('',#747,#11114,#11115);
#11117=PLANE('',#11116);
#11118=FACE_SURFACE('',(#11113),#11117,.T.);
#11119=POLY_LOOP('',(#785,#793,#786));
#11120=FACE_OUTER_BOUND('',#11119,.T.);
#11121=DIRECTION('',(0.8536415095953788,-0.48093136587762686,0.20000298600471755));
#11122=DIRECTION('',(0.3041321414641741,0.7719608758867909,0.5581935565988866));
#11123=AXIS2_PLACEMENT_3D('',#785,#11121,#11122);
#11124=PLANE('',#11123);
#11125=FACE_SURFACE('',(#11120),#11124,.T.);
#11126=POLY_LOOP('',(#339,#434,#546));
#11127=FACE_OUTER_BOUND('',#11126,.T.);
#11128=DIRECTION('',(0.9079431235282761,0.4009974086087299,-0.12182102744108189));
#11129=DIRECTION('',(-0.4125228961294734,0.9063889115917126,-0.09101648813562403));
#11130=AXIS2_PLACEMENT_3D('',#339,#11128,#11129);
#11131=PLANE('',#11130);
#11132=FACE_SURFACE('',(#11127),#11131,.T.);
#11133=POLY_LOOP('',(#671,#699,#820));
#11134=FACE_OUTER_BOUND('',#11133,.T.);
#11135=DIRECTION('',(-0.17261842544659767,-0.7017479747984914,-0.6911965415585883));
#11136=DIRECTION('',(0.846049824128178,0.2537016811936086,-0.46886581454848647));
#11137=AXIS2_PLACEMENT_3D('',#671,#11135,#11136);
#11138=PLANE('',#11137);
#11139=FACE_SURFACE('',(#11134),#11138,.T.);
#11140=POLY_LOOP('',(#820,#690,#821));
#11141=FACE_OUTER_BOUND('',#11140,.T.);
#11142=DIRECTION('',(-0.10122486704326222,-0.6941131385210343,-0.7127134608133577));
#11143=DIRECTION('',(0.9187412516553001,0.2096133079036173,-0.33462930782666916));
#11144=AXIS2_PLACEMENT_3D('',#820,#11142,#11143);
#11145=PLANE('',#11144);
#11146=FACE_SURFACE('',(#11141),#11145,.T.);
#11147=POLY_LOOP('',(#822,#823,#824));
#11148=FACE_OUTER_BOUND('',#11147,.T.);
#11149=DIRECTION('',(-0.12737384148582884,0.4620987901383963,0.8776335298162744));
#11150=DIRECTION('',(0.0017454815920584152,-0.8847349501626252,0.46609121559491873));
#11151=AXIS2_PLACEMENT_3D('',#822,#11149,#11150);
#11152=PLANE('',#11151);
#11153=FACE_SURFACE('',(#11148),#11152,.T.);
#11154=POLY_LOOP('',(#822,#825,#823));
#11155=FACE_OUTER_BOUND('',#11154,.T.);
#11156=DIRECTION('',(-0.18530300997446625,0.45773369336175984,0.8695646384575476));
#11157=DIRECTION('',(-0.7165780866356759,-0.6684650072350905,0.19917424496089872));
#11158=AXIS2_PLACEMENT_3D('',#822,#11156,#11157);
#11159=PLANE('',#11158);
#11160=FACE_SURFACE('',(#11155),#11159,.T.);
#11161=POLY_LOOP('',(#826,#825,#822));
#11162=FACE_OUTER_BOUND('',#11161,.T.);
#11163=DIRECTION('',(-0.17932524874928066,0.45251088881711193,0.8735424149192504));
#11164=DIRECTION('',(0.008601565991570857,-0.8871808775303847,0.4613416343740385));
#11165=AXIS2_PLACEMENT_3D('',#826,#11163,#11164);
#11166=PLANE('',#11165);
#11167=FACE_SURFACE('',(#11162),#11166,.T.);
#11168=POLY_LOOP('',(#826,#827,#825));
#11169=FACE_OUTER_BOUND('',#11168,.T.);
#11170=DIRECTION('',(-0.24135225199805055,0.44587686592881737,0.8619413616279038));
#11171=DIRECTION('',(-0.6705243444041958,-0.718701258759343,0.18402609657072955));
#11172=AXIS2_PLACEMENT_3D('',#826,#11170,#11171);
#11173=PLANE('',#11172);
#11174=FACE_SURFACE('',(#11169),#11173,.T.);
#11175=POLY_LOOP('',(#828,#827,#826));
#11176=FACE_OUTER_BOUND('',#11175,.T.);
#11177=DIRECTION('',(-0.23251541316838129,0.4391354379300003,0.867811413726026));
#11178=DIRECTION('',(0.021485728937039924,-0.8897290562646917,0.4559830807062748));
#11179=AXIS2_PLACEMENT_3D('',#828,#11177,#11178);
#11180=PLANE('',#11179);
#11181=FACE_SURFACE('',(#11176),#11180,.T.);
#11182=POLY_LOOP('',(#829,#830,#831));
#11183=FACE_OUTER_BOUND('',#11182,.T.);
#11184=DIRECTION('',(0.5932102822824515,0.35620031086828263,0.7219576854163358));
#11185=DIRECTION('',(-0.41846222138583516,0.9025489420263679,-0.10146317814811559));
#11186=AXIS2_PLACEMENT_3D('',#829,#11184,#11185);
#11187=PLANE('',#11186);
#11188=FACE_SURFACE('',(#11183),#11187,.T.);
#11189=POLY_LOOP('',(#832,#830,#829));
#11190=FACE_OUTER_BOUND('',#11189,.T.);
#11191=DIRECTION('',(0.6664214602527028,0.3810273402908599,0.6408592694699269));
#11192=DIRECTION('',(-0.29223200071193284,-0.6572822753310256,0.6946801194042987));
#11193=AXIS2_PLACEMENT_3D('',#832,#11191,#11192);
#11194=PLANE('',#11193);
#11195=FACE_SURFACE('',(#11190),#11194,.T.);
#11196=POLY_LOOP('',(#832,#833,#830));
#11197=FACE_OUTER_BOUND('',#11196,.T.);
#11198=DIRECTION('',(0.6190662623525418,0.4236521032467987,0.6612683708082655));
#11199=DIRECTION('',(-0.78113683050078,0.24518327942802462,0.5742041549171469));
#11200=AXIS2_PLACEMENT_3D('',#832,#11198,#11199);
#11201=PLANE('',#11200);
#11202=FACE_SURFACE('',(#11197),#11201,.T.);
#11203=POLY_LOOP('',(#834,#833,#832));
#11204=FACE_OUTER_BOUND('',#11203,.T.);
#11205=DIRECTION('',(0.6169373120974401,0.444489707475042,0.6494745975715582));
#11206=DIRECTION('',(-0.2398037509368677,-0.6798303183267047,0.6930547592509699));
#11207=AXIS2_PLACEMENT_3D('',#834,#11205,#11206);
#11208=PLANE('',#11207);
#11209=FACE_SURFACE('',(#11204),#11208,.T.);
#11210=POLY_LOOP('',(#834,#835,#833));
#11211=FACE_OUTER_BOUND('',#11210,.T.);
#11212=DIRECTION('',(0.5812270059633402,0.4712684059866409,0.6633862050553223));
#11213=DIRECTION('',(-0.7801970418460817,0.09108076968266356,0.618867408487987));
#11214=AXIS2_PLACEMENT_3D('',#834,#11212,#11213);
#11215=PLANE('',#11214);
#11216=FACE_SURFACE('',(#11211),#11215,.T.);
#11217=POLY_LOOP('',(#836,#835,#834));
#11218=FACE_OUTER_BOUND('',#11217,.T.);
#11219=DIRECTION('',(0.5763541280787359,0.4891909620076241,0.6546053175285513));
#11220=DIRECTION('',(-0.19298554939736653,-0.6969003453488792,0.6907144752909189));
#11221=AXIS2_PLACEMENT_3D('',#836,#11219,#11220);
#11222=PLANE('',#11221);
#11223=FACE_SURFACE('',(#11218),#11222,.T.);
#11224=POLY_LOOP('',(#836,#837,#835));
#11225=FACE_OUTER_BOUND('',#11224,.T.);
#11226=DIRECTION('',(0.5371112256643438,0.5140812561723163,0.6687540604120769));
#11227=DIRECTION('',(-0.7601313456180591,-0.048705157328351255,0.6479414673089686));
#11228=AXIS2_PLACEMENT_3D('',#836,#11226,#11227);
#11229=PLANE('',#11228);
#11230=FACE_SURFACE('',(#11225),#11229,.T.);
#11231=POLY_LOOP('',(#824,#823,#838));
#11232=FACE_OUTER_BOUND('',#11231,.T.);
#11233=DIRECTION('',(-0.1312753253624715,0.46596949797846116,0.8750081233363941));
#11234=DIRECTION('',(-0.7569369748867428,-0.6170873839658345,0.21505714728766664));
#11235=AXIS2_PLACEMENT_3D('',#824,#11233,#11234);
#11236=PLANE('',#11235);
#11237=FACE_SURFACE('',(#11232),#11236,.T.);
#11238=POLY_LOOP('',(#839,#837,#836));
#11239=FACE_OUTER_BOUND('',#11238,.T.);
#11240=DIRECTION('',(0.5308136171867422,0.528573327557933,0.6624553880854626));
#11241=DIRECTION('',(-0.15214297538810698,-0.7095362318514901,0.6880485816641456));
#11242=AXIS2_PLACEMENT_3D('',#839,#11240,#11241);
#11243=PLANE('',#11242);
#11244=FACE_SURFACE('',(#11239),#11243,.T.);
#11245=POLY_LOOP('',(#840,#841,#839));
#11246=FACE_OUTER_BOUND('',#11245,.T.);
#11247=DIRECTION('',(0.48452589568117,0.5610447660569068,0.6711657223774994));
#11248=DIRECTION('',(-0.11735727341807901,-0.7186165618224725,0.6854323507468282));
#11249=AXIS2_PLACEMENT_3D('',#840,#11247,#11248);
#11250=PLANE('',#11249);
#11251=FACE_SURFACE('',(#11246),#11250,.T.);
#11252=POLY_LOOP('',(#840,#842,#841));
#11253=FACE_OUTER_BOUND('',#11252,.T.);
#11254=DIRECTION('',(0.4479823117988623,0.5776787908602122,0.6823481977008733));
#11255=DIRECTION('',(-0.6948127331777898,-0.25533937312297295,0.6723370214016009));
#11256=AXIS2_PLACEMENT_3D('',#840,#11254,#11255);
#11257=PLANE('',#11256);
#11258=FACE_SURFACE('',(#11253),#11257,.T.);
#11259=POLY_LOOP('',(#843,#842,#840));
#11260=FACE_OUTER_BOUND('',#11259,.T.);
#11261=DIRECTION('',(0.4419022541825153,0.5859879441759869,0.6792205290101382));
#11262=DIRECTION('',(-0.08855376470558812,-0.7249665209596826,0.6830679133468952));
#11263=AXIS2_PLACEMENT_3D('',#843,#11261,#11262);
#11264=PLANE('',#11263);
#11265=FACE_SURFACE('',(#11260),#11264,.T.);
#11266=POLY_LOOP('',(#843,#844,#842));
#11267=FACE_OUTER_BOUND('',#11266,.T.);
#11268=DIRECTION('',(0.40937210422701503,0.5986801852067354,0.6884740489819314));
#11269=DIRECTION('',(-0.6917364531222386,-0.288372787118277,0.6620738743308799));
#11270=AXIS2_PLACEMENT_3D('',#843,#11268,#11269);
#11271=PLANE('',#11270);
#11272=FACE_SURFACE('',(#11267),#11271,.T.);
#11273=POLY_LOOP('',(#845,#844,#843));
#11274=FACE_OUTER_BOUND('',#11273,.T.);
#11275=DIRECTION('',(0.4043607393112876,0.6049358162857871,0.6859628639206918));
#11276=DIRECTION('',(-0.06396849002409193,-0.7294716309291481,0.6810133419791469));
#11277=AXIS2_PLACEMENT_3D('',#845,#11275,#11276);
#11278=PLANE('',#11277);
#11279=FACE_SURFACE('',(#11274),#11278,.T.);
#11280=POLY_LOOP('',(#845,#846,#844));
#11281=FACE_OUTER_BOUND('',#11280,.T.);
#11282=DIRECTION('',(0.3721615654761068,0.6157451656725873,0.6945168537430979));
#11283=DIRECTION('',(-0.6314305800069351,-0.380471574204577,0.6756750726898223));
#11284=AXIS2_PLACEMENT_3D('',#845,#11282,#11283);
#11285=PLANE('',#11284);
#11286=FACE_SURFACE('',(#11281),#11285,.T.);
#11287=POLY_LOOP('',(#847,#846,#845));
#11288=FACE_OUTER_BOUND('',#11287,.T.);
#11289=DIRECTION('',(0.3678530292058655,0.6200953597863261,0.6929400361326623));
#11290=DIRECTION('',(-0.04614553107246758,-0.7320984660054893,0.6796340383135981));
#11291=AXIS2_PLACEMENT_3D('',#847,#11289,#11290);
#11292=PLANE('',#11291);
#11293=FACE_SURFACE('',(#11288),#11292,.T.);
#11294=POLY_LOOP('',(#847,#848,#846));
#11295=FACE_OUTER_BOUND('',#11294,.T.);
#11296=DIRECTION('',(0.3167683101456964,0.6345212877674612,0.7050110446350203));
#11297=DIRECTION('',(-0.8620134037315116,-0.11751392533863222,0.49307541932114207));
#11298=AXIS2_PLACEMENT_3D('',#847,#11296,#11297);
#11299=PLANE('',#11298);
#11300=FACE_SURFACE('',(#11295),#11299,.T.);
#11301=POLY_LOOP('',(#849,#848,#847));
#11302=FACE_OUTER_BOUND('',#11301,.T.);
#11303=DIRECTION('',(0.31443427013179126,0.6390055254899862,0.7019993078058939));
#11304=DIRECTION('',(-0.021772980942204388,-0.7344584281759543,0.6783043229865169));
#11305=AXIS2_PLACEMENT_3D('',#849,#11303,#11304);
#11306=PLANE('',#11305);
#11307=FACE_SURFACE('',(#11302),#11306,.T.);
#11308=POLY_LOOP('',(#849,#850,#848));
#11309=FACE_OUTER_BOUND('',#11308,.T.);
#11310=DIRECTION('',(0.24367788445070424,0.6541052183972477,0.7160778253061032));
#11311=DIRECTION('',(-0.8349039364733111,-0.23422672385024534,0.49806953198900894));
#11312=AXIS2_PLACEMENT_3D('',#849,#11310,#11311);
#11313=PLANE('',#11312);
#11314=FACE_SURFACE('',(#11309),#11313,.T.);
#11315=POLY_LOOP('',(#851,#850,#849));
#11316=FACE_OUTER_BOUND('',#11315,.T.);
#11317=DIRECTION('',(0.24175354816614011,0.6569019980056587,0.7141673382095091));
#11318=DIRECTION('',(-0.008269893416742703,-0.7345771850377341,0.6784747365119164));
#11319=AXIS2_PLACEMENT_3D('',#851,#11317,#11318);
#11320=PLANE('',#11319);
#11321=FACE_SURFACE('',(#11316),#11320,.T.);
#11322=POLY_LOOP('',(#851,#852,#850));
#11323=FACE_OUTER_BOUND('',#11322,.T.);
#11324=DIRECTION('',(0.1718911500931664,0.6673541558454177,0.7246322261640719));
#11325=DIRECTION('',(-0.804799483108739,-0.3290749060987505,0.49397115114549434));
#11326=AXIS2_PLACEMENT_3D('',#851,#11324,#11325);
#11327=PLANE('',#11326);
#11328=FACE_SURFACE('',(#11323),#11327,.T.);
#11329=POLY_LOOP('',(#839,#841,#837));
#11330=FACE_OUTER_BOUND('',#11329,.T.);
#11331=DIRECTION('',(0.49111996361437416,0.5498518551047573,0.6756212835437267));
#11332=DIRECTION('',(-0.729030800473466,-0.16506317040786248,0.6642802433731734));
#11333=AXIS2_PLACEMENT_3D('',#839,#11331,#11332);
#11334=PLANE('',#11333);
#11335=FACE_SURFACE('',(#11330),#11334,.T.);
#11336=POLY_LOOP('',(#853,#852,#851));
#11337=FACE_OUTER_BOUND('',#11336,.T.);
#11338=DIRECTION('',(0.17022244398983408,0.669312786779266,0.7232183024619195));
#11339=DIRECTION('',(-0.0019221400356993056,-0.7337025931305565,0.6794680347236214));
#11340=AXIS2_PLACEMENT_3D('',#853,#11338,#11339);
#11341=PLANE('',#11340);
#11342=FACE_SURFACE('',(#11337),#11341,.T.);
#11343=POLY_LOOP('',(#824,#838,#854));
#11344=FACE_OUTER_BOUND('',#11343,.T.);
#11345=DIRECTION('',(-0.07627926251941049,0.46861948747865806,0.8801007045018967));
#11346=DIRECTION('',(-0.0009810290914421121,-0.8827072226505916,0.4699223304572793));
#11347=AXIS2_PLACEMENT_3D('',#824,#11345,#11346);
#11348=PLANE('',#11347);
#11349=FACE_SURFACE('',(#11344),#11348,.T.);
#11350=POLY_LOOP('',(#854,#855,#856));
#11351=FACE_OUTER_BOUND('',#11350,.T.);
#11352=DIRECTION('',(-0.025500105040279074,0.47239783343899805,0.8810164763527839));
#11353=DIRECTION('',(-0.0011154166053998832,-0.8813159556387183,0.4725261285711184));
#11354=AXIS2_PLACEMENT_3D('',#854,#11352,#11353);
#11355=PLANE('',#11354);
#11356=FACE_SURFACE('',(#11351),#11355,.T.);
#11357=POLY_LOOP('',(#857,#858,#859));
#11358=FACE_OUTER_BOUND('',#11357,.T.);
#11359=DIRECTION('',(-0.4555519256097656,0.44026850581265664,0.773715765551359));
#11360=DIRECTION('',(0.1384485442536987,-0.8235240668070313,0.5501273597846591));
#11361=AXIS2_PLACEMENT_3D('',#857,#11359,#11360);
#11362=PLANE('',#11361);
#11363=FACE_SURFACE('',(#11358),#11362,.T.);
#11364=POLY_LOOP('',(#857,#860,#858));
#11365=FACE_OUTER_BOUND('',#11364,.T.);
#11366=DIRECTION('',(-0.5290968968072245,0.4080578728453809,0.7440062138167046));
#11367=DIRECTION('',(-0.37828185564135214,-0.8982669051485926,0.22365018400910075));
#11368=AXIS2_PLACEMENT_3D('',#857,#11366,#11367);
#11369=PLANE('',#11368);
#11370=FACE_SURFACE('',(#11365),#11369,.T.);
#11371=POLY_LOOP('',(#861,#860,#857));
#11372=FACE_OUTER_BOUND('',#11371,.T.);
#11373=DIRECTION('',(-0.4834619934229781,0.3977475802643412,0.7797828949838166));
#11374=DIRECTION('',(-0.16819380220493552,-0.9164189328172311,0.3631627520464815));
#11375=AXIS2_PLACEMENT_3D('',#861,#11373,#11374);
#11376=PLANE('',#11375);
#11377=FACE_SURFACE('',(#11372),#11376,.T.);
#11378=POLY_LOOP('',(#861,#862,#860));
#11379=FACE_OUTER_BOUND('',#11378,.T.);
#11380=DIRECTION('',(-0.5669855708343994,0.39130745276135953,0.724848839330661));
#11381=DIRECTION('',(-0.5456291530337307,-0.8376417118402444,0.025400589462421908));
#11382=AXIS2_PLACEMENT_3D('',#861,#11380,#11381);
#11383=PLANE('',#11382);
#11384=FACE_SURFACE('',(#11379),#11383,.T.);
#11385=POLY_LOOP('',(#863,#862,#861));
#11386=FACE_OUTER_BOUND('',#11385,.T.);
#11387=DIRECTION('',(-0.6329116974755249,0.43175849812304207,0.6426565042829526));
#11388=DIRECTION('',(-0.19538595531852535,-0.8922707865957207,0.4070346076835741));
#11389=AXIS2_PLACEMENT_3D('',#863,#11387,#11388);
#11390=PLANE('',#11389);
#11391=FACE_SURFACE('',(#11386),#11390,.T.);
#11392=POLY_LOOP('',(#863,#864,#862));
#11393=FACE_OUTER_BOUND('',#11392,.T.);
#11394=DIRECTION('',(-0.6036712029327709,0.4365116716396663,0.6671121639365043));
#11395=DIRECTION('',(-0.5480077021873806,-0.8349510889887455,0.05044043358076166));
#11396=AXIS2_PLACEMENT_3D('',#863,#11394,#11395);
#11397=PLANE('',#11396);
#11398=FACE_SURFACE('',(#11393),#11397,.T.);
#11399=POLY_LOOP('',(#49,#864,#863));
#11400=FACE_OUTER_BOUND('',#11399,.T.);
#11401=DIRECTION('',(-0.6509517113195689,0.46355837959685625,0.6011451557117146));
#11402=DIRECTION('',(-0.05603576542962308,-0.8190804574117733,0.5709353704919993));
#11403=AXIS2_PLACEMENT_3D('',#49,#11401,#11402);
#11404=PLANE('',#11403);
#11405=FACE_SURFACE('',(#11400),#11404,.T.);
#11406=POLY_LOOP('',(#865,#321,#309));
#11407=FACE_OUTER_BOUND('',#11406,.T.);
#11408=DIRECTION('',(0.010070473627241438,0.7471049999459624,0.6646297500237759));
#11409=DIRECTION('',(0.31648413761457456,0.6281133592016003,-0.7108525857242419));
#11410=AXIS2_PLACEMENT_3D('',#865,#11408,#11409);
#11411=PLANE('',#11410);
#11412=FACE_SURFACE('',(#11407),#11411,.T.);
#11413=POLY_LOOP('',(#865,#322,#321));
#11414=FACE_OUTER_BOUND('',#11413,.T.);
#11415=DIRECTION('',(0.04589002679709406,0.7383567498954922,0.672847245163661));
#11416=DIRECTION('',(0.7767143608946891,0.3971873950894869,-0.48883225626177984));
#11417=AXIS2_PLACEMENT_3D('',#865,#11415,#11416);
#11418=PLANE('',#11417);
#11419=FACE_SURFACE('',(#11414),#11418,.T.);
#11420=POLY_LOOP('',(#866,#322,#865));
#11421=FACE_OUTER_BOUND('',#11420,.T.);
#11422=DIRECTION('',(0.03654836565836256,0.7463761314534318,0.664520042861246));
#11423=DIRECTION('',(0.0003184199047347855,0.6649555838025477,-0.7468828356433005));
#11424=AXIS2_PLACEMENT_3D('',#866,#11422,#11423);
#11425=PLANE('',#11424);
#11426=FACE_SURFACE('',(#11421),#11425,.T.);
#11427=POLY_LOOP('',(#866,#317,#322));
#11428=FACE_OUTER_BOUND('',#11427,.T.);
#11429=DIRECTION('',(0.09274957488478644,0.7436437721886333,0.6621113625695841));
#11430=DIRECTION('',(0.5519792547795691,0.5150399456954299,-0.6557840777504743));
#11431=AXIS2_PLACEMENT_3D('',#866,#11429,#11430);
#11432=PLANE('',#11431);
#11433=FACE_SURFACE('',(#11428),#11432,.T.);
#11434=POLY_LOOP('',(#853,#317,#866));
#11435=FACE_OUTER_BOUND('',#11434,.T.);
#11436=DIRECTION('',(0.11008063158827207,0.7345547528962996,0.6695607287965619));
#11437=DIRECTION('',(-0.4607467006470811,0.6346139652973212,-0.6204656258749872));
#11438=AXIS2_PLACEMENT_3D('',#853,#11436,#11437);
#11439=PLANE('',#11438);
#11440=FACE_SURFACE('',(#11435),#11439,.T.);
#11441=POLY_LOOP('',(#854,#838,#855));
#11442=FACE_OUTER_BOUND('',#11441,.T.);
#11443=DIRECTION('',(-0.07852963136746037,0.4711443525563071,0.8785534110408934));
#11444=DIRECTION('',(-0.7924151041526408,-0.5642403420320058,0.2317566377352859));
#11445=AXIS2_PLACEMENT_3D('',#854,#11443,#11444);
#11446=PLANE('',#11445);
#11447=FACE_SURFACE('',(#11442),#11446,.T.);
#11448=POLY_LOOP('',(#853,#318,#317));
#11449=FACE_OUTER_BOUND('',#11448,.T.);
#11450=DIRECTION('',(0.1306911001768487,0.7399825327391548,0.6598073109442714));
#11451=DIRECTION('',(0.0029790887588471756,0.6652192289474591,-0.7466421515483269));
#11452=AXIS2_PLACEMENT_3D('',#853,#11450,#11451);
#11453=PLANE('',#11452);
#11454=FACE_SURFACE('',(#11449),#11453,.T.);
#11455=POLY_LOOP('',(#867,#868,#869));
#11456=FACE_OUTER_BOUND('',#11455,.T.);
#11457=DIRECTION('',(0.23908952067795888,0.4222356189276733,0.8743873759442943));
#11458=DIRECTION('',(-0.5447360052663421,-0.6871211987680047,0.48075684370592975));
#11459=AXIS2_PLACEMENT_3D('',#867,#11457,#11458);
#11460=PLANE('',#11459);
#11461=FACE_SURFACE('',(#11456),#11460,.T.);
#11462=POLY_LOOP('',(#867,#870,#868));
#11463=FACE_OUTER_BOUND('',#11462,.T.);
#11464=DIRECTION('',(0.24342013542213137,0.41904144867279325,0.8747290448849163));
#11465=DIRECTION('',(-0.9388984023258008,-0.12446466802806903,0.32090237849339986));
#11466=AXIS2_PLACEMENT_3D('',#867,#11464,#11465);
#11467=PLANE('',#11466);
#11468=FACE_SURFACE('',(#11463),#11467,.T.);
#11469=POLY_LOOP('',(#871,#870,#867));
#11470=FACE_OUTER_BOUND('',#11469,.T.);
#11471=DIRECTION('',(0.23580632039040478,0.4465557845215781,0.8631241571027055));
#11472=DIRECTION('',(-0.0085930791043395,-0.8871776447960632,0.4613480091705358));
#11473=AXIS2_PLACEMENT_3D('',#871,#11471,#11472);
#11474=PLANE('',#11473);
#11475=FACE_SURFACE('',(#11470),#11474,.T.);
#11476=POLY_LOOP('',(#871,#872,#870));
#11477=FACE_OUTER_BOUND('',#11476,.T.);
#11478=DIRECTION('',(0.18347932241791842,0.45213325435333745,0.8728750532309432));
#11479=DIRECTION('',(-0.9226228612578534,-0.22725026601151802,0.3116478340724768));
#11480=AXIS2_PLACEMENT_3D('',#871,#11478,#11479);
#11481=PLANE('',#11480);
#11482=FACE_SURFACE('',(#11477),#11481,.T.);
#11483=POLY_LOOP('',(#873,#872,#871));
#11484=FACE_OUTER_BOUND('',#11483,.T.);
#11485=DIRECTION('',(0.18112377297574242,0.45809968033170523,0.8702521828430086));
#11486=DIRECTION('',(-0.0017429226016466854,-0.8847370466065297,0.4660872456769866));
#11487=AXIS2_PLACEMENT_3D('',#873,#11485,#11486);
#11488=PLANE('',#11487);
#11489=FACE_SURFACE('',(#11484),#11488,.T.);
#11490=POLY_LOOP('',(#873,#874,#872));
#11491=FACE_OUTER_BOUND('',#11490,.T.);
#11492=DIRECTION('',(0.13034813391667743,0.46191041168714264,0.8772959224568722));
#11493=DIRECTION('',(-0.9012425658495429,-0.3136031701786569,0.29902322510940305));
#11494=AXIS2_PLACEMENT_3D('',#873,#11492,#11493);
#11495=PLANE('',#11494);
#11496=FACE_SURFACE('',(#11491),#11495,.T.);
#11497=POLY_LOOP('',(#875,#874,#873));
#11498=FACE_OUTER_BOUND('',#11497,.T.);
#11499=DIRECTION('',(0.12822857921968536,0.46615614472544115,0.8753604287412212));
#11500=DIRECTION('',(0.0009783525489370374,-0.8827060259670099,0.46992458389386116));
#11501=AXIS2_PLACEMENT_3D('',#875,#11499,#11500);
#11502=PLANE('',#11501);
#11503=FACE_SURFACE('',(#11498),#11502,.T.);
#11504=POLY_LOOP('',(#875,#876,#874));
#11505=FACE_OUTER_BOUND('',#11504,.T.);
#11506=DIRECTION('',(0.07815236125462144,0.46855500024363367,0.8799706927943769));
#11507=DIRECTION('',(-0.8771341022624358,-0.38721421423715335,0.2840790716349493));
#11508=AXIS2_PLACEMENT_3D('',#875,#11506,#11507);
#11509=PLANE('',#11508);
#11510=FACE_SURFACE('',(#11505),#11509,.T.);
#11511=POLY_LOOP('',(#877,#876,#875));
#11512=FACE_OUTER_BOUND('',#11511,.T.);
#11513=DIRECTION('',(0.07656522259328154,0.47121132000042915,0.8786908777224754));
#11514=DIRECTION('',(0.0011112659595695334,-0.8813175843866686,0.4725231005345815));
#11515=AXIS2_PLACEMENT_3D('',#877,#11513,#11514);
#11516=PLANE('',#11515);
#11517=FACE_SURFACE('',(#11512),#11516,.T.);
#11518=POLY_LOOP('',(#877,#878,#876));
#11519=FACE_OUTER_BOUND('',#11518,.T.);
#11520=DIRECTION('',(0.02613384490886508,0.4723875979819509,0.8810033935366663));
#11521=DIRECTION('',(-0.8513153968992775,-0.4514469793697397,0.2673157679976312));
#11522=AXIS2_PLACEMENT_3D('',#877,#11520,#11521);
#11523=PLANE('',#11522);
#11524=FACE_SURFACE('',(#11519),#11523,.T.);
#11525=POLY_LOOP('',(#856,#878,#877));
#11526=FACE_OUTER_BOUND('',#11525,.T.);
#11527=DIRECTION('',(0.025476388436451645,0.47333698700330645,0.8805129473022341));
#11528=DIRECTION('',(-2.3900896655057457e-07,-0.8807988304557561,0.4734906760092695));
#11529=AXIS2_PLACEMENT_3D('',#856,#11527,#11528);
#11530=PLANE('',#11529);
#11531=FACE_SURFACE('',(#11526),#11530,.T.);
#11532=POLY_LOOP('',(#856,#855,#878));
#11533=FACE_OUTER_BOUND('',#11532,.T.);
#11534=DIRECTION('',(-0.026232868828359093,0.4733277340149569,0.8804957085672256));
#11535=DIRECTION('',(-0.8236245569117557,-0.5094031114535347,0.2493011417811234));
#11536=AXIS2_PLACEMENT_3D('',#856,#11534,#11535);
#11537=PLANE('',#11536);
#11538=FACE_SURFACE('',(#11533),#11537,.T.);
#11539=POLY_LOOP('',(#314,#318,#853));
#11540=FACE_OUTER_BOUND('',#11539,.T.);
#11541=DIRECTION('',(0.1783036913912842,0.7343273849461116,0.6549588424889361));
#11542=DIRECTION('',(-0.9650048568766516,0.26057406731452193,-0.029441155677726066));
#11543=AXIS2_PLACEMENT_3D('',#314,#11541,#11542);
#11544=PLANE('',#11543);
#11545=FACE_SURFACE('',(#11540),#11544,.T.);
#11546=POLY_LOOP('',(#853,#879,#852));
#11547=FACE_OUTER_BOUND('',#11546,.T.);
#11548=DIRECTION('',(0.10194639670102942,0.6757853960282566,0.7300144044569317));
#11549=DIRECTION('',(-0.775070623641679,-0.4060568986301417,0.4841315146141278));
#11550=AXIS2_PLACEMENT_3D('',#853,#11548,#11549);
#11551=PLANE('',#11550);
#11552=FACE_SURFACE('',(#11547),#11551,.T.);
#11553=POLY_LOOP('',(#866,#879,#853));
#11554=FACE_OUTER_BOUND('',#11553,.T.);
#11555=DIRECTION('',(0.10057873846189493,0.6771327032228718,0.7289548817282864));
#11556=DIRECTION('',(7.097957621207694e-05,-0.7326750593136998,0.6805786159008864));
#11557=AXIS2_PLACEMENT_3D('',#866,#11555,#11556);
#11558=PLANE('',#11557);
#11559=FACE_SURFACE('',(#11554),#11558,.T.);
#11560=POLY_LOOP('',(#866,#880,#879));
#11561=FACE_OUTER_BOUND('',#11560,.T.);
#11562=DIRECTION('',(0.03366083507914171,0.6801946934455355,0.7322582380487834));
#11563=DIRECTION('',(-0.7469609407128758,-0.46966045466600087,0.47060430339326587));
#11564=AXIS2_PLACEMENT_3D('',#866,#11562,#11563);
#11565=PLANE('',#11564);
#11566=FACE_SURFACE('',(#11561),#11565,.T.);
#11567=POLY_LOOP('',(#545,#834,#832));
#11568=FACE_OUTER_BOUND('',#11567,.T.);
#11569=DIRECTION('',(0.6483784953306118,0.4624411095768151,0.6047756170400522));
#11570=DIRECTION('',(-0.7314039048951229,0.1578733499130902,0.6634186711959388));
#11571=AXIS2_PLACEMENT_3D('',#545,#11569,#11570);
#11572=PLANE('',#11571);
#11573=FACE_SURFACE('',(#11568),#11572,.T.);
#11574=POLY_LOOP('',(#545,#836,#834));
#11575=FACE_OUTER_BOUND('',#11574,.T.);
#11576=DIRECTION('',(0.6307812243744043,0.5263252924334784,0.5701725471482653));
#11577=DIRECTION('',(-0.7627061299304795,0.5557762336805656,0.3307448222456639));
#11578=AXIS2_PLACEMENT_3D('',#545,#11576,#11577);
#11579=PLANE('',#11578);
#11580=FACE_SURFACE('',(#11575),#11579,.T.);
#11581=POLY_LOOP('',(#543,#836,#545));
#11582=FACE_OUTER_BOUND('',#11581,.T.);
#11583=DIRECTION('',(0.6283768311149688,0.515796938485415,0.5823195655024679));
#11584=DIRECTION('',(-0.26143093910023607,-0.5650088288840291,0.7825719694470705));
#11585=AXIS2_PLACEMENT_3D('',#543,#11583,#11584);
#11586=PLANE('',#11585);
#11587=FACE_SURFACE('',(#11582),#11586,.T.);
#11588=POLY_LOOP('',(#543,#839,#836));
#11589=FACE_OUTER_BOUND('',#11588,.T.);
#11590=DIRECTION('',(0.5721039025605262,0.5622964340068569,0.5970928277731933));
#11591=DIRECTION('',(-0.7888916067215223,0.1780941000116353,0.5881602880043678));
#11592=AXIS2_PLACEMENT_3D('',#543,#11590,#11591);
#11593=PLANE('',#11592);
#11594=FACE_SURFACE('',(#11589),#11593,.T.);
#11595=POLY_LOOP('',(#544,#839,#543));
#11596=FACE_OUTER_BOUND('',#11595,.T.);
#11597=DIRECTION('',(0.5629168519224516,0.5933652339335962,0.5753627698944777));
#11598=DIRECTION('',(0.2222826111345813,-0.7791702142126828,0.5860752665579351));
#11599=AXIS2_PLACEMENT_3D('',#544,#11597,#11598);
#11600=PLANE('',#11599);
#11601=FACE_SURFACE('',(#11596),#11600,.T.);
#11602=POLY_LOOP('',(#544,#840,#839));
#11603=FACE_OUTER_BOUND('',#11602,.T.);
#11604=DIRECTION('',(0.5268759284697009,0.6017797723977352,0.6002190113051411));
#11605=DIRECTION('',(-0.3951856878541693,-0.45176451539286816,0.7998356673386565));
#11606=AXIS2_PLACEMENT_3D('',#544,#11604,#11605);
#11607=PLANE('',#11606);
#11608=FACE_SURFACE('',(#11603),#11607,.T.);
#11609=POLY_LOOP('',(#547,#840,#544));
#11610=FACE_OUTER_BOUND('',#11609,.T.);
#11611=DIRECTION('',(0.5075694634899758,0.6183340393275183,0.6000302121905305));
#11612=DIRECTION('',(-0.21295598741956945,-0.5847691111265025,0.7827482571647646));
#11613=AXIS2_PLACEMENT_3D('',#547,#11611,#11612);
#11614=PLANE('',#11613);
#11615=FACE_SURFACE('',(#11610),#11614,.T.);
#11616=POLY_LOOP('',(#547,#843,#840));
#11617=FACE_OUTER_BOUND('',#11616,.T.);
#11618=DIRECTION('',(0.48395067515690027,0.6328196348142379,0.6044262186642426));
#11619=DIRECTION('',(-0.7746051269578673,-0.01158564681372719,0.6323390467767223));
#11620=AXIS2_PLACEMENT_3D('',#547,#11618,#11619);
#11621=PLANE('',#11620);
#11622=FACE_SURFACE('',(#11617),#11621,.T.);
#11623=POLY_LOOP('',(#548,#843,#547));
#11624=FACE_OUTER_BOUND('',#11623,.T.);
#11625=DIRECTION('',(0.47675576962625377,0.6462631993848592,0.5958588870268902));
#11626=DIRECTION('',(0.18271350395633304,-0.7359058384405606,0.6519650085864229));
#11627=AXIS2_PLACEMENT_3D('',#548,#11625,#11626);
#11628=PLANE('',#11627);
#11629=FACE_SURFACE('',(#11624),#11628,.T.);
#11630=POLY_LOOP('',(#548,#845,#843));
#11631=FACE_OUTER_BOUND('',#11630,.T.);
#11632=DIRECTION('',(0.4427205273503938,0.6536757704575228,0.6137642232806937));
#11633=DIRECTION('',(-0.5046609942936069,-0.3841422603272137,0.7731442327724415));
#11634=AXIS2_PLACEMENT_3D('',#548,#11632,#11633);
#11635=PLANE('',#11634);
#11636=FACE_SURFACE('',(#11631),#11635,.T.);
#11637=POLY_LOOP('',(#847,#845,#548));
#11638=FACE_OUTER_BOUND('',#11637,.T.);
#11639=DIRECTION('',(0.41023571087039523,0.6812770736978955,0.6062740390123047));
#11640=DIRECTION('',(0.8429159674761688,-0.5370259672496163,0.03310260221384808));
#11641=AXIS2_PLACEMENT_3D('',#847,#11639,#11640);
#11642=PLANE('',#11641);
#11643=FACE_SURFACE('',(#11638),#11642,.T.);
#11644=POLY_LOOP('',(#881,#882,#883));
#11645=FACE_OUTER_BOUND('',#11644,.T.);
#11646=DIRECTION('',(0.6710712765054448,0.2654758784544872,0.6922325474926551));
#11647=DIRECTION('',(-0.7147173583985781,0.47985328611504335,0.5088417449545122));
#11648=AXIS2_PLACEMENT_3D('',#881,#11646,#11647);
#11649=PLANE('',#11648);
#11650=FACE_SURFACE('',(#11645),#11649,.T.);
#11651=POLY_LOOP('',(#849,#315,#851));
#11652=FACE_OUTER_BOUND('',#11651,.T.);
#11653=DIRECTION('',(0.26577301034343626,0.7143360342253489,0.6473706335478839));
#11654=DIRECTION('',(-0.6102068282511739,0.6445288039609577,-0.46068454241519713));
#11655=AXIS2_PLACEMENT_3D('',#849,#11653,#11654);
#11656=PLANE('',#11655);
#11657=FACE_SURFACE('',(#11652),#11656,.T.);
#11658=POLY_LOOP('',(#881,#884,#882));
#11659=FACE_OUTER_BOUND('',#11658,.T.);
#11660=DIRECTION('',(0.6886234922567916,0.35548956671848103,0.6320006755268283));
#11661=DIRECTION('',(-0.42017927311680725,0.9059634693571779,-0.05176456928573365));
#11662=AXIS2_PLACEMENT_3D('',#881,#11660,#11661);
#11663=PLANE('',#11662);
#11664=FACE_SURFACE('',(#11659),#11663,.T.);
#11665=POLY_LOOP('',(#546,#832,#884));
#11666=FACE_OUTER_BOUND('',#11665,.T.);
#11667=DIRECTION('',(0.6818625996634804,0.41220369679810404,0.6042776741913743));
#11668=DIRECTION('',(-0.6747239271921462,0.6734822302008018,0.3019425569179699));
#11669=AXIS2_PLACEMENT_3D('',#546,#11667,#11668);
#11670=PLANE('',#11669);
#11671=FACE_SURFACE('',(#11666),#11670,.T.);
#11672=POLY_LOOP('',(#545,#832,#546));
#11673=FACE_OUTER_BOUND('',#11672,.T.);
#11674=DIRECTION('',(0.6917170141416029,0.4343190958257736,0.5769700991802851));
#11675=DIRECTION('',(-0.0707490757044108,-0.7543427145691975,0.6526573658998616));
#11676=AXIS2_PLACEMENT_3D('',#545,#11674,#11675);
#11677=PLANE('',#11676);
#11678=FACE_SURFACE('',(#11673),#11677,.T.);
#11679=POLY_LOOP('',(#885,#107,#109));
#11680=FACE_OUTER_BOUND('',#11679,.T.);
#11681=DIRECTION('',(-0.3261975980082424,0.7028462899739786,0.6321409808922903));
#11682=DIRECTION('',(-0.026472897279296435,0.6616644846155615,-0.7493325666938968));
#11683=AXIS2_PLACEMENT_3D('',#885,#11681,#11682);
#11684=PLANE('',#11683);
#11685=FACE_SURFACE('',(#11680),#11684,.T.);
#11686=POLY_LOOP('',(#885,#98,#107));
#11687=FACE_OUTER_BOUND('',#11686,.T.);
#11688=DIRECTION('',(-0.2797100740442875,0.7147505099099738,0.6410101271131149));
#11689=DIRECTION('',(0.5314824840763206,0.6712995064299159,-0.5166075316785604));
#11690=AXIS2_PLACEMENT_3D('',#885,#11688,#11689);
#11691=PLANE('',#11690);
#11692=FACE_SURFACE('',(#11687),#11691,.T.);
#11693=POLY_LOOP('',(#886,#98,#885));
#11694=FACE_OUTER_BOUND('',#11693,.T.);
#11695=DIRECTION('',(-0.26441643744810733,0.7108805167105225,0.6517153048445551));
#11696=DIRECTION('',(-0.42059241117795226,0.5231155724843781,-0.7412503770547828));
#11697=AXIS2_PLACEMENT_3D('',#886,#11695,#11696);
#11698=PLANE('',#11697);
#11699=FACE_SURFACE('',(#11694),#11698,.T.);
#11700=POLY_LOOP('',(#886,#97,#98));
#11701=FACE_OUTER_BOUND('',#11700,.T.);
#11702=DIRECTION('',(-0.24022310738193106,0.7236564494230641,0.6470040199938278));
#11703=DIRECTION('',(-0.01061707939807206,0.6645227338212305,-0.7471926216577711));
#11704=AXIS2_PLACEMENT_3D('',#886,#11702,#11703);
#11705=PLANE('',#11704);
#11706=FACE_SURFACE('',(#11701),#11705,.T.);
#11707=POLY_LOOP('',(#196,#97,#886));
#11708=FACE_OUTER_BOUND('',#11707,.T.);
#11709=DIRECTION('',(-0.19384677265185693,0.7316916408628353,0.653491217556832));
#11710=DIRECTION('',(-0.9587553028465654,-0.2824433166938013,0.031844027989494324));
#11711=AXIS2_PLACEMENT_3D('',#196,#11709,#11710);
#11712=PLANE('',#11711);
#11713=FACE_SURFACE('',(#11708),#11712,.T.);
#11714=POLY_LOOP('',(#30,#887,#888));
#11715=FACE_OUTER_BOUND('',#11714,.T.);
#11716=DIRECTION('',(-0.4433877038666652,0.6542984788485681,0.6126180250664328));
#11717=DIRECTION('',(-0.28398116518203764,-0.7508083254013376,0.596356903481373));
#11718=AXIS2_PLACEMENT_3D('',#30,#11716,#11717);
#11719=PLANE('',#11718);
#11720=FACE_SURFACE('',(#11715),#11719,.T.);
#11721=POLY_LOOP('',(#30,#889,#887));
#11722=FACE_OUTER_BOUND('',#11721,.T.);
#11723=DIRECTION('',(-0.4972614898847558,0.6471084352135683,0.5779114843581498));
#11724=DIRECTION('',(-0.507900138804892,-0.7571560517643137,0.4107945499622009));
#11725=AXIS2_PLACEMENT_3D('',#30,#11723,#11724);
#11726=PLANE('',#11725);
#11727=FACE_SURFACE('',(#11722),#11726,.T.);
#11728=POLY_LOOP('',(#32,#889,#30));
#11729=FACE_OUTER_BOUND('',#11728,.T.);
#11730=DIRECTION('',(-0.46705842726519275,0.6427533238333315,0.6072269676338239));
#11731=DIRECTION('',(0.21346684494637017,-0.5844567548651457,0.7828423901406625));
#11732=AXIS2_PLACEMENT_3D('',#32,#11730,#11731);
#11733=PLANE('',#11732);
#11734=FACE_SURFACE('',(#11729),#11733,.T.);
#11735=POLY_LOOP('',(#32,#890,#889));
#11736=FACE_OUTER_BOUND('',#11735,.T.);
#11737=DIRECTION('',(-0.5296883268110218,0.604069594466489,0.5954243877111784));
#11738=DIRECTION('',(-0.3042834191497713,-0.7905958018345163,0.531384868952968));
#11739=AXIS2_PLACEMENT_3D('',#32,#11737,#11738);
#11740=PLANE('',#11739);
#11741=FACE_SURFACE('',(#11736),#11740,.T.);
#11742=POLY_LOOP('',(#47,#890,#32));
#11743=FACE_OUTER_BOUND('',#11742,.T.);
#11744=DIRECTION('',(-0.5500749004361912,0.6012607262252798,0.5795715167338398));
#11745=DIRECTION('',(0.7175517987633339,-0.014763339604519896,0.696348662593119));
#11746=AXIS2_PLACEMENT_3D('',#47,#11744,#11745);
#11747=PLANE('',#11746);
#11748=FACE_SURFACE('',(#11743),#11747,.T.);
#11749=POLY_LOOP('',(#546,#884,#881));
#11750=FACE_OUTER_BOUND('',#11749,.T.);
#11751=DIRECTION('',(0.6940575916296231,0.35759986692440315,0.6248250912670974));
#11752=DIRECTION('',(-0.6960080742810776,0.11147641122526974,0.7093276889251403));
#11753=AXIS2_PLACEMENT_3D('',#546,#11751,#11752);
#11754=PLANE('',#11753);
#11755=FACE_SURFACE('',(#11750),#11754,.T.);
#11756=POLY_LOOP('',(#851,#315,#314));
#11757=FACE_OUTER_BOUND('',#11756,.T.);
#11758=DIRECTION('',(0.2231675718527366,0.7279470759591956,0.6482972230974079));
#11759=DIRECTION('',(0.1822126538080105,0.6221948521111781,-0.7613620129731924));
#11760=AXIS2_PLACEMENT_3D('',#851,#11758,#11759);
#11761=PLANE('',#11760);
#11762=FACE_SURFACE('',(#11757),#11761,.T.);
#11763=POLY_LOOP('',(#851,#314,#853));
#11764=FACE_OUTER_BOUND('',#11763,.T.);
#11765=DIRECTION('',(0.18665649077571939,0.7268009192039498,0.6609990758659101));
#11766=DIRECTION('',(-0.25834125679959313,0.6854566821881791,-0.6807414574409145));
#11767=AXIS2_PLACEMENT_3D('',#851,#11765,#11766);
#11768=PLANE('',#11767);
#11769=FACE_SURFACE('',(#11764),#11768,.T.);
#11770=POLY_LOOP('',(#548,#550,#847));
#11771=FACE_OUTER_BOUND('',#11770,.T.);
#11772=DIRECTION('',(0.41699934579505576,0.666199350424314,0.6182960222261806));
#11773=DIRECTION('',(-0.8187670168731898,0.5706915952683501,-0.06270307146100103));
#11774=AXIS2_PLACEMENT_3D('',#548,#11772,#11773);
#11775=PLANE('',#11774);
#11776=FACE_SURFACE('',(#11771),#11775,.T.);
#11777=POLY_LOOP('',(#865,#880,#866));
#11778=FACE_OUTER_BOUND('',#11777,.T.);
#11779=DIRECTION('',(0.03302320956745914,0.680734808370715,0.7317852063975806));
#11780=DIRECTION('',(-1.6464264065072485e-06,-0.7321845137253968,0.6811063337379805));
#11781=AXIS2_PLACEMENT_3D('',#865,#11779,#11780);
#11782=PLANE('',#11781);
#11783=FACE_SURFACE('',(#11778),#11782,.T.);
#11784=POLY_LOOP('',(#865,#891,#880));
#11785=FACE_OUTER_BOUND('',#11784,.T.);
#11786=DIRECTION('',(-0.03375924396506873,0.6807181399224207,0.7317671265009564));
#11787=DIRECTION('',(-0.720046950432381,-0.5243351217944356,0.4545383033649009));
#11788=AXIS2_PLACEMENT_3D('',#865,#11786,#11787);
#11789=PLANE('',#11788);
#11790=FACE_SURFACE('',(#11785),#11789,.T.);
#11791=POLY_LOOP('',(#892,#891,#865));
#11792=FACE_OUTER_BOUND('',#11791,.T.);
#11793=DIRECTION('',(-0.033069283060447444,0.6802085727822215,0.7322722991015306));
#11794=DIRECTION('',(-7.361737520136123e-05,-0.7326746818248304,0.6805790220050613));
#11795=AXIS2_PLACEMENT_3D('',#892,#11793,#11794);
#11796=PLANE('',#11795);
#11797=FACE_SURFACE('',(#11792),#11796,.T.);
#11798=POLY_LOOP('',(#892,#893,#891));
#11799=FACE_OUTER_BOUND('',#11798,.T.);
#11800=DIRECTION('',(-0.10221220039600856,0.6770200845529194,0.728832265478254));
#11801=DIRECTION('',(-0.6921179442983402,-0.5746563792600267,0.43674110976183134));
#11802=AXIS2_PLACEMENT_3D('',#892,#11800,#11801);
#11803=PLANE('',#11802);
#11804=FACE_SURFACE('',(#11799),#11803,.T.);
#11805=POLY_LOOP('',(#894,#893,#892));
#11806=FACE_OUTER_BOUND('',#11805,.T.);
#11807=DIRECTION('',(-0.10045342956673564,0.6758864396931765,0.7301278169794401));
#11808=DIRECTION('',(0.001925363962664326,-0.7337063241759206,0.6794639967193773));
#11809=AXIS2_PLACEMENT_3D('',#894,#11807,#11808);
#11810=PLANE('',#11809);
#11811=FACE_SURFACE('',(#11806),#11810,.T.);
#11812=POLY_LOOP('',(#894,#895,#893));
#11813=FACE_OUTER_BOUND('',#11812,.T.);
#11814=DIRECTION('',(-0.1724003137541037,0.6690480220174896,0.7229473535825215));
#11815=DIRECTION('',(-0.6619968546742694,-0.622174313109886,0.41792258674019483));
#11816=AXIS2_PLACEMENT_3D('',#894,#11814,#11815);
#11817=PLANE('',#11816);
#11818=FACE_SURFACE('',(#11813),#11817,.T.);
#11819=POLY_LOOP('',(#886,#895,#894));
#11820=FACE_OUTER_BOUND('',#11819,.T.);
#11821=DIRECTION('',(-0.16982455187044285,0.6676088429369694,0.7248848559698046));
#11822=DIRECTION('',(0.008278852557091147,-0.7345770511087476,0.6784747722537032));
#11823=AXIS2_PLACEMENT_3D('',#886,#11821,#11822);
#11824=PLANE('',#11823);
#11825=FACE_SURFACE('',(#11820),#11824,.T.);
#11826=POLY_LOOP('',(#886,#896,#895));
#11827=FACE_OUTER_BOUND('',#11826,.T.);
#11828=DIRECTION('',(-0.24460991096961424,0.6563971995877073,0.7136586774003754));
#11829=DIRECTION('',(-0.6287510833446068,-0.6676767726932101,0.39859729351685586));
#11830=AXIS2_PLACEMENT_3D('',#886,#11828,#11829);
#11831=PLANE('',#11830);
#11832=FACE_SURFACE('',(#11827),#11831,.T.);
#11833=POLY_LOOP('',(#885,#896,#886));
#11834=FACE_OUTER_BOUND('',#11833,.T.);
#11835=DIRECTION('',(-0.240893428366145,0.6546220139456375,0.7165475385679324));
#11836=DIRECTION('',(0.02179194126081328,-0.7344546993001593,0.6783077516673371));
#11837=AXIS2_PLACEMENT_3D('',#885,#11835,#11836);
#11838=PLANE('',#11837);
#11839=FACE_SURFACE('',(#11834),#11838,.T.);
#11840=POLY_LOOP('',(#885,#897,#896));
#11841=FACE_OUTER_BOUND('',#11840,.T.);
#11842=DIRECTION('',(-0.3186070435605021,0.637992694080583,0.7010384255470139));
#11843=DIRECTION('',(-0.591247276453271,-0.7118321378659985,0.37910640404471035));
#11844=AXIS2_PLACEMENT_3D('',#885,#11842,#11843);
#11845=PLANE('',#11844);
#11846=FACE_SURFACE('',(#11841),#11845,.T.);
#11847=POLY_LOOP('',(#898,#897,#885));
#11848=FACE_OUTER_BOUND('',#11847,.T.);
#11849=DIRECTION('',(-0.3126127431337777,0.63559976035502,0.7058939137483876));
#11850=DIRECTION('',(0.04617990582073427,-0.732091192611041,0.6796395382846202));
#11851=AXIS2_PLACEMENT_3D('',#898,#11849,#11850);
#11852=PLANE('',#11851);
#11853=FACE_SURFACE('',(#11848),#11852,.T.);
#11854=POLY_LOOP('',(#898,#899,#897));
#11855=FACE_OUTER_BOUND('',#11854,.T.);
#11856=DIRECTION('',(-0.373811459101815,0.6182677793301922,0.6913826336308173));
#11857=DIRECTION('',(-0.370798441815722,-0.7828794214235641,0.499608173530556));
#11858=AXIS2_PLACEMENT_3D('',#898,#11856,#11857);
#11859=PLANE('',#11858);
#11860=FACE_SURFACE('',(#11855),#11859,.T.);
#11861=POLY_LOOP('',(#888,#899,#898));
#11862=FACE_OUTER_BOUND('',#11861,.T.);
#11863=DIRECTION('',(-0.3662701126582006,0.6176273234245871,0.6959760728162494));
#11864=DIRECTION('',(0.06401257984274016,-0.7294559331941233,0.6810260135631879));
#11865=AXIS2_PLACEMENT_3D('',#888,#11863,#11864);
#11866=PLANE('',#11865);
#11867=FACE_SURFACE('',(#11862),#11866,.T.);
#11868=POLY_LOOP('',(#888,#900,#899));
#11869=FACE_OUTER_BOUND('',#11868,.T.);
#11870=DIRECTION('',(-0.41204139133068024,0.602221598490169,0.6837770383262538));
#11871=DIRECTION('',(-0.37200807561390287,-0.7962347383459202,0.47709562262637106));
#11872=AXIS2_PLACEMENT_3D('',#888,#11870,#11871);
#11873=PLANE('',#11872);
#11874=FACE_SURFACE('',(#11869),#11873,.T.);
#11875=POLY_LOOP('',(#887,#900,#888));
#11876=FACE_OUTER_BOUND('',#11875,.T.);
#11877=DIRECTION('',(-0.40180917614351486,0.6014675663092072,0.6904970330457253));
#11878=DIRECTION('',(0.08867353046184784,-0.7249455003049001,0.6830746859481105));
#11879=AXIS2_PLACEMENT_3D('',#887,#11877,#11878);
#11880=PLANE('',#11879);
#11881=FACE_SURFACE('',(#11876),#11880,.T.);
#11882=POLY_LOOP('',(#887,#901,#900));
#11883=FACE_OUTER_BOUND('',#11882,.T.);
#11884=DIRECTION('',(-0.4516919818029837,0.581943385136667,0.6762516174254742));
#11885=DIRECTION('',(-0.32927602797522443,-0.8132077369780545,0.4798650580318291));
#11886=AXIS2_PLACEMENT_3D('',#887,#11884,#11885);
#11887=PLANE('',#11886);
#11888=FACE_SURFACE('',(#11883),#11887,.T.);
#11889=POLY_LOOP('',(#889,#901,#887));
#11890=FACE_OUTER_BOUND('',#11889,.T.);
#11891=DIRECTION('',(-0.4384152307853745,0.581775010200347,0.6850765817934465));
#11892=DIRECTION('',(0.11750579005011517,-0.7185909732966866,0.6854337330488038));
#11893=AXIS2_PLACEMENT_3D('',#889,#11891,#11892);
#11894=PLANE('',#11893);
#11895=FACE_SURFACE('',(#11890),#11894,.T.);
#11896=POLY_LOOP('',(#889,#859,#901));
#11897=FACE_OUTER_BOUND('',#11896,.T.);
#11898=DIRECTION('',(-0.4965145370287484,0.5552407490374843,0.6672188734796258));
#11899=DIRECTION('',(-0.30224925817851017,-0.8311457319776197,0.46673564053533245));
#11900=AXIS2_PLACEMENT_3D('',#889,#11898,#11899);
#11901=PLANE('',#11900);
#11902=FACE_SURFACE('',(#11897),#11901,.T.);
#11903=POLY_LOOP('',(#890,#859,#889));
#11904=FACE_OUTER_BOUND('',#11903,.T.);
#11905=DIRECTION('',(-0.4794411295821511,0.5557470969078575,0.6791769780723426));
#11906=DIRECTION('',(0.1523176095402854,-0.7094808915883575,0.6880670100323969));
#11907=AXIS2_PLACEMENT_3D('',#890,#11905,#11906);
#11908=PLANE('',#11907);
#11909=FACE_SURFACE('',(#11904),#11908,.T.);
#11910=POLY_LOOP('',(#890,#857,#859));
#11911=FACE_OUTER_BOUND('',#11910,.T.);
#11912=DIRECTION('',(-0.5448203874027,0.5205831882661167,0.6573917322001068));
#11913=DIRECTION('',(-0.2702588282991498,-0.8511370889318224,0.4500286897199264));
#11914=AXIS2_PLACEMENT_3D('',#890,#11912,#11913);
#11915=PLANE('',#11914);
#11916=FACE_SURFACE('',(#11911),#11915,.T.);
#11917=POLY_LOOP('',(#902,#857,#890));
#11918=FACE_OUTER_BOUND('',#11917,.T.);
#11919=DIRECTION('',(-0.5235046178686584,0.5221954973200025,0.673241990408282));
#11920=DIRECTION('',(0.19318781491079048,-0.6968395728507532,0.6907192467849539));
#11921=AXIS2_PLACEMENT_3D('',#902,#11919,#11920);
#11922=PLANE('',#11921);
#11923=FACE_SURFACE('',(#11918),#11922,.T.);
#11924=POLY_LOOP('',(#902,#861,#857));
#11925=FACE_OUTER_BOUND('',#11924,.T.);
#11926=DIRECTION('',(-0.5917811491838829,0.47876371534437384,0.64852168532768));
#11927=DIRECTION('',(-0.23421716502916895,-0.8719335658977219,0.42996997135449133));
#11928=AXIS2_PLACEMENT_3D('',#902,#11926,#11927);
#11929=PLANE('',#11928);
#11930=FACE_SURFACE('',(#11925),#11929,.T.);
#11931=POLY_LOOP('',(#863,#861,#902));
#11932=FACE_OUTER_BOUND('',#11931,.T.);
#11933=DIRECTION('',(-0.5662523007768422,0.48186008547613535,0.6687071032147512));
#11934=DIRECTION('',(0.24003962174660406,-0.6797335972027764,0.6930679741739053));
#11935=AXIS2_PLACEMENT_3D('',#863,#11933,#11934);
#11936=PLANE('',#11935);
#11937=FACE_SURFACE('',(#11932),#11936,.T.);
#11938=POLY_LOOP('',(#849,#450,#315));
#11939=FACE_OUTER_BOUND('',#11938,.T.);
#11940=DIRECTION('',(0.2696918701936456,0.7157588434803323,0.6441704534757481));
#11941=DIRECTION('',(-0.02539130366000069,0.6740108098495029,-0.7382849787883151));
#11942=AXIS2_PLACEMENT_3D('',#849,#11940,#11941);
#11943=PLANE('',#11942);
#11944=FACE_SURFACE('',(#11939),#11943,.T.);
#11945=POLY_LOOP('',(#849,#549,#450));
#11946=FACE_OUTER_BOUND('',#11945,.T.);
#11947=DIRECTION('',(0.31169869360424957,0.7070441001214327,0.6347696943686565));
#11948=DIRECTION('',(0.2672047487748137,0.5758672444504765,-0.7726438629803539));
#11949=AXIS2_PLACEMENT_3D('',#849,#11947,#11948);
#11950=PLANE('',#11949);
#11951=FACE_SURFACE('',(#11946),#11950,.T.);
#11952=POLY_LOOP('',(#847,#549,#849));
#11953=FACE_OUTER_BOUND('',#11952,.T.);
#11954=DIRECTION('',(0.34434607202723205,0.6917984612144614,0.6346973071793511));
#11955=DIRECTION('',(-0.5602063048060355,0.6939042677354269,-0.4524000036186208));
#11956=AXIS2_PLACEMENT_3D('',#847,#11954,#11955);
#11957=PLANE('',#11956);
#11958=FACE_SURFACE('',(#11953),#11957,.T.);
#11959=POLY_LOOP('',(#847,#550,#549));
#11960=FACE_OUTER_BOUND('',#11959,.T.);
#11961=DIRECTION('',(0.3602525765093422,0.6958812934417963,0.621262671143336));
#11962=DIRECTION('',(0.25556733518636365,0.5668758500683563,-0.7831584180707116));
#11963=AXIS2_PLACEMENT_3D('',#847,#11961,#11962);
#11964=PLANE('',#11963);
#11965=FACE_SURFACE('',(#11960),#11964,.T.);
#11966=POLY_LOOP('',(#859,#858,#903));
#11967=FACE_OUTER_BOUND('',#11966,.T.);
#11968=DIRECTION('',(-0.48195267187220114,0.440212619468475,0.7575846300816497));
#11969=DIRECTION('',(-0.22817985059215581,-0.8978522111636014,0.37655725021883873));
#11970=AXIS2_PLACEMENT_3D('',#859,#11968,#11969);
#11971=PLANE('',#11970);
#11972=FACE_SURFACE('',(#11967),#11971,.T.);
#11973=POLY_LOOP('',(#47,#902,#890));
#11974=FACE_OUTER_BOUND('',#11973,.T.);
#11975=DIRECTION('',(-0.5706553431832436,0.5607571658439502,0.599919894861868));
#11976=DIRECTION('',(0.05050046756142216,-0.7052031278611401,0.7072045328127798));
#11977=AXIS2_PLACEMENT_3D('',#47,#11975,#11976);
#11978=PLANE('',#11977);
#11979=FACE_SURFACE('',(#11974),#11978,.T.);
#11980=POLY_LOOP('',(#859,#903,#901));
#11981=FACE_OUTER_BOUND('',#11980,.T.);
#11982=DIRECTION('',(-0.41297828322360025,0.46589678868599443,0.7825529502070551));
#11983=DIRECTION('',(0.10901761574604663,-0.8277820655442715,0.550356258636446));
#11984=AXIS2_PLACEMENT_3D('',#859,#11982,#11983);
#11985=PLANE('',#11984);
#11986=FACE_SURFACE('',(#11981),#11985,.T.);
#11987=POLY_LOOP('',(#901,#904,#900));
#11988=FACE_OUTER_BOUND('',#11987,.T.);
#11989=DIRECTION('',(-0.37485242517540696,0.48610052607432386,0.7894250679389283));
#11990=DIRECTION('',(0.08394429848444372,-0.8302191074063169,0.5510803829292176));
#11991=AXIS2_PLACEMENT_3D('',#901,#11989,#11990);
#11992=PLANE('',#11991);
#11993=FACE_SURFACE('',(#11988),#11992,.T.);
#11994=POLY_LOOP('',(#578,#580,#905));
#11995=FACE_OUTER_BOUND('',#11994,.T.);
#11996=DIRECTION('',(-0.0025876630841229022,-0.3955003462680945,0.9184621821836654));
#11997=DIRECTION('',(0.9974874204340993,0.06400352296644882,0.030370958555988377));
#11998=AXIS2_PLACEMENT_3D('',#578,#11996,#11997);
#11999=PLANE('',#11998);
#12000=FACE_SURFACE('',(#11995),#11999,.T.);
#12001=POLY_LOOP('',(#906,#907,#908));
#12002=FACE_OUTER_BOUND('',#12001,.T.);
#12003=DIRECTION('',(-0.0002299046008386195,-0.32888453121987815,0.9443701140274166));
#12004=DIRECTION('',(-0.9744670156520129,0.21211366462696604,0.07363306787563964));
#12005=AXIS2_PLACEMENT_3D('',#906,#12003,#12004);
#12006=PLANE('',#12005);
#12007=FACE_SURFACE('',(#12002),#12006,.T.);
#12008=POLY_LOOP('',(#909,#910,#911));
#12009=FACE_OUTER_BOUND('',#12008,.T.);
#12010=DIRECTION('',(-0.01121246125385419,-0.45005633253367705,0.8929297722995729));
#12011=DIRECTION('',(0.4730934662327522,0.7843296115185333,0.4012600562017932));
#12012=AXIS2_PLACEMENT_3D('',#909,#12010,#12011);
#12013=PLANE('',#12012);
#12014=FACE_SURFACE('',(#12009),#12013,.T.);
#12015=POLY_LOOP('',(#909,#912,#910));
#12016=FACE_OUTER_BOUND('',#12015,.T.);
#12017=DIRECTION('',(-0.005748623851288608,-0.4526955611446534,0.891646612870673));
#12018=DIRECTION('',(0.948955902861283,0.27872612040167427,0.14762941519412254));
#12019=AXIS2_PLACEMENT_3D('',#909,#12017,#12018);
#12020=PLANE('',#12019);
#12021=FACE_SURFACE('',(#12016),#12020,.T.);
#12022=POLY_LOOP('',(#913,#912,#909));
#12023=FACE_OUTER_BOUND('',#12022,.T.);
#12024=DIRECTION('',(0.0032362647101921295,-0.47663716829482633,0.8790941567264652));
#12025=DIRECTION('',(0.8720349392011733,0.43160728273033694,0.23080341918295083));
#12026=AXIS2_PLACEMENT_3D('',#913,#12024,#12025);
#12027=PLANE('',#12026);
#12028=FACE_SURFACE('',(#12023),#12027,.T.);
#12029=POLY_LOOP('',(#913,#914,#912));
#12030=FACE_OUTER_BOUND('',#12029,.T.);
#12031=DIRECTION('',(-0.0043006302251986156,-0.4647876896744229,0.8854117167209719));
#12032=DIRECTION('',(0.920697616122429,0.343700571802572,0.1848940686151442));
#12033=AXIS2_PLACEMENT_3D('',#913,#12031,#12032);
#12034=PLANE('',#12033);
#12035=FACE_SURFACE('',(#12030),#12034,.T.);
#12036=POLY_LOOP('',(#831,#914,#913));
#12037=FACE_OUTER_BOUND('',#12036,.T.);
#12038=DIRECTION('',(0.00022740058092290342,-0.47422359575513484,0.8804044124821537));
#12039=DIRECTION('',(-0.7978717035729318,0.5306457565368077,0.28603465822712226));
#12040=AXIS2_PLACEMENT_3D('',#831,#12038,#12039);
#12041=PLANE('',#12040);
#12042=FACE_SURFACE('',(#12037),#12041,.T.);
#12043=POLY_LOOP('',(#915,#916,#917));
#12044=FACE_OUTER_BOUND('',#12043,.T.);
#12045=DIRECTION('',(0.0011305843096860507,-0.44315663954339146,0.8964434809890288));
#12046=DIRECTION('',(0.1060421921494066,0.8914426951561744,0.4405507629511544));
#12047=AXIS2_PLACEMENT_3D('',#915,#12045,#12046);
#12048=PLANE('',#12047);
#12049=FACE_SURFACE('',(#12044),#12048,.T.);
#12050=POLY_LOOP('',(#915,#911,#916));
#12051=FACE_OUTER_BOUND('',#12050,.T.);
#12052=DIRECTION('',(-0.012539480451793183,-0.44181476121243207,0.8970186610125794));
#12053=DIRECTION('',(0.6647991464327538,0.6664201128935996,0.33752974392364854));
#12054=AXIS2_PLACEMENT_3D('',#915,#12052,#12053);
#12055=PLANE('',#12054);
#12056=FACE_SURFACE('',(#12051),#12055,.T.);
#12057=POLY_LOOP('',(#909,#911,#915));
#12058=FACE_OUTER_BOUND('',#12057,.T.);
#12059=DIRECTION('',(0.008651254934993809,-0.45867167005775067,0.8885637033294144));
#12060=DIRECTION('',(0.4372833207294134,0.8008646287909672,0.40914440453629985));
#12061=AXIS2_PLACEMENT_3D('',#909,#12059,#12060);
#12062=PLANE('',#12061);
#12063=FACE_SURFACE('',(#12058),#12062,.T.);
#12064=POLY_LOOP('',(#918,#919,#920));
#12065=FACE_OUTER_BOUND('',#12064,.T.);
#12066=DIRECTION('',(-0.039052837039250235,-0.41795583409854065,0.9076275649528162));
#12067=DIRECTION('',(0.4604154710187855,0.7986270951000646,0.38757238939143));
#12068=AXIS2_PLACEMENT_3D('',#918,#12066,#12067);
#12069=PLANE('',#12068);
#12070=FACE_SURFACE('',(#12065),#12069,.T.);
#12071=POLY_LOOP('',(#918,#917,#919));
#12072=FACE_OUTER_BOUND('',#12071,.T.);
#12073=DIRECTION('',(0.0001396116714454186,-0.4366662874490317,0.8996235512224325));
#12074=DIRECTION('',(0.6008679168973745,0.7191492139788964,0.34897299963886236));
#12075=AXIS2_PLACEMENT_3D('',#918,#12073,#12074);
#12076=PLANE('',#12075);
#12077=FACE_SURFACE('',(#12072),#12076,.T.);
#12078=POLY_LOOP('',(#905,#580,#868));
#12079=FACE_OUTER_BOUND('',#12078,.T.);
#12080=DIRECTION('',(0.0003599766759043042,-0.3938752237260359,0.9191638475003018));
#12081=DIRECTION('',(0.5148249963741621,-0.7879218796575572,-0.337837734223467));
#12082=AXIS2_PLACEMENT_3D('',#905,#12080,#12081);
#12083=PLANE('',#12082);
#12084=FACE_SURFACE('',(#12079),#12083,.T.);
#12085=POLY_LOOP('',(#915,#917,#918));
#12086=FACE_OUTER_BOUND('',#12085,.T.);
#12087=DIRECTION('',(0.010241853226698459,-0.44346239093310263,0.8962344627776702));
#12088=DIRECTION('',(0.040215897245448336,0.8957389911517011,0.4427576553141418));
#12089=AXIS2_PLACEMENT_3D('',#915,#12087,#12088);
#12090=PLANE('',#12089);
#12091=FACE_SURFACE('',(#12086),#12090,.T.);
#12092=POLY_LOOP('',(#597,#920,#921));
#12093=FACE_OUTER_BOUND('',#12092,.T.);
#12094=DIRECTION('',(0.0007477708582829487,-0.4084789017246031,0.9127674554258633));
#12095=DIRECTION('',(0.8881271797867394,0.41977684605318805,0.1871296663858801));
#12096=AXIS2_PLACEMENT_3D('',#597,#12094,#12095);
#12097=PLANE('',#12096);
#12098=FACE_SURFACE('',(#12093),#12097,.T.);
#12099=POLY_LOOP('',(#918,#920,#597));
#12100=FACE_OUTER_BOUND('',#12099,.T.);
#12101=DIRECTION('',(0.009221068667829423,-0.4233526168806967,0.9059180612356116));
#12102=DIRECTION('',(0.11551193896836541,0.9003426399686022,0.41957135580272464));
#12103=AXIS2_PLACEMENT_3D('',#918,#12101,#12102);
#12104=PLANE('',#12103);
#12105=FACE_SURFACE('',(#12100),#12104,.T.);
#12106=POLY_LOOP('',(#869,#596,#597));
#12107=FACE_OUTER_BOUND('',#12106,.T.);
#12108=DIRECTION('',(0.007630622201997103,-0.4026453406394607,0.9153242612681821));
#12109=DIRECTION('',(-0.475852326194873,-0.8065294344260956,-0.3508202318271433));
#12110=AXIS2_PLACEMENT_3D('',#869,#12108,#12109);
#12111=PLANE('',#12110);
#12112=FACE_SURFACE('',(#12107),#12111,.T.);
#12113=POLY_LOOP('',(#868,#596,#869));
#12114=FACE_OUTER_BOUND('',#12113,.T.);
#12115=DIRECTION('',(-0.011402308903457756,-0.39318401587601864,0.9193890998980121));
#12116=DIRECTION('',(0.11845102005715431,-0.913506121174943,-0.3891990781378214));
#12117=AXIS2_PLACEMENT_3D('',#868,#12115,#12116);
#12118=PLANE('',#12117);
#12119=FACE_SURFACE('',(#12114),#12118,.T.);
#12120=POLY_LOOP('',(#868,#582,#596));
#12121=FACE_OUTER_BOUND('',#12120,.T.);
#12122=DIRECTION('',(0.003165381005221929,-0.3916091286207735,0.9201262254408198));
#12123=DIRECTION('',(-0.266992211943902,-0.8870595011937665,-0.37661731253776526));
#12124=AXIS2_PLACEMENT_3D('',#868,#12122,#12123);
#12125=PLANE('',#12124);
#12126=FACE_SURFACE('',(#12121),#12125,.T.);
#12127=POLY_LOOP('',(#580,#582,#868));
#12128=FACE_OUTER_BOUND('',#12127,.T.);
#12129=DIRECTION('',(-7.414013715661001e-07,-0.39080382232141164,0.9204739933634328));
#12130=DIRECTION('',(0.9999999999982006,-1.8971190382959197e-06,0.0));
#12131=AXIS2_PLACEMENT_3D('',#580,#12129,#12130);
#12132=PLANE('',#12131);
#12133=FACE_SURFACE('',(#12128),#12132,.T.);
#12134=POLY_LOOP('',(#572,#922,#923));
#12135=FACE_OUTER_BOUND('',#12134,.T.);
#12136=DIRECTION('',(-0.0018730306040363122,-0.43754361313696566,0.8991952392886683));
#12137=DIRECTION('',(-0.5215874577202078,0.767619722187611,0.37243319677169684));
#12138=AXIS2_PLACEMENT_3D('',#572,#12136,#12137);
#12139=PLANE('',#12138);
#12140=FACE_SURFACE('',(#12135),#12139,.T.);
#12141=POLY_LOOP('',(#572,#924,#922));
#12142=FACE_OUTER_BOUND('',#12141,.T.);
#12143=DIRECTION('',(0.01730916607015367,-0.4269043479676575,0.9041311135318068));
#12144=DIRECTION('',(0.26894795248686215,0.8729263951351296,0.4070215074532454));
#12145=AXIS2_PLACEMENT_3D('',#572,#12143,#12144);
#12146=PLANE('',#12145);
#12147=FACE_SURFACE('',(#12142),#12146,.T.);
#12148=POLY_LOOP('',(#581,#924,#572));
#12149=FACE_OUTER_BOUND('',#12148,.T.);
#12150=DIRECTION('',(-0.010301490159645148,-0.4199607840108399,0.9074837845347383));
#12151=DIRECTION('',(-0.665080716285793,0.6805680339209274,0.3074000520978809));
#12152=AXIS2_PLACEMENT_3D('',#581,#12150,#12151);
#12153=PLANE('',#12152);
#12154=FACE_SURFACE('',(#12149),#12153,.T.);
#12155=POLY_LOOP('',(#581,#925,#924));
#12156=FACE_OUTER_BOUND('',#12155,.T.);
#12157=DIRECTION('',(0.012780188956092262,-0.40120534927520424,0.9158989761339446));
#12158=DIRECTION('',(-0.0771332466921457,0.9128488981685806,0.4009455715769124));
#12159=AXIS2_PLACEMENT_3D('',#581,#12157,#12158);
#12160=PLANE('',#12159);
#12161=FACE_SURFACE('',(#12156),#12160,.T.);
#12162=POLY_LOOP('',(#905,#925,#581));
#12163=FACE_OUTER_BOUND('',#12162,.T.);
#12164=DIRECTION('',(0.013152346909828139,-0.4011770361033253,0.915906109529855));
#12165=DIRECTION('',(-0.9448144636882088,-0.30485231401314394,-0.11996122642918272));
#12166=AXIS2_PLACEMENT_3D('',#905,#12164,#12165);
#12167=PLANE('',#12166);
#12168=FACE_SURFACE('',(#12163),#12167,.T.);
#12169=POLY_LOOP('',(#926,#575,#927));
#12170=FACE_OUTER_BOUND('',#12169,.T.);
#12171=DIRECTION('',(0.00563993766603148,-0.453251854694812,0.8913646545151072));
#12172=DIRECTION('',(0.9529077761052432,-0.2678412931494822,-0.14222451238156122));
#12173=AXIS2_PLACEMENT_3D('',#926,#12171,#12172);
#12174=PLANE('',#12173);
#12175=FACE_SURFACE('',(#12170),#12174,.T.);
#12176=POLY_LOOP('',(#597,#921,#869));
#12177=FACE_OUTER_BOUND('',#12176,.T.);
#12178=DIRECTION('',(-0.013534678220677498,-0.4011494916994373,0.9159126037972979));
#12179=DIRECTION('',(0.4875165742201499,0.7970988645941103,0.3563158569632138));
#12180=AXIS2_PLACEMENT_3D('',#597,#12178,#12179);
#12181=PLANE('',#12180);
#12182=FACE_SURFACE('',(#12177),#12181,.T.);
#12183=POLY_LOOP('',(#860,#575,#926));
#12184=FACE_OUTER_BOUND('',#12183,.T.);
#12185=DIRECTION('',(-0.0008941533175764307,-0.4714644701464408,0.8818846034937794));
#12186=DIRECTION('',(0.9977849108300179,0.05823947795252027,0.03214708272536093));
#12187=AXIS2_PLACEMENT_3D('',#860,#12185,#12186);
#12188=PLANE('',#12187);
#12189=FACE_SURFACE('',(#12184),#12188,.T.);
#12190=POLY_LOOP('',(#905,#868,#908));
#12191=FACE_OUTER_BOUND('',#12190,.T.);
#12192=DIRECTION('',(-6.974127279001248e-05,-0.34946353482065473,0.9369499628938613));
#12193=DIRECTION('',(0.999959651544688,0.00839204866983774,0.0032044971132849866));
#12194=AXIS2_PLACEMENT_3D('',#905,#12192,#12193);
#12195=PLANE('',#12194);
#12196=FACE_SURFACE('',(#12191),#12195,.T.);
#12197=POLY_LOOP('',(#908,#928,#906));
#12198=FACE_OUTER_BOUND('',#12197,.T.);
#12199=DIRECTION('',(2.2705291895922943e-05,-0.33784715957678185,0.94120098610784));
#12200=DIRECTION('',(0.9999904599754081,-0.004103497072628321,-0.0014970871539700572));
#12201=AXIS2_PLACEMENT_3D('',#908,#12199,#12200);
#12202=PLANE('',#12201);
#12203=FACE_SURFACE('',(#12198),#12202,.T.);
#12204=POLY_LOOP('',(#305,#653,#555));
#12205=FACE_OUTER_BOUND('',#12204,.T.);
#12206=DIRECTION('',(-0.00026047013663158203,-0.7052576702095209,0.7089510214154053));
#12207=DIRECTION('',(-0.9914467647154195,0.09270837655537667,0.09186114331856494));
#12208=AXIS2_PLACEMENT_3D('',#305,#12206,#12207);
#12209=PLANE('',#12208);
#12210=FACE_SURFACE('',(#12205),#12209,.T.);
#12211=POLY_LOOP('',(#651,#653,#305));
#12212=FACE_OUTER_BOUND('',#12211,.T.);
#12213=DIRECTION('',(0.0029739168656014708,-0.6876228697275897,0.7260619428437703));
#12214=DIRECTION('',(0.22581555870198916,-0.7068489946326441,-0.6703520211313819));
#12215=AXIS2_PLACEMENT_3D('',#651,#12213,#12214);
#12216=PLANE('',#12215);
#12217=FACE_SURFACE('',(#12212),#12216,.T.);
#12218=POLY_LOOP('',(#341,#651,#305));
#12219=FACE_OUTER_BOUND('',#12218,.T.);
#12220=DIRECTION('',(0.0031892300573897565,-0.6873135117966481,0.726353884352111));
#12221=DIRECTION('',(-0.989059704818056,-0.10929273488023356,-0.09907572057582459));
#12222=AXIS2_PLACEMENT_3D('',#341,#12220,#12221);
#12223=PLANE('',#12222);
#12224=FACE_SURFACE('',(#12219),#12223,.T.);
#12225=POLY_LOOP('',(#341,#652,#651));
#12226=FACE_OUTER_BOUND('',#12225,.T.);
#12227=DIRECTION('',(-0.002270818071195061,-0.6602681794560346,0.7510264806137673));
#12228=DIRECTION('',(-0.9442377278864451,0.2486975044835317,0.21578847165571027));
#12229=AXIS2_PLACEMENT_3D('',#341,#12227,#12228);
#12230=PLANE('',#12229);
#12231=FACE_SURFACE('',(#12226),#12230,.T.);
#12232=POLY_LOOP('',(#340,#652,#341));
#12233=FACE_OUTER_BOUND('',#12232,.T.);
#12234=DIRECTION('',(0.0067665809028296595,-0.6405701527899406,0.7678698410131484));
#12235=DIRECTION('',(-0.9059287200243299,-0.32903956617039937,-0.2665072571797527));
#12236=AXIS2_PLACEMENT_3D('',#340,#12234,#12235);
#12237=PLANE('',#12236);
#12238=FACE_SURFACE('',(#12233),#12237,.T.);
#12239=POLY_LOOP('',(#929,#652,#340));
#12240=FACE_OUTER_BOUND('',#12239,.T.);
#12241=DIRECTION('',(-0.006740423232915867,-0.6181145104704511,0.7860591699360272));
#12242=DIRECTION('',(-0.8684752444059517,-0.38603824965886663,-0.3110067839362045));
#12243=AXIS2_PLACEMENT_3D('',#929,#12241,#12242);
#12244=PLANE('',#12243);
#12245=FACE_SURFACE('',(#12240),#12244,.T.);
#12246=POLY_LOOP('',(#929,#654,#652));
#12247=FACE_OUTER_BOUND('',#12246,.T.);
#12248=DIRECTION('',(0.00027898914406642426,-0.6277486168751821,0.7784160816532205));
#12249=DIRECTION('',(-0.9999050796155936,-0.010897894009917121,-0.008430164000891735));
#12250=AXIS2_PLACEMENT_3D('',#929,#12248,#12249);
#12251=PLANE('',#12250);
#12252=FACE_SURFACE('',(#12247),#12251,.T.);
#12253=POLY_LOOP('',(#883,#654,#929));
#12254=FACE_OUTER_BOUND('',#12253,.T.);
#12255=DIRECTION('',(-8.307342853448486e-05,-0.6070795682711305,0.7946410453069632));
#12256=DIRECTION('',(-0.9895520888783901,-0.11451809068351172,-0.08759149674835848));
#12257=AXIS2_PLACEMENT_3D('',#883,#12255,#12256);
#12258=PLANE('',#12257);
#12259=FACE_SURFACE('',(#12254),#12258,.T.);
#12260=POLY_LOOP('',(#883,#661,#654));
#12261=FACE_OUTER_BOUND('',#12260,.T.);
#12262=DIRECTION('',(-0.0015676552815899073,-0.598950333883739,0.8007846402107597));
#12263=DIRECTION('',(-0.974238169241753,0.1815050704348897,0.13385028576324864));
#12264=AXIS2_PLACEMENT_3D('',#883,#12262,#12263);
#12265=PLANE('',#12264);
#12266=FACE_SURFACE('',(#12261),#12265,.T.);
#12267=POLY_LOOP('',(#882,#661,#883));
#12268=FACE_OUTER_BOUND('',#12267,.T.);
#12269=DIRECTION('',(0.004916153193191488,-0.5762808404845058,0.8172369450338455));
#12270=DIRECTION('',(-0.8227995808260159,-0.4667865765272063,-0.3242084850316894));
#12271=AXIS2_PLACEMENT_3D('',#882,#12269,#12270);
#12272=PLANE('',#12271);
#12273=FACE_SURFACE('',(#12268),#12272,.T.);
#12274=POLY_LOOP('',(#882,#660,#661));
#12275=FACE_OUTER_BOUND('',#12274,.T.);
#12276=DIRECTION('',(0.0012673567866118248,-0.5719620770843269,0.820279084326888));
#12277=DIRECTION('',(-0.9968007639656279,-0.06627641767233484,-0.04467296070402092));
#12278=AXIS2_PLACEMENT_3D('',#882,#12276,#12277);
#12279=PLANE('',#12278);
#12280=FACE_SURFACE('',(#12275),#12279,.T.);
#12281=POLY_LOOP('',(#829,#660,#882));
#12282=FACE_OUTER_BOUND('',#12281,.T.);
#12283=DIRECTION('',(-0.001805519846191007,-0.540111358203422,0.8415916235548807));
#12284=DIRECTION('',(-0.4646237789626342,-0.7447840564524761,-0.478979595887629));
#12285=AXIS2_PLACEMENT_3D('',#829,#12283,#12284);
#12286=PLANE('',#12285);
#12287=FACE_SURFACE('',(#12282),#12286,.T.);
#12288=POLY_LOOP('',(#908,#868,#928));
#12289=FACE_OUTER_BOUND('',#12288,.T.);
#12290=DIRECTION('',(-2.373877488189495e-05,-0.3478352867294886,0.9375556584770236));
#12291=DIRECTION('',(0.9996495886658552,-0.024826032925181568,-0.009185203829209442));
#12292=AXIS2_PLACEMENT_3D('',#908,#12290,#12291);
#12293=PLANE('',#12292);
#12294=FACE_SURFACE('',(#12289),#12293,.T.);
#12295=POLY_LOOP('',(#829,#658,#660));
#12296=FACE_OUTER_BOUND('',#12295,.T.);
#12297=DIRECTION('',(0.008621021894683762,-0.5446882149783048,0.8385943157720778));
#12298=DIRECTION('',(-0.886020629179351,-0.39293328065940114,-0.2461115227267246));
#12299=AXIS2_PLACEMENT_3D('',#829,#12297,#12298);
#12300=PLANE('',#12299);
#12301=FACE_SURFACE('',(#12296),#12300,.T.);
#12302=POLY_LOOP('',(#831,#659,#829));
#12303=FACE_OUTER_BOUND('',#12302,.T.);
#12304=DIRECTION('',(-0.0012921313996591202,-0.5052742036072978,0.8629578840044612));
#12305=DIRECTION('',(-0.5648076639371985,-0.7117638928762157,-0.4175936584234721));
#12306=AXIS2_PLACEMENT_3D('',#831,#12304,#12305);
#12307=PLANE('',#12306);
#12308=FACE_SURFACE('',(#12303),#12307,.T.);
#12309=POLY_LOOP('',(#831,#930,#659));
#12310=FACE_OUTER_BOUND('',#12309,.T.);
#12311=DIRECTION('',(0.0031792503959748018,-0.5079106561263825,0.8614038877090046));
#12312=DIRECTION('',(-0.9812605582789072,-0.16754368594343122,-0.09516737921502315));
#12313=AXIS2_PLACEMENT_3D('',#831,#12311,#12312);
#12314=PLANE('',#12313);
#12315=FACE_SURFACE('',(#12310),#12314,.T.);
#12316=POLY_LOOP('',(#913,#930,#831));
#12317=FACE_OUTER_BOUND('',#12316,.T.);
#12318=DIRECTION('',(-0.00012406264276732895,-0.49335049700912054,0.8698305994326219));
#12319=DIRECTION('',(0.887281100847087,-0.4012454508105064,-0.2274518328865581));
#12320=AXIS2_PLACEMENT_3D('',#913,#12318,#12319);
#12321=PLANE('',#12320);
#12322=FACE_SURFACE('',(#12317),#12321,.T.);
#12323=POLY_LOOP('',(#908,#931,#932));
#12324=FACE_OUTER_BOUND('',#12323,.T.);
#12325=DIRECTION('',(0.0018157835326044344,-0.319863145886694,0.9474620155096616));
#12326=DIRECTION('',(-0.4525877595604567,0.8446088709288039,0.28600729893556437));
#12327=AXIS2_PLACEMENT_3D('',#908,#12325,#12326);
#12328=PLANE('',#12327);
#12329=FACE_SURFACE('',(#12324),#12328,.T.);
#12330=POLY_LOOP('',(#908,#933,#931));
#12331=FACE_OUTER_BOUND('',#12330,.T.);
#12332=DIRECTION('',(0.0009523658131647323,-0.320278699033853,0.9473228847360021));
#12333=DIRECTION('',(0.7745083884734252,0.5994781174175557,0.20189785269239782));
#12334=AXIS2_PLACEMENT_3D('',#908,#12332,#12333);
#12335=PLANE('',#12334);
#12336=FACE_SURFACE('',(#12331),#12335,.T.);
#12337=POLY_LOOP('',(#934,#933,#908));
#12338=FACE_OUTER_BOUND('',#12337,.T.);
#12339=DIRECTION('',(-0.00047197330744633796,-0.3186262323948095,0.9478803201201542));
#12340=DIRECTION('',(-0.9997420927684295,0.021672142184328082,0.006787208567833041));
#12341=AXIS2_PLACEMENT_3D('',#934,#12339,#12340);
#12342=PLANE('',#12341);
#12343=FACE_SURFACE('',(#12338),#12342,.T.);
#12344=POLY_LOOP('',(#908,#935,#934));
#12345=FACE_OUTER_BOUND('',#12344,.T.);
#12346=DIRECTION('',(-0.0013600989876309097,-0.31608799467655607,0.9487289021380647));
#12347=DIRECTION('',(0.9843185677085378,0.1669279357999747,0.05702649834745335));
#12348=AXIS2_PLACEMENT_3D('',#908,#12346,#12347);
#12349=PLANE('',#12348);
#12350=FACE_SURFACE('',(#12345),#12349,.T.);
#12351=POLY_LOOP('',(#908,#936,#935));
#12352=FACE_OUTER_BOUND('',#12351,.T.);
#12353=DIRECTION('',(-0.0011081794406419313,-0.3174214630776382,0.9482839167232453));
#12354=DIRECTION('',(0.9958859074445207,0.08557306119535232,0.02980789410642881));
#12355=AXIS2_PLACEMENT_3D('',#908,#12353,#12354);
#12356=PLANE('',#12355);
#12357=FACE_SURFACE('',(#12352),#12356,.T.);
#12358=POLY_LOOP('',(#907,#936,#908));
#12359=FACE_OUTER_BOUND('',#12358,.T.);
#12360=DIRECTION('',(-0.0006033429113662848,-0.3226782444612381,0.9465085242768524));
#12361=DIRECTION('',(-0.9809911891998863,0.18386229960264316,0.06205595456538142));
#12362=AXIS2_PLACEMENT_3D('',#907,#12360,#12361);
#12363=PLANE('',#12362);
#12364=FACE_SURFACE('',(#12359),#12363,.T.);
#12365=POLY_LOOP('',(#908,#937,#905));
#12366=FACE_OUTER_BOUND('',#12365,.T.);
#12367=DIRECTION('',(-0.00011985731096693428,-0.3486381491961915,0.9372573961080698));
#12368=DIRECTION('',(-0.9999168279245998,0.012129238190104571,0.0043839267938926155));
#12369=AXIS2_PLACEMENT_3D('',#908,#12367,#12368);
#12370=PLANE('',#12369);
#12371=FACE_SURFACE('',(#12366),#12370,.T.);
#12372=POLY_LOOP('',(#908,#938,#937));
#12373=FACE_OUTER_BOUND('',#12372,.T.);
#12374=DIRECTION('',(0.00013129481040443866,-0.33032283451542005,0.9438680033560682));
#12375=DIRECTION('',(-0.9929904792666738,0.11151674738999005,0.039165330807982464));
#12376=AXIS2_PLACEMENT_3D('',#908,#12374,#12375);
#12377=PLANE('',#12376);
#12378=FACE_SURFACE('',(#12373),#12377,.T.);
#12379=POLY_LOOP('',(#932,#938,#908));
#12380=FACE_OUTER_BOUND('',#12379,.T.);
#12381=DIRECTION('',(0.0012531669890763445,-0.32141168532658704,0.9469387298595514));
#12382=DIRECTION('',(-0.9856889833579668,-0.16002220537082962,-0.05301058266982111));
#12383=AXIS2_PLACEMENT_3D('',#932,#12381,#12382);
#12384=PLANE('',#12383);
#12385=FACE_SURFACE('',(#12380),#12384,.T.);
#12386=POLY_LOOP('',(#659,#658,#829));
#12387=FACE_OUTER_BOUND('',#12386,.T.);
#12388=DIRECTION('',(0.0007480578164684768,-0.5320287638928839,0.8467259502342614));
#12389=DIRECTION('',(0.7731345169315302,-0.5367214579984508,-0.3379246887297026));
#12390=AXIS2_PLACEMENT_3D('',#659,#12388,#12389);
#12391=PLANE('',#12390);
#12392=FACE_SURFACE('',(#12387),#12391,.T.);
#12393=POLY_LOOP('',(#860,#577,#575));
#12394=FACE_OUTER_BOUND('',#12393,.T.);
#12395=DIRECTION('',(0.0006312426533593798,-0.49151711198133063,0.8708676880917358));
#12396=DIRECTION('',(0.9740792263059975,-0.1966935582592123,-0.11171976109193593));
#12397=AXIS2_PLACEMENT_3D('',#860,#12395,#12396);
#12398=PLANE('',#12397);
#12399=FACE_SURFACE('',(#12394),#12398,.T.);
#12400=POLY_LOOP('',(#560,#577,#860));
#12401=FACE_OUTER_BOUND('',#12400,.T.);
#12402=DIRECTION('',(-0.0036968542456362716,-0.5076588153963864,0.8615502657529762));
#12403=DIRECTION('',(0.8501127753793066,0.4520925075342803,0.2700382079785361));
#12404=AXIS2_PLACEMENT_3D('',#560,#12402,#12403);
#12405=PLANE('',#12404);
#12406=FACE_SURFACE('',(#12401),#12405,.T.);
#12407=POLY_LOOP('',(#575,#939,#927));
#12408=FACE_OUTER_BOUND('',#12407,.T.);
#12409=DIRECTION('',(0.011484520225220736,-0.4505398555122489,0.8926824431958985));
#12410=DIRECTION('',(-0.41724701406261977,0.8091466673467458,0.41374702413127135));
#12411=AXIS2_PLACEMENT_3D('',#575,#12409,#12410);
#12412=PLANE('',#12411);
#12413=FACE_SURFACE('',(#12408),#12412,.T.);
#12414=POLY_LOOP('',(#846,#867,#844));
#12415=FACE_OUTER_BOUND('',#12414,.T.);
#12416=DIRECTION('',(0.3127549472840495,0.5189263966519155,0.7955499593408386));
#12417=DIRECTION('',(-0.032111543991981545,-0.8313120629295823,0.5548775565565914));
#12418=AXIS2_PLACEMENT_3D('',#846,#12416,#12417);
#12419=PLANE('',#12418);
#12420=FACE_SURFACE('',(#12415),#12419,.T.);
#12421=POLY_LOOP('',(#846,#871,#867));
#12422=FACE_OUTER_BOUND('',#12421,.T.);
#12423=DIRECTION('',(0.27200351626864155,0.5269415232916644,0.8051998001543189));
#12424=DIRECTION('',(-0.8034331167419717,-0.3361752214429697,0.4914076183882905));
#12425=AXIS2_PLACEMENT_3D('',#846,#12423,#12424);
#12426=PLANE('',#12425);
#12427=FACE_SURFACE('',(#12422),#12426,.T.);
#12428=POLY_LOOP('',(#848,#871,#846));
#12429=FACE_OUTER_BOUND('',#12428,.T.);
#12430=DIRECTION('',(0.26671059466534636,0.5346963158376666,0.8018511760438365));
#12431=DIRECTION('',(-0.014294194407648089,-0.8297024708958097,0.558022836267141));
#12432=AXIS2_PLACEMENT_3D('',#848,#12430,#12431);
#12433=PLANE('',#12432);
#12434=FACE_SURFACE('',(#12429),#12433,.T.);
#12435=POLY_LOOP('',(#848,#873,#871));
#12436=FACE_OUTER_BOUND('',#12435,.T.);
#12437=DIRECTION('',(0.2092596057192642,0.5432391687938438,0.8130815598095875));
#12438=DIRECTION('',(-0.7692902333037063,-0.4218441640516794,0.47983334419261553));
#12439=AXIS2_PLACEMENT_3D('',#848,#12437,#12438);
#12440=PLANE('',#12439);
#12441=FACE_SURFACE('',(#12436),#12440,.T.);
#12442=POLY_LOOP('',(#850,#873,#848));
#12443=FACE_OUTER_BOUND('',#12442,.T.);
#12444=DIRECTION('',(0.20474233791652946,0.5486490352575562,0.8105953436674965));
#12445=DIRECTION('',(-0.004564511991274426,-0.8275945351403309,0.5613078038261549));
#12446=AXIS2_PLACEMENT_3D('',#850,#12444,#12445);
#12447=PLANE('',#12446);
#12448=FACE_SURFACE('',(#12443),#12447,.T.);
#12449=POLY_LOOP('',(#850,#875,#873));
#12450=FACE_OUTER_BOUND('',#12449,.T.);
#12451=DIRECTION('',(0.14813292032223532,0.5545612130772813,0.8188519395269578));
#12452=DIRECTION('',(-0.738081902270078,-0.4891086347300109,0.46476644561965536));
#12453=AXIS2_PLACEMENT_3D('',#850,#12451,#12452);
#12454=PLANE('',#12453);
#12455=FACE_SURFACE('',(#12450),#12454,.T.);
#12456=POLY_LOOP('',(#852,#875,#850));
#12457=FACE_OUTER_BOUND('',#12456,.T.);
#12458=DIRECTION('',(0.14442025471943373,0.5583471413399205,0.816940181276642));
#12459=DIRECTION('',(-0.0002665383004434662,-0.8255733771291894,0.5642947172646927));
#12460=AXIS2_PLACEMENT_3D('',#852,#12458,#12459);
#12461=PLANE('',#12460);
#12462=FACE_SURFACE('',(#12457),#12461,.T.);
#12463=POLY_LOOP('',(#852,#877,#875));
#12464=FACE_OUTER_BOUND('',#12463,.T.);
#12465=DIRECTION('',(0.08838736531198103,0.562066738526326,0.8223555527237505));
#12466=DIRECTION('',(-0.7100814571480837,-0.5434252638296734,0.4477424559343285));
#12467=AXIS2_PLACEMENT_3D('',#852,#12465,#12466);
#12468=PLANE('',#12467);
#12469=FACE_SURFACE('',(#12464),#12468,.T.);
#12470=POLY_LOOP('',(#879,#877,#852));
#12471=FACE_OUTER_BOUND('',#12470,.T.);
#12472=DIRECTION('',(0.08572086958789465,0.564442141423148,0.8210097450717294));
#12473=DIRECTION('',(0.0006696201326287092,-0.8240753415941263,0.5664798169267833));
#12474=AXIS2_PLACEMENT_3D('',#879,#12472,#12473);
#12475=PLANE('',#12474);
#12476=FACE_SURFACE('',(#12471),#12475,.T.);
#12477=POLY_LOOP('',(#879,#856,#877));
#12478=FACE_OUTER_BOUND('',#12477,.T.);
#12479=DIRECTION('',(0.02939785445648286,0.5662513275939729,0.8237082008523521));
#12480=DIRECTION('',(-0.6846141417986294,-0.5890296405261632,0.4293571467099915));
#12481=AXIS2_PLACEMENT_3D('',#879,#12479,#12480);
#12482=PLANE('',#12481);
#12483=FACE_SURFACE('',(#12478),#12482,.T.);
#12484=POLY_LOOP('',(#880,#856,#879));
#12485=FACE_OUTER_BOUND('',#12484,.T.);
#12486=DIRECTION('',(0.02831837470532771,0.5671052143610881,0.8231583963603318));
#12487=DIRECTION('',(-2.936256398822325e-06,-0.823488605658221,0.5673328091539016));
#12488=AXIS2_PLACEMENT_3D('',#880,#12486,#12487);
#12489=PLANE('',#12488);
#12490=FACE_SURFACE('',(#12485),#12489,.T.);
#12491=POLY_LOOP('',(#880,#854,#856));
#12492=FACE_OUTER_BOUND('',#12491,.T.);
#12493=DIRECTION('',(-0.02950509826333293,0.567085880708611,0.8231300341242627));
#12494=DIRECTION('',(-0.6602759645376737,-0.6293079257434726,0.40988679565252234));
#12495=AXIS2_PLACEMENT_3D('',#880,#12493,#12494);
#12496=PLANE('',#12495);
#12497=FACE_SURFACE('',(#12492),#12496,.T.);
#12498=POLY_LOOP('',(#844,#867,#940));
#12499=FACE_OUTER_BOUND('',#12498,.T.);
#12500=DIRECTION('',(0.320937427838936,0.5126016053946522,0.7963910858108302));
#12501=DIRECTION('',(-0.5270037264861268,-0.6020170622249134,0.5998687598632056));
#12502=AXIS2_PLACEMENT_3D('',#844,#12500,#12501);
#12503=PLANE('',#12502);
#12504=FACE_SURFACE('',(#12499),#12503,.T.);
#12505=POLY_LOOP('',(#891,#854,#880));
#12506=FACE_OUTER_BOUND('',#12505,.T.);
#12507=DIRECTION('',(-0.02833995369975443,0.5662601674916068,0.8237392000728587));
#12508=DIRECTION('',(-0.0006729839127969622,-0.8240808155796447,0.5664718496856138));
#12509=AXIS2_PLACEMENT_3D('',#891,#12507,#12508);
#12510=PLANE('',#12509);
#12511=FACE_SURFACE('',(#12506),#12510,.T.);
#12512=POLY_LOOP('',(#893,#824,#891));
#12513=FACE_OUTER_BOUND('',#12512,.T.);
#12514=DIRECTION('',(-0.08546669617018862,0.5622092263550847,0.8225668542112367));
#12515=DIRECTION('',(0.0002665445353168047,-0.8255747251314312,0.564292745105032));
#12516=AXIS2_PLACEMENT_3D('',#893,#12514,#12515);
#12517=PLANE('',#12516);
#12518=FACE_SURFACE('',(#12513),#12517,.T.);
#12519=POLY_LOOP('',(#893,#822,#824));
#12520=FACE_OUTER_BOUND('',#12519,.T.);
#12521=DIRECTION('',(-0.1489693837604098,0.5579634970200169,0.8163852391458565));
#12522=DIRECTION('',(-0.606578609047509,-0.7035818772636626,0.3701822970269237));
#12523=AXIS2_PLACEMENT_3D('',#893,#12521,#12522);
#12524=PLANE('',#12523);
#12525=FACE_SURFACE('',(#12520),#12524,.T.);
#12526=POLY_LOOP('',(#895,#822,#893));
#12527=FACE_OUTER_BOUND('',#12526,.T.);
#12528=DIRECTION('',(-0.14363054173090173,0.5549440300326801,0.8193945270827572));
#12529=DIRECTION('',(0.004568616513629666,-0.827598888717448,0.5613013514475059));
#12530=AXIS2_PLACEMENT_3D('',#895,#12528,#12529);
#12531=PLANE('',#12530);
#12532=FACE_SURFACE('',(#12527),#12531,.T.);
#12533=POLY_LOOP('',(#895,#826,#822));
#12534=FACE_OUTER_BOUND('',#12533,.T.);
#12535=DIRECTION('',(-0.21085799927668272,0.5478896391381883,0.8095405162597239));
#12536=DIRECTION('',(-0.574999825915646,-0.7392498037708745,0.35054946558467354));
#12537=AXIS2_PLACEMENT_3D('',#895,#12535,#12536);
#12538=PLANE('',#12537);
#12539=FACE_SURFACE('',(#12534),#12538,.T.);
#12540=POLY_LOOP('',(#896,#826,#895));
#12541=FACE_OUTER_BOUND('',#12540,.T.);
#12542=DIRECTION('',(-0.20310521678273852,0.5440281468668257,0.8141140253872822));
#12543=DIRECTION('',(0.014306899610394724,-0.8297062604265331,0.5580168761180582));
#12544=AXIS2_PLACEMENT_3D('',#896,#12542,#12543);
#12545=PLANE('',#12544);
#12546=FACE_SURFACE('',(#12541),#12545,.T.);
#12547=POLY_LOOP('',(#896,#828,#826));
#12548=FACE_OUTER_BOUND('',#12547,.T.);
#12549=DIRECTION('',(-0.2749323121083103,0.5332990728928682,0.8000027016269292));
#12550=DIRECTION('',(-0.5387629375109418,-0.7746141938011688,0.3312209956001378));
#12551=AXIS2_PLACEMENT_3D('',#896,#12549,#12550);
#12552=PLANE('',#12551);
#12553=FACE_SURFACE('',(#12548),#12552,.T.);
#12554=POLY_LOOP('',(#897,#828,#896));
#12555=FACE_OUTER_BOUND('',#12554,.T.);
#12556=DIRECTION('',(-0.26365484549478324,0.5284433026288892,0.8069905813290476));
#12557=DIRECTION('',(0.032136586686760074,-0.8313152474804925,0.5548713356288754));
#12558=AXIS2_PLACEMENT_3D('',#897,#12556,#12557);
#12559=PLANE('',#12558);
#12560=FACE_SURFACE('',(#12555),#12559,.T.);
#12561=POLY_LOOP('',(#897,#941,#828));
#12562=FACE_OUTER_BOUND('',#12561,.T.);
#12563=DIRECTION('',(-0.3232791305531492,0.5166708917085193,0.7928062773527486));
#12564=DIRECTION('',(-0.31984950972727116,-0.8481447312759127,0.4223112666459822));
#12565=AXIS2_PLACEMENT_3D('',#897,#12563,#12564);
#12566=PLANE('',#12565);
#12567=FACE_SURFACE('',(#12562),#12566,.T.);
#12568=POLY_LOOP('',(#899,#941,#897));
#12569=FACE_OUTER_BOUND('',#12568,.T.);
#12570=DIRECTION('',(-0.3103873011113311,0.5149270772221793,0.7990681000091592));
#12571=DIRECTION('',(0.045159982199104304,-0.8316480639780918,0.5534637058464345));
#12572=AXIS2_PLACEMENT_3D('',#899,#12570,#12571);
#12573=PLANE('',#12572);
#12574=FACE_SURFACE('',(#12569),#12573,.T.);
#12575=POLY_LOOP('',(#899,#942,#941));
#12576=FACE_OUTER_BOUND('',#12575,.T.);
#12577=DIRECTION('',(-0.35771377529085485,0.5038297927656128,0.7862546628726113));
#12578=DIRECTION('',(-0.32059357087464135,-0.857051482804643,0.40333920976791854));
#12579=AXIS2_PLACEMENT_3D('',#899,#12577,#12578);
#12580=PLANE('',#12579);
#12581=FACE_SURFACE('',(#12576),#12580,.T.);
#12582=POLY_LOOP('',(#900,#942,#899));
#12583=FACE_OUTER_BOUND('',#12582,.T.);
#12584=DIRECTION('',(-0.3417322794979471,0.5017899593690462,0.7946231092949335));
#12585=DIRECTION('',(0.06309119384401848,-0.8313693416598015,0.5521272670385741));
#12586=AXIS2_PLACEMENT_3D('',#900,#12584,#12585);
#12587=PLANE('',#12586);
#12588=FACE_SURFACE('',(#12583),#12587,.T.);
#12589=POLY_LOOP('',(#900,#904,#942));
#12590=FACE_OUTER_BOUND('',#12589,.T.);
#12591=DIRECTION('',(-0.39406347103850425,0.48752502524872476,0.779123437299454));
#12592=DIRECTION('',(-0.28072535638049084,-0.8710527515579018,0.4030637397341198));
#12593=AXIS2_PLACEMENT_3D('',#900,#12591,#12592);
#12594=PLANE('',#12593);
#12595=FACE_SURFACE('',(#12590),#12594,.T.);
#12596=POLY_LOOP('',(#891,#824,#854));
#12597=FACE_OUTER_BOUND('',#12596,.T.);
#12598=DIRECTION('',(-0.08873832239512493,0.5642864436457999,0.8207961498789297));
#12599=DIRECTION('',(-0.6346721682540281,-0.6671341325316432,0.3900298553380019));
#12600=AXIS2_PLACEMENT_3D('',#891,#12598,#12599);
#12601=PLANE('',#12600);
#12602=FACE_SURFACE('',(#12597),#12601,.T.);
#12603=POLY_LOOP('',(#844,#940,#842));
#12604=FACE_OUTER_BOUND('',#12603,.T.);
#12605=DIRECTION('',(0.34517011626882166,0.5069372095337028,0.7898558453446748));
#12606=DIRECTION('',(-0.04513054153878615,-0.8316406113157855,0.5534773056148937));
#12607=AXIS2_PLACEMENT_3D('',#844,#12605,#12606);
#12608=PLANE('',#12607);
#12609=FACE_SURFACE('',(#12604),#12608,.T.);
#12610=POLY_LOOP('',(#842,#940,#943));
#12611=FACE_OUTER_BOUND('',#12610,.T.);
#12612=DIRECTION('',(0.3542691568944782,0.49856856277789785,0.7911527998325335));
#12613=DIRECTION('',(-0.584677861092477,-0.5421805198155777,0.6034832911364126));
#12614=AXIS2_PLACEMENT_3D('',#842,#12612,#12613);
#12615=PLANE('',#12614);
#12616=FACE_SURFACE('',(#12611),#12615,.T.);
#12617=POLY_LOOP('',(#842,#943,#841));
#12618=FACE_OUTER_BOUND('',#12617,.T.);
#12619=DIRECTION('',(0.37918100776464614,0.49180191210436947,0.7838065083941784));
#12620=DIRECTION('',(-0.06300342109422329,-0.8313753634899277,0.5521282223473226));
#12621=AXIS2_PLACEMENT_3D('',#842,#12619,#12620);
#12622=PLANE('',#12621);
#12623=FACE_SURFACE('',(#12618),#12622,.T.);
#12624=POLY_LOOP('',(#575,#944,#939));
#12625=FACE_OUTER_BOUND('',#12624,.T.);
#12626=DIRECTION('',(0.016474373137694658,-0.44846164315962367,0.8936502389885488));
#12627=DIRECTION('',(0.13408343860954586,0.886689511187802,0.4424967143834821));
#12628=AXIS2_PLACEMENT_3D('',#575,#12626,#12627);
#12629=PLANE('',#12628);
#12630=FACE_SURFACE('',(#12625),#12629,.T.);
#12631=POLY_LOOP('',(#572,#944,#575));
#12632=FACE_OUTER_BOUND('',#12631,.T.);
#12633=DIRECTION('',(-0.011162917854440452,-0.44514905751880424,0.8953869028833823));
#12634=DIRECTION('',(-0.6818051311598203,0.658399600576513,0.3188286829706956));
#12635=AXIS2_PLACEMENT_3D('',#572,#12633,#12634);
#12636=PLANE('',#12635);
#12637=FACE_SURFACE('',(#12632),#12636,.T.);
#12638=POLY_LOOP('',(#572,#923,#944));
#12639=FACE_OUTER_BOUND('',#12638,.T.);
#12640=DIRECTION('',(-0.003189312935654187,-0.43850705457539624,0.8987220879507796));
#12641=DIRECTION('',(-0.6319611604928898,0.6973946877682837,0.3380321598621323));
#12642=AXIS2_PLACEMENT_3D('',#572,#12640,#12641);
#12643=PLANE('',#12642);
#12644=FACE_SURFACE('',(#12639),#12643,.T.);
#12645=POLY_LOOP('',(#581,#578,#905));
#12646=FACE_OUTER_BOUND('',#12645,.T.);
#12647=DIRECTION('',(-0.008832934002341869,-0.3965921795535836,0.9179524074775599));
#12648=DIRECTION('',(0.9764601183180059,0.19442899160110136,0.09339702650172951));
#12649=AXIS2_PLACEMENT_3D('',#581,#12647,#12648);
#12650=PLANE('',#12649);
#12651=FACE_SURFACE('',(#12646),#12650,.T.);
#12652=POLY_LOOP('',(#860,#558,#560));
#12653=FACE_OUTER_BOUND('',#12652,.T.);
#12654=DIRECTION('',(-0.013661152064109124,-0.5131144802625706,0.8582114559181514));
#12655=DIRECTION('',(0.2679847299957424,-0.8287708381775594,-0.49124645777407344));
#12656=AXIS2_PLACEMENT_3D('',#860,#12654,#12655);
#12657=PLANE('',#12656);
#12658=FACE_SURFACE('',(#12653),#12657,.T.);
#12659=POLY_LOOP('',(#860,#562,#558));
#12660=FACE_OUTER_BOUND('',#12659,.T.);
#12661=DIRECTION('',(-0.02851566892325997,-0.5164967669947319,0.8558142008110455));
#12662=DIRECTION('',(-0.10784857841061428,-0.849574862796518,-0.516324739518733));
#12663=AXIS2_PLACEMENT_3D('',#860,#12661,#12662);
#12664=PLANE('',#12663);
#12665=FACE_SURFACE('',(#12660),#12664,.T.);
#12666=POLY_LOOP('',(#945,#562,#860));
#12667=FACE_OUTER_BOUND('',#12666,.T.);
#12668=DIRECTION('',(0.018431323433516274,-0.5209733490812227,0.8533739249962958));
#12669=DIRECTION('',(0.6733774041310095,-0.6244485223327473,-0.39576118374877484));
#12670=AXIS2_PLACEMENT_3D('',#945,#12668,#12669);
#12671=PLANE('',#12670);
#12672=FACE_SURFACE('',(#12667),#12671,.T.);
#12673=POLY_LOOP('',(#946,#562,#945));
#12674=FACE_OUTER_BOUND('',#12673,.T.);
#12675=DIRECTION('',(0.007937242238264093,-0.5291823407165253,0.8484710074359822));
#12676=DIRECTION('',(0.8026052811984962,-0.5027375785559652,-0.3210602586742362));
#12677=AXIS2_PLACEMENT_3D('',#946,#12675,#12676);
#12678=PLANE('',#12677);
#12679=FACE_SURFACE('',(#12674),#12678,.T.);
#12680=POLY_LOOP('',(#946,#563,#562));
#12681=FACE_OUTER_BOUND('',#12680,.T.);
#12682=DIRECTION('',(-0.013736805931747855,-0.553665294124219,0.8326259918145333));
#12683=DIRECTION('',(0.31349322796326007,-0.7931049062797303,-0.5222131783632005));
#12684=AXIS2_PLACEMENT_3D('',#946,#12682,#12683);
#12685=PLANE('',#12684);
#12686=FACE_SURFACE('',(#12681),#12685,.T.);
#12687=POLY_LOOP('',(#947,#563,#946));
#12688=FACE_OUTER_BOUND('',#12687,.T.);
#12689=DIRECTION('',(0.007571481836383228,-0.5478299942661004,0.8365554195898832));
#12690=DIRECTION('',(0.9455316111266472,-0.2683438884075796,-0.18428654295565736));
#12691=AXIS2_PLACEMENT_3D('',#947,#12689,#12690);
#12692=PLANE('',#12691);
#12693=FACE_SURFACE('',(#12688),#12692,.T.);
#12694=POLY_LOOP('',(#948,#563,#947));
#12695=FACE_OUTER_BOUND('',#12694,.T.);
#12696=DIRECTION('',(0.00034946829636122595,-0.565274736387695,0.8249026307836166));
#12697=DIRECTION('',(0.9993419761659744,-0.029721574962653367,-0.020790446229565596));
#12698=AXIS2_PLACEMENT_3D('',#948,#12696,#12697);
#12699=PLANE('',#12698);
#12700=FACE_SURFACE('',(#12695),#12699,.T.);
#12701=POLY_LOOP('',(#948,#565,#563));
#12702=FACE_OUTER_BOUND('',#12701,.T.);
#12703=DIRECTION('',(-0.0006540492383827101,-0.5878640919191606,0.8089594437619566));
#12704=DIRECTION('',(0.8192715270634644,-0.4641769044036497,-0.3366511047974509));
#12705=AXIS2_PLACEMENT_3D('',#948,#12703,#12704);
#12706=PLANE('',#12705);
#12707=FACE_SURFACE('',(#12702),#12706,.T.);
#12708=POLY_LOOP('',(#949,#565,#948));
#12709=FACE_OUTER_BOUND('',#12708,.T.);
#12710=DIRECTION('',(-0.00025149317291875325,-0.5873988166395139,0.809297576273204));
#12711=DIRECTION('',(0.9999117795321282,0.010600109253442166,0.008004426069858907));
#12712=AXIS2_PLACEMENT_3D('',#949,#12710,#12711);
#12713=PLANE('',#12712);
#12714=FACE_SURFACE('',(#12709),#12713,.T.);
#12715=POLY_LOOP('',(#949,#566,#565));
#12716=FACE_OUTER_BOUND('',#12715,.T.);
#12717=DIRECTION('',(0.0002645730658319389,-0.618389827045273,0.7858714601052834));
#12718=DIRECTION('',(0.8586140325907504,-0.4027149784151485,-0.31717911217218614));
#12719=AXIS2_PLACEMENT_3D('',#949,#12717,#12718);
#12720=PLANE('',#12719);
#12721=FACE_SURFACE('',(#12716),#12720,.T.);
#12722=POLY_LOOP('',(#507,#566,#949));
#12723=FACE_OUTER_BOUND('',#12722,.T.);
#12724=DIRECTION('',(0.004721034762633004,-0.6124997171619331,0.790456708686391));
#12725=DIRECTION('',(0.957924422130226,-0.2240816627183934,-0.1793549829802139));
#12726=AXIS2_PLACEMENT_3D('',#507,#12724,#12725);
#12727=PLANE('',#12726);
#12728=FACE_SURFACE('',(#12723),#12727,.T.);
#12729=POLY_LOOP('',(#507,#568,#566));
#12730=FACE_OUTER_BOUND('',#12729,.T.);
#12731=DIRECTION('',(-0.009205690876290237,-0.6485505576404461,0.7611159106468322));
#12732=DIRECTION('',(0.6968011908874846,-0.5500830868058112,-0.46030066042530693));
#12733=AXIS2_PLACEMENT_3D('',#507,#12731,#12732);
#12734=PLANE('',#12733);
#12735=FACE_SURFACE('',(#12730),#12734,.T.);
#12736=POLY_LOOP('',(#509,#568,#507));
#12737=FACE_OUTER_BOUND('',#12736,.T.);
#12738=DIRECTION('',(0.006860329290056526,-0.6366042566333806,0.7711601366242247));
#12739=DIRECTION('',(0.9782790048702302,-0.1555030269761225,-0.1370729631669774));
#12740=AXIS2_PLACEMENT_3D('',#509,#12738,#12739);
#12741=PLANE('',#12740);
#12742=FACE_SURFACE('',(#12737),#12741,.T.);
#12743=POLY_LOOP('',(#509,#355,#568));
#12744=FACE_OUTER_BOUND('',#12743,.T.);
#12745=DIRECTION('',(-0.006190564016551784,-0.6828750128867688,0.7305089963115118));
#12746=DIRECTION('',(0.733480082180822,-0.4996342140088535,-0.4608390404856884));
#12747=AXIS2_PLACEMENT_3D('',#509,#12745,#12746);
#12748=PLANE('',#12747);
#12749=FACE_SURFACE('',(#12744),#12748,.T.);
#12750=POLY_LOOP('',(#353,#355,#509));
#12751=FACE_OUTER_BOUND('',#12750,.T.);
#12752=DIRECTION('',(-0.002137158007268252,-0.6796845513435934,0.7335014268701255));
#12753=DIRECTION('',(0.9976007416241197,0.04930704600985152,0.0485960443327317));
#12754=AXIS2_PLACEMENT_3D('',#353,#12752,#12753);
#12755=PLANE('',#12754);
#12756=FACE_SURFACE('',(#12751),#12755,.T.);
#12757=POLY_LOOP('',(#833,#914,#831));
#12758=FACE_OUTER_BOUND('',#12757,.T.);
#12759=DIRECTION('',(0.5309740210228486,0.3939623964622898,0.7502401076805458));
#12760=DIRECTION('',(-0.4034210109487805,-0.6610630518305654,0.6326508748350255));
#12761=AXIS2_PLACEMENT_3D('',#833,#12759,#12760);
#12762=PLANE('',#12761);
#12763=FACE_SURFACE('',(#12758),#12762,.T.);
#12764=POLY_LOOP('',(#833,#950,#914));
#12765=FACE_OUTER_BOUND('',#12764,.T.);
#12766=DIRECTION('',(0.5140445229620517,0.4082542120052366,0.754378371106105));
#12767=DIRECTION('',(-0.7181056546576569,-0.2761761821562194,0.6387886858408756));
#12768=AXIS2_PLACEMENT_3D('',#833,#12766,#12767);
#12769=PLANE('',#12768);
#12770=FACE_SURFACE('',(#12765),#12769,.T.);
#12771=POLY_LOOP('',(#835,#950,#833));
#12772=FACE_OUTER_BOUND('',#12771,.T.);
#12773=DIRECTION('',(0.5091100587768216,0.4173316375239893,0.7527557720627633));
#12774=DIRECTION('',(-0.13829890970372213,-0.8235550626483665,0.5501185966325867));
#12775=AXIS2_PLACEMENT_3D('',#835,#12773,#12774);
#12776=PLANE('',#12775);
#12777=FACE_SURFACE('',(#12772),#12776,.T.);
#12778=POLY_LOOP('',(#835,#951,#950));
#12779=FACE_OUTER_BOUND('',#12778,.T.);
#12780=DIRECTION('',(0.4739182102532038,0.43270391735990926,0.7669216712883974));
#12781=DIRECTION('',(-0.6678078745863187,-0.3910750967297826,0.6333189649444383));
#12782=AXIS2_PLACEMENT_3D('',#835,#12780,#12781);
#12783=PLANE('',#12782);
#12784=FACE_SURFACE('',(#12779),#12783,.T.);
#12785=POLY_LOOP('',(#837,#951,#835));
#12786=FACE_OUTER_BOUND('',#12785,.T.);
#12787=DIRECTION('',(0.4632689656834698,0.44758809918642983,0.7648834936781201));
#12788=DIRECTION('',(-0.10889198783129986,-0.8277981859928126,0.5503568826254078));
#12789=AXIS2_PLACEMENT_3D('',#837,#12787,#12788);
#12790=PLANE('',#12789);
#12791=FACE_SURFACE('',(#12786),#12790,.T.);
#12792=POLY_LOOP('',(#837,#952,#951));
#12793=FACE_OUTER_BOUND('',#12792,.T.);
#12794=DIRECTION('',(0.42974834530044315,0.4600342429106261,0.7769715921841533));
#12795=DIRECTION('',(-0.6215643606534998,-0.47344025046588717,0.6241090247738803));
#12796=AXIS2_PLACEMENT_3D('',#837,#12794,#12795);
#12797=PLANE('',#12796);
#12798=FACE_SURFACE('',(#12793),#12797,.T.);
#12799=POLY_LOOP('',(#841,#952,#837));
#12800=FACE_OUTER_BOUND('',#12799,.T.);
#12801=DIRECTION('',(0.4188060680741901,0.47245193023794096,0.7754938110382831));
#12802=DIRECTION('',(-0.08383970830985418,-0.8302316474807558,0.5510774127397245));
#12803=AXIS2_PLACEMENT_3D('',#841,#12801,#12802);
#12804=PLANE('',#12803);
#12805=FACE_SURFACE('',(#12800),#12804,.T.);
#12806=POLY_LOOP('',(#841,#943,#952));
#12807=FACE_OUTER_BOUND('',#12806,.T.);
#12808=DIRECTION('',(0.3896086587553621,0.4816908196513614,0.7849707302100171));
#12809=DIRECTION('',(-0.5831928248393528,-0.5306297667352112,0.6150757511969004));
#12810=AXIS2_PLACEMENT_3D('',#841,#12808,#12809);
#12811=PLANE('',#12810);
#12812=FACE_SURFACE('',(#12807),#12811,.T.);
#12813=POLY_LOOP('',(#901,#903,#904));
#12814=FACE_OUTER_BOUND('',#12813,.T.);
#12815=DIRECTION('',(-0.43577168893580676,0.46676117276232126,0.7695693878550374));
#12816=DIRECTION('',(-0.25626655164725926,-0.8839769180742337,0.3910399759855788));
#12817=AXIS2_PLACEMENT_3D('',#901,#12815,#12816);
#12818=PLANE('',#12817);
#12819=FACE_SURFACE('',(#12814),#12818,.T.);
#12820=POLY_LOOP('',(#820,#699,#690));
#12821=FACE_OUTER_BOUND('',#12820,.T.);
#12822=DIRECTION('',(-0.09928483741044546,-0.697602396378802,-0.7095727007339941));
#12823=DIRECTION('',(-0.20831082456659386,0.7118666723609882,-0.6707104003592602));
#12824=AXIS2_PLACEMENT_3D('',#820,#12822,#12823);
#12825=PLANE('',#12824);
#12826=FACE_SURFACE('',(#12821),#12825,.T.);
#12827=POLY_LOOP('',(#863,#902,#47));
#12828=FACE_OUTER_BOUND('',#12827,.T.);
#12829=DIRECTION('',(-0.6311804627979288,0.5262331877345862,0.5698156329102317));
#12830=DIRECTION('',(0.6132142307221222,0.7884046688706821,-0.04885064321773358));
#12831=AXIS2_PLACEMENT_3D('',#863,#12829,#12830);
#12832=PLANE('',#12831);
#12833=FACE_SURFACE('',(#12828),#12832,.T.);
#12834=POLY_LOOP('',(#511,#953,#864));
#12835=FACE_OUTER_BOUND('',#12834,.T.);
#12836=DIRECTION('',(-0.6814664322306903,0.4117211169649005,0.6050530750173481));
#12837=DIRECTION('',(-0.08935955431819216,-0.8673700961383239,0.489575312262627));
#12838=AXIS2_PLACEMENT_3D('',#511,#12836,#12837);
#12839=PLANE('',#12838);
#12840=FACE_SURFACE('',(#12835),#12839,.T.);
#12841=POLY_LOOP('',(#801,#681,#799));
#12842=FACE_OUTER_BOUND('',#12841,.T.);
#12843=DIRECTION('',(-1.4239635345599293e-06,-0.999954105091078,-0.009580590246607667));
#12844=DIRECTION('',(0.9992393878413849,0.0003721766943088691,-0.038993682448348374));
#12845=AXIS2_PLACEMENT_3D('',#801,#12843,#12844);
#12846=PLANE('',#12845);
#12847=FACE_SURFACE('',(#12842),#12846,.T.);
#12848=POLY_LOOP('',(#801,#683,#681));
#12849=FACE_OUTER_BOUND('',#12848,.T.);
#12850=DIRECTION('',(-1.7002847557078865e-06,-0.9999540372293011,-0.00958767051638371));
#12851=DIRECTION('',(0.9084283923156222,0.004006490019184627,-0.41802129619503864));
#12852=AXIS2_PLACEMENT_3D('',#801,#12850,#12851);
#12853=PLANE('',#12852);
#12854=FACE_SURFACE('',(#12849),#12853,.T.);
#12855=POLY_LOOP('',(#806,#683,#801));
#12856=FACE_OUTER_BOUND('',#12855,.T.);
#12857=DIRECTION('',(-4.432535065036975e-06,-0.9999539802779189,-0.009593607595674535));
#12858=DIRECTION('',(0.9954753184237346,0.0009071768604080044,-0.09501614304584347));
#12859=AXIS2_PLACEMENT_3D('',#806,#12857,#12858);
#12860=PLANE('',#12859);
#12861=FACE_SURFACE('',(#12856),#12860,.T.);
#12862=POLY_LOOP('',(#806,#684,#683));
#12863=FACE_OUTER_BOUND('',#12862,.T.);
#12864=DIRECTION('',(-4.55287177168577e-06,-0.9999539681819316,-0.00959486823670173));
#12865=DIRECTION('',(0.983856778064132,0.0017125958972875929,-0.17894945451874986));
#12866=AXIS2_PLACEMENT_3D('',#806,#12864,#12865);
#12867=PLANE('',#12866);
#12868=FACE_SURFACE('',(#12863),#12867,.T.);
#12869=POLY_LOOP('',(#685,#684,#806));
#12870=FACE_OUTER_BOUND('',#12869,.T.);
#12871=DIRECTION('',(-3.6845866639425586e-06,-0.999954013975961,-0.009590094878972444));
#12872=DIRECTION('',(0.3306224187303996,-0.009051995962023735,0.943719702878966));
#12873=AXIS2_PLACEMENT_3D('',#685,#12871,#12872);
#12874=PLANE('',#12873);
#12875=FACE_SURFACE('',(#12870),#12874,.T.);
#12876=POLY_LOOP('',(#779,#764,#778));
#12877=FACE_OUTER_BOUND('',#12876,.T.);
#12878=DIRECTION('',(6.2556554170497e-07,-0.99995405978117,-0.009585318292313393));
#12879=DIRECTION('',(-0.9999999999998042,-6.253601194874355e-07,-2.442812966747795e-08));
#12880=AXIS2_PLACEMENT_3D('',#779,#12878,#12879);
#12881=PLANE('',#12880);
#12882=FACE_SURFACE('',(#12877),#12881,.T.);
#12883=POLY_LOOP('',(#584,#764,#779));
#12884=FACE_OUTER_BOUND('',#12883,.T.);
#12885=DIRECTION('',(6.255654330248631e-07,-0.9999541162735511,-0.00957942311363822));
#12886=DIRECTION('',(0.8687423689270007,0.004744889418813153,-0.4952415395092646));
#12887=AXIS2_PLACEMENT_3D('',#584,#12885,#12886);
#12888=PLANE('',#12887);
#12889=FACE_SURFACE('',(#12884),#12888,.T.);
#12890=POLY_LOOP('',(#584,#762,#764));
#12891=FACE_OUTER_BOUND('',#12890,.T.);
#12892=DIRECTION('',(-2.3354799083313338e-06,-0.9999540665023382,-0.009584616840699155));
#12893=DIRECTION('',(0.6890616513650264,0.006944388733399521,-0.7246694529806139));
#12894=AXIS2_PLACEMENT_3D('',#584,#12892,#12893);
#12895=PLANE('',#12894);
#12896=FACE_SURFACE('',(#12891),#12895,.T.);
#12897=POLY_LOOP('',(#720,#762,#584));
#12898=FACE_OUTER_BOUND('',#12897,.T.);
#12899=DIRECTION('',(-2.5781988865005708e-06,-0.9999540642897583,-0.00958484761208632));
#12900=DIRECTION('',(0.9863939023269341,-0.0015782834803049468,0.16439154015185356));
#12901=AXIS2_PLACEMENT_3D('',#720,#12899,#12900);
#12902=PLANE('',#12901);
#12903=FACE_SURFACE('',(#12898),#12902,.T.);
#12904=POLY_LOOP('',(#720,#775,#762));
#12905=FACE_OUTER_BOUND('',#12904,.T.);
#12906=DIRECTION('',(-2.5285880353069145e-06,-0.9999540614367682,-0.009585145263280744));
#12907=DIRECTION('',(0.3394348046342513,0.009015212945696849,-0.9405863805831187));
#12908=AXIS2_PLACEMENT_3D('',#720,#12906,#12907);
#12909=PLANE('',#12908);
#12910=FACE_SURFACE('',(#12905),#12909,.T.);
#12911=POLY_LOOP('',(#723,#775,#720));
#12912=FACE_OUTER_BOUND('',#12911,.T.);
#12913=DIRECTION('',(-2.1982216910592906e-06,-0.9999540625802419,-0.009585026053042138));
#12914=DIRECTION('',(0.9964589573527157,-0.0008081050222212692,0.08407671067431045));
#12915=AXIS2_PLACEMENT_3D('',#723,#12913,#12914);
#12916=PLANE('',#12915);
#12917=FACE_SURFACE('',(#12912),#12916,.T.);
#12918=POLY_LOOP('',(#819,#954,#955));
#12919=FACE_OUTER_BOUND('',#12918,.T.);
#12920=DIRECTION('',(3.2727672563099425e-08,-0.999954059246178,-0.009585374123642866));
#12921=DIRECTION('',(-0.06355112157767734,0.009565996019193735,-0.997932736544092));
#12922=AXIS2_PLACEMENT_3D('',#819,#12920,#12921);
#12923=PLANE('',#12922);
#12924=FACE_SURFACE('',(#12919),#12923,.T.);
#12925=POLY_LOOP('',(#799,#681,#678));
#12926=FACE_OUTER_BOUND('',#12925,.T.);
#12927=DIRECTION('',(-8.190405268085949e-07,-0.9999541165505486,-0.00957939418445816));
#12928=DIRECTION('',(0.8923692936115476,0.004322506562666499,-0.45128523104157015));
#12929=AXIS2_PLACEMENT_3D('',#799,#12927,#12928);
#12930=PLANE('',#12929);
#12931=FACE_SURFACE('',(#12926),#12930,.T.);
#12932=POLY_LOOP('',(#819,#956,#954));
#12933=FACE_OUTER_BOUND('',#12932,.T.);
#12934=DIRECTION('',(1.530698487607684e-06,-0.9999540583306483,-0.009585469509798612));
#12935=DIRECTION('',(-0.5905504438534074,0.007734576949228996,-0.8069636606340833));
#12936=AXIS2_PLACEMENT_3D('',#819,#12934,#12935);
#12937=PLANE('',#12936);
#12938=FACE_SURFACE('',(#12933),#12937,.T.);
#12939=POLY_LOOP('',(#770,#957,#956));
#12940=FACE_OUTER_BOUND('',#12939,.T.);
#12941=DIRECTION('',(-1.5336227564589542e-06,-0.9999540830481498,-0.009582890638117436));
#12942=DIRECTION('',(-0.597695469702492,0.007683742560553056,-0.8016864010305905));
#12943=AXIS2_PLACEMENT_3D('',#770,#12941,#12942);
#12944=PLANE('',#12943);
#12945=FACE_SURFACE('',(#12940),#12944,.T.);
#12946=POLY_LOOP('',(#778,#957,#770));
#12947=FACE_OUTER_BOUND('',#12946,.T.);
#12948=DIRECTION('',(-2.3737074518509253e-06,-0.9999540890480239,-0.009582264372392497));
#12949=DIRECTION('',(-0.13782969784784732,0.009491137844358562,-0.9904104667730399));
#12950=AXIS2_PLACEMENT_3D('',#778,#12948,#12949);
#12951=PLANE('',#12950);
#12952=FACE_SURFACE('',(#12947),#12951,.T.);
#12953=POLY_LOOP('',(#778,#781,#957));
#12954=FACE_OUTER_BOUND('',#12953,.T.);
#12955=DIRECTION('',(6.247431898205756e-07,-0.9999540850522834,-0.009582681611139152));
#12956=DIRECTION('',(-0.9999995825770349,-9.380398243351175e-06,0.0009136507889024046));
#12957=AXIS2_PLACEMENT_3D('',#778,#12955,#12956);
#12958=PLANE('',#12957);
#12959=FACE_SURFACE('',(#12954),#12958,.T.);
#12960=POLY_LOOP('',(#764,#781,#778));
#12961=FACE_OUTER_BOUND('',#12960,.T.);
#12962=DIRECTION('',(6.223328197944396e-07,-0.999954059769358,-0.0095853195247549));
#12963=DIRECTION('',(2.981325588088564e-08,0.009585319524775303,-0.9999540597695511));
#12964=AXIS2_PLACEMENT_3D('',#764,#12962,#12963);
#12965=PLANE('',#12964);
#12966=FACE_SURFACE('',(#12961),#12965,.T.);
#12967=POLY_LOOP('',(#808,#675,#687));
#12968=FACE_OUTER_BOUND('',#12967,.T.);
#12969=DIRECTION('',(-9.281162369750566e-06,-0.9999540065634064,-0.009590863967911844));
#12970=DIRECTION('',(0.5348851581056812,0.00809859440857622,-0.8448859570420529));
#12971=AXIS2_PLACEMENT_3D('',#808,#12969,#12970);
#12972=PLANE('',#12971);
#12973=FACE_SURFACE('',(#12968),#12972,.T.);
#12974=POLY_LOOP('',(#808,#958,#675));
#12975=FACE_OUTER_BOUND('',#12974,.T.);
#12976=DIRECTION('',(5.408902968377081e-06,-0.9999540957402091,-0.009581564753445413));
#12977=DIRECTION('',(0.2949307381308651,0.00915695884235082,-0.9554747562391915));
#12978=AXIS2_PLACEMENT_3D('',#808,#12976,#12977);
#12979=PLANE('',#12978);
#12980=FACE_SURFACE('',(#12975),#12979,.T.);
#12981=POLY_LOOP('',(#814,#958,#808));
#12982=FACE_OUTER_BOUND('',#12981,.T.);
#12983=DIRECTION('',(-7.450768205067874e-06,-0.9999540576873776,-0.009585533841941291));
#12984=DIRECTION('',(0.4330362810467026,0.008636948558364313,-0.9013351110529542));
#12985=AXIS2_PLACEMENT_3D('',#814,#12983,#12984);
#12986=PLANE('',#12985);
#12987=FACE_SURFACE('',(#12982),#12986,.T.);
#12988=POLY_LOOP('',(#814,#959,#958));
#12989=FACE_OUTER_BOUND('',#12988,.T.);
#12990=DIRECTION('',(-4.824294909009015e-06,-0.999954069797742,-0.009584272098536588));
#12991=DIRECTION('',(0.03652863878178985,0.009577699401560802,-0.9992867087192358));
#12992=AXIS2_PLACEMENT_3D('',#814,#12990,#12991);
#12993=PLANE('',#12992);
#12994=FACE_SURFACE('',(#12989),#12993,.T.);
#12995=POLY_LOOP('',(#812,#959,#814));
#12996=FACE_OUTER_BOUND('',#12995,.T.);
#12997=DIRECTION('',(3.370478820857846e-06,-0.9999540726745634,-0.009583972568508283));
#12998=DIRECTION('',(0.449368922487465,0.00856332073653955,-0.8933052339712433));
#12999=AXIS2_PLACEMENT_3D('',#812,#12997,#12998);
#13000=PLANE('',#12999);
#13001=FACE_SURFACE('',(#12996),#13000,.T.);
#13002=POLY_LOOP('',(#812,#955,#959));
#13003=FACE_OUTER_BOUND('',#13002,.T.);
#13004=DIRECTION('',(-3.057680814485463e-06,-0.9999540416807807,-0.009587205897553464));
#13005=DIRECTION('',(-0.08546098404012617,0.009552392576428401,-0.9962957251754918));
#13006=AXIS2_PLACEMENT_3D('',#812,#13004,#13005);
#13007=PLANE('',#13006);
#13008=FACE_SURFACE('',(#13003),#13007,.T.);
#13009=POLY_LOOP('',(#819,#955,#812));
#13010=FACE_OUTER_BOUND('',#13009,.T.);
#13011=DIRECTION('',(-3.2517415463825403e-06,-0.9999540418397523,-0.009587189252794148));
#13012=DIRECTION('',(0.4837088109715296,0.008389413149800736,-0.8751887818839493));
#13013=AXIS2_PLACEMENT_3D('',#819,#13011,#13012);
#13014=PLANE('',#13013);
#13015=FACE_SURFACE('',(#13010),#13014,.T.);
#13016=POLY_LOOP('',(#647,#649,#797));
#13017=FACE_OUTER_BOUND('',#13016,.T.);
#13018=DIRECTION('',(-8.748117656028344e-06,-0.9999541620646262,-0.0095746380141397));
#13019=DIRECTION('',(-0.41455760717074946,-0.008709515060193093,0.9099813924934284));
#13020=AXIS2_PLACEMENT_3D('',#647,#13018,#13019);
#13021=PLANE('',#13020);
#13022=FACE_SURFACE('',(#13017),#13021,.T.);
#13023=POLY_LOOP('',(#770,#956,#819));
#13024=FACE_OUTER_BOUND('',#13023,.T.);
#13025=DIRECTION('',(-1.91426152841707e-06,-0.999954082491468,-0.009582948658003127));
#13026=DIRECTION('',(0.15069396403460983,0.009473227354131513,-0.9885350712883344));
#13027=AXIS2_PLACEMENT_3D('',#770,#13025,#13026);
#13028=PLANE('',#13027);
#13029=FACE_SURFACE('',(#13024),#13028,.T.);
#13030=POLY_LOOP('',(#770,#819,#630));
#13031=FACE_OUTER_BOUND('',#13030,.T.);
#13032=DIRECTION('',(-2.0689405410926694e-06,-0.9999540601803854,-0.00958527644263724));
#13033=DIRECTION('',(0.9977997495395459,0.0006334373526087164,-0.0662967463450511));
#13034=AXIS2_PLACEMENT_3D('',#770,#13032,#13033);
#13035=PLANE('',#13034);
#13036=FACE_SURFACE('',(#13031),#13035,.T.);
#13037=POLY_LOOP('',(#799,#678,#797));
#13038=FACE_OUTER_BOUND('',#13037,.T.);
#13039=DIRECTION('',(-8.546941063453644e-07,-0.9999541091609505,-0.009580165520449525));
#13040=DIRECTION('',(0.998933516732427,0.00044147912388346945,-0.04616962469816275));
#13041=AXIS2_PLACEMENT_3D('',#799,#13039,#13040);
#13042=PLANE('',#13041);
#13043=FACE_SURFACE('',(#13038),#13042,.T.);
#13044=POLY_LOOP('',(#797,#676,#647));
#13045=FACE_OUTER_BOUND('',#13044,.T.);
#13046=DIRECTION('',(-3.522347279853062e-06,-0.9999539786937489,-0.009593773091667535));
#13047=DIRECTION('',(0.9983878765673349,0.0005410218543867106,-0.056756983876182374));
#13048=AXIS2_PLACEMENT_3D('',#797,#13046,#13047);
#13049=PLANE('',#13048);
#13050=FACE_SURFACE('',(#13045),#13049,.T.);
#13051=POLY_LOOP('',(#738,#673,#669));
#13052=FACE_OUTER_BOUND('',#13051,.T.);
#13053=DIRECTION('',(-4.021999453132072e-06,-0.9999540811533791,-0.009583087630022356));
#13054=DIRECTION('',(-0.5348834050476272,0.008099149952693372,-0.8448870615500629));
#13055=AXIS2_PLACEMENT_3D('',#738,#13053,#13054);
#13056=PLANE('',#13055);
#13057=FACE_SURFACE('',(#13052),#13056,.T.);
#13058=POLY_LOOP('',(#960,#673,#738));
#13059=FACE_OUTER_BOUND('',#13058,.T.);
#13060=DIRECTION('',(2.3685423774397987e-06,-0.9999540423815638,-0.009587133000002834));
#13061=DIRECTION('',(0.7986808039926316,0.0057709959908956035,-0.6017272379899025));
#13062=AXIS2_PLACEMENT_3D('',#960,#13060,#13061);
#13063=PLANE('',#13062);
#13064=FACE_SURFACE('',(#13059),#13063,.T.);
#13065=POLY_LOOP('',(#821,#723,#728));
#13066=FACE_OUTER_BOUND('',#13065,.T.);
#13067=DIRECTION('',(1.3775538294599455e-06,-0.9999540784468227,-0.009583370788395164));
#13068=DIRECTION('',(-0.22357981930103815,-0.009341081709959913,0.9746408613401158));
#13069=AXIS2_PLACEMENT_3D('',#821,#13067,#13068);
#13070=PLANE('',#13069);
#13071=FACE_SURFACE('',(#13066),#13070,.T.);
#13072=POLY_LOOP('',(#961,#723,#821));
#13073=FACE_OUTER_BOUND('',#13072,.T.);
#13074=DIRECTION('',(-1.0779633032383755e-06,-0.9999540730490764,-0.009583934025252764));
#13075=DIRECTION('',(-0.6586387814395197,-0.007210810060940172,0.7524247203555514));
#13076=AXIS2_PLACEMENT_3D('',#961,#13074,#13075);
#13077=PLANE('',#13076);
#13078=FACE_SURFACE('',(#13073),#13077,.T.);
#13079=POLY_LOOP('',(#961,#775,#723));
#13080=FACE_OUTER_BOUND('',#13079,.T.);
#13081=DIRECTION('',(-2.2069828359636057e-06,-0.9999540635754343,-0.00958492222741639));
#13082=DIRECTION('',(-0.1523796626663627,-0.009472653525958491,0.9882766349766966));
#13083=AXIS2_PLACEMENT_3D('',#961,#13081,#13082);
#13084=PLANE('',#13083);
#13085=FACE_SURFACE('',(#13080),#13084,.T.);
#13086=POLY_LOOP('',(#781,#775,#961));
#13087=FACE_OUTER_BOUND('',#13086,.T.);
#13088=DIRECTION('',(-1.7589038691930597e-06,-0.9999540642384938,-0.009584853145705403));
#13089=DIRECTION('',(-0.9996490672512471,-0.0002521485776061369,0.02648921978478051));
#13090=AXIS2_PLACEMENT_3D('',#781,#13088,#13089);
#13091=PLANE('',#13090);
#13092=FACE_SURFACE('',(#13087),#13091,.T.);
#13093=POLY_LOOP('',(#962,#782,#963));
#13094=FACE_OUTER_BOUND('',#13093,.T.);
#13095=DIRECTION('',(-5.5717926240766735e-06,-0.9999541447756247,-0.009576445844064425));
#13096=DIRECTION('',(0.8972074535318436,-0.004234046494597474,0.4415890150096424));
#13097=AXIS2_PLACEMENT_3D('',#962,#13095,#13096);
#13098=PLANE('',#13097);
#13099=FACE_SURFACE('',(#13094),#13098,.T.);
#13100=POLY_LOOP('',(#962,#760,#782));
#13101=FACE_OUTER_BOUND('',#13100,.T.);
#13102=DIRECTION('',(9.289132297357582e-07,-0.9999540182241822,-0.00958965257186412));
#13103=DIRECTION('',(0.9904580501045036,-0.0013206736740753303,0.13780822473361723));
#13104=AXIS2_PLACEMENT_3D('',#962,#13102,#13103);
#13105=PLANE('',#13104);
#13106=FACE_SURFACE('',(#13101),#13105,.T.);
#13107=POLY_LOOP('',(#964,#760,#962));
#13108=FACE_OUTER_BOUND('',#13107,.T.);
#13109=DIRECTION('',(1.1111429539757073e-06,-0.9999540056639062,-0.009590962176640357));
#13110=DIRECTION('',(0.898616109437995,-0.004206899861522827,0.43871561386857044));
#13111=AXIS2_PLACEMENT_3D('',#964,#13109,#13110);
#13112=PLANE('',#13111);
#13113=FACE_SURFACE('',(#13108),#13112,.T.);
#13114=POLY_LOOP('',(#964,#759,#760));
#13115=FACE_OUTER_BOUND('',#13114,.T.);
#13116=DIRECTION('',(-7.226713395750415e-06,-0.9999541692827283,-0.009573885411033631));
#13117=DIRECTION('',(0.9577961819212502,-0.0027589176324336706,0.2874349705073702));
#13118=AXIS2_PLACEMENT_3D('',#964,#13116,#13117);
#13119=PLANE('',#13118);
#13120=FACE_SURFACE('',(#13115),#13119,.T.);
#13121=POLY_LOOP('',(#965,#759,#964));
#13122=FACE_OUTER_BOUND('',#13121,.T.);
#13123=DIRECTION('',(-3.4545461869140317e-06,-0.9999540488886942,-0.009586453941531474));
#13124=DIRECTION('',(0.830486312417537,-0.005342897860119258,0.5570134094701648));
#13125=AXIS2_PLACEMENT_3D('',#965,#13123,#13124);
#13126=PLANE('',#13125);
#13127=FACE_SURFACE('',(#13122),#13126,.T.);
#13128=POLY_LOOP('',(#759,#960,#738));
#13129=FACE_OUTER_BOUND('',#13128,.T.);
#13130=DIRECTION('',(1.1528269863032659e-05,-0.9999539336075277,-0.009598464977848008));
#13131=DIRECTION('',(-0.623432459907912,0.007497634228787436,-0.7818412584496555));
#13132=AXIS2_PLACEMENT_3D('',#759,#13130,#13131);
#13133=PLANE('',#13132);
#13134=FACE_SURFACE('',(#13129),#13133,.T.);
#13135=POLY_LOOP('',(#797,#678,#676));
#13136=FACE_OUTER_BOUND('',#13135,.T.);
#13137=DIRECTION('',(-2.9947744639704197e-06,-0.9999540676815386,-0.00958449363171255));
#13138=DIRECTION('',(0.8964126848759824,0.004245358404879471,-0.4432000398527136));
#13139=AXIS2_PLACEMENT_3D('',#797,#13137,#13138);
#13140=PLANE('',#13139);
#13141=FACE_SURFACE('',(#13136),#13140,.T.);
#13142=POLY_LOOP('',(#630,#773,#770));
#13143=FACE_OUTER_BOUND('',#13142,.T.);
#13144=DIRECTION('',(-1.970972901226076e-06,-0.9999540597619472,-0.009585320115451651));
#13145=DIRECTION('',(-0.9910982215414117,-0.001274166189337594,0.1331266004898076));
#13146=AXIS2_PLACEMENT_3D('',#630,#13144,#13145);
#13147=PLANE('',#13146);
#13148=FACE_SURFACE('',(#13143),#13147,.T.);
#13149=POLY_LOOP('',(#627,#585,#630));
#13150=FACE_OUTER_BOUND('',#13149,.T.);
#13151=DIRECTION('',(-1.0086320786780726e-05,-0.9999540604311461,-0.009585245199260087));
#13152=DIRECTION('',(0.0,-0.009585245199747659,0.9999540604820106));
#13153=AXIS2_PLACEMENT_3D('',#627,#13151,#13152);
#13154=PLANE('',#13153);
#13155=FACE_SURFACE('',(#13150),#13154,.T.);
#13156=POLY_LOOP('',(#627,#594,#585));
#13157=FACE_OUTER_BOUND('',#13156,.T.);
#13158=DIRECTION('',(-3.404390300013549e-06,-0.9999540604762159,-0.009585245199692113));
#13159=DIRECTION('',(0.3326328343083533,-0.009040559312916974,0.9430130782906996));
#13160=AXIS2_PLACEMENT_3D('',#627,#13158,#13159);
#13161=PLANE('',#13160);
#13162=FACE_SURFACE('',(#13157),#13161,.T.);
#13163=POLY_LOOP('',(#798,#594,#627));
#13164=FACE_OUTER_BOUND('',#13163,.T.);
#13165=DIRECTION('',(-6.186674988928839e-06,-0.999954069868983,-0.009584263883157525));
#13166=DIRECTION('',(0.1270888020291773,-0.009507334596299136,0.9918457778241849));
#13167=AXIS2_PLACEMENT_3D('',#798,#13165,#13166);
#13168=PLANE('',#13167);
#13169=FACE_SURFACE('',(#13164),#13168,.T.);
#13170=POLY_LOOP('',(#798,#966,#594));
#13171=FACE_OUTER_BOUND('',#13170,.T.);
#13172=DIRECTION('',(4.595103207205891e-06,-0.9999540566364757,-0.009585645264718501));
#13173=DIRECTION('',(0.25777266210787947,-0.009260519663169684,0.9661612171089176));
#13174=AXIS2_PLACEMENT_3D('',#798,#13172,#13173);
#13175=PLANE('',#13174);
#13176=FACE_SURFACE('',(#13171),#13175,.T.);
#13177=POLY_LOOP('',(#804,#966,#798));
#13178=FACE_OUTER_BOUND('',#13177,.T.);
#13179=DIRECTION('',(-3.020021819274272e-06,-0.9999540761148814,-0.00958361372936452));
#13180=DIRECTION('',(-0.05095555932551699,-0.00957100998479591,0.9986550589376166));
#13181=AXIS2_PLACEMENT_3D('',#804,#13179,#13180);
#13182=PLANE('',#13181);
#13183=FACE_SURFACE('',(#13178),#13182,.T.);
#13184=POLY_LOOP('',(#804,#967,#966));
#13185=FACE_OUTER_BOUND('',#13184,.T.);
#13186=DIRECTION('',(-4.195283660595603e-06,-0.9999540755359678,-0.009583673690592527));
#13187=DIRECTION('',(0.5601368834318899,-0.007941465757332546,0.8283620011449309));
#13188=AXIS2_PLACEMENT_3D('',#804,#13186,#13187);
#13189=PLANE('',#13188);
#13190=FACE_SURFACE('',(#13185),#13189,.T.);
#13191=POLY_LOOP('',(#796,#967,#804));
#13192=FACE_OUTER_BOUND('',#13191,.T.);
#13193=DIRECTION('',(-5.75393970864056e-07,-0.9999540520841241,-0.009586121228606533));
#13194=DIRECTION('',(0.3425258017116258,-0.009006438707595472,0.9394652517382506));
#13195=AXIS2_PLACEMENT_3D('',#796,#13193,#13194);
#13196=PLANE('',#13195);
#13197=FACE_SURFACE('',(#13192),#13196,.T.);
#13198=POLY_LOOP('',(#796,#688,#967));
#13199=FACE_OUTER_BOUND('',#13198,.T.);
#13200=DIRECTION('',(5.506045230411708e-06,-0.9999540308126145,-0.009588338296511466));
#13201=DIRECTION('',(0.6990827652955074,-0.006852203690287919,0.7150079262297538));
#13202=AXIS2_PLACEMENT_3D('',#796,#13200,#13201);
#13203=PLANE('',#13202);
#13204=FACE_SURFACE('',(#13199),#13203,.T.);
#13205=POLY_LOOP('',(#797,#688,#796));
#13206=FACE_OUTER_BOUND('',#13205,.T.);
#13207=DIRECTION('',(5.42885227731266e-06,-0.9999540315366673,-0.00958826282979316));
#13208=DIRECTION('',(0.3325213388230226,-0.009040844623456817,0.9430523964000298));
#13209=AXIS2_PLACEMENT_3D('',#797,#13207,#13208);
#13210=PLANE('',#13209);
#13211=FACE_SURFACE('',(#13206),#13210,.T.);
#13212=POLY_LOOP('',(#797,#668,#688));
#13213=FACE_OUTER_BOUND('',#13212,.T.);
#13214=DIRECTION('',(-3.2971110466256713e-06,-0.999954061040898,-0.00958518632813227));
#13215=DIRECTION('',(0.6136868375985532,-0.007570002691617408,0.7895132427119482));
#13216=AXIS2_PLACEMENT_3D('',#797,#13214,#13215);
#13217=PLANE('',#13216);
#13218=FACE_SURFACE('',(#13213),#13217,.T.);
#13219=POLY_LOOP('',(#649,#668,#797));
#13220=FACE_OUTER_BOUND('',#13219,.T.);
#13221=DIRECTION('',(-1.79377642999832e-09,-0.9999540364922772,-0.009587747535331731));
#13222=DIRECTION('',(-0.6810590563472969,-0.007020420679992742,0.7321948343581818));
#13223=AXIS2_PLACEMENT_3D('',#649,#13221,#13222);
#13224=PLANE('',#13223);
#13225=FACE_SURFACE('',(#13220),#13224,.T.);
#13226=POLY_LOOP('',(#759,#965,#960));
#13227=FACE_OUTER_BOUND('',#13226,.T.);
#13228=DIRECTION('',(-3.3608386252231185e-06,-0.9999540475496987,-0.009586593643183023));
#13229=DIRECTION('',(-0.830486312417537,0.005342897860119258,-0.5570134094701648));
#13230=AXIS2_PLACEMENT_3D('',#759,#13228,#13229);
#13231=PLANE('',#13230);
#13232=FACE_SURFACE('',(#13227),#13231,.T.);
#13233=POLY_LOOP('',(#630,#585,#773));
#13234=FACE_OUTER_BOUND('',#13233,.T.);
#13235=DIRECTION('',(-2.0771595145527314e-06,-0.9999540521842266,-0.009586110578874868));
#13236=DIRECTION('',(0.10742830074451569,-0.009530857305526299,0.9941671504119253));
#13237=AXIS2_PLACEMENT_3D('',#630,#13235,#13236);
#13238=PLANE('',#13237);
#13239=FACE_SURFACE('',(#13234),#13238,.T.);
#13240=POLY_LOOP('',(#961,#957,#781));
#13241=FACE_OUTER_BOUND('',#13240,.T.);
#13242=DIRECTION('',(-2.390016342932507e-06,-0.9999540670357533,-0.009584561176399203));
#13243=DIRECTION('',(0.9999480807619979,9.527674291435383e-05,-0.010189538887467734));
#13244=AXIS2_PLACEMENT_3D('',#961,#13242,#13243);
#13245=PLANE('',#13244);
#13246=FACE_SURFACE('',(#13241),#13245,.T.);
#13247=POLY_LOOP('',(#779,#585,#584));
#13248=FACE_OUTER_BOUND('',#13247,.T.);
#13249=DIRECTION('',(-1.9624467536110904e-06,-0.999954047967724,-0.009586550428147543));
#13250=DIRECTION('',(0.8966852500384757,-0.0042454252628051576,0.44264832398618004));
#13251=AXIS2_PLACEMENT_3D('',#779,#13249,#13250);
#13252=PLANE('',#13251);
#13253=FACE_SURFACE('',(#13248),#13252,.T.);
#13254=POLY_LOOP('',(#773,#585,#779));
#13255=FACE_OUTER_BOUND('',#13254,.T.);
#13256=DIRECTION('',(-2.3354798891236292e-06,-0.999954055210513,-0.009585794833822327));
#13257=DIRECTION('',(0.7739913586342606,-0.0060714960354029375,0.6331670503866921));
#13258=AXIS2_PLACEMENT_3D('',#773,#13256,#13257);
#13259=PLANE('',#13258);
#13260=FACE_SURFACE('',(#13255),#13259,.T.);
#13261=POLY_LOOP('',(#963,#590,#589));
#13262=FACE_OUTER_BOUND('',#13261,.T.);
#13263=DIRECTION('',(-0.7020400104352883,-0.7066288823297486,-0.08840501346320948));
#13264=DIRECTION('',(-0.705197316228476,0.7071096837511046,-0.05189065744011759));
#13265=AXIS2_PLACEMENT_3D('',#963,#13263,#13264);
#13266=PLANE('',#13265);
#13267=FACE_SURFACE('',(#13262),#13266,.T.);
#13268=POLY_LOOP('',(#588,#590,#963));
#13269=FACE_OUTER_BOUND('',#13268,.T.);
#13270=DIRECTION('',(-0.7062011013416538,-0.7070282259747133,-0.03729734761192991));
#13271=DIRECTION('',(0.043175627961072556,0.009575544419998798,-0.9990216084245763));
#13272=AXIS2_PLACEMENT_3D('',#588,#13270,#13271);
#13273=PLANE('',#13272);
#13274=FACE_SURFACE('',(#13269),#13273,.T.);
#13275=POLY_LOOP('',(#968,#588,#963));
#13276=FACE_OUTER_BOUND('',#13275,.T.);
#13277=DIRECTION('',(-0.6896832987929431,-0.7238839426082025,-0.018137943656562856));
#13278=DIRECTION('',(-0.509473901698506,0.5028985062840476,-0.6982330813312806));
#13279=AXIS2_PLACEMENT_3D('',#968,#13277,#13278);
#13280=PLANE('',#13279);
#13281=FACE_SURFACE('',(#13276),#13280,.T.);
#13282=POLY_LOOP('',(#968,#587,#588));
#13283=FACE_OUTER_BOUND('',#13282,.T.);
#13284=DIRECTION('',(-0.7078609384468596,-0.7063089287916648,0.0077838891501832656));
#13285=DIRECTION('',(-0.7055884766430796,0.7075652099607317,0.03868301024641053));
#13286=AXIS2_PLACEMENT_3D('',#968,#13284,#13285);
#13287=PLANE('',#13286);
#13288=FACE_SURFACE('',(#13283),#13287,.T.);
#13289=POLY_LOOP('',(#969,#587,#968));
#13290=FACE_OUTER_BOUND('',#13289,.T.);
#13291=DIRECTION('',(-0.7049090382957333,-0.7064257605427722,0.06376435187900992));
#13292=DIRECTION('',(-0.37466426473802206,0.29450541629380245,-0.8791434743555409));
#13293=AXIS2_PLACEMENT_3D('',#969,#13291,#13292);
#13294=PLANE('',#13293);
#13295=FACE_SURFACE('',(#13290),#13294,.T.);
#13296=POLY_LOOP('',(#969,#586,#587));
#13297=FACE_OUTER_BOUND('',#13296,.T.);
#13298=DIRECTION('',(-0.6880264822240196,-0.7239114987454929,0.05071194871521974));
#13299=DIRECTION('',(-0.6603663774380087,0.5955913679449739,-0.4573698393847544));
#13300=AXIS2_PLACEMENT_3D('',#969,#13298,#13299);
#13301=PLANE('',#13300);
#13302=FACE_SURFACE('',(#13297),#13301,.T.);
#13303=POLY_LOOP('',(#970,#586,#969));
#13304=FACE_OUTER_BOUND('',#13303,.T.);
#13305=DIRECTION('',(-0.7155585743694985,-0.6838310871863047,0.14265682894235163));
#13306=DIRECTION('',(-0.40387849499176076,0.2383665977211891,-0.883212050627716));
#13307=AXIS2_PLACEMENT_3D('',#970,#13305,#13306);
#13308=PLANE('',#13307);
#13309=FACE_SURFACE('',(#13304),#13308,.T.);
#13310=POLY_LOOP('',(#970,#569,#586));
#13311=FACE_OUTER_BOUND('',#13310,.T.);
#13312=DIRECTION('',(-0.6953773457674932,-0.7073178922284692,0.12708952091668288));
#13313=DIRECTION('',(-0.6821256965160825,0.7052950287957969,0.19303744846113524));
#13314=AXIS2_PLACEMENT_3D('',#970,#13312,#13313);
#13315=PLANE('',#13314);
#13316=FACE_SURFACE('',(#13311),#13315,.T.);
#13317=POLY_LOOP('',(#958,#674,#675));
#13318=FACE_OUTER_BOUND('',#13317,.T.);
#13319=DIRECTION('',(0.3709948773922253,-0.6499532735906116,-0.6632673240086346));
#13320=DIRECTION('',(-0.4453233544317853,0.5022376819141521,-0.7412451826913424));
#13321=AXIS2_PLACEMENT_3D('',#958,#13319,#13320);
#13322=PLANE('',#13321);
#13323=FACE_SURFACE('',(#13318),#13322,.T.);
#13324=POLY_LOOP('',(#959,#674,#958));
#13325=FACE_OUTER_BOUND('',#13324,.T.);
#13326=DIRECTION('',(0.26582356322267237,-0.7163779833089756,-0.6450894653191656));
#13327=DIRECTION('',(0.8686645089813888,0.46817736074180094,-0.16196274178021391));
#13328=AXIS2_PLACEMENT_3D('',#959,#13326,#13327);
#13329=PLANE('',#13328);
#13330=FACE_SURFACE('',(#13325),#13329,.T.);
#13331=POLY_LOOP('',(#959,#698,#674));
#13332=FACE_OUTER_BOUND('',#13331,.T.);
#13333=DIRECTION('',(0.2539696628687858,-0.7015561729973352,-0.6658215575299798));
#13334=DIRECTION('',(0.23326687254950304,0.7125000220266335,-0.6617630125528479));
#13335=AXIS2_PLACEMENT_3D('',#959,#13333,#13334);
#13336=PLANE('',#13335);
#13337=FACE_SURFACE('',(#13332),#13336,.T.);
#13338=POLY_LOOP('',(#694,#698,#959));
#13339=FACE_OUTER_BOUND('',#13338,.T.);
#13340=DIRECTION('',(0.21078762573055343,-0.7014056297424495,-0.6808808408264063));
#13341=DIRECTION('',(0.954429802395305,-0.002862367868989367,0.2984217806223964));
#13342=AXIS2_PLACEMENT_3D('',#694,#13340,#13341);
#13343=PLANE('',#13342);
#13344=FACE_SURFACE('',(#13339),#13343,.T.);
#13345=POLY_LOOP('',(#963,#589,#962));
#13346=FACE_OUTER_BOUND('',#13345,.T.);
#13347=DIRECTION('',(-0.6804398824278618,-0.723965694191822,-0.113469114894365));
#13348=DIRECTION('',(-0.4331817877683903,0.5222689866793296,-0.7345669774082737));
#13349=AXIS2_PLACEMENT_3D('',#963,#13347,#13348);
#13350=PLANE('',#13349);
#13351=FACE_SURFACE('',(#13346),#13350,.T.);
#13352=POLY_LOOP('',(#959,#695,#694));
#13353=FACE_OUTER_BOUND('',#13352,.T.);
#13354=DIRECTION('',(0.15720387661621496,-0.7416561883540709,-0.6520989491273121));
#13355=DIRECTION('',(-0.846143514453607,0.2393384828024734,-0.4761913938721578));
#13356=AXIS2_PLACEMENT_3D('',#959,#13354,#13355);
#13357=PLANE('',#13356);
#13358=FACE_SURFACE('',(#13353),#13357,.T.);
#13359=POLY_LOOP('',(#955,#696,#695));
#13360=FACE_OUTER_BOUND('',#13359,.T.);
#13361=DIRECTION('',(0.12855928660830243,-0.7001599230224677,-0.7023165895947042));
#13362=DIRECTION('',(-0.7461684161181691,0.39818889952803294,-0.5335525232630401));
#13363=AXIS2_PLACEMENT_3D('',#955,#13361,#13362);
#13364=PLANE('',#13363);
#13365=FACE_SURFACE('',(#13360),#13364,.T.);
#13366=POLY_LOOP('',(#954,#696,#955));
#13367=FACE_OUTER_BOUND('',#13366,.T.);
#13368=DIRECTION('',(0.10997890496388728,-0.7166883155574043,-0.6886671901625884));
#13369=DIRECTION('',(0.865928418546641,0.4092218953638603,-0.287585490433928));
#13370=AXIS2_PLACEMENT_3D('',#954,#13368,#13369);
#13371=PLANE('',#13370);
#13372=FACE_SURFACE('',(#13367),#13371,.T.);
#13373=POLY_LOOP('',(#954,#697,#696));
#13374=FACE_OUTER_BOUND('',#13373,.T.);
#13375=DIRECTION('',(0.09585915843086036,-0.7001014095698058,-0.7075797043890519));
#13376=DIRECTION('',(0.08192755416192041,0.7139906076983591,-0.695345445075736));
#13377=AXIS2_PLACEMENT_3D('',#954,#13375,#13376);
#13378=PLANE('',#13377);
#13379=FACE_SURFACE('',(#13374),#13378,.T.);
#13380=POLY_LOOP('',(#691,#697,#954));
#13381=FACE_OUTER_BOUND('',#13380,.T.);
#13382=DIRECTION('',(0.06521118424200588,-0.7000361281016627,-0.7111237028831116));
#13383=DIRECTION('',(0.9957416613597118,-0.0008859959332561363,0.09218328939567748));
#13384=AXIS2_PLACEMENT_3D('',#691,#13382,#13383);
#13385=PLANE('',#13384);
#13386=FACE_SURFACE('',(#13381),#13385,.T.);
#13387=POLY_LOOP('',(#956,#691,#954));
#13388=FACE_OUTER_BOUND('',#13387,.T.);
#13389=DIRECTION('',(0.05219222254304791,-0.7159472850490359,-0.6962007303478871));
#13390=DIRECTION('',(0.8735991409852718,0.37050223888710154,-0.31551962197213684));
#13391=AXIS2_PLACEMENT_3D('',#956,#13389,#13390);
#13392=PLANE('',#13391);
#13393=FACE_SURFACE('',(#13388),#13392,.T.);
#13394=POLY_LOOP('',(#956,#692,#691));
#13395=FACE_OUTER_BOUND('',#13394,.T.);
#13396=DIRECTION('',(0.03964667633374108,-0.7003855140264735,-0.7126628044156367));
#13397=DIRECTION('',(0.02963733332339127,0.7137340323226977,-0.6997895109087163));
#13398=AXIS2_PLACEMENT_3D('',#956,#13396,#13397);
#13399=PLANE('',#13398);
#13400=FACE_SURFACE('',(#13395),#13399,.T.);
#13401=POLY_LOOP('',(#957,#692,#956));
#13402=FACE_OUTER_BOUND('',#13401,.T.);
#13403=DIRECTION('',(0.011652149213268138,-0.7002961773481486,-0.7137573056790958));
#13404=DIRECTION('',(0.9835992259223713,0.13651461179837854,-0.11788266849053798));
#13405=AXIS2_PLACEMENT_3D('',#957,#13403,#13404);
#13406=PLANE('',#13405);
#13407=FACE_SURFACE('',(#13402),#13406,.T.);
#13408=POLY_LOOP('',(#957,#693,#692));
#13409=FACE_OUTER_BOUND('',#13408,.T.);
#13410=DIRECTION('',(0.014978101255122531,-0.7131316377736496,-0.7008701189871511));
#13411=DIRECTION('',(0.8250055776575785,0.40484279860620787,-0.3942944397916085));
#13412=AXIS2_PLACEMENT_3D('',#957,#13410,#13411);
#13413=PLANE('',#13412);
#13414=FACE_SURFACE('',(#13409),#13413,.T.);
#13415=POLY_LOOP('',(#961,#693,#957));
#13416=FACE_OUTER_BOUND('',#13415,.T.);
#13417=DIRECTION('',(-0.007309450831779003,-0.6900097181472304,-0.7237631938631016));
#13418=DIRECTION('',(0.9906711714748576,0.09349664835993053,-0.09914134734858465));
#13419=AXIS2_PLACEMENT_3D('',#961,#13417,#13418);
#13420=PLANE('',#13419);
#13421=FACE_SURFACE('',(#13416),#13420,.T.);
#13422=POLY_LOOP('',(#961,#689,#693));
#13423=FACE_OUTER_BOUND('',#13422,.T.);
#13424=DIRECTION('',(-0.00307275154838359,-0.712003358340676,-0.7021693356374379));
#13425=DIRECTION('',(0.687258571850951,0.5085614888159876,-0.5186914955063918));
#13426=AXIS2_PLACEMENT_3D('',#961,#13424,#13425);
#13427=PLANE('',#13426);
#13428=FACE_SURFACE('',(#13423),#13427,.T.);
#13429=POLY_LOOP('',(#821,#689,#961));
#13430=FACE_OUTER_BOUND('',#13429,.T.);
#13431=DIRECTION('',(-0.04652461379872457,-0.6817627859688938,-0.7300924352291372));
#13432=DIRECTION('',(0.9663283761387684,0.15444880293120994,-0.2058033934174239));
#13433=AXIS2_PLACEMENT_3D('',#821,#13431,#13432);
#13434=PLANE('',#13433);
#13435=FACE_SURFACE('',(#13430),#13434,.T.);
#13436=POLY_LOOP('',(#821,#690,#689));
#13437=FACE_OUTER_BOUND('',#13436,.T.);
#13438=DIRECTION('',(-0.03799767344515232,-0.7053978210193287,-0.7077924066517941));
#13439=DIRECTION('',(0.17797927275914188,0.6922014662517422,-0.6994144040460314));
#13440=AXIS2_PLACEMENT_3D('',#821,#13438,#13439);
#13441=PLANE('',#13440);
#13442=FACE_SURFACE('',(#13437),#13441,.T.);
#13443=POLY_LOOP('',(#955,#695,#959));
#13444=FACE_OUTER_BOUND('',#13443,.T.);
#13445=DIRECTION('',(0.18967872583668471,-0.6997537199983597,-0.6887428491922287));
#13446=DIRECTION('',(0.14730943512900588,0.7138191258992429,-0.6846620960900449));
#13447=AXIS2_PLACEMENT_3D('',#955,#13445,#13446);
#13448=PLANE('',#13447);
#13449=FACE_SURFACE('',(#13444),#13448,.T.);
#13450=POLY_LOOP('',(#589,#593,#962));
#13451=FACE_OUTER_BOUND('',#13450,.T.);
#13452=DIRECTION('',(-0.69474328945397,-0.7051376811998371,-0.14181894200280146));
#13453=DIRECTION('',(0.19082165933063178,0.009408825212852752,-0.9815796291378598));
#13454=AXIS2_PLACEMENT_3D('',#589,#13452,#13453);
#13455=PLANE('',#13454);
#13456=FACE_SURFACE('',(#13451),#13455,.T.);
#13457=POLY_LOOP('',(#962,#593,#592));
#13458=FACE_OUTER_BOUND('',#13457,.T.);
#13459=DIRECTION('',(-0.6787299521647777,-0.7044460834632923,-0.20756051533860403));
#13460=DIRECTION('',(-0.6869133678431201,0.7089391193384089,-0.15986040832583762));
#13461=AXIS2_PLACEMENT_3D('',#962,#13459,#13460);
#13462=PLANE('',#13461);
#13463=FACE_SURFACE('',(#13458),#13462,.T.);
#13464=POLY_LOOP('',(#962,#592,#964));
#13465=FACE_OUTER_BOUND('',#13464,.T.);
#13466=DIRECTION('',(-0.6553211863702609,-0.7209716794025227,-0.22528644032382353));
#13467=DIRECTION('',(-0.2688380411878598,0.5013454981353179,-0.8224225186056888));
#13468=AXIS2_PLACEMENT_3D('',#962,#13466,#13467);
#13469=PLANE('',#13468);
#13470=FACE_SURFACE('',(#13465),#13469,.T.);
#13471=POLY_LOOP('',(#810,#686,#685));
#13472=FACE_OUTER_BOUND('',#13471,.T.);
#13473=DIRECTION('',(5.2776107205340805e-06,-0.9999541544169342,-0.009575439230699645));
#13474=DIRECTION('',(0.8138126400437227,0.005568844332062113,-0.5811006581289266));
#13475=AXIS2_PLACEMENT_3D('',#810,#13473,#13474);
#13476=PLANE('',#13475);
#13477=FACE_SURFACE('',(#13472),#13476,.T.);
#13478=POLY_LOOP('',(#810,#687,#686));
#13479=FACE_OUTER_BOUND('',#13478,.T.);
#13480=DIRECTION('',(-3.0310765732559116e-06,-0.9999540429434295,-0.009587074209715211));
#13481=DIRECTION('',(0.6229261116748859,0.007497894864211235,-0.7822447449271953));
#13482=AXIS2_PLACEMENT_3D('',#810,#13480,#13481);
#13483=PLANE('',#13482);
#13484=FACE_SURFACE('',(#13479),#13483,.T.);
#13485=POLY_LOOP('',(#808,#687,#810));
#13486=FACE_OUTER_BOUND('',#13485,.T.);
#13487=DIRECTION('',(-1.180033290523219e-05,-0.9999539759083076,-0.00959405680200782));
#13488=DIRECTION('',(0.7850745523514556,0.0059333073608761645,-0.6193728627522543));
#13489=AXIS2_PLACEMENT_3D('',#808,#13487,#13488);
#13490=PLANE('',#13489);
#13491=FACE_SURFACE('',(#13486),#13490,.T.);
#13492=POLY_LOOP('',(#685,#806,#810));
#13493=FACE_OUTER_BOUND('',#13492,.T.);
#13494=DIRECTION('',(6.5633064013101345e-06,-0.9999541896921569,-0.009571753968052259));
#13495=DIRECTION('',(-0.8729821887952088,-0.0046743723578536985,0.48772968772608705));
#13496=AXIS2_PLACEMENT_3D('',#685,#13494,#13495);
#13497=PLANE('',#13496);
#13498=FACE_SURFACE('',(#13493),#13497,.T.);
#13499=POLY_LOOP('',(#584,#574,#971));
#13500=FACE_OUTER_BOUND('',#13499,.T.);
#13501=DIRECTION('',(-0.04507425869470318,-0.713137166553092,0.6995739366812848));
#13502=DIRECTION('',(-0.8896584767626388,0.3471865639168106,0.29659616410199857));
#13503=AXIS2_PLACEMENT_3D('',#584,#13501,#13502);
#13504=PLANE('',#13503);
#13505=FACE_SURFACE('',(#13500),#13504,.T.);
#13506=POLY_LOOP('',(#579,#574,#584));
#13507=FACE_OUTER_BOUND('',#13506,.T.);
#13508=DIRECTION('',(-0.045064651900660814,-0.7131242907275103,0.6995876807973805));
#13509=DIRECTION('',(-0.9979712072438615,0.0006095898385478951,-0.0636639451531126));
#13510=AXIS2_PLACEMENT_3D('',#579,#13508,#13509);
#13511=PLANE('',#13510);
#13512=FACE_SURFACE('',(#13507),#13511,.T.);
#13513=POLY_LOOP('',(#576,#972,#573));
#13514=FACE_OUTER_BOUND('',#13513,.T.);
#13515=DIRECTION('',(-0.11921294425878912,-0.7093157392217901,0.6947369689410493));
#13516=DIRECTION('',(0.37213241063146824,-0.6806403539829196,-0.6310674904379232));
#13517=AXIS2_PLACEMENT_3D('',#576,#13515,#13516);
#13518=PLANE('',#13517);
#13519=FACE_SURFACE('',(#13514),#13518,.T.);
#13520=POLY_LOOP('',(#559,#972,#576));
#13521=FACE_OUTER_BOUND('',#13520,.T.);
#13522=DIRECTION('',(-0.18447009822474797,-0.720569699218886,0.668393665012286));
#13523=DIRECTION('',(0.9747752840494461,-0.2210663594481174,0.03070521660365614));
#13524=AXIS2_PLACEMENT_3D('',#559,#13522,#13523);
#13525=PLANE('',#13524);
#13526=FACE_SURFACE('',(#13521),#13525,.T.);
#13527=POLY_LOOP('',(#559,#973,#972));
#13528=FACE_OUTER_BOUND('',#13527,.T.);
#13529=DIRECTION('',(-0.1782839045175721,-0.6884862010399778,0.7029947370837913));
#13530=DIRECTION('',(0.6872062630038243,-0.5984550268225555,-0.4118241529574646));
#13531=AXIS2_PLACEMENT_3D('',#559,#13529,#13530);
#13532=PLANE('',#13531);
#13533=FACE_SURFACE('',(#13528),#13532,.T.);
#13534=POLY_LOOP('',(#974,#973,#559));
#13535=FACE_OUTER_BOUND('',#13534,.T.);
#13536=DIRECTION('',(-0.22328602670703143,-0.7134503548325027,0.6641776430043116));
#13537=DIRECTION('',(0.9488513538752261,-0.003053891822721694,0.3157083812537854));
#13538=AXIS2_PLACEMENT_3D('',#974,#13536,#13537);
#13539=PLANE('',#13538);
#13540=FACE_SURFACE('',(#13535),#13539,.T.);
#13541=POLY_LOOP('',(#971,#573,#972));
#13542=FACE_OUTER_BOUND('',#13541,.T.);
#13543=DIRECTION('',(-0.11141492696140294,-0.7210218192393842,0.6838963738980591));
#13544=DIRECTION('',(-0.5558382079138228,0.6156818172538231,0.5585515074961125));
#13545=AXIS2_PLACEMENT_3D('',#971,#13543,#13544);
#13546=PLANE('',#13545);
#13547=FACE_SURFACE('',(#13542),#13546,.T.);
#13548=POLY_LOOP('',(#971,#574,#573));
#13549=FACE_OUTER_BOUND('',#13548,.T.);
#13550=DIRECTION('',(-0.09313107921961468,-0.713799470868081,0.6941303317618653));
#13551=DIRECTION('',(-0.08986474080420148,0.7003410336984425,0.7081290594788429));
#13552=AXIS2_PLACEMENT_3D('',#971,#13550,#13551);
#13553=PLANE('',#13552);
#13554=FACE_SURFACE('',(#13549),#13553,.T.);
#13555=POLY_LOOP('',(#975,#569,#970));
#13556=FACE_OUTER_BOUND('',#13555,.T.);
#13557=DIRECTION('',(-0.6476578314893496,-0.7052860521056469,0.2882896425745194));
#13558=DIRECTION('',(-0.6805763682400899,0.3653785903004021,-0.6350703053546279));
#13559=AXIS2_PLACEMENT_3D('',#975,#13557,#13558);
#13560=PLANE('',#13559);
#13561=FACE_SURFACE('',(#13556),#13560,.T.);
#13562=POLY_LOOP('',(#975,#567,#569));
#13563=FACE_OUTER_BOUND('',#13562,.T.);
#13564=DIRECTION('',(-0.6476526747141346,-0.705295196850267,0.28827885499212436));
#13565=DIRECTION('',(-0.5882201518618175,0.7033091954853222,0.3991907169379682));
#13566=AXIS2_PLACEMENT_3D('',#975,#13564,#13565);
#13567=PLANE('',#13566);
#13568=FACE_SURFACE('',(#13563),#13567,.T.);
#13569=POLY_LOOP('',(#564,#567,#975));
#13570=FACE_OUTER_BOUND('',#13569,.T.);
#13571=DIRECTION('',(-0.5556851530727596,-0.7101415365976205,0.4323343713530931));
#13572=DIRECTION('',(-0.6200199741957144,0.00753091331089799,-0.7845498817430601));
#13573=AXIS2_PLACEMENT_3D('',#564,#13571,#13572);
#13574=PLANE('',#13573);
#13575=FACE_SURFACE('',(#13570),#13574,.T.);
#13576=POLY_LOOP('',(#976,#564,#975));
#13577=FACE_OUTER_BOUND('',#13576,.T.);
#13578=DIRECTION('',(-0.49492048944986844,-0.741373562702829,0.45323167326215946));
#13579=DIRECTION('',(-0.8414486198825547,0.5390638585380098,-0.03707258442375723));
#13580=AXIS2_PLACEMENT_3D('',#976,#13578,#13579);
#13581=PLANE('',#13580);
#13582=FACE_SURFACE('',(#13577),#13581,.T.);
#13583=POLY_LOOP('',(#976,#561,#564));
#13584=FACE_OUTER_BOUND('',#13583,.T.);
#13585=DIRECTION('',(-0.4781690263882566,-0.7109303165243464,0.5156864039796855));
#13586=DIRECTION('',(-0.43393805776067235,0.7017294264408388,0.5650429842887237));
#13587=AXIS2_PLACEMENT_3D('',#976,#13585,#13586);
#13588=PLANE('',#13587);
#13589=FACE_SURFACE('',(#13584),#13588,.T.);
#13590=POLY_LOOP('',(#974,#561,#976));
#13591=FACE_OUTER_BOUND('',#13590,.T.);
#13592=DIRECTION('',(-0.3411015166572553,-0.7084447945427653,0.6178638429454983));
#13593=DIRECTION('',(-0.927588306825575,0.36023730383913044,-0.0990404864849561));
#13594=AXIS2_PLACEMENT_3D('',#974,#13592,#13593);
#13595=PLANE('',#13594);
#13596=FACE_SURFACE('',(#13591),#13595,.T.);
#13597=POLY_LOOP('',(#974,#559,#561));
#13598=FACE_OUTER_BOUND('',#13597,.T.);
#13599=DIRECTION('',(-0.3411034336721471,-0.7084524281225218,0.6178540318104061));
#13600=DIRECTION('',(-0.23512969306715273,0.7006821155515117,0.6736160630391801));
#13601=AXIS2_PLACEMENT_3D('',#974,#13599,#13600);
#13602=PLANE('',#13601);
#13603=FACE_SURFACE('',(#13598),#13602,.T.);
#13604=POLY_LOOP('',(#960,#556,#673));
#13605=FACE_OUTER_BOUND('',#13604,.T.);
#13606=DIRECTION('',(-0.4261996035728231,-0.7004931208766284,-0.5724188025553403));
#13607=DIRECTION('',(0.4725413798254244,0.3671845443955935,-0.801174234926264));
#13608=AXIS2_PLACEMENT_3D('',#960,#13606,#13607);
#13609=PLANE('',#13608);
#13610=FACE_SURFACE('',(#13605),#13609,.T.);
#13611=POLY_LOOP('',(#960,#557,#556));
#13612=FACE_OUTER_BOUND('',#13611,.T.);
#13613=DIRECTION('',(-0.44588739573155256,-0.6845316269042699,-0.5767155989701744));
#13614=DIRECTION('',(-0.6921468777230553,0.6722258575912008,-0.26276433556325807));
#13615=AXIS2_PLACEMENT_3D('',#960,#13613,#13614);
#13616=PLANE('',#13615);
#13617=FACE_SURFACE('',(#13612),#13616,.T.);
#13618=POLY_LOOP('',(#965,#557,#960));
#13619=FACE_OUTER_BOUND('',#13618,.T.);
#13620=DIRECTION('',(-0.5150890135179704,-0.7150823411475616,-0.4725892016667397));
#13621=DIRECTION('',(0.17943802308001675,0.4491801926541437,-0.8752366253764303));
#13622=AXIS2_PLACEMENT_3D('',#965,#13620,#13621);
#13623=PLANE('',#13622);
#13624=FACE_SURFACE('',(#13619),#13623,.T.);
#13625=POLY_LOOP('',(#965,#571,#557));
#13626=FACE_OUTER_BOUND('',#13625,.T.);
#13627=DIRECTION('',(-0.5373223540630855,-0.700500286204743,-0.46966374870877287));
#13628=DIRECTION('',(-0.5712634955436224,0.7119757151960703,-0.4083486251113451));
#13629=AXIS2_PLACEMENT_3D('',#965,#13627,#13628);
#13630=PLANE('',#13629);
#13631=FACE_SURFACE('',(#13626),#13630,.T.);
#13632=POLY_LOOP('',(#570,#571,#965));
#13633=FACE_OUTER_BOUND('',#13632,.T.);
#13634=DIRECTION('',(-0.5849130520500924,-0.7021700205390248,-0.4059975169846137));
#13635=DIRECTION('',(0.5637569263471449,0.0079263830982439,-0.8259027185126585));
#13636=AXIS2_PLACEMENT_3D('',#570,#13634,#13635);
#13637=PLANE('',#13636);
#13638=FACE_SURFACE('',(#13633),#13637,.T.);
#13639=POLY_LOOP('',(#964,#570,#965));
#13640=FACE_OUTER_BOUND('',#13639,.T.);
#13641=DIRECTION('',(-0.6021357837466421,-0.7176999191009878,-0.3497703876177235));
#13642=DIRECTION('',(-0.045273710651459506,0.46808139322108056,-0.8825248440945218));
#13643=AXIS2_PLACEMENT_3D('',#964,#13641,#13642);
#13644=PLANE('',#13643);
#13645=FACE_SURFACE('',(#13640),#13644,.T.);
#13646=POLY_LOOP('',(#964,#591,#570));
#13647=FACE_OUTER_BOUND('',#13646,.T.);
#13648=DIRECTION('',(-0.6238171808023364,-0.7032582681410073,-0.34099843581332767));
#13649=DIRECTION('',(-0.6477876601563014,0.7093417411809846,-0.27785867193152924));
#13650=AXIS2_PLACEMENT_3D('',#964,#13648,#13649);
#13651=PLANE('',#13650);
#13652=FACE_SURFACE('',(#13647),#13651,.T.);
#13653=POLY_LOOP('',(#592,#591,#964));
#13654=FACE_OUTER_BOUND('',#13653,.T.);
#13655=DIRECTION('',(-0.6571075334432553,-0.7048018984948649,-0.26732746467610774));
#13656=DIRECTION('',(0.36860223949066456,0.00891238142147724,-0.9295444897904914));
#13657=AXIS2_PLACEMENT_3D('',#592,#13655,#13656);
#13658=PLANE('',#13657);
#13659=FACE_SURFACE('',(#13654),#13658,.T.);
#13660=POLY_LOOP('',(#738,#669,#734));
#13661=FACE_OUTER_BOUND('',#13660,.T.);
#13662=DIRECTION('',(-6.5971619226719934e-06,-0.9999540860273997,-0.009582577606527712));
#13663=DIRECTION('',(-0.1942896578110516,0.009401255652002604,-0.9808991514217097));
#13664=AXIS2_PLACEMENT_3D('',#738,#13662,#13663);
#13665=PLANE('',#13664);
#13666=FACE_SURFACE('',(#13661),#13665,.T.);
#13667=POLY_LOOP('',(#511,#864,#49));
#13668=FACE_OUTER_BOUND('',#13667,.T.);
#13669=DIRECTION('',(-0.6556789914384185,0.4614332175984884,0.5976323668301482));
#13670=DIRECTION('',(0.586754170022776,-0.18675222169547298,0.7879360073335197));
#13671=AXIS2_PLACEMENT_3D('',#511,#13669,#13670);
#13672=PLANE('',#13671);
#13673=FACE_SURFACE('',(#13668),#13672,.T.);
#13674=POLY_LOOP('',(#734,#669,#671));
#13675=FACE_OUTER_BOUND('',#13674,.T.);
#13676=DIRECTION('',(-5.569631452429925e-06,-0.9999540793336762,-0.00958327673185241));
#13677=DIRECTION('',(-0.5625502414217702,0.007926232646336967,-0.8267251058921243));
#13678=AXIS2_PLACEMENT_3D('',#734,#13676,#13677);
#13679=PLANE('',#13678);
#13680=FACE_SURFACE('',(#13675),#13679,.T.);
#13681=POLY_LOOP('',(#728,#671,#820));
#13682=FACE_OUTER_BOUND('',#13681,.T.);
#13683=DIRECTION('',(-1.7213790289975379e-06,-0.9999540598167181,-0.00958531444972292));
#13684=DIRECTION('',(-0.6048517129178417,0.007634192443893356,-0.7963015286222189));
#13685=AXIS2_PLACEMENT_3D('',#728,#13683,#13684);
#13686=PLANE('',#13685);
#13687=FACE_SURFACE('',(#13682),#13686,.T.);
#13688=POLY_LOOP('',(#858,#927,#903));
#13689=FACE_OUTER_BOUND('',#13688,.T.);
#13690=DIRECTION('',(-0.4249721873265979,0.3845522348466455,0.8194621520688414));
#13691=DIRECTION('',(0.9045180775605078,0.1451035189797506,0.40098879803048915));
#13692=AXIS2_PLACEMENT_3D('',#858,#13690,#13691);
#13693=PLANE('',#13692);
#13694=FACE_SURFACE('',(#13689),#13693,.T.);
#13695=POLY_LOOP('',(#858,#926,#927));
#13696=FACE_OUTER_BOUND('',#13695,.T.);
#13697=DIRECTION('',(-0.42598051668832454,0.35086838597698405,0.8339256412437829));
#13698=DIRECTION('',(-0.548936142302193,-0.8329244112998048,0.070043106265074));
#13699=AXIS2_PLACEMENT_3D('',#858,#13697,#13698);
#13700=PLANE('',#13699);
#13701=FACE_SURFACE('',(#13696),#13700,.T.);
#13702=POLY_LOOP('',(#860,#926,#858));
#13703=FACE_OUTER_BOUND('',#13702,.T.);
#13704=DIRECTION('',(-0.5321394846520715,0.4128637570449328,0.7391691869883176));
#13705=DIRECTION('',(0.8014616281085298,0.5270697034747716,0.28258943070936166));
#13706=AXIS2_PLACEMENT_3D('',#860,#13704,#13705);
#13707=PLANE('',#13706);
#13708=FACE_SURFACE('',(#13703),#13707,.T.);
#13709=POLY_LOOP('',(#827,#925,#905));
#13710=FACE_OUTER_BOUND('',#13709,.T.);
#13711=DIRECTION('',(-0.23969343086176836,0.3936492709378744,0.8874611601032434));
#13712=DIRECTION('',(0.020576925494929878,-0.9118434562985359,0.4100220742139576));
#13713=AXIS2_PLACEMENT_3D('',#827,#13711,#13712);
#13714=PLANE('',#13713);
#13715=FACE_SURFACE('',(#13710),#13714,.T.);
#13716=POLY_LOOP('',(#827,#924,#925));
#13717=FACE_OUTER_BOUND('',#13716,.T.);
#13718=DIRECTION('',(-0.2651706476968435,0.390443799329804,0.8816111201459201));
#13719=DIRECTION('',(-0.7082843153792189,-0.6992788927224658,0.09665587814837348));
#13720=AXIS2_PLACEMENT_3D('',#827,#13718,#13719);
#13721=PLANE('',#13720);
#13722=FACE_SURFACE('',(#13717),#13721,.T.);
#13723=POLY_LOOP('',(#977,#924,#827));
#13724=FACE_OUTER_BOUND('',#13723,.T.);
#13725=DIRECTION('',(-0.29416512809910805,0.4168338907838117,0.8600676629803405));
#13726=DIRECTION('',(0.9550793596025755,0.09438296515125728,0.28091862300387044));
#13727=AXIS2_PLACEMENT_3D('',#977,#13725,#13726);
#13728=PLANE('',#13727);
#13729=FACE_SURFACE('',(#13724),#13728,.T.);
#13730=POLY_LOOP('',(#977,#922,#924));
#13731=FACE_OUTER_BOUND('',#13730,.T.);
#13732=DIRECTION('',(-0.2959668998530877,0.35197877620689905,0.887983409355854));
#13733=DIRECTION('',(-0.7583117337257608,-0.6518677031354532,0.005640221869706466));
#13734=AXIS2_PLACEMENT_3D('',#977,#13732,#13733);
#13735=PLANE('',#13734);
#13736=FACE_SURFACE('',(#13731),#13735,.T.);
#13737=POLY_LOOP('',(#923,#922,#977));
#13738=FACE_OUTER_BOUND('',#13737,.T.);
#13739=DIRECTION('',(-0.34541400564482233,0.4091245514352845,0.8445746066022087));
#13740=DIRECTION('',(0.906089333690754,0.3796923295238679,0.1866436558594591));
#13741=AXIS2_PLACEMENT_3D('',#923,#13739,#13740);
#13742=PLANE('',#13741);
#13743=FACE_SURFACE('',(#13738),#13742,.T.);
#13744=POLY_LOOP('',(#825,#937,#938));
#13745=FACE_OUTER_BOUND('',#13744,.T.);
#13746=DIRECTION('',(-0.1619642830620442,0.41479486140178823,0.8953841599932787));
#13747=DIRECTION('',(0.4276414668931299,-0.7882305988999149,0.4425102244596997));
#13748=AXIS2_PLACEMENT_3D('',#825,#13746,#13747);
#13749=PLANE('',#13748);
#13750=FACE_SURFACE('',(#13745),#13749,.T.);
#13751=POLY_LOOP('',(#825,#905,#937));
#13752=FACE_OUTER_BOUND('',#13751,.T.);
#13753=DIRECTION('',(-0.205355192789933,0.3920177334234459,0.896744858628001));
#13754=DIRECTION('',(-0.6909986656561102,-0.7069495661252271,0.15080833868466437));
#13755=AXIS2_PLACEMENT_3D('',#825,#13753,#13754);
#13756=PLANE('',#13755);
#13757=FACE_SURFACE('',(#13752),#13756,.T.);
#13758=POLY_LOOP('',(#827,#905,#825));
#13759=FACE_OUTER_BOUND('',#13758,.T.);
#13760=DIRECTION('',(-0.22557676834085216,0.40910002891514113,0.8841675677870843));
#13761=DIRECTION('',(0.708448454510439,-0.5540971057453441,0.4371237636029451));
#13762=AXIS2_PLACEMENT_3D('',#827,#13760,#13761);
#13763=PLANE('',#13762);
#13764=FACE_SURFACE('',(#13759),#13763,.T.);
#13765=POLY_LOOP('',(#874,#935,#872));
#13766=FACE_OUTER_BOUND('',#13765,.T.);
#13767=DIRECTION('',(0.11594440257829676,0.3948557050202668,0.911397754947701));
#13768=DIRECTION('',(-0.49396695782657496,-0.7731445479635877,0.39779913590873756));
#13769=AXIS2_PLACEMENT_3D('',#874,#13767,#13768);
#13770=PLANE('',#13769);
#13771=FACE_SURFACE('',(#13766),#13770,.T.);
#13772=POLY_LOOP('',(#862,#864,#953));
#13773=FACE_OUTER_BOUND('',#13772,.T.);
#13774=DIRECTION('',(-0.6495089411417183,0.3966457404416549,0.648698922433555));
#13775=DIRECTION('',(-0.29249265979929784,0.6571657530393268,-0.6946806582853641));
#13776=AXIS2_PLACEMENT_3D('',#862,#13774,#13775);
#13777=PLANE('',#13776);
#13778=FACE_SURFACE('',(#13773),#13777,.T.);
#13779=POLY_LOOP('',(#876,#935,#874));
#13780=FACE_OUTER_BOUND('',#13779,.T.);
#13781=DIRECTION('',(0.07207507548713747,0.4195286155339019,0.9048761927698898));
#13782=DIRECTION('',(0.65082620406091,-0.7072569726707985,0.27606670700431096));
#13783=AXIS2_PLACEMENT_3D('',#876,#13781,#13782);
#13784=PLANE('',#13783);
#13785=FACE_SURFACE('',(#13780),#13784,.T.);
#13786=POLY_LOOP('',(#878,#934,#876));
#13787=FACE_OUTER_BOUND('',#13786,.T.);
#13788=DIRECTION('',(0.02402453382642162,0.4199764521584349,0.9072169538797414));
#13789=DIRECTION('',(0.7241064258747879,-0.6329885403860236,0.2738528651426012));
#13790=AXIS2_PLACEMENT_3D('',#878,#13788,#13789);
#13791=PLANE('',#13790);
#13792=FACE_SURFACE('',(#13787),#13791,.T.);
#13793=POLY_LOOP('',(#878,#933,#934));
#13794=FACE_OUTER_BOUND('',#13793,.T.);
#13795=DIRECTION('',(0.015107617361616768,0.4115298950477116,0.9112710383742448));
#13796=DIRECTION('',(-0.18120057150600907,-0.8951579981059464,0.40725730357213974));
#13797=AXIS2_PLACEMENT_3D('',#878,#13795,#13796);
#13798=PLANE('',#13797);
#13799=FACE_SURFACE('',(#13794),#13798,.T.);
#13800=POLY_LOOP('',(#855,#933,#878));
#13801=FACE_OUTER_BOUND('',#13800,.T.);
#13802=DIRECTION('',(-0.02400162634553868,0.41801441051006916,0.9081232705633571));
#13803=DIRECTION('',(0.793729902214475,-0.544304328316911,0.2715246591123473));
#13804=AXIS2_PLACEMENT_3D('',#855,#13802,#13803);
#13805=PLANE('',#13804);
#13806=FACE_SURFACE('',(#13801),#13805,.T.);
#13807=POLY_LOOP('',(#855,#931,#933));
#13808=FACE_OUTER_BOUND('',#13807,.T.);
#13809=DIRECTION('',(-0.02802242728073548,0.4131931294105893,0.9102121628374232));
#13810=DIRECTION('',(-0.03597371771935882,-0.910396761695267,0.4121694165367186));
#13811=AXIS2_PLACEMENT_3D('',#855,#13809,#13810);
#13812=PLANE('',#13811);
#13813=FACE_SURFACE('',(#13808),#13812,.T.);
#13814=POLY_LOOP('',(#838,#931,#855));
#13815=FACE_OUTER_BOUND('',#13814,.T.);
#13816=DIRECTION('',(-0.07140378903140476,0.41372378822391886,0.9075979979977967));
#13817=DIRECTION('',(0.8545763996971687,-0.44388021467698147,0.2695728697382992));
#13818=AXIS2_PLACEMENT_3D('',#838,#13816,#13817);
#13819=PLANE('',#13818);
#13820=FACE_SURFACE('',(#13815),#13819,.T.);
#13821=POLY_LOOP('',(#838,#932,#931));
#13822=FACE_OUTER_BOUND('',#13821,.T.);
#13823=DIRECTION('',(-0.07145043755068982,0.4136517030073963,0.9076271831390329));
#13824=DIRECTION('',(0.10199660320606437,-0.9021527956596269,0.41918614745473637));
#13825=AXIS2_PLACEMENT_3D('',#838,#13823,#13824);
#13826=PLANE('',#13825);
#13827=FACE_SURFACE('',(#13822),#13826,.T.);
#13828=POLY_LOOP('',(#823,#932,#838));
#13829=FACE_OUTER_BOUND('',#13828,.T.);
#13830=DIRECTION('',(-0.11869416061407799,0.4073368810104244,0.9055320875622348));
#13831=DIRECTION('',(0.9079570147930679,-0.3246106078380118,0.2650320972393667));
#13832=AXIS2_PLACEMENT_3D('',#823,#13830,#13831);
#13833=PLANE('',#13832);
#13834=FACE_SURFACE('',(#13829),#13833,.T.);
#13835=POLY_LOOP('',(#823,#938,#932));
#13836=FACE_OUTER_BOUND('',#13835,.T.);
#13837=DIRECTION('',(-0.11571894936773768,0.41363820475579166,0.9030573405513254));
#13838=DIRECTION('',(0.2457089650849315,-0.8689883905950445,0.42951866256069265));
#13839=AXIS2_PLACEMENT_3D('',#823,#13837,#13838);
#13840=PLANE('',#13839);
#13841=FACE_SURFACE('',(#13836),#13840,.T.);
#13842=POLY_LOOP('',(#825,#938,#823));
#13843=FACE_OUTER_BOUND('',#13842,.T.);
#13844=DIRECTION('',(-0.16668196558995094,0.3986262499846036,0.9018393621761488));
#13845=DIRECTION('',(0.9510982030775125,-0.1762307074907177,0.25368276614710744));
#13846=AXIS2_PLACEMENT_3D('',#825,#13844,#13845);
#13847=PLANE('',#13846);
#13848=FACE_SURFACE('',(#13843),#13847,.T.);
#13849=POLY_LOOP('',(#870,#906,#928));
#13850=FACE_OUTER_BOUND('',#13849,.T.);
#13851=DIRECTION('',(0.18112106401478548,0.401400907008617,0.8978153886088228));
#13852=DIRECTION('',(-0.7734959228385145,-0.5056600720441836,0.38211509901136576));
#13853=AXIS2_PLACEMENT_3D('',#870,#13851,#13852);
#13854=PLANE('',#13853);
#13855=FACE_SURFACE('',(#13850),#13854,.T.);
#13856=POLY_LOOP('',(#870,#907,#906));
#13857=FACE_OUTER_BOUND('',#13856,.T.);
#13858=DIRECTION('',(0.16024311731480556,0.4272833496201055,0.8898039573359159));
#13859=DIRECTION('',(-0.9331705975625048,-0.22825049357111848,0.27765868981427283));
#13860=AXIS2_PLACEMENT_3D('',#870,#13858,#13859);
#13861=PLANE('',#13860);
#13862=FACE_SURFACE('',(#13857),#13861,.T.);
#13863=POLY_LOOP('',(#872,#907,#870));
#13864=FACE_OUTER_BOUND('',#13863,.T.);
#13865=DIRECTION('',(0.16849625126097245,0.40455467858454947,0.8988573442690176));
#13866=DIRECTION('',(-0.0012362916673855902,-0.9118079028024174,0.4106151726007826));
#13867=AXIS2_PLACEMENT_3D('',#872,#13865,#13866);
#13868=PLANE('',#13867);
#13869=FACE_SURFACE('',(#13864),#13868,.T.);
#13870=POLY_LOOP('',(#876,#934,#935));
#13871=FACE_OUTER_BOUND('',#13870,.T.);
#13872=DIRECTION('',(0.057439353081697515,0.4084414141438116,0.9109754837149897));
#13873=DIRECTION('',(-0.33883280985807723,-0.8503457350470036,0.40262197884746836));
#13874=AXIS2_PLACEMENT_3D('',#876,#13872,#13873);
#13875=PLANE('',#13874);
#13876=FACE_SURFACE('',(#13871),#13875,.T.);
#13877=POLY_LOOP('',(#872,#936,#907));
#13878=FACE_OUTER_BOUND('',#13877,.T.);
#13879=DIRECTION('',(0.13341170726128573,0.40679447685835946,0.9037253841533737));
#13880=DIRECTION('',(-0.636266181424922,-0.6639796143173184,0.39280582753565835));
#13881=AXIS2_PLACEMENT_3D('',#872,#13879,#13880);
#13882=PLANE('',#13881);
#13883=FACE_SURFACE('',(#13878),#13882,.T.);
#13884=POLY_LOOP('',(#978,#947,#953));
#13885=FACE_OUTER_BOUND('',#13884,.T.);
#13886=DIRECTION('',(-0.6891879772172387,0.35543985917551096,0.6314130490958385));
#13887=DIRECTION('',(0.7144577847240955,0.47852008732200474,0.5104592049091474));
#13888=AXIS2_PLACEMENT_3D('',#978,#13886,#13887);
#13889=PLANE('',#13888);
#13890=FACE_SURFACE('',(#13885),#13889,.T.);
#13891=POLY_LOOP('',(#953,#946,#862));
#13892=FACE_OUTER_BOUND('',#13891,.T.);
#13893=DIRECTION('',(-0.6479295105165753,0.37582775472863517,0.6625261113174212));
#13894=DIRECTION('',(0.4247823163543294,-0.5436989398430399,0.7238449050219288));
#13895=AXIS2_PLACEMENT_3D('',#953,#13893,#13894);
#13896=PLANE('',#13895);
#13897=FACE_SURFACE('',(#13892),#13896,.T.);
#13898=POLY_LOOP('',(#513,#953,#511));
#13899=FACE_OUTER_BOUND('',#13898,.T.);
#13900=DIRECTION('',(-0.6714240785678957,0.4155225576633894,0.6136209830116044));
#13901=DIRECTION('',(0.5216289064667519,-0.32316257191373804,0.789600681390536));
#13902=AXIS2_PLACEMENT_3D('',#513,#13900,#13901);
#13903=PLANE('',#13902);
#13904=FACE_SURFACE('',(#13899),#13903,.T.);
#13905=POLY_LOOP('',(#513,#978,#953));
#13906=FACE_OUTER_BOUND('',#13905,.T.);
#13907=DIRECTION('',(-0.7033681914208297,0.3609239128493941,0.6123782462097049));
#13908=DIRECTION('',(-0.10084728808166407,-0.9034567058204922,0.416648299161965));
#13909=AXIS2_PLACEMENT_3D('',#513,#13907,#13908);
#13910=PLANE('',#13909);
#13911=FACE_SURFACE('',(#13906),#13910,.T.);
#13912=POLY_LOOP('',(#507,#978,#513));
#13913=FACE_OUTER_BOUND('',#13912,.T.);
#13914=DIRECTION('',(-0.7118650649116726,0.35808709978014436,0.6041703057328665));
#13915=DIRECTION('',(0.6617345810039557,0.6301700613543428,0.40619335060557415));
#13916=AXIS2_PLACEMENT_3D('',#507,#13914,#13915);
#13917=PLANE('',#13916);
#13918=FACE_SURFACE('',(#13913),#13917,.T.);
#13919=POLY_LOOP('',(#109,#898,#885));
#13920=FACE_OUTER_BOUND('',#13919,.T.);
#13921=DIRECTION('',(-0.3422644866323301,0.6879623073566323,0.639971003129709));
#13922=DIRECTION('',(-0.4115012512430609,-0.7220653941095205,0.5561369317487));
#13923=AXIS2_PLACEMENT_3D('',#109,#13921,#13922);
#13924=PLANE('',#13923);
#13925=FACE_SURFACE('',(#13920),#13924,.T.);
#13926=POLY_LOOP('',(#110,#898,#109));
#13927=FACE_OUTER_BOUND('',#13926,.T.);
#13928=DIRECTION('',(-0.3646381458826239,0.6896624366555315,0.6256234858392362));
#13929=DIRECTION('',(0.05496566029110037,-0.6547691683098363,0.7538276410557048));
#13930=AXIS2_PLACEMENT_3D('',#110,#13928,#13929);
#13931=PLANE('',#13930);
#13932=FACE_SURFACE('',(#13927),#13931,.T.);
#13933=POLY_LOOP('',(#110,#888,#898));
#13934=FACE_OUTER_BOUND('',#13933,.T.);
#13935=DIRECTION('',(-0.40602234840007534,0.6750749794420612,0.615970473911687));
#13936=DIRECTION('',(-0.4005951906911652,-0.7372948890370805,0.5439850547532606));
#13937=AXIS2_PLACEMENT_3D('',#110,#13935,#13936);
#13938=PLANE('',#13937);
#13939=FACE_SURFACE('',(#13934),#13938,.T.);
#13940=POLY_LOOP('',(#30,#888,#110));
#13941=FACE_OUTER_BOUND('',#13940,.T.);
#13942=DIRECTION('',(-0.41147307969880714,0.6752321209649111,0.6121694924613661));
#13943=DIRECTION('',(0.3437289055610029,-0.5071008653123338,0.7903791190823032));
#13944=AXIS2_PLACEMENT_3D('',#30,#13942,#13943);
#13945=PLANE('',#13944);
#13946=FACE_SURFACE('',(#13941),#13945,.T.);
#13947=POLY_LOOP('',(#894,#196,#886));
#13948=FACE_OUTER_BOUND('',#13947,.T.);
#13949=DIRECTION('',(-0.1873473050939749,0.7288710604190133,0.6585195248112908));
#13950=DIRECTION('',(-0.1871748936247366,0.6316177120804696,-0.7523460805924369));
#13951=AXIS2_PLACEMENT_3D('',#894,#13949,#13950);
#13952=PLANE('',#13951);
#13953=FACE_SURFACE('',(#13948),#13952,.T.);
#13954=POLY_LOOP('',(#894,#308,#196));
#13955=FACE_OUTER_BOUND('',#13954,.T.);
#13956=DIRECTION('',(-0.1160495626648506,0.7463006959334444,0.6554141974771018));
#13957=DIRECTION('',(0.731008733715326,0.5109103183179675,-0.45232386391627466));
#13958=AXIS2_PLACEMENT_3D('',#894,#13956,#13957);
#13959=PLANE('',#13958);
#13960=FACE_SURFACE('',(#13955),#13959,.T.);
#13961=POLY_LOOP('',(#892,#308,#894));
#13962=FACE_OUTER_BOUND('',#13961,.T.);
#13963=DIRECTION('',(-0.11165753420703664,0.7434998414383092,0.6593486034231161));
#13964=DIRECTION('',(0.048307972990827605,0.6667742267831209,-0.7436924567610518));
#13965=AXIS2_PLACEMENT_3D('',#892,#13963,#13964);
#13966=PLANE('',#13965);
#13967=FACE_SURFACE('',(#13962),#13966,.T.);
#13968=POLY_LOOP('',(#892,#309,#308));
#13969=FACE_OUTER_BOUND('',#13968,.T.);
#13970=DIRECTION('',(-0.03470394161012048,0.7452326417297268,0.6659008530834407));
#13971=DIRECTION('',(0.7478706656355265,0.46134757484709793,-0.4773341415241276));
#13972=AXIS2_PLACEMENT_3D('',#892,#13970,#13971);
#13973=PLANE('',#13972);
#13974=FACE_SURFACE('',(#13969),#13973,.T.);
#13975=POLY_LOOP('',(#865,#309,#892));
#13976=FACE_OUTER_BOUND('',#13975,.T.);
#13977=DIRECTION('',(-0.03664500766200488,0.7466392087706497,0.6642191169635134));
#13978=DIRECTION('',(-5.97912167226367e-05,0.6646639028226767,-0.7471424848779098));
#13979=AXIS2_PLACEMENT_3D('',#865,#13977,#13978);
#13980=PLANE('',#13979);
#13981=FACE_SURFACE('',(#13976),#13980,.T.);
#13982=POLY_LOOP('',(#953,#947,#946));
#13983=FACE_OUTER_BOUND('',#13982,.T.);
#13984=DIRECTION('',(-0.6648198565719466,0.35536027386260594,0.6570644063316395));
#13985=DIRECTION('',(-0.2591572485270469,-0.9346904257572173,0.24329268080581942));
#13986=AXIS2_PLACEMENT_3D('',#953,#13984,#13985);
#13987=PLANE('',#13986);
#13988=FACE_SURFACE('',(#13983),#13987,.T.);
#13989=POLY_LOOP('',(#941,#827,#828));
#13990=FACE_OUTER_BOUND('',#13989,.T.);
#13991=DIRECTION('',(-0.2769841011336231,0.43293786651080385,0.857813855950271));
#13992=DIRECTION('',(0.7470820326414188,-0.4643962493238259,0.4756096720193239));
#13993=AXIS2_PLACEMENT_3D('',#941,#13991,#13992);
#13994=PLANE('',#13993);
#13995=FACE_SURFACE('',(#13990),#13994,.T.);
#13996=POLY_LOOP('',(#942,#977,#941));
#13997=FACE_OUTER_BOUND('',#13996,.T.);
#13998=DIRECTION('',(-0.3029836238600115,0.4173469014790459,0.8567511234299576));
#13999=DIRECTION('',(0.043925486664895444,-0.8919370889886326,0.4500208671914406));
#14000=AXIS2_PLACEMENT_3D('',#942,#13998,#13999);
#14001=PLANE('',#14000);
#14002=FACE_SURFACE('',(#13997),#14001,.T.);
#14003=POLY_LOOP('',(#942,#923,#977));
#14004=FACE_OUTER_BOUND('',#14003,.T.);
#14005=DIRECTION('',(-0.3454086564915963,0.40911696230965783,0.8445804705125427));
#14006=DIRECTION('',(-0.3763580984498301,-0.8848169239777304,0.27468817370577764));
#14007=AXIS2_PLACEMENT_3D('',#942,#14005,#14006);
#14008=PLANE('',#14007);
#14009=FACE_SURFACE('',(#14004),#14008,.T.);
#14010=POLY_LOOP('',(#904,#923,#942));
#14011=FACE_OUTER_BOUND('',#14010,.T.);
#14012=DIRECTION('',(-0.33501039755106193,0.4063965815391682,0.8500646163945174));
#14013=DIRECTION('',(0.15185283701241922,-0.8671165584201731,0.4743939186001801));
#14014=AXIS2_PLACEMENT_3D('',#904,#14012,#14013);
#14015=PLANE('',#14014);
#14016=FACE_SURFACE('',(#14011),#14015,.T.);
#14017=POLY_LOOP('',(#904,#944,#923));
#14018=FACE_OUTER_BOUND('',#14017,.T.);
#14019=DIRECTION('',(-0.35045442526914256,0.4015424039979163,0.8461355645526603));
#14020=DIRECTION('',(0.061542826793897734,-0.8916057962932,0.4486107271193869));
#14021=AXIS2_PLACEMENT_3D('',#904,#14019,#14020);
#14022=PLANE('',#14021);
#14023=FACE_SURFACE('',(#14018),#14022,.T.);
#14024=POLY_LOOP('',(#903,#944,#904));
#14025=FACE_OUTER_BOUND('',#14024,.T.);
#14026=DIRECTION('',(-0.37516558419509266,0.3958388848916673,0.8381899317238762));
#14027=DIRECTION('',(0.8298098141521318,-0.259575336233581,0.494000321008021));
#14028=AXIS2_PLACEMENT_3D('',#903,#14026,#14027);
#14029=PLANE('',#14028);
#14030=FACE_SURFACE('',(#14025),#14029,.T.);
#14031=POLY_LOOP('',(#903,#939,#944));
#14032=FACE_OUTER_BOUND('',#14031,.T.);
#14033=DIRECTION('',(-0.37503696068229603,0.3961130842356046,0.8381179526889654));
#14034=DIRECTION('',(0.08126160638987234,-0.8865807393264554,0.455380219138132));
#14035=AXIS2_PLACEMENT_3D('',#903,#14033,#14034);
#14036=PLANE('',#14035);
#14037=FACE_SURFACE('',(#14032),#14036,.T.);
#14038=POLY_LOOP('',(#927,#939,#903));
#14039=FACE_OUTER_BOUND('',#14038,.T.);
#14040=DIRECTION('',(-0.39927632893173753,0.3896706871322839,0.8299006981227623));
#14041=DIRECTION('',(0.8716583321325134,0.4419645060673836,0.21184694333546217));
#14042=AXIS2_PLACEMENT_3D('',#927,#14040,#14041);
#14043=PLANE('',#14042);
#14044=FACE_SURFACE('',(#14039),#14043,.T.);
#14045=POLY_LOOP('',(#978,#948,#947));
#14046=FACE_OUTER_BOUND('',#14045,.T.);
#14047=DIRECTION('',(-0.6852779616785427,0.3313153153136318,0.6485555312202111));
#14048=DIRECTION('',(0.06132011245235204,-0.8611172524195951,0.5046948795006326));
#14049=AXIS2_PLACEMENT_3D('',#978,#14047,#14048);
#14050=PLANE('',#14049);
#14051=FACE_SURFACE('',(#14046),#14050,.T.);
#14052=POLY_LOOP('',(#978,#949,#948));
#14053=FACE_OUTER_BOUND('',#14052,.T.);
#14054=DIRECTION('',(-0.6980045130914545,0.32444381906306535,0.6383775591103862));
#14055=DIRECTION('',(-0.6558771426057594,-0.647477269701262,-0.3880700439708066));
#14056=AXIS2_PLACEMENT_3D('',#978,#14054,#14055);
#14057=PLANE('',#14056);
#14058=FACE_SURFACE('',(#14053),#14057,.T.);
#14059=POLY_LOOP('',(#507,#949,#978));
#14060=FACE_OUTER_BOUND('',#14059,.T.);
#14061=DIRECTION('',(-0.7170073407253679,0.3735872297921095,0.5885006840116618));
#14062=DIRECTION('',(0.6743167538619034,0.5856576087522585,0.4497800359861827));
#14063=AXIS2_PLACEMENT_3D('',#507,#14061,#14062);
#14064=PLANE('',#14063);
#14065=FACE_SURFACE('',(#14060),#14064,.T.);
#14066=POLY_LOOP('',(#862,#945,#860));
#14067=FACE_OUTER_BOUND('',#14066,.T.);
#14068=DIRECTION('',(-0.5911917164862321,0.35674687674198813,0.7233422566758416));
#14069=DIRECTION('',(-0.40456263802492065,-0.9070348429907203,0.11669132579209245));
#14070=AXIS2_PLACEMENT_3D('',#862,#14068,#14069);
#14071=PLANE('',#14070);
#14072=FACE_SURFACE('',(#14067),#14071,.T.);
#14073=POLY_LOOP('',(#862,#946,#945));
#14074=FACE_OUTER_BOUND('',#14073,.T.);
#14075=DIRECTION('',(-0.6391977279472003,0.37171347115003783,0.6732424228706381));
#14076=DIRECTION('',(-0.46825777570016747,-0.8825593773044609,0.042703641862189216));
#14077=AXIS2_PLACEMENT_3D('',#862,#14075,#14076);
#14078=PLANE('',#14077);
#14079=FACE_SURFACE('',(#14074),#14078,.T.);
#14080=POLY_LOOP('',(#941,#977,#827));
#14081=FACE_OUTER_BOUND('',#14080,.T.);
#14082=DIRECTION('',(-0.2921567743484113,0.4132878527146847,0.8624601845887244));
#14083=DIRECTION('',(-0.454456652555262,-0.8534782254152478,0.25503738880859295));
#14084=AXIS2_PLACEMENT_3D('',#941,#14082,#14083);
#14085=PLANE('',#14084);
#14086=FACE_SURFACE('',(#14081),#14085,.T.);
#14087=POLY_LOOP('',(#935,#936,#872));
#14088=FACE_OUTER_BOUND('',#14087,.T.);
#14089=DIRECTION('',(0.10310883774519751,0.43140753998627757,0.8962455589969875));
#14090=DIRECTION('',(0.9889647738560061,-0.14083319459400676,-0.04598573009516494));
#14091=AXIS2_PLACEMENT_3D('',#935,#14089,#14090);
#14092=PLANE('',#14091);
#14093=FACE_SURFACE('',(#14088),#14092,.T.);
#14094=POLY_LOOP('',(#870,#928,#868));
#14095=FACE_OUTER_BOUND('',#14094,.T.);
#14096=DIRECTION('',(0.2057974185889832,0.3992324613351789,0.8934544556486165));
#14097=DIRECTION('',(-0.007808285262322265,-0.9122985453341798,0.40945133393652766));
#14098=AXIS2_PLACEMENT_3D('',#870,#14096,#14097);
#14099=PLANE('',#14098);
#14100=FACE_SURFACE('',(#14095),#14099,.T.);
#14101=POLY_LOOP('',(#952,#916,#911));
#14102=FACE_OUTER_BOUND('',#14101,.T.);
#14103=DIRECTION('',(0.37473014452313913,0.39593246176364816,0.8383405063024479));
#14104=DIRECTION('',(-0.06184285130308299,-0.8915397888023043,0.44870064266172777));
#14105=AXIS2_PLACEMENT_3D('',#952,#14103,#14104);
#14106=PLANE('',#14105);
#14107=FACE_SURFACE('',(#14102),#14106,.T.);
#14108=POLY_LOOP('',(#597,#595,#918));
#14109=FACE_OUTER_BOUND('',#14108,.T.);
#14110=DIRECTION('',(0.1465059782297461,-0.009482052997921583,0.9891643387293587));
#14111=DIRECTION('',(-1.9765782396322205e-06,-0.999954061012153,-0.00958518969017316));
#14112=AXIS2_PLACEMENT_3D('',#597,#14110,#14111);
#14113=PLANE('',#14112);
#14114=FACE_SURFACE('',(#14109),#14113,.T.);
#14115=POLY_LOOP('',(#966,#595,#594));
#14116=FACE_OUTER_BOUND('',#14115,.T.);
#14117=DIRECTION('',(0.09388366479756,-0.7137911506361143,0.6940374995328074));
#14118=DIRECTION('',(-0.47200230466434834,0.5818805683737992,0.6622905922180445));
#14119=AXIS2_PLACEMENT_3D('',#966,#14117,#14118);
#14120=PLANE('',#14119);
#14121=FACE_SURFACE('',(#14116),#14120,.T.);
#14122=POLY_LOOP('',(#966,#979,#595));
#14123=FACE_OUTER_BOUND('',#14122,.T.);
#14124=DIRECTION('',(0.11296484566564648,-0.7051274300112622,0.7000244646363791));
#14125=DIRECTION('',(0.9618768649430883,0.25421137111711656,0.10084381727211301));
#14126=AXIS2_PLACEMENT_3D('',#966,#14124,#14125);
#14127=PLANE('',#14126);
#14128=FACE_SURFACE('',(#14123),#14127,.T.);
#14129=POLY_LOOP('',(#967,#979,#966));
#14130=FACE_OUTER_BOUND('',#14129,.T.);
#14131=DIRECTION('',(0.1209231872088413,-0.7260689438026503,0.676905807066655));
#14132=DIRECTION('',(-0.48267967965042313,0.5528595654835272,0.6792397424370356));
#14133=AXIS2_PLACEMENT_3D('',#967,#14131,#14132);
#14134=PLANE('',#14133);
#14135=FACE_SURFACE('',(#14130),#14134,.T.);
#14136=POLY_LOOP('',(#967,#980,#979));
#14137=FACE_OUTER_BOUND('',#14136,.T.);
#14138=DIRECTION('',(0.14631811418088034,-0.7137616663349724,0.6849345174053314));
#14139=DIRECTION('',(0.15509136670437879,0.7003755614127574,0.6967214227720667));
#14140=AXIS2_PLACEMENT_3D('',#967,#14138,#14139);
#14141=PLANE('',#14140);
#14142=FACE_SURFACE('',(#14137),#14141,.T.);
#14143=POLY_LOOP('',(#981,#980,#967));
#14144=FACE_OUTER_BOUND('',#14143,.T.);
#14145=DIRECTION('',(0.16643356342490148,-0.7136982479314549,0.6803930333750199));
#14146=DIRECTION('',(-0.9719030300679257,-0.0022595817879176214,0.23537075951555297));
#14147=AXIS2_PLACEMENT_3D('',#981,#14145,#14146);
#14148=PLANE('',#14147);
#14149=FACE_SURFACE('',(#14144),#14148,.T.);
#14150=POLY_LOOP('',(#967,#657,#981));
#14151=FACE_OUTER_BOUND('',#14150,.T.);
#14152=DIRECTION('',(0.19896289666896427,-0.734700103869064,0.6485595756165208));
#14153=DIRECTION('',(0.9619432836589443,0.27288868337380956,0.014031589715933976));
#14154=AXIS2_PLACEMENT_3D('',#967,#14152,#14153);
#14155=PLANE('',#14154);
#14156=FACE_SURFACE('',(#14151),#14155,.T.);
#14157=POLY_LOOP('',(#688,#657,#967));
#14158=FACE_OUTER_BOUND('',#14157,.T.);
#14159=DIRECTION('',(0.19239892865035535,-0.7128888917183268,0.6743679116912451));
#14160=DIRECTION('',(0.23513437758098638,0.7006786231630773,0.6736180605668887));
#14161=AXIS2_PLACEMENT_3D('',#688,#14159,#14160);
#14162=PLANE('',#14161);
#14163=FACE_SURFACE('',(#14158),#14162,.T.);
#14164=POLY_LOOP('',(#975,#974,#976));
#14165=FACE_OUTER_BOUND('',#14164,.T.);
#14166=DIRECTION('',(4.451697113142026e-05,-0.9999535050291644,-0.009642914400142172));
#14167=DIRECTION('',(0.7895501885512418,-0.0058825747602085626,0.6136577996513115));
#14168=AXIS2_PLACEMENT_3D('',#975,#14166,#14167);
#14169=PLANE('',#14168);
#14170=FACE_SURFACE('',(#14165),#14169,.T.);
#14171=POLY_LOOP('',(#975,#784,#974));
#14172=FACE_OUTER_BOUND('',#14171,.T.);
#14173=DIRECTION('',(-9.795403415177097e-07,-0.9999540687492595,-0.009584382653121783));
#14174=DIRECTION('',(0.831870427996377,0.005318229079009127,-0.5549444183560979));
#14175=AXIS2_PLACEMENT_3D('',#975,#14173,#14174);
#14176=PLANE('',#14175);
#14177=FACE_SURFACE('',(#14172),#14176,.T.);
#14178=POLY_LOOP('',(#970,#784,#975));
#14179=FACE_OUTER_BOUND('',#14178,.T.);
#14180=DIRECTION('',(-4.2129511226773097e-07,-0.99995407676932,-0.009583545911585325));
#14181=DIRECTION('',(0.9646770520914211,0.0025242384043797886,-0.26342325901234237));
#14182=AXIS2_PLACEMENT_3D('',#970,#14180,#14181);
#14183=PLANE('',#14182);
#14184=FACE_SURFACE('',(#14179),#14183,.T.);
#14185=POLY_LOOP('',(#970,#783,#784));
#14186=FACE_OUTER_BOUND('',#14185,.T.);
#14187=DIRECTION('',(-9.052410874987865e-07,-0.9999540597837799,-0.009585317997706174));
#14188=DIRECTION('',(0.7518474302549867,0.00631927541866047,-0.6593068393222963));
#14189=AXIS2_PLACEMENT_3D('',#970,#14187,#14188);
#14190=PLANE('',#14189);
#14191=FACE_SURFACE('',(#14186),#14190,.T.);
#14192=POLY_LOOP('',(#918,#595,#979));
#14193=FACE_OUTER_BOUND('',#14192,.T.);
#14194=DIRECTION('',(0.1578325805270397,-0.011061430104216586,0.9874039301563596));
#14195=DIRECTION('',(-0.13646165899345228,-0.990587395505291,0.010715758993143004));
#14196=AXIS2_PLACEMENT_3D('',#918,#14194,#14195);
#14197=PLANE('',#14196);
#14198=FACE_SURFACE('',(#14193),#14197,.T.);
#14199=POLY_LOOP('',(#969,#783,#970));
#14200=FACE_OUTER_BOUND('',#14199,.T.);
#14201=DIRECTION('',(2.959023428012135e-06,-0.9999541020073472,-0.009580911748066101));
#14202=DIRECTION('',(0.9466611819751155,0.003090064703278986,-0.32221585628520344));
#14203=AXIS2_PLACEMENT_3D('',#969,#14201,#14202);
#14204=PLANE('',#14203);
#14205=FACE_SURFACE('',(#14200),#14204,.T.);
#14206=POLY_LOOP('',(#584,#789,#740));
#14207=FACE_OUTER_BOUND('',#14206,.T.);
#14208=DIRECTION('',(-3.7556310878551745e-06,-0.9999540604749588,-0.009585245199680062));
#14209=DIRECTION('',(-0.2100831376410324,0.009372125274482862,-0.9776386032408594));
#14210=AXIS2_PLACEMENT_3D('',#584,#14208,#14209);
#14211=PLANE('',#14210);
#14212=FACE_SURFACE('',(#14207),#14211,.T.);
#14213=POLY_LOOP('',(#971,#789,#584));
#14214=FACE_OUTER_BOUND('',#14213,.T.);
#14215=DIRECTION('',(-1.3011234043561118e-06,-0.9999540554255668,-0.009585772596358415));
#14216=DIRECTION('',(0.12708880137069908,0.009507879504883342,-0.991845772685189));
#14217=AXIS2_PLACEMENT_3D('',#971,#14215,#14216);
#14218=PLANE('',#14217);
#14219=FACE_SURFACE('',(#14214),#14218,.T.);
#14220=POLY_LOOP('',(#971,#787,#789));
#14221=FACE_OUTER_BOUND('',#14220,.T.);
#14222=DIRECTION('',(-1.738432040090077e-06,-0.9999540548877969,-0.009585828625147189));
#14223=DIRECTION('',(-0.3825368507077169,0.008857397736356541,-0.92389777808801));
#14224=AXIS2_PLACEMENT_3D('',#971,#14222,#14223);
#14225=PLANE('',#14224);
#14226=FACE_SURFACE('',(#14221),#14225,.T.);
#14227=POLY_LOOP('',(#972,#787,#971));
#14228=FACE_OUTER_BOUND('',#14227,.T.);
#14229=DIRECTION('',(7.809427915686607e-07,-0.9999540448895677,-0.00958687166819634));
#14230=DIRECTION('',(0.2184338698422471,0.009355536103018695,-0.9758069063344271));
#14231=AXIS2_PLACEMENT_3D('',#972,#14229,#14230);
#14232=PLANE('',#14231);
#14233=FACE_SURFACE('',(#14228),#14232,.T.);
#14234=POLY_LOOP('',(#972,#792,#787));
#14235=FACE_OUTER_BOUND('',#14234,.T.);
#14236=DIRECTION('',(4.61880420931231e-06,-0.999954053114572,-0.009586012643765759));
#14237=DIRECTION('',(-0.04629079162033713,0.009575522704459726,-0.9988821111503093));
#14238=AXIS2_PLACEMENT_3D('',#972,#14236,#14237);
#14239=PLANE('',#14238);
#14240=FACE_SURFACE('',(#14235),#14239,.T.);
#14241=POLY_LOOP('',(#973,#792,#972));
#14242=FACE_OUTER_BOUND('',#14241,.T.);
#14243=DIRECTION('',(-2.813441796460081e-06,-0.999954056422776,-0.009585668245893877));
#14244=DIRECTION('',(0.4152827832024366,0.008718840954626016,-0.9096505877467711));
#14245=AXIS2_PLACEMENT_3D('',#973,#14243,#14244);
#14246=PLANE('',#14245);
#14247=FACE_SURFACE('',(#14242),#14246,.T.);
#14248=POLY_LOOP('',(#973,#784,#792));
#14249=FACE_OUTER_BOUND('',#14248,.T.);
#14250=DIRECTION('',(-1.3272224334518228e-05,-0.999954010560216,-0.009590442554305753));
#14251=DIRECTION('',(0.21591698549722815,0.00936135498527081,-0.9763668472488348));
#14252=AXIS2_PLACEMENT_3D('',#973,#14250,#14251);
#14253=PLANE('',#14252);
#14254=FACE_SURFACE('',(#14249),#14253,.T.);
#14255=POLY_LOOP('',(#974,#784,#973));
#14256=FACE_OUTER_BOUND('',#14255,.T.);
#14257=DIRECTION('',(-2.640202806673809e-05,-0.9999539824503322,-0.009593345852900352));
#14258=DIRECTION('',(0.3325223040967904,0.009038661405517491,-0.9430520769703856));
#14259=AXIS2_PLACEMENT_3D('',#974,#14257,#14258);
#14260=PLANE('',#14259);
#14261=FACE_SURFACE('',(#14256),#14260,.T.);
#14262=POLY_LOOP('',(#968,#783,#969));
#14263=FACE_OUTER_BOUND('',#14262,.T.);
#14264=DIRECTION('',(5.623522053109754e-07,-0.9999540345272994,-0.009587952454010647));
#14265=DIRECTION('',(0.9932645468067542,-0.0011103844029305132,0.11586331215380821));
#14266=AXIS2_PLACEMENT_3D('',#968,#14264,#14265);
#14267=PLANE('',#14266);
#14268=FACE_SURFACE('',(#14263),#14267,.T.);
#14269=POLY_LOOP('',(#968,#782,#783));
#14270=FACE_OUTER_BOUND('',#14269,.T.);
#14271=DIRECTION('',(-4.4616569853261065e-07,-0.9999541173812094,-0.009579307499361945));
#14272=DIRECTION('',(0.9337120699511993,0.003429213254491814,-0.358008395046683));
#14273=AXIS2_PLACEMENT_3D('',#968,#14271,#14272);
#14274=PLANE('',#14273);
#14275=FACE_SURFACE('',(#14270),#14274,.T.);
#14276=POLY_LOOP('',(#963,#782,#968));
#14277=FACE_OUTER_BOUND('',#14276,.T.);
#14278=DIRECTION('',(-4.58341633470755e-06,-0.9999540139541969,-0.009590096760830585));
#14279=DIRECTION('',(0.9973893548540226,-0.000697084790910951,0.07220795590979535));
#14280=AXIS2_PLACEMENT_3D('',#963,#14278,#14279);
#14281=PLANE('',#14280);
#14282=FACE_SURFACE('',(#14277),#14281,.T.);
#14283=POLY_LOOP('',(#728,#820,#821));
#14284=FACE_OUTER_BOUND('',#14283,.T.);
#14285=DIRECTION('',(-2.7682980736815315e-06,-0.999954061097714,-0.009585180568235211));
#14286=DIRECTION('',(-0.1268541154607622,0.009508096735583664,-0.9918758135407549));
#14287=AXIS2_PLACEMENT_3D('',#728,#14285,#14286);
#14288=PLANE('',#14287);
#14289=FACE_SURFACE('',(#14284),#14288,.T.);
#14290=POLY_LOOP('',(#584,#740,#720));
#14291=FACE_OUTER_BOUND('',#14290,.T.);
#14292=DIRECTION('',(-9.53629140847045e-06,-0.9999540604365423,-0.009585245199311814));
#14293=DIRECTION('',(0.0,0.009585245199747659,-0.9999540604820106));
#14294=AXIS2_PLACEMENT_3D('',#584,#14292,#14293);
#14295=PLANE('',#14294);
#14296=FACE_SURFACE('',(#14291),#14295,.T.);
#14297=POLY_LOOP('',(#930,#913,#980));
#14298=FACE_OUTER_BOUND('',#14297,.T.);
#14299=DIRECTION('',(0.24425395542742973,-0.009545300234973521,0.9696643194948855));
#14300=DIRECTION('',(-0.887281100847087,0.4012454508105064,0.2274518328865581));
#14301=AXIS2_PLACEMENT_3D('',#930,#14299,#14300);
#14302=PLANE('',#14301);
#14303=FACE_SURFACE('',(#14298),#14302,.T.);
#14304=POLY_LOOP('',(#980,#913,#909));
#14305=FACE_OUTER_BOUND('',#14304,.T.);
#14306=DIRECTION('',(0.2175836234510628,-0.009290416646983197,0.9759974666793103));
#14307=DIRECTION('',(0.011222070665007846,0.9999124146897955,0.007016272458515514));
#14308=AXIS2_PLACEMENT_3D('',#980,#14306,#14307);
#14309=PLANE('',#14308);
#14310=FACE_SURFACE('',(#14305),#14309,.T.);
#14311=POLY_LOOP('',(#980,#909,#979));
#14312=FACE_OUTER_BOUND('',#14311,.T.);
#14313=DIRECTION('',(0.2069493353675806,-0.009539150221276492,0.9783051554622272));
#14314=DIRECTION('',(-0.020333904864241508,0.9996945306448576,0.014049117827451602));
#14315=AXIS2_PLACEMENT_3D('',#980,#14313,#14314);
#14316=PLANE('',#14315);
#14317=FACE_SURFACE('',(#14312),#14316,.T.);
#14318=POLY_LOOP('',(#952,#917,#916));
#14319=FACE_OUTER_BOUND('',#14318,.T.);
#14320=DIRECTION('',(0.35022178349597455,0.40159224350106654,0.8462082322482325));
#14321=DIRECTION('',(-0.15396698695196784,-0.8664538740591654,0.47492299487053335));
#14322=AXIS2_PLACEMENT_3D('',#952,#14320,#14321);
#14323=PLANE('',#14322);
#14324=FACE_SURFACE('',(#14319),#14323,.T.);
#14325=POLY_LOOP('',(#943,#917,#952));
#14326=FACE_OUTER_BOUND('',#14325,.T.);
#14327=DIRECTION('',(0.33486035682089293,0.40645325807111027,0.8500966359380348));
#14328=DIRECTION('',(0.37511061410171276,-0.8851139358627561,0.2754366492131662));
#14329=AXIS2_PLACEMENT_3D('',#943,#14327,#14328);
#14330=PLANE('',#14329);
#14331=FACE_SURFACE('',(#14326),#14330,.T.);
#14332=POLY_LOOP('',(#943,#982,#917));
#14333=FACE_OUTER_BOUND('',#14332,.T.);
#14334=DIRECTION('',(0.34530854898305935,0.40916945573672747,0.8445959758910317));
#14335=DIRECTION('',(-0.04386517267051326,-0.8919324564381683,0.4500359316529749));
#14336=AXIS2_PLACEMENT_3D('',#943,#14334,#14335);
#14337=PLANE('',#14336);
#14338=FACE_SURFACE('',(#14333),#14337,.T.);
#14339=POLY_LOOP('',(#940,#982,#943));
#14340=FACE_OUTER_BOUND('',#14339,.T.);
#14341=DIRECTION('',(0.3029031948019339,0.4173913958680542,0.8567578871735578));
#14342=DIRECTION('',(0.45396801665861025,-0.8536379276121436,0.25537292024232405));
#14343=AXIS2_PLACEMENT_3D('',#940,#14341,#14342);
#14344=PLANE('',#14343);
#14345=FACE_SURFACE('',(#14340),#14344,.T.);
#14346=POLY_LOOP('',(#940,#921,#982));
#14347=FACE_OUTER_BOUND('',#14346,.T.);
#14348=DIRECTION('',(0.29084154447433,0.41287493071262116,0.8631022463166427));
#14349=DIRECTION('',(-0.15384214571086238,-0.8701802885229488,0.4681013348295382));
#14350=AXIS2_PLACEMENT_3D('',#940,#14348,#14349);
#14351=PLANE('',#14350);
#14352=FACE_SURFACE('',(#14347),#14351,.T.);
#14353=POLY_LOOP('',(#869,#921,#940));
#14354=FACE_OUTER_BOUND('',#14353,.T.);
#14355=DIRECTION('',(0.26702456107240086,0.41950108010319553,0.8675924893498929));
#14356=DIRECTION('',(0.935883472196017,-0.3275880125095206,-0.12964652147431224));
#14357=AXIS2_PLACEMENT_3D('',#869,#14355,#14356);
#14358=PLANE('',#14357);
#14359=FACE_SURFACE('',(#14354),#14358,.T.);
#14360=POLY_LOOP('',(#982,#919,#917));
#14361=FACE_OUTER_BOUND('',#14360,.T.);
#14362=DIRECTION('',(0.3435554958087193,0.40669541594056796,0.8465036680089185));
#14363=DIRECTION('',(0.7436344780450933,-0.6683084248886465,0.019277247870427127));
#14364=AXIS2_PLACEMENT_3D('',#982,#14362,#14363);
#14365=PLANE('',#14364);
#14366=FACE_SURFACE('',(#14361),#14365,.T.);
#14367=POLY_LOOP('',(#982,#920,#919));
#14368=FACE_OUTER_BOUND('',#14367,.T.);
#14369=DIRECTION('',(0.31894864170529885,0.37994329884684397,0.8682827037409662));
#14370=DIRECTION('',(-0.08654752005379297,-0.9006268740094073,0.4258882019786196));
#14371=AXIS2_PLACEMENT_3D('',#982,#14369,#14370);
#14372=PLANE('',#14371);
#14373=FACE_SURFACE('',(#14368),#14372,.T.);
#14374=POLY_LOOP('',(#921,#920,#982));
#14375=FACE_OUTER_BOUND('',#14374,.T.);
#14376=DIRECTION('',(0.28920176779766915,0.3863712305588388,0.8758308111154527));
#14377=DIRECTION('',(0.9264156198483566,-0.3433757304696213,-0.15442540926103773));
#14378=AXIS2_PLACEMENT_3D('',#921,#14376,#14377);
#14379=PLANE('',#14378);
#14380=FACE_SURFACE('',(#14375),#14379,.T.);
#14381=POLY_LOOP('',(#940,#867,#869));
#14382=FACE_OUTER_BOUND('',#14381,.T.);
#14383=DIRECTION('',(0.26872190787256023,0.4182465521421056,0.8676741080904583));
#14384=DIRECTION('',(-0.8657674700230636,0.4997035809608523,0.02725837531410065));
#14385=AXIS2_PLACEMENT_3D('',#940,#14383,#14384);
#14386=PLANE('',#14385);
#14387=FACE_SURFACE('',(#14382),#14386,.T.);
#14388=POLY_LOOP('',(#950,#912,#914));
#14389=FACE_OUTER_BOUND('',#14388,.T.);
#14390=DIRECTION('',(0.48276290956171014,0.38396479236700753,0.7870902180652944));
#14391=DIRECTION('',(0.509717963893939,-0.8540342851887982,0.10398575386020645));
#14392=AXIS2_PLACEMENT_3D('',#950,#14390,#14391);
#14393=PLANE('',#14392);
#14394=FACE_SURFACE('',(#14389),#14393,.T.);
#14395=POLY_LOOP('',(#950,#910,#912));
#14396=FACE_OUTER_BOUND('',#14395,.T.);
#14397=DIRECTION('',(0.4254272575480924,0.35525549639089404,0.8323491940400788));
#14398=DIRECTION('',(-0.9047404115688599,0.14524294520357028,0.4004363551712092));
#14399=AXIS2_PLACEMENT_3D('',#950,#14397,#14398);
#14400=PLANE('',#14399);
#14401=FACE_SURFACE('',(#14396),#14400,.T.);
#14402=POLY_LOOP('',(#951,#910,#950));
#14403=FACE_OUTER_BOUND('',#14402,.T.);
#14404=DIRECTION('',(0.42453279913504094,0.38443818638257016,0.8197433642972948));
#14405=DIRECTION('',(-0.015212993686786705,-0.9022245066064876,0.4309982650797634));
#14406=AXIS2_PLACEMENT_3D('',#951,#14404,#14405);
#14407=PLANE('',#14406);
#14408=FACE_SURFACE('',(#14403),#14407,.T.);
#14409=POLY_LOOP('',(#951,#911,#910));
#14410=FACE_OUTER_BOUND('',#14409,.T.);
#14411=DIRECTION('',(0.39882028169449607,0.3897997551293829,0.8300593555946442));
#14412=DIRECTION('',(-0.0810307030373609,-0.8866411194118231,0.4553038002624405));
#14413=AXIS2_PLACEMENT_3D('',#951,#14411,#14412);
#14414=PLANE('',#14413);
#14415=FACE_SURFACE('',(#14410),#14414,.T.);
#14416=POLY_LOOP('',(#952,#911,#951));
#14417=FACE_OUTER_BOUND('',#14416,.T.);
#14418=DIRECTION('',(0.3751254989043559,0.396088957575494,0.8380897313286428));
#14419=DIRECTION('',(0.46690909409550635,-0.8617845985223177,0.19830079072116993));
#14420=AXIS2_PLACEMENT_3D('',#952,#14418,#14419);
#14421=PLANE('',#14420);
#14422=FACE_SURFACE('',(#14417),#14421,.T.);
#14423=POLY_LOOP('',(#884,#829,#882));
#14424=FACE_OUTER_BOUND('',#14423,.T.);
#14425=DIRECTION('',(0.6603677683514139,0.3562056128172754,0.6610839371214845));
#14426=DIRECTION('',(-0.5106100094962147,-0.43251704866419516,0.7431059283958712));
#14427=AXIS2_PLACEMENT_3D('',#884,#14425,#14426);
#14428=PLANE('',#14427);
#14429=FACE_SURFACE('',(#14424),#14428,.T.);
#14430=POLY_LOOP('',(#832,#829,#884));
#14431=FACE_OUTER_BOUND('',#14430,.T.);
#14432=DIRECTION('',(0.636601457979935,0.39075946869290507,0.6648651151358895));
#14433=DIRECTION('',(0.07368474730412529,-0.889000964798098,0.45193787471595936));
#14434=AXIS2_PLACEMENT_3D('',#832,#14432,#14433);
#14435=PLANE('',#14434);
#14436=FACE_SURFACE('',(#14431),#14435,.T.);
#14437=POLY_LOOP('',(#929,#881,#883));
#14438=FACE_OUTER_BOUND('',#14437,.T.);
#14439=DIRECTION('',(0.7169479717926923,0.3727756469835206,0.5890873642833995));
#14440=DIRECTION('',(-0.6592153014902085,0.637394854954478,0.39895235951017183));
#14441=AXIS2_PLACEMENT_3D('',#929,#14439,#14440);
#14442=PLANE('',#14441);
#14443=FACE_SURFACE('',(#14438),#14442,.T.);
#14444=POLY_LOOP('',(#929,#546,#881));
#14445=FACE_OUTER_BOUND('',#14444,.T.);
#14446=DIRECTION('',(0.7090243968876034,0.3501816654580345,0.6120924814071872));
#14447=DIRECTION('',(-0.3723993980132241,0.9230217543294782,-0.0966929645523427));
#14448=AXIS2_PLACEMENT_3D('',#929,#14446,#14447);
#14449=PLANE('',#14448);
#14450=FACE_SURFACE('',(#14445),#14449,.T.);
#14451=POLY_LOOP('',(#340,#546,#929));
#14452=FACE_OUTER_BOUND('',#14451,.T.);
#14453=DIRECTION('',(0.710901534886904,0.3506804861683017,0.6096246421497474));
#14454=DIRECTION('',(-0.3950155347996213,0.9162691136282063,-0.06643522166705287));
#14455=AXIS2_PLACEMENT_3D('',#340,#14453,#14454);
#14456=PLANE('',#14455);
#14457=FACE_SURFACE('',(#14452),#14456,.T.);
#14458=POLY_LOOP('',(#831,#830,#833));
#14459=FACE_OUTER_BOUND('',#14458,.T.);
#14460=DIRECTION('',(0.5667045400493018,0.3914470987705719,0.724993195245039));
#14461=DIRECTION('',(0.5513234232053806,0.4737408468349989,-0.6867401932792042));
#14462=AXIS2_PLACEMENT_3D('',#831,#14460,#14461);
#14463=PLANE('',#14462);
#14464=FACE_SURFACE('',(#14459),#14463,.T.);
#14465=POLY_LOOP('',(#47,#49,#863));
#14466=FACE_OUTER_BOUND('',#14465,.T.);
#14467=DIRECTION('',(-0.6195317131121432,0.5276023796236294,0.5812195673442327));
#14468=DIRECTION('',(-0.6055837298735413,-0.7923558957702138,0.07375961327604534));
#14469=AXIS2_PLACEMENT_3D('',#47,#14467,#14468);
#14470=PLANE('',#14469);
#14471=FACE_SURFACE('',(#14466),#14470,.T.);
#14472=POLY_LOOP('',(#930,#657,#659));
#14473=FACE_OUTER_BOUND('',#14472,.T.);
#14474=DIRECTION('',(0.296998313721483,-0.009153197057869596,0.9548341325226154));
#14475=DIRECTION('',(0.08759277505653854,-0.9954768347213458,-0.036788276543825695));
#14476=AXIS2_PLACEMENT_3D('',#930,#14474,#14475);
#14477=PLANE('',#14476);
#14478=FACE_SURFACE('',(#14473),#14477,.T.);
#14479=POLY_LOOP('',(#930,#981,#657));
#14480=FACE_OUTER_BOUND('',#14479,.T.);
#14481=DIRECTION('',(0.2904182847758832,-0.009806659274959738,0.9568495437119143));
#14482=DIRECTION('',(-0.018065922931226407,-0.9998254489192474,-0.004763834807008116));
#14483=AXIS2_PLACEMENT_3D('',#930,#14481,#14482);
#14484=PLANE('',#14483);
#14485=FACE_SURFACE('',(#14480),#14484,.T.);
#14486=POLY_LOOP('',(#980,#981,#930));
#14487=FACE_OUTER_BOUND('',#14486,.T.);
#14488=DIRECTION('',(0.23538158193218658,-0.008883728272815425,0.9718624338141052));
#14489=DIRECTION('',(0.9719030300679257,0.0022595817879176214,-0.23537075951555297));
#14490=AXIS2_PLACEMENT_3D('',#980,#14488,#14489);
#14491=PLANE('',#14490);
#14492=FACE_SURFACE('',(#14487),#14491,.T.);
#14493=POLY_LOOP('',(#979,#915,#918));
#14494=FACE_OUTER_BOUND('',#14493,.T.);
#14495=DIRECTION('',(0.1806553270352636,-0.009426037389346364,0.9835012977281304));
#14496=DIRECTION('',(0.00019405757139406032,0.9999543972061417,0.009548080946486322));
#14497=AXIS2_PLACEMENT_3D('',#979,#14495,#14496);
#14498=PLANE('',#14497);
#14499=FACE_SURFACE('',(#14494),#14498,.T.);
#14500=POLY_LOOP('',(#979,#909,#915));
#14501=FACE_OUTER_BOUND('',#14500,.T.);
#14502=DIRECTION('',(0.2019029174646733,-0.009390622549162338,0.9793605199962843));
#14503=DIRECTION('',(0.030124329233053866,0.9995404657146726,0.0033737497171450687));
#14504=AXIS2_PLACEMENT_3D('',#979,#14502,#14503);
#14505=PLANE('',#14504);
#14506=FACE_SURFACE('',(#14501),#14505,.T.);
#14507=POLY_LOOP('',(#734,#671,#728));
#14508=FACE_OUTER_BOUND('',#14507,.T.);
#14509=DIRECTION('',(-4.087577040128963e-06,-0.9999540770351993,-0.00958351730703325));
#14510=DIRECTION('',(-0.16023535013044996,0.009460342072401243,-0.9870335022158291));
#14511=AXIS2_PLACEMENT_3D('',#734,#14509,#14510);
#14512=PLANE('',#14511);
#14513=FACE_SURFACE('',(#14508),#14512,.T.);
#14514=POLY_LOOP('',(#339,#546,#340));
#14515=FACE_OUTER_BOUND('',#14514,.T.);
#14516=DIRECTION('',(0.9161364754285889,0.3875211319168322,-0.10257353804553773));
#14517=DIRECTION('',(-0.24421323195683722,0.7424560396324658,0.6237939776484464));
#14518=AXIS2_PLACEMENT_3D('',#339,#14516,#14517);
#14519=PLANE('',#14518);
#14520=FACE_SURFACE('',(#14515),#14519,.T.);
#14521=CLOSED_SHELL('',(#989,#996,#1003,#1010,#1017,#1024,#1031,#1038,#1045,#1052,#1059,#1066,#1073,#1080,#1087,#1094,#1101,#1108,#1115,#1122,#1129,#1136,#1143,#1150,#1157,#1164,#1171,#1178,#1185,#1192,#1199,#1206,#1213,#1220,#1227,#1234,#1241,#1248,#1255,#1262,#1269,#1276,#1283,#1290,#1297,#1304,#1311,#1318,#1325,#1332,#1339,#1346,#1353,#1360,#1367,#1374,#1381,#1388,#1395,#1402,#1409,#1416,#1423,#1430,#1437,#1444,#1451,#1458,#1465,#1472,#1479,#1486,#1493,#1500,#1507,#1514,#1521,#1528,#1535,#1542,#1549,#1556,#1563,#1570,#1577,#1584,#1591,#1598,#1605,#1612,#1619,#1626,#1633,#1640,#1647,#1654,#1661,#1668,#1675,#1682,#1689,#1696,#1703,#1710,#1717,#1724,#1731,#1738,#1745,#1752,#1759,#1766,#1773,#1780,#1787,#1794,#1801,#1808,#1815,#1822,#1829,#1836,#1843,#1850,#1857,#1864,#1871,#1878,#1885,#1892,#1899,#1906,#1913,#1920,#1927,#1934,#1941,#1948,#1955,#1962,#1969,#1976,#1983,#1990,#1997,#2004,#2011,#2018,#2025,#2032,#2039,#2046,#2053,#2060,#2067,#2074,#2081,#2088,#2095,#2102,#2109,#2116,#2123,#2130,#2137,#2144,#2151,#2158,#2165,#2172,#2179,#2186,#2193,#2200,#2207,#2214,#2221,#2228,#2235,#2242,#2249,#2256,#2263,#2270,#2277,#2284,#2291,#2298,#2305,#2312,#2319,#2326,#2333,#2340,#2347,#2354,#2361,#2368,#2375,#2382,#2389,#2396,#2403,#2410,#2417,#2424,#2431,#2438,#2445,#2452,#2459,#2466,#2473,#2480,#2487,#2494,#2501,#2508,#2515,#2522,#2529,#2536,#2543,#2550,#2557,#2564,#2571,#2578,#2585,#2592,#2599,#2606,#2613,#2620,#2627,#2634,#2641,#2648,#2655,#2662,#2669,#2676,#2683,#2690,#2697,#2704,#2711,#2718,#2725,#2732,#2739,#2746,#2753,#2760,#2767,#2774,#2781,#2788,#2795,#2802,#2809,#2816,#2823,#2830,#2837,#2844,#2851,#2858,#2865,#2872,#2879,#2886,#2893,#2900,#2907,#2914,#2921,#2928,#2935,#2942,#2949,#2956,#2963,#2970,#2977,#2984,#2991,#2998,#3005,#3012,#3019,#3026,#3033,#3040,#3047,#3054,#3061,#3068,#3075,#3082,#3089,#3096,#3103,#3110,#3117,#3124,#3131,#3138,#3145,#3152,#3159,#3166,#3173,#3180,#3187,#3194,#3201,#3208,#3215,#3222,#3229,#3236,#3243,#3250,#3257,#3264,#3271,#3278,#3285,#3292,#3299,#3306,#3313,#3320,#3327,#3334,#3341,#3348,#3355,#3362,#3369,#3376,#3383,#3390,#3397,#3404,#3411,#3418,#3425,#3432,#3439,#3446,#3453,#3460,#3467,#3474,#3481,#3488,#3495,#3502,#3509,#3516,#3523,#3530,#3537,#3544,#3551,#3558,#3565,#3572,#3579,#3586,#3593,#3600,#3607,#3614,#3621,#3628,#3635,#3642,#3649,#3656,#3663,#3670,#3677,#3684,#3691,#3698,#3705,#3712,#3719,#3726,#3733,#3740,#3747,#3754,#3761,#3768,#3775,#3782,#3789,#3796,#3803,#3810,#3817,#3824,#3831,#3838,#3845,#3852,#3859,#3866,#3873,#3880,#3887,#3894,#3901,#3908,#3915,#3922,#3929,#3936,#3943,#3950,#3957,#3964,#3971,#3978,#3985,#3992,#3999,#4006,#4013,#4020,#4027,#4034,#4041,#4048,#4055,#4062,#4069,#4076,#4083,#4090,#4097,#4104,#4111,#4118,#4125,#4132,#4139,#4146,#4153,#4160,#4167,#4174,#4181,#4188,#4195,#4202,#4209,#4216,#4223,#4230,#4237,#4244,#4251,#4258,#4265,#4272,#4279,#4286,#4293,#4300,#4307,#4314,#4321,#4328,#4335,#4342,#4349,#4356,#4363,#4370,#4377,#4384,#4391,#4398,#4405,#4412,#4419,#4426,#4433,#4440,#4447,#4454,#4461,#4468,#4475,#4482,#4489,#4496,#4503,#4510,#4517,#4524,#4531,#4538,#4545,#4552,#4559,#4566,#4573,#4580,#4587,#4594,#4601,#4608,#4615,#4622,#4629,#4636,#4643,#4650,#4657,#4664,#4671,#4678,#4685,#4692,#4699,#4706,#4713,#4720,#4727,#4734,#4741,#4748,#4755,#4762,#4769,#4776,#4783,#4790,#4797,#4804,#4811,#4818,#4825,#4832,#4839,#4846,#4853,#4860,#4867,#4874,#4881,#4888,#4895,#4902,#4909,#4916,#4923,#4930,#4937,#4944,#4951,#4958,#4965,#4972,#4979,#4986,#4993,#5000,#5007,#5014,#5021,#5028,#5035,#5042,#5049,#5056,#5063,#5070,#5077,#5084,#5091,#5098,#5105,#5112,#5119,#5126,#5133,#5140,#5147,#5154,#5161,#5168,#5175,#5182,#5189,#5196,#5203,#5210,#5217,#5224,#5231,#5238,#5245,#5252,#5259,#5266,#5273,#5280,#5287,#5294,#5301,#5308,#5315,#5322,#5329,#5336,#5343,#5350,#5357,#5364,#5371,#5378,#5385,#5392,#5399,#5406,#5413,#5420,#5427,#5434,#5441,#5448,#5455,#5462,#5469,#5476,#5483,#5490,#5497,#5504,#5511,#5518,#5525,#5532,#5539,#5546,#5553,#5560,#5567,#5574,#5581,#5588,#5595,#5602,#5609,#5616,#5623,#5630,#5637,#5644,#5651,#5658,#5665,#5672,#5679,#5686,#5693,#5700,#5707,#5714,#5721,#5728,#5735,#5742,#5749,#5756,#5763,#5770,#5777,#5784,#5791,#5798,#5805,#5812,#5819,#5826,#5833,#5840,#5847,#5854,#5861,#5868,#5875,#5882,#5889,#5896,#5903,#5910,#5917,#5924,#5931,#5938,#5945,#5952,#5959,#5966,#5973,#5980,#5987,#5994,#6001,#6008,#6015,#6022,#6029,#6036,#6043,#6050,#6057,#6064,#6071,#6078,#6085,#6092,#6099,#6106,#6113,#6120,#6127,#6134,#6141,#6148,#6155,#6162,#6169,#6176,#6183,#6190,#6197,#6204,#6211,#6218,#6225,#6232,#6239,#6246,#6253,#6260,#6267,#6274,#6281,#6288,#6295,#6302,#6309,#6316,#6323,#6330,#6337,#6344,#6351,#6358,#6365,#6372,#6379,#6386,#6393,#6400,#6407,#6414,#6421,#6428,#6435,#6442,#6449,#6456,#6463,#6470,#6477,#6484,#6491,#6498,#6505,#6512,#6519,#6526,#6533,#6540,#6547,#6554,#6561,#6568,#6575,#6582,#6589,#6596,#6603,#6610,#6617,#6624,#6631,#6638,#6645,#6652,#6659,#6666,#6673,#6680,#6687,#6694,#6701,#6708,#6715,#6722,#6729,#6736,#6743,#6750,#6757,#6764,#6771,#6778,#6785,#6792,#6799,#6806,#6813,#6820,#6827,#6834,#6841,#6848,#6855,#6862,#6869,#6876,#6883,#6890,#6897,#6904,#6911,#6918,#6925,#6932,#6939,#6946,#6953,#6960,#6967,#6974,#6981,#6988,#6995,#7002,#7009,#7016,#7023,#7030,#7037,#7044,#7051,#7058,#7065,#7072,#7079,#7086,#7093,#7100,#7107,#7114,#7121,#7128,#7135,#7142,#7149,#7156,#7163,#7170,#7177,#7184,#7191,#7198,#7205,#7212,#7219,#7226,#7233,#7240,#7247,#7254,#7261,#7268,#7275,#7282,#7289,#7296,#7303,#7310,#7317,#7324,#7331,#7338,#7345,#7352,#7359,#7366,#7373,#7380,#7387,#7394,#7401,#7408,#7415,#7422,#7429,#7436,#7443,#7450,#7457,#7464,#7471,#7478,#7485,#7492,#7499,#7506,#7513,#7520,#7527,#7534,#7541,#7548,#7555,#7562,#7569,#7576,#7583,#7590,#7597,#7604,#7611,#7618,#7625,#7632,#7639,#7646,#7653,#7660,#7667,#7674,#7681,#7688,#7695,#7702,#7709,#7716,#7723,#7730,#7737,#7744,#7751,#7758,#7765,#7772,#7779,#7786,#7793,#7800,#7807,#7814,#7821,#7828,#7835,#7842,#7849,#7856,#7863,#7870,#7877,#7884,#7891,#7898,#7905,#7912,#7919,#7926,#7933,#7940,#7947,#7954,#7961,#7968,#7975,#7982,#7989,#7996,#8003,#8010,#8017,#8024,#8031,#8038,#8045,#8052,#8059,#8066,#8073,#8080,#8087,#8094,#8101,#8108,#8115,#8122,#8129,#8136,#8143,#8150,#8157,#8164,#8171,#8178,#8185,#8192,#8199,#8206,#8213,#8220,#8227,#8234,#8241,#8248,#8255,#8262,#8269,#8276,#8283,#8290,#8297,#8304,#8311,#8318,#8325,#8332,#8339,#8346,#8353,#8360,#8367,#8374,#8381,#8388,#8395,#8402,#8409,#8416,#8423,#8430,#8437,#8444,#8451,#8458,#8465,#8472,#8479,#8486,#8493,#8500,#8507,#8514,#8521,#8528,#8535,#8542,#8549,#8556,#8563,#8570,#8577,#8584,#8591,#8598,#8605,#8612,#8619,#8626,#8633,#8640,#8647,#8654,#8661,#8668,#8675,#8682,#8689,#8696,#8703,#8710,#8717,#8724,#8731,#8738,#8745,#8752,#8759,#8766,#8773,#8780,#8787,#8794,#8801,#8808,#8815,#8822,#8829,#8836,#8843,#8850,#8857,#8864,#8871,#8878,#8885,#8892,#8899,#8906,#8913,#8920,#8927,#8934,#8941,#8948,#8955,#8962,#8969,#8976,#8983,#8990,#8997,#9004,#9011,#9018,#9025,#9032,#9039,#9046,#9053,#9060,#9067,#9074,#9081,#9088,#9095,#9102,#9109,#9116,#9123,#9130,#9137,#9144,#9151,#9158,#9165,#9172,#9179,#9186,#9193,#9200,#9207,#9214,#9221,#9228,#9235,#9242,#9249,#9256,#9263,#9270,#9277,#9284,#9291,#9298,#9305,#9312,#9319,#9326,#9333,#9340,#9347,#9354,#9361,#9368,#9375,#9382,#9389,#9396,#9403,#9410,#9417,#9424,#9431,#9438,#9445,#9452,#9459,#9466,#9473,#9480,#9487,#9494,#9501,#9508,#9515,#9522,#9529,#9536,#9543,#9550,#9557,#9564,#9571,#9578,#9585,#9592,#9599,#9606,#9613,#9620,#9627,#9634,#9641,#9648,#9655,#9662,#9669,#9676,#9683,#9690,#9697,#9704,#9711,#9718,#9725,#9732,#9739,#9746,#9753,#9760,#9767,#9774,#9781,#9788,#9795,#9802,#9809,#9816,#9823,#9830,#9837,#9844,#9851,#9858,#9865,#9872,#9879,#9886,#9893,#9900,#9907,#9914,#9921,#9928,#9935,#9942,#9949,#9956,#9963,#9970,#9977,#9984,#9991,#9998,#10005,#10012,#10019,#10026,#10033,#10040,#10047,#10054,#10061,#10068,#10075,#10082,#10089,#10096,#10103,#10110,#10117,#10124,#10131,#10138,#10145,#10152,#10159,#10166,#10173,#10180,#10187,#10194,#10201,#10208,#10215,#10222,#10229,#10236,#10243,#10250,#10257,#10264,#10271,#10278,#10285,#10292,#10299,#10306,#10313,#10320,#10327,#10334,#10341,#10348,#10355,#10362,#10369,#10376,#10383,#10390,#10397,#10404,#10411,#10418,#10425,#10432,#10439,#10446,#10453,#10460,#10467,#10474,#10481,#10488,#10495,#10502,#10509,#10516,#10523,#10530,#10537,#10544,#10551,#10558,#10565,#10572,#10579,#10586,#10593,#10600,#10607,#10614,#10621,#10628,#10635,#10642,#10649,#10656,#10663,#10670,#10677,#10684,#10691,#10698,#10705,#10712,#10719,#10726,#10733,#10740,#10747,#10754,#10761,#10768,#10775,#10782,#10789,#10796,#10803,#10810,#10817,#10824,#10831,#10838,#10845,#10852,#10859,#10866,#10873,#10880,#10887,#10894,#10901,#10908,#10915,#10922,#10929,#10936,#10943,#10950,#10957,#10964,#10971,#10978,#10985,#10992,#10999,#11006,#11013,#11020,#11027,#11034,#11041,#11048,#11055,#11062,#11069,#11076,#11083,#11090,#11097,#11104,#11111,#11118,#11125,#11132,#11139,#11146,#11153,#11160,#11167,#11174,#11181,#11188,#11195,#11202,#11209,#11216,#11223,#11230,#11237,#11244,#11251,#11258,#11265,#11272,#11279,#11286,#11293,#11300,#11307,#11314,#11321,#11328,#11335,#11342,#11349,#11356,#11363,#11370,#11377,#11384,#11391,#11398,#11405,#11412,#11419,#11426,#11433,#11440,#11447,#11454,#11461,#11468,#11475,#11482,#11489,#11496,#11503,#11510,#11517,#11524,#11531,#11538,#11545,#11552,#11559,#11566,#11573,#11580,#11587,#11594,#11601,#11608,#11615,#11622,#11629,#11636,#11643,#11650,#11657,#11664,#11671,#11678,#11685,#11692,#11699,#11706,#11713,#11720,#11727,#11734,#11741,#11748,#11755,#11762,#11769,#11776,#11783,#11790,#11797,#11804,#11811,#11818,#11825,#11832,#11839,#11846,#11853,#11860,#11867,#11874,#11881,#11888,#11895,#11902,#11909,#11916,#11923,#11930,#11937,#11944,#11951,#11958,#11965,#11972,#11979,#11986,#11993,#12000,#12007,#12014,#12021,#12028,#12035,#12042,#12049,#12056,#12063,#12070,#12077,#12084,#12091,#12098,#12105,#12112,#12119,#12126,#12133,#12140,#12147,#12154,#12161,#12168,#12175,#12182,#12189,#12196,#12203,#12210,#12217,#12224,#12231,#12238,#12245,#12252,#12259,#12266,#12273,#12280,#12287,#12294,#12301,#12308,#12315,#12322,#12329,#12336,#12343,#12350,#12357,#12364,#12371,#12378,#12385,#12392,#12399,#12406,#12413,#12420,#12427,#12434,#12441,#12448,#12455,#12462,#12469,#12476,#12483,#12490,#12497,#12504,#12511,#12518,#12525,#12532,#12539,#12546,#12553,#12560,#12567,#12574,#12581,#12588,#12595,#12602,#12609,#12616,#12623,#12630,#12637,#12644,#12651,#12658,#12665,#12672,#12679,#12686,#12693,#12700,#12707,#12714,#12721,#12728,#12735,#12742,#12749,#12756,#12763,#12770,#12777,#12784,#12791,#12798,#12805,#12812,#12819,#12826,#12833,#12840,#12847,#12854,#12861,#12868,#12875,#12882,#12889,#12896,#12903,#12910,#12917,#12924,#12931,#12938,#12945,#12952,#12959,#12966,#12973,#12980,#12987,#12994,#13001,#13008,#13015,#13022,#13029,#13036,#13043,#13050,#13057,#13064,#13071,#13078,#13085,#13092,#13099,#13106,#13113,#13120,#13127,#13134,#13141,#13148,#13155,#13162,#13169,#13176,#13183,#13190,#13197,#13204,#13211,#13218,#13225,#13232,#13239,#13246,#13253,#13260,#13267,#13274,#13281,#13288,#13295,#13302,#13309,#13316,#13323,#13330,#13337,#13344,#13351,#13358,#13365,#13372,#13379,#13386,#13393,#13400,#13407,#13414,#13421,#13428,#13435,#13442,#13449,#13456,#13463,#13470,#13477,#13484,#13491,#13498,#13505,#13512,#13519,#13526,#13533,#13540,#13547,#13554,#13561,#13568,#13575,#13582,#13589,#13596,#13603,#13610,#13617,#13624,#13631,#13638,#13645,#13652,#13659,#13666,#13673,#13680,#13687,#13694,#13701,#13708,#13715,#13722,#13729,#13736,#13743,#13750,#13757,#13764,#13771,#13778,#13785,#13792,#13799,#13806,#13813,#13820,#13827,#13834,#13841,#13848,#13855,#13862,#13869,#13876,#13883,#13890,#13897,#13904,#13911,#13918,#13925,#13932,#13939,#13946,#13953,#13960,#13967,#13974,#13981,#13988,#13995,#14002,#14009,#14016,#14023,#14030,#14037,#14044,#14051,#14058,#14065,#14072,#14079,#14086,#14093,#14100,#14107,#14114,#14121,#14128,#14135,#14142,#14149,#14156,#14163,#14170,#14177,#14184,#14191,#14198,#14205,#14212,#14219,#14226,#14233,#14240,#14247,#14254,#14261,#14268,#14275,#14282,#14289,#14296,#14303,#14310,#14317,#14324,#14331,#14338,#14345,#14352,#14359,#14366,#14373,#14380,#14387,#14394,#14401,#14408,#14415,#14422,#14429,#14436,#14443,#14450,#14457,#14464,#14471,#14478,#14485,#14492,#14499,#14506,#14513,#14520));
#14522=FACETED_BREP('LM_foot_tip_link__C001',#14521);
#14523=PRODUCT('LM_foot_tip_link__C001','LM_foot_tip_link__C001','Mesh-derived reference', (#3));
#14524=PRODUCT_DEFINITION_FORMATION('','',#14523);
#14525=PRODUCT_DEFINITION('design','',#14524,#4);
#14526=PRODUCT_DEFINITION_SHAPE('','',#14525);
#14527=FACETED_BREP_SHAPE_REPRESENTATION('LM_foot_tip_link__C001',(#13,#14522),#9);
#14528=SHAPE_DEFINITION_REPRESENTATION(#14526,#14527);
#14529=PRODUCT_RELATED_PRODUCT_CATEGORY('part',$,(#14523));
ENDSEC;
END-ISO-10303-21;
