ISO-10303-21;
HEADER;
FILE_DESCRIPTION(('Jumper mesh-derived faceted solid reference'),'2;1');
FILE_NAME('Jumper','2026-10-08T00:00:00',(''),(''),'Jumper faceted B-rep converter','', '');
FILE_SCHEMA(('AUTOMOTIVE_DESIGN { 1 0 10303 214 1 1 1 1 }'));
ENDSEC;
DATA;
#1=APPLICATION_CONTEXT('core data for automotive mechanical design processes');
#2=APPLICATION_PROTOCOL_DEFINITION('international standard','automotive_design',2000,#1);
#3=PRODUCT_CONTEXT('',#1,'mechanical');
#4=PRODUCT_DEFINITION_CONTEXT('part definition',#1,'design');
#5=(LENGTH_UNIT() NAMED_UNIT(*) SI_UNIT(.MILLI.,.METRE.));
#6=(NAMED_UNIT(*) PLANE_ANGLE_UNIT() SI_UNIT($,.RADIAN.));
#7=(NAMED_UNIT(*) SI_UNIT($,.STERADIAN.) SOLID_ANGLE_UNIT());
#8=UNCERTAINTY_MEASURE_WITH_UNIT(LENGTH_MEASURE(1.E-07),#5,'distance_accuracy_value','conversion tolerance');
#9=(GEOMETRIC_REPRESENTATION_CONTEXT(3) GLOBAL_UNCERTAINTY_ASSIGNED_CONTEXT((#8)) GLOBAL_UNIT_ASSIGNED_CONTEXT((#5,#6,#7)) REPRESENTATION_CONTEXT('','3D millimetres'));
#10=CARTESIAN_POINT('',(0.,0.,0.));
#11=DIRECTION('',(0.,0.,1.));
#12=DIRECTION('',(1.,0.,0.));
#13=AXIS2_PLACEMENT_3D('',#10,#11,#12);
#14=CARTESIAN_POINT('',(-1.56090545654297,10.2971410751343,-0.521174609661102));
#15=CARTESIAN_POINT('',(-1.56090712547302,20.4966640472412,-0.618943512439728));
#16=CARTESIAN_POINT('',(-1.56090545654297,10.2291498184204,-7.61414432525635));
#17=CARTESIAN_POINT('',(17.0448741912842,16.4570751190186,-5.53241777420044));
#18=CARTESIAN_POINT('',(17.535327911377,17.8752250671387,-5.26910543441772));
#19=CARTESIAN_POINT('',(17.5595417022705,17.6655197143555,-4.88103342056274));
#20=CARTESIAN_POINT('',(17.0336380004883,17.0564002990723,-6.25076866149902));
#21=CARTESIAN_POINT('',(16.3649139404297,15.3993349075317,-6.56567621231079));
#22=CARTESIAN_POINT('',(16.3633327484131,16.1355476379395,-7.26024484634399));
#23=CARTESIAN_POINT('',(15.6632833480835,14.7190208435059,-7.59034776687622));
#24=CARTESIAN_POINT('',(15.6734533309937,15.6117391586304,-8.25688171386719));
#25=CARTESIAN_POINT('',(14.9390058517456,14.4020414352417,-8.59252834320068));
#26=CARTESIAN_POINT('',(14.959942817688,15.4656610488892,-9.2241907119751));
#27=CARTESIAN_POINT('',(14.1888093948364,14.4309616088867,-9.55512142181396));
#28=CARTESIAN_POINT('',(14.2180442810059,15.677716255188,-10.1433124542236));
#29=CARTESIAN_POINT('',(13.4109582901001,14.7906303405762,-10.4620084762573));
#30=CARTESIAN_POINT('',(10.0782518386841,3.38648653030396,0.377679228782654));
#31=CARTESIAN_POINT('',(10.1919622421265,4.09965038299561,-1.71294152736664));
#32=CARTESIAN_POINT('',(11.5884857177734,4.60951566696167,0.510637760162354));
#33=CARTESIAN_POINT('',(17.1633605957031,18.8424110412598,-7.40104007720947));
#34=CARTESIAN_POINT('',(17.0132293701172,18.5257453918457,-7.54812574386597));
#35=CARTESIAN_POINT('',(17.0310497283936,18.9982051849365,-7.81994962692261));
#36=CARTESIAN_POINT('',(9.30209922790527,3.48199534416199,-1.79932296276093));
#37=CARTESIAN_POINT('',(7.49379444122314,3.19063353538513,-4.03682899475098));
#38=CARTESIAN_POINT('',(9.30436897277832,4.2241849899292,-3.87387466430664));
#39=CARTESIAN_POINT('',(9.30684566497803,4.66901397705078,-4.88146495819092));
#40=CARTESIAN_POINT('',(7.49568176269531,3.64161968231201,-5.05561017990112));
#41=CARTESIAN_POINT('',(9.31054019927979,5.18086814880371,-5.86206960678101));
#42=CARTESIAN_POINT('',(7.4984917640686,4.16075420379639,-6.04710292816162));
#43=CARTESIAN_POINT('',(7.50241231918335,4.76167964935303,-7.00583648681641));
#44=CARTESIAN_POINT('',(5.65605354309082,3.98867440223694,-7.13127660751343));
#45=CARTESIAN_POINT('',(5.65981149673462,4.69246768951416,-8.05631923675537));
#46=CARTESIAN_POINT('',(3.7873113155365,4.15498447418213,-8.12783718109131));
#47=CARTESIAN_POINT('',(12.9472312927246,5.98912191390991,0.652273297309875));
#48=CARTESIAN_POINT('',(13.2798490524292,6.98398399353027,-1.30745267868042));
#49=CARTESIAN_POINT('',(14.2603626251221,7.70725059509277,0.812211990356445));
#50=CARTESIAN_POINT('',(12.4437379837036,6.0495924949646,-1.43422198295593));
#51=CARTESIAN_POINT('',(12.4469947814941,6.76361513137817,-3.42401027679443));
#52=CARTESIAN_POINT('',(11.5919809341431,5.95248365402222,-3.56967926025391));
#53=CARTESIAN_POINT('',(16.3728885650635,17.9443702697754,-8.497314453125));
#54=CARTESIAN_POINT('',(16.7303562164307,19.2489452362061,-8.56397342681885));
#55=CARTESIAN_POINT('',(16.3883838653564,19.0423545837402,-9.03134155273438));
#56=CARTESIAN_POINT('',(12.4198322296143,18.7542686462402,-12.2571544647217));
#57=CARTESIAN_POINT('',(13.5344076156616,19.6598930358887,-11.8496856689453));
#58=CARTESIAN_POINT('',(13.4867668151855,17.850944519043,-11.4618272781372));
#59=CARTESIAN_POINT('',(11.8131074905396,18.3218936920166,-12.4468822479248));
#60=CARTESIAN_POINT('',(11.7734289169312,16.4547328948975,-12.0442485809326));
#61=CARTESIAN_POINT('',(13.4457988739014,16.2321243286133,-10.9975852966309));
#62=CARTESIAN_POINT('',(12.60520362854,15.4682111740112,-11.2969570159912));
#63=CARTESIAN_POINT('',(17.4300479888916,18.3251609802246,-6.17933130264282));
#64=CARTESIAN_POINT('',(17.0222721099854,17.7423248291016,-6.92403793334961));
#65=CARTESIAN_POINT('',(16.3652763366699,16.9796924591064,-7.90553903579712));
#66=CARTESIAN_POINT('',(15.6892576217651,16.6319675445557,-8.86941051483154));
#67=CARTESIAN_POINT('',(14.9872646331787,16.6741981506348,-9.79648590087891));
#68=CARTESIAN_POINT('',(14.2537136077881,17.0858688354492,-10.6663045883179));
#69=CARTESIAN_POINT('',(14.6771049499512,19.8775749206543,-11.1382875442505));
#70=CARTESIAN_POINT('',(13.8721752166748,19.9690456390381,-11.7094421386719));
#71=CARTESIAN_POINT('',(14.2965984344482,18.6681652069092,-11.1192140579224));
#72=CARTESIAN_POINT('',(15.0656280517578,19.5771446228027,-10.7441892623901));
#73=CARTESIAN_POINT('',(15.022120475769,18.0404281616211,-10.3047113418579));
#74=CARTESIAN_POINT('',(15.7442312240601,19.1065158843994,-9.91462230682373));
#75=CARTESIAN_POINT('',(15.7123003005981,17.7925834655762,-9.42348384857178));
#76=CARTESIAN_POINT('',(16.3472633361816,19.4588680267334,-9.27398586273193));
#77=CARTESIAN_POINT('',(11.6002836227417,6.88457727432251,-5.50469255447388));
#78=CARTESIAN_POINT('',(10.2015066146851,5.78383731842041,-5.74124383926392));
#79=CARTESIAN_POINT('',(10.2073392868042,6.37081098556519,-6.68140983581543));
#80=CARTESIAN_POINT('',(3.78086161613464,1.84951281547546,-4.21510457992554));
#81=CARTESIAN_POINT('',(5.64984464645386,2.40201187133789,-4.14748573303223));
#82=CARTESIAN_POINT('',(5.64859962463379,1.64339983463287,-2.03933691978455));
#83=CARTESIAN_POINT('',(5.65120410919189,2.85724520683289,-5.17137432098389));
#84=CARTESIAN_POINT('',(3.78174161911011,2.30745267868042,-5.24004697799683));
#85=CARTESIAN_POINT('',(5.65322923660278,3.38154077529907,-6.16778993606567));
#86=CARTESIAN_POINT('',(3.78305172920227,2.83505296707153,-6.23747777938843));
#87=CARTESIAN_POINT('',(3.78487706184387,3.44625496864319,-7.20191287994385));
#88=CARTESIAN_POINT('',(1.89716100692749,3.12652635574341,-7.23306274414062));
#89=CARTESIAN_POINT('',(1.898353099823,3.8380172252655,-8.15811920166016));
#90=CARTESIAN_POINT('',(0.00116788025479764,3.73396611213684,-8.16438007354736));
#91=CARTESIAN_POINT('',(0.00116422562859952,3.02162313461304,-7.24004459381104));
#92=CARTESIAN_POINT('',(1.89626228809357,2.51310229301453,-6.26950073242188));
#93=CARTESIAN_POINT('',(7.49206495285034,2.43863129615784,-1.93918967247009));
#94=CARTESIAN_POINT('',(1.89561879634857,1.98374390602112,-5.27294683456421));
#95=CARTESIAN_POINT('',(1.89518821239471,1.52440547943115,-4.24889993667603));
#96=CARTESIAN_POINT('',(3.78005409240723,1.08692467212677,-2.10469698905945));
#97=CARTESIAN_POINT('',(5.40453147888184,0.908342659473419,0.102994546294212));
#98=CARTESIAN_POINT('',(5.99522399902344,1.12628984451294,0.127445578575134));
#99=CARTESIAN_POINT('',(0.00116488616913557,2.40752840042114,-6.27722120285034));
#100=CARTESIAN_POINT('',(0.00116489338688552,1.87763571739197,-5.28140735626221));
#101=CARTESIAN_POINT('',(0.00116300443187356,1.41789877414703,-4.25811672210693));
#102=CARTESIAN_POINT('',(1.89479172229767,0.759844481945038,-2.14027690887451));
#103=CARTESIAN_POINT('',(9.3156909942627,5.77316570281982,-6.81027460098267));
#104=CARTESIAN_POINT('',(9.32254981994629,6.45930767059326,-7.72072267532349));
#105=CARTESIAN_POINT('',(7.50763463973999,5.45803737640381,-7.92635250091553));
#106=CARTESIAN_POINT('',(10.1945323944092,4.83553791046143,-3.76990842819214));
#107=CARTESIAN_POINT('',(7.17155838012695,1.63786315917969,0.184563308954239));
#108=CARTESIAN_POINT('',(11.5889272689819,5.22888946533203,-1.55054700374603));
#109=CARTESIAN_POINT('',(8.05747413635254,2.09465265274048,0.235291704535484));
#110=CARTESIAN_POINT('',(8.90934085845947,2.59525918960571,0.29063692688942));
#111=CARTESIAN_POINT('',(-11.6388492584229,9.78769969940186,-8.95523643493652));
#112=CARTESIAN_POINT('',(-11.624041557312,8.89809417724609,-8.15852069854736));
#113=CARTESIAN_POINT('',(-12.4973192214966,10.5439567565918,-8.72994232177734));
#114=CARTESIAN_POINT('',(-10.2228689193726,7.83529138565063,-8.44443225860596));
#115=CARTESIAN_POINT('',(-10.212911605835,7.04917621612549,-7.58449697494507));
#116=CARTESIAN_POINT('',(-9.32033920288086,6.45793151855469,-7.721022605896));
#117=CARTESIAN_POINT('',(-14.184928894043,14.4261779785156,-9.55668544769287));
#118=CARTESIAN_POINT('',(-14.9562511444092,15.4602603912354,-9.22586631774902));
#119=CARTESIAN_POINT('',(-14.9835910797119,16.6689968109131,-9.79825496673584));
#120=CARTESIAN_POINT('',(-14.1613311767578,13.3279161453247,-8.90809154510498));
#121=CARTESIAN_POINT('',(-13.3533582687378,12.3840274810791,-9.19831657409668));
#122=CARTESIAN_POINT('',(-13.333532333374,11.397575378418,-8.47886180877686));
#123=CARTESIAN_POINT('',(-12.4814949035645,9.66720676422119,-7.94524145126343));
#124=CARTESIAN_POINT('',(-11.6121959686279,8.12578868865967,-7.31448316574097));
#125=CARTESIAN_POINT('',(-12.5167684555054,11.5491590499878,-9.46274948120117));
#126=CARTESIAN_POINT('',(-14.1425867080688,12.3655414581299,-8.20409679412842));
#127=CARTESIAN_POINT('',(-14.9352979660034,14.396463394165,-8.59412956237793));
#128=CARTESIAN_POINT('',(-13.3175945281982,10.5372314453125,-7.7082371711731));
#129=CARTESIAN_POINT('',(-12.4688739776611,8.90599346160889,-7.11384296417236));
#130=CARTESIAN_POINT('',(-14.9195985794067,13.464825630188,-7.90771579742432));
#131=CARTESIAN_POINT('',(-14.1279172897339,11.5263204574585,-7.44955921173096));
#132=CARTESIAN_POINT('',(-13.3049964904785,9.79020023345947,-6.89147424697876));
#133=CARTESIAN_POINT('',(-14.8994445800781,11.9469442367554,-6.38973379135132));
#134=CARTESIAN_POINT('',(-15.6497507095337,13.2577457427979,-6.11452913284302));
#135=CARTESIAN_POINT('',(-15.6535520553589,13.9342203140259,-6.87577724456787));
#136=CARTESIAN_POINT('',(-14.1165266036987,10.7974843978882,-6.64942264556885));
#137=CARTESIAN_POINT('',(-13.3776330947876,13.5094127655029,-9.86153602600098));
#138=CARTESIAN_POINT('',(-7.54292488098145,9.46935367584229,-11.1173038482666));
#139=CARTESIAN_POINT('',(-5.68456602096558,8.74957942962646,-11.2624626159668));
#140=CARTESIAN_POINT('',(-5.67573642730713,7.52107572555542,-10.5460529327393));
#141=CARTESIAN_POINT('',(-7.55740451812744,10.8473386764526,-11.7648687362671));
#142=CARTESIAN_POINT('',(-9.38868522644043,11.7656202316284,-11.5176877975464));
#143=CARTESIAN_POINT('',(-9.41087245941162,13.2963876724243,-12.0881404876709));
#144=CARTESIAN_POINT('',(-10.3153133392334,13.8234014511108,-11.9146528244019));
#145=CARTESIAN_POINT('',(-10.3442611694336,15.5254611968994,-12.4053831100464));
#146=CARTESIAN_POINT('',(-11.7690992355347,16.4516468048096,-12.0455007553101));
#147=CARTESIAN_POINT('',(-11.8087596893311,18.3189182281494,-12.4481658935547));
#148=CARTESIAN_POINT('',(-12.4198293685913,18.7542743682861,-12.2571544647217));
#149=CARTESIAN_POINT('',(-13.4826965332031,17.8471412658691,-11.4634294509888));
#150=CARTESIAN_POINT('',(-13.5303163528442,19.6562633514404,-11.8513345718384));
#151=CARTESIAN_POINT('',(-13.8721780776978,19.9690341949463,-11.7094421386719));
#152=CARTESIAN_POINT('',(-15.7408046722412,19.1009826660156,-9.91661071777344));
#153=CARTESIAN_POINT('',(-15.0184469223022,18.035472869873,-10.3065567016602));
#154=CARTESIAN_POINT('',(-15.708854675293,17.7867679595947,-9.42536640167236));
#155=CARTESIAN_POINT('',(-15.6857795715332,16.6258773803711,-8.87121486663818));
#156=CARTESIAN_POINT('',(-15.6699495315552,15.6054134368896,-8.25857925415039));
#157=CARTESIAN_POINT('',(-15.6597461700439,14.7124853134155,-7.59195375442505));
#158=CARTESIAN_POINT('',(-14.9080257415771,12.6525793075562,-7.1713490486145));
#159=CARTESIAN_POINT('',(-14.2141666412354,15.673095703125,-10.1449518203735));
#160=CARTESIAN_POINT('',(17.0607757568359,15.476526260376,-3.97833800315857));
#161=CARTESIAN_POINT('',(17.5519905090332,16.7127590179443,-3.33383631706238));
#162=CARTESIAN_POINT('',(17.4917087554932,16.1514587402344,-2.55004286766052));
#163=CARTESIAN_POINT('',(17.0539627075195,15.9336853027344,-4.77329254150391));
#164=CARTESIAN_POINT('',(16.3678874969482,14.7584991455078,-5.8260645866394));
#165=CARTESIAN_POINT('',(15.6571216583252,13.9409379959106,-6.87429189682007));
#166=CARTESIAN_POINT('',(14.9233341217041,13.4705762863159,-7.90620613098145));
#167=CARTESIAN_POINT('',(14.1652250289917,13.3328485488892,-8.90660285949707));
#168=CARTESIAN_POINT('',(13.3816785812378,13.5136499404907,-9.8601016998291));
#169=CARTESIAN_POINT('',(12.5723848342896,14.0002746582031,-10.7507858276367));
#170=CARTESIAN_POINT('',(17.5750694274902,17.3410778045654,-4.31797122955322));
#171=CARTESIAN_POINT('',(11.738733291626,14.7831020355225,-11.5628252029419));
#172=CARTESIAN_POINT('',(10.3464803695679,15.5267705917358,-12.4049043655396));
#173=CARTESIAN_POINT('',(10.732871055603,17.6338691711426,-12.7345094680786));
#174=CARTESIAN_POINT('',(9.00119590759277,16.704553604126,-13.0753765106201));
#175=CARTESIAN_POINT('',(17.2616710662842,18.6953830718994,-7.03010988235474));
#176=CARTESIAN_POINT('',(-1.82517099380493,14.7322635650635,-13.5130491256714));
#177=CARTESIAN_POINT('',(1.29468799059396E-06,14.6531810760498,-13.5141830444336));
#178=CARTESIAN_POINT('',(0.00117863668128848,12.6497364044189,-13.0955352783203));
#179=CARTESIAN_POINT('',(1.82517242431641,14.7322635650635,-13.5130491256714));
#180=CARTESIAN_POINT('',(1.91859364509583,12.7408103942871,-13.0935468673706));
#181=CARTESIAN_POINT('',(16.3704814910889,14.2008562088013,-5.04576349258423));
#182=CARTESIAN_POINT('',(15.6533498764038,13.2646188735962,-6.11314916610718));
#183=CARTESIAN_POINT('',(14.9117803573608,12.6584749221802,-7.16994524002075));
#184=CARTESIAN_POINT('',(14.1464929580688,12.3706121444702,-8.20268535614014));
#185=CARTESIAN_POINT('',(13.3574047088623,12.3883972167969,-9.19694232940674));
#186=CARTESIAN_POINT('',(12.5444345474243,12.699520111084,-10.1372518539429));
#187=CARTESIAN_POINT('',(11.7087001800537,13.2939891815186,-11.0078678131104));
#188=CARTESIAN_POINT('',(10.3175210952759,13.824761390686,-11.914174079895));
#189=CARTESIAN_POINT('',(9.4387092590332,15.0160388946533,-12.5826606750488));
#190=CARTESIAN_POINT('',(7.59605932235718,14.1495666503906,-12.8414106369019));
#191=CARTESIAN_POINT('',(7.23835468292236,15.9541702270508,-13.2990446090698));
#192=CARTESIAN_POINT('',(5.72350883483887,13.4852132797241,-12.9942836761475));
#193=CARTESIAN_POINT('',(5.45058155059814,15.3783025741577,-13.4301137924194));
#194=CARTESIAN_POINT('',(3.82852625846863,13.017463684082,-13.0690631866455));
#195=CARTESIAN_POINT('',(3.64410877227783,14.9724826812744,-13.4932384490967));
#196=CARTESIAN_POINT('',(3.8890335559845,0.461883395910263,0.0526588782668114));
#197=CARTESIAN_POINT('',(11.6401166915894,20.0977973937988,-12.8095092773438));
#198=CARTESIAN_POINT('',(-0.971423208713531,20.0840759277344,-12.6614017486572));
#199=CARTESIAN_POINT('',(2.74124598503113,20.0824851989746,-12.6452779769897));
#200=CARTESIAN_POINT('',(-11.6428527832031,20.0977077484131,-12.8084650039673));
#201=CARTESIAN_POINT('',(-5.86382579803467,20.1464672088623,-13.485372543335));
#202=CARTESIAN_POINT('',(-10.9360370635986,20.1184139251709,-13.0581655502319));
#203=CARTESIAN_POINT('',(-9.74632740020752,20.1414775848389,-13.3985061645508));
#204=CARTESIAN_POINT('',(-9.05162715911865,20.1503009796143,-13.5573253631592));
#205=CARTESIAN_POINT('',(-8.45446491241455,20.155912399292,-13.6735239028931));
#206=CARTESIAN_POINT('',(-7.03287172317505,20.1644515991211,-13.8854503631592));
#207=CARTESIAN_POINT('',(-5.44631385803223,20.1691150665283,-14.0351686477661));
#208=CARTESIAN_POINT('',(-3.2740592956543,20.1716041564941,-14.1349611282349));
#209=CARTESIAN_POINT('',(6.73937082290649,20.1463413238525,-13.4830913543701));
#210=CARTESIAN_POINT('',(11.034553527832,20.1158847808838,-13.0256404876709));
#211=CARTESIAN_POINT('',(9.84739589691162,20.1399612426758,-13.3730983734131));
#212=CARTESIAN_POINT('',(3.51294732093811,20.1714572906494,-14.1284627914429));
#213=CARTESIAN_POINT('',(1.83862125873566,20.1721019744873,-14.1579446792603));
#214=CARTESIAN_POINT('',(8.53672695159912,20.1552333831787,-13.6585559844971));
#215=CARTESIAN_POINT('',(7.0709753036499,20.1642799377441,-13.8808288574219));
#216=CARTESIAN_POINT('',(9.05163860321045,20.1502933502197,-13.5573253631592));
#217=CARTESIAN_POINT('',(5.39855337142944,20.1692066192627,-14.0385074615479));
#218=CARTESIAN_POINT('',(13.0698270797729,19.742654800415,-10.4398412704468));
#219=CARTESIAN_POINT('',(13.7947702407837,19.6254653930664,-9.92063999176025));
#220=CARTESIAN_POINT('',(12.2423048019409,19.8358135223389,-10.9072961807251));
#221=CARTESIAN_POINT('',(13.0886421203613,20.0294055938721,-12.1608467102051));
#222=CARTESIAN_POINT('',(12.1907596588135,19.8406276702881,-10.9331064224243));
#223=CARTESIAN_POINT('',(12.451940536499,20.0648021697998,-12.4714870452881));
#224=CARTESIAN_POINT('',(11.3506984710693,19.9069576263428,-11.3100299835205));
#225=CARTESIAN_POINT('',(12.1195297241211,20.0797252655029,-12.6171169281006));
#226=CARTESIAN_POINT('',(10.5036516189575,19.9557952880859,-11.6197261810303));
#227=CARTESIAN_POINT('',(-0.0847939103841782,20.1722660064697,-14.1632957458496));
#228=CARTESIAN_POINT('',(-1.83863842487335,20.1721019744873,-14.1579446792603));
#229=CARTESIAN_POINT('',(16.0753078460693,17.317289352417,-4.27828359603882));
#230=CARTESIAN_POINT('',(16.0753326416016,17.3144130706787,-4.27351713180542));
#231=CARTESIAN_POINT('',(16.0576019287109,17.6654834747314,-4.88106250762939));
#232=CARTESIAN_POINT('',(16.0357761383057,17.8402576446533,-5.2030086517334));
#233=CARTESIAN_POINT('',(15.9567260742188,18.1882648468018,-5.88975811004639));
#234=CARTESIAN_POINT('',(15.9225072860718,18.2891788482666,-6.10210800170898));
#235=CARTESIAN_POINT('',(15.7469921112061,18.6398105621338,-6.89520740509033));
#236=CARTESIAN_POINT('',(15.5959949493408,18.8334445953369,-7.37778186798096));
#237=CARTESIAN_POINT('',(15.5123300552368,18.9180221557617,-7.60076427459717));
#238=CARTESIAN_POINT('',(15.2169790267944,19.1413307189941,-8.23213577270508));
#239=CARTESIAN_POINT('',(15.0225782394409,19.2481746673584,-8.56061267852783));
#240=CARTESIAN_POINT('',(14.8136596679688,19.3413352966309,-8.86393928527832));
#241=CARTESIAN_POINT('',(15.8742589950562,19.6321125030518,-9.94794464111328));
#242=CARTESIAN_POINT('',(14.3401670455933,19.4991931915283,-9.42231941223145));
#243=CARTESIAN_POINT('',(14.2440853118896,19.5248394012451,-9.5192928314209));
#244=CARTESIAN_POINT('',(15.2940149307251,19.7745132446289,-10.593053817749));
#245=CARTESIAN_POINT('',(10.3299160003662,19.9641017913818,-11.6757621765137));
#246=CARTESIAN_POINT('',(9.19459056854248,20.0074329376221,-11.9874315261841));
#247=CARTESIAN_POINT('',(-15.6215362548828,19.7012462615967,-10.2485656738281));
#248=CARTESIAN_POINT('',(-14.8288421630859,19.3351631164551,-8.84331512451172));
#249=CARTESIAN_POINT('',(-14.3318710327148,19.5014781951904,-9.43086528778076));
#250=CARTESIAN_POINT('',(-16.1291809082031,19.5472393035889,-9.60592269897461));
#251=CARTESIAN_POINT('',(-14.9828796386719,19.2673606872559,-8.62172985076904));
#252=CARTESIAN_POINT('',(-15.2170543670654,19.1412906646729,-8.23200130462646));
#253=CARTESIAN_POINT('',(-16.5660247802734,19.3498401641846,-8.89282608032227));
#254=CARTESIAN_POINT('',(-15.5183458328247,18.9123477935791,-7.58555507659912));
#255=CARTESIAN_POINT('',(-16.8945293426514,19.1258735656738,-8.18613433837891));
#256=CARTESIAN_POINT('',(-15.5456113815308,18.8858890533447,-7.51509857177734));
#257=CARTESIAN_POINT('',(-15.5877847671509,18.8423233032227,-7.40083074569702));
#258=CARTESIAN_POINT('',(-17.1574783325195,18.8502464294434,-7.42139673233032));
#259=CARTESIAN_POINT('',(-15.7470092773438,18.6398010253906,-6.89519262313843));
#260=CARTESIAN_POINT('',(-15.9120359420776,18.3168964385986,-6.16154861450195));
#261=CARTESIAN_POINT('',(-14.1385860443115,19.5511131286621,-9.62074279785156));
#262=CARTESIAN_POINT('',(-17.3589115142822,18.5077972412109,-6.58547353744507));
#263=CARTESIAN_POINT('',(-16.0339908599854,17.8516635894775,-5.22451686859131));
#264=CARTESIAN_POINT('',(-15.916576385498,18.3050365447998,-6.13604259490967));
#265=CARTESIAN_POINT('',(-17.4956912994385,18.0894088745117,-5.68794822692871));
#266=CARTESIAN_POINT('',(-16.0576076507568,17.6654872894287,-4.8810772895813));
#267=CARTESIAN_POINT('',(-17.5652904510498,17.5902652740479,-4.74659776687622));
#268=CARTESIAN_POINT('',(-16.0739822387695,17.3911609649658,-4.40219974517822));
#269=CARTESIAN_POINT('',(-16.0749435424805,17.3451461791992,-4.32479095458984));
#270=CARTESIAN_POINT('',(-16.0519790649414,16.7409992218018,-3.3754894733429));
#271=CARTESIAN_POINT('',(-17.569652557373,16.9999198913574,-3.76796746253967));
#272=CARTESIAN_POINT('',(-15.9656982421875,16.0333499908447,-2.39485549926758));
#273=CARTESIAN_POINT('',(-17.504337310791,16.2497463226318,-2.68165946006775));
#274=CARTESIAN_POINT('',(-15.9558544158936,15.9708948135376,-2.314040184021));
#275=CARTESIAN_POINT('',(-15.8181915283203,15.2314929962158,-1.41731238365173));
#276=CARTESIAN_POINT('',(-13.7916746139526,19.626070022583,-9.92314910888672));
#277=CARTESIAN_POINT('',(-15.0393571853638,19.8217868804932,-10.8323249816895));
#278=CARTESIAN_POINT('',(-14.3785257339478,19.915620803833,-11.3654880523682));
#279=CARTESIAN_POINT('',(8.49930381774902,20.0265007019043,-12.1375722885132));
#280=CARTESIAN_POINT('',(7.94808864593506,20.0385971069336,-12.2379179000854));
#281=CARTESIAN_POINT('',(6.55896282196045,20.0602416992188,-12.4290323257446));
#282=CARTESIAN_POINT('',(6.12593412399292,20.0649871826172,-12.4732322692871));
#283=CARTESIAN_POINT('',(4.98753595352173,20.0741138458252,-12.5611820220947));
#284=CARTESIAN_POINT('',(3.0867919921875,20.0817813873291,-12.6381330490112));
#285=CARTESIAN_POINT('',(-1.58326923847198,20.0838069915771,-12.6587762832642));
#286=CARTESIAN_POINT('',(-3.42803692817688,20.080924987793,-12.6293478012085));
#287=CARTESIAN_POINT('',(-5.31427621841431,20.0719242095947,-12.5397462844849));
#288=CARTESIAN_POINT('',(-5.35523223876953,20.0716285705566,-12.5368671417236));
#289=CARTESIAN_POINT('',(-6.93040609359741,20.0555095672607,-12.3857126235962));
#290=CARTESIAN_POINT('',(-7.74947643280029,20.0424098968506,-12.2703809738159));
#291=CARTESIAN_POINT('',(-8.33399772644043,20.0303859710693,-12.1693048477173));
#292=CARTESIAN_POINT('',(-9.57613372802734,19.994779586792,-11.8925790786743));
#293=CARTESIAN_POINT('',(-9.81106376647949,19.9860858917236,-11.8293724060059));
#294=CARTESIAN_POINT('',(-10.690502166748,19.946252822876,-11.5567636489868));
#295=CARTESIAN_POINT('',(-11.5358057022095,19.894115447998,-11.2335052490234));
#296=CARTESIAN_POINT('',(-12.0157136917114,20.0839557647705,-12.6604776382446));
#297=CARTESIAN_POINT('',(-11.6946754455566,19.8823528289795,-11.1650371551514));
#298=CARTESIAN_POINT('',(-12.4519500732422,20.0647964477539,-12.4714870452881));
#299=CARTESIAN_POINT('',(-12.5736637115479,19.802303314209,-10.732816696167));
#300=CARTESIAN_POINT('',(-12.9738464355469,20.0365505218506,-12.2201948165894));
#301=CARTESIAN_POINT('',(-13.06982421875,19.7426643371582,-10.4398412704468));
#302=CARTESIAN_POINT('',(-3.79678273200989,7.00522327423096,-10.6195964813232));
#303=CARTESIAN_POINT('',(16.0482711791992,16.6979522705078,-3.31213140487671));
#304=CARTESIAN_POINT('',(15.983419418335,16.1513137817383,-2.54989242553711));
#305=CARTESIAN_POINT('',(-17.1509857177734,14.329029083252,-0.451695054769516));
#306=CARTESIAN_POINT('',(-17.1906337738037,14.5042715072632,-0.62941038608551));
#307=CARTESIAN_POINT('',(-17.0683860778809,14.1113910675049,-0.543475568294525));
#308=CARTESIAN_POINT('',(1.73710703849792,0.0901031196117401,0.0103547461330891));
#309=CARTESIAN_POINT('',(0.00116375472862273,5.76062893742346E-06,-2.70474038188695E-06));
#310=CARTESIAN_POINT('',(0.00116439186967909,0.652812600135803,-2.15105319023132));
#311=CARTESIAN_POINT('',(-9.30464172363281,4.66759729385376,-4.8817195892334));
#312=CARTESIAN_POINT('',(-9.30216693878174,4.22275447845459,-3.87411451339722));
#313=CARTESIAN_POINT('',(-10.1923580169678,4.83396339416504,-3.77017641067505));
#314=CARTESIAN_POINT('',(-4.96598052978516,0.762726008892059,0.086627371609211));
#315=CARTESIAN_POINT('',(-5.64613914489746,0.994426310062408,0.112660273909569));
#316=CARTESIAN_POINT('',(-5.64631843566895,1.64257514476776,-2.0394332408905));
#317=CARTESIAN_POINT('',(-2.75975513458252,0.229744553565979,0.0263023320585489));
#318=CARTESIAN_POINT('',(-3.61344194412231,0.397511333227158,0.0453630425035954));
#319=CARTESIAN_POINT('',(-3.77774834632874,1.08638870716095,-2.10476636886597));
#320=CARTESIAN_POINT('',(-15.0619554519653,19.5724391937256,-10.7461109161377));
#321=CARTESIAN_POINT('',(-0.510959684848785,0.00770394597202539,0.000892122916411608));
#322=CARTESIAN_POINT('',(-1.80983877182007,0.0978668481111526,0.0112489433959126));
#323=CARTESIAN_POINT('',(-1.89246737957001,0.759583652019501,-2.14030408859253));
#324=CARTESIAN_POINT('',(-9.03806114196777,19.2459888458252,-13.4562206268311));
#325=CARTESIAN_POINT('',(-9.00119590759277,16.7045440673828,-13.0753765106201));
#326=CARTESIAN_POINT('',(-7.2665433883667,18.5324192047119,-13.6829071044922));
#327=CARTESIAN_POINT('',(-7.23835468292236,15.9541816711426,-13.2990446090698));
#328=CARTESIAN_POINT('',(-5.47096395492554,17.9846477508545,-13.8148880004883));
#329=CARTESIAN_POINT('',(-5.45057964324951,15.3783054351807,-13.4301137924194));
#330=CARTESIAN_POINT('',(-3.65733695030212,17.5985164642334,-13.8776187896729));
#331=CARTESIAN_POINT('',(-3.64410877227783,14.9724912643433,-13.4932384490967));
#332=CARTESIAN_POINT('',(-1.83167600631714,17.3698921203613,-13.8965730667114));
#333=CARTESIAN_POINT('',(8.64035769154725E-07,17.2946014404297,-13.8972225189209));
#334=CARTESIAN_POINT('',(1.8316764831543,17.3698806762695,-13.8965730667114));
#335=CARTESIAN_POINT('',(-14.2927112579346,18.6639232635498,-11.1209754943848));
#336=CARTESIAN_POINT('',(17.0688552856445,14.7230567932129,-2.301438331604));
#337=CARTESIAN_POINT('',(17.4685344696045,15.984468460083,-2.33151602745056));
#338=CARTESIAN_POINT('',(17.3282241821289,15.1634397506714,-1.33987081050873));
#339=CARTESIAN_POINT('',(-16.3719291687012,12.2840433120728,-0.711382925510406));
#340=CARTESIAN_POINT('',(-16.6679782867432,12.4827117919922,1.18221259117126));
#341=CARTESIAN_POINT('',(-16.9541416168213,13.5231037139893,0.311777383089066));
#342=CARTESIAN_POINT('',(-17.0655326843262,14.7136259078979,-2.30248045921326));
#343=CARTESIAN_POINT('',(-17.3751964569092,15.4142265319824,-1.62918019294739));
#344=CARTESIAN_POINT('',(-17.0574798583984,15.4673233032227,-3.97959065437317));
#345=CARTESIAN_POINT('',(-17.0506973266602,15.9246273040771,-4.77463674545288));
#346=CARTESIAN_POINT('',(-17.0416393280029,16.4481983184814,-5.53386735916138));
#347=CARTESIAN_POINT('',(-17.0304489135742,17.0477275848389,-6.25231027603149));
#348=CARTESIAN_POINT('',(-17.0191326141357,17.7339267730713,-6.92570066452026));
#349=CARTESIAN_POINT('',(-17.0101528167725,18.5176773071289,-7.54988145828247));
#350=CARTESIAN_POINT('',(3.65733504295349,17.5985126495361,-13.8776187896729));
#351=CARTESIAN_POINT('',(5.47096490859985,17.984655380249,-13.8148880004883));
#352=CARTESIAN_POINT('',(9.03806114196777,19.2459850311279,-13.4562206268311));
#353=CARTESIAN_POINT('',(17.1346912384033,14.2584562301636,-0.38135239481926));
#354=CARTESIAN_POINT('',(15.6065673828125,14.3290615081787,-0.45166552066803));
#355=CARTESIAN_POINT('',(15.5678672790527,14.1810111999512,-0.30502787232399));
#356=CARTESIAN_POINT('',(15.7858896255493,15.0806913375854,-1.24683523178101));
#357=CARTESIAN_POINT('',(15.9482898712158,15.924144744873,-2.25410389900208));
#358=CARTESIAN_POINT('',(15.96364402771,16.0201530456543,-2.37772607803345));
#359=CARTESIAN_POINT('',(7.26654291152954,18.5324153900146,-13.6829071044922));
#360=CARTESIAN_POINT('',(-10.7328720092773,17.6338691711426,-12.7345094680786));
#361=CARTESIAN_POINT('',(-3.79201889038086,5.92026948928833,-9.84221363067627));
#362=CARTESIAN_POINT('',(-1.89947140216827,5.61094760894775,-9.87073612213135));
#363=CARTESIAN_POINT('',(-1.89755690097809,4.66131591796875,-9.0391845703125));
#364=CARTESIAN_POINT('',(-9.34013271331787,8.16541290283203,-9.40699195861816));
#365=CARTESIAN_POINT('',(-7.52044725418091,7.19049692153931,-9.6311149597168));
#366=CARTESIAN_POINT('',(-7.5120792388916,6.26237964630127,-8.80340671539307));
#367=CARTESIAN_POINT('',(-9.35355854034424,9.21353149414062,-10.1717281341553));
#368=CARTESIAN_POINT('',(-10.2504873275757,9.77918910980225,-10.0144519805908));
#369=CARTESIAN_POINT('',(-10.2687005996704,10.9635438919067,-10.7138376235962));
#370=CARTESIAN_POINT('',(-11.6786870956421,11.9709596633911,-10.385760307312));
#371=CARTESIAN_POINT('',(-11.704400062561,13.2907094955444,-11.0090579986572));
#372=CARTESIAN_POINT('',(-12.5681924819946,13.9966039657593,-10.752121925354));
#373=CARTESIAN_POINT('',(-12.6010007858276,15.4646606445312,-11.2983541488647));
#374=CARTESIAN_POINT('',(-13.4417428970337,16.2281589508057,-10.9991416931152));
#375=CARTESIAN_POINT('',(-5.64756155014038,2.40117907524109,-4.14759731292725));
#376=CARTESIAN_POINT('',(-5.66235113143921,5.50591897964478,-8.93755912780762));
#377=CARTESIAN_POINT('',(-7.49154710769653,3.1895227432251,-4.03699684143066));
#378=CARTESIAN_POINT('',(-7.49343395233154,3.64049744606018,-5.05579328536987));
#379=CARTESIAN_POINT('',(-5.64891815185547,2.85643696784973,-5.17148590087891));
#380=CARTESIAN_POINT('',(-5.65094232559204,3.38072347640991,-6.1679162979126));
#381=CARTESIAN_POINT('',(-7.4962420463562,4.15965223312378,-6.04728651046753));
#382=CARTESIAN_POINT('',(-5.6537652015686,3.98786282539368,-7.13138818740845));
#383=CARTESIAN_POINT('',(-7.50016307830811,4.76058769226074,-7.00603485107422));
#384=CARTESIAN_POINT('',(-5.65752553939819,4.69166326522827,-8.05644607543945));
#385=CARTESIAN_POINT('',(-7.50537967681885,5.45694828033447,-7.92656564712524));
#386=CARTESIAN_POINT('',(-9.32914257049561,7.2513427734375,-8.58829975128174));
#387=CARTESIAN_POINT('',(-10.2353010177612,8.74087142944336,-9.25620365142822));
#388=CARTESIAN_POINT('',(-11.6569528579712,10.8076391220093,-9.69940567016602));
#389=CARTESIAN_POINT('',(-3.78499817848206,4.15445804595947,-8.12789249420166));
#390=CARTESIAN_POINT('',(-3.78256702423096,3.4457151889801,-7.20196723937988));
#391=CARTESIAN_POINT('',(-1.89483308792114,3.12627792358398,-7.23307514190674));
#392=CARTESIAN_POINT('',(-3.78074145317078,2.83452558517456,-6.23754739761353));
#393=CARTESIAN_POINT('',(-1.89602541923523,3.83775997161865,-8.15813255310059));
#394=CARTESIAN_POINT('',(-3.78812003135681,4.97466707229614,-9.00980758666992));
#395=CARTESIAN_POINT('',(-5.66837596893311,6.44445323944092,-9.76927089691162));
#396=CARTESIAN_POINT('',(-7.53066492080688,8.25494575500488,-10.4042329788208));
#397=CARTESIAN_POINT('',(-9.36966323852539,10.4091367721558,-10.8770780563354));
#398=CARTESIAN_POINT('',(-10.2902173995972,12.3071813583374,-11.3490190505981));
#399=CARTESIAN_POINT('',(-11.7344236373901,14.7799234390259,-11.5640468597412));
#400=CARTESIAN_POINT('',(-3.77855396270752,1.8489762544632,-4.21515893936157));
#401=CARTESIAN_POINT('',(-3.77943229675293,2.30691695213318,-5.24010133743286));
#402=CARTESIAN_POINT('',(-12.5402507781982,12.6957416534424,-10.1385412216187));
#403=CARTESIAN_POINT('',(-9.31348419189453,5.7717719078064,-6.81057405471802));
#404=CARTESIAN_POINT('',(-9.30833435058594,5.17947292327881,-5.86233997344971));
#405=CARTESIAN_POINT('',(-10.2051601409912,6.3692684173584,-6.68176746368408));
#406=CARTESIAN_POINT('',(-10.1993312835693,5.78228092193604,-5.7415566444397));
#407=CARTESIAN_POINT('',(-11.5960369110107,6.88088321685791,-5.50550651550293));
#408=CARTESIAN_POINT('',(-11.5877389907837,5.94874811172485,-3.57035899162292));
#409=CARTESIAN_POINT('',(-12.4516706466675,7.67872095108032,-5.33162021636963));
#410=CARTESIAN_POINT('',(-12.4428367614746,6.75936412811279,-3.42477416992188));
#411=CARTESIAN_POINT('',(-13.2878494262695,8.58515167236328,-5.13989400863647));
#412=CARTESIAN_POINT('',(-13.2790393829346,7.68161201477051,-3.26507472991943));
#413=CARTESIAN_POINT('',(-14.1010932922363,9.62067699432373,-4.93210411071777));
#414=CARTESIAN_POINT('',(-14.0931568145752,8.73677539825439,-3.09261178970337));
#415=CARTESIAN_POINT('',(-14.8879289627075,10.8057842254639,-4.71002674102783));
#416=CARTESIAN_POINT('',(-14.8819932937622,9.94613933563232,-2.90869188308716));
#417=CARTESIAN_POINT('',(-15.6448888778687,12.1610059738159,-4.47549772262573));
#418=CARTESIAN_POINT('',(-15.6423540115356,11.3310317993164,-2.71463775634766));
#419=CARTESIAN_POINT('',(-11.602970123291,7.45773410797119,-6.42839336395264));
#420=CARTESIAN_POINT('',(-12.4590530395508,8.24744987487793,-6.24091339111328));
#421=CARTESIAN_POINT('',(-13.2952079772949,9.14370155334473,-6.03365087509155));
#422=CARTESIAN_POINT('',(-14.1077184677124,10.1663608551025,-5.80857133865356));
#423=CARTESIAN_POINT('',(-14.8928728103638,11.33531665802,-5.56762218475342));
#424=CARTESIAN_POINT('',(-13.4069080352783,14.786524772644,-10.4635038375854));
#425=CARTESIAN_POINT('',(-14.2498350143433,17.0814323425293,-10.6680202484131));
#426=CARTESIAN_POINT('',(-9.29989528656006,3.48055505752563,-1.79953277111053));
#427=CARTESIAN_POINT('',(-7.48981952667236,2.43750500679016,-1.93934273719788));
#428=CARTESIAN_POINT('',(-10.1897878646851,4.09804534912109,-1.71316456794739));
#429=CARTESIAN_POINT('',(-11.5846843719482,5.2250862121582,-1.55109179019928));
#430=CARTESIAN_POINT('',(-12.4395780563354,6.04530000686646,-1.43482160568237));
#431=CARTESIAN_POINT('',(-13.2757883071899,6.97907876968384,-1.30810606479645));
#432=CARTESIAN_POINT('',(-14.0902185440063,8.04813194274902,-1.17165994644165));
#433=CARTESIAN_POINT('',(-14.8797760009766,9.27415084838867,-1.02624225616455));
#434=CARTESIAN_POINT('',(-15.6413726806641,10.6788759231567,-0.872568368911743));
#435=CARTESIAN_POINT('',(-15.6469812393188,12.6704711914062,-5.31278324127197));
#436=CARTESIAN_POINT('',(-1.89393615722656,2.51285266876221,-6.26952791213989));
#437=CARTESIAN_POINT('',(-1.8932945728302,1.98346793651581,-5.27297449111938));
#438=CARTESIAN_POINT('',(-1.8928644657135,1.5241516828537,-4.24892711639404));
#439=CARTESIAN_POINT('',(-16.3711776733398,12.9129457473755,-2.5119960308075));
#440=CARTESIAN_POINT('',(-16.3689384460449,13.7075433731079,-4.23097038269043));
#441=CARTESIAN_POINT('',(-16.3670272827148,14.1928701400757,-5.04708766937256));
#442=CARTESIAN_POINT('',(-16.364465713501,14.750675201416,-5.82749462127686));
#443=CARTESIAN_POINT('',(-16.3615303039551,15.391695022583,-6.56721210479736));
#444=CARTESIAN_POINT('',(-16.3599891662598,16.1281318664551,-7.26190185546875));
#445=CARTESIAN_POINT('',(-16.3619804382324,16.9725494384766,-7.90728902816772));
#446=CARTESIAN_POINT('',(-16.3696460723877,17.9375247955322,-8.49917125701904));
#447=CARTESIAN_POINT('',(-16.3851833343506,19.0358734130859,-9.03329086303711));
#448=CARTESIAN_POINT('',(16.372407913208,13.7156581878662,-4.22975206375122));
#449=CARTESIAN_POINT('',(15.6506042480469,12.6774816513062,-5.31149482727051));
#450=CARTESIAN_POINT('',(-7.09615612030029,1.60188269615173,0.18055684864521));
#451=CARTESIAN_POINT('',(-1.91623914241791,12.7405843734741,-13.093560218811));
#452=CARTESIAN_POINT('',(14.9032173156738,11.9529762268066,-6.38842058181763));
#453=CARTESIAN_POINT('',(14.1318292617798,11.5315008163452,-7.44823789596558));
#454=CARTESIAN_POINT('',(13.3375778198242,11.402042388916,-8.47756385803223));
#455=CARTESIAN_POINT('',(12.5209398269653,11.5530261993408,-9.46152019500732));
#456=CARTESIAN_POINT('',(11.6829719543457,11.9743213653564,-10.384614944458));
#457=CARTESIAN_POINT('',(10.2924175262451,12.3085851669312,-11.3485708236694));
#458=CARTESIAN_POINT('',(9.41310501098633,13.2976179122925,-12.0877504348755));
#459=CARTESIAN_POINT('',(7.57656908035278,12.4035272598267,-12.3412284851074));
#460=CARTESIAN_POINT('',(5.70946931838989,11.7182092666626,-12.4919929504395));
#461=CARTESIAN_POINT('',(3.8194420337677,11.2358551025391,-12.5666913986206));
#462=CARTESIAN_POINT('',(1.91413128376007,10.9506597518921,-12.5919580459595));
#463=CARTESIAN_POINT('',(0.0011772665893659,10.8568134307861,-12.5944566726685));
#464=CARTESIAN_POINT('',(13.2992649078369,9.14839935302734,-6.03259372711182));
#465=CARTESIAN_POINT('',(13.309045791626,9.79482936859131,-6.89032649993896));
#466=CARTESIAN_POINT('',(14.1116504669189,10.1717348098755,-5.80743026733398));
#467=CARTESIAN_POINT('',(12.473032951355,8.91006946563721,-7.11280918121338));
#468=CARTESIAN_POINT('',(12.4856624603271,9.6712064743042,-7.94413232803345));
#469=CARTESIAN_POINT('',(11.6283044815063,8.90166473388672,-8.15752601623535));
#470=CARTESIAN_POINT('',(11.6431131362915,9.79120254516602,-8.95419692993164));
#471=CARTESIAN_POINT('',(10.2374858856201,8.742356300354,-9.25578594207764));
#472=CARTESIAN_POINT('',(10.2526807785034,9.78065776824951,-10.0140199661255));
#473=CARTESIAN_POINT('',(9.35577297210693,9.21485614776611,-10.171368598938));
#474=CARTESIAN_POINT('',(9.37188243865967,10.4104290008545,-10.8767185211182));
#475=CARTESIAN_POINT('',(7.53292846679688,8.2559871673584,-10.4040193557739));
#476=CARTESIAN_POINT('',(7.54518938064575,9.47037220001221,-11.117075920105));
#477=CARTESIAN_POINT('',(5.67803144454956,7.52184009552002,-10.5459260940552));
#478=CARTESIAN_POINT('',(14.1050271987915,9.62612247467041,-4.93103885650635));
#479=CARTESIAN_POINT('',(5.68686771392822,8.75033664703369,-11.2623357772827));
#480=CARTESIAN_POINT('',(3.79910087585449,7.00571918487549,-10.6195411682129));
#481=CARTESIAN_POINT('',(3.8048152923584,8.24392509460449,-11.3364315032959));
#482=CARTESIAN_POINT('',(1.90414452552795,6.70091533660889,-10.6472730636597));
#483=CARTESIAN_POINT('',(1.90695059299469,7.9447283744812,-11.3633232116699));
#484=CARTESIAN_POINT('',(0.00117047887761146,6.60072040557861,-10.6515283584595));
#485=CARTESIAN_POINT('',(0.00117243581917137,7.84633684158325,-11.3669691085815));
#486=CARTESIAN_POINT('',(-1.9046094417572,7.94447469711304,-11.3633499145508));
#487=CARTESIAN_POINT('',(-1.90792071819305,9.35640239715576,-12.0134019851685));
#488=CARTESIAN_POINT('',(-3.80923843383789,9.64884948730469,-11.9873695373535));
#489=CARTESIAN_POINT('',(-3.81710815429688,11.2353925704956,-12.566746711731));
#490=CARTESIAN_POINT('',(-5.70715713500977,11.7174959182739,-12.4921207427979));
#491=CARTESIAN_POINT('',(-5.72119235992432,13.484525680542,-12.9944267272949));
#492=CARTESIAN_POINT('',(-7.59377384185791,14.1486301422119,-12.8416700363159));
#493=CARTESIAN_POINT('',(14.8917274475098,10.8120183944702,-4.708909034729));
#494=CARTESIAN_POINT('',(14.8858022689819,9.95250701904297,-2.90775465965271));
#495=CARTESIAN_POINT('',(15.6460161209106,11.3382997512817,-2.71366429328918));
#496=CARTESIAN_POINT('',(12.5014896392822,10.5479001998901,-8.72875881195068));
#497=CARTESIAN_POINT('',(11.661229133606,10.8110733032227,-9.6983060836792));
#498=CARTESIAN_POINT('',(10.2708940505981,10.9649724960327,-10.7134046554565));
#499=CARTESIAN_POINT('',(9.39091110229492,11.7668876647949,-11.5173120498657));
#500=CARTESIAN_POINT('',(7.55967473983765,10.8483390808105,-11.7646255493164));
#501=CARTESIAN_POINT('',(5.69729852676392,10.1445236206055,-11.9128427505493));
#502=CARTESIAN_POINT('',(3.81156826019287,9.64931774139404,-11.9873142242432));
#503=CARTESIAN_POINT('',(1.9102668762207,9.3566427230835,-12.013388633728));
#504=CARTESIAN_POINT('',(0.00117308634798974,9.26035785675049,-12.0164442062378));
#505=CARTESIAN_POINT('',(-1.91178262233734,10.9504289627075,-12.5919713973999));
#506=CARTESIAN_POINT('',(-3.8261890411377,13.0170125961304,-13.0691184997559));
#507=CARTESIAN_POINT('',(16.6679821014404,12.4827070236206,1.18221259117126));
#508=CARTESIAN_POINT('',(16.3754386901855,12.2924585342407,-0.710569500923157));
#509=CARTESIAN_POINT('',(16.8904228210449,13.2801122665405,0.52592146396637));
#510=CARTESIAN_POINT('',(15.6450443267822,10.6862640380859,-0.871789753437042));
#511=CARTESIAN_POINT('',(14.8832368850708,8.70253658294678,0.897298276424408));
#512=CARTESIAN_POINT('',(14.8835906982422,9.28061676025391,-1.02549958229065));
#513=CARTESIAN_POINT('',(15.4998092651367,9.83312797546387,0.988240480422974));
#514=CARTESIAN_POINT('',(14.0941667556763,8.05375289916992,-1.17096865177155));
#515=CARTESIAN_POINT('',(-9.43646717071533,15.0148448944092,-12.5830516815186));
#516=CARTESIAN_POINT('',(13.2830972671509,7.68646097183228,-3.26425671577454));
#517=CARTESIAN_POINT('',(12.4558296203613,7.68289089202881,-5.33072137832642));
#518=CARTESIAN_POINT('',(11.6072244644165,7.46137952804565,-6.42751932144165));
#519=CARTESIAN_POINT('',(10.2150888442993,7.05070066452026,-7.58413887023926));
#520=CARTESIAN_POINT('',(-7.57429265975952,12.4025583267212,-12.3414726257324));
#521=CARTESIAN_POINT('',(9.33134841918945,7.25269746780396,-8.58797073364258));
#522=CARTESIAN_POINT('',(7.51433515548706,6.26345443725586,-8.80319309234619));
#523=CARTESIAN_POINT('',(5.66463851928711,5.50671243667603,-8.93743228912354));
#524=CARTESIAN_POINT('',(3.79043650627136,4.97518253326416,-9.00975227355957));
#525=CARTESIAN_POINT('',(1.8998875617981,4.66156101226807,-9.0391731262207));
#526=CARTESIAN_POINT('',(0.00116937805432826,4.5585732460022,-9.04474258422852));
#527=CARTESIAN_POINT('',(-5.69499397277832,10.1437883377075,-11.9129705429077));
#528=CARTESIAN_POINT('',(14.0971021652222,8.7423152923584,-3.09172606468201));
#529=CARTESIAN_POINT('',(13.2919073104858,8.58990478515625,-5.13891124725342));
#530=CARTESIAN_POINT('',(12.4632110595703,8.25157928466797,-6.23993968963623));
#531=CARTESIAN_POINT('',(11.6164541244507,8.12940502166748,-7.31354904174805));
#532=CARTESIAN_POINT('',(10.2250509262085,7.83680295944214,-8.4440450668335));
#533=CARTESIAN_POINT('',(9.34234619140625,8.16675090789795,-9.406662940979));
#534=CARTESIAN_POINT('',(7.52270555496216,7.19155740737915,-9.63090133666992));
#535=CARTESIAN_POINT('',(5.6706690788269,6.44524431228638,-9.76914405822754));
#536=CARTESIAN_POINT('',(3.79433536529541,5.92079067230225,-9.84215831756592));
#537=CARTESIAN_POINT('',(1.90180289745331,5.61120319366455,-9.87072277069092));
#538=CARTESIAN_POINT('',(0.00116982986219227,5.50947570800781,-9.87561988830566));
#539=CARTESIAN_POINT('',(-1.9018087387085,6.70067167282104,-10.6472854614258));
#540=CARTESIAN_POINT('',(-3.80249404907227,8.2434253692627,-11.3364868164062));
#541=CARTESIAN_POINT('',(13.32164478302,10.5417861938477,-7.7070140838623));
#542=CARTESIAN_POINT('',(14.1204509735107,10.8027639389038,-6.6481761932373));
#543=CARTESIAN_POINT('',(-13.158670425415,6.23629283905029,0.676384627819061));
#544=CARTESIAN_POINT('',(-11.7732210159302,4.77863883972168,0.528597593307495));
#545=CARTESIAN_POINT('',(-14.4228363037109,7.95406866073608,0.833778440952301));
#546=CARTESIAN_POINT('',(-15.694676399231,10.2250690460205,1.018519282341));
#547=CARTESIAN_POINT('',(-11.584246635437,4.60569095611572,0.51022732257843));
#548=CARTESIAN_POINT('',(-10.271502494812,3.52951192855835,0.393355935811996));
#549=CARTESIAN_POINT('',(-7.48957204818726,1.79455757141113,0.201986625790596));
#550=CARTESIAN_POINT('',(-9.15453720092773,2.75097560882568,0.307816296815872));
#551=CARTESIAN_POINT('',(17.0717239379883,14.1209621429443,-0.542628467082977));
#552=CARTESIAN_POINT('',(16.3746757507324,12.9212427139282,-2.51098775863647));
#553=CARTESIAN_POINT('',(15.648530960083,12.1681280136108,-4.47431373596191));
#554=CARTESIAN_POINT('',(14.8966550827026,11.3414497375488,-5.56639957427979));
#555=CARTESIAN_POINT('',(-15.6215372085571,14.3874979019165,-0.510417401790619));
#556=CARTESIAN_POINT('',(13.0698223114014,20.352481842041,-10.445686340332));
#557=CARTESIAN_POINT('',(14.2438268661499,20.3612804412842,-9.52756404876709));
#558=CARTESIAN_POINT('',(13.3005599975586,10.8305463790894,2.34254121780396));
#559=CARTESIAN_POINT('',(13.0392513275146,20.4751567840576,2.35340595245361));
#560=CARTESIAN_POINT('',(13.0392513275146,10.6620016098022,2.44747114181519));
#561=CARTESIAN_POINT('',(14.1639156341553,20.4692726135254,1.73925304412842));
#562=CARTESIAN_POINT('',(13.7616996765137,11.2015056610107,2.1032977104187));
#563=CARTESIAN_POINT('',(14.2077531814575,11.6628150939941,1.78918564319611));
#564=CARTESIAN_POINT('',(14.6380968093872,20.4651222229004,1.30529141426086));
#565=CARTESIAN_POINT('',(14.635009765625,12.2149085998535,1.38763844966888));
#566=CARTESIAN_POINT('',(15.035059928894,12.8646841049194,0.876475811004639));
#567=CARTESIAN_POINT('',(15.0366439819336,20.4602832794189,0.800984859466553));
#568=CARTESIAN_POINT('',(15.3471508026123,13.5254220962524,0.309683829545975));
#569=CARTESIAN_POINT('',(15.5678701400757,20.4491004943848,-0.365111470222473));
#570=CARTESIAN_POINT('',(15.0218620300293,20.3704299926758,-8.57248783111572));
#571=CARTESIAN_POINT('',(14.8507966995239,20.3680248260498,-8.82309818267822));
#572=CARTESIAN_POINT('',(10.0447301864624,9.35095691680908,3.18806838989258));
#573=CARTESIAN_POINT('',(8.94396781921387,20.4837436676025,3.24926733970642));
#574=CARTESIAN_POINT('',(8.55997562408447,20.4842433929443,3.30027151107788));
#575=CARTESIAN_POINT('',(11.1973266601562,9.77092266082764,2.96491074562073));
#576=CARTESIAN_POINT('',(11.1024045944214,20.4802360534668,2.8824770450592));
#577=CARTESIAN_POINT('',(12.1695098876953,10.1994705200195,2.72374439239502));
#578=CARTESIAN_POINT('',(7.88451623916626,8.77057647705078,3.47587251663208));
#579=CARTESIAN_POINT('',(7.28909540176392,20.4850177764893,3.38134527206421));
#580=CARTESIAN_POINT('',(7.28909301757812,8.73237037658691,3.49400162696838));
#581=CARTESIAN_POINT('',(8.55997848510742,8.90507316589355,3.41126537322998));
#582=CARTESIAN_POINT('',(-7.28909301757812,8.73237228393555,3.49400162696838));
#583=CARTESIAN_POINT('',(-7.28909492492676,20.4850196838379,3.38134503364563));
#584=CARTESIAN_POINT('',(7.28909206390381,20.9802017211914,2.87658190727234));
#585=CARTESIAN_POINT('',(-7.2890944480896,20.9802017211914,2.87658190727234));
#586=CARTESIAN_POINT('',(15.9639587402344,20.4293785095215,-2.42256927490234));
#587=CARTESIAN_POINT('',(16.0602912902832,20.4183654785156,-3.57234978675842));
#588=CARTESIAN_POINT('',(16.0753326416016,20.4113464355469,-4.3032922744751));
#589=CARTESIAN_POINT('',(15.9563293457031,20.395923614502,-5.9135274887085));
#590=CARTESIAN_POINT('',(16.0349636077881,20.4023914337158,-5.23737335205078));
#591=CARTESIAN_POINT('',(15.4309597015381,20.3777542114258,-7.80898761749268));
#592=CARTESIAN_POINT('',(15.5953559875488,20.3817291259766,-7.39441156387329));
#593=CARTESIAN_POINT('',(15.8084802627563,20.388635635376,-6.67404794692993));
#594=CARTESIAN_POINT('',(-8.49643325805664,20.9794635772705,2.79954624176025));
#595=CARTESIAN_POINT('',(-8.55997562408447,20.4842414855957,3.30027174949646));
#596=CARTESIAN_POINT('',(-7.93852376937866,8.77779293060303,3.47243547439575));
#597=CARTESIAN_POINT('',(-8.55997657775879,8.90507125854492,3.41126537322998));
#598=CARTESIAN_POINT('',(-7.59703493118286,10.8768291473389,-6.95272016525269));
#599=CARTESIAN_POINT('',(-7.78847646713257,12.0801315307617,-7.60361814498901));
#600=CARTESIAN_POINT('',(-8.87365436553955,12.9084730148315,-7.47288227081299));
#601=CARTESIAN_POINT('',(-6.9109148979187,11.0255851745605,-7.39789342880249));
#602=CARTESIAN_POINT('',(-10.6124801635742,13.6834230422974,-6.54782724380493));
#603=CARTESIAN_POINT('',(-10.9302759170532,14.9067878723145,-7.0136284828186));
#604=CARTESIAN_POINT('',(-11.3060073852539,15.1344270706177,-6.74546098709106));
#605=CARTESIAN_POINT('',(-10.6931104660034,14.7580757141113,-7.15330791473389));
#606=CARTESIAN_POINT('',(-9.67742252349854,12.6130599975586,-6.69998264312744));
#607=CARTESIAN_POINT('',(-9.87228012084961,13.8264989852905,-7.31014633178711));
#608=CARTESIAN_POINT('',(-9.14310169219971,13.8677558898926,-7.79722118377686));
#609=CARTESIAN_POINT('',(-9.01503753662109,13.8005104064941,-7.83626079559326));
#610=CARTESIAN_POINT('',(-10.457615852356,12.6697673797607,-5.88438129425049));
#611=CARTESIAN_POINT('',(-11.3551645278931,13.9552621841431,-5.74103927612305));
#612=CARTESIAN_POINT('',(-11.4930210113525,14.968297958374,-6.38807201385498));
#613=CARTESIAN_POINT('',(-8.68015193939209,11.7008485794067,-6.84040546417236));
#614=CARTESIAN_POINT('',(-11.6899156570435,15.245509147644,-6.30653381347656));
#615=CARTESIAN_POINT('',(-6.91090488433838,10.2363691329956,-6.86135768890381));
#616=CARTESIAN_POINT('',(-7.62508249282837,10.240532875061,-6.42599487304688));
#617=CARTESIAN_POINT('',(-8.51794719696045,10.7087745666504,-6.14496421813965));
#618=CARTESIAN_POINT('',(-9.51743221282959,11.6100950241089,-6.0186824798584));
#619=CARTESIAN_POINT('',(-9.39716529846191,10.7735633850098,-5.25110149383545));
#620=CARTESIAN_POINT('',(-10.34312915802,11.8211908340454,-5.12570095062256));
#621=CARTESIAN_POINT('',(-9.30842876434326,10.2572784423828,-4.67980861663818));
#622=CARTESIAN_POINT('',(-10.2645263671875,11.1074447631836,-4.26091527938843));
#623=CARTESIAN_POINT('',(-9.71733570098877,10.264087677002,-3.96868300437927));
#624=CARTESIAN_POINT('',(-10.0758504867554,10.2717819213867,-3.16681385040283));
#625=CARTESIAN_POINT('',(-11.2557525634766,13.1050462722778,-4.99006223678589));
#626=CARTESIAN_POINT('',(-11.5627689361572,15.2446699142456,-6.49092102050781));
#627=CARTESIAN_POINT('',(-7.2890944480896,20.9466533660889,-0.623256981372833));
#628=CARTESIAN_POINT('',(-6.91090488433838,10.2971439361572,-0.521174609661102));
#629=CARTESIAN_POINT('',(-7.28909254074097,10.2971477508545,-0.521174669265747));
#630=CARTESIAN_POINT('',(-6.91090679168701,20.9466495513916,-0.623256981372833));
#631=CARTESIAN_POINT('',(-10.0667448043823,10.2935905456543,-0.890989482402802));
#632=CARTESIAN_POINT('',(-8.82743358612061,10.2510652542114,-5.32732343673706));
#633=CARTESIAN_POINT('',(-9.14314937591553,10.295166015625,-0.726592540740967));
#634=CARTESIAN_POINT('',(-8.27013397216797,10.2455015182495,-5.90787553787231));
#635=CARTESIAN_POINT('',(-8.05162239074707,10.2966680526733,-0.569824576377869));
#636=CARTESIAN_POINT('',(-10.4006223678589,10.2807121276855,-2.23577260971069));
#637=CARTESIAN_POINT('',(-10.7265567779541,10.2922067642212,-1.03531551361084));
#638=CARTESIAN_POINT('',(-11.0611515045166,10.8285427093506,-1.12620186805725));
#639=CARTESIAN_POINT('',(-11.8929290771484,12.6897315979004,-2.16425275802612));
#640=CARTESIAN_POINT('',(-11.709156036377,12.0209550857544,-1.33810651302338));
#641=CARTESIAN_POINT('',(-11.1187934875488,11.2753238677979,-2.09148979187012));
#642=CARTESIAN_POINT('',(-11.144965171814,11.7873306274414,-3.15998697280884));
#643=CARTESIAN_POINT('',(-10.214259147644,10.5043029785156,-3.28736329078674));
#644=CARTESIAN_POINT('',(-11.1881885528564,12.3899774551392,-4.12898921966553));
#645=CARTESIAN_POINT('',(-12.0435333251953,14.5457611083984,-4.90872430801392));
#646=CARTESIAN_POINT('',(-13.0698251724243,20.3524761199951,-10.445686340332));
#647=CARTESIAN_POINT('',(-15.0855207443237,20.9478225708008,-0.501594603061676));
#648=CARTESIAN_POINT('',(-15.0366287231445,20.4602851867676,0.800984799861908));
#649=CARTESIAN_POINT('',(-14.6206941604614,20.9575901031494,0.518730521202087));
#650=CARTESIAN_POINT('',(-15.5678615570068,20.4491004943848,-0.365096598863602));
#651=CARTESIAN_POINT('',(-15.4121208190918,13.6935033798218,0.157310649752617));
#652=CARTESIAN_POINT('',(-15.1278657913208,13.0420951843262,0.729139506816864));
#653=CARTESIAN_POINT('',(-15.5678606033325,14.1809968948364,-0.305012851953506));
#654=CARTESIAN_POINT('',(-14.7717695236206,12.4197082519531,1.23118782043457));
#655=CARTESIAN_POINT('',(-14.6380863189697,20.4651145935059,1.30529141426086));
#656=CARTESIAN_POINT('',(-14.1639013290405,20.4692687988281,1.73925304412842));
#657=CARTESIAN_POINT('',(-13.0392436981201,20.4751586914062,2.35340595245361));
#658=CARTESIAN_POINT('',(-13.5300645828247,11.0027379989624,2.23294162750244));
#659=CARTESIAN_POINT('',(-13.0392436981201,10.6620035171509,2.44747114181519));
#660=CARTESIAN_POINT('',(-13.9677991867065,11.4011898040771,1.9696364402771));
#661=CARTESIAN_POINT('',(-14.370304107666,11.8588733673096,1.64988148212433));
#662=CARTESIAN_POINT('',(-14.9822378158569,20.3698463439941,-8.63326740264893));
#663=CARTESIAN_POINT('',(-14.813720703125,20.3675365447998,-8.87368583679199));
#664=CARTESIAN_POINT('',(-14.1381988525391,20.3603076934814,-9.62885761260986));
#665=CARTESIAN_POINT('',(-15.5453338623047,20.3804264068604,-7.53015470504761));
#666=CARTESIAN_POINT('',(-15.3787212371826,20.3766441345215,-7.92427253723145));
#667=CARTESIAN_POINT('',(-15.911979675293,20.3933410644531,-6.18176603317261));
#668=CARTESIAN_POINT('',(-13.8570585250854,20.9654636383057,1.33970201015472));
#669=CARTESIAN_POINT('',(11.6399593353271,20.8505001068115,-10.6538553237915));
#670=CARTESIAN_POINT('',(10.5035848617554,20.3411827087402,-11.6234493255615));
#671=CARTESIAN_POINT('',(10.1967992782593,20.8452739715576,-11.1998090744019));
#672=CARTESIAN_POINT('',(12.1907167434692,20.3477554321289,-10.9379835128784));
#673=CARTESIAN_POINT('',(12.8023700714111,20.8564968109131,-10.0280351638794));
#674=CARTESIAN_POINT('',(-11.535719871521,20.3448867797852,-11.2378702163696));
#675=CARTESIAN_POINT('',(-12.8023729324341,20.8564968109131,-10.0280351638794));
#676=CARTESIAN_POINT('',(-15.3380432128906,20.9370002746582,-1.62988841533661));
#677=CARTESIAN_POINT('',(-15.9560661315918,20.4299945831299,-2.35848236083984));
#678=CARTESIAN_POINT('',(-15.5464553833008,20.9207935333252,-3.32080936431885));
#679=CARTESIAN_POINT('',(-16.0442485809326,20.4211311340332,-3.28405523300171));
#680=CARTESIAN_POINT('',(-16.0739631652832,20.4101161956787,-4.43242025375366));
#681=CARTESIAN_POINT('',(-15.5541477203369,20.9052314758301,-4.94487190246582));
#682=CARTESIAN_POINT('',(-16.0540637969971,20.4049682617188,-4.96977615356445));
#683=CARTESIAN_POINT('',(-15.3740224838257,20.8919048309326,-6.33495235443115));
#684=CARTESIAN_POINT('',(-15.3065700531006,20.8890953063965,-6.62752342224121));
#685=CARTESIAN_POINT('',(-14.9246644973755,20.87864112854,-7.71762704849243));
#686=CARTESIAN_POINT('',(-14.4140672683716,20.8703804016113,-8.58076763153076));
#687=CARTESIAN_POINT('',(-13.7588777542114,20.8634586334229,-9.30251693725586));
#688=CARTESIAN_POINT('',(-12.8729810714722,20.9706153869629,1.8770877122879));
#689=CARTESIAN_POINT('',(3.08679103851318,20.3314323425293,-12.6405267715454));
#690=CARTESIAN_POINT('',(6.12592458724976,20.3330116271973,-12.4758014678955));
#691=CARTESIAN_POINT('',(-5.35523128509521,20.3323974609375,-12.5393667221069));
#692=CARTESIAN_POINT('',(-4.18747091293335,20.3317775726318,-12.604944229126));
#693=CARTESIAN_POINT('',(-1.58327114582062,20.3312397003174,-12.6611490249634));
#694=CARTESIAN_POINT('',(-9.81100273132324,20.3391819000244,-11.8327722549438));
#695=CARTESIAN_POINT('',(-8.80275821685791,20.3368186950684,-12.0785255432129));
#696=CARTESIAN_POINT('',(-7.74944686889648,20.3349628448486,-12.2731847763062));
#697=CARTESIAN_POINT('',(-6.74214506149292,20.3336296081543,-12.4109697341919));
#698=CARTESIAN_POINT('',(-10.7700719833374,20.3420581817627,-11.5328998565674));
#699=CARTESIAN_POINT('',(8.49925899505615,20.3362350463867,-12.1405563354492));
#700=CARTESIAN_POINT('',(-11.9400482177734,14.9442310333252,-5.59708976745605));
#701=CARTESIAN_POINT('',(-8.05084228515625,13.3200130462646,-8.08127498626709));
#702=CARTESIAN_POINT('',(-6.91091251373291,11.8777656555176,-7.86432361602783));
#703=CARTESIAN_POINT('',(10.0313062667847,10.2707204818726,-3.27777767181396));
#704=CARTESIAN_POINT('',(10.3415470123291,11.1987218856812,-4.24387836456299));
#705=CARTESIAN_POINT('',(9.65216827392578,10.2628870010376,-4.09460687637329));
#706=CARTESIAN_POINT('',(10.291937828064,10.597354888916,-3.27241468429565));
#707=CARTESIAN_POINT('',(10.3797750473022,10.2800579071045,-2.30276489257812));
#708=CARTESIAN_POINT('',(12.0386009216309,14.5767984390259,-4.96023941040039));
#709=CARTESIAN_POINT('',(11.945182800293,14.93115234375,-5.57327032089233));
#710=CARTESIAN_POINT('',(11.3906688690186,14.0039510726929,-5.7262167930603));
#711=CARTESIAN_POINT('',(12.0457143783569,14.5311145782471,-4.88450241088867));
#712=CARTESIAN_POINT('',(11.292760848999,13.1577730178833,-4.97617244720459));
#713=CARTESIAN_POINT('',(11.2262344360352,12.4457740783691,-4.11641025543213));
#714=CARTESIAN_POINT('',(11.5265998840332,15.0116596221924,-6.37240839004517));
#715=CARTESIAN_POINT('',(10.6850910186768,13.7651529312134,-6.52585554122925));
#716=CARTESIAN_POINT('',(7.91598653793335,12.1499252319336,-7.57987785339355));
#717=CARTESIAN_POINT('',(7.72463989257812,10.9529132843018,-6.93194627761841));
#718=CARTESIAN_POINT('',(8.84709644317627,11.827353477478,-6.8088641166687));
#719=CARTESIAN_POINT('',(7.08910179138184,10.9649972915649,-7.2795729637146));
#720=CARTESIAN_POINT('',(7.08909177780151,20.9466533660889,-0.623256981372833));
#721=CARTESIAN_POINT('',(7.08909368515015,10.2373065948486,-6.76393795013428));
#722=CARTESIAN_POINT('',(7.08909463882446,11.8150806427002,-7.76578760147095));
#723=CARTESIAN_POINT('',(7.08909177780151,20.8727531433105,-8.3328685760498));
#724=CARTESIAN_POINT('',(7.0890941619873,12.892578125,-8.25637340545654));
#725=CARTESIAN_POINT('',(7.08909368515015,10.2971477508545,-0.521174669265747));
#726=CARTESIAN_POINT('',(9.51640224456787,10.8863143920898,-5.22790765762329));
#727=CARTESIAN_POINT('',(7.28909349441528,10.2971458435059,-0.521174609661102));
#728=CARTESIAN_POINT('',(7.9064564704895,20.8741779327393,-8.18451881408691));
#729=CARTESIAN_POINT('',(8.67776012420654,13.6271772384644,-7.93132638931274));
#730=CARTESIAN_POINT('',(9.14800453186035,13.870343208313,-7.79569673538208));
#731=CARTESIAN_POINT('',(8.0798511505127,13.333758354187,-8.07502937316895));
#732=CARTESIAN_POINT('',(7.65677213668823,13.1381816864014,-8.1602258682251));
#733=CARTESIAN_POINT('',(9.56963348388672,14.0974855422974,-7.65405607223511));
#734=CARTESIAN_POINT('',(9.62821578979492,20.8788414001465,-7.69739246368408));
#735=CARTESIAN_POINT('',(9.62795257568359,14.1296892166138,-7.63280200958252));
#736=CARTESIAN_POINT('',(10.0523843765259,14.3706846237183,-7.46441125869751));
#737=CARTESIAN_POINT('',(10.2936706542969,14.5132961273193,-7.35651779174805));
#738=CARTESIAN_POINT('',(10.9302787780762,20.8848400115967,-7.07093143463135));
#739=CARTESIAN_POINT('',(10.930272102356,14.9068012237549,-7.0136284828186));
#740=CARTESIAN_POINT('',(7.28909206390381,20.9466533660889,-0.623256981372833));
#741=CARTESIAN_POINT('',(11.3220281600952,15.1433296203613,-6.7321195602417));
#742=CARTESIAN_POINT('',(7.88077878952026,10.2423496246338,-6.23711681365967));
#743=CARTESIAN_POINT('',(8.48409080505371,10.2474727630615,-5.70218944549561));
#744=CARTESIAN_POINT('',(8.68640804290771,10.8388051986694,-6.11610889434814));
#745=CARTESIAN_POINT('',(8.76201629638672,10.2503423690796,-5.40355396270752));
#746=CARTESIAN_POINT('',(12.0233287811279,13.3798837661743,-3.11451268196106));
#747=CARTESIAN_POINT('',(11.1836519241333,11.84547996521,-3.14936804771423));
#748=CARTESIAN_POINT('',(11.1578283309937,11.3352937698364,-2.08358526229858));
#749=CARTESIAN_POINT('',(12.0755558013916,14.0805015563965,-4.16435766220093));
#750=CARTESIAN_POINT('',(12.0240707397461,13.3852863311768,-3.1222984790802));
#751=CARTESIAN_POINT('',(11.7034378051758,15.2416248321533,-6.28274297714233));
#752=CARTESIAN_POINT('',(11.5472812652588,15.2410287857056,-6.50967741012573));
#753=CARTESIAN_POINT('',(11.8213481903076,15.1551866531372,-6.01842021942139));
#754=CARTESIAN_POINT('',(11.8244066238403,15.1515302658081,-6.00993537902832));
#755=CARTESIAN_POINT('',(11.532585144043,15.2370891571045,-6.52695608139038));
#756=CARTESIAN_POINT('',(9.98843097686768,13.9279718399048,-7.27863311767578));
#757=CARTESIAN_POINT('',(9.03966617584229,13.0289649963379,-7.43757200241089));
#758=CARTESIAN_POINT('',(9.23331737518311,10.2562046051025,-4.79245615005493));
#759=CARTESIAN_POINT('',(11.5333366394043,20.8895568847656,-6.58025884628296));
#760=CARTESIAN_POINT('',(11.821216583252,20.8944053649902,-6.07383632659912));
#761=CARTESIAN_POINT('',(3.93909358978271,20.4966716766357,-0.618943572044373));
#762=CARTESIAN_POINT('',(4.38909292221069,20.9509677886963,-0.173277467489243));
#763=CARTESIAN_POINT('',(3.93909358978271,20.4291553497314,-7.66253280639648));
#764=CARTESIAN_POINT('',(1.93909251689911,20.9509696960449,-0.173277482390404));
#765=CARTESIAN_POINT('',(2.3890917301178,20.4966735839844,-0.618943572044373));
#766=CARTESIAN_POINT('',(3.93909502029419,10.2971477508545,-0.521174669265747));
#767=CARTESIAN_POINT('',(2.38909339904785,10.2971343994141,-0.521174550056458));
#768=CARTESIAN_POINT('',(3.93909502029419,10.2296304702759,-7.56476402282715));
#769=CARTESIAN_POINT('',(2.38909339904785,10.2292232513428,-7.60582971572876));
#770=CARTESIAN_POINT('',(-3.56090784072876,20.8746204376221,-8.13734340667725));
#771=CARTESIAN_POINT('',(-3.11090493202209,20.4966659545898,-0.618943512439728));
#772=CARTESIAN_POINT('',(-3.11090493202209,20.4288902282715,-7.68950319290161));
#773=CARTESIAN_POINT('',(-3.56090784072876,20.9509620666504,-0.173277422785759));
#774=CARTESIAN_POINT('',(-3.11090707778931,10.2971420288086,-0.521174609661102));
#775=CARTESIAN_POINT('',(4.38909292221069,20.8749370574951,-8.10505485534668));
#776=CARTESIAN_POINT('',(-3.11090707778931,10.2293672561646,-7.59173393249512));
#777=CARTESIAN_POINT('',(-1.56090712547302,20.428674697876,-7.71191310882568));
#778=CARTESIAN_POINT('',(-1.11090791225433,20.8742809295654,-8.17276287078857));
#779=CARTESIAN_POINT('',(-1.11090791225433,20.9509601593018,-0.173277407884598));
#780=CARTESIAN_POINT('',(2.3890917301178,20.4287624359131,-7.7035984992981));
#781=CARTESIAN_POINT('',(1.9390926361084,20.8743152618408,-8.16997623443604));
#782=CARTESIAN_POINT('',(12.0455026626587,20.9052028656006,-4.94795656204224));
#783=CARTESIAN_POINT('',(12.0233364105225,20.9220695495605,-3.18689870834351));
#784=CARTESIAN_POINT('',(11.7091627120972,20.9389762878418,-1.42359125614166));
#785=CARTESIAN_POINT('',(11.8987684249878,12.7147483825684,-2.19711256027222));
#786=CARTESIAN_POINT('',(11.7091646194458,12.0209712982178,-1.33810663223267));
#787=CARTESIAN_POINT('',(10.0667514801025,20.9431037902832,-0.993071794509888));
#788=CARTESIAN_POINT('',(8.05162334442139,10.2966775894165,-0.569824695587158));
#789=CARTESIAN_POINT('',(8.05162143707275,20.9461841583252,-0.671907007694244));
#790=CARTESIAN_POINT('',(10.0667495727539,10.2935972213745,-0.890989542007446));
#791=CARTESIAN_POINT('',(10.7265615463257,10.2922143936157,-1.03531551361084));
#792=CARTESIAN_POINT('',(10.9996309280396,20.9410629272461,-1.20661056041718));
#793=CARTESIAN_POINT('',(11.3659181594849,11.3622388839722,-1.21913421154022));
#794=CARTESIAN_POINT('',(-6.91090536117554,12.8195676803589,-8.28273487091064));
#795=CARTESIAN_POINT('',(10.4190616607666,11.9102611541748,-5.10713768005371));
#796=CARTESIAN_POINT('',(-10.066746711731,20.9431133270264,-0.993071913719177));
#797=CARTESIAN_POINT('',(-11.7091569900513,20.9389743804932,-1.42359125614166));
#798=CARTESIAN_POINT('',(-8.0516242980957,20.9461898803711,-0.671907007694244));
#799=CARTESIAN_POINT('',(-12.0204849243164,20.9223556518555,-3.15784287452698));
#800=CARTESIAN_POINT('',(-12.0203971862793,13.3590145111084,-3.08447909355164));
#801=CARTESIAN_POINT('',(-12.0565395355225,20.9065418243408,-4.80838346481323));
#802=CARTESIAN_POINT('',(-12.0568761825562,14.4438953399658,-4.74153232574463));
#803=CARTESIAN_POINT('',(-12.0746698379517,13.9959001541138,-4.03342390060425));
#804=CARTESIAN_POINT('',(-9.14315128326416,20.9446887969971,-0.828674972057343));
#805=CARTESIAN_POINT('',(-12.0273494720459,13.4093923568726,-3.15711665153503));
#806=CARTESIAN_POINT('',(-11.8473224639893,20.8951244354248,-5.99833583831787));
#807=CARTESIAN_POINT('',(-11.8491859436035,15.1188144683838,-5.93725872039795));
#808=CARTESIAN_POINT('',(-10.9302730560303,20.8848419189453,-7.07093143463135));
#809=CARTESIAN_POINT('',(-11.528037071228,15.2357997894287,-6.53220367431641));
#810=CARTESIAN_POINT('',(-11.5629005432129,20.8898944854736,-6.54489994049072));
#811=CARTESIAN_POINT('',(-11.8137321472168,15.1640024185181,-6.03921794891357));
#812=CARTESIAN_POINT('',(-9.01517105102539,20.8768615722656,-7.90407705307007));
#813=CARTESIAN_POINT('',(-10.0023603439331,14.3416404724121,-7.48560619354248));
#814=CARTESIAN_POINT('',(-10.4684610366821,20.8823394775391,-7.33182382583618));
#815=CARTESIAN_POINT('',(10.5320224761963,12.7558507919312,-5.86434412002563));
#816=CARTESIAN_POINT('',(9.63553142547607,11.7208433151245,-5.99357604980469));
#817=CARTESIAN_POINT('',(9.79434871673584,12.7204074859619,-6.67217588424683));
#818=CARTESIAN_POINT('',(7.24202299118042,10.2381601333618,-6.67472887039185));
#819=CARTESIAN_POINT('',(-6.91090679168701,20.8724899291992,-8.3599271774292));
#820=CARTESIAN_POINT('',(8.35160541534424,20.8408126831055,-11.665150642395));
#821=CARTESIAN_POINT('',(6.25574922561646,20.8379344940186,-11.9656190872192));
#822=CARTESIAN_POINT('',(5.36693954467773,4.64865970611572,3.36253547668457));
#823=CARTESIAN_POINT('',(5.3649377822876,5.66281270980835,3.89680600166321));
#824=CARTESIAN_POINT('',(3.60737419128418,4.22996664047241,3.3974552154541));
#825=CARTESIAN_POINT('',(7.06460952758789,6.23234844207764,3.83440661430359));
#826=CARTESIAN_POINT('',(7.07421207427979,5.2420220375061,3.31942892074585));
#827=CARTESIAN_POINT('',(8.68861484527588,6.97242641448975,3.76250433921814));
#828=CARTESIAN_POINT('',(8.71175575256348,6.01423501968384,3.27143454551697));
#829=CARTESIAN_POINT('',(-14.4788599014282,10.5819616317749,2.4964907169342));
#830=CARTESIAN_POINT('',(-14.0178298950195,9.58760452270508,2.38470649719238));
#831=CARTESIAN_POINT('',(-13.6217088699341,9.92798328399658,2.87812209129333));
#832=CARTESIAN_POINT('',(-14.3369493484497,8.86984539031982,1.62610852718353));
#833=CARTESIAN_POINT('',(-13.3473854064941,8.55924224853516,2.35352420806885));
#834=CARTESIAN_POINT('',(-13.6218395233154,7.78117513656616,1.56032121181488));
#835=CARTESIAN_POINT('',(-12.651554107666,7.66790437698364,2.32996964454651));
#836=CARTESIAN_POINT('',(-12.8830242156982,6.83202648162842,1.50151169300079));
#837=CARTESIAN_POINT('',(-11.9313402175903,6.89300775527954,2.31273484230042));
#838=CARTESIAN_POINT('',(3.60851764678955,5.26032257080078,3.94598078727722));
#839=CARTESIAN_POINT('',(-12.1223211288452,6.0023365020752,1.44903767108917));
#840=CARTESIAN_POINT('',(-11.3415594100952,5.27210140228271,1.40225672721863));
#841=CARTESIAN_POINT('',(-11.1877517700195,6.21393871307373,2.30060195922852));
#842=CARTESIAN_POINT('',(-10.4217872619629,5.61011409759521,2.29227805137634));
#843=CARTESIAN_POINT('',(-10.5425710678101,4.62127304077148,1.36058592796326));
#844=CARTESIAN_POINT('',(-9.57541656494141,5.02446413040161,2.28626847267151));
#845=CARTESIAN_POINT('',(-9.66609859466553,3.9903404712677,1.32084047794342));
#846=CARTESIAN_POINT('',(-8.76708126068115,4.53204917907715,2.28285217285156));
#847=CARTESIAN_POINT('',(-8.83461570739746,3.46060061454773,1.28818690776825));
#848=CARTESIAN_POINT('',(-7.09882926940918,3.69723463058472,2.2810640335083));
#849=CARTESIAN_POINT('',(-7.13241386413574,2.56429195404053,1.23474216461182));
#850=CARTESIAN_POINT('',(-5.37365627288818,3.05770325660706,2.28394556045532));
#851=CARTESIAN_POINT('',(-5.38691711425781,1.87959098815918,1.19581019878387));
#852=CARTESIAN_POINT('',(-3.60579323768616,2.60787916183472,2.28903222084045));
#853=CARTESIAN_POINT('',(-3.60895681381226,1.39939653873444,1.16987919807434));
#854=CARTESIAN_POINT('',(1.81294393539429,3.98177695274353,3.42083096504211));
#855=CARTESIAN_POINT('',(1.81425774097443,5.02135181427002,3.97820901870728));
#856=CARTESIAN_POINT('',(0.00107312633190304,3.89991164207458,3.4293794631958));
#857=CARTESIAN_POINT('',(12.6549043655396,7.67183446884155,2.33005118370056));
#858=CARTESIAN_POINT('',(12.4466590881348,8.91051387786865,3.15750932693481));
#859=CARTESIAN_POINT('',(11.9348049163818,6.89642715454102,2.31280636787415));
#860=CARTESIAN_POINT('',(13.5978841781616,9.91104412078857,2.88756847381592));
#861=CARTESIAN_POINT('',(13.3506155014038,8.56375789642334,2.35365962982178));
#862=CARTESIAN_POINT('',(14.0209360122681,9.59282875061035,2.38486504554749));
#863=CARTESIAN_POINT('',(13.6252822875977,7.78597450256348,1.56061792373657));
#864=CARTESIAN_POINT('',(14.3402729034424,8.87534999847412,1.6264283657074));
#865=CARTESIAN_POINT('',(0.00106976868119091,1.02391290664673,1.15096175670624));
#866=CARTESIAN_POINT('',(-1.80935263633728,1.11654770374298,1.15543854236603));
#867=CARTESIAN_POINT('',(-8.70987129211426,6.01321458816528,3.27148866653442));
#868=CARTESIAN_POINT('',(-7.73886585235596,7.23802995681763,4.12845134735107));
#869=CARTESIAN_POINT('',(-8.6738166809082,7.53152656555176,4.01452970504761));
#870=CARTESIAN_POINT('',(-7.0626425743103,6.23158168792725,3.8344886302948));
#871=CARTESIAN_POINT('',(-7.07223320007324,5.24121761322021,3.31948161125183));
#872=CARTESIAN_POINT('',(-5.36289167404175,5.66224718093872,3.8968710899353));
#873=CARTESIAN_POINT('',(-5.36488723754883,4.64805507659912,3.36258578300476));
#874=CARTESIAN_POINT('',(-3.60641670227051,5.25994873046875,3.94602918624878));
#875=CARTESIAN_POINT('',(-3.60527276992798,4.22957229614258,3.39748907089233));
#876=CARTESIAN_POINT('',(-1.81212162971497,5.02116918563843,3.9782407283783));
#877=CARTESIAN_POINT('',(-1.81080901622772,3.98158550262451,3.42086267471313));
#878=CARTESIAN_POINT('',(0.00107149675022811,4.94241857528687,3.98979949951172));
#879=CARTESIAN_POINT('',(-1.80947375297546,2.34214401245117,2.29388952255249));
#880=CARTESIAN_POINT('',(0.00107027858030051,2.2548770904541,2.29605221748352));
#881=CARTESIAN_POINT('',(-15.6887302398682,11.5458555221558,1.7810378074646));
#882=CARTESIAN_POINT('',(-15.3375988006592,11.3101100921631,2.03102588653564));
#883=CARTESIAN_POINT('',(-16.381010055542,12.2334728240967,1.37363159656525));
#884=CARTESIAN_POINT('',(-15.0265245437622,10.1180562973022,1.69945669174194));
#885=CARTESIAN_POINT('',(7.13445329666138,2.56522107124329,1.23479282855988));
#886=CARTESIAN_POINT('',(5.38900136947632,1.88028228282928,1.19584822654724));
#887=CARTESIAN_POINT('',(10.5463895797729,4.62418651580811,1.36076664924622));
#888=CARTESIAN_POINT('',(9.66804504394531,3.99165964126587,1.3209171295166));
#889=CARTESIAN_POINT('',(11.3452959060669,5.27534866333008,1.40247905254364));
#890=CARTESIAN_POINT('',(12.1259670257568,6.00601768493652,1.44927072525024));
#891=CARTESIAN_POINT('',(1.81160807609558,2.3423445224762,2.29388737678528));
#892=CARTESIAN_POINT('',(1.81148707866669,1.11676526069641,1.15545129776001));
#893=CARTESIAN_POINT('',(3.60790085792542,2.60830950737,2.28902816772461));
#894=CARTESIAN_POINT('',(3.61107420921326,1.39984524250031,1.1699047088623));
#895=CARTESIAN_POINT('',(5.37572193145752,3.05834650993347,2.28393936157227));
#896=CARTESIAN_POINT('',(7.10083770751953,3.69810438156128,2.28107047080994));
#897=CARTESIAN_POINT('',(8.76901531219482,4.53315734863281,2.28287148475647));
#898=CARTESIAN_POINT('',(8.83659648895264,3.46179151535034,1.28826487064362));
#899=CARTESIAN_POINT('',(9.57730388641357,5.02567958831787,2.28628659248352));
#900=CARTESIAN_POINT('',(10.425461769104,5.61281681060791,2.29229688644409));
#901=CARTESIAN_POINT('',(11.1913175582886,6.216965675354,2.30064749717712));
#902=CARTESIAN_POINT('',(12.886568069458,6.83621406555176,1.50176954269409));
#903=CARTESIAN_POINT('',(11.7640829086304,8.19270133972168,3.17464232444763));
#904=CARTESIAN_POINT('',(11.0549192428589,7.56595134735107,3.19607353210449));
#905=CARTESIAN_POINT('',(8.17819213867188,7.37164115905762,4.07744312286377));
#906=CARTESIAN_POINT('',(-6.16024017333984,6.82151460647583,4.2802848815918));
#907=CARTESIAN_POINT('',(-5.36155700683594,6.64766502380371,4.34063529968262));
#908=CARTESIAN_POINT('',(1.40832626819611,7.01087856292725,4.21249961853027));
#909=CARTESIAN_POINT('',(-11.1691055297852,9.7596321105957,2.9710841178894));
#910=CARTESIAN_POINT('',(-11.7505702972412,8.79563140869141,3.46426224708557));
#911=CARTESIAN_POINT('',(-11.7073984146118,8.77377033233643,3.47473907470703));
#912=CARTESIAN_POINT('',(-12.6864624023438,9.3139533996582,3.20713973045349));
#913=CARTESIAN_POINT('',(-11.5059080123901,9.89826107025146,2.89467978477478));
#914=CARTESIAN_POINT('',(-12.8324384689331,9.4030590057373,3.16107320785522));
#915=CARTESIAN_POINT('',(-10.8480968475342,9.63516902923584,3.03845620155334));
#916=CARTESIAN_POINT('',(-10.9912633895874,8.43161678314209,3.63325142860413));
#917=CARTESIAN_POINT('',(-10.9038019180298,8.39437389373779,3.65177369117737));
#918=CARTESIAN_POINT('',(-10.0915050506592,9.36657428741455,3.18000555038452));
#919=CARTESIAN_POINT('',(-10.701078414917,8.30921936035156,3.69313812255859));
#920=CARTESIAN_POINT('',(-10.2534036636353,8.10466194152832,3.76807308197021));
#921=CARTESIAN_POINT('',(-9.27199363708496,7.74090480804443,3.93166542053223));
#922=CARTESIAN_POINT('',(10.7410564422607,8.3261775970459,3.68527102470398));
#923=CARTESIAN_POINT('',(10.9094276428223,8.39673233032227,3.65058875083923));
#924=CARTESIAN_POINT('',(9.58438873291016,7.85681343078613,3.88474607467651));
#925=CARTESIAN_POINT('',(8.67598152160645,7.53225755691528,4.01423978805542));
#926=CARTESIAN_POINT('',(12.7298240661621,9.34017467498779,3.19364070892334));
#927=CARTESIAN_POINT('',(11.7597875595093,8.80032444000244,3.46201157569885));
#928=CARTESIAN_POINT('',(-7.05567646026611,7.04559564590454,4.19982814788818));
#929=CARTESIAN_POINT('',(-16.5722026824951,12.4000816345215,1.24636721611023));
#930=CARTESIAN_POINT('',(-12.1335296630859,10.1820831298828,2.73379111289978));
#931=CARTESIAN_POINT('',(1.85959374904633,6.16873693466187,4.49767160415649));
#932=CARTESIAN_POINT('',(3.48710775375366,6.33416604995728,4.44494295120239));
#933=CARTESIAN_POINT('',(0.236112743616104,6.10356855392456,4.51807117462158));
#934=CARTESIAN_POINT('',(-1.36698007583618,6.13831663131714,4.50718784332275));
#935=CARTESIAN_POINT('',(-2.9611828327179,6.26985645294189,4.46564722061157));
#936=CARTESIAN_POINT('',(-4.56217527389526,6.49784278869629,4.39120292663574));
#937=CARTESIAN_POINT('',(6.67689609527588,6.94697856903076,4.23559856414795));
#938=CARTESIAN_POINT('',(5.10102319717407,6.59618043899536,4.35814619064331));
#939=CARTESIAN_POINT('',(11.71067237854,8.77542018890381,3.47394847869873));
#940=CARTESIAN_POINT('',(-9.49710559844971,6.46758842468262,3.2467029094696));
#941=CARTESIAN_POINT('',(9.49894142150879,6.4687180519104,3.24663233757019));
#942=CARTESIAN_POINT('',(10.3194513320923,7.00969457626343,3.21998810768127));
#943=CARTESIAN_POINT('',(-10.3159151077271,7.00719833374023,3.22010159492493));
#944=CARTESIAN_POINT('',(10.9950504302979,8.43326377868652,3.63246083259583));
#945=CARTESIAN_POINT('',(14.452657699585,10.5607557296753,2.50939035415649));
#946=CARTESIAN_POINT('',(14.5968828201294,10.6783628463745,2.43738985061646));
#947=CARTESIAN_POINT('',(15.365195274353,11.3343315124512,2.01477408409119));
#948=CARTESIAN_POINT('',(15.6871118545532,11.6188192367554,1.81996238231659));
#949=CARTESIAN_POINT('',(16.3809604644775,12.2334203720093,1.37366187572479));
#950=CARTESIAN_POINT('',(-12.4434986114502,8.90686893463135,3.15757393836975));
#951=CARTESIAN_POINT('',(-11.7607898712158,8.18954658508301,3.17473220825195));
#952=CARTESIAN_POINT('',(-11.0515031814575,7.56317377090454,3.19617486000061));
#953=CARTESIAN_POINT('',(15.0297164916992,10.1243619918823,1.69982838630676));
#954=CARTESIAN_POINT('',(-6.68422889709473,20.8383712768555,-11.919412612915));
#955=CARTESIAN_POINT('',(-8.69861316680908,20.841480255127,-11.5944776535034));
#956=CARTESIAN_POINT('',(-4.16651153564453,20.8365516662598,-12.1100339889526));
#957=CARTESIAN_POINT('',(-0.554696321487427,20.8359813690186,-12.1695623397827));
#958=CARTESIAN_POINT('',(-11.9854402542114,20.8520812988281,-10.4893093109131));
#959=CARTESIAN_POINT('',(-10.6049013137817,20.846565246582,-11.0643186569214));
#960=CARTESIAN_POINT('',(13.7270526885986,20.8631763458252,-9.33137798309326));
#961=CARTESIAN_POINT('',(3.7691912651062,20.8363990783691,-12.1255016326904));
#962=CARTESIAN_POINT('',(15.3229417800903,20.889741897583,-6.56105184555054));
#963=CARTESIAN_POINT('',(15.5359392166138,20.9027690887451,-5.20065355300903));
#964=CARTESIAN_POINT('',(14.9726085662842,20.8796577453613,-7.61238527297974));
#965=CARTESIAN_POINT('',(14.4473743438721,20.870813369751,-8.53472518920898));
#966=CARTESIAN_POINT('',(-8.96120071411133,20.9788646697998,2.73729228973389));
#967=CARTESIAN_POINT('',(-11.277491569519,20.9749450683594,2.32770776748657));
#968=CARTESIAN_POINT('',(15.5619277954102,20.9181232452393,-3.59967184066772));
#969=CARTESIAN_POINT('',(15.4054298400879,20.9331169128418,-2.03573274612427));
#970=CARTESIAN_POINT('',(15.0855340957642,20.9478149414062,-0.50160938501358));
#971=CARTESIAN_POINT('',(8.49643135070801,20.9794616699219,2.79954624176025));
#972=CARTESIAN_POINT('',(10.8314275741577,20.9758586883545,2.4229519367218));
#973=CARTESIAN_POINT('',(12.4688243865967,20.9719123840332,2.01156449317932));
#974=CARTESIAN_POINT('',(12.872989654541,20.9706134796143,1.87708783149719));
#975=CARTESIAN_POINT('',(14.6207113265991,20.957592010498,0.518715620040894));
#976=CARTESIAN_POINT('',(13.8570709228516,20.9654750823975,1.33970189094543));
#977=CARTESIAN_POINT('',(10.2743730545044,7.92500019073486,3.68179988861084));
#978=CARTESIAN_POINT('',(15.6917905807495,11.5530757904053,1.78143060207367));
#979=CARTESIAN_POINT('',(-10.8460111618042,20.4807300567627,2.93489718437195));
#980=CARTESIAN_POINT('',(-11.3871717453003,20.4796371459961,2.82043147087097));
#981=CARTESIAN_POINT('',(-11.9475040435791,20.4783325195312,2.68473291397095));
#982=CARTESIAN_POINT('',(-10.2708959579468,7.92261505126953,3.68198657035828));
#983=POLY_LOOP('',(#14,#15,#16));
#984=FACE_OUTER_BOUND('',#983,.T.);
#985=DIRECTION('',(-0.9999999999999866,-1.6361321233293752e-07,1.5683512502598727e-09));
#986=DIRECTION('',(-1.636207290521188e-07,0.9999540609681052,-0.009585194487746427));
#987=AXIS2_PLACEMENT_3D('',#14,#985,#986);
#988=PLANE('',#987);
#989=FACE_SURFACE('',(#984),#988,.T.);
#990=POLY_LOOP('',(#17,#18,#19));
#991=FACE_OUTER_BOUND('',#990,.T.);
#992=DIRECTION('',(0.9351086048157805,-0.2840639771206663,-0.2118479504311386));
#993=DIRECTION('',(0.32192736030752883,0.9308549423016094,0.17283475078263047));
#994=AXIS2_PLACEMENT_3D('',#17,#992,#993);
#995=PLANE('',#994);
#996=FACE_SURFACE('',(#991),#995,.T.);
#997=POLY_LOOP('',(#17,#20,#18));
#998=FACE_OUTER_BOUND('',#997,.T.);
#999=DIRECTION('',(0.929462436852715,-0.2759927984451457,-0.24480104919348228));
#1000=DIRECTION('',(-0.012009626391193415,0.6405793235468348,-0.7677980848623052));
#1001=AXIS2_PLACEMENT_3D('',#17,#999,#1000);
#1002=PLANE('',#1001);
#1003=FACE_SURFACE('',(#998),#1002,.T.);
#1004=POLY_LOOP('',(#21,#20,#17));
#1005=FACE_OUTER_BOUND('',#1004,.T.);
#1006=DIRECTION('',(0.9083254754007604,-0.31406738519469407,-0.27623632689230126));
#1007=DIRECTION('',(0.36855494098800773,0.9132610505130884,0.17355549282306335));
#1008=AXIS2_PLACEMENT_3D('',#21,#1006,#1007);
#1009=PLANE('',#1008);
#1010=FACE_SURFACE('',(#1005),#1009,.T.);
#1011=POLY_LOOP('',(#21,#22,#20));
#1012=FACE_OUTER_BOUND('',#1011,.T.);
#1013=DIRECTION('',(0.8977726633368976,-0.3012368768685725,-0.32134185687432903));
#1014=DIRECTION('',(-0.0015622190430969354,0.7273787972224105,-0.6862343949576857));
#1015=AXIS2_PLACEMENT_3D('',#21,#1013,#1014);
#1016=PLANE('',#1015);
#1017=FACE_SURFACE('',(#1012),#1016,.T.);
#1018=POLY_LOOP('',(#23,#22,#21));
#1019=FACE_OUTER_BOUND('',#1018,.T.);
#1020=DIRECTION('',(0.8655752228796063,-0.3426673131901562,-0.3651830308324297));
#1021=DIRECTION('',(0.4336866398938465,0.8775505635863339,0.20450160568292053));
#1022=AXIS2_PLACEMENT_3D('',#23,#1020,#1021);
#1023=PLANE('',#1022);
#1024=FACE_SURFACE('',(#1019),#1023,.T.);
#1025=POLY_LOOP('',(#23,#24,#22));
#1026=FACE_OUTER_BOUND('',#1025,.T.);
#1027=DIRECTION('',(0.8491703254388143,-0.32213638202859046,-0.4184948145051119));
#1028=DIRECTION('',(0.009128068391237339,0.8012593439492331,-0.598247559210641));
#1029=AXIS2_PLACEMENT_3D('',#23,#1027,#1028);
#1030=PLANE('',#1029);
#1031=FACE_SURFACE('',(#1026),#1030,.T.);
#1032=POLY_LOOP('',(#25,#24,#23));
#1033=FACE_OUTER_BOUND('',#1032,.T.);
#1034=DIRECTION('',(0.8065897088923233,-0.3595182778273503,-0.4692117319686853));
#1035=DIRECTION('',(0.5049639257385582,0.8317187118468343,0.23077135451902717));
#1036=AXIS2_PLACEMENT_3D('',#25,#1034,#1035);
#1037=PLANE('',#1036);
#1038=FACE_SURFACE('',(#1033),#1037,.T.);
#1039=POLY_LOOP('',(#25,#26,#24));
#1040=FACE_OUTER_BOUND('',#1039,.T.);
#1041=DIRECTION('',(0.7830231886664076,-0.32892525882337464,-0.5279042149089809));
#1042=DIRECTION('',(0.016922539233025433,0.8596825676889862,-0.5105482450048949));
#1043=AXIS2_PLACEMENT_3D('',#25,#1041,#1042);
#1044=PLANE('',#1043);
#1045=FACE_SURFACE('',(#1040),#1044,.T.);
#1046=POLY_LOOP('',(#27,#26,#25));
#1047=FACE_OUTER_BOUND('',#1046,.T.);
#1048=DIRECTION('',(0.7308861896502812,-0.35907749403858885,-0.5804039378342125));
#1049=DIRECTION('',(0.5788407812871328,0.776683015545626,0.24840862159324206));
#1050=AXIS2_PLACEMENT_3D('',#27,#1048,#1049);
#1051=PLANE('',#1050);
#1052=FACE_SURFACE('',(#1047),#1051,.T.);
#1053=POLY_LOOP('',(#27,#28,#26));
#1054=FACE_OUTER_BOUND('',#1053,.T.);
#1055=DIRECTION('',(0.7006137384410034,-0.31782346862498073,-0.6388494598095135));
#1056=DIRECTION('',(0.021202406709376582,0.9042005131979144,-0.4265816333157798));
#1057=AXIS2_PLACEMENT_3D('',#27,#1055,#1056);
#1058=PLANE('',#1057);
#1059=FACE_SURFACE('',(#1054),#1058,.T.);
#1060=POLY_LOOP('',(#29,#28,#27));
#1061=FACE_OUTER_BOUND('',#1060,.T.);
#1062=DIRECTION('',(0.6434981586122572,-0.3388896191119273,-0.6863409837105804));
#1063=DIRECTION('',(0.6503945322942598,0.7148628957012159,0.2568228819856277));
#1064=AXIS2_PLACEMENT_3D('',#29,#1062,#1063);
#1065=PLANE('',#1064);
#1066=FACE_SURFACE('',(#1061),#1065,.T.);
#1067=POLY_LOOP('',(#30,#31,#32));
#1068=FACE_OUTER_BOUND('',#1067,.T.);
#1069=DIRECTION('',(0.625435375030166,-0.7482561750756517,-0.22123130005049257));
#1070=DIRECTION('',(0.051409912080002555,0.3224304008743683,-0.9451960947506717));
#1071=AXIS2_PLACEMENT_3D('',#30,#1069,#1070);
#1072=PLANE('',#1071);
#1073=FACE_SURFACE('',(#1068),#1072,.T.);
#1074=POLY_LOOP('',(#33,#34,#35));
#1075=FACE_OUTER_BOUND('',#1074,.T.);
#1076=DIRECTION('',(0.8929783403417975,-0.24929320249999093,-0.3747566982292746));
#1077=DIRECTION('',(-0.3950128165246744,-0.8331843664332318,-0.38699959471877726));
#1078=AXIS2_PLACEMENT_3D('',#33,#1076,#1077);
#1079=PLANE('',#1078);
#1080=FACE_SURFACE('',(#1075),#1079,.T.);
#1081=POLY_LOOP('',(#36,#31,#30));
#1082=FACE_OUTER_BOUND('',#1081,.T.);
#1083=DIRECTION('',(0.5693432041578458,-0.7870424430343885,-0.23751317593291268));
#1084=DIRECTION('',(0.8189023171467112,0.568401129628775,0.07949308654518084));
#1085=AXIS2_PLACEMENT_3D('',#36,#1083,#1084);
#1086=PLANE('',#1085);
#1087=FACE_SURFACE('',(#1082),#1086,.T.);
#1088=POLY_LOOP('',(#37,#38,#36));
#1089=FACE_OUTER_BOUND('',#1088,.T.);
#1090=DIRECTION('',(0.49379814569164493,-0.8189279792366031,-0.2924386365290113));
#1091=DIRECTION('',(0.8658217926814812,0.4942471892793364,0.07792521547806043));
#1092=AXIS2_PLACEMENT_3D('',#37,#1090,#1091);
#1093=PLANE('',#1092);
#1094=FACE_SURFACE('',(#1089),#1093,.T.);
#1095=POLY_LOOP('',(#37,#39,#38));
#1096=FACE_OUTER_BOUND('',#1095,.T.);
#1097=DIRECTION('',(0.4877723279894773,-0.7990499797135133,-0.3515640567059713));
#1098=DIRECTION('',(0.7289521653309633,0.5943950231605908,-0.3395928401795611));
#1099=AXIS2_PLACEMENT_3D('',#37,#1097,#1098);
#1100=PLANE('',#1099);
#1101=FACE_SURFACE('',(#1096),#1100,.T.);
#1102=POLY_LOOP('',(#40,#39,#37));
#1103=FACE_OUTER_BOUND('',#1102,.T.);
#1104=DIRECTION('',(0.48711349365884954,-0.7989250029788603,-0.35275952703038144));
#1105=DIRECTION('',(0.8667760886005562,0.4916842739201144,0.08334138833719223));
#1106=AXIS2_PLACEMENT_3D('',#40,#1104,#1105);
#1107=PLANE('',#1106);
#1108=FACE_SURFACE('',(#1103),#1107,.T.);
#1109=POLY_LOOP('',(#40,#41,#39));
#1110=FACE_OUTER_BOUND('',#1109,.T.);
#1111=DIRECTION('',(0.48036056604823935,-0.77826283715415,-0.4044263627541958));
#1112=DIRECTION('',(0.7222906667449275,0.6126013901341822,-0.3209606354973077));
#1113=AXIS2_PLACEMENT_3D('',#40,#1111,#1112);
#1114=PLANE('',#1113);
#1115=FACE_SURFACE('',(#1110),#1114,.T.);
#1116=POLY_LOOP('',(#42,#41,#40));
#1117=FACE_OUTER_BOUND('',#1116,.T.);
#1118=DIRECTION('',(0.4794464819120503,-0.7780083343308581,-0.40599766340938653));
#1119=DIRECTION('',(0.8679741496242191,0.48863623992167116,0.08863126208807276));
#1120=AXIS2_PLACEMENT_3D('',#42,#1118,#1119);
#1121=PLANE('',#1120);
#1122=FACE_SURFACE('',(#1117),#1121,.T.);
#1123=POLY_LOOP('',(#42,#43,#41));
#1124=FACE_OUTER_BOUND('',#1123,.T.);
#1125=DIRECTION('',(0.4694153596310645,-0.7490231399917429,-0.4675612857148763));
#1126=DIRECTION('',(0.0034649121968104786,0.531086502993294,-0.8473105220176498));
#1127=AXIS2_PLACEMENT_3D('',#42,#1125,#1126);
#1128=PLANE('',#1127);
#1129=FACE_SURFACE('',(#1124),#1128,.T.);
#1130=POLY_LOOP('',(#44,#43,#42));
#1131=FACE_OUTER_BOUND('',#1130,.T.);
#1132=DIRECTION('',(0.3641905647524624,-0.7897951990431271,-0.49354713666853517));
#1133=DIRECTION('',(0.9206152403703367,0.38542910543494835,0.06254585423097919));
#1134=AXIS2_PLACEMENT_3D('',#44,#1132,#1133);
#1135=PLANE('',#1134);
#1136=FACE_SURFACE('',(#1131),#1135,.T.);
#1137=POLY_LOOP('',(#44,#45,#43));
#1138=FACE_OUTER_BOUND('',#1137,.T.);
#1139=DIRECTION('',(0.3507713919785609,-0.7459656536764886,-0.5661224903715023));
#1140=DIRECTION('',(0.0032330828664198243,0.6054949672814749,-0.7958425672028259));
#1141=AXIS2_PLACEMENT_3D('',#44,#1139,#1140);
#1142=PLANE('',#1141);
#1143=FACE_SURFACE('',(#1138),#1142,.T.);
#1144=POLY_LOOP('',(#46,#45,#44));
#1145=FACE_OUTER_BOUND('',#1144,.T.);
#1146=DIRECTION('',(0.2440714777016503,-0.7722556764463839,-0.586557997105888));
#1147=DIRECTION('',(0.960539471196281,0.275713641374159,0.03668667652119074));
#1148=AXIS2_PLACEMENT_3D('',#46,#1146,#1147);
#1149=PLANE('',#1148);
#1150=FACE_SURFACE('',(#1145),#1149,.T.);
#1151=POLY_LOOP('',(#47,#48,#49));
#1152=FACE_OUTER_BOUND('',#1151,.T.);
#1153=DIRECTION('',(0.7909944435759027,-0.5891951121221487,-0.16485420857053398));
#1154=DIRECTION('',(0.14963800764243743,0.44756834272956153,-0.8816411091000212));
#1155=AXIS2_PLACEMENT_3D('',#47,#1153,#1154);
#1156=PLANE('',#1155);
#1157=FACE_SURFACE('',(#1152),#1156,.T.);
#1158=POLY_LOOP('',(#50,#48,#47));
#1159=FACE_OUTER_BOUND('',#1158,.T.);
#1160=DIRECTION('',(0.7436572198069163,-0.6385811842519201,-0.19795961847928234));
#1161=DIRECTION('',(0.6634465745220834,0.7414312071371605,0.10059029693785815));
#1162=AXIS2_PLACEMENT_3D('',#50,#1160,#1161);
#1163=PLANE('',#1162);
#1164=FACE_SURFACE('',(#1159),#1163,.T.);
#1165=POLY_LOOP('',(#50,#51,#48));
#1166=FACE_OUTER_BOUND('',#1165,.T.);
#1167=DIRECTION('',(0.7409959880700276,-0.6324320652798149,-0.22573131920500403));
#1168=DIRECTION('',(0.001540568217918949,0.33775525877992457,-0.9412327086412117));
#1169=AXIS2_PLACEMENT_3D('',#50,#1167,#1168);
#1170=PLANE('',#1169);
#1171=FACE_SURFACE('',(#1166),#1170,.T.);
#1172=POLY_LOOP('',(#36,#38,#31));
#1173=FACE_OUTER_BOUND('',#1172,.T.);
#1174=DIRECTION('',(0.565877045497,-0.7765009897288199,-0.2771811363165774));
#1175=DIRECTION('',(0.0010301480145897541,0.3368507179442702,-0.941557503615949));
#1176=AXIS2_PLACEMENT_3D('',#36,#1174,#1175);
#1177=PLANE('',#1176);
#1178=FACE_SURFACE('',(#1173),#1177,.T.);
#1179=POLY_LOOP('',(#52,#51,#50));
#1180=FACE_OUTER_BOUND('',#1179,.T.);
#1181=DIRECTION('',(0.6890173285910738,-0.6825121719054831,-0.24378731735281206));
#1182=DIRECTION('',(0.7199998779581401,0.683046907969544,0.12266661018186009));
#1183=AXIS2_PLACEMENT_3D('',#52,#1181,#1182);
#1184=PLANE('',#1183);
#1185=FACE_SURFACE('',(#1180),#1184,.T.);
#1186=POLY_LOOP('',(#35,#34,#53));
#1187=FACE_OUTER_BOUND('',#1186,.T.);
#1188=DIRECTION('',(0.8667064842445088,-0.2729153468512863,-0.4175369248600238));
#1189=DIRECTION('',(-0.03267596284718217,-0.8663169621172278,0.49842472109636304));
#1190=AXIS2_PLACEMENT_3D('',#35,#1188,#1189);
#1191=PLANE('',#1190);
#1192=FACE_SURFACE('',(#1187),#1191,.T.);
#1193=POLY_LOOP('',(#54,#53,#55));
#1194=FACE_OUTER_BOUND('',#1193,.T.);
#1195=DIRECTION('',(0.8306695819309193,-0.25295547927579026,-0.49598545458417137));
#1196=DIRECTION('',(-0.26394912313379143,-0.9632799419323256,0.04922005554403738));
#1197=AXIS2_PLACEMENT_3D('',#54,#1195,#1196);
#1198=PLANE('',#1197);
#1199=FACE_SURFACE('',(#1194),#1198,.T.);
#1200=POLY_LOOP('',(#56,#57,#58));
#1201=FACE_OUTER_BOUND('',#1200,.T.);
#1202=DIRECTION('',(0.4735728473685524,-0.19655307710042152,-0.8585427456554492));
#1203=DIRECTION('',(0.7466319557857816,0.6066598255398619,0.2729552686347034));
#1204=AXIS2_PLACEMENT_3D('',#56,#1202,#1203);
#1205=PLANE('',#1204);
#1206=FACE_SURFACE('',(#1201),#1205,.T.);
#1207=POLY_LOOP('',(#58,#59,#56));
#1208=FACE_OUTER_BOUND('',#1207,.T.);
#1209=DIRECTION('',(0.441378611815803,-0.2399499985516059,-0.8646438106102644));
#1210=DIRECTION('',(-0.8375353788430517,0.2356731672891212,-0.492942843954692));
#1211=AXIS2_PLACEMENT_3D('',#58,#1209,#1210);
#1212=PLANE('',#1211);
#1213=FACE_SURFACE('',(#1208),#1212,.T.);
#1214=POLY_LOOP('',(#58,#60,#59));
#1215=FACE_OUTER_BOUND('',#1214,.T.);
#1216=DIRECTION('',(0.45556298086787805,-0.19689003297667262,-0.8681570626201333));
#1217=DIRECTION('',(-0.7496098350463415,-0.6108625545094308,-0.25481764989892175));
#1218=AXIS2_PLACEMENT_3D('',#58,#1216,#1217);
#1219=PLANE('',#1218);
#1220=FACE_SURFACE('',(#1215),#1219,.T.);
#1221=POLY_LOOP('',(#61,#60,#58));
#1222=FACE_OUTER_BOUND('',#1221,.T.);
#1223=DIRECTION('',(0.4891086573787806,-0.25185746330364467,-0.8350691824366289));
#1224=DIRECTION('',(-0.8423268884033596,0.11212183057257925,-0.5271755952069178));
#1225=AXIS2_PLACEMENT_3D('',#61,#1223,#1224);
#1226=PLANE('',#1225);
#1227=FACE_SURFACE('',(#1222),#1226,.T.);
#1228=POLY_LOOP('',(#61,#62,#60));
#1229=FACE_OUTER_BOUND('',#1228,.T.);
#1230=DIRECTION('',(0.49685642698970844,-0.21748727970144954,-0.8401386636306439));
#1231=DIRECTION('',(-0.7156173953654847,-0.6503362289977808,-0.25486179137576837));
#1232=AXIS2_PLACEMENT_3D('',#61,#1230,#1231);
#1233=PLANE('',#1232);
#1234=FACE_SURFACE('',(#1229),#1233,.T.);
#1235=POLY_LOOP('',(#29,#62,#61));
#1236=FACE_OUTER_BOUND('',#1235,.T.);
#1237=DIRECTION('',(0.5515299850653305,-0.30220088974666787,-0.777489098193768));
#1238=DIRECTION('',(-0.5996593789663998,0.5042697500384453,-0.6213860703409723));
#1239=AXIS2_PLACEMENT_3D('',#29,#1237,#1238);
#1240=PLANE('',#1239);
#1241=FACE_SURFACE('',(#1236),#1240,.T.);
#1242=POLY_LOOP('',(#20,#63,#18));
#1243=FACE_OUTER_BOUND('',#1242,.T.);
#1244=DIRECTION('',(0.9294184222867621,-0.2766342296886547,-0.24424352453760326));
#1245=DIRECTION('',(0.29779197818975023,0.9531211728835608,0.05366532890890454));
#1246=AXIS2_PLACEMENT_3D('',#20,#1244,#1245);
#1247=PLANE('',#1246);
#1248=FACE_SURFACE('',(#1243),#1247,.T.);
#1249=POLY_LOOP('',(#20,#64,#63));
#1250=FACE_OUTER_BOUND('',#1249,.T.);
#1251=DIRECTION('',(0.9177489217848479,-0.27035930998306434,-0.29093428823057355));
#1252=DIRECTION('',(-0.011824639031713087,0.7136097227492404,-0.7004436747587359));
#1253=AXIS2_PLACEMENT_3D('',#20,#1251,#1252);
#1254=PLANE('',#1253);
#1255=FACE_SURFACE('',(#1250),#1254,.T.);
#1256=POLY_LOOP('',(#22,#64,#20));
#1257=FACE_OUTER_BOUND('',#1256,.T.);
#1258=DIRECTION('',(0.897775238902062,-0.30086841764590666,-0.32167967868299296));
#1259=DIRECTION('',(0.372515898628404,0.9083537638929365,0.1900666853780742));
#1260=AXIS2_PLACEMENT_3D('',#22,#1258,#1259);
#1261=PLANE('',#1260);
#1262=FACE_SURFACE('',(#1257),#1261,.T.);
#1263=POLY_LOOP('',(#22,#65,#64));
#1264=FACE_OUTER_BOUND('',#1263,.T.);
#1265=DIRECTION('',(0.8840924630175994,-0.2850884506378687,-0.3702770478282094));
#1266=DIRECTION('',(0.0018291926196951813,0.7944601802370901,-0.6073134907706317));
#1267=AXIS2_PLACEMENT_3D('',#22,#1265,#1266);
#1268=PLANE('',#1267);
#1269=FACE_SURFACE('',(#1264),#1268,.T.);
#1270=POLY_LOOP('',(#24,#65,#22));
#1271=FACE_OUTER_BOUND('',#1270,.T.);
#1272=DIRECTION('',(0.8491869558304059,-0.32195080862427233,-0.4186038591241905));
#1273=DIRECTION('',(0.4398976059235769,0.8698169574549632,0.22340223102398996));
#1274=AXIS2_PLACEMENT_3D('',#24,#1272,#1273);
#1275=PLANE('',#1274);
#1276=FACE_SURFACE('',(#1271),#1275,.T.);
#1277=POLY_LOOP('',(#24,#66,#65));
#1278=FACE_OUTER_BOUND('',#1277,.T.);
#1279=DIRECTION('',(0.828786775071193,-0.29741030608466396,-0.47398269093050044));
#1280=DIRECTION('',(0.01327994479261963,0.85727204319709,-0.5146924198188579));
#1281=AXIS2_PLACEMENT_3D('',#24,#1279,#1280);
#1282=PLANE('',#1281);
#1283=FACE_SURFACE('',(#1278),#1282,.T.);
#1284=POLY_LOOP('',(#35,#53,#54));
#1285=FACE_OUTER_BOUND('',#1284,.T.);
#1286=DIRECTION('',(0.8622263875638174,-0.2585161883581463,-0.43558585485002277));
#1287=DIRECTION('',(-0.4650918153324596,-0.7446960122549983,-0.4786621487461284));
#1288=AXIS2_PLACEMENT_3D('',#35,#1286,#1287);
#1289=PLANE('',#1288);
#1290=FACE_SURFACE('',(#1285),#1289,.T.);
#1291=POLY_LOOP('',(#26,#66,#24));
#1292=FACE_OUTER_BOUND('',#1291,.T.);
#1293=DIRECTION('',(0.7829963911168131,-0.32905129571930763,-0.5278654149340448));
#1294=DIRECTION('',(0.513393248893405,0.8210088122006212,0.2497436731522934));
#1295=AXIS2_PLACEMENT_3D('',#26,#1293,#1294);
#1296=PLANE('',#1295);
#1297=FACE_SURFACE('',(#1292),#1296,.T.);
#1298=POLY_LOOP('',(#28,#67,#26));
#1299=FACE_OUTER_BOUND('',#1298,.T.);
#1300=DIRECTION('',(0.7004165631821715,-0.3183386440587152,-0.6388091622064713));
#1301=DIRECTION('',(0.589105477478992,0.7631531604151219,0.2656162460254641));
#1302=AXIS2_PLACEMENT_3D('',#28,#1300,#1301);
#1303=PLANE('',#1302);
#1304=FACE_SURFACE('',(#1299),#1303,.T.);
#1305=POLY_LOOP('',(#28,#68,#67));
#1306=FACE_OUTER_BOUND('',#1305,.T.);
#1307=DIRECTION('',(0.6673168425145746,-0.27410038112622226,-0.6925006951352741));
#1308=DIRECTION('',(0.023739035467510744,0.9371689084736199,-0.3480673716185362));
#1309=AXIS2_PLACEMENT_3D('',#28,#1307,#1308);
#1310=PLANE('',#1309);
#1311=FACE_SURFACE('',(#1306),#1310,.T.);
#1312=POLY_LOOP('',(#61,#68,#28));
#1313=FACE_OUTER_BOUND('',#1312,.T.);
#1314=DIRECTION('',(0.6089147288671362,-0.2896858649606779,-0.7384476640972236));
#1315=DIRECTION('',(0.6615692796325415,0.6990974600258809,0.27127261128216024));
#1316=AXIS2_PLACEMENT_3D('',#61,#1314,#1315);
#1317=PLANE('',#1316);
#1318=FACE_SURFACE('',(#1313),#1317,.T.);
#1319=POLY_LOOP('',(#69,#57,#70));
#1320=FACE_OUTER_BOUND('',#1319,.T.);
#1321=DIRECTION('',(0.5455448846741198,-0.23051846386713232,-0.8057555563706892));
#1322=DIRECTION('',(-0.8380398444813264,-0.1596451548290398,-0.5217304319294843));
#1323=AXIS2_PLACEMENT_3D('',#69,#1321,#1322);
#1324=PLANE('',#1323);
#1325=FACE_SURFACE('',(#1320),#1324,.T.);
#1326=POLY_LOOP('',(#69,#71,#57));
#1327=FACE_OUTER_BOUND('',#1326,.T.);
#1328=DIRECTION('',(0.5445159948311133,-0.18422138628838544,-0.8182694007520191));
#1329=DIRECTION('',(-0.3000842956081743,-0.9537940804277577,0.015042196326132197));
#1330=AXIS2_PLACEMENT_3D('',#69,#1328,#1329);
#1331=PLANE('',#1330);
#1332=FACE_SURFACE('',(#1327),#1331,.T.);
#1333=POLY_LOOP('',(#72,#71,#69));
#1334=FACE_OUTER_BOUND('',#1333,.T.);
#1335=DIRECTION('',(0.61420248509682,-0.2052586425698023,-0.7619870057627576));
#1336=DIRECTION('',(-0.6160534649476276,-0.7281643074897036,-0.3004244823979273));
#1337=AXIS2_PLACEMENT_3D('',#72,#1335,#1336);
#1338=PLANE('',#1337);
#1339=FACE_SURFACE('',(#1334),#1338,.T.);
#1340=POLY_LOOP('',(#72,#73,#71));
#1341=FACE_OUTER_BOUND('',#1340,.T.);
#1342=DIRECTION('',(0.6321917324119825,-0.22953656749744678,-0.7400314707169057));
#1343=DIRECTION('',(-0.027210676295211674,-0.9610991472733491,0.2748599792730807));
#1344=AXIS2_PLACEMENT_3D('',#72,#1342,#1343);
#1345=PLANE('',#1344);
#1346=FACE_SURFACE('',(#1341),#1345,.T.);
#1347=POLY_LOOP('',(#74,#73,#72));
#1348=FACE_OUTER_BOUND('',#1347,.T.);
#1349=DIRECTION('',(0.6918389343770333,-0.21657562114303822,-0.6888061332527158));
#1350=DIRECTION('',(-0.5367175010090788,-0.7923825255062453,-0.2899383682490366));
#1351=AXIS2_PLACEMENT_3D('',#74,#1349,#1350);
#1352=PLANE('',#1351);
#1353=FACE_SURFACE('',(#1348),#1352,.T.);
#1354=POLY_LOOP('',(#74,#75,#73));
#1355=FACE_OUTER_BOUND('',#1354,.T.);
#1356=DIRECTION('',(0.7245315890481704,-0.2567052276569983,-0.6396533456215968));
#1357=DIRECTION('',(-0.022757611277160517,-0.9364578280269436,0.3500411796575043));
#1358=AXIS2_PLACEMENT_3D('',#74,#1356,#1357);
#1359=PLANE('',#1358);
#1360=FACE_SURFACE('',(#1355),#1359,.T.);
#1361=POLY_LOOP('',(#76,#75,#74));
#1362=FACE_OUTER_BOUND('',#1361,.T.);
#1363=DIRECTION('',(0.7692805968597866,-0.24002213430935065,-0.5921120994681959));
#1364=DIRECTION('',(-0.35484248623615416,-0.9311857908619926,-0.08354539399913116));
#1365=AXIS2_PLACEMENT_3D('',#76,#1363,#1364);
#1366=PLANE('',#1365);
#1367=FACE_SURFACE('',(#1362),#1366,.T.);
#1368=POLY_LOOP('',(#76,#55,#75));
#1369=FACE_OUTER_BOUND('',#1368,.T.);
#1370=DIRECTION('',(0.7881481426239948,-0.2498701812725637,-0.562483242229636));
#1371=DIRECTION('',(0.08499704136165195,-0.8609424793945926,0.5015511440856827));
#1372=AXIS2_PLACEMENT_3D('',#76,#1370,#1371);
#1373=PLANE('',#1372);
#1374=FACE_SURFACE('',(#1369),#1373,.T.);
#1375=POLY_LOOP('',(#54,#55,#76));
#1376=FACE_OUTER_BOUND('',#1375,.T.);
#1377=DIRECTION('',(0.8310297828516977,-0.21645136065353676,-0.5123849221871118));
#1378=DIRECTION('',(-0.5561755853312048,-0.33599405536208415,-0.7601162496900277));
#1379=AXIS2_PLACEMENT_3D('',#54,#1377,#1378);
#1380=PLANE('',#1379);
#1381=FACE_SURFACE('',(#1376),#1380,.T.);
#1382=POLY_LOOP('',(#26,#67,#66));
#1383=FACE_OUTER_BOUND('',#1382,.T.);
#1384=DIRECTION('',(0.7554246385993354,-0.29430158834035564,-0.5854230867478731));
#1385=DIRECTION('',(0.020427959872559576,0.9035983508248808,-0.4278933498454968));
#1386=AXIS2_PLACEMENT_3D('',#26,#1384,#1385);
#1387=PLANE('',#1386);
#1388=FACE_SURFACE('',(#1383),#1387,.T.);
#1389=POLY_LOOP('',(#58,#57,#71));
#1390=FACE_OUTER_BOUND('',#1389,.T.);
#1391=DIRECTION('',(0.5390165753140315,-0.1901316992923507,-0.8205553414980223));
#1392=DIRECTION('',(0.02574238944932116,0.9774532910671878,-0.209576699962956));
#1393=AXIS2_PLACEMENT_3D('',#58,#1391,#1392);
#1394=PLANE('',#1393);
#1395=FACE_SURFACE('',(#1390),#1394,.T.);
#1396=POLY_LOOP('',(#52,#77,#51));
#1397=FACE_OUTER_BOUND('',#1396,.T.);
#1398=DIRECTION('',(0.6808337796222768,-0.6610096625993913,-0.31548627620783165));
#1399=DIRECTION('',(0.003865629692787035,0.4339713253467674,-0.9009183901352266));
#1400=AXIS2_PLACEMENT_3D('',#52,#1398,#1399);
#1401=PLANE('',#1400);
#1402=FACE_SURFACE('',(#1397),#1401,.T.);
#1403=POLY_LOOP('',(#78,#79,#77));
#1404=FACE_OUTER_BOUND('',#1403,.T.);
#1405=DIRECTION('',(0.6041541664254282,-0.6776241363838427,-0.41931285811533064));
#1406=DIRECTION('',(0.005262386894879885,0.529582748786051,-0.8482419580947284));
#1407=AXIS2_PLACEMENT_3D('',#78,#1405,#1406);
#1408=PLANE('',#1407);
#1409=FACE_SURFACE('',(#1404),#1408,.T.);
#1410=POLY_LOOP('',(#80,#81,#82));
#1411=FACE_OUTER_BOUND('',#1410,.T.);
#1412=DIRECTION('',(0.2788916246784118,-0.9036518051901785,-0.32501211771373584));
#1413=DIRECTION('',(0.9583992676634944,0.2833170135487443,0.03467439366302338));
#1414=AXIS2_PLACEMENT_3D('',#80,#1412,#1413);
#1415=PLANE('',#1414);
#1416=FACE_SURFACE('',(#1411),#1415,.T.);
#1417=POLY_LOOP('',(#80,#83,#81));
#1418=FACE_OUTER_BOUND('',#1417,.T.);
#1419=DIRECTION('',(0.27395075578845957,-0.8789327797399172,-0.39042048115025163));
#1420=DIRECTION('',(0.8027770040777786,0.4325327543212075,-0.4104442692537151));
#1421=AXIS2_PLACEMENT_3D('',#80,#1419,#1420);
#1422=PLANE('',#1421);
#1423=FACE_SURFACE('',(#1418),#1422,.T.);
#1424=POLY_LOOP('',(#84,#83,#80));
#1425=FACE_OUTER_BOUND('',#1424,.T.);
#1426=DIRECTION('',(0.27276276702032076,-0.8784800191246968,-0.3922669103124689));
#1427=DIRECTION('',(0.9587771631241221,0.2819679577661913,0.03521962897056117));
#1428=AXIS2_PLACEMENT_3D('',#84,#1426,#1427);
#1429=PLANE('',#1428);
#1430=FACE_SURFACE('',(#1425),#1429,.T.);
#1431=POLY_LOOP('',(#84,#85,#83));
#1432=FACE_OUTER_BOUND('',#1431,.T.);
#1433=DIRECTION('',(0.2673223813753516,-0.8529844694746611,-0.4482814286258602));
#1434=DIRECTION('',(0.796786261020221,0.45729324122255444,-0.3949867665904606));
#1435=AXIS2_PLACEMENT_3D('',#84,#1433,#1434);
#1436=PLANE('',#1435);
#1437=FACE_SURFACE('',(#1432),#1436,.T.);
#1438=POLY_LOOP('',(#86,#85,#84));
#1439=FACE_OUTER_BOUND('',#1438,.T.);
#1440=DIRECTION('',(0.2658355957600184,-0.8522914560788386,-0.4504783123768881));
#1441=DIRECTION('',(0.9592458736282659,0.28030289796344826,0.035744080914715454));
#1442=AXIS2_PLACEMENT_3D('',#86,#1440,#1441);
#1443=PLANE('',#1442);
#1444=FACE_SURFACE('',(#1439),#1443,.T.);
#1445=POLY_LOOP('',(#86,#87,#85));
#1446=FACE_OUTER_BOUND('',#1445,.T.);
#1447=DIRECTION('',(0.2578013827696938,-0.8163325862580619,-0.5168554494781473));
#1448=DIRECTION('',(0.0015986453953677083,0.5352970977359731,-0.8446623357817867));
#1449=AXIS2_PLACEMENT_3D('',#86,#1447,#1448);
#1450=PLANE('',#1449);
#1451=FACE_SURFACE('',(#1446),#1450,.T.);
#1452=POLY_LOOP('',(#88,#87,#86));
#1453=FACE_OUTER_BOUND('',#1452,.T.);
#1454=DIRECTION('',(0.15019196188359352,-0.8352107770319163,-0.5290229980967744));
#1455=DIRECTION('',(0.9858272974204191,0.1669727783169867,0.016267481730711));
#1456=AXIS2_PLACEMENT_3D('',#88,#1454,#1455);
#1457=PLANE('',#1456);
#1458=FACE_SURFACE('',(#1453),#1457,.T.);
#1459=POLY_LOOP('',(#88,#89,#87));
#1460=FACE_OUTER_BOUND('',#1459,.T.);
#1461=DIRECTION('',(0.14284905454281263,-0.7846214786099476,-0.603293695408931));
#1462=DIRECTION('',(0.001021479128526723,0.6096614417323206,-0.7926612662703144));
#1463=AXIS2_PLACEMENT_3D('',#88,#1461,#1462);
#1464=PLANE('',#1463);
#1465=FACE_SURFACE('',(#1460),#1464,.T.);
#1466=POLY_LOOP('',(#90,#89,#88));
#1467=FACE_OUTER_BOUND('',#1466,.T.);
#1468=DIRECTION('',(0.04543990840648947,-0.7918712160376442,-0.6089952314551176));
#1469=DIRECTION('',(0.9984939770064264,0.05476239678033639,0.003295114681321367));
#1470=AXIS2_PLACEMENT_3D('',#90,#1468,#1469);
#1471=PLANE('',#1470);
#1472=FACE_SURFACE('',(#1467),#1471,.T.);
#1473=POLY_LOOP('',(#88,#91,#90));
#1474=FACE_OUTER_BOUND('',#1473,.T.);
#1475=DIRECTION('',(0.046023767807658746,-0.791239574079217,-0.6097718829264974));
#1476=DIRECTION('',(-0.9984661184335336,-0.05524392923360368,-0.003676768024429427));
#1477=AXIS2_PLACEMENT_3D('',#88,#1475,#1476);
#1478=PLANE('',#1477);
#1479=FACE_SURFACE('',(#1474),#1478,.T.);
#1480=POLY_LOOP('',(#88,#92,#91));
#1481=FACE_OUTER_BOUND('',#1480,.T.);
#1482=DIRECTION('',(0.04859443761271471,-0.8425869796621175,-0.5363634610382914));
#1483=DIRECTION('',(-0.0007867949827013413,-0.5370299993785663,0.8435627781742817));
#1484=AXIS2_PLACEMENT_3D('',#88,#1482,#1483);
#1485=PLANE('',#1484);
#1486=FACE_SURFACE('',(#1481),#1485,.T.);
#1487=POLY_LOOP('',(#86,#92,#88));
#1488=FACE_OUTER_BOUND('',#1487,.T.);
#1489=DIRECTION('',(0.15130238308251104,-0.8339154658093132,-0.5307471947712855));
#1490=DIRECTION('',(-0.9856144483494583,-0.16817946353355245,-0.01672803785144955));
#1491=AXIS2_PLACEMENT_3D('',#86,#1489,#1490);
#1492=PLANE('',#1491);
#1493=FACE_SURFACE('',(#1488),#1492,.T.);
#1494=POLY_LOOP('',(#82,#81,#93));
#1495=FACE_OUTER_BOUND('',#1494,.T.);
#1496=DIRECTION('',(0.3906064623351691,-0.8662567745356617,-0.3114896341021255));
#1497=DIRECTION('',(0.0005556923222419564,0.33859236646484253,-0.9409329947333024));
#1498=AXIS2_PLACEMENT_3D('',#82,#1496,#1497);
#1499=PLANE('',#1498);
#1500=FACE_SURFACE('',(#1495),#1499,.T.);
#1501=POLY_LOOP('',(#86,#94,#92));
#1502=FACE_OUTER_BOUND('',#1501,.T.);
#1503=DIRECTION('',(0.15670116852311541,-0.8722697517095219,-0.46323884124293707));
#1504=DIRECTION('',(-0.8263087943583522,-0.3726988925637421,0.4222668727804808));
#1505=AXIS2_PLACEMENT_3D('',#86,#1503,#1504);
#1506=PLANE('',#1505);
#1507=FACE_SURFACE('',(#1502),#1506,.T.);
#1508=POLY_LOOP('',(#84,#95,#94));
#1509=FACE_OUTER_BOUND('',#1508,.T.);
#1510=DIRECTION('',(0.16158525869025597,-0.9004503056871455,-0.40383096855235057));
#1511=DIRECTION('',(-0.8309421964157754,-0.34489718516596857,0.43655583592516356));
#1512=AXIS2_PLACEMENT_3D('',#84,#1510,#1511);
#1513=PLANE('',#1512);
#1514=FACE_SURFACE('',(#1509),#1513,.T.);
#1515=POLY_LOOP('',(#80,#95,#84));
#1516=FACE_OUTER_BOUND('',#1515,.T.);
#1517=DIRECTION('',(0.16253920168071984,-0.9009238648279845,-0.4023893608190975));
#1518=DIRECTION('',(-0.9853072205319655,-0.16987597375932023,-0.0176588421731287));
#1519=AXIS2_PLACEMENT_3D('',#80,#1517,#1518);
#1520=PLANE('',#1519);
#1521=FACE_SURFACE('',(#1516),#1520,.T.);
#1522=POLY_LOOP('',(#80,#96,#95));
#1523=FACE_OUTER_BOUND('',#1522,.T.);
#1524=DIRECTION('',(0.16590944696879628,-0.9274693189071229,-0.33507419759281026));
#1525=DIRECTION('',(-0.0003598652929488185,-0.33984017594539684,0.9404831339850664));
#1526=AXIS2_PLACEMENT_3D('',#80,#1524,#1525);
#1527=PLANE('',#1526);
#1528=FACE_SURFACE('',(#1523),#1527,.T.);
#1529=POLY_LOOP('',(#82,#96,#80));
#1530=FACE_OUTER_BOUND('',#1529,.T.);
#1531=DIRECTION('',(0.28027860330376136,-0.9028216749901867,-0.3261240986158588));
#1532=DIRECTION('',(-0.9578634195225256,-0.28526315941698954,-0.03350521481876102));
#1533=AXIS2_PLACEMENT_3D('',#82,#1531,#1532);
#1534=PLANE('',#1533);
#1535=FACE_SURFACE('',(#1530),#1534,.T.);
#1536=POLY_LOOP('',(#82,#97,#96));
#1537=FACE_OUTER_BOUND('',#1536,.T.);
#1538=DIRECTION('',(0.28287125512457156,-0.9166752654169029,-0.2822947232895084));
#1539=DIRECTION('',(-0.10713957419291074,-0.3226710003937395,0.9404278479217134));
#1540=AXIS2_PLACEMENT_3D('',#82,#1538,#1539);
#1541=PLANE('',#1540);
#1542=FACE_SURFACE('',(#1537),#1541,.T.);
#1543=POLY_LOOP('',(#98,#97,#82));
#1544=FACE_OUTER_BOUND('',#1543,.T.);
#1545=DIRECTION('',(0.34314198759696746,-0.8997540321460638,-0.26962243598206476));
#1546=DIRECTION('',(-0.9374696211168079,-0.3458971597160132,-0.03880546847421703));
#1547=AXIS2_PLACEMENT_3D('',#98,#1545,#1546);
#1548=PLANE('',#1547);
#1549=FACE_SURFACE('',(#1544),#1548,.T.);
#1550=POLY_LOOP('',(#92,#99,#91));
#1551=FACE_OUTER_BOUND('',#1550,.T.);
#1552=DIRECTION('',(0.04910020218731437,-0.8420932299327852,-0.5370923219024213));
#1553=DIRECTION('',(-0.9984435989925825,-0.055622247792410706,-0.004067576828867172));
#1554=AXIS2_PLACEMENT_3D('',#92,#1552,#1553);
#1555=PLANE('',#1554);
#1556=FACE_SURFACE('',(#1551),#1555,.T.);
#1557=POLY_LOOP('',(#92,#100,#99));
#1558=FACE_OUTER_BOUND('',#1557,.T.);
#1559=DIRECTION('',(0.05102688895614663,-0.881647187411694,-0.46914229561243587));
#1560=DIRECTION('',(-0.8499356523713845,-0.2850015519099826,0.44315178239168856));
#1561=AXIS2_PLACEMENT_3D('',#92,#1559,#1560);
#1562=PLANE('',#1561);
#1563=FACE_SURFACE('',(#1558),#1562,.T.);
#1564=POLY_LOOP('',(#94,#100,#92));
#1565=FACE_OUTER_BOUND('',#1564,.T.);
#1566=DIRECTION('',(0.05149177193343918,-0.8819802883747004,-0.46846490620070463));
#1567=DIRECTION('',(-0.9984252006044824,-0.055921703532725284,-0.004458909272131871));
#1568=AXIS2_PLACEMENT_3D('',#94,#1566,#1567);
#1569=PLANE('',#1568);
#1570=FACE_SURFACE('',(#1565),#1569,.T.);
#1571=POLY_LOOP('',(#94,#101,#100));
#1572=FACE_OUTER_BOUND('',#1571,.T.);
#1573=DIRECTION('',(0.05284678212333143,-0.9108948720700306,-0.40924045456886593));
#1574=DIRECTION('',(-0.8524402029139092,-0.25461092367036975,0.4566387828511883));
#1575=AXIS2_PLACEMENT_3D('',#94,#1573,#1574);
#1576=PLANE('',#1575);
#1577=FACE_SURFACE('',(#1572),#1576,.T.);
#1578=POLY_LOOP('',(#95,#101,#94));
#1579=FACE_OUTER_BOUND('',#1578,.T.);
#1580=DIRECTION('',(0.05322425582478694,-0.9111302928809891,-0.4086670625172773));
#1581=DIRECTION('',(-0.9984108811117082,-0.056143631573623794,-0.004858509181611247));
#1582=AXIS2_PLACEMENT_3D('',#95,#1580,#1581);
#1583=PLANE('',#1582);
#1584=FACE_SURFACE('',(#1579),#1583,.T.);
#1585=POLY_LOOP('',(#95,#102,#101));
#1586=FACE_OUTER_BOUND('',#1585,.T.);
#1587=DIRECTION('',(0.05444321821813211,-0.9387185883575966,-0.3403576763670452));
#1588=DIRECTION('',(-0.0001767713533856878,-0.34087227721071284,0.9401095996643539));
#1589=AXIS2_PLACEMENT_3D('',#95,#1587,#1588);
#1590=PLANE('',#1589);
#1591=FACE_SURFACE('',(#1586),#1590,.T.);
#1592=POLY_LOOP('',(#84,#94,#86));
#1593=FACE_OUTER_BOUND('',#1592,.T.);
#1594=DIRECTION('',(0.1578728993336736,-0.8729536762261874,-0.461549593022423));
#1595=DIRECTION('',(-0.985444123300447,-0.1691283853990247,-0.017189214785220817));
#1596=AXIS2_PLACEMENT_3D('',#84,#1594,#1595);
#1597=PLANE('',#1596);
#1598=FACE_SURFACE('',(#1593),#1597,.T.);
#1599=POLY_LOOP('',(#78,#77,#52));
#1600=FACE_OUTER_BOUND('',#1599,.T.);
#1601=DIRECTION('',(0.616462623325205,-0.7104051079247903,-0.3395562054761678));
#1602=DIRECTION('',(0.7790046539524099,0.6130223355833028,0.13173976315630184));
#1603=AXIS2_PLACEMENT_3D('',#78,#1601,#1602);
#1604=PLANE('',#1603);
#1605=FACE_SURFACE('',(#1600),#1604,.T.);
#1606=POLY_LOOP('',(#82,#93,#98));
#1607=FACE_OUTER_BOUND('',#1606,.T.);
#1608=DIRECTION('',(0.393549461199508,-0.8779902152893413,-0.2724922080459424));
#1609=DIRECTION('',(0.9170689651291893,0.39560391090425856,0.04982026569713374));
#1610=AXIS2_PLACEMENT_3D('',#82,#1608,#1609);
#1611=PLANE('',#1610);
#1612=FACE_SURFACE('',(#1607),#1611,.T.);
#1613=POLY_LOOP('',(#89,#46,#87));
#1614=FACE_OUTER_BOUND('',#1613,.T.);
#1615=DIRECTION('',(0.14157670540346684,-0.7862616589828152,-0.6014554348417605));
#1616=DIRECTION('',(0.9860888371277672,0.16546573835870862,0.015808058749110575));
#1617=AXIS2_PLACEMENT_3D('',#89,#1615,#1616);
#1618=PLANE('',#1617);
#1619=FACE_SURFACE('',(#1614),#1618,.T.);
#1620=POLY_LOOP('',(#103,#79,#78));
#1621=FACE_OUTER_BOUND('',#1620,.T.);
#1622=DIRECTION('',(0.5425553900677814,-0.7140580571853754,-0.4424417924168606));
#1623=DIRECTION('',(0.8247441912923756,0.5528014571671294,0.11919550278170599));
#1624=AXIS2_PLACEMENT_3D('',#103,#1622,#1623);
#1625=PLANE('',#1624);
#1626=FACE_SURFACE('',(#1621),#1625,.T.);
#1627=POLY_LOOP('',(#103,#104,#79));
#1628=FACE_OUTER_BOUND('',#1627,.T.);
#1629=DIRECTION('',(0.5289854871662376,-0.6796323015929033,-0.5082069352134339));
#1630=DIRECTION('',(0.0060161583825488535,0.6018433681603432,-0.7985914888350173));
#1631=AXIS2_PLACEMENT_3D('',#103,#1629,#1630);
#1632=PLANE('',#1631);
#1633=FACE_SURFACE('',(#1628),#1632,.T.);
#1634=POLY_LOOP('',(#105,#104,#103));
#1635=FACE_OUTER_BOUND('',#1634,.T.);
#1636=DIRECTION('',(0.45398022475226313,-0.7132077661855155,-0.534075498208401));
#1637=DIRECTION('',(0.8713133600686496,0.48069474203635837,0.09871977281415756));
#1638=AXIS2_PLACEMENT_3D('',#105,#1636,#1637);
#1639=PLANE('',#1638);
#1640=FACE_SURFACE('',(#1635),#1639,.T.);
#1641=POLY_LOOP('',(#105,#43,#45));
#1642=FACE_OUTER_BOUND('',#1641,.T.);
#1643=DIRECTION('',(0.34962472799879385,-0.7481324545020612,-0.5639684211837495));
#1644=DIRECTION('',(-0.004524430950629797,-0.6032993223620651,0.7975020107573686));
#1645=AXIS2_PLACEMENT_3D('',#105,#1643,#1644);
#1646=PLANE('',#1645);
#1647=FACE_SURFACE('',(#1642),#1646,.T.);
#1648=POLY_LOOP('',(#103,#43,#105));
#1649=FACE_OUTER_BOUND('',#1648,.T.);
#1650=DIRECTION('',(0.4546880363131692,-0.7115422888780916,-0.5356924124642801));
#1651=DIRECTION('',(-0.8694677374453904,-0.4850079044396526,-0.09377199034173579));
#1652=AXIS2_PLACEMENT_3D('',#103,#1650,#1651);
#1653=PLANE('',#1652);
#1654=FACE_SURFACE('',(#1649),#1653,.T.);
#1655=POLY_LOOP('',(#103,#41,#43));
#1656=FACE_OUTER_BOUND('',#1655,.T.);
#1657=DIRECTION('',(0.46880431888963986,-0.750298025282114,-0.4661280766572436));
#1658=DIRECTION('',(-0.004607129706122493,-0.5297806775507851,0.8481221657578004));
#1659=AXIS2_PLACEMENT_3D('',#103,#1657,#1658);
#1660=PLANE('',#1659);
#1661=FACE_SURFACE('',(#1656),#1660,.T.);
#1662=POLY_LOOP('',(#78,#41,#103));
#1663=FACE_OUTER_BOUND('',#1662,.T.);
#1664=DIRECTION('',(0.542948852033026,-0.7135536008363713,-0.4427728569023489));
#1665=DIRECTION('',(-0.8229984931148157,-0.5569712947749097,-0.11160849935154293));
#1666=AXIS2_PLACEMENT_3D('',#78,#1664,#1665);
#1667=PLANE('',#1666);
#1668=FACE_SURFACE('',(#1663),#1667,.T.);
#1669=POLY_LOOP('',(#78,#39,#41));
#1670=FACE_OUTER_BOUND('',#1669,.T.);
#1671=DIRECTION('',(0.5526538447514506,-0.7396693724917449,-0.3840090458297927));
#1672=DIRECTION('',(-0.5363438593036225,-0.6683298891582855,0.5154322689209221));
#1673=AXIS2_PLACEMENT_3D('',#78,#1671,#1672);
#1674=PLANE('',#1673);
#1675=FACE_SURFACE('',(#1670),#1674,.T.);
#1676=POLY_LOOP('',(#106,#39,#78));
#1677=FACE_OUTER_BOUND('',#1676,.T.);
#1678=DIRECTION('',(0.5786514258740456,-0.7357578260725084,-0.3518848514883674));
#1679=DIRECTION('',(-0.6197944626017198,-0.11626918415769769,-0.7761032798175438));
#1680=AXIS2_PLACEMENT_3D('',#106,#1678,#1679);
#1681=PLANE('',#1680);
#1682=FACE_SURFACE('',(#1677),#1681,.T.);
#1683=POLY_LOOP('',(#106,#38,#39));
#1684=FACE_OUTER_BOUND('',#1683,.T.);
#1685=DIRECTION('',(0.5598781866131017,-0.7585011000332643,-0.3334853780949817));
#1686=DIRECTION('',(-0.820522161607619,-0.5635241885598993,-0.0958325164997118));
#1687=AXIS2_PLACEMENT_3D('',#106,#1685,#1686);
#1688=PLANE('',#1687);
#1689=FACE_SURFACE('',(#1684),#1688,.T.);
#1690=POLY_LOOP('',(#31,#38,#106));
#1691=FACE_OUTER_BOUND('',#1690,.T.);
#1692=DIRECTION('',(0.5657394731479067,-0.7766189670966647,-0.27713142814924185));
#1693=DIRECTION('',(-0.37940474324871626,0.05323273868888167,-0.923698173827391));
#1694=AXIS2_PLACEMENT_3D('',#31,#1692,#1693);
#1695=PLANE('',#1694);
#1696=FACE_SURFACE('',(#1691),#1695,.T.);
#1697=POLY_LOOP('',(#52,#106,#78));
#1698=FACE_OUTER_BOUND('',#1697,.T.);
#1699=DIRECTION('',(0.6164619438326914,-0.7104059362702931,-0.3395557060600627));
#1700=DIRECTION('',(-0.7762977750637442,-0.6204754385862955,-0.11122946795802174));
#1701=AXIS2_PLACEMENT_3D('',#52,#1699,#1700);
#1702=PLANE('',#1701);
#1703=FACE_SURFACE('',(#1698),#1702,.T.);
#1704=POLY_LOOP('',(#98,#93,#107));
#1705=FACE_OUTER_BOUND('',#1704,.T.);
#1706=DIRECTION('',(0.3948933727850377,-0.8777378576080004,-0.2713585772592696));
#1707=DIRECTION('',(0.5216469931191496,0.45734917290040006,-0.7202195141879105));
#1708=AXIS2_PLACEMENT_3D('',#98,#1706,#1707);
#1709=PLANE('',#1708);
#1710=FACE_SURFACE('',(#1705),#1709,.T.);
#1711=POLY_LOOP('',(#108,#106,#52));
#1712=FACE_OUTER_BOUND('',#1711,.T.);
#1713=DIRECTION('',(0.6251275169009064,-0.7350648815761246,-0.2624789657987571));
#1714=DIRECTION('',(-0.5261070524279648,-0.14841206811258512,-0.8373680358266036));
#1715=AXIS2_PLACEMENT_3D('',#108,#1713,#1714);
#1716=PLANE('',#1715);
#1717=FACE_SURFACE('',(#1712),#1716,.T.);
#1718=POLY_LOOP('',(#32,#31,#108));
#1719=FACE_OUTER_BOUND('',#1718,.T.);
#1720=DIRECTION('',(0.628307472309684,-0.7450911311435535,-0.22376086907910303));
#1721=DIRECTION('',(-0.5221042428601418,-0.19061822639425985,-0.8313073146278366));
#1722=AXIS2_PLACEMENT_3D('',#32,#1720,#1721);
#1723=PLANE('',#1722);
#1724=FACE_SURFACE('',(#1719),#1723,.T.);
#1725=POLY_LOOP('',(#109,#36,#110));
#1726=FACE_OUTER_BOUND('',#1725,.T.);
#1727=DIRECTION('',(0.5020656612614799,-0.826033820837956,-0.2561214528576638));
#1728=DIRECTION('',(0.45107346806465826,0.5027967726674601,-0.7373792320124756));
#1729=AXIS2_PLACEMENT_3D('',#109,#1727,#1728);
#1730=PLANE('',#1729);
#1731=FACE_SURFACE('',(#1726),#1730,.T.);
#1732=POLY_LOOP('',(#93,#36,#109));
#1733=FACE_OUTER_BOUND('',#1732,.T.);
#1734=DIRECTION('',(0.4972139994198194,-0.8276868980726246,-0.2602165204975741));
#1735=DIRECTION('',(0.8644342115637015,0.49828867366779994,0.06679739195976496));
#1736=AXIS2_PLACEMENT_3D('',#93,#1734,#1735);
#1737=PLANE('',#1736);
#1738=FACE_SURFACE('',(#1733),#1737,.T.);
#1739=POLY_LOOP('',(#93,#37,#36));
#1740=FACE_OUTER_BOUND('',#1739,.T.);
#1741=DIRECTION('',(0.49438192071521747,-0.8183815151382574,-0.29298159012119307));
#1742=DIRECTION('',(0.000776125107463493,0.3374684836922246,-0.9413365073895139));
#1743=AXIS2_PLACEMENT_3D('',#93,#1741,#1742);
#1744=PLANE('',#1743);
#1745=FACE_SURFACE('',(#1740),#1744,.T.);
#1746=POLY_LOOP('',(#81,#37,#93));
#1747=FACE_OUTER_BOUND('',#1746,.T.);
#1748=DIRECTION('',(0.38947995691820525,-0.8671060410735322,-0.3105357897131644));
#1749=DIRECTION('',(0.918044909327053,0.392630052139887,0.05509252776296338));
#1750=AXIS2_PLACEMENT_3D('',#81,#1748,#1749);
#1751=PLANE('',#1750);
#1752=FACE_SURFACE('',(#1747),#1751,.T.);
#1753=POLY_LOOP('',(#81,#40,#37));
#1754=FACE_OUTER_BOUND('',#1753,.T.);
#1755=DIRECTION('',(0.3836584966111959,-0.8446995070889844,-0.3732142825531519));
#1756=DIRECTION('',(0.7685364651084873,0.5161256086922784,-0.37810852655101));
#1757=AXIS2_PLACEMENT_3D('',#81,#1755,#1756);
#1758=PLANE('',#1757);
#1759=FACE_SURFACE('',(#1754),#1758,.T.);
#1760=POLY_LOOP('',(#83,#40,#81));
#1761=FACE_OUTER_BOUND('',#1760,.T.);
#1762=DIRECTION('',(0.3826219171021529,-0.8444109920591134,-0.374927386360102));
#1763=DIRECTION('',(0.9187151378350086,0.39068876924874735,0.057660914801104975));
#1764=AXIS2_PLACEMENT_3D('',#83,#1762,#1763);
#1765=PLANE('',#1764);
#1766=FACE_SURFACE('',(#1761),#1765,.T.);
#1767=POLY_LOOP('',(#83,#42,#40));
#1768=FACE_OUTER_BOUND('',#1767,.T.);
#1769=DIRECTION('',(0.37617489545187704,-0.8212781644359258,-0.4289459460730753));
#1770=DIRECTION('',(0.7619052601719132,0.5376262645647303,-0.36119021882180574));
#1771=AXIS2_PLACEMENT_3D('',#83,#1769,#1770);
#1772=PLANE('',#1771);
#1773=FACE_SURFACE('',(#1768),#1772,.T.);
#1774=POLY_LOOP('',(#85,#42,#83));
#1775=FACE_OUTER_BOUND('',#1774,.T.);
#1776=DIRECTION('',(0.3747915046859493,-0.8207748111306539,-0.4311148772991737));
#1777=DIRECTION('',(0.9195635766468894,0.3883112980483738,0.06014286584764444));
#1778=AXIS2_PLACEMENT_3D('',#85,#1776,#1777);
#1779=PLANE('',#1778);
#1780=FACE_SURFACE('',(#1775),#1779,.T.);
#1781=POLY_LOOP('',(#85,#44,#42));
#1782=FACE_OUTER_BOUND('',#1781,.T.);
#1783=DIRECTION('',(0.3651998196890144,-0.7880832209814455,-0.4955339832005688));
#1784=DIRECTION('',(0.0024800147367528697,0.5331221481669249,-0.8460346474351915));
#1785=AXIS2_PLACEMENT_3D('',#85,#1783,#1784);
#1786=PLANE('',#1785);
#1787=FACE_SURFACE('',(#1782),#1786,.T.);
#1788=POLY_LOOP('',(#87,#44,#85));
#1789=FACE_OUTER_BOUND('',#1788,.T.);
#1790=DIRECTION('',(0.2565704288204785,-0.8180556568907096,-0.5147393100240019));
#1791=DIRECTION('',(0.9598289056455651,0.278236636984786,0.03623321303215131));
#1792=AXIS2_PLACEMENT_3D('',#87,#1790,#1791);
#1793=PLANE('',#1792);
#1794=FACE_SURFACE('',(#1789),#1793,.T.);
#1795=POLY_LOOP('',(#87,#46,#44));
#1796=FACE_OUTER_BOUND('',#1795,.T.);
#1797=DIRECTION('',(0.2454643947889302,-0.7700975396884475,-0.5888098252039484));
#1798=DIRECTION('',(0.0020876322197945353,0.607811155987382,-0.7940788628650163));
#1799=AXIS2_PLACEMENT_3D('',#87,#1797,#1798);
#1800=PLANE('',#1799);
#1801=FACE_SURFACE('',(#1796),#1800,.T.);
#1802=POLY_LOOP('',(#108,#31,#106));
#1803=FACE_OUTER_BOUND('',#1802,.T.);
#1804=DIRECTION('',(0.624895945469817,-0.7353304709092827,-0.26228640050089447));
#1805=DIRECTION('',(-0.7745317376212341,-0.6260940623550268,-0.09003783927444976));
#1806=AXIS2_PLACEMENT_3D('',#108,#1804,#1805);
#1807=PLANE('',#1806);
#1808=FACE_SURFACE('',(#1803),#1807,.T.);
#1809=POLY_LOOP('',(#58,#71,#68));
#1810=FACE_OUTER_BOUND('',#1809,.T.);
#1811=DIRECTION('',(0.5733985264599086,-0.23977857188398208,-0.7834030675960387));
#1812=DIRECTION('',(0.674611264701524,0.6807665552545432,0.2854059193231163));
#1813=AXIS2_PLACEMENT_3D('',#58,#1811,#1812);
#1814=PLANE('',#1813);
#1815=FACE_SURFACE('',(#1810),#1814,.T.);
#1816=POLY_LOOP('',(#68,#71,#73));
#1817=FACE_OUTER_BOUND('',#1816,.T.);
#1818=DIRECTION('',(0.6325674606242019,-0.22892963688492418,-0.739898391074873));
#1819=DIRECTION('',(0.026047659537372272,0.9610652620242729,-0.2750910423166133));
#1820=AXIS2_PLACEMENT_3D('',#68,#1818,#1819);
#1821=PLANE('',#1820);
#1822=FACE_SURFACE('',(#1817),#1821,.T.);
#1823=POLY_LOOP('',(#68,#73,#67));
#1824=FACE_OUTER_BOUND('',#1823,.T.);
#1825=DIRECTION('',(0.6670591597901931,-0.2746358450089396,-0.6925368076688974));
#1826=DIRECTION('',(0.6014233697838043,0.7471227946118176,0.28301494668890026));
#1827=AXIS2_PLACEMENT_3D('',#68,#1825,#1826);
#1828=PLANE('',#1827);
#1829=FACE_SURFACE('',(#1824),#1828,.T.);
#1830=POLY_LOOP('',(#111,#112,#113));
#1831=FACE_OUTER_BOUND('',#1830,.T.);
#1832=DIRECTION('',(-0.6188687212935494,-0.52972995227233,-0.5799893822045729));
#1833=DIRECTION('',(0.012398554399800804,-0.7448706843992907,0.667093651125033));
#1834=AXIS2_PLACEMENT_3D('',#111,#1832,#1833);
#1835=PLANE('',#1834);
#1836=FACE_SURFACE('',(#1831),#1835,.T.);
#1837=POLY_LOOP('',(#114,#112,#111));
#1838=FACE_OUTER_BOUND('',#1837,.T.);
#1839=DIRECTION('',(-0.5517339952852492,-0.5614898147227009,-0.6166999160120288));
#1840=DIRECTION('',(-0.786409068567582,0.5964987688017691,0.16046805193757918));
#1841=AXIS2_PLACEMENT_3D('',#114,#1839,#1840);
#1842=PLANE('',#1841);
#1843=FACE_SURFACE('',(#1838),#1842,.T.);
#1844=POLY_LOOP('',(#114,#115,#112));
#1845=FACE_OUTER_BOUND('',#1844,.T.);
#1846=DIRECTION('',(-0.5732766235181929,-0.6080465800262808,-0.5492114979185376));
#1847=DIRECTION('',(0.00854598019721467,-0.6746924907129919,0.7380494625687143));
#1848=AXIS2_PLACEMENT_3D('',#114,#1846,#1847);
#1849=PLANE('',#1848);
#1850=FACE_SURFACE('',(#1845),#1849,.T.);
#1851=POLY_LOOP('',(#116,#115,#114));
#1852=FACE_OUTER_BOUND('',#1851,.T.);
#1853=DIRECTION('',(-0.5105682057546181,-0.6375615326645483,-0.5769188845400556));
#1854=DIRECTION('',(-0.826989618774589,0.547802313211018,0.12649425314897828));
#1855=AXIS2_PLACEMENT_3D('',#116,#1853,#1854);
#1856=PLANE('',#1855);
#1857=FACE_SURFACE('',(#1852),#1856,.T.);
#1858=POLY_LOOP('',(#117,#118,#119));
#1859=FACE_OUTER_BOUND('',#1858,.T.);
#1860=DIRECTION('',(-0.7006032926421916,-0.3182695858827932,-0.6386387844790786));
#1861=DIRECTION('',(-0.5791553507133881,0.7764515572069841,0.2483989916463068));
#1862=AXIS2_PLACEMENT_3D('',#117,#1860,#1861);
#1863=PLANE('',#1862);
#1864=FACE_SURFACE('',(#1859),#1863,.T.);
#1865=POLY_LOOP('',(#117,#120,#118));
#1866=FACE_OUTER_BOUND('',#1865,.T.);
#1867=DIRECTION('',(-0.7303980825180489,-0.3588902947915591,-0.5811337172788936));
#1868=DIRECTION('',(0.01849786089958602,-0.860909314922129,0.5084220497012792));
#1869=AXIS2_PLACEMENT_3D('',#117,#1867,#1868);
#1870=PLANE('',#1869);
#1871=FACE_SURFACE('',(#1866),#1870,.T.);
#1872=POLY_LOOP('',(#121,#120,#117));
#1873=FACE_OUTER_BOUND('',#1872,.T.);
#1874=DIRECTION('',(-0.6759308695204604,-0.3854673062397863,-0.6281181540518928));
#1875=DIRECTION('',(-0.6332463860493678,0.7397699595289956,0.2274630113532381));
#1876=AXIS2_PLACEMENT_3D('',#121,#1874,#1875);
#1877=PLANE('',#1876);
#1878=FACE_SURFACE('',(#1873),#1877,.T.);
#1879=POLY_LOOP('',(#121,#122,#120));
#1880=FACE_OUTER_BOUND('',#1879,.T.);
#1881=DIRECTION('',(-0.7036331904623158,-0.42788474035094815,-0.5672873894725885));
#1882=DIRECTION('',(0.01623606893577959,-0.807836001015072,0.5891836602702837));
#1883=AXIS2_PLACEMENT_3D('',#121,#1881,#1882);
#1884=PLANE('',#1883);
#1885=FACE_SURFACE('',(#1880),#1884,.T.);
#1886=POLY_LOOP('',(#113,#122,#121));
#1887=FACE_OUTER_BOUND('',#1886,.T.);
#1888=DIRECTION('',(-0.6489773387620753,-0.4567858564624191,-0.6084201632993342));
#1889=DIRECTION('',(-0.6848322265296485,0.6990867914997084,0.20562703970316612));
#1890=AXIS2_PLACEMENT_3D('',#113,#1888,#1889);
#1891=PLANE('',#1890);
#1892=FACE_SURFACE('',(#1887),#1891,.T.);
#1893=POLY_LOOP('',(#113,#123,#122));
#1894=FACE_OUTER_BOUND('',#1893,.T.);
#1895=DIRECTION('',(-0.67357648486894,-0.4996367127215634,-0.5446630833206826));
#1896=DIRECTION('',(0.013447690837298857,-0.7450724188917913,0.6668479963364062));
#1897=AXIS2_PLACEMENT_3D('',#113,#1895,#1896);
#1898=PLANE('',#1897);
#1899=FACE_SURFACE('',(#1894),#1898,.T.);
#1900=POLY_LOOP('',(#112,#123,#113));
#1901=FACE_OUTER_BOUND('',#1900,.T.);
#1902=DIRECTION('',(-0.619332129268045,-0.529786174779483,-0.5794431142647503));
#1903=DIRECTION('',(-0.7319714214653783,0.6565586757758527,0.18206741449642308));
#1904=AXIS2_PLACEMENT_3D('',#112,#1902,#1903);
#1905=PLANE('',#1904);
#1906=FACE_SURFACE('',(#1901),#1905,.T.);
#1907=POLY_LOOP('',(#112,#124,#123));
#1908=FACE_OUTER_BOUND('',#1907,.T.);
#1909=DIRECTION('',(-0.6401575687203875,-0.5712339250506469,-0.513702336067527));
#1910=DIRECTION('',(0.010353509379420147,-0.6750253054626361,0.7377219271708041));
#1911=AXIS2_PLACEMENT_3D('',#112,#1909,#1910);
#1912=PLANE('',#1911);
#1913=FACE_SURFACE('',(#1908),#1912,.T.);
#1914=POLY_LOOP('',(#111,#113,#125));
#1915=FACE_OUTER_BOUND('',#1914,.T.);
#1916=DIRECTION('',(-0.5934871983576316,-0.4815934107845831,-0.6448571408261531));
#1917=DIRECTION('',(-0.7362258894063598,0.6485678573493452,0.19321276919782976));
#1918=AXIS2_PLACEMENT_3D('',#111,#1916,#1917);
#1919=PLANE('',#1918);
#1920=FACE_SURFACE('',(#1915),#1919,.T.);
#1921=POLY_LOOP('',(#115,#124,#112));
#1922=FACE_OUTER_BOUND('',#1921,.T.);
#1923=DIRECTION('',(-0.5738007109416206,-0.6082176820942968,-0.5484742430695645));
#1924=DIRECTION('',(-0.783449007202895,0.6027873927395221,0.15117874277519103));
#1925=AXIS2_PLACEMENT_3D('',#115,#1923,#1924);
#1926=PLANE('',#1925);
#1927=FACE_SURFACE('',(#1922),#1926,.T.);
#1928=POLY_LOOP('',(#120,#126,#127));
#1929=FACE_OUTER_BOUND('',#1928,.T.);
#1930=DIRECTION('',(-0.7569278829659107,-0.3953722286293522,-0.5203277628739444));
#1931=DIRECTION('',(0.015718252058693018,-0.8070032903701081,0.5903377218881056));
#1932=AXIS2_PLACEMENT_3D('',#120,#1930,#1931);
#1933=PLANE('',#1932);
#1934=FACE_SURFACE('',(#1929),#1933,.T.);
#1935=POLY_LOOP('',(#122,#126,#120));
#1936=FACE_OUTER_BOUND('',#1935,.T.);
#1937=DIRECTION('',(-0.7043669532504484,-0.42798064759758464,-0.5663035938881481));
#1938=DIRECTION('',(-0.626623817691362,0.74970313397491,0.212809309030646));
#1939=AXIS2_PLACEMENT_3D('',#122,#1937,#1938);
#1940=PLANE('',#1939);
#1941=FACE_SURFACE('',(#1936),#1940,.T.);
#1942=POLY_LOOP('',(#122,#128,#126));
#1943=FACE_OUTER_BOUND('',#1942,.T.);
#1944=DIRECTION('',(-0.7276634246666487,-0.4650857640065973,-0.5041836694308971));
#1945=DIRECTION('',(0.013797501947381488,-0.744807516563125,0.6671367117848351));
#1946=AXIS2_PLACEMENT_3D('',#122,#1944,#1945);
#1947=PLANE('',#1946);
#1948=FACE_SURFACE('',(#1943),#1947,.T.);
#1949=POLY_LOOP('',(#123,#128,#122));
#1950=FACE_OUTER_BOUND('',#1949,.T.);
#1951=DIRECTION('',(-0.6741417684156135,-0.4996854413461472,-0.5439185010497212));
#1952=DIRECTION('',(-0.6799183745584481,0.7075063181046531,0.19273249279712865));
#1953=AXIS2_PLACEMENT_3D('',#123,#1951,#1952);
#1954=PLANE('',#1953);
#1955=FACE_SURFACE('',(#1950),#1954,.T.);
#1956=POLY_LOOP('',(#123,#129,#128));
#1957=FACE_OUTER_BOUND('',#1956,.T.);
#1958=DIRECTION('',(-0.6940932735179765,-0.5361700309657119,-0.48037092496458095));
#1959=DIRECTION('',(0.011195609888250099,-0.6752473822504418,0.7375063600289533));
#1960=AXIS2_PLACEMENT_3D('',#123,#1958,#1959);
#1961=PLANE('',#1960);
#1962=FACE_SURFACE('',(#1957),#1961,.T.);
#1963=POLY_LOOP('',(#124,#129,#123));
#1964=FACE_OUTER_BOUND('',#1963,.T.);
#1965=DIRECTION('',(-0.6404704280099698,-0.5712454694831732,-0.5132993711662575));
#1966=DIRECTION('',(-0.7284947734588043,0.6634640942430097,0.17061875832835063));
#1967=AXIS2_PLACEMENT_3D('',#124,#1965,#1966);
#1968=PLANE('',#1967);
#1969=FACE_SURFACE('',(#1964),#1968,.T.);
#1970=POLY_LOOP('',(#126,#130,#127));
#1971=FACE_OUTER_BOUND('',#1970,.T.);
#1972=DIRECTION('',(-0.757550196937601,-0.39543227135023157,-0.5193756038692989));
#1973=DIRECTION('',(-0.5637014581498405,0.7975014456899153,0.21501653471823606));
#1974=AXIS2_PLACEMENT_3D('',#126,#1972,#1973);
#1975=PLANE('',#1974);
#1976=FACE_SURFACE('',(#1971),#1975,.T.);
#1977=POLY_LOOP('',(#126,#131,#130));
#1978=FACE_OUTER_BOUND('',#1977,.T.);
#1979=DIRECTION('',(-0.7789696070334439,-0.42672329649474433,-0.459470977915712));
#1980=DIRECTION('',(0.01299739950413611,-0.7435666751687832,0.6685354644179852));
#1981=AXIS2_PLACEMENT_3D('',#126,#1979,#1980);
#1982=PLANE('',#1981);
#1983=FACE_SURFACE('',(#1978),#1982,.T.);
#1984=POLY_LOOP('',(#128,#131,#126));
#1985=FACE_OUTER_BOUND('',#1984,.T.);
#1986=DIRECTION('',(-0.728351329331224,-0.4651183436862323,-0.50315928633785));
#1987=DIRECTION('',(-0.6211541584113709,0.7581877026003485,0.1982899874271697));
#1988=AXIS2_PLACEMENT_3D('',#128,#1986,#1987);
#1989=PLANE('',#1988);
#1990=FACE_SURFACE('',(#1985),#1989,.T.);
#1991=POLY_LOOP('',(#128,#132,#131));
#1992=FACE_OUTER_BOUND('',#1991,.T.);
#1993=DIRECTION('',(-0.7469908374414395,-0.4962821092144711,-0.44238982453507303));
#1994=DIRECTION('',(0.011380958748051465,-0.674861561359949,0.7378565895733309));
#1995=AXIS2_PLACEMENT_3D('',#128,#1993,#1994);
#1996=PLANE('',#1995);
#1997=FACE_SURFACE('',(#1992),#1996,.T.);
#1998=POLY_LOOP('',(#129,#132,#128));
#1999=FACE_OUTER_BOUND('',#1998,.T.);
#2000=DIRECTION('',(-0.6945736433560862,-0.5361677197108371,-0.47967867400493597));
#2001=DIRECTION('',(-0.6758831977343472,0.7147523135132524,0.17975270053005185));
#2002=AXIS2_PLACEMENT_3D('',#129,#2000,#2001);
#2003=PLANE('',#2002);
#2004=FACE_SURFACE('',(#1999),#2003,.T.);
#2005=POLY_LOOP('',(#133,#134,#135));
#2006=FACE_OUTER_BOUND('',#2005,.T.);
#2007=DIRECTION('',(-0.8410373597919981,-0.40646003442924183,-0.35699635830899545));
#2008=DIRECTION('',(-0.48872904333577377,0.8538205152556617,0.17926084326660877));
#2009=AXIS2_PLACEMENT_3D('',#133,#2007,#2008);
#2010=PLANE('',#2009);
#2011=FACE_SURFACE('',(#2006),#2010,.T.);
#2012=POLY_LOOP('',(#120,#127,#118));
#2013=FACE_OUTER_BOUND('',#2012,.T.);
#2014=DIRECTION('',(-0.7310263613475821,-0.35899687772572475,-0.5802772620033422));
#2015=DIRECTION('',(-0.5706704989410132,0.7878741053374231,0.23149422406870174));
#2016=AXIS2_PLACEMENT_3D('',#120,#2014,#2015);
#2017=PLANE('',#2016);
#2018=FACE_SURFACE('',(#2013),#2017,.T.);
#2019=POLY_LOOP('',(#136,#131,#132));
#2020=FACE_OUTER_BOUND('',#2019,.T.);
#2021=DIRECTION('',(-0.7476048355299335,-0.49625069769732133,-0.44138674076956885));
#2022=DIRECTION('',(-0.01052372319833107,0.6733632130854436,-0.7392369271845749));
#2023=AXIS2_PLACEMENT_3D('',#136,#2021,#2022);
#2024=PLANE('',#2023);
#2025=FACE_SURFACE('',(#2020),#2024,.T.);
#2026=POLY_LOOP('',(#125,#113,#121));
#2027=FACE_OUTER_BOUND('',#2026,.T.);
#2028=DIRECTION('',(-0.6483017877585234,-0.456675794852849,-0.6092224637885747));
#2029=DIRECTION('',(0.015633016990045424,-0.8079672713069809,0.5890199464165374));
#2030=AXIS2_PLACEMENT_3D('',#125,#2028,#2029);
#2031=PLANE('',#2030);
#2032=FACE_SURFACE('',(#2027),#2031,.T.);
#2033=POLY_LOOP('',(#137,#121,#117));
#2034=FACE_OUTER_BOUND('',#2033,.T.);
#2035=DIRECTION('',(-0.6751124151748343,-0.3853057560257648,-0.6290967344138865));
#2036=DIRECTION('',(0.01858004781551249,-0.8613743452813366,0.5076307901559183));
#2037=AXIS2_PLACEMENT_3D('',#137,#2035,#2036);
#2038=PLANE('',#2037);
#2039=FACE_SURFACE('',(#2034),#2038,.T.);
#2040=POLY_LOOP('',(#138,#139,#140));
#2041=FACE_OUTER_BOUND('',#2040,.T.);
#2042=DIRECTION('',(-0.2544152661324238,-0.4885447049702102,-0.8346238335947149));
#2043=DIRECTION('',(0.9300350272832666,-0.3602185106010185,-0.07264621563851434));
#2044=AXIS2_PLACEMENT_3D('',#138,#2042,#2043);
#2045=PLANE('',#2044);
#2046=FACE_SURFACE('',(#2041),#2045,.T.);
#2047=POLY_LOOP('',(#138,#141,#139));
#2048=FACE_OUTER_BOUND('',#2047,.T.);
#2049=DIRECTION('',(-0.22981710624791193,-0.4159067514707069,-0.8798895792978343));
#2050=DIRECTION('',(-0.009509642425579591,0.9050050420110197,-0.42529453398270955));
#2051=AXIS2_PLACEMENT_3D('',#138,#2049,#2050);
#2052=PLANE('',#2051);
#2053=FACE_SURFACE('',(#2048),#2052,.T.);
#2054=POLY_LOOP('',(#142,#141,#138));
#2055=FACE_OUTER_BOUND('',#2054,.T.);
#2056=DIRECTION('',(-0.3190965519569021,-0.4058237171287991,-0.8564370970158758));
#2057=DIRECTION('',(0.8874742072995189,-0.4450170809739731,-0.11978868485585253));
#2058=AXIS2_PLACEMENT_3D('',#142,#2056,#2057);
#2059=PLANE('',#2058);
#2060=FACE_SURFACE('',(#2055),#2059,.T.);
#2061=POLY_LOOP('',(#142,#143,#141));
#2062=FACE_OUTER_BOUND('',#2061,.T.);
#2063=DIRECTION('',(-0.29026310901727775,-0.33785585615380453,-0.895321589154536));
#2064=DIRECTION('',(-0.013580508847212125,0.936962297179893,-0.349166469528259));
#2065=AXIS2_PLACEMENT_3D('',#142,#2063,#2064);
#2066=PLANE('',#2065);
#2067=FACE_SURFACE('',(#2062),#2066,.T.);
#2068=POLY_LOOP('',(#144,#143,#142));
#2069=FACE_OUTER_BOUND('',#2068,.T.);
#2070=DIRECTION('',(-0.3598793603817054,-0.3303775899570234,-0.8725465569386217));
#2071=DIRECTION('',(0.8523912686620244,-0.4966846959698389,-0.1635036326755262));
#2072=AXIS2_PLACEMENT_3D('',#144,#2070,#2071);
#2073=PLANE('',#2072);
#2074=FACE_SURFACE('',(#2069),#2073,.T.);
#2075=POLY_LOOP('',(#144,#145,#143));
#2076=FACE_OUTER_BOUND('',#2075,.T.);
#2077=DIRECTION('',(-0.3291861287409676,-0.2667555532351839,-0.9058023887486311));
#2078=DIRECTION('',(-0.016339688454805896,0.9607326623555978,-0.2769941625094735));
#2079=AXIS2_PLACEMENT_3D('',#144,#2077,#2078);
#2080=PLANE('',#2079);
#2081=FACE_SURFACE('',(#2076),#2080,.T.);
#2082=POLY_LOOP('',(#146,#145,#144));
#2083=FACE_OUTER_BOUND('',#2082,.T.);
#2084=DIRECTION('',(-0.39240758068741294,-0.2609663717053471,-0.8819936754070283));
#2085=DIRECTION('',(0.8202419377009591,-0.5331807843833086,-0.20717484113901383));
#2086=AXIS2_PLACEMENT_3D('',#146,#2084,#2085);
#2087=PLANE('',#2086);
#2088=FACE_SURFACE('',(#2083),#2087,.T.);
#2089=POLY_LOOP('',(#146,#147,#145));
#2090=FACE_OUTER_BOUND('',#2089,.T.);
#2091=DIRECTION('',(-0.36222192265977954,-0.20382837217264732,-0.9095324477126154));
#2092=DIRECTION('',(-0.020758051007928324,0.9773190102748328,-0.2107525930416365));
#2093=AXIS2_PLACEMENT_3D('',#146,#2091,#2092);
#2094=PLANE('',#2093);
#2095=FACE_SURFACE('',(#2090),#2094,.T.);
#2096=POLY_LOOP('',(#148,#147,#146));
#2097=FACE_OUTER_BOUND('',#2096,.T.);
#2098=DIRECTION('',(-0.4192305320821967,-0.1998791621703005,-0.8856037948767931));
#2099=DIRECTION('',(0.7892648648804926,-0.5623111680747565,-0.24671263308468924));
#2100=AXIS2_PLACEMENT_3D('',#148,#2098,#2099);
#2101=PLANE('',#2100);
#2102=FACE_SURFACE('',(#2097),#2101,.T.);
#2103=POLY_LOOP('',(#149,#148,#146));
#2104=FACE_OUTER_BOUND('',#2103,.T.);
#2105=DIRECTION('',(-0.46351149313784884,-0.21011490218915924,-0.8608186938067516));
#2106=DIRECTION('',(0.6613820369845159,0.5644746202238297,-0.4939050559342106));
#2107=AXIS2_PLACEMENT_3D('',#149,#2105,#2106);
#2108=PLANE('',#2107);
#2109=FACE_SURFACE('',(#2104),#2108,.T.);
#2110=POLY_LOOP('',(#149,#150,#148));
#2111=FACE_OUTER_BOUND('',#2110,.T.);
#2112=DIRECTION('',(-0.4734335610901286,-0.1965632106672161,-0.8586172415259986));
#2113=DIRECTION('',(-0.02572856535617766,0.9774525852201896,-0.2095816894938127));
#2114=AXIS2_PLACEMENT_3D('',#149,#2112,#2113);
#2115=PLANE('',#2114);
#2116=FACE_SURFACE('',(#2111),#2115,.T.);
#2117=POLY_LOOP('',(#151,#150,#149));
#2118=FACE_OUTER_BOUND('',#2117,.T.);
#2119=DIRECTION('',(-0.5209174815806987,-0.19204651888750301,-0.8317229778999823));
#2120=DIRECTION('',(0.7054643559273949,-0.6454325407773417,-0.29280860271114145));
#2121=AXIS2_PLACEMENT_3D('',#151,#2119,#2120);
#2122=PLANE('',#2121);
#2123=FACE_SURFACE('',(#2118),#2122,.T.);
#2124=POLY_LOOP('',(#125,#121,#137));
#2125=FACE_OUTER_BOUND('',#2124,.T.);
#2126=DIRECTION('',(-0.6194919812644948,-0.40843563225453816,-0.6703805034857641));
#2127=DIRECTION('',(-0.6907569445193317,0.6893356306934422,0.2183374266011017));
#2128=AXIS2_PLACEMENT_3D('',#125,#2126,#2127);
#2129=PLANE('',#2128);
#2130=FACE_SURFACE('',(#2125),#2129,.T.);
#2131=POLY_LOOP('',(#119,#152,#153));
#2132=FACE_OUTER_BOUND('',#2131,.T.);
#2133=DIRECTION('',(-0.7240948634777682,-0.25660687871688376,-0.6401871120854361));
#2134=DIRECTION('',(-0.2969593923386549,0.9537613281545945,-0.04641603406841945));
#2135=AXIS2_PLACEMENT_3D('',#119,#2133,#2134);
#2136=PLANE('',#2135);
#2137=FACE_SURFACE('',(#2132),#2136,.T.);
#2138=POLY_LOOP('',(#118,#154,#119));
#2139=FACE_OUTER_BOUND('',#2138,.T.);
#2140=DIRECTION('',(-0.7550505424787686,-0.2944857962876292,-0.5858129343803858));
#2141=DIRECTION('',(-0.30676760647922957,0.9483042915880517,-0.08131793265133966));
#2142=AXIS2_PLACEMENT_3D('',#118,#2140,#2141);
#2143=PLANE('',#2142);
#2144=FACE_SURFACE('',(#2139),#2143,.T.);
#2145=POLY_LOOP('',(#118,#155,#154));
#2146=FACE_OUTER_BOUND('',#2145,.T.);
#2147=DIRECTION('',(-0.7552395471659661,-0.2945243771532324,-0.5855498421646502));
#2148=DIRECTION('',(-0.5137202696172974,0.8208056761954209,0.2497389166904293));
#2149=AXIS2_PLACEMENT_3D('',#118,#2147,#2148);
#2150=PLANE('',#2149);
#2151=FACE_SURFACE('',(#2146),#2150,.T.);
#2152=POLY_LOOP('',(#127,#155,#118));
#2153=FACE_OUTER_BOUND('',#2152,.T.);
#2154=DIRECTION('',(-0.7826883902543136,-0.32913120316173317,-0.5282722166330738));
#2155=DIRECTION('',(-0.3168455163589148,0.9412353619761158,-0.11698252916116651));
#2156=AXIS2_PLACEMENT_3D('',#127,#2154,#2155);
#2157=PLANE('',#2156);
#2158=FACE_SURFACE('',(#2153),#2157,.T.);
#2159=POLY_LOOP('',(#127,#156,#155));
#2160=FACE_OUTER_BOUND('',#2159,.T.);
#2161=DIRECTION('',(-0.782836793756913,-0.32915219771712506,-0.5280391889608033));
#2162=DIRECTION('',(-0.5052921657049874,0.8315138957863114,0.23079096254280565));
#2163=AXIS2_PLACEMENT_3D('',#127,#2161,#2162);
#2164=PLANE('',#2163);
#2165=FACE_SURFACE('',(#2160),#2164,.T.);
#2166=POLY_LOOP('',(#130,#156,#127));
#2167=FACE_OUTER_BOUND('',#2166,.T.);
#2168=DIRECTION('',(-0.8062941345695308,-0.3596139635373817,-0.46964621342847623));
#2169=DIRECTION('',(-0.32691235760803233,0.9326097402184843,-0.15286393588014532));
#2170=AXIS2_PLACEMENT_3D('',#130,#2168,#2169);
#2171=PLANE('',#2170);
#2172=FACE_SURFACE('',(#2167),#2171,.T.);
#2173=POLY_LOOP('',(#130,#157,#156));
#2174=FACE_OUTER_BOUND('',#2173,.T.);
#2175=DIRECTION('',(-0.8064543835360856,-0.35962379019648255,-0.4693634591658668));
#2176=DIRECTION('',(-0.4985341559421423,0.8403742374482223,0.2126848287781117));
#2177=AXIS2_PLACEMENT_3D('',#130,#2175,#2176);
#2178=PLANE('',#2177);
#2179=FACE_SURFACE('',(#2174),#2178,.T.);
#2180=POLY_LOOP('',(#158,#157,#130));
#2181=FACE_OUTER_BOUND('',#2180,.T.);
#2182=DIRECTION('',(-0.8255624063132452,-0.38543261694076003,-0.41217521890633063));
#2183=DIRECTION('',(-0.3366780908763952,0.9225839756038872,-0.18837906221964212));
#2184=AXIS2_PLACEMENT_3D('',#158,#2182,#2183);
#2185=PLANE('',#2184);
#2186=FACE_SURFACE('',(#2181),#2185,.T.);
#2187=POLY_LOOP('',(#158,#135,#157));
#2188=FACE_OUTER_BOUND('',#2187,.T.);
#2189=DIRECTION('',(-0.8258060626409198,-0.38542354570843196,-0.41169532098269135));
#2190=DIRECTION('',(-0.493112665235538,0.8477144279047779,0.19549973940233104));
#2191=AXIS2_PLACEMENT_3D('',#158,#2189,#2190);
#2192=PLANE('',#2191);
#2193=FACE_SURFACE('',(#2188),#2192,.T.);
#2194=POLY_LOOP('',(#133,#135,#158));
#2195=FACE_OUTER_BOUND('',#2194,.T.);
#2196=DIRECTION('',(-0.8406832586433838,-0.40651432842870594,-0.35776774507898224));
#2197=DIRECTION('',(-0.3458560044740967,0.9114236185178263,-0.22291391113406453));
#2198=AXIS2_PLACEMENT_3D('',#133,#2196,#2197);
#2199=PLANE('',#2198);
#2200=FACE_SURFACE('',(#2195),#2199,.T.);
#2201=POLY_LOOP('',(#159,#119,#153));
#2202=FACE_OUTER_BOUND('',#2201,.T.);
#2203=DIRECTION('',(-0.667318517419553,-0.2745512026103346,-0.6923204701972843));
#2204=DIRECTION('',(-0.5894230868507658,0.7629171570281904,0.26558960107530205));
#2205=AXIS2_PLACEMENT_3D('',#159,#2203,#2204);
#2206=PLANE('',#2205);
#2207=FACE_SURFACE('',(#2202),#2206,.T.);
#2208=POLY_LOOP('',(#159,#117,#119));
#2209=FACE_OUTER_BOUND('',#2208,.T.);
#2210=DIRECTION('',(-0.6998950856320904,-0.31810955932456786,-0.6394944701671611));
#2211=DIRECTION('',(0.021201719200169035,-0.9042009731094857,0.4265806926371801));
#2212=AXIS2_PLACEMENT_3D('',#159,#2210,#2211);
#2213=PLANE('',#2212);
#2214=FACE_SURFACE('',(#2209),#2213,.T.);
#2215=POLY_LOOP('',(#137,#117,#159));
#2216=FACE_OUTER_BOUND('',#2215,.T.);
#2217=DIRECTION('',(-0.6438080159930493,-0.3387831871262826,-0.6861029009293369));
#2218=DIRECTION('',(-0.6412122031109391,0.7281606599632368,0.2421341856564648));
#2219=AXIS2_PLACEMENT_3D('',#137,#2217,#2218);
#2220=PLANE('',#2219);
#2221=FACE_SURFACE('',(#2216),#2220,.T.);
#2222=POLY_LOOP('',(#119,#154,#152));
#2223=FACE_OUTER_BOUND('',#2222,.T.);
#2224=DIRECTION('',(-0.7245225150484291,-0.25671437571616534,-0.6396599522313073));
#2225=DIRECTION('',(-0.5241699331527457,0.8078470115615277,0.26949784245844133));
#2226=AXIS2_PLACEMENT_3D('',#119,#2224,#2225);
#2227=PLANE('',#2226);
#2228=FACE_SURFACE('',(#2223),#2227,.T.);
#2229=POLY_LOOP('',(#136,#158,#131));
#2230=FACE_OUTER_BOUND('',#2229,.T.);
#2231=DIRECTION('',(-0.7964660179515187,-0.45263063240926893,-0.4009580936372732));
#2232=DIRECTION('',(-0.37992057524561296,0.8904478747828094,-0.25052532566553215));
#2233=AXIS2_PLACEMENT_3D('',#136,#2231,#2232);
#2234=PLANE('',#2233);
#2235=FACE_SURFACE('',(#2230),#2234,.T.);
#2236=POLY_LOOP('',(#133,#158,#136));
#2237=FACE_OUTER_BOUND('',#2236,.T.);
#2238=DIRECTION('',(-0.7970702023449857,-0.45256956841883783,-0.39982480947898985));
#2239=DIRECTION('',(-0.008148854707178597,0.6700861729382008,-0.7422385849603864));
#2240=AXIS2_PLACEMENT_3D('',#133,#2238,#2239);
#2241=PLANE('',#2240);
#2242=FACE_SURFACE('',(#2237),#2241,.T.);
#2243=POLY_LOOP('',(#160,#161,#162));
#2244=FACE_OUTER_BOUND('',#2243,.T.);
#2245=DIRECTION('',(0.9430952754398944,-0.30039811727457166,-0.14259127806721747));
#2246=DIRECTION('',(0.33231585959121207,0.8363343113139319,0.4360173037658082));
#2247=AXIS2_PLACEMENT_3D('',#160,#2245,#2246);
#2248=PLANE('',#2247);
#2249=FACE_SURFACE('',(#2244),#2248,.T.);
#2250=POLY_LOOP('',(#163,#17,#19));
#2251=FACE_OUTER_BOUND('',#2250,.T.);
#2252=DIRECTION('',(0.9352934746667676,-0.2860070104188927,-0.20838931411426057));
#2253=DIRECTION('',(-0.009856195138549125,0.5675989379609339,-0.8232461971020643));
#2254=AXIS2_PLACEMENT_3D('',#163,#2252,#2253);
#2255=PLANE('',#2254);
#2256=FACE_SURFACE('',(#2251),#2255,.T.);
#2257=POLY_LOOP('',(#164,#17,#163));
#2258=FACE_OUTER_BOUND('',#2257,.T.);
#2259=DIRECTION('',(0.916253694078775,-0.3245970431353734,-0.2347678165225619));
#2260=DIRECTION('',(0.36555445475810283,0.917184959552272,0.1585613148835596));
#2261=AXIS2_PLACEMENT_3D('',#164,#2259,#2260);
#2262=PLANE('',#2261);
#2263=FACE_SURFACE('',(#2258),#2262,.T.);
#2264=POLY_LOOP('',(#164,#21,#17));
#2265=FACE_OUTER_BOUND('',#2264,.T.);
#2266=DIRECTION('',(0.9083184877099102,-0.3143089131990671,-0.2759844777664187));
#2267=DIRECTION('',(-0.003038508071692755,0.6548335716468962,-0.7557670017358973));
#2268=AXIS2_PLACEMENT_3D('',#164,#2266,#2267);
#2269=PLANE('',#2268);
#2270=FACE_SURFACE('',(#2265),#2269,.T.);
#2271=POLY_LOOP('',(#165,#21,#164));
#2272=FACE_OUTER_BOUND('',#2271,.T.);
#2273=DIRECTION('',(0.8783038194311166,-0.35958285575641746,-0.3150913686833896));
#2274=DIRECTION('',(0.4289149935440469,0.8837738383819674,0.18701799620548334));
#2275=AXIS2_PLACEMENT_3D('',#165,#2273,#2274);
#2276=PLANE('',#2275);
#2277=FACE_SURFACE('',(#2272),#2276,.T.);
#2278=POLY_LOOP('',(#165,#23,#21));
#2279=FACE_OUTER_BOUND('',#2278,.T.);
#2280=DIRECTION('',(0.8655612776066398,-0.3428223807116071,-0.36507052742064383));
#2281=DIRECTION('',(0.005826967946259357,0.7358150102191825,-0.6771575275965686));
#2282=AXIS2_PLACEMENT_3D('',#165,#2280,#2281);
#2283=PLANE('',#2282);
#2284=FACE_SURFACE('',(#2279),#2283,.T.);
#2285=POLY_LOOP('',(#166,#23,#165));
#2286=FACE_OUTER_BOUND('',#2285,.T.);
#2287=DIRECTION('',(0.8258746228445443,-0.38535153585633747,-0.4116251949948446));
#2288=DIRECTION('',(0.4982054803877729,0.8405737828738619,0.21266644036310545));
#2289=AXIS2_PLACEMENT_3D('',#166,#2287,#2288);
#2290=PLANE('',#2289);
#2291=FACE_SURFACE('',(#2286),#2290,.T.);
#2292=POLY_LOOP('',(#166,#25,#23));
#2293=FACE_OUTER_BOUND('',#2292,.T.);
#2294=DIRECTION('',(0.806620482799305,-0.3593511878585849,-0.4692868211587028));
#2295=DIRECTION('',(0.013543816779919999,0.8049904688583474,-0.5931331301438573));
#2296=AXIS2_PLACEMENT_3D('',#166,#2294,#2295);
#2297=PLANE('',#2296);
#2298=FACE_SURFACE('',(#2293),#2297,.T.);
#2299=POLY_LOOP('',(#167,#25,#166));
#2300=FACE_OUTER_BOUND('',#2299,.T.);
#2301=DIRECTION('',(0.7574042030945789,-0.3955310213550629,-0.5195133148250259));
#2302=DIRECTION('',(0.5703530904878701,0.7881010347199616,0.23150401993110492));
#2303=AXIS2_PLACEMENT_3D('',#167,#2301,#2302);
#2304=PLANE('',#2303);
#2305=FACE_SURFACE('',(#2300),#2304,.T.);
#2306=POLY_LOOP('',(#167,#27,#25));
#2307=FACE_OUTER_BOUND('',#2306,.T.);
#2308=DIRECTION('',(0.7310564003990091,-0.3585421584508984,-0.5805205078625685));
#2309=DIRECTION('',(0.018489810062908587,0.860905145409883,-0.5084294027007343));
#2310=AXIS2_PLACEMENT_3D('',#167,#2308,#2309);
#2311=PLANE('',#2310);
#2312=FACE_SURFACE('',(#2307),#2311,.T.);
#2313=POLY_LOOP('',(#168,#27,#167));
#2314=FACE_OUTER_BOUND('',#2313,.T.);
#2315=DIRECTION('',(0.675653004474996,-0.3855931607462115,-0.6283398220148531));
#2316=DIRECTION('',(0.6409164192826278,0.728407465022013,0.24217495410165674));
#2317=AXIS2_PLACEMENT_3D('',#168,#2315,#2316);
#2318=PLANE('',#2317);
#2319=FACE_SURFACE('',(#2314),#2318,.T.);
#2320=POLY_LOOP('',(#168,#29,#27));
#2321=FACE_OUTER_BOUND('',#2320,.T.);
#2322=DIRECTION('',(0.6438014006159977,-0.33827778972386435,-0.6863584293533641));
#2323=DIRECTION('',(0.020735900847955645,0.9043580004664821,-0.42627060584596976));
#2324=AXIS2_PLACEMENT_3D('',#168,#2322,#2323);
#2325=PLANE('',#2324);
#2326=FACE_SURFACE('',(#2321),#2325,.T.);
#2327=POLY_LOOP('',(#169,#29,#168));
#2328=FACE_OUTER_BOUND('',#2327,.T.);
#2329=DIRECTION('',(0.5863618542118517,-0.3563361013508937,-0.7274643350703076));
#2330=DIRECTION('',(0.705890943104888,0.6653023824601729,0.2430858209260869));
#2331=AXIS2_PLACEMENT_3D('',#169,#2329,#2330);
#2332=PLANE('',#2331);
#2333=FACE_SURFACE('',(#2328),#2332,.T.);
#2334=POLY_LOOP('',(#163,#19,#170));
#2335=FACE_OUTER_BOUND('',#2334,.T.);
#2336=DIRECTION('',(0.9390609281862541,-0.2860061330617868,-0.19069626374162274));
#2337=DIRECTION('',(0.2797369111536386,0.9582241627247273,-0.059613039754039025));
#2338=AXIS2_PLACEMENT_3D('',#163,#2336,#2337);
#2339=PLANE('',#2338);
#2340=FACE_SURFACE('',(#2335),#2339,.T.);
#2341=POLY_LOOP('',(#169,#62,#29));
#2342=FACE_OUTER_BOUND('',#2341,.T.);
#2343=DIRECTION('',(0.5519666456722346,-0.3015914033039923,-0.7774158780977339));
#2344=DIRECTION('',(0.020949134411350726,0.9370240461084685,-0.34863601475167477));
#2345=AXIS2_PLACEMENT_3D('',#169,#2343,#2344);
#2346=PLANE('',#2345);
#2347=FACE_SURFACE('',(#2342),#2346,.T.);
#2348=POLY_LOOP('',(#171,#60,#62));
#2349=FACE_OUTER_BOUND('',#2348,.T.);
#2350=DIRECTION('',(0.4618123825896176,-0.25430695404840414,-0.8497395462196187));
#2351=DIRECTION('',(0.019940930119710248,0.9607515028061887,-0.2766928064869248));
#2352=AXIS2_PLACEMENT_3D('',#171,#2350,#2351);
#2353=PLANE('',#2352);
#2354=FACE_SURFACE('',(#2349),#2353,.T.);
#2355=POLY_LOOP('',(#172,#60,#171));
#2356=FACE_OUTER_BOUND('',#2355,.T.);
#2357=DIRECTION('',(0.39313683439876684,-0.2619896616091103,-0.8813653309773766));
#2358=DIRECTION('',(0.8201166880303451,0.5333320336547287,0.20728135442400256));
#2359=AXIS2_PLACEMENT_3D('',#172,#2357,#2358);
#2360=PLANE('',#2359);
#2361=FACE_SURFACE('',(#2356),#2360,.T.);
#2362=POLY_LOOP('',(#172,#173,#60));
#2363=FACE_OUTER_BOUND('',#2362,.T.);
#2364=DIRECTION('',(0.36512752594611936,-0.20886900275399414,-0.907224134095328));
#2365=DIRECTION('',(0.17827042850671806,0.9721594754552616,-0.15207106431725215));
#2366=AXIS2_PLACEMENT_3D('',#172,#2364,#2365);
#2367=PLANE('',#2366);
#2368=FACE_SURFACE('',(#2363),#2367,.T.);
#2369=POLY_LOOP('',(#174,#173,#172));
#2370=FACE_OUTER_BOUND('',#2369,.T.);
#2371=DIRECTION('',(0.2913575228706669,-0.1997680751615658,-0.935523121046675));
#2372=DIRECTION('',(0.8681721259418701,0.4659106371161596,0.17089306001001925));
#2373=AXIS2_PLACEMENT_3D('',#174,#2371,#2372);
#2374=PLANE('',#2373);
#2375=FACE_SURFACE('',(#2370),#2374,.T.);
#2376=POLY_LOOP('',(#64,#175,#63));
#2377=FACE_OUTER_BOUND('',#2376,.T.);
#2378=DIRECTION('',(0.9179825775432575,-0.26357354154857643,-0.2963730344052546));
#2379=DIRECTION('',(0.2422149511275055,0.9642688475750797,-0.10731964893032345));
#2380=AXIS2_PLACEMENT_3D('',#64,#2378,#2379);
#2381=PLANE('',#2380);
#2382=FACE_SURFACE('',(#2377),#2381,.T.);
#2383=POLY_LOOP('',(#64,#34,#175));
#2384=FACE_OUTER_BOUND('',#2383,.T.);
#2385=DIRECTION('',(0.9004530337450173,-0.26460540613641975,-0.34520763760782425));
#2386=DIRECTION('',(-0.009027788038803492,0.7821252063872746,-0.6230559048566906));
#2387=AXIS2_PLACEMENT_3D('',#64,#2385,#2386);
#2388=PLANE('',#2387);
#2389=FACE_SURFACE('',(#2384),#2388,.T.);
#2390=POLY_LOOP('',(#65,#34,#64));
#2391=FACE_OUTER_BOUND('',#2390,.T.);
#2392=DIRECTION('',(0.8840919721477408,-0.28488851920855657,-0.3704320671959626));
#2393=DIRECTION('',(0.378031036498845,0.9020036368007333,0.2085233191800377));
#2394=AXIS2_PLACEMENT_3D('',#65,#2392,#2393);
#2395=PLANE('',#2394);
#2396=FACE_SURFACE('',(#2391),#2395,.T.);
#2397=POLY_LOOP('',(#65,#53,#34));
#2398=FACE_OUTER_BOUND('',#2397,.T.);
#2399=DIRECTION('',(0.8667829428827976,-0.26571291979807415,-0.4219999694073676));
#2400=DIRECTION('',(0.006726065395477402,0.8523766898033601,-0.5228850148208132));
#2401=AXIS2_PLACEMENT_3D('',#65,#2399,#2400);
#2402=PLANE('',#2401);
#2403=FACE_SURFACE('',(#2398),#2402,.T.);
#2404=POLY_LOOP('',(#66,#53,#65));
#2405=FACE_OUTER_BOUND('',#2404,.T.);
#2406=DIRECTION('',(0.8287961004877216,-0.29732461142419125,-0.47402014646826995));
#2407=DIRECTION('',(0.4480338789426277,0.8601144952247477,0.24386204793673893));
#2408=AXIS2_PLACEMENT_3D('',#66,#2406,#2407);
#2409=PLANE('',#2408);
#2410=FACE_SURFACE('',(#2405),#2409,.T.);
#2411=POLY_LOOP('',(#66,#75,#53));
#2412=FACE_OUTER_BOUND('',#2411,.T.);
#2413=DIRECTION('',(0.804443851207807,-0.2688511175409108,-0.5297066800135289));
#2414=DIRECTION('',(0.01791397769496135,0.9022929960641418,-0.43075101701184526));
#2415=AXIS2_PLACEMENT_3D('',#66,#2413,#2414);
#2416=PLANE('',#2415);
#2417=FACE_SURFACE('',(#2412),#2416,.T.);
#2418=POLY_LOOP('',(#67,#75,#66));
#2419=FACE_OUTER_BOUND('',#2418,.T.);
#2420=DIRECTION('',(0.755381231174948,-0.29446365597506446,-0.5853976006941082));
#2421=DIRECTION('',(0.5238509735120211,0.8080529859707984,0.2695005183931644));
#2422=AXIS2_PLACEMENT_3D('',#67,#2420,#2421);
#2423=PLANE('',#2422);
#2424=FACE_SURFACE('',(#2419),#2423,.T.);
#2425=POLY_LOOP('',(#67,#73,#75));
#2426=FACE_OUTER_BOUND('',#2425,.T.);
#2427=DIRECTION('',(0.7246288348604957,-0.2564321729018991,-0.6396527123287531));
#2428=DIRECTION('',(0.023904766771178837,0.9369852323544753,-0.34855019218936845));
#2429=AXIS2_PLACEMENT_3D('',#67,#2427,#2428);
#2430=PLANE('',#2429);
#2431=FACE_SURFACE('',(#2426),#2430,.T.);
#2432=POLY_LOOP('',(#171,#62,#169));
#2433=FACE_OUTER_BOUND('',#2432,.T.);
#2434=DIRECTION('',(0.49575837769631764,-0.3125573333244778,-0.8102663415994807));
#2435=DIRECTION('',(0.762638912757622,0.603010704738306,0.2340085013816458));
#2436=AXIS2_PLACEMENT_3D('',#171,#2434,#2435);
#2437=PLANE('',#2436);
#2438=FACE_SURFACE('',(#2433),#2437,.T.);
#2439=POLY_LOOP('',(#176,#177,#178));
#2440=FACE_OUTER_BOUND('',#2439,.T.);
#2441=DIRECTION('',(-0.00947065897913035,-0.20454200754297117,-0.9788119705892404));
#2442=DIRECTION('',(0.9990624356054116,-0.043288156732302706,-0.0006206842211507877));
#2443=AXIS2_PLACEMENT_3D('',#176,#2441,#2442);
#2444=PLANE('',#2443);
#2445=FACE_SURFACE('',(#2440),#2444,.T.);
#2446=POLY_LOOP('',(#178,#177,#179));
#2447=FACE_OUTER_BOUND('',#2446,.T.);
#2448=DIRECTION('',(0.009470204313142093,-0.20453134335796858,-0.9788142034188367));
#2449=DIRECTION('',(-0.0005752338753540792,0.9788568224696894,-0.20454581445371026));
#2450=AXIS2_PLACEMENT_3D('',#178,#2448,#2449);
#2451=PLANE('',#2450);
#2452=FACE_SURFACE('',(#2447),#2451,.T.);
#2453=POLY_LOOP('',(#178,#179,#180));
#2454=FACE_OUTER_BOUND('',#2453,.T.);
#2455=DIRECTION('',(0.010781945038795555,-0.20563130798476456,-0.9785701379245412));
#2456=DIRECTION('',(0.6515015404726762,0.7438455451074795,-0.14912929888350762));
#2457=AXIS2_PLACEMENT_3D('',#178,#2455,#2456);
#2458=PLANE('',#2457);
#2459=FACE_SURFACE('',(#2454),#2458,.T.);
#2460=POLY_LOOP('',(#160,#163,#161));
#2461=FACE_OUTER_BOUND('',#2460,.T.);
#2462=DIRECTION('',(0.9429651612278251,-0.2850198317925263,-0.17198953513380275));
#2463=DIRECTION('',(-0.007429253993418174,0.49850668670337295,-0.866854018562022));
#2464=AXIS2_PLACEMENT_3D('',#160,#2462,#2463);
#2465=PLANE('',#2464);
#2466=FACE_SURFACE('',(#2461),#2465,.T.);
#2467=POLY_LOOP('',(#181,#163,#160));
#2468=FACE_OUTER_BOUND('',#2467,.T.);
#2469=DIRECTION('',(0.9219220545886837,-0.33234016343026396,-0.19902196118550713));
#2470=DIRECTION('',(0.36305682143488816,0.9204575163289382,0.14473322024731594));
#2471=AXIS2_PLACEMENT_3D('',#181,#2469,#2470);
#2472=PLANE('',#2471);
#2473=FACE_SURFACE('',(#2468),#2472,.T.);
#2474=POLY_LOOP('',(#181,#164,#163));
#2475=FACE_OUTER_BOUND('',#2474,.T.);
#2476=DIRECTION('',(0.9162615518019303,-0.32446234101170834,-0.23492330228123573));
#2477=DIRECTION('',(-0.0027046578478164226,0.5814328264748326,-0.8135899170487633));
#2478=AXIS2_PLACEMENT_3D('',#181,#2476,#2477);
#2479=PLANE('',#2478);
#2480=FACE_SURFACE('',(#2475),#2479,.T.);
#2481=POLY_LOOP('',(#182,#164,#181));
#2482=FACE_OUTER_BOUND('',#2481,.T.);
#2483=DIRECTION('',(0.8878856069242189,-0.3729036571116222,-0.2694476044235489));
#2484=DIRECTION('',(0.4251498422100552,0.8888586739491974,0.17081530790312527));
#2485=AXIS2_PLACEMENT_3D('',#182,#2483,#2484);
#2486=PLANE('',#2485);
#2487=FACE_SURFACE('',(#2482),#2486,.T.);
#2488=POLY_LOOP('',(#182,#165,#164));
#2489=FACE_OUTER_BOUND('',#2488,.T.);
#2490=DIRECTION('',(0.8783077927694517,-0.3595447284595193,-0.315123800112629));
#2491=DIRECTION('',(0.0037043110750983135,0.6642209086598284,-0.7475271651107878));
#2492=AXIS2_PLACEMENT_3D('',#182,#2490,#2491);
#2493=PLANE('',#2492);
#2494=FACE_SURFACE('',(#2489),#2493,.T.);
#2495=POLY_LOOP('',(#183,#165,#182));
#2496=FACE_OUTER_BOUND('',#2495,.T.);
#2497=DIRECTION('',(0.8410206980971978,-0.4064798098386058,-0.3570130943896493));
#2498=DIRECTION('',(0.492787654260953,0.8479094999327732,0.19547329160717059));
#2499=AXIS2_PLACEMENT_3D('',#183,#2497,#2498);
#2500=PLANE('',#2499);
#2501=FACE_SURFACE('',(#2496),#2500,.T.);
#2502=POLY_LOOP('',(#183,#166,#165));
#2503=FACE_OUTER_BOUND('',#2502,.T.);
#2504=DIRECTION('',(0.8259228193159122,-0.3850786211114624,-0.41178386575502174));
#2505=DIRECTION('',(0.010539535243935192,0.7408123183634349,-0.6716293822919265));
#2506=AXIS2_PLACEMENT_3D('',#183,#2504,#2505);
#2507=PLANE('',#2506);
#2508=FACE_SURFACE('',(#2503),#2507,.T.);
#2509=POLY_LOOP('',(#184,#166,#183));
#2510=FACE_OUTER_BOUND('',#2509,.T.);
#2511=DIRECTION('',(0.779418225108851,-0.4268519027490755,-0.4585898859413083));
#2512=DIRECTION('',(0.5633866298779412,0.7977243223841305,0.2150149082076762));
#2513=AXIS2_PLACEMENT_3D('',#184,#2511,#2512);
#2514=PLANE('',#2513);
#2515=FACE_SURFACE('',(#2510),#2514,.T.);
#2516=POLY_LOOP('',(#184,#167,#166));
#2517=FACE_OUTER_BOUND('',#2516,.T.);
#2518=DIRECTION('',(0.7575690725887123,-0.39494465549309404,-0.5197189811374218));
#2519=DIRECTION('',(0.01570992927742691,0.8069938408756567,-0.5903508608538262));
#2520=AXIS2_PLACEMENT_3D('',#184,#2518,#2519);
#2521=PLANE('',#2520);
#2522=FACE_SURFACE('',(#2517),#2521,.T.);
#2523=POLY_LOOP('',(#185,#167,#184));
#2524=FACE_OUTER_BOUND('',#2523,.T.);
#2525=DIRECTION('',(0.704132478795482,-0.42811953883881265,-0.5664901700557323));
#2526=DIRECTION('',(0.6329552813435032,0.7400104252440263,0.2274910599331809));
#2527=AXIS2_PLACEMENT_3D('',#185,#2525,#2526);
#2528=PLANE('',#2527);
#2529=FACE_SURFACE('',(#2524),#2528,.T.);
#2530=POLY_LOOP('',(#185,#168,#167));
#2531=FACE_OUTER_BOUND('',#2530,.T.);
#2532=DIRECTION('',(0.6759257660875471,-0.38494850738779396,-0.6284417279262033));
#2533=DIRECTION('',(0.018581375847976783,0.8613682835388295,-0.5076410272869665));
#2534=AXIS2_PLACEMENT_3D('',#185,#2532,#2533);
#2535=PLANE('',#2534);
#2536=FACE_SURFACE('',(#2531),#2535,.T.);
#2537=POLY_LOOP('',(#186,#168,#185));
#2538=FACE_OUTER_BOUND('',#2537,.T.);
#2539=DIRECTION('',(0.6192350532770455,-0.40854315610429665,-0.6705523382953154));
#2540=DIRECTION('',(0.6975587398270757,0.678300895462834,0.23091058811838738));
#2541=AXIS2_PLACEMENT_3D('',#186,#2539,#2540);
#2542=PLANE('',#2541);
#2543=FACE_SURFACE('',(#2538),#2542,.T.);
#2544=POLY_LOOP('',(#186,#169,#168));
#2545=FACE_OUTER_BOUND('',#2544,.T.);
#2546=DIRECTION('',(0.5867248186616829,-0.3557351475523901,-0.727465801232123));
#2547=DIRECTION('',(0.019430699726099676,0.9042687520273096,-0.4265213617336491));
#2548=AXIS2_PLACEMENT_3D('',#186,#2546,#2547);
#2549=PLANE('',#2548);
#2550=FACE_SURFACE('',(#2545),#2549,.T.);
#2551=POLY_LOOP('',(#187,#169,#186));
#2552=FACE_OUTER_BOUND('',#2551,.T.);
#2553=DIRECTION('',(0.5302864099589445,-0.37097524721434993,-0.7623474859715261));
#2554=DIRECTION('',(0.7543510259808641,0.6168769716578815,0.22453804007298886));
#2555=AXIS2_PLACEMENT_3D('',#187,#2553,#2554);
#2556=PLANE('',#2555);
#2557=FACE_SURFACE('',(#2552),#2556,.T.);
#2558=POLY_LOOP('',(#187,#171,#169));
#2559=FACE_OUTER_BOUND('',#2558,.T.);
#2560=DIRECTION('',(0.49625919455784917,-0.3119491160705387,-0.8101941500650348));
#2561=DIRECTION('',(0.01889533981471851,0.936875732345122,-0.3491515835222253));
#2562=AXIS2_PLACEMENT_3D('',#187,#2560,#2561);
#2563=PLANE('',#2562);
#2564=FACE_SURFACE('',(#2559),#2563,.T.);
#2565=POLY_LOOP('',(#188,#171,#187));
#2566=FACE_OUTER_BOUND('',#2565,.T.);
#2567=DIRECTION('',(0.4268273978009694,-0.32335180244434275,-0.8445483907642284));
#2568=DIRECTION('',(0.8122264293510358,0.5476941459245069,0.2007967877823043));
#2569=AXIS2_PLACEMENT_3D('',#188,#2567,#2568);
#2570=PLANE('',#2569);
#2571=FACE_SURFACE('',(#2566),#2570,.T.);
#2572=POLY_LOOP('',(#188,#172,#171));
#2573=FACE_OUTER_BOUND('',#2572,.T.);
#2574=DIRECTION('',(0.3937859614911462,-0.2608342965596501,-0.8814182243808701));
#2575=DIRECTION('',(0.016346594437335566,0.9607303642228369,-0.277001725825953));
#2576=AXIS2_PLACEMENT_3D('',#188,#2574,#2575);
#2577=PLANE('',#2576);
#2578=FACE_SURFACE('',(#2573),#2577,.T.);
#2579=POLY_LOOP('',(#189,#172,#188));
#2580=FACE_OUTER_BOUND('',#2579,.T.);
#2581=DIRECTION('',(0.3276316076111674,-0.26689025655050025,-0.9063261668144257));
#2582=DIRECTION('',(0.8591093397411149,0.4833535303926877,0.16822754538573786));
#2583=AXIS2_PLACEMENT_3D('',#189,#2581,#2582);
#2584=PLANE('',#2583);
#2585=FACE_SURFACE('',(#2580),#2584,.T.);
#2586=POLY_LOOP('',(#189,#174,#172));
#2587=FACE_OUTER_BOUND('',#2586,.T.);
#2588=DIRECTION('',(0.29388076555089515,-0.19679536092422567,-0.9353639300068843));
#2589=DIRECTION('',(-0.24138254357397498,0.9315783714775971,-0.2718385650582087));
#2590=AXIS2_PLACEMENT_3D('',#189,#2588,#2589);
#2591=PLANE('',#2590);
#2592=FACE_SURFACE('',(#2587),#2591,.T.);
#2593=POLY_LOOP('',(#190,#174,#189));
#2594=FACE_OUTER_BOUND('',#2593,.T.);
#2595=DIRECTION('',(0.23457583945395963,-0.21580291412717387,-0.947841377973493));
#2596=DIRECTION('',(0.48034697000109583,0.8734241599818079,-0.0799814051566971));
#2597=AXIS2_PLACEMENT_3D('',#190,#2595,#2596);
#2598=PLANE('',#2597);
#2599=FACE_SURFACE('',(#2594),#2598,.T.);
#2600=POLY_LOOP('',(#190,#191,#174));
#2601=FACE_OUTER_BOUND('',#2600,.T.);
#2602=DIRECTION('',(0.20729941944220595,-0.20166504930826573,-0.9572659811078732));
#2603=DIRECTION('',(-0.18868484310077446,0.9519064199425027,-0.24139634971615434));
#2604=AXIS2_PLACEMENT_3D('',#190,#2602,#2603);
#2605=PLANE('',#2604);
#2606=FACE_SURFACE('',(#2601),#2605,.T.);
#2607=POLY_LOOP('',(#192,#191,#190));
#2608=FACE_OUTER_BOUND('',#2607,.T.);
#2609=DIRECTION('',(0.1546468492147883,-0.21394311612542743,-0.9645271873257282));
#2610=DIRECTION('',(0.5200963880075911,0.8476740996949721,-0.10463444885780107));
#2611=AXIS2_PLACEMENT_3D('',#192,#2609,#2610);
#2612=PLANE('',#2611);
#2613=FACE_SURFACE('',(#2608),#2612,.T.);
#2614=POLY_LOOP('',(#192,#193,#191));
#2615=FACE_OUTER_BOUND('',#2614,.T.);
#2616=DIRECTION('',(0.1366283430304425,-0.20350091708039492,-0.969494751212297));
#2617=DIRECTION('',(-0.13912871265943624,0.96503021754176,-0.22217083639629967));
#2618=AXIS2_PLACEMENT_3D('',#192,#2616,#2617);
#2619=PLANE('',#2618);
#2620=FACE_SURFACE('',(#2615),#2619,.T.);
#2621=POLY_LOOP('',(#194,#193,#192));
#2622=FACE_OUTER_BOUND('',#2621,.T.);
#2623=DIRECTION('',(0.09049580729805462,-0.21102394934606428,-0.9732827963463974));
#2624=DIRECTION('',(0.5618408889685776,0.8177377350499108,-0.12505923459880966));
#2625=AXIS2_PLACEMENT_3D('',#194,#2623,#2624);
#2626=PLANE('',#2625);
#2627=FACE_SURFACE('',(#2622),#2626,.T.);
#2628=POLY_LOOP('',(#194,#195,#193));
#2629=FACE_OUTER_BOUND('',#2628,.T.);
#2630=DIRECTION('',(0.07995441423448843,-0.20414635445882595,-0.9756697994739774));
#2631=DIRECTION('',(-0.09179620003215097,0.9731361089439035,-0.21113874852612133));
#2632=AXIS2_PLACEMENT_3D('',#194,#2630,#2631);
#2633=PLANE('',#2632);
#2634=FACE_SURFACE('',(#2629),#2633,.T.);
#2635=POLY_LOOP('',(#180,#195,#194));
#2636=FACE_OUTER_BOUND('',#2635,.T.);
#2637=DIRECTION('',(0.04265510371169759,-0.20799660309585127,-0.9771990356257679));
#2638=DIRECTION('',(0.6056297035389365,0.78328320874907,-0.1402856980704047));
#2639=AXIS2_PLACEMENT_3D('',#180,#2637,#2638);
#2640=PLANE('',#2639);
#2641=FACE_SURFACE('',(#2636),#2640,.T.);
#2642=POLY_LOOP('',(#180,#179,#195));
#2643=FACE_OUTER_BOUND('',#2642,.T.);
#2644=DIRECTION('',(0.03763359253618104,-0.20429086782478298,-0.9781865640235599));
#2645=DIRECTION('',(-0.04585538434144653,0.9774957957310333,-0.20591078906908228));
#2646=AXIS2_PLACEMENT_3D('',#180,#2644,#2645);
#2647=PLANE('',#2646);
#2648=FACE_SURFACE('',(#2643),#2647,.T.);
#2649=POLY_LOOP('',(#96,#102,#95));
#2650=FACE_OUTER_BOUND('',#2649,.T.);
#2651=DIRECTION('',(0.1671518392935107,-0.9268934391071775,-0.3360488285366658));
#2652=DIRECTION('',(-0.9851112074054541,-0.17091008985110498,-0.018591671018379025));
#2653=AXIS2_PLACEMENT_3D('',#96,#2651,#2652);
#2654=PLANE('',#2653);
#2655=FACE_SURFACE('',(#2650),#2654,.T.);
#2656=POLY_LOOP('',(#96,#196,#102));
#2657=FACE_OUTER_BOUND('',#2656,.T.);
#2658=DIRECTION('',(0.16916144765060528,-0.9443403492523578,-0.28214483763252984));
#2659=DIRECTION('',(0.04846290717201961,-0.2779543627179223,0.9593710016852239));
#2660=AXIS2_PLACEMENT_3D('',#96,#2658,#2659);
#2661=PLANE('',#2660);
#2662=FACE_SURFACE('',(#2657),#2661,.T.);
#2663=POLY_LOOP('',(#97,#196,#96));
#2664=FACE_OUTER_BOUND('',#2663,.T.);
#2665=DIRECTION('',(0.2798211313054077,-0.9182593014989364,-0.2801784961156855));
#2666=DIRECTION('',(-0.9587547792883341,-0.28244509361014947,-0.03184403063890627));
#2667=AXIS2_PLACEMENT_3D('',#97,#2665,#2666);
#2668=PLANE('',#2667);
#2669=FACE_SURFACE('',(#2664),#2668,.T.);
#2670=POLY_LOOP('',(#108,#47,#32));
#2671=FACE_OUTER_BOUND('',#2670,.T.);
#2672=DIRECTION('',(0.7079669127354157,-0.676410342659817,-0.20310563462078948));
#2673=DIRECTION('',(0.5035814558382734,0.2818507171726317,0.8166797968390539));
#2674=AXIS2_PLACEMENT_3D('',#108,#2672,#2673);
#2675=PLANE('',#2674);
#2676=FACE_SURFACE('',(#2671),#2675,.T.);
#2677=POLY_LOOP('',(#197,#198,#199));
#2678=FACE_OUTER_BOUND('',#2677,.T.);
#2679=DIRECTION('',(1.8976862159744153e-05,0.9955861337665306,0.0938522769659346));
#2680=DIRECTION('',(-0.999930456836576,-0.0010879331103703415,0.011742993321290992));
#2681=AXIS2_PLACEMENT_3D('',#197,#2679,#2680);
#2682=PLANE('',#2681);
#2683=FACE_SURFACE('',(#2678),#2682,.T.);
#2684=POLY_LOOP('',(#197,#200,#198));
#2685=FACE_OUTER_BOUND('',#2684,.T.);
#2686=DIRECTION('',(3.0487703241221816e-07,0.9957334697259083,0.0922759842402713));
#2687=DIRECTION('',(-0.9999999989867645,-3.850255687892862e-06,4.485138274726259e-05));
#2688=AXIS2_PLACEMENT_3D('',#197,#2686,#2687);
#2689=PLANE('',#2688);
#2690=FACE_SURFACE('',(#2685),#2689,.T.);
#2691=POLY_LOOP('',(#201,#200,#197));
#2692=FACE_OUTER_BOUND('',#2691,.T.);
#2693=DIRECTION('',(-6.181266078411352e-07,0.9974160776011713,0.07184127046699645));
#2694=DIRECTION('',(-0.9931749948780942,-0.008379728457090748,0.11633232439817684));
#2695=AXIS2_PLACEMENT_3D('',#201,#2693,#2694);
#2696=PLANE('',#2695);
#2697=FACE_SURFACE('',(#2692),#2696,.T.);
#2698=POLY_LOOP('',(#201,#202,#200));
#2699=FACE_OUTER_BOUND('',#2698,.T.);
#2700=DIRECTION('',(0.001901102923503622,0.9961201037495421,0.08798366162916689));
#2701=DIRECTION('',(-0.9964567017485366,-0.005511182613811449,0.08392656555957174));
#2702=AXIS2_PLACEMENT_3D('',#201,#2700,#2701);
#2703=PLANE('',#2702);
#2704=FACE_SURFACE('',(#2699),#2703,.T.);
#2705=POLY_LOOP('',(#203,#202,#201));
#2706=FACE_OUTER_BOUND('',#2705,.T.);
#2707=DIRECTION('',(0.00025005040162226375,0.9976523619267121,0.06848140051757846));
#2708=DIRECTION('',(-0.9612665269069091,-0.018635070983283132,0.2749898150437149));
#2709=AXIS2_PLACEMENT_3D('',#203,#2707,#2708);
#2710=PLANE('',#2709);
#2711=FACE_SURFACE('',(#2706),#2710,.T.);
#2712=POLY_LOOP('',(#201,#204,#203));
#2713=FACE_OUTER_BOUND('',#2712,.T.);
#2714=DIRECTION('',(-4.665364704932624e-05,0.9984715969930301,0.055267240039877874));
#2715=DIRECTION('',(-0.999744642890726,0.0012023308033324194,-0.022565535932792133));
#2716=AXIS2_PLACEMENT_3D('',#201,#2714,#2715);
#2717=PLANE('',#2716);
#2718=FACE_SURFACE('',(#2713),#2717,.T.);
#2719=POLY_LOOP('',(#201,#205,#204));
#2720=FACE_OUTER_BOUND('',#2719,.T.);
#2721=DIRECTION('',(0.00010080541361564839,0.9988108952987711,0.04875228477451868));
#2722=DIRECTION('',(-0.9973664250115359,0.003636290272975949,-0.07243612118797435));
#2723=AXIS2_PLACEMENT_3D('',#201,#2721,#2722);
#2724=PLANE('',#2723);
#2725=FACE_SURFACE('',(#2720),#2724,.T.);
#2726=POLY_LOOP('',(#206,#205,#201));
#2727=FACE_OUTER_BOUND('',#2726,.T.);
#2728=DIRECTION('',(0.00048334348815281446,0.9990534264367016,0.043497327551914475));
#2729=DIRECTION('',(-0.9890524574845571,-0.005941022115083954,0.1474447035331775));
#2730=AXIS2_PLACEMENT_3D('',#206,#2728,#2729);
#2731=PLANE('',#2730);
#2732=FACE_SURFACE('',(#2727),#2731,.T.);
#2733=POLY_LOOP('',(#201,#207,#206));
#2734=FACE_OUTER_BOUND('',#2733,.T.);
#2735=DIRECTION('',(0.0010201789223644086,0.9991199603111262,0.04193166038759088));
#2736=DIRECTION('',(0.6044521972185318,0.032788397209516124,-0.7959663700723293));
#2737=AXIS2_PLACEMENT_3D('',#201,#2735,#2736);
#2738=PLANE('',#2737);
#2739=FACE_SURFACE('',(#2734),#2738,.T.);
#2740=POLY_LOOP('',(#208,#207,#201));
#2741=FACE_OUTER_BOUND('',#2740,.T.);
#2742=DIRECTION('',(0.0007728538389376727,0.9991280330823923,0.04174417571174945));
#2743=DIRECTION('',(-0.9989457900012922,-0.0011446475865926,0.04589115841419527));
#2744=AXIS2_PLACEMENT_3D('',#208,#2742,#2743);
#2745=PLANE('',#2744);
#2746=FACE_SURFACE('',(#2741),#2745,.T.);
#2747=POLY_LOOP('',(#209,#210,#211));
#2748=FACE_OUTER_BOUND('',#2747,.T.);
#2749=DIRECTION('',(-0.00045332405803749816,0.9974997320408396,0.07066879845979965));
#2750=DIRECTION('',(0.9943516094256882,-0.0070508089175787955,0.10590166630488652));
#2751=AXIS2_PLACEMENT_3D('',#209,#2749,#2750);
#2752=PLANE('',#2751);
#2753=FACE_SURFACE('',(#2748),#2752,.T.);
#2754=POLY_LOOP('',(#209,#197,#210));
#2755=FACE_OUTER_BOUND('',#2754,.T.);
#2756=DIRECTION('',(-0.002586367512776119,0.9958849817992116,0.09058925835811196));
#2757=DIRECTION('',(0.9906385198926891,-0.00981268735550801,0.1361581215781309));
#2758=AXIS2_PLACEMENT_3D('',#209,#2756,#2757);
#2759=PLANE('',#2758);
#2760=FACE_SURFACE('',(#2755),#2759,.T.);
#2761=POLY_LOOP('',(#212,#213,#209));
#2762=FACE_OUTER_BOUND('',#2761,.T.);
#2763=DIRECTION('',(-0.0003289278196569103,0.9991782876424266,0.040529511598805384));
#2764=DIRECTION('',(-0.9998449373856134,0.0003849810894548018,-0.01760548136006767));
#2765=AXIS2_PLACEMENT_3D('',#212,#2763,#2764);
#2766=PLANE('',#2765);
#2767=FACE_SURFACE('',(#2762),#2766,.T.);
#2768=POLY_LOOP('',(#201,#197,#209));
#2769=FACE_OUTER_BOUND('',#2768,.T.);
#2770=DIRECTION('',(-3.052194808193638e-06,0.9974115585153281,0.07190398410872752));
#2771=DIRECTION('',(0.9992515299809417,-0.0027784247574452045,0.03858315936538135));
#2772=AXIS2_PLACEMENT_3D('',#201,#2770,#2771);
#2773=PLANE('',#2772);
#2774=FACE_SURFACE('',(#2769),#2773,.T.);
#2775=POLY_LOOP('',(#209,#214,#215));
#2776=FACE_OUTER_BOUND('',#2775,.T.);
#2777=DIRECTION('',(-0.0005919474242019949,0.9990063871145611,0.04456330443939946));
#2778=DIRECTION('',(0.9952565301521247,0.004923832272077291,-0.09716066624570532));
#2779=AXIS2_PLACEMENT_3D('',#209,#2777,#2778);
#2780=PLANE('',#2779);
#2781=FACE_SURFACE('',(#2776),#2780,.T.);
#2782=POLY_LOOP('',(#216,#214,#209));
#2783=FACE_OUTER_BOUND('',#2782,.T.);
#2784=DIRECTION('',(-0.00012231890817870672,0.998780922430244,0.0493624759050396));
#2785=DIRECTION('',(-0.9811738836032777,0.0094133261663956,-0.1928968621448958));
#2786=AXIS2_PLACEMENT_3D('',#216,#2784,#2785);
#2787=PLANE('',#2786);
#2788=FACE_SURFACE('',(#2783),#2787,.T.);
#2789=POLY_LOOP('',(#211,#216,#209));
#2790=FACE_OUTER_BOUND('',#2789,.T.);
#2791=DIRECTION('',(8.012198653195102e-05,0.9984503026579014,0.05565057684168636));
#2792=DIRECTION('',(-0.9741545724972386,0.012648416655603087,-0.22552801697090474));
#2793=AXIS2_PLACEMENT_3D('',#211,#2791,#2792);
#2794=PLANE('',#2793);
#2795=FACE_SURFACE('',(#2790),#2794,.T.);
#2796=POLY_LOOP('',(#217,#212,#209));
#2797=FACE_OUTER_BOUND('',#2796,.T.);
#2798=DIRECTION('',(-0.0008698143286927396,0.9990648040959844,0.04322916422608766));
#2799=DIRECTION('',(-0.99886328219307,0.0011922495729636247,-0.047652093631268606));
#2800=AXIS2_PLACEMENT_3D('',#217,#2798,#2799);
#2801=PLANE('',#2800);
#2802=FACE_SURFACE('',(#2797),#2801,.T.);
#2803=POLY_LOOP('',(#69,#218,#219));
#2804=FACE_OUTER_BOUND('',#2803,.T.);
#2805=DIRECTION('',(0.008606196923696746,0.9779386584428892,0.2087149100985185));
#2806=DIRECTION('',(-0.9144412459557748,-0.0767611656610498,0.39737253445753773));
#2807=AXIS2_PLACEMENT_3D('',#69,#2805,#2806);
#2808=PLANE('',#2807);
#2809=FACE_SURFACE('',(#2804),#2808,.T.);
#2810=POLY_LOOP('',(#70,#218,#69));
#2811=FACE_OUTER_BOUND('',#2810,.T.);
#2812=DIRECTION('',(-0.00876921308507523,0.9853762169286258,0.17016701211838434));
#2813=DIRECTION('',(-0.5282607007015072,-0.1490542291345053,0.8358968051568751));
#2814=AXIS2_PLACEMENT_3D('',#70,#2812,#2813);
#2815=PLANE('',#2814);
#2816=FACE_SURFACE('',(#2811),#2815,.T.);
#2817=POLY_LOOP('',(#70,#220,#218));
#2818=FACE_OUTER_BOUND('',#2817,.T.);
#2819=DIRECTION('',(0.00858625976443846,0.9834828598358827,0.18079751257219004));
#2820=DIRECTION('',(-0.8948221225387561,-0.0731463338296078,0.44038958078333645));
#2821=AXIS2_PLACEMENT_3D('',#70,#2819,#2820);
#2822=PLANE('',#2821);
#2823=FACE_SURFACE('',(#2818),#2822,.T.);
#2824=POLY_LOOP('',(#221,#220,#70));
#2825=FACE_OUTER_BOUND('',#2824,.T.);
#2826=DIRECTION('',(-0.008500181606433097,0.9890981179288666,0.14701244852811476));
#2827=DIRECTION('',(-0.5550315364147808,-0.12695848636491205,0.8220836553082529));
#2828=AXIS2_PLACEMENT_3D('',#221,#2826,#2827);
#2829=PLANE('',#2828);
#2830=FACE_SURFACE('',(#2825),#2829,.T.);
#2831=POLY_LOOP('',(#221,#222,#220));
#2832=FACE_OUTER_BOUND('',#2831,.T.);
#2833=DIRECTION('',(0.011850757347919549,0.986976914685864,0.1604248404314417));
#2834=DIRECTION('',(-0.5858166207460346,-0.1231667283875654,0.8010298645344007));
#2835=AXIS2_PLACEMENT_3D('',#221,#2833,#2834);
#2836=PLANE('',#2835);
#2837=FACE_SURFACE('',(#2832),#2836,.T.);
#2838=POLY_LOOP('',(#223,#222,#221));
#2839=FACE_OUTER_BOUND('',#2838,.T.);
#2840=DIRECTION('',(-0.014170169604299957,0.9897899595443947,0.14182750889193055));
#2841=DIRECTION('',(-0.16568026789918355,-0.14220524666428236,0.9758727973716683));
#2842=AXIS2_PLACEMENT_3D('',#223,#2840,#2841);
#2843=PLANE('',#2842);
#2844=FACE_SURFACE('',(#2839),#2843,.T.);
#2845=POLY_LOOP('',(#223,#224,#222));
#2846=FACE_OUTER_BOUND('',#2845,.T.);
#2847=DIRECTION('',(0.012477912367887766,0.9891673378185999,0.14626099786273591));
#2848=DIRECTION('',(-0.6847239391564027,-0.09814366973719926,0.7221640722416579));
#2849=AXIS2_PLACEMENT_3D('',#223,#2847,#2848);
#2850=PLANE('',#2849);
#2851=FACE_SURFACE('',(#2846),#2850,.T.);
#2852=POLY_LOOP('',(#225,#224,#223));
#2853=FACE_OUTER_BOUND('',#2852,.T.);
#2854=DIRECTION('',(-0.010265502739591169,0.9920917681092789,0.12509413696615945));
#2855=DIRECTION('',(-0.5037401062475768,-0.1131977772251426,0.8564065439900417));
#2856=AXIS2_PLACEMENT_3D('',#225,#2854,#2855);
#2857=PLANE('',#2856);
#2858=FACE_SURFACE('',(#2853),#2857,.T.);
#2859=POLY_LOOP('',(#209,#215,#217));
#2860=FACE_OUTER_BOUND('',#2859,.T.);
#2861=DIRECTION('',(-0.0012100341846155737,0.9990286392698681,0.04404899245008626));
#2862=DIRECTION('',(0.6399789313267961,0.034620566411207636,-0.7676121311177796));
#2863=AXIS2_PLACEMENT_3D('',#209,#2861,#2862);
#2864=PLANE('',#2863);
#2865=FACE_SURFACE('',(#2860),#2864,.T.);
#2866=POLY_LOOP('',(#225,#226,#224));
#2867=FACE_OUTER_BOUND('',#2866,.T.);
#2868=DIRECTION('',(0.007607494648192913,0.9907576114393467,0.13543072546574655));
#2869=DIRECTION('',(-0.8491448916757279,-0.06512527579453428,0.5241294223698018));
#2870=AXIS2_PLACEMENT_3D('',#225,#2868,#2869);
#2871=PLANE('',#2870);
#2872=FACE_SURFACE('',(#2867),#2871,.T.);
#2873=POLY_LOOP('',(#209,#213,#227));
#2874=FACE_OUTER_BOUND('',#2873,.T.);
#2875=DIRECTION('',(-2.133160322424511e-05,0.9992663191670512,0.038299124314994756));
#2876=DIRECTION('',(-0.9906381028509291,0.005207260999338061,-0.13641493178093397));
#2877=AXIS2_PLACEMENT_3D('',#209,#2875,#2876);
#2878=PLANE('',#2877);
#2879=FACE_SURFACE('',(#2874),#2878,.T.);
#2880=POLY_LOOP('',(#201,#227,#228));
#2881=FACE_OUTER_BOUND('',#2880,.T.);
#2882=DIRECTION('',(2.316862152234721e-05,0.9992691449277475,0.03822532483293059));
#2883=DIRECTION('',(0.9931799323200129,0.004433761321932095,-0.1165073551212745));
#2884=AXIS2_PLACEMENT_3D('',#201,#2882,#2883);
#2885=PLANE('',#2884);
#2886=FACE_SURFACE('',(#2881),#2885,.T.);
#2887=POLY_LOOP('',(#170,#229,#230));
#2888=FACE_OUTER_BOUND('',#2887,.T.);
#2889=DIRECTION('',(9.173309057359989e-05,0.8561904816355004,0.5166602856247128));
#2890=DIRECTION('',(-0.9995244107203357,-0.015853945660542292,0.02645004312204529));
#2891=AXIS2_PLACEMENT_3D('',#170,#2889,#2890);
#2892=PLANE('',#2891);
#2893=FACE_SURFACE('',(#2888),#2892,.T.);
#2894=POLY_LOOP('',(#231,#229,#170));
#2895=FACE_OUTER_BOUND('',#2894,.T.);
#2896=DIRECTION('',(-0.0004978568007289962,0.8659072504225679,0.5002043440477444));
#2897=DIRECTION('',(0.025426966558463566,-0.5000317196072129,0.8656337266756007));
#2898=AXIS2_PLACEMENT_3D('',#231,#2896,#2897);
#2899=PLANE('',#2898);
#2900=FACE_SURFACE('',(#2895),#2899,.T.);
#2901=POLY_LOOP('',(#19,#231,#170));
#2902=FACE_OUTER_BOUND('',#2901,.T.);
#2903=DIRECTION('',(-3.057506466559997e-05,0.8664526370239256,0.49925927819065186));
#2904=DIRECTION('',(-0.9999999995213792,-2.412854672608157e-05,-1.9366333556460207e-05));
#2905=AXIS2_PLACEMENT_3D('',#19,#2903,#2904);
#2906=PLANE('',#2905);
#2907=FACE_SURFACE('',(#2902),#2906,.T.);
#2908=POLY_LOOP('',(#19,#232,#231));
#2909=FACE_OUTER_BOUND('',#2908,.T.);
#2910=DIRECTION('',(-3.044503124913011e-05,0.878848667360325,0.4771006381803331));
#2911=DIRECTION('',(-0.972295807772418,0.11149809465791938,-0.20544838056269732));
#2912=AXIS2_PLACEMENT_3D('',#19,#2910,#2911);
#2913=PLANE('',#2912);
#2914=FACE_SURFACE('',(#2909),#2913,.T.);
#2915=POLY_LOOP('',(#18,#232,#19));
#2916=FACE_OUTER_BOUND('',#2915,.T.);
#2917=DIRECTION('',(0.00043868854733998,0.8797779023018406,0.47538473910479223));
#2918=DIRECTION('',(-0.9987590142303068,-0.023289644971787243,0.04402299320575313));
#2919=AXIS2_PLACEMENT_3D('',#18,#2917,#2918);
#2920=PLANE('',#2919);
#2921=FACE_SURFACE('',(#2916),#2920,.T.);
#2922=POLY_LOOP('',(#18,#233,#232));
#2923=FACE_OUTER_BOUND('',#2922,.T.);
#2924=DIRECTION('',(-0.0008718535394251068,0.8919666140093128,0.45210043061710004));
#2925=DIRECTION('',(-0.915198796365585,0.18148568107455748,-0.3598251112636365));
#2926=AXIS2_PLACEMENT_3D('',#18,#2924,#2925);
#2927=PLANE('',#2926);
#2928=FACE_SURFACE('',(#2923),#2927,.T.);
#2929=POLY_LOOP('',(#63,#233,#18));
#2930=FACE_OUTER_BOUND('',#2929,.T.);
#2931=DIRECTION('',(0.0037151478054660587,0.8966218212105204,0.44278155721067847));
#2932=DIRECTION('',(-0.9771743900123193,-0.0907957686234673,0.19205816802241302));
#2933=AXIS2_PLACEMENT_3D('',#63,#2931,#2932);
#2934=PLANE('',#2933);
#2935=FACE_SURFACE('',(#2930),#2934,.T.);
#2936=POLY_LOOP('',(#63,#234,#233));
#2937=FACE_OUTER_BOUND('',#2936,.T.);
#2938=DIRECTION('',(0.00042566105234976176,0.9032251978561524,0.42916670510465166));
#2939=DIRECTION('',(-0.9984069872524465,-0.023830077619740497,0.05114308561409162));
#2940=AXIS2_PLACEMENT_3D('',#63,#2938,#2939);
#2941=PLANE('',#2940);
#2942=FACE_SURFACE('',(#2937),#2941,.T.);
#2943=POLY_LOOP('',(#175,#234,#63));
#2944=FACE_OUTER_BOUND('',#2943,.T.);
#2945=DIRECTION('',(-0.0014316438546333,0.9168399096022979,0.3992524646840939));
#2946=DIRECTION('',(-0.7975242034930117,-0.24191044045178228,0.5526612738769217));
#2947=AXIS2_PLACEMENT_3D('',#175,#2945,#2946);
#2948=PLANE('',#2947);
#2949=FACE_SURFACE('',(#2944),#2948,.T.);
#2950=POLY_LOOP('',(#175,#235,#234));
#2951=FACE_OUTER_BOUND('',#2950,.T.);
#2952=DIRECTION('',(0.002409577301182401,0.9147989843726381,0.40390223090250377));
#2953=DIRECTION('',(-0.9953928375238934,-0.03652026589428425,0.08865308333691867));
#2954=AXIS2_PLACEMENT_3D('',#175,#2952,#2953);
#2955=PLANE('',#2954);
#2956=FACE_SURFACE('',(#2951),#2955,.T.);
#2957=POLY_LOOP('',(#33,#235,#175));
#2958=FACE_OUTER_BOUND('',#2957,.T.);
#2959=DIRECTION('',(-0.0012592079859284173,0.9295186424366209,0.3687729759052709));
#2960=DIRECTION('',(-0.9333145339151684,-0.13350337416861788,0.33331791111235815));
#2961=AXIS2_PLACEMENT_3D('',#33,#2959,#2960);
#2962=PLANE('',#2961);
#2963=FACE_SURFACE('',(#2958),#2962,.T.);
#2964=POLY_LOOP('',(#33,#236,#235));
#2965=FACE_OUTER_BOUND('',#2964,.T.);
#2966=DIRECTION('',(0.00021569787307904934,0.9280987371521329,0.3723341074506117));
#2967=DIRECTION('',(-0.9998735620895517,-0.005719987703553732,0.014837168699666923));
#2968=AXIS2_PLACEMENT_3D('',#33,#2966,#2967);
#2969=PLANE('',#2968);
#2970=FACE_SURFACE('',(#2965),#2969,.T.);
#2971=POLY_LOOP('',(#209,#227,#201));
#2972=FACE_OUTER_BOUND('',#2971,.T.);
#2973=DIRECTION('',(3.0932202499172214e-06,0.9992756675384401,0.038054438059667926));
#2974=DIRECTION('',(-0.9950619654549785,0.0037801938621161817,-0.09918364300246167));
#2975=AXIS2_PLACEMENT_3D('',#209,#2973,#2974);
#2976=PLANE('',#2975);
#2977=FACE_SURFACE('',(#2972),#2976,.T.);
#2978=POLY_LOOP('',(#237,#236,#33));
#2979=FACE_OUTER_BOUND('',#2978,.T.);
#2980=DIRECTION('',(-8.576506378107962e-05,0.934989595304406,0.3546751320812569));
#2981=DIRECTION('',(0.3310397005047323,-0.3346508780330642,0.8822819880975902));
#2982=AXIS2_PLACEMENT_3D('',#237,#2980,#2981);
#2983=PLANE('',#2982);
#2984=FACE_SURFACE('',(#2979),#2983,.T.);
#2985=POLY_LOOP('',(#35,#238,#237));
#2986=FACE_OUTER_BOUND('',#2985,.T.);
#2987=DIRECTION('',(-0.0015463076083090876,0.94254039196421,0.33408863861067467));
#2988=DIRECTION('',(-0.9722714834014503,0.07670973087661695,-0.22091577524744663));
#2989=AXIS2_PLACEMENT_3D('',#35,#2987,#2988);
#2990=PLANE('',#2989);
#2991=FACE_SURFACE('',(#2986),#2990,.T.);
#2992=POLY_LOOP('',(#54,#238,#35));
#2993=FACE_OUTER_BOUND('',#2992,.T.);
#2994=DIRECTION('',(0.0024261203872166432,0.9479277273161493,0.31847627497995307));
#2995=DIRECTION('',(-0.9744461521767845,-0.06929174890016562,0.2136664457564996));
#2996=AXIS2_PLACEMENT_3D('',#54,#2994,#2995);
#2997=PLANE('',#2996);
#2998=FACE_SURFACE('',(#2993),#2997,.T.);
#2999=POLY_LOOP('',(#54,#239,#238));
#3000=FACE_OUTER_BOUND('',#2999,.T.);
#3001=DIRECTION('',(0.0001794247187164768,0.950989554913137,0.30922295233841224));
#3002=DIRECTION('',(-0.9999979618813344,-0.0004512104544782551,0.0019679030217591227));
#3003=AXIS2_PLACEMENT_3D('',#54,#3001,#3002);
#3004=PLANE('',#3003);
#3005=FACE_SURFACE('',(#3000),#3004,.T.);
#3006=POLY_LOOP('',(#76,#239,#54));
#3007=FACE_OUTER_BOUND('',#3006,.T.);
#3008=DIRECTION('',(0.00012513078952343287,0.9589823117291046,0.2834658888349492));
#3009=DIRECTION('',(-0.8719405657478819,-0.1386835916134088,0.46955991228007193));
#3010=AXIS2_PLACEMENT_3D('',#76,#3008,#3009);
#3011=PLANE('',#3010);
#3012=FACE_SURFACE('',(#3007),#3011,.T.);
#3013=POLY_LOOP('',(#76,#240,#239));
#3014=FACE_OUTER_BOUND('',#3013,.T.);
#3015=DIRECTION('',(0.004428053098774852,0.9567725599235481,0.29080347474384605));
#3016=DIRECTION('',(-0.9634275441478786,-0.07383541906341201,0.25759599777348585));
#3017=AXIS2_PLACEMENT_3D('',#76,#3015,#3016);
#3018=PLANE('',#3017);
#3019=FACE_SURFACE('',(#3014),#3018,.T.);
#3020=POLY_LOOP('',(#241,#240,#76));
#3021=FACE_OUTER_BOUND('',#3020,.T.);
#3022=DIRECTION('',(-0.0064416599859702444,0.9673939713870923,0.25319440977346824));
#3023=DIRECTION('',(-0.6868368710523783,-0.18830533032671168,0.7019944552014115));
#3024=AXIS2_PLACEMENT_3D('',#241,#3022,#3023);
#3025=PLANE('',#3024);
#3026=FACE_SURFACE('',(#3021),#3025,.T.);
#3027=POLY_LOOP('',(#241,#242,#240));
#3028=FACE_OUTER_BOUND('',#3027,.T.);
#3029=DIRECTION('',(0.007633595708578197,0.9639325260964234,0.2660372405320843));
#3030=DIRECTION('',(-0.942850055794162,-0.08169196137811177,0.3230482870023342));
#3031=AXIS2_PLACEMENT_3D('',#241,#3029,#3030);
#3032=PLANE('',#3031);
#3033=FACE_SURFACE('',(#3028),#3032,.T.);
#3034=POLY_LOOP('',(#243,#242,#241));
#3035=FACE_OUTER_BOUND('',#3034,.T.);
#3036=DIRECTION('',(0.002867645222380496,0.9674571585996302,0.2530186216174781));
#3037=DIRECTION('',(0.6917320387615965,-0.1846376439108761,0.6981516504326016));
#3038=AXIS2_PLACEMENT_3D('',#243,#3036,#3037);
#3039=PLANE('',#3038);
#3040=FACE_SURFACE('',(#3035),#3039,.T.);
#3041=POLY_LOOP('',(#219,#244,#69));
#3042=FACE_OUTER_BOUND('',#3041,.T.);
#3043=DIRECTION('',(-0.009521464883644077,0.9805343491012319,0.19611662841047606));
#3044=DIRECTION('',(0.9087015291166557,0.09033882963540085,-0.40755420110846335));
#3045=AXIS2_PLACEMENT_3D('',#219,#3043,#3044);
#3046=PLANE('',#3045);
#3047=FACE_SURFACE('',(#3042),#3046,.T.);
#3048=POLY_LOOP('',(#219,#241,#244));
#3049=FACE_OUTER_BOUND('',#3048,.T.);
#3050=DIRECTION('',(-0.00028768517181506346,0.97643826334844,0.21579674489279232));
#3051=DIRECTION('',(0.9999086991377119,0.003196219784705472,-0.013129263795681833));
#3052=AXIS2_PLACEMENT_3D('',#219,#3050,#3051);
#3053=PLANE('',#3052);
#3054=FACE_SURFACE('',(#3049),#3053,.T.);
#3055=POLY_LOOP('',(#243,#241,#219));
#3056=FACE_OUTER_BOUND('',#3055,.T.);
#3057=DIRECTION('',(9.135584959337092e-05,0.9700019365820903,0.24309717127334757));
#3058=DIRECTION('',(0.9651717434861192,0.06351284391903912,-0.2537905124965879));
#3059=AXIS2_PLACEMENT_3D('',#243,#3057,#3058);
#3060=PLANE('',#3059);
#3061=FACE_SURFACE('',(#3056),#3060,.T.);
#3062=POLY_LOOP('',(#201,#228,#208));
#3063=FACE_OUTER_BOUND('',#3062,.T.);
#3064=DIRECTION('',(0.0002911609752082856,0.9992065553983669,0.03982681099732889));
#3065=DIRECTION('',(0.9863065293990804,0.006281381305162738,-0.16480283466506268));
#3066=AXIS2_PLACEMENT_3D('',#201,#3064,#3065);
#3067=PLANE('',#3066);
#3068=FACE_SURFACE('',(#3063),#3067,.T.);
#3069=POLY_LOOP('',(#35,#237,#33));
#3070=FACE_OUTER_BOUND('',#3069,.T.);
#3071=DIRECTION('',(0.0007867966233026367,0.9373606143288413,0.3483596699621394));
#3072=DIRECTION('',(-0.9883968992733059,-0.052183861716881025,0.142647867433158));
#3073=AXIS2_PLACEMENT_3D('',#35,#3071,#3072);
#3074=PLANE('',#3073);
#3075=FACE_SURFACE('',(#3070),#3074,.T.);
#3076=POLY_LOOP('',(#197,#226,#225));
#3077=FACE_OUTER_BOUND('',#3076,.T.);
#3078=DIRECTION('',(-0.007327470082958295,0.9937258207608596,0.11160332134546544));
#3079=DIRECTION('',(-0.688160174188511,-0.08598609509064531,0.7204456718670054));
#3080=AXIS2_PLACEMENT_3D('',#197,#3078,#3079);
#3081=PLANE('',#3080);
#3082=FACE_SURFACE('',(#3077),#3081,.T.);
#3083=POLY_LOOP('',(#197,#245,#226));
#3084=FACE_OUTER_BOUND('',#3083,.T.);
#3085=DIRECTION('',(0.007065765697679925,0.9921115504681886,0.12515888455364516));
#3086=DIRECTION('',(-0.7539504001725124,-0.07693466628344864,0.6524107994228505));
#3087=AXIS2_PLACEMENT_3D('',#197,#3085,#3086);
#3088=PLANE('',#3087);
#3089=FACE_SURFACE('',(#3084),#3088,.T.);
#3090=POLY_LOOP('',(#246,#245,#197));
#3091=FACE_OUTER_BOUND('',#3090,.T.);
#3092=DIRECTION('',(0.004365549062319501,0.9925099985632367,0.12208539934565577));
#3093=DIRECTION('',(0.9636712137437565,-0.03677974360457911,0.2645468621284641));
#3094=AXIS2_PLACEMENT_3D('',#246,#3092,#3093);
#3095=PLANE('',#3094);
#3096=FACE_SURFACE('',(#3091),#3095,.T.);
#3097=POLY_LOOP('',(#247,#248,#249));
#3098=FACE_OUTER_BOUND('',#3097,.T.);
#3099=DIRECTION('',(-0.015443745586838293,0.9654269111346206,0.2602160063856842));
#3100=DIRECTION('',(0.47913677307868574,-0.221275645494012,0.8493909826428301));
#3101=AXIS2_PLACEMENT_3D('',#247,#3099,#3100);
#3102=PLANE('',#3101);
#3103=FACE_SURFACE('',(#3098),#3102,.T.);
#3104=POLY_LOOP('',(#250,#248,#247));
#3105=FACE_OUTER_BOUND('',#3104,.T.);
#3106=DIRECTION('',(0.014941215344363011,0.9696178834533239,0.2441678114976051));
#3107=DIRECTION('',(0.8541879240750255,-0.13931209749289772,0.5009542193220132));
#3108=AXIS2_PLACEMENT_3D('',#250,#3106,#3107);
#3109=PLANE('',#3108);
#3110=FACE_SURFACE('',(#3105),#3109,.T.);
#3111=POLY_LOOP('',(#250,#251,#248));
#3112=FACE_OUTER_BOUND('',#3111,.T.);
#3113=DIRECTION('',(-0.011136922935577465,0.9583165636013259,0.2854913884425816));
#3114=DIRECTION('',(0.7460246069004954,-0.18214787009271005,0.6405227859488297));
#3115=AXIS2_PLACEMENT_3D('',#250,#3113,#3114);
#3116=PLANE('',#3115);
#3117=FACE_SURFACE('',(#3112),#3116,.T.);
#3118=POLY_LOOP('',(#252,#251,#250));
#3119=FACE_OUTER_BOUND('',#3118,.T.);
#3120=DIRECTION('',(-0.021151137332350963,0.9548970953617024,0.2961826575938093));
#3121=DIRECTION('',(0.49631584139568363,0.2671959940438241,-0.8260005365292612));
#3122=AXIS2_PLACEMENT_3D('',#252,#3120,#3121);
#3123=PLANE('',#3122);
#3124=FACE_SURFACE('',(#3119),#3123,.T.);
#3125=POLY_LOOP('',(#253,#252,#250));
#3126=FACE_OUTER_BOUND('',#3125,.T.);
#3127=DIRECTION('',(0.014044809983903818,0.9614152649909506,0.2747424822536481));
#3128=DIRECTION('',(0.8895034190551674,-0.137516353984936,0.4357440990717568));
#3129=AXIS2_PLACEMENT_3D('',#253,#3127,#3128);
#3130=PLANE('',#3129);
#3131=FACE_SURFACE('',(#3126),#3130,.T.);
#3132=POLY_LOOP('',(#253,#254,#252));
#3133=FACE_OUTER_BOUND('',#3132,.T.);
#3134=DIRECTION('',(-0.01452947368239947,0.9446426444160495,0.32777914629391114));
#3135=DIRECTION('',(0.6050806370271542,-0.25267107155785545,0.7550064584443092));
#3136=AXIS2_PLACEMENT_3D('',#253,#3134,#3135);
#3137=PLANE('',#3136);
#3138=FACE_SURFACE('',(#3133),#3137,.T.);
#3139=POLY_LOOP('',(#255,#254,#253));
#3140=FACE_OUTER_BOUND('',#3139,.T.);
#3141=DIRECTION('',(0.013327200510839906,0.9513865165903911,0.3077110361630616));
#3142=DIRECTION('',(0.9073950484287038,-0.1407895291050793,0.39599562444734215));
#3143=AXIS2_PLACEMENT_3D('',#255,#3141,#3142);
#3144=PLANE('',#3143);
#3145=FACE_SURFACE('',(#3140),#3144,.T.);
#3146=POLY_LOOP('',(#255,#256,#254));
#3147=FACE_OUTER_BOUND('',#3146,.T.);
#3148=DIRECTION('',(-0.0069968848323311615,0.9370302652576578,0.3491780714675633));
#3149=DIRECTION('',(0.8841873751301192,-0.15730480440179878,0.4398498427561634));
#3150=AXIS2_PLACEMENT_3D('',#255,#3148,#3149);
#3151=PLANE('',#3150);
#3152=FACE_SURFACE('',(#3147),#3151,.T.);
#3153=POLY_LOOP('',(#257,#256,#255));
#3154=FACE_OUTER_BOUND('',#3153,.T.);
#3155=DIRECTION('',(-0.00928971081796626,0.9354882581063403,0.35323564403678676));
#3156=DIRECTION('',(0.32601862484025623,0.3367822084019851,-0.8833400253363086));
#3157=AXIS2_PLACEMENT_3D('',#257,#3155,#3156);
#3158=PLANE('',#3157);
#3159=FACE_SURFACE('',(#3154),#3158,.T.);
#3160=POLY_LOOP('',(#258,#257,#255));
#3161=FACE_OUTER_BOUND('',#3160,.T.);
#3162=DIRECTION('',(0.0003047065951026329,0.9407277947366608,0.3391623849482571));
#3163=DIRECTION('',(0.9999014455819843,-0.005047064940824273,0.013100620540307587));
#3164=AXIS2_PLACEMENT_3D('',#258,#3162,#3163);
#3165=PLANE('',#3164);
#3166=FACE_SURFACE('',(#3161),#3165,.T.);
#3167=POLY_LOOP('',(#258,#259,#257));
#3168=FACE_OUTER_BOUND('',#3167,.T.);
#3169=DIRECTION('',(-0.0001850149626970357,0.9283276377671068,0.3717630464788115));
#3170=DIRECTION('',(0.9278998084431136,-0.13844490199320952,0.3461718570353801));
#3171=AXIS2_PLACEMENT_3D('',#258,#3169,#3170);
#3172=PLANE('',#3171);
#3173=FACE_SURFACE('',(#3168),#3172,.T.);
#3174=POLY_LOOP('',(#260,#259,#258));
#3175=FACE_OUTER_BOUND('',#3174,.T.);
#3176=DIRECTION('',(-0.012679576337273528,0.9162433993033026,0.4004213550462014));
#3177=DIRECTION('',(0.20165208685177669,0.39456886488990056,-0.8964663109831952));
#3178=AXIS2_PLACEMENT_3D('',#260,#3176,#3177);
#3179=PLANE('',#3178);
#3180=FACE_SURFACE('',(#3175),#3179,.T.);
#3181=POLY_LOOP('',(#249,#261,#247));
#3182=FACE_OUTER_BOUND('',#3181,.T.);
#3183=DIRECTION('',(-0.006385382427355678,0.9690422106336307,0.246812521768128));
#3184=DIRECTION('',(0.7016901663195344,0.18019166936196299,-0.6893198624608269));
#3185=AXIS2_PLACEMENT_3D('',#249,#3183,#3184);
#3186=PLANE('',#3185);
#3187=FACE_SURFACE('',(#3182),#3186,.T.);
#3188=POLY_LOOP('',(#262,#260,#258));
#3189=FACE_OUTER_BOUND('',#3188,.T.);
#3190=DIRECTION('',(0.01028456330768081,0.9244396597981378,0.3811896419761083));
#3191=DIRECTION('',(0.9520557654677008,-0.12561426376321239,0.27894600943361153));
#3192=AXIS2_PLACEMENT_3D('',#262,#3190,#3191);
#3193=PLANE('',#3192);
#3194=FACE_SURFACE('',(#3189),#3193,.T.);
#3195=POLY_LOOP('',(#263,#264,#262));
#3196=FACE_OUTER_BOUND('',#3195,.T.);
#3197=DIRECTION('',(-0.012407627652179365,0.8959316694086937,0.4440185745288096));
#3198=DIRECTION('',(0.11457320953235417,0.4424019681837184,-0.889468087232267));
#3199=AXIS2_PLACEMENT_3D('',#263,#3197,#3198);
#3200=PLANE('',#3199);
#3201=FACE_SURFACE('',(#3196),#3200,.T.);
#3202=POLY_LOOP('',(#265,#263,#262));
#3203=FACE_OUTER_BOUND('',#3202,.T.);
#3204=DIRECTION('',(0.012831498652863345,0.905534948800538,0.4240775980208441));
#3205=DIRECTION('',(0.9419824157929667,-0.15321325211044784,0.29865503128959126));
#3206=AXIS2_PLACEMENT_3D('',#265,#3204,#3205);
#3207=PLANE('',#3206);
#3208=FACE_SURFACE('',(#3203),#3207,.T.);
#3209=POLY_LOOP('',(#265,#266,#263));
#3210=FACE_OUTER_BOUND('',#3209,.T.);
#3211=DIRECTION('',(-0.007935003912398904,0.8793356727725921,0.4761363358351082));
#3212=DIRECTION('',(0.844641498407671,-0.24898535155456283,0.4739061445886676));
#3213=AXIS2_PLACEMENT_3D('',#265,#3211,#3212);
#3214=PLANE('',#3213);
#3215=FACE_SURFACE('',(#3210),#3214,.T.);
#3216=POLY_LOOP('',(#267,#266,#265));
#3217=FACE_OUTER_BOUND('',#3216,.T.);
#3218=DIRECTION('',(-0.002309739417776179,0.8835527109787825,0.46832603176191906));
#3219=DIRECTION('',(0.9948179535113594,0.04963392259011334,-0.08873394558898856));
#3220=AXIS2_PLACEMENT_3D('',#267,#3218,#3219);
#3221=PLANE('',#3220);
#3222=FACE_SURFACE('',(#3217),#3221,.T.);
#3223=POLY_LOOP('',(#267,#268,#266));
#3224=FACE_OUTER_BOUND('',#3223,.T.);
#3225=DIRECTION('',(0.001047727275454104,0.8676943751297461,0.497096945912722));
#3226=DIRECTION('',(0.9662143757993363,-0.12899911911870968,0.2231345048738448));
#3227=AXIS2_PLACEMENT_3D('',#267,#3225,#3226);
#3228=PLANE('',#3227);
#3229=FACE_SURFACE('',(#3224),#3228,.T.);
#3230=POLY_LOOP('',(#269,#268,#267));
#3231=FACE_OUTER_BOUND('',#3230,.T.);
#3232=DIRECTION('',(-0.0032297259218349466,0.8596078587258285,0.5109441242320593));
#3233=DIRECTION('',(0.010674298301244488,0.5109473145188954,-0.8595457527913828));
#3234=AXIS2_PLACEMENT_3D('',#269,#3232,#3233);
#3235=PLANE('',#3234);
#3236=FACE_SURFACE('',(#3231),#3235,.T.);
#3237=POLY_LOOP('',(#267,#270,#269));
#3238=FACE_OUTER_BOUND('',#3237,.T.);
#3239=DIRECTION('',(-0.013290527781950771,0.8434227910292056,0.537085987011188));
#3240=DIRECTION('',(0.6842519675488219,-0.38400026098804835,0.6199540664167602));
#3241=AXIS2_PLACEMENT_3D('',#267,#3239,#3240);
#3242=PLANE('',#3241);
#3243=FACE_SURFACE('',(#3238),#3242,.T.);
#3244=POLY_LOOP('',(#271,#270,#267));
#3245=FACE_OUTER_BOUND('',#3244,.T.);
#3246=DIRECTION('',(0.012488964576631881,0.8561765175526085,0.5165324738632523));
#3247=DIRECTION('',(0.9552086693327425,-0.16296210579045123,0.24702176039351917));
#3248=AXIS2_PLACEMENT_3D('',#271,#3246,#3247);
#3249=PLANE('',#3248);
#3250=FACE_SURFACE('',(#3245),#3249,.T.);
#3251=POLY_LOOP('',(#271,#272,#270));
#3252=FACE_OUTER_BOUND('',#3251,.T.);
#3253=DIRECTION('',(-0.013276317023742936,0.8102832043165242,0.5858881021226072));
#3254=DIRECTION('',(0.6907206227947918,-0.41623988746811463,0.5913115738140987));
#3255=AXIS2_PLACEMENT_3D('',#271,#3253,#3254);
#3256=PLANE('',#3255);
#3257=FACE_SURFACE('',(#3252),#3256,.T.);
#3258=POLY_LOOP('',(#273,#272,#271));
#3259=FACE_OUTER_BOUND('',#3258,.T.);
#3260=DIRECTION('',(0.00992094719599123,0.8230984731850072,0.5678120096011042));
#3261=DIRECTION('',(0.9738038483594463,-0.13695712332094437,0.18151807428458538));
#3262=AXIS2_PLACEMENT_3D('',#273,#3260,#3261);
#3263=PLANE('',#3262);
#3264=FACE_SURFACE('',(#3259),#3263,.T.);
#3265=POLY_LOOP('',(#273,#274,#272));
#3266=FACE_OUTER_BOUND('',#3265,.T.);
#3267=DIRECTION('',(-0.0027618113282377073,0.7910861256317728,0.6116985484951705));
#3268=DIRECTION('',(0.9583580907312537,-0.17258156401577776,0.2275200511862945));
#3269=AXIS2_PLACEMENT_3D('',#273,#3267,#3268);
#3270=PLANE('',#3269);
#3271=FACE_SURFACE('',(#3266),#3270,.T.);
#3272=POLY_LOOP('',(#275,#274,#273));
#3273=FACE_OUTER_BOUND('',#3272,.T.);
#3274=DIRECTION('',(-0.012534224880831902,0.7705356725361816,0.6372736229876858));
#3275=DIRECTION('',(-0.11762249193485011,0.6317627490435473,-0.7661858640773633));
#3276=AXIS2_PLACEMENT_3D('',#275,#3274,#3275);
#3277=PLANE('',#3276);
#3278=FACE_SURFACE('',(#3273),#3277,.T.);
#3279=POLY_LOOP('',(#262,#264,#260));
#3280=FACE_OUTER_BOUND('',#3279,.T.);
#3281=DIRECTION('',(-0.00370442556976805,0.9070126705868944,0.4210870368772089));
#3282=DIRECTION('',(0.9462400368166534,-0.13302060319280287,0.2948479470022495));
#3283=AXIS2_PLACEMENT_3D('',#262,#3281,#3282);
#3284=PLANE('',#3283);
#3285=FACE_SURFACE('',(#3280),#3284,.T.);
#3286=POLY_LOOP('',(#247,#261,#276));
#3287=FACE_OUTER_BOUND('',#3286,.T.);
#3288=DIRECTION('',(-0.0024176971091546024,0.971268741353514,0.2379730800116876));
#3289=DIRECTION('',(0.9168974086823991,-0.09282623217137348,0.388178351498854));
#3290=AXIS2_PLACEMENT_3D('',#247,#3288,#3289);
#3291=PLANE('',#3290);
#3292=FACE_SURFACE('',(#3287),#3291,.T.);
#3293=POLY_LOOP('',(#247,#276,#277));
#3294=FACE_OUTER_BOUND('',#3293,.T.);
#3295=DIRECTION('',(0.003625226455773323,0.9786106947892861,0.20568900256740802));
#3296=DIRECTION('',(0.9837480954963986,-0.040415340866257185,0.17494651991358073));
#3297=AXIS2_PLACEMENT_3D('',#247,#3295,#3296);
#3298=PLANE('',#3297);
#3299=FACE_SURFACE('',(#3294),#3298,.T.);
#3300=POLY_LOOP('',(#277,#276,#278));
#3301=FACE_OUTER_BOUND('',#3300,.T.);
#3302=DIRECTION('',(0.014758549862086915,0.9814738568227153,0.191026839945366));
#3303=DIRECTION('',(0.8017728048790543,-0.12576953283178732,0.5842451488610305));
#3304=AXIS2_PLACEMENT_3D('',#277,#3302,#3303);
#3305=PLANE('',#3304);
#3306=FACE_SURFACE('',(#3301),#3305,.T.);
#3307=POLY_LOOP('',(#197,#279,#246));
#3308=FACE_OUTER_BOUND('',#3307,.T.);
#3309=DIRECTION('',(0.002230200266324724,0.9932681261348053,0.1158164746977929));
#3310=DIRECTION('',(-0.9776313351727659,-0.022192305906154185,0.20915179666185657));
#3311=AXIS2_PLACEMENT_3D('',#197,#3309,#3310);
#3312=PLANE('',#3311);
#3313=FACE_SURFACE('',(#3308),#3312,.T.);
#3314=POLY_LOOP('',(#197,#280,#279));
#3315=FACE_OUTER_BOUND('',#3314,.T.);
#3316=DIRECTION('',(0.001411395923933807,0.9937032215825874,0.11203533093597333));
#3317=DIRECTION('',(-0.9881029113644044,-0.01584386009039089,0.15297584335647293));
#3318=AXIS2_PLACEMENT_3D('',#197,#3316,#3317);
#3319=PLANE('',#3318);
#3320=FACE_SURFACE('',(#3315),#3319,.T.);
#3321=POLY_LOOP('',(#281,#280,#197));
#3322=FACE_OUTER_BOUND('',#3321,.T.);
#3323=DIRECTION('',(0.0007013167253141422,0.9942047586393095,0.10750072582919135));
#3324=DIRECTION('',(0.9905502836469053,-0.015434208087888104,0.13627883470200036));
#3325=AXIS2_PLACEMENT_3D('',#281,#3323,#3324);
#3326=PLANE('',#3325);
#3327=FACE_SURFACE('',(#3322),#3326,.T.);
#3328=POLY_LOOP('',(#197,#282,#281));
#3329=FACE_OUTER_BOUND('',#3328,.T.);
#3330=DIRECTION('',(0.00037193550519476926,0.9946660049938953,0.10314746809041833));
#3331=DIRECTION('',(-0.9981280421338143,-0.005939011167525187,0.06086985832471199));
#3332=AXIS2_PLACEMENT_3D('',#197,#3330,#3331);
#3333=PLANE('',#3332);
#3334=FACE_SURFACE('',(#3329),#3333,.T.);
#3335=POLY_LOOP('',(#197,#283,#282));
#3336=FACE_OUTER_BOUND('',#3335,.T.);
#3337=DIRECTION('',(0.00021031385347512126,0.994934666931198,0.10052345152544809));
#3338=DIRECTION('',(-0.9992977152770663,-0.003557554024752894,0.037301743275566));
#3339=AXIS2_PLACEMENT_3D('',#197,#3337,#3338);
#3340=PLANE('',#3339);
#3341=FACE_SURFACE('',(#3336),#3340,.T.);
#3342=POLY_LOOP('',(#284,#283,#197));
#3343=FACE_OUTER_BOUND('',#3342,.T.);
#3344=DIRECTION('',(8.252666581571844e-05,0.9952714839984319,0.09713221056327458));
#3345=DIRECTION('',(0.9991733846232633,-0.0040306340843611396,0.04045122308868358));
#3346=AXIS2_PLACEMENT_3D('',#284,#3344,#3345);
#3347=PLANE('',#3346);
#3348=FACE_SURFACE('',(#3343),#3347,.T.);
#3349=POLY_LOOP('',(#200,#285,#198));
#3350=FACE_OUTER_BOUND('',#3349,.T.);
#3351=DIRECTION('',(-3.17285832696371e-05,0.9955172257463512,0.09458040090624167));
#3352=DIRECTION('',(0.9998883536239664,-0.0013816879003994717,0.014878549179932839));
#3353=AXIS2_PLACEMENT_3D('',#200,#3351,#3352);
#3354=PLANE('',#3353);
#3355=FACE_SURFACE('',(#3350),#3354,.T.);
#3356=POLY_LOOP('',(#200,#286,#285));
#3357=FACE_OUTER_BOUND('',#3356,.T.);
#3358=DIRECTION('',(-3.884132818818531e-05,0.995472096841877,0.09505421032541489));
#3359=DIRECTION('',(0.9997602885102826,-0.0020424971047039693,0.02179893858457155));
#3360=AXIS2_PLACEMENT_3D('',#200,#3358,#3359);
#3361=PLANE('',#3360);
#3362=FACE_SURFACE('',(#3357),#3361,.T.);
#3363=POLY_LOOP('',(#287,#286,#200));
#3364=FACE_OUTER_BOUND('',#3363,.T.);
#3365=DIRECTION('',(-0.00010048532922886034,0.9952005855786945,0.09785593679753013));
#3366=DIRECTION('',(0.9988623046791537,0.004766382558954334,-0.04744868689807114));
#3367=AXIS2_PLACEMENT_3D('',#287,#3365,#3366);
#3368=PLANE('',#3367);
#3369=FACE_SURFACE('',(#3364),#3368,.T.);
#3370=POLY_LOOP('',(#199,#284,#197));
#3371=FACE_OUTER_BOUND('',#3370,.T.);
#3372=DIRECTION('',(5.11509919506533e-05,0.9954217212466152,0.09558030264652721));
#3373=DIRECTION('',(0.9997842220183047,-0.002036370740446784,0.020672750118465186));
#3374=AXIS2_PLACEMENT_3D('',#199,#3372,#3373);
#3375=PLANE('',#3374);
#3376=FACE_SURFACE('',(#3371),#3375,.T.);
#3377=POLY_LOOP('',(#200,#288,#287));
#3378=FACE_OUTER_BOUND('',#3377,.T.);
#3379=DIRECTION('',(-0.00017735006917433,0.9950226257890368,0.09964909791284372));
#3380=DIRECTION('',(0.9990597937989938,-0.0041438025509942114,0.043155038115270695));
#3381=AXIS2_PLACEMENT_3D('',#200,#3379,#3380);
#3382=PLANE('',#3381);
#3383=FACE_SURFACE('',(#3378),#3382,.T.);
#3384=POLY_LOOP('',(#200,#289,#288));
#3385=FACE_OUTER_BOUND('',#3384,.T.);
#3386=DIRECTION('',(-0.0003146038227478537,0.9947024257993172,0.10279584200437591));
#3387=DIRECTION('',(0.9959605960587642,-0.00891845116164071,0.08934736888766469));
#3388=AXIS2_PLACEMENT_3D('',#200,#3386,#3387);
#3389=PLANE('',#3388);
#3390=FACE_SURFACE('',(#3385),#3389,.T.);
#3391=POLY_LOOP('',(#290,#289,#200));
#3392=FACE_OUTER_BOUND('',#3391,.T.);
#3393=DIRECTION('',(-0.0007499055310532454,0.9941942595826897,0.10759745282543588));
#3394=DIRECTION('',(0.990107416513217,0.01583512453838448,-0.13941503719605333));
#3395=AXIS2_PLACEMENT_3D('',#290,#3393,#3394);
#3396=PLANE('',#3395);
#3397=FACE_SURFACE('',(#3392),#3396,.T.);
#3398=POLY_LOOP('',(#200,#291,#290));
#3399=FACE_OUTER_BOUND('',#3398,.T.);
#3400=DIRECTION('',(-0.001235988040628656,0.9938112354223186,0.11107520282190743));
#3401=DIRECTION('',(0.9816538710670668,-0.019972673992334065,0.18962270357907735));
#3402=AXIS2_PLACEMENT_3D('',#200,#3400,#3401);
#3403=PLANE('',#3402);
#3404=FACE_SURFACE('',(#3399),#3403,.T.);
#3405=POLY_LOOP('',(#200,#292,#291));
#3406=FACE_OUTER_BOUND('',#3405,.T.);
#3407=DIRECTION('',(-0.0023983436332058006,0.993126607394802,0.11702046672402275));
#3408=DIRECTION('',(0.9133008375455886,-0.045484835483639185,0.4047378285749339));
#3409=AXIS2_PLACEMENT_3D('',#200,#3407,#3408);
#3410=PLANE('',#3409);
#3411=FACE_SURFACE('',(#3406),#3410,.T.);
#3412=POLY_LOOP('',(#293,#292,#200));
#3413=FACE_OUTER_BOUND('',#3412,.T.);
#3414=DIRECTION('',(-0.0041815330826339165,0.9926449013186026,0.1209901428516405));
#3415=DIRECTION('',(0.9650448886487976,0.03571193383557184,-0.25964017538615564));
#3416=AXIS2_PLACEMENT_3D('',#293,#3414,#3415);
#3417=PLANE('',#3416);
#3418=FACE_SURFACE('',(#3413),#3417,.T.);
#3419=POLY_LOOP('',(#200,#294,#293));
#3420=FACE_OUTER_BOUND('',#3419,.T.);
#3421=DIRECTION('',(-0.00625102729323051,0.9921613661060488,0.12480684382019508));
#3422=DIRECTION('',(0.6027213753657739,-0.09585243023775929,0.7921737532225525));
#3423=AXIS2_PLACEMENT_3D('',#200,#3421,#3422);
#3424=PLANE('',#3423);
#3425=FACE_SURFACE('',(#3420),#3424,.T.);
#3426=POLY_LOOP('',(#200,#295,#294));
#3427=FACE_OUTER_BOUND('',#3426,.T.);
#3428=DIRECTION('',(-0.011833775502675342,0.9915761110054891,0.12898363400285362));
#3429=DIRECTION('',(0.06725465277543002,-0.1279112830080479,0.9895026606125379));
#3430=AXIS2_PLACEMENT_3D('',#200,#3428,#3429);
#3431=PLANE('',#3430);
#3432=FACE_SURFACE('',(#3427),#3431,.T.);
#3433=POLY_LOOP('',(#296,#295,#200));
#3434=FACE_OUTER_BOUND('',#3433,.T.);
#3435=DIRECTION('',(0.013929391519185149,0.9917718530080588,0.1272578627545921));
#3436=DIRECTION('',(0.3162631662559675,-0.12510627240818212,0.94038610701875));
#3437=AXIS2_PLACEMENT_3D('',#296,#3435,#3436);
#3438=PLANE('',#3437);
#3439=FACE_SURFACE('',(#3434),#3438,.T.);
#3440=POLY_LOOP('',(#296,#297,#295));
#3441=FACE_OUTER_BOUND('',#3440,.T.);
#3442=DIRECTION('',(-0.0144513652273132,0.9905159656382003,0.13663557318242664));
#3443=DIRECTION('',(0.20809593346665572,-0.1306783587797903,0.9693395942708941));
#3444=AXIS2_PLACEMENT_3D('',#296,#3442,#3443);
#3445=PLANE('',#3444);
#3446=FACE_SURFACE('',(#3441),#3445,.T.);
#3447=POLY_LOOP('',(#298,#297,#296));
#3448=FACE_OUTER_BOUND('',#3447,.T.);
#3449=DIRECTION('',(0.013137306878166105,0.9913189396881843,0.13082114119469807));
#3450=DIRECTION('',(0.49786643585161006,-0.11994664934265435,0.8589189795108063));
#3451=AXIS2_PLACEMENT_3D('',#298,#3449,#3450);
#3452=PLANE('',#3451);
#3453=FACE_SURFACE('',(#3448),#3452,.T.);
#3454=POLY_LOOP('',(#298,#299,#297));
#3455=FACE_OUTER_BOUND('',#3454,.T.);
#3456=DIRECTION('',(-0.01723790125245153,0.9888251945141343,0.14807967265798286));
#3457=DIRECTION('',(-0.06905421370091643,-0.14892543835813266,0.98643435127736));
#3458=AXIS2_PLACEMENT_3D('',#298,#3456,#3457);
#3459=PLANE('',#3458);
#3460=FACE_SURFACE('',(#3455),#3459,.T.);
#3461=POLY_LOOP('',(#300,#299,#298));
#3462=FACE_OUTER_BOUND('',#3461,.T.);
#3463=DIRECTION('',(0.018997020077812777,0.9884191018528229,0.15055494784503848));
#3464=DIRECTION('',(0.256859460966376,-0.1503528460360207,0.9546817474954319));
#3465=AXIS2_PLACEMENT_3D('',#300,#3463,#3464);
#3466=PLANE('',#3465);
#3467=FACE_SURFACE('',(#3462),#3466,.T.);
#3468=POLY_LOOP('',(#300,#301,#299));
#3469=FACE_OUTER_BOUND('',#3468,.T.);
#3470=DIRECTION('',(-0.02316084430719667,0.9865831314747169,0.1616084774401369));
#3471=DIRECTION('',(-0.05311451120123111,-0.16263785771853917,0.9852551831564138));
#3472=AXIS2_PLACEMENT_3D('',#300,#3470,#3471);
#3473=PLANE('',#3472);
#3474=FACE_SURFACE('',(#3469),#3473,.T.);
#3475=POLY_LOOP('',(#151,#301,#300));
#3476=FACE_OUTER_BOUND('',#3475,.T.);
#3477=DIRECTION('',(0.01902225324150722,0.9863040917152327,0.16383648112494875));
#3478=DIRECTION('',(0.528264504367664,-0.1490404257356337,0.8358968626102907));
#3479=AXIS2_PLACEMENT_3D('',#151,#3477,#3478);
#3480=PLANE('',#3479);
#3481=FACE_SURFACE('',(#3476),#3480,.T.);
#3482=POLY_LOOP('',(#151,#276,#301));
#3483=FACE_OUTER_BOUND('',#3482,.T.);
#3484=DIRECTION('',(-0.022909698315541436,0.981613413220208,0.1895000071484542));
#3485=DIRECTION('',(0.04421566950000534,-0.18836941654547731,0.9811024092728459));
#3486=AXIS2_PLACEMENT_3D('',#151,#3484,#3485);
#3487=PLANE('',#3486);
#3488=FACE_SURFACE('',(#3483),#3487,.T.);
#3489=POLY_LOOP('',(#278,#276,#151));
#3490=FACE_OUTER_BOUND('',#3489,.T.);
#3491=DIRECTION('',(0.023756972361010244,0.9819833972256776,0.18746790081866116));
#3492=DIRECTION('',(0.37052229708684525,-0.18281471558396836,0.9106547134493075));
#3493=AXIS2_PLACEMENT_3D('',#278,#3491,#3492);
#3494=PLANE('',#3493);
#3495=FACE_SURFACE('',(#3490),#3494,.T.);
#3496=POLY_LOOP('',(#170,#230,#161));
#3497=FACE_OUTER_BOUND('',#3496,.T.);
#3498=DIRECTION('',(0.0009655645748077847,0.8428542238679737,0.5381410827961078));
#3499=DIRECTION('',(-0.9994031751347325,-0.017768997840990217,0.02962357585339762));
#3500=AXIS2_PLACEMENT_3D('',#170,#3498,#3499);
#3501=PLANE('',#3500);
#3502=FACE_SURFACE('',(#3497),#3501,.T.);
#3503=POLY_LOOP('',(#140,#139,#302));
#3504=FACE_OUTER_BOUND('',#3503,.T.);
#3505=DIRECTION('',(-0.16984272571789188,-0.49734857190172094,-0.850763096606826));
#3506=DIRECTION('',(-0.006208574937192068,0.8638288014586175,-0.5037472137568778));
#3507=AXIS2_PLACEMENT_3D('',#140,#3505,#3506);
#3508=PLANE('',#3507);
#3509=FACE_SURFACE('',(#3504),#3508,.T.);
#3510=POLY_LOOP('',(#161,#230,#303));
#3511=FACE_OUTER_BOUND('',#3510,.T.);
#3512=DIRECTION('',(-0.0004979374176973609,0.8418106452750721,0.539772720281319));
#3513=DIRECTION('',(-0.7978431333052504,0.3250756760835245,-0.5077126544183235));
#3514=AXIS2_PLACEMENT_3D('',#161,#3512,#3513);
#3515=PLANE('',#3514);
#3516=FACE_SURFACE('',(#3511),#3515,.T.);
#3517=POLY_LOOP('',(#162,#303,#304));
#3518=FACE_OUTER_BOUND('',#3517,.T.);
#3519=DIRECTION('',(-1.997220463672232e-05,0.812632524118506,0.5827764411383639));
#3520=DIRECTION('',(-0.8385638327636571,0.3174849517935178,-0.44273468778196373));
#3521=AXIS2_PLACEMENT_3D('',#162,#3519,#3520);
#3522=PLANE('',#3521);
#3523=FACE_SURFACE('',(#3518),#3522,.T.);
#3524=POLY_LOOP('',(#305,#306,#307));
#3525=FACE_OUTER_BOUND('',#3524,.T.);
#3526=DIRECTION('',(-0.9435255050170129,-0.31561678851029734,-0.10072568784990796));
#3527=DIRECTION('',(-0.15688873125013053,0.6934403427831755,-0.703225722657723));
#3528=AXIS2_PLACEMENT_3D('',#305,#3526,#3527);
#3529=PLANE('',#3528);
#3530=FACE_SURFACE('',(#3525),#3529,.T.);
#3531=POLY_LOOP('',(#308,#309,#310));
#3532=FACE_OUTER_BOUND('',#3531,.T.);
#3533=DIRECTION('',(0.05132930752832996,-0.9556427410020129,-0.290021126400857));
#3534=DIRECTION('',(-0.99863812585726,-0.05183041321713597,-0.005958342893831691));
#3535=AXIS2_PLACEMENT_3D('',#308,#3533,#3534);
#3536=PLANE('',#3535);
#3537=FACE_SURFACE('',(#3532),#3536,.T.);
#3538=POLY_LOOP('',(#30,#110,#36));
#3539=FACE_OUTER_BOUND('',#3538,.T.);
#3540=DIRECTION('',(0.5569162053192984,-0.7970644000255122,-0.23352233825637128));
#3541=DIRECTION('',(-0.8265510908953049,-0.5594864216902619,-0.061548664356003244));
#3542=AXIS2_PLACEMENT_3D('',#30,#3540,#3541);
#3543=PLANE('',#3542);
#3544=FACE_SURFACE('',(#3539),#3543,.T.);
#3545=POLY_LOOP('',(#109,#107,#93));
#3546=FACE_OUTER_BOUND('',#3545,.T.);
#3547=DIRECTION('',(0.4547527620536408,-0.8538342784953781,-0.2533119623524761));
#3548=DIRECTION('',(-0.8876587260120993,-0.457688191072917,-0.050828199721983484));
#3549=AXIS2_PLACEMENT_3D('',#109,#3547,#3548);
#3550=PLANE('',#3549);
#3551=FACE_SURFACE('',(#3546),#3550,.T.);
#3552=POLY_LOOP('',(#28,#29,#61));
#3553=FACE_OUTER_BOUND('',#3552,.T.);
#3554=DIRECTION('',(0.6092871838757568,-0.2890672283310516,-0.7383828715983012));
#3555=DIRECTION('',(-0.6503945322942598,-0.7148628957012159,-0.2568228819856277));
#3556=AXIS2_PLACEMENT_3D('',#28,#3554,#3555);
#3557=PLANE('',#3556);
#3558=FACE_SURFACE('',(#3553),#3557,.T.);
#3559=POLY_LOOP('',(#75,#55,#53));
#3560=FACE_OUTER_BOUND('',#3559,.T.);
#3561=DIRECTION('',(0.8044255003930618,-0.2689702542755395,-0.5296740664147375));
#3562=DIRECTION('',(0.45866041574801714,0.8478545708353654,0.266032422346289));
#3563=AXIS2_PLACEMENT_3D('',#75,#3561,#3562);
#3564=PLANE('',#3563);
#3565=FACE_SURFACE('',(#3560),#3564,.T.);
#3566=POLY_LOOP('',(#68,#61,#58));
#3567=FACE_OUTER_BOUND('',#3566,.T.);
#3568=DIRECTION('',(0.5738742326816128,-0.2391418612993791,-0.783249344231043));
#3569=DIRECTION('',(-0.6615692796325415,-0.6990974600258809,-0.27127261128216024));
#3570=AXIS2_PLACEMENT_3D('',#68,#3568,#3569);
#3571=PLANE('',#3570);
#3572=FACE_SURFACE('',(#3567),#3571,.T.);
#3573=POLY_LOOP('',(#173,#59,#60));
#3574=FACE_OUTER_BOUND('',#3573,.T.);
#3575=DIRECTION('',(0.3707692114590196,-0.20329214497172846,-0.9062022377079251));
#3576=DIRECTION('',(0.8229509007481489,0.5241541396660655,0.21912154807032777));
#3577=AXIS2_PLACEMENT_3D('',#173,#3575,#3576);
#3578=PLANE('',#3577);
#3579=FACE_SURFACE('',(#3574),#3578,.T.);
#3580=POLY_LOOP('',(#131,#158,#130));
#3581=FACE_OUTER_BOUND('',#3580,.T.);
#3582=DIRECTION('',(-0.7795705314066645,-0.4267267970965212,-0.4584474094179999));
#3583=DIRECTION('',(-0.5580139089541684,0.805616324181924,0.19900456182031154));
#3584=AXIS2_PLACEMENT_3D('',#131,#3582,#3583);
#3585=PLANE('',#3584);
#3586=FACE_SURFACE('',(#3581),#3585,.T.);
#3587=POLY_LOOP('',(#311,#312,#313));
#3588=FACE_OUTER_BOUND('',#3587,.T.);
#3589=DIRECTION('',(-0.5597740170622152,-0.7585629679857,-0.3335195247999081));
#3590=DIRECTION('',(0.002246873090821208,-0.4038756545368743,0.914811132001423));
#3591=AXIS2_PLACEMENT_3D('',#311,#3589,#3590);
#3592=PLANE('',#3591);
#3593=FACE_SURFACE('',(#3588),#3592,.T.);
#3594=POLY_LOOP('',(#314,#315,#316));
#3595=FACE_OUTER_BOUND('',#3594,.T.);
#3596=DIRECTION('',(-0.31954333279305075,-0.9073233727955395,-0.2732331525390648));
#3597=DIRECTION('',(-0.945962606604649,0.3222480991584525,0.036206484149972115));
#3598=AXIS2_PLACEMENT_3D('',#314,#3596,#3597);
#3599=PLANE('',#3598);
#3600=FACE_SURFACE('',(#3595),#3599,.T.);
#3601=POLY_LOOP('',(#317,#318,#319));
#3602=FACE_OUTER_BOUND('',#3601,.T.);
#3603=DIRECTION('',(-0.19091294446448948,-0.9389460064246109,-0.286238789571178));
#3604=DIRECTION('',(-0.9809963936860945,0.19278569609933036,0.02190321789997597));
#3605=AXIS2_PLACEMENT_3D('',#317,#3603,#3604);
#3606=PLANE('',#3605);
#3607=FACE_SURFACE('',(#3602),#3606,.T.);
#3608=POLY_LOOP('',(#247,#277,#320));
#3609=FACE_OUTER_BOUND('',#3608,.T.);
#3610=DIRECTION('',(-0.6764386088708276,-0.18516597079469818,-0.7128424592352482));
#3611=DIRECTION('',(0.6987190308547171,0.14467030648071832,-0.7006155995581457));
#3612=AXIS2_PLACEMENT_3D('',#247,#3610,#3611);
#3613=PLANE('',#3612);
#3614=FACE_SURFACE('',(#3609),#3613,.T.);
#3615=POLY_LOOP('',(#321,#322,#323));
#3616=FACE_OUTER_BOUND('',#3615,.T.);
#3617=DIRECTION('',(-0.06856316540577147,-0.9543039586664906,-0.29086602899445924));
#3618=DIRECTION('',(-0.9975678266400347,0.06924710023641784,0.007954266875393365));
#3619=AXIS2_PLACEMENT_3D('',#321,#3617,#3618);
#3620=PLANE('',#3619);
#3621=FACE_SURFACE('',(#3616),#3620,.T.);
#3622=POLY_LOOP('',(#324,#325,#202));
#3623=FACE_OUTER_BOUND('',#3622,.T.);
#3624=DIRECTION('',(-0.2671388413465597,-0.14660160244440462,-0.9524414993083566));
#3625=DIRECTION('',(0.014343968310874814,-0.9888558687839836,0.14818340441685615));
#3626=AXIS2_PLACEMENT_3D('',#324,#3624,#3625);
#3627=PLANE('',#3626);
#3628=FACE_SURFACE('',(#3623),#3627,.T.);
#3629=POLY_LOOP('',(#326,#325,#324));
#3630=FACE_OUTER_BOUND('',#3629,.T.);
#3631=DIRECTION('',(-0.18406238845391507,-0.14827738647206504,-0.971666019688686));
#3632=DIRECTION('',(-0.6691945642028034,-0.7051580027611684,0.23437326294460287));
#3633=AXIS2_PLACEMENT_3D('',#326,#3631,#3632);
#3634=PLANE('',#3633);
#3635=FACE_SURFACE('',(#3630),#3634,.T.);
#3636=POLY_LOOP('',(#326,#327,#325));
#3637=FACE_OUTER_BOUND('',#3636,.T.);
#3638=DIRECTION('',(-0.1857130689748513,-0.14668674143613447,-0.9715933593323859));
#3639=DIRECTION('',(0.010813490411529882,-0.9890396315982808,0.14725377941858317));
#3640=AXIS2_PLACEMENT_3D('',#326,#3638,#3639);
#3641=PLANE('',#3640);
#3642=FACE_SURFACE('',(#3637),#3641,.T.);
#3643=POLY_LOOP('',(#328,#327,#326));
#3644=FACE_OUTER_BOUND('',#3643,.T.);
#3645=DIRECTION('',(-0.11718484587913869,-0.14750108537506165,-0.9820952813803054));
#3646=DIRECTION('',(-0.6448202763320828,-0.7408014978593396,0.18820189159616638));
#3647=AXIS2_PLACEMENT_3D('',#328,#3645,#3646);
#3648=PLANE('',#3647);
#3649=FACE_SURFACE('',(#3644),#3648,.T.);
#3650=POLY_LOOP('',(#328,#329,#327));
#3651=FACE_OUTER_BOUND('',#3650,.T.);
#3652=DIRECTION('',(-0.1190063159764955,-0.1459199731770918,-0.982112446813347));
#3653=DIRECTION('',(0.007736950074715327,-0.9892480400848256,0.14604264716812182));
#3654=AXIS2_PLACEMENT_3D('',#328,#3652,#3653);
#3655=PLANE('',#3654);
#3656=FACE_SURFACE('',(#3651),#3655,.T.);
#3657=POLY_LOOP('',(#330,#329,#328));
#3658=FACE_OUTER_BOUND('',#3657,.T.);
#3659=DIRECTION('',(-0.06527645641078576,-0.1462351537085865,-0.987093847644831));
#3660=DIRECTION('',(-0.6207513152119141,-0.7685512517367427,0.15490893491521024));
#3661=AXIS2_PLACEMENT_3D('',#330,#3659,#3660);
#3662=PLANE('',#3661);
#3663=FACE_SURFACE('',(#3658),#3662,.T.);
#3664=POLY_LOOP('',(#330,#331,#329));
#3665=FACE_OUTER_BOUND('',#3664,.T.);
#3666=DIRECTION('',(-0.06703216334000002,-0.14483497861858718,-0.9871826163615894));
#3667=DIRECTION('',(0.004984165635574368,-0.9894442405756226,0.1448283566317265));
#3668=AXIS2_PLACEMENT_3D('',#330,#3666,#3667);
#3669=PLANE('',#3668);
#3670=FACE_SURFACE('',(#3665),#3669,.T.);
#3671=POLY_LOOP('',(#332,#331,#330));
#3672=FACE_OUTER_BOUND('',#3671,.T.);
#3673=DIRECTION('',(-0.02841537376653798,-0.14491180738451323,-0.9890364677878474));
#3674=DIRECTION('',(-0.5976998572460404,-0.7906092718667003,0.1330107510183626));
#3675=AXIS2_PLACEMENT_3D('',#332,#3673,#3674);
#3676=PLANE('',#3675);
#3677=FACE_SURFACE('',(#3672),#3676,.T.);
#3678=POLY_LOOP('',(#332,#176,#331));
#3679=FACE_OUTER_BOUND('',#3678,.T.);
#3680=DIRECTION('',(-0.029777998939222318,-0.14389977820681057,-0.9891441374295288));
#3681=DIRECTION('',(0.0024405629671128445,-0.9895904982472098,0.14389124167663084));
#3682=AXIS2_PLACEMENT_3D('',#332,#3680,#3681);
#3683=PLANE('',#3682);
#3684=FACE_SURFACE('',(#3679),#3683,.T.);
#3685=POLY_LOOP('',(#333,#176,#332));
#3686=FACE_OUTER_BOUND('',#3685,.T.);
#3687=DIRECTION('',(-0.006266011326818129,-0.1439039788621751,-0.9895718174896084));
#3688=DIRECTION('',(-0.5758924685065919,-0.8084888433127349,0.121217387186081));
#3689=AXIS2_PLACEMENT_3D('',#333,#3687,#3688);
#3690=PLANE('',#3689);
#3691=FACE_SURFACE('',(#3686),#3690,.T.);
#3692=POLY_LOOP('',(#333,#177,#176));
#3693=FACE_OUTER_BOUND('',#3692,.T.);
#3694=DIRECTION('',(-0.006832859341723838,-0.14350826215227425,-0.9896255305554977));
#3695=DIRECTION('',(1.613504567969831e-07,-0.9896486333246209,0.14351161123297243));
#3696=AXIS2_PLACEMENT_3D('',#333,#3694,#3695);
#3697=PLANE('',#3696);
#3698=FACE_SURFACE('',(#3693),#3697,.T.);
#3699=POLY_LOOP('',(#334,#177,#333));
#3700=FACE_OUTER_BOUND('',#3699,.T.);
#3701=DIRECTION('',(0.00624889595269765,-0.1435088082368233,-0.9896293110340959));
#3702=DIRECTION('',(-0.5552644023376829,-0.823555720657062,0.11591987952720988));
#3703=AXIS2_PLACEMENT_3D('',#334,#3701,#3702);
#3704=PLANE('',#3703);
#3705=FACE_SURFACE('',(#3700),#3704,.T.);
#3706=POLY_LOOP('',(#324,#202,#203));
#3707=FACE_OUTER_BOUND('',#3706,.T.);
#3708=DIRECTION('',(-0.269142550065895,-0.1515736173778702,-0.9510981685709496));
#3709=DIRECTION('',(-0.8925465912440901,0.41026865610432595,0.18719031031788308));
#3710=AXIS2_PLACEMENT_3D('',#324,#3708,#3709);
#3711=PLANE('',#3710);
#3712=FACE_SURFACE('',(#3707),#3711,.T.);
#3713=POLY_LOOP('',(#334,#179,#177));
#3714=FACE_OUTER_BOUND('',#3713,.T.);
#3715=DIRECTION('',(0.006850037330659682,-0.14390544727684892,-0.9895677335244002));
#3716=DIRECTION('',(-0.002440215536183963,-0.989590410187171,0.14389185318746708));
#3717=AXIS2_PLACEMENT_3D('',#334,#3715,#3716);
#3718=PLANE('',#3717);
#3719=FACE_SURFACE('',(#3714),#3718,.T.);
#3720=POLY_LOOP('',(#320,#277,#278));
#3721=FACE_OUTER_BOUND('',#3720,.T.);
#3722=DIRECTION('',(-0.5947844939996321,-0.2140140974054146,-0.7748737779853874));
#3723=DIRECTION('',(0.08534163103759335,0.9416535639386038,-0.3255846610845929));
#3724=AXIS2_PLACEMENT_3D('',#320,#3722,#3723);
#3725=PLANE('',#3724);
#3726=FACE_SURFACE('',(#3721),#3725,.T.);
#3727=POLY_LOOP('',(#335,#278,#151));
#3728=FACE_OUTER_BOUND('',#3727,.T.);
#3729=DIRECTION('',(-0.5365762947482766,-0.19707065693244388,-0.8205175416104311));
#3730=DIRECTION('',(-0.06713487496626602,0.9792352265786222,-0.19128847218475653));
#3731=AXIS2_PLACEMENT_3D('',#335,#3729,#3730);
#3732=PLANE('',#3731);
#3733=FACE_SURFACE('',(#3728),#3732,.T.);
#3734=POLY_LOOP('',(#108,#50,#47));
#3735=FACE_OUTER_BOUND('',#3734,.T.);
#3736=DIRECTION('',(0.6934437204074992,-0.6956870373001577,-0.1874976073445603));
#3737=DIRECTION('',(0.7179010106203995,0.6892561408571938,0.09769396726951657));
#3738=AXIS2_PLACEMENT_3D('',#108,#3736,#3737);
#3739=PLANE('',#3738);
#3740=FACE_SURFACE('',(#3735),#3739,.T.);
#3741=POLY_LOOP('',(#52,#50,#108));
#3742=FACE_OUTER_BOUND('',#3741,.T.);
#3743=DIRECTION('',(0.6887444624616702,-0.682831561654265,-0.2436639567871761));
#3744=DIRECTION('',(0.3701508374500443,0.042200905548326804,0.9280126298202692));
#3745=AXIS2_PLACEMENT_3D('',#52,#3743,#3744);
#3746=PLANE('',#3745);
#3747=FACE_SURFACE('',(#3742),#3746,.T.);
#3748=POLY_LOOP('',(#244,#72,#69));
#3749=FACE_OUTER_BOUND('',#3748,.T.);
#3750=DIRECTION('',(0.6381412780450585,-0.16207460411307595,-0.7526669462362545));
#3751=DIRECTION('',(-0.6765515741335064,-0.5846660385432412,-0.4477092705223199));
#3752=AXIS2_PLACEMENT_3D('',#244,#3750,#3751);
#3753=PLANE('',#3752);
#3754=FACE_SURFACE('',(#3749),#3753,.T.);
#3755=POLY_LOOP('',(#241,#72,#244));
#3756=FACE_OUTER_BOUND('',#3755,.T.);
#3757=DIRECTION('',(0.6841489837679424,-0.27412191002314645,-0.6758678468861747));
#3758=DIRECTION('',(-0.7117085954418637,-0.0483794407951756,-0.7008068955728929));
#3759=AXIS2_PLACEMENT_3D('',#241,#3757,#3758);
#3760=PLANE('',#3759);
#3761=FACE_SURFACE('',(#3756),#3760,.T.);
#3762=POLY_LOOP('',(#241,#74,#72));
#3763=FACE_OUTER_BOUND('',#3762,.T.);
#3764=DIRECTION('',(0.6926020428358148,-0.21499579624952544,-0.6885341079820875));
#3765=DIRECTION('',(-0.23969753195374335,-0.9689023454688338,0.06142750296306216));
#3766=AXIS2_PLACEMENT_3D('',#241,#3764,#3765);
#3767=PLANE('',#3766);
#3768=FACE_SURFACE('',(#3763),#3767,.T.);
#3769=POLY_LOOP('',(#76,#74,#241));
#3770=FACE_OUTER_BOUND('',#3769,.T.);
#3771=DIRECTION('',(0.768437938508425,-0.2280123248924201,-0.5979243383222289));
#3772=DIRECTION('',(-0.636283018504183,-0.3717806733573771,-0.675960835611902));
#3773=AXIS2_PLACEMENT_3D('',#76,#3771,#3772);
#3774=PLANE('',#3773);
#3775=FACE_SURFACE('',(#3770),#3774,.T.);
#3776=POLY_LOOP('',(#34,#33,#175));
#3777=FACE_OUTER_BOUND('',#3776,.T.);
#3778=DIRECTION('',(0.9001356306618337,-0.26681889064199077,-0.34433054759867054));
#3779=DIRECTION('',(0.3950128165246744,0.8331843664332318,0.38699959471877726));
#3780=AXIS2_PLACEMENT_3D('',#34,#3778,#3779);
#3781=PLANE('',#3780);
#3782=FACE_SURFACE('',(#3777),#3781,.T.);
#3783=POLY_LOOP('',(#163,#170,#161));
#3784=FACE_OUTER_BOUND('',#3783,.T.);
#3785=DIRECTION('',(0.9410451470413138,-0.29470331971397856,-0.16608426951265623));
#3786=DIRECTION('',(0.3322709466016112,0.8973893847496441,0.2903244911872308));
#3787=AXIS2_PLACEMENT_3D('',#163,#3785,#3786);
#3788=PLANE('',#3787);
#3789=FACE_SURFACE('',(#3784),#3788,.T.);
#3790=POLY_LOOP('',(#336,#337,#338));
#3791=FACE_OUTER_BOUND('',#3790,.T.);
#3792=DIRECTION('',(0.9459832548206485,-0.3025161518528875,-0.11661757786479977));
#3793=DIRECTION('',(0.30197315599258606,0.9530455358635764,-0.022724868104914826));
#3794=AXIS2_PLACEMENT_3D('',#336,#3792,#3793);
#3795=PLANE('',#3794);
#3796=FACE_SURFACE('',(#3791),#3795,.T.);
#3797=POLY_LOOP('',(#339,#340,#341));
#3798=FACE_OUTER_BOUND('',#3797,.T.);
#3799=DIRECTION('',(-0.9313138249691454,-0.34747854349472534,-0.10914770374187506));
#3800=DIRECTION('',(-0.15364269908861575,0.10310438240969412,0.982732622509643));
#3801=AXIS2_PLACEMENT_3D('',#339,#3799,#3800);
#3802=PLANE('',#3801);
#3803=FACE_SURFACE('',(#3798),#3802,.T.);
#3804=POLY_LOOP('',(#342,#343,#273));
#3805=FACE_OUTER_BOUND('',#3804,.T.);
#3806=DIRECTION('',(-0.9459135471798336,-0.3004291445542028,-0.1224332077669078));
#3807=DIRECTION('',(-0.3036406570404117,0.6869735908901246,0.660204238710715));
#3808=AXIS2_PLACEMENT_3D('',#342,#3806,#3807);
#3809=PLANE('',#3808);
#3810=FACE_SURFACE('',(#3805),#3809,.T.);
#3811=POLY_LOOP('',(#342,#306,#343));
#3812=FACE_OUTER_BOUND('',#3811,.T.);
#3813=DIRECTION('',(-0.9437950434334685,-0.31183440054287204,-0.10959116126989782));
#3814=DIRECTION('',(-0.07399138036880619,-0.12382323090824536,0.9895418551625605));
#3815=AXIS2_PLACEMENT_3D('',#342,#3813,#3814);
#3816=PLANE('',#3815);
#3817=FACE_SURFACE('',(#3812),#3816,.T.);
#3818=POLY_LOOP('',(#320,#278,#335));
#3819=FACE_OUTER_BOUND('',#3818,.T.);
#3820=DIRECTION('',(-0.6041514633814113,-0.19247494701826506,-0.7732751153790061));
#3821=DIRECTION('',(0.694462847893454,0.34872185393280086,-0.6293762161739064));
#3822=AXIS2_PLACEMENT_3D('',#320,#3820,#3821);
#3823=PLANE('',#3822);
#3824=FACE_SURFACE('',(#3819),#3823,.T.);
#3825=POLY_LOOP('',(#307,#306,#342));
#3826=FACE_OUTER_BOUND('',#3825,.T.);
#3827=DIRECTION('',(-0.9419494892270671,-0.3171817185048545,-0.11012228290030418));
#3828=DIRECTION('',(-0.2908316471748189,0.9346766380757202,-0.20444200947224817));
#3829=AXIS2_PLACEMENT_3D('',#307,#3827,#3828);
#3830=PLANE('',#3829);
#3831=FACE_SURFACE('',(#3826),#3830,.T.);
#3832=POLY_LOOP('',(#271,#344,#342));
#3833=FACE_OUTER_BOUND('',#3832,.T.);
#3834=DIRECTION('',(-0.9449473719871073,-0.29674748875517104,-0.13789630920426857));
#3835=DIRECTION('',(0.31427212360652484,-0.9404101103973621,-0.12985321169022493));
#3836=AXIS2_PLACEMENT_3D('',#271,#3834,#3835);
#3837=PLANE('',#3836);
#3838=FACE_SURFACE('',(#3833),#3837,.T.);
#3839=POLY_LOOP('',(#267,#344,#271));
#3840=FACE_OUTER_BOUND('',#3839,.T.);
#3841=DIRECTION('',(-0.9403070445475383,-0.28954137169482186,-0.17885316897207887));
#3842=DIRECTION('',(0.21948302576098327,-0.917565986244782,0.3315114813840453));
#3843=AXIS2_PLACEMENT_3D('',#267,#3841,#3842);
#3844=PLANE('',#3843);
#3845=FACE_SURFACE('',(#3840),#3844,.T.);
#3846=POLY_LOOP('',(#267,#345,#344));
#3847=FACE_OUTER_BOUND('',#3846,.T.);
#3848=DIRECTION('',(-0.941738012238333,-0.2880226565088609,-0.17370223269426463));
#3849=DIRECTION('',(0.2951422081238883,-0.9553179883140178,-0.01608161022452314));
#3850=AXIS2_PLACEMENT_3D('',#267,#3848,#3849);
#3851=PLANE('',#3850);
#3852=FACE_SURFACE('',(#3847),#3851,.T.);
#3853=POLY_LOOP('',(#265,#345,#267));
#3854=FACE_OUTER_BOUND('',#3853,.T.);
#3855=DIRECTION('',(-0.9330961582022413,-0.2845753935941487,-0.21988270716214386));
#3856=DIRECTION('',(0.1860867572586369,-0.9052643569536781,0.3819269076697906));
#3857=AXIS2_PLACEMENT_3D('',#265,#3855,#3856);
#3858=PLANE('',#3857);
#3859=FACE_SURFACE('',(#3854),#3858,.T.);
#3860=POLY_LOOP('',(#265,#346,#345));
#3861=FACE_OUTER_BOUND('',#3860,.T.);
#3862=DIRECTION('',(-0.9385671816946073,-0.27875966359501153,-0.20343228701029265));
#3863=DIRECTION('',(0.26555579596556284,-0.9598746464545859,0.09011538338585813));
#3864=AXIS2_PLACEMENT_3D('',#265,#3862,#3863);
#3865=PLANE('',#3864);
#3866=FACE_SURFACE('',(#3861),#3865,.T.);
#3867=POLY_LOOP('',(#347,#346,#265));
#3868=FACE_OUTER_BOUND('',#3867,.T.);
#3869=DIRECTION('',(-0.9274552921239236,-0.2798688714891522,-0.24799212867088338));
#3870=DIRECTION('',(-0.011958131919926304,-0.6406599239581994,0.7677316359997547));
#3871=AXIS2_PLACEMENT_3D('',#347,#3869,#3870);
#3872=PLANE('',#3871);
#3873=FACE_SURFACE('',(#3868),#3872,.T.);
#3874=POLY_LOOP('',(#262,#347,#265));
#3875=FACE_OUTER_BOUND('',#3874,.T.);
#3876=DIRECTION('',(-0.9255453598858625,-0.26901413432891047,-0.2664529645641352));
#3877=DIRECTION('',(0.21423397918123369,-0.9523048642132341,0.217299902807131));
#3878=AXIS2_PLACEMENT_3D('',#262,#3876,#3877);
#3879=PLANE('',#3878);
#3880=FACE_SURFACE('',(#3875),#3879,.T.);
#3881=POLY_LOOP('',(#262,#348,#347));
#3882=FACE_OUTER_BOUND('',#3881,.T.);
#3883=DIRECTION('',(-0.916062061691467,-0.2730942254718241,-0.2936832360614466));
#3884=DIRECTION('',(0.3729378901656289,-0.8493924123159659,-0.373429859516983));
#3885=AXIS2_PLACEMENT_3D('',#262,#3883,#3884);
#3886=PLANE('',#3885);
#3887=FACE_SURFACE('',(#3882),#3886,.T.);
#3888=POLY_LOOP('',(#258,#348,#262));
#3889=FACE_OUTER_BOUND('',#3888,.T.);
#3890=DIRECTION('',(-0.9102744920914005,-0.2569541507172357,-0.3246150234923309));
#3891=DIRECTION('',(0.11254600511763212,-0.9081402679223513,0.40325506879639084));
#3892=AXIS2_PLACEMENT_3D('',#258,#3890,#3891);
#3893=PLANE('',#3892);
#3894=FACE_SURFACE('',(#3889),#3893,.T.);
#3895=POLY_LOOP('',(#258,#349,#348));
#3896=FACE_OUTER_BOUND('',#3895,.T.);
#3897=DIRECTION('',(-0.9000634800270083,-0.2651112595015188,-0.3458348623363318));
#3898=DIRECTION('',(0.38190390574458366,-0.8621008119190209,-0.3330639531165105));
#3899=AXIS2_PLACEMENT_3D('',#258,#3897,#3898);
#3900=PLANE('',#3899);
#3901=FACE_SURFACE('',(#3896),#3900,.T.);
#3902=POLY_LOOP('',(#255,#349,#258));
#3903=FACE_OUTER_BOUND('',#3902,.T.);
#3904=DIRECTION('',(-0.8875490295949865,-0.24162963636214105,-0.39226501105311096));
#3905=DIRECTION('',(-0.13024417984320322,-0.6851032930815277,0.716707702920666));
#3906=AXIS2_PLACEMENT_3D('',#255,#3904,#3905);
#3907=PLANE('',#3906);
#3908=FACE_SURFACE('',(#3903),#3907,.T.);
#3909=POLY_LOOP('',(#335,#151,#149));
#3910=FACE_OUTER_BOUND('',#3909,.T.);
#3911=DIRECTION('',(-0.5416372561400054,-0.1942427106499609,-0.8178623674680734));
#3912=DIRECTION('',(0.28183390573129713,0.8746622822982667,-0.394379945617205));
#3913=AXIS2_PLACEMENT_3D('',#335,#3911,#3912);
#3914=PLANE('',#3913);
#3915=FACE_SURFACE('',(#3910),#3914,.T.);
#3916=POLY_LOOP('',(#271,#342,#273));
#3917=FACE_OUTER_BOUND('',#3916,.T.);
#3918=DIRECTION('',(-0.9390968466460193,-0.3065833951152504,-0.15525377437959173));
#3919=DIRECTION('',(0.18251645566152894,-0.8277520819388534,0.5305791498529197));
#3920=AXIS2_PLACEMENT_3D('',#271,#3918,#3919);
#3921=PLANE('',#3920);
#3922=FACE_SURFACE('',(#3917),#3921,.T.);
#3923=POLY_LOOP('',(#350,#179,#334));
#3924=FACE_OUTER_BOUND('',#3923,.T.);
#3925=DIRECTION('',(0.028291247302171404,-0.1439030029278832,-0.9891873083872564));
#3926=DIRECTION('',(-0.5355205991119784,-0.8377724833523617,0.10655962680285926));
#3927=AXIS2_PLACEMENT_3D('',#350,#3925,#3926);
#3928=PLANE('',#3927);
#3929=FACE_SURFACE('',(#3924),#3928,.T.);
#3930=POLY_LOOP('',(#350,#195,#179));
#3931=FACE_OUTER_BOUND('',#3930,.T.);
#3932=DIRECTION('',(0.029909446471254535,-0.14491258358698939,-0.9889922993279205));
#3933=DIRECTION('',(-0.004983438136039989,-0.9894442818490942,0.14482809969227145));
#3934=AXIS2_PLACEMENT_3D('',#350,#3932,#3933);
#3935=PLANE('',#3934);
#3936=FACE_SURFACE('',(#3931),#3935,.T.);
#3937=POLY_LOOP('',(#351,#195,#350));
#3938=FACE_OUTER_BOUND('',#3937,.T.);
#3939=DIRECTION('',(0.06498887015151249,-0.14484417578626585,-0.9873178877632205));
#3940=DIRECTION('',(-0.5164228763345229,-0.8514928232677167,0.09092516000508973));
#3941=AXIS2_PLACEMENT_3D('',#351,#3939,#3940);
#3942=PLANE('',#3941);
#3943=FACE_SURFACE('',(#3938),#3942,.T.);
#3944=POLY_LOOP('',(#330,#228,#332));
#3945=FACE_OUTER_BOUND('',#3944,.T.);
#3946=DIRECTION('',(-0.02196868220018108,-0.09290198205557917,-0.9954328700281764));
#3947=DIRECTION('',(0.5748474183113996,0.8134492691823676,-0.08860435727090812));
#3948=AXIS2_PLACEMENT_3D('',#330,#3946,#3947);
#3949=PLANE('',#3948);
#3950=FACE_SURFACE('',(#3945),#3949,.T.);
#3951=POLY_LOOP('',(#330,#208,#228));
#3952=FACE_OUTER_BOUND('',#3951,.T.);
#3953=DIRECTION('',(-0.015900233375907395,-0.0971587309235133,-0.9951418811324966));
#3954=DIRECTION('',(0.1466151890121096,0.9842831528808519,-0.09844115656509105));
#3955=AXIS2_PLACEMENT_3D('',#330,#3953,#3954);
#3956=PLANE('',#3955);
#3957=FACE_SURFACE('',(#3952),#3956,.T.);
#3958=POLY_LOOP('',(#328,#208,#330));
#3959=FACE_OUTER_BOUND('',#3958,.T.);
#3960=DIRECTION('',(-0.0538583837864281,-0.09142586206505252,-0.9943543564753843));
#3961=DIRECTION('',(0.7049616251191928,0.7017693440988816,-0.10270781271321204));
#3962=AXIS2_PLACEMENT_3D('',#328,#3960,#3961);
#3963=PLANE('',#3962);
#3964=FACE_SURFACE('',(#3959),#3963,.T.);
#3965=POLY_LOOP('',(#328,#207,#208));
#3966=FACE_OUTER_BOUND('',#3965,.T.);
#3967=DIRECTION('',(-0.04554843413269946,-0.09971775397493696,-0.993972690615921));
#3968=DIRECTION('',(0.011226613587930987,0.9948914421991666,-0.10032438081647692));
#3969=AXIS2_PLACEMENT_3D('',#328,#3967,#3968);
#3970=PLANE('',#3969);
#3971=FACE_SURFACE('',(#3966),#3970,.T.);
#3972=POLY_LOOP('',(#326,#207,#328));
#3973=FACE_OUTER_BOUND('',#3972,.T.);
#3974=DIRECTION('',(-0.1028477425729146,-0.09864971566837223,-0.9897931983228642));
#3975=DIRECTION('',(0.7360189068021432,0.6618061507662426,-0.1424387153752356));
#3976=AXIS2_PLACEMENT_3D('',#326,#3974,#3975);
#3977=PLANE('',#3976);
#3978=FACE_SURFACE('',(#3973),#3977,.T.);
#3979=POLY_LOOP('',(#352,#216,#211));
#3980=FACE_OUTER_BOUND('',#3979,.T.);
#3981=DIRECTION('',(0.2227607691466762,-0.11162188295556655,-0.968461767430514));
#3982=DIRECTION('',(0.014919565971658966,0.9936973771652744,-0.11109873611374566));
#3983=AXIS2_PLACEMENT_3D('',#352,#3981,#3982);
#3984=PLANE('',#3983);
#3985=FACE_SURFACE('',(#3980),#3984,.T.);
#3986=POLY_LOOP('',(#352,#214,#216));
#3987=FACE_OUTER_BOUND('',#3986,.T.);
#3988=DIRECTION('',(0.19066015058292068,-0.11189970237086415,-0.9752574857897836));
#3989=DIRECTION('',(-0.47392618257668573,0.8595396220327559,-0.19127365637765428));
#3990=AXIS2_PLACEMENT_3D('',#352,#3988,#3989);
#3991=PLANE('',#3990);
#3992=FACE_SURFACE('',(#3987),#3991,.T.);
#3993=POLY_LOOP('',(#215,#214,#352));
#3994=FACE_OUTER_BOUND('',#3993,.T.);
#3995=DIRECTION('',(0.14770211764907168,-0.13654325728674274,-0.9795611381284509));
#3996=DIRECTION('',(0.9886781773146875,-0.006102078132568308,0.14992740357976972));
#3997=AXIS2_PLACEMENT_3D('',#215,#3995,#3996);
#3998=PLANE('',#3997);
#3999=FACE_SURFACE('',(#3994),#3998,.T.);
#4000=POLY_LOOP('',(#210,#352,#211));
#4001=FACE_OUTER_BOUND('',#4000,.T.);
#4002=DIRECTION('',(0.27427832137343855,-0.160143644625388,-0.9482222395149071));
#4003=DIRECTION('',(-0.8993476580538795,-0.39185839536569095,-0.1939607896829358));
#4004=AXIS2_PLACEMENT_3D('',#210,#4002,#4003);
#4005=PLANE('',#4004);
#4006=FACE_SURFACE('',(#4001),#4005,.T.);
#4007=POLY_LOOP('',(#210,#173,#352));
#4008=FACE_OUTER_BOUND('',#4007,.T.);
#4009=DIRECTION('',(0.2683029453687817,-0.14433157940141056,-0.9524609832921928));
#4010=DIRECTION('',(-0.11984961167039132,-0.9860321177742419,0.11565782852924372));
#4011=AXIS2_PLACEMENT_3D('',#210,#4009,#4010);
#4012=PLANE('',#4011);
#4013=FACE_SURFACE('',(#4008),#4012,.T.);
#4014=POLY_LOOP('',(#197,#173,#210));
#4015=FACE_OUTER_BOUND('',#4014,.T.);
#4016=DIRECTION('',(0.3284142476348676,-0.1493150197243704,-0.932657014574562));
#4017=DIRECTION('',(-0.34539097304788163,-0.938024425345601,0.028552638968969885));
#4018=AXIS2_PLACEMENT_3D('',#197,#4016,#4017);
#4019=PLANE('',#4018);
#4020=FACE_SURFACE('',(#4015),#4019,.T.);
#4021=POLY_LOOP('',(#197,#59,#173));
#4022=FACE_OUTER_BOUND('',#4021,.T.);
#4023=DIRECTION('',(0.3453722830416849,-0.15534190511633172,-0.9255197883467445));
#4024=DIRECTION('',(0.09500890868466799,-0.9753505600258453,0.19915971562496845));
#4025=AXIS2_PLACEMENT_3D('',#197,#4023,#4024);
#4026=PLANE('',#4025);
#4027=FACE_SURFACE('',(#4022),#4026,.T.);
#4028=POLY_LOOP('',(#332,#228,#227));
#4029=FACE_OUTER_BOUND('',#4028,.T.);
#4030=DIRECTION('',(-0.003029161008677665,-0.09287731788748299,-0.995672952332045));
#4031=DIRECTION('',(-0.002473871564820845,0.9956751695998676,-0.09286999839429082));
#4032=AXIS2_PLACEMENT_3D('',#332,#4030,#4031);
#4033=PLANE('',#4032);
#4034=FACE_SURFACE('',(#4029),#4033,.T.);
#4035=POLY_LOOP('',(#225,#59,#197));
#4036=FACE_OUTER_BOUND('',#4035,.T.);
#4037=DIRECTION('',(0.3631402759586355,-0.15232055177617873,-0.9191994285699303));
#4038=DIRECTION('',(-0.1709524388460365,-0.980691221572488,0.09497363625371653));
#4039=AXIS2_PLACEMENT_3D('',#225,#4037,#4038);
#4040=PLANE('',#4039);
#4041=FACE_SURFACE('',(#4036),#4040,.T.);
#4042=POLY_LOOP('',(#223,#56,#225));
#4043=FACE_OUTER_BOUND('',#4042,.T.);
#4044=DIRECTION('',(0.3902912110293215,-0.15790652267890062,-0.9070492272686878));
#4045=DIRECTION('',(-0.02417188791075739,-0.9866004317344464,0.16135460308349944));
#4046=AXIS2_PLACEMENT_3D('',#223,#4044,#4045);
#4047=PLANE('',#4046);
#4048=FACE_SURFACE('',(#4043),#4047,.T.);
#4049=POLY_LOOP('',(#221,#56,#223));
#4050=FACE_OUTER_BOUND('',#4049,.T.);
#4051=DIRECTION('',(0.4260783792300242,-0.15617554275759687,-0.8911040425208976));
#4052=DIRECTION('',(-0.46345154426400403,-0.8836056339835933,-0.06673641968042789));
#4053=AXIS2_PLACEMENT_3D('',#221,#4051,#4052);
#4054=PLANE('',#4053);
#4055=FACE_SURFACE('',(#4050),#4054,.T.);
#4056=POLY_LOOP('',(#221,#57,#56));
#4057=FACE_OUTER_BOUND('',#4056,.T.);
#4058=DIRECTION('',(0.46107186465570255,-0.1761459172576683,-0.8697041746803151));
#4059=DIRECTION('',(0.6781575449645535,-0.5621514715641764,0.47337941149344515));
#4060=AXIS2_PLACEMENT_3D('',#221,#4058,#4059);
#4061=PLANE('',#4060);
#4062=FACE_SURFACE('',(#4057),#4061,.T.);
#4063=POLY_LOOP('',(#70,#57,#221));
#4064=FACE_OUTER_BOUND('',#4063,.T.);
#4065=DIRECTION('',(0.48617726296951636,-0.13987193576878368,-0.8625934793144235));
#4066=DIRECTION('',(-0.7053213822177792,-0.6455679606791487,-0.2928544961767989));
#4067=AXIS2_PLACEMENT_3D('',#70,#4065,#4066);
#4068=PLANE('',#4067);
#4069=FACE_SURFACE('',(#4064),#4068,.T.);
#4070=POLY_LOOP('',(#353,#354,#355));
#4071=FACE_OUTER_BOUND('',#4070,.T.);
#4072=DIRECTION('',(-0.0001752740525577699,0.7037321203134116,0.7104653912177543));
#4073=DIRECTION('',(-0.9978807707893177,0.0461059808665171,-0.045915202463382404));
#4074=AXIS2_PLACEMENT_3D('',#353,#4072,#4073);
#4075=PLANE('',#4074);
#4076=FACE_SURFACE('',(#4071),#4075,.T.);
#4077=POLY_LOOP('',(#353,#356,#354));
#4078=FACE_OUTER_BOUND('',#4077,.T.);
#4079=DIRECTION('',(0.0019490542630411691,0.7265019979086167,0.687161588145225));
#4080=DIRECTION('',(-0.74882629712601,0.4564876442836632,-0.4804978744478484));
#4081=AXIS2_PLACEMENT_3D('',#353,#4079,#4080);
#4082=PLANE('',#4081);
#4083=FACE_SURFACE('',(#4078),#4082,.T.);
#4084=POLY_LOOP('',(#338,#356,#353));
#4085=FACE_OUTER_BOUND('',#4084,.T.);
#4086=DIRECTION('',(0.0024288613077196246,0.7268736485986271,0.686766917961012));
#4087=DIRECTION('',(-0.9967572770339799,-0.05347742651201225,0.06012566451573207));
#4088=AXIS2_PLACEMENT_3D('',#338,#4086,#4087);
#4089=PLANE('',#4088);
#4090=FACE_SURFACE('',(#4085),#4089,.T.);
#4091=POLY_LOOP('',(#338,#357,#356));
#4092=FACE_OUTER_BOUND('',#4091,.T.);
#4093=DIRECTION('',(-0.002431967472092335,0.7668889097412566,0.6417752610143845));
#4094=DIRECTION('',(-0.7574841840936208,0.4175720520258011,-0.5018478775634935));
#4095=AXIS2_PLACEMENT_3D('',#338,#4093,#4094);
#4096=PLANE('',#4095);
#4097=FACE_SURFACE('',(#4092),#4096,.T.);
#4098=POLY_LOOP('',(#337,#357,#338));
#4099=FACE_OUTER_BOUND('',#4098,.T.);
#4100=DIRECTION('',(0.0019233278084895963,0.7701230544257748,0.6378924532019927));
#4101=DIRECTION('',(-0.9979227626003834,-0.03959784405512646,0.05081506302470599));
#4102=AXIS2_PLACEMENT_3D('',#337,#4100,#4101);
#4103=PLANE('',#4102);
#4104=FACE_SURFACE('',(#4099),#4103,.T.);
#4105=POLY_LOOP('',(#337,#358,#357));
#4106=FACE_OUTER_BOUND('',#4105,.T.);
#4107=DIRECTION('',(-0.00010633237779824848,0.7897989284603805,0.6133658299059871));
#4108=DIRECTION('',(-0.9992482619514057,0.023694588734098587,-0.03068350455565673));
#4109=AXIS2_PLACEMENT_3D('',#337,#4107,#4108);
#4110=PLANE('',#4109);
#4111=FACE_SURFACE('',(#4106),#4110,.T.);
#4112=POLY_LOOP('',(#304,#358,#337));
#4113=FACE_OUTER_BOUND('',#4112,.T.);
#4114=DIRECTION('',(0.0002531324272169339,0.795448021981943,0.6060217654911322));
#4115=DIRECTION('',(-0.09098944476091884,-0.6034895986139415,0.7921623730693623));
#4116=AXIS2_PLACEMENT_3D('',#304,#4114,#4115);
#4117=PLANE('',#4116);
#4118=FACE_SURFACE('',(#4113),#4117,.T.);
#4119=POLY_LOOP('',(#162,#304,#337));
#4120=FACE_OUTER_BOUND('',#4119,.T.);
#4121=DIRECTION('',(-1.5802097905326603e-05,0.7945664672566581,0.6071771807813332));
#4122=DIRECTION('',(-0.9999999904072503,-9.610788270658898e-05,9.974354274318692e-05));
#4123=AXIS2_PLACEMENT_3D('',#162,#4121,#4122);
#4124=PLANE('',#4123);
#4125=FACE_SURFACE('',(#4120),#4124,.T.);
#4126=POLY_LOOP('',(#225,#56,#59));
#4127=FACE_OUTER_BOUND('',#4126,.T.);
#4128=DIRECTION('',(0.3946413218085071,-0.1564766650200461,-0.9054133202164846));
#4129=DIRECTION('',(0.21359971975224948,-0.942773227793534,0.25603476458778324));
#4130=AXIS2_PLACEMENT_3D('',#225,#4128,#4129);
#4131=PLANE('',#4130);
#4132=FACE_SURFACE('',(#4127),#4131,.T.);
#4133=POLY_LOOP('',(#332,#227,#333));
#4134=FACE_OUTER_BOUND('',#4133,.T.);
#4135=DIRECTION('',(-0.0041424644184410615,-0.0921890376281653,-0.9957329066219187));
#4136=DIRECTION('',(0.5272793991831575,0.8458693476760626,-0.08050765093530429));
#4137=AXIS2_PLACEMENT_3D('',#332,#4135,#4136);
#4138=PLANE('',#4137);
#4139=FACE_SURFACE('',(#4134),#4138,.T.);
#4140=POLY_LOOP('',(#333,#227,#213));
#4141=FACE_OUTER_BOUND('',#4140,.T.);
#4142=DIRECTION('',(0.002762414202260541,-0.091987738582127,-0.9957563080484708));
#4143=DIRECTION('',(-0.029328748063726734,0.9953242950009874,-0.09202919274774578));
#4144=AXIS2_PLACEMENT_3D('',#333,#4142,#4143);
#4145=PLANE('',#4144);
#4146=FACE_SURFACE('',(#4141),#4145,.T.);
#4147=POLY_LOOP('',(#333,#213,#334));
#4148=FACE_OUTER_BOUND('',#4147,.T.);
#4149=DIRECTION('',(0.004170239116719404,-0.0928793450310603,-0.995668637837062));
#4150=DIRECTION('',(0.5368718659409363,0.8402218780009316,-0.07613012077807901));
#4151=AXIS2_PLACEMENT_3D('',#333,#4149,#4150);
#4152=PLANE('',#4151);
#4153=FACE_SURFACE('',(#4148),#4152,.T.);
#4154=POLY_LOOP('',(#351,#193,#195));
#4155=FACE_OUTER_BOUND('',#4154,.T.);
#4156=DIRECTION('',(0.0673380958222872,-0.1462303237470882,-0.986956064507357));
#4157=DIRECTION('',(-0.007736557652036808,-0.989248128016135,0.14604207233625896));
#4158=AXIS2_PLACEMENT_3D('',#351,#4156,#4157);
#4159=PLANE('',#4158);
#4160=FACE_SURFACE('',(#4155),#4159,.T.);
#4161=POLY_LOOP('',(#359,#193,#351));
#4162=FACE_OUTER_BOUND('',#4161,.T.);
#4163=DIRECTION('',(0.11672931283010966,-0.14594140233429617,-0.9823824991371282));
#4164=DIRECTION('',(-0.49775633537620323,-0.8645446265325991,0.0692908314747455));
#4165=AXIS2_PLACEMENT_3D('',#359,#4163,#4164);
#4166=PLANE('',#4165);
#4167=FACE_SURFACE('',(#4162),#4166,.T.);
#4168=POLY_LOOP('',(#359,#191,#193));
#4169=FACE_OUTER_BOUND('',#4168,.T.);
#4170=DIRECTION('',(0.1194883784336872,-0.14748484454120536,-0.9818201200066866));
#4171=DIRECTION('',(-0.010813276212517663,-0.9890396973585225,0.1472533534644091));
#4172=AXIS2_PLACEMENT_3D('',#359,#4170,#4171);
#4173=PLANE('',#4172);
#4174=FACE_SURFACE('',(#4169),#4173,.T.);
#4175=POLY_LOOP('',(#352,#191,#359));
#4176=FACE_OUTER_BOUND('',#4175,.T.);
#4177=DIRECTION('',(0.18348093112158048,-0.14672415547555526,-0.9720117129514143));
#4178=DIRECTION('',(-0.4792883327046627,-0.8766587579262853,0.041858288119883784));
#4179=AXIS2_PLACEMENT_3D('',#352,#4177,#4178);
#4180=PLANE('',#4179);
#4181=FACE_SURFACE('',(#4176),#4180,.T.);
#4182=POLY_LOOP('',(#352,#174,#191));
#4183=FACE_OUTER_BOUND('',#4182,.T.);
#4184=DIRECTION('',(0.18633379890342755,-0.1482469203306357,-0.9712376465102139));
#4185=DIRECTION('',(-0.014344041996870848,-0.9888557536421041,0.14818416564565376));
#4186=AXIS2_PLACEMENT_3D('',#352,#4184,#4185);
#4187=PLANE('',#4186);
#4188=FACE_SURFACE('',(#4183),#4187,.T.);
#4189=POLY_LOOP('',(#173,#174,#352));
#4190=FACE_OUTER_BOUND('',#4189,.T.);
#4191=DIRECTION('',(0.26621917293592284,-0.1466270284609181,-0.9526950542991363));
#4192=DIRECTION('',(-0.8681721259418701,-0.4659106371161596,-0.17089306001001925));
#4193=AXIS2_PLACEMENT_3D('',#173,#4191,#4192);
#4194=PLANE('',#4193);
#4195=FACE_SURFACE('',(#4190),#4194,.T.);
#4196=POLY_LOOP('',(#300,#150,#151));
#4197=FACE_OUTER_BOUND('',#4196,.T.);
#4198=DIRECTION('',(-0.48214042146764674,-0.13422574702264295,-0.8657505777204041));
#4199=DIRECTION('',(-0.7242565508992949,-0.4949512378498114,0.480078869177135));
#4200=AXIS2_PLACEMENT_3D('',#300,#4198,#4199);
#4201=PLANE('',#4200);
#4202=FACE_SURFACE('',(#4197),#4201,.T.);
#4203=POLY_LOOP('',(#300,#148,#150));
#4204=FACE_OUTER_BOUND('',#4203,.T.);
#4205=DIRECTION('',(-0.4591431597358022,-0.173262303038152,-0.8713023202159735));
#4206=DIRECTION('',(0.3964824293316771,-0.9176611963112826,-0.026450179882135588));
#4207=AXIS2_PLACEMENT_3D('',#300,#4205,#4206);
#4208=PLANE('',#4207);
#4209=FACE_SURFACE('',(#4204),#4208,.T.);
#4210=POLY_LOOP('',(#298,#148,#300));
#4211=FACE_OUTER_BOUND('',#4210,.T.);
#4212=DIRECTION('',(-0.4216034888715035,-0.1564121693811527,-0.8931885195415676));
#4213=DIRECTION('',(0.024181421324461907,-0.9865999797657942,0.16135593818903438));
#4214=AXIS2_PLACEMENT_3D('',#298,#4212,#4213);
#4215=PLANE('',#4214);
#4216=FACE_SURFACE('',(#4211),#4215,.T.);
#4217=POLY_LOOP('',(#298,#147,#148));
#4218=FACE_OUTER_BOUND('',#4217,.T.);
#4219=DIRECTION('',(-0.39521979523237294,-0.15768915444753234,-0.904950520208759));
#4220=DIRECTION('',(0.3456649996796274,-0.9382742797716283,0.012533312232428389));
#4221=AXIS2_PLACEMENT_3D('',#298,#4219,#4220);
#4222=PLANE('',#4221);
#4223=FACE_SURFACE('',(#4218),#4222,.T.);
#4224=POLY_LOOP('',(#296,#147,#298));
#4225=FACE_OUTER_BOUND('',#4224,.T.);
#4226=DIRECTION('',(-0.38701141156930063,-0.15471925949693183,-0.9090017151006143));
#4227=DIRECTION('',(0.11563185183452519,-0.9861831932190906,0.11862539464008613));
#4228=AXIS2_PLACEMENT_3D('',#296,#4226,#4227);
#4229=PLANE('',#4228);
#4230=FACE_SURFACE('',(#4225),#4229,.T.);
#4231=POLY_LOOP('',(#200,#147,#296));
#4232=FACE_OUTER_BOUND('',#4231,.T.);
#4233=DIRECTION('',(-0.3596888599825259,-0.15289397422389006,-0.9204604047163003));
#4234=DIRECTION('',(-0.09103360375717291,-0.9760270029400222,0.19769717377570148));
#4235=AXIS2_PLACEMENT_3D('',#200,#4233,#4234);
#4236=PLANE('',#4235);
#4237=FACE_SURFACE('',(#4232),#4236,.T.);
#4238=POLY_LOOP('',(#200,#360,#147));
#4239=FACE_OUTER_BOUND('',#4238,.T.);
#4240=DIRECTION('',(-0.3452149635287147,-0.155282643545928,-0.9255884234200732));
#4241=DIRECTION('',(0.346322514113785,-0.9376931852853057,0.028146162925070845));
#4242=AXIS2_PLACEMENT_3D('',#200,#4240,#4241);
#4243=PLANE('',#4242);
#4244=FACE_SURFACE('',(#4239),#4243,.T.);
#4245=POLY_LOOP('',(#202,#360,#200));
#4246=FACE_OUTER_BOUND('',#4245,.T.);
#4247=DIRECTION('',(-0.32555413985188425,-0.148268483254033,-0.9338259789162264));
#4248=DIRECTION('',(0.0808211653415332,-0.9883776667920797,0.12875374565223793));
#4249=AXIS2_PLACEMENT_3D('',#202,#4247,#4248);
#4250=PLANE('',#4249);
#4251=FACE_SURFACE('',(#4246),#4250,.T.);
#4252=POLY_LOOP('',(#325,#360,#202));
#4253=FACE_OUTER_BOUND('',#4252,.T.);
#4254=DIRECTION('',(-0.2658579509499126,-0.14587327634467417,-0.9529116103633033));
#4255=DIRECTION('',(-0.8681703097282926,0.46591418706103765,0.17089260838764472));
#4256=AXIS2_PLACEMENT_3D('',#325,#4254,#4255);
#4257=PLANE('',#4256);
#4258=FACE_SURFACE('',(#4253),#4257,.T.);
#4259=POLY_LOOP('',(#326,#206,#207));
#4260=FACE_OUTER_BOUND('',#4259,.T.);
#4261=DIRECTION('',(-0.09306549476895791,-0.10949191701216403,-0.9896213082752465));
#4262=DIRECTION('',(0.1406753256216264,0.9825183054190758,-0.12193536106346259));
#4263=AXIS2_PLACEMENT_3D('',#326,#4261,#4262);
#4264=PLANE('',#4263);
#4265=FACE_SURFACE('',(#4260),#4264,.T.);
#4266=POLY_LOOP('',(#326,#205,#206));
#4267=FACE_OUTER_BOUND('',#4266,.T.);
#4268=DIRECTION('',(-0.14609539068479763,-0.10121141482540973,-0.9840794613900319));
#4269=DIRECTION('',(-0.5905034654646731,0.8070216240304706,0.004664292168521626));
#4270=AXIS2_PLACEMENT_3D('',#326,#4268,#4269);
#4271=PLANE('',#4270);
#4272=FACE_SURFACE('',(#4267),#4271,.T.);
#4273=POLY_LOOP('',(#324,#205,#326));
#4274=FACE_OUTER_BOUND('',#4273,.T.);
#4275=DIRECTION('',(-0.1740713752671035,-0.12172151148313311,-0.9771811653705166));
#4276=DIRECTION('',(0.529282401917132,0.8252392656967239,-0.19707940880052258));
#4277=AXIS2_PLACEMENT_3D('',#324,#4275,#4276);
#4278=PLANE('',#4277);
#4279=FACE_SURFACE('',(#4274),#4278,.T.);
#4280=POLY_LOOP('',(#324,#204,#205));
#4281=FACE_OUTER_BOUND('',#4280,.T.);
#4282=DIRECTION('',(-0.18878903809625208,-0.11190931376374949,-0.9756203178427655));
#4283=DIRECTION('',(-0.014906931357396942,0.9936976161924833,-0.11109829418529309));
#4284=AXIS2_PLACEMENT_3D('',#324,#4282,#4283);
#4285=PLANE('',#4284);
#4286=FACE_SURFACE('',(#4281),#4285,.T.);
#4287=POLY_LOOP('',(#203,#204,#324));
#4288=FACE_OUTER_BOUND('',#4287,.T.);
#4289=DIRECTION('',(-0.22012442212008507,-0.11164610704411983,-0.9690616005023579));
#4290=DIRECTION('',(0.9747744715159489,0.012380620403524159,-0.22284849095119888));
#4291=AXIS2_PLACEMENT_3D('',#203,#4289,#4290);
#4292=PLANE('',#4291);
#4293=FACE_SURFACE('',(#4288),#4292,.T.);
#4294=POLY_LOOP('',(#359,#215,#352));
#4295=FACE_OUTER_BOUND('',#4294,.T.);
#4296=DIRECTION('',(0.1655039934593747,-0.09917220598136926,-0.9812101210799795));
#4297=DIRECTION('',(-0.11813805501689711,0.9857731850892181,-0.1195601418361601));
#4298=AXIS2_PLACEMENT_3D('',#359,#4296,#4297);
#4299=PLANE('',#4298);
#4300=FACE_SURFACE('',(#4295),#4299,.T.);
#4301=POLY_LOOP('',(#351,#215,#359));
#4302=FACE_OUTER_BOUND('',#4301,.T.);
#4303=DIRECTION('',(0.10539296071790764,-0.1072757110894266,-0.9886274554357529));
#4304=DIRECTION('',(0.5915770868179312,0.8058797305747819,-0.024380529131395517));
#4305=AXIS2_PLACEMENT_3D('',#351,#4303,#4304);
#4306=PLANE('',#4305);
#4307=FACE_SURFACE('',(#4302),#4306,.T.);
#4308=POLY_LOOP('',(#351,#217,#215));
#4309=FACE_OUTER_BOUND('',#4308,.T.);
#4310=DIRECTION('',(0.09312327992862268,-0.09833415788887372,-0.9907867823743015));
#4311=DIRECTION('',(-0.03295687550650673,0.9942612190696408,-0.1017765818398334));
#4312=AXIS2_PLACEMENT_3D('',#351,#4310,#4311);
#4313=PLANE('',#4312);
#4314=FACE_SURFACE('',(#4309),#4313,.T.);
#4315=POLY_LOOP('',(#350,#217,#351));
#4316=FACE_OUTER_BOUND('',#4315,.T.);
#4317=DIRECTION('',(0.055620978319529515,-0.09984953193708261,-0.9934467161064674));
#4318=DIRECTION('',(0.5600482935082524,0.8268421870664912,-0.051748493945196455));
#4319=AXIS2_PLACEMENT_3D('',#350,#4317,#4318);
#4320=PLANE('',#4319);
#4321=FACE_SURFACE('',(#4316),#4320,.T.);
#4322=POLY_LOOP('',(#350,#212,#217));
#4323=FACE_OUTER_BOUND('',#4322,.T.);
#4324=DIRECTION('',(0.04732751984124145,-0.09429293564672653,-0.9944188997363231));
#4325=DIRECTION('',(-0.055765970596189256,0.993732383884147,-0.09688191649319897));
#4326=AXIS2_PLACEMENT_3D('',#350,#4324,#4325);
#4327=PLANE('',#4326);
#4328=FACE_SURFACE('',(#4323),#4327,.T.);
#4329=POLY_LOOP('',(#334,#212,#350));
#4330=FACE_OUTER_BOUND('',#4329,.T.);
#4331=DIRECTION('',(0.022325067920521795,-0.09576761761871616,-0.9951533322850201));
#4332=DIRECTION('',(0.5132777889114574,0.8552976818359926,-0.07079397471637312));
#4333=AXIS2_PLACEMENT_3D('',#334,#4331,#4332);
#4334=PLANE('',#4333);
#4335=FACE_SURFACE('',(#4330),#4334,.T.);
#4336=POLY_LOOP('',(#334,#213,#212));
#4337=FACE_OUTER_BOUND('',#4336,.T.);
#4338=DIRECTION('',(0.01749359024191226,-0.09289867574177162,-0.9955218783863432));
#4339=DIRECTION('',(0.0024675927486644505,0.9956752201172321,-0.09286962383108895));
#4340=AXIS2_PLACEMENT_3D('',#334,#4338,#4339);
#4341=PLANE('',#4340);
#4342=FACE_SURFACE('',(#4337),#4341,.T.);
#4343=POLY_LOOP('',(#161,#303,#162));
#4344=FACE_OUTER_BOUND('',#4343,.T.);
#4345=DIRECTION('',(0.0003988338816967503,0.8130079649601367,0.5822524279407616));
#4346=DIRECTION('',(-0.9998473833472297,-0.009845246640492229,0.014431948319117786));
#4347=AXIS2_PLACEMENT_3D('',#161,#4345,#4346);
#4348=PLANE('',#4347);
#4349=FACE_SURFACE('',(#4344),#4348,.T.);
#4350=POLY_LOOP('',(#140,#302,#361));
#4351=FACE_OUTER_BOUND('',#4350,.T.);
#4352=DIRECTION('',(-0.18842065090114882,-0.5725502767877735,-0.7979247075158353));
#4353=DIRECTION('',(0.9636319659793923,-0.2645578297481373,-0.03771722234798059));
#4354=AXIS2_PLACEMENT_3D('',#140,#4352,#4353);
#4355=PLANE('',#4354);
#4356=FACE_SURFACE('',(#4351),#4355,.T.);
#4357=POLY_LOOP('',(#361,#302,#362));
#4358=FACE_OUTER_BOUND('',#4357,.T.);
#4359=DIRECTION('',(-0.10687728471772186,-0.5794100714779533,-0.8079982766573701));
#4360=DIRECTION('',(-0.003569175268417267,0.8128713165015061,-0.5824323856011197));
#4361=AXIS2_PLACEMENT_3D('',#361,#4359,#4360);
#4362=PLANE('',#4361);
#4363=FACE_SURFACE('',(#4358),#4362,.T.);
#4364=POLY_LOOP('',(#361,#362,#363));
#4365=FACE_OUTER_BOUND('',#4364,.T.);
#4366=DIRECTION('',(-0.1181974581462943,-0.6543013282662556,-0.7469398454472546));
#4367=DIRECTION('',(0.9867959786027568,-0.161283978085118,-0.014871954359351338));
#4368=AXIS2_PLACEMENT_3D('',#361,#4366,#4367);
#4369=PLANE('',#4368);
#4370=FACE_SURFACE('',(#4365),#4369,.T.);
#4371=POLY_LOOP('',(#364,#365,#366));
#4372=FACE_OUTER_BOUND('',#4371,.T.);
#4373=DIRECTION('',(-0.4099656416720536,-0.6091345822997322,-0.6788838142826444));
#4374=DIRECTION('',(0.8763136860827483,-0.4694944463604157,-0.1079318693472552));
#4375=AXIS2_PLACEMENT_3D('',#364,#4373,#4374);
#4376=PLANE('',#4375);
#4377=FACE_SURFACE('',(#4372),#4376,.T.);
#4378=POLY_LOOP('',(#364,#367,#365));
#4379=FACE_OUTER_BOUND('',#4378,.T.);
#4380=DIRECTION('',(-0.3847457191909554,-0.5472546998907167,-0.7432920186654477));
#4381=DIRECTION('',(-0.010347310691797678,0.8077870126600217,-0.5893836402032596));
#4382=AXIS2_PLACEMENT_3D('',#364,#4380,#4381);
#4383=PLANE('',#4382);
#4384=FACE_SURFACE('',(#4379),#4383,.T.);
#4385=POLY_LOOP('',(#368,#367,#364));
#4386=FACE_OUTER_BOUND('',#4385,.T.);
#4387=DIRECTION('',(-0.45822442706398364,-0.5277167443898473,-0.7152240293309954));
#4388=DIRECTION('',(0.8366867278025003,-0.52766532442933,-0.1467127292160931));
#4389=AXIS2_PLACEMENT_3D('',#368,#4387,#4388);
#4390=PLANE('',#4389);
#4391=FACE_SURFACE('',(#4386),#4390,.T.);
#4392=POLY_LOOP('',(#368,#369,#367));
#4393=FACE_OUTER_BOUND('',#4392,.T.);
#4394=DIRECTION('',(-0.4286959646732104,-0.4642657304867987,-0.7750336130571788));
#4395=DIRECTION('',(-0.01324061324731266,0.8609976030606414,-0.5084366368434372));
#4396=AXIS2_PLACEMENT_3D('',#368,#4394,#4395);
#4397=PLANE('',#4396);
#4398=FACE_SURFACE('',(#4393),#4397,.T.);
#4399=POLY_LOOP('',(#370,#369,#368));
#4400=FACE_OUTER_BOUND('',#4399,.T.);
#4401=DIRECTION('',(-0.49347927847346484,-0.4478696092641988,-0.745580991452198));
#4402=DIRECTION('',(0.7994550377291725,-0.5711995227627917,-0.1860181384838757));
#4403=AXIS2_PLACEMENT_3D('',#370,#4401,#4402);
#4404=PLANE('',#4403);
#4405=FACE_SURFACE('',(#4400),#4404,.T.);
#4406=POLY_LOOP('',(#370,#371,#369));
#4407=FACE_OUTER_BOUND('',#4406,.T.);
#4408=DIRECTION('',(-0.4617095754691388,-0.3861479881642251,-0.7985699713593225));
#4409=DIRECTION('',(-0.0176145103883193,0.9040865335271407,-0.42698626314983257));
#4410=AXIS2_PLACEMENT_3D('',#370,#4408,#4409);
#4411=PLANE('',#4410);
#4412=FACE_SURFACE('',(#4407),#4411,.T.);
#4413=POLY_LOOP('',(#372,#371,#370));
#4414=FACE_OUTER_BOUND('',#4413,.T.);
#4415=DIRECTION('',(-0.52978466144282,-0.37061451807499346,-0.7628716087861424));
#4416=DIRECTION('',(0.7545720877007372,-0.6166391972225096,-0.22444835689247114));
#4417=AXIS2_PLACEMENT_3D('',#372,#4415,#4416);
#4418=PLANE('',#4417);
#4419=FACE_SURFACE('',(#4414),#4418,.T.);
#4420=POLY_LOOP('',(#372,#373,#371));
#4421=FACE_OUTER_BOUND('',#4420,.T.);
#4422=DIRECTION('',(-0.49627976545436076,-0.3124676407445697,-0.80998170836636));
#4423=DIRECTION('',(-0.02094065152556824,0.9370208068793225,-0.3486452302684035));
#4424=AXIS2_PLACEMENT_3D('',#372,#4422,#4423);
#4425=PLANE('',#4424);
#4426=FACE_SURFACE('',(#4421),#4425,.T.);
#4427=POLY_LOOP('',(#374,#373,#372));
#4428=FACE_OUTER_BOUND('',#4427,.T.);
#4429=DIRECTION('',(-0.5509725775821968,-0.30180440312441215,-0.77803812310654));
#4430=DIRECTION('',(0.715867485035707,-0.6500966289860688,-0.25477071426991243));
#4431=AXIS2_PLACEMENT_3D('',#374,#4429,#4430);
#4432=PLANE('',#4431);
#4433=FACE_SURFACE('',(#4428),#4432,.T.);
#4434=POLY_LOOP('',(#314,#319,#318));
#4435=FACE_OUTER_BOUND('',#4434,.T.);
#4436=DIRECTION('',(-0.2583620425920265,-0.925546109152394,-0.2767913560437551));
#4437=DIRECTION('',(0.47269602659767657,0.1287577239193659,-0.871768269077209));
#4438=AXIS2_PLACEMENT_3D('',#314,#4436,#4437);
#4439=PLANE('',#4438);
#4440=FACE_SURFACE('',(#4435),#4439,.T.);
#4441=POLY_LOOP('',(#316,#319,#314));
#4442=FACE_OUTER_BOUND('',#4441,.T.);
#4443=DIRECTION('',(-0.2824182787412513,-0.9149534790200042,-0.28827078773614845));
#4444=DIRECTION('',(0.9579053344346521,-0.28512388085581125,-0.03349242940364983));
#4445=AXIS2_PLACEMENT_3D('',#316,#4443,#4444);
#4446=PLANE('',#4445);
#4447=FACE_SURFACE('',(#4442),#4446,.T.);
#4448=POLY_LOOP('',(#316,#375,#319));
#4449=FACE_OUTER_BOUND('',#4448,.T.);
#4450=DIRECTION('',(-0.28022592538560614,-0.9032882722365962,-0.32487494206479767));
#4451=DIRECTION('',(-0.0005548381371137494,0.33858699360561045,-0.9409349286299004));
#4452=AXIS2_PLACEMENT_3D('',#316,#4450,#4451);
#4453=PLANE('',#4452);
#4454=FACE_SURFACE('',(#4449),#4453,.T.);
#4455=POLY_LOOP('',(#366,#365,#376));
#4456=FACE_OUTER_BOUND('',#4455,.T.);
#4457=DIRECTION('',(-0.3107079348738484,-0.634198703351125,-0.7079919377183472));
#4458=DIRECTION('',(-0.00672879510216994,0.7463073094335221,-0.6655675196421248));
#4459=AXIS2_PLACEMENT_3D('',#366,#4457,#4458);
#4460=PLANE('',#4459);
#4461=FACE_SURFACE('',(#4456),#4460,.T.);
#4462=POLY_LOOP('',(#377,#375,#316));
#4463=FACE_OUTER_BOUND('',#4462,.T.);
#4464=DIRECTION('',(-0.3892664842759822,-0.8667920966592828,-0.31167782306160474));
#4465=DIRECTION('',(0.9180990071484426,-0.3925071624894436,-0.055066691089346816));
#4466=AXIS2_PLACEMENT_3D('',#377,#4464,#4465);
#4467=PLANE('',#4466);
#4468=FACE_SURFACE('',(#4463),#4467,.T.);
#4469=POLY_LOOP('',(#378,#379,#377));
#4470=FACE_OUTER_BOUND('',#4469,.T.);
#4471=DIRECTION('',(-0.382646157943579,-0.8450883085560712,-0.37337336347529687));
#4472=DIRECTION('',(0.9187761167111601,-0.3905502144524654,-0.05762792163781503));
#4473=AXIS2_PLACEMENT_3D('',#378,#4471,#4472);
#4474=PLANE('',#4473);
#4475=FACE_SURFACE('',(#4470),#4474,.T.);
#4476=POLY_LOOP('',(#378,#380,#379));
#4477=FACE_OUTER_BOUND('',#4476,.T.);
#4478=DIRECTION('',(-0.3757735202761936,-0.8204293278631015,-0.43091760168428567));
#4479=DIRECTION('',(0.8499616113927203,-0.11983658359009904,-0.513034552824801));
#4480=AXIS2_PLACEMENT_3D('',#378,#4478,#4479);
#4481=PLANE('',#4480);
#4482=FACE_SURFACE('',(#4477),#4481,.T.);
#4483=POLY_LOOP('',(#381,#380,#378));
#4484=FACE_OUTER_BOUND('',#4483,.T.);
#4485=DIRECTION('',(-0.3749180065342689,-0.8217207981791731,-0.4291985766706972));
#4486=DIRECTION('',(0.9196186645126716,-0.38818486500560834,-0.060116740268481905));
#4487=AXIS2_PLACEMENT_3D('',#381,#4485,#4486);
#4488=PLANE('',#4487);
#4489=FACE_SURFACE('',(#4484),#4488,.T.);
#4490=POLY_LOOP('',(#381,#382,#380));
#4491=FACE_OUTER_BOUND('',#4490,.T.);
#4492=DIRECTION('',(-0.3650731064559708,-0.7881193249956836,-0.4955699309995869));
#4493=DIRECTION('',(0.8591051124970076,-0.08010149971289207,-0.5054919934333773));
#4494=AXIS2_PLACEMENT_3D('',#381,#4492,#4493);
#4495=PLANE('',#4494);
#4496=FACE_SURFACE('',(#4491),#4495,.T.);
#4497=POLY_LOOP('',(#383,#382,#381));
#4498=FACE_OUTER_BOUND('',#4497,.T.);
#4499=DIRECTION('',(-0.364059588590682,-0.7898381412841595,-0.4935750465004965));
#4500=DIRECTION('',(0.9206703030382223,-0.3853041894740232,-0.06250499721841307));
#4501=AXIS2_PLACEMENT_3D('',#383,#4499,#4500);
#4502=PLANE('',#4501);
#4503=FACE_SURFACE('',(#4498),#4502,.T.);
#4504=POLY_LOOP('',(#383,#384,#382));
#4505=FACE_OUTER_BOUND('',#4504,.T.);
#4506=DIRECTION('',(-0.350642732164445,-0.7460059005178791,-0.5661491594736865));
#4507=DIRECTION('',(0.868297060531992,-0.03247892009545782,-0.4949801353801332));
#4508=AXIS2_PLACEMENT_3D('',#383,#4506,#4507);
#4509=PLANE('',#4508);
#4510=FACE_SURFACE('',(#4505),#4509,.T.);
#4511=POLY_LOOP('',(#385,#384,#383));
#4512=FACE_OUTER_BOUND('',#4511,.T.);
#4513=DIRECTION('',(-0.3494957875591487,-0.7481726580891189,-0.5639950072175045));
#4514=DIRECTION('',(0.921959058684934,-0.38182746022251723,-0.06480188831208866));
#4515=AXIS2_PLACEMENT_3D('',#385,#4513,#4514);
#4516=PLANE('',#4515);
#4517=FACE_SURFACE('',(#4512),#4516,.T.);
#4518=POLY_LOOP('',(#385,#366,#384));
#4519=FACE_OUTER_BOUND('',#4518,.T.);
#4520=DIRECTION('',(-0.332872816039587,-0.6957258394362762,-0.6365227762480803));
#4521=DIRECTION('',(-0.005626875312767961,0.6764713603772324,-0.7364474433818012));
#4522=AXIS2_PLACEMENT_3D('',#385,#4520,#4521);
#4523=PLANE('',#4522);
#4524=FACE_SURFACE('',(#4519),#4523,.T.);
#4525=POLY_LOOP('',(#386,#366,#385));
#4526=FACE_OUTER_BOUND('',#4525,.T.);
#4527=DIRECTION('',(-0.43395457784617825,-0.6651510260683313,-0.6076656456363082));
#4528=DIRECTION('',(0.8736246674604302,-0.47548292238792805,-0.10342113382712634));
#4529=AXIS2_PLACEMENT_3D('',#386,#4527,#4528);
#4530=PLANE('',#4529);
#4531=FACE_SURFACE('',(#4526),#4530,.T.);
#4532=POLY_LOOP('',(#386,#364,#366));
#4533=FACE_OUTER_BOUND('',#4532,.T.);
#4534=DIRECTION('',(-0.41235007394760226,-0.6105593586949435,-0.6761543359510656));
#4535=DIRECTION('',(-0.008955812520186056,0.7448711851655476,-0.6671481926320239));
#4536=AXIS2_PLACEMENT_3D('',#386,#4534,#4535);
#4537=PLANE('',#4536);
#4538=FACE_SURFACE('',(#4533),#4537,.T.);
#4539=POLY_LOOP('',(#387,#364,#386));
#4540=FACE_OUTER_BOUND('',#4539,.T.);
#4541=DIRECTION('',(-0.48606523745350816,-0.586294749853406,-0.6480733378512007));
#4542=DIRECTION('',(0.8328621264196735,-0.5354050291557979,-0.140293025950612));
#4543=AXIS2_PLACEMENT_3D('',#387,#4541,#4542);
#4544=PLANE('',#4543);
#4545=FACE_SURFACE('',(#4540),#4544,.T.);
#4546=POLY_LOOP('',(#387,#368,#364));
#4547=FACE_OUTER_BOUND('',#4546,.T.);
#4548=DIRECTION('',(-0.45975421186495335,-0.5281025583436265,-0.7139564080133691));
#4549=DIRECTION('',(-0.011810811496276101,0.8075282636666722,-0.5897106138703027));
#4550=AXIS2_PLACEMENT_3D('',#387,#4548,#4549);
#4551=PLANE('',#4550);
#4552=FACE_SURFACE('',(#4547),#4551,.T.);
#4553=POLY_LOOP('',(#377,#379,#375));
#4554=FACE_OUTER_BOUND('',#4553,.T.);
#4555=DIRECTION('',(-0.3833621504233576,-0.8441230164808422,-0.3748196828743962));
#4556=DIRECTION('',(0.841629407431305,-0.1521384882530558,-0.5181831924511884));
#4557=AXIS2_PLACEMENT_3D('',#377,#4555,#4556);
#4558=PLANE('',#4557);
#4559=FACE_SURFACE('',(#4554),#4558,.T.);
#4560=POLY_LOOP('',(#388,#368,#387));
#4561=FACE_OUTER_BOUND('',#4560,.T.);
#4562=DIRECTION('',(-0.5241430473970163,-0.5072368977328446,-0.6840941422375496));
#4563=DIRECTION('',(0.7943333156276701,-0.5808404760008601,-0.17792955101119812));
#4564=AXIS2_PLACEMENT_3D('',#388,#4562,#4563);
#4565=PLANE('',#4564);
#4566=FACE_SURFACE('',(#4561),#4565,.T.);
#4567=POLY_LOOP('',(#366,#376,#384));
#4568=FACE_OUTER_BOUND('',#4567,.T.);
#4569=DIRECTION('',(-0.330253767498761,-0.6941149921914865,-0.6396380434807539));
#4570=DIRECTION('',(0.923511674344059,-0.3776772672831011,-0.06697812424815801));
#4571=AXIS2_PLACEMENT_3D('',#366,#4569,#4570);
#4572=PLANE('',#4571);
#4573=FACE_SURFACE('',(#4568),#4572,.T.);
#4574=POLY_LOOP('',(#384,#389,#382));
#4575=FACE_OUTER_BOUND('',#4574,.T.);
#4576=DIRECTION('',(-0.24393965260711292,-0.7722839015751056,-0.5865756739363249));
#4577=DIRECTION('',(0.9605796001100293,-0.2755785498641662,-0.036650985078432806));
#4578=AXIS2_PLACEMENT_3D('',#384,#4576,#4577);
#4579=PLANE('',#4578);
#4580=FACE_SURFACE('',(#4575),#4579,.T.);
#4581=POLY_LOOP('',(#390,#391,#392));
#4582=FACE_OUTER_BOUND('',#4581,.T.);
#4583=DIRECTION('',(-0.15005321146904188,-0.8352295404639342,-0.5290327480073729));
#4584=DIRECTION('',(0.985852945593888,-0.1668233870069788,-0.016245836739735776));
#4585=AXIS2_PLACEMENT_3D('',#390,#4583,#4584);
#4586=PLANE('',#4585);
#4587=FACE_SURFACE('',(#4582),#4586,.T.);
#4588=POLY_LOOP('',(#390,#393,#391));
#4589=FACE_OUTER_BOUND('',#4588,.T.);
#4590=DIRECTION('',(-0.14271652053303352,-0.7846404848749362,-0.6033003433300608));
#4591=DIRECTION('',(0.8770353247782263,0.1822579064031765,-0.4445121985330457));
#4592=AXIS2_PLACEMENT_3D('',#390,#4590,#4591);
#4593=PLANE('',#4592);
#4594=FACE_SURFACE('',(#4589),#4593,.T.);
#4595=POLY_LOOP('',(#389,#393,#390));
#4596=FACE_OUTER_BOUND('',#4595,.T.);
#4597=DIRECTION('',(-0.14145194644877254,-0.7862702632833697,-0.6014735405004565));
#4598=DIRECTION('',(0.9861123060997122,-0.1653278835794779,-0.015786407755980947));
#4599=AXIS2_PLACEMENT_3D('',#389,#4597,#4598);
#4600=PLANE('',#4599);
#4601=FACE_SURFACE('',(#4596),#4600,.T.);
#4602=POLY_LOOP('',(#389,#394,#393));
#4603=FACE_OUTER_BOUND('',#4602,.T.);
#4604=DIRECTION('',(-0.13252646406233282,-0.7260350473972603,-0.6747665124129925));
#4605=DIRECTION('',(-0.0025920868562352107,0.6810228162014289,-0.7322576082901459));
#4606=AXIS2_PLACEMENT_3D('',#389,#4604,#4605);
#4607=PLANE('',#4606);
#4608=FACE_SURFACE('',(#4603),#4607,.T.);
#4609=POLY_LOOP('',(#376,#394,#389));
#4610=FACE_OUTER_BOUND('',#4609,.T.);
#4611=DIRECTION('',(-0.22776376517450092,-0.7134155887147381,-0.6626928889405246));
#4612=DIRECTION('',(0.9614361504990153,-0.2725196421743691,-0.03706174770283499));
#4613=AXIS2_PLACEMENT_3D('',#376,#4611,#4612);
#4614=PLANE('',#4613);
#4615=FACE_SURFACE('',(#4610),#4614,.T.);
#4616=POLY_LOOP('',(#376,#395,#394));
#4617=FACE_OUTER_BOUND('',#4616,.T.);
#4618=DIRECTION('',(-0.212099783958282,-0.6489036652409826,-0.7307104179370024));
#4619=DIRECTION('',(-0.004804325557061106,0.7484059337839307,-0.6632235495916474));
#4620=AXIS2_PLACEMENT_3D('',#376,#4618,#4619);
#4621=PLANE('',#4620);
#4622=FACE_SURFACE('',(#4617),#4621,.T.);
#4623=POLY_LOOP('',(#365,#395,#376));
#4624=FACE_OUTER_BOUND('',#4623,.T.);
#4625=DIRECTION('',(-0.3076910998729953,-0.6321610006141303,-0.7111249231755896));
#4626=DIRECTION('',(0.9253608051099994,-0.3727500057976575,-0.06902762884541122));
#4627=AXIS2_PLACEMENT_3D('',#365,#4625,#4626);
#4628=PLANE('',#4627);
#4629=FACE_SURFACE('',(#4624),#4628,.T.);
#4630=POLY_LOOP('',(#365,#396,#395));
#4631=FACE_OUTER_BOUND('',#4630,.T.);
#4632=DIRECTION('',(-0.28534808551234603,-0.5650202062749843,-0.774163184732659));
#4633=DIRECTION('',(-0.00776640180886177,0.8090827043280767,-0.5876434808283926));
#4634=AXIS2_PLACEMENT_3D('',#365,#4632,#4633);
#4635=PLANE('',#4634);
#4636=FACE_SURFACE('',(#4631),#4635,.T.);
#4637=POLY_LOOP('',(#367,#396,#365));
#4638=FACE_OUTER_BOUND('',#4637,.T.);
#4639=DIRECTION('',(-0.382001834372819,-0.5454916144722317,-0.7459983224352984));
#4640=DIRECTION('',(0.8794981640123378,-0.46249237398300047,-0.11217746434331347));
#4641=AXIS2_PLACEMENT_3D('',#367,#4639,#4640);
#4642=PLANE('',#4641);
#4643=FACE_SURFACE('',(#4638),#4642,.T.);
#4644=POLY_LOOP('',(#367,#397,#396));
#4645=FACE_OUTER_BOUND('',#4644,.T.);
#4646=DIRECTION('',(-0.3542003770170597,-0.4787114151218177,-0.8033538908557296));
#4647=DIRECTION('',(-0.011600683530233503,0.8612293320443968,-0.5080841089504703));
#4648=AXIS2_PLACEMENT_3D('',#367,#4646,#4647);
#4649=PLANE('',#4648);
#4650=FACE_SURFACE('',(#4645),#4649,.T.);
#4651=POLY_LOOP('',(#369,#397,#367));
#4652=FACE_OUTER_BOUND('',#4651,.T.);
#4653=DIRECTION('',(-0.426932842886942,-0.46374201366285644,-0.7763193237504736));
#4654=DIRECTION('',(0.8411838150694253,-0.5187307182649467,-0.15273582157954738));
#4655=AXIS2_PLACEMENT_3D('',#369,#4653,#4654);
#4656=PLANE('',#4655);
#4657=FACE_SURFACE('',(#4652),#4656,.T.);
#4658=POLY_LOOP('',(#369,#398,#397));
#4659=FACE_OUTER_BOUND('',#4658,.T.);
#4660=DIRECTION('',(-0.395564076722168,-0.39769538790224684,-0.8278692165120165));
#4661=DIRECTION('',(-0.014476124024798337,0.9039756225193922,-0.42733887691607947));
#4662=AXIS2_PLACEMENT_3D('',#369,#4660,#4661);
#4663=PLANE('',#4662);
#4664=FACE_SURFACE('',(#4659),#4663,.T.);
#4665=POLY_LOOP('',(#384,#376,#389));
#4666=FACE_OUTER_BOUND('',#4665,.T.);
#4667=DIRECTION('',(-0.2303820989004157,-0.7152937334670285,-0.6597567456032857));
#4668=DIRECTION('',(-0.004022170515246543,0.6786888113541769,-0.7344149504789513));
#4669=AXIS2_PLACEMENT_3D('',#384,#4667,#4668);
#4670=PLANE('',#4669);
#4671=FACE_SURFACE('',(#4666),#4670,.T.);
#4672=POLY_LOOP('',(#371,#398,#369));
#4673=FACE_OUTER_BOUND('',#4672,.T.);
#4674=DIRECTION('',(-0.46030542354851184,-0.3854285409947649,-0.7997273015462658));
#4675=DIRECTION('',(0.805437539831712,-0.5601613595849448,-0.19362236610935596));
#4676=AXIS2_PLACEMENT_3D('',#371,#4674,#4675);
#4677=PLANE('',#4676);
#4678=FACE_SURFACE('',(#4673),#4677,.T.);
#4679=POLY_LOOP('',(#373,#399,#371));
#4680=FACE_OUTER_BOUND('',#4679,.T.);
#4681=DIRECTION('',(-0.49521532795549883,-0.31213247828791785,-0.8107620458283493));
#4682=DIRECTION('',(0.7628563486101105,-0.6027808664135252,-0.23389189483821246));
#4683=AXIS2_PLACEMENT_3D('',#373,#4681,#4682);
#4684=PLANE('',#4683);
#4685=FACE_SURFACE('',(#4680),#4684,.T.);
#4686=POLY_LOOP('',(#317,#323,#322));
#4687=FACE_OUTER_BOUND('',#4686,.T.);
#4688=DIRECTION('',(-0.1362018646421792,-0.9483668961866737,-0.2864424589428887));
#4689=DIRECTION('',(0.3624063489169829,0.221399474481496,-0.9053418751852691));
#4690=AXIS2_PLACEMENT_3D('',#317,#4688,#4689);
#4691=PLANE('',#4690);
#4692=FACE_SURFACE('',(#4687),#4691,.T.);
#4693=POLY_LOOP('',(#319,#323,#317));
#4694=FACE_OUTER_BOUND('',#4693,.T.);
#4695=DIRECTION('',(-0.16851414333724493,-0.9398011705100917,-0.29728226217380693));
#4696=DIRECTION('',(0.9851360939073768,-0.17076895230356065,-0.018569906032622305));
#4697=AXIS2_PLACEMENT_3D('',#319,#4695,#4696);
#4698=PLANE('',#4697);
#4699=FACE_SURFACE('',(#4694),#4698,.T.);
#4700=POLY_LOOP('',(#319,#400,#323));
#4701=FACE_OUTER_BOUND('',#4700,.T.);
#4702=DIRECTION('',(-0.16705598307838643,-0.9272866738509317,-0.3350100342022457));
#4703=DIRECTION('',(-0.0003590175937543735,0.3398420805106877,-0.9404824460990937));
#4704=AXIS2_PLACEMENT_3D('',#319,#4702,#4703);
#4705=PLANE('',#4704);
#4706=FACE_SURFACE('',(#4701),#4705,.T.);
#4707=POLY_LOOP('',(#375,#400,#319));
#4708=FACE_OUTER_BOUND('',#4707,.T.);
#4709=DIRECTION('',(-0.2786657450987964,-0.9032622515230576,-0.32628623550807234));
#4710=DIRECTION('',(0.9584425064383957,-0.28317416107211385,-0.03464615928483824));
#4711=AXIS2_PLACEMENT_3D('',#375,#4709,#4710);
#4712=PLANE('',#4711);
#4713=FACE_SURFACE('',(#4708),#4712,.T.);
#4714=POLY_LOOP('',(#375,#401,#400));
#4715=FACE_OUTER_BOUND('',#4714,.T.);
#4716=DIRECTION('',(-0.27365661423084287,-0.8782480895806548,-0.3921636783737647));
#4717=DIRECTION('',(0.862405235162885,-0.043515269780409586,-0.5043447547656139));
#4718=AXIS2_PLACEMENT_3D('',#375,#4716,#4717);
#4719=PLANE('',#4718);
#4720=FACE_SURFACE('',(#4715),#4719,.T.);
#4721=POLY_LOOP('',(#379,#401,#375));
#4722=FACE_OUTER_BOUND('',#4721,.T.);
#4723=DIRECTION('',(-0.2727773194205645,-0.8792288130989703,-0.3905755089944929));
#4724=DIRECTION('',(0.9588168970917645,-0.2818363535199166,-0.03519130128195143));
#4725=AXIS2_PLACEMENT_3D('',#379,#4723,#4724);
#4726=PLANE('',#4725);
#4727=FACE_SURFACE('',(#4722),#4726,.T.);
#4728=POLY_LOOP('',(#379,#392,#401));
#4729=FACE_OUTER_BOUND('',#4728,.T.);
#4730=DIRECTION('',(-0.26697106988183295,-0.8520144519657704,-0.45033079118312264));
#4731=DIRECTION('',(0.8684919331324804,-0.010186327187659962,-0.4955986287533826));
#4732=AXIS2_PLACEMENT_3D('',#379,#4730,#4731);
#4733=PLANE('',#4732);
#4734=FACE_SURFACE('',(#4729),#4733,.T.);
#4735=POLY_LOOP('',(#380,#392,#379));
#4736=FACE_OUTER_BOUND('',#4735,.T.);
#4737=DIRECTION('',(-0.2659154561966603,-0.8533335511086947,-0.44845381111988203));
#4738=DIRECTION('',(0.9592878024351166,-0.28016293998382463,-0.03571609103505837));
#4739=AXIS2_PLACEMENT_3D('',#380,#4737,#4738);
#4740=PLANE('',#4739);
#4741=FACE_SURFACE('',(#4736),#4740,.T.);
#4742=POLY_LOOP('',(#380,#390,#392));
#4743=FACE_OUTER_BOUND('',#4742,.T.);
#4744=DIRECTION('',(-0.25766579925129784,-0.8163640941630186,-0.5168732936199976));
#4745=DIRECTION('',(0.8745335552698528,0.030420779709344148,-0.4840099553407418));
#4746=AXIS2_PLACEMENT_3D('',#380,#4744,#4745);
#4747=PLANE('',#4746);
#4748=FACE_SURFACE('',(#4743),#4747,.T.);
#4749=POLY_LOOP('',(#382,#390,#380));
#4750=FACE_OUTER_BOUND('',#4749,.T.);
#4751=DIRECTION('',(-0.25644062554213404,-0.8180787104147558,-0.5147673543822385));
#4752=DIRECTION('',(0.9598680277030079,-0.278105327800479,-0.036204917380456315));
#4753=AXIS2_PLACEMENT_3D('',#382,#4751,#4752);
#4754=PLANE('',#4753);
#4755=FACE_SURFACE('',(#4750),#4754,.T.);
#4756=POLY_LOOP('',(#382,#389,#390));
#4757=FACE_OUTER_BOUND('',#4756,.T.);
#4758=DIRECTION('',(-0.24533840231306916,-0.7701172466798303,-0.5888365602752158));
#4759=DIRECTION('',(0.8796691633375537,0.07841998305872386,-0.46907618712750426));
#4760=AXIS2_PLACEMENT_3D('',#382,#4758,#4759);
#4761=PLANE('',#4760);
#4762=FACE_SURFACE('',(#4757),#4761,.T.);
#4763=POLY_LOOP('',(#371,#399,#398));
#4764=FACE_OUTER_BOUND('',#4763,.T.);
#4765=DIRECTION('',(-0.4277165030280718,-0.3232147721543092,-0.8441509367990274));
#4766=DIRECTION('',(-0.018888085872461567,0.9368771376178721,-0.34914820523814444));
#4767=AXIS2_PLACEMENT_3D('',#371,#4765,#4766);
#4768=PLANE('',#4767);
#4769=FACE_SURFACE('',(#4764),#4768,.T.);
#4770=POLY_LOOP('',(#388,#370,#368));
#4771=FACE_OUTER_BOUND('',#4770,.T.);
#4772=DIRECTION('',(-0.4946765015775497,-0.4484555241956882,-0.7444345515929303));
#4773=DIRECTION('',(-0.01608897867981009,0.861159230495513,-0.5080806279493604));
#4774=AXIS2_PLACEMENT_3D('',#388,#4772,#4773);
#4775=PLANE('',#4774);
#4776=FACE_SURFACE('',(#4771),#4775,.T.);
#4777=POLY_LOOP('',(#402,#370,#388));
#4778=FACE_OUTER_BOUND('',#4777,.T.);
#4779=DIRECTION('',(-0.5628234384016109,-0.4277970242397985,-0.7072619622440904));
#4780=DIRECTION('',(0.7474307202601231,-0.6287687559535438,-0.21446950820120453));
#4781=AXIS2_PLACEMENT_3D('',#402,#4779,#4780);
#4782=PLANE('',#4781);
#4783=FACE_SURFACE('',(#4778),#4782,.T.);
#4784=POLY_LOOP('',(#402,#372,#370));
#4785=FACE_OUTER_BOUND('',#4784,.T.);
#4786=DIRECTION('',(-0.5306782809495051,-0.37087190255487096,-0.7621250514343487));
#4787=DIRECTION('',(-0.019423150180040948,0.9042699843863407,-0.42651909286104733));
#4788=AXIS2_PLACEMENT_3D('',#402,#4786,#4787);
#4789=PLANE('',#4788);
#4790=FACE_SURFACE('',(#4785),#4789,.T.);
#4791=POLY_LOOP('',(#116,#403,#115));
#4792=FACE_OUTER_BOUND('',#4791,.T.);
#4793=DIRECTION('',(-0.5282182472452301,-0.6800038565503858,-0.5085078547611428));
#4794=DIRECTION('',(0.0060127544654283265,-0.6018530490690399,0.7985842185455697));
#4795=AXIS2_PLACEMENT_3D('',#116,#4793,#4794);
#4796=PLANE('',#4795);
#4797=FACE_SURFACE('',(#4792),#4796,.T.);
#4798=POLY_LOOP('',(#404,#405,#403));
#4799=FACE_OUTER_BOUND('',#4798,.T.);
#4800=DIRECTION('',(-0.5423510887236098,-0.7138850334808007,-0.44297116783424056));
#4801=DIRECTION('',(-0.5274194742020766,0.6997137243476035,-0.4819018595025454));
#4802=AXIS2_PLACEMENT_3D('',#404,#4800,#4801);
#4803=PLANE('',#4802);
#4804=FACE_SURFACE('',(#4799),#4803,.T.);
#4805=POLY_LOOP('',(#404,#406,#405));
#4806=FACE_OUTER_BOUND('',#4805,.T.);
#4807=DIRECTION('',(-0.5429246285228688,-0.7138604319676802,-0.44230773383948635));
#4808=DIRECTION('',(-0.8230794294070886,0.5568581049044573,0.1115764486310525));
#4809=AXIS2_PLACEMENT_3D('',#404,#4807,#4808);
#4810=PLANE('',#4809);
#4811=FACE_SURFACE('',(#4806),#4810,.T.);
#4812=POLY_LOOP('',(#313,#406,#404));
#4813=FACE_OUTER_BOUND('',#4812,.T.);
#4814=DIRECTION('',(-0.5559324438297757,-0.7498323393487478,-0.35873469411842174));
#4815=DIRECTION('',(-0.0031875996518355323,0.43349219154693275,-0.9011516848324133));
#4816=AXIS2_PLACEMENT_3D('',#313,#4814,#4815);
#4817=PLANE('',#4816);
#4818=FACE_SURFACE('',(#4813),#4817,.T.);
#4819=POLY_LOOP('',(#313,#407,#406));
#4820=FACE_OUTER_BOUND('',#4819,.T.);
#4821=DIRECTION('',(-0.6162798398514648,-0.7105344835659703,-0.3396172944010553));
#4822=DIRECTION('',(-0.463496039406051,0.6758947753836068,-0.5730075689413257));
#4823=AXIS2_PLACEMENT_3D('',#313,#4821,#4822);
#4824=PLANE('',#4823);
#4825=FACE_SURFACE('',(#4820),#4824,.T.);
#4826=POLY_LOOP('',(#408,#407,#313));
#4827=FACE_OUTER_BOUND('',#4826,.T.);
#4828=DIRECTION('',(-0.6162845411537974,-0.7105330383308299,-0.3396117868614296));
#4829=DIRECTION('',(-0.00386315973982817,0.4339625727530492,-0.9009226167914639));
#4830=AXIS2_PLACEMENT_3D('',#408,#4828,#4829);
#4831=PLANE('',#4830);
#4832=FACE_SURFACE('',(#4827),#4831,.T.);
#4833=POLY_LOOP('',(#408,#409,#407));
#4834=FACE_OUTER_BOUND('',#4833,.T.);
#4835=DIRECTION('',(-0.6806416021809313,-0.6611725833767935,-0.3155595417214188));
#4836=DIRECTION('',(-0.330302947714745,0.6614124212418276,-0.6733747632321646));
#4837=AXIS2_PLACEMENT_3D('',#408,#4835,#4836);
#4838=PLANE('',#4837);
#4839=FACE_SURFACE('',(#4834),#4838,.T.);
#4840=POLY_LOOP('',(#410,#409,#408));
#4841=FACE_OUTER_BOUND('',#4840,.T.);
#4842=DIRECTION('',(-0.6805602656433756,-0.6612166182134847,-0.31564269138654377));
#4843=DIRECTION('',(-0.004172986566946023,0.434289510075327,-0.9007636802300838));
#4844=AXIS2_PLACEMENT_3D('',#410,#4842,#4843);
#4845=PLANE('',#4844);
#4846=FACE_SURFACE('',(#4841),#4845,.T.);
#4847=POLY_LOOP('',(#410,#411,#409));
#4848=FACE_OUTER_BOUND('',#4847,.T.);
#4849=DIRECTION('',(-0.7328825110323546,-0.6141666303269967,-0.2927158608884952));
#4850=DIRECTION('',(-0.3196318319142594,0.6906166519961578,-0.6487558338949656));
#4851=AXIS2_PLACEMENT_3D('',#410,#4849,#4850);
#4852=PLANE('',#4851);
#4853=FACE_SURFACE('',(#4848),#4852,.T.);
#4854=POLY_LOOP('',(#412,#411,#410));
#4855=FACE_OUTER_BOUND('',#4854,.T.);
#4856=DIRECTION('',(-0.7330826423832286,-0.6140393135292163,-0.2924817274241109));
#4857=DIRECTION('',(-0.004233148018147355,0.4341428260265586,-0.9008341062967864));
#4858=AXIS2_PLACEMENT_3D('',#412,#4856,#4857);
#4859=PLANE('',#4858);
#4860=FACE_SURFACE('',(#4855),#4859,.T.);
#4861=POLY_LOOP('',(#412,#413,#411));
#4862=FACE_OUTER_BOUND('',#4861,.T.);
#4863=DIRECTION('',(-0.7832160793420798,-0.561529719027003,-0.26693997023577426));
#4864=DIRECTION('',(-0.3060484468230121,0.7219086468249102,-0.6206305292496083));
#4865=AXIS2_PLACEMENT_3D('',#412,#4863,#4864);
#4866=PLANE('',#4865);
#4867=FACE_SURFACE('',(#4862),#4866,.T.);
#4868=POLY_LOOP('',(#414,#413,#412));
#4869=FACE_OUTER_BOUND('',#4868,.T.);
#4870=DIRECTION('',(-0.7837126198508259,-0.5611582206262888,-0.2662629920024417));
#4871=DIRECTION('',(-0.003888806015825924,0.4331042045296885,-0.9013354676292711));
#4872=AXIS2_PLACEMENT_3D('',#414,#4870,#4871);
#4873=PLANE('',#4872);
#4874=FACE_SURFACE('',(#4869),#4873,.T.);
#4875=POLY_LOOP('',(#115,#403,#405));
#4876=FACE_OUTER_BOUND('',#4875,.T.);
#4877=DIRECTION('',(-0.5290111923529284,-0.6800361521850173,-0.5076396261982797));
#4878=DIRECTION('',(0.5158834635095226,-0.7326792008602098,0.4438980070965216));
#4879=AXIS2_PLACEMENT_3D('',#115,#4877,#4878);
#4880=PLANE('',#4879);
#4881=FACE_SURFACE('',(#4876),#4880,.T.);
#4882=POLY_LOOP('',(#414,#415,#413));
#4883=FACE_OUTER_BOUND('',#4882,.T.);
#4884=DIRECTION('',(-0.8289540030786648,-0.5055236840098397,-0.23933463118607934));
#4885=DIRECTION('',(-0.2896600888014565,0.7540642711610376,-0.5894778264819682));
#4886=AXIS2_PLACEMENT_3D('',#414,#4884,#4885);
#4887=PLANE('',#4886);
#4888=FACE_SURFACE('',(#4883),#4887,.T.);
#4889=POLY_LOOP('',(#416,#417,#415));
#4890=FACE_OUTER_BOUND('',#4889,.T.);
#4891=DIRECTION('',(-0.8684582435241478,-0.44853039484211654,-0.21118893000753325));
#4892=DIRECTION('',(-0.2706984825344614,0.7859018330467189,-0.5559502139286816));
#4893=AXIS2_PLACEMENT_3D('',#416,#4891,#4892);
#4894=PLANE('',#4893);
#4895=FACE_SURFACE('',(#4890),#4894,.T.);
#4896=POLY_LOOP('',(#418,#417,#416));
#4897=FACE_OUTER_BOUND('',#4896,.T.);
#4898=DIRECTION('',(-0.8691641151353973,-0.4478050497058395,-0.2098198713631586));
#4899=DIRECTION('',(-0.0013021607534391836,0.42635770664835987,-0.9045537078354846));
#4900=AXIS2_PLACEMENT_3D('',#418,#4898,#4899);
#4901=PLANE('',#4900);
#4902=FACE_SURFACE('',(#4897),#4901,.T.);
#4903=POLY_LOOP('',(#406,#419,#405));
#4904=FACE_OUTER_BOUND('',#4903,.T.);
#4905=DIRECTION('',(-0.6038461656851138,-0.6778246668688359,-0.4194323892733342));
#4906=DIRECTION('',(-0.6126513083307357,0.7312910967003956,-0.2997861008909026));
#4907=AXIS2_PLACEMENT_3D('',#406,#4905,#4906);
#4908=PLANE('',#4907);
#4909=FACE_SURFACE('',(#4904),#4908,.T.);
#4910=POLY_LOOP('',(#407,#419,#406));
#4911=FACE_OUTER_BOUND('',#4910,.T.);
#4912=DIRECTION('',(-0.6040127036239334,-0.6778494371176871,-0.419152471614019));
#4913=DIRECTION('',(-0.0063703362053991386,0.5300189822877838,-0.8479618489243794));
#4914=AXIS2_PLACEMENT_3D('',#407,#4912,#4913);
#4915=PLANE('',#4914);
#4916=FACE_SURFACE('',(#4911),#4915,.T.);
#4917=POLY_LOOP('',(#407,#420,#419));
#4918=FACE_OUTER_BOUND('',#4917,.T.);
#4919=DIRECTION('',(-0.668980824649592,-0.6325340631689914,-0.3903399994646696));
#4920=DIRECTION('',(-0.48601351892744976,0.7695914923824286,-0.4141494830038349));
#4921=AXIS2_PLACEMENT_3D('',#407,#4919,#4920);
#4922=PLANE('',#4921);
#4923=FACE_SURFACE('',(#4918),#4922,.T.);
#4924=POLY_LOOP('',(#409,#420,#407));
#4925=FACE_OUTER_BOUND('',#4924,.T.);
#4926=DIRECTION('',(-0.6690876040749736,-0.6325174647471873,-0.3901838475167855));
#4927=DIRECTION('',(-0.0068831557808052505,0.5302684158687515,-0.8478018809241592));
#4928=AXIS2_PLACEMENT_3D('',#409,#4926,#4927);
#4929=PLANE('',#4928);
#4930=FACE_SURFACE('',(#4925),#4929,.T.);
#4931=POLY_LOOP('',(#409,#421,#420));
#4932=FACE_OUTER_BOUND('',#4931,.T.);
#4933=DIRECTION('',(-0.721745359302842,-0.5894466527261741,-0.36281714390960174));
#4934=DIRECTION('',(-0.4608344426916224,0.8003362683384623,-0.3835276704635101));
#4935=AXIS2_PLACEMENT_3D('',#409,#4933,#4934);
#4936=PLANE('',#4935);
#4937=FACE_SURFACE('',(#4932),#4936,.T.);
#4938=POLY_LOOP('',(#411,#421,#409));
#4939=FACE_OUTER_BOUND('',#4938,.T.);
#4940=DIRECTION('',(-0.7220027064748078,-0.5893919408826221,-0.36239375252019507));
#4941=DIRECTION('',(-0.00698180685640898,0.5299531626847231,-0.8479981720106942));
#4942=AXIS2_PLACEMENT_3D('',#411,#4940,#4941);
#4943=PLANE('',#4942);
#4944=FACE_SURFACE('',(#4939),#4943,.T.);
#4945=POLY_LOOP('',(#411,#422,#421));
#4946=FACE_OUTER_BOUND('',#4945,.T.);
#4947=DIRECTION('',(-0.7728286092083188,-0.5410054801727128,-0.33173635798963624));
#4948=DIRECTION('',(-0.4309411552675614,0.8311182365541402,-0.35147147475121765));
#4949=AXIS2_PLACEMENT_3D('',#411,#4947,#4948);
#4950=PLANE('',#4949);
#4951=FACE_SURFACE('',(#4946),#4950,.T.);
#4952=POLY_LOOP('',(#413,#422,#411));
#4953=FACE_OUTER_BOUND('',#4952,.T.);
#4954=DIRECTION('',(-0.7732700934354597,-0.5408832050017262,-0.33090590980726853));
#4955=DIRECTION('',(-0.006416775331119774,0.5285189424915439,-0.8488972566936297));
#4956=AXIS2_PLACEMENT_3D('',#413,#4954,#4955);
#4957=PLANE('',#4956);
#4958=FACE_SURFACE('',(#4953),#4957,.T.);
#4959=POLY_LOOP('',(#413,#423,#422));
#4960=FACE_OUTER_BOUND('',#4959,.T.);
#4961=DIRECTION('',(-0.8196614091707022,-0.48905876696560263,-0.2982896189450502));
#4962=DIRECTION('',(-0.39734335670439436,0.8604676730244974,-0.3189257602682651));
#4963=AXIS2_PLACEMENT_3D('',#413,#4961,#4962);
#4964=PLANE('',#4963);
#4965=FACE_SURFACE('',(#4960),#4964,.T.);
#4966=POLY_LOOP('',(#415,#423,#413));
#4967=FACE_OUTER_BOUND('',#4966,.T.);
#4968=DIRECTION('',(-0.8201910266036553,-0.488874735302417,-0.2971332580877374));
#4969=DIRECTION('',(-0.004905009090739229,0.525372458078397,-0.8508582262506972));
#4970=AXIS2_PLACEMENT_3D('',#415,#4968,#4969);
#4971=PLANE('',#4970);
#4972=FACE_SURFACE('',(#4967),#4971,.T.);
#4973=POLY_LOOP('',(#416,#415,#414));
#4974=FACE_OUTER_BOUND('',#4973,.T.);
#4975=DIRECTION('',(-0.8296390114373591,-0.5049220850261239,-0.23822845916076754));
#4976=DIRECTION('',(-0.0029738507705189313,0.43069376704660606,-0.9024932327939077));
#4977=AXIS2_PLACEMENT_3D('',#416,#4975,#4976);
#4978=PLANE('',#4977);
#4979=FACE_SURFACE('',(#4974),#4978,.T.);
#4980=POLY_LOOP('',(#115,#405,#124));
#4981=FACE_OUTER_BOUND('',#4980,.T.);
#4982=DIRECTION('',(-0.5907787499103127,-0.6469149421302455,-0.4821633813377262));
#4983=DIRECTION('',(0.006858749316632737,-0.6016046314042274,0.7987645617018793));
#4984=AXIS2_PLACEMENT_3D('',#115,#4982,#4983);
#4985=PLANE('',#4984);
#4986=FACE_SURFACE('',(#4981),#4985,.T.);
#4987=POLY_LOOP('',(#124,#405,#419));
#4988=FACE_OUTER_BOUND('',#4987,.T.);
#4989=DIRECTION('',(-0.5911166037245743,-0.6469967686283071,-0.48163922409377496));
#4990=DIRECTION('',(0.6018558601910126,-0.7513469082039087,0.270642470957837));
#4991=AXIS2_PLACEMENT_3D('',#124,#4989,#4990);
#4992=PLANE('',#4991);
#4993=FACE_SURFACE('',(#4988),#4992,.T.);
#4994=POLY_LOOP('',(#124,#419,#129));
#4995=FACE_OUTER_BOUND('',#4994,.T.);
#4996=DIRECTION('',(-0.6567078471825297,-0.6054476309037423,-0.4496309260737442));
#4997=DIRECTION('',(0.008313471392345114,-0.6019884836847329,0.7984614904329229));
#4998=AXIS2_PLACEMENT_3D('',#124,#4996,#4997);
#4999=PLANE('',#4998);
#5000=FACE_SURFACE('',(#4995),#4999,.T.);
#5001=POLY_LOOP('',(#424,#372,#402));
#5002=FACE_OUTER_BOUND('',#5001,.T.);
#5003=DIRECTION('',(-0.5858228720149471,-0.35599203096237714,-0.7280667802581304));
#5004=DIRECTION('',(0.706145879928745,-0.665063764547829,-0.2429983237496268));
#5005=AXIS2_PLACEMENT_3D('',#424,#5003,#5004);
#5006=PLANE('',#5005);
#5007=FACE_SURFACE('',(#5002),#5006,.T.);
#5008=POLY_LOOP('',(#424,#374,#372));
#5009=FACE_OUTER_BOUND('',#5008,.T.);
#5010=DIRECTION('',(-0.5519823090006486,-0.3021073769122818,-0.7772043896977764));
#5011=DIRECTION('',(-0.02264473359582699,0.9371480253420378,-0.3481964885490568));
#5012=AXIS2_PLACEMENT_3D('',#424,#5010,#5011);
#5013=PLANE('',#5012);
#5014=FACE_SURFACE('',(#5009),#5013,.T.);
#5015=POLY_LOOP('',(#425,#374,#424));
#5016=FACE_OUTER_BOUND('',#5015,.T.);
#5017=DIRECTION('',(-0.6083246915380353,-0.2893048582220253,-0.7390830593879745));
#5018=DIRECTION('',(0.6618527981445647,-0.6988576794621102,-0.27119885221926077));
#5019=AXIS2_PLACEMENT_3D('',#425,#5017,#5018);
#5020=PLANE('',#5019);
#5021=FACE_SURFACE('',(#5016),#5020,.T.);
#5022=POLY_LOOP('',(#426,#312,#427));
#5023=FACE_OUTER_BOUND('',#5022,.T.);
#5024=DIRECTION('',(-0.4943229821504927,-0.8186476104526282,-0.2923369275648316));
#5025=DIRECTION('',(-0.0010309989080478765,0.3368503264842695,-0.9415576427328773));
#5026=AXIS2_PLACEMENT_3D('',#426,#5024,#5025);
#5027=PLANE('',#5026);
#5028=FACE_SURFACE('',(#5023),#5027,.T.);
#5029=POLY_LOOP('',(#426,#313,#312));
#5030=FACE_OUTER_BOUND('',#5029,.T.);
#5031=DIRECTION('',(-0.5656290617824624,-0.7766613825717575,-0.2772379145946982));
#5032=DIRECTION('',(-0.3497396659283321,0.5303757382727264,-0.7722588570731961));
#5033=AXIS2_PLACEMENT_3D('',#426,#5031,#5032);
#5034=PLANE('',#5033);
#5035=FACE_SURFACE('',(#5030),#5034,.T.);
#5036=POLY_LOOP('',(#428,#313,#426));
#5037=FACE_OUTER_BOUND('',#5036,.T.);
#5038=DIRECTION('',(-0.5657715742668249,-0.7765965117674012,-0.2771288214212722));
#5039=DIRECTION('',(-0.0011764368303076125,0.33685206051805344,-0.9415568518794423));
#5040=AXIS2_PLACEMENT_3D('',#428,#5038,#5039);
#5041=PLANE('',#5040);
#5042=FACE_SURFACE('',(#5037),#5041,.T.);
#5043=POLY_LOOP('',(#428,#408,#313));
#5044=FACE_OUTER_BOUND('',#5043,.T.);
#5045=DIRECTION('',(-0.6249727126720913,-0.7352710020981914,-0.2622702077797037));
#5046=DIRECTION('',(-0.4704869302457537,0.6228625917737156,-0.6250473903928062));
#5047=AXIS2_PLACEMENT_3D('',#428,#5045,#5046);
#5048=PLANE('',#5047);
#5049=FACE_SURFACE('',(#5044),#5048,.T.);
#5050=POLY_LOOP('',(#429,#408,#428));
#5051=FACE_OUTER_BOUND('',#5050,.T.);
#5052=DIRECTION('',(-0.6246900313065347,-0.7353921703482111,-0.26260373298334533));
#5053=DIRECTION('',(-0.0014240475621351582,0.3373674489034683,-0.9413719650111249));
#5054=AXIS2_PLACEMENT_3D('',#429,#5052,#5053);
#5055=PLANE('',#5054);
#5056=FACE_SURFACE('',(#5051),#5055,.T.);
#5057=POLY_LOOP('',(#429,#410,#408));
#5058=FACE_OUTER_BOUND('',#5057,.T.);
#5059=DIRECTION('',(-0.688771095152763,-0.6828057666770653,-0.2436609600953924));
#5060=DIRECTION('',(-0.33400702814994415,0.5971662065136472,-0.7292680076244552));
#5061=AXIS2_PLACEMENT_3D('',#429,#5059,#5060);
#5062=PLANE('',#5061);
#5063=FACE_SURFACE('',(#5058),#5062,.T.);
#5064=POLY_LOOP('',(#430,#410,#429));
#5065=FACE_OUTER_BOUND('',#5064,.T.);
#5066=DIRECTION('',(-0.6884731745035072,-0.6830005293530942,-0.24395689146334051));
#5067=DIRECTION('',(-0.00154134750389152,0.33774794094601335,-0.9412353332905649));
#5068=AXIS2_PLACEMENT_3D('',#430,#5066,#5067);
#5069=PLANE('',#5068);
#5070=FACE_SURFACE('',(#5065),#5069,.T.);
#5071=POLY_LOOP('',(#430,#412,#410));
#5072=FACE_OUTER_BOUND('',#5071,.T.);
#5073=DIRECTION('',(-0.7408267787903152,-0.6326096288478743,-0.22578915234377464));
#5074=DIRECTION('',(-0.3235395580758391,0.6306564068368131,-0.7054038920191543));
#5075=AXIS2_PLACEMENT_3D('',#430,#5073,#5074);
#5076=PLANE('',#5075);
#5077=FACE_SURFACE('',(#5072),#5076,.T.);
#5078=POLY_LOOP('',(#431,#412,#430));
#5079=FACE_OUTER_BOUND('',#5078,.T.);
#5080=DIRECTION('',(-0.7407331919826737,-0.6326810836435398,-0.22589595989037894));
#5081=DIRECTION('',(-0.0015635792901046112,0.3378778345728419,-0.9411886761559399));
#5082=AXIS2_PLACEMENT_3D('',#431,#5080,#5081);
#5083=PLANE('',#5082);
#5084=FACE_SURFACE('',(#5079),#5083,.T.);
#5085=POLY_LOOP('',(#431,#414,#412));
#5086=FACE_OUTER_BOUND('',#5085,.T.);
#5087=DIRECTION('',(-0.7907807057068673,-0.5765184760748946,-0.20565097185773337));
#5088=DIRECTION('',(-0.31022304105377324,0.6671140231588522,-0.6772891147096337));
#5089=AXIS2_PLACEMENT_3D('',#431,#5087,#5088);
#5090=PLANE('',#5089);
#5091=FACE_SURFACE('',(#5086),#5090,.T.);
#5092=POLY_LOOP('',(#432,#414,#431));
#5093=FACE_OUTER_BOUND('',#5092,.T.);
#5094=DIRECTION('',(-0.7909616500898474,-0.5763566159314337,-0.20540866427493207));
#5095=DIRECTION('',(-0.0014398626663678345,0.33746109447285993,-0.9413383751407789));
#5096=AXIS2_PLACEMENT_3D('',#432,#5094,#5095);
#5097=PLANE('',#5096);
#5098=FACE_SURFACE('',(#5093),#5097,.T.);
#5099=POLY_LOOP('',(#432,#416,#414));
#5100=FACE_OUTER_BOUND('',#5099,.T.);
#5101=DIRECTION('',(-0.8358306904788614,-0.5171882370067681,-0.18412871681370307));
#5102=DIRECTION('',(-0.29412634456774617,0.7050666576617386,-0.6452679301537617));
#5103=AXIS2_PLACEMENT_3D('',#432,#5101,#5102);
#5104=PLANE('',#5103);
#5105=FACE_SURFACE('',(#5100),#5104,.T.);
#5106=POLY_LOOP('',(#433,#416,#432));
#5107=FACE_OUTER_BOUND('',#5106,.T.);
#5108=DIRECTION('',(-0.8362302163754056,-0.5167695509818288,-0.18348911793014164));
#5109=DIRECTION('',(-0.001109313562504662,0.3361964408005258,-0.9417912309086757));
#5110=AXIS2_PLACEMENT_3D('',#433,#5108,#5109);
#5111=PLANE('',#5110);
#5112=FACE_SURFACE('',(#5107),#5111,.T.);
#5113=POLY_LOOP('',(#433,#418,#416));
#5114=FACE_OUTER_BOUND('',#5113,.T.);
#5115=DIRECTION('',(-0.8743730381251206,-0.4573337610762913,-0.16222706672950735));
#5116=DIRECTION('',(-0.27547734585267647,0.7430375610766466,-0.6099241057305684));
#5117=AXIS2_PLACEMENT_3D('',#433,#5115,#5116);
#5118=PLANE('',#5117);
#5119=FACE_SURFACE('',(#5114),#5118,.T.);
#5120=POLY_LOOP('',(#434,#418,#433));
#5121=FACE_OUTER_BOUND('',#5120,.T.);
#5122=DIRECTION('',(-0.8748901552299554,-0.4566999823322407,-0.16122140806802215));
#5123=DIRECTION('',(-0.0005021893272769445,0.333736286315286,-0.9426663455339652));
#5124=AXIS2_PLACEMENT_3D('',#434,#5122,#5123);
#5125=PLANE('',#5124);
#5126=FACE_SURFACE('',(#5121),#5125,.T.);
#5127=POLY_LOOP('',(#134,#423,#435));
#5128=FACE_OUTER_BOUND('',#5127,.T.);
#5129=DIRECTION('',(-0.8525915106377332,-0.4229776421194457,-0.3068837406177497));
#5130=DIRECTION('',(0.3541414837568023,-0.8995002882857439,0.25589654326777067));
#5131=AXIS2_PLACEMENT_3D('',#134,#5129,#5130);
#5132=PLANE('',#5131);
#5133=FACE_SURFACE('',(#5128),#5132,.T.);
#5134=POLY_LOOP('',(#133,#423,#134));
#5135=FACE_OUTER_BOUND('',#5134,.T.);
#5136=DIRECTION('',(-0.8521364568940571,-0.4231068371718411,-0.3079676333163667));
#5137=DIRECTION('',(0.006413393668094444,-0.5968876894947547,0.8022991677119398));
#5138=AXIS2_PLACEMENT_3D('',#133,#5136,#5137);
#5139=PLANE('',#5138);
#5140=FACE_SURFACE('',(#5135),#5139,.T.);
#5141=POLY_LOOP('',(#133,#422,#423));
#5142=FACE_OUTER_BOUND('',#5141,.T.);
#5143=DIRECTION('',(-0.8104208291523116,-0.47311914758525614,-0.345508830370919));
#5144=DIRECTION('',(0.389344646475031,-0.8756318585696699,0.28579642145950424));
#5145=AXIS2_PLACEMENT_3D('',#133,#5143,#5144);
#5146=PLANE('',#5145);
#5147=FACE_SURFACE('',(#5142),#5146,.T.);
#5148=POLY_LOOP('',(#136,#422,#133));
#5149=FACE_OUTER_BOUND('',#5148,.T.);
#5150=DIRECTION('',(-0.8098226808596017,-0.47325120819855454,-0.34672830790689124));
#5151=DIRECTION('',(0.0083775935352458,-0.6002741692668363,0.7997504220927726));
#5152=AXIS2_PLACEMENT_3D('',#136,#5150,#5151);
#5153=PLANE('',#5152);
#5154=FACE_SURFACE('',(#5149),#5153,.T.);
#5155=POLY_LOOP('',(#136,#421,#422));
#5156=FACE_OUTER_BOUND('',#5155,.T.);
#5157=DIRECTION('',(-0.7623923036259466,-0.5213577672175238,-0.38333282397139024));
#5158=DIRECTION('',(0.4219533612393336,-0.8496327826759513,0.3163534345335105));
#5159=AXIS2_PLACEMENT_3D('',#136,#5157,#5158);
#5160=PLANE('',#5159);
#5161=FACE_SURFACE('',(#5156),#5160,.T.);
#5162=POLY_LOOP('',(#132,#421,#136));
#5163=FACE_OUTER_BOUND('',#5162,.T.);
#5164=DIRECTION('',(-0.7618482032336037,-0.5214454663354761,-0.38429408122934644));
#5165=DIRECTION('',(0.009112328939217679,-0.6018389638427983,0.7985654807603008));
#5166=AXIS2_PLACEMENT_3D('',#132,#5164,#5165);
#5167=PLANE('',#5166);
#5168=FACE_SURFACE('',(#5163),#5167,.T.);
#5169=POLY_LOOP('',(#132,#420,#421));
#5170=FACE_OUTER_BOUND('',#5169,.T.);
#5171=DIRECTION('',(-0.7103558497134583,-0.5659600846231257,-0.4184301009622219));
#5172=DIRECTION('',(0.45095802137602603,-0.8224138958935205,0.34680289329511244));
#5173=AXIS2_PLACEMENT_3D('',#132,#5171,#5172);
#5174=PLANE('',#5173);
#5175=FACE_SURFACE('',(#5170),#5174,.T.);
#5176=POLY_LOOP('',(#129,#420,#132));
#5177=FACE_OUTER_BOUND('',#5176,.T.);
#5178=DIRECTION('',(-0.7099849478094497,-0.5659995077692789,-0.41900588431303337));
#5179=DIRECTION('',(0.008981046434864984,-0.6022246006803866,0.7982761872561924));
#5180=AXIS2_PLACEMENT_3D('',#129,#5178,#5179);
#5181=PLANE('',#5180);
#5182=FACE_SURFACE('',(#5177),#5181,.T.);
#5183=POLY_LOOP('',(#129,#419,#420));
#5184=FACE_OUTER_BOUND('',#5183,.T.);
#5185=DIRECTION('',(-0.6569076846603189,-0.6054361970007061,-0.4493543203258886));
#5186=DIRECTION('',(0.4754351867935591,-0.795184653408351,0.37635455376866916));
#5187=AXIS2_PLACEMENT_3D('',#129,#5185,#5186);
#5188=PLANE('',#5187);
#5189=FACE_SURFACE('',(#5184),#5188,.T.);
#5190=POLY_LOOP('',(#392,#391,#436));
#5191=FACE_OUTER_BOUND('',#5190,.T.);
#5192=DIRECTION('',(-0.15116891134910113,-0.833928353092427,-0.530764978262583));
#5193=DIRECTION('',(0.8761867647575813,0.13554716772655862,-0.46251888457116125));
#5194=AXIS2_PLACEMENT_3D('',#392,#5192,#5193);
#5195=PLANE('',#5194);
#5196=FACE_SURFACE('',(#5191),#5195,.T.);
#5197=POLY_LOOP('',(#415,#435,#423));
#5198=FACE_OUTER_BOUND('',#5197,.T.);
#5199=DIRECTION('',(-0.8605270340802215,-0.435639170880528,-0.2640298021277589));
#5200=DIRECTION('',(-0.3611860227625474,0.8872891758293946,-0.28681453139087326));
#5201=AXIS2_PLACEMENT_3D('',#415,#5199,#5200);
#5202=PLANE('',#5201);
#5203=FACE_SURFACE('',(#5198),#5202,.T.);
#5204=POLY_LOOP('',(#392,#436,#401));
#5205=FACE_OUTER_BOUND('',#5204,.T.);
#5206=DIRECTION('',(-0.1566790401357074,-0.8731209337504051,-0.46164002580904345));
#5207=DIRECTION('',(0.985639091132399,-0.16803715871272096,-0.01670614627776994));
#5208=AXIS2_PLACEMENT_3D('',#392,#5206,#5207);
#5209=PLANE('',#5208);
#5210=FACE_SURFACE('',(#5205),#5209,.T.);
#5211=POLY_LOOP('',(#401,#437,#400));
#5212=FACE_OUTER_BOUND('',#5211,.T.);
#5213=DIRECTION('',(-0.16153718007893111,-0.901073400825088,-0.4024580298337422));
#5214=DIRECTION('',(0.9854671951305808,-0.16899529135405597,-0.017175529733417242));
#5215=AXIS2_PLACEMENT_3D('',#401,#5213,#5214);
#5216=PLANE('',#5215);
#5217=FACE_SURFACE('',(#5212),#5216,.T.);
#5218=POLY_LOOP('',(#144,#399,#146));
#5219=FACE_OUTER_BOUND('',#5218,.T.);
#5220=DIRECTION('',(-0.39416295260075873,-0.2618847845750358,-0.8809380945362387));
#5221=DIRECTION('',(-0.8123494526498258,0.5475473712928294,0.2006993845776331));
#5222=AXIS2_PLACEMENT_3D('',#144,#5220,#5221);
#5223=PLANE('',#5222);
#5224=FACE_SURFACE('',(#5219),#5223,.T.);
#5225=POLY_LOOP('',(#144,#398,#399));
#5226=FACE_OUTER_BOUND('',#5225,.T.);
#5227=DIRECTION('',(-0.4261299162141294,-0.32238541587783315,-0.8452697428256943));
#5228=DIRECTION('',(0.015505818479640388,-0.9368142366658871,0.3494834124438347));
#5229=AXIS2_PLACEMENT_3D('',#144,#5227,#5228);
#5230=PLANE('',#5229);
#5231=FACE_SURFACE('',(#5226),#5230,.T.);
#5232=POLY_LOOP('',(#142,#398,#144));
#5233=FACE_OUTER_BOUND('',#5232,.T.);
#5234=DIRECTION('',(-0.3619230340350937,-0.33108307654389274,-0.8714331379176853));
#5235=DIRECTION('',(-0.8464072792139922,0.5084469455824095,0.1583553637281835));
#5236=AXIS2_PLACEMENT_3D('',#142,#5234,#5235);
#5237=PLANE('',#5236);
#5238=FACE_SURFACE('',(#5233),#5237,.T.);
#5239=POLY_LOOP('',(#142,#397,#398));
#5240=FACE_OUTER_BOUND('',#5239,.T.);
#5241=DIRECTION('',(-0.3936366125301111,-0.3970641191596997,-0.8290900448996787));
#5242=DIRECTION('',(0.012679099438132956,-0.9041635787834053,0.42699820051028653));
#5243=AXIS2_PLACEMENT_3D('',#142,#5241,#5242);
#5244=PLANE('',#5243);
#5245=FACE_SURFACE('',(#5240),#5244,.T.);
#5246=POLY_LOOP('',(#138,#397,#142));
#5247=FACE_OUTER_BOUND('',#5246,.T.);
#5248=DIRECTION('',(-0.32221248484696813,-0.4079484264534181,-0.8542582723994674));
#5249=DIRECTION('',(-0.8832067257826728,0.4543741844655278,0.1161463732689801));
#5250=AXIS2_PLACEMENT_3D('',#138,#5248,#5249);
#5251=PLANE('',#5250);
#5252=FACE_SURFACE('',(#5247),#5251,.T.);
#5253=POLY_LOOP('',(#138,#396,#397));
#5254=FACE_OUTER_BOUND('',#5253,.T.);
#5255=DIRECTION('',(-0.3512242417920067,-0.47671702374687835,-0.805842671523138));
#5256=DIRECTION('',(0.008705287966128825,-0.8623005710225569,0.5063219757976133));
#5257=AXIS2_PLACEMENT_3D('',#138,#5255,#5256);
#5258=PLANE('',#5257);
#5259=FACE_SURFACE('',(#5254),#5258,.T.);
#5260=POLY_LOOP('',(#140,#396,#138));
#5261=FACE_OUTER_BOUND('',#5260,.T.);
#5262=DIRECTION('',(-0.2579250330334604,-0.4911440338381938,-0.8320169561732713));
#5263=DIRECTION('',(-0.927529427060359,0.3669608021750509,0.07091496036891855));
#5264=AXIS2_PLACEMENT_3D('',#140,#5262,#5263);
#5265=PLANE('',#5264);
#5266=FACE_SURFACE('',(#5261),#5265,.T.);
#5267=POLY_LOOP('',(#140,#395,#396));
#5268=FACE_OUTER_BOUND('',#5267,.T.);
#5269=DIRECTION('',(-0.28200814052659984,-0.5626239923467712,-0.7771265353290349));
#5270=DIRECTION('',(0.005544122864887542,-0.8109450578764287,0.5850960398152211));
#5271=AXIS2_PLACEMENT_3D('',#140,#5269,#5270);
#5272=PLANE('',#5271);
#5273=FACE_SURFACE('',(#5268),#5272,.T.);
#5274=POLY_LOOP('',(#361,#395,#140));
#5275=FACE_OUTER_BOUND('',#5274,.T.);
#5276=DIRECTION('',(-0.1915865483291108,-0.5751274436444587,-0.795313157231997));
#5277=DIRECTION('',(-0.9624489166980842,0.2688721076877105,0.03741486942717224));
#5278=AXIS2_PLACEMENT_3D('',#361,#5276,#5277);
#5279=PLANE('',#5278);
#5280=FACE_SURFACE('',(#5275),#5279,.T.);
#5281=POLY_LOOP('',(#361,#394,#395));
#5282=FACE_OUTER_BOUND('',#5281,.T.);
#5283=DIRECTION('',(-0.20915945931766647,-0.6466222604531807,-0.7335747902322983));
#5284=DIRECTION('',(0.0030948404593372954,-0.7506012914301876,0.660748154190283));
#5285=AXIS2_PLACEMENT_3D('',#361,#5283,#5284);
#5286=PLANE('',#5285);
#5287=FACE_SURFACE('',(#5282),#5286,.T.);
#5288=POLY_LOOP('',(#363,#394,#361));
#5289=FACE_OUTER_BOUND('',#5288,.T.);
#5290=DIRECTION('',(-0.12034144326078172,-0.656228857069538,-0.7449037684044294));
#5291=DIRECTION('',(-0.9864250978262569,0.1634949069378336,0.01532781079765661));
#5292=AXIS2_PLACEMENT_3D('',#363,#5290,#5291);
#5293=PLANE('',#5292);
#5294=FACE_SURFACE('',(#5289),#5293,.T.);
#5295=POLY_LOOP('',(#363,#393,#394));
#5296=FACE_OUTER_BOUND('',#5295,.T.);
#5297=DIRECTION('',(-0.13058371046600195,-0.7243996997272794,-0.6768995269579959));
#5298=DIRECTION('',(0.001269857682511767,-0.6828673278851368,0.730541306134348));
#5299=AXIS2_PLACEMENT_3D('',#363,#5297,#5298);
#5300=PLANE('',#5299);
#5301=FACE_SURFACE('',(#5296),#5300,.T.);
#5302=POLY_LOOP('',(#146,#399,#373));
#5303=FACE_OUTER_BOUND('',#5302,.T.);
#5304=DIRECTION('',(-0.4615406018017529,-0.2543371450069641,-0.8498781615962269));
#5305=DIRECTION('',(0.019928309642925666,-0.9607511522019814,0.276694933125529));
#5306=AXIS2_PLACEMENT_3D('',#146,#5304,#5305);
#5307=PLANE('',#5306);
#5308=FACE_SURFACE('',(#5303),#5307,.T.);
#5309=POLY_LOOP('',(#90,#393,#363));
#5310=FACE_OUTER_BOUND('',#5309,.T.);
#5311=DIRECTION('',(-0.04218034339975788,-0.7299282980162827,-0.6822210040637354));
#5312=DIRECTION('',(-0.9985014070648754,0.054627177296663,0.0032880982441012194));
#5313=AXIS2_PLACEMENT_3D('',#90,#5311,#5312);
#5314=PLANE('',#5313);
#5315=FACE_SURFACE('',(#5310),#5314,.T.);
#5316=POLY_LOOP('',(#91,#391,#90));
#5317=FACE_OUTER_BOUND('',#5316,.T.);
#5318=DIRECTION('',(-0.045916310109022127,-0.7912433152006428,-0.6097751295488104));
#5319=DIRECTION('',(-0.9984733511834601,0.055113484135471104,0.003670264693448724));
#5320=AXIS2_PLACEMENT_3D('',#91,#5318,#5319);
#5321=PLANE('',#5320);
#5322=FACE_SURFACE('',(#5317),#5321,.T.);
#5323=POLY_LOOP('',(#91,#436,#391));
#5324=FACE_OUTER_BOUND('',#5323,.T.);
#5325=DIRECTION('',(-0.04848056934833575,-0.8425873589061491,-0.5363731695445083));
#5326=DIRECTION('',(-0.8656987080552949,-0.2324108733069767,0.443340651012381));
#5327=AXIS2_PLACEMENT_3D('',#91,#5325,#5326);
#5328=PLANE('',#5327);
#5329=FACE_SURFACE('',(#5324),#5328,.T.);
#5330=POLY_LOOP('',(#99,#436,#91));
#5331=FACE_OUTER_BOUND('',#5330,.T.);
#5332=DIRECTION('',(-0.04898177027909097,-0.8420981631374845,-0.537095401042311));
#5333=DIRECTION('',(-0.9984509582653832,0.05549103411673784,0.004053279116082635));
#5334=AXIS2_PLACEMENT_3D('',#99,#5332,#5333);
#5335=PLANE('',#5334);
#5336=FACE_SURFACE('',(#5331),#5335,.T.);
#5337=POLY_LOOP('',(#99,#437,#436));
#5338=FACE_OUTER_BOUND('',#5337,.T.);
#5339=DIRECTION('',(-0.05092071019533978,-0.8819962013508719,-0.46849736613542914));
#5340=DIRECTION('',(-0.8667490208391884,-0.19401523221864286,0.45946079761112846));
#5341=AXIS2_PLACEMENT_3D('',#99,#5339,#5340);
#5342=PLANE('',#5341);
#5343=FACE_SURFACE('',(#5338),#5342,.T.);
#5344=POLY_LOOP('',(#100,#437,#99));
#5345=FACE_OUTER_BOUND('',#5344,.T.);
#5346=DIRECTION('',(-0.05133988430703616,-0.8816330266032163,-0.469134759617951));
#5347=DIRECTION('',(-0.9984333847149012,0.055776554017649645,0.0044443569458917824));
#5348=AXIS2_PLACEMENT_3D('',#100,#5346,#5347);
#5349=PLANE('',#5348);
#5350=FACE_SURFACE('',(#5345),#5349,.T.);
#5351=POLY_LOOP('',(#100,#438,#437));
#5352=FACE_OUTER_BOUND('',#5351,.T.);
#5353=DIRECTION('',(-0.052720308927262004,-0.9111620336357227,-0.4086616173405914));
#5354=DIRECTION('',(-0.8664617213654681,-0.16170836189504167,0.4723287955456584));
#5355=AXIS2_PLACEMENT_3D('',#100,#5353,#5354);
#5356=PLANE('',#5355);
#5357=FACE_SURFACE('',(#5352),#5356,.T.);
#5358=POLY_LOOP('',(#101,#438,#100));
#5359=FACE_OUTER_BOUND('',#5358,.T.);
#5360=DIRECTION('',(-0.05308513761654881,-0.9108832668926647,-0.40923543622122766));
#5361=DIRECTION('',(-0.9984184447005999,0.05601020340411477,0.004844212656837432));
#5362=AXIS2_PLACEMENT_3D('',#101,#5360,#5361);
#5363=PLANE('',#5362);
#5364=FACE_SURFACE('',(#5359),#5363,.T.);
#5365=POLY_LOOP('',(#101,#310,#438));
#5366=FACE_OUTER_BOUND('',#5365,.T.);
#5367=DIRECTION('',(-0.0543060927450005,-0.9385665602017417,-0.3407985627344137));
#5368=DIRECTION('',(6.189311083147138e-07,-0.34130224198048364,0.9399536050352232));
#5369=AXIS2_PLACEMENT_3D('',#101,#5367,#5368);
#5370=PLANE('',#5369);
#5371=FACE_SURFACE('',(#5366),#5370,.T.);
#5372=POLY_LOOP('',(#102,#310,#101));
#5373=FACE_OUTER_BOUND('',#5372,.T.);
#5374=DIRECTION('',(0.05498716449632801,-0.9385315013084757,-0.34078590462680874));
#5375=DIRECTION('',(-0.9983903257168735,-0.05643116447704613,-0.005681653871890431));
#5376=AXIS2_PLACEMENT_3D('',#102,#5374,#5375);
#5377=PLANE('',#5376);
#5378=FACE_SURFACE('',(#5373),#5377,.T.);
#5379=POLY_LOOP('',(#102,#308,#310));
#5380=FACE_OUTER_BOUND('',#5379,.T.);
#5381=DIRECTION('',(0.05561565477899708,-0.9544467492364687,-0.2931523525667857));
#5382=DIRECTION('',(-0.06983330120817119,-0.29660617100129627,0.9524432210721638));
#5383=AXIS2_PLACEMENT_3D('',#102,#5381,#5382);
#5384=PLANE('',#5383);
#5385=FACE_SURFACE('',(#5380),#5384,.T.);
#5386=POLY_LOOP('',(#196,#308,#102));
#5387=FACE_OUTER_BOUND('',#5386,.T.);
#5388=DIRECTION('',(0.16872224734515986,-0.9445304442012153,-0.28177126047177586));
#5389=DIRECTION('',(-0.9852170640873953,-0.17021225832945616,-0.019368111559976257));
#5390=AXIS2_PLACEMENT_3D('',#196,#5388,#5389);
#5391=PLANE('',#5390);
#5392=FACE_SURFACE('',(#5387),#5391,.T.);
#5393=POLY_LOOP('',(#336,#162,#337));
#5394=FACE_OUTER_BOUND('',#5393,.T.);
#5395=DIRECTION('',(0.9441904268142822,-0.30228789010135126,-0.13086813749089976));
#5396=DIRECTION('',(0.2799837559451487,0.9457870648894038,-0.16460839679291625));
#5397=AXIS2_PLACEMENT_3D('',#336,#5395,#5396);
#5398=PLANE('',#5397);
#5399=FACE_SURFACE('',(#5394),#5398,.T.);
#5400=POLY_LOOP('',(#90,#391,#393));
#5401=FACE_OUTER_BOUND('',#5400,.T.);
#5402=DIRECTION('',(-0.04532847955886099,-0.7918791174514999,-0.6089932612805461));
#5403=DIRECTION('',(-0.8625823202396684,-0.27646667721296353,0.42369554777077045));
#5404=AXIS2_PLACEMENT_3D('',#90,#5402,#5403);
#5405=PLANE('',#5404);
#5406=FACE_SURFACE('',(#5401),#5405,.T.);
#5407=POLY_LOOP('',(#336,#160,#162));
#5408=FACE_OUTER_BOUND('',#5407,.T.);
#5409=DIRECTION('',(0.9423575305497904,-0.3034924086216691,-0.14090650277797148));
#5410=DIRECTION('',(-0.004394831228750508,0.40984706195690673,-0.9121436681048454));
#5411=AXIS2_PLACEMENT_3D('',#336,#5409,#5410);
#5412=PLANE('',#5411);
#5413=FACE_SURFACE('',(#5408),#5412,.T.);
#5414=POLY_LOOP('',(#146,#373,#149));
#5415=FACE_OUTER_BOUND('',#5414,.T.);
#5416=DIRECTION('',(-0.4792910104770436,-0.23594509213864162,-0.8453461070896242));
#5417=DIRECTION('',(-0.5577795267666267,-0.66176180728522,0.5009524028673754));
#5418=AXIS2_PLACEMENT_3D('',#146,#5416,#5417);
#5419=PLANE('',#5418);
#5420=FACE_SURFACE('',(#5415),#5419,.T.);
#5421=POLY_LOOP('',(#149,#374,#335));
#5422=FACE_OUTER_BOUND('',#5421,.T.);
#5423=DIRECTION('',(-0.5727759873676712,-0.23932187709873834,-0.7839979001482884));
#5424=DIRECTION('',(0.02430860005755982,-0.9609694590809923,0.2755844528938938));
#5425=AXIS2_PLACEMENT_3D('',#149,#5423,#5424);
#5426=PLANE('',#5425);
#5427=FACE_SURFACE('',(#5422),#5426,.T.);
#5428=POLY_LOOP('',(#439,#434,#339));
#5429=FACE_OUTER_BOUND('',#5428,.T.);
#5430=DIRECTION('',(-0.9064667689280179,-0.39854241035391813,-0.13957773453702668));
#5431=DIRECTION('',(0.25468188618017745,-0.7796289726713599,0.572115199783319));
#5432=AXIS2_PLACEMENT_3D('',#439,#5430,#5431);
#5433=PLANE('',#5432);
#5434=FACE_SURFACE('',(#5429),#5433,.T.);
#5435=POLY_LOOP('',(#439,#418,#434));
#5436=FACE_OUTER_BOUND('',#5435,.T.);
#5437=DIRECTION('',(-0.9059171983012535,-0.39932830865993335,-0.14089333456485578));
#5438=DIRECTION('',(0.41564363733388277,-0.9021557638411615,-0.11556532573410702));
#5439=AXIS2_PLACEMENT_3D('',#439,#5437,#5438);
#5440=PLANE('',#5439);
#5441=FACE_SURFACE('',(#5436),#5440,.T.);
#5442=POLY_LOOP('',(#440,#418,#439));
#5443=FACE_OUTER_BOUND('',#5442,.T.);
#5444=DIRECTION('',(-0.9016763691745086,-0.3920570680194214,-0.18240334615431283));
#5445=DIRECTION('',(0.24958375676424271,-0.8163382786766993,0.5208644383393929));
#5446=AXIS2_PLACEMENT_3D('',#440,#5444,#5445);
#5447=PLANE('',#5446);
#5448=FACE_SURFACE('',(#5443),#5447,.T.);
#5449=POLY_LOOP('',(#440,#417,#418));
#5450=FACE_OUTER_BOUND('',#5449,.T.);
#5451=DIRECTION('',(-0.9010657206412932,-0.3927883291027869,-0.18384203982176567));
#5452=DIRECTION('',(0.41972517515300906,-0.8965141467227316,-0.14175035121222263));
#5453=AXIS2_PLACEMENT_3D('',#440,#5451,#5452);
#5454=PLANE('',#5453);
#5455=FACE_SURFACE('',(#5450),#5454,.T.);
#5456=POLY_LOOP('',(#441,#417,#440));
#5457=FACE_OUTER_BOUND('',#5456,.T.);
#5458=DIRECTION('',(-0.8948936051213139,-0.3826555063661413,-0.22965234368638573));
#5459=DIRECTION('',(0.3237061717121776,-0.9108045857763151,0.25622123433525407));
#5460=AXIS2_PLACEMENT_3D('',#441,#5458,#5459);
#5461=PLANE('',#5460);
#5462=FACE_SURFACE('',(#5457),#5461,.T.);
#5463=POLY_LOOP('',(#441,#435,#417));
#5464=FACE_OUTER_BOUND('',#5463,.T.);
#5465=DIRECTION('',(-0.8945484063974142,-0.3828290915958527,-0.23070551627505811));
#5466=DIRECTION('',(0.4223337176547228,-0.8929434633273878,-0.15584031003829166));
#5467=AXIS2_PLACEMENT_3D('',#441,#5465,#5466);
#5468=PLANE('',#5467);
#5469=FACE_SURFACE('',(#5464),#5468,.T.);
#5470=POLY_LOOP('',(#442,#435,#441));
#5471=FACE_OUTER_BOUND('',#5470,.T.);
#5472=DIRECTION('',(-0.8878792837549021,-0.372911675217442,-0.26945734349874956));
#5473=DIRECTION('',(0.3174908827535447,-0.9205018801254423,0.2277626572858262));
#5474=AXIS2_PLACEMENT_3D('',#442,#5472,#5473);
#5475=PLANE('',#5474);
#5476=FACE_SURFACE('',(#5471),#5475,.T.);
#5477=POLY_LOOP('',(#442,#134,#435));
#5478=FACE_OUTER_BOUND('',#5477,.T.);
#5479=DIRECTION('',(-0.8876314101550317,-0.3729983427045723,-0.2701531344364382));
#5480=DIRECTION('',(0.42545237642636674,-0.8887044241135043,-0.1708646304951434));
#5481=AXIS2_PLACEMENT_3D('',#442,#5479,#5480);
#5482=PLANE('',#5481);
#5483=FACE_SURFACE('',(#5478),#5482,.T.);
#5484=POLY_LOOP('',(#443,#134,#442));
#5485=FACE_OUTER_BOUND('',#5484,.T.);
#5486=DIRECTION('',(-0.8781562660557238,-0.35978837959413507,-0.31526797220157826));
#5487=DIRECTION('',(0.31019466172007715,-0.929978437368462,0.1972799479675534));
#5488=AXIS2_PLACEMENT_3D('',#443,#5486,#5487);
#5489=PLANE('',#5488);
#5490=FACE_SURFACE('',(#5485),#5489,.T.);
#5491=POLY_LOOP('',(#443,#135,#134));
#5492=FACE_OUTER_BOUND('',#5491,.T.);
#5493=DIRECTION('',(-0.878127113977708,-0.359794417517427,-0.3153422724920921));
#5494=DIRECTION('',(0.4292213624800847,-0.8836137006010845,-0.1870717779377659));
#5495=AXIS2_PLACEMENT_3D('',#443,#5493,#5494);
#5496=PLANE('',#5495);
#5497=FACE_SURFACE('',(#5492),#5496,.T.);
#5498=POLY_LOOP('',(#444,#135,#443));
#5499=FACE_OUTER_BOUND('',#5498,.T.);
#5500=DIRECTION('',(-0.8653291898042756,-0.34296074398285775,-0.3654905215725855));
#5501=DIRECTION('',(0.302288601169919,-0.9387876769789373,0.16522499555219888));
#5502=AXIS2_PLACEMENT_3D('',#444,#5500,#5501);
#5503=PLANE('',#5502);
#5504=FACE_SURFACE('',(#5499),#5503,.T.);
#5505=POLY_LOOP('',(#444,#157,#135));
#5506=FACE_OUTER_BOUND('',#5505,.T.);
#5507=DIRECTION('',(-0.8654572554651225,-0.34295031487566663,-0.36519696122703277));
#5508=DIRECTION('',(0.4339944637557047,-0.8773850934235607,-0.20455855706258724));
#5509=AXIS2_PLACEMENT_3D('',#444,#5507,#5508);
#5510=PLANE('',#5509);
#5511=FACE_SURFACE('',(#5506),#5510,.T.);
#5512=POLY_LOOP('',(#149,#373,#374));
#5513=FACE_OUTER_BOUND('',#5512,.T.);
#5514=DIRECTION('',(-0.5168552238582316,-0.24804544778450854,-0.819349823581991));
#5515=DIRECTION('',(0.3463400556760696,-0.9358653180504857,0.06484344457661351));
#5516=AXIS2_PLACEMENT_3D('',#149,#5514,#5515);
#5517=PLANE('',#5516);
#5518=FACE_SURFACE('',(#5513),#5517,.T.);
#5519=POLY_LOOP('',(#445,#157,#444));
#5520=FACE_OUTER_BOUND('',#5519,.T.);
#5521=DIRECTION('',(-0.8489011438829355,-0.3222230407505502,-0.4189739370458658));
#5522=DIRECTION('',(0.2941217218231548,-0.9465985668977377,0.1320740924592401));
#5523=AXIS2_PLACEMENT_3D('',#445,#5521,#5522);
#5524=PLANE('',#5523);
#5525=FACE_SURFACE('',(#5520),#5524,.T.);
#5526=POLY_LOOP('',(#446,#156,#445));
#5527=FACE_OUTER_BOUND('',#5526,.T.);
#5528=DIRECTION('',(-0.8285468308472236,-0.2975209497392634,-0.4743326191179234));
#5529=DIRECTION('',(0.28597890654133856,-0.9531770093985336,0.09833439768203295));
#5530=AXIS2_PLACEMENT_3D('',#446,#5528,#5529);
#5531=PLANE('',#5530);
#5532=FACE_SURFACE('',(#5527),#5531,.T.);
#5533=POLY_LOOP('',(#446,#155,#156));
#5534=FACE_OUTER_BOUND('',#5533,.T.);
#5535=DIRECTION('',(-0.8286289562133965,-0.2975301891580926,-0.4741833395051398));
#5536=DIRECTION('',(0.4483518668669083,-0.8599332859905294,-0.24391668069750463));
#5537=AXIS2_PLACEMENT_3D('',#446,#5535,#5536);
#5538=PLANE('',#5537);
#5539=FACE_SURFACE('',(#5534),#5538,.T.);
#5540=POLY_LOOP('',(#447,#155,#446));
#5541=FACE_OUTER_BOUND('',#5540,.T.);
#5542=DIRECTION('',(-0.8042802205997449,-0.2690435079732748,-0.5298574502349289));
#5543=DIRECTION('',(0.2781305428862458,-0.9583784654411337,0.06445244830493221));
#5544=AXIS2_PLACEMENT_3D('',#447,#5542,#5543);
#5545=PLANE('',#5544);
#5546=FACE_SURFACE('',(#5541),#5545,.T.);
#5547=POLY_LOOP('',(#447,#154,#155));
#5548=FACE_OUTER_BOUND('',#5547,.T.);
#5549=DIRECTION('',(-0.8041414498231098,-0.2690182591901637,-0.5300808475116611));
#5550=DIRECTION('',(0.45897291998112977,-0.8476730501884201,-0.26607190514643925));
#5551=AXIS2_PLACEMENT_3D('',#447,#5549,#5550);
#5552=PLANE('',#5551);
#5553=FACE_SURFACE('',(#5548),#5552,.T.);
#5554=POLY_LOOP('',(#250,#154,#447));
#5555=FACE_OUTER_BOUND('',#5554,.T.);
#5556=DIRECTION('',(-0.7841110726784317,-0.24566524283532565,-0.5699284289853768));
#5557=DIRECTION('',(0.2310833686094508,-0.9678569088918348,0.09926469998167074));
#5558=AXIS2_PLACEMENT_3D('',#250,#5556,#5557);
#5559=PLANE('',#5558);
#5560=FACE_SURFACE('',(#5555),#5559,.T.);
#5561=POLY_LOOP('',(#250,#152,#154));
#5562=FACE_OUTER_BOUND('',#5561,.T.);
#5563=DIRECTION('',(-0.7608548067723502,-0.24335704978052441,-0.601562390225261));
#5564=DIRECTION('',(0.5812165360395695,-0.6678362707558156,-0.46495381888648746));
#5565=AXIS2_PLACEMENT_3D('',#250,#5563,#5564);
#5566=PLANE('',#5565);
#5567=FACE_SURFACE('',(#5562),#5566,.T.);
#5568=POLY_LOOP('',(#247,#152,#250));
#5569=FACE_OUTER_BOUND('',#5568,.T.);
#5570=DIRECTION('',(-0.7437806653430987,-0.20419383418038725,-0.636470894813337));
#5571=DIRECTION('',(-0.171306196770828,-0.8621634787856272,0.47678960013425187));
#5572=AXIS2_PLACEMENT_3D('',#247,#5570,#5571);
#5573=PLANE('',#5572);
#5574=FACE_SURFACE('',(#5569),#5573,.T.);
#5575=POLY_LOOP('',(#247,#153,#152));
#5576=FACE_OUTER_BOUND('',#5575,.T.);
#5577=DIRECTION('',(-0.7039292167018656,-0.23147908962359964,-0.6714916894054069));
#5578=DIRECTION('',(0.3402411220039661,-0.9397689151278217,-0.032716434050170655));
#5579=AXIS2_PLACEMENT_3D('',#247,#5577,#5578);
#5580=PLANE('',#5579);
#5581=FACE_SURFACE('',(#5576),#5580,.T.);
#5582=POLY_LOOP('',(#320,#153,#247));
#5583=FACE_OUTER_BOUND('',#5582,.T.);
#5584=DIRECTION('',(-0.6759761396143722,-0.2202535271490458,-0.7032386809970389));
#5585=DIRECTION('',(0.02720682925816295,-0.9610984483366823,0.2748628040432873));
#5586=AXIS2_PLACEMENT_3D('',#320,#5584,#5585);
#5587=PLANE('',#5586);
#5588=FACE_SURFACE('',(#5583),#5587,.T.);
#5589=POLY_LOOP('',(#320,#425,#153));
#5590=FACE_OUTER_BOUND('',#5589,.T.);
#5591=DIRECTION('',(-0.6326507406445334,-0.22944526220274797,-0.7396674333878946));
#5592=DIRECTION('',(0.3098262962432141,-0.9503263196803994,0.029791815636505917));
#5593=AXIS2_PLACEMENT_3D('',#320,#5591,#5592);
#5594=PLANE('',#5593);
#5595=FACE_SURFACE('',(#5590),#5594,.T.);
#5596=POLY_LOOP('',(#335,#425,#320));
#5597=FACE_OUTER_BOUND('',#5596,.T.);
#5598=DIRECTION('',(-0.6315587789893616,-0.22912163602253963,-0.74070019885769));
#5599=DIRECTION('',(0.02603929349093155,-0.9610670638959754,0.2750855392216434));
#5600=AXIS2_PLACEMENT_3D('',#335,#5598,#5599);
#5601=PLANE('',#5600);
#5602=FACE_SURFACE('',(#5597),#5601,.T.);
#5603=POLY_LOOP('',(#335,#374,#425));
#5604=FACE_OUTER_BOUND('',#5603,.T.);
#5605=DIRECTION('',(-0.57393602021776,-0.2396792273736904,-0.7830397899609889));
#5606=DIRECTION('',(0.32944839708850415,-0.9429946933272759,0.04716738292943621));
#5607=AXIS2_PLACEMENT_3D('',#335,#5605,#5606);
#5608=PLANE('',#5607);
#5609=FACE_SURFACE('',(#5604),#5608,.T.);
#5610=POLY_LOOP('',(#445,#156,#157));
#5611=FACE_OUTER_BOUND('',#5610,.T.);
#5612=DIRECTION('',(-0.8490742852451704,-0.32222739815251183,-0.4186195910552508));
#5613=DIRECTION('',(0.44020643894810546,-0.8696462325735527,-0.2234585448785841));
#5614=AXIS2_PLACEMENT_3D('',#445,#5612,#5613);
#5615=PLANE('',#5614);
#5616=FACE_SURFACE('',(#5611),#5615,.T.);
#5617=POLY_LOOP('',(#448,#160,#336));
#5618=FACE_OUTER_BOUND('',#5617,.T.);
#5619=DIRECTION('',(0.92718350110463,-0.34000883075305655,-0.1572410578993289));
#5620=DIRECTION('',(0.3609160520356348,0.9232353875456899,0.13181814202290543));
#5621=AXIS2_PLACEMENT_3D('',#448,#5619,#5620);
#5622=PLANE('',#5621);
#5623=FACE_SURFACE('',(#5618),#5622,.T.);
#5624=POLY_LOOP('',(#448,#181,#160));
#5625=FACE_OUTER_BOUND('',#5624,.T.);
#5626=DIRECTION('',(0.921958991826316,-0.3319271378687955,-0.1995394510788087));
#5627=DIRECTION('',(-0.002029167318428355,0.5110759252944748,-0.8595331762441694));
#5628=AXIS2_PLACEMENT_3D('',#448,#5626,#5627);
#5629=PLANE('',#5628);
#5630=FACE_SURFACE('',(#5625),#5629,.T.);
#5631=POLY_LOOP('',(#449,#181,#448));
#5632=FACE_OUTER_BOUND('',#5631,.T.);
#5633=DIRECTION('',(0.8948235646421216,-0.38278240108666045,-0.2297137818666909));
#5634=DIRECTION('',(0.4220353060628288,0.8930937237354443,0.1557876794255962));
#5635=AXIS2_PLACEMENT_3D('',#449,#5633,#5634);
#5636=PLANE('',#5635);
#5637=FACE_SURFACE('',(#5632),#5636,.T.);
#5638=POLY_LOOP('',(#312,#377,#427));
#5639=FACE_OUTER_BOUND('',#5638,.T.);
#5640=DIRECTION('',(-0.49361374571239636,-0.8187907539944828,-0.2931333676279861));
#5641=DIRECTION('',(0.8658949605483347,-0.49412369027108416,-0.07789541713017152));
#5642=AXIS2_PLACEMENT_3D('',#312,#5640,#5641);
#5643=PLANE('',#5642);
#5644=FACE_SURFACE('',(#5639),#5643,.T.);
#5645=POLY_LOOP('',(#312,#378,#377));
#5646=FACE_OUTER_BOUND('',#5645,.T.);
#5647=DIRECTION('',(-0.48751743720071955,-0.7987243273028539,-0.3526559192752135));
#5648=DIRECTION('',(0.8083321838763105,-0.26021369770914626,-0.5280983923799499));
#5649=AXIS2_PLACEMENT_3D('',#312,#5647,#5648);
#5650=PLANE('',#5649);
#5651=FACE_SURFACE('',(#5646),#5650,.T.);
#5652=POLY_LOOP('',(#311,#378,#312));
#5653=FACE_OUTER_BOUND('',#5652,.T.);
#5654=DIRECTION('',(-0.48711683067361905,-0.7993816700639772,-0.351718834923886));
#5655=DIRECTION('',(0.8668438333228423,-0.49156987032306576,-0.08331165117031625));
#5656=AXIS2_PLACEMENT_3D('',#311,#5654,#5655);
#5657=PLANE('',#5656);
#5658=FACE_SURFACE('',(#5653),#5657,.T.);
#5659=POLY_LOOP('',(#311,#381,#378));
#5660=FACE_OUTER_BOUND('',#5659,.T.);
#5661=DIRECTION('',(-0.480034830800164,-0.7777172140050632,-0.4058601929961359));
#5662=DIRECTION('',(0.8180489700080417,-0.22977439056868096,-0.5272566852184745));
#5663=AXIS2_PLACEMENT_3D('',#311,#5661,#5662);
#5664=PLANE('',#5663);
#5665=FACE_SURFACE('',(#5660),#5664,.T.);
#5666=POLY_LOOP('',(#404,#381,#311));
#5667=FACE_OUTER_BOUND('',#5666,.T.);
#5668=DIRECTION('',(-0.47952102375648614,-0.7786640075258446,-0.40465040610300024));
#5669=DIRECTION('',(0.8680421017981887,-0.48852218690688715,-0.08859448292921705));
#5670=AXIS2_PLACEMENT_3D('',#404,#5668,#5669);
#5671=PLANE('',#5670);
#5672=FACE_SURFACE('',(#5667),#5671,.T.);
#5673=POLY_LOOP('',(#404,#383,#381));
#5674=FACE_OUTER_BOUND('',#5673,.T.);
#5675=DIRECTION('',(-0.4692943804105146,-0.749077234082295,-0.46759606702230727));
#5676=DIRECTION('',(0.8293852169304802,-0.19213733982137474,-0.5245983268973949));
#5677=AXIS2_PLACEMENT_3D('',#404,#5675,#5676);
#5678=PLANE('',#5677);
#5679=FACE_SURFACE('',(#5674),#5678,.T.);
#5680=POLY_LOOP('',(#403,#383,#404));
#5681=FACE_OUTER_BOUND('',#5680,.T.);
#5682=DIRECTION('',(-0.46867961306377526,-0.7503595299113647,-0.4661544767237424));
#5683=DIRECTION('',(0.8695376833733935,-0.4848908302348532,-0.0937288640056356));
#5684=AXIS2_PLACEMENT_3D('',#403,#5682,#5683);
#5685=PLANE('',#5684);
#5686=FACE_SURFACE('',(#5681),#5685,.T.);
#5687=POLY_LOOP('',(#403,#385,#383));
#5688=FACE_OUTER_BOUND('',#5687,.T.);
#5689=DIRECTION('',(-0.4545623582062201,-0.7115948168338376,-0.5357292965269094));
#5690=DIRECTION('',(0.841771996100733,-0.14656769622945282,-0.5195554032079528));
#5691=AXIS2_PLACEMENT_3D('',#403,#5689,#5690);
#5692=PLANE('',#5691);
#5693=FACE_SURFACE('',(#5688),#5692,.T.);
#5694=POLY_LOOP('',(#116,#385,#403));
#5695=FACE_OUTER_BOUND('',#5694,.T.);
#5696=DIRECTION('',(-0.45385905417016115,-0.7132492325810752,-0.5341231048833911));
#5697=DIRECTION('',(0.8713797863305268,-0.4805818243965447,-0.0986832206317472));
#5698=AXIS2_PLACEMENT_3D('',#116,#5696,#5697);
#5699=PLANE('',#5698);
#5700=FACE_SURFACE('',(#5695),#5699,.T.);
#5701=POLY_LOOP('',(#116,#386,#385));
#5702=FACE_OUTER_BOUND('',#5701,.T.);
#5703=DIRECTION('',(-0.4359555725809981,-0.6662218916381826,-0.6050546502900509));
#5704=DIRECTION('',(-0.0074891809941341056,0.6749690289710603,-0.7378080523401063));
#5705=AXIS2_PLACEMENT_3D('',#116,#5703,#5704);
#5706=PLANE('',#5705);
#5707=FACE_SURFACE('',(#5702),#5706,.T.);
#5708=POLY_LOOP('',(#114,#386,#116));
#5709=FACE_OUTER_BOUND('',#5708,.T.);
#5710=DIRECTION('',(-0.5095311692452646,-0.6374359290154137,-0.5779735495399507));
#5711=DIRECTION('',(0.8296465280812116,-0.5420797309033689,-0.13355225114734112));
#5712=AXIS2_PLACEMENT_3D('',#114,#5710,#5711);
#5713=PLANE('',#5712);
#5714=FACE_SURFACE('',(#5709),#5713,.T.);
#5715=POLY_LOOP('',(#114,#387,#386));
#5716=FACE_OUTER_BOUND('',#5715,.T.);
#5717=DIRECTION('',(-0.48737040110271773,-0.5865465521538933,-0.6468641544291631));
#5718=DIRECTION('',(-0.010221876101467025,0.7445828305256208,-0.6674518122946561));
#5719=AXIS2_PLACEMENT_3D('',#114,#5717,#5718);
#5720=PLANE('',#5719);
#5721=FACE_SURFACE('',(#5716),#5720,.T.);
#5722=POLY_LOOP('',(#427,#377,#316));
#5723=FACE_OUTER_BOUND('',#5722,.T.);
#5724=DIRECTION('',(-0.3905664399404487,-0.8666716723055748,-0.31038374379999645));
#5725=DIRECTION('',(-0.0007752625057637477,0.3374725390998428,-0.9413350542296576));
#5726=AXIS2_PLACEMENT_3D('',#427,#5724,#5725);
#5727=PLANE('',#5726);
#5728=FACE_SURFACE('',(#5723),#5727,.T.);
#5729=POLY_LOOP('',(#111,#387,#114));
#5730=FACE_OUTER_BOUND('',#5729,.T.);
#5731=DIRECTION('',(-0.5510050232873621,-0.5612003915675359,-0.6176144305442822));
#5732=DIRECTION('',(0.7900104132144018,-0.589224659442119,-0.16940439108278466));
#5733=AXIS2_PLACEMENT_3D('',#111,#5731,#5732);
#5734=PLANE('',#5733);
#5735=FACE_SURFACE('',(#5730),#5734,.T.);
#5736=POLY_LOOP('',(#125,#388,#111));
#5737=FACE_OUTER_BOUND('',#5736,.T.);
#5738=DIRECTION('',(-0.5928998999882531,-0.48148054977208443,-0.6454813620741428));
#5739=DIRECTION('',(0.7413468449387803,-0.6393504149524939,-0.20404877455988277));
#5740=AXIS2_PLACEMENT_3D('',#125,#5738,#5739);
#5741=PLANE('',#5740);
#5742=FACE_SURFACE('',(#5737),#5741,.T.);
#5743=POLY_LOOP('',(#125,#402,#388));
#5744=FACE_OUTER_BOUND('',#5743,.T.);
#5745=DIRECTION('',(-0.56357168690499,-0.4279823349968242,-0.7065536601346919));
#5746=DIRECTION('',(-0.017640940958920076,0.8613626631665301,-0.5076841140953168));
#5747=AXIS2_PLACEMENT_3D('',#125,#5745,#5746);
#5748=PLANE('',#5747);
#5749=FACE_SURFACE('',(#5744),#5748,.T.);
#5750=POLY_LOOP('',(#137,#402,#125));
#5751=FACE_OUTER_BOUND('',#5750,.T.);
#5752=DIRECTION('',(-0.6187325978351046,-0.40826576487464133,-0.6711848013830072));
#5753=DIRECTION('',(0.6978181849757148,-0.6780588595396664,-0.23083752666532784));
#5754=AXIS2_PLACEMENT_3D('',#137,#5752,#5753);
#5755=PLANE('',#5754);
#5756=FACE_SURFACE('',(#5751),#5755,.T.);
#5757=POLY_LOOP('',(#137,#424,#402));
#5758=FACE_OUTER_BOUND('',#5757,.T.);
#5759=DIRECTION('',(-0.5867121234241379,-0.35623109471248304,-0.7272333128969584));
#5760=DIRECTION('',(-0.02073039600306622,0.9043583762944303,-0.4262700762517323));
#5761=AXIS2_PLACEMENT_3D('',#137,#5759,#5760);
#5762=PLANE('',#5761);
#5763=FACE_SURFACE('',(#5758),#5762,.T.);
#5764=POLY_LOOP('',(#159,#424,#137));
#5765=FACE_OUTER_BOUND('',#5764,.T.);
#5766=DIRECTION('',(-0.6429379653739025,-0.338567534795407,-0.6870245971313017));
#5767=DIRECTION('',(0.6506871498505451,-0.7146164904753036,-0.2567674133532807));
#5768=AXIS2_PLACEMENT_3D('',#159,#5766,#5767);
#5769=PLANE('',#5768);
#5770=FACE_SURFACE('',(#5765),#5769,.T.);
#5771=POLY_LOOP('',(#159,#425,#424));
#5772=FACE_OUTER_BOUND('',#5771,.T.);
#5773=DIRECTION('',(-0.6093209215500631,-0.28958771811557715,-0.7381510469260305));
#5774=DIRECTION('',(-0.023735256823846824,0.9371672694340298,-0.3480720423778251));
#5775=AXIS2_PLACEMENT_3D('',#159,#5773,#5774);
#5776=PLANE('',#5775);
#5777=FACE_SURFACE('',(#5772),#5776,.T.);
#5778=POLY_LOOP('',(#153,#425,#159));
#5779=FACE_OUTER_BOUND('',#5778,.T.);
#5780=DIRECTION('',(-0.6665101585995232,-0.2743350861863914,-0.6931842965407855));
#5781=DIRECTION('',(0.6017255674392813,-0.7468926407872195,-0.28298007814644527));
#5782=AXIS2_PLACEMENT_3D('',#153,#5780,#5781);
#5783=PLANE('',#5782);
#5784=FACE_SURFACE('',(#5779),#5783,.T.);
#5785=POLY_LOOP('',(#321,#310,#309));
#5786=FACE_OUTER_BOUND('',#5785,.T.);
#5787=DIRECTION('',(-0.014889850588155477,-0.956798061219689,-0.29037176583770485));
#5788=DIRECTION('',(0.2222574676106957,0.27997163641850664,-0.9339258540657411));
#5789=AXIS2_PLACEMENT_3D('',#321,#5787,#5788);
#5790=PLANE('',#5789);
#5791=FACE_SURFACE('',(#5786),#5790,.T.);
#5792=POLY_LOOP('',(#323,#310,#321));
#5793=FACE_OUTER_BOUND('',#5792,.T.);
#5794=DIRECTION('',(-0.05541385480608517,-0.9527087330814218,-0.29878985023913085));
#5795=DIRECTION('',(0.9983981529246944,-0.05629395460843196,-0.005667354859394055));
#5796=AXIS2_PLACEMENT_3D('',#323,#5794,#5795);
#5797=PLANE('',#5796);
#5798=FACE_SURFACE('',(#5793),#5797,.T.);
#5799=POLY_LOOP('',(#323,#438,#310));
#5800=FACE_OUTER_BOUND('',#5799,.T.);
#5801=DIRECTION('',(-0.0548596961862174,-0.9386961850979214,-0.3403525904366891));
#5802=DIRECTION('',(-0.0001770369058052119,0.3408750485866148,-0.9401085947426537));
#5803=AXIS2_PLACEMENT_3D('',#323,#5801,#5802);
#5804=PLANE('',#5803);
#5805=FACE_SURFACE('',(#5800),#5804,.T.);
#5806=POLY_LOOP('',(#400,#438,#323));
#5807=FACE_OUTER_BOUND('',#5806,.T.);
#5808=DIRECTION('',(-0.16572278252587117,-0.9271191436296926,-0.336133980530425));
#5809=DIRECTION('',(0.9853324331531116,-0.16973111745179228,-0.017644941063515357));
#5810=AXIS2_PLACEMENT_3D('',#400,#5808,#5809);
#5811=PLANE('',#5810);
#5812=FACE_SURFACE('',(#5807),#5811,.T.);
#5813=POLY_LOOP('',(#400,#437,#438));
#5814=FACE_OUTER_BOUND('',#5813,.T.);
#5815=DIRECTION('',(-0.1623222470410145,-0.9003473808175015,-0.40376488451897424));
#5816=DIRECTION('',(0.8704145505443577,0.06209411692329348,-0.488387992117108));
#5817=AXIS2_PLACEMENT_3D('',#400,#5815,#5816);
#5818=PLANE('',#5817);
#5819=FACE_SURFACE('',(#5814),#5818,.T.);
#5820=POLY_LOOP('',(#111,#388,#387));
#5821=FACE_OUTER_BOUND('',#5820,.T.);
#5822=DIRECTION('',(-0.5251089506621756,-0.5076729229547277,-0.6830291305889316));
#5823=DIRECTION('',(-0.014337300203868343,0.8077497324571422,-0.5893511784481977));
#5824=AXIS2_PLACEMENT_3D('',#111,#5822,#5823);
#5825=PLANE('',#5824);
#5826=FACE_SURFACE('',(#5821),#5825,.T.);
#5827=POLY_LOOP('',(#427,#316,#450));
#5828=FACE_OUTER_BOUND('',#5827,.T.);
#5829=DIRECTION('',(-0.3933815646215237,-0.8779068258921553,-0.2730028382048115));
#5830=DIRECTION('',(0.9171275087366161,-0.3954714469846733,-0.049794250053764595));
#5831=AXIS2_PLACEMENT_3D('',#427,#5829,#5830);
#5832=PLANE('',#5831);
#5833=FACE_SURFACE('',(#5828),#5832,.T.);
#5834=POLY_LOOP('',(#450,#316,#315));
#5835=FACE_OUTER_BOUND('',#5834,.T.);
#5836=DIRECTION('',(-0.38301867906479875,-0.8845061803684277,-0.26635598055517984));
#5837=DIRECTION('',(0.5467372714755743,0.015345220062785247,-0.8371635922570146));
#5838=AXIS2_PLACEMENT_3D('',#450,#5836,#5837);
#5839=PLANE('',#5838);
#5840=FACE_SURFACE('',(#5835),#5839,.T.);
#5841=POLY_LOOP('',(#331,#176,#451));
#5842=FACE_OUTER_BOUND('',#5841,.T.);
#5843=DIRECTION('',(-0.037636337676282806,-0.2043048274243004,-0.9781835428882678));
#5844=DIRECTION('',(0.9913333857128104,-0.130925720102952,-0.010796952658025391));
#5845=AXIS2_PLACEMENT_3D('',#331,#5843,#5844);
#5846=PLANE('',#5845);
#5847=FACE_SURFACE('',(#5842),#5846,.T.);
#5848=POLY_LOOP('',(#449,#182,#181));
#5849=FACE_OUTER_BOUND('',#5848,.T.);
#5850=DIRECTION('',(0.8879328504040305,-0.37253289071921414,-0.26980455612490994));
#5851=DIRECTION('',(0.0027631087324211795,0.5908753025303781,-0.8067581682820242));
#5852=AXIS2_PLACEMENT_3D('',#449,#5850,#5851);
#5853=PLANE('',#5852);
#5854=FACE_SURFACE('',(#5849),#5853,.T.);
#5855=POLY_LOOP('',(#452,#182,#449));
#5856=FACE_OUTER_BOUND('',#5855,.T.);
#5857=DIRECTION('',(0.8524895061001457,-0.4231174221370365,-0.30697441110496226));
#5858=DIRECTION('',(0.4884106505313909,0.8540093737029488,0.17922897666114343));
#5859=AXIS2_PLACEMENT_3D('',#452,#5857,#5858);
#5860=PLANE('',#5859);
#5861=FACE_SURFACE('',(#5856),#5860,.T.);
#5862=POLY_LOOP('',(#452,#183,#182));
#5863=FACE_OUTER_BOUND('',#5862,.T.);
#5864=DIRECTION('',(0.8411021468300199,-0.406038313388837,-0.3573234762204691));
#5865=DIRECTION('',(0.008132873997907662,0.6700576973558473,-0.7422644667331946));
#5866=AXIS2_PLACEMENT_3D('',#452,#5864,#5865);
#5867=PLANE('',#5866);
#5868=FACE_SURFACE('',(#5863),#5867,.T.);
#5869=POLY_LOOP('',(#453,#183,#452));
#5870=FACE_OUTER_BOUND('',#5869,.T.);
#5871=DIRECTION('',(0.7968972386383869,-0.45274500799948286,-0.3999709349216039));
#5872=DIRECTION('',(0.5576999209500616,0.8058368957975356,0.19899169717273887));
#5873=AXIS2_PLACEMENT_3D('',#453,#5871,#5872);
#5874=PLANE('',#5873);
#5875=FACE_SURFACE('',(#5870),#5874,.T.);
#5876=POLY_LOOP('',(#453,#184,#183));
#5877=FACE_OUTER_BOUND('',#5876,.T.);
#5878=DIRECTION('',(0.77958799035857,-0.4262155976187482,-0.4588930481443136));
#5879=DIRECTION('',(0.01299396302903398,0.7435629707519633,-0.6685396513680509));
#5880=AXIS2_PLACEMENT_3D('',#453,#5878,#5879);
#5881=PLANE('',#5880);
#5882=FACE_SURFACE('',(#5877),#5881,.T.);
#5883=POLY_LOOP('',(#454,#184,#453));
#5884=FACE_OUTER_BOUND('',#5883,.T.);
#5885=DIRECTION('',(0.7281366993249119,-0.4652697735466093,-0.5033298967080237));
#5886=DIRECTION('',(0.6263269948207096,0.749944407749522,0.21283298814816626));
#5887=AXIS2_PLACEMENT_3D('',#454,#5885,#5886);
#5888=PLANE('',#5887);
#5889=FACE_SURFACE('',(#5884),#5888,.T.);
#5890=POLY_LOOP('',(#454,#185,#184));
#5891=FACE_OUTER_BOUND('',#5890,.T.);
#5892=DIRECTION('',(0.7043847634284066,-0.4274547680378981,-0.5666785035022719));
#5893=DIRECTION('',(0.01623849249257631,0.8078380545123576,-0.5891807778969523));
#5894=AXIS2_PLACEMENT_3D('',#454,#5892,#5893);
#5895=PLANE('',#5894);
#5896=FACE_SURFACE('',(#5891),#5895,.T.);
#5897=POLY_LOOP('',(#455,#185,#454));
#5898=FACE_OUTER_BOUND('',#5897,.T.);
#5899=DIRECTION('',(0.6487765813950874,-0.45688324605343117,-0.608561128325646));
#5900=DIRECTION('',(0.6904873792149235,0.6895844129250382,0.21840447933990906));
#5901=AXIS2_PLACEMENT_3D('',#455,#5899,#5900);
#5902=PLANE('',#5901);
#5903=FACE_SURFACE('',(#5898),#5902,.T.);
#5904=POLY_LOOP('',(#455,#186,#185));
#5905=FACE_OUTER_BOUND('',#5904,.T.);
#5906=DIRECTION('',(0.619543861724118,-0.4079554790232006,-0.6706248806411209));
#5907=DIRECTION('',(0.01765166934225178,0.8613650657527318,-0.5076796648184995));
#5908=AXIS2_PLACEMENT_3D('',#455,#5906,#5907);
#5909=PLANE('',#5908);
#5910=FACE_SURFACE('',(#5905),#5909,.T.);
#5911=POLY_LOOP('',(#456,#186,#455));
#5912=FACE_OUTER_BOUND('',#5911,.T.);
#5913=DIRECTION('',(0.5632935589816616,-0.4280760570139511,-0.7067186539360355));
#5914=DIRECTION('',(0.7472020745906648,0.6290116502466828,0.21455396426389203));
#5915=AXIS2_PLACEMENT_3D('',#456,#5913,#5914);
#5916=PLANE('',#5915);
#5917=FACE_SURFACE('',(#5912),#5916,.T.);
#5918=POLY_LOOP('',(#456,#187,#186));
#5919=FACE_OUTER_BOUND('',#5918,.T.);
#5920=DIRECTION('',(0.5307019380082295,-0.37038670729408124,-0.7623445022128499));
#5921=DIRECTION('',(0.017626086503557462,0.9040879595670812,-0.42698276597586554));
#5922=AXIS2_PLACEMENT_3D('',#456,#5920,#5921);
#5923=PLANE('',#5922);
#5924=FACE_SURFACE('',(#5919),#5923,.T.);
#5925=POLY_LOOP('',(#457,#187,#456));
#5926=FACE_OUTER_BOUND('',#5925,.T.);
#5927=DIRECTION('',(0.4609673733778953,-0.38630282846331326,-0.7989237794698116));
#5928=DIRECTION('',(0.8053099282364498,0.5603088014509687,0.19372652503047405));
#5929=AXIS2_PLACEMENT_3D('',#457,#5927,#5928);
#5930=PLANE('',#5929);
#5931=FACE_SURFACE('',(#5926),#5930,.T.);
#5932=POLY_LOOP('',(#457,#188,#187));
#5933=FACE_OUTER_BOUND('',#5932,.T.);
#5934=DIRECTION('',(0.42737698283801817,-0.3221929557273685,-0.8447133323322973));
#5935=DIRECTION('',(0.015511027330134939,0.9368170245093306,-0.34947570819822094));
#5936=AXIS2_PLACEMENT_3D('',#457,#5934,#5935);
#5937=PLANE('',#5936);
#5938=FACE_SURFACE('',(#5933),#5937,.T.);
#5939=POLY_LOOP('',(#458,#188,#457));
#5940=FACE_OUTER_BOUND('',#5939,.T.);
#5941=DIRECTION('',(0.3604279774676299,-0.33125841562253877,-0.8719859718698685));
#5942=DIRECTION('',(0.8523214741144257,0.4967798719846268,0.16357831015862134));
#5943=AXIS2_PLACEMENT_3D('',#458,#5941,#5942);
#5944=PLANE('',#5943);
#5945=FACE_SURFACE('',(#5940),#5944,.T.);
#5946=POLY_LOOP('',(#458,#189,#188));
#5947=FACE_OUTER_BOUND('',#5946,.T.);
#5948=DIRECTION('',(0.3288824375215919,-0.2658799227789417,-0.9061700772773951));
#5949=DIRECTION('',(0.014316425983869317,0.9608423867030766,-0.2767254015477863));
#5950=AXIS2_PLACEMENT_3D('',#458,#5948,#5949);
#5951=PLANE('',#5950);
#5952=FACE_SURFACE('',(#5947),#5951,.T.);
#5953=POLY_LOOP('',(#459,#189,#458));
#5954=FACE_OUTER_BOUND('',#5953,.T.);
#5955=DIRECTION('',(0.25977923649847257,-0.2708244922191112,-0.9269136112381408));
#5956=DIRECTION('',(0.5787882337456729,0.8120178126615932,-0.07504167107578326));
#5957=AXIS2_PLACEMENT_3D('',#459,#5955,#5956);
#5958=PLANE('',#5957);
#5959=FACE_SURFACE('',(#5954),#5958,.T.);
#5960=POLY_LOOP('',(#459,#190,#189));
#5961=FACE_OUTER_BOUND('',#5960,.T.);
#5962=DIRECTION('',(0.25676085513608804,-0.2688050034722674,-0.9283413883793284));
#5963=DIRECTION('',(0.010730300453074932,0.9612773027359448,-0.27537394193513176));
#5964=AXIS2_PLACEMENT_3D('',#459,#5962,#5963);
#5965=PLANE('',#5964);
#5966=FACE_SURFACE('',(#5961),#5965,.T.);
#5967=POLY_LOOP('',(#460,#190,#459));
#5968=FACE_OUTER_BOUND('',#5967,.T.);
#5969=DIRECTION('',(0.1765268298183981,-0.2728855735746078,-0.9457122935063939));
#5970=DIRECTION('',(0.6091223474780342,0.7850111121229862,-0.11281630930978527));
#5971=AXIS2_PLACEMENT_3D('',#460,#5969,#5970);
#5972=PLANE('',#5971);
#5973=FACE_SURFACE('',(#5968),#5972,.T.);
#5974=POLY_LOOP('',(#460,#192,#190));
#5975=FACE_OUTER_BOUND('',#5974,.T.);
#5976=DIRECTION('',(0.17330251457452323,-0.2705650953623397,-0.9469745337725378));
#5977=DIRECTION('',(0.007642375460551871,0.9618641893542104,-0.2734206929537116));
#5978=AXIS2_PLACEMENT_3D('',#460,#5976,#5977);
#5979=PLANE('',#5978);
#5980=FACE_SURFACE('',(#5975),#5979,.T.);
#5981=POLY_LOOP('',(#461,#192,#460));
#5982=FACE_OUTER_BOUND('',#5981,.T.);
#5983=DIRECTION('',(0.10736748046802873,-0.2726373014403672,-0.9561072774543982));
#5984=DIRECTION('',(0.639398116601132,0.7553492247458843,-0.14358829047912233));
#5985=AXIS2_PLACEMENT_3D('',#461,#5983,#5984);
#5986=PLANE('',#5985);
#5987=FACE_SURFACE('',(#5982),#5986,.T.);
#5988=POLY_LOOP('',(#461,#194,#192));
#5989=FACE_OUTER_BOUND('',#5988,.T.);
#5990=DIRECTION('',(0.1045119109106201,-0.2704008696088336,-0.9570583212075412));
#5991=DIRECTION('',(0.004907460980388268,0.9624568836737498,-0.2713902428160233));
#5992=AXIS2_PLACEMENT_3D('',#461,#5990,#5991);
#5993=PLANE('',#5992);
#5994=FACE_SURFACE('',(#5989),#5993,.T.);
#5995=POLY_LOOP('',(#462,#194,#461));
#5996=FACE_OUTER_BOUND('',#5995,.T.);
#5997=DIRECTION('',(0.05334758989049699,-0.27125901655583257,-0.9610268365607894));
#5998=DIRECTION('',(0.669999231159554,0.723339260611889,-0.16697707717843266));
#5999=AXIS2_PLACEMENT_3D('',#462,#5997,#5998);
#6000=PLANE('',#5999);
#6001=FACE_SURFACE('',(#5996),#6000,.T.);
#6002=POLY_LOOP('',(#462,#180,#194));
#6003=FACE_OUTER_BOUND('',#6002,.T.);
#6004=DIRECTION('',(0.05137348540854193,-0.2695652873521171,-0.9616107948914409));
#6005=DIRECTION('',(0.0024002811977559342,0.9629128178534329,-0.269802045699682));
#6006=AXIS2_PLACEMENT_3D('',#462,#6004,#6005);
#6007=PLANE('',#6006);
#6008=FACE_SURFACE('',(#6003),#6007,.T.);
#6009=POLY_LOOP('',(#463,#180,#462));
#6010=FACE_OUTER_BOUND('',#6009,.T.);
#6011=DIRECTION('',(0.014493906623631595,-0.2698079814764573,-0.9628050580477778));
#6012=DIRECTION('',(0.7013103041256719,0.6890868870505276,-0.18254621174423508));
#6013=AXIS2_PLACEMENT_3D('',#463,#6011,#6012);
#6014=PLANE('',#6013);
#6015=FACE_SURFACE('',(#6010),#6014,.T.);
#6016=POLY_LOOP('',(#463,#178,#180));
#6017=FACE_OUTER_BOUND('',#6016,.T.);
#6018=DIRECTION('',(0.013782177604003226,-0.26913619904592045,-0.963003508790911));
#6019=DIRECTION('',(7.359650576743838e-07,0.9630949850499547,-0.269161753915904));
#6020=AXIS2_PLACEMENT_3D('',#463,#6018,#6019);
#6021=PLANE('',#6020);
#6022=FACE_SURFACE('',(#6017),#6021,.T.);
#6023=POLY_LOOP('',(#451,#178,#463));
#6024=FACE_OUTER_BOUND('',#6023,.T.);
#6025=DIRECTION('',(-0.013743733260186276,-0.2691363219645087,-0.9630040238729479));
#6026=DIRECTION('',(0.998878907719784,-0.047327254961110926,-0.001028907370534224));
#6027=AXIS2_PLACEMENT_3D('',#451,#6025,#6026);
#6028=PLANE('',#6027);
#6029=FACE_SURFACE('',(#6024),#6028,.T.);
#6030=POLY_LOOP('',(#451,#176,#178));
#6031=FACE_OUTER_BOUND('',#6030,.T.);
#6032=DIRECTION('',(-0.010750170492414434,-0.20561633975903795,-0.9785736327218714));
#6033=DIRECTION('',(0.04469793986156731,0.9775531630442216,-0.20589295178409855));
#6034=AXIS2_PLACEMENT_3D('',#451,#6032,#6033);
#6035=PLANE('',#6034);
#6036=FACE_SURFACE('',(#6031),#6035,.T.);
#6037=POLY_LOOP('',(#401,#436,#437));
#6038=FACE_OUTER_BOUND('',#6037,.T.);
#6039=DIRECTION('',(-0.15763208440988175,-0.8721293964815732,-0.46318726424339746));
#6040=DIRECTION('',(0.8736994672010868,0.09542630298975477,-0.4770147395104733));
#6041=AXIS2_PLACEMENT_3D('',#401,#6039,#6040);
#6042=PLANE('',#6041);
#6043=FACE_SURFACE('',(#6038),#6042,.T.);
#6044=POLY_LOOP('',(#343,#275,#273));
#6045=FACE_OUTER_BOUND('',#6044,.T.);
#6046=DIRECTION('',(0.007442388273048102,0.7836324212851294,0.6211801986280621));
#6047=DIRECTION('',(0.9842357559476462,-0.1155120811821901,0.13392884609046898));
#6048=AXIS2_PLACEMENT_3D('',#343,#6046,#6047);
#6049=PLANE('',#6048);
#6050=FACE_SURFACE('',(#6045),#6049,.T.);
#6051=POLY_LOOP('',(#417,#435,#415));
#6052=FACE_OUTER_BOUND('',#6051,.T.);
#6053=DIRECTION('',(-0.8610060950273941,-0.43543648475177615,-0.2627994902443575));
#6054=DIRECTION('',(-0.0021348335113470164,0.5198066611655532,-0.8542812636911796));
#6055=AXIS2_PLACEMENT_3D('',#417,#6053,#6054);
#6056=PLANE('',#6055);
#6057=FACE_SURFACE('',(#6052),#6056,.T.);
#6058=POLY_LOOP('',(#307,#341,#305));
#6059=FACE_OUTER_BOUND('',#6058,.T.);
#6060=DIRECTION('',(-0.9432656157682204,-0.31868803179930033,-0.09320899365022542));
#6061=DIRECTION('',(0.10939667325194435,-0.5633242854307178,0.8189616091889648));
#6062=AXIS2_PLACEMENT_3D('',#307,#6060,#6061);
#6063=PLANE('',#6062);
#6064=FACE_SURFACE('',(#6059),#6063,.T.);
#6065=POLY_LOOP('',(#464,#465,#466));
#6066=FACE_OUTER_BOUND('',#6065,.T.);
#6067=DIRECTION('',(0.762483471572491,-0.5208489234965481,-0.38384287732254374));
#6068=DIRECTION('',(0.009106190800492549,0.6018387691584112,-0.7985656975020863));
#6069=AXIS2_PLACEMENT_3D('',#464,#6067,#6068);
#6070=PLANE('',#6069);
#6071=FACE_SURFACE('',(#6066),#6070,.T.);
#6072=POLY_LOOP('',(#467,#465,#464));
#6073=FACE_OUTER_BOUND('',#6072,.T.);
#6074=DIRECTION('',(0.7103345453722679,-0.5659746675984043,-0.41844654292710903));
#6075=DIRECTION('',(0.6756078772534759,0.7150018888705695,0.17979514761130314));
#6076=AXIS2_PLACEMENT_3D('',#467,#6074,#6075);
#6077=PLANE('',#6076);
#6078=FACE_SURFACE('',(#6073),#6077,.T.);
#6079=POLY_LOOP('',(#467,#468,#465));
#6080=FACE_OUTER_BOUND('',#6079,.T.);
#6081=DIRECTION('',(0.6947091444591691,-0.5357425890355519,-0.4799573761265606));
#6082=DIRECTION('',(0.011204286967301733,0.6752437870175327,-0.7375095199709462));
#6083=AXIS2_PLACEMENT_3D('',#467,#6081,#6082);
#6084=PLANE('',#6083);
#6085=FACE_SURFACE('',(#6080),#6084,.T.);
#6086=POLY_LOOP('',(#469,#468,#467));
#6087=FACE_OUTER_BOUND('',#6086,.T.);
#6088=DIRECTION('',(0.6404862759566078,-0.5712420113659099,-0.513283444854659));
#6089=DIRECTION('',(0.7317445527866876,0.656794466958796,0.18212890390962544));
#6090=AXIS2_PLACEMENT_3D('',#469,#6088,#6089);
#6091=PLANE('',#6090);
#6092=FACE_SURFACE('',(#6087),#6091,.T.);
#6093=POLY_LOOP('',(#469,#470,#468));
#6094=FACE_OUTER_BOUND('',#6093,.T.);
#6095=DIRECTION('',(0.6194670579409176,-0.5294271350220857,-0.579627011817367));
#6096=DIRECTION('',(0.012400186907448757,0.7448640866530792,-0.6671009876916196));
#6097=AXIS2_PLACEMENT_3D('',#469,#6095,#6096);
#6098=PLANE('',#6097);
#6099=FACE_SURFACE('',(#6094),#6098,.T.);
#6100=POLY_LOOP('',(#471,#470,#469));
#6101=FACE_OUTER_BOUND('',#6100,.T.);
#6102=DIRECTION('',(0.5514251578486274,-0.5616299877940792,-0.616848483909978));
#6103=DIRECTION('',(0.7898749080590525,0.5893862194214463,0.16947422805488183));
#6104=AXIS2_PLACEMENT_3D('',#471,#6102,#6103);
#6105=PLANE('',#6104);
#6106=FACE_SURFACE('',(#6101),#6105,.T.);
#6107=POLY_LOOP('',(#471,#472,#470));
#6108=FACE_OUTER_BOUND('',#6107,.T.);
#6109=DIRECTION('',(0.5249624226808081,-0.5069487764782988,-0.6836793055228835));
#6110=DIRECTION('',(0.011817683714961332,0.8075291114328482,-0.5897093152902433));
#6111=AXIS2_PLACEMENT_3D('',#471,#6109,#6110);
#6112=PLANE('',#6111);
#6113=FACE_SURFACE('',(#6108),#6112,.T.);
#6114=POLY_LOOP('',(#473,#472,#471));
#6115=FACE_OUTER_BOUND('',#6114,.T.);
#6116=DIRECTION('',(0.45867964613168477,-0.5284213919887782,-0.7144115163637513));
#6117=DIRECTION('',(0.8366132479304128,0.5277656499598532,0.14677088304489924));
#6118=AXIS2_PLACEMENT_3D('',#473,#6116,#6117);
#6119=PLANE('',#6118);
#6120=FACE_SURFACE('',(#6115),#6119,.T.);
#6121=POLY_LOOP('',(#473,#474,#472));
#6122=FACE_OUTER_BOUND('',#6121,.T.);
#6123=DIRECTION('',(0.4284198599474783,-0.46340988756278384,-0.7756982014363777));
#6124=DIRECTION('',(0.011604351290232708,0.8612232648975221,-0.5080943091891359));
#6125=AXIS2_PLACEMENT_3D('',#473,#6123,#6124);
#6126=PLANE('',#6125);
#6127=FACE_SURFACE('',(#6122),#6126,.T.);
#6128=POLY_LOOP('',(#475,#474,#473));
#6129=FACE_OUTER_BOUND('',#6128,.T.);
#6130=DIRECTION('',(0.3543347967904793,-0.47869753057674336,-0.8033028855937077));
#6131=DIRECTION('',(0.640365183440036,0.7502251611659967,-0.1646044938367821));
#6132=AXIS2_PLACEMENT_3D('',#475,#6130,#6131);
#6133=PLANE('',#6132);
#6134=FACE_SURFACE('',(#6129),#6133,.T.);
#6135=POLY_LOOP('',(#475,#476,#474));
#6136=FACE_OUTER_BOUND('',#6135,.T.);
#6137=DIRECTION('',(0.351345714351193,-0.4766946847695101,-0.8058029328064941));
#6138=DIRECTION('',(0.008706131862758815,0.8623008330992498,-0.5063215149530268));
#6139=AXIS2_PLACEMENT_3D('',#475,#6137,#6138);
#6140=PLANE('',#6139);
#6141=FACE_SURFACE('',(#6136),#6140,.T.);
#6142=POLY_LOOP('',(#477,#476,#475));
#6143=FACE_OUTER_BOUND('',#6142,.T.);
#6144=DIRECTION('',(0.25803413041877465,-0.49112984796547443,-0.83199150234629));
#6145=DIRECTION('',(0.676876767091198,0.7063762984183535,-0.2070516051735729));
#6146=AXIS2_PLACEMENT_3D('',#477,#6144,#6145);
#6147=PLANE('',#6146);
#6148=FACE_SURFACE('',(#6143),#6147,.T.);
#6149=POLY_LOOP('',(#464,#466,#478));
#6150=FACE_OUTER_BOUND('',#6149,.T.);
#6151=DIRECTION('',(0.7731824543848481,-0.5409797615659404,-0.3309528513360786));
#6152=DIRECTION('',(0.6127270400881267,0.7718321657518289,0.16982544643157793));
#6153=AXIS2_PLACEMENT_3D('',#464,#6151,#6152);
#6154=PLANE('',#6153);
#6155=FACE_SURFACE('',(#6150),#6154,.T.);
#6156=POLY_LOOP('',(#477,#479,#476));
#6157=FACE_OUTER_BOUND('',#6156,.T.);
#6158=DIRECTION('',(0.25452795017668334,-0.4885335234714603,-0.8345960214519453));
#6159=DIRECTION('',(0.006213295817282869,0.8638274998155423,-0.5037493876100657));
#6160=AXIS2_PLACEMENT_3D('',#477,#6158,#6159);
#6161=PLANE('',#6160);
#6162=FACE_SURFACE('',(#6157),#6161,.T.);
#6163=POLY_LOOP('',(#480,#481,#479));
#6164=FACE_OUTER_BOUND('',#6163,.T.);
#6165=DIRECTION('',(0.1666712914854125,-0.49462170434988056,-0.8529771686162555));
#6166=DIRECTION('',(0.003993929761886936,0.8654089933469942,-0.5010502197975761));
#6167=AXIS2_PLACEMENT_3D('',#480,#6165,#6166);
#6168=PLANE('',#6167);
#6169=FACE_SURFACE('',(#6164),#6168,.T.);
#6170=POLY_LOOP('',(#482,#481,#480));
#6171=FACE_OUTER_BOUND('',#6170,.T.);
#6172=DIRECTION('',(0.09290517631052411,-0.49920822345417304,-0.8614869574465066));
#6173=DIRECTION('',(0.7473250516193485,0.6066962606923144,-0.27097032030113827));
#6174=AXIS2_PLACEMENT_3D('',#482,#6172,#6173);
#6175=PLANE('',#6174);
#6176=FACE_SURFACE('',(#6171),#6175,.T.);
#6177=POLY_LOOP('',(#482,#483,#481));
#6178=FACE_OUTER_BOUND('',#6177,.T.);
#6179=DIRECTION('',(0.09058336017989571,-0.4970225157028917,-0.8629966823475558));
#6180=DIRECTION('',(0.001955171643927242,0.8666462980035982,-0.4989192033390792));
#6181=AXIS2_PLACEMENT_3D('',#482,#6179,#6180);
#6182=PLANE('',#6181);
#6183=FACE_SURFACE('',(#6178),#6182,.T.);
#6184=POLY_LOOP('',(#484,#483,#482));
#6185=FACE_OUTER_BOUND('',#6184,.T.);
#6186=DIRECTION('',(0.02819819795074917,-0.49876954186737854,-0.8662758254376811));
#6187=DIRECTION('',(0.7816216842691877,0.5512208698911393,-0.2919299492629252));
#6188=AXIS2_PLACEMENT_3D('',#484,#6186,#6187);
#6189=PLANE('',#6188);
#6190=FACE_SURFACE('',(#6185),#6189,.T.);
#6191=POLY_LOOP('',(#484,#485,#483));
#6192=FACE_OUTER_BOUND('',#6191,.T.);
#6193=DIRECTION('',(0.027362429044144623,-0.4978719842066346,-0.8668187727656531));
#6194=DIRECTION('',(1.3623367857060422e-06,0.8671434683652726,-0.4980584355972596));
#6195=AXIS2_PLACEMENT_3D('',#484,#6193,#6194);
#6196=PLANE('',#6195);
#6197=FACE_SURFACE('',(#6192),#6196,.T.);
#6198=POLY_LOOP('',(#486,#485,#484));
#6199=FACE_OUTER_BOUND('',#6198,.T.);
#6200=DIRECTION('',(-0.027284014024534627,-0.49787298716465805,-0.8668206684375086));
#6201=DIRECTION('',(0.998674977788004,-0.05142656766996301,-0.0018965436500413936));
#6202=AXIS2_PLACEMENT_3D('',#486,#6200,#6201);
#6203=PLANE('',#6202);
#6204=FACE_SURFACE('',(#6199),#6203,.T.);
#6205=POLY_LOOP('',(#486,#487,#485));
#6206=FACE_OUTER_BOUND('',#6205,.T.);
#6207=DIRECTION('',(-0.023256424402675755,-0.4181376574943975,-0.9080859200037741));
#6208=DIRECTION('',(-0.0021302782053022186,0.9083502586184847,-0.4182048177418572));
#6209=AXIS2_PLACEMENT_3D('',#486,#6207,#6208);
#6210=PLANE('',#6209);
#6211=FACE_SURFACE('',(#6206),#6210,.T.);
#6212=POLY_LOOP('',(#488,#487,#486));
#6213=FACE_OUTER_BOUND('',#6212,.T.);
#6214=DIRECTION('',(-0.07655894948305078,-0.41712649607729346,-0.9056181389108389));
#6215=DIRECTION('',(0.9882861551110856,-0.1520111067805859,-0.013531409057761228));
#6216=AXIS2_PLACEMENT_3D('',#488,#6214,#6215);
#6217=PLANE('',#6216);
#6218=FACE_SURFACE('',(#6213),#6217,.T.);
#6219=POLY_LOOP('',(#488,#489,#487));
#6220=FACE_OUTER_BOUND('',#6219,.T.);
#6221=DIRECTION('',(-0.0655243814818032,-0.3425747338517534,-0.9372028100458445));
#6222=DIRECTION('',(-0.0046592838347122795,0.9393160251514215,-0.3430214220247502));
#6223=AXIS2_PLACEMENT_3D('',#488,#6221,#6222);
#6224=PLANE('',#6223);
#6225=FACE_SURFACE('',(#6220),#6224,.T.);
#6226=POLY_LOOP('',(#490,#489,#488));
#6227=FACE_OUTER_BOUND('',#6226,.T.);
#6228=DIRECTION('',(-0.12375755205722319,-0.3409297186831385,-0.9319071816589032));
#6229=DIRECTION('',(0.9682661235647424,-0.2469800224620789,-0.03823064819667618));
#6230=AXIS2_PLACEMENT_3D('',#490,#6228,#6229);
#6231=PLANE('',#6230);
#6232=FACE_SURFACE('',(#6227),#6231,.T.);
#6233=POLY_LOOP('',(#490,#491,#489));
#6234=FACE_OUTER_BOUND('',#6233,.T.);
#6235=DIRECTION('',(-0.10729502347107595,-0.2726426288825962,-0.9561138921981671));
#6236=DIRECTION('',(-0.007639919158942696,0.9618630707640388,-0.27342469664538094));
#6237=AXIS2_PLACEMENT_3D('',#490,#6235,#6236);
#6238=PLANE('',#6237);
#6239=FACE_SURFACE('',(#6234),#6238,.T.);
#6240=POLY_LOOP('',(#492,#491,#490));
#6241=FACE_OUTER_BOUND('',#6240,.T.);
#6242=DIRECTION('',(-0.173208680178241,-0.2705724469090677,-0.9469896008323172));
#6243=DIRECTION('',(0.9397115562048524,-0.33326541097374734,-0.07665740005735784));
#6244=AXIS2_PLACEMENT_3D('',#492,#6242,#6243);
#6245=PLANE('',#6244);
#6246=FACE_SURFACE('',(#6241),#6245,.T.);
#6247=POLY_LOOP('',(#480,#479,#477));
#6248=FACE_OUTER_BOUND('',#6247,.T.);
#6249=DIRECTION('',(0.16994605162285475,-0.49734300021652533,-0.8507457197502832));
#6250=DIRECTION('',(0.712464346242316,0.6584381686076243,-0.24259788427384726));
#6251=AXIS2_PLACEMENT_3D('',#480,#6249,#6250);
#6252=PLANE('',#6251);
#6253=FACE_SURFACE('',(#6248),#6252,.T.);
#6254=POLY_LOOP('',(#492,#327,#491));
#6255=FACE_OUTER_BOUND('',#6254,.T.);
#6256=DIRECTION('',(-0.15454719492453503,-0.21391331070971087,-0.9645497706402549));
#6257=DIRECTION('',(0.18743873306070635,0.9522004724566839,-0.24120734151734521));
#6258=AXIS2_PLACEMENT_3D('',#492,#6256,#6257);
#6259=PLANE('',#6258);
#6260=FACE_SURFACE('',(#6255),#6259,.T.);
#6261=POLY_LOOP('',(#478,#466,#493));
#6262=FACE_OUTER_BOUND('',#6261,.T.);
#6263=DIRECTION('',(0.8202496746191805,-0.48835080942328807,-0.2978320973682114));
#6264=DIRECTION('',(0.006415562873846173,0.5285019681977504,-0.848907833727617));
#6265=AXIS2_PLACEMENT_3D('',#478,#6263,#6264);
#6266=PLANE('',#6265);
#6267=FACE_SURFACE('',(#6262),#6266,.T.);
#6268=POLY_LOOP('',(#494,#493,#495));
#6269=FACE_OUTER_BOUND('',#6268,.T.);
#6270=DIRECTION('',(0.8692157131014697,-0.44733436548090116,-0.21060866448772475));
#6271=DIRECTION('',(0.002968922795803508,0.43067443517049037,-0.9025024744497998));
#6272=AXIS2_PLACEMENT_3D('',#494,#6270,#6271);
#6273=PLANE('',#6272);
#6274=FACE_SURFACE('',(#6269),#6273,.T.);
#6275=POLY_LOOP('',(#496,#455,#454));
#6276=FACE_OUTER_BOUND('',#6275,.T.);
#6277=DIRECTION('',(0.6490470256980969,-0.4563157728144075,-0.6086985082232779));
#6278=DIRECTION('',(0.015634896875820883,0.8079634811065602,-0.5890250955586286));
#6279=AXIS2_PLACEMENT_3D('',#496,#6277,#6278);
#6280=PLANE('',#6279);
#6281=FACE_SURFACE('',(#6276),#6280,.T.);
#6282=POLY_LOOP('',(#497,#455,#496));
#6283=FACE_OUTER_BOUND('',#6282,.T.);
#6284=DIRECTION('',(0.593326282721465,-0.4816663036749796,-0.6449507687692217));
#6285=DIRECTION('',(0.7411122469922091,0.6395993236467209,0.20412090179306913));
#6286=AXIS2_PLACEMENT_3D('',#497,#6284,#6285);
#6287=PLANE('',#6286);
#6288=FACE_SURFACE('',(#6283),#6287,.T.);
#6289=POLY_LOOP('',(#497,#456,#455));
#6290=FACE_OUTER_BOUND('',#6289,.T.);
#6291=DIRECTION('',(0.5636337729082432,-0.4275296914956994,-0.706778135574956));
#6292=DIRECTION('',(0.01609635158309936,0.8611601047805507,-0.5080789125717227));
#6293=AXIS2_PLACEMENT_3D('',#497,#6291,#6292);
#6294=PLANE('',#6293);
#6295=FACE_SURFACE('',(#6290),#6294,.T.);
#6296=POLY_LOOP('',(#498,#456,#497));
#6297=FACE_OUTER_BOUND('',#6296,.T.);
#6298=DIRECTION('',(0.494077751023088,-0.44862200998449486,-0.7447318095136256));
#6299=DIRECTION('',(0.7993225826060701,0.5713532821646604,0.18611511463508865));
#6300=AXIS2_PLACEMENT_3D('',#498,#6298,#6299);
#6301=PLANE('',#6300);
#6302=FACE_SURFACE('',(#6297),#6301,.T.);
#6303=POLY_LOOP('',(#498,#457,#456));
#6304=FACE_OUTER_BOUND('',#6303,.T.);
#6305=DIRECTION('',(0.461422156044555,-0.385195515298312,-0.7991958514064386));
#6306=DIRECTION('',(0.014480896291334268,0.9039764795487183,-0.42733690229759624));
#6307=AXIS2_PLACEMENT_3D('',#498,#6305,#6306);
#6308=PLANE('',#6307);
#6309=FACE_SURFACE('',(#6304),#6308,.T.);
#6310=POLY_LOOP('',(#499,#457,#498));
#6311=FACE_OUTER_BOUND('',#6310,.T.);
#6312=DIRECTION('',(0.39417111394205756,-0.39793299675986166,-0.8284192555846305));
#6313=DIRECTION('',(0.8463361978854427,0.5085467969858268,0.15841463134530534));
#6314=AXIS2_PLACEMENT_3D('',#499,#6312,#6313);
#6315=PLANE('',#6314);
#6316=FACE_SURFACE('',(#6311),#6315,.T.);
#6317=POLY_LOOP('',(#499,#458,#457));
#6318=FACE_OUTER_BOUND('',#6317,.T.);
#6319=DIRECTION('',(0.3615946570042602,-0.33016897253576094,-0.8719161390871553));
#6320=DIRECTION('',(0.013584925517814756,0.936962330036642,-0.3491662095492377));
#6321=AXIS2_PLACEMENT_3D('',#499,#6319,#6320);
#6322=PLANE('',#6321);
#6323=FACE_SURFACE('',(#6318),#6322,.T.);
#6324=POLY_LOOP('',(#500,#458,#499));
#6325=FACE_OUTER_BOUND('',#6324,.T.);
#6326=DIRECTION('',(0.290375047645799,-0.3378463913296908,-0.8952888626416646));
#6327=DIRECTION('',(0.6001148626560061,0.7930423131861823,-0.10462332969119323));
#6328=AXIS2_PLACEMENT_3D('',#500,#6326,#6327);
#6329=PLANE('',#6328);
#6330=FACE_SURFACE('',(#6325),#6329,.T.);
#6331=POLY_LOOP('',(#500,#459,#458));
#6332=FACE_OUTER_BOUND('',#6331,.T.);
#6333=DIRECTION('',(0.2872594457680382,-0.33572631057620833,-0.8970896583976024));
#6334=DIRECTION('',(0.010185140166229187,0.937580817312753,-0.34761828767621566));
#6335=AXIS2_PLACEMENT_3D('',#500,#6333,#6334);
#6336=PLANE('',#6335);
#6337=FACE_SURFACE('',(#6332),#6336,.T.);
#6338=POLY_LOOP('',(#501,#459,#500));
#6339=FACE_OUTER_BOUND('',#6338,.T.);
#6340=DIRECTION('',(0.20240660459279536,-0.3423730998965055,-0.9175032571519697));
#6341=DIRECTION('',(0.6328453929461645,0.7607207184721885,-0.14425913182177452));
#6342=AXIS2_PLACEMENT_3D('',#501,#6340,#6341);
#6343=PLANE('',#6342);
#6344=FACE_SURFACE('',(#6339),#6343,.T.);
#6345=POLY_LOOP('',(#501,#460,#459));
#6346=FACE_OUTER_BOUND('',#6345,.T.);
#6347=DIRECTION('',(0.19895651908644432,-0.3398253842472746,-0.9192034659063233));
#6348=DIRECTION('',(0.007257839150724897,0.9384399670856076,-0.3453661129109597));
#6349=AXIS2_PLACEMENT_3D('',#501,#6347,#6348);
#6350=PLANE('',#6349);
#6351=FACE_SURFACE('',(#6346),#6350,.T.);
#6352=POLY_LOOP('',(#502,#460,#501));
#6353=FACE_OUTER_BOUND('',#6352,.T.);
#6354=DIRECTION('',(0.12694078609971426,-0.3434457239493466,-0.9305541744172103));
#6355=DIRECTION('',(0.6653349091251559,0.7252779321710372,-0.17692195964640745));
#6356=AXIS2_PLACEMENT_3D('',#502,#6354,#6355);
#6357=PLANE('',#6356);
#6358=FACE_SURFACE('',(#6353),#6357,.T.);
#6359=POLY_LOOP('',(#478,#493,#494));
#6360=FACE_OUTER_BOUND('',#6359,.T.);
#6361=DIRECTION('',(0.8292528052903257,-0.5054425280258676,-0.2384693602560821));
#6362=DIRECTION('',(0.54618950284929,0.8233426949105033,0.15422008207349439));
#6363=AXIS2_PLACEMENT_3D('',#478,#6361,#6362);
#6364=PLANE('',#6363);
#6365=FACE_SURFACE('',(#6360),#6364,.T.);
#6366=POLY_LOOP('',(#502,#461,#460));
#6367=FACE_OUTER_BOUND('',#6366,.T.);
#6368=DIRECTION('',(0.12383909875433727,-0.34092794947102706,-0.9318969958580156));
#6369=DIRECTION('',(0.004661698272268072,0.939315615955976,-0.3430225097431124));
#6370=AXIS2_PLACEMENT_3D('',#502,#6368,#6369);
#6371=PLANE('',#6370);
#6372=FACE_SURFACE('',(#6367),#6371,.T.);
#6373=POLY_LOOP('',(#503,#462,#461));
#6374=FACE_OUTER_BOUND('',#6373,.T.);
#6375=DIRECTION('',(0.06342714779855861,-0.3406329551660695,-0.9380544689819299));
#6376=DIRECTION('',(0.002278846510898365,0.939994063102212,-0.34118318861159386));
#6377=AXIS2_PLACEMENT_3D('',#503,#6375,#6376);
#6378=PLANE('',#6377);
#6379=FACE_SURFACE('',(#6374),#6378,.T.);
#6380=POLY_LOOP('',(#504,#462,#503));
#6381=FACE_OUTER_BOUND('',#6380,.T.);
#6382=DIRECTION('',(0.018710789165757052,-0.3411644264278516,-0.9398173974283247));
#6383=DIRECTION('',(0.7310240524622488,0.6459374506681153,-0.21992872605925687));
#6384=AXIS2_PLACEMENT_3D('',#504,#6382,#6383);
#6385=PLANE('',#6384);
#6386=FACE_SURFACE('',(#6381),#6385,.T.);
#6387=POLY_LOOP('',(#504,#463,#462));
#6388=FACE_OUTER_BOUND('',#6387,.T.);
#6389=DIRECTION('',(0.017926361324859644,-0.3403788435372025,-0.9401174865100249));
#6390=DIRECTION('',(2.4620476402897445e-06,0.9402685934109907,-0.34043350633986597));
#6391=AXIS2_PLACEMENT_3D('',#504,#6389,#6390);
#6392=PLANE('',#6391);
#6393=FACE_SURFACE('',(#6388),#6392,.T.);
#6394=POLY_LOOP('',(#505,#463,#504));
#6395=FACE_OUTER_BOUND('',#6394,.T.);
#6396=DIRECTION('',(-0.01787869099689281,-0.3403790512280967,-0.9401183190924949));
#6397=DIRECTION('',(0.9988038646852933,-0.04887899407556944,-0.0012976239373382432));
#6398=AXIS2_PLACEMENT_3D('',#505,#6396,#6397);
#6399=PLANE('',#6398);
#6400=FACE_SURFACE('',(#6395),#6399,.T.);
#6401=POLY_LOOP('',(#505,#451,#463));
#6402=FACE_OUTER_BOUND('',#6401,.T.);
#6403=DIRECTION('',(-0.014454560589635141,-0.26980733411988317,-0.9628058309614054));
#6404=DIRECTION('',(-0.00239713331437733,0.9629130118305343,-0.2698013813888325));
#6405=AXIS2_PLACEMENT_3D('',#505,#6403,#6404);
#6406=PLANE('',#6405);
#6407=FACE_SURFACE('',(#6402),#6406,.T.);
#6408=POLY_LOOP('',(#506,#451,#505));
#6409=FACE_OUTER_BOUND('',#6408,.T.);
#6410=DIRECTION('',(-0.051320136089502144,-0.2695650830994762,-0.9616137008203073));
#6411=DIRECTION('',(0.9896088789727101,-0.14322670124626352,-0.012664071560500688));
#6412=AXIS2_PLACEMENT_3D('',#506,#6410,#6411);
#6413=PLANE('',#6412);
#6414=FACE_SURFACE('',(#6409),#6413,.T.);
#6415=POLY_LOOP('',(#506,#331,#451));
#6416=FACE_OUTER_BOUND('',#6415,.T.);
#6417=DIRECTION('',(-0.042605981250430656,-0.20797699433964364,-0.9772053521072915));
#6418=DIRECTION('',(0.09062278321012761,0.9732571273709778,-0.21108783760520816));
#6419=AXIS2_PLACEMENT_3D('',#506,#6417,#6418);
#6420=PLANE('',#6419);
#6421=FACE_SURFACE('',(#6416),#6420,.T.);
#6422=POLY_LOOP('',(#329,#331,#506));
#6423=FACE_OUTER_BOUND('',#6422,.T.);
#6424=DIRECTION('',(-0.07995791434469632,-0.20416509231932073,-0.975665591794591));
#6425=DIRECTION('',(0.9751173610198015,-0.21905498156112277,-0.03407414402496734));
#6426=AXIS2_PLACEMENT_3D('',#329,#6424,#6425);
#6427=PLANE('',#6426);
#6428=FACE_SURFACE('',(#6423),#6427,.T.);
#6429=POLY_LOOP('',(#507,#508,#509));
#6430=FACE_OUTER_BOUND('',#6429,.T.);
#6431=DIRECTION('',(0.9307356098223245,-0.3491458403533327,-0.10875847908384374));
#6432=DIRECTION('',(-0.15199572482567256,-0.09884672129939111,-0.9834259633155303));
#6433=AXIS2_PLACEMENT_3D('',#507,#6431,#6432);
#6434=PLANE('',#6433);
#6435=FACE_SURFACE('',(#6430),#6434,.T.);
#6436=POLY_LOOP('',(#510,#508,#507));
#6437=FACE_OUTER_BOUND('',#6436,.T.);
#6438=DIRECTION('',(0.9094819054073763,-0.4035360348028705,-0.10000666153884333));
#6439=DIRECTION('',(0.41222945568362535,0.906524907704281,0.09099157971222856));
#6440=AXIS2_PLACEMENT_3D('',#510,#6438,#6439);
#6441=PLANE('',#6440);
#6442=FACE_SURFACE('',(#6437),#6441,.T.);
#6443=POLY_LOOP('',(#510,#495,#508));
#6444=FACE_OUTER_BOUND('',#6443,.T.);
#6445=DIRECTION('',(0.9065135015773379,-0.3981256476846663,-0.14046081344509775));
#6446=DIRECTION('',(0.0004973659226206897,0.33371301039162826,-0.9426745882447961));
#6447=AXIS2_PLACEMENT_3D('',#510,#6445,#6446);
#6448=PLANE('',#6447);
#6449=FACE_SURFACE('',(#6444),#6448,.T.);
#6450=POLY_LOOP('',(#494,#495,#510));
#6451=FACE_OUTER_BOUND('',#6450,.T.);
#6452=DIRECTION('',(0.874606270310882,-0.4571855970221525,-0.16138525895628242));
#6453=DIRECTION('',(0.47737496687715303,0.870206137355569,0.12187870818045954));
#6454=AXIS2_PLACEMENT_3D('',#494,#6452,#6453);
#6455=PLANE('',#6454);
#6456=FACE_SURFACE('',(#6451),#6455,.T.);
#6457=POLY_LOOP('',(#503,#461,#502));
#6458=FACE_OUTER_BOUND('',#6457,.T.);
#6459=DIRECTION('',(0.06558665245202237,-0.34257484089367846,-0.9371984151751478));
#6460=DIRECTION('',(0.6979454126404154,0.6869917903725947,-0.20227328280041634));
#6461=AXIS2_PLACEMENT_3D('',#503,#6459,#6460);
#6462=PLANE('',#6461);
#6463=FACE_SURFACE('',(#6458),#6462,.T.);
#6464=POLY_LOOP('',(#325,#327,#492));
#6465=FACE_OUTER_BOUND('',#6464,.T.);
#6466=DIRECTION('',(-0.20730368853951076,-0.2016820614407111,-0.9572614725407781));
#6467=DIRECTION('',(0.9139070322034413,-0.38900920912669756,-0.1159559041348019));
#6468=AXIS2_PLACEMENT_3D('',#325,#6466,#6467);
#6469=PLANE('',#6468);
#6470=FACE_SURFACE('',(#6465),#6469,.T.);
#6471=POLY_LOOP('',(#511,#512,#513));
#6472=FACE_OUTER_BOUND('',#6471,.T.);
#6473=DIRECTION('',(0.8739985838733771,-0.4653966451312967,-0.1397584991614651));
#6474=DIRECTION('',(0.00017621785320956452,0.2879147981653985,-0.9576560123262664));
#6475=AXIS2_PLACEMENT_3D('',#511,#6473,#6474);
#6476=PLANE('',#6475);
#6477=FACE_SURFACE('',(#6472),#6476,.T.);
#6478=POLY_LOOP('',(#514,#512,#511));
#6479=FACE_OUTER_BOUND('',#6478,.T.);
#6480=DIRECTION('',(0.8389257098668913,-0.5212429578989775,-0.15655488547170082));
#6481=DIRECTION('',(0.5384394692711756,0.8368024968724399,0.09921955028634699));
#6482=AXIS2_PLACEMENT_3D('',#514,#6480,#6481);
#6483=PLANE('',#6482);
#6484=FACE_SURFACE('',(#6479),#6483,.T.);
#6485=POLY_LOOP('',(#145,#515,#143));
#6486=FACE_OUTER_BOUND('',#6485,.T.);
#6487=DIRECTION('',(-0.3271001074486718,-0.26602031594770525,-0.9067737927455505));
#6488=DIRECTION('',(0.859172359239835,-0.483267584822414,-0.16815260502938048));
#6489=AXIS2_PLACEMENT_3D('',#145,#6487,#6488);
#6490=PLANE('',#6489);
#6491=FACE_SURFACE('',(#6486),#6490,.T.);
#6492=POLY_LOOP('',(#145,#360,#515));
#6493=FACE_OUTER_BOUND('',#6492,.T.);
#6494=DIRECTION('',(-0.2954739793546695,-0.200278376387213,-0.9341218868413363));
#6495=DIRECTION('',(-0.17916274555877457,0.9720474127157691,-0.15173838682555296));
#6496=AXIS2_PLACEMENT_3D('',#145,#6494,#6495);
#6497=PLANE('',#6496);
#6498=FACE_SURFACE('',(#6493),#6497,.T.);
#6499=POLY_LOOP('',(#147,#360,#145));
#6500=FACE_OUTER_BOUND('',#6499,.T.);
#6501=DIRECTION('',(-0.3741000207131243,-0.20996026177918575,-0.9033082878929296));
#6502=DIRECTION('',(0.8230360966371567,-0.5240510811088793,-0.21904804957106433));
#6503=AXIS2_PLACEMENT_3D('',#147,#6501,#6502);
#6504=PLANE('',#6503);
#6505=FACE_SURFACE('',(#6500),#6504,.T.);
#6506=POLY_LOOP('',(#49,#514,#511));
#6507=FACE_OUTER_BOUND('',#6506,.T.);
#6508=DIRECTION('',(0.8428175909031921,-0.513744020044679,-0.16039198961441886));
#6509=DIRECTION('',(-0.08227225558023687,0.17152969093177664,-0.9817376640888283));
#6510=AXIS2_PLACEMENT_3D('',#49,#6508,#6509);
#6511=PLANE('',#6510);
#6512=FACE_SURFACE('',(#6507),#6511,.T.);
#6513=POLY_LOOP('',(#48,#514,#49));
#6514=FACE_OUTER_BOUND('',#6513,.T.);
#6515=DIRECTION('',(0.7945635513580612,-0.5833304173750465,-0.1685063411813331));
#6516=DIRECTION('',(0.6025957194322535,0.7916298033920924,0.10099828366522766));
#6517=AXIS2_PLACEMENT_3D('',#48,#6515,#6516);
#6518=PLANE('',#6517);
#6519=FACE_SURFACE('',(#6514),#6518,.T.);
#6520=POLY_LOOP('',(#48,#516,#514));
#6521=FACE_OUTER_BOUND('',#6520,.T.);
#6522=DIRECTION('',(0.7911772061698553,-0.5760356462135962,-0.20547886199934837));
#6523=DIRECTION('',(0.001562334017188914,0.3378790423453795,-0.9411882446440711));
#6524=AXIS2_PLACEMENT_3D('',#48,#6522,#6523);
#6525=PLANE('',#6524);
#6526=FACE_SURFACE('',(#6521),#6525,.T.);
#6527=POLY_LOOP('',(#51,#516,#48));
#6528=FACE_OUTER_BOUND('',#6527,.T.);
#6529=DIRECTION('',(0.7410707234368784,-0.632330205096743,-0.22577133251822035));
#6530=DIRECTION('',(0.665961779450941,0.7350534995539153,0.1272448863572853));
#6531=AXIS2_PLACEMENT_3D('',#51,#6529,#6530);
#6532=PLANE('',#6531);
#6533=FACE_SURFACE('',(#6528),#6532,.T.);
#6534=POLY_LOOP('',(#51,#517,#516));
#6535=FACE_OUTER_BOUND('',#6534,.T.);
#6536=DIRECTION('',(0.733314405899928,-0.6137502913201435,-0.29250737085426537));
#6537=DIRECTION('',(0.004173746125354757,0.43428337537632483,-0.9007666344370373));
#6538=AXIS2_PLACEMENT_3D('',#51,#6536,#6537);
#6539=PLANE('',#6538);
#6540=FACE_SURFACE('',(#6535),#6539,.T.);
#6541=POLY_LOOP('',(#77,#517,#51));
#6542=FACE_OUTER_BOUND('',#6541,.T.);
#6543=DIRECTION('',(0.6808875148305699,-0.6609456498180247,-0.3155044217352265));
#6544=DIRECTION('',(0.7231898573735758,0.6748115389876213,0.1470571896955233));
#6545=AXIS2_PLACEMENT_3D('',#77,#6543,#6544);
#6546=PLANE('',#6545);
#6547=FACE_SURFACE('',(#6542),#6546,.T.);
#6548=POLY_LOOP('',(#77,#518,#517));
#6549=FACE_OUTER_BOUND('',#6548,.T.);
#6550=DIRECTION('',(0.6693220579217306,-0.6322806378018673,-0.3901655774671616));
#6551=DIRECTION('',(0.006377795531304288,0.530011633833332,-0.8479663859643748));
#6552=AXIS2_PLACEMENT_3D('',#77,#6550,#6551);
#6553=PLANE('',#6552);
#6554=FACE_SURFACE('',(#6549),#6553,.T.);
#6555=POLY_LOOP('',(#79,#518,#77));
#6556=FACE_OUTER_BOUND('',#6555,.T.);
#6557=DIRECTION('',(0.604065305054395,-0.6778217950173856,-0.4191213683754982));
#6558=DIRECTION('',(0.7809166916474811,0.6083664516408817,0.14163114496548995));
#6559=AXIS2_PLACEMENT_3D('',#79,#6557,#6558);
#6560=PLANE('',#6559);
#6561=FACE_SURFACE('',(#6556),#6560,.T.);
#6562=POLY_LOOP('',(#79,#519,#518));
#6563=FACE_OUTER_BOUND('',#6562,.T.);
#6564=DIRECTION('',(0.5911995774800192,-0.6466758721828738,-0.4819682312393279));
#6565=DIRECTION('',(0.006857130162679505,0.6015946107625919,-0.7987721227404831));
#6566=AXIS2_PLACEMENT_3D('',#79,#6564,#6565);
#6567=PLANE('',#6566);
#6568=FACE_SURFACE('',(#6563),#6567,.T.);
#6569=POLY_LOOP('',(#143,#515,#520));
#6570=FACE_OUTER_BOUND('',#6569,.T.);
#6571=DIRECTION('',(-0.25966559521036686,-0.2708252663458989,-0.9269452269539549));
#6572=DIRECTION('',(-0.014310813938094791,0.9608438740559267,-0.2767205274164307));
#6573=AXIS2_PLACEMENT_3D('',#143,#6571,#6572);
#6574=PLANE('',#6573);
#6575=FACE_SURFACE('',(#6570),#6574,.T.);
#6576=POLY_LOOP('',(#104,#519,#79));
#6577=FACE_OUTER_BOUND('',#6576,.T.);
#6578=DIRECTION('',(0.5284799669199007,-0.6803041760038254,-0.5078337844965582));
#6579=DIRECTION('',(0.8269119553616406,0.5479087453345068,0.12654100073080968));
#6580=AXIS2_PLACEMENT_3D('',#104,#6578,#6579);
#6581=PLANE('',#6580);
#6582=FACE_SURFACE('',(#6577),#6581,.T.);
#6583=POLY_LOOP('',(#105,#521,#104));
#6584=FACE_OUTER_BOUND('',#6583,.T.);
#6585=DIRECTION('',(0.436072154582522,-0.6661777246837607,-0.6050192683980604));
#6586=DIRECTION('',(0.6900646511111201,0.6790711918670412,-0.25034594796633763));
#6587=AXIS2_PLACEMENT_3D('',#105,#6585,#6586);
#6588=PLANE('',#6587);
#6589=FACE_SURFACE('',(#6584),#6588,.T.);
#6590=POLY_LOOP('',(#105,#522,#521));
#6591=FACE_OUTER_BOUND('',#6590,.T.);
#6592=DIRECTION('',(0.43408080031162943,-0.6651121821933876,-0.6076180082080892));
#6593=DIRECTION('',(0.0056277236655388535,0.6764650401676414,-0.7364532423428765));
#6594=AXIS2_PLACEMENT_3D('',#105,#6592,#6593);
#6595=PLANE('',#6594);
#6596=FACE_SURFACE('',(#6591),#6595,.T.);
#6597=POLY_LOOP('',(#45,#522,#105));
#6598=FACE_OUTER_BOUND('',#6597,.T.);
#6599=DIRECTION('',(0.3330013737686367,-0.6956985491208593,-0.6364853602553104));
#6600=DIRECTION('',(0.7293659696833131,0.6178536829220435,-0.29373816362125516));
#6601=AXIS2_PLACEMENT_3D('',#45,#6599,#6600);
#6602=PLANE('',#6601);
#6603=FACE_SURFACE('',(#6598),#6602,.T.);
#6604=POLY_LOOP('',(#45,#523,#522));
#6605=FACE_OUTER_BOUND('',#6604,.T.);
#6606=DIRECTION('',(0.3303810193189315,-0.694087199566625,-0.6396024870742328));
#6607=DIRECTION('',(0.004023387800378733,0.6786838774066701,-0.734419503348635));
#6608=AXIS2_PLACEMENT_3D('',#45,#6606,#6607);
#6609=PLANE('',#6608);
#6610=FACE_SURFACE('',(#6605),#6609,.T.);
#6611=POLY_LOOP('',(#46,#523,#45));
#6612=FACE_OUTER_BOUND('',#6611,.T.);
#6613=DIRECTION('',(0.23051084181858433,-0.7152763122811754,-0.6597306639027248));
#6614=DIRECTION('',(0.7659708395172627,0.5515203743715379,-0.33032400709348747));
#6615=AXIS2_PLACEMENT_3D('',#46,#6613,#6614);
#6616=PLANE('',#6615);
#6617=FACE_SURFACE('',(#6612),#6616,.T.);
#6618=POLY_LOOP('',(#46,#524,#523));
#6619=FACE_OUTER_BOUND('',#6618,.T.);
#6620=DIRECTION('',(0.227892587335835,-0.7133985952931341,-0.6626668943527827));
#6621=DIRECTION('',(0.0025948743681587297,0.6810179284684876,-0.7322621441338499));
#6622=AXIS2_PLACEMENT_3D('',#46,#6620,#6621);
#6623=PLANE('',#6622);
#6624=FACE_SURFACE('',(#6619),#6623,.T.);
#6625=POLY_LOOP('',(#89,#524,#46));
#6626=FACE_OUTER_BOUND('',#6625,.T.);
#6627=DIRECTION('',(0.1326445660535869,-0.7260284385560647,-0.6747504171946086));
#6628=DIRECTION('',(0.7996651707533854,0.4806085646628649,-0.35993196892837953));
#6629=AXIS2_PLACEMENT_3D('',#89,#6627,#6628);
#6630=PLANE('',#6629);
#6631=FACE_SURFACE('',(#6626),#6630,.T.);
#6632=POLY_LOOP('',(#89,#525,#524));
#6633=FACE_OUTER_BOUND('',#6632,.T.);
#6634=DIRECTION('',(0.13070282599837937,-0.7243942740648875,-0.676882343526585));
#6635=DIRECTION('',(0.0012723360853633123,0.6828611559523549,-0.730547070935405));
#6636=AXIS2_PLACEMENT_3D('',#89,#6634,#6635);
#6637=PLANE('',#6636);
#6638=FACE_SURFACE('',(#6633),#6637,.T.);
#6639=POLY_LOOP('',(#90,#525,#89));
#6640=FACE_OUTER_BOUND('',#6639,.T.);
#6641=DIRECTION('',(0.042284418430453025,-0.7299310075909301,-0.682211662253943));
#6642=DIRECTION('',(0.8301861472014499,0.4055766861160517,-0.3824898857145564));
#6643=AXIS2_PLACEMENT_3D('',#90,#6641,#6642);
#6644=PLANE('',#6643);
#6645=FACE_SURFACE('',(#6640),#6644,.T.);
#6646=POLY_LOOP('',(#90,#526,#525));
#6647=FACE_OUTER_BOUND('',#6646,.T.);
#6648=DIRECTION('',(0.04155634032903469,-0.7292097933563318,-0.6830271940791767));
#6649=DIRECTION('',(1.241709327895326e-06,0.6836177666193733,-0.7298402216655354));
#6650=AXIS2_PLACEMENT_3D('',#90,#6648,#6649);
#6651=PLANE('',#6650);
#6652=FACE_SURFACE('',(#6647),#6651,.T.);
#6653=POLY_LOOP('',(#363,#526,#90));
#6654=FACE_OUTER_BOUND('',#6653,.T.);
#6655=DIRECTION('',(-0.04145808318148316,-0.729212702022499,-0.6830300597689413));
#6656=DIRECTION('',(0.9985349216900092,-0.054032088268470474,-0.002922944213532893));
#6657=AXIS2_PLACEMENT_3D('',#363,#6655,#6656);
#6658=PLANE('',#6657);
#6659=FACE_SURFACE('',(#6654),#6658,.T.);
#6660=POLY_LOOP('',(#363,#362,#526));
#6661=FACE_OUTER_BOUND('',#6660,.T.);
#6662=DIRECTION('',(-0.03782511595674213,-0.6583561886826816,-0.7517555383408043));
#6663=DIRECTION('',(-0.0015167336294779523,0.7523308570971832,-0.6587837133525046));
#6664=AXIS2_PLACEMENT_3D('',#363,#6662,#6663);
#6665=PLANE('',#6664);
#6666=FACE_SURFACE('',(#6661),#6665,.T.);
#6667=POLY_LOOP('',(#104,#521,#519));
#6668=FACE_OUTER_BOUND('',#6667,.T.);
#6669=DIRECTION('',(0.5104775128189702,-0.6370235120997435,-0.5775930695033193));
#6670=DIRECTION('',(0.007485353571374457,0.6749714344197666,-0.7378058905967302));
#6671=AXIS2_PLACEMENT_3D('',#104,#6669,#6670);
#6672=PLANE('',#6671);
#6673=FACE_SURFACE('',(#6668),#6672,.T.);
#6674=POLY_LOOP('',(#143,#520,#141));
#6675=FACE_OUTER_BOUND('',#6674,.T.);
#6676=DIRECTION('',(-0.28714084615883595,-0.33573105306331147,-0.8971258520833003));
#6677=DIRECTION('',(0.8923289592319512,-0.43427996427562343,-0.12308509716771661));
#6678=AXIS2_PLACEMENT_3D('',#143,#6676,#6677);
#6679=PLANE('',#6678);
#6680=FACE_SURFACE('',(#6675),#6679,.T.);
#6681=POLY_LOOP('',(#141,#520,#527));
#6682=FACE_OUTER_BOUND('',#6681,.T.);
#6683=DIRECTION('',(-0.20229930217987013,-0.3423734831847825,-0.917526779091192));
#6684=DIRECTION('',(-0.010181220267555642,0.9375829602078461,-0.3476126227307575));
#6685=AXIS2_PLACEMENT_3D('',#141,#6683,#6684);
#6686=PLANE('',#6685);
#6687=FACE_SURFACE('',(#6682),#6686,.T.);
#6688=POLY_LOOP('',(#141,#527,#139));
#6689=FACE_OUTER_BOUND('',#6688,.T.);
#6690=DIRECTION('',(-0.22625193137495464,-0.41324485124776145,-0.8820650522871418));
#6691=DIRECTION('',(0.9328988243729466,-0.3524149310373845,-0.07418557720668875));
#6692=AXIS2_PLACEMENT_3D('',#141,#6690,#6691);
#6693=PLANE('',#6692);
#6694=FACE_SURFACE('',(#6689),#6693,.T.);
#6695=POLY_LOOP('',(#514,#528,#512));
#6696=FACE_OUTER_BOUND('',#6695,.T.);
#6697=DIRECTION('',(0.8363948089127695,-0.5163797266206782,-0.18383607251822354));
#6698=DIRECTION('',(0.001438608972975369,0.3374561613313665,-0.9413401455285553));
#6699=AXIS2_PLACEMENT_3D('',#514,#6697,#6698);
#6700=PLANE('',#6699);
#6701=FACE_SURFACE('',(#6696),#6700,.T.);
#6702=POLY_LOOP('',(#516,#528,#514));
#6703=FACE_OUTER_BOUND('',#6702,.T.);
#6704=DIRECTION('',(0.7910268213456898,-0.5762780768892826,-0.20537805629746472));
#6705=DIRECTION('',(0.6055137531912683,0.7854182621748763,0.12834036052006823));
#6706=AXIS2_PLACEMENT_3D('',#516,#6704,#6705);
#6707=PLANE('',#6706);
#6708=FACE_SURFACE('',(#6703),#6707,.T.);
#6709=POLY_LOOP('',(#516,#529,#528));
#6710=FACE_OUTER_BOUND('',#6709,.T.);
#6711=DIRECTION('',(0.7838846956018801,-0.560773374665709,-0.26656707648766387));
#6712=DIRECTION('',(0.004233534552223207,0.4341364116248468,-0.9008371957721867));
#6713=AXIS2_PLACEMENT_3D('',#516,#6711,#6712);
#6714=PLANE('',#6713);
#6715=FACE_SURFACE('',(#6710),#6714,.T.);
#6716=POLY_LOOP('',(#517,#529,#516));
#6717=FACE_OUTER_BOUND('',#6716,.T.);
#6718=DIRECTION('',(0.7331547559295367,-0.6139716208944559,-0.29244307581841666));
#6719=DIRECTION('',(0.6697218267328355,0.7265437273979979,0.15364532852077686));
#6720=AXIS2_PLACEMENT_3D('',#517,#6718,#6719);
#6721=PLANE('',#6720);
#6722=FACE_SURFACE('',(#6717),#6721,.T.);
#6723=POLY_LOOP('',(#517,#530,#529));
#6724=FACE_OUTER_BOUND('',#6723,.T.);
#6725=DIRECTION('',(0.7221998656916464,-0.5890442719382483,-0.3625661314735653));
#6726=DIRECTION('',(0.006882811871195951,0.530272635057942,-0.8477992447563587));
#6727=AXIS2_PLACEMENT_3D('',#517,#6725,#6726);
#6728=PLANE('',#6727);
#6729=FACE_SURFACE('',(#6724),#6728,.T.);
#6730=POLY_LOOP('',(#518,#530,#517));
#6731=FACE_OUTER_BOUND('',#6730,.T.);
#6732=DIRECTION('',(0.669265138774291,-0.6323804984437607,-0.39010137042754656));
#6733=DIRECTION('',(0.725434557096194,0.6696812937354776,0.15897065198150784));
#6734=AXIS2_PLACEMENT_3D('',#518,#6732,#6733);
#6735=PLANE('',#6734);
#6736=FACE_SURFACE('',(#6731),#6735,.T.);
#6737=POLY_LOOP('',(#518,#531,#530));
#6738=FACE_OUTER_BOUND('',#6737,.T.);
#6739=DIRECTION('',(0.6571281447955973,-0.6051535964870423,-0.4494126455455995));
#6740=DIRECTION('',(0.008317399388372282,0.6019977779778641,-0.7984544421425235));
#6741=AXIS2_PLACEMENT_3D('',#518,#6739,#6740);
#6742=PLANE('',#6741);
#6743=FACE_SURFACE('',(#6738),#6742,.T.);
#6744=POLY_LOOP('',(#519,#531,#518));
#6745=FACE_OUTER_BOUND('',#6744,.T.);
#6746=DIRECTION('',(0.5910568364564179,-0.6470272125000983,-0.481671674860048));
#6747=DIRECTION('',(0.7833078731110906,0.6029531540993975,0.15124903267051906));
#6748=AXIS2_PLACEMENT_3D('',#519,#6746,#6747);
#6749=PLANE('',#6748);
#6750=FACE_SURFACE('',(#6745),#6749,.T.);
#6751=POLY_LOOP('',(#519,#532,#531));
#6752=FACE_OUTER_BOUND('',#6751,.T.);
#6753=DIRECTION('',(0.5738246819568047,-0.6077633828185022,-0.548952552487173));
#6754=DIRECTION('',(0.008550293690619186,0.6746988785806152,-0.73804357304963));
#6755=AXIS2_PLACEMENT_3D('',#519,#6753,#6754);
#6756=PLANE('',#6755);
#6757=FACE_SURFACE('',(#6752),#6756,.T.);
#6758=POLY_LOOP('',(#521,#532,#519));
#6759=FACE_OUTER_BOUND('',#6758,.T.);
#6760=DIRECTION('',(0.5098534944984294,-0.6378668368283616,-0.5772134030168741));
#6761=DIRECTION('',(0.829568147714199,0.5421885996316832,0.13359719580690071));
#6762=AXIS2_PLACEMENT_3D('',#521,#6760,#6761);
#6763=PLANE('',#6762);
#6764=FACE_SURFACE('',(#6759),#6763,.T.);
#6765=POLY_LOOP('',(#521,#533,#532));
#6766=FACE_OUTER_BOUND('',#6765,.T.);
#6767=DIRECTION('',(0.4872115820959874,-0.5858844767842453,-0.6475833955057649));
#6768=DIRECTION('',(0.00896211996483021,0.74486508930206,-0.6671549139028882));
#6769=AXIS2_PLACEMENT_3D('',#521,#6767,#6768);
#6770=PLANE('',#6769);
#6771=FACE_SURFACE('',(#6766),#6770,.T.);
#6772=POLY_LOOP('',(#522,#533,#521));
#6773=FACE_OUTER_BOUND('',#6772,.T.);
#6774=DIRECTION('',(0.41247649059279157,-0.6105300828127181,-0.6761036626797331));
#6775=DIRECTION('',(0.6752678567086821,0.7030783201838937,-0.22292195356998193));
#6776=AXIS2_PLACEMENT_3D('',#522,#6774,#6775);
#6777=PLANE('',#6776);
#6778=FACE_SURFACE('',(#6773),#6777,.T.);
#6779=POLY_LOOP('',(#522,#534,#533));
#6780=FACE_OUTER_BOUND('',#6779,.T.);
#6781=DIRECTION('',(0.4100894513801186,-0.6091039565885864,-0.678836513407229));
#6782=DIRECTION('',(0.006730769941488094,0.7463022036757437,-0.6655732247654824));
#6783=AXIS2_PLACEMENT_3D('',#522,#6781,#6782);
#6784=PLANE('',#6783);
#6785=FACE_SURFACE('',(#6780),#6784,.T.);
#6786=POLY_LOOP('',(#523,#534,#522));
#6787=FACE_OUTER_BOUND('',#6786,.T.);
#6788=DIRECTION('',(0.31083190285062756,-0.6341782245509598,-0.7079558656269828));
#6789=DIRECTION('',(0.7140069229154309,0.6474421805154207,-0.2664821512189423));
#6790=AXIS2_PLACEMENT_3D('',#523,#6788,#6789);
#6791=PLANE('',#6790);
#6792=FACE_SURFACE('',(#6787),#6791,.T.);
#6793=POLY_LOOP('',(#523,#535,#534));
#6794=FACE_OUTER_BOUND('',#6793,.T.);
#6795=DIRECTION('',(0.3078104872416842,-0.6321377660773192,-0.7110939098619913));
#6796=DIRECTION('',(0.004808895167509554,0.7484050810531885,-0.6632244787257467));
#6797=AXIS2_PLACEMENT_3D('',#523,#6795,#6796);
#6798=PLANE('',#6797);
#6799=FACE_SURFACE('',(#6794),#6798,.T.);
#6800=POLY_LOOP('',(#524,#535,#523));
#6801=FACE_OUTER_BOUND('',#6800,.T.);
#6802=DIRECTION('',(0.2122219763478318,-0.6488881562532525,-0.7306887117160595));
#6803=DIRECTION('',(0.7507110682186221,0.5869442241271119,-0.30319856499970105));
#6804=AXIS2_PLACEMENT_3D('',#524,#6802,#6803);
#6805=PLANE('',#6804);
#6806=FACE_SURFACE('',(#6801),#6805,.T.);
#6807=POLY_LOOP('',(#524,#536,#535));
#6808=FACE_OUTER_BOUND('',#6807,.T.);
#6809=DIRECTION('',(0.20927717670247134,-0.6466036888639374,-0.7335575866003915));
#6810=DIRECTION('',(0.0030948299082130537,0.7506032744693665,-0.6607459015262251));
#6811=AXIS2_PLACEMENT_3D('',#524,#6809,#6810);
#6812=PLANE('',#6811);
#6813=FACE_SURFACE('',(#6808),#6812,.T.);
#6814=POLY_LOOP('',(#525,#536,#524));
#6815=FACE_OUTER_BOUND('',#6814,.T.);
#6816=DIRECTION('',(0.12045155708599684,-0.6562180522932737,-0.7448954894748532));
#6817=DIRECTION('',(0.785315909926073,0.5219954249729443,-0.3328658857923098));
#6818=AXIS2_PLACEMENT_3D('',#525,#6816,#6817);
#6819=PLANE('',#6818);
#6820=FACE_SURFACE('',(#6815),#6819,.T.);
#6821=POLY_LOOP('',(#525,#537,#536));
#6822=FACE_OUTER_BOUND('',#6821,.T.);
#6823=DIRECTION('',(0.11830454769086303,-0.6542881685204184,-0.7469344191626579));
#6824=DIRECTION('',(0.0015173867428028647,0.752335212126368,-0.6587787383729424));
#6825=AXIS2_PLACEMENT_3D('',#525,#6823,#6824);
#6826=PLANE('',#6825);
#6827=FACE_SURFACE('',(#6822),#6826,.T.);
#6828=POLY_LOOP('',(#526,#537,#525));
#6829=FACE_OUTER_BOUND('',#6828,.T.);
#6830=DIRECTION('',(0.03791441256938903,-0.6583491093239751,-0.7517572397867857));
#6831=DIRECTION('',(0.8176994910746569,0.4528674064243756,-0.3553570802653388));
#6832=AXIS2_PLACEMENT_3D('',#526,#6830,#6831);
#6833=PLANE('',#6832);
#6834=FACE_SURFACE('',(#6829),#6833,.T.);
#6835=POLY_LOOP('',(#526,#538,#537));
#6836=FACE_OUTER_BOUND('',#6835,.T.);
#6837=DIRECTION('',(0.03713181501330323,-0.6575293647799985,-0.7525133638453404));
#6838=DIRECTION('',(3.577928347569429e-07,0.7530326817210145,-0.6579831154824028));
#6839=AXIS2_PLACEMENT_3D('',#526,#6837,#6838);
#6840=PLANE('',#6839);
#6841=FACE_SURFACE('',(#6836),#6840,.T.);
#6842=POLY_LOOP('',(#362,#538,#526));
#6843=FACE_OUTER_BOUND('',#6842,.T.);
#6844=DIRECTION('',(-0.0370380773618499,-0.6575316336885147,-0.7525160008426733));
#6845=DIRECTION('',(0.9985745998078497,-0.05331214600905782,-0.002565873438335966));
#6846=AXIS2_PLACEMENT_3D('',#362,#6844,#6845);
#6847=PLANE('',#6846);
#6848=FACE_SURFACE('',(#6843),#6847,.T.);
#6849=POLY_LOOP('',(#362,#539,#538));
#6850=FACE_OUTER_BOUND('',#6849,.T.);
#6851=DIRECTION('',(-0.03305997171619286,-0.5800645366298003,-0.8138993620925008));
#6852=DIRECTION('',(-0.0017467473736934886,0.8143767976349431,-0.5803338524913635));
#6853=AXIS2_PLACEMENT_3D('',#362,#6851,#6852);
#6854=PLANE('',#6853);
#6855=FACE_SURFACE('',(#6850),#6854,.T.);
#6856=POLY_LOOP('',(#302,#539,#362));
#6857=FACE_OUTER_BOUND('',#6856,.T.);
#6858=DIRECTION('',(-0.10461358946849682,-0.5772992135937399,-0.8098034421281292));
#6859=DIRECTION('',(0.987227461004992,-0.15866270738687244,-0.014425169749598645));
#6860=AXIS2_PLACEMENT_3D('',#302,#6858,#6859);
#6861=PLANE('',#6860);
#6862=FACE_SURFACE('',(#6857),#6861,.T.);
#6863=POLY_LOOP('',(#302,#540,#539));
#6864=FACE_OUTER_BOUND('',#6863,.T.);
#6865=DIRECTION('',(-0.09281920059264616,-0.49921292171836074,-0.8614935024657818));
#6866=DIRECTION('',(-0.003991772739776964,0.8654083314408986,-0.501051380222701));
#6867=AXIS2_PLACEMENT_3D('',#302,#6865,#6866);
#6868=PLANE('',#6867);
#6869=FACE_SURFACE('',(#6864),#6868,.T.);
#6870=POLY_LOOP('',(#139,#540,#302));
#6871=FACE_OUTER_BOUND('',#6870,.T.);
#6872=DIRECTION('',(-0.16657241334960177,-0.49463056344189177,-0.8529913462750053));
#6873=DIRECTION('',(0.9649917452237244,-0.2595195600151025,-0.037954309631952794));
#6874=AXIS2_PLACEMENT_3D('',#139,#6872,#6873);
#6875=PLANE('',#6874);
#6876=FACE_SURFACE('',(#6871),#6875,.T.);
#6877=POLY_LOOP('',(#139,#527,#540));
#6878=FACE_OUTER_BOUND('',#6877,.T.);
#6879=DIRECTION('',(-0.14793758772734455,-0.41907591924031024,-0.8958179748421568));
#6880=DIRECTION('',(-0.0067778481309979325,0.9061929333341562,-0.4228101563940378));
#6881=AXIS2_PLACEMENT_3D('',#139,#6879,#6880);
#6882=PLANE('',#6881);
#6883=FACE_SURFACE('',(#6878),#6882,.T.);
#6884=POLY_LOOP('',(#496,#454,#541));
#6885=FACE_OUTER_BOUND('',#6884,.T.);
#6886=DIRECTION('',(0.6740036645456657,-0.49976807142199486,-0.5440137268177646));
#6887=DIRECTION('',(0.6845594344147137,0.6993414180909285,0.20566954489271422));
#6888=AXIS2_PLACEMENT_3D('',#496,#6886,#6887);
#6889=PLANE('',#6888);
#6890=FACE_SURFACE('',(#6885),#6889,.T.);
#6891=POLY_LOOP('',(#311,#313,#404));
#6892=FACE_OUTER_BOUND('',#6891,.T.);
#6893=DIRECTION('',(-0.5964047088734828,-0.7124927609092885,-0.36966943190558166));
#6894=DIRECTION('',(-0.6198195968999695,0.11615982494290888,0.7760995827649904));
#6895=AXIS2_PLACEMENT_3D('',#311,#6893,#6894);
#6896=PLANE('',#6895);
#6897=FACE_SURFACE('',(#6892),#6896,.T.);
#6898=POLY_LOOP('',(#541,#454,#453));
#6899=FACE_OUTER_BOUND('',#6898,.T.);
#6900=DIRECTION('',(0.7283839513452813,-0.4645822362173481,-0.5036071536564222));
#6901=DIRECTION('',(0.013794751556612268,0.7448059420083052,-0.6671385265284958));
#6902=AXIS2_PLACEMENT_3D('',#541,#6900,#6901);
#6903=PLANE('',#6902);
#6904=FACE_SURFACE('',(#6899),#6903,.T.);
#6905=POLY_LOOP('',(#542,#453,#452));
#6906=FACE_OUTER_BOUND('',#6905,.T.);
#6907=DIRECTION('',(0.7970899675620067,-0.452029755259013,-0.4003956592827597));
#6908=DIRECTION('',(0.010513456565301825,0.6733476360727078,-0.7392512619037899));
#6909=AXIS2_PLACEMENT_3D('',#542,#6907,#6908);
#6910=PLANE('',#6909);
#6911=FACE_SURFACE('',(#6906),#6910,.T.);
#6912=POLY_LOOP('',(#543,#431,#544));
#6913=FACE_OUTER_BOUND('',#6912,.T.);
#6914=DIRECTION('',(-0.7196558772567817,-0.6631483465432116,-0.20574180131119843));
#6915=DIRECTION('',(-0.05518751668095553,0.350010692782204,-0.9351186304104475));
#6916=AXIS2_PLACEMENT_3D('',#543,#6914,#6915);
#6917=PLANE('',#6916);
#6918=FACE_SURFACE('',(#6913),#6917,.T.);
#6919=POLY_LOOP('',(#543,#432,#431));
#6920=FACE_OUTER_BOUND('',#6919,.T.);
#6921=DIRECTION('',(-0.7941154036267558,-0.5831015846991079,-0.17138631113395245));
#6922=DIRECTION('',(-0.3386706273704081,0.658706376726734,-0.6718691207490282));
#6923=AXIS2_PLACEMENT_3D('',#543,#6921,#6922);
#6924=PLANE('',#6923);
#6925=FACE_SURFACE('',(#6920),#6924,.T.);
#6926=POLY_LOOP('',(#545,#432,#543));
#6927=FACE_OUTER_BOUND('',#6926,.T.);
#6928=DIRECTION('',(-0.8019707540512115,-0.5755348069486539,-0.160008111160362));
#6929=DIRECTION('',(0.1634477293454564,0.04622251642080347,-0.9854685782649506));
#6930=AXIS2_PLACEMENT_3D('',#545,#6928,#6929);
#6931=PLANE('',#6930);
#6932=FACE_SURFACE('',(#6927),#6931,.T.);
#6933=POLY_LOOP('',(#545,#433,#432));
#6934=FACE_OUTER_BOUND('',#6933,.T.);
#6935=DIRECTION('',(-0.8381484009857901,-0.5203850524555197,-0.16342170940798859));
#6936=DIRECTION('',(-0.19643397122702494,0.5674906076630871,-0.7996049681950209));
#6937=AXIS2_PLACEMENT_3D('',#545,#6935,#6936);
#6938=PLANE('',#6937);
#6939=FACE_SURFACE('',(#6934),#6938,.T.);
#6940=POLY_LOOP('',(#434,#433,#545));
#6941=FACE_OUTER_BOUND('',#6940,.T.);
#6942=DIRECTION('',(-0.8785808430487376,-0.463930098787627,-0.11342206869331975));
#6943=DIRECTION('',(0.4744347078981135,-0.8750699002498311,-0.09573075586446789));
#6944=AXIS2_PLACEMENT_3D('',#434,#6942,#6943);
#6945=PLANE('',#6944);
#6946=FACE_SURFACE('',(#6941),#6945,.T.);
#6947=POLY_LOOP('',(#545,#546,#434));
#6948=FACE_OUTER_BOUND('',#6947,.T.);
#6949=DIRECTION('',(-0.8688404392857215,-0.47531041264793816,-0.13855072244575659));
#6950=DIRECTION('',(-0.4874006324878218,0.8703036081867982,0.07079726709069503));
#6951=AXIS2_PLACEMENT_3D('',#545,#6949,#6950);
#6952=PLANE('',#6951);
#6953=FACE_SURFACE('',(#6948),#6952,.T.);
#6954=POLY_LOOP('',(#513,#510,#507));
#6955=FACE_OUTER_BOUND('',#6954,.T.);
#6956=DIRECTION('',(0.9124400594648876,-0.3942627085867334,-0.10959039420298242));
#6957=DIRECTION('',(0.07079461616954133,0.41585991295368013,-0.9066689887271786));
#6958=AXIS2_PLACEMENT_3D('',#513,#6956,#6957);
#6959=PLANE('',#6958);
#6960=FACE_SURFACE('',(#6955),#6959,.T.);
#6961=POLY_LOOP('',(#512,#510,#513));
#6962=FACE_OUTER_BOUND('',#6961,.T.);
#6963=DIRECTION('',(0.8767658431243572,-0.45939769506571315,-0.14225123584259347));
#6964=DIRECTION('',(0.47412624438894213,0.8752394627783918,0.09570886676285073));
#6965=AXIS2_PLACEMENT_3D('',#512,#6963,#6964);
#6966=PLANE('',#6965);
#6967=FACE_SURFACE('',(#6962),#6966,.T.);
#6968=POLY_LOOP('',(#512,#494,#510));
#6969=FACE_OUTER_BOUND('',#6968,.T.);
#6970=DIRECTION('',(0.8749874367226166,-0.45629118486434195,-0.16184974572942543));
#6971=DIRECTION('',(0.0011065705406944455,0.33618366963966206,-0.9417957930301286));
#6972=AXIS2_PLACEMENT_3D('',#512,#6970,#6971);
#6973=PLANE('',#6972);
#6974=FACE_SURFACE('',(#6969),#6973,.T.);
#6975=POLY_LOOP('',(#528,#494,#512));
#6976=FACE_OUTER_BOUND('',#6975,.T.);
#6977=DIRECTION('',(0.8360826420912227,-0.5169830954249226,-0.1835600573072081));
#6978=DIRECTION('',(0.5416230362684766,0.8310734515555989,0.12633845298554228));
#6979=AXIS2_PLACEMENT_3D('',#528,#6977,#6978);
#6980=PLANE('',#6979);
#6981=FACE_SURFACE('',(#6976),#6980,.T.);
#6982=POLY_LOOP('',(#528,#478,#494));
#6983=FACE_OUTER_BOUND('',#6982,.T.);
#6984=DIRECTION('',(0.8297518482323767,-0.5044565434844313,-0.23882099172956925));
#6985=DIRECTION('',(0.003883584329422736,0.4331009696588324,-0.9013370445362463));
#6986=AXIS2_PLACEMENT_3D('',#528,#6984,#6985);
#6987=PLANE('',#6986);
#6988=FACE_SURFACE('',(#6983),#6987,.T.);
#6989=POLY_LOOP('',(#529,#478,#528));
#6990=FACE_OUTER_BOUND('',#6989,.T.);
#6991=DIRECTION('',(0.7835120314328097,-0.561385143821161,-0.2663749554611434));
#6992=DIRECTION('',(0.6097808874773162,0.7770880425127552,0.15588920248391497));
#6993=AXIS2_PLACEMENT_3D('',#529,#6991,#6992);
#6994=PLANE('',#6993);
#6995=FACE_SURFACE('',(#6990),#6994,.T.);
#6996=POLY_LOOP('',(#544,#431,#430));
#6997=FACE_OUTER_BOUND('',#6996,.T.);
#6998=DIRECTION('',(-0.7458554951552117,-0.6457415902303771,-0.1634545165895326));
#6999=DIRECTION('',(-0.4642969104983074,0.67994123601744,-0.5675458523016466));
#7000=AXIS2_PLACEMENT_3D('',#544,#6998,#6999);
#7001=PLANE('',#7000);
#7002=FACE_SURFACE('',(#6997),#7001,.T.);
#7003=POLY_LOOP('',(#529,#464,#478));
#7004=FACE_OUTER_BOUND('',#7003,.T.);
#7005=DIRECTION('',(0.7734027774420019,-0.5404162922099204,-0.3313583784350101));
#7006=DIRECTION('',(0.0069815140707704245,0.5299471414362747,-0.8480019373473157));
#7007=AXIS2_PLACEMENT_3D('',#529,#7005,#7006);
#7008=PLANE('',#7007);
#7009=FACE_SURFACE('',(#7004),#7008,.T.);
#7010=POLY_LOOP('',(#530,#467,#464));
#7011=FACE_OUTER_BOUND('',#7010,.T.);
#7012=DIRECTION('',(0.7105174276816973,-0.5655765634358869,-0.41867425984007683));
#7013=DIRECTION('',(0.008982576648103171,0.6022198831199469,-0.7982797289745984));
#7014=AXIS2_PLACEMENT_3D('',#530,#7012,#7013);
#7015=PLANE('',#7014);
#7016=FACE_SURFACE('',(#7011),#7015,.T.);
#7017=POLY_LOOP('',(#531,#467,#530));
#7018=FACE_OUTER_BOUND('',#7017,.T.);
#7019=DIRECTION('',(0.6570103824689076,-0.6053685543837614,-0.44929530455077643));
#7020=DIRECTION('',(0.7282557354944885,0.6637139991800062,0.17066725231240049));
#7021=AXIS2_PLACEMENT_3D('',#531,#7019,#7020);
#7022=PLANE('',#7021);
#7023=FACE_SURFACE('',(#7018),#7022,.T.);
#7024=POLY_LOOP('',(#531,#469,#467));
#7025=FACE_OUTER_BOUND('',#7024,.T.);
#7026=DIRECTION('',(0.6406530919784154,-0.5709314063664811,-0.5134208263821093));
#7027=DIRECTION('',(0.010358360906570208,0.6750298556571767,-0.7377176955521538));
#7028=AXIS2_PLACEMENT_3D('',#531,#7026,#7027);
#7029=PLANE('',#7028);
#7030=FACE_SURFACE('',(#7025),#7029,.T.);
#7031=POLY_LOOP('',(#532,#469,#531));
#7032=FACE_OUTER_BOUND('',#7031,.T.);
#7033=DIRECTION('',(0.5736217340744307,-0.6083073881866335,-0.5485619633869989));
#7034=DIRECTION('',(0.7862697992037675,0.5966624138675998,0.1605421026950753));
#7035=AXIS2_PLACEMENT_3D('',#532,#7033,#7034);
#7036=PLANE('',#7035);
#7037=FACE_SURFACE('',(#7032),#7036,.T.);
#7038=POLY_LOOP('',(#532,#471,#469));
#7039=FACE_OUTER_BOUND('',#7038,.T.);
#7040=DIRECTION('',(0.5516814852225929,-0.5609057153808891,-0.6172781523070837));
#7041=DIRECTION('',(0.010224566622451157,0.7445854994656189,-0.6674487937084896));
#7042=AXIS2_PLACEMENT_3D('',#532,#7040,#7041);
#7043=PLANE('',#7042);
#7044=FACE_SURFACE('',(#7039),#7043,.T.);
#7045=POLY_LOOP('',(#533,#471,#532));
#7046=FACE_OUTER_BOUND('',#7045,.T.);
#7047=DIRECTION('',(0.48647274846703314,-0.5868721427464766,-0.6472444306960777));
#7048=DIRECTION('',(0.8327833938608169,0.5355081618574866,0.14036676064394868));
#7049=AXIS2_PLACEMENT_3D('',#533,#7047,#7048);
#7050=PLANE('',#7049);
#7051=FACE_SURFACE('',(#7046),#7050,.T.);
#7052=POLY_LOOP('',(#533,#473,#471));
#7053=FACE_OUTER_BOUND('',#7052,.T.);
#7054=DIRECTION('',(0.4595422885080062,-0.527317645159271,-0.7146726426669104));
#7055=DIRECTION('',(0.010348275077543769,0.8077946288210809,-0.5893731847062026));
#7056=AXIS2_PLACEMENT_3D('',#533,#7054,#7055);
#7057=PLANE('',#7056);
#7058=FACE_SURFACE('',(#7053),#7057,.T.);
#7059=POLY_LOOP('',(#534,#473,#533));
#7060=FACE_OUTER_BOUND('',#7059,.T.);
#7061=DIRECTION('',(0.3848619496579666,-0.5472177909076719,-0.743259018794657));
#7062=DIRECTION('',(0.6586281453057565,0.7269789885067223,-0.1941919578171097));
#7063=AXIS2_PLACEMENT_3D('',#534,#7061,#7062);
#7064=PLANE('',#7063);
#7065=FACE_SURFACE('',(#7060),#7064,.T.);
#7066=POLY_LOOP('',(#534,#475,#473));
#7067=FACE_OUTER_BOUND('',#7066,.T.);
#7068=DIRECTION('',(0.3821371863843138,-0.5454671912804847,-0.7459468573691154));
#7069=DIRECTION('',(0.00777047957343866,0.8090776719007179,-0.5876503556358261));
#7070=AXIS2_PLACEMENT_3D('',#534,#7068,#7069);
#7071=PLANE('',#7070);
#7072=FACE_SURFACE('',(#7067),#7071,.T.);
#7073=POLY_LOOP('',(#535,#475,#534));
#7074=FACE_OUTER_BOUND('',#7073,.T.);
#7075=DIRECTION('',(0.28546449553337955,-0.5650081006437695,-0.7741291029258578));
#7076=DIRECTION('',(0.6964520325129978,0.6771857615109166,-0.23743211833152278));
#7077=AXIS2_PLACEMENT_3D('',#535,#7075,#7076);
#7078=PLANE('',#7077);
#7079=FACE_SURFACE('',(#7074),#7078,.T.);
#7080=POLY_LOOP('',(#535,#477,#475));
#7081=FACE_OUTER_BOUND('',#7080,.T.);
#7082=DIRECTION('',(0.282126510826808,-0.562613655844537,-0.7770910539608186));
#7083=DIRECTION('',(0.005545649948241387,0.8109381650511774,-0.5851055787036054));
#7084=AXIS2_PLACEMENT_3D('',#535,#7082,#7083);
#7085=PLANE('',#7084);
#7086=FACE_SURFACE('',(#7081),#7085,.T.);
#7087=POLY_LOOP('',(#536,#477,#535));
#7088=FACE_OUTER_BOUND('',#7087,.T.);
#7089=DIRECTION('',(0.19170018849563977,-0.5751245677678831,-0.795287853095055));
#7090=DIRECTION('',(0.7328414401063533,0.6228793370196607,-0.2737969232420154));
#7091=AXIS2_PLACEMENT_3D('',#536,#7089,#7090);
#7092=PLANE('',#7091);
#7093=FACE_SURFACE('',(#7088),#7092,.T.);
#7094=POLY_LOOP('',(#530,#464,#529));
#7095=FACE_OUTER_BOUND('',#7094,.T.);
#7096=DIRECTION('',(0.7220530047646051,-0.5893500728208573,-0.362361628730824));
#7097=DIRECTION('',(0.6723452495347944,0.7212127710422533,0.1667453277113016));
#7098=AXIS2_PLACEMENT_3D('',#530,#7096,#7097);
#7099=PLANE('',#7098);
#7100=FACE_SURFACE('',(#7095),#7099,.T.);
#7101=POLY_LOOP('',(#536,#480,#477));
#7102=FACE_OUTER_BOUND('',#7101,.T.);
#7103=DIRECTION('',(0.18853330226691714,-0.5725470109780768,-0.797900441255926));
#7104=DIRECTION('',(0.003570480606205443,0.8128648893411043,-0.5824413475576018));
#7105=AXIS2_PLACEMENT_3D('',#536,#7103,#7104);
#7106=PLANE('',#7105);
#7107=FACE_SURFACE('',(#7102),#7106,.T.);
#7108=POLY_LOOP('',(#544,#430,#547));
#7109=FACE_OUTER_BOUND('',#7108,.T.);
#7110=DIRECTION('',(-0.6692209718623147,-0.7069187646138365,-0.22893045026056694));
#7111=DIRECTION('',(-0.27425404809114207,0.5213225517029537,-0.8080888034068674));
#7112=AXIS2_PLACEMENT_3D('',#544,#7110,#7111);
#7113=PLANE('',#7112);
#7114=FACE_SURFACE('',(#7109),#7113,.T.);
#7115=POLY_LOOP('',(#547,#429,#548));
#7116=FACE_OUTER_BOUND('',#7115,.T.);
#7117=DIRECTION('',(-0.6297780019602879,-0.7439531712973926,-0.22341295209423426));
#7118=DIRECTION('',(-0.00020337440032975335,0.2877738903036366,-0.9576983589305998));
#7119=AXIS2_PLACEMENT_3D('',#547,#7117,#7118);
#7120=PLANE('',#7119);
#7121=FACE_SURFACE('',(#7116),#7120,.T.);
#7122=POLY_LOOP('',(#307,#339,#341));
#7123=FACE_OUTER_BOUND('',#7122,.T.);
#7124=DIRECTION('',(-0.9318815420922775,-0.3448124616568046,-0.11269941345851672));
#7125=DIRECTION('',(0.3548346574773867,-0.9310070821962949,-0.08554635441237163));
#7126=AXIS2_PLACEMENT_3D('',#307,#7124,#7125);
#7127=PLANE('',#7126);
#7128=FACE_SURFACE('',(#7123),#7127,.T.);
#7129=POLY_LOOP('',(#342,#339,#307));
#7130=FACE_OUTER_BOUND('',#7129,.T.);
#7131=DIRECTION('',(-0.9313585645480361,-0.34400759952385135,-0.11928954569810082));
#7132=DIRECTION('',(0.23229360038249483,-0.8136874682682766,0.5328718299971391));
#7133=AXIS2_PLACEMENT_3D('',#342,#7131,#7132);
#7134=PLANE('',#7133);
#7135=FACE_SURFACE('',(#7130),#7134,.T.);
#7136=POLY_LOOP('',(#342,#439,#339));
#7137=FACE_OUTER_BOUND('',#7136,.T.);
#7138=DIRECTION('',(-0.9308366578919668,-0.34487657382170495,-0.12084397028199577));
#7139=DIRECTION('',(0.35768338942420785,-0.9275851299318734,-0.10792784468931126));
#7140=AXIS2_PLACEMENT_3D('',#342,#7138,#7139);
#7141=PLANE('',#7140);
#7142=FACE_SURFACE('',(#7137),#7141,.T.);
#7143=POLY_LOOP('',(#344,#439,#342));
#7144=FACE_OUTER_BOUND('',#7143,.T.);
#7145=DIRECTION('',(-0.9274628607895616,-0.33937244075848805,-0.1569681123976094));
#7146=DIRECTION('',(0.22688835513728509,-0.8444655061039652,0.48518005245853957));
#7147=AXIS2_PLACEMENT_3D('',#344,#7145,#7146);
#7148=PLANE('',#7147);
#7149=FACE_SURFACE('',(#7144),#7148,.T.);
#7150=POLY_LOOP('',(#344,#440,#439));
#7151=FACE_OUTER_BOUND('',#7150,.T.);
#7152=DIRECTION('',(-0.9269661263408564,-0.3400627211371134,-0.1584018507134601));
#7153=DIRECTION('',(0.3611862792678914,-0.9231229289693278,-0.13186557427814996));
#7154=AXIS2_PLACEMENT_3D('',#344,#7152,#7153);
#7155=PLANE('',#7154);
#7156=FACE_SURFACE('',(#7151),#7155,.T.);
#7157=POLY_LOOP('',(#345,#440,#344));
#7158=FACE_OUTER_BOUND('',#7157,.T.);
#7159=DIRECTION('',(-0.921942117683085,-0.33229766821726253,-0.19899997823969412));
#7160=DIRECTION('',(0.28616474970539946,-0.9306094665156871,0.22820113246308515));
#7161=AXIS2_PLACEMENT_3D('',#345,#7159,#7160);
#7162=PLANE('',#7161);
#7163=FACE_SURFACE('',(#7158),#7162,.T.);
#7164=POLY_LOOP('',(#345,#441,#440));
#7165=FACE_OUTER_BOUND('',#7164,.T.);
#7166=DIRECTION('',(-0.921708997937539,-0.3324343598104939,-0.1998497424025479));
#7167=DIRECTION('',(0.36333486092793627,-0.920338332673474,-0.14479341230279535));
#7168=AXIS2_PLACEMENT_3D('',#345,#7166,#7167);
#7169=PLANE('',#7168);
#7170=FACE_SURFACE('',(#7165),#7169,.T.);
#7171=POLY_LOOP('',(#346,#441,#345));
#7172=FACE_OUTER_BOUND('',#7171,.T.);
#7173=DIRECTION('',(-0.9161760090488942,-0.3247398757124855,-0.23487344159244605));
#7174=DIRECTION('',(0.28063655313733016,-0.9382096430119352,0.20249886617612312));
#7175=AXIS2_PLACEMENT_3D('',#346,#7173,#7174);
#7176=PLANE('',#7175);
#7177=FACE_SURFACE('',(#7172),#7176,.T.);
#7178=POLY_LOOP('',(#346,#442,#441));
#7179=FACE_OUTER_BOUND('',#7178,.T.);
#7180=DIRECTION('',(-0.916094900726839,-0.3247737540886544,-0.23514281089891967));
#7181=DIRECTION('',(0.36583324066839645,-0.91706228613515,-0.15862787702869713));
#7182=AXIS2_PLACEMENT_3D('',#346,#7180,#7181);
#7183=PLANE('',#7182);
#7184=FACE_SURFACE('',(#7179),#7183,.T.);
#7185=POLY_LOOP('',(#347,#442,#346));
#7186=FACE_OUTER_BOUND('',#7185,.T.);
#7187=DIRECTION('',(-0.90811046535617,-0.31442951413515785,-0.2765311254657042));
#7188=DIRECTION('',(0.27417045146630187,-0.9456453089740504,0.17488714406192646));
#7189=AXIS2_PLACEMENT_3D('',#347,#7187,#7188);
#7190=PLANE('',#7189);
#7191=FACE_SURFACE('',(#7186),#7190,.T.);
#7192=POLY_LOOP('',(#347,#443,#442));
#7193=FACE_OUTER_BOUND('',#7192,.T.);
#7194=DIRECTION('',(-0.9082736389281298,-0.3143866479696882,-0.2760435335352678));
#7195=DIRECTION('',(0.3688395120067872,-0.9131308852022747,-0.17363582830828833));
#7196=AXIS2_PLACEMENT_3D('',#347,#7194,#7195);
#7197=PLANE('',#7196);
#7198=FACE_SURFACE('',(#7193),#7197,.T.);
#7199=POLY_LOOP('',(#348,#443,#347));
#7200=FACE_OUTER_BOUND('',#7199,.T.);
#7201=DIRECTION('',(-0.8974918537722498,-0.30127586004620566,-0.3220888519739074));
#7202=DIRECTION('',(0.26741957067915867,-0.9524884560922392,0.14578242084969306));
#7203=AXIS2_PLACEMENT_3D('',#348,#7201,#7202);
#7204=PLANE('',#7203);
#7205=FACE_SURFACE('',(#7200),#7204,.T.);
#7206=POLY_LOOP('',(#547,#430,#429));
#7207=FACE_OUTER_BOUND('',#7206,.T.);
#7208=DIRECTION('',(-0.6917856403733832,-0.6915972704423452,-0.20766762696647206));
#7209=DIRECTION('',(-0.33325856381457875,0.5609077756125427,-0.7578398227208925));
#7210=AXIS2_PLACEMENT_3D('',#547,#7208,#7209);
#7211=PLANE('',#7210);
#7212=FACE_SURFACE('',(#7207),#7211,.T.);
#7213=POLY_LOOP('',(#348,#444,#443));
#7214=FACE_OUTER_BOUND('',#7213,.T.);
#7215=DIRECTION('',(-0.897774437721356,-0.3012397029676677,-0.32133425016648076));
#7216=DIRECTION('',(0.3728035095618719,-0.9082180498830387,-0.19015130061348948));
#7217=AXIS2_PLACEMENT_3D('',#348,#7215,#7216);
#7218=PLANE('',#7217);
#7219=FACE_SURFACE('',(#7214),#7218,.T.);
#7220=POLY_LOOP('',(#349,#445,#444));
#7221=FACE_OUTER_BOUND('',#7220,.T.);
#7222=DIRECTION('',(-0.8840223208821922,-0.28516804011549846,-0.3703832138188064));
#7223=DIRECTION('',(0.37832512134704144,-0.9018599183773824,-0.20861157729638932));
#7224=AXIS2_PLACEMENT_3D('',#349,#7222,#7223);
#7225=PLANE('',#7224);
#7226=FACE_SURFACE('',(#7221),#7225,.T.);
#7227=POLY_LOOP('',(#255,#445,#349));
#7228=FACE_OUTER_BOUND('',#7227,.T.);
#7229=DIRECTION('',(-0.8693106865938479,-0.26871319945656186,-0.41483990479647803));
#7230=DIRECTION('',(0.2382067576272997,-0.9631723100058792,0.12472626771705958));
#7231=AXIS2_PLACEMENT_3D('',#255,#7229,#7230);
#7232=PLANE('',#7231);
#7233=FACE_SURFACE('',(#7228),#7232,.T.);
#7234=POLY_LOOP('',(#255,#446,#445));
#7235=FACE_OUTER_BOUND('',#7234,.T.);
#7236=DIRECTION('',(-0.8633260201393406,-0.2688192120195705,-0.4270882978958151));
#7237=DIRECTION('',(0.3927918341531281,-0.8892904755814619,-0.23425845782536653));
#7238=AXIS2_PLACEMENT_3D('',#255,#7236,#7237);
#7239=PLANE('',#7238);
#7240=FACE_SURFACE('',(#7235),#7239,.T.);
#7241=POLY_LOOP('',(#253,#446,#255));
#7242=FACE_OUTER_BOUND('',#7241,.T.);
#7243=DIRECTION('',(-0.8456280748098458,-0.24915761272403406,-0.4720525851163769));
#7244=DIRECTION('',(0.13275611102764037,-0.9547547079082604,0.2661188883033844));
#7245=AXIS2_PLACEMENT_3D('',#253,#7243,#7244);
#7246=PLANE('',#7245);
#7247=FACE_SURFACE('',(#7242),#7246,.T.);
#7248=POLY_LOOP('',(#253,#447,#446));
#7249=FACE_OUTER_BOUND('',#7248,.T.);
#7250=DIRECTION('',(-0.8286810509598348,-0.25421731550370774,-0.4986594752716445));
#7251=DIRECTION('',(0.4653678799546316,-0.8079455491488715,-0.3614646952567569));
#7252=AXIS2_PLACEMENT_3D('',#253,#7250,#7251);
#7253=PLANE('',#7252);
#7254=FACE_SURFACE('',(#7249),#7253,.T.);
#7255=POLY_LOOP('',(#250,#447,#253));
#7256=FACE_OUTER_BOUND('',#7255,.T.);
#7257=DIRECTION('',(-0.8047531159830162,-0.21619544348494324,-0.5528398977389156));
#7258=DIRECTION('',(-0.31633225507988677,-0.6318749698901264,0.7075789191478399));
#7259=AXIS2_PLACEMENT_3D('',#250,#7257,#7258);
#7260=PLANE('',#7259);
#7261=FACE_SURFACE('',(#7256),#7260,.T.);
#7262=POLY_LOOP('',(#549,#427,#450));
#7263=FACE_OUTER_BOUND('',#7262,.T.);
#7264=DIRECTION('',(-0.43618724559852534,-0.861858743995876,-0.2587280274245965));
#7265=DIRECTION('',(-0.00011069043376190156,0.28757300044614054,-0.9577587155239216));
#7266=AXIS2_PLACEMENT_3D('',#549,#7264,#7265);
#7267=PLANE('',#7266);
#7268=FACE_SURFACE('',(#7263),#7267,.T.);
#7269=POLY_LOOP('',(#549,#426,#427));
#7270=FACE_OUTER_BOUND('',#7269,.T.);
#7271=DIRECTION('',(-0.4978995318919708,-0.8306174619302233,-0.2493405062928009));
#7272=DIRECTION('',(-0.5689033641430468,0.5298333587373066,-0.6289877377468249));
#7273=AXIS2_PLACEMENT_3D('',#549,#7271,#7272);
#7274=PLANE('',#7273);
#7275=FACE_SURFACE('',(#7270),#7274,.T.);
#7276=POLY_LOOP('',(#550,#426,#549));
#7277=FACE_OUTER_BOUND('',#7276,.T.);
#7278=DIRECTION('',(-0.49386916019681637,-0.8316542291232366,-0.25385920465471895));
#7279=DIRECTION('',(-0.06504296783853523,0.3264628342552589,-0.9429694746834484));
#7280=AXIS2_PLACEMENT_3D('',#550,#7278,#7279);
#7281=PLANE('',#7280);
#7282=FACE_SURFACE('',(#7277),#7281,.T.);
#7283=POLY_LOOP('',(#550,#428,#426));
#7284=FACE_OUTER_BOUND('',#7283,.T.);
#7285=DIRECTION('',(-0.5695219921313649,-0.788095294305167,-0.23356050088311955));
#7286=DIRECTION('',(-0.3921093352381115,0.5102132641669334,-0.7654624055348828));
#7287=AXIS2_PLACEMENT_3D('',#550,#7285,#7286);
#7288=PLANE('',#7287);
#7289=FACE_SURFACE('',(#7284),#7288,.T.);
#7290=POLY_LOOP('',(#548,#428,#550));
#7291=FACE_OUTER_BOUND('',#7290,.T.);
#7292=DIRECTION('',(-0.5678548757939827,-0.788887163356141,-0.23494229829662755));
#7293=DIRECTION('',(0.03742501049798812,0.2603862882321188,-0.9647789122332253));
#7294=AXIS2_PLACEMENT_3D('',#548,#7292,#7293);
#7295=PLANE('',#7294);
#7296=FACE_SURFACE('',(#7291),#7295,.T.);
#7297=POLY_LOOP('',(#548,#429,#428));
#7298=FACE_OUTER_BOUND('',#7297,.T.);
#7299=DIRECTION('',(-0.6280090709372064,-0.7448513778220449,-0.22539084226558184));
#7300=DIRECTION('',(-0.45362314747954346,0.5857160814534644,-0.6716864685234853));
#7301=AXIS2_PLACEMENT_3D('',#548,#7299,#7300);
#7302=PLANE('',#7301);
#7303=FACE_SURFACE('',(#7298),#7302,.T.);
#7304=POLY_LOOP('',(#349,#444,#348));
#7305=FACE_OUTER_BOUND('',#7304,.T.);
#7306=DIRECTION('',(-0.8838514737283847,-0.28517044381372425,-0.3707888757274763));
#7307=DIRECTION('',(0.2607847065994158,-0.9584616214097748,0.11551041982610194));
#7308=AXIS2_PLACEMENT_3D('',#349,#7306,#7307);
#7309=PLANE('',#7308);
#7310=FACE_SURFACE('',(#7305),#7309,.T.);
#7311=POLY_LOOP('',(#537,#480,#536));
#7312=FACE_OUTER_BOUND('',#7311,.T.);
#7313=DIRECTION('',(0.10697762507581077,-0.5794131017566821,-0.8079828248458256));
#7314=DIRECTION('',(0.7678698351030739,0.5643851289622361,-0.3030599652627482));
#7315=AXIS2_PLACEMENT_3D('',#537,#7313,#7314);
#7316=PLANE('',#7315);
#7317=FACE_SURFACE('',(#7312),#7316,.T.);
#7318=POLY_LOOP('',(#537,#482,#480));
#7319=FACE_OUTER_BOUND('',#7318,.T.);
#7320=DIRECTION('',(0.10470945060777116,-0.5772984265228381,-0.809791613742495));
#7321=DIRECTION('',(0.0017499665023509826,0.814373455804242,-0.5803385323228994));
#7322=AXIS2_PLACEMENT_3D('',#537,#7320,#7321);
#7323=PLANE('',#7322);
#7324=FACE_SURFACE('',(#7319),#7323,.T.);
#7325=POLY_LOOP('',(#538,#482,#537));
#7326=FACE_OUTER_BOUND('',#7325,.T.);
#7327=DIRECTION('',(0.033143994746045326,-0.5800678083871484,-0.8138936130018496));
#7328=DIRECTION('',(0.8015605961076966,0.5018516857333702,-0.3250315312305079));
#7329=AXIS2_PLACEMENT_3D('',#538,#7327,#7328);
#7330=PLANE('',#7329);
#7331=FACE_SURFACE('',(#7326),#7330,.T.);
#7332=POLY_LOOP('',(#476,#499,#474));
#7333=FACE_OUTER_BOUND('',#7332,.T.);
#7334=DIRECTION('',(0.3223297952753666,-0.40793176257912844,-0.8542219735858039));
#7335=DIRECTION('',(0.6207531673825272,0.7723641283438258,-0.1346074233920346));
#7336=AXIS2_PLACEMENT_3D('',#476,#7334,#7335);
#7337=PLANE('',#7336);
#7338=FACE_SURFACE('',(#7333),#7337,.T.);
#7339=POLY_LOOP('',(#476,#500,#499));
#7340=FACE_OUTER_BOUND('',#7339,.T.);
#7341=DIRECTION('',(0.3192118469071426,-0.40580588641586113,-0.8564025801831568));
#7342=DIRECTION('',(0.009513543101489653,0.9050067132774839,-0.4252908903566384));
#7343=AXIS2_PLACEMENT_3D('',#476,#7341,#7342);
#7344=PLANE('',#7343);
#7345=FACE_SURFACE('',(#7340),#7344,.T.);
#7346=POLY_LOOP('',(#479,#500,#476));
#7347=FACE_OUTER_BOUND('',#7346,.T.);
#7348=DIRECTION('',(0.2299216022783444,-0.4158944364424845,-0.879868100650289));
#7349=DIRECTION('',(0.6555607591748406,0.7343885671133404,-0.17582242042277005));
#7350=AXIS2_PLACEMENT_3D('',#479,#7348,#7349);
#7351=PLANE('',#7350);
#7352=FACE_SURFACE('',(#7347),#7351,.T.);
#7353=POLY_LOOP('',(#479,#501,#500));
#7354=FACE_OUTER_BOUND('',#7353,.T.);
#7355=DIRECTION('',(0.2263654816045062,-0.41323961460018377,-0.8820383719901599));
#7356=DIRECTION('',(0.0067797969899914155,0.906190610051231,-0.42281510451703624));
#7357=AXIS2_PLACEMENT_3D('',#479,#7355,#7356);
#7358=PLANE('',#7357);
#7359=FACE_SURFACE('',(#7354),#7358,.T.);
#7360=POLY_LOOP('',(#481,#501,#479));
#7361=FACE_OUTER_BOUND('',#7360,.T.);
#7362=DIRECTION('',(0.14802987604383164,-0.41907580527536714,-0.8958027825538668));
#7363=DIRECTION('',(0.6898416780851605,0.6927998371169474,-0.21011150579485363));
#7364=AXIS2_PLACEMENT_3D('',#481,#7362,#7363);
#7365=PLANE('',#7364);
#7366=FACE_SURFACE('',(#7361),#7365,.T.);
#7367=POLY_LOOP('',(#481,#502,#501));
#7368=FACE_OUTER_BOUND('',#7367,.T.);
#7369=DIRECTION('',(0.14479533353726992,-0.4163941308627113,-0.8975802132227056));
#7370=DIRECTION('',(0.0043600917908177455,0.9073996933410916,-0.42024610185469724));
#7371=AXIS2_PLACEMENT_3D('',#481,#7369,#7370);
#7372=PLANE('',#7371);
#7373=FACE_SURFACE('',(#7368),#7372,.T.);
#7374=POLY_LOOP('',(#483,#502,#481));
#7375=FACE_OUTER_BOUND('',#7374,.T.);
#7376=DIRECTION('',(0.07891002454374861,-0.4192518246536284,-0.9044341410799948));
#7377=DIRECTION('',(0.7238932085986444,0.6478679093494273,-0.2371619585430215));
#7378=AXIS2_PLACEMENT_3D('',#483,#7376,#7377);
#7379=PLANE('',#7378);
#7380=FACE_SURFACE('',(#7375),#7379,.T.);
#7381=POLY_LOOP('',(#483,#503,#502));
#7382=FACE_OUTER_BOUND('',#7381,.T.);
#7383=DIRECTION('',(0.07663075238811845,-0.41713487207917566,-0.905608207937583));
#7384=DIRECTION('',(0.002133508243664731,0.90834548703879,-0.41821516509906415));
#7385=AXIS2_PLACEMENT_3D('',#483,#7383,#7384);
#7386=PLANE('',#7385);
#7387=FACE_SURFACE('',(#7382),#7386,.T.);
#7388=POLY_LOOP('',(#485,#503,#483));
#7389=FACE_OUTER_BOUND('',#7388,.T.);
#7390=DIRECTION('',(0.023325349490015822,-0.41814753496890045,-0.9080796039283124));
#7391=DIRECTION('',(0.7579876532908948,0.5996524774484319,-0.25665467801799435));
#7392=AXIS2_PLACEMENT_3D('',#485,#7390,#7391);
#7393=PLANE('',#7392);
#7394=FACE_SURFACE('',(#7389),#7393,.T.);
#7395=POLY_LOOP('',(#485,#504,#503));
#7396=FACE_OUTER_BOUND('',#7395,.T.);
#7397=DIRECTION('',(0.02249968841500228,-0.4172829573984255,-0.9084980448443748));
#7398=DIRECTION('',(4.180657899866405e-07,0.9087280933161697,-0.4173886107906923));
#7399=AXIS2_PLACEMENT_3D('',#485,#7397,#7398);
#7400=PLANE('',#7399);
#7401=FACE_SURFACE('',(#7396),#7400,.T.);
#7402=POLY_LOOP('',(#487,#504,#485));
#7403=FACE_OUTER_BOUND('',#7402,.T.);
#7404=DIRECTION('',(-0.022440833825793143,-0.41728349245181157,-0.9084992547627224));
#7405=DIRECTION('',(0.9987356361204767,-0.05024535982956584,-0.0015915271358982726));
#7406=AXIS2_PLACEMENT_3D('',#487,#7404,#7405);
#7407=PLANE('',#7406);
#7408=FACE_SURFACE('',(#7403),#7407,.T.);
#7409=POLY_LOOP('',(#487,#505,#504));
#7410=FACE_OUTER_BOUND('',#7409,.T.);
#7411=DIRECTION('',(-0.018661189931619904,-0.34116280706112895,-0.9398189714346624));
#7412=DIRECTION('',(-0.0022773582240331303,0.9399947209349223,-0.341181386148185));
#7413=AXIS2_PLACEMENT_3D('',#487,#7411,#7412);
#7414=PLANE('',#7413);
#7415=FACE_SURFACE('',(#7410),#7414,.T.);
#7416=POLY_LOOP('',(#474,#499,#498));
#7417=FACE_OUTER_BOUND('',#7416,.T.);
#7418=DIRECTION('',(0.39524917540344945,-0.39678639682132344,-0.8284555779523997));
#7419=DIRECTION('',(0.012683796489000261,0.9041646838134377,-0.4269957211157648));
#7420=AXIS2_PLACEMENT_3D('',#474,#7418,#7419);
#7421=PLANE('',#7420);
#7422=FACE_SURFACE('',(#7417),#7421,.T.);
#7423=POLY_LOOP('',(#489,#505,#487));
#7424=FACE_OUTER_BOUND('',#7423,.T.);
#7425=DIRECTION('',(-0.06336452545791064,-0.3406322897104815,-0.9380589427749667));
#7426=DIRECTION('',(0.988915097053357,-0.14790376191653054,-0.013092288985804276));
#7427=AXIS2_PLACEMENT_3D('',#489,#7425,#7426);
#7428=PLANE('',#7427);
#7429=FACE_SURFACE('',(#7424),#7428,.T.);
#7430=POLY_LOOP('',(#491,#506,#489));
#7431=FACE_OUTER_BOUND('',#7430,.T.);
#7432=DIRECTION('',(-0.10443306667111459,-0.2704009550746487,-0.9570669036595009));
#7433=DIRECTION('',(0.9701796890113336,-0.2393514007846803,-0.03823974336058521));
#7434=AXIS2_PLACEMENT_3D('',#491,#7432,#7433);
#7435=PLANE('',#7434);
#7436=FACE_SURFACE('',(#7431),#7435,.T.);
#7437=POLY_LOOP('',(#491,#329,#506));
#7438=FACE_OUTER_BOUND('',#7437,.T.);
#7439=DIRECTION('',(-0.0904175777525858,-0.21099822979005176,-0.9732956429876894));
#7440=DIRECTION('',(0.13792675185529535,0.9652277006646282,-0.22206237185151972));
#7441=AXIS2_PLACEMENT_3D('',#491,#7439,#7440);
#7442=PLANE('',#7441);
#7443=FACE_SURFACE('',(#7438),#7442,.T.);
#7444=POLY_LOOP('',(#327,#329,#491));
#7445=FACE_OUTER_BOUND('',#7444,.T.);
#7446=DIRECTION('',(-0.1366345164988718,-0.20351854179671877,-0.9694901815109098));
#7447=DIRECTION('',(0.949527790437108,-0.30586090406442684,-0.06961381007037934));
#7448=AXIS2_PLACEMENT_3D('',#327,#7446,#7447);
#7449=PLANE('',#7448);
#7450=FACE_SURFACE('',(#7445),#7449,.T.);
#7451=POLY_LOOP('',(#551,#338,#353));
#7452=FACE_OUTER_BOUND('',#7451,.T.);
#7453=DIRECTION('',(0.9446361730612987,-0.3114320851576767,-0.10330806782844154));
#7454=DIRECTION('',(0.19181657765606938,0.7795879012405919,-0.5961955256252788));
#7455=AXIS2_PLACEMENT_3D('',#551,#7453,#7454);
#7456=PLANE('',#7455);
#7457=FACE_SURFACE('',(#7452),#7456,.T.);
#7458=POLY_LOOP('',(#551,#336,#338));
#7459=FACE_OUTER_BOUND('',#7458,.T.);
#7460=DIRECTION('',(0.9424939197834187,-0.31573417246220703,-0.10962273263740607));
#7461=DIRECTION('',(-0.0015431030377161957,0.32387824402853005,-0.9460975118231792));
#7462=AXIS2_PLACEMENT_3D('',#551,#7460,#7461);
#7463=PLANE('',#7462);
#7464=FACE_SURFACE('',(#7459),#7463,.T.);
#7465=POLY_LOOP('',(#552,#336,#551));
#7466=FACE_OUTER_BOUND('',#7465,.T.);
#7467=DIRECTION('',(0.9310344230857553,-0.3447930831426988,-0.1195517998456183));
#7468=DIRECTION('',(0.3574102126368752,0.9276948121076264,0.10789010840415118));
#7469=AXIS2_PLACEMENT_3D('',#552,#7467,#7468);
#7470=PLANE('',#7469);
#7471=FACE_SURFACE('',(#7466),#7470,.T.);
#7472=POLY_LOOP('',(#552,#448,#336));
#7473=FACE_OUTER_BOUND('',#7472,.T.);
#7474=DIRECTION('',(0.9274584191125415,-0.3389566638482832,-0.15789002770950214));
#7475=DIRECTION('',(-0.0011977111820838538,0.4195539963127673,-0.9077295906082994));
#7476=AXIS2_PLACEMENT_3D('',#552,#7474,#7475);
#7477=PLANE('',#7476);
#7478=FACE_SURFACE('',(#7473),#7477,.T.);
#7479=POLY_LOOP('',(#553,#448,#552));
#7480=FACE_OUTER_BOUND('',#7479,.T.);
#7481=DIRECTION('',(0.9013213024583437,-0.3927302488582634,-0.18270977359331708));
#7482=DIRECTION('',(0.41942511907647384,0.8966620981776341,0.14170268585799112));
#7483=AXIS2_PLACEMENT_3D('',#553,#7481,#7482);
#7484=PLANE('',#7483);
#7485=FACE_SURFACE('',(#7480),#7484,.T.);
#7486=POLY_LOOP('',(#553,#449,#448));
#7487=FACE_OUTER_BOUND('',#7486,.T.);
#7488=DIRECTION('',(0.8949122467095486,-0.38220758896166407,-0.23032461794037506));
#7489=DIRECTION('',(0.002115690718602206,0.519770906183332,-0.8543030662113658));
#7490=AXIS2_PLACEMENT_3D('',#553,#7488,#7489);
#7491=PLANE('',#7490);
#7492=FACE_SURFACE('',(#7487),#7491,.T.);
#7493=POLY_LOOP('',(#554,#449,#553));
#7494=FACE_OUTER_BOUND('',#7493,.T.);
#7495=DIRECTION('',(0.8608662883849246,-0.43564095585068496,-0.26291860167714526));
#7496=DIRECTION('',(0.4848174720115216,0.8591184190233829,0.16391327257766652));
#7497=AXIS2_PLACEMENT_3D('',#554,#7495,#7496);
#7498=PLANE('',#7497);
#7499=FACE_SURFACE('',(#7494),#7498,.T.);
#7500=POLY_LOOP('',(#554,#452,#449));
#7501=FACE_OUTER_BOUND('',#7500,.T.);
#7502=DIRECTION('',(0.8526182778817464,-0.42248236224092073,-0.30749101745790314));
#7503=DIRECTION('',(0.006404918626373715,0.5968665572775571,-0.8023149567476767));
#7504=AXIS2_PLACEMENT_3D('',#554,#7502,#7503);
#7505=PLANE('',#7504);
#7506=FACE_SURFACE('',(#7501),#7505,.T.);
#7507=POLY_LOOP('',(#542,#452,#554));
#7508=FACE_OUTER_BOUND('',#7507,.T.);
#7509=DIRECTION('',(0.8102310780061353,-0.47333403314994954,-0.3456595048527072));
#7510=DIRECTION('',(0.5530592689339524,0.8126761880288575,0.18352890360138632));
#7511=AXIS2_PLACEMENT_3D('',#542,#7509,#7510);
#7512=PLANE('',#7511);
#7513=FACE_SURFACE('',(#7508),#7512,.T.);
#7514=POLY_LOOP('',(#489,#506,#505));
#7515=FACE_OUTER_BOUND('',#7514,.T.);
#7516=DIRECTION('',(-0.053292887263874544,-0.2712578444702813,-0.9610302024288396));
#7517=DIRECTION('',(-0.004905628662461418,0.9624573476768087,-0.2713886303999279));
#7518=AXIS2_PLACEMENT_3D('',#489,#7516,#7517);
#7519=PLANE('',#7518);
#7520=FACE_SURFACE('',(#7515),#7519,.T.);
#7521=POLY_LOOP('',(#474,#498,#472));
#7522=FACE_OUTER_BOUND('',#7521,.T.);
#7523=DIRECTION('',(0.42744524498616615,-0.4645639073159921,-0.7755455747781781));
#7524=DIRECTION('',(0.8411122612908482,0.51882904182711,0.15279590721926786));
#7525=AXIS2_PLACEMENT_3D('',#474,#7523,#7524);
#7526=PLANE('',#7525);
#7527=FACE_SURFACE('',(#7522),#7526,.T.);
#7528=POLY_LOOP('',(#472,#498,#497));
#7529=FACE_OUTER_BOUND('',#7528,.T.);
#7530=DIRECTION('',(0.49445256239027136,-0.4476102221238446,-0.7450917746129916));
#7531=DIRECTION('',(0.013240949877079383,0.8609903738167226,-0.5084488700364007));
#7532=AXIS2_PLACEMENT_3D('',#472,#7530,#7531);
#7533=PLANE('',#7532);
#7534=FACE_SURFACE('',(#7529),#7533,.T.);
#7535=POLY_LOOP('',(#472,#497,#470));
#7536=FACE_OUTER_BOUND('',#7535,.T.);
#7537=DIRECTION('',(0.5246505106663276,-0.5078344845667034,-0.6832612808746242));
#7538=DIRECTION('',(0.794202162233328,0.5809940730184645,0.17801351808590776));
#7539=AXIS2_PLACEMENT_3D('',#472,#7537,#7538);
#7540=PLANE('',#7539);
#7541=FACE_SURFACE('',(#7536),#7540,.T.);
#7542=POLY_LOOP('',(#538,#484,#482));
#7543=FACE_OUTER_BOUND('',#7542,.T.);
#7544=DIRECTION('',(0.032316181929210826,-0.579177603334352,-0.8145605982254446));
#7545=DIRECTION('',(4.847113228278753e-07,0.8149862780649028,-0.5794802555442956));
#7546=AXIS2_PLACEMENT_3D('',#538,#7544,#7545);
#7547=PLANE('',#7546);
#7548=FACE_SURFACE('',(#7543),#7547,.T.);
#7549=POLY_LOOP('',(#539,#484,#538));
#7550=FACE_OUTER_BOUND('',#7549,.T.);
#7551=DIRECTION('',(-0.0322367089672602,-0.579179065036228,-0.8145627079720267));
#7552=DIRECTION('',(0.9986210092582151,-0.05245114315903359,-0.00222653304818442));
#7553=AXIS2_PLACEMENT_3D('',#539,#7551,#7552);
#7554=PLANE('',#7553);
#7555=FACE_SURFACE('',(#7550),#7554,.T.);
#7556=POLY_LOOP('',(#539,#486,#484));
#7557=FACE_OUTER_BOUND('',#7556,.T.);
#7558=DIRECTION('',(-0.028129195486248038,-0.4987808024203034,-0.8662715853000459));
#7559=DIRECTION('',(-0.0019514360108651644,0.866640257755201,-0.49892971001484193));
#7560=AXIS2_PLACEMENT_3D('',#539,#7558,#7559);
#7561=PLANE('',#7560);
#7562=FACE_SURFACE('',(#7557),#7561,.T.);
#7563=POLY_LOOP('',(#540,#486,#539));
#7564=FACE_OUTER_BOUND('',#7563,.T.);
#7565=DIRECTION('',(-0.09050709400569103,-0.4970360119037735,-0.8629969112374836));
#7566=DIRECTION('',(0.987723713574753,-0.15558409975676146,-0.013980470127199216));
#7567=AXIS2_PLACEMENT_3D('',#540,#7565,#7566);
#7568=PLANE('',#7567);
#7569=FACE_SURFACE('',(#7564),#7568,.T.);
#7570=POLY_LOOP('',(#540,#488,#486));
#7571=FACE_OUTER_BOUND('',#7570,.T.);
#7572=DIRECTION('',(-0.07884037686527186,-0.4192457396154129,-0.9044430356800075));
#7573=DIRECTION('',(-0.004354469901288545,0.9074033041161653,-0.42023836363538347));
#7574=AXIS2_PLACEMENT_3D('',#540,#7572,#7573);
#7575=PLANE('',#7574);
#7576=FACE_SURFACE('',(#7571),#7575,.T.);
#7577=POLY_LOOP('',(#527,#488,#540));
#7578=FACE_OUTER_BOUND('',#7577,.T.);
#7579=DIRECTION('',(-0.1446998290751691,-0.41639122176463067,-0.8975969640673788));
#7580=DIRECTION('',(0.966536534502443,-0.25367894797634644,-0.03813291000726175));
#7581=AXIS2_PLACEMENT_3D('',#527,#7579,#7580);
#7582=PLANE('',#7581);
#7583=FACE_SURFACE('',(#7578),#7582,.T.);
#7584=POLY_LOOP('',(#527,#490,#488));
#7585=FACE_OUTER_BOUND('',#7584,.T.);
#7586=DIRECTION('',(-0.12685476670787585,-0.34344418292821555,-0.9305664733785871));
#7587=DIRECTION('',(-0.0072532007004855155,0.9384415589076035,-0.3453618849767089));
#7588=AXIS2_PLACEMENT_3D('',#527,#7586,#7587);
#7589=PLANE('',#7588);
#7590=FACE_SURFACE('',(#7585),#7589,.T.);
#7591=POLY_LOOP('',(#520,#490,#527));
#7592=FACE_OUTER_BOUND('',#7591,.T.);
#7593=DIRECTION('',(-0.19885130209529733,-0.3398270254228705,-0.9192256265179122));
#7594=DIRECTION('',(0.9361221302945771,-0.34346841601995604,-0.07553015536515909));
#7595=AXIS2_PLACEMENT_3D('',#520,#7593,#7594);
#7596=PLANE('',#7595);
#7597=FACE_SURFACE('',(#7592),#7596,.T.);
#7598=POLY_LOOP('',(#520,#492,#490));
#7599=FACE_OUTER_BOUND('',#7598,.T.);
#7600=DIRECTION('',(-0.1764306275278776,-0.2728914391283342,-0.9457285530851789));
#7601=DIRECTION('',(-0.010725104264317442,0.9612764861775498,-0.2753769947919803));
#7602=AXIS2_PLACEMENT_3D('',#520,#7600,#7601);
#7603=PLANE('',#7602);
#7604=FACE_SURFACE('',(#7599),#7603,.T.);
#7605=POLY_LOOP('',(#515,#492,#520));
#7606=FACE_OUTER_BOUND('',#7605,.T.);
#7607=DIRECTION('',(-0.25665839475594154,-0.26881309426445793,-0.9283673781177745));
#7608=DIRECTION('',(0.8977827215869729,-0.42203041902183974,-0.1260020247461846));
#7609=AXIS2_PLACEMENT_3D('',#515,#7607,#7608);
#7610=PLANE('',#7609);
#7611=FACE_SURFACE('',(#7606),#7610,.T.);
#7612=POLY_LOOP('',(#515,#325,#492));
#7613=FACE_OUTER_BOUND('',#7612,.T.);
#7614=DIRECTION('',(-0.23446665999216493,-0.215781013069454,-0.9478733774881741));
#7615=DIRECTION('',(0.24008492601945342,0.9319965164442341,-0.2715542701451149));
#7616=AXIS2_PLACEMENT_3D('',#515,#7614,#7615);
#7617=PLANE('',#7616);
#7618=FACE_SURFACE('',(#7613),#7617,.T.);
#7619=POLY_LOOP('',(#360,#325,#515));
#7620=FACE_OUTER_BOUND('',#7619,.T.);
#7621=DIRECTION('',(-0.29050481726236416,-0.19793752083592328,-0.9361771675236952));
#7622=DIRECTION('',(0.8681703097282926,-0.46591418706103765,-0.17089260838764472));
#7623=AXIS2_PLACEMENT_3D('',#360,#7621,#7622);
#7624=PLANE('',#7623);
#7625=FACE_SURFACE('',(#7620),#7624,.T.);
#7626=POLY_LOOP('',(#509,#551,#353));
#7627=FACE_OUTER_BOUND('',#7626,.T.);
#7628=DIRECTION('',(0.942158892109187,-0.3218801004132561,-0.09343352170148388));
#7629=DIRECTION('',(0.13216777176603295,0.6129761163509817,-0.7789685236835115));
#7630=AXIS2_PLACEMENT_3D('',#509,#7628,#7629);
#7631=PLANE('',#7630);
#7632=FACE_SURFACE('',(#7627),#7631,.T.);
#7633=POLY_LOOP('',(#508,#551,#509));
#7634=FACE_OUTER_BOUND('',#7633,.T.);
#7635=DIRECTION('',(0.9319604603527529,-0.34450999318033376,-0.11297152268590085));
#7636=DIRECTION('',(0.35456327296213913,0.9311129686733105,0.08551915010540245));
#7637=AXIS2_PLACEMENT_3D('',#508,#7635,#7636);
#7638=PLANE('',#7637);
#7639=FACE_SURFACE('',(#7634),#7638,.T.);
#7640=POLY_LOOP('',(#508,#552,#551));
#7641=FACE_OUTER_BOUND('',#7640,.T.);
#7642=DIRECTION('',(0.9313660737381768,-0.34360180522047096,-0.12039533271172267));
#7643=DIRECTION('',(-0.00040006063963081185,0.32971397675812986,-0.9440807875821985));
#7644=AXIS2_PLACEMENT_3D('',#508,#7642,#7643);
#7645=PLANE('',#7644);
#7646=FACE_SURFACE('',(#7641),#7645,.T.);
#7647=POLY_LOOP('',(#495,#552,#508));
#7648=FACE_OUTER_BOUND('',#7647,.T.);
#7649=DIRECTION('',(0.9061368420944379,-0.3992120526183592,-0.13980615309547806));
#7650=DIRECTION('',(0.41534537168121144,0.9022978716844405,0.1155282345434445));
#7651=AXIS2_PLACEMENT_3D('',#495,#7649,#7650);
#7652=PLANE('',#7651);
#7653=FACE_SURFACE('',(#7648),#7652,.T.);
#7654=POLY_LOOP('',(#495,#553,#552));
#7655=FACE_OUTER_BOUND('',#7654,.T.);
#7656=DIRECTION('',(0.9016962806114598,-0.3916014950219157,-0.18328144103552887));
#7657=DIRECTION('',(0.0012920405015715791,0.42633808796226424,-0.9045629692752313));
#7658=AXIS2_PLACEMENT_3D('',#495,#7656,#7657);
#7659=PLANE('',#7658);
#7660=FACE_SURFACE('',(#7655),#7659,.T.);
#7661=POLY_LOOP('',(#493,#553,#495));
#7662=FACE_OUTER_BOUND('',#7661,.T.);
#7663=DIRECTION('',(0.8687459909803468,-0.4484697403387575,-0.21013161389011015));
#7664=DIRECTION('',(0.481852842638907,0.8634279096975469,0.1493656011139431));
#7665=AXIS2_PLACEMENT_3D('',#493,#7663,#7664);
#7666=PLANE('',#7665);
#7667=FACE_SURFACE('',(#7662),#7666,.T.);
#7668=POLY_LOOP('',(#493,#554,#553));
#7669=FACE_OUTER_BOUND('',#7668,.T.);
#7670=DIRECTION('',(0.8610300468131723,-0.43491781285399195,-0.2635787444905344));
#7671=DIRECTION('',(0.004889615031390358,0.5253464089532274,-0.8508743986422397));
#7672=AXIS2_PLACEMENT_3D('',#493,#7670,#7671);
#7673=PLANE('',#7672);
#7674=FACE_SURFACE('',(#7669),#7673,.T.);
#7675=POLY_LOOP('',(#466,#554,#493));
#7676=FACE_OUTER_BOUND('',#7675,.T.);
#7677=DIRECTION('',(0.8200281458563553,-0.4890755155791939,-0.2972523844552531));
#7678=DIRECTION('',(0.5492684918956389,0.8184506706747692,0.1686494099684644));
#7679=AXIS2_PLACEMENT_3D('',#466,#7677,#7678);
#7680=PLANE('',#7679);
#7681=FACE_SURFACE('',(#7676),#7680,.T.);
#7682=POLY_LOOP('',(#466,#542,#554));
#7683=FACE_OUTER_BOUND('',#7682,.T.);
#7684=DIRECTION('',(0.8104505345794727,-0.47256144528115135,-0.34620169184109484));
#7685=DIRECTION('',(0.008371459876315213,0.600264880134374,-0.7997574584439991));
#7686=AXIS2_PLACEMENT_3D('',#466,#7684,#7685);
#7687=PLANE('',#7686);
#7688=FACE_SURFACE('',(#7683),#7687,.T.);
#7689=POLY_LOOP('',(#465,#542,#466));
#7690=FACE_OUTER_BOUND('',#7689,.T.);
#7691=DIRECTION('',(0.7622423485381621,-0.5214999904844747,-0.38343755947966285));
#7692=DIRECTION('',(0.6163751294907545,0.7656665438732757,0.18394684922120536));
#7693=AXIS2_PLACEMENT_3D('',#465,#7691,#7692);
#7694=PLANE('',#7693);
#7695=FACE_SURFACE('',(#7690),#7694,.T.);
#7696=POLY_LOOP('',(#465,#541,#542));
#7697=FACE_OUTER_BOUND('',#7696,.T.);
#7698=DIRECTION('',(0.7476667539840418,-0.49572879647238965,-0.4418680632666297));
#7699=DIRECTION('',(0.0113829080494384,0.6748588512262647,-0.737859038249112));
#7700=AXIS2_PLACEMENT_3D('',#465,#7698,#7699);
#7701=PLANE('',#7700);
#7702=FACE_SURFACE('',(#7697),#7701,.T.);
#7703=POLY_LOOP('',(#468,#541,#465));
#7704=FACE_OUTER_BOUND('',#7703,.T.);
#7705=DIRECTION('',(0.69449122344654,-0.5362284636189616,-0.479730106789824));
#7706=DIRECTION('',(0.6796378395438266,0.7077648697585687,0.1927726541702329));
#7707=AXIS2_PLACEMENT_3D('',#468,#7705,#7706);
#7708=PLANE('',#7707);
#7709=FACE_SURFACE('',(#7704),#7708,.T.);
#7710=POLY_LOOP('',(#468,#496,#541));
#7711=FACE_OUTER_BOUND('',#7710,.T.);
#7712=DIRECTION('',(0.6742479404233677,-0.49922832044820026,-0.5442065774109277));
#7713=DIRECTION('',(0.013451167972560333,0.7450825315627417,-0.6668366270985945));
#7714=AXIS2_PLACEMENT_3D('',#468,#7712,#7713);
#7715=PLANE('',#7714);
#7716=FACE_SURFACE('',(#7711),#7715,.T.);
#7717=POLY_LOOP('',(#470,#496,#468));
#7718=FACE_OUTER_BOUND('',#7717,.T.);
#7719=DIRECTION('',(0.6192543497927906,-0.5298190901585789,-0.5794961449105972));
#7720=DIRECTION('',(0.735991195641485,0.6488094789397243,0.1932956801798243));
#7721=AXIS2_PLACEMENT_3D('',#470,#7719,#7720);
#7722=PLANE('',#7721);
#7723=FACE_SURFACE('',(#7718),#7722,.T.);
#7724=POLY_LOOP('',(#470,#497,#496));
#7725=FACE_OUTER_BOUND('',#7724,.T.);
#7726=DIRECTION('',(0.5936002111951726,-0.481185437801226,-0.6450576437165045));
#7727=DIRECTION('',(0.014348149300656822,0.807753371231523,-0.589345927173299));
#7728=AXIS2_PLACEMENT_3D('',#470,#7726,#7727);
#7729=PLANE('',#7728);
#7730=FACE_SURFACE('',(#7725),#7729,.T.);
#7731=POLY_LOOP('',(#541,#453,#542));
#7732=FACE_OUTER_BOUND('',#7731,.T.);
#7733=DIRECTION('',(0.7474251422846417,-0.4964031937479759,-0.4415195645920946));
#7734=DIRECTION('',(0.6208539787665492,0.7584300580056452,0.1983032631181315));
#7735=AXIS2_PLACEMENT_3D('',#541,#7733,#7734);
#7736=PLANE('',#7735);
#7737=FACE_SURFACE('',(#7732),#7736,.T.);
#7738=POLY_LOOP('',(#306,#275,#343));
#7739=FACE_OUTER_BOUND('',#7738,.T.);
#7740=DIRECTION('',(-0.004918335386952068,0.7390836607714618,0.6735956890878061));
#7741=DIRECTION('',(0.7880264726224411,0.41755475440989537,-0.4523961820306678));
#7742=AXIS2_PLACEMENT_3D('',#306,#7740,#7741);
#7743=PLANE('',#7742);
#7744=FACE_SURFACE('',(#7739),#7743,.T.);
#7745=POLY_LOOP('',(#306,#555,#275));
#7746=FACE_OUTER_BOUND('',#7745,.T.);
#7747=DIRECTION('',(0.002863172975949086,0.73234358695238,0.6809292715768882));
#7748=DIRECTION('',(0.9944026128631274,-0.07400435437951379,0.0754108683404237));
#7749=AXIS2_PLACEMENT_3D('',#306,#7747,#7748);
#7750=PLANE('',#7749);
#7751=FACE_SURFACE('',(#7746),#7750,.T.);
#7752=POLY_LOOP('',(#305,#555,#306));
#7753=FACE_OUTER_BOUND('',#7752,.T.);
#7754=DIRECTION('',(-0.00026014470720633995,0.7120144253272833,0.7021647886718543));
#7755=DIRECTION('',(0.9985354399711394,0.038172705532738466,-0.038338227318878655));
#7756=AXIS2_PLACEMENT_3D('',#305,#7754,#7755);
#7757=PLANE('',#7756);
#7758=FACE_SURFACE('',(#7753),#7757,.T.);
#7759=POLY_LOOP('',(#219,#556,#557));
#7760=FACE_OUTER_BOUND('',#7759,.T.);
#7761=DIRECTION('',(0.6151980111538837,0.04501933288042186,-0.7870861876181715));
#7762=DIRECTION('',(-0.6286624989633413,0.6304562839282126,-0.4553112522797959));
#7763=AXIS2_PLACEMENT_3D('',#219,#7761,#7762);
#7764=PLANE('',#7763);
#7765=FACE_SURFACE('',(#7760),#7764,.T.);
#7766=POLY_LOOP('',(#218,#556,#219));
#7767=FACE_OUTER_BOUND('',#7766,.T.);
#7768=DIRECTION('',(0.5814153350511867,-0.007793355098717998,-0.8135695863192168));
#7769=DIRECTION('',(-7.818860496864436e-06,0.9999540689439926,-0.009584359197056426));
#7770=AXIS2_PLACEMENT_3D('',#218,#7768,#7769);
#7771=PLANE('',#7770);
#7772=FACE_SURFACE('',(#7767),#7771,.T.);
#7773=POLY_LOOP('',(#558,#559,#560));
#7774=FACE_OUTER_BOUND('',#7773,.T.);
#7775=DIRECTION('',(0.3676634835179423,0.00891382437670749,0.9299161825790715));
#7776=DIRECTION('',(-0.027083794640240296,0.9996325324734002,0.0011260944461680483));
#7777=AXIS2_PLACEMENT_3D('',#558,#7775,#7776);
#7778=PLANE('',#7777);
#7779=FACE_SURFACE('',(#7774),#7778,.T.);
#7780=POLY_LOOP('',(#558,#561,#559));
#7781=FACE_OUTER_BOUND('',#7780,.T.);
#7782=DIRECTION('',(0.47928673018558643,0.01199707802462639,0.8775763786627806));
#7783=DIRECTION('',(0.08904152277763372,0.9940826528151175,-0.06221966404199413));
#7784=AXIS2_PLACEMENT_3D('',#558,#7782,#7783);
#7785=PLANE('',#7784);
#7786=FACE_SURFACE('',(#7781),#7785,.T.);
#7787=POLY_LOOP('',(#562,#561,#558));
#7788=FACE_OUTER_BOUND('',#7787,.T.);
#7789=DIRECTION('',(0.45060912360464245,0.015505271690756614,0.8925866928618484));
#7790=DIRECTION('',(0.043325283370986276,0.9982911463491586,-0.03921360658886824));
#7791=AXIS2_PLACEMENT_3D('',#562,#7789,#7790);
#7792=PLANE('',#7791);
#7793=FACE_SURFACE('',(#7788),#7792,.T.);
#7794=POLY_LOOP('',(#563,#561,#562));
#7795=FACE_OUTER_BOUND('',#7794,.T.);
#7796=DIRECTION('',(0.5705557119912309,0.007496504214912021,0.8212246841996016));
#7797=DIRECTION('',(-0.004977744962849957,0.9999715370972129,-0.005669836904366576));
#7798=AXIS2_PLACEMENT_3D('',#563,#7796,#7797);
#7799=PLANE('',#7798);
#7800=FACE_SURFACE('',(#7795),#7799,.T.);
#7801=POLY_LOOP('',(#563,#564,#561));
#7802=FACE_OUTER_BOUND('',#7801,.T.);
#7803=DIRECTION('',(0.6751456039720191,0.007543249428344561,0.7376459264615507));
#7804=DIRECTION('',(0.04875809837796737,0.9973047794596774,-0.05482540204547909));
#7805=AXIS2_PLACEMENT_3D('',#563,#7803,#7804);
#7806=PLANE('',#7805);
#7807=FACE_SURFACE('',(#7802),#7806,.T.);
#7808=POLY_LOOP('',(#565,#564,#563));
#7809=FACE_OUTER_BOUND('',#7808,.T.);
#7810=DIRECTION('',(0.6799639709177955,0.007063903705193302,0.7332114971262707));
#7811=DIRECTION('',(0.00037415877046103165,0.9999501215470786,-0.009980702540267224));
#7812=AXIS2_PLACEMENT_3D('',#565,#7810,#7811);
#7813=PLANE('',#7812);
#7814=FACE_SURFACE('',(#7809),#7813,.T.);
#7815=POLY_LOOP('',(#566,#564,#565));
#7816=FACE_OUTER_BOUND('',#7815,.T.);
#7817=DIRECTION('',(0.7838272843373887,0.005904544113886638,0.6209508230826991));
#7818=DIRECTION('',(-0.052075295078987255,0.9970575055313798,0.05625383814442069));
#7819=AXIS2_PLACEMENT_3D('',#566,#7817,#7818);
#7820=PLANE('',#7819);
#7821=FACE_SURFACE('',(#7816),#7820,.T.);
#7822=POLY_LOOP('',(#566,#567,#564));
#7823=FACE_OUTER_BOUND('',#7822,.T.);
#7824=DIRECTION('',(0.7845860137174476,0.005998326349807461,0.6199909734503934));
#7825=DIRECTION('',(0.00020853848902886523,0.9999505922909127,-0.0099382839943088));
#7826=AXIS2_PLACEMENT_3D('',#566,#7824,#7825);
#7827=PLANE('',#7826);
#7828=FACE_SURFACE('',(#7823),#7827,.T.);
#7829=POLY_LOOP('',(#568,#567,#566));
#7830=FACE_OUTER_BOUND('',#7829,.T.);
#7831=DIRECTION('',(0.8736727462246838,0.004652929280754148,0.48649181159946314));
#7832=DIRECTION('',(-0.044618349673453954,0.9965064874615179,0.0705976155371049));
#7833=AXIS2_PLACEMENT_3D('',#568,#7831,#7832);
#7834=PLANE('',#7833);
#7835=FACE_SURFACE('',(#7830),#7834,.T.);
#7836=POLY_LOOP('',(#568,#569,#567));
#7837=FACE_OUTER_BOUND('',#7836,.T.);
#7838=DIRECTION('',(0.9100007740594637,0.011383300869797535,0.4144502523494039));
#7839=DIRECTION('',(0.03171261778707622,0.9947835529228906,-0.09695355953858305));
#7840=AXIS2_PLACEMENT_3D('',#568,#7838,#7839);
#7841=PLANE('',#7840);
#7842=FACE_SURFACE('',(#7837),#7841,.T.);
#7843=POLY_LOOP('',(#570,#240,#571));
#7844=FACE_OUTER_BOUND('',#7843,.T.);
#7845=DIRECTION('',(0.8259390324307742,-0.007451500737541701,-0.5637102002306459));
#7846=DIRECTION('',(-0.19107342358135174,-0.9444304320886209,-0.26747356083508916));
#7847=AXIS2_PLACEMENT_3D('',#570,#7845,#7846);
#7848=PLANE('',#7847);
#7849=FACE_SURFACE('',(#7844),#7848,.T.);
#7850=POLY_LOOP('',(#355,#569,#568));
#7851=FACE_OUTER_BOUND('',#7850,.T.);
#7852=DIRECTION('',(0.9400512085221168,0.0032684407213184256,0.3410176573894069));
#7853=DIRECTION('',(4.5642162743437864e-07,0.999954060994373,-0.009585191737950575));
#7854=AXIS2_PLACEMENT_3D('',#355,#7852,#7853);
#7855=PLANE('',#7854);
#7856=FACE_SURFACE('',(#7851),#7855,.T.);
#7857=POLY_LOOP('',(#572,#573,#574));
#7858=FACE_OUTER_BOUND('',#7857,.T.);
#7859=DIRECTION('',(0.1316755410981293,0.007570356710856695,0.9912639616044685));
#7860=DIRECTION('',(-0.09839444373885639,0.9951324574673683,0.005470423774921491));
#7861=AXIS2_PLACEMENT_3D('',#572,#7859,#7860);
#7862=PLANE('',#7861);
#7863=FACE_SURFACE('',(#7858),#7862,.T.);
#7864=POLY_LOOP('',(#575,#573,#572));
#7865=FACE_OUTER_BOUND('',#7864,.T.);
#7866=DIRECTION('',(0.18551980839951207,0.012942120843135382,0.9825552921843584));
#7867=DIRECTION('',(-0.20576858990069694,0.9782561180982362,0.02596641703525022));
#7868=AXIS2_PLACEMENT_3D('',#575,#7866,#7867);
#7869=PLANE('',#7868);
#7870=FACE_SURFACE('',(#7865),#7869,.T.);
#7871=POLY_LOOP('',(#575,#576,#573));
#7872=FACE_OUTER_BOUND('',#7871,.T.);
#7873=DIRECTION('',(0.1675390227432263,0.00907324695939382,0.9858236921721137));
#7874=DIRECTION('',(-0.008862895524328548,0.9999311013876567,-0.0076968539412246295));
#7875=AXIS2_PLACEMENT_3D('',#575,#7873,#7874);
#7876=PLANE('',#7875);
#7877=FACE_SURFACE('',(#7872),#7876,.T.);
#7878=POLY_LOOP('',(#577,#576,#575));
#7879=FACE_OUTER_BOUND('',#7878,.T.);
#7880=DIRECTION('',(0.2367793391226539,0.009576829072365971,0.971516252519513));
#7881=DIRECTION('',(-0.10322945926185233,0.9945390333128262,0.015355453679224645));
#7882=AXIS2_PLACEMENT_3D('',#577,#7880,#7881);
#7883=PLANE('',#7882);
#7884=FACE_SURFACE('',(#7879),#7883,.T.);
#7885=POLY_LOOP('',(#577,#559,#576));
#7886=FACE_OUTER_BOUND('',#7885,.T.);
#7887=DIRECTION('',(0.26351681548566663,0.01245926140331539,0.9645743386393695));
#7888=DIRECTION('',(0.08428481795512652,0.9957951943836878,-0.035888721133870295));
#7889=AXIS2_PLACEMENT_3D('',#577,#7887,#7888);
#7890=PLANE('',#7889);
#7891=FACE_SURFACE('',(#7886),#7890,.T.);
#7892=POLY_LOOP('',(#560,#559,#577));
#7893=FACE_OUTER_BOUND('',#7892,.T.);
#7894=DIRECTION('',(0.2983079005592963,0.009148764734005806,0.9544258465526521));
#7895=DIRECTION('',(0.0,0.9999540610978139,-0.009585180957578862));
#7896=AXIS2_PLACEMENT_3D('',#560,#7894,#7895);
#7897=PLANE('',#7896);
#7898=FACE_SURFACE('',(#7893),#7897,.T.);
#7899=POLY_LOOP('',(#578,#579,#580));
#7900=FACE_OUTER_BOUND('',#7899,.T.);
#7901=DIRECTION('',(0.029817728111206875,0.009580906721833241,0.9995094343309989));
#7902=DIRECTION('',(-0.05076075517272265,0.9986783287267045,-0.008058626801835361));
#7903=AXIS2_PLACEMENT_3D('',#578,#7901,#7902);
#7904=PLANE('',#7903);
#7905=FACE_SURFACE('',(#7900),#7904,.T.);
#7906=POLY_LOOP('',(#578,#574,#579));
#7907=FACE_OUTER_BOUND('',#7906,.T.);
#7908=DIRECTION('',(0.06366677481408832,0.011288456248461486,0.9979073667131129));
#7909=DIRECTION('',(0.05756213381541259,0.9982297641233876,-0.014964583815880707));
#7910=AXIS2_PLACEMENT_3D('',#578,#7908,#7909);
#7911=PLANE('',#7910);
#7912=FACE_SURFACE('',(#7907),#7911,.T.);
#7913=POLY_LOOP('',(#581,#574,#578));
#7914=FACE_OUTER_BOUND('',#7913,.T.);
#7915=DIRECTION('',(0.0933266930323458,0.009543397495630395,0.9955898010385034));
#7916=DIRECTION('',(-2.470722392111441e-07,0.9999540608318652,-0.009585208698902871));
#7917=AXIS2_PLACEMENT_3D('',#581,#7915,#7916);
#7918=PLANE('',#7917);
#7919=FACE_SURFACE('',(#7914),#7918,.T.);
#7920=POLY_LOOP('',(#582,#579,#583));
#7921=FACE_OUTER_BOUND('',#7920,.T.);
#7922=DIRECTION('',(-1.509963258300197e-08,0.00958519507597868,0.99995406096248));
#7923=DIRECTION('',(0.7785022275631209,0.627613008731141,-0.006016057737714431));
#7924=AXIS2_PLACEMENT_3D('',#582,#7922,#7923);
#7925=PLANE('',#7924);
#7926=FACE_SURFACE('',(#7921),#7925,.T.);
#7927=POLY_LOOP('',(#580,#579,#582));
#7928=FACE_OUTER_BOUND('',#7927,.T.);
#7929=DIRECTION('',(1.2540840123368195e-09,0.009585174792404385,0.9999540611569109));
#7930=DIRECTION('',(2.028544023449931e-07,0.9999540611568902,-0.00958517479240444));
#7931=AXIS2_PLACEMENT_3D('',#580,#7929,#7930);
#7932=PLANE('',#7931);
#7933=FACE_SURFACE('',(#7928),#7932,.T.);
#7934=POLY_LOOP('',(#583,#584,#585));
#7935=FACE_OUTER_BOUND('',#7934,.T.);
#7936=DIRECTION('',(0.0,0.7138492381855326,0.7002994110678195));
#7937=DIRECTION('',(0.9988257522533228,0.03392744045201976,-0.034583889601349185));
#7938=AXIS2_PLACEMENT_3D('',#583,#7936,#7937);
#7939=PLANE('',#7938);
#7940=FACE_SURFACE('',(#7935),#7939,.T.);
#7941=POLY_LOOP('',(#572,#574,#581));
#7942=FACE_OUTER_BOUND('',#7941,.T.);
#7943=DIRECTION('',(0.14586377166566147,0.00948272791146848,0.989259236998485));
#7944=DIRECTION('',(-0.1321847993580938,0.9911747546255549,0.009989224776300704));
#7945=AXIS2_PLACEMENT_3D('',#572,#7943,#7944);
#7946=PLANE('',#7945);
#7947=FACE_SURFACE('',(#7942),#7946,.T.);
#7948=POLY_LOOP('',(#579,#584,#583));
#7949=FACE_OUTER_BOUND('',#7948,.T.);
#7950=DIRECTION('',(8.194380832346922e-08,0.7138480550822072,0.7003006170605187));
#7951=DIRECTION('',(-4.720479163091842e-06,0.7003006170529948,-0.7138480550739853));
#7952=AXIS2_PLACEMENT_3D('',#579,#7950,#7951);
#7953=PLANE('',#7952);
#7954=FACE_SURFACE('',(#7949),#7953,.T.);
#7955=POLY_LOOP('',(#571,#240,#242));
#7956=FACE_OUTER_BOUND('',#7955,.T.);
#7957=DIRECTION('',(0.7624429167152401,-0.0018394207717298224,-0.6470528690006576));
#7958=DIRECTION('',(-0.036119458655969244,-0.9985577321996754,-0.03972203633553023));
#7959=AXIS2_PLACEMENT_3D('',#571,#7957,#7958);
#7960=PLANE('',#7959);
#7961=FACE_SURFACE('',(#7956),#7960,.T.);
#7962=POLY_LOOP('',(#557,#242,#243));
#7963=FACE_OUTER_BOUND('',#7962,.T.);
#7964=DIRECTION('',(0.7094559827720488,-0.006749447801950119,-0.7047174280967623));
#7965=DIRECTION('',(0.11025240174216189,-0.9865789159419087,0.12044272717342862));
#7966=AXIS2_PLACEMENT_3D('',#557,#7964,#7965);
#7967=PLANE('',#7966);
#7968=FACE_SURFACE('',(#7963),#7967,.T.);
#7969=POLY_LOOP('',(#569,#357,#586));
#7970=FACE_OUTER_BOUND('',#7969,.T.);
#7971=DIRECTION('',(0.981968880269337,0.003652385939977799,0.18900734975002953));
#7972=DIRECTION('',(0.07735010983710647,-0.9200517102091239,-0.38408568191154163));
#7973=AXIS2_PLACEMENT_3D('',#569,#7971,#7972);
#7974=PLANE('',#7973);
#7975=FACE_SURFACE('',(#7970),#7974,.T.);
#7976=POLY_LOOP('',(#569,#356,#357));
#7977=FACE_OUTER_BOUND('',#7976,.T.);
#7978=DIRECTION('',(0.9855152330237499,0.012242516925076512,0.1691444538182761));
#7979=DIRECTION('',(0.040042496785000006,-0.9859875870026257,-0.1619415843073146));
#7980=AXIS2_PLACEMENT_3D('',#569,#7978,#7979);
#7981=PLANE('',#7980);
#7982=FACE_SURFACE('',(#7977),#7981,.T.);
#7983=POLY_LOOP('',(#354,#356,#569));
#7984=FACE_OUTER_BOUND('',#7983,.T.);
#7985=DIRECTION('',(0.9748824479259525,0.003014638936364154,0.22269962882318842));
#7986=DIRECTION('',(0.16172895507080393,0.6778875004837368,-0.7171556886615469));
#7987=AXIS2_PLACEMENT_3D('',#354,#7985,#7986);
#7988=PLANE('',#7987);
#7989=FACE_SURFACE('',(#7984),#7988,.T.);
#7990=POLY_LOOP('',(#569,#355,#354));
#7991=FACE_OUTER_BOUND('',#7990,.T.);
#7992=DIRECTION('',(0.9662732255267127,0.002467928323425883,0.2575072095301277));
#7993=DIRECTION('',(-4.5642162743437864e-07,-0.999954060994373,0.009585191737950575));
#7994=AXIS2_PLACEMENT_3D('',#569,#7992,#7993);
#7995=PLANE('',#7994);
#7996=FACE_SURFACE('',(#7991),#7995,.T.);
#7997=POLY_LOOP('',(#303,#587,#586));
#7998=FACE_OUTER_BOUND('',#7997,.T.);
#7999=DIRECTION('',(0.9965072101842967,0.0026183070905675646,0.08346570863947468));
#8000=DIRECTION('',(0.0032229631225505952,0.9975577169195922,-0.06977258718781754));
#8001=AXIS2_PLACEMENT_3D('',#303,#7999,#8000);
#8002=PLANE('',#8001);
#8003=FACE_SURFACE('',(#7998),#8002,.T.);
#8004=POLY_LOOP('',(#303,#588,#587));
#8005=FACE_OUTER_BOUND('',#8004,.T.);
#8006=DIRECTION('',(0.9997863843366529,-0.0017899717729162822,0.020590815819069904));
#8007=DIRECTION('',(0.007040853615113258,0.9661512132097984,-0.25788032029141955));
#8008=AXIS2_PLACEMENT_3D('',#303,#8006,#8007);
#8009=PLANE('',#8008);
#8010=FACE_SURFACE('',(#8005),#8009,.T.);
#8011=POLY_LOOP('',(#230,#588,#303));
#8012=FACE_OUTER_BOUND('',#8011,.T.);
#8013=DIRECTION('',(0.9995991079011253,0.0002721993816732588,0.02831164761668371));
#8014=DIRECTION('',(0.0,0.9999537849020986,-0.00961395131916624));
#8015=AXIS2_PLACEMENT_3D('',#230,#8013,#8014);
#8016=PLANE('',#8015);
#8017=FACE_SURFACE('',(#8012),#8016,.T.);
#8018=POLY_LOOP('',(#304,#303,#586));
#8019=FACE_OUTER_BOUND('',#8018,.T.);
#8020=DIRECTION('',(0.9962780911486262,0.0019672916799802916,0.08617479249000506));
#8021=DIRECTION('',(0.06897454562829203,0.5813896320368807,-0.8106963721489021));
#8022=AXIS2_PLACEMENT_3D('',#304,#8020,#8021);
#8023=PLANE('',#8022);
#8024=FACE_SURFACE('',(#8019),#8023,.T.);
#8025=POLY_LOOP('',(#589,#234,#235));
#8026=FACE_OUTER_BOUND('',#8025,.T.);
#8027=DIRECTION('',(0.97669863415396,0.0035281241860768337,-0.21458641704804354));
#8028=DIRECTION('',(-0.015988202736595552,-0.9958903391446208,-0.08914488079337773));
#8029=AXIS2_PLACEMENT_3D('',#589,#8027,#8028);
#8030=PLANE('',#8029);
#8031=FACE_SURFACE('',(#8026),#8030,.T.);
#8032=POLY_LOOP('',(#589,#233,#234));
#8033=FACE_OUTER_BOUND('',#8032,.T.);
#8034=DIRECTION('',(0.9871472890602357,-0.001543196694284693,-0.15980565773773492));
#8035=DIRECTION('',(0.00017969512405150538,-0.9999420271071675,0.010766156903508942));
#8036=AXIS2_PLACEMENT_3D('',#589,#8034,#8035);
#8037=PLANE('',#8036);
#8038=FACE_SURFACE('',(#8033),#8037,.T.);
#8039=POLY_LOOP('',(#590,#233,#589));
#8040=FACE_OUTER_BOUND('',#8039,.T.);
#8041=DIRECTION('',(0.993306015820626,-0.0010651433205088187,-0.11550768114831504));
#8042=DIRECTION('',(-0.03387546340043277,-0.9586775136828879,-0.2824710210591561));
#8043=AXIS2_PLACEMENT_3D('',#590,#8041,#8042);
#8044=PLANE('',#8043);
#8045=FACE_SURFACE('',(#8040),#8044,.T.);
#8046=POLY_LOOP('',(#590,#232,#233));
#8047=FACE_OUTER_BOUND('',#8046,.T.);
#8048=DIRECTION('',(0.9933686679511337,-0.0012269578713226931,-0.11496601283584788));
#8049=DIRECTION('',(0.00031710186429835725,-0.9999100138603899,0.013411324622214794));
#8050=AXIS2_PLACEMENT_3D('',#590,#8048,#8049);
#8051=PLANE('',#8050);
#8052=FACE_SURFACE('',(#8047),#8051,.T.);
#8053=POLY_LOOP('',(#571,#242,#557));
#8054=FACE_OUTER_BOUND('',#8053,.T.);
#8055=DIRECTION('',(0.7575516732616266,0.004968830869744811,-0.6527562891755985));
#8056=DIRECTION('',(-0.43551756725039054,-0.7410291135742721,-0.5110775884849872));
#8057=AXIS2_PLACEMENT_3D('',#571,#8055,#8056);
#8058=PLANE('',#8057);
#8059=FACE_SURFACE('',(#8054),#8058,.T.);
#8060=POLY_LOOP('',(#588,#232,#590));
#8061=FACE_OUTER_BOUND('',#8060,.T.);
#8062=DIRECTION('',(0.9990674863419328,-0.0002622526714090474,-0.04317509650190104));
#8063=DIRECTION('',(-0.014520130883808558,-0.9437777014415344,-0.33026173871771913));
#8064=AXIS2_PLACEMENT_3D('',#588,#8062,#8063);
#8065=PLANE('',#8064);
#8066=FACE_SURFACE('',(#8061),#8065,.T.);
#8067=POLY_LOOP('',(#229,#231,#588));
#8068=FACE_OUTER_BOUND('',#8067,.T.);
#8069=DIRECTION('',(0.9995646493110582,-0.0002464809036105301,-0.02950340818999562));
#8070=DIRECTION('',(-0.025426966558463566,0.5000317196072129,-0.8656337266756007));
#8071=AXIS2_PLACEMENT_3D('',#229,#8069,#8070);
#8072=PLANE('',#8071);
#8073=FACE_SURFACE('',(#8068),#8072,.T.);
#8074=POLY_LOOP('',(#588,#230,#229));
#8075=FACE_OUTER_BOUND('',#8074,.T.);
#8076=DIRECTION('',(0.9999863098120719,-5.030604037846558e-05,-0.0052323663611235135));
#8077=DIRECTION('',(0.0,-0.9999537849020986,0.00961395131916624));
#8078=AXIS2_PLACEMENT_3D('',#588,#8076,#8077);
#8079=PLANE('',#8078);
#8080=FACE_SURFACE('',(#8075),#8079,.T.);
#8081=POLY_LOOP('',(#570,#239,#240));
#8082=FACE_OUTER_BOUND('',#8081,.T.);
#8083=DIRECTION('',(0.8227572771830165,-0.0054890992691103355,-0.5683663718338753));
#8084=DIRECTION('',(0.0006381517259346326,-0.9999438169481992,0.01058091250511058));
#8085=AXIS2_PLACEMENT_3D('',#570,#8083,#8084);
#8086=PLANE('',#8085);
#8087=FACE_SURFACE('',(#8082),#8086,.T.);
#8088=POLY_LOOP('',(#570,#238,#239));
#8089=FACE_OUTER_BOUND('',#8088,.T.);
#8090=DIRECTION('',(0.859878388079557,-0.004852840222144943,-0.5104758639303929));
#8091=DIRECTION('',(0.15123098643502497,-0.9526484041223193,0.2637995581214785));
#8092=AXIS2_PLACEMENT_3D('',#570,#8090,#8091);
#8093=PLANE('',#8092);
#8094=FACE_SURFACE('',(#8089),#8093,.T.);
#8095=POLY_LOOP('',(#591,#238,#570));
#8096=FACE_OUTER_BOUND('',#8095,.T.);
#8097=DIRECTION('',(0.8813686025445564,0.009118616541894558,-0.4723412297068906));
#8098=DIRECTION('',(-0.16158875095961966,-0.9336923908596392,-0.3195427902709131));
#8099=AXIS2_PLACEMENT_3D('',#591,#8097,#8098);
#8100=PLANE('',#8099);
#8101=FACE_SURFACE('',(#8096),#8100,.T.);
#8102=POLY_LOOP('',(#591,#237,#238));
#8103=FACE_OUTER_BOUND('',#8102,.T.);
#8104=DIRECTION('',(0.904317071670575,-0.010461649149756735,-0.4267331575847178));
#8105=DIRECTION('',(0.055100901682494104,-0.9884749030307511,0.14100091032373918));
#8106=AXIS2_PLACEMENT_3D('',#591,#8104,#8105);
#8107=PLANE('',#8106);
#8108=FACE_SURFACE('',(#8103),#8107,.T.);
#8109=POLY_LOOP('',(#592,#237,#591));
#8110=FACE_OUTER_BOUND('',#8109,.T.);
#8111=DIRECTION('',(0.9295836434345938,-0.0007622985663899117,-0.368610456660906));
#8112=DIRECTION('',(-0.056079240160699005,-0.9886498401378618,-0.13937938304634198));
#8113=AXIS2_PLACEMENT_3D('',#592,#8111,#8112);
#8114=PLANE('',#8113);
#8115=FACE_SURFACE('',(#8110),#8114,.T.);
#8116=POLY_LOOP('',(#592,#236,#237));
#8117=FACE_OUTER_BOUND('',#8116,.T.);
#8118=DIRECTION('',(0.93583484550367,-0.0033990623004373287,-0.3524224571683819));
#8119=DIRECTION('',(0.0004126663231566045,-0.9999422382788187,0.010740103000064614));
#8120=AXIS2_PLACEMENT_3D('',#592,#8118,#8119);
#8121=PLANE('',#8120);
#8122=FACE_SURFACE('',(#8117),#8121,.T.);
#8123=POLY_LOOP('',(#593,#236,#592));
#8124=FACE_OUTER_BOUND('',#8123,.T.);
#8125=DIRECTION('',(0.9589164441091399,-0.0026511529409718034,-0.2836762672575312));
#8126=DIRECTION('',(-0.12352522582651008,-0.9040875406222414,-0.4091054112036856));
#8127=AXIS2_PLACEMENT_3D('',#593,#8125,#8126);
#8128=PLANE('',#8127);
#8129=FACE_SURFACE('',(#8124),#8128,.T.);
#8130=POLY_LOOP('',(#593,#235,#236));
#8131=FACE_OUTER_BOUND('',#8130,.T.);
#8132=DIRECTION('',(0.9548209407510704,0.0040074883029649665,-0.2971546922744824));
#8133=DIRECTION('',(-0.0348606714566507,-0.9914953495322387,-0.12538622508686995));
#8134=AXIS2_PLACEMENT_3D('',#593,#8132,#8133);
#8135=PLANE('',#8134);
#8136=FACE_SURFACE('',(#8131),#8135,.T.);
#8137=POLY_LOOP('',(#589,#235,#593));
#8138=FACE_OUTER_BOUND('',#8137,.T.);
#8139=DIRECTION('',(0.9815882562419447,-0.010392773681760562,-0.19072620549651353));
#8140=DIRECTION('',(-0.10349224957755128,-0.8681880733674493,-0.4853234215859505));
#8141=AXIS2_PLACEMENT_3D('',#589,#8139,#8140);
#8142=PLANE('',#8141);
#8143=FACE_SURFACE('',(#8138),#8142,.T.);
#8144=POLY_LOOP('',(#557,#243,#219));
#8145=FACE_OUTER_BOUND('',#8144,.T.);
#8146=DIRECTION('',(0.6652638798648552,-0.007177002781240578,-0.7465738146882984));
#8147=DIRECTION('',(0.0003089674944509498,-0.9999510638121161,0.009888099923885932));
#8148=AXIS2_PLACEMENT_3D('',#557,#8146,#8147);
#8149=PLANE('',#8148);
#8150=FACE_SURFACE('',(#8145),#8149,.T.);
#8151=POLY_LOOP('',(#588,#231,#232));
#8152=FACE_OUTER_BOUND('',#8151,.T.);
#8153=DIRECTION('',(0.9979345465955197,0.006992595481987955,-0.06385721822644377));
#8154=DIRECTION('',(-0.00631875263788393,-0.9785522406205225,-0.20590188377393764));
#8155=AXIS2_PLACEMENT_3D('',#588,#8153,#8154);
#8156=PLANE('',#8155);
#8157=FACE_SURFACE('',(#8152),#8156,.T.);
#8158=POLY_LOOP('',(#594,#583,#585));
#8159=FACE_OUTER_BOUND('',#8158,.T.);
#8160=DIRECTION('',(-0.04507399827321034,0.7131237394103351,0.6995876406634749));
#8161=DIRECTION('',(0.8451753234225446,-0.3461264883911033,0.4072777022028588));
#8162=AXIS2_PLACEMENT_3D('',#594,#8160,#8161);
#8163=PLANE('',#8162);
#8164=FACE_SURFACE('',(#8159),#8163,.T.);
#8165=POLY_LOOP('',(#595,#583,#594));
#8166=FACE_OUTER_BOUND('',#8165,.T.);
#8167=DIRECTION('',(-0.04506481758142298,0.713134248116626,0.6995775199214791));
#8168=DIRECTION('',(0.9979712301215276,0.0006110876162876498,0.06366357217161464));
#8169=AXIS2_PLACEMENT_3D('',#595,#8167,#8168);
#8170=PLANE('',#8169);
#8171=FACE_SURFACE('',(#8166),#8170,.T.);
#8172=POLY_LOOP('',(#596,#595,#597));
#8173=FACE_OUTER_BOUND('',#8172,.T.);
#8174=DIRECTION('',(-0.09601746899400089,0.009540909085375016,0.9953339222099339));
#8175=DIRECTION('',(-0.053005923398414256,0.9984862233087439,-0.014684479811099051));
#8176=AXIS2_PLACEMENT_3D('',#596,#8174,#8175);
#8177=PLANE('',#8176);
#8178=FACE_SURFACE('',(#8173),#8177,.T.);
#8179=POLY_LOOP('',(#598,#599,#600));
#8180=FACE_OUTER_BOUND('',#8179,.T.);
#8181=DIRECTION('',(0.45568403648708333,0.4785099552707782,0.7505866249791534));
#8182=DIRECTION('',(-0.1385855670975575,0.8710771273811108,-0.4711885808736459));
#8183=AXIS2_PLACEMENT_3D('',#598,#8181,#8182);
#8184=PLANE('',#8183);
#8185=FACE_SURFACE('',(#8180),#8184,.T.);
#8186=POLY_LOOP('',(#601,#599,#598));
#8187=FACE_OUTER_BOUND('',#8186,.T.);
#8188=DIRECTION('',(0.39980251219861196,0.48449587008590506,0.7780884931094795));
#8189=DIRECTION('',(-0.6325838148864626,0.7601619993203942,-0.14829515141403182));
#8190=AXIS2_PLACEMENT_3D('',#601,#8188,#8189);
#8191=PLANE('',#8190);
#8192=FACE_SURFACE('',(#8187),#8191,.T.);
#8193=POLY_LOOP('',(#602,#603,#604));
#8194=FACE_OUTER_BOUND('',#8193,.T.);
#8195=DIRECTION('',(0.6811327085691795,0.4083311246154422,0.6077202695216783));
#8196=DIRECTION('',(-0.23591701187193057,0.9081700179040061,-0.34578950546489484));
#8197=AXIS2_PLACEMENT_3D('',#602,#8195,#8196);
#8198=PLANE('',#8197);
#8199=FACE_SURFACE('',(#8194),#8198,.T.);
#8200=POLY_LOOP('',(#602,#605,#603));
#8201=FACE_OUTER_BOUND('',#8200,.T.);
#8202=DIRECTION('',(0.6403539287676433,0.41293562242401755,0.6476349416493318));
#8203=DIRECTION('',(-0.06522867200163637,0.8693774490922678,-0.48982453119328806));
#8204=AXIS2_PLACEMENT_3D('',#602,#8202,#8203);
#8205=PLANE('',#8204);
#8206=FACE_SURFACE('',(#8201),#8205,.T.);
#8207=POLY_LOOP('',(#606,#605,#602));
#8208=FACE_OUTER_BOUND('',#8207,.T.);
#8209=DIRECTION('',(0.5988033095612791,0.4267682443156558,0.6777193092292646));
#8210=DIRECTION('',(-0.42035879148467886,0.8877492550537147,-0.18761595500680375));
#8211=AXIS2_PLACEMENT_3D('',#606,#8209,#8210);
#8212=PLANE('',#8211);
#8213=FACE_SURFACE('',(#8208),#8212,.T.);
#8214=POLY_LOOP('',(#606,#607,#605));
#8215=FACE_OUTER_BOUND('',#8214,.T.);
#8216=DIRECTION('',(0.6151121733278754,0.4308155160410646,0.660329467282908));
#8217=DIRECTION('',(-0.14201244063542645,0.884355727221242,-0.4446879967300194));
#8218=AXIS2_PLACEMENT_3D('',#606,#8216,#8217);
#8219=PLANE('',#8218);
#8220=FACE_SURFACE('',(#8215),#8219,.T.);
#8221=POLY_LOOP('',(#600,#607,#606));
#8222=FACE_OUTER_BOUND('',#8221,.T.);
#8223=DIRECTION('',(0.5289145424831556,0.4475260459455631,0.7210893460245851));
#8224=DIRECTION('',(-0.7309502634300283,0.6719547551968121,0.11911557144204278));
#8225=AXIS2_PLACEMENT_3D('',#600,#8223,#8224);
#8226=PLANE('',#8225);
#8227=FACE_SURFACE('',(#8222),#8226,.T.);
#8228=POLY_LOOP('',(#600,#608,#607));
#8229=FACE_OUTER_BOUND('',#8228,.T.);
#8230=DIRECTION('',(0.49339061099836845,0.39977061336432346,0.7724954120698513));
#8231=DIRECTION('',(-0.25713933186981797,0.9154641117611361,-0.30952354366499796));
#8232=AXIS2_PLACEMENT_3D('',#600,#8230,#8231);
#8233=PLANE('',#8232);
#8234=FACE_SURFACE('',(#8229),#8233,.T.);
#8235=POLY_LOOP('',(#609,#608,#600));
#8236=FACE_OUTER_BOUND('',#8235,.T.);
#8237=DIRECTION('',(0.4519867320761705,0.39703284531650007,0.7987946630811877));
#8238=DIRECTION('',(-0.8547783677913343,0.44883741497339663,0.2605742060833754));
#8239=AXIS2_PLACEMENT_3D('',#609,#8237,#8238);
#8240=PLANE('',#8239);
#8241=FACE_SURFACE('',(#8236),#8240,.T.);
#8242=POLY_LOOP('',(#602,#610,#606));
#8243=FACE_OUTER_BOUND('',#8242,.T.);
#8244=DIRECTION('',(0.6490734393220936,0.48354059706964747,0.5872752006956512));
#8245=DIRECTION('',(0.12679996910748467,-0.8299620854163198,0.5432169958734119));
#8246=AXIS2_PLACEMENT_3D('',#602,#8244,#8245);
#8247=PLANE('',#8246);
#8248=FACE_SURFACE('',(#8243),#8247,.T.);
#8249=POLY_LOOP('',(#602,#611,#610));
#8250=FACE_OUTER_BOUND('',#8249,.T.);
#8251=DIRECTION('',(0.7274055786770011,0.45012936199174264,0.517942739675424));
#8252=DIRECTION('',(-0.6573757898962236,0.2406142894356281,0.7141161212139827));
#8253=AXIS2_PLACEMENT_3D('',#602,#8251,#8252);
#8254=PLANE('',#8253);
#8255=FACE_SURFACE('',(#8250),#8254,.T.);
#8256=POLY_LOOP('',(#612,#611,#602));
#8257=FACE_OUTER_BOUND('',#8256,.T.);
#8258=DIRECTION('',(0.7306678531909843,0.43534450567112104,0.5259274186570286));
#8259=DIRECTION('',(0.11393886738161738,-0.8372776226144469,0.5347748284735306));
#8260=AXIS2_PLACEMENT_3D('',#612,#8258,#8259);
#8261=PLANE('',#8260);
#8262=FACE_SURFACE('',(#8257),#8261,.T.);
#8263=POLY_LOOP('',(#598,#600,#613));
#8264=FACE_OUTER_BOUND('',#8263,.T.);
#8265=DIRECTION('',(0.4378619664469569,0.4711761773312553,0.76568264199648));
#8266=DIRECTION('',(-0.519970060957573,0.8274932663519895,-0.21186323383233158));
#8267=AXIS2_PLACEMENT_3D('',#598,#8265,#8266);
#8268=PLANE('',#8267);
#8269=FACE_SURFACE('',(#8264),#8268,.T.);
#8270=POLY_LOOP('',(#612,#614,#611));
#8271=FACE_OUTER_BOUND('',#8270,.T.);
#8272=DIRECTION('',(0.7763976531480475,0.4108860413906534,0.4778905158888619));
#8273=DIRECTION('',(-0.5631033580910603,0.7928024199469876,0.23319290519390076));
#8274=AXIS2_PLACEMENT_3D('',#612,#8272,#8273);
#8275=PLANE('',#8274);
#8276=FACE_SURFACE('',(#8271),#8275,.T.);
#8277=POLY_LOOP('',(#598,#615,#601));
#8278=FACE_OUTER_BOUND('',#8277,.T.);
#8279=DIRECTION('',(0.3830501493608761,0.5193377595665144,0.7639115620037725));
#8280=DIRECTION('',(0.7275782541075215,-0.6791493554386901,0.09688156252384966));
#8281=AXIS2_PLACEMENT_3D('',#598,#8279,#8280);
#8282=PLANE('',#8281);
#8283=FACE_SURFACE('',(#8278),#8282,.T.);
#8284=POLY_LOOP('',(#598,#616,#615));
#8285=FACE_OUTER_BOUND('',#8284,.T.);
#8286=DIRECTION('',(0.43236031783668954,0.5635980084792596,0.7038620890475418));
#8287=DIRECTION('',(-0.03393542091259731,-0.7698701975514957,0.6372976275881669));
#8288=AXIS2_PLACEMENT_3D('',#598,#8286,#8287);
#8289=PLANE('',#8288);
#8290=FACE_SURFACE('',(#8285),#8289,.T.);
#8291=POLY_LOOP('',(#613,#616,#598));
#8292=FACE_OUTER_BOUND('',#8291,.T.);
#8293=DIRECTION('',(0.48534138144254335,0.5447325703473451,0.6838933910063897));
#8294=DIRECTION('',(0.5707307289981008,-0.7899452014491278,0.22417183963378037));
#8295=AXIS2_PLACEMENT_3D('',#613,#8293,#8294);
#8296=PLANE('',#8295);
#8297=FACE_SURFACE('',(#8292),#8296,.T.);
#8298=POLY_LOOP('',(#613,#617,#616));
#8299=FACE_OUTER_BOUND('',#8298,.T.);
#8300=DIRECTION('',(0.49930881180136405,0.5505926930506874,0.6689831065256444));
#8301=DIRECTION('',(0.13269819968295613,-0.8116065749464403,0.5689340518061917));
#8302=AXIS2_PLACEMENT_3D('',#613,#8300,#8301);
#8303=PLANE('',#8302);
#8304=FACE_SURFACE('',(#8299),#8303,.T.);
#8305=POLY_LOOP('',(#618,#617,#613));
#8306=FACE_OUTER_BOUND('',#8305,.T.);
#8307=DIRECTION('',(0.5617782928828537,0.5344924700842971,0.6314451275200509));
#8308=DIRECTION('',(0.7393870550534497,-0.6667680536662677,-0.09341919197618936));
#8309=AXIS2_PLACEMENT_3D('',#618,#8307,#8308);
#8310=PLANE('',#8309);
#8311=FACE_SURFACE('',(#8306),#8310,.T.);
#8312=POLY_LOOP('',(#618,#619,#617));
#8313=FACE_OUTER_BOUND('',#8312,.T.);
#8314=DIRECTION('',(0.5981321523425984,0.5868052339805119,0.5457999136195308));
#8315=DIRECTION('',(0.10534218728847967,-0.7327208240274194,0.6723267193960524));
#8316=AXIS2_PLACEMENT_3D('',#618,#8314,#8315);
#8317=PLANE('',#8316);
#8318=FACE_SURFACE('',(#8313),#8317,.T.);
#8319=POLY_LOOP('',(#620,#619,#618));
#8320=FACE_OUTER_BOUND('',#8319,.T.);
#8321=DIRECTION('',(0.6741258090503869,0.5496479533708305,0.4933979336472933));
#8322=DIRECTION('',(0.6675476759796514,-0.7392896270085024,-0.08849264202065331));
#8323=AXIS2_PLACEMENT_3D('',#620,#8321,#8322);
#8324=PLANE('',#8323);
#8325=FACE_SURFACE('',(#8320),#8324,.T.);
#8326=POLY_LOOP('',(#620,#621,#619));
#8327=FACE_OUTER_BOUND('',#8326,.T.);
#8328=DIRECTION('',(0.6989421536538165,0.5812359622702863,0.41670687780440935));
#8329=DIRECTION('',(0.5368102220763538,-0.8113693233392442,0.23133224292854804));
#8330=AXIS2_PLACEMENT_3D('',#620,#8328,#8329);
#8331=PLANE('',#8330);
#8332=FACE_SURFACE('',(#8327),#8331,.T.);
#8333=POLY_LOOP('',(#622,#621,#620));
#8334=FACE_OUTER_BOUND('',#8333,.T.);
#8335=DIRECTION('',(0.6992167312063724,0.5812719067822633,0.4161957870843811));
#8336=DIRECTION('',(0.7101955635154064,-0.6315091131771151,-0.311156715398026));
#8337=AXIS2_PLACEMENT_3D('',#622,#8335,#8336);
#8338=PLANE('',#8337);
#8339=FACE_SURFACE('',(#8334),#8338,.T.);
#8340=POLY_LOOP('',(#622,#623,#621));
#8341=FACE_OUTER_BOUND('',#8340,.T.);
#8342=DIRECTION('',(0.7008486906806357,0.5924051535699897,0.3973251147296827));
#8343=DIRECTION('',(0.5226606832588997,-0.8055502736496672,0.2791318090047899));
#8344=AXIS2_PLACEMENT_3D('',#622,#8342,#8343);
#8345=PLANE('',#8344);
#8346=FACE_SURFACE('',(#8341),#8345,.T.);
#8347=POLY_LOOP('',(#624,#623,#622));
#8348=FACE_OUTER_BOUND('',#8347,.T.);
#8349=DIRECTION('',(0.7382495000391648,0.5914009187871859,0.32439579058550616));
#8350=DIRECTION('',(0.4081453449498342,-0.008759387766486479,-0.9128749369556254));
#8351=AXIS2_PLACEMENT_3D('',#624,#8349,#8350);
#8352=PLANE('',#8351);
#8353=FACE_SURFACE('',(#8348),#8352,.T.);
#8354=POLY_LOOP('',(#611,#625,#610));
#8355=FACE_OUTER_BOUND('',#8354,.T.);
#8356=DIRECTION('',(0.7576181130909775,0.4796140064488351,0.44270215668614465));
#8357=DIRECTION('',(0.08730038569956024,-0.7466322335484995,0.6594838515711261));
#8358=AXIS2_PLACEMENT_3D('',#611,#8356,#8357);
#8359=PLANE('',#8358);
#8360=FACE_SURFACE('',(#8355),#8359,.T.);
#8361=POLY_LOOP('',(#626,#614,#612));
#8362=FACE_OUTER_BOUND('',#8361,.T.);
#8363=DIRECTION('',(0.7601753986999122,0.38626276110256574,0.5224312802626311));
#8364=DIRECTION('',(-0.5676779257778294,0.003746964699897916,0.8232422078830257));
#8365=AXIS2_PLACEMENT_3D('',#626,#8363,#8364);
#8366=PLANE('',#8365);
#8367=FACE_SURFACE('',(#8362),#8366,.T.);
#8368=POLY_LOOP('',(#613,#600,#606));
#8369=FACE_OUTER_BOUND('',#8368,.T.);
#8370=DIRECTION('',(0.5218363081991457,0.4598980137161303,0.7184571555945729));
#8371=DIRECTION('',(-0.1405358344352518,0.8770665623979914,-0.4593516347668283));
#8372=AXIS2_PLACEMENT_3D('',#613,#8370,#8371);
#8373=PLANE('',#8372);
#8374=FACE_SURFACE('',(#8369),#8373,.T.);
#8375=POLY_LOOP('',(#613,#606,#618));
#8376=FACE_OUTER_BOUND('',#8375,.T.);
#8377=DIRECTION('',(0.5676363812978662,0.5226456235293718,0.6361057229994538));
#8378=DIRECTION('',(-0.7339229744164756,0.6713252430949289,0.10334159669372268));
#8379=AXIS2_PLACEMENT_3D('',#613,#8377,#8378);
#8380=PLANE('',#8379);
#8381=FACE_SURFACE('',(#8376),#8380,.T.);
#8382=POLY_LOOP('',(#618,#606,#610));
#8383=FACE_OUTER_BOUND('',#8382,.T.);
#8384=DIRECTION('',(0.6438379117010331,0.4975667212089486,0.5812917523944658));
#8385=DIRECTION('',(-0.1308189410045473,0.820092261479759,-0.5570772723199746));
#8386=AXIS2_PLACEMENT_3D('',#618,#8384,#8385);
#8387=PLANE('',#8386);
#8388=FACE_SURFACE('',(#8383),#8387,.T.);
#8389=POLY_LOOP('',(#596,#583,#595));
#8390=FACE_OUTER_BOUND('',#8389,.T.);
#8391=DIRECTION('',(-0.0636664110302829,0.011296152588134224,0.9979073028308936));
#8392=DIRECTION('',(0.05538565040400084,0.9984348149831099,-0.007768523602906039));
#8393=AXIS2_PLACEMENT_3D('',#596,#8391,#8392);
#8394=PLANE('',#8393);
#8395=FACE_SURFACE('',(#8390),#8394,.T.);
#8396=POLY_LOOP('',(#582,#583,#596));
#8397=FACE_OUTER_BOUND('',#8396,.T.);
#8398=DIRECTION('',(-0.032518665489044495,0.009580120460994674,0.9994252136537103));
#8399=DIRECTION('',(-1.6228352184444133e-07,0.999954060962467,-0.009585195075981006));
#8400=AXIS2_PLACEMENT_3D('',#582,#8398,#8399);
#8401=PLANE('',#8400);
#8402=FACE_SURFACE('',(#8397),#8401,.T.);
#8403=POLY_LOOP('',(#627,#628,#629));
#8404=FACE_OUTER_BOUND('',#8403,.T.);
#8405=DIRECTION('',(6.091493644811904e-08,-0.009585198245698623,-0.9999540609320945));
#8406=DIRECTION('',(0.03548839292329376,-0.9993241784385869,0.009579162581627275));
#8407=AXIS2_PLACEMENT_3D('',#627,#8405,#8406);
#8408=PLANE('',#8407);
#8409=FACE_SURFACE('',(#8404),#8408,.T.);
#8410=POLY_LOOP('',(#630,#628,#627));
#8411=FACE_OUTER_BOUND('',#8410,.T.);
#8412=DIRECTION('',(-9.66838823719131e-08,-0.009585203841895575,-0.9999540608784484));
#8413=DIRECTION('',(1.7909385466339507e-07,-0.9999540608784373,0.009585203841878153));
#8414=AXIS2_PLACEMENT_3D('',#630,#8412,#8413);
#8415=PLANE('',#8414);
#8416=FACE_SURFACE('',(#8411),#8415,.T.);
#8417=POLY_LOOP('',(#631,#621,#623));
#8418=FACE_OUTER_BOUND('',#8417,.T.);
#8419=DIRECTION('',(-2.3274052419354794e-05,0.9999540315602674,-0.00958823365828235));
#8420=DIRECTION('',(0.19624488474307897,-0.009397222457438924,-0.9805098864479955));
#8421=AXIS2_PLACEMENT_3D('',#631,#8419,#8420);
#8422=PLANE('',#8421);
#8423=FACE_SURFACE('',(#8418),#8422,.T.);
#8424=POLY_LOOP('',(#631,#632,#621));
#8425=FACE_OUTER_BOUND('',#8424,.T.);
#8426=DIRECTION('',(2.1045730895050784e-05,0.9999541166180252,-0.00957936405729015));
#8427=DIRECTION('',(0.2690421867414431,-0.009231819443750953,-0.963084147550535));
#8428=AXIS2_PLACEMENT_3D('',#631,#8426,#8427);
#8429=PLANE('',#8428);
#8430=FACE_SURFACE('',(#8425),#8429,.T.);
#8431=POLY_LOOP('',(#633,#632,#631));
#8432=FACE_OUTER_BOUND('',#8431,.T.);
#8433=DIRECTION('',(3.9916436944293116e-07,0.9999540615742369,-0.009585131247277195));
#8434=DIRECTION('',(0.06845882535063581,-0.00956267130447619,-0.9976081117097705));
#8435=AXIS2_PLACEMENT_3D('',#633,#8433,#8434);
#8436=PLANE('',#8435);
#8437=FACE_SURFACE('',(#8432),#8436,.T.);
#8438=POLY_LOOP('',(#633,#634,#632));
#8439=FACE_OUTER_BOUND('',#8438,.T.);
#8440=DIRECTION('',(-2.326004060906829e-06,0.9999540597791695,-0.009585318239204983));
#8441=DIRECTION('',(0.16614459536632672,-0.009451709311315311,-0.9860561031815857));
#8442=AXIS2_PLACEMENT_3D('',#633,#8440,#8441);
#8443=PLANE('',#8442);
#8444=FACE_SURFACE('',(#8439),#8443,.T.);
#8445=POLY_LOOP('',(#616,#634,#633));
#8446=FACE_OUTER_BOUND('',#8445,.T.);
#8447=DIRECTION('',(4.0865418238681e-06,0.9999540701291708,-0.009584237862527984));
#8448=DIRECTION('',(-0.7796280004793228,0.006005246834086881,0.6262141150429897));
#8449=AXIS2_PLACEMENT_3D('',#616,#8447,#8448);
#8450=PLANE('',#8449);
#8451=FACE_SURFACE('',(#8446),#8450,.T.);
#8452=POLY_LOOP('',(#635,#616,#633));
#8453=FACE_OUTER_BOUND('',#8452,.T.);
#8454=DIRECTION('',(6.212370239677901e-07,0.9999540612910294,-0.009585160780633149));
#8455=DIRECTION('',(0.07264022460843836,-0.009559883917282692,-0.9973123915746378));
#8456=AXIS2_PLACEMENT_3D('',#635,#8454,#8455);
#8457=PLANE('',#8456);
#8458=FACE_SURFACE('',(#8453),#8457,.T.);
#8459=POLY_LOOP('',(#635,#615,#616));
#8460=FACE_OUTER_BOUND('',#8459,.T.);
#8461=DIRECTION('',(-1.3907619545102123e-05,0.9999540510511795,-0.009586218905972431));
#8462=DIRECTION('',(0.17839340090408176,-0.009429967798091412,-0.9839140563185397));
#8463=AXIS2_PLACEMENT_3D('',#635,#8461,#8462);
#8464=PLANE('',#8463);
#8465=FACE_SURFACE('',(#8460),#8464,.T.);
#8466=POLY_LOOP('',(#629,#615,#635));
#8467=FACE_OUTER_BOUND('',#8466,.T.);
#8468=DIRECTION('',(-1.7411221148016667e-05,0.9999540449068669,-0.009586854084889405));
#8469=DIRECTION('',(0.059540766879184755,-0.009568809176899054,-0.9981800113057637));
#8470=AXIS2_PLACEMENT_3D('',#629,#8468,#8469);
#8471=PLANE('',#8470);
#8472=FACE_SURFACE('',(#8467),#8471,.T.);
#8473=POLY_LOOP('',(#631,#636,#637));
#8474=FACE_OUTER_BOUND('',#8473,.T.);
#8475=DIRECTION('',(-2.6156893309580695e-06,0.999954153963804,-0.00957548764768582));
#8476=DIRECTION('',(-0.24095024748061386,-0.009293999765716288,-0.9704929674177891));
#8477=AXIS2_PLACEMENT_3D('',#631,#8475,#8476);
#8478=PLANE('',#8477);
#8479=FACE_SURFACE('',(#8474),#8478,.T.);
#8480=POLY_LOOP('',(#631,#624,#636));
#8481=FACE_OUTER_BOUND('',#8480,.T.);
#8482=DIRECTION('',(2.5216166663150864e-05,0.9999540874619918,-0.009582396996590881));
#8483=DIRECTION('',(-0.0040008322149386434,-0.009582219427232605,-0.9999460857528452));
#8484=AXIS2_PLACEMENT_3D('',#631,#8482,#8483);
#8485=PLANE('',#8484);
#8486=FACE_SURFACE('',(#8481),#8485,.T.);
#8487=POLY_LOOP('',(#623,#624,#631));
#8488=FACE_OUTER_BOUND('',#8487,.T.);
#8489=DIRECTION('',(2.8042033069276965e-05,0.9999540872784071,-0.009582408301258567));
#8490=DIRECTION('',(-0.4081453449498342,0.008759387766486479,0.9128749369556254));
#8491=AXIS2_PLACEMENT_3D('',#623,#8489,#8490);
#8492=PLANE('',#8491);
#8493=FACE_SURFACE('',(#8488),#8492,.T.);
#8494=POLY_LOOP('',(#629,#628,#615));
#8495=FACE_OUTER_BOUND('',#8494,.T.);
#8496=DIRECTION('',(1.008783147705636e-05,0.9999540607308047,-0.009585213936572504));
#8497=DIRECTION('',(0.9999999999491159,-1.0086784168783328e-05,1.576060026372395e-07));
#8498=AXIS2_PLACEMENT_3D('',#629,#8496,#8497);
#8499=PLANE('',#8498);
#8500=FACE_SURFACE('',(#8495),#8499,.T.);
#8501=POLY_LOOP('',(#638,#639,#640));
#8502=FACE_OUTER_BOUND('',#8501,.T.);
#8503=DIRECTION('',(0.8418671186218994,0.4955077164917193,0.21385008178727163));
#8504=DIRECTION('',(-0.36359181123361106,0.8135745195611614,-0.45375929293479755));
#8505=AXIS2_PLACEMENT_3D('',#638,#8503,#8504);
#8506=PLANE('',#8505);
#8507=FACE_SURFACE('',(#8502),#8506,.T.);
#8508=POLY_LOOP('',(#638,#641,#639));
#8509=FACE_OUTER_BOUND('',#8508,.T.);
#8510=DIRECTION('',(0.8606087931097818,0.47981048739433213,0.17068802362362231));
#8511=DIRECTION('',(-0.05411219800970283,0.4194219081495917,-0.9061772083818452));
#8512=AXIS2_PLACEMENT_3D('',#638,#8510,#8511);
#8513=PLANE('',#8512);
#8514=FACE_SURFACE('',(#8509),#8513,.T.);
#8515=POLY_LOOP('',(#636,#641,#638));
#8516=FACE_OUTER_BOUND('',#8515,.T.);
#8517=DIRECTION('',(0.8071232336020974,0.5526763383883961,0.20760768474526475));
#8518=DIRECTION('',(-0.5813979107685101,0.8051913699575983,0.11680465358802061));
#8519=AXIS2_PLACEMENT_3D('',#636,#8517,#8518);
#8520=PLANE('',#8519);
#8521=FACE_SURFACE('',(#8516),#8520,.T.);
#8522=POLY_LOOP('',(#636,#642,#641));
#8523=FACE_OUTER_BOUND('',#8522,.T.);
#8524=DIRECTION('',(0.8030467524558201,0.544830200328138,0.24140415526780376));
#8525=DIRECTION('',(-0.3881147809219889,0.7855801196152233,-0.48190330201733217));
#8526=AXIS2_PLACEMENT_3D('',#636,#8524,#8525);
#8527=PLANE('',#8526);
#8528=FACE_SURFACE('',(#8523),#8527,.T.);
#8529=POLY_LOOP('',(#643,#642,#636));
#8530=FACE_OUTER_BOUND('',#8529,.T.);
#8531=DIRECTION('',(0.7940872317264963,0.5504392584434383,0.25776363431094673));
#8532=DIRECTION('',(-0.5852920127246686,0.8068561022702347,0.08010299663552443));
#8533=AXIS2_PLACEMENT_3D('',#643,#8531,#8532);
#8534=PLANE('',#8533);
#8535=FACE_SURFACE('',(#8530),#8534,.T.);
#8536=POLY_LOOP('',(#643,#644,#642));
#8537=FACE_OUTER_BOUND('',#8536,.T.);
#8538=DIRECTION('',(0.7858906700855095,0.5402095684549011,0.3009144011547444));
#8539=DIRECTION('',(-0.42657811795438066,0.8259196867941903,-0.36862959762922587));
#8540=AXIS2_PLACEMENT_3D('',#643,#8538,#8539);
#8541=PLANE('',#8540);
#8542=FACE_SURFACE('',(#8537),#8541,.T.);
#8543=POLY_LOOP('',(#622,#644,#643));
#8544=FACE_OUTER_BOUND('',#8543,.T.);
#8545=DIRECTION('',(0.789893286971487,0.5387335892819303,0.2929756218131274));
#8546=DIRECTION('',(-0.58237889520788,0.8086505908739006,0.08318079282947816));
#8547=AXIS2_PLACEMENT_3D('',#622,#8545,#8546);
#8548=PLANE('',#8547);
#8549=FACE_SURFACE('',(#8544),#8548,.T.);
#8550=POLY_LOOP('',(#622,#625,#644));
#8551=FACE_OUTER_BOUND('',#8550,.T.);
#8552=DIRECTION('',(0.771670180428238,0.5177473718276588,0.3694087053703558));
#8553=DIRECTION('',(-0.42248376854565173,0.8514244445659302,-0.31077947247374843));
#8554=AXIS2_PLACEMENT_3D('',#622,#8552,#8553);
#8555=PLANE('',#8554);
#8556=FACE_SURFACE('',(#8551),#8555,.T.);
#8557=POLY_LOOP('',(#620,#625,#622));
#8558=FACE_OUTER_BOUND('',#8557,.T.);
#8559=DIRECTION('',(0.7791853604679457,0.5163396839486789,0.3553357634860526));
#8560=DIRECTION('',(-0.5772440446384803,0.812052267633499,0.08579293421197388));
#8561=AXIS2_PLACEMENT_3D('',#620,#8559,#8560);
#8562=PLANE('',#8561);
#8563=FACE_SURFACE('',(#8558),#8562,.T.);
#8564=POLY_LOOP('',(#620,#610,#625));
#8565=FACE_OUTER_BOUND('',#8564,.T.);
#8566=DIRECTION('',(0.7549884932452916,0.49072869212988907,0.4349456584306744));
#8567=DIRECTION('',(-0.10007389991448337,0.7417487665117917,-0.6631696479289003));
#8568=AXIS2_PLACEMENT_3D('',#620,#8566,#8567);
#8569=PLANE('',#8568);
#8570=FACE_SURFACE('',(#8565),#8569,.T.);
#8571=POLY_LOOP('',(#618,#610,#620));
#8572=FACE_OUTER_BOUND('',#8571,.T.);
#8573=DIRECTION('',(0.6783234930205683,0.5384766107964845,0.4999201720690081));
#8574=DIRECTION('',(-0.6607120548619074,0.7446824962151026,0.094379872806651));
#8575=AXIS2_PLACEMENT_3D('',#618,#8573,#8574);
#8576=PLANE('',#8575);
#8577=FACE_SURFACE('',(#8572),#8576,.T.);
#8578=POLY_LOOP('',(#586,#357,#358));
#8579=FACE_OUTER_BOUND('',#8578,.T.);
#8580=DIRECTION('',(0.9922606477601943,0.0011919911951527628,0.12416676714608654));
#8581=DIRECTION('',(-0.0034754759023103475,-0.9992955691166322,0.037366918673052044));
#8582=AXIS2_PLACEMENT_3D('',#586,#8580,#8581);
#8583=PLANE('',#8582);
#8584=FACE_SURFACE('',(#8579),#8583,.T.);
#8585=POLY_LOOP('',(#611,#645,#625));
#8586=FACE_OUTER_BOUND('',#8585,.T.);
#8587=DIRECTION('',(0.8218103522574257,0.42814097285688646,0.3759295842091769));
#8588=DIRECTION('',(-0.5592081232313276,0.4797018640256233,0.6761452481253113));
#8589=AXIS2_PLACEMENT_3D('',#611,#8587,#8588);
#8590=PLANE('',#8589);
#8591=FACE_SURFACE('',(#8586),#8590,.T.);
#8592=POLY_LOOP('',(#586,#358,#304));
#8593=FACE_OUTER_BOUND('',#8592,.T.);
#8594=DIRECTION('',(0.9933721364615457,0.0010980457413779562,0.11493734291941098));
#8595=DIRECTION('',(-7.137222881241198e-05,-0.9999482838458668,0.010169785627584332));
#8596=AXIS2_PLACEMENT_3D('',#586,#8594,#8595);
#8597=PLANE('',#8596);
#8598=FACE_SURFACE('',(#8593),#8597,.T.);
#8599=POLY_LOOP('',(#646,#297,#299));
#8600=FACE_OUTER_BOUND('',#8599,.T.);
#8601=DIRECTION('',(-0.445079086734232,0.06474109278854401,-0.8931479146571227));
#8602=DIRECTION('',(0.8480313160914876,-0.2899169926124015,-0.4436113437714597));
#8603=AXIS2_PLACEMENT_3D('',#646,#8601,#8602);
#8604=PLANE('',#8603);
#8605=FACE_SURFACE('',(#8600),#8604,.T.);
#8606=POLY_LOOP('',(#647,#648,#649));
#8607=FACE_OUTER_BOUND('',#8606,.T.);
#8608=DIRECTION('',(-0.6476423068822357,0.7052990401756684,0.2882927440355329));
#8609=DIRECTION('',(0.03513144599362403,-0.3503208266694067,0.935970672566219));
#8610=AXIS2_PLACEMENT_3D('',#647,#8608,#8609);
#8611=PLANE('',#8610);
#8612=FACE_SURFACE('',(#8607),#8611,.T.);
#8613=POLY_LOOP('',(#647,#650,#648));
#8614=FACE_OUTER_BOUND('',#8613,.T.);
#8615=DIRECTION('',(-0.6476570152068977,0.7052871303835089,0.2882888384393124));
#8616=DIRECTION('',(-0.6821274113480253,-0.7052938296375775,0.19303577016398224));
#8617=AXIS2_PLACEMENT_3D('',#647,#8615,#8616);
#8618=PLANE('',#8617);
#8619=FACE_SURFACE('',(#8614),#8618,.T.);
#8620=POLY_LOOP('',(#648,#651,#652));
#8621=FACE_OUTER_BOUND('',#8620,.T.);
#8622=DIRECTION('',(-0.8924244265182592,0.00660663719169943,0.45114852908834063));
#8623=DIRECTION('',(-0.0551570475907879,-0.9939908461205126,-0.09455103346709116));
#8624=AXIS2_PLACEMENT_3D('',#648,#8622,#8623);
#8625=PLANE('',#8624);
#8626=FACE_SURFACE('',(#8621),#8625,.T.);
#8627=POLY_LOOP('',(#648,#653,#651));
#8628=FACE_OUTER_BOUND('',#8627,.T.);
#8629=DIRECTION('',(-0.9408980632694957,0.020050330651694218,0.33809587216715603));
#8630=DIRECTION('',(-0.08303042584497725,-0.9814395564850593,-0.17286510738264074));
#8631=AXIS2_PLACEMENT_3D('',#648,#8629,#8630);
#8632=PLANE('',#8631);
#8633=FACE_SURFACE('',(#8628),#8632,.T.);
#8634=POLY_LOOP('',(#650,#653,#648));
#8635=FACE_OUTER_BOUND('',#8634,.T.);
#8636=DIRECTION('',(-0.9100217823671898,0.003973503613661546,0.41454139345338664));
#8637=DIRECTION('',(1.521401952590463e-07,-0.9999540609762881,0.009585193634283656));
#8638=AXIS2_PLACEMENT_3D('',#650,#8636,#8637);
#8639=PLANE('',#8638);
#8640=FACE_SURFACE('',(#8635),#8639,.T.);
#8641=POLY_LOOP('',(#654,#648,#652));
#8642=FACE_OUTER_BOUND('',#8641,.T.);
#8643=DIRECTION('',(-0.8130897846693678,0.004362412610672953,0.5821219557983839));
#8644=DIRECTION('',(-0.03287549469400375,0.998031953703548,-0.05339870068928205));
#8645=AXIS2_PLACEMENT_3D('',#654,#8643,#8644);
#8646=PLANE('',#8645);
#8647=FACE_SURFACE('',(#8642),#8646,.T.);
#8648=POLY_LOOP('',(#654,#655,#648));
#8649=FACE_OUTER_BOUND('',#8648,.T.);
#8650=DIRECTION('',(-0.7845888470917061,0.007326431126914784,0.6199731158899151));
#8651=DIRECTION('',(0.016613093273636442,0.9998195833618728,0.009209009608671116));
#8652=AXIS2_PLACEMENT_3D('',#654,#8650,#8651);
#8653=PLANE('',#8652);
#8654=FACE_SURFACE('',(#8649),#8653,.T.);
#8655=POLY_LOOP('',(#656,#655,#654));
#8656=FACE_OUTER_BOUND('',#8655,.T.);
#8657=DIRECTION('',(-0.6751404109913907,0.004423703512296071,0.7376759832701697));
#8658=DIRECTION('',(-0.7376870975984015,-0.006462675394823281,-0.6751118276727105));
#8659=AXIS2_PLACEMENT_3D('',#656,#8657,#8658);
#8660=PLANE('',#8659);
#8661=FACE_SURFACE('',(#8656),#8660,.T.);
#8662=POLY_LOOP('',(#657,#658,#659));
#8663=FACE_OUTER_BOUND('',#8662,.T.);
#8664=DIRECTION('',(-0.3953446747717383,0.008804303538904953,0.9184906490372253));
#8665=DIRECTION('',(-0.051742189403098986,-0.9985797280595633,-0.01269931274764623));
#8666=AXIS2_PLACEMENT_3D('',#657,#8664,#8665);
#8667=PLANE('',#8666);
#8668=FACE_SURFACE('',(#8663),#8667,.T.);
#8669=POLY_LOOP('',(#657,#660,#658));
#8670=FACE_OUTER_BOUND('',#8669,.T.);
#8671=DIRECTION('',(-0.5051937736698593,0.015203543589842647,0.8628720086475855));
#8672=DIRECTION('',(-0.10171018015375588,-0.9939255344285416,-0.04203654676621857));
#8673=AXIS2_PLACEMENT_3D('',#657,#8671,#8672);
#8674=PLANE('',#8673);
#8675=FACE_SURFACE('',(#8670),#8674,.T.);
#8676=POLY_LOOP('',(#656,#660,#657));
#8677=FACE_OUTER_BOUND('',#8676,.T.);
#8678=DIRECTION('',(-0.4792890813073079,0.01193078746837972,0.8775759983328971));
#8679=DIRECTION('',(0.02161351815647586,-0.9994439003303133,0.0253918476175014));
#8680=AXIS2_PLACEMENT_3D('',#656,#8678,#8679);
#8681=PLANE('',#8680);
#8682=FACE_SURFACE('',(#8677),#8681,.T.);
#8683=POLY_LOOP('',(#656,#661,#660));
#8684=FACE_OUTER_BOUND('',#8683,.T.);
#8685=DIRECTION('',(-0.6173741727602766,0.006634346868240461,0.7866416695358797));
#8686=DIRECTION('',(-0.023963172869950387,-0.999658994797227,-0.010375956197020971));
#8687=AXIS2_PLACEMENT_3D('',#656,#8685,#8686);
#8688=PLANE('',#8687);
#8689=FACE_SURFACE('',(#8684),#8688,.T.);
#8690=POLY_LOOP('',(#649,#648,#655));
#8691=FACE_OUTER_BOUND('',#8690,.T.);
#8692=DIRECTION('',(-0.5556801545137338,0.7101412702804669,0.4323412334303056));
#8693=DIRECTION('',(-0.5882313478042126,-0.7033085669675959,0.3991753262545496));
#8694=AXIS2_PLACEMENT_3D('',#649,#8692,#8693);
#8695=PLANE('',#8694);
#8696=FACE_SURFACE('',(#8691),#8695,.T.);
#8697=POLY_LOOP('',(#654,#661,#656));
#8698=FACE_OUTER_BOUND('',#8697,.T.);
#8699=DIRECTION('',(-0.7151163655403435,0.009887704835557154,0.6989354884604551));
#8700=DIRECTION('',(0.49756836997384346,-0.6950877666835593,0.5189207201571683));
#8701=AXIS2_PLACEMENT_3D('',#654,#8699,#8700);
#8702=PLANE('',#8701);
#8703=FACE_SURFACE('',(#8698),#8702,.T.);
#8704=POLY_LOOP('',(#662,#249,#248));
#8705=FACE_OUTER_BOUND('',#8704,.T.);
#8706=DIRECTION('',(-0.7657613941213001,0.01698616584266531,-0.6429004257607612));
#8707=DIRECTION('',(0.4829867177429185,-0.6448826921278471,-0.5923260452469253));
#8708=AXIS2_PLACEMENT_3D('',#662,#8706,#8707);
#8709=PLANE('',#8708);
#8710=FACE_SURFACE('',(#8705),#8709,.T.);
#8711=POLY_LOOP('',(#663,#249,#662));
#8712=FACE_OUTER_BOUND('',#8711,.T.);
#8713=DIRECTION('',(-0.81618867564005,-0.08658207592683978,-0.5712614024114883));
#8714=DIRECTION('',(0.4238041381895371,-0.761729508221155,-0.49005939309289964));
#8715=AXIS2_PLACEMENT_3D('',#663,#8713,#8714);
#8716=PLANE('',#8715);
#8717=FACE_SURFACE('',(#8712),#8716,.T.);
#8718=POLY_LOOP('',(#663,#261,#249));
#8719=FACE_OUTER_BOUND('',#8718,.T.);
#8720=DIRECTION('',(-0.7072965144937018,0.05965429442029438,-0.7043954895811567));
#8721=DIRECTION('',(0.5208082449059606,-0.6298003530230172,-0.5762901069514));
#8722=AXIS2_PLACEMENT_3D('',#663,#8720,#8721);
#8723=PLANE('',#8722);
#8724=FACE_SURFACE('',(#8719),#8723,.T.);
#8725=POLY_LOOP('',(#664,#261,#663));
#8726=FACE_OUTER_BOUND('',#8725,.T.);
#8727=DIRECTION('',(-0.7453340526968317,-0.006328817309682146,-0.6666611552820347));
#8728=DIRECTION('',(-0.00047846621477037866,-0.99994960631797,0.010027756210544709));
#8729=AXIS2_PLACEMENT_3D('',#664,#8727,#8728);
#8730=PLANE('',#8729);
#8731=FACE_SURFACE('',(#8726),#8730,.T.);
#8732=POLY_LOOP('',(#664,#276,#261));
#8733=FACE_OUTER_BOUND('',#8732,.T.);
#8734=DIRECTION('',(-0.6561908096610535,-0.007252945574436525,-0.7545601474348252));
#8735=DIRECTION('',(0.4012591105863324,-0.8502134107141452,-0.34077600034815503));
#8736=AXIS2_PLACEMENT_3D('',#664,#8734,#8735);
#8737=PLANE('',#8736);
#8738=FACE_SURFACE('',(#8733),#8737,.T.);
#8739=POLY_LOOP('',(#301,#276,#664));
#8740=FACE_OUTER_BOUND('',#8739,.T.);
#8741=DIRECTION('',(-0.5864384272624584,0.04733052642474748,-0.8086097898852638));
#8742=DIRECTION('',(-0.8062308281882283,-0.13022356353439477,0.5770906992660053));
#8743=AXIS2_PLACEMENT_3D('',#301,#8741,#8742);
#8744=PLANE('',#8743);
#8745=FACE_SURFACE('',(#8740),#8744,.T.);
#8746=POLY_LOOP('',(#664,#646,#301));
#8747=FACE_OUTER_BOUND('',#8746,.T.);
#8748=DIRECTION('',(-0.6073912847154702,-0.007614982193512742,-0.7943663130432226));
#8749=DIRECTION('',(0.7944028117089815,-0.005823265879197227,-0.6073633692637092));
#8750=AXIS2_PLACEMENT_3D('',#664,#8748,#8749);
#8751=PLANE('',#8750);
#8752=FACE_SURFACE('',(#8747),#8751,.T.);
#8753=POLY_LOOP('',(#665,#254,#256));
#8754=FACE_OUTER_BOUND('',#8753,.T.);
#8755=DIRECTION('',(-0.9321580310171427,-0.0034740886941279116,-0.36203499267058287));
#8756=DIRECTION('',(0.018367057582659368,-0.9991201634787509,-0.03770344978843976));
#8757=AXIS2_PLACEMENT_3D('',#665,#8755,#8756);
#8758=PLANE('',#8757);
#8759=FACE_SURFACE('',(#8754),#8758,.T.);
#8760=POLY_LOOP('',(#665,#252,#254));
#8761=FACE_OUTER_BOUND('',#8760,.T.);
#8762=DIRECTION('',(-0.9062923669086418,-0.0007111592006370274,-0.42265073043320656));
#8763=DIRECTION('',(0.2246270724535626,-0.8478855310085309,-0.4802424435921128));
#8764=AXIS2_PLACEMENT_3D('',#665,#8762,#8763);
#8765=PLANE('',#8764);
#8766=FACE_SURFACE('',(#8761),#8765,.T.);
#8767=POLY_LOOP('',(#666,#252,#665));
#8768=FACE_OUTER_BOUND('',#8767,.T.);
#8769=DIRECTION('',(-0.9209006267128028,-0.02359420385626997,-0.3890827023453446));
#8770=DIRECTION('',(0.1259746846680277,-0.9626169152958098,-0.23978960196215887));
#8771=AXIS2_PLACEMENT_3D('',#666,#8769,#8770);
#8772=PLANE('',#8771);
#8773=FACE_SURFACE('',(#8768),#8772,.T.);
#8774=POLY_LOOP('',(#666,#251,#252));
#8775=FACE_OUTER_BOUND('',#8774,.T.);
#8776=DIRECTION('',(-0.8591978238439799,0.01495630647518853,-0.5114248805038618));
#8777=DIRECTION('',(0.2891861842590876,-0.810398524519417,-0.5095346723142804));
#8778=AXIS2_PLACEMENT_3D('',#666,#8776,#8777);
#8779=PLANE('',#8778);
#8780=FACE_SURFACE('',(#8775),#8779,.T.);
#8781=POLY_LOOP('',(#662,#251,#666));
#8782=FACE_OUTER_BOUND('',#8781,.T.);
#8783=DIRECTION('',(-0.872805999269101,-0.004599302410148185,-0.4880456270239555));
#8784=DIRECTION('',(-0.0005821278126538072,-0.9999450765829231,0.010464461036383));
#8785=AXIS2_PLACEMENT_3D('',#662,#8783,#8784);
#8786=PLANE('',#8785);
#8787=FACE_SURFACE('',(#8782),#8786,.T.);
#8788=POLY_LOOP('',(#662,#248,#251));
#8789=FACE_OUTER_BOUND('',#8788,.T.);
#8790=DIRECTION('',(-0.8202910778950224,-0.0055076203070258505,-0.5719197615438514));
#8791=DIRECTION('',(0.14378050738220857,-0.9698272196639223,-0.1968815118183045));
#8792=AXIS2_PLACEMENT_3D('',#662,#8790,#8791);
#8793=PLANE('',#8792);
#8794=FACE_SURFACE('',(#8789),#8793,.T.);
#8795=POLY_LOOP('',(#667,#257,#259));
#8796=FACE_OUTER_BOUND('',#8795,.T.);
#8797=DIRECTION('',(-0.956610689413145,0.027998293612646042,-0.2900208345193281));
#8798=DIRECTION('',(0.16216076573437968,-0.7758117771501862,-0.609770426055175));
#8799=AXIS2_PLACEMENT_3D('',#667,#8797,#8798);
#8800=PLANE('',#8799);
#8801=FACE_SURFACE('',(#8796),#8800,.T.);
#8802=POLY_LOOP('',(#649,#655,#668));
#8803=FACE_OUTER_BOUND('',#8802,.T.);
#8804=DIRECTION('',(-0.49491397690383104,0.7413731144340282,0.4532395179809715));
#8805=DIRECTION('',(-0.018737974975251148,-0.5305835828957473,0.8474254833643715));
#8806=AXIS2_PLACEMENT_3D('',#649,#8804,#8805);
#8807=PLANE('',#8806);
#8808=FACE_SURFACE('',(#8803),#8807,.T.);
#8809=POLY_LOOP('',(#668,#656,#657));
#8810=FACE_OUTER_BOUND('',#8809,.T.);
#8811=DIRECTION('',(-0.34110721629600455,0.7084516304076811,0.6178528581818565));
#8812=DIRECTION('',(-0.43394001648813924,-0.7017234689842544,0.565048878564481));
#8813=AXIS2_PLACEMENT_3D('',#668,#8811,#8812);
#8814=PLANE('',#8813);
#8815=FACE_SURFACE('',(#8810),#8814,.T.);
#8816=POLY_LOOP('',(#669,#670,#671));
#8817=FACE_OUTER_BOUND('',#8816,.T.);
#8818=DIRECTION('',(0.2478984731923279,0.7072655800361911,-0.6620587181549556));
#8819=DIRECTION('',(-0.7200231983443668,-0.32271082328967615,-0.6143486944542553));
#8820=AXIS2_PLACEMENT_3D('',#669,#8818,#8819);
#8821=PLANE('',#8820);
#8822=FACE_SURFACE('',(#8817),#8821,.T.);
#8823=POLY_LOOP('',(#669,#672,#670));
#8824=FACE_OUTER_BOUND('',#8823,.T.);
#8825=DIRECTION('',(0.2729060582592374,0.6822811683428468,-0.6782438283465066));
#8826=DIRECTION('',(0.6901663607286548,-0.6300005363012687,-0.35604735468569104));
#8827=AXIS2_PLACEMENT_3D('',#669,#8825,#8826);
#8828=PLANE('',#8827);
#8829=FACE_SURFACE('',(#8824),#8828,.T.);
#8830=POLY_LOOP('',(#556,#672,#669));
#8831=FACE_OUTER_BOUND('',#8830,.T.);
#8832=DIRECTION('',(0.3382542885282164,0.7158107129078106,-0.6109002042712722));
#8833=DIRECTION('',(-0.8724972395739313,-0.00469088099522613,-0.4885965232902897));
#8834=AXIS2_PLACEMENT_3D('',#556,#8832,#8833);
#8835=PLANE('',#8834);
#8836=FACE_SURFACE('',(#8831),#8835,.T.);
#8837=POLY_LOOP('',(#669,#673,#556));
#8838=FACE_OUTER_BOUND('',#8837,.T.);
#8839=DIRECTION('',(0.33562411092831934,0.7002318659809329,-0.6301045865794311));
#8840=DIRECTION('',(0.8804915198268711,0.004542324794869507,0.47404013627373853));
#8841=AXIS2_PLACEMENT_3D('',#669,#8839,#8840);
#8842=PLANE('',#8841);
#8843=FACE_SURFACE('',(#8838),#8842,.T.);
#8844=POLY_LOOP('',(#674,#646,#675));
#8845=FACE_OUTER_BOUND('',#8844,.T.);
#8846=DIRECTION('',(-0.3250684626781683,0.6996861710318947,-0.6362151810816671));
#8847=DIRECTION('',(-0.8885205638564496,0.004395581475849343,0.45881574348283427));
#8848=AXIS2_PLACEMENT_3D('',#674,#8846,#8847);
#8849=PLANE('',#8848);
#8850=FACE_SURFACE('',(#8845),#8849,.T.);
#8851=POLY_LOOP('',(#676,#650,#647));
#8852=FACE_OUTER_BOUND('',#8851,.T.);
#8853=DIRECTION('',(-0.69041454950863,0.7081694969927449,0.14772851233204157));
#8854=DIRECTION('',(-0.16714344267219355,-0.35484220925668397,0.9198641617660309));
#8855=AXIS2_PLACEMENT_3D('',#676,#8853,#8854);
#8856=PLANE('',#8855);
#8857=FACE_SURFACE('',(#8852),#8856,.T.);
#8858=POLY_LOOP('',(#676,#677,#650));
#8859=FACE_OUTER_BOUND('',#8858,.T.);
#8860=DIRECTION('',(-0.7177399257945055,0.6834471943665593,0.13322661683378498));
#8861=DIRECTION('',(-0.5713974966595157,-0.4687557276035037,-0.673626727980822));
#8862=AXIS2_PLACEMENT_3D('',#676,#8860,#8861);
#8863=PLANE('',#8862);
#8864=FACE_SURFACE('',(#8859),#8863,.T.);
#8865=POLY_LOOP('',(#678,#677,#676));
#8866=FACE_OUTER_BOUND('',#8865,.T.);
#8867=DIRECTION('',(-0.6853869748701273,0.7240391790036562,0.07753684250784926));
#8868=DIRECTION('',(-0.3545466271681513,-0.4248206697100342,0.8329610361540365));
#8869=AXIS2_PLACEMENT_3D('',#678,#8867,#8868);
#8870=PLANE('',#8869);
#8871=FACE_SURFACE('',(#8866),#8870,.T.);
#8872=POLY_LOOP('',(#678,#679,#677));
#8873=FACE_OUTER_BOUND('',#8872,.T.);
#8874=DIRECTION('',(-0.7049129258757015,0.706718190350673,0.06039177395000117));
#8875=DIRECTION('',(-0.7048241105586762,-0.707470708390551,0.05204008017425409));
#8876=AXIS2_PLACEMENT_3D('',#678,#8874,#8875);
#8877=PLANE('',#8876);
#8878=FACE_SURFACE('',(#8873),#8877,.T.);
#8879=POLY_LOOP('',(#680,#679,#678));
#8880=FACE_OUTER_BOUND('',#8879,.T.);
#8881=DIRECTION('',(-0.7079586613975477,0.7061594977582911,0.011545452695778698));
#8882=DIRECTION('',(0.02586570971098293,0.009588193952174492,0.9996194433872736));
#8883=AXIS2_PLACEMENT_3D('',#680,#8881,#8882);
#8884=PLANE('',#8883);
#8885=FACE_SURFACE('',(#8880),#8884,.T.);
#8886=POLY_LOOP('',(#681,#680,#678));
#8887=FACE_OUTER_BOUND('',#8886,.T.);
#8888=DIRECTION('',(-0.6915713155225425,0.7222989860531329,-0.003645585417454384));
#8889=DIRECTION('',(-0.5893485777670947,-0.5613443944862301,0.5809997630488246));
#8890=AXIS2_PLACEMENT_3D('',#681,#8888,#8889);
#8891=PLANE('',#8890);
#8892=FACE_SURFACE('',(#8887),#8891,.T.);
#8893=POLY_LOOP('',(#681,#682,#680));
#8894=FACE_OUTER_BOUND('',#8893,.T.);
#8895=DIRECTION('',(-0.7061485798912941,0.7072977133021205,-0.032926097173823075));
#8896=DIRECTION('',(-0.7064234729934227,-0.7069140074157226,-0.03519180193389974));
#8897=AXIS2_PLACEMENT_3D('',#681,#8895,#8896);
#8898=PLANE('',#8897);
#8899=FACE_SURFACE('',(#8894),#8898,.T.);
#8900=POLY_LOOP('',(#655,#656,#668));
#8901=FACE_OUTER_BOUND('',#8900,.T.);
#8902=DIRECTION('',(-0.47816616267294937,0.7109360362542834,0.5156811740113024));
#8903=DIRECTION('',(0.7376870975984015,0.006462675394823281,0.6751118276727105));
#8904=AXIS2_PLACEMENT_3D('',#655,#8902,#8903);
#8905=PLANE('',#8904);
#8906=FACE_SURFACE('',(#8901),#8905,.T.);
#8907=POLY_LOOP('',(#683,#682,#681));
#8908=FACE_OUTER_BOUND('',#8907,.T.);
#8909=DIRECTION('',(-0.7015347230818009,0.7059102428952201,-0.09767170156269561));
#8910=DIRECTION('',(-0.4247546724274638,-0.30414120281139956,0.8526907980056271));
#8911=AXIS2_PLACEMENT_3D('',#683,#8909,#8910);
#8912=PLANE('',#8911);
#8913=FACE_SURFACE('',(#8908),#8912,.T.);
#8914=POLY_LOOP('',(#684,#667,#683));
#8915=FACE_OUTER_BOUND('',#8914,.T.);
#8916=DIRECTION('',(-0.6953596956575173,0.6989825448214892,-0.1670278290883284));
#8917=DIRECTION('',(-0.6722655227485852,-0.5505008054017585,0.4949827574528094));
#8918=AXIS2_PLACEMENT_3D('',#684,#8916,#8917);
#8919=PLANE('',#8918);
#8920=FACE_SURFACE('',(#8915),#8919,.T.);
#8921=POLY_LOOP('',(#684,#665,#667));
#8922=FACE_OUTER_BOUND('',#8921,.T.);
#8923=DIRECTION('',(-0.7041582140794866,0.6818772961092531,-0.1980014206896548));
#8924=DIRECTION('',(-0.22456087494955784,-0.47841058291132543,-0.8489379998564883));
#8925=AXIS2_PLACEMENT_3D('',#684,#8923,#8924);
#8926=PLANE('',#8925);
#8927=FACE_SURFACE('',(#8922),#8926,.T.);
#8928=POLY_LOOP('',(#685,#665,#684));
#8929=FACE_OUTER_BOUND('',#8928,.T.);
#8930=DIRECTION('',(-0.6506269212174488,0.7221653749124309,-0.23486545225871683));
#8931=DIRECTION('',(-0.7590650433240527,-0.6093056958588767,0.22927457119659836));
#8932=AXIS2_PLACEMENT_3D('',#685,#8930,#8931);
#8933=PLANE('',#8932);
#8934=FACE_SURFACE('',(#8929),#8933,.T.);
#8935=POLY_LOOP('',(#685,#666,#665));
#8936=FACE_OUTER_BOUND('',#8935,.T.);
#8937=DIRECTION('',(-0.6509350256876422,0.7048334279788209,-0.281945794678078));
#8938=DIRECTION('',(-0.6415747189221356,-0.7093135110691612,-0.29198668300921116));
#8939=AXIS2_PLACEMENT_3D('',#685,#8937,#8938);
#8940=PLANE('',#8939);
#8941=FACE_SURFACE('',(#8936),#8940,.T.);
#8942=POLY_LOOP('',(#662,#666,#685));
#8943=FACE_OUTER_BOUND('',#8942,.T.);
#8944=DIRECTION('',(-0.6174682861840184,0.7034185787154931,-0.35204434191568384));
#8945=DIRECTION('',(-0.48806729326969017,0.008368015015108737,0.8727658870310555));
#8946=AXIS2_PLACEMENT_3D('',#662,#8944,#8945);
#8947=PLANE('',#8946);
#8948=FACE_SURFACE('',(#8943),#8947,.T.);
#8949=POLY_LOOP('',(#686,#662,#685));
#8950=FACE_OUTER_BOUND('',#8949,.T.);
#8951=DIRECTION('',(-0.5976407377978905,0.7161998722192052,-0.3603932457158252));
#8952=DIRECTION('',(-0.748560033936209,-0.6594495135561566,-0.06916801763799504));
#8953=AXIS2_PLACEMENT_3D('',#686,#8951,#8952);
#8954=PLANE('',#8953);
#8955=FACE_SURFACE('',(#8950),#8954,.T.);
#8956=POLY_LOOP('',(#686,#663,#662));
#8957=FACE_OUTER_BOUND('',#8956,.T.);
#8958=DIRECTION('',(-0.5801109778298247,0.7018570702395134,-0.41336171370378705));
#8959=DIRECTION('',(-0.5661154909313725,-0.7122863764108955,-0.4149233289500206));
#8960=AXIS2_PLACEMENT_3D('',#686,#8958,#8959);
#8961=PLANE('',#8960);
#8962=FACE_SURFACE('',(#8957),#8961,.T.);
#8963=POLY_LOOP('',(#687,#663,#686));
#8964=FACE_OUTER_BOUND('',#8963,.T.);
#8965=DIRECTION('',(-0.5256587374717874,0.6996649389281125,-0.48389241051527887));
#8966=DIRECTION('',(-0.8493197219581178,-0.3992977446130939,0.34527861364394097));
#8967=AXIS2_PLACEMENT_3D('',#687,#8965,#8966);
#8968=PLANE('',#8967);
#8969=FACE_SURFACE('',(#8964),#8968,.T.);
#8970=POLY_LOOP('',(#687,#664,#663));
#8971=FACE_OUTER_BOUND('',#8970,.T.);
#8972=DIRECTION('',(-0.5251966743194008,0.7050297453757828,-0.47655168808766185));
#8973=DIRECTION('',(-0.5345501539748664,-0.7090547127593865,-0.45988862477685927));
#8974=AXIS2_PLACEMENT_3D('',#687,#8972,#8973);
#8975=PLANE('',#8974);
#8976=FACE_SURFACE('',(#8971),#8975,.T.);
#8977=POLY_LOOP('',(#675,#664,#687));
#8978=FACE_OUTER_BOUND('',#8977,.T.);
#8979=DIRECTION('',(-0.4303049903877093,0.6966885764834123,-0.5739883645553715));
#8980=DIRECTION('',(-0.9026721945163896,-0.33529527521967095,0.2697405932786728));
#8981=AXIS2_PLACEMENT_3D('',#675,#8979,#8980);
#8982=PLANE('',#8981);
#8983=FACE_SURFACE('',(#8978),#8982,.T.);
#8984=POLY_LOOP('',(#675,#646,#664));
#8985=FACE_OUTER_BOUND('',#8984,.T.);
#8986=DIRECTION('',(-0.43032386129647565,0.7003037162039816,-0.5695577929146303));
#8987=DIRECTION('',(-0.3782345613502533,-0.7127928520911636,-0.5906479210222668));
#8988=AXIS2_PLACEMENT_3D('',#675,#8986,#8987);
#8989=PLANE('',#8988);
#8990=FACE_SURFACE('',(#8985),#8989,.T.);
#8991=POLY_LOOP('',(#668,#657,#688));
#8992=FACE_OUTER_BOUND('',#8991,.T.);
#8993=DIRECTION('',(-0.3411060962579746,0.708452563943969,0.6178524061107651));
#8994=DIRECTION('',(0.5876392962259053,-0.352307691707166,0.7283950493345567));
#8995=AXIS2_PLACEMENT_3D('',#668,#8993,#8994);
#8996=PLANE('',#8995);
#8997=FACE_SURFACE('',(#8992),#8996,.T.);
#8998=POLY_LOOP('',(#683,#667,#682));
#8999=FACE_OUTER_BOUND('',#8998,.T.);
#9000=DIRECTION('',(-0.6904548058727484,0.7180234913357852,-0.08783181050846388));
#9001=DIRECTION('',(-0.7179595558323247,-0.665384952582189,0.20444300199872137));
#9002=AXIS2_PLACEMENT_3D('',#683,#9000,#9001);
#9003=PLANE('',#9002);
#9004=FACE_SURFACE('',(#8999),#9003,.T.);
#9005=POLY_LOOP('',(#667,#256,#257));
#9006=FACE_OUTER_BOUND('',#9005,.T.);
#9007=DIRECTION('',(-0.9435983311033083,0.058855001780714074,-0.32581939522447634));
#9008=DIRECTION('',(0.17910207322445518,-0.7369299829507773,-0.651810284971685));
#9009=AXIS2_PLACEMENT_3D('',#667,#9007,#9008);
#9010=PLANE('',#9009);
#9011=FACE_SURFACE('',(#9006),#9010,.T.);
#9012=POLY_LOOP('',(#665,#256,#667));
#9013=FACE_OUTER_BOUND('',#9012,.T.);
#9014=DIRECTION('',(-0.9649657932558638,-0.0024639016442472785,-0.26236414967515814));
#9015=DIRECTION('',(-0.00018567962809184306,-0.9999492427812322,0.01007359837972499));
#9016=AXIS2_PLACEMENT_3D('',#665,#9014,#9015);
#9017=PLANE('',#9016);
#9018=FACE_SURFACE('',(#9013),#9017,.T.);
#9019=POLY_LOOP('',(#677,#270,#272));
#9020=FACE_OUTER_BOUND('',#9019,.T.);
#9021=DIRECTION('',(-0.9960588265152929,0.0014484821529145739,0.08868323415635142));
#9022=DIRECTION('',(-0.025056817480516448,-0.9637332550172402,-0.2656884812550654));
#9023=AXIS2_PLACEMENT_3D('',#677,#9021,#9022);
#9024=PLANE('',#9023);
#9025=FACE_SURFACE('',(#9020),#9024,.T.);
#9026=POLY_LOOP('',(#283,#689,#690));
#9027=FACE_OUTER_BOUND('',#9026,.T.);
#9028=DIRECTION('',(0.053849421671707594,0.09115235239136996,-0.994379951748396));
#9029=DIRECTION('',(-0.9901137201720696,0.1340393295434054,-0.0413313351173079));
#9030=AXIS2_PLACEMENT_3D('',#283,#9028,#9029);
#9031=PLANE('',#9030);
#9032=FACE_SURFACE('',(#9027),#9031,.T.);
#9033=POLY_LOOP('',(#284,#689,#283));
#9034=FACE_OUTER_BOUND('',#9033,.T.);
#9035=DIRECTION('',(0.04041111383564996,-0.009579850067389135,-0.9991372119740353));
#9036=DIRECTION('',(-3.8198551277540796e-06,0.9999540356332075,-0.00958783637066274));
#9037=AXIS2_PLACEMENT_3D('',#284,#9035,#9036);
#9038=PLANE('',#9037);
#9039=FACE_SURFACE('',(#9034),#9038,.T.);
#9040=POLY_LOOP('',(#691,#287,#288));
#9041=FACE_OUTER_BOUND('',#9040,.T.);
#9042=DIRECTION('',(-0.07005345697261067,-0.009561179495822776,-0.997497417045696));
#9043=DIRECTION('',(0.15532485643098595,-0.9878623976893308,-0.001439515953370802));
#9044=AXIS2_PLACEMENT_3D('',#691,#9042,#9043);
#9045=PLANE('',#9044);
#9046=FACE_SURFACE('',(#9041),#9045,.T.);
#9047=POLY_LOOP('',(#691,#286,#287));
#9048=FACE_OUTER_BOUND('',#9047,.T.);
#9049=DIRECTION('',(-0.0474198031732925,-0.006000434383008199,-0.9988570253315644));
#9050=DIRECTION('',(0.9905328330312485,-0.12925097064498223,-0.04624817049807106));
#9051=AXIS2_PLACEMENT_3D('',#691,#9049,#9050);
#9052=PLANE('',#9051);
#9053=FACE_SURFACE('',(#9048),#9052,.T.);
#9054=POLY_LOOP('',(#692,#286,#691));
#9055=FACE_OUTER_BOUND('',#9054,.T.);
#9056=DIRECTION('',(-0.05595899185575384,-0.07253748107889134,-0.9957946098815844));
#9057=DIRECTION('',(0.9490978388215087,-0.3135014377973947,-0.03049821049353148));
#9058=AXIS2_PLACEMENT_3D('',#692,#9056,#9057);
#9059=PLANE('',#9058);
#9060=FACE_SURFACE('',(#9055),#9059,.T.);
#9061=POLY_LOOP('',(#692,#285,#286));
#9062=FACE_OUTER_BOUND('',#9061,.T.);
#9063=DIRECTION('',(-0.016007507459635823,0.04869333242435975,-0.9986854955802353));
#9064=DIRECTION('',(0.9952865169030684,-0.09477060794970754,-0.02057379740837926));
#9065=AXIS2_PLACEMENT_3D('',#692,#9063,#9064);
#9066=PLANE('',#9065);
#9067=FACE_SURFACE('',(#9062),#9066,.T.);
#9068=POLY_LOOP('',(#693,#285,#692));
#9069=FACE_OUTER_BOUND('',#9068,.T.);
#9070=DIRECTION('',(-0.02157833007934542,-0.009586935109752264,-0.999721194306787));
#9071=DIRECTION('',(7.708200549147387e-06,-0.9999540244386939,0.00958900148313935));
#9072=AXIS2_PLACEMENT_3D('',#693,#9070,#9071);
#9073=PLANE('',#9072);
#9074=FACE_SURFACE('',(#9069),#9073,.T.);
#9075=POLY_LOOP('',(#693,#198,#285));
#9076=FACE_OUTER_BOUND('',#9075,.T.);
#9077=DIRECTION('',(-0.004286604182537046,-0.00958894642467183,-0.9999448370440477));
#9078=DIRECTION('',(0.9272042286765282,-0.37455596597770147,-0.0003829815603043982));
#9079=AXIS2_PLACEMENT_3D('',#693,#9077,#9078);
#9080=PLANE('',#9079);
#9081=FACE_SURFACE('',(#9076),#9080,.T.);
#9082=POLY_LOOP('',(#199,#198,#693));
#9083=FACE_OUTER_BOUND('',#9082,.T.);
#9084=DIRECTION('',(0.0043476122426016,0.011784823102298942,-0.9999211049939067));
#9085=DIRECTION('',(-0.9999904779328594,0.00042845552073955505,-0.004342864202124495));
#9086=AXIS2_PLACEMENT_3D('',#199,#9084,#9085);
#9087=PLANE('',#9086);
#9088=FACE_SURFACE('',(#9083),#9087,.T.);
#9089=POLY_LOOP('',(#689,#199,#693));
#9090=FACE_OUTER_BOUND('',#9089,.T.);
#9091=DIRECTION('',(0.004414893233617133,0.0129554243002579,-0.9999063284622894));
#9092=DIRECTION('',(-0.811311569468552,-0.5845075648364187,-0.011155442415013171));
#9093=AXIS2_PLACEMENT_3D('',#689,#9091,#9092);
#9094=PLANE('',#9093);
#9095=FACE_SURFACE('',(#9090),#9094,.T.);
#9096=POLY_LOOP('',(#689,#284,#199));
#9097=FACE_OUTER_BOUND('',#9096,.T.);
#9098=DIRECTION('',(0.02065232725329997,-0.009585712572015407,-0.9997407641451405));
#9099=DIRECTION('',(3.8198551277540796e-06,-0.9999540356332075,0.00958783637066274));
#9100=AXIS2_PLACEMENT_3D('',#689,#9098,#9099);
#9101=PLANE('',#9100);
#9102=FACE_SURFACE('',(#9097),#9101,.T.);
#9103=POLY_LOOP('',(#694,#292,#293));
#9104=FACE_OUTER_BOUND('',#9103,.T.);
#9105=DIRECTION('',(-0.25947544061987154,-0.009253617101004447,-0.9657053724017857));
#9106=DIRECTION('',(0.5577070301993728,-0.8177988095971216,-0.14201399750632646));
#9107=AXIS2_PLACEMENT_3D('',#694,#9105,#9106);
#9108=PLANE('',#9107);
#9109=FACE_SURFACE('',(#9104),#9108,.T.);
#9110=POLY_LOOP('',(#283,#690,#282));
#9111=FACE_OUTER_BOUND('',#9110,.T.);
#9112=DIRECTION('',(0.07694826699916871,-0.009554090169301834,-0.9969893096552548));
#9113=DIRECTION('',(0.9725035318210306,0.22117139903306515,0.07293896657739694));
#9114=AXIS2_PLACEMENT_3D('',#283,#9112,#9113);
#9115=PLANE('',#9114);
#9116=FACE_SURFACE('',(#9111),#9115,.T.);
#9117=POLY_LOOP('',(#694,#291,#292));
#9118=FACE_OUTER_BOUND('',#9117,.T.);
#9119=DIRECTION('',(-0.21797204100289924,0.020791517216371676,-0.9757335200519001));
#9120=DIRECTION('',(0.955364556767209,-0.19973709284830315,-0.21767787534221922));
#9121=AXIS2_PLACEMENT_3D('',#694,#9119,#9120);
#9122=PLANE('',#9121);
#9123=FACE_SURFACE('',(#9118),#9122,.T.);
#9124=POLY_LOOP('',(#695,#290,#291));
#9125=FACE_OUTER_BOUND('',#9124,.T.);
#9126=DIRECTION('',(-0.17091919040662992,0.030287427946682204,-0.9848194261178628));
#9127=DIRECTION('',(0.9485993822941697,-0.265148423108086,-0.17278751585231836));
#9128=AXIS2_PLACEMENT_3D('',#695,#9126,#9127);
#9129=PLANE('',#9128);
#9130=FACE_SURFACE('',(#9125),#9129,.T.);
#9131=POLY_LOOP('',(#696,#290,#695));
#9132=FACE_OUTER_BOUND('',#9131,.T.);
#9133=DIRECTION('',(-0.18173760701121264,-0.00940551774734111,-0.9833020789328897));
#9134=DIRECTION('',(-0.00010105024136726266,-0.9999540723479665,0.009583474503862975));
#9135=AXIS2_PLACEMENT_3D('',#696,#9133,#9134);
#9136=PLANE('',#9135);
#9137=FACE_SURFACE('',(#9132),#9136,.T.);
#9138=POLY_LOOP('',(#696,#289,#290));
#9139=FACE_OUTER_BOUND('',#9138,.T.);
#9140=DIRECTION('',(-0.1392776514800761,-0.009475994572367951,-0.9902080293176071));
#9141=DIRECTION('',(0.9385263956013651,-0.3202212701288058,-0.12894395261742328));
#9142=AXIS2_PLACEMENT_3D('',#696,#9140,#9141);
#9143=PLANE('',#9142);
#9144=FACE_SURFACE('',(#9139),#9143,.T.);
#9145=POLY_LOOP('',(#697,#289,#696));
#9146=FACE_OUTER_BOUND('',#9145,.T.);
#9147=DIRECTION('',(-0.1355216915282873,0.001759653514936258,-0.9907728169186006));
#9148=DIRECTION('',(-0.558978052067012,-0.8257842685850619,0.07499252672635455));
#9149=AXIS2_PLACEMENT_3D('',#697,#9147,#9148);
#9150=PLANE('',#9149);
#9151=FACE_SURFACE('',(#9146),#9150,.T.);
#9152=POLY_LOOP('',(#697,#288,#289));
#9153=FACE_OUTER_BOUND('',#9152,.T.);
#9154=DIRECTION('',(-0.09522693267291896,-0.025910728130216956,-0.9951183173178301));
#9155=DIRECTION('',(0.9787346035336568,-0.18489228555477283,-0.0888449131247715));
#9156=AXIS2_PLACEMENT_3D('',#697,#9154,#9155);
#9157=PLANE('',#9156);
#9158=FACE_SURFACE('',(#9153),#9157,.T.);
#9159=POLY_LOOP('',(#691,#288,#697));
#9160=FACE_OUTER_BOUND('',#9159,.T.);
#9161=DIRECTION('',(-0.09218750258752947,-0.009543830505063371,-0.9956959273121311));
#9162=DIRECTION('',(-3.6569949201351726e-06,-0.9999540629820811,0.009584983685674288));
#9163=AXIS2_PLACEMENT_3D('',#691,#9161,#9162);
#9164=PLANE('',#9163);
#9165=FACE_SURFACE('',(#9160),#9164,.T.);
#9166=POLY_LOOP('',(#674,#295,#297));
#9167=FACE_OUTER_BOUND('',#9166,.T.);
#9168=DIRECTION('',(-0.3952132518841736,-0.008819341925396528,-0.9185470618009398));
#9169=DIRECTION('',(-0.00019039955985230664,-0.9999531017363341,0.009682875393822305));
#9170=AXIS2_PLACEMENT_3D('',#674,#9168,#9169);
#9171=PLANE('',#9170);
#9172=FACE_SURFACE('',(#9167),#9171,.T.);
#9173=POLY_LOOP('',(#674,#294,#295));
#9174=FACE_OUTER_BOUND('',#9173,.T.);
#9175=DIRECTION('',(-0.35669207764679833,-0.008978044609533681,-0.9341788674868424));
#9176=DIRECTION('',(0.8559874288153319,-0.40371333194544706,-0.3229567576621093));
#9177=AXIS2_PLACEMENT_3D('',#674,#9175,#9176);
#9178=PLANE('',#9177);
#9179=FACE_SURFACE('',(#9174),#9178,.T.);
#9180=POLY_LOOP('',(#698,#294,#674));
#9181=FACE_OUTER_BOUND('',#9180,.T.);
#9182=DIRECTION('',(-0.35956795153611276,-0.016033860098343674,-0.9329811378363823));
#9183=DIRECTION('',(0.19674612931719396,-0.9786772882216533,-0.05900615321992143));
#9184=AXIS2_PLACEMENT_3D('',#698,#9182,#9183);
#9185=PLANE('',#9184);
#9186=FACE_SURFACE('',(#9181),#9185,.T.);
#9187=POLY_LOOP('',(#698,#293,#294));
#9188=FACE_OUTER_BOUND('',#9187,.T.);
#9189=DIRECTION('',(-0.29600204811285485,-0.0019163029678633896,-0.9551853826854401));
#9190=DIRECTION('',(0.900443854861182,-0.33423390481129467,-0.27836767254357886));
#9191=AXIS2_PLACEMENT_3D('',#698,#9189,#9190);
#9192=PLANE('',#9191);
#9193=FACE_SURFACE('',(#9188),#9192,.T.);
#9194=POLY_LOOP('',(#694,#293,#698));
#9195=FACE_OUTER_BOUND('',#9194,.T.);
#9196=DIRECTION('',(-0.2984355077333469,-0.009137892499878397,-0.9543860574445753));
#9197=DIRECTION('',(-0.00017284909704343057,-0.9999536325333762,0.009628234858747343));
#9198=AXIS2_PLACEMENT_3D('',#694,#9196,#9197);
#9199=PLANE('',#9198);
#9200=FACE_SURFACE('',(#9195),#9199,.T.);
#9201=POLY_LOOP('',(#646,#299,#301));
#9202=FACE_OUTER_BOUND('',#9201,.T.);
#9203=DIRECTION('',(-0.507705191200689,-0.008258221824251668,-0.8614912887546647));
#9204=DIRECTION('',(0.6244557094635077,-0.6924329615561334,-0.3613746818317927));
#9205=AXIS2_PLACEMENT_3D('',#646,#9203,#9204);
#9206=PLANE('',#9205);
#9207=FACE_SURFACE('',(#9202),#9206,.T.);
#9208=POLY_LOOP('',(#695,#291,#694));
#9209=FACE_OUTER_BOUND('',#9208,.T.);
#9210=DIRECTION('',(-0.2363174496170288,-0.0744954330874758,-0.9688160266302434));
#9211=DIRECTION('',(0.8262379802889859,-0.540118802985969,-0.16000774540309415));
#9212=AXIS2_PLACEMENT_3D('',#695,#9210,#9211);
#9213=PLANE('',#9212);
#9214=FACE_SURFACE('',(#9209),#9213,.T.);
#9215=POLY_LOOP('',(#246,#279,#699));
#9216=FACE_OUTER_BOUND('',#9215,.T.);
#9217=DIRECTION('',(0.21082031576677487,-0.009386740618146726,-0.977479761202535));
#9218=DIRECTION('',(-0.9771187355512352,0.026796813982110406,-0.21099978055714563));
#9219=AXIS2_PLACEMENT_3D('',#246,#9217,#9218);
#9220=PLANE('',#9219);
#9221=FACE_SURFACE('',(#9216),#9220,.T.);
#9222=POLY_LOOP('',(#699,#279,#280));
#9223=FACE_OUTER_BOUND('',#9222,.T.);
#9224=DIRECTION('',(0.1788920458504081,-0.0094524760796307,-0.9838233005105234));
#9225=DIRECTION('',(0.00014470662736292206,-0.9999535837219112,0.009633766745076237));
#9226=AXIS2_PLACEMENT_3D('',#699,#9224,#9225);
#9227=PLANE('',#9226);
#9228=FACE_SURFACE('',(#9223),#9227,.T.);
#9229=POLY_LOOP('',(#699,#280,#690));
#9230=FACE_OUTER_BOUND('',#9229,.T.);
#9231=DIRECTION('',(0.139484933473219,0.06491915582381341,-0.9880938500674393));
#9232=DIRECTION('',(-0.8694616222023195,-0.4695186634740651,-0.1535861717956359));
#9233=AXIS2_PLACEMENT_3D('',#699,#9231,#9232);
#9234=PLANE('',#9233);
#9235=FACE_SURFACE('',(#9230),#9234,.T.);
#9236=POLY_LOOP('',(#677,#269,#270));
#9237=FACE_OUTER_BOUND('',#9236,.T.);
#9238=DIRECTION('',(-0.999265036644696,0.01643320743150891,0.03463143417456953));
#9239=DIRECTION('',(-0.032478723103429814,-0.8428172886533566,-0.5372189036999492));
#9240=AXIS2_PLACEMENT_3D('',#677,#9238,#9239);
#9241=PLANE('',#9240);
#9242=FACE_SURFACE('',(#9237),#9241,.T.);
#9243=POLY_LOOP('',(#679,#269,#677));
#9244=FACE_OUTER_BOUND('',#9243,.T.);
#9245=DIRECTION('',(-0.9952262204224217,-0.022221857588350227,0.09503135918750437));
#9246=DIRECTION('',(-0.009452098194754689,-0.947207957675839,-0.3204804873237725));
#9247=AXIS2_PLACEMENT_3D('',#679,#9245,#9246);
#9248=PLANE('',#9247);
#9249=FACE_SURFACE('',(#9244),#9248,.T.);
#9250=POLY_LOOP('',(#679,#268,#269));
#9251=FACE_OUTER_BOUND('',#9250,.T.);
#9252=DIRECTION('',(-0.9999157355530609,0.011805132437819756,-0.005400059398448695));
#9253=DIRECTION('',(-0.009205929885567921,-0.9381184476121517,-0.34619218521611467));
#9254=AXIS2_PLACEMENT_3D('',#679,#9252,#9253);
#9255=PLANE('',#9254);
#9256=FACE_SURFACE('',(#9251),#9255,.T.);
#9257=POLY_LOOP('',(#680,#268,#679));
#9258=FACE_OUTER_BOUND('',#9257,.T.);
#9259=DIRECTION('',(-0.9996654264140927,0.00026522456362953345,0.02586435555471618));
#9260=DIRECTION('',(-6.317593111159134e-06,-0.99994990115289,0.01000975246514831));
#9261=AXIS2_PLACEMENT_3D('',#680,#9259,#9260);
#9262=PLANE('',#9261);
#9263=FACE_SURFACE('',(#9258),#9262,.T.);
#9264=POLY_LOOP('',(#680,#266,#268));
#9265=FACE_OUTER_BOUND('',#9264,.T.);
#9266=DIRECTION('',(-0.9994092251455288,-0.00033770763234147185,-0.03436694120181149));
#9267=DIRECTION('',(0.0058809397264701566,-0.9868840960742998,-0.1613232638634176));
#9268=AXIS2_PLACEMENT_3D('',#680,#9266,#9267);
#9269=PLANE('',#9268);
#9270=FACE_SURFACE('',(#9265),#9269,.T.);
#9271=POLY_LOOP('',(#263,#266,#680));
#9272=FACE_OUTER_BOUND('',#9271,.T.);
#9273=DIRECTION('',(-0.9978085140152559,0.004841230817844129,-0.0659903920494117));
#9274=DIRECTION('',(-0.060343968387204655,-0.47570463206873254,0.8775327392796441));
#9275=AXIS2_PLACEMENT_3D('',#263,#9273,#9274);
#9276=PLANE('',#9275);
#9277=FACE_SURFACE('',(#9272),#9276,.T.);
#9278=POLY_LOOP('',(#260,#667,#259));
#9279=FACE_OUTER_BOUND('',#9278,.T.);
#9280=DIRECTION('',(-0.9754197894156341,-0.00211896590725766,-0.2203446037456873));
#9281=DIRECTION('',(2.7096372846283706e-05,0.9999526027447793,-0.00973609417211511));
#9282=AXIS2_PLACEMENT_3D('',#260,#9280,#9281);
#9283=PLANE('',#9282);
#9284=FACE_SURFACE('',(#9279),#9283,.T.);
#9285=POLY_LOOP('',(#260,#682,#667));
#9286=FACE_OUTER_BOUND('',#9285,.T.);
#9287=DIRECTION('',(-0.9931989650611487,-0.0011066572029216186,-0.11642418610966661));
#9288=DIRECTION('',(-0.05897112464760896,0.8669844645913038,0.49483365347874864));
#9289=AXIS2_PLACEMENT_3D('',#260,#9287,#9288);
#9290=PLANE('',#9289);
#9291=FACE_SURFACE('',(#9286),#9290,.T.);
#9292=POLY_LOOP('',(#264,#682,#260));
#9293=FACE_OUTER_BOUND('',#9292,.T.);
#9294=DIRECTION('',(-0.9862142989665507,0.026174245093935837,-0.16338991831712701));
#9295=DIRECTION('',(-0.0571437727320188,0.8727927849978221,0.4847343021632542));
#9296=AXIS2_PLACEMENT_3D('',#264,#9294,#9295);
#9297=PLANE('',#9296);
#9298=FACE_SURFACE('',(#9293),#9297,.T.);
#9299=POLY_LOOP('',(#264,#680,#682));
#9300=FACE_OUTER_BOUND('',#9299,.T.);
#9301=DIRECTION('',(-0.9983154425241934,-0.04506952855114395,-0.036537854533369794));
#9302=DIRECTION('',(-0.058019606950533834,0.776023844634759,0.628029233210997));
#9303=AXIS2_PLACEMENT_3D('',#264,#9301,#9302);
#9304=PLANE('',#9303);
#9305=FACE_SURFACE('',(#9300),#9304,.T.);
#9306=POLY_LOOP('',(#263,#680,#264));
#9307=FACE_OUTER_BOUND('',#9306,.T.);
#9308=DIRECTION('',(-0.9928523539148557,0.020869231620226584,-0.11751033357671653));
#9309=DIRECTION('',(-0.01492304631692022,0.9551589896426973,0.2957171066972023));
#9310=AXIS2_PLACEMENT_3D('',#263,#9308,#9309);
#9311=PLANE('',#9310);
#9312=FACE_SURFACE('',(#9307),#9311,.T.);
#9313=POLY_LOOP('',(#650,#275,#555));
#9314=FACE_OUTER_BOUND('',#9313,.T.);
#9315=DIRECTION('',(-0.9766032267578174,0.003492941254478751,0.2150207823621057));
#9316=DIRECTION('',(-0.04697916436444653,-0.9791829518435754,-0.19746823778653766));
#9317=AXIS2_PLACEMENT_3D('',#650,#9315,#9316);
#9318=PLANE('',#9317);
#9319=FACE_SURFACE('',(#9314),#9318,.T.);
#9320=POLY_LOOP('',(#650,#274,#275));
#9321=FACE_OUTER_BOUND('',#9320,.T.);
#9322=DIRECTION('',(-0.9864699239102879,0.014394820364227115,0.16330914967359417));
#9323=DIRECTION('',(-0.07919335594017314,-0.9140481025197932,-0.39779954582037785));
#9324=AXIS2_PLACEMENT_3D('',#650,#9322,#9323);
#9325=PLANE('',#9324);
#9326=FACE_SURFACE('',(#9321),#9325,.T.);
#9327=POLY_LOOP('',(#677,#274,#650));
#9328=FACE_OUTER_BOUND('',#9327,.T.);
#9329=DIRECTION('',(-0.9815614754313119,0.0018583937219591431,0.19113768943324663));
#9330=DIRECTION('',(4.747711297852602e-05,-0.999950335762428,0.009966130368974285));
#9331=AXIS2_PLACEMENT_3D('',#677,#9329,#9330);
#9332=PLANE('',#9331);
#9333=FACE_SURFACE('',(#9328),#9332,.T.);
#9334=POLY_LOOP('',(#555,#653,#650));
#9335=FACE_OUTER_BOUND('',#9334,.T.);
#9336=DIRECTION('',(-0.9669033906276394,0.0024454457587812064,0.25513105061480756));
#9337=DIRECTION('',(0.18123764975205697,-0.6972452344558382,0.6935430753320042));
#9338=AXIS2_PLACEMENT_3D('',#555,#9336,#9337);
#9339=PLANE('',#9338);
#9340=FACE_SURFACE('',(#9335),#9339,.T.);
#9341=POLY_LOOP('',(#272,#274,#677));
#9342=FACE_OUTER_BOUND('',#9341,.T.);
#9343=DIRECTION('',(-0.9925538316935604,0.0011668208907112377,0.12180118931866178));
#9344=DIRECTION('',(0.09593504468207818,-0.608669845106047,0.7876023659565963));
#9345=AXIS2_PLACEMENT_3D('',#272,#9343,#9344);
#9346=PLANE('',#9345);
#9347=FACE_SURFACE('',(#9342),#9346,.T.);
#9348=POLY_LOOP('',(#672,#220,#222));
#9349=FACE_OUTER_BOUND('',#9348,.T.);
#9350=DIRECTION('',(0.44708024263372664,-0.008564194683991966,-0.8944528557816688));
#9351=DIRECTION('',(0.10008375104175202,-0.9931962583044865,0.05953515992571258));
#9352=AXIS2_PLACEMENT_3D('',#672,#9350,#9351);
#9353=PLANE('',#9352);
#9354=FACE_SURFACE('',(#9349),#9353,.T.);
#9355=POLY_LOOP('',(#672,#218,#220));
#9356=FACE_OUTER_BOUND('',#9355,.T.);
#9357=DIRECTION('',(0.4916091311179676,-0.002659938118397166,-0.8708119124877904));
#9358=DIRECTION('',(0.7464233264586357,-0.513770806364457,0.4229559980022041));
#9359=AXIS2_PLACEMENT_3D('',#672,#9357,#9358);
#9360=PLANE('',#9359);
#9361=FACE_SURFACE('',(#9356),#9360,.T.);
#9362=POLY_LOOP('',(#556,#218,#672));
#9363=FACE_OUTER_BOUND('',#9362,.T.);
#9364=DIRECTION('',(0.48861904062464706,-0.008358506674465737,-0.8724572015320996));
#9365=DIRECTION('',(7.818860496864436e-06,-0.9999540689439926,0.009584359197056426));
#9366=AXIS2_PLACEMENT_3D('',#556,#9364,#9365);
#9367=PLANE('',#9366);
#9368=FACE_SURFACE('',(#9363),#9367,.T.);
#9369=POLY_LOOP('',(#224,#672,#222));
#9370=FACE_OUTER_BOUND('',#9369,.T.);
#9371=DIRECTION('',(0.40877704717503893,-0.008741885680038034,-0.9125924090948889));
#9372=DIRECTION('',(0.8243590981336709,0.43258068732124844,0.3651109780339632));
#9373=AXIS2_PLACEMENT_3D('',#224,#9371,#9372);
#9374=PLANE('',#9373);
#9375=FACE_SURFACE('',(#9370),#9374,.T.);
#9376=POLY_LOOP('',(#224,#670,#672));
#9377=FACE_OUTER_BOUND('',#9376,.T.);
#9378=DIRECTION('',(0.37539619310327543,0.06499168357022692,-0.9245830299493256));
#9379=DIRECTION('',(-0.8452625782521541,0.4332762555736469,-0.3127344882845519));
#9380=AXIS2_PLACEMENT_3D('',#224,#9378,#9379);
#9381=PLANE('',#9380);
#9382=FACE_SURFACE('',(#9377),#9381,.T.);
#9383=POLY_LOOP('',(#226,#670,#224));
#9384=FACE_OUTER_BOUND('',#9383,.T.);
#9385=DIRECTION('',(0.3429144409499533,-0.00901520005777437,-0.9393233800752002));
#9386=DIRECTION('',(-0.00017321293466745553,0.9999533228942302,-0.009660332813453519));
#9387=AXIS2_PLACEMENT_3D('',#226,#9385,#9386);
#9388=PLANE('',#9387);
#9389=FACE_SURFACE('',(#9384),#9388,.T.);
#9390=POLY_LOOP('',(#245,#670,#226));
#9391=FACE_OUTER_BOUND('',#9390,.T.);
#9392=DIRECTION('',(0.30655555075706475,-0.009142117754196303,-0.9518088652576214));
#9393=DIRECTION('',(0.41504420442556844,0.901170469462458,0.12502037170621416));
#9394=AXIS2_PLACEMENT_3D('',#245,#9392,#9393);
#9395=PLANE('',#9394);
#9396=FACE_SURFACE('',(#9391),#9395,.T.);
#9397=POLY_LOOP('',(#245,#699,#670));
#9398=FACE_OUTER_BOUND('',#9397,.T.);
#9399=DIRECTION('',(0.24972417357735216,0.01929573201922058,-0.9681247398227931));
#9400=DIRECTION('',(-0.9509653950664304,0.1933108424115403,-0.24144509850541304));
#9401=AXIS2_PLACEMENT_3D('',#245,#9399,#9400);
#9402=PLANE('',#9401);
#9403=FACE_SURFACE('',(#9398),#9402,.T.);
#9404=POLY_LOOP('',(#246,#699,#245));
#9405=FACE_OUTER_BOUND('',#9404,.T.);
#9406=DIRECTION('',(0.2670674906316556,0.11945013234919172,-0.9562461091839647));
#9407=DIRECTION('',(-0.8866226998432032,0.4192581273497761,-0.19525063578362084));
#9408=AXIS2_PLACEMENT_3D('',#246,#9406,#9407);
#9409=PLANE('',#9408);
#9410=FACE_SURFACE('',(#9405),#9409,.T.);
#9411=POLY_LOOP('',(#690,#281,#282));
#9412=FACE_OUTER_BOUND('',#9411,.T.);
#9413=DIRECTION('',(0.10143602461126146,-0.009532198272894362,-0.9947963963078826));
#9414=DIRECTION('',(0.8426193684078043,-0.5307642744005104,0.09100486253015674));
#9415=AXIS2_PLACEMENT_3D('',#690,#9413,#9414);
#9416=PLANE('',#9415);
#9417=FACE_SURFACE('',(#9412),#9416,.T.);
#9418=POLY_LOOP('',(#690,#280,#281));
#9419=FACE_OUTER_BOUND('',#9418,.T.);
#9420=DIRECTION('',(0.1368687657281018,0.047637230781324244,-0.989443093468014));
#9421=DIRECTION('',(0.979099261310551,-0.1581970832622188,0.12782143540290944));
#9422=AXIS2_PLACEMENT_3D('',#690,#9420,#9421);
#9423=PLANE('',#9422);
#9424=FACE_SURFACE('',(#9419),#9423,.T.);
#9425=POLY_LOOP('',(#674,#297,#646));
#9426=FACE_OUTER_BOUND('',#9425,.T.);
#9427=DIRECTION('',(-0.45867875170629846,0.01773452346836887,-0.8884251737825204));
#9428=DIRECTION('',(-0.3214609121988542,-0.9353971174083328,0.14729261581105188));
#9429=AXIS2_PLACEMENT_3D('',#674,#9427,#9428);
#9430=PLANE('',#9429);
#9431=FACE_SURFACE('',(#9426),#9430,.T.);
#9432=POLY_LOOP('',(#671,#670,#699));
#9433=FACE_OUTER_BOUND('',#9432,.T.);
#9434=DIRECTION('',(0.17816400566236848,0.694370402670783,-0.6972139779014431));
#9435=DIRECTION('',(0.42232117550281983,-0.6939322645076269,-0.5831833648152468));
#9436=AXIS2_PLACEMENT_3D('',#671,#9434,#9435);
#9437=PLANE('',#9436);
#9438=FACE_SURFACE('',(#9433),#9437,.T.);
#9439=POLY_LOOP('',(#700,#645,#611));
#9440=FACE_OUTER_BOUND('',#9439,.T.);
#9441=DIRECTION('',(0.8213347625078367,0.43142111122077664,0.37320910049089895));
#9442=DIRECTION('',(-0.12902071648580138,-0.49679491564431993,0.8582240188362498));
#9443=AXIS2_PLACEMENT_3D('',#700,#9441,#9442);
#9444=PLANE('',#9443);
#9445=FACE_SURFACE('',(#9440),#9444,.T.);
#9446=POLY_LOOP('',(#701,#599,#702));
#9447=FACE_OUTER_BOUND('',#9446,.T.);
#9448=DIRECTION('',(0.34455110774011893,0.4000767868748853,0.8492485494594175));
#9449=DIRECTION('',(0.19371903652245293,-0.9154723522846503,0.35268017677666796));
#9450=AXIS2_PLACEMENT_3D('',#701,#9448,#9449);
#9451=PLANE('',#9450);
#9452=FACE_SURFACE('',(#9447),#9451,.T.);
#9453=POLY_LOOP('',(#703,#704,#705));
#9454=FACE_OUTER_BOUND('',#9453,.T.);
#9455=DIRECTION('',(-0.7325474798366298,0.5929558900300425,0.33433142577939434));
#9456=DIRECTION('',(0.22561999847061368,0.6748812923995339,-0.7025886829854686));
#9457=AXIS2_PLACEMENT_3D('',#703,#9455,#9456);
#9458=PLANE('',#9457);
#9459=FACE_SURFACE('',(#9454),#9458,.T.);
#9460=POLY_LOOP('',(#703,#706,#704));
#9461=FACE_OUTER_BOUND('',#9460,.T.);
#9462=DIRECTION('',(-0.7417648475941622,0.5865372738547308,0.32520599203069694));
#9463=DIRECTION('',(0.6236568321595318,0.7815929067498201,0.012832919352374484));
#9464=AXIS2_PLACEMENT_3D('',#703,#9462,#9463);
#9465=PLANE('',#9464);
#9466=FACE_SURFACE('',(#9461),#9465,.T.);
#9467=POLY_LOOP('',(#707,#706,#703));
#9468=FACE_OUTER_BOUND('',#9467,.T.);
#9469=DIRECTION('',(-0.7559442649314955,0.5988491949797894,0.26443885869750494));
#9470=DIRECTION('',(-0.0857770018273898,0.30985479759826784,-0.9469067062614145));
#9471=AXIS2_PLACEMENT_3D('',#707,#9469,#9470);
#9472=PLANE('',#9471);
#9473=FACE_SURFACE('',(#9468),#9472,.T.);
#9474=POLY_LOOP('',(#708,#709,#710));
#9475=FACE_OUTER_BOUND('',#9474,.T.);
#9476=DIRECTION('',(-0.8218984375875007,0.42988759309919167,0.37373736178044753));
#9477=DIRECTION('',(-0.13079864376301278,0.4961458171739492,-0.8583303809667643));
#9478=AXIS2_PLACEMENT_3D('',#708,#9476,#9477);
#9479=PLANE('',#9478);
#9480=FACE_SURFACE('',(#9475),#9479,.T.);
#9481=POLY_LOOP('',(#711,#712,#713));
#9482=FACE_OUTER_BOUND('',#9481,.T.);
#9483=DIRECTION('',(-0.8444204693271442,0.44284703204095566,0.30139770601954236));
#9484=DIRECTION('',(-0.47992816886111933,-0.8753598656324992,-0.05842994415080051));
#9485=AXIS2_PLACEMENT_3D('',#711,#9483,#9484);
#9486=PLANE('',#9485);
#9487=FACE_SURFACE('',(#9482),#9486,.T.);
#9488=POLY_LOOP('',(#710,#714,#715));
#9489=FACE_OUTER_BOUND('',#9488,.T.);
#9490=DIRECTION('',(-0.7361415587998262,0.4329188901970945,0.5202661241309855));
#9491=DIRECTION('',(0.11282554640238154,0.8364188827647725,-0.5363523549249448));
#9492=AXIS2_PLACEMENT_3D('',#710,#9490,#9491);
#9493=PLANE('',#9492);
#9494=FACE_SURFACE('',(#9489),#9493,.T.);
#9495=POLY_LOOP('',(#716,#717,#718));
#9496=FACE_OUTER_BOUND('',#9495,.T.);
#9497=DIRECTION('',(-0.4554469543602271,0.4789993770738257,0.7504183290184749));
#9498=DIRECTION('',(-0.13921122157063312,-0.870867086042283,0.47139235699895976));
#9499=AXIS2_PLACEMENT_3D('',#716,#9497,#9498);
#9500=PLANE('',#9499);
#9501=FACE_SURFACE('',(#9496),#9500,.T.);
#9502=POLY_LOOP('',(#719,#720,#721));
#9503=FACE_OUTER_BOUND('',#9502,.T.);
#9504=DIRECTION('',(0.9999999999491038,-4.884004721320276e-06,8.828312218383026e-06));
#9505=DIRECTION('',(-8.346389267862336e-07,0.8319780183982176,0.5548085948338205));
#9506=AXIS2_PLACEMENT_3D('',#719,#9504,#9505);
#9507=PLANE('',#9506);
#9508=FACE_SURFACE('',(#9503),#9507,.T.);
#9509=POLY_LOOP('',(#722,#720,#719));
#9510=FACE_OUTER_BOUND('',#9509,.T.);
#9511=DIRECTION('',(0.999999999969645,4.992406315342022e-06,-5.982123235690337e-06));
#9512=DIRECTION('',(-2.4678542287550645e-07,0.7876689827585199,0.616098671967484));
#9513=AXIS2_PLACEMENT_3D('',#722,#9511,#9512);
#9514=PLANE('',#9513);
#9515=FACE_SURFACE('',(#9510),#9514,.T.);
#9516=POLY_LOOP('',(#722,#723,#720));
#9517=FACE_OUTER_BOUND('',#9516,.T.);
#9518=DIRECTION('',(0.9999999999999502,3.156778971017653e-07,-3.0259198709983254e-09));
#9519=DIRECTION('',(-3.15250098828414e-07,0.9980458743794923,-0.062485459380364254));
#9520=AXIS2_PLACEMENT_3D('',#722,#9518,#9519);
#9521=PLANE('',#9520);
#9522=FACE_SURFACE('',(#9517),#9521,.T.);
#9523=POLY_LOOP('',(#724,#723,#722));
#9524=FACE_OUTER_BOUND('',#9523,.T.);
#9525=DIRECTION('',(0.9999999999999043,2.956714826935143e-07,-3.225773732694759e-07));
#9526=DIRECTION('',(-2.9874987177534866e-07,0.9999540608156793,-0.009585210385988996));
#9527=AXIS2_PLACEMENT_3D('',#724,#9525,#9526);
#9528=PLANE('',#9527);
#9529=FACE_SURFACE('',(#9524),#9528,.T.);
#9530=POLY_LOOP('',(#720,#725,#721));
#9531=FACE_OUTER_BOUND('',#9530,.T.);
#9532=DIRECTION('',(0.9999999999999839,1.7908562719034973e-07,-1.716658228567962e-09));
#9533=DIRECTION('',(1.7909385467300262e-07,-0.9999540609320802,0.009585198245709395));
#9534=AXIS2_PLACEMENT_3D('',#720,#9532,#9533);
#9535=PLANE('',#9534);
#9536=FACE_SURFACE('',(#9531),#9535,.T.);
#9537=POLY_LOOP('',(#705,#704,#726));
#9538=FACE_OUTER_BOUND('',#9537,.T.);
#9539=DIRECTION('',(-0.7040247515143492,0.5832460080766753,0.40518297510850804));
#9540=DIRECTION('',(0.5882653723028656,0.79857301387611,-0.12737736556467627));
#9541=AXIS2_PLACEMENT_3D('',#705,#9539,#9540);
#9542=PLANE('',#9541);
#9543=FACE_SURFACE('',(#9538),#9542,.T.);
#9544=POLY_LOOP('',(#720,#727,#725));
#9545=FACE_OUTER_BOUND('',#9544,.T.);
#9546=DIRECTION('',(2.0659815614958402e-07,-0.009585198245672347,-0.9999540609320754));
#9547=DIRECTION('',(0.018776198987077122,-0.9997777806304429,0.009583512365714728));
#9548=AXIS2_PLACEMENT_3D('',#720,#9546,#9547);
#9549=PLANE('',#9548);
#9550=FACE_SURFACE('',(#9545),#9549,.T.);
#9551=POLY_LOOP('',(#728,#729,#730));
#9552=FACE_OUTER_BOUND('',#9551,.T.);
#9553=DIRECTION('',(-0.2789670992162307,0.003859603039251609,0.9602929037638782));
#9554=DIRECTION('',(0.10576920662736104,-0.9937843677615863,0.03472038770121812));
#9555=AXIS2_PLACEMENT_3D('',#728,#9553,#9554);
#9556=PLANE('',#9555);
#9557=FACE_SURFACE('',(#9552),#9556,.T.);
#9558=POLY_LOOP('',(#728,#731,#729));
#9559=FACE_OUTER_BOUND('',#9558,.T.);
#9560=DIRECTION('',(-0.23768472831972245,0.008638015148421127,0.9713039455380976));
#9561=DIRECTION('',(0.022986863009581845,-0.9996303915654423,0.01451497115736424));
#9562=AXIS2_PLACEMENT_3D('',#728,#9560,#9561);
#9563=PLANE('',#9562);
#9564=FACE_SURFACE('',(#9559),#9563,.T.);
#9565=POLY_LOOP('',(#723,#731,#728));
#9566=FACE_OUTER_BOUND('',#9565,.T.);
#9567=DIRECTION('',(-0.17858805772592895,0.010179446361025895,0.9838712743593357));
#9568=DIRECTION('',(0.1302227741007813,-0.9909054028774686,0.0338896983423922));
#9569=AXIS2_PLACEMENT_3D('',#723,#9567,#9568);
#9570=PLANE('',#9569);
#9571=FACE_SURFACE('',(#9566),#9570,.T.);
#9572=POLY_LOOP('',(#723,#732,#731));
#9573=FACE_OUTER_BOUND('',#9572,.T.);
#9574=DIRECTION('',(-0.20057798502652185,0.007145261610250236,0.9796516815476926));
#9575=DIRECTION('',(0.07318017262404314,-0.9970703857002036,0.022255522783403956));
#9576=AXIS2_PLACEMENT_3D('',#723,#9574,#9575);
#9577=PLANE('',#9576);
#9578=FACE_SURFACE('',(#9573),#9577,.T.);
#9579=POLY_LOOP('',(#724,#732,#723));
#9580=FACE_OUTER_BOUND('',#9579,.T.);
#9581=DIRECTION('',(-0.17095480669343982,0.009444054199113348,0.9852336087998079));
#9582=DIRECTION('',(0.9068942970081345,0.3923641203045306,0.15360055713366844));
#9583=AXIS2_PLACEMENT_3D('',#724,#9581,#9582);
#9584=PLANE('',#9583);
#9585=FACE_SURFACE('',(#9580),#9584,.T.);
#9586=POLY_LOOP('',(#733,#728,#730));
#9587=FACE_OUTER_BOUND('',#9586,.T.);
#9588=DIRECTION('',(-0.3167543892255782,-0.00349345832874516,0.9485011611248751));
#9589=DIRECTION('',(-0.2376667939684952,0.9683844480613708,-0.07580274267868699));
#9590=AXIS2_PLACEMENT_3D('',#733,#9588,#9589);
#9591=PLANE('',#9590);
#9592=FACE_SURFACE('',(#9587),#9591,.T.);
#9593=POLY_LOOP('',(#733,#734,#728));
#9594=FACE_OUTER_BOUND('',#9593,.T.);
#9595=DIRECTION('',(-0.27224907777208585,0.008500776317302084,0.9621892622838044));
#9596=DIRECTION('',(0.008638231835141038,0.9999422717925104,-0.006390151265490679));
#9597=AXIS2_PLACEMENT_3D('',#733,#9595,#9596);
#9598=PLANE('',#9597);
#9599=FACE_SURFACE('',(#9594),#9598,.T.);
#9600=POLY_LOOP('',(#735,#734,#733));
#9601=FACE_OUTER_BOUND('',#9600,.T.);
#9602=DIRECTION('',(-0.3467778177755009,0.008989415999163794,0.937904225120484));
#9603=DIRECTION('',(3.8997795749894424e-05,0.9999542084210401,-0.009569719965756701));
#9604=AXIS2_PLACEMENT_3D('',#735,#9602,#9603);
#9605=PLANE('',#9604);
#9606=FACE_SURFACE('',(#9601),#9605,.T.);
#9607=POLY_LOOP('',(#736,#734,#735));
#9608=FACE_OUTER_BOUND('',#9607,.T.);
#9609=DIRECTION('',(-0.3731243296840881,0.008893158080854231,0.9277387274104434));
#9610=DIRECTION('',(-0.06499547663315347,0.9972467667803562,-0.035699778197562454));
#9611=AXIS2_PLACEMENT_3D('',#736,#9609,#9610);
#9612=PLANE('',#9611);
#9613=FACE_SURFACE('',(#9608),#9612,.T.);
#9614=POLY_LOOP('',(#737,#734,#736));
#9615=FACE_OUTER_BOUND('',#9614,.T.);
#9616=DIRECTION('',(-0.41107539831685164,0.005841338907306292,0.9115826323808565));
#9617=DIRECTION('',(-0.10382636655278492,0.9931724479909622,-0.05318434130537071));
#9618=AXIS2_PLACEMENT_3D('',#737,#9616,#9617);
#9619=PLANE('',#9618);
#9620=FACE_SURFACE('',(#9615),#9619,.T.);
#9621=POLY_LOOP('',(#737,#738,#734));
#9622=FACE_OUTER_BOUND('',#9621,.T.);
#9623=DIRECTION('',(-0.4335672768612625,0.002929570956696343,0.9011164375646018));
#9624=DIRECTION('',(0.09932051948477831,0.9940574505233295,0.044555801735935104));
#9625=AXIS2_PLACEMENT_3D('',#737,#9623,#9624);
#9626=PLANE('',#9625);
#9627=FACE_SURFACE('',(#9622),#9626,.T.);
#9628=POLY_LOOP('',(#739,#738,#737));
#9629=FACE_OUTER_BOUND('',#9628,.T.);
#9630=DIRECTION('',(-0.47822303978210995,0.00841856936931075,0.8781980710018285));
#9631=DIRECTION('',(1.1166561106939784e-06,0.9999540615207476,-0.009585136770744818));
#9632=AXIS2_PLACEMENT_3D('',#739,#9630,#9631);
#9633=PLANE('',#9632);
#9634=FACE_SURFACE('',(#9629),#9633,.T.);
#9635=POLY_LOOP('',(#740,#727,#720));
#9636=FACE_OUTER_BOUND('',#9635,.T.);
#9637=DIRECTION('',(0.0,-0.00958520212530637,-0.9999540608949078));
#9638=DIRECTION('',(1.3432036694270008e-07,-0.9999540608948988,0.009585202125306284));
#9639=AXIS2_PLACEMENT_3D('',#740,#9637,#9638);
#9640=PLANE('',#9639);
#9641=FACE_SURFACE('',(#9636),#9640,.T.);
#9642=POLY_LOOP('',(#741,#738,#739));
#9643=FACE_OUTER_BOUND('',#9642,.T.);
#9644=DIRECTION('',(-0.5866154716736908,0.007763327549698362,0.8098283886962776));
#9645=DIRECTION('',(-0.06795512602500815,0.9959557822386716,-0.0587722780933413));
#9646=AXIS2_PLACEMENT_3D('',#741,#9644,#9645);
#9647=PLANE('',#9646);
#9648=FACE_SURFACE('',(#9643),#9647,.T.);
#9649=POLY_LOOP('',(#742,#743,#744));
#9650=FACE_OUTER_BOUND('',#9649,.T.);
#9651=DIRECTION('',(-0.5336560405093793,0.5998637713088661,0.5961331112251326));
#9652=DIRECTION('',(0.7482249929612862,0.006353694465444861,0.663414644453017));
#9653=AXIS2_PLACEMENT_3D('',#742,#9651,#9652);
#9654=PLANE('',#9653);
#9655=FACE_SURFACE('',(#9650),#9654,.T.);
#9656=POLY_LOOP('',(#744,#745,#726));
#9657=FACE_OUTER_BOUND('',#9656,.T.);
#9658=DIRECTION('',(-0.6121043009270944,0.5766169028300202,0.5411481055656281));
#9659=DIRECTION('',(0.08154282071953112,-0.6346518641205993,0.7684840790526182));
#9660=AXIS2_PLACEMENT_3D('',#744,#9658,#9659);
#9661=PLANE('',#9660);
#9662=FACE_SURFACE('',(#9657),#9661,.T.);
#9663=POLY_LOOP('',(#746,#747,#748));
#9664=FACE_OUTER_BOUND('',#9663,.T.);
#9665=DIRECTION('',(-0.8609973211912731,0.4665668431210168,0.20248208266792414));
#9666=DIRECTION('',(-0.4799589920535246,-0.877064665506983,-0.019923314636093703));
#9667=AXIS2_PLACEMENT_3D('',#746,#9665,#9666);
#9668=PLANE('',#9667);
#9669=FACE_SURFACE('',(#9664),#9668,.T.);
#9670=POLY_LOOP('',(#713,#747,#746));
#9671=FACE_OUTER_BOUND('',#9670,.T.);
#9672=DIRECTION('',(-0.8521022554530044,0.4606553771994224,0.24843182104786987));
#9673=DIRECTION('',(-0.037385645796488925,-0.5270328612838042,0.8490221885294789));
#9674=AXIS2_PLACEMENT_3D('',#713,#9672,#9673);
#9675=PLANE('',#9674);
#9676=FACE_SURFACE('',(#9671),#9675,.T.);
#9677=POLY_LOOP('',(#713,#749,#711));
#9678=FACE_OUTER_BOUND('',#9677,.T.);
#9679=DIRECTION('',(-0.838930824010863,0.4450534850633575,0.3132450605475115));
#9680=DIRECTION('',(0.4608817474461135,0.887080070516329,-0.02601851963048102));
#9681=AXIS2_PLACEMENT_3D('',#713,#9679,#9680);
#9682=PLANE('',#9681);
#9683=FACE_SURFACE('',(#9678),#9682,.T.);
#9684=POLY_LOOP('',(#713,#750,#749));
#9685=FACE_OUTER_BOUND('',#9684,.T.);
#9686=DIRECTION('',(-0.8540004604723029,0.4512885189952765,0.258885855419226));
#9687=DIRECTION('',(0.5038423696228673,0.5933122841647634,0.6277924816625353));
#9688=AXIS2_PLACEMENT_3D('',#713,#9686,#9687);
#9689=PLANE('',#9688);
#9690=FACE_SURFACE('',(#9685),#9689,.T.);
#9691=POLY_LOOP('',(#746,#750,#713));
#9692=FACE_OUTER_BOUND('',#9691,.T.);
#9693=DIRECTION('',(-0.8508765783146144,0.4661240619482044,0.24235801482212246));
#9694=DIRECTION('',(0.0780547159202759,0.5683547116817005,-0.8190728801711213));
#9695=AXIS2_PLACEMENT_3D('',#746,#9693,#9694);
#9696=PLANE('',#9695);
#9697=FACE_SURFACE('',(#9692),#9696,.T.);
#9698=POLY_LOOP('',(#714,#751,#752));
#9699=FACE_OUTER_BOUND('',#9698,.T.);
#9700=DIRECTION('',(-0.7618552918959177,0.3818334337309838,0.5232396612408051));
#9701=DIRECTION('',(0.5823987816462083,0.7573684266186341,0.29530446237438873));
#9702=AXIS2_PLACEMENT_3D('',#714,#9700,#9701);
#9703=PLANE('',#9702);
#9704=FACE_SURFACE('',(#9699),#9703,.T.);
#9705=POLY_LOOP('',(#714,#753,#751));
#9706=FACE_OUTER_BOUND('',#9705,.T.);
#9707=DIRECTION('',(-0.7758528244808859,0.40945819898094477,0.4799962271021645));
#9708=DIRECTION('',(0.610906253203753,0.2974794386988916,0.7336889895234522));
#9709=AXIS2_PLACEMENT_3D('',#714,#9707,#9708);
#9710=PLANE('',#9709);
#9711=FACE_SURFACE('',(#9706),#9710,.T.);
#9712=POLY_LOOP('',(#710,#753,#714));
#9713=FACE_OUTER_BOUND('',#9712,.T.);
#9714=DIRECTION('',(-0.7754544557175751,0.41162323332268447,0.47878669665806095));
#9715=DIRECTION('',(0.34088578101898154,0.9112112436742952,-0.23128111401630513));
#9716=AXIS2_PLACEMENT_3D('',#710,#9714,#9715);
#9717=PLANE('',#9716);
#9718=FACE_SURFACE('',(#9713),#9717,.T.);
#9719=POLY_LOOP('',(#710,#754,#753));
#9720=FACE_OUTER_BOUND('',#9719,.T.);
#9721=DIRECTION('',(-0.7865536496765008,0.4111883334185416,0.4607141311497388));
#9722=DIRECTION('',(0.3444574002362884,0.9113620869554152,-0.22531809932344032));
#9723=AXIS2_PLACEMENT_3D('',#710,#9721,#9722);
#9724=PLANE('',#9723);
#9725=FACE_SURFACE('',(#9720),#9724,.T.);
#9726=POLY_LOOP('',(#709,#754,#710));
#9727=FACE_OUTER_BOUND('',#9726,.T.);
#9728=DIRECTION('',(-0.8044693874198459,0.4102565188532128,0.42955627505925403));
#9729=DIRECTION('',(-0.23972320201808975,0.4374182283422394,-0.8667168395318798));
#9730=AXIS2_PLACEMENT_3D('',#709,#9728,#9729);
#9731=PLANE('',#9730);
#9732=FACE_SURFACE('',(#9727),#9731,.T.);
#9733=POLY_LOOP('',(#715,#741,#739));
#9734=FACE_OUTER_BOUND('',#9733,.T.);
#9735=DIRECTION('',(-0.6821550856963667,0.4062550146308862,0.6079648856190965));
#9736=DIRECTION('',(0.4157038859581922,0.8994818608629442,-0.13462043373052024));
#9737=AXIS2_PLACEMENT_3D('',#715,#9735,#9736);
#9738=PLANE('',#9737);
#9739=FACE_SURFACE('',(#9734),#9738,.T.);
#9740=POLY_LOOP('',(#715,#755,#741));
#9741=FACE_OUTER_BOUND('',#9740,.T.);
#9742=DIRECTION('',(-0.7227829061459198,0.41656772090282174,0.55141291650186));
#9743=DIRECTION('',(0.49897127891231924,0.8666182798528499,-0.0006479548533242295));
#9744=AXIS2_PLACEMENT_3D('',#715,#9742,#9743);
#9745=PLANE('',#9744);
#9746=FACE_SURFACE('',(#9741),#9745,.T.);
#9747=POLY_LOOP('',(#744,#743,#745));
#9748=FACE_OUTER_BOUND('',#9747,.T.);
#9749=DIRECTION('',(-0.5952180507262099,0.5874413361619137,0.5482956763079538));
#9750=DIRECTION('',(-0.2698917469849823,-0.788839081572826,0.5521696734634516));
#9751=AXIS2_PLACEMENT_3D('',#744,#9749,#9750);
#9752=PLANE('',#9751);
#9753=FACE_SURFACE('',(#9748),#9752,.T.);
#9754=POLY_LOOP('',(#714,#755,#715));
#9755=FACE_OUTER_BOUND('',#9754,.T.);
#9756=DIRECTION('',(-0.7114993673391681,0.4100853728500673,0.5706125105975026));
#9757=DIRECTION('',(0.021893164744711292,0.8245867244032593,-0.5653117929738988));
#9758=AXIS2_PLACEMENT_3D('',#714,#9756,#9757);
#9759=PLANE('',#9758);
#9760=FACE_SURFACE('',(#9755),#9759,.T.);
#9761=POLY_LOOP('',(#756,#736,#735));
#9762=FACE_OUTER_BOUND('',#9761,.T.);
#9763=DIRECTION('',(-0.5231469730279693,0.3929258128371285,0.7562582562973807));
#9764=DIRECTION('',(0.13203872784579423,0.9140285440369655,-0.3835591154366289));
#9765=AXIS2_PLACEMENT_3D('',#756,#9763,#9764);
#9766=PLANE('',#9765);
#9767=FACE_SURFACE('',(#9762),#9766,.T.);
#9768=POLY_LOOP('',(#757,#730,#729));
#9769=FACE_OUTER_BOUND('',#9768,.T.);
#9770=DIRECTION('',(-0.4386399159288684,0.39918069203274087,0.8051396147639099));
#9771=DIRECTION('',(0.11765433160129234,0.9137280164867261,-0.38891974768927123));
#9772=AXIS2_PLACEMENT_3D('',#757,#9770,#9771);
#9773=PLANE('',#9772);
#9774=FACE_SURFACE('',(#9769),#9773,.T.);
#9775=POLY_LOOP('',(#733,#730,#757));
#9776=FACE_OUTER_BOUND('',#9775,.T.);
#9777=DIRECTION('',(-0.47679031589644805,0.3955228847970544,0.7850048676722848));
#9778=DIRECTION('',(-0.8442264657098265,-0.45480645698333816,-0.28360670175677805));
#9779=AXIS2_PLACEMENT_3D('',#733,#9777,#9778);
#9780=PLANE('',#9779);
#9781=FACE_SURFACE('',(#9776),#9780,.T.);
#9782=POLY_LOOP('',(#722,#732,#724));
#9783=FACE_OUTER_BOUND('',#9782,.T.);
#9784=DIRECTION('',(-0.31630295809985864,0.3930980818318892,0.8633807600111137));
#9785=DIRECTION('',(0.3802783753787356,0.8863249243698851,-0.26422809400218394));
#9786=AXIS2_PLACEMENT_3D('',#722,#9784,#9785);
#9787=PLANE('',#9786);
#9788=FACE_SURFACE('',(#9783),#9787,.T.);
#9789=POLY_LOOP('',(#722,#716,#732));
#9790=FACE_OUTER_BOUND('',#9789,.T.);
#9791=DIRECTION('',(-0.3530799924189242,0.40317828917144655,0.8442640499833202));
#9792=DIRECTION('',(0.907394818429822,0.36744373185549634,0.20400918461387138));
#9793=AXIS2_PLACEMENT_3D('',#722,#9791,#9792);
#9794=PLANE('',#9793);
#9795=FACE_SURFACE('',(#9790),#9794,.T.);
#9796=POLY_LOOP('',(#719,#716,#722));
#9797=FACE_OUTER_BOUND('',#9796,.T.);
#9798=DIRECTION('',(-0.3683516953977527,0.46157530154667226,0.8070100801722987));
#9799=DIRECTION('',(0.560297225803469,0.8029073465611613,-0.20348663738695896));
#9800=AXIS2_PLACEMENT_3D('',#719,#9798,#9799);
#9801=PLANE('',#9800);
#9802=FACE_SURFACE('',(#9797),#9801,.T.);
#9803=POLY_LOOP('',(#719,#717,#716));
#9804=FACE_OUTER_BOUND('',#9803,.T.);
#9805=DIRECTION('',(-0.41290778289583263,0.48371951036163413,0.7717011067243256));
#9806=DIRECTION('',(0.8772102820482093,-0.016679118686443572,0.479816556684682));
#9807=AXIS2_PLACEMENT_3D('',#719,#9805,#9806);
#9808=PLANE('',#9807);
#9809=FACE_SURFACE('',(#9804),#9808,.T.);
#9810=POLY_LOOP('',(#721,#717,#719));
#9811=FACE_OUTER_BOUND('',#9810,.T.);
#9812=DIRECTION('',(-0.39912552729770134,0.5301132268250672,0.7481168225647963));
#9813=DIRECTION('',(0.6540428919368274,0.7364334224467858,-0.17289797514784616));
#9814=AXIS2_PLACEMENT_3D('',#721,#9812,#9813);
#9815=PLANE('',#9814);
#9816=FACE_SURFACE('',(#9811),#9815,.T.);
#9817=POLY_LOOP('',(#716,#731,#732));
#9818=FACE_OUTER_BOUND('',#9817,.T.);
#9819=DIRECTION('',(-0.35576973105173215,0.4021090236754542,0.8436446121123224));
#9820=DIRECTION('',(0.12667004916853028,0.9151225358712769,-0.38276029441958276));
#9821=AXIS2_PLACEMENT_3D('',#716,#9819,#9820);
#9822=PLANE('',#9821);
#9823=FACE_SURFACE('',(#9818),#9822,.T.);
#9824=POLY_LOOP('',(#729,#731,#716));
#9825=FACE_OUTER_BOUND('',#9824,.T.);
#9826=DIRECTION('',(-0.3952205522498812,0.4004786108530243,0.8266907507215325));
#9827=DIRECTION('',(-0.8775333659964837,-0.43064224237362314,-0.21090863103794247));
#9828=AXIS2_PLACEMENT_3D('',#729,#9826,#9827);
#9829=PLANE('',#9828);
#9830=FACE_SURFACE('',(#9825),#9829,.T.);
#9831=POLY_LOOP('',(#726,#758,#705));
#9832=FACE_OUTER_BOUND('',#9831,.T.);
#9833=DIRECTION('',(-0.692172297366496,0.5941371371773,0.4097542836690658));
#9834=DIRECTION('',(-0.3466737915519857,-0.7716503867679287,0.5332663151295762));
#9835=AXIS2_PLACEMENT_3D('',#726,#9833,#9834);
#9836=PLANE('',#9835);
#9837=FACE_SURFACE('',(#9832),#9836,.T.);
#9838=POLY_LOOP('',(#726,#745,#758));
#9839=FACE_OUTER_BOUND('',#9838,.T.);
#9840=DIRECTION('',(-0.6283729391731873,0.6131502231466534,0.4787423661741867));
#9841=DIRECTION('',(-0.7527279348380878,-0.634574263544414,-0.17526026406876183));
#9842=AXIS2_PLACEMENT_3D('',#726,#9840,#9841);
#9843=PLANE('',#9842);
#9844=FACE_SURFACE('',(#9839),#9843,.T.);
#9845=POLY_LOOP('',(#714,#752,#755));
#9846=FACE_OUTER_BOUND('',#9845,.T.);
#9847=DIRECTION('',(-0.7430170552852269,0.3917464602447613,0.5426420242120674));
#9848=DIRECTION('',(0.07713888217834138,0.8555173702663038,-0.5119957246197512));
#9849=AXIS2_PLACEMENT_3D('',#714,#9847,#9848);
#9850=PLANE('',#9849);
#9851=FACE_SURFACE('',(#9846),#9850,.T.);
#9852=POLY_LOOP('',(#741,#759,#738));
#9853=FACE_OUTER_BOUND('',#9852,.T.);
#9854=DIRECTION('',(-0.631136014962819,0.0027097743623520788,0.775667446615982));
#9855=DIRECTION('',(0.03673578073445497,0.9989762148954641,0.02640084254265083));
#9856=AXIS2_PLACEMENT_3D('',#741,#9854,#9855);
#9857=PLANE('',#9856);
#9858=FACE_SURFACE('',(#9853),#9857,.T.);
#9859=POLY_LOOP('',(#755,#759,#741));
#9860=FACE_OUTER_BOUND('',#9859,.T.);
#9861=DIRECTION('',(-0.69941687146534,0.006832431355417477,0.7146812980562804));
#9862=DIRECTION('',(0.0001329440484764975,0.9999555316881176,-0.009429579641431977));
#9863=AXIS2_PLACEMENT_3D('',#755,#9861,#9862);
#9864=PLANE('',#9863);
#9865=FACE_SURFACE('',(#9860),#9864,.T.);
#9866=POLY_LOOP('',(#755,#760,#759));
#9867=FACE_OUTER_BOUND('',#9866,.T.);
#9868=DIRECTION('',(-0.8693631317537602,0.00477542263957906,0.4941507264852571));
#9869=DIRECTION('',(0.050790642609463504,0.9955212309196909,0.07973574738761251));
#9870=AXIS2_PLACEMENT_3D('',#755,#9868,#9869);
#9871=PLANE('',#9870);
#9872=FACE_SURFACE('',(#9867),#9871,.T.);
#9873=POLY_LOOP('',(#761,#762,#763));
#9874=FACE_OUTER_BOUND('',#9873,.T.);
#9875=DIRECTION('',(-0.7071100605310656,0.7070710190881307,-0.00677762948419574));
#9876=DIRECTION('',(0.577348161362061,0.5828609202527385,0.5717886394586539));
#9877=AXIS2_PLACEMENT_3D('',#761,#9875,#9876);
#9878=PLANE('',#9877);
#9879=FACE_SURFACE('',(#9874),#9878,.T.);
#9880=POLY_LOOP('',(#764,#761,#765));
#9881=FACE_OUTER_BOUND('',#9880,.T.);
#9882=DIRECTION('',(8.617444293234203e-07,0.7002943484105505,-0.713854204710948));
#9883=DIRECTION('',(0.9529208215791583,-0.21645490483313054,-0.21234213424231804));
#9884=AXIS2_PLACEMENT_3D('',#764,#9882,#9883);
#9885=PLANE('',#9884);
#9886=FACE_SURFACE('',(#9881),#9885,.T.);
#9887=POLY_LOOP('',(#762,#761,#764));
#9888=FACE_OUTER_BOUND('',#9887,.T.);
#9889=DIRECTION('',(5.495270106609025e-07,0.7002936479771863,-0.7138548918390227));
#9890=DIRECTION('',(-0.577348161362061,-0.5828609202527385,-0.5717886394586539));
#9891=AXIS2_PLACEMENT_3D('',#762,#9889,#9890);
#9892=PLANE('',#9891);
#9893=FACE_SURFACE('',(#9888),#9892,.T.);
#9894=POLY_LOOP('',(#766,#765,#761));
#9895=FACE_OUTER_BOUND('',#9894,.T.);
#9896=DIRECTION('',(-1.1795021907991975e-08,-0.009585193591597171,-0.9999540609767087));
#9897=DIRECTION('',(-0.15023644509492678,0.9886046775093771,-0.009476400784040042));
#9898=AXIS2_PLACEMENT_3D('',#766,#9896,#9897);
#9899=PLANE('',#9898);
#9900=FACE_SURFACE('',(#9895),#9899,.T.);
#9901=POLY_LOOP('',(#767,#765,#766));
#9902=FACE_OUTER_BOUND('',#9901,.T.);
#9903=DIRECTION('',(5.6595377176139705e-09,-0.009585190939303366,-0.9999540610021328));
#9904=DIRECTION('',(-1.6362046897778967e-07,0.9999540610021194,-0.009585190939304164));
#9905=AXIS2_PLACEMENT_3D('',#767,#9903,#9904);
#9906=PLANE('',#9905);
#9907=FACE_SURFACE('',(#9902),#9906,.T.);
#9908=POLY_LOOP('',(#768,#767,#766));
#9909=FACE_OUTER_BOUND('',#9908,.T.);
#9910=DIRECTION('',(-8.614165003535411e-06,0.9999540609241407,-0.009585195204913848));
#9911=DIRECTION('',(-0.21490684952489023,0.009359381656629187,0.9765897029982917));
#9912=AXIS2_PLACEMENT_3D('',#768,#9910,#9911);
#9913=PLANE('',#9912);
#9914=FACE_SURFACE('',(#9909),#9913,.T.);
#9915=POLY_LOOP('',(#769,#767,#768));
#9916=FACE_OUTER_BOUND('',#9915,.T.);
#9917=DIRECTION('',(-8.758852537060441e-06,0.9999540606177074,-0.00958522704169635));
#9918=DIRECTION('',(0.0,0.009585227042064028,0.9999540606560643));
#9919=AXIS2_PLACEMENT_3D('',#769,#9917,#9918);
#9920=PLANE('',#9919);
#9921=FACE_SURFACE('',(#9916),#9920,.T.);
#9922=POLY_LOOP('',(#768,#761,#763));
#9923=FACE_OUTER_BOUND('',#9922,.T.);
#9924=DIRECTION('',(-0.9999999999999901,-1.4023987038003917e-07,1.3442693232899577e-09));
#9925=DIRECTION('',(-1.1540265410637963e-07,0.828265851804534,0.5603353270448834));
#9926=AXIS2_PLACEMENT_3D('',#768,#9924,#9925);
#9927=PLANE('',#9926);
#9928=FACE_SURFACE('',(#9923),#9927,.T.);
#9929=POLY_LOOP('',(#766,#761,#768));
#9930=FACE_OUTER_BOUND('',#9929,.T.);
#9931=DIRECTION('',(-0.9999999999999901,-1.4023988329403464e-07,1.3442884122550057e-09));
#9932=DIRECTION('',(-1.4024632607544408e-07,0.999954060976699,-0.009585193591595424));
#9933=AXIS2_PLACEMENT_3D('',#766,#9931,#9932);
#9934=PLANE('',#9933);
#9935=FACE_SURFACE('',(#9930),#9934,.T.);
#9936=POLY_LOOP('',(#770,#771,#772));
#9937=FACE_OUTER_BOUND('',#9936,.T.);
#9938=DIRECTION('',(0.7071063529601893,0.7070747256657288,-0.006777752435323329));
#9939=DIRECTION('',(0.05967154149498125,-0.050117735199291746,0.9969591364514928));
#9940=AXIS2_PLACEMENT_3D('',#770,#9938,#9939);
#9941=PLANE('',#9940);
#9942=FACE_SURFACE('',(#9937),#9941,.T.);
#9943=POLY_LOOP('',(#773,#771,#770));
#9944=FACE_OUTER_BOUND('',#9943,.T.);
#9945=DIRECTION('',(0.707107158896136,0.7070739188416266,-0.00677784123298188));
#9946=DIRECTION('',(0.5773512265775474,-0.582859382579104,-0.571787111877233));
#9947=AXIS2_PLACEMENT_3D('',#773,#9945,#9946);
#9948=PLANE('',#9947);
#9949=FACE_SURFACE('',(#9944),#9948,.T.);
#9950=POLY_LOOP('',(#774,#772,#771));
#9951=FACE_OUTER_BOUND('',#9950,.T.);
#9952=DIRECTION('',(0.9999999999999779,-2.1035982496442828e-07,2.016430179433224e-09));
#9953=DIRECTION('',(1.7288993765658192e-07,0.8163407963507832,-0.5775705188228875));
#9954=AXIS2_PLACEMENT_3D('',#774,#9952,#9953);
#9955=PLANE('',#9954);
#9956=FACE_SURFACE('',(#9951),#9955,.T.);
#9957=POLY_LOOP('',(#763,#762,#775));
#9958=FACE_OUTER_BOUND('',#9957,.T.);
#9959=DIRECTION('',(-0.7071095584441044,0.7070715205783475,-0.006777694593823926));
#9960=DIRECTION('',(0.059833283588357454,0.06938177323965906,0.9957942296062755));
#9961=AXIS2_PLACEMENT_3D('',#763,#9959,#9960);
#9962=PLANE('',#9961);
#9963=FACE_SURFACE('',(#9958),#9962,.T.);
#9964=POLY_LOOP('',(#776,#772,#774));
#9965=FACE_OUTER_BOUND('',#9964,.T.);
#9966=DIRECTION('',(0.9999999999999779,-2.103598448319331e-07,2.0164020986116146e-09));
#9967=DIRECTION('',(2.1036950871059432e-07,0.9999540606320393,-0.009585229546109806));
#9968=AXIS2_PLACEMENT_3D('',#776,#9966,#9967);
#9969=PLANE('',#9968);
#9970=FACE_SURFACE('',(#9965),#9969,.T.);
#9971=POLY_LOOP('',(#16,#777,#776));
#9972=FACE_OUTER_BOUND('',#9971,.T.);
#9973=DIRECTION('',(0.014457472043518767,0.00958418158233937,0.9998495511653279));
#9974=DIRECTION('',(-1.6362069847558184e-07,0.9999540610973044,-0.009585181009325542));
#9975=AXIS2_PLACEMENT_3D('',#16,#9973,#9974);
#9976=PLANE('',#9975);
#9977=FACE_SURFACE('',(#9972),#9976,.T.);
#9978=POLY_LOOP('',(#772,#778,#770));
#9979=FACE_OUTER_BOUND('',#9978,.T.);
#9980=DIRECTION('',(0.01022194483063809,0.7138542927954467,0.7002196516104016));
#9981=DIRECTION('',(0.9500234590470616,0.21156612259342486,-0.229554357464719));
#9982=AXIS2_PLACEMENT_3D('',#772,#9980,#9981);
#9983=PLANE('',#9982);
#9984=FACE_SURFACE('',(#9979),#9983,.T.);
#9985=POLY_LOOP('',(#777,#778,#772));
#9986=FACE_OUTER_BOUND('',#9985,.T.);
#9987=DIRECTION('',(0.010223095870870032,0.7138518300520785,0.7002221454953517));
#9988=DIRECTION('',(0.5745440535158645,0.5689352405653385,-0.5883976738672748));
#9989=AXIS2_PLACEMENT_3D('',#777,#9987,#9988);
#9990=PLANE('',#9989);
#9991=FACE_SURFACE('',(#9986),#9990,.T.);
#9992=POLY_LOOP('',(#777,#779,#778));
#9993=FACE_OUTER_BOUND('',#9992,.T.);
#9994=DIRECTION('',(-0.7071097903265177,0.7070712891477796,-0.0067776461463612886));
#9995=DIRECTION('',(0.05944434327882691,0.06899326786921867,0.9958445154947008));
#9996=AXIS2_PLACEMENT_3D('',#777,#9994,#9995);
#9997=PLANE('',#9996);
#9998=FACE_SURFACE('',(#9993),#9997,.T.);
#9999=POLY_LOOP('',(#15,#779,#777));
#10000=FACE_OUTER_BOUND('',#9999,.T.);
#10001=DIRECTION('',(-0.7071101697912582,0.707070910130998,-0.006777597236478384));
#10002=DIRECTION('',(0.5773480593981697,0.5828609717209103,0.5717886899491138));
#10003=AXIS2_PLACEMENT_3D('',#15,#10001,#10002);
#10004=PLANE('',#10003);
#10005=FACE_SURFACE('',(#10000),#10004,.T.);
#10006=POLY_LOOP('',(#773,#15,#771));
#10007=FACE_OUTER_BOUND('',#10006,.T.);
#10008=DIRECTION('',(8.617466827195017e-07,0.7002943484152602,-0.7138542047063278));
#10009=DIRECTION('',(0.9529208059126735,-0.2164549399796446,-0.21234216872102765));
#10010=AXIS2_PLACEMENT_3D('',#773,#10008,#10009);
#10011=PLANE('',#10010);
#10012=FACE_SURFACE('',(#10007),#10011,.T.);
#10013=POLY_LOOP('',(#779,#15,#773));
#10014=FACE_OUTER_BOUND('',#10013,.T.);
#10015=DIRECTION('',(5.495271176139402e-07,0.7002936479772057,-0.7138548918390035));
#10016=DIRECTION('',(-0.5773480593981697,-0.5828609717209103,-0.5717886899491138));
#10017=AXIS2_PLACEMENT_3D('',#779,#10015,#10016);
#10018=PLANE('',#10017);
#10019=FACE_SURFACE('',(#10014),#10018,.T.);
#10020=POLY_LOOP('',(#14,#771,#15));
#10021=FACE_OUTER_BOUND('',#10020,.T.);
#10022=DIRECTION('',(-1.1795053853755356e-08,-0.009585194487748484,-0.9999540609681187));
#10023=DIRECTION('',(-0.1502360974240625,0.9886047303308729,-0.009476402176428405));
#10024=AXIS2_PLACEMENT_3D('',#14,#10022,#10023);
#10025=PLANE('',#10024);
#10026=FACE_SURFACE('',(#10021),#10025,.T.);
#10027=POLY_LOOP('',(#774,#771,#14));
#10028=FACE_OUTER_BOUND('',#10027,.T.);
#10029=DIRECTION('',(-5.897511861139182e-09,-0.009585193591594278,-0.9999540609767089));
#10030=DIRECTION('',(2.1036948911316352e-07,0.9999540609766867,-0.009585193591595305));
#10031=AXIS2_PLACEMENT_3D('',#774,#10029,#10030);
#10032=PLANE('',#10031);
#10033=FACE_SURFACE('',(#10028),#10032,.T.);
#10034=POLY_LOOP('',(#16,#774,#14));
#10035=FACE_OUTER_BOUND('',#10034,.T.);
#10036=DIRECTION('',(6.152448433833906e-07,0.9999540601043861,-0.009585284574547983));
#10037=DIRECTION('',(-0.21347910719231947,0.009364452379108166,0.9769027473725364));
#10038=AXIS2_PLACEMENT_3D('',#16,#10036,#10037);
#10039=PLANE('',#10038);
#10040=FACE_SURFACE('',(#10035),#10039,.T.);
#10041=POLY_LOOP('',(#776,#774,#16));
#10042=FACE_OUTER_BOUND('',#10041,.T.);
#10043=DIRECTION('',(1.6922805289901527e-06,0.9999540623590126,-0.009585049235355976));
#10044=DIRECTION('',(0.0,0.009585049235369701,0.9999540623604445));
#10045=AXIS2_PLACEMENT_3D('',#776,#10043,#10044);
#10046=PLANE('',#10045);
#10047=FACE_SURFACE('',(#10042),#10046,.T.);
#10048=POLY_LOOP('',(#16,#15,#777));
#10049=FACE_OUTER_BOUND('',#10048,.T.);
#10050=DIRECTION('',(-0.9999999999999867,-1.6361318217924996e-07,1.5683069908562268e-09));
#10051=DIRECTION('',(-1.3433161328340032e-07,0.8264287336074635,0.5630413379743499));
#10052=AXIS2_PLACEMENT_3D('',#16,#10050,#10051);
#10053=PLANE('',#10052);
#10054=FACE_SURFACE('',(#10049),#10053,.T.);
#10055=POLY_LOOP('',(#776,#777,#772));
#10056=FACE_OUTER_BOUND('',#10055,.T.);
#10057=DIRECTION('',(0.01445718829928446,0.009584224746730508,0.9998495548543707));
#10058=DIRECTION('',(0.15023582587476508,0.9885815638679973,-0.011648527977043074));
#10059=AXIS2_PLACEMENT_3D('',#776,#10057,#10058);
#10060=PLANE('',#10059);
#10061=FACE_SURFACE('',(#10056),#10060,.T.);
#10062=POLY_LOOP('',(#763,#775,#780));
#10063=FACE_OUTER_BOUND('',#10062,.T.);
#10064=DIRECTION('',(-0.018728210335136403,0.7138423724055138,0.7000559416904556));
#10065=DIRECTION('',(0.5823817985520945,0.576923417482141,-0.572704820196194));
#10066=AXIS2_PLACEMENT_3D('',#763,#10064,#10065);
#10067=PLANE('',#10066);
#10068=FACE_SURFACE('',(#10063),#10067,.T.);
#10069=POLY_LOOP('',(#780,#775,#781));
#10070=FACE_OUTER_BOUND('',#10069,.T.);
#10071=DIRECTION('',(-0.01873141305510596,0.7138498192033343,0.7000482624707569));
#10072=DIRECTION('',(0.9578000812548443,0.21367291704357627,-0.19225735062749283));
#10073=AXIS2_PLACEMENT_3D('',#780,#10071,#10072);
#10074=PLANE('',#10073);
#10075=FACE_SURFACE('',(#10070),#10074,.T.);
#10076=POLY_LOOP('',(#768,#763,#769));
#10077=FACE_OUTER_BOUND('',#10076,.T.);
#10078=DIRECTION('',(-0.026485973902833325,0.0095818146702129,0.9996032623066233));
#10079=DIRECTION('',(-1.4024631297907063e-07,0.9999540610973079,-0.009585181009325575));
#10080=AXIS2_PLACEMENT_3D('',#768,#10078,#10079);
#10081=PLANE('',#10080);
#10082=FACE_SURFACE('',(#10077),#10081,.T.);
#10083=POLY_LOOP('',(#752,#760,#755));
#10084=FACE_OUTER_BOUND('',#10083,.T.);
#10085=DIRECTION('',(-0.7601789327273036,-0.01324398951684915,0.6495787765769871));
#10086=DIRECTION('',(0.04825552959431061,0.9958799136526878,0.07677630784745922));
#10087=AXIS2_PLACEMENT_3D('',#752,#10085,#10086);
#10088=PLANE('',#10087);
#10089=FACE_SURFACE('',(#10084),#10088,.T.);
#10090=POLY_LOOP('',(#782,#754,#709));
#10091=FACE_OUTER_BOUND('',#10090,.T.);
#10092=DIRECTION('',(-0.9651843979184727,-0.011146179507192691,0.2613328159591692));
#10093=DIRECTION('',(-0.037761695995954234,-0.9826880514675859,-0.18137874136278567));
#10094=AXIS2_PLACEMENT_3D('',#782,#10092,#10093);
#10095=PLANE('',#10094);
#10096=FACE_SURFACE('',(#10091),#10095,.T.);
#10097=POLY_LOOP('',(#782,#753,#754));
#10098=FACE_OUTER_BOUND('',#10097,.T.);
#10099=DIRECTION('',(-0.9437968878387848,-0.024570506731325385,0.3296114753839588));
#10100=DIRECTION('',(-0.038296684963635794,-0.9823875344303521,-0.18288820660898236));
#10101=AXIS2_PLACEMENT_3D('',#782,#10099,#10100);
#10102=PLANE('',#10101);
#10103=FACE_SURFACE('',(#10098),#10102,.T.);
#10104=POLY_LOOP('',(#760,#753,#782));
#10105=FACE_OUTER_BOUND('',#10104,.T.);
#10106=DIRECTION('',(-0.9807311809179271,0.0018637803992665367,0.1953532111278221));
#10107=DIRECTION('',(2.293011081303517e-05,-0.9999533868378357,0.009655238254520635));
#10108=AXIS2_PLACEMENT_3D('',#760,#10106,#10107);
#10109=PLANE('',#10108);
#10110=FACE_SURFACE('',(#10105),#10109,.T.);
#10111=POLY_LOOP('',(#760,#751,#753));
#10112=FACE_OUTER_BOUND('',#10111,.T.);
#10113=DIRECTION('',(-0.9127697317712362,0.003922989674172312,0.40845566089146285));
#10114=DIRECTION('',(-0.02081682197560675,-0.999101263753459,-0.03692322695915424));
#10115=AXIS2_PLACEMENT_3D('',#760,#10113,#10114);
#10116=PLANE('',#10115);
#10117=FACE_SURFACE('',(#10112),#10116,.T.);
#10118=POLY_LOOP('',(#752,#751,#760));
#10119=FACE_OUTER_BOUND('',#10118,.T.);
#10120=DIRECTION('',(-0.8237955437147211,-0.00378542863938752,0.5668743888074176));
#10121=DIRECTION('',(0.5668703758226304,0.002163733097733899,0.823804160752901));
#10122=AXIS2_PLACEMENT_3D('',#752,#10120,#10121);
#10123=PLANE('',#10122);
#10124=FACE_SURFACE('',(#10119),#10123,.T.);
#10125=POLY_LOOP('',(#783,#749,#750));
#10126=FACE_OUTER_BOUND('',#10125,.T.);
#10127=DIRECTION('',(-0.9987642987049188,-0.0005232651399708858,-0.04969508855073354));
#10128=DIRECTION('',(0.007555722103696033,-0.9899193699794248,-0.1414303786427462));
#10129=AXIS2_PLACEMENT_3D('',#783,#10127,#10128);
#10130=PLANE('',#10129);
#10131=FACE_SURFACE('',(#10126),#10130,.T.);
#10132=POLY_LOOP('',(#783,#711,#749));
#10133=FACE_OUTER_BOUND('',#10132,.T.);
#10134=DIRECTION('',(-0.999356952653923,-0.012432771564747763,0.033631939781755056));
#10135=DIRECTION('',(0.0033841333656479725,-0.9664793566938016,-0.2567220300755255));
#10136=AXIS2_PLACEMENT_3D('',#783,#10134,#10135);
#10137=PLANE('',#10136);
#10138=FACE_SURFACE('',(#10133),#10137,.T.);
#10139=POLY_LOOP('',(#782,#711,#783));
#10140=FACE_OUTER_BOUND('',#10139,.T.);
#10141=DIRECTION('',(-0.9999208009788054,-0.00015849014217480804,-0.012584381223520092));
#10142=DIRECTION('',(3.3213410075306044e-05,-0.999950451958938,0.009954522790430633));
#10143=AXIS2_PLACEMENT_3D('',#782,#10141,#10142);
#10144=PLANE('',#10143);
#10145=FACE_SURFACE('',(#10140),#10144,.T.);
#10146=POLY_LOOP('',(#782,#708,#711));
#10147=FACE_OUTER_BOUND('',#10146,.T.);
#10148=DIRECTION('',(-0.9955669159399614,0.0009032171973133376,0.09405158204139057));
#10149=DIRECTION('',(-0.001090594636238422,-0.9999975217467448,-0.001940902807438546));
#10150=AXIS2_PLACEMENT_3D('',#782,#10148,#10149);
#10151=PLANE('',#10150);
#10152=FACE_SURFACE('',(#10147),#10151,.T.);
#10153=POLY_LOOP('',(#709,#708,#782));
#10154=FACE_OUTER_BOUND('',#10153,.T.);
#10155=DIRECTION('',(-0.9885194757158767,0.0007848221383483406,0.15109146297729592));
#10156=DIRECTION('',(0.13079864376301278,-0.4961458171739492,0.8583303809667643));
#10157=AXIS2_PLACEMENT_3D('',#709,#10155,#10156);
#10158=PLANE('',#10157);
#10159=FACE_SURFACE('',(#10154),#10158,.T.);
#10160=POLY_LOOP('',(#784,#785,#786));
#10161=FACE_OUTER_BOUND('',#10160,.T.);
#10162=DIRECTION('',(-0.9761384590643427,-0.002081621793935285,-0.21713906969082591));
#10163=DIRECTION('',(0.022947186082373422,-0.9953438915367676,-0.09361604686881585));
#10164=AXIS2_PLACEMENT_3D('',#784,#10162,#10163);
#10165=PLANE('',#10164);
#10166=FACE_SURFACE('',(#10161),#10165,.T.);
#10167=POLY_LOOP('',(#784,#746,#785));
#10168=FACE_OUTER_BOUND('',#10167,.T.);
#10169=DIRECTION('',(-0.9899185795765817,-0.009530723907066135,-0.1413165634697156));
#10170=DIRECTION('',(0.04052565172496837,-0.9750803192559732,-0.2181193309909419));
#10171=AXIS2_PLACEMENT_3D('',#784,#10169,#10170);
#10172=PLANE('',#10171);
#10173=FACE_SURFACE('',(#10168),#10172,.T.);
#10174=POLY_LOOP('',(#783,#746,#784));
#10175=FACE_OUTER_BOUND('',#10174,.T.);
#10176=DIRECTION('',(-0.9844967823977987,-0.0016823511396627934,-0.17539456987895702));
#10177=DIRECTION('',(-1.0115162097826618e-06,-0.999953947307215,0.009597044529247006));
#10178=AXIS2_PLACEMENT_3D('',#783,#10176,#10177);
#10179=PLANE('',#10178);
#10180=FACE_SURFACE('',(#10175),#10179,.T.);
#10181=POLY_LOOP('',(#750,#746,#783));
#10182=FACE_OUTER_BOUND('',#10181,.T.);
#10183=DIRECTION('',(-0.995429379624664,-0.0009155159395735623,-0.09549613610309565));
#10184=DIRECTION('',(-0.0780547159202759,-0.5683547116817005,0.8190728801711213));
#10185=AXIS2_PLACEMENT_3D('',#750,#10183,#10184);
#10186=PLANE('',#10185);
#10187=FACE_SURFACE('',(#10182),#10186,.T.);
#10188=POLY_LOOP('',(#787,#788,#789));
#10189=FACE_OUTER_BOUND('',#10188,.T.);
#10190=DIRECTION('',(-0.15739736953696415,-0.009465749447146343,-0.9874899835695793));
#10191=DIRECTION('',(-0.18583365084748893,-0.9818056799235058,0.03903153958834121));
#10192=AXIS2_PLACEMENT_3D('',#787,#10190,#10191);
#10193=PLANE('',#10192);
#10194=FACE_SURFACE('',(#10189),#10193,.T.);
#10195=POLY_LOOP('',(#787,#790,#788));
#10196=FACE_OUTER_BOUND('',#10195,.T.);
#10197=DIRECTION('',(-0.15739768859843167,-0.00946568705802778,-0.9874899333119252));
#10198=DIRECTION('',(-1.7909383864604394e-07,-0.9999540609939502,0.009585191791255594));
#10199=AXIS2_PLACEMENT_3D('',#787,#10197,#10198);
#10200=PLANE('',#10199);
#10201=FACE_SURFACE('',(#10196),#10200,.T.);
#10202=POLY_LOOP('',(#791,#790,#787));
#10203=FACE_OUTER_BOUND('',#10202,.T.);
#10204=DIRECTION('',(-0.21369507991034023,-0.009363739529746135,-0.9768555334357953));
#10205=DIRECTION('',(-0.976900410902413,0.002047378737999429,0.21368527188133452));
#10206=AXIS2_PLACEMENT_3D('',#791,#10204,#10205);
#10207=PLANE('',#10206);
#10208=FACE_SURFACE('',(#10203),#10207,.T.);
#10209=POLY_LOOP('',(#792,#793,#791));
#10210=FACE_OUTER_BOUND('',#10209,.T.);
#10211=DIRECTION('',(-0.26269604870738883,-0.008783845001023187,-0.9648386549369398));
#10212=DIRECTION('',(0.03821130970946122,-0.9992688271598161,-0.0013064750028760799));
#10213=AXIS2_PLACEMENT_3D('',#792,#10211,#10212);
#10214=PLANE('',#10213);
#10215=FACE_SURFACE('',(#10210),#10214,.T.);
#10216=POLY_LOOP('',(#792,#786,#793));
#10217=FACE_OUTER_BOUND('',#10216,.T.);
#10218=DIRECTION('',(-0.3092835118576639,-0.010583525015936558,-0.9509109833686997));
#10219=DIRECTION('',(0.07928430558556013,-0.9967437475243879,-0.014693558413635453));
#10220=AXIS2_PLACEMENT_3D('',#792,#10218,#10219);
#10221=PLANE('',#10220);
#10222=FACE_SURFACE('',(#10217),#10221,.T.);
#10223=POLY_LOOP('',(#784,#786,#792));
#10224=FACE_OUTER_BOUND('',#10223,.T.);
#10225=DIRECTION('',(-0.29245193412063614,-0.009166182094107668,-0.9562362926258952));
#10226=DIRECTION('',(2.138663314854077e-07,-0.9999540610921667,0.009585181544324462));
#10227=AXIS2_PLACEMENT_3D('',#784,#10225,#10226);
#10228=PLANE('',#10227);
#10229=FACE_SURFACE('',(#10224),#10228,.T.);
#10230=POLY_LOOP('',(#787,#792,#791));
#10231=FACE_OUTER_BOUND('',#10230,.T.);
#10232=DIRECTION('',(-0.22314145443932895,-0.009957340949565774,-0.9747352166983171));
#10233=DIRECTION('',(0.9747860641311841,-0.00213254226124723,-0.22313130985843072));
#10234=AXIS2_PLACEMENT_3D('',#787,#10232,#10233);
#10235=PLANE('',#10234);
#10236=FACE_SURFACE('',(#10231),#10235,.T.);
#10237=POLY_LOOP('',(#781,#765,#780));
#10238=FACE_OUTER_BOUND('',#10237,.T.);
#10239=DIRECTION('',(0.707109609713593,0.7070714687543221,-0.006777752156543239));
#10240=DIRECTION('',(0.05941483958120806,-0.049861255295216844,0.996987327932469));
#10241=AXIS2_PLACEMENT_3D('',#781,#10239,#10240);
#10242=PLANE('',#10241);
#10243=FACE_SURFACE('',(#10238),#10242,.T.);
#10244=POLY_LOOP('',(#764,#765,#781));
#10245=FACE_OUTER_BOUND('',#10244,.T.);
#10246=DIRECTION('',(0.707110067810447,0.7070710101509164,-0.006777802392179317));
#10247=DIRECTION('',(0.5773480657094772,-0.5828609780924825,-0.5717886770814896));
#10248=AXIS2_PLACEMENT_3D('',#764,#10246,#10247);
#10249=PLANE('',#10248);
#10250=FACE_SURFACE('',(#10245),#10249,.T.);
#10251=POLY_LOOP('',(#767,#780,#765));
#10252=FACE_OUTER_BOUND('',#10251,.T.);
#10253=DIRECTION('',(0.9999999999999867,1.6361295236028465e-07,-1.5683393966552933e-09));
#10254=DIRECTION('',(-1.3438280726804522e-07,0.8158020851221303,-0.5783311835880601));
#10255=AXIS2_PLACEMENT_3D('',#767,#10253,#10254);
#10256=PLANE('',#10255);
#10257=FACE_SURFACE('',(#10252),#10256,.T.);
#10258=POLY_LOOP('',(#769,#780,#767));
#10259=FACE_OUTER_BOUND('',#10258,.T.);
#10260=DIRECTION('',(0.9999999999999867,1.6361295239744777e-07,-1.568339344232493e-09));
#10261=DIRECTION('',(-1.636204690144484e-07,0.9999540612261564,-0.009585167567098984));
#10262=AXIS2_PLACEMENT_3D('',#769,#10260,#10261);
#10263=PLANE('',#10262);
#10264=FACE_SURFACE('',(#10259),#10263,.T.);
#10265=POLY_LOOP('',(#769,#763,#780));
#10266=FACE_OUTER_BOUND('',#10265,.T.);
#10267=DIRECTION('',(-0.026485881462226635,0.009581800637134678,0.999603264890486));
#10268=DIRECTION('',(0.15023477951310965,0.9886350717954431,-0.005495984048968843));
#10269=AXIS2_PLACEMENT_3D('',#769,#10267,#10268);
#10270=PLANE('',#10269);
#10271=FACE_SURFACE('',(#10266),#10270,.T.);
#10272=POLY_LOOP('',(#746,#748,#785));
#10273=FACE_OUTER_BOUND('',#10272,.T.);
#10274=DIRECTION('',(-0.849531931041709,0.47516468328638445,0.22915938099474512));
#10275=DIRECTION('',(-0.353567480128082,-0.8352399271290021,0.42114641293191324));
#10276=AXIS2_PLACEMENT_3D('',#746,#10274,#10275);
#10277=PLANE('',#10276);
#10278=FACE_SURFACE('',(#10273),#10277,.T.);
#10279=POLY_LOOP('',(#701,#702,#794));
#10280=FACE_OUTER_BOUND('',#10279,.T.);
#10281=DIRECTION('',(0.32168777120652625,0.3844200084698403,0.8652966167414649));
#10282=DIRECTION('',(0.6158108286569596,-0.7791283139445746,0.11720108241272023));
#10283=AXIS2_PLACEMENT_3D('',#701,#10281,#10282);
#10284=PLANE('',#10283);
#10285=FACE_SURFACE('',(#10280),#10284,.T.);
#10286=POLY_LOOP('',(#785,#748,#793));
#10287=FACE_OUTER_BOUND('',#10286,.T.);
#10288=DIRECTION('',(-0.8579656003405404,0.4766095119428743,0.1916726421737628));
#10289=DIRECTION('',(-0.47194826556621466,-0.8786556662046403,0.07231220419487591));
#10290=AXIS2_PLACEMENT_3D('',#785,#10288,#10289);
#10291=PLANE('',#10290);
#10292=FACE_SURFACE('',(#10287),#10291,.T.);
#10293=POLY_LOOP('',(#704,#795,#726));
#10294=FACE_OUTER_BOUND('',#10293,.T.);
#10295=DIRECTION('',(-0.7074636288078537,0.5752343302727613,0.41061013040312466));
#10296=DIRECTION('',(0.0691237814865001,0.6345160031794068,-0.769812538571721));
#10297=AXIS2_PLACEMENT_3D('',#704,#10295,#10296);
#10298=PLANE('',#10297);
#10299=FACE_SURFACE('',(#10294),#10298,.T.);
#10300=POLY_LOOP('',(#637,#796,#631));
#10301=FACE_OUTER_BOUND('',#10300,.T.);
#10302=DIRECTION('',(0.21369517704165908,-0.009363741473019611,-0.9768555121688982));
#10303=DIRECTION('',(0.06182971155525706,0.99807886283069,0.003958577975792584));
#10304=AXIS2_PLACEMENT_3D('',#637,#10302,#10303);
#10305=PLANE('',#10304);
#10306=FACE_SURFACE('',(#10301),#10305,.T.);
#10307=POLY_LOOP('',(#638,#796,#637));
#10308=FACE_OUTER_BOUND('',#10307,.T.);
#10309=DIRECTION('',(0.24514493503951035,-0.01134150414906858,-0.9694201004250484));
#10310=DIRECTION('',(0.09783397721721424,0.9951165546975652,0.013097918487655043));
#10311=AXIS2_PLACEMENT_3D('',#638,#10309,#10310);
#10312=PLANE('',#10311);
#10313=FACE_SURFACE('',(#10308),#10312,.T.);
#10314=POLY_LOOP('',(#638,#797,#796));
#10315=FACE_OUTER_BOUND('',#10314,.T.);
#10316=DIRECTION('',(0.2535700544197892,-0.012198505586641527,-0.9672401066762057));
#10317=DIRECTION('',(-0.06393398447586716,0.9975226999410383,-0.029341246247921168));
#10318=AXIS2_PLACEMENT_3D('',#638,#10316,#10317);
#10319=PLANE('',#10318);
#10320=FACE_SURFACE('',(#10315),#10319,.T.);
#10321=POLY_LOOP('',(#640,#797,#638));
#10322=FACE_OUTER_BOUND('',#10321,.T.);
#10323=DIRECTION('',(0.2955392745460464,-0.009156983624858856,-0.9552867040065464));
#10324=DIRECTION('',(-1.069329942166308e-07,0.9999540611114365,-0.009585179535844689));
#10325=AXIS2_PLACEMENT_3D('',#640,#10323,#10324);
#10326=PLANE('',#10325);
#10327=FACE_SURFACE('',(#10322),#10326,.T.);
#10328=POLY_LOOP('',(#629,#798,#627));
#10329=FACE_OUTER_BOUND('',#10328,.T.);
#10330=DIRECTION('',(0.06367423623069204,-0.009565735953134851,-0.9979248911296444));
#10331=DIRECTION('',(-0.07141567757701522,0.9973467359101925,-0.014116988542198245));
#10332=AXIS2_PLACEMENT_3D('',#629,#10330,#10331);
#10333=PLANE('',#10332);
#10334=FACE_SURFACE('',(#10329),#10333,.T.);
#10335=POLY_LOOP('',(#635,#798,#629));
#10336=FACE_OUTER_BOUND('',#10335,.T.);
#10337=DIRECTION('',(0.0636742834101264,-0.009565732532673801,-0.9979248881520695));
#10338=DIRECTION('',(-1.7909358203255248e-07,0.9999540609646571,-0.00958519484719654));
#10339=AXIS2_PLACEMENT_3D('',#635,#10337,#10338);
#10340=PLANE('',#10339);
#10341=FACE_SURFACE('',(#10336),#10340,.T.);
#10342=POLY_LOOP('',(#639,#797,#640));
#10343=FACE_OUTER_BOUND('',#10342,.T.);
#10344=DIRECTION('',(0.9757774912662537,-0.0020968010190121,-0.21875532213782348));
#10345=DIRECTION('',(0.022182734800079765,0.9957484177179351,0.08940366261522945));
#10346=AXIS2_PLACEMENT_3D('',#639,#10344,#10345);
#10347=PLANE('',#10346);
#10348=FACE_SURFACE('',(#10343),#10347,.T.);
#10349=POLY_LOOP('',(#639,#799,#797));
#10350=FACE_OUTER_BOUND('',#10349,.T.);
#10351=DIRECTION('',(0.9842580660423214,-0.0060676892433308115,-0.1766330732843533));
#10352=DIRECTION('',(-0.01538050439669121,0.9926782132646808,-0.11980569683510245));
#10353=AXIS2_PLACEMENT_3D('',#639,#10351,#10352);
#10354=PLANE('',#10353);
#10355=FACE_SURFACE('',(#10350),#10354,.T.);
#10356=POLY_LOOP('',(#800,#799,#639));
#10357=FACE_OUTER_BOUND('',#10356,.T.);
#10358=DIRECTION('',(0.9904095794021376,-0.0013286132301819629,-0.13815607049770026));
#10359=DIRECTION('',(-1.159988795914206e-05,0.9999529590577216,-0.0096994606627924));
#10360=AXIS2_PLACEMENT_3D('',#800,#10358,#10359);
#10361=PLANE('',#10360);
#10362=FACE_SURFACE('',(#10357),#10361,.T.);
#10363=POLY_LOOP('',(#801,#802,#645));
#10364=FACE_OUTER_BOUND('',#10363,.T.);
#10365=DIRECTION('',(0.9967927673549912,0.000775845955093991,0.08002235320104323));
#10366=DIRECTION('',(-5.208841677115017e-05,-0.9999465013296706,0.010343682388193966));
#10367=AXIS2_PLACEMENT_3D('',#801,#10365,#10366);
#10368=PLANE('',#10367);
#10369=FACE_SURFACE('',(#10364),#10368,.T.);
#10370=POLY_LOOP('',(#801,#803,#802));
#10371=FACE_OUTER_BOUND('',#10370,.T.);
#10372=DIRECTION('',(0.999681076873612,0.00020914569033766327,0.025252738443504865));
#10373=DIRECTION('',(-0.002607182994642229,-0.9937676172276475,0.11144113040756687));
#10374=AXIS2_PLACEMENT_3D('',#801,#10372,#10373);
#10375=PLANE('',#10374);
#10376=FACE_SURFACE('',(#10371),#10375,.T.);
#10377=POLY_LOOP('',(#799,#803,#801));
#10378=FACE_OUTER_BOUND('',#10377,.T.);
#10379=DIRECTION('',(0.9997497298267801,-0.005066421353098934,-0.021790114408898487));
#10380=DIRECTION('',(-0.0077608935577992465,-0.9920747352789396,-0.12540928256076753));
#10381=AXIS2_PLACEMENT_3D('',#799,#10379,#10380);
#10382=PLANE('',#10381);
#10383=FACE_SURFACE('',(#10378),#10382,.T.);
#10384=POLY_LOOP('',(#631,#796,#804));
#10385=FACE_OUTER_BOUND('',#10384,.T.);
#10386=DIRECTION('',(0.17525006518123998,-0.00943682169455278,-0.984478725544781));
#10387=DIRECTION('',(-1.790935659960351e-07,0.9999540609728844,-0.009585193988912609));
#10388=AXIS2_PLACEMENT_3D('',#631,#10386,#10387);
#10389=PLANE('',#10388);
#10390=FACE_SURFACE('',(#10385),#10389,.T.);
#10391=POLY_LOOP('',(#799,#805,#803));
#10392=FACE_OUTER_BOUND('',#10391,.T.);
#10393=DIRECTION('',(0.9985115191779624,-0.0009176051049814353,-0.05453351327201525));
#10394=DIRECTION('',(-0.0009136933806959051,-0.9999995779102833,9.66626159210797e-05));
#10395=AXIS2_PLACEMENT_3D('',#799,#10393,#10394);
#10396=PLANE('',#10395);
#10397=FACE_SURFACE('',(#10392),#10396,.T.);
#10398=POLY_LOOP('',(#700,#801,#645));
#10399=FACE_OUTER_BOUND('',#10398,.T.);
#10400=DIRECTION('',(0.9889149512803305,-0.00032021933195163486,0.1484827147980568));
#10401=DIRECTION('',(-0.019365584198661658,0.9911780025595086,0.13111499300532842));
#10402=AXIS2_PLACEMENT_3D('',#700,#10400,#10401);
#10403=PLANE('',#10402);
#10404=FACE_SURFACE('',(#10399),#10403,.T.);
#10405=POLY_LOOP('',(#700,#806,#801));
#10406=FACE_OUTER_BOUND('',#10405,.T.);
#10407=DIRECTION('',(0.9848804434673879,-0.003668244744590167,0.17319658211401015));
#10408=DIRECTION('',(0.015544642820926206,0.9976140244311218,-0.06726531303659394));
#10409=AXIS2_PLACEMENT_3D('',#700,#10407,#10408);
#10410=PLANE('',#10409);
#10411=FACE_SURFACE('',(#10406),#10410,.T.);
#10412=POLY_LOOP('',(#807,#806,#700));
#10413=FACE_OUTER_BOUND('',#10412,.T.);
#10414=DIRECTION('',(0.9658139906192307,0.0024293920532109056,0.2592246777959389));
#10415=DIRECTION('',(0.0003225892247355087,0.9999440508190903,-0.010573134242047554));
#10416=AXIS2_PLACEMENT_3D('',#807,#10414,#10415);
#10417=PLANE('',#10416);
#10418=FACE_SURFACE('',(#10413),#10417,.T.);
#10419=POLY_LOOP('',(#808,#809,#604));
#10420=FACE_OUTER_BOUND('',#10419,.T.);
#10421=DIRECTION('',(0.6916828093863545,-0.004319333759408337,0.7221885034776413));
#10422=DIRECTION('',(-0.10475933396037304,-0.9900058818469845,0.0944131127362797));
#10423=AXIS2_PLACEMENT_3D('',#808,#10421,#10422);
#10424=PLANE('',#10423);
#10425=FACE_SURFACE('',(#10420),#10424,.T.);
#10426=POLY_LOOP('',(#808,#626,#809));
#10427=FACE_OUTER_BOUND('',#10426,.T.);
#10428=DIRECTION('',(0.7630391133801037,-0.019129247077328757,0.6460691784618423));
#10429=DIRECTION('',(-0.11086527150721001,-0.9886217765132151,0.10166550337989283));
#10430=AXIS2_PLACEMENT_3D('',#808,#10428,#10429);
#10431=PLANE('',#10430);
#10432=FACE_SURFACE('',(#10427),#10431,.T.);
#10433=POLY_LOOP('',(#810,#626,#808));
#10434=FACE_OUTER_BOUND('',#10433,.T.);
#10435=DIRECTION('',(0.6393707694918799,0.00736667867214026,0.7688632850934571));
#10436=DIRECTION('',(2.3311922847778224e-05,-0.9999542881558859,0.009561435834109386));
#10437=AXIS2_PLACEMENT_3D('',#810,#10435,#10436);
#10438=PLANE('',#10437);
#10439=FACE_SURFACE('',(#10434),#10438,.T.);
#10440=POLY_LOOP('',(#810,#614,#626));
#10441=FACE_OUTER_BOUND('',#10440,.T.);
#10442=DIRECTION('',(0.8232473601139764,0.005447053457118939,0.5676566864522995));
#10443=DIRECTION('',(-0.02247719375423652,-0.9988570575247241,0.0421823943604959));
#10444=AXIS2_PLACEMENT_3D('',#810,#10442,#10443);
#10445=PLANE('',#10444);
#10446=FACE_SURFACE('',(#10441),#10445,.T.);
#10447=POLY_LOOP('',(#806,#614,#810));
#10448=FACE_OUTER_BOUND('',#10447,.T.);
#10449=DIRECTION('',(0.8870762629118051,-0.0004671696520272169,0.4616226657465402));
#10450=DIRECTION('',(0.027809384793239647,-0.9981291693805997,-0.054449971065333336));
#10451=AXIS2_PLACEMENT_3D('',#806,#10449,#10450);
#10452=PLANE('',#10451);
#10453=FACE_SURFACE('',(#10448),#10452,.T.);
#10454=POLY_LOOP('',(#806,#811,#614));
#10455=FACE_OUTER_BOUND('',#10454,.T.);
#10456=DIRECTION('',(0.9071186059948764,0.002314450783270982,0.42086871821921373));
#10457=DIRECTION('',(0.005860786981152872,-0.9999573844931254,-0.0071330479901215525));
#10458=AXIS2_PLACEMENT_3D('',#806,#10456,#10457);
#10459=PLANE('',#10458);
#10460=FACE_SURFACE('',(#10455),#10459,.T.);
#10461=POLY_LOOP('',(#807,#811,#806));
#10462=FACE_OUTER_BOUND('',#10461,.T.);
#10463=DIRECTION('',(0.9440833191526932,0.0031815006571392452,0.329691620383659));
#10464=DIRECTION('',(0.30296186293050864,0.38614272517851006,-0.8712679871321966));
#10465=AXIS2_PLACEMENT_3D('',#807,#10463,#10464);
#10466=PLANE('',#10465);
#10467=FACE_SURFACE('',(#10462),#10466,.T.);
#10468=POLY_LOOP('',(#604,#603,#808));
#10469=FACE_OUTER_BOUND('',#10468,.T.);
#10470=DIRECTION('',(0.5840349134241638,0.007780229716440332,0.8116912516019801));
#10471=DIRECTION('',(0.7300126810565656,-0.44228262876865,-0.521025490533906));
#10472=AXIS2_PLACEMENT_3D('',#604,#10470,#10471);
#10473=PLANE('',#10472);
#10474=FACE_SURFACE('',(#10469),#10473,.T.);
#10475=POLY_LOOP('',(#812,#608,#609));
#10476=FACE_OUTER_BOUND('',#10475,.T.);
#10477=DIRECTION('',(0.29598131711855125,0.009159268948738277,0.9551498142747514));
#10478=DIRECTION('',(-0.018246904282389058,-0.999717341501815,0.015240983716699881));
#10479=AXIS2_PLACEMENT_3D('',#812,#10477,#10478);
#10480=PLANE('',#10479);
#10481=FACE_SURFACE('',(#10476),#10480,.T.);
#10482=POLY_LOOP('',(#800,#805,#799));
#10483=FACE_OUTER_BOUND('',#10482,.T.);
#10484=DIRECTION('',(0.9953897838578951,-0.0009187521574569562,-0.09590794589504134));
#10485=DIRECTION('',(-0.07840575410166452,0.5681459479314717,-0.819184179273989));
#10486=AXIS2_PLACEMENT_3D('',#800,#10484,#10485);
#10487=PLANE('',#10486);
#10488=FACE_SURFACE('',(#10483),#10487,.T.);
#10489=POLY_LOOP('',(#812,#813,#608));
#10490=FACE_OUTER_BOUND('',#10489,.T.);
#10491=DIRECTION('',(0.34482176770809203,0.008016040756122889,0.9386339497403995));
#10492=DIRECTION('',(-0.1490637991296473,-0.9868065752891676,0.06318834350654019));
#10493=AXIS2_PLACEMENT_3D('',#812,#10491,#10492);
#10494=PLANE('',#10493);
#10495=FACE_SURFACE('',(#10490),#10494,.T.);
#10496=POLY_LOOP('',(#631,#804,#633));
#10497=FACE_OUTER_BOUND('',#10496,.T.);
#10498=DIRECTION('',(0.17525006518123998,-0.00943682169455278,-0.984478725544781));
#10499=DIRECTION('',(0.08638780499480417,0.996244535803515,0.005828552978103333));
#10500=AXIS2_PLACEMENT_3D('',#631,#10498,#10499);
#10501=PLANE('',#10500);
#10502=FACE_SURFACE('',(#10497),#10501,.T.);
#10503=POLY_LOOP('',(#633,#798,#635));
#10504=FACE_OUTER_BOUND('',#10503,.T.);
#10505=DIRECTION('',(0.14217025711539263,-0.009487805073952886,-0.989796746583167));
#10506=DIRECTION('',(0.10194549546540817,0.9947768742741262,0.005107481151393493));
#10507=AXIS2_PLACEMENT_3D('',#633,#10505,#10506);
#10508=PLANE('',#10507);
#10509=FACE_SURFACE('',(#10504),#10508,.T.);
#10510=POLY_LOOP('',(#609,#599,#701));
#10511=FACE_OUTER_BOUND('',#10510,.T.);
#10512=DIRECTION('',(0.4085997430992997,0.4021151754312215,0.8193592836034167));
#10513=DIRECTION('',(0.577035716631444,-0.809352328335204,0.10944674663972512));
#10514=AXIS2_PLACEMENT_3D('',#609,#10512,#10513);
#10515=PLANE('',#10514);
#10516=FACE_SURFACE('',(#10511),#10515,.T.);
#10517=POLY_LOOP('',(#599,#601,#702));
#10518=FACE_OUTER_BOUND('',#10517,.T.);
#10519=DIRECTION('',(0.34809206512087537,0.45009693316931937,0.8223409663585156));
#10520=DIRECTION('',(0.6325838148864626,-0.7601619993203942,0.14829515141403182));
#10521=AXIS2_PLACEMENT_3D('',#599,#10519,#10520);
#10522=PLANE('',#10521);
#10523=FACE_SURFACE('',(#10518),#10522,.T.);
#10524=POLY_LOOP('',(#612,#809,#626));
#10525=FACE_OUTER_BOUND('',#10524,.T.);
#10526=DIRECTION('',(0.7442561087430546,0.38968649566771846,0.5424272114236707));
#10527=DIRECTION('',(-0.11447969412990061,0.8745566436435602,-0.4712165921217493));
#10528=AXIS2_PLACEMENT_3D('',#612,#10526,#10527);
#10529=PLANE('',#10528);
#10530=FACE_SURFACE('',(#10525),#10529,.T.);
#10531=POLY_LOOP('',(#612,#604,#809));
#10532=FACE_OUTER_BOUND('',#10531,.T.);
#10533=DIRECTION('',(0.723441245034792,0.3984699737228511,0.5637858148479973));
#10534=DIRECTION('',(0.4287005302521365,0.3808259322858567,-0.819260315565294));
#10535=AXIS2_PLACEMENT_3D('',#612,#10533,#10534);
#10536=PLANE('',#10535);
#10537=FACE_SURFACE('',(#10532),#10536,.T.);
#10538=POLY_LOOP('',(#602,#604,#612));
#10539=FACE_OUTER_BOUND('',#10538,.T.);
#10540=DIRECTION('',(0.7111748422458222,0.4170053691872617,0.5659830967667017));
#10541=DIRECTION('',(-0.4280174625026241,0.8955020695201873,-0.12197169867586632));
#10542=AXIS2_PLACEMENT_3D('',#602,#10540,#10541);
#10543=PLANE('',#10542);
#10544=FACE_SURFACE('',(#10539),#10543,.T.);
#10545=POLY_LOOP('',(#611,#807,#700));
#10546=FACE_OUTER_BOUND('',#10545,.T.);
#10547=DIRECTION('',(0.8041925475663484,0.41345323055175415,0.4270020756214945));
#10548=DIRECTION('',(-0.38618846326783934,0.9095769015124591,-0.15338947510771073));
#10549=AXIS2_PLACEMENT_3D('',#611,#10547,#10548);
#10550=PLANE('',#10549);
#10551=FACE_SURFACE('',(#10546),#10550,.T.);
#10552=POLY_LOOP('',(#611,#811,#807));
#10553=FACE_OUTER_BOUND('',#10552,.T.);
#10554=DIRECTION('',(0.7885501612419578,0.4118228803193546,0.4567171536637889));
#10555=DIRECTION('',(-0.3456340239372117,0.9110581155249481,-0.22474481447433037));
#10556=AXIS2_PLACEMENT_3D('',#611,#10554,#10555);
#10557=PLANE('',#10556);
#10558=FACE_SURFACE('',(#10553),#10557,.T.);
#10559=POLY_LOOP('',(#614,#811,#611));
#10560=FACE_OUTER_BOUND('',#10559,.T.);
#10561=DIRECTION('',(0.772268857195739,0.41222693009074324,0.4833940114580949));
#10562=DIRECTION('',(-0.40507132373169263,-0.2666530008553646,0.8745361055011297));
#10563=AXIS2_PLACEMENT_3D('',#614,#10561,#10562);
#10564=PLANE('',#10563);
#10565=FACE_SURFACE('',(#10560),#10564,.T.);
#10566=POLY_LOOP('',(#802,#625,#645));
#10567=FACE_OUTER_BOUND('',#10566,.T.);
#10568=DIRECTION('',(0.8350086017227264,0.4377613692972101,0.3333550938565191));
#10569=DIRECTION('',(0.5070724614456402,-0.8474266344022273,-0.15730740017295322));
#10570=AXIS2_PLACEMENT_3D('',#802,#10568,#10569);
#10571=PLANE('',#10570);
#10572=FACE_SURFACE('',(#10567),#10571,.T.);
#10573=POLY_LOOP('',(#802,#644,#625));
#10574=FACE_OUTER_BOUND('',#10573,.T.);
#10575=DIRECTION('',(0.8411154640520988,0.4466884240943299,0.30494954978249533));
#10576=DIRECTION('',(0.37562237660109954,-0.8881184569288608,0.2648649404108455));
#10577=AXIS2_PLACEMENT_3D('',#802,#10575,#10576);
#10578=PLANE('',#10577);
#10579=FACE_SURFACE('',(#10574),#10578,.T.);
#10580=POLY_LOOP('',(#803,#644,#802));
#10581=FACE_OUTER_BOUND('',#10580,.T.);
#10582=DIRECTION('',(0.8416644760748601,0.44653504276605543,0.303656656926122));
#10583=DIRECTION('',(0.4826129757545285,-0.8742870781537537,-0.05202711414955727));
#10584=AXIS2_PLACEMENT_3D('',#803,#10582,#10583);
#10585=PLANE('',#10584);
#10586=FACE_SURFACE('',(#10581),#10585,.T.);
#10587=POLY_LOOP('',(#805,#644,#803));
#10588=FACE_OUTER_BOUND('',#10587,.T.);
#10589=DIRECTION('',(0.8521392584775763,0.4550034279561108,0.25851608210994304));
#10590=DIRECTION('',(0.511842027713479,-0.6217870475766997,-0.5927888377255472));
#10591=AXIS2_PLACEMENT_3D('',#805,#10589,#10590);
#10592=PLANE('',#10591);
#10593=FACE_SURFACE('',(#10588),#10592,.T.);
#10594=POLY_LOOP('',(#633,#804,#798));
#10595=FACE_OUTER_BOUND('',#10594,.T.);
#10596=DIRECTION('',(0.1421702489933878,-0.009487804235572623,-0.989796747757814));
#10597=DIRECTION('',(-1.790935659960351e-07,0.9999540609728844,-0.009585193988912609));
#10598=AXIS2_PLACEMENT_3D('',#633,#10596,#10597);
#10599=PLANE('',#10598);
#10600=FACE_SURFACE('',(#10595),#10599,.T.);
#10601=POLY_LOOP('',(#805,#642,#644));
#10602=FACE_OUTER_BOUND('',#10601,.T.);
#10603=DIRECTION('',(0.8508132036026896,0.46239160060200163,0.24962151403283994));
#10604=DIRECTION('',(0.47785929153179535,-0.8784350182149326,-0.0015544357373629108));
#10605=AXIS2_PLACEMENT_3D('',#805,#10603,#10604);
#10606=PLANE('',#10605);
#10607=FACE_SURFACE('',(#10602),#10606,.T.);
#10608=POLY_LOOP('',(#639,#642,#800));
#10609=FACE_OUTER_BOUND('',#10608,.T.);
#10610=DIRECTION('',(0.8565575984305215,0.4665046236542533,0.22064114910900232));
#10611=DIRECTION('',(0.48634092520143685,-0.5867589595509186,-0.6474460810453129));
#10612=AXIS2_PLACEMENT_3D('',#639,#10610,#10611);
#10613=PLANE('',#10612);
#10614=FACE_SURFACE('',(#10609),#10613,.T.);
#10615=POLY_LOOP('',(#641,#642,#639));
#10616=FACE_OUTER_BOUND('',#10615,.T.);
#10617=DIRECTION('',(0.8534621742591192,0.4778215489044318,0.20805980993807172));
#10618=DIRECTION('',(-0.02208347342936426,0.4320275133115995,-0.9015900110044976));
#10619=AXIS2_PLACEMENT_3D('',#641,#10617,#10618);
#10620=PLANE('',#10619);
#10621=FACE_SURFACE('',(#10616),#10620,.T.);
#10622=POLY_LOOP('',(#638,#637,#636));
#10623=FACE_OUTER_BOUND('',#10622,.T.);
#10624=DIRECTION('',(0.8117633809748683,0.5428886791389751,0.2152024520561737));
#10625=DIRECTION('',(0.5239117039732861,-0.8398000823314724,0.1423107450470977));
#10626=AXIS2_PLACEMENT_3D('',#638,#10624,#10625);
#10627=PLANE('',#10626);
#10628=FACE_SURFACE('',(#10623),#10627,.T.);
#10629=POLY_LOOP('',(#643,#624,#622));
#10630=FACE_OUTER_BOUND('',#10629,.T.);
#10631=DIRECTION('',(0.7217559208312312,0.6044500837025426,0.3372068905835863));
#10632=DIRECTION('',(0.46722590976598544,-0.7849209851411371,0.40693856579146453));
#10633=AXIS2_PLACEMENT_3D('',#643,#10631,#10632);
#10634=PLANE('',#10633);
#10635=FACE_SURFACE('',(#10630),#10634,.T.);
#10636=POLY_LOOP('',(#632,#619,#621));
#10637=FACE_OUTER_BOUND('',#10636,.T.);
#10638=DIRECTION('',(0.6318279293948273,0.62134702248613,0.4633803462429818));
#10639=DIRECTION('',(-0.7334402708987069,0.6726344387991983,0.09812380325547523));
#10640=AXIS2_PLACEMENT_3D('',#632,#10638,#10639);
#10641=PLANE('',#10640);
#10642=FACE_SURFACE('',(#10637),#10641,.T.);
#10643=POLY_LOOP('',(#632,#617,#619));
#10644=FACE_OUTER_BOUND('',#10643,.T.);
#10645=DIRECTION('',(0.6028302333228113,0.5769260092416004,0.5511370878942241));
#10646=DIRECTION('',(0.31361951703234026,0.46382192734824507,-0.8285602079796983));
#10647=AXIS2_PLACEMENT_3D('',#632,#10645,#10646);
#10648=PLANE('',#10647);
#10649=FACE_SURFACE('',(#10644),#10648,.T.);
#10650=POLY_LOOP('',(#634,#617,#632));
#10651=FACE_OUTER_BOUND('',#10650,.T.);
#10652=DIRECTION('',(0.5826555210621742,0.5949967915385481,0.5536166199046049));
#10653=DIRECTION('',(-0.4299279445642864,0.8037263936894811,-0.41132207158093176));
#10654=AXIS2_PLACEMENT_3D('',#634,#10652,#10653);
#10655=PLANE('',#10654);
#10656=FACE_SURFACE('',(#10651),#10655,.T.);
#10657=POLY_LOOP('',(#616,#617,#634));
#10658=FACE_OUTER_BOUND('',#10657,.T.);
#10659=DIRECTION('',(0.5075022050587427,0.5919197719321624,0.626156925583588));
#10660=DIRECTION('',(-0.8530847377581741,0.44738003286314154,0.2685098441387985));
#10661=AXIS2_PLACEMENT_3D('',#616,#10659,#10660);
#10662=PLANE('',#10661);
#10663=FACE_SURFACE('',(#10658),#10662,.T.);
#10664=POLY_LOOP('',(#624,#643,#636));
#10665=FACE_OUTER_BOUND('',#10664,.T.);
#10666=DIRECTION('',(0.7640599649916577,0.5900524703268974,0.26086481586843563));
#10667=DIRECTION('',(-0.46722590976598544,0.7849209851411371,-0.40693856579146453));
#10668=AXIS2_PLACEMENT_3D('',#624,#10666,#10667);
#10669=PLANE('',#10668);
#10670=FACE_SURFACE('',(#10665),#10669,.T.);
#10671=POLY_LOOP('',(#607,#813,#605));
#10672=FACE_OUTER_BOUND('',#10671,.T.);
#10673=DIRECTION('',(0.5794225692757395,0.3900587334043872,0.7156281651170989));
#10674=DIRECTION('',(-0.23247976113967928,0.920662396176034,-0.3135823861887669));
#10675=AXIS2_PLACEMENT_3D('',#607,#10673,#10674);
#10676=PLANE('',#10675);
#10677=FACE_SURFACE('',(#10672),#10676,.T.);
#10678=POLY_LOOP('',(#608,#813,#607));
#10679=FACE_OUTER_BOUND('',#10678,.T.);
#10680=DIRECTION('',(0.4962284951566118,0.389573231633837,0.7758801310698535));
#10681=DIRECTION('',(-0.8345873826834765,0.4602782789805862,0.3026678155407574));
#10682=AXIS2_PLACEMENT_3D('',#608,#10680,#10681);
#10683=PLANE('',#10682);
#10684=FACE_SURFACE('',(#10679),#10683,.T.);
#10685=POLY_LOOP('',(#609,#600,#599));
#10686=FACE_OUTER_BOUND('',#10685,.T.);
#10687=DIRECTION('',(0.4039455126683274,0.3992943974455242,0.8230382779456481));
#10688=DIRECTION('',(0.14522709352426288,-0.9162900839973844,0.3732580518549614));
#10689=AXIS2_PLACEMENT_3D('',#609,#10687,#10688);
#10690=PLANE('',#10689);
#10691=FACE_SURFACE('',(#10686),#10690,.T.);
#10692=POLY_LOOP('',(#800,#642,#805));
#10693=FACE_OUTER_BOUND('',#10692,.T.);
#10694=DIRECTION('',(0.8529666652683419,0.4635803035034453,0.2398774064906032));
#10695=DIRECTION('',(0.486180619543956,-0.8728516111615531,-0.041934115854944595));
#10696=AXIS2_PLACEMENT_3D('',#800,#10694,#10695);
#10697=PLANE('',#10696);
#10698=FACE_SURFACE('',(#10693),#10697,.T.);
#10699=POLY_LOOP('',(#814,#813,#812));
#10700=FACE_OUTER_BOUND('',#10699,.T.);
#10701=DIRECTION('',(0.36639374421147247,0.00423342102043889,0.930450268606099));
#10702=DIRECTION('',(0.0710618084505465,-0.9971963291744869,-0.023445691729320883));
#10703=AXIS2_PLACEMENT_3D('',#814,#10701,#10702);
#10704=PLANE('',#10703);
#10705=FACE_SURFACE('',(#10700),#10704,.T.);
#10706=POLY_LOOP('',(#814,#605,#813));
#10707=FACE_OUTER_BOUND('',#10706,.T.);
#10708=DIRECTION('',(0.438436302816443,0.010113663149586073,0.8987053589415971));
#10709=DIRECTION('',(-0.03664167084030045,-0.9989041932430717,0.02911701700791613));
#10710=AXIS2_PLACEMENT_3D('',#814,#10708,#10709);
#10711=PLANE('',#10710);
#10712=FACE_SURFACE('',(#10707),#10711,.T.);
#10713=POLY_LOOP('',(#603,#605,#814));
#10714=FACE_OUTER_BOUND('',#10713,.T.);
#10715=DIRECTION('',(0.5104192633500825,0.006342124787742421,0.8599022927369924));
#10716=DIRECTION('',(0.7580882225931699,-0.47535142741565084,-0.4464787421808921));
#10717=AXIS2_PLACEMENT_3D('',#603,#10715,#10716);
#10718=PLANE('',#10717);
#10719=FACE_SURFACE('',(#10714),#10718,.T.);
#10720=POLY_LOOP('',(#815,#795,#712));
#10721=FACE_OUTER_BOUND('',#10720,.T.);
#10722=DIRECTION('',(-0.7599221136889115,0.48701966013843984,0.4304999788213879));
#10723=DIRECTION('',(-0.09902964179656243,-0.7413051916752417,0.6638220716735607));
#10724=AXIS2_PLACEMENT_3D('',#815,#10722,#10723);
#10725=PLANE('',#10724);
#10726=FACE_SURFACE('',(#10721),#10725,.T.);
#10727=POLY_LOOP('',(#815,#816,#795));
#10728=FACE_OUTER_BOUND('',#10727,.T.);
#10729=DIRECTION('',(-0.6870495278028932,0.5335086038974372,0.4932864440801398));
#10730=DIRECTION('',(-0.6518189656097424,-0.7525312186758248,-0.0939616995893717));
#10731=AXIS2_PLACEMENT_3D('',#815,#10729,#10730);
#10732=PLANE('',#10731);
#10733=FACE_SURFACE('',(#10728),#10732,.T.);
#10734=POLY_LOOP('',(#817,#816,#815));
#10735=FACE_OUTER_BOUND('',#10734,.T.);
#10736=DIRECTION('',(-0.6528380425967428,0.4937380068312424,0.5744782595962752));
#10737=DIRECTION('',(-0.13033366565981006,-0.8202939454140613,0.5568940462176895));
#10738=AXIS2_PLACEMENT_3D('',#817,#10736,#10737);
#10739=PLANE('',#10738);
#10740=FACE_SURFACE('',(#10735),#10739,.T.);
#10741=POLY_LOOP('',(#817,#718,#816));
#10742=FACE_OUTER_BOUND('',#10741,.T.);
#10743=DIRECTION('',(-0.5797126787413767,0.5187160006725967,0.628384373415447));
#10744=DIRECTION('',(-0.7236383483545467,-0.6822344434838098,-0.10442080690666997));
#10745=AXIS2_PLACEMENT_3D('',#817,#10743,#10744);
#10746=PLANE('',#10745);
#10747=FACE_SURFACE('',(#10742),#10746,.T.);
#10748=POLY_LOOP('',(#757,#718,#817));
#10749=FACE_OUTER_BOUND('',#10748,.T.);
#10750=DIRECTION('',(-0.5339860673539363,0.45757320129050194,0.7109751369300047));
#10751=DIRECTION('',(-0.14058705795142382,-0.8772460027767522,0.4589931696101516));
#10752=AXIS2_PLACEMENT_3D('',#757,#10750,#10751);
#10753=PLANE('',#10752);
#10754=FACE_SURFACE('',(#10749),#10753,.T.);
#10755=POLY_LOOP('',(#757,#716,#718));
#10756=FACE_OUTER_BOUND('',#10755,.T.);
#10757=DIRECTION('',(-0.46167830264189513,0.4681949359330801,0.7534232853027027));
#10758=DIRECTION('',(-0.7837387631923888,-0.6131085004202815,-0.09925481238740186));
#10759=AXIS2_PLACEMENT_3D('',#757,#10757,#10758);
#10760=PLANE('',#10759);
#10761=FACE_SURFACE('',(#10756),#10760,.T.);
#10762=POLY_LOOP('',(#729,#716,#757));
#10763=FACE_OUTER_BOUND('',#10762,.T.);
#10764=DIRECTION('',(-0.4233824928218004,0.41046598692599817,0.8076292084545138));
#10765=DIRECTION('',(-0.4484056571946476,-0.8695604163321303,0.20687447629934508));
#10766=AXIS2_PLACEMENT_3D('',#729,#10764,#10765);
#10767=PLANE('',#10766);
#10768=FACE_SURFACE('',(#10763),#10767,.T.);
#10769=POLY_LOOP('',(#756,#737,#736));
#10770=FACE_OUTER_BOUND('',#10769,.T.);
#10771=DIRECTION('',(-0.5576144343627055,0.3884072718966324,0.7336251997635957));
#10772=DIRECTION('',(0.45920603173673413,0.8805684947859128,-0.11717058678300357));
#10773=AXIS2_PLACEMENT_3D('',#756,#10771,#10772);
#10774=PLANE('',#10773);
#10775=FACE_SURFACE('',(#10770),#10774,.T.);
#10776=POLY_LOOP('',(#756,#739,#737));
#10777=FACE_OUTER_BOUND('',#10776,.T.);
#10778=DIRECTION('',(-0.6159519572910088,0.4106664470173028,0.6722769188389262));
#10779=DIRECTION('',(0.6805311479233356,0.7072571649143669,0.19148018013214635));
#10780=AXIS2_PLACEMENT_3D('',#756,#10778,#10779);
#10781=PLANE('',#10780);
#10782=FACE_SURFACE('',(#10777),#10781,.T.);
#10783=POLY_LOOP('',(#817,#739,#756));
#10784=FACE_OUTER_BOUND('',#10783,.T.);
#10785=DIRECTION('',(-0.6275028022878232,0.42763036280300226,0.6506708122621618));
#10786=DIRECTION('',(0.4566683693435619,0.8789825754276712,-0.13727211128131728));
#10787=AXIS2_PLACEMENT_3D('',#817,#10785,#10786);
#10788=PLANE('',#10787);
#10789=FACE_SURFACE('',(#10784),#10788,.T.);
#10790=POLY_LOOP('',(#817,#715,#739));
#10791=FACE_OUTER_BOUND('',#10790,.T.);
#10792=DIRECTION('',(-0.6033201100807979,0.4193848236391824,0.678322352921696));
#10793=DIRECTION('',(0.6451395379679947,0.7566796730940517,0.10597569946323276));
#10794=AXIS2_PLACEMENT_3D('',#817,#10792,#10793);
#10795=PLANE('',#10794);
#10796=FACE_SURFACE('',(#10791),#10795,.T.);
#10797=POLY_LOOP('',(#815,#715,#817));
#10798=FACE_OUTER_BOUND('',#10797,.T.);
#10799=DIRECTION('',(-0.6582151779237142,0.4799593425167025,0.5799929388206272));
#10800=DIRECTION('',(0.1258335493593998,0.8297202580218163,-0.5438108230660973));
#10801=AXIS2_PLACEMENT_3D('',#815,#10799,#10800);
#10802=PLANE('',#10801);
#10803=FACE_SURFACE('',(#10798),#10802,.T.);
#10804=POLY_LOOP('',(#712,#795,#704));
#10805=FACE_OUTER_BOUND('',#10804,.T.);
#10806=DIRECTION('',(-0.7837349613885376,0.511977727675116,0.3516224063707151));
#10807=DIRECTION('',(-0.5715474270781924,-0.8160843063098231,-0.08567347077779261));
#10808=AXIS2_PLACEMENT_3D('',#712,#10806,#10807);
#10809=PLANE('',#10808);
#10810=FACE_SURFACE('',(#10805),#10809,.T.);
#10811=POLY_LOOP('',(#815,#710,#715));
#10812=FACE_OUTER_BOUND('',#10811,.T.);
#10813=DIRECTION('',(-0.7326886867876803,0.4472969495933287,0.5129256545912357));
#10814=DIRECTION('',(0.5644462897329591,0.8204606443114013,0.09080042479425093));
#10815=AXIS2_PLACEMENT_3D('',#815,#10813,#10814);
#10816=PLANE('',#10815);
#10817=FACE_SURFACE('',(#10812),#10816,.T.);
#10818=POLY_LOOP('',(#712,#708,#710));
#10819=FACE_OUTER_BOUND('',#10818,.T.);
#10820=DIRECTION('',(-0.8221567072360486,0.4279103082730016,0.3754345706251394));
#10821=DIRECTION('',(0.4652273730274294,0.8851354240162667,0.009938437379223423));
#10822=AXIS2_PLACEMENT_3D('',#712,#10820,#10821);
#10823=PLANE('',#10822);
#10824=FACE_SURFACE('',(#10819),#10823,.T.);
#10825=POLY_LOOP('',(#711,#708,#712));
#10826=FACE_OUTER_BOUND('',#10825,.T.);
#10827=DIRECTION('',(-0.8338887429909793,0.43447015642138254,0.34038984634107994));
#10828=DIRECTION('',(-0.08016614505515271,0.514840976883896,-0.8535292365866749));
#10829=AXIS2_PLACEMENT_3D('',#711,#10827,#10828);
#10830=PLANE('',#10829);
#10831=FACE_SURFACE('',(#10826),#10830,.T.);
#10832=POLY_LOOP('',(#756,#757,#817));
#10833=FACE_OUTER_BOUND('',#10832,.T.);
#10834=DIRECTION('',(-0.5413485169917827,0.4452124320663785,0.7132514798332616));
#10835=DIRECTION('',(-0.7205770353956437,-0.6827863822916967,-0.12071243605131242));
#10836=AXIS2_PLACEMENT_3D('',#756,#10834,#10835);
#10837=PLANE('',#10836);
#10838=FACE_SURFACE('',(#10833),#10837,.T.);
#10839=POLY_LOOP('',(#756,#733,#757));
#10840=FACE_OUTER_BOUND('',#10839,.T.);
#10841=DIRECTION('',(-0.5126339820890987,0.40738511206691025,0.7558067020566201));
#10842=DIRECTION('',(-0.7129372937835498,0.28857059143973895,-0.6390989194864185));
#10843=AXIS2_PLACEMENT_3D('',#756,#10841,#10842);
#10844=PLANE('',#10843);
#10845=FACE_SURFACE('',(#10840),#10844,.T.);
#10846=POLY_LOOP('',(#735,#733,#756));
#10847=FACE_OUTER_BOUND('',#10846,.T.);
#10848=DIRECTION('',(-0.5061232414071297,0.4190537557760251,0.7538124529865157));
#10849=DIRECTION('',(-0.8339874341425751,-0.4605260281941143,-0.30394199619012463));
#10850=AXIS2_PLACEMENT_3D('',#735,#10848,#10849);
#10851=PLANE('',#10850);
#10852=FACE_SURFACE('',(#10847),#10851,.T.);
#10853=POLY_LOOP('',(#818,#717,#721));
#10854=FACE_OUTER_BOUND('',#10853,.T.);
#10855=DIRECTION('',(-0.424291169340144,0.5463613799018379,0.7221261982311213));
#10856=DIRECTION('',(0.5362569124410529,0.7941937316544825,-0.28580559907027175));
#10857=AXIS2_PLACEMENT_3D('',#818,#10855,#10856);
#10858=PLANE('',#10857);
#10859=FACE_SURFACE('',(#10854),#10858,.T.);
#10860=POLY_LOOP('',(#742,#717,#818));
#10861=FACE_OUTER_BOUND('',#10860,.T.);
#10862=DIRECTION('',(-0.4699154521787172,0.5621968774892595,0.680524899430578));
#10863=DIRECTION('',(-0.15520519319833687,0.7063145202015401,-0.6906744142913759));
#10864=AXIS2_PLACEMENT_3D('',#742,#10862,#10863);
#10865=PLANE('',#10864);
#10866=FACE_SURFACE('',(#10861),#10865,.T.);
#10867=POLY_LOOP('',(#742,#718,#717));
#10868=FACE_OUTER_BOUND('',#10867,.T.);
#10869=DIRECTION('',(-0.49974609448124524,0.5469517824224496,0.6716379893630554));
#10870=DIRECTION('',(0.49748747524183007,0.8160045115772604,-0.2943515739096129));
#10871=AXIS2_PLACEMENT_3D('',#742,#10869,#10870);
#10872=PLANE('',#10871);
#10873=FACE_SURFACE('',(#10868),#10872,.T.);
#10874=POLY_LOOP('',(#744,#718,#742));
#10875=FACE_OUTER_BOUND('',#10874,.T.);
#10876=DIRECTION('',(-0.5061308862716759,0.5486189860052804,0.6654688078012265));
#10877=DIRECTION('',(0.13195324155739802,0.8117707912131527,-0.5688730302762356));
#10878=AXIS2_PLACEMENT_3D('',#744,#10876,#10877);
#10879=PLANE('',#10878);
#10880=FACE_SURFACE('',(#10875),#10879,.T.);
#10881=POLY_LOOP('',(#744,#816,#718));
#10882=FACE_OUTER_BOUND('',#10881,.T.);
#10883=DIRECTION('',(-0.5736329692897971,0.5305682700536841,0.6240533048995186));
#10884=DIRECTION('',(0.7292667059475181,0.6777211935994207,0.09414911227745487));
#10885=AXIS2_PLACEMENT_3D('',#744,#10883,#10884);
#10886=PLANE('',#10885);
#10887=FACE_SURFACE('',(#10882),#10886,.T.);
#10888=POLY_LOOP('',(#726,#816,#744));
#10889=FACE_OUTER_BOUND('',#10888,.T.);
#10890=DIRECTION('',(-0.6097839691302747,0.5813221912294361,0.5387281512747735));
#10891=DIRECTION('',(0.10460887509163752,0.7328106447517849,-0.6723433216672382));
#10892=AXIS2_PLACEMENT_3D('',#726,#10890,#10891);
#10893=PLANE('',#10892);
#10894=FACE_SURFACE('',(#10889),#10893,.T.);
#10895=POLY_LOOP('',(#726,#795,#816));
#10896=FACE_OUTER_BOUND('',#10895,.T.);
#10897=DIRECTION('',(-0.682797743526908,0.5444580569206096,0.48718853197586365));
#10898=DIRECTION('',(0.6587094381787744,0.7472180362537367,0.08813105214005429));
#10899=AXIS2_PLACEMENT_3D('',#726,#10897,#10898);
#10900=PLANE('',#10899);
#10901=FACE_SURFACE('',(#10896),#10900,.T.);
#10902=POLY_LOOP('',(#712,#710,#815));
#10903=FACE_OUTER_BOUND('',#10902,.T.);
#10904=DIRECTION('',(-0.7626387881786105,0.47622545044901227,0.4377115478372665));
#10905=DIRECTION('',(0.08626442087192078,0.7455472987617823,-0.6608461810441533));
#10906=AXIS2_PLACEMENT_3D('',#712,#10904,#10905);
#10907=PLANE('',#10906);
#10908=FACE_SURFACE('',(#10903),#10907,.T.);
#10909=POLY_LOOP('',(#712,#704,#713));
#10910=FACE_OUTER_BOUND('',#10909,.T.);
#10911=DIRECTION('',(-0.7764839638446321,0.513527686198778,0.36518758111340194));
#10912=DIRECTION('',(-0.4140041007580844,-0.8526528642243665,0.31872197552957354));
#10913=AXIS2_PLACEMENT_3D('',#712,#10911,#10912);
#10914=PLANE('',#10913);
#10915=FACE_SURFACE('',(#10910),#10914,.T.);
#10916=POLY_LOOP('',(#713,#704,#706));
#10917=FACE_OUTER_BOUND('',#10916,.T.);
#10918=DIRECTION('',(-0.7943117228348543,0.5338687160896155,0.28991909379678893));
#10919=DIRECTION('',(-0.5766086724734457,-0.8127854992203836,-0.0830793060002466));
#10920=AXIS2_PLACEMENT_3D('',#713,#10918,#10919);
#10921=PLANE('',#10920);
#10922=FACE_SURFACE('',(#10917),#10921,.T.);
#10923=POLY_LOOP('',(#713,#706,#747));
#10924=FACE_OUTER_BOUND('',#10923,.T.);
#10925=DIRECTION('',(-0.7904522644225204,0.5353995612805719,0.29754416050374993));
#10926=DIRECTION('',(-0.41775110694178236,-0.8264818216168509,0.37737489474765995));
#10927=AXIS2_PLACEMENT_3D('',#713,#10925,#10926);
#10928=PLANE('',#10927);
#10929=FACE_SURFACE('',(#10924),#10928,.T.);
#10930=POLY_LOOP('',(#814,#808,#603));
#10931=FACE_OUTER_BOUND('',#10930,.T.);
#10932=DIRECTION('',(0.491886083064068,0.00834513434032344,0.8706195725003724));
#10933=DIRECTION('',(-0.8706595668112607,0.004717881864165346,0.4918634569784013));
#10934=AXIS2_PLACEMENT_3D('',#814,#10932,#10933);
#10935=PLANE('',#10934);
#10936=FACE_SURFACE('',(#10931),#10935,.T.);
#10937=POLY_LOOP('',(#701,#812,#609));
#10938=FACE_OUTER_BOUND('',#10937,.T.);
#10939=DIRECTION('',(0.25061721447878554,0.009281963117618015,0.968041764061643));
#10940=DIRECTION('',(-0.12654918358831807,0.991687736914176,0.023253743508739592));
#10941=AXIS2_PLACEMENT_3D('',#701,#10939,#10940);
#10942=PLANE('',#10941);
#10943=FACE_SURFACE('',(#10938),#10942,.T.);
#10944=POLY_LOOP('',(#701,#819,#812));
#10945=FACE_OUTER_BOUND('',#10944,.T.);
#10946=DIRECTION('',(0.21172696619755427,0.004101614021250522,0.9773202487144121));
#10947=DIRECTION('',(0.14914566161930903,0.9881428975789763,-0.036457997536388224));
#10948=AXIS2_PLACEMENT_3D('',#701,#10946,#10947);
#10949=PLANE('',#10948);
#10950=FACE_SURFACE('',(#10945),#10949,.T.);
#10951=POLY_LOOP('',(#794,#819,#701));
#10952=FACE_OUTER_BOUND('',#10951,.T.);
#10953=DIRECTION('',(0.17803827842795195,0.009432080838303979,0.9839783571123253));
#10954=DIRECTION('',(-1.7763064316369741e-07,0.9999540610461469,-0.009585186345970663));
#10955=AXIS2_PLACEMENT_3D('',#794,#10953,#10954);
#10956=PLANE('',#10955);
#10957=FACE_SURFACE('',(#10952),#10956,.T.);
#10958=POLY_LOOP('',(#702,#630,#794));
#10959=FACE_OUTER_BOUND('',#10958,.T.);
#10960=DIRECTION('',(-0.9999999999712692,5.1050897948568345e-06,-5.603514340705703e-06));
#10961=DIRECTION('',(4.930642215952624e-07,0.781458635289515,0.6239570508706554));
#10962=AXIS2_PLACEMENT_3D('',#702,#10960,#10961);
#10963=PLANE('',#10962);
#10964=FACE_SURFACE('',(#10959),#10963,.T.);
#10965=POLY_LOOP('',(#601,#630,#702));
#10966=FACE_OUTER_BOUND('',#10965,.T.);
#10967=DIRECTION('',(-0.9999999999968673,1.9165045754626875e-06,-1.610054453382108e-06));
#10968=DIRECTION('',(6.747624578081985e-07,0.8258290707004836,0.5639205138896087));
#10969=AXIS2_PLACEMENT_3D('',#601,#10967,#10968);
#10970=PLANE('',#10969);
#10971=FACE_SURFACE('',(#10966),#10970,.T.);
#10972=POLY_LOOP('',(#601,#628,#630));
#10973=FACE_OUTER_BOUND('',#10972,.T.);
#10974=DIRECTION('',(-0.9999999999989515,-1.6531173877378918e-07,1.4386454782770046e-06));
#10975=DIRECTION('',(1.4480551644834595e-06,-0.1053392556254041,0.9944363434741256));
#10976=AXIS2_PLACEMENT_3D('',#601,#10974,#10975);
#10977=PLANE('',#10976);
#10978=FACE_SURFACE('',(#10973),#10977,.T.);
#10979=POLY_LOOP('',(#615,#628,#601));
#10980=FACE_OUTER_BOUND('',#10979,.T.);
#10981=DIRECTION('',(-0.9999999999205388,-1.2605861098236736e-05,1.2083542657250557e-07));
#10982=DIRECTION('',(0.0,0.00958521393706022,0.9999540607816845));
#10983=AXIS2_PLACEMENT_3D('',#615,#10981,#10982);
#10984=PLANE('',#10983);
#10985=FACE_SURFACE('',(#10980),#10984,.T.);
#10986=POLY_LOOP('',(#630,#819,#794));
#10987=FACE_OUTER_BOUND('',#10986,.T.);
#10988=DIRECTION('',(-0.9999999999999841,-1.7762248326408857e-07,1.702595033513521e-09));
#10989=DIRECTION('',(0.0,-0.009585029942972485,-0.9999540625453713));
#10990=AXIS2_PLACEMENT_3D('',#630,#10988,#10989);
#10991=PLANE('',#10990);
#10992=FACE_SURFACE('',(#10987),#10991,.T.);
#10993=POLY_LOOP('',(#788,#740,#789));
#10994=FACE_OUTER_BOUND('',#10993,.T.);
#10995=DIRECTION('',(-0.06367434737770547,-0.009565757834916585,-0.9979248838279698));
#10996=DIRECTION('',(-0.0714156267131778,0.9974340909070238,-0.005004253954685653));
#10997=AXIS2_PLACEMENT_3D('',#788,#10995,#10996);
#10998=PLANE('',#10997);
#10999=FACE_SURFACE('',(#10994),#10998,.T.);
#11000=POLY_LOOP('',(#727,#740,#788));
#11001=FACE_OUTER_BOUND('',#11000,.T.);
#11002=DIRECTION('',(-0.06367437349468553,-0.009565759696424961,-0.9979248821436859));
#11003=DIRECTION('',(-1.3432036694270008e-07,0.9999540608948988,-0.009585202125306284));
#11004=AXIS2_PLACEMENT_3D('',#727,#11002,#11003);
#11005=PLANE('',#11004);
#11006=FACE_SURFACE('',(#11001),#11005,.T.);
#11007=POLY_LOOP('',(#727,#743,#742));
#11008=FACE_OUTER_BOUND('',#11007,.T.);
#11009=DIRECTION('',(7.551831208758292e-06,0.999954059572004,-0.009585337158328478));
#11010=DIRECTION('',(0.22473872034437195,-0.009341832349948152,-0.9743742801133042));
#11011=AXIS2_PLACEMENT_3D('',#727,#11009,#11010);
#11012=PLANE('',#11011);
#11013=FACE_SURFACE('',(#11008),#11012,.T.);
#11014=POLY_LOOP('',(#727,#745,#743));
#11015=FACE_OUTER_BOUND('',#11014,.T.);
#11016=DIRECTION('',(-1.8547068408790965e-05,0.999954001712285,-0.00959135629584714));
#11017=DIRECTION('',(0.2888121662646781,-0.009177271761746077,-0.9573417938753719));
#11018=AXIS2_PLACEMENT_3D('',#727,#11016,#11017);
#11019=PLANE('',#11018);
#11020=FACE_SURFACE('',(#11015),#11019,.T.);
#11021=POLY_LOOP('',(#788,#745,#727));
#11022=FACE_OUTER_BOUND('',#11021,.T.);
#11023=DIRECTION('',(2.519819577223596e-06,0.999954062815848,-0.009585001394357813));
#11024=DIRECTION('',(0.145397377150566,-0.009483511186368926,-0.9893278858565113));
#11025=AXIS2_PLACEMENT_3D('',#788,#11023,#11024);
#11026=PLANE('',#11025);
#11027=FACE_SURFACE('',(#11022),#11026,.T.);
#11028=POLY_LOOP('',(#788,#758,#745));
#11029=FACE_OUTER_BOUND('',#11028,.T.);
#11030=DIRECTION('',(-7.782829564869246e-06,0.9999540482752511,-0.009586515392182462));
#11031=DIRECTION('',(0.26948251091586367,-0.009229767734508334,-0.9629610520151106));
#11032=AXIS2_PLACEMENT_3D('',#788,#11030,#11031);
#11033=PLANE('',#11032);
#11034=FACE_SURFACE('',(#11029),#11033,.T.);
#11035=POLY_LOOP('',(#790,#758,#788));
#11036=FACE_OUTER_BOUND('',#11035,.T.);
#11037=DIRECTION('',(1.0773929443907925e-06,0.9999540720706853,-0.009584036106672687));
#11038=DIRECTION('',(-0.20889764261173158,-0.009372363358492149,-0.9778925982521484));
#11039=AXIS2_PLACEMENT_3D('',#790,#11037,#11038);
#11040=PLANE('',#11039);
#11041=FACE_SURFACE('',(#11036),#11040,.T.);
#11042=POLY_LOOP('',(#790,#705,#758));
#11043=FACE_OUTER_BOUND('',#11042,.T.);
#11044=DIRECTION('',(2.210349820378368e-05,0.9999540287712152,-0.009588527293139868));
#11045=DIRECTION('',(-0.12833437176287832,-0.009506402832876812,-0.9916853923142189));
#11046=AXIS2_PLACEMENT_3D('',#790,#11044,#11045);
#11047=PLANE('',#11046);
#11048=FACE_SURFACE('',(#11043),#11047,.T.);
#11049=POLY_LOOP('',(#703,#705,#790));
#11050=FACE_OUTER_BOUND('',#11049,.T.);
#11051=DIRECTION('',(-1.1952064136934508e-05,0.9999540711904216,-0.009584120556913003));
#11052=DIRECTION('',(-0.4210002428774092,-0.008698409012576975,-0.9070188163306274));
#11053=AXIS2_PLACEMENT_3D('',#703,#11051,#11052);
#11054=PLANE('',#11053);
#11055=FACE_SURFACE('',(#11050),#11054,.T.);
#11056=POLY_LOOP('',(#790,#707,#703));
#11057=FACE_OUTER_BOUND('',#11056,.T.);
#11058=DIRECTION('',(2.3403980157512448e-05,0.9999540659561271,-0.009584645536628024));
#11059=DIRECTION('',(0.2164580832844169,-0.00936247767087468,-0.9762470190442063));
#11060=AXIS2_PLACEMENT_3D('',#790,#11058,#11059);
#11061=PLANE('',#11060);
#11062=FACE_SURFACE('',(#11057),#11061,.T.);
#11063=POLY_LOOP('',(#791,#707,#790));
#11064=FACE_OUTER_BOUND('',#11063,.T.);
#11065=DIRECTION('',(-2.0674710245766325e-06,0.9999540120836704,-0.009590292670001164));
#11066=DIRECTION('',(-0.2638982807380329,-0.009250867317969006,-0.9645061528457844));
#11067=AXIS2_PLACEMENT_3D('',#791,#11065,#11066);
#11068=PLANE('',#11067);
#11069=FACE_SURFACE('',(#11064),#11068,.T.);
#11070=POLY_LOOP('',(#727,#721,#725));
#11071=FACE_OUTER_BOUND('',#11070,.T.);
#11072=DIRECTION('',(9.539170772856991e-06,0.9999540604516214,-0.009585243623373933));
#11073=DIRECTION('',(-0.03201916633292345,-0.0095800234161868,-0.9994413420199757));
#11074=AXIS2_PLACEMENT_3D('',#727,#11072,#11073);
#11075=PLANE('',#11074);
#11076=FACE_SURFACE('',(#11071),#11075,.T.);
#11077=POLY_LOOP('',(#727,#818,#721));
#11078=FACE_OUTER_BOUND('',#11077,.T.);
#11079=DIRECTION('',(1.0423030402332881e-05,0.9999540601713935,-0.009585271936955443));
#11080=DIRECTION('',(-0.007648744452669352,-0.009584911828961488,-0.9999248102600159));
#11081=AXIS2_PLACEMENT_3D('',#727,#11079,#11080);
#11082=PLANE('',#11081);
#11083=FACE_SURFACE('',(#11078),#11082,.T.);
#11084=POLY_LOOP('',(#742,#818,#727));
#11085=FACE_OUTER_BOUND('',#11084,.T.);
#11086=DIRECTION('',(8.336164736638577e-06,0.9999540603439702,-0.009585255975507254));
#11087=DIRECTION('',(-0.8249527860318236,-0.0054107258295775975,-0.5651757468826217));
#11088=AXIS2_PLACEMENT_3D('',#742,#11086,#11087);
#11089=PLANE('',#11088);
#11090=FACE_SURFACE('',(#11085),#11089,.T.);
#11091=POLY_LOOP('',(#748,#791,#793));
#11092=FACE_OUTER_BOUND('',#11091,.T.);
#11093=DIRECTION('',(-0.8297058270164973,0.527249907270082,0.18329150525477195));
#11094=DIRECTION('',(-0.27996811435687097,-0.6771422619756906,0.6805117280325911));
#11095=AXIS2_PLACEMENT_3D('',#748,#11093,#11094);
#11096=PLANE('',#11095);
#11097=FACE_SURFACE('',(#11092),#11096,.T.);
#11098=POLY_LOOP('',(#748,#707,#791));
#11099=FACE_OUTER_BOUND('',#11098,.T.);
#11100=DIRECTION('',(-0.8068054887905383,0.5501237127708388,0.21547344129773444));
#11101=DIRECTION('',(-0.5853286038491212,-0.7938527440356946,-0.16488858754636898));
#11102=AXIS2_PLACEMENT_3D('',#748,#11100,#11101);
#11103=PLANE('',#11102);
#11104=FACE_SURFACE('',(#11099),#11103,.T.);
#11105=POLY_LOOP('',(#747,#707,#748));
#11106=FACE_OUTER_BOUND('',#11105,.T.);
#11107=DIRECTION('',(-0.80443341020325,0.5431717365821295,0.24052308231669436));
#11108=DIRECTION('',(-0.41164950299036485,-0.8016217791082209,0.43352878791051036));
#11109=AXIS2_PLACEMENT_3D('',#747,#11107,#11108);
#11110=PLANE('',#11109);
#11111=FACE_SURFACE('',(#11106),#11110,.T.);
#11112=POLY_LOOP('',(#747,#706,#707));
#11113=FACE_OUTER_BOUND('',#11112,.T.);
#11114=DIRECTION('',(-0.7991394801311928,0.5461830226585725,0.2511178947331153));
#11115=DIRECTION('',(-0.5794615596178433,-0.8110677026363763,-0.07995925628348043));
#11116=AXIS2_PLACEMENT_3D('',#747,#11114,#11115);
#11117=PLANE('',#11116);
#11118=FACE_SURFACE('',(#11113),#11117,.T.);
#11119=POLY_LOOP('',(#785,#793,#786));
#11120=FACE_OUTER_BOUND('',#11119,.T.);
#11121=DIRECTION('',(-0.8536417252641485,0.4809304666719475,0.20000422774219287));
#11122=DIRECTION('',(-0.30413089792694364,-0.7719615713704067,0.5581932723111983));
#11123=AXIS2_PLACEMENT_3D('',#785,#11121,#11122);
#11124=PLANE('',#11123);
#11125=FACE_SURFACE('',(#11120),#11124,.T.);
#11126=POLY_LOOP('',(#339,#434,#546));
#11127=FACE_OUTER_BOUND('',#11126,.T.);
#11128=DIRECTION('',(-0.9079432043619773,-0.40099755393081404,-0.12181994661962686));
#11129=DIRECTION('',(0.4125228961294734,-0.9063889115917126,-0.09101648813562403));
#11130=AXIS2_PLACEMENT_3D('',#339,#11128,#11129);
#11131=PLANE('',#11130);
#11132=FACE_SURFACE('',(#11127),#11131,.T.);
#11133=POLY_LOOP('',(#671,#699,#820));
#11134=FACE_OUTER_BOUND('',#11133,.T.);
#11135=DIRECTION('',(0.1726170300296377,0.7017481006610293,-0.6911967622626605));
#11136=DIRECTION('',(-0.8460492809549581,-0.2537035620776428,-0.4688657769391088));
#11137=AXIS2_PLACEMENT_3D('',#671,#11135,#11136);
#11138=PLANE('',#11137);
#11139=FACE_SURFACE('',(#11134),#11138,.T.);
#11140=POLY_LOOP('',(#820,#690,#821));
#11141=FACE_OUTER_BOUND('',#11140,.T.);
#11142=DIRECTION('',(0.1012237675073461,0.6941121353549328,-0.7127145939607483));
#11143=DIRECTION('',(-0.9187407353976191,-0.2096156419427921,-0.3346292631763592));
#11144=AXIS2_PLACEMENT_3D('',#820,#11142,#11143);
#11145=PLANE('',#11144);
#11146=FACE_SURFACE('',(#11141),#11145,.T.);
#11147=POLY_LOOP('',(#822,#823,#824));
#11148=FACE_OUTER_BOUND('',#11147,.T.);
#11149=DIRECTION('',(0.12737476743868026,-0.46209863951581187,0.8776334747362238));
#11150=DIRECTION('',(-0.0017463135635885803,0.8847349488775109,0.4660912149179019));
#11151=AXIS2_PLACEMENT_3D('',#822,#11149,#11150);
#11152=PLANE('',#11151);
#11153=FACE_SURFACE('',(#11148),#11152,.T.);
#11154=POLY_LOOP('',(#822,#825,#823));
#11155=FACE_OUTER_BOUND('',#11154,.T.);
#11156=DIRECTION('',(0.1853039363704596,-0.457733474087429,0.8695645564680438));
#11157=DIRECTION('',(0.7165770200803018,0.6684661722091518,0.19917417228365572));
#11158=AXIS2_PLACEMENT_3D('',#822,#11156,#11157);
#11159=PLANE('',#11158);
#11160=FACE_SURFACE('',(#11155),#11159,.T.);
#11161=POLY_LOOP('',(#826,#825,#822));
#11162=FACE_OUTER_BOUND('',#11161,.T.);
#11163=DIRECTION('',(0.17932580072584706,-0.4525103588489639,0.8735425761394893));
#11164=DIRECTION('',(-0.008602413755101046,0.8871810529093223,0.4613412813051661));
#11165=AXIS2_PLACEMENT_3D('',#826,#11163,#11164);
#11166=PLANE('',#11165);
#11167=FACE_SURFACE('',(#11162),#11166,.T.);
#11168=POLY_LOOP('',(#826,#827,#825));
#11169=FACE_OUTER_BOUND('',#11168,.T.);
#11170=DIRECTION('',(0.24135311002953572,-0.4458762394098645,0.8619414454641267));
#11171=DIRECTION('',(0.6705228178375962,0.7187026928463996,0.18402605808543354));
#11172=AXIS2_PLACEMENT_3D('',#826,#11170,#11171);
#11173=PLANE('',#11172);
#11174=FACE_SURFACE('',(#11169),#11173,.T.);
#11175=POLY_LOOP('',(#828,#827,#826));
#11176=FACE_OUTER_BOUND('',#11175,.T.);
#11177=DIRECTION('',(0.2325164054973894,-0.43913494317293217,0.8678113982076285));
#11178=DIRECTION('',(-0.021487499188790612,0.8897290224066894,0.45598306335416516));
#11179=AXIS2_PLACEMENT_3D('',#828,#11177,#11178);
#11180=PLANE('',#11179);
#11181=FACE_SURFACE('',(#11176),#11180,.T.);
#11182=POLY_LOOP('',(#829,#830,#831));
#11183=FACE_OUTER_BOUND('',#11182,.T.);
#11184=DIRECTION('',(-0.5932088828556511,-0.3562006813150639,0.7219586525084625));
#11185=DIRECTION('',(0.4184632623582102,-0.9025484546044351,-0.1014632206647791));
#11186=AXIS2_PLACEMENT_3D('',#829,#11184,#11185);
#11187=PLANE('',#11186);
#11188=FACE_SURFACE('',(#11183),#11187,.T.);
#11189=POLY_LOOP('',(#832,#830,#829));
#11190=FACE_OUTER_BOUND('',#11189,.T.);
#11191=DIRECTION('',(-0.6664211476910378,-0.3810281803564892,0.640859095031336));
#11192=DIRECTION('',(0.2922312019729858,0.6572824430771482,0.6946802966947886));
#11193=AXIS2_PLACEMENT_3D('',#832,#11191,#11192);
#11194=PLANE('',#11193);
#11195=FACE_SURFACE('',(#11190),#11194,.T.);
#11196=POLY_LOOP('',(#832,#833,#830));
#11197=FACE_OUTER_BOUND('',#11196,.T.);
#11198=DIRECTION('',(-0.6190655660689978,-0.4236531890664863,0.661268327006116));
#11199=DIRECTION('',(0.7811372681423822,-0.24518242769703796,0.5742039232429911));
#11200=AXIS2_PLACEMENT_3D('',#832,#11198,#11199);
#11201=PLANE('',#11200);
#11202=FACE_SURFACE('',(#11197),#11201,.T.);
#11203=POLY_LOOP('',(#834,#833,#832));
#11204=FACE_OUTER_BOUND('',#11203,.T.);
#11205=DIRECTION('',(-0.6169365243362686,-0.4444913717794095,0.649474206842384));
#11206=DIRECTION('',(0.23980224816210033,0.6798303659356313,0.6930552325235185));
#11207=AXIS2_PLACEMENT_3D('',#834,#11205,#11206);
#11208=PLANE('',#11207);
#11209=FACE_SURFACE('',(#11204),#11208,.T.);
#11210=POLY_LOOP('',(#834,#835,#833));
#11211=FACE_OUTER_BOUND('',#11210,.T.);
#11212=DIRECTION('',(-0.581225928456325,-0.4712701784608289,0.6633858899491167));
#11213=DIRECTION('',(0.7801973963971697,-0.09107995471112271,0.6188670814519847));
#11214=AXIS2_PLACEMENT_3D('',#834,#11212,#11213);
#11215=PLANE('',#11214);
#11216=FACE_SURFACE('',(#11211),#11215,.T.);
#11217=POLY_LOOP('',(#836,#835,#834));
#11218=FACE_OUTER_BOUND('',#11217,.T.);
#11219=DIRECTION('',(-0.5763532965717965,-0.4891917285966296,0.654605476759448));
#11220=DIRECTION('',(0.19298473043035752,0.696900656759377,0.6907143899102373));
#11221=AXIS2_PLACEMENT_3D('',#836,#11219,#11220);
#11222=PLANE('',#11221);
#11223=FACE_SURFACE('',(#11218),#11222,.T.);
#11224=POLY_LOOP('',(#836,#837,#835));
#11225=FACE_OUTER_BOUND('',#11224,.T.);
#11226=DIRECTION('',(-0.537110519626939,-0.5140818674902153,0.6687541575376204));
#11227=DIRECTION('',(0.7601309535161693,0.04870708531320984,0.6479417823746907));
#11228=AXIS2_PLACEMENT_3D('',#836,#11226,#11227);
#11229=PLANE('',#11228);
#11230=FACE_SURFACE('',(#11225),#11229,.T.);
#11231=POLY_LOOP('',(#824,#823,#838));
#11232=FACE_OUTER_BOUND('',#11231,.T.);
#11233=DIRECTION('',(0.1312763556515886,-0.4659694371022298,0.8750080011825427));
#11234=DIRECTION('',(0.756935908777667,0.6170887057418548,0.21505710694782904));
#11235=AXIS2_PLACEMENT_3D('',#824,#11233,#11234);
#11236=PLANE('',#11235);
#11237=FACE_SURFACE('',(#11232),#11236,.T.);
#11238=POLY_LOOP('',(#839,#837,#836));
#11239=FACE_OUTER_BOUND('',#11238,.T.);
#11240=DIRECTION('',(-0.5308128028854822,-0.528574104499587,0.6624554206475466));
#11241=DIRECTION('',(0.15214140909218415,0.7095367731257809,0.6880483698270775));
#11242=AXIS2_PLACEMENT_3D('',#839,#11240,#11241);
#11243=PLANE('',#11242);
#11244=FACE_SURFACE('',(#11239),#11243,.T.);
#11245=POLY_LOOP('',(#840,#841,#839));
#11246=FACE_OUTER_BOUND('',#11245,.T.);
#11247=DIRECTION('',(-0.484524441680326,-0.5610465470937015,0.671165283226571));
#11248=DIRECTION('',(0.11735440291089046,0.7186168072840263,0.6854325848734805));
#11249=AXIS2_PLACEMENT_3D('',#840,#11247,#11248);
#11250=PLANE('',#11249);
#11251=FACE_SURFACE('',(#11246),#11250,.T.);
#11252=POLY_LOOP('',(#840,#842,#841));
#11253=FACE_OUTER_BOUND('',#11252,.T.);
#11254=DIRECTION('',(-0.4479812725805038,-0.5776802486286029,0.682347645823995));
#11255=DIRECTION('',(0.6948117962030171,0.2553406389249716,0.6723375089718885));
#11256=AXIS2_PLACEMENT_3D('',#840,#11254,#11255);
#11257=PLANE('',#11256);
#11258=FACE_SURFACE('',(#11253),#11257,.T.);
#11259=POLY_LOOP('',(#843,#842,#840));
#11260=FACE_OUTER_BOUND('',#11259,.T.);
#11261=DIRECTION('',(-0.44190176354471367,-0.5859886133142879,0.6792202709298877));
#11262=DIRECTION('',(0.08855237730279725,0.7249666107321528,0.6830679979310685));
#11263=AXIS2_PLACEMENT_3D('',#843,#11261,#11262);
#11264=PLANE('',#11263);
#11265=FACE_SURFACE('',(#11260),#11264,.T.);
#11266=POLY_LOOP('',(#843,#844,#842));
#11267=FACE_OUTER_BOUND('',#11266,.T.);
#11268=DIRECTION('',(-0.40937144199022146,-0.5986808676211968,0.6884738493415548));
#11269=DIRECTION('',(0.6917359613463329,0.28837354855333647,0.6620740564884122));
#11270=AXIS2_PLACEMENT_3D('',#843,#11268,#11269);
#11271=PLANE('',#11270);
#11272=FACE_SURFACE('',(#11267),#11271,.T.);
#11273=POLY_LOOP('',(#845,#844,#843));
#11274=FACE_OUTER_BOUND('',#11273,.T.);
#11275=DIRECTION('',(-0.40435993210502885,-0.6049366607726693,0.685962595016105));
#11276=DIRECTION('',(0.06396716578021383,0.7294715363375306,0.6810135676881992));
#11277=AXIS2_PLACEMENT_3D('',#845,#11275,#11276);
#11278=PLANE('',#11277);
#11279=FACE_SURFACE('',(#11274),#11278,.T.);
#11280=POLY_LOOP('',(#845,#846,#844));
#11281=FACE_OUTER_BOUND('',#11280,.T.);
#11282=DIRECTION('',(-0.3721598869666341,-0.6157462365445251,0.6945168037666446));
#11283=DIRECTION('',(0.6314303386292923,0.38047243348980986,0.6756748143987901));
#11284=AXIS2_PLACEMENT_3D('',#845,#11282,#11283);
#11285=PLANE('',#11284);
#11286=FACE_SURFACE('',(#11281),#11285,.T.);
#11287=POLY_LOOP('',(#847,#846,#845));
#11288=FACE_OUTER_BOUND('',#11287,.T.);
#11289=DIRECTION('',(-0.3678518726384125,-0.6200958897839286,0.692940175822914));
#11290=DIRECTION('',(0.04614488083423904,0.7320984880192557,0.6796340587497903));
#11291=AXIS2_PLACEMENT_3D('',#847,#11289,#11290);
#11292=PLANE('',#11291);
#11293=FACE_SURFACE('',(#11288),#11292,.T.);
#11294=POLY_LOOP('',(#847,#848,#846));
#11295=FACE_OUTER_BOUND('',#11294,.T.);
#11296=DIRECTION('',(-0.3167670953915763,-0.6345217591340938,0.7050111661970745));
#11297=DIRECTION('',(0.8620133086521371,0.11751541931626927,0.493075229482801));
#11298=AXIS2_PLACEMENT_3D('',#847,#11296,#11297);
#11299=PLANE('',#11298);
#11300=FACE_SURFACE('',(#11295),#11299,.T.);
#11301=POLY_LOOP('',(#849,#848,#847));
#11302=FACE_OUTER_BOUND('',#11301,.T.);
#11303=DIRECTION('',(-0.3144330231937538,-0.6390060414979857,0.7019993966196202));
#11304=DIRECTION('',(0.021772054016960835,0.7344584430054542,0.6783043366822055));
#11305=AXIS2_PLACEMENT_3D('',#849,#11303,#11304);
#11306=PLANE('',#11305);
#11307=FACE_SURFACE('',(#11302),#11306,.T.);
#11308=POLY_LOOP('',(#849,#850,#848));
#11309=FACE_OUTER_BOUND('',#11308,.T.);
#11310=DIRECTION('',(-0.24367669569394124,-0.654105607045327,0.716077874820572));
#11311=DIRECTION('',(0.8349034894628554,0.23422830997476674,0.498069535395523));
#11312=AXIS2_PLACEMENT_3D('',#849,#11310,#11311);
#11313=PLANE('',#11312);
#11314=FACE_SURFACE('',(#11309),#11313,.T.);
#11315=POLY_LOOP('',(#851,#850,#849));
#11316=FACE_OUTER_BOUND('',#11315,.T.);
#11317=DIRECTION('',(-0.24175228484143654,-0.6569024837694123,0.7141673190447194));
#11318=DIRECTION('',(0.008268406929598751,0.7345771940677636,0.6784747448522883));
#11319=AXIS2_PLACEMENT_3D('',#851,#11317,#11318);
#11320=PLANE('',#11319);
#11321=FACE_SURFACE('',(#11316),#11320,.T.);
#11322=POLY_LOOP('',(#851,#852,#850));
#11323=FACE_OUTER_BOUND('',#11322,.T.);
#11324=DIRECTION('',(-0.1718900596050068,-0.667354479551191,0.7246321867209228));
#11325=DIRECTION('',(0.8047989130203268,0.329076230041797,0.4939711979688479));
#11326=AXIS2_PLACEMENT_3D('',#851,#11324,#11325);
#11327=PLANE('',#11326);
#11328=FACE_SURFACE('',(#11323),#11327,.T.);
#11329=POLY_LOOP('',(#839,#841,#837));
#11330=FACE_OUTER_BOUND('',#11329,.T.);
#11331=DIRECTION('',(-0.4911192155374935,-0.5498524982410705,0.6756213039180237));
#11332=DIRECTION('',(0.729030272885002,0.16506470725850678,0.6642804405030176));
#11333=AXIS2_PLACEMENT_3D('',#839,#11331,#11332);
#11334=PLANE('',#11333);
#11335=FACE_SURFACE('',(#11330),#11334,.T.);
#11336=POLY_LOOP('',(#853,#852,#851));
#11337=FACE_OUTER_BOUND('',#11336,.T.);
#11338=DIRECTION('',(-0.17022129219073687,-0.6693131755380564,0.7232182137751224));
#11339=DIRECTION('',(0.0019206927414219806,0.7337025283427421,0.679468108775431));
#11340=AXIS2_PLACEMENT_3D('',#853,#11338,#11339);
#11341=PLANE('',#11340);
#11342=FACE_SURFACE('',(#11337),#11341,.T.);
#11343=POLY_LOOP('',(#824,#838,#854));
#11344=FACE_OUTER_BOUND('',#11343,.T.);
#11345=DIRECTION('',(0.07628022583394245,-0.4686195263878171,0.880100600292251));
#11346=DIRECTION('',(0.0009795996722344578,0.8827071336780465,0.4699225005661779));
#11347=AXIS2_PLACEMENT_3D('',#824,#11345,#11346);
#11348=PLANE('',#11347);
#11349=FACE_SURFACE('',(#11344),#11348,.T.);
#11350=POLY_LOOP('',(#854,#855,#856));
#11351=FACE_OUTER_BOUND('',#11350,.T.);
#11352=DIRECTION('',(0.025500909162865376,-0.47239770404762654,0.8810165224570979));
#11353=DIRECTION('',(0.0011137994237982588,0.8813160023576048,0.47252604524962866));
#11354=AXIS2_PLACEMENT_3D('',#854,#11352,#11353);
#11355=PLANE('',#11354);
#11356=FACE_SURFACE('',(#11351),#11355,.T.);
#11357=POLY_LOOP('',(#857,#858,#859));
#11358=FACE_OUTER_BOUND('',#11357,.T.);
#11359=DIRECTION('',(0.45555371350584173,-0.44026739302857504,0.7737153460717058));
#11360=DIRECTION('',(-0.13844982417427845,0.8235238202052999,0.5501274068255283));
#11361=AXIS2_PLACEMENT_3D('',#857,#11359,#11360);
#11362=PLANE('',#11361);
#11363=FACE_SURFACE('',(#11358),#11362,.T.);
#11364=POLY_LOOP('',(#857,#860,#858));
#11365=FACE_OUTER_BOUND('',#11364,.T.);
#11366=DIRECTION('',(0.5290979755164947,-0.4080568837851265,0.7440059891559463));
#11367=DIRECTION('',(0.3782800215184074,0.8982676659507948,0.22365023055508962));
#11368=AXIS2_PLACEMENT_3D('',#857,#11366,#11367);
#11369=PLANE('',#11368);
#11370=FACE_SURFACE('',(#11365),#11369,.T.);
#11371=POLY_LOOP('',(#861,#860,#857));
#11372=FACE_OUTER_BOUND('',#11371,.T.);
#11373=DIRECTION('',(0.4834619943872632,-0.39774644151398125,0.7797834752327437));
#11374=DIRECTION('',(0.1681912808638788,0.916419332757595,0.3631629105367069));
#11375=AXIS2_PLACEMENT_3D('',#861,#11373,#11374);
#11376=PLANE('',#11375);
#11377=FACE_SURFACE('',(#11372),#11376,.T.);
#11378=POLY_LOOP('',(#861,#862,#860));
#11379=FACE_OUTER_BOUND('',#11378,.T.);
#11380=DIRECTION('',(0.5669861598607285,-0.391306068961117,0.7248491256258656));
#11381=DIRECTION('',(0.5456273531216256,0.837642884626535,0.025400577946698012));
#11382=AXIS2_PLACEMENT_3D('',#861,#11380,#11381);
#11383=PLANE('',#11382);
#11384=FACE_SURFACE('',(#11379),#11383,.T.);
#11385=POLY_LOOP('',(#863,#862,#861));
#11386=FACE_OUTER_BOUND('',#11385,.T.);
#11387=DIRECTION('',(0.6329125244889101,-0.4317570679343102,0.6426566506571314));
#11388=DIRECTION('',(0.1953840202814746,0.892271259016057,0.40703450093640586));
#11389=AXIS2_PLACEMENT_3D('',#863,#11387,#11388);
#11390=PLANE('',#11389);
#11391=FACE_SURFACE('',(#11386),#11390,.T.);
#11392=POLY_LOOP('',(#863,#864,#862));
#11393=FACE_OUTER_BOUND('',#11392,.T.);
#11394=DIRECTION('',(0.6036730396791152,-0.4365101498037648,0.6671114976395417));
#11395=DIRECTION('',(0.5480051547777902,0.8349527588447269,0.050440468222940855));
#11396=AXIS2_PLACEMENT_3D('',#863,#11394,#11395);
#11397=PLANE('',#11396);
#11398=FACE_SURFACE('',(#11393),#11397,.T.);
#11399=POLY_LOOP('',(#49,#864,#863));
#11400=FACE_OUTER_BOUND('',#11399,.T.);
#11401=DIRECTION('',(0.6509531716775896,-0.4635564445111828,0.6011450665480313));
#11402=DIRECTION('',(0.05603373486344898,0.8190807695708625,0.570935121950346));
#11403=AXIS2_PLACEMENT_3D('',#49,#11401,#11402);
#11404=PLANE('',#11403);
#11405=FACE_SURFACE('',(#11400),#11404,.T.);
#11406=POLY_LOOP('',(#865,#321,#309));
#11407=FACE_OUTER_BOUND('',#11406,.T.);
#11408=DIRECTION('',(-0.010069103320960001,-0.7471050190503425,0.6646297493101697));
#11409=DIRECTION('',(-0.31648297772180095,-0.6281139407990678,-0.7108525882250182));
#11410=AXIS2_PLACEMENT_3D('',#865,#11408,#11409);
#11411=PLANE('',#11410);
#11412=FACE_SURFACE('',(#11407),#11411,.T.);
#11413=POLY_LOOP('',(#865,#322,#321));
#11414=FACE_OUTER_BOUND('',#11413,.T.);
#11415=DIRECTION('',(-0.04588867242049957,-0.7383568349579344,0.6728472441902289));
#11416=DIRECTION('',(-0.7767136431467486,-0.39718880979365184,-0.48883224722230373));
#11417=AXIS2_PLACEMENT_3D('',#865,#11415,#11416);
#11418=PLANE('',#11417);
#11419=FACE_SURFACE('',(#11414),#11418,.T.);
#11420=POLY_LOOP('',(#866,#322,#865));
#11421=FACE_OUTER_BOUND('',#11420,.T.);
#11422=DIRECTION('',(-0.03654699265689673,-0.7463762029645953,0.6645200380544518));
#11423=DIRECTION('',(-0.00031733049475959267,-0.6649555758938228,-0.746882843148155));
#11424=AXIS2_PLACEMENT_3D('',#866,#11422,#11423);
#11425=PLANE('',#11424);
#11426=FACE_SURFACE('',(#11421),#11425,.T.);
#11427=POLY_LOOP('',(#866,#317,#322));
#11428=FACE_OUTER_BOUND('',#11427,.T.);
#11429=DIRECTION('',(-0.09274820451149608,-0.743643942224145,0.6621113635584472));
#11430=DIRECTION('',(-0.551978391694182,-0.5150409194923301,-0.6557840394148058));
#11431=AXIS2_PLACEMENT_3D('',#866,#11429,#11430);
#11432=PLANE('',#11431);
#11433=FACE_SURFACE('',(#11428),#11432,.T.);
#11434=POLY_LOOP('',(#853,#317,#866));
#11435=FACE_OUTER_BOUND('',#11434,.T.);
#11436=DIRECTION('',(-0.11007927195509483,-0.7345549563101889,0.6695607291694852));
#11437=DIRECTION('',(0.460747771130624,-0.6346131411959709,-0.6204656738446896));
#11438=AXIS2_PLACEMENT_3D('',#853,#11436,#11437);
#11439=PLANE('',#11438);
#11440=FACE_SURFACE('',(#11435),#11439,.T.);
#11441=POLY_LOOP('',(#854,#838,#855));
#11442=FACE_OUTER_BOUND('',#11441,.T.);
#11443=DIRECTION('',(0.07853036959315005,-0.4711441299737627,0.8785534644191151));
#11444=DIRECTION('',(0.7924141206592663,0.564241721309413,0.2317566424368293));
#11445=AXIS2_PLACEMENT_3D('',#854,#11443,#11444);
#11446=PLANE('',#11445);
#11447=FACE_SURFACE('',(#11442),#11446,.T.);
#11448=POLY_LOOP('',(#853,#318,#317));
#11449=FACE_OUTER_BOUND('',#11448,.T.);
#11450=DIRECTION('',(-0.13068976975214913,-0.7399827821918367,0.659807294701839));
#11451=DIRECTION('',(-0.0029779807318032975,-0.6652192090803454,-0.7466421736690747));
#11452=AXIS2_PLACEMENT_3D('',#853,#11450,#11451);
#11453=PLANE('',#11452);
#11454=FACE_SURFACE('',(#11449),#11453,.T.);
#11455=POLY_LOOP('',(#867,#868,#869));
#11456=FACE_OUTER_BOUND('',#11455,.T.);
#11457=DIRECTION('',(-0.23908894471115735,-0.42223570654259973,0.8743874911258606));
#11458=DIRECTION('',(0.5447347521206511,0.687122305311158,0.4807566820918173));
#11459=AXIS2_PLACEMENT_3D('',#867,#11457,#11458);
#11460=PLANE('',#11459);
#11461=FACE_SURFACE('',(#11456),#11460,.T.);
#11462=POLY_LOOP('',(#867,#870,#868));
#11463=FACE_OUTER_BOUND('',#11462,.T.);
#11464=DIRECTION('',(-0.2434194956067065,-0.41904159485540804,0.874729152903693));
#11465=DIRECTION('',(0.9388981795572433,0.12446630527121667,0.3209023952485038));
#11466=AXIS2_PLACEMENT_3D('',#867,#11464,#11465);
#11467=PLANE('',#11466);
#11468=FACE_SURFACE('',(#11463),#11467,.T.);
#11469=POLY_LOOP('',(#871,#870,#867));
#11470=FACE_OUTER_BOUND('',#11469,.T.);
#11471=DIRECTION('',(-0.23580549635879355,-0.44655641034487953,0.86312405844518));
#11472=DIRECTION('',(0.008591373865884601,0.887177566872462,0.46134819077715566));
#11473=AXIS2_PLACEMENT_3D('',#871,#11471,#11472);
#11474=PLANE('',#11473);
#11475=FACE_SURFACE('',(#11470),#11474,.T.);
#11476=POLY_LOOP('',(#871,#872,#870));
#11477=FACE_OUTER_BOUND('',#11476,.T.);
#11478=DIRECTION('',(-0.18347833238717098,-0.4521337970373789,0.8728749802354201));
#11479=DIRECTION('',(0.9226224452284373,0.22725202855380855,0.31164778048123204));
#11480=AXIS2_PLACEMENT_3D('',#871,#11478,#11479);
#11481=PLANE('',#11480);
#11482=FACE_SURFACE('',(#11477),#11481,.T.);
#11483=POLY_LOOP('',(#873,#872,#871));
#11484=FACE_OUTER_BOUND('',#11483,.T.);
#11485=DIRECTION('',(-0.18112281928631116,-0.45810009701316246,0.8702521619911722));
#11486=DIRECTION('',(0.0017408427480470362,0.8847370498118189,0.46608724736556106));
#11487=AXIS2_PLACEMENT_3D('',#873,#11485,#11486);
#11488=PLANE('',#11487);
#11489=FACE_SURFACE('',(#11484),#11488,.T.);
#11490=POLY_LOOP('',(#873,#874,#872));
#11491=FACE_OUTER_BOUND('',#11490,.T.);
#11492=DIRECTION('',(-0.13034751614766882,-0.4619106903804274,0.8772958675078838));
#11493=DIRECTION('',(0.9012420598890262,0.3136045136856414,0.2990233410337346));
#11494=AXIS2_PLACEMENT_3D('',#873,#11492,#11493);
#11495=PLANE('',#11494);
#11496=FACE_SURFACE('',(#11491),#11495,.T.);
#11497=POLY_LOOP('',(#875,#874,#873));
#11498=FACE_OUTER_BOUND('',#11497,.T.);
#11499=DIRECTION('',(-0.1282278087324584,-0.4661567119638923,0.8753602395349499));
#11500=DIRECTION('',(-0.000979987245834662,0.8827058441372674,0.4699249220363951));
#11501=AXIS2_PLACEMENT_3D('',#875,#11499,#11500);
#11502=PLANE('',#11501);
#11503=FACE_SURFACE('',(#11498),#11502,.T.);
#11504=POLY_LOOP('',(#875,#876,#874));
#11505=FACE_OUTER_BOUND('',#11504,.T.);
#11506=DIRECTION('',(-0.07815140059725326,-0.4685554854121685,0.8799705197760064));
#11507=DIRECTION('',(0.8771334790024531,0.38721562175095464,0.28407907752081085));
#11508=AXIS2_PLACEMENT_3D('',#875,#11506,#11507);
#11509=PLANE('',#11508);
#11510=FACE_SURFACE('',(#11505),#11509,.T.);
#11511=POLY_LOOP('',(#877,#876,#875));
#11512=FACE_OUTER_BOUND('',#11511,.T.);
#11513=DIRECTION('',(-0.07656457133126598,-0.4712112774100457,0.8786909573100502));
#11514=DIRECTION('',(-0.0011127814751598069,0.8813176731602145,0.4725229313936561));
#11515=AXIS2_PLACEMENT_3D('',#877,#11513,#11514);
#11516=PLANE('',#11515);
#11517=FACE_SURFACE('',(#11512),#11516,.T.);
#11518=POLY_LOOP('',(#877,#878,#876));
#11519=FACE_OUTER_BOUND('',#11518,.T.);
#11520=DIRECTION('',(-0.026132968910868606,-0.472387474564599,0.881003485697068));
#11521=DIRECTION('',(0.8513144913237329,0.4514487090300337,0.26731573088265814));
#11522=AXIS2_PLACEMENT_3D('',#877,#11520,#11521);
#11523=PLANE('',#11522);
#11524=FACE_SURFACE('',(#11519),#11523,.T.);
#11525=POLY_LOOP('',(#856,#878,#877));
#11526=FACE_OUTER_BOUND('',#11525,.T.);
#11527=DIRECTION('',(-0.025475390745931383,-0.47333703529902205,0.880512950206114));
#11528=DIRECTION('',(-1.3768096764493282e-06,0.8807988304549464,0.4734906760088342));
#11529=AXIS2_PLACEMENT_3D('',#856,#11527,#11528);
#11530=PLANE('',#11529);
#11531=FACE_SURFACE('',(#11526),#11530,.T.);
#11532=POLY_LOOP('',(#856,#855,#878));
#11533=FACE_OUTER_BOUND('',#11532,.T.);
#11534=DIRECTION('',(0.02623373969693219,-0.4733276858580099,0.8804957085084598));
#11535=DIRECTION('',(0.8236236249487306,0.5094046200964665,0.24930113808542362));
#11536=AXIS2_PLACEMENT_3D('',#856,#11534,#11535);
#11537=PLANE('',#11536);
#11538=FACE_SURFACE('',(#11533),#11537,.T.);
#11539=POLY_LOOP('',(#314,#318,#853));
#11540=FACE_OUTER_BOUND('',#11539,.T.);
#11541=DIRECTION('',(-0.17830236072227604,-0.7343277184792112,0.6549588307931878));
#11542=DIRECTION('',(0.9650053304019173,-0.26057231379089957,-0.02944115455520496));
#11543=AXIS2_PLACEMENT_3D('',#314,#11541,#11542);
#11544=PLANE('',#11543);
#11545=FACE_SURFACE('',(#11540),#11544,.T.);
#11546=POLY_LOOP('',(#853,#879,#852));
#11547=FACE_OUTER_BOUND('',#11546,.T.);
#11548=DIRECTION('',(-0.10194506467634531,-0.6757856707322629,0.730014336175038));
#11549=DIRECTION('',(0.7750698431626398,0.4060583578129482,0.48413154025542743));
#11550=AXIS2_PLACEMENT_3D('',#853,#11548,#11549);
#11551=PLANE('',#11550);
#11552=FACE_SURFACE('',(#11547),#11551,.T.);
#11553=POLY_LOOP('',(#866,#879,#853));
#11554=FACE_OUTER_BOUND('',#11553,.T.);
#11555=DIRECTION('',(-0.10057748596276636,-0.6771328943598997,0.7289548769939017));
#11556=DIRECTION('',(-7.240486889970007e-05,0.7326750592388332,0.6805786158313432));
#11557=AXIS2_PLACEMENT_3D('',#866,#11555,#11556);
#11558=PLANE('',#11557);
#11559=FACE_SURFACE('',(#11554),#11558,.T.);
#11560=POLY_LOOP('',(#866,#880,#879));
#11561=FACE_OUTER_BOUND('',#11560,.T.);
#11562=DIRECTION('',(-0.033659581285683395,-0.6801947572688701,0.7322582363972531));
#11563=DIRECTION('',(0.7469600510209239,0.46966185070357713,0.47060432230538396));
#11564=AXIS2_PLACEMENT_3D('',#866,#11562,#11563);
#11565=PLANE('',#11564);
#11566=FACE_SURFACE('',(#11561),#11565,.T.);
#11567=POLY_LOOP('',(#545,#834,#832));
#11568=FACE_OUTER_BOUND('',#11567,.T.);
#11569=DIRECTION('',(-0.6483776564638728,-0.46244284432741806,0.6047751899084348));
#11570=DIRECTION('',(0.731404055723232,-0.15787207624445612,0.6634188080043194));
#11571=AXIS2_PLACEMENT_3D('',#545,#11569,#11570);
#11572=PLANE('',#11571);
#11573=FACE_SURFACE('',(#11568),#11572,.T.);
#11574=POLY_LOOP('',(#545,#836,#834));
#11575=FACE_OUTER_BOUND('',#11574,.T.);
#11576=DIRECTION('',(-0.630780464060327,-0.5263262310349286,0.5701725218601871));
#11577=DIRECTION('',(0.7627069255788036,-0.5557751802698496,0.33074475758527955));
#11578=AXIS2_PLACEMENT_3D('',#545,#11576,#11577);
#11579=PLANE('',#11578);
#11580=FACE_SURFACE('',(#11575),#11579,.T.);
#11581=POLY_LOOP('',(#543,#836,#545));
#11582=FACE_OUTER_BOUND('',#11581,.T.);
#11583=DIRECTION('',(-0.6283760825887288,-0.5157978627444321,0.5823195545563616));
#11584=DIRECTION('',(0.2614300296275273,0.5650092703590097,0.7825719545302717));
#11585=AXIS2_PLACEMENT_3D('',#543,#11583,#11584);
#11586=PLANE('',#11585);
#11587=FACE_SURFACE('',(#11582),#11586,.T.);
#11588=POLY_LOOP('',(#543,#839,#836));
#11589=FACE_OUTER_BOUND('',#11588,.T.);
#11590=DIRECTION('',(-0.5721030611489659,-0.5622972896628213,0.5970928281781885));
#11591=DIRECTION('',(0.7888918107104178,-0.1780926941469934,0.5881604400888449));
#11592=AXIS2_PLACEMENT_3D('',#543,#11590,#11591);
#11593=PLANE('',#11592);
#11594=FACE_SURFACE('',(#11589),#11593,.T.);
#11595=POLY_LOOP('',(#544,#839,#543));
#11596=FACE_OUTER_BOUND('',#11595,.T.);
#11597=DIRECTION('',(-0.5629159082965923,-0.5933662279326112,0.5753626680065774));
#11598=DIRECTION('',(-0.22228387077225367,0.7791697652904992,0.5860753856387866));
#11599=AXIS2_PLACEMENT_3D('',#544,#11597,#11598);
#11600=PLANE('',#11599);
#11601=FACE_SURFACE('',(#11596),#11600,.T.);
#11602=POLY_LOOP('',(#544,#840,#839));
#11603=FACE_OUTER_BOUND('',#11602,.T.);
#11604=DIRECTION('',(-0.5268736282500007,-0.6017809996471493,0.6002198000052628));
#11605=DIRECTION('',(0.3951862687178111,0.45176505441853865,0.7998350758894667));
#11606=AXIS2_PLACEMENT_3D('',#544,#11604,#11605);
#11607=PLANE('',#11606);
#11608=FACE_SURFACE('',(#11603),#11607,.T.);
#11609=POLY_LOOP('',(#547,#840,#544));
#11610=FACE_OUTER_BOUND('',#11609,.T.);
#11611=DIRECTION('',(-0.5075666938699809,-0.618335595269233,0.6000309516157818));
#11612=DIRECTION('',(0.21295593531362106,0.5847693864660036,0.7827480656423716));
#11613=AXIS2_PLACEMENT_3D('',#547,#11611,#11612);
#11614=PLANE('',#11613);
#11615=FACE_SURFACE('',(#11610),#11614,.T.);
#11616=POLY_LOOP('',(#547,#843,#840));
#11617=FACE_OUTER_BOUND('',#11616,.T.);
#11618=DIRECTION('',(-0.4839497976687627,-0.6328199709478217,0.6044265693249775));
#11619=DIRECTION('',(0.7746051142285476,0.011587064955542592,0.632339036385304));
#11620=AXIS2_PLACEMENT_3D('',#547,#11618,#11619);
#11621=PLANE('',#11620);
#11622=FACE_SURFACE('',(#11617),#11621,.T.);
#11623=POLY_LOOP('',(#548,#843,#547));
#11624=FACE_OUTER_BOUND('',#11623,.T.);
#11625=DIRECTION('',(-0.47675463861390915,-0.6462639617703326,0.5958589650890844));
#11626=DIRECTION('',(-0.1827147682995746,0.7359055918959151,0.6519649325397461));
#11627=AXIS2_PLACEMENT_3D('',#548,#11625,#11626);
#11628=PLANE('',#11627);
#11629=FACE_SURFACE('',(#11624),#11628,.T.);
#11630=POLY_LOOP('',(#548,#845,#843));
#11631=FACE_OUTER_BOUND('',#11630,.T.);
#11632=DIRECTION('',(-0.44271946962181874,-0.6536764545235998,0.6137642576912018));
#11633=DIRECTION('',(0.5046602091398319,0.38414326152347855,0.7731442478199301));
#11634=AXIS2_PLACEMENT_3D('',#548,#11632,#11633);
#11635=PLANE('',#11634);
#11636=FACE_SURFACE('',(#11631),#11635,.T.);
#11637=POLY_LOOP('',(#847,#845,#548));
#11638=FACE_OUTER_BOUND('',#11637,.T.);
#11639=DIRECTION('',(-0.4102345143427214,-0.6812777751946515,0.6062740603619928));
#11640=DIRECTION('',(-0.8429169038041826,0.5370244976600592,0.033102601017612955));
#11641=AXIS2_PLACEMENT_3D('',#847,#11639,#11640);
#11642=PLANE('',#11641);
#11643=FACE_SURFACE('',(#11638),#11642,.T.);
#11644=POLY_LOOP('',(#881,#882,#883));
#11645=FACE_OUTER_BOUND('',#11644,.T.);
#11646=DIRECTION('',(-0.6710754931819796,-0.26549100470632314,0.6922226584492811));
#11647=DIRECTION('',(0.7147170745600325,-0.47985245765754553,0.5088429248917216));
#11648=AXIS2_PLACEMENT_3D('',#881,#11646,#11647);
#11649=PLANE('',#11648);
#11650=FACE_SURFACE('',(#11645),#11649,.T.);
#11651=POLY_LOOP('',(#849,#315,#851));
#11652=FACE_OUTER_BOUND('',#11651,.T.);
#11653=DIRECTION('',(-0.26577164788620855,-0.7143365951421755,0.6473705739532288));
#11654=DIRECTION('',(0.610208253980625,-0.644527529935385,-0.46068443638710943));
#11655=AXIS2_PLACEMENT_3D('',#849,#11653,#11654);
#11656=PLANE('',#11655);
#11657=FACE_SURFACE('',(#11652),#11656,.T.);
#11658=POLY_LOOP('',(#881,#884,#882));
#11659=FACE_OUTER_BOUND('',#11658,.T.);
#11660=DIRECTION('',(-0.6886242531290878,-0.35549121408778944,0.6319989198636305));
#11661=DIRECTION('',(0.42018073039219433,-0.9059627917431353,-0.0517645997189837));
#11662=AXIS2_PLACEMENT_3D('',#881,#11660,#11661);
#11663=PLANE('',#11662);
#11664=FACE_SURFACE('',(#11659),#11663,.T.);
#11665=POLY_LOOP('',(#546,#832,#884));
#11666=FACE_OUTER_BOUND('',#11665,.T.);
#11667=DIRECTION('',(-0.6818615247137045,-0.41220399804551205,0.6042786816613653));
#11668=DIRECTION('',(0.6747250896185113,-0.6734810225808002,0.30194265293729433));
#11669=AXIS2_PLACEMENT_3D('',#546,#11667,#11668);
#11670=PLANE('',#11669);
#11671=FACE_SURFACE('',(#11666),#11670,.T.);
#11672=POLY_LOOP('',(#545,#832,#546));
#11673=FACE_OUTER_BOUND('',#11672,.T.);
#11674=DIRECTION('',(-0.6917165006817992,-0.434320756213497,0.5769694648823825));
#11675=DIRECTION('',(0.07074673082098684,0.754342840340855,0.6526574747175077));
#11676=AXIS2_PLACEMENT_3D('',#545,#11674,#11675);
#11677=PLANE('',#11676);
#11678=FACE_SURFACE('',(#11673),#11677,.T.);
#11679=POLY_LOOP('',(#885,#107,#109));
#11680=FACE_OUTER_BOUND('',#11679,.T.);
#11681=DIRECTION('',(0.326199175027255,-0.7028455971266991,0.6321409374586905));
#11682=DIRECTION('',(0.026474258697412,-0.661664412959496,-0.7493325818682836));
#11683=AXIS2_PLACEMENT_3D('',#885,#11681,#11682);
#11684=PLANE('',#11683);
#11685=FACE_SURFACE('',(#11680),#11684,.T.);
#11686=POLY_LOOP('',(#885,#98,#107));
#11687=FACE_OUTER_BOUND('',#11686,.T.);
#11688=DIRECTION('',(0.2797112736614052,-0.7147500130707602,0.6410101576434359));
#11689=DIRECTION('',(-0.5314813486609885,-0.6713004226618009,-0.5166075091978282));
#11690=AXIS2_PLACEMENT_3D('',#885,#11688,#11689);
#11691=PLANE('',#11690);
#11692=FACE_SURFACE('',(#11687),#11691,.T.);
#11693=POLY_LOOP('',(#886,#98,#885));
#11694=FACE_OUTER_BOUND('',#11693,.T.);
#11695=DIRECTION('',(0.26441779919862474,-0.7108800892077841,0.6517152186614095));
#11696=DIRECTION('',(0.4205931377552019,-0.5231148261688546,-0.7412504914774511));
#11697=AXIS2_PLACEMENT_3D('',#886,#11695,#11696);
#11698=PLANE('',#11697);
#11699=FACE_SURFACE('',(#11694),#11698,.T.);
#11700=POLY_LOOP('',(#886,#97,#98));
#11701=FACE_OUTER_BOUND('',#11700,.T.);
#11702=DIRECTION('',(0.2402246005943671,-0.7236560061221837,0.6470039614040755));
#11703=DIRECTION('',(0.010618057339709072,-0.6645227269204724,-0.7471926138985248));
#11704=AXIS2_PLACEMENT_3D('',#886,#11702,#11703);
#11705=PLANE('',#11704);
#11706=FACE_SURFACE('',(#11701),#11705,.T.);
#11707=POLY_LOOP('',(#196,#97,#886));
#11708=FACE_OUTER_BOUND('',#11707,.T.);
#11709=DIRECTION('',(0.19384813439611553,-0.7316913038686153,0.6534911909384786));
#11710=DIRECTION('',(0.9587547792883341,0.28244509361014947,0.03184403063890627));
#11711=AXIS2_PLACEMENT_3D('',#196,#11709,#11710);
#11712=PLANE('',#11711);
#11713=FACE_SURFACE('',(#11708),#11712,.T.);
#11714=POLY_LOOP('',(#30,#887,#888));
#11715=FACE_OUTER_BOUND('',#11714,.T.);
#11716=DIRECTION('',(0.4433889966664397,-0.6542976306839354,0.6126179952601102));
#11717=DIRECTION('',(0.2839799472768666,0.7508088875947408,0.5963567756413738));
#11718=AXIS2_PLACEMENT_3D('',#30,#11716,#11717);
#11719=PLANE('',#11718);
#11720=FACE_SURFACE('',(#11715),#11719,.T.);
#11721=POLY_LOOP('',(#30,#889,#887));
#11722=FACE_OUTER_BOUND('',#11721,.T.);
#11723=DIRECTION('',(0.497262150010733,-0.6471075931212052,0.5779118592757757));
#11724=DIRECTION('',(0.5078989570236543,0.757156859829717,0.410794521710169));
#11725=AXIS2_PLACEMENT_3D('',#30,#11723,#11724);
#11726=PLANE('',#11725);
#11727=FACE_SURFACE('',(#11722),#11726,.T.);
#11728=POLY_LOOP('',(#32,#889,#30));
#11729=FACE_OUTER_BOUND('',#11728,.T.);
#11730=DIRECTION('',(0.4670595474139836,-0.6427525910107147,0.6072268817488712));
#11731=DIRECTION('',(-0.21346769613909983,0.5844563748405323,0.7828424417552541));
#11732=AXIS2_PLACEMENT_3D('',#32,#11730,#11731);
#11733=PLANE('',#11732);
#11734=FACE_SURFACE('',(#11729),#11733,.T.);
#11735=POLY_LOOP('',(#32,#890,#889));
#11736=FACE_OUTER_BOUND('',#11735,.T.);
#11737=DIRECTION('',(0.5296895640468897,-0.6040686396921796,0.5954242557036583));
#11738=DIRECTION('',(0.30428224450472663,0.7905963652560987,0.5313847033204956));
#11739=AXIS2_PLACEMENT_3D('',#32,#11737,#11738);
#11740=PLANE('',#11739);
#11741=FACE_SURFACE('',(#11736),#11740,.T.);
#11742=POLY_LOOP('',(#47,#890,#32));
#11743=FACE_OUTER_BOUND('',#11742,.T.);
#11744=DIRECTION('',(0.5500763222426851,-0.6012597087269255,0.579571222861845));
#11745=DIRECTION('',(-0.7175514077820382,0.014762098843615783,0.6963490917835294));
#11746=AXIS2_PLACEMENT_3D('',#47,#11744,#11745);
#11747=PLANE('',#11746);
#11748=FACE_SURFACE('',(#11743),#11747,.T.);
#11749=POLY_LOOP('',(#546,#884,#881));
#11750=FACE_OUTER_BOUND('',#11749,.T.);
#11751=DIRECTION('',(-0.6940564648937501,-0.3576007905332489,0.6248258142468076));
#11752=DIRECTION('',(0.6960087406259127,-0.11147437196602705,0.7093273555750623));
#11753=AXIS2_PLACEMENT_3D('',#546,#11751,#11752);
#11754=PLANE('',#11753);
#11755=FACE_SURFACE('',(#11750),#11754,.T.);
#11756=POLY_LOOP('',(#851,#315,#314));
#11757=FACE_OUTER_BOUND('',#11756,.T.);
#11758=DIRECTION('',(-0.2231664567783329,-0.7279474580869991,0.648297177869595));
#11759=DIRECTION('',(-0.18221098607067737,-0.6221952988832012,-0.7613620469939354));
#11760=AXIS2_PLACEMENT_3D('',#851,#11758,#11759);
#11761=PLANE('',#11760);
#11762=FACE_SURFACE('',(#11757),#11761,.T.);
#11763=POLY_LOOP('',(#851,#314,#853));
#11764=FACE_OUTER_BOUND('',#11763,.T.);
#11765=DIRECTION('',(-0.18665520871964336,-0.7268012349644166,0.6609990907043864));
#11766=DIRECTION('',(0.2583424270094486,-0.685456242172907,-0.6807414564084259));
#11767=AXIS2_PLACEMENT_3D('',#851,#11765,#11766);
#11768=PLANE('',#11767);
#11769=FACE_SURFACE('',(#11764),#11768,.T.);
#11770=POLY_LOOP('',(#548,#550,#847));
#11771=FACE_OUTER_BOUND('',#11770,.T.);
#11772=DIRECTION('',(-0.4169980565360235,-0.6662003372041534,0.6182958285111193));
#11773=DIRECTION('',(0.818768212691273,-0.5706898813355593,-0.06270305596654424));
#11774=AXIS2_PLACEMENT_3D('',#548,#11772,#11773);
#11775=PLANE('',#11774);
#11776=FACE_SURFACE('',(#11771),#11775,.T.);
#11777=POLY_LOOP('',(#865,#880,#866));
#11778=FACE_OUTER_BOUND('',#11777,.T.);
#11779=DIRECTION('',(-0.03302195707755816,-0.6807348690330172,0.731785206487101));
#11780=DIRECTION('',(3.032908971069181e-07,0.7321845137263556,0.6811063337388723));
#11781=AXIS2_PLACEMENT_3D('',#865,#11779,#11780);
#11782=PLANE('',#11781);
#11783=FACE_SURFACE('',(#11778),#11782,.T.);
#11784=POLY_LOOP('',(#865,#891,#880));
#11785=FACE_OUTER_BOUND('',#11784,.T.);
#11786=DIRECTION('',(0.03376058834918846,-0.6807180757925781,0.7317671241341515));
#11787=DIRECTION('',(0.7200459513244015,0.5243365153824481,0.4545382784958043));
#11788=AXIS2_PLACEMENT_3D('',#865,#11786,#11787);
#11789=PLANE('',#11788);
#11790=FACE_SURFACE('',(#11785),#11789,.T.);
#11791=POLY_LOOP('',(#892,#891,#865));
#11792=FACE_OUTER_BOUND('',#11791,.T.);
#11793=DIRECTION('',(0.03307048856167849,-0.6802084080689647,0.7322723976626296));
#11794=DIRECTION('',(7.233458289614437e-05,0.7326747809214801,0.6805789154604844));
#11795=AXIS2_PLACEMENT_3D('',#892,#11793,#11794);
#11796=PLANE('',#11795);
#11797=FACE_SURFACE('',(#11792),#11796,.T.);
#11798=POLY_LOOP('',(#892,#893,#891));
#11799=FACE_OUTER_BOUND('',#11798,.T.);
#11800=DIRECTION('',(0.10221335411416335,-0.6770198018197554,0.7288323663124957));
#11801=DIRECTION('',(0.6921168881431193,0.5746576732235219,0.4367410809076849));
#11802=AXIS2_PLACEMENT_3D('',#892,#11800,#11801);
#11803=PLANE('',#11802);
#11804=FACE_SURFACE('',(#11799),#11803,.T.);
#11805=POLY_LOOP('',(#894,#893,#892));
#11806=FACE_OUTER_BOUND('',#11805,.T.);
#11807=DIRECTION('',(0.10045472525135078,-0.6758862529377597,0.7301278115949497));
#11808=DIRECTION('',(-0.001926666737746079,0.7337063223349237,0.6794639950144838));
#11809=AXIS2_PLACEMENT_3D('',#894,#11807,#11808);
#11810=PLANE('',#11809);
#11811=FACE_SURFACE('',(#11806),#11810,.T.);
#11812=POLY_LOOP('',(#894,#895,#893));
#11813=FACE_OUTER_BOUND('',#11812,.T.);
#11814=DIRECTION('',(0.17240158894565527,-0.6690477037248864,0.7229473440503602));
#11815=DIRECTION('',(0.6619956857524185,0.6221755594705037,0.4179225828341307));
#11816=AXIS2_PLACEMENT_3D('',#894,#11814,#11815);
#11817=PLANE('',#11816);
#11818=FACE_SURFACE('',(#11813),#11817,.T.);
#11819=POLY_LOOP('',(#886,#895,#894));
#11820=FACE_OUTER_BOUND('',#11819,.T.);
#11821=DIRECTION('',(0.1698257287109767,-0.6676084759478926,0.724884918252765));
#11822=DIRECTION('',(-0.008280338652327336,0.7345770762893535,0.6784747268557526));
#11823=AXIS2_PLACEMENT_3D('',#886,#11821,#11822);
#11824=PLANE('',#11823);
#11825=FACE_SURFACE('',(#11820),#11824,.T.);
#11826=POLY_LOOP('',(#886,#896,#895));
#11827=FACE_OUTER_BOUND('',#11826,.T.);
#11828=DIRECTION('',(0.24461103891327746,-0.6563966960706313,0.7136587539078647));
#11829=DIRECTION('',(0.6287498457382861,0.6676779425443747,0.3985972861470486));
#11830=AXIS2_PLACEMENT_3D('',#886,#11828,#11829);
#11831=PLANE('',#11830);
#11832=FACE_SURFACE('',(#11827),#11831,.T.);
#11833=POLY_LOOP('',(#885,#896,#886));
#11834=FACE_OUTER_BOUND('',#11833,.T.);
#11835=DIRECTION('',(0.2408946577217051,-0.6546215671627055,0.71654753344533));
#11836=DIRECTION('',(-0.021793177218518794,0.7344546795084568,0.6783077333886534));
#11837=AXIS2_PLACEMENT_3D('',#885,#11835,#11836);
#11838=PLANE('',#11837);
#11839=FACE_SURFACE('',(#11834),#11838,.T.);
#11840=POLY_LOOP('',(#885,#897,#896));
#11841=FACE_OUTER_BOUND('',#11840,.T.);
#11842=DIRECTION('',(0.31860796977875594,-0.6379921764676163,0.7010384756627651));
#11843=DIRECTION('',(0.5912463558693452,0.7118329812710819,0.37910625614192034));
#11844=AXIS2_PLACEMENT_3D('',#885,#11842,#11843);
#11845=PLANE('',#11844);
#11846=FACE_SURFACE('',(#11841),#11845,.T.);
#11847=POLY_LOOP('',(#898,#897,#885));
#11848=FACE_OUTER_BOUND('',#11847,.T.);
#11849=DIRECTION('',(0.3126141946892792,-0.6355994624637339,0.7058935391364523));
#11850=DIRECTION('',(-0.04617991132862915,0.7320911170104465,0.6796396193454856));
#11851=AXIS2_PLACEMENT_3D('',#898,#11849,#11850);
#11852=PLANE('',#11851);
#11853=FACE_SURFACE('',(#11848),#11852,.T.);
#11854=POLY_LOOP('',(#898,#899,#897));
#11855=FACE_OUTER_BOUND('',#11854,.T.);
#11856=DIRECTION('',(0.3738135344622292,-0.618267213798031,0.6913820172634487));
#11857=DIRECTION('',(0.370797033276259,0.7828800681892296,0.49960820544257684));
#11858=AXIS2_PLACEMENT_3D('',#898,#11856,#11857);
#11859=PLANE('',#11858);
#11860=FACE_SURFACE('',(#11855),#11859,.T.);
#11861=POLY_LOOP('',(#888,#899,#898));
#11862=FACE_OUTER_BOUND('',#11861,.T.);
#11863=DIRECTION('',(0.36627099950098585,-0.6176266730706319,0.6959761832392338));
#11864=DIRECTION('',(-0.0640139198802189,0.7294558703638243,0.681025954904308));
#11865=AXIS2_PLACEMENT_3D('',#888,#11863,#11864);
#11866=PLANE('',#11865);
#11867=FACE_SURFACE('',(#11862),#11866,.T.);
#11868=POLY_LOOP('',(#888,#900,#899));
#11869=FACE_OUTER_BOUND('',#11868,.T.);
#11870=DIRECTION('',(0.4120419731529534,-0.602220973750394,0.6837772379476725));
#11871=DIRECTION('',(0.372007060344442,0.7962352729891113,0.4770955219888804));
#11872=AXIS2_PLACEMENT_3D('',#888,#11870,#11871);
#11873=PLANE('',#11872);
#11874=FACE_SURFACE('',(#11869),#11873,.T.);
#11875=POLY_LOOP('',(#887,#900,#888));
#11876=FACE_OUTER_BOUND('',#11875,.T.);
#11877=DIRECTION('',(0.4018105338090694,-0.6014670127016418,0.6904967252288992));
#11878=DIRECTION('',(-0.08867424675293797,0.724945289454584,0.6830748167370896));
#11879=AXIS2_PLACEMENT_3D('',#887,#11877,#11878);
#11880=PLANE('',#11879);
#11881=FACE_SURFACE('',(#11876),#11880,.T.);
#11882=POLY_LOOP('',(#887,#901,#900));
#11883=FACE_OUTER_BOUND('',#11882,.T.);
#11884=DIRECTION('',(0.45169429919091086,-0.5819423375754763,0.6762509710274893));
#11885=DIRECTION('',(0.32927409594325624,0.8132085058611376,0.47986508076317397));
#11886=AXIS2_PLACEMENT_3D('',#887,#11884,#11885);
#11887=PLANE('',#11886);
#11888=FACE_SURFACE('',(#11883),#11887,.T.);
#11889=POLY_LOOP('',(#889,#901,#887));
#11890=FACE_OUTER_BOUND('',#11889,.T.);
#11891=DIRECTION('',(0.4384155647018502,-0.5817739687050849,0.68507725255207));
#11892=DIRECTION('',(-0.11750791255306568,0.7185909649237403,0.6854333779568871));
#11893=AXIS2_PLACEMENT_3D('',#889,#11891,#11892);
#11894=PLANE('',#11893);
#11895=FACE_SURFACE('',(#11890),#11894,.T.);
#11896=POLY_LOOP('',(#889,#859,#901));
#11897=FACE_OUTER_BOUND('',#11896,.T.);
#11898=DIRECTION('',(0.49651369903427506,-0.5552401592546072,0.667219987876727));
#11899=DIRECTION('',(0.3022482467624125,0.8311461288284644,0.4667355888107372));
#11900=AXIS2_PLACEMENT_3D('',#889,#11898,#11899);
#11901=PLANE('',#11900);
#11902=FACE_SURFACE('',(#11897),#11901,.T.);
#11903=POLY_LOOP('',(#890,#859,#889));
#11904=FACE_OUTER_BOUND('',#11903,.T.);
#11905=DIRECTION('',(0.47944249939929406,-0.5557464556445842,0.6791765358198414));
#11906=DIRECTION('',(-0.15231843391888542,0.7094804320800127,0.688067301347809));
#11907=AXIS2_PLACEMENT_3D('',#890,#11905,#11906);
#11908=PLANE('',#11907);
#11909=FACE_SURFACE('',(#11904),#11908,.T.);
#11910=POLY_LOOP('',(#890,#857,#859));
#11911=FACE_OUTER_BOUND('',#11910,.T.);
#11912=DIRECTION('',(0.5448225764906526,-0.5205819125733655,0.6573909281755748));
#11913=DIRECTION('',(0.27025690948045683,0.8511376715506355,0.4500287401327107));
#11914=AXIS2_PLACEMENT_3D('',#890,#11912,#11913);
#11915=PLANE('',#11914);
#11916=FACE_SURFACE('',(#11911),#11915,.T.);
#11917=POLY_LOOP('',(#902,#857,#890));
#11918=FACE_OUTER_BOUND('',#11917,.T.);
#11919=DIRECTION('',(0.5235063150263424,-0.5221943224800751,0.6732415819727084));
#11920=DIRECTION('',(-0.19318863404710201,0.6968392612347523,0.6907193320566751));
#11921=AXIS2_PLACEMENT_3D('',#902,#11919,#11920);
#11922=PLANE('',#11921);
#11923=FACE_SURFACE('',(#11918),#11922,.T.);
#11924=POLY_LOOP('',(#902,#861,#857));
#11925=FACE_OUTER_BOUND('',#11924,.T.);
#11926=DIRECTION('',(0.5917819509558703,-0.4787629359825751,0.6485215290583719));
#11927=DIRECTION('',(0.2342161568532455,0.8719338778918901,0.42996988784484214));
#11928=AXIS2_PLACEMENT_3D('',#902,#11926,#11927);
#11929=PLANE('',#11928);
#11930=FACE_SURFACE('',(#11925),#11929,.T.);
#11931=POLY_LOOP('',(#863,#861,#902));
#11932=FACE_OUTER_BOUND('',#11931,.T.);
#11933=DIRECTION('',(0.5662523470375906,-0.48185942284667926,0.6687075415219161));
#11934=DIRECTION('',(-0.24004126059629552,0.6797331010427374,0.6930678931808666));
#11935=AXIS2_PLACEMENT_3D('',#863,#11933,#11934);
#11936=PLANE('',#11935);
#11937=FACE_SURFACE('',(#11932),#11936,.T.);
#11938=POLY_LOOP('',(#849,#450,#315));
#11939=FACE_OUTER_BOUND('',#11938,.T.);
#11940=DIRECTION('',(-0.2696903796156293,-0.7157593675425913,0.6441704952245233));
#11941=DIRECTION('',(0.02539263858554089,-0.6740107869882297,-0.738284953746974));
#11942=AXIS2_PLACEMENT_3D('',#849,#11940,#11941);
#11943=PLANE('',#11942);
#11944=FACE_SURFACE('',(#11939),#11943,.T.);
#11945=POLY_LOOP('',(#849,#549,#450));
#11946=FACE_OUTER_BOUND('',#11945,.T.);
#11947=DIRECTION('',(-0.31169751262507,-0.7070446444524071,0.6347696679698185));
#11948=DIRECTION('',(-0.2672036863498372,-0.5758677071757238,-0.7726438855211583));
#11949=AXIS2_PLACEMENT_3D('',#849,#11947,#11948);
#11950=PLANE('',#11949);
#11951=FACE_SURFACE('',(#11946),#11950,.T.);
#11952=POLY_LOOP('',(#847,#549,#849));
#11953=FACE_OUTER_BOUND('',#11952,.T.);
#11954=DIRECTION('',(-0.3443447791802218,-0.6917991293507264,0.6346972803478059));
#11955=DIRECTION('',(0.5602076640370405,-0.6939031867030668,-0.45239997860023307));
#11956=AXIS2_PLACEMENT_3D('',#847,#11954,#11955);
#11957=PLANE('',#11956);
#11958=FACE_SURFACE('',(#11953),#11957,.T.);
#11959=POLY_LOOP('',(#847,#550,#549));
#11960=FACE_OUTER_BOUND('',#11959,.T.);
#11961=DIRECTION('',(-0.36025146108415923,-0.6958820381588563,0.6212624837816981));
#11962=DIRECTION('',(-0.2555658558534851,-0.5668763293180477,-0.783158553921728));
#11963=AXIS2_PLACEMENT_3D('',#847,#11961,#11962);
#11964=PLANE('',#11963);
#11965=FACE_SURFACE('',(#11960),#11964,.T.);
#11966=POLY_LOOP('',(#859,#858,#903));
#11967=FACE_OUTER_BOUND('',#11966,.T.);
#11968=DIRECTION('',(0.48195209022296903,-0.4402114565513426,0.7575856758483864));
#11969=DIRECTION('',(0.22817770494391323,0.8978527702783661,0.3765572172591999));
#11970=AXIS2_PLACEMENT_3D('',#859,#11968,#11969);
#11971=PLANE('',#11970);
#11972=FACE_SURFACE('',(#11967),#11971,.T.);
#11973=POLY_LOOP('',(#47,#902,#890));
#11974=FACE_OUTER_BOUND('',#11973,.T.);
#11975=DIRECTION('',(0.5706569176072414,-0.5607556692097607,0.5999197961695512));
#11976=DIRECTION('',(-0.05050205137698939,0.7052030713114722,0.7072044761026208));
#11977=AXIS2_PLACEMENT_3D('',#47,#11975,#11976);
#11978=PLANE('',#11977);
#11979=FACE_SURFACE('',(#11974),#11978,.T.);
#11980=POLY_LOOP('',(#859,#903,#901));
#11981=FACE_OUTER_BOUND('',#11980,.T.);
#11982=DIRECTION('',(0.41297725356922926,-0.46589593352658576,0.7825540027102331));
#11983=DIRECTION('',(-0.10902059708991103,0.8277818865999209,0.5503559372144856));
#11984=AXIS2_PLACEMENT_3D('',#859,#11982,#11983);
#11985=PLANE('',#11984);
#11986=FACE_SURFACE('',(#11981),#11985,.T.);
#11987=POLY_LOOP('',(#901,#904,#900));
#11988=FACE_OUTER_BOUND('',#11987,.T.);
#11989=DIRECTION('',(0.37485450525709724,-0.48609984523371236,0.7894244994628794));
#11990=DIRECTION('',(-0.083944901729495,0.8302189753117999,0.5510804900428342));
#11991=AXIS2_PLACEMENT_3D('',#901,#11989,#11990);
#11992=PLANE('',#11991);
#11993=FACE_SURFACE('',(#11988),#11992,.T.);
#11994=POLY_LOOP('',(#578,#580,#905));
#11995=FACE_OUTER_BOUND('',#11994,.T.);
#11996=DIRECTION('',(0.00258701850867124,0.39550046396807437,0.9184621333164877));
#11997=DIRECTION('',(-0.9974873224437735,-0.06400506307273678,0.030370931250236082));
#11998=AXIS2_PLACEMENT_3D('',#578,#11996,#11997);
#11999=PLANE('',#11998);
#12000=FACE_SURFACE('',(#11995),#11999,.T.);
#12001=POLY_LOOP('',(#906,#907,#908));
#12002=FACE_OUTER_BOUND('',#12001,.T.);
#12003=DIRECTION('',(0.00022932526020373964,0.3288837663272966,0.9443703805479591));
#12004=DIRECTION('',(0.974467256158868,-0.21211255340766677,0.07363308604891518));
#12005=AXIS2_PLACEMENT_3D('',#906,#12003,#12004);
#12006=PLANE('',#12005);
#12007=FACE_SURFACE('',(#12002),#12006,.T.);
#12008=POLY_LOOP('',(#909,#910,#911));
#12009=FACE_OUTER_BOUND('',#12008,.T.);
#12010=DIRECTION('',(0.011204680199683483,0.4500594132109424,0.8929283172359612));
#12011=DIRECTION('',(-0.4730916858721621,-0.7843307845480406,0.4012598623945467));
#12012=AXIS2_PLACEMENT_3D('',#909,#12010,#12011);
#12013=PLANE('',#12012);
#12014=FACE_SURFACE('',(#12009),#12013,.T.);
#12015=POLY_LOOP('',(#909,#912,#910));
#12016=FACE_OUTER_BOUND('',#12015,.T.);
#12017=DIRECTION('',(0.005747898958342341,0.45269520814527175,0.8916467967642083));
#12018=DIRECTION('',(-0.9489554889307703,-0.278727612925086,0.14762925801224486));
#12019=AXIS2_PLACEMENT_3D('',#909,#12017,#12018);
#12020=PLANE('',#12019);
#12021=FACE_SURFACE('',(#12016),#12020,.T.);
#12022=POLY_LOOP('',(#913,#912,#909));
#12023=FACE_OUTER_BOUND('',#12022,.T.);
#12024=DIRECTION('',(-0.0032379042824309443,0.47663913077271064,0.8790930866478776));
#12025=DIRECTION('',(-0.8720346740639043,-0.43160785594880985,0.2308033490084825));
#12026=AXIS2_PLACEMENT_3D('',#913,#12024,#12025);
#12027=PLANE('',#12026);
#12028=FACE_SURFACE('',(#12023),#12027,.T.);
#12029=POLY_LOOP('',(#913,#914,#912));
#12030=FACE_OUTER_BOUND('',#12029,.T.);
#12031=DIRECTION('',(0.004299071083710963,0.4647895601858276,0.8854107423846189));
#12032=DIRECTION('',(-0.9206970963858964,-0.34370194869907245,0.18489409716656593));
#12033=AXIS2_PLACEMENT_3D('',#913,#12031,#12032);
#12034=PLANE('',#12033);
#12035=FACE_SURFACE('',(#12030),#12034,.T.);
#12036=POLY_LOOP('',(#831,#914,#913));
#12037=FACE_OUTER_BOUND('',#12036,.T.);
#12038=DIRECTION('',(-0.00022804342307807874,0.47422351430568743,0.8804044561880412));
#12039=DIRECTION('',(0.7978721117466439,-0.5306450639358188,0.2860348045561971));
#12040=AXIS2_PLACEMENT_3D('',#831,#12038,#12039);
#12041=PLANE('',#12040);
#12042=FACE_SURFACE('',(#12037),#12041,.T.);
#12043=POLY_LOOP('',(#915,#916,#917));
#12044=FACE_OUTER_BOUND('',#12043,.T.);
#12045=DIRECTION('',(-0.001139783215799292,0.4431575121538949,0.8964430379649292));
#12046=DIRECTION('',(-0.10604009688571701,-0.8914428954731519,0.440550861947756));
#12047=AXIS2_PLACEMENT_3D('',#915,#12045,#12046);
#12048=PLANE('',#12047);
#12049=FACE_SURFACE('',(#12044),#12048,.T.);
#12050=POLY_LOOP('',(#915,#911,#916));
#12051=FACE_OUTER_BOUND('',#12050,.T.);
#12052=DIRECTION('',(0.012539477960548013,0.4418147854375277,0.8970186491156514));
#12053=DIRECTION('',(-0.6647983229745376,-0.6664207666450627,0.33753007503695026));
#12054=AXIS2_PLACEMENT_3D('',#915,#12052,#12053);
#12055=PLANE('',#12054);
#12056=FACE_SURFACE('',(#12051),#12055,.T.);
#12057=POLY_LOOP('',(#909,#911,#915));
#12058=FACE_OUTER_BOUND('',#12057,.T.);
#12059=DIRECTION('',(-0.008650300165144068,0.45867090355972395,0.8885641082863742));
#12060=DIRECTION('',(-0.43728242284063973,-0.8008651779263628,0.4091442892911927));
#12061=AXIS2_PLACEMENT_3D('',#909,#12059,#12060);
#12062=PLANE('',#12061);
#12063=FACE_SURFACE('',(#12058),#12062,.T.);
#12064=POLY_LOOP('',(#918,#919,#920));
#12065=FACE_OUTER_BOUND('',#12064,.T.);
#12066=DIRECTION('',(0.039052782936880935,0.41795588930484295,0.9076275418585988));
#12067=DIRECTION('',(-0.4604149033964661,-0.798627359960543,0.38757251792777586));
#12068=AXIS2_PLACEMENT_3D('',#918,#12066,#12067);
#12069=PLANE('',#12068);
#12070=FACE_SURFACE('',(#12065),#12069,.T.);
#12071=POLY_LOOP('',(#918,#917,#919));
#12072=FACE_OUTER_BOUND('',#12071,.T.);
#12073=DIRECTION('',(-0.0001396122427510275,0.4366662876136515,0.8996235511424395));
#12074=DIRECTION('',(-0.6008670153968331,-0.7191498236440431,0.3489732954838287));
#12075=AXIS2_PLACEMENT_3D('',#918,#12073,#12074);
#12076=PLANE('',#12075);
#12077=FACE_SURFACE('',(#12072),#12076,.T.);
#12078=POLY_LOOP('',(#905,#580,#868));
#12079=FACE_OUTER_BOUND('',#12078,.T.);
#12080=DIRECTION('',(-0.0003606971143371392,0.3938752917204597,0.9191638180812571));
#12081=DIRECTION('',(-0.5148266619465927,0.7879207888677456,-0.3378377400749627));
#12082=AXIS2_PLACEMENT_3D('',#905,#12080,#12081);
#12083=PLANE('',#12082);
#12084=FACE_SURFACE('',(#12079),#12083,.T.);
#12085=POLY_LOOP('',(#915,#917,#918));
#12086=FACE_OUTER_BOUND('',#12085,.T.);
#12087=DIRECTION('',(-0.010242707729119355,0.44346294663047947,0.8962341780495702));
#12088=DIRECTION('',(-0.040213884794055306,-0.8957387933990507,0.4427582381726885));
#12089=AXIS2_PLACEMENT_3D('',#915,#12087,#12088);
#12090=PLANE('',#12089);
#12091=FACE_SURFACE('',(#12086),#12090,.T.);
#12092=POLY_LOOP('',(#597,#920,#921));
#12093=FACE_OUTER_BOUND('',#12092,.T.);
#12094=DIRECTION('',(-0.0007486200582885275,0.4084787755625095,0.9127675111894382));
#12095=DIRECTION('',(-0.8881263282682416,-0.41977868061896745,0.18712959235399027));
#12096=AXIS2_PLACEMENT_3D('',#597,#12094,#12095);
#12097=PLANE('',#12096);
#12098=FACE_SURFACE('',(#12093),#12097,.T.);
#12099=POLY_LOOP('',(#918,#920,#597));
#12100=FACE_OUTER_BOUND('',#12099,.T.);
#12101=DIRECTION('',(-0.00922208187203962,0.4233527082328945,0.9059180082313294));
#12102=DIRECTION('',(-0.1155105962806605,-0.9003427814961391,0.4195714217563937));
#12103=AXIS2_PLACEMENT_3D('',#918,#12101,#12102);
#12104=PLANE('',#12103);
#12105=FACE_SURFACE('',(#12100),#12104,.T.);
#12106=POLY_LOOP('',(#869,#596,#597));
#12107=FACE_OUTER_BOUND('',#12106,.T.);
#12108=DIRECTION('',(-0.007631256740820291,0.40264524785859684,0.9153242967918227));
#12109=DIRECTION('',(0.4758502999016481,0.8065305870192082,-0.35082033049121136));
#12110=AXIS2_PLACEMENT_3D('',#869,#12108,#12109);
#12111=PLANE('',#12110);
#12112=FACE_SURFACE('',(#12107),#12111,.T.);
#12113=POLY_LOOP('',(#868,#596,#869));
#12114=FACE_OUTER_BOUND('',#12113,.T.);
#12115=DIRECTION('',(0.01140153042738797,0.3931840518997505,0.9193890941465466));
#12116=DIRECTION('',(-0.11845244530449109,0.9135059212976486,-0.38919911350813846));
#12117=AXIS2_PLACEMENT_3D('',#868,#12115,#12116);
#12118=PLANE('',#12117);
#12119=FACE_SURFACE('',(#12114),#12118,.T.);
#12120=POLY_LOOP('',(#868,#582,#596));
#12121=FACE_OUTER_BOUND('',#12120,.T.);
#12122=DIRECTION('',(-0.003166533485287624,0.3916090991995316,0.9201262339971717));
#12123=DIRECTION('',(0.26699069643412743,0.8870600173647313,-0.376617171157267));
#12124=AXIS2_PLACEMENT_3D('',#868,#12122,#12123);
#12125=PLANE('',#12124);
#12126=FACE_SURFACE('',(#12121),#12125,.T.);
#12127=POLY_LOOP('',(#580,#582,#868));
#12128=FACE_OUTER_BOUND('',#12127,.T.);
#12129=DIRECTION('',(5.1131112305572085e-08,0.39080368137835475,0.9204740532036321));
#12130=DIRECTION('',(-0.9999999999999915,1.30835800024282e-07,0.0));
#12131=AXIS2_PLACEMENT_3D('',#580,#12129,#12130);
#12132=PLANE('',#12131);
#12133=FACE_SURFACE('',(#12128),#12132,.T.);
#12134=POLY_LOOP('',(#572,#922,#923));
#12135=FACE_OUTER_BOUND('',#12134,.T.);
#12136=DIRECTION('',(0.0018727556396221643,0.4375441224496022,0.8991949920323856));
#12137=DIRECTION('',(0.5215885497632065,-0.7676188493133631,0.37243346645373226));
#12138=AXIS2_PLACEMENT_3D('',#572,#12136,#12137);
#12139=PLANE('',#12138);
#12140=FACE_SURFACE('',(#12135),#12139,.T.);
#12141=POLY_LOOP('',(#572,#924,#922));
#12142=FACE_OUTER_BOUND('',#12141,.T.);
#12143=DIRECTION('',(-0.0173101246070294,0.42690444416869594,0.9041310497572274));
#12144=DIRECTION('',(-0.26894633648569916,-0.8729268538581364,0.40702159144725575));
#12145=AXIS2_PLACEMENT_3D('',#572,#12143,#12144);
#12146=PLANE('',#12145);
#12147=FACE_SURFACE('',(#12142),#12146,.T.);
#12148=POLY_LOOP('',(#581,#924,#572));
#12149=FACE_OUTER_BOUND('',#12148,.T.);
#12150=DIRECTION('',(0.010300635685395172,0.41996091025416316,0.9074837358118168));
#12151=DIRECTION('',(0.665082452765552,-0.6805663622127922,0.3073999961740463));
#12152=AXIS2_PLACEMENT_3D('',#581,#12150,#12151);
#12153=PLANE('',#12152);
#12154=FACE_SURFACE('',(#12149),#12153,.T.);
#12155=POLY_LOOP('',(#581,#925,#924));
#12156=FACE_OUTER_BOUND('',#12155,.T.);
#12157=DIRECTION('',(-0.01278105540421439,0.40120537050751726,0.9158989547426507));
#12158=DIRECTION('',(0.077135790494627,-0.9128486667053166,0.40094560917797145));
#12159=AXIS2_PLACEMENT_3D('',#581,#12157,#12158);
#12160=PLANE('',#12159);
#12161=FACE_SURFACE('',(#12156),#12160,.T.);
#12162=POLY_LOOP('',(#905,#925,#581));
#12163=FACE_OUTER_BOUND('',#12162,.T.);
#12164=DIRECTION('',(-0.013152752858730687,0.40117709140063734,0.9159060794795293));
#12165=DIRECTION('',(0.9448142030083433,0.30485313494905963,-0.11996119333117505));
#12166=AXIS2_PLACEMENT_3D('',#905,#12164,#12165);
#12167=PLANE('',#12166);
#12168=FACE_SURFACE('',(#12163),#12167,.T.);
#12169=POLY_LOOP('',(#926,#575,#927));
#12170=FACE_OUTER_BOUND('',#12169,.T.);
#12171=DIRECTION('',(-0.005640798622311016,0.45325180118271263,0.8913646762776327));
#12172=DIRECTION('',(-0.9529082846867607,0.26783949043588345,-0.1422244997824973));
#12173=AXIS2_PLACEMENT_3D('',#926,#12171,#12172);
#12174=PLANE('',#12173);
#12175=FACE_SURFACE('',(#12170),#12174,.T.);
#12176=POLY_LOOP('',(#597,#921,#869));
#12177=FACE_OUTER_BOUND('',#12176,.T.);
#12178=DIRECTION('',(0.013533669694755071,0.40114948202078227,0.9159126229390286));
#12179=DIRECTION('',(-0.4875150711628158,-0.7970998482792203,0.356315712904102));
#12180=AXIS2_PLACEMENT_3D('',#597,#12178,#12179);
#12181=PLANE('',#12180);
#12182=FACE_SURFACE('',(#12177),#12181,.T.);
#12183=POLY_LOOP('',(#860,#575,#926));
#12184=FACE_OUTER_BOUND('',#12183,.T.);
#12185=DIRECTION('',(0.000893381631497801,0.4714647726536358,0.8818844425523766));
#12186=DIRECTION('',(-0.9977848169364876,-0.058241081176912075,0.03214709247139202));
#12187=AXIS2_PLACEMENT_3D('',#860,#12185,#12186);
#12188=PLANE('',#12187);
#12189=FACE_SURFACE('',(#12184),#12188,.T.);
#12190=POLY_LOOP('',(#905,#868,#908));
#12191=FACE_OUTER_BOUND('',#12190,.T.);
#12192=DIRECTION('',(6.910291271708509e-05,0.34946350827115036,0.9369499728435915));
#12193=DIRECTION('',(-0.9999596362085028,-0.008393875882125491,0.0032044970641382426));
#12194=AXIS2_PLACEMENT_3D('',#905,#12192,#12193);
#12195=PLANE('',#12194);
#12196=FACE_SURFACE('',(#12191),#12195,.T.);
#12197=POLY_LOOP('',(#908,#928,#906));
#12198=FACE_OUTER_BOUND('',#12197,.T.);
#12199=DIRECTION('',(-2.3315516183828448e-05,0.33784690995123695,0.9412010756967862));
#12200=DIRECTION('',(-0.9999904673713709,0.004101694333756828,-0.0014970871650425638));
#12201=AXIS2_PLACEMENT_3D('',#908,#12199,#12200);
#12202=PLANE('',#12201);
#12203=FACE_SURFACE('',(#12198),#12202,.T.);
#12204=POLY_LOOP('',(#305,#653,#555));
#12205=FACE_OUTER_BOUND('',#12204,.T.);
#12206=DIRECTION('',(0.00025885221359210213,0.7052558220000965,0.7089528605841855));
#12207=DIRECTION('',(0.9914469395756028,-0.09270654531627726,0.09186110418284811));
#12208=AXIS2_PLACEMENT_3D('',#305,#12206,#12207);
#12209=PLANE('',#12208);
#12210=FACE_SURFACE('',(#12205),#12209,.T.);
#12211=POLY_LOOP('',(#651,#653,#305));
#12212=FACE_OUTER_BOUND('',#12211,.T.);
#12213=DIRECTION('',(-0.002975064861323878,0.6876233797764874,0.7260614550944234));
#12214=DIRECTION('',(-0.22581709170081632,0.7068480820126333,-0.6703524670282395));
#12215=AXIS2_PLACEMENT_3D('',#651,#12213,#12214);
#12216=PLANE('',#12215);
#12217=FACE_SURFACE('',(#12212),#12216,.T.);
#12218=POLY_LOOP('',(#341,#651,#305));
#12219=FACE_OUTER_BOUND('',#12218,.T.);
#12220=DIRECTION('',(-0.0031908857428550054,0.6873132909415771,0.7263540860649406));
#12221=DIRECTION('',(0.9890594403270887,0.10929515241843055,-0.09907569408133386));
#12222=AXIS2_PLACEMENT_3D('',#341,#12220,#12221);
#12223=PLANE('',#12222);
#12224=FACE_SURFACE('',(#12219),#12223,.T.);
#12225=POLY_LOOP('',(#341,#652,#651));
#12226=FACE_OUTER_BOUND('',#12225,.T.);
#12227=DIRECTION('',(0.0022692604915610097,0.6602678000441152,0.7510268188831379));
#12228=DIRECTION('',(0.9442382444983894,-0.24869553837156802,0.21578847703405177));
#12229=AXIS2_PLACEMENT_3D('',#341,#12227,#12228);
#12230=PLANE('',#12229);
#12231=FACE_SURFACE('',(#12226),#12230,.T.);
#12232=POLY_LOOP('',(#340,#652,#341));
#12233=FACE_OUTER_BOUND('',#12232,.T.);
#12234=DIRECTION('',(-0.006767858950980359,0.6405702714117444,0.7678697307933838));
#12235=DIRECTION('',(0.905927916632327,0.3290415685361185,-0.26650751591934957));
#12236=AXIS2_PLACEMENT_3D('',#340,#12234,#12235);
#12237=PLANE('',#12236);
#12238=FACE_SURFACE('',(#12233),#12237,.T.);
#12239=POLY_LOOP('',(#929,#652,#340));
#12240=FACE_OUTER_BOUND('',#12239,.T.);
#12241=DIRECTION('',(0.006739627875246319,0.6181139413423796,0.7860596242870465));
#12242=DIRECTION('',(0.8684742448699962,0.3860402903713124,-0.3110070420545534));
#12243=AXIS2_PLACEMENT_3D('',#929,#12241,#12242);
#12244=PLANE('',#12243);
#12245=FACE_SURFACE('',(#12240),#12244,.T.);
#12246=POLY_LOOP('',(#929,#654,#652));
#12247=FACE_OUTER_BOUND('',#12246,.T.);
#12248=DIRECTION('',(-0.0002803214757691575,0.6277487370559296,0.7784159842555622));
#12249=DIRECTION('',(0.9999050564270872,0.010900018094937396,-0.008430168270777201));
#12250=AXIS2_PLACEMENT_3D('',#929,#12248,#12249);
#12251=PLANE('',#12250);
#12252=FACE_SURFACE('',(#12247),#12251,.T.);
#12253=POLY_LOOP('',(#883,#654,#929));
#12254=FACE_OUTER_BOUND('',#12253,.T.);
#12255=DIRECTION('',(8.176561399230382e-05,0.6070808137933527,0.7946400939031361));
#12256=DIRECTION('',(0.9895519260808029,0.1145196275411926,-0.08759132661171329));
#12257=AXIS2_PLACEMENT_3D('',#883,#12255,#12256);
#12258=PLANE('',#12257);
#12259=FACE_SURFACE('',(#12254),#12258,.T.);
#12260=POLY_LOOP('',(#883,#661,#654));
#12261=FACE_OUTER_BOUND('',#12260,.T.);
#12262=DIRECTION('',(0.0015665602492404489,0.59895048546654,0.8007845289766664));
#12263=DIRECTION('',(0.9742385665803918,-0.18150303787959823,0.133850149898536));
#12264=AXIS2_PLACEMENT_3D('',#883,#12262,#12263);
#12265=PLANE('',#12264);
#12266=FACE_SURFACE('',(#12261),#12265,.T.);
#12267=POLY_LOOP('',(#882,#661,#883));
#12268=FACE_OUTER_BOUND('',#12267,.T.);
#12269=DIRECTION('',(-0.0049172532553109416,0.5762807887492367,0.8172369748971108));
#12270=DIRECTION('',(0.8227986956741559,0.46678815700645654,-0.32420845589747277));
#12271=AXIS2_PLACEMENT_3D('',#882,#12269,#12270);
#12272=PLANE('',#12271);
#12273=FACE_SURFACE('',(#12268),#12272,.T.);
#12274=POLY_LOOP('',(#882,#660,#661));
#12275=FACE_OUTER_BOUND('',#12274,.T.);
#12276=DIRECTION('',(-0.0012685610165132446,0.5719621654742821,0.820279020833105));
#12277=DIRECTION('',(0.9968006219865523,0.06627853633592327,-0.044672985442995944));
#12278=AXIS2_PLACEMENT_3D('',#882,#12276,#12277);
#12279=PLANE('',#12278);
#12280=FACE_SURFACE('',(#12275),#12279,.T.);
#12281=POLY_LOOP('',(#829,#660,#882));
#12282=FACE_OUTER_BOUND('',#12281,.T.);
#12283=DIRECTION('',(0.0018044315944978956,0.5401109541571204,0.8415918851950187));
#12284=DIRECTION('',(0.4646211393656257,0.7447857286834847,-0.47897955614409965));
#12285=AXIS2_PLACEMENT_3D('',#829,#12283,#12284);
#12286=PLANE('',#12285);
#12287=FACE_SURFACE('',(#12282),#12286,.T.);
#12288=POLY_LOOP('',(#908,#868,#928));
#12289=FACE_OUTER_BOUND('',#12288,.T.);
#12290=DIRECTION('',(2.3113195675094912e-05,0.34783560742764164,0.937555539512846));
#12291=DIRECTION('',(-0.9996496339647404,0.024824208868086534,-0.00918520376661608));
#12292=AXIS2_PLACEMENT_3D('',#908,#12290,#12291);
#12293=PLANE('',#12292);
#12294=FACE_SURFACE('',(#12289),#12293,.T.);
#12295=POLY_LOOP('',(#829,#658,#660));
#12296=FACE_OUTER_BOUND('',#12295,.T.);
#12297=DIRECTION('',(-0.008622522145185343,0.5446879523867294,0.8385944709074868));
#12298=DIRECTION('',(0.8860193161318815,0.39293615998090653,-0.2461116527526733));
#12299=AXIS2_PLACEMENT_3D('',#829,#12297,#12298);
#12300=PLANE('',#12299);
#12301=FACE_SURFACE('',(#12296),#12300,.T.);
#12302=POLY_LOOP('',(#831,#659,#829));
#12303=FACE_OUTER_BOUND('',#12302,.T.);
#12304=DIRECTION('',(0.0012911195842934468,0.5052743170044762,0.8629578191232056));
#12305=DIRECTION('',(0.5648054029095593,0.7117654644300255,-0.41759403789910654));
#12306=AXIS2_PLACEMENT_3D('',#831,#12304,#12305);
#12307=PLANE('',#12306);
#12308=FACE_SURFACE('',(#12303),#12307,.T.);
#12309=POLY_LOOP('',(#831,#930,#659));
#12310=FACE_OUTER_BOUND('',#12309,.T.);
#12311=DIRECTION('',(-0.003180251613885166,0.5079107453070919,0.8614038314294097));
#12312=DIRECTION('',(0.981260201439694,0.1675457262221783,-0.09516746657978221));
#12313=AXIS2_PLACEMENT_3D('',#831,#12311,#12312);
#12314=PLANE('',#12313);
#12315=FACE_SURFACE('',(#12310),#12314,.T.);
#12316=POLY_LOOP('',(#913,#930,#831));
#12317=FACE_OUTER_BOUND('',#12316,.T.);
#12318=DIRECTION('',(0.00012337429423935433,0.49334934553632703,0.8698312526218298));
#12319=DIRECTION('',(-0.8872813876586203,0.4012449708174396,-0.22745156079549114));
#12320=AXIS2_PLACEMENT_3D('',#913,#12318,#12319);
#12321=PLANE('',#12320);
#12322=FACE_SURFACE('',(#12317),#12321,.T.);
#12323=POLY_LOOP('',(#908,#931,#932));
#12324=FACE_OUTER_BOUND('',#12323,.T.);
#12325=DIRECTION('',(-0.0018164232614333103,0.31986299741322316,0.9474620644080499));
#12326=DIRECTION('',(0.4525891782611722,-0.8446081397180487,0.28600721327073925));
#12327=AXIS2_PLACEMENT_3D('',#908,#12325,#12326);
#12328=PLANE('',#12327);
#12329=FACE_SURFACE('',(#12324),#12328,.T.);
#12330=POLY_LOOP('',(#908,#933,#931));
#12331=FACE_OUTER_BOUND('',#12330,.T.);
#12332=DIRECTION('',(-0.0009529255185113633,0.3202785908969206,0.9473229207329669));
#12333=DIRECTION('',(-0.7745072118965171,-0.5994796431394649,0.2018978360004474));
#12334=AXIS2_PLACEMENT_3D('',#908,#12332,#12333);
#12335=PLANE('',#12334);
#12336=FACE_SURFACE('',(#12331),#12335,.T.);
#12337=POLY_LOOP('',(#934,#933,#908));
#12338=FACE_OUTER_BOUND('',#12337,.T.);
#12339=DIRECTION('',(0.0004713102794470529,0.31862625065352057,0.9478803143124667));
#12340=DIRECTION('',(0.9997421379105107,-0.021670059749007507,0.006787208306501089));
#12341=AXIS2_PLACEMENT_3D('',#934,#12339,#12340);
#12342=PLANE('',#12341);
#12343=FACE_SURFACE('',(#12338),#12342,.T.);
#12344=POLY_LOOP('',(#908,#935,#934));
#12345=FACE_OUTER_BOUND('',#12344,.T.);
#12346=DIRECTION('',(0.001359514338950005,0.3160878054029031,0.9487289660363168));
#12347=DIRECTION('',(-0.9843182399843226,-0.16692986837758872,0.05702649803036075));
#12348=AXIS2_PLACEMENT_3D('',#908,#12346,#12347);
#12349=PLANE('',#12348);
#12350=FACE_SURFACE('',(#12345),#12349,.T.);
#12351=POLY_LOOP('',(#908,#936,#935));
#12352=FACE_OUTER_BOUND('',#12351,.T.);
#12353=DIRECTION('',(0.0011076380595226659,0.31742103058431204,0.9482840621252274));
#12354=DIRECTION('',(-0.9958857502376608,-0.08557489070504236,0.029807894162309733));
#12355=AXIS2_PLACEMENT_3D('',#908,#12353,#12354);
#12356=PLANE('',#12355);
#12357=FACE_SURFACE('',(#12352),#12356,.T.);
#12358=POLY_LOOP('',(#907,#936,#908));
#12359=FACE_OUTER_BOUND('',#12358,.T.);
#12360=DIRECTION('',(0.0006026944216716925,0.3226788256244502,0.9465083265629838));
#12361=DIRECTION('',(0.9809916113785488,-0.18386003805427625,0.062055981271737386));
#12362=AXIS2_PLACEMENT_3D('',#907,#12360,#12361);
#12363=PLANE('',#12362);
#12364=FACE_SURFACE('',(#12359),#12363,.T.);
#12365=POLY_LOOP('',(#908,#937,#905));
#12366=FACE_OUTER_BOUND('',#12365,.T.);
#12367=DIRECTION('',(0.00011925059408582296,0.34863762638723284,0.9372575906581777));
#12368=DIRECTION('',(0.9999168487772595,-0.012127518972121868,0.004383926885316754));
#12369=AXIS2_PLACEMENT_3D('',#908,#12367,#12368);
#12370=PLANE('',#12369);
#12371=FACE_SURFACE('',(#12366),#12370,.T.);
#12372=POLY_LOOP('',(#908,#938,#937));
#12373=FACE_OUTER_BOUND('',#12372,.T.);
#12374=DIRECTION('',(-0.00013186448495304117,0.33032271395868024,0.9438680454675482));
#12375=DIRECTION('',(0.9929906674344177,-0.11151507280097726,0.03916532811483341));
#12376=AXIS2_PLACEMENT_3D('',#908,#12374,#12375);
#12377=PLANE('',#12376);
#12378=FACE_SURFACE('',(#12373),#12377,.T.);
#12379=POLY_LOOP('',(#932,#938,#908));
#12380=FACE_OUTER_BOUND('',#12379,.T.);
#12381=DIRECTION('',(-0.001253679856990278,0.32141189482156235,0.9469386580734939));
#12382=DIRECTION('',(0.985688749541074,0.1600236471778056,-0.05301057792617664));
#12383=AXIS2_PLACEMENT_3D('',#932,#12381,#12382);
#12384=PLANE('',#12383);
#12385=FACE_SURFACE('',(#12380),#12384,.T.);
#12386=POLY_LOOP('',(#659,#658,#829));
#12387=FACE_OUTER_BOUND('',#12386,.T.);
#12388=DIRECTION('',(-0.0007490376558756673,0.5320277506574348,0.8467265860199386));
#12389=DIRECTION('',(-0.7731351212172224,0.5367208346417297,-0.3379242962586679));
#12390=AXIS2_PLACEMENT_3D('',#659,#12388,#12389);
#12391=PLANE('',#12390);
#12392=FACE_SURFACE('',(#12387),#12391,.T.);
#12393=POLY_LOOP('',(#860,#577,#575));
#12394=FACE_OUTER_BOUND('',#12393,.T.);
#12395=DIRECTION('',(-0.0006319960911845902,0.49151674760637387,0.8708678931981548));
#12396=DIRECTION('',(-0.9740794755160107,0.19669230786570852,-0.11171978967450127));
#12397=AXIS2_PLACEMENT_3D('',#860,#12395,#12396);
#12398=PLANE('',#12397);
#12399=FACE_SURFACE('',(#12394),#12398,.T.);
#12400=POLY_LOOP('',(#560,#577,#860));
#12401=FACE_OUTER_BOUND('',#12400,.T.);
#12402=DIRECTION('',(0.0036963611868555332,0.5076595021114234,0.8615498632290286));
#12403=DIRECTION('',(-0.8501127753793066,-0.4520925075342803,0.2700382079785361));
#12404=AXIS2_PLACEMENT_3D('',#560,#12402,#12403);
#12405=PLANE('',#12404);
#12406=FACE_SURFACE('',(#12401),#12405,.T.);
#12407=POLY_LOOP('',(#575,#939,#927));
#12408=FACE_OUTER_BOUND('',#12407,.T.);
#12409=DIRECTION('',(-0.01149146396643505,0.4505369555681236,0.8926838174422761));
#12410=DIRECTION('',(0.4172482944595554,-0.8091461439441623,0.4137467564959092));
#12411=AXIS2_PLACEMENT_3D('',#575,#12409,#12410);
#12412=PLANE('',#12411);
#12413=FACE_SURFACE('',(#12408),#12412,.T.);
#12414=POLY_LOOP('',(#846,#867,#844));
#12415=FACE_OUTER_BOUND('',#12414,.T.);
#12416=DIRECTION('',(-0.31275351027172654,-0.5189272591894399,0.7955499616509629));
#12417=DIRECTION('',(0.032109405180090755,0.8313121200815826,0.5548775947039536));
#12418=AXIS2_PLACEMENT_3D('',#846,#12416,#12417);
#12419=PLANE('',#12418);
#12420=FACE_SURFACE('',(#12415),#12419,.T.);
#12421=POLY_LOOP('',(#846,#871,#867));
#12422=FACE_OUTER_BOUND('',#12421,.T.);
#12423=DIRECTION('',(-0.27200251800221636,-0.5269421943489543,0.8051996982209836));
#12424=DIRECTION('',(0.803432288718888,0.3361769301764953,0.4914078032154526));
#12425=AXIS2_PLACEMENT_3D('',#846,#12423,#12424);
#12426=PLANE('',#12425);
#12427=FACE_SURFACE('',(#12422),#12426,.T.);
#12428=POLY_LOOP('',(#848,#871,#846));
#12429=FACE_OUTER_BOUND('',#12428,.T.);
#12430=DIRECTION('',(-0.266709650341819,-0.5346968708385451,0.8018511200528519));
#12431=DIRECTION('',(0.014292143372458486,0.82970253512782,0.5580227932981678));
#12432=AXIS2_PLACEMENT_3D('',#848,#12430,#12431);
#12433=PLANE('',#12432);
#12434=FACE_SURFACE('',(#12429),#12433,.T.);
#12435=POLY_LOOP('',(#848,#873,#871));
#12436=FACE_OUTER_BOUND('',#12435,.T.);
#12437=DIRECTION('',(-0.20925846559276778,-0.5432396173503866,0.813081553547223));
#12438=DIRECTION('',(0.7692893729732405,0.4218457429858694,0.47983333539379924));
#12439=AXIS2_PLACEMENT_3D('',#848,#12437,#12438);
#12440=PLANE('',#12439);
#12441=FACE_SURFACE('',(#12436),#12440,.T.);
#12442=POLY_LOOP('',(#850,#873,#848));
#12443=FACE_OUTER_BOUND('',#12442,.T.);
#12444=DIRECTION('',(-0.20474132261679062,-0.5486493122981617,0.8105954125998255));
#12445=DIRECTION('',(0.004563270854896373,0.8275945789191682,0.5613077493699062));
#12446=AXIS2_PLACEMENT_3D('',#850,#12444,#12445);
#12447=PLANE('',#12446);
#12448=FACE_SURFACE('',(#12443),#12447,.T.);
#12449=POLY_LOOP('',(#850,#875,#873));
#12450=FACE_OUTER_BOUND('',#12449,.T.);
#12451=DIRECTION('',(-0.1481318935778898,-0.5545613984874149,0.8188519997000137));
#12452=DIRECTION('',(0.7380809557129803,0.4891100936097654,0.4647664135271183));
#12453=AXIS2_PLACEMENT_3D('',#850,#12451,#12452);
#12454=PLANE('',#12453);
#12455=FACE_SURFACE('',(#12450),#12454,.T.);
#12456=POLY_LOOP('',(#852,#875,#850));
#12457=FACE_OUTER_BOUND('',#12456,.T.);
#12458=DIRECTION('',(-0.14441929874879147,-0.55834724056546,0.8169402824575636));
#12459=DIRECTION('',(0.0002649603530058847,0.8255734934226061,0.5642945478684032));
#12460=AXIS2_PLACEMENT_3D('',#852,#12458,#12459);
#12461=PLANE('',#12460);
#12462=FACE_SURFACE('',(#12457),#12461,.T.);
#12463=POLY_LOOP('',(#852,#877,#875));
#12464=FACE_OUTER_BOUND('',#12463,.T.);
#12465=DIRECTION('',(-0.08838659417832015,-0.5620667234807905,0.8223556458887635));
#12466=DIRECTION('',(0.7100804696531712,0.5434265281958882,0.44774248745243656));
#12467=AXIS2_PLACEMENT_3D('',#852,#12465,#12466);
#12468=PLANE('',#12467);
#12469=FACE_SURFACE('',(#12464),#12468,.T.);
#12470=POLY_LOOP('',(#879,#877,#852));
#12471=FACE_OUTER_BOUND('',#12470,.T.);
#12472=DIRECTION('',(-0.08571976354713484,-0.5644424162515436,0.8210096716077968));
#12473=DIRECTION('',(-0.0006711782173791205,0.8240752638185027,0.5664799282254099));
#12474=AXIS2_PLACEMENT_3D('',#879,#12472,#12473);
#12475=PLANE('',#12474);
#12476=FACE_SURFACE('',(#12471),#12475,.T.);
#12477=POLY_LOOP('',(#879,#856,#877));
#12478=FACE_OUTER_BOUND('',#12477,.T.);
#12479=DIRECTION('',(-0.029396665703389592,-0.5662514963275405,0.8237081272831684));
#12480=DIRECTION('',(0.6846130577064407,0.5890309012714331,0.4293571457018051));
#12481=AXIS2_PLACEMENT_3D('',#879,#12479,#12480);
#12482=PLANE('',#12481);
#12483=FACE_SURFACE('',(#12478),#12482,.T.);
#12484=POLY_LOOP('',(#880,#856,#879));
#12485=FACE_OUTER_BOUND('',#12484,.T.);
#12486=DIRECTION('',(-0.02831732929131712,-0.5671052663935968,0.8231583964769202));
#12487=DIRECTION('',(1.4255572894359108e-06,0.8234886056609342,0.5673328091557708));
#12488=AXIS2_PLACEMENT_3D('',#880,#12486,#12487);
#12489=PLANE('',#12488);
#12490=FACE_SURFACE('',(#12485),#12489,.T.);
#12491=POLY_LOOP('',(#880,#854,#856));
#12492=FACE_OUTER_BOUND('',#12491,.T.);
#12493=DIRECTION('',(0.029506067866592652,-0.5670858277663959,0.823130035842183));
#12494=DIRECTION('',(0.6602748507774128,0.6293090826684209,0.4098868135252656));
#12495=AXIS2_PLACEMENT_3D('',#880,#12493,#12494);
#12496=PLANE('',#12495);
#12497=FACE_SURFACE('',(#12492),#12496,.T.);
#12498=POLY_LOOP('',(#844,#867,#940));
#12499=FACE_OUTER_BOUND('',#12498,.T.);
#12500=DIRECTION('',(-0.32093642801001165,-0.5126021579829557,0.7963911330542245));
#12501=DIRECTION('',(0.5270025192527582,0.6020181711024523,0.5998687076050098));
#12502=AXIS2_PLACEMENT_3D('',#844,#12500,#12501);
#12503=PLANE('',#12502);
#12504=FACE_SURFACE('',(#12499),#12503,.T.);
#12505=POLY_LOOP('',(#891,#854,#880));
#12506=FACE_OUTER_BOUND('',#12505,.T.);
#12507=DIRECTION('',(0.02834107741299903,-0.5662602269279042,0.8237391205537279));
#12508=DIRECTION('',(0.0006714859962606481,0.8240807394958373,0.5664719621468929));
#12509=AXIS2_PLACEMENT_3D('',#891,#12507,#12508);
#12510=PLANE('',#12509);
#12511=FACE_SURFACE('',(#12506),#12510,.T.);
#12512=POLY_LOOP('',(#893,#824,#891));
#12513=FACE_OUTER_BOUND('',#12512,.T.);
#12514=DIRECTION('',(0.08546766548719889,-0.5622090678827529,0.8225668618091628));
#12515=DIRECTION('',(-0.00026812244001204517,0.8255747247831815,0.5642927448669982));
#12516=AXIS2_PLACEMENT_3D('',#893,#12514,#12515);
#12517=PLANE('',#12516);
#12518=FACE_SURFACE('',(#12513),#12517,.T.);
#12519=POLY_LOOP('',(#893,#822,#824));
#12520=FACE_OUTER_BOUND('',#12519,.T.);
#12521=DIRECTION('',(0.14897047476898234,-0.5579632099659835,0.8163852362528121));
#12522=DIRECTION('',(0.6065771824517991,0.7035830900656113,0.3701823295385163));
#12523=AXIS2_PLACEMENT_3D('',#893,#12521,#12522);
#12524=PLANE('',#12523);
#12525=FACE_SURFACE('',(#12520),#12524,.T.);
#12526=POLY_LOOP('',(#895,#822,#893));
#12527=FACE_OUTER_BOUND('',#12526,.T.);
#12528=DIRECTION('',(0.14363159168879852,-0.5549437339493326,0.8193945435620832));
#12529=DIRECTION('',(-0.004570353499546417,0.8275988821485499,0.5613013469922904));
#12530=AXIS2_PLACEMENT_3D('',#895,#12528,#12529);
#12531=PLANE('',#12530);
#12532=FACE_SURFACE('',(#12527),#12531,.T.);
#12533=POLY_LOOP('',(#895,#826,#822));
#12534=FACE_OUTER_BOUND('',#12533,.T.);
#12535=DIRECTION('',(0.2108587462108559,-0.5478892425437484,0.8095405901196205));
#12536=DIRECTION('',(0.5749985103373818,0.7392507873658292,0.35054954926342935));
#12537=AXIS2_PLACEMENT_3D('',#895,#12535,#12536);
#12538=PLANE('',#12537);
#12539=FACE_SURFACE('',(#12534),#12538,.T.);
#12540=POLY_LOOP('',(#896,#826,#895));
#12541=FACE_OUTER_BOUND('',#12540,.T.);
#12542=DIRECTION('',(0.20310621141538313,-0.5440278908290884,0.8141139483417189));
#12543=DIRECTION('',(-0.014308697582344095,0.8297061193638953,0.558017039760976));
#12544=AXIS2_PLACEMENT_3D('',#896,#12542,#12543);
#12545=PLANE('',#12544);
#12546=FACE_SURFACE('',(#12541),#12545,.T.);
#12547=POLY_LOOP('',(#896,#828,#826));
#12548=FACE_OUTER_BOUND('',#12547,.T.);
#12549=DIRECTION('',(0.274933575546662,-0.5332986164147707,0.8000025717253785));
#12550=DIRECTION('',(0.538761373056527,0.7746152739503014,0.3312210142263702));
#12551=AXIS2_PLACEMENT_3D('',#896,#12549,#12550);
#12552=PLANE('',#12551);
#12553=FACE_SURFACE('',(#12548),#12552,.T.);
#12554=POLY_LOOP('',(#897,#828,#896));
#12555=FACE_OUTER_BOUND('',#12554,.T.);
#12556=DIRECTION('',(0.2636554750766374,-0.5284425994807269,0.8069908360794221));
#12557=DIRECTION('',(-0.032139260365316016,0.8313151759746504,0.5548712879014432));
#12558=AXIS2_PLACEMENT_3D('',#897,#12556,#12557);
#12559=PLANE('',#12558);
#12560=FACE_SURFACE('',(#12555),#12559,.T.);
#12561=POLY_LOOP('',(#897,#941,#828));
#12562=FACE_OUTER_BOUND('',#12561,.T.);
#12563=DIRECTION('',(0.3232796720221946,-0.5166700491131891,0.7928066056779529));
#12564=DIRECTION('',(0.3198471455226125,0.8481455287452787,0.4223114556466925));
#12565=AXIS2_PLACEMENT_3D('',#897,#12563,#12564);
#12566=PLANE('',#12565);
#12567=FACE_SURFACE('',(#12562),#12566,.T.);
#12568=POLY_LOOP('',(#899,#941,#897));
#12569=FACE_OUTER_BOUND('',#12568,.T.);
#12570=DIRECTION('',(0.31038890771969807,-0.5149264138966884,0.7990679033949927));
#12571=DIRECTION('',(-0.0451616380141966,0.8316479173098174,0.5534637911246931));
#12572=AXIS2_PLACEMENT_3D('',#899,#12570,#12571);
#12573=PLANE('',#12572);
#12574=FACE_SURFACE('',(#12569),#12573,.T.);
#12575=POLY_LOOP('',(#899,#942,#941));
#12576=FACE_OUTER_BOUND('',#12575,.T.);
#12577=DIRECTION('',(0.3577151687977013,-0.5038290634551705,0.7862544962223859));
#12578=DIRECTION('',(0.32059186598613737,0.8570521543037034,0.4033391380301539));
#12579=AXIS2_PLACEMENT_3D('',#899,#12577,#12578);
#12580=PLANE('',#12579);
#12581=FACE_SURFACE('',(#12576),#12580,.T.);
#12582=POLY_LOOP('',(#900,#942,#899));
#12583=FACE_OUTER_BOUND('',#12582,.T.);
#12584=DIRECTION('',(0.34173253848375446,-0.501789115237499,0.794623530969614));
#12585=DIRECTION('',(-0.06309344028589171,0.8313693102154991,0.5521270576821026));
#12586=AXIS2_PLACEMENT_3D('',#900,#12584,#12585);
#12587=PLANE('',#12586);
#12588=FACE_SURFACE('',(#12583),#12587,.T.);
#12589=POLY_LOOP('',(#900,#904,#942));
#12590=FACE_OUTER_BOUND('',#12589,.T.);
#12591=DIRECTION('',(0.3940634597696813,-0.4875241507415583,0.7791239902082794));
#12592=DIRECTION('',(0.28072363318170496,0.8710533214841412,0.40306370824561827));
#12593=AXIS2_PLACEMENT_3D('',#900,#12591,#12592);
#12594=PLANE('',#12593);
#12595=FACE_SURFACE('',(#12590),#12594,.T.);
#12596=POLY_LOOP('',(#891,#824,#854));
#12597=FACE_OUTER_BOUND('',#12596,.T.);
#12598=DIRECTION('',(0.08873946772628752,-0.5642863883882347,0.8207960640423522));
#12599=DIRECTION('',(0.634670949617612,0.66713527558796,0.3900298831854495));
#12600=AXIS2_PLACEMENT_3D('',#891,#12598,#12599);
#12601=PLANE('',#12600);
#12602=FACE_SURFACE('',(#12597),#12601,.T.);
#12603=POLY_LOOP('',(#844,#940,#842));
#12604=FACE_OUTER_BOUND('',#12603,.T.);
#12605=DIRECTION('',(-0.34516950878620717,-0.5069377185569633,0.7898557841204616));
#12606=DIRECTION('',(0.04512888583874066,0.8316407579342538,0.5534772203130801));
#12607=AXIS2_PLACEMENT_3D('',#844,#12605,#12606);
#12608=PLANE('',#12607);
#12609=FACE_SURFACE('',(#12604),#12608,.T.);
#12610=POLY_LOOP('',(#842,#940,#943));
#12611=FACE_OUTER_BOUND('',#12610,.T.);
#12612=DIRECTION('',(-0.35426860442520197,-0.49856904907775396,0.7911527407652229));
#12613=DIRECTION('',(0.5846767806175381,0.5421815407465408,0.6034834207171048));
#12614=AXIS2_PLACEMENT_3D('',#842,#12612,#12613);
#12615=PLANE('',#12614);
#12616=FACE_SURFACE('',(#12611),#12615,.T.);
#12617=POLY_LOOP('',(#842,#943,#841));
#12618=FACE_OUTER_BOUND('',#12617,.T.);
#12619=DIRECTION('',(-0.37917971657473126,-0.49180263939154123,0.7838066766912747));
#12620=DIRECTION('',(0.06300229057655322,0.8313754229413239,0.5521282618298419));
#12621=AXIS2_PLACEMENT_3D('',#842,#12619,#12620);
#12622=PLANE('',#12621);
#12623=FACE_SURFACE('',(#12618),#12622,.T.);
#12624=POLY_LOOP('',(#575,#944,#939));
#12625=FACE_OUTER_BOUND('',#12624,.T.);
#12626=DIRECTION('',(-0.01647436122131648,0.44846162302032444,0.8936502493147562));
#12627=DIRECTION('',(-0.134082197021734,-0.8866896615023616,0.44249678939699905));
#12628=AXIS2_PLACEMENT_3D('',#575,#12626,#12627);
#12629=PLANE('',#12628);
#12630=FACE_SURFACE('',(#12625),#12629,.T.);
#12631=POLY_LOOP('',(#572,#944,#575));
#12632=FACE_OUTER_BOUND('',#12631,.T.);
#12633=DIRECTION('',(0.011161751282745689,0.44514921742512187,0.8953868379276656));
#12634=DIRECTION('',(0.681806418739168,-0.6583981305918495,0.318828965119589));
#12635=AXIS2_PLACEMENT_3D('',#572,#12633,#12634);
#12636=PLANE('',#12635);
#12637=FACE_SURFACE('',(#12632),#12636,.T.);
#12638=POLY_LOOP('',(#572,#923,#944));
#12639=FACE_OUTER_BOUND('',#12638,.T.);
#12640=DIRECTION('',(0.0031855481584539833,0.43850501478193565,0.8987230965620193));
#12641=DIRECTION('',(0.6319626121172413,-0.697393357396135,0.3380321906944666));
#12642=AXIS2_PLACEMENT_3D('',#572,#12640,#12641);
#12643=PLANE('',#12642);
#12644=FACE_SURFACE('',(#12639),#12643,.T.);
#12645=POLY_LOOP('',(#581,#578,#905));
#12646=FACE_OUTER_BOUND('',#12645,.T.);
#12647=DIRECTION('',(0.00883235939884969,0.39659232053056065,0.9179523520987539));
#12648=DIRECTION('',(-0.9764597603635075,-0.1944307107410703,0.09339719006246315));
#12649=AXIS2_PLACEMENT_3D('',#581,#12647,#12648);
#12650=PLANE('',#12649);
#12651=FACE_SURFACE('',(#12646),#12650,.T.);
#12652=POLY_LOOP('',(#860,#558,#560));
#12653=FACE_OUTER_BOUND('',#12652,.T.);
#12654=DIRECTION('',(0.013659352820880842,0.5131144666302744,0.858211492707505));
#12655=DIRECTION('',(-0.2679857187441571,0.8287703781032517,-0.49124669457185227));
#12656=AXIS2_PLACEMENT_3D('',#860,#12654,#12655);
#12657=PLANE('',#12656);
#12658=FACE_SURFACE('',(#12653),#12657,.T.);
#12659=POLY_LOOP('',(#860,#562,#558));
#12660=FACE_OUTER_BOUND('',#12659,.T.);
#12661=DIRECTION('',(0.028513615875874917,0.5164967242422096,0.8558142950177625));
#12662=DIRECTION('',(0.10784790033487428,0.8495750950058166,-0.5163244990693516));
#12663=AXIS2_PLACEMENT_3D('',#860,#12661,#12662);
#12664=PLANE('',#12663);
#12665=FACE_SURFACE('',(#12660),#12664,.T.);
#12666=POLY_LOOP('',(#945,#562,#860));
#12667=FACE_OUTER_BOUND('',#12666,.T.);
#12668=DIRECTION('',(-0.01843161202704279,0.5209730822849811,0.8533740816386276));
#12669=DIRECTION('',(-0.6733784200930165,0.6244477407173219,-0.3957606883788045));
#12670=AXIS2_PLACEMENT_3D('',#945,#12668,#12669);
#12671=PLANE('',#12670);
#12672=FACE_SURFACE('',(#12667),#12671,.T.);
#12673=POLY_LOOP('',(#946,#562,#945));
#12674=FACE_OUTER_BOUND('',#12673,.T.);
#12675=DIRECTION('',(-0.007939158375554659,0.5291808347301535,0.8484719287746567));
#12676=DIRECTION('',(-0.8026056509957195,0.5027368937154162,-0.3210604066014863));
#12677=AXIS2_PLACEMENT_3D('',#946,#12675,#12676);
#12678=PLANE('',#12677);
#12679=FACE_SURFACE('',(#12674),#12678,.T.);
#12680=POLY_LOOP('',(#946,#563,#562));
#12681=FACE_OUTER_BOUND('',#12680,.T.);
#12682=DIRECTION('',(0.013735990241553293,0.5536650945560779,0.8326261379768792));
#12683=DIRECTION('',(-0.3134946135649805,0.7931045242249704,-0.522212926802494));
#12684=AXIS2_PLACEMENT_3D('',#946,#12682,#12683);
#12685=PLANE('',#12684);
#12686=FACE_SURFACE('',(#12681),#12685,.T.);
#12687=POLY_LOOP('',(#947,#563,#946));
#12688=FACE_OUTER_BOUND('',#12687,.T.);
#12689=DIRECTION('',(-0.007571995817124204,0.5478298399213827,0.8365555160125702));
#12690=DIRECTION('',(-0.945531808798182,0.26834316543632747,-0.1842865814823479));
#12691=AXIS2_PLACEMENT_3D('',#947,#12689,#12690);
#12692=PLANE('',#12691);
#12693=FACE_SURFACE('',(#12688),#12692,.T.);
#12694=POLY_LOOP('',(#948,#563,#947));
#12695=FACE_OUTER_BOUND('',#12694,.T.);
#12696=DIRECTION('',(-0.0003502276032752973,0.5652740328914491,0.8249031125406564));
#12697=DIRECTION('',(-0.9993420161300557,0.029720249371544886,-0.02079042025569882));
#12698=AXIS2_PLACEMENT_3D('',#948,#12696,#12697);
#12699=PLANE('',#12698);
#12700=FACE_SURFACE('',(#12695),#12699,.T.);
#12701=POLY_LOOP('',(#948,#565,#563));
#12702=FACE_OUTER_BOUND('',#12701,.T.);
#12703=DIRECTION('',(0.0006533073078400992,0.5878644678374617,0.80895917118464));
#12704=DIRECTION('',(-0.8192725802270209,0.4641751743395841,-0.33665092724508605));
#12705=AXIS2_PLACEMENT_3D('',#948,#12703,#12704);
#12706=PLANE('',#12705);
#12707=FACE_SURFACE('',(#12702),#12706,.T.);
#12708=POLY_LOOP('',(#949,#565,#948));
#12709=FACE_OUTER_BOUND('',#12708,.T.);
#12710=DIRECTION('',(0.00025052884507520873,0.58739893359172,0.8092974916868382));
#12711=DIRECTION('',(-0.999911762067483,-0.010601753375639168,0.008004430302234807));
#12712=AXIS2_PLACEMENT_3D('',#949,#12710,#12711);
#12713=PLANE('',#12712);
#12714=FACE_SURFACE('',(#12709),#12713,.T.);
#12715=POLY_LOOP('',(#949,#566,#565));
#12716=FACE_OUTER_BOUND('',#12715,.T.);
#12717=DIRECTION('',(-0.0002655835497082467,0.6183896498311892,0.7858715992113706));
#12718=DIRECTION('',(-0.8586147730774502,0.4027135382256878,-0.3171789362219792));
#12719=AXIS2_PLACEMENT_3D('',#949,#12717,#12718);
#12720=PLANE('',#12719);
#12721=FACE_SURFACE('',(#12716),#12720,.T.);
#12722=POLY_LOOP('',(#507,#566,#949));
#12723=FACE_OUTER_BOUND('',#12722,.T.);
#12724=DIRECTION('',(-0.004722321265334068,0.6124991504429035,0.7904571401338522));
#12725=DIRECTION('',(-0.9579247823962309,0.22408006862502994,-0.1793550504338686));
#12726=AXIS2_PLACEMENT_3D('',#507,#12724,#12725);
#12727=PLANE('',#12726);
#12728=FACE_SURFACE('',(#12723),#12727,.T.);
#12729=POLY_LOOP('',(#507,#568,#566));
#12730=FACE_OUTER_BOUND('',#12729,.T.);
#12731=DIRECTION('',(0.009204475412082623,0.648550363482162,0.7611160907900608));
#12732=DIRECTION('',(-0.696801835402393,0.5500821922195744,-0.4603007538368405));
#12733=AXIS2_PLACEMENT_3D('',#507,#12731,#12732);
#12734=PLANE('',#12733);
#12735=FACE_SURFACE('',(#12730),#12734,.T.);
#12736=POLY_LOOP('',(#509,#568,#507));
#12737=FACE_OUTER_BOUND('',#12736,.T.);
#12738=DIRECTION('',(-0.006861077663505413,0.6366043776766548,0.7711600300431903));
#12739=DIRECTION('',(-0.9782792147760992,0.15550175518063283,-0.1370729078731505));
#12740=AXIS2_PLACEMENT_3D('',#509,#12738,#12739);
#12741=PLANE('',#12740);
#12742=FACE_SURFACE('',(#12737),#12741,.T.);
#12743=POLY_LOOP('',(#509,#355,#568));
#12744=FACE_OUTER_BOUND('',#12743,.T.);
#12745=DIRECTION('',(0.006189904056329506,0.6828756634561226,0.730508393755427));
#12746=DIRECTION('',(-0.7334809080187475,0.49963282957160227,-0.4608392270480757));
#12747=AXIS2_PLACEMENT_3D('',#509,#12745,#12746);
#12748=PLANE('',#12747);
#12749=FACE_SURFACE('',(#12744),#12748,.T.);
#12750=POLY_LOOP('',(#353,#355,#509));
#12751=FACE_OUTER_BOUND('',#12750,.T.);
#12752=DIRECTION('',(0.002135514737450978,0.6796844180562347,0.7335015551642435));
#12753=DIRECTION('',(-0.9976006250604974,-0.049309439064069406,0.048596009075763724));
#12754=AXIS2_PLACEMENT_3D('',#353,#12752,#12753);
#12755=PLANE('',#12754);
#12756=FACE_SURFACE('',(#12751),#12755,.T.);
#12757=POLY_LOOP('',(#833,#914,#831));
#12758=FACE_OUTER_BOUND('',#12757,.T.);
#12759=DIRECTION('',(-0.5309737642239214,-0.3939627195794131,0.7502401197533175));
#12760=DIRECTION('',(0.4034201861649965,0.6610636717094491,0.6326507530546542));
#12761=AXIS2_PLACEMENT_3D('',#833,#12759,#12760);
#12762=PLANE('',#12761);
#12763=FACE_SURFACE('',(#12758),#12762,.T.);
#12764=POLY_LOOP('',(#833,#950,#914));
#12765=FACE_OUTER_BOUND('',#12764,.T.);
#12766=DIRECTION('',(-0.5140439597702103,-0.40825475915454257,0.7543784587668373));
#12767=DIRECTION('',(0.718105504395569,0.276176882026835,0.6387885521756954));
#12768=AXIS2_PLACEMENT_3D('',#833,#12766,#12767);
#12769=PLANE('',#12768);
#12770=FACE_SURFACE('',(#12765),#12769,.T.);
#12771=POLY_LOOP('',(#835,#950,#833));
#12772=FACE_OUTER_BOUND('',#12771,.T.);
#12773=DIRECTION('',(-0.5091089827609082,-0.41733309926012824,0.7527556894066554));
#12774=DIRECTION('',(0.13829708042069394,0.823555177267003,0.5501188849183668));
#12775=AXIS2_PLACEMENT_3D('',#835,#12773,#12774);
#12776=PLANE('',#12775);
#12777=FACE_SURFACE('',(#12772),#12776,.T.);
#12778=POLY_LOOP('',(#835,#951,#950));
#12779=FACE_OUTER_BOUND('',#12778,.T.);
#12780=DIRECTION('',(-0.4739179918695708,-0.43270492523512144,0.766921237585439));
#12781=DIRECTION('',(0.6678069889895845,0.39107577298899865,0.6333194811765404));
#12782=AXIS2_PLACEMENT_3D('',#835,#12780,#12781);
#12783=PLANE('',#12782);
#12784=FACE_SURFACE('',(#12779),#12783,.T.);
#12785=POLY_LOOP('',(#837,#951,#835));
#12786=FACE_OUTER_BOUND('',#12785,.T.);
#12787=DIRECTION('',(-0.4632687783833996,-0.44758901738027473,0.764883069818984));
#12788=DIRECTION('',(0.10889086681931254,0.8277980082912091,0.55035737170719));
#12789=AXIS2_PLACEMENT_3D('',#837,#12787,#12788);
#12790=PLANE('',#12789);
#12791=FACE_SURFACE('',(#12786),#12790,.T.);
#12792=POLY_LOOP('',(#837,#952,#951));
#12793=FACE_OUTER_BOUND('',#12792,.T.);
#12794=DIRECTION('',(-0.4297472775393112,-0.46003544327289264,0.7769714720504631));
#12795=DIRECTION('',(0.6215637489559703,0.4734409714390353,0.6241090870566315));
#12796=AXIS2_PLACEMENT_3D('',#837,#12794,#12795);
#12797=PLANE('',#12796);
#12798=FACE_SURFACE('',(#12793),#12797,.T.);
#12799=POLY_LOOP('',(#841,#952,#837));
#12800=FACE_OUTER_BOUND('',#12799,.T.);
#12801=DIRECTION('',(-0.41880548511812093,-0.4724525425238139,0.7754937528425094));
#12802=DIRECTION('',(0.08383854290093858,0.8302317291743148,0.5510774669649221));
#12803=AXIS2_PLACEMENT_3D('',#841,#12801,#12802);
#12804=PLANE('',#12803);
#12805=FACE_SURFACE('',(#12800),#12804,.T.);
#12806=POLY_LOOP('',(#841,#943,#952));
#12807=FACE_OUTER_BOUND('',#12806,.T.);
#12808=DIRECTION('',(-0.38960732215608196,-0.4816916198174666,0.7849709025944797));
#12809=DIRECTION('',(0.5831925287162906,0.5306304542052221,0.6150754388849048));
#12810=AXIS2_PLACEMENT_3D('',#841,#12808,#12809);
#12811=PLANE('',#12810);
#12812=FACE_SURFACE('',(#12807),#12811,.T.);
#12813=POLY_LOOP('',(#901,#903,#904));
#12814=FACE_OUTER_BOUND('',#12813,.T.);
#12815=DIRECTION('',(0.4357736801358277,-0.4667603936049008,0.769568732903485));
#12816=DIRECTION('',(0.2562648603146858,0.8839773979794426,0.3910399995261208));
#12817=AXIS2_PLACEMENT_3D('',#901,#12815,#12816);
#12818=PLANE('',#12817);
#12819=FACE_SURFACE('',(#12814),#12818,.T.);
#12820=POLY_LOOP('',(#820,#699,#690));
#12821=FACE_OUTER_BOUND('',#12820,.T.);
#12822=DIRECTION('',(0.09928319358056899,0.6976023565771019,-0.7095729698702716));
#12823=DIRECTION('',(0.2083121116418461,-0.7118664728428111,-0.6707102123761425));
#12824=AXIS2_PLACEMENT_3D('',#820,#12822,#12823);
#12825=PLANE('',#12824);
#12826=FACE_SURFACE('',(#12821),#12825,.T.);
#12827=POLY_LOOP('',(#863,#902,#47));
#12828=FACE_OUTER_BOUND('',#12827,.T.);
#12829=DIRECTION('',(0.6311804720267624,-0.5262324442219947,0.5698163093315411));
#12830=DIRECTION('',(-0.6132136566212031,-0.7884051182347872,-0.04885059748298418));
#12831=AXIS2_PLACEMENT_3D('',#863,#12829,#12830);
#12832=PLANE('',#12831);
#12833=FACE_SURFACE('',(#12828),#12832,.T.);
#12834=POLY_LOOP('',(#511,#953,#864));
#12835=FACE_OUTER_BOUND('',#12834,.T.);
#12836=DIRECTION('',(0.6814665990273661,-0.4117203922789116,0.6050533802829087));
#12837=DIRECTION('',(0.0893584000505894,0.8673701863226234,0.4895753631659343));
#12838=AXIS2_PLACEMENT_3D('',#511,#12836,#12837);
#12839=PLANE('',#12838);
#12840=FACE_SURFACE('',(#12835),#12839,.T.);
#12841=POLY_LOOP('',(#801,#681,#799));
#12842=FACE_OUTER_BOUND('',#12841,.T.);
#12843=DIRECTION('',(-7.591149470851687e-07,0.9999541055486555,-0.009580542563557459));
#12844=DIRECTION('',(-0.9992393870284101,-0.0003743563525361187,-0.03899368241662336));
#12845=AXIS2_PLACEMENT_3D('',#801,#12843,#12844);
#12846=PLANE('',#12845);
#12847=FACE_SURFACE('',(#12842),#12846,.T.);
#12848=POLY_LOOP('',(#801,#683,#681));
#12849=FACE_OUTER_BOUND('',#12848,.T.);
#12850=DIRECTION('',(-5.232312459813342e-07,0.9999540476219064,-0.009586586686221648));
#12851=DIRECTION('',(-0.9084283866117077,-0.004008056865359608,-0.4180212935703323));
#12852=AXIS2_PLACEMENT_3D('',#801,#12850,#12851);
#12853=PLANE('',#12852);
#12854=FACE_SURFACE('',(#12849),#12853,.T.);
#12855=POLY_LOOP('',(#806,#683,#801));
#12856=FACE_OUTER_BOUND('',#12855,.T.);
#12857=DIRECTION('',(2.8368942519110186e-06,0.9999539775923634,-0.009593888114999125));
#12858=DIRECTION('',(-0.9954753169638376,-0.0009087920107554829,-0.0950161429064992));
#12859=AXIS2_PLACEMENT_3D('',#806,#12857,#12858);
#12860=PLANE('',#12859);
#12861=FACE_SURFACE('',(#12856),#12860,.T.);
#12862=POLY_LOOP('',(#806,#684,#683));
#12863=FACE_OUTER_BOUND('',#12862,.T.);
#12864=DIRECTION('',(3.574211637445313e-06,0.9999539034526344,-0.009601612211747573));
#12865=DIRECTION('',(-0.9838567744056397,-0.001714765793853598,-0.17894945385332253));
#12866=AXIS2_PLACEMENT_3D('',#806,#12864,#12865);
#12867=PLANE('',#12866);
#12868=FACE_SURFACE('',(#12863),#12867,.T.);
#12869=POLY_LOOP('',(#685,#684,#806));
#12870=FACE_OUTER_BOUND('',#12869,.T.);
#12871=DIRECTION('',(1.3121287890639318e-06,0.9999540227890563,-0.009589176516344689));
#12872=DIRECTION('',(-0.33062168830916605,0.009050347346269583,0.9437199745859512));
#12873=AXIS2_PLACEMENT_3D('',#685,#12871,#12872);
#12874=PLANE('',#12873);
#12875=FACE_SURFACE('',(#12870),#12874,.T.);
#12876=POLY_LOOP('',(#779,#764,#778));
#12877=FACE_OUTER_BOUND('',#12876,.T.);
#12878=DIRECTION('',(-3.126891104239336e-06,0.9999540620617037,-0.009585079891222033));
#12879=DIRECTION('',(0.9999999999951112,3.126800597422504e-06,-2.4428129667363313e-08));
#12880=AXIS2_PLACEMENT_3D('',#779,#12878,#12879);
#12881=PLANE('',#12880);
#12882=FACE_SURFACE('',(#12877),#12881,.T.);
#12883=POLY_LOOP('',(#584,#764,#779));
#12884=FACE_OUTER_BOUND('',#12883,.T.);
#12885=DIRECTION('',(-3.1268911390613563e-06,0.9999541223571646,-0.009578787560802387));
#12886=DIRECTION('',(-0.8687423565172623,-0.004746747768557596,-0.49524154346990695));
#12887=AXIS2_PLACEMENT_3D('',#584,#12885,#12886);
#12888=PLANE('',#12887);
#12889=FACE_SURFACE('',(#12884),#12888,.T.);
#12890=POLY_LOOP('',(#584,#762,#764));
#12891=FACE_OUTER_BOUND('',#12890,.T.);
#12892=DIRECTION('',(7.785320508339085e-07,0.9999540567188311,-0.00958563774334726));
#12893=DIRECTION('',(-0.6890615831849006,-0.006946201989578949,-0.7246695004321889));
#12894=AXIS2_PLACEMENT_3D('',#584,#12892,#12893);
#12895=PLANE('',#12894);
#12896=FACE_SURFACE('',(#12891),#12895,.T.);
#12897=POLY_LOOP('',(#720,#762,#584));
#12898=FACE_OUTER_BOUND('',#12897,.T.);
#12899=DIRECTION('',(3.89046614529987e-07,0.9999540602688427,-0.009585267429994609));
#12900=DIRECTION('',(-0.9863939008709882,0.001576193314648497,0.16439156894180984));
#12901=AXIS2_PLACEMENT_3D('',#720,#12899,#12900);
#12902=PLANE('',#12901);
#12903=FACE_SURFACE('',(#12898),#12902,.T.);
#12904=POLY_LOOP('',(#720,#775,#762));
#12905=FACE_OUTER_BOUND('',#12904,.T.);
#12906=DIRECTION('',(4.09408681473466e-07,0.9999540614398811,-0.009585145263310583));
#12907=DIRECTION('',(-0.3394347493932969,-0.009015932426980632,-0.9405863936219693));
#12908=AXIS2_PLACEMENT_3D('',#720,#12906,#12907);
#12909=PLANE('',#12908);
#12910=FACE_SURFACE('',(#12905),#12909,.T.);
#12911=POLY_LOOP('',(#723,#775,#720));
#12912=FACE_OUTER_BOUND('',#12911,.T.);
#12913=DIRECTION('',(7.904189970815182e-08,0.9999540625826561,-0.00958502605292932));
#12914=DIRECTION('',(-0.9964589590509851,0.0008059932508887739,0.08407671081760276));
#12915=AXIS2_PLACEMENT_3D('',#723,#12913,#12914);
#12916=PLANE('',#12915);
#12917=FACE_SURFACE('',(#12912),#12916,.T.);
#12918=POLY_LOOP('',(#819,#954,#955));
#12919=FACE_OUTER_BOUND('',#12918,.T.);
#12920=DIRECTION('',(-2.815342115131219e-06,0.9999540626795034,-0.009585015536227023));
#12921=DIRECTION('',(0.06355112190275371,-0.009565461326325226,-0.9979327416487125));
#12922=AXIS2_PLACEMENT_3D('',#819,#12920,#12921);
#12923=PLANE('',#12922);
#12924=FACE_SURFACE('',(#12919),#12923,.T.);
#12925=POLY_LOOP('',(#799,#681,#678));
#12926=FACE_OUTER_BOUND('',#12925,.T.);
#12927=DIRECTION('',(-1.5445215227312573e-07,0.9999540940936966,-0.009581738111157432));
#12928=DIRECTION('',(-0.8923692861781624,-0.004324433206636491,-0.45128522728238996));
#12929=AXIS2_PLACEMENT_3D('',#799,#12927,#12928);
#12930=PLANE('',#12929);
#12931=FACE_SURFACE('',(#12926),#12930,.T.);
#12932=POLY_LOOP('',(#819,#956,#954));
#12933=FACE_OUTER_BOUND('',#12932,.T.);
#12934=DIRECTION('',(-3.0123455427284566e-06,0.9999540625586837,-0.00958502808079303));
#12935=DIRECTION('',(0.5905504494770883,-0.00773334572911509,-0.8069636683186194));
#12936=AXIS2_PLACEMENT_3D('',#819,#12934,#12935);
#12937=PLANE('',#12936);
#12938=FACE_SURFACE('',(#12933),#12937,.T.);
#12939=POLY_LOOP('',(#770,#957,#956));
#12940=FACE_OUTER_BOUND('',#12939,.T.);
#12941=DIRECTION('',(-3.8698998466038183e-08,0.9999540899463264,-0.009582170923794552));
#12942=DIRECTION('',(0.597695461433929,-0.007682225881492119,-0.8016864217303349));
#12943=AXIS2_PLACEMENT_3D('',#770,#12941,#12942);
#12944=PLANE('',#12943);
#12945=FACE_SURFACE('',(#12940),#12944,.T.);
#12946=POLY_LOOP('',(#778,#957,#770));
#12947=FACE_OUTER_BOUND('',#12946,.T.);
#12948=DIRECTION('',(4.0490537409553774e-08,0.9999540905120259,-0.00958211188963971));
#12949=DIRECTION('',(0.1378297274451172,-0.009490665205601146,-0.9904104671833593));
#12950=AXIS2_PLACEMENT_3D('',#778,#12948,#12949);
#12951=PLANE('',#12950);
#12952=FACE_SURFACE('',(#12947),#12951,.T.);
#12953=POLY_LOOP('',(#778,#781,#957));
#12954=FACE_OUTER_BOUND('',#12953,.T.);
#12955=DIRECTION('',(-2.5009347295979186e-06,0.999954087120034,-0.009582465532670776));
#12956=DIRECTION('',(0.9999995825577419,1.125647701188523e-05,0.0009136507174646845));
#12957=AXIS2_PLACEMENT_3D('',#778,#12955,#12956);
#12958=PLANE('',#12957);
#12959=FACE_SURFACE('',(#12954),#12958,.T.);
#12960=POLY_LOOP('',(#764,#781,#778));
#12961=FACE_OUTER_BOUND('',#12960,.T.);
#12962=DIRECTION('',(-2.4983268686634414e-06,0.9999540597664305,-0.009585319524782634));
#12963=DIRECTION('',(1.4906627940442827e-08,-0.009585319524775307,-0.9999540597695514));
#12964=AXIS2_PLACEMENT_3D('',#764,#12962,#12963);
#12965=PLANE('',#12964);
#12966=FACE_SURFACE('',(#12961),#12965,.T.);
#12967=POLY_LOOP('',(#808,#675,#687));
#12968=FACE_OUTER_BOUND('',#12967,.T.);
#12969=DIRECTION('',(5.2398417217701175e-06,0.9999540311265924,-0.009588305701333434));
#12970=DIRECTION('',(-0.5348851581056812,-0.00809859440857622,-0.8448859570420529));
#12971=AXIS2_PLACEMENT_3D('',#808,#12969,#12970);
#12972=PLANE('',#12971);
#12973=FACE_SURFACE('',(#12968),#12972,.T.);
#12974=POLY_LOOP('',(#808,#958,#675));
#12975=FACE_OUTER_BOUND('',#12974,.T.);
#12976=DIRECTION('',(-5.408907619886605e-06,0.9999540957402374,-0.00958156475050088));
#12977=DIRECTION('',(-0.29493098150672864,-0.009156958122453296,-0.9554746811221223));
#12978=AXIS2_PLACEMENT_3D('',#808,#12976,#12977);
#12979=PLANE('',#12978);
#12980=FACE_SURFACE('',(#12975),#12979,.T.);
#12981=POLY_LOOP('',(#814,#958,#808));
#12982=FACE_OUTER_BOUND('',#12981,.T.);
#12983=DIRECTION('',(3.934060585314834e-06,0.9999540681115884,-0.009584448424807487));
#12984=DIRECTION('',(-0.43303650019612977,-0.008637491970808996,-0.9013350005576958));
#12985=AXIS2_PLACEMENT_3D('',#814,#12983,#12984);
#12986=PLANE('',#12985);
#12987=FACE_SURFACE('',(#12982),#12986,.T.);
#12988=POLY_LOOP('',(#814,#959,#958));
#12989=FACE_OUTER_BOUND('',#12988,.T.);
#12990=DIRECTION('',(3.463476949969198e-06,0.9999540702801206,-0.009584222358850107));
#12991=DIRECTION('',(-0.03652863878178985,-0.009577699401560802,-0.9992867087192358));
#12992=AXIS2_PLACEMENT_3D('',#814,#12990,#12991);
#12993=PLANE('',#12992);
#12994=FACE_SURFACE('',(#12989),#12993,.T.);
#12995=POLY_LOOP('',(#812,#959,#814));
#12996=FACE_OUTER_BOUND('',#12995,.T.);
#12997=DIRECTION('',(-4.664231358013033e-06,0.9999540731225967,-0.009583925280049864));
#12998=DIRECTION('',(-0.4493689204127016,-0.008563859847080694,-0.8933052298467992));
#12999=AXIS2_PLACEMENT_3D('',#812,#12997,#12998);
#13000=PLANE('',#12999);
#13001=FACE_SURFACE('',(#12996),#13000,.T.);
#13002=POLY_LOOP('',(#812,#955,#959));
#13003=FACE_OUTER_BOUND('',#13002,.T.);
#13004=DIRECTION('',(1.155002150161813e-06,0.999954045074677,-0.009586852322670217));
#13005=DIRECTION('',(0.08546098446047824,-0.009551877697391787,-0.9962957300759148));
#13006=AXIS2_PLACEMENT_3D('',#812,#13004,#13005);
#13007=PLANE('',#13006);
#13008=FACE_SURFACE('',(#13003),#13007,.T.);
#13009=POLY_LOOP('',(#819,#955,#812));
#13010=FACE_OUTER_BOUND('',#13009,.T.);
#13011=DIRECTION('',(5.951984334546928e-07,0.9999540446148334,-0.009586900337514524));
#13012=DIRECTION('',(-0.48370880678272427,-0.00839044523919235,-0.875188774305019));
#13013=AXIS2_PLACEMENT_3D('',#819,#13011,#13012);
#13014=PLANE('',#13013);
#13015=FACE_SURFACE('',(#13010),#13014,.T.);
#13016=POLY_LOOP('',(#647,#649,#797));
#13017=FACE_OUTER_BOUND('',#13016,.T.);
#13018=DIRECTION('',(5.782207969589479e-06,0.9999541571256735,-0.009575156064006695));
#13019=DIRECTION('',(0.41455760102824785,0.008711216008279165,0.9099813790102307));
#13020=AXIS2_PLACEMENT_3D('',#647,#13018,#13019);
#13021=PLANE('',#13020);
#13022=FACE_SURFACE('',(#13017),#13021,.T.);
#13023=POLY_LOOP('',(#770,#956,#819));
#13024=FACE_OUTER_BOUND('',#13023,.T.);
#13025=DIRECTION('',(7.317215081499472e-07,0.9999540888207336,-0.009582288357218033));
#13026=DIRECTION('',(-0.15069396471212712,-0.00947275278613195,-0.9885350757327699));
#13027=AXIS2_PLACEMENT_3D('',#770,#13025,#13026);
#13028=PLANE('',#13027);
#13029=FACE_SURFACE('',(#13024),#13028,.T.);
#13030=POLY_LOOP('',(#770,#819,#630));
#13031=FACE_OUTER_BOUND('',#13030,.T.);
#13032=DIRECTION('',(9.138972293603448e-07,0.9999540625449537,-0.009585029942968481));
#13033=DIRECTION('',(-0.997799748820767,-0.0006345735626495454,-0.06629674629729333));
#13034=AXIS2_PLACEMENT_3D('',#770,#13032,#13033);
#13035=PLANE('',#13034);
#13036=FACE_SURFACE('',(#13031),#13035,.T.);
#13037=POLY_LOOP('',(#799,#678,#797));
#13038=FACE_OUTER_BOUND('',#13037,.T.);
#13039=DIRECTION('',(-1.3368346564528252e-07,0.9999540897881963,-0.009582187424693689));
#13040=DIRECTION('',(-0.9989335168312159,-0.0004425597364768421,-0.04616961221516367));
#13041=AXIS2_PLACEMENT_3D('',#799,#13039,#13040);
#13042=PLANE('',#13041);
#13043=FACE_SURFACE('',(#13038),#13042,.T.);
#13044=POLY_LOOP('',(#797,#676,#647));
#13045=FACE_OUTER_BOUND('',#13044,.T.);
#13046=DIRECTION('',(1.2956087791192342e-06,0.9999539996941731,-0.00959158453785438));
#13047=DIRECTION('',(-0.9983878762766389,-0.000543120729359726,-0.05675696894387417));
#13048=AXIS2_PLACEMENT_3D('',#797,#13046,#13047);
#13049=PLANE('',#13048);
#13050=FACE_SURFACE('',(#13045),#13049,.T.);
#13051=POLY_LOOP('',(#738,#673,#669));
#13052=FACE_OUTER_BOUND('',#13051,.T.);
#13053=DIRECTION('',(1.0566585406742608e-06,0.9999540755323296,-0.009583674930179987));
#13054=DIRECTION('',(0.5348834097689265,-0.00809806011030524,-0.8448870690076968));
#13055=AXIS2_PLACEMENT_3D('',#738,#13053,#13054);
#13056=PLANE('',#13055);
#13057=FACE_SURFACE('',(#13052),#13056,.T.);
#13058=POLY_LOOP('',(#960,#673,#738));
#13059=FACE_OUTER_BOUND('',#13058,.T.);
#13060=DIRECTION('',(-1.630028289494136e-06,0.9999540592300368,-0.009585375668951434));
#13061=DIRECTION('',(-0.7986808115849195,-0.00576934860183661,-0.6017272437099428));
#13062=AXIS2_PLACEMENT_3D('',#960,#13060,#13061);
#13063=PLANE('',#13062);
#13064=FACE_SURFACE('',(#13059),#13063,.T.);
#13065=POLY_LOOP('',(#821,#723,#728));
#13066=FACE_OUTER_BOUND('',#13065,.T.);
#13067=DIRECTION('',(-3.712924723286432e-06,0.9999540785435018,-0.009583360080384745));
#13068=DIRECTION('',(0.22357981823227668,0.009341593393239159,0.9746408566811149));
#13069=AXIS2_PLACEMENT_3D('',#821,#13067,#13068);
#13070=PLANE('',#13069);
#13071=FACE_SURFACE('',(#13066),#13070,.T.);
#13072=POLY_LOOP('',(#961,#723,#821));
#13073=FACE_OUTER_BOUND('',#13072,.T.);
#13074=DIRECTION('',(-1.2233080570009983e-06,0.9999540730765728,-0.00958393113891166));
#13075=DIRECTION('',(0.6586387742501763,0.007212323586341342,0.7524247121424915));
#13076=AXIS2_PLACEMENT_3D('',#961,#13074,#13075);
#13077=PLANE('',#13076);
#13078=FACE_SURFACE('',(#13073),#13077,.T.);
#13079=POLY_LOOP('',(#961,#775,#723));
#13080=FACE_OUTER_BOUND('',#13079,.T.);
#13081=DIRECTION('',(7.550583301623598e-08,0.999954062180978,-0.009585067957774918));
#13082=DIRECTION('',(0.15237966198958863,0.00947312233428707,0.9882766305873971));
#13083=AXIS2_PLACEMENT_3D('',#961,#13081,#13082);
#13084=PLANE('',#13083);
#13085=FACE_SURFACE('',(#13080),#13084,.T.);
#13086=POLY_LOOP('',(#781,#775,#961));
#13087=FACE_OUTER_BOUND('',#13086,.T.);
#13088=DIRECTION('',(2.0819112241883252e-07,0.9999540619848729,-0.009585088414275857));
#13089=DIRECTION('',(0.9996490668577116,0.0002537050502075323,0.0264892197743524));
#13090=AXIS2_PLACEMENT_3D('',#781,#13088,#13089);
#13091=PLANE('',#13090);
#13092=FACE_SURFACE('',(#13087),#13091,.T.);
#13093=POLY_LOOP('',(#962,#782,#963));
#13094=FACE_OUTER_BOUND('',#13093,.T.);
#13095=DIRECTION('',(3.950891385108931e-06,0.9999541472135506,-0.009576192083050961));
#13096=DIRECTION('',(-0.8972074594813062,0.0042324800977671636,0.4415890179378585));
#13097=AXIS2_PLACEMENT_3D('',#962,#13095,#13096);
#13098=PLANE('',#13097);
#13099=FACE_SURFACE('',(#13094),#13098,.T.);
#13100=POLY_LOOP('',(#962,#760,#782));
#13101=FACE_OUTER_BOUND('',#13100,.T.);
#13102=DIRECTION('',(-2.5188347321911026e-06,0.9999540212585597,-0.009589335873307238));
#13103=DIRECTION('',(-0.9904580522202849,0.001319055204253251,0.13780822502799828));
#13104=AXIS2_PLACEMENT_3D('',#962,#13102,#13103);
#13105=PLANE('',#13104);
#13106=FACE_SURFACE('',(#13101),#13105,.T.);
#13107=POLY_LOOP('',(#964,#760,#962));
#13108=FACE_OUTER_BOUND('',#13107,.T.);
#13109=DIRECTION('',(-2.672731299987911e-06,0.9999540106513803,-0.009590441860292393));
#13110=DIRECTION('',(-0.8986161156050135,0.0042052682550130305,0.438715616879386));
#13111=AXIS2_PLACEMENT_3D('',#964,#13109,#13110);
#13112=PLANE('',#13111);
#13113=FACE_SURFACE('',(#13108),#13112,.T.);
#13114=POLY_LOOP('',(#964,#759,#760));
#13115=FACE_OUTER_BOUND('',#13114,.T.);
#13116=DIRECTION('',(4.366249745797734e-06,0.9999541488088254,-0.00957602532125726));
#13117=DIRECTION('',(-0.9577962094780617,0.0027567922514146704,0.28743489907445047));
#13118=AXIS2_PLACEMENT_3D('',#964,#13116,#13117);
#13119=PLANE('',#13118);
#13120=FACE_SURFACE('',(#13115),#13119,.T.);
#13121=POLY_LOOP('',(#965,#759,#964));
#13122=FACE_OUTER_BOUND('',#13121,.T.);
#13123=DIRECTION('',(5.001037804865851e-07,0.99995402537446,-0.009588906984826593));
#13124=DIRECTION('',(-0.8304864015761957,0.005341809515209355,0.5570132869762847));
#13125=AXIS2_PLACEMENT_3D('',#965,#13123,#13124);
#13126=PLANE('',#13125);
#13127=FACE_SURFACE('',(#13122),#13126,.T.);
#13128=POLY_LOOP('',(#759,#960,#738));
#13129=FACE_OUTER_BOUND('',#13128,.T.);
#13130=DIRECTION('',(-1.1870390967592605e-05,0.9999539376390139,-0.009598044557355186));
#13131=DIRECTION('',(0.6234326281276813,-0.0074970909426025556,-0.7818411295226227));
#13132=AXIS2_PLACEMENT_3D('',#759,#13130,#13131);
#13133=PLANE('',#13132);
#13134=FACE_SURFACE('',(#13129),#13133,.T.);
#13135=POLY_LOOP('',(#797,#678,#676));
#13136=FACE_OUTER_BOUND('',#13135,.T.);
#13137=DIRECTION('',(8.776291846614157e-07,0.9999540701865227,-0.009584232709849011));
#13138=DIRECTION('',(-0.8964127218564749,-0.004247139790891873,-0.4431999479890119));
#13139=AXIS2_PLACEMENT_3D('',#797,#13137,#13138);
#13140=PLANE('',#13139);
#13141=FACE_SURFACE('',(#13136),#13140,.T.);
#13142=POLY_LOOP('',(#630,#773,#770));
#13143=FACE_OUTER_BOUND('',#13142,.T.);
#13144=DIRECTION('',(2.629772849540683e-07,0.9999540597638553,-0.009585320115410939));
#13145=DIRECTION('',(0.9910982206524023,0.001275858966552685,0.13312659089580728));
#13146=AXIS2_PLACEMENT_3D('',#630,#13144,#13145);
#13147=PLANE('',#13146);
#13148=FACE_SURFACE('',(#13143),#13147,.T.);
#13149=POLY_LOOP('',(#627,#585,#630));
#13150=FACE_OUTER_BOUND('',#13149,.T.);
#13151=DIRECTION('',(1.0086320786780726e-05,0.9999540604311461,-0.009585245199260087));
#13152=DIRECTION('',(0.0,0.009585245199747659,0.9999540604820106));
#13153=AXIS2_PLACEMENT_3D('',#627,#13151,#13152);
#13154=PLANE('',#13153);
#13155=FACE_SURFACE('',(#13150),#13154,.T.);
#13156=POLY_LOOP('',(#627,#594,#585));
#13157=FACE_OUTER_BOUND('',#13156,.T.);
#13158=DIRECTION('',(2.449454404451998e-07,0.9999540604819808,-0.009585245199747372));
#13159=DIRECTION('',(-0.33263272063144333,0.009039508810405307,0.943013128458873));
#13160=AXIS2_PLACEMENT_3D('',#627,#13158,#13159);
#13161=PLANE('',#13160);
#13162=FACE_SURFACE('',(#13157),#13161,.T.);
#13163=POLY_LOOP('',(#798,#594,#627));
#13164=FACE_OUTER_BOUND('',#13163,.T.);
#13165=DIRECTION('',(3.670956259823394e-06,0.9999540720574943,-0.00958403684046963));
#13166=DIRECTION('',(-0.12708853460963976,0.00950679001691694,0.9918458173094993));
#13167=AXIS2_PLACEMENT_3D('',#798,#13165,#13166);
#13168=PLANE('',#13167);
#13169=FACE_SURFACE('',(#13164),#13168,.T.);
#13170=POLY_LOOP('',(#798,#966,#594));
#13171=FACE_OUTER_BOUND('',#13170,.T.);
#13172=DIRECTION('',(-4.667453552743935e-06,0.9999540618133821,-0.009585105170725137));
#13173=DIRECTION('',(-0.2577724110870189,0.009259979815324025,0.9661612892556836));
#13174=AXIS2_PLACEMENT_3D('',#798,#13172,#13173);
#13175=PLANE('',#13174);
#13176=FACE_SURFACE('',(#13171),#13175,.T.);
#13177=POLY_LOOP('',(#804,#966,#798));
#13178=FACE_OUTER_BOUND('',#13177,.T.);
#13179=DIRECTION('',(1.2597921714589822e-06,0.9999540769793496,-0.009583523923368335));
#13180=DIRECTION('',(0.05095555932551699,0.00957100998479591,0.9986550589376166));
#13181=AXIS2_PLACEMENT_3D('',#804,#13179,#13180);
#13182=PLANE('',#13181);
#13183=FACE_SURFACE('',(#13178),#13182,.T.);
#13184=POLY_LOOP('',(#804,#967,#966));
#13185=FACE_OUTER_BOUND('',#13184,.T.);
#13186=DIRECTION('',(2.533466488971509e-06,0.9999540763541448,-0.009583588905568971));
#13187=DIRECTION('',(-0.560136887884945,0.007940464690202565,0.8283620077303596));
#13188=AXIS2_PLACEMENT_3D('',#804,#13186,#13187);
#13189=PLANE('',#13188);
#13190=FACE_SURFACE('',(#13185),#13189,.T.);
#13191=POLY_LOOP('',(#796,#967,#804));
#13192=FACE_OUTER_BOUND('',#13191,.T.);
#13193=DIRECTION('',(3.833925635456228e-07,0.9999540624235128,-0.009585042648124015));
#13194=DIRECTION('',(-0.34252580504068186,0.009005359598102551,0.9394652608690444));
#13195=AXIS2_PLACEMENT_3D('',#796,#13193,#13194);
#13196=PLANE('',#13195);
#13197=FACE_SURFACE('',(#13192),#13196,.T.);
#13198=POLY_LOOP('',(#796,#688,#967));
#13199=FACE_OUTER_BOUND('',#13198,.T.);
#13200=DIRECTION('',(-5.800180345554913e-06,0.9999540407956488,-0.009587296950236331));
#13201=DIRECTION('',(-0.699082891316675,0.006851252287910239,0.7150078121324308));
#13202=AXIS2_PLACEMENT_3D('',#796,#13200,#13201);
#13203=PLANE('',#13202);
#13204=FACE_SURFACE('',(#13199),#13203,.T.);
#13205=POLY_LOOP('',(#797,#688,#796));
#13206=FACE_OUTER_BOUND('',#13205,.T.);
#13207=DIRECTION('',(-6.630511358191673e-06,0.9999540330071881,-0.009588108713177248));
#13208=DIRECTION('',(-0.33252158281187905,0.009040298891417537,0.9430523156009091));
#13209=AXIS2_PLACEMENT_3D('',#797,#13207,#13208);
#13210=PLANE('',#13209);
#13211=FACE_SURFACE('',(#13206),#13210,.T.);
#13212=POLY_LOOP('',(#797,#668,#688));
#13213=FACE_OUTER_BOUND('',#13212,.T.);
#13214=DIRECTION('',(-2.1786930993037296e-07,0.9999540547053298,-0.009585847814507114));
#13215=DIRECTION('',(-0.613686845192713,0.007568367913192477,0.7895132524818982));
#13216=AXIS2_PLACEMENT_3D('',#797,#13214,#13215);
#13217=PLANE('',#13216);
#13218=FACE_SURFACE('',(#13213),#13217,.T.);
#13219=POLY_LOOP('',(#649,#668,#797));
#13220=FACE_OUTER_BOUND('',#13219,.T.);
#13221=DIRECTION('',(-2.5715128125748933e-06,0.9999540371640465,-0.009587677128065082));
#13222=DIRECTION('',(0.6810590482128284,0.0070221216915128835,0.7321948256129551));
#13223=AXIS2_PLACEMENT_3D('',#649,#13221,#13222);
#13224=PLANE('',#13223);
#13225=FACE_SURFACE('',(#13220),#13224,.T.);
#13226=POLY_LOOP('',(#759,#965,#960));
#13227=FACE_OUTER_BOUND('',#13226,.T.);
#13228=DIRECTION('',(1.5464251945074274e-06,0.9999540403304377,-0.009587347101365365));
#13229=DIRECTION('',(0.8304864015761957,-0.005341809515209355,-0.5570132869762847));
#13230=AXIS2_PLACEMENT_3D('',#759,#13228,#13229);
#13231=PLANE('',#13230);
#13232=FACE_SURFACE('',(#13227),#13231,.T.);
#13233=POLY_LOOP('',(#630,#585,#773));
#13234=FACE_OUTER_BOUND('',#13233,.T.);
#13235=DIRECTION('',(3.9360023211055175e-07,0.9999540504424355,-0.009586292485219368));
#13236=DIRECTION('',(-0.10742830074451569,0.009530857305526299,0.9941671504119253));
#13237=AXIS2_PLACEMENT_3D('',#630,#13235,#13236);
#13238=PLANE('',#13237);
#13239=FACE_SURFACE('',(#13234),#13238,.T.);
#13240=POLY_LOOP('',(#961,#957,#781));
#13241=FACE_OUTER_BOUND('',#13240,.T.);
#13242=DIRECTION('',(1.0680395123106465e-06,0.9999540657972591,-0.009584690625701666));
#13243=DIRECTION('',(-0.999948080637913,-9.660002833514294e-05,-0.0101895386052784));
#13244=AXIS2_PLACEMENT_3D('',#961,#13242,#13243);
#13245=PLANE('',#13244);
#13246=FACE_SURFACE('',(#13241),#13245,.T.);
#13247=POLY_LOOP('',(#779,#585,#584));
#13248=FACE_OUTER_BOUND('',#13247,.T.);
#13249=DIRECTION('',(0.0,0.9999540398346856,-0.009587398932571852));
#13250=DIRECTION('',(-0.8966852586971308,0.004244041084813679,0.44264831971953766));
#13251=AXIS2_PLACEMENT_3D('',#779,#13249,#13250);
#13252=PLANE('',#13251);
#13253=FACE_SURFACE('',(#13248),#13252,.T.);
#13254=POLY_LOOP('',(#773,#585,#779));
#13255=FACE_OUTER_BOUND('',#13254,.T.);
#13256=DIRECTION('',(7.785322021031892e-07,0.9999540549526806,-0.009585821982752868));
#13257=DIRECTION('',(-0.7739913840613065,0.006070307919403118,0.6331670306961875));
#13258=AXIS2_PLACEMENT_3D('',#773,#13256,#13257);
#13259=PLANE('',#13258);
#13260=FACE_SURFACE('',(#13255),#13259,.T.);
#13261=POLY_LOOP('',(#963,#590,#589));
#13262=FACE_OUTER_BOUND('',#13261,.T.);
#13263=DIRECTION('',(0.7020401080053669,0.7066289078226513,-0.08840403486934079));
#13264=DIRECTION('',(0.705197316228476,-0.7071096837511046,-0.05189065744011759));
#13265=AXIS2_PLACEMENT_3D('',#963,#13263,#13264);
#13266=PLANE('',#13265);
#13267=FACE_SURFACE('',(#13262),#13266,.T.);
#13268=POLY_LOOP('',(#588,#590,#963));
#13269=FACE_OUTER_BOUND('',#13268,.T.);
#13270=DIRECTION('',(0.7062010103509359,0.7070282408980197,-0.037298787540200946));
#13271=DIRECTION('',(-0.04317562711760424,-0.009577584186966779,-0.999021588907939));
#13272=AXIS2_PLACEMENT_3D('',#588,#13270,#13271);
#13273=PLANE('',#13272);
#13274=FACE_SURFACE('',(#13269),#13273,.T.);
#13275=POLY_LOOP('',(#968,#588,#963));
#13276=FACE_OUTER_BOUND('',#13275,.T.);
#13277=DIRECTION('',(0.6896819199126463,0.7238852565844625,-0.018137933874975722));
#13278=DIRECTION('',(0.5094743866453648,-0.5028970922254674,-0.698233745950093));
#13279=AXIS2_PLACEMENT_3D('',#968,#13277,#13278);
#13280=PLANE('',#13279);
#13281=FACE_SURFACE('',(#13276),#13280,.T.);
#13282=POLY_LOOP('',(#968,#587,#588));
#13283=FACE_OUTER_BOUND('',#13282,.T.);
#13284=DIRECTION('',(0.7078595887257694,0.7063102819699054,0.0077838443315150965));
#13285=DIRECTION('',(0.705589832659091,-0.7075638617600525,0.038682936539478706));
#13286=AXIS2_PLACEMENT_3D('',#968,#13284,#13285);
#13287=PLANE('',#13286);
#13288=FACE_SURFACE('',(#13283),#13287,.T.);
#13289=POLY_LOOP('',(#969,#587,#968));
#13290=FACE_OUTER_BOUND('',#13289,.T.);
#13291=DIRECTION('',(0.7049076383241093,0.7064270935384325,0.06376506055175933));
#13292=DIRECTION('',(0.37466532321419627,-0.2945042992823382,-0.879143397452896));
#13293=AXIS2_PLACEMENT_3D('',#969,#13291,#13292);
#13294=PLANE('',#13293);
#13295=FACE_SURFACE('',(#13290),#13294,.T.);
#13296=POLY_LOOP('',(#969,#586,#587));
#13297=FACE_OUTER_BOUND('',#13296,.T.);
#13298=DIRECTION('',(0.6880228595995489,0.7239150095400576,0.05071098136575315));
#13299=DIRECTION('',(0.6603687872046032,-0.5955880141238415,-0.4573707274388471));
#13300=AXIS2_PLACEMENT_3D('',#969,#13298,#13299);
#13301=PLANE('',#13300);
#13302=FACE_SURFACE('',(#13297),#13301,.T.);
#13303=POLY_LOOP('',(#970,#586,#969));
#13304=FACE_OUTER_BOUND('',#13303,.T.);
#13305=DIRECTION('',(0.7155553602898579,0.6838345972003229,0.1426561251132381));
#13306=DIRECTION('',(0.4038790307954969,-0.2383649012545373,-0.883212263464228));
#13307=AXIS2_PLACEMENT_3D('',#970,#13305,#13306);
#13308=PLANE('',#13307);
#13309=FACE_SURFACE('',(#13304),#13308,.T.);
#13310=POLY_LOOP('',(#970,#569,#586));
#13311=FACE_OUTER_BOUND('',#13310,.T.);
#13312=DIRECTION('',(0.6953740450252945,0.7073212572031674,0.12708885322360364));
#13313=DIRECTION('',(0.6821290131136317,-0.7052916687117018,0.1930380053628973));
#13314=AXIS2_PLACEMENT_3D('',#970,#13312,#13313);
#13315=PLANE('',#13314);
#13316=FACE_SURFACE('',(#13311),#13315,.T.);
#13317=POLY_LOOP('',(#958,#674,#675));
#13318=FACE_OUTER_BOUND('',#13317,.T.);
#13319=DIRECTION('',(-0.37099569028626295,0.64995213429739,-0.6632679857427816));
#13320=DIRECTION('',(0.4453248685827494,-0.5022372594888113,-0.741244559240016));
#13321=AXIS2_PLACEMENT_3D('',#958,#13319,#13320);
#13322=PLANE('',#13321);
#13323=FACE_SURFACE('',(#13318),#13322,.T.);
#13324=POLY_LOOP('',(#959,#674,#958));
#13325=FACE_OUTER_BOUND('',#13324,.T.);
#13326=DIRECTION('',(-0.26582464640360187,0.716376990937699,-0.6450901210059321));
#13327=DIRECTION('',(-0.8686635666548554,-0.4681791125223644,-0.16196273202263844));
#13328=AXIS2_PLACEMENT_3D('',#959,#13326,#13327);
#13329=PLANE('',#13328);
#13330=FACE_SURFACE('',(#13325),#13329,.T.);
#13331=POLY_LOOP('',(#959,#698,#674));
#13332=FACE_OUTER_BOUND('',#13331,.T.);
#13333=DIRECTION('',(-0.25397128112010725,0.7015559083754821,-0.6658212190893764));
#13334=DIRECTION('',(-0.23326559899007604,-0.7125002458753541,-0.6617632204613377));
#13335=AXIS2_PLACEMENT_3D('',#959,#13333,#13334);
#13336=PLANE('',#13335);
#13337=FACE_SURFACE('',(#13332),#13336,.T.);
#13338=POLY_LOOP('',(#694,#698,#959));
#13339=FACE_OUTER_BOUND('',#13338,.T.);
#13340=DIRECTION('',(-0.21078768572398426,0.7014054273378935,-0.6808810307594667));
#13341=DIRECTION('',(-0.954429802395305,0.002862367868989367,0.2984217806223964));
#13342=AXIS2_PLACEMENT_3D('',#694,#13340,#13341);
#13343=PLANE('',#13342);
#13344=FACE_SURFACE('',(#13339),#13343,.T.);
#13345=POLY_LOOP('',(#963,#589,#962));
#13346=FACE_OUTER_BOUND('',#13345,.T.);
#13347=DIRECTION('',(0.6804392421592518,0.7239663107526254,-0.11346902055176115));
#13348=DIRECTION('',(0.4331825860636502,-0.5222687643568421,-0.7345666647135477));
#13349=AXIS2_PLACEMENT_3D('',#963,#13347,#13348);
#13350=PLANE('',#13349);
#13351=FACE_SURFACE('',(#13346),#13350,.T.);
#13352=POLY_LOOP('',(#959,#695,#694));
#13353=FACE_OUTER_BOUND('',#13352,.T.);
#13354=DIRECTION('',(-0.15720717245815374,0.7416537436392482,-0.6521009350350607));
#13355=DIRECTION('',(0.8461440043574264,-0.2393367036399098,-0.4761914175841069));
#13356=AXIS2_PLACEMENT_3D('',#959,#13354,#13355);
#13357=PLANE('',#13356);
#13358=FACE_SURFACE('',(#13353),#13357,.T.);
#13359=POLY_LOOP('',(#955,#696,#695));
#13360=FACE_OUTER_BOUND('',#13359,.T.);
#13361=DIRECTION('',(-0.12855936502472387,0.7001598000663463,-0.7023166978190777));
#13362=DIRECTION('',(0.7461685822666858,-0.39818878815224235,-0.5335523740252432));
#13363=AXIS2_PLACEMENT_3D('',#955,#13361,#13362);
#13364=PLANE('',#13363);
#13365=FACE_SURFACE('',(#13360),#13364,.T.);
#13366=POLY_LOOP('',(#954,#696,#955));
#13367=FACE_OUTER_BOUND('',#13366,.T.);
#13368=DIRECTION('',(-0.10998123190901408,0.7166862432980093,-0.6886689751216922));
#13369=DIRECTION('',(-0.8659266732721422,-0.4092259052741092,-0.2875850395420919));
#13370=AXIS2_PLACEMENT_3D('',#954,#13368,#13369);
#13371=PLANE('',#13370);
#13372=FACE_SURFACE('',(#13367),#13371,.T.);
#13373=POLY_LOOP('',(#954,#697,#696));
#13374=FACE_OUTER_BOUND('',#13373,.T.);
#13375=DIRECTION('',(-0.09586082968185441,0.7000986541645998,-0.7075822042488228));
#13376=DIRECTION('',(-0.08192656851713444,-0.7139932924423645,-0.6953428044628919));
#13377=AXIS2_PLACEMENT_3D('',#954,#13375,#13376);
#13378=PLANE('',#13377);
#13379=FACE_SURFACE('',(#13374),#13378,.T.);
#13380=POLY_LOOP('',(#691,#697,#954));
#13381=FACE_OUTER_BOUND('',#13380,.T.);
#13382=DIRECTION('',(-0.06521236457102556,0.7000334108476335,-0.7111262695218649));
#13383=DIRECTION('',(-0.9957416654763414,0.0008846262418360597,0.09218325808309293));
#13384=AXIS2_PLACEMENT_3D('',#691,#13382,#13383);
#13385=PLANE('',#13384);
#13386=FACE_SURFACE('',(#13381),#13385,.T.);
#13387=POLY_LOOP('',(#956,#691,#954));
#13388=FACE_OUTER_BOUND('',#13387,.T.);
#13389=DIRECTION('',(-0.05219351982488333,0.7159444868967523,-0.6962035105990456));
#13390=DIRECTION('',(-0.8735976139081792,-0.370506093648087,-0.3155193235660388));
#13391=AXIS2_PLACEMENT_3D('',#956,#13389,#13390);
#13392=PLANE('',#13391);
#13393=FACE_SURFACE('',(#13388),#13392,.T.);
#13394=POLY_LOOP('',(#956,#692,#691));
#13395=FACE_OUTER_BOUND('',#13394,.T.);
#13396=DIRECTION('',(-0.03964903499536843,0.7003841124372862,-0.7126640506363225));
#13397=DIRECTION('',(-0.029635928992264852,-0.7137353839168165,-0.6997881918537067));
#13398=AXIS2_PLACEMENT_3D('',#956,#13396,#13397);
#13399=PLANE('',#13398);
#13400=FACE_SURFACE('',(#13395),#13399,.T.);
#13401=POLY_LOOP('',(#957,#692,#956));
#13402=FACE_OUTER_BOUND('',#13401,.T.);
#13403=DIRECTION('',(-0.011653280708688317,0.7002948321180354,-0.7137586070636887));
#13404=DIRECTION('',(-0.983598939095032,-0.1365166780183495,-0.11788266892958355));
#13405=AXIS2_PLACEMENT_3D('',#957,#13403,#13404);
#13406=PLANE('',#13405);
#13407=FACE_SURFACE('',(#13402),#13406,.T.);
#13408=POLY_LOOP('',(#957,#693,#692));
#13409=FACE_OUTER_BOUND('',#13408,.T.);
#13410=DIRECTION('',(-0.014979181472279772,0.7131300090832223,-0.700871753081392));
#13411=DIRECTION('',(-0.8250042808893202,-0.40484564425504055,-0.39429423130704894));
#13412=AXIS2_PLACEMENT_3D('',#957,#13410,#13411);
#13413=PLANE('',#13412);
#13414=FACE_SURFACE('',(#13409),#13413,.T.);
#13415=POLY_LOOP('',(#961,#693,#957));
#13416=FACE_OUTER_BOUND('',#13415,.T.);
#13417=DIRECTION('',(0.007308554710079737,0.6900079735854581,-0.7237648661109072));
#13418=DIRECTION('',(-0.9906710047014747,-0.09349841440591283,-0.09914134832324427));
#13419=AXIS2_PLACEMENT_3D('',#961,#13417,#13418);
#13420=PLANE('',#13419);
#13421=FACE_SURFACE('',(#13416),#13420,.T.);
#13422=POLY_LOOP('',(#961,#689,#693));
#13423=FACE_OUTER_BOUND('',#13422,.T.);
#13424=DIRECTION('',(0.0030712935088251206,0.712004331580155,-0.7021683551451742));
#13425=DIRECTION('',(-0.6872583184442682,-0.5085616566633376,-0.5186916666970833));
#13426=AXIS2_PLACEMENT_3D('',#961,#13424,#13425);
#13427=PLANE('',#13426);
#13428=FACE_SURFACE('',(#13423),#13427,.T.);
#13429=POLY_LOOP('',(#821,#689,#961));
#13430=FACE_OUTER_BOUND('',#13429,.T.);
#13431=DIRECTION('',(0.04652297829689618,0.6817639949428711,-0.7300914105027694));
#13432=DIRECTION('',(-0.9663281060935002,-0.15445052786521582,-0.20580336687213158));
#13433=AXIS2_PLACEMENT_3D('',#821,#13431,#13432);
#13434=PLANE('',#13433);
#13435=FACE_SURFACE('',(#13430),#13434,.T.);
#13436=POLY_LOOP('',(#821,#690,#689));
#13437=FACE_OUTER_BOUND('',#13436,.T.);
#13438=DIRECTION('',(0.037996847949100035,0.7053966571665974,-0.7077936108811117));
#13439=DIRECTION('',(-0.1779776846356233,-0.6922029892554287,-0.6994133008726611));
#13440=AXIS2_PLACEMENT_3D('',#821,#13438,#13439);
#13441=PLANE('',#13440);
#13442=FACE_SURFACE('',(#13437),#13441,.T.);
#13443=POLY_LOOP('',(#955,#695,#959));
#13444=FACE_OUTER_BOUND('',#13443,.T.);
#13445=DIRECTION('',(-0.189680085136813,0.6997534986812637,-0.6887426996969347));
#13446=DIRECTION('',(-0.14730811547465786,-0.713819267741269,-0.6846622321383175));
#13447=AXIS2_PLACEMENT_3D('',#955,#13445,#13446);
#13448=PLANE('',#13447);
#13449=FACE_SURFACE('',(#13444),#13448,.T.);
#13450=POLY_LOOP('',(#589,#593,#962));
#13451=FACE_OUTER_BOUND('',#13450,.T.);
#13452=DIRECTION('',(0.6947426250707922,0.7051383656893296,-0.14181879333404956));
#13453=DIRECTION('',(-0.19082403586302868,-0.009406359257601802,-0.9815791907647913));
#13454=AXIS2_PLACEMENT_3D('',#589,#13452,#13453);
#13455=PLANE('',#13454);
#13456=FACE_SURFACE('',(#13451),#13455,.T.);
#13457=POLY_LOOP('',(#962,#593,#592));
#13458=FACE_OUTER_BOUND('',#13457,.T.);
#13459=DIRECTION('',(0.6787292674672163,0.7044467808192977,-0.20756038754238326));
#13460=DIRECTION('',(0.6869139693323166,-0.7089384341687429,-0.15986086229747473));
#13461=AXIS2_PLACEMENT_3D('',#962,#13459,#13460);
#13462=PLANE('',#13461);
#13463=FACE_SURFACE('',(#13458),#13462,.T.);
#13464=POLY_LOOP('',(#962,#592,#964));
#13465=FACE_OUTER_BOUND('',#13464,.T.);
#13466=DIRECTION('',(0.6553205940734624,0.7209722776454638,-0.22528624869245062));
#13467=DIRECTION('',(0.2688389143244515,-0.5013453712851599,-0.8224223105168023));
#13468=AXIS2_PLACEMENT_3D('',#962,#13466,#13467);
#13469=PLANE('',#13468);
#13470=FACE_SURFACE('',(#13465),#13469,.T.);
#13471=POLY_LOOP('',(#810,#686,#685));
#13472=FACE_OUTER_BOUND('',#13471,.T.);
#13473=DIRECTION('',(-7.327449305875516e-06,0.9999541639504942,-0.009574442248843648));
#13474=DIRECTION('',(-0.8138126351086465,-0.005569933132840344,-0.5811006546050492));
#13475=AXIS2_PLACEMENT_3D('',#810,#13473,#13474);
#13476=PLANE('',#13475);
#13477=FACE_SURFACE('',(#13472),#13476,.T.);
#13478=POLY_LOOP('',(#810,#687,#686));
#13479=FACE_OUTER_BOUND('',#13478,.T.);
#13480=DIRECTION('',(2.219352915174775e-06,0.9999540358812204,-0.009587811008409686));
#13481=DIRECTION('',(-0.6229261066204115,-0.007498976906822449,-0.7822447385799962));
#13482=AXIS2_PLACEMENT_3D('',#810,#13480,#13481);
#13483=PLANE('',#13482);
#13484=FACE_SURFACE('',(#13479),#13483,.T.);
#13485=POLY_LOOP('',(#808,#687,#810));
#13486=FACE_OUTER_BOUND('',#13485,.T.);
#13487=DIRECTION('',(9.294535882809267e-06,0.9999539818075459,-0.009593444680922996));
#13488=DIRECTION('',(-0.7850745449527484,-0.005934895449313008,-0.6193728569151546));
#13489=AXIS2_PLACEMENT_3D('',#808,#13487,#13488);
#13490=PLANE('',#13489);
#13491=FACE_SURFACE('',(#13486),#13490,.T.);
#13492=POLY_LOOP('',(#685,#806,#810));
#13493=FACE_OUTER_BOUND('',#13492,.T.);
#13494=DIRECTION('',(-8.00382368177062e-06,0.9999541825065468,-0.009572503518031503));
#13495=DIRECTION('',(0.8729822465319886,0.004675994451843526,0.4877295688348703));
#13496=AXIS2_PLACEMENT_3D('',#685,#13494,#13495);
#13497=PLANE('',#13496);
#13498=FACE_SURFACE('',(#13493),#13497,.T.);
#13499=POLY_LOOP('',(#584,#574,#971));
#13500=FACE_OUTER_BOUND('',#13499,.T.);
#13501=DIRECTION('',(0.04507424100088307,0.7131371660027038,0.6995739383823746));
#13502=DIRECTION('',(0.889658546362747,-0.3471864608131862,0.29659607602215143));
#13503=AXIS2_PLACEMENT_3D('',#584,#13501,#13502);
#13504=PLANE('',#13503);
#13505=FACE_SURFACE('',(#13500),#13504,.T.);
#13506=POLY_LOOP('',(#579,#574,#584));
#13507=FACE_OUTER_BOUND('',#13506,.T.);
#13508=DIRECTION('',(0.04506368454975364,0.7131230173461767,0.6995890411276358));
#13509=DIRECTION('',(0.9979712066361262,-0.0006080923026040423,-0.06366396900120054));
#13510=AXIS2_PLACEMENT_3D('',#579,#13508,#13509);
#13511=PLANE('',#13510);
#13512=FACE_SURFACE('',(#13507),#13511,.T.);
#13513=POLY_LOOP('',(#576,#972,#573));
#13514=FACE_OUTER_BOUND('',#13513,.T.);
#13515=DIRECTION('',(0.11921169680014079,0.7093156086459446,0.6947373163126223));
#13516=DIRECTION('',(-0.3721335389466173,0.6806400222548009,-0.6310671828704537));
#13517=AXIS2_PLACEMENT_3D('',#576,#13515,#13516);
#13518=PLANE('',#13517);
#13519=FACE_SURFACE('',(#13514),#13518,.T.);
#13520=POLY_LOOP('',(#559,#972,#576));
#13521=FACE_OUTER_BOUND('',#13520,.T.);
#13522=DIRECTION('',(0.1844688635515124,0.7205696971427188,0.668394008007002));
#13523=DIRECTION('',(-0.9747756469820142,0.2210647575305833,0.030705228035955767));
#13524=AXIS2_PLACEMENT_3D('',#559,#13522,#13523);
#13525=PLANE('',#13524);
#13526=FACE_SURFACE('',(#13521),#13525,.T.);
#13527=POLY_LOOP('',(#559,#973,#972));
#13528=FACE_OUTER_BOUND('',#13527,.T.);
#13529=DIRECTION('',(0.17828292001894377,0.6884872075402837,0.7029940010290991));
#13530=DIRECTION('',(-0.6872072080126241,0.5984535519561834,-0.41182471927571507));
#13531=AXIS2_PLACEMENT_3D('',#559,#13529,#13530);
#13532=PLANE('',#13531);
#13533=FACE_SURFACE('',(#13528),#13532,.T.);
#13534=POLY_LOOP('',(#974,#973,#559));
#13535=FACE_OUTER_BOUND('',#13534,.T.);
#13536=DIRECTION('',(0.22328300435918547,0.7134503364295439,0.6641786788304083));
#13537=DIRECTION('',(-0.9488513668411241,0.003049414017144043,0.31570838556788866));
#13538=AXIS2_PLACEMENT_3D('',#974,#13536,#13537);
#13539=PLANE('',#13538);
#13540=FACE_SURFACE('',(#13535),#13539,.T.);
#13541=POLY_LOOP('',(#971,#573,#972));
#13542=FACE_OUTER_BOUND('',#13541,.T.);
#13543=DIRECTION('',(0.11141308893861843,0.721022527923675,0.6838959261756927));
#13544=DIRECTION('',(0.5558390186039562,-0.6156803463043055,0.558552322143594));
#13545=AXIS2_PLACEMENT_3D('',#971,#13543,#13544);
#13546=PLANE('',#13545);
#13547=FACE_SURFACE('',(#13542),#13546,.T.);
#13548=POLY_LOOP('',(#971,#574,#573));
#13549=FACE_OUTER_BOUND('',#13548,.T.);
#13550=DIRECTION('',(0.09312759407804494,0.7137994834145972,0.6941307864504276));
#13551=DIRECTION('',(0.08986474080420148,-0.7003410336984425,0.7081290594788429));
#13552=AXIS2_PLACEMENT_3D('',#971,#13550,#13551);
#13553=PLANE('',#13552);
#13554=FACE_SURFACE('',(#13549),#13553,.T.);
#13555=POLY_LOOP('',(#975,#569,#970));
#13556=FACE_OUTER_BOUND('',#13555,.T.);
#13557=DIRECTION('',(0.6476544113661822,0.7052893034528964,0.2882893717653363));
#13558=DIRECTION('',(0.680577758505371,-0.36537485723764335,-0.6350709632209434));
#13559=AXIS2_PLACEMENT_3D('',#975,#13557,#13558);
#13560=PLANE('',#13559);
#13561=FACE_SURFACE('',(#13556),#13560,.T.);
#13562=POLY_LOOP('',(#975,#567,#569));
#13563=FACE_OUTER_BOUND('',#13562,.T.);
#13564=DIRECTION('',(0.647649479834793,0.7052980486545738,0.2882790554892466));
#13565=DIRECTION('',(0.5882223837064534,-0.7033064691642062,0.3991922315607799));
#13566=AXIS2_PLACEMENT_3D('',#975,#13564,#13565);
#13567=PLANE('',#13566);
#13568=FACE_SURFACE('',(#13563),#13567,.T.);
#13569=POLY_LOOP('',(#564,#567,#975));
#13570=FACE_OUTER_BOUND('',#13569,.T.);
#13571=DIRECTION('',(0.5556817875703437,0.7101441695621292,0.4323343722161603));
#13572=DIRECTION('',(0.6200199880480756,-0.007527946216157986,-0.7845498992713152));
#13573=AXIS2_PLACEMENT_3D('',#564,#13571,#13572);
#13574=PLANE('',#13573);
#13575=FACE_SURFACE('',(#13570),#13574,.T.);
#13576=POLY_LOOP('',(#976,#564,#975));
#13577=FACE_OUTER_BOUND('',#13576,.T.);
#13578=DIRECTION('',(0.4949194578938223,0.7413748454508154,0.45323070144338684));
#13579=DIRECTION('',(0.8414495519771038,-0.5390624007634066,-0.037072625490024436));
#13580=AXIS2_PLACEMENT_3D('',#976,#13578,#13579);
#13581=PLANE('',#13580);
#13582=FACE_SURFACE('',(#13577),#13581,.T.);
#13583=POLY_LOOP('',(#976,#561,#564));
#13584=FACE_OUTER_BOUND('',#13583,.T.);
#13585=DIRECTION('',(0.478168110903394,0.7109316672531429,0.5156853907294119));
#13586=DIRECTION('',(0.4339388791272156,-0.7017280573214143,0.5650440538132665));
#13587=AXIS2_PLACEMENT_3D('',#976,#13585,#13586);
#13588=PLANE('',#13587);
#13589=FACE_SURFACE('',(#13584),#13588,.T.);
#13590=POLY_LOOP('',(#974,#561,#976));
#13591=FACE_OUTER_BOUND('',#13590,.T.);
#13592=DIRECTION('',(0.3411008690695903,0.7084461519204116,0.6178626440796784));
#13593=DIRECTION('',(0.9275887647854741,-0.36023611117564647,-0.09904053538226416));
#13594=AXIS2_PLACEMENT_3D('',#974,#13592,#13593);
#13595=PLANE('',#13594);
#13596=FACE_SURFACE('',(#13591),#13595,.T.);
#13597=POLY_LOOP('',(#974,#559,#561));
#13598=FACE_OUTER_BOUND('',#13597,.T.);
#13599=DIRECTION('',(0.3411024677180887,0.7084525178003619,0.617854462263532));
#13600=DIRECTION('',(0.23512969306715273,-0.7006821155515117,0.6736160630391801));
#13601=AXIS2_PLACEMENT_3D('',#974,#13599,#13600);
#13602=PLANE('',#13601);
#13603=FACE_SURFACE('',(#13598),#13602,.T.);
#13604=POLY_LOOP('',(#960,#556,#673));
#13605=FACE_OUTER_BOUND('',#13604,.T.);
#13606=DIRECTION('',(0.4262003088802428,0.70049349104695,-0.5724178244178304));
#13607=DIRECTION('',(-0.4725410851983411,-0.3671834768991086,-0.8011748979416766));
#13608=AXIS2_PLACEMENT_3D('',#960,#13606,#13607);
#13609=PLANE('',#13608);
#13610=FACE_SURFACE('',(#13605),#13609,.T.);
#13611=POLY_LOOP('',(#960,#557,#556));
#13612=FACE_OUTER_BOUND('',#13611,.T.);
#13613=DIRECTION('',(0.44588498983389924,0.6845345641041448,-0.5767139727694933));
#13614=DIRECTION('',(0.692149920352499,-0.6722224628161589,-0.26276500573974293));
#13615=AXIS2_PLACEMENT_3D('',#960,#13613,#13614);
#13616=PLANE('',#13615);
#13617=FACE_SURFACE('',(#13612),#13616,.T.);
#13618=POLY_LOOP('',(#965,#557,#960));
#13619=FACE_OUTER_BOUND('',#13618,.T.);
#13620=DIRECTION('',(0.5150859614799991,0.7150852136996684,-0.47258818164901706));
#13621=DIRECTION('',(-0.17943734495988437,-0.44917891823996464,-0.8752374184428604));
#13622=AXIS2_PLACEMENT_3D('',#965,#13620,#13621);
#13623=PLANE('',#13622);
#13624=FACE_SURFACE('',(#13619),#13623,.T.);
#13625=POLY_LOOP('',(#965,#571,#557));
#13626=FACE_OUTER_BOUND('',#13625,.T.);
#13627=DIRECTION('',(0.5373197791773987,0.7005029477261209,-0.46966272486941846));
#13628=DIRECTION('',(0.5712656925893773,-0.7119730516157212,-0.4083501955961044));
#13629=AXIS2_PLACEMENT_3D('',#965,#13627,#13628);
#13630=PLANE('',#13629);
#13631=FACE_SURFACE('',(#13626),#13630,.T.);
#13632=POLY_LOOP('',(#570,#571,#965));
#13633=FACE_OUTER_BOUND('',#13632,.T.);
#13634=DIRECTION('',(0.5849108397184118,0.7021727215905871,-0.4059960327810733));
#13635=DIRECTION('',(-0.5637569263471449,-0.0079263830982439,-0.8259027185126585));
#13636=AXIS2_PLACEMENT_3D('',#570,#13634,#13635);
#13637=PLANE('',#13636);
#13638=FACE_SURFACE('',(#13633),#13637,.T.);
#13639=POLY_LOOP('',(#964,#570,#965));
#13640=FACE_OUTER_BOUND('',#13639,.T.);
#13641=DIRECTION('',(0.6021326840103862,0.7177019239797502,-0.3497716100003158));
#13642=DIRECTION('',(0.045273710651459506,-0.46808139322108056,-0.8825248440945218));
#13643=AXIS2_PLACEMENT_3D('',#964,#13641,#13642);
#13644=PLANE('',#13643);
#13645=FACE_SURFACE('',(#13640),#13644,.T.);
#13646=POLY_LOOP('',(#964,#591,#570));
#13647=FACE_OUTER_BOUND('',#13646,.T.);
#13648=DIRECTION('',(0.6238163556220776,0.703258834043726,-0.3409987782937771));
#13649=DIRECTION('',(0.6477884423973367,-0.7093411218491269,-0.27785842933093563));
#13650=AXIS2_PLACEMENT_3D('',#964,#13648,#13649);
#13651=PLANE('',#13650);
#13652=FACE_SURFACE('',(#13647),#13651,.T.);
#13653=POLY_LOOP('',(#592,#591,#964));
#13654=FACE_OUTER_BOUND('',#13653,.T.);
#13655=DIRECTION('',(0.657106950897208,0.7048025269518933,-0.26732723969846417));
#13656=DIRECTION('',(-0.36860223949066456,-0.00891238142147724,-0.9295444897904914));
#13657=AXIS2_PLACEMENT_3D('',#592,#13655,#13656);
#13658=PLANE('',#13657);
#13659=FACE_SURFACE('',(#13654),#13658,.T.);
#13660=POLY_LOOP('',(#738,#669,#734));
#13661=FACE_OUTER_BOUND('',#13660,.T.);
#13662=DIRECTION('',(3.922459085601474e-06,0.9999540809648405,-0.009583107344476607));
#13663=DIRECTION('',(0.1942896578110516,-0.009401255652002604,-0.9808991514217097));
#13664=AXIS2_PLACEMENT_3D('',#738,#13662,#13663);
#13665=PLANE('',#13664);
#13666=FACE_SURFACE('',(#13661),#13665,.T.);
#13667=POLY_LOOP('',(#511,#864,#49));
#13668=FACE_OUTER_BOUND('',#13667,.T.);
#13669=DIRECTION('',(0.6556797471576029,-0.46143158651276317,0.5976327970716269));
#13670=DIRECTION('',(-0.5867549587296693,0.18675111411915557,0.7879356825156467));
#13671=AXIS2_PLACEMENT_3D('',#511,#13669,#13670);
#13672=PLANE('',#13671);
#13673=FACE_SURFACE('',(#13668),#13672,.T.);
#13674=POLY_LOOP('',(#734,#669,#671));
#13675=FACE_OUTER_BOUND('',#13674,.T.);
#13676=DIRECTION('',(4.1304245529645634e-06,0.9999540823200496,-0.009582965846071899));
#13677=DIRECTION('',(0.5625502461778342,-0.007925165997419669,-0.8267251128816467));
#13678=AXIS2_PLACEMENT_3D('',#734,#13676,#13677);
#13679=PLANE('',#13678);
#13680=FACE_SURFACE('',(#13675),#13679,.T.);
#13681=POLY_LOOP('',(#728,#671,#820));
#13682=FACE_OUTER_BOUND('',#13681,.T.);
#13683=DIRECTION('',(-2.8130185404604176e-07,0.9999540573631617,-0.009585570555356153));
#13684=DIRECTION('',(0.6048517175693293,-0.007633185087387102,-0.796301534746012));
#13685=AXIS2_PLACEMENT_3D('',#728,#13683,#13684);
#13686=PLANE('',#13685);
#13687=FACE_SURFACE('',(#13682),#13686,.T.);
#13688=POLY_LOOP('',(#858,#927,#903));
#13689=FACE_OUTER_BOUND('',#13688,.T.);
#13690=DIRECTION('',(0.42497262494406723,-0.38455214447680003,0.8194619675289658));
#13691=DIRECTION('',(-0.9045179127295511,-0.14510474839892673,0.40098872495802224));
#13692=AXIS2_PLACEMENT_3D('',#858,#13690,#13691);
#13693=PLANE('',#13692);
#13694=FACE_SURFACE('',(#13689),#13693,.T.);
#13695=POLY_LOOP('',(#858,#926,#927));
#13696=FACE_OUTER_BOUND('',#13695,.T.);
#13697=DIRECTION('',(0.4259809439270181,-0.35086697482928686,0.8339260167336137));
#13698=DIRECTION('',(0.5489340053338372,0.8329258227504525,0.0700430694903692));
#13699=AXIS2_PLACEMENT_3D('',#858,#13697,#13698);
#13700=PLANE('',#13699);
#13701=FACE_SURFACE('',(#13696),#13700,.T.);
#13702=POLY_LOOP('',(#860,#926,#858));
#13703=FACE_OUTER_BOUND('',#13702,.T.);
#13704=DIRECTION('',(0.5321401912356554,-0.4128621575389399,0.7391695717113712));
#13705=DIRECTION('',(-0.801460626315972,-0.5270710832712509,0.28258969840473647));
#13706=AXIS2_PLACEMENT_3D('',#860,#13704,#13705);
#13707=PLANE('',#13706);
#13708=FACE_SURFACE('',(#13703),#13707,.T.);
#13709=POLY_LOOP('',(#827,#925,#905));
#13710=FACE_OUTER_BOUND('',#13709,.T.);
#13711=DIRECTION('',(0.23969385433004967,-0.39364949962939744,0.8874609442887783));
#13712=DIRECTION('',(-0.020576940067427742,0.9118433253983396,0.41002236458998115));
#13713=AXIS2_PLACEMENT_3D('',#827,#13711,#13712);
#13714=PLANE('',#13713);
#13715=FACE_SURFACE('',(#13710),#13714,.T.);
#13716=POLY_LOOP('',(#827,#924,#925));
#13717=FACE_OUTER_BOUND('',#13716,.T.);
#13718=DIRECTION('',(0.26517173846429787,-0.3904439331088862,0.8816107328170896));
#13719=DIRECTION('',(0.708283379383636,0.6992798442023329,0.0966558533212422));
#13720=AXIS2_PLACEMENT_3D('',#827,#13718,#13719);
#13721=PLANE('',#13720);
#13722=FACE_SURFACE('',(#13717),#13721,.T.);
#13723=POLY_LOOP('',(#977,#924,#827));
#13724=FACE_OUTER_BOUND('',#13723,.T.);
#13725=DIRECTION('',(0.2941660256399363,-0.4168337738358439,0.8600674126770372));
#13726=DIRECTION('',(-0.9550791246713458,-0.09438439246784254,0.2809189421799326));
#13727=AXIS2_PLACEMENT_3D('',#977,#13725,#13726);
#13728=PLANE('',#13727);
#13729=FACE_SURFACE('',(#13724),#13728,.T.);
#13730=POLY_LOOP('',(#977,#922,#924));
#13731=FACE_OUTER_BOUND('',#13730,.T.);
#13732=DIRECTION('',(0.29596773148449945,-0.35197778597952173,0.8879835246764848));
#13733=DIRECTION('',(0.7583099261844745,0.6518698058423918,0.005640219951302926));
#13734=AXIS2_PLACEMENT_3D('',#977,#13732,#13733);
#13735=PLANE('',#13734);
#13736=FACE_SURFACE('',(#13731),#13735,.T.);
#13737=POLY_LOOP('',(#923,#922,#977));
#13738=FACE_OUTER_BOUND('',#13737,.T.);
#13739=DIRECTION('',(0.3454102583000371,-0.4091179531600902,0.8445793354464695));
#13740=DIRECTION('',(-0.9060902523636419,-0.3796905638650069,0.18664278792245012));
#13741=AXIS2_PLACEMENT_3D('',#923,#13739,#13740);
#13742=PLANE('',#13741);
#13743=FACE_SURFACE('',(#13738),#13742,.T.);
#13744=POLY_LOOP('',(#825,#937,#938));
#13745=FACE_OUTER_BOUND('',#13744,.T.);
#13746=DIRECTION('',(0.16196510331579467,-0.41479475800918314,0.895384059516366));
#13747=DIRECTION('',(-0.42764371780022464,0.788229292237531,0.442510376697228));
#13748=AXIS2_PLACEMENT_3D('',#825,#13746,#13747);
#13749=PLANE('',#13748);
#13750=FACE_SURFACE('',(#13745),#13749,.T.);
#13751=POLY_LOOP('',(#825,#905,#937));
#13752=FACE_OUTER_BOUND('',#13751,.T.);
#13753=DIRECTION('',(0.20535604524491666,-0.39201746407445537,0.8967447811624002));
#13754=DIRECTION('',(0.6909973144604632,0.706950880861194,0.15080836667111594));
#13755=AXIS2_PLACEMENT_3D('',#825,#13753,#13754);
#13756=PLANE('',#13755);
#13757=FACE_SURFACE('',(#13752),#13756,.T.);
#13758=POLY_LOOP('',(#827,#905,#825));
#13759=FACE_OUTER_BOUND('',#13758,.T.);
#13760=DIRECTION('',(0.22557768766836842,-0.4090997482110536,0.8841674631198801));
#13761=DIRECTION('',(-0.7084489741144031,0.5540961884751567,0.43712408420670806));
#13762=AXIS2_PLACEMENT_3D('',#827,#13760,#13761);
#13763=PLANE('',#13762);
#13764=FACE_SURFACE('',(#13759),#13763,.T.);
#13765=POLY_LOOP('',(#874,#935,#872));
#13766=FACE_OUTER_BOUND('',#13765,.T.);
#13767=DIRECTION('',(-0.11594382800851424,-0.39485573527908024,0.911397814932617));
#13768=DIRECTION('',(0.49396557367019983,0.7731454764321464,0.39779905015117856));
#13769=AXIS2_PLACEMENT_3D('',#874,#13767,#13768);
#13770=PLANE('',#13769);
#13771=FACE_SURFACE('',(#13766),#13770,.T.);
#13772=POLY_LOOP('',(#862,#864,#953));
#13773=FACE_OUTER_BOUND('',#13772,.T.);
#13774=DIRECTION('',(0.6495094961652357,-0.3966452335810074,0.6486986766355005));
#13775=DIRECTION('',(0.29249265979929784,-0.6571657530393268,-0.6946806582853641));
#13776=AXIS2_PLACEMENT_3D('',#862,#13774,#13775);
#13777=PLANE('',#13776);
#13778=FACE_SURFACE('',(#13773),#13777,.T.);
#13779=POLY_LOOP('',(#876,#935,#874));
#13780=FACE_OUTER_BOUND('',#13779,.T.);
#13781=DIRECTION('',(-0.07207417473471721,-0.4195287263607733,0.9048762131332755));
#13782=DIRECTION('',(-0.6508275651365744,0.7072557072437211,0.2760667401727017));
#13783=AXIS2_PLACEMENT_3D('',#876,#13781,#13782);
#13784=PLANE('',#13783);
#13785=FACE_SURFACE('',(#13780),#13784,.T.);
#13786=POLY_LOOP('',(#878,#934,#876));
#13787=FACE_OUTER_BOUND('',#13786,.T.);
#13788=DIRECTION('',(-0.024023765410280222,-0.41997660201608766,0.9072169048549155));
#13789=DIRECTION('',(-0.7241076884975699,0.632987084977838,0.2738528906364976));
#13790=AXIS2_PLACEMENT_3D('',#878,#13788,#13789);
#13791=PLANE('',#13790);
#13792=FACE_SURFACE('',(#13787),#13791,.T.);
#13793=POLY_LOOP('',(#878,#933,#934));
#13794=FACE_OUTER_BOUND('',#13793,.T.);
#13795=DIRECTION('',(-0.015106759929240432,-0.4115299271234465,0.9112710381034893));
#13796=DIRECTION('',(0.18119892820159003,0.8951583367429622,0.4072572903929019));
#13797=AXIS2_PLACEMENT_3D('',#878,#13795,#13796);
#13798=PLANE('',#13797);
#13799=FACE_SURFACE('',(#13794),#13798,.T.);
#13800=POLY_LOOP('',(#855,#933,#878));
#13801=FACE_OUTER_BOUND('',#13800,.T.);
#13802=DIRECTION('',(0.024002394893835897,-0.418014353261984,0.9081232766019852));
#13803=DIRECTION('',(-0.7937308982329404,0.5443028785609662,0.27152465372517415));
#13804=AXIS2_PLACEMENT_3D('',#855,#13802,#13803);
#13805=PLANE('',#13804);
#13806=FACE_SURFACE('',(#13801),#13805,.T.);
#13807=POLY_LOOP('',(#855,#931,#933));
#13808=FACE_OUTER_BOUND('',#13807,.T.);
#13809=DIRECTION('',(0.028023156509858184,-0.4131931014090399,0.9102121530979482));
#13810=DIRECTION('',(0.03597201735596246,0.9103968174536133,0.41216944178053105));
#13811=AXIS2_PLACEMENT_3D('',#855,#13809,#13810);
#13812=PLANE('',#13811);
#13813=FACE_SURFACE('',(#13808),#13812,.T.);
#13814=POLY_LOOP('',(#838,#931,#855));
#13815=FACE_OUTER_BOUND('',#13814,.T.);
#13816=DIRECTION('',(0.07140444846147642,-0.4137236796616829,0.9075979956054937));
#13817=DIRECTION('',(-0.8545771656387634,0.44387876070289844,0.26957283573401214));
#13818=AXIS2_PLACEMENT_3D('',#838,#13816,#13817);
#13819=PLANE('',#13818);
#13820=FACE_SURFACE('',(#13815),#13819,.T.);
#13821=POLY_LOOP('',(#838,#932,#931));
#13822=FACE_OUTER_BOUND('',#13821,.T.);
#13823=DIRECTION('',(0.07145126718468439,-0.41365133115294506,0.9076272873008498));
#13824=DIRECTION('',(-0.10199835028287378,0.9021527043402212,0.41918591888468465));
#13825=AXIS2_PLACEMENT_3D('',#838,#13823,#13824);
#13826=PLANE('',#13825);
#13827=FACE_SURFACE('',(#13822),#13826,.T.);
#13828=POLY_LOOP('',(#823,#932,#838));
#13829=FACE_OUTER_BOUND('',#13828,.T.);
#13830=DIRECTION('',(0.11869497429278134,-0.40733641814954435,0.9055321891168395));
#13831=DIRECTION('',(-0.9079576321732782,0.3246089261599132,0.26503204190361984));
#13832=AXIS2_PLACEMENT_3D('',#823,#13830,#13831);
#13833=PLANE('',#13832);
#13834=FACE_SURFACE('',(#13829),#13833,.T.);
#13835=POLY_LOOP('',(#823,#938,#932));
#13836=FACE_OUTER_BOUND('',#13835,.T.);
#13837=DIRECTION('',(0.11571957002379017,-0.4136381814028282,0.9030572717160691));
#13838=DIRECTION('',(-0.24571082324396354,0.8689877940214531,0.42951880655275426));
#13839=AXIS2_PLACEMENT_3D('',#823,#13837,#13838);
#13840=PLANE('',#13839);
#13841=FACE_SURFACE('',(#13836),#13840,.T.);
#13842=POLY_LOOP('',(#825,#938,#823));
#13843=FACE_OUTER_BOUND('',#13842,.T.);
#13844=DIRECTION('',(0.166682774695675,-0.3986260562903273,0.9018392982489573));
#13845=DIRECTION('',(-0.9510985955626553,0.17622861594085226,0.2536827476245013));
#13846=AXIS2_PLACEMENT_3D('',#825,#13844,#13845);
#13847=PLANE('',#13846);
#13848=FACE_SURFACE('',(#13843),#13847,.T.);
#13849=POLY_LOOP('',(#870,#906,#928));
#13850=FACE_OUTER_BOUND('',#13849,.T.);
#13851=DIRECTION('',(-0.18112021481526708,-0.4014007621558558,0.8978156246835816));
#13852=DIRECTION('',(0.7734951235293774,0.505661593116396,0.3821147041442681));
#13853=AXIS2_PLACEMENT_3D('',#870,#13851,#13852);
#13854=PLANE('',#13853);
#13855=FACE_SURFACE('',(#13850),#13854,.T.);
#13856=POLY_LOOP('',(#870,#907,#906));
#13857=FACE_OUTER_BOUND('',#13856,.T.);
#13858=DIRECTION('',(-0.1602425182495717,-0.427282814758774,0.8898043220601116));
#13859=DIRECTION('',(0.9331702075511427,0.22825222923670693,0.2776585737689923));
#13860=AXIS2_PLACEMENT_3D('',#870,#13858,#13859);
#13861=PLANE('',#13860);
#13862=FACE_SURFACE('',(#13857),#13861,.T.);
#13863=POLY_LOOP('',(#872,#907,#870));
#13864=FACE_OUTER_BOUND('',#13863,.T.);
#13865=DIRECTION('',(-0.16849534493751359,-0.40455510937173667,0.8988573202770341));
#13866=DIRECTION('',(0.0012349685134914565,0.9118078299015908,0.41061533846523846));
#13867=AXIS2_PLACEMENT_3D('',#872,#13865,#13866);
#13868=PLANE('',#13867);
#13869=FACE_SURFACE('',(#13864),#13868,.T.);
#13870=POLY_LOOP('',(#876,#934,#935));
#13871=FACE_OUTER_BOUND('',#13870,.T.);
#13872=DIRECTION('',(-0.05743863128914786,-0.4084416163613032,0.910975438560116));
#13873=DIRECTION('',(0.3388312594893515,0.8503463061498521,0.40262207740033557));
#13874=AXIS2_PLACEMENT_3D('',#876,#13872,#13873);
#13875=PLANE('',#13874);
#13876=FACE_SURFACE('',(#13871),#13875,.T.);
#13877=POLY_LOOP('',(#872,#936,#907));
#13878=FACE_OUTER_BOUND('',#13877,.T.);
#13879=DIRECTION('',(-0.13341080476620185,-0.4067948524575139,0.9037253483142452));
#13880=DIRECTION('',(0.6362650246677134,0.6639807301122338,0.3928058151609));
#13881=AXIS2_PLACEMENT_3D('',#872,#13879,#13880);
#13882=PLANE('',#13881);
#13883=FACE_SURFACE('',(#13878),#13882,.T.);
#13884=POLY_LOOP('',(#978,#947,#953));
#13885=FACE_OUTER_BOUND('',#13884,.T.);
#13886=DIRECTION('',(0.6891894048613527,-0.35543795551617635,0.6314125624386442));
#13887=DIRECTION('',(-0.7144560501478017,-0.47852240910588467,0.5104594561673849));
#13888=AXIS2_PLACEMENT_3D('',#978,#13886,#13887);
#13889=PLANE('',#13888);
#13890=FACE_SURFACE('',(#13885),#13889,.T.);
#13891=POLY_LOOP('',(#953,#946,#862));
#13892=FACE_OUTER_BOUND('',#13891,.T.);
#13893=DIRECTION('',(0.6479299689487316,-0.3758263082886244,0.6625264834980106));
#13894=DIRECTION('',(-0.42478406662716944,0.5436978482579882,0.7238446978042445));
#13895=AXIS2_PLACEMENT_3D('',#953,#13893,#13894);
#13896=PLANE('',#13895);
#13897=FACE_SURFACE('',(#13892),#13896,.T.);
#13898=POLY_LOOP('',(#513,#953,#511));
#13899=FACE_OUTER_BOUND('',#13898,.T.);
#13900=DIRECTION('',(0.6714239364681361,-0.4155219589299956,0.6136215439378016));
#13901=DIRECTION('',(-0.5216296767533858,0.3231623935273016,0.7896002455292574));
#13902=AXIS2_PLACEMENT_3D('',#513,#13900,#13901);
#13903=PLANE('',#13902);
#13904=FACE_SURFACE('',(#13899),#13903,.T.);
#13905=POLY_LOOP('',(#513,#978,#953));
#13906=FACE_OUTER_BOUND('',#13905,.T.);
#13907=DIRECTION('',(0.7033689017338632,-0.36092168207900205,0.6123787451234429));
#13908=DIRECTION('',(0.10084426732176698,0.9034570717249647,0.41664823688393077));
#13909=AXIS2_PLACEMENT_3D('',#513,#13907,#13908);
#13910=PLANE('',#13909);
#13911=FACE_SURFACE('',(#13906),#13910,.T.);
#13912=POLY_LOOP('',(#507,#978,#513));
#13913=FACE_OUTER_BOUND('',#13912,.T.);
#13914=DIRECTION('',(0.7118655351850691,-0.35808492447984075,0.6041710409113813));
#13915=DIRECTION('',(-0.6617333150698537,-0.6301713800102067,0.4061933671820523));
#13916=AXIS2_PLACEMENT_3D('',#507,#13914,#13915);
#13917=PLANE('',#13916);
#13918=FACE_SURFACE('',(#13913),#13917,.T.);
#13919=POLY_LOOP('',(#109,#898,#885));
#13920=FACE_OUTER_BOUND('',#13919,.T.);
#13921=DIRECTION('',(0.342265908040923,-0.6879617095408624,0.6399708855866306));
#13922=DIRECTION('',(0.41150015253470945,0.7220661153189168,0.5561368083234193));
#13923=AXIS2_PLACEMENT_3D('',#109,#13921,#13922);
#13924=PLANE('',#13923);
#13925=FACE_SURFACE('',(#13920),#13924,.T.);
#13926=POLY_LOOP('',(#110,#898,#109));
#13927=FACE_OUTER_BOUND('',#13926,.T.);
#13928=DIRECTION('',(0.36463909211361467,-0.6896617681238857,0.6256236712999234));
#13929=DIRECTION('',(-0.05496709716744989,0.6547691164395258,0.7538275813380582));
#13930=AXIS2_PLACEMENT_3D('',#110,#13928,#13929);
#13931=PLANE('',#13930);
#13932=FACE_SURFACE('',(#13927),#13931,.T.);
#13933=POLY_LOOP('',(#110,#888,#898));
#13934=FACE_OUTER_BOUND('',#13933,.T.);
#13935=DIRECTION('',(0.4060232972011836,-0.675074230738158,0.6159706690445281));
#13936=DIRECTION('',(0.4005937365921212,0.7372956224714381,0.5439851314949857));
#13937=AXIS2_PLACEMENT_3D('',#110,#13935,#13936);
#13938=PLANE('',#13937);
#13939=FACE_SURFACE('',(#13934),#13938,.T.);
#13940=POLY_LOOP('',(#30,#888,#110));
#13941=FACE_OUTER_BOUND('',#13940,.T.);
#13942=DIRECTION('',(0.41147434750171263,-0.6752313715015272,0.6121694669682621));
#13943=DIRECTION('',(-0.34372971473756075,0.507100280799227,0.7903791421968196));
#13944=AXIS2_PLACEMENT_3D('',#30,#13942,#13943);
#13945=PLANE('',#13944);
#13946=FACE_SURFACE('',(#13941),#13945,.T.);
#13947=POLY_LOOP('',(#894,#196,#886));
#13948=FACE_OUTER_BOUND('',#13947,.T.);
#13949=DIRECTION('',(0.18734860509354423,-0.7288707102814705,0.6585195425067412));
#13950=DIRECTION('',(0.1871760136866038,-0.6316173982785279,-0.7523460653796601));
#13951=AXIS2_PLACEMENT_3D('',#894,#13949,#13950);
#13952=PLANE('',#13951);
#13953=FACE_SURFACE('',(#13948),#13952,.T.);
#13954=POLY_LOOP('',(#894,#308,#196));
#13955=FACE_OUTER_BOUND('',#13954,.T.);
#13956=DIRECTION('',(0.11605092539014408,-0.7463004658941587,0.6554142181264094));
#13957=DIRECTION('',(-0.7310077926653682,-0.5109116707995219,-0.4523238571016866));
#13958=AXIS2_PLACEMENT_3D('',#894,#13956,#13957);
#13959=PLANE('',#13958);
#13960=FACE_SURFACE('',(#13955),#13959,.T.);
#13961=POLY_LOOP('',(#892,#308,#894));
#13962=FACE_OUTER_BOUND('',#13961,.T.);
#13963=DIRECTION('',(0.11165896487810269,-0.7434996662166203,0.6593485587290873));
#13964=DIRECTION('',(-0.04830673651469697,-0.6667742774333753,-0.7436924916660783));
#13965=AXIS2_PLACEMENT_3D('',#892,#13963,#13964);
#13966=PLANE('',#13965);
#13967=FACE_SURFACE('',(#13962),#13966,.T.);
#13968=POLY_LOOP('',(#892,#309,#308));
#13969=FACE_OUTER_BOUND('',#13968,.T.);
#13970=DIRECTION('',(0.03470531311275833,-0.7452326121655751,0.6659008146913614));
#13971=DIRECTION('',(-0.7478698165176353,-0.46134892666187716,-0.4773341653494043));
#13972=AXIS2_PLACEMENT_3D('',#892,#13970,#13971);
#13973=PLANE('',#13972);
#13974=FACE_SURFACE('',(#13969),#13973,.T.);
#13975=POLY_LOOP('',(#865,#309,#892));
#13976=FACE_OUTER_BOUND('',#13975,.T.);
#13977=DIRECTION('',(0.03664633712782984,-0.7466391432811937,0.664219117231233));
#13978=DIRECTION('',(6.101054501138141e-05,-0.6646639019999849,-0.7471424855112095));
#13979=AXIS2_PLACEMENT_3D('',#865,#13977,#13978);
#13980=PLANE('',#13979);
#13981=FACE_SURFACE('',(#13976),#13980,.T.);
#13982=POLY_LOOP('',(#953,#947,#946));
#13983=FACE_OUTER_BOUND('',#13982,.T.);
#13984=DIRECTION('',(0.6648205466226065,-0.3553584449263758,0.6570646972771608));
#13985=DIRECTION('',(0.2591544996206929,0.9346911395672121,0.24329286660503424));
#13986=AXIS2_PLACEMENT_3D('',#953,#13984,#13985);
#13987=PLANE('',#13986);
#13988=FACE_SURFACE('',(#13983),#13987,.T.);
#13989=POLY_LOOP('',(#941,#827,#828));
#13990=FACE_OUTER_BOUND('',#13989,.T.);
#13991=DIRECTION('',(0.2769846620997157,-0.43293734394190336,0.8578139385566294));
#13992=DIRECTION('',(-0.7470827261966494,0.46439525465553233,0.47560955380648656));
#13993=AXIS2_PLACEMENT_3D('',#941,#13991,#13992);
#13994=PLANE('',#13993);
#13995=FACE_SURFACE('',(#13990),#13994,.T.);
#13996=POLY_LOOP('',(#942,#977,#941));
#13997=FACE_OUTER_BOUND('',#13996,.T.);
#13998=DIRECTION('',(0.3029849198967088,-0.4173465068609587,0.856750857324427));
#13999=DIRECTION('',(-0.043927378140351074,0.8919368261682195,0.45002120347232316));
#14000=AXIS2_PLACEMENT_3D('',#942,#13998,#13999);
#14001=PLANE('',#14000);
#14002=FACE_SURFACE('',(#13997),#14001,.T.);
#14003=POLY_LOOP('',(#942,#923,#977));
#14004=FACE_OUTER_BOUND('',#14003,.T.);
#14005=DIRECTION('',(0.34540930043034723,-0.4091165941848317,0.8445803854807556));
#14006=DIRECTION('',(0.3763569527652998,0.8848173951969531,0.2746882255614478));
#14007=AXIS2_PLACEMENT_3D('',#942,#14005,#14006);
#14008=PLANE('',#14007);
#14009=FACE_SURFACE('',(#14004),#14008,.T.);
#14010=POLY_LOOP('',(#904,#923,#942));
#14011=FACE_OUTER_BOUND('',#14010,.T.);
#14012=DIRECTION('',(0.3350105684522918,-0.40639610383072305,0.8500647774237445));
#14013=DIRECTION('',(-0.15185484740835778,0.8671161728037976,0.474393979916144));
#14014=AXIS2_PLACEMENT_3D('',#904,#14012,#14013);
#14015=PLANE('',#14014);
#14016=FACE_SURFACE('',(#14011),#14015,.T.);
#14017=POLY_LOOP('',(#904,#944,#923));
#14018=FACE_OUTER_BOUND('',#14017,.T.);
#14019=DIRECTION('',(0.3504613288623795,-0.4015397464926841,0.8461339663189311));
#14020=DIRECTION('',(-0.0615457299158933,0.8916057354110543,0.4486104498462258));
#14021=AXIS2_PLACEMENT_3D('',#904,#14019,#14020);
#14022=PLANE('',#14021);
#14023=FACE_SURFACE('',(#14018),#14022,.T.);
#14024=POLY_LOOP('',(#903,#944,#904));
#14025=FACE_OUTER_BOUND('',#14024,.T.);
#14026=DIRECTION('',(0.375166641071644,-0.39583745782137447,0.8381901326146305));
#14027=DIRECTION('',(-0.8298100358059809,0.2595743765254574,0.49400045296244083));
#14028=AXIS2_PLACEMENT_3D('',#903,#14026,#14027);
#14029=PLANE('',#14028);
#14030=FACE_SURFACE('',(#14025),#14029,.T.);
#14031=POLY_LOOP('',(#903,#939,#944));
#14032=FACE_OUTER_BOUND('',#14031,.T.);
#14033=DIRECTION('',(0.37503712359718483,-0.3961135637339132,0.8381176531668861));
#14034=DIRECTION('',(-0.08126171092512657,0.8865804288550212,0.45538080494106026));
#14035=AXIS2_PLACEMENT_3D('',#903,#14033,#14034);
#14036=PLANE('',#14035);
#14037=FACE_SURFACE('',(#14032),#14036,.T.);
#14038=POLY_LOOP('',(#927,#939,#903));
#14039=FACE_OUTER_BOUND('',#14038,.T.);
#14040=DIRECTION('',(0.39928267452622535,-0.38966946891956794,0.8298982171417928));
#14041=DIRECTION('',(-0.8716518118300035,-0.44197812497094646,0.21184535864785534));
#14042=AXIS2_PLACEMENT_3D('',#927,#14040,#14041);
#14043=PLANE('',#14042);
#14044=FACE_SURFACE('',(#14039),#14043,.T.);
#14045=POLY_LOOP('',(#978,#948,#947));
#14046=FACE_OUTER_BOUND('',#14045,.T.);
#14047=DIRECTION('',(0.6852831591675096,-0.3313355037887849,0.6485397256070208));
#14048=DIRECTION('',(-0.06128277913613018,0.8611192305966991,0.5046960388965829));
#14049=AXIS2_PLACEMENT_3D('',#978,#14047,#14048);
#14050=PLANE('',#14049);
#14051=FACE_SURFACE('',(#14046),#14050,.T.);
#14052=POLY_LOOP('',(#978,#949,#948));
#14053=FACE_OUTER_BOUND('',#14052,.T.);
#14054=DIRECTION('',(0.6980126745440433,-0.3244627457686027,0.6383590155893237));
#14055=DIRECTION('',(0.6558767571777818,0.6474777968127307,-0.38806981592039524));
#14056=AXIS2_PLACEMENT_3D('',#978,#14054,#14055);
#14057=PLANE('',#14056);
#14058=FACE_SURFACE('',(#14053),#14057,.T.);
#14059=POLY_LOOP('',(#507,#949,#978));
#14060=FACE_OUTER_BOUND('',#14059,.T.);
#14061=DIRECTION('',(0.7170173886010266,-0.3736146585602257,0.5884710284735268));
#14062=DIRECTION('',(-0.6743134255458284,-0.5856608504139278,0.44978080486064015));
#14063=AXIS2_PLACEMENT_3D('',#507,#14061,#14062);
#14064=PLANE('',#14063);
#14065=FACE_SURFACE('',(#14060),#14064,.T.);
#14066=POLY_LOOP('',(#862,#945,#860));
#14067=FACE_OUTER_BOUND('',#14066,.T.);
#14068=DIRECTION('',(0.5911913972035423,-0.35674655718806614,0.7233426752286812));
#14069=DIRECTION('',(0.404562218552818,0.907035012489899,0.11669146257147844));
#14070=AXIS2_PLACEMENT_3D('',#862,#14068,#14069);
#14071=PLANE('',#14070);
#14072=FACE_SURFACE('',(#14067),#14071,.T.);
#14073=POLY_LOOP('',(#862,#946,#945));
#14074=FACE_OUTER_BOUND('',#14073,.T.);
#14075=DIRECTION('',(0.6392059510055845,-0.3717157117319807,0.673233378443637));
#14076=DIRECTION('',(0.4682559596578122,0.8825603385854837,0.04270368837486767));
#14077=AXIS2_PLACEMENT_3D('',#862,#14075,#14076);
#14078=PLANE('',#14077);
#14079=FACE_SURFACE('',(#14074),#14078,.T.);
#14080=POLY_LOOP('',(#941,#977,#827));
#14081=FACE_OUTER_BOUND('',#14080,.T.);
#14082=DIRECTION('',(0.2921573729259522,-0.41328722131512885,0.8624602843856787));
#14083=DIRECTION('',(0.45445499692400293,0.8534791034552782,0.2550374006611167));
#14084=AXIS2_PLACEMENT_3D('',#941,#14082,#14083);
#14085=PLANE('',#14084);
#14086=FACE_SURFACE('',(#14081),#14085,.T.);
#14087=POLY_LOOP('',(#935,#936,#872));
#14088=FACE_OUTER_BOUND('',#14087,.T.);
#14089=DIRECTION('',(-0.10310817878616645,-0.4314076289250214,0.8962455919962402));
#14090=DIRECTION('',(-0.9889649854444393,0.1408317100204827,-0.04598572623746195));
#14091=AXIS2_PLACEMENT_3D('',#935,#14089,#14090);
#14092=PLANE('',#14091);
#14093=FACE_SURFACE('',(#14088),#14092,.T.);
#14094=POLY_LOOP('',(#870,#928,#868));
#14095=FACE_OUTER_BOUND('',#14094,.T.);
#14096=DIRECTION('',(-0.205796439657616,-0.399232363842549,0.8934547246978661));
#14097=DIRECTION('',(0.0078072088919364045,0.9122987322008658,0.40945093810371314));
#14098=AXIS2_PLACEMENT_3D('',#870,#14096,#14097);
#14099=PLANE('',#14098);
#14100=FACE_SURFACE('',(#14095),#14099,.T.);
#14101=POLY_LOOP('',(#952,#916,#911));
#14102=FACE_OUTER_BOUND('',#14101,.T.);
#14103=DIRECTION('',(-0.37472988404117985,-0.39593303183207246,0.8383403535025301));
#14104=DIRECTION('',(0.06184190299940283,0.8915397423533499,0.44870086565320444));
#14105=AXIS2_PLACEMENT_3D('',#952,#14103,#14104);
#14106=PLANE('',#14105);
#14107=FACE_SURFACE('',(#14102),#14106,.T.);
#14108=POLY_LOOP('',(#597,#595,#918));
#14109=FACE_OUTER_BOUND('',#14108,.T.);
#14110=DIRECTION('',(-0.14650599475210901,0.009481773910826413,0.9891643389574852));
#14111=DIRECTION('',(8.235741308663707e-08,0.9999540610292362,-0.009585188111441528));
#14112=AXIS2_PLACEMENT_3D('',#597,#14110,#14111);
#14113=PLANE('',#14112);
#14114=FACE_SURFACE('',(#14109),#14113,.T.);
#14115=POLY_LOOP('',(#966,#595,#594));
#14116=FACE_OUTER_BOUND('',#14115,.T.);
#14117=DIRECTION('',(-0.09388330329955352,0.7137938475369119,0.6940347747627751));
#14118=DIRECTION('',(0.4720035371847421,-0.5818776001827044,0.6622923216304932));
#14119=AXIS2_PLACEMENT_3D('',#966,#14117,#14118);
#14120=PLANE('',#14119);
#14121=FACE_SURFACE('',(#14116),#14120,.T.);
#14122=POLY_LOOP('',(#966,#979,#595));
#14123=FACE_OUTER_BOUND('',#14122,.T.);
#14124=DIRECTION('',(-0.11296694299657163,0.7051289914597559,0.700022553345931));
#14125=DIRECTION('',(-0.9618763525192777,-0.25421331107233597,0.10084381457407268));
#14126=AXIS2_PLACEMENT_3D('',#966,#14124,#14125);
#14127=PLANE('',#14126);
#14128=FACE_SURFACE('',(#14123),#14127,.T.);
#14129=POLY_LOOP('',(#967,#979,#966));
#14130=FACE_OUTER_BOUND('',#14129,.T.);
#14131=DIRECTION('',(-0.12092447534150769,0.7260682359493495,0.6769063362155662));
#14132=DIRECTION('',(0.4826804979371749,-0.5528592807930304,0.6792393926681035));
#14133=AXIS2_PLACEMENT_3D('',#967,#14131,#14132);
#14134=PLANE('',#14133);
#14135=FACE_SURFACE('',(#14130),#14134,.T.);
#14136=POLY_LOOP('',(#967,#980,#979));
#14137=FACE_OUTER_BOUND('',#14136,.T.);
#14138=DIRECTION('',(-0.14631814305915677,0.7137615281347472,0.6849346552529451));
#14139=DIRECTION('',(-0.15509005062520195,-0.7003757078908414,0.6967215684859162));
#14140=AXIS2_PLACEMENT_3D('',#967,#14138,#14139);
#14141=PLANE('',#14140);
#14142=FACE_SURFACE('',(#14137),#14141,.T.);
#14143=POLY_LOOP('',(#981,#980,#967));
#14144=FACE_OUTER_BOUND('',#14143,.T.);
#14145=DIRECTION('',(-0.16643590017153856,0.713698066069317,0.6803926525345539));
#14146=DIRECTION('',(0.9719030227972266,0.002262890089858763,0.23537075775477037));
#14147=AXIS2_PLACEMENT_3D('',#981,#14145,#14146);
#14148=PLANE('',#14147);
#14149=FACE_SURFACE('',(#14144),#14148,.T.);
#14150=POLY_LOOP('',(#967,#657,#981));
#14151=FACE_OUTER_BOUND('',#14150,.T.);
#14152=DIRECTION('',(-0.19896434134244356,0.734699236712799,0.6485601147525171));
#14153=DIRECTION('',(-0.9619426980136474,-0.27289074783664874,0.01403158876889131));
#14154=AXIS2_PLACEMENT_3D('',#967,#14152,#14153);
#14155=PLANE('',#14154);
#14156=FACE_SURFACE('',(#14151),#14155,.T.);
#14157=POLY_LOOP('',(#688,#657,#967));
#14158=FACE_OUTER_BOUND('',#14157,.T.);
#14159=DIRECTION('',(-0.19239966201471118,0.7128858244356516,0.6743709449370773));
#14160=DIRECTION('',(-0.2351309405003095,-0.7006818137793769,0.6736159415113946));
#14161=AXIS2_PLACEMENT_3D('',#688,#14159,#14160);
#14162=PLANE('',#14161);
#14163=FACE_SURFACE('',(#14158),#14162,.T.);
#14164=POLY_LOOP('',(#975,#974,#976));
#14165=FACE_OUTER_BOUND('',#14164,.T.);
#14166=DIRECTION('',(-4.451697113142026e-05,0.9999535050291644,-0.009642914400142172));
#14167=DIRECTION('',(-0.7895501885512418,0.0058825747602085626,0.6136577996513115));
#14168=AXIS2_PLACEMENT_3D('',#975,#14166,#14167);
#14169=PLANE('',#14168);
#14170=FACE_SURFACE('',(#14165),#14169,.T.);
#14171=POLY_LOOP('',(#975,#784,#974));
#14172=FACE_OUTER_BOUND('',#14171,.T.);
#14173=DIRECTION('',(6.270343604676133e-07,0.9999540644026949,-0.009584836156026774));
#14174=DIRECTION('',(-0.8318704255853243,-0.005318774019949535,-0.554944416747674));
#14175=AXIS2_PLACEMENT_3D('',#975,#14173,#14174);
#14176=PLANE('',#14175);
#14177=FACE_SURFACE('',(#14172),#14176,.T.);
#14178=POLY_LOOP('',(#970,#784,#975));
#14179=FACE_OUTER_BOUND('',#14178,.T.);
#14180=DIRECTION('',(-1.0374458663195527e-06,0.9999540883130957,-0.009582341303103068));
#14181=DIRECTION('',(-0.9646770494368284,-0.002525328310385864,-0.26342325828745583));
#14182=AXIS2_PLACEMENT_3D('',#970,#14180,#14181);
#14183=PLANE('',#14182);
#14184=FACE_SURFACE('',(#14179),#14183,.T.);
#14185=POLY_LOOP('',(#970,#783,#784));
#14186=FACE_OUTER_BOUND('',#14185,.T.);
#14187=DIRECTION('',(3.912045741646794e-07,0.9999540381689745,-0.009587572654617712));
#14188=DIRECTION('',(-0.7518474213537996,-0.00632114855426364,-0.6593068315167052));
#14189=AXIS2_PLACEMENT_3D('',#970,#14187,#14188);
#14190=PLANE('',#14189);
#14191=FACE_SURFACE('',(#14186),#14190,.T.);
#14192=POLY_LOOP('',(#918,#595,#979));
#14193=FACE_OUTER_BOUND('',#14192,.T.);
#14194=DIRECTION('',(-0.15783268079892204,0.01106114050690545,0.9874039173724763));
#14195=DIRECTION('',(0.13645975548751046,0.9905876577561873,0.010715756314870149));
#14196=AXIS2_PLACEMENT_3D('',#918,#14194,#14195);
#14197=PLANE('',#14196);
#14198=FACE_SURFACE('',(#14193),#14197,.T.);
#14199=POLY_LOOP('',(#969,#783,#970));
#14200=FACE_OUTER_BOUND('',#14199,.T.);
#14201=DIRECTION('',(-5.065252123548986e-06,0.9999540977911409,-0.009581350898947598));
#14202=DIRECTION('',(-0.9466611757261054,-0.00309220018024319,-0.3222158541582227));
#14203=AXIS2_PLACEMENT_3D('',#969,#14201,#14202);
#14204=PLANE('',#14203);
#14205=FACE_SURFACE('',(#14200),#14204,.T.);
#14206=POLY_LOOP('',(#584,#789,#740));
#14207=FACE_OUTER_BOUND('',#14206,.T.);
#14208=DIRECTION('',(3.755628739323408e-06,0.9999540604749586,-0.00958524519968006));
#14209=DIRECTION('',(0.21008326321556084,-0.009372125015819821,-0.9776385762588284));
#14210=AXIS2_PLACEMENT_3D('',#584,#14208,#14209);
#14211=PLANE('',#14210);
#14212=FACE_SURFACE('',(#14207),#14211,.T.);
#14213=POLY_LOOP('',(#971,#789,#584));
#14214=FACE_OUTER_BOUND('',#14213,.T.);
#14215=DIRECTION('',(1.3011228946462749e-06,0.9999540554255677,-0.009585772596293113));
#14216=DIRECTION('',(-0.12708880137069908,-0.009507879504883342,-0.991845772685189));
#14217=AXIS2_PLACEMENT_3D('',#971,#14215,#14216);
#14218=PLANE('',#14217);
#14219=FACE_SURFACE('',(#14214),#14218,.T.);
#14220=POLY_LOOP('',(#971,#787,#789));
#14221=FACE_OUTER_BOUND('',#14220,.T.);
#14222=DIRECTION('',(8.109039627747277e-07,0.9999540560281719,-0.009585709788537422));
#14223=DIRECTION('',(0.3825366539591654,-0.008856933921741299,-0.9238978639975479));
#14224=AXIS2_PLACEMENT_3D('',#971,#14222,#14223);
#14225=PLANE('',#14224);
#14226=FACE_SURFACE('',(#14221),#14225,.T.);
#14227=POLY_LOOP('',(#972,#787,#971));
#14228=FACE_OUTER_BOUND('',#14227,.T.);
#14229=DIRECTION('',(-3.319824763002485e-06,0.9999540396277109,-0.009587419944983218));
#14230=DIRECTION('',(-0.21843412703961862,-0.009356625141150881,-0.9758068383191458));
#14231=AXIS2_PLACEMENT_3D('',#972,#14229,#14230);
#14232=PLANE('',#14231);
#14233=FACE_SURFACE('',(#14228),#14232,.T.);
#14234=POLY_LOOP('',(#972,#792,#787));
#14235=FACE_OUTER_BOUND('',#14234,.T.);
#14236=DIRECTION('',(-6.806781351457705e-06,0.9999540470929102,-0.009586639462166903));
#14237=DIRECTION('',(0.04629079138765713,-0.009576047572601734,-0.998882106129443));
#14238=AXIS2_PLACEMENT_3D('',#972,#14236,#14237);
#14239=PLANE('',#14238);
#14240=FACE_SURFACE('',(#14235),#14239,.T.);
#14241=POLY_LOOP('',(#973,#792,#972));
#14242=FACE_OUTER_BOUND('',#14241,.T.);
#14243=DIRECTION('',(1.5013274374986248e-06,0.9999540508057461,-0.009586254478419447));
#14244=DIRECTION('',(-0.41528277929803437,-0.008719919136426805,-0.9096505791944257));
#14245=AXIS2_PLACEMENT_3D('',#973,#14243,#14244);
#14246=PLANE('',#14245);
#14247=FACE_SURFACE('',(#14242),#14246,.T.);
#14248=POLY_LOOP('',(#973,#784,#792));
#14249=FACE_OUTER_BOUND('',#14248,.T.);
#14250=DIRECTION('',(8.236655815554862e-06,0.9999540212930039,-0.009589329074977256));
#14251=DIRECTION('',(-0.21591698549722815,-0.00936135498527081,-0.9763668472488348));
#14252=AXIS2_PLACEMENT_3D('',#973,#14250,#14251);
#14253=PLANE('',#14252);
#14254=FACE_SURFACE('',(#14249),#14253,.T.);
#14255=POLY_LOOP('',(#974,#784,#973));
#14256=FACE_OUTER_BOUND('',#14255,.T.);
#14257=DIRECTION('',(2.2006444489737703e-05,0.999953991881067,-0.009592373889469121));
#14258=DIRECTION('',(-0.3325223024588411,-0.009039206318269426,-0.9430520723250687));
#14259=AXIS2_PLACEMENT_3D('',#974,#14257,#14258);
#14260=PLANE('',#14259);
#14261=FACE_SURFACE('',(#14256),#14260,.T.);
#14262=POLY_LOOP('',(#968,#783,#969));
#14263=FACE_OUTER_BOUND('',#14262,.T.);
#14264=DIRECTION('',(-3.145188343082198e-06,0.999954043736304,-0.009586991473935));
#14265=DIRECTION('',(-0.9932645497555798,0.0011077074910722082,0.11586331249778575));
#14266=AXIS2_PLACEMENT_3D('',#968,#14264,#14265);
#14267=PLANE('',#14266);
#14268=FACE_SURFACE('',(#14263),#14267,.T.);
#14269=POLY_LOOP('',(#968,#782,#783));
#14270=FACE_OUTER_BOUND('',#14269,.T.);
#14271=DIRECTION('',(-1.9997030549001554e-06,0.9999541378303505,-0.009577172440836328));
#14272=DIRECTION('',(-0.9337120650852611,-0.003430732604470477,-0.3580083931809615));
#14273=AXIS2_PLACEMENT_3D('',#968,#14271,#14272);
#14274=PLANE('',#14273);
#14275=FACE_SURFACE('',(#14270),#14274,.T.);
#14276=POLY_LOOP('',(#963,#782,#968));
#14277=FACE_OUTER_BOUND('',#14276,.T.);
#14278=DIRECTION('',(2.9460663200297023e-06,0.9999540142152432,-0.009590070184392268));
#14279=DIRECTION('',(-0.9973893559894961,0.0006954497218256437,0.07220795599200018));
#14280=AXIS2_PLACEMENT_3D('',#963,#14278,#14279);
#14281=PLANE('',#14280);
#14282=FACE_SURFACE('',(#14277),#14281,.T.);
#14283=POLY_LOOP('',(#728,#820,#821));
#14284=FACE_OUTER_BOUND('',#14283,.T.);
#14285=DIRECTION('',(9.810373579894246e-07,0.9999540589101739,-0.009585409125656159));
#14286=DIRECTION('',(0.1268541154607622,-0.009508096735583664,-0.9918758135407549));
#14287=AXIS2_PLACEMENT_3D('',#728,#14285,#14286);
#14288=PLANE('',#14287);
#14289=FACE_SURFACE('',(#14284),#14288,.T.);
#14290=POLY_LOOP('',(#584,#740,#720));
#14291=FACE_OUTER_BOUND('',#14290,.T.);
#14292=DIRECTION('',(0.0,0.9999540604820107,-0.00958524519974766));
#14293=DIRECTION('',(0.0,-0.009585245199747659,-0.9999540604820106));
#14294=AXIS2_PLACEMENT_3D('',#584,#14292,#14293);
#14295=PLANE('',#14294);
#14296=FACE_SURFACE('',(#14291),#14295,.T.);
#14297=POLY_LOOP('',(#930,#913,#980));
#14298=FACE_OUTER_BOUND('',#14297,.T.);
#14299=DIRECTION('',(-0.24425379586302848,0.00954485761618428,0.9696643640454097));
#14300=DIRECTION('',(0.8872813876586203,-0.4012449708174396,0.22745156079549114));
#14301=AXIS2_PLACEMENT_3D('',#930,#14299,#14300);
#14302=PLANE('',#14301);
#14303=FACE_SURFACE('',(#14298),#14302,.T.);
#14304=POLY_LOOP('',(#980,#913,#909));
#14305=FACE_OUTER_BOUND('',#14304,.T.);
#14306=DIRECTION('',(-0.2175832433227072,0.009290019959363665,0.9759975551989493));
#14307=DIRECTION('',(-0.01122026748603255,-0.9999124349287845,0.007016271968170213));
#14308=AXIS2_PLACEMENT_3D('',#980,#14306,#14307);
#14309=PLANE('',#14308);
#14310=FACE_SURFACE('',(#14305),#14309,.T.);
#14311=POLY_LOOP('',(#980,#909,#979));
#14312=FACE_OUTER_BOUND('',#14311,.T.);
#14313=DIRECTION('',(-0.20694933538339927,0.009538764498725077,0.9783051592198658));
#14314=DIRECTION('',(0.02033577353349819,-0.9996944926241016,0.014049118542969485));
#14315=AXIS2_PLACEMENT_3D('',#980,#14313,#14314);
#14316=PLANE('',#14315);
#14317=FACE_SURFACE('',(#14312),#14316,.T.);
#14318=POLY_LOOP('',(#952,#917,#916));
#14319=FACE_OUTER_BOUND('',#14318,.T.);
#14320=DIRECTION('',(-0.3502143741564351,-0.4015943925662143,0.8462102788276623));
#14321=DIRECTION('',(0.15396581746325005,0.8664543783688781,0.4749224539419823));
#14322=AXIS2_PLACEMENT_3D('',#952,#14320,#14321);
#14323=PLANE('',#14322);
#14324=FACE_SURFACE('',(#14319),#14323,.T.);
#14325=POLY_LOOP('',(#943,#917,#952));
#14326=FACE_OUTER_BOUND('',#14325,.T.);
#14327=DIRECTION('',(-0.33485887439900697,-0.40645347056034925,0.8500971182786571));
#14328=DIRECTION('',(-0.37511218276389907,0.8851133297572435,0.2754364606005315));
#14329=AXIS2_PLACEMENT_3D('',#943,#14327,#14328);
#14330=PLANE('',#14329);
#14331=FACE_SURFACE('',(#14326),#14330,.T.);
#14332=POLY_LOOP('',(#943,#982,#917));
#14333=FACE_OUTER_BOUND('',#14332,.T.);
#14334=DIRECTION('',(-0.34530746674911333,-0.40916979571276896,0.8445962536524068));
#14335=DIRECTION('',(0.04386422707216837,0.8919325877842067,0.450035763503224));
#14336=AXIS2_PLACEMENT_3D('',#943,#14334,#14335);
#14337=PLANE('',#14336);
#14338=FACE_SURFACE('',(#14333),#14337,.T.);
#14339=POLY_LOOP('',(#940,#982,#943));
#14340=FACE_OUTER_BOUND('',#14339,.T.);
#14341=DIRECTION('',(-0.3029025937794599,-0.41739158443296076,0.8567580077981285));
#14342=DIRECTION('',(-0.45396867767659266,0.8536375589962304,0.2553729773478845));
#14343=AXIS2_PLACEMENT_3D('',#940,#14341,#14342);
#14344=PLANE('',#14343);
#14345=FACE_SURFACE('',(#14340),#14344,.T.);
#14346=POLY_LOOP('',(#940,#921,#982));
#14347=FACE_OUTER_BOUND('',#14346,.T.);
#14348=DIRECTION('',(-0.2908412725428365,-0.4128752316805772,0.8631021939784264));
#14349=DIRECTION('',(0.15384082946015046,0.87018054213559,0.4681012959602051));
#14350=AXIS2_PLACEMENT_3D('',#940,#14348,#14349);
#14351=PLANE('',#14350);
#14352=FACE_SURFACE('',(#14347),#14351,.T.);
#14353=POLY_LOOP('',(#869,#921,#940));
#14354=FACE_OUTER_BOUND('',#14353,.T.);
#14355=DIRECTION('',(-0.26702295317911856,-0.41950170970201534,0.8675926797942617));
#14356=DIRECTION('',(-0.9358845287653998,0.327585099669206,-0.1296462544475606));
#14357=AXIS2_PLACEMENT_3D('',#869,#14355,#14356);
#14358=PLANE('',#14357);
#14359=FACE_SURFACE('',(#14354),#14358,.T.);
#14360=POLY_LOOP('',(#982,#919,#917));
#14361=FACE_OUTER_BOUND('',#14360,.T.);
#14362=DIRECTION('',(-0.3435590192151354,-0.4067022446851173,0.8464989571665291));
#14363=DIRECTION('',(-0.7436370984672983,0.6683055108419307,0.01927718759164744));
#14364=AXIS2_PLACEMENT_3D('',#982,#14362,#14363);
#14365=PLANE('',#14364);
#14366=FACE_SURFACE('',(#14361),#14365,.T.);
#14367=POLY_LOOP('',(#982,#920,#919));
#14368=FACE_OUTER_BOUND('',#14367,.T.);
#14369=DIRECTION('',(-0.31894925121955,-0.3799467559380903,0.8682809670830114));
#14370=DIRECTION('',(0.08653833852418066,0.9006271639341864,0.4258894546115675));
#14371=AXIS2_PLACEMENT_3D('',#982,#14369,#14370);
#14372=PLANE('',#14371);
#14373=FACE_SURFACE('',(#14368),#14372,.T.);
#14374=POLY_LOOP('',(#921,#920,#982));
#14375=FACE_OUTER_BOUND('',#14374,.T.);
#14376=DIRECTION('',(-0.2892017335311956,-0.3863745820941814,0.8758293438987405));
#14377=DIRECTION('',(-0.9264163202034044,0.3433738559146579,-0.15442537594282654));
#14378=AXIS2_PLACEMENT_3D('',#921,#14376,#14377);
#14379=PLANE('',#14378);
#14380=FACE_SURFACE('',(#14375),#14379,.T.);
#14381=POLY_LOOP('',(#940,#867,#869));
#14382=FACE_OUTER_BOUND('',#14381,.T.);
#14383=DIRECTION('',(-0.2687209270984053,-0.41824672155329545,0.8676743301776848));
#14384=DIRECTION('',(0.8657684133101201,-0.4997019468351517,0.027258371991673514));
#14385=AXIS2_PLACEMENT_3D('',#940,#14383,#14384);
#14386=PLANE('',#14385);
#14387=FACE_SURFACE('',(#14382),#14386,.T.);
#14388=POLY_LOOP('',(#950,#912,#914));
#14389=FACE_OUTER_BOUND('',#14388,.T.);
#14390=DIRECTION('',(-0.48276418203385507,-0.3839667055787828,0.7870885042688397));
#14391=DIRECTION('',(-0.509720054780981,0.8540330847277688,0.10398536408766992));
#14392=AXIS2_PLACEMENT_3D('',#950,#14390,#14391);
#14393=PLANE('',#14392);
#14394=FACE_SURFACE('',(#14389),#14393,.T.);
#14395=POLY_LOOP('',(#950,#910,#912));
#14396=FACE_OUTER_BOUND('',#14395,.T.);
#14397=DIRECTION('',(-0.42542597215910505,-0.3552559468417093,0.8323496587649214));
#14398=DIRECTION('',(0.9047409647531424,-0.14524034372955688,0.40043604889029827));
#14399=AXIS2_PLACEMENT_3D('',#950,#14397,#14398);
#14400=PLANE('',#14399);
#14401=FACE_SURFACE('',(#14396),#14400,.T.);
#14402=POLY_LOOP('',(#951,#910,#950));
#14403=FACE_OUTER_BOUND('',#14402,.T.);
#14404=DIRECTION('',(-0.42453147086565934,-0.38443797894661513,0.8197441494686508));
#14405=DIRECTION('',(0.015212974201320915,0.9022247706484393,0.4309977130383886));
#14406=AXIS2_PLACEMENT_3D('',#951,#14404,#14405);
#14407=PLANE('',#14406);
#14408=FACE_SURFACE('',(#14403),#14407,.T.);
#14409=POLY_LOOP('',(#951,#911,#910));
#14410=FACE_OUTER_BOUND('',#14409,.T.);
#14411=DIRECTION('',(-0.39882028393631436,-0.3897992537115546,0.8300595899854856));
#14412=DIRECTION('',(0.08102905723718754,0.8866418424698186,0.4553026851062687));
#14413=AXIS2_PLACEMENT_3D('',#951,#14411,#14412);
#14414=PLANE('',#14413);
#14415=FACE_SURFACE('',(#14410),#14414,.T.);
#14416=POLY_LOOP('',(#952,#911,#951));
#14417=FACE_OUTER_BOUND('',#14416,.T.);
#14418=DIRECTION('',(-0.3751236317581554,-0.39608889239804124,0.8380905978564993));
#14419=DIRECTION('',(-0.46691029245669974,0.8617839648367528,0.19830072301493415));
#14420=AXIS2_PLACEMENT_3D('',#952,#14418,#14419);
#14421=PLANE('',#14420);
#14422=FACE_SURFACE('',(#14417),#14421,.T.);
#14423=POLY_LOOP('',(#884,#829,#882));
#14424=FACE_OUTER_BOUND('',#14423,.T.);
#14425=DIRECTION('',(-0.660367149883639,-0.3562072480894023,0.6610836737986612));
#14426=DIRECTION('',(0.5106093521688879,0.4325172450302539,0.7431062657716645));
#14427=AXIS2_PLACEMENT_3D('',#884,#14425,#14426);
#14428=PLANE('',#14427);
#14429=FACE_SURFACE('',(#14424),#14428,.T.);
#14430=POLY_LOOP('',(#832,#829,#884));
#14431=FACE_OUTER_BOUND('',#14430,.T.);
#14432=DIRECTION('',(-0.6366014009313372,-0.39076020006482665,0.6648647399114765));
#14433=DIRECTION('',(-0.07368576473795863,0.8890007960929902,0.45193804068811455));
#14434=AXIS2_PLACEMENT_3D('',#832,#14432,#14433);
#14435=PLANE('',#14434);
#14436=FACE_SURFACE('',(#14431),#14435,.T.);
#14437=POLY_LOOP('',(#929,#881,#883));
#14438=FACE_OUTER_BOUND('',#14437,.T.);
#14439=DIRECTION('',(-0.7169769575985442,-0.37286456657674366,0.5889958041143184));
#14440=DIRECTION('',(0.6592163018517971,-0.6373937109623544,0.39895253426752253));
#14441=AXIS2_PLACEMENT_3D('',#929,#14439,#14440);
#14442=PLANE('',#14441);
#14443=FACE_SURFACE('',(#14438),#14442,.T.);
#14444=POLY_LOOP('',(#929,#546,#881));
#14445=FACE_OUTER_BOUND('',#14444,.T.);
#14446=DIRECTION('',(-0.7090237604450292,-0.3501823723985511,0.6120928141921878));
#14447=DIRECTION('',(0.37240037341950716,-0.9230213562800683,-0.09669300764747633));
#14448=AXIS2_PLACEMENT_3D('',#929,#14446,#14447);
#14449=PLANE('',#14448);
#14450=FACE_SURFACE('',(#14445),#14449,.T.);
#14451=POLY_LOOP('',(#340,#546,#929));
#14452=FACE_OUTER_BOUND('',#14451,.T.);
#14453=DIRECTION('',(-0.7109017882593874,-0.3506814314203012,0.6096238029363794));
#14454=DIRECTION('',(0.39501646829053083,-0.9162687092439077,-0.06643524847382974));
#14455=AXIS2_PLACEMENT_3D('',#340,#14453,#14454);
#14456=PLANE('',#14455);
#14457=FACE_SURFACE('',(#14452),#14456,.T.);
#14458=POLY_LOOP('',(#831,#830,#833));
#14459=FACE_OUTER_BOUND('',#14458,.T.);
#14460=DIRECTION('',(-0.5667030204416942,-0.3914475507830518,0.7249941390164549));
#14461=DIRECTION('',(-0.5513240004053057,-0.4737415295937743,-0.6867392589005246));
#14462=AXIS2_PLACEMENT_3D('',#831,#14460,#14461);
#14463=PLANE('',#14462);
#14464=FACE_SURFACE('',(#14459),#14463,.T.);
#14465=POLY_LOOP('',(#47,#49,#863));
#14466=FACE_OUTER_BOUND('',#14465,.T.);
#14467=DIRECTION('',(0.6195327527741834,-0.5276015258505534,0.5812192341622998));
#14468=DIRECTION('',(0.6055824722442233,0.7923568562519786,0.07375962080336314));
#14469=AXIS2_PLACEMENT_3D('',#47,#14467,#14468);
#14470=PLANE('',#14469);
#14471=FACE_SURFACE('',(#14466),#14470,.T.);
#14472=POLY_LOOP('',(#930,#657,#659));
#14473=FACE_OUTER_BOUND('',#14472,.T.);
#14474=DIRECTION('',(-0.29699829814715045,0.009152678502784698,0.9548341423377784));
#14475=DIRECTION('',(-0.08759453816382777,0.9954766794168124,-0.03678828103000315));
#14476=AXIS2_PLACEMENT_3D('',#930,#14474,#14475);
#14477=PLANE('',#14476);
#14478=FACE_SURFACE('',(#14473),#14477,.T.);
#14479=POLY_LOOP('',(#930,#981,#657));
#14480=FACE_OUTER_BOUND('',#14479,.T.);
#14481=DIRECTION('',(-0.2904183005586447,0.009806149379093031,0.956849544147346));
#14482=DIRECTION('',(0.018064165639469422,0.9998254806675193,-0.004763835399520954));
#14483=AXIS2_PLACEMENT_3D('',#930,#14481,#14482);
#14484=PLANE('',#14483);
#14485=FACE_SURFACE('',(#14480),#14484,.T.);
#14486=POLY_LOOP('',(#980,#981,#930));
#14487=FACE_OUTER_BOUND('',#14486,.T.);
#14488=DIRECTION('',(-0.23538161045190478,0.008883315360698084,0.9718624306810457));
#14489=DIRECTION('',(-0.9719030227972266,-0.002262890089858763,-0.23537075775477037));
#14490=AXIS2_PLACEMENT_3D('',#980,#14488,#14489);
#14491=PLANE('',#14490);
#14492=FACE_SURFACE('',(#14487),#14491,.T.);
#14493=POLY_LOOP('',(#979,#915,#918));
#14494=FACE_OUTER_BOUND('',#14493,.T.);
#14495=DIRECTION('',(-0.18065523939506042,0.009425719846767723,0.9835013168697252));
#14496=DIRECTION('',(-0.00019229900715133074,-0.9999543975458426,0.009548080949729962));
#14497=AXIS2_PLACEMENT_3D('',#979,#14495,#14496);
#14498=PLANE('',#14497);
#14499=FACE_SURFACE('',(#14494),#14498,.T.);
#14500=POLY_LOOP('',(#979,#909,#915));
#14501=FACE_OUTER_BOUND('',#14500,.T.);
#14502=DIRECTION('',(-0.2019035987602028,0.009390266296206444,0.9793603829574511));
#14503=DIRECTION('',(-0.03012246644893803,-0.9995405218522034,0.00337375020673145));
#14504=AXIS2_PLACEMENT_3D('',#979,#14502,#14503);
#14505=PLANE('',#14504);
#14506=FACE_SURFACE('',(#14501),#14505,.T.);
#14507=POLY_LOOP('',(#734,#671,#728));
#14508=FACE_OUTER_BOUND('',#14507,.T.);
#14509=DIRECTION('',(2.8811794790087048e-06,0.9999540803810449,-0.00958316863035305));
#14510=DIRECTION('',(0.16023535094524244,-0.009459804601068164,-0.9870335072348682));
#14511=AXIS2_PLACEMENT_3D('',#734,#14509,#14510);
#14512=PLANE('',#14511);
#14513=FACE_SURFACE('',(#14508),#14512,.T.);
#14514=POLY_LOOP('',(#339,#546,#340));
#14515=FACE_OUTER_BOUND('',#14514,.T.);
#14516=DIRECTION('',(-0.9161360789390155,-0.3875220597695062,-0.1025735738786822));
#14517=DIRECTION('',(0.24421394107113192,-0.7424557606017653,0.623794032141828));
#14518=AXIS2_PLACEMENT_3D('',#339,#14516,#14517);
#14519=PLANE('',#14518);
#14520=FACE_SURFACE('',(#14515),#14519,.T.);
#14521=CLOSED_SHELL('',(#989,#996,#1003,#1010,#1017,#1024,#1031,#1038,#1045,#1052,#1059,#1066,#1073,#1080,#1087,#1094,#1101,#1108,#1115,#1122,#1129,#1136,#1143,#1150,#1157,#1164,#1171,#1178,#1185,#1192,#1199,#1206,#1213,#1220,#1227,#1234,#1241,#1248,#1255,#1262,#1269,#1276,#1283,#1290,#1297,#1304,#1311,#1318,#1325,#1332,#1339,#1346,#1353,#1360,#1367,#1374,#1381,#1388,#1395,#1402,#1409,#1416,#1423,#1430,#1437,#1444,#1451,#1458,#1465,#1472,#1479,#1486,#1493,#1500,#1507,#1514,#1521,#1528,#1535,#1542,#1549,#1556,#1563,#1570,#1577,#1584,#1591,#1598,#1605,#1612,#1619,#1626,#1633,#1640,#1647,#1654,#1661,#1668,#1675,#1682,#1689,#1696,#1703,#1710,#1717,#1724,#1731,#1738,#1745,#1752,#1759,#1766,#1773,#1780,#1787,#1794,#1801,#1808,#1815,#1822,#1829,#1836,#1843,#1850,#1857,#1864,#1871,#1878,#1885,#1892,#1899,#1906,#1913,#1920,#1927,#1934,#1941,#1948,#1955,#1962,#1969,#1976,#1983,#1990,#1997,#2004,#2011,#2018,#2025,#2032,#2039,#2046,#2053,#2060,#2067,#2074,#2081,#2088,#2095,#2102,#2109,#2116,#2123,#2130,#2137,#2144,#2151,#2158,#2165,#2172,#2179,#2186,#2193,#2200,#2207,#2214,#2221,#2228,#2235,#2242,#2249,#2256,#2263,#2270,#2277,#2284,#2291,#2298,#2305,#2312,#2319,#2326,#2333,#2340,#2347,#2354,#2361,#2368,#2375,#2382,#2389,#2396,#2403,#2410,#2417,#2424,#2431,#2438,#2445,#2452,#2459,#2466,#2473,#2480,#2487,#2494,#2501,#2508,#2515,#2522,#2529,#2536,#2543,#2550,#2557,#2564,#2571,#2578,#2585,#2592,#2599,#2606,#2613,#2620,#2627,#2634,#2641,#2648,#2655,#2662,#2669,#2676,#2683,#2690,#2697,#2704,#2711,#2718,#2725,#2732,#2739,#2746,#2753,#2760,#2767,#2774,#2781,#2788,#2795,#2802,#2809,#2816,#2823,#2830,#2837,#2844,#2851,#2858,#2865,#2872,#2879,#2886,#2893,#2900,#2907,#2914,#2921,#2928,#2935,#2942,#2949,#2956,#2963,#2970,#2977,#2984,#2991,#2998,#3005,#3012,#3019,#3026,#3033,#3040,#3047,#3054,#3061,#3068,#3075,#3082,#3089,#3096,#3103,#3110,#3117,#3124,#3131,#3138,#3145,#3152,#3159,#3166,#3173,#3180,#3187,#3194,#3201,#3208,#3215,#3222,#3229,#3236,#3243,#3250,#3257,#3264,#3271,#3278,#3285,#3292,#3299,#3306,#3313,#3320,#3327,#3334,#3341,#3348,#3355,#3362,#3369,#3376,#3383,#3390,#3397,#3404,#3411,#3418,#3425,#3432,#3439,#3446,#3453,#3460,#3467,#3474,#3481,#3488,#3495,#3502,#3509,#3516,#3523,#3530,#3537,#3544,#3551,#3558,#3565,#3572,#3579,#3586,#3593,#3600,#3607,#3614,#3621,#3628,#3635,#3642,#3649,#3656,#3663,#3670,#3677,#3684,#3691,#3698,#3705,#3712,#3719,#3726,#3733,#3740,#3747,#3754,#3761,#3768,#3775,#3782,#3789,#3796,#3803,#3810,#3817,#3824,#3831,#3838,#3845,#3852,#3859,#3866,#3873,#3880,#3887,#3894,#3901,#3908,#3915,#3922,#3929,#3936,#3943,#3950,#3957,#3964,#3971,#3978,#3985,#3992,#3999,#4006,#4013,#4020,#4027,#4034,#4041,#4048,#4055,#4062,#4069,#4076,#4083,#4090,#4097,#4104,#4111,#4118,#4125,#4132,#4139,#4146,#4153,#4160,#4167,#4174,#4181,#4188,#4195,#4202,#4209,#4216,#4223,#4230,#4237,#4244,#4251,#4258,#4265,#4272,#4279,#4286,#4293,#4300,#4307,#4314,#4321,#4328,#4335,#4342,#4349,#4356,#4363,#4370,#4377,#4384,#4391,#4398,#4405,#4412,#4419,#4426,#4433,#4440,#4447,#4454,#4461,#4468,#4475,#4482,#4489,#4496,#4503,#4510,#4517,#4524,#4531,#4538,#4545,#4552,#4559,#4566,#4573,#4580,#4587,#4594,#4601,#4608,#4615,#4622,#4629,#4636,#4643,#4650,#4657,#4664,#4671,#4678,#4685,#4692,#4699,#4706,#4713,#4720,#4727,#4734,#4741,#4748,#4755,#4762,#4769,#4776,#4783,#4790,#4797,#4804,#4811,#4818,#4825,#4832,#4839,#4846,#4853,#4860,#4867,#4874,#4881,#4888,#4895,#4902,#4909,#4916,#4923,#4930,#4937,#4944,#4951,#4958,#4965,#4972,#4979,#4986,#4993,#5000,#5007,#5014,#5021,#5028,#5035,#5042,#5049,#5056,#5063,#5070,#5077,#5084,#5091,#5098,#5105,#5112,#5119,#5126,#5133,#5140,#5147,#5154,#5161,#5168,#5175,#5182,#5189,#5196,#5203,#5210,#5217,#5224,#5231,#5238,#5245,#5252,#5259,#5266,#5273,#5280,#5287,#5294,#5301,#5308,#5315,#5322,#5329,#5336,#5343,#5350,#5357,#5364,#5371,#5378,#5385,#5392,#5399,#5406,#5413,#5420,#5427,#5434,#5441,#5448,#5455,#5462,#5469,#5476,#5483,#5490,#5497,#5504,#5511,#5518,#5525,#5532,#5539,#5546,#5553,#5560,#5567,#5574,#5581,#5588,#5595,#5602,#5609,#5616,#5623,#5630,#5637,#5644,#5651,#5658,#5665,#5672,#5679,#5686,#5693,#5700,#5707,#5714,#5721,#5728,#5735,#5742,#5749,#5756,#5763,#5770,#5777,#5784,#5791,#5798,#5805,#5812,#5819,#5826,#5833,#5840,#5847,#5854,#5861,#5868,#5875,#5882,#5889,#5896,#5903,#5910,#5917,#5924,#5931,#5938,#5945,#5952,#5959,#5966,#5973,#5980,#5987,#5994,#6001,#6008,#6015,#6022,#6029,#6036,#6043,#6050,#6057,#6064,#6071,#6078,#6085,#6092,#6099,#6106,#6113,#6120,#6127,#6134,#6141,#6148,#6155,#6162,#6169,#6176,#6183,#6190,#6197,#6204,#6211,#6218,#6225,#6232,#6239,#6246,#6253,#6260,#6267,#6274,#6281,#6288,#6295,#6302,#6309,#6316,#6323,#6330,#6337,#6344,#6351,#6358,#6365,#6372,#6379,#6386,#6393,#6400,#6407,#6414,#6421,#6428,#6435,#6442,#6449,#6456,#6463,#6470,#6477,#6484,#6491,#6498,#6505,#6512,#6519,#6526,#6533,#6540,#6547,#6554,#6561,#6568,#6575,#6582,#6589,#6596,#6603,#6610,#6617,#6624,#6631,#6638,#6645,#6652,#6659,#6666,#6673,#6680,#6687,#6694,#6701,#6708,#6715,#6722,#6729,#6736,#6743,#6750,#6757,#6764,#6771,#6778,#6785,#6792,#6799,#6806,#6813,#6820,#6827,#6834,#6841,#6848,#6855,#6862,#6869,#6876,#6883,#6890,#6897,#6904,#6911,#6918,#6925,#6932,#6939,#6946,#6953,#6960,#6967,#6974,#6981,#6988,#6995,#7002,#7009,#7016,#7023,#7030,#7037,#7044,#7051,#7058,#7065,#7072,#7079,#7086,#7093,#7100,#7107,#7114,#7121,#7128,#7135,#7142,#7149,#7156,#7163,#7170,#7177,#7184,#7191,#7198,#7205,#7212,#7219,#7226,#7233,#7240,#7247,#7254,#7261,#7268,#7275,#7282,#7289,#7296,#7303,#7310,#7317,#7324,#7331,#7338,#7345,#7352,#7359,#7366,#7373,#7380,#7387,#7394,#7401,#7408,#7415,#7422,#7429,#7436,#7443,#7450,#7457,#7464,#7471,#7478,#7485,#7492,#7499,#7506,#7513,#7520,#7527,#7534,#7541,#7548,#7555,#7562,#7569,#7576,#7583,#7590,#7597,#7604,#7611,#7618,#7625,#7632,#7639,#7646,#7653,#7660,#7667,#7674,#7681,#7688,#7695,#7702,#7709,#7716,#7723,#7730,#7737,#7744,#7751,#7758,#7765,#7772,#7779,#7786,#7793,#7800,#7807,#7814,#7821,#7828,#7835,#7842,#7849,#7856,#7863,#7870,#7877,#7884,#7891,#7898,#7905,#7912,#7919,#7926,#7933,#7940,#7947,#7954,#7961,#7968,#7975,#7982,#7989,#7996,#8003,#8010,#8017,#8024,#8031,#8038,#8045,#8052,#8059,#8066,#8073,#8080,#8087,#8094,#8101,#8108,#8115,#8122,#8129,#8136,#8143,#8150,#8157,#8164,#8171,#8178,#8185,#8192,#8199,#8206,#8213,#8220,#8227,#8234,#8241,#8248,#8255,#8262,#8269,#8276,#8283,#8290,#8297,#8304,#8311,#8318,#8325,#8332,#8339,#8346,#8353,#8360,#8367,#8374,#8381,#8388,#8395,#8402,#8409,#8416,#8423,#8430,#8437,#8444,#8451,#8458,#8465,#8472,#8479,#8486,#8493,#8500,#8507,#8514,#8521,#8528,#8535,#8542,#8549,#8556,#8563,#8570,#8577,#8584,#8591,#8598,#8605,#8612,#8619,#8626,#8633,#8640,#8647,#8654,#8661,#8668,#8675,#8682,#8689,#8696,#8703,#8710,#8717,#8724,#8731,#8738,#8745,#8752,#8759,#8766,#8773,#8780,#8787,#8794,#8801,#8808,#8815,#8822,#8829,#8836,#8843,#8850,#8857,#8864,#8871,#8878,#8885,#8892,#8899,#8906,#8913,#8920,#8927,#8934,#8941,#8948,#8955,#8962,#8969,#8976,#8983,#8990,#8997,#9004,#9011,#9018,#9025,#9032,#9039,#9046,#9053,#9060,#9067,#9074,#9081,#9088,#9095,#9102,#9109,#9116,#9123,#9130,#9137,#9144,#9151,#9158,#9165,#9172,#9179,#9186,#9193,#9200,#9207,#9214,#9221,#9228,#9235,#9242,#9249,#9256,#9263,#9270,#9277,#9284,#9291,#9298,#9305,#9312,#9319,#9326,#9333,#9340,#9347,#9354,#9361,#9368,#9375,#9382,#9389,#9396,#9403,#9410,#9417,#9424,#9431,#9438,#9445,#9452,#9459,#9466,#9473,#9480,#9487,#9494,#9501,#9508,#9515,#9522,#9529,#9536,#9543,#9550,#9557,#9564,#9571,#9578,#9585,#9592,#9599,#9606,#9613,#9620,#9627,#9634,#9641,#9648,#9655,#9662,#9669,#9676,#9683,#9690,#9697,#9704,#9711,#9718,#9725,#9732,#9739,#9746,#9753,#9760,#9767,#9774,#9781,#9788,#9795,#9802,#9809,#9816,#9823,#9830,#9837,#9844,#9851,#9858,#9865,#9872,#9879,#9886,#9893,#9900,#9907,#9914,#9921,#9928,#9935,#9942,#9949,#9956,#9963,#9970,#9977,#9984,#9991,#9998,#10005,#10012,#10019,#10026,#10033,#10040,#10047,#10054,#10061,#10068,#10075,#10082,#10089,#10096,#10103,#10110,#10117,#10124,#10131,#10138,#10145,#10152,#10159,#10166,#10173,#10180,#10187,#10194,#10201,#10208,#10215,#10222,#10229,#10236,#10243,#10250,#10257,#10264,#10271,#10278,#10285,#10292,#10299,#10306,#10313,#10320,#10327,#10334,#10341,#10348,#10355,#10362,#10369,#10376,#10383,#10390,#10397,#10404,#10411,#10418,#10425,#10432,#10439,#10446,#10453,#10460,#10467,#10474,#10481,#10488,#10495,#10502,#10509,#10516,#10523,#10530,#10537,#10544,#10551,#10558,#10565,#10572,#10579,#10586,#10593,#10600,#10607,#10614,#10621,#10628,#10635,#10642,#10649,#10656,#10663,#10670,#10677,#10684,#10691,#10698,#10705,#10712,#10719,#10726,#10733,#10740,#10747,#10754,#10761,#10768,#10775,#10782,#10789,#10796,#10803,#10810,#10817,#10824,#10831,#10838,#10845,#10852,#10859,#10866,#10873,#10880,#10887,#10894,#10901,#10908,#10915,#10922,#10929,#10936,#10943,#10950,#10957,#10964,#10971,#10978,#10985,#10992,#10999,#11006,#11013,#11020,#11027,#11034,#11041,#11048,#11055,#11062,#11069,#11076,#11083,#11090,#11097,#11104,#11111,#11118,#11125,#11132,#11139,#11146,#11153,#11160,#11167,#11174,#11181,#11188,#11195,#11202,#11209,#11216,#11223,#11230,#11237,#11244,#11251,#11258,#11265,#11272,#11279,#11286,#11293,#11300,#11307,#11314,#11321,#11328,#11335,#11342,#11349,#11356,#11363,#11370,#11377,#11384,#11391,#11398,#11405,#11412,#11419,#11426,#11433,#11440,#11447,#11454,#11461,#11468,#11475,#11482,#11489,#11496,#11503,#11510,#11517,#11524,#11531,#11538,#11545,#11552,#11559,#11566,#11573,#11580,#11587,#11594,#11601,#11608,#11615,#11622,#11629,#11636,#11643,#11650,#11657,#11664,#11671,#11678,#11685,#11692,#11699,#11706,#11713,#11720,#11727,#11734,#11741,#11748,#11755,#11762,#11769,#11776,#11783,#11790,#11797,#11804,#11811,#11818,#11825,#11832,#11839,#11846,#11853,#11860,#11867,#11874,#11881,#11888,#11895,#11902,#11909,#11916,#11923,#11930,#11937,#11944,#11951,#11958,#11965,#11972,#11979,#11986,#11993,#12000,#12007,#12014,#12021,#12028,#12035,#12042,#12049,#12056,#12063,#12070,#12077,#12084,#12091,#12098,#12105,#12112,#12119,#12126,#12133,#12140,#12147,#12154,#12161,#12168,#12175,#12182,#12189,#12196,#12203,#12210,#12217,#12224,#12231,#12238,#12245,#12252,#12259,#12266,#12273,#12280,#12287,#12294,#12301,#12308,#12315,#12322,#12329,#12336,#12343,#12350,#12357,#12364,#12371,#12378,#12385,#12392,#12399,#12406,#12413,#12420,#12427,#12434,#12441,#12448,#12455,#12462,#12469,#12476,#12483,#12490,#12497,#12504,#12511,#12518,#12525,#12532,#12539,#12546,#12553,#12560,#12567,#12574,#12581,#12588,#12595,#12602,#12609,#12616,#12623,#12630,#12637,#12644,#12651,#12658,#12665,#12672,#12679,#12686,#12693,#12700,#12707,#12714,#12721,#12728,#12735,#12742,#12749,#12756,#12763,#12770,#12777,#12784,#12791,#12798,#12805,#12812,#12819,#12826,#12833,#12840,#12847,#12854,#12861,#12868,#12875,#12882,#12889,#12896,#12903,#12910,#12917,#12924,#12931,#12938,#12945,#12952,#12959,#12966,#12973,#12980,#12987,#12994,#13001,#13008,#13015,#13022,#13029,#13036,#13043,#13050,#13057,#13064,#13071,#13078,#13085,#13092,#13099,#13106,#13113,#13120,#13127,#13134,#13141,#13148,#13155,#13162,#13169,#13176,#13183,#13190,#13197,#13204,#13211,#13218,#13225,#13232,#13239,#13246,#13253,#13260,#13267,#13274,#13281,#13288,#13295,#13302,#13309,#13316,#13323,#13330,#13337,#13344,#13351,#13358,#13365,#13372,#13379,#13386,#13393,#13400,#13407,#13414,#13421,#13428,#13435,#13442,#13449,#13456,#13463,#13470,#13477,#13484,#13491,#13498,#13505,#13512,#13519,#13526,#13533,#13540,#13547,#13554,#13561,#13568,#13575,#13582,#13589,#13596,#13603,#13610,#13617,#13624,#13631,#13638,#13645,#13652,#13659,#13666,#13673,#13680,#13687,#13694,#13701,#13708,#13715,#13722,#13729,#13736,#13743,#13750,#13757,#13764,#13771,#13778,#13785,#13792,#13799,#13806,#13813,#13820,#13827,#13834,#13841,#13848,#13855,#13862,#13869,#13876,#13883,#13890,#13897,#13904,#13911,#13918,#13925,#13932,#13939,#13946,#13953,#13960,#13967,#13974,#13981,#13988,#13995,#14002,#14009,#14016,#14023,#14030,#14037,#14044,#14051,#14058,#14065,#14072,#14079,#14086,#14093,#14100,#14107,#14114,#14121,#14128,#14135,#14142,#14149,#14156,#14163,#14170,#14177,#14184,#14191,#14198,#14205,#14212,#14219,#14226,#14233,#14240,#14247,#14254,#14261,#14268,#14275,#14282,#14289,#14296,#14303,#14310,#14317,#14324,#14331,#14338,#14345,#14352,#14359,#14366,#14373,#14380,#14387,#14394,#14401,#14408,#14415,#14422,#14429,#14436,#14443,#14450,#14457,#14464,#14471,#14478,#14485,#14492,#14499,#14506,#14513,#14520));
#14522=FACETED_BREP('RM_foot_tip_link__C001',#14521);
#14523=PRODUCT('RM_foot_tip_link__C001','RM_foot_tip_link__C001','Mesh-derived reference', (#3));
#14524=PRODUCT_DEFINITION_FORMATION('','',#14523);
#14525=PRODUCT_DEFINITION('design','',#14524,#4);
#14526=PRODUCT_DEFINITION_SHAPE('','',#14525);
#14527=FACETED_BREP_SHAPE_REPRESENTATION('RM_foot_tip_link__C001',(#13,#14522),#9);
#14528=SHAPE_DEFINITION_REPRESENTATION(#14526,#14527);
#14529=PRODUCT_RELATED_PRODUCT_CATEGORY('part',$,(#14523));
ENDSEC;
END-ISO-10303-21;
