component,axis,center_x_mm_REF,center_y_mm_REF,center_z_mm_REF,diameter_mm_REF,max_radial_error_mm,rim_vertices,status
base_link__C001,x,89.508,-21.998243406414822,10.340167209506044,1.3500000403521075,2.301636177204358e-07,12,rim_fit_only_not_hole_type
base_link__C001,x,89.508,-21.99891023337828,22.34016731381419,1.3500000403518337,2.3016372263651164e-07,12,rim_fit_only_not_hole_type
base_link__C001,x,89.508,36.50175873190073,10.343417525291505,1.350000040353097,1.1614846175955762e-06,12,rim_fit_only_not_hole_type
base_link__C001,x,89.508,36.50109190493688,22.343416853497303,1.350000267614744,1.4233151108822284e-06,12,rim_fit_only_not_hole_type
base_link__C001,x,86.508,-21.998243406414822,10.340167209506044,1.3500000403521075,2.301636177204358e-07,12,rim_fit_only_not_hole_type
base_link__C001,x,86.508,-21.99891023337828,22.34016731381419,1.3500000403518337,2.3016372263651164e-07,12,rim_fit_only_not_hole_type
base_link__C001,x,86.508,36.50175873190073,10.343417525291505,1.350000040353097,1.1614846175955762e-06,12,rim_fit_only_not_hole_type
base_link__C001,x,86.508,36.501091904937084,22.343416853497292,1.3500002676126386,1.423313885084987e-06,12,rim_fit_only_not_hole_type
base_link__C001,x,90.678,14.180896276553248,16.847582470479356,7.499999497022477,9.349613372400256e-07,14,rim_fit_only_not_hole_type
base_link__C001,z,-81.32394030690072,-45.99910198400555,-0.0,6.599999098436957,1.458216368988019e-06,12,rim_fit_only_not_hole_type
base_link__C001,z,-81.32394030690072,46.00089757392944,-0.0,6.599999098438334,1.4582170755339519e-06,12,rim_fit_only_not_hole_type
base_link__C001,z,-7.323937490578356,-48.4991023937866,-0.0,6.600000069856044,1.2945723275592513e-06,12,rim_fit_only_not_hole_type
base_link__C001,z,-7.323937490578436,48.50089798371041,-0.0,6.600000069856458,1.2945725842428146e-06,12,rim_fit_only_not_hole_type
base_link__C001,z,61.676059539115805,-45.9991019840072,-0.0,6.59999785667434,2.8136051208882407e-06,12,rim_fit_only_not_hole_type
base_link__C001,z,61.676059539115855,46.00089757393104,-0.0,6.599997856675442,2.813605659568452e-06,12,rim_fit_only_not_hole_type
base_link__C001,z,-81.32393658161075,-45.99910229444639,2.0,3.399997808666697,7.046811134614472e-08,12,rim_fit_only_not_hole_type
base_link__C001,z,-81.32393658161074,46.00089788437026,2.0,3.3999978086680342,7.046745698069401e-08,12,rim_fit_only_not_hole_type
base_link__C001,z,-7.323937723409213,-48.49910177290459,2.0,3.4000009947660295,8.240938500492234e-07,12,rim_fit_only_not_hole_type
base_link__C001,z,-7.323937723409073,48.50089736282858,2.0,3.400000994765227,8.24093588924768e-07,12,rim_fit_only_not_hole_type
base_link__C001,z,61.676062643525576,-45.99910229444769,2.0,3.3999978086637546,7.04708829069034e-08,12,rim_fit_only_not_hole_type
base_link__C001,z,61.67606264352566,46.00089788437177,2.0,3.3999978086680342,7.046896333129382e-08,12,rim_fit_only_not_hole_type
base_link__C002,z,15.516063110440026,15.000896065489586,2.0,2.39999991680404,1.951395582455717e-06,12,rim_fit_only_not_hole_type
base_link__C002,z,15.516062976014405,-14.999103652011058,2.0,2.400000764943777,1.1656389014014223e-06,12,rim_fit_only_not_hole_type
base_link__C002,z,45.516060732462535,15.000896334337847,2.0,2.4000002272456467,9.630659671966413e-07,12,rim_fit_only_not_hole_type
base_link__C002,z,45.51606059803785,-14.999103383161419,2.0,2.4000010753851555,7.807382000901697e-07,12,rim_fit_only_not_hole_type
base_link__C002,z,61.67606264352562,46.00089788437204,2.0,3.050001095484943,8.100060491234018e-07,12,rim_fit_only_not_hole_type
base_link__C002,z,61.6760626435256,-45.99910229444817,2.0,3.050001095483154,8.100051474002612e-07,12,rim_fit_only_not_hole_type
base_link__C002,z,-7.323935947080279,48.5008981076087,2.0,3.0499998667100834,2.012560712749689e-06,13,rim_fit_only_not_hole_type
base_link__C002,z,-81.32393906515316,46.00089788437044,2.0,3.0499967939015296,6.307827873364147e-06,12,rim_fit_only_not_hole_type
base_link__C002,z,-81.32393906515311,-45.9991022944469,2.0,3.0499967938994423,6.307828959606354e-06,12,rim_fit_only_not_hole_type
base_link__C002,z,-7.32393562793302,-48.49910270422858,2.0,3.050000020084589,1.47695097707512e-06,12,rim_fit_only_not_hole_type
base_link__C002,z,36.17606125771661,-53.99910267442762,2.0,2.9999999701810034,2.1234279339310547e-06,12,rim_fit_only_not_hole_type
base_link__C002,z,36.176061257716604,54.00089826435176,2.0,2.999999970183732,2.1234268539060963e-06,12,rim_fit_only_not_hole_type
base_link__C002,z,15.516062737854584,15.00089640432799,3.5,4.899999632387389,1.2454177760190532e-06,14,rim_fit_only_not_hole_type
base_link__C002,z,15.516062632931488,-14.99910380634149,3.5,4.90000071295796,1.693978915362493e-06,14,rim_fit_only_not_hole_type
base_link__C002,z,53.56606251249844,0.000896858788518691,3.5,1.5999998628888819,1.0271763699609693e-06,12,rim_fit_only_not_hole_type
base_link__C002,z,27.866063329065316,-39.499102160347,3.5,1.600000334445166,1.4099840768277971e-06,12,rim_fit_only_not_hole_type
base_link__C002,z,27.8660633290654,39.50089775027051,3.5,1.6000003344465872,1.4099845284665236e-06,12,rim_fit_only_not_hole_type
base_link__C002,z,45.51606122629579,15.000896628842563,3.5,4.899999632387598,1.3535302629819057e-06,14,rim_fit_only_not_hole_type
base_link__C002,z,45.51606112137262,-14.999103581825846,3.5,4.900000712957577,1.984268244825671e-06,14,rim_fit_only_not_hole_type
base_link__C002,z,53.56606251249844,0.000896858788518691,-0.0,1.5999998628888819,1.0271763699609693e-06,12,rim_fit_only_not_hole_type
base_link__C002,z,27.866063329065316,-39.499102160347,-0.0,1.600000334445166,1.4099840768277971e-06,12,rim_fit_only_not_hole_type
base_link__C002,z,27.8660633290654,39.50089775027051,-0.0,1.6000003344465872,1.4099845284665236e-06,12,rim_fit_only_not_hole_type
base_link__C002,z,61.67606264352562,46.00089788437214,12.0,3.050001095486136,8.100067450111936e-07,12,rim_fit_only_not_hole_type
base_link__C002,z,62.676060944795125,61.0008981699749,12.0,2.1999988716425833,1.0136240768954252e-06,12,rim_fit_only_not_hole_type
base_link__C002,z,50.676062392691364,73.00089610119332,12.0,2.200000113401617,2.318051717242753e-06,12,rim_fit_only_not_hole_type
base_link__C002,z,38.676061046618024,61.00089816997609,12.0,2.199999492517227,1.1688410643806435e-06,12,rim_fit_only_not_hole_type
base_link__C002,z,50.67606239268858,49.000896823906416,12.0,2.1999994925176405,1.1688429937262157e-06,12,rim_fit_only_not_hole_type
base_link__C002,z,62.67606094479499,-60.99910258005164,12.0,2.19999887164217,1.0136234207536177e-06,12,rim_fit_only_not_hole_type
base_link__C002,z,50.67606239269141,-72.99910796184915,12.0,2.200000113413193,2.3180454316040766e-06,12,rim_fit_only_not_hole_type
base_link__C002,z,38.67606104661815,-60.99910258005154,12.0,2.199999492518881,1.168842424181804e-06,12,rim_fit_only_not_hole_type
base_link__C002,z,50.6760623926885,-48.99910123398208,12.0,2.1999994925176405,1.168842891807742e-06,12,rim_fit_only_not_hole_type
base_link__C002,z,61.67606264352562,-45.99910229444818,12.0,3.0500010954843466,8.100057509174974e-07,12,rim_fit_only_not_hole_type
base_link__C002,z,20.176062360400383,-50.9991021826884,12.0,3.0500001864511437,1.507164963499008e-06,12,rim_fit_only_not_hole_type
base_link__C002,z,-23.823939263811972,47.000897737845044,12.0,3.05000064096763,1.590337523005303e-06,12,rim_fit_only_not_hole_type
base_link__C002,z,-14.823935925955352,51.000897772610884,12.0,3.0500000200828,1.4769485348065103e-06,12,rim_fit_only_not_hole_type
base_link__C002,z,-7.323935947080296,48.50089810760858,12.0,3.049999866709487,2.012560948783104e-06,13,rim_fit_only_not_hole_type
base_link__C002,z,20.17606239761297,51.00089795915539,12.0,3.0500002746664574,1.5174602574496987e-06,13,rim_fit_only_not_hole_type
base_link__C002,z,1.161326319565105,58.015600157280545,12.0,2.2000001441975194,2.3147796652800423e-06,12,rim_fit_only_not_hole_type
base_link__C002,z,1.1613412207231864,74.98617780704913,12.0,2.2000007650866866,2.2778612716045643e-06,12,rim_fit_only_not_hole_type
base_link__C002,z,-15.809219330548343,74.98617780704704,12.0,2.1999994925275623,2.359638825000232e-06,12,rim_fit_only_not_hole_type
base_link__C002,z,-15.809219330546616,58.01561598976611,12.0,2.199999947038089,1.2622918117433102e-06,12,rim_fit_only_not_hole_type
base_link__C002,z,-56.838672608133884,47.01560021688945,12.0,2.199998871636382,1.0136262225124426e-06,12,rim_fit_only_not_hole_type
base_link__C002,z,-56.83865770697454,63.986177866653044,12.0,2.1999994925267354,2.3596403524450693e-06,12,rim_fit_only_not_hole_type
base_link__C002,z,-73.80922014511869,63.98617786666051,12.0,2.199997341752117,5.524928452738109e-06,12,rim_fit_only_not_hole_type
base_link__C002,z,-81.32393906515317,46.000897884370424,12.0,3.0499967939015296,6.307827859153292e-06,12,rim_fit_only_not_hole_type
base_link__C002,z,-81.32393906515311,-45.99910229444671,12.0,3.049996793900933,6.307828214202615e-06,12,rim_fit_only_not_hole_type
base_link__C002,z,-73.8092201451122,47.01561604937307,12.0,2.1999977962643285,6.910760850908915e-06,12,rim_fit_only_not_hole_type
base_link__C002,z,-23.823939263811933,-46.99910214792132,12.0,3.0500006409652443,1.5903385808258008e-06,12,rim_fit_only_not_hole_type
base_link__C002,z,-14.823935925955297,-50.99910218268703,12.0,3.0500000200828,1.4769485561227924e-06,12,rim_fit_only_not_hole_type
base_link__C002,z,-15.809219330546632,-58.01382039984218,12.0,2.199999947038089,1.2622917406890366e-06,12,rim_fit_only_not_hole_type
base_link__C002,z,-15.80921933054831,-74.98438966770378,12.0,2.199999492528389,2.35963844108511e-06,12,rim_fit_only_not_hole_type
base_link__C002,z,1.1613412207248948,-74.98438966770634,12.0,2.2000007650875135,2.2778625721198154e-06,12,rim_fit_only_not_hole_type
base_link__C002,z,1.1613263195656294,-58.01380456735627,12.0,2.2000001441966925,2.314779453449489e-06,12,rim_fit_only_not_hole_type
base_link__C002,z,-7.323935627933127,-48.499102704228534,12.0,3.0500000200851853,1.476951184464781e-06,12,rim_fit_only_not_hole_type
base_link__C002,z,-73.80922014511215,-47.01382045944895,12.0,2.199997796264742,6.910760843359398e-06,12,rim_fit_only_not_hole_type
base_link__C002,z,-73.8092201451187,-63.98438972731661,12.0,2.1999973417525305,5.524928806899254e-06,12,rim_fit_only_not_hole_type
base_link__C002,z,-56.83867260813385,-47.013804626964806,12.0,2.1999988716388628,1.0136267976079694e-06,12,rim_fit_only_not_hole_type
base_link__C002,z,-56.8386577069746,-63.98438972730881,12.0,2.1999994925292157,2.35963857031507e-06,12,rim_fit_only_not_hole_type
base_link__C002,z,-83.82393419742557,-53.99910174310358,12.0,5.499999185816645,2.2548365663510594e-06,12,rim_fit_only_not_hole_type
base_link__C002,z,36.17606125771648,-53.999101743104845,12.0,5.4999981104143005,9.298958292269788e-07,12,rim_fit_only_not_hole_type
base_link__C002,z,-23.823938642934937,-53.99910174310449,12.0,5.500000427576759,2.2548419500445505e-06,12,rim_fit_only_not_hole_type
base_link__C002,z,-83.82393419742525,54.000897333027865,12.0,5.499999185819456,2.2548354876583687e-06,12,rim_fit_only_not_hole_type
base_link__C002,z,-23.82393864293496,54.00089733302828,12.0,5.5000004275782475,2.2548411844347527e-06,12,rim_fit_only_not_hole_type
base_link__C002,z,36.17606125771646,54.00089733302867,12.0,5.499998110415459,9.298952714509312e-07,12,rim_fit_only_not_hole_type
base_link__C002,z,62.676060944795125,61.0008981699749,6.25,2.1999988716425833,1.0136240768954252e-06,12,rim_fit_only_not_hole_type
base_link__C002,z,50.676062392691364,73.00089610119332,6.25,2.200000113401617,2.318051717242753e-06,12,rim_fit_only_not_hole_type
base_link__C002,z,38.676061046618024,61.00089816997609,6.25,2.199999492517227,1.1688410643806435e-06,12,rim_fit_only_not_hole_type
base_link__C002,z,50.67606239268858,49.000896823906416,6.25,2.1999994925176405,1.1688429937262157e-06,12,rim_fit_only_not_hole_type
base_link__C002,z,62.67606094479499,-60.99910258005164,6.25,2.19999887164217,1.0136234207536177e-06,12,rim_fit_only_not_hole_type
base_link__C002,z,50.67606239269141,-72.99910796184915,6.25,2.200000113413193,2.3180454316040766e-06,12,rim_fit_only_not_hole_type
base_link__C002,z,38.67606104661783,-60.99910258005192,6.25,2.1999994925226014,1.1688441183821396e-06,12,rim_fit_only_not_hole_type
base_link__C002,z,50.6760623926885,-48.99910123398208,6.25,2.1999994925176405,1.168842891807742e-06,12,rim_fit_only_not_hole_type
base_link__C002,z,20.176062360399822,-50.99910187224856,8.0,2.5000000028809155,1.917216212010686e-06,12,rim_fit_only_not_hole_type
base_link__C002,z,-23.82393926381204,47.00089804828657,8.0,2.4999993819975463,1.2963354054651433e-06,12,rim_fit_only_not_hole_type
base_link__C002,z,-14.82393592595556,51.00089746217163,8.0,2.4999998365168667,1.994054953380342e-06,12,rim_fit_only_not_hole_type
base_link__C002,z,20.176062360399897,51.00089746217225,8.0,2.500000002882371,1.917216789770748e-06,12,rim_fit_only_not_hole_type
base_link__C002,z,-23.823937401170863,54.0008982643505,8.0,3.0000010455831214,3.0708851994631914e-06,12,rim_fit_only_not_hole_type
base_link__C002,z,-23.82393926381198,-46.99910245836255,8.0,2.499999381999001,1.2963360214168773e-06,12,rim_fit_only_not_hole_type
base_link__C002,z,-14.823935925955489,-50.99910187224781,8.0,2.4999998365168667,1.994054910747778e-06,12,rim_fit_only_not_hole_type
base_link__C002,z,-23.823937401170966,-53.99910267442643,8.0,3.000001045584637,3.0708860603301247e-06,12,rim_fit_only_not_hole_type
base_link__C002,z,1.161326319565105,58.015600157280545,3.0,2.2000001441975194,2.3147796652800423e-06,12,rim_fit_only_not_hole_type
base_link__C002,z,1.1613412207231864,74.98617780704913,3.0,2.2000007650866866,2.2778612716045643e-06,12,rim_fit_only_not_hole_type
base_link__C002,z,-15.809219330548343,74.98617780704704,3.0,2.1999994925275623,2.359638825000232e-06,12,rim_fit_only_not_hole_type
base_link__C002,z,-15.809219330546616,58.01561598976611,3.0,2.199999947038089,1.2622918117433102e-06,12,rim_fit_only_not_hole_type
base_link__C002,z,-56.838672608133884,47.01560021688945,3.0,2.199998871636382,1.0136262225124426e-06,12,rim_fit_only_not_hole_type
base_link__C002,z,-56.83865770697454,63.986177866653044,3.0,2.1999994925267354,2.3596403524450693e-06,12,rim_fit_only_not_hole_type
base_link__C002,z,-73.80922014511869,63.98617786666051,3.0,2.199997341752117,5.524928452738109e-06,12,rim_fit_only_not_hole_type
base_link__C002,z,-73.8092201451122,47.01561604937307,3.0,2.1999977962643285,6.910760850908915e-06,12,rim_fit_only_not_hole_type
base_link__C002,z,-15.809219330546632,-58.01382039984218,3.0,2.199999947038089,1.2622917406890366e-06,12,rim_fit_only_not_hole_type
base_link__C002,z,-15.80921933054831,-74.98438966770378,3.0,2.199999492528389,2.35963844108511e-06,12,rim_fit_only_not_hole_type
base_link__C002,z,1.1613412207248948,-74.98438966770634,3.0,2.2000007650875135,2.2778625721198154e-06,12,rim_fit_only_not_hole_type
base_link__C002,z,1.1613263195656294,-58.01380456735627,3.0,2.2000001441966925,2.314779453449489e-06,12,rim_fit_only_not_hole_type
base_link__C002,z,-73.80922014511215,-47.01382045944895,3.0,2.199997796264742,6.910760843359398e-06,12,rim_fit_only_not_hole_type
base_link__C002,z,-73.8092201451187,-63.98438972731661,3.0,2.1999973417525305,5.524928806899254e-06,12,rim_fit_only_not_hole_type
base_link__C002,z,-56.83867260813385,-47.013804626964806,3.0,2.1999988716388628,1.0136267976079694e-06,12,rim_fit_only_not_hole_type
base_link__C002,z,-56.8386577069746,-63.98438972730881,3.0,2.1999994925292157,2.35963857031507e-06,12,rim_fit_only_not_hole_type
base_link__C002,z,-83.82393792271507,54.00089826434941,7.0,3.0000010455870623,6.242332874162315e-06,12,rim_fit_only_not_hole_type
base_link__C002,z,-83.823937922715,-53.999102674425394,7.0,3.000001045594945,6.242328861816304e-06,12,rim_fit_only_not_hole_type
base_link__C002,z,36.17606125771662,54.00089826435136,11.5,2.999999970181913,2.123427365496866e-06,12,rim_fit_only_not_hole_type
base_link__C002,z,36.17606125771651,54.000897333028725,11.5,5.499998110414962,9.29895469958808e-07,12,rim_fit_only_not_hole_type
base_link__C002,z,-23.823937401171012,54.0008982643506,11.5,3.000001045584334,3.0708859548589373e-06,12,rim_fit_only_not_hole_type
base_link__C002,z,-23.823938642934962,54.00089733302827,11.5,5.5000004275772545,2.2548416773737756e-06,12,rim_fit_only_not_hole_type
base_link__C002,z,-83.8239379227153,54.000898264349374,11.5,3.0000010455867594,6.242333252970411e-06,12,rim_fit_only_not_hole_type
base_link__C002,z,-83.82393419742537,54.000897333027446,11.5,5.499999185815818,2.25483717875008e-06,12,rim_fit_only_not_hole_type
base_link__C002,z,36.17606125771668,-53.99910267442794,11.5,2.999999970180094,2.1234287084226366e-06,12,rim_fit_only_not_hole_type
base_link__C002,z,36.17606125771647,-53.99910174310481,11.5,5.4999981104143005,9.298958434378335e-07,12,rim_fit_only_not_hole_type
base_link__C002,z,-23.823937401171097,-53.99910267442625,11.5,3.0000010455849404,3.070886343436996e-06,12,rim_fit_only_not_hole_type
base_link__C002,z,-23.8239386429349,-53.9991017431043,11.5,5.5000004275764285,2.254842154325587e-06,12,rim_fit_only_not_hole_type
base_link__C002,z,-83.82393792271539,-53.99910267442514,11.5,3.0000010455879718,6.242332732053768e-06,12,rim_fit_only_not_hole_type
base_link__C002,z,-83.82393419742543,-53.999101743103665,11.5,5.499999185816645,2.2548367084596066e-06,12,rim_fit_only_not_hole_type
base_link__C003,z,53.5660628229387,0.0008976494414655635,-0.0,2.399998949463672,2.1597813686380363e-06,12,rim_fit_only_not_hole_type
base_link__C003,z,27.866061155977285,-39.49910774828174,-0.0,2.3999993430941013,1.7599530022227583e-06,12,rim_fit_only_not_hole_type
base_link__C003,z,27.86606115597725,39.500895887625404,-0.0,2.39999934308728,1.7599565846904142e-06,12,rim_fit_only_not_hole_type
base_link__C003,z,53.5660628229387,0.0008976494414655635,-3.0,2.399998949463672,2.1597813686380363e-06,12,rim_fit_only_not_hole_type
base_link__C003,z,27.866061155977285,-39.49910774828174,-3.0,2.3999993430941013,1.7599530022227583e-06,12,rim_fit_only_not_hole_type
base_link__C003,z,27.86606115597734,39.50089588762544,-3.0,2.399999343086333,1.7599571560111826e-06,12,rim_fit_only_not_hole_type
base_link__C004,x,-89.444,31.400895987948935,8.851918159052605,2.799998071303459,1.591096404407466e-06,12,rim_fit_only_not_hole_type
base_link__C004,x,-89.444,31.400895987948793,27.65191905200474,2.7999974920134236,1.2758302352366968e-06,12,rim_fit_only_not_hole_type
base_link__C004,x,-89.444,-33.399103519818254,27.651919052004885,2.7999986505954046,1.1622015900769611e-06,12,rim_fit_only_not_hole_type
base_link__C004,x,-89.444,-33.39910351981833,8.851918159052705,2.799999229884104,1.4774683474438888e-06,12,rim_fit_only_not_hole_type
base_link__C004,x,-105.02,7.801333519940521,26.601919593910768,3.099999848300628,1.315422454073456e-06,12,rim_fit_only_not_hole_type
base_link__C004,x,-93.444,-33.3991035198184,27.65191905200495,2.799998650594836,1.162201858750933e-06,12,rim_fit_only_not_hole_type
base_link__C004,x,-93.444,-33.39910351981833,8.851918159052692,2.799999229883789,1.4774684942153726e-06,12,rim_fit_only_not_hole_type
base_link__C004,x,-93.444,31.400895987948818,8.851918159052627,2.799998071303733,1.5910963444554227e-06,12,rim_fit_only_not_hole_type
base_link__C004,x,-93.444,31.40089598794882,27.651919052004622,2.799997492013505,1.2758302818660638e-06,12,rim_fit_only_not_hole_type
base_link__C004,y,-94.04395272334216,15.001,14.701919164515461,5.300001383556968,3.0203352410218542e-06,12,rim_fit_only_not_hole_type
base_link__C004,y,-96.11450632413063,15.001,22.429326549175634,5.300000804272939,2.730692911789845e-06,12,rim_fit_only_not_hole_type
base_link__C004,y,-96.11450632413063,-16.999,22.429326549175833,5.300000804272874,2.7306928793713325e-06,12,rim_fit_only_not_hole_type
base_link__C004,y,-94.0439527233422,-16.999,14.701919164514212,5.300001383558899,3.0203361638392323e-06,12,rim_fit_only_not_hole_type
base_link__C004,y,-94.04395272334264,16.501,14.70191916451461,5.300001383554394,3.0203334708822638e-06,12,rim_fit_only_not_hole_type
base_link__C004,y,-96.11450632413126,16.501,22.429326549175492,5.30000080426985,2.7306907419699655e-06,12,rim_fit_only_not_hole_type
base_link__C004,y,-96.11450632413114,-18.499,22.42932654917606,5.3000008042705575,2.7306912095959035e-06,12,rim_fit_only_not_hole_type
base_link__C004,y,-94.0439527233425,-18.499,14.701919164515122,5.300001383555263,3.020334047310058e-06,12,rim_fit_only_not_hole_type
base_link__C004,z,-91.84395273526492,19.500897265975645,5.702,2.800001505452704,3.0778659705354983e-06,12,rim_fit_only_not_hole_type
base_link__C004,z,-91.84395273526431,-21.499102003876967,5.702,2.8000015054589973,3.0778634350081546e-06,12,rim_fit_only_not_hole_type
base_link__C004,z,-101.50392291446147,27.50089764595309,30.702,2.7999988169629306,2.559469022056504e-06,12,rim_fit_only_not_hole_type
base_link__C004,z,-101.50392291446147,-29.499102383853476,30.702,2.79999881696358,2.5594686974272918e-06,12,rim_fit_only_not_hole_type
base_link__C004,z,-101.50392291446153,-29.499102383852993,27.702,2.799998816965285,2.55946778793259e-06,12,rim_fit_only_not_hole_type
base_link__C004,z,-101.50392291446154,27.500897645953344,27.702,2.7999988169626056,2.5594691135388814e-06,12,rim_fit_only_not_hole_type
base_link__C004,z,-91.84395273526462,-21.499102003877546,8.702,2.800001505462489,3.0778613764326224e-06,12,rim_fit_only_not_hole_type
base_link__C004,z,-91.84395273526457,19.500897265974878,8.702,2.800001505455993,3.077864681344522e-06,12,rim_fit_only_not_hole_type
base_link__C005,x,72.716,-34.00099743157498,10.793810244649665,4.499999747316141,1.833161991537935e-06,12,rim_fit_only_not_hole_type
base_link__C005,x,72.716,-33.99921208620068,19.793810322880766,4.500001568368947,5.0280589025675226e-08,12,rim_fit_only_not_hole_type
base_link__C005,x,72.716,32.000788487493935,19.780506379902334,4.499999251206634,2.77539384807568e-07,12,rim_fit_only_not_hole_type
base_link__C005,x,72.716,31.999001124252533,10.780506146450964,4.499998827136676,9.990154001826568e-07,12,rim_fit_only_not_hole_type
base_link__C005,x,-87.844,-33.399104761580595,27.651919052004764,4.000000980183864,8.572360084002639e-07,12,rim_fit_only_not_hole_type
base_link__C005,x,-87.844,31.40089722971127,27.651919052004825,3.999999821603804,9.708644370665098e-07,12,rim_fit_only_not_hole_type
base_link__C005,x,69.716,-33.99921146531808,19.79381032288064,2.3999995703440042,1.2807568143813342e-06,12,rim_fit_only_not_hole_type
base_link__C005,x,69.716,-34.00099836289876,10.793810244649634,2.400000997773814,6.747205827384306e-07,12,rim_fit_only_not_hole_type
base_link__C005,x,69.716,32.00078771139069,19.78050606946131,2.3999978740631494,1.6118012211574495e-06,12,rim_fit_only_not_hole_type
base_link__C005,x,69.716,31.999000813812202,10.780506068841024,2.399998142913772,1.5755968172381785e-06,12,rim_fit_only_not_hole_type
base_link__C005,x,-85.844,31.4008972297113,27.651919052004835,3.999999821603463,9.708646324657622e-07,12,rim_fit_only_not_hole_type
base_link__C005,x,-85.844,-33.39910476158071,27.65191905200481,4.000000980184319,8.572357979019785e-07,12,rim_fit_only_not_hole_type
base_link__C005,z,73.9255528897026,18.356042293222597,5.6,2.6999997702619165,2.478195346045098e-06,12,rim_fit_only_not_hole_type
base_link__C005,z,-85.34395508468221,35.069983452561274,5.6,2.700000080702152,2.3229723931095236e-06,12,rim_fit_only_not_hole_type
base_link__C005,z,-85.34395508468293,-37.014441254239706,5.6,2.7000005352284773,2.846629207242657e-06,12,rim_fit_only_not_hole_type
base_link__C005,z,73.92555288970459,-19.973126240085687,5.6,2.699999997523852,2.3645626743284964e-06,12,rim_fit_only_not_hole_type
base_link__C005,z,-101.50177528460777,-29.499099589886125,30.804,2.80000150545039,3.0778673834053194e-06,12,rim_fit_only_not_hole_type
base_link__C005,z,-101.50177404284396,27.500900439920496,30.804,2.800000263695497,2.5100735752126013e-06,12,rim_fit_only_not_hole_type
base_link__C005,z,-101.50177404284598,27.50090043991997,32.8,4.499995775459802,2.015417564393829e-06,12,rim_fit_only_not_hole_type
base_link__C005,z,-101.50177776813459,-29.499099589886168,32.8,4.500000409789442,6.295709815695716e-07,12,rim_fit_only_not_hole_type
base_link__C005,z,-85.34395508468215,35.06998345256177,9.6,2.700000080700299,2.3229733763230342e-06,12,rim_fit_only_not_hole_type
base_link__C005,z,-85.34395508468272,-37.014441254240275,9.6,2.700000535223256,2.84662669614022e-06,12,rim_fit_only_not_hole_type
base_link__C005,z,73.92555288970435,-19.973126240085232,9.6,2.6999999975265467,2.364561568546364e-06,12,rim_fit_only_not_hole_type
base_link__C005,z,73.92555288970314,18.356042293222682,9.6,2.6999997702635588,2.4781939849116696e-06,12,rim_fit_only_not_hole_type
base_link__C007,z,-85.34395322203613,35.06998345256132,5.6,2.8000014222710523,3.0893610800664106e-06,12,rim_fit_only_not_hole_type
base_link__C007,z,-91.84395459790602,-21.499102003877283,5.6,2.7999993546660775,2.5824013611952523e-06,12,rim_fit_only_not_hole_type
base_link__C007,z,73.92555102705684,18.356042914104858,5.6,2.80000026369505,2.5100752560902606e-06,12,rim_fit_only_not_hole_type
base_link__C007,z,73.92555102705695,-19.97312624008447,5.6,2.800000263695497,2.5100753657802954e-06,12,rim_fit_only_not_hole_type
base_link__C007,z,-91.84395459790642,19.50089726597626,5.6,2.7999993546633166,2.5823999683094456e-06,12,rim_fit_only_not_hole_type
base_link__C007,z,-85.34395322203511,-37.0144415646828,5.6,2.799999105116376,1.9307835261717088e-06,12,rim_fit_only_not_hole_type
base_link__C007,z,-85.34395508468248,35.069983763002114,3.5,4.000000359305643,2.780770559152046e-06,12,rim_fit_only_not_hole_type
base_link__C007,z,73.92555288970357,-19.973126240085367,3.5,3.9999992007224474,2.5901085516366606e-06,12,rim_fit_only_not_hole_type
base_link__C007,z,-91.84395397702909,19.500897731636673,3.5,4.00000106336259,2.687383119148734e-06,12,rim_fit_only_not_hole_type
base_link__C007,z,-91.84395397702873,-21.499102469538325,3.5,4.000001063371571,2.687387254507456e-06,12,rim_fit_only_not_hole_type
base_link__C007,z,-85.34395508468259,-37.014441564681256,3.5,3.9999986630238067,2.8589607394824412e-06,12,rim_fit_only_not_hole_type
base_link__C007,z,73.92555288970424,18.356042448442523,3.5,3.999999821604884,2.506357776654866e-06,12,rim_fit_only_not_hole_type
base_link__C010,y,-96.11450508236796,-27.399,22.429325623749165,5.30000107932586,2.6631848473179787e-06,19,rim_fit_only_not_hole_type
base_link__C010,y,-94.04395198878319,-27.399,14.70191909760183,5.300000629218624,3.0776148300937223e-06,19,rim_fit_only_not_hole_type
base_link__C011,y,-96.11450508236815,25.401,22.42932562374868,5.300001079320433,2.663181703166373e-06,19,rim_fit_only_not_hole_type
base_link__C011,y,-94.04395198878301,25.401,14.701919097601603,5.300000629218849,3.0776146635602686e-06,19,rim_fit_only_not_hole_type
base_link__C012,x,-89.444,31.40089629838981,8.851918391883718,2.4000001912245437,1.9016392247550584e-06,12,rim_fit_only_not_hole_type
base_link__C012,x,-89.444,31.40089629838984,27.65191843112331,2.3999998807833824,2.0568595762160413e-06,12,rim_fit_only_not_hole_type
base_link__C012,x,-89.444,-33.39910320937228,27.651918431123715,2.3999993430882274,3.877908586025214e-06,12,rim_fit_only_not_hole_type
base_link__C012,x,-89.444,-33.399103209372726,8.851918391883986,2.3999996535295414,3.722688577401101e-06,12,rim_fit_only_not_hole_type
base_link__C012,x,-87.853,-33.39910320937267,8.85191839188397,2.3999996535287362,3.722688923124551e-06,12,rim_fit_only_not_hole_type
base_link__C012,x,-87.853,-33.39910320937228,27.651918431123804,2.399999343087754,3.877908822724763e-06,12,rim_fit_only_not_hole_type
base_link__C012,x,-87.853,31.4008962983897,27.651918431123327,2.399999880783856,2.056859478072326e-06,12,rim_fit_only_not_hole_type
base_link__C012,x,-87.853,31.400896298389707,8.85191839188383,2.4000001912251596,1.9016390200299327e-06,12,rim_fit_only_not_hole_type
upper_shell_link__C001,z,34.98976491376615,67.49999895699594,0.0,3.1000013339832644,2.3578052310568864e-06,12,rim_fit_only_not_hole_type
upper_shell_link__C001,z,-34.99410177299845,-67.50836347548295,0.0,3.1000019546455904,5.772481633803395e-06,12,rim_fit_only_not_hole_type
upper_shell_link__C001,z,35.00589635252632,-67.49163443835512,0.0,3.1000013336916394,5.4619669300759455e-06,12,rim_fit_only_not_hole_type
upper_shell_link__C001,z,-35.010236004986645,67.49999895684606,0.0,3.1000019546408963,2.047404461302804e-06,12,rim_fit_only_not_hole_type
upper_shell_link__C001,z,-93.01322326063932,24.988884572088523,4.747,1.8899985752787436,1.7554613150894127e-06,12,rim_fit_only_not_hole_type
upper_shell_link__C001,z,-93.00724789500268,-25.011115241652327,4.747,1.889998575289932,1.7557192714123815e-06,12,rim_fit_only_not_hole_type
upper_shell_link__C001,z,-35.01023600498663,67.49999895684586,0.3,3.100001954638549,2.0474033017858773e-06,12,rim_fit_only_not_hole_type
upper_shell_link__C001,z,-35.01023522897142,67.49999992986784,0.3,2.4999990897455224,4.881099030074054e-06,12,rim_fit_only_not_hole_type
upper_shell_link__C001,z,35.00589635252648,-67.49163443835556,0.3,3.1000013336933994,5.461967369502219e-06,12,rim_fit_only_not_hole_type
upper_shell_link__C001,z,35.005895731500864,-67.4916350593945,0.3,2.499999399896406,3.785861208083219e-06,12,rim_fit_only_not_hole_type
upper_shell_link__C001,z,-34.9941017729984,-67.50836347548285,0.3,3.1000019546432434,5.772480360821675e-06,12,rim_fit_only_not_hole_type
upper_shell_link__C001,z,-34.99410099668663,-67.50836312333153,0.3,2.499999089447208,3.092858908537721e-06,12,rim_fit_only_not_hole_type
upper_shell_link__C001,z,34.989764913766194,67.49999895699565,0.3,3.1000013339844377,2.3578058605533414e-06,12,rim_fit_only_not_hole_type
upper_shell_link__C001,z,34.98976491406578,67.49999585258188,0.3,2.499999399952431,3.516944351300566e-06,12,rim_fit_only_not_hole_type
upper_shell_link__C001,z,-35.0102353842565,67.50000019876535,21.8,1.8017995706667858,4.558851283031906e-06,12,rim_fit_only_not_hole_type
upper_shell_link__C001,z,34.98976398259636,67.4999989569209,21.8,1.8017972535006015,3.3448434743066358e-06,12,rim_fit_only_not_hole_type
upper_shell_link__C001,z,-93.00724789500235,-25.01111524165119,4.947,1.889998575285601,1.7557179269322987e-06,12,rim_fit_only_not_hole_type
upper_shell_link__C001,z,-93.00724913680708,-25.011114776284582,4.947,1.5000002231023686,3.3582158209810586e-06,12,rim_fit_only_not_hole_type
upper_shell_link__C001,z,-93.01322326064079,24.988884572089148,4.947,1.8899985752886086,1.7554649741624573e-06,12,rim_fit_only_not_hole_type
upper_shell_link__C001,z,-93.01322450237238,24.988884106128875,4.947,1.5000002231100993,3.3581825068518256e-06,12,rim_fit_only_not_hole_type
camera_link__C001,x,-5.17,22.31539040817706,5.502020940496098,2.199993630045277,3.1864328133845987e-06,12,rim_fit_only_not_hole_type
camera_link__C001,x,-5.17,-0.000666700984727266,5.9995424235265915,2.099997817942811,3.490086769586398e-06,12,rim_fit_only_not_hole_type
camera_link__C001,x,-5.17,22.31672344137227,-6.49798036677142,2.1999948717341478,3.2241020959666855e-06,12,rim_fit_only_not_hole_type
camera_link__C001,x,-5.17,0.0006666330760245053,-6.000459543436013,2.099997831195658,3.5252645191885534e-06,12,rim_fit_only_not_hole_type
camera_link__C001,x,-5.17,-36.184611419677395,5.495520929497783,2.199999505990015,6.456923196784814e-06,12,rim_fit_only_not_hole_type
camera_link__C001,x,-5.17,-36.183277765630415,-6.504480261350025,2.200000747757292,5.835830774181261e-06,12,rim_fit_only_not_hole_type
camera_link__C001,x,-6.77,22.31539040817706,5.502020940496098,2.199993630045277,3.1864328133845987e-06,12,rim_fit_only_not_hole_type
camera_link__C001,x,-6.77,-0.000666700984727266,5.9995424235265915,2.099997817942811,3.490086769586398e-06,12,rim_fit_only_not_hole_type
camera_link__C001,x,-6.77,22.31672344137227,-6.49798036677142,2.1999948717341478,3.2241020959666855e-06,12,rim_fit_only_not_hole_type
camera_link__C001,x,-6.77,0.0006666330760245053,-6.000459543436013,2.099997831195658,3.5252645191885534e-06,12,rim_fit_only_not_hole_type
camera_link__C001,x,-6.77,-36.184611419677395,5.495520929497783,2.199999505990015,6.456923196784814e-06,12,rim_fit_only_not_hole_type
camera_link__C001,x,-6.77,-36.18327776563058,-6.504480261349976,2.20000074775775,5.835830708456058e-06,12,rim_fit_only_not_hole_type
LF_shoulder_link__C001,x,-3.303,-15.579999717554353,-21.599999916251,4.200000153877309,7.250464113539579e-07,16,rim_fit_only_not_hole_type
LF_shoulder_link__C001,x,-3.303,-15.579999734957948,-21.59999993940207,2.399999570342157,6.598771615795584e-07,12,rim_fit_only_not_hole_type
LF_shoulder_link__C001,x,-3.303,2.4200000334507656,-44.199999421835116,2.39999955512086,1.9092511875928864e-06,12,rim_fit_only_not_hole_type
LF_shoulder_link__C001,x,-3.303,2.4199999810182873,-44.19999914549162,4.199999475684756,1.718878546608238e-06,16,rim_fit_only_not_hole_type
LF_shoulder_link__C001,x,-0.803,-15.579999734958175,-21.599999939402284,2.4872751484680466,9.213701666066498e-07,12,rim_fit_only_not_hole_type
LF_shoulder_link__C001,x,-0.803,2.4200000334502287,-44.19999942183528,2.487274734050415,1.3549482098529353e-06,12,rim_fit_only_not_hole_type
LF_shoulder_link__C002,x,-0.503,2.420000012210699,-44.199998323203786,3.1000002501571884,1.1217682356345904e-06,14,rim_fit_only_not_hole_type
LF_shoulder_link__C002,x,-0.503,-15.579999920468325,-21.600000178277348,3.0999998821701023,9.061107488772535e-07,14,rim_fit_only_not_hole_type
LF_shoulder_link__C002,x,-0.503,2.419999954568132,-44.19999950968168,3.5000000750628057,7.0568032817242e-07,13,rim_fit_only_not_hole_type
LF_shoulder_link__C002,x,-0.503,-15.580000355839632,-21.60000009462268,3.499999854300797,7.53567277689271e-07,12,rim_fit_only_not_hole_type
LF_shoulder_link__C002,x,-0.803,2.419999954568132,-44.19999950968168,3.5000000750628057,7.0568032817242e-07,13,rim_fit_only_not_hole_type
LF_shoulder_link__C002,x,-0.803,-15.580000355839626,-21.600000094622683,3.4999998543007647,7.535672672531746e-07,12,rim_fit_only_not_hole_type
LF_shoulder_link__C003,z,-3.7845938446521314e-17,8.590555172054928e-17,-15.7,2.000000097806121,3.3422889345047224e-08,12,rim_fit_only_not_hole_type
LF_shoulder_link__C003,z,7.5532240345598e-09,-7.55322365981938e-09,-15.7,13.99999999729644,3.188382677876689e-07,25,rim_fit_only_not_hole_type
LF_shoulder_link__C003,z,-3.7845938446521314e-17,8.590555172054928e-17,16.5,2.000000097806121,3.3422889345047224e-08,12,rim_fit_only_not_hole_type
LF_shoulder_link__C003,z,-2.2636960933957646e-17,2.5566104843326718e-17,16.5,2.999999969338408,9.766068864713873e-08,12,rim_fit_only_not_hole_type
LF_shoulder_link__C003,z,-1.1039329831943317e-15,11.9999995624296,-4.45,1.9999994211447942,3.178598896314e-07,12,rim_fit_only_not_hole_type
LF_shoulder_link__C003,z,11.999999562429599,0.0,-4.45,1.9999994211448795,3.178598450004344e-07,12,rim_fit_only_not_hole_type
LF_shoulder_link__C003,z,-5.89286448757494e-15,-11.999999562429597,-4.45,1.9999994211447374,3.1785991894128784e-07,12,rim_fit_only_not_hole_type
LF_shoulder_link__C003,z,-11.999999562429583,0.0,-4.45,1.9999994211448795,3.1785983367615955e-07,12,rim_fit_only_not_hole_type
LF_shoulder_link__C003,z,7.553224225041838e-09,-7.553223599916063e-09,-16.2,13.999999997296435,3.1883827134038256e-07,25,rim_fit_only_not_hole_type
LF_shoulder_link__C003,z,5.310633106225808e-15,11.999999562429608,-7.45,1.9999994211450216,3.1785978393816805e-07,12,rim_fit_only_not_hole_type
LF_shoulder_link__C003,z,11.999999562429576,0.0,-7.45,1.9999994211447942,3.178598714237424e-07,12,rim_fit_only_not_hole_type
LF_shoulder_link__C003,z,-5.960215081093875e-17,-11.999999562429663,-7.45,1.9999994211450784,3.178597908215508e-07,12,rim_fit_only_not_hole_type
LF_shoulder_link__C003,z,-11.999999562429583,-3.175237630096753e-14,-7.45,1.9999994211449648,3.178598134701005e-07,12,rim_fit_only_not_hole_type
LF_shoulder_link__C003,z,-3.761304829015369e-18,5.545145856953355e-18,17.1,6.999999969508487,1.6809822378505146e-07,18,rim_fit_only_not_hole_type
LF_shoulder_link__C003,z,-2.2636960933957646e-17,1.2109803337918183e-16,17.1,2.9999999693384076,9.766068909122794e-08,12,rim_fit_only_not_hole_type
LF_upper_arm_link__C001,z,5.500005286509179,24.100003143150694,-7.2,3.499999111447925,4.696457984287861e-06,12,rim_fit_only_not_hole_type
LF_upper_arm_link__C001,z,5.499999038874899,24.100002874285867,-7.2,2.699998895616351,3.6626802151218385e-06,14,rim_fit_only_not_hole_type
LF_upper_arm_link__C001,z,-5.5000002418339555,24.100003143151667,-7.2,3.5000004308134516,2.2915107793508582e-06,12,rim_fit_only_not_hole_type
LF_upper_arm_link__C001,z,-5.500002843867046,24.100002874279156,-7.2,2.70000067701328,6.2058265994924255e-06,14,rim_fit_only_not_hole_type
LF_upper_arm_link__C001,z,5.500005286509152,24.100003143150726,-7.5,3.4999991114477953,4.696457878372584e-06,12,rim_fit_only_not_hole_type
LF_upper_arm_link__C001,z,-5.5000002418339555,24.100003143151667,-7.5,3.5000004308134516,2.2915107793508582e-06,12,rim_fit_only_not_hole_type
LF_upper_arm_link__C002,z,1.8958835990751632e-06,24.10000282956836,-12.0,4.300000561682768,5.376976691007229e-06,14,rim_fit_only_not_hole_type
LF_upper_arm_link__C002,z,3.026796057703658e-06,24.10000003874026,-12.0,2.4000012666376347,2.948989661577528e-06,12,rim_fit_only_not_hole_type
LF_upper_arm_link__C002,z,3.0267960152459483e-06,24.100000038740156,-9.0,2.400001266637161,2.94899000885529e-06,12,rim_fit_only_not_hole_type
LF_upper_arm_link__C003,y,-9.250056383931613e-15,15.7,6.81277341133728e-18,2.00000003761471,2.8690105624562534e-08,12,rim_fit_only_not_hole_type
LF_upper_arm_link__C003,y,-7.503613131400444e-09,15.7,1.7923881332141683e-15,14.000000111692394,2.188475303199766e-07,25,rim_fit_only_not_hole_type
LF_upper_arm_link__C003,y,8.111263408874857e-15,-16.5,5.1454539815446434e-17,2.0000000376147105,2.8690104292294905e-08,12,rim_fit_only_not_hole_type
LF_upper_arm_link__C003,y,8.051830184127208e-15,-16.5,3.5789235046412114e-17,2.999999964608195,3.073442655932013e-08,12,rim_fit_only_not_hole_type
LF_upper_arm_link__C003,y,-8.485281296695131,4.45,8.48528129669527,1.999999486731573,3.429368450325043e-07,12,rim_fit_only_not_hole_type
LF_upper_arm_link__C003,y,8.485281296695131,4.45,8.48528129669527,1.999999486731573,3.429368450325043e-07,12,rim_fit_only_not_hole_type
LF_upper_arm_link__C003,y,8.48528129669513,4.45,-8.485281296695264,1.9999994867316582,3.4293679707086966e-07,12,rim_fit_only_not_hole_type
LF_upper_arm_link__C003,y,-8.485281296695124,4.45,-8.48528129669526,1.999999486731644,3.4293680062358334e-07,12,rim_fit_only_not_hole_type
LF_upper_arm_link__C003,y,-7.50361375217302e-09,16.2,-9.699022662631263e-16,14.000000111692396,2.1884753120815503e-07,25,rim_fit_only_not_hole_type
LF_upper_arm_link__C003,y,-8.485281296695131,7.45,8.48528129669527,1.999999486731573,3.429368450325043e-07,12,rim_fit_only_not_hole_type
LF_upper_arm_link__C003,y,8.48528129669514,7.45,8.485281296695264,1.9999994867317008,3.429367757545876e-07,12,rim_fit_only_not_hole_type
LF_upper_arm_link__C003,y,8.485281296695138,7.45,-8.485281296695268,1.9999994867317008,3.4293677930730126e-07,12,rim_fit_only_not_hole_type
LF_upper_arm_link__C003,y,-8.48528129669513,7.45,-8.485281296695264,1.9999994867316582,3.4293679707086966e-07,12,rim_fit_only_not_hole_type
LF_upper_arm_link__C003,y,-1.4387720615491075e-16,-17.1,-5.0727426001979656e-17,7.000000048759542,1.2184301168005618e-07,18,rim_fit_only_not_hole_type
LF_upper_arm_link__C003,y,9.365506587533577e-15,-17.1,-2.271938902769607e-16,2.9999999646081945,3.073442811363236e-08,12,rim_fit_only_not_hole_type
LF_forearm_link__C001,z,5.500000089399956,33.25170103647701,5.485,2.4000005889286777,1.682544481962367e-06,12,rim_fit_only_not_hole_type
LF_forearm_link__C001,z,-6.499999538203586,33.25169937862904,5.485,2.4000005404721376,2.272687469995205e-06,12,rim_fit_only_not_hole_type
LF_forearm_link__C001,z,5.499999468517584,33.2517004987784,3.985,2.399999797602791,2.0934322579879705e-06,12,rim_fit_only_not_hole_type
LF_forearm_link__C001,z,5.4999997138361545,33.25169966428074,3.985,4.2000005255102675,1.72797895503507e-06,12,rim_fit_only_not_hole_type
LF_forearm_link__C001,z,-6.499999710041025,33.251700146746025,3.985,4.199999022882019,3.3594573296547026e-06,12,rim_fit_only_not_hole_type
LF_forearm_link__C001,z,-6.499999479995716,33.251700218782055,3.985,2.40000026883738,2.7109749205500577e-06,12,rim_fit_only_not_hole_type
LF_forearm_link__C002,z,-6.4999999012793594,33.25169812888021,8.485,3.4999967306008393,5.06337349759356e-06,12,rim_fit_only_not_hole_type
LF_forearm_link__C002,z,5.499999931392579,33.25169812888033,8.485,3.4999967694062857,5.0827763566907436e-06,12,rim_fit_only_not_hole_type
LF_forearm_link__C002,z,-6.499999943107515,33.25170272714123,8.785,2.70000179233387,4.685916971114423e-06,14,rim_fit_only_not_hole_type
LF_forearm_link__C002,z,5.499999970197639,33.25170272714126,8.785,2.700001792333365,4.483185649606369e-06,14,rim_fit_only_not_hole_type
LF_forearm_link__C002,z,-6.4999999012792955,33.25170185416639,8.785,3.4999967305986304,5.063368279101255e-06,12,rim_fit_only_not_hole_type
LF_forearm_link__C002,z,5.499999931392518,33.25170185416636,8.785,3.4999967694032974,5.0827705992961825e-06,12,rim_fit_only_not_hole_type
LF_forearm_link__C003,x,15.7,-2.652247851214745e-17,3.9872144020720895e-17,2.000000037614711,2.8690096076644522e-08,12,rim_fit_only_not_hole_type
LF_forearm_link__C003,x,15.7,7.503613131400442e-09,-5.546427542991899e-16,14.000000111692394,2.188475294317982e-07,25,rim_fit_only_not_hole_type
LF_forearm_link__C003,x,-16.5,2.9013432811274456e-17,-3.887063064749502e-17,2.00000003761471,2.8690096298689127e-08,12,rim_fit_only_not_hole_type
LF_forearm_link__C003,x,-16.5,1.143517514452237e-19,-1.7852443387362218e-16,2.9999999646081967,3.0734417899580535e-08,12,rim_fit_only_not_hole_type
LF_forearm_link__C003,x,4.45,8.485281296695131,8.48528129669527,1.999999486731573,3.429368450325043e-07,12,rim_fit_only_not_hole_type
LF_forearm_link__C003,x,4.45,-8.485281296695131,8.48528129669527,1.999999486731573,3.429368450325043e-07,12,rim_fit_only_not_hole_type
LF_forearm_link__C003,x,4.45,-8.48528129669513,-8.485281296695264,1.9999994867316582,3.4293679707086966e-07,12,rim_fit_only_not_hole_type
LF_forearm_link__C003,x,4.45,8.485281296695124,-8.48528129669526,1.999999486731644,3.4293680062358334e-07,12,rim_fit_only_not_hole_type
LF_forearm_link__C003,x,16.2,7.50361375217302e-09,-2.3305779706441417e-15,14.000000111692396,2.1884753209633345e-07,25,rim_fit_only_not_hole_type
LF_forearm_link__C003,x,7.45,8.485281296695131,8.48528129669527,1.999999486731573,3.429368450325043e-07,12,rim_fit_only_not_hole_type
LF_forearm_link__C003,x,7.45,-8.48528129669514,8.485281296695264,1.9999994867317008,3.429367757545876e-07,12,rim_fit_only_not_hole_type
LF_forearm_link__C003,x,7.45,-8.485281296695138,-8.485281296695268,1.9999994867317008,3.4293677930730126e-07,12,rim_fit_only_not_hole_type
LF_forearm_link__C003,x,7.45,8.48528129669513,-8.485281296695264,1.9999994867316582,3.4293679707086966e-07,12,rim_fit_only_not_hole_type
LF_forearm_link__C003,x,-17.1,3.819894549795059e-17,-1.8321544945041972e-16,7.00000004875954,1.2184301079187776e-07,18,rim_fit_only_not_hole_type
LF_forearm_link__C003,x,-17.1,-3.691016767864957e-17,5.642895277313737e-16,2.9999999646081963,3.073441856571435e-08,12,rim_fit_only_not_hole_type
LF_palm_link__C003,x,-15.7,5.819292210515399e-18,3.063554777371743e-16,2.000000037614711,2.8690096076644522e-08,12,rim_fit_only_not_hole_type
LF_palm_link__C003,x,-15.7,1.1519451212883134e-16,-7.503613265700231e-09,14.000000111692398,2.188475303199766e-07,25,rim_fit_only_not_hole_type
LF_palm_link__C003,x,16.5,5.8258278105655866e-18,-1.605274338503589e-16,2.000000037614711,2.8690096076644522e-08,12,rim_fit_only_not_hole_type
LF_palm_link__C003,x,16.5,3.4679694781268904e-17,-3.5811081176282217e-16,2.999999964608196,3.073441856571435e-08,12,rim_fit_only_not_hole_type
LF_palm_link__C003,x,-4.45,-8.485281296695137,-8.48528129669525,1.9999994867316297,3.4293679707086966e-07,12,rim_fit_only_not_hole_type
LF_palm_link__C003,x,-4.45,-8.485281296695135,8.485281296695268,1.9999994867316155,3.429368219398654e-07,12,rim_fit_only_not_hole_type
LF_palm_link__C003,x,-4.45,8.485281296695137,8.485281296695247,1.9999994867316724,3.429367722018739e-07,12,rim_fit_only_not_hole_type
LF_palm_link__C003,x,-4.45,8.48528129669514,-8.485281296695243,1.9999994867317292,3.429367402274508e-07,12,rim_fit_only_not_hole_type
LF_palm_link__C003,x,-16.2,-1.829546497035378e-16,-7.50361120125456e-09,14.000000111692396,2.1884752854361977e-07,25,rim_fit_only_not_hole_type
LF_palm_link__C003,x,-7.45,-8.485281296695135,-8.485281296695268,1.9999994867316155,3.429368219398654e-07,12,rim_fit_only_not_hole_type
LF_palm_link__C003,x,-7.45,-8.485281296695138,8.485281296695256,1.9999994867316297,3.429368023999402e-07,12,rim_fit_only_not_hole_type
LF_palm_link__C003,x,-7.45,8.485281296695135,8.485281296695259,1.9999994867316297,3.4293680595265386e-07,12,rim_fit_only_not_hole_type
LF_palm_link__C003,x,-7.45,8.485281296695137,-8.485281296695247,1.9999994867316724,3.429367722018739e-07,12,rim_fit_only_not_hole_type
LF_palm_link__C003,x,17.1,7.236260054355866e-17,-1.2052320113863241e-15,7.000000048759544,1.2184301345641302e-07,18,rim_fit_only_not_hole_type
LF_palm_link__C003,x,17.1,-5.444660257898283e-17,2.5359167454211164e-16,2.9999999646081967,3.0734417899580535e-08,12,rim_fit_only_not_hole_type
LF_finger_link__C001,x,4.45,7.902376110250895,9.031046582694744,2.299996378285326,1.0605997717183513e-05,13,rim_fit_only_not_hole_type
LF_finger_link__C001,x,4.45,-9.03106636675132,7.909193612826735,2.3000027453106626,1.1084951918816088e-05,13,rim_fit_only_not_hole_type
LF_finger_link__C001,x,4.45,9.02422474571979,-7.902401283686927,2.2999970350663297,1.1462532788275581e-05,13,rim_fit_only_not_hole_type
LF_finger_link__C001,x,4.45,-7.909213813096372,-9.024250402317236,2.300003239806941,1.0107820868077155e-05,14,rim_fit_only_not_hole_type
LF_finger_link__C001,x,-6.197,7.902376110250895,9.031046582694744,2.299996378285326,1.0605997717183513e-05,13,rim_fit_only_not_hole_type
LF_finger_link__C001,x,-6.197,-9.03106636675132,7.909193612826735,2.3000027453106626,1.1084951918816088e-05,13,rim_fit_only_not_hole_type
LF_finger_link__C001,x,-6.197,9.02422474571979,-7.902401283686927,2.2999970350663297,1.1462532788275581e-05,13,rim_fit_only_not_hole_type
LF_finger_link__C001,x,-6.197,-7.909213813096372,-9.024250402317236,2.300003239806941,1.0107820868077155e-05,14,rim_fit_only_not_hole_type
LF_finger_link__C001,x,-6.197,-3.0337556626702465e-06,1.2345964612054737e-06,20.300002581700333,1.2002511361686174e-05,24,rim_fit_only_not_hole_type
LF_finger_link__C003,x,15.7,-5.249995010163366e-17,3.95725366632796e-17,2.0000000126490427,1.3145959876226243e-08,12,rim_fit_only_not_hole_type
LF_finger_link__C003,x,15.7,-1.6659924109276456e-08,3.832962322054192e-08,14.000000086117753,2.917317276640574e-07,25,rim_fit_only_not_hole_type
LF_finger_link__C003,x,-16.5,-5.249995010163366e-17,3.95725366632796e-17,2.0000000126490427,1.3145959876226243e-08,12,rim_fit_only_not_hole_type
LF_finger_link__C003,x,-16.5,-8.299457368056281e-17,1.3966592480851753e-16,2.9999998819915965,1.4507606893587877e-08,12,rim_fit_only_not_hole_type
LF_finger_link__C003,x,4.45,-7.902176402364114,-9.030813958778413,1.9999993132195002,3.8784280398385107e-07,12,rim_fit_only_not_hole_type
LF_finger_link__C003,x,4.45,9.030813958778277,-7.902176402364238,1.99999931321955,3.878426649839284e-07,12,rim_fit_only_not_hole_type
LF_finger_link__C003,x,4.45,7.9021764023641055,9.030813958778399,1.9999993132195855,3.8784277112124954e-07,12,rim_fit_only_not_hole_type
LF_finger_link__C003,x,4.45,-9.030813958778264,7.9021764023642485,1.9999993132196068,3.8784262679225634e-07,12,rim_fit_only_not_hole_type
LF_finger_link__C003,x,16.2,-1.665992314316733e-08,3.832962331042105e-08,14.000000086117755,2.91731726775879e-07,25,rim_fit_only_not_hole_type
LF_finger_link__C003,x,7.45,-7.902176402364114,-9.030813958778408,1.999999313219486,3.8784281131132303e-07,12,rim_fit_only_not_hole_type
LF_finger_link__C003,x,7.45,9.030813958778287,-7.9021764023642485,1.9999993132195641,3.878426465542262e-07,12,rim_fit_only_not_hole_type
LF_finger_link__C003,x,7.45,7.902176402364102,9.030813958778403,1.9999993132195713,3.8784278155734597e-07,12,rim_fit_only_not_hole_type
LF_finger_link__C003,x,7.45,-9.030813958778264,7.9021764023642485,1.9999993132196068,3.8784262679225634e-07,12,rim_fit_only_not_hole_type
LF_finger_link__C003,x,-17.1,-1.2752831101924303e-16,-1.0435461792040741e-16,7.00000004657385,1.7818933972790774e-07,18,rim_fit_only_not_hole_type
LF_finger_link__C003,x,-17.1,7.309867124080382e-17,2.917678096758804e-17,2.9999998819915956,1.4507607337677086e-08,12,rim_fit_only_not_hole_type
LF_finger_link__C004,x,-7.697,-0.0034203447736587183,0.0033960759508806534,20.000000136194988,4.890177720540123e-07,34,rim_fit_only_not_hole_type
LF_finger_link__C004,x,-7.697,9.024225240851818,-7.902399851496193,1.9999994491041826,5.06157676105623e-07,12,rim_fit_only_not_hole_type
LF_finger_link__C004,x,-7.697,-9.031066001442557,7.909192350045883,1.9999994709306474,4.999269730410205e-07,12,rim_fit_only_not_hole_type
LF_finger_link__C004,x,-7.697,-7.909216875891257,-9.024249493517853,2.400000296411882,3.810703583795316e-07,12,rim_fit_only_not_hole_type
LF_finger_link__C004,x,-7.697,7.902376099076572,9.03104201008587,2.400000310167348,4.733784320087864e-07,12,rim_fit_only_not_hole_type
LF_finger_link__C004,x,-6.197,-0.0034203447736587183,0.0033960759508806534,20.000000136194988,4.890177720540123e-07,34,rim_fit_only_not_hole_type
LF_finger_link__C004,x,-6.197,9.024225240851818,-7.902399851496193,1.9999994491041826,5.06157676105623e-07,12,rim_fit_only_not_hole_type
LF_finger_link__C004,x,-6.197,-9.031066001442557,7.909192350045883,1.9999994709306474,4.999269730410205e-07,12,rim_fit_only_not_hole_type
LF_finger_link__C004,x,-6.197,-7.909216875891257,-9.024249493517853,2.400000296411882,3.810703583795316e-07,12,rim_fit_only_not_hole_type
LF_finger_link__C004,x,-6.197,7.902376099076572,9.03104201008587,2.400000310167348,4.733784320087864e-07,12,rim_fit_only_not_hole_type
RF_shoulder_link__C001,x,3.303,15.579999717554353,-21.599999916251,4.200000153877309,7.250464113539579e-07,16,rim_fit_only_not_hole_type
RF_shoulder_link__C001,x,3.303,15.579999734957948,-21.59999993940207,2.399999570342157,6.598771615795584e-07,12,rim_fit_only_not_hole_type
RF_shoulder_link__C001,x,3.303,-2.4200000334507656,-44.199999421835116,2.39999955512086,1.9092511875928864e-06,12,rim_fit_only_not_hole_type
RF_shoulder_link__C001,x,3.303,-2.4199999810182873,-44.19999914549162,4.199999475684756,1.718878546608238e-06,16,rim_fit_only_not_hole_type
RF_shoulder_link__C001,x,0.803,15.579999734958175,-21.599999939402284,2.4872751484680466,9.213701666066498e-07,12,rim_fit_only_not_hole_type
RF_shoulder_link__C001,x,0.803,-2.4200000334502287,-44.19999942183528,2.487274734050415,1.3549482098529353e-06,12,rim_fit_only_not_hole_type
RF_shoulder_link__C002,x,0.503,-2.420000012210699,-44.199998323203786,3.1000002501571884,1.1217682356345904e-06,14,rim_fit_only_not_hole_type
RF_shoulder_link__C002,x,0.503,15.579999920468325,-21.600000178277348,3.0999998821701023,9.061107488772535e-07,14,rim_fit_only_not_hole_type
RF_shoulder_link__C002,x,0.503,-2.419999954568132,-44.19999950968168,3.5000000750628057,7.0568032817242e-07,13,rim_fit_only_not_hole_type
RF_shoulder_link__C002,x,0.503,15.580000355839632,-21.60000009462268,3.499999854300797,7.53567277689271e-07,12,rim_fit_only_not_hole_type
RF_shoulder_link__C002,x,0.803,-2.419999954568132,-44.19999950968168,3.5000000750628057,7.0568032817242e-07,13,rim_fit_only_not_hole_type
RF_shoulder_link__C002,x,0.803,15.580000355839626,-21.600000094622683,3.4999998543007647,7.535672672531746e-07,12,rim_fit_only_not_hole_type
RF_shoulder_link__C003,z,3.7845938446521314e-17,-8.590555172054928e-17,-15.7,2.000000097806121,3.3422889345047224e-08,12,rim_fit_only_not_hole_type
RF_shoulder_link__C003,z,-7.5532240345598e-09,7.55322365981938e-09,-15.7,13.99999999729644,3.188382677876689e-07,25,rim_fit_only_not_hole_type
RF_shoulder_link__C003,z,3.7845938446521314e-17,-8.590555172054928e-17,16.5,2.000000097806121,3.3422889345047224e-08,12,rim_fit_only_not_hole_type
RF_shoulder_link__C003,z,2.2636960933957646e-17,-2.5566104843326718e-17,16.5,2.999999969338408,9.766068864713873e-08,12,rim_fit_only_not_hole_type
RF_shoulder_link__C003,z,1.1039329831943317e-15,-11.9999995624296,-4.45,1.9999994211447942,3.178598896314e-07,12,rim_fit_only_not_hole_type
RF_shoulder_link__C003,z,-11.999999562429599,0.0,-4.45,1.9999994211448795,3.178598450004344e-07,12,rim_fit_only_not_hole_type
RF_shoulder_link__C003,z,5.89286448757494e-15,11.999999562429597,-4.45,1.9999994211447374,3.1785991894128784e-07,12,rim_fit_only_not_hole_type
RF_shoulder_link__C003,z,11.999999562429583,0.0,-4.45,1.9999994211448795,3.1785983367615955e-07,12,rim_fit_only_not_hole_type
RF_shoulder_link__C003,z,-7.553224225041838e-09,7.553223599916063e-09,-16.2,13.999999997296435,3.1883827134038256e-07,25,rim_fit_only_not_hole_type
RF_shoulder_link__C003,z,-5.310633106225808e-15,-11.999999562429608,-7.45,1.9999994211450216,3.1785978393816805e-07,12,rim_fit_only_not_hole_type
RF_shoulder_link__C003,z,-11.999999562429576,0.0,-7.45,1.9999994211447942,3.178598714237424e-07,12,rim_fit_only_not_hole_type
RF_shoulder_link__C003,z,5.960215081093875e-17,11.999999562429663,-7.45,1.9999994211450784,3.178597908215508e-07,12,rim_fit_only_not_hole_type
RF_shoulder_link__C003,z,11.999999562429583,3.175237630096753e-14,-7.45,1.9999994211449648,3.178598134701005e-07,12,rim_fit_only_not_hole_type
RF_shoulder_link__C003,z,3.761304829015369e-18,-5.545145856953355e-18,17.1,6.999999969508487,1.6809822378505146e-07,18,rim_fit_only_not_hole_type
RF_shoulder_link__C003,z,2.2636960933957646e-17,-1.2109803337918183e-16,17.1,2.9999999693384076,9.766068909122794e-08,12,rim_fit_only_not_hole_type
RF_upper_arm_link__C001,z,-5.500005286509179,-24.100003143150694,-7.2,3.499999111447925,4.696457984287861e-06,12,rim_fit_only_not_hole_type
RF_upper_arm_link__C001,z,-5.499999038874899,-24.100002874285867,-7.2,2.699998895616351,3.6626802151218385e-06,14,rim_fit_only_not_hole_type
RF_upper_arm_link__C001,z,5.5000002418339555,-24.100003143151667,-7.2,3.5000004308134516,2.2915107793508582e-06,12,rim_fit_only_not_hole_type
RF_upper_arm_link__C001,z,5.500002843867046,-24.100002874279156,-7.2,2.70000067701328,6.2058265994924255e-06,14,rim_fit_only_not_hole_type
RF_upper_arm_link__C001,z,-5.500005286509152,-24.100003143150726,-7.5,3.4999991114477953,4.696457878372584e-06,12,rim_fit_only_not_hole_type
RF_upper_arm_link__C001,z,5.5000002418339555,-24.100003143151667,-7.5,3.5000004308134516,2.2915107793508582e-06,12,rim_fit_only_not_hole_type
RF_upper_arm_link__C002,z,-1.8958836190614858e-06,-24.100002829568396,-12.0,4.300000561682451,5.376976885074214e-06,14,rim_fit_only_not_hole_type
RF_upper_arm_link__C002,z,-3.026796112050572e-06,-24.100000038740212,-12.0,2.4000012666376347,2.948989674456115e-06,12,rim_fit_only_not_hole_type
RF_upper_arm_link__C002,z,-3.0267960978254612e-06,-24.100000038740294,-9.0,2.400001266638203,2.948989326512219e-06,12,rim_fit_only_not_hole_type
RF_upper_arm_link__C003,y,-1.2667112350706635e-17,-15.7,6.433584633304754e-17,2.0000000376147105,2.8690096076644522e-08,12,rim_fit_only_not_hole_type
RF_upper_arm_link__C003,y,7.503613131400444e-09,-15.7,-4.2515628601469033e-13,14.000000111692396,2.1884782075431986e-07,25,rim_fit_only_not_hole_type
RF_upper_arm_link__C003,y,-4.4579302007732156e-17,16.5,-4.247102505055948e-15,2.0000000376147105,2.8690100295492016e-08,12,rim_fit_only_not_hole_type
RF_upper_arm_link__C003,y,1.3508707465733773e-17,16.5,-3.8335420778296237e-16,2.999999964608196,3.073441856571435e-08,12,rim_fit_only_not_hole_type
RF_upper_arm_link__C003,y,8.485281296695131,-4.45,8.48528129669527,1.999999486731573,3.429368450325043e-07,12,rim_fit_only_not_hole_type
RF_upper_arm_link__C003,y,-8.485281296695131,-4.45,8.48528129669527,1.999999486731573,3.429368450325043e-07,12,rim_fit_only_not_hole_type
RF_upper_arm_link__C003,y,-8.48528129669513,-4.45,-8.485281296695264,1.9999994867316582,3.4293679707086966e-07,12,rim_fit_only_not_hole_type
RF_upper_arm_link__C003,y,8.485281296695124,-4.45,-8.48528129669526,1.999999486731644,3.4293680062358334e-07,12,rim_fit_only_not_hole_type
RF_upper_arm_link__C003,y,7.503613752173017e-09,-16.2,3.4435529433965353e-15,14.000000111692401,2.188475347608687e-07,25,rim_fit_only_not_hole_type
RF_upper_arm_link__C003,y,8.485281296695131,-7.45,8.48528129669527,1.999999486731573,3.429368450325043e-07,12,rim_fit_only_not_hole_type
RF_upper_arm_link__C003,y,-8.48528129669514,-7.45,8.485281296695264,1.9999994867317008,3.429367757545876e-07,12,rim_fit_only_not_hole_type
RF_upper_arm_link__C003,y,-8.485281296695138,-7.45,-8.485281296695268,1.9999994867317008,3.4293677930730126e-07,12,rim_fit_only_not_hole_type
RF_upper_arm_link__C003,y,8.48528129669513,-7.45,-8.485281296695264,1.9999994867316582,3.4293679707086966e-07,12,rim_fit_only_not_hole_type
RF_upper_arm_link__C003,y,1.4387720615489477e-16,17.1,-8.640677069508985e-18,7.000000048759541,1.2184301123596697e-07,18,rim_fit_only_not_hole_type
RF_upper_arm_link__C003,y,-9.904231580824902e-18,17.1,6.229738311771888e-15,2.9999999646081954,3.073442456091868e-08,12,rim_fit_only_not_hole_type
RF_forearm_link__C001,z,-5.500000089399956,-33.25170103647701,5.485,2.4000005889286777,1.682544481962367e-06,12,rim_fit_only_not_hole_type
RF_forearm_link__C001,z,6.499999538203586,-33.25169937862904,5.485,2.4000005404721376,2.272687469995205e-06,12,rim_fit_only_not_hole_type
RF_forearm_link__C001,z,-5.499999468517584,-33.2517004987784,3.985,2.399999797602791,2.0934322579879705e-06,12,rim_fit_only_not_hole_type
RF_forearm_link__C001,z,-5.4999997138361545,-33.25169966428074,3.985,4.2000005255102675,1.72797895503507e-06,12,rim_fit_only_not_hole_type
RF_forearm_link__C001,z,6.499999710041025,-33.251700146746025,3.985,4.199999022882019,3.3594573296547026e-06,12,rim_fit_only_not_hole_type
RF_forearm_link__C001,z,6.499999479995716,-33.251700218782055,3.985,2.40000026883738,2.7109749205500577e-06,12,rim_fit_only_not_hole_type
RF_forearm_link__C002,z,6.4999999012793594,-33.25169812888021,8.485,3.4999967306008393,5.06337349759356e-06,12,rim_fit_only_not_hole_type
RF_forearm_link__C002,z,-5.499999931392579,-33.25169812888033,8.485,3.4999967694062857,5.0827763566907436e-06,12,rim_fit_only_not_hole_type
RF_forearm_link__C002,z,6.499999943107515,-33.25170272714123,8.785,2.70000179233387,4.685916971114423e-06,14,rim_fit_only_not_hole_type
RF_forearm_link__C002,z,-5.499999970197639,-33.25170272714126,8.785,2.700001792333365,4.483185649606369e-06,14,rim_fit_only_not_hole_type
RF_forearm_link__C002,z,6.4999999012792955,-33.25170185416639,8.785,3.4999967305986304,5.063368279101255e-06,12,rim_fit_only_not_hole_type
RF_forearm_link__C002,z,-5.499999931392518,-33.25170185416636,8.785,3.4999967694032974,5.0827705992961825e-06,12,rim_fit_only_not_hole_type
RF_forearm_link__C003,x,-15.7,-5.391101363276389e-18,-1.291619901740067e-16,2.0000000376147113,2.8690095854599917e-08,12,rim_fit_only_not_hole_type
RF_forearm_link__C003,x,-15.7,-7.503613131400446e-09,2.841048725174126e-15,14.000000111692394,2.188475303199766e-07,25,rim_fit_only_not_hole_type
RF_forearm_link__C003,x,16.5,2.900022218034619e-18,1.5775614867203126e-16,2.000000037614711,2.8690096076644522e-08,12,rim_fit_only_not_hole_type
RF_forearm_link__C003,x,16.5,-1.1388827769075463e-19,5.2085511083554337e-17,2.999999964608196,3.073441812162514e-08,12,rim_fit_only_not_hole_type
RF_forearm_link__C003,x,-4.45,-8.485281296695131,8.48528129669527,1.999999486731573,3.429368450325043e-07,12,rim_fit_only_not_hole_type
RF_forearm_link__C003,x,-4.45,8.485281296695131,8.48528129669527,1.999999486731573,3.429368450325043e-07,12,rim_fit_only_not_hole_type
RF_forearm_link__C003,x,-4.45,8.48528129669513,-8.485281296695264,1.9999994867316582,3.4293679707086966e-07,12,rim_fit_only_not_hole_type
RF_forearm_link__C003,x,-4.45,-8.485281296695124,-8.48528129669526,1.999999486731644,3.4293680062358334e-07,12,rim_fit_only_not_hole_type
RF_forearm_link__C003,x,-16.2,-7.50361375217302e-09,4.975153650419339e-15,14.000000111692398,2.188475347608687e-07,25,rim_fit_only_not_hole_type
RF_forearm_link__C003,x,-7.45,-8.485281296695131,8.48528129669527,1.999999486731573,3.429368450325043e-07,12,rim_fit_only_not_hole_type
RF_forearm_link__C003,x,-7.45,8.48528129669514,8.485281296695264,1.9999994867317008,3.429367757545876e-07,12,rim_fit_only_not_hole_type
RF_forearm_link__C003,x,-7.45,8.485281296695138,-8.485281296695268,1.9999994867317008,3.4293677930730126e-07,12,rim_fit_only_not_hole_type
RF_forearm_link__C003,x,-7.45,-8.48528129669513,-8.485281296695264,1.9999994867316582,3.4293679707086966e-07,12,rim_fit_only_not_hole_type
RF_forearm_link__C003,x,17.1,-3.819894549795059e-17,-1.2772623388643482e-16,7.00000004875954,1.2184301079187776e-07,18,rim_fit_only_not_hole_type
RF_forearm_link__C003,x,17.1,1.6460846583918833e-17,6.885390624219513e-16,2.999999964608195,3.0734419231848165e-08,12,rim_fit_only_not_hole_type
RF_palm_link__C003,x,15.7,-5.114377509488027e-17,2.6652374731055383e-16,2.0000000376147113,2.8690095854599917e-08,12,rim_fit_only_not_hole_type
RF_palm_link__C003,x,15.7,-4.797327187754565e-17,-7.503611934149142e-09,14.000000111692396,2.1884752854361977e-07,25,rim_fit_only_not_hole_type
RF_palm_link__C003,x,-16.5,-5.825967194381298e-18,2.0611375274932178e-17,2.0000000376147105,2.8690096298689127e-08,12,rim_fit_only_not_hole_type
RF_palm_link__C003,x,-16.5,-8.069207665373235e-17,-1.1051286513250356e-16,2.9999999646081963,3.0734417899580535e-08,12,rim_fit_only_not_hole_type
RF_palm_link__C003,x,4.45,8.485281296695137,-8.48528129669525,1.9999994867316297,3.4293679707086966e-07,12,rim_fit_only_not_hole_type
RF_palm_link__C003,x,4.45,8.485281296695135,8.485281296695268,1.9999994867316155,3.429368219398654e-07,12,rim_fit_only_not_hole_type
RF_palm_link__C003,x,4.45,-8.485281296695137,8.485281296695247,1.9999994867316724,3.429367722018739e-07,12,rim_fit_only_not_hole_type
RF_palm_link__C003,x,4.45,-8.48528129669514,-8.485281296695243,1.9999994867317292,3.429367402274508e-07,12,rim_fit_only_not_hole_type
RF_palm_link__C003,x,16.2,9.005447720546586e-17,-7.503613377437704e-09,14.000000111692396,2.188475303199766e-07,25,rim_fit_only_not_hole_type
RF_palm_link__C003,x,7.45,8.485281296695135,-8.485281296695268,1.9999994867316155,3.429368219398654e-07,12,rim_fit_only_not_hole_type
RF_palm_link__C003,x,7.45,8.485281296695138,8.485281296695256,1.9999994867316297,3.429368023999402e-07,12,rim_fit_only_not_hole_type
RF_palm_link__C003,x,7.45,-8.485281296695135,8.485281296695259,1.9999994867316297,3.4293680595265386e-07,12,rim_fit_only_not_hole_type
RF_palm_link__C003,x,7.45,-8.485281296695137,-8.485281296695247,1.9999994867316724,3.429367722018739e-07,12,rim_fit_only_not_hole_type
RF_palm_link__C003,x,-17.1,1.0577965143012319e-16,-7.446305155425426e-17,7.000000048759542,1.2184301168005618e-07,18,rim_fit_only_not_hole_type
RF_palm_link__C003,x,-17.1,-1.3031980005356213e-19,-4.714063432467698e-16,2.9999999646081967,3.073441812162514e-08,12,rim_fit_only_not_hole_type
RF_finger_link__C001,x,-4.45,-7.902376110250895,9.031046582694744,2.299996378285326,1.0605997717183513e-05,13,rim_fit_only_not_hole_type
RF_finger_link__C001,x,-4.45,9.03106636675132,7.909193612826735,2.3000027453106626,1.1084951918816088e-05,13,rim_fit_only_not_hole_type
RF_finger_link__C001,x,-4.45,-9.02422474571979,-7.902401283686927,2.2999970350663297,1.1462532788275581e-05,13,rim_fit_only_not_hole_type
RF_finger_link__C001,x,-4.45,7.909213813096372,-9.024250402317236,2.300003239806941,1.0107820868077155e-05,14,rim_fit_only_not_hole_type
RF_finger_link__C001,x,6.197,-7.902376110250895,9.031046582694744,2.299996378285326,1.0605997717183513e-05,13,rim_fit_only_not_hole_type
RF_finger_link__C001,x,6.197,9.03106636675132,7.909193612826735,2.3000027453106626,1.1084951918816088e-05,13,rim_fit_only_not_hole_type
RF_finger_link__C001,x,6.197,-9.02422474571979,-7.902401283686927,2.2999970350663297,1.1462532788275581e-05,13,rim_fit_only_not_hole_type
RF_finger_link__C001,x,6.197,7.909213813096372,-9.024250402317236,2.300003239806941,1.0107820868077155e-05,14,rim_fit_only_not_hole_type
RF_finger_link__C001,x,6.197,3.0337556626702465e-06,1.2345964612054737e-06,20.300002581700333,1.2002511361686174e-05,24,rim_fit_only_not_hole_type
RF_finger_link__C003,x,-15.7,5.249995010163366e-17,3.95725366632796e-17,2.0000000126490427,1.3145959876226243e-08,12,rim_fit_only_not_hole_type
RF_finger_link__C003,x,-15.7,1.6659924109276456e-08,3.832962322054192e-08,14.000000086117753,2.917317276640574e-07,25,rim_fit_only_not_hole_type
RF_finger_link__C003,x,16.5,5.249995010163366e-17,3.95725366632796e-17,2.0000000126490427,1.3145959876226243e-08,12,rim_fit_only_not_hole_type
RF_finger_link__C003,x,16.5,8.299457368056281e-17,1.3966592480851753e-16,2.9999998819915965,1.4507606893587877e-08,12,rim_fit_only_not_hole_type
RF_finger_link__C003,x,-4.45,7.902176402364114,-9.030813958778413,1.9999993132195002,3.8784280398385107e-07,12,rim_fit_only_not_hole_type
RF_finger_link__C003,x,-4.45,-9.030813958778277,-7.902176402364238,1.99999931321955,3.878426649839284e-07,12,rim_fit_only_not_hole_type
RF_finger_link__C003,x,-4.45,-7.9021764023641055,9.030813958778399,1.9999993132195855,3.8784277112124954e-07,12,rim_fit_only_not_hole_type
RF_finger_link__C003,x,-4.45,9.030813958778264,7.9021764023642485,1.9999993132196068,3.8784262679225634e-07,12,rim_fit_only_not_hole_type
RF_finger_link__C003,x,-16.2,1.665992314316733e-08,3.832962331042105e-08,14.000000086117755,2.91731726775879e-07,25,rim_fit_only_not_hole_type
RF_finger_link__C003,x,-7.45,7.902176402364114,-9.030813958778408,1.999999313219486,3.8784281131132303e-07,12,rim_fit_only_not_hole_type
RF_finger_link__C003,x,-7.45,-9.030813958778287,-7.9021764023642485,1.9999993132195641,3.878426465542262e-07,12,rim_fit_only_not_hole_type
RF_finger_link__C003,x,-7.45,-7.902176402364102,9.030813958778403,1.9999993132195713,3.8784278155734597e-07,12,rim_fit_only_not_hole_type
RF_finger_link__C003,x,-7.45,9.030813958778264,7.9021764023642485,1.9999993132196068,3.8784262679225634e-07,12,rim_fit_only_not_hole_type
RF_finger_link__C003,x,17.1,1.2752831101924303e-16,-1.0435461792040741e-16,7.00000004657385,1.7818933972790774e-07,18,rim_fit_only_not_hole_type
RF_finger_link__C003,x,17.1,-7.309867124080382e-17,2.917678096758804e-17,2.9999998819915956,1.4507607337677086e-08,12,rim_fit_only_not_hole_type
RF_finger_link__C004,x,7.697,0.0034203447736587183,0.0033960759508806534,20.000000136194988,4.890177720540123e-07,34,rim_fit_only_not_hole_type
RF_finger_link__C004,x,7.697,-9.024225240851818,-7.902399851496193,1.9999994491041826,5.06157676105623e-07,12,rim_fit_only_not_hole_type
RF_finger_link__C004,x,7.697,9.031066001442557,7.909192350045883,1.9999994709306474,4.999269730410205e-07,12,rim_fit_only_not_hole_type
RF_finger_link__C004,x,7.697,7.909216875891257,-9.024249493517853,2.400000296411882,3.810703583795316e-07,12,rim_fit_only_not_hole_type
RF_finger_link__C004,x,7.697,-7.902376099076572,9.03104201008587,2.400000310167348,4.733784320087864e-07,12,rim_fit_only_not_hole_type
RF_finger_link__C004,x,6.197,0.0034203447736587183,0.0033960759508806534,20.000000136194988,4.890177720540123e-07,34,rim_fit_only_not_hole_type
RF_finger_link__C004,x,6.197,-9.024225240851818,-7.902399851496193,1.9999994491041826,5.06157676105623e-07,12,rim_fit_only_not_hole_type
RF_finger_link__C004,x,6.197,9.031066001442557,7.909192350045883,1.9999994709306474,4.999269730410205e-07,12,rim_fit_only_not_hole_type
RF_finger_link__C004,x,6.197,7.909216875891257,-9.024249493517853,2.400000296411882,3.810703583795316e-07,12,rim_fit_only_not_hole_type
RF_finger_link__C004,x,6.197,-7.902376099076572,9.03104201008587,2.400000310167348,4.733784320087864e-07,12,rim_fit_only_not_hole_type
LM_hip_link__C001,z,-1.333131614220135e-07,4.482488450874533e-08,-16.25,21.000000626909053,2.8784955183880356e-06,22,rim_fit_only_not_hole_type
LM_hip_link__C001,z,-10.999944350685757,30.000020630665045,-19.6,3.5999979280882446,1.6311994799345086e-06,12,rim_fit_only_not_hole_type
LM_hip_link__C001,z,11.0000555661239,29.999979538843316,-19.6,3.5999996243703998,2.6162757220671295e-06,12,rim_fit_only_not_hole_type
LM_hip_link__C001,z,4.1991978001050545e-05,22.500000428408292,-19.6,3.5999992969400685,1.6244942848686605e-06,12,rim_fit_only_not_hole_type
LM_hip_link__C001,z,-1.3331316272852145e-07,4.4824887803984264e-08,-9.25,21.000000626909053,2.878495514835322e-06,22,rim_fit_only_not_hole_type
LM_hip_link__C002,z,4.1285847293919625e-05,22.499999652305146,-23.2,4.399999669978765,1.2043362649372114e-06,12,rim_fit_only_not_hole_type
LM_hip_link__C002,z,4.125746369673872e-05,22.49999992115612,-23.2,2.3999992651068975,1.8036631368456568e-06,12,rim_fit_only_not_hole_type
LM_hip_link__C002,z,4.125746367247899e-05,22.499999921156057,-21.6,2.3999992651069926,1.803663142396772e-06,12,rim_fit_only_not_hole_type
LM_hip_link__C003,z,5.036663576982448e-17,5.585515640210315e-17,-15.7,2.000000037618057,3.509059409712023e-08,12,rim_fit_only_not_hole_type
LM_hip_link__C003,z,7.503628748812573e-09,-1.9987207908126117e-08,-15.7,14.00000011171589,3.9476111979297457e-07,25,rim_fit_only_not_hole_type
LM_hip_link__C003,z,5.036663576982448e-17,5.585515640210315e-17,16.5,2.000000037618057,3.509059409712023e-08,12,rim_fit_only_not_hole_type
LM_hip_link__C003,z,2.7373131011743566e-17,-2.2188076266147907e-17,16.5,2.999999964613277,3.1933616195800596e-08,12,rim_fit_only_not_hole_type
LM_hip_link__C003,z,8.48526573584695,-8.485296857543572,-4.45,1.999999486734742,5.369617300798879e-07,12,rim_fit_only_not_hole_type
LM_hip_link__C003,z,-8.485296857543435,-8.48526573584707,-4.45,1.9999994867347277,5.369616004058386e-07,12,rim_fit_only_not_hole_type
LM_hip_link__C003,z,-8.485265735846953,8.485296857543567,-4.45,1.9999994867348272,5.369616821182532e-07,12,rim_fit_only_not_hole_type
LM_hip_link__C003,z,8.48529685754344,8.485265735847078,-4.45,1.9999994867347277,5.369616057349091e-07,12,rim_fit_only_not_hole_type
LM_hip_link__C003,z,7.503629334219434e-09,-1.998720741418812e-08,-16.2,14.000000111715893,3.947611215693314e-07,25,rim_fit_only_not_hole_type
LM_hip_link__C003,z,8.485265735846953,-8.485296857543565,-7.45,1.999999486734742,5.369617229744605e-07,12,rim_fit_only_not_hole_type
LM_hip_link__C003,z,-8.485296857543425,-8.485265735847072,-7.45,1.9999994867347135,5.369615968531249e-07,12,rim_fit_only_not_hole_type
LM_hip_link__C003,z,-8.48526573584695,8.485296857543563,-7.45,1.999999486734813,5.369616856709669e-07,12,rim_fit_only_not_hole_type
LM_hip_link__C003,z,8.485296857543432,8.485265735847078,-7.45,1.999999486734742,5.369615897476976e-07,12,rim_fit_only_not_hole_type
LM_hip_link__C003,z,2.6382995461935454e-16,-9.483885126760559e-17,17.1,7.0000000487713905,1.8942441792901832e-07,18,rim_fit_only_not_hole_type
LM_hip_link__C003,z,1.4479042884548572e-16,1.5227577732090888e-16,17.1,2.999999964613277,3.1933616639889806e-08,12,rim_fit_only_not_hole_type
LM_thigh_link__C001,z,5.50006135987903,33.25169001582328,5.485,2.4000004129160994,1.225241880842276e-06,12,rim_fit_only_not_hole_type
LM_thigh_link__C001,z,-6.499938863633543,33.25171229552993,5.485,2.4000001628210024,2.09425793595841e-06,12,rim_fit_only_not_hole_type
LM_thigh_link__C001,z,5.500061085455499,33.25168994378836,3.985,2.3999989210596064,2.514250492913206e-06,12,rim_fit_only_not_hole_type
LM_thigh_link__C001,z,5.500060994014357,33.25168990219742,3.985,4.199999832223274,1.7594632426565227e-06,12,rim_fit_only_not_hole_type
LM_thigh_link__C001,z,-6.499938880249314,33.251711754670055,3.985,4.199998984085889,2.715331146152522e-06,12,rim_fit_only_not_hole_type
LM_thigh_link__C001,z,-6.499939456751685,33.25171142825784,3.985,2.400000230033982,2.7639845772142735e-06,12,rim_fit_only_not_hole_type
LM_thigh_link__C002,z,-6.499938766625247,33.251709804019434,8.485,3.4999978995820324,3.2859445997512893e-06,12,rim_fit_only_not_hole_type
LM_thigh_link__C002,z,5.500060722374809,33.25168831638693,8.485,3.4999978607759488,3.2665448717050793e-06,12,rim_fit_only_not_hole_type
LM_thigh_link__C002,z,-6.49993915837751,33.251713961363265,8.785,2.7000025104310716,3.7908375987161236e-06,14,rim_fit_only_not_hole_type
LM_thigh_link__C002,z,5.500061011611318,33.25169164004029,8.785,2.700002332316631,3.63489280008622e-06,14,rim_fit_only_not_hole_type
LM_thigh_link__C002,z,-6.499938766614794,33.251713529306556,8.785,3.4999978995812526,3.285947385966992e-06,12,rim_fit_only_not_hole_type
LM_thigh_link__C002,z,5.500060991234019,33.251691576013684,8.785,3.4999983984749607,3.1369460051777764e-06,12,rim_fit_only_not_hole_type
LM_thigh_link__C003,x,15.7,-2.879338959680924e-05,-1.1893194481545051e-16,2.0000000376147113,6.749520142790288e-08,12,rim_fit_only_not_hole_type
LM_thigh_link__C003,x,15.7,-2.8862805472602996e-05,-5.3137827306891935e-15,14.000000108786926,2.1789831716745311e-07,25,rim_fit_only_not_hole_type
LM_thigh_link__C003,x,-16.5,3.0267983675057675e-05,-9.791008287953033e-17,2.0000000376147105,2.8690096076644522e-08,12,rim_fit_only_not_hole_type
LM_thigh_link__C003,x,-16.5,3.0267983675017485e-05,3.9812854525487967e-17,2.999999964608196,3.073441812162514e-08,12,rim_fit_only_not_hole_type
LM_thigh_link__C003,x,4.45,8.485272914791953,8.485281296695256,1.999999486731573,3.429368308216496e-07,12,rim_fit_only_not_hole_type
LM_thigh_link__C003,x,4.45,-8.485289678598313,8.48528129669526,1.9999994867316724,3.429367864127286e-07,12,rim_fit_only_not_hole_type
LM_thigh_link__C003,x,4.45,-8.485289678598296,-8.485281296695259,1.9999994867317434,3.42936749109235e-07,12,rim_fit_only_not_hole_type
LM_thigh_link__C003,x,4.45,8.485272914791969,-8.48528129669526,1.9999994867315871,3.4293682904529277e-07,12,rim_fit_only_not_hole_type
LM_thigh_link__C003,x,16.2,-2.9794109688098844e-05,2.0828099871172337e-15,14.000000109079323,2.1805789707229906e-07,25,rim_fit_only_not_hole_type
LM_thigh_link__C003,x,7.45,8.48526752088204,8.485281296695266,1.999999274696588,4.4895442807835195e-07,12,rim_fit_only_not_hole_type
LM_thigh_link__C003,x,7.45,-8.485295072508132,8.485281296695248,1.9999996987666635,5.085548298033871e-07,12,rim_fit_only_not_hole_type
LM_thigh_link__C003,x,7.45,-8.485295072508121,-8.485281296695245,1.9999996987665924,5.085548546723828e-07,12,rim_fit_only_not_hole_type
LM_thigh_link__C003,x,7.45,8.485267520882056,-8.485281296695273,1.9999992746966022,4.4895442807835195e-07,12,rim_fit_only_not_hole_type
LM_thigh_link__C003,x,-17.1,3.141842177830139e-05,3.5663314893777657e-16,7.000000048759545,1.3234940077211377e-07,18,rim_fit_only_not_hole_type
LM_thigh_link__C003,x,-17.1,3.1325422848544606e-05,5.309224583391619e-16,2.999999964608197,4.043569457046203e-08,12,rim_fit_only_not_hole_type
LM_calf_link__C003,x,-15.7,2.879486384224615e-05,2.0272656446236172e-08,2.000000040778495,4.0520218513862005e-08,12,rim_fit_only_not_hole_type
LM_calf_link__C003,x,-15.7,2.8804908666549448e-05,3.143748435866442e-08,14.00000005175822,3.744940100247618e-07,25,rim_fit_only_not_hole_type
LM_calf_link__C003,x,16.5,-3.0287954260368668e-05,-1.6756136619996236e-08,2.000000041988964,4.096328165559271e-08,12,rim_fit_only_not_hole_type
LM_calf_link__C003,x,16.5,-3.0267983673043536e-05,3.282732000703336e-19,2.999999956012434,4.185534563383442e-08,12,rim_fit_only_not_hole_type
LM_calf_link__C003,x,-4.45,0.11503050489974333,-11.999448669210532,1.9999995128528927,2.93111735438778e-07,12,rim_fit_only_not_hole_type
LM_calf_link__C003,x,-4.45,-11.999440431850754,-0.11502225827138096,1.9999993290730287,5.353744940705951e-07,12,rim_fit_only_not_hole_type
LM_calf_link__C003,x,-4.45,-0.11501416286645672,11.999448657086146,1.999999507741588,3.0613976664817244e-07,12,rim_fit_only_not_hole_type
LM_calf_link__C003,x,-4.45,11.999456807992459,0.11502249600305993,1.9999994468025355,5.700594213342569e-07,12,rim_fit_only_not_hole_type
LM_calf_link__C003,x,-16.2,2.973424116649542e-05,3.4379024567675195e-08,14.000000047845594,3.75912894590158e-07,25,rim_fit_only_not_hole_type
LM_calf_link__C003,x,-7.45,0.11503601424885825,-11.999448652155884,1.9999995221992035,3.1181627779819365e-07,12,rim_fit_only_not_hole_type
LM_calf_link__C003,x,-7.45,-11.99943492301326,-0.11502218067545956,1.9999994398772287,4.948171417051839e-07,12,rim_fit_only_not_hole_type
LM_calf_link__C003,x,-7.45,-0.1150086671861321,11.999448661935892,1.9999995196881448,3.0611557799709033e-07,12,rim_fit_only_not_hole_type
LM_calf_link__C003,x,-7.45,11.999462324655005,0.1150224233506729,1.999999548577735,6.857167236251627e-07,12,rim_fit_only_not_hole_type
LM_calf_link__C003,x,17.1,-3.13883783930188e-05,-6.132222363234237e-08,7.000000006760205,2.2959432044444839e-07,18,rim_fit_only_not_hole_type
LM_calf_link__C003,x,17.1,-3.137392923236526e-05,-6.367406677785283e-18,2.9999999556531534,7.171588856103028e-08,12,rim_fit_only_not_hole_type
RM_hip_link__C001,z,2.1976995428792358e-08,-8.917603258175898e-08,-16.25,21.00000037767646,2.604068660261305e-06,22,rim_fit_only_not_hole_type
RM_hip_link__C001,z,10.99999916429423,-30.000000684840963,-19.6,3.599998280116818,2.0347663551856243e-06,12,rim_fit_only_not_hole_type
RM_hip_link__C001,z,-11.000000385262164,-30.00000033838101,-19.6,3.5999996243638943,2.383444175135807e-06,12,rim_fit_only_not_hole_type
RM_hip_link__C001,z,-7.154704230774755e-07,-22.5000005710267,-19.6,3.5999992752830057,1.6646003466735948e-06,12,rim_fit_only_not_hole_type
RM_hip_link__C001,z,2.173070971223837e-08,-8.774705077876869e-08,-9.25,21.000000379123893,2.6036973306275968e-06,22,rim_fit_only_not_hole_type
RM_hip_link__C002,z,-5.0570473779555746e-08,-22.49999964390207,-23.2,4.399999653113115,1.399258191092656e-06,12,rim_fit_only_not_hole_type
RM_hip_link__C002,z,-9.840783159919821e-08,-22.499999688323513,-23.2,2.3999995339069398,2.034544749118794e-06,12,rim_fit_only_not_hole_type
RM_hip_link__C002,z,-9.840779063068114e-08,-22.49999968832356,-21.6,2.39999953390675,2.0345448634717656e-06,12,rim_fit_only_not_hole_type
RM_hip_link__C003,z,-5.87694347987757e-17,-9.342224752453987e-17,-15.7,2.0000000376147105,2.8690096076644522e-08,12,rim_fit_only_not_hole_type
RM_hip_link__C003,z,-7.503613131400444e-09,9.585417770012593e-16,-15.7,14.000000111692396,2.188475303199766e-07,25,rim_fit_only_not_hole_type
RM_hip_link__C003,z,6.88873283836248e-17,1.3235995559883098e-17,16.5,2.000000037614711,2.8690095854599917e-08,12,rim_fit_only_not_hole_type
RM_hip_link__C003,z,-2.5495450108667532e-17,6.811216386613078e-17,16.5,2.999999964608195,3.073441856571435e-08,12,rim_fit_only_not_hole_type
RM_hip_link__C003,z,-8.485281296695131,8.48528129669527,-4.45,1.999999486731573,3.429368450325043e-07,12,rim_fit_only_not_hole_type
RM_hip_link__C003,z,8.485281296695131,8.48528129669527,-4.45,1.999999486731573,3.429368450325043e-07,12,rim_fit_only_not_hole_type
RM_hip_link__C003,z,8.48528129669513,-8.485281296695264,-4.45,1.9999994867316582,3.4293679707086966e-07,12,rim_fit_only_not_hole_type
RM_hip_link__C003,z,-8.485281296695124,-8.48528129669526,-4.45,1.999999486731644,3.4293680062358334e-07,12,rim_fit_only_not_hole_type
RM_hip_link__C003,z,-7.50361375217302e-09,-1.1837885942447033e-15,-16.2,14.000000111692396,2.1884753120815503e-07,25,rim_fit_only_not_hole_type
RM_hip_link__C003,z,-8.485281296695131,8.48528129669527,-7.45,1.999999486731573,3.429368450325043e-07,12,rim_fit_only_not_hole_type
RM_hip_link__C003,z,8.48528129669514,8.485281296695264,-7.45,1.9999994867317008,3.429367757545876e-07,12,rim_fit_only_not_hole_type
RM_hip_link__C003,z,8.485281296695138,-8.485281296695268,-7.45,1.9999994867317008,3.4293677930730126e-07,12,rim_fit_only_not_hole_type
RM_hip_link__C003,z,-8.48528129669513,-8.485281296695264,-7.45,1.9999994867316582,3.4293679707086966e-07,12,rim_fit_only_not_hole_type
RM_hip_link__C003,z,-3.819894549795059e-17,6.969759773301975e-17,17.1,7.000000048759541,1.2184301123596697e-07,18,rim_fit_only_not_hole_type
RM_hip_link__C003,z,1.2220382293440067e-16,-4.768889964919006e-17,17.1,2.9999999646081954,3.073441856571435e-08,12,rim_fit_only_not_hole_type
RM_thigh_link__C001,z,-5.500000089399956,-33.25170103647701,5.485,2.4000005889286777,1.682544481962367e-06,12,rim_fit_only_not_hole_type
RM_thigh_link__C001,z,6.499999518801165,-33.251699412235176,5.485,2.400000501667039,2.2532850427747775e-06,12,rim_fit_only_not_hole_type
RM_thigh_link__C001,z,-5.499999468517584,-33.2517004987784,3.985,2.399999797602791,2.0934322579879705e-06,12,rim_fit_only_not_hole_type
RM_thigh_link__C001,z,-5.4999997138361545,-33.25169966428074,3.985,4.2000005255102675,1.72797895503507e-06,12,rim_fit_only_not_hole_type
RM_thigh_link__C001,z,6.499999710041025,-33.251700146746025,3.985,4.199999022882019,3.3594573296547026e-06,12,rim_fit_only_not_hole_type
RM_thigh_link__C001,z,6.499999479995716,-33.251700218782055,3.985,2.40000026883738,2.7109749205500577e-06,12,rim_fit_only_not_hole_type
RM_thigh_link__C002,z,6.4999999012793594,-33.25169812888021,8.485,3.4999967306008393,5.06337349759356e-06,12,rim_fit_only_not_hole_type
RM_thigh_link__C002,z,-5.499999931392579,-33.25169812888033,8.485,3.4999967694062857,5.0827763566907436e-06,12,rim_fit_only_not_hole_type
RM_thigh_link__C002,z,6.499999943107515,-33.25170272714123,8.785,2.70000179233387,4.685916971114423e-06,14,rim_fit_only_not_hole_type
RM_thigh_link__C002,z,-5.499999970197639,-33.25170272714126,8.785,2.700001792333365,4.483185649606369e-06,14,rim_fit_only_not_hole_type
RM_thigh_link__C002,z,6.4999999012792955,-33.25170185416639,8.785,3.4999967305986304,5.063368279101255e-06,12,rim_fit_only_not_hole_type
RM_thigh_link__C002,z,-5.499999931392518,-33.25170185416636,8.785,3.4999967694032974,5.0827705992961825e-06,12,rim_fit_only_not_hole_type
RM_thigh_link__C003,x,-15.7,5.135652233041462e-17,9.937075082291607e-18,2.000000037614711,2.8690095854599917e-08,12,rim_fit_only_not_hole_type
RM_thigh_link__C003,x,-15.7,-7.503613131400446e-09,1.1481657665565092e-14,14.0000001116924,2.188475392017608e-07,25,rim_fit_only_not_hole_type
RM_thigh_link__C003,x,16.5,-2.0333529824797526e-17,-2.341550629593505e-16,2.0000000376147113,2.8690095854599917e-08,12,rim_fit_only_not_hole_type
RM_thigh_link__C003,x,16.5,1.5143909296522487e-17,2.4203921097957634e-16,2.999999964608196,3.0734418343669745e-08,12,rim_fit_only_not_hole_type
RM_thigh_link__C003,x,-4.45,-8.485281296695131,8.48528129669527,1.999999486731573,3.429368450325043e-07,12,rim_fit_only_not_hole_type
RM_thigh_link__C003,x,-4.45,8.485281296695131,8.48528129669527,1.999999486731573,3.429368450325043e-07,12,rim_fit_only_not_hole_type
RM_thigh_link__C003,x,-4.45,8.48528129669513,-8.485281296695264,1.9999994867316582,3.4293679707086966e-07,12,rim_fit_only_not_hole_type
RM_thigh_link__C003,x,-4.45,-8.485281296695124,-8.48528129669526,1.999999486731644,3.4293680062358334e-07,12,rim_fit_only_not_hole_type
RM_thigh_link__C003,x,-16.2,-7.503613752173024e-09,-8.908347809822291e-16,14.000000111692398,2.1884753209633345e-07,25,rim_fit_only_not_hole_type
RM_thigh_link__C003,x,-7.45,-8.485281296695131,8.48528129669527,1.999999486731573,3.429368450325043e-07,12,rim_fit_only_not_hole_type
RM_thigh_link__C003,x,-7.45,8.48528129669514,8.485281296695264,1.9999994867317008,3.429367757545876e-07,12,rim_fit_only_not_hole_type
RM_thigh_link__C003,x,-7.45,8.485281296695138,-8.485281296695268,1.9999994867317008,3.4293677930730126e-07,12,rim_fit_only_not_hole_type
RM_thigh_link__C003,x,-7.45,-8.48528129669513,-8.485281296695264,1.9999994867316582,3.4293679707086966e-07,12,rim_fit_only_not_hole_type
RM_thigh_link__C003,x,17.1,-3.819894549795059e-17,1.8140824012726145e-16,7.000000048759544,1.218430125682346e-07,18,rim_fit_only_not_hole_type
RM_thigh_link__C003,x,17.1,3.2566041703706554e-17,-1.1936259190507065e-17,2.999999964608196,3.073441812162514e-08,12,rim_fit_only_not_hole_type
LR_hip_link__C001,z,-1.3331316165354992e-07,4.4824890195049206e-08,-16.25,21.000000626909053,2.878495516611679e-06,22,rim_fit_only_not_hole_type
LR_hip_link__C001,z,-10.999944350685757,30.000020630665045,-19.6,3.5999979280882446,1.6311994799345086e-06,12,rim_fit_only_not_hole_type
LR_hip_link__C001,z,11.0000555661239,29.999979538843316,-19.6,3.5999996243703998,2.6162757220671295e-06,12,rim_fit_only_not_hole_type
LR_hip_link__C001,z,4.199197799823478e-05,22.500000428408296,-19.6,3.5999992969400365,1.6244942659948691e-06,12,rim_fit_only_not_hole_type
LR_hip_link__C001,z,-1.3331316232476345e-07,4.4824890758666266e-08,-9.25,21.000000626909063,2.8784955095062514e-06,22,rim_fit_only_not_hole_type
LR_hip_link__C002,z,4.1285847271812316e-05,22.49999965230521,-23.2,4.399999669978998,1.204336081972457e-06,12,rim_fit_only_not_hole_type
LR_hip_link__C002,z,4.125746372136942e-05,22.49999992115602,-23.2,2.39999926510614,1.8036635440754623e-06,12,rim_fit_only_not_hole_type
LR_hip_link__C002,z,4.12574637548531e-05,22.499999921156068,-21.6,2.3999992651067084,1.8036632076778858e-06,12,rim_fit_only_not_hole_type
LR_hip_link__C003,z,5.036663576982448e-17,8.659415981237578e-17,-15.7,2.0000000376180567,3.5090593875075626e-08,12,rim_fit_only_not_hole_type
LR_hip_link__C003,z,7.503628748815405e-09,-1.99872076895986e-08,-15.7,14.00000011171589,3.9476111979297457e-07,25,rim_fit_only_not_hole_type
LR_hip_link__C003,z,5.036663576982448e-17,8.659415981237578e-17,16.5,2.0000000376180567,3.5090593875075626e-08,12,rim_fit_only_not_hole_type
LR_hip_link__C003,z,2.7373131011743566e-17,8.054441075720162e-17,16.5,2.999999964613277,3.19336164178452e-08,12,rim_fit_only_not_hole_type
LR_hip_link__C003,z,8.48526573584695,-8.485296857543572,-4.45,1.999999486734742,5.369617300798879e-07,12,rim_fit_only_not_hole_type
LR_hip_link__C003,z,-8.485296857543435,-8.48526573584707,-4.45,1.9999994867347277,5.369616004058386e-07,12,rim_fit_only_not_hole_type
LR_hip_link__C003,z,-8.485265735846953,8.485296857543567,-4.45,1.9999994867348272,5.369616821182532e-07,12,rim_fit_only_not_hole_type
LR_hip_link__C003,z,8.48529685754344,8.485265735847078,-4.45,1.9999994867347277,5.369616057349091e-07,12,rim_fit_only_not_hole_type
LR_hip_link__C003,z,7.503629334222272e-09,-1.998720841894917e-08,-16.2,14.00000011171589,3.9476111979297457e-07,25,rim_fit_only_not_hole_type
LR_hip_link__C003,z,8.485265735846953,-8.485296857543565,-7.45,1.999999486734742,5.369617229744605e-07,12,rim_fit_only_not_hole_type
LR_hip_link__C003,z,-8.485296857543425,-8.485265735847072,-7.45,1.9999994867347135,5.369615968531249e-07,12,rim_fit_only_not_hole_type
LR_hip_link__C003,z,-8.48526573584695,8.485296857543563,-7.45,1.999999486734813,5.369616856709669e-07,12,rim_fit_only_not_hole_type
LR_hip_link__C003,z,8.485296857543432,8.485265735847078,-7.45,1.999999486734742,5.369615897476976e-07,12,rim_fit_only_not_hole_type
LR_hip_link__C003,z,2.6382995443334035e-16,-2.7554855276909246e-17,17.1,7.000000048771389,1.894244170408399e-07,18,rim_fit_only_not_hole_type
LR_hip_link__C003,z,1.0389087057932936e-16,1.974663079551491e-16,17.1,2.9999999646132776,3.193361686193441e-08,12,rim_fit_only_not_hole_type
LR_thigh_link__C001,z,5.50006135987903,33.25169001582328,5.485,2.4000004129160994,1.225241880842276e-06,12,rim_fit_only_not_hole_type
LR_thigh_link__C001,z,-6.499938863633543,33.25171229552993,5.485,2.4000001628210024,2.09425793595841e-06,12,rim_fit_only_not_hole_type
LR_thigh_link__C001,z,5.500061085455499,33.25168994378836,3.985,2.3999989210596064,2.514250492913206e-06,12,rim_fit_only_not_hole_type
LR_thigh_link__C001,z,5.500060994014357,33.25168990219742,3.985,4.199999832223274,1.7594632426565227e-06,12,rim_fit_only_not_hole_type
LR_thigh_link__C001,z,-6.499938880249314,33.251711754670055,3.985,4.199998984085889,2.715331146152522e-06,12,rim_fit_only_not_hole_type
LR_thigh_link__C001,z,-6.499939456751685,33.25171142825784,3.985,2.400000230033982,2.7639845772142735e-06,12,rim_fit_only_not_hole_type
LR_thigh_link__C002,z,-6.499938766625247,33.251709804019434,8.485,3.4999978995820324,3.2859445997512893e-06,12,rim_fit_only_not_hole_type
LR_thigh_link__C002,z,5.500060722374809,33.25168831638693,8.485,3.4999978607759488,3.2665448717050793e-06,12,rim_fit_only_not_hole_type
LR_thigh_link__C002,z,-6.49993915837751,33.251713961363265,8.785,2.7000025104310716,3.7908375987161236e-06,14,rim_fit_only_not_hole_type
LR_thigh_link__C002,z,5.500061011611318,33.25169164004029,8.785,2.700002332316631,3.63489280008622e-06,14,rim_fit_only_not_hole_type
LR_thigh_link__C002,z,-6.499938766614794,33.251713529306556,8.785,3.4999978995812526,3.285947385966992e-06,12,rim_fit_only_not_hole_type
LR_thigh_link__C002,z,5.500060991234019,33.251691576013684,8.785,3.4999983984749607,3.1369460051777764e-06,12,rim_fit_only_not_hole_type
LR_thigh_link__C003,x,15.7,-2.879338959671367e-05,-1.1891554630267784e-16,2.000000037614711,6.749520142790288e-08,12,rim_fit_only_not_hole_type
LR_thigh_link__C003,x,15.7,-2.8862805472602996e-05,-5.3137827306891935e-15,14.000000108786926,2.1789831716745311e-07,25,rim_fit_only_not_hole_type
LR_thigh_link__C003,x,-16.5,3.026798367512167e-05,1.2413453750587413e-16,2.000000037614711,2.8690096076644522e-08,12,rim_fit_only_not_hole_type
LR_thigh_link__C003,x,-16.5,3.0267983674926385e-05,4.842465889226676e-16,2.999999964608196,3.073441856571435e-08,12,rim_fit_only_not_hole_type
LR_thigh_link__C003,x,4.45,8.485272914791953,8.485281296695256,1.999999486731573,3.429368308216496e-07,12,rim_fit_only_not_hole_type
LR_thigh_link__C003,x,4.45,-8.485289678598313,8.48528129669526,1.9999994867316724,3.429367864127286e-07,12,rim_fit_only_not_hole_type
LR_thigh_link__C003,x,4.45,-8.485289678598296,-8.485281296695259,1.9999994867317434,3.42936749109235e-07,12,rim_fit_only_not_hole_type
LR_thigh_link__C003,x,4.45,8.485272914791969,-8.48528129669526,1.9999994867315871,3.4293682904529277e-07,12,rim_fit_only_not_hole_type
LR_thigh_link__C003,x,16.2,-2.9794109688098844e-05,2.0828099871172337e-15,14.000000109079323,2.1805789707229906e-07,25,rim_fit_only_not_hole_type
LR_thigh_link__C003,x,7.45,8.48526752088204,8.485281296695266,1.999999274696588,4.4895442807835195e-07,12,rim_fit_only_not_hole_type
LR_thigh_link__C003,x,7.45,-8.485295072508132,8.485281296695248,1.9999996987666635,5.085548298033871e-07,12,rim_fit_only_not_hole_type
LR_thigh_link__C003,x,7.45,-8.485295072508121,-8.485281296695245,1.9999996987665924,5.085548546723828e-07,12,rim_fit_only_not_hole_type
LR_thigh_link__C003,x,7.45,8.485267520882056,-8.485281296695273,1.9999992746966022,4.4895442807835195e-07,12,rim_fit_only_not_hole_type
LR_thigh_link__C003,x,-17.1,3.141842177830139e-05,3.5663314893777657e-16,7.000000048759545,1.3234940077211377e-07,18,rim_fit_only_not_hole_type
LR_thigh_link__C003,x,-17.1,3.132542284852402e-05,-1.90722563465796e-16,2.9999999646081963,4.043569501455124e-08,12,rim_fit_only_not_hole_type
LR_calf_link__C003,x,-15.7,2.879486384224615e-05,2.0272656446236172e-08,2.000000040778495,4.0520218513862005e-08,12,rim_fit_only_not_hole_type
LR_calf_link__C003,x,-15.7,2.8804908666549448e-05,3.143748435866442e-08,14.00000005175822,3.744940100247618e-07,25,rim_fit_only_not_hole_type
LR_calf_link__C003,x,16.5,-3.0287954260368668e-05,-1.6756136619996236e-08,2.000000041988964,4.096328165559271e-08,12,rim_fit_only_not_hole_type
LR_calf_link__C003,x,16.5,-3.0267983673043536e-05,3.282732000703336e-19,2.999999956012434,4.185534563383442e-08,12,rim_fit_only_not_hole_type
LR_calf_link__C003,x,-4.45,0.11503050489974333,-11.999448669210532,1.9999995128528927,2.93111735438778e-07,12,rim_fit_only_not_hole_type
LR_calf_link__C003,x,-4.45,-11.999440431850754,-0.11502225827138096,1.9999993290730287,5.353744940705951e-07,12,rim_fit_only_not_hole_type
LR_calf_link__C003,x,-4.45,-0.11501416286645672,11.999448657086146,1.999999507741588,3.0613976664817244e-07,12,rim_fit_only_not_hole_type
LR_calf_link__C003,x,-4.45,11.999456807992459,0.11502249600305993,1.9999994468025355,5.700594213342569e-07,12,rim_fit_only_not_hole_type
LR_calf_link__C003,x,-16.2,2.973424116649542e-05,3.4379024567675195e-08,14.000000047845594,3.75912894590158e-07,25,rim_fit_only_not_hole_type
LR_calf_link__C003,x,-7.45,0.11503601424885825,-11.999448652155884,1.9999995221992035,3.1181627779819365e-07,12,rim_fit_only_not_hole_type
LR_calf_link__C003,x,-7.45,-11.99943492301326,-0.11502218067545956,1.9999994398772287,4.948171417051839e-07,12,rim_fit_only_not_hole_type
LR_calf_link__C003,x,-7.45,-0.1150086671861321,11.999448661935892,1.9999995196881448,3.0611557799709033e-07,12,rim_fit_only_not_hole_type
LR_calf_link__C003,x,-7.45,11.999462324655005,0.1150224233506729,1.999999548577735,6.857167236251627e-07,12,rim_fit_only_not_hole_type
LR_calf_link__C003,x,17.1,-3.13883783930188e-05,-6.132222363234237e-08,7.000000006760205,2.2959432044444839e-07,18,rim_fit_only_not_hole_type
LR_calf_link__C003,x,17.1,-3.137392923236526e-05,-6.367406677785283e-18,2.9999999556531534,7.171588856103028e-08,12,rim_fit_only_not_hole_type
RR_hip_link__C001,z,2.1976995114848152e-08,-8.917603052910004e-08,-16.25,21.000000377676454,2.6040686655903755e-06,22,rim_fit_only_not_hole_type
RR_hip_link__C001,z,10.99999916429423,-30.000000684840963,-19.6,3.599998280116818,2.0347663551856243e-06,12,rim_fit_only_not_hole_type
RR_hip_link__C001,z,-11.000000385262164,-30.00000033838101,-19.6,3.5999996243638943,2.383444175135807e-06,12,rim_fit_only_not_hole_type
RR_hip_link__C001,z,-7.154704174459704e-07,-22.500000571026707,-19.6,3.5999992752830057,1.664600340900435e-06,12,rim_fit_only_not_hole_type
RR_hip_link__C001,z,2.1730709797740306e-08,-8.77470494450627e-08,-9.25,21.000000379123897,2.60369732885124e-06,22,rim_fit_only_not_hole_type
RR_hip_link__C002,z,-5.0570470224009205e-08,-22.499999643902065,-23.2,4.399999653113063,1.3992582181820978e-06,12,rim_fit_only_not_hole_type
RR_hip_link__C002,z,-9.840778967823917e-08,-22.49999968832361,-23.2,2.3999995339073186,2.0345446218872354e-06,12,rim_fit_only_not_hole_type
RR_hip_link__C002,z,-9.840778107039331e-08,-22.499999688323527,-21.6,2.3999995339066555,2.034544878348754e-06,12,rim_fit_only_not_hole_type
RR_hip_link__C003,z,5.05894679242455e-18,1.180717055683242e-16,-15.7,2.0000000376147105,2.8690096298689127e-08,12,rim_fit_only_not_hole_type
RR_hip_link__C003,z,-7.503613131400446e-09,-2.5249453358037873e-13,-15.7,14.000000111692394,2.188477008502332e-07,25,rim_fit_only_not_hole_type
RR_hip_link__C003,z,5.05894679242455e-18,1.180717055683242e-16,16.5,2.0000000376147105,2.8690096298689127e-08,12,rim_fit_only_not_hole_type
RR_hip_link__C003,z,-2.5495450108667532e-17,1.626516494790511e-16,16.5,2.9999999646081954,3.073441856571435e-08,12,rim_fit_only_not_hole_type
RR_hip_link__C003,z,-8.485281296695131,8.48528129669527,-4.45,1.999999486731573,3.429368450325043e-07,12,rim_fit_only_not_hole_type
RR_hip_link__C003,z,8.485281296695131,8.48528129669527,-4.45,1.999999486731573,3.429368450325043e-07,12,rim_fit_only_not_hole_type
RR_hip_link__C003,z,8.48528129669513,-8.485281296695264,-4.45,1.9999994867316582,3.4293679707086966e-07,12,rim_fit_only_not_hole_type
RR_hip_link__C003,z,-8.485281296695124,-8.48528129669526,-4.45,1.999999486731644,3.4293680062358334e-07,12,rim_fit_only_not_hole_type
RR_hip_link__C003,z,-7.503613752173024e-09,2.677216803394997e-13,-16.2,14.000000111692394,2.1884771239655265e-07,25,rim_fit_only_not_hole_type
RR_hip_link__C003,z,-8.485281296695131,8.48528129669527,-7.45,1.999999486731573,3.429368450325043e-07,12,rim_fit_only_not_hole_type
RR_hip_link__C003,z,8.48528129669514,8.485281296695264,-7.45,1.9999994867317008,3.429367757545876e-07,12,rim_fit_only_not_hole_type
RR_hip_link__C003,z,8.485281296695138,-8.485281296695268,-7.45,1.9999994867317008,3.4293677930730126e-07,12,rim_fit_only_not_hole_type
RR_hip_link__C003,z,-8.48528129669513,-8.485281296695264,-7.45,1.9999994867316582,3.4293679707086966e-07,12,rim_fit_only_not_hole_type
RR_hip_link__C003,z,-1.4387720615488866e-16,5.3035460606942865e-18,17.1,7.000000048759541,1.2184301123596697e-07,18,rim_fit_only_not_hole_type
RR_hip_link__C003,z,1.2220382293440067e-16,4.234612318523786e-17,17.1,2.999999964608196,3.0734418343669745e-08,12,rim_fit_only_not_hole_type
RR_thigh_link__C001,z,-5.500000089399956,-33.25170103647701,5.485,2.4000005889286777,1.682544481962367e-06,12,rim_fit_only_not_hole_type
RR_thigh_link__C001,z,6.499999518801165,-33.251699412235176,5.485,2.400000501667039,2.2532850427747775e-06,12,rim_fit_only_not_hole_type
RR_thigh_link__C001,z,-5.499999468517584,-33.2517004987784,3.985,2.399999797602791,2.0934322579879705e-06,12,rim_fit_only_not_hole_type
RR_thigh_link__C001,z,-5.4999997138361545,-33.25169966428074,3.985,4.2000005255102675,1.72797895503507e-06,12,rim_fit_only_not_hole_type
RR_thigh_link__C001,z,6.499999710041025,-33.251700146746025,3.985,4.199999022882019,3.3594573296547026e-06,12,rim_fit_only_not_hole_type
RR_thigh_link__C001,z,6.499999479995716,-33.251700218782055,3.985,2.40000026883738,2.7109749205500577e-06,12,rim_fit_only_not_hole_type
RR_thigh_link__C002,z,6.4999999012793594,-33.25169812888021,8.485,3.4999967306008393,5.06337349759356e-06,12,rim_fit_only_not_hole_type
RR_thigh_link__C002,z,-5.499999931392579,-33.25169812888033,8.485,3.4999967694062857,5.0827763566907436e-06,12,rim_fit_only_not_hole_type
RR_thigh_link__C002,z,6.499999943107515,-33.25170272714123,8.785,2.70000179233387,4.685916971114423e-06,14,rim_fit_only_not_hole_type
RR_thigh_link__C002,z,-5.499999970197639,-33.25170272714126,8.785,2.700001792333365,4.483185649606369e-06,14,rim_fit_only_not_hole_type
RR_thigh_link__C002,z,6.4999999012792955,-33.25170185416639,8.785,3.4999967305986304,5.063368279101255e-06,12,rim_fit_only_not_hole_type
RR_thigh_link__C002,z,-5.499999931392518,-33.25170185416636,8.785,3.4999967694032974,5.0827705992961825e-06,12,rim_fit_only_not_hole_type
RR_thigh_link__C003,x,-15.7,1.9210682288811923e-17,3.10618851751402e-17,2.0000000376147105,2.8690096076644522e-08,12,rim_fit_only_not_hole_type
RR_thigh_link__C003,x,-15.7,-7.503613131400446e-09,1.1481657665565092e-14,14.0000001116924,2.188475392017608e-07,25,rim_fit_only_not_hole_type
RR_thigh_link__C003,x,16.5,-2.0090012446407407e-17,-2.4380283043072813e-17,2.000000037614711,2.8690095854599917e-08,12,rim_fit_only_not_hole_type
RR_thigh_link__C003,x,16.5,-1.2297102780686927e-17,5.136081302143593e-16,2.9999999646081963,3.0734418343669745e-08,12,rim_fit_only_not_hole_type
RR_thigh_link__C003,x,-4.45,-8.485281296695131,8.48528129669527,1.999999486731573,3.429368450325043e-07,12,rim_fit_only_not_hole_type
RR_thigh_link__C003,x,-4.45,8.485281296695131,8.48528129669527,1.999999486731573,3.429368450325043e-07,12,rim_fit_only_not_hole_type
RR_thigh_link__C003,x,-4.45,8.48528129669513,-8.485281296695264,1.9999994867316582,3.4293679707086966e-07,12,rim_fit_only_not_hole_type
RR_thigh_link__C003,x,-4.45,-8.485281296695124,-8.48528129669526,1.999999486731644,3.4293680062358334e-07,12,rim_fit_only_not_hole_type
RR_thigh_link__C003,x,-16.2,-7.503613752173024e-09,4.0658976502072816e-15,14.000000111692396,2.1884753298451187e-07,25,rim_fit_only_not_hole_type
RR_thigh_link__C003,x,-7.45,-8.485281296695131,8.48528129669527,1.999999486731573,3.429368450325043e-07,12,rim_fit_only_not_hole_type
RR_thigh_link__C003,x,-7.45,8.48528129669514,8.485281296695264,1.9999994867317008,3.429367757545876e-07,12,rim_fit_only_not_hole_type
RR_thigh_link__C003,x,-7.45,8.485281296695138,-8.485281296695268,1.9999994867317008,3.4293677930730126e-07,12,rim_fit_only_not_hole_type
RR_thigh_link__C003,x,-7.45,-8.48528129669513,-8.485281296695264,1.9999994867316582,3.4293679707086966e-07,12,rim_fit_only_not_hole_type
RR_thigh_link__C003,x,17.1,-3.819894549795059e-17,1.8140824012726145e-16,7.000000048759544,1.218430125682346e-07,18,rim_fit_only_not_hole_type
RR_thigh_link__C003,x,17.1,1.7070386664887684e-17,6.761434427647609e-16,2.9999999646081967,3.0734418343669745e-08,12,rim_fit_only_not_hole_type
RR_calf_link__C003,x,15.7,-6.1157962633380305e-09,1.4250735711236542e-08,2.0000000581770863,4.436016687314748e-08,12,rim_fit_only_not_hole_type
RR_calf_link__C003,x,15.7,5.529734353235674e-09,2.6843876163113216e-08,14.000000046768452,3.980459348795762e-07,25,rim_fit_only_not_hole_type
RR_calf_link__C003,x,-16.5,6.115796379289188e-09,-1.4250735727517792e-08,2.0000000581770863,4.436016687314748e-08,12,rim_fit_only_not_hole_type
RR_calf_link__C003,x,-16.5,1.520407770312405e-17,5.032062724943753e-17,2.999999956012435,4.185534407952218e-08,12,rim_fit_only_not_hole_type
RR_calf_link__C003,x,4.45,-0.1150223408105059,-11.999448661895656,1.9999995279170275,3.0775540282856895e-07,12,rim_fit_only_not_hole_type
RR_calf_link__C003,x,4.45,11.999448657045871,-0.11502233586738878,1.9999995209918169,3.102901643403655e-07,12,rim_fit_only_not_hole_type
RR_calf_link__C003,x,4.45,0.11502234081049426,11.999448661895638,1.9999995279171128,3.0775546566719214e-07,12,rim_fit_only_not_hole_type
RR_calf_link__C003,x,4.45,-11.99944866189563,0.11502234081103854,1.99999952791716,3.077553502039976e-07,12,rim_fit_only_not_hole_type
RR_calf_link__C003,x,16.2,5.529734680119681e-09,2.684387744042264e-08,14.000000046768454,3.9804593399139776e-07,25,rim_fit_only_not_hole_type
RR_calf_link__C003,x,7.45,-0.11502234081047844,-11.99944866189565,1.9999995279169422,3.077553726305027e-07,12,rim_fit_only_not_hole_type
RR_calf_link__C003,x,7.45,11.999448657045884,-0.11502233586737529,1.9999995209916432,3.1029006908323e-07,12,rim_fit_only_not_hole_type
RR_calf_link__C003,x,7.45,0.11502234081047452,11.999448661895665,1.9999995279171412,3.077554594499432e-07,12,rim_fit_only_not_hole_type
RR_calf_link__C003,x,7.45,-11.99944866674538,0.11502234575465757,1.999999520991798,2.98295201983656e-07,12,rim_fit_only_not_hole_type
RR_calf_link__C003,x,-17.1,1.9909196209655116e-08,-3.3488064017352405e-08,7.000000080148332,2.3805668059040386e-07,18,rim_fit_only_not_hole_type
RR_calf_link__C003,x,-17.1,-2.4457626878082884e-17,5.127384330929856e-17,2.9999999560124344,4.185534385747758e-08,12,rim_fit_only_not_hole_type
