id,link,rank_by_face_count,triangles,role,watertight,winding_consistent,is_volume,x_mm_REF,y_mm_REF,z_mm_REF,signed_volume_mm3,center_xyz_mm,stl,sha256,export_bounds_error_mm
base_link__C001,base_link,1,35242,closed_geometry_trial_candidate_material_unverified,True,True,True,205.52904158830643,181.45745992660522,42.739782089483924,77606.70915710992,"[-8.94855335354805, 0.0038370490074157715, 21.301662745827343]",components_mm/base_link__C001.stl,5f414cd013e03ccaa509f6b9606122faf02f15f4057006a21d19c17649e45c17,3.6954879760742188e-06
base_link__C002,base_link,2,12908,internal_component_identity_review,True,True,True,151.49999409914017,160.99999845027924,12.00000069898044,56238.71905725367,"[-11.073935776948929, 0.0008940696716308594, 5.9999997548179085]",components_mm/base_link__C002.stl,b3d042f93ea9ebeb76de8f2df98e8892b8998fd3911f454cbff15178e485a2e1,3.635883331298828e-06
base_link__C003,base_link,3,5990,internal_component_identity_review,False,True,False,46.39999847859144,89.00000900030136,11.000007158145308,13969.581480414374,"[32.8660630621016, 0.0008940696716308594, -3.5000034840777516]",components_mm/base_link__C003.stl,45c04d35d521b92d6454007b9b65932713520b04ab3753b006b438b0cd62f7e9,1.6987323760986328e-06
base_link__C004,base_link,4,2832,internal_component_identity_review,False,True,False,22.271499037742615,80.17329126596451,25.00000223517418,-2903.9356729668484,"[-98.97970408201218, -0.999104231595993, 18.201919272542]",components_mm/base_link__C004.stl,97531e5d551d9ce8006560bd8d754b2d18d7a90c37523a7267ec4d83ee2c941d,2.0265579223632812e-06
base_link__C005,base_link,5,2180,internal_component_identity_review,True,True,True,187.41783499717712,80.79999685287476,27.200001291930676,66829.82598311355,"[-16.39285683631897, -0.999104231595993, 19.199999514967203]",components_mm/base_link__C005.stl,4a1189c7ef100e4b48da730b9f7a0752831810d9490f3bb1f009dada709c21b0,2.2649765014648438e-06
base_link__C006,base_link,6,2134,internal_component_identity_review,True,True,True,11.596843600273132,11.30000117700547,10.600000619888306,669.4571184020315,"[-98.13880920410156, 7.351333333645016, 18.381917849183083]",components_mm/base_link__C006.stl,5d85e906bed945d6fd1a61d2fdfc40f354ad8887eb0a4704ad9e1c91b62d75d1,1.9669532775878906e-06
base_link__C007,base_link,7,1860,internal_component_identity_review,True,True,True,173.72295260429382,79.99999821186066,15.325156273320317,40318.93577397556,"[-9.54541563987732, -0.999104231595993, 11.162578477524221]",components_mm/base_link__C007.stl,e45a2c11625bd3fab630c8c599b838123d857faba4d2d48cb903489a680c827c,2.2649765014648438e-06
base_link__C008,base_link,8,1420,internal_component_identity_review,True,True,True,10.499998927116394,12.000001966953278,5.000000819563866,135.22874288927605,"[-94.09400820732117, -7.962103933095932, 18.202918581664562]",components_mm/base_link__C008.stl,db4cb78ffb7e034e75ccb1c28d4c0ac61699784d7ce99e6c836265a54d5e225f,1.7285346984863281e-06
base_link__C009,base_link,9,1394,internal_component_identity_review,True,True,True,5.000002682209015,8.000001311302185,3.2999999821186066,70.02443591000953,"[-91.94400534033775, 7.839139550924301, 18.09792034327984]",components_mm/base_link__C009.stl,a835273988e7cd7d7e5cce2c7f6c38a946a42f31df6a02935e7dba624a72a0d9,3.7550926208496094e-06
base_link__C010,base_link,10,1110,internal_component_identity_review,True,True,True,16.38064533472061,21.699996665120125,18.099999986588955,1854.7788956025604,"[-97.73427620530128, -35.04896443337202, 18.251918721944094]",components_mm/base_link__C010.stl,2641b8c26be0c3ae0803fffde6cc0686e11eb48276c5598af7911b6eb85e4b2d,1.1622905731201172e-06
base_link__C011,base_link,11,1110,internal_component_identity_review,True,True,True,16.38064533472061,21.699998527765274,18.099999986588955,1854.660598147925,"[-97.73427620530128, 33.05075876414776, 18.251918721944094]",components_mm/base_link__C011.stl,7a6bdfa62ee9fbb5a00af164f35e51e2b8edf6fd48ebcd5797c15dfdda2bcc80,1.1920928955078125e-06
base_link__C012,base_link,12,896,internal_component_identity_review,True,True,True,1.5914365649223328,79.84999939799309,23.892879486083984,2988.304343781696,"[-88.6482335627079, -0.9991023689508438, 18.230479210615158]",components_mm/base_link__C012.stl,edfdbeba0c8891eb7610785c28e2209366877bf63f3d7389cd9850bc5c4d760b,2.6226043701171875e-06
base_link__C013,base_link,13,856,internal_component_identity_review,False,True,False,0.4699975252151489,1.9509997218847275,2.0000003278255463,1.8329920126698989,"[-89.86898511648178, 7.800898514688015, 26.576923206448555]",components_mm/base_link__C013.stl,778fd5373bebca6243791e57f6fde61bceca9b475393065b32d312063834a58f,2.86102294921875e-06
base_link__C014,base_link,14,828,internal_component_identity_review,True,True,True,11.799998581409454,9.139999747276306,3.3600013703107834,79.39152482226969,"[-93.54401007294655, -7.962103933095932, 18.202918581664562]",components_mm/base_link__C014.stl,9dfd6e890ed2739243cec9e49e31bffc5188f4ec57a6e4f27836e01a82f37769,1.6689300537109375e-06
base_link__C015,base_link,15,462,internal_component_identity_review,False,True,False,0.5000010132789612,0.14999881386756897,0.5499999970197678,0.03984666827020963,"[-89.69395235180855, 4.097389057278633, 13.641933910548687]",components_mm/base_link__C015.stl,2f2037b856b4efdc9c3bc45fda40975eea5e26fe8c6c4957c27ae97481b5f02b,2.6226043701171875e-06
base_link__C016,base_link,16,462,internal_component_identity_review,False,True,False,0.5000010132789612,0.14999881386756897,0.5499999970197678,0.039846525205688946,"[-89.69395235180855, 4.997389391064644, 13.641933910548687]",components_mm/base_link__C016.stl,6860c4bd97363f393576472c6fd9ae788b95f081ce2026ae19c44709c7180d45,2.6226043701171875e-06
base_link__C017,base_link,17,462,internal_component_identity_review,False,True,False,0.5000010132789612,0.5499999970197678,0.1500006765127182,0.03984708594126086,"[-89.69395235180855, 9.901895187795162, 26.6919182613492]",components_mm/base_link__C017.stl,43cc293b15818400e04a9b30cd177fac6af44815ff680c9a09f65daa3b3dcbbc,2.6226043701171875e-06
base_link__C018,base_link,18,462,internal_component_identity_review,False,True,False,0.5000010132789612,0.5499999970197678,0.1500006765127182,0.03984682830419306,"[-89.69395235180855, 9.901895187795162, 27.591918595135212]",components_mm/base_link__C018.stl,b6b5a61426357ef4213bfdd6d9b3d8f87dcea96f93a33a0102a2cefb8218f002,2.6226043701171875e-06
base_link__C019,base_link,19,462,internal_component_identity_review,False,True,False,0.5000010132789612,0.5499999970197678,0.14999974519014359,0.03984682226102262,"[-89.69395235180855, 12.992884032428265, 15.033409465104342]",components_mm/base_link__C019.stl,94b353e2ce40c4d29893d575fe00779f432226de57595ee23250f4bb91b88be6,2.6226043701171875e-06
base_link__C020,base_link,20,462,internal_component_identity_review,False,True,False,0.5000010132789612,0.5499999970197678,0.1500006765127182,0.039847020533632906,"[-89.69395235180855, 12.992884032428265, 15.93341026455164]",components_mm/base_link__C020.stl,10f8b48c5d3667002d45d6c46e1bcba69482f81228d0462409f256c25243c503,2.6226043701171875e-06
base_link__C021,base_link,21,280,internal_component_identity_review,True,True,True,12.299999594688416,3.792085684835911,3.7881284952163696,83.43414823078024,"[-100.87038576602936, 7.803099695593119, 26.60764567553997]",components_mm/base_link__C021.stl,23b632afd8a74d38e0bf1142b54a51e8fa923bcef2003e7ed530d54f182e6d1d,3.2782554626464844e-06
base_link__C022,base_link,22,170,internal_component_identity_review,True,True,True,0.18100440502166748,1.9500013440847397,2.0000003278255463,0.6934460497300657,"[-89.54348415136337, 7.801397703588009, 26.576923206448555]",components_mm/base_link__C022.stl,adea292cc1bcd8d824f14c0680b38d6a406bfa18d9cb8b676f0675071e808792,1.9073486328125e-06
base_link__C023,base_link,23,72,small_fragment_or_detail_review,True,True,True,0.1800060272216797,0.5999989807605743,0.7099993526935577,0.07370857276827063,"[-89.5339846611023, 7.151396945118904, 25.93192271888256]",components_mm/base_link__C023.stl,198b4f9d6588a5d01a4e75457191d28a869f570ce4389e795a2414980ac55975,3.337860107421875e-06
base_link__C024,base_link,24,72,small_fragment_or_detail_review,True,True,True,0.1800060272216797,0.5999989807605743,0.7099993526935577,0.07370859718143426,"[-89.5339846611023, 7.151396945118904, 27.22192369401455]",components_mm/base_link__C024.stl,8f0a48b4c3df5a3cdb37c43858594d642a875c3a50a487e86ad4d59f195e2fe7,3.337860107421875e-06
base_link__C025,base_link,25,72,small_fragment_or_detail_review,True,True,True,0.1800060272216797,0.6000008434057236,0.7099993526935577,0.073708805758456,"[-89.5339846611023, 8.451397530734539, 25.93192271888256]",components_mm/base_link__C025.stl,42a3d17c102cfc4990cfa73cf6610cd692386beaf3a8631bd512c28eaad5eb02,3.337860107421875e-06
base_link__C026,base_link,26,72,small_fragment_or_detail_review,True,True,True,0.1800060272216797,0.6000008434057236,0.7099993526935577,0.07370883017130818,"[-89.5339846611023, 8.451397530734539, 27.22192369401455]",components_mm/base_link__C026.stl,d9119e047acce120bd94ad513b33ec258a98a7b00f031ed47f09c33931f39606,3.337860107421875e-06
base_link__C027,base_link,27,64,small_fragment_or_detail_review,False,True,False,0.5000010132789612,0.7500015199184418,0.5499999970197678,0.2044910425614995,"[-89.69395235180855, 4.5473892241716385, 13.641933910548687]",components_mm/base_link__C027.stl,bf914f90363d2b2a60683715b4cb4eb87979229e572485a8d517ebe08150b147,2.6226043701171875e-06
base_link__C028,base_link,28,64,small_fragment_or_detail_review,False,True,False,0.5000010132789612,0.5499999970197678,0.7499996572732925,0.20449055360159699,"[-89.69395235180855, 9.901895187795162, 27.141918428242207]",components_mm/base_link__C028.stl,ca9f9b562c12af7b9d3545ed7e2ec8be66871ba386f1e9a9119b05a7e06de05c,2.6226043701171875e-06
base_link__C029,base_link,29,64,small_fragment_or_detail_review,False,True,False,0.5000010132789612,0.5499999970197678,0.7500005885958672,0.20449085112597545,"[-89.69395235180855, 12.992884032428265, 15.483409631997347]",components_mm/base_link__C029.stl,7df03733f2b44488b6b13c92f23f074264692973b778a63bfd1078af98b8e86a,2.6226043701171875e-06
base_link__C030,base_link,30,54,small_fragment_or_detail_review,True,True,False,0.3901645541191101,0.4207827150821686,0.0,0.0,"[-97.71489724516869, -6.9465842097997665, 16.52291789650917]",components_mm/base_link__C030.stl,84ab723118d2850a4a9f7bcb31a145740f67049b6681699f2346b142ccaf1497,1.430511474609375e-06
base_link__C031,base_link,31,36,small_fragment_or_detail_review,True,True,False,4.300020635128021,4.999999888241291,9.900189470499754,-211.6175529989822,"[73.6660547554493, -12.526335660368204, 11.550095165148377]",components_mm/base_link__C031.stl,2c1a9ce0f7edbb27d670fba72a29e45aa965ad188d22efca04862e58a7f7d943,2.1457672119140625e-06
base_link__C032,base_link,32,36,small_fragment_or_detail_review,True,True,False,4.300020635128021,4.999999888241291,9.900189470499754,-211.6175506938756,"[73.6660547554493, 10.52366429939866, 11.550095165148377]",components_mm/base_link__C032.stl,a8108b97d04de01b4b50a12f6a4e55b038ac6f254cfc6952235aa6e1973a0639,2.1457672119140625e-06
base_link__C033,base_link,33,24,small_fragment_or_detail_review,False,True,False,0.45000016689300537,0.23999810218811035,0.5499999970197678,0.02078899495026576,"[-89.66895192861557, 4.162896424531937, 12.282916344702244]",components_mm/base_link__C033.stl,794d4d7f16df46c43a7da9651b1479854727cd86bdde34f93b4db166216f24fa,2.6226043701171875e-06
base_link__C034,base_link,34,24,small_fragment_or_detail_review,False,True,False,0.45000016689300537,0.2400018274784088,0.5499999970197678,0.020789916959948584,"[-89.66895192861557, 4.734398797154427, 27.5229224935174]",components_mm/base_link__C034.stl,6aca4b8fb9fee559a7977bfc91ab9e4eabd9931815ab026782aedf6f3318d801,2.6226043701171875e-06
base_link__C035,base_link,35,24,small_fragment_or_detail_review,False,True,False,0.45000016689300537,0.2400018274784088,0.5499999970197678,0.020789916959950954,"[-89.66895192861557, 4.972895607352257, 12.282916344702244]",components_mm/base_link__C035.stl,d449f6cb3e3ce154fae69331881036bd89b145d201aa755ed83c7994323099d3,2.6226043701171875e-06
base_link__C036,base_link,36,24,small_fragment_or_detail_review,False,True,False,0.45000016689300537,0.23999810218811035,0.5499999970197678,0.02078899495026576,"[-89.66895192861557, 5.544397979974747, 27.5229224935174]",components_mm/base_link__C036.stl,862de54b62c37dc8326ca4e8a53b559e344f1b2f7653e889cfe3ddd6832cc199,2.6226043701171875e-06
base_link__C037,base_link,37,18,small_fragment_or_detail_review,True,True,False,0.25720149278640747,0.22456422448158264,0.0,0.0,"[-97.63823077082634, -6.771435961127281, 16.52291789650917]",components_mm/base_link__C037.stl,bbd5fc927779db1045ada3a1c6feb20737cea46a995bc14b360290c0fa684629,1.7285346984863281e-06
base_link__C038,base_link,38,12,small_fragment_or_detail_review,True,True,False,0.04262477159500122,0.09399652481079102,0.0,0.0,"[-97.73540869355202, -8.393567055463791, 16.52291789650917]",components_mm/base_link__C038.stl,de39fb523c93a2bf2237f87632f1d8086b2bb5f1f81030ac0f016e68e70afa62,8.046627044677734e-07
base_link__C039,base_link,39,12,small_fragment_or_detail_review,True,True,False,4.300020635128021,6.8739516427740455,9.900189470499754,-292.63112609152876,"[73.6660547554493, -4.58935956703499, 11.550095165148377]",components_mm/base_link__C039.stl,0d7064c0ae3fc26b6029a0b91349df3642d9f3a967e53a8c77586c1748846d03,2.1457672119140625e-06
base_link__C040,base_link,40,12,small_fragment_or_detail_review,True,True,False,4.300020635128021,5.176047794520855,9.900189470499754,-220.34962908219617,"[73.6660547554493, 3.4356401301920414, 11.550095165148377]",components_mm/base_link__C040.stl,8a88cf13f5108f5c5673e50fb2b6c58169af79e2465ab36433090cae5f657a82,2.1457672119140625e-06
base_link__C041,base_link,41,8,small_fragment_or_detail_review,False,True,False,0.044994056224823,0.5699992179870605,0.5499999970197678,0.014105617197785136,"[-89.87145498394966, 4.567895084619522, 12.282916344702244]",components_mm/base_link__C041.stl,803be970a9d725c7a86b6e0a54a2ffbe5adfe52047cf2af5557e177facbd0990,2.9206275939941406e-06
base_link__C042,base_link,42,8,small_fragment_or_detail_review,False,True,False,0.044994056224823,0.5699992179870605,0.5499999970197678,0.014105617197785136,"[-89.87145498394966, 5.139399319887161, 27.5229224935174]",components_mm/base_link__C042.stl,b2eb013ba1f70f7c04b86ce3308bd43ab83e7171d1a267815d440fd543bf03ac,2.9206275939941406e-06
base_link__C043,base_link,43,8,small_fragment_or_detail_review,False,True,False,0.36000460386276245,0.9599998593330383,0.5499999970197678,0.19008240195714166,"[-89.66895565390587, 4.567895084619522, 12.282916344702244]",components_mm/base_link__C043.stl,6626bb680ac9bacfb95f33b061064933a5a706afe7cdb6ea7a56747f151a33c7,2.9206275939941406e-06
base_link__C044,base_link,44,8,small_fragment_or_detail_review,False,True,False,0.36000460386276245,0.9599998593330383,0.5499999970197678,0.19008240195714166,"[-89.66895565390587, 5.139399319887161, 27.5229224935174]",components_mm/base_link__C044.stl,5ef68fb61ba0c9ff98b167e3ca4f487822e0ab8e1aa9b39222e7232b0ab42502,2.9206275939941406e-06
base_link__C045,base_link,45,6,small_fragment_or_detail_review,True,True,False,0.07620453834533691,0.041563063859939575,0.0,0.0,"[-97.61630743741989, -8.787078782916069, 16.52291789650917]",components_mm/base_link__C045.stl,799d0d12eb075757477840937372a96f7210663252ecb780819c57cafea33637,3.7550926208496094e-06
base_link__C046,base_link,46,6,small_fragment_or_detail_review,False,True,False,0.5000010132789612,0.0,0.5499999970197678,0.0,"[-89.69395235180855, 4.172388464212418, 13.641933910548687]",components_mm/base_link__C046.stl,48fc3d8c9040ab588664525a5cf69a2251d997b1c2400ffc2570127794098841,2.6226043701171875e-06
base_link__C047,base_link,47,6,small_fragment_or_detail_review,False,True,False,0.5000010132789612,0.0,0.5499999970197678,0.0,"[-89.69395235180855, 4.172388464212418, 13.641933910548687]",components_mm/base_link__C047.stl,165d44a8792cec6017e896087a47699e2d5267571b0c3294d8395adc77a3cc40,2.6226043701171875e-06
base_link__C048,base_link,48,6,small_fragment_or_detail_review,False,True,False,0.5000010132789612,0.0,0.5499999970197678,0.0,"[-89.69395235180855, 4.922389984130859, 13.641933910548687]",components_mm/base_link__C048.stl,da6ccdc40335537f701de5082444fc343fe678f3158813f4cf6d1eaa9f91e408,2.6226043701171875e-06
base_link__C049,base_link,49,6,small_fragment_or_detail_review,False,True,False,0.5000010132789612,0.0,0.5499999970197678,0.0,"[-89.69395235180855, 4.922389984130859, 13.641933910548687]",components_mm/base_link__C049.stl,f07390b9d39a2e617bad587c4c6d5e8c45be2c64831e150fe649187bd9bc3788,2.6226043701171875e-06
base_link__C050,base_link,50,6,small_fragment_or_detail_review,False,True,False,0.5000010132789612,0.5499999970197678,0.0,0.0,"[-89.69395235180855, 9.901895187795162, 26.76691859960556]",components_mm/base_link__C050.stl,28053361ed4203a8b86d7f3b7f0bb3f190d885f5dfd60b24feb56aaffed6549d,2.6226043701171875e-06
base_link__C051,base_link,51,6,small_fragment_or_detail_review,False,True,False,0.5000010132789612,0.5499999970197678,0.0,0.0,"[-89.69395235180855, 9.901895187795162, 26.76691859960556]",components_mm/base_link__C051.stl,ebfdbdc2bd1eda1d11dd21a4a5420fb707cc95f5629714ff858bd6de2a0695a8,2.6226043701171875e-06
base_link__C052,base_link,52,6,small_fragment_or_detail_review,False,True,False,0.5000010132789612,0.5499999970197678,0.0,0.0,"[-89.69395235180855, 9.901895187795162, 27.516918256878853]",components_mm/base_link__C052.stl,5e818ff3d6726f566ebec4b3377aea0bc860563a2785c0298413860a31941ba2,2.6226043701171875e-06
base_link__C053,base_link,53,6,small_fragment_or_detail_review,False,True,False,0.5000010132789612,0.5499999970197678,0.0,0.0,"[-89.69395235180855, 9.901895187795162, 27.516918256878853]",components_mm/base_link__C053.stl,3b240a49ce2faa047ae5e957f460de45e49f1289c7b4ee111dc1f551c22d830c,2.6226043701171875e-06
base_link__C054,base_link,54,6,small_fragment_or_detail_review,False,True,False,0.5000010132789612,0.5499999970197678,0.0,0.0,"[-89.69395235180855, 12.992884032428265, 15.85840992629528]",components_mm/base_link__C054.stl,93f290c6d53baac99f9e82409f8d6e965a9f695d72128c414b2130c9f2bf959d,2.6226043701171875e-06
base_link__C055,base_link,55,6,small_fragment_or_detail_review,False,True,False,0.5000010132789612,0.5499999970197678,0.0,0.0,"[-89.69395235180855, 12.992884032428265, 15.85840992629528]",components_mm/base_link__C055.stl,466c270bea0470ee85f37d7dd94f2284585071c85c791d33025fe3d0aec3d244,2.6226043701171875e-06
base_link__C056,base_link,56,4,small_fragment_or_detail_review,True,True,True,5.458027124404907,0.3610006533563137,0.231083482503891,4.470296638918849e-08,"[-101.78939998149872, 3.4747165627777576, 22.504568099975586]",components_mm/base_link__C056.stl,670570fe594cae57da8f22549891f4cfd2113ac4dc6a31e221bf6f476f291e2b,3.814697265625e-06
base_link__C057,base_link,57,4,small_fragment_or_detail_review,True,True,False,5.3344666957855225,0.231095589697361,0.3609899431467056,-2.7558986420991486e-07,"[-101.72761976718903, 3.1786791514605284, 22.208531387150288]",components_mm/base_link__C057.stl,ef38cb72247415ccaf211753ee25e553819540212841d685f1a71b4b91f59aa6,1.430511474609375e-06
base_link__C058,base_link,58,4,small_fragment_or_detail_review,True,True,True,4.949718713760376,5.587935447692871e-06,6.600000895559788,2.221108182334959e-05,"[-101.53524577617645, 3.0013311188668013, 18.381919246166945]",components_mm/base_link__C058.stl,26627a777f1f98f8d16c6854b7060147f5125e45358dc85a3e85bdf8268febf7,3.814697265625e-06
base_link__C059,base_link,59,4,small_fragment_or_detail_review,True,True,False,1.1462345719337463,0.231095589697361,0.3609899431467056,-1.02052407158273e-07,"[-99.63350370526314, 3.1786791514605284, 14.555307105183601]",components_mm/base_link__C059.stl,747af74fa20066e10431e737871ced1e01ad7112efe471a45e11b39402e4b1e8,1.7285346984863281e-06
base_link__C060,base_link,60,4,small_fragment_or_detail_review,True,True,False,0.9467005729675293,0.3610006533563137,0.23108534514904022,-7.038701464273612e-08,"[-99.53373670578003, 3.4747165627777576, 14.259269461035728]",components_mm/base_link__C060.stl,c0837952b648582412823f6da02cbbcadb9f52dd5b8eda9f27a41d750753f5d6,7.152557373046875e-07
base_link__C061,base_link,61,4,small_fragment_or_detail_review,True,True,False,0.13178586959838867,0.07147341966629028,0.0,0.0,"[-98.42320531606674, -7.192812860012054, 16.52291789650917]",components_mm/base_link__C061.stl,ee0a80d7d56b0fb45c4e3ef39190798877dba198c2cb39d328b9c69d7d187755,2.682209014892578e-06
base_link__C062,base_link,62,4,small_fragment_or_detail_review,True,True,False,0.13797730207443237,0.1054517924785614,0.0,0.0,"[-98.41467067599297, -7.143409922719002, 16.52291789650917]",components_mm/base_link__C062.stl,a17b000ef644124cb18b14a57030709243e61a4d3a9482772e168b52607c51e1,1.7881393432617188e-06
base_link__C063,base_link,63,4,small_fragment_or_detail_review,True,True,False,0.1377984881401062,0.11425837874412537,0.0,0.0,"[-98.40689226984978, -7.342727854847908, 16.52291789650917]",components_mm/base_link__C063.stl,6c936c53660dc5b886f19974ee6c1ad45e0711ffc36e81609626c35b94197d51,3.2186508178710938e-06
base_link__C064,base_link,64,4,small_fragment_or_detail_review,True,True,False,0.14435499906539917,0.11116638779640198,0.0,0.0,"[-98.39553758502007, -7.082575932145119, 16.52291789650917]",components_mm/base_link__C064.stl,d75ac3514781ce56180b9494b100de35a41a9e3b492cb171077842656f4b324a,3.4570693969726562e-06
base_link__C065,base_link,65,4,small_fragment_or_detail_review,True,True,False,0.03584474325180054,0.022258609533309937,0.0,0.0,"[-98.3944721519947, -8.421795442700386, 16.52291789650917]",components_mm/base_link__C065.stl,288909616ce86aeebf44431f8b88d0bb94463c9296beb9f68da52b9c4a49c9ea,2.86102294921875e-06
base_link__C066,base_link,66,4,small_fragment_or_detail_review,True,True,False,0.03679841756820679,0.020567327737808228,0.0,0.0,"[-98.3939953148365, -8.442817255854607, 16.52291789650917]",components_mm/base_link__C066.stl,bfb55b10db4c32c7a8a2bc723008a327d3d3fdc25235a02bb1ca9ce2c03946b9,2.86102294921875e-06
base_link__C067,base_link,67,4,small_fragment_or_detail_review,True,True,False,0.03688037395477295,0.033427029848098755,0.0,0.0,"[-98.39272499084473, -8.406924083828926, 16.52291789650917]",components_mm/base_link__C067.stl,35ce570da18bd0567426af5e5a89d3a6b844a56261197381252fd29e48e2c09a,1.9669532775878906e-06
base_link__C068,base_link,68,4,small_fragment_or_detail_review,True,True,False,0.03509223461151123,0.08703023195266724,0.0,0.0,"[-98.38970005512238, -8.831098675727844, 16.52291789650917]",components_mm/base_link__C068.stl,fe12a9f566e3d9d0a76e668c9be4e4d01799dc249637216ddc587e507ae770cc,3.2782554626464844e-06
base_link__C069,base_link,69,4,small_fragment_or_detail_review,True,True,False,0.03509223461151123,0.157136470079422,0.0,0.0,"[-98.38970005512238, -8.644448593258858, 16.52291789650917]",components_mm/base_link__C069.stl,6d77b8d3bb48f770da0896956830097f90c0ab9dd884157b78016ecb24f71572,3.2782554626464844e-06
base_link__C070,base_link,70,4,small_fragment_or_detail_review,True,True,False,0.03676861524581909,0.02364441752433777,0.0,0.0,"[-98.38886186480522, -8.886436000466347, 16.52291789650917]",components_mm/base_link__C070.stl,bf7f74e2062a7b09ab6c8e09269369a60e33bae4fe66cce4d52cc032c7657227,3.2782554626464844e-06
base_link__C071,base_link,71,4,small_fragment_or_detail_review,True,True,False,0.03764033317565918,0.034809112548828125,0.0,0.0,"[-98.3886644244194, -8.388891816139221, 16.52291789650917]",components_mm/base_link__C071.stl,f329c05a67e495161848ce00faf312f409172641394632abacee212ea3024ca6,1.7285346984863281e-06
base_link__C072,base_link,72,4,small_fragment_or_detail_review,True,True,False,0.03931671380996704,0.021200627088546753,0.0,0.0,"[-98.38639572262764, -8.908437564969063, 16.52291789650917]",components_mm/base_link__C072.stl,9f15e2f66b57a5bcbe52b6ce4ec7a5ee6068fb10e386a57e005edce41dbed90b,2.4437904357910156e-06
base_link__C073,base_link,73,4,small_fragment_or_detail_review,True,True,False,0.039950013160705566,0.03254413604736328,0.0,0.0,"[-98.38580340147018, -8.488550782203674, 16.52291789650917]",components_mm/base_link__C073.stl,3f2bbf91f80e8dfeb0aafbd2605f855a9f80fae49de6652740c36245cfa7188c,1.430511474609375e-06
base_link__C074,base_link,74,4,small_fragment_or_detail_review,True,True,False,0.1404285430908203,0.12391805648803711,0.0,0.0,"[-98.38271141052246, -7.401295006275177, 16.52291789650917]",components_mm/base_link__C074.stl,07b19a9e98b4132397c60b7c344fa88c7404229ae9e9dff2d448f5516960d01a,2.86102294921875e-06
base_link__C075,base_link,75,4,small_fragment_or_detail_review,True,True,False,0.03834068775177002,0.03613904118537903,0.0,0.0,"[-98.3823761343956, -8.372342213988304, 16.52291789650917]",components_mm/base_link__C075.stl,ea5a8a5e80d77751f0dad4f6e5c5f84771b7a3c905496d7541bbc3169d0d3797,3.814697265625e-06
base_link__C076,base_link,76,4,small_fragment_or_detail_review,True,True,False,0.041604042053222656,0.022158026695251465,0.0,0.0,"[-98.38179498910904, -8.927613496780396, 16.52291789650917]",components_mm/base_link__C076.stl,5d4d1025e71aea6048f10586c1b0d83d318dd0cf31b45caff1c7a06cfd8ac8ea,1.4901161193847656e-06
base_link__C077,base_link,77,4,small_fragment_or_detail_review,True,True,False,0.03917515277862549,0.03738701343536377,0.0,0.0,"[-98.37383776903152, -8.35707038640976, 16.52291789650917]",components_mm/base_link__C077.stl,7bba667386eb75b9f80a37050da682d7ad3fa7f633c5b323308a2cc3ea6895cb,2.1457672119140625e-06
base_link__C078,base_link,78,4,small_fragment_or_detail_review,True,True,False,0.1497715711593628,0.11796876788139343,0.0,0.0,"[-98.36653620004654, -7.0250872522592545, 16.52291789650917]",components_mm/base_link__C078.stl,409e4b38b664566bee16ec2529f2b78f5f56fc68f2892cf7079e60a1df08a6c4,1.5497207641601562e-06
base_link__C079,base_link,79,4,small_fragment_or_detail_review,True,True,False,0.040143728256225586,0.03794953227043152,0.0,0.0,"[-98.36306422948837, -8.343202993273735, 16.52291789650917]",components_mm/base_link__C079.stl,25b6043b34f214c8ffab3811f32da0acaa4e9f80ac6141bb126f3f94a029addd,3.159046173095703e-06
base_link__C080,base_link,80,4,small_fragment_or_detail_review,True,True,False,0.03567337989807129,0.04217028617858887,0.0,0.0,"[-98.3612984418869, -8.968863636255264, 16.52291789650917]",components_mm/base_link__C080.stl,8791bfcc51d4db28a71c1e839d95ea9873190e9db250980b1f904cde78b656db,1.6689300537109375e-06
base_link__C081,base_link,81,4,small_fragment_or_detail_review,True,True,False,0.03250688314437866,0.029321759939193726,0.0,0.0,"[-98.35492447018623, -8.335134014487267, 16.52291789650917]",components_mm/base_link__C081.stl,6bbc8e3d9f5b61e70cfc9d1284c40504fdc52e808978a6a178f9313bfe2228bc,2.205371856689453e-06
base_link__C082,base_link,82,4,small_fragment_or_detail_review,True,True,False,0.028721988201141357,0.03330036997795105,0.0,0.0,"[-98.35249558091164, -8.977742865681648, 16.52291789650917]",components_mm/base_link__C082.stl,6ff86ff1d700f192a124f5374c3bf0c4bc059416460abe93ac0cb76fc9ab35df,2.86102294921875e-06
base_link__C083,base_link,83,4,small_fragment_or_detail_review,True,True,False,0.13916939496994019,0.13153627514839172,0.0,0.0,"[-98.3499176800251, -7.455596700310707, 16.52291789650917]",components_mm/base_link__C083.stl,db93772e18678a314c3bc605aaeb97bfdd3c165111e458aa11db416fe7c96764,1.4901161193847656e-06
base_link__C084,base_link,84,4,small_fragment_or_detail_review,True,True,False,0.04229694604873657,0.038117170333862305,0.0,0.0,"[-98.34632650017738, -8.326888084411621, 16.52291789650917]",components_mm/base_link__C084.stl,72183acd91d90beb44f47cefbd86a4ec9b4d20fa184d3bd74243f5c462c5926c,2.4437904357910156e-06
base_link__C085,base_link,85,4,small_fragment_or_detail_review,True,True,False,0.03621727228164673,0.04001706838607788,0.0,0.0,"[-98.34466502070427, -8.98677110671997, 16.52291789650917]",components_mm/base_link__C085.stl,d58ca3f08f387c34f029ef5f81e8b3a810279f14d53bb53fabf241a6e6f00688,3.5762786865234375e-06
base_link__C086,base_link,86,4,small_fragment_or_detail_review,True,True,False,0.03626197576522827,0.040743499994277954,0.0,0.0,"[-98.33109751343727, -8.996611461043358, 16.52291789650917]",components_mm/base_link__C086.stl,6c11f5ac68b6ba51e0d92b6d30108d9c668c8c16b23a7c1e7c238238362e185b,1.1324882507324219e-06
base_link__C087,base_link,87,4,small_fragment_or_detail_review,True,True,False,0.026941299438476562,0.04564598202705383,0.0,0.0,"[-98.30604493618011, -8.305588737130165, 16.52291789650917]",components_mm/base_link__C087.stl,c0653fc5afcea06aff66ba50be8f2347b0e4c7ef3241831b2745abd36c87695c,3.4570693969726562e-06
base_link__C088,base_link,88,4,small_fragment_or_detail_review,True,True,False,0.021696090698242188,0.04504993557929993,0.0,0.0,"[-98.28924387693405, -9.012190625071526, 16.52291789650917]",components_mm/base_link__C088.stl,f6c90f4aed88ffbcc4ca52c25e3eb420c2d9080b8770262421dcc5abe6860174,2.682209014892578e-06
base_link__C089,base_link,89,4,small_fragment_or_detail_review,True,True,False,0.027865171432495117,0.04400685429573059,0.0,0.0,"[-98.28682988882065, -8.300604298710823, 16.52291789650917]",components_mm/base_link__C089.stl,3da4a73d848606ed614f7d59a5bb74c1cb93c9af38932cd006989f53f9c92a37,3.516674041748047e-06
base_link__C090,base_link,90,4,small_fragment_or_detail_review,True,True,False,0.022627413272857666,0.04263967275619507,0.0,0.0,"[-98.26884046196938, -9.014636278152466, 16.52291789650917]",components_mm/base_link__C090.stl,05b42a8b9c13fc4b5df3e6db8b5fcb3fdb31dae1a00cd141abb9aad75c3fe292,3.4570693969726562e-06
base_link__C091,base_link,91,4,small_fragment_or_detail_review,True,True,False,0.03493577241897583,0.10909512639045715,0.0,0.0,"[-98.25705364346504, -8.659811690449715, 16.52291789650917]",components_mm/base_link__C091.stl,b481e663bf3de6ca61d35e86050b7835fc77ff9be3130c5f5e1b782fa47e3b29,8.046627044677734e-07
base_link__C092,base_link,92,4,small_fragment_or_detail_review,True,True,False,0.30506402254104614,0.039380043745040894,0.0,0.0,"[-98.25471416115761, -8.807273581624031, 16.52291789650917]",components_mm/base_link__C092.stl,44a90175a5c03496cbc0c1435facd58c256d82bbb703c5b17ebd9236c0395328,3.2782554626464844e-06
base_link__C093,base_link,93,4,small_fragment_or_detail_review,True,True,False,0.30506402254104614,0.039383769035339355,0.0,0.0,"[-98.25471416115761, -8.585572242736816, 16.52291789650917]",components_mm/base_link__C093.stl,8379cf25e412691dedc50b5b2fc681e3030bc92e198a245079c5005a2f9710f7,3.2782554626464844e-06
base_link__C094,base_link,94,4,small_fragment_or_detail_review,True,True,False,0.30506402254104614,0.039380043745040894,0.0,0.0,"[-98.25471416115761, -8.122751489281654, 16.52291789650917]",components_mm/base_link__C094.stl,9bd6bcfb6e2aebc9ef1e0aff1123d96e19c4d6594117dd0caa2abc7709aea299,3.2782554626464844e-06
base_link__C095,base_link,95,4,small_fragment_or_detail_review,True,True,False,0.13284385204315186,0.13878196477890015,0.0,0.0,"[-98.25394302606583, -7.541287690401077, 16.52291789650917]",components_mm/base_link__C095.stl,2fb620c25cbcbea35a6b8580d0ee0d06778c3f8a982e2cfa148f64b04eaf1ba2,1.7881393432617188e-06
base_link__C096,base_link,96,4,small_fragment_or_detail_review,True,True,False,0.013880431652069092,0.04183873534202576,0.0,0.0,"[-98.25167432427406, -9.01503674685955, 16.52291789650917]",components_mm/base_link__C096.stl,cc575bd746ff537178065a7d53628c0e42f84c12649d61685d6e3d125a9eafa3,1.6093254089355469e-06
base_link__C097,base_link,97,4,small_fragment_or_detail_review,True,True,False,0.13562291860580444,0.06395205855369568,0.0,0.0,"[-98.24560210108757, -6.790975108742714, 16.52291789650917]",components_mm/base_link__C097.stl,569af8035418e4e52b68ea55edc9bb4a62c9527385d22c7342ee7462adfe7ccf,2.86102294921875e-06
base_link__C098,base_link,98,4,small_fragment_or_detail_review,True,True,False,0.02489238977432251,0.0433996319770813,0.0,0.0,"[-98.23649749159813, -8.298113942146301, 16.52291789650917]",components_mm/base_link__C098.stl,915ad5cf3235d7abeacd7d4d156634eed010b71913e9e1274d3178a10d3bf608,3.4570693969726562e-06
base_link__C099,base_link,99,4,small_fragment_or_detail_review,True,True,False,0.021651387214660645,0.046156346797943115,0.0,0.0,"[-98.21464866399765, -8.300721645355225, 16.52291789650917]",components_mm/base_link__C099.stl,97bb5f225015a5436a62c280939c3481b16b1e253a326677fd6f5d771b83be97,3.6954879760742188e-06
base_link__C100,base_link,100,4,small_fragment_or_detail_review,True,True,False,0.03504753112792969,0.042051076889038086,0.0,0.0,"[-98.20827841758728, -9.008217602968216, 16.52291789650917]",components_mm/base_link__C100.stl,9742ad413f7f02a7e0bfc09f32d3bfed63608a5b9fda602853bba4238564e6a1,3.0994415283203125e-06
base_link__C101,base_link,101,4,small_fragment_or_detail_review,True,True,False,0.03447383642196655,0.12703239917755127,0.0,0.0,"[-98.20285812020302, -9.18922945857048, 16.52291789650917]",components_mm/base_link__C101.stl,ecf4e6b1ca39981a3ea0aa5d28caafb293b0f3b64d53e95cdd6f26f779823a8c,2.2649765014648438e-06
base_link__C102,base_link,102,4,small_fragment_or_detail_review,True,True,False,0.13077259063720703,0.13555586338043213,0.0,0.0,"[-98.19982945919037, -6.660033017396927, 16.52291789650917]",components_mm/base_link__C102.stl,66210ae5295114668c671e5a1e427fe251da53e7404bd531ec265324b66edd0b,2.7418136596679688e-06
base_link__C103,base_link,103,4,small_fragment_or_detail_review,True,True,False,0.13238191604614258,0.13565272092819214,0.0,0.0,"[-98.19872677326202, -7.5706616044044495, 16.52291789650917]",components_mm/base_link__C103.stl,242b14d8d4e9200eb64fdd3c4976973c8d67020e7b160f40761f141bd0d42f44,2.2649765014648438e-06
base_link__C104,base_link,104,4,small_fragment_or_detail_review,True,True,False,0.03474205732345581,0.04198774695396423,0.0,0.0,"[-98.19161519408226, -9.001759812235832, 16.52291789650917]",components_mm/base_link__C104.stl,ae671d38967a07e27be360d64fb7ef972c7fd7f46bd58cbafdb28d6970b6c4c5,3.5762786865234375e-06
base_link__C105,base_link,105,4,small_fragment_or_detail_review,True,True,False,0.03506988286972046,0.04173442721366882,0.0,0.0,"[-98.17646071314812, -8.993228897452354, 16.52291789650917]",components_mm/base_link__C105.stl,d26c0af02bd912e762678edc782c76c3f074dcdf685b1f0625742491e636a85e,3.039836883544922e-06
base_link__C106,base_link,106,4,small_fragment_or_detail_review,True,True,False,0.03954768180847168,0.04263967275619507,0.0,0.0,"[-98.1711596250534, -8.316397666931152, 16.52291789650917]",components_mm/base_link__C106.stl,70d710365ad690c1370c9c066fe9353f6520ad5dacde254f1fa85f04ae467c35,3.337860107421875e-06
base_link__C107,base_link,107,4,small_fragment_or_detail_review,True,True,False,0.03816187381744385,0.042710453271865845,0.0,0.0,"[-98.15776348114014, -8.3263348788023, 16.52291789650917]",components_mm/base_link__C107.stl,b972cc18c39d7e279ade4f0027cc697dd2ac5e376b337c6e40b394103e6d8f6a,3.039836883544922e-06
base_link__C108,base_link,108,4,small_fragment_or_detail_review,True,True,False,0.03793090581893921,0.035375356674194336,0.0,0.0,"[-98.14529493451118, -8.333247154951096, 16.52291789650917]",components_mm/base_link__C108.stl,564f566c5f5618c8b5297cae2a48a6d5574c71ec663cbbf6bf075f6d0c438e07,1.9669532775878906e-06
base_link__C109,base_link,109,4,small_fragment_or_detail_review,True,True,False,0.044755637645721436,0.03407895565032959,0.0,0.0,"[-98.13855215907097, -8.34592804312706, 16.52291789650917]",components_mm/base_link__C109.stl,bf9bd430f5fb1ad0f1690196147f1daa4003ded4adc126b9a6d90b1334a38290,3.159046173095703e-06
base_link__C110,base_link,110,4,small_fragment_or_detail_review,True,True,False,0.13769418001174927,0.07901713252067566,0.0,0.0,"[-98.13611581921577, -7.631348446011543, 16.52291789650917]",components_mm/base_link__C110.stl,2056e8b879f84561d945daae51c238fd92805614356e181d6d42cfe6c62f0164,8.046627044677734e-07
base_link__C111,base_link,111,4,small_fragment_or_detail_review,True,True,False,0.04233419895172119,0.02633035182952881,0.0,0.0,"[-98.13427180051804, -8.943289518356323, 16.52291789650917]",components_mm/base_link__C111.stl,2e0b10c430dc4ee2defd8d83e25db73b173c928656b9f47399261957d0b78aac,2.384185791015625e-06
base_link__C112,base_link,112,4,small_fragment_or_detail_review,True,True,False,0.042594969272613525,0.032767653465270996,0.0,0.0,"[-98.1295220553875, -8.359931409358978, 16.52291789650917]",components_mm/base_link__C112.stl,7471a96c7888168821cb7a054611199f37236fda6219f0469880a3f23965ab01,1.6689300537109375e-06
base_link__C113,base_link,113,4,small_fragment_or_detail_review,True,True,False,0.04053860902786255,0.02508610486984253,0.0,0.0,"[-98.12740609049797, -8.92549753189087, 16.52291789650917]",components_mm/base_link__C113.stl,ba181f106e2f54a094a40cbb073120d12f062c25cb23f17198088d5d551d3bf7,2.8014183044433594e-06
base_link__C114,base_link,114,4,small_fragment_or_detail_review,True,True,False,0.03661215305328369,0.033542513847351074,0.0,0.0,"[-98.12591224908829, -8.48805159330368, 16.52291789650917]",components_mm/base_link__C114.stl,c50425d9d2681df83a929bec4fd6dd78dbb6d3e6220c7c015fca19e80304a0a2,1.1920928955078125e-06
base_link__C115,base_link,115,4,small_fragment_or_detail_review,True,True,False,0.03843754529953003,0.024616718292236328,0.0,0.0,"[-98.12264516949654, -8.905485272407532, 16.52291789650917]",components_mm/base_link__C115.stl,0c7165cfb67a47c87bf19324fb354cd0f72625ddc21b8fc4711fab7955dda16f,2.9802322387695312e-06
base_link__C116,base_link,116,4,small_fragment_or_detail_review,True,True,False,0.040471553802490234,0.031750649213790894,0.0,0.0,"[-98.12261909246445, -8.375322446227074, 16.52291789650917]",components_mm/base_link__C116.stl,3155f6fc6962449993da90a305a343af79b0c9f01a065bdbabcfa1b981b4e1fb,3.159046173095703e-06
base_link__C117,base_link,117,4,small_fragment_or_detail_review,True,True,False,0.036016106605529785,0.024218112230300903,0.0,0.0,"[-98.12019020318985, -8.883366361260414, 16.52291789650917]",components_mm/base_link__C117.stl,de46d4f8440847b7cc1e5da0f3413b900e969a9af84f273f514c6711998bbec6,1.6689300537109375e-06
base_link__C118,base_link,118,4,small_fragment_or_detail_review,True,True,False,0.03615766763687134,0.03603100776672363,0.0,0.0,"[-98.11996296048164, -8.470490574836731, 16.52291789650917]",components_mm/base_link__C118.stl,92a6737b8402b1242324a21ca7ee29350293da21a34e8f31d9c3d7677e164ad4,3.159046173095703e-06
base_link__C119,base_link,119,4,small_fragment_or_detail_review,True,True,False,0.03477931022644043,0.08390843868255615,0.0,0.0,"[-98.1195718050003, -8.829537779092789, 16.52291789650917]",components_mm/base_link__C119.stl,bcc534ec085a1a9e5d28250d97d4c0b0f6104bfaa1ea4cc35ec09ff1d72e2b9c,1.6689300537109375e-06
base_link__C120,base_link,120,4,small_fragment_or_detail_review,True,True,False,0.03477931022644043,0.16407668590545654,0.0,0.0,"[-98.1195718050003, -8.647918701171875, 16.52291789650917]",components_mm/base_link__C120.stl,4b54c076e1def893efdae8bc6c5320b027a2668395bc239230016594c36f84ee,1.6689300537109375e-06
base_link__C121,base_link,121,4,small_fragment_or_detail_review,True,True,False,0.03477931022644043,0.16087666153907776,0.0,0.0,"[-98.1195718050003, -8.183499798178673, 16.52291789650917]",components_mm/base_link__C121.stl,179ab6d9c7ac98f287d70107d53827ad00fcd9a839a22fb3914bdb7305a5185c,1.6689300537109375e-06
base_link__C122,base_link,122,4,small_fragment_or_detail_review,True,True,False,0.03835558891296387,0.0311434268951416,0.0,0.0,"[-98.11782091856003, -8.392300456762314, 16.52291789650917]",components_mm/base_link__C122.stl,9a3e05d5edfc6736bfddfbcfb66de87e2d6a57ccd6f407f7cbd7c56583893ced,2.682209014892578e-06
base_link__C123,base_link,123,4,small_fragment_or_detail_review,True,True,False,0.0357702374458313,0.03663450479507446,0.0,0.0,"[-98.11614081263542, -8.450400084257126, 16.52291789650917]",components_mm/base_link__C123.stl,eab61b6e1b34a0a3a493ad19fa59022403395b123075914ccd9165932181f868,3.2782554626464844e-06
base_link__C124,base_link,124,4,small_fragment_or_detail_review,True,True,False,0.03518909215927124,0.02544000744819641,0.0,0.0,"[-98.11462834477425, -8.433086797595024, 16.52291789650917]",components_mm/base_link__C124.stl,adaf3a3a76be37ecd0e7e9696cc7284b4036744a23748b36ebafff9b0e385e25,3.159046173095703e-06
base_link__C125,base_link,125,4,small_fragment_or_detail_review,True,True,False,0.10342150926589966,0.15033036470413208,0.0,0.0,"[-98.11040386557579, -6.5766870975494385, 16.52291789650917]",components_mm/base_link__C125.stl,354e104201f2b3e630ffd038b2992d2388eddc1ca57e7e7505a7aa09206b47d0,2.384185791015625e-06
base_link__C126,base_link,126,4,small_fragment_or_detail_review,True,True,False,0.10133534669876099,0.13910606503486633,0.0,0.0,"[-98.07471558451653, -7.734110578894615, 16.52291789650917]",components_mm/base_link__C126.stl,70849480f5f91834ee91c46c949fa185aabc996003ae09e5244c9c4dfaba6049,1.7881393432617188e-06
base_link__C127,base_link,127,4,small_fragment_or_detail_review,True,True,False,0.09464472532272339,0.14611706137657166,0.0,0.0,"[-98.06163236498833, -6.553748622536659, 16.52291789650917]",components_mm/base_link__C127.stl,e38453d52412ce215d2787576df9062b00ebfb5612df6e461e7517cf1c1970ff,2.7418136596679688e-06
base_link__C128,base_link,128,4,small_fragment_or_detail_review,True,True,False,0.09295344352722168,0.1484900712966919,0.0,0.0,"[-98.03326427936554, -7.756050676107407, 16.52291789650917]",components_mm/base_link__C128.stl,6a4cca97ae99f30a9ec161e50c21f1b258995ea81a94ac79d8ce666f5ad537f4,1.6689300537109375e-06
base_link__C129,base_link,129,4,small_fragment_or_detail_review,True,True,False,0.08510053157806396,0.14245882630348206,0.0,0.0,"[-97.98718243837357, -7.77563638985157, 16.52291789650917]",components_mm/base_link__C129.stl,e038016a0f8ca32bbf3a4dee811228f2ebbef0b28051171aa2fa624a1a8a10b5,1.3113021850585938e-06
base_link__C130,base_link,130,4,small_fragment_or_detail_review,True,True,False,0.058084726333618164,0.1364685595035553,0.0,0.0,"[-97.94770181179047, -7.784983143210411, 16.52291789650917]",components_mm/base_link__C130.stl,86dcf92e405904042532a93fe04f2e634eacd1635d4c31fde8ea802dde6c0af4,3.5762786865234375e-06
base_link__C131,base_link,131,4,small_fragment_or_detail_review,True,True,False,0.06154179573059082,0.14304369688034058,0.0,0.0,"[-97.93126583099365, -6.540928035974503, 16.52291789650917]",components_mm/base_link__C131.stl,66b29a96b84594be89c9517505a57bcb341d4115f4e5558be94f710ed0b415e4,2.5033950805664062e-06
base_link__C132,base_link,132,4,small_fragment_or_detail_review,True,True,False,0.03509223461151123,0.08703023195266724,0.0,0.0,"[-97.90574759244919, -9.213130921125412, 16.52291789650917]",components_mm/base_link__C132.stl,96a97e42b3453c344d89fb4d7f04805137bdb93a52b10d0b10131d5c564125c8,2.6226043701171875e-06
base_link__C133,base_link,133,4,small_fragment_or_detail_review,True,True,False,0.03509223461151123,0.15713274478912354,0.0,0.0,"[-97.90574759244919, -9.026482701301575, 16.52291789650917]",components_mm/base_link__C133.stl,0f92733488f1b28cc9e31e34076494d4ff663d26681429e3885ab1f87a76059f,2.6226043701171875e-06
base_link__C134,base_link,134,4,small_fragment_or_detail_review,True,True,False,0.03509223461151123,0.15713274478912354,0.0,0.0,"[-97.90574759244919, -8.181627839803696, 16.52291789650917]",components_mm/base_link__C134.stl,fd483331d7f5e1d7b37c2b87349d9171a9f36bb35b82e3a79dc99dd3e881061e,2.6226043701171875e-06
base_link__C135,base_link,135,4,small_fragment_or_detail_review,True,True,False,0.03676861524581909,0.02364441752433777,0.0,0.0,"[-97.90490940213203, -9.268468245863914, 16.52291789650917]",components_mm/base_link__C135.stl,36f6668e586573020fd15094ce30d5ed7c0aa40506dbb07a03f73b07a0a6161e,2.9206275939941406e-06
base_link__C136,base_link,136,4,small_fragment_or_detail_review,True,True,False,0.03930926322937012,0.02119690179824829,0.0,0.0,"[-97.90243953466415, -9.29047167301178, 16.52291789650917]",components_mm/base_link__C136.stl,efea2958c27d70de58ae825d2d02100fbaa543036a69ce8d75a7bf4284814612,2.9206275939941406e-06
base_link__C137,base_link,137,4,small_fragment_or_detail_review,True,True,False,0.041604042053222656,0.022158026695251465,0.0,0.0,"[-97.89784252643585, -9.309645742177963, 16.52291789650917]",components_mm/base_link__C137.stl,1a693e88c08a7a66dfea939e87cf3ac3d2509eb841727cc58fcc1eebb3400c47,3.4570693969726562e-06
base_link__C138,base_link,138,4,small_fragment_or_detail_review,True,True,False,0.054135918617248535,0.13983622193336487,0.0,0.0,"[-97.89375960826874, -7.783299311995506, 16.52291789650917]",components_mm/base_link__C138.stl,6a970f039c26b75beff1fb03bb7627a4f78b6d3ca8eb50a6909db66ccb185804,2.205371856689453e-06
base_link__C139,base_link,139,4,small_fragment_or_detail_review,True,True,False,0.03567337989807129,0.04217028617858887,0.0,0.0,"[-97.87733852863312, -9.350895881652832, 16.52291789650917]",components_mm/base_link__C139.stl,3e549a1e076a7aab864c54529cbec719ea4618d0aab0ed7b4b1ccfba73c0bf48,3.0994415283203125e-06
base_link__C140,base_link,140,4,small_fragment_or_detail_review,True,True,False,0.028721988201141357,0.03329664468765259,0.0,0.0,"[-97.86853566765785, -9.359776973724365, 16.52291789650917]",components_mm/base_link__C140.stl,a3978eab956da97de1acf90b7bae909d462dc7f452831f2acd4ee5aba6363378,2.9206275939941406e-06
base_link__C141,base_link,141,4,small_fragment_or_detail_review,True,True,False,0.03621727228164673,0.04001706838607788,0.0,0.0,"[-97.86071255803108, -9.368803352117538, 16.52291789650917]",components_mm/base_link__C141.stl,245868daed86260c72561fee3cb35dd0047f5790ca6bc6a331e9b11616b57efa,1.6689300537109375e-06
base_link__C142,base_link,142,4,small_fragment_or_detail_review,True,True,False,0.2754628658294678,0.35788118839263916,0.0,0.0,"[-97.85033762454987, -7.281690835952759, 16.52291789650917]",components_mm/base_link__C142.stl,c6154019f809d6ba5116a9b01a81bc584cca310256d67503d8ad4bc443185ae1,2.1457672119140625e-06
base_link__C143,base_link,143,4,small_fragment_or_detail_review,True,True,False,0.03626197576522827,0.040743499994277954,0.0,0.0,"[-97.84714505076408, -9.378643706440926, 16.52291789650917]",components_mm/base_link__C143.stl,dc9587211988c5599ebd6f153c2b2f6f6b2e5173278442f256031d008b01f141,3.5762786865234375e-06
base_link__C144,base_link,144,4,small_fragment_or_detail_review,True,True,False,0.03112107515335083,0.017665326595306396,0.0,0.0,"[-97.825538367033, -8.391182869672775, 16.52291789650917]",components_mm/base_link__C144.stl,6702548a6699d032ec3ffc557b84a6e92d0c412f3841cc9f980c39791a896197,3.6954879760742188e-06
base_link__C145,base_link,145,4,small_fragment_or_detail_review,True,True,False,0.03118067979812622,0.015366822481155396,0.0,0.0,"[-97.82550856471062, -8.607951924204826, 16.52291789650917]",components_mm/base_link__C145.stl,81247dc8fe04d66118269e445870157b6cc452fbdf48d1614245f839bfd4d499,3.6954879760742188e-06
base_link__C146,base_link,146,4,small_fragment_or_detail_review,True,True,False,0.03189593553543091,0.014074146747589111,0.0,0.0,"[-97.82515093684196, -8.618928492069244, 16.52291789650917]",components_mm/base_link__C146.stl,d98be821dc5199e02faf093c1a6651d396ec0471f44495aff78d53266cf5966d,3.6954879760742188e-06
base_link__C147,base_link,147,4,small_fragment_or_detail_review,True,True,False,0.031925737857818604,0.019297003746032715,0.0,0.0,"[-97.82513603568077, -8.406076580286026, 16.52291789650917]",components_mm/base_link__C147.stl,861cea5f33a6d1308f9ecdaaa55f6b0472e340bd2dbc1a1f0efb6c99adaef2b8,3.6954879760742188e-06
base_link__C148,base_link,148,4,small_fragment_or_detail_review,True,True,False,0.03166496753692627,0.020973384380340576,0.0,0.0,"[-97.82440960407257, -8.59658420085907, 16.52291789650917]",components_mm/base_link__C148.stl,51fd82283090eb246349eeb0dcd6480b2b9dca848e39c5e84b3e7fe4b4b56808,1.6093254089355469e-06
base_link__C149,base_link,149,4,small_fragment_or_detail_review,True,True,False,0.031657516956329346,0.026401132345199585,0.0,0.0,"[-97.82436117529869, -8.378887549042702, 16.52291789650917]",components_mm/base_link__C149.stl,411d3eee844a234163ad835376073236562b1beaa0794bac4f27ec40fd0109dd,2.86102294921875e-06
base_link__C150,base_link,150,4,small_fragment_or_detail_review,True,True,False,0.03329664468765259,0.02125650644302368,0.0,0.0,"[-97.82354161143303, -8.41771811246872, 16.52291789650917]",components_mm/base_link__C150.stl,943c9e7c3f9ae1db85b142401b13a195ee2887fa62094fdddb9cfa56b79ed340,2.86102294921875e-06
base_link__C151,base_link,151,4,small_fragment_or_detail_review,True,True,False,0.03176182508468628,0.023856759071350098,0.0,0.0,"[-97.82181307673454, -8.585330098867416, 16.52291789650917]",components_mm/base_link__C151.stl,7d98253778ff94dcc86c5c40ca9782ea1b435fcbcae28cdf5c9854d4a8195bf6,1.7285346984863281e-06
base_link__C152,base_link,152,4,small_fragment_or_detail_review,True,True,False,0.032201409339904785,0.027745962142944336,0.0,0.0,"[-97.82136231660843, -8.364155888557434, 16.52291789650917]",components_mm/base_link__C152.stl,2e62b804b65f81e31f8833abeffa530ed5c35b4a6090c98729270b33f055fa76,1.9073486328125e-06
base_link__C153,base_link,153,4,small_fragment_or_detail_review,True,True,False,0.03483891487121582,0.02394244074821472,0.0,0.0,"[-97.82038629055023, -8.427279070019722, 16.52291789650917]",components_mm/base_link__C153.stl,bbdabdaca7beae297816ea204a0e471422bfe6bd53905e726981e20bece7163b,3.5762786865234375e-06
base_link__C154,base_link,154,4,small_fragment_or_detail_review,True,True,False,0.0337064266204834,0.027999281883239746,0.0,0.0,"[-97.81932085752487, -8.65326076745987, 16.52291789650917]",components_mm/base_link__C154.stl,3f6f423f371233d0f071fb6638ab5745be3a1b299020e1feb5b5a3ab39a90268,8.046627044677734e-07
base_link__C155,base_link,155,4,small_fragment_or_detail_review,True,True,False,0.031657516956329346,0.02695620059967041,0.0,0.0,"[-97.8177823126316, -8.57546553015709, 16.52291789650917]",components_mm/base_link__C155.stl,a7bb9737b22ddc938ea99a2aa26d89a1a666ed3b4b5d98e79a0aaf3dfea8270e,2.6226043701171875e-06
base_link__C156,base_link,156,4,small_fragment_or_detail_review,True,True,False,0.03295391798019409,0.028364360332489014,0.0,0.0,"[-97.81656786799431, -8.350171148777008, 16.52291789650917]",components_mm/base_link__C156.stl,7bd4266bf7916e04178a7739391f460415a3253a2eaf0a9f4a8e8f2fa6702271,3.6954879760742188e-06
base_link__C157,base_link,157,4,small_fragment_or_detail_review,True,True,False,0.029511749744415283,0.026512891054153442,0.0,0.0,"[-97.81331941485405, -8.5685346275568, 16.52291789650917]",components_mm/base_link__C157.stl,449403748799808fc3815be9677b77556821fec9f6fc71ad5781cf76cc531bed,3.6954879760742188e-06
base_link__C158,base_link,158,4,small_fragment_or_detail_review,True,True,False,0.034108757972717285,0.02596527338027954,0.0,0.0,"[-97.80994057655334, -8.337978273630142, 16.52291789650917]",components_mm/base_link__C158.stl,4d480538573697b32c5869a55af4c5ea979251c1be6e4409208d360f05528364,1.3709068298339844e-06
base_link__C159,base_link,159,4,small_fragment_or_detail_review,True,True,False,0.021696090698242188,0.04504993557929993,0.0,0.0,"[-97.80529141426086, -9.394222870469093, 16.52291789650917]",components_mm/base_link__C159.stl,f7a6e92e2c96df7bada18398bc9f44c2cd04fa4a925b3f55349a27ff49181048,2.1457672119140625e-06
base_link__C160,base_link,160,4,small_fragment_or_detail_review,True,True,False,0.1315772533416748,0.13996660709381104,0.0,0.0,"[-97.8018119931221, -6.58760592341423, 16.52291789650917]",components_mm/base_link__C160.stl,71576e9d0f212b40eb7c6ac1cfe03959cad8c67dea228a3bd2bff55d156fa26b,1.1324882507324219e-06
base_link__C161,base_link,161,4,small_fragment_or_detail_review,True,True,False,0.02520531415939331,0.03978610038757324,0.0,0.0,"[-97.79858961701393, -8.45169648528099, 16.52291789650917]",components_mm/base_link__C161.stl,f5083f335d11b6c569607c95da3a91b4494c9b9b16b466a480ac7e839aa7fe7c,3.0994415283203125e-06
base_link__C162,base_link,162,4,small_fragment_or_detail_review,True,True,False,0.021323561668395996,0.03809481859207153,0.0,0.0,"[-97.79813140630722, -8.554495871067047, 16.52291789650917]",components_mm/base_link__C162.stl,67f318811c18553a6e62caa90b1599ca4573bb190f0b3a016e08c323423cd828,1.6689300537109375e-06
base_link__C163,base_link,163,4,small_fragment_or_detail_review,True,True,False,0.024303793907165527,0.03976747393608093,0.0,0.0,"[-97.7887213230133, -8.455691859126091, 16.52291789650917]",components_mm/base_link__C163.stl,249913dfdaf867e498aa988d0bec5209ceb35a3faa1d0efdd5249579db8d44e8,3.7550926208496094e-06
base_link__C164,base_link,164,4,small_fragment_or_detail_review,True,True,False,0.02263486385345459,0.04263967275619507,0.0,0.0,"[-97.78488427400589, -9.396668523550034, 16.52291789650917]",components_mm/base_link__C164.stl,14644de32f4a3bc08b9c0e92633552a5770f15ba7306b695291d3f61ed248d78,1.9073486328125e-06
base_link__C165,base_link,165,4,small_fragment_or_detail_review,True,True,False,0.004298985004425049,0.039480626583099365,0.0,0.0,"[-97.77946397662163, -8.550532162189484, 16.52291789650917]",components_mm/base_link__C165.stl,ad97b98519efba94ce0087430a1e31123284b5fcf56eac7f0c7cc0d7df260066,2.7418136596679688e-06
base_link__C166,base_link,166,4,small_fragment_or_detail_review,True,True,False,0.02343207597732544,0.03921985626220703,0.0,0.0,"[-97.77672216296196, -8.458271622657776, 16.52291789650917]",components_mm/base_link__C166.stl,1f5dd8bb1e627603ec1345aa6da6228406cd53f8e19229ea176ec3e827e34063,1.3113021850585938e-06
base_link__C167,base_link,167,4,small_fragment_or_detail_review,True,True,False,0.12208521366119385,0.13364851474761963,0.0,0.0,"[-97.77581691741943, -7.740829139947891, 16.52291789650917]",components_mm/base_link__C167.stl,47a3a74a1143104151a5689c5a300ac260ad876e2356e4cffed8adbb9cc0e4a1,1.1324882507324219e-06
base_link__C168,base_link,168,4,small_fragment_or_detail_review,True,True,False,0.03493577241897583,0.10909512639045715,0.0,0.0,"[-97.77310118079185, -9.041843935847282, 16.52291789650917]",components_mm/base_link__C168.stl,6a1ed8c8be523177e26d940d14ee8b05e11741b79cbcea22418ffb4719deb3a4,3.5762786865234375e-06
base_link__C169,base_link,169,4,small_fragment_or_detail_review,True,True,False,0.03493577241897583,0.10909512639045715,0.0,0.0,"[-97.77310118079185, -8.196989074349403, 16.52291789650917]",components_mm/base_link__C169.stl,4bd58d8cba331a5fdd8738cecd411a54ca61d01abf5e6854edf73b2f01e4ec11,3.5762786865234375e-06
base_link__C170,base_link,170,4,small_fragment_or_detail_review,True,True,False,0.30506402254104614,0.039383769035339355,0.0,0.0,"[-97.77076169848442, -9.189307689666748, 16.52291789650917]",components_mm/base_link__C170.stl,e50651854a825b8e7118cc01073a69ab981572c0e8365af3bbcf0d5a41eaa8ee,3.039836883544922e-06
base_link__C171,base_link,171,4,small_fragment_or_detail_review,True,True,False,0.30506402254104614,0.039380043745040894,0.0,0.0,"[-97.77076169848442, -8.967606350779533, 16.52291789650917]",components_mm/base_link__C171.stl,531f0b707fe910832211bd8314e00135a532238dc9de670555a42df684981f5c,3.039836883544922e-06
base_link__C172,base_link,172,4,small_fragment_or_detail_review,True,True,False,0.30506402254104614,0.039380043745040894,0.0,0.0,"[-97.77076169848442, -8.122751489281654, 16.52291789650917]",components_mm/base_link__C172.stl,bca9b9c2d01706655e4009d0ef13b210f98e2b5ba3c32bfb53256d00869ba657,3.039836883544922e-06
base_link__C173,base_link,173,4,small_fragment_or_detail_review,True,True,False,0.013880431652069092,0.041835010051727295,0.0,0.0,"[-97.76772186160088, -9.397070854902267, 16.52291789650917]",components_mm/base_link__C173.stl,9175f1333447799256b3da286971c9080ebeda88262528bd14d5c6908ee5e96b,3.7550926208496094e-06
base_link__C174,base_link,174,4,small_fragment_or_detail_review,True,True,False,0.03697723150253296,0.02738088369369507,0.0,0.0,"[-97.7419801056385, -8.569397032260895, 16.52291789650917]",components_mm/base_link__C174.stl,5516bf1a5ee24f222478859477ad350a1114e2962a869ed7e86a3b29c4904ff7,3.635883331298828e-06
base_link__C175,base_link,175,4,small_fragment_or_detail_review,True,True,False,0.12443959712982178,0.13191625475883484,0.0,0.0,"[-97.74094074964523, -7.707009091973305, 16.52291789650917]",components_mm/base_link__C175.stl,cd955d2df97ba66da4617e83ad07ab2ed7f2725b3595b6a486c7d6d4a71154f8,2.384185791015625e-06
base_link__C176,base_link,176,4,small_fragment_or_detail_review,True,True,False,0.06849318742752075,0.03821030259132385,0.0,0.0,"[-97.74090722203255, -8.459670469164848, 16.52291789650917]",components_mm/base_link__C176.stl,dbbafc37e8b59344e0a8e88a0d33944506f6f164b5ec0143982328b033007b71,3.2186508178710938e-06
base_link__C177,base_link,177,4,small_fragment_or_detail_review,True,True,False,0.04157423973083496,0.026382505893707275,0.0,0.0,"[-97.73627668619156, -8.580852299928665, 16.52291789650917]",components_mm/base_link__C177.stl,9e3f1374ffef8d95265a99f4a33ae1ce60421fa1ff8c5821abf30614cf6996e3,2.682209014892578e-06
base_link__C178,base_link,178,4,small_fragment_or_detail_review,True,True,False,0.04607439041137695,0.026982277631759644,0.0,0.0,"[-97.72799164056778, -8.602144196629524, 16.52291789650917]",components_mm/base_link__C178.stl,26b9d7c874b2a590f4112e198a8b6f1999e2d7ff2f596d366f1240c890a8c80a,1.6093254089355469e-06
base_link__C179,base_link,179,4,small_fragment_or_detail_review,True,True,False,0.2174079418182373,0.09966269135475159,0.0,0.0,"[-97.72740304470062, -8.747423067688942, 16.52291789650917]",components_mm/base_link__C179.stl,0c2ee8760ffda58ae322a77cce9855274e53db9b685a21956302e4cd8d937799,1.6689300537109375e-06
base_link__C180,base_link,180,4,small_fragment_or_detail_review,True,True,False,0.030219554901123047,0.028602778911590576,0.0,0.0,"[-97.72524237632751, -8.349061012268066, 16.52291789650917]",components_mm/base_link__C180.stl,a9a4f7edf26b9303965a4fe52f182e65f8042b6217ec88115e53a3dc5f019c11,3.814697265625e-06
base_link__C181,base_link,181,4,small_fragment_or_detail_review,True,True,False,0.03505498170852661,0.042047351598739624,0.0,0.0,"[-97.7243222296238, -9.390251711010933, 16.52291789650917]",components_mm/base_link__C181.stl,d41c2c6d14bc1d5f684ce1a9edcc6c404c842a6c45aba69b78753ea7a02f3231,2.086162567138672e-06
base_link__C182,base_link,182,4,small_fragment_or_detail_review,True,True,False,0.02740323543548584,0.03084912896156311,0.0,0.0,"[-97.72098809480667, -8.34067352116108, 16.52291789650917]",components_mm/base_link__C182.stl,951ec7debf4a64843378ba590e48754da989bdbf862060f596bfd219eb4aaca0,3.4570693969726562e-06
base_link__C183,base_link,183,4,small_fragment_or_detail_review,True,True,False,0.03446638584136963,0.12703239917755127,0.0,0.0,"[-97.71890193223953, -9.571261703968048, 16.52291789650917]",components_mm/base_link__C183.stl,fbf89c4d0338547c20dea94ba97c52d26cccff5b032c1118c747e8919326a62f,2.2649765014648438e-06
base_link__C184,base_link,184,4,small_fragment_or_detail_review,True,True,False,0.035114586353302,0.037573277950286865,0.0,0.0,"[-97.71615639328957, -8.629437536001205, 16.52291789650917]",components_mm/base_link__C184.stl,09ebab1ca6db3303834495c37988281a6e94cf974dfa32e1f6e9d01ee75779f3,2.4437904357910156e-06
base_link__C185,base_link,185,4,small_fragment_or_detail_review,True,True,False,0.026635825634002686,0.03398582339286804,0.0,0.0,"[-97.71470353007317, -8.335607126355171, 16.52291789650917]",components_mm/base_link__C185.stl,fe53baef9759863bcf9ea97c9b5f333a650f3c16fe2b86104a855a895135c524,1.7285346984863281e-06
base_link__C186,base_link,186,4,small_fragment_or_detail_review,True,True,False,0.25078654289245605,0.09911507368087769,0.0,0.0,"[-97.71071374416351, -8.857183158397675, 16.52291789650917]",components_mm/base_link__C186.stl,5b6d4ff17ceaaeb542fb4bf3c7161a2a2b716a7fafc4ac8be1ef9681bedae1a0,1.6689300537109375e-06
base_link__C187,base_link,187,4,small_fragment_or_detail_review,True,True,False,0.032179057598114014,0.035081058740615845,0.0,0.0,"[-97.71058335900307, -8.640332147479057, 16.52291789650917]",components_mm/base_link__C187.stl,549439d7f82b20e3c3915eded47ccae34863b7a7f0441416cb544ef36cdcbf13,3.5762786865234375e-06
base_link__C188,base_link,188,4,small_fragment_or_detail_review,True,True,False,0.03473460674285889,0.04198774695396423,0.0,0.0,"[-97.70765900611877, -9.383795782923698, 16.52291789650917]",components_mm/base_link__C188.stl,a4ebedfd06610ba0b12c7bfe816e876bf7caa2c53ac3fb1bb485bbc53fc81b20,2.682209014892578e-06
base_link__C189,base_link,189,4,small_fragment_or_detail_review,True,True,False,0.0308305025100708,0.03626197576522827,0.0,0.0,"[-97.70466387271881, -8.646789938211441, 16.52291789650917]",components_mm/base_link__C189.stl,8e91a8a51efd842d06fc798155cbd5868fae2d347ae165c9f78f502898dca734,1.6093254089355469e-06
base_link__C190,base_link,190,4,small_fragment_or_detail_review,True,True,False,0.07271766662597656,0.01942366361618042,0.0,0.0,"[-97.69511967897415, -7.394429296255112, 16.52291789650917]",components_mm/base_link__C190.stl,9b6eea7b03a1cd9a3fa6450bd79b5d49e9060024eb2fe4df47f6fbd257e0aa51,2.682209014892578e-06
base_link__C191,base_link,191,4,small_fragment_or_detail_review,True,True,False,0.017724931240081787,0.03938749432563782,0.0,0.0,"[-97.69489988684654, -8.32493044435978, 16.52291789650917]",components_mm/base_link__C191.stl,ebe0f41508a3a37b045211f1277bd7bb7416cc1343f6973dc26deb120a2c901d,3.516674041748047e-06
base_link__C192,base_link,192,4,small_fragment_or_detail_review,True,True,False,0.035062432289123535,0.04173070192337036,0.0,0.0,"[-97.69250452518463, -9.375263005495071, 16.52291789650917]",components_mm/base_link__C192.stl,2f54a01f60ffca7e184c688a66440615b3578bee518db47f6d3d84a68d4255ee,1.4901161193847656e-06
base_link__C193,base_link,193,4,small_fragment_or_detail_review,True,True,False,0.14021247625350952,0.03922358155250549,0.0,0.0,"[-97.68833592534065, -8.459163829684258, 16.52291789650917]",components_mm/base_link__C193.stl,ff0cd5f59cb9f1d112b645b750a7f9676d27e90064c6fd645652f79a73db8588,3.5762786865234375e-06
base_link__C194,base_link,194,4,small_fragment_or_detail_review,True,True,False,0.1398026943206787,0.0694170594215393,0.0,0.0,"[-97.68707305192947, -7.597282528877258, 16.52291789650917]",components_mm/base_link__C194.stl,ce22e183ff3a3072e3ce5240bd8022028ba1c099106df3a7d049bf9564b77fc8,1.1324882507324219e-06
base_link__C195,base_link,195,4,small_fragment_or_detail_review,True,True,False,0.13447552919387817,0.04781410098075867,0.0,0.0,"[-97.68440946936607, -7.428048178553581, 16.52291789650917]",components_mm/base_link__C195.stl,16a797407935d3cd510b7eef4451111e0642c0ae7f608ec49af7fd7779e1f9e5,8.046627044677734e-07
base_link__C196,base_link,196,4,small_fragment_or_detail_review,True,True,False,0.13230741024017334,0.1279674470424652,0.0,0.0,"[-97.68332540988922, -7.5116027146577835, 16.52291789650917]",components_mm/base_link__C196.stl,6313b0e560cccbc3816b1547464794a235960aaf472e81217f6880be7a910de7,2.086162567138672e-06
base_link__C197,base_link,197,4,small_fragment_or_detail_review,True,True,False,0.005505979061126709,0.03937631845474243,0.0,0.0,"[-97.67473861575127, -8.658021688461304, 16.52291789650917]",components_mm/base_link__C197.stl,ee2336cbebbf23d74398f6d48953ff14b574212c8e672625cee0dda0d12d05f1,3.814697265625e-06
base_link__C198,base_link,198,4,small_fragment_or_detail_review,True,True,False,0.11430680751800537,0.044465065002441406,0.0,0.0,"[-97.67432510852814, -7.42538645863533, 16.52291789650917]",components_mm/base_link__C198.stl,74681d6d9cd771e8cb34ea4255767eab60c2312740865bcc9515539c789ca46e,2.682209014892578e-06
base_link__C199,base_link,199,4,small_fragment_or_detail_review,True,True,False,0.015363097190856934,0.039655715227127075,0.0,0.0,"[-97.6719930768013, -8.323533460497856, 16.52291789650917]",components_mm/base_link__C199.stl,c20439a67d5f720dcccc1e6619a6c9ea5f5e85d69abb091489fa999413b18ab9,2.7418136596679688e-06
base_link__C200,base_link,200,4,small_fragment_or_detail_review,True,True,False,0.02142786979675293,0.0375695526599884,0.0,0.0,"[-97.65554219484329, -8.653948083519936, 16.52291789650917]",components_mm/base_link__C200.stl,8de924d7089f8fc21cf9d2b60380664eb66a50a91b9bf56e6ef1a5de98c94b0a,3.635883331298828e-06
base_link__C201,base_link,201,4,small_fragment_or_detail_review,True,True,False,0.018574297428131104,0.019263476133346558,0.0,0.0,"[-97.65292331576347, -8.429920300841331, 16.52291789650917]",components_mm/base_link__C201.stl,f36de33af9bfc0eece913ce52079f9916a5e9b5542f4ea8126243bec81faabe0,2.4437904357910156e-06
base_link__C202,base_link,202,4,small_fragment_or_detail_review,True,True,False,0.04233419895172119,0.02633035182952881,0.0,0.0,"[-97.65031933784485, -9.325321763753891, 16.52291789650917]",components_mm/base_link__C202.stl,a81a3ec30cbf68c6bced418bb496e9188c46eeee9bb687b5edde7bbb379af0fe,1.8477439880371094e-06
base_link__C203,base_link,203,4,small_fragment_or_detail_review,True,True,False,0.02391636371612549,0.02177804708480835,0.0,0.0,"[-97.64636307954788, -8.423283696174622, 16.52291789650917]",components_mm/base_link__C203.stl,39c72f648e410b43bf2207c2fcf88d50d961358c06601f03e8369bda07bda1bd,3.6954879760742188e-06
base_link__C204,base_link,204,4,small_fragment_or_detail_review,True,True,False,0.04054605960845947,0.025082379579544067,0.0,0.0,"[-97.64344990253448, -9.307531639933586, 16.52291789650917]",components_mm/base_link__C204.stl,bef7a9db7d954109390aa94287676b231c8d0e69f213cbf901f99bace150506e,3.7550926208496094e-06
base_link__C205,base_link,205,4,small_fragment_or_detail_review,True,True,False,0.03369152545928955,0.031117349863052368,0.0,0.0,"[-97.64068573713303, -8.337980136275291, 16.52291789650917]",components_mm/base_link__C205.stl,80faf2fbd7b417d68968971decf02713858577aaee567f5a65c86697b88f741f,8.046627044677734e-07
base_link__C206,base_link,206,4,small_fragment_or_detail_review,True,True,False,0.02902001142501831,0.02736598253250122,0.0,0.0,"[-97.64037653803825, -8.639462292194366, 16.52291789650917]",components_mm/base_link__C206.stl,6bd496d3d87291a0abd279f17f8404d2dca970f7350e62f92b941147d54a6362,3.2186508178710938e-06
base_link__C207,base_link,207,4,small_fragment_or_detail_review,True,True,False,0.03764033317565918,0.023633241653442383,0.0,0.0,"[-97.63924777507782, -8.542373776435852, 16.52291789650917]",components_mm/base_link__C207.stl,47e713f9b5ff9d6fd71ba28489f1ff2e964bcb9b479470fa50b1ca3ae41c33f5,2.384185791015625e-06
base_link__C208,base_link,208,4,small_fragment_or_detail_review,True,True,False,0.03843754529953003,0.024616718292236328,0.0,0.0,"[-97.63869270682335, -9.2875175178051, 16.52291789650917]",components_mm/base_link__C208.stl,ce272e283c065c1d600c1dfcf5539b12f5b2253f01a0a3099101d1e949d11983,2.384185791015625e-06
base_link__C209,base_link,209,4,small_fragment_or_detail_review,True,True,False,0.03533065319061279,0.029340386390686035,0.0,0.0,"[-97.63658791780472, -8.345477283000946, 16.52291789650917]",components_mm/base_link__C209.stl,578967d6716cabe183c85a766342e002443ba8cebda0f34db56cac85614d3b14,3.2186508178710938e-06
base_link__C210,base_link,210,4,small_fragment_or_detail_review,True,True,False,0.036016106605529785,0.02421438694000244,0.0,0.0,"[-97.63623774051666, -9.265400469303131, 16.52291789650917]",components_mm/base_link__C210.stl,423a18b905580c32804893f8700fa1b44a46f68abd91a4e8c88909b5a635b4ab,3.039836883544922e-06
base_link__C211,base_link,211,4,small_fragment_or_detail_review,True,True,False,0.030271708965301514,0.02726539969444275,0.0,0.0,"[-97.63563051819801, -8.632341399788857, 16.52291789650917]",components_mm/base_link__C211.stl,a18e4020ebaeb4b0f400d4c80eaa07b9c16a7b14161eba224bb83d873f6282ea,3.635883331298828e-06
base_link__C212,base_link,212,4,small_fragment_or_detail_review,True,True,False,0.03477931022644043,0.08391216397285461,0.0,0.0,"[-97.63561934232712, -9.211571887135506, 16.52291789650917]",components_mm/base_link__C212.stl,81ff84ab4ca780b9ed40c01e532e8a8e1ef180d42368761b6f110080e53418b8,3.039836883544922e-06
base_link__C213,base_link,213,4,small_fragment_or_detail_review,True,True,False,0.03477931022644043,0.16407296061515808,0.0,0.0,"[-97.63561934232712, -9.029952809214592, 16.52291789650917]",components_mm/base_link__C213.stl,b962ab54a9e99c55601d84382cb35dd4aae59c0f350e7553a110a39aaec15937,3.039836883544922e-06
base_link__C214,base_link,214,4,small_fragment_or_detail_review,True,True,False,0.03477931022644043,0.16407296061515808,0.0,0.0,"[-97.63561934232712, -8.185097947716713, 16.52291789650917]",components_mm/base_link__C214.stl,6e268a780e15cbb98c7af74434ba429814a8043b154667278ac05731e3c2eb13,3.039836883544922e-06
base_link__C215,base_link,215,4,small_fragment_or_detail_review,True,True,False,0.035569071769714355,0.02343207597732544,0.0,0.0,"[-97.63424843549728, -8.555121719837189, 16.52291789650917]",components_mm/base_link__C215.stl,5ef889cfd1e4f2f7b66515ce46f35b292abbdf9cff80a51c243b06e0b9fbec12,2.0265579223632812e-06
base_link__C216,base_link,216,4,small_fragment_or_detail_review,True,True,False,0.031344592571258545,0.014688819646835327,0.0,0.0,"[-97.63235226273537, -8.40095616877079, 16.52291789650917]",components_mm/base_link__C216.stl,f8c0da14830126c01a27adbb1fecef2f401005a8b08b5ce81127049c9e18dec4,3.635883331298828e-06
base_link__C217,base_link,217,4,small_fragment_or_detail_review,True,True,False,0.031165778636932373,0.0249519944190979,0.0,0.0,"[-97.63205423951149, -8.622005581855774, 16.52291789650917]",components_mm/base_link__C217.stl,c661c176eaf2a00769c965a9861a5755f19ef0a4b271049845e8227be8360ce2,1.0132789611816406e-06
base_link__C218,base_link,218,4,small_fragment_or_detail_review,True,True,False,0.03374367952346802,0.022646039724349976,0.0,0.0,"[-97.63086959719658, -8.568597957491875, 16.52291789650917]",components_mm/base_link__C218.stl,4926a79d05f127d7d26ffcdc0491bea76d524e2d4c60deae13ab3b2b447a1685,1.7881393432617188e-06
base_link__C219,base_link,219,4,small_fragment_or_detail_review,True,True,False,0.03332644701004028,0.01372024416923523,0.0,0.0,"[-97.62974455952644, -8.369924500584602, 16.52291789650917]",components_mm/base_link__C219.stl,9fdc07efd9382af493ef89b5a72664f57e97d9aa930e1db6c66dda8d0421f25d,1.5497207641601562e-06
base_link__C220,base_link,220,4,small_fragment_or_detail_review,True,True,False,0.031501054763793945,0.023584812879562378,0.0,0.0,"[-97.62968868017197, -8.609523996710777, 16.52291789650917]",components_mm/base_link__C220.stl,7051d7351649536952f22b3d31b1f1e8f8a2cd88e08554cff2197c5cda41ea60,8.046627044677734e-07
base_link__C221,base_link,221,4,small_fragment_or_detail_review,True,True,False,0.031344592571258545,0.014975666999816895,0.0,0.0,"[-97.62966260313988, -8.390191942453384, 16.52291789650917]",components_mm/base_link__C221.stl,f17d9af06eb73fa6c1b58bf97bc939ac2d1fb9ec55199aee13528918b4894499,2.562999725341797e-06
base_link__C222,base_link,222,4,small_fragment_or_detail_review,True,True,False,0.03205984830856323,0.02111494541168213,0.0,0.0,"[-97.6291112601757, -8.58285278081894, 16.52291789650917]",components_mm/base_link__C222.stl,8ba4f3e754f379f3d9dbed066679122d0f2dacaa842aab92b69242a8e72accb5,1.5497207641601562e-06
base_link__C223,base_link,223,4,small_fragment_or_detail_review,True,True,False,0.03162771463394165,0.012978911399841309,0.0,0.0,"[-97.6288951933384, -8.379288017749786, 16.52291789650917]",components_mm/base_link__C223.stl,bcbfe320b742de28ce7438ad08479aa2cbc48ca43cb33e66acd96ebcf511feb6,2.3245811462402344e-06
base_link__C224,base_link,224,4,small_fragment_or_detail_review,True,True,False,0.03126263618469238,0.016588717699050903,0.0,0.0,"[-97.62871265411377, -8.597960695624352, 16.52291789650917]",components_mm/base_link__C224.stl,cbffc09e2727b2b7d7135cda13fb00b7d8cdc65bca1bd9837f718e6677352912,3.4570693969726562e-06
base_link__C225,base_link,225,4,small_fragment_or_detail_review,True,True,False,0.033020973205566406,0.03602728247642517,0.0,0.0,"[-97.56257385015488, -8.777951821684837, 16.52291789650917]",components_mm/base_link__C225.stl,7a56b6de925ccbcf948de7a6144d8c8e31921123df16b4883d78ed03b5b88963,2.9206275939941406e-06
base_link__C226,base_link,226,4,small_fragment_or_detail_review,True,True,False,0.12908875942230225,0.10565295815467834,0.0,0.0,"[-97.55931794643402, -7.020166143774986, 16.52291789650917]",components_mm/base_link__C226.stl,e7d1ac3062bfe85345abbb4753582d190045ea8ec126cf5c7be01678a6701f0e,8.940696716308594e-07
base_link__C227,base_link,227,4,small_fragment_or_detail_review,True,True,False,0.1363605260848999,0.09015202522277832,0.0,0.0,"[-97.55568206310272, -6.865054368972778, 16.52291789650917]",components_mm/base_link__C227.stl,eea2963e698ec3ff3d67e1bad128206ae0d8e1ec27b6211cf70ddab8eb062f4f,1.2516975402832031e-06
base_link__C228,base_link,228,4,small_fragment_or_detail_review,True,True,False,0.032044947147369385,0.03319978713989258,0.0,0.0,"[-97.55096957087517, -8.769959211349487, 16.52291789650917]",components_mm/base_link__C228.stl,f4873072910f53ad8cc5f6551392344f9b4f355de7e1d44ca622012b0eff517a,3.159046173095703e-06
base_link__C229,base_link,229,4,small_fragment_or_detail_review,True,True,False,0.03255903720855713,0.030200928449630737,0.0,0.0,"[-97.5426509976387, -8.761590346693993, 16.52291789650917]",components_mm/base_link__C229.stl,5dcf727c29bc8c0a81369a7898df69a416e73303f072c5b447d5f26b0a3451d3,3.337860107421875e-06
base_link__C230,base_link,230,4,small_fragment_or_detail_review,True,True,False,0.03419071435928345,0.0158064067363739,0.0,0.0,"[-97.53270074725151, -8.73505137860775, 16.52291789650917]",components_mm/base_link__C230.stl,5bba970d3e54934f19cb970ce05066b76ba747bd69ee794d16d991636f5157e0,3.2782554626464844e-06
base_link__C231,base_link,231,4,small_fragment_or_detail_review,False,True,False,0.5000010132789612,0.5000010132789612,0.0,0.0,"[-89.69395235180855, 13.017883524298668, 15.108409337699413]",components_mm/base_link__C231.stl,6a7a51c881cea6bc33940d580d33a884e60bda4cd3bfe7d4803958bf0ac28a17,2.6226043701171875e-06
base_link__C232,base_link,232,4,small_fragment_or_detail_review,False,True,False,0.5000010132789612,0.5000010132789612,0.0,0.0,"[-89.69395235180855, 13.017883524298668, 15.108409337699413]",components_mm/base_link__C232.stl,b43e0a25ccbcf5ac26bfc6362c6f0ef250dcae00ceccefa0a2f51e695347604b,2.6226043701171875e-06
base_link__C233,base_link,233,4,small_fragment_or_detail_review,True,True,False,0.3629028797149658,0.35187602043151855,0.0885920599102974,-3.1765755118910256e-08,"[-88.2919654250145, 46.32020369172096, 2.066494431346655]",components_mm/base_link__C233.stl,db4d300d024fb9e7e6e0d693b7bc8d70ef8668ca9f6d337647d559e3b964012c,2.3245811462402344e-06
base_link__C234,base_link,234,2,small_fragment_or_detail_review,True,True,False,5.489028990268707,0.3461164887994528,0.06181001663208008,0.0,"[-101.80490091443062, 3.828275133855641, 22.65101484954357]",components_mm/base_link__C234.stl,41613becbddabb7e6831ccdeccda0d451b1af72db4b359bf1d33ac0343840038,7.599592208862305e-07
base_link__C235,base_link,235,2,small_fragment_or_detail_review,True,True,False,5.458027124404907,0.34612766467034817,0.06181001663208008,0.0,"[-101.78939998149872, 3.828269545920193, 22.65101484954357]",components_mm/base_link__C235.stl,aaf3481fbf6f30d8a329abcd0b4a21b3edecff2b950f2857744328bb019d3bb1,3.814697265625e-06
base_link__C236,base_link,236,2,small_fragment_or_detail_review,True,True,False,5.138717591762543,0.06181420758366585,0.34611672163009644,0.0,"[-101.62974521517754, 3.0322354286909103, 21.854978054761887]",components_mm/base_link__C236.stl,2e0d569b24b742e974a9376c4fc8221775cfc674924616fb1f4ea644907405d4,5.960464477539062e-07
base_link__C237,base_link,237,2,small_fragment_or_detail_review,True,True,False,5.138717591762543,0.06181420758366585,0.34611672163009644,0.0,"[-101.62974521517754, 3.0322354286909103, 21.854978054761887]",components_mm/base_link__C237.stl,e60243a8f65fba3300d64026661d873c996525ba4bc5bf16f5b8f5566c6d04b2,5.960464477539062e-07
base_link__C238,base_link,238,2,small_fragment_or_detail_review,True,True,False,1.3362392783164978,0.06181420758366585,0.34611672163009644,0.0,"[-99.72850605845451, 3.0322354286909103, 14.908860437572002]",components_mm/base_link__C238.stl,231e1fd11e0befd36757771ddb92bc73f1d3e5e7d7d2e519b9ee0f17c12e4025,3.635883331298828e-06
base_link__C239,base_link,239,2,small_fragment_or_detail_review,True,True,False,1.1462345719337463,0.06181420758366585,0.34611672163009644,0.0,"[-99.63350370526314, 3.0322354286909103, 14.908860437572002]",components_mm/base_link__C239.stl,bd673520e67f4683bd8b90168c622b53c7c90a26dca230fdeef81d0048e18123,1.7285346984863281e-06
base_link__C240,base_link,240,2,small_fragment_or_detail_review,True,True,False,0.817224383354187,0.34612766467034817,0.06180815398693085,0.0,"[-99.46899861097336, 3.828269545920193, 14.112822711467743]",components_mm/base_link__C240.stl,8ce2d623189fcf49295c6fe68c6f108d8420db758e1f30e8fb799e27d1d24798,1.5497207641601562e-06
base_link__C241,base_link,241,2,small_fragment_or_detail_review,True,True,False,0.817224383354187,0.3461164887994528,0.06180815398693085,0.0,"[-99.46899861097336, 3.828275133855641, 14.112822711467743]",components_mm/base_link__C241.stl,447837b7489ee430cafd534f9e49f45ab85ae530706a0e4d0b410356a580e49f,1.5497207641601562e-06
base_link__C242,base_link,242,2,small_fragment_or_detail_review,True,True,False,0.1301392912864685,0.03693997859954834,0.0,0.0,"[-98.4240286052227, -7.244851440191269, 16.52291789650917]",components_mm/base_link__C242.stl,eafa16935c6b986992a5e1bc3c0b567b5253be13f68ca06a97be42ba18b6544b,3.5762786865234375e-06
base_link__C243,base_link,243,2,small_fragment_or_detail_review,True,True,False,0.13393908739089966,0.06930530071258545,0.0,0.0,"[-98.42053428292274, -7.297974079847336, 16.52291789650917]",components_mm/base_link__C243.stl,530be294b35e6f8a58ad1b55d248027c500743a55a22b74c1a507018d8882276,3.337860107421875e-06
base_link__C244,base_link,244,2,small_fragment_or_detail_review,True,True,False,0.13393908739089966,0.05704909563064575,0.0,0.0,"[-98.42053428292274, -7.2570741176605225, 16.52291789650917]",components_mm/base_link__C244.stl,adce4105baae7cf98ff043f69f8b69e487293e724a9d2bccdb5a5d877c55379c,3.337860107421875e-06
base_link__C245,base_link,245,2,small_fragment_or_detail_review,True,True,False,0.03645569086074829,0.02240017056465149,0.0,0.0,"[-98.39382395148277, -8.457774296402931, 16.52291789650917]",components_mm/base_link__C245.stl,e9bf42d39b03f2c06afe9045341a1fb7ebeaeb894a0ad7686020bf8a8fdec659,3.4570693969726562e-06
base_link__C246,base_link,246,2,small_fragment_or_detail_review,True,True,False,0.03794580698013306,0.01913309097290039,0.0,0.0,"[-98.3908586204052, -8.478540927171707, 16.52291789650917]",components_mm/base_link__C246.stl,482aa4e79407cd8a76bbeff7052fc4993ddac42da0f9ccd7b4387707df374980,3.337860107421875e-06
base_link__C247,base_link,247,2,small_fragment_or_detail_review,True,True,False,0.03794580698013306,0.019177794456481934,0.0,0.0,"[-98.3908586204052, -8.462689816951752, 16.52291789650917]",components_mm/base_link__C247.stl,0eaafce2b75dbd8046a966502450cfcea72569f4197c0a878b0b2825594c6445,3.337860107421875e-06
base_link__C248,base_link,248,2,small_fragment_or_detail_review,True,True,False,0.03515183925628662,0.005129724740982056,0.0,0.0,"[-98.38967025279999, -8.875617757439613, 16.52291789650917]",components_mm/base_link__C248.stl,23efb57ddac1874f3ab17bedbc92f5f2bbca16fd03f7ecb6c5e484becdfd1a56,3.2782554626464844e-06
base_link__C249,base_link,249,2,small_fragment_or_detail_review,True,True,False,0.03898888826370239,0.04211068153381348,0.0,0.0,"[-98.38775172829628, -9.19012725353241, 16.52291789650917]",components_mm/base_link__C249.stl,cdc3adb49d0b37abc0d07ae35f45e5f9dd9368558e6df968e2803178def31f53,3.2782554626464844e-06
base_link__C250,base_link,250,2,small_fragment_or_detail_review,True,True,False,0.051252543926239014,0.019729137420654297,0.0,0.0,"[-98.38161990046501, -9.17893648147583, 16.52291789650917]",components_mm/base_link__C250.stl,97bc96fde9549b2a7f36de48127efc46593aceef08230dce9f9a6ba129724d51,3.2782554626464844e-06
base_link__C251,base_link,251,2,small_fragment_or_detail_review,True,True,False,0.05189329385757446,0.02238154411315918,0.0,0.0,"[-98.38129952549934, -9.199991822242737, 16.52291789650917]",components_mm/base_link__C251.stl,df4343e75ea7137c51aafdead7a14359675474b0bce748580fc02f97daf8b491,3.2782554626464844e-06
base_link__C252,base_link,252,2,small_fragment_or_detail_review,True,True,False,0.041171908378601074,0.014614313840866089,0.0,0.0,"[-98.37932884693146, -8.497515693306923, 16.52291789650917]",components_mm/base_link__C252.stl,93db5d27532e2db91a526333c32f15cb583a6ea1d46c83e72d9511c5dabfe0ab,2.8014183044433594e-06
base_link__C253,base_link,253,2,small_fragment_or_detail_review,True,True,False,0.035978853702545166,0.024031847715377808,0.0,0.0,"[-98.3789823949337, -8.944978937506676, 16.52291789650917]",components_mm/base_link__C253.stl,70741861a9ef027402d7faffe5076a6e22d3a729805e5e0fa72049705f22e9a1,8.344650268554688e-07
base_link__C254,base_link,254,2,small_fragment_or_detail_review,True,True,False,0.06035715341567993,0.018980354070663452,0.0,0.0,"[-98.37706759572029, -9.201692417263985, 16.52291789650917]",components_mm/base_link__C254.stl,68fca0d5838d62fbb007c751a4b28b60fd34cb9dcdb32870a3edebe07a0568d1,3.337860107421875e-06
base_link__C255,base_link,255,2,small_fragment_or_detail_review,True,True,False,0.06035715341567993,0.01737847924232483,0.0,0.0,"[-98.37706759572029, -9.177761152386665, 16.52291789650917]",components_mm/base_link__C255.stl,cd67a286c1143f29ef848cf50bcca736de1922ddd092682c83ede27ef10dcdff,3.337860107421875e-06
base_link__C256,base_link,256,2,small_fragment_or_detail_review,True,True,False,0.0359266996383667,0.02631545066833496,0.0,0.0,"[-98.37120771408081, -8.960936218500137, 16.52291789650917]",components_mm/base_link__C256.stl,5bb8998b017a7ccee60d7cb54edcc5e0840ebfb432ce0096679495321884a9b5,3.3974647521972656e-06
base_link__C257,base_link,257,2,small_fragment_or_detail_review,True,True,False,0.0359266996383667,0.024031847715377808,0.0,0.0,"[-98.37120771408081, -8.944978937506676, 16.52291789650917]",components_mm/base_link__C257.stl,d2d548150cf366b0e6bcd823b0272adade10779a3573405f4f82c1932035504d,3.3974647521972656e-06
base_link__C258,base_link,258,2,small_fragment_or_detail_review,True,True,False,0.11286139488220215,0.11706352233886719,0.0,0.0,"[-98.34808111190796, -6.9775208830833435, 16.52291789650917]",components_mm/base_link__C258.stl,1e43b255d1127f8098a525f70f3aa98803ae688094ec273ae96fd078f1592dc9,1.5497207641601562e-06
base_link__C259,base_link,259,2,small_fragment_or_detail_review,True,True,False,0.13272464275360107,0.039383769035339355,0.0,0.0,"[-98.34088385105133, -8.585572242736816, 16.52291789650917]",components_mm/base_link__C259.stl,832daf500eb512c66c577f9811d682a83a3e7cdfef9427f1ba53a5f612c78360,3.2782554626464844e-06
base_link__C260,base_link,260,2,small_fragment_or_detail_review,True,True,False,0.027641654014587402,0.03886967897415161,0.0,0.0,"[-98.33899885416031, -8.316777646541595, 16.52291789650917]",components_mm/base_link__C260.stl,f6d6a7e59494d384b88b1aab4a01e11405e20fbada87b490f8496c64ed55da47,2.0265579223632812e-06
base_link__C261,base_link,261,2,small_fragment_or_detail_review,True,True,False,0.09597837924957275,0.09487941861152649,0.0,0.0,"[-98.32832217216492, -7.479874417185783, 16.52291789650917]",components_mm/base_link__C261.stl,0d76c3150b324b904855b7b0656235162b054d7eb8201ccda2bb94dc6dd23aa3,1.4901161193847656e-06
base_link__C262,base_link,262,2,small_fragment_or_detail_review,True,True,False,0.021420419216156006,0.04116445779800415,0.0,0.0,"[-98.32367673516273, -9.004484862089157, 16.52291789650917]",components_mm/base_link__C262.stl,01625e742e59e52e7e0e1e04ce686221829e45508d01dfcc3e8cd84db80ebeb5,1.7881393432617188e-06
base_link__C263,base_link,263,2,small_fragment_or_detail_review,True,True,False,0.026911497116088867,0.03886967897415161,0.0,0.0,"[-98.32336008548737, -8.316777646541595, 16.52291789650917]",components_mm/base_link__C263.stl,12329a487b992a637789aa282fa6d58e6cb98f59e0c12e5f5eca8a0f4de76c6d,1.6689300537109375e-06
base_link__C264,base_link,264,2,small_fragment_or_detail_review,True,True,False,0.026911497116088867,0.0393986701965332,0.0,0.0,"[-98.32336008548737, -8.308712393045425, 16.52291789650917]",components_mm/base_link__C264.stl,ec3f96759d57f20463f769fd88b7e9d8e8433c859250850c16edac7144092ea1,1.6689300537109375e-06
base_link__C265,base_link,265,2,small_fragment_or_detail_review,True,True,False,0.18715113401412964,0.0460892915725708,0.0,0.0,"[-98.31367060542107, -9.217537939548492, 16.52291789650917]",components_mm/base_link__C265.stl,78f2a5fa0fdedbdf346c1d15ce9900ddea90883636898189b546d0b9b3159a46,3.2782554626464844e-06
base_link__C266,base_link,266,2,small_fragment_or_detail_review,True,True,False,0.18715113401412964,0.0456199049949646,0.0,0.0,"[-98.31367060542107, -9.160999208688736, 16.52291789650917]",components_mm/base_link__C266.stl,59eaeb42e65302553c2b66c630cdc292db0c8192d3a705428a3af42923e71cd7,3.2782554626464844e-06
base_link__C267,base_link,267,2,small_fragment_or_detail_review,True,True,False,0.11356920003890991,0.11706352233886719,0.0,0.0,"[-98.30794855952263, -6.9775208830833435, 16.52291789650917]",components_mm/base_link__C267.stl,3c34b13a5b719b6dddb3aa4985c9838e27fb18e496fc3ee6e3db7b97c9dfb27b,3.337860107421875e-06
base_link__C268,base_link,268,2,small_fragment_or_detail_review,True,True,False,0.11356920003890991,0.12394413352012634,0.0,0.0,"[-98.30794855952263, -6.932640448212624, 16.52291789650917]",components_mm/base_link__C268.stl,4c387c7b4540a9fe8b52865885942c15f78601f7281b691bff86b84915cf47f4,3.337860107421875e-06
base_link__C269,base_link,269,2,small_fragment_or_detail_review,True,True,False,0.021047890186309814,0.041350722312927246,0.0,0.0,"[-98.30756112933159, -9.01034101843834, 16.52291789650917]",components_mm/base_link__C269.stl,32990358e2011a79bd8e128fb5872a2cf1b138bf3970651a29e009f54e88c15b,1.9669532775878906e-06
base_link__C270,base_link,270,2,small_fragment_or_detail_review,True,True,False,0.021047890186309814,0.04116445779800415,0.0,0.0,"[-98.30756112933159, -9.004484862089157, 16.52291789650917]",components_mm/base_link__C270.stl,2250d3d8ab1d29b26d10acf6afaeda744a79867e27cb6141e9fde5074fa57315,1.9669532775878906e-06
base_link__C271,base_link,271,2,small_fragment_or_detail_review,True,True,False,0.1332983374595642,0.101480633020401,0.0,0.0,"[-98.30411896109581, -7.522637024521828, 16.52291789650917]",components_mm/base_link__C271.stl,3cbf71ae77e3a732d82b5f079b9329327b401774e84bbd1c7ff04ea54aff0b80,2.7418136596679688e-06
base_link__C272,base_link,272,2,small_fragment_or_detail_review,True,True,False,0.1332983374595642,0.09487941861152649,0.0,0.0,"[-98.30411896109581, -7.479874417185783, 16.52291789650917]",components_mm/base_link__C272.stl,62f1adeda7a809760d1817ca839545f5358e9dc61cc1be8798cdd2b975b97557,2.7418136596679688e-06
base_link__C273,base_link,273,2,small_fragment_or_detail_review,True,True,False,0.022277235984802246,0.042382627725601196,0.0,0.0,"[-98.26923161745071, -8.29777680337429, 16.52291789650917]",components_mm/base_link__C273.stl,92fd5a82c64a1a5c3b93d1877a4117964e238c3e31b6cefdebfb2dceda478a3c,2.384185791015625e-06
base_link__C274,base_link,274,2,small_fragment_or_detail_review,True,True,False,0.021614134311676025,0.042382627725601196,0.0,0.0,"[-98.26209023594856, -8.29777680337429, 16.52291789650917]",components_mm/base_link__C274.stl,385c1ae5cf7a27b9198cad53c246f925b3a54a3543965814c469128493095a52,1.4901161193847656e-06
base_link__C275,base_link,275,2,small_fragment_or_detail_review,True,True,False,0.10515749454498291,0.12394413352012634,0.0,0.0,"[-98.25649857521057, -6.932640448212624, 16.52291789650917]",components_mm/base_link__C275.stl,1f32a67ff576afc844895e323c8a2dfccc74433325b59657d5d493f942b7c4bf,2.9206275939941406e-06
base_link__C276,base_link,276,2,small_fragment_or_detail_review,True,True,False,0.30506402254104614,0.1161918044090271,0.0,0.0,"[-98.25471416115761, -9.26927849650383, 16.52291789650917]",components_mm/base_link__C276.stl,ac7fc972a89e3120e402ad5d5f9bbc76a490094d9e745290baba966ac1b3bf4a,3.2782554626464844e-06
base_link__C277,base_link,277,2,small_fragment_or_detail_review,True,True,False,0.30506402254104614,0.1161918044090271,0.0,0.0,"[-98.25471416115761, -9.11097601056099, 16.52291789650917]",components_mm/base_link__C277.stl,2f9e1ebc613210020827b89cc72f3e85388ee249f46055fc0a77077a87c1218e,3.2782554626464844e-06
base_link__C278,base_link,278,2,small_fragment_or_detail_review,True,True,False,0.009149312973022461,0.041328370571136475,0.0,0.0,"[-98.2535183429718, -8.297078311443329, 16.52291789650917]",components_mm/base_link__C278.stl,475860cf57df5fe125b891beaa36a7fc3a83419d8dd420309af143d5202ff498,3.4570693969726562e-06
base_link__C279,base_link,279,2,small_fragment_or_detail_review,True,True,False,0.1301392912864685,0.024944543838500977,0.0,0.0,"[-98.24834391474724, -6.833255290985107, 16.52291789650917]",components_mm/base_link__C279.stl,d99bfbe4d20aed0031227d86f76231461e2ba92d2a136d95e28add19b609fdce,1.9669532775878906e-06
base_link__C280,base_link,280,2,small_fragment_or_detail_review,True,True,False,0.0076964497566223145,0.04148110747337341,0.0,0.0,"[-98.24743494391441, -8.297154679894447, 16.52291789650917]",components_mm/base_link__C280.stl,e15429cae773f0dd6917be30f09c348a0d62ea6f125f621202a467642e01de3c,3.039836883544922e-06
base_link__C281,base_link,281,2,small_fragment_or_detail_review,True,True,False,0.13416260480880737,0.024940818548202515,0.0,0.0,"[-98.24497625231743, -6.858197972178459, 16.52291789650917]",components_mm/base_link__C281.stl,f7c12150a4b06aaf53af73bc4b3a9ac0a57eb29e2fc761a67493089cfb195a98,8.046627044677734e-07
base_link__C282,base_link,282,2,small_fragment_or_detail_review,True,True,False,0.13416260480880737,0.04692748188972473,0.0,0.0,"[-98.24497625231743, -6.846414878964424, 16.52291789650917]",components_mm/base_link__C282.stl,83b4e1e4351c4f2a38ad48c02033549bd912fc9a7e36f1e8ca6096068d61c8e7,8.046627044677734e-07
base_link__C283,base_link,283,2,small_fragment_or_detail_review,True,True,False,0.13015419244766235,0.07490813732147217,0.0,0.0,"[-98.2428677380085, -6.73709437251091, 16.52291789650917]",components_mm/base_link__C283.stl,06d312c8ef34215433715f4daaf0a001561684d396a4ccfb23ff570a93bc4d34,2.86102294921875e-06
base_link__C284,base_link,284,2,small_fragment_or_detail_review,True,True,False,0.021025538444519043,0.041618943214416504,0.0,0.0,"[-98.23840856552124, -9.014926850795746, 16.52291789650917]",components_mm/base_link__C284.stl,3ef68b511f6dd37257233b4474a62c5f08d00977aa4fa3d9fe5828ffc0df1283,2.9206275939941406e-06
base_link__C285,base_link,285,2,small_fragment_or_detail_review,True,True,False,0.14606863260269165,0.04450976848602295,0.0,0.0,"[-98.23604300618172, -6.892133504152298, 16.52291789650917]",components_mm/base_link__C285.stl,c40ecb40bce98ba441cad8998d538a66673f1c63a895bc83e9e7f8975a2ceec7,2.9206275939941406e-06
base_link__C286,base_link,286,2,small_fragment_or_detail_review,True,True,False,0.018931925296783447,0.04191696643829346,0.0,0.0,"[-98.23526814579964, -9.012628346681595, 16.52291789650917]",components_mm/base_link__C286.stl,04238e82e1979a2adb85b2b7fc1faee197012a88c4526a2adc097fefa213ca11,2.6226043701171875e-06
base_link__C287,base_link,287,2,small_fragment_or_detail_review,True,True,False,0.1583397388458252,0.09104236960411072,0.0,0.0,"[-98.22990745306015, -6.916189566254616, 16.52291789650917]",components_mm/base_link__C287.stl,93986210cc423c47a78b46e7b0d19a17876baaebebfb67d5d1a83a770a3c0d14,3.635883331298828e-06
base_link__C288,base_link,288,2,small_fragment_or_detail_review,True,True,False,0.1583397388458252,0.06723776459693909,0.0,0.0,"[-98.22990745306015, -6.90428726375103, 16.52291789650917]",components_mm/base_link__C288.stl,f28ec9d1daa3e8847b95265a9006d6789e6d210ad00d4b115fd0ff4a519c8620,3.635883331298828e-06
base_link__C289,base_link,289,2,small_fragment_or_detail_review,True,True,False,0.13065338134765625,0.07490813732147217,0.0,0.0,"[-98.22648018598557, -6.73709437251091, 16.52291789650917]",components_mm/base_link__C289.stl,cf3ba9f7a0b0832357b9bf3d7e3edd807fc023c73e2b8b3997624e54ab883838,2.205371856689453e-06
base_link__C290,base_link,290,2,small_fragment_or_detail_review,True,True,False,0.13065338134765625,0.08427724242210388,0.0,0.0,"[-98.22648018598557, -6.685672327876091, 16.52291789650917]",components_mm/base_link__C290.stl,214cc3439daee4de1bc9013d45b9cb05f82725969487c5ceff838e63704166d4,2.205371856689453e-06
base_link__C291,base_link,291,2,small_fragment_or_detail_review,True,True,False,0.019319355487823486,0.04191696643829346,0.0,0.0,"[-98.21823611855507, -9.012628346681595, 16.52291789650917]",components_mm/base_link__C291.stl,7870d0af5f1a61952f1ddb410073c0996767533328dc0b5d1323a0883016775d,3.5762786865234375e-06
base_link__C292,base_link,292,2,small_fragment_or_detail_review,True,True,False,0.022158026695251465,0.04260241985321045,0.0,0.0,"[-98.19550812244415, -8.308462798595428, 16.52291789650917]",components_mm/base_link__C292.stl,9b8dbfd404bedecda6f2f20ac98884fa5cfc50ebdd08bf90ffcd87a466776a37,3.7550926208496094e-06
base_link__C293,base_link,293,2,small_fragment_or_detail_review,True,True,False,0.022158026695251465,0.04250183701515198,0.0,0.0,"[-98.19550812244415, -8.30254890024662, 16.52291789650917]",components_mm/base_link__C293.stl,fec180d75ee6c2ff079f944841cd73485364f6beeba3b7bd302a0e5c02af8988,3.7550926208496094e-06
base_link__C294,base_link,294,2,small_fragment_or_detail_review,True,True,False,0.09419769048690796,0.11489167809486389,0.0,0.0,"[-98.18154200911522, -6.6287945955991745, 16.52291789650917]",components_mm/base_link__C294.stl,4cb83e9e670efee8aaae541bd481730615e9b963484e74b5102db0544b7a930b,3.159046173095703e-06
base_link__C295,base_link,295,2,small_fragment_or_detail_review,True,True,False,0.02390146255493164,0.04260241985321045,0.0,0.0,"[-98.17898273468018, -8.308462798595428, 16.52291789650917]",components_mm/base_link__C295.stl,9779beb984267e9e7f766d03b04ffa9e5fbfc2ea955ee3e328a8416190f78a0a,1.6689300537109375e-06
base_link__C296,base_link,296,2,small_fragment_or_detail_review,True,True,False,0.13740360736846924,0.039383769035339355,0.0,0.0,"[-98.17088395357132, -8.585572242736816, 16.52291789650917]",components_mm/base_link__C296.stl,33a0c26a3448ac252fe8d86a270a93f5658192ba36239f1e5b89a61b6b3a5b63,1.6689300537109375e-06
base_link__C297,base_link,297,2,small_fragment_or_detail_review,True,True,False,0.03568828105926514,0.030785799026489258,0.0,0.0,"[-98.16276282072067, -8.987754583358765, 16.52291789650917]",components_mm/base_link__C297.stl,e00fa80be28fe44a9f179d8172f622ffd9a41bd05e61879f6568f5ed9e483d28,3.6954879760742188e-06
base_link__C298,base_link,298,2,small_fragment_or_detail_review,True,True,False,0.03568828105926514,0.027995556592941284,0.0,0.0,"[-98.16276282072067, -8.975951001048088, 16.52291789650917]",components_mm/base_link__C298.stl,32798f3adbc6df4ef8d90dcf3ed0e4378ebc562694c30bd7919589172cb63f0f,3.6954879760742188e-06
base_link__C299,base_link,299,2,small_fragment_or_detail_review,True,True,False,0.025756657123565674,0.027995556592941284,0.0,0.0,"[-98.1559045612812, -8.975951001048088, 16.52291789650917]",components_mm/base_link__C299.stl,92d341db661b7a4735757edaa328ef3f083e15adb6711218820b980602a18606,2.205371856689453e-06
base_link__C300,base_link,300,2,small_fragment_or_detail_review,True,True,False,0.025756657123565674,0.029921531677246094,0.0,0.0,"[-98.1559045612812, -8.97291675209999, 16.52291789650917]",components_mm/base_link__C300.stl,cadff3b31f38b78e64116d5f699a5301cd6587507a0499f4af8e66a88b0184da,2.205371856689453e-06
base_link__C301,base_link,301,2,small_fragment_or_detail_review,True,True,False,0.11000782251358032,0.11489167809486389,0.0,0.0,"[-98.15429523587227, -6.6287945955991745, 16.52291789650917]",components_mm/base_link__C301.stl,9657954703bfc57675ae9b1ec40a3762e573cf5eb39ae19a5f2c3a03aaa2998d,2.384185791015625e-06
base_link__C302,base_link,302,2,small_fragment_or_detail_review,True,True,False,0.11000782251358032,0.11994689702987671,0.0,0.0,"[-98.15429523587227, -6.591878831386566, 16.52291789650917]",components_mm/base_link__C302.stl,75fff43f10283679627e6628d6fab6a0d57f87bff630a4c57e40f51b589b9e9a,2.384185791015625e-06
base_link__C303,base_link,303,2,small_fragment_or_detail_review,True,True,False,0.0336766242980957,0.029921531677246094,0.0,0.0,"[-98.14823418855667, -8.97291675209999, 16.52291789650917]",components_mm/base_link__C303.stl,134fcfb2ee73ba30ad88eb7bc794f2d53d083e8cc7c03ed29715608fbbe626cb,2.9206275939941406e-06
base_link__C304,base_link,304,2,small_fragment_or_detail_review,True,True,False,0.0336766242980957,0.028230249881744385,0.0,0.0,"[-98.14823418855667, -8.95913690328598, 16.52291789650917]",components_mm/base_link__C304.stl,5325073154010c3cb9e756f45a3b6d57815bc95dafb33af2513a2393f2a24bdf,2.9206275939941406e-06
base_link__C305,base_link,305,2,small_fragment_or_detail_review,True,True,False,0.11712312698364258,0.10627880692481995,0.0,0.0,"[-98.14640134572983, -7.585348561406136, 16.52291789650917]",components_mm/base_link__C305.stl,b0499e018d9ba2a36058b018e43ecbbf5b5ad8e56659725b4a1b947555fbb4c7,2.562999725341797e-06
base_link__C306,base_link,306,2,small_fragment_or_detail_review,True,True,False,0.11712312698364258,0.11483952403068542,0.0,0.0,"[-98.14640134572983, -7.581068202853203, 16.52291789650917]",components_mm/base_link__C306.stl,9fdbb3d172edb219a21b9076fe92b4d44505043c7a6a6a34d2e0ec8e2b193ecf,2.562999725341797e-06
base_link__C307,base_link,307,2,small_fragment_or_detail_review,True,True,False,0.08343905210494995,0.07462874054908752,0.0,0.0,"[-98.14390167593956, -9.2900600284338, 16.52291789650917]",components_mm/base_link__C307.stl,621a8c7d143de7a72215eb32d168de9f5a215eab480eaa178331fe195ae69dff,1.9669532775878906e-06
base_link__C308,base_link,308,2,small_fragment_or_detail_review,True,True,False,0.08343905210494995,0.07283315062522888,0.0,0.0,"[-98.14390167593956, -9.08929668366909, 16.52291789650917]",components_mm/base_link__C308.stl,11c11640ceff8cdc9d4fe1d07c8cc07f7d542371faeaaea07043e936e92968be,1.9669532775878906e-06
base_link__C309,base_link,309,2,small_fragment_or_detail_review,True,True,False,0.12247264385223389,0.08892640471458435,0.0,0.0,"[-98.14372658729553, -7.594024762511253, 16.52291789650917]",components_mm/base_link__C309.stl,ceb8c6c783bb31e3d0c63d6bf8b37deefbe34e35c5dd21af0de647512fbfe86f,1.2516975402832031e-06
base_link__C310,base_link,310,2,small_fragment_or_detail_review,True,True,False,0.034227967262268066,0.028230249881744385,0.0,0.0,"[-98.13832491636276, -8.95913690328598, 16.52291789650917]",components_mm/base_link__C310.stl,aad46954097693b1039c1bec2e0612e4fe9e9c85585a79f1bd1bb6b8ed6ed2c4,2.7418136596679688e-06
base_link__C311,base_link,311,2,small_fragment_or_detail_review,True,True,False,0.03774464130401611,0.016130506992340088,0.0,0.0,"[-98.13369065523148, -8.496757596731186, 16.52291789650917]",components_mm/base_link__C311.stl,80aef9d767efccbc841b4075c0d2131b42fc6bc281c8c30db2f3b2181d942106,3.5762786865234375e-06
base_link__C312,base_link,312,2,small_fragment_or_detail_review,True,True,False,0.12540817260742188,0.09194016456604004,0.0,0.0,"[-98.12997281551361, -7.676307111978531, 16.52291789650917]",components_mm/base_link__C312.stl,aa4e0f38c9fe7fb1f923420859d1f883e845c1f7e2f2e217038d0b6fbf1d36ac,3.4570693969726562e-06
base_link__C313,base_link,313,2,small_fragment_or_detail_review,True,True,False,0.036269426345825195,0.018186867237091064,0.0,0.0,"[-98.1152206659317, -8.41696560382843, 16.52291789650917]",components_mm/base_link__C313.stl,c7322286f61d1f785196116e6944a5db892593d49597e07c2f29b98045c280df,1.9073486328125e-06
base_link__C314,base_link,314,2,small_fragment_or_detail_review,True,True,False,0.036269426345825195,0.020187348127365112,0.0,0.0,"[-98.1152206659317, -8.405691012740135, 16.52291789650917]",components_mm/base_link__C314.stl,09161d34eef8f4ef5092b5cbadd789906839c40b0a701b73d489072c720528b0,1.9073486328125e-06
base_link__C315,base_link,315,2,small_fragment_or_detail_review,True,True,False,0.03509223461151123,0.010274350643157959,0.0,0.0,"[-98.11457991600037, -8.420921862125397, 16.52291789650917]",components_mm/base_link__C315.stl,aafa2e23d7d67481ca0ca01de8bdd579a4c1994c59079857283d832e739925ca,3.159046173095703e-06
base_link__C316,base_link,316,2,small_fragment_or_detail_review,True,True,False,0.1209154725074768,0.10247528553009033,0.0,0.0,"[-98.10307994484901, -7.715795189142227, 16.52291789650917]",components_mm/base_link__C316.stl,e6245afeff2c1d64df0118ee83aeaef8c4be813c6c8a22d8e39e1cafa76c24eb,3.2186508178710938e-06
base_link__C317,base_link,317,2,small_fragment_or_detail_review,True,True,False,0.1209154725074768,0.09194016456604004,0.0,0.0,"[-98.10307994484901, -7.676307111978531, 16.52291789650917]",components_mm/base_link__C317.stl,5b76fd66ec808308221f2a789b367985a72ee3719d6c933f327f8674c30cb5b4,3.2186508178710938e-06
base_link__C318,base_link,318,2,small_fragment_or_detail_review,True,True,False,0.06183981895446777,0.14100968837738037,0.0,0.0,"[-98.01960736513138, -6.540920585393906, 16.52291789650917]",components_mm/base_link__C318.stl,eccf3e892b203171a6767bee117c2f005d971166f724afce813746f4bf90929c,2.205371856689453e-06
base_link__C319,base_link,319,2,small_fragment_or_detail_review,True,True,False,0.04793703556060791,0.14100968837738037,0.0,0.0,"[-97.99034148454666, -6.540920585393906, 16.52291789650917]",components_mm/base_link__C319.stl,9107d3247b03f47db21c4d043f1cd9630a44b49b6243ad4165e445559d857163,3.337860107421875e-06
base_link__C320,base_link,320,2,small_fragment_or_detail_review,True,True,False,0.026650726795196533,0.13664737343788147,0.0,0.0,"[-97.97536209225655, -6.537729874253273, 16.52291789650917]",components_mm/base_link__C320.stl,5e52d1ab95c7323226ea2354907de6bfc3e79f3365881625ece06ce599882241,1.8477439880371094e-06
base_link__C321,base_link,321,2,small_fragment_or_detail_review,True,True,False,0.007033348083496094,0.1367628574371338,0.0,0.0,"[-97.96285629272461, -6.537787616252899, 16.52291789650917]",components_mm/base_link__C321.stl,b8b4030bfb4c1ff77257bf3e23badb37a6d2d8eba0f83e052a5438ee12f86e04,3.337860107421875e-06
base_link__C322,base_link,322,2,small_fragment_or_detail_review,True,True,False,0.035159289836883545,0.005129724740982056,0.0,0.0,"[-97.9057140648365, -9.257650002837181, 16.52291789650917]",components_mm/base_link__C322.stl,4d6b482f9eeae828b58f0533ef5738176d66940bd1016e46fcf84c0816407e2c,3.3974647521972656e-06
base_link__C323,base_link,323,2,small_fragment_or_detail_review,True,True,False,0.03898888826370239,0.04211068153381348,0.0,0.0,"[-97.90379926562309, -9.572159498929977, 16.52291789650917]",components_mm/base_link__C323.stl,a9fab5fcfb722e0b3666579cda0073662e126f8680872b631e3141c12d499566,3.039836883544922e-06
base_link__C324,base_link,324,2,small_fragment_or_detail_review,True,True,False,0.051252543926239014,0.019729137420654297,0.0,0.0,"[-97.89766743779182, -9.560968726873398, 16.52291789650917]",components_mm/base_link__C324.stl,971d0ff47066644b71f47fd329a8fe3659423d8cc5f93243c6e5b7bece063e92,1.3709068298339844e-06
base_link__C325,base_link,325,2,small_fragment_or_detail_review,True,True,False,0.05190074443817139,0.02238154411315918,0.0,0.0,"[-97.89734333753586, -9.582024067640305, 16.52291789650917]",components_mm/base_link__C325.stl,566cd7ede16b8fa19381fbab10214dec6c7aab37b4f02ca725a817ad2d720493,1.6689300537109375e-06
base_link__C326,base_link,326,2,small_fragment_or_detail_review,True,True,False,0.03597140312194824,0.024031847715377808,0.0,0.0,"[-97.89502620697021, -9.327011182904243, 16.52291789650917]",components_mm/base_link__C326.stl,ebba738bc7e8a8f0285d83fe60a575fe206da4230fa61b144db0fc08410f65f6,3.4570693969726562e-06
base_link__C327,base_link,327,2,small_fragment_or_detail_review,True,True,False,0.06035715341567993,0.018980354070663452,0.0,0.0,"[-97.8931151330471, -9.583724662661552, 16.52291789650917]",components_mm/base_link__C327.stl,254b287087f34e419c36583da53ddb5f1a8bbfadcf49c860c5d1bcac8ccc97ce,1.3709068298339844e-06
base_link__C328,base_link,328,2,small_fragment_or_detail_review,True,True,False,0.06035715341567993,0.01738220453262329,0.0,0.0,"[-97.8931151330471, -9.559795260429382, 16.52291789650917]",components_mm/base_link__C328.stl,d0e1e9c0f3cd291fab9cf9c825899a78ed15f9d40310133d71055d40b0ec2531,1.3709068298339844e-06
base_link__C329,base_link,329,2,small_fragment_or_detail_review,True,True,False,0.0359266996383667,0.026319175958633423,0.0,0.0,"[-97.88725525140762, -9.342970326542854, 16.52291789650917]",components_mm/base_link__C329.stl,3beeeec6781e97ff43f87e139613dcf68d3147db222eb0b121c6f3fc4c508a87,1.430511474609375e-06
base_link__C330,base_link,330,2,small_fragment_or_detail_review,True,True,False,0.0359266996383667,0.024031847715377808,0.0,0.0,"[-97.88725525140762, -9.327011182904243, 16.52291789650917]",components_mm/base_link__C330.stl,df9891c4a57044479f228e87b3b882e9adbc929d0bfe06301d54d8f882e7502c,1.430511474609375e-06
base_link__C331,base_link,331,2,small_fragment_or_detail_review,True,True,False,0.07321685552597046,0.1390501856803894,0.0,0.0,"[-97.87759557366371, -6.560530513525009, 16.52291789650917]",components_mm/base_link__C331.stl,13971454ccf8d502917eed07c79ffd7a556f5aac4020721000d59b13f3cedf44,3.4570693969726562e-06
base_link__C332,base_link,332,2,small_fragment_or_detail_review,True,True,False,0.07321685552597046,0.1375637948513031,0.0,0.0,"[-97.87759557366371, -6.543667986989021, 16.52291789650917]",components_mm/base_link__C332.stl,89c3e6fc7c11436a3247247d09f02ce726c65ccb908c814390db851a33cc186b,3.4570693969726562e-06
base_link__C333,base_link,333,2,small_fragment_or_detail_review,True,True,False,0.13272464275360107,0.039380043745040894,0.0,0.0,"[-97.85693138837814, -8.967606350779533, 16.52291789650917]",components_mm/base_link__C333.stl,d2a7db7c76efe8d42e20fa9dfc1f01062533d76e77b040296ec650e5962442b1,3.5762786865234375e-06
base_link__C334,base_link,334,2,small_fragment_or_detail_review,True,True,False,0.13272464275360107,0.039380043745040894,0.0,0.0,"[-97.85693138837814, -8.122751489281654, 16.52291789650917]",components_mm/base_link__C334.stl,ad959026a934fa4e9ea2569a6ae545d61dbaaae975b1f00dd395cee9b0613311,3.5762786865234375e-06
base_link__C335,base_link,335,2,small_fragment_or_detail_review,True,True,False,0.06458163261413574,0.1350119709968567,0.0,0.0,"[-97.84354269504547, -7.780887186527252, 16.52291789650917]",components_mm/base_link__C335.stl,7b64a2cdb1133ffe39641228a78f40b9ae31db4a3ec1541be0887ad51f8c668a,3.0994415283203125e-06
base_link__C336,base_link,336,2,small_fragment_or_detail_review,True,True,False,0.06458163261413574,0.13482198119163513,0.0,0.0,"[-97.84354269504547, -7.765499874949455, 16.52291789650917]",components_mm/base_link__C336.stl,bf70184d5a0580c1a08126e05aac9cdf0b1a8313c4617f9ed6460134994baf35,3.0994415283203125e-06
base_link__C337,base_link,337,2,small_fragment_or_detail_review,True,True,False,0.021420419216156006,0.04116818308830261,0.0,0.0,"[-97.83972427248955, -9.386518970131874, 16.52291789650917]",components_mm/base_link__C337.stl,2f101a6197c59d4d03cbc10897ed6d664e68d20cfcd5c8eb887318824c07f6ea,3.5762786865234375e-06
base_link__C338,base_link,338,2,small_fragment_or_detail_review,True,True,False,0.18715858459472656,0.0460892915725708,0.0,0.0,"[-97.82971441745758, -9.59957018494606, 16.52291789650917]",components_mm/base_link__C338.stl,2746003f73fea94da40206fbe5a3af328dd08ab3c8991f7845da6dd0e41e2501,2.2649765014648438e-06
base_link__C339,base_link,339,2,small_fragment_or_detail_review,True,True,False,0.18715858459472656,0.0456199049949646,0.0,0.0,"[-97.82971441745758, -9.543035179376602, 16.52291789650917]",components_mm/base_link__C339.stl,b39b40a22fec35c72003c2dcd52c3cc50d888ce6b3cd06ab9a6c9635a1eb59d6,2.2649765014648438e-06
base_link__C340,base_link,340,2,small_fragment_or_detail_review,True,True,False,0.08318573236465454,0.1390501856803894,0.0,0.0,"[-97.82600775361061, -6.560530513525009, 16.52291789650917]",components_mm/base_link__C340.stl,1fe250be53be7154c7a95b8818657cb23fdd2f53fa766ec74d8f0bd16393ce58,1.3113021850585938e-06
base_link__C341,base_link,341,2,small_fragment_or_detail_review,True,True,False,0.03170222043991089,0.015344470739364624,0.0,0.0,"[-97.8250540792942, -8.631313219666481, 16.52291789650917]",components_mm/base_link__C341.stl,b3bc8befa3424a5769d8dc7cd655f979f6e252eb2a2d25a9e8bd38df8f97e149,1.1324882507324219e-06
base_link__C342,base_link,342,2,small_fragment_or_detail_review,True,True,False,0.021047890186309814,0.04135444760322571,0.0,0.0,"[-97.8236086666584, -9.392375126481056, 16.52291789650917]",components_mm/base_link__C342.stl,a0217b7bf50dc7a33b84fc12052f67a4f92d3d7bd6a84bcccbdacf7893ed06dc,3.2782554626464844e-06
base_link__C343,base_link,343,2,small_fragment_or_detail_review,True,True,False,0.021047890186309814,0.04116818308830261,0.0,0.0,"[-97.8236086666584, -9.386518970131874, 16.52291789650917]",components_mm/base_link__C343.stl,c3f5a7e376c39536246a8174a0f02c68399699520e1ae60d3b2f689394f808bb,3.2782554626464844e-06
base_link__C344,base_link,344,2,small_fragment_or_detail_review,True,True,False,0.03267824649810791,0.014457851648330688,0.0,0.0,"[-97.82297909259796, -8.646214380860329, 16.52291789650917]",components_mm/base_link__C344.stl,bd6fd238f499930c478f79e2d20de865255d5cc85ae1786080babbd1c1f11512,8.940696716308594e-07
base_link__C345,base_link,345,2,small_fragment_or_detail_review,True,True,False,0.03267824649810791,0.013295561075210571,0.0,0.0,"[-97.82297909259796, -8.632613345980644, 16.52291789650917]",components_mm/base_link__C345.stl,ea56827f31348edeaac6c82c26047463ed59c5c7f3ec2f4049e1ef0b9323e291,8.940696716308594e-07
base_link__C346,base_link,346,2,small_fragment_or_detail_review,True,True,False,0.03112107515335083,0.025935471057891846,0.0,0.0,"[-97.8185273706913, -8.435714989900589, 16.52291789650917]",components_mm/base_link__C346.stl,59b082ed8af99c59a30b9059183f47813d80fb508b6ee5c8110f85c360ad871b,3.5762786865234375e-06
base_link__C347,base_link,347,2,small_fragment_or_detail_review,True,True,False,0.03473460674285889,0.015586614608764648,0.0,0.0,"[-97.81406074762344, -8.659467101097107, 16.52291789650917]",components_mm/base_link__C347.stl,3340c053567b875dc749a898f15fbd9864ba63d02d6655933bffbc8b5dd25973,1.5497207641601562e-06
base_link__C348,base_link,348,2,small_fragment_or_detail_review,True,True,False,0.031381845474243164,0.028114765882492065,0.0,0.0,"[-97.81337529420853, -8.442757651209831, 16.52291789650917]",components_mm/base_link__C348.stl,854948cfbc757afc3a79b29175b25773b2b1d8635194faf49541ded90eca2c4a,2.8014183044433594e-06
base_link__C349,base_link,349,2,small_fragment_or_detail_review,True,True,False,0.031381845474243164,0.025935471057891846,0.0,0.0,"[-97.81337529420853, -8.435714989900589, 16.52291789650917]",components_mm/base_link__C349.stl,8c92b5e87a0f38839459280b73b543b7b8749b75721a65bd41039194b502b2ff,2.8014183044433594e-06
base_link__C350,base_link,350,2,small_fragment_or_detail_review,True,True,False,0.03711879253387451,0.00391155481338501,0.0,0.0,"[-97.81286865472794, -8.665304630994797, 16.52291789650917]",components_mm/base_link__C350.stl,a2856fc939f372a9faf93c6d5c30aa3cf91c2dc302c6485250f065babaf71b6c,2.2649765014648438e-06
base_link__C351,base_link,351,2,small_fragment_or_detail_review,True,True,False,0.025227665901184082,0.03080815076828003,0.0,0.0,"[-97.81117737293243, -8.562225848436356, 16.52291789650917]",components_mm/base_link__C351.stl,67b218d2ee22490e4f84d5972847fa53bb3ea258f2723a3d890bcfc306d7eea0,2.4437904357910156e-06
base_link__C352,base_link,352,2,small_fragment_or_detail_review,True,True,False,0.025033950805664062,0.03110244870185852,0.0,0.0,"[-97.81020134687424, -8.444251492619514, 16.52291789650917]",components_mm/base_link__C352.stl,97830bf25e0872542b1a2e10a23052c8056c9cf94086fc5cbf09f9b484de5a80,2.562999725341797e-06
base_link__C353,base_link,353,2,small_fragment_or_detail_review,True,True,False,0.026047229766845703,0.03448501229286194,0.0,0.0,"[-97.80667722225189, -8.449045941233635, 16.52291789650917]",components_mm/base_link__C353.stl,d92937961895de24a466ff13e354ed602bd1e42be38f4c1341fb3e93ba198ffc,1.7881393432617188e-06
base_link__C354,base_link,354,2,small_fragment_or_detail_review,True,True,False,0.026047229766845703,0.03110244870185852,0.0,0.0,"[-97.80667722225189, -8.444251492619514, 16.52291789650917]",components_mm/base_link__C354.stl,a975846aa2cf42ca4d9bd97114acea48cba04d4ec3d29b93517390161ebacb9b,1.7881393432617188e-06
base_link__C355,base_link,355,2,small_fragment_or_detail_review,True,True,False,0.02323836088180542,0.03080815076828003,0.0,0.0,"[-97.80504927039146, -8.562225848436356, 16.52291789650917]",components_mm/base_link__C355.stl,fa9e910147dfb27c10bdff0961667b547e128c199b935fcb42344d3ccdce0f53,3.5762786865234375e-06
base_link__C356,base_link,356,2,small_fragment_or_detail_review,True,True,False,0.02323836088180542,0.03335252404212952,0.0,0.0,"[-97.80504927039146, -8.556867018342018, 16.52291789650917]",components_mm/base_link__C356.stl,1582b6ef65cd70f5bb1d8726a8a671243d31a2a0d4035a42de109dae6233c31e,3.5762786865234375e-06
base_link__C357,base_link,357,2,small_fragment_or_detail_review,True,True,False,0.03711879253387451,0.012762844562530518,0.0,0.0,"[-97.80226647853851, -8.331377059221268, 16.52291789650917]",components_mm/base_link__C357.stl,66fae070b9537a8834770492dffc6c470c31d72de7b14e578941d935616e11d6,2.205371856689453e-06
base_link__C358,base_link,358,2,small_fragment_or_detail_review,True,True,False,0.07646530866622925,0.13482198119163513,0.0,0.0,"[-97.79862686991692, -7.765499874949455, 16.52291789650917]",components_mm/base_link__C358.stl,d05607a632da3f67be3bde4752696badc1052610bd9df8f7c8e2082c73d21320,2.9802322387695312e-06
base_link__C359,base_link,359,2,small_fragment_or_detail_review,True,True,False,0.012919306755065918,0.03862753510475159,0.0,0.0,"[-97.79392927885056, -8.551707491278648, 16.52291789650917]",components_mm/base_link__C359.stl,55ba5e01e43541d34576a2e4369bb7e95862b8208935e9e49b803e6b171b5b07,3.2186508178710938e-06
base_link__C360,base_link,360,2,small_fragment_or_detail_review,True,True,False,0.010639429092407227,0.03862753510475159,0.0,0.0,"[-97.7860614657402, -8.551707491278648, 16.52291789650917]",components_mm/base_link__C360.stl,3f6388ec6c0e418689d5169868cbfccf213790c971b974e80077ba7909a005bc,2.9206275939941406e-06
base_link__C361,base_link,361,2,small_fragment_or_detail_review,True,True,False,0.010639429092407227,0.0392422080039978,0.0,0.0,"[-97.7860614657402, -8.550550788640976, 16.52291789650917]",components_mm/base_link__C361.stl,e6dd045a2b7582636cf6350fcb93ca0fdd4543e4db7558e7bf3409167e9564ea,2.9206275939941406e-06
base_link__C362,base_link,362,2,small_fragment_or_detail_review,True,True,False,0.10082870721817017,0.13304129242897034,0.0,0.0,"[-97.77603670954704, -6.627025082707405, 16.52291789650917]",components_mm/base_link__C362.stl,1126d346513cf7e2eb550647fcd69c9f7617f1a4bb6596261566446893b35de3,3.0994415283203125e-06
base_link__C363,base_link,363,2,small_fragment_or_detail_review,True,True,False,0.10082870721817017,0.10608881711959839,0.0,0.0,"[-97.77603670954704, -6.604544818401337, 16.52291789650917]",components_mm/base_link__C363.stl,0d879b77c8a41adea64d907c24b30a07ce72dcc9d00db850cbb2a35b1e5e6051,3.0994415283203125e-06
base_link__C364,base_link,364,2,small_fragment_or_detail_review,True,True,False,0.01150369644165039,0.03990530967712402,0.0,0.0,"[-97.77218848466873, -8.551597595214844, 16.52291789650917]",components_mm/base_link__C364.stl,a769f2a6b3d67c858011275db6fa2b07183d652c32f22ef22495da3f6204a9c4,2.9206275939941406e-06
base_link__C365,base_link,365,2,small_fragment_or_detail_review,True,True,False,0.01150369644165039,0.039480626583099365,0.0,0.0,"[-97.77218848466873, -8.550532162189484, 16.52291789650917]",components_mm/base_link__C365.stl,f639a7828a8636c9913643832c593f9c6e05a508cc072506a35e354b8d8f1223,2.9206275939941406e-06
base_link__C366,base_link,366,2,small_fragment_or_detail_review,True,True,False,0.30506402254104614,0.1161918044090271,0.0,0.0,"[-97.77076169848442, -9.651310741901398, 16.52291789650917]",components_mm/base_link__C366.stl,b9a875b9c8cd81872ea39c1e6d17920614d64d9dfbb42fa9c47cb197dc0afc0f,3.039836883544922e-06
base_link__C367,base_link,367,2,small_fragment_or_detail_review,True,True,False,0.30506402254104614,0.1161918044090271,0.0,0.0,"[-97.77076169848442, -9.493008255958557, 16.52291789650917]",components_mm/base_link__C367.stl,887493d3b17cfe7bd2c9924df8ef45966c6c2f597291b9ffd1d6e5731201d0c6,3.039836883544922e-06
base_link__C368,base_link,368,2,small_fragment_or_detail_review,True,True,False,0.01843273639678955,0.03760680556297302,0.0,0.0,"[-97.76593744754791, -8.459078148007393, 16.52291789650917]",components_mm/base_link__C368.stl,0cb233814bb0ed669be96de6a45da3eeb967f19ca42a7b094c3bec30f2fdd313,8.046627044677734e-07
base_link__C369,base_link,369,2,small_fragment_or_detail_review,True,True,False,0.014565885066986084,0.03990530967712402,0.0,0.0,"[-97.76382520794868, -8.551597595214844, 16.52291789650917]",components_mm/base_link__C369.stl,45de696b92d20b377d289ab1f97b3a544c9406532c4dae04903a24f418a25adf,3.7550926208496094e-06
base_link__C370,base_link,370,2,small_fragment_or_detail_review,True,True,False,0.02326071262359619,0.03602728247642517,0.0,0.0,"[-97.75947779417038, -8.556278422474861, 16.52291789650917]",components_mm/base_link__C370.stl,25231c6293d918d5eb3202eaddf6c1bdfb9665aac4c410a00fc0878ea8a11e1f,2.384185791015625e-06
base_link__C371,base_link,371,2,small_fragment_or_detail_review,True,True,False,0.02326071262359619,0.037364661693573,0.0,0.0,"[-97.75947779417038, -8.55286791920662, 16.52291789650917]",components_mm/base_link__C371.stl,b3449f0ed7fe799ffdda0998759588b26e45a8240d46d2305d528e040203b73c,2.384185791015625e-06
base_link__C372,base_link,372,2,small_fragment_or_detail_review,True,True,False,0.021032989025115967,0.04161521792411804,0.0,0.0,"[-97.75445237755775, -9.396960958838463, 16.52291789650917]",components_mm/base_link__C372.stl,0f7dd16c1495cf0f3ab9c8a25f9b50a9450f4b8d677ff4b50456bc937658e8b7,1.2516975402832031e-06
base_link__C373,base_link,373,2,small_fragment_or_detail_review,True,True,False,0.022456049919128418,0.03602728247642517,0.0,0.0,"[-97.75406867265701, -8.556278422474861, 16.52291789650917]",components_mm/base_link__C373.stl,e401d2eaa2a9b07e6bb6959509ee00b71840763282066b73663b7bcd1b3fcaf4,2.9802322387695312e-06
base_link__C374,base_link,374,2,small_fragment_or_detail_review,True,True,False,0.018931925296783447,0.04191696643829346,0.0,0.0,"[-97.75131568312645, -9.394660592079163, 16.52291789650917]",components_mm/base_link__C374.stl,d85074e56a34f8ca6ab826aa3d26ed8e05b0e81f31844aa3077dce182f7f1473,2.086162567138672e-06
base_link__C375,base_link,375,2,small_fragment_or_detail_review,True,True,False,0.02857297658920288,0.031109899282455444,0.0,0.0,"[-97.75101020932198, -8.562961593270302, 16.52291789650917]",components_mm/base_link__C375.stl,80184a1130aeee54d2dbdc9969a9a20434056741096387ced8c9175e8f626a02,1.1324882507324219e-06
base_link__C376,base_link,376,2,small_fragment_or_detail_review,True,True,False,0.02857297658920288,0.03266334533691406,0.0,0.0,"[-97.75101020932198, -8.557960391044617, 16.52291789650917]",components_mm/base_link__C376.stl,636f1fa0a371e9da96c7c9a0a6caaffa8cafdcdf4f95bd232e08dcfa521360a1,1.1324882507324219e-06
base_link__C377,base_link,377,2,small_fragment_or_detail_review,True,True,False,0.030025839805603027,0.031109899282455444,0.0,0.0,"[-97.74545580148697, -8.562961593270302, 16.52291789650917]",components_mm/base_link__C377.stl,f0d35380395d1694307e0d080742f7e2f8a25190045de83bea2e2cab7737f94e,2.9802322387695312e-06
base_link__C378,base_link,378,2,small_fragment_or_detail_review,True,True,False,0.10944902896881104,0.13304129242897034,0.0,0.0,"[-97.737617790699, -6.627025082707405, 16.52291789650917]",components_mm/base_link__C378.stl,2b0ba90bf6cd2173a045b31d8b5d9a9dbbb1f491f8cc3986b2d1be0587a7f269,1.430511474609375e-06
base_link__C379,base_link,379,2,small_fragment_or_detail_review,True,True,False,0.019319355487823486,0.04191696643829346,0.0,0.0,"[-97.73427620530128, -9.394660592079163, 16.52291789650917]",components_mm/base_link__C379.stl,5674f5b53b801fa210a821c8581667aa8958aa16dcecc98d662ae6d1cd78508b,1.2516975402832031e-06
base_link__C380,base_link,380,2,small_fragment_or_detail_review,True,True,False,0.03703683614730835,0.009059906005859375,0.0,0.0,"[-97.73251041769981, -8.589513599872589, 16.52291789650917]",components_mm/base_link__C380.stl,55ba280d76a53a7e395535a14480032c908bae9d6c67526f73a220b6f493b780,2.7418136596679688e-06
base_link__C381,base_link,381,2,small_fragment_or_detail_review,True,True,False,0.057481229305267334,0.03840029239654541,0.0,0.0,"[-97.72970154881477, -8.459575474262238, 16.52291789650917]",components_mm/base_link__C381.stl,4712e7f58c94d9339df061d5c294c79927811fe4b4c38cd1d8d3767a37c5985c,3.5762786865234375e-06
base_link__C382,base_link,382,2,small_fragment_or_detail_review,True,True,False,0.06861984729766846,0.04001706838607788,0.0,0.0,"[-97.72413223981857, -8.458767086267471, 16.52291789650917]",components_mm/base_link__C382.stl,8fe06bc6ec7f6a49f2292ab947caa50570fadb24bd4940b17959e1129e8d3268,3.5762786865234375e-06
base_link__C383,base_link,383,2,small_fragment_or_detail_review,True,True,False,0.03679841756820679,0.024273991584777832,0.0,0.0,"[-97.7233536541462, -8.622787892818451, 16.52291789650917]",components_mm/base_link__C383.stl,6aa1ca4ed76138ba0646aeba1869b81c03c556ea18192f49d892fc9ea60661bb,1.6093254089355469e-06
base_link__C384,base_link,384,2,small_fragment_or_detail_review,True,True,False,0.14246255159378052,0.07703900337219238,0.0,0.0,"[-97.72111102938652, -6.697673350572586, 16.52291789650917]",components_mm/base_link__C384.stl,03784805399ba9c8c273c39bf0938d06db979037037e1eb1ea05e1bd53bcd4fc,8.344650268554688e-07
base_link__C385,base_link,385,2,small_fragment_or_detail_review,True,True,False,0.14246255159378052,0.08649379014968872,0.0,0.0,"[-97.72111102938652, -6.650298833847046, 16.52291789650917]",components_mm/base_link__C385.stl,570257a79157c4f165ae188c14ec865e199f2543e21d9eb734d4f2c99380c0cf,8.344650268554688e-07
base_link__C386,base_link,386,2,small_fragment_or_detail_review,True,True,False,0.1273900270462036,0.09251758456230164,0.0,0.0,"[-97.71177917718887, -7.687309756875038, 16.52291789650917]",components_mm/base_link__C386.stl,6ba8662daaf0389ebc6f65b0a50131ec3bb1386e9826a6bb2ed7f109d60f9166,2.384185791015625e-06
base_link__C387,base_link,387,2,small_fragment_or_detail_review,True,True,False,0.1273900270462036,0.08323416113853455,0.0,0.0,"[-97.71177917718887, -7.643243297934532, 16.52291789650917]",components_mm/base_link__C387.stl,bb9b73b7b631829bc2b1e028d0cf26fef377b7c5108cbaafddcf50528ebca57e,2.384185791015625e-06
base_link__C388,base_link,388,2,small_fragment_or_detail_review,True,True,False,0.020109117031097412,0.035274773836135864,0.0,0.0,"[-97.71144017577171, -8.330246433615685, 16.52291789650917]",components_mm/base_link__C388.stl,e805cb54b6ac6969e9d025bcf024345b1b24efba63fc6b85797ea533faab19d2,1.8477439880371094e-06
base_link__C389,base_link,389,2,small_fragment_or_detail_review,True,True,False,0.01879781484603882,0.035274773836135864,0.0,0.0,"[-97.7037362754345, -8.330246433615685, 16.52291789650917]",components_mm/base_link__C389.stl,0c1d9a6bb7fd3d3d2088d0e3c6b3df8b342838e88447ee716cfeb7556e3b8071,1.430511474609375e-06
base_link__C390,base_link,390,2,small_fragment_or_detail_review,True,True,False,0.01879781484603882,0.03644824028015137,0.0,0.0,"[-97.7037362754345, -8.326400071382523, 16.52291789650917]",components_mm/base_link__C390.stl,2b257ab35ca9001c325d8b67695338f97b186ba6582fd05f945db1c1e176e0b0,1.430511474609375e-06
base_link__C391,base_link,391,2,small_fragment_or_detail_review,True,True,False,0.024273991584777832,0.036638230085372925,0.0,0.0,"[-97.70138561725616, -8.65195132791996, 16.52291789650917]",components_mm/base_link__C391.stl,221e82defe273ef1c92c03fd8b2d48c50359eeb49c1b3052a1106fa18a2a3fa7,1.4901161193847656e-06
base_link__C392,base_link,392,2,small_fragment_or_detail_review,True,True,False,0.02292543649673462,0.03748014569282532,0.0,0.0,"[-97.6947583258152, -8.655587211251259, 16.52291789650917]",components_mm/base_link__C392.stl,286f9b297b6bd2e2ff0ba269c956d5b270f2a146a864edea4001d99603f8f9cf,1.4901161193847656e-06
base_link__C393,base_link,393,2,small_fragment_or_detail_review,True,True,False,0.02292543649673462,0.036638230085372925,0.0,0.0,"[-97.6947583258152, -8.65195132791996, 16.52291789650917]",components_mm/base_link__C393.stl,5c82e5be80ead79b003396c141a80b2c5afbe6e82c162f6b3c4792937c4b3736,1.4901161193847656e-06
base_link__C394,base_link,394,2,small_fragment_or_detail_review,True,True,False,0.12949854135513306,0.08323416113853455,0.0,0.0,"[-97.69222512841225, -7.643243297934532, 16.52291789650917]",components_mm/base_link__C394.stl,070c9cdd47c5c46a23566d5e9c0c5137c1fa6af22244ab9d45ff16389128b965,3.6954879760742188e-06
base_link__C395,base_link,395,2,small_fragment_or_detail_review,True,True,False,0.014446675777435303,0.04000961780548096,0.0,0.0,"[-97.69051894545555, -8.656851947307587, 16.52291789650917]",components_mm/base_link__C395.stl,613cfd2761163f853ed19802e822c2abfa27efb221bc9e7fbac84acfb1573b91,3.635883331298828e-06
base_link__C396,base_link,396,2,small_fragment_or_detail_review,True,True,False,0.011883676052093506,0.038996338844299316,0.0,0.0,"[-97.68730774521828, -8.323322981595993, 16.52291789650917]",components_mm/base_link__C396.stl,92ca9dffa8f24eef48a49183a5d53550001cd6aac96820a1738cbdf4cc07625a,2.9802322387695312e-06
base_link__C397,base_link,397,2,small_fragment_or_detail_review,True,True,False,0.13740360736846924,0.039380043745040894,0.0,0.0,"[-97.68693149089813, -8.967606350779533, 16.52291789650917]",components_mm/base_link__C397.stl,a03a7e0f23babdb63a4295d9ecf8e4bad14d656affb4b0952de6171d0478cd8c,3.039836883544922e-06
base_link__C398,base_link,398,2,small_fragment_or_detail_review,True,True,False,0.13740360736846924,0.039380043745040894,0.0,0.0,"[-97.68693149089813, -8.122751489281654, 16.52291789650917]",components_mm/base_link__C398.stl,c19cf18d9c7f08fa8d9304a3f75b932a766f0c1166c748291af6ee47e308e5a1,3.039836883544922e-06
base_link__C399,base_link,399,2,small_fragment_or_detail_review,True,True,False,0.09288638830184937,0.014137476682662964,0.0,0.0,"[-97.68503531813622, -7.39707238972187, 16.52291789650917]",components_mm/base_link__C399.stl,167b26e35bae7e750ba1eec17c76192a83de37fae18c33f0bb8934b688fb2f92,3.4570693969726562e-06
base_link__C400,base_link,400,2,small_fragment_or_detail_review,True,True,False,0.13447552919387817,0.010844320058822632,0.0,0.0,"[-97.68440946936607, -7.453041151165962, 16.52291789650917]",components_mm/base_link__C400.stl,68b0f666272c82a61166c1f4f61607ebde1f0a067caf17e0eed93b616a659621,8.046627044677734e-07
base_link__C401,base_link,401,2,small_fragment_or_detail_review,True,True,False,0.1333877444267273,0.017352402210235596,0.0,0.0,"[-97.6838655769825, -7.456295192241669, 16.52291789650917]",components_mm/base_link__C401.stl,777b05c3fb06f3541f5286d872279c3648540567d1c79e737f1a3952bd3eeac1,2.5033950805664062e-06
base_link__C402,base_link,402,2,small_fragment_or_detail_review,True,True,False,0.006362795829772949,0.038996338844299316,0.0,0.0,"[-97.68285602331161, -8.323322981595993, 16.52291789650917]",components_mm/base_link__C402.stl,a429b2afcb18cb0e822ef4f99c1336b16014af4c4f7afe4a4f93c16d58e5c242,2.384185791015625e-06
base_link__C403,base_link,403,2,small_fragment_or_detail_review,True,True,False,0.011324882507324219,0.03937631845474243,0.0,0.0,"[-97.68245369195938, -8.658021688461304, 16.52291789650917]",components_mm/base_link__C403.stl,9597009b709a303b81df4ca53e9b047b0c3a5ab9b568bf715bb219fb16613419,2.9206275939941406e-06
base_link__C404,base_link,404,2,small_fragment_or_detail_review,True,True,False,0.011324882507324219,0.04000961780548096,0.0,0.0,"[-97.68245369195938, -8.656851947307587, 16.52291789650917]",components_mm/base_link__C404.stl,9f3013e0859bbbf691fc66bc604b6cf24e77b7b5ce1e33b9b9f27c04f0154c40,2.9206275939941406e-06
base_link__C405,base_link,405,2,small_fragment_or_detail_review,True,True,False,0.004805624485015869,0.038757920265197754,0.0,0.0,"[-97.67896309494972, -8.323084563016891, 16.52291789650917]",components_mm/base_link__C405.stl,1eef0ac72ff325ef2907bf64e6a03cc3830757cb8fb35fb2d241caa53ef4081d,8.344650268554688e-07
base_link__C406,base_link,406,2,small_fragment_or_detail_review,True,True,False,0.03568828105926514,0.030782073736190796,0.0,0.0,"[-97.67881035804749, -9.369788691401482, 16.52291789650917]",components_mm/base_link__C406.stl,c8209255a6467dbe61ea5f0b426fb824f60e5c2f197b34aaebca248ad6b45bac,1.2516975402832031e-06
base_link__C407,base_link,407,2,small_fragment_or_detail_review,True,True,False,0.03568828105926514,0.027995556592941284,0.0,0.0,"[-97.67881035804749, -9.357983246445656, 16.52291789650917]",components_mm/base_link__C407.stl,9079b8d6f3e3ee08397e95f1ecc3e344cdde57f0f7e96051fc14401d230b1319,1.2516975402832031e-06
base_link__C408,base_link,408,2,small_fragment_or_detail_review,True,True,False,0.025756657123565674,0.027995556592941284,0.0,0.0,"[-97.67194464802742, -9.357983246445656, 16.52291789650917]",components_mm/base_link__C408.stl,38f6348e4c34aa3ea074cadf9d53d3356df08cb630474f8f339f199db67a648e,1.0728836059570312e-06
base_link__C409,base_link,409,2,small_fragment_or_detail_review,True,True,False,0.025756657123565674,0.029921531677246094,0.0,0.0,"[-97.67194464802742, -9.354948997497559, 16.52291789650917]",components_mm/base_link__C409.stl,52d2dec8f46db0f0bce303ff20c4b6ed8a7c14c7c950eda0ff87202b2ab17ff9,1.0728836059570312e-06
base_link__C410,base_link,410,2,small_fragment_or_detail_review,True,True,False,0.03790855407714844,0.0040084123611450195,0.0,0.0,"[-97.67086803913116, -8.437547832727432, 16.52291789650917]",components_mm/base_link__C410.stl,6ca024a7965b41b99eca9569c7c95169dc8da750e727d2734e9668eec5450c08,2.9802322387695312e-06
base_link__C411,base_link,411,2,small_fragment_or_detail_review,True,True,False,0.011630356311798096,0.0390075147151947,0.0,0.0,"[-97.66793623566628, -8.657986298203468, 16.52291789650917]",components_mm/base_link__C411.stl,ff14fa3ecefd0c2d416d11c3d65175a16d0798df67b3e83d7b64ed728f33d616,3.5762786865234375e-06
base_link__C412,base_link,412,2,small_fragment_or_detail_review,True,True,False,0.011630356311798096,0.03824010491371155,0.0,0.0,"[-97.66793623566628, -8.656764402985573, 16.52291789650917]",components_mm/base_link__C412.stl,afdab1921137886b0e2f48e68bdc0412853f3670aec3cf4cc038be06690b046c,3.5762786865234375e-06
base_link__C413,base_link,413,2,small_fragment_or_detail_review,True,True,False,0.027820467948913574,0.008862465620040894,0.0,0.0,"[-97.66582399606705, -8.435120806097984, 16.52291789650917]",components_mm/base_link__C413.stl,bb851256c1c02c25490bade940a6a9f3184dc4bda64d9a9821b4947a99b23309,2.7418136596679688e-06
base_link__C414,base_link,414,2,small_fragment_or_detail_review,True,True,False,0.0336766242980957,0.029921531677246094,0.0,0.0,"[-97.66428172588348, -9.354948997497559, 16.52291789650917]",components_mm/base_link__C414.stl,e8c345c2f4f37d49ab70c8790a369f664a000cc02cdcf003136cf9cdf071a207,2.2649765014648438e-06
base_link__C415,base_link,415,2,small_fragment_or_detail_review,True,True,False,0.0336766242980957,0.028226524591445923,0.0,0.0,"[-97.66428172588348, -9.341171011328697, 16.52291789650917]",components_mm/base_link__C415.stl,8c870e6ded970f404c24498b4eda6b0e947b2976af3f33c0a8cdce6992f40c7d,2.2649765014648438e-06
base_link__C416,base_link,416,2,small_fragment_or_detail_review,True,True,False,0.017911195755004883,0.038743019104003906,0.0,0.0,"[-97.66227006912231, -8.326653391122818, 16.52291789650917]",components_mm/base_link__C416.stl,b32b57824d83487dbf4aa23502313b52bd82fa0ed65c750056fcf7f573471ba5,1.7881393432617188e-06
base_link__C417,base_link,417,2,small_fragment_or_detail_review,True,True,False,0.017911195755004883,0.03875419497489929,0.0,0.0,"[-97.66227006912231, -8.32398422062397, 16.52291789650917]",components_mm/base_link__C417.stl,b48740bbcd04e6a13ea8c8ea9523d34462e4bc6e9fd82c3292debf25dec524ea,1.7881393432617188e-06
base_link__C418,base_link,418,2,small_fragment_or_detail_review,True,True,False,0.0186040997505188,0.015363097190856934,0.0,0.0,"[-97.66121581196785, -8.431870490312576, 16.52291789650917]",components_mm/base_link__C418.stl,a4012b402d3167be1da00d7fc41c4f6ae05af1245ea74fdc2f519d33f0f5f430,2.7418136596679688e-06
base_link__C419,base_link,419,2,small_fragment_or_detail_review,True,True,False,0.08343905210494995,0.07462874054908752,0.0,0.0,"[-97.65994921326637, -9.672092273831367, 16.52291789650917]",components_mm/base_link__C419.stl,b9bfc6123f43407098933b424b0a043a1062dd57663daac509eb430bf1f3065c,3.039836883544922e-06
base_link__C420,base_link,420,2,small_fragment_or_detail_review,True,True,False,0.08343905210494995,0.07283315062522888,0.0,0.0,"[-97.65994921326637, -9.471328929066658, 16.52291789650917]",components_mm/base_link__C420.stl,ef4e3a726699d994cd6fb793baaff2df52733b7c14f5cb1ef8929e0bde6eef86,3.039836883544922e-06
base_link__C421,base_link,421,2,small_fragment_or_detail_review,True,True,False,0.013142824172973633,0.03824010491371155,0.0,0.0,"[-97.65968471765518, -8.656764402985573, 16.52291789650917]",components_mm/base_link__C421.stl,28664d948d1e0b9e5875efd3178285cd7a67d06a437b6d29e6fe1f75ca2cd7db,3.635883331298828e-06
base_link__C422,base_link,422,2,small_fragment_or_detail_review,True,True,False,0.034227967262268066,0.028226524591445923,0.0,0.0,"[-97.65437245368958, -9.341171011328697, 16.52291789650917]",components_mm/base_link__C422.stl,70dfdb051820f24c5e55219dc574e043844eb1a311758a4facf340a7aba19947,1.9669532775878906e-06
base_link__C423,base_link,423,2,small_fragment_or_detail_review,True,True,False,0.019997358322143555,0.038743019104003906,0.0,0.0,"[-97.6538136601448, -8.326653391122818, 16.52291789650917]",components_mm/base_link__C423.stl,a1bc93cf2932b75c5e42ecc195734a7b52dc168be55651992c3e28f7bb55a25b,1.6093254089355469e-06
base_link__C424,base_link,424,2,small_fragment_or_detail_review,True,True,False,0.028245151042938232,0.03299489617347717,0.0,0.0,"[-97.64968976378441, -8.333785459399223, 16.52291789650917]",components_mm/base_link__C424.stl,726ca7ab5a30b9103464d58bed22b5e254e2075b2d7690ac8d98a0910250aa6b,1.6093254089355469e-06
base_link__C425,base_link,425,2,small_fragment_or_detail_review,True,True,False,0.028245151042938232,0.03448501229286194,0.0,0.0,"[-97.64968976378441, -8.328782394528389, 16.52291789650917]",components_mm/base_link__C425.stl,99e62bc7ade08e64ef19e1d75628335f991c2cff660c4cc56bcc9e79af797867,1.6093254089355469e-06
base_link__C426,base_link,426,2,small_fragment_or_detail_review,True,True,False,0.022739171981811523,0.032804906368255615,0.0,0.0,"[-97.64856100082397, -8.65156576037407, 16.52291789650917]",components_mm/base_link__C426.stl,193f4b96532cbc8477a77a0e6007b8a49ee1eb717a136879401ed20bbde3fdc1,3.2186508178710938e-06
base_link__C427,base_link,427,2,small_fragment_or_detail_review,True,True,False,0.022739171981811523,0.030156224966049194,0.0,0.0,"[-97.64856100082397, -8.646344766020775, 16.52291789650917]",components_mm/base_link__C427.stl,a5474c36ed78c6d534780e81e9497e7e32e278adc6885a5d12c711d77f39af1f,3.2186508178710938e-06
base_link__C428,base_link,428,2,small_fragment_or_detail_review,True,True,False,0.039458274841308594,0.011295080184936523,0.0,0.0,"[-97.645603120327, -8.5362046957016, 16.52291789650917]",components_mm/base_link__C428.stl,b89882c22f4554c6a96aa0a81591e3d0d9326e9d82e249d6d06280e7d8f87b9c,3.3974647521972656e-06
base_link__C429,base_link,429,2,small_fragment_or_detail_review,True,True,False,0.053651630878448486,0.018872320652008057,0.0,0.0,"[-97.64552488923073, -8.792497217655182, 16.52291789650917]",components_mm/base_link__C429.stl,7d99ff2bab9f137ad6e5d2a8612e3dab8d6ff5c591e8e8671fd7dd214da8a3e9,2.682209014892578e-06
base_link__C430,base_link,430,2,small_fragment_or_detail_review,True,True,False,0.027291476726531982,0.03299489617347717,0.0,0.0,"[-97.6438857614994, -8.333785459399223, 16.52291789650917]",components_mm/base_link__C430.stl,77e2557dbb692189f48b6041a5f90269e396fd65422dc8c495a33d071121b0dd,1.3709068298339844e-06
base_link__C431,base_link,431,2,small_fragment_or_detail_review,True,True,False,0.024490058422088623,0.030156224966049194,0.0,0.0,"[-97.64264151453972, -8.646344766020775, 16.52291789650917]",components_mm/base_link__C431.stl,22e81d257f2ee7095a2e512f9736e7a4df8ee8a2feb56f7373ed0d3a7d65d1f4,2.5033950805664062e-06
base_link__C432,base_link,432,2,small_fragment_or_detail_review,True,True,False,0.02545863389968872,0.014007091522216797,0.0,0.0,"[-97.63963147997856, -8.419398218393326, 16.52291789650917]",components_mm/base_link__C432.stl,25671cbf2f0ae195da311903bbf414354d3c67dc963b7db0de8bfc9de69870fe,2.4437904357910156e-06
base_link__C433,base_link,433,2,small_fragment_or_detail_review,True,True,False,0.02545863389968872,0.014238059520721436,0.0,0.0,"[-97.63963147997856, -8.410681039094925, 16.52291789650917]",components_mm/base_link__C433.stl,dbc168045f357e59f7cf22c121364fd029ed52c20fadb9c2b330a09ef4b37469,2.4437904357910156e-06
base_link__C434,base_link,434,2,small_fragment_or_detail_review,True,True,False,0.027008354663848877,0.014238059520721436,0.0,0.0,"[-97.63452038168907, -8.410681039094925, 16.52291789650917]",components_mm/base_link__C434.stl,cd7959974e1681b41c70738d88dce8f23b949779eec56ce966be0d91f7c1960f,1.2516975402832031e-06
base_link__C435,base_link,435,2,small_fragment_or_detail_review,True,True,False,0.03411620855331421,0.01685693860054016,0.0,0.0,"[-97.6325310766697, -8.359422907233238, 16.52291789650917]",components_mm/base_link__C435.stl,3f88155670cfb792aa1259ba0c732c6e333822db909d1de88166b468740c905b,2.086162567138672e-06
base_link__C436,base_link,436,2,small_fragment_or_detail_review,True,True,False,0.03411620855331421,0.019840896129608154,0.0,0.0,"[-97.6325310766697, -8.350227028131485, 16.52291789650917]",components_mm/base_link__C436.stl,222985ce9106ee600b1fb41a53bfdf2700053493e744bcfe4e36e8899c01132f,2.086162567138672e-06
base_link__C437,base_link,437,2,small_fragment_or_detail_review,True,True,False,0.03288686275482178,0.01685693860054016,0.0,0.0,"[-97.62996435165405, -8.359422907233238, 16.52291789650917]",components_mm/base_link__C437.stl,84599afb8a4936c2c62aa0c9c0ea5177ad8d50b118a58cf9902ce247e083a6bc,3.159046173095703e-06
base_link__C438,base_link,438,2,small_fragment_or_detail_review,True,True,False,0.08671730756759644,0.003159046173095703,0.0,0.0,"[-97.62867912650108, -8.806280791759491, 16.52291789650917]",components_mm/base_link__C438.stl,a5cd18a88328d058a84b813f0487e0cc79872d0ba04657e2a7a5f7c222d1f493,2.562999725341797e-06
base_link__C439,base_link,439,2,small_fragment_or_detail_review,True,True,False,0.07655471563339233,0.005926936864852905,0.0,0.0,"[-97.62359783053398, -8.804896846413612, 16.52291789650917]",components_mm/base_link__C439.stl,69940a4c0f36f2006e5df38e09b3bf0b5bee67c483aeb0bcd98e9f5dbb13f83f,2.3245811462402344e-06
base_link__C440,base_link,440,2,small_fragment_or_detail_review,True,True,False,0.018775463104248047,0.038605183362960815,0.0,0.0,"[-97.56969660520554, -8.78559984266758, 16.52291789650917]",components_mm/base_link__C440.stl,1080fb1819c47c042a7be3f2da85dbbd3a9a00414ce388aa58d47996c2c38763,1.9669532775878906e-06
base_link__C441,base_link,441,2,small_fragment_or_detail_review,True,True,False,0.1300126314163208,0.06505101919174194,0.0,0.0,"[-97.54439443349838, -6.999865174293518, 16.52291789650917]",components_mm/base_link__C441.stl,bd56eefae6b299a5ebca480ca843184089fb497edd26d65ef4cff2ef4d749df7,2.86102294921875e-06
base_link__C442,base_link,442,2,small_fragment_or_detail_review,True,True,False,0.1300126314163208,0.050105154514312744,0.0,0.0,"[-97.54439443349838, -6.962958723306656, 16.52291789650917]",components_mm/base_link__C442.stl,2127e73c851c0a5c433457064a359c91098463aa8edddefbe7ca7d42df873eff,2.86102294921875e-06
base_link__C443,base_link,443,2,small_fragment_or_detail_review,True,True,False,0.13314932584762573,0.02777576446533203,0.0,0.0,"[-97.54230454564095, -6.9240182638168335, 16.52291789650917]",components_mm/base_link__C443.stl,6e3e7c857d881ab1f6803165842dd3f21dc5d8dbf0d5182b9778d722c1dc74ad,1.0132789611816406e-06
base_link__C444,base_link,444,2,small_fragment_or_detail_review,True,True,False,0.13314932584762573,0.04848092794418335,0.0,0.0,"[-97.54230454564095, -6.888214498758316, 16.52291789650917]",components_mm/base_link__C444.stl,b2b78c2839ad47f0a640e7f78d0f4a1e68ad07dbc56efe4cf767597893def53c,1.0132789611816406e-06
base_link__C445,base_link,445,2,small_fragment_or_detail_review,True,True,False,0.1301392912864685,0.050105154514312744,0.0,0.0,"[-97.53908589482307, -6.962958723306656, 16.52291789650917]",components_mm/base_link__C445.stl,ac1d40915d8eb02703f3c72e9656f4398a02b050fea31b5ecb85f70c767ccfc8,1.9669532775878906e-06
base_link__C446,base_link,446,2,small_fragment_or_detail_review,True,True,False,0.1301392912864685,0.027623027563095093,0.0,0.0,"[-97.53908589482307, -6.926266476511955, 16.52291789650917]",components_mm/base_link__C446.stl,41f5511821c3f1bf4b3cdcb29b89f458ee25a6e7e29550ffa4e17e3d644d709c,1.9669532775878906e-06
base_link__C447,base_link,447,2,small_fragment_or_detail_review,True,True,False,0.03311038017272949,0.01956149935722351,0.0,0.0,"[-97.53698855638504, -8.756270632147789, 16.52291789650917]",components_mm/base_link__C447.stl,fcfa4c3d1e3d4602730e22428f24d08e7b54208202382dc5fd04c3381ebe1d3f,1.8477439880371094e-06
base_link__C448,base_link,448,2,small_fragment_or_detail_review,True,True,False,0.03311038017272949,0.01705065369606018,0.0,0.0,"[-97.53698855638504, -8.746432140469551, 16.52291789650917]",components_mm/base_link__C448.stl,143eaacddc5e9fec5100adf1e6a73a6785fc5229229597b67d164dea7c9f3d33,1.8477439880371094e-06
base_link__C449,base_link,449,2,small_fragment_or_detail_review,True,True,False,0.03399699926376343,0.01101568341255188,0.0,0.0,"[-97.53572568297386, -8.710978552699089, 16.52291789650917]",components_mm/base_link__C449.stl,172b44bc0d9f0b95d7bfb2c6cf5dbeba952598bbb6ea4a45119f2499749c8250,2.9802322387695312e-06
base_link__C450,base_link,450,2,small_fragment_or_detail_review,True,True,False,0.03297626972198486,0.01705065369606018,0.0,0.0,"[-97.53330796957016, -8.746432140469551, 16.52291789650917]",components_mm/base_link__C450.stl,38fe252ec5eceea498d23239edde778b2fb0415121c2a87662d0488f479cb735,2.9802322387695312e-06
base_link__C451,base_link,451,2,small_fragment_or_detail_review,True,True,False,0.03302842378616333,0.010661780834197998,0.0,0.0,"[-97.53291681408882, -8.721817284822464, 16.52291789650917]",components_mm/base_link__C451.stl,71ea27b722d0fbc3f9b72705e78d9dc489dfcd692195907a207c39447a875c9f,8.046627044677734e-07
base_link__C452,base_link,452,2,small_fragment_or_detail_review,True,True,False,0.03302842378616333,0.01126900315284729,0.0,0.0,"[-97.53291681408882, -8.711105212569237, 16.52291789650917]",components_mm/base_link__C452.stl,28452bca11780b9d330169ee077ad66473947cb07fbe1b0da7d2f88bcda53478,8.046627044677734e-07
base_link__C453,base_link,453,2,small_fragment_or_detail_review,True,True,False,0.03275275230407715,0.013373792171478271,0.0,0.0,"[-97.53198176622391, -8.7234266102314, 16.52291789650917]",components_mm/base_link__C453.stl,7ca99fb19b6df94a69e92a0359477450cb0c1c62f727fdc51f68e529b5343f8e,3.2782554626464844e-06
base_link__C454,base_link,454,2,small_fragment_or_detail_review,False,True,False,0.044994056224823,0.0,0.5499999970197678,0.0,"[-89.87145498394966, 4.282895475625992, 12.282916344702244]",components_mm/base_link__C454.stl,8a0efdaa41807522b79abd1cd440df88a1e1f9f02ce70914ac208cbb6b5c41a7,2.9206275939941406e-06
base_link__C455,base_link,455,2,small_fragment_or_detail_review,False,True,False,0.044994056224823,0.0,0.5499999970197678,0.0,"[-89.87145498394966, 4.282895475625992, 12.282916344702244]",components_mm/base_link__C455.stl,120bd25f0b790cdf1e36d4b18f60e498fcc0e7b4025737d7a8f0fcf9bde72080,2.9206275939941406e-06
base_link__C456,base_link,456,2,small_fragment_or_detail_review,False,True,False,0.044994056224823,0.0,0.5499999970197678,0.0,"[-89.87145498394966, 4.854399710893631, 27.5229224935174]",components_mm/base_link__C456.stl,9504248661d823f27018c5c3a9f63de1ef36323abefe20f391f80f97eb77b685,2.9206275939941406e-06
base_link__C457,base_link,457,2,small_fragment_or_detail_review,False,True,False,0.044994056224823,0.0,0.5499999970197678,0.0,"[-89.87145498394966, 4.854399710893631, 27.5229224935174]",components_mm/base_link__C457.stl,b83b720b4590d550cfb9caef0c7cdddb9581fa5a21fe52e13be562ebb34ccb65,2.9206275939941406e-06
base_link__C458,base_link,458,2,small_fragment_or_detail_review,False,True,False,0.5000010132789612,0.04999898374080658,0.0,0.0,"[-89.69395235180855, 12.742883525788784, 15.108409337699413]",components_mm/base_link__C458.stl,05815863048052cf3f8466b59f5134051df48f66012e5e0dfce70cbbd16655c8,2.6226043701171875e-06
base_link__C459,base_link,459,2,small_fragment_or_detail_review,False,True,False,0.5000010132789612,0.04999898374080658,0.0,0.0,"[-89.69395235180855, 12.742883525788784, 15.108409337699413]",components_mm/base_link__C459.stl,c1dc7c31c6b2687da158d4bd8f476b8833272ca632ee0a21c157170e54cd5c2e,2.6226043701171875e-06
base_link__C460,base_link,460,2,small_fragment_or_detail_review,False,True,False,0.36000460386276245,0.0,0.5499999970197678,0.0,"[-89.66895565390587, 4.087895154953003, 12.282916344702244]",components_mm/base_link__C460.stl,d0c55b367e5e141efcb0575cdf4f8d2250c43dcb88f8c4c14d0c58afea865f53,2.9206275939941406e-06
base_link__C461,base_link,461,2,small_fragment_or_detail_review,False,True,False,0.36000460386276245,0.0,0.5499999970197678,0.0,"[-89.66895565390587, 4.087895154953003, 12.282916344702244]",components_mm/base_link__C461.stl,0e7d013aff07cda383220b4a743c20d5777dfd0deadaefbeefb22bd0b9a01f8d,2.9206275939941406e-06
base_link__C462,base_link,462,2,small_fragment_or_detail_review,False,True,False,0.36000460386276245,0.0,0.5499999970197678,0.0,"[-89.66895565390587, 4.659399390220642, 27.5229224935174]",components_mm/base_link__C462.stl,8ac7cfb8ec5de1c1a6a1714d4abf5e66b1646af3b047276869d4cfe903f56dbb,2.9206275939941406e-06
base_link__C463,base_link,463,2,small_fragment_or_detail_review,False,True,False,0.36000460386276245,0.0,0.5499999970197678,0.0,"[-89.66895565390587, 4.659399390220642, 27.5229224935174]",components_mm/base_link__C463.stl,3e444e6f57a64160d191fd816b3d39b3a5a14a9b88cb81ff22301a1ad2e4e6a5,2.9206275939941406e-06
base_link__C464,base_link,464,2,small_fragment_or_detail_review,True,True,False,0.014238059520721436,0.016227364540100098,0.001844950020313263,0.0,"[-88.1136991083622, 46.14763334393501, 2.0226123742759228]",components_mm/base_link__C464.stl,960534565a6cfbcdc231309839934549347e306915bb0a9508a023cd06d31af7,2.562999725341797e-06
base_link__C465,base_link,465,1,small_fragment_or_detail_review,False,True,False,0.1179128885269165,0.08679181337356567,0.0,0.0,"[-98.16113859415054, -9.28397849202156, 16.52291789650917]",components_mm/base_link__C465.stl,3fc2ae128484e171955e4edb1cffea3c3a165565e38afe483c108d16fea0af78,2.2649765014648438e-06
base_link__C466,base_link,466,1,small_fragment_or_detail_review,False,True,False,0.1179128885269165,0.08679181337356567,0.0,0.0,"[-98.16113859415054, -9.28397849202156, 16.52291789650917]",components_mm/base_link__C466.stl,62f42fd71ad9d5d8cc95af8d8fbf8d5c3f7686a2dda62831d9aa7f6f5e622c6a,2.2649765014648438e-06
base_link__C467,base_link,467,1,small_fragment_or_detail_review,False,True,False,0.1179128885269165,0.08530914783477783,0.0,0.0,"[-98.16113859415054, -9.095534682273865, 16.52291789650917]",components_mm/base_link__C467.stl,ddd95b249f74ef96b6da19686f3918b17f7a5187990b4f7846f8fbffb62a6114,2.2649765014648438e-06
base_link__C468,base_link,468,1,small_fragment_or_detail_review,False,True,False,0.1179128885269165,0.08530914783477783,0.0,0.0,"[-98.16113859415054, -9.095534682273865, 16.52291789650917]",components_mm/base_link__C468.stl,195814ca426c3110642d36a38aac3e45b8bdc98a31c18489556794732ac14647,2.2649765014648438e-06
base_link__C469,base_link,469,1,small_fragment_or_detail_review,False,True,False,0.047594308853149414,0.03731623291969299,0.0,0.0,"[-97.75135666131973, -8.459223434329033, 16.52291789650917]",components_mm/base_link__C469.stl,98f9e026291f4f8a2e7b499dafc1211eba00ab75153c2cf2a9bcd96e01f02731,2.4437904357910156e-06
base_link__C470,base_link,470,1,small_fragment_or_detail_review,False,True,False,0.047594308853149414,0.03731623291969299,0.0,0.0,"[-97.75135666131973, -8.459223434329033, 16.52291789650917]",components_mm/base_link__C470.stl,d58467969c1054ee9dc45f232f2f5b91ac3e7f7c145336cf5079a69d0ec46766,2.4437904357910156e-06
base_link__C471,base_link,471,1,small_fragment_or_detail_review,False,True,False,0.1065284013748169,0.04001706838607788,0.0,0.0,"[-97.70517796278, -8.458767086267471, 16.52291789650917]",components_mm/base_link__C471.stl,30f996a0724a92a8d3ebc762fa1ae0664cf1448e13668b542c5ef953559057ea,3.5762786865234375e-06
base_link__C472,base_link,472,1,small_fragment_or_detail_review,False,True,False,0.1065284013748169,0.04001706838607788,0.0,0.0,"[-97.70517796278, -8.458767086267471, 16.52291789650917]",components_mm/base_link__C472.stl,340b99e038622ffc3c9712fa431aae427b12f2d26c85d71aec4f17999fbe1b4f,3.5762786865234375e-06
base_link__C473,base_link,473,1,small_fragment_or_detail_review,False,True,False,0.11790543794631958,0.08679181337356567,0.0,0.0,"[-97.67718240618706, -9.666010737419128, 16.52291789650917]",components_mm/base_link__C473.stl,ca11c3e077ef3df40d919df17303fec8de2b7793af0d8f367fa17bf4eef33714,3.039836883544922e-06
base_link__C474,base_link,474,1,small_fragment_or_detail_review,False,True,False,0.11790543794631958,0.08679181337356567,0.0,0.0,"[-97.67718240618706, -9.666010737419128, 16.52291789650917]",components_mm/base_link__C474.stl,9402c8b3d78404436b191fe76db588d240d3a9aa31bd5de5603b470e25c27953,3.039836883544922e-06
base_link__C475,base_link,475,1,small_fragment_or_detail_review,False,True,False,0.11790543794631958,0.0853128731250763,0.0,0.0,"[-97.67718240618706, -9.477568790316582, 16.52291789650917]",components_mm/base_link__C475.stl,127266edd246fab4753666a8594fdce95d5d6ad4a879d5dc7c037cd32c2701d8,3.039836883544922e-06
base_link__C476,base_link,476,1,small_fragment_or_detail_review,False,True,False,0.11790543794631958,0.0853128731250763,0.0,0.0,"[-97.67718240618706, -9.477568790316582, 16.52291789650917]",components_mm/base_link__C476.stl,5f175c2d462737cb303bc6a676954f010df98527b684ac863fe0c570575c8184,3.039836883544922e-06
base_link__C477,base_link,477,1,small_fragment_or_detail_review,False,True,False,0.044994056224823,0.0,0.5499999970197678,0.0,"[-89.87145498394966, 4.852894693613052, 12.282916344702244]",components_mm/base_link__C477.stl,5e379db03ddccefb2e29eedb596df15efce860133178ed6d2fd80d6295bb55c6,2.9206275939941406e-06
base_link__C478,base_link,478,1,small_fragment_or_detail_review,False,True,False,0.044994056224823,0.0,0.5499999970197678,0.0,"[-89.87145498394966, 4.852894693613052, 12.282916344702244]",components_mm/base_link__C478.stl,c7bc3e69dd49bc758abccc1435bf1fe35a5d7764bc1d0ef69b51d7edc26ab511,2.9206275939941406e-06
base_link__C479,base_link,479,1,small_fragment_or_detail_review,False,True,False,0.044994056224823,0.0,0.5499999970197678,0.0,"[-89.87145498394966, 4.852894693613052, 12.282916344702244]",components_mm/base_link__C479.stl,efe39e6e3b48c945065aff25fad93ade43cb325ede17beccc7d6676ed2db6bae,2.9206275939941406e-06
base_link__C480,base_link,480,1,small_fragment_or_detail_review,False,True,False,0.044994056224823,0.0,0.5499999970197678,0.0,"[-89.87145498394966, 4.852894693613052, 12.282916344702244]",components_mm/base_link__C480.stl,784d30d7ba1ba67e1ded0ae235f79ab387c67245a1a352094e722078599b7302,2.9206275939941406e-06
base_link__C481,base_link,481,1,small_fragment_or_detail_review,False,True,False,0.044994056224823,0.0,0.5499999970197678,0.0,"[-89.87145498394966, 5.4243989288806915, 27.5229224935174]",components_mm/base_link__C481.stl,3e599e73c7ded4c8a46f84557147f4d5b23dd58797105416f68e2a77a11df706,2.9206275939941406e-06
base_link__C482,base_link,482,1,small_fragment_or_detail_review,False,True,False,0.044994056224823,0.0,0.5499999970197678,0.0,"[-89.87145498394966, 5.4243989288806915, 27.5229224935174]",components_mm/base_link__C482.stl,64e2025df7c29cc1d955c95596fef5faae51ceca5c1b12e199d97463fe326c27,2.9206275939941406e-06
base_link__C483,base_link,483,1,small_fragment_or_detail_review,False,True,False,0.044994056224823,0.0,0.5499999970197678,0.0,"[-89.87145498394966, 5.4243989288806915, 27.5229224935174]",components_mm/base_link__C483.stl,c203719b27deea1f7147131c5991984adb8d2935852c788db7976bc2a4da6dbe,2.9206275939941406e-06
base_link__C484,base_link,484,1,small_fragment_or_detail_review,False,True,False,0.044994056224823,0.0,0.5499999970197678,0.0,"[-89.87145498394966, 5.4243989288806915, 27.5229224935174]",components_mm/base_link__C484.stl,82e2079af4fd6cdf93c887fa78066f039c96e1e40cecad7b6c2dc6a0a8724c48,2.9206275939941406e-06
base_link__C485,base_link,485,1,small_fragment_or_detail_review,False,True,False,0.36000460386276245,0.0,0.5499999970197678,0.0,"[-89.66895565390587, 5.047895014286041, 12.282916344702244]",components_mm/base_link__C485.stl,000504232d8fc98df4e5ccff9f1717ee5c3bc97f5f832bd47cdb03b0fa398e46,2.9206275939941406e-06
base_link__C486,base_link,486,1,small_fragment_or_detail_review,False,True,False,0.36000460386276245,0.0,0.5499999970197678,0.0,"[-89.66895565390587, 5.047895014286041, 12.282916344702244]",components_mm/base_link__C486.stl,737541c4e173c0ebf069b51a912081b34a671c1131e5f7ea7cc1d90920c523d9,2.9206275939941406e-06
base_link__C487,base_link,487,1,small_fragment_or_detail_review,False,True,False,0.36000460386276245,0.0,0.5499999970197678,0.0,"[-89.66895565390587, 5.047895014286041, 12.282916344702244]",components_mm/base_link__C487.stl,a3680c835b9904ff6a176961f4c1547b367f9e37b4d37aca90c5a1e9c8db6356,2.9206275939941406e-06
base_link__C488,base_link,488,1,small_fragment_or_detail_review,False,True,False,0.36000460386276245,0.0,0.5499999970197678,0.0,"[-89.66895565390587, 5.047895014286041, 12.282916344702244]",components_mm/base_link__C488.stl,2633a52671737288a01a80cada60e1e3d8cb145c1e37012e6fb484fc2bfa14e9,2.9206275939941406e-06
base_link__C489,base_link,489,1,small_fragment_or_detail_review,False,True,False,0.36000460386276245,0.0,0.5499999970197678,0.0,"[-89.66895565390587, 5.61939924955368, 27.5229224935174]",components_mm/base_link__C489.stl,fe8f03c6bde181b90f5c8389d6307b70420da86f715c363e83285fa82f3a0fc8,2.9206275939941406e-06
base_link__C490,base_link,490,1,small_fragment_or_detail_review,False,True,False,0.36000460386276245,0.0,0.5499999970197678,0.0,"[-89.66895565390587, 5.61939924955368, 27.5229224935174]",components_mm/base_link__C490.stl,8908c1cb3f9783d265117e48affa86cd3c1c10e8c12773617f149fc8b7554855,2.9206275939941406e-06
base_link__C491,base_link,491,1,small_fragment_or_detail_review,False,True,False,0.36000460386276245,0.0,0.5499999970197678,0.0,"[-89.66895565390587, 5.61939924955368, 27.5229224935174]",components_mm/base_link__C491.stl,13b5a6c3e07a7bed2f3a6d1e02f82da171fced963f43d0f9d2f24ca7c4eef595,2.9206275939941406e-06
base_link__C492,base_link,492,1,small_fragment_or_detail_review,False,True,False,0.36000460386276245,0.0,0.5499999970197678,0.0,"[-89.66895565390587, 5.61939924955368, 27.5229224935174]",components_mm/base_link__C492.stl,eace22ea0675c89c72418d31b086f3673e67a0e309ab61fc417eef7d5bc28082,2.9206275939941406e-06
upper_shell_link__C001,upper_shell_link,1,18144,closed_geometry_trial_candidate_material_unverified,True,True,True,205.52904903888702,181.4548671245575,47.899491153657436,98523.38542739641,"[-1.6367658972740173, -0.00225752592086792, 16.447529662400484]",components_mm/upper_shell_link__C001.stl,658c49c96d6c42c8bff019bdb97b0102f7275ede343d06b615821fa50f6c035d,3.2186508178710938e-06
display_module_link__C001,display_module_link,1,466,purchased_module_or_housing_review,True,True,True,24.583392776548862,107.22203552722931,33.60156621783972,11747.24613803841,"[-1.831072848290205, -0.00036135315895080566, -1.218853984028101]",components_mm/display_module_link__C001.stl,29d5a2a4e32b4d7e5b8ea189e3f691e300f8b6417decb662270fc496fdfd4b47,1.4007091522216797e-06
display_module_link__C002,display_module_link,2,232,purchased_module_or_housing_review,False,True,False,22.17996120452881,107.21787065267563,32.03754685819149,-1165.5657839061112,"[-0.6291531026363373, -0.0018961727619171143, -0.4366794601082802]",components_mm/display_module_link__C002.stl,10117f2ddd740870e369304fc8b805ed9c0d59dc4a9ef4b0c6a5135e313c07aa,1.2516975402832031e-06
display_module_link__C003,display_module_link,3,151,purchased_module_or_housing_review,False,True,False,22.349705919623375,107.21315070986748,31.918689608573914,-905.1335045495349,"[-2.9479237273335457, -0.0003371387720108032, -2.0602997392416]",components_mm/display_module_link__C003.stl,c0102556fe16f9f1d33d0ed3f11b8377ebb3dac3d428555962b7bdb6bc066f25,1.7881393432617188e-06
tof_sensor_link__C001,tof_sensor_link,1,1752,purchased_module_or_housing_review,False,True,False,6.640000268816948,26.16681717336178,15.601180959492922,1255.5358134000198,"[-0.850004144012928, -4.198512993752956, -1.0477378964424133e-05]",components_mm/tof_sensor_link__C001.stl,2899f7cde4e5551a0d8a5cd1a9288861b1e45cdf4763992b2a9d101d0f41a404,2.682209014892578e-07
tof_sensor_link__C002,tof_sensor_link,2,80,small_fragment_or_detail_review,False,True,False,0.7999999215826392,10.29398338869214,9.411076083779335,72.1389339458315,"[1.8699959036894143, -9.073361521586776, -0.0003003515303134918]",components_mm/tof_sensor_link__C002.stl,3040924a1155b490416c282708e49b66049d51be5b4a296c5db2044c989e33a1,1.8998980522155762e-07
tof_sensor_link__C003,tof_sensor_link,3,78,small_fragment_or_detail_review,False,True,False,0.7999999215826392,9.027980966493487,9.410935454070568,63.04338785735781,"[1.8699959036894143, 1.2761420803144574, 0.0003497116267681122]",components_mm/tof_sensor_link__C003.stl,6049e22d7955a8ebaab97c419e68749bcc69d4473a05d5ea3455f078b7bb8720,2.1606683731079102e-07
tof_sensor_link__C004,tof_sensor_link,4,14,small_fragment_or_detail_review,False,True,False,3.640000126324594,7.000407669693232,3.8672657683491707,89.47983907775118,"[-2.350004215259105, -4.215730121359229, 5.739597138017416]",components_mm/tof_sensor_link__C004.stl,bae192e374cfc3e4284db738dfb0c16324cc22434887dd90bd21d08099e8d0a0,1.564621925354004e-07
tof_sensor_link__C005,tof_sensor_link,5,2,small_fragment_or_detail_review,False,True,False,3.640000126324594,6.999999284744263,0.19150692969560623,-2.9584611798713194,"[-2.350004215259105, -4.215525928884745, 3.9017177186906338]",components_mm/tof_sensor_link__C005.stl,3f1045789f38917ade067511048e2bf060d78fcaf6b4c366efecccd6ed70a7ce,8.940696716308594e-08
tof_sensor_link__C006,tof_sensor_link,6,2,small_fragment_or_detail_review,False,True,False,3.640000126324594,6.999999284744263,0.19150692969560623,2.9584621754297706,"[-2.350004215259105, -4.215525928884745, 3.9017177186906338]",components_mm/tof_sensor_link__C006.stl,3680b40997d214f5369032d95c382cb1000dd24658c09fc5119a8d00e517524c,8.940696716308594e-08
tof_sensor_link__C007,tof_sensor_link,7,2,small_fragment_or_detail_review,False,True,False,0.0,3.5000776406377554,0.7003932259976864,1.298518302242848,"[-0.530004152096808, -4.215588909573853, 4.306350601837039]",components_mm/tof_sensor_link__C007.stl,e6ad2bed6141081e5f4a8043ce0f5f64b137f67e79992b636a97a4e0cb0d81f1,1.4528632164001465e-07
tof_sensor_link__C008,tof_sensor_link,8,2,small_fragment_or_detail_review,False,True,False,0.0,3.5000776406377554,0.7003932259976864,-1.298518302242848,"[-0.530004152096808, -4.215588909573853, 4.306350601837039]",components_mm/tof_sensor_link__C008.stl,cb63b73d5aa98bf63661f384d1720ad948aad8c74e9a8c55913925cfde67007a,1.4528632164001465e-07
tof_sensor_link__C009,tof_sensor_link,9,2,small_fragment_or_detail_review,False,True,False,0.0,6.999999284744263,0.1505785621702671,0.4173649016229535,"[-0.530004152096808, -4.215525928884745, 3.881253534927964]",components_mm/tof_sensor_link__C009.stl,23b581d068cb1bcd1176126e5a2ba1592336455346d7cc56fb50a236c5deceda,8.568167686462402e-08
tof_sensor_link__C010,tof_sensor_link,10,2,small_fragment_or_detail_review,False,True,False,0.0,6.999999284744263,0.1505785621702671,-0.4173649016229535,"[-0.530004152096808, -4.215525928884745, 3.881253534927964]",components_mm/tof_sensor_link__C010.stl,dabdbae93fefdc04723324e8f94c558f349d1cf3025127d01d323492efaf2f01,8.568167686462402e-08
tof_sensor_link__C011,tof_sensor_link,11,2,small_fragment_or_detail_review,False,True,False,2.0000000949949026,0.10489625856280327,0.839725136756897,0.040366222256462164,"[0.46999589540064335, -7.517993682995439, 4.271023441106081]",components_mm/tof_sensor_link__C011.stl,e106a7b2f38a5600282060db6fd4c5d128cb0df92e63f093d41c47070db7e59f,1.0803341865539551e-07
tof_sensor_link__C012,tof_sensor_link,12,2,small_fragment_or_detail_review,False,True,False,2.0000000949949026,0.10489625856280327,0.839725136756897,-0.040366258456673375,"[0.46999589540064335, -7.517993682995439, 4.271023441106081]",components_mm/tof_sensor_link__C012.stl,866e65d7c726490c240763d133c512855c077e956df6e5c640b41ca6c8736cf1,1.0803341865539551e-07
tof_sensor_link__C013,tof_sensor_link,13,2,small_fragment_or_detail_review,False,True,False,2.0000000949949026,1.7096251249313354,0.035084318369627,0.027547527776517897,"[0.46999589540064335, -6.7156292498111725, 4.6735338401049376]",components_mm/tof_sensor_link__C013.stl,6a13bece9375afee12cdcaeef2f61d0a2fdd1200e57d88421b9ff99041eefea2,2.086162567138672e-07
tof_sensor_link__C014,tof_sensor_link,14,2,small_fragment_or_detail_review,False,True,False,2.0000000949949026,1.7096251249313354,0.035084318369627,-0.02754753516412729,"[0.46999589540064335, -6.7156292498111725, 4.6735338401049376]",components_mm/tof_sensor_link__C014.stl,93018011982cd6cbc81a2e18705e9d5d72a04715cc66cbb2ea4a70178221a460,2.086162567138672e-07
tof_sensor_link__C015,tof_sensor_link,15,2,small_fragment_or_detail_review,False,True,False,2.0000000949949026,1.7096251249313354,0.10499311611056328,0.08271918748009344,"[0.46999589540064335, -6.715536117553711, 3.903657430782914]",components_mm/tof_sensor_link__C015.stl,20f2027081a8b7983de2eaa63a248ebe8a24495a5e790977abc14c83040930f3,1.1920928955078125e-07
tof_sensor_link__C016,tof_sensor_link,16,2,small_fragment_or_detail_review,False,True,False,2.0000000949949026,1.7096251249313354,0.10499311611056328,-0.082719063677499,"[0.46999589540064335, -6.715536117553711, 3.903657430782914]",components_mm/tof_sensor_link__C016.stl,825c77ec9e095dc21bc320973787d0dea6cc487094634ba46d01dafd4b94b050,1.1920928955078125e-07
tof_sensor_link__C017,tof_sensor_link,17,2,small_fragment_or_detail_review,False,True,False,2.0000000949949026,0.1049041748046875,0.8397253695875406,0.040366330335214966,"[0.46999589540064335, -5.913175642490387, 4.271213314495981]",components_mm/tof_sensor_link__C017.stl,10eab48822c440a87734083c2f7d8766725b7f8ad0ec5a94d63a7b39963a5182,1.9744038581848145e-07
tof_sensor_link__C018,tof_sensor_link,18,2,small_fragment_or_detail_review,False,True,False,2.0000000949949026,0.1049041748046875,0.8397253695875406,-0.040366294128968354,"[0.46999589540064335, -5.913175642490387, 4.271213314495981]",components_mm/tof_sensor_link__C018.stl,7bdad0c3faaae1a8744a622dd763a96550b23506bae33ae292e72ac30896bae2,1.9744038581848145e-07
tof_sensor_link__C019,tof_sensor_link,19,2,small_fragment_or_detail_review,False,True,False,2.0000000949949026,0.10489649139344692,0.839725136756897,0.040366279396821615,"[0.46999589540064335, -2.517998334951699, 4.271578975021839]",components_mm/tof_sensor_link__C019.stl,fd64e54e1cec02aa99d433206a45cf2fe78c4433474338d116293bf2ae6682a1,1.1175870895385742e-07
tof_sensor_link__C020,tof_sensor_link,20,2,small_fragment_or_detail_review,False,True,False,2.0000000949949026,0.10489649139344692,0.839725136756897,-0.04036629752410457,"[0.46999589540064335, -2.517998334951699, 4.271578975021839]",components_mm/tof_sensor_link__C020.stl,78d9ed789c65a7650549b0a746d1168067f433d4b2fd9c8bc3c1564310495c26,1.1175870895385742e-07
tof_sensor_link__C021,tof_sensor_link,21,2,small_fragment_or_detail_review,False,True,False,2.0000000949949026,1.7096250667236745,0.035084318369627,0.027547526698546043,"[0.46999589540064335, -1.715634047286585, 4.674089374020696]",components_mm/tof_sensor_link__C021.stl,b7201685b14cfc1b24b3f217e3456d69edd39770b4d9ee17a711374e35bafba9,2.1606683731079102e-07
tof_sensor_link__C022,tof_sensor_link,22,2,small_fragment_or_detail_review,False,True,False,2.0000000949949026,1.7096250667236745,0.035084318369627,-0.027547534090293476,"[0.46999589540064335, -1.715634047286585, 4.674089374020696]",components_mm/tof_sensor_link__C022.stl,bdd55b124e2fda2a27a30eabb5920841951eef764cffa7c1c23151859e02111a,2.1606683731079102e-07
tof_sensor_link__C023,tof_sensor_link,23,2,small_fragment_or_detail_review,False,True,False,2.0000000949949026,1.7096250085160136,0.10499311611056328,0.08271918174562327,"[0.46999589540064335, -1.7155407113023102, 3.9042129646986723]",components_mm/tof_sensor_link__C023.stl,2d08b9e74665d2bd920f5f4dce81612f2c779704f816de35973599b35a6e8d2e,1.1175870895385742e-07
tof_sensor_link__C024,tof_sensor_link,24,2,small_fragment_or_detail_review,False,True,False,2.0000000949949026,1.7096250085160136,0.10499311611056328,-0.08271905794213436,"[0.46999589540064335, -1.7155407113023102, 3.9042129646986723]",components_mm/tof_sensor_link__C024.stl,913a34dd5b12f46f22be98c1fa5b7c017f1921aafde14e7a12997e9e48e546c6,1.1175870895385742e-07
tof_sensor_link__C025,tof_sensor_link,25,2,small_fragment_or_detail_review,False,True,False,2.0000000949949026,0.1049041748046875,0.8397253695875406,0.04036627842547392,"[0.46999589540064335, -0.9131802944466472, 4.271768848411739]",components_mm/tof_sensor_link__C025.stl,637c5d89e9b75fadd8b070e357851382c4d1c2ee2b18314336fce1d3cb464f5f,2.1606683731079102e-07
tof_sensor_link__C026,tof_sensor_link,26,2,small_fragment_or_detail_review,False,True,False,2.0000000949949026,0.1049041748046875,0.8397253695875406,-0.0403662738860999,"[0.46999589540064335, -0.9131802944466472, 4.271768848411739]",components_mm/tof_sensor_link__C026.stl,a6e335babb24092dcbeb4bbcb8738c6e177166e36e7ba5582b384e48d40622c1,2.1606683731079102e-07
tof_sensor_link__C027,tof_sensor_link,27,2,small_fragment_or_detail_review,False,True,False,0.0,0.19124988466501236,0.19129272550344467,0.01344465573138222,"[1.4699959428980947, -4.035957157611847, -4.595624282956123]",components_mm/tof_sensor_link__C027.stl,2d0724c58860c5c8c9c6fefaf892762e2852633256934e6defbfcc5d7b4271a1,1.825392246246338e-07
tof_sensor_link__C028,tof_sensor_link,28,2,small_fragment_or_detail_review,False,True,False,0.0,0.19124988466501236,0.19129272550344467,-0.01344465573138222,"[1.4699959428980947, -4.035957157611847, -4.595624282956123]",components_mm/tof_sensor_link__C028.stl,99ea0f8e516c4f2751581a652d4511f1fb1c228e15e729cbd84adb58bc55d227,1.825392246246338e-07
tof_sensor_link__C029,tof_sensor_link,29,2,small_fragment_or_detail_review,False,True,False,0.0,0.19129249267280102,0.19124988466501236,0.012704015763666367,"[1.4699959428980947, -3.127239760942757, -4.595523234456778]",components_mm/tof_sensor_link__C029.stl,38458a25577a3b815ebb6afa0ed2047646bf22a2d291ceab77033e7d115fb9da,1.4156103134155273e-07
tof_sensor_link__C030,tof_sensor_link,30,2,small_fragment_or_detail_review,False,True,False,0.0,0.19129249267280102,0.19124988466501236,-0.012704015763666367,"[1.4699959428980947, -3.127239760942757, -4.595523234456778]",components_mm/tof_sensor_link__C030.stl,ba2646b13737ca223610b0a588aca69c22f6d2445a149bb8a663e688dddae257,1.4156103134155273e-07
tof_sensor_link__C031,tof_sensor_link,31,2,small_fragment_or_detail_review,False,True,False,0.0,0.653532799333334,0.7836376316845417,0.09323078270116957,"[1.4699959428980947, -2.897119615226984, 4.2435352224856615]",components_mm/tof_sensor_link__C031.stl,0ee0d8d11a7e6fde6999ff1f8940c674ec73cc274bd23714b1819aa938be732c,1.1175870895385742e-07
tof_sensor_link__C032,tof_sensor_link,32,2,small_fragment_or_detail_review,False,True,False,0.0,0.653532799333334,0.7836376316845417,-0.09323078270116958,"[1.4699959428980947, -2.897119615226984, 4.2435352224856615]",components_mm/tof_sensor_link__C032.stl,e913479317dcafb74a430d7cb0782e807b28c3604aeac016b6f9f125a62caba1,1.1175870895385742e-07
tof_sensor_link__C033,tof_sensor_link,33,2,small_fragment_or_detail_review,False,True,False,0.7999999215826392,5.3830016404390335,0.014567747712135315,0.1406230228137977,"[1.8699959036894143, -6.823081523180008, -4.698554519563913]",components_mm/tof_sensor_link__C033.stl,c8a1dca23b8dc6333908375803f5ca505b6a43fe0ad8f0f81f6664fa04429179,2.905726432800293e-07
tof_sensor_link__C034,tof_sensor_link,34,2,small_fragment_or_detail_review,False,True,False,0.7999999215826392,5.3830016404390335,0.014567747712135315,-0.1406230228509208,"[1.8699959036894143, -6.823081523180008, -4.698554519563913]",components_mm/tof_sensor_link__C034.stl,cd285873bade0ce1e187e0a9ced09be7a142dc138bebb7946926b4bbcd7acc33,2.905726432800293e-07
tof_sensor_link__C035,tof_sensor_link,35,2,small_fragment_or_detail_review,False,True,False,0.7999999215826392,0.01496216282248497,8.999997284263372,0.2349863711719741,"[1.8699959036894143, -3.933850908651948, 2.0721927285194397e-05]",components_mm/tof_sensor_link__C035.stl,07bb3fc1a996f7f4cd0ba3ee83274363069ee23d0e7643080b6ca340cb09852d,1.862645149230957e-07
tof_sensor_link__C036,tof_sensor_link,36,2,small_fragment_or_detail_review,False,True,False,0.7999999215826392,0.01496216282248497,8.999997284263372,-0.2349863711719741,"[1.8699959036894143, -3.933850908651948, 2.0721927285194397e-05]",components_mm/tof_sensor_link__C036.stl,d70c39dd12b1749229610d82260000fc3a32e3b6e64636812af6c1323bb7026d,1.862645149230957e-07
tof_sensor_link__C037,tof_sensor_link,37,2,small_fragment_or_detail_review,False,True,False,0.7999999215826392,0.014962395653128624,8.999997284263372,0.23498637117258236,"[1.8699959036894143, -3.230367205105722, 9.895302355289459e-05]",components_mm/tof_sensor_link__C037.stl,1412d0933c0e0519f0cb89084251428a8878812a02f50ea2f61fa233d34a7117,1.7508864402770996e-07
tof_sensor_link__C038,tof_sensor_link,38,2,small_fragment_or_detail_review,False,True,False,0.7999999215826392,0.014962395653128624,8.999997284263372,-0.23498637117258236,"[1.8699959036894143, -3.230367205105722, 9.895302355289459e-05]",components_mm/tof_sensor_link__C038.stl,e884f328db6439d12b328737609168f725d8028651905849d6cfbcb275363d46,1.7508864402770996e-07
tof_sensor_link__C039,tof_sensor_link,39,2,small_fragment_or_detail_review,False,True,False,0.7999999215826392,4.117013653740287,0.014185905456542969,0.0812059030285261,"[1.8699959036894143, -0.9741307003423572, 4.698724485933781]",components_mm/tof_sensor_link__C039.stl,28b3e4b21e18f5987c2523449658e9df390c3ef528844adf850660c287036ce9,2.1606683731079102e-07
tof_sensor_link__C040,tof_sensor_link,40,2,small_fragment_or_detail_review,False,True,False,0.7999999215826392,4.117013653740287,0.014185905456542969,-0.08120589623010932,"[1.8699959036894143, -0.9741307003423572, 4.698724485933781]",components_mm/tof_sensor_link__C040.stl,2159283a8464193dd63cede04048747670be5890a85bcf8db63f92013e1f2603,2.1606683731079102e-07
tof_sensor_link__C041,tof_sensor_link,41,2,small_fragment_or_detail_review,False,True,False,0.7999999215826392,4.117013653740287,0.014427118003368378,0.10755093512890261,"[1.8699959036894143, -0.9730866877362132, -4.697904456406832]",components_mm/tof_sensor_link__C041.stl,f79339db0f4b6b1e5baeb5aa2971d643b6ab898ef8af882b2a52f716d2bb068c,1.6391277313232422e-07
tof_sensor_link__C042,tof_sensor_link,42,2,small_fragment_or_detail_review,False,True,False,0.7999999215826392,4.117013653740287,0.014427118003368378,-0.10755093513600052,"[1.8699959036894143, -0.9730866877362132, -4.697904456406832]",components_mm/tof_sensor_link__C042.stl,feb44b178bff0a8cc8ffa53f94339238e9bfa1fe598a2c72d86463a56a925d74,1.6391277313232422e-07
tof_sensor_link__C043,tof_sensor_link,43,1,small_fragment_or_detail_review,False,True,False,0.0,0.24998001754283905,0.8500274270772934,0.04637503960945067,"[-0.530004152096808, -7.5905355624854565, 4.230977967381477]",components_mm/tof_sensor_link__C043.stl,d6adf01f5df72054fa788a9c7e2c30b177a9099d711377145d07b9d9fc281ef5,1.2665987014770508e-07
tof_sensor_link__C044,tof_sensor_link,44,1,small_fragment_or_detail_review,False,True,False,0.0,0.24998001754283905,0.8500274270772934,-0.04637503960945067,"[-0.530004152096808, -7.5905355624854565, 4.230977967381477]",components_mm/tof_sensor_link__C044.stl,1073cb6c667ee47e4a580d8d7bbafb205ec3961252c292b3b90b573c27cad40f,1.2665987014770508e-07
tof_sensor_link__C045,tof_sensor_link,45,1,small_fragment_or_detail_review,False,True,False,0.0,1.7499756067991257,0.15018973499536514,0.05962340203309011,"[-0.530004152096808, -6.840537767857313, 3.8810591213405132]",components_mm/tof_sensor_link__C045.stl,9fbd54cab9326c97485afbdd0d45ff6561d2feef582abbee72323784f2f022c4,1.1920928955078125e-07
tof_sensor_link__C046,tof_sensor_link,46,1,small_fragment_or_detail_review,False,True,False,0.0,1.7499756067991257,0.15018973499536514,-0.05962340203309011,"[-0.530004152096808, -6.840537767857313, 3.8810591213405132]",components_mm/tof_sensor_link__C046.stl,2bb5386f385192638b6011a788af69d17c097b40b063b08e541fe27fe8a26afa,1.1920928955078125e-07
tof_sensor_link__C047,tof_sensor_link,47,1,small_fragment_or_detail_review,False,True,False,0.0,1.750023802742362,0.1499673817306757,0.059623366990062245,"[-0.530004152096808, -1.5905381878837943, 3.881725831888616]",components_mm/tof_sensor_link__C047.stl,239cd376b7f1fb9a98e903e178e1a900e8d41e95f4fb1edfec5bcd69b634b40d,1.0058283805847168e-07
tof_sensor_link__C048,tof_sensor_link,48,1,small_fragment_or_detail_review,False,True,False,0.0,1.750023802742362,0.1499673817306757,-0.059623366990062245,"[-0.530004152096808, -1.5905381878837943, 3.881725831888616]",components_mm/tof_sensor_link__C048.stl,be75ad8fb341a30ea9024b4dac1f171fd2c8396acecfe0aab87a5a44123013c9,1.0058283805847168e-07
tof_sensor_link__C049,tof_sensor_link,49,1,small_fragment_or_detail_review,False,True,False,0.0,0.2501060953363776,0.8499717805534601,0.0463778194756066,"[-0.530004152096808, -0.8405793341808021, 4.231728031300008]",components_mm/tof_sensor_link__C049.stl,a928939de366f68a1297e741fb92921795a96246887666146f09d66d9c1c3588,5.029141902923584e-08
tof_sensor_link__C050,tof_sensor_link,50,1,small_fragment_or_detail_review,False,True,False,0.0,0.2501060953363776,0.8499717805534601,-0.0463778194756066,"[-0.530004152096808, -0.8405793341808021, 4.231728031300008]",components_mm/tof_sensor_link__C050.stl,9e50737b7566f7e1e9321141f2bd5faf219252eb50f4100e0cda4c8f449910fd,5.029141902923584e-08
tof_sensor_link__C051,tof_sensor_link,51,1,small_fragment_or_detail_review,False,True,False,0.0,0.05604350008070469,0.13524433597922325,0.0015672858034752166,"[1.4699959428980947, -3.1948642572388053, -4.567520460113883]",components_mm/tof_sensor_link__C051.stl,110e98c86c29ba369e12f748aafc73085062ed27f0507794b13e39a849267edf,1.7508864402770996e-07
tof_sensor_link__C052,tof_sensor_link,52,1,small_fragment_or_detail_review,False,True,False,0.0,0.05604350008070469,0.13524433597922325,-0.0015672858034752166,"[1.4699959428980947, -3.1948642572388053, -4.567520460113883]",components_mm/tof_sensor_link__C052.stl,62a44812d4b479c20afe87e5b924aa01525fd361c1ac695da0774eb0db47343b,1.7508864402770996e-07
tof_sensor_link__C053,tof_sensor_link,53,1,small_fragment_or_detail_review,False,True,False,0.0,0.5975193344056606,0.8251070976257324,0.05394785695262853,"[1.4699959428980947, -2.8691128827631474, 4.264269955456257]",components_mm/tof_sensor_link__C053.stl,20d7135e3a12c16c78f7f39384934c1a09380cafb829ccad1fc0c905ec646ce8,1.1734664440155029e-07
tof_sensor_link__C054,tof_sensor_link,54,1,small_fragment_or_detail_review,False,True,False,0.0,0.5975193344056606,0.8251070976257324,-0.05394785695262852,"[1.4699959428980947, -2.8691128827631474, 4.264269955456257]",components_mm/tof_sensor_link__C054.stl,6db0c468ca9183fe2ecc27da588ad0183119dd8dc1e1bb1db9eae36a864e1ac3,1.1734664440155029e-07
tof_sensor_link__C055,tof_sensor_link,55,1,small_fragment_or_detail_review,False,True,False,0.0,0.5354755558073521,0.8396739140152931,0.050121080093034176,"[1.4699959428980947, -2.838090993463993, 4.271553363651037]",components_mm/tof_sensor_link__C055.stl,fd8368a2e98e12bd9b3fde88841444b31a868b76cc8b39bafaa9758a943803cb,1.9371509552001953e-07
tof_sensor_link__C056,tof_sensor_link,56,1,small_fragment_or_detail_review,False,True,False,0.0,0.5354755558073521,0.8396739140152931,-0.050121080093034176,"[1.4699959428980947, -2.838090993463993, 4.271553363651037]",components_mm/tof_sensor_link__C056.stl,ed1b61a5af4086affdf9de5f7fa92eb4fe60610e3225fa0c8fa4e0836bdcdbd9,1.9371509552001953e-07
tof_sensor_link__C057,tof_sensor_link,57,1,small_fragment_or_detail_review,False,True,False,0.0,0.46228268183767796,0.839725136756897,0.28526152681323164,"[1.4699959428980947, -2.801494556479156, 4.271578975021839]",components_mm/tof_sensor_link__C057.stl,dad18dd5ad1e76edbe4b2f39d4d97e6844610131d8fe300f11cc94d268d35154,1.1175870895385742e-07
tof_sensor_link__C058,tof_sensor_link,58,1,small_fragment_or_detail_review,False,True,False,0.0,0.46228268183767796,0.839725136756897,-0.28526152681323164,"[1.4699959428980947, -2.801494556479156, 4.271578975021839]",components_mm/tof_sensor_link__C058.stl,fba73e0a4821d25c4415ee44d623ba79fd9b6579552f283e6906683a43c20717,1.1175870895385742e-07
tof_sensor_link__C059,tof_sensor_link,59,1,small_fragment_or_detail_review,False,True,False,0.7999999215826392,1.9451845437288284,0.013969838619232178,0.023595937738639463,"[1.8699959036894143, -8.543034084141254, 4.697654861956835]",components_mm/tof_sensor_link__C059.stl,7089f782dc9e5aee1e6846322d8f08aff36d91aa0cc4f4f0d78045a80f172571,4.023313522338867e-07
tof_sensor_link__C060,tof_sensor_link,60,1,small_fragment_or_detail_review,False,True,False,0.7999999215826392,1.9451845437288284,0.013969838619232178,-0.023595937738639463,"[1.8699959036894143, -8.543034084141254, 4.697654861956835]",components_mm/tof_sensor_link__C060.stl,764ea98896ebd15ce8e2a1c1020c0fbd2b92f204608266ff5e700a69096f10d5,4.023313522338867e-07
tof_sensor_link__C061,tof_sensor_link,61,1,small_fragment_or_detail_review,False,True,False,0.7999999215826392,3.654809668660164,0.013753771781921387,0.02073866800002395,"[1.8699959036894143, -7.688221521675587, 4.69776289537549]",components_mm/tof_sensor_link__C061.stl,ec9f5ce723a1023395ee9525573e28ade3f630435bfce46ed7a527a084a6f215,4.023313522338867e-07
tof_sensor_link__C062,tof_sensor_link,62,1,small_fragment_or_detail_review,False,True,False,0.7999999215826392,3.654809668660164,0.013753771781921387,-0.02073866800002395,"[1.8699959036894143, -7.688221521675587, 4.69776289537549]",components_mm/tof_sensor_link__C062.stl,bd87b66ca7cd2d81702aa1d669042ca64cdf5bfd929a645f735b0aca9dc1d3b5,4.023313522338867e-07
tof_sensor_link__C063,tof_sensor_link,63,1,small_fragment_or_detail_review,False,True,False,0.7999999215826392,5.383000243455172,0.014161691069602966,0.07532426291501633,"[1.8699959036894143, -6.824126234278083, 4.6981568448245525]",components_mm/tof_sensor_link__C063.stl,e81a43dd0a0700183393f8d891cdf4077f0c238f13d3e69abf7b1d9c444440c6,4.023313522338867e-07
tof_sensor_link__C064,tof_sensor_link,64,1,small_fragment_or_detail_review,False,True,False,0.7999999215826392,5.383000243455172,0.014161691069602966,-0.07532426291501633,"[1.8699959036894143, -6.824126234278083, 4.6981568448245525]",components_mm/tof_sensor_link__C064.stl,13e740ea1ea96c3126f9538f3f6db3eb09ed9007c66e5fddfd153908d4532b66,4.023313522338867e-07
tof_sensor_link__C065,tof_sensor_link,65,1,small_fragment_or_detail_review,False,True,False,0.7999999215826392,1.7281919717788696,0.014161691069602966,0.020963743103318208,"[1.8699959036894143, -4.99672070145607, 4.6981568448245525]",components_mm/tof_sensor_link__C065.stl,c9d07e0bc512974a3afe153a9c5b8557a52c5a92d62e26d731df266345b601a3,2.086162567138672e-07
tof_sensor_link__C066,tof_sensor_link,66,1,small_fragment_or_detail_review,False,True,False,0.7999999215826392,1.7281919717788696,0.014161691069602966,-0.020963743103318208,"[1.8699959036894143, -4.99672070145607, 4.6981568448245525]",components_mm/tof_sensor_link__C066.stl,e4f947f4d56faf29ee80079db044e2901ec72b6b5357bac60411ce92322b0c3d,2.086162567138672e-07
tof_sensor_link__C067,tof_sensor_link,67,1,small_fragment_or_detail_review,False,True,False,0.7999999215826392,0.07853051647543907,0.01561501994729042,0.001098862968558481,"[1.8699959036894143, -4.0933608543127775, 4.697430180385709]",components_mm/tof_sensor_link__C067.stl,daca56a871e6bfcaaea4040f25a85a699ae52fddb084d5af0acde039517bb983,2.086162567138672e-07
tof_sensor_link__C068,tof_sensor_link,68,1,small_fragment_or_detail_review,False,True,False,0.7999999215826392,0.07853051647543907,0.01561501994729042,-0.001098862968558481,"[1.8699959036894143, -4.0933608543127775, 4.697430180385709]",components_mm/tof_sensor_link__C068.stl,c9cbccf6bd5ff2d97b5779b1daf97287cf9ce077b2d2457fdbd5e20b16c3dac3,2.086162567138672e-07
tof_sensor_link__C069,tof_sensor_link,69,1,small_fragment_or_detail_review,False,True,False,0.7999999215826392,0.07852911949157715,0.01455005258321762,0.0008875928670974177,"[1.8699959036894143, -4.093360155820847, 4.683992825448513]",components_mm/tof_sensor_link__C069.stl,27de4a5ef8b664e36e9508272b2db561de8f039d9229340b5bbd4dbe01cb39cf,1.4901161193847656e-07
tof_sensor_link__C070,tof_sensor_link,70,1,small_fragment_or_detail_review,False,True,False,0.7999999215826392,0.07852911949157715,0.01455005258321762,-0.0008875928670974177,"[1.8699959036894143, -4.093360155820847, 4.683992825448513]",components_mm/tof_sensor_link__C070.stl,26e53918f5f01c56fd850b975d0b09942cc87d715fae82bd934fc32ca6e0701a,1.4901161193847656e-07
tof_sensor_link__C071,tof_sensor_link,71,1,small_fragment_or_detail_review,False,True,False,0.7999999215826392,0.09563285857439041,0.0396030955016613,0.001160100513584854,"[1.8699959036894143, -4.083765670657158, -4.685438936576247]",components_mm/tof_sensor_link__C071.stl,1b2943a372d5e4935b1dfc9595d7ec6d5bcd6a5a3a8d5fa37c9c671079b38f94,2.3469328880310059e-07
tof_sensor_link__C072,tof_sensor_link,72,1,small_fragment_or_detail_review,False,True,False,0.7999999215826392,0.09563285857439041,0.0396030955016613,-0.001160100513584854,"[1.8699959036894143, -4.083765670657158, -4.685438936576247]",components_mm/tof_sensor_link__C072.stl,f8cb5b8d8d30fa418d3bf669189fbc39af8ecc736727f59d665c748120a2cf75,2.3469328880310059e-07
tof_sensor_link__C073,tof_sensor_link,73,1,small_fragment_or_detail_review,False,True,False,0.7999999215826392,0.1026061363518238,0.0396030955016613,0.0014349178463755833,"[1.8699959036894143, -4.080277634784579, -4.685438936576247]",components_mm/tof_sensor_link__C073.stl,c6b5703288e9e1bbc2bfe00e6c2e01f77870ebf2d2f59d83fb274d990594c99f,2.3469328880310059e-07
tof_sensor_link__C074,tof_sensor_link,74,1,small_fragment_or_detail_review,False,True,False,0.7999999215826392,0.1026061363518238,0.0396030955016613,-0.0014349178463755833,"[1.8699959036894143, -4.080277634784579, -4.685438936576247]",components_mm/tof_sensor_link__C074.stl,0692569c61e83cd6a609ecfc7b990685a30e059c848b43c1eaf7fe859a357627,2.3469328880310059e-07
tof_sensor_link__C075,tof_sensor_link,75,1,small_fragment_or_detail_review,False,True,False,0.7999999215826392,0.0719316303730011,0.041455961763858795,0.0008880099838954503,"[1.8699959036894143, -4.023462999612093, 4.655989818274975]",components_mm/tof_sensor_link__C075.stl,621040bd259755926f819b2c8d2a0df2aec20a620c487489e15c4dac2495c59c,1.7508864402770996e-07
tof_sensor_link__C076,tof_sensor_link,76,1,small_fragment_or_detail_review,False,True,False,0.7999999215826392,0.0719316303730011,0.041455961763858795,-0.0008880099838954503,"[1.8699959036894143, -4.023462999612093, 4.655989818274975]",components_mm/tof_sensor_link__C076.stl,946f34850654db6f92d8197cf6712365413d324cf1ec04c1472115f386b99549,1.7508864402770996e-07
tof_sensor_link__C077,tof_sensor_link,77,1,small_fragment_or_detail_review,False,True,False,0.7999999215826392,0.0719316303730011,0.044479966163635254,0.0010984908387207482,"[1.8699959036894143, -4.023462999612093, 4.667382687330246]",components_mm/tof_sensor_link__C077.stl,3a63195f6eae62dbd1b1c29ff0f253b1f4f9a11d32bf842a9a321c240b195003,2.086162567138672e-07
tof_sensor_link__C078,tof_sensor_link,78,1,small_fragment_or_detail_review,False,True,False,0.7999999215826392,0.0719316303730011,0.044479966163635254,-0.0010984908387207482,"[1.8699959036894143, -4.023462999612093, 4.667382687330246]",components_mm/tof_sensor_link__C078.stl,53a6aaedc48937e03b83d9f26bf2f190afe2d93227370a68dd9aedc6dd5d204b,2.086162567138672e-07
tof_sensor_link__C079,tof_sensor_link,79,1,small_fragment_or_detail_review,False,True,False,0.7999999215826392,0.06999773904681206,0.0821123830974102,0.0011589980597604937,"[1.8699959036894143, -4.000950371846557, -4.636672558262944]",components_mm/tof_sensor_link__C079.stl,af7cc35c510044b493cae2459a896499f22a6301f6662c4e3175059d099eb0ec,9.685754776000977e-08
tof_sensor_link__C080,tof_sensor_link,80,1,small_fragment_or_detail_review,False,True,False,0.7999999215826392,0.06999773904681206,0.0821123830974102,-0.0011589980597604937,"[1.8699959036894143, -4.000950371846557, -4.636672558262944]",components_mm/tof_sensor_link__C080.stl,cae198a4012937e3eb344731acbea1199ab8994f07eb683719562d4f351ffafc,9.685754776000977e-08
tof_sensor_link__C081,tof_sensor_link,81,1,small_fragment_or_detail_review,False,True,False,0.7999999215826392,0.07512373849749565,0.0821123830974102,0.0014358896208143165,"[1.8699959036894143, -3.9914126973599195, -4.636672558262944]",components_mm/tof_sensor_link__C081.stl,baae6dd8eacf6ecdf1d7743ceb9c6653ad90261734b2c786f9f79183553d706e,9.685754776000977e-08
tof_sensor_link__C082,tof_sensor_link,82,1,small_fragment_or_detail_review,False,True,False,0.7999999215826392,0.07512373849749565,0.0821123830974102,-0.0014358896208143165,"[1.8699959036894143, -3.9914126973599195, -4.636672558262944]",components_mm/tof_sensor_link__C082.stl,96747febc27fcd85d2c55dbfbbfaeac99511c038b8eb082050860b41985f69ea,9.685754776000977e-08
tof_sensor_link__C083,tof_sensor_link,83,1,small_fragment_or_detail_review,False,True,False,0.7999999215826392,0.05436595529317856,0.06204377859830856,0.0008868398148245368,"[1.8699959036894143, -3.9701927453279495, 4.604239948093891]",components_mm/tof_sensor_link__C083.stl,af8c94749bab5d5aa8e487c97cbd692e1fb1dd8f242c6cbba6d6a8e81e238e5c,1.8998980522155762e-07
tof_sensor_link__C084,tof_sensor_link,84,1,small_fragment_or_detail_review,False,True,False,0.7999999215826392,0.05436595529317856,0.06204377859830856,-0.0008868398148245368,"[1.8699959036894143, -3.9701927453279495, 4.604239948093891]",components_mm/tof_sensor_link__C084.stl,4cb6d6a5021884c95701ff6c471f128b165935d9c8a7d63f1b227d1eae3e3e50,1.8998980522155762e-07
tof_sensor_link__C085,tof_sensor_link,85,1,small_fragment_or_detail_review,False,True,False,0.7999999215826392,0.05436595529317856,0.06658118218183517,0.0010991255934919878,"[1.8699959036894143, -3.9701927453279495, 4.611852113157511]",components_mm/tof_sensor_link__C085.stl,c3311f1d911d06c0fffeafec477296b32d1d3b3baa90fe1d88a444da01115619,2.1606683731079102e-07
tof_sensor_link__C086,tof_sensor_link,86,1,small_fragment_or_detail_review,False,True,False,0.7999999215826392,0.05436595529317856,0.06658118218183517,-0.0010991255934919878,"[1.8699959036894143, -3.9701927453279495, 4.611852113157511]",components_mm/tof_sensor_link__C086.stl,a769f9ccca7315077a56e6097ba790cf5771beb29fd69402498c07ab3d5f5113,2.1606683731079102e-07
tof_sensor_link__C087,tof_sensor_link,87,1,small_fragment_or_detail_review,False,True,False,0.7999999215826392,0.02561928704380989,0.10261824354529381,0.0011601836101871492,"[1.8699959036894143, -3.9531418588012457, -4.551287041977048]",components_mm/tof_sensor_link__C087.stl,4d7369dfdeb99a1033e4abfd57e7a6fa2ccf62fe2fb66cc01d4fb6592b7fd106,1.4528632164001465e-07
tof_sensor_link__C088,tof_sensor_link,88,1,small_fragment_or_detail_review,False,True,False,0.7999999215826392,0.02561928704380989,0.10261824354529381,-0.0011601836101871492,"[1.8699959036894143, -3.9531418588012457, -4.551287041977048]",components_mm/tof_sensor_link__C088.stl,4fce607359fe9f0068829da48eb41fefc99d1451e7b8f384cd5b67e68548e4d7,1.4528632164001465e-07
tof_sensor_link__C089,tof_sensor_link,89,1,small_fragment_or_detail_review,False,True,False,0.7999999215826392,0.028529204428195953,0.07320009171962738,0.0008874940040876912,"[1.8699959036894143, -3.941634204238653, 4.536618012934923]",components_mm/tof_sensor_link__C089.stl,b871156e7ecd67f6c2cb7b5c345ba38f669f982165d240c0fde8849a7602fd8d,1.8998980522155762e-07
tof_sensor_link__C090,tof_sensor_link,90,1,small_fragment_or_detail_review,False,True,False,0.7999999215826392,0.028529204428195953,0.07320009171962738,-0.0008874940040876912,"[1.8699959036894143, -3.941634204238653, 4.536618012934923]",components_mm/tof_sensor_link__C090.stl,6bcc38372061a62769a54eb7d2a0cd6248d5939dc5f982fac158865e20dddf63,1.8998980522155762e-07
tof_sensor_link__C091,tof_sensor_link,91,1,small_fragment_or_detail_review,False,True,False,0.7999999215826392,0.028529204428195953,0.07854215800762177,0.0010977298280397077,"[1.8699959036894143, -3.941634204238653, 4.539290443062782]",components_mm/tof_sensor_link__C091.stl,903cd057bb7ce4a318b2c24c8fcfb489500fcdfefe7112a8a273be32dbe57ad6,2.1606683731079102e-07
tof_sensor_link__C092,tof_sensor_link,92,1,small_fragment_or_detail_review,False,True,False,0.7999999215826392,0.028529204428195953,0.07854215800762177,-0.0010977298280397077,"[1.8699959036894143, -3.941634204238653, 4.539290443062782]",components_mm/tof_sensor_link__C092.stl,5f02efcf14ec11ebcbdcc92a5ded5a8cbc0e0b41441636c4f947c1f04d56978b,2.1606683731079102e-07
tof_sensor_link__C093,tof_sensor_link,93,1,small_fragment_or_detail_review,False,True,False,0.7999999215826392,0.027481000870466232,0.10261964052915573,0.0014351618684444666,"[1.8699959036894143, -3.9401103276759386, -4.551286343485117]",components_mm/tof_sensor_link__C093.stl,34cc30d7d1ee1d2e31031114f66ff5ebb68285b5fab882cfdb6d4d7b47b5ea04,1.1920928955078125e-07
tof_sensor_link__C094,tof_sensor_link,94,1,small_fragment_or_detail_review,False,True,False,0.7999999215826392,0.027481000870466232,0.10261964052915573,-0.0014351618684444666,"[1.8699959036894143, -3.9401103276759386, -4.551286343485117]",components_mm/tof_sensor_link__C094.stl,609863525f7dd2e898072ee4f1c6f028bb8c74c75e7e4493af07a791e8ba2dac,1.1920928955078125e-07
tof_sensor_link__C095,tof_sensor_link,95,1,small_fragment_or_detail_review,False,True,False,0.7999999215826392,0.015622703358530998,0.07854541763663292,0.001098485288030634,"[1.8699959036894143, -3.2300370512530208, 4.539368906989694]",components_mm/tof_sensor_link__C095.stl,b8248db7149a1275abf7d8fe67c7182cc4ad82a6889309898ec39b44ccc02072,2.0116567611694336e-07
tof_sensor_link__C096,tof_sensor_link,96,1,small_fragment_or_detail_review,False,True,False,0.7999999215826392,0.015622703358530998,0.07854541763663292,-0.001098485288030634,"[1.8699959036894143, -3.2300370512530208, 4.539368906989694]",components_mm/tof_sensor_link__C096.stl,14eb5ed9a89659c0583c160c5fcc91e27408082f6150047f5d90f2950a449708,2.0116567611694336e-07
tof_sensor_link__C097,tof_sensor_link,97,1,small_fragment_or_detail_review,False,True,False,0.7999999215826392,0.0285289715975523,0.07854262366890907,0.0010977175223863746,"[1.8699959036894143, -3.2225839095190167, -4.539171000942588]",components_mm/tof_sensor_link__C097.stl,db517ccc4ee6276ebf3d805455e2b48f5a55be7c520407c9c2c75aa9f4dfb9b2,2.1606683731079102e-07
tof_sensor_link__C098,tof_sensor_link,98,1,small_fragment_or_detail_review,False,True,False,0.7999999215826392,0.0285289715975523,0.07854262366890907,-0.0010977175223863746,"[1.8699959036894143, -3.2225839095190167, -4.539171000942588]",components_mm/tof_sensor_link__C098.stl,5b3e9a4f882a53e73b21048669b6997e791298be340baf9e63edfc27b772fe32,2.1606683731079102e-07
tof_sensor_link__C099,tof_sensor_link,99,1,small_fragment_or_detail_review,False,True,False,0.7999999215826392,0.0285289715975523,0.07320055738091469,0.0008874996494726654,"[1.8699959036894143, -3.2225839095190167, -4.536498570814729]",components_mm/tof_sensor_link__C099.stl,1f7c0eb2f3134fd53b911567cf21ad873e6a8d12c05e06b31af4ddb071c16184,1.8998980522155762e-07
tof_sensor_link__C100,tof_sensor_link,100,1,small_fragment_or_detail_review,False,True,False,0.7999999215826392,0.0285289715975523,0.07320055738091469,-0.0008874996494726654,"[1.8699959036894143, -3.2225839095190167, -4.536498570814729]",components_mm/tof_sensor_link__C100.stl,cd0383b7b19a6bf6a8e306d115525a2f513c24b4b30c56c0ceb76b29178a2822,1.8998980522155762e-07
tof_sensor_link__C101,tof_sensor_link,101,1,small_fragment_or_detail_review,False,True,False,0.7999999215826392,0.014550285413861275,0.078544020652771,0.0008868243797121897,"[1.8699959036894143, -3.2166108721867204, 4.539369605481625]",components_mm/tof_sensor_link__C101.stl,9b24f931a39d68e338980544ae877f0b910671b30ef60561c1faa2ed47142194,2.0116567611694336e-07
tof_sensor_link__C102,tof_sensor_link,102,1,small_fragment_or_detail_review,False,True,False,0.7999999215826392,0.014550285413861275,0.078544020652771,-0.0008868243797121897,"[1.8699959036894143, -3.2166108721867204, 4.539369605481625]",components_mm/tof_sensor_link__C102.stl,cba13886d19c8412aa39d2d706c21d7a95823c4e9c0122e7c0da04e36ce3171f,2.0116567611694336e-07
tof_sensor_link__C103,tof_sensor_link,103,1,small_fragment_or_detail_review,False,True,False,0.7999999215826392,0.04447251558303833,0.0719316303730011,0.0010976926913805027,"[1.8699959036894143, -3.199989441782236, 4.609266761690378]",components_mm/tof_sensor_link__C103.stl,451724798d6619a14626cad38a4fe839abebdebd7d5d56d3d3fd6578c4f39d9c,1.0803341865539551e-07
tof_sensor_link__C104,tof_sensor_link,104,1,small_fragment_or_detail_review,False,True,False,0.7999999215826392,0.04447251558303833,0.0719316303730011,-0.0010976926913805027,"[1.8699959036894143, -3.199989441782236, 4.609266761690378]",components_mm/tof_sensor_link__C104.stl,34b180d8378bcfeac2bcc0f911b303bd3352ac49070914d44139180176e1c253,1.0803341865539551e-07
tof_sensor_link__C105,tof_sensor_link,105,1,small_fragment_or_detail_review,False,True,False,0.7999999215826392,0.054365722462534904,0.06657326593995094,0.0010986922004818857,"[1.8699959036894143, -3.1940253684297204, -4.611728945747018]",components_mm/tof_sensor_link__C105.stl,15f581fe0d3d71da455d82552c5ba5c18b0919abc0f318c42730b46ff404f7f1,2.1606683731079102e-07
tof_sensor_link__C106,tof_sensor_link,106,1,small_fragment_or_detail_review,False,True,False,0.7999999215826392,0.054365722462534904,0.06657326593995094,-0.0010986922004818857,"[1.8699959036894143, -3.1940253684297204, -4.611728945747018]",components_mm/tof_sensor_link__C106.stl,659c4b350f78333ea12f7185d34d72b85cff6b0389bf53cb20594b45d583b111,2.1606683731079102e-07
tof_sensor_link__C107,tof_sensor_link,107,1,small_fragment_or_detail_review,False,True,False,0.7999999215826392,0.054365722462534904,0.06204377859830856,0.0008868272711773563,"[1.8699959036894143, -3.1940253684297204, -4.60412073880434]",components_mm/tof_sensor_link__C107.stl,8c429a475da2a5a1c54ee462335ea5e1bbde64efbd1de00930434ab99d5da226,1.8998980522155762e-07
tof_sensor_link__C108,tof_sensor_link,108,1,small_fragment_or_detail_review,False,True,False,0.7999999215826392,0.054365722462534904,0.06204377859830856,-0.0008868272711773563,"[1.8699959036894143, -3.1940253684297204, -4.60412073880434]",components_mm/tof_sensor_link__C108.stl,c3bf70737f95da7a1ff8400701fc8e2c49e0464e34894746c55cdab92afd1a8c,1.8998980522155762e-07
tof_sensor_link__C109,tof_sensor_link,109,1,small_fragment_or_detail_review,False,True,False,0.7999999215826392,0.041463179513812065,0.0719316303730011,0.0008880593510995058,"[1.8699959036894143, -3.1886041397228837, 4.609266761690378]",components_mm/tof_sensor_link__C109.stl,ad651318dec2b1152c31ea6971d448a57bd68b7380216456186a7d20630b4978,1.1734664440155029e-07
tof_sensor_link__C110,tof_sensor_link,110,1,small_fragment_or_detail_review,False,True,False,0.7999999215826392,0.041463179513812065,0.0719316303730011,-0.0008880593510995058,"[1.8699959036894143, -3.1886041397228837, 4.609266761690378]",components_mm/tof_sensor_link__C110.stl,538d15ba1603c45d5f9c15cb172673ae09a5dddc29786d1baf89e8b61ea0c424,1.1734664440155029e-07
tof_sensor_link__C111,tof_sensor_link,111,1,small_fragment_or_detail_review,False,True,False,0.7999999215826392,0.06658839993178844,0.05437340587377548,0.0010992603767283474,"[1.8699959036894143, -3.1444589840248227, 4.66254074126482]",components_mm/tof_sensor_link__C111.stl,5bdf41dd14accff4e836739b5bc016f035a9316e07d72bb38f21017a3d9db4aa,1.3783574104309082e-07
tof_sensor_link__C112,tof_sensor_link,112,1,small_fragment_or_detail_review,False,True,False,0.7999999215826392,0.06658839993178844,0.05437340587377548,-0.0010992603767283474,"[1.8699959036894143, -3.1444589840248227, 4.66254074126482]",components_mm/tof_sensor_link__C112.stl,f73ef9d9999985707d6b28f0c4bb16e7b874a15f48150716e22220c97b609f73,1.3783574104309082e-07
tof_sensor_link__C113,tof_sensor_link,113,1,small_fragment_or_detail_review,False,True,False,0.7999999215826392,0.07193139754235744,0.04448741674423218,0.001098520265165022,"[1.8699959036894143, -3.1407553469762206, -4.667259287089109]",components_mm/tof_sensor_link__C113.stl,23b25c8a459d833b75285f7806045f0c6a132852dd88a3c19e5dc5f4efdd86d3,1.9744038581848145e-07
tof_sensor_link__C114,tof_sensor_link,114,1,small_fragment_or_detail_review,False,True,False,0.7999999215826392,0.07193139754235744,0.04448741674423218,-0.001098520265165022,"[1.8699959036894143, -3.1407553469762206, -4.667259287089109]",components_mm/tof_sensor_link__C114.stl,4fd9a183e7cbc59dbcca1faba1050780f15154714c9ca8dd1c3b1e8bc8b15a34,1.9744038581848145e-07
tof_sensor_link__C115,tof_sensor_link,115,1,small_fragment_or_detail_review,False,True,False,0.7999999215826392,0.07193139754235744,0.04145549610257149,0.0008875774454477582,"[1.8699959036894143, -3.1407553469762206, -4.65587037615478]",components_mm/tof_sensor_link__C115.stl,f8a140ba61f977affccfa26e4f4501bab108b890f0145da38961f18adc7be431,1.7508864402770996e-07
tof_sensor_link__C116,tof_sensor_link,116,1,small_fragment_or_detail_review,False,True,False,0.7999999215826392,0.07193139754235744,0.04145549610257149,-0.0008875774454477582,"[1.8699959036894143, -3.1407553469762206, -4.65587037615478]",components_mm/tof_sensor_link__C116.stl,a06da9f2a39be2ffe0d7628a86e2020525e5d100448843e060edd661e09da857,1.7508864402770996e-07
tof_sensor_link__C117,tof_sensor_link,117,1,small_fragment_or_detail_review,False,True,False,0.7999999215826392,0.06204377859830856,0.05437340587377548,0.0008873397486152025,"[1.8699959036894143, -3.1368506606668234, 4.66254074126482]",components_mm/tof_sensor_link__C117.stl,52a864aeafd4c1daa106a87f6d33186755ac293aa8f94ae8a1cf4ee213bdbb55,1.3783574104309082e-07
tof_sensor_link__C118,tof_sensor_link,118,1,small_fragment_or_detail_review,False,True,False,0.7999999215826392,0.06204377859830856,0.05437340587377548,-0.0008873397486152025,"[1.8699959036894143, -3.1368506606668234, 4.66254074126482]",components_mm/tof_sensor_link__C118.stl,039c41a54e2ecb30452583afba38bb5d4c391dacd409a89855eb1cb250a9015b,1.3783574104309082e-07
tof_sensor_link__C119,tof_sensor_link,119,1,small_fragment_or_detail_review,False,True,False,0.7999999215826392,0.07852725684642792,0.028536655008792877,0.0010985529969800443,"[1.8699959036894143, -3.0719011556357145, 4.6910918317735195]",components_mm/tof_sensor_link__C119.stl,63ead2da60b05e3ec3c72ff8ea9ef362747e53a94d3a7f6fb9a606247d9c037e,2.2351741790771484e-07
tof_sensor_link__C120,tof_sensor_link,120,1,small_fragment_or_detail_review,False,True,False,0.7999999215826392,0.07852725684642792,0.028536655008792877,-0.0010985529969800443,"[1.8699959036894143, -3.0719011556357145, 4.6910918317735195]",components_mm/tof_sensor_link__C120.stl,bdc1e490490250d834dde6bcb59efbb6ccb9345420a2ce965c1590e7d3211d25,2.2351741790771484e-07
tof_sensor_link__C121,tof_sensor_link,121,1,small_fragment_or_detail_review,False,True,False,0.7999999215826392,0.07852911949157715,0.01455005258321762,0.0008875925344843082,"[1.8699959036894143, -3.070858074352145, -4.683873150497675]",components_mm/tof_sensor_link__C121.stl,70b03229ca4ae838a4187cb0357471198654bec21161568524678a2f2ae01eb2,1.043081283569336e-07
tof_sensor_link__C122,tof_sensor_link,122,1,small_fragment_or_detail_review,False,True,False,0.7999999215826392,0.07852911949157715,0.01455005258321762,-0.0008875925344843082,"[1.8699959036894143, -3.070858074352145, -4.683873150497675]",components_mm/tof_sensor_link__C122.stl,ee500b9cb51efa7f9d731df31913d98f30e4c3777a7752f0dcc0e9b0ad6f808e,1.043081283569336e-07
tof_sensor_link__C123,tof_sensor_link,123,1,small_fragment_or_detail_review,False,True,False,0.7999999215826392,0.07853074930608273,0.01561501994729042,0.0010988625848722259,"[1.8699959036894143, -3.0708572594448924, -4.697310505434871]",components_mm/tof_sensor_link__C123.stl,a79cff07a58a808eeac62d4d30f768d49af5532238e04df630e729f61990568d,1.9744038581848145e-07
tof_sensor_link__C124,tof_sensor_link,124,1,small_fragment_or_detail_review,False,True,False,0.7999999215826392,0.07853074930608273,0.01561501994729042,-0.0010988625848722259,"[1.8699959036894143, -3.0708572594448924, -4.697310505434871]",components_mm/tof_sensor_link__C124.stl,1726c0a34ffc4a739385650f978cc9291c12e6b213a54a264b8f1ddc1970cba0,1.9744038581848145e-07
tof_sensor_link__C125,tof_sensor_link,125,1,small_fragment_or_detail_review,False,True,False,0.7999999215826392,0.07319287396967411,0.028536655008792877,0.000887882967864417,"[1.8699959036894143, -3.069232334382832, 4.6910918317735195]",components_mm/tof_sensor_link__C125.stl,91b0175799046bc87a9c18ea0b61d30b498776ae4730edeacda34eea667285c2,2.2351741790771484e-07
tof_sensor_link__C126,tof_sensor_link,126,1,small_fragment_or_detail_review,False,True,False,0.7999999215826392,0.07319287396967411,0.028536655008792877,-0.000887882967864417,"[1.8699959036894143, -3.069232334382832, 4.6910918317735195]",components_mm/tof_sensor_link__C126.stl,22ebf35932094bd580312f8732aea09901f278a62b8a9f67d7644129bb7ef3c2,2.2351741790771484e-07
tof_sensor_link__C127,tof_sensor_link,127,1,small_fragment_or_detail_review,False,True,False,0.7999999215826392,0.46219094656407833,0.013969838619232178,0.0056065635516051,"[1.8699959036894143, -2.8015420539304614, 4.6983752399683]",components_mm/tof_sensor_link__C127.stl,f2a2a4166aea8993cd1fcdd7c0720367bc8ae381f15610939a291e7eca490d2b,2.2351741790771484e-07
tof_sensor_link__C128,tof_sensor_link,128,1,small_fragment_or_detail_review,False,True,False,0.7999999215826392,0.46219094656407833,0.013969838619232178,-0.0056065635516051,"[1.8699959036894143, -2.8015420539304614, 4.6983752399683]",components_mm/tof_sensor_link__C128.stl,b4fe8a4f2f28e59bea34e866912359397a1ae2582e188f342202c685eb7ebcb3,2.2351741790771484e-07
tof_sensor_link__C129,tof_sensor_link,129,1,small_fragment_or_detail_review,False,True,False,0.7999999215826392,2.171816013287753,0.013918615877628326,0.020738726293601708,"[1.8699959036894143, -1.9467295205686241, 4.698400851339102]",components_mm/tof_sensor_link__C129.stl,9f6b4f6e30806c1b853aaf0e29e4dc422c2320593f7a7ea0d65fd4bd80b319a7,2.2351741790771484e-07
tof_sensor_link__C130,tof_sensor_link,130,1,small_fragment_or_detail_review,False,True,False,0.7999999215826392,2.171816013287753,0.013918615877628326,-0.020738726293601708,"[1.8699959036894143, -1.9467295205686241, 4.698400851339102]",components_mm/tof_sensor_link__C130.stl,3c5e86e5e5b0c968fa3e4bd80c2405910e6cc280a306639a67ab5cd440553d87,2.2351741790771484e-07
camera_link__C001,camera_link,1,648,purchased_module_or_housing_review,True,True,True,6.800001738156425,64.0020091086626,18.007109872996807,2018.3837714921804,"[-3.370000855284161, -7.183997891843319, -0.0012530945241451263]",components_mm/camera_link__C001.stl,3c3885eab0e0cb5a53eac5f3f79da9cb60d71e74026eacea8988754715fe1b85,1.0728836059570312e-06
LF_shoulder_link__C001,LF_shoulder_link,1,7508,closed_geometry_trial_candidate_material_unverified,True,True,True,16.13623194862157,39.164068177342415,35.405476577579975,2904.724771533611,"[-8.87072685873136, -1.0113278403878212, -29.80797505006194]",components_mm/LF_shoulder_link__C001.stl,fcdd341771250f6750e350cbdea198fd752feb2078744ac02f371c71b70a4f76,1.6689300537109375e-06
LF_shoulder_link__C002,LF_shoulder_link,2,6594,closed_geometry_trial_candidate_material_unverified,True,True,True,19.24373721703887,39.19513151049614,35.51303129643202,3521.9688878233633,"[7.319255964830518, -1.0267850011587143, -29.856836888939142]",components_mm/LF_shoulder_link__C002.stl,f545703a89d744af99a506c55f68b2f0ff7388381539ff31ad0ab8b5ae7fc2f1,1.1920928955078125e-06
LF_shoulder_link__C003,LF_shoulder_link,3,972,repeated_actuator_or_bearing_reference_not_print,True,True,True,28.00000086426735,28.00000086426735,36.75000183284283,10569.656386005483,"[0.0, 0.0, 2.1749986335635185]",components_mm/LF_shoulder_link__C003.stl,9774b88f9f0429422c30c4852c978b1c07a66b911c18f411fdab2a58af98becd,4.3213367462158203e-07
LF_upper_arm_link__C001,LF_upper_arm_link,1,5814,open_geometry_repair_or_reconstruction_needed,False,True,False,47.59387671947479,50.440083257853985,24.424012284725904,4289.2119015205435,"[0.040043145418167114, 38.09125954285264, 4.712004447355866]",components_mm/LF_upper_arm_link__C001.stl,6f321a2059aacc79ae8bb7ad8b764a24c262659d06f837b39195fc54ad8289bc,1.0132789611816406e-06
LF_upper_arm_link__C002,LF_upper_arm_link,2,4918,open_geometry_repair_or_reconstruction_needed,False,False,False,47.58501797914505,50.440157763659954,18.024213961325586,4199.475706605929,"[0.041075050830841064, 38.09004509821534, -7.9621056211180985]",components_mm/LF_upper_arm_link__C002.stl,408d4bd325696d9ab31c7d5f0985c06d9e9476df13f9c60eae8ab42f23d6bb02,5.364418029785156e-07
LF_upper_arm_link__C003,LF_upper_arm_link,3,972,repeated_actuator_or_bearing_reference_not_print,True,True,True,20.956551656126976,36.75000183284283,20.956551656126976,10569.65620729316,"[0.0, -2.1749986335635185, 0.0]",components_mm/LF_upper_arm_link__C003.stl,2cf9e1da6a60c48440b4747976f2c502100aa8276b91cb4f59584c0317b29074,4.246830940246582e-07
LF_upper_arm_link__C004,LF_upper_arm_link,4,11,small_fragment_or_detail_review,False,True,False,0.015892088413238525,0.03227591514587402,0.01944601535797119,-0.00011306239963623598,"[-20.923756062984467, 58.278683573007584, -9.849393740296364]",components_mm/LF_upper_arm_link__C004.stl,32c05be6f4f9c38eae6ff34bbd05e17c1beed9c7d09725136adda701a41f8437,1.1622905731201172e-06
LF_upper_arm_link__C005,LF_upper_arm_link,5,11,small_fragment_or_detail_review,False,True,False,0.018671154975891113,0.018596649169921875,0.0052675604820251465,2.5099669754487253e-06,"[-20.78172191977501, 58.49127843976021, -9.746363386511803]",components_mm/LF_upper_arm_link__C005.stl,74b3c06d5db288c7f00de6bdafddafe592d61b745fd2a3d0c166a6dab1b3aaa7,7.450580596923828e-07
LF_upper_arm_link__C006,LF_upper_arm_link,6,11,small_fragment_or_detail_review,False,True,False,0.01967698335647583,0.018149614334106445,0.004172325134277344,1.4796710404339688e-05,"[-20.76653391122818, 58.50588157773018, -9.742716327309608]",components_mm/LF_upper_arm_link__C006.stl,4fcdca6444cca4aad26405f9ad9088fbec8419ad51374f42eb82aa0448962f1c,1.043081283569336e-06
LF_upper_arm_link__C007,LF_upper_arm_link,7,10,small_fragment_or_detail_review,False,True,False,0.020645558834075928,0.017717480659484863,0.003121793270111084,8.163547349811189e-07,"[-20.750761032104492, 58.519940823316574, -9.739970788359642]",components_mm/LF_upper_arm_link__C007.stl,be215cecccb751c7ef29c4db40680c1a04f360ff335d86dc9355838b807c6f14,1.4007091522216797e-06
LF_upper_arm_link__C008,LF_upper_arm_link,8,8,small_fragment_or_detail_review,False,True,False,0.014469027519226074,0.015467405319213867,0.004939734935760498,-1.4560319983924065e-05,"[-20.794708281755447, 58.47792699933052, -9.750207886099815]",components_mm/LF_upper_arm_link__C008.stl,67fb17206020c3b9aec9a452c052955cb3149d7f766364d8d5033654319bbef9,1.341104507446289e-06
LF_upper_arm_link__C009,LF_upper_arm_link,9,5,small_fragment_or_detail_review,False,True,False,0.009067356586456299,0.015541911125183105,0.008054077625274658,-3.9437095380631306e-05,"[-20.87915688753128, 58.36239084601402, -9.801914915442467]",components_mm/LF_upper_arm_link__C009.stl,28b8d793e92aea77fa0ee05e20dc1b74393fbc7b9b7cc8ecb513181f2bdffae3,1.817941665649414e-06
LF_upper_arm_link__C010,LF_upper_arm_link,10,5,small_fragment_or_detail_review,False,True,False,0.0059157609939575195,0.00959634780883789,0.005155801773071289,-2.6923869500770805e-05,"[20.949605852365494, 58.377284556627274, -9.793194010853767]",components_mm/LF_upper_arm_link__C010.stl,3891e294ca46f299f34b666b12d8db7ca443fd450fc36f7006e0397781e5d710,1.1622905731201172e-06
LF_upper_arm_link__C011,LF_upper_arm_link,11,4,small_fragment_or_detail_review,False,True,False,0.00813603401184082,0.015303492546081543,0.008843839168548584,8.300863504207596e-06,"[-20.905297249555588, 58.31509456038475, -9.827939793467522]",components_mm/LF_upper_arm_link__C011.stl,1b31c461cbb7baab7d31c5db45c9afa595cf52353fe172afbf605d2f3197f918,1.1026859283447266e-06
LF_upper_arm_link__C012,LF_upper_arm_link,12,4,small_fragment_or_detail_review,True,True,False,0.004857778549194336,0.007987022399902344,0.004813075065612793,-7.656438894797946e-11,"[20.95813676714897, 58.362919837236404, -9.800726547837257]",components_mm/LF_upper_arm_link__C012.stl,7ddf9b56a8e5b0901afb2e21817ca4acaef2017b70d54df3ac02de70c79b9423,1.4603137969970703e-06
LF_upper_arm_link__C013,LF_upper_arm_link,13,3,small_fragment_or_detail_review,False,True,False,0.0053942203521728516,0.010281801223754883,0.0054836273193359375,3.408874953776746e-05,"[-20.89853212237358, 58.32788720726967, -9.82077606022358]",components_mm/LF_upper_arm_link__C013.stl,b5fb338d14607e1ed887ad9009fcc6987943460b8c6ac8f1279628a9f7fd9b2f,1.2218952178955078e-06
LF_upper_arm_link__C014,LF_upper_arm_link,14,3,small_fragment_or_detail_review,False,True,False,0.006258487701416016,0.010251998901367188,0.005327165126800537,-4.889234825467484e-05,"[-20.871493965387344, 58.3752878010273, -9.79522429406643]",components_mm/LF_upper_arm_link__C014.stl,9f140924c8f38cc7bd54617ec46370d0f729b2bf688b9c5b2e1cc25d946f6ea8,1.1622905731201172e-06
LF_upper_arm_link__C015,LF_upper_arm_link,15,3,small_fragment_or_detail_review,False,True,False,0.004544854164123535,0.007569789886474609,0.003822147846221924,7.188337230459829e-06,"[20.954836159944534, 58.36870148777962, -9.797682985663414]",components_mm/LF_upper_arm_link__C015.stl,7762ed41b16b6db10753d105d5cbd03c05f11543777e5ff4963ddee9f4e970f0,1.1622905731201172e-06
LF_upper_arm_link__C016,LF_upper_arm_link,16,2,small_fragment_or_detail_review,True,True,False,0.005334615707397461,0.012442469596862793,0.007450580596923828,0.0,"[-20.978692919015884, 58.15852805972099, -9.92228277027607]",components_mm/LF_upper_arm_link__C016.stl,1a098b668ca7851f08e8b8ed3e62984232cd13b9541798e44a58f2dbc43fe17e,1.2218952178955078e-06
LF_upper_arm_link__C017,LF_upper_arm_link,17,2,small_fragment_or_detail_review,True,True,False,0.01052767038345337,0.024259090423583984,0.014059245586395264,0.0,"[-20.963765680789948, 58.09501186013222, 9.799571707844734]",components_mm/LF_upper_arm_link__C017.stl,786fae5c07cc7acf1bf5df7c8a454c1ba06e563b8be2aa8a2ea69540091f6bfe,1.817941665649414e-06
LF_upper_arm_link__C018,LF_upper_arm_link,18,2,small_fragment_or_detail_review,True,True,False,0.0064820051193237305,0.011965632438659668,0.007405877113342285,0.0,"[-20.935561507940292, 58.25332924723625, -9.86378826200962]",components_mm/LF_upper_arm_link__C018.stl,eac6ad1ae477de4228cff9f7e056e81079ea9960e68c655ddb688dcfce1a914d,1.4603137969970703e-06
LF_upper_arm_link__C019,LF_upper_arm_link,19,2,small_fragment_or_detail_review,True,True,False,0.003129243850708008,0.006034970283508301,0.0038370490074157715,0.0,"[-20.93220129609108, 58.261167258024216, -9.859254583716393]",components_mm/LF_upper_arm_link__C019.stl,0f5f4b52cb781ad7d067015c0013cceb7f344e8f7dab3bd93e0ab16cfbd90413,1.6987323760986328e-06
LF_upper_arm_link__C020,LF_upper_arm_link,20,2,small_fragment_or_detail_review,False,True,False,0.004678964614868164,0.009104609489440918,0.005811452865600586,-3.01981485610403e-07,"[-20.916547626256943, 58.29329416155815, -9.84068401157856]",components_mm/LF_upper_arm_link__C020.stl,2c4141e2ef1db4b7eb24427f9453ddf01f7afd6becabcdffb73b02a94cb17729,1.2814998626708984e-06
LF_upper_arm_link__C021,LF_upper_arm_link,21,2,small_fragment_or_detail_review,False,True,False,0.004850327968597412,0.009581446647644043,0.005409121513366699,1.3380164937103415e-05,"[-20.91338485479355, 58.29961225390434, -9.836966171860695]",components_mm/LF_upper_arm_link__C021.stl,44ab7e48dc5d24bbef47e7d15384c35930c541a322c67baa1bc80749298909d7,1.5795230865478516e-06
LF_upper_arm_link__C022,LF_upper_arm_link,22,2,small_fragment_or_detail_review,False,True,False,0.0063925981521606445,0.012814998626708984,0.006839632987976074,7.049147038828682e-05,"[-20.909350365400314, 58.30726400017738, -9.832525625824928]",components_mm/LF_upper_arm_link__C022.stl,a7936802a273c742a12e13dfb0c4421d956e72d36b7e99f18f9970a68ead7eec,1.043081283569336e-06
LF_upper_arm_link__C023,LF_upper_arm_link,23,2,small_fragment_or_detail_review,True,True,False,0.009410083293914795,0.017568469047546387,0.009626150131225586,0.0,"[-20.89652419090271, 58.331530541181564, -9.818704798817635]",components_mm/LF_upper_arm_link__C023.stl,dd05ecd407cb687d2b4ac90b0fdb444747b1d3fbe27da2e645d402e54fcf7996,1.817941665649414e-06
LF_upper_arm_link__C024,LF_upper_arm_link,24,2,small_fragment_or_detail_review,True,True,False,0.005833804607391357,0.009775161743164062,0.00537186861038208,0.0,"[-20.8757221698761, 58.36828425526619, -9.798867627978325]",components_mm/LF_upper_arm_link__C024.stl,42140d9fc7860d6874559ac31926763c83d9521183153672716db147a1b86f71,9.834766387939453e-07
LF_upper_arm_link__C025,LF_upper_arm_link,25,2,small_fragment_or_detail_review,False,True,False,0.004447996616363525,0.0074356794357299805,0.0037923455238342285,1.4424899676068571e-05,"[-20.869001746177673, 58.37908014655113, -9.792966768145561]",components_mm/LF_upper_arm_link__C025.stl,16c56b65df544a4b2999702bfdd692c771d633e54577a54aa6c2b68846e41559,7.450580596923828e-07
LF_upper_arm_link__C026,LF_upper_arm_link,26,2,small_fragment_or_detail_review,True,True,False,0.004388391971588135,0.006884336471557617,0.003330409526824951,0.0,"[-20.866170525550842, 58.38385596871376, -9.790895506739616]",components_mm/LF_upper_arm_link__C026.stl,bdacefcbf14c45e5c64db0753867e57130cd96f7c735a9af7cb576f50bf704d5,8.046627044677734e-07
LF_upper_arm_link__C027,LF_upper_arm_link,27,2,small_fragment_or_detail_review,True,True,False,0.00416487455368042,0.005900859832763672,0.0029355287551879883,0.0,"[-20.847730338573456, 58.41188505291939, -9.776825085282326]",components_mm/LF_upper_arm_link__C027.stl,8d61f3e2272e8e0bb27472d50c40678350626de960efba367bc6598199a343be,1.4007091522216797e-06
LF_upper_arm_link__C028,LF_upper_arm_link,28,2,small_fragment_or_detail_review,True,True,False,0.004351139068603516,0.0058710575103759766,0.0027641654014587402,0.0,"[-20.839285105466843, 58.42379108071327, -9.771300479769707]",components_mm/LF_upper_arm_link__C028.stl,2f121a893a546ba23b089bf18ca386ca56b52a1d36d80c4bbfa30fa6d3f55519,9.238719940185547e-07
LF_upper_arm_link__C029,LF_upper_arm_link,29,2,small_fragment_or_detail_review,True,True,False,0.0045299530029296875,0.005826354026794434,0.002592802047729492,0.0,"[-20.83073928952217, 58.435287326574326, -9.7662303596735]",components_mm/LF_upper_arm_link__C029.stl,b06132b109404319b8f506ca40938f8495066bf3f289b966ec351f71a2936f8d,1.4007091522216797e-06
LF_upper_arm_link__C030,LF_upper_arm_link,30,2,small_fragment_or_detail_review,True,True,False,0.008985400199890137,0.011563301086425781,0.004909932613372803,0.0,"[-20.82602307200432, 58.34637954831123, 9.665152058005333]",components_mm/LF_upper_arm_link__C030.stl,ce45ab5e46f8d6e963037498e11e103bf4c7da1150f600700db362512942d177,1.1622905731201172e-06
LF_upper_arm_link__C031,LF_upper_arm_link,31,2,small_fragment_or_detail_review,True,True,False,0.004716217517852783,0.005781650543212891,0.002421438694000244,0.0,"[-20.822085440158844, 58.446381241083145, -9.761607274413109]",components_mm/LF_upper_arm_link__C031.stl,3ff06121573504e26e79829405f3aa5cc10b1221880c670d1a227e9529f8f685,1.341104507446289e-06
LF_upper_arm_link__C032,LF_upper_arm_link,32,2,small_fragment_or_detail_review,True,True,False,0.003896653652191162,0.004738569259643555,0.001691281795501709,0.0,"[-20.810894668102264, 58.459896594285965, -9.75634716451168]",components_mm/LF_upper_arm_link__C032.stl,492cb107fb9bbc4232b3338fd9201e899451daf0d7eb2925702cc19ea68345e2,8.642673492431641e-07
LF_upper_arm_link__C033,LF_upper_arm_link,33,2,small_fragment_or_detail_review,True,True,False,0.005081295967102051,0.005692243576049805,0.002086162567138672,0.0,"[-20.806405693292618, 58.46511200070381, -9.75445844233036]",components_mm/LF_upper_arm_link__C033.stl,cf81f6727c521c7b0ab7453eee4d97da511dd28d7055f7d55f22abe3af731ca0,1.5795230865478516e-06
LF_upper_arm_link__C034,LF_upper_arm_link,34,2,small_fragment_or_detail_review,False,True,False,0.006981194019317627,0.007852911949157715,0.0027641654014587402,4.015609302477715e-06,"[-20.803533494472504, 58.46841260790825, -9.753404185175896]",components_mm/LF_upper_arm_link__C034.stl,daf9b6fe065ff4352444c32971b4d1b77818d5010a480a6ab31bdae7ec655784,9.834766387939453e-07
LF_upper_arm_link__C035,LF_upper_arm_link,35,2,small_fragment_or_detail_review,False,True,False,0.0056996941566467285,0.006407499313354492,0.0019669532775878906,2.0332638530158634e-07,"[-20.801015198230743, 58.471161872148514, -9.752431884407997]",components_mm/LF_upper_arm_link__C035.stl,5c9d59e9b500ee51b241cfb14a24c6e52226fcd36c760e3c836ebcc2022b9a45,1.5795230865478516e-06
LF_upper_arm_link__C036,LF_upper_arm_link,36,2,small_fragment_or_detail_review,True,True,False,0.04025548696517944,0.218123197555542,0.17360597848892212,0.0,"[-20.66711336374283, 58.465052396059036, -9.823305532336235]",components_mm/LF_upper_arm_link__C036.stl,8bf9fe9f4457af116c65f982be9481d063b1ab3258c7f91ce179a063d8a3be27,1.7583370208740234e-06
LF_upper_arm_link__C037,LF_upper_arm_link,37,2,small_fragment_or_detail_review,True,True,False,0.0008195638656616211,0.0046193599700927734,0.005085021257400513,0.0,"[-20.224038511514664, 57.45731666684151, 9.007014334201813]",components_mm/LF_upper_arm_link__C037.stl,1f7de861523e5d64ca2707d1785d6059e1afed832a40e4ae288a4e4e72d26f8f,1.341104507446289e-06
LF_upper_arm_link__C038,LF_upper_arm_link,38,2,small_fragment_or_detail_review,True,True,False,0.006154179573059082,0.005379319190979004,0.001043081283569336,0.0,"[20.83677425980568, 58.5140697658062, -9.740108624100685]",components_mm/LF_upper_arm_link__C038.stl,9ff391cee3894ef8e1a29c25f7fa6163aee7d9919d370af502d9d868e2a0d891,1.4603137969970703e-06
LF_upper_arm_link__C039,LF_upper_arm_link,39,2,small_fragment_or_detail_review,True,True,False,0.00597536563873291,0.005424022674560547,0.001214444637298584,0.0,"[20.842839032411575, 58.50866809487343, -9.741237387061119]",components_mm/LF_upper_arm_link__C039.stl,f7c4937df2f2d2328f9172605ffc62d7255709c3910b771ab37879ac09d95b32,1.341104507446289e-06
LF_upper_arm_link__C040,LF_upper_arm_link,40,2,small_fragment_or_detail_review,True,True,False,0.003993511199951172,0.005900859832763672,0.0030472874641418457,0.0,"[20.925533026456833, 58.41397121548653, -9.775226935744286]",components_mm/LF_upper_arm_link__C040.stl,54f6f2df965931da3e8d1f0fff77b8cc64af73ec08e140167e806acdabeb74b6,1.8775463104248047e-06
LF_upper_arm_link__C041,LF_upper_arm_link,41,2,small_fragment_or_detail_review,True,True,False,0.004231929779052734,0.005811452865600586,0.0027939677238464355,0.0,"[20.927827805280685, 58.410484343767166, -9.776493534445763]",components_mm/LF_upper_arm_link__C041.stl,3586277a03f4523620d5b6345b7cc1e6b4c73302d2ef0c35c4297e63b015d9e1,1.1026859283447266e-06
LF_upper_arm_link__C042,LF_upper_arm_link,42,2,small_fragment_or_detail_review,True,True,False,0.004038214683532715,0.0058710575103759766,0.002995133399963379,0.0,"[20.931962877511978, 58.40464308857918, -9.779388085007668]",components_mm/LF_upper_arm_link__C042.stl,841bf5e5dafa21db1ea2ac40148aefd9ee2449251f9dba4da40a2c55e27f2b07,1.1026859283447266e-06
LF_upper_arm_link__C043,LF_upper_arm_link,43,2,small_fragment_or_detail_review,True,True,False,0.002592802047729492,0.004902482032775879,0.0023543834686279297,0.0,"[20.939644426107407, 58.39258059859276, -9.785206988453865]",components_mm/LF_upper_arm_link__C043.stl,359a85d2a24b42f9b5ee62cbc6dede9a6f8318dcc0ce6cae0959a0ad937bba63,8.642673492431641e-07
LF_upper_arm_link__C044,LF_upper_arm_link,44,2,small_fragment_or_detail_review,True,True,False,0.0036209821701049805,0.005990266799926758,0.0034049153327941895,0.0,"[20.94181254506111, 58.38950350880623, -9.787311777472496]",components_mm/LF_upper_arm_link__C044.stl,22fb439483b2bb593cb53182b136f95ee304acef57900cc362cf8f35f97a938f,6.258487701416016e-07
LF_upper_arm_link__C045,LF_upper_arm_link,45,2,small_fragment_or_detail_review,True,True,False,0.003039836883544922,0.004634261131286621,0.0029355287551879883,0.0,"[20.946543663740158, 58.382000774145126, -9.790772572159767]",components_mm/LF_upper_arm_link__C045.stl,ea0d9c787c9c7ed58611d2bdb4cf3fb2a3d01017d08dfd9b3c06022430143d44,1.4007091522216797e-06
LF_upper_arm_link__C046,LF_upper_arm_link,46,2,small_fragment_or_detail_review,True,True,False,0.002950429916381836,0.005930662155151367,0.003039836883544922,0.0,"[20.952623337507248, 58.371711522340775, -9.795838966965675]",components_mm/LF_upper_arm_link__C046.stl,83a361836632c7f7bc2206ad0aa8c2d98abb62101c600cdc4eb7f920733063d5,1.519918441772461e-06
LF_upper_arm_link__C047,LF_upper_arm_link,47,2,small_fragment_or_detail_review,True,True,False,0.003248453140258789,0.0063925981521606445,0.0032335519790649414,0.0,"[20.961027592420578, 58.35780128836632, -9.803229942917824]",components_mm/LF_upper_arm_link__C047.stl,a35f5f8c3b66f0729b7360aab5d91f69cdc03be437da90ad4f2571be8e6f95b2,1.6391277313232422e-06
LF_upper_arm_link__C048,LF_upper_arm_link,48,2,small_fragment_or_detail_review,True,True,False,0.005125999450683594,0.011160969734191895,0.006563961505889893,0.0,"[21.01820334792137, 58.24717506766319, -9.866280481219292]",components_mm/LF_upper_arm_link__C048.stl,f60b8e392480d362efb95a979bb7f55ebae7bc9451f4497f2a5c6b12eda48c50,1.6391277313232422e-06
LF_upper_arm_link__C049,LF_upper_arm_link,49,2,small_fragment_or_detail_review,True,True,False,0.006303191184997559,0.01189112663269043,0.0074803829193115234,0.0,"[21.020669490098953, 58.24156478047371, -9.869659319519997]",components_mm/LF_upper_arm_link__C049.stl,ab1531f631b621914c28d089d99cc90f54de2e781dcc8bfe11d21bccfa307ebb,1.341104507446289e-06
LF_upper_arm_link__C050,LF_upper_arm_link,50,2,small_fragment_or_detail_review,True,True,False,0.004023313522338867,0.011354684829711914,0.006370246410369873,0.0,"[21.02583274245262, 58.22994187474251, -9.876584634184837]",components_mm/LF_upper_arm_link__C050.stl,fa60d277416ec9de3c0181565921fcd0dc0b746ebe323bd44b9b925e0a8ed564,1.519918441772461e-06
LF_upper_arm_link__C051,LF_upper_arm_link,51,2,small_fragment_or_detail_review,True,True,False,0.02168118953704834,0.27754902839660645,0.19374489784240723,0.0,"[21.027464419603348, 58.06756392121315, -9.987438097596169]",components_mm/LF_upper_arm_link__C051.stl,dd8e437499e98babfb18522ac5377ef62686d01cafb07c0d6e9e23617ea759a2,1.6391277313232422e-06
LF_upper_arm_link__C052,LF_upper_arm_link,52,2,small_fragment_or_detail_review,True,True,False,0.006377696990966797,0.011816620826721191,0.007361173629760742,0.0,"[21.031033247709274, 58.21835622191429, -9.883450344204903]",components_mm/LF_upper_arm_link__C052.stl,699eda9423f206bb9866c5dcad33fed35a2955eae7d93e306008ef1464e58cf5,1.519918441772461e-06
LF_upper_arm_link__C053,LF_upper_arm_link,53,2,small_fragment_or_detail_review,True,True,False,0.00527501106262207,0.012323260307312012,0.007420778274536133,0.0,"[21.03899046778679, 58.2001768052578, -9.894276037812233]",components_mm/LF_upper_arm_link__C053.stl,bd77438061fbb14d4aca412d1adc6c6d74b936f39f77ca66a4a63a968f1c3f55,1.4603137969970703e-06
LF_upper_arm_link__C054,LF_upper_arm_link,54,1,small_fragment_or_detail_review,False,True,False,0.010602176189422607,0.024199485778808594,0.013940036296844482,-0.0002649384884035727,"[-20.969092845916748, 58.08289721608162, 9.807636961340904]",components_mm/LF_upper_arm_link__C054.stl,44b8af390484ffa754399fd92f28a4518a378b0a80e3d28da731954292906f43,8.642673492431641e-07
LF_upper_arm_link__C055,LF_upper_arm_link,55,1,small_fragment_or_detail_review,False,True,False,0.010602176189422607,0.024199485778808594,0.013940036296844482,0.0002649384884035727,"[-20.969092845916748, 58.08289721608162, 9.807636961340904]",components_mm/LF_upper_arm_link__C055.stl,62ed7c94cf1e294c106c5a9c81269bb334ea627d7a4143422aefeac4cda67ba8,8.642673492431641e-07
LF_upper_arm_link__C056,LF_upper_arm_link,56,1,small_fragment_or_detail_review,False,True,False,0.005155801773071289,0.011682510375976562,0.006973743438720703,3.964621031140838e-05,"[-20.951587706804276, 58.21898952126503, -9.884284809231758]",components_mm/LF_upper_arm_link__C056.stl,b59903874ed51ac9438acf1a81aaa55da0a7ee82f35f38551a95f7f8c6f4368c,1.7583370208740234e-06
LF_upper_arm_link__C057,LF_upper_arm_link,57,1,small_fragment_or_detail_review,False,True,False,0.005155801773071289,0.011682510375976562,0.006973743438720703,-3.964621031140838e-05,"[-20.951587706804276, 58.21898952126503, -9.884284809231758]",components_mm/LF_upper_arm_link__C057.stl,09b0452a970f3f60a80387f81e612dd75d54feed71dc532e33f5b25fbc8b7a04,1.7583370208740234e-06
LF_upper_arm_link__C058,LF_upper_arm_link,58,1,small_fragment_or_detail_review,False,True,False,0.004582107067108154,0.009045004844665527,0.00581890344619751,4.1679420487019925e-06,"[-20.949728786945343, 58.22331830859184, -9.881814941763878]",components_mm/LF_upper_arm_link__C058.stl,b9e7289a37c61562473d7f69e7e28fbd9fe2aeaa9dde94f20540c721e61c32ff,8.046627044677734e-07
LF_upper_arm_link__C059,LF_upper_arm_link,59,1,small_fragment_or_detail_review,False,True,False,0.005140900611877441,0.01138448715209961,0.006727874279022217,5.6473467386124005e-05,"[-20.94944939017296, 58.22448804974556, -9.881360456347466]",components_mm/LF_upper_arm_link__C059.stl,8b976f69baf25b45ba3aea310616757bb01730086d8908e7c21a6db6f09e70ba,1.4603137969970703e-06
LF_upper_arm_link__C060,LF_upper_arm_link,60,1,small_fragment_or_detail_review,False,True,False,0.005140900611877441,0.01138448715209961,0.006727874279022217,5.6473467386124005e-05,"[-20.94944939017296, 58.22448804974556, -9.881360456347466]",components_mm/LF_upper_arm_link__C060.stl,4427ba5a243bc141c12da330c83e051a3066c25b52d8fa2405f492e9d359606d,1.4603137969970703e-06
LF_upper_arm_link__C061,LF_upper_arm_link,61,1,small_fragment_or_detail_review,False,True,False,0.0040084123611450195,0.009834766387939453,0.005081295967102051,-0.00010300257476318456,"[-20.938720554113388, 58.2471527159214, -9.867722168564796]",components_mm/LF_upper_arm_link__C061.stl,bfcb4e57ef3b1e539d972198cb408f28a85b0aedcbf05947c53e3c0367be6c58,1.7583370208740234e-06
LF_upper_arm_link__C062,LF_upper_arm_link,62,1,small_fragment_or_detail_review,False,True,False,0.0040084123611450195,0.009834766387939453,0.005081295967102051,0.00010300257476318456,"[-20.938720554113388, 58.2471527159214, -9.867722168564796]",components_mm/LF_upper_arm_link__C062.stl,d6d6fed0cd083f84876bb3a6b41e15859863d5025576db3ccad63ed86030a63c,1.7583370208740234e-06
LF_upper_arm_link__C063,LF_upper_arm_link,63,1,small_fragment_or_detail_review,False,True,False,0.002942979335784912,0.006109476089477539,0.004038214683532715,-4.458090242847173e-05,"[-20.930230617523193, 58.265600353479385, -9.857097640633583]",components_mm/LF_upper_arm_link__C063.stl,b767edfd4007bb6a92d69f2f7b39899d07090652aac6001046c1dbddae1c1960,1.2218952178955078e-06
LF_upper_arm_link__C064,LF_upper_arm_link,64,1,small_fragment_or_detail_review,False,True,False,0.002942979335784912,0.006109476089477539,0.004038214683532715,4.458090242847173e-05,"[-20.930230617523193, 58.265600353479385, -9.857097640633583]",components_mm/LF_upper_arm_link__C064.stl,19c088635b948dbeb7947fa16eca09f1ea4bab7625da0f59c741d8cd552b133f,1.2218952178955078e-06
LF_upper_arm_link__C065,LF_upper_arm_link,65,1,small_fragment_or_detail_review,False,True,False,0.004976987838745117,0.01017749309539795,0.005826354026794434,-5.758559701015552e-05,"[-20.929213613271713, 58.267634361982346, -9.856203570961952]",components_mm/LF_upper_arm_link__C065.stl,97fceb7e6f81b5e2507aabd6cea41920603e649f1b42d0c6b391760c8629c4f5,1.043081283569336e-06
LF_upper_arm_link__C066,LF_upper_arm_link,66,1,small_fragment_or_detail_review,False,True,False,0.004976987838745117,0.01017749309539795,0.005826354026794434,5.758559701015552e-05,"[-20.929213613271713, 58.267634361982346, -9.856203570961952]",components_mm/LF_upper_arm_link__C066.stl,389c4a7e0c7c00c38e8c4cdba1b28ca0f31d4d94d328b3c446dae61034a21f00,1.043081283569336e-06
LF_upper_arm_link__C067,LF_upper_arm_link,67,1,small_fragment_or_detail_review,False,True,False,0.004954636096954346,0.010192394256591797,0.005863606929779053,-5.8885210142540125e-05,"[-20.926281809806824, 58.27375128865242, -9.852146729826927]",components_mm/LF_upper_arm_link__C067.stl,2793af16a230f86f60ab7a85c162d06c85cb03b1f00c187fac1840dde0a9ee69,1.2218952178955078e-06
LF_upper_arm_link__C068,LF_upper_arm_link,68,1,small_fragment_or_detail_review,False,True,False,0.004954636096954346,0.010192394256591797,0.005863606929779053,5.8885210142540125e-05,"[-20.926281809806824, 58.27375128865242, -9.852146729826927]",components_mm/LF_upper_arm_link__C068.stl,bd48a00701978e9b6fd6542a3d2bdc805e14a818ecadb1f1d1004c0ae38bddc0,1.2218952178955078e-06
LF_upper_arm_link__C069,LF_upper_arm_link,69,1,small_fragment_or_detail_review,False,True,False,0.004447996616363525,0.009179115295410156,0.0060498714447021484,-3.740127424119375e-06,"[-20.92450112104416, 58.27731266617775, -9.850265458226204]",components_mm/LF_upper_arm_link__C069.stl,934d233a9e94a4feb775f4ed47e0889fd2357cea9e2dbf59b597713b7df1ee6d,1.043081283569336e-06
LF_upper_arm_link__C070,LF_upper_arm_link,70,1,small_fragment_or_detail_review,False,True,False,0.004447996616363525,0.009179115295410156,0.0060498714447021484,3.740127424119375e-06,"[-20.92450112104416, 58.27731266617775, -9.850265458226204]",components_mm/LF_upper_arm_link__C070.stl,9a8b218aa9348f730ffbec6953712d5a67faa2bbd62f07e304f2c15a7c22b228,1.043081283569336e-06
LF_upper_arm_link__C071,LF_upper_arm_link,71,1,small_fragment_or_detail_review,False,True,False,0.0049173831939697266,0.009894371032714844,0.00562518835067749,2.4603945962042823e-05,"[-20.92134580016136, 58.28379467129707, -9.846402332186699]",components_mm/LF_upper_arm_link__C071.stl,dc372294115aa1c45944430a5b05472a732c91b8707537251663fe80d16e83c2,9.238719940185547e-07
LF_upper_arm_link__C072,LF_upper_arm_link,72,1,small_fragment_or_detail_review,False,True,False,0.0049173831939697266,0.009894371032714844,0.00562518835067749,-2.4603945962042823e-05,"[-20.92134580016136, 58.28379467129707, -9.846402332186699]",components_mm/LF_upper_arm_link__C072.stl,8cc6ca5274b9cc4cea782a79c55a6f053cb8b57b49cdc1300dfa41f2c68a80cb,9.238719940185547e-07
LF_upper_arm_link__C073,LF_upper_arm_link,73,1,small_fragment_or_detail_review,False,True,False,0.0049173831939697266,0.009894371032714844,0.00562518835067749,-2.4603945962042823e-05,"[-20.92134580016136, 58.28379467129707, -9.846402332186699]",components_mm/LF_upper_arm_link__C073.stl,e400d6abd49faaefce83e7078c8b024d99e24b46421a6b27d9af4e25bdc62a57,9.238719940185547e-07
LF_upper_arm_link__C074,LF_upper_arm_link,74,1,small_fragment_or_detail_review,False,True,False,0.004902482032775879,0.009879469871520996,0.005632638931274414,2.570346712125428e-05,"[-20.91982588171959, 58.286841958761215, -9.844424203038216]",components_mm/LF_upper_arm_link__C074.stl,da6acc8b7e253f20d4fd524e3596eb5e5193b9176c7ecf37244634361b2d6fe7,9.238719940185547e-07
LF_upper_arm_link__C075,LF_upper_arm_link,75,1,small_fragment_or_detail_review,False,True,False,0.004902482032775879,0.009879469871520996,0.005632638931274414,-2.570346712125428e-05,"[-20.91982588171959, 58.286841958761215, -9.844424203038216]",components_mm/LF_upper_arm_link__C075.stl,f178b25fbbe34422713b24d1fcf0f438621a9efd08316752e4f12d2d7dfd22d3,9.238719940185547e-07
LF_upper_arm_link__C076,LF_upper_arm_link,76,1,small_fragment_or_detail_review,False,True,False,0.004902482032775879,0.009879469871520996,0.005632638931274414,-2.570346712125428e-05,"[-20.91982588171959, 58.286841958761215, -9.844424203038216]",components_mm/LF_upper_arm_link__C076.stl,d0197c68b8e7beff5c41caed1eaed027aadfa3fb8fd385525e4f8d05487c07af,9.238719940185547e-07
LF_upper_arm_link__C077,LF_upper_arm_link,77,1,small_fragment_or_detail_review,False,True,False,0.003077089786529541,0.006079673767089844,0.003919005393981934,1.4212434163642115e-06,"[-20.917348563671112, 58.291781693696976, -9.84163023531437]",components_mm/LF_upper_arm_link__C077.stl,d188473b8981ae600ff0b65661941c856925215cbed14779fc2899f8c613e1ba,1.1622905731201172e-06
LF_upper_arm_link__C078,LF_upper_arm_link,78,1,small_fragment_or_detail_review,False,True,False,0.003077089786529541,0.006079673767089844,0.003919005393981934,-1.4212434163642115e-06,"[-20.917348563671112, 58.291781693696976, -9.84163023531437]",components_mm/LF_upper_arm_link__C078.stl,cd4593094ab7ebb9bbcefa4bd6171dbd85dedaecf2237cf4623f4b6b2246854b,1.1622905731201172e-06
LF_upper_arm_link__C079,LF_upper_arm_link,79,1,small_fragment_or_detail_review,False,True,False,0.003166496753692627,0.006064772605895996,0.0038295984268188477,-1.1192618436241172e-06,"[-20.915791392326355, 58.294814079999924, -9.839693084359169]",components_mm/LF_upper_arm_link__C079.stl,618cb9787fcc83e4139d76231584084cee18504eb23cd49be483cb8df113356b,1.2814998626708984e-06
LF_upper_arm_link__C080,LF_upper_arm_link,80,1,small_fragment_or_detail_review,False,True,False,0.004827976226806641,0.009074807167053223,0.005662441253662109,4.302664590143991e-06,"[-20.914960652589798, 58.2963190972805, -9.838776662945747]",components_mm/LF_upper_arm_link__C080.stl,26fe9a08e2c8681986485d75ad0e2eceb5d0f371b07548232df6d9fad8af2518,1.043081283569336e-06
LF_upper_arm_link__C081,LF_upper_arm_link,81,1,small_fragment_or_detail_review,False,True,False,0.004827976226806641,0.009074807167053223,0.005662441253662109,-3.831396558704081e-06,"[-20.914960652589798, 58.2963190972805, -9.838776662945747]",components_mm/LF_upper_arm_link__C081.stl,85a68479a524b3642b6bce682a98cb4d9d042ce0ea7f5ae0bf1dcab1bae41544,1.043081283569336e-06
LF_upper_arm_link__C082,LF_upper_arm_link,82,1,small_fragment_or_detail_review,False,True,False,0.004827976226806641,0.009074807167053223,0.005662441253662109,-4.302664590143991e-06,"[-20.914960652589798, 58.2963190972805, -9.838776662945747]",components_mm/LF_upper_arm_link__C082.stl,05346d3eff7abe4b266818e3c95860723494170a71ffc51be16949f0b9670dac,1.043081283569336e-06
LF_upper_arm_link__C083,LF_upper_arm_link,83,1,small_fragment_or_detail_review,False,True,False,0.0032633543014526367,0.006034970283508301,0.003725290298461914,-1.5905298155070234e-06,"[-20.91417834162712, 58.297839015722275, -9.837808087468147]",components_mm/LF_upper_arm_link__C083.stl,577104669978183630a91a4c833d59d1882dbeb3b9bc459bcd738e7d40946605,1.1622905731201172e-06
LF_upper_arm_link__C084,LF_upper_arm_link,84,1,small_fragment_or_detail_review,False,True,False,0.0032633543014526367,0.006034970283508301,0.003725290298461914,1.5905298155070234e-06,"[-20.91417834162712, 58.297839015722275, -9.837808087468147]",components_mm/LF_upper_arm_link__C084.stl,51831dff006f063dfedb6a52dae9b494bd8b957c452dd66f896a1a7b83820766,1.1622905731201172e-06
LF_upper_arm_link__C085,LF_upper_arm_link,85,1,small_fragment_or_detail_review,False,True,False,0.003248453140258789,0.006556510925292969,0.003516674041748047,-1.4970720333446605e-05,"[-20.91258391737938, 58.30112472176552, -9.836019948124886]",components_mm/LF_upper_arm_link__C085.stl,9695e92ff45e2f243ab12dce11136ddfe8de608d7c566e23236b66c50983d4be,1.5795230865478516e-06
LF_upper_arm_link__C086,LF_upper_arm_link,86,1,small_fragment_or_detail_review,False,True,False,0.003248453140258789,0.006556510925292969,0.003516674041748047,1.4970720333446605e-05,"[-20.91258391737938, 58.30112472176552, -9.836019948124886]",components_mm/LF_upper_arm_link__C086.stl,b7dee9bc21d1ef056861be8aa8abb0072e2a42c5f07167345d08a7e97dd7eab3,1.5795230865478516e-06
LF_upper_arm_link__C087,LF_upper_arm_link,87,1,small_fragment_or_detail_review,False,True,False,0.004842877388000488,0.00959634780883789,0.005416572093963623,-1.847100048298926e-05,"[-20.91178670525551, 58.30264464020729, -9.835069999098778]",components_mm/LF_upper_arm_link__C087.stl,4ddc54a56e42114fc16b9f6e2e1b5b5538959d67e8f8cf50e83058dda71e2fa8,1.2814998626708984e-06
LF_upper_arm_link__C088,LF_upper_arm_link,88,1,small_fragment_or_detail_review,False,True,False,0.004842877388000488,0.00959634780883789,0.005416572093963623,-1.3431050887535792e-05,"[-20.91178670525551, 58.30264464020729, -9.835069999098778]",components_mm/LF_upper_arm_link__C088.stl,bcb2884a15c5a7a725764c505d404f5a09b833369dcd86794b4dcd970ebb9a64,1.2814998626708984e-06
LF_upper_arm_link__C089,LF_upper_arm_link,89,1,small_fragment_or_detail_review,False,True,False,0.004842877388000488,0.00959634780883789,0.005416572093963623,-1.847100048298926e-05,"[-20.91178670525551, 58.30264464020729, -9.835069999098778]",components_mm/LF_upper_arm_link__C089.stl,4ddc54a56e42114fc16b9f6e2e1b5b5538959d67e8f8cf50e83058dda71e2fa8,1.2814998626708984e-06
LF_upper_arm_link__C090,LF_upper_arm_link,90,1,small_fragment_or_detail_review,False,True,False,0.004842877388000488,0.00959634780883789,0.005416572093963623,1.847100048298926e-05,"[-20.91178670525551, 58.30264464020729, -9.835069999098778]",components_mm/LF_upper_arm_link__C090.stl,250714fafbdf5802ecfcf0ce925ff4d0da538635b1d5b7bc0ccd61f141e97dec,1.2814998626708984e-06
LF_upper_arm_link__C091,LF_upper_arm_link,91,1,small_fragment_or_detail_review,False,True,False,0.004842877388000488,0.00959634780883789,0.005416572093963623,1.3431050887535792e-05,"[-20.91178670525551, 58.30264464020729, -9.835069999098778]",components_mm/LF_upper_arm_link__C091.stl,40718f0c4196621e46ec32950cda041b603bf0750ba9834124db161508c246ce,1.2814998626708984e-06
LF_upper_arm_link__C092,LF_upper_arm_link,92,1,small_fragment_or_detail_review,False,True,False,0.0048354268074035645,0.00959634780883789,0.0054389238357543945,-1.4968789548313119e-05,"[-20.910128951072693, 58.30565467476845, -9.83322598040104]",components_mm/LF_upper_arm_link__C092.stl,971ea5431685f7b6aff5a695a2ab8c6a5b760eca51d556e8422adf08280c36c3,1.341104507446289e-06
LF_upper_arm_link__C093,LF_upper_arm_link,93,1,small_fragment_or_detail_review,False,True,False,0.0048354268074035645,0.00959634780883789,0.0054389238357543945,1.4968789548313119e-05,"[-20.910128951072693, 58.30565467476845, -9.83322598040104]",components_mm/LF_upper_arm_link__C093.stl,8c538ba0d19a9ae3d0f220366a43f90a6da5486244119c859ef59e90d85bbf71,1.341104507446289e-06
LF_upper_arm_link__C094,LF_upper_arm_link,94,1,small_fragment_or_detail_review,False,True,False,0.004805624485015869,0.009268522262573242,0.005155801773071289,-2.0244458833960238e-05,"[-20.908556878566742, 58.30903723835945, -9.831683710217476]",components_mm/LF_upper_arm_link__C094.stl,5186a14d0368dd6c9a6809e29ecd39c53ff7ce55f84816111fcde3d394cf7b09,1.5795230865478516e-06
LF_upper_arm_link__C095,LF_upper_arm_link,95,1,small_fragment_or_detail_review,False,True,False,0.004805624485015869,0.009268522262573242,0.005155801773071289,2.0244458833960238e-05,"[-20.908556878566742, 58.30903723835945, -9.831683710217476]",components_mm/LF_upper_arm_link__C095.stl,cf06267e12a5c5972311114d6251516eb1184cd6351e9e4d3c33fa1cd51afa93,1.5795230865478516e-06
LF_upper_arm_link__C096,LF_upper_arm_link,96,1,small_fragment_or_detail_review,False,True,False,0.004805624485015869,0.009268522262573242,0.005155801773071289,-2.0244458833960238e-05,"[-20.908556878566742, 58.30903723835945, -9.831683710217476]",components_mm/LF_upper_arm_link__C096.stl,5186a14d0368dd6c9a6809e29ecd39c53ff7ce55f84816111fcde3d394cf7b09,1.5795230865478516e-06
LF_upper_arm_link__C097,LF_upper_arm_link,97,1,small_fragment_or_detail_review,False,True,False,0.00321120023727417,0.00622868537902832,0.003255903720855713,1.8346968922987396e-05,"[-20.90775966644287, 58.310557156801224, -9.830733761191368]",components_mm/LF_upper_arm_link__C097.stl,c31505c0ee983e280d426b626aa7c58c4c76e06cf01b161a1e9117ada1162d6a,1.1026859283447266e-06
LF_upper_arm_link__C098,LF_upper_arm_link,98,1,small_fragment_or_detail_review,False,True,False,0.004798173904418945,0.009268522262573242,0.005170702934265137,-2.121261943296189e-05,"[-20.9069661796093, 58.312077075242996, -9.829776361584663]",components_mm/LF_upper_arm_link__C098.stl,8e9041f4a6f6fe32e4f94fa4b51c1a68207bdff78a7593edb15823a22bb2e154,1.1026859283447266e-06
LF_upper_arm_link__C099,LF_upper_arm_link,99,1,small_fragment_or_detail_review,False,True,False,0.004798173904418945,0.009268522262573242,0.005170702934265137,-2.121261943296189e-05,"[-20.9069661796093, 58.312077075242996, -9.829776361584663]",components_mm/LF_upper_arm_link__C099.stl,40903430b33a2103fda6dc06e5113e5e765e1282ae425af16fc0daf119018190,1.1026859283447266e-06
LF_upper_arm_link__C100,LF_upper_arm_link,100,1,small_fragment_or_detail_review,False,True,False,0.00492483377456665,0.009074807167053223,0.005587935447692871,-4.076499910326147e-06,"[-20.90369164943695, 58.318208903074265, -9.826311841607094]",components_mm/LF_upper_arm_link__C100.stl,21631590fa08579556ed728e6f14692bc44a2bc6a12af11413c520a61dd807d0,6.258487701416016e-07
LF_upper_arm_link__C101,LF_upper_arm_link,101,1,small_fragment_or_detail_review,False,True,False,0.00492483377456665,0.009074807167053223,0.005587935447692871,-4.076499910326147e-06,"[-20.90369164943695, 58.318208903074265, -9.826311841607094]",components_mm/LF_upper_arm_link__C101.stl,4d2c393fbbb317bf291ca503aa41d2adb10df8f8f96819aa5d8971ef1ea90149,6.258487701416016e-07
LF_upper_arm_link__C102,LF_upper_arm_link,102,1,small_fragment_or_detail_review,False,True,False,0.0055283308029174805,0.010222196578979492,0.005327165126800537,5.64159311200123e-05,"[-20.90180292725563, 58.32182243466377, -9.82452742755413]",components_mm/LF_upper_arm_link__C102.stl,b48614c4cde556d2ab49527c938eb81865adf7a7020b14dc4f3f17c2b6787fb6,1.2814998626708984e-06
LF_upper_arm_link__C103,LF_upper_arm_link,103,1,small_fragment_or_detail_review,False,True,False,0.0055283308029174805,0.010222196578979492,0.005327165126800537,-3.057981088371044e-05,"[-20.90180292725563, 58.32182243466377, -9.82452742755413]",components_mm/LF_upper_arm_link__C103.stl,6a0d43d65db403f4e9c78f91aaa1b071f85db61332ed5b812e83a5f2bb01a684,1.2814998626708984e-06
LF_upper_arm_link__C104,LF_upper_arm_link,104,1,small_fragment_or_detail_review,False,True,False,0.0055283308029174805,0.010222196578979492,0.005327165126800537,-3.057981088371044e-05,"[-20.90180292725563, 58.32182243466377, -9.82452742755413]",components_mm/LF_upper_arm_link__C104.stl,c39cdfac283ffd57a2c1d6c7a40b729bb5c3cbbc43572b26d316bebb71c89b1a,1.2814998626708984e-06
LF_upper_arm_link__C105,LF_upper_arm_link,105,1,small_fragment_or_detail_review,False,True,False,0.0055283308029174805,0.010222196578979492,0.005327165126800537,5.64159311200123e-05,"[-20.90180292725563, 58.32182243466377, -9.82452742755413]",components_mm/LF_upper_arm_link__C105.stl,9303ddd10ad0d42a516e4a41cf3f58c24924fe7afc7b9726713bf569a4eecf7e,1.2814998626708984e-06
LF_upper_arm_link__C106,LF_upper_arm_link,106,1,small_fragment_or_detail_review,False,True,False,0.004738569259643555,0.008940696716308594,0.004932284355163574,-4.7272936701540223e-05,"[-20.900558680295944, 58.32420662045479, -9.822862222790718]",components_mm/LF_upper_arm_link__C106.stl,476fce80cdc71375746cb0093cce6967cff30035ec048522de6354cc0d49660f,1.1622905731201172e-06
LF_upper_arm_link__C107,LF_upper_arm_link,107,1,small_fragment_or_detail_review,False,True,False,0.004738569259643555,0.008940696716308594,0.004932284355163574,-1.4010894989735095e-05,"[-20.900558680295944, 58.32420662045479, -9.822862222790718]",components_mm/LF_upper_arm_link__C107.stl,d13bd5f9271b469b7eb90158b62ac2433f9269ef8c2fb0c8ccf8419f68bffd3a,1.1622905731201172e-06
LF_upper_arm_link__C108,LF_upper_arm_link,108,1,small_fragment_or_detail_review,False,True,False,0.004738569259643555,0.008940696716308594,0.004932284355163574,-1.4010894989735095e-05,"[-20.900558680295944, 58.32420662045479, -9.822862222790718]",components_mm/LF_upper_arm_link__C108.stl,737b3509abebcfc6239a6126bb731e3c8b13eea9e41e34e5eb906b678d51540c,1.1622905731201172e-06
LF_upper_arm_link__C109,LF_upper_arm_link,109,1,small_fragment_or_detail_review,False,True,False,0.004738569259643555,0.008940696716308594,0.004932284355163574,-4.7272936701540223e-05,"[-20.900558680295944, 58.32420662045479, -9.822862222790718]",components_mm/LF_upper_arm_link__C109.stl,57ecd76f9113df26a10695634d59f40ad104bb0aaff4c2b8da12c9f772215122,1.1622905731201172e-06
LF_upper_arm_link__C110,LF_upper_arm_link,110,1,small_fragment_or_detail_review,False,True,False,0.004656612873077393,0.00864267349243164,0.004708766937255859,2.0762999413811392e-05,"[-20.890630781650543, 58.34199860692024, -9.812744334340096]",components_mm/LF_upper_arm_link__C110.stl,bf9c93bbfc2d5311a79ce27fd60af00b5cb899120c48bfad4befdf343e0be135,1.1622905731201172e-06
LF_upper_arm_link__C111,LF_upper_arm_link,111,1,small_fragment_or_detail_review,False,True,False,0.004656612873077393,0.00864267349243164,0.004708766937255859,-2.0762999413811392e-05,"[-20.890630781650543, 58.34199860692024, -9.812744334340096]",components_mm/LF_upper_arm_link__C111.stl,a3fc46aa91055be1ce0ebf0a0a36c51c432408d03d08e1094386866bf11cf6a8,1.1622905731201172e-06
LF_upper_arm_link__C112,LF_upper_arm_link,112,1,small_fragment_or_detail_review,False,True,False,0.004656612873077393,0.00864267349243164,0.004708766937255859,2.0762999413811392e-05,"[-20.890630781650543, 58.34199860692024, -9.812744334340096]",components_mm/LF_upper_arm_link__C112.stl,db0eae676a23cd0559a7170155c524c6492c54400e30ada6feb23530ce6688bb,1.1622905731201172e-06
LF_upper_arm_link__C113,LF_upper_arm_link,113,1,small_fragment_or_detail_review,False,True,False,0.00537186861038208,0.008970499038696289,0.005163252353668213,4.245165492496992e-06,"[-20.88913321495056, 58.344800025224686, -9.811310097575188]",components_mm/LF_upper_arm_link__C113.stl,047525183fa689d286d341ff8b94aeffbe7476a937f283b16da6c8aa2797f5d5,1.817941665649414e-06
LF_upper_arm_link__C114,LF_upper_arm_link,114,1,small_fragment_or_detail_review,False,True,False,0.00537186861038208,0.008970499038696289,0.005163252353668213,-4.245165492496992e-06,"[-20.88913321495056, 58.344800025224686, -9.811310097575188]",components_mm/LF_upper_arm_link__C114.stl,9ea957b278621a265b30735f3c092aa1f476f9578c17b59862ee1cce9e7e03b1,1.817941665649414e-06
LF_upper_arm_link__C115,LF_upper_arm_link,115,1,small_fragment_or_detail_review,False,True,False,0.00537186861038208,0.008970499038696289,0.005163252353668213,4.245165492496992e-06,"[-20.88913321495056, 58.344800025224686, -9.811310097575188]",components_mm/LF_upper_arm_link__C115.stl,047525183fa689d286d341ff8b94aeffbe7476a937f283b16da6c8aa2797f5d5,1.817941665649414e-06
LF_upper_arm_link__C116,LF_upper_arm_link,116,1,small_fragment_or_detail_review,False,True,False,0.00461190938949585,0.008299946784973145,0.004447996616363525,-6.270111194318759e-06,"[-20.885996520519257, 58.350469917058945, -9.808165952563286]",components_mm/LF_upper_arm_link__C116.stl,331e70c0d17a754bd9fbd8ec9412d98d26ed3dd3ce4bcc7c941130baf2f1a1c0,1.817941665649414e-06
LF_upper_arm_link__C117,LF_upper_arm_link,117,1,small_fragment_or_detail_review,False,True,False,0.00461190938949585,0.008299946784973145,0.004447996616363525,6.270111194318759e-06,"[-20.885996520519257, 58.350469917058945, -9.808165952563286]",components_mm/LF_upper_arm_link__C117.stl,2a1c296fcaca0d0b515adb9fdd69520388cca56a99edc19505c03f4628627b08,1.817941665649414e-06
LF_upper_arm_link__C118,LF_upper_arm_link,118,1,small_fragment_or_detail_review,False,True,False,0.00461190938949585,0.008299946784973145,0.004447996616363525,-6.270111194318759e-06,"[-20.885996520519257, 58.350469917058945, -9.808165952563286]",components_mm/LF_upper_arm_link__C118.stl,fcf7355d81e033715ea59492ffa6a32750075f371dc72999b5ac3b9bb7b4b76e,1.817941665649414e-06
LF_upper_arm_link__C119,LF_upper_arm_link,119,1,small_fragment_or_detail_review,False,True,False,0.004597008228302002,0.008314847946166992,0.004455447196960449,-6.250916820031954e-06,"[-20.88414877653122, 58.35344269871712, -9.806500747799873]",components_mm/LF_upper_arm_link__C119.stl,4e49aaf2355cfbd481427ed87f48ac810ae4be2708ba0f29fd0e51146fbac937,1.043081283569336e-06
LF_upper_arm_link__C120,LF_upper_arm_link,120,1,small_fragment_or_detail_review,False,True,False,0.004597008228302002,0.008314847946166992,0.004455447196960449,6.250916820031954e-06,"[-20.88414877653122, 58.35344269871712, -9.806500747799873]",components_mm/LF_upper_arm_link__C120.stl,1b6ad704d3dcd732baac8b552e395fb99c2b111e918cc18ae88e8e7368395441,1.043081283569336e-06
LF_upper_arm_link__C121,LF_upper_arm_link,121,1,small_fragment_or_detail_review,False,True,False,0.004597008228302002,0.008314847946166992,0.004455447196960449,-6.250916820031954e-06,"[-20.88414877653122, 58.35344269871712, -9.806500747799873]",components_mm/LF_upper_arm_link__C121.stl,4e49aaf2355cfbd481427ed87f48ac810ae4be2708ba0f29fd0e51146fbac937,1.043081283569336e-06
LF_upper_arm_link__C122,LF_upper_arm_link,122,1,small_fragment_or_detail_review,False,True,False,0.0037401914596557617,0.005945563316345215,0.003293156623840332,-1.1313542588598676e-06,"[-20.88182047009468, 58.357592672109604, -9.804295375943184]",components_mm/LF_upper_arm_link__C122.stl,c321d0bf2811de7e90881761282b35624607118751ad9907d3b964ebbbb35bdf,1.817941665649414e-06
LF_upper_arm_link__C123,LF_upper_arm_link,123,1,small_fragment_or_detail_review,False,True,False,0.0037401914596557617,0.005945563316345215,0.003293156623840332,1.1313542588598676e-06,"[-20.88182047009468, 58.357592672109604, -9.804295375943184]",components_mm/LF_upper_arm_link__C123.stl,a51adbfb91fa37e9baea959ea0861b254a5d14f775aac09d5d1a7b52e6559b4c,1.817941665649414e-06
LF_upper_arm_link__C124,LF_upper_arm_link,124,1,small_fragment_or_detail_review,False,True,False,0.0050514936447143555,0.00877678394317627,0.004388391971588135,-2.9356906273948744e-05,"[-20.88116481900215, 58.35900828242302, -9.80374775826931]",components_mm/LF_upper_arm_link__C124.stl,f6c8353d75aae0375de433e03994efe55e92cf7be63ca4019ccb620266cbab51,1.817941665649414e-06
LF_upper_arm_link__C125,LF_upper_arm_link,125,1,small_fragment_or_detail_review,False,True,False,0.0050514936447143555,0.00877678394317627,0.004388391971588135,2.9356906273948744e-05,"[-20.88116481900215, 58.35900828242302, -9.80374775826931]",components_mm/LF_upper_arm_link__C125.stl,9ea5fca015f25d41a99365359bc23b2e9bf1dc961cc14f11483d8a18a668a9e8,1.817941665649414e-06
LF_upper_arm_link__C126,LF_upper_arm_link,126,1,small_fragment_or_detail_review,False,True,False,0.0050514936447143555,0.00877678394317627,0.004388391971588135,2.9356906273948744e-05,"[-20.88116481900215, 58.35900828242302, -9.80374775826931]",components_mm/LF_upper_arm_link__C126.stl,6d297abc759a6b190d78c18629b21477028e2e6d8712d3343c3100d0e2704e81,1.817941665649414e-06
LF_upper_arm_link__C127,LF_upper_arm_link,127,1,small_fragment_or_detail_review,False,True,False,0.004015862941741943,0.006765127182006836,0.0036656856536865234,-8.948881768402165e-06,"[-20.876631140708923, 58.36677923798561, -9.799720719456673]",components_mm/LF_upper_arm_link__C127.stl,bd9063ba526d41e4d068258d5afcd9ad3cc27851ac29d22c2f1dea0a689d8291,1.1622905731201172e-06
LF_upper_arm_link__C128,LF_upper_arm_link,128,1,small_fragment_or_detail_review,False,True,False,0.004015862941741943,0.006765127182006836,0.0036656856536865234,8.948881768402165e-06,"[-20.876631140708923, 58.36677923798561, -9.799720719456673]",components_mm/LF_upper_arm_link__C128.stl,1c69238c450cb3152dc2537b33b472c4357dc044883d5207cc31699bac55c7d8,1.1622905731201172e-06
LF_upper_arm_link__C129,LF_upper_arm_link,129,1,small_fragment_or_detail_review,False,True,False,0.0033974647521972656,0.005200505256652832,0.0030249357223510742,2.422795408310226e-06,"[-20.872924476861954, 58.37276205420494, -9.796375408768654]",components_mm/LF_upper_arm_link__C129.stl,e3bc46d69d8493d2040a83078b38877337b1d10f9fa9f835d9e02a72d2d5f998,1.1622905731201172e-06
LF_upper_arm_link__C130,LF_upper_arm_link,130,1,small_fragment_or_detail_review,False,True,False,0.0033974647521972656,0.005200505256652832,0.0030249357223510742,-2.422795408310226e-06,"[-20.872924476861954, 58.37276205420494, -9.796375408768654]",components_mm/LF_upper_arm_link__C130.stl,178730b64bd95726d7806d6c6d425a0e4ece961b68965268b1df0c064712f638,1.1622905731201172e-06
LF_upper_arm_link__C131,LF_upper_arm_link,131,1,small_fragment_or_detail_review,False,True,False,0.0033974647521972656,0.005200505256652832,0.0030249357223510742,-2.422795408310226e-06,"[-20.872924476861954, 58.37276205420494, -9.796375408768654]",components_mm/LF_upper_arm_link__C131.stl,178730b64bd95726d7806d6c6d425a0e4ece961b68965268b1df0c064712f638,1.1622905731201172e-06
LF_upper_arm_link__C132,LF_upper_arm_link,132,1,small_fragment_or_detail_review,False,True,False,0.004447996616363525,0.007241964340209961,0.003606081008911133,3.2905069156915394e-05,"[-20.87239921092987, 58.37378278374672, -9.796084836125374]",components_mm/LF_upper_arm_link__C132.stl,6300ab72df24811b648e547f8cfaf63b18dd8f83a40639c9a33044e4d8a99a92,1.1622905731201172e-06
LF_upper_arm_link__C133,LF_upper_arm_link,133,1,small_fragment_or_detail_review,False,True,False,0.004447996616363525,0.007241964340209961,0.003606081008911133,-3.2905069156915394e-05,"[-20.87239921092987, 58.37378278374672, -9.796084836125374]",components_mm/LF_upper_arm_link__C133.stl,7e12452ba5edd6f8d7d3a0b630b5b15d12e599c98d011fed08d73865a02a7c33,1.1622905731201172e-06
LF_upper_arm_link__C134,LF_upper_arm_link,134,1,small_fragment_or_detail_review,False,True,False,0.004447996616363525,0.007241964340209961,0.003606081008911133,3.2905069156915394e-05,"[-20.87239921092987, 58.37378278374672, -9.796084836125374]",components_mm/LF_upper_arm_link__C134.stl,da77eac021dffa748d029990529dc2644969c4994f202d0768b89aa3ed214a85,1.1622905731201172e-06
LF_upper_arm_link__C135,LF_upper_arm_link,135,1,small_fragment_or_detail_review,False,True,False,0.00286102294921875,0.0050514936447143555,0.002302229404449463,1.8409936286532994e-05,"[-20.869795233011246, 58.377888053655624, -9.793711826205254]",components_mm/LF_upper_arm_link__C135.stl,8607703c282d4177845cdf16e0e91b9fc5b17be037c147a59ef8402ec21a8e81,7.450580596923828e-07
LF_upper_arm_link__C136,LF_upper_arm_link,136,1,small_fragment_or_detail_review,False,True,False,0.0033974647521972656,0.0053942203521728516,0.00321120023727417,3.9850029355280904e-06,"[-20.86847648024559, 58.38010087609291, -9.792676195502281]",components_mm/LF_upper_arm_link__C136.stl,5459a68c92e2ea1f2fe9241cd2cdf6e5ce2188e72cef4cdb1e91642eac17f1eb,8.046627044677734e-07
LF_upper_arm_link__C137,LF_upper_arm_link,137,1,small_fragment_or_detail_review,False,True,False,0.0033974647521972656,0.0053942203521728516,0.00321120023727417,-3.9850029355280904e-06,"[-20.86847648024559, 58.38010087609291, -9.792676195502281]",components_mm/LF_upper_arm_link__C137.stl,69017f962c2e350fb4417ec81a760714d8e6eac1dc10e326ea9142acd6e542ae,8.046627044677734e-07
LF_upper_arm_link__C138,LF_upper_arm_link,138,1,small_fragment_or_detail_review,False,True,False,0.002853572368621826,0.005289912223815918,0.002339482307434082,-1.9048380724819016e-05,"[-20.863547921180725, 58.38766321539879, -9.788723662495613]",components_mm/LF_upper_arm_link__C138.stl,5905037c0f3b02aa417a4917cab8e6059f10207091a722418bc623f0b2e1fb1f,8.642673492431641e-07
LF_upper_arm_link__C139,LF_upper_arm_link,139,1,small_fragment_or_detail_review,False,True,False,0.002853572368621826,0.005289912223815918,0.002339482307434082,1.9048380724819016e-05,"[-20.863547921180725, 58.38766321539879, -9.788723662495613]",components_mm/LF_upper_arm_link__C139.stl,fd1e4f28b1b6226365dd68aabe3cb0cb729fc65581b575cf755d50566cc6da2a,8.642673492431641e-07
LF_upper_arm_link__C140,LF_upper_arm_link,140,1,small_fragment_or_detail_review,False,True,False,0.003769993782043457,0.0060051679611206055,0.0033080577850341797,-1.143024228062635e-06,"[-20.862091332674026, 58.3903007209301, -9.787576273083687]",components_mm/LF_upper_arm_link__C140.stl,0b1065cd378854fc262d2437856bf1653286c9417c1f14ae88f339b9cf161a9f,8.046627044677734e-07
LF_upper_arm_link__C141,LF_upper_arm_link,141,1,small_fragment_or_detail_review,False,True,False,0.003769993782043457,0.0060051679611206055,0.0033080577850341797,-1.143024228062635e-06,"[-20.862091332674026, 58.3903007209301, -9.787576273083687]",components_mm/LF_upper_arm_link__C141.stl,4298f45e992a2c03707c533a6f45fd826c9c56169f37618819892b32b5cbf6c8,8.046627044677734e-07
LF_upper_arm_link__C142,LF_upper_arm_link,142,1,small_fragment_or_detail_review,False,True,False,0.003769993782043457,0.0060051679611206055,0.0033080577850341797,1.143024228062635e-06,"[-20.862091332674026, 58.3903007209301, -9.787576273083687]",components_mm/LF_upper_arm_link__C142.stl,12fe100fb04b41214509fc4e80076c06e49b2306a529edf9e43f32190ab5f30b,8.046627044677734e-07
LF_upper_arm_link__C143,LF_upper_arm_link,143,1,small_fragment_or_detail_review,False,True,False,0.004075467586517334,0.006303191184997559,0.003203749656677246,7.187516805224542e-06,"[-20.860083401203156, 58.393459767103195, -9.785952046513557]",components_mm/LF_upper_arm_link__C143.stl,f6532cd7d8141b75be3fdf3a82fce2a14eb635c62cc40a257229cc55e1f122c6,1.1026859283447266e-06
LF_upper_arm_link__C144,LF_upper_arm_link,144,1,small_fragment_or_detail_review,False,True,False,0.004075467586517334,0.006303191184997559,0.003203749656677246,-7.187516805224542e-06,"[-20.860083401203156, 58.393459767103195, -9.785952046513557]",components_mm/LF_upper_arm_link__C144.stl,d9841f59d9b393538db7762b7d7ef3d9fff151db662901aeccc16b78a6f6d939,1.1026859283447266e-06
LF_upper_arm_link__C145,LF_upper_arm_link,145,1,small_fragment_or_detail_review,False,True,False,0.004075467586517334,0.006303191184997559,0.003203749656677246,7.187516805224542e-06,"[-20.860083401203156, 58.393459767103195, -9.785952046513557]",components_mm/LF_upper_arm_link__C145.stl,f6532cd7d8141b75be3fdf3a82fce2a14eb635c62cc40a257229cc55e1f122c6,1.1026859283447266e-06
LF_upper_arm_link__C146,LF_upper_arm_link,146,1,small_fragment_or_detail_review,False,True,False,0.004075467586517334,0.006303191184997559,0.003203749656677246,7.187516805224542e-06,"[-20.860083401203156, 58.393459767103195, -9.785952046513557]",components_mm/LF_upper_arm_link__C146.stl,2cfb8b65089ea5b428874b075baf30ab4fa37c0b899c03038044d8a10a2c36bb,1.1026859283447266e-06
LF_upper_arm_link__C147,LF_upper_arm_link,147,1,small_fragment_or_detail_review,False,True,False,0.004075467586517334,0.006303191184997559,0.003203749656677246,-7.187516805224542e-06,"[-20.860083401203156, 58.393459767103195, -9.785952046513557]",components_mm/LF_upper_arm_link__C147.stl,b2baa4f5724040908a21fc04523646907cf8d1864c824ea53d1a1def7f62076b,1.1026859283447266e-06
LF_upper_arm_link__C148,LF_upper_arm_link,148,1,small_fragment_or_detail_review,False,True,False,0.004306435585021973,0.006541609764099121,0.0030621886253356934,1.605944057181455e-06,"[-20.858053117990494, 58.39657410979271, -9.784391149878502]",components_mm/LF_upper_arm_link__C148.stl,aedbf92e0fe3ba4bcc422202c93e59be6ae960412e4f539ae6c65c7f517c9eb9,3.8743019104003906e-07
LF_upper_arm_link__C149,LF_upper_arm_link,149,1,small_fragment_or_detail_review,False,True,False,0.004306435585021973,0.006541609764099121,0.0030621886253356934,-1.605944057181455e-06,"[-20.858053117990494, 58.39657410979271, -9.784391149878502]",components_mm/LF_upper_arm_link__C149.stl,fe4055a4be53476be95042ad72dabab7cb4c6bedf5abd35cd8898258fdc9d060,3.8743019104003906e-07
LF_upper_arm_link__C150,LF_upper_arm_link,150,1,small_fragment_or_detail_review,False,True,False,0.004306435585021973,0.006541609764099121,0.0030621886253356934,-1.605944057181455e-06,"[-20.858053117990494, 58.39657410979271, -9.784391149878502]",components_mm/LF_upper_arm_link__C150.stl,349de3e06d82e5d26d37b82ea07d60fc7ab72192be2b65bdf93609a0fd428032,3.8743019104003906e-07
LF_upper_arm_link__C151,LF_upper_arm_link,151,1,small_fragment_or_detail_review,False,True,False,0.003978610038757324,0.005945563316345215,0.00311434268951416,1.2626321205022999e-05,"[-20.856056362390518, 58.39958414435387, -9.782793000340462]",components_mm/LF_upper_arm_link__C151.stl,e6f35068eea6ba60fb193a3cea4870ed4157f76029fbb336c1befdfce0a56135,1.1026859283447266e-06
LF_upper_arm_link__C152,LF_upper_arm_link,152,1,small_fragment_or_detail_review,False,True,False,0.003978610038757324,0.005945563316345215,0.00311434268951416,-1.2626321205022999e-05,"[-20.856056362390518, 58.39958414435387, -9.782793000340462]",components_mm/LF_upper_arm_link__C152.stl,8cb2cba5d22924fce3bc5da3ecd958514caaaf7be2329c2da18b3938b4ee1cb7,1.1026859283447266e-06
LF_upper_arm_link__C153,LF_upper_arm_link,153,1,small_fragment_or_detail_review,False,True,False,0.003978610038757324,0.005945563316345215,0.00311434268951416,1.2626321205022999e-05,"[-20.856056362390518, 58.39958414435387, -9.782793000340462]",components_mm/LF_upper_arm_link__C153.stl,ade0cf4349a593b3ab63556641fd6c65b04f946cd59c4d2cdda2b24f09797df7,1.1026859283447266e-06
LF_upper_arm_link__C154,LF_upper_arm_link,154,1,small_fragment_or_detail_review,False,True,False,0.003978610038757324,0.005945563316345215,0.00311434268951416,-1.2626321205022999e-05,"[-20.856056362390518, 58.39958414435387, -9.782793000340462]",components_mm/LF_upper_arm_link__C154.stl,1bfb44d3421f39f6d3bea8f5619f24db9d7151a8f7eeceb60fbf8bec1d0a4425,1.1026859283447266e-06
LF_upper_arm_link__C155,LF_upper_arm_link,155,1,small_fragment_or_detail_review,False,True,False,0.0039711594581604,0.005945563316345215,0.0031366944313049316,-1.1993022120487449e-05,"[-20.853914320468903, 58.40281769633293, -9.781291708350182]",components_mm/LF_upper_arm_link__C155.stl,d1a2924fe923668747db72f36a75abfd6230ff181ae1117359d5e66bcb5cdeae,1.7583370208740234e-06
LF_upper_arm_link__C156,LF_upper_arm_link,156,1,small_fragment_or_detail_review,False,True,False,0.0039711594581604,0.005945563316345215,0.0031366944313049316,1.1993022120487449e-05,"[-20.853914320468903, 58.40281769633293, -9.781291708350182]",components_mm/LF_upper_arm_link__C156.stl,a0e1d79abd3ea87fe29c4c10f5eebc962166539ee2c39cf833c99c30152a2d46,1.7583370208740234e-06
LF_upper_arm_link__C157,LF_upper_arm_link,157,1,small_fragment_or_detail_review,False,True,False,0.0039711594581604,0.005945563316345215,0.0031366944313049316,-1.1993022120487449e-05,"[-20.853914320468903, 58.40281769633293, -9.781291708350182]",components_mm/LF_upper_arm_link__C157.stl,731ad42d2bdbbcfd0d0d27198a233cefd8c3228ea112d4980e44ed3082c41b7c,1.7583370208740234e-06
LF_upper_arm_link__C158,LF_upper_arm_link,158,1,small_fragment_or_detail_review,False,True,False,0.0039711594581604,0.005945563316345215,0.0031366944313049316,1.1993022120487449e-05,"[-20.853914320468903, 58.40281769633293, -9.781291708350182]",components_mm/LF_upper_arm_link__C158.stl,a0e1d79abd3ea87fe29c4c10f5eebc962166539ee2c39cf833c99c30152a2d46,1.7583370208740234e-06
LF_upper_arm_link__C159,LF_upper_arm_link,159,1,small_fragment_or_detail_review,False,True,False,0.004254281520843506,0.006377696990966797,0.002942979335784912,1.3531350155723026e-06,"[-20.851939916610718, 58.40574577450752, -9.779764339327812]",components_mm/LF_upper_arm_link__C159.stl,b36f4a9b8284a8ef8278bf613d1f79d2421a0610bbf6d4bb63d80968e69939ab,9.238719940185547e-07
LF_upper_arm_link__C160,LF_upper_arm_link,160,1,small_fragment_or_detail_review,False,True,False,0.004254281520843506,0.006377696990966797,0.002942979335784912,-1.3531350155723026e-06,"[-20.851939916610718, 58.40574577450752, -9.779764339327812]",components_mm/LF_upper_arm_link__C160.stl,c927379cfc02b745417c7b55210a6f2e0a75ea6b2f21affd1d0aa5d2aaa74ff3,9.238719940185547e-07
LF_upper_arm_link__C161,LF_upper_arm_link,161,1,small_fragment_or_detail_review,False,True,False,0.004254281520843506,0.006377696990966797,0.002942979335784912,1.3531350155723026e-06,"[-20.851939916610718, 58.40574577450752, -9.779764339327812]",components_mm/LF_upper_arm_link__C161.stl,b36f4a9b8284a8ef8278bf613d1f79d2421a0610bbf6d4bb63d80968e69939ab,9.238719940185547e-07
LF_upper_arm_link__C162,LF_upper_arm_link,162,1,small_fragment_or_detail_review,False,True,False,0.004254281520843506,0.006377696990966797,0.002942979335784912,-1.3531350155723026e-06,"[-20.851939916610718, 58.40574577450752, -9.779764339327812]",components_mm/LF_upper_arm_link__C162.stl,d9e9ca0dd3121f1b6598b2fb2af0df54ce13ef3c08d8544193b88fc2a16bc577,9.238719940185547e-07
LF_upper_arm_link__C163,LF_upper_arm_link,163,1,small_fragment_or_detail_review,False,True,False,0.0042244791984558105,0.006198883056640625,0.0027865171432495117,-1.1087865635907758e-06,"[-20.849816501140594, 58.408889919519424, -9.778330102562904]",components_mm/LF_upper_arm_link__C163.stl,871e85d55a99cfeadb1fdacdef885a223634ec7a35f9e5cd28c535fcc02edda8,1.7583370208740234e-06
LF_upper_arm_link__C164,LF_upper_arm_link,164,1,small_fragment_or_detail_review,False,True,False,0.0042244791984558105,0.006198883056640625,0.0027865171432495117,1.1087865635907758e-06,"[-20.849816501140594, 58.408889919519424, -9.778330102562904]",components_mm/LF_upper_arm_link__C164.stl,d80ead4f9fbfb96de3db0cdf551230f2311bf096d03e3e2a30b89d87f87ba887,1.7583370208740234e-06
LF_upper_arm_link__C165,LF_upper_arm_link,165,1,small_fragment_or_detail_review,False,True,False,0.0042244791984558105,0.006198883056640625,0.0027865171432495117,-1.1087865635907758e-06,"[-20.849816501140594, 58.408889919519424, -9.778330102562904]",components_mm/LF_upper_arm_link__C165.stl,871e85d55a99cfeadb1fdacdef885a223634ec7a35f9e5cd28c535fcc02edda8,1.7583370208740234e-06
LF_upper_arm_link__C166,LF_upper_arm_link,166,1,small_fragment_or_detail_review,False,True,False,0.0042244791984558105,0.006198883056640625,0.0027865171432495117,1.1087865635907758e-06,"[-20.849816501140594, 58.408889919519424, -9.778330102562904]",components_mm/LF_upper_arm_link__C166.stl,13b50ab04114b59b2a699556eee75fe8f1fdb35f632be4180a8f158a95058797,1.7583370208740234e-06
LF_upper_arm_link__C167,LF_upper_arm_link,167,1,small_fragment_or_detail_review,False,True,False,0.004157423973083496,0.005900859832763672,0.0029578804969787598,-9.401966323602257e-06,"[-20.845625549554825, 58.41493979096413, -9.77545790374279]",components_mm/LF_upper_arm_link__C167.stl,f327341e413ccdda5daf5f0dee6a11a611131ecd695c555861df5fd82100531f,1.7583370208740234e-06
LF_upper_arm_link__C168,LF_upper_arm_link,168,1,small_fragment_or_detail_review,False,True,False,0.004157423973083496,0.005900859832763672,0.0029578804969787598,9.401966323602257e-06,"[-20.845625549554825, 58.41493979096413, -9.77545790374279]",components_mm/LF_upper_arm_link__C168.stl,6641782a957058a3d4d3aa53a0535140a1f10042dfb60961d910aeb6d0b0ff18,1.7583370208740234e-06
LF_upper_arm_link__C169,LF_upper_arm_link,169,1,small_fragment_or_detail_review,False,True,False,0.004157423973083496,0.005900859832763672,0.0029578804969787598,-9.401966323602257e-06,"[-20.845625549554825, 58.41493979096413, -9.77545790374279]",components_mm/LF_upper_arm_link__C169.stl,33b092a46bb0a3872b22ecb215c32e51b4d30eda88dc1bdb0d86f0cdf75c3b12,1.7583370208740234e-06
LF_upper_arm_link__C170,LF_upper_arm_link,170,1,small_fragment_or_detail_review,False,True,False,0.004157423973083496,0.005900859832763672,0.0029578804969787598,9.401966323602257e-06,"[-20.845625549554825, 58.41493979096413, -9.77545790374279]",components_mm/LF_upper_arm_link__C170.stl,6641782a957058a3d4d3aa53a0535140a1f10042dfb60961d910aeb6d0b0ff18,1.7583370208740234e-06
LF_upper_arm_link__C171,LF_upper_arm_link,171,1,small_fragment_or_detail_review,False,True,False,0.004187226295471191,0.006020069122314453,0.0026747584342956543,1.3248217421042544e-06,"[-20.84355428814888, 58.41784551739693, -9.774019941687584]",components_mm/LF_upper_arm_link__C171.stl,4161a7ab4ebb47854daeb5977b1f31160e494fc106a5cbde32d46114a76df558,1.4007091522216797e-06
LF_upper_arm_link__C172,LF_upper_arm_link,172,1,small_fragment_or_detail_review,False,True,False,0.004187226295471191,0.006020069122314453,0.0026747584342956543,-1.3248217421042544e-06,"[-20.84355428814888, 58.41784551739693, -9.774019941687584]",components_mm/LF_upper_arm_link__C172.stl,3187b01725362340893a6de1770940a339637ca5f50924edc85b2b2ca2521e69,1.4007091522216797e-06
LF_upper_arm_link__C173,LF_upper_arm_link,173,1,small_fragment_or_detail_review,False,True,False,0.004187226295471191,0.006020069122314453,0.0026747584342956543,1.3248217421042544e-06,"[-20.84355428814888, 58.41784551739693, -9.774019941687584]",components_mm/LF_upper_arm_link__C173.stl,4161a7ab4ebb47854daeb5977b1f31160e494fc106a5cbde32d46114a76df558,1.4007091522216797e-06
LF_upper_arm_link__C174,LF_upper_arm_link,174,1,small_fragment_or_detail_review,False,True,False,0.004187226295471191,0.006020069122314453,0.0026747584342956543,-1.3248217421042544e-06,"[-20.84355428814888, 58.41784551739693, -9.774019941687584]",components_mm/LF_upper_arm_link__C174.stl,3187b01725362340893a6de1770940a339637ca5f50924edc85b2b2ca2521e69,1.4007091522216797e-06
LF_upper_arm_link__C175,LF_upper_arm_link,175,1,small_fragment_or_detail_review,False,True,False,0.004149973392486572,0.005841255187988281,0.002518296241760254,-1.0944594589945748e-06,"[-20.84147185087204, 58.4208108484745, -9.77271981537342]",components_mm/LF_upper_arm_link__C175.stl,577b24c129037059de370edc9e67c25520f52f930ca4d6b0c6b932ce4c359a60,1.5795230865478516e-06
LF_upper_arm_link__C176,LF_upper_arm_link,176,1,small_fragment_or_detail_review,False,True,False,0.004149973392486572,0.005841255187988281,0.002518296241760254,1.0944594589945748e-06,"[-20.84147185087204, 58.4208108484745, -9.77271981537342]",components_mm/LF_upper_arm_link__C176.stl,96ac8ef86babc0dbda7624cdc393605b23a76d90e38e661fbb04067806baaa92,1.5795230865478516e-06
LF_upper_arm_link__C177,LF_upper_arm_link,177,1,small_fragment_or_detail_review,False,True,False,0.004149973392486572,0.005841255187988281,0.002518296241760254,1.0944594589945748e-06,"[-20.84147185087204, 58.4208108484745, -9.77271981537342]",components_mm/LF_upper_arm_link__C177.stl,a8984d7826ed78a5283201b2ba1c656c5b3fe41541005ec79a3b6d204f229205,1.5795230865478516e-06
LF_upper_arm_link__C178,LF_upper_arm_link,178,1,small_fragment_or_detail_review,False,True,False,0.004149973392486572,0.005841255187988281,0.002518296241760254,-1.0944594589945748e-06,"[-20.84147185087204, 58.4208108484745, -9.77271981537342]",components_mm/LF_upper_arm_link__C178.stl,577b24c129037059de370edc9e67c25520f52f930ca4d6b0c6b932ce4c359a60,1.5795230865478516e-06
LF_upper_arm_link__C179,LF_upper_arm_link,179,1,small_fragment_or_detail_review,False,True,False,0.004343688488006592,0.0058710575103759766,0.002779066562652588,7.616844558903796e-06,"[-20.837225019931793, 58.426667004823685, -9.770071133971214]",components_mm/LF_upper_arm_link__C179.stl,45725a6d9b97d922a4cde036479970d8cb7cf8902ebb2fe84fead55f12681cb5,1.2814998626708984e-06
LF_upper_arm_link__C180,LF_upper_arm_link,180,1,small_fragment_or_detail_review,False,True,False,0.004343688488006592,0.0058710575103759766,0.002779066562652588,7.616844558903796e-06,"[-20.837225019931793, 58.426667004823685, -9.770071133971214]",components_mm/LF_upper_arm_link__C180.stl,61c389268e2a4d9de15963e19024e42abe53740970260a6e4c79bd76307e79f0,1.2814998626708984e-06
LF_upper_arm_link__C181,LF_upper_arm_link,181,1,small_fragment_or_detail_review,False,True,False,0.004343688488006592,0.0058710575103759766,0.002779066562652588,-7.616844558903796e-06,"[-20.837225019931793, 58.426667004823685, -9.770071133971214]",components_mm/LF_upper_arm_link__C181.stl,b2ac5ef29a25edc1627a4d25bca06aa85d822389eb8fe21361a0b19ff2aa7b36,1.2814998626708984e-06
LF_upper_arm_link__C182,LF_upper_arm_link,182,1,small_fragment_or_detail_review,False,True,False,0.004105269908905029,0.005647540092468262,0.002391636371612549,1.1114713865115357e-06,"[-20.83505690097809, 58.429550379514694, -9.768722578883171]",components_mm/LF_upper_arm_link__C182.stl,5e6a5848f70b5de680c596043f831ad0f86710c4a2321fb599cc8d113f95e383,1.1026859283447266e-06
LF_upper_arm_link__C183,LF_upper_arm_link,183,1,small_fragment_or_detail_review,False,True,False,0.004105269908905029,0.005647540092468262,0.002391636371612549,-1.1114713865115357e-06,"[-20.83505690097809, 58.429550379514694, -9.768722578883171]",components_mm/LF_upper_arm_link__C183.stl,18ae31b3d8add841f7aa8f05660fdfc836f77adf7ec100ae212779b5b8c1bf03,1.1026859283447266e-06
LF_upper_arm_link__C184,LF_upper_arm_link,184,1,small_fragment_or_detail_review,False,True,False,0.004105269908905029,0.005647540092468262,0.002391636371612549,1.1114713865115357e-06,"[-20.83505690097809, 58.429550379514694, -9.768722578883171]",components_mm/LF_upper_arm_link__C184.stl,5e6a5848f70b5de680c596043f831ad0f86710c4a2321fb599cc8d113f95e383,1.1026859283447266e-06
LF_upper_arm_link__C185,LF_upper_arm_link,185,1,small_fragment_or_detail_review,False,True,False,0.004105269908905029,0.005647540092468262,0.002391636371612549,-1.1114713865115357e-06,"[-20.83505690097809, 58.429550379514694, -9.768722578883171]",components_mm/LF_upper_arm_link__C185.stl,18ae31b3d8add841f7aa8f05660fdfc836f77adf7ec100ae212779b5b8c1bf03,1.1026859283447266e-06
LF_upper_arm_link__C186,LF_upper_arm_link,186,1,small_fragment_or_detail_review,False,True,False,0.004544854164123535,0.005811452865600586,0.0025779008865356445,-4.517116271237192e-06,"[-20.832780748605728, 58.43250826001167, -9.76739265024662]",components_mm/LF_upper_arm_link__C186.stl,dde34ed9f89469eff92ba46321a2bdf7e34d28a2bd2a27848073090ae65a9102,1.043081283569336e-06
LF_upper_arm_link__C187,LF_upper_arm_link,187,1,small_fragment_or_detail_review,False,True,False,0.004544854164123535,0.005811452865600586,0.0025779008865356445,4.517116271237192e-06,"[-20.832780748605728, 58.43250826001167, -9.76739265024662]",components_mm/LF_upper_arm_link__C187.stl,8d41c88ec0b8f04231e404f048a89ae5091254a0872ec9922bf3a2acd8c29343,1.043081283569336e-06
LF_upper_arm_link__C188,LF_upper_arm_link,188,1,small_fragment_or_detail_review,False,True,False,0.004544854164123535,0.005811452865600586,0.0025779008865356445,4.517116271237192e-06,"[-20.832780748605728, 58.43250826001167, -9.76739265024662]",components_mm/LF_upper_arm_link__C188.stl,5ef38cf1ff95d6e5068e4b98a69bbba56bcc39a29830a956c125072a2b3a3401,1.043081283569336e-06
LF_upper_arm_link__C189,LF_upper_arm_link,189,1,small_fragment_or_detail_review,False,True,False,0.004060566425323486,0.0054836273193359375,0.0022649765014648438,1.0729654091432643e-06,"[-20.828478038311005, 58.43815580010414, -9.76497121155262]",components_mm/LF_upper_arm_link__C189.stl,939286898923ce6e4011cd8739354216a911e9f2387d93fe4448fc0f752815b2,1.2814998626708984e-06
LF_upper_arm_link__C190,LF_upper_arm_link,190,1,small_fragment_or_detail_review,False,True,False,0.004060566425323486,0.0054836273193359375,0.0022649765014648438,-1.0729654091432643e-06,"[-20.828478038311005, 58.43815580010414, -9.76497121155262]",components_mm/LF_upper_arm_link__C190.stl,092a20fbf3d9b2305ee197a6d4604746fdf19dee168772ac988cca7c8de4eaf2,1.2814998626708984e-06
LF_upper_arm_link__C191,LF_upper_arm_link,191,1,small_fragment_or_detail_review,False,True,False,0.004060566425323486,0.0054836273193359375,0.0022649765014648438,1.0729654091432643e-06,"[-20.828478038311005, 58.43815580010414, -9.76497121155262]",components_mm/LF_upper_arm_link__C191.stl,3999c51712e8d46d4f2b8df43f2ebfb9c676540f04364ec1aff5515256738181,1.2814998626708984e-06
LF_upper_arm_link__C192,LF_upper_arm_link,192,1,small_fragment_or_detail_review,False,True,False,0.004060566425323486,0.0054836273193359375,0.0022649765014648438,1.0729654091432643e-06,"[-20.828478038311005, 58.43815580010414, -9.76497121155262]",components_mm/LF_upper_arm_link__C192.stl,3999c51712e8d46d4f2b8df43f2ebfb9c676540f04364ec1aff5515256738181,1.2814998626708984e-06
LF_upper_arm_link__C193,LF_upper_arm_link,193,1,small_fragment_or_detail_review,False,True,False,0.004060566425323486,0.0054836273193359375,0.0022649765014648438,-1.0729654091432643e-06,"[-20.828478038311005, 58.43815580010414, -9.76497121155262]",components_mm/LF_upper_arm_link__C193.stl,f83d9ddd7b38ee8ff5058a23969f2ac8eb94fa74a39e0429bbf2c84fe9062735,1.2814998626708984e-06
LF_upper_arm_link__C194,LF_upper_arm_link,194,1,small_fragment_or_detail_review,False,True,False,0.004030764102935791,0.005289912223815918,0.002115964889526367,9.029144940406326e-07,"[-20.82645893096924, 58.44084545969963, -9.763875976204872]",components_mm/LF_upper_arm_link__C194.stl,1421297fa0f61ff635cfd604903cda00265f12307cc9b287ce90b5e6d78b4670,1.4007091522216797e-06
LF_upper_arm_link__C195,LF_upper_arm_link,195,1,small_fragment_or_detail_review,False,True,False,0.004030764102935791,0.005289912223815918,0.002115964889526367,-9.029144940406326e-07,"[-20.82645893096924, 58.44084545969963, -9.763875976204872]",components_mm/LF_upper_arm_link__C195.stl,dbd0c4d9debd03e043a8e6d99041be087b3e3fe604d7398c8449804b23535a3a,1.4007091522216797e-06
LF_upper_arm_link__C196,LF_upper_arm_link,196,1,small_fragment_or_detail_review,False,True,False,0.004030764102935791,0.005289912223815918,0.002115964889526367,-9.029144940406326e-07,"[-20.82645893096924, 58.44084545969963, -9.763875976204872]",components_mm/LF_upper_arm_link__C196.stl,032a84cbf3d353fc1f5608b3ee0b776f36da03b3188ade6f14c187445d211acc,1.4007091522216797e-06
LF_upper_arm_link__C197,LF_upper_arm_link,197,1,small_fragment_or_detail_review,False,True,False,0.004030764102935791,0.005289912223815918,0.002115964889526367,9.029144940406326e-07,"[-20.82645893096924, 58.44084545969963, -9.763875976204872]",components_mm/LF_upper_arm_link__C197.stl,5113cda23af6b6c85bc13d91e4a82e1ea94d3eb070ffe345d55da11c51b4a8b7,1.4007091522216797e-06
LF_upper_arm_link__C198,LF_upper_arm_link,198,1,small_fragment_or_detail_review,False,True,False,0.004723668098449707,0.005766749382019043,0.0024139881134033203,-3.88061009007606e-06,"[-20.824085921049118, 58.44378098845482, -9.762631729245186]",components_mm/LF_upper_arm_link__C198.stl,cf53406e67ecf9870c3fdf7571a634fabf8e89809322ac5bef9c14fa9816dc02,1.4603137969970703e-06
LF_upper_arm_link__C199,LF_upper_arm_link,199,1,small_fragment_or_detail_review,False,True,False,0.004723668098449707,0.005766749382019043,0.0024139881134033203,3.88061009007606e-06,"[-20.824085921049118, 58.44378098845482, -9.762631729245186]",components_mm/LF_upper_arm_link__C199.stl,ce1408701014a90229791b98bb87d2efa596fdfb9e871d9d5a8854bafc487669,1.4603137969970703e-06
LF_upper_arm_link__C200,LF_upper_arm_link,200,1,small_fragment_or_detail_review,False,True,False,0.004723668098449707,0.005766749382019043,0.0024139881134033203,-3.88061009007606e-06,"[-20.824085921049118, 58.44378098845482, -9.762631729245186]",components_mm/LF_upper_arm_link__C200.stl,9dfdcacdee4b9d15312711fafd2b74cb11f40f5befafb1c6b8d0b5be5e6b46b6,1.4603137969970703e-06
LF_upper_arm_link__C201,LF_upper_arm_link,201,1,small_fragment_or_detail_review,False,True,False,0.004723668098449707,0.005766749382019043,0.0024139881134033203,3.88061009007606e-06,"[-20.824085921049118, 58.44378098845482, -9.762631729245186]",components_mm/LF_upper_arm_link__C201.stl,4f3b446772d628aa392baab8cf97842ec42e7bdf11dd512477624fc6e6b7d397,1.4603137969970703e-06
LF_upper_arm_link__C202,LF_upper_arm_link,202,1,small_fragment_or_detail_review,False,True,False,0.003978610038757324,0.005125999450683594,0.0019818544387817383,1.0655805781730902e-06,"[-20.819734781980515, 58.44922736287117, -9.760433807969093]",components_mm/LF_upper_arm_link__C202.stl,52137fcd2eef7f2c459e84a83a7f3d73ca7e7125a0328e91cda84b9d6eb2c129,1.4603137969970703e-06
LF_upper_arm_link__C203,LF_upper_arm_link,203,1,small_fragment_or_detail_review,False,True,False,0.003978610038757324,0.005125999450683594,0.0019818544387817383,1.0655805781730902e-06,"[-20.819734781980515, 58.44922736287117, -9.760433807969093]",components_mm/LF_upper_arm_link__C203.stl,642ba590ffc6eac659468de1c681fe007fb217565420be6df22243b0a0af8333,1.4603137969970703e-06
LF_upper_arm_link__C204,LF_upper_arm_link,204,1,small_fragment_or_detail_review,False,True,False,0.003978610038757324,0.005125999450683594,0.0019818544387817383,-1.0655805781730902e-06,"[-20.819734781980515, 58.44922736287117, -9.760433807969093]",components_mm/LF_upper_arm_link__C204.stl,fae52672074d2feb237740731f9d16c7f14765894b4bab96e219800e05146ec2,1.4603137969970703e-06
LF_upper_arm_link__C205,LF_upper_arm_link,205,1,small_fragment_or_detail_review,False,True,False,0.003941357135772705,0.004932284355163574,0.0018253922462463379,1.1128595861066676e-06,"[-20.81775665283203, 58.45173820853233, -9.759483858942986]",components_mm/LF_upper_arm_link__C205.stl,2c89dfab585826e8824956937b8095c823b9cb4fff346167833ca45ec56eccdc,4.6193599700927734e-07
LF_upper_arm_link__C206,LF_upper_arm_link,206,1,small_fragment_or_detail_review,False,True,False,0.003941357135772705,0.004932284355163574,0.0018253922462463379,-1.1128595861066676e-06,"[-20.81775665283203, 58.45173820853233, -9.759483858942986]",components_mm/LF_upper_arm_link__C206.stl,0112ffeacee574630698d0acf589483749aa3de1ba70adc64cc695161ecef1f8,4.6193599700927734e-07
LF_upper_arm_link__C207,LF_upper_arm_link,207,1,small_fragment_or_detail_review,False,True,False,0.003941357135772705,0.004932284355163574,0.0018253922462463379,-1.1128595861066676e-06,"[-20.81775665283203, 58.45173820853233, -9.759483858942986]",components_mm/LF_upper_arm_link__C207.stl,03490d205ade5cadc0bc35c68427779b22ab76aaa5683856910a8b83ebeff7c2,4.6193599700927734e-07
LF_upper_arm_link__C208,LF_upper_arm_link,208,1,small_fragment_or_detail_review,False,True,False,0.003941357135772705,0.004932284355163574,0.0018253922462463379,1.1128595861066676e-06,"[-20.81775665283203, 58.45173820853233, -9.759483858942986]",components_mm/LF_upper_arm_link__C208.stl,2c89dfab585826e8824956937b8095c823b9cb4fff346167833ca45ec56eccdc,4.6193599700927734e-07
LF_upper_arm_link__C209,LF_upper_arm_link,209,1,small_fragment_or_detail_review,False,True,False,0.004902482032775879,0.005736947059631348,0.002250075340270996,-4.482145885491377e-06,"[-20.815294235944748, 58.45465883612633, -9.758317843079567]",components_mm/LF_upper_arm_link__C209.stl,46f651d68c3628b3fec4f12050c630d78730f28573ad9099d7baeffac55b065c,5.066394805908203e-07
LF_upper_arm_link__C210,LF_upper_arm_link,210,1,small_fragment_or_detail_review,False,True,False,0.004902482032775879,0.005736947059631348,0.002250075340270996,4.482145885491377e-06,"[-20.815294235944748, 58.45465883612633, -9.758317843079567]",components_mm/LF_upper_arm_link__C210.stl,17115634661ecb4d9b5770450d6cbf299dba6facf8615cc2becefe721a228714,5.066394805908203e-07
LF_upper_arm_link__C211,LF_upper_arm_link,211,1,small_fragment_or_detail_review,False,True,False,0.004902482032775879,0.005736947059631348,0.002250075340270996,-4.482145885491377e-06,"[-20.815294235944748, 58.45465883612633, -9.758317843079567]",components_mm/LF_upper_arm_link__C211.stl,46f651d68c3628b3fec4f12050c630d78730f28573ad9099d7baeffac55b065c,5.066394805908203e-07
LF_upper_arm_link__C212,LF_upper_arm_link,212,1,small_fragment_or_detail_review,False,True,False,0.004902482032775879,0.005736947059631348,0.002250075340270996,4.482145885491377e-06,"[-20.815294235944748, 58.45465883612633, -9.758317843079567]",components_mm/LF_upper_arm_link__C212.stl,17115634661ecb4d9b5770450d6cbf299dba6facf8615cc2becefe721a228714,5.066394805908203e-07
LF_upper_arm_link__C213,LF_upper_arm_link,213,1,small_fragment_or_detail_review,False,True,False,0.004902482032775879,0.005736947059631348,0.0022649765014648438,-3.966361429668629e-06,"[-20.813334733247757, 58.45707282423973, -9.75743867456913]",components_mm/LF_upper_arm_link__C213.stl,f72632cc5f8a2b2956056cc98458945c6512709feef2e9e5932980319056907e,9.238719940185547e-07
LF_upper_arm_link__C214,LF_upper_arm_link,214,1,small_fragment_or_detail_review,False,True,False,0.004902482032775879,0.005736947059631348,0.0022649765014648438,3.966361429668629e-06,"[-20.813334733247757, 58.45707282423973, -9.75743867456913]",components_mm/LF_upper_arm_link__C214.stl,7cb8f731af2995c634f3f12dcb8325ea1a8a6b493de744611d9c6f378e723050,9.238719940185547e-07
LF_upper_arm_link__C215,LF_upper_arm_link,215,1,small_fragment_or_detail_review,False,True,False,0.004902482032775879,0.005736947059631348,0.0022649765014648438,-3.966361429668629e-06,"[-20.813334733247757, 58.45707282423973, -9.75743867456913]",components_mm/LF_upper_arm_link__C215.stl,f72632cc5f8a2b2956056cc98458945c6512709feef2e9e5932980319056907e,9.238719940185547e-07
LF_upper_arm_link__C216,LF_upper_arm_link,216,1,small_fragment_or_detail_review,False,True,False,0.003859400749206543,0.004544854164123535,0.001519918441772461,-1.2891237888332892e-06,"[-20.808953791856766, 58.46221372485161, -9.755546227097511]",components_mm/LF_upper_arm_link__C216.stl,0fcd5998d342b2c63230686578c8f3b7394b726d6322a884912abfbd352cc558,9.834766387939453e-07
LF_upper_arm_link__C217,LF_upper_arm_link,217,1,small_fragment_or_detail_review,False,True,False,0.003859400749206543,0.004544854164123535,0.001519918441772461,1.2891237888332892e-06,"[-20.808953791856766, 58.46221372485161, -9.755546227097511]",components_mm/LF_upper_arm_link__C217.stl,228279fe9a1ea8844fb58c560ea4ce6b2eaec0126da896f997e0730bc59c86d5,9.834766387939453e-07
LF_upper_arm_link__C218,LF_upper_arm_link,218,1,small_fragment_or_detail_review,False,True,False,0.005081295967102051,0.005707144737243652,0.0021085143089294434,5.2350229179218165e-06,"[-20.80448344349861, 58.46733972430229, -9.75373201072216]",components_mm/LF_upper_arm_link__C218.stl,f6ea62cfa2b81bf36710937fecfc318603bb84ff4cdfadb4eeadd487cdcfd962,1.341104507446289e-06
LF_upper_arm_link__C219,LF_upper_arm_link,219,1,small_fragment_or_detail_review,False,True,False,0.005081295967102051,0.005707144737243652,0.0021085143089294434,-5.2350229179218165e-06,"[-20.80448344349861, 58.46733972430229, -9.75373201072216]",components_mm/LF_upper_arm_link__C219.stl,8fa75df32f6d1666afabbdf8d81a7a18f879e20963b5d83e99073fb0722becff,1.341104507446289e-06
LF_upper_arm_link__C220,LF_upper_arm_link,220,1,small_fragment_or_detail_review,False,True,False,0.003822147846221924,0.004380941390991211,0.0013932585716247559,1.2194056575530196e-06,"[-20.801953971385956, 58.47014859318733, -9.752718731760979]",components_mm/LF_upper_arm_link__C220.stl,c482da8377e864df0e819140b247284bc1a380856856b973ae0612f7374a1ea9,1.5795230865478516e-06
LF_upper_arm_link__C221,LF_upper_arm_link,221,1,small_fragment_or_detail_review,False,True,False,0.003822147846221924,0.004380941390991211,0.0013932585716247559,-1.2194056575530196e-06,"[-20.801953971385956, 58.47014859318733, -9.752718731760979]",components_mm/LF_upper_arm_link__C221.stl,c4b62190c96307915b2c723223bc0011eea505a7b8f105f401b1ec8a45008b62,1.5795230865478516e-06
LF_upper_arm_link__C222,LF_upper_arm_link,222,1,small_fragment_or_detail_review,False,True,False,0.003777444362640381,0.004172325134277344,0.0012293457984924316,-1.0160785716294545e-06,"[-20.80005407333374, 58.47227945923805, -9.75206308066845]",components_mm/LF_upper_arm_link__C222.stl,9d0077f41646f2fc0cb1cd077774917ee168e8a4051e8d7c7ce46692611a9ad8,1.341104507446289e-06
LF_upper_arm_link__C223,LF_upper_arm_link,223,1,small_fragment_or_detail_review,False,True,False,0.0052675604820251465,0.005662441253662109,0.0019147992134094238,1.069134066675279e-05,"[-20.799309015274048, 58.473024517297745, -9.751720353960991]",components_mm/LF_upper_arm_link__C223.stl,e1773173d86a530ad0a10210a10ca40a1d5c2fd4b568936440969c05a78f487c,1.341104507446289e-06
LF_upper_arm_link__C224,LF_upper_arm_link,224,1,small_fragment_or_detail_review,False,True,False,0.0052675604820251465,0.005662441253662109,0.0019147992134094238,1.069134066675279e-05,"[-20.799309015274048, 58.473024517297745, -9.751720353960991]",components_mm/LF_upper_arm_link__C224.stl,e1773173d86a530ad0a10210a10ca40a1d5c2fd4b568936440969c05a78f487c,1.341104507446289e-06
LF_upper_arm_link__C225,LF_upper_arm_link,225,1,small_fragment_or_detail_review,False,True,False,0.005252659320831299,0.005677342414855957,0.0019446015357971191,1.0334236565468106e-05,"[-20.795539021492004, 58.47720429301262, -9.750476107001305]",components_mm/LF_upper_arm_link__C225.stl,e9814029f6494f9c7574ebcc4d2c174b4c7bf6fb0a470941e8bcd5b9661857b3,1.4603137969970703e-06
LF_upper_arm_link__C226,LF_upper_arm_link,226,1,small_fragment_or_detail_review,False,True,False,0.005252659320831299,0.005677342414855957,0.0019446015357971191,1.0334236565468106e-05,"[-20.795539021492004, 58.47720429301262, -9.750476107001305]",components_mm/LF_upper_arm_link__C226.stl,66bc55cebee859f5568503279a0c06daf67a47e9e6a8d75c6fe6d1716530f871,1.4603137969970703e-06
LF_upper_arm_link__C227,LF_upper_arm_link,227,1,small_fragment_or_detail_review,False,True,False,0.005617737770080566,0.006124377250671387,0.0017657876014709473,-3.3035316557082754e-06,"[-20.793866366147995, 58.47891792654991, -9.74988006055355]",components_mm/LF_upper_arm_link__C227.stl,5d96ab3117d0cd97c9d82f567a19caebf6eb4e62d3a40a02f52dce4fc6927553,1.043081283569336e-06
LF_upper_arm_link__C228,LF_upper_arm_link,228,1,small_fragment_or_detail_review,False,True,False,0.005617737770080566,0.006124377250671387,0.0017657876014709473,-3.3035316557082754e-06,"[-20.793866366147995, 58.47891792654991, -9.74988006055355]",components_mm/LF_upper_arm_link__C228.stl,3fafc06ac3888904db9853e9c9e0f3cc6ac76a6de98a09f0207d96f7b99f2fbc,1.043081283569336e-06
LF_upper_arm_link__C229,LF_upper_arm_link,229,1,small_fragment_or_detail_review,False,True,False,0.0054389238357543945,0.005617737770080566,0.0017657876014709473,-5.97133178152142e-06,"[-20.79019322991371, 58.48285183310509, -9.74862091243267]",components_mm/LF_upper_arm_link__C229.stl,51d5e9dc593d7f6d97b9caa8a140e727ea8b7807739ee402f23999a826604fc0,1.4603137969970703e-06
LF_upper_arm_link__C230,LF_upper_arm_link,230,1,small_fragment_or_detail_review,False,True,False,0.0054389238357543945,0.005617737770080566,0.0017657876014709473,-5.97133178152142e-06,"[-20.79019322991371, 58.48285183310509, -9.74862091243267]",components_mm/LF_upper_arm_link__C230.stl,01b36340e15eb8742a4b746a74403665688ba125c1def580294a2db1ca5d23cf,1.4603137969970703e-06
LF_upper_arm_link__C231,LF_upper_arm_link,231,1,small_fragment_or_detail_review,False,True,False,0.0035837292671203613,0.003680586814880371,0.001259148120880127,3.8256339088069836e-06,"[-20.789265632629395, 58.48382040858269, -9.748367592692375]",components_mm/LF_upper_arm_link__C231.stl,9b1d652f55d50020888d8c686d393b6f580330d09eed3105135936aa90757b9a,7.450580596923828e-07
LF_upper_arm_link__C232,LF_upper_arm_link,232,1,small_fragment_or_detail_review,False,True,False,0.005543231964111328,0.005856156349182129,0.00155717134475708,-3.4513237574659786e-06,"[-20.78656479716301, 58.48653241991997, -9.747562929987907]",components_mm/LF_upper_arm_link__C232.stl,622744746a113cbcfc88b9a53f0d2b8edd190f2faff95bc658931f6af1b389bf,7.450580596923828e-07
LF_upper_arm_link__C233,LF_upper_arm_link,233,1,small_fragment_or_detail_review,False,True,False,0.005543231964111328,0.005856156349182129,0.00155717134475708,3.4513237574659786e-06,"[-20.78656479716301, 58.48653241991997, -9.747562929987907]",components_mm/LF_upper_arm_link__C233.stl,185f0789a52d62700e1538e303d430ca5db925270740202bc3bc072e3ee4e6c9,7.450580596923828e-07
LF_upper_arm_link__C234,LF_upper_arm_link,234,1,small_fragment_or_detail_review,False,True,False,0.005543231964111328,0.005856156349182129,0.00155717134475708,3.4513237574659786e-06,"[-20.78656479716301, 58.48653241991997, -9.747562929987907]",components_mm/LF_upper_arm_link__C234.stl,4a6bcfe0ac3ec684e11ebf0cdb99c0f48ec8ee84815bdd20ebc0ef1deb7a0030,7.450580596923828e-07
LF_upper_arm_link__C235,LF_upper_arm_link,235,1,small_fragment_or_detail_review,False,True,False,0.00562518835067749,0.005558133125305176,0.0015795230865478516,7.287176004845027e-06,"[-20.784661173820496, 58.48843976855278, -9.746948257088661]",components_mm/LF_upper_arm_link__C235.stl,aee71999ac88dd79d48ca514926de54e284ae9163c847c554f75c2018f20f6a8,3.2782554626464844e-07
LF_upper_arm_link__C236,LF_upper_arm_link,236,1,small_fragment_or_detail_review,False,True,False,0.00562518835067749,0.005558133125305176,0.0015795230865478516,-7.287176004845027e-06,"[-20.784661173820496, 58.48843976855278, -9.746948257088661]",components_mm/LF_upper_arm_link__C236.stl,6cbd6becfd2485a4bca69a10b0e5516207a837f21133e8528d523307dec2d9f9,3.2782554626464844e-07
LF_upper_arm_link__C237,LF_upper_arm_link,237,1,small_fragment_or_detail_review,False,True,False,0.00562518835067749,0.005558133125305176,0.0015795230865478516,7.287176004845027e-06,"[-20.784661173820496, 58.48843976855278, -9.746948257088661]",components_mm/LF_upper_arm_link__C237.stl,828aeb66e59d04f0b67b24d7f67d0fcf70bc2dc86fd2c6ebc4dfa63e934630dd,3.2782554626464844e-07
LF_upper_arm_link__C238,LF_upper_arm_link,238,1,small_fragment_or_detail_review,False,True,False,0.005617737770080566,0.005587935447692871,0.0016167759895324707,6.799273340680992e-06,"[-20.780984312295914, 58.492254465818405, -9.745975956320763]",components_mm/LF_upper_arm_link__C238.stl,f63cdb6e4a50ef5e4021cb9063b2f0e369dc4a1ceba2ac7e49f6d11eeb137777,6.854534149169922e-07
LF_upper_arm_link__C239,LF_upper_arm_link,239,1,small_fragment_or_detail_review,False,True,False,0.005617737770080566,0.005587935447692871,0.0016167759895324707,6.799273340680992e-06,"[-20.780984312295914, 58.492254465818405, -9.745975956320763]",components_mm/LF_upper_arm_link__C239.stl,81053be640a45595a2e95c3d6864eeb014b5a22f4f28553cd8d4171444ae62b2,6.854534149169922e-07
LF_upper_arm_link__C240,LF_upper_arm_link,240,1,small_fragment_or_detail_review,False,True,False,0.007420778274536133,0.0073462724685668945,0.0019818544387817383,-1.1563275336824347e-05,"[-20.780082792043686, 58.49313363432884, -9.745793417096138]",components_mm/LF_upper_arm_link__C240.stl,b168707324db07a6ee01125322bdc13c181dc3bd8e6dafd4d96711a6b83bc1b7,6.854534149169922e-07
LF_upper_arm_link__C241,LF_upper_arm_link,241,1,small_fragment_or_detail_review,False,True,False,0.007420778274536133,0.0073462724685668945,0.0019818544387817383,8.34089360486789e-06,"[-20.780082792043686, 58.49313363432884, -9.745793417096138]",components_mm/LF_upper_arm_link__C241.stl,ad485303414de2e9d19442dae426d0d5431376d38e185de3075a42ce9518bc42,6.854534149169922e-07
LF_upper_arm_link__C242,LF_upper_arm_link,242,1,small_fragment_or_detail_review,False,True,False,0.005476176738739014,0.005587935447692871,0.0013560056686401367,-3.5768640885634202e-06,"[-20.779110491275787, 58.49401280283928, -9.745480492711067]",components_mm/LF_upper_arm_link__C242.stl,0877fc590cc279e3b214929b9258bac36217f8bdc64fda24f2924421adcacd9e,5.066394805908203e-07
LF_upper_arm_link__C243,LF_upper_arm_link,243,1,small_fragment_or_detail_review,False,True,False,0.005476176738739014,0.005587935447692871,0.0013560056686401367,-3.5768640885634202e-06,"[-20.779110491275787, 58.49401280283928, -9.745480492711067]",components_mm/LF_upper_arm_link__C243.stl,636469f68716d1464c07e1d34c4c9fff1291ace22aa90f30c77d03e7d8e088ff,5.066394805908203e-07
LF_upper_arm_link__C244,LF_upper_arm_link,244,1,small_fragment_or_detail_review,False,True,False,0.0057891011238098145,0.0055283308029174805,0.0014379620552062988,5.299321400154674e-06,"[-20.77528089284897, 58.49781259894371, -9.744448587298393]",components_mm/LF_upper_arm_link__C244.stl,7df78276d4b3dcd71f593545a4a5148876f3d86dac4e23558730fc41797f79bd,7.450580596923828e-07
LF_upper_arm_link__C245,LF_upper_arm_link,245,1,small_fragment_or_detail_review,False,True,False,0.0057891011238098145,0.0055283308029174805,0.0014379620552062988,-5.299321400154674e-06,"[-20.77528089284897, 58.49781259894371, -9.744448587298393]",components_mm/LF_upper_arm_link__C245.stl,0a8ad00272753d511b02d92481fbecb683dacd630bb45802dfbc782518ba1ed3,7.450580596923828e-07
LF_upper_arm_link__C246,LF_upper_arm_link,246,1,small_fragment_or_detail_review,False,True,False,0.0057891011238098145,0.0055283308029174805,0.0014379620552062988,-5.299321400154674e-06,"[-20.77528089284897, 58.49781259894371, -9.744448587298393]",components_mm/LF_upper_arm_link__C246.stl,ae21505fb1dd95f6c121f609fd8e54e324f9a0a27c483cb9f2c41d54cf6f4dc0,7.450580596923828e-07
LF_upper_arm_link__C247,LF_upper_arm_link,247,1,small_fragment_or_detail_review,False,True,False,0.003986060619354248,0.003769993782043457,0.0010728836059570312,-7.34597003533621e-06,"[-20.77437937259674, 58.49869176745415, -9.744266048073769]",components_mm/LF_upper_arm_link__C247.stl,4bb2332b908b527ed86e852613188918381d9043fad992c0ea54b269c5e34ff3,7.450580596923828e-07
LF_upper_arm_link__C248,LF_upper_arm_link,248,1,small_fragment_or_detail_review,False,True,False,0.005781650543212891,0.005543231964111328,0.0014677643775939941,-1.3211915442083525e-05,"[-20.77169343829155, 58.5012324154377, -9.743785485625267]",components_mm/LF_upper_arm_link__C248.stl,9de88d140efc9cd179bdd14ff9cd43db408755820e916092496257eb3be50345,1.8775463104248047e-06
LF_upper_arm_link__C249,LF_upper_arm_link,249,1,small_fragment_or_detail_review,False,True,False,0.005781650543212891,0.005543231964111328,0.0014677643775939941,1.3211915442083525e-05,"[-20.77169343829155, 58.5012324154377, -9.743785485625267]",components_mm/LF_upper_arm_link__C249.stl,5568bd276c2372b279f661c8cbb0c213da1d28bbae8df74c9a237ae11d867355,1.8775463104248047e-06
LF_upper_arm_link__C250,LF_upper_arm_link,250,1,small_fragment_or_detail_review,False,True,False,0.005781650543212891,0.005543231964111328,0.0014677643775939941,1.3211915442083525e-05,"[-20.77169343829155, 58.5012324154377, -9.743785485625267]",components_mm/LF_upper_arm_link__C250.stl,80ab3cf84492242cefc8011713dfc8e0f06188f8523bf3cee0d322bb0bc08bec,1.8775463104248047e-06
LF_upper_arm_link__C251,LF_upper_arm_link,251,1,small_fragment_or_detail_review,False,True,False,0.005349516868591309,0.004991888999938965,0.0008866190910339355,-3.5913887291287097e-06,"[-20.769711583852768, 58.50307270884514, -9.743286296725273]",components_mm/LF_upper_arm_link__C251.stl,4c39e5a6ae35ec560e12c9da65628c10de4483ee88410894e39b4249aa018e09,8.046627044677734e-07
LF_upper_arm_link__C252,LF_upper_arm_link,252,1,small_fragment_or_detail_review,False,True,False,0.005349516868591309,0.004991888999938965,0.0008866190910339355,-3.5913887291287097e-06,"[-20.769711583852768, 58.50307270884514, -9.743286296725273]",components_mm/LF_upper_arm_link__C252.stl,bd9b201477990b1b06df503c7efb7da1a4724f77c269647d5356feb8e24d893f,8.046627044677734e-07
LF_upper_arm_link__C253,LF_upper_arm_link,253,1,small_fragment_or_detail_review,False,True,False,0.005967915058135986,0.005498528480529785,0.001296401023864746,-9.150585387469324e-06,"[-20.765818655490875, 58.50675329566002, -9.742403402924538]",components_mm/LF_upper_arm_link__C253.stl,ee21f34901749b57d14f765b0a753346f75ffaf028afe6c00432c7492cba646c,1.4007091522216797e-06
LF_upper_arm_link__C254,LF_upper_arm_link,254,1,small_fragment_or_detail_review,False,True,False,0.005967915058135986,0.005498528480529785,0.001296401023864746,-9.150585387469324e-06,"[-20.765818655490875, 58.50675329566002, -9.742403402924538]",components_mm/LF_upper_arm_link__C254.stl,ee21f34901749b57d14f765b0a753346f75ffaf028afe6c00432c7492cba646c,1.4007091522216797e-06
LF_upper_arm_link__C255,LF_upper_arm_link,255,1,small_fragment_or_detail_review,False,True,False,0.005953013896942139,0.005513429641723633,0.0013113021850585938,-8.709153000820944e-06,"[-20.76406031847, 58.50832536816597, -9.742187336087227]",components_mm/LF_upper_arm_link__C255.stl,d5f5ac6a80e32a12da7be888e9e372598531647a7b133fb622c9a3de1bf35dfa,8.046627044677734e-07
LF_upper_arm_link__C256,LF_upper_arm_link,256,1,small_fragment_or_detail_review,False,True,False,0.005953013896942139,0.005513429641723633,0.0013113021850585938,-8.709153000820944e-06,"[-20.76406031847, 58.50832536816597, -9.742187336087227]",components_mm/LF_upper_arm_link__C256.stl,19b468e473e157f146a4a1e812198712b3baf1d7abe43098ac3b792b75218751,8.046627044677734e-07
LF_upper_arm_link__C257,LF_upper_arm_link,257,1,small_fragment_or_detail_review,False,True,False,0.006139278411865234,0.005453824996948242,0.001125037670135498,-5.79207729199803e-06,"[-20.759765058755875, 58.51222947239876, -9.741192683577538]",components_mm/LF_upper_arm_link__C257.stl,2966a4ba8bdaeeead9ff46d6b9084ca4a346ae8c6fe53e7eeb671bc79180c780,1.043081283569336e-06
LF_upper_arm_link__C258,LF_upper_arm_link,258,1,small_fragment_or_detail_review,False,True,False,0.006139278411865234,0.005453824996948242,0.001125037670135498,-5.79207729199803e-06,"[-20.759765058755875, 58.51222947239876, -9.741192683577538]",components_mm/LF_upper_arm_link__C258.stl,2966a4ba8bdaeeead9ff46d6b9084ca4a346ae8c6fe53e7eeb671bc79180c780,1.043081283569336e-06
LF_upper_arm_link__C259,LF_upper_arm_link,259,1,small_fragment_or_detail_review,False,True,False,0.004388391971588135,0.0038743019104003906,0.0009015202522277832,-8.11144938091342e-06,"[-20.758889615535736, 58.51301923394203, -9.741080924868584]",components_mm/LF_upper_arm_link__C259.stl,6571c9ab65b8f75e38cff37af21a3ed0e008730e3af05260154b516ccb3a9846,1.043081283569336e-06
LF_upper_arm_link__C260,LF_upper_arm_link,260,1,small_fragment_or_detail_review,False,True,False,0.006124377250671387,0.005453824996948242,0.0011548399925231934,1.4260935570399527e-05,"[-20.756278187036514, 58.5152842104435, -9.740812703967094]",components_mm/LF_upper_arm_link__C260.stl,0c53e59fab8e12cb47b056576542f919b30fbb54660e03fc2d121ad4248c46b4,1.8775463104248047e-06
LF_upper_arm_link__C261,LF_upper_arm_link,261,1,small_fragment_or_detail_review,False,True,False,0.006124377250671387,0.005453824996948242,0.0011548399925231934,1.4260935570399527e-05,"[-20.756278187036514, 58.5152842104435, -9.740812703967094]",components_mm/LF_upper_arm_link__C261.stl,3031d3d82e8680d3bbe1499c2a5ff6940320df48ef8747730cb92437de80de99,1.8775463104248047e-06
LF_upper_arm_link__C262,LF_upper_arm_link,262,1,small_fragment_or_detail_review,False,True,False,0.006124377250671387,0.005453824996948242,0.0011548399925231934,-1.4260935570399527e-05,"[-20.756278187036514, 58.5152842104435, -9.740812703967094]",components_mm/LF_upper_arm_link__C262.stl,8fdbfff0630f453baf936482faa77b272b36ee34b5cf7bd01ccb6209754c3bf0,1.8775463104248047e-06
LF_upper_arm_link__C263,LF_upper_arm_link,263,1,small_fragment_or_detail_review,False,True,False,0.005193054676055908,0.0044405460357666016,0.00046193599700927734,3.7581487966027127e-06,"[-20.754098892211914, 58.517176657915115, -9.740399196743965]",components_mm/LF_upper_arm_link__C263.stl,8ef0851466580e3494a502e63bda474128fb6c70371367ec09b9b1a61a75643e,1.043081283569336e-06
LF_upper_arm_link__C264,LF_upper_arm_link,264,1,small_fragment_or_detail_review,False,True,False,0.005193054676055908,0.0044405460357666016,0.00046193599700927734,-3.552976433549259e-06,"[-20.754098892211914, 58.517176657915115, -9.740399196743965]",components_mm/LF_upper_arm_link__C264.stl,486a57d6451fa0f01c08586c91eb6cf689ab67e999c49f021d7e1bdf6b1405dc,1.043081283569336e-06
LF_upper_arm_link__C265,LF_upper_arm_link,265,1,small_fragment_or_detail_review,False,True,False,0.005193054676055908,0.0044405460357666016,0.00046193599700927734,3.7581487966027127e-06,"[-20.754098892211914, 58.517176657915115, -9.740399196743965]",components_mm/LF_upper_arm_link__C265.stl,8ef0851466580e3494a502e63bda474128fb6c70371367ec09b9b1a61a75643e,1.043081283569336e-06
LF_upper_arm_link__C266,LF_upper_arm_link,266,1,small_fragment_or_detail_review,False,True,False,0.005193054676055908,0.0044405460357666016,0.00046193599700927734,-3.552976433549259e-06,"[-20.754098892211914, 58.517176657915115, -9.740399196743965]",components_mm/LF_upper_arm_link__C266.stl,25362da143a59dd7fd1d4e200690e553123402e2d684f642b0a43321c28f62e9,1.043081283569336e-06
LF_upper_arm_link__C267,LF_upper_arm_link,267,1,small_fragment_or_detail_review,False,True,False,0.006303191184997559,0.005424022674560547,0.0009909272193908691,-1.047410458797746e-05,"[-20.75006440281868, 58.52072313427925, -9.739739820361137]",components_mm/LF_upper_arm_link__C267.stl,c6f371972da8ca663ba6545584b4f7af4e60d25714b1956d5ec0ee3529ed1fcc,1.8775463104248047e-06
LF_upper_arm_link__C268,LF_upper_arm_link,268,1,small_fragment_or_detail_review,False,True,False,0.006303191184997559,0.005424022674560547,0.0009909272193908691,-1.047410458797746e-05,"[-20.75006440281868, 58.52072313427925, -9.739739820361137]",components_mm/LF_upper_arm_link__C268.stl,ed8ecd292d7fcf6c387f0e5c5d66eb07307522f926e35408c454917f0d4fbb18,1.8775463104248047e-06
LF_upper_arm_link__C269,LF_upper_arm_link,269,1,small_fragment_or_detail_review,False,True,False,0.006295740604400635,0.005424022674560547,0.0010132789611816406,-9.536393683505781e-06,"[-20.748354494571686, 58.52210894227028, -9.73966158926487]",components_mm/LF_upper_arm_link__C269.stl,05c9f14fe168ad820e1d1876dcc7e2d3c385188ff222bd0510f12887d0a12ffd,1.2814998626708984e-06
LF_upper_arm_link__C270,LF_upper_arm_link,270,1,small_fragment_or_detail_review,False,True,False,0.006295740604400635,0.005424022674560547,0.0010132789611816406,-9.536393683505781e-06,"[-20.748354494571686, 58.52210894227028, -9.73966158926487]",components_mm/LF_upper_arm_link__C270.stl,ab28691d45ba0c64af124f4640e7b807f4958cf4a60e62526a14f9ce7c27e6d9,1.2814998626708984e-06
LF_upper_arm_link__C271,LF_upper_arm_link,271,1,small_fragment_or_detail_review,False,True,False,0.006474554538726807,0.005364418029785156,0.0008344650268554688,-7.019749071705e-06,"[-20.743675529956818, 58.526117354631424, -9.738827124238014]",components_mm/LF_upper_arm_link__C271.stl,cda86cf0304db219bb5227a0e2acb8198a94ef8e2761b142d0d30cf619d7b62f,1.4603137969970703e-06
LF_upper_arm_link__C272,LF_upper_arm_link,272,1,small_fragment_or_detail_review,False,True,False,0.006474554538726807,0.005364418029785156,0.0008344650268554688,-7.019749071705e-06,"[-20.743675529956818, 58.526117354631424, -9.738827124238014]",components_mm/LF_upper_arm_link__C272.stl,b2fbaf601f0fae71d2c2405d9a5735a818a0cb30f017867029ce8e9b149aad28,1.4603137969970703e-06
LF_upper_arm_link__C273,LF_upper_arm_link,273,1,small_fragment_or_detail_review,False,True,False,0.00476837158203125,0.003978610038757324,0.0007450580596923828,3.636265468492222e-06,"[-20.74282243847847, 58.52681025862694, -9.738782420754433]",components_mm/LF_upper_arm_link__C273.stl,ea6c90ed512f5dbe910f7e6e8ddadd49b694df1566c300a2a4cd19bc9531b2d7,1.4007091522216797e-06
LF_upper_arm_link__C274,LF_upper_arm_link,274,1,small_fragment_or_detail_review,False,True,False,0.005103647708892822,0.004187226295471191,0.00030547380447387695,-3.6438482347529255e-06,"[-20.739607512950897, 58.52938815951347, -9.73845086991787]",components_mm/LF_upper_arm_link__C274.stl,c5156cb9783952748a65faa4eac791647059330efb8b4b4d5fe6cbeb27739b2c,9.238719940185547e-07
LF_upper_arm_link__C275,LF_upper_arm_link,275,1,small_fragment_or_detail_review,False,True,False,0.005103647708892822,0.004187226295471191,0.00030547380447387695,3.6438482347529255e-06,"[-20.739607512950897, 58.52938815951347, -9.73845086991787]",components_mm/LF_upper_arm_link__C275.stl,f0baaffa46dabed34c658279008e8f9613a62986c045b94a8c6ad47361a5a8b7,9.238719940185547e-07
LF_upper_arm_link__C276,LF_upper_arm_link,276,1,small_fragment_or_detail_review,False,True,False,0.0059604644775390625,0.005453824996948242,0.0012442469596862793,1.8976518475147627e-05,"[20.83927020430565, 58.51178243756294, -9.74087230861187]",components_mm/LF_upper_arm_link__C276.stl,3aec58268f32386cf0b2ab68821232b32d471c9824a3c024a1a98bd521b809df,1.7583370208740234e-06
LF_upper_arm_link__C277,LF_upper_arm_link,277,1,small_fragment_or_detail_review,False,True,False,0.0059604644775390625,0.005453824996948242,0.0012442469596862793,-1.8976518475147627e-05,"[20.83927020430565, 58.51178243756294, -9.74087230861187]",components_mm/LF_upper_arm_link__C277.stl,8f3e3041c12655ec75897fc5a2c097e3fa56fd5a8304a070fc831087d413d738,1.7583370208740234e-06
LF_upper_arm_link__C278,LF_upper_arm_link,278,1,small_fragment_or_detail_review,False,True,False,0.003814697265625,0.0059604644775390625,0.003255903720855713,-4.6179118867728445e-05,"[20.92943713068962, 58.408040553331375, -9.778378531336784]",components_mm/LF_upper_arm_link__C278.stl,f6847e3d40755dd760de994af1b317241bba29ef445266bbaa724b5fb8602930,1.4007091522216797e-06
LF_upper_arm_link__C279,LF_upper_arm_link,279,1,small_fragment_or_detail_review,False,True,False,0.003814697265625,0.0059604644775390625,0.003255903720855713,4.6179118867728445e-05,"[20.92943713068962, 58.408040553331375, -9.778378531336784]",components_mm/LF_upper_arm_link__C279.stl,ba9bfcd6b9d7bf4695395b15e22af0a895ebd93eff72827a51abc1af9fe62a5d,1.4007091522216797e-06
LF_upper_arm_link__C280,LF_upper_arm_link,280,1,small_fragment_or_detail_review,False,True,False,0.003591179847717285,0.006034970283508301,0.003471970558166504,-6.630590441070434e-05,"[20.933140069246292, 58.40204283595085, -9.781742468476295]",components_mm/LF_upper_arm_link__C280.stl,8942184e6392f30fd3ed50342695a4ce3770594df52512528b883e9bc55625cc,8.642673492431641e-07
LF_upper_arm_link__C281,LF_upper_arm_link,281,1,small_fragment_or_detail_review,False,True,False,0.003591179847717285,0.006034970283508301,0.003471970558166504,6.630590441070434e-05,"[20.933140069246292, 58.40204283595085, -9.781742468476295]",components_mm/LF_upper_arm_link__C281.stl,84e636fc8bfe71c893406bde3d7b30a632ea89a9255b02aae151592d17fc39ec,8.642673492431641e-07
LF_upper_arm_link__C282,LF_upper_arm_link,282,1,small_fragment_or_detail_review,False,True,False,0.003591179847717285,0.006034970283508301,0.003471970558166504,-6.630590441070434e-05,"[20.933140069246292, 58.40204283595085, -9.781742468476295]",components_mm/LF_upper_arm_link__C282.stl,8942184e6392f30fd3ed50342695a4ce3770594df52512528b883e9bc55625cc,8.642673492431641e-07
LF_upper_arm_link__C283,LF_upper_arm_link,283,1,small_fragment_or_detail_review,False,True,False,0.0028908252716064453,0.005379319190979004,0.0025704503059387207,2.6923517644608008e-05,"[20.94809338450432, 58.3793930709362, -9.791901335120201]",components_mm/LF_upper_arm_link__C283.stl,3adb7a78a88efa4847e1e25111065ca12dfdd0e702a71f29aafa121f13e49558,1.7583370208740234e-06
LF_upper_arm_link__C284,LF_upper_arm_link,284,1,small_fragment_or_detail_review,False,True,False,0.0028908252716064453,0.005379319190979004,0.0025704503059387207,-2.6923517644608008e-05,"[20.94809338450432, 58.3793930709362, -9.791901335120201]",components_mm/LF_upper_arm_link__C284.stl,3b05f5a829e243bc074fc78b2a0b8ca4c04282d27cb225b157bbb98ed0b0dac7,1.7583370208740234e-06
LF_upper_arm_link__C285,LF_upper_arm_link,285,1,small_fragment_or_detail_review,False,True,False,0.0031441450119018555,0.0055730342864990234,0.0025480985641479492,-7.188498825982754e-06,"[20.954135805368423, 58.369699865579605, -9.797045961022377]",components_mm/LF_upper_arm_link__C285.stl,7e4d1d9943c43d3942d499985aaf88d93d347914d8c5cad740be815cf0bd4bff,5.066394805908203e-07
LF_upper_arm_link__C286,LF_upper_arm_link,286,1,small_fragment_or_detail_review,False,True,False,0.0031441450119018555,0.0055730342864990234,0.0025480985641479492,-7.188498825982754e-06,"[20.954135805368423, 58.369699865579605, -9.797045961022377]",components_mm/LF_upper_arm_link__C286.stl,7e4d1d9943c43d3942d499985aaf88d93d347914d8c5cad740be815cf0bd4bff,5.066394805908203e-07
LF_upper_arm_link__C287,LF_upper_arm_link,287,1,small_fragment_or_detail_review,False,True,False,0.005155801773071289,0.008627772331237793,0.005714595317840576,4.6708142945652325e-05,"[20.983215421438217, 58.317478746175766, -9.825749322772026]",components_mm/LF_upper_arm_link__C287.stl,94c366b4885975264d02eb921a90cfff9dc8ffac116a5f1eddf1f45e73505fb8,1.1026859283447266e-06
LF_upper_arm_link__C288,LF_upper_arm_link,288,1,small_fragment_or_detail_review,False,True,False,0.005155801773071289,0.008627772331237793,0.005714595317840576,4.6708142945652325e-05,"[20.983215421438217, 58.317478746175766, -9.825749322772026]",components_mm/LF_upper_arm_link__C288.stl,d94e5a8ead1748aca23d4e319605a5719631a0758f498f4a011d7c0390e824e0,1.1026859283447266e-06
LF_upper_arm_link__C289,LF_upper_arm_link,289,1,small_fragment_or_detail_review,False,True,False,0.005155801773071289,0.011458992958068848,0.006787478923797607,3.5856102095234065e-05,"[21.02334424853325, 58.23586508631706, -9.872956201434135]",components_mm/LF_upper_arm_link__C289.stl,cd898135eeeede2bd53dbfede2b8848c0697a0bf0e4d9e57cb7c0c3525ba98c6,1.6391277313232422e-06
LF_upper_arm_link__C290,LF_upper_arm_link,290,1,small_fragment_or_detail_review,False,True,False,0.005155801773071289,0.011458992958068848,0.006787478923797607,-3.5856102095234065e-05,"[21.02334424853325, 58.23586508631706, -9.872956201434135]",components_mm/LF_upper_arm_link__C290.stl,a81b3babe1802c3475b7579a9424c3da9e411a9de14b97d700db00b9472089c2,1.6391277313232422e-06
LF_upper_arm_link__C291,LF_upper_arm_link,291,1,small_fragment_or_detail_review,False,True,False,0.005200505256652832,0.0117570161819458,0.0070035457611083984,9.582406266065286e-06,"[21.02852240204811, 58.224257081747055, -9.879851713776588]",components_mm/LF_upper_arm_link__C291.stl,514b0a461b56de75f3580689ff4e925272c97f460521c2df87b7e95619cc5a98,1.4007091522216797e-06
LF_upper_arm_link__C292,LF_upper_arm_link,292,1,small_fragment_or_detail_review,False,True,False,0.005200505256652832,0.0117570161819458,0.0070035457611083984,-9.582406266065286e-06,"[21.02852240204811, 58.224257081747055, -9.879851713776588]",components_mm/LF_upper_arm_link__C292.stl,050606967b6dfc283de9aea649f312a56c2a904a5c1e59697b9257196cf60dd1,1.4007091522216797e-06
LF_upper_arm_link__C293,LF_upper_arm_link,293,1,small_fragment_or_detail_review,False,True,False,0.005200505256652832,0.0117570161819458,0.0070035457611083984,-9.582406266065286e-06,"[21.02852240204811, 58.224257081747055, -9.879851713776588]",components_mm/LF_upper_arm_link__C293.stl,4d622bc60bd179cef21d233ce2e585c7180a5028cf55b45f4965d708cc869ac5,1.4007091522216797e-06
LF_upper_arm_link__C294,LF_upper_arm_link,294,1,small_fragment_or_detail_review,False,True,False,0.028133392333984375,0.27108192443847656,0.189855694770813,0.0028074220601619695,"[21.030690521001816, 58.064330369234085, -9.989382699131966]",components_mm/LF_upper_arm_link__C294.stl,2a6b023527bf01e369658f59328b78cae5ab18cdf9b34bb6d3f37a70d58b29f0,1.6391277313232422e-06
LF_upper_arm_link__C295,LF_upper_arm_link,295,1,small_fragment_or_detail_review,False,True,False,0.028133392333984375,0.27108192443847656,0.189855694770813,-0.0028074220601619695,"[21.030690521001816, 58.064330369234085, -9.989382699131966]",components_mm/LF_upper_arm_link__C295.stl,5c5b791aa2b53baca221f863e5fb6fd054973d9d747e9ea23ce9adb08f259364,1.6391277313232422e-06
LF_upper_arm_link__C296,LF_upper_arm_link,296,1,small_fragment_or_detail_review,False,True,False,0.03345310688018799,0.25932490825653076,0.1826062798500061,0.00346758738098599,"[21.033350378274918, 58.05845186114311, -9.993007406592369]",components_mm/LF_upper_arm_link__C296.stl,bdbdf61e49ef2ca9ff77b9ff83c5ce600d3930c557b3662ca1a699b9745d50db,1.6391277313232422e-06
LF_upper_arm_link__C297,LF_upper_arm_link,297,1,small_fragment_or_detail_review,False,True,False,0.03345310688018799,0.25932490825653076,0.1826062798500061,-0.00346758738098599,"[21.033350378274918, 58.05845186114311, -9.993007406592369]",components_mm/LF_upper_arm_link__C297.stl,bfb1636a61f8aecdbe3d4e8a15edffcdaff5cf52d37da0a825dc6eddcd4eee09,1.6391277313232422e-06
LF_upper_arm_link__C298,LF_upper_arm_link,298,1,small_fragment_or_detail_review,False,True,False,0.005230307579040527,0.012040138244628906,0.007212162017822266,-2.84804885345589e-05,"[21.033737808465958, 58.21235850453377, -9.886959567666054]",components_mm/LF_upper_arm_link__C298.stl,c3df5b608a0e9ebfaec22e7f7af6db6b22281051a8e7b46a5df357d44d63fb9e,1.4603137969970703e-06
LF_upper_arm_link__C299,LF_upper_arm_link,299,1,small_fragment_or_detail_review,False,True,False,0.005230307579040527,0.012040138244628906,0.007212162017822266,2.84804885345589e-05,"[21.033737808465958, 58.21235850453377, -9.886959567666054]",components_mm/LF_upper_arm_link__C299.stl,0762b4205b754a075af8cf74e3557ffe13874d0593587e928e00ff34b207d06a,1.4603137969970703e-06
LF_upper_arm_link__C300,LF_upper_arm_link,300,1,small_fragment_or_detail_review,False,True,False,0.005230307579040527,0.012040138244628906,0.007212162017822266,-2.84804885345589e-05,"[21.033737808465958, 58.21235850453377, -9.886959567666054]",components_mm/LF_upper_arm_link__C300.stl,c3df5b608a0e9ebfaec22e7f7af6db6b22281051a8e7b46a5df357d44d63fb9e,1.4603137969970703e-06
LF_upper_arm_link__C301,LF_upper_arm_link,301,1,small_fragment_or_detail_review,False,True,False,0.004082918167114258,0.012576580047607422,0.007323920726776123,-1.62854256283284e-05,"[21.036263555288315, 58.20615962147713, -9.890792891383171]",components_mm/LF_upper_arm_link__C301.stl,55334f11bacd31df708fef5afbc63a85e04f55b9308e07035cad1527e1da50be,4.470348358154297e-07
LF_upper_arm_link__C302,LF_upper_arm_link,302,1,small_fragment_or_detail_review,False,True,False,0.004082918167114258,0.012576580047607422,0.007323920726776123,1.62854256283284e-05,"[21.036263555288315, 58.20615962147713, -9.890792891383171]",components_mm/LF_upper_arm_link__C302.stl,b488366989a911462d6d2717dc8331940fbc8d7b7c6e68b369fd1e40ca8591d4,4.470348358154297e-07
LF_upper_arm_link__C303,LF_upper_arm_link,303,1,small_fragment_or_detail_review,False,True,False,0.004082918167114258,0.012576580047607422,0.007323920726776123,-1.62854256283284e-05,"[21.036263555288315, 58.20615962147713, -9.890792891383171]",components_mm/LF_upper_arm_link__C303.stl,55334f11bacd31df708fef5afbc63a85e04f55b9308e07035cad1527e1da50be,4.470348358154297e-07
LF_upper_arm_link__C304,LF_upper_arm_link,304,1,small_fragment_or_detail_review,False,True,False,0.006452202796936035,0.0117570161819458,0.007249414920806885,-9.815051952511392e-06,"[21.04153111577034, 58.19399282336235, -9.898079559206963]",components_mm/LF_upper_arm_link__C304.stl,be66b2e808d8f947920072843eff74750e7e08c5d6e7602ad372fbc431d6594a,6.258487701416016e-07
LF_upper_arm_link__C305,LF_upper_arm_link,305,1,small_fragment_or_detail_review,False,True,False,0.006452202796936035,0.0117570161819458,0.007249414920806885,9.815051952511392e-06,"[21.04153111577034, 58.19399282336235, -9.898079559206963]",components_mm/LF_upper_arm_link__C305.stl,e18e2c4bc4a55e1128e02d5b72ddc4f7f77f2f3381792b96d800e43bf746199f,6.258487701416016e-07
LF_forearm_link__C001,LF_forearm_link,1,4962,metal_connector_or_cover_review,False,True,False,20.500006154179573,81.00087381899357,20.98447037860751,4149.742712363546,"[-0.495164655148983, 25.00432264059782, -5.0069468561559916]",components_mm/LF_forearm_link__C001.stl,930203e161b1dcb0e79a8f8f8b2905d6bcf0910e43acc60f82266d14cbf2a055,1.1920928955078125e-06
LF_forearm_link__C002,LF_forearm_link,2,3076,metal_connector_or_cover_review,False,True,False,20.49999963492155,81.00000768899918,20.69713920354843,4990.173189288206,"[-0.49999961629509926, 25.059279054403305, 5.391223356127739]",components_mm/LF_forearm_link__C002.stl,a90f40c4dc68a099cf673845247a4f54294fc650eb99866ad86ca6cfa9b1d426,2.5033950805664062e-06
LF_forearm_link__C003,LF_forearm_link,3,972,repeated_actuator_or_bearing_reference_not_print,True,True,True,36.75000183284283,20.956551656126976,20.956551656126976,10569.656207256567,"[-2.1749986335635185, 0.0, 0.0]",components_mm/LF_forearm_link__C003.stl,b24d7a2919193b23fb4dd7dce23414dba22cdfa2a22408ba1430e1f2e6723781,4.246830940246582e-07
LF_palm_link__C001,LF_palm_link,1,7406,closed_geometry_trial_candidate_material_unverified,True,True,True,45.665329322218895,158.6188394576311,45.829080045223236,16538.639356915788,"[0.6992733106017113, 64.67859353870153, -6.6510457545518875]",components_mm/LF_palm_link__C001.stl,e534bad8b7ccdb98328f3880164993807edf70aade0ce6fc7b1d259931af9340,6.67572021484375e-06
LF_palm_link__C002,LF_palm_link,2,6700,open_geometry_repair_or_reconstruction_needed,False,True,False,45.99897935986519,158.63649640232325,40.63988756388426,22010.364246888366,"[0.6998851895332336, 64.68918127939105, 4.827017430216074]",components_mm/LF_palm_link__C002.stl,405e70c7dbb178ae1c39b623a47334564c2aaf10789f756a67ec26c69725f574,1.5497207641601562e-06
LF_palm_link__C003,LF_palm_link,3,972,repeated_actuator_or_bearing_reference_not_print,True,True,True,36.75000183284283,20.956551656126976,20.956551656126976,10569.65620729335,"[2.1749986335635185, 0.0, 0.0]",components_mm/LF_palm_link__C003.stl,be1669ca5d070625a66fe165a82b01af68d6a8494ed4f569b7eeb6adfca7ffe4,4.246830940246582e-07
LF_palm_link__C004,LF_palm_link,4,2,small_fragment_or_detail_review,True,True,False,0.003005377948284149,0.0032782554626464844,0.005194917321205139,0.0,"[-15.443422365933657, 45.77387124300003, -23.97687640041113]",components_mm/LF_palm_link__C004.stl,620b9c6cb3a83b47f3881ec73d4da74a91ee8880bf3fb2a1cb4c44a828658be9,1.4901161193847656e-06
LF_palm_pad_f_link__C001,LF_palm_pad_f_link,1,5934,closed_geometry_trial_candidate_material_unverified,True,True,True,13.097988041408826,56.77673523314297,21.890244213864207,1994.9060529109745,"[6.475742175098276, -28.113426989875734, 10.258112684823573]",components_mm/LF_palm_pad_f_link__C001.stl,cea8d65c5a8f43845372ece91b6670400f3f486afc1e4b5df45b63cb34227746,1.6987323760986328e-06
LF_palm_pad_b_link__C001,LF_palm_pad_b_link,1,5744,closed_geometry_trial_candidate_material_unverified,True,True,True,13.09813858824782,56.77536045550369,21.889994735829532,1995.5698550206143,"[-6.475994727225043, -28.113734399084933, 10.259138944093138]",components_mm/LF_palm_pad_b_link__C001.stl,db2bc7e51996e74b8d8cbdd986660a05b07e7fc836fb33e9dc827d8f13aaaa68,6.258487701416016e-07
LF_palm_pad_b_link__C002,LF_palm_pad_b_link,2,2,small_fragment_or_detail_review,True,True,False,0.021354295313358307,0.0112093985080719,0.009856652468442917,0.0,"[-5.159167107194662, -10.269559919834137, 1.5025926986709237]",components_mm/LF_palm_pad_b_link__C002.stl,cd03598a4c0df1a01068d372393fcc5663432e4d2f4599fa06bb28732d5419f2,1.043081283569336e-07
LF_finger_link__C001,LF_finger_link,1,3750,open_geometry_repair_or_reconstruction_needed,False,True,False,29.659162275493145,108.23634825646877,34.40629504621029,13767.566987371138,"[-1.248177606612444, 39.11649901419878, -2.221575938165188]",components_mm/LF_finger_link__C001.stl,5cf963e211e5c22cbd49ac63db28505ebf5a4c935e394daf1fc22eff621389c0,7.897615432739258e-07
LF_finger_link__C002,LF_finger_link,2,2672,closed_geometry_trial_candidate_material_unverified,True,True,True,29.64405994862318,89.00074195116758,13.539137507905252,5242.883943807107,"[-1.246944535523653, 58.74780798330903, -6.992487142269965]",components_mm/LF_finger_link__C002.stl,0b71fd9ee4fba482a44b7ca156ccaeddb3208d228534c090a9ed85b2c51b14b6,2.384185791015625e-06
LF_finger_link__C003,LF_finger_link,3,972,repeated_actuator_or_bearing_reference_not_print,True,True,True,36.75000183284283,22.01654575765133,22.01654575765133,10569.656454410362,"[-2.1749986335635185, 0.0, 0.0]",components_mm/LF_finger_link__C003.stl,b7b0c408e48011fd03d15a667e1d3c37c4f702967bf0e25e22c5835add04a47b,3.8743019104003906e-07
LF_finger_link__C004,LF_finger_link,4,768,closed_geometry_trial_candidate_material_unverified,True,True,True,10.006504831835628,34.379337914288044,25.830992497503757,418.39748205727375,"[-2.6938371593132615, 5.212496500462294, -0.9383480064570904]",components_mm/LF_finger_link__C004.stl,955cae66249058e00a25dc913228766275803a1cc471c09581cb2984cf674733,9.08970832824707e-07
LF_finger_tip_link__C001,LF_finger_tip_link,1,14134,closed_geometry_trial_candidate_material_unverified,True,True,True,24.143829941749573,18.60984587801795,13.676598202437162,2106.9173452037994,"[0.9532617405056953, -9.317827477389073, -4.292443627491593]",components_mm/LF_finger_tip_link__C001.stl,59a7654a2db32eb811dd1349129dad808a83dc56d991f7f844b1cd5294aacd3a,8.195638656616211e-07
LF_finger_grip_insert_link__C001,LF_finger_grip_insert_link,1,2304,open_geometry_repair_or_reconstruction_needed,False,True,False,24.497220292687416,77.47426256537437,14.18091356754303,12048.959666212912,"[-0.10679196566343307, -4.0368568152189255, 0.6647850386798382]",components_mm/LF_finger_grip_insert_link__C001.stl,cdfe8c7b8f604a5e72ceb784d7226f21542c31ebfe865845f2f4c7e97082c4f4,1.2814998626708984e-06
LF_palm_grip_insert_link__C001,LF_palm_grip_insert_link,1,2566,closed_geometry_trial_candidate_material_unverified,True,True,True,24.459165520966053,76.5669010579586,18.375949934124947,11865.90340365403,"[0.03542983904480934, -2.472301945090294, -0.03290828317403793]",components_mm/LF_palm_grip_insert_link__C001.stl,640beb08cdac6e11f1ea170c237eda5543ecaaa3321fa67c3fa5b0dd0a46794b,1.0132789611816406e-06
RF_shoulder_link__C001,RF_shoulder_link,1,7508,closed_geometry_trial_candidate_material_unverified,True,True,True,16.13623194862157,39.164068177342415,35.405476577579975,2904.724771533611,"[8.87072685873136, 1.0113278403878212, -29.80797505006194]",components_mm/RF_shoulder_link__C001.stl,ad7ea55eb3befa2a46a1b9d69696a03287ecd85b55df04b93c15f545c7233599,1.6689300537109375e-06
RF_shoulder_link__C002,RF_shoulder_link,2,6594,closed_geometry_trial_candidate_material_unverified,True,True,True,19.24373721703887,39.19513151049614,35.51303129643202,3521.9688878233633,"[-7.319255964830518, 1.0267850011587143, -29.856836888939142]",components_mm/RF_shoulder_link__C002.stl,0e07e9fdc6c30e6c2ae7ee159b7c71080189a452a62a98e6448364b75b2ca67f,1.1920928955078125e-06
RF_shoulder_link__C003,RF_shoulder_link,3,972,repeated_actuator_or_bearing_reference_not_print,True,True,True,28.00000086426735,28.00000086426735,36.75000183284283,10569.656386005483,"[0.0, 0.0, 2.1749986335635185]",components_mm/RF_shoulder_link__C003.stl,a919ba767bad9f0ca069ed4013b5fb9442d5c1f9003b5e032034c5525fcc282e,4.3213367462158203e-07
RF_upper_arm_link__C001,RF_upper_arm_link,1,5814,open_geometry_repair_or_reconstruction_needed,False,True,False,47.59387671947479,50.440083257853985,24.424012284725904,4289.2119015205435,"[-0.040043145418167114, -38.09125954285264, 4.712004447355866]",components_mm/RF_upper_arm_link__C001.stl,3b6b5d4b97e767288f3d1ff7918787b7156054152ae4716cf74d08ec7c85b6b9,1.0132789611816406e-06
RF_upper_arm_link__C002,RF_upper_arm_link,2,4918,open_geometry_repair_or_reconstruction_needed,False,False,False,47.58501797914505,50.440157763659954,18.024213961325586,4199.475706605929,"[-0.041075050830841064, -38.09004509821534, -7.9621056211180985]",components_mm/RF_upper_arm_link__C002.stl,0ad2b03cc4fa2e37728ad9039929ee11c65af72624217b69ffe0793cfa063a8e,5.364418029785156e-07
RF_upper_arm_link__C003,RF_upper_arm_link,3,972,repeated_actuator_or_bearing_reference_not_print,True,True,True,20.956551656126976,36.75000183284283,20.956551656126976,10569.656207293161,"[0.0, 2.1749986335635185, 0.0]",components_mm/RF_upper_arm_link__C003.stl,2cd7673fd634bc2113968a85c5f872aadb9bf8760578e7703ba20e693d525a0a,4.246830940246582e-07
RF_upper_arm_link__C004,RF_upper_arm_link,4,11,small_fragment_or_detail_review,False,True,False,0.01967698335647583,0.018149614334106445,0.004172325134277344,1.4796710404339688e-05,"[20.76653391122818, -58.50588157773018, -9.742716327309608]",components_mm/RF_upper_arm_link__C004.stl,be4501d3825cb03d6ffa5c2f127cadb83f3030978c111656682fee32a6a3761b,1.043081283569336e-06
RF_upper_arm_link__C005,RF_upper_arm_link,5,11,small_fragment_or_detail_review,False,True,False,0.018671154975891113,0.018596649169921875,0.0052675604820251465,2.5099669754487253e-06,"[20.78172191977501, -58.49127843976021, -9.746363386511803]",components_mm/RF_upper_arm_link__C005.stl,d7c780c24b0f8c4f680409d69f5125324289bc5da18de36fe7fff559faad7b13,7.450580596923828e-07
RF_upper_arm_link__C006,RF_upper_arm_link,6,11,small_fragment_or_detail_review,False,True,False,0.015892088413238525,0.03227591514587402,0.01944601535797119,-0.00011306239963623598,"[20.923756062984467, -58.278683573007584, -9.849393740296364]",components_mm/RF_upper_arm_link__C006.stl,b32ba181e88678e96f4b98d9f4e0b2a48f2434211d1caa8efdb39d11b3cbc56a,1.1622905731201172e-06
RF_upper_arm_link__C007,RF_upper_arm_link,7,10,small_fragment_or_detail_review,False,True,False,0.020645558834075928,0.017717480659484863,0.003121793270111084,8.163547349811189e-07,"[20.750761032104492, -58.519940823316574, -9.739970788359642]",components_mm/RF_upper_arm_link__C007.stl,b1593fb0fd085b9c7b4de1199ee2008076ff25a244bc95e6861dcda87ded16f9,1.4007091522216797e-06
RF_upper_arm_link__C008,RF_upper_arm_link,8,8,small_fragment_or_detail_review,False,True,False,0.014469027519226074,0.015467405319213867,0.004939734935760498,-1.4560319983924065e-05,"[20.794708281755447, -58.47792699933052, -9.750207886099815]",components_mm/RF_upper_arm_link__C008.stl,7ab07e6ac640a7c30a2bd3df7daa22d212e8f8d63557d3fcc5d0f49db960fef1,1.341104507446289e-06
RF_upper_arm_link__C009,RF_upper_arm_link,9,5,small_fragment_or_detail_review,False,True,False,0.0059157609939575195,0.00959634780883789,0.005155801773071289,-2.6923869500770805e-05,"[-20.949605852365494, -58.377284556627274, -9.793194010853767]",components_mm/RF_upper_arm_link__C009.stl,a073ef3e2793c1bec39bbcb470b18e50faa05d9203f70f2765df5c9fff1c0fc3,1.1622905731201172e-06
RF_upper_arm_link__C010,RF_upper_arm_link,10,5,small_fragment_or_detail_review,False,True,False,0.009067356586456299,0.015541911125183105,0.008054077625274658,-3.9437095380631306e-05,"[20.87915688753128, -58.36239084601402, -9.801914915442467]",components_mm/RF_upper_arm_link__C010.stl,5dd582592dff654ec017304e61599e82d5bc4b5662e1552a74df2b783afd26a1,1.817941665649414e-06
RF_upper_arm_link__C011,RF_upper_arm_link,11,4,small_fragment_or_detail_review,True,True,False,0.004857778549194336,0.007987022399902344,0.004813075065612793,-7.656438894797946e-11,"[-20.95813676714897, -58.362919837236404, -9.800726547837257]",components_mm/RF_upper_arm_link__C011.stl,84f589d8e90c6a6313d24e4be64813208c0c9fd3f9ffea67b71f576292e5ca95,1.4603137969970703e-06
RF_upper_arm_link__C012,RF_upper_arm_link,12,4,small_fragment_or_detail_review,False,True,False,0.00813603401184082,0.015303492546081543,0.008843839168548584,8.300863504207596e-06,"[20.905297249555588, -58.31509456038475, -9.827939793467522]",components_mm/RF_upper_arm_link__C012.stl,435afa0eee0567a6146b4ab33cc3bb5b29ce949ee44c74a93af00fea96b8b230,1.1026859283447266e-06
RF_upper_arm_link__C013,RF_upper_arm_link,13,3,small_fragment_or_detail_review,False,True,False,0.004544854164123535,0.007569789886474609,0.003822147846221924,7.188337230459829e-06,"[-20.954836159944534, -58.36870148777962, -9.797682985663414]",components_mm/RF_upper_arm_link__C013.stl,c0ae87a079ed9ffc36cdea5a32682788b44f1e4d2cd8a044c55ede81ba82d685,1.1622905731201172e-06
RF_upper_arm_link__C014,RF_upper_arm_link,14,3,small_fragment_or_detail_review,False,True,False,0.006258487701416016,0.010251998901367188,0.005327165126800537,-4.889234825467484e-05,"[20.871493965387344, -58.3752878010273, -9.79522429406643]",components_mm/RF_upper_arm_link__C014.stl,011e658cd40c90df6e73709cfb3eb656cf54c4c3eac9bd1b20998255ade2fef8,1.1622905731201172e-06
RF_upper_arm_link__C015,RF_upper_arm_link,15,3,small_fragment_or_detail_review,False,True,False,0.0053942203521728516,0.010281801223754883,0.0054836273193359375,3.408874953776746e-05,"[20.89853212237358, -58.32788720726967, -9.82077606022358]",components_mm/RF_upper_arm_link__C015.stl,2c1fb64252c2d60c32ed612724e04ab90f0fc50a2a47ae0506c1bce1d9b3c342,1.2218952178955078e-06
RF_upper_arm_link__C016,RF_upper_arm_link,16,2,small_fragment_or_detail_review,True,True,False,0.00527501106262207,0.012323260307312012,0.007420778274536133,0.0,"[-21.03899046778679, -58.2001768052578, -9.894276037812233]",components_mm/RF_upper_arm_link__C016.stl,69498e4943754c2402328dd4f4c972cf7fde123cd76ec288aa8eedb63c31acbe,1.4603137969970703e-06
RF_upper_arm_link__C017,RF_upper_arm_link,17,2,small_fragment_or_detail_review,True,True,False,0.006377696990966797,0.011816620826721191,0.007361173629760742,0.0,"[-21.031033247709274, -58.21835622191429, -9.883450344204903]",components_mm/RF_upper_arm_link__C017.stl,cd6c8f8c2cf904dc70f05ea108a73d9d71de63dc16aef4165d055c8d340f3b46,1.519918441772461e-06
RF_upper_arm_link__C018,RF_upper_arm_link,18,2,small_fragment_or_detail_review,True,True,False,0.02168118953704834,0.27754902839660645,0.19374489784240723,0.0,"[-21.027464419603348, -58.06756392121315, -9.987438097596169]",components_mm/RF_upper_arm_link__C018.stl,91beb3359bc0e33686c619fff82fd2fda96664090e16c91f439b982043fb3454,1.6391277313232422e-06
RF_upper_arm_link__C019,RF_upper_arm_link,19,2,small_fragment_or_detail_review,True,True,False,0.004023313522338867,0.011354684829711914,0.006370246410369873,0.0,"[-21.02583274245262, -58.22994187474251, -9.876584634184837]",components_mm/RF_upper_arm_link__C019.stl,ede0445fc1a971cf7a8ed09ad3771448704adec638df44ff1422656ae907dbb9,1.519918441772461e-06
RF_upper_arm_link__C020,RF_upper_arm_link,20,2,small_fragment_or_detail_review,True,True,False,0.006303191184997559,0.01189112663269043,0.0074803829193115234,0.0,"[-21.020669490098953, -58.24156478047371, -9.869659319519997]",components_mm/RF_upper_arm_link__C020.stl,ba78869f29bec1a711342e376220560bd8d346ce3a3d3932e93df2096147dfdf,1.341104507446289e-06
RF_upper_arm_link__C021,RF_upper_arm_link,21,2,small_fragment_or_detail_review,True,True,False,0.005125999450683594,0.011160969734191895,0.006563961505889893,0.0,"[-21.01820334792137, -58.24717506766319, -9.866280481219292]",components_mm/RF_upper_arm_link__C021.stl,3db5de845c9240497561eddb4ed45846db838c2475be6219984f23d8739b8d92,1.6391277313232422e-06
RF_upper_arm_link__C022,RF_upper_arm_link,22,2,small_fragment_or_detail_review,True,True,False,0.003248453140258789,0.0063925981521606445,0.0032335519790649414,0.0,"[-20.961027592420578, -58.35780128836632, -9.803229942917824]",components_mm/RF_upper_arm_link__C022.stl,47184e6d12ec61ec193d617cbd749b54554b4a8b5fee70dcb39269d4d416d2ec,1.6391277313232422e-06
RF_upper_arm_link__C023,RF_upper_arm_link,23,2,small_fragment_or_detail_review,True,True,False,0.002950429916381836,0.005930662155151367,0.003039836883544922,0.0,"[-20.952623337507248, -58.371711522340775, -9.795838966965675]",components_mm/RF_upper_arm_link__C023.stl,a9688686394adf142f161bc18a92c36173f213cc3233be246a716d5cb46cadb2,1.519918441772461e-06
RF_upper_arm_link__C024,RF_upper_arm_link,24,2,small_fragment_or_detail_review,True,True,False,0.003039836883544922,0.004634261131286621,0.0029355287551879883,0.0,"[-20.946543663740158, -58.382000774145126, -9.790772572159767]",components_mm/RF_upper_arm_link__C024.stl,b76c3d3280f71b9e31141bd4cbceefa5978c10c5940bcf698a417b171f81d20a,1.4007091522216797e-06
RF_upper_arm_link__C025,RF_upper_arm_link,25,2,small_fragment_or_detail_review,True,True,False,0.0036209821701049805,0.005990266799926758,0.0034049153327941895,0.0,"[-20.94181254506111, -58.38950350880623, -9.787311777472496]",components_mm/RF_upper_arm_link__C025.stl,59d2bf6226c9808b2782e023df08e2b7c6b9da7894da5a9862835af293287fc9,6.258487701416016e-07
RF_upper_arm_link__C026,RF_upper_arm_link,26,2,small_fragment_or_detail_review,True,True,False,0.002592802047729492,0.004902482032775879,0.0023543834686279297,0.0,"[-20.939644426107407, -58.39258059859276, -9.785206988453865]",components_mm/RF_upper_arm_link__C026.stl,05ebd97392ac8aadd59f43e699022744bc4f0a6154d346b8bdb4d0826b2ba003,8.642673492431641e-07
RF_upper_arm_link__C027,RF_upper_arm_link,27,2,small_fragment_or_detail_review,True,True,False,0.004038214683532715,0.0058710575103759766,0.002995133399963379,0.0,"[-20.931962877511978, -58.40464308857918, -9.779388085007668]",components_mm/RF_upper_arm_link__C027.stl,d2e639b160747c507897f62c491422b34cb63f0e3e7f1bdeb46bd14a75fa113f,1.1026859283447266e-06
RF_upper_arm_link__C028,RF_upper_arm_link,28,2,small_fragment_or_detail_review,True,True,False,0.004231929779052734,0.005811452865600586,0.0027939677238464355,0.0,"[-20.927827805280685, -58.410484343767166, -9.776493534445763]",components_mm/RF_upper_arm_link__C028.stl,64c2be4641757e2908d118dc06afc42145f3e8d44f0a3b0039cfa4ff08e1049d,1.1026859283447266e-06
RF_upper_arm_link__C029,RF_upper_arm_link,29,2,small_fragment_or_detail_review,True,True,False,0.003993511199951172,0.005900859832763672,0.0030472874641418457,0.0,"[-20.925533026456833, -58.41397121548653, -9.775226935744286]",components_mm/RF_upper_arm_link__C029.stl,9c07348b86c2cab40790d90869f17eebbb5f7a3b641e8a6b94db53ae4656aa59,1.8775463104248047e-06
RF_upper_arm_link__C030,RF_upper_arm_link,30,2,small_fragment_or_detail_review,True,True,False,0.00597536563873291,0.005424022674560547,0.001214444637298584,0.0,"[-20.842839032411575, -58.50866809487343, -9.741237387061119]",components_mm/RF_upper_arm_link__C030.stl,c6ce463e2272c660fe2ac1faf86024489387f41304bff74133dd9cb696c14d38,1.341104507446289e-06
RF_upper_arm_link__C031,RF_upper_arm_link,31,2,small_fragment_or_detail_review,True,True,False,0.006154179573059082,0.005379319190979004,0.001043081283569336,0.0,"[-20.83677425980568, -58.5140697658062, -9.740108624100685]",components_mm/RF_upper_arm_link__C031.stl,f85180895d80b796c2543203818fd56656abfedf24af6a92f151816f4a8e34f8,1.4603137969970703e-06
RF_upper_arm_link__C032,RF_upper_arm_link,32,2,small_fragment_or_detail_review,True,True,False,0.0008195638656616211,0.0046193599700927734,0.005085021257400513,0.0,"[20.224038511514664, -57.45731666684151, 9.007014334201813]",components_mm/RF_upper_arm_link__C032.stl,05bfd150322313e5b0c4590d5d5db8f563436f47e94b123d5bb031bffde52f16,1.341104507446289e-06
RF_upper_arm_link__C033,RF_upper_arm_link,33,2,small_fragment_or_detail_review,True,True,False,0.04025548696517944,0.218123197555542,0.17360597848892212,0.0,"[20.66711336374283, -58.465052396059036, -9.823305532336235]",components_mm/RF_upper_arm_link__C033.stl,a54f98b630a9deb7219eb214dff13838244a203101e14d18ea8fec58e38bbc1e,1.7583370208740234e-06
RF_upper_arm_link__C034,RF_upper_arm_link,34,2,small_fragment_or_detail_review,False,True,False,0.0056996941566467285,0.006407499313354492,0.0019669532775878906,2.0332638530158634e-07,"[20.801015198230743, -58.471161872148514, -9.752431884407997]",components_mm/RF_upper_arm_link__C034.stl,caef787e9419ed2e626edd83a90c5973b35dc33851f3720dbf9886e60af2a85f,1.5795230865478516e-06
RF_upper_arm_link__C035,RF_upper_arm_link,35,2,small_fragment_or_detail_review,False,True,False,0.006981194019317627,0.007852911949157715,0.0027641654014587402,4.015609302477715e-06,"[20.803533494472504, -58.46841260790825, -9.753404185175896]",components_mm/RF_upper_arm_link__C035.stl,bed39d624dea2217cc63977a34ceabd8da972353d91cd8748dc1ccb948ecb32f,9.834766387939453e-07
RF_upper_arm_link__C036,RF_upper_arm_link,36,2,small_fragment_or_detail_review,True,True,False,0.005081295967102051,0.005692243576049805,0.002086162567138672,0.0,"[20.806405693292618, -58.46511200070381, -9.75445844233036]",components_mm/RF_upper_arm_link__C036.stl,7b3bcd899293aa9732c53068557b2e1566882881eeae8bafb847249f8b8dcb6d,1.5795230865478516e-06
RF_upper_arm_link__C037,RF_upper_arm_link,37,2,small_fragment_or_detail_review,True,True,False,0.003896653652191162,0.004738569259643555,0.001691281795501709,0.0,"[20.810894668102264, -58.459896594285965, -9.75634716451168]",components_mm/RF_upper_arm_link__C037.stl,de9012093afb49d90c2e8c7f8be71e575d1d02b4b8cd9836a678b5e0ddc3d630,8.642673492431641e-07
RF_upper_arm_link__C038,RF_upper_arm_link,38,2,small_fragment_or_detail_review,True,True,False,0.004716217517852783,0.005781650543212891,0.002421438694000244,0.0,"[20.822085440158844, -58.446381241083145, -9.761607274413109]",components_mm/RF_upper_arm_link__C038.stl,11b6d2198d969a11010c87fb7ab869c285c6b417a7b60daef70a42dcb65d1bbd,1.341104507446289e-06
RF_upper_arm_link__C039,RF_upper_arm_link,39,2,small_fragment_or_detail_review,True,True,False,0.008985400199890137,0.011563301086425781,0.004909932613372803,0.0,"[20.82602307200432, -58.34637954831123, 9.665152058005333]",components_mm/RF_upper_arm_link__C039.stl,616f21bb2946cde7887156fce5d172aa2b2f74146edc2faed0fd3a5e39d07e21,1.1622905731201172e-06
RF_upper_arm_link__C040,RF_upper_arm_link,40,2,small_fragment_or_detail_review,True,True,False,0.0045299530029296875,0.005826354026794434,0.002592802047729492,0.0,"[20.83073928952217, -58.435287326574326, -9.7662303596735]",components_mm/RF_upper_arm_link__C040.stl,5b0f73f2d1e2fbf7c5bfc02dc452f323e166dc21ddd49bb76da4d86cb42cf581,1.4007091522216797e-06
RF_upper_arm_link__C041,RF_upper_arm_link,41,2,small_fragment_or_detail_review,True,True,False,0.004351139068603516,0.0058710575103759766,0.0027641654014587402,0.0,"[20.839285105466843, -58.42379108071327, -9.771300479769707]",components_mm/RF_upper_arm_link__C041.stl,388b6d5f04ad8064d5427c48d9d329c474fdf65d730aa6205ce79574d5375a41,9.238719940185547e-07
RF_upper_arm_link__C042,RF_upper_arm_link,42,2,small_fragment_or_detail_review,True,True,False,0.00416487455368042,0.005900859832763672,0.0029355287551879883,0.0,"[20.847730338573456, -58.41188505291939, -9.776825085282326]",components_mm/RF_upper_arm_link__C042.stl,b512087c4a6964832768ddc3566206244fd4765feade5c7f00fcc55916534dc2,1.4007091522216797e-06
RF_upper_arm_link__C043,RF_upper_arm_link,43,2,small_fragment_or_detail_review,True,True,False,0.004388391971588135,0.006884336471557617,0.003330409526824951,0.0,"[20.866170525550842, -58.38385596871376, -9.790895506739616]",components_mm/RF_upper_arm_link__C043.stl,75b81d243af901ee74aa05dd1515b8783306c82c0c1a7932bb158a8c1ec3d457,8.046627044677734e-07
RF_upper_arm_link__C044,RF_upper_arm_link,44,2,small_fragment_or_detail_review,False,True,False,0.004447996616363525,0.0074356794357299805,0.0037923455238342285,1.4424899676068571e-05,"[20.869001746177673, -58.37908014655113, -9.792966768145561]",components_mm/RF_upper_arm_link__C044.stl,5e86c38e8fbf7dea418c19fe05337d38870b9e8e7744a4535f469d0ee54cad95,7.450580596923828e-07
RF_upper_arm_link__C045,RF_upper_arm_link,45,2,small_fragment_or_detail_review,True,True,False,0.005833804607391357,0.009775161743164062,0.00537186861038208,0.0,"[20.8757221698761, -58.36828425526619, -9.798867627978325]",components_mm/RF_upper_arm_link__C045.stl,a3db74d813f54487ff29db882599000e80f60b9995a636cb0cc51479346fe6db,9.834766387939453e-07
RF_upper_arm_link__C046,RF_upper_arm_link,46,2,small_fragment_or_detail_review,True,True,False,0.009410083293914795,0.017568469047546387,0.009626150131225586,0.0,"[20.89652419090271, -58.331530541181564, -9.818704798817635]",components_mm/RF_upper_arm_link__C046.stl,4d5c1be5177d7220be3027a6aaf4e84f21be086cbed2f401db1cbcebb422d6f3,1.817941665649414e-06
RF_upper_arm_link__C047,RF_upper_arm_link,47,2,small_fragment_or_detail_review,False,True,False,0.0063925981521606445,0.012814998626708984,0.006839632987976074,7.049147038828682e-05,"[20.909350365400314, -58.30726400017738, -9.832525625824928]",components_mm/RF_upper_arm_link__C047.stl,ba2f1d24ffe0baec9e3f09f4e3030bdaab4690c711fd014430d5a4ae39fd4fff,1.043081283569336e-06
RF_upper_arm_link__C048,RF_upper_arm_link,48,2,small_fragment_or_detail_review,False,True,False,0.004850327968597412,0.009581446647644043,0.005409121513366699,1.3380164937103415e-05,"[20.91338485479355, -58.29961225390434, -9.836966171860695]",components_mm/RF_upper_arm_link__C048.stl,218994823e7aa7a65e1b2dc564d2c2aa2bc8c80732d8f8aebf33886e73e79e57,1.5795230865478516e-06
RF_upper_arm_link__C049,RF_upper_arm_link,49,2,small_fragment_or_detail_review,False,True,False,0.004678964614868164,0.009104609489440918,0.005811452865600586,-3.01981485610403e-07,"[20.916547626256943, -58.29329416155815, -9.84068401157856]",components_mm/RF_upper_arm_link__C049.stl,42068e19d1584cd2cab5b5b972def30a7e8d934ce8155863c8f5f074ccbaca27,1.2814998626708984e-06
RF_upper_arm_link__C050,RF_upper_arm_link,50,2,small_fragment_or_detail_review,True,True,False,0.003129243850708008,0.006034970283508301,0.0038370490074157715,0.0,"[20.93220129609108, -58.261167258024216, -9.859254583716393]",components_mm/RF_upper_arm_link__C050.stl,8fa8072400aa4bac642ae9d4037c2f2259e03b335ccbc44e7d8345dc5d4a49c5,1.6987323760986328e-06
RF_upper_arm_link__C051,RF_upper_arm_link,51,2,small_fragment_or_detail_review,True,True,False,0.0064820051193237305,0.011965632438659668,0.007405877113342285,0.0,"[20.935561507940292, -58.25332924723625, -9.86378826200962]",components_mm/RF_upper_arm_link__C051.stl,b7ebe69b1ed7f605ee588b20215cb26d8dd1760f791f551f5ae224ed0c48a505,1.4603137969970703e-06
RF_upper_arm_link__C052,RF_upper_arm_link,52,2,small_fragment_or_detail_review,True,True,False,0.01052767038345337,0.024259090423583984,0.014059245586395264,0.0,"[20.963765680789948, -58.09501186013222, 9.799571707844734]",components_mm/RF_upper_arm_link__C052.stl,d9d3f4e89fc84f260d743ce1502df8f1089b62ff0fc151982d795defd3764953,1.817941665649414e-06
RF_upper_arm_link__C053,RF_upper_arm_link,53,2,small_fragment_or_detail_review,True,True,False,0.005334615707397461,0.012442469596862793,0.007450580596923828,0.0,"[20.978692919015884, -58.15852805972099, -9.92228277027607]",components_mm/RF_upper_arm_link__C053.stl,2eea8c39c82c17ffd63f95c115257cfdf34bf4feac1017e2d54c539e92e27ba3,1.2218952178955078e-06
RF_upper_arm_link__C054,RF_upper_arm_link,54,1,small_fragment_or_detail_review,False,True,False,0.006452202796936035,0.0117570161819458,0.007249414920806885,-9.815051952511392e-06,"[-21.04153111577034, -58.19399282336235, -9.898079559206963]",components_mm/RF_upper_arm_link__C054.stl,fb8125c86a394279e7335b39bb61149b4de854b3ea80004d9dd1922d4112a1d8,6.258487701416016e-07
RF_upper_arm_link__C055,RF_upper_arm_link,55,1,small_fragment_or_detail_review,False,True,False,0.006452202796936035,0.0117570161819458,0.007249414920806885,9.815051952511392e-06,"[-21.04153111577034, -58.19399282336235, -9.898079559206963]",components_mm/RF_upper_arm_link__C055.stl,a086ce6adde0c0246dd4f739cc049ba3efc5582a34b78078e96a6111fda55e06,6.258487701416016e-07
RF_upper_arm_link__C056,RF_upper_arm_link,56,1,small_fragment_or_detail_review,False,True,False,0.004082918167114258,0.012576580047607422,0.007323920726776123,-1.62854256283284e-05,"[-21.036263555288315, -58.20615962147713, -9.890792891383171]",components_mm/RF_upper_arm_link__C056.stl,35b2351423fec72faa83271401d71c0612ed449d1377c7aa7c48489901fa3735,4.470348358154297e-07
RF_upper_arm_link__C057,RF_upper_arm_link,57,1,small_fragment_or_detail_review,False,True,False,0.004082918167114258,0.012576580047607422,0.007323920726776123,1.62854256283284e-05,"[-21.036263555288315, -58.20615962147713, -9.890792891383171]",components_mm/RF_upper_arm_link__C057.stl,afaac80cb80cb1705a0e010c3300e6fe40fbcb23f3d242a0c27569c7fb69bc74,4.470348358154297e-07
RF_upper_arm_link__C058,RF_upper_arm_link,58,1,small_fragment_or_detail_review,False,True,False,0.004082918167114258,0.012576580047607422,0.007323920726776123,-1.62854256283284e-05,"[-21.036263555288315, -58.20615962147713, -9.890792891383171]",components_mm/RF_upper_arm_link__C058.stl,35b2351423fec72faa83271401d71c0612ed449d1377c7aa7c48489901fa3735,4.470348358154297e-07
RF_upper_arm_link__C059,RF_upper_arm_link,59,1,small_fragment_or_detail_review,False,True,False,0.005230307579040527,0.012040138244628906,0.007212162017822266,-2.84804885345589e-05,"[-21.033737808465958, -58.21235850453377, -9.886959567666054]",components_mm/RF_upper_arm_link__C059.stl,6bdedd1e61d3dd1dddf2957dea507e1cc4c4b2aecf2a7af8b1561248e2bcf98c,1.4603137969970703e-06
RF_upper_arm_link__C060,RF_upper_arm_link,60,1,small_fragment_or_detail_review,False,True,False,0.005230307579040527,0.012040138244628906,0.007212162017822266,2.84804885345589e-05,"[-21.033737808465958, -58.21235850453377, -9.886959567666054]",components_mm/RF_upper_arm_link__C060.stl,f219efc25bbb2f1d5288a20ad47ebc812b98568464a98e2f39cfcfc889196ce7,1.4603137969970703e-06
RF_upper_arm_link__C061,RF_upper_arm_link,61,1,small_fragment_or_detail_review,False,True,False,0.005230307579040527,0.012040138244628906,0.007212162017822266,-2.84804885345589e-05,"[-21.033737808465958, -58.21235850453377, -9.886959567666054]",components_mm/RF_upper_arm_link__C061.stl,6bdedd1e61d3dd1dddf2957dea507e1cc4c4b2aecf2a7af8b1561248e2bcf98c,1.4603137969970703e-06
RF_upper_arm_link__C062,RF_upper_arm_link,62,1,small_fragment_or_detail_review,False,True,False,0.03345310688018799,0.25932490825653076,0.1826062798500061,0.00346758738098599,"[-21.033350378274918, -58.05845186114311, -9.993007406592369]",components_mm/RF_upper_arm_link__C062.stl,f4b534fe8c0692497331e4878f10fffe208b406da2629a220d0a751351ee79ba,1.6391277313232422e-06
RF_upper_arm_link__C063,RF_upper_arm_link,63,1,small_fragment_or_detail_review,False,True,False,0.03345310688018799,0.25932490825653076,0.1826062798500061,-0.00346758738098599,"[-21.033350378274918, -58.05845186114311, -9.993007406592369]",components_mm/RF_upper_arm_link__C063.stl,d7322f8873fa621abfcbc4cafbc079f4ede7c65f7145cda6acfcd431e324108f,1.6391277313232422e-06
RF_upper_arm_link__C064,RF_upper_arm_link,64,1,small_fragment_or_detail_review,False,True,False,0.028133392333984375,0.27108192443847656,0.189855694770813,0.0028074220601619695,"[-21.030690521001816, -58.064330369234085, -9.989382699131966]",components_mm/RF_upper_arm_link__C064.stl,35f40e7dead9129a121ef441e5794d5291277c3b3e6a81c6988c39b56fd89b55,1.6391277313232422e-06
RF_upper_arm_link__C065,RF_upper_arm_link,65,1,small_fragment_or_detail_review,False,True,False,0.028133392333984375,0.27108192443847656,0.189855694770813,-0.0028074220601619695,"[-21.030690521001816, -58.064330369234085, -9.989382699131966]",components_mm/RF_upper_arm_link__C065.stl,379ee6bc709045bc7fed523d6fe7d01614223f6faf51d82a60816c100140c3dd,1.6391277313232422e-06
RF_upper_arm_link__C066,RF_upper_arm_link,66,1,small_fragment_or_detail_review,False,True,False,0.005200505256652832,0.0117570161819458,0.0070035457611083984,9.582406266065286e-06,"[-21.02852240204811, -58.224257081747055, -9.879851713776588]",components_mm/RF_upper_arm_link__C066.stl,a07e654d685bc7d7b57e70815a5a18170731d038c5b1084ab09f5506297bf4fe,1.4007091522216797e-06
RF_upper_arm_link__C067,RF_upper_arm_link,67,1,small_fragment_or_detail_review,False,True,False,0.005200505256652832,0.0117570161819458,0.0070035457611083984,-9.582406266065286e-06,"[-21.02852240204811, -58.224257081747055, -9.879851713776588]",components_mm/RF_upper_arm_link__C067.stl,2b1436d89531fa80808376e8fff2a15f27d4e8041b613529ca3d40aa1d780a63,1.4007091522216797e-06
RF_upper_arm_link__C068,RF_upper_arm_link,68,1,small_fragment_or_detail_review,False,True,False,0.005200505256652832,0.0117570161819458,0.0070035457611083984,-9.582406266065286e-06,"[-21.02852240204811, -58.224257081747055, -9.879851713776588]",components_mm/RF_upper_arm_link__C068.stl,6364c8bb6fabdbce73b26e551952183779a62061bff406032e206dcb752e433b,1.4007091522216797e-06
RF_upper_arm_link__C069,RF_upper_arm_link,69,1,small_fragment_or_detail_review,False,True,False,0.005155801773071289,0.011458992958068848,0.006787478923797607,3.5856102095234065e-05,"[-21.02334424853325, -58.23586508631706, -9.872956201434135]",components_mm/RF_upper_arm_link__C069.stl,edb54c7ec3858da4ad205ccca36bf91c9a8f931663754443ba7228a460c6f57e,1.6391277313232422e-06
RF_upper_arm_link__C070,RF_upper_arm_link,70,1,small_fragment_or_detail_review,False,True,False,0.005155801773071289,0.011458992958068848,0.006787478923797607,-3.5856102095234065e-05,"[-21.02334424853325, -58.23586508631706, -9.872956201434135]",components_mm/RF_upper_arm_link__C070.stl,ae96684f523c73fd2778018fe2134ebf0b0d50c77e926cae4a1d50577dac6516,1.6391277313232422e-06
RF_upper_arm_link__C071,RF_upper_arm_link,71,1,small_fragment_or_detail_review,False,True,False,0.005155801773071289,0.008627772331237793,0.005714595317840576,4.6708142945652325e-05,"[-20.983215421438217, -58.317478746175766, -9.825749322772026]",components_mm/RF_upper_arm_link__C071.stl,48e90fa6ab02e9a4656a9547c972c7ac95375274157076df801a4940fee4c6ae,1.1026859283447266e-06
RF_upper_arm_link__C072,RF_upper_arm_link,72,1,small_fragment_or_detail_review,False,True,False,0.005155801773071289,0.008627772331237793,0.005714595317840576,4.6708142945652325e-05,"[-20.983215421438217, -58.317478746175766, -9.825749322772026]",components_mm/RF_upper_arm_link__C072.stl,4ed3fe7bb9a26d05db43707695f215436eaf774602ce42bbd9fc8817d1502fdd,1.1026859283447266e-06
RF_upper_arm_link__C073,RF_upper_arm_link,73,1,small_fragment_or_detail_review,False,True,False,0.0031441450119018555,0.0055730342864990234,0.0025480985641479492,-7.188498825982754e-06,"[-20.954135805368423, -58.369699865579605, -9.797045961022377]",components_mm/RF_upper_arm_link__C073.stl,aa6600067c3608a9e31c71e42a0dc8d97447c5849d92a7edb777f8e077ba6f75,5.066394805908203e-07
RF_upper_arm_link__C074,RF_upper_arm_link,74,1,small_fragment_or_detail_review,False,True,False,0.0031441450119018555,0.0055730342864990234,0.0025480985641479492,-7.188498825982754e-06,"[-20.954135805368423, -58.369699865579605, -9.797045961022377]",components_mm/RF_upper_arm_link__C074.stl,aa6600067c3608a9e31c71e42a0dc8d97447c5849d92a7edb777f8e077ba6f75,5.066394805908203e-07
RF_upper_arm_link__C075,RF_upper_arm_link,75,1,small_fragment_or_detail_review,False,True,False,0.0028908252716064453,0.005379319190979004,0.0025704503059387207,2.6923517644608008e-05,"[-20.94809338450432, -58.3793930709362, -9.791901335120201]",components_mm/RF_upper_arm_link__C075.stl,8f2a16b856ef5d8265e63772c0cfd872e7561e4373fb1a3beb2913d76a24f231,1.7583370208740234e-06
RF_upper_arm_link__C076,RF_upper_arm_link,76,1,small_fragment_or_detail_review,False,True,False,0.0028908252716064453,0.005379319190979004,0.0025704503059387207,-2.6923517644608008e-05,"[-20.94809338450432, -58.3793930709362, -9.791901335120201]",components_mm/RF_upper_arm_link__C076.stl,e4a211dff6da8058999a5587485788c2318b87c4522e94c3281bd71f1943fb2d,1.7583370208740234e-06
RF_upper_arm_link__C077,RF_upper_arm_link,77,1,small_fragment_or_detail_review,False,True,False,0.003591179847717285,0.006034970283508301,0.003471970558166504,-6.630590441070434e-05,"[-20.933140069246292, -58.40204283595085, -9.781742468476295]",components_mm/RF_upper_arm_link__C077.stl,a1ec46b05c21397b999a10e3c439654e1511f69953d2275dbab45b8e3e77a189,8.642673492431641e-07
RF_upper_arm_link__C078,RF_upper_arm_link,78,1,small_fragment_or_detail_review,False,True,False,0.003591179847717285,0.006034970283508301,0.003471970558166504,6.630590441070434e-05,"[-20.933140069246292, -58.40204283595085, -9.781742468476295]",components_mm/RF_upper_arm_link__C078.stl,92056463674bfb562208d465060526e66ab01d6aa05b973568eba3c48dd88a8e,8.642673492431641e-07
RF_upper_arm_link__C079,RF_upper_arm_link,79,1,small_fragment_or_detail_review,False,True,False,0.003591179847717285,0.006034970283508301,0.003471970558166504,-6.630590441070434e-05,"[-20.933140069246292, -58.40204283595085, -9.781742468476295]",components_mm/RF_upper_arm_link__C079.stl,a1ec46b05c21397b999a10e3c439654e1511f69953d2275dbab45b8e3e77a189,8.642673492431641e-07
RF_upper_arm_link__C080,RF_upper_arm_link,80,1,small_fragment_or_detail_review,False,True,False,0.003814697265625,0.0059604644775390625,0.003255903720855713,-4.6179118867728445e-05,"[-20.92943713068962, -58.408040553331375, -9.778378531336784]",components_mm/RF_upper_arm_link__C080.stl,eea7b2fc1163b8ad5ae46484adf279badd213a754a9434d01528305481dd6d31,1.4007091522216797e-06
RF_upper_arm_link__C081,RF_upper_arm_link,81,1,small_fragment_or_detail_review,False,True,False,0.003814697265625,0.0059604644775390625,0.003255903720855713,4.6179118867728445e-05,"[-20.92943713068962, -58.408040553331375, -9.778378531336784]",components_mm/RF_upper_arm_link__C081.stl,b7d5376eb99187dcf3958f9becb491469959483775e1c2182e2165242acc114b,1.4007091522216797e-06
RF_upper_arm_link__C082,RF_upper_arm_link,82,1,small_fragment_or_detail_review,False,True,False,0.0059604644775390625,0.005453824996948242,0.0012442469596862793,1.8976518475147627e-05,"[-20.83927020430565, -58.51178243756294, -9.74087230861187]",components_mm/RF_upper_arm_link__C082.stl,90dc666b8074fda5fefd6a4e1895ea97cea5444b3231cc501b67b1cd4e484ed3,1.7583370208740234e-06
RF_upper_arm_link__C083,RF_upper_arm_link,83,1,small_fragment_or_detail_review,False,True,False,0.0059604644775390625,0.005453824996948242,0.0012442469596862793,-1.8976518475147627e-05,"[-20.83927020430565, -58.51178243756294, -9.74087230861187]",components_mm/RF_upper_arm_link__C083.stl,110d48e2de666ac871a374769c11dafabfc1adb8e3a473430ff68c75cba092e6,1.7583370208740234e-06
RF_upper_arm_link__C084,RF_upper_arm_link,84,1,small_fragment_or_detail_review,False,True,False,0.005103647708892822,0.004187226295471191,0.00030547380447387695,-3.6438482347529255e-06,"[20.739607512950897, -58.52938815951347, -9.73845086991787]",components_mm/RF_upper_arm_link__C084.stl,0b6c4cb9eaee4bcd9f54526cdb887a6583b45d1c770e9bec4d5855a32cb72d9c,9.238719940185547e-07
RF_upper_arm_link__C085,RF_upper_arm_link,85,1,small_fragment_or_detail_review,False,True,False,0.005103647708892822,0.004187226295471191,0.00030547380447387695,3.6438482347529255e-06,"[20.739607512950897, -58.52938815951347, -9.73845086991787]",components_mm/RF_upper_arm_link__C085.stl,6c92ade48d890da817ee287812586c2053922e7b7bfcfa558df0ef9811ce4fd9,9.238719940185547e-07
RF_upper_arm_link__C086,RF_upper_arm_link,86,1,small_fragment_or_detail_review,False,True,False,0.00476837158203125,0.003978610038757324,0.0007450580596923828,3.636265468492222e-06,"[20.74282243847847, -58.52681025862694, -9.738782420754433]",components_mm/RF_upper_arm_link__C086.stl,5063d28dd2addb85abab46c95eea2947003bd3951e332b72d4cf24e9ae26dbc8,1.4007091522216797e-06
RF_upper_arm_link__C087,RF_upper_arm_link,87,1,small_fragment_or_detail_review,False,True,False,0.006474554538726807,0.005364418029785156,0.0008344650268554688,-7.019749071705e-06,"[20.743675529956818, -58.526117354631424, -9.738827124238014]",components_mm/RF_upper_arm_link__C087.stl,923b64b85fb940eafad09e010e801c7315bc6c27c51c53eb05be37b038c6a28e,1.4603137969970703e-06
RF_upper_arm_link__C088,RF_upper_arm_link,88,1,small_fragment_or_detail_review,False,True,False,0.006474554538726807,0.005364418029785156,0.0008344650268554688,-7.019749071705e-06,"[20.743675529956818, -58.526117354631424, -9.738827124238014]",components_mm/RF_upper_arm_link__C088.stl,269d2a7f86fa5bc5d3d21400ac9d3a53e5cd37c15424893aa3e62714640fd576,1.4603137969970703e-06
RF_upper_arm_link__C089,RF_upper_arm_link,89,1,small_fragment_or_detail_review,False,True,False,0.006295740604400635,0.005424022674560547,0.0010132789611816406,-9.536393683505781e-06,"[20.748354494571686, -58.52210894227028, -9.73966158926487]",components_mm/RF_upper_arm_link__C089.stl,134af5da0a94d93130355ca907eadc7c05ba79a159ac9af9214d91a5f35123c8,1.2814998626708984e-06
RF_upper_arm_link__C090,RF_upper_arm_link,90,1,small_fragment_or_detail_review,False,True,False,0.006295740604400635,0.005424022674560547,0.0010132789611816406,-9.536393683505781e-06,"[20.748354494571686, -58.52210894227028, -9.73966158926487]",components_mm/RF_upper_arm_link__C090.stl,55711272932d7b870765a7b7a672c971131fe27886e9203e5edda1363f783558,1.2814998626708984e-06
RF_upper_arm_link__C091,RF_upper_arm_link,91,1,small_fragment_or_detail_review,False,True,False,0.006303191184997559,0.005424022674560547,0.0009909272193908691,-1.047410458797746e-05,"[20.75006440281868, -58.52072313427925, -9.739739820361137]",components_mm/RF_upper_arm_link__C091.stl,6a63d80f465464b87a2cee522308140626ed32cf9cdf7bf111700c03ba08a83a,1.8775463104248047e-06
RF_upper_arm_link__C092,RF_upper_arm_link,92,1,small_fragment_or_detail_review,False,True,False,0.006303191184997559,0.005424022674560547,0.0009909272193908691,-1.047410458797746e-05,"[20.75006440281868, -58.52072313427925, -9.739739820361137]",components_mm/RF_upper_arm_link__C092.stl,0def998627cf55278c72dfc0acc0269ccfef1259f12db0063a714cf053573043,1.8775463104248047e-06
RF_upper_arm_link__C093,RF_upper_arm_link,93,1,small_fragment_or_detail_review,False,True,False,0.005193054676055908,0.0044405460357666016,0.00046193599700927734,3.7581487966027127e-06,"[20.754098892211914, -58.517176657915115, -9.740399196743965]",components_mm/RF_upper_arm_link__C093.stl,636ea2fc534c03c302aac65c9abf57ddb1ae2161beab3e623970dab6d92e9160,1.043081283569336e-06
RF_upper_arm_link__C094,RF_upper_arm_link,94,1,small_fragment_or_detail_review,False,True,False,0.005193054676055908,0.0044405460357666016,0.00046193599700927734,-3.552976433549259e-06,"[20.754098892211914, -58.517176657915115, -9.740399196743965]",components_mm/RF_upper_arm_link__C094.stl,5742391122485ee37228470a30b42a8c67a28ebe3b24c97c55b93bfe70e1cb90,1.043081283569336e-06
RF_upper_arm_link__C095,RF_upper_arm_link,95,1,small_fragment_or_detail_review,False,True,False,0.005193054676055908,0.0044405460357666016,0.00046193599700927734,3.7581487966027127e-06,"[20.754098892211914, -58.517176657915115, -9.740399196743965]",components_mm/RF_upper_arm_link__C095.stl,636ea2fc534c03c302aac65c9abf57ddb1ae2161beab3e623970dab6d92e9160,1.043081283569336e-06
RF_upper_arm_link__C096,RF_upper_arm_link,96,1,small_fragment_or_detail_review,False,True,False,0.005193054676055908,0.0044405460357666016,0.00046193599700927734,-3.552976433549259e-06,"[20.754098892211914, -58.517176657915115, -9.740399196743965]",components_mm/RF_upper_arm_link__C096.stl,a1332d0cf07241b803149bad034055345ec68e05b8a35a021e5f404c4cda176b,1.043081283569336e-06
RF_upper_arm_link__C097,RF_upper_arm_link,97,1,small_fragment_or_detail_review,False,True,False,0.006124377250671387,0.005453824996948242,0.0011548399925231934,1.4260935570399527e-05,"[20.756278187036514, -58.5152842104435, -9.740812703967094]",components_mm/RF_upper_arm_link__C097.stl,f6fb5fe61c28bcc7483265ae8f2b692b6d988a2feafe1510c297c6f8e42bd37c,1.8775463104248047e-06
RF_upper_arm_link__C098,RF_upper_arm_link,98,1,small_fragment_or_detail_review,False,True,False,0.006124377250671387,0.005453824996948242,0.0011548399925231934,1.4260935570399527e-05,"[20.756278187036514, -58.5152842104435, -9.740812703967094]",components_mm/RF_upper_arm_link__C098.stl,ff568cd6ac679f756cf543c2b2650f6e910b60b6f59cc1a9e31e6bd181ba582e,1.8775463104248047e-06
RF_upper_arm_link__C099,RF_upper_arm_link,99,1,small_fragment_or_detail_review,False,True,False,0.006124377250671387,0.005453824996948242,0.0011548399925231934,-1.4260935570399527e-05,"[20.756278187036514, -58.5152842104435, -9.740812703967094]",components_mm/RF_upper_arm_link__C099.stl,c0248635bd17f9716f5ec91fae721d9b257c3ee0692676bcce39a4d1ac83310e,1.8775463104248047e-06
RF_upper_arm_link__C100,RF_upper_arm_link,100,1,small_fragment_or_detail_review,False,True,False,0.004388391971588135,0.0038743019104003906,0.0009015202522277832,-8.11144938091342e-06,"[20.758889615535736, -58.51301923394203, -9.741080924868584]",components_mm/RF_upper_arm_link__C100.stl,40c48330aa8a709d93c83689491e401e849496f6867ef686fe0199221ed8ee1c,1.043081283569336e-06
RF_upper_arm_link__C101,RF_upper_arm_link,101,1,small_fragment_or_detail_review,False,True,False,0.006139278411865234,0.005453824996948242,0.001125037670135498,-5.79207729199803e-06,"[20.759765058755875, -58.51222947239876, -9.741192683577538]",components_mm/RF_upper_arm_link__C101.stl,ef0c706216a128068e8f9856fc821ff8f07d5541a02afa482a7a5504ed0be807,1.043081283569336e-06
RF_upper_arm_link__C102,RF_upper_arm_link,102,1,small_fragment_or_detail_review,False,True,False,0.006139278411865234,0.005453824996948242,0.001125037670135498,-5.79207729199803e-06,"[20.759765058755875, -58.51222947239876, -9.741192683577538]",components_mm/RF_upper_arm_link__C102.stl,ef0c706216a128068e8f9856fc821ff8f07d5541a02afa482a7a5504ed0be807,1.043081283569336e-06
RF_upper_arm_link__C103,RF_upper_arm_link,103,1,small_fragment_or_detail_review,False,True,False,0.005953013896942139,0.005513429641723633,0.0013113021850585938,-8.709153000820944e-06,"[20.76406031847, -58.50832536816597, -9.742187336087227]",components_mm/RF_upper_arm_link__C103.stl,91288601b479a605dc4c499875ec68021776dd44755ab21d4f4e43aaf321bad3,8.046627044677734e-07
RF_upper_arm_link__C104,RF_upper_arm_link,104,1,small_fragment_or_detail_review,False,True,False,0.005953013896942139,0.005513429641723633,0.0013113021850585938,-8.709153000820944e-06,"[20.76406031847, -58.50832536816597, -9.742187336087227]",components_mm/RF_upper_arm_link__C104.stl,0acd83504b8fa9f91ffc117aeb6c94e259624b8200b8419051fbf054a39ce765,8.046627044677734e-07
RF_upper_arm_link__C105,RF_upper_arm_link,105,1,small_fragment_or_detail_review,False,True,False,0.005967915058135986,0.005498528480529785,0.001296401023864746,-9.150585387469324e-06,"[20.765818655490875, -58.50675329566002, -9.742403402924538]",components_mm/RF_upper_arm_link__C105.stl,e447d491449b61f5fbf4ec4d9acbd27987848827f7ce97a6dd4340fbe57bcd7c,1.4007091522216797e-06
RF_upper_arm_link__C106,RF_upper_arm_link,106,1,small_fragment_or_detail_review,False,True,False,0.005967915058135986,0.005498528480529785,0.001296401023864746,-9.150585387469324e-06,"[20.765818655490875, -58.50675329566002, -9.742403402924538]",components_mm/RF_upper_arm_link__C106.stl,e447d491449b61f5fbf4ec4d9acbd27987848827f7ce97a6dd4340fbe57bcd7c,1.4007091522216797e-06
RF_upper_arm_link__C107,RF_upper_arm_link,107,1,small_fragment_or_detail_review,False,True,False,0.005349516868591309,0.004991888999938965,0.0008866190910339355,-3.5913887291287097e-06,"[20.769711583852768, -58.50307270884514, -9.743286296725273]",components_mm/RF_upper_arm_link__C107.stl,10aac4c7899e5c4f15c45fad12de839b8aefd59c015e6b07a51da7da9f51e208,8.046627044677734e-07
RF_upper_arm_link__C108,RF_upper_arm_link,108,1,small_fragment_or_detail_review,False,True,False,0.005349516868591309,0.004991888999938965,0.0008866190910339355,-3.5913887291287097e-06,"[20.769711583852768, -58.50307270884514, -9.743286296725273]",components_mm/RF_upper_arm_link__C108.stl,fe187682ccdaa588ad8ff91fed2c0e341b1f5969c5670cc9521f87ae1d515f9f,8.046627044677734e-07
RF_upper_arm_link__C109,RF_upper_arm_link,109,1,small_fragment_or_detail_review,False,True,False,0.005781650543212891,0.005543231964111328,0.0014677643775939941,-1.3211915442083525e-05,"[20.77169343829155, -58.5012324154377, -9.743785485625267]",components_mm/RF_upper_arm_link__C109.stl,8e401e00862d8f391651b2185535a6c24d9c549e63389493d1069502aa52bce3,1.8775463104248047e-06
RF_upper_arm_link__C110,RF_upper_arm_link,110,1,small_fragment_or_detail_review,False,True,False,0.005781650543212891,0.005543231964111328,0.0014677643775939941,1.3211915442083525e-05,"[20.77169343829155, -58.5012324154377, -9.743785485625267]",components_mm/RF_upper_arm_link__C110.stl,b0640aad7d0c22b86b15906288b0c41decdc002ef33471a8a610fa8cb368041a,1.8775463104248047e-06
RF_upper_arm_link__C111,RF_upper_arm_link,111,1,small_fragment_or_detail_review,False,True,False,0.005781650543212891,0.005543231964111328,0.0014677643775939941,1.3211915442083525e-05,"[20.77169343829155, -58.5012324154377, -9.743785485625267]",components_mm/RF_upper_arm_link__C111.stl,62e464668d9f05c056f61796b12324b0a3d1f66759d63c7fcd5f45a2d2b04869,1.8775463104248047e-06
RF_upper_arm_link__C112,RF_upper_arm_link,112,1,small_fragment_or_detail_review,False,True,False,0.003986060619354248,0.003769993782043457,0.0010728836059570312,-7.34597003533621e-06,"[20.77437937259674, -58.49869176745415, -9.744266048073769]",components_mm/RF_upper_arm_link__C112.stl,c27440cdba2fe033c0f034b4eff65b7aed20dae2b8184f0266129270253d5d19,7.450580596923828e-07
RF_upper_arm_link__C113,RF_upper_arm_link,113,1,small_fragment_or_detail_review,False,True,False,0.0057891011238098145,0.0055283308029174805,0.0014379620552062988,5.299321400154674e-06,"[20.77528089284897, -58.49781259894371, -9.744448587298393]",components_mm/RF_upper_arm_link__C113.stl,98f0ba16b340456f89314a0f227b7215a0e1e4b7064b41148b6bcc3c9241394a,7.450580596923828e-07
RF_upper_arm_link__C114,RF_upper_arm_link,114,1,small_fragment_or_detail_review,False,True,False,0.0057891011238098145,0.0055283308029174805,0.0014379620552062988,-5.299321400154674e-06,"[20.77528089284897, -58.49781259894371, -9.744448587298393]",components_mm/RF_upper_arm_link__C114.stl,b564c0963ae7adb1fb916d535c96da026d9b5fffb9558833107ddce05edd9179,7.450580596923828e-07
RF_upper_arm_link__C115,RF_upper_arm_link,115,1,small_fragment_or_detail_review,False,True,False,0.0057891011238098145,0.0055283308029174805,0.0014379620552062988,-5.299321400154674e-06,"[20.77528089284897, -58.49781259894371, -9.744448587298393]",components_mm/RF_upper_arm_link__C115.stl,1788f47afc0dc5bae5c9b0e143dbedd44b62e6ddc425f03e3fcf2627e722e166,7.450580596923828e-07
RF_upper_arm_link__C116,RF_upper_arm_link,116,1,small_fragment_or_detail_review,False,True,False,0.005476176738739014,0.005587935447692871,0.0013560056686401367,-3.5768640885634202e-06,"[20.779110491275787, -58.49401280283928, -9.745480492711067]",components_mm/RF_upper_arm_link__C116.stl,de732189e65605f78b46f16d47ae92392d3724239facea40d7de0125ea98ea54,5.066394805908203e-07
RF_upper_arm_link__C117,RF_upper_arm_link,117,1,small_fragment_or_detail_review,False,True,False,0.005476176738739014,0.005587935447692871,0.0013560056686401367,-3.5768640885634202e-06,"[20.779110491275787, -58.49401280283928, -9.745480492711067]",components_mm/RF_upper_arm_link__C117.stl,b14e56fb5c259173cb3a83967f768cd68b22d07e76e68c999c7051faf7c455ae,5.066394805908203e-07
RF_upper_arm_link__C118,RF_upper_arm_link,118,1,small_fragment_or_detail_review,False,True,False,0.007420778274536133,0.0073462724685668945,0.0019818544387817383,-1.1563275336824347e-05,"[20.780082792043686, -58.49313363432884, -9.745793417096138]",components_mm/RF_upper_arm_link__C118.stl,f8458e17b9e088a3a2248a4535a51a1be95b4227f47014fe9688d301968c5364,6.854534149169922e-07
RF_upper_arm_link__C119,RF_upper_arm_link,119,1,small_fragment_or_detail_review,False,True,False,0.007420778274536133,0.0073462724685668945,0.0019818544387817383,8.34089360486789e-06,"[20.780082792043686, -58.49313363432884, -9.745793417096138]",components_mm/RF_upper_arm_link__C119.stl,06ced8f0d13fcf0386adcc4b39b94c38a9c8c1746135e42a38add1ba141a0bc5,6.854534149169922e-07
RF_upper_arm_link__C120,RF_upper_arm_link,120,1,small_fragment_or_detail_review,False,True,False,0.005617737770080566,0.005587935447692871,0.0016167759895324707,6.799273340680992e-06,"[20.780984312295914, -58.492254465818405, -9.745975956320763]",components_mm/RF_upper_arm_link__C120.stl,fe7bd51308cf498d5c43b4a2dba5852ea9c26bccc25c4b9844300c9d0b901545,6.854534149169922e-07
RF_upper_arm_link__C121,RF_upper_arm_link,121,1,small_fragment_or_detail_review,False,True,False,0.005617737770080566,0.005587935447692871,0.0016167759895324707,6.799273340680992e-06,"[20.780984312295914, -58.492254465818405, -9.745975956320763]",components_mm/RF_upper_arm_link__C121.stl,9148a91d3098b255ab0ecd4e3cedf39a8951cf9d83e96b6e41510ebb26dda7f8,6.854534149169922e-07
RF_upper_arm_link__C122,RF_upper_arm_link,122,1,small_fragment_or_detail_review,False,True,False,0.00562518835067749,0.005558133125305176,0.0015795230865478516,7.287176004845027e-06,"[20.784661173820496, -58.48843976855278, -9.746948257088661]",components_mm/RF_upper_arm_link__C122.stl,bb9dc3a2c9fe58cc681bdb3fbdaa0919ab0ab712ccc687ba023238f69fd38f4b,3.2782554626464844e-07
RF_upper_arm_link__C123,RF_upper_arm_link,123,1,small_fragment_or_detail_review,False,True,False,0.00562518835067749,0.005558133125305176,0.0015795230865478516,-7.287176004845027e-06,"[20.784661173820496, -58.48843976855278, -9.746948257088661]",components_mm/RF_upper_arm_link__C123.stl,6890b35408508bb1d90b6fb07754831d6c36dcf956fc3c74c462b30cbbe99395,3.2782554626464844e-07
RF_upper_arm_link__C124,RF_upper_arm_link,124,1,small_fragment_or_detail_review,False,True,False,0.00562518835067749,0.005558133125305176,0.0015795230865478516,7.287176004845027e-06,"[20.784661173820496, -58.48843976855278, -9.746948257088661]",components_mm/RF_upper_arm_link__C124.stl,362832b46f0646da779bc6f660a6c76a764b103efeeb1baf43b2e0c049894d24,3.2782554626464844e-07
RF_upper_arm_link__C125,RF_upper_arm_link,125,1,small_fragment_or_detail_review,False,True,False,0.005543231964111328,0.005856156349182129,0.00155717134475708,-3.4513237574659786e-06,"[20.78656479716301, -58.48653241991997, -9.747562929987907]",components_mm/RF_upper_arm_link__C125.stl,c5f177b0d6195e2f5a1ebfaf550fded0779c4b2ecd952b17e5e60e85d0b529b8,7.450580596923828e-07
RF_upper_arm_link__C126,RF_upper_arm_link,126,1,small_fragment_or_detail_review,False,True,False,0.005543231964111328,0.005856156349182129,0.00155717134475708,3.4513237574659786e-06,"[20.78656479716301, -58.48653241991997, -9.747562929987907]",components_mm/RF_upper_arm_link__C126.stl,81104e1a6ab9d4a72630a18bbf0b392948a0891b48ce0cd8428c0e4e5481a9a2,7.450580596923828e-07
RF_upper_arm_link__C127,RF_upper_arm_link,127,1,small_fragment_or_detail_review,False,True,False,0.005543231964111328,0.005856156349182129,0.00155717134475708,3.4513237574659786e-06,"[20.78656479716301, -58.48653241991997, -9.747562929987907]",components_mm/RF_upper_arm_link__C127.stl,bb78d68fb7d4209c1a1f65f42dd7bc37a3550583cdc4899cc849020a63e3d86a,7.450580596923828e-07
RF_upper_arm_link__C128,RF_upper_arm_link,128,1,small_fragment_or_detail_review,False,True,False,0.0035837292671203613,0.003680586814880371,0.001259148120880127,3.8256339088069836e-06,"[20.789265632629395, -58.48382040858269, -9.748367592692375]",components_mm/RF_upper_arm_link__C128.stl,dd93a558ad9723250ac8f57609fa879dd6bb0172ba4804aaaed3bf102f98b217,7.450580596923828e-07
RF_upper_arm_link__C129,RF_upper_arm_link,129,1,small_fragment_or_detail_review,False,True,False,0.0054389238357543945,0.005617737770080566,0.0017657876014709473,-5.97133178152142e-06,"[20.79019322991371, -58.48285183310509, -9.74862091243267]",components_mm/RF_upper_arm_link__C129.stl,4f6c6a2be0fa14b5fb2b99c5eac73ff78b6a76b255388e94efa78459d75f6ac9,1.4603137969970703e-06
RF_upper_arm_link__C130,RF_upper_arm_link,130,1,small_fragment_or_detail_review,False,True,False,0.0054389238357543945,0.005617737770080566,0.0017657876014709473,-5.97133178152142e-06,"[20.79019322991371, -58.48285183310509, -9.74862091243267]",components_mm/RF_upper_arm_link__C130.stl,f237b60f80458346dae0f1fec0124b0cec8d1d8f1d658eab4686f30dcc3f4f69,1.4603137969970703e-06
RF_upper_arm_link__C131,RF_upper_arm_link,131,1,small_fragment_or_detail_review,False,True,False,0.005617737770080566,0.006124377250671387,0.0017657876014709473,-3.3035316557082754e-06,"[20.793866366147995, -58.47891792654991, -9.74988006055355]",components_mm/RF_upper_arm_link__C131.stl,776025e522fe352932a7fef223012b18dda22c01e767ef5dd6f635698d9f9018,1.043081283569336e-06
RF_upper_arm_link__C132,RF_upper_arm_link,132,1,small_fragment_or_detail_review,False,True,False,0.005617737770080566,0.006124377250671387,0.0017657876014709473,-3.3035316557082754e-06,"[20.793866366147995, -58.47891792654991, -9.74988006055355]",components_mm/RF_upper_arm_link__C132.stl,4caa61cdbe496905b97991826720f208489dcea6e3f9a98bfc5e029c8abe7426,1.043081283569336e-06
RF_upper_arm_link__C133,RF_upper_arm_link,133,1,small_fragment_or_detail_review,False,True,False,0.005252659320831299,0.005677342414855957,0.0019446015357971191,1.0334236565468106e-05,"[20.795539021492004, -58.47720429301262, -9.750476107001305]",components_mm/RF_upper_arm_link__C133.stl,2fb8ffe9879d0a7ccc28fd84393f1d06635a447780028cbf6bac63b817a57149,1.4603137969970703e-06
RF_upper_arm_link__C134,RF_upper_arm_link,134,1,small_fragment_or_detail_review,False,True,False,0.005252659320831299,0.005677342414855957,0.0019446015357971191,1.0334236565468106e-05,"[20.795539021492004, -58.47720429301262, -9.750476107001305]",components_mm/RF_upper_arm_link__C134.stl,79e7c50574babaff2403942125656f79333d8c290fdfc77a9e56ad890665be9b,1.4603137969970703e-06
RF_upper_arm_link__C135,RF_upper_arm_link,135,1,small_fragment_or_detail_review,False,True,False,0.0052675604820251465,0.005662441253662109,0.0019147992134094238,1.069134066675279e-05,"[20.799309015274048, -58.473024517297745, -9.751720353960991]",components_mm/RF_upper_arm_link__C135.stl,56395345b38568bec4fe3dfdc4fb2ace5442275a2901875e34f8a7e1f84ec9e4,1.341104507446289e-06
RF_upper_arm_link__C136,RF_upper_arm_link,136,1,small_fragment_or_detail_review,False,True,False,0.0052675604820251465,0.005662441253662109,0.0019147992134094238,1.069134066675279e-05,"[20.799309015274048, -58.473024517297745, -9.751720353960991]",components_mm/RF_upper_arm_link__C136.stl,56395345b38568bec4fe3dfdc4fb2ace5442275a2901875e34f8a7e1f84ec9e4,1.341104507446289e-06
RF_upper_arm_link__C137,RF_upper_arm_link,137,1,small_fragment_or_detail_review,False,True,False,0.003777444362640381,0.004172325134277344,0.0012293457984924316,-1.0160785716294545e-06,"[20.80005407333374, -58.47227945923805, -9.75206308066845]",components_mm/RF_upper_arm_link__C137.stl,ad2c9938d5aad32817d012e9813f7058ac36ca8a070c402ec4c4dd6024592ac7,1.341104507446289e-06
RF_upper_arm_link__C138,RF_upper_arm_link,138,1,small_fragment_or_detail_review,False,True,False,0.003822147846221924,0.004380941390991211,0.0013932585716247559,1.2194056575530196e-06,"[20.801953971385956, -58.47014859318733, -9.752718731760979]",components_mm/RF_upper_arm_link__C138.stl,c8ed237e6d336b2f1639156a8dcc53cbb615f6b6687d2f23c90f4d055b9ecc56,1.5795230865478516e-06
RF_upper_arm_link__C139,RF_upper_arm_link,139,1,small_fragment_or_detail_review,False,True,False,0.003822147846221924,0.004380941390991211,0.0013932585716247559,-1.2194056575530196e-06,"[20.801953971385956, -58.47014859318733, -9.752718731760979]",components_mm/RF_upper_arm_link__C139.stl,e98e1d8f6b51d0e12485d0b3213074f0dba9a5b3179a96aff9a6d4011708e685,1.5795230865478516e-06
RF_upper_arm_link__C140,RF_upper_arm_link,140,1,small_fragment_or_detail_review,False,True,False,0.005081295967102051,0.005707144737243652,0.0021085143089294434,5.2350229179218165e-06,"[20.80448344349861, -58.46733972430229, -9.75373201072216]",components_mm/RF_upper_arm_link__C140.stl,63e04bbd02a29984f036a0a8a07075cfe1ce2300448bc0bc678472b800830e51,1.341104507446289e-06
RF_upper_arm_link__C141,RF_upper_arm_link,141,1,small_fragment_or_detail_review,False,True,False,0.005081295967102051,0.005707144737243652,0.0021085143089294434,-5.2350229179218165e-06,"[20.80448344349861, -58.46733972430229, -9.75373201072216]",components_mm/RF_upper_arm_link__C141.stl,5edb1995afca2ed0eb5682f100e694fe1b64dec28906fb2c7ec81ef87b62419a,1.341104507446289e-06
RF_upper_arm_link__C142,RF_upper_arm_link,142,1,small_fragment_or_detail_review,False,True,False,0.003859400749206543,0.004544854164123535,0.001519918441772461,-1.2891237888332892e-06,"[20.808953791856766, -58.46221372485161, -9.755546227097511]",components_mm/RF_upper_arm_link__C142.stl,56195029db5635cf90b62ecf90e24b2c5f906cd3d0ec29064203bceb50fb83da,9.834766387939453e-07
RF_upper_arm_link__C143,RF_upper_arm_link,143,1,small_fragment_or_detail_review,False,True,False,0.003859400749206543,0.004544854164123535,0.001519918441772461,1.2891237888332892e-06,"[20.808953791856766, -58.46221372485161, -9.755546227097511]",components_mm/RF_upper_arm_link__C143.stl,75dc588a59ac9e030748ced4988e5663e383c15891f6830aff63fc0391cd8982,9.834766387939453e-07
RF_upper_arm_link__C144,RF_upper_arm_link,144,1,small_fragment_or_detail_review,False,True,False,0.004902482032775879,0.005736947059631348,0.0022649765014648438,-3.966361429668629e-06,"[20.813334733247757, -58.45707282423973, -9.75743867456913]",components_mm/RF_upper_arm_link__C144.stl,58d64014a89307e645840cdf1e40e1677640244013a38033418f7dae50ff8063,9.238719940185547e-07
RF_upper_arm_link__C145,RF_upper_arm_link,145,1,small_fragment_or_detail_review,False,True,False,0.004902482032775879,0.005736947059631348,0.0022649765014648438,3.966361429668629e-06,"[20.813334733247757, -58.45707282423973, -9.75743867456913]",components_mm/RF_upper_arm_link__C145.stl,6754e3bf9638c7a7f7ad89a165ffa5074f64a82f3e413d52a4059355ab2140d8,9.238719940185547e-07
RF_upper_arm_link__C146,RF_upper_arm_link,146,1,small_fragment_or_detail_review,False,True,False,0.004902482032775879,0.005736947059631348,0.0022649765014648438,-3.966361429668629e-06,"[20.813334733247757, -58.45707282423973, -9.75743867456913]",components_mm/RF_upper_arm_link__C146.stl,58d64014a89307e645840cdf1e40e1677640244013a38033418f7dae50ff8063,9.238719940185547e-07
RF_upper_arm_link__C147,RF_upper_arm_link,147,1,small_fragment_or_detail_review,False,True,False,0.004902482032775879,0.005736947059631348,0.002250075340270996,-4.482145885491377e-06,"[20.815294235944748, -58.45465883612633, -9.758317843079567]",components_mm/RF_upper_arm_link__C147.stl,88557c5e0e407d353b9f6bdde59484c8a3f17c357a125f12226af13e3f34e4a1,5.066394805908203e-07
RF_upper_arm_link__C148,RF_upper_arm_link,148,1,small_fragment_or_detail_review,False,True,False,0.004902482032775879,0.005736947059631348,0.002250075340270996,4.482145885491377e-06,"[20.815294235944748, -58.45465883612633, -9.758317843079567]",components_mm/RF_upper_arm_link__C148.stl,012220dcce1ce0bbf0583cff4cd82dd0b119d60ad02cbb1cdc872453432668ff,5.066394805908203e-07
RF_upper_arm_link__C149,RF_upper_arm_link,149,1,small_fragment_or_detail_review,False,True,False,0.004902482032775879,0.005736947059631348,0.002250075340270996,-4.482145885491377e-06,"[20.815294235944748, -58.45465883612633, -9.758317843079567]",components_mm/RF_upper_arm_link__C149.stl,88557c5e0e407d353b9f6bdde59484c8a3f17c357a125f12226af13e3f34e4a1,5.066394805908203e-07
RF_upper_arm_link__C150,RF_upper_arm_link,150,1,small_fragment_or_detail_review,False,True,False,0.004902482032775879,0.005736947059631348,0.002250075340270996,4.482145885491377e-06,"[20.815294235944748, -58.45465883612633, -9.758317843079567]",components_mm/RF_upper_arm_link__C150.stl,012220dcce1ce0bbf0583cff4cd82dd0b119d60ad02cbb1cdc872453432668ff,5.066394805908203e-07
RF_upper_arm_link__C151,RF_upper_arm_link,151,1,small_fragment_or_detail_review,False,True,False,0.003941357135772705,0.004932284355163574,0.0018253922462463379,1.1128595861066676e-06,"[20.81775665283203, -58.45173820853233, -9.759483858942986]",components_mm/RF_upper_arm_link__C151.stl,f17a4dd1e9ada9f9863f96bc738ad2decc110c97f11aa9ab4c8c2f48682674ea,4.6193599700927734e-07
RF_upper_arm_link__C152,RF_upper_arm_link,152,1,small_fragment_or_detail_review,False,True,False,0.003941357135772705,0.004932284355163574,0.0018253922462463379,-1.1128595861066676e-06,"[20.81775665283203, -58.45173820853233, -9.759483858942986]",components_mm/RF_upper_arm_link__C152.stl,daf64fa977ab42eda9a753bd656e3a10fcedc82d4166fcacf3bdb6235e63e229,4.6193599700927734e-07
RF_upper_arm_link__C153,RF_upper_arm_link,153,1,small_fragment_or_detail_review,False,True,False,0.003941357135772705,0.004932284355163574,0.0018253922462463379,-1.1128595861066676e-06,"[20.81775665283203, -58.45173820853233, -9.759483858942986]",components_mm/RF_upper_arm_link__C153.stl,2ba3666d07ee41f22ed0c5a53940a2eea82394c8ecdb550040c1a6a1365d0814,4.6193599700927734e-07
RF_upper_arm_link__C154,RF_upper_arm_link,154,1,small_fragment_or_detail_review,False,True,False,0.003941357135772705,0.004932284355163574,0.0018253922462463379,1.1128595861066676e-06,"[20.81775665283203, -58.45173820853233, -9.759483858942986]",components_mm/RF_upper_arm_link__C154.stl,f17a4dd1e9ada9f9863f96bc738ad2decc110c97f11aa9ab4c8c2f48682674ea,4.6193599700927734e-07
RF_upper_arm_link__C155,RF_upper_arm_link,155,1,small_fragment_or_detail_review,False,True,False,0.003978610038757324,0.005125999450683594,0.0019818544387817383,1.0655805781730902e-06,"[20.819734781980515, -58.44922736287117, -9.760433807969093]",components_mm/RF_upper_arm_link__C155.stl,707a28ddf527aeff3565d3b629573054215af750e4aca41240fc345f8e834c85,1.4603137969970703e-06
RF_upper_arm_link__C156,RF_upper_arm_link,156,1,small_fragment_or_detail_review,False,True,False,0.003978610038757324,0.005125999450683594,0.0019818544387817383,1.0655805781730902e-06,"[20.819734781980515, -58.44922736287117, -9.760433807969093]",components_mm/RF_upper_arm_link__C156.stl,a60953677e06e2156ac0963c714c650251d63ecdc7b6c916a9fadb9829533c0c,1.4603137969970703e-06
RF_upper_arm_link__C157,RF_upper_arm_link,157,1,small_fragment_or_detail_review,False,True,False,0.003978610038757324,0.005125999450683594,0.0019818544387817383,-1.0655805781730902e-06,"[20.819734781980515, -58.44922736287117, -9.760433807969093]",components_mm/RF_upper_arm_link__C157.stl,3ea4d273c0fa7f714a32acf283179758a43b0a08666f14f92d6267958bcfaefb,1.4603137969970703e-06
RF_upper_arm_link__C158,RF_upper_arm_link,158,1,small_fragment_or_detail_review,False,True,False,0.004723668098449707,0.005766749382019043,0.0024139881134033203,-3.88061009007606e-06,"[20.824085921049118, -58.44378098845482, -9.762631729245186]",components_mm/RF_upper_arm_link__C158.stl,e079fdae485e4f2bd7830b69f6abc1b733e7dbf8532f15489488481b29a19df3,1.4603137969970703e-06
RF_upper_arm_link__C159,RF_upper_arm_link,159,1,small_fragment_or_detail_review,False,True,False,0.004723668098449707,0.005766749382019043,0.0024139881134033203,3.88061009007606e-06,"[20.824085921049118, -58.44378098845482, -9.762631729245186]",components_mm/RF_upper_arm_link__C159.stl,55b63209058b0ffc593a865baa465462bf2bb9952e2123d24da961499cc4a92a,1.4603137969970703e-06
RF_upper_arm_link__C160,RF_upper_arm_link,160,1,small_fragment_or_detail_review,False,True,False,0.004723668098449707,0.005766749382019043,0.0024139881134033203,-3.88061009007606e-06,"[20.824085921049118, -58.44378098845482, -9.762631729245186]",components_mm/RF_upper_arm_link__C160.stl,d26085febdbb18f009ab4d7de604892f070ce773135387e53dfcc69c9f0db0ec,1.4603137969970703e-06
RF_upper_arm_link__C161,RF_upper_arm_link,161,1,small_fragment_or_detail_review,False,True,False,0.004723668098449707,0.005766749382019043,0.0024139881134033203,3.88061009007606e-06,"[20.824085921049118, -58.44378098845482, -9.762631729245186]",components_mm/RF_upper_arm_link__C161.stl,f2baa5fe889525b2aad5bbf80cdf369af7e3dcc50269e623ca3f050ae62e6417,1.4603137969970703e-06
RF_upper_arm_link__C162,RF_upper_arm_link,162,1,small_fragment_or_detail_review,False,True,False,0.004030764102935791,0.005289912223815918,0.002115964889526367,9.029144940406326e-07,"[20.82645893096924, -58.44084545969963, -9.763875976204872]",components_mm/RF_upper_arm_link__C162.stl,f62aad9c793440cb9eb2ce95af115b48c21873b66a5be3e62a695abced9f0c23,1.4007091522216797e-06
RF_upper_arm_link__C163,RF_upper_arm_link,163,1,small_fragment_or_detail_review,False,True,False,0.004030764102935791,0.005289912223815918,0.002115964889526367,-9.029144940406326e-07,"[20.82645893096924, -58.44084545969963, -9.763875976204872]",components_mm/RF_upper_arm_link__C163.stl,f746bea9d300310cde67e1f5c4ec0e5c2a0c940ba410f4d43a62e11d9c046b45,1.4007091522216797e-06
RF_upper_arm_link__C164,RF_upper_arm_link,164,1,small_fragment_or_detail_review,False,True,False,0.004030764102935791,0.005289912223815918,0.002115964889526367,-9.029144940406326e-07,"[20.82645893096924, -58.44084545969963, -9.763875976204872]",components_mm/RF_upper_arm_link__C164.stl,57a019c7664b86066fd475bdfc195c0e1149b71e57b60067b6e794f4795d310d,1.4007091522216797e-06
RF_upper_arm_link__C165,RF_upper_arm_link,165,1,small_fragment_or_detail_review,False,True,False,0.004030764102935791,0.005289912223815918,0.002115964889526367,9.029144940406326e-07,"[20.82645893096924, -58.44084545969963, -9.763875976204872]",components_mm/RF_upper_arm_link__C165.stl,40dad3853f0dacfdfe3c7d25c396a6839c86cb0101b7050bf413f612b84d459f,1.4007091522216797e-06
RF_upper_arm_link__C166,RF_upper_arm_link,166,1,small_fragment_or_detail_review,False,True,False,0.004060566425323486,0.0054836273193359375,0.0022649765014648438,1.0729654091432643e-06,"[20.828478038311005, -58.43815580010414, -9.76497121155262]",components_mm/RF_upper_arm_link__C166.stl,af24bc6ddc75df26473392d6813e8c8b5eb96036218d6ca163ce3c2667e1f73e,1.2814998626708984e-06
RF_upper_arm_link__C167,RF_upper_arm_link,167,1,small_fragment_or_detail_review,False,True,False,0.004060566425323486,0.0054836273193359375,0.0022649765014648438,-1.0729654091432643e-06,"[20.828478038311005, -58.43815580010414, -9.76497121155262]",components_mm/RF_upper_arm_link__C167.stl,c8a00ae5ef0243480e0787f53014525e7826c50a290afb0a4ef920581d2b5e1d,1.2814998626708984e-06
RF_upper_arm_link__C168,RF_upper_arm_link,168,1,small_fragment_or_detail_review,False,True,False,0.004060566425323486,0.0054836273193359375,0.0022649765014648438,1.0729654091432643e-06,"[20.828478038311005, -58.43815580010414, -9.76497121155262]",components_mm/RF_upper_arm_link__C168.stl,55234385473838eaa5d093524c6f952e56ed05c7d4a98d1f596e6db5b554f311,1.2814998626708984e-06
RF_upper_arm_link__C169,RF_upper_arm_link,169,1,small_fragment_or_detail_review,False,True,False,0.004060566425323486,0.0054836273193359375,0.0022649765014648438,1.0729654091432643e-06,"[20.828478038311005, -58.43815580010414, -9.76497121155262]",components_mm/RF_upper_arm_link__C169.stl,55234385473838eaa5d093524c6f952e56ed05c7d4a98d1f596e6db5b554f311,1.2814998626708984e-06
RF_upper_arm_link__C170,RF_upper_arm_link,170,1,small_fragment_or_detail_review,False,True,False,0.004060566425323486,0.0054836273193359375,0.0022649765014648438,-1.0729654091432643e-06,"[20.828478038311005, -58.43815580010414, -9.76497121155262]",components_mm/RF_upper_arm_link__C170.stl,8995e97e25478fbb29e48bfe26a9671173fea9da418094a9ce411b262d975632,1.2814998626708984e-06
RF_upper_arm_link__C171,RF_upper_arm_link,171,1,small_fragment_or_detail_review,False,True,False,0.004544854164123535,0.005811452865600586,0.0025779008865356445,-4.517116271237192e-06,"[20.832780748605728, -58.43250826001167, -9.76739265024662]",components_mm/RF_upper_arm_link__C171.stl,e9cb36070e77d815fa84f47479e2a9c991ca6b6a128632a36efe2b9142442d2e,1.043081283569336e-06
RF_upper_arm_link__C172,RF_upper_arm_link,172,1,small_fragment_or_detail_review,False,True,False,0.004544854164123535,0.005811452865600586,0.0025779008865356445,4.517116271237192e-06,"[20.832780748605728, -58.43250826001167, -9.76739265024662]",components_mm/RF_upper_arm_link__C172.stl,0e3e527f048848093bf5dcca4a94a4270748b4ca56c1ee223d7c8587bfcaffcc,1.043081283569336e-06
RF_upper_arm_link__C173,RF_upper_arm_link,173,1,small_fragment_or_detail_review,False,True,False,0.004544854164123535,0.005811452865600586,0.0025779008865356445,4.517116271237192e-06,"[20.832780748605728, -58.43250826001167, -9.76739265024662]",components_mm/RF_upper_arm_link__C173.stl,67b0c1b66b5ecc4e981c83a40281a84ca95db405511887f27a61c32c42e66fb2,1.043081283569336e-06
RF_upper_arm_link__C174,RF_upper_arm_link,174,1,small_fragment_or_detail_review,False,True,False,0.004105269908905029,0.005647540092468262,0.002391636371612549,1.1114713865115357e-06,"[20.83505690097809, -58.429550379514694, -9.768722578883171]",components_mm/RF_upper_arm_link__C174.stl,93967ff4ace30638ac1749a54b259d1e9ea2e75c377c3fe0e25c03afc18a8418,1.1026859283447266e-06
RF_upper_arm_link__C175,RF_upper_arm_link,175,1,small_fragment_or_detail_review,False,True,False,0.004105269908905029,0.005647540092468262,0.002391636371612549,-1.1114713865115357e-06,"[20.83505690097809, -58.429550379514694, -9.768722578883171]",components_mm/RF_upper_arm_link__C175.stl,6d69d586193d069bd9fed575ae97f12f592d1aaaebbc9540c7bde131ae8bc0c3,1.1026859283447266e-06
RF_upper_arm_link__C176,RF_upper_arm_link,176,1,small_fragment_or_detail_review,False,True,False,0.004105269908905029,0.005647540092468262,0.002391636371612549,1.1114713865115357e-06,"[20.83505690097809, -58.429550379514694, -9.768722578883171]",components_mm/RF_upper_arm_link__C176.stl,93967ff4ace30638ac1749a54b259d1e9ea2e75c377c3fe0e25c03afc18a8418,1.1026859283447266e-06
RF_upper_arm_link__C177,RF_upper_arm_link,177,1,small_fragment_or_detail_review,False,True,False,0.004105269908905029,0.005647540092468262,0.002391636371612549,-1.1114713865115357e-06,"[20.83505690097809, -58.429550379514694, -9.768722578883171]",components_mm/RF_upper_arm_link__C177.stl,6d69d586193d069bd9fed575ae97f12f592d1aaaebbc9540c7bde131ae8bc0c3,1.1026859283447266e-06
RF_upper_arm_link__C178,RF_upper_arm_link,178,1,small_fragment_or_detail_review,False,True,False,0.004343688488006592,0.0058710575103759766,0.002779066562652588,7.616844558903796e-06,"[20.837225019931793, -58.426667004823685, -9.770071133971214]",components_mm/RF_upper_arm_link__C178.stl,0415d1a3a90da4f17607cd4ec441a88038233711715675bdb24d67c70daf7e44,1.2814998626708984e-06
RF_upper_arm_link__C179,RF_upper_arm_link,179,1,small_fragment_or_detail_review,False,True,False,0.004343688488006592,0.0058710575103759766,0.002779066562652588,7.616844558903796e-06,"[20.837225019931793, -58.426667004823685, -9.770071133971214]",components_mm/RF_upper_arm_link__C179.stl,0755826fb997a5d8b923d720b4de978d9fd0096fca59567f3ec07fad6acc72f7,1.2814998626708984e-06
RF_upper_arm_link__C180,RF_upper_arm_link,180,1,small_fragment_or_detail_review,False,True,False,0.004343688488006592,0.0058710575103759766,0.002779066562652588,-7.616844558903796e-06,"[20.837225019931793, -58.426667004823685, -9.770071133971214]",components_mm/RF_upper_arm_link__C180.stl,d8647934dc957f8011ebab005cc8fc81293f1df634703a30b55bcf793d6de918,1.2814998626708984e-06
RF_upper_arm_link__C181,RF_upper_arm_link,181,1,small_fragment_or_detail_review,False,True,False,0.004149973392486572,0.005841255187988281,0.002518296241760254,-1.0944594589945748e-06,"[20.84147185087204, -58.4208108484745, -9.77271981537342]",components_mm/RF_upper_arm_link__C181.stl,13a93c357c435041e7494f46881d7e5db5e5fe5611bce896bee15466b3bd86a1,1.5795230865478516e-06
RF_upper_arm_link__C182,RF_upper_arm_link,182,1,small_fragment_or_detail_review,False,True,False,0.004149973392486572,0.005841255187988281,0.002518296241760254,1.0944594589945748e-06,"[20.84147185087204, -58.4208108484745, -9.77271981537342]",components_mm/RF_upper_arm_link__C182.stl,12b07765145822c40e06e96dca7107a965cbffd14ab7ad80eb257b28327cc014,1.5795230865478516e-06
RF_upper_arm_link__C183,RF_upper_arm_link,183,1,small_fragment_or_detail_review,False,True,False,0.004149973392486572,0.005841255187988281,0.002518296241760254,1.0944594589945748e-06,"[20.84147185087204, -58.4208108484745, -9.77271981537342]",components_mm/RF_upper_arm_link__C183.stl,a2abc6fd98f9e994dd86f7f875b8d30b5df76a8301f404f89d2d2ad73b7266fd,1.5795230865478516e-06
RF_upper_arm_link__C184,RF_upper_arm_link,184,1,small_fragment_or_detail_review,False,True,False,0.004149973392486572,0.005841255187988281,0.002518296241760254,-1.0944594589945748e-06,"[20.84147185087204, -58.4208108484745, -9.77271981537342]",components_mm/RF_upper_arm_link__C184.stl,13a93c357c435041e7494f46881d7e5db5e5fe5611bce896bee15466b3bd86a1,1.5795230865478516e-06
RF_upper_arm_link__C185,RF_upper_arm_link,185,1,small_fragment_or_detail_review,False,True,False,0.004187226295471191,0.006020069122314453,0.0026747584342956543,1.3248217421042544e-06,"[20.84355428814888, -58.41784551739693, -9.774019941687584]",components_mm/RF_upper_arm_link__C185.stl,f73746e04865bad0cd0392076a648f4d6d596f76ccb793e5fac4fe1a190556e5,1.4007091522216797e-06
RF_upper_arm_link__C186,RF_upper_arm_link,186,1,small_fragment_or_detail_review,False,True,False,0.004187226295471191,0.006020069122314453,0.0026747584342956543,-1.3248217421042544e-06,"[20.84355428814888, -58.41784551739693, -9.774019941687584]",components_mm/RF_upper_arm_link__C186.stl,f48613382db032595546d6fb7078172abb8354d3871117cf05a51a868b24ff01,1.4007091522216797e-06
RF_upper_arm_link__C187,RF_upper_arm_link,187,1,small_fragment_or_detail_review,False,True,False,0.004187226295471191,0.006020069122314453,0.0026747584342956543,1.3248217421042544e-06,"[20.84355428814888, -58.41784551739693, -9.774019941687584]",components_mm/RF_upper_arm_link__C187.stl,f73746e04865bad0cd0392076a648f4d6d596f76ccb793e5fac4fe1a190556e5,1.4007091522216797e-06
RF_upper_arm_link__C188,RF_upper_arm_link,188,1,small_fragment_or_detail_review,False,True,False,0.004187226295471191,0.006020069122314453,0.0026747584342956543,-1.3248217421042544e-06,"[20.84355428814888, -58.41784551739693, -9.774019941687584]",components_mm/RF_upper_arm_link__C188.stl,f48613382db032595546d6fb7078172abb8354d3871117cf05a51a868b24ff01,1.4007091522216797e-06
RF_upper_arm_link__C189,RF_upper_arm_link,189,1,small_fragment_or_detail_review,False,True,False,0.004157423973083496,0.005900859832763672,0.0029578804969787598,-9.401966323602257e-06,"[20.845625549554825, -58.41493979096413, -9.77545790374279]",components_mm/RF_upper_arm_link__C189.stl,5d6e75c2ed2cbad5f90728ff3c3a69c27343e118b861541979abfcfbded8ad28,1.7583370208740234e-06
RF_upper_arm_link__C190,RF_upper_arm_link,190,1,small_fragment_or_detail_review,False,True,False,0.004157423973083496,0.005900859832763672,0.0029578804969787598,9.401966323602257e-06,"[20.845625549554825, -58.41493979096413, -9.77545790374279]",components_mm/RF_upper_arm_link__C190.stl,7bb32103ff9791f44b1368ca12b9a8f99f81867fc957771c9799a470296d82e2,1.7583370208740234e-06
RF_upper_arm_link__C191,RF_upper_arm_link,191,1,small_fragment_or_detail_review,False,True,False,0.004157423973083496,0.005900859832763672,0.0029578804969787598,-9.401966323602257e-06,"[20.845625549554825, -58.41493979096413, -9.77545790374279]",components_mm/RF_upper_arm_link__C191.stl,151fa7cba49a3f70cab8ec24a28a12136321d31efa506e13af7cd10ab9fe6d4d,1.7583370208740234e-06
RF_upper_arm_link__C192,RF_upper_arm_link,192,1,small_fragment_or_detail_review,False,True,False,0.004157423973083496,0.005900859832763672,0.0029578804969787598,9.401966323602257e-06,"[20.845625549554825, -58.41493979096413, -9.77545790374279]",components_mm/RF_upper_arm_link__C192.stl,7bb32103ff9791f44b1368ca12b9a8f99f81867fc957771c9799a470296d82e2,1.7583370208740234e-06
RF_upper_arm_link__C193,RF_upper_arm_link,193,1,small_fragment_or_detail_review,False,True,False,0.0042244791984558105,0.006198883056640625,0.0027865171432495117,-1.1087865635907758e-06,"[20.849816501140594, -58.408889919519424, -9.778330102562904]",components_mm/RF_upper_arm_link__C193.stl,91e6da6635605c057a9465c1bc6bfb23d0eaac948463b936faaea4050512e411,1.7583370208740234e-06
RF_upper_arm_link__C194,RF_upper_arm_link,194,1,small_fragment_or_detail_review,False,True,False,0.0042244791984558105,0.006198883056640625,0.0027865171432495117,1.1087865635907758e-06,"[20.849816501140594, -58.408889919519424, -9.778330102562904]",components_mm/RF_upper_arm_link__C194.stl,f751e9f86b7dc9bfe86d90ccb434b405c83cfaa10ada8ac98995f6f949eafe88,1.7583370208740234e-06
RF_upper_arm_link__C195,RF_upper_arm_link,195,1,small_fragment_or_detail_review,False,True,False,0.0042244791984558105,0.006198883056640625,0.0027865171432495117,-1.1087865635907758e-06,"[20.849816501140594, -58.408889919519424, -9.778330102562904]",components_mm/RF_upper_arm_link__C195.stl,91e6da6635605c057a9465c1bc6bfb23d0eaac948463b936faaea4050512e411,1.7583370208740234e-06
RF_upper_arm_link__C196,RF_upper_arm_link,196,1,small_fragment_or_detail_review,False,True,False,0.0042244791984558105,0.006198883056640625,0.0027865171432495117,1.1087865635907758e-06,"[20.849816501140594, -58.408889919519424, -9.778330102562904]",components_mm/RF_upper_arm_link__C196.stl,53277a932ad957acef8740ce6a9baa00fc31c1faf7d5c1489dbb6f8b9cf60012,1.7583370208740234e-06
RF_upper_arm_link__C197,RF_upper_arm_link,197,1,small_fragment_or_detail_review,False,True,False,0.004254281520843506,0.006377696990966797,0.002942979335784912,1.3531350155723026e-06,"[20.851939916610718, -58.40574577450752, -9.779764339327812]",components_mm/RF_upper_arm_link__C197.stl,336190ec9c08f926171d765109c59c3a9e6b86217e2cade868a22069c781f8db,9.238719940185547e-07
RF_upper_arm_link__C198,RF_upper_arm_link,198,1,small_fragment_or_detail_review,False,True,False,0.004254281520843506,0.006377696990966797,0.002942979335784912,-1.3531350155723026e-06,"[20.851939916610718, -58.40574577450752, -9.779764339327812]",components_mm/RF_upper_arm_link__C198.stl,0ed187bfd3985ad69d9012b06d607d52af072a60478a30e65f17923a7f625834,9.238719940185547e-07
RF_upper_arm_link__C199,RF_upper_arm_link,199,1,small_fragment_or_detail_review,False,True,False,0.004254281520843506,0.006377696990966797,0.002942979335784912,1.3531350155723026e-06,"[20.851939916610718, -58.40574577450752, -9.779764339327812]",components_mm/RF_upper_arm_link__C199.stl,336190ec9c08f926171d765109c59c3a9e6b86217e2cade868a22069c781f8db,9.238719940185547e-07
RF_upper_arm_link__C200,RF_upper_arm_link,200,1,small_fragment_or_detail_review,False,True,False,0.004254281520843506,0.006377696990966797,0.002942979335784912,-1.3531350155723026e-06,"[20.851939916610718, -58.40574577450752, -9.779764339327812]",components_mm/RF_upper_arm_link__C200.stl,91bc854ee510d2e56b6558d11ae5c26f9819f2088b7acffe294c8880ee49bde3,9.238719940185547e-07
RF_upper_arm_link__C201,RF_upper_arm_link,201,1,small_fragment_or_detail_review,False,True,False,0.0039711594581604,0.005945563316345215,0.0031366944313049316,-1.1993022120487449e-05,"[20.853914320468903, -58.40281769633293, -9.781291708350182]",components_mm/RF_upper_arm_link__C201.stl,08e9bef2c5342ff42cc73f179f43626aebb57e0367c32f4ae853e41252b4ff43,1.7583370208740234e-06
RF_upper_arm_link__C202,RF_upper_arm_link,202,1,small_fragment_or_detail_review,False,True,False,0.0039711594581604,0.005945563316345215,0.0031366944313049316,1.1993022120487449e-05,"[20.853914320468903, -58.40281769633293, -9.781291708350182]",components_mm/RF_upper_arm_link__C202.stl,ecbf7ad3d2b61104239b3b3cd8ccebf542a4db7b0357bfae1a813516be306ed7,1.7583370208740234e-06
RF_upper_arm_link__C203,RF_upper_arm_link,203,1,small_fragment_or_detail_review,False,True,False,0.0039711594581604,0.005945563316345215,0.0031366944313049316,-1.1993022120487449e-05,"[20.853914320468903, -58.40281769633293, -9.781291708350182]",components_mm/RF_upper_arm_link__C203.stl,84622a03c7d077921875a85fba98f8688fa23b71f22f7742b35aecd7ebf9914d,1.7583370208740234e-06
RF_upper_arm_link__C204,RF_upper_arm_link,204,1,small_fragment_or_detail_review,False,True,False,0.0039711594581604,0.005945563316345215,0.0031366944313049316,1.1993022120487449e-05,"[20.853914320468903, -58.40281769633293, -9.781291708350182]",components_mm/RF_upper_arm_link__C204.stl,ecbf7ad3d2b61104239b3b3cd8ccebf542a4db7b0357bfae1a813516be306ed7,1.7583370208740234e-06
RF_upper_arm_link__C205,RF_upper_arm_link,205,1,small_fragment_or_detail_review,False,True,False,0.003978610038757324,0.005945563316345215,0.00311434268951416,1.2626321205022999e-05,"[20.856056362390518, -58.39958414435387, -9.782793000340462]",components_mm/RF_upper_arm_link__C205.stl,53b4ad8ad29b80774fd015b50e2d765bce393614f6b74fe095469c69f69183b4,1.1026859283447266e-06
RF_upper_arm_link__C206,RF_upper_arm_link,206,1,small_fragment_or_detail_review,False,True,False,0.003978610038757324,0.005945563316345215,0.00311434268951416,-1.2626321205022999e-05,"[20.856056362390518, -58.39958414435387, -9.782793000340462]",components_mm/RF_upper_arm_link__C206.stl,50f93d71fa9482191fb2f121067398a369b5ca1f22fccd231c0bfa15da6f5629,1.1026859283447266e-06
RF_upper_arm_link__C207,RF_upper_arm_link,207,1,small_fragment_or_detail_review,False,True,False,0.003978610038757324,0.005945563316345215,0.00311434268951416,1.2626321205022999e-05,"[20.856056362390518, -58.39958414435387, -9.782793000340462]",components_mm/RF_upper_arm_link__C207.stl,e45be584731716f1994391da7c050ce987acbfc63a386438c1502ac5a9f7d88a,1.1026859283447266e-06
RF_upper_arm_link__C208,RF_upper_arm_link,208,1,small_fragment_or_detail_review,False,True,False,0.003978610038757324,0.005945563316345215,0.00311434268951416,-1.2626321205022999e-05,"[20.856056362390518, -58.39958414435387, -9.782793000340462]",components_mm/RF_upper_arm_link__C208.stl,259e8d59c3c21e698a33546120b5854fe147ace3636e38e919f8f0ce22d1daa3,1.1026859283447266e-06
RF_upper_arm_link__C209,RF_upper_arm_link,209,1,small_fragment_or_detail_review,False,True,False,0.004306435585021973,0.006541609764099121,0.0030621886253356934,1.605944057181455e-06,"[20.858053117990494, -58.39657410979271, -9.784391149878502]",components_mm/RF_upper_arm_link__C209.stl,f9df5b39dfc89fb3e1f63f768d4f971bc683440517f82fe74031e8c0a62e078d,3.8743019104003906e-07
RF_upper_arm_link__C210,RF_upper_arm_link,210,1,small_fragment_or_detail_review,False,True,False,0.004306435585021973,0.006541609764099121,0.0030621886253356934,-1.605944057181455e-06,"[20.858053117990494, -58.39657410979271, -9.784391149878502]",components_mm/RF_upper_arm_link__C210.stl,1310486825c5560ec805e3737cfb742955e13137ebf3372ad69b69eb8e811b17,3.8743019104003906e-07
RF_upper_arm_link__C211,RF_upper_arm_link,211,1,small_fragment_or_detail_review,False,True,False,0.004306435585021973,0.006541609764099121,0.0030621886253356934,-1.605944057181455e-06,"[20.858053117990494, -58.39657410979271, -9.784391149878502]",components_mm/RF_upper_arm_link__C211.stl,8e39de7c13d357a2f1a35883751e6e52ce7f67fb7d7a25357718e0b446b00306,3.8743019104003906e-07
RF_upper_arm_link__C212,RF_upper_arm_link,212,1,small_fragment_or_detail_review,False,True,False,0.004075467586517334,0.006303191184997559,0.003203749656677246,7.187516805224542e-06,"[20.860083401203156, -58.393459767103195, -9.785952046513557]",components_mm/RF_upper_arm_link__C212.stl,93f319ae02edeba2809476788e4f2a1e4a5d8642e67ba8b5a14a251d61e295b2,1.1026859283447266e-06
RF_upper_arm_link__C213,RF_upper_arm_link,213,1,small_fragment_or_detail_review,False,True,False,0.004075467586517334,0.006303191184997559,0.003203749656677246,-7.187516805224542e-06,"[20.860083401203156, -58.393459767103195, -9.785952046513557]",components_mm/RF_upper_arm_link__C213.stl,0923692567d17303ff25754af56d4ff019b1cee0bdf3439468b27bbd687fbd8d,1.1026859283447266e-06
RF_upper_arm_link__C214,RF_upper_arm_link,214,1,small_fragment_or_detail_review,False,True,False,0.004075467586517334,0.006303191184997559,0.003203749656677246,7.187516805224542e-06,"[20.860083401203156, -58.393459767103195, -9.785952046513557]",components_mm/RF_upper_arm_link__C214.stl,93f319ae02edeba2809476788e4f2a1e4a5d8642e67ba8b5a14a251d61e295b2,1.1026859283447266e-06
RF_upper_arm_link__C215,RF_upper_arm_link,215,1,small_fragment_or_detail_review,False,True,False,0.004075467586517334,0.006303191184997559,0.003203749656677246,7.187516805224542e-06,"[20.860083401203156, -58.393459767103195, -9.785952046513557]",components_mm/RF_upper_arm_link__C215.stl,a27f862de8a2146bc83bc99b181192003cbf36ec12a6fe3c3df7338a034096a9,1.1026859283447266e-06
RF_upper_arm_link__C216,RF_upper_arm_link,216,1,small_fragment_or_detail_review,False,True,False,0.004075467586517334,0.006303191184997559,0.003203749656677246,-7.187516805224542e-06,"[20.860083401203156, -58.393459767103195, -9.785952046513557]",components_mm/RF_upper_arm_link__C216.stl,8660e1456c2f43debfe2e45d9b9c2bc89023462bead0c4baa35720edbba53c10,1.1026859283447266e-06
RF_upper_arm_link__C217,RF_upper_arm_link,217,1,small_fragment_or_detail_review,False,True,False,0.003769993782043457,0.0060051679611206055,0.0033080577850341797,-1.143024228062635e-06,"[20.862091332674026, -58.3903007209301, -9.787576273083687]",components_mm/RF_upper_arm_link__C217.stl,1c8a75727aa4cfdc7525eef17c1c7ee5c5310e7823082772275b8734022144bc,8.046627044677734e-07
RF_upper_arm_link__C218,RF_upper_arm_link,218,1,small_fragment_or_detail_review,False,True,False,0.003769993782043457,0.0060051679611206055,0.0033080577850341797,-1.143024228062635e-06,"[20.862091332674026, -58.3903007209301, -9.787576273083687]",components_mm/RF_upper_arm_link__C218.stl,b5c26c62dc1b8047b084dee1fb096986a07beb3d6f581b6a3d8688f439d91554,8.046627044677734e-07
RF_upper_arm_link__C219,RF_upper_arm_link,219,1,small_fragment_or_detail_review,False,True,False,0.003769993782043457,0.0060051679611206055,0.0033080577850341797,1.143024228062635e-06,"[20.862091332674026, -58.3903007209301, -9.787576273083687]",components_mm/RF_upper_arm_link__C219.stl,07645fecc0eb0e44eea36b2bab36d89fcf47c3c0ea97180d9430377d38d3b594,8.046627044677734e-07
RF_upper_arm_link__C220,RF_upper_arm_link,220,1,small_fragment_or_detail_review,False,True,False,0.002853572368621826,0.005289912223815918,0.002339482307434082,-1.9048380724819016e-05,"[20.863547921180725, -58.38766321539879, -9.788723662495613]",components_mm/RF_upper_arm_link__C220.stl,060dee792df3b88a00c6671643c3bdaf69cc4cd7850cbdeb3f302528e5609830,8.642673492431641e-07
RF_upper_arm_link__C221,RF_upper_arm_link,221,1,small_fragment_or_detail_review,False,True,False,0.002853572368621826,0.005289912223815918,0.002339482307434082,1.9048380724819016e-05,"[20.863547921180725, -58.38766321539879, -9.788723662495613]",components_mm/RF_upper_arm_link__C221.stl,1b6fd5f9c54387203395a6940c2fc47dcdf0be04232087e99a8eec8acbaa4264,8.642673492431641e-07
RF_upper_arm_link__C222,RF_upper_arm_link,222,1,small_fragment_or_detail_review,False,True,False,0.0033974647521972656,0.0053942203521728516,0.00321120023727417,3.9850029355280904e-06,"[20.86847648024559, -58.38010087609291, -9.792676195502281]",components_mm/RF_upper_arm_link__C222.stl,ffd14f837ae33d56eca4ea7587e7297da1f229ef2eeb1b7c482cf2bcb256c9ae,8.046627044677734e-07
RF_upper_arm_link__C223,RF_upper_arm_link,223,1,small_fragment_or_detail_review,False,True,False,0.0033974647521972656,0.0053942203521728516,0.00321120023727417,-3.9850029355280904e-06,"[20.86847648024559, -58.38010087609291, -9.792676195502281]",components_mm/RF_upper_arm_link__C223.stl,e0cfbf009c8efd795c4eb5d228a53f7422c566942f9cb3e636fbc14823c66aac,8.046627044677734e-07
RF_upper_arm_link__C224,RF_upper_arm_link,224,1,small_fragment_or_detail_review,False,True,False,0.00286102294921875,0.0050514936447143555,0.002302229404449463,1.8409936286532994e-05,"[20.869795233011246, -58.377888053655624, -9.793711826205254]",components_mm/RF_upper_arm_link__C224.stl,65aba79ae2b1b5787b5cda131147604bf8b8ceac5488574090eb0ffb235156d1,7.450580596923828e-07
RF_upper_arm_link__C225,RF_upper_arm_link,225,1,small_fragment_or_detail_review,False,True,False,0.004447996616363525,0.007241964340209961,0.003606081008911133,3.2905069156915394e-05,"[20.87239921092987, -58.37378278374672, -9.796084836125374]",components_mm/RF_upper_arm_link__C225.stl,4831d67c30f40a11d6eca4497ec0fa7ca7f153dc10e6782c7c3011567f025446,1.1622905731201172e-06
RF_upper_arm_link__C226,RF_upper_arm_link,226,1,small_fragment_or_detail_review,False,True,False,0.004447996616363525,0.007241964340209961,0.003606081008911133,-3.2905069156915394e-05,"[20.87239921092987, -58.37378278374672, -9.796084836125374]",components_mm/RF_upper_arm_link__C226.stl,69499848ca84d46f09aebad60e0d6bbd97d60a9bd8070ba3480251863b7239c6,1.1622905731201172e-06
RF_upper_arm_link__C227,RF_upper_arm_link,227,1,small_fragment_or_detail_review,False,True,False,0.004447996616363525,0.007241964340209961,0.003606081008911133,3.2905069156915394e-05,"[20.87239921092987, -58.37378278374672, -9.796084836125374]",components_mm/RF_upper_arm_link__C227.stl,7b9c4b6b483c117c632f868e24949f6009b7b89fd4345a0a0eecc02250f3193f,1.1622905731201172e-06
RF_upper_arm_link__C228,RF_upper_arm_link,228,1,small_fragment_or_detail_review,False,True,False,0.0033974647521972656,0.005200505256652832,0.0030249357223510742,2.422795408310226e-06,"[20.872924476861954, -58.37276205420494, -9.796375408768654]",components_mm/RF_upper_arm_link__C228.stl,2d43e9398de5f0b130ba08666fa4e3d02d5b7f8334396dff0d01e3b6c3f2e06e,1.1622905731201172e-06
RF_upper_arm_link__C229,RF_upper_arm_link,229,1,small_fragment_or_detail_review,False,True,False,0.0033974647521972656,0.005200505256652832,0.0030249357223510742,-2.422795408310226e-06,"[20.872924476861954, -58.37276205420494, -9.796375408768654]",components_mm/RF_upper_arm_link__C229.stl,e21492c981f5db2da1e6aa9862b20a504c891f2686f1ce5f759c2687b5079ebd,1.1622905731201172e-06
RF_upper_arm_link__C230,RF_upper_arm_link,230,1,small_fragment_or_detail_review,False,True,False,0.0033974647521972656,0.005200505256652832,0.0030249357223510742,-2.422795408310226e-06,"[20.872924476861954, -58.37276205420494, -9.796375408768654]",components_mm/RF_upper_arm_link__C230.stl,e21492c981f5db2da1e6aa9862b20a504c891f2686f1ce5f759c2687b5079ebd,1.1622905731201172e-06
RF_upper_arm_link__C231,RF_upper_arm_link,231,1,small_fragment_or_detail_review,False,True,False,0.004015862941741943,0.006765127182006836,0.0036656856536865234,-8.948881768402165e-06,"[20.876631140708923, -58.36677923798561, -9.799720719456673]",components_mm/RF_upper_arm_link__C231.stl,dba32e91e99892f17ab9881d933be674d1aa228f7ed265a782fe59db5b2964a6,1.1622905731201172e-06
RF_upper_arm_link__C232,RF_upper_arm_link,232,1,small_fragment_or_detail_review,False,True,False,0.004015862941741943,0.006765127182006836,0.0036656856536865234,8.948881768402165e-06,"[20.876631140708923, -58.36677923798561, -9.799720719456673]",components_mm/RF_upper_arm_link__C232.stl,7761bfbe397c1c702750603a68f9fd0db64595b3f5973647e92f1ec6b3d9c385,1.1622905731201172e-06
RF_upper_arm_link__C233,RF_upper_arm_link,233,1,small_fragment_or_detail_review,False,True,False,0.0050514936447143555,0.00877678394317627,0.004388391971588135,-2.9356906273948744e-05,"[20.88116481900215, -58.35900828242302, -9.80374775826931]",components_mm/RF_upper_arm_link__C233.stl,07aded10efc3f3b5c209b620d1d2b584fa069ea61a16f3107da8bf26cc0ea768,1.817941665649414e-06
RF_upper_arm_link__C234,RF_upper_arm_link,234,1,small_fragment_or_detail_review,False,True,False,0.0050514936447143555,0.00877678394317627,0.004388391971588135,2.9356906273948744e-05,"[20.88116481900215, -58.35900828242302, -9.80374775826931]",components_mm/RF_upper_arm_link__C234.stl,bef0c28bc7efd1cf52e8fd278850ef6d624e574985252775db4ec4508d9eab4f,1.817941665649414e-06
RF_upper_arm_link__C235,RF_upper_arm_link,235,1,small_fragment_or_detail_review,False,True,False,0.0050514936447143555,0.00877678394317627,0.004388391971588135,2.9356906273948744e-05,"[20.88116481900215, -58.35900828242302, -9.80374775826931]",components_mm/RF_upper_arm_link__C235.stl,eefe60d25d4919742e8518a06976a74705ffe215dfd8ac5ba16c80e003a4050b,1.817941665649414e-06
RF_upper_arm_link__C236,RF_upper_arm_link,236,1,small_fragment_or_detail_review,False,True,False,0.0037401914596557617,0.005945563316345215,0.003293156623840332,-1.1313542588598676e-06,"[20.88182047009468, -58.357592672109604, -9.804295375943184]",components_mm/RF_upper_arm_link__C236.stl,60a879625293f1dc03bda4c3135ddffde9bda061084b68c2ddc26aebe05673c6,1.817941665649414e-06
RF_upper_arm_link__C237,RF_upper_arm_link,237,1,small_fragment_or_detail_review,False,True,False,0.0037401914596557617,0.005945563316345215,0.003293156623840332,1.1313542588598676e-06,"[20.88182047009468, -58.357592672109604, -9.804295375943184]",components_mm/RF_upper_arm_link__C237.stl,ab2bac244c668e12e63e13be2db32d74e606a6efd46d3ba233fec56a92e9563f,1.817941665649414e-06
RF_upper_arm_link__C238,RF_upper_arm_link,238,1,small_fragment_or_detail_review,False,True,False,0.004597008228302002,0.008314847946166992,0.004455447196960449,-6.250916820031954e-06,"[20.88414877653122, -58.35344269871712, -9.806500747799873]",components_mm/RF_upper_arm_link__C238.stl,7757254ed7b1432207412975ac354ad13bbd6fdba8b0494f54e98707df9910b5,1.043081283569336e-06
RF_upper_arm_link__C239,RF_upper_arm_link,239,1,small_fragment_or_detail_review,False,True,False,0.004597008228302002,0.008314847946166992,0.004455447196960449,6.250916820031954e-06,"[20.88414877653122, -58.35344269871712, -9.806500747799873]",components_mm/RF_upper_arm_link__C239.stl,aad89fc1ab1e49b521aeaec7b3eef1fafcaaf8c37a1ffcf0375602adecf1d92a,1.043081283569336e-06
RF_upper_arm_link__C240,RF_upper_arm_link,240,1,small_fragment_or_detail_review,False,True,False,0.004597008228302002,0.008314847946166992,0.004455447196960449,-6.250916820031954e-06,"[20.88414877653122, -58.35344269871712, -9.806500747799873]",components_mm/RF_upper_arm_link__C240.stl,7757254ed7b1432207412975ac354ad13bbd6fdba8b0494f54e98707df9910b5,1.043081283569336e-06
RF_upper_arm_link__C241,RF_upper_arm_link,241,1,small_fragment_or_detail_review,False,True,False,0.00461190938949585,0.008299946784973145,0.004447996616363525,-6.270111194318759e-06,"[20.885996520519257, -58.350469917058945, -9.808165952563286]",components_mm/RF_upper_arm_link__C241.stl,cc7189a544fc0fea549eec2db131503cea78846857c2f3c6f894bb846928201b,1.817941665649414e-06
RF_upper_arm_link__C242,RF_upper_arm_link,242,1,small_fragment_or_detail_review,False,True,False,0.00461190938949585,0.008299946784973145,0.004447996616363525,6.270111194318759e-06,"[20.885996520519257, -58.350469917058945, -9.808165952563286]",components_mm/RF_upper_arm_link__C242.stl,cf4f451fbb15e28e4a9a29c215234dc870287a64be396a99272537f9c967b7e8,1.817941665649414e-06
RF_upper_arm_link__C243,RF_upper_arm_link,243,1,small_fragment_or_detail_review,False,True,False,0.00461190938949585,0.008299946784973145,0.004447996616363525,-6.270111194318759e-06,"[20.885996520519257, -58.350469917058945, -9.808165952563286]",components_mm/RF_upper_arm_link__C243.stl,22a45caa68170970bbb022a955dd3f1f5ef0a6ef0196a2004062e91cbd16666d,1.817941665649414e-06
RF_upper_arm_link__C244,RF_upper_arm_link,244,1,small_fragment_or_detail_review,False,True,False,0.00537186861038208,0.008970499038696289,0.005163252353668213,4.245165492496992e-06,"[20.88913321495056, -58.344800025224686, -9.811310097575188]",components_mm/RF_upper_arm_link__C244.stl,5c2cff4ad1a1a9a5ba8dcea4f2feb23800b946a8e9c640ecfbf115e9f44a4b8c,1.817941665649414e-06
RF_upper_arm_link__C245,RF_upper_arm_link,245,1,small_fragment_or_detail_review,False,True,False,0.00537186861038208,0.008970499038696289,0.005163252353668213,-4.245165492496992e-06,"[20.88913321495056, -58.344800025224686, -9.811310097575188]",components_mm/RF_upper_arm_link__C245.stl,4458ae38b683d8f4d87dcfce305d9eca133333ab746b976c8b60965e46b557ed,1.817941665649414e-06
RF_upper_arm_link__C246,RF_upper_arm_link,246,1,small_fragment_or_detail_review,False,True,False,0.00537186861038208,0.008970499038696289,0.005163252353668213,4.245165492496992e-06,"[20.88913321495056, -58.344800025224686, -9.811310097575188]",components_mm/RF_upper_arm_link__C246.stl,5c2cff4ad1a1a9a5ba8dcea4f2feb23800b946a8e9c640ecfbf115e9f44a4b8c,1.817941665649414e-06
RF_upper_arm_link__C247,RF_upper_arm_link,247,1,small_fragment_or_detail_review,False,True,False,0.004656612873077393,0.00864267349243164,0.004708766937255859,2.0762999413811392e-05,"[20.890630781650543, -58.34199860692024, -9.812744334340096]",components_mm/RF_upper_arm_link__C247.stl,d919a5b60cacbee3cc1b84fdabc736c4273c2848ccf8002ecced50a08f3e97b1,1.1622905731201172e-06
RF_upper_arm_link__C248,RF_upper_arm_link,248,1,small_fragment_or_detail_review,False,True,False,0.004656612873077393,0.00864267349243164,0.004708766937255859,-2.0762999413811392e-05,"[20.890630781650543, -58.34199860692024, -9.812744334340096]",components_mm/RF_upper_arm_link__C248.stl,82b9fc491777a717a24c5ef4d7a683abc1623bef3cfe56cad887241a38febef0,1.1622905731201172e-06
RF_upper_arm_link__C249,RF_upper_arm_link,249,1,small_fragment_or_detail_review,False,True,False,0.004656612873077393,0.00864267349243164,0.004708766937255859,2.0762999413811392e-05,"[20.890630781650543, -58.34199860692024, -9.812744334340096]",components_mm/RF_upper_arm_link__C249.stl,8c7090c797271a3aabdd7400a7879804041362aa0f32386b4d0d219cddf44430,1.1622905731201172e-06
RF_upper_arm_link__C250,RF_upper_arm_link,250,1,small_fragment_or_detail_review,False,True,False,0.004738569259643555,0.008940696716308594,0.004932284355163574,-4.7272936701540223e-05,"[20.900558680295944, -58.32420662045479, -9.822862222790718]",components_mm/RF_upper_arm_link__C250.stl,fb1ee4f81c21fe47226a968248476b7fbb53e62a15af92a408a25e855e86cd40,1.1622905731201172e-06
RF_upper_arm_link__C251,RF_upper_arm_link,251,1,small_fragment_or_detail_review,False,True,False,0.004738569259643555,0.008940696716308594,0.004932284355163574,-1.4010894989735095e-05,"[20.900558680295944, -58.32420662045479, -9.822862222790718]",components_mm/RF_upper_arm_link__C251.stl,56d776841a23a582773a497b11bf5f9b650bac5991294755198911cb2ba3b864,1.1622905731201172e-06
RF_upper_arm_link__C252,RF_upper_arm_link,252,1,small_fragment_or_detail_review,False,True,False,0.004738569259643555,0.008940696716308594,0.004932284355163574,-1.4010894989735095e-05,"[20.900558680295944, -58.32420662045479, -9.822862222790718]",components_mm/RF_upper_arm_link__C252.stl,80ab7a4164cca2fe11b975e3d91f9f76a63c1b34515afd1eb22430f679ebd373,1.1622905731201172e-06
RF_upper_arm_link__C253,RF_upper_arm_link,253,1,small_fragment_or_detail_review,False,True,False,0.004738569259643555,0.008940696716308594,0.004932284355163574,-4.7272936701540223e-05,"[20.900558680295944, -58.32420662045479, -9.822862222790718]",components_mm/RF_upper_arm_link__C253.stl,a13c51e283ad9d04c1ddd9556e31b27a23c370279fc6e7af58e2b1007451fc21,1.1622905731201172e-06
RF_upper_arm_link__C254,RF_upper_arm_link,254,1,small_fragment_or_detail_review,False,True,False,0.0055283308029174805,0.010222196578979492,0.005327165126800537,5.64159311200123e-05,"[20.90180292725563, -58.32182243466377, -9.82452742755413]",components_mm/RF_upper_arm_link__C254.stl,ce316a70eb814f1fb055a6a413058f945156e34efd548a9c1c1c34b5c148264a,1.2814998626708984e-06
RF_upper_arm_link__C255,RF_upper_arm_link,255,1,small_fragment_or_detail_review,False,True,False,0.0055283308029174805,0.010222196578979492,0.005327165126800537,-3.057981088371044e-05,"[20.90180292725563, -58.32182243466377, -9.82452742755413]",components_mm/RF_upper_arm_link__C255.stl,419635c6db68b96759a3abbf295603ab36d2ceb041e895a594e5a74d9842fe20,1.2814998626708984e-06
RF_upper_arm_link__C256,RF_upper_arm_link,256,1,small_fragment_or_detail_review,False,True,False,0.0055283308029174805,0.010222196578979492,0.005327165126800537,-3.057981088371044e-05,"[20.90180292725563, -58.32182243466377, -9.82452742755413]",components_mm/RF_upper_arm_link__C256.stl,e83be169e95b3abe3c6f533e939e61ecaa16c834ea7b4428d3076a3e9731d5ff,1.2814998626708984e-06
RF_upper_arm_link__C257,RF_upper_arm_link,257,1,small_fragment_or_detail_review,False,True,False,0.0055283308029174805,0.010222196578979492,0.005327165126800537,5.64159311200123e-05,"[20.90180292725563, -58.32182243466377, -9.82452742755413]",components_mm/RF_upper_arm_link__C257.stl,972a9ad8844203b40b5deba965f66fabc66e3456d24d7efa6592cf59d7da349f,1.2814998626708984e-06
RF_upper_arm_link__C258,RF_upper_arm_link,258,1,small_fragment_or_detail_review,False,True,False,0.00492483377456665,0.009074807167053223,0.005587935447692871,-4.076499910326147e-06,"[20.90369164943695, -58.318208903074265, -9.826311841607094]",components_mm/RF_upper_arm_link__C258.stl,2de0802061e48c1a13ba9d40b85b67aa417cab2b94b5f9dc15d9cbbe96ffddba,6.258487701416016e-07
RF_upper_arm_link__C259,RF_upper_arm_link,259,1,small_fragment_or_detail_review,False,True,False,0.00492483377456665,0.009074807167053223,0.005587935447692871,-4.076499910326147e-06,"[20.90369164943695, -58.318208903074265, -9.826311841607094]",components_mm/RF_upper_arm_link__C259.stl,99982b843d99918e8610c9fbfa990f105e6266e0a74982dfde02c7a4588189b5,6.258487701416016e-07
RF_upper_arm_link__C260,RF_upper_arm_link,260,1,small_fragment_or_detail_review,False,True,False,0.004798173904418945,0.009268522262573242,0.005170702934265137,-2.121261943296189e-05,"[20.9069661796093, -58.312077075242996, -9.829776361584663]",components_mm/RF_upper_arm_link__C260.stl,93ce7fc4d5d2819545db86ab8c427c60f1c1b5ceb5d8fb4ce27903d4e96551a5,1.1026859283447266e-06
RF_upper_arm_link__C261,RF_upper_arm_link,261,1,small_fragment_or_detail_review,False,True,False,0.004798173904418945,0.009268522262573242,0.005170702934265137,-2.121261943296189e-05,"[20.9069661796093, -58.312077075242996, -9.829776361584663]",components_mm/RF_upper_arm_link__C261.stl,c7d7f221aeed804d64c16279daf00c3c455dd4929089587a83ee34fe7a48276a,1.1026859283447266e-06
RF_upper_arm_link__C262,RF_upper_arm_link,262,1,small_fragment_or_detail_review,False,True,False,0.00321120023727417,0.00622868537902832,0.003255903720855713,1.8346968922987396e-05,"[20.90775966644287, -58.310557156801224, -9.830733761191368]",components_mm/RF_upper_arm_link__C262.stl,274389d1cc39af1849c2b792024f6b96daa593ee5fe6e73cbe40057ffbde9f57,1.1026859283447266e-06
RF_upper_arm_link__C263,RF_upper_arm_link,263,1,small_fragment_or_detail_review,False,True,False,0.004805624485015869,0.009268522262573242,0.005155801773071289,-2.0244458833960238e-05,"[20.908556878566742, -58.30903723835945, -9.831683710217476]",components_mm/RF_upper_arm_link__C263.stl,56fb8a89359485b73cfe98cf0509c0437e392e80868e4809e468c888572a76b3,1.5795230865478516e-06
RF_upper_arm_link__C264,RF_upper_arm_link,264,1,small_fragment_or_detail_review,False,True,False,0.004805624485015869,0.009268522262573242,0.005155801773071289,2.0244458833960238e-05,"[20.908556878566742, -58.30903723835945, -9.831683710217476]",components_mm/RF_upper_arm_link__C264.stl,afc642100578a1b9cc0dea7b7cc27842422aa14a9785c280cc3951cecc09ac66,1.5795230865478516e-06
RF_upper_arm_link__C265,RF_upper_arm_link,265,1,small_fragment_or_detail_review,False,True,False,0.004805624485015869,0.009268522262573242,0.005155801773071289,-2.0244458833960238e-05,"[20.908556878566742, -58.30903723835945, -9.831683710217476]",components_mm/RF_upper_arm_link__C265.stl,56fb8a89359485b73cfe98cf0509c0437e392e80868e4809e468c888572a76b3,1.5795230865478516e-06
RF_upper_arm_link__C266,RF_upper_arm_link,266,1,small_fragment_or_detail_review,False,True,False,0.0048354268074035645,0.00959634780883789,0.0054389238357543945,-1.4968789548313119e-05,"[20.910128951072693, -58.30565467476845, -9.83322598040104]",components_mm/RF_upper_arm_link__C266.stl,e51ff5e53cfb4d7a6b183f4ac40b5c946d2d4f56b9cbbbec4c57f97ac7249695,1.341104507446289e-06
RF_upper_arm_link__C267,RF_upper_arm_link,267,1,small_fragment_or_detail_review,False,True,False,0.0048354268074035645,0.00959634780883789,0.0054389238357543945,1.4968789548313119e-05,"[20.910128951072693, -58.30565467476845, -9.83322598040104]",components_mm/RF_upper_arm_link__C267.stl,32f226ab57fd7f6e896d2bccfe06da7d497f231b8f8b389f447144d78f2e4067,1.341104507446289e-06
RF_upper_arm_link__C268,RF_upper_arm_link,268,1,small_fragment_or_detail_review,False,True,False,0.004842877388000488,0.00959634780883789,0.005416572093963623,-1.847100048298926e-05,"[20.91178670525551, -58.30264464020729, -9.835069999098778]",components_mm/RF_upper_arm_link__C268.stl,5a51a8a483fbdfccde28bd30c498190ab7969040181c55029538746d3569ec72,1.2814998626708984e-06
RF_upper_arm_link__C269,RF_upper_arm_link,269,1,small_fragment_or_detail_review,False,True,False,0.004842877388000488,0.00959634780883789,0.005416572093963623,-1.3431050887535792e-05,"[20.91178670525551, -58.30264464020729, -9.835069999098778]",components_mm/RF_upper_arm_link__C269.stl,54278d8064c8db8e2ac51659296914c8c347605cbc70703e07db4cd1b319526d,1.2814998626708984e-06
RF_upper_arm_link__C270,RF_upper_arm_link,270,1,small_fragment_or_detail_review,False,True,False,0.004842877388000488,0.00959634780883789,0.005416572093963623,-1.847100048298926e-05,"[20.91178670525551, -58.30264464020729, -9.835069999098778]",components_mm/RF_upper_arm_link__C270.stl,5a51a8a483fbdfccde28bd30c498190ab7969040181c55029538746d3569ec72,1.2814998626708984e-06
RF_upper_arm_link__C271,RF_upper_arm_link,271,1,small_fragment_or_detail_review,False,True,False,0.004842877388000488,0.00959634780883789,0.005416572093963623,1.847100048298926e-05,"[20.91178670525551, -58.30264464020729, -9.835069999098778]",components_mm/RF_upper_arm_link__C271.stl,100d62612eded75719284126be41731b63f3edf975249c0c885341b9503f7ec4,1.2814998626708984e-06
RF_upper_arm_link__C272,RF_upper_arm_link,272,1,small_fragment_or_detail_review,False,True,False,0.004842877388000488,0.00959634780883789,0.005416572093963623,1.3431050887535792e-05,"[20.91178670525551, -58.30264464020729, -9.835069999098778]",components_mm/RF_upper_arm_link__C272.stl,47c96e94aef874dff59da3062d9c2b3f8b328ddcea04a6241d27fb987b6e1a26,1.2814998626708984e-06
RF_upper_arm_link__C273,RF_upper_arm_link,273,1,small_fragment_or_detail_review,False,True,False,0.003248453140258789,0.006556510925292969,0.003516674041748047,-1.4970720333446605e-05,"[20.91258391737938, -58.30112472176552, -9.836019948124886]",components_mm/RF_upper_arm_link__C273.stl,6fd5c61a5b3c68e4204d710554d5c0b101b6b8b838bd48984aec4c49da0ddba9,1.5795230865478516e-06
RF_upper_arm_link__C274,RF_upper_arm_link,274,1,small_fragment_or_detail_review,False,True,False,0.003248453140258789,0.006556510925292969,0.003516674041748047,1.4970720333446605e-05,"[20.91258391737938, -58.30112472176552, -9.836019948124886]",components_mm/RF_upper_arm_link__C274.stl,43166ef6b67a560023fd87b4e0743c68da5f50af3c38a26741c5498a8e5ce165,1.5795230865478516e-06
RF_upper_arm_link__C275,RF_upper_arm_link,275,1,small_fragment_or_detail_review,False,True,False,0.0032633543014526367,0.006034970283508301,0.003725290298461914,-1.5905298155070234e-06,"[20.91417834162712, -58.297839015722275, -9.837808087468147]",components_mm/RF_upper_arm_link__C275.stl,d1fe84c72eea3b91aa656ec2b9a4d570a9d6b9aba24a2f6c9f58373d4254712e,1.1622905731201172e-06
RF_upper_arm_link__C276,RF_upper_arm_link,276,1,small_fragment_or_detail_review,False,True,False,0.0032633543014526367,0.006034970283508301,0.003725290298461914,1.5905298155070234e-06,"[20.91417834162712, -58.297839015722275, -9.837808087468147]",components_mm/RF_upper_arm_link__C276.stl,c6937b708b773e35ff5c5f56daec33af3b6149335372d8103a243820b71f3f9c,1.1622905731201172e-06
RF_upper_arm_link__C277,RF_upper_arm_link,277,1,small_fragment_or_detail_review,False,True,False,0.004827976226806641,0.009074807167053223,0.005662441253662109,4.302664590143991e-06,"[20.914960652589798, -58.2963190972805, -9.838776662945747]",components_mm/RF_upper_arm_link__C277.stl,bcd1d9135fc340c606a473a7ea0947245b055c1a9eaa154432d1e33833b02a1a,1.043081283569336e-06
RF_upper_arm_link__C278,RF_upper_arm_link,278,1,small_fragment_or_detail_review,False,True,False,0.004827976226806641,0.009074807167053223,0.005662441253662109,-3.831396558704081e-06,"[20.914960652589798, -58.2963190972805, -9.838776662945747]",components_mm/RF_upper_arm_link__C278.stl,a932b2fa579e672638e90ef4cef7fe0e5231c1088383412fdb5dd9fe7c505930,1.043081283569336e-06
RF_upper_arm_link__C279,RF_upper_arm_link,279,1,small_fragment_or_detail_review,False,True,False,0.004827976226806641,0.009074807167053223,0.005662441253662109,-4.302664590143991e-06,"[20.914960652589798, -58.2963190972805, -9.838776662945747]",components_mm/RF_upper_arm_link__C279.stl,5c3288c5ca3c958c29ba7a284979ef920146e125cdc6e64e5282bc1fbe1586c2,1.043081283569336e-06
RF_upper_arm_link__C280,RF_upper_arm_link,280,1,small_fragment_or_detail_review,False,True,False,0.003166496753692627,0.006064772605895996,0.0038295984268188477,-1.1192618436241172e-06,"[20.915791392326355, -58.294814079999924, -9.839693084359169]",components_mm/RF_upper_arm_link__C280.stl,f4818680d764968fd1eab25d05aabdf39ce2691f2f17ea0ebd1452a0a1eef77d,1.2814998626708984e-06
RF_upper_arm_link__C281,RF_upper_arm_link,281,1,small_fragment_or_detail_review,False,True,False,0.003077089786529541,0.006079673767089844,0.003919005393981934,1.4212434163642115e-06,"[20.917348563671112, -58.291781693696976, -9.84163023531437]",components_mm/RF_upper_arm_link__C281.stl,7c1e65a69c61cdafca4e14f4118ddb8fb1d7cb31f8d3e115149fc5806ca5f9b6,1.1622905731201172e-06
RF_upper_arm_link__C282,RF_upper_arm_link,282,1,small_fragment_or_detail_review,False,True,False,0.003077089786529541,0.006079673767089844,0.003919005393981934,-1.4212434163642115e-06,"[20.917348563671112, -58.291781693696976, -9.84163023531437]",components_mm/RF_upper_arm_link__C282.stl,25248bae798ae699a7d3a49d25a0ddd283e87139869bd9f3fed14444f44e6098,1.1622905731201172e-06
RF_upper_arm_link__C283,RF_upper_arm_link,283,1,small_fragment_or_detail_review,False,True,False,0.004902482032775879,0.009879469871520996,0.005632638931274414,2.570346712125428e-05,"[20.91982588171959, -58.286841958761215, -9.844424203038216]",components_mm/RF_upper_arm_link__C283.stl,862a0df8dc986894a0cae434d4a300cd62affddbdbc1e0be55571a54a60aac98,9.238719940185547e-07
RF_upper_arm_link__C284,RF_upper_arm_link,284,1,small_fragment_or_detail_review,False,True,False,0.004902482032775879,0.009879469871520996,0.005632638931274414,-2.570346712125428e-05,"[20.91982588171959, -58.286841958761215, -9.844424203038216]",components_mm/RF_upper_arm_link__C284.stl,a788e42a12b5ab9390034d72aaad7fedc4ce5285c69657b00ee128459db170fd,9.238719940185547e-07
RF_upper_arm_link__C285,RF_upper_arm_link,285,1,small_fragment_or_detail_review,False,True,False,0.004902482032775879,0.009879469871520996,0.005632638931274414,-2.570346712125428e-05,"[20.91982588171959, -58.286841958761215, -9.844424203038216]",components_mm/RF_upper_arm_link__C285.stl,6e33fa876c1de0fdb3fc965ff41fd1b1dc6f0ea249af67338e6929ba7a177780,9.238719940185547e-07
RF_upper_arm_link__C286,RF_upper_arm_link,286,1,small_fragment_or_detail_review,False,True,False,0.0049173831939697266,0.009894371032714844,0.00562518835067749,2.4603945962042823e-05,"[20.92134580016136, -58.28379467129707, -9.846402332186699]",components_mm/RF_upper_arm_link__C286.stl,cd1b6057a6ca293954b29d80dfbdde316b3913b1634e907390906b7edbc3c00f,9.238719940185547e-07
RF_upper_arm_link__C287,RF_upper_arm_link,287,1,small_fragment_or_detail_review,False,True,False,0.0049173831939697266,0.009894371032714844,0.00562518835067749,-2.4603945962042823e-05,"[20.92134580016136, -58.28379467129707, -9.846402332186699]",components_mm/RF_upper_arm_link__C287.stl,ea314387d66c84c194933ea80bd617d64e1f91d20de05e5921698956345521fa,9.238719940185547e-07
RF_upper_arm_link__C288,RF_upper_arm_link,288,1,small_fragment_or_detail_review,False,True,False,0.0049173831939697266,0.009894371032714844,0.00562518835067749,-2.4603945962042823e-05,"[20.92134580016136, -58.28379467129707, -9.846402332186699]",components_mm/RF_upper_arm_link__C288.stl,997f479f0dcd36ccf52dcb48fc4c1a486958e25c616c4d980d9f247f90f60599,9.238719940185547e-07
RF_upper_arm_link__C289,RF_upper_arm_link,289,1,small_fragment_or_detail_review,False,True,False,0.004447996616363525,0.009179115295410156,0.0060498714447021484,-3.740127424119375e-06,"[20.92450112104416, -58.27731266617775, -9.850265458226204]",components_mm/RF_upper_arm_link__C289.stl,6c010607e3a96a14efae6984153a0da6c4a6d38e1acb8b9bfaf3f90b2707644f,1.043081283569336e-06
RF_upper_arm_link__C290,RF_upper_arm_link,290,1,small_fragment_or_detail_review,False,True,False,0.004447996616363525,0.009179115295410156,0.0060498714447021484,3.740127424119375e-06,"[20.92450112104416, -58.27731266617775, -9.850265458226204]",components_mm/RF_upper_arm_link__C290.stl,41e007744752419eab6c0f24fe239dc50bbf033b3ad6786a71d544d5e4023f6c,1.043081283569336e-06
RF_upper_arm_link__C291,RF_upper_arm_link,291,1,small_fragment_or_detail_review,False,True,False,0.004954636096954346,0.010192394256591797,0.005863606929779053,-5.8885210142540125e-05,"[20.926281809806824, -58.27375128865242, -9.852146729826927]",components_mm/RF_upper_arm_link__C291.stl,f5f22a695cdf32513fac1348b67b1ff15f2f552bd37e569e08dc020fc2ab58ea,1.2218952178955078e-06
RF_upper_arm_link__C292,RF_upper_arm_link,292,1,small_fragment_or_detail_review,False,True,False,0.004954636096954346,0.010192394256591797,0.005863606929779053,5.8885210142540125e-05,"[20.926281809806824, -58.27375128865242, -9.852146729826927]",components_mm/RF_upper_arm_link__C292.stl,0560ac62baf1ef8b8b1cbbe500a899443a154d9b4ea8d159d51eba9a95ff05af,1.2218952178955078e-06
RF_upper_arm_link__C293,RF_upper_arm_link,293,1,small_fragment_or_detail_review,False,True,False,0.004976987838745117,0.01017749309539795,0.005826354026794434,-5.758559701015552e-05,"[20.929213613271713, -58.267634361982346, -9.856203570961952]",components_mm/RF_upper_arm_link__C293.stl,2e912b4067a1b007a3883d81c339bfbd7f7e8c85909109b692e37248ef82a924,1.043081283569336e-06
RF_upper_arm_link__C294,RF_upper_arm_link,294,1,small_fragment_or_detail_review,False,True,False,0.004976987838745117,0.01017749309539795,0.005826354026794434,5.758559701015552e-05,"[20.929213613271713, -58.267634361982346, -9.856203570961952]",components_mm/RF_upper_arm_link__C294.stl,57073224aa62996089b4cba5894f2b1a15ddac3ebdc1e47f30b93d685839440b,1.043081283569336e-06
RF_upper_arm_link__C295,RF_upper_arm_link,295,1,small_fragment_or_detail_review,False,True,False,0.002942979335784912,0.006109476089477539,0.004038214683532715,-4.458090242847173e-05,"[20.930230617523193, -58.265600353479385, -9.857097640633583]",components_mm/RF_upper_arm_link__C295.stl,c9bf43755290955753f66f34dde32e3d86681aacdba368569ab36fe486b615a9,1.2218952178955078e-06
RF_upper_arm_link__C296,RF_upper_arm_link,296,1,small_fragment_or_detail_review,False,True,False,0.002942979335784912,0.006109476089477539,0.004038214683532715,4.458090242847173e-05,"[20.930230617523193, -58.265600353479385, -9.857097640633583]",components_mm/RF_upper_arm_link__C296.stl,82d00fbce1292f91f583bcdb8f741c3657a5287c34b7b4469bfd5fab53082618,1.2218952178955078e-06
RF_upper_arm_link__C297,RF_upper_arm_link,297,1,small_fragment_or_detail_review,False,True,False,0.0040084123611450195,0.009834766387939453,0.005081295967102051,-0.00010300257476318456,"[20.938720554113388, -58.2471527159214, -9.867722168564796]",components_mm/RF_upper_arm_link__C297.stl,ce720c3139c812439b0e120c77bca06c2d83d41445562e8ee074482c359444ef,1.7583370208740234e-06
RF_upper_arm_link__C298,RF_upper_arm_link,298,1,small_fragment_or_detail_review,False,True,False,0.0040084123611450195,0.009834766387939453,0.005081295967102051,0.00010300257476318456,"[20.938720554113388, -58.2471527159214, -9.867722168564796]",components_mm/RF_upper_arm_link__C298.stl,ff0b731fa59e810dce07451a2e1c9292c581f4fa65c9d468b43b7b52fe62d322,1.7583370208740234e-06
RF_upper_arm_link__C299,RF_upper_arm_link,299,1,small_fragment_or_detail_review,False,True,False,0.005140900611877441,0.01138448715209961,0.006727874279022217,5.6473467386124005e-05,"[20.94944939017296, -58.22448804974556, -9.881360456347466]",components_mm/RF_upper_arm_link__C299.stl,d429a0f7885e632366b7f353f13025dbe6261a90efe48a9b8a82fe320f28d4aa,1.4603137969970703e-06
RF_upper_arm_link__C300,RF_upper_arm_link,300,1,small_fragment_or_detail_review,False,True,False,0.005140900611877441,0.01138448715209961,0.006727874279022217,5.6473467386124005e-05,"[20.94944939017296, -58.22448804974556, -9.881360456347466]",components_mm/RF_upper_arm_link__C300.stl,cffe5ac395f7e28dee492e3eba41da09d2664aadf7b17fadc45eceb4ed23d476,1.4603137969970703e-06
RF_upper_arm_link__C301,RF_upper_arm_link,301,1,small_fragment_or_detail_review,False,True,False,0.004582107067108154,0.009045004844665527,0.00581890344619751,4.1679420487019925e-06,"[20.949728786945343, -58.22331830859184, -9.881814941763878]",components_mm/RF_upper_arm_link__C301.stl,8b0199471017e65dd184cb30b68bfeb8216e25c6c85d0aa7e575cf12c94a66f0,8.046627044677734e-07
RF_upper_arm_link__C302,RF_upper_arm_link,302,1,small_fragment_or_detail_review,False,True,False,0.005155801773071289,0.011682510375976562,0.006973743438720703,3.964621031140838e-05,"[20.951587706804276, -58.21898952126503, -9.884284809231758]",components_mm/RF_upper_arm_link__C302.stl,1d9e5572277a30d39732959608ff43704be925d2d5281aefe5d3fadc5de3e25f,1.7583370208740234e-06
RF_upper_arm_link__C303,RF_upper_arm_link,303,1,small_fragment_or_detail_review,False,True,False,0.005155801773071289,0.011682510375976562,0.006973743438720703,-3.964621031140838e-05,"[20.951587706804276, -58.21898952126503, -9.884284809231758]",components_mm/RF_upper_arm_link__C303.stl,cdc64305124c5f0e403767a1ef24efc7e0913c4c647fce998426366b010b21e1,1.7583370208740234e-06
RF_upper_arm_link__C304,RF_upper_arm_link,304,1,small_fragment_or_detail_review,False,True,False,0.010602176189422607,0.024199485778808594,0.013940036296844482,-0.0002649384884035727,"[20.969092845916748, -58.08289721608162, 9.807636961340904]",components_mm/RF_upper_arm_link__C304.stl,284e6a9d1f209980e8bd39d8996ca78e83a3e0ecc33888f9d424a78a2f57ba80,8.642673492431641e-07
RF_upper_arm_link__C305,RF_upper_arm_link,305,1,small_fragment_or_detail_review,False,True,False,0.010602176189422607,0.024199485778808594,0.013940036296844482,0.0002649384884035727,"[20.969092845916748, -58.08289721608162, 9.807636961340904]",components_mm/RF_upper_arm_link__C305.stl,a4afef13fbff2f75ad02fd59b7286bc0fd3bd745f1571ea4b58d5eab430e0184,8.642673492431641e-07
RF_forearm_link__C001,RF_forearm_link,1,4962,metal_connector_or_cover_review,False,True,False,20.500006154179573,81.00087381899357,20.98447037860751,4149.742712363546,"[0.495164655148983, -25.00432264059782, -5.0069468561559916]",components_mm/RF_forearm_link__C001.stl,b0a0537d415a8e220aca02dcb6e1dac80908d149d691e14e1b3834a04a8bb11d,1.1920928955078125e-06
RF_forearm_link__C002,RF_forearm_link,2,3076,metal_connector_or_cover_review,False,True,False,20.49999963492155,81.00000768899918,20.69713920354843,4990.173189288206,"[0.49999961629509926, -25.059279054403305, 5.391223356127739]",components_mm/RF_forearm_link__C002.stl,1d3e0d3eaa238280bdef35b4394c3a416ea72561941fed081c7714f1495d29d8,2.5033950805664062e-06
RF_forearm_link__C003,RF_forearm_link,3,972,repeated_actuator_or_bearing_reference_not_print,True,True,True,36.75000183284283,20.956551656126976,20.956551656126976,10569.656207256567,"[2.1749986335635185, 0.0, 0.0]",components_mm/RF_forearm_link__C003.stl,924ec6992ce6e4823fc22b4d2a143ef0972dc29b20bffdb43a4985e620f2bcbc,4.246830940246582e-07
RF_palm_link__C001,RF_palm_link,1,7406,closed_geometry_trial_candidate_material_unverified,True,True,True,45.665329322218895,158.6188394576311,45.829080045223236,16538.639356915788,"[-0.6992733106017113, -64.67859353870153, -6.6510457545518875]",components_mm/RF_palm_link__C001.stl,ab4b813be5fe1b205b9dc1e3934deaed91754267f4fc3bb67c8f2bd1060f3024,6.67572021484375e-06
RF_palm_link__C002,RF_palm_link,2,6700,open_geometry_repair_or_reconstruction_needed,False,True,False,45.99897935986519,158.63649640232325,40.63988756388426,22010.364246888366,"[-0.6998851895332336, -64.68918127939105, 4.827017430216074]",components_mm/RF_palm_link__C002.stl,ed54ac38245fd175bd5d497949d8c03a01546e070864ac06fd40e8fe254ae9e9,1.5497207641601562e-06
RF_palm_link__C003,RF_palm_link,3,972,repeated_actuator_or_bearing_reference_not_print,True,True,True,36.75000183284283,20.956551656126976,20.956551656126976,10569.65620729335,"[-2.1749986335635185, 0.0, 0.0]",components_mm/RF_palm_link__C003.stl,3637a2d40c52b531c98dfb52dab4f720e539d0ac0fe8a4ea293c970177dcf457,4.246830940246582e-07
RF_palm_link__C004,RF_palm_link,4,2,small_fragment_or_detail_review,True,True,False,0.003005377948284149,0.0032782554626464844,0.005194917321205139,0.0,"[15.443422365933657, -45.77387124300003, -23.97687640041113]",components_mm/RF_palm_link__C004.stl,fb8e3174a5a571fdfcc6f6ddb0662e879bf5cd37d054b74ed6810e3b93c79dac,1.4901161193847656e-06
RF_palm_pad_f_link__C001,RF_palm_pad_f_link,1,5744,closed_geometry_trial_candidate_material_unverified,True,True,True,13.09813858824782,56.77536045550369,21.889994735829532,1995.5698550206143,"[6.475994727225043, 28.113734399084933, 10.259138944093138]",components_mm/RF_palm_pad_f_link__C001.stl,3d664c8d4ef64c084218ffa43f597dd12c577f4bb64d635cd9bdd033998dc0a3,6.258487701416016e-07
RF_palm_pad_f_link__C002,RF_palm_pad_f_link,2,2,small_fragment_or_detail_review,True,True,False,0.021354295313358307,0.0112093985080719,0.009856652468442917,0.0,"[5.159167107194662, 10.269559919834137, 1.5025926986709237]",components_mm/RF_palm_pad_f_link__C002.stl,bc70701c350327ab595418dc5958bc27feb5ec7c5734c0350d418f2af016b208,1.043081283569336e-07
RF_palm_pad_b_link__C001,RF_palm_pad_b_link,1,5934,closed_geometry_trial_candidate_material_unverified,True,True,True,13.097988041408826,56.77673523314297,21.890244213864207,1994.9060529109745,"[-6.475742175098276, 28.113426989875734, 10.258112684823573]",components_mm/RF_palm_pad_b_link__C001.stl,f712307460dcc29dd3329714f35e1ab293ef900f93cc46ce950aace84f1f9014,1.6987323760986328e-06
RF_palm_grip_insert_link__C001,RF_palm_grip_insert_link,1,2566,closed_geometry_trial_candidate_material_unverified,True,True,True,24.459165520966053,76.5669010579586,18.375949934124947,11865.90340365403,"[-0.03542983904480934, 2.472301945090294, -0.03290828317403793]",components_mm/RF_palm_grip_insert_link__C001.stl,3ef7226ba8437f68b239369691c863543a23f83ce66bfda3070e16e34e1796e9,1.0132789611816406e-06
RF_finger_link__C001,RF_finger_link,1,3750,open_geometry_repair_or_reconstruction_needed,False,True,False,29.659162275493145,108.23634825646877,34.40629504621029,13767.566987371138,"[1.248177606612444, -39.11649901419878, -2.221575938165188]",components_mm/RF_finger_link__C001.stl,7b42a415df407d531724859c932147259414693a8616d509316f18f11b127629,7.897615432739258e-07
RF_finger_link__C002,RF_finger_link,2,2672,closed_geometry_trial_candidate_material_unverified,True,True,True,29.64405994862318,89.00074195116758,13.539137507905252,5242.883943807107,"[1.246944535523653, -58.74780798330903, -6.992487142269965]",components_mm/RF_finger_link__C002.stl,f07963b5dd0b83ba094bdfc155108e4c41f4b0348b9c3f417a6269b3b25fde8a,2.384185791015625e-06
RF_finger_link__C003,RF_finger_link,3,972,repeated_actuator_or_bearing_reference_not_print,True,True,True,36.75000183284283,22.01654575765133,22.01654575765133,10569.656454410362,"[2.1749986335635185, 0.0, 0.0]",components_mm/RF_finger_link__C003.stl,962e4d0daf829a5e6e609862593272492901413a79c6dfd5d99e5d7f3bcecb1c,3.8743019104003906e-07
RF_finger_link__C004,RF_finger_link,4,768,closed_geometry_trial_candidate_material_unverified,True,True,True,10.006504831835628,34.379337914288044,25.830992497503757,418.39748205727375,"[2.6938371593132615, -5.212496500462294, -0.9383480064570904]",components_mm/RF_finger_link__C004.stl,4b2c14c7378b5f811017473c675ff2c14c0ed6fff6cb76210d50189b971aee3a,9.08970832824707e-07
RF_finger_grip_insert_link__C001,RF_finger_grip_insert_link,1,2304,open_geometry_repair_or_reconstruction_needed,False,True,False,24.497220292687416,77.47426256537437,14.18091356754303,12048.959666212912,"[0.10679196566343307, 4.0368568152189255, 0.6647850386798382]",components_mm/RF_finger_grip_insert_link__C001.stl,42d223d7de7e67b5a620ea51d3d8ffc99d5aa386c71e33dd87e5b5584a500b10,1.2814998626708984e-06
RF_finger_tip_link__C001,RF_finger_tip_link,1,14134,closed_geometry_trial_candidate_material_unverified,True,True,True,24.143829941749573,18.60984587801795,13.676597736775875,2106.9173549500424,"[-0.1532621681690216, 9.317827477389073, -4.292501602321863]",components_mm/RF_finger_tip_link__C001.stl,4a74b8584130a502515025abb97b055806aacc055d2d270f16c2074c5ae00835,8.195638656616211e-07
LM_hip_link__C001,LM_hip_link,1,6148,open_geometry_repair_or_reconstruction_needed,False,True,False,45.1405830681324,87.05220557749271,18.399998545646667,7064.403633980499,"[0.49744918942451477, 28.16862892359495, -18.45000497996807]",components_mm/LM_hip_link__C001.stl,3c5dd8d53def0f7261dd0dcee5384a20d9b7276bf6c09d0bb508dccf108f2646,9.5367431640625e-07
LM_hip_link__C002,LM_hip_link,2,6042,open_geometry_repair_or_reconstruction_needed,False,True,False,45.1442152261734,87.05990482121706,22.419290617108345,7881.95782251334,"[0.5051102489233017, 28.16477930173278, -30.024408362805843]",components_mm/LM_hip_link__C002.stl,693f86e68e371567faec69c310eda3e3536c67ede105b362711c6e150a218171,9.5367431640625e-07
LM_hip_link__C003,LM_hip_link,3,972,repeated_actuator_or_bearing_reference_not_print,True,True,True,20.956581458449364,20.956581458449364,36.75000183284283,10569.656215680445,"[0.0, 0.0, 2.1749986335635185]",components_mm/LM_hip_link__C003.stl,5b6fb82b0ffe48e2c73b15e6193ff821948ae9dfe6c96ca03ccced99a1ccb4be,3.8743019104003906e-07
LM_hip_link__C004,LM_hip_link,4,2,small_fragment_or_detail_review,True,True,False,0.00048428773880004883,0.0067390501499176025,0.0023096799850463867,0.0,"[-18.480941653251648, 59.8213616758585, -37.22408413887024]",components_mm/LM_hip_link__C004.stl,7fef2ca35bdd99ba6d4aa989825b14373baa234c3a6ba4beb1e728e6ee74158a,1.6093254089355469e-06
LM_hip_link__C005,LM_hip_link,5,2,small_fragment_or_detail_review,True,True,False,0.0015422701835632324,0.0058785080909729,0.0005513429641723633,0.0,"[-18.479546532034874, 59.83296409249306, -37.22088038921356]",components_mm/LM_hip_link__C005.stl,a02c37154e4e6cbdd59c4e80d3dd08ce8ba101b11ca77990ab996073274e6f1c,1.0132789611816406e-06
LM_hip_link__C006,LM_hip_link,6,2,small_fragment_or_detail_review,True,True,False,0.0010021030902862549,0.006293877959251404,0.0004023313522338867,0.0,"[-17.161138355731964, 6.108938250690699, -14.202101156115532]",components_mm/LM_hip_link__C006.stl,f4efc4c0f824287d19052eedda2ef12c7e701af289968feed2e6fe42e4df2593,7.599592208862305e-07
LM_thigh_link__C001,LM_thigh_link,1,4962,metal_connector_or_cover_review,False,True,False,20.500142127275467,81.00090362131596,20.98447037860751,4149.742581944294,"[-0.4951171576976776, 25.00432264059782, -5.0069468561559916]",components_mm/LM_thigh_link__C001.stl,6d87ac0c1ae1de5fffe7cd17b2f0af99e6a48d694541a98a054ac31ba8eabf9b,1.5497207641601562e-06
LM_thigh_link__C002,LM_thigh_link,2,3076,metal_connector_or_cover_review,False,True,False,20.500141195952892,81.00003655999899,20.69713920354843,4990.172775098789,"[-0.4999539814889431, 25.059279520064592, 5.391223356127739]",components_mm/LM_thigh_link__C002.stl,eaca8b578a0be6d4be7c08fcfb997486bd4b894292105f05bd95267dec9f0c42,2.1457672119140625e-06
LM_thigh_link__C003,LM_thigh_link,3,972,repeated_actuator_or_bearing_reference_not_print,True,True,True,36.750027909874916,20.956557244062424,20.956551656126976,10569.656142740378,"[-2.174993045628071, -1.1175870895385742e-05, 0.0]",components_mm/LM_thigh_link__C003.stl,9bda257b7bf6de47529d6e7e03d324182145ac38ca008b09f0cd08368ef9f47e,8.344650268554688e-07
LM_calf_link__C001,LM_calf_link,1,7814,closed_geometry_trial_candidate_material_unverified,True,True,True,47.60405421257019,118.32801718264818,24.24997091293335,11463.126150751827,"[0.8023567497730255, 43.91087731346488, -3.0640214681625366]",components_mm/LM_calf_link__C001.stl,2799463df42eff95bd7fd62beb3512f7e84455a84e6f57f927682e1b32dbaeb8,3.3974647521972656e-06
LM_calf_link__C002,LM_calf_link,2,5548,closed_geometry_trial_candidate_material_unverified,True,True,True,47.8084497153759,130.06785605102777,21.684249863028526,13036.279979577035,"[0.8117519319057465, 49.78149337694049, 8.694666437804699]",components_mm/LM_calf_link__C002.stl,3440b35c057acaa7a388362bb5e0dcf57c9c472512e386ebe201f47e05446bb5,8.493661880493164e-07
LM_calf_link__C003,LM_calf_link,3,972,repeated_actuator_or_bearing_reference_not_print,True,True,True,36.750027909874916,27.998720295727253,27.99871377646923,10569.656218565018,"[2.174993045628071, 1.0710209608078003e-05, 0.0]",components_mm/LM_calf_link__C003.stl,b50168fe1a76ef714def7e891a8efad314e7a0dbe0615954be6deea631fb9e93,8.344650268554688e-07
LM_calf_link__C004,LM_calf_link,4,6,small_fragment_or_detail_review,True,True,False,0.1727808266878128,8.189089596271515,2.078722231090069,-0.09378765621358791,"[22.866529412567616, 37.55345940589905, 8.622277993708849]",components_mm/LM_calf_link__C004.stl,f0b1f49ae5b0381da622480ada707cc5d51fb4914176871a8bd0590db1d6a3a1,1.5795230865478516e-06
LM_calf_link__C005,LM_calf_link,5,4,small_fragment_or_detail_review,True,True,False,0.05428120493888855,2.331811934709549,2.078719437122345,-0.030843446083721915,"[-21.328603848814964, 34.62490253150463, 8.622277528047562]",components_mm/LM_calf_link__C005.stl,20dd6e3c0233576f12d3744446729986d7850649c4df03e78d4a87fab77f8428,1.1324882507324219e-06
LM_calf_link__C006,LM_calf_link,6,2,small_fragment_or_detail_review,True,True,False,0.12430176138877869,7.569704204797745,1.7647892236709595,0.0,"[-21.255135536193848, 37.24384866654873, 8.779242634773254]",components_mm/LM_calf_link__C006.stl,efcae9c31b6e67744d81e9f7cff843849625ee61c6e24044d3377c4cca54f8e8,1.0132789611816406e-06
LM_calf_link__C007,LM_calf_link,7,2,small_fragment_or_detail_review,True,True,False,0.1084785908460617,5.237892270088196,1.6560237854719162,0.0,"[-21.24722395092249, 38.4097546339035, 8.724859915673733]",components_mm/LM_calf_link__C007.stl,768bfa39679d0db0f86f12757abf302e1432431c5745901f1a0729488f664f1a,1.1324882507324219e-06
LM_calf_link__C008,LM_calf_link,8,2,small_fragment_or_detail_review,True,True,False,0.18190965056419373,5.850300192832947,1.1939024552702904,0.0,"[-21.14679664373398, 42.25635156035423, 8.955920580774546]",components_mm/LM_calf_link__C008.stl,9c4086dc6f2a010b6b4caaf1f8b94f1018734158a67b21b8530f6f8d641f20de,1.817941665649414e-06
LM_calf_link__C009,LM_calf_link,9,2,small_fragment_or_detail_review,True,True,False,0.18190965056419373,5.853824317455292,1.094270497560501,0.0,"[-21.14679664373398, 42.258113622665405, 8.906104601919651]",components_mm/LM_calf_link__C009.stl,07df7e834e01c288c6c1d394a35a45383ee4f404a3da0a1f97f4b6e6c19ca3e5,1.817941665649414e-06
LM_calf_link__C010,LM_calf_link,10,2,small_fragment_or_detail_review,True,True,False,0.03696698695421219,0.27067214250564575,1.63515645544976,0.0,"[-15.322558116167784, 103.17063704133034, 2.2259392426349223]",components_mm/LM_calf_link__C010.stl,b4dda4e1b3fffed16829ec06ef135dc8e4c59a00700c3e6e7d4d4f478c865101,3.7550926208496094e-06
LM_calf_link__C011,LM_calf_link,11,2,small_fragment_or_detail_review,True,True,False,0.11597387492656708,0.17596036195755005,2.5227670557796955,0.0,"[16.8782165274024, 103.39387878775597, 2.6697220746427774]",components_mm/LM_calf_link__C011.stl,b112da906490b793926eb08783db4c959b06b9eff343470064666771d17c40fa,1.9669532775878906e-06
LM_calf_link__C012,LM_calf_link,12,2,small_fragment_or_detail_review,True,True,False,0.313684344291687,10.0395567715168,0.966791994869709,0.0,"[22.72249013185501, 42.60173998773098, 9.134096559137106]",components_mm/LM_calf_link__C012.stl,4936e8726873450e02ac666ddd6e17946df724acca3f0bbf629c45886e3b751e,1.1920928955078125e-06
LM_foot_tip_link__C001,LM_foot_tip_link,1,1934,closed_geometry_trial_candidate_material_unverified,True,True,True,35.14472395181656,20.98020894160868,18.681366927921772,6620.0698624852985,"[-0.002739951014518738, -10.490110229298466, -4.822612274438143]",components_mm/LM_foot_tip_link__C001.stl,4ce817a4b65b9276e678b36c9cd7b03c46df462033aedb842c3afbf4bfd98f55,3.725290298461914e-07
RM_hip_link__C001,RM_hip_link,1,6148,open_geometry_repair_or_reconstruction_needed,False,True,False,45.14057748019695,87.05222513526678,18.399998545646667,7064.403239768474,"[-0.4973607137799263, -28.16864149644971, -18.45000497996807]",components_mm/RM_hip_link__C001.stl,32e515de73ceadff3b6ffd9a0fd07cd560c9d29ad5bb70657ccee19431a44af3,1.4901161193847656e-06
RM_hip_link__C002,RM_hip_link,2,6042,open_geometry_repair_or_reconstruction_needed,False,True,False,45.14420963823795,87.0599253103137,22.419290617108345,7881.9575540950655,"[-0.5050236359238625, -28.16479140892625, -30.024408362805843]",components_mm/RM_hip_link__C002.stl,7f9c6944ce341fbf19fe3568b183aac508aa34c7b9ae2d0630f4fb208855f665,1.4901161193847656e-06
RM_hip_link__C003,RM_hip_link,3,972,repeated_actuator_or_bearing_reference_not_print,True,True,True,20.956551656126976,20.956551656126976,36.75000183284283,10569.656207293161,"[0.0, 0.0, 2.1749986335635185]",components_mm/RM_hip_link__C003.stl,be9a5c8b8029e17638945fe453050e2c2775c6a495e6701694ebadded8ec40f0,4.246830940246582e-07
RM_hip_link__C004,RM_hip_link,4,2,small_fragment_or_detail_review,True,True,False,0.0010021030902862549,0.006293877959251404,0.0004023313522338867,0.0,"[17.16114953160286, -6.108906585723162, -14.202101156115532]",components_mm/RM_hip_link__C004.stl,31cf85349bad914c35a78d26793a342712aeaeb13bfee9ef15fe0101335b1159,8.791685104370117e-07
RM_hip_link__C005,RM_hip_link,5,2,small_fragment_or_detail_review,True,True,False,0.0015422701835632324,0.0058785080909729,0.0005513429641723633,0.0,"[18.47965642809868, -59.83293056488037, -37.22088038921356]",components_mm/RM_hip_link__C005.stl,c9add3345f574996c5355e1e81179ecbe0dd4b509c71e4185ab6c3527c124600,1.0132789611816406e-06
RM_hip_link__C006,RM_hip_link,6,2,small_fragment_or_detail_review,True,True,False,0.00048428773880004883,0.0067390501499176025,0.0023096799850463867,0.0,"[18.481051549315453, -59.82132814824581, -37.22408413887024]",components_mm/RM_hip_link__C006.stl,82e86c296977dbc148c25cfc7bd23600d9c5ad763843685a5f7fc6bcb834488b,1.7285346984863281e-06
RM_thigh_link__C001,RM_thigh_link,1,4962,metal_connector_or_cover_review,False,True,False,20.500006154179573,81.00087381899357,20.98447037860751,4149.742704894394,"[0.495164655148983, -25.00432264059782, -5.0069468561559916]",components_mm/RM_thigh_link__C001.stl,7cccd24f3f27cda648590fe01070582835f19ee71f7015802383eaf8007de4e3,1.1920928955078125e-06
RM_thigh_link__C002,RM_thigh_link,2,3076,metal_connector_or_cover_review,False,True,False,20.49999963492155,81.00000768899918,20.69713920354843,4990.1731833434405,"[0.49999961629509926, -25.059279054403305, 5.391223356127739]",components_mm/RM_thigh_link__C002.stl,c74da86f957295ac0467e2749485b1abc6f4209d457a6f487f14b968e06082b6,2.5033950805664062e-06
RM_thigh_link__C003,RM_thigh_link,3,972,repeated_actuator_or_bearing_reference_not_print,True,True,True,36.75000183284283,20.956551656126976,20.956551656126976,10569.656207255874,"[2.1749986335635185, 0.0, 0.0]",components_mm/RM_thigh_link__C003.stl,0e35e313bc794f6af650c65ec899cfa0da0d0f22719f90c949afbb1f30126d1d,4.246830940246582e-07
RM_calf_link__C001,RM_calf_link,1,7814,closed_geometry_trial_candidate_material_unverified,True,True,True,47.60405421257019,118.327965028584,24.24997091293335,11463.125995386574,"[-0.8023250848054886, -43.91087358817458, -3.0640214681625366]",components_mm/RM_calf_link__C001.stl,7442f4a66a324465c34de7a385c470a8468d0165355b38f3fab94f66a78e3df1,3.516674041748047e-06
RM_calf_link__C002,RM_calf_link,2,5548,closed_geometry_trial_candidate_material_unverified,True,True,True,47.8084497153759,130.06784114986658,21.684249863028526,13036.279769266466,"[-0.8117351680994034, -49.78150827810168, 8.694666437804699]",components_mm/RM_calf_link__C002.stl,508501684977240a9ebd92e5437f5ea8e55045913a0f968168342a575ee1fac1,8.344650268554688e-07
RM_calf_link__C003,RM_calf_link,3,6,small_fragment_or_detail_review,True,True,False,0.17279572784900665,8.189089596271515,2.078722231090069,-0.09378762075613167,"[-22.866460494697094, -37.55350038409233, 8.622277993708849]",components_mm/RM_calf_link__C003.stl,c48d7c9c2bae28f5ce5b43e1b6533f12190539c6bc0ec6e520c983d404acb128,1.7285346984863281e-06
RM_calf_link__C004,RM_calf_link,4,4,small_fragment_or_detail_review,True,True,False,0.05427561700344086,2.3318156599998474,2.078719437122345,-0.0308434957204895,"[21.328668110072613, -34.6248634159565, 8.622277528047562]",components_mm/RM_calf_link__C004.stl,0818bd1b2b5455b8016f577796fd71d31ee42976040d869a0b562f9393a046e4,1.7285346984863281e-06
RM_calf_link__C005,RM_calf_link,5,2,small_fragment_or_detail_review,True,True,True,0.3137029707431793,10.039553046226501,0.966791994869709,1.8947806286936004e-14,"[-22.722411900758743, -42.60178282856941, 9.134096559137106]",components_mm/RM_calf_link__C005.stl,be68899ce50e96fb41a1d1e38438b95140b09bbc0f7223271918c29a68e2b9f9,1.7583370208740234e-06
RM_calf_link__C006,RM_calf_link,6,2,small_fragment_or_detail_review,True,True,False,0.11597387492656708,0.17595291137695312,2.5227670557796955,0.0,"[-16.87802653759718, -103.39391231536865, 2.6697220746427774]",components_mm/RM_calf_link__C006.stl,9b3415ce0903ea05936897de77c725d6697edef668497f7da437e227eabefcc5,2.86102294921875e-06
RM_calf_link__C007,RM_calf_link,7,2,small_fragment_or_detail_review,True,True,False,0.03696698695421219,0.2706795930862427,1.63515645544976,0.0,"[15.32274717465043, -103.17061096429825, 2.2259392426349223]",components_mm/RM_calf_link__C007.stl,9c8b86d6450729f9f14a7d77d6d47dd419e3ec240ebbf3aca73074f23955bc12,3.2186508178710938e-06
RM_calf_link__C008,RM_calf_link,8,2,small_fragment_or_detail_review,True,True,False,0.18189847469329834,5.85382804274559,1.094270497560501,0.0,"[21.146874874830246, -42.25807450711727, 8.906104601919651]",components_mm/RM_calf_link__C008.stl,019e4d4c13640c806a6a636dfafd21f5294f74999a9f3700dd59f6f7648ec7c7,1.4007091522216797e-06
RM_calf_link__C009,RM_calf_link,9,2,small_fragment_or_detail_review,True,True,False,0.18189847469329834,5.850303918123245,1.1939024552702904,0.0,"[21.146874874830246, -42.2563124448061, 8.955920580774546]",components_mm/RM_calf_link__C009.stl,3663a233fbc73ff916f0a1532bbba105150e39cd9ba5dbf1146902fadd15ef65,1.0132789611816406e-06
RM_calf_link__C010,RM_calf_link,10,2,small_fragment_or_detail_review,True,True,False,0.10846927762031555,5.237888544797897,1.6560237854719162,0.0,"[21.247295662760735, -38.40971551835537, 8.724859915673733]",components_mm/RM_calf_link__C010.stl,3a4e72853049f8c42173d2c07ec9037367c818c990ebc6d60cdd886924b171f5,8.046627044677734e-07
RM_calf_link__C011,RM_calf_link,11,2,small_fragment_or_detail_review,True,True,False,0.12428686022758484,7.569704204797745,1.7647892236709595,-1.8947806286936004e-14,"[21.25520445406437, -37.243807688355446, 8.779242634773254]",components_mm/RM_calf_link__C011.stl,9f6dc7a676f2f2fb710669d1ee815719e74d98949570c06b24b0f084b9332ebb,1.7285346984863281e-06
RM_foot_tip_link__C001,RM_foot_tip_link,1,1934,closed_geometry_trial_candidate_material_unverified,True,True,True,35.14472208917141,20.9801959009579,18.681366927921772,6620.0698489231545,"[0.002709217369556427, 10.490103711107812, -4.822612274438143]",components_mm/RM_foot_tip_link__C001.stl,4a91f3ca84b62918434d6634bfa34dbf23ac0045cfd68e47a69219cee52f7447,8.344650268554688e-07
LR_hip_link__C001,LR_hip_link,1,6148,open_geometry_repair_or_reconstruction_needed,False,True,False,45.1405830681324,87.05220557749271,18.399998545646667,7064.403633980485,"[0.49744918942451477, 28.16862892359495, -18.45000497996807]",components_mm/LR_hip_link__C001.stl,cc42c48bc251f5433b718df7955e5f0970a0e2352d17cdc3bbd13ac28659c165,9.5367431640625e-07
LR_hip_link__C002,LR_hip_link,2,6042,open_geometry_repair_or_reconstruction_needed,False,True,False,45.1442152261734,87.05990482121706,22.419290617108345,7881.957830949458,"[0.5051102489233017, 28.16477930173278, -30.024408362805843]",components_mm/LR_hip_link__C002.stl,9eb2040017afbdf72e29611e358014172c9b89c2cca7d32309563f312c576e87,9.5367431640625e-07
LR_hip_link__C003,LR_hip_link,3,972,repeated_actuator_or_bearing_reference_not_print,True,True,True,20.956581458449364,20.956581458449364,36.75000183284283,10569.656215680441,"[0.0, 0.0, 2.1749986335635185]",components_mm/LR_hip_link__C003.stl,ff901a602d199fcfbac99ae60040a725c88a1df68d69c41bf1b1591d4b8997a8,3.8743019104003906e-07
LR_hip_link__C004,LR_hip_link,4,2,small_fragment_or_detail_review,True,True,False,0.00048428773880004883,0.0067390501499176025,0.0023096799850463867,0.0,"[-18.480941653251648, 59.8213616758585, -37.22408413887024]",components_mm/LR_hip_link__C004.stl,7fef2ca35bdd99ba6d4aa989825b14373baa234c3a6ba4beb1e728e6ee74158a,1.6093254089355469e-06
LR_hip_link__C005,LR_hip_link,5,2,small_fragment_or_detail_review,True,True,False,0.0015422701835632324,0.0058785080909729,0.0005513429641723633,0.0,"[-18.479546532034874, 59.83296409249306, -37.22088038921356]",components_mm/LR_hip_link__C005.stl,a02c37154e4e6cbdd59c4e80d3dd08ce8ba101b11ca77990ab996073274e6f1c,1.0132789611816406e-06
LR_hip_link__C006,LR_hip_link,6,2,small_fragment_or_detail_review,True,True,False,0.0010021030902862549,0.006293877959251404,0.0004023313522338867,0.0,"[-17.161138355731964, 6.108938250690699, -14.202101156115532]",components_mm/LR_hip_link__C006.stl,f4efc4c0f824287d19052eedda2ef12c7e701af289968feed2e6fe42e4df2593,7.599592208862305e-07
LR_thigh_link__C001,LR_thigh_link,1,4962,metal_connector_or_cover_review,False,True,False,20.500142127275467,81.00090362131596,20.98447037860751,4149.742581945175,"[-0.4951171576976776, 25.00432264059782, -5.0069468561559916]",components_mm/LR_thigh_link__C001.stl,bab1c51d96d4537767fb147bd3a21af349d813d00c870476b6cf6864b6e45ef1,1.5497207641601562e-06
LR_thigh_link__C002,LR_thigh_link,2,3076,metal_connector_or_cover_review,False,True,False,20.500141195952892,81.00003655999899,20.69713920354843,4990.172775098789,"[-0.4999539814889431, 25.059279520064592, 5.391223356127739]",components_mm/LR_thigh_link__C002.stl,eaca8b578a0be6d4be7c08fcfb997486bd4b894292105f05bd95267dec9f0c42,2.1457672119140625e-06
LR_thigh_link__C003,LR_thigh_link,3,972,repeated_actuator_or_bearing_reference_not_print,True,True,True,36.750027909874916,20.956557244062424,20.956551656126976,10569.656142740378,"[-2.174993045628071, -1.1175870895385742e-05, 0.0]",components_mm/LR_thigh_link__C003.stl,a9401ff48c6c9ec094397f20cac2b136961d86896f12cb69c07e260257d68fe5,8.344650268554688e-07
LR_calf_link__C001,LR_calf_link,1,7814,closed_geometry_trial_candidate_material_unverified,True,True,True,47.60405421257019,118.32801718264818,24.24997091293335,11463.126150751827,"[0.8023567497730255, 43.91087731346488, -3.0640214681625366]",components_mm/LR_calf_link__C001.stl,2799463df42eff95bd7fd62beb3512f7e84455a84e6f57f927682e1b32dbaeb8,3.3974647521972656e-06
LR_calf_link__C002,LR_calf_link,2,5548,closed_geometry_trial_candidate_material_unverified,True,True,True,47.8084497153759,130.06785605102777,21.684249863028526,13036.279979998159,"[0.8117519319057465, 49.78149337694049, 8.694666437804699]",components_mm/LR_calf_link__C002.stl,133fdf7827934c91573131fbc9646ac36ce7059553ca6e1fb20a14a1b8171fcf,8.493661880493164e-07
LR_calf_link__C003,LR_calf_link,3,972,repeated_actuator_or_bearing_reference_not_print,True,True,True,36.750027909874916,27.998720295727253,27.99871377646923,10569.656218565018,"[2.174993045628071, 1.0710209608078003e-05, 0.0]",components_mm/LR_calf_link__C003.stl,b50168fe1a76ef714def7e891a8efad314e7a0dbe0615954be6deea631fb9e93,8.344650268554688e-07
LR_calf_link__C004,LR_calf_link,4,6,small_fragment_or_detail_review,True,True,False,0.1727808266878128,8.189089596271515,2.078722231090069,-0.09378765621358791,"[22.866529412567616, 37.55345940589905, 8.622277993708849]",components_mm/LR_calf_link__C004.stl,f0b1f49ae5b0381da622480ada707cc5d51fb4914176871a8bd0590db1d6a3a1,1.5795230865478516e-06
LR_calf_link__C005,LR_calf_link,5,4,small_fragment_or_detail_review,True,True,False,0.05428120493888855,2.331811934709549,2.078719437122345,-0.030843446083721915,"[-21.328603848814964, 34.62490253150463, 8.622277528047562]",components_mm/LR_calf_link__C005.stl,20dd6e3c0233576f12d3744446729986d7850649c4df03e78d4a87fab77f8428,1.1324882507324219e-06
LR_calf_link__C006,LR_calf_link,6,2,small_fragment_or_detail_review,True,True,False,0.12430176138877869,7.569704204797745,1.7647892236709595,0.0,"[-21.255135536193848, 37.24384866654873, 8.779242634773254]",components_mm/LR_calf_link__C006.stl,efcae9c31b6e67744d81e9f7cff843849625ee61c6e24044d3377c4cca54f8e8,1.0132789611816406e-06
LR_calf_link__C007,LR_calf_link,7,2,small_fragment_or_detail_review,True,True,False,0.1084785908460617,5.237892270088196,1.6560237854719162,0.0,"[-21.24722395092249, 38.4097546339035, 8.724859915673733]",components_mm/LR_calf_link__C007.stl,768bfa39679d0db0f86f12757abf302e1432431c5745901f1a0729488f664f1a,1.1324882507324219e-06
LR_calf_link__C008,LR_calf_link,8,2,small_fragment_or_detail_review,True,True,False,0.18190965056419373,5.850300192832947,1.1939024552702904,0.0,"[-21.14679664373398, 42.25635156035423, 8.955920580774546]",components_mm/LR_calf_link__C008.stl,9c4086dc6f2a010b6b4caaf1f8b94f1018734158a67b21b8530f6f8d641f20de,1.817941665649414e-06
LR_calf_link__C009,LR_calf_link,9,2,small_fragment_or_detail_review,True,True,False,0.18190965056419373,5.853824317455292,1.094270497560501,0.0,"[-21.14679664373398, 42.258113622665405, 8.906104601919651]",components_mm/LR_calf_link__C009.stl,07df7e834e01c288c6c1d394a35a45383ee4f404a3da0a1f97f4b6e6c19ca3e5,1.817941665649414e-06
LR_calf_link__C010,LR_calf_link,10,2,small_fragment_or_detail_review,True,True,False,0.03696698695421219,0.27067214250564575,1.63515645544976,0.0,"[-15.322558116167784, 103.17063704133034, 2.2259392426349223]",components_mm/LR_calf_link__C010.stl,b4dda4e1b3fffed16829ec06ef135dc8e4c59a00700c3e6e7d4d4f478c865101,3.7550926208496094e-06
LR_calf_link__C011,LR_calf_link,11,2,small_fragment_or_detail_review,True,True,False,0.11597387492656708,0.17596036195755005,2.5227670557796955,0.0,"[16.8782165274024, 103.39387878775597, 2.6697220746427774]",components_mm/LR_calf_link__C011.stl,b112da906490b793926eb08783db4c959b06b9eff343470064666771d17c40fa,1.9669532775878906e-06
LR_calf_link__C012,LR_calf_link,12,2,small_fragment_or_detail_review,True,True,False,0.313684344291687,10.0395567715168,0.966791994869709,0.0,"[22.72249013185501, 42.60173998773098, 9.134096559137106]",components_mm/LR_calf_link__C012.stl,4936e8726873450e02ac666ddd6e17946df724acca3f0bbf629c45886e3b751e,1.1920928955078125e-06
LR_foot_tip_link__C001,LR_foot_tip_link,1,1934,closed_geometry_trial_candidate_material_unverified,True,True,True,35.14472395181656,20.98020894160868,18.681366927921772,6620.0698624852985,"[-0.002739951014518738, -10.490110229298466, -4.822612274438143]",components_mm/LR_foot_tip_link__C001.stl,de47b83bd12d6097d838dda7e4d8e8c34272ad23d9be8e0001e188c75965d7e5,3.725290298461914e-07
RR_hip_link__C001,RR_hip_link,1,6148,open_geometry_repair_or_reconstruction_needed,False,True,False,45.14057748019695,87.05222513526678,18.399998545646667,7064.403239768489,"[-0.4973607137799263, -28.16864149644971, -18.45000497996807]",components_mm/RR_hip_link__C001.stl,97374863794a5ba302816cfabb547df59b64e9128b2e8444bf8f9feeb3525395,1.4901161193847656e-06
RR_hip_link__C002,RR_hip_link,2,6042,open_geometry_repair_or_reconstruction_needed,False,True,False,45.14420963823795,87.0599253103137,22.419290617108345,7881.9575540950655,"[-0.5050236359238625, -28.16479140892625, -30.024408362805843]",components_mm/RR_hip_link__C002.stl,c411c2389312b84811e00ba74ce413f17769024c1f884ded2ea57c50604122f6,1.4901161193847656e-06
RR_hip_link__C003,RR_hip_link,3,972,repeated_actuator_or_bearing_reference_not_print,True,True,True,20.956551656126976,20.956551656126976,36.75000183284283,10569.656207293161,"[0.0, 0.0, 2.1749986335635185]",components_mm/RR_hip_link__C003.stl,4ac81025ca293259730aebffe852c7871740802a0cf3df49daf84134a57d28de,4.246830940246582e-07
RR_hip_link__C004,RR_hip_link,4,2,small_fragment_or_detail_review,True,True,False,0.0010021030902862549,0.006293877959251404,0.0004023313522338867,0.0,"[17.16114953160286, -6.108906585723162, -14.202101156115532]",components_mm/RR_hip_link__C004.stl,31cf85349bad914c35a78d26793a342712aeaeb13bfee9ef15fe0101335b1159,8.791685104370117e-07
RR_hip_link__C005,RR_hip_link,5,2,small_fragment_or_detail_review,True,True,False,0.0015422701835632324,0.0058785080909729,0.0005513429641723633,0.0,"[18.47965642809868, -59.83293056488037, -37.22088038921356]",components_mm/RR_hip_link__C005.stl,c9add3345f574996c5355e1e81179ecbe0dd4b509c71e4185ab6c3527c124600,1.0132789611816406e-06
RR_hip_link__C006,RR_hip_link,6,2,small_fragment_or_detail_review,True,True,False,0.00048428773880004883,0.0067390501499176025,0.0023096799850463867,0.0,"[18.481051549315453, -59.82132814824581, -37.22408413887024]",components_mm/RR_hip_link__C006.stl,82e86c296977dbc148c25cfc7bd23600d9c5ad763843685a5f7fc6bcb834488b,1.7285346984863281e-06
RR_thigh_link__C001,RR_thigh_link,1,4962,metal_connector_or_cover_review,False,True,False,20.500006154179573,81.00087381899357,20.98447037860751,4149.742704889716,"[0.495164655148983, -25.00432264059782, -5.0069468561559916]",components_mm/RR_thigh_link__C001.stl,600ec46ac4fd4bc30145649fc18a523fcb1ffde6bcd5da6b182d3986f5f28383,1.1920928955078125e-06
RR_thigh_link__C002,RR_thigh_link,2,3076,metal_connector_or_cover_review,False,True,False,20.49999963492155,81.00000768899918,20.69713920354843,4990.1731833434405,"[0.49999961629509926, -25.059279054403305, 5.391223356127739]",components_mm/RR_thigh_link__C002.stl,c74da86f957295ac0467e2749485b1abc6f4209d457a6f487f14b968e06082b6,2.5033950805664062e-06
RR_thigh_link__C003,RR_thigh_link,3,972,repeated_actuator_or_bearing_reference_not_print,True,True,True,36.75000183284283,20.956551656126976,20.956551656126976,10569.656207255874,"[2.1749986335635185, 0.0, 0.0]",components_mm/RR_thigh_link__C003.stl,16f1a7249ad82da22acbe75096bc914a1469b98f1fe33f80f5c79734e85e3a9b,4.246830940246582e-07
RR_calf_link__C001,RR_calf_link,1,7814,closed_geometry_trial_candidate_material_unverified,True,True,True,47.60405421257019,118.327965028584,24.24997091293335,11463.125994530941,"[-0.8023250848054886, -43.91087358817458, -3.0640214681625366]",components_mm/RR_calf_link__C001.stl,44858a3ef54b68f9d54b55b18d48cd8691640b3055f0dfb607fe6d821b94df6a,3.516674041748047e-06
RR_calf_link__C002,RR_calf_link,2,5548,closed_geometry_trial_candidate_material_unverified,True,True,True,47.8084497153759,130.06784114986658,21.684249863028526,13036.279769266466,"[-0.8117351680994034, -49.78150827810168, 8.694666437804699]",components_mm/RR_calf_link__C002.stl,0cb35b81eab898e925f510fef7361e4c82d11d38bb0cb677890940addf76bc26,8.344650268554688e-07
RR_calf_link__C003,RR_calf_link,3,972,repeated_actuator_or_bearing_reference_not_print,True,True,True,36.75000183284283,27.99871377646923,27.99871377646923,10569.656178868552,"[-2.1749986335635185, 0.0, 0.0]",components_mm/RR_calf_link__C003.stl,f258f537234582a4b23203eb35f97ad5ecc41a6b3470621fb7f3bd1cd53692c2,3.8743019104003906e-07
RR_calf_link__C004,RR_calf_link,4,6,small_fragment_or_detail_review,True,True,False,0.17279572784900665,8.189089596271515,2.078722231090069,-0.09378762075615062,"[-22.866460494697094, -37.55350038409233, 8.622277993708849]",components_mm/RR_calf_link__C004.stl,99eb12b7953223c03d11b19987c25fbd8c03effc30d5df0e9535a7adf4ba293f,1.7285346984863281e-06
RR_calf_link__C005,RR_calf_link,5,4,small_fragment_or_detail_review,True,True,False,0.05427561700344086,2.3318156599998474,2.078719437122345,-0.0308434957204895,"[21.328668110072613, -34.6248634159565, 8.622277528047562]",components_mm/RR_calf_link__C005.stl,0818bd1b2b5455b8016f577796fd71d31ee42976040d869a0b562f9393a046e4,1.7285346984863281e-06
RR_calf_link__C006,RR_calf_link,6,2,small_fragment_or_detail_review,True,True,True,0.3137029707431793,10.039553046226501,0.966791994869709,1.8947806286936004e-14,"[-22.722411900758743, -42.60178282856941, 9.134096559137106]",components_mm/RR_calf_link__C006.stl,7652ce1d0b1139c1aaabc64258248cd60d084e833ddcb6e25c81a6590338d631,1.7583370208740234e-06
RR_calf_link__C007,RR_calf_link,7,2,small_fragment_or_detail_review,True,True,False,0.11597387492656708,0.17595291137695312,2.5227670557796955,0.0,"[-16.87802653759718, -103.39391231536865, 2.6697220746427774]",components_mm/RR_calf_link__C007.stl,0e49fe16b7ec03c5f9c5d0aad6cf839b2ed6a42a1209fbb3bef8778472ec087f,2.86102294921875e-06
RR_calf_link__C008,RR_calf_link,8,2,small_fragment_or_detail_review,True,True,False,0.03696698695421219,0.2706795930862427,1.63515645544976,0.0,"[15.32274717465043, -103.17061096429825, 2.2259392426349223]",components_mm/RR_calf_link__C008.stl,9c8b86d6450729f9f14a7d77d6d47dd419e3ec240ebbf3aca73074f23955bc12,3.2186508178710938e-06
RR_calf_link__C009,RR_calf_link,9,2,small_fragment_or_detail_review,True,True,False,0.18189847469329834,5.85382804274559,1.094270497560501,0.0,"[21.146874874830246, -42.25807450711727, 8.906104601919651]",components_mm/RR_calf_link__C009.stl,019e4d4c13640c806a6a636dfafd21f5294f74999a9f3700dd59f6f7648ec7c7,1.4007091522216797e-06
RR_calf_link__C010,RR_calf_link,10,2,small_fragment_or_detail_review,True,True,False,0.18189847469329834,5.850303918123245,1.1939024552702904,0.0,"[21.146874874830246, -42.2563124448061, 8.955920580774546]",components_mm/RR_calf_link__C010.stl,3663a233fbc73ff916f0a1532bbba105150e39cd9ba5dbf1146902fadd15ef65,1.0132789611816406e-06
RR_calf_link__C011,RR_calf_link,11,2,small_fragment_or_detail_review,True,True,False,0.10846927762031555,5.237888544797897,1.6560237854719162,0.0,"[21.247295662760735, -38.40971551835537, 8.724859915673733]",components_mm/RR_calf_link__C011.stl,45ec5947584ee3d7aabc2750eff5b84567d49050bf36e0780c445ca23d682970,8.046627044677734e-07
RR_calf_link__C012,RR_calf_link,12,2,small_fragment_or_detail_review,True,True,False,0.12428686022758484,7.569704204797745,1.7647892236709595,-1.8947806286936004e-14,"[21.25520445406437, -37.243807688355446, 8.779242634773254]",components_mm/RR_calf_link__C012.stl,9f6dc7a676f2f2fb710669d1ee815719e74d98949570c06b24b0f084b9332ebb,1.7285346984863281e-06
RR_foot_tip_link__C001,RR_foot_tip_link,1,1934,closed_geometry_trial_candidate_material_unverified,True,True,True,35.14472208917141,20.9801959009579,18.681366927921772,6620.069848923155,"[0.002709217369556427, 10.490103711107812, -4.822612274438143]",components_mm/RR_foot_tip_link__C001.stl,83df63a042c082e2974f1df6fe0f1f11b25baf680137662d2140fd97748fec75,8.344650268554688e-07
