source_face,x_mm,y_mm,z_mm,normal_distance_mm
538,15.754094265105145,5.0956130107342075,-34.887839016252684,1.5112719428139672
6400,12.195539850283375,10.89980544210515,-26.570017081617863,0.8001975296506731
6565,13.079329829002717,11.699294021655843,-33.87648409764061,0.7993017882190183
2261,13.266224581472711,-5.420362917570155,-12.10045324250666,13.49377047653902
4784,9.427219585665803,11.6399472238433,-36.969868972481514,7.935175503588173
427,15.955118221440394,-3.036073052040256,-31.46199942111482,1.490822560300965
2112,-2.302611827850342,-20.12753265815656,-28.22294959473163,8.423314889919006
687,4.466986472098572,-11.89165693363754,-44.616324086031014,1.0988257017138987
6258,8.1908447689877,14.14135183076519,-43.76414791016563,1.4779667301544797
4998,0.8673229688192379,10.690809225525932,-46.006995698306994,1.3698608525639477
6349,4.164997661289794,-8.335999087846309,-44.308164892470145,1.4556393066008304
2795,-2.3026122579018593,12.038549835482337,-12.440028663355664,9.905981548521094
2226,7.140562181780554,-10.458201492801606,-12.100470920454864,1.638439288484114
301,10.281385601939807,12.453902785512081,-18.232956207973185,1.5002279399418825
1853,10.235614000879627,17.419595310855364,-19.959083536471034,1.517371414470433
1133,6.118460256352806,-20.062289798412458,-29.12196663536471,1.489937279779558
2692,16.200917572796648,14.873306737069186,-34.07630627213262,1.4545329125105102
133,9.850084320244763,15.951696779807673,-44.549326714708506,1.5110906193273774
4323,-1.5131655866906266,-17.490342918609073,-38.160543911318044,0.7585537909463123
3585,13.753580948033282,6.262741833428057,-36.28075005894468,1.461505515936286
2508,10.925374681135425,-1.7744359367919618,-13.805128569966836,1.7050584846206736
5797,14.441699123352016,6.5001527998979896,-33.47442782652971,0.799764401151463
399,1.6075683071002032,-13.881215645861039,-14.401390637616542,1.4100286324632159
717,13.356046637609595,-2.6055136294286587,-39.916840103877476,1.496640953613844
3019,9.638318135545568,-11.0883153784654,-20.738819815016804,1.5067861766054227
127,3.144456155826971,5.409102636670669,-47.199775654597374,1.4767178439538506
824,9.656196698212792,12.219617687415425,-17.505891925953925,1.4860159548647456
4899,14.70326977583621,9.579785095754119,-29.14690445394581,1.5142477651034354
6567,14.08882522796187,11.698273850017774,-32.634869851538674,0.7984416016031417
4562,14.626584804883358,5.087310232236072,-32.87907791506487,1.4723689453247393
4286,-0.8576362704697087,-7.727314359017937,-45.522701222960606,0.7516192861588932
664,9.960597878541861,-7.367185221885029,-43.23832984752905,1.3857750517571337
3622,-0.32525683969142904,-9.158079620049728,-44.50768831639704,1.3603688431767509
624,11.467506244176196,6.120627800984032,-42.738971222759304,1.4491106158707736
4883,14.186119485049005,8.386867797927248,-27.00468510270492,1.4960131788281013
6272,11.318298531796415,11.166638597471405,-40.78158223717835,1.5043621323480125
4977,-0.8026121324318679,16.490495036864424,-46.15834002428084,7.893329622226935
4235,-1.4127905659661433,-19.806401410543312,-26.71499637430654,0.7624104051613814
4673,14.494751648627165,-2.4625813342784117,-30.427453775769752,1.490002409584972
2773,16.180964895819642,4.0330515629164925,-32.225060355740865,1.509989127240109
4435,5.488431071621835,-16.32541946908956,-22.91323817966851,1.092960075652613
3168,2.6373835305819417,-12.507694245184855,-15.323991515177267,1.4438848571199774
742,14.736936519174705,17.87521703801005,-23.07603107222023,1.502063096166212
3347,6.373625651080429,-16.96176802796026,-23.8012598887986,1.0837650531314629
3485,12.796687016062961,-10.782989195413647,-25.711931983435687,1.4950899581876609
4694,13.960388286113265,-3.8118188061548444,-34.311315933883144,1.523781138110357
898,10.09572804886715,-17.386142159373176,-22.220799448380298,3.74166840273316
3729,1.4191827721198216,-13.733941838500574,-42.10115448811436,1.3716264808775
6581,14.163230729092119,16.720294128017496,-36.573054347814086,1.4525434250668625
1699,3.795211503212263,14.394288040198568,-16.06685267104391,1.5027514626441572
4279,-2.0137102319345472,1.9880763026061674,-46.57790943190253,0.7812828750122436
383,10.35586094245043,11.179578490523346,-17.903814174036174,1.4873522475811398
39,3.233453583439544,-20.05604854911555,-30.53030155812145,1.3578165731802114
2366,10.845788797993817,12.934682195243532,-20.926709636171495,1.5042238422162668
1128,13.269987185653704,-11.665930821284944,-37.6568045619139,1.5024037583214092
5394,8.804092419268121,-18.39890967955829,-34.4670114674592,1.4906470166395982
2320,8.259326360353805,15.668239742914718,-18.561336743652316,1.4949499063459044
181,-1.0619021118005245,-6.850297666301334,-46.48686364614741,0.7594356837343003
2169,13.88430635953917,4.083049704996719,-15.631777230642147,1.4987252908534021
111,0.38235941842971055,13.101761627202121,-47.42598022380703,1.374315039111976
626,12.089060183746676,6.706420222906308,-42.11095807959079,1.516466666981183
2800,-2.2200730881947637,18.310019616973104,-14.711456986870324,0.7870151327672202
6568,13.18360496939387,11.699818766252209,-28.95406294955368,0.7997164550913027
1798,11.0,8.750401889589806,-24.173147959040413,3.7021445183560444
428,15.916302915089105,-3.299464310244569,-31.910517424246976,1.5036354448004416
3671,4.506964225473118,3.5544240818864403,-41.86458377111937,1.0795672423444718
2220,7.782963967524804,10.064443683376178,-12.100470517357474,1.6498063571267791
3299,6.814627783516972,-13.555817204207743,-19.9831214727325,1.0459363066400882
6548,11.891269285171607,11.699965667617896,-31.49256842299664,0.7999677680015636
550,15.21790218553689,14.939216628803385,-24.723319191362748,1.5095584739497683
3370,-0.06912924266998843,-18.746055089038492,-30.97627760075808,1.3767740291876847
137,12.523710564131054,17.409024278401976,-42.29435332061804,1.5290207517592669
1349,13.325668808988251,5.839040088881617,-20.35581483551298,1.4947740018763043
5026,-0.6388136638480569,6.06206088590422,-46.00202390236728,1.3752906980352797
621,8.864004891111627,7.706441751602915,-44.91120415783457,3.3805586794008553
1815,8.274349415517676,-10.939846422365006,-18.872130776388744,1.5005667896222066
2663,11.826245677951833,5.274333215126965,-17.023704785604426,1.5015606205191796
111,-1.8341206172423887,12.79639298429003,-47.519713965001756,0.7724139893954183
6503,9.00249148130009,-2.9151313081815826,-42.765392822053165,1.3609659087595696
5626,-1.2077013121731868,14.317565043834652,-14.34816394668477,0.7637561583813137
263,14.8276990470542,1.8371789629676796,-24.478713138207148,1.4988226072627593
5569,2.955618474070941,10.573355855715313,-13.211954996317932,3.3450599511006662
640,7.172373320976493,8.591072109369291,-45.88879556925609,1.4058121318527428
3331,12.550066046381191,5.306963122177255,-26.799996096964804,0.8000042845094301
4277,-2.1308282708804698,-19.1710378589271,-32.53784208005268,0.7751849253387921
139,2.809890214166523,-5.273727378839083,-46.57786710867547,1.4204187036478841
2066,-2.302611827850342,17.461260718804365,-47.5089334318218,2.0332870787231094
693,7.226990924309787,-5.20025735476296,-45.26250152419668,1.368900845801187
35,1.6636211353421007,-19.626803776254647,-33.43113784363913,1.3703249253493917
4692,14.094922530004453,-6.11931680741541,-32.709623026755956,1.496817201988888
135,12.372092576262286,18.08710958704591,-42.52863005031802,1.50385746684542
621,9.167112211669803,6.398952497135456,-44.68681120068903,1.4037113654865798
152,0.76789543953107,-3.0189892884360514,-46.94789112846642,1.3794511955340545
5498,6.68297665294185,-19.653843321978968,-23.323622280523026,1.4820412368964535
4768,12.40599097267689,9.519999504089355,-26.038278005820228,0.7999315409557964
2292,14.77273989980252,16.71095278600162,-34.51243533156568,1.478734175944925
583,14.658092677757928,-5.780507451529013,-36.592555348595894,1.4740521913422937
4717,13.94923051496506,-5.907690782891177,-28.006035265131477,1.4999665317718949
4705,13.409466298581739,-10.147227297411685,-33.61019316859332,1.4964065530462318
3622,-0.7796797752696538,-9.337287679909155,-44.461631042470664,1.3671075401093185
2642,9.842311151858494,-8.053768462055952,-13.78622299503457,1.6860496755444716
6248,1.9559446125524962,15.547584093655558,-45.97850009562532,1.40794313752045
2228,2.946055414555005,11.088187675332673,-12.10056753395852,1.5652827212619793
4954,-0.8026118278503418,-17.138332841311826,-19.83053092660185,8.333561927446103
2691,16.079111132097097,13.386124119884535,-34.37072304109289,1.4663702269286971
113,-2.1903831083414897,17.707684047964,-47.59645126996693,0.7827565625000845
1578,9.234837810932973,-11.45518680258584,-17.677134212090923,1.4942115060895766
5956,10.89616023092864,7.299999713897705,-26.456208346771124,0.7999997138977053
1803,11.617647931161802,7.241087610747021,-21.430549230544763,1.493051256175126
1270,14.267762142431135,2.653959345925684,-21.695193061141012,1.4930560941989872
6198,8.341092073253073,-9.047921723090617,-42.42751269497761,1.3114469666089372
2059,12.811103422473003,-6.33859200890825,-24.684506672268032,1.5103699097296202
2428,-0.6455292268834809,18.57070541381836,-15.239485239340226,4.181462782900028
2370,14.471478298207801,16.18043128783877,-35.09994590048189,4.161875111139257
4656,14.489799519111074,-0.5505092064442796,-32.44107836456588,1.5140338183618505
4587,13.149359371689266,7.070118858036625,-37.16010206025894,12.000104591517232
643,4.534187508719614,5.230442984081856,-46.87112664452455,1.4517636474167062
280,14.211943452578618,5.54063051814301,-23.21509574742142,1.4898871936901286
2206,14.009415428583669,-3.413125674822579,-14.499747362248263,1.4519916087205635
2043,12.575870308754322,-3.23257665368025,-21.19196871387114,1.499154950177204
2959,5.720237037402678,-14.043150538458953,-18.98834660988462,1.5178849794399363
568,15.37118250123461,-6.342111785574277,-34.040717389750846,1.5046730249340121
5826,3.7135044401119948,-17.814269707583136,-34.659403522968994,1.3903725982955042
3027,13.924880495962764,-0.5676632849649256,-26.77299286317557,1.498748983094104
4571,11.672886459314821,-13.885984855063036,-27.599997128783798,0.799997891864836
5880,13.899392273782652,7.300494562415697,-28.28252127875856,0.8010540919108363
2067,-2.302611827850342,15.387625586327921,-47.42169356861777,3.4059562529996286
153,0.35422482220122564,-8.733976281621919,-46.027305039012994,1.3778749509504606
494,15.004248764113063,-0.39856255098403337,-36.67921975302973,1.4924691165557642
132,10.267176330323483,16.698197489691278,-44.280170611062914,1.4879762168033812
719,14.538938887681125,-9.463426280454525,-35.72195528836203,1.9142890315258672
6419,12.128833594524853,11.699999809265137,-36.84204300315808,5.20000014912045
4642,12.830369855190522,-0.7550265954971616,-35.099998474121094,0.7991073496052907
4437,10.286228434335861,-15.04508639923996,-23.043944619956697,1.0574833559255563
5828,2.635877711406648,-17.482023814630605,-35.987721264174596,1.3788488311023768
4237,-0.8710190986539175,-19.784553940862242,-25.15651230002482,0.7326831823980084
3377,4.714345512221984,-16.094203462314653,-24.13031253563105,1.0655824044800133
2313,14.505551582279598,15.136928342965524,-35.05466108051653,1.471576497661974
655,9.210191688435803,-9.745823595448964,-43.265846585122496,1.2670665534376193
2605,4.48805994108897,-14.314582838923346,-18.619484475248264,1.4974821083356347
1308,13.475728074610654,-5.547281188318042,-21.525896901260623,1.4933214569303936
2356,11.330086677654942,15.451165213720152,-21.313586499363147,1.5194974999739805
2842,11.619405717343529,17.795201127174636,-19.127389863656933,1.5011775746471123
124,-0.570291023056321,-5.673431544002332,-46.66631278931941,1.3769642358192826
2359,8.811070161464103,14.59085628827438,-18.992362417029437,1.5004732128550438
550,14.995567207487367,14.665162420049453,-24.279882804187455,1.5036648332713944
1810,9.921384981651245,-9.517603099030204,-20.27846178392229,1.506660993224312
2261,11.463235113090953,-4.18635594602359,-12.100380828011636,1.7140979074703255
1286,3.6864370427611064,14.191531742607403,-13.76513450310096,2.3757820293765453
5423,4.702383303420558,-18.074481972266316,-19.455684945476488,1.8144861988477565
2428,-0.3266941470276089,18.57070541381836,-14.83289602242505,4.663005883521905
129,6.341760781573962,14.382311779752559,-46.397626196257974,1.4830125492281516
2262,12.207443365918314,-6.433583744461731,-12.100436387583388,11.22798946179106
4361,5.891258429721282,0.8986337924705652,-43.989004522176906,1.0513668023488139
2203,11.697812634492562,-8.288118358185596,-13.687983782510653,3.341649401280843
6548,11.664206933916816,11.699972157297154,-31.21918764946939,0.7999735928213876
4572,11.898369788580617,-1.1800736304450332,-27.599994621631165,0.7999954795778315
5806,12.636483059784144,6.499967473713762,-32.46801206177042,0.7998326855891613
8,3.3762585454254044,-18.503919021342305,-19.69068487311086,1.977637390865829
4497,6.441942210233136,3.910876877443523,-43.801213317842155,1.0477815899219218
5810,11.937343924037128,6.499721627644835,-29.07093961685942,0.8005553716473823
464,14.503180734406465,-9.009352374295947,-25.407278851993905,1.511937632207905
4921,14.615917498703675,10.13582213153507,-28.48707093040808,1.4768396735769715
611,14.969112704827268,-8.046726487089586,-34.94644947958738,1.4942798165396283
3345,-0.7355088603414918,-13.04792222888608,-21.34423148711461,0.8534609012593798
2601,9.785600622145,-8.34917641576772,-15.601408069411132,1.5025722196392293
118,-2.106174334214437,-0.15857186229624157,-47.27923822289611,0.7917035595513456
4563,14.64926083464367,2.092354280148185,-31.772170405366758,1.5077015092911639
142,13.722475424930222,6.789480207385619,-39.812004954364106,1.5029225629863256
1257,5.5319977985906625,-13.132348579460373,-15.11032235614119,1.4961907673518609
4519,6.735424341699198,-15.529225145481067,-20.23783412862852,1.4919765057335208
2273,13.860443609073362,17.931149226201157,-27.596977771701606,3.3441265469602155
133,9.973120950185201,17.497545022696322,-44.570412170288435,1.4921349098031331
4884,14.093399466026522,8.090054604827943,-26.70394948851387,1.4933789082229307
2176,13.038813873434922,6.215002364008019,-16.934383150431984,1.496794133210509
4477,4.80285018993338,-16.775616476277715,-22.565195752607828,1.0379677727738446
6342,6.929663263337455,-6.789737709249832,-43.63117501785122,1.3765365619812557
4359,3.242871805434101,1.2233134483534913,-43.2656402970086,1.0785520461830793
1596,14.746459960691741,-5.835631809891425,-25.339939686524538,1.4941288829298909
1190,10.331045142301463,-18.697989142306753,-30.24966723500839,1.4980858941909783
118,-1.8354701653569523,2.093838654655814,-47.35687572815119,0.7769240736608571
703,11.382628066198926,-0.3306254873667994,-42.6217999783861,1.43294618995443
3650,-0.7896299979087141,-16.365732883720217,-38.94445607994311,1.392678753002493
4233,-2.0585018657030747,-19.6617453280167,-29.083669761093958,0.780109491346614
1736,9.016989234431726,12.089931834141398,-19.0476309806838,1.5171612937829948
5407,8.332986503076954,-18.005716514759545,-36.1677397704533,1.5043313840650088
2345,13.413895259462006,17.337254560860757,-23.92754798268318,1.5034968477190873
6212,10.913394452245708,14.136598112705443,-41.427880999692256,1.5324219475615752
2171,14.223715703383043,2.441212474488207,-14.670460988059727,1.4548350651333892
4298,-2.240570518544404,4.090513140420046,-46.63608451587403,0.7787618131082679
807,16.244596274104318,7.471095298034481,-32.04258384752726,1.478151152387965
1365,9.09561515009654,12.958383702928497,-17.169539584371993,1.4998772582470472
2773,16.09672600799003,4.428198938957322,-32.860887138696654,1.4765657057647656
6399,13.758791632231274,10.899971780700763,-28.163698356446147,0.7998532825782846
2223,10.298649455351555,7.973978313926768,-12.100433684021585,5.888961895517512
2301,15.226151538981934,18.440388497762058,-28.859185764607307,1.5196790194777952
2224,10.454263315267351,7.105165755364645,-12.100413855633075,1.6964163599784514
6023,3.544943230086035,-14.859001267931202,-40.71301514255076,1.4702721038556632
3302,3.164725043921948,-13.12325804480319,-22.358182190321504,1.0650320016436847
4563,14.54436907273167,2.3278037751826854,-32.90631561021073,1.4851230152682156
5887,14.54694377743261,7.299984188003456,-31.005675643709452,0.8002418166429757
116,0.06019096433818072,3.0664513560410267,-47.300769610523396,1.7618956540424244
5566,1.0757636349290864,10.942860594692595,-12.634508306108975,3.0212825031719124
4225,-1.1659685615262767,14.153247583071298,-46.750651147993516,0.7543754516233446
2076,-2.302612106672828,-3.1916815832395313,-46.72209640144103,6.241860461881658
643,5.103028996209973,8.557601710337316,-46.74630044393486,1.4517190846168273
2437,13.310543553221954,13.417605081543797,-35.89999762475742,0.8000354798284819
1185,6.672591386558863,-19.830996241061328,-30.239800768552573,1.5068659982486785
40,-0.5548887323097429,-20.137742885173548,-31.130673704961843,1.3820686564788311
174,-0.6316308775496454,-18.165307418246893,-38.420011767694014,1.38452941572888
4864,12.501929182432232,8.72004936620697,-34.77699492776059,0.8000591649421245
616,8.306831862015784,18.210361444506674,-45.66032702621475,1.5084036567864494
2841,12.185060573742195,18.230503675538603,-19.639595427391626,1.4933481603627183
4827,9.589131757174671,11.461672579804135,-25.21525076924228,13.174094090215554
2692,16.313490585835865,14.338944022794113,-33.40903869068744,1.4643673556124142
2794,-2.302612082219124,18.518301085091576,-15.115694106450203,6.433429393657891
2660,12.415000890285738,3.7667247964231847,-14.484282751803576,1.4900501828209398
6392,14.249049100953567,10.900043457610554,-33.99307015656643,0.7989026202620441
4647,12.036261372035979,-11.34930077734291,-35.10002777663669,0.7999729056910508
3348,7.807411987025356,-16.861013318099193,-23.860821499535525,1.0633318053301535
3504,0.8832540854429688,-19.10820750399687,-25.512036549303545,1.3691142963488772
39,-1.185059015332651,-20.124363943495474,-31.41697847489973,0.7562379876871835
6408,11.250311482940432,10.90000057220459,-36.33481933354713,0.7999992370605471
4698,13.751185974998718,-9.78823470562071,-29.363161071833986,1.4997045288117403
2595,12.996949203005379,0.006398462852614733,-18.205323915711165,1.4979408902649456
4236,-0.8960054071929757,-19.79539000453247,-26.230924294468892,0.7615144744336199
5650,10.954159155339543,-0.9896606476097136,-13.495838236865893,3.4835831717072097
2517,11.992686152680744,2.259432706578692,-13.823729937847306,1.7236112500413954
1798,11.0,9.0671661544507,-22.274377894554263,2.631560653301807
1804,11.531041303291207,-6.6773051210996766,-21.685963947755322,1.5151473718369697
549,15.218061476384865,12.565676681873791,-25.05623013781502,1.5154627896867892
5913,9.94996800379667,6.796700700426749,-25.15999984741211,2.0368576704279455
4849,13.850200703897222,8.69099220351923,-36.163222298921305,1.4914445347764946
4678,13.535984013071083,-2.7546007465039204,-35.997222990942184,1.5101652789727082
2214,9.306854996949317,10.870896901021565,-12.93596199054791,3.3433444346593055
1542,8.192043107786471,-14.337383031681245,-18.65799543823605,4.326399102143881
5397,8.860178153557271,-17.370014622135578,-37.06913903613191,1.4642544255689331
559,16.321004781847805,7.783414378427736,-30.953295014790218,1.5257191221544422
158,3.6931348632261423,-11.072109018306605,-45.109314642677575,1.2537875925717292
5375,10.38500028908216,-16.13264041076626,-37.79660481979539,1.5139036572893803
3339,1.9608056173751018,-14.284029274581599,-19.39028578016194,1.0543645767839234
2450,4.842181885911918,18.57070541381836,-15.601207062911023,6.150602232670956
2560,0.29043506734068025,12.420000076293945,-13.993992856986239,2.5161923236729886
4686,14.582731894798433,0.09417297270668146,-30.13516561500598,1.5107076764651683
5122,-0.8026119154987887,-13.691799216737483,-16.072308802076368,5.846863297364285
6244,3.2192309467562517,10.06395898994381,-45.71889166420378,1.5168863430137687
349,3.7251179525944687,-13.649369864121315,-14.349646488286291,1.5052897917326493
4853,13.52998511355729,8.719891526919369,-31.92817070699906,0.8001075402982604
6254,5.979885361896418,10.014591697916755,-44.904404865001666,1.4260941006336032
3401,11.778854626129963,-8.14071193434922,-26.799999237060547,0.7999958980491082
2732,15.481320261599862,3.1621412795849473,-35.64312167362925,1.8511609568426073
5867,10.219939122461534,-17.18284788588159,-27.030589464915327,1.4962210526473902
111,2.3049382879529974,13.894675256123769,-47.35059457692706,1.4207276067757537
8,2.290935643396085,-18.29988619551692,-19.371738982058332,2.013243902460116
493,14.968971043975193,1.7990340029843703,-36.99597216718616,1.5159598204769758
1446,13.89415831930832,-4.043821455987935,-20.617798784642925,1.5002475274912295
1466,14.455258344524722,-1.073664418121958,-21.202970132216734,1.5022025964041892
1908,10.698066323166293,-9.537541254691318,-21.59248745687146,1.5017823196671949
742,14.966443558592548,18.52562015368334,-23.347765946065344,0.4181977449713506
550,15.152649265054013,14.48643245031759,-24.639726693401812,1.5043748822683736
5069,-0.8026118278503418,-18.232838171648446,-34.29238880519039,10.135688335138193
2168,14.48039895439994,0.4950279791673227,-14.059275773602415,1.493156125467834
2277,14.119099234809745,14.902435300727719,-26.800055297534236,0.7999739149707475
705,11.370270920357427,3.0953255968447744,-42.764394821796685,1.5272172483686643
3302,3.5336538664784864,-13.23288076284286,-22.568040242584814,1.0000621044678246
6245,8.095252865005277,17.157688411799175,-43.9715105714866,1.5142557262004939
6238,4.696966475650564,15.787430531401663,-45.412893619118286,1.5372870879539333
796,6.622532510838959,-1.7896126001874604,-45.85022242015957,1.3616957507303624
789,10.341462924891392,-6.112862696432055,-43.08778220338459,1.4117690154774825
6341,7.165982277108803,-8.054275811805509,-43.28542415226756,1.3604945288966632
2436,13.74229977012817,15.11392271457228,-35.89999523157555,0.8000398055006092
6196,9.266974251823433,-10.0650382547092,-41.60113787097356,1.2206187991666904
2517,12.414525905118849,2.507369241565479,-13.831082323271314,1.7309460897702615
3741,11.399629929148425,-14.578818185687208,-34.85237686018442,1.4938106599169378
2538,0.12520580271521856,15.207301005713344,-16.450000689744062,2.208702119804391
4584,10.210667091119591,7.27300953055898,-36.88699070789086,1.0932022995614656
2262,10.305956459977388,-4.522585019490686,-12.100359974609972,1.6939468403094875
3863,13.276476934925231,-10.884806377320576,-33.499413156410085,1.5023019299437848
4673,14.543497137908446,-1.3785559175945057,-30.72195842582257,1.510397886860715
643,5.107727714871526,5.963629902611085,-46.70526245902086,1.4352950263113387
2168,14.491268264064999,0.22280975881751874,-14.213973691989509,1.497503810540729
4881,14.63409212053769,7.404489877383858,-28.90499192788554,1.489539198257053
4497,5.265396411652153,3.8994157210320286,-43.7621850797028,1.0361059024855435
4790,10.596350570283226,11.212675666313189,-32.747284280606806,5.638479784965633
115,-1.6942480048286386,6.393936604518162,-47.42725663093219,0.7641832432240107
4652,13.437421239110364,-1.6658228278398508,-35.099998474121094,0.798858725841563
6589,13.250331042980633,11.121458566740078,-37.70327804969933,1.5068326529684268
959,12.941430754089884,9.880660077908285,-21.239339391455427,1.4965653456480446
1278,14.493500764118416,-0.9423740984467908,-22.463688641719866,1.49720836637565
1080,13.13695556777341,-14.223816287739389,-35.643798388664536,1.4891951364191582
6307,12.25466480280653,4.750601344863277,-39.268711351872405,1.4985969271560855
2661,12.230085843064243,4.291908396912172,-17.542477834666315,1.489134116586916
620,8.70465426181085,6.785469273322519,-45.00121621289956,1.398202826171965
3797,3.275655401713936,-18.970334258997678,-27.826345713141464,1.3747622347370538
46,0.8577385041313254,-20.48885210486594,-25.71303943393862,1.3686618486919069
2725,16.25608447820252,10.407539972342413,-29.22004853293091,1.5243001074302018
646,10.227563015551144,-2.504276115894683,-43.54291840547822,1.3799274477161807
2188,14.481548315110784,-0.4876780102647761,-18.373461502491658,1.4974010112768166
6197,9.18084407725398,-10.656323161658733,-41.58164265821777,1.152844888338607
4563,14.679002680083856,2.0908665832990443,-31.47098489669712,1.4938150731238196
343,4.930951166340606,-13.471514246758712,-15.412528098192524,1.499995982260164
926,7.366460423256964,-15.408526298213758,-18.627439160503883,2.1339498413340903
6034,11.140780425644225,-16.178495274754475,-31.426565538489278,1.503618063297368
2508,10.987403091351048,-2.0897763787237564,-13.806210956258978,1.706134437477319
144,3.5173080060059307,4.23755243610712,-47.13622336402058,4.718671530072138
625,11.99801810832237,9.036517823647918,-42.27393568785968,1.9660636663826647
124,1.8226773549034647,-5.394086652973385,-46.59590177960818,1.3757586027443554
2842,11.590568938534718,16.71816580406784,-19.245406927595972,1.4956812877447432
6565,11.767712038576189,11.699774738970238,-33.893185968546824,0.7997780653286536
430,15.72582079129895,-3.7664927966759176,-33.30621091101996,1.5125767314544611
2724,16.308194080791992,9.504812882540065,-29.96218625436967,1.4935527054976683
5790,9.107643461528982,-17.09810842141219,-32.79021018517652,1.4812652759129312
1135,7.927840345510646,-19.76442072859481,-27.715097604111836,1.4864553439641104
227,15.178003638988232,-0.23112556409416776,-25.70831151820544,1.4981847593583055
6195,7.747455456884406,-11.123865962324565,-42.46124563640165,1.0848326576348146
4660,12.993396891471843,-4.918641212496491,-35.89584388876414,0.7958541167810131
1575,10.373560609843263,-10.475242710345551,-18.540338102165908,1.4930980050748843
3800,2.0949150254980764,-19.069576056210963,-26.160264330192742,1.3701380729224213
1910,10.359929792306497,-10.108350659890345,-21.30535032985391,1.508338960631045
6339,4.757929396568326,-7.870674922887899,-44.26191778665155,1.4296121306412444
5393,9.772970783609322,-18.035080029535305,-34.370094401841875,1.4953282235670549
4545,11.255418695509345,7.278720052243301,-37.07500127842952,9.191126815754101
5838,7.719558516865449,-14.950231454074622,-38.96942206249964,1.4881942223253604
5107,-0.8026118278503418,4.5721829064486315,-43.93110114230373,10.933898284880083
3334,3.5492097729281555,-14.754427981483667,-24.05334812215328,1.0596545704598446
172,2.381392951622861,-13.860359443665907,-43.69366160476022,1.3903851198040158
118,0.6054865312681106,1.8154264909176694,-47.24221470071361,1.6153383176912928
2176,12.984216247886778,6.328338093479347,-14.618566811409195,1.5094004714032894
2970,13.807522937181536,-3.0809662443773482,-26.743260804378853,1.4994693353501227
1866,7.748277905550806,10.886713408287376,-16.510539932154664,1.4830293555676664
4815,13.106474462428508,9.520232419674748,-35.04882178001451,0.8000800686716073
6393,13.456454619371614,10.900013024558122,-36.151636437392376,0.7999868246515563
796,6.1025885265988675,-3.9763120779819534,-45.8551445101793,1.3653203834355208
25,-2.2514690374459834,-20.539730255172667,-24.80300762817192,0.7725451751113528
2685,15.01413064678093,14.799281447081594,-38.00028545238413,1.538183796836036
640,7.232195060532332,3.4767242138072874,-45.773693580278206,1.3664268407887445
2480,8.86604992567876,7.132053178494996,-13.769163967802507,1.6690075064135423
113,-0.11321285219215615,17.719009116405218,-47.505680436064075,1.3777093142797132
2192,7.0002617627309265,-12.36259851100229,-12.635432088449518,3.24792177223309
6393,11.662433829628636,10.900038218312563,-35.27623044676061,4.832487820863915
1227,12.197044017067187,-13.6467944985293,-38.13348064529518,1.5054998773261512
6199,8.341247323436887,-10.3706381124212,-42.22043667818288,1.1952660860263482
4659,13.306721087580154,-2.863138449529399,-35.899103193705976,0.7991051209487436
1974,12.478037518167543,3.6506978129539127,-20.796884197456237,1.5051287641469806
8,1.6264696216483063,-18.428719269426413,-19.48322978526112,2.058337815501306
3641,-0.6985058290044593,-18.74359344454295,-22.907542174467473,1.3873661478995145
491,16.11540534087241,1.600122735981597,-32.33046337916593,1.5320436118232832
6495,10.636036887141394,4.0464420560306555,-41.44333180125939,1.4683948165743193
6123,13.418003709399823,-11.587158332092587,-29.1827231896041,1.5019076739332686
4287,-0.8097145595690316,-18.8693777294137,-33.864409575190315,0.7528738343161637
819,11.056410327404633,-2.982897170115642,-42.774748618157275,1.4143235960768126
6444,10.83843018902462,9.27780527065839,-37.35875505444739,3.7578817965635656
1156,6.163245193885919,-19.848533180799073,-30.72673009477424,1.4936241446473852
5538,10.332616116098833,-18.411273335379565,-24.391405478842124,1.5090032866759036
2668,10.874894278502127,6.946474942294082,-14.062275122951874,1.4724318021119365
5880,13.914388539133418,7.300153688311484,-28.803587847215788,0.8009978522296454
6244,3.750848597012117,8.855023107615335,-45.59264261718078,1.494743165830656
2769,16.157807735027262,4.649546967967247,-29.31216202931791,1.5040245671372452
676,9.451000442798847,-10.452368420176946,-42.91245712341521,1.2131663835709872
937,5.1788206899229134,-14.26299464715809,-16.898681010662383,1.4977133265712
110,1.2173371035315075,12.447215917742422,-47.3821600742576,1.3746701939647785
796,6.083346158299842,-4.835504282147894,-45.785655174518425,1.3610146349507761
5993,9.076061846119828,-11.549523771143901,-40.76288198266218,1.5079004784883676
4587,13.340755102989913,6.614142333607841,-37.16012611179947,12.00012808116333
567,15.301150021214779,-6.187064901125352,-34.465953308454296,1.5136021672998234
4281,-1.7960523443105518,-1.5082560314539026,-46.404678172782226,0.7681479760506409
646,9.787194646473349,-2.250232693637594,-43.940097939680044,1.3726284302383782
4858,12.553521604466006,8.720031088118214,-29.768315611985287,0.7999688315715596
3747,12.013063474098054,-8.495336977391805,-38.21168696005558,1.5007171367175112
760,13.656355555577068,0.8720818798884322,-39.700054384893406,1.5070606884557958
1798,11.0,8.822010002206824,-22.640244437555488,2.856878924428945
5092,-0.8026122904321362,-12.528650279595093,-43.47382780079087,7.908879955917084
2208,13.603385835432622,-4.885974867285288,-18.417273773966865,1.4961877076006223
762,14.187094620485944,7.066200318823399,-38.971725015917194,1.4998369852970987
640,7.4068512432061855,3.7774003175012423,-45.687532046411135,1.3636411468397793
6188,6.541778935304357,-10.338774742200034,-43.177106306187575,1.231158072753263
4694,14.196697059834404,-3.2349261075303857,-33.45775566715922,1.5100193395798078
2848,9.895796137937218,18.411462446477444,-17.654853062298457,1.5179496422412206
5801,11.252922335836,6.5,-35.77900971323244,0.8000451973603065
4686,14.59043233282485,0.501272482207063,-30.029335532726254,1.5110546194259702
2111,-2.302611827850342,-19.704894080885033,-28.79214491180256,10.19289393456395
3667,8.668146881914545,1.3662773600050264,-41.832282914792025,1.0884612047623354
4657,14.646718589104186,1.1718726326384978,-31.47184840364263,1.4989843713494608
32,1.1399284606679718,-19.155139057528878,-35.396229966195214,1.3582489144634808
5470,13.213045563742732,-12.758096204032796,-23.636469359319992,1.5050496866857956
6107,9.4040979088158,-17.650164564097388,-28.24661250241802,1.5009914453130666
4707,13.638266143097018,-8.566892143010865,-27.65718521260883,1.5058397825307723
4855,13.23083866840888,8.719918709509413,-32.800668341103425,0.799984867595479
3083,11.94974947346596,4.996897997536174,-18.755792320107968,1.500442651779794
6046,9.865856016579656,-12.416423680215985,-39.45222153029329,1.4897969718424577
1055,14.763268561999297,-12.377302963055158,-31.643947656000016,1.4969743733510577
2255,11.374226003140478,1.4489853168158344,-12.100341773428307,1.7126058726403561
34,4.141574090244329,-19.469464268549892,-33.660989745363054,1.421840894744804
1046,11.991177992979981,-10.667012459200702,-40.280966793147584,1.4698648344455605
1454,13.221571857223957,-5.830949495625583,-18.76299141909899,1.5065159201705756
2084,-2.302612036771207,-18.035671504229306,-38.02928919858168,7.4075637988450715
5668,-0.5097346356937562,14.033493517164706,-12.531212798153234,3.124387673579077
3672,6.91967487258684,3.4397033273072273,-41.81747056611779,1.0808908583136227
6009,3.607581386305221,-18.82969290228345,-24.40251985511351,1.420003288987377
169,-1.8567125257191406,-15.118381252402518,-42.904177543051915,0.771788867907138
1347,12.668394280386012,7.124403238557468,-19.24938127882049,1.4926401005744854
6258,7.94687675252289,14.401026237825702,-43.936257283647905,1.4709848834286832
811,5.64688035363953,2.796507061234327,-46.44241795047098,1.3936534439085437
2269,14.492052326437978,15.513187407216066,-27.600033623727093,4.425187555758805
430,15.920004320145722,-0.6957824618942656,-33.154930421627405,1.5111516467225428
6188,6.327604236787116,-9.364133449669708,-43.45587960375696,1.3209835204936689
1265,13.45546864575047,5.372223492656701,-19.89990557687786,1.504197772208403
2614,6.585187981905496,-10.90634194137492,-14.07514860361161,1.4813937938361572
3255,5.465837811896947,-14.229750990229707,-18.997710441886316,1.7215620015042523
5087,-0.8026118278503418,-14.959654818860997,-41.79960651784174,7.655265920452718
1089,14.528638321028188,-13.482993970070066,-29.81286382284696,1.50599494530371
5839,7.680617054727925,-15.519476531419048,-38.12847544046314,1.4852966502802791
832,12.869301993791074,-16.784639564633434,-28.015005945103745,1.4973179860317518
4609,14.54835364535265,2.725923798718418,-29.083300333102684,1.5158163459183198
4605,12.263818765125343,7.588305492058453,-36.36000061035156,0.8000329337579964
3848,11.741744156097935,-14.300508174250822,-34.37500365759423,1.5246831077624405
6032,10.986723288592536,-16.181768901587485,-31.956527172250865,1.4939597883111926
5392,8.912624189428723,-18.898544212679948,-32.28308292089367,1.4901450144980992
2723,16.36730629105923,9.984698476653367,-31.044266539077945,1.5297032167737863
2259,13.985170121095317,-3.295205485375162,-12.100453376954801,15.49954701608428
978,11.515170722320685,-12.546697207670784,-20.98488930286859,1.4972211227975223
1927,13.318209756100197,-4.802521056202853,-25.626003738211672,1.502438053242924
5648,10.662365553546497,-2.4213992131545097,-12.160729947848697,1.6410458699971706
5065,-0.8026118278503418,-19.226419402185595,-31.08076602887997,9.470852174736894
4781,11.185828202806338,10.368461874459065,-25.5721817437458,1.4473877424848018
4496,4.176768200609525,3.8051951017389865,-43.537132569271165,1.0548579236811726
109,1.165272390934914,10.648076158502251,-47.364691809455984,1.3719904657354656
5828,3.1352929751302807,-17.379929219427375,-36.22688895627519,1.3775067487378982
2880,11.853946957746224,13.147221698841769,-19.80009989673566,1.4962536492888656
6425,11.499999046325682,14.583719993157175,-26.91924104956165,4.477469899133717
1398,4.611448256058399,13.402742857904034,-12.774939506266582,3.2560942601326266
6213,11.667983297073617,14.058737525044057,-40.54309978245287,1.5081157509690093
3663,5.654643178386701,0.2875846784391263,-42.72248581302761,1.0734676721745733
6213,10.948342878505022,12.105106314459764,-41.244858410110126,1.538468050726932
5668,-1.2179955567256104,14.030655981703786,-12.393718651957917,1.7014588949310439
2962,11.036743537692074,-10.860636322806748,-22.41896659904328,1.4944544308887848
183,-0.5622058862849876,-10.46624795130308,-45.522650876598135,1.3459000242476244
6307,12.263346712143996,4.9558928178257835,-39.26128996020662,1.4986118491577065
6398,11.932722070366063,10.900057462986533,-28.16913263165718,0.7998897265870244
4605,13.22394057528493,7.48845584433405,-36.36000061035156,0.8000948068386465
5867,10.605650454217788,-16.964187472984484,-27.82421622982691,1.5033510021003147
2203,11.183035127927932,-9.016183520567967,-14.817649982181331,1.4887523582317432
3376,8.171742956930593,-16.494907965684067,-24.011780199349275,1.0395611903989925
2516,12.00949891573971,2.9061593470299254,-13.824026474821556,1.7238998733365443
2197,6.243776345609479,-12.724000396230212,-12.196225939666183,3.250904438027081
4506,3.3450350835171765,3.1400617582638137,-42.881205160575355,1.0973293563140356
2255,12.749417640634139,1.2618002458481983,-12.100391934845675,1.7365177856767309
1632,14.58066284181336,-4.4875911581256425,-24.64854998707114,1.4988419411785234
4320,-1.152753219651878,-16.583704015022807,-39.85211968831645,0.7572037985812595
121,1.122005247982262,-2.118322951618155,-47.007804738432036,1.3865493464180634
395,0.7855811598546127,-14.305346828854168,-15.693690627052808,1.364870589843664
2837,14.382353826144895,17.69207990973133,-22.521827978760683,1.4986394046416207
5360,9.784940116916864,-16.938588776264375,-37.07309058444418,1.5035447635395096
5401,9.247443002690906,-15.594474394061468,-39.6523525500521,1.4980962687869424
4300,-1.9230770702041178,17.832712186038012,-46.80948696750637,0.7764500834377723
2797,-0.3614460948266617,18.560545868678798,-14.805358644953415,0.7252941891776105
2594,12.987666255811202,-0.3644553322084143,-20.524051278827017,1.4991613396329548
23,2.4899788403265783,-20.091258488523714,-23.12166064189414,1.3654920272000663
3620,0.8634347588551038,-10.12465178363678,-44.26901752867374,1.2518853722727792
2183,10.454901274501935,9.804103165715,-13.86387926666991,1.4989735073088586
6210,9.67679598097034,14.178964614273948,-42.64093708327783,1.5113705991557327
3331,13.1914756057241,5.6579019876695185,-26.79999771636053,0.8000026651137049
3591,12.401475871250707,-2.0615518415275025,-38.61822032045766,1.5055944209486551
2708,14.686450533981738,7.270219162946271,-38.004681058961594,1.5181784705267662
2211,13.207367109373589,-5.816431453878141,-17.790942694594147,1.4899243490885699
6548,12.523479098755582,11.699947656146072,-31.592204215134828,0.7999516076981809
1382,6.34975664396017,12.931050245962508,-14.011228989088293,1.4942918343704874
4470,-0.07623721802817776,-16.940161795819353,-20.9337661339008,2.156146541667389
4965,-0.8026118438709662,-13.918724605258422,-21.99407996560538,12.722028965687727
4420,8.98588227864051,2.1348139037836087,-43.00048191095635,1.3986498056555912
3628,0.14667828924858545,-5.573451679621626,-45.2674906651785,1.3681008894520668
6232,11.04606876952684,-8.865520224842346,-39.96237524417339,1.3150103755178477
162,3.7931170817116717,-12.752562728622049,-44.317168437900484,0.8896259784654857
4469,4.8566641977755305,-16.380002620877427,-20.27784491923905,1.7350724957166153
3322,4.468919948360265,-13.267329958766936,-20.512222512971086,1.0203133374480557
2113,-2.302612349132653,-14.310700644615636,-16.065514240733176,5.598281138040253
4693,14.31152544401063,-3.658186032049688,-32.5455217361057,1.5175420652975111
5576,6.543480735677379,8.826184353066502,-13.242643190622163,3.292815724873242
2451,4.565573520954636,18.57070541381836,-16.71437586442749,3.23114542763839
2275,13.427493001699304,12.032469242405458,-26.800011333731224,0.7999927048415338
3785,12.725073510417339,-11.429900954399656,-35.04983276410944,1.4906540373900803
3786,7.021076802998525,-18.016934710376265,-23.593315394607217,1.4923245742964752
4661,12.109098773039575,1.7486429632663256,-35.89828288306068,0.7983203841578917
45,0.2671084985313925,-20.49862734035716,-26.941336835175292,1.3748824143265006
187,-1.6263860165928739,-11.829291537949079,-45.02553546199945,0.7486589513409877
1560,6.308898071386325,-13.93647375897299,-17.253180144803032,1.4896654128817335
2304,15.121400635031153,16.53577935913776,-29.371427225642172,1.4818130633535183
394,-0.2409121921502818,-14.469487191190682,-15.89318027587526,1.3794052110046375
4384,10.720255228943351,8.32374931194411,-19.27517275176252,1.412330652335367
6343,7.845932538351914,-6.408641964724228,-43.19822300854627,1.3678316261563492
4366,-0.18434343162209896,1.0953855761948694,-44.92609542795531,1.1703083280531512
6213,10.471723691528918,11.814057420333524,-41.78764891278973,1.4933211716248758
2544,-0.5807210863799253,16.67540405749153,-16.14394821845081,1.3373487549117682
669,10.26629831243041,12.948550280999637,-44.0483225219851,1.482418801082526
44,4.771131444894824,-20.315095045440916,-27.05163896514318,1.4546427996039706
4580,13.781009184118622,3.9228723858146797,-27.600000381469727,0.8000079181473924
2219,5.206211612170745,10.160298158281439,-12.100512942304864,1.6047885411874891
2245,6.648768625324605,12.567050925529173,-12.540896558649484,3.261567982973531
5586,10.922422474366257,1.2954543834589782,-12.762780301641515,3.448864204418207
5359,-0.8026123947651119,-2.7344231602371813,-45.88194198758784,7.123844781033371
1613,7.558358354237113,12.082418744593598,-13.245490802393643,3.25310275579175
3302,2.3772827530621345,-13.214828891241988,-22.53358851341677,1.0070923557922014
2519,11.603104208730807,1.450387982023836,-13.816936731192985,1.71684545352172
3622,0.010475224056845533,-9.421055387375322,-44.4174871670246,1.3507742199836508
5356,10.009368690926653,3.9251372731518224,-42.064396528810796,1.628395360620744
558,16.104620449294792,5.167258890663081,-32.927686084503364,1.469763739033728
2187,14.45570600948068,-0.88835503039347,-16.393887166238777,1.4970295345268783
386,0.18197337386031265,-13.893859992523508,-12.219831043571542,2.884465792738071
116,2.5568358640158184,5.984205981854223,-47.243062906513856,1.43009339968563
5786,8.982404109529718,-15.917752679716514,-36.26268797807421,1.4966335341237578
4340,2.715265597336326,2.4774254899502046,-45.726534650488915,1.4517989937985816
2222,9.30069049943953,9.892788636529438,-12.100448570831292,6.178950735575642
5701,6.020265713029761,-17.07125092877029,-39.526499769323564,1.5191477496878452
5660,6.822988820950127,-8.578041764471363,-12.869213267119893,3.341575017967085
2201,10.987286310686775,-9.252986262107324,-12.10783311558194,3.461885946590113
256,15.095639154310147,2.0819545700886843,-25.331087448219897,1.4944872747960067
1358,14.505663390849053,1.0997021968541856,-22.51898361978541,1.501252066615743
1733,8.047655652753484,12.223568097368622,-18.045165648788394,1.4932047900796543
1991,12.75107938216563,-2.7557868316970544,-22.34370068617426,1.4929607892355612
142,13.343190431963377,5.2180470780553225,-40.36915845649045,1.4899244377763556
5886,12.378044412321643,7.2999979744392824,-31.071500383834902,0.800006587290508
1135,8.091908533047512,-19.701166474398068,-28.09121354100312,1.4879797072264875
1105,7.346938300397726,-19.874654613000676,-25.607995371781847,1.483161618143018
5061,-0.8026118278503418,-19.206263743193073,-25.931501791377222,10.230820526293638
5102,-0.8026118278503418,0.06302165736048683,-44.97027710816195,9.290511147378766
5808,9.986882533739703,6.5,-26.614596653669995,0.7622043310972749
5537,7.715062335815784,-16.47227579965469,-39.587469855757966,1.5067153780590963
849,11.55867506940383,-15.883821703954823,-36.478955434964064,1.4903332713129147
3581,12.521416819619716,-4.712625071750972,-38.06410441672584,1.5023598437350736
815,9.003337105942377,2.868924362974333,-44.726117809847295,1.3629332965725511
176,-1.224742301364099,-17.756485445435093,-39.327986373808045,0.7606732788329252
4716,14.163377888670848,-1.5587604728908533,-27.823478906394413,1.501522482113719
4854,14.763997027895343,8.014035989975826,-29.990190592176745,1.499935945302017
466,14.705963640836575,-6.826613501585261,-25.431674201223416,1.5071900210604343
103,2.3008775009132885,-17.5792947274182,-39.34205290409366,1.3883313031195388
4853,13.013502246260305,8.719942834655637,-31.589841533659268,0.8000564404692803
6389,10.847971623899149,6.459148059256236,-41.227661103569375,1.510359156291985
1996,12.037484904833578,-5.1285398028474924,-21.60434862528323,1.4935482178670458
6565,12.02247901416956,11.699574071010492,-32.872876601519884,0.7995774605236226
115,-0.8057205884190706,7.990599895433272,-47.414398374705215,0.7507561767233079
5664,5.394794933929998,-9.532712047530765,-12.190198816081596,2.386864781309077
2314,14.789502128598944,14.260357732319019,-33.56972442020976,1.4610291258268964
5984,6.217153846082205,-15.955742064563502,-38.24485596052101,1.504057410508464
6587,13.67514534577917,18.34759475544156,-38.081311649616104,1.5047636791745653
4334,0.7179234737485645,3.5179945427689905,-45.256806345530315,3.764885217669591
3681,7.332670117549055,3.686640616683202,-41.92978029963739,1.068781973668834
5774,11.499999046325684,-5.765176266649103,-26.85652314910942,3.728261182609031
6568,12.373257878255043,11.699904882775895,-28.339445301141716,0.7998305984993593
3660,7.685968543083678,0.7438763684479774,-42.24348612645335,1.0326321383144503
24,4.717155402207828,-20.225046327380134,-24.545654728385184,1.4949877168434413
2899,11.360608026946851,7.439755803989731,-20.91871247215036,1.4930082230654529
6204,9.617613975515864,-9.486525525409613,-41.38337039644461,1.265271221490862
2554,0.7621052740227966,11.412525136648926,-13.627727797522716,1.5273272752575084
2163,-1.9141494332684839,-12.508953091732526,-12.100464680757689,0.780588113286233
2263,9.96668599974941,-6.0554739002982645,-12.100389998436786,1.687983472403237
2756,15.632822528427372,2.966782888577651,-35.105113934039906,1.5189105270733239
6589,13.061719912511244,13.226493443399352,-38.24606631926687,1.5082003498577392
5565,6.133256268308077,-18.642080987537476,-36.01493025474966,1.5085189782965756
6214,11.932486935069115,14.433638990267081,-40.21843176176763,1.5217751217734135
4237,-2.2357109808065534,-19.706658420237567,-24.412006345185638,0.7868325578493839
1543,11.23306986430456,8.989214544885444,-15.933622309611152,1.506579489550063
1660,13.14947825966902,4.189332384647369,-24.403501577245855,1.4927366932485542
6585,13.077402901388133,14.952973191552967,-38.41248194166083,1.524558515343228
411,7.711578339867204,15.477799955744265,-45.80264281233973,1.4857219467609084
2839,13.39368486299816,16.912415198848784,-21.234909283479052,1.5067327172521627
3381,-0.04334926284566237,-17.420922916150715,-23.337929237192135,1.0085281978397476
791,11.460184533682579,-8.09859338036745,-41.670768245154775,1.3624610502542132
409,2.249104090435692,-13.914865891677216,-14.746892504726741,1.460091154881524
4654,14.371700880183575,-0.644977914879167,-33.28605809923726,1.506285705322753
2569,3.911025076269303,13.219824393808873,-16.24737660292667,0.7997883507626086
75,1.3071260572132832,-16.81054014728842,-40.70807404446015,1.3768899508322006
211,10.564921395854848,-10.763214169655816,-19.17039273626122,1.4914214050320038
816,9.326164309865765,0.8991531383388469,-44.43736604683301,2.885211862399004
2286,12.778811438463846,10.476930588114621,-23.67880202542434,1.5062117785554787
40,-2.008063958984614,-20.180575920682898,-31.30234609299014,0.7802681525730406
3309,3.934510445928283,-13.670966790387212,-23.34366954116788,1.1074711430534092
6275,12.114580322498467,14.947362299622823,-39.977807045938285,1.5321536286795379
2293,14.899312322901075,12.890885096689988,-32.267171862823204,1.505267486733005
5648,10.642854098443088,-2.633991399304536,-12.919625621249477,3.457840615581715
31,2.35099376281694,-18.926552971863018,-36.016236276581324,1.3702490090630934
542,15.323910155588795,8.449205657870044,-25.619504957034216,1.5140238077172687
724,16.587870619820247,17.793533915881426,-33.87350515221766,1.4919070237106786
6016,4.954989682123206,-18.35621697396108,-22.983769614554483,1.4974900475844755
5558,9.400666794816242,-16.115492084670677,-20.438926570945725,1.497248985601126
568,15.685859403733756,-4.690235162825083,-33.10746409682433,1.5169226421362518
644,8.37040975907012,-2.7085403154523613,-44.876164953890864,1.3473276181007805
3587,13.644796915522353,-0.261817555401791,-36.070880623723774,1.4920438901686746
2186,14.423692762540604,-1.3874515206275602,-18.600658623793706,1.4971894326919641
701,12.42463612273434,-1.906185397020884,-41.30413129387112,1.4570110560712406
2239,1.5345688758322573,-12.65334583777516,-12.100483727388376,3.225866032144328
818,10.68395904163329,-3.6918332022477336,-43.05897425015383,1.4155993513409004
2571,2.348367584986017,13.21995456075598,-15.179529929168336,0.7998916354350613
352,3.977406633342798,-13.71225821797501,-15.123740471413676,1.4883707810010003
1917,11.451163883028158,-8.50366222088174,-22.49850814420009,1.5026649950140285
3385,4.941299810374638,-17.093170278627145,-23.707382674243064,1.1015965524970504
25,0.3234420804736585,-20.40516119977748,-24.510751061550284,1.3788781016153455
1558,7.523235043876044,-13.393201637917548,-17.678577879168618,1.4866328341608286
730,16.915935618343536,18.51024135804658,-30.69032231048955,0.4170508613107126
2672,10.015338333570202,8.074830394796852,-14.307936186278873,1.508997307435672
5822,10.817900877578872,-16.593801479732996,-30.594088749883714,1.5080205422346575
42,-0.2179395387415493,-20.419859104904912,-28.628372852078986,1.3645240045257085
703,11.364828012603052,1.73119055649842,-42.71676843276687,1.486319274803553
5837,7.605253067688685,-14.913509324720712,-39.09239088201985,1.4689030798703742
350,3.4708573485488037,-14.13809114540135,-15.871126338397293,1.4789950657273518
2737,14.527542177639456,1.9553827446622012,-38.05768585913748,1.5081450597057264
717,13.121655424544157,-3.298374495152987,-40.226679090009014,1.4977643239626193
821,4.809293006892805,1.5536227978443506,-46.69711334624286,1.4117184968156
4136,-0.5026123523712158,-16.607627304556566,-20.245686227857256,9.297238720753617
1559,7.1692975685373925,-13.724476830243134,-17.651279870228223,1.4978111451180292
3586,13.64287792828203,2.8684015497308595,-36.30872201839393,1.52322231631338
4571,11.66629109566702,-5.439942712106842,-27.59999725286829,0.7999980159493297
3300,0.16943098544970714,-13.585669510612242,-23.25605151964699,1.1737038341498436
5398,8.291109545023469,-17.14542288942691,-38.07936574012463,1.4978295251707567
2307,15.42114788818748,18.535885585507124,-30.805123690492586,1.4873272848731138
4680,12.088635902576273,-7.505687139861523,-38.34848740273516,1.5014028519621039
2163,-1.6717544577323111,-12.952347918236171,-12.10047054412239,0.7848133533045711
6245,8.091682504639797,15.615213247771647,-43.887503776246646,1.4904979931605304
32,-2.012348567661665,-19.24179732037775,-35.54702491107143,0.7734762981558607
1516,15.342706408330905,-1.9115043266551193,-26.45574041583143,3.882479548414322
5883,12.993942320959661,7.300383126351615,-26.49972523088853,0.8003740173972662
4899,14.652365995977897,9.694145936246755,-28.764086873630216,1.4958000182429612
4455,6.52458830506119,-17.110885587295087,-21.740595603194347,2.1476136624292175
2081,-2.302612274541354,-10.58609619570026,-45.50829353174348,1.1644536072836622
2343,9.428143816916451,13.934507993245568,-19.524356320622665,1.4977217143258343
3645,-0.11830929679572277,-17.975704268955493,-34.659240245577834,1.3801708426474828
6194,7.298653250644927,-9.170496733469825,-43.026710514370684,1.3175026475040084
6382,4.534025076405482,-2.9941173744794334,-45.01550216841982,1.419975927100526
35,-1.7830196086105554,-19.96334182875067,-32.44551400217474,0.7685656311555085
6165,11.044636273897371,-15.556005466956119,-24.880259177669963,1.5020885258020429
657,4.886863785168509,-7.54868125828177,-45.816495391851724,1.4331860181894334
552,15.247004286272244,15.967772602347562,-24.55191954451822,1.487955025911715
25,0.10928105677680433,-20.488023414287138,-25.21527432858026,1.3703917918539412
4504,7.8834252450164355,3.1678212139489648,-42.86163218438968,1.066579297357165
1667,11.760337944489219,7.670667313114068,-21.908333960324406,1.4900517554477
5591,-0.27181413698499995,15.134896496117186,-14.136334673205797,1.3663133099757796
505,15.669256768164,2.780499077187931,-27.11136725741454,1.8663933427945372
2042,12.691999829565157,-2.7958982397437713,-21.374993069395448,1.4856543165632794
4864,12.450554476130883,8.720043338352314,-34.69122503931491,0.80005180642234
4712,14.653835934682206,2.799451120439131,-29.855251833872792,1.5024711239229496
5644,10.983092541249766,0.3700371455224792,-13.487173685645796,3.5037737220797185
4673,14.558151370546504,-1.049403597629526,-30.798016479640612,1.5144152543429263
5810,11.867169568251471,6.499861160686558,-27.887636861509115,0.8004648554321141
4287,-0.926659605854497,-18.868078055694827,-33.87896375757875,0.7555680749584593
4994,-0.8026118278503418,4.620129980411282,-46.35905514445431,6.746813549218143
3761,2.277975809078793,-14.659160750285647,-41.14753021906004,1.372495249367366
4853,13.453141917199861,8.719901849478063,-31.010035154624045,0.8000972595682521
32,-1.558966645879582,-19.09701127111041,-36.012489102001574,0.783704191224868
4996,-0.05748619189142762,15.154878980710802,-46.09241775237823,1.3751513157181428
916,12.437205322601425,-15.804906310970075,-34.88420146894914,1.4962463512023594
5814,9.721494288653984,6.500000000000001,-36.983964665019286,0.6601273164241298
1157,11.71470074095557,-10.156015042368248,-40.84415930388547,1.318767692374521
2261,12.49225074893187,-6.198035039615697,-12.100440013914618,11.827554582941838
2963,13.745321211397243,4.0574302755311455,-25.930332733333756,1.500015483575294
2452,5.844357535485221,18.57070541381836,-16.125191532402596,6.150646932912958
356,3.474232770577885,-14.702296465799058,-16.604710317955533,1.5141593435958525
6398,11.534683733932436,10.900031850095436,-29.087234949018992,0.7999240308419624
912,10.88842111033729,-12.618068801898929,-40.59957939770444,1.4884327872346415
6206,1.3168917107391978,-10.35316826432576,-44.215629837656024,1.2110980539650318
2211,13.425528467291059,-5.23233791056696,-14.567723415983103,1.4577951672362555
4491,8.267087176228886,-16.226929115094983,-21.802273882439014,1.4936244577788886
2297,14.943142799724313,13.209284869558966,-30.27422800174512,1.5163335959610516
6239,5.046325220009891,12.74586475079427,-45.2577494255313,1.4950148995213945
414,15.044415306743698,0.25277859512692186,-36.651136626108304,1.5014768315958251
2226,6.955128619626312,-12.114147369596024,-12.100457664979285,6.368431839272819
2894,11.417854754820056,10.601672501224158,-21.70323306382619,1.5042102747699513
2706,14.012645224539282,8.618627976924735,-39.355138113220164,1.4933165860193989
69,-0.6309549454534807,-16.189043827731705,-17.4749301022657,1.61224578645485
5428,5.1875085904243665,-19.508245897009264,-21.899480881862264,5.3258800346310915
4710,14.726790178117383,4.425936449359905,-30.34447024300205,1.5020508511516202
4536,11.10198874375433,8.720000267028809,-37.48775619968234,0.7999992370605473
6521,7.806206726693679,5.415142840513363,-43.909376854977936,1.3870051338238076
2862,12.549572271566756,15.912878274251508,-20.35546696704504,1.5135850979728618
765,13.955633174546332,12.218978217677764,-39.6665392916466,1.4990905645489756
1620,5.999148867629506,12.878399497355343,-12.930900077692817,3.242600375264422
3040,8.758026249604075,9.374381000853504,-14.599457484862253,1.499321619234138
6593,14.035853474376594,13.205540233704491,-36.09613257448871,1.4479438728267675
4858,12.361520870758504,8.720045704503983,-28.25291743063942,0.7999544062152275
4580,13.911271709527107,3.7844243132530355,-27.600000381469727,0.8000082763915036
4660,13.226488667123451,-6.110952364995773,-35.8957628365946,0.7957730637252104
901,11.30140617635496,-12.958009882440653,-39.93070132271622,1.491464497865353
4429,0.41766640190501375,-14.033083374660936,-21.57670216038746,0.9920076351547569
2428,2.1864925838188753,18.57070541381836,-15.033286207814035,4.8192568375204665
1935,8.353416354381915,-10.245517916340662,-18.08078406533131,1.4923293136718283
817,9.686277389716988,1.2604686703257757,-44.20761095032913,1.375991248170608
2223,8.274078762425294,7.3413837339863015,-12.100414616816845,1.6584336967293893
3792,2.6394430348736515,-16.499598658375316,-38.38918130447527,1.3817911730243977
4955,-0.8026118278503418,-16.823409233782993,-19.74604947919296,8.579009486405214
3462,13.625979473667424,-4.8569830545496995,-26.484444719700054,1.4962504143784687
718,12.341338403488576,3.491540661463279,-41.69664990122444,1.4829577663167137
812,6.143540535209244,0.41579210279717205,-46.15413071976767,3.9906545301354517
4654,14.300410417835693,1.8740900635364164,-33.98746525912269,1.5384825274287817
4296,-1.1330654643469367,10.493950398631458,-46.70695333806456,0.7558283472889301
6581,14.262292706427464,16.412551753212103,-36.20546630792829,1.4708066961179784
703,11.13153689465117,0.86381054728812,-42.93078513802395,1.4136631442412975
2,2.0771962160097868,-19.637718998690424,-21.555378091775278,3.198421841938924
4578,12.198816088813164,2.940063226271287,-27.600000381469727,0.7999990328534383
4662,12.757916410661757,-7.524375612266352,-35.90000139954193,0.8000293455834204
4695,13.979429068916499,-2.1926362892202786,-34.68523445440178,1.5038516694912691
2488,8.318537372516175,8.08678808669499,-13.759612866520087,1.6594345733157265
4571,11.567129440643283,-2.0253558395406626,-27.59999911848542,0.7999998815664594
2057,8.807485151952529,-9.343748480614051,-16.37379507979152,1.5052528440758097
2580,11.846415033511724,-5.19446317328385,-15.368534463829182,1.4482621064207
572,15.801500138999518,-5.240698573412377,-31.49061525647286,1.5131936396796675
2204,14.325782281653579,-2.1358948968744116,-16.606663127772478,1.5020212167088085
2684,14.96017124989316,14.057551097248801,-37.98642790150312,1.5285293544770833
5890,11.085427921022024,7.299998787192309,-34.26551050208432,0.7999987871935718
1116,14.119489648898183,-14.575476388521704,-29.193963620174124,1.5091757179887966
2710,15.571881589832687,10.949919894268673,-35.90946223092387,5.577937893888943
4432,9.655678609105564,-15.625704883289478,-23.146615854780748,1.0566378324507375
4735,14.27860918230152,-3.8058086927384864,-29.051773570984082,1.5044526194220116
2170,13.984356403692027,3.7542467167628333,-19.135475005097735,1.5000692955176111
646,10.09729822063284,-2.674017101888554,-43.64126426100465,1.3712677585766628
586,13.875001762814655,-6.99345560534646,-38.28257137497417,1.5039631560656972
4997,-0.2408747658093194,9.999541319289374,-46.0381034769982,1.379133842194656
3633,0.09272356176362073,-19.147181489897036,-25.76547303180711,1.3746606381913442
109,2.6462811542700377,9.819642230833123,-47.29039917764086,1.443537266208643
118,0.41614381027501246,1.9550020199666562,-47.25577749157565,1.5632332271883367
796,5.724148424662727,-4.754214619795578,-45.93156905627398,1.3840157400207638
2165,14.317139476321062,-2.196991166994794,-18.319307499310472,1.4968708774436295
6301,1.1794715511881064,4.876975584570874,-45.90832053464777,1.4166449881121927
6347,11.245717494330371,5.156977437105632,-40.72469761158061,1.4922896646552455
1132,6.611196338812377,-20.084321195643668,-26.455823615097103,1.5036810498358764
4940,14.844297024341948,10.514803237149533,-31.84157423664746,1.5057484578502935
5809,11.16685269051071,6.5,-28.052714482675242,0.8001482222951668
5381,10.530965488999708,-17.05557114356554,-35.908633863241604,1.5109243589892607
2162,8.392756363568388,18.57070541381836,-45.01340902839185,19.079348886332603
738,16.57339856290035,18.32962032842379,-27.82059898984444,1.4990956562748794
2518,12.81647391252587,1.3474122936833064,-13.838079273352985,1.7379459257518763
5572,4.3999199775430355,10.03669416445721,-12.498225750575315,3.212533969090476
2567,1.0016557302794262,13.219698764085152,-15.398735204524444,0.799699167245962
2337,7.624553065639086,18.209287246517967,-18.026025726302677,1.499309514370433
2963,13.867143238753123,3.6256613879933117,-26.294337026056176,1.508468570199873
4288,-1.7229136971780472,-8.942781281214984,-45.262114024939464,0.7678510059229187
4497,5.646993178486692,3.883642803481533,-43.7174304377985,1.0365702435735609
1170,13.9896059498811,-13.93832472182136,-33.319845199204664,1.509899872563118
3873,11.674784794079345,-15.367963120266726,-26.303676209501745,1.4894417807268006
4682,11.712413514532203,-8.687008133439623,-35.900001525878906,0.7999957926407636
5816,13.403622658940822,6.5,-35.96738548963791,0.8001966430065781
6568,12.902164914288505,11.699838872933745,-29.0964257924948,0.7997497508011617
6237,5.367214117803048,17.873151669878663,-45.283515818202446,1.4988779729939712
25,2.8581339463415714,-20.332790987092096,-24.79343718832411,1.3663016751263422
426,15.953228997140116,-3.092720516684227,-31.42118757350094,1.4917967421626284
149,3.600845930140202,16.89132464955234,-47.28405960956725,1.5161816127673748
669,10.063807084667625,12.324797443246974,-44.18209883050362,1.4672594534552958
4300,-0.8918139461929435,15.662528392326736,-46.76146251326489,0.7496983131905813
2515,11.537708382888322,3.0813567206193166,-13.815805198141517,1.7156914146835334
13,1.1310854579224079,-16.933887769778597,-18.05763414310325,2.525814383435656
712,13.574922025488384,-0.3397691096439694,-39.749353956253685,1.5063661666137163
4654,14.303469438094442,2.1123214206128504,-34.015093961063904,1.5362621761083928
762,13.995424818713387,6.598187025058013,-39.310829033585215,1.4940033835726456
636,10.461892169287463,15.198493467159453,-43.99341442074949,1.4973772242268415
2306,15.3219876019612,18.28048647909024,-29.64297857114066,1.509896729870203
2267,6.740109054589485,18.57070541381836,-46.00347199313592,15.891580149303849
605,15.356810954727047,-9.457179647967406,-31.478140928617176,1.5033507566824824
2875,9.624863413482851,16.12870196139483,-17.643980562832766,1.5172091567734705
1445,14.1774075808045,-2.952270153350229,-21.048065183412934,1.4953731493384435
597,15.057085795267785,-8.134755365635513,-26.9449907811655,2.4884201235976433
6153,7.539429565296522,-18.298525087321707,-25.805437742114403,1.488091239747684
3461,13.556016521462741,-5.728909790924292,-26.454860412960564,1.4865741777175017
1813,8.84549950155131,-10.564012489703627,-19.378769356571233,1.50440841247845
6194,7.326638474808615,-9.581965614578982,-42.94265808400881,1.2717864184574774
778,4.626691379510729,-1.7892022148810214,-46.60779479603505,1.4582150975848822
3832,12.354861013960882,-13.957542090699771,-33.06608910774895,1.5051017536390983
5577,7.239163208767193,8.257886181231065,-13.579901533771888,3.3403785548560054
6358,11.785562063100262,-3.5185972198677913,-39.50646439651723,1.5025109638088716
2209,12.513078936444204,-7.164354623295367,-15.996600093712622,1.5027487030309896
5117,-0.8026124737340605,-12.605349129464873,-14.270182237240654,7.384682821328895
4858,12.886295163831804,8.720132092077424,-28.47501383089265,0.7998691476876248
721,6.551192459654688,-1.5078891830375303,-45.905035886980414,1.359725935748471
2768,16.069898695624207,1.4902637681124382,-29.3335535967368,1.4932493672192757
5810,12.074184108566586,6.499691386280389,-28.963427820002472,0.8006245265250806
2724,16.263419542202765,8.476142873979267,-29.759716704914,1.4992998637813968
3561,13.0379012416768,3.1882125876771084,-37.7379873881189,1.5137494644791916
4433,7.664266106258576,-15.852932087696988,-23.090887573893163,1.0943947114069503
5637,-0.8026123615154355,-0.8513865425721041,-46.04983608147694,7.087045048261974
277,11.941434394000336,9.624363048346982,-19.716694539107294,1.359641448494596
1745,10.966692512507835,10.580100057484731,-21.11703964751824,1.4992601900897673
5514,8.82291299062009,-15.419582566921903,-19.560492953779715,1.4907366646460973
805,15.690325902533466,-5.655516369690738,-29.23566712313214,1.506806081192659
4913,14.551849252255519,9.519996238910142,-31.018650928297582,0.8001599663523057
803,15.995695357286323,2.2817960286363452,-28.634623449163964,1.5182655193717172
5065,-0.8026118278503418,-19.11437839993619,-31.390421820782745,9.607439515667233
6277,12.374452820252639,16.94347369904469,-39.95081273178701,1.5136042383164139
5982,6.395855347730286,-16.560462941867826,-36.931508126705495,1.5075984865729193
978,11.943473881918798,-12.03122803832224,-21.395832652817923,1.498251775428485
6208,2.2386638703270285,-12.203370282157586,-43.744112657188325,0.8632252467045366
1871,12.19934726594608,-5.1616826621861716,-22.4939948236884,1.4953810020602942
5544,8.734909082016458,-18.71110653252338,-22.848642577209674,3.6432789671421713
131,4.153449288284863,17.690313471917246,-47.17665630257712,1.4940306562241092
6209,8.836148017575358,13.307769035737667,-43.29734333264178,1.491046231390682
4253,7.749893860643628,8.219960736086314,-42.20285948142765,0.8000676799025412
2466,14.390612421180021,18.570705413818363,-25.42888517035748,28.64265328077141
2875,9.138257305508027,16.17115705624734,-17.326789920942275,1.5029439638786768
2197,6.10996470923836,-12.777262782841078,-12.266720122447495,3.236908512780014
2017,7.40380167442067,10.497065288913387,-14.638647453214361,1.5011110614744936
6208,1.331200673041953,-11.550860430421533,-43.94478368353832,0.9974047715181484
6379,6.863952040605863,-1.3972049352489084,-44.26008773275262,1.3457108243450386
3318,2.6570314361913567,-15.240540480947805,-24.1199724536689,1.0244368713336252
2844,13.235943875076536,12.589947704385905,-21.49991026164591,1.5179765419857678
4659,13.360893307851615,-1.8647395018253308,-35.898952750852594,0.7989546780197992
3835,11.586690796030261,-11.277042929572769,-37.74340605802721,1.4968059430862986
4740,14.025214882307282,7.498253822071717,-35.58378943792749,1.4984885423237273
2216,5.164030059601465,-12.302149775583764,-12.100462773898844,4.891922642190632
5719,5.508954899360778,-19.807133342916707,-31.55966643089268,1.501332376416785
4564,14.38414128292628,4.267179133162531,-34.00970959632404,1.5229792505702324
39,4.279596406667443,-19.911936360006923,-31.217012970732267,1.4099716217396079
4562,14.559504176111718,3.4168004365096034,-33.07083038722773,1.4624041952528717
3345,-0.6939395024325807,-13.04766409260658,-21.32161573532848,0.8598000396016595
2625,12.929114435216139,1.2759645928977232,-18.403984596112647,1.4997087361204238
3892,12.69519752113153,-13.835697404233212,-31.5726827269215,1.5052032044359522
6035,11.556566364534497,-15.685155390266251,-31.700218257013958,1.4963173432030525
2842,11.276154322832149,16.39649920146505,-18.97737487157777,1.5172710374161789
113,1.1922204980441884,17.60833588158295,-47.44699752199526,1.3719628833957715
708,13.306112963718835,1.3684454927206302,-40.27618412595407,1.4902036687359475
1111,13.44497292717022,-15.528585960438765,-32.122137387688966,1.4933535748861742
2210,13.11642046383503,-5.9034231671726936,-14.122404885008178,1.4448634320398503
4454,1.0446621416734359,-17.115267322859424,-21.68671508251919,2.8277472220573125
197,3.357525704946719,-4.8685738781725245,-46.5976936569263,1.4867602766634012
5777,7.050583982135184,-12.394075733080522,-41.69003696533805,1.4854719430994419
3331,14.018121157655676,5.567054471522887,-26.799998023902827,0.8000023575714076
6278,12.393278151107797,17.787067580648156,-40.07555246037106,1.514127317314419
4931,14.29313639024555,9.796160979348297,-34.85200718319061,1.4828093073576019
4569,14.182167759955774,-2.28261591789166,-33.8070880299927,1.5109126114495266
620,8.27187324523735,6.086704741970667,-45.27811365612468,1.4031018177159271
115,1.8328818968929597,7.406954814018624,-47.29647247409126,1.3937591627252481
971,8.37708436060047,14.707799207960012,-16.88242890884731,1.5005159133104506
6557,14.528990561352284,11.699597247055031,-28.965769684837156,0.7993814721358952
6272,10.897794974524686,11.756992473588857,-41.27971920059046,1.5418444952842434
6105,10.28182023223978,-16.913364575052793,-25.82948421467227,1.503272474126703
4432,8.93547575191746,-15.658407524734763,-23.133954635893236,1.0670509604802205
3349,3.013981185012969,-16.858747145628342,-23.85606353017296,1.1118881710240565
224,15.000747632357758,-0.6003642090000754,-25.137101753073445,1.5009422766176126
5393,9.33537579768322,-18.44182940018591,-33.52993145910865,1.4642718478129049
4842,11.738758250737078,9.519999504089355,-36.11497907477768,0.7999992370605473
749,15.051255980751819,-10.090534617239896,-33.17283370385346,1.5048999061728585
4576,13.230529599460588,-7.674683827936638,-27.600000381469727,0.8000011444091802
3598,12.086049739492356,-7.156335699038953,-38.43476596520027,1.5018925114564607
4300,-0.8167449440188208,17.42528060564166,-46.784537015542895,0.7473306462500388
5991,8.246680673372175,-12.266389199226552,-41.03641086458943,1.4760004274491234
6045,10.259678718771042,-12.672710973357134,-38.8027800043431,1.5035155616648386
4982,-0.8026123163871361,-13.401653139807753,-21.379023992787893,12.420489940820874
650,5.774599416849068,-11.264803223381707,-44.51993250260914,1.1816927587962043
2234,5.259454912208769,-9.695002804854955,-12.100506909802942,1.6057216952836995
2167,14.456000207095386,1.0700055005461624,-17.697253992428553,1.5055215089485896
668,10.947704433989923,14.616752614338754,-43.57269677448633,1.5282892161994959
32,-2.0441205784505803,-19.033154761969225,-36.31989075845715,0.8070852444641894
1352,13.820668958272398,4.548937170181418,-21.191624947139303,1.4978176924234947
2602,4.476069345795808,-13.182275239759981,-17.701112698676766,1.4991198573046165
3761,1.1986915799489113,-14.361363621275695,-41.54681108172441,1.3616538641363225
2450,4.3663631299202255,18.57070541381836,-15.913449279099268,4.818053102699787
6385,2.5068340562296343,-3.9517982281465627,-45.311004365582576,1.450837381103647
6363,2.8392123965701823,-7.6768375122925665,-44.69062656102274,1.4405579941427107
1408,9.737005311348199,10.601827736644172,-15.609847044711472,1.4892813642289706
4644,12.668704622956295,-6.399906678515232,-35.09997617180563,0.7999465519770159
2697,16.46283606014251,13.132707798363658,-31.564515122167155,1.4914648617148325
254,14.793322865451614,-1.1757783832409583,-24.4506673982708,1.4998816181212722
2080,-2.302611847208134,-8.857458768569895,-45.33119045341826,7.794464195498154
4444,7.781943875429274,-14.046309158950347,-21.799126903906,1.049093209695612
3855,11.632076634958041,-12.996733313860563,-36.35118044137391,1.4977494550263337
1104,10.556990816429924,-16.846185741815273,-22.169954551250488,1.5004099033700078
3761,1.2714675799093933,-14.721406823710856,-41.16240351545029,1.3626047501764278
4956,-0.8026118278503418,-16.398607687197355,-18.916078235479226,7.611815705520037
31,3.2920862327515894,-19.057569009067898,-35.43337201846544,1.3683961595613383
5434,7.994895620885954,-17.509573714482247,-37.57845987728102,1.501763136925483
6390,7.396219971275968,6.291340830414164,-44.16785404322708,1.3952315246564542
743,15.710477334363526,17.186707492262276,-36.7266440097149,1.4551588640307862
5398,8.298276628927917,-17.377581535234487,-37.593376437781096,1.4965539979326636
923,11.27439352667633,-14.111933228752818,-39.044741946346676,1.4971702601228798
2874,8.702320097967757,15.100437768968781,-17.082246140720237,1.4950362403185289
5503,13.383246292176855,-11.312774843220406,-23.444865117749416,1.5007356141706958
584,14.080707122379032,-6.079729791344445,-38.05716029709969,1.507025092181162
1637,13.38324248446595,-8.035715826949671,-22.735518971047178,1.5064436673301793
812,5.901321684376628,-0.8017254770971368,-46.20391318840204,1.3774661730138609
113,-0.4120212316041292,16.94761890477178,-47.50804413251694,1.3793921699391378
710,12.961311702550827,-2.7790033777712857,-40.52930561640601,1.5055758034882702
2725,16.33105272073569,11.588924898149807,-29.618690415055614,5.68766432891101
1161,14.7703106047656,-12.230455910151345,-28.622528393631057,1.49938148660286
4461,6.787328513857662,-14.555369058123569,-20.444645680797127,6.331498326427083
2321,8.606226633187443,16.563376889113375,-18.764072471188754,1.5169790900170963
624,11.472250116481638,5.631009299551442,-42.72312440078282,1.4494061595966306
2799,1.4305994248299574,17.75150846644456,-14.910633837567843,1.3422662315014342
4258,9.675844915082367,7.519691125312161,-41.90000384069786,2.471105041961764
3217,9.452308742400408,-12.832586104683312,-21.102054699219533,1.5301296227066494
6378,7.524182444286354,-3.232614311081507,-43.772355277523246,1.3323310009729576
612,14.539773893705206,-6.909830714734282,-36.64187472320292,1.4754200957112849
5624,-1.2015003947107,13.497234528134957,-13.158373995599714,0.741896533980974
4688,14.543570371402325,1.5789095750364486,-29.205698001641366,1.5034338665680178
2587,12.832759456069553,-2.004189640546075,-18.399724686929627,1.4965373892414278
796,5.917346604720272,-4.207972837894337,-45.90590225602034,1.3754278012711056
2083,-2.3026122311214876,-18.088675964576836,-37.0570892943625,9.123072098896209
5283,1.9227445320452397,0.06751399684927721,-45.41895391407042,1.3199645608536354
2565,5.449295654200064,12.82679506870377,-16.45000367256599,4.349542012287177
9,0.4992273649859141,-18.33028176756892,-19.280043419005846,2.0819478865075234
2499,10.600298157555843,-5.813373326352544,-13.799414840647739,1.6992770198217153
5620,-1.8436690629890673,12.685976573093882,-12.88228324567893,0.7819470562862363
2779,16.088612933839663,2.0643546076762593,-29.33684408984155,1.4916198316004576
3319,2.51942560756934,-14.877546177791823,-24.064440789153807,1.0717761055111175
298,11.695327692542975,11.006828006777914,-19.65590840496841,1.4885936103085826
3609,0.1106447507445848,-14.330773818184916,-41.638243229214766,1.3743366231187701
1694,13.280473187460911,5.122892871664244,-24.778088742831436,1.49417356896392
2398,16.777038607064256,18.57070541381836,-32.44891823316861,0.9030032657333177
849,11.48574463527881,-16.13888227887687,-36.18995482426991,1.4904915268388061
6363,3.2269967748545554,-7.992734975280905,-44.552325637902,1.4830594093726817
579,15.799569323114369,0.07968498296291765,-34.06497627899111,1.5485420055756647
170,2.4275914361059314,-14.814950427056683,-42.92434274525361,1.4001235945951689
11,-1.8789063707049949,-18.039308686981425,-18.81894445955625,0.7692252738771385
4977,-0.8026124427947428,14.508307195550875,-46.128884320694326,7.76601955532626
3302,2.721088968389698,-13.150816217636486,-22.410990608090735,1.046745535990618
181,-2.0031284071261877,-6.374165206741621,-46.62739311234632,0.7824990295691151
2213,7.881641855591939,11.835878887973049,-12.215350585270638,3.23059672187503
3647,0.061163653459618744,-17.482303266303166,-36.25990970306963,1.398798273982949
732,16.6665112521212,16.272201082917988,-30.18655153077991,1.512111004383982
6348,11.540036463276735,5.3200232046844835,-40.367010678901124,1.4834392392904383
6247,1.3631242962256414,13.50936402198544,-46.003259457287925,1.3843671262508301
731,16.666295274148744,16.513418864838485,-32.18668838372676,1.500477437258197
625,11.744455529411592,8.665416861173375,-42.52047494496318,1.4899163195712128
6586,12.974980688334748,16.96751055937621,-39.03129542074497,1.49661655268681
4259,9.844462703585757,7.907843737578691,-41.899995348327394,2.336938762229962
6115,12.02923877032247,-15.430643879053685,-29.033844149621565,1.4987925662680097
1634,9.56264463277921,-12.668631395910213,-19.03273060468395,1.5032282765921499
6579,14.157099454930112,17.5632253589725,-36.810407757389726,1.4398331328113192
6251,1.5103434976257322,7.0915548461042555,-45.92491228932103,1.3804031020383791
4850,13.789017690015326,7.6271413223107505,-36.27858323367602,1.473410045959198
767,14.878736915872485,17.767883335490186,-38.87268283650357,1.4917994175697984
220,6.965208603797455,-13.132173442582053,-16.942515651985733,1.4959065427598803
4502,6.239814912322717,2.5814349553155154,-42.6975410449033,1.08969007258029
6420,10.82965481287441,11.699999809265137,-33.761700043459115,0.7999997904364377
5534,6.2112221771047835,-16.143260779817894,-40.75855833383747,1.5111393526827497
5861,13.574549236230382,-11.08979434239064,-30.592939045690503,1.4994285753714676
6065,9.986868382371549,-14.794528134875861,-36.98543674508558,1.5122803580146356
149,3.568702729932289,16.95090915759795,-47.29008229730867,1.5152690735995502
4339,7.516860172726967,3.4197925986718563,-44.071291194345434,1.379450098146424
2975,12.321779913605614,-7.89527115385103,-23.94432484444757,1.5018171575662478
2289,14.576347188527558,12.001827215438164,-28.05294612420126,1.4934934086935059
6347,11.113256836808104,5.79411489415824,-40.89603179790581,1.501999998449509
1978,12.909801629210854,1.5379749693879519,-21.801407190774754,1.51054083656878
2216,6.304859585192174,-11.37624544453924,-12.10046727441214,4.377275603494521
4580,12.92103600482531,5.338332065456758,-27.600000381469727,0.8000039101374867
2074,-2.302611893824415,-1.054844170180243,-46.55490421946264,7.241502448781707
4474,0.6010062460097776,-17.065066900558172,-21.28310762560337,2.3670946161854896
2374,12.811890752206516,18.57070541381836,-21.336710204568224,16.3871748514571
3807,1.0231211654122088,-18.779705183827076,-23.236896072283642,1.3646028659090352
6165,11.324155348061758,-15.461048876362744,-25.420566291275115,1.5041364098801229
2211,13.496003528193889,-5.057752465341649,-13.84203614037267,1.4644365141169593
249,14.397136150761465,-3.2519256040341524,-23.626512855508885,1.4948766998080938
3788,2.8561443258155346,-14.478276477212777,-41.26918374228806,1.3965556830545744
1165,14.193541300547578,-14.457999276573808,-29.82950054445345,1.5111663156699031
6399,12.233352990178268,10.899964765986706,-27.810639494008676,0.7999699346519242
789,10.317794504258282,-6.572127741090318,-43.041758173316175,1.405159469781094
2239,-0.6397287316506809,-13.524283366276498,-12.10046504529084,4.825595862217067
37,0.9798536557848987,-19.87902403816793,-32.26261403324618,1.3734605064664362
1102,11.564454995932405,-17.052356232727455,-24.022785317146187,1.488103043484034
421,15.224086323795921,-2.6576093166605954,-35.704012356494104,2.015617137564306
2214,9.18220219084657,10.965570454523768,-13.168911796114731,3.330997399741939
780,4.259859055455204,-5.3632666655610315,-46.37131730159721,1.4966423169072833
552,15.184589855406887,17.68410885521845,-23.94732183381947,1.5134820503703854
639,12.439454645741314,12.685201875462022,-41.8916003321549,1.5266392192128777
2439,11.499999046325684,15.253693972084868,-35.82367137285658,4.3210198298440385
2706,14.334278013503717,6.817078539818892,-38.69437722245283,1.5141904004552882
5886,11.48141599338074,7.299999088929055,-31.583091562356927,0.8000031106360608
3887,11.865448419737298,-15.624985701263466,-28.148696005278385,1.4972331715865144
2293,14.921565919465598,13.682085750483719,-32.37522404751505,1.520379279221034
4318,-1.5257609358099011,-16.132128651224665,-40.54676564737262,0.7682777710692649
4655,14.364648157750452,-1.8498569143832428,-33.01333006749647,1.4933909155456262
4688,14.548891038678562,1.641611576239915,-29.220709152009274,1.50203546796023
2140,-2.3026118278503414,-19.842825197268468,-25.248812327347938,9.601092060501344
382,12.988962547385311,7.182579153021893,-20.711137075126096,1.4922456459466176
6379,6.846379635439973,-2.833314725919757,-44.14746158437747,1.341884624660399
1433,11.192090936388864,-9.290047472638843,-18.73770249663491,1.4992058140731581
691,3.7189382213468054,16.33531186231377,-47.25469473969976,1.5193713897796322
363,5.529893063695217,14.052739447217048,-14.771906145330348,1.5082397349939032
5976,8.311787522274663,-17.555763452838427,-32.015142498272226,1.4943150501803462
2495,11.062288352518305,4.475644650374813,-13.807516979982367,1.707403487486991
2626,12.909034535349582,1.4552782798404673,-15.274343142888053,1.4832473406756264
125,3.249790381560433,9.002258738252792,-47.23974802147454,1.5152445267073897
3894,13.041471076630518,-12.739169560827111,-32.04133549817087,1.5081198897475043
4580,13.041475452670369,4.3752220914350834,-27.600000381469727,0.8000068831916274
1898,13.14403165325722,1.0650749530922643,-23.68799446461791,1.4990883788029867
2545,0.7519717071409238,16.031226735812993,-16.133805365002953,1.345305604670282
428,15.847386383041576,-3.496278028122499,-32.52195875087692,1.50209468685586
579,15.859513729319993,-0.12076731237918914,-33.668200315649884,1.5173967881173422
189,2.709118511331176,-10.33125397371606,-45.435933971074185,1.285418526810617
2690,15.390084835416149,13.318301363994237,-36.61385075770494,1.4427903212158133
2518,12.481873652476057,2.1627414916408196,-13.832254522159232,1.7321195842259685
6419,12.935164831879222,11.699999809265137,-37.1163791681545,5.200000599615097
2191,7.167102680826808,-12.26713899261229,-13.910960102258468,1.476847167019096
2722,16.37153342741434,10.05939460596241,-31.21979565165307,1.5351213179557879
4892,14.54309842692758,7.3494670737267,-28.456314510991074,1.492283204578463
569,15.420558768179188,-7.299979899453374,-33.248730254812585,1.4929739814616267
5594,-1.1683268459569427,14.250798253806039,-13.019217391119737,0.7451867291373465
634,8.577459516025552,14.6209102680838,-45.28605993665971,1.4670065212772436
2232,-1.9516300357869532,11.30677921836279,-12.100468130385297,0.7799297933081271
2241,8.412267273110404,-7.793573625516122,-12.100425312195577,1.6608315059443797
624,10.953819737415674,8.836336704090039,-43.334417774531026,1.4947818673575866
5051,-0.8026118278503417,-14.660973566353896,-41.43201412749502,8.86572590867129
2409,3.9891072342238947,18.57070541381836,-47.072456218247886,9.990664971072224
4323,-2.0075876658270015,-17.560133740773075,-38.01553832823298,0.7663584228329331
242,15.154843680371945,0.18865775014192337,-25.59029053428406,1.4997443249001243
16,5.723281603353419,-19.931161551136118,-30.57966990313875,1.4982878840080556
620,8.42564575424203,5.107086656588513,-45.15807993657058,1.4337403269807287
45,-2.2200429977670413,-20.58582574528739,-27.580571693445815,0.770063287687002
5804,12.556774736481703,6.499990481610465,-31.585176911159188,0.8000072706762519
1086,14.232682872637193,-14.151045859520128,-31.34682968415857,1.5044033263737373
1271,14.327301422210834,2.133080598230855,-21.24710590902211,1.499536971344309
1050,12.608137260947368,-12.590028211162918,-38.27571038532998,1.500876570289855
4376,3.8517405407838337,0.9858517656465023,-44.76225838004944,1.1500719380009208
2512,12.022171272121577,0.09351196819316512,-13.82424966458119,1.7241484893983234
5999,4.03857181889823,-12.416315564783662,-43.20792200795985,1.3242649432298035
289,14.263900478670553,6.157012018586518,-23.382589451360992,1.4907395794859815
1512,15.424688026601581,2.950065568420764,-26.23192399540606,1.499126700467976
739,16.301344593266926,16.816270965843053,-27.366542634599796,1.5065861906534206
1196,12.035574024224545,-17.740900107463414,-28.146740590259054,1.5113563570342003
2216,5.3393708941262235,-11.834239871100046,-12.100466421212422,4.089984124758208
654,12.504065629054232,13.932319071482155,-41.89723771568307,1.5166859675401636
4643,12.028392306607914,1.8674472468708314,-35.099998474121094,0.7989465066215071
4695,14.128029051403528,-3.026539751422292,-33.82845228405994,1.520089822889331
2842,11.565888856101086,16.70399090455769,-19.222860107279075,1.4974550224184011
3793,1.2577165994510027,-16.593964257741245,-38.350314961227134,1.3735603095565798
2663,11.9105106997457,5.077518078082582,-18.062424222798185,1.5047077010078247
2216,5.652913329028877,-10.081692583274208,-12.100481256656648,1.6125679958135153
6451,12.407342735344765,8.950150206650243,-32.091223564150795,3.8794122455633473
4679,12.916430330121564,-8.06345411830738,-36.329284732389915,1.5149058581464403
4868,14.813143329453185,8.523420897845693,-30.32660976570719,1.4875776572097075
3476,11.537566848602637,-14.79827395003704,-26.799999237060547,0.8000004376124289
3620,-0.3902515619779793,-10.339650540656965,-44.139501611457305,1.356337203374894
1648,16.106389677340925,7.460529907158577,-28.686726152508065,1.4920687685196177
573,15.690276729236848,-6.495618915788091,-30.255153554775777,1.4929477453487507
3671,9.870524013802111,3.6080925229850793,-41.89002585530946,2.4409047502762675
6493,13.137649907258053,11.69973009855199,-34.81662161725306,0.799531579954733
624,11.644517272061009,5.356900015626115,-42.53761966275757,1.4677635440517323
2048,11.565856104250967,-5.867501029282155,-19.779317890341776,1.4911800022218098
4638,13.430839288929278,3.815515329173306,-35.89900271250167,0.7990042979341185
5987,5.9675101498795495,-14.649050246671521,-40.21628706251501,1.5109261822433968
1037,13.613457127659357,-10.62429094086182,-37.5155687291746,1.500002860774089
3471,12.829494664225221,-8.923369171114565,-26.799999237060547,0.8000499585133352
4697,13.42968877514495,-10.919631248432204,-28.303100867638566,1.5111639538108037
5890,12.419132143167937,7.299996496756025,-34.220170087507576,0.7998672779275098
167,-1.9887069540601425,-15.86625168817976,-42.15291474879634,0.7802189474405474
688,4.72224560271028,8.749767063754408,-46.86616015350948,1.4527823893249039
3670,8.779229254530685,0.9129668195009659,-42.09525325832838,1.0420281919059557
620,8.47541363939524,3.7850607530958134,-45.10151313264145,1.373690706624942
624,11.247141099172058,7.330235863401752,-42.995403964726634,1.4626565621274235
2027,10.945071877000437,6.923185376334046,-18.03497206075581,1.4980276154094232
492,16.07953225060978,0.18696723065212276,-32.15605682832859,1.5270084498323948
1924,13.522873646423825,-3.302530449347824,-25.928616299387617,1.5045041160826909
6073,9.450606794766147,-12.84758878610004,-39.590200298145,1.49813371287526
2241,9.538559646155514,-8.474646387917792,-12.100440431701406,1.6804703847371485
2506,12.20825351485441,-2.477081826993919,-13.827518308356389,1.727400711615394
4853,13.291652095822776,8.719914632468797,-31.95620002606096,0.800084528376275
176,-0.9476503732896411,-17.93482273971184,-38.9496523545243,0.7555537522424726
789,10.79986568573746,-5.023449551333435,-42.83272847298527,1.4434932938294385
6454,11.483634841248428,9.47691583437567,-26.272901842724245,3.8170881504640737
6549,12.689808872171758,11.699779642677722,-30.137418697349556,0.7996750160067815
1054,14.49773652123891,-13.115591896678339,-32.160807626429914,1.50742958238016
1456,11.491353715501614,-8.643903042114742,-16.822476905189646,1.5035331771730944
2084,-2.302612248770832,-17.77150282075841,-37.76002840431269,9.131193333645584
3785,12.902325260499488,-11.04886302663208,-34.80955280722495,1.4922098036138747
1255,6.736399733345836,-12.612295831740825,-15.485301724414526,1.4968700890728053
6565,11.7472611674316,11.69973949919833,-33.48834981100761,0.7997424379618473
2282,13.997362699939812,14.014318436805075,-25.864040286468946,1.513946178213097
2680,15.849464944821644,17.200531571850505,-25.72944209610816,1.4996523989241382
3859,10.91284369951348,-10.921746319769019,-39.000945892038615,1.4989283089209282
109,-1.6640431010795593,10.657386827702867,-47.48838034835809,0.7702540304152229
4300,-1.9072928318222429,18.399048825374873,-46.81704582745548,0.7760684492705556
2701,16.192250991527573,18.01681570309956,-26.43574363745401,2.1767850320324684
5058,-0.8026118278503418,-19.43917639614984,-24.4508392439685,9.038605980184451
5886,11.606201157449123,7.2999989338237885,-30.974674159882916,0.8000036029049292
4843,13.6553921876607,9.519951258902163,-29.854868105967903,0.7999915968587007
2239,-0.7114022025533657,-12.644786194973742,-12.100486294280898,2.728370507865708
1030,6.72766591790216,-19.872016340682013,-24.47021152659152,1.4877782813087648
4853,13.162475351357589,8.719930013867462,-31.0489678238593,0.8000692093055376
700,12.879471953435779,-4.783715066169565,-40.40860078834496,1.4813052861989864
650,5.926116372677221,-11.195228178558287,-44.48780689510992,1.1832461540405068
6381,5.913943286289932,-4.411596544888631,-44.44393261703448,1.3457504124038913
689,3.9462480509468563,12.614883358385718,-47.13062384847945,1.5072330433532675
662,8.958648338494493,-7.936568813679957,-43.8489878620338,1.3697176466831975
4706,13.493743132518272,-9.380164367514007,-33.81458124648124,1.4998078714502325
2680,15.6390561109341,16.43124629743089,-25.392393904421464,1.5031204953500312
6401,13.000835637215408,10.899778175830756,-26.449223592838166,0.8002265143098192
5434,7.922806055450496,-17.83613011677348,-36.91568154080963,1.4837335115200305
3370,-0.08408014599860991,-18.723659757263952,-31.134912821578673,1.377189171584138
3151,3.2790780577086154,-12.25365093934365,-14.930812228277317,1.506688912786725
4740,13.936932301987998,7.62247225904451,-35.853682389307366,1.4879890871127917
242,15.178293398540848,0.6591885043094904,-25.641291240697484,1.4951136869139279
4371,3.703330997281467,3.2009569073233033,-45.52584629592719,1.8799147061820145
2735,15.081999733326596,3.817487141167399,-36.87196238737863,1.5181511502728
2648,8.235098735606483,-9.719802670444473,-13.758063671156831,1.6578680821667293
2470,11.145834937732268,18.57070541381836,-19.340332356177182,10.607376445074589
427,15.93746536963156,-3.2551309797985164,-31.66953730273534,1.505131244370673
5710,14.16114315809869,-11.905816990560183,-25.550737419675833,1.505695787411575
4609,14.479526737294933,4.016201538063147,-28.583629164762446,1.5321280416716436
2401,15.455228827229393,18.57070541381836,-33.44962177910379,25.152585415689924
2330,4.366889575852173,18.352785436470867,-16.71314151639072,1.4840306506172396
2202,11.483593873611126,-8.608308011573715,-15.52841824441412,1.4759008943065275
2452,5.485440136766819,18.57070541381836,-15.487759883721509,0.5616074241039832
2645,8.68646450832212,-8.437009566721942,-13.766030697376571,1.6658488115847792
305,9.184499650894573,13.816483371806054,-17.429173464974973,1.4849484768953698
2738,14.460642696993041,0.6840456535386701,-38.11025127578354,1.4984625220900645
6502,9.640566968350736,-0.6326043734186909,-42.33497272228669,1.4062978578404823
3301,2.075259046101579,-13.471979509453297,-23.026701044805563,1.0908362683976718
6580,13.822497857319396,17.81025785006052,-37.65275014712947,1.4825137293587753
2324,1.989500322524974,18.37949105971981,-16.296282608142164,1.3663724023193267
2267,6.6414253243599,18.57070541381836,-45.100247196636424,26.52504887402957
6190,5.281104913303968,-10.588358335313806,-43.55404607741363,1.2291775155958033
5603,1.0289941464378303,16.631579174341567,-14.88455697768304,1.3359776172069926
300,10.857486345183045,11.847039015371955,-18.77144673136607,1.487082060261809
2172,14.10299802540519,3.218725272293291,-19.019024064492168,1.4829229831225468
149,3.5912672175673497,17.47325046673989,-47.29596304786447,1.5142577873726706
6243,3.141201723211334,12.86839019946444,-45.767896660400375,1.5136094097431823
4647,12.00176499064641,-7.633695949392206,-35.10003044440157,0.7999697071648316
2345,13.38930449941386,16.421383094951636,-24.07283485419275,1.4920451899762175
2331,5.030650418112387,16.63975271549632,-16.953165134336757,1.4999391156632276
498,14.059651200349816,11.273941039481608,-22.819682410082095,1.5128995503043057
3411,10.4414792291228,-11.871110745966554,-21.887453887910034,1.4932747155349968
4479,0.8317972404552436,-16.508339033265557,-20.381094054316485,2.1432376460677696
6408,11.136170657550702,10.90000057220459,-36.36201506811945,0.7999992370605471
6248,1.8732889760630824,17.4476152444754,-46.01285918484038,1.4019445691233108
5064,-0.8026118278503418,-19.080928094026135,-29.789397872613822,10.32572592935855
688,4.126310922132966,5.792316241019282,-47.00204040662155,1.4831767950613075
2432,16.38065397133416,18.570705413818356,-29.00300671214695,4.636750383263656
731,16.70805437646719,16.87367168807156,-32.122628226901455,1.4961861695229335
3799,1.1734960150087932,-19.105791757941535,-27.110778716828655,1.3530286650241057
116,0.38884523452147995,4.1630005476781875,-47.30570159529932,4.876698774305634
2846,9.296095789516938,16.8608768348914,-17.376448622640922,1.5118567220062058
6272,10.773377878874548,10.165287543397657,-41.40690689580787,1.5055349126530548
2342,14.8863567340364,11.994685122339778,-31.915930697125823,1.5055875880382357
4464,5.809242953062979,-15.572891358697511,-20.055152759553803,2.189498059160603
2204,14.206941928801202,-2.7892429465036592,-20.10059379726563,1.4918326909117006
2529,1.566578815168577,15.019242328152748,-16.051884174742717,3.551467780678132
2560,-0.5789863639079702,12.420000076293947,-14.68180538605586,0.8000001907348618
631,7.500962956314047,11.754301121662893,-45.785016307713214,1.4549286150932035
3533,-0.33220319261737685,4.90502882954239,-44.86240996382592,1.0684286435229036
3085,11.0723900125782,6.675062512333488,-17.540337793435643,1.4928031664659782
42,3.7059754389914428,-20.24475010914961,-28.65665205110116,1.3647372944032907
3533,-0.7534102803825841,4.986197604594382,-43.864913466696805,0.9125683105350915
2234,5.468080456361025,-9.535218957718696,-12.100501581106215,1.0107278046827743
4300,-0.8994221421618546,18.047481108309647,-46.79458755450843,0.7495417448101519
4658,14.607867170576135,0.13749263147784102,-30.779094019092774,1.5188877659884144
3657,0.25112308942269435,-1.3864183465499482,-45.70631481697304,1.3873237738761894
4356,7.3063604441294325,1.9958223970651732,-42.71092818483627,1.0060079058206055
4725,13.49564363230845,-7.50705875928114,-34.87665774990581,1.4958683424905495
5853,11.895961117548175,-15.605704242924794,-29.73815652484653,1.5031221050570853
3165,1.888404092150759,-14.281648932022431,-17.941714754617387,1.3991551173453898
543,15.2952761994169,8.81960135805781,-25.52033623449038,3.835689689538425
2565,5.833417711565975,12.865494283347228,-16.45000394936439,4.349548489395031
4945,11.091002311379851,-13.297971092772357,-37.0466841482193,1.4979055983287677
2229,2.196623956846412,12.315830016031436,-12.100547909837797,1.5522201044359887
505,15.824954278177627,3.370498927727288,-27.661769391340474,1.5193595581032806
3579,1.49712126534001,4.812218969897121,-43.32564890874748,1.0007908833291719
2821,-0.8026118278503418,12.71000888433094,-14.64063846389788,7.878091393239517
3695,0.9509010732259606,-0.12220608497639134,-43.66091611183622,1.0673536449504177
546,15.759896414600895,12.00145578757003,-26.648481749466924,2.9515540198822334
5025,0.8446118961767972,7.674580765939004,-45.97224149153082,1.367838652126026
2586,12.819847460133845,-2.0951777898669053,-20.237833530888906,1.495916249240229
6129,12.349355299999626,-11.577688255310578,-24.90155760767098,1.4994866941712437
518,14.907113843208677,6.492179063590008,-37.374924528565884,5.4525914081322915
6412,11.297436770793322,10.899994898546904,-32.50188970432975,0.7997872513189144
2474,9.85580368388231,4.993587316436503,-13.786459194408407,1.6863514842582379
5113,-0.8026118278503418,2.8303555671840464,-42.20152972975687,12.701175696109582
5647,10.471836567166736,-3.3533977496190355,-13.15675732851405,3.4678236196995345
3470,13.038916052884819,-6.603471184476544,-26.799999237060547,0.80000114440918
137,12.790888642644967,17.44261025884514,-41.97246839107115,1.5144027000240872
6355,10.492003068627334,-1.0888131495798619,-41.4090934007552,1.4450959870418598
6480,11.166408859040793,9.915539994275347,-36.85852489608703,4.230255013290581
207,12.119093301431207,-8.735928510335903,-20.54077600161487,1.4986797233565614
4235,-1.8029545275835126,-19.815536096769435,-27.277181180310897,0.758789370669204
6396,13.310467314221885,10.899993744331695,-31.613673558916094,0.7999787446535865
4259,9.060244997645098,8.00389303806888,-41.899995966229966,2.890185849146408
111,-1.012843796584556,14.293569460404054,-47.50049726368186,0.7517264855687463
3716,9.777928412406773,-10.459765724080913,-40.9665346211333,1.4136538906877385
1000,11.092228871390487,-12.629420350119254,-20.53516859843058,1.4984397665225866
1781,11.732902462246,18.068221271009826,-21.391244478819466,1.4981851152923038
5851,11.388600076750333,-16.23885057550005,-29.535768391174848,1.5003177612877134
152,2.110686005860651,-3.862915724647486,-46.79944030263718,1.4446414786542208
1327,11.047939669473156,9.952935563476178,-18.205867176556765,1.5023959880940014
6194,7.383199161349581,-9.991687513161871,-42.844994631144544,1.2321605830879827
169,1.8753076771286206,-14.92327535306177,-42.86343729497559,1.3872925782022834
3586,13.780943245914854,2.3949208483745683,-35.93339184370376,1.5165301408205607
167,-1.5846764846670975,-15.43068836528503,-42.58124762485336,0.7693968018780798
2231,1.7309288579215711,13.636703434608759,-12.100467627624024,2.67650921154023
4502,2.826046051255467,2.712921858169845,-42.6972567397236,1.0592269457150463
5276,8.59094513626389,-0.02160898368578556,-43.18081202023574,1.8687054247598751
2860,13.39837290050421,14.071030332447801,-21.64025691131777,1.513517136528598
5828,2.870766824237575,-17.680456373227557,-35.317293784809635,1.3701055619737579
4451,8.317165487583475,-15.390771743370706,-21.233132592107015,1.4924521886794557
1186,7.717791098556295,-19.52589045494109,-30.65827951684631,1.4827622148304505
6555,10.91005537114024,11.699999809265138,-35.2898774491185,0.7999992370605487
6380,6.167191712880243,-0.8510127965953056,-44.63511822627822,1.3605603436649611
3642,0.7395320070590509,-18.56762634599774,-31.849747034929308,1.3738753153092949
4955,-0.8026118278503418,-17.141307569756446,-19.150582712399693,6.951736623116647
572,15.726539116038005,-6.203493211996066,-30.91788418175176,1.502613503818754
270,14.247286347324598,5.527855357094306,-23.294941265791696,1.4928107735954281
2736,14.745721405820387,2.9191632400505294,-37.614169097538316,1.5062209533799595
430,15.818126271498926,-3.0696696674062203,-32.99157792404714,1.5053827185142854
153,2.826244233392307,-8.771475460901618,-45.90631243293496,1.4102330347563572
567,15.155160667059338,-6.513960355581048,-34.924990188236336,1.5014672246737193
2175,13.073421898368505,6.1298525947552625,-13.971183855485991,1.5006230132420737
5655,8.211914859840405,-7.298215740386574,-13.492812537132236,3.3764078960329202
3377,2.949983838638146,-15.960910002525285,-24.159025387561883,1.0924441021594973
2437,13.05720753415386,12.684348934818944,-35.89999929016993,0.8000320619677804
2443,11.718656510628431,15.560271427172971,-35.09999432213373,0.8000064126172046
4695,13.882856886418027,-2.4535699932967674,-35.01777127496495,1.4974271231419654
117,2.5635280630471398,2.34956780299964,-47.17623352246833,1.4299412765838042
6257,1.1239075464994464,12.50832124501574,-46.01248263300959,1.374667755715075
2239,-1.0042428194548827,-13.597537671372015,-12.100463664867627,3.645342070501666
2771,16.225972036875834,5.64451551279942,-29.911840906368823,1.492973390645207
2199,10.743682141879933,-9.486386489059367,-12.636245554056602,3.427363823177276
6213,11.530862533093766,13.827429004458894,-40.68777732503146,1.5130016215054083
1208,6.443490973822477,-20.097200429085095,-25.55087985597086,1.5073727755374196
3087,10.39129102794959,7.641990304714217,-16.47599698953622,1.5000404880358862
3667,-0.7099732793018921,1.7046730966542865,-41.76310598801009,0.8250703239301233
1993,12.635993604569347,-3.1832453554396523,-22.072641104509998,1.493551178852732
571,15.723413078031971,-5.695619420392054,-32.00590318406746,1.505795375148144
4925,12.985879853654799,10.017504373016642,-36.36000061035156,0.7999903451791653
2223,9.537626162752758,8.153119871109455,-12.10043781163805,1.6804011064707154
3535,4.25197402151139,4.999581891877363,-44.217186725625496,1.0360430644763656
2590,12.46657568288278,-3.5751627371930548,-15.408150824558813,1.4720473877747045
2345,13.663347475961118,18.206669580275655,-24.16635861053313,1.4939734825230515
4806,7.686905837230357,10.819839213132788,-43.98740477501805,0.8000300314185204
623,10.339037924967128,10.16226123428168,-43.87947191161279,2.553334626552967
6412,12.875032822844785,10.899986654606819,-33.04868181763161,0.7992428158323012
151,13.398344452099902,15.421498589265687,-40.86504955611336,1.5263172063688943
835,13.319828063798582,-15.615889623864494,-26.513723206944036,2.0243296518003704
5882,13.680544091519499,7.3007127329396315,-26.61166746379145,0.8007012725634297
1316,5.9026900200106045,13.442120864422956,-14.405136488423022,1.5028940455101953
4578,12.427390014363777,1.3637087414845737,-27.600000381469727,0.7999997306980682
737,16.531558718136925,16.365441004277564,-28.749540955062866,1.5141060387103529
628,13.217140699580208,9.124580304538286,-40.695248774740925,3.085914663900277
42,-1.050144465373668,-20.376910007655077,-29.310808543150344,0.7520121368871954
2281,14.230782179836474,16.860380339288575,-25.80058756021808,1.5065785050063434
2345,13.121368279347141,15.917844205138598,-23.728820075572774,1.4975292700520528
3022,9.089972870562491,-12.548587606084652,-20.65920410801151,1.5041992451205104
2189,14.494070063337752,0.03458269205863773,-19.733495553313826,1.4975310124774397
2726,16.1294779085991,11.389197623725392,-28.252566657319193,5.698699973022384
2271,14.072601680384352,12.575818418547783,-27.6000100147629,0.7999789113754556
1665,11.927345522687741,7.127599791508436,-22.106379657956353,1.4994525424461806
6194,7.1964728565024485,-9.898599767156941,-42.95182331635039,1.242361301663961
4998,0.12574626954937002,9.717848699343737,-46.0222472272884,1.3757148849987
194,3.579825041729697,-1.4660854446243432,-46.912880256889004,1.5171813088541708
5518,8.384039938448254,-12.424660716264041,-42.832195782743966,1.432853464791912
1144,12.18163794551748,-17.45801328458823,-26.996937942463816,1.500933807546938
4355,7.679682898753105,1.8508758991802146,-42.76694535042605,1.0494449523402538
1032,14.38684996999106,-11.73472984856403,-34.58158630485534,1.5003302718248086
4587,12.51013420417784,7.533998145096827,-37.16005018835039,0.8000495798079603
1176,13.063912222088684,-12.3348844742917,-37.61699535696699,1.4976915708664884
3534,0.8374380100139537,4.982356935996098,-44.05354104266397,1.0840897750467253
5985,5.42394416954098,-15.469835301061034,-39.43919626947295,1.5080359863588388
1924,13.34303557925836,-3.832523351708838,-25.52985128676612,1.509297589450872
2347,13.880646155409579,17.792748653875428,-24.724512570595003,1.5127205097805665
2210,13.470225021111133,-5.108790823296225,-12.46484275576782,3.417584508430866
4654,14.368206647506314,-0.6513953554239478,-33.29878712078938,1.5071622274706498
3387,0.24387392262003033,-18.021379694889767,-22.48747490403525,1.0652036415445594
4573,12.539980445349276,-5.384559552477237,-27.60003596346167,0.8000367333314584
6020,3.863893654489684,-16.132555415759413,-38.78555412314519,1.4755097677425801
2499,11.13596273880413,-5.319635090528837,-13.808754292297287,1.7086205945527404
598,15.03853032849769,-5.536106551798711,-26.15662834359658,1.4852393647498496
4714,13.376838098774929,-8.620036150508659,-34.739913973936794,1.4992733722666647
2729,16.463228580421024,12.959925869443301,-30.823939850762066,1.5001048602444242
2236,3.674132562007465,-10.47399090936705,-12.100558138269495,1.5780005112773021
6215,11.754900915032938,11.288879254736678,-40.22630893334353,1.5120619197340073
6239,5.949104088359192,11.117624451027078,-44.92254958093323,1.438466546106574
1052,14.437770737596844,-13.010849535302148,-32.78112231723506,1.5067116430489418
4560,14.25808739382725,2.9210671385677855,-27.61527407127824,1.4987282629667689
6590,13.305251218640496,10.376387050410665,-37.546323749522514,1.5161335522811503
2607,1.1310857447490086,-14.528155664613688,-18.064529479277184,1.3623922297095679
2277,13.99395950088557,14.266793142686511,-26.80005017223973,0.7999776627283958
2737,14.333519586761174,1.5869199423441855,-38.433729417125576,1.5035678970199278
921,11.422816704866156,-14.635822627693624,-38.33305792934085,1.5040869617305037
4921,14.330565840529603,10.264022399375808,-27.36373991893665,1.5199801186631468
2179,12.55665203579765,7.042124110319401,-13.440490041347696,3.4129528504562416
742,15.000330888060118,16.89474255575993,-23.777259756525513,1.5053841270841706
6121,13.023966137757204,-13.110922216171518,-29.1114848863535,1.5061369314686945
741,15.3331058955116,16.484459444156883,-24.59706579484211,1.4949854818108652
738,16.419666341143305,18.258258426565497,-27.195048018765068,1.8040605476137828
428,15.876391442486671,-4.171330276348783,-31.818971449136768,1.5258647126248903
806,15.443232958478792,-5.546445282999129,-27.670379389123305,1.50175862473259
25,-2.0180541071445406,-20.529300788639446,-24.79330586772072,0.7675891491403722
31,3.7721279335259084,-19.030863377026893,-35.44960451750376,1.3973814852170525
3836,12.187210896323013,-11.291142496300424,-36.52941619246065,1.4959282011264496
6421,12.357627362690907,11.70000195393236,-26.643374189806096,0.8002300006895313
3636,-0.04603317379074817,-19.13296492919416,-25.40448795805323,1.3728788595359567
6198,8.736175330998993,-10.071182438342625,-41.9952150445071,1.2285368626208009
723,16.45192641830071,18.556457800478263,-34.922381239893845,0.12340918530113247
4459,0.8469869712696487,-14.267882486477895,-20.848297543772233,1.026640153434345
112,1.8973929694782459,15.37457292196496,-47.387137991651514,1.4025968724040612
6237,5.438657463291077,16.156434169516086,-45.17558216851516,1.5356503978630993
2678,0.9586721626504418,17.031057060365356,-16.237500686771835,1.3395265154258758
2175,13.60917294413001,4.7644189024806956,-13.645797379213274,3.4265954562416012
2415,2.1580717062482035,18.57070541381836,-46.96628950716137,20.62998858552891
6385,2.289485288058797,-3.0933506440973884,-45.41024333354238,1.455627439495496
2408,4.9201324214837046,18.57070541381836,-45.58141096790381,27.085544584918914
2852,4.016681603976025,18.38832151069314,-15.089539520662155,1.512489366454716
3810,2.74033551924625,-19.046800684931636,-26.90728523428182,1.3533106789342133
2778,15.390970517585536,0.8524786748543349,-35.724303397815795,2.075897677241954
762,13.790531481133268,3.1097721265605043,-39.56434487265575,1.5040477410589606
1669,1.4899420587347918,14.636245614016477,-15.595356300244918,1.359381264191178
3458,13.094513086452752,-7.769470086338841,-25.64468086422523,1.5113294658117595
1527,6.344184504212999,-15.155363545153298,-18.013825025218015,5.057582254906033
430,15.74405855397132,-2.4981204153830228,-33.60380926742103,1.4857484102654142
2668,11.163281824777025,6.500782419582155,-14.700259129215166,1.4797768664158166
2306,15.052794276405782,15.758299555145513,-29.478280530259664,1.483214478492029
124,1.7732688593812298,-6.08882356355961,-46.51155887885549,1.3984487138411859
658,6.044586481901422,-8.298543984140128,-45.24827508337363,1.3886905250684483
6284,7.41995870556395,12.267749749755328,-44.20430232875198,1.461310248779548
2210,13.478171198315488,-5.088169350357177,-13.703409822937958,3.4173706451425208
6413,11.973206915740628,10.899965774579261,-32.279936120825305,0.7994680426434048
2174,13.58722818684768,4.862213305144006,-15.430743606187269,1.4736748263536887
4273,7.218526363693883,7.419877631168987,-43.10353114192098,0.8000267026108284
4687,14.449941318869104,-2.3381602090820097,-29.76535031764136,1.4975311888932636
1267,13.778799754209647,4.458950333873187,-20.24243130379639,1.5044926362330666
690,4.926317110477413,12.597112828983636,-46.86038285665006,1.4783011068297989
2310,15.24994535837499,17.417971804214982,-32.209577530616976,1.5032290112980955
549,15.2605010365642,11.88268488953748,-25.249340892943124,1.5118918472065743
161,4.254939330773342,-11.855892898985257,-44.6842659193663,1.1196072184723789
718,12.578476138951338,2.8303710060939973,-41.362250884782966,1.471236329708167
3588,13.514868733613564,-0.35726435971081927,-36.38221043186194,1.4994665740534174
2707,14.673304438756249,10.999024525946506,-38.22637826300437,1.50417677249895
6271,9.315387350730951,16.083511900422806,-43.08804481932374,1.47309084982615
120,2.468954426458711,-1.5381017880382981,-46.99489549324061,1.4244527031471255
2208,13.691128080808106,-4.653415302114377,-15.653720532404368,1.4992683088250853
2640,-0.7987668276006245,-11.872952952812575,-13.600482347715005,1.5002185655294644
4578,12.988811348794917,-1.9704545973722976,-27.600000381469727,0.799999632480225
3788,2.270517978902401,-14.262287156489961,-41.53437090685243,1.3966902080904242
2707,14.38409353254556,9.378455682992692,-38.711118547984725,3.756555313500925
2239,1.1793449840565453,-12.304641628302662,-12.100492495734596,1.5346174207334646
3024,12.782468984555573,-2.3020527672593767,-20.732514434483743,1.500009295320899
1674,13.67227980815495,2.9306251665947114,-25.765420597578224,1.4980169810743535
624,11.05648309573103,9.357598013241846,-43.23911571608387,1.495075529977742
1167,13.92533635245793,-14.700036325020166,-31.844659774346685,1.4883557618517484
4755,10.570789895236132,11.174510178885338,-29.301792890670658,0.7448530929344555
552,15.231653878127624,16.369554451675654,-24.408800028771857,1.496632108596729
5532,6.581749417708773,-14.947734381260776,-41.932373617709864,1.519860868947499
69,-1.1512318061031754,-16.46105908180162,-17.618288570875553,0.7567373291469242
37,3.5021916779852345,-19.691383469653218,-32.67201625165112,1.360501388334245
4720,14.121321787721605,-6.580695941016733,-32.26149749054315,1.487133097464365
2168,14.47968669242188,0.49132789040289593,-13.349210480637112,3.5042547145432525
4248,-1.737728793826845,-13.263098956687886,-14.533885743018466,0.7867778536366472
1847,13.333473364375944,-1.412718691480332,-24.870162708279835,1.5004039268042813
2630,4.551600005053391,-10.457033041448744,-13.693843619533844,1.5935666847543277
2222,9.173247421002348,9.719150848686292,-12.100446599707466,5.66563118167029
1115,13.988852410604384,-14.84282891170578,-28.582428985655422,1.513500414359044
6349,3.568513756605076,-7.164344514686449,-44.66533884315599,1.4973988244225362
3607,9.55432892952593,4.162856148498518,-42.28891232850819,2.755988029582312
200,3.5485452561788726,-4.957320549265326,-46.55640323733985,1.493833841581274
563,15.92319088284138,5.5490989583099966,-34.16449513011324,1.493190164004172
3536,6.477125036097036,5.006941976388038,-43.97688725834038,1.0585236450196702
3626,-0.7946688605326768,-6.519758075088237,-45.138773885470115,1.3756035620060028
112,-0.24489727092028302,15.096030219846332,-47.47627473854339,1.3771575256595205
642,5.4158212468388385,6.949662868931482,-46.60399739438389,1.428809459091219
1237,13.498882265978981,-5.250028398448482,-20.63722578184344,1.5019873838007527
4656,14.580725294213288,0.6508776115518848,-31.95205878638661,1.5283232789940215
626,12.446888741141475,5.411404175685593,-41.61655100743872,1.4913463291462572
625,12.051592062463047,8.194926066175796,-42.197089407138876,1.527189560981145
4692,14.113221050660535,-6.6171254292462205,-32.30662829433499,1.4881550980602747
6386,1.1181832960755251,-3.1318018446293894,-45.53354791913392,1.3834720062134742
1305,14.057454115955544,-4.138377487188924,-22.69964885003447,1.505517275640737
6344,10.592125554480543,10.475611184759108,-41.61921060452711,1.4891771048089868
2561,-0.330960702322854,14.868769549718614,-15.602666992568524,1.353252220098421
1943,11.763663835368458,-7.613140476161183,-22.778510926032723,1.5019140451127124
1916,6.634472115669228,-12.535759646858777,-18.54178507358936,1.5006330819911933
287,14.655071171231436,5.069307358093558,-24.194588012142894,1.493218471542589
6244,4.32711070858273,7.539956998762566,-45.4557439733682,1.4527157762199303
1555,9.344514167249205,-12.12779998328951,-18.51605978713792,1.5046930463694594
4683,11.650640576184777,2.3752494954628816,-35.9000010844554,0.7999928028544641
31,3.008034579143252,-18.836235745480785,-36.2186818170326,1.3785177743948676
5550,10.299184149830367,-18.203552599233813,-23.8012250998761,1.519339055975206
2736,14.926983151124574,3.154493081802255,-37.20598472310979,1.5184780263944437
3657,0.15262109741481128,-0.4889739358499779,-45.778226313602886,1.377545450678336
3662,0.5641811427404148,0.772497610318359,-42.27674036043875,0.9845316405680626
537,15.94635600969052,7.770662258214383,-34.27851607529347,1.4945231099297862
789,10.495159701475856,-6.186792774909983,-42.937758726099716,1.4148340410235565
4506,1.8185128247485292,2.9874486491308803,-42.7988638786002,1.0705542783536786
2073,-2.302612085060841,0.7921248993863993,-46.95676863347625,6.24146768773499
6365,10.313064851695447,-4.2384204919059,-41.37077900818444,1.4387852190172035
507,15.66594188685099,1.6737790450669587,-27.226261173030597,1.6430395268267808
4673,14.553670102632442,-1.1795429245572682,-30.887458069588806,1.5106318619520844
5645,10.975524464674795,-0.3474155411937786,-13.64602507228824,3.501136726414499
2277,14.163712822826485,15.405842197441963,-26.80005813924236,0.7999717840320749
3168,2.1641328124639974,-12.502585890354933,-15.081070587243302,1.4629079764564752
2451,4.829962394030474,18.57070541381836,-16.67921890598156,3.8843037881790297
784,5.864970230820232,-7.296634785524358,-45.52559304133829,1.4109385102184857
571,15.816736681563285,-5.0249955181606465,-31.606063737212793,1.517493072230582
2765,15.82308797967804,-3.6240331989650514,-29.122306396731364,1.4986191165523464
644,8.890432256331998,-3.0862979409634517,-44.49119779607779,1.3466651865159354
4917,13.69286372829645,9.520002871594277,-29.031723861874838,0.7998741478668453
1521,6.3932400767065936,-12.69587498628275,-14.759699096988818,1.5011690344896154
5446,14.882802631910279,-11.366144542598398,-32.70063280915026,1.501541795718689
2198,10.4771537303106,-9.76840026075024,-13.715147366698528,2.6796323148972268
2691,16.17141279304079,13.134552927195172,-33.89258448519735,1.471292928733438
2554,0.9559529360362824,11.843003704893427,-13.631111483916161,1.5307435618060834
1716,11.828169385794943,5.53643266714568,-20.27492907302135,1.4940935902054366
2685,14.962520915465728,13.015201496514575,-37.7703341861363,1.4911817742879896
1069,11.709197637159129,-16.078189930198334,-23.06600536345296,2.3592689826390827
4430,5.521013866790389,1.350686315111125,-43.07913829713288,0.9928629260294783
2029,6.579992940161631,11.21704096982831,-14.946311119726758,1.4907055378676763
4883,14.342558210981196,8.078382951378403,-27.6044782251167,1.5164868711968957
5810,11.616165760449402,6.49981578602085,-29.09183178345031,0.8003827693378849
2558,1.35213293489762,12.420029673413813,-15.65338700612607,0.7999679577898788
6243,3.285787546029838,10.95625738380766,-45.71405508081626,1.5208293904402024
4709,14.770242218619218,6.1107350735491,-30.620702466397965,1.4837721972053892
189,1.3794119403549732,-10.48117841869054,-45.44390741721912,1.238667152030991
4996,0.5251197087199164,14.165129986162736,-46.05939358988752,1.3709024449015033
6161,12.171373766854938,-13.434446723365042,-25.487684831787956,1.495876676045675
5071,-0.8026118278503418,-17.6502863662567,-35.90522276804125,10.181790691276612
6025,5.716147818141712,-18.517217713741367,-24.261986974304016,1.5053072776073
131,4.775735676156966,16.516995085830892,-46.99150330239037,1.5148460790008555
2241,9.324294254210576,-6.311710997475842,-12.100386718619724,1.6767888957104695
6376,2.887354699394858,-6.692563261338671,-44.87706475815835,1.4614173370132135
4646,12.275670956057969,-10.020388214126992,-35.10004423313111,0.7999540289510998
5816,11.987133947696584,6.5,-36.07783624124464,0.8001412427763254
1281,14.412189805806904,-1.6613291094345553,-22.036670480203377,1.4961948412645625
2278,13.039128078686876,16.052996923294188,-26.8000282851323,0.7999894333631128
675,8.569365197158266,-11.297975081653249,-43.2293342553958,1.1033592245403299
115,-0.9672587960187337,9.698236436052158,-47.44665389455081,0.7531679895458656
6251,1.945537378566292,6.792992261391703,-45.884111811057366,1.3987272172451
2210,13.389133294290554,-5.288312343221445,-14.04373690548159,1.4373231484165352
3036,13.821852995962319,0.1226964892743839,-26.364081384264267,1.5007255395769075
34,3.4517859654995084,-19.50587332068126,-33.634929917141555,1.3726909438260506
3474,12.25235500033569,-10.603766749657886,-26.799999237060547,0.7999227007330417
621,9.579471556622535,5.477566956158089,-44.39972151246439,1.4243907734315784
837,13.543590388115295,-13.895176766135922,-25.10517378444192,1.4956304317868876
3326,12.87436538142093,-6.660952470678532,-26.799999237060547,0.8000011444091799
6251,1.1356175649743496,8.845395495069994,-45.97155993680329,1.3735037411203144
5990,7.860028001073545,-11.92507745434204,-41.496280537721724,1.5045520752547905
6240,5.73823790717598,10.824190831220141,-44.994812413104384,1.4421562942553667
112,1.547180570847918,16.224509950756726,-47.413388070258286,1.3879734121689173
2210,12.814234841413292,-6.58411836580458,-14.619843774729354,1.4787081665229376
4373,0.040726374718200994,2.8238536710277775,-45.68784792165839,1.844960986334847
4505,2.6205874126623163,3.47250489686973,-43.06261108256234,0.996877243105244
3016,10.902359068448957,-10.301735851092753,-22.103829602596505,1.4943369885202813
6280,11.297700829169603,16.733723086589308,-41.26480949074671,1.531072051195047
6209,8.401075637094808,12.260980433736306,-43.56515828294985,1.4718640847284254
162,3.759079046348588,-12.722541240788512,-44.337974601802344,0.8939058775955933
4359,-0.007005397621779819,0.9904054479456793,-43.63492140876777,1.007190616152344
3663,6.833017346279762,0.3589772060734334,-42.618683101231284,1.0679731978905347
1662,12.929308131778729,5.444035088396458,-24.008493397315014,1.4978682835452517
4579,13.420557753296709,-1.1943319123568703,-27.600000381469727,0.8000011444091801
624,11.34183649407207,5.276342868556519,-42.85103655211047,1.4401225718621857
1321,9.001737039099307,11.827139029614184,-16.3595103833367,1.4792826963040715
3659,5.006929195981254,-0.1572231584452108,-44.37068839014607,1.0424859047187214
4708,14.714488371122927,6.277562593912311,-32.40590387438763,1.4719351471384279
4912,13.000323992995048,9.519999288650675,-30.626903705137003,0.8000521878767113
1298,14.32991119603836,3.257802802362336,-22.87418257147388,1.4959388158535978
6367,9.258429513607496,-5.062109190186355,-42.29594241476311,1.4109019076640972
1212,13.977213146759091,-14.75306375183801,-28.17333755727582,1.5146253628264206
4284,-1.3715171954361531,-4.673970595390673,-46.05891256919479,0.7607440208694167
5841,8.237558235626802,-16.347121698915608,-36.13515421763883,1.4712153544750637
754,15.141029094969076,-10.583863664356475,-29.35537224254585,1.5057606216007475
906,13.495673826467332,-15.248512739011163,-26.595682209100254,2.222425811190648
4714,13.33140666866747,-8.53740410399512,-34.93250656700671,1.502303008122538
4895,11.887316797790806,8.698889668278174,-25.960000991821286,0.8000034456554411
1890,11.958396199663335,5.835620507490289,-21.427928099249456,1.4939688528512851
2926,4.517875627443731,15.815812484083935,-16.793343669701315,1.5085182827697294
2262,10.148668895220812,-4.125616474181142,-12.100348044416892,0.11667459086798594
2216,4.253922263513895,-13.44378737853406,-12.100455525505957,5.7598692590793945
645,9.495806325100407,-3.9211331401677585,-44.01636972651646,1.3610224289681154
2545,0.33330959718605013,16.07370959795423,-16.11791838409578,1.342481429346593
4651,13.199194500072782,0.8110374269370562,-35.099998474121094,0.7988572280248949
1947,13.42476032589525,-1.7673678374508393,-25.294474537639708,1.4999266697334548
109,-1.188449239090175,10.061486397835314,-47.46069866328359,0.7581501169072913
150,3.52975548930723,18.304838517843027,-47.32038836810758,1.5103520935120265
1835,12.80648811370541,4.504633018943255,-23.522613062200627,1.495124388125531
816,8.657459068407391,-0.9877973982635901,-44.817672962478824,1.348735110909455
2165,14.350718889189872,-1.9796503992526848,-20.242242690595376,1.498425651632809
3874,11.48399215318738,-15.573934868784107,-26.053121014475373,1.5051976475375637
4641,11.499999046325684,-2.939595769104794,-35.72742116796167,3.7023476846502303
5135,-0.802612692795632,-13.461576805364537,-16.803951358781966,7.152528124103182
3586,13.683147659469494,4.786175006280957,-36.35520667102608,1.4912048430625684
6353,11.247373774249176,1.413042046332676,-40.62296214053135,1.4702725143757422
3319,5.040531684713878,-14.891998786989689,-24.088176764060513,1.0755818745614762
2232,-2.10082530909385,11.338143919148589,-12.100455670484896,0.7773379883465182
6398,13.65256639733218,10.900121709508019,-28.982992193518935,0.7996468625193224
3331,13.52641090610422,3.7545381793640376,-26.799991725399448,0.800008656074787
2289,14.56074909870039,12.931881252182094,-27.773645257170983,1.4977640430743666
286,14.613980178384363,4.663938831794835,-24.090387871930467,1.496564117245385
4437,9.200968060628888,-15.077668186235464,-23.05565963908878,1.0538552530323824
4815,13.576124943718186,9.520323823314135,-35.154051702781004,0.8000567819870837
4466,4.71977389065654,-15.697259114895905,-20.061495057513405,2.1972753739097426
5533,7.410240586171156,-15.001354383866554,-41.522351139312384,1.5043409384839006
6502,9.661996171375382,-3.067798060868827,-42.13956111745124,1.398880783552118
4571,11.579575408587692,-8.323907109475197,-27.59999888432827,0.799999647409307
275,12.406169370487143,8.998246713884424,-20.314569339925374,1.2893648873139267
1308,13.335924482636361,-6.191192684918817,-21.75047165130913,1.508429801882579
6052,3.54427915318799,-18.68380733984711,-30.381752893771388,1.367758612581583
4580,13.958106002580886,5.65240308283431,-27.600000381469727,0.8000021218688361
2603,4.160964002644471,-13.769539845206573,-18.120064969393077,1.5203251730009453
119,0.7785252108991411,-0.18550463790809746,-47.144265852623505,1.3766862745261401
4684,12.060631921652197,-2.481125491742661,-35.899997021010186,0.8000283720636083
2171,14.317281327394348,1.9019014451494147,-13.86454059638633,1.4643113004774715
517,15.7740904720586,9.064798824904237,-35.056304963365626,3.823258064404844
635,10.165046564322155,14.000339161932562,-44.173949708602606,1.4781300827730435
821,4.7735415126678555,-0.5348748607689031,-46.627791718014336,1.4274955971921668
4810,8.211230161548064,10.01986920641923,-42.724911852742736,0.8000760563782092
3473,12.449319655376085,-11.26806333024905,-26.799999237060547,0.8000012892162588
6209,9.026043304023377,12.769984944734494,-43.146411883879104,1.4743656799217741
4579,13.574650836515948,-0.5342887336646513,-27.600000381469727,0.80000114440918
804,15.61807021515881,-4.0262503755492824,-33.80766112118149,1.52054261637671
562,16.114046045391746,7.706597958402332,-33.4319997373694,1.5072309938984123
4864,12.901040187862053,8.720067211232251,-34.03247471317685,0.8000809493047225
498,14.273214083960095,10.931407647779983,-23.254060165232264,1.500078112180986
4755,10.673427948820958,11.040487135467425,-29.143038491673416,0.934805546307657
4297,-1.8967462811422953,6.802581120959031,-46.67425925377982,0.76684107864591
5397,9.332061562686272,-16.872784490638583,-37.63213598869387,1.493038849038555
4809,10.16622296987379,10.33732299035735,-41.89999771118164,2.1244015824147184
6202,10.486448719769392,-9.608834239823665,-40.515837125173206,1.2526504560701963
3859,10.946726511112661,-10.890371491578735,-38.966783257500246,1.4996908150037083
561,16.305832627854052,6.955211203997102,-31.145103792900084,5.472931593598341
6445,10.636216004595308,8.860546886738273,-37.7202177735162,3.7514469588098462
2191,7.415513510230202,-12.16186180680495,-14.337570074758547,1.4968742371617814
2304,15.025956793087389,16.3056304173373,-28.982985916390405,1.5136534328616744
4386,10.978241407479203,8.960779455946419,-20.170189610373864,1.3150888508669394
5826,5.109223906932772,-17.955450461640723,-33.37798541714781,1.5007308529998793
4761,9.52061297166466,11.037907338926715,-36.49151161699961,0.9380294262569592
3499,12.406114006573793,-9.158609804341852,-24.33021919931879,1.5005029546614588
4313,-1.9676425399263,-18.56936855185822,-35.10792202580208,0.7625103357373716
140,13.685256742292305,16.84475947574291,-40.7095716513889,1.5132969486117973
45,4.263102149427008,-20.346359696647212,-26.602612161305874,1.43576593344789
151,14.034263515636415,16.081908604073764,-39.993799136507064,1.4995671916545967
5392,9.099572730075632,-18.878996345951794,-32.01516285749808,1.4807750570132152
4333,4.175513479578068,3.7335447259651047,-44.9965124943209,3.1579159273071657
3534,2.8998520088993196,4.975781659781109,-44.33692252673893,1.0268946040161533
2797,2.891098541194001,17.972558425006625,-14.984082447594659,1.4190167427773674
6419,11.38249372686945,11.699999809265137,-36.32485046759545,0.799999237060547
46,4.5030897397965415,-20.328057197345956,-25.62901796296014,1.4643891590926268
4657,14.499868467767218,-1.9009390973923943,-31.727351672214418,1.5034585520523507
426,16.01658663212964,-2.023180396042728,-31.106851262357786,1.4950238716886977
820,11.900200253319419,-5.948867192439517,-41.532296604742285,1.4531650584548306
4925,13.429012987626308,10.02936728289404,-36.36000061035156,0.7999870355683821
2795,-2.3026123463328005,12.45515268384262,-12.796161795695635,9.175602159862866
2345,13.578418279899095,17.454998401140287,-24.17772045093414,1.492396017560625
5592,-2.017581690301252,14.72974584303589,-13.645543080830913,0.7602999286763459
3125,2.2607937727556187,-15.032841544548425,-19.013371780504464,1.6681072238798882
3339,-0.6541806977596082,-13.785667602164839,-19.78418773205455,0.8710065040709897
2661,12.363286168716721,3.922327547085785,-14.719929410794247,1.4782222856910319
1166,13.97967471950188,-14.854759259859573,-30.710804838921966,1.4946400632315242
115,-1.0870187281282346,9.084026667959506,-47.44241210199943,0.7549836020788045
2738,14.407128607342676,0.9051917013991999,-38.23468047196387,1.4991220896517532
6175,12.36933240424956,-12.585475697429523,-25.475249585655163,1.4999353649107634
42,1.9946974033497744,-20.35414095599988,-28.360449990824424,1.3617463049820118
2793,-2.302612204789006,13.812072755712617,-12.325247340671332,4.5231868726827225
1970,11.784764220079447,5.388675656684429,-18.92408622042564,1.501959961356295
284,14.917017549829142,3.4683819585011184,-24.82706830113951,1.492456304868975
433,15.702232948270996,-2.0801119150213765,-27.934925998707016,1.5002172952723345
3849,12.905491848992424,-12.69676043324812,-32.92062167871579,1.4950834169304208
1901,13.18738031794512,0.04666821154857767,-23.871543792567728,1.4992377009468254
4280,-1.5173517413457478,0.729275841691813,-46.51494037182282,0.77337431652522
3840,13.03905089084716,-10.558694494268295,-34.718984174627465,1.4912137172121456
4453,9.127743640237941,-15.307842930962405,-23.119222083830024,1.039885535697972
647,4.3219367344071085,-8.162622513032016,-45.84152711388765,1.4794780729616712
703,11.093782765148758,2.952438602069133,-43.04779153244662,1.9982485838400847
2382,9.965631173015012,18.57070541381836,-42.90526246905665,27.578453368969537
6043,10.793575671500182,-13.67664672213121,-37.16375537570531,1.496244902288465
3591,12.385188762916744,-2.318517570983243,-38.623488280432646,1.5040656854767447
3608,0.023953128502699067,-14.469707484897071,-41.50063812612308,1.3673031584967652
461,15.64878624563455,0.42406957869143413,-27.301008055862614,1.4848248755190918
421,15.234435897023726,-2.556049147566765,-35.68756946433037,1.9607465854072434
2873,5.9784037142763315,16.58921200542899,-15.696714789250677,1.4948531590511371
1808,10.35337853208257,-8.700837565733112,-20.473434161349267,1.5073397612597175
5891,14.127002399478624,7.300134847866573,-34.10068075415184,0.7998267030218564
6209,8.88372212479527,11.835212851847878,-43.21374903985588,1.4795100724172419
1434,10.825797851514722,-9.672139984557178,-18.252406878528376,1.4956279494103815
2233,-1.92711157864118,12.962741646650972,-12.100455284118652,0.780371465599487
5479,7.007487608983966,-18.83957277717576,-21.575277042027658,2.6030715307726435
809,12.578743593110534,-7.178458496739157,-40.46643724180939,1.411954258426953
2260,12.754670737455356,-4.098600769833265,-12.100419372085591,11.687171644489444
4502,1.8517161284473471,2.3885811782121236,-42.697175595669904,1.0867255699667153
2204,14.18361073203392,-2.826700339768301,-17.772486917358584,1.4763233345590296
6389,10.944838192330241,8.582704545347115,-41.15664579136488,1.519733067501893
2009,13.002398410762877,-0.21622127115842504,-21.902088376156584,1.4959687222675078
169,0.9317752605635096,-15.07499554376302,-42.78275678870137,1.3742287323296825
3046,6.0720385103241306,11.331184271665295,-14.137035223403828,1.4848925177336458
2212,11.992548476286432,-7.967328970293434,-16.531922774957565,1.4896526968854331
4686,14.564276730509503,0.4746491525831523,-29.743358814493742,1.5121310698024113
6248,2.5733771510413535,11.943615299926778,-45.87576386096819,1.4412408408779054
6076,9.98871223400889,-13.82063574439112,-38.162771644803456,1.4997316402190812
2663,11.893600233780912,5.1304197624864,-15.36158966293825,1.477573241321546
596,14.678900954002097,-9.864036505888732,-26.223690095199967,1.5035778219977936
167,2.2798983255940297,-15.771487773889485,-41.97170271077256,1.3749417381589701
285,15.086634849994804,3.6106486473144814,-25.26046899405776,1.4976030646008622
1550,11.447655964160223,-10.31421861784034,-20.231648153303432,1.5086325156822675
4892,14.493041460934599,7.643844784841216,-28.178654565360223,1.4933785082562816
119,1.9070459843590744,-0.9942618394706105,-47.051846759357275,1.400774991840335
382,13.14450385594958,6.838651943696698,-20.932942369208334,1.4935048207726946
4806,6.718007997122645,10.819996766496327,-43.884820386649224,0.8000017418020217
5513,7.573295329400369,-18.11497428609883,-20.835550761691664,1.5031495822127323
642,5.987263021159718,4.177581132818364,-46.33532427711309,4.233831524985686
3539,0.25601096625595543,4.7042988631920455,-45.42662636990365,1.095533321074067
2206,13.892380271449591,-3.9390924081396994,-14.463455589079935,1.47440720319055
3146,3.2682636409558636,-12.195653587367119,-14.24871274305736,1.5099295621865678
746,15.752297346387302,18.237571096234674,-36.991538564194556,1.355470589617357
3588,13.374130059703145,-0.28265738510951394,-36.74024817915138,1.5023930741590623
432,15.65468041046057,-1.329605347728698,-27.544849942570035,1.503467045858895
4454,1.7046664721078673,-17.07151083540102,-21.94424164233489,2.9270976442219574
2834,13.685076359938403,13.547313889669581,-22.119624964976218,1.5101955933436524
2612,12.972068212481386,0.675830987681297,-13.990488001050402,1.5006134042402093
2632,4.090503651498246,-10.985271225509754,-13.685808593306408,1.5855242116420503
112,1.4654408867036643,14.979901840435076,-47.40069603268319,1.3837548287061896
557,15.922620965787832,4.298592201675314,-34.094307044018436,1.514852250502927
4646,12.429843373796452,-11.474671295686523,-35.100007918936086,4.163841080497158
118,-0.09015411174225751,1.2984887664414009,-47.25129572179647,1.9110718327823244
2409,4.526007150435857,18.57070541381836,-46.933690266059585,8.775121399090345
2499,11.291490413883338,-5.45055673551737,-13.811462077979606,1.7113231355375487
2181,12.72577643142997,6.812048718451818,-16.734760891597457,1.5147321535668583
1408,9.836176809466025,10.535039101391405,-15.78907840929912,1.4979251572007957
2171,14.135260639527743,3.007710729946737,-17.974900991939496,1.4692683781960365
4571,11.739607088837126,-13.188760472223354,-27.599995873508767,0.7999966365898051
625,11.992133582147682,6.559956167462955,-42.21324724109017,1.5142469684786677
574,15.738112228847998,-5.453839822422647,-29.5688917413337,1.5124801716521952
4523,9.447047601160964,-15.860321798941898,-22.63566675603784,1.4949919364344717
3622,-0.011063526286068881,-9.345548050211939,-44.44169770306277,1.352074335459296
4322,-1.1667454856694037,-17.361566433661718,-38.41583935333231,0.7614035072117289
4638,13.656439350880909,2.6855152682017227,-35.8988004657213,0.7988020511386758
4407,4.394958051470083,1.6125713507731545,-45.34981805403094,1.4144090003067893
640,6.839649617511412,5.386526568651801,-46.00976105783489,1.3964244527036334
1144,11.919231953772453,-17.69947267780325,-26.712080331762863,1.506751387236335
4729,13.683519851000419,-9.09263798500875,-28.1748506628237,1.4982071608871608
2800,-0.6910322516621974,17.065043009918437,-14.80906155666725,1.338421470431677
4470,2.417758750776357,-16.6635069535043,-20.523540127907264,2.001084985168928
5382,10.32998244326053,-17.44145904043965,-35.262104150522994,1.4990148395068803
124,1.0925781818291014,-5.960947179695224,-46.55740713400012,1.3710123777381076
1962,5.999948006255507,-11.487540673882595,-16.27977287199955,1.4942160880937088
6018,4.8007741937679285,-16.910378128658863,-36.897261095502955,1.5017289338360835
2614,6.239226199196187,-11.093906708817457,-13.880554107075461,1.4816221031140555
626,12.314462225084434,9.452698478521935,-41.89284965046933,2.171534429108741
151,13.269733425536334,15.25181223615126,-41.03321127141829,1.5281096597570742
3554,-0.326655980642672,-13.592545297037887,-17.031272161752383,1.373747802116257
1643,11.372185441076628,-11.473487601777641,-20.551294465025016,1.4957332200611402
4690,14.072226256434146,-6.9960799943364345,-32.36834612026442,1.4911305569163713
5668,0.6792809392758647,14.06278107424427,-12.842046633845099,2.6714350783600698
6218,8.190848570178762,10.864512066883274,-43.685344143017744,1.4551538734442309
2272,13.774111837988047,17.800023216428734,-27.600000381469727,0.7999999132003792
2442,11.91885650155506,13.680165618730896,-35.099990069604075,0.8000102806270771
2311,15.135292607787886,17.00903290244937,-32.89051749347015,1.4693088666909875
5472,6.27445114008717,-16.932924692597037,-19.048263633375534,1.4695434138955397
5826,5.248545109188756,-17.83661763868482,-33.796028307339725,1.5055518402721553
4721,14.36427089592979,-4.375274528262636,-31.295935039674756,1.5121244895837127
116,0.4593948282980824,2.948957415055391,-47.28127251638075,1.6795237581093252
5909,10.684559679645492,6.577212036852268,-25.15999984741211,4.833136141667674
424,15.952696929437158,-2.6500973633036957,-29.988601258476063,1.4901096282991366
4231,-2.0878860741152354,-19.476261195978473,-30.75539785734616,0.7728368196864392
2729,16.516284863663433,14.15622183750034,-30.381731457113425,1.5229111145168384
4857,12.864685235188425,8.720257159564884,-27.531837904022197,0.8000102386047686
2715,16.463061702444225,12.905473517058443,-31.23533306993926,1.491000578307178
4282,-1.7158269518242664,-2.330540153975561,-46.34206362413355,0.7695604768913336
654,12.44380284683659,13.519989314177558,-41.94318470345615,1.5208907973389174
4282,-2.198252743357534,-2.5127199622036187,-46.33694526197425,0.7819778059496088
2021,8.456095220515154,9.791874973454018,-15.868918355260314,1.4969337671543848
4644,12.952093668458112,-8.285848936117183,-35.099992268634566,0.7988547233767406
4456,5.456415294390451,-16.994104937823984,-22.2054986997367,3.2027775186841736
6239,4.4377584589365355,15.00204238548633,-45.495618528314644,1.5042238907038543
4580,13.35663392860036,4.617512443824924,-27.600000381469727,0.8000059529216174
115,0.23643781621348658,7.5320307823369905,-47.36440672306941,1.3718369142143436
6071,9.040149307014195,-13.083675344124948,-39.814330658182385,1.4775011064231958
119,-0.5373472069486646,-0.3927482520542468,-47.19516230849806,1.3814903964751946
6560,10.299571608705183,11.699999809265137,-27.789111201784777,0.588648421129035
2730,16.412155302739418,13.011246414607935,-29.6762872510088,1.5063097805003398
1540,11.923289039221599,-11.13985148870979,-21.1329181503674,1.5052800461123317
2627,12.9874384100114,-0.30586851670014437,-16.57010259210292,1.49919117175312
640,7.221820911714966,8.288333184975054,-45.858039100604216,1.400898522250827
5428,5.197039953452436,-19.59873052893694,-22.103781518536987,1.6608653750125053
153,1.5920293188938328,-8.786067108720925,-45.95819826777304,1.3735034069571674
4449,7.818461824930042,-16.157468407383703,-21.413592808549893,1.5011622259264807
5810,13.666170584173502,6.499214087419862,-28.965549559632954,0.800881925932164
6338,10.308844361920642,-2.948494090122714,-41.52022104006146,1.4076651417152022
116,2.489300210856,6.7237649796400385,-47.259016726816476,1.4296751783486479
2771,16.25333826846656,4.590101318155728,-30.93739224627564,1.5088789262271285
2216,5.941741556082171,-10.090133608375062,-12.100480191583328,1.6175920028931803
4650,13.313321058643375,1.5822316346254943,-35.0999984741211,0.7988138815747918
32,2.6383160944668793,-19.092101145073777,-35.404979997204826,1.3603254353070797
1134,6.946780678969513,-19.98813349552118,-27.89225688226802,1.491376899186058
4500,6.056246121609323,2.263411990609696,-42.673105531359624,1.0625044951185982
4478,5.633149444860316,-16.85173212031876,-22.460372602131685,1.0657858879820545
2862,12.80165052467392,15.840716900497144,-20.668611185224005,1.5011114447429006
666,9.856689805096858,-9.805581586257503,-42.805991061565344,1.276845694514205
5889,12.52111554488146,7.299847406897434,-32.558724849829076,0.7998641772774703
780,5.092584567600555,-4.025162344324125,-46.23646298292175,1.4189451635732084
6132,11.369734029360309,-13.050683494228867,-23.590793273254423,1.5003039518025882
6236,6.075841901611717,16.00554451594909,-44.969614347587665,1.4823295155732743
6257,1.7440549813199226,10.064507420855369,-45.92840389805453,1.404477435449043
578,16.006717047629223,0.9558443151587676,-32.992270955029,1.5141504161684007
5795,14.342118619034988,6.499117861275989,-28.675576820418765,0.8010369516554614
2423,-1.8318781001930908,18.570725488145555,-47.31824196530247,17.404763019520164
3645,-0.4298150741597486,-18.19370034185605,-33.79128028290067,1.4091412433997297
1182,14.328700088071173,-11.949570078998825,-26.155785051477835,1.4895869899989176
22,2.02977205096476,-20.016049558806092,-22.720266756710576,1.3678224250245314
2460,15.594652975858596,18.57070541381836,-37.021493373042006,1.3698574599603603
1,3.843715399864081,-19.63736435543401,-21.789384659549114,3.65607473879835
2203,11.082669356767038,-9.158076657844514,-13.79286617013161,1.511441879411895
4299,-1.054538785907978,-9.323576516092114,-45.13760326607114,0.7407015299336459
3662,0.8958394724009557,0.7814895257560681,-42.26990928272519,0.9843977207421508
2643,9.251636551761713,-7.5273447713325865,-13.775913038452424,1.6757510730223673
5527,8.480510855808422,-13.068772700269673,-42.395518364222056,1.4916572374622838
2910,7.145586904814379,14.777103597537804,-17.898884920408193,1.4916846967243251
632,7.23389073121167,14.017663053768008,-45.98030356613479,1.4704234540961965
5932,9.875211259848019,6.500394067811988,-35.26482514915805,0.006036652583162927
617,14.26988014484376,-8.486072064775563,-36.91124287988759,1.5149108784319827
3791,2.2873297956829117,-15.16074558202151,-40.526507439436884,1.3921872141623826
2183,10.55793790171019,9.639835006917075,-12.118739012884443,3.3434494210033354
5482,6.871593892287658,-19.45880533506487,-22.861543700265074,1.4871382451860613
4644,12.098504431699503,-0.6378842588581821,-35.09997784672461,0.8000220937819903
2111,-2.302611827850342,-19.89825774272482,-28.20187601784523,9.542502522202353
2578,11.477553240341479,-5.957638493088865,-15.485071444404287,1.4767573319870189
5684,5.123323600622417,-18.320675534545703,-37.34536351472903,1.502404803766755
2649,6.616081562667606,-8.980655522569545,-13.729897388753956,1.6296757308262548
6400,12.905316217503803,10.899618944227367,-27.282291258626138,6.077378720866049
739,16.389150595548454,15.933836493629457,-28.255176719528656,1.502831307450546
703,11.210925221952532,1.3525755483300608,-42.86511015383447,1.5290723312128978
821,4.695467198971659,-0.4530608366777153,-46.65587728839491,1.42714682231457
3380,2.322332061305423,-17.79665291531081,-22.956371377578755,1.0809456331752123
3700,1.5589237703758807,-0.09808201868808145,-44.842101254317086,1.0637475060921038
42,-0.6000899852252087,-20.45422777079103,-28.476779956879536,1.3720644170993426
957,13.954944903778717,8.50171711514653,-22.80290047105811,1.5021806495373111
113,-1.2613127290651311,16.82197063698463,-47.54347629848614,0.7595982668709478
1129,13.508663243082374,-11.56964082050012,-37.18974909676751,1.4948858678598866
6579,13.871400375904088,18.43890457830485,-37.70519927633052,1.505100275228285
627,12.896075968639652,8.916291313486802,-41.145429375063415,2.9343170879686387
6190,4.651702219278898,-8.97336439900416,-44.07024285887034,1.3995740015878788
427,16.080951856223916,-0.6252936262095106,-31.43378194738487,1.5043558028741466
6238,5.963178320911948,13.348004380074844,-44.950139389403596,1.4594237880564889
1619,10.089427030422813,10.21097611460064,-15.243442931213684,1.5055736257150507
3896,13.381485404094217,-11.897540811900612,-31.208399349947392,1.4997207802610606
2397,5.75571851153752,18.57070541381836,-45.44083396761563,26.516403976898765
4517,10.158272318885373,-15.202171365706203,-22.992877492678595,1.496753217630416
4576,12.801376439317776,-3.4685407972468516,-27.600000381469727,0.8000011444091802
3321,3.3641835002822487,-13.616874759245103,-19.899052393596172,1.0713066817451935
2704,15.882946292965777,12.279689501946626,-27.01423225930497,2.5281776969278744
1223,12.623923047823993,-15.125235134736666,-35.626052692609576,1.492833069944286
3667,-0.28413617901751265,1.9564234558167803,-41.7119000320957,1.0052802273103392
3553,-0.6216585538796622,-13.43966670026885,-16.824566338309648,1.3864744320569373
2070,-2.3026119914128897,5.105519337117926,-46.98758301021486,6.452538622198979
1176,13.071631636519331,-12.971996586312363,-37.0856241499486,1.4975198802922283
3302,-0.3154006170831503,-13.515737567420747,-23.10999704328349,1.0563972040791967
2620,8.569157446107958,-9.536551427328648,-15.21207436102071,1.4987599933783013
207,12.207464462595432,-8.632906050262024,-20.667324251029296,1.5015821393891766
2253,2.7007610842084326,-13.778008052479457,-12.568912407952757,3.095942396527498
5851,11.407908110029432,-16.162591909867736,-29.933653639525794,1.5024220905766095
4279,-2.222065359531415,0.6396515700462189,-46.52338519352449,0.7912808468945172
211,10.951078142924944,-10.4718203656516,-19.599126239134527,1.5006601252532812
619,7.889535665277242,5.436290464832252,-45.463762336382295,1.380828357630069
30,1.684806389599475,-18.36299744338074,-37.66653816180332,1.3561867841537247
1186,7.266456697490833,-19.703472045085764,-30.134650786887835,1.4790818639541512
3653,0.8409219177107423,-16.761905493791712,-38.020630128316625,1.3826939791622537
720,7.016836672791281,-1.6681360790146713,-45.68070459133986,1.364607304907749
2047,12.057174060594681,-4.809364559556041,-20.527710886995347,1.4956574218177485
6370,7.631748326849777,-5.839950764675274,-43.42983799560489,1.356674971541041
119,2.5459192881779984,-0.9462250351648575,-47.024536338526815,1.4138989123178243
2654,12.95411759393448,-0.9905124095261891,-18.011727009443423,1.4975279667746448
3330,11.801685038891971,3.7707027492163214,-26.799999237060547,0.8000011444091799
635,9.714701211654605,13.756098443057553,-44.51959955363971,1.4945633044908657
6009,4.257574612554888,-18.773193010491475,-24.592092031417423,1.4709109962334628
6341,6.3470202440002605,-7.883705188133829,-43.72010500060938,1.3858776588052202
2992,9.712094494918945,-8.434286660207093,-16.711389438237294,1.5065326303505044
2053,10.331056681728057,-7.739746564382996,-17.849158548182196,1.4995855727258742
578,16.08541890599524,1.8522327902561715,-32.65246692955393,1.5274615661551008
172,2.105448034382834,-13.53945960843777,-43.92268011493436,1.3815530799820015
1171,13.697768111467715,-13.54935060275393,-34.93184585594269,1.501867775680909
5838,7.33592426988683,-15.60989953541376,-38.23628076220615,1.5003993245098848
5364,9.88851588298002,-15.386133495807512,-39.32705918970965,1.5141275329686756
721,5.571224629418422,-3.1231987628277986,-46.1435294515061,1.4093477335205715
796,6.347232430270771,-4.789002102310028,-45.68796801965803,1.3447979688006881
3348,8.229844699051373,-16.80640986257579,-23.891845583398887,1.0577425452191935
2275,12.794294333988514,12.143657689894452,-26.800015379246084,0.7999898823092646
606,15.412778598871766,-8.98689136398954,-31.57556120555087,1.4992224691425953
4662,12.117679341906612,-0.5512193026302488,-35.9000009211836,0.8000182708297079
4456,4.0201472877521365,-17.03614488403573,-22.11017513821418,3.2950695650176107
2203,11.847221031147914,-8.076832624694681,-13.948461057996104,1.4342258992692463
920,11.879861725192274,-14.305184057884937,-38.002651108670435,1.4994175838012924
4587,13.092742207813139,6.743675687514974,-37.16010734155891,12.00010907491709
3057,6.637422767471227,12.746523554767123,-16.909316717285527,1.4965038922073104
3467,13.033218138367463,-2.782803853934842,-26.799999237060547,0.80000114440918
643,4.819836883914943,8.70764850472556,-46.83601262078556,1.4485050440114517
2612,12.96351809436334,0.8268846296589103,-16.37525261184597,1.5043184516329364
689,3.7352816755946603,12.616974859119559,-47.19061379056502,1.521723741506608
2206,13.97954465075808,-3.5475964798265394,-13.019387968870362,3.452677589380562
1680,9.343071158454467,10.239735027176039,-18.64233004701477,1.4860531819854765
639,12.72686223360438,12.039093647936319,-41.47768087402645,1.512024599092491
4469,5.031071262411059,-16.396180209826245,-20.289002976348883,1.69018786202892
1610,6.454003441902085,12.67329480156316,-13.041548509177002,3.2481540215781877
2661,12.427227524472249,3.7167636552692938,-16.800648369034406,1.5002944029130856
6379,6.7476787983809015,-3.2905003033742135,-44.1573077234526,1.3436166477932343
589,15.81478196788075,1.1402193657927195,-34.131124428290946,1.5366455865647835
4708,14.719645415732561,4.3878363561883,-31.710551285108387,1.5164306220025603
6256,6.510865305301896,6.859441289911366,-44.6353410549305,1.393762542996009
6199,8.346405910240493,-11.187757453600403,-42.08715958195285,1.0651592487300563
498,14.111942889915897,10.02173086836987,-23.008843309118344,1.5055153717771157
4645,12.49000422172935,-10.123085254200044,-35.09995380505203,0.8000403478184035
6367,9.22334735848535,-6.677157851632844,-42.12081224914437,1.3979909303004339
1240,12.780080812919268,-6.7366494720882955,-19.302628838871605,1.4954434627143238
4248,-1.4437590066961365,-13.29246607362518,-14.677404189458436,0.7699173969083897
5106,-0.8026118278503418,4.675087062141005,-44.17516944778144,10.645851900772621
2210,13.06388782193573,-6.021729178515085,-14.221573112615378,1.4507147644893432
750,15.186330894777718,-9.924789726603851,-32.4036444858542,1.4954300556137519
1057,8.983178086049037,-19.40060782428384,-26.380545707522458,1.4763115574375867
124,1.140765112124511,-5.563451320840836,-46.60478857914348,1.358062968209143
624,11.825487067068469,4.333062027548271,-42.326351329832775,1.4816102000993818
4265,8.32316146938327,7.419854861422905,-42.21691233620585,0.8000492991924544
2254,13.406990860671606,3.2937178944889274,-12.100434411394097,12.943276443074367
704,10.846120366970453,0.7515665221536735,-43.20557673041664,1.4288657900152975
1776,11.498607560590688,8.720000630429233,-22.612763971281243,0.7999986226981165
2224,11.194161656746733,7.410298333575774,-12.100432888929246,6.734970262240458
4028,6.00503730257226,-17.796498367864334,-23.041866340256085,1.3758934085510865
2357,10.220670062866574,16.38144547786276,-20.074174973221815,1.5169112833141438
1142,11.616506303295743,-18.054538393654507,-29.20414010785757,1.5090203385060295
31,1.3907216883176856,-18.89336238928126,-36.274102773724046,1.3704023834215047
2218,5.889695042331394,12.25801452141603,-12.100473375978385,3.620045827126852
2721,16.391436547181183,11.410921717539466,-31.599714765866977,5.71002256343055
628,13.224578491999758,9.68355154172156,-40.701138893915484,1.5238271206088652
1559,6.950195767820625,-14.06779162453918,-17.759875720118615,1.4957734155635496
2824,-0.8026118278503418,15.499179046108663,-15.600539844220112,6.568479985801087
2706,14.378850583405436,6.356568319656508,-38.59356722716043,1.5184921720332774
4864,12.240938350757002,8.720026308150743,-34.70948517616531,0.8000310167579765
2206,13.854086251642242,-4.110793311571299,-16.99741264166327,1.4840885030013027
1648,15.996860868477718,4.769089770825472,-28.300165378702957,1.5206097172150883
5817,11.424977839554655,6.499999680674765,-37.034726070524016,5.200000128592489
4075,4.4029632980197295,-18.084891703646136,-22.686910550039535,2.9247606129327837
2067,-2.302611827850342,16.217334139213754,-47.147692574750266,6.437222879267222
4573,12.367791693091037,-3.9564259969855575,-27.60003786509043,0.8000386349602353
730,16.857965167139938,18.285799858380862,-30.088160098515964,1.4984273102403518
4440,6.9899997595615515,-14.517061323243718,-22.720240661733477,1.0145813829271924
2840,13.076847451820907,17.34028851672138,-20.776710216064842,1.4917685843820458
5546,9.379630336839433,-18.83761093239117,-23.985717800826077,1.5041004925718091
132,10.553436789461154,17.202501751491635,-44.093650770185874,1.4835401285052734
264,15.040900821617722,1.6548174599325882,-25.16413016718413,1.5003708230481552
538,15.827942626576926,5.620523311749901,-34.61670808487693,1.5036570880277407
3324,13.832918691583455,-2.3737413119174517,-26.799999237060547,0.8000011444091799
624,11.27560673348909,5.0093986496466725,-42.91406178444972,1.4418237013985387
4917,12.407157351579269,9.520000109629846,-28.477562493387587,0.7999535101195835
4471,4.287556603439817,-16.69185353264795,-20.568449102719185,1.8698513543075852
4587,13.422577614815722,8.121445862455193,-37.160090654162694,0.8000900456203565
187,-1.6502691739872837,-12.42256600705853,-44.74522709299415,0.7492490126638958
151,14.206441784479022,17.043130018409524,-39.93213253742359,1.4997955873244249
2590,12.445456651582578,-3.6495569419320995,-14.71364873073596,1.4765307952256133
3381,3.0970986134351213,-17.620265466129016,-23.149327493579896,1.0553930217112273
4640,11.499999046325684,-2.5209491965932864,-35.396953914355784,3.827627907966571
3336,14.073589943002514,5.50732041232622,-26.76428675497795,1.4910708784105782
1256,6.24997361990035,-12.786466286940527,-14.922309548331391,1.491842737122402
541,15.380172146899188,8.647450175092002,-25.78260834482982,1.5091793191105651
3665,4.889077975264225,2.1143444002659373,-41.65724302070526,1.0541505165078269
4741,9.792351917314143,11.43067552898319,-37.15553413881592,12.250592628559373
6190,5.39942090807546,-9.544013731979984,-43.7224470670282,1.3421116819774512
40,-2.07998503328434,-20.17467659248605,-31.361204475848616,0.7820411181084457
2669,10.63299440308312,7.309642343399466,-14.782976328270546,1.4899768056821197
111,-2.106616830113253,12.890307492751333,-47.5327112850384,0.7795066858396349
39,5.253791542985458,-20.059884296439133,-29.87906976621087,1.4841107695631113
1724,7.028461677388025,11.921420716898137,-16.700675520029503,1.5019208365920265
2206,14.150973802063884,-2.7771255952371674,-13.41044728377496,3.435063186996497
2265,11.2084113746832,17.938076124144107,-20.825849647275582,1.4953849319199124
2259,11.954265686914438,-1.6828203627376168,-12.100363249505044,1.7227221480728276
742,14.64425694878339,18.404517698586766,-22.787736695181607,1.5031366367305068
4734,14.132700819752094,-7.051059575066882,-30.056245713235963,1.4939970819726718
2261,11.745848232594698,-5.4013129956853705,-12.100406131234964,1.7189716445825856
22,-2.130160049241329,-20.39775369755659,-23.553848362378158,0.8079908323049415
2594,12.995353656008218,-0.08121719884448338,-17.020533916978845,1.5007204661325273
2437,13.765195191046852,12.239192462030651,-35.90000030123429,0.8000231105159724
459,14.208082855963436,-3.461142478637892,-38.1906161666526,1.4956959661378655
178,-2.167289897126567,-17.544517161517312,-39.806101649643914,0.7835379407889258
253,13.552354642675438,-6.052071491608397,-22.374195521916896,1.5088619849296963
4721,14.236901828785003,-5.751327998762269,-31.561982098374624,1.5038695668756632
623,10.712197456425573,6.9969251418603395,-43.49993071180944,1.4714963452889969
2207,13.783783700951174,-4.41008823121461,-15.93329395890245,1.5023677431168605
6022,4.312133169581094,-15.412325528536309,-39.82188973522404,1.5083356244390724
3302,3.3060332349099038,-13.115093392339949,-22.342535697929467,1.070427921307965
3488,12.817841801685102,-10.373218853061037,-25.610753398454243,1.4970897109429089
110,1.9247357661489721,11.541033177456843,-47.34134597119116,1.4091549459153174
2547,3.3588612983254618,15.305740246917095,-16.449993708115553,1.8164476448426832
6106,9.366735067773051,-17.577521970507497,-29.484761971986103,1.4939433112436895
4811,7.80381531349265,10.019871848722325,-43.65497152639571,0.7999686582697175
2255,11.386035508503571,2.068189718390572,-12.10035261962335,1.712801925519467
2222,9.735673226846675,10.455502102296412,-12.100455104741334,7.325149616167766
6349,3.6278756603253313,-7.188415695348446,-44.64917744877515,1.498852186705061
5594,1.7142429452565908,14.107368812744578,-13.089259049202765,2.0275635110787897
2612,12.971830029670585,0.7290893095085144,-18.681335287522412,1.501785718841486
2567,0.3975119859471223,13.219908231817035,-16.06261990323573,0.7999086351034314
2306,15.371319041475882,18.298142235757233,-30.39978733059976,1.4860019261331647
568,15.408054366020266,-5.277050314867243,-34.329705824453704,1.523902425923638
785,8.004256002593861,-6.460767088864428,-44.686574768086906,1.3587329935823462
1271,14.317132724888443,2.1878047731424353,-21.193444905068418,1.4978285762450587
3312,1.2725489332569309,-13.558357140923508,-23.219076641906245,1.0732212422616454
2233,0.00037177614792965885,13.785657434957269,-12.100455284118652,2.6348134048880523
1392,6.767172115338356,-12.642419005506417,-15.67682684627199,1.4944206367629584
1378,4.086537268933088,13.869513713680568,-13.501929334487858,1.7700588252088634
6243,2.791153025378386,17.176506134638856,-45.8944056976508,1.4905098906999983
1743,11.677059173267493,9.810668636629376,-22.047577011200715,1.4992687287105755
2994,10.123369128881222,-7.964436417856598,-17.3621375318778,1.5097260052086132
4760,10.18735444823971,11.134385788063579,-34.78959803578053,0.8013410527910134
2600,10.124901396216945,-7.9585981323982,-15.32219638891216,1.476499281422695
4866,14.371691819462882,8.719812709055637,-32.966876914156806,0.8000207725079402
1989,12.84748010988596,-2.189981904403373,-22.392400038112488,1.4978199452205458
4715,14.223197585589393,-1.456076689443855,-28.08145137821356,1.5084993711379453
2210,13.446087021449607,-5.163682054288078,-12.266111989946836,3.4226039063237814
623,10.096683794891836,8.915528544250098,-44.04706177281333,1.4509276821971988
4920,14.787437741464379,9.960707796023842,-29.836043690904987,1.5253217546443238
4432,5.463353456905066,-15.524204638090104,-23.117396864651038,1.090157114820435
4282,-1.0558214745996273,-1.919836656231709,-46.36108506216023,0.7519140815789044
6508,8.597131820380422,-0.581637369172546,-43.233736710468904,1.3621825183508132
2680,15.652394387011352,16.50314606603111,-25.404868037824848,1.503243852031794
2781,7.142319909040486,16.47725332192133,-16.191909693371645,1.4843219386762994
1980,7.919775146060569,-10.266124725199983,-16.987615456315552,1.500957935409921
6247,1.7138887635692726,13.887015932343253,-45.97638225397357,1.4001031403837059
3124,2.436390234095309,-15.042423477647596,-18.98657808332887,1.9822947216413773
380,12.773493593355573,7.616361702791226,-20.430252746453895,1.4942751764114974
2240,7.57300890988524,-8.668634013175328,-12.100445139703048,1.6461423685653125
4330,2.5800744315538724,3.950404099297809,-44.33314887375524,1.0053295687330002
637,13.95868193511739,13.854149724268778,-39.82483582299339,1.512456555493005
750,15.250686939428723,-9.79289351661412,-32.0467071350883,1.5034715605846294
6419,11.04802065085591,11.699999809265137,-36.61327902103048,0.7999992370605471
2388,13.19936360358085,18.57070541381836,-41.22650323291994,2.755227415985766
2260,13.220765736053025,-3.8179749599107966,-12.100429417457892,13.067982088393698
46,3.439200726271057,-20.380793396292777,-25.950191926716506,1.385657692438282
29,3.3334563782031217,-18.65927065613943,-36.716455081042696,1.376535807995269
2127,16.845752785613,18.57070541381836,-29.727596450024627,0.3241361587587285
2236,2.4545802814312645,-11.30723565636606,-12.100579969904048,1.5567122560477482
4560,14.36601451657876,5.370149611497347,-27.855143726640815,1.5059812081627595
6204,9.418416284738392,-8.765857011805682,-41.66525749861184,1.3141425091052819
4577,12.903449241572025,-2.4036111727443763,-27.600000381469727,0.80000114440918
6473,10.025441294595675,11.198569789714629,-37.158569903696545,0.7091479382846984
2932,6.389155910132981,15.564300598789233,-17.5058175887606,1.4975421265562885
4462,4.533227770133239,-14.794699176184265,-20.281904762255007,1.0536334582983355
546,15.757431480327295,13.466825437764369,-26.375276615400658,3.7990220341627277
2220,8.753085935566308,10.821779988555209,-12.100458703949133,6.009671190471789
113,0.5458713621372819,17.27374546169232,-47.470643124046184,1.371564570277773
611,14.966293008665346,-8.284123947596097,-34.841800628673965,1.4918764208706858
2182,10.793889166839085,9.462569474686378,-14.842566953212735,1.5015140002506555
5652,9.871299321744868,-4.782133319664391,-13.103131388515873,3.4258007731746836
31,5.138033648623447,-18.954293715723907,-35.49774235396414,1.5010625048833233
3411,10.787183422154214,-11.693621882221024,-22.290401941101166,1.4972845505943129
3792,2.8306526827087017,-16.337564536711895,-38.654073467692086,1.3956318035968311
2304,14.764397381803798,15.028306153940543,-28.27087157075392,1.5215999796769706
4938,14.721715985864247,9.929480295785929,-32.79140319410567,1.5190632185187327
172,2.8301064668990668,-13.860491300462062,-43.66868851081509,1.3987914202789662
2163,-1.4780098915104098,-12.206076729929489,-12.100475230667758,0.7881905573605795
6584,13.810776376392598,14.810686675772635,-36.904647617654945,1.5164731953261843
252,13.761895927872377,-5.862384393746101,-22.91468121394462,1.5002910751617693
3381,0.7159773867860081,-17.21739098400499,-23.54487698003073,1.0313792495623548
1204,13.071519906065985,-14.607019935432668,-24.46499903815255,1.5016341513810931
545,15.681870772272351,9.175959549048255,-26.742915519023413,3.8320780666721665
2428,-1.2132283199159455,18.57070541381836,-14.920874466567327,3.562018257101346
4864,11.956728440478686,8.720012484485588,-35.185334765531735,0.8000141414815649
1500,15.385949728715188,-2.564017285632482,-26.69234447378844,3.0621945417162117
392,-1.737514446838085,-14.715567778621296,-16.12664490880279,0.7695238196513972
893,11.250477159140297,-18.024894883053662,-25.541970367411704,1.5028793723465015
6398,13.79656601153387,10.900129965208805,-28.75490033700304,0.7996419582150218
32,-0.3640171153683246,-19.54227548140905,-34.19511977793821,1.4075947953065713
112,0.039165109697060246,16.57761321395152,-47.48329595824304,1.3751879867849313
1856,13.043371319194982,-2.093866300816273,-23.82827160922711,1.5033586634774223
2873,6.11254776274231,16.28770321207715,-15.751505728345816,1.502366421988404
1163,14.595195711735432,-13.013266899776212,-28.74692652176472,1.49939334661682
3819,11.90876015155722,-8.719433139882314,-38.326569810165864,1.5003132909557375
6407,12.018898875086297,10.90000057220459,-35.85136110913487,5.189604505420622
2604,4.48651146110825,-13.800970175415275,-18.26320250860399,1.5134346546328181
3672,2.0110824581087567,2.81254065849799,-41.671965144402904,1.0615861430890166
4682,11.528111188335208,3.6329904137539133,-35.900001525878906,0.8000020910448645
4433,1.0604119509306464,-15.517489672072546,-23.100697795339563,1.05516194076164
1256,6.464471883378664,-12.673548277660466,-14.89925710927381,1.4928319273218393
6155,6.259694395679134,-18.596989975995132,-27.912568281353558,1.5039052059665974
2437,13.807248964338271,13.172554967017602,-35.899998181328996,0.8000460029627328
2441,13.07785482696039,12.288306705061158,-35.099975251969354,0.8000249382654498
2245,7.080801400014078,12.351457684858302,-12.879580968018569,3.2574978669349917
2261,11.877016952823436,-5.5134477368929415,-12.100411704839496,9.350720593985091
546,15.78616911386839,12.104093564150116,-26.706849140347675,2.7705059889009807
6358,11.525587403936774,-4.168187500810666,-39.82676714921251,1.481243767445152
2452,6.171479674067212,18.57070541381836,-16.182489320480556,6.175404583496739
109,0.12924611481908355,9.648439925200723,-47.39835501156123,1.376122030215926
5614,10.577292186910222,2.951921967141464,-13.068930617158284,3.498079468654804
6204,10.046970655864406,-6.726880921195449,-41.33881144377093,1.4159946840749913
308,14.137702163636616,4.846431601316146,-22.867371320650342,1.491335525083484
433,15.654145909054005,-3.3663620806487247,-28.002480081112335,1.4902546701187034
2166,14.450183979439412,1.1457930908885696,-18.862900807580502,1.506129370664985
112,0.32008367907864643,15.426096286563643,-47.456113484343525,1.3725347463786786
1737,8.99393501344966,12.70287334063019,-19.10392866175731,1.4819869750866599
827,12.156277033171023,-17.029570128632656,-32.60356321940599,1.5138017198659177
1241,12.470861390851518,-7.303822456567371,-19.215227662157744,1.4992166745206792
2722,16.322939308897343,8.975994684716918,-31.533336197646683,3.898518976977358
4506,0.7351956364273406,3.4632114135331413,-43.05473083246936,1.014588126875166
1106,13.955111554970285,-12.554613853261166,-35.259153408661376,1.4903753036144642
6244,3.765324288445982,10.730861345477294,-45.6088450767986,1.4957380025123286
4768,11.791555403485697,9.519999504089357,-26.72615799848384,0.7999899147878864
4256,7.1275299265436285,8.219921100858596,-43.03680468108074,0.8000276651806387
5869,9.631293337087083,-17.512025170854812,-26.758377052630532,1.5005977866450726
31,4.813704284529005,-18.735482100646834,-36.28074847424684,1.4947257020164415
4858,13.60390077471384,8.720264360206162,-28.34010298366473,0.7997386082424743
2800,-0.9984339650359395,18.187592605525595,-14.777203991770023,0.7442956050201329
2549,0.34794559538869196,14.552628534066054,-15.435401321606985,1.3317044207345505
2639,1.3043849663826723,-12.223204552548737,-13.637341169663287,1.5370901246636308
2517,11.153151667308276,1.7580245506014063,-13.809097446696017,1.7090175041266515
6091,2.3733213406662492,-18.00533430581386,-34.1657321423869,1.380862141372942
6393,13.090744755195123,10.900177268280252,-35.423232150410385,6.260477775296738
2411,3.632557293714475,18.57070541381836,-46.850736778549916,20.72740795734605
490,16.128558880275644,0.22072465276702147,-30.9966932641162,1.5143300601625864
2218,6.401594231011133,12.39465644874636,-12.100462501566994,4.318212850878822
152,0.8764333458969623,-3.18810221625501,-46.92495005702794,1.3733534624415573
6366,10.06255829339431,-3.186852963960578,-41.74637977984767,1.4182466934835556
4879,14.656940110992878,7.8087328929885125,-29.149409949890252,1.5192271241708304
116,2.4091008321377236,3.28671238291958,-47.202079078668504,1.757103350646927
186,3.4175958993051747,-12.196928648715545,-44.6272641556227,1.008121478882889
3473,11.744111288575374,2.83603634694446,-26.799999237060547,0.8000221239920747
2295,14.69499771976281,12.376892533506904,-33.57782035143357,1.476209764662579
5644,10.981216855247263,0.3819438698004374,-13.436629844538324,3.505121990716812
109,0.3680959529266594,9.125845489711644,-47.38186383099132,1.3736571741029928
4640,11.499999046325684,-13.842062233653989,-35.683090566906074,1.809511482533232
6310,11.971471263240643,0.8890893975955386,-39.571123934860665,1.493140984409673
5690,4.232704402564144,-12.948574457015983,-44.150753369523656,1.0891672425787846
5557,8.30714323219254,-16.29399349360576,-19.717040460034802,1.5011588648343923
2467,15.538655064526328,18.57070541381836,-25.68141918674176,4.702985389293997
6247,1.2780770627498823,14.668616276777518,-46.02568201279783,1.3791693558668097
1630,14.860805245746139,-3.903679005199663,-25.297405313790662,1.5075639338591222
2258,13.219388063592953,-0.5579468296776167,-12.100407369091585,12.04873294817176
4308,-1.96972586251763,-13.041650011617957,-43.5427289114804,0.7719556767052567
2726,16.051590904171693,9.758177036192222,-28.203616439145996,1.473974924382465
3838,12.309568887846185,-11.771676235794166,-35.909077647886036,1.4977128362692886
5983,7.18449515362902,-16.369589907072665,-36.88085163247473,1.4894048881030295
2290,14.63070888644003,16.66161028553379,-35.098457242564336,1.4545201629653455
641,6.516833443420729,5.448215824548751,-46.14616274737283,1.385918730332518
6271,9.786120061579583,18.473663153964623,-42.907189937601245,1.5032823385303062
1774,11.332914234830636,8.720000267028809,-24.119887787186187,0.7999992370605472
142,13.438145175111393,3.412356790967782,-40.160058057003155,1.4975661290695184
2061,7.491865752369885,16.06317380568173,-18.066449596838417,1.5064024281372763
109,-0.2392346838537881,9.980998225469552,-47.41830516412756,1.3795914074607531
6262,11.910313917530127,-7.3099254830620986,-38.789393758022086,1.4764805526810774
474,15.526528285108796,-4.105697027961935,-27.610534360445328,1.4922489335337465
581,15.315601382436869,-3.7820704024153438,-35.19851483542324,1.5185233773043316
4645,12.416125020861742,-6.490202643841313,-35.099932060105985,0.8000608710466752
2203,11.332002850938162,-8.805468236952859,-13.928908287580402,1.4776485474947798
2600,10.384448177114553,-7.624467640087506,-14.261263354706333,1.4574353632418895
1706,1.1438270313576533,14.035209739459672,-15.094107935816323,1.3630557033541555
2737,14.227239504154804,2.888727393775561,-38.73630202555583,1.5132320500013945
5922,12.25081140609231,7.8414965449608625,-25.15999909565108,0.8000018961705707
2168,14.480284133172729,0.5269503046557222,-15.001561564668389,1.4945295210541605
6244,3.894948185915305,10.751137462746062,-45.58130358225576,1.4869932618172665
2642,9.988669351339258,-7.381580935570366,-13.788763101189891,1.688607223626096
4262,7.445062303730953,7.4198952075326385,-42.92714847196075,0.8000047012047424
3003,12.59461730753749,-3.1134004270083366,-20.772196859858063,1.504577202197966
189,0.2707784242929836,-11.080089837302872,-45.28091444889379,1.2901610278682363
5985,6.489393298256049,-15.501326601975318,-38.85203333493298,1.5036713288901815
5828,2.8150085154666895,-17.807494892239458,-34.92323074697074,1.359198733933651
2198,10.048164596628762,-10.214427439028306,-15.526620019384374,1.4883505476188403
4567,13.755064382342853,-5.64891367481636,-34.62873118763231,1.497198658042517
3670,9.036886904593038,0.8536252364164035,-42.13734538323944,3.1625457035877944
4444,2.725213342984928,-14.075149263144585,-21.9059153093524,1.05365513232833
5394,8.98829040801666,-18.434837049631952,-34.05752809735852,1.4821862322074997
5842,8.420481546025758,-16.371623628276666,-35.898022283327784,1.4774413877851253
5984,5.382212174714029,-15.959534677545795,-38.64961611455269,1.5076598748128798
2204,14.122607191374922,-3.1768540266168097,-20.05638766918347,1.4918191878117033
2471,12.491867088760827,-7.072925019717795,-24.11772351912232,1.5043469187511456
6366,9.886401971658056,-3.6757112220345896,-41.859843329870316,1.4305863921264497
637,13.594770328099294,13.194378717647158,-40.3486005596607,1.5218986048173822
4652,12.90867048257546,0.8890358584077478,-35.099998474121094,0.799139524431415
6211,9.892270829029448,12.310810198312218,-42.358735166678414,1.5188103048853787
658,5.61307414906588,-8.419054093803995,-45.3860841759816,1.413075272337107
6242,3.2071174025871563,16.231208504071517,-45.80034859996532,1.516426178477796
558,16.155006936451894,5.540824096079429,-32.59049748474681,1.4724292314149965
4064,11.074637824273893,-14.25564826507003,-23.84214000320044,1.7482245258295857
109,1.1964250283627509,9.719281323808598,-47.35256338802513,1.3728655667220668
5399,9.445067176278998,-16.279630430664195,-38.53515509225227,1.5040244512363357
702,11.59266327380836,-2.523556518980596,-42.237234589973525,1.430859401748425
4313,-2.1337780599998437,-18.676475863559233,-34.778873122618826,0.7518878687396232
575,16.16079156463529,2.807682073196175,-32.23347535972969,1.5301188798091634
2867,8.22717593006091,16.086415568115072,-16.749934727789494,1.5072642431818375
269,14.15788947275552,5.101971757755838,-22.99306086845275,1.4963117230282308
6476,11.372311800833222,11.28526649912631,-37.15999964983436,12.000000483805541
2436,14.143117384183741,15.027255149196737,-35.899994106450976,0.8000463820846164
42,-1.5712834668176114,-20.413233077383698,-29.194730967017875,0.7675457156635038
2838,13.629712098314577,16.848468117846355,-21.579458117643583,1.5068263356618734
6550,13.289180497383734,11.699615983042078,-29.678723304999387,0.7993805712635567
6285,6.439554281226722,17.045951065808175,-44.848433294678266,1.4834472898809767
2382,10.092021790491424,18.57070541381836,-43.0277882067561,26.466888669757665
119,0.3414262383203983,0.04458764104691726,-47.1759506777731,4.334390340613777
2307,15.182094921024166,16.675397679240472,-30.0399234090806,1.5078324354655814
6216,12.176312322949453,11.532854671665413,-39.62778007692555,1.4954953540632607
2148,-2.302611871305761,-19.609461281635607,-21.06969375745746,0.48213944427493594
5870,9.063243733577407,-17.807131363567656,-27.076775834622758,1.4897380424414142
1101,10.59732456874445,-14.553343341500653,-20.678044307115673,1.4996042741969902
5838,7.32251415854218,-15.334982072190641,-38.66751737246091,1.5045658855256656
2124,-2.302612066268921,-11.827546354730785,-12.330437233991992,10.158520233966858
867,10.583369919163493,-14.24866763349444,-39.73762832775469,1.5024167683825544
5589,-0.6335740288590395,11.048285596598724,-12.90172526219097,3.100910404000625
1958,7.769035022357361,10.698596899364595,-16.25791595577418,1.4912432916108669
645,8.744637696828963,-4.294489242830669,-44.49153960001313,1.3457049624664357
5772,11.499999046325684,-6.20988511906859,-27.59131110288723,3.8728029894160474
2902,12.851389058573258,7.497856232729866,-23.930286013745725,1.502791845431125
4776,10.009865183636968,10.953852873847836,-26.70372008888383,1.0564978998997598
2845,8.103154906053799,17.577542736892166,-16.61163581974806,1.5034346685836077
5983,6.189793847973403,-16.218758652719238,-37.79731759945609,1.5227694273603873
2306,15.383179945944367,18.28144284571471,-30.615983100459466,1.480742109721612
3182,3.1663837862414534,-13.280400910828886,-17.22339633593224,1.5133510361440605
2292,14.878524744820751,15.32904635249648,-33.418758211787114,1.4541870456976842
3540,0.4548005828121664,-13.31864867794182,-16.706664116035924,1.370630791497509
5784,8.58003700443373,-15.458072647576623,-37.5336853253255,1.4815538221825448
665,4.153071978249308,2.505132386338794,-46.94441080076554,1.4727031350023543
3179,2.921652217878112,-12.439125761122911,-15.27864397773406,1.4698027902856774
2020,7.182250153662332,-10.579626114688784,-15.489439791676576,1.5000441362922292
3653,0.9801723875863262,-17.001967457236745,-37.47467617287519,1.3649271963758174
23,1.476658824861773,-20.132701812337384,-23.101830087103647,1.361835896270687
2189,14.495180169248332,0.08427623392594669,-14.952470525054302,1.4988282317155601
4695,13.988308251467448,-3.0254159047390963,-34.41533492401597,1.5164851807266548
4500,5.26161302002231,2.2006100820072922,-42.67566298984595,1.0447945252116255
2512,11.173092378652917,0.18690062601682744,-13.809448634130954,1.7093772444224071
610,15.035954142113791,-8.453302392014987,-34.490694014482855,1.49790758724955
569,15.669280621055341,-5.062617756404749,-32.996328486435736,1.5127259210195974
6380,6.697023447976507,-0.8477230805516127,-44.3874482788175,1.342086207693506
686,4.483114982177074,-11.135643342349487,-44.94602862257035,1.2466424990133165
1628,15.06870391681015,-0.011386155038738473,-25.314368918923698,1.4998879000245786
819,11.162900663903576,-4.032743620022607,-42.58117873740241,1.4334036339256442
612,14.845011389578717,-7.472852836274733,-35.61367731902478,1.5497862910796378
2226,6.568587390318408,-11.591653701345171,-12.100464242694699,5.273457511817588
2820,-0.8026118278503418,12.919358936910857,-13.501793290845901,6.9078577395333145
3076,10.06995978557314,8.037674716011093,-16.250637455643744,1.50323433580137
2313,14.525677050740052,13.801007798095391,-34.6454744351563,1.4787569616105953
3601,12.251613015667761,-7.67411597816364,-37.99058069580651,1.5023300767509584
829,12.315750241448882,-17.32174485931963,-30.46304363138558,1.5059701313736547
6560,11.155104372946877,11.699999809265137,-26.4992826878583,0.8000201699377929
386,0.5612177137550621,-13.877302338370399,-12.733672902679377,2.8877899236642857
3472,12.568477922508597,-6.821124488795037,-26.799999237060547,0.8000537456538309
5414,6.073278015261042,-15.930505870561543,-18.32967388553521,2.3940276432264733
5882,11.694319765959081,7.300286493217232,-27.213840626755353,25.24761509712223
6190,5.528766403130772,-8.846535710705691,-43.81907005336978,1.3763267563800654
3309,1.569664423892149,-13.994370736086662,-23.574883826147612,0.9899190533342425
5628,-2.112781238509184,14.843184953911589,-14.773994054433405,0.772525679188514
6558,10.535362482581906,11.699999809265137,-28.33813474824538,0.7100688217750658
4955,-0.8026118278503418,-16.987085808808853,-19.284694573396354,7.5063594310330775
39,5.3903371021470186,-19.922521673294817,-30.79957187654454,1.4847449762312912
1814,11.845162799316153,-6.208408417588696,-22.22762506629121,1.499639352611798
4358,6.713852457055622,1.0932237779291358,-43.42549056878971,1.0631501153991902
3634,-0.626808365158116,-19.143709731486513,-27.005050039680714,1.388037624930526
1065,11.625507714122977,-17.453067742630328,-24.863461304355354,1.5031615571687547
1106,13.762736620547539,-12.98582998203684,-35.399031144166045,1.4994978468818212
5824,6.457641219518241,-17.885771451219487,-32.69081557485772,1.5226318055255184
4329,2.509419178633528,3.9690585028316403,-44.22647677513933,1.0121737073884072
2552,-0.7574022405114955,12.2707257134356,-13.60120438365294,1.5009450333460739
689,4.40862215319256,11.196069457110754,-46.9829952641003,1.476231343166483
8,0.7744020559617192,-18.480460560971856,-19.489028191728682,2.096906854811479
524,13.886264136735587,-9.415468934619557,-23.98887954662021,1.5011335928661542
2845,7.029712637105165,18.464992444433204,-16.059147701319063,1.4922520451745165
4465,1.5308255037410554,-15.73289543988098,-20.0829980807347,2.8102737984423767
5067,-0.8026118278503418,-18.85071019183242,-32.514529491652894,9.72206523865261
5371,11.159833334665525,-17.155847762158096,-34.63558009901085,1.4926320905500308
737,16.496136487901683,15.580214666848358,-29.133900816152327,1.4872871039797595
176,3.497432337001482,-17.72096705675793,-38.95458282712746,1.4096391188367847
4448,7.920561585796781,-16.420060439204732,-21.7274377600439,1.5027389350269595
6471,9.913969060663135,10.94220469029555,-36.90220465794212,1.071684134747055
5808,10.6847607379658,6.5,-27.45564965709746,0.8000644018494345
2175,13.131449729046965,5.987363173069252,-14.163959875980472,1.484426860119089
429,16.012597729619877,-0.6974028085777364,-32.38359501172408,1.5141395355130034
3012,7.777713296460842,-10.14922956964665,-15.085120213054179,1.5028406266825276
3562,13.062885773225458,6.8696815187878455,-37.85492392843566,1.5209380215736181
3591,12.657608889067765,-1.614924173214126,-38.17028407631339,1.5042931900080283
667,11.999590694954463,11.47494961377251,-42.33903988895304,1.5327483315259092
1032,14.341576631934997,-11.83396196473661,-34.65274398606102,1.5018494217351643
2492,5.801142118873569,9.651908666785648,-13.715684719924258,1.6154388756474252
6147,2.9525462004723098,-18.522263741441765,-31.61410499668892,1.3646565378796263
4496,2.0922976344186344,3.6052879423151314,-43.24900309093261,1.080439005237648
1547,12.749486178617238,-8.703710300308133,-21.764943214685236,1.5051983198760812
3634,-0.5274263152396165,-19.144163172143948,-26.856911054123213,1.386268992328631
2252,8.43915588134061,-8.745195548137298,-12.100435556571934,1.6612733704720328
3856,11.644684885195,-12.02332638362362,-37.153831907927184,1.503839733648424
29,0.033325190028673624,-18.851736640601665,-36.598239636070126,1.4026167177920301
6090,4.804268845386409,-18.032448580590042,-33.20623197430746,1.474172225546623
4815,12.529927162263716,9.520040917751844,-33.18155705310757,0.800022003677804
806,15.301196763612671,-5.917453093105532,-27.178562297792382,1.8909255912913545
4997,-0.6228382647845854,12.043358524485612,-46.07376776188836,1.383049673360488
3466,13.731705933381155,-3.8136674040482057,-26.800009536972595,0.7999908446647653
5634,-1.6114319398157095,16.946105612710465,-15.522141724115205,0.7627831581145007
2293,14.961098408690884,13.903378978126495,-32.04810352708117,1.5157693501528606
1,3.7244433351045108,-19.673718570620377,-21.877111159180256,5.745559264440998
1171,13.720760469421492,-13.505175803772588,-34.92031358479567,1.504381246891542
5430,5.966643287357572,-19.534472621001683,-22.3487945717005,1.6797963493039598
2189,14.488735336593,0.4039113569437282,-20.379264026052333,1.4974793294073816
5533,6.4196470714179235,-15.399690775486569,-41.56085282691567,1.517006235583033
2264,13.00380361932812,4.976897936582136,-12.100439296209409,12.017785977217443
2774,15.881093164786224,3.0171420051851747,-34.05483776111198,1.5116648438506746
1651,13.673644416126582,-0.09702408089334229,-25.901066493424096,1.4997910523689837
4105,2.895867985036192,-18.136908114050822,-22.481464252244734,5.00578337207734
112,0.1695415391297308,14.85530102583218,-47.45518845398239,1.3736346896749903
5826,5.344669515194186,-17.66755735112277,-34.44207931868334,1.5045765541315914
6561,11.065043635824543,11.699999820961446,-26.374591634062217,0.7999992487762052
5502,13.291415252546951,-11.363696033758902,-23.28597348538093,1.5003021424846628
3313,9.660473962074077,-14.667427876071583,-24.034450563454588,1.059987525257211
3518,-0.2772328615419726,-12.55602101362571,-14.070656644044025,1.3717983902078106
266,14.69202829862988,3.89633196931516,-24.226278825001692,1.4983202533491078
5179,5.819940886875276,5.015727930386021,-44.7328438138373,4.861280785193252
6153,6.98995456480265,-18.46950697286092,-26.633127538220073,1.4814936778092216
168,2.4452808547064007,-15.106635616660474,-42.66041345401462,1.409951724384994
5986,5.527580898556312,-15.193652721357779,-39.73895726036761,1.5116980076798885
2203,11.619153380674643,-8.399323230538794,-12.874953749695447,3.368853310184589
667,11.51614762274745,12.624521839694566,-42.90208022157217,1.4873621729536832
2104,-2.302611883012239,-15.984700303797636,-41.89794860658057,2.12443975982576
37,1.2037195333034354,-19.876852487254585,-32.22059808199812,1.3710357502995043
2265,10.986111509292696,17.344014824152364,-20.672966383795604,1.492759420344951
501,14.67189379219212,14.319810600418768,-23.66216348950963,1.5023075454475203
574,15.804410801218692,-4.561135081570338,-29.425734891182998,1.5216667923246745
3794,2.246522521227982,-17.20918506629823,-36.828830819293636,1.3573993798540283
621,8.766537854222493,9.944778166956123,-45.021914454009355,1.4301385896700862
2259,13.311445935152193,-1.8293766464504393,-12.100415665722686,12.810137230669831
6242,3.985661623977924,13.9014799466055,-45.61350464064852,1.4758202789282604
5481,7.222062659217513,-19.19698931560619,-22.474055860358405,4.632698200794023
2688,16.45247642804038,15.684705411297584,-33.05073532682895,1.4616124969048527
3533,1.6431590394324018,4.922603757924589,-44.64421147036792,1.0176393161464994
5641,3.5315173733869107,-10.411748578846801,-13.128237810942112,3.1295305587511866
2460,14.955783811326846,18.57070541381836,-36.72399155113518,19.662375165723827
640,7.022010593519717,4.675266412240774,-45.902980112613406,3.249322901885809
2358,9.849667588896937,15.296991387791403,-19.826301931823437,1.5286680989320793
6237,5.422739406664647,16.42652086155828,-45.19385280072627,1.5301878749137419
1934,8.925049305121663,-9.945047677886546,-18.80235771275548,1.504575932013425
4238,-1.124881298115761,-19.545411828140494,-23.376249914294778,0.7470180035082854
4912,12.740973976354335,9.519999366429282,-32.57726166648629,0.8000330713324175
30,3.657241780170294,-18.425458669098266,-37.29287581655059,1.4007123146245173
2586,12.79835599123437,-2.219301637701691,-18.41564255679831,1.4879254479058412
5512,8.75503658553991,-17.617587907562914,-21.163818466482375,1.4970361041701299
45,1.3974178475364059,-20.457192580354896,-26.75300955200497,1.35371910844612
549,15.10418985437888,12.963121809138295,-24.743275267788338,1.5004658225583072
6506,7.6436670547114804,-3.8851940282823856,-43.65470192328813,1.3356429837864758
4712,14.679286391316673,3.2935291394724624,-30.01475305420657,1.5083749243450957
4808,8.785834704279253,10.07451211875648,-41.89999771118164,3.112147920948128
6438,12.720680475299874,10.443393175051757,-25.159996359934066,0.8000046319055971
3721,8.564480582073557,-11.475528466914803,-41.281148419188206,1.6365276616436069
5445,14.72544371585297,-11.339890383732769,-33.60153155910788,1.506866012085999
398,1.8522150459958615,-14.008817945095107,-15.095320077624674,1.409910278441049
800,14.580731445350647,10.171936764859765,-23.867967214980993,1.5089439918441616
6441,10.469007502385175,10.90000057220459,-26.691590789150908,0.7999992370605472
6190,4.811306827019994,-9.314288668389914,-43.9528554074915,1.3899893371536056
5872,8.448711367757822,-17.12752459754638,-33.604537384828284,1.483760145279729
2629,5.225326950556562,-10.382068996653729,-13.705584886105896,1.6053401085997232
2465,14.770407966001404,18.57070541381836,-24.3950809969918,11.370506622150145
423,15.7714347760682,1.1909128160067652,-34.37400170498051,1.547621964023442
901,11.272861181705013,-12.688555542479333,-40.131119320320266,1.4928060909893286
6277,12.767045080308545,16.656150746858938,-39.29609486804023,1.5022428092284972
5370,10.94161300973602,-17.45629252910472,-34.21996988662423,1.505040077227363
3014,11.96296922582557,-8.505127817581624,-23.396193717638617,1.5105341350322714
651,7.283322787602243,-10.152822275265912,-44.27169861132799,1.2565347446057944
5470,12.975625719988653,-13.004879833466632,-23.29885231639045,1.5003210982028594
570,15.776869057585731,-4.724768366244383,-32.335137525873556,1.5066415086848814
3668,6.626942023603659,1.2452459328550312,-41.88537638729768,1.063231380900827
6365,10.587283888778405,-3.8375572014828423,-41.079035320866005,1.4589924700976287
2773,16.18059851516795,5.061379942749109,-32.22239219817591,1.4804980826857521
2625,12.944899325865599,1.0889253131342516,-16.884953506947202,1.5044348806135908
762,13.903059059399698,8.814559080924365,-39.5633054304252,3.751517962574566
3761,2.1663414214164125,-14.716844881782075,-41.09578243111609,1.371344917870564
3337,5.580128867813344,-13.92488670022573,-19.609522795448818,1.0470821000836952
3536,6.673200547983762,5.003671849692372,-43.936155407675905,1.0587811532652374
154,1.1099967431650446,-7.792769328599075,-46.196535903991865,1.3548305110694556
2257,11.560997105379691,-0.18525215095108188,-12.10034455017893,1.715864789388096
409,1.7253611867810685,-13.91466930186947,-14.613720828792243,1.428632324809186
6239,4.998158569303528,13.01368789420917,-45.27749368038281,1.5043716096140665
2606,1.897200987448595,-14.876659315294896,-18.399981372229114,1.4007537234795744
6184,1.7065002069723054,-8.325758072699838,-44.6437078453946,1.3822359886044164
1926,12.899764864532283,-5.152932574894066,-24.63565089376195,1.5025996083817075
2206,14.03069839410354,-3.317401352426436,-14.999668968024372,1.447004878960343
4225,-2.148722694883596,18.108085171209957,-46.81759195661273,0.7819438399208797
2216,5.461437095224365,-12.003582056970261,-12.10046446629038,4.670283201072852
3883,13.065740613797612,-12.696927105905083,-28.338465322799504,1.4956407180405205
6238,5.538127833864055,13.99793760958196,-45.10301308694398,1.4947990258111392
6393,12.9321780464444,10.900128509204556,-35.5220898564649,6.101980017718931
785,8.057978288363012,-5.974857130992504,-44.72864178756133,1.3580749128257785
4855,13.782351845959063,8.719865794825992,-32.595900397332805,0.7999406233263976
4732,14.270903011132695,-5.5452387539100485,-30.888346277910337,1.5078511603668219
3373,13.497959070239395,-0.13397024761844056,-26.799999237060547,0.8000011444091799
428,15.932411319582984,-2.6046327470712125,-32.149121820706625,1.486118847351263
1378,4.11906314140652,13.830372216773137,-13.456291903396977,1.722263010968881
1059,10.623196417127254,-18.70663773625535,-27.06969269110322,1.5092383003808414
2208,13.478507285678118,-5.202584446658181,-19.069271862992167,1.4890725064238104
2184,9.964378857894573,10.3006934744318,-14.006553356378523,1.5092933800258204
6259,8.295778721902053,17.57485163900774,-43.86269918096124,1.5245750618151253
1563,14.899061159920347,-2.0618562719472293,-25.047395021008988,1.5035972761628678
135,11.620138335239766,17.323943346151967,-43.19515445982681,1.4994538532638915
6564,13.316983739260229,11.698852467884787,-32.99200215310509,0.7989058041249746
2208,13.615060333706316,-4.857706025317205,-18.659810016171104,1.4973244688077136
1589,14.78805691521983,-2.8836094855210876,-24.872611172226673,1.502171178844026
6084,8.382389495096415,-18.06620957964045,-27.862619140409688,1.4856963695692942
4320,-0.967730627866812,-16.585285983484944,-39.84318327016915,0.7523093068783339
5,1.7090306066863192,-19.24947063757853,-20.69645110700924,2.4129448371801536
6506,7.900571885096115,-3.9562945473364373,-43.46916000829782,1.3396591611216617
2511,12.435974524251554,-0.363840512752292,-13.831465983263534,1.7313506163009924
1175,13.227836666105837,-12.542255448038915,-37.10363948242626,1.498144741555924
4454,-0.01924123138509154,-17.075702973794787,-21.919569027106263,2.9912089689395143
2260,11.29810799216316,-1.8703127555226695,-12.100341668939178,1.7112918978896108
1816,7.010714923196102,-11.855202290009117,-18.263533877839414,1.4981536211124031
5886,12.43280728951116,7.299997906370209,-31.62650515397543,0.8000067904464421
2362,12.72542252359796,12.064964589375403,-23.48363838429034,1.5061837289686988
4640,11.499999046325684,-0.8888947041149811,-35.23017689693858,3.9632924473427193
2271,13.864164710832476,12.287616056834336,-27.600006844771062,0.7999862274274745
109,-0.5819495924800573,10.610945969482021,-47.440577597590014,1.383012493090966
3659,3.4154798231345147,-0.1431695718183342,-44.221401914744334,1.027307643676152
517,15.534425957581677,8.82438923519364,-35.833577484818264,3.777212738478313
1709,2.5231617921585414,14.210967509524938,-15.511451454873619,1.4945584696433465
2138,-2.3026120662689213,-14.907406955125149,-17.361248233140927,7.41030553739339
6209,8.149992926935619,11.265676712445952,-43.70632867669224,1.4633994922079316
113,1.1682145836837317,17.962444538093035,-47.45296788534127,1.3712643136244076
2192,7.9744802011975064,-11.753395335920573,-12.243313530307454,3.2401613170336767
5110,-0.8026118278503418,3.810587205314289,-43.156593811718544,11.819685185813114
2659,12.590834703513972,3.1569352735722283,-17.225668273392035,1.4958141247294712
2839,13.02876578752958,17.560893352945033,-20.680841562274953,1.4936436870772856
3613,0.6606020083537245,-12.994437785076112,-42.706043456692356,1.3799786254403257
2105,-2.3026119942078727,-16.378807510541876,-41.11291385708903,6.070428766637796
2240,8.024556245677854,-8.501029975375753,-12.100433435909139,1.654048288315209
1,4.204440699407465,-19.811962418225647,-22.341557926857615,1.455201546989019
6593,14.108718932172136,14.49181507642936,-36.094356742140874,1.4753643835823107
3349,4.608541667636497,-16.851352831509487,-23.864618100837454,1.118338861988323
4295,-2.0869603854590615,15.319600272252641,-46.78272229546732,0.775835705244105
3684,-0.14415066646275088,-0.019467406742323848,-43.436426730059424,1.0435454095637167
2663,11.790357849357118,5.355776276456922,-17.023666400620016,1.4985378779883414
632,7.784625036318081,12.526813258085909,-45.662165078486396,1.4615278351653274
6198,8.557294703214126,-8.32358999220848,-42.385047654714,1.362345293268874
2865,10.832107190396759,15.23730142467959,-18.658653048883657,1.5275890643013796
2203,11.410680280717452,-8.694218501102275,-14.324655470660515,1.469734170924358
436,13.6177840837647,-6.242935734432393,-38.95534369560795,1.499481034769616
5539,10.538553132949556,-17.948404584987507,-23.691944347545263,1.5022679837207746
5981,6.3536461996029,-16.881077633829307,-36.223505480875964,1.5224315791374243
4874,14.731465286556745,7.606883555644082,-32.45060183606717,1.5017476928961577
5595,2.693406223145016,16.110329897376786,-14.875798786431059,1.6234789514900627
4645,12.346949647160368,-7.324288379297041,-35.09995610038961,0.8000388261184431
4656,14.584470450144671,0.11060032052547474,-31.722748586965714,1.5222522892019372
2650,0.5363234504141243,-11.286546675624137,-13.623787102696035,1.5235014963592992
2800,-1.41429960608624,17.818349762956153,-14.760586510100008,0.7588376289518948
901,11.108632718747332,-12.837905059709977,-40.224820839358074,1.493551453932319
144,3.604692420596676,2.638689952674133,-47.096493663392465,1.4985231706074904
6362,11.53190646976963,-4.063080654836381,-39.82803341885247,1.4844522359628547
5640,2.2532534277891356,15.013113253742205,-14.229767606324069,1.4230216122882726
116,1.6598805921848951,3.2843068263843818,-47.2347510343562,1.790385975622087
3318,3.352760526531354,-15.612557046224008,-24.17942257204386,1.0946387318936395
6445,10.799222660033115,8.778648732172185,-37.4288394556838,3.7477040667361696
174,-0.6411490721592805,-18.132770748158322,-38.50275162748446,1.389523568227819
8,0.8388515158637573,-18.538703193132484,-19.5637310517125,2.104538163020388
4359,6.885078927593262,1.222907436943093,-43.24782807432483,1.0686185492681157
5892,12.522619156803586,7.3003224231145225,-35.33349431753453,22.73684056077741
579,15.732559348433323,-2.181983594060426,-33.76680047861365,1.4967234891895937
827,11.937923866801825,-17.46574604117457,-31.535887461607743,1.491720428802572
2254,13.056493380886227,2.8063298811223607,-12.100420421781202,11.719334011850886
1784,12.836421502624445,14.242680234976154,-23.491121724575944,1.4956376183327773
2357,10.286927315099355,14.969676461249609,-20.24135740777948,1.5130301112456148
6248,2.459700787016115,12.4999766578306,-45.89312094176305,1.4349420595935651
2281,14.33374111435869,18.230345218942443,-25.623628784702653,1.5095762869344815
1366,8.68201760752854,12.886601136243922,-16.74917258746269,1.4898721877880114
635,10.193880963906262,13.745217311174423,-44.14065787521794,1.4801629664245808
4573,12.333215773167057,-3.4193904012281404,-27.6000346325227,0.8000354023924757
3564,12.541612548862462,5.562028476908919,-38.80845232132235,1.5006236348530613
3500,12.401632072925576,-8.9299791796298,-24.27774363089197,1.5019801432662618
4704,13.718280180846993,-8.746073490701727,-33.24729863404185,1.491298199244725
2436,12.414697057162586,12.88512566924173,-35.899998958254194,0.8000188378172617
1714,11.394643334500245,6.294153279326522,-19.39832265520272,1.5012000875576708
151,13.485080521529838,15.82652714089684,-40.81634954624276,1.5252579141204634
1869,12.695370243723094,-3.798486172607403,-23.402974487566887,1.5076142164990856
1437,9.544476245359245,-10.966626121397965,-17.504240866716046,1.496643725130832
2259,13.682655031679365,-3.7191430201893816,-12.100445525340325,14.366569711290273
762,14.388500301403408,5.296020111271493,-38.53289704938962,1.5205272464730826
2916,3.3161120736571306,16.408392701161354,-16.496380286775278,1.4904298459583039
3739,12.318308347446052,-12.659043709941686,-35.08181836547222,1.4931870937824987
2680,15.84306940126058,17.296167903503836,-25.673447605102012,1.5015765986242624
2216,4.864901258806793,-11.873355373774764,-12.100467689915769,3.5542713429095505
6242,3.8054124945319927,16.815244397175434,-45.70636707720763,1.4951193142493968
1925,13.459303147559964,-3.7165225710644183,-25.832247525810732,1.5085273756147264
4710,14.709036885733415,3.1450133269633884,-30.844102049663938,1.510739113100079
4876,14.699072591149676,8.338804070906427,-32.82676747691244,1.5039214908889342
5564,6.289273130480321,-20.12454627686825,-25.58134469284368,1.5039541110916899
5077,-0.8026123392924808,-8.496601538442144,-44.98757675709722,7.430329632811408
2856,8.281667743906965,17.424202765460038,-16.71247545665876,1.5047853833757476
184,0.8388759379471984,-10.430926291324495,-45.48193011562516,1.248095068229849
2507,11.39545727630276,-2.179789448695675,-13.813333026096219,1.7132438014263416
4438,0.37820322888627833,-14.874799931657497,-22.931521028118958,1.0437400412316271
3553,0.6833815027378046,-13.449468212014565,-16.91293888105386,1.3681096856080532
665,3.778174969661414,1.738332095733313,-47.04091188460015,1.5091870262971911
3670,3.3515820185404577,1.2042601309305696,-41.910198954818284,1.0832863499269298
1779,9.09085442817354,17.57606344201713,-19.01429736101275,1.5155110570876198
6354,10.556131475125595,0.911832015575128,-41.443239423431045,1.4458458449665956
1225,12.215518951821434,-14.97692763248126,-36.65975439651704,1.5033591349542057
3808,2.5034837320700234,-18.759517111976017,-23.432325099784396,1.3659409257218957
2239,-0.23611185228642967,-12.056763446065428,-12.100499951171278,1.5098040704171605
623,10.41863168793795,7.221512493116702,-43.74438371194375,1.4444001088464133
6278,12.108210967021341,18.242671257871248,-40.54974893467991,1.5004285735734622
1087,14.277278907447016,-14.126210094848197,-30.797163014349913,1.5031804178588573
2348,13.694164739443345,15.900565227385744,-24.79282718504423,1.4919602196189758
4369,0.949574408006391,1.6117039001043483,-45.491088391720055,1.9194560027603238
3302,2.0074918444842664,-13.463889887670717,-23.010499583128453,1.035811911124829
3563,12.622041614480464,2.9539518857444005,-38.550164977491335,1.5108956061070076
4580,14.224884928095253,5.55629868059665,-27.600000381469723,4.352466044637502
6260,10.094647982089057,16.708280297573797,-42.47894891631718,1.5088588442807702
1006,11.588133777094537,-12.768136790036063,-21.138311497805176,1.4933101367800343
6241,4.407418697173801,7.959091247005606,-45.44070319376948,1.443981607603111
2442,13.160803046552793,12.696166062459103,-35.09996514952509,0.8000341139661707
2936,13.402517165293828,5.745550170772667,-25.049055866771507,1.5002723508244082
688,3.796278850409337,3.2095461069823825,-47.06663148397729,1.6203285103659362
189,2.8144293836619285,-10.744873463771206,-45.282993904647896,1.2357302203382383
2644,9.466145492189273,-8.547914606770266,-13.779644328427711,1.6794594239025615
6379,6.876020518593787,-2.750195332532803,-44.13993039861053,1.3411991293177652
428,15.913230385734032,-2.963035771665171,-32.14076234920915,1.4904602165856244
6242,4.035109200389744,13.835566377992265,-45.60335187080328,1.4717791644879952
1870,12.46819515816173,-4.2194074628929,-22.616039995940785,1.4927887474528179
4721,14.311083029647342,-4.871157370059794,-31.492858844005617,1.5178667378636546
3667,1.493561636700975,1.4210772028139236,-41.82088297600326,1.1038738765752925
3182,2.8645488047164123,-13.395084763163165,-17.253628882321493,1.4968462111393812
659,5.8065306598878905,-9.504197058497255,-45.06859958152545,1.3762567800476095
2153,-2.302612066268921,-17.932646100119246,-19.363675828343258,7.164501944197946
2047,12.051883545074931,-4.850574628467566,-20.852668715060243,1.5022632428744784
5546,8.46625607933717,-19.031593599821274,-23.298855302899455,1.4793472846963673
668,11.219158306827742,13.979711207962824,-43.272248740455396,1.5049127674371
4576,11.7563083193258,4.664893811439193,-27.600000381469727,0.80000114440918
5580,8.808672446490835,6.508001231197504,-12.480111385110348,3.440177909136754
3682,8.469576297332306,3.885284524606574,-42.05846751596,1.052832807142916
6565,12.763469924863866,11.69934855485629,-33.300076467802086,0.799354795986536
643,4.933833921938759,5.525408156309463,-46.752256149788096,1.4299492816361254
2633,3.669570289069162,-11.425345760953373,-13.678478053263406,1.5781925608303966
710,12.929726292733339,-3.2765564642920966,-40.5328049917384,1.5090855074967526
5891,14.156928444777943,7.300019606454348,-33.875358116660685,0.7996871256264858
288,14.480251273037858,5.622432841059941,-23.8158300042901,1.4921288999685156
4436,-0.4931201590229292,-16.386970719726513,-22.87255558348353,1.085640139812632
2220,6.761047684287661,9.72116359510667,-12.100479183831377,1.631960685297337
2831,3.5283784826251496,17.19668256307763,-15.036203336894928,1.480043501469911
2165,14.354811292344667,-1.953127464482213,-20.431472208069042,1.4987148467982248
6391,11.500927595256847,10.89999804952754,-33.367385993506986,0.7998186399316167
1116,14.230846817102664,-14.246929500859835,-29.06154032328324,1.4965638547592521
6238,4.978597421919683,15.347242306538016,-45.31146271471514,1.5354143942998295
4758,10.58800458530136,10.91189145375383,-34.04918593891719,1.1181218669598243
5886,11.978351656920204,7.299998471248751,-31.85035143945785,0.8000050288615091
708,13.37347272868751,1.6613673172768406,-40.18275483145568,1.4892594212196344
2201,9.875854228072818,-10.303154745571291,-12.171983787233712,3.296692090524792
4647,12.187221369597275,-12.947381933312647,-35.1000421016683,3.61358423477118
5390,6.931548626562473,-19.635605164291118,-31.213843234753472,1.4960554083976447
3318,6.451261507459521,-15.46240768159719,-24.168816890842614,1.0681519685335474
4859,12.920455731555203,8.720051681768028,-29.786576546688227,0.7999492623843707
2232,-0.2585599118699277,13.137603187131143,-12.100462445309022,4.253446891003807
5867,10.704933530342224,-16.871879777558366,-27.683095771243234,1.4983858522962503
2768,16.05784437346165,0.00822524786782057,-29.623314452023987,1.5174969863947443
130,5.43914959624233,14.565925971856242,-46.75715249052849,1.5271410728830175
3629,-0.646851809806809,-14.898986700853797,-41.0659437057832,1.388033649167726
6399,14.322452402969741,10.899402492804569,-27.34530282589784,7.494767826053852
4931,14.241314004064971,9.969488452468461,-35.06151963339966,1.4787337482876541
6090,5.2779511157029635,-18.064789877422466,-32.8353256582611,1.4933696689186335
24,4.504270527507198,-20.164576799298022,-23.964713440687564,1.4907999595165602
4646,12.148080674823705,-6.554357191941822,-35.10001812377472,0.7999802561681424
6052,3.8039541022528938,-18.768620265385465,-29.508263262137636,1.3863410146414126
545,15.622831293932665,11.488945044001603,-26.331733382300044,5.629468663719505
2313,14.521568358082611,13.065010348769395,-34.47411699993954,1.4676923463521443
2162,8.423397321697212,18.57070541381836,-45.46589415468537,2.562539069527409
2264,13.386606771634185,4.950251276564248,-12.100451034253467,12.915091636715953
35,-0.9140588135930989,-19.870339792839893,-32.73671055627096,0.7451529805939557
3793,2.521990973468833,-16.58547449513278,-38.2429262838654,1.3736733459839645
2331,5.210850756901871,16.902144459615883,-17.005453356598284,1.4949839610193802
3319,8.590424156061724,-15.063708649021837,-24.135897236051562,1.0554560355920957
4500,5.769031904234578,2.33948843271304,-42.67495184944237,1.067486480154237
2837,13.835418083496407,18.434962016363954,-21.556510517987377,1.1585518166098354
2132,13.6619986397843,18.57070541381836,-38.598839128166404,26.070021561111982
1447,13.380623599301028,-5.460855735079268,-19.23134146673226,1.4934269920564203
4983,-0.28764037406422804,18.43498615160816,-46.142297223917716,1.3795624080083744
4650,12.845284353113914,4.925583156579108,-35.099998474121094,0.7993381565618456
6238,5.092361550055915,15.641545683074852,-45.27738307539962,1.5372965661003781
2667,11.481097314168494,5.93248508153998,-14.601198922524755,1.5140485789388183
6204,9.937259214124808,-7.521440520426948,-41.33852676220303,1.4067349224519006
2861,12.86133392165423,15.07048965122426,-20.81864953632245,1.5008199499328632
178,1.5044005149381934,-17.391819002703382,-39.748055469656606,1.3819139685295014
2654,12.962442535978301,-0.8872931058588582,-18.84154115633811,1.497657597668763
3618,-0.34782311063864646,-11.497225666928024,-43.695249938231306,1.3074410107689798
819,11.344767459624379,-2.055491969965281,-42.53750278102339,1.4127442962257901
153,-0.7341466473128762,-8.849096033888715,-46.04690077192829,1.3908031590959136
705,11.572806241688546,2.381127158951771,-42.52424032521053,1.427760159517751
633,8.654062811917761,11.378032142941375,-45.126532775711595,1.450201452907303
1112,13.620697162990172,-15.299691338229259,-31.88722699724343,1.5046321761317971
811,5.865708840643968,1.070255782632232,-46.28949671476721,1.3520991591698746
4915,14.217207310849115,9.520562913961683,-27.035464615494124,22.91668162847476
4578,12.082098232262425,3.7225812289763205,-27.600000381469727,0.7999987520914622
630,6.042415858278956,12.173382055090041,-46.452838838697005,1.464593335292733
3628,0.5220013587231699,-4.916088765042033,-45.34066809359232,1.3603506548816096
1016,10.175144953889776,-13.74201196471998,-19.957315480604475,2.840301129186082
2219,7.040325327417215,12.067746256100527,-12.10046042021054,4.726463287616488
796,6.722194625468132,-1.773227988515474,-45.81322339611712,1.3692292949559497
3793,1.2724463431491233,-16.774341899429732,-37.94940515058285,1.3824188045573391
5439,14.060542975745005,-9.502057652482137,-37.024195361194465,1.5110302712458532
5539,10.314403025037588,-18.045548875664434,-23.520405588219308,1.5066298970902263
137,12.754980398477962,17.089151856093473,-41.96385490903984,1.5172514664134058
4250,-0.9742414286522306,-13.735655549978418,-16.008375371694513,0.726308720157037
6400,12.159104412499442,10.899753032759978,-27.141740515715888,5.330913243624169
2275,13.220313605543666,12.258725475252783,-26.800019565907974,0.7999869612995304
627,13.04879997409405,6.842322327063415,-40.89085339959983,1.525944643248055
5633,-1.4497590970806367,16.489692373356878,-15.485758655381368,0.7350986018307394
5772,11.499999046325684,-12.866279210794454,-27.47146876923128,2.9595055290609698
2187,14.450277554104101,-0.8976753042077724,-14.60881582664998,1.496285947622732
2684,14.842822689433898,15.607403767108963,-38.47692975278639,1.5124003172822362
633,8.52284684070923,13.923247975428616,-45.29472855103698,1.4579780264982383
4650,13.284942742979727,3.96937614513713,-35.099998474121094,0.7990745770414612
692,7.166162368179368,-11.3428575560439,-43.94991205049836,1.1356875328253901
778,4.101700500669357,-2.5701487147335693,-46.71749272343052,1.539756236480285
34,5.364405424142014,-19.479607288928648,-33.35989692896253,1.5019426687631672
2764,15.587813323985046,-5.0693972923380475,-28.17877315770443,1.513922616996221
810,3.883814538850732,0.9526910425218776,-46.98277596315312,2.202183514439444
6568,13.013660766901669,11.699838415810591,-28.767471507181885,0.799741422164036
710,12.731292238621055,-0.6111355356971051,-40.99896468428385,1.4801858114349182
2173,14.447255165084858,1.173410934184117,-14.029868943953076,1.5087533337695904
784,5.656510992118391,-7.178964272842487,-45.62241898722718,1.416364257901861
4265,8.515668400724945,7.41973816066832,-42.47159644893243,0.8001597824858389
4569,14.206584662590236,-2.0798291850277297,-33.74648750814641,1.5114987668207356
6357,12.187831078400993,-2.365490803549453,-38.979647918609075,1.495873354089951
675,9.115637001241888,-11.470457995324374,-42.784817118636205,1.07921739902368
741,15.39388925079507,17.64084278560089,-24.422914414064792,1.5067724928137027
2214,9.174215349245316,10.970268602735558,-12.763078188683107,3.3422066923390763
6009,3.4704687978082163,-18.748998224439017,-23.711148990251036,1.4035814198909684
2320,8.548608613640464,15.741481260593163,-18.757235357450917,1.5047495363420909
5462,6.818583286482836,-17.057914579545958,-39.11075600356503,1.4968821915350599
1721,12.77032252001645,2.6921661803456387,-22.03044095746519,1.5036212236832558
978,11.752032081645199,-12.281986093297977,-21.217414266256277,1.4883342785751608
626,12.122169889808923,9.928528067494012,-42.152770896767,1.5131918624889917
177,-0.8346792881672045,-16.341834726030484,-41.5050830473097,0.7461247467290664
4661,13.045477845187918,-7.715897758790556,-35.89747793908768,0.7975154039095539
6271,9.49627475147466,17.979693423873904,-43.09163598435336,1.5080153118082973
1819,6.118220107736312,-12.639854586858698,-18.237531338614588,1.494575824949999
430,15.735305262547993,-2.5839102763945667,-33.6273743373941,1.4882465870398751
762,13.935104599787415,7.438300780143619,-39.45356095834172,1.496395119742422
364,6.549310945085855,13.912518591299808,-15.402063009087751,1.5514417509414542
496,14.333518213916047,9.793853188722611,-38.82482810104156,1.5154760809623988
3667,0.030921196191272482,1.8515450883554296,-41.7332494534401,0.9823416102414073
4483,9.201919730558616,-14.430345458392251,-21.457507066164915,1.4823784656690115
869,10.972089050692515,-15.38959951069963,-38.05054455616376,1.4984877547070032
4236,-0.8409355587432703,-19.79380562994114,-26.080216144012915,0.7635815990922641
6563,13.887741115981587,11.699806851961425,-28.22136990184167,0.7998178953300538
5773,11.499999046325685,6.027612905426146,-26.83921136339888,4.162232294818914
130,6.130921192686666,15.815014394315497,-46.54813810268817,1.5260743570348294
2358,9.442262950100737,14.601120915518658,-19.500608956724783,1.502922044015721
628,13.485857719051733,9.128766568059543,-40.26504715749819,3.402763472154259
707,12.108915900179909,1.309674053907132,-41.91035711939809,1.483563556182143
5081,-0.8026118278503417,-16.91979421717848,-39.16589726751503,7.935800581203771
5678,4.715437431627052,-16.906799647415937,-40.24227215992135,1.5063878523982446
607,15.314135394057445,-9.481104194222723,-31.929054629488338,1.50285866211731
4478,3.448816706346613,-16.910393345244934,-22.35062396914756,1.0719467648450909
42,2.2902652650025557,-20.35675079140531,-28.226763577770726,1.3662471191991024
2764,15.529835050408835,-6.876572358384649,-28.78490769242677,1.5001683620403405
3562,12.908238997167082,2.655149280218298,-37.979108339657664,1.510201789264772
548,15.022853878146314,10.027216317457007,-24.832657732440072,2.77311604636962
3534,2.047461980337099,4.965894583006051,-44.29341202199364,1.0242875633125066
2225,11.109475997258317,4.7051490514293866,-12.100379922622817,1.7079554695866648
753,15.084838571459489,-11.168721351647356,-30.76505673795127,1.4960987647704143
4432,9.012200690961084,-15.820568253195088,-23.110057860130297,1.0695293814279339
6398,13.187489618965815,10.90010830776982,-28.35388189937214,0.7997266640458937
2196,4.731009695235488,-13.328390982303569,-13.239834744446217,3.1690921406108803
447,14.218316657724138,-4.8299775308365405,-37.955746435392626,1.4893476066608253
175,-1.1193466327410275,-18.064026707275247,-38.70887820724561,0.7605812940562475
6270,11.922384017590325,6.892017781634671,-39.842820288098345,1.5132599611819353
272,13.349040945019144,7.367835639260431,-21.638766405882908,1.4978800884658858
580,15.660740074224575,-2.3529891020208824,-34.114286587101304,1.5113376347927219
3849,13.230120190368185,-11.916257707052148,-32.41830122565413,1.4983075523055773
140,13.591978655217696,18.023011337692463,-41.061486182797154,1.5183194186647442
3043,7.605820404480226,10.285136175308418,-13.994519651722925,1.4988683153377587
3900,11.768468234231442,-11.275196036435947,-23.643010484324947,1.5032744399429985
2443,13.565874928684284,15.405823129288708,-35.099959157041994,0.800035276380602
550,15.234739786902656,14.73566342005358,-24.784943801658326,1.512917492771588
3339,1.4679631820041177,-14.185144305299854,-19.468253001477905,1.0352667475160653
346,4.677372606318238,-13.37100882833371,-14.32569603630218,1.5082862858835764
6284,6.434184443256824,14.690646784880858,-44.7506543306479,1.4750272714404644
723,16.49921443210448,18.196401173023705,-34.53036495870984,1.5062177902032907
2554,1.5496205968467702,11.403244913328482,-13.641474114063342,1.5410989639947466
2851,5.012765769065073,17.78476119678815,-15.362258612879446,1.4916882894399928
582,15.178200316287718,-3.807832657153045,-35.62044953051469,1.7136640899864997
2662,12.19815404136463,4.361943870364727,-14.637286635360784,1.4689563396268768
4688,14.470825451611702,0.43252307358738296,-29.064125232765836,1.5211013357749692
2175,13.291568790959403,5.623072787652898,-15.915177972857101,1.4803531814230542
6240,5.597685448800744,9.985597619791776,-45.04170108497985,1.43527794444972
2379,15.609190879990942,18.57070541381836,-36.062763938167606,4.766821399594058
5890,13.155261513740847,7.2999955945824535,-33.29157478166283,0.7997723898601873
2467,14.852414674290488,18.57070541381836,-25.808769915136338,25.175585574216367
911,12.833128844287662,-16.817650977763368,-30.08016586806461,1.497347492838963
654,12.34190666312185,12.526779538691109,-42.00083096364045,1.5299217909438987
6426,9.901555712654675,10.90000057220459,-25.714618727183165,0.7999992370605471
5827,4.778344178262644,-17.544941046573246,-35.09744465063731,1.4836443265289858
6363,2.770526641650126,-7.375462832830998,-44.76864757161119,1.428948108952609
1924,13.397482272475619,-3.7001504732102557,-25.657285018016474,1.5089850763208328
1429,12.429719849129055,-7.522293017338954,-19.874623711865155,1.4974757031715071
4023,9.718116456436263,-16.507761073016646,-24.055952103144158,2.3853301034886516
37,-0.10467693792930244,-20.01085808505642,-31.80982787359034,1.379568449114281
124,-0.13723339297789222,-4.2304130018178485,-46.82697287266535,1.3523919262459463
116,2.651880844651095,5.367939158235523,-47.228075962502636,1.4332437074960886
2363,12.480838265175354,11.938842836589025,-23.127688695745952,1.511176625742957
2757,16.246560987373368,12.566477095092775,-28.58591977387516,1.5019854096602232
2358,9.545489500162615,14.615778937721215,-19.59360994009086,1.5094353401382974
4720,14.239119888830553,-5.08858799817863,-32.25975944416712,1.500688169372624
1752,5.859494357730972,12.182781706887347,-15.595141247358296,1.4867690167632752
368,8.543179289298955,12.723403566270607,-16.49789204904019,1.4875080167015973
1541,12.407889530247974,-10.686128969904397,-21.72695589165874,1.4887632577029544
823,10.394029555226911,12.042052603400686,-18.299950763543126,1.49550098196786
5592,-0.9091292782544279,14.788981323863855,-13.77723399621096,0.7410506855567034
2443,13.066155714740628,14.928975666773681,-35.09996797312979,0.8000291565334239
921,11.655564535048962,-14.331365595699724,-38.31173849503287,1.5012378984522763
2221,6.050084398814504,9.2904131286686,-12.10048596595271,1.6195444109973487
2067,-2.302611827850342,11.387955951401299,-46.773286474843545,7.459377570677159
6310,12.05764030026084,0.5624343879952536,-39.41067522248481,1.4982053088279705
195,3.8008252110883944,-2.5860168804468335,-46.796653209243,1.5549519317743774
3321,2.9363493192081673,-13.623386303541578,-19.892314496310743,1.0715373969827187
4199,-0.5026123523712158,0.9143170760002901,-44.60482045692781,9.58107717418028
5653,6.097441393277398,-9.153302171168729,-13.269898910364638,3.2080316088588092
5060,-0.8026118278503418,-19.32372609472185,-25.99167907256445,9.934775296096777
4609,14.587528719009843,5.348083604929754,-28.895921389647125,1.5025618472414974
2625,12.942945457550392,1.098208440398554,-19.165083676225397,1.5055664304045446
2216,5.076583481294743,-13.098901000915193,-12.100455840780704,5.866574868400744
2594,12.99640260266753,-0.06939026333989975,-20.638561194338784,1.5000255879086797
2710,15.520590529628203,10.856740939982666,-36.062855164108754,5.464592398736321
2206,13.830975989730586,-4.214981486257214,-14.877774529805231,1.4927428818397037
3791,2.047675174657181,-15.16372663565657,-40.548791706955846,1.3873870501424033
789,10.622606674348255,-7.559630362556625,-42.62072589439661,1.4008161604087186
2304,14.96503736536957,15.4435624851524,-29.124807189568894,1.5061109864800402
2692,16.20627968638981,13.642077632044357,-33.8307744971644,1.468117356805449
5543,8.302606880086882,-18.672851903154633,-22.317270502141902,4.19140478526771
2578,11.565528053855452,-5.778381526271735,-14.464789919336187,1.4698575177575266
4332,4.5007903826148645,3.8444113305533123,-44.79172297212753,4.85223736645102
4699,13.832339487735986,-7.199989233787482,-33.626457603370135,1.5130054616987838
5885,13.850110553771376,7.299890764789096,-31.678648629694568,0.7999175259086471
1141,11.371057232461126,-18.276389921428024,-27.922615885907486,1.5095905835621959
2390,13.17473758734467,18.57070541381836,-40.035489012972704,22.762926940071004
214,9.213593527460265,-11.62966184919733,-17.90312468217922,1.5057564750630812
2274,14.187261098954039,18.257966612189385,-26.86115074225139,2.737453761382252
3780,1.8956152985306756,-18.151521245566382,-33.67848803379273,1.3755449622639235
397,-0.5667889501885777,-13.92655248472021,-12.772444352480715,2.8779248922745775
3616,0.20385386711076192,-12.182863578769128,-43.560563047401985,1.1429136506432884
2391,3.188031799648202,18.57070541381836,-15.674750109167402,4.410622733798824
2307,15.363437972867331,17.958936466246744,-30.88930134636182,1.4641762576915065
4590,10.600000381469727,9.014432047067537,-40.34746333595275,2.8321199569821163
3605,0.9763891657297274,-19.10875511259781,-27.225471609257312,1.3559237521926333
6517,3.9389188341539594,-0.8996105737592024,-45.33450804649342,1.481901106636314
6372,5.9571981693475395,-4.790019526644192,-44.39367152884518,1.3469659356010324
5659,7.802559324449004,-7.751661024554742,-13.63387331125817,3.278941833844138
2437,13.15634610491135,13.400496846906439,-35.899997663614606,0.8000324246615295
32,2.2212553474393966,-19.279480653083482,-34.77729186904861,1.3757150874731114
624,11.158529642868501,6.73014142106863,-43.074316333952154,1.459256577778249
2949,6.273855919669591,-13.463658278116817,-18.96289518460882,1.50842505752117
2314,14.674146505708519,14.091510540176426,-34.08505385089413,1.4690189710940242
3401,11.927698705362005,-11.311065070975289,-26.799999237060547,0.7999899897016057
6544,10.897131390188814,2.6986925419836716,-41.105995238417584,1.4827065604701828
4297,-0.8681090755957422,7.092857418683527,-46.651567558215255,0.7513274789500118
6211,10.342043237182516,12.426671832465368,-41.952150174518394,1.4947089737555597
2172,14.178133134280394,2.797757767951415,-18.07234865091089,1.4650668051114646
633,9.1059707028674,11.479043256714782,-44.83651470345204,1.4681730922066953
5139,-0.8026118278503418,-18.22863862956002,-21.450498595401136,8.944271677466633
6245,8.724295183869527,15.674477826302205,-43.4603821069535,1.5186573276311754
6593,14.08653923589581,12.790364321102693,-35.91030167563913,1.4567906431650712
2503,11.581147405497866,-4.3320981705936195,-13.816530903280178,1.716404440626356
2648,7.5277085133962025,-8.705571001011263,-13.745791914930374,1.6455971036922772
4267,-1.632688452639904,-12.671302258498516,-12.885966141947897,0.7856139788116063
4998,0.1757876237370377,10.589812799130486,-46.03000725296467,1.3758778283714324
6235,7.093818434734326,18.132185284024473,-44.571829063279985,1.5069845698094082
2623,9.208735699295612,-8.961998254150135,-15.169131407186558,1.4842213956030321
6565,12.201357792285394,11.699702891989016,-34.71318478005264,0.7996067075352328
3477,12.99534664095677,-9.815871888640979,-25.95882185701497,1.5119484307287325
172,2.9112890444806614,-13.207527121112413,-44.099051268492246,1.1055460128746888
623,9.928084258485637,9.759502606534522,-44.20453876862264,1.4575977988546376
4433,-0.13965394180019555,-15.552110873403304,-23.10248052885867,1.0539005988469243
2068,-2.302611827850342,13.07968913499188,-47.24602251374107,5.787385697378972
120,-0.7445935558190884,-1.0774485108310574,-47.16154410034366,1.385777414526365
2348,14.017113472364459,17.133117580981335,-25.175136573917353,1.5002258542622104
622,9.832743078459274,7.013149629871284,-44.22940928142251,1.4407008194406903
4721,14.311312113553438,-4.811122429047454,-31.555118914120985,1.5186257202348026
599,15.043331947930495,-5.0687897077258555,-26.044166652074104,1.4944724470631108
183,-0.44257620048816326,-9.766690896407942,-45.745905351314875,1.3612129148363923
610,15.085615185580664,-7.778869725974407,-34.62219980934189,1.495149189003854
6012,5.857123778757921,-18.69701030155947,-26.332711481009575,1.4985766735908925
4557,11.688271138716273,8.720000267028809,-38.9635258916657,0.7999986575148498
119,0.6198908943947448,0.8717605656577769,-47.20390469065089,2.4307778770885444
4725,13.586499293388403,-7.205987650896625,-34.6690055445253,1.501751645189342
1994,12.986449815001126,0.8245564292592213,-22.0675097591089,1.5037785932061631
623,9.812460673941988,10.73299867852774,-44.321965668928904,3.124109750746388
2397,6.180907858271689,18.57070541381836,-45.283486765702854,26.49083093927243
3083,11.921305240973476,5.040487777417232,-18.647954621294446,1.5116840625941892
112,1.8018804292704333,17.434491042204357,-47.41813867681698,1.3958840223081315
4482,7.623655251129307,-15.407509807147711,-20.725050693019437,1.4970591184293138
890,10.838710237907295,-17.730934279208192,-23.777402908309533,1.4989206794547323
33,1.5732183654686094,-19.494391379809496,-34.04184344313579,1.3718705014449297
4740,13.771273113127616,7.32624735190334,-36.3135776314853,1.4680839174642306
648,5.008206997363972,-9.824690346811726,-45.23086912833925,1.361236066334271
1044,12.79097806854097,-8.803492387925463,-39.792256242654204,1.436420144595547
2706,14.427692507666045,5.911919339800473,-38.48572941539399,1.523185588752396
6278,11.90812319384023,16.484169730920314,-40.52568872370598,1.5034377126949188
417,15.038162725075116,-1.6846326707795283,-36.41624189875586,1.4930889107302565
811,6.015877074188733,0.9981012175298514,-46.22705866486293,1.4308516040157113
6010,4.908045473913994,-18.547318839910545,-23.678753022150964,1.4812077685211507
4333,3.135033409972179,3.6944222868187637,-45.021012840316004,3.4590538852244976
3669,0.25055765881141523,-0.10393667622186542,-44.75763419730433,1.073323870208935
5389,7.258771412924322,-19.299038750094496,-32.58989157471156,1.5049595964715452
413,14.124613613744568,-4.864878360749911,-38.152470846300496,1.4915911762557037
4361,3.004768218951797,0.8817449010548328,-44.11345540007958,1.042444289756269
810,3.8430924768564014,0.5305157389553548,-46.977543262027474,4.944060161663786
2672,9.980303678714193,8.116234676081584,-14.551901644574727,1.5083043149829443
370,8.7139683009002,12.22193168332132,-16.33901912189046,1.4954817372867781
412,8.293638498764444,16.82319802457577,-45.58821538042779,1.5003742027325753
714,10.23571528152341,-9.506314635846039,-42.53840480038574,1.270319902161684
6020,3.262660627758751,-16.082048866145936,-39.03479854871075,1.4163824336591013
6285,7.027321856600145,16.23462215727228,-44.51649674514079,1.4931122930733145
5652,9.780447131186188,-4.9684637136305065,-13.056506434898848,3.433405876953785
5678,4.5358747676913636,-16.771925642770015,-40.48913566288898,1.5106660220607144
6427,13.21134106438166,11.688865980506458,-25.159987935156394,12.000008460728695
6162,12.322259397391075,-13.743077670333905,-26.237413397331373,1.4951485592792688
1741,11.926644410442519,9.853751662506152,-22.398485235883328,1.4986615164736707
2323,2.9736508098064665,16.839653788882302,-16.44349170633751,1.4487224359101913
537,15.930914925230287,8.238846775544392,-34.399403879531214,1.4990131720278645
4688,14.407766422353722,-2.4411465378991406,-29.355352040785895,1.492245014239252
4947,10.631453057714065,-12.517578341149864,-38.423874367858076,1.4995534661995653
1156,6.159718480152533,-19.84326648786327,-30.7684463771295,1.4932170245248173
6020,3.7791538560450793,-16.341679064439738,-38.4420708473817,1.4545675640755074
2763,15.327661071499616,-7.224717913909931,-27.791022085363434,1.4869460807271127
6307,12.409952425270085,3.8412332583513784,-38.97596168595284,1.5068039016131152
545,15.452324545232438,11.42436158180421,-25.839006995344544,5.616662608287841
6568,11.311955212518422,11.699984122147072,-28.75223102284147,0.7999583686993785
3791,2.0622094515680676,-15.384143221487319,-40.259263321240894,1.3854327277826997
5892,10.763063618065107,7.300043192832262,-35.02510936510722,0.8000432107276578
1131,7.47387203042637,-19.666075620478924,-24.438469281449564,1.4853029227983956
6521,8.104893386134187,6.560005475454738,-43.723271895348205,1.392563261813956
623,10.051986005145334,9.81980105388108,-44.10507105309637,1.4540864571794605
3381,2.638930967415135,-17.722037072192396,-23.04556325868365,1.0861940798296996
1853,10.177663110421054,16.728239675515056,-19.99501039652786,1.5232679752004397
1572,11.923833347738448,-8.380367677102424,-19.566676151156784,1.5005769892502598
1080,13.0124106270243,-14.487037298756926,-35.615692770056896,1.5028861686032626
386,1.7227887905888064,-13.82658568129762,-12.10733937870705,2.9702584054740226
2348,14.013410680644874,16.89496782714626,-25.221860275046318,1.4964947474622017
170,2.8826338041202075,-14.346645147118661,-43.29019418571684,1.3854554698665371
6211,10.34551416452657,11.762854643672437,-41.91385760821589,1.4897201214731697
420,14.939753771087547,-3.7880539291821895,-36.364501183098135,1.4960589670656683
804,15.488173310350078,-4.525506435722615,-34.27158574621692,1.5331202370432997
720,7.74777872132217,-2.157949851528228,-45.252633285478666,1.3348096738751989
2175,13.168225978610314,5.904831087661083,-14.614228474273864,1.4831337888404548
4656,14.518554409880663,-0.8034991708222046,-32.061952020076575,1.512327999884431
1668,1.140973652773078,14.726481229120385,-15.608985495621056,1.3450425937984316
75,0.615802723071366,-16.690514326386456,-40.93125503814686,1.378964574435565
5606,2.7268715967293575,13.755300923798242,-12.113120200693027,3.1355314072606406
2001,10.848452573584103,-7.173243126569075,-19.45655054272781,1.4992253401940094
2370,13.103493878966987,16.542695968107505,-35.099984416571786,0.8000052523409924
110,1.6887533379425173,11.029603746701065,-47.3460506361472,1.3976071345593544
39,3.8267761483780793,-19.920250147819303,-31.298682170831345,1.3818839896617494
905,13.769680106432192,-14.806303482070463,-26.96094028482585,2.4477286159274363
2880,11.982459583899193,13.467733162450745,-19.91693183857767,1.5088655992809294
2757,16.332042019080816,11.854035810794745,-29.52263362461981,1.489653539554781
1398,4.41038585520473,13.465997943479596,-12.738668814216997,3.263514521794853
2019,7.968896996322984,10.093991841728819,-14.92338978135207,1.488870013256759
11,-0.4567147313754576,-17.910314996560746,-18.785210530815192,1.9502904789531408
817,10.723344140899313,-0.6907080571161551,-43.25597192708279,1.4166019867431154
411,7.94404313160838,16.27588624357033,-45.73401261528406,1.496655295950948
6205,2.3325610581101843,-9.100067645222076,-44.42530777074307,1.354049545711268
2766,15.968876301894152,-1.5928815488601844,-29.488934441621495,1.5061503090434334
620,8.277403367959298,9.610546390710162,-45.33654550323847,1.4394835548990748
4994,-0.8026118278503418,6.106813320547696,-46.26016220223171,7.053205276355186
4354,-0.30012838778798695,1.7223831383788295,-42.86759869303794,1.066506586583706
2181,12.908700736320522,6.475841643183921,-14.125014513846194,1.5092350656880478
154,1.5796329181907693,-8.004925365258316,-46.132806986102,1.3723241033415199
4720,14.32168065318357,-4.097958583455007,-32.19735177841526,1.5114657234211895
119,2.477936268428869,-0.3385900261839344,-47.05773475077592,1.4046699752377365
2863,11.484746594679603,14.53173966312032,-19.33428594179234,1.4996496404228468
4582,11.796324895754111,-5.9703333780537005,-27.599993354321214,0.7999941423523859
425,16.06752437558948,-0.4998946677302965,-30.02434648251672,1.5133933131624973
1964,4.981725675432595,-11.952350304091606,-16.059101702876482,1.4968275585513333
2082,-2.302611827850342,-19.48644828574569,-31.536978349781442,9.596209785734839
2565,4.522899916410438,12.967681645810075,-16.45000468026302,4.349535353540345
6009,4.337672748381153,-18.655936722341465,-23.839715451770324,1.484761550669367
2627,12.9676436876729,-0.7555197162736397,-18.109735929631032,1.498059247762519
4642,12.291622766945064,1.761380942035947,-35.099998474121094,0.7990642420290448
738,16.430915444178147,18.468331117306505,-27.134446868890272,0.8782884266286684
4363,1.0947997596575167,0.883014194587808,-44.29164931050768,1.006217594700605
5526,8.872637634343445,-13.103183907030719,-42.12097881958027,1.4927082871822552
2164,1.7251727171278457,-12.198538385221173,-12.100530041542118,1.5442963157176932
573,15.689363400017157,-6.534303831324896,-30.40657342395297,1.4933555384828603
6033,10.631209507169535,-16.55824141285499,-31.51301094462857,1.5055060519853325
6104,10.095370234684324,-17.046796126451866,-25.747216128419755,1.5051063213760612
5881,11.128655132528287,7.300085646234469,-29.01127306085413,0.8001157730582463
1193,11.482201570404406,-18.080140388115506,-29.923160438863952,1.5085882375158224
2141,-2.302611827850342,-19.945654841092836,-24.72577612379773,8.903488834808831
6040,11.152896925102546,-14.863119946426313,-34.89052647269909,1.4981419155265723
1119,14.39107231040223,-13.107019490717288,-27.44741824529469,1.501232128454473
6138,8.849443637737174,-17.59875999568342,-24.78240445770368,1.4976083983426096
814,7.759962038311473,-0.058382993752480405,-45.37375520890416,2.34988647851574
4573,12.76640776670108,-8.8077971257854,-27.600055780076644,0.8000565499466046
2736,14.608217227698434,2.3659295946161953,-37.90204303513544,1.505959117765681
4467,9.8148054475952,-14.40741003604581,-22.100480695006624,1.507347301169976
2293,14.90878613556971,13.305118546205925,-32.347098888499964,1.5170579271703732
2703,16.070498889460858,14.341121369171935,-27.291612625656075,1.5082258001392603
5576,7.036890869166653,8.378081570665785,-12.28986562696628,3.3412554828755097
653,8.731238699722073,-9.808824839769436,-43.58032602711867,1.26285525737858
1286,3.918057642014945,14.081732587404304,-13.736177568506559,2.228515273955942
553,16.021132420880573,6.616543007919628,-33.785418281048365,5.528067106270472
5403,8.868752160167661,-14.298036849457812,-41.25473398199492,1.5169476953148266
400,1.4576497882350905,-13.844459827222217,-13.771201242775017,1.388772583460449
921,11.638701987480513,-14.673651044513958,-37.958188925890994,1.496194313586906
4640,11.499999046325684,-0.8740389106729358,-35.1493632442474,3.985443650928017
2589,12.92041624295739,-1.3820303327975085,-20.37272296261702,1.4969068864849746
6544,10.948364219700334,2.4084817399984555,-41.03362165374302,1.4809382355607925
5798,10.769135000283395,6.500005868382381,-32.30014735130617,0.5890844397988654
130,5.240294644437545,11.833274786704377,-46.7561613725597,1.4865417720098948
6506,8.451896791655768,-3.4671381175255758,-43.121174556530256,1.3526815222202941
154,2.0658156625810573,-7.266974752997878,-46.2684906732816,1.3901610600893697
6130,12.6171370169012,-11.119304436874934,-25.39123967369315,1.506626474119663
1333,13.038551330633545,6.937487087616892,-20.660984429821767,1.492315464663023
2276,12.060856527323281,12.90741144856431,-26.800009992748883,0.7999965626122469
3345,0.2901554598317998,-13.056786239754327,-22.036431976884405,1.0436074827384838
2710,15.586331725677496,10.485695660918383,-35.79175154197964,1.481025434924398
2132,13.80538349371758,18.57070541381836,-38.39965571787168,25.686771042751936
110,1.2664501111682065,12.209884087122612,-47.377416509209624,1.3770549616101158
3323,7.31956745249684,-13.083058335477663,-20.90627766368325,1.0505254945842128
640,6.775596182477392,7.870941135329864,-46.08392591744678,1.4201702555002569
2604,4.195373476107521,-13.874616782562098,-18.208791764681635,1.51448561550313
2331,4.843216202820059,17.694521504977047,-16.873229638720034,1.5048683687905977
1099,10.589888743698465,-15.31573638931881,-21.058664522270817,1.5141587138477335
967,9.781865175602173,13.410184754269169,-17.88542181668835,1.4999326761612848
2374,13.392152944975134,18.57070541381836,-21.130605525404395,1.0523266621790406
3082,12.110368624741417,4.6190463697746305,-18.6077913116704,1.4943735526248165
2190,8.796438870232784,-11.252648745024631,-12.600190438451362,3.3495545268632663
2327,1.5895518358445326,17.936684328795877,-16.264018874363437,1.3458879211869892
261,3.8159691282283665,16.23148171960608,-15.069525150317993,1.4957757196020778
2835,13.898606826170752,10.687599235372451,-22.60618810047849,1.5031443905919342
2001,10.89879598372968,-7.176455833185557,-19.799710909747425,1.4981337729263642
4925,13.01656817846975,10.869379419585316,-36.36000061035156,0.7999947719340872
3887,11.64947542557541,-15.871068874952105,-27.726014772708364,1.487226663642633
115,0.9515952178336435,6.406693773749983,-47.31796193936605,1.365592131375477
6208,1.3478554851844429,-11.926002448055709,-43.859015610763485,0.9128357108834428
2280,14.414079280685053,17.57265496184491,-26.07086182145448,1.5042911464151858
2203,11.229540318671429,-8.950383073426575,-14.132519442768253,1.4862255669862574
1643,11.535793406760614,-11.009192890276953,-20.60785339102991,1.5116910275514597
2389,14.030369864481626,18.57070541381836,-40.46120204327851,0.26663899585373146
2131,14.809725177915542,18.57070541381836,-39.09641431071987,0.4900447507607913
3339,-0.06788415357741173,-13.753804905884207,-19.803846181383555,1.0708214382416448
3589,12.90170891348491,-0.023210792698578543,-37.83994307052317,1.4898599131382644
26,2.568518890222311,-16.361838187628393,-41.22674423748272,1.3952854886671735
2763,15.327977558597228,-8.021536779643593,-28.156801707117047,1.4904090521544011
3662,-0.19333679098694978,1.2559624097255393,-41.898034759352996,1.0901136878058915
4430,2.803543010572665,1.3488933679497495,-43.08102755662188,0.9945732403436546
3586,13.728270678458468,4.960646161797751,-36.25751405606725,1.4860473869022337
2697,16.446801179150924,12.880887098906413,-31.661655546212806,1.4944257929322429
2846,9.031222037219369,16.942349169639453,-17.198296514884884,1.5035404797292498
642,5.212423987913468,10.914450588131949,-46.7440447508585,1.4757460895711243
1422,14.090241768143065,-3.54558981888648,-22.048250460121892,1.494517775377758
602,15.246741669723283,-9.595499249635807,-28.817590180520945,1.4987166789579134
1554,9.721869765499713,-12.051787926647775,-18.88185696486403,1.4964135336304125
579,15.899522541448611,-0.15536037170097344,-33.43297809384143,1.5059245048772645
172,3.508096917924833,-13.313097605033041,-43.99564432286293,1.2645513197424774
2557,2.3713878990970185,12.420064304898803,-15.365490995485548,0.7997968272579358
5879,13.733838187928226,7.299986253556723,-29.138054499200713,0.8008097071522567
154,-0.30620248210307643,-8.493131374461724,-46.10649413608469,1.3797932252795804
5798,12.958382903798334,6.50021641660844,-33.33716342407946,0.7997795059446522
6388,6.786125386451422,6.554016814031346,-44.501978973519556,1.3785289822991034
1873,12.052789909274983,-5.4993917747002925,-22.275973970627774,1.50141818504778
511,15.684236969661,-0.49031198654294855,-27.495134723144787,1.5171117735559634
2270,12.803784939118906,14.47962606133609,-27.600014733530955,0.7999903691616204
815,8.698576256704111,2.5995679786452643,-44.92056765641095,1.3558557215929097
4561,14.541159361892355,6.436411581565272,-33.57642247651742,1.4884399977638387
2656,12.761226802667926,2.3931426005806795,-16.297473048469207,1.4546958571760762
574,15.660187309881634,-6.6461613176565795,-29.911780535839146,1.4990068000141894
449,14.749759552354508,-2.479128964339523,-37.09509036616765,1.5185577695611647
3746,1.9035734318245994,-13.081576000530244,-42.57517876036494,1.3832257447374958
2276,11.8857085047499,14.35401805124051,-26.800006633896402,0.7999979934371607
4441,4.645155432009111,-14.447668534345672,-22.648847953990565,1.0621624992224887
5872,8.818449549423267,-17.21267054199125,-32.831744880961494,1.4677087053948739
737,16.600378731088878,16.21793653164877,-29.535415816403702,1.4874739077941337
1795,12.215097010019448,9.520001338717496,-24.806358337374824,0.8000004026089945
2397,6.366561287624048,18.57070541381836,-45.70870669774278,23.0447117922734
505,15.603232098552514,2.9989157974081806,-26.859278968418618,2.8292750657399406
2683,14.575940788710676,16.38822884787031,-39.12278108269504,1.5017432120111909
6136,9.29393662236141,-17.206830125433743,-24.418243054735782,1.5203956435142452
5359,-0.8026127150659795,-2.6905970513081043,-45.65577292950062,7.696201383268311
653,9.025682084037864,-9.781552137796591,-43.38143111797072,1.2617385191917954
643,5.079062179970469,8.841237279316118,-46.75802773047168,1.4531697720871246
6118,12.535254548469124,-14.447812166983363,-28.959239674456306,1.5002566791218042
1163,14.448402309327594,-13.597526408680658,-29.01161982749415,1.5069710441645294
4478,0.5762393646359651,-16.79383976633474,-22.49973577928398,1.0586225069864377
3631,-0.42993085034568906,-15.310164245948743,-40.547098757810076,1.385298649766851
2036,13.011000724095126,-0.6762936654178248,-22.594504650049895,1.5008907271380192
136,12.047637628261324,15.425946464579297,-42.551534957937534,1.532843536305655
168,3.3402970716222837,-15.533685542726623,-42.15274789490232,1.4266160200976084
1103,11.293777243323259,-16.838874581327726,-23.20535802352714,2.3441606251093727
6378,7.032247580963585,-0.7627262619432814,-44.22075313433729,1.3357773738486753
5949,9.941331916021598,6.5,-25.410611436533785,0.7506117944350164
2204,14.236446253056371,-2.652742541639927,-20.08633665190995,1.4946167882081418
6032,10.985659901144802,-16.08886552269019,-32.34713604413794,1.4958468878829463
645,9.120410095516691,-5.068433347446693,-44.177172989620445,1.396470101487676
4362,7.019905310241443,2.1680351653123937,-42.67396721846157,1.0161836919934615
3320,0.9159716289561934,-13.489716285217582,-20.122920145333488,1.0571809355101016
2351,13.854229585375482,11.961817113099437,-25.79129380103387,1.5101151341993118
525,14.130206513643554,-9.281344218403497,-24.531314755113485,1.488499428238198
4579,12.662476286036098,2.482229445511564,-27.600000381469727,0.80000114440918
2843,11.311724425060852,17.855016977637636,-18.83150423243699,1.5099539716718509
636,10.78620855602733,15.329086907376691,-43.74722111142691,1.5193166925478394
4363,5.154903316374901,0.8732082757436432,-44.22259373746461,1.0434938009932613
738,16.41155735114873,18.25508735236297,-27.161743792398404,1.9524306928219861
8,1.060036406562137,-18.73702511709068,-19.818216780616993,2.191826397539763
4579,13.161622875366755,0.7395926311449843,-27.600000381469727,0.80000114440918
621,9.30066982791917,9.256424529211722,-44.660757970743596,1.4414104371329304
2260,13.420506212129844,-4.262018067139289,-12.100442138180124,13.703022588178468
184,2.7931875005121642,-9.9994631459006,-45.54453504135833,1.3209602943399896
1709,3.04203053033142,13.937213675344637,-15.43789270134397,1.48225039866824
38,-1.375487662369434,-13.439041393205407,-44.1745962321026,0.756996209274156
3836,12.186328287414977,-11.443640482191562,-36.421770719244336,1.496610388568738
2971,13.825947043126497,-3.0306428209708933,-26.7940891775727,1.4990851323948637
624,11.438312982770295,4.260990097646505,-42.727948446975596,1.4431111507660037
2580,11.709723375975715,-5.489173172767869,-17.94700964206329,1.4902135099055538
4328,6.852624330033593,-14.077117489447799,-21.25459091299438,1.0439899910518275
2179,11.933311980970231,7.988338917880672,-12.734916609240395,3.379373199074487
498,14.469291038096312,11.342927580329304,-23.60141912110186,1.483657899882748
1646,13.938154320924035,-7.062297260540446,-23.65110201351596,1.4998404859716414
6395,14.875966122642277,10.900013635598393,-31.187552793921697,0.7999353795620409
5950,9.603331390167442,6.882702943240634,-26.419716078908856,3.0546398108756376
6366,10.26836975810999,-4.563468256240748,-41.38663622069396,1.431278426354398
4498,6.482450898567073,3.9590440774758355,-44.12967697326599,1.0572040549872268
4579,12.393834731359416,2.7918961639767215,-27.60000038146973,0.8000011444091836
4285,-1.5941228744757918,-6.2031620137459615,-45.856549497507416,0.7724954428000315
140,13.557190140545307,18.081476964760768,-41.123747520270754,1.5205878904655394
3326,12.87635950357243,-8.1205762377609,-26.799999237060547,0.8000229314358603
715,10.246388401484168,-9.989154093848253,-42.412665088271304,1.242814662886248
2025,10.403529207925128,7.6861348630776325,-17.397228144462595,1.5025128589949046
183,-0.09859098635242752,-9.969192780786603,-45.664994501736885,1.3521260882355386
5848,8.91414463142359,-17.82587238490666,-28.884425402673422,1.4724053447636254
1125,12.838313494473722,-10.484175089302378,-39.07950719578116,1.502926123886717
4267,-1.975315622201212,-12.775825516197681,-12.879985442125705,0.7796406596203995
3338,0.7133703029105316,-13.726997484710838,-19.810388801452444,1.1157785819040413
37,2.656357948659873,-19.898786755786485,-31.753057402472333,1.3655426331628933
2723,16.379510516175454,10.661223141243003,-31.042812134965608,1.5030859872673816
4815,13.356817097346376,9.520276493063342,-35.003022231076,0.8000899621663515
6396,12.970146643913194,10.8999947408219,-31.637955734474378,0.7999562983786144
4568,13.259917360966666,-9.42796463262196,-34.69377216169695,1.4991227309252135
2584,12.748447995192166,-2.475233156607664,-18.392256736679755,1.48131792132479
3167,3.473452894555566,-12.908531638445208,-16.79448313398582,1.4978787999238823
5816,12.558733877491598,6.500000000000001,-36.27495395741041,0.8000423718614269
4695,13.877636777617605,-3.218430296246337,-34.82603481997381,1.5164776498753425
3339,1.0933443857029355,-14.063631034413998,-19.56236777721568,1.0119240001765542
6258,8.313754665438049,13.227639011870494,-43.657008757095774,1.4723612571511726
5890,11.476298165792493,7.29999821016665,-34.017018486583225,0.7999672238031698
6365,10.380000193046193,-6.339827148869152,-41.052212734430995,1.4044352556853352
2660,12.465815508074488,3.593817975867191,-15.593043985075287,1.5004509225582652
2627,12.957333173269024,-0.9384049350794373,-17.77529503452868,1.4964906555089166
1113,13.588769120166766,-15.636043213301063,-30.63231638772055,1.5047854870291035
725,16.82706449638464,18.51347023876428,-32.808066312980024,0.4026052154598154
1677,8.400275928724618,11.643925987707073,-18.161072255793155,1.492556129331816
795,7.331848708779039,-6.5308036665597395,-45.02338709851886,1.3710049994168167
111,-1.5545088599882044,12.266167471148167,-47.50151379102084,0.7655888337147528
5062,-0.8026118278503418,-19.260735585713864,-28.739213320759863,10.105883700878326
4581,12.651568534317914,8.720032412022867,-37.74191609108253,0.7999776604438501
6528,9.974698875286737,6.239643001013317,-42.186267232073774,1.4619450411617159
2918,2.6405413565539204,15.954623453377497,-16.344826918821646,1.48254210348171
2170,14.044853609172328,3.5308414714897665,-18.888698729326006,1.50128345931036
37,2.483519246945077,-19.75156286118502,-32.591080866907525,1.3615024169905074
6240,4.409391685413288,10.720473567187325,-45.462620439376956,1.4597682200379003
1079,12.888823614374639,-14.660295057454361,-35.69104363497321,1.6405284940839342
5828,2.7000543464459503,-17.525026985719634,-35.84016670864442,1.3770217225672094
643,4.009516564843523,3.498094646228286,-47.00665620235394,1.8558313129231128
1189,9.54016618912881,-19.097463734073678,-29.624820684645087,1.475260198865679
1527,6.268456787748157,-15.235607297869306,-18.021319926577984,5.147345106152059
4940,14.829445060017658,10.507163716586684,-32.06269914060925,1.5024822190222815
1409,10.649567789686149,9.76489373094563,-16.63558301029842,1.5034291834990132
6088,5.826569133189909,-18.268617829749658,-31.37644944709714,1.5064075497475962
4334,0.8772945863937587,3.559401775675679,-45.193017262959266,3.8722375952689125
3793,1.4682524060338555,-16.98971847553131,-37.452918020991746,1.364403458922376
6243,3.877519453134404,11.572049307703741,-45.594708201284305,1.4878772070327733
4453,9.342982241631166,-15.57334536437396,-23.14298687693028,1.0441988828773787
424,15.951438950349692,-2.7938648813964337,-30.079650966526806,1.4870178025430727
5482,6.667859354859355,-19.532069008599038,-22.88543374708168,1.4894339376067416
4768,13.134726845025545,9.519999504089355,-26.205782962281443,0.7998868694496838
4363,4.676060798135154,0.8918424819750259,-44.353820174268805,1.0418526656960638
1174,13.184931995841062,-13.495009076132014,-36.36243261553145,1.9363741450916363
4444,3.8687754410583506,-14.057755992916702,-21.817782303484186,1.0461795809874963
115,-1.466855529124204,8.383498721958892,-47.44763978957075,0.7607238054165587
302,10.032920228111152,12.623822462386777,-18.021464726823393,1.4900766707169548
1094,10.41244532402041,-16.644949418653553,-21.809272225220646,1.498381881073904
3303,8.938731326290121,-13.045271934085896,-22.16516027569355,1.0595893654600026
2175,13.372690802550022,5.3758675332522525,-14.158404797458434,1.4600687662603031
178,-2.0858188745198647,-17.549194461396493,-39.7912610735665,0.7813583996949321
6449,12.380141840367315,9.10917404774216,-32.87921144433163,3.815965641527088
4688,14.326841576458945,-1.4392404193122506,-28.696432178009474,1.5248629432932836
2179,11.730903732464613,8.300530682363638,-12.704346933941206,3.4092374364694384
4580,13.12460907034907,2.670431874851516,-27.600000381469727,0.8000011444091797
462,16.07418775218618,0.009571887637210064,-29.772573799043812,1.5207447591951107
561,16.29227582085905,6.686385187039564,-31.102907257678226,5.627903848008411
598,14.962795610517064,-5.892851478930386,-26.003733252024368,1.4860535128944972
6205,1.5684227764929903,-9.276140518609383,-44.43891561911494,1.317569132861176
4334,-0.19508138670685315,3.5559596969120735,-45.20536248091297,3.931616711688213
3314,7.133589176778333,-14.411365878181137,-23.913801255798766,1.0568251929076398
2179,12.211138026874774,7.6023055582850905,-14.483880992513084,1.4769287343516755
3190,2.430851103456807,-12.402119993620142,-14.821971889171468,1.49196222255989
2761,14.870900566267412,-9.300439471010149,-26.69557650988986,3.5069147367342666
3326,12.940216503785603,-9.51269834964027,-26.799999237060547,0.8000439841695617
4560,14.403325343244225,3.514485103354884,-28.266281646288412,1.5327915483222714
3318,1.6546645309930124,-15.199133762268117,-24.10969084097987,1.0183192706492596
692,7.3062095329618035,-11.97610031391397,-43.62036157885709,0.9990371460126514
6145,5.615903385882757,-18.517031634960148,-29.867734184214807,1.501498868882153
3534,1.2204135389868984,4.958785433494976,-44.2366887569889,1.0269302422256217
2775,15.88176884013236,3.375342454678739,-34.178091120352285,1.5226206744403232
3472,12.75018134691418,-8.710499599067774,-26.799999237060547,0.8000572606980376
2203,12.365255212935358,-7.344160676321028,-12.794807249908068,3.4183527632923068
642,6.187290399149534,5.183718373185369,-46.270755986502905,1.394118168805849
6592,12.917075677743547,9.87530471933296,-38.26653657794469,1.5126931136031545
4580,12.594721001745995,4.59743295939938,-27.600000381469727,0.8000032120660681
2388,12.933937574139346,18.57070541381836,-41.142221224263885,8.182754109378806
2459,10.282168472458606,18.57070541381836,-19.483395004086702,9.600649536487138
6285,6.906617146755421,16.500897485613837,-44.58913018058296,1.4948310149738262
2346,13.02650326141343,16.254478369335434,-23.498994169989352,1.4965542167582295
6185,2.701848846581646,-12.396571251707183,-43.66769615322937,0.8340742933121766
702,11.868588169049143,-2.708766958991381,-41.92841112305861,1.4605787325138662
5592,0.961900968222614,14.678710151894535,-13.811689192450576,1.3500998881607746
3563,12.725039632203174,3.5383936376961422,-38.38187711486223,1.5070405876815929
578,16.09489939852843,1.8471137458647844,-32.596529658447736,1.5315524725254055
4647,11.819740154126759,-4.262079675221358,-35.100015733353416,0.7999853192637075
3535,4.5378376071746525,4.998928395058586,-44.26495721847024,1.0306676860232862
3533,1.507355574602193,4.916380467013255,-44.720870879759225,1.024356151081375
4732,14.357377330702976,-4.418492643897723,-30.554427147973207,1.5245288828353727
6155,6.395581500487354,-18.583065458029473,-27.73667321598818,1.5036701368097933
563,15.793833959576968,4.19873565500427,-34.665907688366445,1.5259214852797092
4433,3.4043818674998563,-15.578955962666713,-23.097215758425303,1.077298218559954
6476,10.642148155735587,11.578080894014825,-37.159999409166815,4.6291607763781615
3857,11.362899473038532,-12.017557685181371,-37.64988415771014,1.501050287729404
4388,11.2354194419515,9.131689569191265,-20.598277632473703,1.2868125103073176
498,14.40095780828872,11.09731533024694,-23.487606617369003,1.4942201387233605
2482,9.39292261815437,8.381748171962903,-13.778319253208,1.6781336757102696
5546,9.530190119883589,-18.767091805891663,-23.98245301173005,1.514130157614946
4236,-1.318071877503295,-19.79962639613885,-25.47937454222506,0.7729932811938561
1772,11.297388076782227,8.402272825244005,-20.064337756375714,1.1301497268178264
