source_face,x_mm,y_mm,z_mm,normal_distance_mm
968,-2.9851163583999707,12.89899458840711,-47.33312029665634,1.5001051619152266
7322,-5.420043142805275,-13.674331776895905,-18.56431880590883,1.4946367127686533
7444,-11.790943457275223,10.850006760710643,-37.75976477246369,0.799990276653834
2951,-16.117746719832923,1.2357130680296298,-32.054760665138964,1.5026959959756874
5323,-1.8893468776412152,-16.65375823809826,-24.377986350226877,1.8484084456424121
797,-13.719159420184763,-3.8647853656244346,-39.15434807720516,1.5083384412684921
2412,-9.126378689892586,-17.22283292714678,-37.19404614683103,1.4932909523388687
1146,-11.280379190103364,5.460625935089045,-43.00448387709224,1.4997890817368078
6948,-12.627257347967067,-3.0282641914155333,-20.4705901185146,1.503215185520683
5477,-12.394931529962893,-1.554513020112095,-12.28134313704523,1.4770847419821351
7122,-7.224155670031612,15.655412992932956,-17.935610549657223,1.4975181505099482
4361,-11.473818765206794,8.149759496094589,-23.277711260967358,0.7993892678916051
2736,-8.930031318631759,-19.188929817767153,-24.556946773118852,1.4919674935396052
600,-15.65843063187023,18.193256782473462,-37.278480507281785,1.497724779981518
2043,-7.202955513859227,-18.339774022320213,-36.189564722664194,1.4984996879476602
1657,-7.620398955704561,-5.379067050346903,-45.21655782118738,1.518682960081547
4243,-13.967355823983866,-7.356448835526654,-28.699059960388745,1.4986170426519376
378,-12.734224541604307,18.552608398899892,-20.162610475824728,0.19196774840549427
4898,-7.0057565431658375,12.397234173715747,-12.5121290606426,3.244616710326963
4688,-13.828419052987336,4.395573031995149,-35.98294487245552,1.5049104420686512
3878,-8.887159808537099,-17.713386991867228,-25.425328905369646,1.5018519101723304
6070,-3.5968117391762098,-14.156094414708228,-15.915650939004209,1.481812642645734
691,-16.319885946349473,11.423872429618111,-32.58174298664212,1.500597254644543
1429,-10.205632461363216,2.026603251099376,-41.23302186580305,0.7896700154532738
4470,-4.209833758722487,-18.74044328191638,-29.433544240140016,1.507631047925071
359,-6.6739455614474,16.07821104231055,-15.996739511217253,1.4943885449800993
1550,-7.9847197379503205,16.674612906914398,-44.03243128064212,1.4862764588820299
5397,-6.743780732135118,8.674018013428674,-12.749502252781316,3.301342209255114
7447,-12.856645556232177,10.849990349821525,-31.54186647951324,0.7999939319421123
5028,-15.168256530084316,17.65394569161145,-28.990287001201608,1.4942076565745772
4882,-13.366240258099992,-5.496379312887958,-18.676287468997963,1.4958971845911415
1134,-12.517907577202699,18.027948738681346,-42.353811950266746,1.4852855947531884
4711,-12.984406759499,0.5615050159911128,-19.091604145334014,1.5010071873700688
1084,-7.400539904285321,17.471006204384803,-46.07136548628074,1.4909197515018369
5389,-1.5108783280134876,-18.931865940746402,-24.06010307173427,0.5639543768809476
7003,-13.704858222567307,-4.046548855456074,-26.579820114885486,1.5014148751855882
5462,-13.589091065053104,-4.570541545848575,-12.302054204410679,13.352931179678903
4869,-14.247253445399567,2.6574282775364715,-17.484652022144292,1.5285503337386614
5206,-1.1026118195900088,-2.9331028863051363,-45.571779697480665,6.338864238218807
4354,-13.744504599846538,8.150017600406505,-35.134883889424856,0.8000176958079321
4951,-12.91307580977238,14.761749074554974,-38.73142672729403,1.5084966092017393
4488,-11.295448355857987,-16.347440365135277,-28.6263287429009,1.4983095049778514
1450,-3.857746166578076,6.302020948958568,-45.54730023717198,1.5037638001835767
4615,-14.602252500838597,1.0060990551257674,-32.058222556940684,1.5010141392188838
4642,-14.560168628199515,5.186411818122153,-28.73565483196043,1.5098586392779247
5267,-1.1026114306882389,-12.765427822778356,-14.875574070033267,5.223558139533184
1569,-2.9854309643812615,15.640492858959172,-45.85185284980207,1.502345855416378
4792,-11.8752461880456,-8.147157891254071,-14.75232395831519,1.5012798616776808
7474,-13.415597638231368,-2.9181585761925044,-25.428577674534363,1.498355897907612
1870,-2.302611827850342,-20.23547510799777,-26.7553420623731,3.3901742157097803
4877,-14.411464331286151,-1.5578910151324106,-19.470854132957825,1.4992111557285372
636,-15.15109059230407,11.71832654178633,-24.99237443863639,1.498952286928144
252,-7.622023744779109,-8.45349911547744,-42.90460714389816,1.5072339742354746
3582,-15.933726473150216,-3.629468338893397,-30.394549527617162,1.5078583044858231
1654,-6.046023211228581,-6.009217567554696,-45.792984291299845,1.5158887315485996
5588,-9.067543800324044,-6.2145041968816725,-13.346765205214785,3.409834170898328
3228,-16.142066040898317,11.564722469311967,-28.280949334560255,1.489709782684157
463,-7.442057600844535,18.57070541381836,-45.39800814864324,14.363850496343169
2462,-12.131326949012124,-17.35335195055918,-26.236411029108968,1.497436797419254
306,-4.134260229210815,8.992070068788085,-45.49843596879201,1.5046519191744943
1088,-9.568110289347409,11.578784173039544,-44.551747710643184,1.500267576611178
4368,-14.066305592678805,8.966297817381827,-26.566115990349324,1.5004583753886227
7448,-11.463598093365263,14.587935424571082,-21.549799949598928,1.499857537155866
1993,-4.490489662506636,-20.22331187893006,-29.579436211068156,1.515003349636636
812,-14.497331560722554,0.38914369324411613,-38.01505896388849,1.5081040816976714
4762,-8.530081412775562,9.577044762227334,-13.939763071815527,1.5034719695222858
2697,-13.68230063582288,-10.080845583093122,-37.64424703348239,1.503276338608148
4504,-7.790212048011914,-16.36519527496066,-36.483112025687376,1.4939342875337078
7434,-14.403852656136028,10.849979401478702,-31.12685989326943,0.79999363889885
976,-3.9023811195114546,-12.780756808277912,-44.29507374646665,1.4923380127970192
4619,-14.295438032062432,0.02182760963998054,-33.81669691582189,1.520077496181945
392,-13.884526149014883,18.57070541381836,-23.437364588392867,25.362122528466898
1743,-6.678540163345178,-1.9538908710522755,-45.9591776923421,1.5085315114858593
5490,-1.9282298048155007,16.03292016646529,-15.633752749096745,0.5888741507505564
1072,-7.953791916139254,4.540095042452613,-45.568330316158445,1.1476899196284442
2024,-10.460640826908136,-15.590620438276964,-38.40725480650479,1.4874309679902935
4210,-3.2840782927444514,-18.293738793138747,-32.746852622117146,1.4938253456394746
301,-11.838646088164278,13.519036027206264,-40.26715492530249,1.5004803554236823
7418,-11.396272322065329,10.850001426024084,-25.04932331615004,0.7999931841271983
5847,-10.643232054843848,-11.148594521935385,-19.474039602124634,1.4929728382858884
592,-14.41772104204245,12.319315620650869,-38.84828374135088,1.497788808879452
5760,-14.679012010498747,4.3522207980283945,-24.121406599680263,1.5097002540647937
1105,-5.803092979655318,-10.107290011078387,-44.95669016958292,1.5161762429753043
4607,-14.167482701915594,-0.8669886767439774,-27.702261581549834,1.5086953160579764
4876,-14.344967310780103,-2.004983786943227,-13.295981835877443,3.489227613046467
399,-8.030083700487753,16.40991405735386,-16.64881025901066,1.4782558677533975
2390,-5.378733853672576,-20.143368069002427,-29.239370268298323,1.498986603401275
1407,-7.21393971717197,5.411871201304669,-44.115834603528754,0.8340912092537798
231,-9.717612911329294,14.304704397762205,-17.810598507568038,1.494829758259286
5260,-1.8224693736802184,-18.92199719552118,-21.855816711710403,5.343603390309973
384,-8.988939683473447,14.770120181848473,-17.266501950850287,1.5022865606282512
1071,-7.999534052864127,6.882819541848535,-45.55207049486424,1.5093513643276628
407,-9.860095186789769,15.254260146515758,-17.873814185058563,1.490348219644329
5682,-12.582192825943585,7.308197138830188,-18.870329354461568,1.4160449832590003
5322,-9.572483753159533,-16.601668139765607,-24.407191008506103,0.7843475681584366
3065,-16.30480354845242,10.39000201513998,-32.460136151713044,3.9154836644035296
1059,-5.46924032663776,8.92123057858207,-46.67455664683408,1.4904077154518893
5300,-1.4750284747662759,-15.88841806695532,-39.59308630402704,0.5700859704661795
5282,-10.15998855295166,-12.59086255871924,-21.835683246860114,0.8088355563094652
4711,-12.976955580685363,0.7825539601673794,-20.90908761255602,1.501215500353508
4173,-3.1325164102589538,-12.844017741696051,-42.634668996583585,1.485666160196129
6914,-13.91577688569869,10.049973924274612,-30.095712117988718,0.8000196503408622
2750,-5.2584437266040265,-17.725647636507937,-19.32424292506024,1.0279338181475164
5456,-12.052488684886974,-6.47297457684671,-12.275302307596016,9.980822922968448
4240,-13.93865878975395,-8.481430728247137,-29.55604423185426,1.5077088078670884
309,-5.86202501336318,17.473028394991253,-45.10088764244727,1.4753514057693482
1818,-2.3026118278503422,-10.511544057009539,-45.28132789294054,1.6242543988959486
6463,-4.948432064941971,1.4654740667621688,-42.34261107452342,0.8993193159931347
1994,-6.524262704541367,-15.439685104347525,-41.50211287757812,1.5065139364209477
1733,-13.203639560035676,2.7766055677388475,-40.51439625160431,1.504049505698197
6760,-6.679058206506052,11.40239547990469,-15.348322524662615,1.496130796129859
2388,-4.960395523112929,-20.328618522711032,-27.497506781096753,1.5063086037331368
3633,-15.68703422536567,8.776366707525339,-26.681664634233314,1.516673793943027
3586,-15.809416043822553,-0.44727221025600306,-28.046696985232686,1.5163882161648954
5172,-1.2461474943811202,-13.0024113284015,-43.34537032630584,0.5649143912961538
5101,-3.302612066268921,-16.24373897005576,-23.34844108751229,2.500000238418579
1111,-12.328461308423119,6.0349655420015775,-41.8008878567838,1.5038324035784645
595,-15.267061585442386,14.021824227559677,-37.1795587295343,1.492083618355468
2630,-12.957492023025058,-9.365264569716889,-39.334577651189186,1.4973927479087483
2384,-3.655319068746781,-20.350154803085157,-24.329067678409817,1.501281746721748
4453,-14.757742989366358,7.349999904632568,-30.55318640220244,0.7999691162479304
994,-7.9695275398521375,11.894139609630944,-45.594131913492824,1.498353441603065
6274,-4.442698052881059,4.339301274862055,-43.3002007443865,0.8644412621523834
4471,-5.816213572786404,-18.07884811957106,-32.348099655257904,1.4920283736441522
5040,-15.279284829866405,17.756353944483735,-29.79693774157958,1.5004724353197814
6403,-15.201570118210224,-2.4021905742812195,-26.06084650351471,1.496574609091395
2391,-6.686432316463463,-19.74993590628816,-30.792734826017817,1.5011034908893408
411,-11.934204525989582,18.57070541381836,-41.899019361059985,21.456384664639124
954,-13.384790183806253,8.806081033763933,-40.41175452882054,1.5050186085546344
377,-12.837921945260423,17.487306212960632,-20.45604163745923,1.5130596480445777
1433,-8.425014123885376,0.9755330770012255,-41.578159248478926,0.8233835244056497
7342,-9.645739486320712,-8.618327634444373,-17.59454305629053,1.4972597949402109
5141,-8.599466514589963,-13.485891684086182,-22.16663714998998,0.8330344825416395
4955,-13.633146858701615,14.702972417308175,-24.927676819644624,1.5201694979469922
6335,-7.867099992675625,4.595003767750146,-44.155145580367495,2.667138016717979
4870,-14.219557514469388,2.792246416216166,-19.8951643417767,1.5027385443829355
4621,-14.09158464791899,0.46884480319258326,-34.729005382899004,1.508083907829952
3186,-16.823717034880346,17.73215783830208,-31.95027028114928,1.5233045243770558
1131,-11.168781447297432,15.619999271416846,-43.415708887771146,1.498298491203401
4067,-0.9615290820406143,-15.359601744477812,-18.641186204753573,1.7956215860683673
1737,-11.114183493040507,-0.19971769043596507,-43.0027093224988,1.4845711847897003
3520,-16.20143504385638,2.7457474934734263,-31.558312446600564,1.5021507963195668
4400,-13.774337837650272,7.349999904632568,-28.53163198254952,0.7999862323114592
353,-14.398893814225856,18.128310490255284,-22.462990287281507,1.4923933485269347
3525,-16.218917534784048,7.1356812787225214,-29.39453996478193,1.5016537938262626
975,-3.003826902501258,-9.965829617541159,-45.61043154479891,1.5189220863300827
2019,-6.824443364254774,-15.53054792853949,-41.2715777997696,1.515122482885568
2951,-16.114017053973694,0.21267627117983898,-31.42226400556981,1.5045665195771891
1735,-12.076824726834975,-0.30621136584099484,-41.899443493742496,1.5007374506026743
5614,-6.163240241237901,9.507323575244104,-13.649563381136666,1.4770053769900449
3637,-12.11804842566178,-12.150993349344986,-21.653243846768664,1.4962616665190829
362,-13.267013261680754,18.57070541381836,-20.95327449628723,1.0044566590306674
2953,-16.21679021540007,3.413707624926283,-30.352639564712838,1.5115060032241514
4919,-13.645296759601386,4.812371385462037,-14.105117617866412,1.5116439248135256
2595,-14.175592305023018,-12.337460296152337,-34.74072692284109,1.4974211382601628
7435,-13.936921736043104,10.849988195875177,-32.64982510924601,0.8000040958664456
5045,-1.1960304060586502,-16.687325237642835,-22.083094319542152,1.7989656401114122
6174,-9.034265407271283,2.487835837857614,-42.00729760837592,0.801820445977493
61,-15.796886593174055,6.78275238300879,-27.274764019478297,1.4983672732120248
5004,-13.682285348939477,14.079989912497425,-37.115270307340296,1.511772506664055
6177,-7.6754233499484865,3.883302680690565,-42.59544465265676,0.8189204619852974
908,-15.070952352208632,-0.2069064656133784,-36.581241150515055,1.513960915221417
5435,-10.67303405941098,2.653311306331631,-12.286169617604365,2.0799876090705713
1064,-6.988977323328143,8.152884347128623,-46.07352648761468,1.4920748385030305
4613,-14.513819630522626,-2.3320030460712102,-30.894256089135684,1.4966043941463747
4064,-3.535094952284936,-14.302348211889198,-18.92058199898366,0.914595297104096
332,-11.363891729623063,-5.1730154896522595,-39.95980232103945,1.5002336561237766
5030,-14.948168395406498,18.557145238379643,-27.386288549895657,1.500424414128798
403,-10.696519308145342,17.813918798099714,-18.31499373462343,1.5026446898498842
1730,-13.274932506119352,-7.583845284103354,-39.31194819955439,1.5005467213504387
5014,-14.231164689430107,18.449019650154863,-36.86806591894171,1.5017011246034682
2992,-15.557565550198758,-5.102322204005255,-28.046323421790298,1.493100728163794
379,-12.036418366177536,18.000857287908907,-19.49825468237952,1.5042695511885524
5390,-1.6927262438339008,-3.315462293436632,-45.48387385397853,0.5663350795062896
2502,-9.351291267846218,-16.41947086636337,-38.411447123910094,1.4986896528607299
4998,-14.662951297237642,12.459819774331253,-33.74699244157628,1.5018922548930347
7113,-5.643753797387699,16.579063255053754,-17.172554572187934,1.487410025300448
4916,-13.121374392996364,6.033634139325766,-14.450698794654063,1.496975905364387
1836,-2.302611827850342,-17.190819604735882,-40.0222459812098,1.503747266088476
1706,-4.37284433419477,-8.734548017497405,-45.71316477229915,1.5015310362201189
330,-9.548721457401978,-6.733362830011585,-41.80677593614804,1.4953298251312668
1417,-3.5712373804916218,4.0388324236448945,-41.69197466082334,0.9181653197788779
4729,-11.283191907138441,-8.908941667699793,-12.287575346458208,3.390274519343074
4868,-14.328984523186353,2.158384360443385,-13.637353802114415,3.4933366078360417
1888,-13.711240473028866,-10.913815413565596,-23.99399389539304,1.5027499238353734
5608,-3.2053459527785275,12.394910844904617,-13.59858423131304,1.4773772036829482
3251,-16.25637134835219,13.488132117625911,-28.449113253357982,1.496088652161344
6825,-5.574557430161155,13.803346402506207,-16.656752100052095,1.5031018015069317
2471,-12.969987657445273,-16.614724512314663,-30.286015182836575,1.4981024981627828
4889,-14.15037533605301,-3.074940152644989,-12.645239306390103,3.495238824157896
1518,-2.6314079079178994,5.12141315564188,-44.96845959173547,1.6795938338426206
1746,-4.070074049101229,-2.208906351873107,-46.7713027581983,1.5287465911745275
4354,-12.55406849166056,8.150006275989055,-34.821687041966044,0.8000063713904817
7316,-8.802972898801283,-11.365875855762578,-19.82714941864628,1.4919706500926977
2725,-4.874219622744121,-19.0294562056616,-20.814056557306667,1.6380180611935184
3144,-15.039696513335066,14.178809179204295,-24.421895890272104,1.51138094648672
2726,-5.051039704859141,-18.66228920193182,-20.31055285709916,1.301895309751063
6538,-0.9741229551329424,1.4655407269703717,-44.94029211259563,1.3156869202657306
4517,-6.438184414545051,-17.229576327289365,-35.20398169194898,1.5059912135797604
5030,-15.12409470648388,18.507139093174516,-28.156904735893917,1.507055485560509
6435,-12.50624420467759,-8.595803115485783,-21.141175360605228,1.4903894776782853
324,-6.076566750844033,-7.315332246193609,-43.909049800699115,1.5121609049196614
5755,-13.801878168083183,6.731157465133533,-22.324359987143513,1.5010786759482986
4863,-3.6685707038878803,12.274921734363247,-12.129049979608295,1.4777751499106941
2396,-5.804583236507404,-18.948676238294343,-35.176169267856864,1.4861294012403383
1111,-12.745345464095003,6.252165303214055,-41.285771556597325,1.5073739616318387
3764,-12.475232184455784,-11.050159720386437,-36.00140937054768,1.495593182304609
1698,-13.227435304508067,-7.287802487734821,-39.45836711892528,1.4994332345489014
256,-9.551478099231295,-6.976495443554864,-41.76336577844734,1.493031299571705
441,-15.712885983285966,18.57070541381836,-32.392761945520064,24.231701345850986
5367,-1.3358968786791303,-17.619105894055973,-35.78383986696689,0.5497473485152257
1064,-7.247434313379267,11.117261451053725,-45.9742991116694,1.5050252213365662
4400,-13.213065966008417,7.349999904632568,-28.162017193946703,0.8000006675720218
5331,-9.59167239856782,-14.68112070757751,-24.450316911063865,0.7878665178825371
4243,-13.806935251957096,-8.168063207809055,-28.27603342307587,1.5111591788692318
4361,-11.604141250281002,8.149844003075488,-24.041045633144908,0.7998398949637232
4207,-1.7525860720314328,-18.924344787733776,-29.262894300506925,0.5894292424487971
7288,-9.320252050939557,-9.276315782258534,-18.400102311539456,1.4941444842505527
5147,-6.198382442480031,-14.275196275399848,-23.28838231211488,0.8244419714316311
4615,-14.589812819552154,0.32447978781712694,-31.79750388616859,1.501322962171864
4643,-14.33868418614532,7.067582543660769,-27.598731356749962,1.496334695182908
252,-7.477438958827114,-9.58125038949106,-42.700655265678726,1.476644029900667
7329,-2.0739166554465465,-12.577535962061084,-15.25914174299649,0.6083609968159851
5279,-3.0615057761412814,-13.136947600866375,-23.25932919759477,1.795871419693614
4058,-4.324203294420675,-13.382903673291345,-19.63471456684628,0.8819118434450225
4869,-14.285417224741042,2.433766048464504,-19.762085508818352,1.5002584252597844
5890,-14.71200972499169,-5.57927082126884,-25.19398595323414,1.4969258540377535
3890,-6.293319429624978,-18.619649513544953,-26.549365053248387,1.5019024635055356
1993,-3.5985143409844023,-20.233664049193543,-29.98559194875905,1.490839436527343
1995,-6.632490028684389,-15.232952996702771,-41.664147137358476,1.4906123329136616
974,-2.7562840016517223,-4.706510434859987,-46.7209365017775,1.4911637282394747
6456,-10.821667116163496,0.9435064040722205,-42.52953427443755,1.8980374047694548
5334,-7.987216743683846,-16.249889057317944,-24.49693109869923,0.7940973005521972
5215,-1.1026122570037842,-16.521455915831154,-39.003633661729566,7.341120048418054
2672,-13.435913537028394,-14.616683557882704,-34.2167119301057,1.4932906440340799
1783,-1.5176810908067209,1.7499273120052439,-46.371187214592844,1.128139187875406
5594,-10.184648810937611,-4.143467485842503,-13.184427989907306,3.456570250797125
983,-7.45181672030218,-11.757606419937547,-43.69561918066974,1.5210091374014747
419,-8.90653775844358,18.57070541381836,-44.98926761408124,12.83062991990319
5562,-11.62476358388032,5.581203198904534,-13.745259124072959,1.477169078288114
4610,-14.577144555572163,1.0296148989547425,-29.67708954672905,1.510936612999754
3808,-11.706384951930257,-10.784190405285743,-37.80399452022159,1.5017070480073784
3953,-12.44281327652156,-13.333056677739705,-26.236011476836065,1.4955056780976306
5250,-1.371252853246066,-19.389690797621103,-30.186560257153825,0.5686351085530935
5527,-5.308915827766096,-10.5540100923174,-13.634684847441536,1.4770600611159719
6902,-12.2045807440082,10.050015348666568,-25.938644983707725,0.7999937168429624
608,-15.99590376580245,7.418925182475761,-34.07111751348101,3.805883303413322
5338,-1.6159109946525732,-4.774941230706957,-45.28940855142995,0.5753390951221952
6927,-11.610200642316029,-5.744178092225638,-18.941473649738636,1.500315894223642
4627,-12.927783256322467,0.5825604714139277,-37.82263084532192,1.5114073426721677
4313,-13.900772032142049,-5.658800994504673,-27.662977977668383,1.4910621877609176
6384,-14.822866649897037,1.790699200841546,-24.22410396317305,1.505749476941709
305,-3.239547568501717,5.538483781014376,-45.689820358126624,1.4692057435818555
59,-16.166491642065658,11.642304174659676,-33.70908639679213,1.4983629352351957
953,-13.38120769286773,1.8220628866077324,-40.18895215199308,1.4951583012005363
1774,-1.3939596345356955,-6.3112324721222866,-45.649674474629975,0.5629115315599753
1778,-1.1928724886238287,-2.012059622390116,-46.157350142952374,0.5674678913186177
2068,-2.7416743125040712,-18.920874946561362,-36.437128274396215,1.5072441864870743
1450,-4.02128533970135,5.195411778365708,-45.50289454557779,1.4899386175671596
975,-3.5003600579124488,-9.96961634634865,-45.539925062560386,1.5108338196935118
5507,-1.7398170364584142,-13.186944966724965,-15.208453200501772,0.5807498153386622
2456,-8.222612094587836,-18.05012961219331,-36.14768449494346,1.4993303936340985
3017,-15.155231768575643,-8.344985429203385,-27.398130424280303,1.5056367675958826
1420,-4.203797146875139,3.2963415593122827,-41.34367717347139,0.8779903022328128
4514,-4.5616830374310595,-13.706104524493064,-41.655639543173116,1.498780408035961
6903,-12.781542300390672,10.050018403389508,-24.755701835069246,0.7999944631392989
6877,-13.105043654048787,8.608074845432894,-24.359411322572907,1.5041646283985317
1497,-3.96060273985115,-0.4041306429413134,-43.18798547071617,0.9365866039520985
1486,-3.060254653819167,-0.21252522485504852,-42.9027274623265,1.242584898219767
7111,-6.645515331592438,17.517437279155118,-17.55422121903174,1.4934347062897606
3759,-12.926468682732065,-12.336448642300795,-33.362737496789826,1.497953861937367
6757,-7.719668738467058,10.512352123163184,-15.572038667353064,1.4955107780255987
3891,-6.176451479521382,-18.65964517606962,-27.076970615339548,1.4957731034427906
4794,-8.973764945775724,-9.177178061762483,-14.896136614444845,1.5087257896707842
3912,-7.956877685256172,-17.514291313415605,-32.797285675354665,1.4930470736180215
5100,-11.972902729232887,1.1610786891920784,-12.273997925309502,1.4770891015075953
2953,-16.180291885535773,1.930907493546151,-30.815193474843134,1.499509474543754
4841,-12.992360705583422,2.1304423121104468,-12.291753608285298,8.911402632778648
5206,-1.1026107086299977,-1.7314332019737992,-45.78177637776468,6.038072912264238
1111,-12.781142480247428,8.585217718651647,-41.29615991570884,1.5224205882202346
2456,-7.991790155818565,-18.129949560127496,-36.14251355978865,1.5072861013354342
5387,-1.225726791910862,-18.821436266829597,-23.441290040719544,0.5624964260652746
5004,-13.673823183187828,13.518695286613825,-37.0673223813897,1.5123695297742923
5323,-1.0319990897557827,-16.60721044923505,-24.38756547701172,1.7997032656527219
314,-7.332000365717175,15.406783646761696,-44.32452095785965,1.496487267303621
5156,-8.05429940506788,-15.5060944908038,-23.775386439772706,0.7990952568195425
7493,-13.22586865776593,2.3740286697183666,-24.104634107599566,1.5018653246955205
1577,-10.51524315664681,17.815212738279158,-42.23017114114015,1.4910745136922283
1734,-12.82329019290654,-1.5062830852733633,-40.8390787765923,1.4898908673488445
1632,-10.375974816777324,-9.098748412771581,-40.404926425633676,1.5085075913452806
7099,-11.33938806663701,17.62355224321255,-21.02614378601186,1.5158129775038252
4208,-3.2607877571752977,-18.638819232782975,-30.79408286487476,1.4803647470226486
1069,-8.172037864721657,9.167578582145088,-45.45554605460195,1.4990837748415982
4815,-7.4558055542643435,11.969476846666286,-12.194932150695303,4.820004531117169
288,-9.52972502507016,-4.27393769656771,-42.155190975617785,1.5068117776391792
4296,-13.40826901420577,-10.805572395842194,-28.019044921407342,1.5145623679201903
1113,-8.755057587016534,-0.34154628843951723,-44.976250075533876,2.600708928347844
2555,-6.2865238211927075,-17.379769227872416,-19.389279878932022,0.76148192413468
6758,-8.128500286139966,10.500380227249227,-16.46071433220794,1.4895464052622622
5030,-14.899241834512523,18.543967996276077,-27.185341009078684,1.4983049712239922
604,-15.706977459777056,8.5111710276168,-35.3175844922584,1.5012640862753919
1572,-5.104930287882149,17.314458180508076,-45.364981039090495,1.5035586140298012
6555,-1.0165597237183124,2.598879460177303,-43.00802793951691,1.2978130153196619
3878,-8.697278520985837,-17.880598547135815,-25.769504813609885,1.497567310868743
404,-11.186899769525686,17.50721421867835,-18.77167779225518,1.5039731737833268
1085,-8.00094463262591,15.294383727194003,-45.66150550442782,1.4981838501552978
354,-13.429969335442943,11.018650845107633,-21.890060699706517,1.5088786095001443
4404,-11.301994611604094,7.428472990554287,-20.16081027557915,1.5563579119468247
7445,-12.069607024408075,10.850011339863517,-38.24106676552336,0.8000020859560834
819,-13.954182150997358,-6.342568396659743,-38.27538002610057,1.5101453291851346
4291,-13.823043472191781,-9.681033609011468,-30.542798627983135,1.515504036202583
6058,-13.399902688599648,5.440808175646852,-18.985918423798562,1.5035710648318303
1658,-9.120896211179351,-5.619303419036136,-44.27193939970004,1.5023548396217559
587,-13.828481063525402,4.335656917484192,-39.55429896586316,1.5065487438637901
6756,-8.498697626005372,10.224335733632373,-16.802767989178367,1.5031566883885752
5184,-2.0943860953960916,-17.140440386232097,-38.56310494085491,0.6112186564861645
1815,-2.0694705106243574,-0.08072815444521983,-45.24640510419461,1.55031632481376
4818,-5.768360658069817,11.953451003770875,-12.165574685619987,2.8030501520051065
2069,-4.169232960869847,-18.76282496481113,-36.549724660500864,1.5126645376767713
7108,-7.389556223242324,17.052940122385102,-17.955069863715405,1.4890150014797106
5587,-9.024167119048768,-6.278918449601806,-12.464535554268005,3.4107005093129423
5019,-15.153968243575058,18.528304313079648,-33.78783778816107,1.4974399029780365
6346,-9.453512442618969,12.335495682022122,-17.229448782045722,1.4949441594912318
5522,-6.907743727575889,-9.726177509189416,-13.662567909417227,1.4770696003447186
4608,-14.431472120199285,1.936104282603731,-28.46305420432392,1.5111807248895157
441,-16.53676420503837,18.57070541381836,-32.274876274098155,3.4318449632062875
332,-11.073274529283715,-4.605539580875044,-40.3926148757251,1.5087466449803386
2501,-9.736505526084017,-16.08492183720653,-38.52981914939614,1.4938638767771422
4463,-5.429860581301256,-18.682250198129132,-25.065277707134133,1.5035972088243577
2053,-2.5991429323781894,-13.427460375131641,-44.110896849085236,1.512110852789517
5328,-6.140846546174561,-15.076827426175365,-24.49490541831058,0.8030331194243788
7292,-11.065979832110951,-7.129346987060259,-20.21493230982582,1.5041245426891607
1495,-4.439602348000404,0.47268738814915195,-41.936208552228024,0.8694426855012619
92,-14.597782726854344,8.747899890752675,-23.96763312812609,1.5070133629706783
4226,-12.419663885305557,-2.6277758229547485,-38.531284296588346,1.4960355088544828
1103,-8.936440119716973,-4.16329150681115,-44.585697954784436,1.503162827429149
3849,-11.132663437622325,-9.556986229797255,-39.29301757237784,1.5030137387713287
311,-5.918230334802773,9.616252513813722,-44.904437075756135,1.503028505907586
2569,-11.720293523562933,-14.210113842805558,-38.34198602223519,1.500514400783217
7294,-11.309399204539865,-6.701364099188939,-20.461776202675388,1.4972585768561633
1716,-11.623769978652067,-5.95167683860276,-41.9445985743757,1.492372336206538
6768,-10.04446799021246,9.000124378425912,-18.690799550863993,1.5036746342674412
5182,-1.1390945830755697,-16.318101149331532,-39.97475479279197,0.5764241592671867
2351,-5.125532127320941,-14.448121062051138,-42.88280629752153,1.4926210489220648
61,-15.969964361949986,5.926594155597925,-28.05282275448952,1.4945747112518928
4722,-8.757431506244341,-11.299962898728609,-13.883001930757532,1.5148649755071435
937,-6.156157180785343,-3.7687639679432268,-44.39932368730865,1.5006036641958942
7411,-10.782313128116943,-8.819613585991124,-21.27359656776652,1.4865247515593307
6658,-9.857938412851295,12.369174561230825,-19.92363851409602,1.4964023290344421
4882,-13.343872751564719,-5.5475210077023736,-18.839599828631705,1.4970211135134814
1548,-11.71691441642774,3.638481813752392,-40.06243565183017,1.501780952320979
7377,-12.21765961865482,4.817978915117734,-20.950741012395323,1.4974549379313449
1666,-13.028039581783522,-5.5398971861339525,-40.09903182339497,1.498465110746993
5726,-11.097656225254633,-9.184486907431086,-17.290244099970515,1.4967919159629424
4214,-2.3664923125671007,-17.70072488659227,-35.36995995668878,1.512065205520084
6403,-15.136700771717411,-2.899011926537997,-25.92938203808484,1.498159461945313
6901,-12.52519329297372,10.05002545404309,-26.784678991264038,0.7999837986676185
4351,-13.230996231328014,8.150036957025767,-37.31458669997104,0.8000370540666559
1145,-10.771869991657601,10.611758656279973,-43.54848825958486,1.5026622064294142
1574,-6.598827559139741,18.01203691497933,-44.82085944102932,1.4830573972491283
300,-11.597310234351207,13.604472758817563,-40.58509009842701,1.5029851984569205
1496,-7.435139224089779,-0.46793250375160916,-43.42676341453499,0.8442395505098268
6488,-5.816738118039324,4.284893354107509,-45.23549040720225,2.17541608320973
5103,-7.482077736679189,-15.56076743168388,-19.429553280694932,0.7276134941098591
994,-7.574750675004573,13.757608801569798,-45.86572449450779,1.5129024489308636
4879,-14.4741759632787,-0.8773340906929457,-17.87154668161063,1.504812270082788
1117,-4.55216904667056,-0.5594139119856785,-46.74458291325907,1.475258541978708
5350,-1.1026122570037842,-19.260149363307637,-23.32006906589688,6.854265608051113
4796,-9.556342297129936,-8.60090316929272,-15.91026052777401,1.5038185942477105
1460,-3.367117562588944,5.078166506326213,-42.825081857560015,0.9252039902971695
1993,-4.297873729767529,-20.13477702687105,-30.374858499352737,1.505978887557856
5517,-8.181489813742616,-8.588773971872431,-13.685028026663009,1.4770963521946368
2642,-11.095726216580752,-14.92583748568122,-38.43964735363102,1.4947057760345768
1464,-6.861297354262643,0.18772043217438153,-42.197756203138304,0.8598880091802349
1103,-8.987232412054304,-3.90352422419232,-44.5715124213512,1.5030287035893697
6737,-12.651460464525735,-3.787662236819036,-22.760562224043223,1.4940149736603838
5270,-1.1026119092475828,-13.19302885438229,-15.701275797860582,4.705012150047495
4411,-11.302611351013184,9.70433869528493,-21.242601416322632,1.6651770926619722
6084,-10.491189955713086,-10.219105680229983,-18.209631620786162,1.4909804391860517
5250,-1.5081267734080437,-19.37327550724966,-30.330487591032643,0.5766990334661094
2411,-8.782983848178414,-16.509017828979125,-38.757526829465014,1.4958167581637154
4749,-12.689947009855574,-2.7217890806185627,-19.633856841259657,1.5115498415503519
5176,-2.0840680413204806,-13.998352022133206,-42.64844634869511,0.6240833866456267
190,-16.0281830287555,17.178309813930184,-26.33426665753801,1.4847114885995414
5656,-5.187166615655495,-13.20942095385382,-14.512193647613612,1.4954739570702595
6628,-9.087779731988341,12.506563815064636,-19.16246824911785,1.5041730175234156
5283,-7.174901130571332,-12.627373327271219,-22.023805659469158,0.8585824974340216
5342,-1.326048802609347,-9.031775993034577,-44.45401846841799,0.5519951639949773
4477,-4.703398956152388,-16.782572124982753,-37.20511100336095,1.5118386868340192
6563,-1.3090086051583678,3.37934674131693,-44.92741967862603,2.1334065468046046
1605,-9.832237304762245,-1.3405130290126401,-42.101089616035395,1.490465013607403
2919,-16.62354224809663,16.627230799789746,-32.76162746500223,1.5147292673653112
221,-15.314252880688986,-7.205767657828259,-33.94309660100333,1.5075147827649396
1601,-8.857419222559265,-2.203442999702323,-42.92082947160063,1.4815760526234145
1776,-1.1366789390616239,-3.023763616136786,-46.08106770967195,0.5642154694936405
2399,-5.560563251791572,-17.757248113200177,-38.45267094670504,1.497574801051787
5936,-14.632113646708673,6.7868401462969175,-24.111518000050964,1.501808569611818
4766,-0.8026118278503418,-16.276919814912475,-19.99366004367929,2.5000004768371586
6513,-2.8761287036111756,1.2858087194692465,-44.473384000720074,1.6919732752321575
431,-15.62330713190275,18.57070541381836,-25.46283073271885,2.21689521309851
1743,-6.4027202511844035,-1.2897317533840638,-46.11692637447166,1.5086694597146815
6943,-4.956070749322743,-11.668928572990266,-13.967653180413294,1.5054961978253354
1524,-11.807324747659365,18.339361354404137,-40.92543958146729,1.507946644943277
2980,-16.057891743578004,3.311996300647487,-28.784334624442824,1.505550043848154
819,-13.9971099753461,-6.809350749651223,-38.07888691585481,1.5077403004864496
6739,-12.184339900363895,-5.061118676866794,-21.902094513103428,1.4951808486110394
1732,-13.337915743012895,1.9207451875546124,-40.2647599258936,1.4940407645934648
4121,-10.029276379845301,-16.68880493497123,-24.55118999444067,1.497445499213724
4501,-8.633228969604895,-16.76707956414249,-34.60248528490906,1.4947097635543336
5515,-7.683771426294969,-9.809646123451286,-13.676189345227547,1.4771297457423458
1639,-3.5860736358369154,-1.1750461852153598,-45.402244939988385,1.5176760123695057
6346,-9.821667439348591,11.71535363237511,-17.291380484008364,1.4937897938921845
1552,-8.802546601473342,15.460825480035792,-43.40048125801785,1.4987050130558126
5113,-4.862465698786462,-15.655424520601072,-23.720336486151968,0.8701594550095685
5111,-10.347884208878844,-13.497369254169932,-22.35725662173649,0.7814303346433852
4832,-7.149032597449191,-10.757672552410774,-12.189392242998306,4.010247271017185
6552,-3.302612066268921,3.7612995122876334,-45.244381012712374,2.500000238418579
5584,-7.905237826090687,-7.648650872258525,-13.335036647100502,3.3483363823193253
4290,-13.636945473767959,-10.627816321152773,-31.353374586406808,1.5026578604919538
2934,-15.336932086936176,-8.351986199920564,-33.066099330924544,1.508222632641528
1584,-2.160762528091523,-10.82337569307406,-43.80015605278429,0.6015662432756231
2073,-2.4187833830903944,-19.646711038165588,-33.87875458265246,1.5174228434114063
5886,-15.157853552398535,-3.7673650551786126,-26.13772927606656,1.5018172100782339
5501,-2.2243178607216474,-13.885508630683871,-16.642163641413102,0.6367358834288743
5323,-2.762267674249763,-16.026194751079217,-24.505065804325568,1.7566864151164896
5003,-13.843948384494071,12.908502182657472,-36.57489226373901,1.4960944468995645
299,-11.33213708852326,13.118051875614487,-40.85722438670411,1.5102769205603606
6335,-9.271397737584177,4.619994208517007,-44.16318463746807,10.962285299289547
4433,-12.387288052500152,7.349999719822284,-25.596774486724136,0.8000160770481642
7360,-4.360649878779897,-11.925286304636334,-14.668498337625135,1.4889005080829674
1755,-8.00010296708159,-1.8561407534634409,-45.32244286601282,1.496480526997804
6828,-11.302611351013185,10.79587448558902,-23.241032076313324,2.9593840741269055
4746,-12.43271319169191,7.273547752472077,-16.1773714024551,1.4819336330982376
6828,-11.302611351013184,10.389929868689855,-25.44061301252642,3.9870652464815817
5939,-9.152056629376409,-11.008663259798046,-15.775399923911788,1.4990018058508296
4454,-12.363208569960337,7.349999904632568,-36.70420539036324,0.8000162521182026
527,-14.018451533308898,12.98753933338048,-39.651015643023214,1.5156485012924414
7101,-10.692771193819668,18.016544719444468,-20.30522774694753,1.5047557601155654
7312,-10.178131116121016,-10.311123325837281,-21.044725177279517,1.492468786813318
5111,-11.042094516632663,-13.520299773687588,-22.462136881008018,1.1068936459002852
6384,-14.876153069249447,1.1436936296003402,-24.373345013520808,1.499236133789777
2599,-14.591699210456166,-12.821820211694133,-32.04851852179145,1.5003096776533917
4620,-14.186768877324667,2.4400831063307016,-34.66212283282843,1.5130357003669452
3890,-6.19607027156022,-18.61003980630654,-25.519979496745663,1.4953211341756334
2577,-12.423671301833974,-15.544140094994722,-35.388618592417075,1.4962218380997059
5011,-14.680260753859123,13.128428131372408,-28.215976035778148,1.4839246546684899
2919,-16.747457661703077,17.45623991444035,-32.44167816590836,1.5021111210221667
1846,-2.302611827850342,7.126888968007927,-47.14321331733473,1.2707838689950275
4895,-14.44310861599404,1.2836189063984937,-18.791647662355388,1.5004684495768008
348,-16.671518431977276,18.57070541381836,-29.14245666918606,1.2787012206537949
675,-15.830664851037861,12.045935840065738,-35.27821995321386,1.5166133535525093
4397,-12.413446188130639,8.15000057220459,-28.53495324490034,0.8000006675720217
5550,-10.50449987049436,-3.892949801317646,-13.725547539266056,1.477046653600049
5602,-5.2952216766651485,9.670040564529037,-13.634302647746802,1.4768791050808716
4889,-14.235986310696788,-2.706190097488925,-14.174457136667543,1.5045566873110603
4363,-12.405190361212977,8.150504904644414,-24.092080242062725,0.8005669618814508
4058,-6.3455973354222905,-13.536983429646911,-19.42688061364332,0.8517009013696395
79,-11.66069267172503,13.183232428874998,-19.588893084252675,1.4901566767928294
4710,-12.998139445517296,0.06924137672825537,-13.869826507825401,1.5017755575030498
2519,-13.798033064209283,-15.076890064990295,-27.864849468227327,1.4950579457403932
6798,-8.827650113501488,9.388012017363955,-15.492381052298803,1.4891948072206516
4607,-14.257220189786688,0.298457821682154,-27.907527044618014,1.5114780313855098
4703,-12.487164264275531,3.5518856977697935,-15.794520532071738,1.491897048548612
4268,-14.370730240029506,-4.4797546376812045,-30.48119026022745,1.505381061357793
2658,-12.980256428471002,-15.971960569508086,-32.90541836643109,1.4926227399473548
7435,-14.625163765340954,10.849993951043523,-32.60771700595785,0.8000165594927462
1752,-8.52565106937812,-10.24893635283997,-43.65785278517329,1.4916589616829223
4995,-14.997832543011128,14.417011804747428,-32.04574870139532,1.503667690891232
5459,-10.051387185907828,-4.5829465732079795,-12.24039001822726,1.4770358789760365
4939,-14.969260320326693,15.240669498459356,-32.815719509850425,1.5113369436919184
4713,-12.684268644120722,2.7350508988122377,-16.455593688531927,1.5043629589181817
6863,-11.825352834550637,10.049999267329893,-35.18630658470252,0.8000029146750918
420,-8.575649481311306,18.57070541381836,-44.84358374470048,14.07542841518694
4995,-15.042592698530273,14.594751329795105,-31.351308327090386,1.504192368554401
4568,-8.398652407239318,-18.067056954227972,-27.776581205808938,1.5023748352176443
2413,-8.66189680462594,-17.55052919650395,-36.954722251814005,1.500996529426049
5262,-1.9657299249657612,-18.484716418345577,-20.92520189751961,1.887870208723703
5772,-15.115636978454669,-1.5498289956468776,-25.611455736301785,1.4973484255913307
3810,-12.027777926612929,-14.217821095555461,-33.815029366255246,1.4916863605742965
2994,-15.399280228130774,-3.6931913915648713,-26.951299222623,1.50323825212137
4804,-8.05093454936974,-9.950857672588288,-14.553355168513253,1.498725855324662
4805,-7.502146904802308,-10.335787816129535,-14.24719908375781,1.5118500234947778
5188,-1.5246776865611795,-18.49230252999574,-34.85154686150505,0.5824699997582382
285,-6.986860246788073,-4.7110091765158035,-43.90913702474805,1.5113380527569422
553,-15.436777377006173,10.668714648450084,-36.384575680415104,3.845465750696552
1805,-0.8026118278503418,2.455082387081105,-45.75213093146614,2.50000023841858
3146,-15.248399663173322,15.28594134323042,-24.694254371979998,1.5096020354132613
675,-15.980762452797373,13.101400463976105,-34.83669845456343,1.487976907939366
4929,-14.8313489224065,16.001061685696662,-28.06735370794309,1.4931533219651156
7114,-5.1329920991879465,16.64312695027573,-16.984076514010123,1.5000101998467998
4921,-13.868763464322065,4.161844479715428,-12.67438186036522,3.488297235491243
6828,-11.302611351013184,10.086272609516069,-25.644706868859583,4.063153681377361
3913,-7.533440052966617,-17.38398681186459,-33.74234417512306,1.5085963276340906
1142,-12.951717861902384,2.262233950237932,-40.86453022181426,1.496479137389289
281,-3.9883227728465234,-4.9870938344866005,-44.947816441492755,1.502817516986311
5089,-2.303467584320545,-15.076499418502717,-20.517472649942313,1.7713110926966285
2695,-13.343555157489572,-10.422253629666073,-38.185349814197195,1.4996385310929836
2849,-15.299646248653119,-9.01018687938374,-28.629830023506436,1.5025601221760692
5789,-9.730846776287205,12.997253659745843,-17.755134169740806,1.5098448236793158
5549,-11.637856779339817,-3.8100555104318294,-13.745351129785105,1.4770878822198104
1843,-2.302611827850342,-0.18657087796024746,-46.48409901598256,3.270533694538311
4515,-3.7460083833660276,-13.59161389390028,-41.93953065377959,1.5244046640618563
3892,-6.076077601967345,-18.64308839728327,-27.82156854680319,1.4834355280026617
4711,-12.98320308718748,0.500813229534939,-17.730532796983574,1.5032959558186019
5549,-10.756268542038397,-3.786526440731058,-13.729947253276242,1.4770576005257847
979,-5.02404494120345,-11.747649020173444,-44.545663945215665,1.4969680232002363
2547,-7.449131254554889,-12.632743411405283,-43.23434614811158,1.4894276552602308
648,-15.57873706365263,6.16272916092749,-35.60639187723187,1.5107922350644545
326,-7.776396001215606,-7.714663908111586,-42.99502605517101,1.4917312341415458
6052,-12.193991728920516,7.652743067628779,-16.96668229099678,1.4864426039099756
4911,-11.704543096050896,8.396711789951476,-15.71187351676354,1.5036433016497486
2716,-14.064887172528998,-11.54662431593416,-25.09832163496219,1.4983040007754
5978,-9.28678452029251,-13.979306947713305,-19.282739985516542,4.83208301375176
5913,-10.398911546383824,13.217813609330122,-18.40261371537606,1.4973453461731219
2593,-13.736279768377983,-12.130798267028215,-36.28043697046728,1.5105790356831905
592,-14.63939837306549,12.096015174790784,-38.431870800014465,1.5237428615333815
1745,-4.5652541350349525,-1.7301981404336977,-46.676453669370716,1.5136680204141668
1884,-14.271818591656537,-13.982266431140406,-31.518537079163558,1.4980568005063835
2358,-14.538030735519964,-13.27662741536782,-29.024489646113146,1.500690561934674
402,-9.465105502990145,16.84687747746066,-17.48888101266486,1.50819987899662
6432,-3.0622119692437195,-16.001096989143164,-17.494028076010725,6.226526033464895
1658,-9.38370379315749,-5.744411339588005,-44.055608567740094,1.4968491818689884
1647,-2.302612066268921,-13.400658835957953,-13.06251066375097,2.240355926106225
5498,-1.1694051540858565,-14.904087702795543,-17.703330110173077,0.5406822575402713
5520,-9.05774715708214,-8.326495726606765,-13.700376954930865,1.4770503753329804
6175,-5.775099640410757,2.6496071663075913,-42.08376430842677,0.8611021467770004
5723,-9.547332861654134,-10.69597629628418,-16.06757780940896,1.4952071096232344
1557,-2.922814638922253,-9.29888982386927,-44.23083885094444,1.5159757368355606
4687,-13.611523856918714,4.9098313217206995,-36.57499687478497,1.5089601822931422
1534,-12.099642006133651,9.141185310166058,-39.64119700532361,1.5015279847194276
448,-14.290445402205755,18.57070541381836,-37.383883100711685,25.44078886416483
5294,-1.7428782852053768,-13.517480619786085,-42.268971443131505,0.5881636840292057
5339,-1.203717913822409,-5.577977524338022,-45.18245473109998,0.5743061988694127
911,-14.810985099009395,2.7100546521346085,-37.47005157282191,1.4976587237003984
296,-8.855003519331143,13.98975710172204,-43.294529748690934,1.5047808650653516
5335,-12.241453039051297,-0.1328719586536049,-13.756015497224068,1.4770794896454713
7277,-5.018539592929327,-11.953786331721078,-16.014221973067237,1.4870489324551437
2360,-13.968116630428257,-14.990673971824283,-29.62990356303334,1.4958845920470356
7444,-12.559954603954843,10.850001157789233,-37.336486250088015,0.7999698727102972
313,-6.785252265140129,12.979927514667608,-44.55833700131001,1.5129296251781756
5923,-14.227033858209781,-7.11630223357589,-24.27464469040246,1.500940467406301
3190,-16.775382783561906,17.245535618250166,-30.6484247767308,1.5104693932751252
6480,-4.7098219581994485,0.9205597404528684,-45.65418400601927,1.739570497314427
7487,-13.516606228554311,-0.1251473432973038,-25.185453404425076,1.4979954811541794
4909,-11.552207260657157,-8.584206583584042,-16.02725078981554,1.5008741804857653
4783,-12.42531301011614,-3.7436939525274475,-18.270825166366023,1.4946788978027952
6031,-14.302715189092538,-3.4110813987907003,-22.942693827955566,1.496551299317764
7449,-12.593759861180343,-4.661516428969122,-23.309039151542287,1.4945018140002189
4742,-4.133187754271199,-13.507185013357288,-12.408046060052488,3.134307494544442
82,-12.803376791394829,12.169107191843295,-20.953753414962442,1.4950503719180044
4441,-11.032440748759422,7.349999904632568,-37.50320597960559,0.800009025795463
6777,-12.824585428031815,3.222036453990751,-22.625900850544785,1.502525332926133
3921,-6.827493058699731,-14.40103713554484,-40.12828303289421,1.520020653923065
2442,-7.34241121501119,-18.187740760522324,-20.784186412913517,0.6629647869921066
2958,-15.678212273646325,-6.094358402480437,-32.367973327464604,1.5043432981426952
4332,-13.084391850622758,-4.778972169197708,-36.82352578941389,1.5097425157161781
7494,-13.210983075180893,3.315742604609152,-24.294957198620548,1.5003254376965476
5754,-13.659285576922539,7.375089645571683,-22.159501229875072,1.4970098844443456
6829,-11.544364406271564,10.836525154160075,-26.4987284275402,3.881943646992458
4870,-14.077327175594409,3.3172329106837073,-15.523739764944313,1.4855616192702061
1783,-1.9577414880958781,1.350868435505291,-46.365456146791175,1.521048414302319
1855,-1.4888995037905577,8.41603020522601,-45.91969197945941,0.5749105882779751
7478,-9.612257727128753,-11.71570211454976,-20.89081505388335,1.4995012632688103
728,-15.093127023763895,-1.6955315924465308,-36.3226230046216,1.5073092569014086
4398,-11.322829047531684,8.14994806552562,-22.00982651455638,0.7998225019162936
4622,-13.943692305417112,1.0216482050585864,-35.32451433079286,1.5158042282883313
1490,-2.6692507598359865,5.2830685204591,-44.16927931042154,1.7085480932471884
711,-15.037716909537231,-2.644528175749431,-36.33061338824484,1.5110866369786342
5161,-12.27122827893954,-0.4671934784405235,-12.279228147954766,1.4770734115586956
3976,-9.15276720298326,-16.881774763785693,-33.485802764653755,1.508293647467915
293,-7.648357061624632,9.243004347933523,-44.03333594861476,1.492963520425416
581,-14.860213854990365,7.262093098657493,-37.61061545606282,1.5006953172753872
1539,-11.286026342722545,6.353497477089203,-40.70632089620339,1.502517985134797
3037,-15.648458364720387,-2.228668892938774,-27.682893287729225,1.4973237337133412
256,-9.398851745152246,-7.983972410826173,-41.70291150142724,1.4991815265595299
4529,-5.43624027693277,-12.910446766068965,-42.03218283456237,1.5079494619188627
7032,-8.088126561180488,-12.891272840601319,-19.914538082323816,1.4938491536129352
3081,-16.454231171536478,12.73631318450198,-30.87744226194149,1.4867539775673773
5883,-15.418308278235877,-1.4771727329117588,-26.640245708977147,1.4996404671435422
180,-14.640706907532998,17.284812385150445,-23.052808950580683,1.5080998348764743
969,-2.7903768540536564,5.760441205616495,-47.251289249751395,1.4716365707653096
1443,-9.91406556732929,9.09712346924516,-42.278044749606245,1.4988639478296302
6518,-2.799679684577386,1.9361985577634653,-43.12085650980164,1.7183508877629592
5748,-14.048811027749844,-3.9266067281092876,-21.998846846550016,1.4970079009665518
994,-7.503653168761092,14.376051171412701,-45.92084440299593,1.516999399491083
1111,-12.195561837164203,6.874416157379747,-41.98654831131506,1.506213652189778
4694,-10.70303168765493,7.224410986231466,-16.032304166158852,1.4851489453765678
2542,-13.581748140371504,-14.782340850951392,-26.183674887895116,1.4958779099248944
1413,-7.057507552761489,4.829801773475236,-42.423924184412655,0.8677185628676827
2829,-14.829612529837586,-7.52052733030018,-25.919902211481244,1.500439693287566
1542,-10.63370470936303,7.368927024168725,-41.52226066058406,1.5049047552404624
3978,-8.890230825582595,-16.282203188218197,-35.57523473475576,1.510756856498469
611,-13.969606923183417,0.9553012130806285,-39.13087812634531,1.5101119677997563
2071,-2.4422154731039742,-19.49198556157483,-34.542236075488894,1.528373417218188
4625,-13.329448909585302,-0.9126211144181225,-36.807603527767284,1.5104854552279312
91,-15.376506216572798,5.124723236378503,-25.97085273292085,1.4972868128073384
1803,-0.8026118278503418,3.310144503562247,-45.719763720036475,2.500000238418579
1444,-9.583466993706384,5.086069785127921,-42.55547275580487,1.4985700870359564
4215,-1.8037014936682008,-17.5521868097723,-35.9423699870463,0.5753800264436197
6183,-5.099192676587425,4.207692033037121,-43.09937244014975,0.8891261855296759
269,-16.068522153440934,18.57070541381836,-29.71239759575738,18.484932362557533
1416,-9.85820119925376,4.002603035658263,-41.665955690783235,0.7907558627690938
6344,-10.347385682207827,11.309037244117711,-17.79912960713751,1.5064067638626826
611,-13.936164225586058,-0.9120806104794568,-39.047059991109165,1.5021474163045352
4322,-14.148640095105428,-6.701589164186192,-31.868568846550474,1.5003430852950597
1429,-10.052993385281844,2.1895592052421913,-41.21542144797807,0.7901224792429059
1550,-7.668879784624701,17.564371604966837,-44.25797747171988,1.4845917209360617
4854,-10.115663891579922,6.308547429095136,-12.241576057947018,1.4770669409576014
1805,-0.8026118278503418,2.58172506343758,-45.89588989138075,2.50000023841858
4694,-10.707051630052726,7.209497002009822,-15.029634646041579,1.4985899383695143
5041,-7.7803096524623685,-17.679040555200682,-22.1438177843434,1.3514399557120398
4504,-7.599847424363509,-15.908680831531052,-37.579562778631995,1.5012365624593351
5595,-10.26487393404398,-3.948776134196855,-13.345189313371424,3.4657125269955755
3152,-16.189068017683905,6.94399995920899,-32.87029574502098,1.5163970491897198
5218,-1.7962930880088115,-18.936196450285227,-32.91166644908893,0.5909604818405427
2439,-7.928916068013696,-18.604402041291728,-21.817669384439114,1.2288737026729002
6903,-12.937562544750444,10.050005549304032,-25.297977454622778,0.8000132227645774
197,-14.992976741856575,18.095381345966768,-38.76107054593763,1.508395222686394
1781,-2.232494393316292,11.91593805828034,-46.55052976910018,0.6334091852688999
6418,-14.834993977749473,4.754065883231113,-24.562589999969894,1.5102503922151198
5397,-6.676707257042901,8.72594834917629,-12.339372758373344,3.2981661048735624
4986,-14.124646079815747,13.375340466734887,-26.248201670846704,1.4717308018223927
2398,-5.955444863751463,-18.379967623917203,-36.83169105049639,1.4856302521131217
3247,-16.574521819122673,15.050860195315256,-30.502687192723645,1.5040241067927222
4728,-10.518477408104484,-9.769100193219701,-13.690401354001057,2.2171504988967676
6754,-9.20653624974863,9.39975279061295,-17.04020570658487,1.4981803984810087
7240,-1.4554477715939989,15.77191087267374,-16.1584699414943,0.5712360280290144
234,-11.053479819764846,-3.702876359604243,-40.529638659283236,1.4997659691677963
6711,-13.196495210619052,-0.6256471496829723,-23.70958253918899,1.4994601226268032
1131,-11.323324687387956,15.628001674560231,-43.271837275037,1.4967542404724952
977,-2.9895271873986418,-12.08869812180067,-44.778828234066665,1.4911438742038237
91,-15.275381268268921,6.117129774892923,-25.658267530830894,1.502873655988853
5010,-14.47616726317186,13.117932433122835,-27.395676226514308,1.488025673397186
1857,-1.8018897608577946,11.948336199353532,-45.95929537978162,0.5841326811135972
5796,-7.085894853332488,14.26661193810541,-15.938641065058697,1.4924166441127544
961,-4.469984590539128,17.778532638527693,-47.10622317860139,1.4971952794054861
2384,-4.307947837387851,-20.368799801210223,-24.899452849654267,1.525939649723321
5363,-1.4354045809610805,-6.146863896916208,-45.105960322401494,0.567231580330349
5288,-3.836279809817564,-12.583670981236457,-21.49620923092276,0.9010312594719819
5872,-15.47681620577773,2.9188396522105524,-26.383717443727832,1.4995872787350653
5205,-1.1026079261604336,-0.7239446987988745,-46.15469270164009,5.279910950230185
6178,-11.224980327739933,3.841215831340342,-42.47236023642366,2.109485394382282
4882,-13.305031888139418,-5.636340448345846,-18.29674006286734,1.4982812401767405
5468,-8.00380689823936,-9.971776680837388,-12.20442235132419,1.4771287463407272
4798,-10.126522711326622,-7.969643835201343,-16.04954388509798,1.4963364827612797
5339,-1.4492373643400196,-4.95523774048379,-45.26321431832328,0.5761894758564997
196,-15.26630239903857,18.02448429074501,-38.168307615833335,1.4964015629031415
5470,-8.32630473552782,-9.118656581838659,-12.210191424429295,1.4770699667104248
1571,-4.152140725538084,13.297238809897323,-45.54938327679943,1.5124072120787204
6179,-4.021461919535691,3.054146522444556,-42.202539015936274,0.8986057304450865
1668,-13.179688635489175,-5.32330628234045,-39.88173115046581,1.49625418486169
2951,-16.16600948165052,1.4033174432023134,-31.410450217262905,1.5089474926808966
4454,-13.316295434339459,7.349999904632568,-37.21404784496688,0.8000291928571964
3811,-12.213660570178646,-13.412844799400343,-34.43752003577273,1.499325943199749
611,-13.822923118656702,-0.27723149246596757,-39.3184808383481,1.5117373975896127
7313,-10.012787306002082,-10.749504711580105,-21.0255187057884,1.4907727193832532
1570,-3.8041843028734785,15.445945955370416,-45.68962462586323,1.4999702157970767
6782,-12.083400329007475,5.470011420520575,-21.188885120341563,1.5024075082161101
2659,-13.178183125412655,-15.870359055147642,-32.38523769890969,1.4989015742720508
5002,-14.159753376996244,14.730913980561734,-35.97782191747729,1.5128970970972346
3127,-15.73976831469487,3.391225325884235,-34.81113697020407,1.5074551646961065
6884,-14.788212852881713,8.823175014744974,-32.089623012640715,1.5079545348812953
770,-15.202451747976799,-6.846583798791243,-34.592102913548246,1.4954446583081615
2736,-9.246945249213717,-18.99980590165416,-24.290825788268183,1.4988177458787066
4441,-11.687277979060454,7.349999904632568,-37.01667888588075,0.8000214622294867
4264,-14.142499782399046,-4.567088639252328,-28.442547090249114,1.501562065443379
292,-7.282944929431203,7.132353674406485,-44.22486591881115,1.5077428598876499
5617,-7.2523710582436145,10.154158011766862,-13.668869025718545,1.4772956793052454
5285,-8.849874135096222,-12.65962100507604,-22.26698857809238,0.8295029753420206
5018,-14.742581552331082,16.769068760832074,-34.66516382562735,1.5052907262051776
7425,-12.490081054169627,14.046719620287309,-22.992800273769483,1.5072449856640666
4424,-12.684228834206412,7.349999904632568,-32.614168397274966,0.7999953024450535
1466,-3.2927519864532844,5.321196201653539,-43.48883667574528,0.9507965891176492
1844,-2.302611827850342,0.4252728934173443,-46.854568432808804,1.9963557273523784
4473,-4.6515763328529705,-18.085625024216405,-33.062229913845194,1.5107562175248301
7504,-8.945966689157732,-12.671548547604939,-20.56196956563528,1.5014779058676266
5346,-1.7347775890196049,-6.82684089563703,-44.97858392408801,0.5598261489511425
5084,-0.8026118278503418,-13.794333355560912,-22.851837152163423,8.888255124161475
5184,-2.0848225113211365,-17.232648911001966,-38.347483059011886,0.5961078664148898
1569,-2.9098508541545662,17.329504944640775,-45.886627194599896,1.500141009653974
4942,-14.567977146170573,16.605010556289614,-35.25643512399583,1.4948949792405652
3633,-15.838597113308152,10.006991392560693,-27.1462894268601,1.5086274617283029
2075,-4.4245403927649285,-19.987331930619145,-31.312760577706086,1.5087271528225599
1540,-11.140200634547233,6.184590419020029,-40.881903804654826,1.5040699032780498
2724,-4.541752017846866,-19.187382007498087,-20.935070264848797,1.7092467292880351
4811,-8.662538099693528,10.34515594533102,-12.21599107729109,4.92394961008862
5456,-12.685495343202092,-6.6130203567589145,-12.286332943680435,11.647108690492232
4634,-14.71857722848918,6.618098266372386,-32.38766805802362,1.5029131460625271
1431,-8.948137200969008,0.7453884872012709,-41.711380759056254,0.8107599435880224
1526,-12.76115549091232,18.098659788176263,-39.59080042878927,1.5159009062323185
5161,-13.5213378220943,-0.5885295462576687,-12.301044375542226,12.033435577799922
4885,-13.69538384923987,-4.677635423706421,-17.899793826109068,1.5076921947735806
7473,-13.604486451648665,-1.7286452208874805,-25.80815212707339,1.4978077384472923
1416,-6.953233332819444,3.897878955465674,-41.603644605040614,0.8598707238590103
23,-15.59651489838167,2.0804030868579946,-26.859162155755804,1.4966939019160728
5074,-0.8026118278503418,-17.20213919984059,-22.1468262058509,2.500000332717381
5200,-1.102612257003784,-15.197547258797712,-41.365080355076664,6.240596291259206
5279,-8.511491984870787,-12.960887167911777,-23.010113796226378,0.8128074952969556
3860,-11.197156245955094,-13.427681617934324,-36.74175550178864,1.4925225831160924
5040,-15.167686575147119,17.141404534446178,-29.42142155559396,1.4992228013041513
2388,-4.70511172079293,-20.353276037838963,-27.707201875335215,1.513112200611101
4020,-13.14837511340215,-9.673671129362258,-34.94230390213577,1.507048981956809
1037,-6.309151046685363,16.327970588107497,-46.49150784460403,1.5005187970745044
2604,-13.645775935471217,-13.909865360062247,-34.64517169206023,1.506090258588946
4225,-12.376538518235654,-2.3022228162592113,-38.649037491790224,1.492825669721342
6443,-9.597499670368288,-13.055381511241817,-19.207131414355114,1.4902674286716262
1651,-3.1083949113869904,-6.999552617816002,-46.31684873153607,1.4829459216529848
4273,-14.227609176966855,-3.141098674313536,-33.398537972922256,1.5023789001562646
4945,-14.373346491542309,14.767904267655931,-35.35928767061406,1.5000306199449454
5315,-7.207204446726946,-17.35533525956837,-23.987075376848033,0.8239688797693154
2464,-14.738745760704784,-12.701079381614287,-30.849096177682654,1.5075288326889336
1117,-4.795171222670152,-0.8488889232488255,-46.66598850713806,1.484860912613312
1059,-5.231279073937723,9.241677662922326,-46.747074887228216,1.4777530793629148
5474,-9.185736498195201,-7.7730964653900205,-12.225377031245202,1.477043433461565
4717,-12.983282595586243,-0.53171805563568,-18.7420608575907,1.5055493492058054
296,-8.952967382856327,12.52559264192051,-43.17135998450499,1.5014626131924744
331,-10.896991000731607,-4.124861700187228,-40.68105012266675,1.4997938265866222
1495,-3.994854954935119,0.3704079748057527,-42.02416394535818,0.9101369459697602
2449,-7.178652097813913,-15.759853212277914,-40.840681488685576,1.530806090423598
7099,-11.64976850025731,17.125158880719493,-21.469735456609463,1.5103851562279351
7117,-4.393097201940813,17.989244864225707,-16.73106507919419,1.5018353048201607
1656,-7.457029815094401,-6.3415255601951594,-45.16071708988453,1.5027229370582695
5449,-8.621238111106706,6.8267196422584036,-12.800684252826391,3.389354680275213
6176,-6.125879846184389,2.9793014828198103,-42.12586216079028,0.8487292648316423
5563,-11.523290617616212,4.697372267520226,-13.743445602640803,1.4771478193469432
2434,-8.043914237914414,-19.4583737098377,-24.20322977808663,1.487472291860064
1449,-8.30024503109459,10.86035445408575,-43.61093577161172,1.5100194819242476
3891,-6.095028099752427,-18.678942245527775,-27.152580686840672,1.4912662783274404
5763,-15.008751994689291,2.0787692021473685,-24.94366534077136,1.5056016609567844
3972,-10.0323595604279,-17.171991233232905,-30.116284269430302,1.5056934074981996
3236,-16.285977609184176,13.272249735090153,-33.40543467419157,1.490051028901499
4454,-12.538670634964296,7.349999904632568,-36.77677304027375,0.8000173208022634
4883,-13.362711882643069,-5.50326974285206,-14.954929989474884,1.492483845999818
5004,-13.734450544711416,13.660065749320303,-36.93733008407078,1.506360627851155
1678,-2.302611827850342,-10.058392922792821,-45.09041565929341,3.057105625946188
4842,-12.37457801776891,2.534887193697788,-12.280950085847545,1.4771273245963064
5218,-2.030757247134646,-18.86396535149733,-33.25043301848514,0.5927747715171765
6180,-11.347722223049109,3.5544670180360978,-42.27368694825254,1.9034398503055157
7447,-12.593386597887008,10.849996526675188,-31.627172372125834,0.7999983729841288
6868,-14.537864211732094,9.82144506570466,-28.195223525556596,1.5052589579710227
84,-14.760935952317974,9.420684791147725,-24.275863535621976,1.5146701328152894
794,-14.196125755941154,4.293923625999443,-38.882264850009,1.512822021664186
406,-5.3181729913164535,17.79382034986125,-15.448169444182286,1.4946578882066226
1142,-12.851045205261967,1.6796189906678305,-40.9890875534734,1.4948653728848877
4889,-14.167849556274467,-3.0374120918163494,-19.646494571414458,1.5113983209495852
3889,-6.6147788788977016,-18.45971282414388,-25.151617014760863,1.497921753449238
74,-11.803232758817511,15.30858089639117,-19.58233542924896,1.4964705866379209
1426,-6.761364784898632,1.5055314832645228,-41.35640813466708,0.8364416347056167
5160,-12.204827578786213,-0.18707385040702246,-12.27807120314911,1.477077980289091
1464,-5.269733428588996,0.13384785478443306,-42.27214405945243,0.9046901118093109
1098,-5.096036198687863,-3.513323652111433,-46.39234925094512,1.5148632537329545
3150,-15.569668024994304,12.258020975494293,-26.03958009091057,1.4884093415135493
2972,-14.815347718838064,-10.151299254110773,-26.858877607862436,1.5062127925227238
1061,-5.797488904879635,18.240153632666313,-46.74228598826762,1.506684206134322
4430,-14.126871164808952,7.349999904632568,-27.23609666741241,0.8000525228897274
1774,-1.3941386926856998,-7.5820425520203525,-45.388428616196414,0.5664410552947112
1060,-5.5736583763052865,12.238751573362844,-46.685690373820044,1.5074598837285735
6698,-6.839845068864448,-11.777337962401337,-17.894098207910545,1.5030708415122032
4634,-14.638212595030767,5.452547060792764,-32.81163613797457,1.5147779411601772
2023,-10.207271594292472,-15.308891696945388,-39.07549304104513,1.5034361351835759
6753,-9.454967058437889,9.093733555206319,-17.16971054139523,1.496987882673035
1469,-2.634477587512218,4.661420965238969,-42.427494752918534,1.7348940890527655
4827,-3.1356343817731682,-12.14290738652172,-12.119723028231176,1.477126793036252
5775,-14.985250810211308,-2.4665466310460302,-25.354277153005967,1.494783046331826
7146,-8.859120857561134,16.371476100985674,-18.944548215018663,1.4930991673108327
2644,-11.22172214593572,-16.03112968308347,-36.765776892063315,1.4942138218303826
5526,-5.582307330041955,-10.033075874917195,-13.639363673524803,1.4769684420071896
5350,-1.1026122570037842,-18.874746788182485,-23.02587258850029,7.508251921703095
1436,-10.903687461890465,3.0409103773768216,-41.13086542097729,1.4532729063645824
4349,-11.299131696575348,8.150063457524181,-40.423612942634676,0.8002078604280939
6177,-8.163617635886283,3.896449080664864,-42.596334849322716,0.8107632408366633
4293,-13.681920477492937,-10.348020399239878,-29.59271756439662,1.506553999007271
4662,-14.113649886727785,4.9837792228135,-35.15822108470534,1.5068264000784812
4947,-13.86298508621646,16.36452603958022,-37.13297270190275,1.5038853644565344
5857,-5.6542414771646605,-14.417600942144357,-17.230517723456504,1.4893980864714162
595,-15.117221014694023,12.608840854091781,-37.4126903556098,1.507937507719537
1905,-6.657652847122604,-16.006616029558153,-18.596238928726493,1.0492847417270081
5691,-14.420909308017425,1.7725319649450697,-21.889204435935724,1.4963914127582452
1507,-4.739053553852742,-0.46050334788183356,-44.992391131364904,0.9100651733077583
5417,-2.2700871904314877,12.877755629526757,-13.0005689147692,0.8591037722134849
1505,-4.600080502381203,-0.4904610138893145,-43.52675923672928,0.9159200062107571
5501,-1.8784329310505474,-13.817348656839872,-16.564548819230026,0.5863909137090777
7042,-2.9259222336392754,12.879633046648484,-14.15901370200334,1.4933986237189016
6476,-3.3026120662689213,1.014085723798993,-44.816458553796565,2.500000379364005
1584,-2.9688425958759836,-11.236205216669383,-43.518525828504956,1.5001692677838243
6784,-11.794874217513666,6.611689462232134,-21.227124835517415,1.4978953802451964
2055,-2.5907304386491457,-14.917551937526031,-42.979611231292914,1.5041868838521717
5733,-13.3020994404012,-5.711088211113579,-19.854417174928827,1.5006644272247034
375,-13.550778439160792,18.57070541381836,-23.346818278269613,28.195270994228395
6789,-11.43300164148336,6.070956962709914,-17.722558292286486,1.49127214980653
4872,-14.483450094752461,0.6202233291337014,-19.017661038469864,1.5008400780988234
3832,-9.022794460437249,-11.976365172570574,-40.593532469796415,1.4975198768190314
4430,-14.291134995485343,7.349999904632568,-27.672384490092085,0.8000080910445195
2580,-12.814442688746167,-16.830375363658877,-27.821593931235707,1.498325712673892
2371,-5.3874079472494545,-16.418625017201997,-40.728639928712994,1.5080324407960655
6785,-11.435164061235945,6.9993511750560025,-20.43102605668602,1.5048979861334213
7222,-1.1026122570037842,12.937399437672033,-13.145514674537491,4.810136039360523
4550,-12.94803676953382,-12.057889305191178,-26.96774086114648,1.4957986957387002
4407,-11.302342990467315,6.84592952146746,-18.776129847398316,1.47901976214966
5181,-2.1803346916482345,-15.629141402723635,-40.94093345558882,0.5943876404704247
4828,-2.734282569540719,-12.036593696689051,-12.112741111606702,1.4770745809858297
5317,-3.6406602487613506,-17.53512136317606,-23.81352047090165,0.881134386021121
2673,-13.449945674179839,-15.084287942023167,-33.258020351081676,1.4946994369028495
5991,-13.819767827468581,4.960973290480037,-21.349524430411332,1.498730068664461
5034,-14.250602587874166,18.00527861605333,-25.52302811066697,1.4815635271278265
255,-8.54590324297013,-9.03979039575359,-42.12120189192767,1.5038323704855838
5028,-15.172704415172232,18.17679811315954,-28.618905162252915,1.4948556386891954
4612,-14.541499896136159,-1.1742271526523593,-30.169437093995143,1.4969155683939386
4136,-10.300153061519907,-14.652512255927828,-36.73837540423409,1.5014526133082697
4846,-12.75915549556718,4.389323988030172,-12.28763123138604,10.052492557371083
6556,-2.9692692853664737,2.703999710594766,-43.070277249088655,1.7686179062970588
4400,-12.463769266418193,7.349999904632568,-29.134279911609415,0.8000006675720218
309,-6.081381648991675,15.175815795731467,-44.921937515087876,1.5082378398821394
1424,-5.535707472452154,2.2554838004013784,-41.21260494332668,0.863228007423096
1650,-3.008430922174428,-8.041015691679213,-46.11917610820314,1.5035174915558527
2650,-11.794798725949288,-17.43330739165045,-32.1571914283269,1.4955371664500308
4985,-14.349132483704789,12.329649822344713,-27.080035002854046,1.4878575973098265
573,-15.851132108045748,3.8982435889631306,-34.40178091213735,1.5077213208498408
6039,-14.068902386193038,6.9412647285510545,-22.963085808183394,1.5062578742541612
4602,-12.819626163703408,-7.1047310711346565,-36.9245761845634,1.5003439985411267
7051,-2.168792332681417,15.603867348156847,-16.160740915160872,0.6437866233547453
5444,-9.506635520769274,5.520112622131632,-13.110408910428935,3.42133410618152
5038,-13.312166866274769,17.210634125271433,-23.806966862161968,1.5098853633971705
1069,-8.41542369290491,11.308583482716692,-45.32288695846777,1.4895958349835088
313,-6.59117388244114,14.348710372976177,-44.6898950961171,1.501001962348208
1581,-10.899791237524402,2.4415468453586615,-41.11932857354557,1.3577020422172716
7439,-13.663227429934231,10.849993925386233,-29.121836006274073,0.8000292709956656
7011,-4.575056513440684,-11.823283774290202,-14.194633861872534,1.4989296432730292
6626,-8.552334665621144,13.321714313301184,-18.756224866973565,1.4870686195060128
4944,-14.477550332191791,16.531498018657558,-35.524246505844246,1.5040528966330544
4617,-14.6111128875458,2.6809536940053666,-32.56075065592191,1.5080647379894614
587,-13.904747417933322,3.3944608530501066,-39.37654656612817,1.5091772817982756
5587,-8.723091648718164,-6.68393354445112,-12.913285861388422,3.3882188184807385
5332,-8.486314075323094,-13.19704709712153,-23.4114335340308,0.8452559056384659
1453,-6.54627670302503,6.298743922185368,-44.62141882203302,1.4992258159594716
5062,-3.3026123046875,-13.9354618526834,-20.554843219703354,2.5000004768371586
4704,-12.62918042802104,2.9943787901193293,-16.705519517622992,1.4844416299655094
4889,-14.079701670361963,-3.4008835501837176,-15.199477839171522,1.5104132576984863
6488,-4.044179184003829,3.926843435350098,-45.632164054214755,2.3502816803000193
6562,-2.4209217765736235,3.509085650414801,-44.67137395265489,1.5881943081354637
5465,-12.321041057384189,-2.7621923831175597,-12.279988016206094,1.4770990114758498
1122,-6.1327077326726585,-0.7791684892854763,-46.255287406979605,1.5033081968603927
2777,-14.595061632842448,-11.398146921667765,-34.08775165549107,1.4908933295540012
2453,-7.362374229482787,-16.833612793947243,-39.237557398346894,1.5083439889415182
1137,-9.982318394142832,18.138844484848804,-44.6264819073027,1.514856627210557
196,-15.306721766520365,18.072112641358746,-38.0970084173327,1.5006700936615667
1744,-6.346774126040428,-3.0400476926852305,-46.01699721189635,1.5220736709453166
4065,-4.743368439577487,-14.176322926716377,-18.956514795414364,0.9238366684418489
4798,-10.175490227206394,-7.912795549722682,-14.182828274188807,1.4878269093761365
3808,-11.917221843663919,-10.549941359384452,-37.53521815613809,1.5037354320645149
7266,-1.1026122570037842,13.036216525627655,-13.863274610989224,5.043889281909295
7149,-10.545301028165248,16.149866461145198,-20.3824373311659,1.4894751321620836
1757,-2.302611827850342,-2.289466517256753,-46.69719646657411,2.0225694813241275
5145,-9.445630830492084,-13.419248886873628,-21.281433706261442,0.8102285777847034
4249,-13.05327810689321,-2.1590555434972654,-37.30901779206687,1.502529694580916
591,-14.416222441326425,9.964279447833711,-38.67908766286937,1.515371666440222
2398,-4.4911694850157495,-18.561720741166905,-37.010492573409394,1.5101707078297177
4978,-12.966769687258145,14.54814806999788,-23.659460128027543,1.5024322562152166
4835,-9.3251479835066,9.415210723705565,-12.22765955463136,4.947583920277438
1645,-2.302612066268921,-19.347087708128154,-20.85802730842896,0.9314604409107913
4798,-9.850374326332421,-8.290725495951236,-15.93013043226146,1.4960894569215755
5456,-10.781286378860212,-6.050791286229621,-12.25314498182691,1.4770967188217492
183,-15.27032250093869,17.72260851690985,-24.178839261255977,1.4877466430774964
5621,-1.6122772550349513,12.678491277730195,-13.570495236695844,0.5586990448511037
7280,-6.2555740169629726,-11.528195627296899,-16.750302186391167,1.4994881743417254
1451,-5.081632577685895,6.681167148867832,-45.20884295093363,1.4978252607269917
5596,-10.347712977170778,-3.723003035431339,-13.525020632190161,3.470905802664906
1572,-5.093951298423178,17.936942830221984,-45.38531495360625,1.4996903032087892
4429,-10.700000762939453,7.774276630082495,-38.604539364251295,3.7128810968848187
5684,-12.018256005229805,8.264484568170559,-18.31213315660655,1.4455099617480056
1059,-4.172930094817933,11.232877617173196,-47.07473315481877,1.5113079363766433
1847,-1.1440084067500995,4.846105007435411,-46.438969074975795,0.5582067941114683
1526,-12.61190015789199,17.821727125998983,-39.755612225156014,1.5261718838519518
311,-6.212337490273823,8.216874854300265,-44.777660704852636,1.4980998101487362
1424,-3.332683296757563,2.323340299216155,-41.20870328410658,0.8964807872300724
4295,-13.748222734881201,-9.458781000771975,-28.82745954658113,1.4935545870313176
1671,-2.302611827850342,-6.643549973759425,-46.410061841868966,0.5985228093140561
4990,-13.32494124893569,11.351980651362364,-24.64620516129029,1.5018338076461564
3230,-15.967854544024659,10.615546517174767,-27.58466844043542,3.8906824026532414
1085,-8.318134968893414,16.0148633084451,-45.51468043551873,1.485726775065635
4366,-14.339934136042162,9.67227860413214,-27.404751168580205,1.5072418379685755
4873,-14.450701533746205,1.1538185337318168,-13.386624135712875,3.5046640106681632
4497,-8.984048989165409,-17.320545880793766,-32.02419230186952,1.4974423485615111
7215,-2.302612066268921,13.860000712183602,-14.02904930935358,2.612713291270716
1064,-6.746654454545901,7.357099399692067,-46.17454978287178,1.5016481018135734
5845,-11.852545433326593,-9.776364711932613,-20.54494401475189,1.498235407060415
5255,-2.2838565988967727,-19.69094964891024,-26.647362504368125,0.6175983975803164
4050,-7.491141635622473,-12.989748642295947,-20.091341842678382,0.8375968835245207
1496,-6.564811483472292,-0.47978263923834025,-43.47234481547521,0.8769803162600545
2399,-4.631185479653417,-17.8912192434322,-38.54299652109762,1.5201101799255963
5545,-12.277997086902383,-2.6387483627285953,-13.75656418883079,1.477097157498546
3968,-10.910390605101483,-16.66872408499551,-29.5661600513173,1.49465231225185
61,-15.962370063972386,5.930485032863207,-28.020282091237444,1.4928074648259846
3870,-11.880884373840319,-11.777369722455127,-24.00048028779248,1.500022025464846
5839,-13.637397563061002,-6.978618834956784,-22.93354819240141,1.4860868704711336
4357,-14.717837459018728,8.149969139164494,-32.182044380178624,0.7999692346989377
4559,-10.663543944738798,-16.43103019576666,-25.415252206690287,1.4950108198580867
599,-15.7183997399527,16.91003259504142,-36.66356863401967,1.4940122756944554
4707,-12.894684185564731,1.6183608773858265,-20.360038912563073,1.501910736887293
1867,-2.302611827850342,-19.974372395617138,-28.97709968103336,4.425090306770671
3618,-15.90399817478264,10.39543732810057,-27.34573134560311,3.8748394662975363
1557,-3.2810018906308827,-9.683135327751444,-44.05942867864126,1.5086720334923296
7149,-10.55985733253753,15.788400056923425,-20.428605574684696,1.4923926865857842
1058,-4.012364942630867,11.019391899676688,-47.11906928531312,1.5156317126715666
433,-15.98087110174587,18.57070541381836,-26.774870823120484,3.361824685620592
70,-16.01635310460141,-0.9294744828337907,-32.33239693331896,1.5084068289703292
5462,-13.75049813175816,-4.157793268641423,-12.304877560062067,13.711417214278725
4516,-6.35615394457081,-17.5301540745551,-34.29519978456516,1.506424193537109
480,-16.00374384491508,6.070051016706288,-33.90992291245317,1.508770657928773
2669,-12.881536726490587,-14.037340208908578,-36.465430948877504,1.5004103840162066
4728,-10.592014048163536,-9.69416632714104,-13.612734580943567,3.3706413787106753
1446,-10.138130611134812,4.707512924179676,-42.01563941407002,1.5000937219609354
7119,-3.2092650062929327,18.34110389671368,-16.457677374643563,1.4844960071950004
6912,-12.885221088076186,10.049996012930606,-32.165362687627656,0.7999928954220532
1445,-10.356130998008664,9.954273286972786,-41.874480915973734,1.4898899665317156
1086,-8.61684896421342,13.745496886822215,-45.264287307146105,1.483645131855607
7481,-13.117082947054252,-2.460896973897173,-24.12107290405953,1.4997301920734445
4873,-14.470538098775364,0.7322014591541697,-13.546518663412542,3.4934423532140366
6645,-5.623465528411827,14.998918354311696,-17.09489888119445,1.4894020052293613
1846,-2.302611827850342,5.335222771159362,-46.695034928869326,2.9837472134392486
7465,-13.78288085488144,-2.411146458794508,-26.547459545360507,1.4975292572106322
6917,-11.37682515786187,10.050002527726985,-36.57373083583205,0.7999978539124303
5334,-9.675925880231976,-16.167939847855646,-24.528339487056428,0.7785410713705917
1467,-1.908627531737874,4.9407333179983315,-43.215282413580745,1.5555588398495264
586,-13.778610429924216,0.7961523218299453,-39.470144605423215,1.5090618291990732
5007,-12.832878165014613,13.959621195518654,-38.76097394465229,1.510125258081774
7345,-10.664567477600471,-7.3155819161729765,-18.16752732901714,1.4987038396401076
5715,-14.521754443147268,0.7806288788378081,-22.1982293471782,1.4985021762617767
6378,-14.913021513916398,-0.6877439753138759,-24.649558924204065,1.4985434377887252
6584,-13.333932049729958,4.6471340453675705,-24.85730265170156,1.5035116103626298
406,-5.386492253179428,17.938281782641386,-15.465938186826776,1.49327702367922
4911,-11.559546784444464,8.582472849736433,-15.153397835943736,1.50081861951925
4463,-4.911041458304431,-18.572167269012304,-23.807252196651724,1.4983101810191335
3038,-15.732309958839393,-0.7834520813491238,-27.743774981525355,1.512476157336687
7118,-3.6944173171225763,18.087134836540052,-16.569482009235617,1.5126336747517162
2353,-4.792006137922844,-13.853877330041136,-43.41805867320353,1.4989039269954927
2677,-10.434414253263931,-11.37094359865771,-41.76897069953053,1.4978437740187491
5090,-1.6270502618143468,-14.883371151966841,-20.617445446300756,1.7747424444863564
2395,-6.503026976866797,-19.270901834453383,-33.47943065484067,1.4914667841575844
4997,-14.867172008385007,13.305423957814329,-32.780225088098035,1.4849812375758749
3600,-15.505945309026535,6.237419111057101,-26.30797265125322,1.4946498021332746
4821,-4.569000053617188,-10.290741935229875,-12.144582989568026,1.4768986789907799
6710,-13.267546558653141,-1.1160133635425904,-24.23629029632665,1.49835637120297
2657,-13.09658319180059,-15.338000287633816,-34.00959408640099,1.5011231888950267
591,-14.501232445004925,7.3770260429148005,-38.40029304698514,3.737115634209682
4806,-8.6014942958839,-9.51624723199808,-13.980031185145416,1.499043910476761
1675,-2.302611827850342,-18.62751203673262,-37.36955944968273,0.02653024908566872
7315,-8.930319084536023,-11.850912921124912,-20.23539842511016,1.495519672940878
1487,-2.7654431058041453,-0.33786016523008555,-43.365302227549094,1.7514933291334622
2796,-12.917011122656795,-11.749568247823099,-22.733026644270293,1.500330385045709
236,-11.65270325463776,-4.122275889703679,-39.652880025032815,1.4927600989343752
1644,-2.3026120114953037,-19.44536792716118,-22.143477530563764,3.646200452141581
782,-14.34583140968564,-3.943145886972638,-37.869499627105284,1.5064588716772962
2671,-13.285005755989166,-14.521117646057325,-34.810456558148246,1.495846476810845
1471,-1.2137939351028664,3.6693881143673694,-41.960578712199776,1.4392313579578022
977,-4.1299603069169875,-12.552314306817221,-44.37710127205139,1.49104013254153
1101,-8.366940247945669,-4.2532732793693215,-44.917659694870395,1.4882521282673715
3768,-11.885314021253217,-10.003192430431216,-37.87622376439153,1.4942128991276642
4264,-14.295150027532888,-3.522764672718922,-28.965484296194056,1.5033299739604578
6426,-14.051338332396401,-3.508864501188191,-20.767990351842464,1.5005756883111192
4844,-13.72892691216127,4.137859423336662,-12.304556804865555,12.973426980529268
3078,-16.162866413469423,10.339519374675266,-33.498300547594994,3.8456878338491336
4895,-14.444024249263043,1.2776925913637731,-16.695867461796105,1.5003596849188197
5166,-1.9692611546278542,-18.184563948222724,-20.49463393363525,1.735957690905554
5253,-2.2957247931538722,-19.558670705179303,-28.902044411999178,0.6249049637617275
2427,-14.031803441746769,-14.23346032154741,-27.216773939906755,1.5100256821577427
636,-15.272961762835477,13.368354511101604,-25.097701485214728,1.4909633678299004
7221,-1.1026122570037842,18.06410290561645,-16.1169096532842,6.0388050349721105
1771,-1.9250825141959325,-10.224225437395646,-44.67933023148339,0.583871524031292
1366,-5.4964245736729485,1.8885635385178747,-46.46978667794037,3.711965973035133
615,-16.287754164816615,6.154593125929185,-30.528384816992666,1.5222895302637374
6465,-5.348842234706664,2.214968861758753,-42.09101910076471,0.8718140957361477
3863,-10.82722868678128,-12.289547634723217,-38.308166236248624,1.4979999393781607
4143,-9.86287540765653,-11.986528245002635,-39.74707357488636,1.5011747531397588
357,-13.720478864128157,16.07425133537399,-21.870323159385507,1.4955649832249613
4846,-12.948336992997469,4.767530302098045,-12.290934928511902,10.894665811879026
5084,-0.8026118278503418,-13.349412402533186,-22.827449148702954,11.826063921673835
2065,-2.851113198170184,-18.257732319933417,-38.13641653771142,1.499605753072123
3914,-7.390082825384738,-17.137214690050705,-34.765473868315325,1.5030768492839246
812,-14.366843027727239,-0.28194840779887376,-38.2468761373889,1.510505692082863
1058,-4.07645630019875,7.722348800309682,-47.063176777972714,1.5118508477203412
554,-15.387067662825547,7.700108761770885,-36.23807709548639,3.759601805520154
4240,-13.97394153776144,-8.488595261506717,-29.97517478078616,1.5061377036431232
3892,-6.203803830359624,-18.63332564984801,-27.573109926075354,1.4898103517769896
7343,-9.911565933830909,-8.334680233191893,-17.890956221963265,1.500311002588915
2566,-11.980235956730699,-15.708496392861584,-36.023741441036485,1.4913172588266168
4287,-13.708301931793171,-9.408652179269197,-32.63569773133015,1.5108923503964347
5392,-1.1741266257067262,-2.1017981348132433,-45.58221645706807,0.5677308388974348
998,-10.699542045508881,0.25003085226177135,-43.43905337326322,1.6251685397055273
5805,-14.631423904180101,-4.204530545023004,-24.6473037425775,1.4962647175165595
1095,-2.547106043902591,-7.042579597916909,-46.3902390252954,1.4958907138143829
2770,-10.781092169691451,-17.807525601829923,-23.80927562668442,1.5012242320684321
2839,-14.280751273789654,-10.868047128708579,-25.404168903833998,1.5017609449178266
1084,-7.22389519393707,16.233337673696383,-46.09927765751257,1.4840923050301407
5494,-2.1638605116900558,-12.228634034353046,-13.002421843703331,0.577958691734355
3622,-15.157407434502456,7.170852528453137,-25.285506249281934,1.5004090975824325
4898,-6.950892384747612,12.424842081294521,-12.759491091714025,3.2395131833183726
590,-14.071607303667793,9.729862776173107,-39.308601020138376,1.5095780642842984
75,-12.39929957516993,13.896394158042135,-20.392153529440574,1.490392322527942
1069,-8.564534455965457,10.609762079915539,-45.23273402068071,1.4874791071161295
285,-6.52394338582929,-4.769367140811655,-44.15814785843894,1.498136704661241
6095,-4.274985842281856,-13.98981560847238,-15.97136390698456,1.4918880997197137
1637,-6.665514237805411,-11.169517678079124,-42.52737623891481,1.5057282807764167
1733,-12.967195861853632,1.9811049223306232,-40.83068466729223,1.4952269432110454
1602,-8.290065038088393,-3.1128137421276123,-43.27184347306514,1.5118185827139823
4927,-14.430360390680836,15.352236267521668,-26.803080619397758,1.489138567823544
3887,-6.182977180982572,-18.35831270037474,-23.917872638638983,1.5050938357597792
6493,-5.74236550405087,3.4676424712950205,-46.05536681411972,0.5843602125245393
597,-15.240848671804578,15.96808641652899,-37.673570263004095,1.5110057232094434
1781,-2.1218624298320377,14.785509356788998,-46.58387770879182,0.6112241726236204
1449,-8.718924011489257,9.428983553455957,-43.300694263428014,1.4981109803519277
1708,-5.889603133629581,-7.781455455952869,-45.542235239526114,1.5243866549349228
2674,-13.635214141451067,-14.832525827827087,-33.04077701527982,1.4946462616566887
1129,-10.434039380411434,17.447186150291813,-44.23293613292425,1.4963802519184062
5142,-4.864145110943379,-13.475527918749847,-21.704450792405456,0.8822207745112468
5278,-1.1026122570037842,-18.019698748725922,-34.517091567520424,8.668189753929097
4400,-12.664910956640297,7.349999904632568,-28.616297927471788,0.8000006675720218
4812,-7.303422199158136,8.6783322652791,-12.192307353613824,1.4771388921018767
4210,-3.7331393912379,-18.399993518206635,-32.0310135377803,1.4822788904736601
2676,-9.834943925696573,-11.36298363875101,-42.31572025041171,1.5096236662244502
7387,-2.6330927652969924,-12.40106547035052,-14.855727043033443,1.497622289770542
5217,-1.3543046163478625,-18.695219986795195,-33.9448230911063,0.5500843491237546
5376,-1.4624105140170849,-18.733663655466806,-30.756610285838157,0.5778449600503422
4641,-14.561553791453024,6.676134832366113,-28.56999411590654,1.5010542422474737
4710,-12.967963985877002,0.8084603879745129,-17.194885409858706,1.503149145400133
1851,-1.1026121036013508,13.361991147627585,-46.11195799582654,5.931057701555604
1053,-6.755662111148653,15.018492333190816,-46.2682316877817,1.5063018522140503
4762,-7.867253421151407,10.090931600021182,-13.798743233706832,1.4996355259232876
7409,-10.259896696776888,-9.325710896288742,-20.597011093604202,1.4776436429926993
1081,-11.677271961728811,8.851884368767898,-42.643472000601896,1.5037228430839034
2386,-5.662116653449986,-20.213453087610237,-25.858754190815855,1.4878025761520985
5117,-7.482805596052319,-16.783997292710346,-23.379879315704958,0.8430978292591924
6484,-6.340791770185758,4.491700656931132,-44.68463753199623,8.300049716011115
1599,-6.855467142525921,-3.50772218681902,-44.10045500981617,1.5179799118937842
4638,-14.756997701491082,5.042433180808939,-30.847371140174175,1.5081464319062379
5279,-2.937913327349205,-13.048485080703752,-23.107337147217343,1.7472906663508379
6442,-9.178956987406249,-13.243694482037546,-18.932488872242462,1.4888617848081014
420,-8.504354113695406,18.57070541381836,-44.08536005978564,13.970800025657661
1153,-12.122964243467523,1.6688186756650045,-41.973302607430604,1.5084121812493962
4761,-11.163441396676097,6.506351432166048,-13.97979412588536,1.4835476487293995
1069,-8.805611854594385,10.434257039234392,-45.091192334121416,1.5027977641354369
1084,-7.331156214583135,16.920596030941063,-46.079861687051185,1.4883326537958659
2374,-5.176072409011859,-17.323962061146922,-39.36989216754088,1.5006522364125168
937,-5.220382742234811,-4.1680119408026055,-44.71030291266491,1.5184155992378732
2073,-2.5776975353606386,-19.85243032809579,-32.82828906436006,1.5153684949402941
6592,-6.344416653078402,15.240700943659006,-17.491837625026815,1.4934234774099377
2836,-14.150743779012704,-9.88731387317519,-24.717149312059167,1.498380227939183
3876,-8.068428233232016,-18.13043301718882,-25.807327841288686,1.4991872237206
5339,-1.4042158666369196,-3.91080664388186,-45.407852938613516,0.5622476054259746
450,-13.981739104418992,18.57070541381836,-38.18560443501187,25.051706822059117
1486,-3.2140829368833614,-0.3468473742031497,-43.10976013901611,0.9282158562526787
7391,-13.285799070183407,-4.037016256356468,-25.319650116507933,1.4945274735438823
7436,-14.18891362186789,10.85019763670947,-33.86789747851929,0.8002011635060251
1604,-10.146415021666064,-1.7536123166220803,-41.77130125589024,1.4826218948295526
1776,-1.7621871410983072,-4.062991648919559,-45.9613340780335,0.5749782209463846
2399,-5.4945726286488625,-18.05456416434827,-37.79392027015999,1.4979787653210768
4804,-7.498071157030065,-10.345801279430532,-14.699158610212107,1.5066279927847543
1728,-9.327438169498961,-8.62716569675943,-43.5692171204203,1.5134678076494792
7445,-11.775158100283242,10.850007710013976,-38.15171704369904,0.8000017492663037
3032,-15.418994297057974,-9.065582853575854,-31.255977529401456,1.4935228148715056
4222,-11.315655221875538,-16.22817537943658,-27.358142632079268,1.4935170016768637
4838,-9.827964020706691,8.452872690547157,-12.236539330917136,4.021175114403193
297,-9.537430655076397,14.744935610947039,-42.80040025954511,1.5108533987242443
4889,-14.208976384545224,-2.817190786856392,-12.745741615912548,3.495958740841555
4252,-13.459713977992672,-3.422229432321469,-36.13881449129646,1.4937752859549953
5495,-1.2202903673499432,-11.961021351590686,-13.018891521494915,0.5450105198368355
6423,-14.274410954560516,-2.5209882258659704,-20.951745072778937,1.4996043793359053
5332,-7.736968830628454,-13.311108860625534,-23.556148060576568,0.8428071621206235
2809,-13.356678532075295,-10.799581122920744,-23.245677556468774,1.500384000503651
1593,-4.0876897917784225,-0.5906222732832194,-45.33241636283619,1.484212249084551
5339,-1.3500428159619677,-5.069339787320596,-45.24950794152014,0.5738150633929511
1413,-6.970156611650356,4.820148245928289,-42.40918506083867,0.8709167047730392
1122,-6.285268233350937,-0.6547783662226281,-46.19799081404565,1.4906212008986082
7236,-1.8829254591996816,14.321178795022533,-15.432665558896952,0.5875252151095985
1168,-12.292040267491261,3.173437711650851,-41.803625784111304,1.5071556220247262
1134,-12.976621560034221,17.198993836942062,-41.70971526842439,1.5066127776291727
5282,-8.15156127030169,-12.58713632323805,-21.754836393931726,0.8336819739774876
4220,-2.988561291870511,-18.85197480970841,-29.29952267330215,1.4967215489821217
7324,-4.478791074715322,-13.864037897681822,-18.281791386263414,1.4933993447741032
5621,-1.2787912008233033,12.517114545152676,-13.564673743624072,0.547051761952261
4619,-14.313597364582868,-0.035319894712878996,-33.7159224576471,1.5201203840720925
4480,-3.5346456090956497,-16.184778817667407,-38.808324905135464,1.4890688661801537
5317,-1.3846547358514796,-17.38208724812845,-23.921897232804334,1.7504470818054647
590,-14.242221318109035,9.408017975123967,-38.99576703365457,1.5299044041672263
4923,-11.495180780322222,8.667727605883726,-12.353861272060184,3.4066374351383435
4318,-14.154448230594554,-6.947353118384711,-30.052210991434876,1.4959399229022754
4192,-3.4607943920791446,-16.399697647741128,-38.44900808795844,1.4783307397855376
3838,-10.042191388721125,-16.525923830478977,-33.13326871622655,1.497523484420137
796,-13.708705340327962,-3.6523551430908214,-39.19475691433815,1.5067801141946926
5988,-14.271886646704024,3.729891132893866,-22.451299460976415,1.5006099963404704
5113,-7.262824264086662,-15.76646968208841,-23.752284559002906,0.8313518546884946
3621,-15.54476177586612,10.336152391667415,-26.135091804065674,3.891304826256033
3232,-16.24310597538392,17.017351013948076,-35.02024003799191,1.498492064117459
2594,-14.08586449369565,-11.352514160431884,-35.88272608207815,1.5030667114327758
3812,-11.77417189718517,-13.774368524399796,-35.18604860509255,1.4921795844462256
4189,-12.242859886955936,-8.081974027564923,-37.9002806339221,1.4989762734851095
602,-15.63929174266337,14.737060587050035,-36.3446635539328,1.514002304389877
4325,-14.144801731537214,-4.380369678091138,-33.41067486113742,1.5015179728281476
7416,-12.186970175630131,-6.2601265054963795,-23.016871110186372,1.4937312189588188
4508,-7.237804199450559,-14.033709330096944,-40.316201743346866,1.5086266868626201
7471,-13.749384836887707,-1.0534104680236345,-26.21515372781096,1.5008928037731302
3230,-15.951953060452725,10.15382745853831,-27.580749377942304,3.875472099287444
2971,-14.677205929714594,-9.878128281519945,-26.213825834277667,1.505398131411592
6746,-6.110224922446309,11.301511963007776,-14.03317081175596,1.4916958605905717
5821,-10.86019767297518,-9.663360882840585,-18.13236203670312,1.4876347494571849
599,-15.684002066037408,16.63181361230506,-36.68250159939197,1.4987461404012743
2478,-10.671542734289858,-18.454060362704727,-30.814929240708736,1.5067579806139697
406,-5.473235201814392,17.556732144740025,-15.500187675216683,1.4946293163804127
6898,-10.700000450787451,10.26126084864734,-38.889165057454946,3.6234063703753776
5147,-7.213224310887411,-14.409514540356017,-23.377408237699836,0.8569430865834955
3252,-16.303985520885064,14.934185675321059,-28.217322646347938,1.5001609235042017
3233,-16.415741700992083,16.606444362423257,-34.04086794877644,1.5069597712491172
957,-13.975363645283965,16.44596915747536,-40.2266152187356,1.5426337192323039
4628,-12.8761688556289,2.727950864261053,-38.09206888192233,1.500806866709596
5000,-14.50202966665562,13.554855608590119,-34.652356241489656,1.4967958576230604
7328,-2.1809808528319454,-14.007031445822058,-17.737981123024873,0.6591267097781549
6914,-14.465011615085501,10.049959979675164,-29.75529290597276,0.8000306535252071
5500,-1.1096646769729765,-13.871627396444898,-16.65594729256987,0.5490052269193952
1154,-6.655611164271964,17.631963616357144,-46.39075529964633,1.4849387634058764
3653,-8.263595777188234,-14.88437752813876,-18.908698052600275,1.014053673751721
1446,-10.413113364552057,8.97693068446475,-41.80228599160672,1.497130187018811
4817,-5.916568300753263,10.414044624368938,-12.168052198314022,1.4771394889500893
323,-5.798483441657317,-7.1906724027433615,-44.03954840794276,1.5198263485055652
4410,-11.301441812790447,7.540264442889076,-23.134534667372776,2.8394755980524087
7011,-5.276454014747866,-11.551953202672397,-14.614037064100156,1.4981613484080751
3239,-16.454768488639182,13.40577245875648,-31.95908918528029,1.4912636986947452
4992,-14.896544711630339,11.125184814585511,-30.770022230767577,1.4971965110081837
2601,-13.520114517453358,-11.74633656589856,-37.058225983233676,1.5030631814245932
3907,-8.399124609734239,-17.988793414694563,-29.1347367783424,1.5064122947926373
3950,-12.297501550173727,-12.64980444914122,-25.314990527300445,1.5013949559205582
1092,-12.565480423919766,13.462013030224956,-41.76415444762885,1.5080066739097875
4654,-13.247978167928006,-11.431570918185654,-27.73474264864016,1.5068704385409564
4477,-5.221057496733033,-16.964265914989085,-36.60959235028155,1.4912733421597522
267,-3.585956114869598,18.57070541381836,-16.223567420842425,3.655748734343891
4650,-13.938167908185065,4.374977658204532,-26.4222047776206,1.4993048957002952
2778,-14.634908681433092,-10.065498047621539,-35.06928634911789,1.5033214566238502
4889,-14.065751747938378,-3.4535214229052715,-13.630085115768075,3.495033263481332
5179,-1.8419995705205787,-15.170596719744708,-41.51804909017366,0.5883418077038062
4736,-6.913671896247971,-12.428695774938578,-13.412744021214808,3.228892364451923
4914,-13.433342181509078,5.329341271845855,-15.162742835269416,1.50564305011037
5306,-9.395828531931661,-13.637265015526172,-23.84404525159331,0.7626655997558005
6369,-13.570477663492513,-5.986160660080742,-22.154026440626872,1.4996934960482884
4486,-6.9351430802978555,-12.939627061681236,-41.39622892070799,1.5043533795466615
970,-3.887707762672717,8.10994349535534,-47.1064896396619,1.5100290121476139
3968,-10.897263539520514,-16.69328467515278,-29.46532130710723,1.493915789836016
5453,-2.2172797634890546,14.017890488643637,-14.312714751211834,0.6647041912022476
2750,-4.9351562273992275,-18.078407914612967,-19.55624209856479,1.1816367737936684
961,-3.9865259360654033,18.000365232933447,-47.224849037072254,1.4894281697004284
4686,-13.475100098523079,4.6585500138367495,-36.89785700413902,1.5014599700427027
4379,-13.243363103263233,9.533526421944224,-37.57969763325121,1.5211434070681098
4788,-11.554969641330771,-5.835288962197243,-14.675342985930817,1.4872259741868017
971,-2.4477428482249604,1.9688904698234544,-47.24641614942525,0.8723244639020717
5480,-11.44344776592323,-7.113874110811566,-12.264719544036188,8.727474277740571
4032,-12.438093279825985,-11.54667823853418,-25.104812071429787,1.4976682457828232
6662,-11.185171649163737,10.461236313537102,-21.37004501005437,1.504952455975204
967,-2.616628648587,13.480056137976614,-47.399638714657456,1.5005258162852892
7333,-5.613447224586294,-11.532811857202022,-15.579899282965842,1.5028962164608928
3842,-11.56021018075682,-13.209705197853426,-36.31512989097648,1.4960240222366834
5525,-5.937392229876224,-10.086432593826975,-13.645600088110982,1.4770314751442553
5880,-15.37135785147797,1.7009242497846093,-26.14999792831815,1.5014326885909366
4638,-14.743503319884965,5.362748826816517,-30.492939431314518,1.5248188164727765
392,-14.050052796516237,18.57070541381836,-23.770453437674977,25.146194642403966
7131,-4.901863568328803,13.263964062863984,-15.808398701114536,1.50295424670529
7406,-9.145151619430369,-10.277676413541965,-19.451359347716863,1.4859179238189277
580,-14.736248002050887,5.237014984913236,-37.78742057505971,1.4945046723623256
4869,-14.301531519886959,2.3420131250614213,-19.570584767700577,1.5011791299403265
7301,-12.737204118387957,-3.020220204162204,-22.263631355173136,1.498554093418782
4873,-14.47184107897125,0.7780051403861262,-15.727060749916788,1.5026203233335351
302,-12.650207096273672,15.505600721003143,-39.27223354544509,1.5240645460080047
4791,-12.12228005750324,-4.581100374978689,-14.878556171033141,1.5082382441334747
1586,-2.51134279659403,-9.697433145053514,-44.15172434866433,1.520272078096639
1920,-3.427937973119857,-18.061658940821182,-19.136533740427634,2.3568959370940963
6367,-13.0668323085888,-7.016689964732349,-21.407673921389154,1.4985124787106519
408,-15.190251847850272,18.57070541381836,-23.897198090753655,0.4486183857152138
1739,-10.042894153513734,-0.6977292664756903,-43.98151134622012,1.490178848100854
6753,-9.508664440665239,9.092773501305945,-17.33948843617032,1.4970455609326032
431,-15.826262438759626,18.57070541381836,-26.240936906856618,3.0242753429714684
4688,-13.907172065289366,3.210615760808758,-35.67334724739359,1.5068777834925355
423,-7.618359800312376,18.57070541381836,-16.4990871179119,7.396173759185084
2754,-13.412356445176055,-15.775245639464588,-27.48455095777632,1.497707214779198
5009,-6.1295017491005686,-13.322400346945592,-43.39984582314356,1.50086045069355
5545,-12.057017213102169,-2.726073890313832,-13.75270269272315,1.4770945640514892
4420,-12.030092836487373,7.411557689492771,-27.91147071154719,3.8225662620763097
6334,-9.151097232871912,4.459593568898361,-43.405568249837835,1.4587554594665397
4983,-13.695825608165471,18.19117202761214,-37.99216440629607,1.5045232725016957
1701,-12.691366057715548,-7.318435223709722,-40.30712634596672,1.4957825657179367
7439,-13.980605313588237,10.849992684912001,-29.464590128621545,0.8000346752646758
7227,-1.750122037953582,18.25744993466403,-16.28005788557347,0.5809935009745422
4723,-8.890825892469731,-11.194996414829234,-14.346217625897374,1.5084295276722435
5456,-11.294672437618434,-6.64999376834823,-12.262110538399778,7.195258624258195
1037,-6.618458131415313,11.915672236637544,-46.257869528997944,1.4939027066053787
593,-14.815652861264951,9.870280491599564,-37.89693391489246,1.544378727719122
4319,-14.278840993485458,-5.627333297746276,-30.436290339936065,1.5090594262519716
832,-14.473338081820732,-1.7061627988771169,-37.85993788753832,1.4940728610407774
411,-12.74254800892632,18.57070541381836,-41.9679848830815,1.393867190358809
993,-8.039446444438425,-10.997146806653939,-43.671553604654406,1.4914960949302387
2490,-4.368217413105561,-20.170226860161055,-23.590746783913126,1.5220554361286942
5904,-9.895819992059904,13.935388657709519,-17.95596339860136,1.5073665022161464
4621,-14.092388252170286,-0.6818807651331216,-34.561383794911116,1.4994494693007872
3764,-12.469445578975995,-10.872976069937264,-36.124416485905,1.4973021585394592
3798,-12.952933888946893,-12.92164998606739,-32.326123926900955,1.5024220701091546
5279,-9.101697445497285,-12.856635923389167,-22.8378779258986,0.8005817507253908
329,-9.583623283752456,-5.160879636620183,-42.00645060301114,1.497898158926418
6941,-6.716074345459466,-10.84819855510752,-15.05701183705467,1.5098109471334629
2807,-13.594882681242108,-13.430361980405621,-24.88945980950831,1.4969816637056648
4353,-13.479273606355122,8.15004591826686,-36.45759084915325,0.8000460141462719
2587,-11.421805460524666,-11.622079694616172,-40.591175222449365,1.5052723135751618
6826,-11.302612391621965,10.264328745066399,-22.743786030369016,2.667078201813846
1710,-7.469902502788147,-7.36657562108568,-44.98724213844196,1.5211743860944191
4478,-4.252521390803784,-16.60575053185476,-37.78410553361759,1.5233040761781922
4758,-12.909766274910229,-1.49671650100294,-18.610442381049115,1.5009873287080893
2359,-14.478163683343592,-13.43332396521838,-28.8215419944409,1.4980483301202225
1037,-5.88240581838877,14.136710268360126,-46.62529685363568,1.533594016452054
5438,-10.422232849174506,3.5154284612484017,-12.77941368306908,3.475239969321238
2724,-4.168433811356235,-19.408679481769322,-21.21429332538758,2.0838972348366123
4659,-14.49877284968953,4.32544673174818,-33.53763893646005,1.502655926170871
4052,-6.604868871508809,-12.780613024382479,-20.607720366629728,0.8505733892756103
3252,-16.22562178063464,14.613136437826125,-27.92906674412802,1.4990991120438975
5326,-9.932595587528125,-14.957630562106214,-24.52472382296437,0.7850547081995572
1078,-9.636637186888766,10.485917653439547,-44.49012182242431,1.4990129725782715
7334,-6.5276783555749045,-11.02821145248188,-15.500807758590204,1.4900794027854662
406,-4.857077531033019,18.13791452422499,-15.300954441914465,1.4989145990748678
1552,-9.379914643001399,16.22448111292043,-43.046990975284345,1.4929725507935923
6416,-15.112541443351615,3.573263777982504,-25.289983078997302,1.5065752490440394
1738,-10.67578168330596,-2.313206120238152,-43.29482308687945,1.4908263132986659
5073,-0.8026118278503418,-17.751288837545307,-23.16806707597918,9.632827138660527
1448,-8.171632270283858,7.340886248420941,-43.6875793518045,1.5021094241209731
1090,-11.375926107313926,12.261199582241044,-43.01860073698842,1.5013247094252664
266,-5.179591560436854,18.57070541381836,-16.059671670883354,5.230706462295169
3031,-15.530888650079024,-7.886626399136035,-29.580887928902996,1.504354879681498
3252,-16.363671582037753,14.281480500906639,-28.829549667173776,1.4961882390278913
4471,-5.2731083222615585,-18.41233094655347,-30.905559233917863,1.49774654638408
2562,-12.426828382427466,-16.639951094582837,-32.91762410150413,1.4921976094226703
4298,-13.338287103415107,-9.763193499123272,-26.98149584126101,1.4954332501218848
2985,-16.015638521440035,-1.7095177388028242,-31.685928899325507,1.4972264577485188
1857,-1.192965004180846,15.048426036956291,-46.00047647134347,0.570434670428644
6753,-9.565877490480483,9.015522126231648,-17.351033756019127,1.4952686550351406
5477,-11.789640381816941,-1.389690985759527,-12.270786212821019,1.4770796216618827
555,-15.352386477448757,6.530406099406799,-36.27338374296046,1.495470614041484
5695,-13.947632981471795,4.050721179227333,-20.78879259985989,1.4949085231956274
1662,-11.956212907795404,-4.90893047953526,-41.67249819793219,1.5034929490485458
4914,-13.232461696436966,5.783191426059815,-17.097801681624716,1.499709706008247
1598,-7.439490067675312,-0.643839933475152,-44.00765201024501,1.4796004398878342
5103,-4.079577592182623,-15.327662891291606,-19.519342909661454,2.4883264753854366
1686,-2.302684984834261,-15.911365738600605,-17.624647266032333,1.5973446636644577
4655,-13.264992062419612,-12.23205491425974,-28.998790073231763,1.4932850163394151
6484,-8.430159471241307,4.5807138368355735,-44.52957693124575,3.8212163032635167
2073,-3.572054400361584,-19.797997186650047,-32.76605433235808,1.4969358999803828
3262,-16.41459604112095,13.768865080109222,-29.4177915238797,1.4937040209474304
2651,-12.344724996139083,-13.429293262191425,-38.0822320119835,1.5029002219246541
5160,-12.127130393176275,0.26025327307295726,-12.276717375326587,1.4770833518470403
4625,-13.490062239541324,-0.3522244392966778,-36.459309955661276,1.515158222979084
5047,-1.6944769362068537,-16.715380537691797,-21.254078571034672,1.7467176354248504
6531,-8.785893922412372,-12.24730727654227,-17.88045328340249,1.48433932016816
3869,-10.814103817862646,-16.015724313052843,-33.01525782062876,1.4906461891010185
1060,-5.25927965177233,15.60545973823792,-46.853497545498314,1.5057162425968658
5290,-7.190769504329184,-15.789021592138976,-24.582817030205003,0.8303589034150541
4302,-12.808946335576671,-10.364982438018739,-25.611277310853644,1.5087470492521897
2788,-10.925636782413783,-18.037658823666476,-24.598283311903693,1.5082668464546272
6830,-11.772598932838832,9.095000459138092,-22.131228260363407,1.5088214881411226
6885,-14.79232579648161,9.058155649206899,-32.19641595813842,1.504761988931151
1602,-8.929044398529712,-3.491659094322019,-42.77174343042559,1.4873223292546014
5026,-6.50606902403522,-17.616626765567545,-22.270223988371704,2.090723680059239
7497,-12.400574383334673,5.500556176263934,-22.421382493551015,1.5068055371121636
4085,-12.064590118704775,-9.583532967737995,-23.758687599696913,1.5012260536027846
3019,-15.048970724661768,-10.00606233466145,-27.867984412910126,1.5006373699233206
4323,-10.699915844684599,8.517232781817004,-19.44309434791369,1.511775900788405
1571,-4.502131677182982,15.94276611685003,-45.51604177890834,1.5032502950543414
5435,-10.88274124936305,1.5956245430884437,-12.5640506027092,3.49390073000818
2507,-10.07631487757988,-17.993212689499515,-34.07067986883354,1.5065657450397403
1450,-4.685275497416543,8.097305153878496,-45.356423626483135,1.4797611138306341
6656,-14.010332466403774,0.27885525909110953,-26.954197557930634,1.5008048749578522
1449,-8.771565593411049,11.235863789109889,-43.26868947630685,1.49933421066382
1449,-8.892223914339155,10.831044326029163,-43.17930863461152,1.4959128439418419
813,-14.41449012135567,-2.5323496274725077,-37.9094440174313,1.504729571222312
1509,-4.111994227768145,5.339129943793499,-44.817870151300525,0.914971157386445
93,-14.34897072646036,9.507446493471562,-23.449086211700966,1.510992765046995
180,-14.60389545949503,18.07309814971697,-22.7949972237713,1.5047839460133103
4829,-2.865205681586997,10.873216504500215,-12.115027936584823,1.4771047793902525
7348,-11.223299252552007,-6.518913180798993,-19.303909440262377,1.501040784660749
4719,-12.956669693733009,-1.0426674325769998,-18.744979006806762,1.500577877120015
6760,-6.6344455600576975,11.262043971841882,-14.994387788096986,1.495182368680499
1443,-9.742931940905047,11.512609230289142,-42.462523731379456,1.5029436959987794
4988,-13.788397542527347,11.442362653844757,-25.656896021899225,1.5024939119281604
308,-5.329216810770802,12.720811490154677,-45.175423378755426,1.521333951980828
6869,-14.649609713978196,8.440466115499035,-28.864855825933333,1.4971024111844902
4219,-1.8780717526997626,-15.577071057776893,-40.06445011070221,0.5730035053314112
2491,-5.996463945150224,-20.069544548159904,-24.715222028291965,1.490080688890786
3624,-15.060276997813485,8.31295848880806,-24.978340686858807,1.514675894522453
7269,-1.1026122570037842,14.299177089758935,-15.065836376493273,4.694125356189446
3622,-15.564283617059868,7.602320559707008,-26.411268640671203,3.803900826065417
4415,-12.126824788473032,7.863069980711008,-34.146810151893774,3.751838475817847
4822,-4.587330434061959,-10.914217473446062,-12.144886317499061,1.4770474972912842
4357,-13.409932003185471,8.149989590748687,-31.83607596393264,0.799989686283135
1461,-3.8184825094514925,5.316707995954762,-43.454725398059956,0.9271990601851519
1857,-1.6192649280784739,11.537200243526758,-45.95519304514745,0.57999256927421
4631,-11.547746610177184,-15.96422299857672,-27.586691632087557,1.4973732899182681
1781,-2.0362847689749897,6.669872137404969,-46.482608808498675,0.6045754902624898
832,-14.572477137778023,-0.6629719358461189,-37.75194536057154,1.499534997316842
4214,-3.42628877309424,-17.63361844461852,-35.34563271104239,1.4941879462793184
3148,-15.562297239882973,11.6814718835784,-26.07282215748965,1.498256046091633
355,-13.706560233580452,9.545456686335225,-22.37531189139189,1.4956317769053848
1132,-11.879451615529959,17.015397964576753,-42.910615158598084,1.4944708171749592
7089,-3.119471596397225,16.3147058625436,-16.46361441261352,1.5068907970446956
2653,-12.693419101743416,-14.327188553326003,-36.5068473720286,1.497279088254337
7337,-7.5828702775917955,-10.401553429998804,-16.188702218256836,1.4989026914133783
2488,-14.880924749904983,-12.054782103132096,-30.30646040108552,1.4862760389962593
4876,-14.376656042833137,-1.8157322490996854,-16.441242491104646,1.508593971898644
5251,-1.7332929849025012,-19.444551548633928,-29.815827433622893,0.5886747037520395
1732,-13.449359666227,3.2204795250314415,-40.1397176988792,1.5099283169601476
1309,-6.188239731000607,1.2160616783097569,-45.98397367550934,0.5253196410545962
3174,-16.367026458067798,10.366550213641588,-30.614490713639203,3.9002520207149076
974,-2.4408011876082627,-5.270748480503693,-46.69741966237836,1.497474280947662
420,-8.323803229198145,18.57070541381836,-44.60398693559088,14.009297887875455
1430,-8.445338414318423,0.6272874553788511,-41.79876334898148,0.8140552149510353
4698,-11.51896389390236,5.906830949580389,-16.36284635565173,1.4994339618245291
4267,-14.407545709696237,-3.8143871262377864,-30.233327893355423,1.5023345343311887
6997,-13.303039215676469,-5.591403104378611,-25.70803675505731,1.4981734466874252
346,-10.668592435516672,-8.632736113202244,-40.19358415031264,1.4861497970262192
2642,-10.881304232526356,-14.954087012224694,-38.69783872653585,1.5018104539677997
4171,-2.497595017132974,-13.632954872972794,-42.09453683530396,1.5074558901527118
5073,-0.8026118278503418,-17.825024500269024,-22.8909221558748,9.351998932345666
4807,-0.8026118278503418,-15.9831499947595,-24.077683546179877,11.505802163300999
4266,-14.270870991977699,-4.700646810621,-29.323429363916727,1.482703033080882
2796,-13.04325164896123,-11.213510127779756,-22.79823463822445,1.4969477086650704
4471,-5.993335862471813,-18.287133028054622,-31.089791552954033,1.4841192845259976
1857,-1.662185614721509,14.785815664777836,-45.99483285152462,0.5810407929945981
1081,-11.701256101149365,5.136335839381357,-42.551300047252084,1.5099922531097072
1677,-2.302611827850342,-17.605763470883502,-38.67909416725793,3.4137866328651847
5317,-1.3925739060226099,-17.456139789697353,-23.869753601785114,1.766306265324114
977,-3.258784877669303,-12.19672653704977,-44.68469687016865,1.4824226287093063
5711,-9.255631874355208,11.012091148293214,-15.089058489893809,1.4864758654759838
292,-6.926594771709983,6.591201016704808,-44.42043620657314,1.51069477126316
247,-4.4746535923579485,-11.865850616917285,-42.94218021328021,1.487434607173184
5304,-10.792712003897972,-12.876604507802641,-22.888850447608228,0.7721721136701061
2460,-11.47234555084395,-17.96334422466207,-26.025721151071842,1.4968720284873256
4871,-14.50177724812856,-0.031836235336152256,-15.61719938896675,1.5008726862652269
2040,-7.214747076215033,-19.150483948972926,-33.38734219423941,1.4963282296504519
4158,-10.882885223867735,-14.918058507925362,-35.38130864071171,1.4996759668805337
2708,-13.03282098479672,-15.271679475799672,-25.007335206597666,1.5145420285153233
1651,-3.9336797005833386,-5.886519416924003,-46.39610695027991,1.523765651053078
7122,-7.920837774096409,15.874756278944439,-18.31985425298706,1.4914335806706247
4706,-12.894453699927048,1.6146199515705246,-17.02285945497437,1.5036055133376167
576,-14.031513031654093,0.13816713612279996,-38.945647951814095,1.5026654354819167
992,-11.280256133062837,-9.749676708410831,-41.50481865008741,1.5142121764472798
4659,-14.447106353284266,3.2687549921390575,-33.67204904850904,1.503756126488293
4713,-12.62673296604604,3.0095646334132837,-17.663711166112865,1.492479181128725
307,-4.387221401235851,13.28029853753891,-45.482092918519974,1.511215018192958
1110,-11.892711674273198,8.041611584548072,-42.37312883226304,1.549426631848964
1720,-13.249692571363525,-0.5640408484694233,-40.26523249577788,1.498128015602968
5167,-1.5642514542358463,-17.392944773714955,-19.54932741091618,1.5452351908981046
1087,-9.616530613380032,14.40232190176802,-44.616097707522556,1.5054788909504542
1085,-8.162546478992029,15.144120491267051,-45.56217070455479,1.4953745858553467
5260,-1.229547192229727,-18.964146618125284,-21.968145905693767,5.266847899444955
7273,-11.809285843854195,14.427470706802556,-21.964187068209753,1.4933570654678168
1737,-10.91049573532057,-0.6141035820443836,-43.17792493931925,1.4812741739801407
7115,-4.893145430787159,17.362972019887874,-16.892931925250803,1.4971757998320754
3959,-13.024727123097604,-13.197780768528826,-30.816425977051615,1.494695638456053
2093,-3.18158318648737,-20.43047308954845,-28.533964373001496,1.5029797380016732
2071,-4.367253318753069,-19.255955941333973,-34.89532197492067,1.518551779676826
597,-15.357831434580632,15.752726624051055,-37.310937236155546,1.5002634224497309
6901,-13.259302081622192,10.05004313955232,-27.180596140805164,0.7999846077486784
1799,-0.8026117927871341,3.8270183977170906,-44.38505466877639,2.5000002734834093
5234,-1.2011037367234079,-12.981551345407372,-16.26877035695337,0.5610469445363819
180,-14.632068539094139,16.87369167072371,-23.134394885342978,1.5093988778147913
5739,-14.259572149158213,-2.6198552609924524,-21.27174704316549,1.4987586252906253
4320,-14.180469036568368,-6.764346344547941,-30.45931907853249,1.5070652301979228
4737,-6.614897803521493,-12.585158488210014,-13.033568972479227,3.22216066548067
4746,-12.31031989254947,7.464669666532302,-14.76445253184647,1.486939903305748
968,-3.358858452174879,15.159072332153695,-47.3043249657327,1.4998598143224449
1487,-2.799208676012035,-0.36756895634562786,-43.45718122645887,1.75710637398003
5012,-14.771612270452474,10.98998793387663,-29.32957329172237,1.5102836991168438
2395,-5.763990682909192,-19.27217328955571,-33.95945599206722,1.4964838361764448
7149,-10.758776040520328,15.46760195503312,-20.644403760118887,1.4958353910720559
961,-4.710493214610802,17.401714272376058,-47.04338794451053,1.5018819513021553
5206,-1.1026105212198898,-1.0876367193911745,-45.84878732218505,5.9776524829790505
5874,-15.495839755836215,-0.1935537057102913,-26.73941175812689,1.4993667552542933
3018,-15.023517708954708,-8.891082870245057,-27.074476156551878,1.5086510840986822
4488,-11.318901470109989,-16.326782830764337,-28.38160105612657,1.4952053802136271
3810,-12.076145124983768,-14.063589468159737,-33.898209009295044,1.492691520365921
1479,-1.1823235369492604,2.142480345112709,-41.6700930045755,1.3599749093927584
1037,-6.099888509600719,11.541302389285393,-46.472566541118276,1.5072472635708503
4347,-11.109469685679178,8.149998549332656,-37.92515625572659,0.8000005874482756
1111,-12.701498457366347,7.73009125402659,-41.37536891868815,2.5651069524978047
5429,-10.981099839311717,-0.36484428262314644,-13.12611906666425,3.508128929758626
1781,-2.257550072132476,10.351539653090807,-46.53173411868465,0.6404936185383804
5632,-9.510800126428922,11.033292498353347,-15.905270467744298,1.4977066392235052
2586,-11.195243199716312,-11.49726657717829,-40.911279226807316,1.4969438320070139
4240,-13.861434914777266,-8.932181816436978,-29.276637334881734,1.5048595716751094
3920,-6.994206630383777,-14.723425388496846,-39.667536960992024,1.5252920876585094
1872,-2.302611827850342,11.538204376511827,-46.67721313877438,3.246128650654047
4229,-13.32480679843517,-7.708786127188584,-35.37510119217756,1.4953777104206738
1624,-12.37270916707638,4.4416471930026535,-39.067238134169486,1.5057774222227522
4943,-14.519644950859405,15.525722382392868,-35.080956897963844,1.4880023027045899
2374,-4.715263745712002,-17.343361347528027,-39.496291565882615,1.5129732910482407
5389,-1.272511248486167,-18.930561259752697,-24.053098390305266,0.5600877852336754
6176,-10.502760935458982,3.0321167126517072,-42.062767889508024,0.7762562272591382
3944,-12.119521197210075,-13.342949986065479,-25.284739764509336,1.503537940221181
6897,-10.70000037458952,10.53837754713862,-39.198809638637634,3.4589056903806297
5284,-9.561085283232687,-12.624131542381237,-22.07410519003683,0.8182733938106783
554,-15.26902076916716,7.556816342784522,-36.533759973630325,3.74107186482806
5472,-9.423569916525318,-9.558339223259225,-12.22939291369148,6.617371033042741
6705,-3.4120634434184405,-12.633105853359956,-16.22710528288269,1.5033124647356182
5509,-2.005031145410123,-13.104079602508033,-14.735388804055042,0.6198323209630394
6542,-3.302612066268921,2.6825566921118003,-42.37863942122771,2.500000238418579
373,-5.100558719664703,18.57070541381836,-46.35737259500307,22.381765960712404
2836,-14.416988584274595,-8.703379969393717,-25.062599991278034,1.5075904525371688
7213,-11.315489328324398,12.20903852992002,-21.49893216400811,1.4922683126021958
5147,-10.462573965700443,-14.233600141107452,-23.348579285653546,0.7936422378282867
6179,-5.840289609051546,3.6317973372994365,-42.45819340588952,0.869400447419662
1735,-12.586915657664479,-1.3816728736855377,-41.189548795872106,1.491702414280279
3021,-16.108800226695788,7.228739218802238,-28.60660995712953,1.5126512181966867
1145,-11.031013033744323,11.086819769341787,-43.30442928402705,1.4981702470099827
313,-6.474501993112371,12.074980900860066,-44.70892658839488,1.4886193676557473
6916,-11.515551586474398,10.050011372585619,-37.75410545563224,0.7999943428332214
2653,-12.664429371799645,-14.422975847063288,-36.44499352507504,1.4959420426710297
4472,-4.717715514869489,-18.232651328774608,-32.28557680718302,1.5156307050032722
222,-15.51088592446326,-6.759224497323163,-33.11490890741735,1.4985804702766208
4640,-14.70870142842886,5.995658987492448,-29.620974610400353,1.5023422334207193
1071,-8.204726148587929,4.893619851774648,-45.42595327908311,3.332152274214351
1553,-6.274645358531707,-1.6713594601461985,-44.516382245966966,1.5022672552373277
4581,-14.095834759688195,-1.4158640676502454,-27.48516377098943,1.5006803259557315
6916,-12.578986753383445,10.050002268687905,-38.88187106115908,0.8000011753107362
6488,-5.959548339715342,4.162699666132483,-45.39987027684255,1.8089851827639107
6889,-12.53246258548451,10.049989878426716,-28.32454290741383,0.8000046563641202
306,-3.981837696088501,9.0823725922674,-45.53942576682827,1.507514059155574
2653,-12.401200949183682,-14.863961673211726,-36.43798272794808,1.4976953691529622
4925,-0.8026118278503418,-16.48148805280965,-22.91054034284105,2.5000002384185795
5011,-14.578941894501735,14.51093724821177,-27.542510913485106,1.5032918504738757
4469,-4.3783137056304655,-18.749502953362338,-29.204447752500165,1.5158974114628454
7067,-3.1051986358346984,14.027347075366656,-15.52690559315291,1.5058860518861035
6792,-10.966796386369355,6.825997704342706,-17.160848140648213,1.4824268085034131
420,-8.600329320064297,18.57070541381836,-44.6975269419558,14.030249622634857
4916,-13.481400502215546,5.235451445092515,-12.585622550834275,3.469550646946481
4747,-9.383720543664161,8.790178017880427,-14.007550491452903,1.5019435711314906
1856,-1.3706264148830913,10.77065811492725,-45.94966495833262,0.5719325002246176
5082,-0.8026118278503418,-18.30717123452834,-21.46020670383904,7.285915638452034
1084,-7.14102699065258,17.826638780465057,-46.19582823811555,1.4829498533858287
1738,-10.321627401191584,-2.991740196416316,-43.590826404008055,1.4892615275316832
4741,-4.615806082868999,-13.373815807960549,-13.531174339675585,3.154632580117194
5283,-1.1954061458406438,-12.588245712457235,-21.65874276364375,1.843010634732968
5410,-2.3816182683818927,10.734831531052114,-12.839191830623244,3.235707701305121
1736,-11.49822393253649,-2.799444434614571,-42.44546099909624,1.4890981160951033
7159,-4.8746280515659395,13.62571329381677,-13.620579996228205,1.506997026409461
1711,-8.74379916909107,-7.121022853607182,-44.30498364375491,1.5017640128007674
4880,-14.48556374357832,-0.5333718245253289,-14.424256319331189,1.5059277110084266
6350,-7.367219799296483,13.584759304818185,-15.785909190017342,1.5018129071055062
1460,-5.321074695811489,5.292481364124014,-43.35867795154089,0.9011595494993612
1569,-3.085266848574909,17.776242082791825,-45.86426728973606,1.501664564728654
5290,-6.650514522811492,-15.666931038056168,-24.591896773877778,0.8379727246534239
5394,-13.64605402319714,8.379162068953189,-36.68217424696698,1.485761950589448
2063,-2.352084389173017,-17.81342050843029,-39.1753200775615,0.4743116790450103
4447,-11.813268609293443,7.350018105296238,-22.760996415553066,0.7997130601167755
2954,-16.134290790690198,2.150322776447411,-29.675442914789897,1.5054274556887168
2675,-13.471879648983037,-15.772170179144686,-31.188507530375144,1.5034249393738115
1112,-13.076614740812566,5.402691354302599,-40.789249483390606,1.512194705306544
3914,-7.3741091536431815,-17.006984253060676,-35.14548214447677,1.5073474649349816
5155,-7.416137010615733,-15.215504121423646,-23.73005002852256,0.7845952279624444
2099,-12.577979589613804,-13.520350556979926,-22.808680621427747,1.9733896947084502
297,-9.429168886403863,14.386730591692602,-42.886491925024266,1.507592576032246
406,-5.107056411678975,17.489222189405027,-15.39032742308783,1.4981454627351058
2036,-11.35571339782792,-17.761995544286492,-32.17527087708681,1.4936639851544404
1538,-12.24701218307382,7.259314810501584,-39.338946074170316,1.5197792417028937
2451,-7.763474291991099,-16.271270277753352,-39.86512822816412,1.5022314508359924
4842,-12.775617209424565,2.365905771166204,-12.287959264096306,1.477138003165295
5130,-5.663829876961112,-14.882417480461525,-19.614164356687773,8.393993720885943
5533,-2.260590602224946,-10.788523890687207,-13.581713841115574,0.5812428152287499
4693,-10.286203808727837,7.776218431329017,-15.11439292260173,1.4995241909595407
7125,-13.051499358708273,16.985393479054366,-23.397995596525682,1.5026987669511076
4557,-11.829763386428073,-15.700361132449817,-28.877092170932062,1.4987501643118804
2765,-12.834163288657045,-12.122478715611305,-22.70456131423608,1.5025494985057015
7309,-11.311570049921137,-8.479196926785743,-22.118462063627618,1.497325219978818
4605,-12.65778019821654,-8.330061829926754,-24.68151478100244,1.496014134318451
3038,-15.687599031816033,-1.413446666804822,-27.66966087522659,1.5079819305356597
596,-15.09195245220484,16.258006789067746,-38.06464650690554,1.5035094165513638
4957,-5.59279199136375,-17.682191723003513,-21.31438674375552,1.3467200725404271
5328,-8.235743203012555,-15.24101782687552,-24.53036376855686,0.7797194374105033
4994,-14.926336041341385,11.729476572904561,-30.944865858148493,1.4865322850348486
5713,-8.548921360094777,11.535330186858586,-14.547339005061811,1.4955911153603731
7416,-12.119289028232362,-5.780934126344491,-22.5032403350186,1.49979492652903
5043,-4.13127478173176,-17.62692488099541,-21.92403068008994,2.344783601464835
594,-14.934752076260324,14.679551508157939,-38.12345124919136,1.5284822620395206
1737,-11.222997983429732,-3.0934539180154634,-42.70610314062908,1.4929954241608712
6571,-7.421741150467158,13.48257424498503,-17.85442948821218,1.4897179899145205
5091,-2.974001497786066,-14.591981523837141,-20.940952485032334,1.7678808507765373
4065,-3.458469787425646,-13.817614560536798,-19.17507678934831,0.9132989362843407
335,-12.030342150857933,-0.03689902000456652,-39.415116520958684,1.5046287990582847
5244,-12.310288647634025,0.7029857000161533,-13.757218989040402,1.4770894808153365
2475,-11.591534354562807,-17.921545194797286,-30.534435529357932,1.5044058124081476
966,-12.090511971575717,-8.368502729451738,-40.888842140301534,1.503159370783175
1096,-3.5181280215358113,-4.772861186050922,-46.60250117150166,1.4814846785269395
1549,-11.435663236053893,15.947529160081487,-40.997132778316775,1.4974615706996848
5328,-3.7876823431464217,-15.162342030021097,-24.513586318640314,0.8546883542440907
4639,-14.731079913975185,6.174077028809708,-29.87625850915482,1.5056457015755802
6790,-11.285133842928323,6.330869354628882,-17.543353531096734,1.4957277375189364
5076,-0.8026118278503418,-13.670480032743225,-19.845572637290353,9.293077216482942
1505,-6.155447671573051,-0.5251682562330902,-43.65491170293925,0.8962426985528779
991,-12.316716654646024,-9.077413565870307,-40.41770093071749,1.499619879623112
5361,-1.1026122570037842,-18.466947198469832,-33.1257565871212,8.521912475994919
956,-14.072806114896855,16.82171071861482,-40.11145120220516,1.5269957787496955
5317,-4.494561343254031,-17.386546150005007,-23.917898472245824,0.8225898328424467
4887,-14.014568808137492,-3.661342001814554,-12.632271474142476,3.4954774407633873
5593,-10.104849877272068,-4.321399722071877,-12.520318845002137,3.459047403263483
5326,-7.590085092877423,-14.823161780049094,-24.479212231738693,0.8210480144246344
6769,-9.243440280470491,9.614658886028757,-17.578106948513813,1.5050531656843946
4838,-9.754538815176192,8.475703855683799,-12.235254643298255,3.63972258409972
991,-12.388530503412316,-8.47895340452375,-40.481831790160086,1.5213425574833956
7377,-12.329259981904139,4.618617839270574,-21.2898360238178,1.4941781325818724
2567,-11.827748003803432,-15.890229410470806,-36.04033363902004,1.4959766591854742
3146,-15.38141064586169,14.933273655452993,-25.12801142724684,1.4973166421817377
4929,-14.716614199187015,15.44080611750909,-27.800699093758084,1.4998341504694295
6262,-5.403223005969501,2.855824402598469,-46.32961894376042,0.5851100646032493
5318,-4.077610461321117,-17.904263217003884,-23.487127212638665,0.9251199555601948
4643,-14.372932445408821,4.209964989898797,-27.94836377371825,1.49962724564748
4892,-12.848997311515346,-6.5287138293944125,-13.38379776715082,3.451897828861339
399,-8.649196044292157,17.06805538997464,-16.954084519822597,1.4935697889751298
286,-7.730982921922019,-4.310398211989919,-43.550061478148194,1.4927976141342578
407,-9.244117257029952,16.181900137349235,-17.384059598144958,1.4958993996269758
5583,-7.850581800237884,-7.704446236772105,-12.425331295939413,3.3447366724174037
4909,-11.576896202242626,-8.553590571386392,-16.407908750436427,1.4981779177033556
4655,-13.307485492806375,-12.116580586536669,-29.274178244442837,1.4963519248710453
4364,-10.730129101947329,8.14999807279668,-40.98604621297871,0.8000054090787346
7342,-9.348323407592519,-8.927002894773661,-17.3724206243061,1.4994879309130866
286,-7.851056820448003,-4.25297547954186,-43.492490961967725,1.488559984341309
5173,-1.8378385889117639,-12.994498790368775,-43.362631340917034,0.590310942149946
794,-14.113433576363024,4.894962436832108,-39.061107768412334,1.5187155723979835
1548,-11.587103364173442,3.651981241149239,-40.25295187114419,1.5016215456726874
5438,-10.468094021934773,3.360850398131488,-12.792918413812593,3.4840330304470797
4362,-11.637591200132308,8.149969784154479,-24.485645115586706,0.7999797139117795
3251,-16.26126940360424,14.16111432679512,-28.29761508062057,1.493672926023489
5800,-9.476596216710922,13.005250737420434,-17.511718384440407,1.4978039642910803
4479,-5.313483163211989,-16.053916505848278,-38.49781606017136,1.4887256871743502
4610,-14.547304045982091,1.5359850081611572,-29.204348270471144,1.4953069218600696
4208,-1.910536122379231,-18.66658468743691,-31.07782612326752,0.5992592045405815
1676,-2.302611827850342,-17.97437091725644,-37.55577306259558,4.176018651055719
322,-3.979317727894952,-8.275849016619976,-44.32959793491759,1.5067043657382202
4325,-14.12577592975674,-4.358525910939781,-33.509796341052734,1.4991489115085046
6716,-11.565328054745962,-6.777573255435167,-21.566305259321606,1.4913722692024576
262,-9.067066871476532,-4.30243145694836,-42.5777277614426,1.5036543493795043
4360,-13.824755783153911,8.150028686248223,-33.96277721083335,0.8000287821925863
2349,-4.105478018338338,-15.261151884347655,-42.434902560671695,1.523799889708849
596,-15.190491939954974,15.742356162767537,-37.737369127457264,1.5098059045951049
841,-15.04630777146523,-0.5594357570712827,-36.607059298013006,1.5113168162969506
4833,-7.073807507656631,-10.345852933760998,-12.188116295268816,1.4771711588499348
2066,-4.086345506890597,-18.401991897802688,-37.50847036478011,1.5046029982250257
4878,-14.455567173822153,-1.133573426094319,-12.77892062340883,3.5024818574995966
4829,-2.6084235738968893,10.76550923895016,-12.110557736595545,1.477008514342376
4984,-13.490587186542376,16.95773418156515,-38.065912803244615,1.4944269839446414
1117,-5.00809998387615,-0.18459766669905903,-46.63740164746548,4.342530358078027
1417,-9.354493936102468,4.146560837946641,-41.75501180112971,0.7920480969024084
3605,-15.264629366796152,-9.978354782092582,-31.65642535569158,1.5114863355204715
6561,-1.636356483780965,3.6333688693657136,-44.25865268379963,1.4544772565687882
4703,-12.494249565720436,3.5278352164929685,-15.73613934375334,1.4908039002558002
4706,-12.855951294198707,1.8746588152596635,-18.76742799089663,1.5040286620566832
891,-15.311292003127395,-4.114282829166549,-35.07683398900343,1.4901252384125534
790,-15.707151108307853,-4.794763028421037,-32.884277745445665,1.4906175396065129
4429,-10.700000762939453,7.499328094550684,-38.97261247276705,3.505040913202825
2008,-7.014738803569102,-17.834545707075204,-20.176132467118567,0.5584818054989428
6452,-10.925971007935136,-10.144976169689901,-19.137582720761635,1.4976314432782378
6789,-11.350878987557934,6.220549711083209,-17.8411699675054,1.492300786856173
1771,-1.4766998007423169,-10.178440574175687,-44.68505427862742,0.5897143059812497
2774,-14.86529863082132,-11.23160810837149,-32.94270403746086,1.5047542792279025
5669,-14.60197332137,0.527073744530365,-22.831154499646466,1.4972665877564548
1521,-10.989265927224407,4.137442856492234,-41.03550443050725,1.4958217404589917
2947,-15.772721042168829,-0.5408167534319248,-34.06445473702648,1.5194321062115637
5008,-12.761530050614837,11.537617085611364,-38.68121911160608,1.5054920646259466
2601,-13.560705408754801,-12.346809262711616,-36.51518733766647,1.4996338443480097
7277,-4.911333446959528,-11.832943726845539,-15.515782511144039,1.5143752058027273
2367,-12.645094665242127,-17.098189775665986,-28.133444936802153,1.5016727166526287
431,-15.981923801812478,18.57070541381836,-25.96777439299219,0.6999773206468326
4473,-4.7867034884500885,-17.98775056678424,-33.389250177243404,1.5109866656182775
2663,-8.592904735757813,-13.605003285014847,-41.9917697278904,1.5091472998133637
5250,-1.872362253470339,-19.379814685011443,-30.329506847086606,0.6034872258038815
6912,-12.412473910911041,10.04999901022605,-32.66843190030018,0.8000005639470458
6595,-6.624316461377996,14.17464537587183,-17.49782646869828,1.512793110139194
4210,-2.391443601812858,-18.28651726904068,-33.02341282227938,1.5041986007138828
1059,-5.757494598572857,4.495427628759517,-46.5501268000859,2.197959710999334
422,-7.442724055014331,18.57070541381836,-17.596928395838475,5.853237838883638
596,-15.177012396116272,14.802129084969895,-37.540378672902406,1.5058342878041864
1793,-16.274428202926256,5.696041281962595,-31.249127791091343,1.5064265132689527
5392,-1.6016698740293895,-0.26696237347397517,-45.71185827386486,0.5662640202630872
337,-11.465772206338267,-0.9947550784449585,-40.21485359066448,1.4944052923927527
636,-15.313450043543607,11.873785040426181,-25.342062730704406,1.5041699697611128
5325,-9.03283902150221,-17.184419982784053,-24.12403506353057,0.8150974398007585
5689,-7.4396085134125425,-12.187314911568262,-15.164597371194624,1.4955201233211832
1110,-12.301188100139713,10.589166185775216,-41.924313665116074,2.080071047416658
4659,-14.435487623217583,3.562158385009766,-33.763529385574785,1.5074679460617046
2636,-14.080871594554635,-14.009637098653833,-32.7273183496828,1.4943133766957806
4480,-3.7937650780626537,-16.11639874033926,-38.846375952706275,1.5075840824944124
1451,-4.9721655367755755,6.61201356701463,-45.245988449697705,1.492302208342923
4699,-11.85807916776958,5.19626951423985,-13.950968314500937,1.4959624996245269
833,-14.60314000599589,0.6475815370107968,-37.80817575376454,1.5058928371259686
4985,-14.286729287201865,14.61797392626095,-26.55288509276817,1.490800319590406
4390,-14.603303310984813,9.587643022353046,-33.54961171492202,1.508819037957099
4118,-11.073166147492413,-15.381220724944672,-24.667787312564652,1.4918435313657956
4160,-11.22203995544072,-15.336957463978852,-33.79867724940071,1.5014559012608186
307,-3.9791145880864205,11.972272904944967,-45.57285350512717,1.510489072359595
979,-4.9323818094286,-11.5766296343,-44.648872084739914,1.505469656128419
5147,-7.627335358209657,-14.583919738307365,-23.47568204430108,0.8700503430517758
331,-10.81029047034477,-4.667712996716491,-40.72105015232672,1.503362554274631
3622,-15.38981068239395,7.228097246985319,-25.94324335594947,1.494700407573926
3870,-11.759156159510372,-11.780162661840462,-23.776976445950233,1.498311006625435
2515,-7.796091299045497,-19.787135340390112,-25.959851142397433,1.5009967670872197
1757,-2.302611827850342,-2.8197831072250485,-46.790236978918706,1.3705314399905653
2474,-12.065596363468316,-17.632949633054825,-29.83331817791575,1.4900942709027734
5039,-14.91735440340927,12.869115662785823,-29.834031312819352,1.487538274670837
1086,-8.946326533901699,13.99992744682395,-45.08334442706025,1.5135579101580028
1053,-6.515928441954223,16.300370088535868,-46.400126347424376,1.4930971669385857
5014,-13.878953335072717,16.946582387064044,-37.24545234503823,1.4899657642717927
4711,-12.984275237313087,0.4894876481906832,-17.820565290013306,1.5028919196799349
4896,-14.45278503529608,1.172652696154062,-18.751666535534717,1.4999040495061982
5117,-6.942951758928132,-16.871866650491683,-23.322123789154247,0.8344409820846964
4934,-15.088835614431932,15.365197093129654,-30.430388463598995,1.4996017343047596
1103,-9.249797019427568,-4.563719834470161,-44.30945197997201,1.5111050789417775
1662,-11.52070923668963,-4.182968195872354,-42.300133346581646,1.4957529089038417
5307,-2.4037497568384474,-13.888124715301494,-24.003778535103173,1.7437117581575612
4371,-12.767866769373859,8.895832810187068,-38.52661104094809,1.50278009138944
4995,-14.947528557039524,12.814679330293789,-31.735465076193904,1.4891784341999377
5564,-11.597503207674402,3.8522659068722174,-13.744710135739817,1.4771304012039528
354,-13.252159155506787,11.62174243425141,-21.586082544657742,1.5189165279339205
2346,-5.121188677666902,-16.141869427502613,-41.16754147817021,1.5204756815019662
6523,-4.266810543179379,-14.290986737538212,-16.404253493345816,1.5033874990401468
4121,-9.930712101913794,-16.726326661161877,-24.420496076737322,1.4970372652590291
1088,-10.425885440645137,12.480906698548795,-43.936149344677254,1.5176822204361522
407,-10.466235984795789,16.23596296645408,-18.283516022467204,1.492828039781567
4660,-14.371649566819254,6.9366141531531404,-34.35059607400066,1.5086170370122052
1849,-1.1026118510916725,8.12709384864346,-45.94901010927549,6.1695773903107645
5257,-2.2688109356752815,-19.444481030910126,-23.57290925117433,0.6177461169582174
5936,-14.480745471022594,6.79288533489862,-23.807926085885356,1.4986671434311625
6834,-14.089022668560812,1.8613778963285372,-27.065471073589073,1.5023656832237469
2990,-16.0200005780312,4.607591395014097,-28.384905273837063,1.511159858147718
3795,-11.82120342702392,-14.540085250407113,-25.58140264315775,1.5159796130000913
3177,-16.330046105552654,8.701838278279261,-31.273946797099317,1.4942984124448802
5657,-10.045004695395711,10.692084757053863,-16.649104839862453,1.490960031763513
6322,-8.10042858201847,4.351886723860885,-45.315025795158675,6.003892786723596
5305,-4.688176045652004,-14.14405879431996,-24.213730962935422,0.9117838178710893
323,-5.765031871866531,-6.684193573991932,-44.16046186191599,1.5002261904791965
6454,-4.261109806903693,0.4369164301437285,-43.600422742860445,0.9175958514327297
791,-15.81318238976685,-3.215284374013535,-32.9010365041179,1.4921683396782073
4866,-5.7843323238483695,12.95895377118769,-12.36095556516787,3.1937277087164175
4301,-12.879906000198469,-9.458064020120899,-25.483366515880654,1.5009968916494292
5345,-1.2750133789199984,-6.95403278989874,-44.949086987723405,0.5547809337265709
4283,-13.318061294949903,-8.306302874377549,-35.09470329494016,1.5075919991404128
4880,-14.493923268160678,-0.3002128186151479,-14.630942379291419,1.5037423645289683
1129,-10.437664072080807,17.065779659456147,-44.19756571051591,1.4943693911847922
4880,-14.501128431181973,-0.04974753442010478,-12.789406482008765,3.516961880276732
2373,-5.445271565469552,-16.767342117643032,-40.22054076305808,1.4946040771867204
5144,-3.3026122672611358,-16.600927194040565,-22.307696748795536,2.5000004394109814
4987,-14.015333619064911,13.662759118285223,-25.932632111694595,1.4804622661320803
6885,-14.681987497015166,8.343679725877267,-32.897179365115264,1.5158271760293123
5090,-1.7461920794811518,-14.833526745316293,-20.6701307328404,1.7715627774870508
314,-7.211442063154876,16.723322840874403,-44.46273273598317,1.490415662896549
6589,-12.60952702180612,7.317801647470476,-23.43499382088624,1.506115809782712
338,-10.756343377027623,0.2972675764582077,-41.17872577361474,1.50422458940677
7440,-12.44165492130006,10.8500170305518,-33.16693330777846,0.8000175218517809
4312,-13.696341373153707,-6.029290270310539,-26.980122636388526,1.5024101403252246
1783,-1.127808700834534,1.8631917808351184,-46.369396326837595,1.073183063916877
4149,-8.28540113271945,-12.071773529588254,-41.12495817527755,1.5003680524074832
1104,-6.108078427936279,-10.03000550349716,-44.87419029017912,1.5252205745396903
5616,-7.453480886797492,9.929578760011463,-13.672384424579098,1.477300049370233
411,-12.398930069411119,18.57070541381836,-41.86577099948833,6.440037251058945
4982,-13.209564245825934,17.1690398824247,-38.65600776939958,1.498604119063666
6176,-5.59070312963147,2.9823481585414466,-42.136195645169316,0.8565751634525364
7107,-8.162822705367464,18.434334499989276,-18.315549163732353,1.4967474455481737
326,-8.016067294510089,-7.611205633284434,-42.884008813098255,1.4866766635381052
4352,-11.375241092392224,8.150020185262575,-37.5455325978343,0.8000202811130116
2677,-10.272876470169257,-11.149144915884046,-42.018917611439534,1.5083529009415289
5152,-9.204356069908341,-13.60575954003607,-22.542992788063177,0.803120585637133
195,-15.140463029043936,18.545975160483668,-38.58393593989971,0.20521569807021253
1658,-9.109614662648701,-5.3557733004510855,-44.31751210601871,1.5075120416971446
5006,-13.225289979282845,11.752759094561828,-37.81686579001088,1.5190004906789254
4999,-14.697426629627339,14.511987748799635,-34.0643549952363,1.5140918453610965
4424,-12.672730840089876,7.349999904632568,-33.178444948312794,0.7999941393541237
1135,-13.152093634466874,17.94685393825973,-41.625100388768736,1.516721152510461
6438,-6.995644271719407,-14.752913046194863,-18.14853756827131,4.920353456341032
1472,-3.0027312079668533,3.8820377535918675,-41.66603314155048,1.5369042736764993
6666,-12.024494771595965,9.259207357223293,-22.54217467813355,1.5023624398432998
6866,-10.904897158190806,10.049966471920005,-38.55015268176579,0.8000192160920917
6941,-7.640940216553076,-10.255165346204231,-15.196476901795691,1.5122924534139253
1058,-4.901255273420103,4.196292089608255,-46.79041878454766,1.5734127946518914
6069,-2.873364616759558,-14.399465198964487,-15.999365818916443,1.4952085292850785
3629,-14.190595642226356,12.62696108713877,-22.989960600285677,1.4907111822374672
4727,-10.07871815455508,-10.20604510624164,-14.939443279990861,1.5032402974044454
1694,-2.302611827850342,-17.30555838668234,-39.275019067452035,3.2292088600839666
77,-13.337643360386028,15.269269742616636,-21.40370435362103,1.5053773932290158
3820,-8.883586394785278,-14.364042616407268,-38.76083170717539,1.492533850062375
5,-14.13488285280133,-8.304361522114963,-24.297499256685548,1.500047527056792
2599,-14.517459277088383,-13.210653035918046,-31.651858793145006,1.4944165068111188
4889,-14.116687477174098,-3.237720624560506,-15.176855903675236,1.5070848324200978
4745,-2.459000244857568,-13.8594848828401,-12.907358324310835,1.1003854346483133
4174,-2.4545289743083316,-12.452114346085848,-42.95141456346474,1.5051999174430093
5704,-11.902760168767156,8.205360829752678,-17.490388913950305,1.4989506253102367
4443,-11.180446211907375,7.349884225530894,-39.7542634714887,0.800168971016175
1093,-13.300551156204929,14.67002629129118,-40.880661426310034,1.4960467802576416
6460,-6.4967768651806415,0.7798269265824879,-42.882685866751984,0.8871663556969761
1064,-7.106755028847065,8.447195692305023,-46.02405301439854,1.4940290960914195
4810,-8.223563632083714,9.029871283180562,-12.208403302864024,1.4771826835719584
2518,-10.458252071675417,-17.294158300754198,-35.45336999511212,1.5077061642187222
5673,-14.284957969835766,2.97200401386863,-21.918981343738714,1.4972389284791718
5145,-6.5653082084882035,-13.463173179201057,-21.367200262726513,0.8677772161948246
2411,-9.114429142391982,-16.803633281765183,-38.041256399279106,1.5094899730397913
4001,-11.538646016187444,-10.543810384755353,-23.07929137716448,1.5025439901901447
5959,-14.147539645893708,-7.648582450380682,-24.206783714417433,1.495584070367193
4192,-2.2741844854555113,-16.136983036948045,-39.11671181883007,1.5087933512631666
7321,-6.283343879539541,-13.165558909499639,-18.704382601369034,1.4859903358836832
1449,-8.225118757337976,10.838686854119404,-43.66562280604646,1.5117749514698569
1416,-8.279439126617797,3.9570600177289963,-41.63909617796182,0.8273251789978214
1550,-8.146443403415036,17.242904126081235,-43.96848486851998,1.4978626161493107
4622,-13.854146524036675,0.8812275631005733,-35.57209767755744,1.5202007640256063
4788,-11.498886920093192,-5.9326488782942475,-15.628651340052146,1.4946465873919124
261,-10.204508597985733,-4.174497469696161,-41.50517829449251,1.5014562402060876
1577,-9.878744576564163,15.280675639647445,-42.52016557671322,1.5020913495377137
310,-5.685482225665799,6.768353444092504,-44.989606584213995,1.5038615328235312
1654,-6.827046665757317,-6.859334702417988,-45.34479962046,1.4924371810275685
7464,-13.7440503555827,-3.01372101236523,-26.52112096864422,1.498634091929463
1088,-10.204996435709733,12.764913090168221,-44.11542590752319,1.4885311323445831
6750,-10.429860759308495,8.18914724294686,-18.68194529270418,1.499652700933936
804,-14.206181662245159,-4.2801901024140445,-38.12109153668117,1.5101724136240688
6874,-14.01945743463348,8.605395822450738,-26.442773567284977,1.4945893854316594
1844,-2.302611827850342,-0.3554705488814886,-46.945246479818564,1.4091801204380372
4848,-13.388729219832074,5.080881676216171,-12.29862293399019,12.175759659381393
3617,-15.904733092504078,12.456889829897449,-27.106612472235035,1.486932549638139
5014,-13.96395928686017,17.716577270349042,-37.28234336605745,1.49753916015883
5068,-3.302612066268921,-15.776524558705663,-23.37926567381155,2.5000002384185795
4568,-8.23245902759746,-18.101013685176532,-28.190072864220756,1.4994412634874537
4261,-14.12642157846896,-3.126169054809622,-27.94542958343133,1.4986719837833624
1715,-11.364961538538106,-6.418113288850406,-42.18144419293364,1.5020689252848418
4758,-12.92553890105425,-1.3572193220818003,-17.08239305814471,1.5001977666843938
4660,-14.353775862193975,3.402618080620203,-34.14569776528191,1.5041490878998847
2394,-5.316151205875307,-19.31335904656553,-34.07912593237021,1.5074687907133693
1686,-2.3026407440710868,-16.34754996247394,-17.7161995721407,0.8269207702718548
4511,-7.5884562270524825,-13.270675271871339,-40.78339169998969,1.491709990214332
4130,-7.7170207525770405,-18.006634517374383,-24.3888514672388,1.4921656552220859
580,-14.72011291109164,4.635404108161456,-37.79262869008051,1.4936594336280338
2911,-14.42988262776353,15.332707138513198,-23.079184653344605,1.4928882098534242
6367,-13.159819141262133,-7.001737373319191,-21.677906820034117,1.4902175051455622
4877,-14.421462846617139,-1.479818214484649,-16.138189480801856,1.501129564534241
580,-14.555628671620752,2.8008458972870365,-38.06905970037104,1.504042353586786
1065,-6.419946171093577,4.075632690047183,-46.29658145269289,0.8504433169493104
160,-14.409244830016377,-6.895559891652217,-37.083653178798876,1.507417224310986
1700,-12.235677389871423,-7.085887581086364,-40.98409197488367,1.5098647868374049
4731,-11.489882322537461,-8.664074398732865,-13.485729169834471,3.4019641260734783
1434,-7.156860460773773,5.409683962058169,-43.95210582454453,0.8416074865976741
2386,-5.371960898083852,-20.259453695614575,-25.8995109990801,1.4947311148457845
7178,-2.4109459367341772,14.049212251790957,-12.872330163684692,0.5511696398132554
335,-11.9645659621317,-1.0725834136546508,-39.46265255429991,1.4930074239883528
4198,-2.5352125304706927,-18.80861940403218,-23.624264388842917,1.4956154393786338
4602,-13.207189808619907,-5.90850006668747,-36.28097147697757,1.4873984556770548
1097,-5.016987577609844,-5.43119408126854,-46.189388799943885,1.4991361984077198
6513,-2.148926142606606,1.285504585927872,-44.51962111450432,1.5359365763900958
7112,-6.3953430310811346,17.729328627920694,-17.438206984187044,1.491192960111815
4466,-4.53119507877427,-18.87835356217036,-26.633598808325885,1.5137116477150128
2387,-6.246029745948467,-20.130608497949332,-26.086366780820825,1.4838366975480997
1058,-4.081980706890445,3.719935868910748,-47.015682350776444,1.2187505389623805
439,-16.51860046660724,18.57070541381836,-31.32954398127586,4.50419425538334
1680,-2.302612066268921,-18.270537247840085,-19.50966074026796,1.86035026796531
6346,-9.83692564311087,11.63530504137427,-17.25358871160238,1.5003158608774352
5554,-11.252179233645343,-5.8633074432561285,-13.738678826754171,1.4771150896096499
1441,-8.895364364006486,6.5406096543778585,-43.149124388450915,1.5001069619816685
1497,-8.035468083142023,-0.2910520150741708,-42.94444166529356,0.8056908910880424
4615,-14.64339646619942,2.13921519026188,-32.12662900531002,1.4928206085109987
2993,-15.490490835332038,-3.656152043601457,-27.32899743319186,1.4992757304543982
1061,-5.793451371914982,16.399109164857922,-46.70551896952291,1.5165904218318107
5198,-1.1026122570037842,-14.333802909655539,-41.873805917839505,6.77086854592113
4987,-13.926020345417815,13.169103351832465,-25.769720437840085,1.4927452078014996
2598,-14.614572284051885,-12.206573032478323,-33.056896467052695,1.5035592388855343
1571,-4.481293895998704,14.016657429585305,-45.470900057692674,1.5108120425679632
5103,-6.767447689960612,-15.491875094222749,-19.45101119995855,1.1717709137657542
4474,-4.494134643004193,-17.96200470191303,-33.65818338416144,1.5177885415934704
4636,-14.699954945441325,4.203872830894053,-32.10599690130471,1.4945904837460273
1111,-12.515509074369875,4.537568465774181,-41.532126443016246,1.4947723774650767
4103,-12.444122754578052,-8.840215442780984,-37.215101052575974,1.500606887887215
1157,-12.412643878650618,2.853509871064147,-41.63689500169042,1.5063982740443709
2631,-13.076922618569519,-10.218586617908425,-38.784790444783084,1.4970038174395384
1861,-2.302611827850342,-19.409590043807476,-33.593199555392815,3.1318224762339884
1101,-7.918564337740388,-4.772028568563412,-45.118235086353515,1.506745979736967
4995,-15.02418394202884,14.216224270317714,-31.39939499790507,1.4973501859358664
1842,-2.302611827850342,-20.02088695116815,-23.01765427423679,2.1481384835243977
4208,-2.7437589154912843,-18.745404889602703,-30.17171787124299,1.5110153673722866
7222,-1.1026122570037842,12.170575628088248,-13.397049802713802,6.3345151467283
1059,-5.256288093876777,7.20874530933728,-46.721338220557314,1.4826248011586818
5283,-2.6023554145966394,-12.655725860727687,-22.101555563364744,1.7925867195713066
6934,-9.863219014784463,-8.275970642174299,-16.29748354346694,1.501937088601746
6767,-9.885957362191954,8.893556200436946,-18.16715508239235,1.5087725512957018
955,-14.314722876609505,18.277705148267785,-40.02916953484943,1.50371313302296
5146,-11.723215973318913,-14.236696106088758,-23.37987627988072,1.258015988295686
7152,-12.758879486680398,16.371214471035593,-23.081698579247732,1.5012922586244721
1721,-13.453993827379016,-1.789565116006543,-39.83177047066855,1.4933003939449256
4871,-14.49965280157185,-0.12138691184511194,-17.33583196100075,1.505519952909619
5521,-7.4571431768930605,-9.710873113312003,-13.672228852928756,1.4771291584380606
2654,-12.76102073438199,-14.673962211795413,-35.923643075559454,1.4925521945020634
1454,-10.246667355350905,4.438895343969408,-41.900176533241975,1.5008655000044986
1606,-9.68800105718463,-1.2689824636552425,-42.243107036830885,1.492931753100765
354,-13.365954419745192,11.49081978912907,-21.766936152752937,1.5126824559878769
1081,-11.67621848574697,9.998435378872736,-42.66491433122244,1.5027741009263578
4874,-14.21912604953611,-2.7855882072374225,-17.696431071099482,1.514463657776998
2912,-14.655639341320832,16.08306296220797,-23.339882996782983,1.5028170772792855
1418,-10.197893242493853,2.8873144319009945,-41.24162013871463,0.7858565581001188
1912,-2.495923148548814,-19.82813686754084,-21.74688994626745,6.514516001892545
2726,-4.592956013396415,-18.806996960780012,-20.35576928967085,1.4597893727215876
4851,-10.00112679348915,5.61182610841474,-12.239550811339464,1.4770654558526262
3522,-16.25302752430694,4.534429539044485,-31.143856731645457,1.5017785321227368
1662,-11.547210344740229,-5.401970100149957,-42.1220377613096,1.4967454753005995
186,-15.318944632130487,18.24915452106939,-24.09891583346662,1.5065627466572362
2687,-9.722610652693552,-12.253390748523465,-41.97136422921894,1.4990013421642663
4286,-13.581399269361434,-9.032119845470872,-33.65440879462853,1.5127864716347346
1089,-10.718138727533528,12.966862502392882,-43.684679390832784,1.5109283790064083
1804,-0.8026118278503418,3.190472728719041,-45.74864376351184,2.500000238418579
4381,-12.663525023132905,9.878758768322559,-38.744482470839806,1.510004839594343
4264,-14.320474962286408,-3.2686055338350735,-29.023732384633078,1.5023527936497765
5361,-1.1026122570037842,-18.76535968181554,-32.7424593275466,7.994120398556747
2629,-12.754271216852981,-9.467782844404985,-39.637832661925096,1.5024553135102494
1851,-1.1026118197066017,14.245027782044138,-46.007855101939214,6.203825892230514
6181,-7.056979997807151,3.0777292548885757,-42.144505259077455,0.8359112598782062
4852,-12.381366955780749,7.083651409588774,-12.28111891882952,10.24553891347595
2391,-6.586400116723286,-19.846966164687256,-30.161601645044666,1.4943169238212688
5047,-1.90717034942115,-16.739527938932465,-21.35805231861017,1.7908160234854091
1444,-9.512633608827857,5.722202588726392,-42.6216152009214,1.504228489752695
4962,-6.115263016140078,-17.02017816733815,-20.00998523175045,0.7636842132455509
4399,-12.951081698384973,7.349999904632568,-35.03486657979846,0.800010464994483
5735,-13.736046165466156,-4.6625625625187155,-20.780391616636948,1.501330986948105
377,-12.713131985362086,17.154123292507986,-20.368666695792097,1.5121601216298313
592,-14.315700730825178,11.93242460103201,-38.993831279934874,1.4896232479507343
968,-3.5032810998149664,14.646711941293185,-47.26997518839579,1.4957332049976222
4577,-12.619681101867517,-5.9127795171211535,-37.640279097991126,1.5112639636423442
1085,-8.095506469678227,16.875112022997364,-45.68250250898572,1.4851302664518489
5426,-10.878940036331972,-1.5964504352599405,-13.324378768239583,3.489232936871381
4996,-14.872801878810542,11.61989575379451,-32.11736943487825,1.4933291305375533
5103,-4.499577868134761,-15.575915386343329,-19.47963899503459,2.1021115581618695
553,-15.483953311699798,8.508265991269294,-36.06461486228693,1.522978104121893
407,-9.218075754324124,15.540765312161763,-17.38929373117912,1.5000404459826269
4052,-7.285090540885463,-12.808872946102047,-20.50276877150599,0.8354271369196132
4623,-13.729798924568996,1.3772882086424172,-35.995663844278184,1.5142506024247873
5123,-5.812845735740698,-17.16467835884019,-22.998515396946523,0.8825788579305132
4609,-14.279554217420252,-2.209766931592645,-28.478719387845143,1.4929768004455333
1728,-9.829727700245522,-9.004163639312479,-43.080636992784704,1.5103130666752294
969,-2.8849255586793885,5.742316559202409,-47.23421749995456,1.4672416588649784
4748,-12.896218147294835,-1.5597140211484837,-17.380048747188027,1.5033323999917672
5317,-3.253521707015841,-17.23326839184732,-24.026166378595306,1.7504555670291375
6746,-6.140203757095366,11.343243946356125,-14.294224617166599,1.4927481283265098
256,-9.37712848818228,-7.816495045394983,-41.76211756896883,1.4995942627104728
4214,-2.469079926847958,-17.61511850062803,-35.61776919860182,1.5132069552011118
305,-2.58926523843817,9.172102146759457,-45.82537485332054,1.4933212006024776
252,-7.866451734672471,-7.875965707633784,-42.91246168227482,1.4910092192988482
1874,-16.261332747934507,5.551788465681511,-31.75674212682936,1.5182477322699037
2632,-12.543698030673779,-9.01696169523499,-40.09403796737142,1.5003216473327154
2970,-15.06038710116928,-7.5606953892641044,-26.70640542562547,1.492344466992903
2936,-15.169350846239867,-9.676618610460439,-32.90581728491962,1.5102301189214944
1450,-3.498279233795195,5.343177961942428,-45.629395633687004,1.493213918888269
5311,-1.0353130458470075,-17.925829827811594,-23.394567471563967,1.7820806938411817
2951,-16.153562570364613,0.8471285552671537,-31.230122344342128,1.5108831701927987
76,-12.035636747951097,16.235120968000235,-19.735850501217254,1.4967526549162524
4057,-2.7323363335018485,-13.282362745169419,-19.76154090048256,1.7610194055910429
3765,-12.278677714194963,-10.691518013614237,-36.70091151100471,1.500564375912611
890,-15.411353779997254,-3.1243726331693145,-34.93596888091915,1.4907013335117472
455,-13.0864317372749,18.57070541381836,-23.04335434401385,17.266292014167107
591,-14.517649444452468,9.552781811346517,-38.44627379537148,1.5265806143257485
5305,-8.122679786864138,-14.055790809428833,-24.167032628707844,0.8521862050624747
1078,-9.399942756599478,7.786747702200668,-44.65556760076755,1.500969143548099
2637,-13.988801571142067,-14.578232683560799,-31.8309964760763,1.4934394142050258
6534,-10.121639743521072,-11.140734185720612,-18.678243066202995,1.4874840209935625
4515,-3.895232285174266,-13.460267353604273,-42.01758785651363,1.514152912343303
4643,-14.265667192517016,7.116428702465364,-27.3061369198769,1.501277557067124
300,-11.15600953851645,14.52016151412586,-41.17077247603654,1.5044612049219783
3915,-7.568895752477628,-16.705152741438695,-35.83571071624418,1.5061122067740629
6627,-9.16938270804933,13.043307960876408,-19.30047838239761,1.4935788980562483
5328,-5.656357459337709,-15.074928295291418,-24.494523784647406,0.8119923432053916
2919,-16.692181455278217,17.412168590182766,-32.90761695721951,1.5106810994932574
2706,-13.739331657104275,-14.099663729047894,-25.85372456873833,1.5042970421712758
7120,-2.6504017203697847,17.876430063410766,-16.385136639325502,1.4917684073822286
5806,-14.14402502626894,-5.277252606806367,-23.575615323379836,1.4983486568263027
4116,-11.11631730814502,-15.536916154022782,-24.999045386946094,1.503886865267913
3970,-9.997184486087589,-17.288779908411936,-29.417325688520318,1.502717692015716
3151,-16.19943559847859,7.11627478214683,-32.791664222683295,1.5127079980485882
994,-8.684564411700634,12.09449807949755,-45.180682342984355,1.4805146064372987
1480,-2.532371175639191,1.488597259037891,-41.523556528529255,1.692750871588975
1733,-12.97709844488805,2.1643403413621205,-40.823588596242644,1.496120223544993
4538,-12.768575561880832,-13.784150387549074,-28.529867632185507,1.5053466457245834
2776,-14.887761352994291,-10.591175800057668,-33.59922308647163,1.495624043323505
1754,-8.91626301095026,-10.089948151830413,-43.4709490750856,1.501191508625753
1751,-7.009939776577486,-10.801182916676948,-44.268505436772145,1.5105318588462502
6898,-10.700000597866623,10.705454280097044,-38.292198930495196,3.944314965105446
1902,-7.648355923768424,-15.64474795725997,-18.897010796523233,0.7065975900882625
4466,-4.54697520439923,-18.864310324236474,-26.082743431103495,1.5097619714800707
5318,-2.3155832924728266,-17.776475691093253,-23.643177478838883,1.8312563022989712
4064,-3.547951229679853,-14.364591308335637,-18.892129680729575,0.9110420689176675
5371,-1.1079950241649659,-18.04422662882577,-34.312900302086206,0.5503442658790592
2357,-14.66656097880083,-12.72867150626762,-28.710779729488994,1.4925857923297867
5291,-1.4785750453041804,-12.681579807330642,-42.86978091400823,0.5778610653291896
2651,-12.322303026508706,-13.417524140010046,-38.13394473415316,1.5037345736857357
1078,-9.970914198566366,9.453792670646221,-44.231069672206495,1.4921333260338807
5432,-10.948080402614659,1.0147484096555694,-13.307496106840437,3.5058814153009257
4945,-14.20853126242087,15.140238470607907,-35.94333576057038,1.5053138633278944
4880,-14.482220244415466,-0.6740829146433891,-16.2777583634447,1.5119410486819764
7422,-9.63788356826434,14.005578936360509,-19.688188636457834,1.4960855500755805
4220,-2.9383099561673482,-18.84894551929107,-29.34153998030376,1.4978677518787749
4358,-13.986506862065873,8.149973070438607,-32.64636184590434,0.7999731659231215
2353,-5.293497594646494,-13.863271541699794,-43.281871704466965,1.4811631027164758
6911,-13.767654172826967,10.049988302559187,-32.3193855418729,0.7999793651841556
4479,-4.260475608236466,-16.358921748012722,-38.28593245964659,1.5074096511789445
628,-16.172757377079357,7.059615678366526,-29.035541556001277,1.5120877152802374
2830,-14.520857615783873,-8.699137315918826,-25.346819597646984,1.5049512381161871
4906,-10.130907788088596,10.149449143385839,-14.21412049949906,1.5007117575528106
1099,-5.819275526008759,-5.01088929066354,-46.02133146445098,1.510806500115748
1457,-3.8300650267552103,-11.233954252573605,-43.38218073991887,1.5086310939650176
7343,-10.164280779502146,-7.942671061773896,-17.461865142498304,1.495664395548286
3611,-16.10897343157984,16.712743038390293,-26.712749326278804,1.5009568999712262
2948,-15.793955093196644,-0.2927192359781938,-34.01532215893057,1.5204145558205864
287,-8.332603393530022,-4.254510908993465,-43.137197104663414,1.5075385052756503
121,-14.417323808276215,-6.0297596419614745,-37.293971190831385,1.5080556293921912
2419,-8.943150491274748,-18.822365448854878,-32.75143758957016,1.5108852858080315
2781,-14.040247646011665,-9.910507124348108,-36.85912086678549,1.4926662259914925
5025,-15.403598554446539,18.429437713276783,-30.799757950709363,1.509172169123456
6777,-12.945596329257988,2.944640572844696,-23.071928952661594,1.5045453600519885
5070,-1.7949717076766574,-16.177673973199724,-22.66616912886612,1.7759312899517552
7399,-5.244621913955408,-13.231611163906106,-18.130946292118026,1.5120552446603566
4450,-14.6034769344704,7.349999904632568,-33.11731094201765,0.7999878106664574
4991,-12.975485033618023,13.868977211367724,-23.765511630054498,1.511274143528642
971,-2.4643474364156046,0.8089819596323873,-47.195541240919056,5.292332896255638
2700,-4.492445553762718,-20.037221297753295,-23.105835330196427,1.5140334623874057
309,-5.899095420399924,15.194678578683884,-44.9945124374339,1.514046739660666
1064,-7.081051724383382,9.090533112219575,-46.037700137413864,1.490902248581236
2518,-9.974966635311214,-17.314701835552746,-36.07329572667143,1.5035806789636748
5892,-14.936665223797242,-4.6790687218425635,-25.642784787076874,1.4978814498357855
184,-15.708007329303257,18.008807627138488,-25.15589523201621,1.479568262663043
4628,-12.668582278975867,2.013278354381701,-38.431256238144954,1.5098954189730733
4811,-8.904795062134978,10.5717505680274,-12.220215247447673,5.606262726591085
3147,-15.85868233164613,14.714424371141229,-26.489492351867753,1.5045724848605075
5449,-8.639015868409418,6.808518090520792,-13.111208168544932,3.3883993216481563
441,-16.64791117367067,18.57070541381836,-32.27814898488816,2.149014352512528
2438,-7.596883858226372,-19.046870102457248,-22.406652048639653,2.5370048495079947
7477,-10.069736962370161,-11.735811996281333,-21.434190376942563,1.5030743289647681
591,-14.313075610615407,10.086003460980416,-38.90477720226692,3.8139629768213767
4623,-13.627419448179056,-0.3568809998254293,-36.106066277981064,1.5122307755730393
1710,-7.486978247217101,-8.426046132353093,-44.74111272766031,1.4931810519434847
970,-3.9468942771474484,8.306921711663573,-47.099708856702065,1.5165301236289195
3636,-14.622803806460938,-3.1726017739298333,-37.343247089964116,1.5094401716527555
5360,-1.1026122570037842,-19.003883781774064,-32.37706053253025,7.483464435249946
1780,-1.459201818305111,18.019805409797847,-46.61207314030648,0.5723984494038833
674,-16.088365186928367,14.191558923031147,-34.63368834694484,1.497112940834969
1568,-2.7133117156963613,12.158179567976354,-45.847104605874634,1.4985777476927167
7310,-10.706649043864925,-9.195618184448206,-21.365315043433757,1.4978316415390005
195,-15.233943593441005,18.229720358221684,-38.29620782439313,1.4930001611739652
308,-5.589604131848864,14.73972446203983,-45.102037737476536,1.5280245450180405
2045,-7.269179086786483,-17.847768424709955,-37.362938982794915,1.4957670467644733
4429,-10.700000762939453,7.424830875917574,-40.70083212130356,2.472545787082296
1672,-2.302611827850342,-6.704424237615772,-45.65609023534765,3.7947523522512485
4826,-3.4986625976367627,-13.081014975875155,-12.126030433079206,4.8906636946867845
7327,-2.607019839283387,-14.262512890436648,-18.02577334694038,1.4903671748230418
4065,-1.4525193781631556,-13.779595066073478,-19.202686331367893,1.8324523139217441
4770,-0.8026118278503418,-17.967108701091817,-20.983998543582363,7.202593351617672
5219,-1.1732384065514931,-19.263527009281947,-31.054938524126374,0.5592706123188295
4946,-14.111729205826881,16.24499796701234,-36.49755710695443,1.480837166109982
1728,-9.581978688144755,-9.01470468291862,-43.27089547295158,1.5121744526104368
6701,-5.126342667261704,-12.148917756602849,-16.63848009493058,1.4918109342662824
3764,-12.329383697684044,-11.105280576308306,-36.3239969814897,1.4954482672877913
3779,-12.274095987950096,-14.172126165977385,-32.95398682153272,1.494656841816807
2849,-15.25518903143372,-8.746912013002751,-28.120867663607175,1.509541428928379
2950,-16.08336241789865,0.3667596453125137,-32.016438570408354,1.5006437075887966
971,-2.3586484960153165,1.8384506634379592,-47.256055524363454,0.3368139794627857
7146,-8.539022703524086,15.051020768454642,-18.767195272043267,1.4963037219058146
3812,-11.797851866275193,-13.296589902402303,-35.65845237639104,1.496376101994786
298,-10.289418008905951,14.637144319639088,-42.10584532933365,1.5004173317834826
5831,-13.857045238648379,-4.553699182240524,-21.620165226795518,1.4973113513143468
6775,-13.163735497861943,1.1772558719072228,-23.47279626804947,1.4977692125145858
602,-15.680296052259827,13.506802723068802,-36.00081786118891,1.5004565273836645
849,-16.109976761001647,2.536318164560691,-32.673898225605036,1.5071825863205288
2453,-7.99467898821163,-17.054518687075355,-38.473326395719724,1.4834319296567273
308,-5.197892521542714,13.546419300814515,-45.23881858281142,1.5249378387043053
1891,-7.185285240844364,-19.95324261031162,-26.32725943383182,1.4944757786805498
1551,-9.488548431611484,18.30121973895544,-43.13333374366929,1.502853787850547
1721,-13.35119142454824,-2.1835847011992886,-39.96908038218041,1.4995766829030492
4289,-13.76631406350301,-9.687052632993751,-31.789390048643867,1.501782638928815
5012,-14.736035169181447,14.165837441636997,-28.23648790147524,1.4930512634024555
1648,-2.302612066268921,-12.292588614828752,-12.595116084089595,4.888811124519236
6901,-11.888580012762997,10.05000062955445,-27.332393834515113,0.8000002232269461
5323,-5.255191819659273,-16.702722549977246,-24.367500123216267,0.9197272368481839
4872,-14.486731414809626,0.513900816162277,-20.719345906737107,1.4960664762433085
6386,-14.68251914406573,3.1570533206437585,-23.942256495441423,1.5026910748289468
181,-14.593307554458159,18.518055660024935,-22.665161181872257,0.40105341562110397
5346,-1.7430834541712321,-6.5240402969479305,-45.03602203776947,0.5646863001360242
4368,-14.046102527999079,9.198757472378901,-26.48209737270947,1.497755724019365
3916,-7.192428750053201,-16.635651795889572,-36.32939594030652,1.5001002390774432
4168,-2.0781468146499824,-14.492665505931816,-41.35218482311882,0.6104497034077083
3891,-6.903180526013223,-18.50997085447622,-27.168841770889177,1.4990513657292708
6617,-6.401891928428027,12.913344519812934,-16.720863636378343,1.5013270687516465
7294,-11.46811060294527,-6.309900865532788,-20.338780587255442,1.4923779992466488
3623,-15.17433404665556,9.15775808693504,-25.218765132217747,1.5116085717074987
937,-5.155581020820108,-4.15280001133741,-44.73546527027535,1.512589082320066
2683,-11.688276473026916,-10.676914396894318,-40.6885182784575,1.502927736157812
410,-12.16814151785059,18.57070541381836,-40.93537323334527,26.33413492608016
7151,-11.002892072958971,14.879765883524922,-20.98215278607731,1.5066994136846432
5385,-1.7216393500324259,-18.6057394294091,-22.655360550068586,0.5608693092859168
326,-6.999959190832578,-7.916807602336545,-43.379013119774584,1.4994422199380073
547,-2.351635127796381,-3.661176672148083,-45.38131968208183,1.500348805614173
4640,-14.726698728169652,6.4350834443860085,-29.695908075076147,1.500019433265022
3106,-16.4083495950212,11.803149480119338,-31.486882833016107,1.4942989292049826
5869,-14.624828921472645,6.256847132329126,-24.10566842644001,1.5007876181426587
298,-10.118641522248282,14.974518994448635,-42.280543316262474,1.5008465630665533
5123,-8.231625666945341,-17.463672113445107,-22.7026378707191,2.462620582777911
7104,-9.395502495930202,18.014224617070838,-19.18980723465087,1.4901585007993752
5963,-13.290372253440129,-9.588753383441741,-22.865317049290738,1.499181290992486
5747,-14.278052878121988,-3.0509087358918583,-22.378923661980867,1.4981765751330938
3834,-8.934959227185647,-12.690298629012096,-40.20965111740343,1.4949342058261836
6911,-14.436029114868516,10.049982051947026,-32.137893613830414,0.7999698909463211
1846,-2.302611827850342,3.7900021428383983,-47.0901273581388,1.3710304749652398
2934,-15.45393366473274,-7.945114375056664,-32.58853519977456,1.5057535681784455
4892,-12.797732861498542,-6.6056677230838154,-13.32065291485269,3.436756844442183
4298,-13.175339081087964,-11.009935484981163,-27.084715094087912,1.503585789955847
4829,-2.4695450844983236,10.843410631444273,-12.108143498626118,1.4770516577766313
6480,-4.138077715207257,0.9716740682912899,-45.703904646339915,1.9053477871647146
3044,-15.072263719272614,-10.772114688785923,-28.770066532830718,1.5127757788803848
1108,-3.810904699164256,-11.174292977572959,-45.06007014101635,1.481658464896904
6996,-13.041728016490323,-6.587236752117327,-25.249847554611044,1.504074969173729
1911,-4.212976043266529,-19.984565321827596,-22.733541923660276,1.5179855811320102
403,-10.262199758195527,17.29546945305562,-18.036372202307085,1.4959250355126743
2389,-5.306119527497394,-20.20371942586866,-28.681230891528152,1.5053356456667066
297,-9.602078979273898,13.748970389301396,-42.69454415786054,1.5107847165211725
6977,-12.94794620709402,1.1611190759921708,-20.926340234892557,1.4986009325118128
920,-15.088951553740776,1.7586190203724164,-36.71995440997326,1.505728608330763
1058,-4.222851807749118,10.348199353167622,-47.052086425297695,1.511485721777164
5145,-5.390526619490476,-13.489386734885546,-21.367996051145056,0.8938022058061961
2594,-14.167203167852929,-11.88900312643886,-35.204164024149804,1.4963172158912055
4063,-2.0719001940136663,-14.196832497114643,-19.0013135330621,1.786389442601656
1871,-2.302611827850342,16.88967084629196,-46.825564161500424,3.138623354116833
4322,-14.254863656385366,-5.438307641932604,-31.940560023889333,1.5046436668462204
6457,-11.158697485081104,0.748869058321333,-42.73359780113004,3.256447915064094
2460,-11.512767697035477,-17.855438296084202,-25.78224739796824,1.4936011338679587
6901,-11.945240869470418,10.050000423522166,-27.510499123859788,0.8000003595435303
4172,-2.7677150167482765,-13.659271814100357,-42.0471408955933,1.5010800804038866
4873,-14.461515182964343,0.9970470040235373,-15.631122866351436,1.5025274724389506
4468,-5.443986038332649,-18.64588150615191,-28.978128948143553,1.4962746858616758
554,-14.989348784032023,9.166432541296746,-37.39160154872075,1.5012464152250393
6483,-6.920195531025064,4.446061434987041,-44.904248782910315,4.2092219295112345
6334,-9.060818666578992,4.4183219869759185,-43.28065728999684,0.8597532729254291
2584,-10.348850875178574,-10.935872190866569,-42.041363122121865,1.5044339985660404
5037,-13.571647508773298,18.491345090607275,-23.95979590230057,1.5073814477954741
4761,-11.107148288034335,6.60272840952191,-13.905092832519767,1.4789663181096606
4978,-13.09939879517384,15.851204495277365,-23.684995959736575,1.500254936703898
5588,-8.922318312075326,-6.414104349510535,-13.199644187120978,3.413289503548646
6350,-7.1909269099973505,13.803545738663514,-15.781817664339151,1.4987578028815873
6482,-7.84165966503628,4.356444657317371,-45.195409633401646,0.9851450610046383
2602,-13.60761508859312,-12.410110278686435,-36.35524433977381,1.5044520903291574
3838,-9.790652377323957,-16.523689344083664,-33.64231520068469,1.5014316659295257
7152,-12.18945156588299,16.181854143411513,-22.270720453338956,1.4947663367257489
1098,-5.250251219147353,-4.404054588817123,-46.24994388465917,1.4883768811236076
5156,-8.45373970060552,-15.398119891847047,-23.771320255057034,0.7800514573941608
6799,-8.593904767749208,9.693664952714904,-15.815891115588911,1.4958387566656983
1131,-11.055132151045784,16.571585383167378,-43.63161600228305,1.4976995447671304
6894,-11.83132141602519,10.292633691272478,-35.11237415546729,3.821371752182135
981,-6.32820198977035,-11.635390078196256,-44.20590878159372,1.5142902378461434
4852,-11.86924721165147,6.7322447119374385,-12.272174276831791,8.791296667812734
297,-9.814494825257032,12.774635223399967,-42.450151777827244,1.5115662374040342
5598,-4.069580092251316,-10.218824724098495,-13.067662418960728,3.1758055605916335
1415,-7.608388542267635,3.4700990082751133,-41.39977928689872,0.8309346053632939
4893,-14.396187318491894,1.7212300457494767,-13.233471519772634,3.5000891948929014
1054,-10.325831474291471,16.583254039273047,-44.23973183899248,1.4944360250082003
4428,-10.700000762939453,8.047467383533792,-38.22668938255513,3.893870343441933
593,-14.729446401535146,14.300164372654823,-38.468801658929884,1.5172980525451265
7405,-8.987352421442171,-10.938253876396812,-19.76464404983188,1.4966158974068788
3757,-12.985367264641415,-12.830633223515013,-32.32425719362401,1.4951080946715347
261,-9.945361683590182,-4.583282029161095,-41.718201751629046,1.4997887549063713
4397,-12.64585916136615,8.15000057220459,-27.85021203521224,0.8000006675720217
7437,-13.03668912423311,10.849998032191316,-27.828341033292038,0.7999992449157017
7098,-11.886622855092272,18.48956469115004,-21.5118158691551,1.512258846731257
3605,-15.270804256804741,-9.840766245545465,-31.825913065860295,1.5093439560126387
338,-10.933472050121216,0.5108313286977872,-40.968447474637,1.5046103361304612
3152,-16.253265328459907,7.437454461121757,-32.26796864243598,3.8040750087480517
6831,-11.501908134185882,10.138234587685517,-26.379772049182442,3.864349404808226
2430,-7.944936482241053,-19.168100438325183,-32.51926402725664,1.5100412909747731
6387,-14.587204099646117,3.2991369604903635,-23.606396356000978,1.5069389652671807
1643,-2.302612066268921,-13.317197659113997,-13.297776515952478,2.4902805225895213
6346,-9.866148848283814,11.805197288790414,-17.421223893552014,1.4892176722274162
2417,-9.165020852964679,-18.593535749313475,-33.320051893406706,1.4991928509206591
1562,-6.91141993187807,-10.398166946760625,-42.72773981221991,1.4985388457831204
5793,-7.431676148882331,14.407420217561699,-16.239590890872293,1.5128316374394486
2343,-9.86579285670596,-15.144736370704155,-39.58915336524715,1.4926751737548107
1113,-8.750923158942031,-0.5023227493626472,-44.96788678312983,2.1235777890249774
6003,-10.094035992008024,10.886010559245836,-16.978540335466516,1.502091960995157
4442,-13.172718418670327,7.349999904632568,-36.358554038405416,0.8000374527814524
5323,-3.351331398373177,-16.552064495783565,-24.398359358574755,0.9160312715027485
4408,-11.302548402000378,7.493161005115609,-19.491912728070936,1.3314905358998903
6480,-4.35331111196001,0.7239328323472267,-45.38815835320001,2.2931648393702013
3150,-15.345022396927643,13.467279791274665,-25.280339996418416,1.4853797898834737
4492,-10.098010560630255,-17.284077556021305,-28.38461544400913,1.5010458875576318
3059,-16.279965189335822,8.852748677958202,-32.36227201845737,1.5040635242595664
4659,-14.5400817474139,6.077897778153278,-33.534864726442244,1.508186971579589
6048,-10.701147787036614,9.580873157171844,-15.575023200186989,1.5047526050966613
1135,-13.603382180340159,18.079544506769565,-41.04298334802166,1.5024099850536967
4490,-10.909361983989669,-16.72808309293507,-28.18326834232341,1.491270798047963
2372,-11.09882328888385,-18.44668070683874,-27.902159378463516,1.488671420664043
4732,-8.340255798779207,-11.587373914044704,-12.278844043233113,3.2889333174667446
79,-11.783706233260126,13.055561834044685,-19.718768844923236,1.4964615756709891
2563,-6.266453115423281,-18.974996907316388,-21.314772760558462,1.5662951462006374
5279,-4.114488017317112,-13.001396574914288,-23.03805368499919,0.864995346614045
5006,-13.213879078770148,11.267859992863608,-37.78592564024082,1.521763170687743
3885,-6.469711639479878,-18.132363845135792,-23.37761876601233,1.4917493705340867
1064,-6.159621960572257,10.434542170173914,-46.43944325190101,1.5108020928156058
994,-7.708874738487193,14.046825344393511,-45.79369356629847,1.508442979140545
7226,-1.8723710287993265,18.346059452553558,-16.280847063095884,0.5852645897922263
1146,-11.331318674466877,4.897241329192931,-42.94438614446454,1.5012682331988885
1845,-2.302611827850342,3.8854424143146975,-46.58975716818935,3.2984795133323526
1548,-11.584862048672068,4.17506102958976,-40.27284953362964,1.5035501882542162
1064,-6.820299046997775,10.829291568665191,-46.156860267388026,1.48967903319819
2741,-8.68364644037208,-18.314643993210804,-22.01452327896188,0.9241740170978148
4378,-13.647220569056307,9.821341249169333,-36.74932438608701,1.5018284131219528
4476,-5.130577958377322,-17.164917090525037,-36.102396468458,1.5053212853463143
3179,-16.27802914035171,8.135074665279053,-32.13924114052644,1.5043424321421
4704,-12.5331416080253,3.370756461176142,-14.725390133675157,1.4913986860014703
1551,-9.062221108113409,17.88020173937375,-43.40113592460533,1.5128857228491084
7440,-13.880092402867644,10.850273660502546,-34.66065064474638,0.8002698381993715
643,-16.115332047701443,17.207027482896553,-35.55374378461499,1.4892487723807935
4638,-14.772636974846783,6.244697059061509,-30.607835586868433,1.5186613605278887
5610,-8.589966389337452,7.178817507954469,-13.692272081560041,1.477091249233944
6417,-14.93355249173522,4.043511260800507,-24.801537777169905,1.5044382837770467
6745,-13.322931086763305,0.7609658865207283,-24.29520143581866,1.500351863605578
4526,-5.383559708115889,-14.073060224107078,-41.105536980969106,1.4993872734705038
5851,-9.28192512387529,-12.518745375313518,-18.63872727549198,1.4899943722447346
7440,-12.288511306470285,10.85005248294824,-34.76322066234714,0.8000523783412781
5456,-11.419226567517025,-6.475243665425229,-12.264272908381797,7.437295498016587
251,-6.722209522194026,-9.377198398810524,-43.14919394651851,1.5036513533563047
2023,-10.454498385997715,-15.16024333367141,-38.98416879014776,1.498321714160027
4916,-13.29992185841415,5.638066688389396,-13.434669990386315,3.4601420090814203
4717,-12.994233922446035,-0.2879658364600132,-20.35707810522763,1.5011631166232657
1624,-12.392455481863202,2.776262879309571,-38.98188248944376,1.4937216541539489
1648,-2.302612066268921,-11.243630378351504,-12.109341702994826,0.23609206614371978
6183,-5.493752538134451,4.30882361462238,-43.217151153410036,0.8726964581544105
4905,-9.54467003885583,10.683534132288077,-13.421863218358146,3.3347534132014482
3918,-6.745339357861751,-16.047302087569683,-37.88588317212915,1.4900961896035785
1157,-12.608721013112117,1.8849664237568637,-41.33898122781822,1.4962926714896976
59,-16.19990452461174,11.934874532734435,-33.57745627370925,1.490666511835858
968,-3.686194683548431,16.626590784156623,-47.270525665513965,1.4993224512111334
4409,-11.302611351013184,8.486672514974869,-20.765390107388182,1.5203686989128957
4993,-15.000241486633568,13.532895396668088,-30.939938874995608,1.4896403714590114
5504,-1.7430932310551526,-13.485215025059262,-15.998362810361566,0.5770551546100807
5558,-9.602571675134186,-6.621413461915344,-13.709918371493847,1.4770592260378668
1448,-8.177633448083302,5.968041322069712,-43.671556875020606,1.5011578512198218
448,-15.348076750101812,18.57070541381836,-37.55204641016442,1.8605685326422032
4981,-14.21279196820572,16.318532437443718,-25.927068076546554,1.4675992085765528
7399,-5.824045731194183,-12.476108974716245,-17.742681970286476,1.4885014064049693
6175,-8.757617155990179,2.917203622741601,-42.06295434449411,0.8044368826093987
2495,-8.262822576847496,-14.249949741125857,-41.70700265673951,1.4988099365218261
814,-14.238879276633869,-1.6101383603039068,-38.37791620419139,1.4978742579565707
4469,-5.493339163078412,-18.583544105931207,-29.404796249199183,1.494577994089102
4677,-12.43581749748801,-4.222388010405308,-38.30601250172609,1.5034953637330293
4703,-12.490576634091877,3.5364862538012556,-19.167795261646518,1.4859885947598093
1136,-7.7854610157999575,18.428958821100462,-45.93347259843354,1.4990648899811387
1598,-7.518339794221636,-1.1815514328293757,-43.9228289872114,1.4855102668430715
3861,-10.853146248949297,-13.116681726573468,-37.636509526578195,1.5039623971831053
6689,-10.265140456987272,-8.373313968501533,-19.5449442032604,1.4902150337378826
5003,-13.98199881498179,11.991459870243094,-36.10185258546602,1.5005995623050672
1787,-0.8026118278503418,1.705701720568464,-41.96293180137407,11.329961309557243
4717,-12.9917978343748,-0.32205578316506145,-19.95071588547973,1.5027729969405652
2910,-14.511879692891878,16.15202525013537,-23.07153823494553,1.504001118954475
4835,-8.408520283670105,8.431005571950639,-12.211701169177415,1.477089975372487
121,-14.45895053071332,-5.771370678620768,-37.254418158482785,1.5069939501469332
6615,-7.585830925431608,12.390688508462029,-17.550811296531013,1.488634506591673
5328,-1.7517791003591288,-15.509520130420354,-24.588962820212938,1.8934460625845302
1509,-4.792226962465419,5.255421456677232,-45.13415971217155,0.8844294217303135
5474,-8.324445697762386,-7.680309229394483,-12.210297081415284,1.4771026211327247
4636,-14.761907089007622,6.979613190040311,-32.098859211776485,1.4933647309345304
5856,-6.506353567058758,-14.140125547201777,-17.506513956876994,1.486863983491823
3078,-16.155872040936643,10.097775554738336,-33.50797710043424,3.8391551781440847
12,-15.722024423396341,1.930325374419262,-27.33775640767174,1.50400153765768
1680,-2.302612066268921,-18.292695159777846,-19.455937741768228,1.601790204791352
5619,-2.2942716142516537,11.764963231830079,-13.582360441358938,1.477044042384994
2562,-12.723058497057782,-16.368395047420314,-32.77342947827481,1.4940183088278431
5713,-7.931321998344659,11.989212574450589,-14.43737582035371,1.4921945245083919
2961,-15.925261268032983,-3.3644470626739778,-31.748925546332828,1.5005776435669733
4354,-13.164671653372013,8.150011950703371,-34.936412132524566,0.8000120461047983
1852,-1.1026121286576251,18.40132480078364,-46.187845308350056,6.108815752955988
4854,-10.366345708129396,6.759671538855381,-12.245959934216033,1.4770883649134066
308,-4.976157769234478,13.097924587764357,-45.31949373184082,1.5033123825672687
6287,-11.402326452671387,4.288245822898997,-42.848925594049234,1.5128973802362653
7442,-12.213816464921624,10.850000302844533,-35.85087963237693,0.7999976881008822
5684,-11.858224040134765,8.561085919291632,-18.2630539527695,1.5006497762558493
4540,-12.381132247828731,-14.715260531010774,-28.367936611157774,1.5031621164133753
4644,-14.298887205605041,3.9202631486831985,-27.678864748331797,1.4995063975705913
593,-15.019257208558695,11.403610109428593,-37.49129539131969,1.5035881528559145
5542,-11.358253030926413,2.4010506252327772,-13.740522018802212,1.4770851173106014
6699,-5.926152063341142,-11.801859085299053,-16.853718478288343,1.4940667852890481
429,-5.075627579911706,18.57070541381836,-16.835500680451872,3.6707619889019454
6484,-4.660092015752955,4.424590434998005,-44.789144291479346,0.8949041307702479
2596,-14.32135982515819,-12.346390146150757,-34.18521722415839,1.4962882933238857
1136,-8.771812525349638,16.931035086973353,-45.314758240166114,1.4920588560753278
2406,-8.684166572609076,-14.886889170525842,-40.86625069698526,1.5157271249771256
237,-11.881667422037548,-3.4457731852349665,-39.36167567594105,1.5052147767071784
2970,-15.037405322033734,-8.01265128096923,-26.77357171640703,1.501347147090641
957,-13.38350557749617,15.767122039751268,-40.943049313323456,1.5176019952149982
1053,-6.145575162595581,18.025359663610043,-46.59887211442349,1.4963203539696701
4813,-7.260994216137497,10.508722389040111,-12.191498944944545,1.4773606987967414
1073,-7.505337428608217,8.58991538111931,-45.837272972796306,1.5132992490322184
2936,-15.094507359630839,-10.249306632835882,-32.73499117580778,1.507850101857288
6896,-10.987883553868256,10.534255047833225,-37.01832363492607,3.8181293823111306
5672,-14.427901463856497,2.044131393704019,-22.16833245936716,1.497677355667394
4235,-13.930958091863644,-8.12699723065767,-32.37532644183572,1.5023467266654982
4651,-13.55413418640776,6.6895222326608925,-25.375378706034873,1.5056481398548183
5863,-7.003982834070927,12.458100946350003,-13.710811034068373,1.4887833455471229
3820,-9.27084783279414,-14.233070118290659,-38.52710934163699,1.4858644732788822
1102,-7.9358587445231,-3.37950008614635,-45.248686118726795,1.5109090073341158
3523,-16.252309183454482,4.9219908886279775,-30.326167856207242,1.5270243902829064
6866,-10.856219551252234,10.049974255965228,-39.05134138825636,0.7999410203594468
2075,-3.0488206200174055,-20.188246572285994,-30.600462890530878,1.5006496257109598
4870,-14.143196880215342,3.0848371627815014,-19.655372765896185,1.4910369880022714
5411,-3.259915122543368,10.49579916946793,-13.515229548044434,3.4844829651722202
158,-15.020177542996464,-5.408969025828883,-35.74381494045136,1.4933847211939835
4033,-12.372728190749491,-11.455431129366225,-24.905359369425973,1.497272485044714
5688,-7.325210924612442,-12.307784507338562,-15.530149098155231,1.4971076847613136
284,-6.051159858865012,-5.514166843310566,-44.230762596105826,1.50442581524435
974,-2.9408886304825863,-4.053833404501976,-46.774261802410635,1.4969000129530334
7420,-11.757281951340762,10.850152549140443,-40.18164539078688,22.38996323509358
5289,-7.157615571611578,-12.58688165164164,-21.404787288260742,0.8414766256951557
5326,-5.895298920437837,-14.721865066307709,-24.445854764746077,0.8808650379799957
7372,-12.924511615150623,2.222528988721958,-22.385726251423883,1.499363163466604
4791,-12.127724445585773,-4.564029951386955,-14.191493900852691,1.5098259887672496
5631,-14.285718595362804,8.965391277510014,-34.83702433435443,1.508135332713344
677,-16.00118789784807,9.191522032499977,-34.195133905584605,1.5251186383160555
1499,-4.988041802444203,-0.4989348670523176,-44.838930932468244,0.9097126086765942
7374,-12.727737482282645,-5.625288004583515,-24.21259227235614,1.4877507088711976
6747,-5.568284396378015,11.636759469583039,-14.109708241021728,1.4878056704695048
6389,-14.25320774776687,4.239347511196502,-22.724550541692736,1.5030847475253315
4157,-10.846586010981278,-14.609154860899825,-35.89794921737405,1.4938025356598443
3829,-10.06166479187582,-10.276754791073857,-40.370132441048305,1.5026933799257858
791,-15.822664728400383,-3.0184829466095007,-32.931801148618725,1.4932904117633068
1569,-3.0495000835132147,15.72492211590038,-45.84263401395279,1.5026444148190652
7040,-3.1666374707397775,13.496045693172466,-15.072681807471824,1.5023111949112573
5557,-9.82866943262222,-7.578970173084775,-13.713904660917102,1.4770884545045764
4469,-5.92536946926758,-18.548631993591467,-29.26208551520146,1.4847119745368444
1122,-6.891480878433692,-0.2853825911204273,-45.96466090738233,3.6137572478985063
5656,-5.640655377009741,-13.077078484170704,-14.957824535383503,1.4949608627871194
1037,-6.1132576164144465,14.400265593425111,-46.531927031347195,1.527571590764373
4759,-12.987134535577582,-0.26739377323841,-16.64111181824422,1.5088436068568483
7150,-10.867255002438425,15.483624843235066,-20.757513376461624,1.50318550642528
4354,-12.111172472572873,8.150004127271991,-35.413439989020134,0.8000042226734178
4137,-9.759483496291654,-14.378289707401692,-37.79604344159358,1.503534427961269
1464,-4.106444046074139,0.22865729004889113,-42.15375402984884,0.9211012076658172
4798,-10.047825010611422,-8.061134661855387,-16.27849249767636,1.5001704332789458
4609,-14.367951242377575,-0.592344463270519,-28.63290131681704,1.5083013407255537
4659,-14.478386771624283,3.1892210870350306,-33.507703843249345,1.4979134345277827
416,-10.292038459434618,18.57070541381836,-43.39691014152097,14.09297201752011
2929,-15.195395933765742,17.498262695777072,-24.082937719386436,1.4889231492960053
712,-15.117269048466666,-2.941041140784522,-36.030245370787625,1.5068624100665022
6887,-14.518647447052905,8.605610896143732,-33.811675014130415,1.5233755599201566
4075,-10.419344843122047,-12.143052765223938,-21.925165391218147,1.491378812361858
6724,-12.804066735034848,2.365799576665357,-21.29277005396928,1.4931225066758413
2073,-3.7839457178877627,-19.656595018504177,-33.382692831840245,1.4902161707636568
2616,-11.41023617717704,-10.27074524679278,-41.17778901910624,1.5006028207962854
4860,-4.4266155821821895,13.192855394506983,-12.14229691635441,3.260477667244336
2674,-13.658232722442209,-14.830092432335075,-32.95487874379819,1.4946776006721525
4843,-13.008724499589746,2.7041858016617972,-12.292015475441353,9.91071205299771
6871,-14.478564465870326,8.33837322012553,-28.078929951289574,1.492956652777352
7294,-11.464378246553297,-6.356108522632962,-20.449538114569698,1.4925716685664245
1481,-3.0407813893024542,0.9252503841730171,-41.67483996254933,1.3419729032498722
5342,-1.360341550359125,-9.399598617083816,-44.327781972275986,0.5666163133666258
5307,-4.8313597044281265,-13.4161644819612,-23.667688378538827,0.9413160065408696
4620,-14.208637104901602,2.191238271161375,-34.54611622785738,1.5146422394403944
812,-14.430728200125682,-0.6608586695924643,-38.061840797440276,1.501829135958387
1751,-7.111183872046041,-10.716162785622931,-44.253463211604675,1.5017597814034032
1608,-2.4976150218547977,-11.425171790886242,-43.4919896363924,1.5006150977779473
2641,-10.929729576844991,-14.749281488851233,-38.87762764464192,1.510179120358697
2538,-14.37634862067333,-12.15602880088883,-26.462536326216004,1.4979801321155954
6958,-11.707647061864762,5.516838294255148,-18.42544583963329,1.497786681232209
1806,-0.8026118278503418,1.9941601352187817,-45.39457055639271,2.50000023841858
386,-3.0965695610282378,18.270278730976322,-14.930027116444393,1.5032294916295257
7443,-12.179259453870532,10.850000381469727,-36.385538419646245,0.79998460285033
2641,-11.097662915594503,-14.517655312512733,-38.89863571137276,1.4939064265784805
1825,-2.302611827850342,-19.131152260644427,-35.25979861362998,2.211317257717336
6607,-10.379201748059465,9.320652112566515,-19.70604201660092,1.5001155812983888
4895,-14.437453441409371,1.3363349131797007,-19.811959577139113,1.5000045016827794
42,-14.034493768975128,-8.391192263747168,-37.52701670946277,1.5050848419142586
7421,-10.490990464165733,14.410801162490595,-20.47103865646524,1.4921039979239117
3883,-6.943997322887921,-18.2233860890358,-24.24474764560186,1.497249172536084
1684,-2.3026098701478976,-16.86600436747674,-18.248085418977123,1.7748673884343693
4986,-14.124401581504243,13.251333493547882,-26.26608653153465,1.4733555104255813
2948,-15.766354574052697,-1.5081307994585358,-33.85413206807132,1.5083060857274742
2025,-10.584797314642996,-16.409736916272667,-37.03129175854325,1.4906202687702488
6423,-14.253716182284514,-2.60619332486242,-20.65251820666441,1.4992037294769667
3541,-16.436380475079584,13.606646418866935,-29.710608486819783,1.4923344219719543
5125,-9.010027284971633,-17.23185992298296,-23.03972518866776,2.446067145007391
2985,-16.004881651179762,-1.8976599762661341,-31.695606891885294,1.4944861628515833
298,-10.613905748563422,14.200285855370998,-41.78499138218129,1.494689686988072
4741,-4.748842387309693,-13.332307412357913,-13.192876144274713,3.1594534158401286
967,-2.9069940241920498,15.700302770090481,-47.38373029926993,1.498943972024387
1872,-2.302611827850342,13.181508715456912,-46.80095602551822,2.949746357889998
2425,-14.431863061908812,-12.973783061735912,-27.45336725964633,1.5051179371008605
6793,-10.754895063203325,7.218057587296485,-17.607592353697324,1.496595164094099
309,-6.22012877082442,15.6120059198056,-44.88484492259588,1.4937136332990035
2569,-11.69547304466554,-14.695249437849437,-37.84436237855253,1.4921957590776787
5524,-6.467947014025364,-10.269682952922857,-13.65491433208458,1.4771267734189686
4205,-2.863571425292083,-18.971216603177936,-28.090213134121193,1.50797276234654
4399,-12.789724730722968,7.349999904632568,-36.13976524261684,0.8000238141640389
4709,-12.941110034506424,1.2308163725036574,-18.56019203583412,1.4994600427719618
2407,-8.11045135183191,-15.513285636962841,-40.591330644219056,1.5303937931136455
2830,-14.451261229702897,-8.754707356842035,-25.16538866452715,1.5082793630829585
21,-15.435390447867412,4.047317072504272,-26.181751047757142,1.501711111371556
7506,-13.340137003730689,2.617320238776259,-24.624780345389937,1.498982227878056
4618,-14.424658728977235,2.8787388117448103,-33.73611875771857,1.5041846479546168
4885,-13.69382419637849,-4.655439186830023,-13.335699098489819,3.4641022154002203
4785,-12.009566799625933,-4.873810331921445,-15.161779401946815,1.492274771746995
4210,-3.3149546747278125,-18.264840867194604,-32.90108932299003,1.4889617086111475
1093,-13.679441296712076,14.360078012401825,-40.276560991189456,1.4961759590353425
6760,-6.969259559737672,11.30333449048187,-15.684500306222855,1.4950022132728242
4426,-12.937158423949679,7.349999904632568,-34.742547670148525,0.8000094911732898
2597,-14.429186837774612,-12.601138893730557,-33.40240706703893,1.4987650139562787
862,-15.341886618273065,0.5199481976948221,-35.87373284588705,1.518056171193728
5727,-11.526081847815883,-8.693328023021861,-17.97203113536499,1.498605389174346
6474,-3.302612066268921,0.6733007521906621,-44.172311581899145,2.5000005368470384
5381,-1.3374721772989047,-19.07706261308121,-27.54410736050366,0.5590757254416647
5809,-5.033537890808136,-13.517404278286065,-15.622906420658797,1.4823907620073025
5146,-10.341603837009266,-14.386292232014622,-23.4341659597647,0.8031961072498903
5168,-1.6827370356719906,-16.71988674106897,-18.919765156118377,2.0889852127611674
4192,-3.319360813093046,-15.918637012773495,-39.319648337968744,1.496861932620676
4371,-12.643386046266354,8.50644727632017,-38.7363969921885,1.508465209532611
1569,-3.4455037418552563,15.743450196566343,-45.778928185519064,1.496121296294967
404,-10.713839064972344,17.147367923322946,-18.38939278850818,1.5061329532871548
7148,-10.445751111520071,16.74168779311483,-20.24485353715723,1.5070671234918898
5862,-9.466323229034568,-12.076612737194933,-18.57258633326728,1.5008042052933739
326,-7.18507897885817,-7.583921262899845,-43.33954817830964,1.5090284563027876
4547,-4.590925500852998,-12.42621388737652,-42.59976636494493,1.4888939724069565
7378,-11.978319107387689,5.443757404461213,-20.587158588946856,1.4995382787285132
444,-15.185850703787779,18.57070541381836,-34.930209633963074,24.687817268353562
59,-16.196914370198904,12.223228903377361,-33.65138124635305,1.49038325346156
4917,-12.8092856214036,6.674512346098061,-17.38923064945615,1.4997257746032389
6453,-6.6158451854084355,0.3740940276433003,-43.63746620809124,0.8756451543786238
1058,-5.021867790056998,4.217823081971517,-46.75669799144801,1.5623090808709983
1551,-8.642572138477995,17.441581377653204,-43.66304270874632,1.502611656991719
2911,-14.56556275844364,15.125683659627516,-23.357230957502445,1.4952237180692667
1923,-3.027970358080935,-16.792043201041373,-17.99749126944919,6.288747393296583
3522,-16.24035230276257,4.268230270237207,-30.46899878573659,1.5197746373547298
6914,-12.989084343319192,10.049988447906857,-30.33031169218288,0.8000094345972409
3030,-15.263733483338683,-9.88881053016307,-29.29455644629678,1.5106551729108657
1746,-5.268318736938097,-3.20933481124884,-46.37349026346551,1.5118337730299
1097,-4.359662568425684,-4.7087469165114255,-46.447662804820254,1.5055144450438147
5049,-1.9747231943945882,-16.461613154548346,-20.810720507416697,1.566622511117764
4683,-12.818759227742346,3.8892444521713045,-38.238189153285475,1.5097227611594313
4643,-14.413563492190882,5.383557594106923,-28.02121208551457,1.5022536057582339
5281,-1.628673204239996,-12.580113200134251,-21.595566513033756,1.7822583303793522
3758,-13.160947476534774,-11.945805797665464,-32.736773034103514,1.5010259312993302
1872,-2.302611827850342,8.012216220279797,-46.697167808217785,3.0611828574981863
407,-10.231712134741091,15.943815982151907,-18.121653817733183,1.4862617532665447
2054,-2.860781616889258,-14.091679732140324,-43.62037687582442,1.4990637117137833
1772,-1.1384160952538114,-9.557796309003802,-44.86719834906722,0.5578533602007417
2946,-15.647223312027073,-1.7263852455609452,-34.32918706071528,1.494656639110311
1463,-9.235497271548693,0.10141407463645423,-42.30246926970082,0.8130237993935365
4444,-11.16469337361889,7.349908951670756,-39.02961284729484,0.8001546806555923
4792,-11.765180218075905,-8.307335085002352,-12.783771309923097,3.4128108143189126
4220,-2.382375507612598,-18.84057218909303,-29.626534009266415,1.5186601315070534
2673,-13.349197089854979,-15.314341110625383,-33.18368288992086,1.5036813184212579
6894,-12.147864621327903,10.232062023247158,-33.861940946557226,3.850740774193746
2073,-2.994332088141499,-19.66835261561919,-33.58481686455107,1.5030778224341539
5285,-4.652367085685548,-12.699565337279708,-22.417768341182693,0.9158177694056571
5383,-1.5091193141999653,-19.087358822918205,-25.544392765109322,0.5602245257658411
5753,-13.316372501294618,8.177339866574808,-21.635003144321242,2.2662618967169363
5512,-10.681115409705248,-2.5722197089176033,-12.883601291671761,3.494812242215422
4416,-12.18516053940398,7.741256061296561,-33.897659434657726,3.772543478062124
532,-14.722381921741942,16.220097220881236,-38.798934022054944,1.494925091869105
3877,-8.554865715651486,-17.91439097214942,-25.647635060151167,1.4954500208653905
4957,-3.6782721541263648,-17.59396357324178,-21.16419954764372,1.7180603192995483
4660,-14.339113301871537,6.652087860462856,-34.469967528851505,1.5051206783127216
1135,-13.4684160837906,16.747293362717294,-41.00524016879531,1.5163482144900249
4761,-10.962723406938316,6.808198644488216,-15.33321141853704,1.4897442256975895
1918,-2.792873203810033,-18.653640911514934,-19.69950396835525,2.5362015215364173
7126,-12.636674460050994,14.239424470311825,-23.19718568007984,1.5122351690161986
1716,-12.042262089360428,-6.728901564460087,-41.29699574114814,1.5110845962930202
4821,-4.673316963455207,-10.516141858090217,-12.146385315123277,1.476960285249218
2804,-13.510700714428326,-12.728782421151223,-24.27781111167322,1.500512334798226
1079,-11.560898617949444,8.100209289781535,-42.75689059665099,1.4990645693653757
7051,-2.047074299070009,15.446898922232768,-16.085475563994606,0.6142647925594159
1639,-3.916338491690877,-2.0944937756412543,-45.24124297832497,1.5228915165259804
3271,-16.5616922853693,15.977322706265436,-29.31643171819571,1.5055696631641908
4922,-14.00746163420234,3.605864480634783,-15.389525564190304,1.4867355059379626
4512,-7.530999455967855,-12.486274413416979,-41.37548543232312,1.4922255166986538
4682,-12.748938613985917,5.732973754938312,-38.42677776864724,1.517843359219789
5089,-2.936742106527657,-14.996738495517222,-20.54989845561337,1.7742963583235987
6962,-12.881564477234882,1.7169705186721382,-20.684103764321172,1.502147018410206
1586,-2.478229153021097,-9.671399960079277,-44.164605469146125,1.5207419183076971
6892,-12.422049663006266,10.065729366300594,-31.81836377045481,3.9163646606612375
3786,-12.205760316891595,-11.107631111002847,-24.412434227879526,1.4961440492992124
4451,-14.178749828188096,7.349999904632568,-31.193036792270068,0.799980908550074
1146,-11.649749483741262,10.915910188875914,-42.70812988656797,1.5026570439040168
554,-15.233684023557773,9.263881981313851,-36.763519137784044,1.5150126663612753
4179,-10.90853770742799,-9.38777733858899,-39.65919515526262,1.4956478204420955
7220,-1.1026122570037842,17.3429638823874,-15.964771617495796,5.593960243863198
812,-14.439850967033133,-0.2828752746449249,-38.07911230107827,1.5053171928597842
6892,-12.397693893065359,10.541091091377034,-32.29531741800891,3.9126554217157747
2055,-2.3383621745465675,-14.593640197672048,-43.28579658182208,0.3694147582004542
5305,-5.979390915696224,-14.147434465798087,-24.21977105724345,0.8935340356152741
4758,-12.907398002931526,-1.5174614540486697,-20.35644374948466,1.5001420864547839
4491,-10.663756380838947,-16.893100841203317,-29.076181817707237,1.5033943179008906
1132,-11.521301702770531,18.553547166194882,-43.422985767338155,0.2048783071827347
2431,-8.53499845537004,-19.05064553702595,-32.21420835552811,1.495785679554392
2386,-6.034260232112864,-20.139107077599537,-25.264593924265228,1.4936026949099346
5735,-13.706510258156705,-4.650702009892694,-20.28148051984203,1.4992518684765204
1137,-9.517750032643516,17.54472296155332,-44.8934965626135,1.502322276427725
5058,-3.3026122968313936,-14.41881432903022,-22.15663247334882,2.5000004689812068
5778,-13.959660078580125,7.794717554016188,-22.806824447143498,3.0002619158671773
4784,-12.395303959490644,-3.8206905994958973,-15.64429206621545,1.5014455938246636
7444,-12.02699319162724,10.850002560233147,-37.502056834463694,0.7999797164979594
1111,-12.646557281739419,8.00401842416209,-41.45039640131547,2.4946946847387914
4161,-8.636093703401176,-12.606276104855734,-40.50793067216656,1.5050777579366859
1424,-3.5312883955202903,2.4068077943348123,-41.200961114894106,0.9073605943604476
6452,-10.798552611312438,-10.292920884245198,-19.030070404481833,1.49728239809975
597,-15.47744884999861,15.113678569168432,-36.86107575977245,1.49650333397861
4954,-14.29167704530091,15.991031387577316,-26.198728600142264,1.454345801947771
2701,-5.950849021726644,-19.86666149231983,-23.454057174941468,1.4825006988905658
4389,-14.722966532361236,9.851892279219618,-32.87416562079249,1.5077480371345258
2447,-7.571862645323862,-15.172541945006955,-41.27200740256798,1.5037310080195838
7284,-7.93518902948737,-10.450327093537373,-17.42214537964251,1.4901842802822554
1652,-4.8981796077021365,-7.491690428494483,-45.872973879791274,1.506961323916887
6873,-14.098499832627194,8.539001694119195,-26.696684277414832,1.5034713895549188
5318,-6.86297762019861,-17.936985034829704,-23.447416455035818,0.861664009017304
6428,-13.763830833924157,-4.48990401802328,-20.13588372197005,1.499828829017613
1423,-5.646762899614851,2.3987234446893004,-41.200727292788265,0.8628266668606109
2593,-13.881707587558353,-12.39871053280499,-35.6281075741662,1.503590866642767
5147,-8.616618737819232,-14.172964675621179,-23.281786363598535,0.7898405699632096
5579,-6.8873138485081355,-8.570359602261616,-12.269882979163539,3.301181765054952
4547,-4.278171211975626,-12.316706999912892,-42.73911647497187,1.4963958129023927
5352,-1.1026122570037842,-19.539687326947043,-24.797691640179206,7.026392890105955
2769,-10.623299357501624,-17.700765720295355,-23.358826843858214,3.134412524265373
6384,-14.926521497050054,1.290362074720405,-24.61158166371473,1.4977540588023428
4350,-11.754493430308035,8.150003585878109,-36.25911015370905,0.800003692204138
368,-10.879601072505617,18.57070541381836,-18.981580644330297,10.694670361036646
4715,-12.86772065807798,1.7113753029863519,-15.423307903699015,1.5164412580464683
7317,-8.207260790848848,-11.704421928969726,-19.36348100732182,1.4991504372722788
5444,-9.458181636332744,5.60804514342682,-13.285364249000668,3.4152871631768065
6614,-7.524672345587718,11.74997569978855,-17.02134019269634,1.5015404142837856
82,-13.012403550450397,13.235391751756584,-21.15887267185618,1.4877558975704568
5147,-7.542221322747284,-14.376758479318728,-23.36674848998966,0.8489261009389302
6569,-4.62525174541052,15.015807220641173,-14.905765669958607,1.5022043723508378
970,-2.9658372128791526,2.7992174970886734,-47.18668707617887,1.9049662333605022
3186,-16.744403965978627,16.95528149518219,-31.665980110251212,1.5178779081169087
2434,-7.664971283769347,-19.541130766070687,-23.96597745161806,1.4960539220858287
2962,-15.721801337839032,-0.0820470949298105,-27.579124390294467,1.5137057082412857
232,-16.292334344810254,18.57070541381836,-29.460275224613188,8.182996257324637
4812,-8.503176166267641,10.221713182949216,-12.213210120003511,4.392911722632107
3233,-16.37759891075223,16.528824212441904,-34.16514814119742,1.503104600610408
4558,-11.649482366636173,-15.594951065511811,-26.741118675184033,1.4983463120172134
5006,-13.137068453001755,12.61105428303228,-38.09183562512497,1.5009880509261884
4397,-14.035125908228709,8.15000057220459,-27.942342530603433,0.8000006675720217
2421,-8.501599222463108,-19.424942573964728,-29.954552580464977,1.4918535891155464
1775,-2.233234957746707,-5.136245833517119,-45.834601630555014,0.6115583728268686
5467,-13.489942001302921,-1.467592727550878,-12.30046070386891,12.120185941070075
5152,-4.222912533762266,-13.890676518683492,-22.789142046730788,0.9006246473976122
6874,-13.85501693963116,8.760686985506593,-26.016663351226633,1.5095731238092178
4212,-3.4333195996111536,-18.065095755171136,-33.70743747323653,1.500536739369518
6775,-13.12789391045889,1.4321964412288972,-23.36859605210112,1.4996739620150925
4422,-11.661358869343914,7.766665417174847,-26.730171989833536,3.795057478527948
456,-9.747835081032608,18.570705413818356,-18.572179006566127,9.061969195858879
4199,-3.579768868566532,-18.81324914401224,-24.16102692681738,1.5074314239059832
4710,-12.965343827267425,0.8265171592483397,-15.699656870671088,1.5025786941396795
1547,-12.20469964893786,2.3914091900344765,-39.27040574531182,1.4954758148342788
411,-11.815250305172617,18.57070541381836,-41.60083958543453,25.163949425913437
1420,-5.625495924281825,3.3183332882793914,-41.348974972997304,0.8545950228355553
1094,-13.279647901699759,12.431089139684937,-40.71367083709695,1.5016877148455454
1650,-2.7936526558522683,-8.456065353235322,-46.04801979325143,1.502085344587749
1525,-12.540184554856179,17.134819255976467,-39.72390478271972,1.5295056622572751
5421,-1.104251893873886,13.548042310934036,-13.768035718101672,0.5357377043623016
5072,-3.1887528417998108,-15.123817077185496,-22.679754157706057,1.7864313812049541
1091,-12.206796272854213,14.321101008452883,-42.24690913699294,1.5064267928857298
4714,-12.702837631369679,2.573237018614195,-17.748836740685835,1.5206791920622724
1587,-2.385513505895827,-8.10509235138987,-44.62688878417996,1.5048107615455697
2695,-13.425397371514208,-11.367662351536582,-37.529131999239304,1.5032804199130214
1497,-3.9843101111397456,-0.3903758804251176,-43.158118676533576,0.9290731063146053
4812,-7.071221287016709,8.888749424479126,-12.188227998756108,1.4771150056291316
5627,-3.1539917476773134,-10.534330777937548,-13.207223230390058,3.113435990648229
5727,-11.449544465276457,-8.754986885514324,-17.662507978862532,1.499302314246486
391,-4.434064621501963,17.69470491392427,-15.197541768684431,1.5095664186377136
4871,-14.494826221086472,-0.3240597494663049,-20.082257816621837,1.5024030310968965
7320,-6.720070526630783,-12.763729580394305,-18.753141776347523,1.4952242260053434
2993,-15.475018337793866,-3.9689684409004276,-27.352810004847694,1.4956608297158869
1089,-11.3012065389427,13.8112448507576,-43.17724903687909,1.5054577578280874
5854,-7.78034938629952,-13.68734463344958,-18.057105754374685,1.4837473834683212
6002,-10.418711426277117,10.698761706335564,-17.414105290243167,1.4902937999499823
2549,-8.551417636369035,-12.364988534365008,-42.76591254421115,1.4956219240499682
4225,-12.609372275870644,-2.105525025781356,-38.23354124703699,1.5038306963640435
1094,-13.820692442213348,11.895853195171322,-39.86180779225655,1.4958948561341907
5152,-5.2600938315863965,-13.903620564259477,-22.831831235403392,0.8967784334323323
1407,-6.9998743223522615,5.411372653681887,-44.15333428055838,0.834006378827089
1468,-1.2087597823654468,4.523739248968573,-42.76024405761235,1.406543346822152
222,-15.629452834397592,-6.272103132009508,-32.651099017749246,1.508910142543989
4346,-13.8239875371155,8.150104012640968,-26.710882210939257,0.8001041128625008
1523,-10.37018990722023,4.197840602310811,-41.76830146491943,1.4707369314649634
7447,-12.920185880326262,10.84998889588999,-31.49097492601423,0.7999928865925887
1425,-6.682520653648273,1.1820548184215123,-41.475695451524224,0.8601713887896002
2483,-8.383915730726699,-19.58553691998752,-25.517017452632025,1.4996384061837473
1479,-1.351315316901529,2.2929833009176575,-41.60269804779669,1.4703929062510475
4874,-14.227830732978372,-2.7477955146942747,-15.469877091067865,1.5063716323236198
5038,-13.222986711834201,16.855374865280645,-23.730589434346143,1.5090492717505566
7144,-7.863975207915754,15.017401863322263,-18.318297603614308,1.4972832057466314
1145,-11.039030780237496,8.44536724729932,-43.268688346757145,1.4955516054627758
1450,-3.956868848262426,6.715595881434377,-45.52534478695756,1.502594998181574
2672,-13.387345238362421,-14.59102955572713,-34.397962389917666,1.4934202720276089
6513,-2.984218375239627,1.2208567540802686,-44.22393921759796,1.7204588078242862
3227,-16.206429208936733,11.903127574247394,-28.581374981861757,1.492808868882465
5649,-9.269970418778115,-10.893915241075938,-15.217279991176143,1.4915425054885516
1873,-2.302611827850342,-19.370843437124233,-34.4181336957448,2.0249631360105185
1584,-2.613596247786754,-11.03147814463246,-43.65260647741074,1.5020770814865905
1087,-9.100232595811747,12.187463151392208,-44.927888980287385,1.5122571843976147
451,-14.40358915593907,18.57070541381836,-24.493213756589768,24.556395444969695
5188,-2.2740462119938423,-18.209396916346975,-35.792971596404335,0.6071279404539919
6994,-12.863863899080892,-7.517710689821355,-24.98748553743002,1.500106331849456
2026,-10.785521542391503,-16.27070824843704,-37.00632290868947,1.488926560240247
819,-13.92087368413669,-6.7000505050685595,-38.2655249733777,1.507487213076844
1463,-5.622357620698318,-0.07254205273639015,-42.54007263253107,0.8993231245475114
615,-16.308959907303212,7.204108264514554,-30.70421604652235,1.5064489893041433
954,-13.284864727700855,4.436541336488718,-40.4586026221446,1.523382143968945
4750,-12.924066468919271,-1.315458065414969,-14.265376034595747,1.506217253137034
5001,-14.210037840819295,12.493200214008752,-35.494880086909895,1.4917748025617776
1563,-7.384061585932905,-11.014338990514076,-42.22159056061097,1.4884442874909578
4870,-14.230012121542059,2.737656020613674,-17.075904017809822,1.5350726546189524
7442,-12.431241231560225,10.849987576803677,-35.868280854234726,0.7999782941335485
6023,-5.4342201679461395,-13.09885280319113,-13.870334266546525,1.5068243440517233
368,-11.534082402850977,18.57070541381836,-18.969202545448443,0.018998995374982963
3523,-16.214228880586617,5.442016230687909,-29.734779870604505,1.4987687058613124
1091,-12.47455815448535,14.187282469326199,-41.922360886433665,1.5051566710645117
1421,-6.206168709291767,2.956689855972594,-41.25514546754253,0.8533573079835798
5514,-12.78293488948445,1.1391058925100004,-13.76546517518775,1.4771002128081707
5953,-14.465071773943688,-6.910661041837484,-24.798696600008128,1.502904003860812
1062,-7.408465747202183,5.595998316041765,-45.86455435810618,1.5022669113188722
5000,-14.385623956590292,12.627624347378232,-34.90278175801421,1.5151263820393905
266,-4.729004145222108,18.57070541381836,-15.784107017822176,5.2056649285658265
4346,-12.893943465231862,8.150002704244837,-27.488329513955726,0.8000028044657557
4667,-12.279415788575221,-8.047340546720765,-37.83884575173436,1.49665694438175
972,-3.051037002561694,0.5716485266979485,-47.08792506618346,5.173091994834321
4657,-13.012660154294796,-13.195967413479826,-29.285194494883747,1.4967705397030764
2733,-10.55957601681565,-18.731104633486805,-26.914372646922253,1.503547000487432
1459,-8.594594293490825,5.237477453204351,-43.20949392198242,0.8107435300609325
4945,-14.261030503920843,15.900274065999945,-35.99617590270055,1.497749811724961
7312,-10.029839073224775,-10.26996378002015,-20.809894796032403,1.4971737357657209
2576,-9.280888786030955,-12.63180284788175,-42.11911493308942,1.5055870629832409
878,-15.096216314866163,3.4763006361786646,-36.82854118484544,1.498913335815197
445,-15.093588312283492,18.57070541381836,-35.20834461362155,24.934965013514958
6988,-10.854543315148948,-10.887642397063262,-22.181311731653278,1.501451608637152
593,-14.819855428050346,13.674769418576028,-38.185776780713496,1.5048059099681705
1058,-5.099682914391642,3.3714002154441642,-46.72506802682669,0.6749337677043951
4832,-6.518482644695068,-9.764090418190102,-12.17847073811001,1.4770716353344568
400,-8.67241447058456,18.19502033594557,-16.890027297638554,1.50425289804274
4473,-4.8070919446448235,-18.005928955447104,-33.304066539560864,1.5097772313170283
4848,-12.244508946932008,4.65814310351842,-12.278652192280157,7.26438564785417
3801,-12.462627208616638,-12.931569711453985,-34.28636704287297,1.4966933604547097
976,-3.982636963458404,-12.87834369689275,-44.23332945382912,1.4991061664009497
4611,-14.540378658973339,-0.39155334716782686,-29.85223317531303,1.5133707754062964
605,-15.750126488030322,7.080232690200485,-35.02768443319506,1.4934105741904062
7090,-3.8241783541301837,15.978251504241939,-16.586268328790663,1.5016162282431371
1443,-9.905465935805884,10.390605064258473,-42.29906963020192,1.499562790118517
3923,-6.6549623655327,-13.619434557786082,-41.001197228667685,1.5000395383022311
4414,-11.637797767783557,7.717142587659439,-35.61415819439986,3.7278976859161057
1059,-5.4215271678888985,4.970120902036653,-46.65271400359448,4.125783622169562
4209,-1.918672306991145,-18.52316255854482,-31.87152366058576,0.6087578202279647
5253,-2.0338841529200193,-19.601274043474547,-28.223451063762273,0.5919914476850571
2490,-4.633992414978185,-20.182643607176985,-23.900735807509488,1.5270432597507868
6889,-12.671743690299573,10.04998782048459,-28.70962712218554,0.8000104298396525
3602,-15.702534331257066,4.295241880821235,-27.095555302708867,1.4969447533755094
6443,-9.214294350505536,-12.887904089059214,-18.80346118838771,1.4920952651723332
3836,-10.75416644861605,-16.501118106858446,-31.37616482031586,1.4969926582289317
1570,-4.265563776874271,16.32336102748216,-45.587859069683816,1.5040342820923427
1129,-10.422419192057962,16.145478784698597,-44.130187075585894,1.4951169566111222
7361,-3.46104486224136,-12.170522949720132,-14.409403716765105,1.498223692819566
6334,-9.594632782900256,4.466161289670891,-43.400676327454015,2.6507939578672772
7149,-10.72746592210778,16.46954427381277,-20.524926004567874,1.4925822053846032
2073,-3.3146316441847805,-19.8248203204428,-32.72038417851371,1.503417668056448
1769,-1.8658772848267928,-11.475682760112687,-44.16421382029409,0.5640881921995875
4851,-9.826387719753116,5.108464405980736,-12.236482015811932,1.4770386306428802
248,-5.045194636351895,-11.23598469818341,-43.09593317060344,1.4862978990298397
355,-13.954896212783241,11.338989902139387,-22.666054339297734,1.5065426124992702
322,-4.560814046828549,-8.546031326040909,-44.138620974429536,1.4868177814423564
3547,-16.029402585352464,1.5983440670253966,-33.01878168244941,1.5080578802452402
4333,-12.761153170102563,-3.8381981827549416,-37.708193723573814,1.5068810760777083
3524,-16.22529805484591,6.249315660208671,-29.672426990595795,1.5000667853412433
5304,-10.930312853085582,-12.960851207437484,-23.03919105689191,0.7836394493290371
1908,-3.127438956898284,-20.479749049478922,-25.076734658202447,1.497102248011631
617,-16.30425625578039,9.099330657775361,-29.937229662851642,1.5053370639107995
1783,-1.1539175895562457,2.4273216130821886,-46.38585840144702,0.9583407752638717
1550,-7.679453693458436,17.40255352372544,-44.24378001471477,1.483265328356936
5798,-8.22714614412746,13.719230110083844,-16.60204969069398,1.486686124534212
3800,-12.793633401205287,-12.824972111713327,-33.213911533514775,1.5036257257631824
1571,-4.634311600329196,14.835287637187104,-45.44731632832624,1.5081495695385145
2705,-13.8764381444375,-12.721888214973827,-25.177147494006064,1.506785257315597
2391,-4.850061842905791,-20.015549136987868,-30.84844819480827,1.5165769452807036
7103,-9.840428649023567,17.88792013639317,-19.553356762671598,1.5050085194725982
555,-15.309335115048915,6.501782775343871,-36.38991077196311,1.49091166427851
4567,-8.616576598654806,-17.996569597149193,-27.177529609726435,1.5000564219597226
4859,-4.477306731657494,10.349290013305865,-12.143019323788254,1.4768851728758274
5898,-6.915394222133188,15.323899908541971,-16.109961275987466,1.492539722711642
5496,-10.862117952900563,-1.7169338566931664,-13.37882446926268,3.4892642980928037
5113,-4.181189569015081,-15.970772981979623,-23.666037045213365,0.8353032581374008
4135,-10.320986567746703,-15.156685408907197,-35.91525367255184,1.4913857432941937
2675,-13.609644895805127,-15.37876949285329,-31.646317191800176,1.4936776965441028
4057,-5.950460216855023,-13.648579137968266,-19.323447632039922,0.8640115208584529
4274,-14.093392576336843,-3.8694301313767925,-33.828092186314585,1.4957996160044096
2631,-13.167238538786972,-10.032343630679703,-38.6932771119166,1.4964128655010427
4810,-8.458447491323334,9.36389912484732,-12.21249024725574,1.4772376920107113
1487,-1.6491895812158215,-0.09795352126161744,-43.32064276867629,1.5069516585914484
3146,-15.30355308939966,15.87877650118418,-24.741103368508686,1.4877901933749456
4244,-13.503405575381247,-9.277969512166898,-27.417143891278727,1.5035735306939435
5732,-12.803661161392212,-6.723541034058874,-19.17825191266404,1.4997635829380294
4012,-11.529695672916874,-11.333750782270027,-23.254681440537357,1.5033142801043466
4907,-10.348072256373944,9.942433624281108,-12.887941271000802,3.3507533680629935
5279,-3.8763974109790795,-12.977297823468149,-22.99473609415691,0.8612748188742816
6421,-12.7730629938134,-9.596091720260304,-22.02227038910455,1.488411451378369
1661,-11.327376994345775,-3.940124437085025,-42.539349868568905,1.5047401699868685
3614,-16.082996818130244,14.391249366510097,-27.383864072139584,1.5013839050708797
581,-14.997657781344275,5.501204149879449,-37.21027311839953,1.5120098237731028
2992,-15.287799709937635,-4.96536659959194,-26.823559225433364,1.4957528441021486
4801,-11.033748220833477,-6.68509260675529,-14.39227617263019,1.483651735441789
675,-15.872331992642422,14.085383579575716,-35.41924882810582,1.4958607372578827
4710,-12.97824690298128,0.5092276252308287,-14.231516391350823,1.5021050648396586
3614,-16.069731513859736,14.913730564567665,-27.208320499104012,1.495770329202442
3155,-16.084162741427974,5.411169351251057,-33.38004960124525,1.5095280444582542
5105,-7.732466883214115,-13.70744121507158,-20.515494518996597,0.83392499723138
4704,-12.671825962226547,2.8180760445775235,-16.338351273105694,1.4870440271705305
7424,-12.416679806789265,12.26878113961371,-23.009307425647705,1.4975645067250563
7194,-2.9418881253231013,13.959466420065809,-12.912294071679387,1.5209769404271558
5912,-11.744537015898633,12.309374290088908,-19.719556567596598,1.4971748986799112
3764,-12.51180470634711,-11.016862970747688,-35.93248393594488,1.4960403350187181
190,-15.881986361939017,17.019769862004825,-25.982643650573554,1.4735481025807853
1085,-7.92326909393957,16.429645244844163,-45.759658031812094,1.4922654493763996
4452,-12.622362716115749,7.349999904632568,-30.659214711230703,0.7999979555133079
3187,-16.88376576355929,18.226239023641114,-31.419197124783555,1.5028679025952207
4627,-13.032178880121606,-0.06717872883421894,-37.55132034361306,1.5094719347462746
7431,-13.512596083426736,10.850043587868521,-26.76689328675494,0.7999884876366895
4887,-13.995536670939295,-3.7305643042651626,-15.514429675869156,1.508352561364678
6803,-10.448666797087991,7.556766036643879,-16.260659249419664,1.508188442347951
2476,-11.35882898485794,-18.035700237125763,-30.845621659679438,1.4944447506886545
1094,-13.667165472580704,13.281436086924995,-40.200574626145865,1.50454213273234
5535,-1.7451384775219911,-11.506779894386474,-13.572790316129561,0.563315740072632
6903,-11.956373730671682,10.050004757984558,-25.480190441613658,0.8000026503903022
7505,-8.832848960087913,-12.389211859684668,-20.3469224110791,1.4953680464164978
3874,-7.433425911256617,-18.311650757825742,-28.407997960482007,1.5054824772616775
4191,-2.161721030200788,-16.61125976757363,-38.252280902437086,0.6139292984816096
4874,-14.232854663452075,-2.7139975465072084,-18.07650437597117,1.5193451521223555
5476,-8.976298646962814,-6.7117916344139275,-12.221711840535551,1.4770664568158218
6865,-11.644875134978285,10.04992024206213,-39.81977361023114,0.8002253032056608
4134,-11.07663465757635,-15.800519418596565,-33.00232116605066,1.499447344992831
7446,-11.597782343555814,10.85014547858265,-39.48632365466928,0.8002078702616642
4642,-14.501953631215326,5.062442862396198,-28.42883205684392,1.507719608662885
439,-16.71758681418773,18.57070541381836,-31.7836291877445,1.8858155193762003
1078,-10.109903563489313,10.178974852004082,-44.12941030149719,1.4912368114856676
4948,-13.729482665441978,15.919183585572235,-37.34693645473605,1.495866886957162
2392,-4.847470693821737,-19.866258561633956,-31.73158061556768,1.5145472408062275
339,-10.927889492291047,-1.5421903164707258,-40.860916792554875,1.4927867608692713
3266,-16.56460955242702,15.578916464057166,-29.693640536347495,1.502599026113574
1076,-10.051433339100203,7.357966005349207,-44.15849687704029,1.4995756481096612
5304,-8.94988550179535,-13.087474983690726,-23.23818996709409,0.8320216273948372
1060,-4.769643681931523,14.105002576293534,-46.9630329761098,1.5097914087116464
529,-14.164028894794257,13.878252150031402,-39.47573381090119,1.5128999322734256
1064,-6.636483313991242,8.477927537434724,-46.22645200018448,1.5018424486219963
6515,-2.805561546347684,1.2915511119708318,-43.90058958081034,1.724665563994223
5022,-15.203701619782496,17.372972414336346,-32.523222740898134,1.5087274693141313
337,-11.713666910328536,0.014437299520517533,-39.90639924570552,1.5033057891293098
5306,-9.689516120785822,-13.705442630541846,-23.908659102917017,0.7761362140339054
2359,-14.393818041668467,-13.66601310089151,-28.59277012150816,1.4976692982924864
1078,-10.183641634514522,11.009170347673281,-44.07781250177021,1.4919130335404704
3617,-15.780920671714364,13.076070588330555,-26.56972686946155,1.484450096498652
4477,-5.10725527430978,-16.677784542409345,-37.3039820800187,1.5032508013460721
308,-6.068657986862177,14.65461740936655,-44.91265764299977,1.5107765525779087
5001,-14.134279179543977,12.043560404082962,-35.680456245940704,1.4846372180208511
1568,-2.2821116411247964,14.913766999252788,-45.95317484583137,1.4978242964455288
218,-14.951279883655097,-8.465060916918713,-34.81888863393867,1.495858179913703
5317,-0.8777869812054825,-17.742011992542146,-23.66860915753557,1.85449298958607
1117,-5.235536525615697,-0.6444773562332746,-46.555550316797635,1.478424585764584
1600,-9.171366275512467,-1.7908685496352303,-42.69966621640795,1.4859175849534163
4265,-14.452092221806948,-2.7913724901176953,-29.96647458253064,1.4861633130189624
7052,-2.4606513517367152,15.062866037466275,-15.998065585542053,1.5122222806532157
771,-15.360555905243139,-6.678783525040496,-33.98295598195935,1.500852310612416
1524,-12.12297037326742,17.088155581137666,-40.34655638967345,1.499571891648425
6514,-1.0992184313619484,1.2009803575584999,-44.12744724365206,1.309177091914633
4909,-11.490708515027867,-8.660470508558856,-15.42760002968489,1.4982932742339228
4760,-11.841897054095492,5.236445298593677,-16.854751085065473,1.4970535160711456
5577,-2.5405015757962026,-10.696427811160254,-12.530155005563216,3.0867838806400973
768,-14.774129691760255,-7.426822729888265,-35.89613876565629,1.5029958187268222
4919,-13.739939769803277,4.546259463252121,-13.803204430003236,1.5060909173613117
1524,-11.647807136990041,17.82950058956631,-41.04348203381083,1.4944869705596358
4215,-2.016226450453765,-17.494430300657903,-36.076068678560574,0.5940498452004273
618,-16.255394359369888,8.018335999240586,-29.5754247625721,3.865204287980772
764,-14.38267547775681,-8.896487257508262,-36.39718594317601,1.4914093498264338
1427,-8.137437474031929,1.6749532375411913,-41.30605100730888,0.8073556646853458
6530,-8.75918572670824,-12.526100426522245,-18.123790006856346,1.4804759526669042
7098,-12.010566491936455,17.70911198287614,-21.78796045784412,1.5075610697723965
5893,-15.193368018070299,4.2788542728161705,-25.489755483607375,1.5020002140111024
5952,-8.808138163245905,-14.052598510994137,-18.94061282150908,4.446107369537814
7362,-12.944511463592255,-1.7640417748241692,-22.45713530311169,1.4994548034177484
6708,-13.030411127118459,-2.7456634936910445,-23.840021744223527,1.4962613667904985
1894,-8.946699387477484,-12.131686090878699,-42.62471565946465,1.489112626736866
3230,-16.07172550252206,10.113178038149435,-28.12663273164933,3.9147345850989894
968,-3.4984006239581205,13.732827563722278,-47.25553033204727,1.4927498773743413
5254,-1.1220389272457005,-19.630759831521164,-25.187769105330617,0.5528260610718645
5454,-1.3570107974016818,14.408112027562513,-14.7589792659433,0.5682419306757686
1666,-13.024863354725426,-5.582934723401222,-40.09841975586179,1.4991878512388512
6528,-7.167006097977822,-13.382505256395872,-17.328473562236226,1.485507883143699
4344,-12.172903853549467,8.150011005784691,-26.01853970321277,0.8000111012323111
7099,-11.276046830916052,16.809093301352892,-21.089445885101235,1.5116395588092149
970,-3.578638386647925,3.266461021853355,-47.09866143217553,1.041688190386432
7449,-12.678887191036518,-4.679609108688087,-23.605245506986204,1.4841734513094968
4810,-8.628766713076773,9.222923847696471,-12.215491187127519,1.4772060652601924
6453,-9.658386693858834,0.2690029008588127,-43.729364871840055,13.138417740283112
1655,-6.92829935338435,-6.024073654004828,-45.43524063238725,1.4879032031715704
7425,-11.939502863721227,12.267973151097939,-22.306218882258314,1.5112282832611657
1078,-9.970556843563148,10.219961945161504,-44.23535786344997,1.4905948672487577
4623,-13.777948316299174,1.00768581769461,-35.811159122954486,1.5200721953322447
2042,-7.1125143363710706,-18.735247013928145,-35.071100049132326,1.4928794626662385
1814,-0.8026118278503418,4.300242139110448,-45.41933534449131,7.1433658299734555
1632,-10.417995154902567,-9.33336660053663,-40.291467538534874,1.5031833971767585
643,-16.050874024795785,18.31765314097012,-36.28416455951009,1.5169271522118057
3265,-16.548131964853127,15.549858356784362,-29.54368474332395,1.503575528931268
432,-15.622652103532342,18.57070541381836,-26.44038605192545,9.284983762614521
6802,-10.085969603434142,8.022452245422473,-15.750602142929234,1.5022053650055907
772,-15.446139490451626,-5.318290578990509,-34.11660806612402,1.4933202653613011
1505,-5.741286958205771,-0.4792509531059834,-43.47290815407506,0.8977445147382637
1433,-4.924768970453537,1.1038930145759676,-41.51636804391581,0.9005866261915665
2499,-9.426017705603709,-15.327867751745716,-39.79974189623592,1.5022366603834725
5168,-1.3800028311296204,-16.791833418502712,-18.993949345531707,1.9090689627172222
1857,-1.8247023791577077,13.82864125527081,-45.982249453658014,0.584693612798949
293,-7.268150632779428,10.28333282151721,-44.247789419464574,1.5034553942524238
5824,-11.797190985925623,-8.42834967885879,-18.668633954056858,1.4935156930227595
2363,-13.54375521860803,-15.767286962649894,-28.742752923800204,1.4972445254428968
3585,-15.899970157089214,-1.4871493217327458,-28.871824416908478,1.4998349174476988
300,-11.053691222979232,15.046816766326355,-41.330990644734456,1.500852198003619
253,-7.6932520091522765,-9.521611023088953,-42.58850376623067,1.4822067405088912
1569,-3.323713816782071,12.19785727784087,-45.75122108834736,1.4862900665359802
4433,-11.851732665881247,7.349999806413689,-25.699201688743877,0.8000083707398682
4333,-12.983584686125333,-3.518328660875699,-37.287928891939366,1.5045655331893835
1755,-8.253312136985262,-2.213227418141135,-45.153918520580895,1.49395861823405
2371,-6.178530957920209,-16.541667566368183,-40.30413619682437,1.506531080546121
70,-16.038565142178662,-0.9169440097940366,-31.953506621940342,1.5032381224338862
1540,-10.47137520704958,5.056915114287451,-41.67063678295144,1.5035271129444268
732,-13.76059163193328,-6.8720020550297924,-38.55725721253924,1.500887290905323
6779,-12.824800660813878,3.7484308823095356,-22.95942627481516,1.4972855632620539
4348,-11.333363820215714,8.150014431633002,-38.27045514933719,0.8000318442491582
1069,-7.737930188076771,11.104021306032474,-45.71757622485384,1.511047835202559
5469,-9.305289972296022,-10.2909292372835,-12.227225207748344,7.285732913507452
4914,-13.603799102149507,4.926669295862917,-15.48571129614518,1.5258727420234857
2515,-8.39889119447313,-19.6546815630642,-27.075217328614873,1.49496080112503
416,-10.359095943398247,18.57070541381836,-43.05944406083346,14.253400079886653
5304,-10.36474221897463,-13.033684347871755,-23.160724824892213,0.7944120592815334
337,-11.574470320991605,-1.2683804045016993,-40.0385001482515,1.4916298357235003
4424,-13.644924318175038,7.349999904632569,-32.98561023024834,0.7999781354870144
5095,-3.2639204711205654,-14.450584678576124,-21.865945496869898,1.8210563444660905
793,-15.912316630268636,-2.0718480401351185,-32.69494895808582,1.493779713005565
2347,-5.312167690848987,-15.766736508675487,-41.560315349535536,1.5017311436202092
2398,-4.622502800224142,-18.000186947317808,-38.29382159506726,1.5206421036522053
3968,-11.094871080478839,-16.494988427380232,-29.787349311755065,1.4925581057817567
6513,-2.005353619407861,1.2080387087991855,-44.239867909584184,1.5114330748519218
4153,-10.4710216158198,-13.219309718261563,-38.08777250569897,1.489850222419823
5141,-6.528017588735771,-13.555576248957614,-22.245945931338362,0.8810729490983775
1449,-8.877836433640576,11.205278228590675,-43.1911153998859,1.4967671408344256
4920,-13.826732946378813,4.298991558765865,-13.882623065070423,1.505632450302598
5703,-12.225736326563611,7.701893942057806,-17.685983052253174,1.5004457821794623
2445,-11.173473971009798,-17.949459775035166,-25.05884527007415,1.4946536148417306
1037,-6.386571959546444,12.95210806598492,-46.38129303083234,1.5068594433664788
6554,-3.302612066268921,3.1633673242092906,-45.510374706906845,2.500000238418579
6626,-8.33147823328683,13.505932323212674,-18.61020964811103,1.4948562104434209
6412,-15.219317450382565,0.6224660584173326,-25.71071716929198,1.5002517431642985
1707,-5.519445830293631,-8.13393898177105,-45.568712557901094,1.4970919435289514
2427,-14.243126388919634,-13.699648357907066,-27.594358895422378,1.4958227702676952
6559,-1.812490424810335,3.525953955995303,-43.7519458753124,1.5118796255054263
1652,-5.169021180389702,-6.980083736467488,-45.89646851137194,1.4796574343843953
6673,-10.815130009059084,10.183147041035658,-20.796538582757538,1.4959897313226567
1530,-11.072630650436338,11.611293736150577,-41.08532952908081,1.494643892232859
5048,-1.899842387273854,-16.681492400871207,-21.140985238214903,1.708776083952197
4321,-14.242718818084377,-5.895958160732179,-31.511944024037145,1.514578058612695
4994,-15.000514688349607,13.568472576645732,-31.2678310017402,1.4890848618484835
3082,-16.437102436230276,12.319629839739353,-30.893372425896867,1.486222479002879
4257,-11.218164845112327,9.125865528456886,-20.569976160683456,1.369045493021469
5773,-14.80512135868788,-2.4737488187215213,-24.709805204046827,1.4998790954084247
1125,-4.627973929785146,1.6324769407575541,-46.82003674865952,0.6891211524553289
1735,-11.692761030741549,-0.24230231005417321,-42.3838426217777,1.5035310234132633
978,-5.198747868806372,-12.71842060173919,-44.04384585210323,1.5002687209876713
5605,-4.241907179523487,10.766133526400727,-13.616133404108998,1.4769472673138913
700,-15.861781605907934,2.3699919830925182,-34.16347604216337,1.5123827971587285
1571,-4.145934244818268,13.232773645211799,-45.54950685015456,1.512639225495405
5120,-6.253912448514746,-16.252259399492807,-23.635977879480063,0.8191465661881207
4052,-5.052674528609328,-12.757033688071608,-20.71331479317662,0.8742029744913868
7431,-13.264469373192908,10.850039068590625,-26.9459696974694,0.7999932776659078
6077,-12.747292629036819,-7.6062041717961755,-20.966494619980036,1.493930974565597
369,-10.824514603325404,18.570705413818356,-18.47938616752439,1.34436883851281
7420,-11.085711133708768,10.850032146276467,-38.787770069853366,0.8000813232576425
416,-10.48410831992782,18.57070541381836,-43.70219515049872,13.940663087351524
6664,-12.45608038968518,9.288627817087562,-23.203741227980103,1.4940036926475775
1740,-9.531099506645306,-3.135322866740472,-44.217117235910465,1.4980413016594543
2994,-15.376347685160543,-3.871595145218801,-26.90175200513289,1.5026299878164977
4613,-14.517747816928821,-1.878682324866735,-30.317907083248322,1.4994171208522775
4274,-14.116316823174305,-3.447384600382976,-33.84498565799038,1.496318154399156
2421,-8.335709135461224,-19.517332987236742,-29.61724237654439,1.4941017789691786
299,-11.113558656139908,12.989018867609598,-41.11094182257061,1.5106834275703678
4572,-12.40030081063616,-14.774816981795398,-29.55410824148033,1.5017582060998134
1102,-8.293036050178976,-4.097436284845036,-44.97517047511363,1.491310840525521
4065,-2.94010890594441,-13.928830781533705,-19.10949139654196,1.81746114793123
3233,-16.420839020952606,17.4845766273588,-34.52236209840498,1.504234778386289
1641,-2.792914097360772,-0.24455531095161273,-45.18984298942871,1.699743166156527
1578,-9.512124073816038,16.12985995258928,-42.939466291443786,1.49668326102219
3600,-15.562014086904952,6.870302799072676,-26.454680178606758,1.4918068438961098
4477,-5.64462960278474,-16.328057817963238,-37.91617860724578,1.4862340140156682
2565,-12.35831920446876,-15.507165348622154,-35.609877519153876,1.499233899068775
3231,-16.00535254777619,9.453452630483813,-27.924215659288734,1.4930857126420503
592,-14.694640571573757,10.423776874568322,-38.17592250968062,3.856636845737339
4396,-13.207149686164069,8.149989306953328,-30.82481486477061,0.799989402408411
2363,-13.462105836138,-15.949278565801764,-29.164064997313467,1.4969080700168371
5437,-10.657560995810957,2.720261391904256,-12.739466652204586,3.4795378705389943
4845,-12.80710857614373,3.940985090548507,-12.288468638628668,9.931731099004825
314,-7.450441855987684,17.230570263406108,-44.3608278942922,1.481374542977794
6784,-11.979292423107985,6.128860857994033,-21.44824922463409,1.4990328136968651
3026,-15.121813253730927,-11.021990872444077,-30.65287843429814,1.4989528180613996
2594,-14.177427179824647,-11.940590447916641,-35.13186690104125,1.4984311400683925
1849,-1.102612351895218,6.456266389952502,-46.12576302749923,5.749064367043321
3612,-16.188727211026233,16.27877436092368,-27.21581998764855,1.4948158065700305
2420,-9.075837606119295,-19.296727461978435,-29.56869527208139,1.5003753923025993
4610,-14.583347476105466,2.1779217034618066,-29.314660179578766,1.4939892714753875
4700,-12.324136965393128,4.041091249787519,-15.735919837221214,1.505306238192308
103,-16.624132390421885,17.572331662189974,-28.632801380659643,1.4926039047067503
4344,-11.940528920064118,8.150004058264578,-26.766974670486917,0.8000041537121975
4746,-12.755743493770115,6.769320652321763,-12.670062013679775,3.458500883559893
4943,-14.47616767628909,14.885527073439405,-35.03105629778251,1.4870060714056013
4694,-10.536398958593837,7.437777703397115,-14.032048351174833,1.5059283186003873
4249,-13.064155559371663,-2.0113668627017876,-37.303867981872564,1.5005754432259246
4410,-11.301342570649586,7.683929325441923,-24.30408771394029,3.4411601563314744
1110,-11.768485497821414,4.402116256870347,-42.460302022094396,1.5099429638124815
1765,-0.8026118278503418,4.251596447463707,-43.1726989455708,3.827885617978004
1060,-5.398072518004524,12.270096166487974,-46.737788866392336,1.491278229049686
1799,-0.8026116934766857,4.312672144272815,-44.942793335510935,2.5000003727938576
1058,-4.076089061549801,5.940295861896283,-47.04282628839832,1.5078499354982995
439,-16.865232991281925,18.57070541381836,-31.634153311682937,0.4685990943365611
3936,-11.480269649383022,-12.297437041126319,-23.479673305677164,1.4993386942515785
6396,-14.101340366329964,-6.920146597807227,-23.95410752597488,1.4994958752221896
417,-9.943845359164786,18.57070541381836,-43.4847910511147,14.07147216487102
6077,-13.047657865102504,-7.023924233966971,-21.349330097630087,1.4912354117831883
7275,-3.6320964385625456,-12.361050155027627,-15.638801883615974,1.492751948395143
2056,-3.878512226437087,-14.687491322416259,-43.00333160632982,1.5245719796973891
961,-4.866332434539163,18.375855446387636,-47.020147365317534,1.5011570801382983
2984,-16.064863059560672,-0.7984202519408319,-30.34459591062781,1.503103733819203
1534,-12.027169900885454,8.722367479467717,-39.735519441737225,1.5046373890866538
5027,-15.200793695906471,16.68631787543645,-30.709747595958348,1.5112308139504507
4200,-2.469920173940444,-19.00458240071552,-24.984311761370815,1.5060535043938614
1053,-7.214563881433849,13.537163747589922,-46.034846754951346,1.4976320395701856
878,-15.047238424392647,2.389435007357984,-36.87303155926185,1.5024415209779491
4796,-9.349571193382939,-8.808913679516227,-15.81903118532198,1.5134586816744182
2999,-14.816541278211735,-6.251490885433771,-25.593812602563403,1.4995595566833053
4966,-5.399427343314652,-17.48668507712065,-20.637815384749665,1.0755694271787375
6388,-14.359557797223195,4.708996538459707,-23.26560666716772,1.4998949352781776
1448,-7.811604940163244,7.124830840148545,-43.92752585639269,1.4964616788822291
1992,-3.934312181041281,-20.383410241356913,-28.376913004654153,1.4919837815103973
3617,-15.80582117017039,13.487464224073769,-26.570052428097153,1.4892746562968329
961,-4.228390485362241,15.32716896104358,-47.128753414475966,1.5012249999195302
4224,-12.886080739245084,-2.203028064225719,-37.658321617716894,1.4994370203306902
6670,-7.8854331893319785,11.316539407278011,-17.084873089322677,1.4980978358350368
5550,-10.70870548845963,-3.776244365684724,-13.729116029913621,1.477055462822537
1125,-4.681017713640711,0.6229120639341248,-46.768242492859684,1.4833795341307754
1111,-12.722550341233186,5.86611324248654,-41.30510736480019,1.5024493281742477
6651,-8.383777949579624,9.70021392710774,-14.416228646785964,1.5061627378550997
1672,-2.302611827850342,-7.790453737286029,-45.660727533090025,3.1820966791562375
4999,-14.702185533690127,13.485920094356418,-33.78840469993317,1.4912812293909516
4715,-12.811194522308188,2.054917295649914,-16.991499108975663,1.5195907779134996
2380,-9.48939125730752,-18.56131990809062,-23.391260232255448,2.6626408334027345
389,-3.9264147494284605,16.822901009517235,-15.098152418491155,1.5082107665716233
427,-6.699604989076759,18.57070541381836,-16.416068883532127,6.386428027177983
1644,-2.302612031783577,-19.6146558887963,-21.883146621034747,2.323793281368548
7213,-11.804552855461385,13.65490413020115,-22.003276198169424,1.4801942754549655
6461,-11.04788152704533,1.7122363223673005,-42.08140733155884,1.2355260087640478
2600,-13.08947925276072,-12.258271489482436,-37.63266519214923,1.4996386124102563
6553,-3.302612066268921,1.89539529228115,-45.37427770028418,2.500000238418579
1112,-13.102128116831583,7.483643889689006,-40.80861044246174,2.911711082046264
4919,-13.682897722829834,4.71409964258405,-16.402825118580918,1.5060858082826214
4565,-9.148512337150814,-17.54116170048002,-25.230241098744404,1.4940000250214434
3283,-15.693948944715338,0.19257124483341453,-27.430039411611723,1.5098366612972125
968,-3.819969626454137,15.713294904885007,-47.23135617286614,1.4973352545090521
5078,-0.8026118278503418,-13.72667313949397,-20.851435222663557,2.5000004768371586
4405,-11.301491556740608,7.920630908600357,-22.764762911150502,2.6306548238151217
1098,-5.499232190799102,-3.551167338364748,-46.27982052601841,1.5222697458974124
4919,-13.619955453765687,4.878888216740315,-12.649425219267526,3.4680493585073666
1449,-8.92353307648791,10.830575568560318,-43.1564841250249,1.4951682389340835
61,-15.817610553047636,5.917637967106433,-27.404136320118553,1.502643559993443
5083,-0.8026118278503418,-13.922245903705655,-22.101894887349392,2.500000399624854
1070,-7.917769318152613,8.183627843746175,-45.601928649808336,1.50973491735368
2947,-15.787908376296366,-0.15522510000427733,-34.08007335093481,1.5225264452009453
530,-14.582939791801934,14.44101190368644,-38.761356611842906,1.5018259254874284
1872,-2.3026118278503414,8.279448326395125,-46.95626704799001,2.176161612930432
250,-5.937553323668565,-9.63724888954733,-43.36311043716317,1.5182982484155823
4829,-3.0982990323496935,11.052589843893301,-12.119087807519325,1.4772492253367349
4463,-5.658064463938755,-18.520043490045452,-24.182738312648254,1.4848222281731938
1084,-7.101756377667963,18.2796179824689,-46.229986269140056,1.483396630758253
4022,-13.186280821083209,-10.278497605773856,-34.403574833381356,1.496603489368409
4904,-9.31912768371694,10.875319678629875,-13.999898959808725,1.5091681502835215
2507,-10.359839332809404,-17.773942535587032,-34.31473856007888,1.4958261394025036
957,-13.361238662573328,15.711256810167159,-40.96432519825588,1.5168934303872492
1850,-1.1026125385306755,12.141227063216185,-46.268723094578434,5.5025983978171755
7297,-12.35172504204608,-4.1507350099439115,-21.227109852979837,1.5035284532103066
6461,-11.695565078614624,1.8287828996428086,-42.03468696776678,2.0671368372999055
7152,-12.533723466328885,16.714619514333524,-22.70137913298302,1.5066068499273286
5005,-13.250266710595685,14.351362475661771,-38.05557956537633,1.501827785223811
5075,-0.8026118278503419,-14.872008436352836,-19.892385463196838,2.5000004768371586
4881,-12.986842245578256,-6.328499616561611,-17.845320220712665,1.5012479652278365
400,-8.630142279676834,18.235124227178797,-16.86236043007422,1.5067062660485384
4585,-14.130016414299636,1.7423436775679502,-27.207319501531465,1.4999559042375143
1427,-3.7989172825051973,1.4916009233077732,-41.3626987670478,0.9015353749556002
2374,-5.309394475774032,-17.38129999885985,-39.22116849149392,1.4946769706771053
530,-14.410377937584611,14.4107504757506,-39.08725836685838,1.5056900739061916
6364,-14.059584749882843,4.98339641766533,-22.36676925352609,1.5015197833937284
1654,-6.084558387274875,-6.585694994703868,-45.681047828249575,1.501193291404078
4874,-14.252787483356801,-2.6186418748171616,-15.839863744462662,1.5137904932850181
4610,-14.437731048888745,-1.3099051095091014,-29.19769251080615,1.5025876665310403
242,-11.931144224170458,-7.227982114727968,-38.69972089978708,1.5005256632307862
4290,-13.651386512490387,-10.483352262460905,-31.52493343507387,1.4966279155695368
5328,-7.150972565690332,-15.201529300569124,-24.521871849641105,0.794728354437519
7300,-3.381628558680342,-12.449438418741057,-15.677547179423296,1.4836950800879662
5037,-13.264233884587007,17.424501862927027,-23.666235877147994,1.5087761458607334
4028,-13.528435212878472,-11.301899151585976,-30.463059109477584,1.4876930886621567
4487,-11.706051651211034,-15.888277741901959,-29.38988575727648,1.4994154890820381
6179,-8.763877745860905,3.480768170164046,-42.30996404155552,0.8237490641194244
5279,-5.3282230407910545,-12.878098423788412,-22.839174105294948,0.8505980582471214
4610,-14.578504215361592,1.4873568223010487,-29.521925649105526,1.5029055900776902
6942,-6.97278345720793,-10.68886422589702,-14.80216284447976,1.5060213407406535
6442,-9.309027481733365,-13.32582141882896,-19.07627416917769,1.4826227444183386
7151,-11.989803883435684,16.604560138248385,-21.940520706660998,1.498534651746113
4205,-2.551328926722446,-18.992725631756016,-28.049471214151822,1.5138028497635283
4152,-10.369368705793557,-12.935147145018195,-38.45250082656732,1.493000043388021
1651,-3.4606286299477587,-6.909678656182241,-46.28152088110658,1.4782099502708637
1443,-9.320508560328113,9.984520248748773,-42.842769368165435,1.505157433577338
1858,-1.1810770324063866,18.55703671006284,-46.05284025008302,0.5611989980451821
1495,-7.002080109957128,0.5340702898415963,-41.87614620189915,0.8314435849042084
302,-12.214945780168122,15.418700365336534,-39.89755998653114,1.5119215407902595
5499,-1.5015073654345836,-14.165375837640608,-17.01571904718535,0.5588551969259411
5094,-1.4419155438767988,-14.420457147269135,-21.87219918154642,1.7839643608906943
7428,-13.12768298386594,10.850013801946428,-24.335157307756095,5.8122541383074875
4445,-11.729515575510652,7.34998942221652,-38.45983717592256,0.8000126018623788
2464,-14.692211108409023,-12.921965494206505,-29.992900602617265,1.5013661672990308
236,-11.570157810670542,-3.8817726615002055,-39.80663179594082,1.493423614528983
6889,-14.593845016818092,10.04994117485631,-29.03415093472789,0.7999982352165136
1631,-10.371966100017062,-9.541150716624244,-40.27929821359145,1.5029602653794718
6335,-8.078940020873706,4.59524071261575,-44.11606586648305,3.6263358076488124
1111,-11.92745392019495,4.646121245330238,-42.26854000290916,1.510983512552386
1705,-3.3608319138490064,-8.700917366291666,-45.906785748152394,1.489270324262016
1781,-1.8335330277602238,7.796225935510424,-46.49291734991955,0.5844631568082375
5449,-8.511497824723044,6.952531004068105,-12.518832351974986,3.390199790713361
1757,-2.302611827850342,-3.27595135508244,-46.91112353932354,0.3163981368174287
6610,-8.828043563823917,10.903067316140966,-18.140764961381546,1.5073231685246087
4909,-11.53182242690735,-8.609484591944142,-15.533606932675903,1.5009521811862936
4812,-6.96145683312755,9.358832695433954,-12.186275011234839,1.4771399656245063
6898,-10.700000058334892,10.125242147635547,-40.48205464462026,2.659335510935106
4984,-13.784492945605521,16.88633089353053,-37.44022013109844,1.5065942358925766
792,-15.847573106857856,-2.2263310994060572,-33.07052091712345,1.4868487068610432
5672,-14.371301015613831,2.4552538417065186,-21.985698778563563,1.4996933116195181
5323,-2.4486496121042753,-15.955679209138424,-24.519413432600942,1.7469878810285588
4919,-13.681377161332733,4.713002035008162,-14.664625921003726,1.5205615547856237
1683,-2.302612066268921,-17.042156651172093,-19.06083871509773,3.8536640749893194
4979,-13.29796221885282,15.216741350799186,-24.151463914638203,1.4967587882957687
313,-6.786282551263566,12.515816305635619,-44.54877847027255,1.5118680333272898
601,-15.926380129728884,17.840479758297548,-36.421872990352114,1.501782236824662
1641,-2.9245292232262723,-0.34115055477037237,-44.949706646017866,1.7338668075102257
4517,-6.894460336758054,-17.210111263459584,-34.960285055579334,1.4938718098984558
2491,-5.777262364293181,-20.046035273859417,-24.315786941689773,1.4936354725197294
456,-10.63224838070935,18.57070541381836,-18.258703064775148,0.6636495433674857
7383,-2.057118097304194,-12.42088354298038,-14.045795469540483,0.6046181132332886
5253,-1.6596357615589246,-19.674616227910125,-27.074478922254325,0.5773723621395211
2509,-10.595129714383818,-18.14229308030589,-32.575476046767655,1.5016627341422535
5085,-3.302612066268921,-15.942017254201552,-22.71328529840705,0.589361826585767
891,-15.596422132254979,-4.040185339265949,-33.940208123934205,1.5036432816605578
989,-10.912561151001254,-9.303026215065877,-42.00832496735224,1.501459274543848
1060,-5.062644704164435,16.51370598211529,-46.93149756777105,1.5013659565574966
6778,-12.91527429292179,3.227212865476352,-23.07183317129941,1.5023935187289803
4909,-11.66882433262246,-8.439586434074682,-15.814198095676376,1.505876142192811
4541,-6.758858675421149,-17.588175322839245,-33.71481955185785,1.5042282998361622
2506,-10.162156456048306,-17.709896943284008,-34.81070143030748,1.4907658808200546
4495,-9.116357472172023,-17.692377761344705,-29.470702631950807,1.4944674990082443
4343,-13.185355655403217,8.150014737942827,-24.778260777431054,0.8000156495327696
4582,-14.145948455101852,0.3328782593934612,-27.42228289700501,1.5026403899365572
5024,-15.267166944960389,17.36448388855034,-31.57063006501126,1.5128593744256194
4555,-11.865595659051031,-14.969727128601244,-26.305592468765376,1.4963627962668566
1407,-6.259399786397095,5.405229448632745,-44.437116912625406,0.855639727102035
6681,-13.33992929172914,5.276924266557457,-24.888778137250743,1.5016960662404246
4655,-13.29413261042771,-11.995008801592334,-28.75769879113723,1.4997730286268356
4355,-14.080653549631892,8.15001247294093,-35.11310014792258,0.8000125703626715
4638,-14.789533267921028,6.647993668604216,-30.71918654624185,1.5105507960580233
2598,-14.590118761919273,-12.021666253510498,-33.46848486744985,1.5074738962756598
1110,-12.4582181469992,9.6672834327649,-41.71904349437484,1.5106810170260196
7503,-8.61787343467277,-12.55501375709036,-20.21496943343337,1.4899031046561964
5091,-2.5649927148399034,-14.79250768436841,-20.73067370490294,1.7819402635542672
3611,-16.151798411207828,16.61429715209757,-26.92335300744326,1.4986040371812537
3818,-9.40361728695372,-14.937714765469263,-37.47607559576077,1.490589359590053
7095,-4.405729219821149,12.45054080222835,-14.457947125933162,1.5017825675853227
3253,-16.487045575224833,15.288444238678197,-29.18518318418268,1.5019264004022816
6727,-12.57695474589332,3.477109835785688,-21.181249582072372,1.5025257144221993
1414,-7.127826332186966,4.992408757445224,-42.67397153315029,0.8395823292012026
5800,-9.208179143040285,12.785295501742672,-17.14519000016428,1.501554288666355
4682,-12.858118522757014,5.431918542506263,-38.20648522176724,1.5171519975211998
1058,-4.081160724823358,3.498360940155728,-47.01337010487299,1.0914306551420092
5147,-4.9732285958335165,-14.580627441107914,-23.423098959540994,0.9059428178913476
4657,-13.03298626511269,-13.179351456893594,-29.54325425433636,1.4975215608487789
4651,-13.594496890814703,6.726195851223816,-25.46421738774348,1.5049593074440868
5307,-7.630789973490562,-13.519219599696353,-23.74902478870599,0.8311300265460635
6701,-5.2575884393832,-12.08074580803629,-16.643756588468165,1.4942812110817016
992,-11.34713710639824,-10.1254530038342,-41.31036219994415,1.5073358667293573
4947,-13.92461911303415,15.527906991961263,-36.78846041723974,1.5096680694435736
7406,-9.283380246875959,-10.141000054774569,-19.547958998612128,1.4861268937196856
4838,-8.943693271986046,7.772351771658216,-12.221111695145822,1.4770970713178404
4930,-14.88965968570125,16.28452886128757,-28.223762446246315,1.4979281218285938
956,-14.038952886315816,17.38545740405835,-40.27908794940086,1.5271481118714736
3853,-12.018340281921894,-14.920617869672204,-32.237224435093054,1.5000390581352778
5735,-13.672724047159384,-4.825333172249106,-20.633007401686,1.5032733761958235
4869,-14.253906043025419,2.6194252339467914,-17.45878910063394,1.5264711038406478
1910,-3.0800139716235444,-20.192461038162307,-23.147989546521487,1.4920039315515108
