source_face,x_mm,y_mm,z_mm,normal_distance_mm
919,24.558887023795464,10.557074542840413,4.931589325570406,1.754060755827821
5249,-13.15889157139601,14.534040338042983,14.256869974115723,0.8000063020567051
5453,-22.246108803823027,15.997042296528722,3.5186502717597907,0.7655955357549333
2589,11.756736956379967,11.151220131024765,12.913705820070184,1.2935460085952157
4469,-18.33987152521037,18.9304804486453,12.572265769269451,1.4911407659687606
782,-20.952290066060144,70.6935886466295,3.505692527206109,5.957397568706432
2214,6.33254171491723,50.41007669752161,17.336976617144856,1.5171413725973046
1245,-20.84605926820031,40.00260241084241,8.80392127365324,1.835515556156385
5166,17.771928722582572,62.06325441850862,14.300554885861533,1.488431426116246
4875,-10.318986264736434,41.440586053491934,18.167708930591953,2.8317591976508036
5183,5.042881028676428,102.16144825047148,13.718912431450963,1.458566789309657
3027,22.798892669046616,48.665898644172614,11.093729063275735,1.459628272175011
2457,12.378998293615874,-4.464292722120554,9.497657196707085,4.568004711184706
681,-10.949093408088231,110.50293466434195,9.053969928210012,1.1069374274740698
2064,13.049978769844296,-11.56917666227205,0.31395768350870046,1.462671023823368
1651,22.92355660064071,12.273635205445487,4.7690696571831594,1.6914217487710999
2953,8.518533268748914,16.607586004331697,8.739004710783416,1.4049138874812046
408,-13.307753494013749,110.61165063522728,8.856266690401178,0.013428291250405452
3813,11.100122616035767,66.54733776223932,11.538222424445557,0.8000007429359247
3635,4.392560367641279,101.43152479975788,12.425784807495901,1.4485739647740383
2761,-10.499981280496481,19.13689385974248,14.140479911211788,0.8000243324677712
4994,-19.275413773025424,37.708496801347565,13.533897770913214,1.5163060025741035
752,4.517594028228474,112.45340074033888,11.38276951754355,1.5003923850235232
1352,-9.624448900711206,45.93454123675835,14.354087452099341,0.8000009862693591
3244,-16.597632604715688,4.982418339580173,14.158902674920324,1.4950596290073201
341,12.507677314762326,98.48936057015572,3.6661026073101075,1.499997098581922
1491,14.387488175491583,4.552088682209796,12.320261153695476,0.7999986648383264
4644,13.610941825049418,-10.733208859251869,10.362200189499278,1.3776790826931522
5495,-17.853146575922164,43.211681902496586,12.518129325161357,1.4271110405892513
3979,20.432228758972123,-2.7862398089541567,10.298942041255291,1.5457336156070687
3791,-1.3888426321048073,60.729269431139656,14.972809863547074,0.7999979329846011
1231,-17.77099273910698,89.44509466477577,7.234221125174372,1.8342112551626486
3652,-0.499869225106246,71.26834710971278,14.038977718727597,0.799999917174442
1034,24.428510710170745,24.156033402122183,8.740993061573931,0.9562320275420251
4634,15.758211951011102,-12.623456147623827,6.57753360901252,1.0387421794141818
5170,-7.211064003490352,28.763725236703948,18.78377128404998,1.466706169315759
4866,-19.048302813949824,65.19846657257621,11.671480798371544,1.4710007723305807
3780,-6.661250284988223,60.73554516164666,14.319251580142835,0.7999973834021213
4073,-9.699919380087346,43.82464647508384,11.512756424684556,0.800000109354734
3024,20.89141453694941,60.961824431532236,11.893464862026715,1.4661975154240146
3855,-9.90260486987688,36.31238448632563,10.957170076992906,7.388762651892866
3270,18.575589668700328,13.656928315189866,14.92332480591645,2.8710219675862745
1376,-16.971867888357252,55.074305708975984,12.44282727050636,1.5040417024505843
3470,-5.227981223669812,100.19346130012852,12.375259145012365,1.4356415581511166
3581,-10.518372496917815,60.74667761127962,13.1586842408751,0.8000007277185233
4219,-20.15724610975648,16.259287743326535,10.164834397831054,1.4099514763322116
1522,14.39169643520879,45.97804955703305,9.810311445819044,0.7999978206021745
3705,-1.299883660359197,63.388041224686454,13.721328129255685,0.7999999721645181
5519,-20.926741636193913,1.0640366497318037,1.3235970379310826,1.8197470049233098
1979,10.300052983269449,28.898046339854975,13.350275711868207,0.8000001907338806
3788,-4.50417890429765,63.41030826469219,16.59049393111988,1.4911583749911521
721,-1.0017575594655814,107.62808845997421,12.761312169639051,1.4894032381282896
121,-8.897169452839329,81.82009811407164,14.044706107291882,1.5506670142120327
2670,8.467754745101745,37.41464425726691,17.364590348834028,1.562995145680734
1649,22.458878412686126,1.12026367605403,1.8645736753794027,1.8963908629062853
4904,5.627812761410065,62.53321655092844,18.180145400919034,1.4373788645956826
2657,-1.2999251696985699,40.76234653322635,14.076523591427765,0.7999999646401632
558,3.4865435270978553,98.73996468948074,9.555486681215065,4.85753348305935
2223,1.8529381956268711,59.93745053327142,14.115212644759469,0.7999977869123699
286,11.44203127862018,81.21469965973746,13.858582150117797,1.5261376942776943
1086,-16.95439459315095,78.2943297700279,10.131356004227463,1.5151141202633878
3034,5.999866042564894,16.719799883981356,18.381276340160206,1.7881904547465353
5496,-21.748867928093382,19.124002785460682,5.816695199691723,5.49325741691896
2043,13.05002840792142,15.677694764481462,7.880908438864707,1.4287317929998113
785,-19.90791103897541,76.69071211265344,3.038885935682665,6.718869698624707
3676,10.3001236040215,67.36974965540435,13.638497996130177,0.8000006687091996
2383,21.910535690962384,66.27514841882332,4.852631126001405,5.495409976407249
3285,16.674210384980753,-6.702816966001956,12.05364335901984,1.5050014842728285
5435,-20.96195728739685,72.8226609451307,5.347813468890354,1.6510142920060369
957,23.695391810304912,54.65177673480086,7.208909790253711,1.779261668581379
3487,-8.700130213498294,101.65811594041443,11.442958037012858,1.4676201763117873
434,-4.333167992945173,109.91622715120778,10.413773852191015,1.4437776800559292
1889,21.406416997596256,3.7504179432395475,7.514504921603745,1.7863153004055279
4881,-19.40905949580158,87.79888129956574,8.892385103125116,2.236495118862442
1021,23.493823766441196,53.7554191645448,4.842957935729286,0.7485084648429069
2046,13.049992935308424,-3.420809765489839,11.46949282041178,1.2641665935735042
2952,9.263110439502396,16.60414968567032,8.302333214674622,1.4125352461970841
258,-0.4998454244614029,84.26037260750442,13.14574390757555,0.7999999511166782
5331,-12.233119274281702,-8.275049812765912,10.470279927457838,1.446469037774442
4936,-15.551244159975653,52.67367891719935,15.447676434296442,1.5524980021324037
606,-10.02728941933373,99.99240793195665,3.3591721025904837,1.499998158492848
4925,7.75109922612134,35.09235854002728,19.0192433890916,1.527755218780734
1201,-12.816472217062062,79.44307540891175,12.862427939903068,1.5125023334505485
3447,-10.093818283154427,11.255828364284346,9.3438352200058,1.3563813156794982
3788,-5.039544583325752,62.31699883484207,16.60727007276308,1.4900433581831105
456,7.029316269349719,109.58493864216206,10.35116179484293,1.4425525186770651
2177,-5.764615030418424,75.0491770031915,11.328486759507914,5.599876301442064
1255,-19.871366078584707,73.95205934362022,4.255084217684772,5.794651444274553
111,-3.837486459289448,87.71017509837871,11.449850672521418,4.3298647051585135
4204,-17.401824457336215,-11.62340002818041,-0.8314955363078991,7.656711976548803
417,-9.767889106598819,112.4796959603374,9.823348550987252,0.16836402913954057
1021,23.620942417165818,51.01867242568363,5.1512497974594105,0.7731630291875685
473,-14.652314802425051,102.2996325867975,8.43499434819852,1.5136049173363306
4920,-7.280221375596081,66.2398303510027,17.39324902501903,1.4341632745011552
4465,-19.04446100484529,5.870546493424252,9.644043640802934,1.46758312493589
2640,-0.3225758208895871,28.22882665009604,9.099632197723913,1.1096808531238187
983,22.691066109992125,71.61393516582412,6.376804956938665,1.6560847497631521
4342,-19.772732423785822,-7.620104671605446,-1.0652629575767718,1.0423936216568863
4265,-22.407203202346505,-1.1245801754910032,-1.8938538887306144,3.9542053578348697
3652,-0.4998631512330797,74.57930478013986,13.290787257271019,0.7999999381933599
2910,-13.40931344696541,-13.208154114410233,5.949221274912159,1.0797666096135943
5159,7.302993914745707,89.90262106945798,15.26906988511248,1.489967027682617
2477,-10.306541641464609,17.669905612321593,10.33888977440644,1.4470032543391718
4765,1.6895028226022362,17.108404821661104,3.9311322215888875,0.5386989090746352
2953,-1.171709473376352,16.61377878405827,9.523953762338722,1.391213163950844
304,-0.499833825266933,90.56031793504481,10.854085291407843,0.8000000279011003
1944,-1.7269239881347278,18.002422626545243,9.776666474218345,1.3868228942746208
5047,-3.3813559422059676,96.97861948246106,14.574182822725966,1.5038455038745866
2045,13.050026120327443,14.337908901619077,8.473553036305365,1.3924608364279105
1849,20.309197548944283,15.64796618901132,11.938269343375847,1.4972739397529622
5139,-11.517917571396682,50.416272598776594,17.425065205204714,1.4686309532009838
2170,-10.317316661922263,63.53258866233184,11.218092511880894,5.757912755274173
2698,-12.382367605552393,16.219863096333533,15.611943152084882,1.4398471970251472
2671,6.140532235867601,31.855630641129494,17.71685222171749,1.419103743200384
4069,-1.2999076444672342,50.305664169496865,11.904304017643343,0.7999999746653348
4042,-10.499891619513072,59.21571680476822,15.098744758316084,0.8000010813936517
1215,-18.815660851797798,79.11885647934852,6.021913581223625,1.7557600402856968
661,-15.648839231863297,99.95102479778456,7.6772865235900625,1.499993103835614
2326,14.766619173841914,101.1569058747429,9.777424350332799,1.477449904477223
2167,11.100104759177,56.65218136319751,14.405697163826556,0.8000012903115087
3227,16.792691072424766,15.180606485068898,16.06501865833631,1.522273601321612
959,23.491366588248177,59.23779540847772,8.616525674925551,1.7557905886792653
5020,-22.646574821918534,19.393202828762014,8.848853803300798,1.529324403428579
3245,-13.116240420266521,23.95046808164073,17.301643342921206,1.5542629781582906
4004,-5.120951213216057,32.76830220198116,17.633192198699597,1.4835108907235726
5033,-12.019580231549421,99.69447110877053,12.281895558059286,8.425985421639632
2185,-8.114893885780907,60.03108259934225,11.184528805955726,6.52695380124216
482,3.8895964099647444,111.38230719627668,10.199833036489215,1.4897737411593148
844,-14.773769832626716,106.21397879109695,9.255834003803157,1.4787101539508234
398,-5.744141576060163,112.3493296818898,9.76658542104446,1.6217705064717507
1359,-12.322806183447234,45.133447645209266,14.46462229307422,0.8000010671512656
5265,-19.438279316587312,33.2716450168704,11.589346984990831,1.4761246674156123
4057,-8.443030854776849,32.957487387028294,17.132172560096194,1.4727953722955205
3864,-3.489300196123046,31.014194067968475,9.603231628672239,1.0782417181118065
5024,-18.287880554134855,86.92496651064744,9.93435765959527,1.4812774251097962
3781,15.505877209509515,61.070635568867665,14.090316200915817,1.4637949437142312
3500,-4.999804209708895,106.62196323466806,10.82351180452659,0.8000000445360581
2653,-0.4999185680915542,44.375108494326675,13.099065115523462,0.7999999725673463
1222,-20.144009536028236,59.02545346567338,6.6395323568211015,1.7071704450776248
2858,-22.39333869813634,1.8705236725232277,4.375975792789717,1.8419532366831617
1863,21.517875209133564,14.640065576870708,10.328981131632805,1.487748737910823
2667,10.300070461053375,38.27109418852828,14.453449393158767,0.7999997970123683
3147,7.403719620275425,22.894025418602396,18.846602220586945,1.5458444817055752
341,9.399241104959309,98.4805179982227,4.5892050182531205,1.4999961132340984
2668,10.300060784841536,32.97284295405502,13.86797678931656,0.8000001210474027
957,23.846555542534364,51.627232059808996,8.29565863955819,1.7967613509926565
2045,13.05002443647811,13.435845080714595,9.136951161230977,1.3745858738552401
2589,11.788743760810041,14.065015691985417,15.907811644353362,5.315584274377283
1853,20.54829252780778,5.301480684166881,9.667655445829269,1.6266261277796044
4908,12.33130024356668,72.39711697017421,16.067249639360895,1.4952355287241161
2699,-17.277430633729914,15.264630663067784,13.118394214042997,1.486732617237325
343,12.269607046302745,98.42063843860075,10.835372415139192,10.291811019035144
2593,11.557654653315184,14.57654660682096,2.8194898525144576,0.5424646118862311
3825,-11.61369591145678,39.158177306870684,16.23048659847273,1.5329424510040999
2273,6.100181184941125,98.76979392786592,4.989450509574291,13.734380743514986
5435,-20.87047338950169,73.98343801246837,5.005616483609597,1.6467413504643291
4030,-3.994121633883074,42.17022399912521,17.676907625076375,1.4887513133743975
5003,-18.143373883300583,53.63052262939807,13.529249182291757,1.4970754294209905
22,10.300178712624607,97.9804213554217,11.384440293863953,0.8000011326938136
3937,21.31762469583346,22.51841041244491,13.498687513775135,1.5289207949649875
5005,-17.390878368691162,60.78224654099887,13.511754564338935,2.965657006399407
832,2.8468036455516916,106.28574484380233,13.06937264530815,1.4580509868324811
4715,11.525884084175066,15.792279459790608,3.0837846759036784,0.545648776166344
995,21.721709881467877,84.55528332530099,6.600668008741401,1.7521110668686222
3467,-12.748390860364063,-0.19985185221711865,15.095927416983802,1.548936536820219
2857,-21.52872105003645,3.581282527954779,7.547091080412576,1.6193414521784608
322,-0.49986076557494946,75.87807159714868,15.650876402849795,0.7999998977101768
3981,21.413832068496426,4.091474753442595,10.997671409210133,1.6176504146293809
463,0.41753175014156285,110.01005600302969,10.732949332878718,1.4302112050501865
1834,19.047559338169492,5.164877963680185,11.54735752183299,1.4858112941565007
3957,-20.936919339055535,58.20900796938,4.883216196945902,0.8343981785777229
2612,10.30308550671353,34.15131907768471,10.936455278624152,7.6534097611699305
412,-1.1344744571064738,114.0662739490278,10.435378793786814,0.5890057620593752
4634,16.663869688393135,-12.281517884220415,6.638493005721626,1.0871922505985623
2236,10.868864644131886,72.4297753349165,11.303378527718683,5.1893792951423565
3924,19.67708121764395,65.49124995951118,12.469521226554793,1.4582519961376927
5180,3.769488429884376,39.400972058042655,19.329970906913722,1.4785039113732925
3824,-11.219991411950131,35.05072841638612,16.43010275343168,1.4923882708820682
1946,-9.104660587749864,17.95501393564397,14.724003715578268,1.3148491108555513
1758,22.009958844366647,3.7309916871916196,5.695985249251544,1.9296396952925838
321,0.8618174607912644,97.2203750437262,13.242696211184604,1.482608022429382
1297,-16.392166799607953,98.9360731021541,2.3103837716982327,7.2781630367403025
3659,2.3960167388387053,30.331320932092627,14.613255397473033,0.7999980926083079
3779,-3.132072754348707,60.73599871620044,14.271213561142108,0.7999971720767444
1986,11.100007602129018,24.439302369301338,16.559844022830884,0.7999629040700114
4906,10.544625765296347,60.65078077547942,17.498607041025327,6.447896699837359
2664,-1.2999602621924635,21.64178811594374,15.079934835137077,0.7999999929920043
5143,-3.1413397114527797,50.01277496495277,18.970386469789634,1.469392993500698
2225,7.109914954297504,59.947523454668904,13.063239656292653,0.8000004367676045
3806,14.243515924193154,60.75706145882441,12.070777134084903,0.7999991506586457
1416,21.03469362938761,71.58749121334398,5.90081498088452,1.63597487215428
1900,21.73117255487669,-3.5541226087300686,2.261700080097197,1.9653945280653367
3024,19.98987063186744,73.0835134491689,11.437592452676647,1.4398184775619032
5231,-11.882474448682036,1.9861777348537115,14.195777781472177,1.4668832362707374
2428,-1.2999375698905689,33.997751899961585,15.200922970191716,0.7999999710294765
2645,-0.4999320951724686,37.00023946822379,12.890855973034167,0.8000000010990266
2428,-1.299936218618949,34.745010935083826,11.349725260009023,0.7999999908933754
5083,-16.63404806880911,10.279673967510252,14.814558391236556,1.5309264581683
3317,-10.10613876231799,-11.035971526775423,7.059547797720946,1.3440924309490747
3981,21.216679906175813,-0.2873104955650774,10.118098028767903,1.6408428164559081
5038,0.6106721256193113,94.53491203421045,15.16044045745366,1.5197770410449385
314,2.3947541126052245,92.06805288378376,13.923132108434075,1.4942763535656534
4924,5.399904201686512,29.615996280576567,19.137792633707964,1.3782296678806423
3775,11.62405273122975,59.936831902939026,14.17782856241155,0.8000005072934097
2201,-0.7032694818546157,45.837345338126305,11.04847316481312,8.2475131375682
1215,-19.27307141695931,73.46800673453949,4.521509455950625,1.5939095460964152
2707,-11.450001910324076,-1.2703428254892226,11.843841591206118,1.260336893421551
1730,15.888705111413122,-11.051045304298954,6.846170025907834,1.1489729521551466
123,-6.929569610799904,78.17319543233145,14.916654728828654,1.4634539262352335
531,-10.32433409019296,98.44905629162346,7.875028838144442,1.4999929175220383
4619,24.63586271340173,16.34714554969448,4.138248164981481,0.7869262895909301
996,21.29340380754324,89.35759147145579,8.03902050401356,1.8880197166249086
3147,8.195075362410705,23.44097334335526,18.75953957761098,1.545888335881826
4498,-20.56068465072749,7.2426523935864955,6.33581681999452,1.7869959129860273
2953,1.2256210875086895,16.60940207044627,8.96819917110898,1.4009136930225061
3027,23.68824970184391,39.0103281055749,10.861277483442866,1.6977877206087444
2940,-18.182476886308923,-12.687008778177988,-1.3196671199335834,0.7450219116873177
5203,-0.5069128408382667,25.41021734904284,19.24914046639147,1.4542749615113753
4063,-9.699902244959944,53.064271326436874,14.835462662067629,0.8000006864242467
3475,-9.699809996241184,103.5306928772952,10.612368729043695,4.23899792675527
3587,-10.499873752260616,68.94848081958288,14.635876655068088,0.8000007565664772
121,-7.330372257207886,76.5587249177564,14.9992133694215,1.452849790585368
5254,-17.35203317650855,26.574360888358783,13.455588478896082,1.5029050044693684
4239,-19.275274578057875,-5.9138363358932935,4.506391053588152,1.6953541008258644
2850,-22.182156548896366,2.2634248952549996,5.310240247780119,1.7933297829367685
3781,14.60029006512913,61.605610087558226,14.487282564894599,1.503546569528607
4942,-21.077465868236228,58.823490610692154,10.472087480633576,1.5031594727940376
2764,-10.499947159594438,28.945430198366967,11.274889986816405,0.8000001907363304
2043,13.05002707283409,15.17462377487811,13.877586351304789,1.3043731527907079
2045,13.050025248809755,13.846513605984878,3.644502396484894,1.4729767889842778
956,24.27673786148494,40.56228673836367,9.592416305733973,1.8395586074255252
5042,-4.951187470683216,88.66536232565852,15.537617107068424,1.47369691396902
4508,-11.12251264492544,6.5208007846278715,8.108977151246275,4.700675256693912
4126,-1.7679654896286885,31.959218143392604,17.321235628338787,1.0892906513818963
2365,21.6414073771272,48.236585135711266,10.211781807790807,1.4564773921894327
1941,-7.54740324050478,17.994825689129655,10.570280971291247,1.3729664033655329
4905,9.389665571763462,61.80069998236733,17.634423747114724,1.4196755877941247
958,23.597686660786422,56.82550902283856,6.8320538178731445,1.774367927012662
503,-15.47548762368425,99.97789586810872,8.271647618499452,1.4855833598072428
4902,-3.833339823714868,69.57720905929826,17.66240633557991,1.506769873083423
3465,-10.068407960278147,12.261417983615477,8.279669991654824,1.3818109165857584
2720,-11.450017564959174,-9.947538615990968,4.375212841931534,1.388859581185064
2788,-21.51002690213799,6.605724190362198,8.52687299754581,1.6004878553159423
4161,-11.929875576642697,1.7688935155738321,15.690036483975934,1.4476277292333763
4895,-19.169866506952022,39.889864148405294,13.495901609393048,1.4867913281616951
5155,15.879775183426247,86.30947566725425,12.987570844713112,1.4877382137518114
710,-15.170804320136924,98.32617729714138,10.749249781447405,1.48642172518639
4560,11.868151594715126,2.865108079084065,15.807072638170487,5.142229510806811
5163,16.886971087244124,79.97764114591958,13.112397553065964,1.5110461805683946
3544,12.300190367940125,103.8434592207291,9.9792112194819,0.8000006815121384
2996,21.1425397122931,35.17279039048534,13.395195111255358,1.4998217781407788
5030,4.428101083193078,41.83640955452886,19.24641259421597,1.4561123117359633
280,14.91707242403076,88.07696828435348,11.453367103472447,1.8456291426230562
20,-0.08069522985208771,75.55072628140243,12.805028874782499,0.8000018865665082
843,-15.661277399613564,101.79487852942682,9.694191577476026,1.5009188612937072
1923,6.283923693131356,28.886202400712726,17.643315890401926,1.4341309451589337
1928,10.059325987693459,17.969227163960912,13.237492444392803,1.3264088962852192
2091,18.1128417695121,66.42106937529431,11.76432268614673,1.4706939492975333
1377,-16.99663589483835,48.8232227478794,12.896068569555243,1.4618622094883276
957,23.7803131001252,52.54999386699712,7.284882663626953,1.7731673950222382
4888,-8.220546964381391,42.34373910266915,18.577189514675513,1.4898258745748023
2222,10.300092830408484,50.69272442635608,12.384350918119189,0.8000005233396081
2623,-1.299956287805704,23.81872899703919,15.419156305248938,0.8000000137920129
1300,-3.280548524069884,45.149917659957524,12.744938196902051,0.7999993519366183
3295,0.2707849981725872,102.39117191960887,13.87296251769725,1.4448307912645681
5156,14.223879146021677,41.227197731813035,17.41527146404819,1.5002829772863515
5148,9.96169891430218,50.3385457608858,18.221795407554087,1.436985289390857
1413,20.020156325880833,84.02350031559143,4.052754191946739,1.61294540282994
1408,22.194169681779194,48.35425212947693,7.2444408765694925,1.7436401951713014
5180,2.428647974148196,43.27894703208742,19.336989216642188,1.4594000057601182
2705,-13.21655377840353,28.653612573417213,15.75011054321245,1.4560540734511893
5139,-12.187991594864727,53.54124050859008,17.02974193390399,1.5030384913887131
2764,-10.499945370522514,29.971016562907327,11.30782035104145,0.8000001907366782
3705,-1.299878994064492,65.91909840973508,14.758563430489929,0.7999999540748205
2771,-9.699916763882507,24.380855245191732,16.59716678057089,5.2135870461483
4042,-10.499892013060041,59.019130316094646,12.972460143678914,0.8000010621966301
2592,11.559138164667214,13.191237940460834,2.2888787951752607,0.5409623991282487
3725,16.2657128745031,38.544450242199105,14.90197392491152,1.5113204130147906
4073,-9.699927390160482,39.57032291789999,12.700182384019673,0.7999999026660297
1215,-19.021947257395006,76.82090097005556,4.278534445316265,1.632173294890338
2222,10.300086215544923,47.09537350721041,12.451693410091423,0.8000002791184491
4632,17.559753130431787,-11.139382514388428,7.773426991504294,1.2403416630783979
3937,21.33478491313484,23.027183994186593,13.484296913293017,1.5202004559866296
4469,-18.421611146397055,18.29078126954655,12.496941791383806,1.4347949199676648
308,7.680625969271927,93.01670001216482,13.272749948505087,1.5182869218189585
4068,-1.2999032095111143,52.732694685826445,15.340863849792306,0.7999999794277871
5535,-21.63857772133644,21.000676430558602,9.38458758204491,1.0094388417720315
1537,15.539709726835156,45.93405028442123,14.400419979765358,0.8000020558888851
1851,20.64528443835234,12.235651460989892,11.087763415816344,1.4930814598292914
1555,11.331514978080584,45.11962646590115,15.90228052164759,0.799997838851145
5176,-16.261680896805792,33.51799305026352,15.757938596176984,1.4288393289443917
2947,-9.882867836643918,16.01873750948135,6.463885065213273,1.487668840110221
1019,20.124698386418544,97.00571182734286,5.659875065485158,1.862238954134313
3716,14.77669218118837,38.81787455345581,15.619976069369748,1.5444670584430669
140,4.330842279109999,82.33582930857263,14.996610829916545,1.4669358588517387
2990,19.921376640259215,87.01181241881967,9.896582414656738,1.4760963896526007
1217,-19.37523968995692,72.34724854376728,8.666038738292567,1.7543788760662982
2264,9.00508967365947,99.92787918316544,10.08726477103222,1.4999892952393281
5139,-13.898163394140424,48.24756104342802,16.621395619513578,1.5033737765222104
3981,21.444804047965278,5.25791004644608,11.257086742380524,1.626298569522481
706,16.159206097491342,107.69334200019452,8.989769644360413,1.4767486830631784
1530,4.378909450711183,45.923431301955176,15.510220757045676,0.7999984119216861
5093,-15.427523852285805,-1.4632345648967306,13.61351608554002,1.4579394139169712
2761,-10.499967529764556,18.369956500358196,12.836695071931638,0.8000025689649088
465,3.799804923678958,107.6491522205286,11.182643703158494,1.4549597074527278
1045,-11.510808831724232,87.40224868983913,11.446898688058868,2.7331774315274746
341,12.43775497449118,98.45078472944074,7.690427085711127,1.4999946716416763
3147,8.017055410026565,21.13454562398472,18.67790564949035,1.5228045643322254
5463,-15.860570679514742,-13.289186029880236,-0.7919692450089897,0.6814752927810563
793,-17.940172739762733,98.03037646786169,1.3778580077877387,7.021518960763508
2964,23.56798818225546,34.19317363263858,11.140331726304602,1.4954665501256905
4994,-19.988229116612363,29.212318179654176,13.143920481394408,1.4266927691297113
1655,22.93942909040282,17.476939686132546,7.067581584664834,1.5291937929032573
599,-6.426733378566116,75.52923278798498,15.047935114762883,0.7999979164694084
5138,15.80584637180247,38.617069487948676,16.864629747330074,1.5574503407152551
4072,-8.993750013082494,59.95635114679213,12.14541621314116,0.7999978466308718
1944,-1.3613456197734055,18.003806350046474,9.63224013695864,1.3893438658613124
3716,14.4972919047905,33.72752509692144,15.834208219041534,1.4940457011314376
2091,17.70213047251088,62.223186154260084,12.508727148175787,1.475327254329094
5179,-7.219527631610659,31.22336510979297,18.814634385298135,1.438670062799839
4904,6.474865923103043,67.8255546695553,17.729798911265014,1.5326008133433826
3967,19.673373359663138,-5.983572419991194,10.005257380157344,1.4932975801419917
5026,-19.23935537654894,63.38288738851723,11.692654944329936,1.4775355174757143
4895,-18.76462282082434,46.88932796386645,13.380785932138837,1.3929540428692477
3461,-9.955236664724424,10.832046079031302,1.1220880970584353,0.5448380150794471
531,-9.925633058269904,98.48612996362425,4.007121581213784,1.499997387923858
322,-0.4998517294192649,80.80862224736435,11.97302385902831,0.7999999801386274
2236,11.007311863725988,66.88303958975884,11.250209247579091,5.687208654926365
3228,16.32986189327088,15.663823767968296,16.29216063072749,1.502542067791929
2076,13.05000067941534,0.6467698380548808,13.372445636632605,1.2377973852162083
4496,-20.47521040834912,0.8872795076116027,3.9465324632259646,1.8423343901141953
5204,-19.387503742911413,90.78878435548208,4.714320793130953,1.7617334962111397
1411,19.943429694396766,84.7426914815322,6.4416925767552495,1.7457259147305768
70,11.654063561375573,89.59835019915302,12.836818410915896,1.4674163898446453
2953,-0.2563757060580514,16.570878304352803,4.0714020917168545,0.5362426173757229
1199,-10.93360801404873,79.1578013538338,13.728338317670163,1.5139018355305234
2740,-4.672732615476867,20.18098477563815,17.313286801599595,1.4948093574430954
305,-0.4998230562363962,96.43711922305505,10.99041177830997,0.7999999818949514
2267,7.553839075780365,99.99254677724102,3.341645966317042,1.4999975672155277
5204,-18.718980454385246,95.33985207604198,4.905681590264347,1.7879183767084512
1801,17.4451650016156,3.7590521494586886,11.589527728780292,0.7999988345636125
5140,-10.87141128400404,54.494836379564404,17.438598992765925,3.7543893302869864
4071,-1.943513400699381,59.960104005155024,11.752550841248214,0.7999975383630558
2110,11.34675030774647,54.06106117843221,16.222680751510477,1.525966605570636
22,10.300173540029252,95.06192273954653,10.584820172376466,0.8000009655071523
3655,9.013106678323846,30.340165340069216,13.689207733970148,0.7999996351421637
838,11.373878452800502,107.97550033341416,11.38207616450885,1.4511054982782048
5316,-20.05788863877271,85.23140477103381,7.732814842417808,1.7738787038466624
5123,3.866813791014387,87.1729086678796,15.936532735712547,1.4165001458474535
3793,13.17849024818613,66.96303070403974,14.666273738543545,1.5109751117775894
1486,22.31947817471778,39.99676022992244,10.055269223506652,1.4917981479570621
5283,-16.431952276531288,12.935108097192034,13.431583936951366,1.4697463880549106
1683,22.06292063759951,-3.5582489822783465,-0.3738293989781657,1.7045201569583004
4923,1.2057623934898052,27.435337590799712,19.33467454668186,1.4737269280773335
2953,5.244916688090576,16.642705878456063,13.202094534709442,1.3270107529597397
5033,-12.144752702901378,99.29696228558235,12.290700266282766,6.108030887019467
5155,15.678742361379413,83.52106921071761,13.428441739858423,1.500457509159423
3020,17.53143394371427,83.16009257668463,12.282102717262697,1.493147901687263
1237,-12.606051769302677,45.182876105087296,9.308307741484636,0.7999983582520683
1532,9.867042061870958,45.91779820868122,16.09679845669867,0.7999971583352598
258,-0.4998533321340431,79.93978182142993,14.924900723008102,0.799999914816161
1412,20.001325279642593,84.18436918146533,5.11516570292994,1.6905801843071218
5060,-11.558048040846273,88.13238899964092,14.067537959544504,4.837304005728659
4043,-10.499892363844527,58.85617338792606,11.407835757764614,0.8000010714108083
959,22.986288015438312,68.19938197154742,9.119286364813524,2.002193686833676
3789,-6.73099559943389,69.59782584416621,15.736527686073938,1.4733122336096192
1219,-19.584920721001783,69.22008317270746,8.239573006741132,1.695951874506746
4608,14.986146896262127,-14.220974769023826,2.692927425526257,1.0561852755063421
3705,-1.2998721665177715,69.62218400455203,16.083990140896645,0.7999999294722643
1380,-18.206049767050033,57.0425947691006,11.240364918722483,1.501118824076248
2042,13.050026269909601,14.717194384891961,15.454651911477772,1.2737358577081013
4890,-22.20797442175626,31.34557307427485,10.909680570176114,1.514725427950853
2345,21.837554121553275,62.35102042303475,5.158075879189155,5.681091587150423
1384,-16.679089435291022,55.85424522656903,12.624768754173498,1.497415563461598
1199,-10.94749622718744,80.55265676841745,13.561521423267065,1.5357683797434167
5134,10.58056754007067,87.25913384097457,14.964758805139027,1.4530241288746926
4221,-19.83188252735922,14.344730090646948,10.378336245397543,1.400152750373906
3150,3.3618603182526043,17.852048235079142,18.926500822755365,2.347788298020277
4999,-16.2329471793549,72.91628048760467,13.227519737175466,1.5013483705045783
4160,0.4150763012168083,30.006610016619202,11.576205211233402,1.080222082492356
2214,6.4305917324085575,46.08457589827475,17.54489837443481,1.498189976490947
3667,-8.982422991994946,74.76087944717807,11.743466826830383,0.8000019989318011
4070,-1.3089087115329383,59.955147600137906,12.269462559442324,0.799997862008615
95,-6.505947493427082,96.74358744461743,12.669457345319667,1.4991958399102394
4918,7.071046645224725,46.15257510583829,18.971683091894654,1.4964470655391766
5122,1.1296409060729855,87.91263001716018,15.994135184176955,6.757072060043842
4273,-10.555786352111916,5.26990189834902,9.035261339382766,8.654277030771897
4598,19.50089316236902,-8.429709577661043,8.734198953480332,1.4751948041219918
3258,19.155400112532266,5.724300855469978,13.559026428705847,1.5270634097259512
5097,-14.754857126094613,7.747539411369393,15.542987119283536,1.5122652618182097
1550,5.845332697113163,45.125193286277344,15.322589516221832,0.7999977832440697
2577,-11.449975682600886,12.886603341594963,11.243685132951985,1.334357044280929
106,-5.539317034650282,79.68658793445321,14.973004059106955,1.4966436949966495
1548,8.46938374732328,45.17077235678683,10.567185063738574,0.7999978424978331
1924,10.198176235455332,30.138467221672933,17.115269409737685,1.4228271815275868
2211,3.5476547130951515,54.157543420099046,17.398051627084616,1.4463181197219257
4953,-22.948584931915615,24.921469954533045,7.605067039796815,0.7967128314457321
3676,10.30011155209555,61.13283316726868,12.620296315786542,0.8000011830166545
5074,-12.622697860035142,12.952377476039901,16.775579633882902,1.4030419008473267
525,-2.034059558403838,98.40258078229417,12.722235670271811,8.826039312274462
1888,21.91804036138482,7.462112098031646,7.495377069498714,1.7513921801527403
5166,17.575934113798375,59.526171042048006,14.671396548452329,1.5095541800307608
1421,22.451343930389342,40.17232363635953,7.095829234087125,1.734841321615793
2596,11.596601396854766,-14.227735205142766,1.1931557783142548,4.4632722353370635
794,-16.450078733996545,99.8813988862203,1.233776367733456,8.093910932126764
5134,10.777571146111555,90.77218633184599,14.488135207678926,2.0987180546251865
1846,21.50561787748067,21.031846535678923,11.179149586392107,1.4109407202862612
2865,-19.460021672014975,-10.00969414767248,3.949844599863442,1.5523231495417522
3281,16.357495455050405,-0.4252605454208125,14.22712130258652,1.5224104865004588
4889,-20.448791584168074,42.68404705272354,12.236329413567201,1.509297690997668
1565,20.021149910648987,-10.173773077152257,-0.8187089971600777,1.4270772846310613
5027,-20.205586692912455,64.37650277616194,10.716855788672355,1.4793063555399193
1498,13.243835192876407,13.733095266806973,14.345934861428717,0.8000060835511963
4050,-10.830778523843698,54.852633050984835,15.872324253762638,1.4834138738555773
4049,-11.236412724186009,49.992515869635625,15.990147359895108,1.4589689436169377
3722,11.100072653427194,39.43237138192134,12.00217103055795,0.8000000214710795
5092,-15.59544769377175,-5.153349858992968,12.406916958522398,1.4756042763079888
4904,4.485455955584167,64.93094770765306,18.070559816858445,1.427886753205465
2963,22.61875241412874,37.64227578324815,11.993064369380704,1.51164102604489
2583,11.794171270713406,7.08354360935176,13.688473721651098,1.256030333676353
1540,18.473518813898544,44.91163332653823,13.235084094288808,1.4506429530229
2103,17.488096869873715,46.279933096528204,13.881180099211598,1.4544698108976482
4942,-21.430787712881738,57.353587802911804,10.267200695429192,1.755667978402168
4888,-6.4405614309633545,45.985286112250776,18.791982460456904,1.4488145262542453
4469,-17.54993376407339,20.55402812193853,13.235109321211759,1.5015226166145523
3934,22.983886762127373,23.71795249640575,11.731055415702816,1.467233650805006
231,-2.0357702734619783,88.81867309086253,11.185458875736034,1.0879086056893612
5024,-18.34776244068303,89.36262606400253,9.574043783692881,1.4991368656586141
3193,-15.936185029235103,44.23472217302503,15.656704402483218,1.4259148502777375
5276,-15.00498762534646,9.314062966988216,13.916007702058161,1.4876545262909733
1914,3.9322069917382216,23.413650162181604,17.58520072520374,1.5093529393890786
5144,0.41007557774920306,53.88840573906877,19.002175854674693,1.5253640422904082
3665,-1.2998632261101648,74.50406261853593,13.635190235281545,0.7999999383935602
5144,-2.5547541910391995,53.78404393782846,18.82571206927593,1.4597965564185147
4955,-22.891256618742066,21.61306455330156,8.1944135930361,1.016490366622763
3227,15.823330836714256,11.221365664676108,16.128547808884328,1.5034535190675247
575,-1.8670584211373757,85.31191910596837,11.049716805565888,1.0998530342642734
5177,-17.033410071377915,30.309512053007964,15.358861503492395,1.4356920325653852
5228,-13.436910061670469,1.2270460549209332,13.452371838162074,1.530631241553376
4049,-10.65644846989082,54.354291895718596,15.959719692391342,1.4773959095286733
5030,4.108678428262882,46.23882869902847,19.17942102994118,1.4207181841574101
2279,18.90259246112621,98.84963841239306,1.3140819778133994,7.513492927235663
3493,-4.199803836173691,106.79479674638586,11.036195894217219,0.800000042784389
2764,-10.499947099131887,28.946581869168433,14.77163862148914,0.8000001907359575
2267,6.741796914440191,100.00115391820006,2.4440023210605304,1.4999985926790182
3952,-21.717907449671902,35.517832108602974,6.754414896525583,0.9076920102375952
2577,-11.449974310110631,13.637888640941354,7.7354493146531285,1.4005662134378036
1953,15.226535554733573,28.528914420967567,15.551604096702544,1.4714495092159205
3813,11.100129371867375,70.1903656114255,12.374501156902776,0.8000004738593511
339,7.6383374963319355,98.44016427709329,8.799883736415042,1.4999871536718927
740,-12.159322234088478,106.53727486887207,10.880358669148073,1.5021234752916284
3135,17.45544388619296,46.11043151118827,15.625897066140315,1.4531400123498055
4901,-1.9112402390561218,31.635694164604235,19.27460514134176,1.3416006630441988
4905,6.7192832551859265,58.95969023861168,18.369734155391928,1.507102062159769
3809,17.809036929984455,60.75374617708563,12.4159388620178,0.7999969163314853
3028,24.128242922905194,35.476991449402654,10.521151204747962,2.174828217787571
2849,-22.52422279148013,6.0872790674601305,5.644964482118127,1.8432850361080764
33,11.10014519092365,79.06359006774123,12.638452855238993,0.8000002487751022
3652,-0.4998849725748565,62.68178313069024,16.905595919000817,0.7999999985842967
2250,-0.49990294031422905,52.8921693891875,16.631698906639542,0.7999999553766283
5143,-3.5169944642141786,50.71751570324117,18.91414689123233,1.4770620467661404
3454,-10.705739319559388,-5.963159138694834,13.794949111828272,2.6013041764785085
3646,9.732310844370911,68.9570803292038,15.51417500575933,1.47557590479272
2957,-6.236194126194409,16.605368828383902,8.45367494883379,1.4098933526172042
2363,21.345752818648105,61.87288809518364,9.40053956476565,1.4346861639133077
5435,-21.185856789260143,69.51439884568784,5.788853600423714,1.6170113078921073
1913,5.464145385880011,20.570235486567967,17.39458275172659,1.5126401058630978
3920,22.207122889678278,-0.5151890453871713,8.494838098993764,1.7246845358192064
4860,-15.486141124952418,90.76374586477726,11.654864350878679,1.4969295438470505
3843,-14.729512729535742,99.25804356749198,1.7264918212433662,0.749991090423869
3653,-0.4998767340047584,67.1815821232577,11.724563029100969,0.7999999510825202
5146,6.119459758250801,57.3650207731026,18.536626927369827,1.5191822457139463
506,-10.29469581582312,108.69912847627256,9.427222659234667,1.4705033125322986
3919,23.452656001049977,-1.083345438335241,5.627776624469515,1.959341615117757
3432,-10.226772801911192,3.165349021703953,14.681817849500703,5.171218780426309
2214,5.488209881283042,54.21212977541073,17.241561237491844,1.4823545696751643
4217,-20.54042394944645,20.773816245890078,10.267592969529264,1.4176376641621677
4926,9.212959493626524,24.993389825359095,18.671550537975765,1.5390755128181342
2722,-11.450024411914658,-13.55091366577369,1.3357501795925573,1.449475446036023
2618,13.948084480655684,30.548087084392378,10.9019158616038,6.709360714441867
3706,13.668526653600566,40.97868632280742,16.025094533483646,1.5074779664742817
3706,12.367222901715492,42.90832943220078,16.41702212657004,1.5144327131613537
4073,-9.69991736852741,45.0383227632502,12.989786017987718,0.8000002004849981
140,5.058081297200658,78.1084670088351,15.377766433563265,1.45998187588128
587,-10.499855910063733,78.71350696999936,11.706096796700415,0.8000003256370212
1944,-4.324176318035812,18.035950218845013,6.279395574155209,1.447868689132555
2646,-0.49992661276041794,39.98526769497895,10.90073264962162,0.8000000396019878
738,-10.961402033354707,104.86053812472673,11.687800610113106,1.4630926419662968
3830,-16.528426142620756,41.72977109602617,13.623554062614991,1.5058014752851914
5180,1.029440192478709,38.705046834259576,19.501818273128894,1.5492732989506457
3826,-12.882837662592243,35.508265307066694,15.818941181914441,1.517774975601838
5144,-4.772539700361291,57.37427562445715,18.520633080656467,1.538761045134885
2771,-9.699938399299374,21.56034388986378,14.97508972286171,0.8000477528604533
1236,-16.072995564832446,45.174911070948625,10.139806901580592,0.8000009422109463
138,9.952352030390195,82.847316483585,14.092969231726183,1.508728500987939
4038,-2.932276980511453,56.073714736178815,17.214666699371108,1.476893548569121
2379,20.47831190042947,79.93583408947546,3.7893144225548645,6.493653442055076
2571,11.787798404408466,-3.4779172371800717,11.580416729121058,1.2623854561382346
4928,12.099863483056648,27.643678603889484,18.13461877022636,1.4623661994121624
4901,-2.052114701600854,32.73379598122395,19.28591507201738,10.530771333770938
1947,-4.8692947381459435,17.941629687270854,16.119347978341604,1.2761043951616002
3304,-10.138511656807042,-12.132903973140722,8.210231974492748,6.363248981845895
2765,-10.488300985745969,20.48421768142676,12.80553889159896,5.136594437144118
3652,-0.4998737325383514,68.80728345070764,16.145768936009944,0.799999937335769
4901,0.7125958587985077,27.132654199546437,19.347215985723604,1.499442859781622
957,24.015808171863327,47.36689752981208,8.35232675370772,1.7837514470398301
2257,14.891229853928763,99.95183517431099,7.587240565104696,1.4999962838797398
724,-4.272743297712966,107.71566838394949,12.473245417910167,1.4277622823463796
318,1.9837992889415121,88.15717187573549,12.192986500860679,0.7999957158877107
4993,-20.775440821829733,32.36485080340918,12.371221270230848,1.4861299406980273
3822,-10.499920531126415,43.28599388954732,12.07649965303808,0.8000000745770858
2418,21.90012360406407,66.82841350054355,5.670813928922501,1.0387000131096005
4966,-21.63967164826985,62.89090710815626,8.1065119428816,1.6870737759919185
4947,-22.18905371911803,50.10093458183521,6.41816633194552,1.671204816393774
2271,16.874820545366813,102.66745638312742,7.181786868691444,2.194784502038352
606,-11.911808844076846,99.97613909269342,5.056671991606297,1.499996247607114
1894,20.85825256020463,-8.078129475519239,0.5970307132400934,1.7517784804477037
1986,11.100023812813456,20.409828085750846,14.836524948977065,0.7999866333535427
2115,17.355088152839883,90.54391849679779,9.582259256179002,1.4962840909137476
461,-0.4324452545984888,106.99858372389681,11.413855990253449,1.4863467665037264
5037,-7.348759384928324,73.27378751117946,16.783729341456187,1.4497032840818127
1655,22.877007260279075,17.57116033638363,7.423514795763083,1.5480266876442839
1585,14.341477771020756,-13.272608612246174,2.676204963319451,1.0389254025190142
4886,-21.481286926125343,38.69857973381461,11.497841064677758,1.5348746851523452
4894,-22.01824868546078,32.73706958565503,11.126721984904295,1.5097710801132889
5004,-18.664830480497727,49.828826824286836,13.293237315961502,1.4343056146729627
4923,1.1430692245058087,35.98797611415279,19.49021654486538,1.5166936357638898
1504,14.620034060641938,10.270610041947904,14.866336507964077,1.5498080529952438
3629,1.300198123903963,107.96057294904503,10.47801673783548,0.800000061573204
1464,23.383077425967883,19.92343055315736,6.208992780792212,5.4226786095993
539,-7.236044537089233,98.66570557663215,9.554774663387551,4.229227725917001
4335,-18.159668004948976,10.002135395074315,11.640650523603904,1.436591273383756
4578,11.769899715476193,-10.38561736538601,10.403566600536644,4.959269385380645
833,6.34565346498126,109.04576737072028,12.071810187779548,2.0557909018120437
162,-0.06790073691785503,90.25564075521189,11.025352972895146,1.0986028317553291
4536,11.921033070494431,-14.997318194764674,1.0502569169623084,3.7221921818251076
5203,-5.160389650615082,31.283772299298576,19.09054126420134,1.4450640669150443
2120,16.137985647898283,91.52906844212332,10.385821788705869,1.4919713292413799
5458,-11.283221903586181,-14.35576862798331,-0.7808627034905659,0.734238021822088
308,7.49564415809995,90.22881387183622,13.676825340098583,1.493472297851364
4948,-22.855104012634328,27.508519134048743,7.1389564783681445,0.7988890108558225
2656,-1.2999312046054492,37.490540971855594,9.690312400969491,0.8000000146540427
5053,-14.80854999174586,86.16419095680791,12.677794293082643,1.4891086918753476
5528,-21.46698622287593,13.801061444212309,3.5562252225085875,1.5823257003407463
3821,-10.499922385811514,42.61209923978587,15.715003089238838,0.8000001496857243
3681,2.1736447196108974,70.72761224106807,16.260280851608616,1.4901597033106067
4984,-22.633976726798668,41.16492294937035,8.838526994256375,1.817160504026567
5500,-20.373215447565755,40.53226026330466,10.345901306114298,1.5258580928884307
3664,-1.2998722767012867,69.57604488979653,12.117242032833566,0.799999937972781
36,11.10015640490641,85.1724864770817,10.706011601541249,0.8000001907335094
3207,-8.398677017770579,17.940004923681755,18.24524144057281,1.4875412781720876
5141,-9.07212355078336,54.07859072844991,17.891777765769376,1.4640391500774537
2777,-19.04635873669935,14.666234443274893,13.496029914662017,1.4522353277775997
2221,10.300096444572112,52.69009334130878,14.675060875780723,0.8000007772788906
2594,11.60642890200564,10.784023267962844,4.096729421265446,1.443844512434488
3009,18.234417502093372,76.80490570054441,12.502689729004462,1.4963782381911412
5540,-21.37776267607457,9.192725482054515,2.341352292819814,1.6978104043576454
4924,6.159068390614269,28.81729041595534,19.083922230122898,1.4251873182008408
5144,-3.229090493492066,57.25559511145876,18.620660670187284,1.482343817510429
3781,13.94918782184463,66.58870803690897,14.360788007547756,1.5095449942477905
1941,-8.445857249772637,18.01720605868503,8.235634135261634,1.4137205606458543
1971,14.325848141287427,23.827057836286144,15.821785440526885,1.5315596333881158
5523,-20.221173549765183,-5.055057111799426,-1.0094461783687114,1.6529166647602318
756,-7.65347801151667,109.7343722369666,11.458600212486884,1.4714359274891444
3145,10.990701881165506,19.29353869539473,18.12939633996788,3.3071090371959073
3508,-6.427316831162958,101.19141682780891,12.002140152405413,1.46063437673829
1409,19.520102160218507,88.3430311054318,6.540888640937279,1.8227709764158537
755,-8.169450181665926,106.32264888472758,12.163618305202839,1.4722754074990936
4069,-1.2999147746377313,46.3929556307346,13.33162826806337,0.7999999237766391
2801,-23.001891254471694,18.34043437716412,4.723985389186915,0.7597589015271731
148,0.7532583500269591,80.74010211101125,15.305649019480276,1.5341401254955567
596,-9.699860118627566,76.3128118398875,12.319710933886512,0.8000002032618125
1471,18.742197719897007,93.99569128313993,4.238566889984879,1.7280271399611207
2633,1.3765440074862367,29.422581833519082,14.911023376315287,1.1060103252958364
123,-6.452016394679575,75.97275746225219,15.241809621091363,1.4351885469355674
3358,-10.120706046291563,-10.055046280784321,7.794553013924443,1.3295119012654764
5171,-10.0737555110608,25.94892993932668,18.212552544437226,1.7981336110908763
2643,3.662918988077119,30.889392482996513,10.905187462648955,8.346624414769817
4942,-21.461171588108794,64.82508492333982,9.551082784471136,2.3295171188794224
94,-8.218374184965944,91.65063625951572,13.035063161665866,1.5107221095410432
927,24.366469129137883,2.2067810051214978,-0.6851600653721462,0.8037466700264952
1364,-8.858796690936863,45.93779715347088,14.014143527744164,0.7999985228114365
5078,-10.84753807490893,23.019942755643143,17.967423225796537,1.4979817293823854
4924,5.7822337751306545,30.45255623986666,19.130344385105033,8.24122484466358
960,24.51911210553486,27.01288945318764,8.485717472315343,1.5283273561101036
1216,-18.84342051249463,78.59283195564328,6.880528649749934,1.766512400615512
3639,1.5708289317812663,102.58968132518267,12.372795290646113,1.4298949449195444
2254,19.795786069690784,67.59435667211392,10.239959698147619,1.448184837543284
1283,-17.91152647797769,91.28138982558059,2.9062067843455384,6.687314463329131
2561,11.71363647883128,-9.702693518631744,7.382106432592433,1.3365413218383941
1478,22.019340250567108,31.971605676863057,10.648955193065516,1.4933642571359522
2803,-23.002439006675495,13.81263794689749,2.491751752837305,0.7627422341726671
710,-14.611523371405621,97.70430574909253,11.24081251887982,1.4856377794528908
2092,18.585000367404415,72.19942949362176,10.81286561873428,1.4341517920404554
3534,7.852748115138529,103.28141636236418,11.653492294042483,1.4874013759020317
57,6.477182762971105,75.53781891791472,14.1498968246367,0.7999966103602217
1944,-3.789219332169445,18.02893921210755,7.010716856969568,1.4351032818889573
1367,-16.735000674649008,64.42390150825534,11.79962428435248,1.4567745783880095
2953,7.589296696802148,16.603386475079592,8.205026267271748,1.4142348052518605
5014,-19.478152524317572,19.617061939800553,13.592280645763262,1.4988338310724683
134,8.658497355774987,87.35356213540564,12.56465174166773,0.7999983631883686
1296,-21.802111335813116,31.929435525873657,7.5260301428653005,3.8511916691597894
5026,-19.484831918221282,66.73752247698738,11.148355989721365,1.4916423477762764
710,-15.125112716867239,98.00009053997903,10.835144712462176,1.4845704797776167
3002,23.677487272996036,30.957791419664336,11.03847455172118,1.5126890760247795
1352,-9.60265940719261,45.95605991519207,12.109256041615502,0.8000011874134354
1487,20.681781496671906,41.84593828604616,11.530152430139406,1.4770074093529788
3747,18.001753047262618,99.25480206365272,2.058031686722031,4.4774286650699215
1944,-1.5797794828741427,18.034549864886237,6.424966035136328,1.4453275585699183
3638,1.3001921619230634,104.70603847860346,10.753605700242218,0.800000040832292
4006,-2.8895410901138185,35.535184961319615,17.844533298746807,1.4407029799339865
3287,16.96362391290213,-4.087990852554566,12.948028968879374,1.535325024128585
4905,10.440956481264122,59.351271951234686,17.618115267941743,1.4132048507430486
2649,-0.4999388112867593,33.337441345676886,18.000418161189486,10.676376384870325
4132,-1.760118277887172,29.47969102905956,14.115458652923556,1.048456546699456
2221,10.300091785409117,50.177630661631696,16.02590430690713,0.8000006783599907
5156,14.73758299348834,45.0392074667105,17.05417458597102,1.4276793744290766
99,-2.504158827902529,90.20692522269917,14.113628715051469,1.4513214173295952
1935,10.536759263886434,18.009550416794262,9.03068542779044,1.3998407715057706
5037,-6.691827740006801,72.99189920496748,16.937858625681372,1.4619375643963135
4644,13.827734949156124,-10.411669312520244,10.653592861270067,1.4697811039188624
3903,21.520739462136508,-2.587884549709957,8.862451299793255,1.680541175968749
2211,2.9516412797757234,59.023066854928686,17.166331452265815,1.437242032463749
2664,-1.2999646973924528,19.20387709023533,13.903524725695942,0.7999999506802759
3656,5.542325713231419,30.342767441283602,13.418474593341896,0.7999988587541085
5138,15.740640486260725,41.95833490827493,16.779723229922627,1.533353168801328
5200,12.661064452023005,97.48737122096719,12.965790655047874,1.4592775665443123
114,-7.470479973303808,87.36273868601397,11.610791107637883,0.7999938306310491
5128,11.790162191491675,78.59543606994822,15.62121761761787,1.4962340324984198
1223,-19.748517647105007,66.398834853072,8.204828314052989,1.6866538548711993
957,24.12376751368531,44.381641084203544,8.032994160923856,1.7862583186904089
57,7.657071356638564,75.53784953307664,14.14660190687354,0.7999981441633442
3950,-21.88099654615743,31.092637285804788,6.864574107267649,0.8382416524361926
1972,16.677000518346844,19.86358750960745,14.699853027187768,1.4720401411960848
4929,13.078926308018245,30.09584925823656,17.879387635977974,1.4377130737345474
862,-14.664544314515576,105.08896192027696,9.689695898172845,1.489222042069722
2167,11.100107242520673,57.97671183817766,12.321111279104585,0.8000010791348371
4618,12.807634674485382,-12.64108171871348,7.949652638516186,4.268765238424175
4312,-19.191431340422092,9.940139136516489,10.370554679626295,1.3834409581089873
4941,16.434425713851486,25.50584396700101,16.64708049797281,1.5305011829224193
4073,-9.699929463385864,38.47387578914262,13.064797669615675,0.7999998395379972
5005,-16.446258106943745,69.05149987137433,13.451361513614923,1.4816187292893825
3793,13.220714954957636,68.18332749446508,14.535402877213205,1.5256773285679723
4871,-14.247998802821327,23.74350186857223,16.85325573567821,1.4947947395380523
3705,-1.299873696550826,68.7918767523861,15.451876852268814,0.7999999324510833
4566,11.826814288319472,-7.383228367283861,12.631816377370518,6.085057218230096
97,-4.92916257540352,96.26567479850596,13.001659306182688,1.4950649701945422
4872,-13.824556795310995,30.044355489300045,17.070772441619148,1.4298727835532248
1529,2.399558659200749,45.95963864287702,11.733412133017875,0.7999979447737358
5007,6.910298492029388,45.44471377052057,19.01657398941504,9.162011065987352
1686,21.402537857495155,-6.514995886967381,0.16113164779972766,1.7041896421050646
2589,11.70992497361788,9.314056283906298,9.585828480576243,1.3403641288005592
3227,16.756321345564945,11.931256240177818,15.798184494523575,1.5053969082208403
2723,-11.45002101695161,-11.566115903988836,0.47270336211846486,1.4600094547714064
713,16.39152257052433,95.47703729762566,11.489118067803554,1.5001553893482638
5229,-13.69692396461731,0.08463865365688833,13.106475129791272,1.53789167983212
1528,0.3971294244153976,45.92742262128963,15.094537464730259,0.7999967793467722
5142,-5.777290651953675,56.9461474454759,18.383269061329557,1.4978982647872598
2364,20.34955142828896,51.24907493197078,11.199501572837963,1.476104700208054
3930,21.210594593377845,20.884733961600098,13.563121008588476,1.5502460091780284
2645,-0.4999249690156495,40.882105227736176,11.106980585383436,0.8000000390213997
5149,12.987535309275783,51.73834380173318,17.364782118105452,1.4689715247825048
766,-13.259514430880643,109.07372945449877,9.521816748297773,1.2124392937567539
2455,11.851544694344327,-3.651277504694403,9.797333018082302,4.649149390520102
3206,-9.996586267225975,20.0541959904607,18.032313468304707,1.5027285039116318
2956,-5.66667383581926,16.669466103183815,16.600164781981416,1.2676908140726857
146,1.0510305826866,82.30909431057458,15.147686277320558,1.5211349716333646
4908,13.087366750852802,71.1568653431442,15.938274553629565,1.5105311486830109
4297,-17.52662746974552,-12.587573923292345,-1.7229514472554586,6.782277456122717
3964,-21.313588539143247,49.40155683863897,5.502834678118094,0.8114135498151891
5381,-22.236513057886718,19.609780679297984,5.734540439541174,0.7672048109284452
3177,-17.221081774857844,28.073384990457892,15.287136393546032,1.4660555023310524
1388,21.57094855578863,62.50796391665688,8.731753444815865,1.7321427161610186
1951,13.018995940697012,26.38036745890383,16.31863828375553,1.4923830728858496
3246,-11.074306460381107,32.779511624669745,18.02802485475856,1.4591300211742597
5547,-19.603387311869767,38.870848052144,11.139439821941593,1.559499435550876
4605,16.61203231738223,-9.77323386666517,10.086031967568484,1.4393160590880845
4037,-2.68185337604369,47.69984950892787,17.655417444228256,1.4490072480447316
4072,-9.330514891627688,59.9565407696121,12.12565345367955,0.7999982611085397
1524,6.569423425270788,45.975931308039655,10.032895622010514,0.7999978400210822
3848,-18.728652719940428,30.358016238934777,11.832217361565299,0.7999998542178398
2698,-13.688220481917458,19.284105230167114,15.315958070065173,1.4446350759645434
2105,17.01533386591395,57.06912356129945,13.400642121063601,1.5489069820331194
1475,16.053897027689988,4.563262124344442,11.154288161169037,0.7999985819296683
2428,-1.2999344051429143,35.74661957978606,11.178917321932897,0.8000000191705041
3709,18.139508536088393,30.357440401616756,11.885276734667936,0.7999988702847438
4765,-1.0124913168732115,17.107943250315888,3.9798075892861,0.5378495157992448
3567,6.800185013850067,100.65059463328238,10.119130175322711,0.800000165793903
1358,-15.217038198479978,45.14657765346956,13.095540826656284,0.7999983542409964
1426,22.29040868360073,45.925946882215136,8.490966827789013,1.7848440140917181
4069,-1.2999051990734372,51.647657064622294,13.267304762431312,0.7999999863586905
3803,13.082637361613756,61.18715808853594,15.195412822489814,1.4360949485051753
5519,-20.69385499190127,-1.0080268351874135,0.9643835612617417,1.8587309753240027
1295,-21.172542935746026,37.49343133716298,7.092940975706389,4.7536071683004595
12,11.100163500954167,88.9801878039427,12.782868259567707,0.8000006743941185
4035,-7.441851910232555,58.402498607057424,16.493843411809817,1.4371705738379073
4073,-9.699917961992673,44.96396953606291,16.02051277978378,0.800000219737659
4226,-19.760931171254832,-2.4288493294979494,6.463533890731694,1.2267468365737804
2742,-8.583165940569868,21.726712291561565,16.837615598826805,1.5277635685113975
4005,-4.4053143852962995,40.30702502730671,17.661956169992703,1.516008973939853
2170,-10.225744307534573,61.887965541339234,11.202327671397326,5.934606713496799
2816,-22.725044228161128,16.7473262193825,7.878802918449408,1.5632230802978562
967,21.326824768077216,86.61501231485188,3.129358791967098,0.8415243264192451
2289,21.994559212000958,78.64663396525762,2.8866350366975144,6.193820106397332
2953,-4.949946025212984,16.597320786905197,7.431256343034716,1.427741341627338
5039,-1.5262818983745992,84.71823770073323,16.33425197463613,1.4766179703576003
1621,24.478417601369387,15.030216007227686,2.5673362774324833,4.705010540041967
2959,19.31461563565178,44.59114699940924,14.45204757621692,1.4664666358979086
3850,-10.746938921432715,30.365294778265437,11.071607847539902,0.7999978723906958
4408,-17.038325103564233,-10.114734380853161,5.284270073367334,1.2866088066375956
2225,1.8160664031345348,59.953680150441166,12.422092544533466,0.7999985965147466
1219,-19.675305727837582,67.68633335409817,7.921366297467844,1.6742938258226885
983,22.691001549107494,71.9132834350312,6.825049955223337,1.6764820655097945
4873,-11.37486348351718,37.32383765038548,17.955500242647958,1.5175800355689761
3653,-0.4998834011217797,63.54569136951199,13.091978009881654,0.7999999668451953
172,16.12115058676644,78.65644933786325,11.951268531767662,1.5062693397708324
322,-0.49985234869863204,80.46861294759725,11.784581742377782,0.7999999860568244
1411,19.928842288988577,84.87938848794482,7.2951002379409475,1.777431656608751
2222,10.300091257023434,49.84288219257064,11.794355656531165,0.8000004606556451
5176,-15.386257429457281,34.562556314606496,16.28612763500447,1.470398546176929
5180,2.139649321361757,43.9264325425623,19.341943283852874,1.4682198771380564
1650,22.926158054596698,10.33488213225429,3.818330628108578,1.7247398176944653
4760,-10.176058055943706,16.515097262404595,3.321678803599175,0.561974670112214
5004,-17.747058485202864,47.45330697745884,14.263600666977343,1.467984348791551
4903,1.186911729458254,66.74199201184688,18.13827110245092,1.5213212909549367
2220,9.600313428965183,50.29541241697321,16.827014064509036,1.4382362719877868
1374,-3.659720052211632,45.96186487037428,11.502491750443099,0.8000001071000682
2764,-10.499945091926662,30.133496956524176,11.02343893519333,0.8000001907367981
4925,7.711572370547527,30.381617004150037,18.956915154330538,8.14716126482889
2799,-21.892647914188604,-4.747644718303252,1.419684828899201,1.7794979681160852
2662,-1.2999323261900164,36.877130806991566,12.632511763724079,0.800000006918356
3227,15.987205899307465,11.000271478201567,16.04049961681711,1.504573849058948
3793,13.33195111340666,69.32478570620381,14.38180714291368,1.5247639683842826
3937,21.511759218144938,22.908075186054628,13.31227082493707,1.4987165008191188
1706,16.994642118856735,-7.637856640601969,9.391308928021017,1.4891322475454745
3725,16.28693633703757,37.698656013929664,14.911552547785897,1.5202146833050307
4132,-1.7856655744398235,29.481880731536595,15.865684207513247,1.0678307643444553
5008,-21.752155747214985,46.26699615383441,10.805485759850724,1.5366076941788993
5495,-17.564419073546023,44.40469327684325,12.703819715799105,1.4093626151549816
5147,10.604635080394708,91.53144066477505,14.434950836748364,1.496972473359696
38,10.300151676348845,82.71349791070544,12.318770069148227,0.8000002712036361
780,-21.39206327133618,60.24475209814851,4.319012909940719,5.696272193419066
469,-6.042136202895955,107.60338477870206,10.752362618054672,1.4556693033569326
1236,-17.715548790280277,45.177638140720205,9.855645068150432,0.8000006014069955
3809,19.12917344545811,60.7645463274046,11.289042563910188,0.7999977604997768
2764,-10.499948667783343,28.069794749909033,12.401482521225322,0.8000001907352506
25,10.30016165022927,88.24514968813179,10.222771518843187,0.8000002839685771
1348,-10.614874031559868,45.93540528820396,14.264033889679029,0.7999996838490958
4069,-1.2999048187888844,51.85635060307201,13.466061196147665,0.7999999882303992
1385,8.669810627217254,106.5662813123397,10.79738481049824,1.4717014771059518
1158,0.1986405690540636,86.72942179915248,14.674720657777137,1.4485658801742733
2649,-0.4999359657825421,34.901065223939014,17.422456055467105,0.7999999297440121
2595,11.684946150916442,10.438451502237434,8.522531787392493,1.365297856207929
994,22.098459721689238,80.3097885924219,5.878510970930694,1.7595867022034484
3190,-16.169102696792777,71.18186644546716,13.445501243062873,1.499432225379408
1922,8.93282897398453,25.002092681359805,17.15612991179026,1.540163055901577
988,18.54492973881898,105.06158205174494,7.401770940103358,2.163660561669781
5126,6.949982587876619,70.255213883379,17.45344545820189,1.5215573412454872
3566,-13.667228346447253,75.5639264996316,11.430881376255675,0.8000038166916789
2045,13.050023753214585,13.04390154555784,3.9385242952588593,1.4622236112041374
5138,15.840641572629664,41.23678590602845,16.760823055539124,1.5419361456515328
1391,22.7363705045219,31.09648050461319,7.906785745890115,1.7223486899402773
3721,11.100065202460806,35.41232952283132,13.91234014298991,0.799999930267521
4927,10.089244950354342,31.67186185465471,18.611384346577083,1.4375968259668195
5187,-6.1793027011202195,87.6132211550461,15.481229593938288,2.1943756632857037
2347,22.68481738327361,49.035496638943926,6.194526358650104,4.974312401121553
4895,-19.156900383028418,51.498995918923846,12.758127022984866,1.4475669255470731
4608,14.067663531410219,-14.011042484837947,4.0289181724691145,0.9897282888443809
1361,-4.727228964793752,45.10734779007187,17.18627872265489,0.7999962925952339
3019,17.460557749382698,84.14166321270915,12.215047289791164,1.4896603818879948
5005,-17.28940229311976,61.24536126362045,13.546664747055226,1.465510180364349
2977,8.179536954274921,16.947536780513595,18.360642148154028,1.7030452587189542
3604,0.5001968524835596,107.29862142916444,10.691550554945339,0.8000000604803401
3852,-13.21868035013151,30.320239895593296,15.772313229741771,30.907723959141943
4939,-12.947735105853148,59.05714741108525,16.368622213635142,1.4928265295704604
657,-12.571818726454033,99.92794401608097,10.084641319489453,1.4999915992631137
1990,17.105746765029046,17.30162280020577,14.333740897525953,1.5332188655552859
4920,-6.764020373206263,67.95898843525237,17.361444861138462,1.4597274701804532
1414,20.264270973196375,81.1194739241179,4.354621787332831,1.6673306651645365
4672,18.647798930782184,-13.142152959341141,1.4523876747767395,1.1603232183592598
1414,20.58004904588962,77.39604048260182,5.203450640761749,1.7070686801835038
4888,-6.3245397854125365,43.394745151180246,18.901622947229,1.5001961094740228
5172,-10.647594138730776,31.451981186062053,18.13762694430086,4.322859706761085
5052,-9.371040896545809,77.04135680046045,16.007623947274926,1.4956849959292373
1540,18.609957512133825,37.23526331371383,13.434969424486995,1.543742063606708
5142,-5.715930223814544,49.218310611532345,18.777455458330223,1.503860877969678
2078,13.049990342863502,-4.875263308923632,11.896723819777813,1.2555194220227672
4923,2.8678127355157357,32.09507825336387,19.32058856549599,1.3926956980262515
386,17.915394578631226,105.5500928420642,4.621456976447422,7.530544040708547
5142,-6.063823317885986,54.358647109352475,18.45613398662171,1.4797348303281692
3783,-9.699867950224874,71.74419758264075,12.532024287490717,0.8000004899945218
2736,-7.39917759196747,29.89130466477844,17.318659613823876,1.4369438631520413
3190,-15.977339039769173,65.73449238243532,14.086435419500596,1.4748221509467605
2267,7.2140711614385635,99.99896415457827,2.672319925791245,1.4999983271872106
2166,11.100092511038271,50.239701587461354,13.207452180215196,0.8000004992917693
5142,-6.077209193371036,55.3428173099353,18.404860182917492,1.48429854801967
5198,8.488348539535187,101.95256597704176,13.30428132553618,1.4841029570702793
3426,-10.184249368044478,10.74073892801357,14.403021149818043,1.265988985135319
3148,5.773115160858657,19.279103032200855,18.843366966387652,1.5149611582781923
4071,-4.212306177062516,59.96006385459678,11.757169764625548,0.7999977861290667
3722,11.10007402969467,40.36075993612897,14.232947452537765,0.7999998524388843
4430,-18.270931933828418,-1.5694314728356034,8.721546600622741,1.5182291135204595
2365,21.66194197614077,49.300518105345304,10.109575227718336,1.4656053150186812
4972,-22.882646640721727,31.42210107091822,8.553272815706766,1.7617613724808918
3998,-0.870358108045,35.556597415689886,10.94992529452564,8.453794840713801
122,-8.827237289545481,85.51448809273111,13.655084267161424,1.506395920363498
3979,20.886668422145146,-2.0237589155962037,10.0222828176372,1.6134138822261077
3465,-10.137499091498565,15.396201231737827,13.501813644328152,1.3127023293183258
2872,-14.575234150389598,-13.674843790419914,3.409355468653781,0.9784899330026262
3729,-2.3641437828768224,74.21299742414209,15.878624427234687,1.4423577544376804
5093,-15.825114711250546,-1.761864088479093,13.274191619120101,1.4458965930821448
3147,7.449226060148138,18.758175062052157,18.648404826427075,1.485937251612438
303,10.571082519664184,89.5976680047325,9.467852108687367,5.219094438851372
1343,-15.277774280295304,79.99709430641053,11.265641067003104,1.5036357696488816
1609,14.804790886703012,-13.629767556224284,-0.5630074170387261,1.4749052903575115
2356,18.259422410046646,98.39262295325527,2.352679636918632,7.1343108972472935
3899,-1.9861841634917887,33.13469544413366,12.299704915942055,1.0998883184860888
593,-1.299853605903797,79.75470511455441,13.75925276748985,0.7999999362704732
4988,-22.151141024167522,42.71992823675501,10.598717911041128,1.8581476613255237
3446,-10.123651970066067,9.176828082143183,10.395289084972948,1.3265364362639247
5172,-9.513005599105766,34.3217705944563,18.416870439103505,1.4558465353900882
4738,-10.499978928245719,11.627961204314886,1.5862458887599735,0.5421715076212259
4004,-5.378353847490844,31.789407308118285,17.61101387233505,1.46208649586493
1019,20.63594901466636,93.21031204685474,4.623581501516597,1.7424579661794415
307,8.862559914899347,90.26109960229546,13.446756324428206,1.4874476334039077
1539,19.63823297736625,37.46103893842041,12.58073718002109,1.5353638449437772
5437,-19.16427053408276,92.9227356767106,8.075177546911767,2.0660275672595807
5170,-6.616893946128794,24.68671941937648,18.80799440962298,1.54655670876892
5122,2.049931896679484,88.7181356843934,15.86409272470855,1.4489458712721843
3849,-17.982327770608887,30.355260387874967,12.119611074848809,0.7999996074664832
3477,-10.189469781896545,100.10068110252084,9.568530456970908,3.277787462453042
598,-9.699838570496023,88.1854933099251,12.253350288541622,0.8000002038120109
4904,5.466199254854344,64.0326693243242,18.077405038485473,1.4410431835274626
4501,-20.984736682541254,15.126347111059035,7.871613086394548,1.4603966904972059
1379,-19.526952639990323,53.47707084739872,10.27505162332694,1.5217884141050204
4034,-8.686525030084848,47.689418762618374,16.799213980857623,1.4618272256976554
3647,8.648727504592765,60.73321671447284,14.559082514644894,0.799997493412254
3808,11.991906714614576,60.7517653216964,12.623707660623264,0.8000012931535948
5060,-12.539578802679529,90.24945771761348,13.396880054049582,1.4895849490369566
5097,-14.545946139103975,6.190808241596301,15.451409169530411,1.5083682850534004
4868,-21.633581835535587,28.190362590437573,11.558712610359628,1.5098962397040852
1221,-20.54043747293625,49.42132579856725,9.085982566838627,1.7896885377233334
2496,-8.462239924394193,17.36402815216165,4.832394725226218,1.6069816689338754
2222,10.300099039737606,54.077740872605276,11.465033860561503,0.8000007460978589
1233,-17.278507569628452,93.15775543419349,2.8562910435998052,1.5968796228204116
98,-2.9227189156448006,89.8389639466758,14.130079910706778,1.4437461118456523
1890,21.38400744934338,2.5243178284105405,7.126911953691254,1.7936546024980988
2857,-22.039402287433305,4.429549184944674,6.7405182454622246,1.8266279919245798
3705,-1.2998865223591614,61.83434699445913,12.12451368518979,0.7999999774683857
2720,-11.450019193294834,-10.804522801297551,4.050187381971834,1.3961484392465369
5201,2.5510677948569453,71.20879921894891,17.688349387052384,1.4761436063470734
5189,-2.8925314944782894,82.08208622178095,16.546663301396986,1.503263369864971
1917,2.12666677556674,24.362416735847738,17.689666187238736,1.537728152223493
4061,-4.171581240067862,31.136573565453077,14.070191829681407,0.7999987466529844
2954,0.5815320062040614,16.661229604288025,15.55513775156123,1.2859349298386245
606,-11.549868918616887,99.96462479574043,6.2577115742006715,1.499994844985113
2209,-16.7250522124844,60.67093381270883,11.19066236148301,2.8552399337916015
3886,-3.443540432694342,31.470511712851863,10.109581999557287,1.1719326376393515
3724,18.034538927946812,40.57186093771564,13.732179490919158,1.5121738565402978
1583,13.508224178299923,-12.969390634655799,4.397721796615162,0.9834442373673419
3705,-1.2998857363995375,62.26605308583682,16.25511504320462,0.7999999982693439
4772,12.373818938820532,-0.03488579009371379,15.663109956921476,3.822423823106578
94,-7.813614128741064,95.69172291068068,12.58404389581853,1.4836171054236582
4910,13.885598426980483,81.55432658084794,14.553275323913581,1.5091394052198126
5203,-3.058666544850413,31.396145266800943,19.2061151013978,10.461191502033186
1378,-18.691205206624268,62.98970008959505,10.229554426657442,1.4875815232406844
4905,9.120835679731734,58.9684756375294,17.903397051619855,1.4262968707768227
1529,0.9973234139645131,45.958515056559484,11.850902593616333,0.7999979619761797
3189,-16.49969983511688,60.48121290466323,14.216602270376953,3.6945861733915217
4920,-7.202308182678864,68.92754581013574,17.202547051011077,1.463309149823595
983,22.591820330273794,74.81790771249484,8.719442316934655,1.973830372885515
1954,16.9452108028566,26.14463712369944,14.703354716919815,1.4613047380225168
1425,22.315722351295797,45.076673598565336,6.7752998109152855,1.6810916843586332
304,-0.49982890403351277,93.24123502937454,13.11572831036588,0.8000000364699168
1345,-15.429416968307274,45.94712325489707,13.042309457614476,0.799998292818431
2989,18.475335200597883,97.46181402978357,9.523950349314049,1.4819985557189255
1689,18.355248570659423,-8.636812317183773,7.396390347037633,1.4633163862229857
3911,23.66365163583788,4.418567824221673,7.125066686506752,1.8871024377941756
2658,-1.299917865437814,44.758717254475386,11.539607368850135,0.7999999930765824
1037,21.46412562839116,85.07480884145764,2.956012957380175,0.793746988690772
3032,18.984030396798243,81.70971855673878,11.338443074529515,1.5095610830530595
3784,-9.699885609797288,62.027091131863045,14.920412488315861,0.800001297342518
3278,16.114857043907346,6.416552588705061,15.489794802619379,1.4963161945489967
5197,9.15562119756815,96.88543487290137,13.999965732805078,1.506476369565869
996,20.488020419446634,94.93558548661694,7.3542649192625165,1.862318020986206
4936,-16.417217862925177,48.16607067232801,15.167888945592727,1.4843855842173828
4181,-21.355728775390478,-2.768489988187689,-1.027256985210912,6.015769378191131
2831,-9.163937479805444,16.54579488965331,4.723802394068345,0.6171132294918846
1412,19.95998592816307,84.6100585607422,3.9003938526854913,1.6069152358156042
2211,3.417774601990771,48.0623397210824,17.711405593309234,1.4296457997804972
4901,-2.262665840915003,34.763011148765415,19.309709609236037,1.4008178814809487
2793,-18.507127851796092,17.645970746596724,14.272458896339113,1.4894661641173603
22,10.300173479038108,95.02690391602721,10.638619751698718,0.8000009778133673
2755,-12.742366128069708,15.434629324095761,15.436148637878414,1.4227359024393087
4935,-16.786904311862283,51.19524649653881,14.758358708442604,1.5007520008908926
3025,21.362567416030664,65.94903615017296,10.935965010338844,1.42638589472496
3429,-10.23635885933127,7.869322935244046,16.339530866095316,2.507472921646613
674,-15.031982299624554,104.07439140676807,6.308485800169849,2.04598491162034
3649,7.452047617034974,60.737935571727874,14.0673388624073,0.8000005117359523
1977,10.30005231388635,28.548835071148982,16.700286492282476,0.7999803443945777
2682,-0.33097385511068866,36.11551496227127,18.004265615403718,1.4435229487982413
1505,16.820728973879774,8.821364838680568,13.722283977242943,1.4960347727286347
5189,-3.417268872445465,79.29201226960234,16.77541387939862,1.4784232847661825
979,13.151142939713218,111.72131043697671,9.534262050342281,0.1304749748550052
526,-2.800730541852857,98.42566034210016,10.314429077485446,1.499996503327044
24,5.5818149961799435,75.54101767881215,13.816358058961917,0.7999965035103863
4866,-18.614262437505463,72.867998738001,11.272132287577733,1.4473235663283095
3317,-10.109331737245219,-11.108948976928659,7.247517787635349,1.3408992474049166
565,-3.223694267503788,88.99827382105495,13.679870533365678,1.125661349081168
2365,21.73488780533918,55.68881503706291,9.54384433157259,1.5204906011799693
3656,5.378636126004159,30.336436643280557,14.078949755913111,0.7999988866203549
1372,-18.205217512410325,49.85805424356483,11.788872168843012,1.4334563096524795
5182,14.176091976976059,99.65815351168162,12.052933919317931,8.323442770820952
5157,8.791689152084277,55.09203159466996,18.206551581935877,1.4602314832440433
1368,-15.755389603474628,65.99403029524422,12.41426975098216,1.4716592801073765
1076,-13.30981699472332,91.36399831048983,11.175203322488429,1.490218435865064
5526,-21.398026124909364,17.033535071165247,6.505041956695086,1.5627072143440979
3784,-9.699877737159643,66.37548202070892,13.403942009691697,0.8000009297540771
5123,3.7725458922404584,83.07841151763704,16.43026147979286,1.4514862866935554
1953,16.33797775285886,28.30624562709526,15.03665520025559,1.4689995709451844
5517,-21.303493283379865,13.08182140698798,5.321226472469383,1.6408205706208874
5160,6.161427182637384,89.37717979936933,15.496464634239956,1.4796779026501155
4508,-11.339602678443233,7.519250371442933,7.1179391787203325,1.5844721219551832
1388,21.352877169063262,66.32988801079073,8.83772572755145,1.7329107596388693
597,-9.699822141018036,97.0253763135762,11.702043673590392,4.347590097986283
3943,23.859254058564716,10.262846385030821,8.11342335281432,1.7599505811544678
5267,-15.558986166361871,1.3994126308849217,12.380917777290495,1.5105353999748141
4923,4.054736120619114,35.75538826249881,19.316436779017486,1.4652620712253894
5030,4.9004277185277045,41.556000109560976,19.223558025730146,1.4734725984527164
5116,-14.271038379370726,79.19747222657661,13.808570509387044,1.5009224175569174
469,-6.0915378825222035,107.1354424286788,10.850850709093736,1.46073263920752
3822,-10.499925654432696,40.60400329898482,14.196542192432798,0.7999999415896807
3229,14.060360223477542,21.785571912248567,17.432022957973224,1.4674810875243327
2633,1.2920318614059603,29.316328407842512,13.09486228126209,1.0839952555975236
5181,15.500542432436033,94.46784854220188,12.152243451982422,1.4897097323497446
2110,11.699681466583904,57.583841415882596,15.902463721521556,1.512562248795436
2367,18.983922336912016,53.59467912657961,12.216376113454622,1.4798495502280198
4038,-2.5666086319686565,52.422935137971066,17.41821248845148,1.4684143350348924
2199,-1.1892074891109636,57.99548098067798,11.165016468239005,7.536484574469485
3922,21.730856291697997,9.10654529641864,11.580031573395637,1.5431915562807639
2672,9.198344145228658,44.21655552942693,17.162938429219704,1.443651965372198
3720,11.1000622036607,33.66802185098949,16.444077119176058,0.8000001737614786
5128,12.53849879880066,79.14623103718048,15.321734791473638,1.5242043431262935
2363,20.166127945328,61.20070303987551,10.548326005664412,1.4600012193543164
605,-6.15230165586013,99.91326374799579,11.614765726150003,1.499992361634926
3707,15.999286895620422,42.61450090629531,14.940657556346503,1.4861104771539484
1698,17.209206559533065,-11.93906429939002,4.225463362827625,1.005842228381586
5229,-13.370210420022092,-1.02172833641532,12.994377852104549,1.4971108424792532
1409,19.352581760264222,89.72838168165578,5.275754583216469,1.7950920322015935
2541,23.958133824875212,4.069920007360543,-1.0853203465615493,7.070032119931429
115,-1.299827939078459,93.79092118526891,13.579147326174528,0.800000044075136
1581,18.875159384272557,-8.241945599392984,6.9503993360719765,1.4963677798395616
774,-4.852698073638942,108.78619663836943,12.12815558628456,2.196396480463477
2365,21.513450687430876,49.78452994132348,10.213412417005939,1.46759581502131
1405,21.489803781774977,64.12563345363854,6.958801882444475,1.6738803168750753
957,23.704569514788922,54.592421516816465,7.439877565398604,1.7843053235764772
1191,-13.460390148775494,75.67310722621036,12.936421775821174,1.4397812037406623
2711,-11.450021864054168,-12.191745545869193,5.575995372394797,1.3719593667865209
2956,-4.752447330117643,16.65825723294543,15.176025297620875,1.2925521073388473
5037,-7.706368607390943,77.32087013596829,16.340405534677252,1.4668147600791857
3728,-9.357238312661787,74.18217924830647,14.767365949179833,1.4816659326696642
2643,4.0176897815762445,30.705921427969166,10.903428700284866,8.325772949796335
3813,11.100124660026012,67.58507009395953,13.51346910118302,0.8000006428902162
4069,-1.299899077033007,55.00714983973875,12.029100116168877,0.8000000343934567
4170,-20.65071357198677,-3.3781710300013286,-1.0720193848708173,8.126510941928936
2219,3.2964177931921212,46.177625216325765,17.809694492142075,1.4189457840298763
721,0.5686336871177498,111.69255123444559,11.784568138697768,1.477393609758168
5198,8.051613579457745,98.54573394532224,13.924194384722774,1.448673643126958
1922,8.813706178216266,27.047325797332434,17.247702067932124,1.4916940620884243
1253,-20.997994442415383,34.4463396233342,9.112142155387849,1.8139227545619834
717,16.04520236544679,97.06740867632246,11.459845197019153,1.4925021398787348
5050,-11.319968907113472,73.80014788424319,15.728937575472344,1.4793143727844487
2744,-9.413403641261056,21.245026257330892,16.68224796689787,1.4855916711885153
2879,-17.782702457030513,-7.974688881154994,9.235332767591878,1.4862077646172813
341,8.855159465626807,98.47634894023199,5.024239443852073,1.4999956327062678
3731,18.886290301628435,97.57381595819909,1.469864907413546,0.77184477593833
4037,-3.6833657821881625,52.05822420606255,17.345607468518136,1.4900992813615104
2086,17.723795537745893,80.26605001157341,10.5745979488044,1.5202350091592434
2771,-9.699951044518622,19.892622750013825,16.03217723730548,0.800042267187392
786,-19.878264459606626,83.4027251814656,2.516438006830261,6.477602944638057
982,19.223705299226243,102.30526145180086,7.611941812675922,2.2603843677777333
591,-9.699836631054703,89.2020192603571,10.843164021427018,0.8000001907353564
2953,6.7455486869388395,16.609993464238322,9.044602028110988,1.399580210672312
2765,-10.413582150166665,19.321295178296374,12.79439157182501,5.11604194501731
5266,-20.16953343500623,26.462194664047033,10.979398960245575,1.486138921752359
2267,7.616166255728382,99.95557574346049,7.198073679268704,1.4999892923713949
2962,22.445239630195932,38.53666385315363,12.126961816544059,1.5214308218109733
4636,14.9388749891571,-12.740147549135717,6.804691211778634,1.0179471686388368
964,24.26065577544031,28.70294113507024,10.032998220202881,1.6504153703625517
4931,-3.869848673042582,38.4080418072991,19.248130718637377,1.5138867782398788
1139,-10.607184678427018,96.92899831620369,11.638403983090868,1.4664725856250975
2487,-11.449989677770636,5.669115596642677,9.005451449461871,1.3303084879592417
2568,11.807543941060905,-6.000725133525756,12.617605515573931,4.448783947332964
1035,24.20133159020933,23.177801420891353,9.683045108313614,1.0572198689934988
4883,-17.24457983470859,96.75635569454697,9.32397630963667,1.4778316949018355
2684,8.484844024923058,31.11231902973673,16.598104018121546,0.7999996584526885
3813,11.100127803892105,69.34456811222367,12.18787216884747,0.8000005361341537
602,-5.435936931767042,75.52820080912124,15.155954372729136,0.8000037887004587
28,11.100163476519395,89.05362153067142,12.076455372614578,0.8000005321158433
1020,22.646356058878347,71.63137017106868,5.497827575525294,1.6149256768682614
140,6.396836536114587,77.59578997948425,15.302535540379186,1.4947182312833263
5002,-18.751799620201105,58.939711883475404,12.562249150838504,1.4688309361663765
1559,22.900046629052746,25.017183544948377,8.080521769933457,1.6402762848082877
1849,20.749965347772687,15.85630604713699,11.510143465052156,1.4214665353146196
1549,7.626108802556752,45.11861617530675,16.008422512229984,0.7999983366932356
3829,-11.14219390100209,43.447479172737026,16.30617133768785,1.4688182574572632
2763,-10.499952080512397,27.54346333608066,14.706338387219112,0.8000081321461857
5061,-0.6073187639406465,102.17731094351275,13.889380049850356,1.4477585120970324
668,-13.136277814106453,99.93728182038569,9.110861668615172,1.4999953860046549
1935,10.200253311721447,18.02872448713852,7.0304492462810595,1.4347568197609655
1374,-6.551273577186822,45.946794758514486,13.074994814012761,0.7999974324570511
1761,22.31877709403861,0.3746820730207121,2.4398063713171476,1.9349094027183082
2366,18.35557245955426,48.771313435856364,13.086698661046151,1.478060514033053
1222,-20.137575283906166,59.18568375835629,7.0952618062992165,1.7112462620107831
4059,-7.41748806165182,31.11623981572472,16.19219961364612,0.800000376494365
4223,-20.136188353805856,9.73338113216524,8.633488327522105,1.509355914904672
3147,7.965448746710882,20.96430851552495,18.67734481314102,1.5205908564430899
3710,13.143822087205292,30.365758074139812,11.01862518678512,0.7999979819578735
2952,10.348827160091979,16.616180526490325,9.83150242832845,1.3858414058453525
2367,19.314279177446895,47.481710988668226,12.404080961740897,1.3990508156875208
5288,-13.185824039665823,12.771280705346548,15.069474704993501,1.4014842591191143
4129,-2.1771498025367393,31.585997834511723,12.335181687004827,1.0514108524282901
4625,21.6349808213871,-9.894722416061141,2.078883261229578,1.615150235178626
3578,-14.28459005720264,47.501404746205424,14.763367644836038,1.499244178151331
3652,-0.499868319582081,71.76176348394726,14.004380192512558,0.7999999155998697
1963,12.68304056987424,17.88076730177596,16.156373970719784,1.4667385178889745
968,22.03824923681931,80.14413379616911,4.448133006423789,1.6899117347798671
3676,10.300111308475424,60.982092133986285,15.173035903271007,0.8000012786964392
5316,-20.2855794277176,82.26464149460234,7.396825144855992,1.732810551430199
1032,19.983795521615985,96.47148323499825,2.4585405759863517,1.6378253839016106
2167,11.100098747113211,53.49073614273403,14.738384230116859,0.8000009035438563
4053,-9.699907216952342,50.49712222986586,12.021029862816967,0.8000005095895955
5058,-13.469153336358533,89.17616477597599,13.079801376211277,1.481325656103027
1545,11.536968083098687,45.17322845537462,10.310202551358719,0.7999978347755035
3575,-12.419435279174476,67.61781455863434,14.218745419827952,1.4761126121423012
4235,-19.16594208560895,-5.510313174335399,5.159809656378144,1.6618812705755306
5039,-1.9097520114312163,88.88793611308358,15.795959480217016,1.4518657831289656
508,-4.5386187453248255,111.83125464085083,9.825631488508247,1.451636968474007
1246,-20.802185308642766,41.72704416809456,8.997311991825582,1.8058973061627093
3675,-0.011060778660553633,74.72449100523642,15.537833528506955,0.8000012728408722
1020,22.44371613592623,74.78637438801564,5.2372062764656215,1.6401470613541775
1032,20.107367576605103,95.35307652447551,2.0361348679724287,0.8163668984060347
2166,11.100087814292484,47.77274918226021,13.52440168506055,0.8000003340418673
840,11.786295229382159,103.6854201492954,12.222827389026426,1.4836966530799005
2097,17.46849987067727,76.67268272463696,11.21116646925664,1.4978009167413244
5117,-14.582095994941746,65.1890438598104,14.953377037134224,1.4365921680742724
2566,11.669825318224635,-11.283478368886632,5.02627608786796,1.3803611084192693
2761,-10.499965814906831,24.603990549940967,13.77045900872818,0.8000229322521117
4569,11.9395525435648,-4.599951711586735,14.084576273025018,2.800461758528747
540,-4.942961991246689,99.60146645766882,9.563745084277258,4.427368040558198
1408,22.25619607389977,46.78918724233395,8.517237462445173,1.7862270737980597
5292,-11.779291109517047,-13.625398882343008,-0.45350444706302373,1.3463710208579045
5435,-20.979268906889654,71.93342290337043,4.844555583272666,1.596412321850785
1550,4.532695064147125,45.10583134929172,17.342609212032922,0.7999983128697676
1927,7.339193350839292,17.958504662432354,14.356566067499026,1.3068771934702803
2211,2.1485502707090367,53.28121106553332,17.479437066580992,1.4914378480238257
3706,12.477007342794703,44.95960139421968,16.34127157687623,1.4717084801056084
1831,19.83101378286424,2.5192593142290742,10.042865656602459,1.5437590011698494
5459,-13.283117838215642,-14.033007822200378,-0.9825866289377545,0.7660681830879815
2628,-0.49995893838132344,22.371641445258916,13.47312247672504,0.7999999539505804
2953,1.6561085607590398,16.58242802684077,5.539828208231352,1.4607557441716639
3724,16.966630068195546,42.00913452139621,14.376506919705802,1.4765530644440537
197,0.00432883363916166,86.18032457876204,9.285086853280882,6.922253713891697
3809,16.252253825992078,60.753914343989855,12.398690887774528,0.7999976683460459
2954,-0.1043227282578732,16.672387325071345,16.97281981928471,1.2611857062490124
4884,-16.751397146988086,97.8897351492479,9.56294311440967,1.4914038811747883
5037,-8.19938378227222,73.95388016760407,16.555069787379665,1.4322740347482672
4502,-20.710253643880097,17.465233797071555,9.369197544270575,1.411412553391637
2559,11.689683570121144,-10.577765916404031,6.108380143002592,1.3604958133487073
1542,12.864564033442502,45.148061980366954,12.935288416831618,0.799999726564649
4567,11.866132040869669,-8.109554657148285,12.39659914725604,2.5807081405524452
1282,-17.59933919989962,91.11669557055762,2.919026165921694,6.955551178317364
1221,-20.48937249241567,50.66827704531951,9.00855848207839,1.796291333217321
5199,8.124858679031233,103.36281763600863,13.124820656627282,1.4896012692257028
1252,-17.14070979325524,93.90120868372529,6.925762171807,1.823630580241174
1231,-18.218258253922933,85.755237356914,5.983645952503897,1.7064020215418716
4268,-10.414038851521578,-7.392170768511968,7.43318651079337,4.594084888346508
2953,-2.663658419012443,16.577857513626842,4.957938056548113,0.9995643144246913
5251,-14.427319333295616,14.542003233897745,13.426396039834557,0.8000059821493064
4910,14.527478168336744,82.19633997704683,14.190852660594388,1.505199069868078
3488,-8.199857135973243,103.00949660553684,11.3256685262777,1.4839685976295882
3265,16.82390137833222,21.478169001996317,16.35923203813419,1.4856648968344979
4430,-18.4455144247973,-0.6042485357853453,8.760968579387836,1.5107661571242248
602,-3.467327557252281,75.54113511833768,13.806229365630433,0.8000029332797757
3828,-15.065903392982127,40.36335492109423,14.628911165013319,1.4700745440273477
2997,22.186678386265797,26.86748047340982,12.70897929332105,1.4911407369943739
2916,-22.468497055469264,-0.4769437921973754,2.7526512789770297,1.8894510673104685
2736,-5.635520393912271,26.224410768236055,17.417669896957854,1.536485047522663
782,-20.695696159232163,73.15743938479025,3.3139094535883795,6.128455735068952
4968,-22.14408040964903,54.15193377480315,8.363905997669633,1.792015648302127
4050,-11.318428112095678,51.87897595495823,15.860902467987778,1.4706387939345127
2682,1.5412234454752598,43.57869963075615,17.887474667963126,1.4942932500387756
2660,-1.2999190914967933,44.10872753023511,10.540060249391521,0.8000000343403684
2271,16.92635619219692,102.65084848964786,5.968844215117653,2.0643976646928857
2723,-11.450019004772017,-10.366275509467535,1.8420216576600088,1.4335483087102021
2915,-22.438806288567683,-1.281223471317145,2.1506807996116333,1.878768072339977
689,-6.874401528691539,110.95881131336475,9.720417846259075,1.5758309393278036
3004,18.53530648649442,98.60731787201905,9.28459460934707,1.4942049466386835
5327,-11.948908125621893,-11.54625784396636,7.255014576726593,1.1815879681586785
3293,18.10590567054322,0.3825380130818829,13.405331384055916,1.5515889295494398
5518,-21.077929814086833,9.279038467066256,5.062668441561348,1.7802225148049045
2659,-1.2999176573691482,44.85720421318951,12.744881954219768,0.7999999650049782
2595,11.773418757207878,14.309142295623726,15.134500636081702,6.768652214707338
5137,17.894165298207866,40.141232217801075,15.61503959863691,1.4877974812968064
4932,15.623736002742577,36.518798690958434,16.974290321185656,1.5376564696233381
679,-9.28369503053404,111.17870065673957,9.434593226784715,1.1001303256106985
2228,-0.4321921756717463,59.95778092343717,11.99474111106461,0.7999977681638681
469,-6.306429898868914,107.39814644204313,10.75167537726443,1.4593562290577815
5153,16.218940897767787,69.92451671533574,14.529210581455203,1.464227792127964
4063,-9.699895895444936,56.408854927090985,14.124418167328987,0.8000008849020787
2664,-1.2999627086526084,20.303894652200245,16.000457010470736,0.7999999899626499
2662,-1.2999369904176652,34.3060828134925,17.37598721645072,0.7999999444328365
850,-17.635803036196634,100.39618389393428,2.6218731365550303,1.5462367733377682
3556,-12.952005295347618,73.19121822076235,13.457110318791178,1.4383363542223686
3925,24.094419564562838,19.912146723511885,9.308879208405218,1.498853708066577
5254,-17.409941862237055,28.202650368392288,13.396447705388127,1.5059908032600313
5158,7.807586562990761,87.78892120304913,15.455732508092591,3.533466011859184
4888,-8.566042505448292,39.46506640885532,18.608950351217757,1.545967412771665
1246,-20.857170763419646,39.57465431422614,7.813966183422974,1.8319315317331935
2701,-15.638129367858568,27.81667005390624,14.542986167437823,1.4339070025837237
1371,-17.81718688484316,59.39108561870112,11.385067998675598,1.4614029432427598
3716,14.367459476172943,32.14471091601837,15.919021450507536,1.4675650780365843
312,0.32469449742046674,95.4621299964903,13.499358578246955,1.507589436384514
3150,2.9345865702825273,22.484713434569386,19.118070074918336,1.5240391075306423
5170,-5.453122553784033,33.66581757515525,19.1037036607557,1.5051898480338988
2664,-1.2999655097366318,18.763715448100243,15.143537474455549,0.7999999617657589
3914,22.09529282013956,-5.064603209363502,6.82634816737754,1.2616822076133534
2284,17.367551581107737,100.8083326888027,7.443121913896759,2.1458390110558416
2769,-9.699914429610995,26.273237698012935,15.812351978433576,0.8000520487673116
2787,-22.166318873073728,8.749424380528374,7.59882680291524,1.7132029703888298
1104,-17.75701252974234,79.6670146816395,9.289458302514165,1.533189922671254
3588,-10.499884108091731,63.52731244527015,11.583105992850463,0.80000098788974
3261,18.854364809394944,6.498987464487774,13.913074454312671,1.5352266321186245
132,2.3368766801762395,87.35791430539386,12.112068181571113,0.7999957409444636
3588,-10.499865464356244,73.31002140101597,14.321062915158999,0.8000003916869295
2497,-4.9807172356175595,18.0343241499597,5.2020796161141085,2.9694825950298593
3809,12.888465848848337,60.764477959728744,11.297356298468344,0.8000006745659269
4071,-7.370233101663501,59.94486595880856,13.343378105780374,0.7999976494447771
3662,5.026392199772636,69.21172634522556,16.233519218826004,1.4752149882451917
3823,-10.499937433153967,34.05861073446538,12.502317808857942,0.800000003662327
4369,-18.965772545457828,-0.7858131502850038,7.809676898819325,1.5272913613550836
5029,-20.920316294186748,74.91947665458021,7.273395665183973,1.7512864284120375
3269,-9.191222409692054,19.34910854546109,18.17332014999744,1.4985702159049685
930,23.93471907174864,-2.9749745461403982,0.6118024835561854,1.8272430473460437
2793,-18.51954750720396,17.89542743577118,14.285121060060433,1.4968193249931103
4764,-7.606207402500324,17.10630889205145,4.151496363602302,0.5348524102307664
2479,-11.086533604062298,16.854108520061406,10.882060505832229,1.416507019330078
862,-15.07471882747713,103.88691240719861,9.694157152487847,1.496288365104785
3626,5.403673822359547,102.35423227608747,12.15873757086011,1.4570388171104411
3120,18.900099665643356,68.91901072718655,12.771839245473728,1.4647403943409385
3685,11.858523103835783,30.356934278258798,11.939395107660154,0.7999981139681945
947,24.68355725860627,8.372813321763221,2.934789302896114,1.759626091250481
4880,-19.889557530479372,84.04331893474836,8.947548628821632,2.1710567848477274
2827,-18.95206673087286,11.5160629925414,13.157712893586968,1.4605389668854574
5124,6.282967548248682,79.78215413148715,16.60569116541415,1.5149547938337502
913,24.68341542614978,12.091505400506618,3.258421314232253,1.6623383205613103
5256,-11.984134799686128,14.494531296096861,12.74812377952562,4.382896934401967
2737,-6.70563794979262,18.503492728399944,17.04099897855865,1.4577793485954513
4895,-19.508647808934978,45.26800077088243,12.86807458354717,2.0945807835415566
4941,15.5812025774321,25.25391080723572,17.002612321640285,1.5093952781296975
3575,-12.938884772779424,66.66412733492368,14.061084857748849,1.460020242585454
433,-3.8304625383507034,107.80486467165306,11.013029013558002,1.442932414738791
5186,-8.255364853807595,89.86331929507885,14.808857628124937,1.485634514553637
5316,-20.349766776206252,81.7260166191352,7.801425061763649,1.7507903337478061
595,-9.699850735688383,81.35249898743568,12.243290689072936,0.8000003032209877
3780,-7.252821374649715,60.721434868574164,15.79134994827109,0.799997564121881
5212,-15.52990836338704,-5.229772446508195,10.387289896623908,3.910242314258521
3784,-9.69988095647549,64.6523363746041,12.76735116394725,0.8000009983639051
260,11.656910177802192,87.35885358650093,12.011759414249644,0.7999992313257693
3694,11.731758903415457,34.088825793494664,16.72483947755893,1.514700783745889
1540,18.722717053422294,38.358701163075644,13.296052908950669,1.5428536924962128
2039,13.050015550725874,8.596338796753614,9.079468903560192,1.34419425844066
5029,-20.809680817084207,76.57812551130505,6.892422246119459,1.7890726845712628
478,1.1488357687927118,112.58073881400932,9.947992084779916,1.4804603103367724
1874,19.42934743942006,13.84097657749459,12.532385038231276,1.4787869936814904
5138,15.971703769535095,40.66585274681456,16.72336045334587,1.550770098147558
526,-7.243334393549111,98.42593741960751,10.286454197833056,1.4999918365025326
3636,1.300185935829082,101.2874904341165,12.517170350663584,0.8000000705263415
515,-9.572892968831265,108.74015616749132,9.673246791692012,1.4927216120981135
2482,-11.366488296407123,16.157392944256074,10.020196490315065,1.425276668413309
3944,24.25477849195119,11.693991740186943,6.992125112217343,1.7026012550639873
4901,-0.8445608085855987,33.494054416183936,19.36964043223769,5.937051887338227
3163,11.155880779404452,17.67714662634853,18.03568755054718,8.824896843577825
5023,-17.073232126779214,94.64773610726334,9.818366098233275,1.4749645661885238
3896,-1.832777209172664,28.269653461837116,16.800932050071825,1.0667438360455357
1734,15.352078272747638,14.545066373631633,13.101164045293975,0.8000065146831422
5437,-19.34147920591322,91.57431942707005,7.88866106643475,1.8174796514983398
5199,5.635756868614117,104.58626823916111,13.24058494103242,1.4752217336992177
3656,8.142803191171835,30.352680696185217,12.383762069818928,0.799999369252984
4766,12.059649764606933,15.829652318678958,2.9728380203889557,0.5349398291898547
967,21.600239722532958,84.38087156836131,3.9645896692265508,1.6128433979973735
628,-15.15464616235252,104.95334300935448,4.34938499606802,1.6008262745261896
2998,22.489422923087808,31.715694225995712,12.282598652379928,1.4746328254262009
797,-22.571394109655053,28.48684970354976,6.790968331652235,3.539924577426134
482,4.47239807644537,112.23618450074541,9.876232667034339,1.4890554724226148
959,23.23672607872487,63.42465800349131,7.784253323110178,1.7097848837725356
2232,-0.49991339970519444,47.18596590700968,13.112136604388247,0.7999999298251795
4945,-22.641190918003026,34.1336624104706,6.678435361174568,0.8934858518171026
3503,-4.999801217365658,108.23079911067704,10.45807258585973,0.8000001653844221
2709,-11.450007051424809,-4.0001572192599,10.63171713484483,1.277848196097377
2716,-11.449991840230837,4.675789839553218,14.54152074427708,1.2309341250808328
4227,-19.930471078585498,-6.404758740491573,2.1701661079865837,1.564960770930832
321,1.6722623821849474,97.72235797317109,13.142782661437783,1.4708151813016195
5166,17.87246755913072,70.18237126630643,13.476545771078525,1.5118280400467112
2559,11.690522360769146,-9.128929512549771,6.017063080640373,1.3596594321680497
3024,19.07966992209614,76.83127251771758,11.810100666602887,1.4909081662684502
2267,6.701781357959684,100.00298907051892,2.25258613360582,0.7499978889546233
5143,-3.400897294391162,52.49405513396269,18.83608445561685,1.4912739685902738
1777,15.534710581974574,3.7402475710749505,13.551649002264472,0.7999985619950911
3261,19.136925897753642,7.737343566156021,13.852078304903923,1.5105894318914173
3669,-8.629869557629542,74.74067245029104,13.851464074225358,0.8000024615406874
2116,17.198078585299246,91.28544145914287,9.605826108625642,1.4889511380217169
967,21.126737157442456,89.33000399748889,3.901719104333621,1.7220844516863532
4721,10.852668127193914,16.559214135268178,8.409489644766207,1.442675294207887
2428,-1.2999357956308641,34.977904906769744,14.218715063714658,0.7999999984311048
3593,-14.188229385518495,74.76312345828441,11.510559806181288,0.8000020599624194
2840,-18.65586658919586,-6.000752192750984,9.201638490117578,1.5163715010430563
2664,-1.2999661498507735,18.40469283853076,13.3337242333192,0.7999999344356777
4487,-18.980852545993848,24.49161853449171,12.173773363642784,1.4895898656740965
1025,24.279948246153744,34.53174197603028,7.0920498562724426,0.9301186824848584
5256,-14.645733873219578,14.156022125489065,12.74487918870437,3.4180697388687236
470,-6.737659151835297,104.9041669542535,11.24569291720776,1.488662780034523
1500,14.70442023212079,13.744034538240687,13.204411521279638,0.8000064765292458
5036,-10.707993996642204,100.37834315125997,12.639481981863781,6.248989611471593
1868,19.025950141513807,15.973309968161246,13.080611357043582,1.4894918132068997
4035,-7.321400682109663,56.54336817808191,16.6159300035068,1.4616744398620642
1373,-18.12554922412444,47.49667214236884,12.041329278118027,1.4074501551269611
1097,-16.329382585916896,95.5385459934636,8.353396531221005,1.4769471590151717
131,6.608328049558439,87.69036435260777,11.449660928118169,4.208156588103176
2628,-0.49996130264228067,21.08120133955176,14.025486883078337,0.7999999662724783
2664,-1.2999548158206717,24.639725410567678,17.488151046973375,0.8000000598729465
3245,-13.603328194185206,19.968604053248015,16.89838333993312,1.4390124814691598
2265,9.61639205516584,99.94495335386586,8.30584593975233,1.4999888462420077
2991,21.150452658674503,79.56427821212448,9.796015525731834,1.5084133577481276
2601,-11.449972026195223,15.047065318121774,10.752692295684255,1.3578592263929044
1971,13.421508506311804,21.44053695184484,16.095133402150218,1.4547635383369824
5138,15.751136102499093,39.90145903970479,16.844839002318604,1.5470214176235635
4877,-16.225484355100605,92.99084146228745,10.766969384423101,1.4818297251063919
591,-9.699833645544206,90.83320175518817,10.773947424406456,0.8000001907373233
4921,-9.323272129290928,61.85278044985151,17.33310480251538,1.4545276752152616
1672,23.001719182147227,14.229887224867957,4.9549945105993265,1.6492083005303637
3823,-10.499938193588985,33.62364198623716,14.744926667407652,0.8000000995286567
1543,14.491806043468653,45.142372113275165,13.528481709491336,0.8000009200509607
4043,-10.499911668432619,48.34421246902428,13.020729305367503,0.8000003741417984
1717,17.840810997735325,-12.051229958076988,2.4486374803908326,1.1211569814935678
3588,-10.499866329674806,72.85413122386171,13.61935551595919,0.8000004160536103
5057,-14.224558907395954,88.5277324697914,12.755470345276004,1.492438135273296
2096,19.336483002477255,53.705469335691376,11.901530129224913,1.479411255183635
2665,3.1267811295633927,31.126573919316577,15.11202551406511,0.7999990434332968
2357,9.642913333231903,99.20593614495345,2.2893748599676336,9.14078271209277
4069,-1.2999146020243633,46.487676208128484,13.254967764645452,0.7999999239997017
3538,11.500192921970601,105.51844773312544,10.264723039834742,3.8242715410712877
4030,-1.984763043385062,37.69951442266466,17.904417430331765,1.4650912084390477
5081,-14.27606355034064,13.817921453611262,16.26672540522336,3.747429907590748
2753,-9.699951057503467,26.599031400832274,11.468814929935402,0.8000001907359732
988,18.17904362494386,106.04450218099547,6.55233906555803,1.861927536781372
4325,-10.044330505625512,-12.831340743076879,-1.6565173380111908,5.352439721272272
2993,20.58485425577404,92.86234401473467,8.453724629565777,2.472902500300801
2521,18.427508260220687,-13.66080240514403,-1.570794446439774,3.993242086799724
5144,-2.3565587354295916,54.25424546390439,18.81565246729439,1.4503429093487776
5149,11.80843362980546,56.87730227906191,17.528063398292357,1.5392496859050566
1550,6.27621338123811,45.1042663392034,17.50569913886157,0.7999976922624573
3975,21.472790252962426,9.112641131048402,11.946298370545154,1.5984407881372942
5542,-21.202149136461863,3.0892026048130075,0.07421518261869417,1.660613040847395
2858,-22.428641716875926,1.6584051722125372,4.156166408769784,1.857552920583644
2623,-1.2999599078350976,21.826489197924317,14.193869598401191,0.7999999730591622
3002,23.72268124125712,28.70540459889059,10.804336240472875,1.4178770764961361
1529,2.67513199556132,45.92839336005852,14.992899852994546,0.7999984220126745
4715,11.686485678498123,15.778197411208314,14.001900343486344,1.36547130860379
2241,-0.4999154175045157,46.08238568542455,15.774888903544113,0.799999923255554
1376,-16.885947659342456,49.81821930078543,12.912404780699747,1.4794664272498266
5123,4.428756754406267,90.59129277643056,15.494165236169753,1.483117665846387
1374,-6.115669754418506,45.9648509683653,11.191390282536773,0.7999990858560277
1374,-6.945890229119823,45.960585106532136,11.636516977937749,0.7999983227512518
787,-19.25659308005069,84.05404597853577,2.465742938587465,6.973463700092952
1415,20.93202213574608,73.10306509073493,6.12702874094036,1.6562240877221026
70,11.649220813525801,89.88510082560471,12.798346249845181,1.4716921077234322
94,-8.01399754721375,95.61652762618317,12.546369109189506,1.4863648853096147
3722,11.100072600779788,39.35974100443338,11.458679323186338,0.8000001119828348
5270,-12.623175567882742,4.5366398322286905,13.937075276558936,0.7999985079625171
3653,-0.49987959945255306,65.61449046226996,14.616287050100894,0.7999999561464598
5139,-12.020928312772096,54.106372932235146,17.067459708662376,1.508207563264795
1364,-7.458409932006546,45.92896287683536,14.935277637561835,0.7999959469361652
3909,23.687690356044325,10.656808961253638,8.59105320822469,1.7146119125903936
299,14.34887620178775,82.0480838750717,12.602886952015659,1.5155351315913712
5147,9.11606729833379,86.47822743481775,15.397251249390962,1.5037480154016312
2953,10.103868928581695,16.568625292003674,3.7873570987758507,0.5411996593040329
2232,-0.4998997040218199,54.648527222823006,12.826973668259521,0.800000026579988
2686,-1.1185358565034176,37.80567331745563,6.471277266422479,12.951106054902901
5202,-20.4291760867471,80.63099024328346,5.94023716900273,1.7225144482852899
2684,5.257065145538859,31.117793792580997,16.027585843272696,0.799999357015056
3151,0.9375502121573186,21.410397637752858,19.15824807932891,1.5447139837736152
3720,11.10006251978367,33.84583371615471,16.199424005199333,0.800000136866223
3025,21.003097425758106,62.759701538331825,11.606311067274936,1.4576082242149158
1383,-1.5441577180949957,45.90520825477841,17.412685616960967,0.8000004193939576
1973,6.365610579220136,18.232067552678714,12.943360173078537,1.5915924290759498
3558,-15.246261658997039,62.60130893041153,13.094114599623135,1.4698389114189447
1937,10.12074842128587,19.871375367084482,16.799723744657424,1.502293894726013
798,-22.45967907842223,28.271546679937764,6.807727220164272,3.692203504574681
2953,3.9342174543237123,16.581237747642888,5.389050590094238,1.4633874236853652
2647,-0.49992158483200977,42.740443759406794,7.084455242182704,0.8000000015570711
341,10.04291937243202,98.45140315428785,7.626395016568579,1.4999939604926467
1224,-20.40333296670226,52.70431185439913,9.389401111759279,1.824725673502029
5175,-16.79166556196478,38.83768070080132,15.358580411951786,1.5018377399668446
2360,19.674087617845224,91.59346266188749,2.8819098590262655,6.528760135661707
5259,-20.433948800387988,27.374600301329473,10.650820428692874,1.50029027904805
2232,-0.4999128177858435,47.506532229174745,14.658374629967406,0.7999999276935553
3787,-3.8567883221550603,70.16987977039003,16.09101398146291,1.5119578223894186
4161,-12.14844138774659,1.80057504244923,15.633051608595855,1.458528823753188
1847,20.938784939644847,19.34641528921966,11.705934303740417,1.4228384846587592
1252,-16.676754669822888,96.72563717739186,6.958171706503556,1.9003789731600431
2653,-0.4999296627511757,38.336690862660696,16.934041651302895,0.7999999207779784
956,24.310704059725527,39.51455019208807,10.025025473021618,1.926237481890635
505,-11.362715398476865,106.67913308803651,9.513888518217271,1.5100218875204894
1355,-9.191174115450593,45.97021416200912,10.632498968548202,0.7999998823417519
3643,7.231740784040709,65.37579013806655,16.288217787163326,1.4595705589070898
2957,-3.0956027438223193,16.642648866297016,13.19249433056842,1.3271748159543415
5170,-7.548879467021659,26.19460772056873,18.69847975536603,1.5078399257419663
337,6.474629819231237,98.4300277337815,9.857556805958781,9.570240223425166
2343,19.067680076551625,96.03548270185696,2.536154049040615,6.648844576724021
2908,-12.256781727698385,-12.551007191015316,7.8074127420849235,1.1807980138588117
4035,-6.873193730368428,53.75708724602495,16.845225341908723,1.4566325259114332
3707,15.339763491937946,41.63833344141394,15.281302296590818,1.5445085225943944
2956,-5.863270761821303,16.672027523054933,16.925610346656534,1.5220508857200779
2541,24.366919179266095,4.333908969775269,-1.0206238352582266,5.585967409570562
3245,-14.737601150394859,18.32785561019547,16.44430248727386,1.500557860331095
1975,10.300037952524976,20.822872801890433,15.145218520417027,0.7999841935340635
1031,20.70191985750118,91.33084733538797,2.206506793333165,0.803924484858604
1702,17.380676300097367,-9.616123713375009,7.498618702348763,1.3498516280258779
4433,-17.28823174044581,-0.547870952368724,10.429036187310608,1.4830740899631274
957,24.025035081918077,46.78904500073324,7.896604647074717,1.764352063716997
4922,-10.579626287985677,63.48301267495133,16.88868765580218,2.813931731065403
146,1.1371529290209297,83.4713165929813,15.029174140895922,1.5081351337328206
118,-3.7796497390146016,77.95406378168377,15.385186391175425,1.4776125871115058
4349,-17.426457048338992,-11.23454761084308,1.5247498194860676,1.3222818806666
2222,10.30009378003229,51.21349667475438,11.921963354684586,0.8000005549674759
3783,-9.69987793797636,66.2330029523187,14.290009477071681,0.8000009836925298
2061,13.049981099421483,-10.271355074536476,4.8302739191156405,1.3816921878823343
2894,-18.50082457167091,-8.793592035752306,7.60250725389734,1.5226117349041424
2404,24.066085038863083,36.372939882492204,6.177125943981488,4.392298804597306
1621,24.566793595261966,17.126343299655954,3.581463142265754,3.3768116935314034
5183,5.095264182865439,95.82252732260173,14.753511118753174,1.51206519479515
3649,2.404173643201329,60.739137094168804,13.942916742967387,0.7999994247976147
593,-1.2998604756155252,76.00315747586814,13.305829532594881,0.7999999588994255
959,23.256910706582755,63.577035024580766,9.437664872899196,2.155498641790879
3594,-10.586210578626968,66.58059768213162,15.06612387240999,1.4912117896160095
3652,-0.4998629460065359,74.69228580079698,12.834910370741099,0.7999999387266075
288,13.737864899017257,86.71305441966757,12.381960002951104,1.47498005741107
1211,-18.509197347397368,77.56081642898471,8.916179194768457,1.5017499212597547
1814,17.960585133000098,-3.1270542242405273,10.635607868142483,1.5071682033946308
4069,-1.2999108010763194,48.573541845946565,14.525907373208259,0.7999999418976524
1085,-16.78374420107109,68.04021956176047,11.394884615540478,1.4521436700081647
1045,-11.865911418019605,87.36702281581532,11.446561000193094,2.588803373207257
4204,-16.963897480919986,-11.954325965449687,-0.794952884283459,7.629711279333859
5202,-20.501993570685546,80.01285407598158,5.34716113528703,1.7375796534660126
1861,21.701770854486085,17.68584537898925,10.59030661693276,1.3551892119164821
5180,2.5930197513764845,41.57762454654445,19.358527293010113,1.4662578357356184
2789,-21.149354844703453,11.055687720480755,10.298077944364282,1.482129045434616
2106,14.675963734800934,51.35695623234856,15.124745168306573,1.5129557442424686
2092,19.434877186213015,61.556802173838534,11.171244236587526,1.4437846855352006
668,-13.808684006817565,99.9554329301672,7.217429931649282,1.4999961479802395
5155,15.459640643250978,80.49961283854691,13.906875327630958,1.5157748173173247
1944,-7.376713161814352,18.0365877677537,6.21346325261099,1.4490187290319763
4145,-0.4426924008325323,29.247427956324902,15.947875687761432,1.0938365657555094
94,-8.726500463650082,90.3196354168906,13.094081412874072,1.5026330829101027
4924,5.937809665212557,24.480873442387843,19.027028049255723,1.5008441190280837
2998,22.23413321710668,34.75311224548962,12.448046788912915,1.4698694237726573
3663,3.825985496768334,67.06524837591215,16.507971268066576,1.4363286317310762
3665,-1.2998639154902052,74.12447841828055,15.35460663006404,0.7999999391584115
917,24.61733612645889,17.15207656698108,6.080398898425109,1.5894493769303175
1408,22.121098206684668,50.00058161012204,7.169136260279668,1.7531784619266944
3953,-21.68355921521324,36.89982604501455,6.381736801723114,0.8598387384705459
2199,-1.2533996869954052,53.51758514810293,11.122093059429925,7.799693520313368
5189,-3.9068458064527682,74.92726770978572,17.163854103035025,2.0228056595506536
868,23.542495722463357,1.923972063044494,-0.6360632444777123,0.8079553977695416
4074,-13.090128962054985,58.66007194649906,14.700958071402864,1.4898137838019938
4941,15.780733873848416,26.01557483193308,16.91816836438702,1.498021841837841
2623,-1.2999533387054,25.440395279979306,16.313695444329607,0.800000044941434
3270,18.9548916580389,12.14253346247932,14.456036758664464,1.4634290933538046
2722,-11.450023983084531,-13.30107491909261,1.084543592680143,1.4533361454370783
1407,22.043416303460944,51.74647423488632,8.257823174401794,1.7956082742988604
966,21.085546803659327,89.94631463971773,4.270718356199834,1.7580568421813187
3017,22.759081676966435,55.579593322076086,10.68030221659613,1.5207672878112395
1216,-19.293367620911653,73.26436301951995,6.630985340026046,1.683020892507877
4697,8.374190406974192,16.948465192962914,3.4768036942728444,0.8211383092990185
1937,9.186238249932721,18.26198339697228,16.874123374783323,1.4864487576913927
4916,12.185727815027008,42.01351796457085,18.090094237813677,1.5301704276977173
2267,8.038112187873653,99.98832995888215,3.7814027618650212,1.4999970633225763
2953,-5.065288467615799,16.590563893627053,6.572412774280273,1.4427324285287355
2776,-18.701243025605606,14.801532633495041,13.825638355059137,1.4491793079285744
1983,11.100054560116916,29.687642252349526,13.896709562349631,0.8000001907338254
2953,-7.893191932375317,16.571217564977445,4.112813982419598,0.5355196419830659
1553,18.668480019617093,45.152414006878644,12.478944245576761,0.8000105265056802
3849,-15.246405708347183,30.354163495801934,12.23363274961606,0.7999985107824913
2166,11.100091019661777,49.46925786249858,12.35704061997956,0.8000004398661362
4633,17.08511013129356,-11.249684489779025,7.999003718070698,1.1970243803193636
5005,-17.442789467483408,61.285078606740996,13.42187577336494,1.4642263313100374
2783,-19.724018009981492,-3.9821919830015142,8.400882196648086,1.5414990923261052
5152,16.450323336384223,61.29189361328347,15.218286961064871,1.4688058299320133
4289,-10.273992655227634,-2.5833279388861836,10.117186452863013,4.672839378549207
590,-9.69983051300214,92.53120712970156,11.430161205944966,0.8000001555277589
4872,-13.379030102201963,34.12929098817679,17.259440318449087,1.491956126023986
5128,11.5704656734404,70.62951347816862,16.496900879240393,1.51904692132953
4888,-9.718717014541657,44.320781433929234,18.22588098705843,1.467740763845717
5085,-17.527887515080934,7.381055003571448,13.810265801044032,1.5727335930061934
381,17.82202912964942,103.9561260751492,2.4084033430674485,4.55231266884935
2566,11.645483749997014,-10.337317452611998,3.513464838457811,1.4047076557803992
5197,8.974059534752854,97.20781232723337,13.98473703765948,1.5008939788978826
4062,-9.699937443275031,33.96768135397566,16.134065432224993,0.8000002220121649
5007,8.45925381554448,38.83149222902668,18.921690878519748,1.550671256187968
1852,20.626630468451715,8.382071893434546,10.31919514278263,1.5469464117296943
2625,-1.130732830952093,27.190790468910762,12.869825800859964,6.373160161063799
1237,-14.860781803151527,45.18420767968233,9.169871016277284,0.7999981037144894
307,9.868971846838075,95.77839412968794,12.464009445339537,1.4912496506617752
5159,6.557082450835863,91.75853447031346,15.148411343939287,1.508994447297868
2358,6.363636650863603,98.9868910767825,2.306424983388879,11.668162566485082
3246,-11.738074650965656,29.05288220066107,17.801162410713815,1.4745353878104501
106,-5.282698187558703,81.54631518309935,14.802326855000166,1.5210892075259368
3578,-15.610785824261436,56.77651895819676,13.291248912842555,1.5495075390430268
1021,23.76750758408283,48.534299452464936,5.714140743547824,0.8286302934660517
1502,14.183328866755806,11.881716484463354,15.208642767492915,1.4856083229761357
3438,-10.16704991588189,-4.271150593846831,10.327362593353486,1.283153621482211
5159,8.657351844489542,93.6274390184909,14.595446337345871,1.5413056018005729
5060,-11.853102762029032,90.69322548187466,13.630293487411171,1.481387217187688
5150,12.505576942649096,55.53389990677607,17.337603005470374,1.500694263786258
287,12.690817882006804,78.66748119864052,13.69455725032723,1.5366732400250551
2359,19.478121002073557,92.11503176425279,2.8413120662561084,6.646608437038466
3828,-16.648921314719924,33.39839176693682,13.829617275765113,1.4731525844099702
3951,-21.85117368708212,31.759054739563275,6.867477649890413,0.8568328878538521
3242,-16.658985396083533,6.527986788932596,14.331965597303034,1.5266102216206594
5173,-12.574217443984757,44.75819031402037,17.2780974844108,1.435695444657394
5142,-7.455926883808681,54.40918456931374,18.185619741593026,1.4533069896683808
507,-10.659492956798301,108.05054301824896,9.469211116518217,1.5053226224910108
3824,-10.585511840075593,31.63265705011794,16.66221234073009,1.4422626096503655
3666,-2.175527641949449,74.72664005044736,15.31414001903002,0.8000001940035715
1971,15.03333242626467,23.841279580858902,15.563674487978698,1.5099923493167031
4037,-3.9679937097821183,54.4606077618769,17.192155678515004,1.5114606282236402
1034,24.46275268275061,24.585812241564852,8.640054250994469,0.9914972680063471
1871,20.061835682746498,23.06606292478286,12.56599775267172,1.5345709725521202
3663,4.034433510371564,70.36120413926233,16.21939889685561,1.4508074459898976
4281,-11.396686544236422,-4.360721749945789,9.498608780639533,0.8716858119331631
4668,18.041958778852226,-13.763173261964742,-0.7333866301008949,0.6493460071113687
1856,19.82393813210637,-3.703873931231501,7.969066518921631,1.6469205734452403
5190,-0.9134593081678068,73.0365242609301,17.528956580994045,6.264071656422573
1782,14.874953606093074,-2.279022541076484,12.74899963378417,1.434490144980395
3790,-8.210821595998922,64.0811094266862,15.903021332024405,1.4450191983120932
5027,-19.932308537187147,57.66737303731745,11.646581542115541,1.51211002010314
1380,-19.435029978749604,46.951911996651305,10.882337621742888,1.4698587522533468
1526,7.598424830917301,45.959856414118406,11.70974661288049,0.799998059001601
4325,-10.149877949361429,-11.903721657299076,-1.7846695990278114,11.377986341963936
4639,20.276642544846986,-7.281766407271284,8.497582220011408,1.5717933666752226
2084,19.281111747942386,76.24085798876122,9.783883850391458,1.4713544803118586
3211,18.57741536181746,3.8971874328233413,13.715403804229034,3.3904587230542895
2594,11.565747133760446,14.182912422344033,3.1304910968716078,0.5343736186919822
2366,17.928661372162995,52.23757522501803,13.191618057116793,1.4838783254088763
1216,-19.268996766680495,73.48519409753258,6.331390888941456,1.6830945511322954
2771,-9.699963906538219,18.21538249043649,15.11762943449485,0.800011907971698
4067,-1.2998916553417135,59.052186320510216,14.529043191799193,0.800000030589622
2106,15.045678785914989,46.78734082123735,15.24605896384576,1.5084255254931278
203,0.8451641405747041,88.05420587157661,9.30304909636646,6.69029846859207
470,-6.739647350501974,106.40436393174164,10.900588990661168,1.4736069680600763
2054,12.737126143773443,16.739298700095116,13.833219179398254,1.3494035671033366
1471,18.3619729556608,96.30986985375657,3.693802908768545,1.7263588956334788
2222,10.30008588948192,46.89775971366569,14.571771712453572,0.8000002729143978
3725,16.601692997114668,39.1397572057238,14.690808189454765,1.4961226258396705
4055,-7.8093397941798255,36.34255301529897,17.20539229328586,1.5670636381436838
4897,-15.93417069722128,88.19691602212886,11.66901314821082,1.5038314919948907
3637,1.300187280375253,102.0340852850299,11.287222122372029,0.8000000586875914
5184,-7.913550017378088,102.36444789599707,13.034425665910021,1.4580554299221544
3429,-10.19494697238321,5.507026864178925,13.321529762161113,1.2552682945758198
2485,-11.449994023775629,2.6187284394922874,10.26693851840645,1.2970353180568748
5226,-14.719533950104479,-1.3602481279973273,12.334083460953675,1.4457741999319706
3446,-10.172843422440474,13.880290224124728,14.95070103729441,6.920904099185805
2633,1.3659662162380162,29.528853910288365,10.411439847632762,1.0702810458170804
667,-10.010673283549242,99.94246496640704,8.569052712726862,1.4999927411718263
3876,1.1799550654583675,31.421230763465697,8.760186609297671,10.645454727797256
4497,-19.841693325100618,22.590989675795825,11.32565513669594,1.4564480280358811
3918,23.81295366350758,-2.0123157002790526,3.652091461905337,2.0540658326833934
4922,-10.781471933590666,62.02205762311839,16.938015866238644,3.459542992956065
5328,-12.33241631286506,-11.829847875036144,6.676071481501824,1.1085601622688073
4012,-1.208041226411924,29.287855776546163,10.347644323591283,1.1008448919275664
646,-15.356060222875739,103.02584609675901,2.4863837135395976,1.6104240197548771
1863,21.34544364639412,11.60670052735941,9.961657307566844,1.5647027789247614
5112,-12.732244170583275,5.1468787821388515,16.030715029206828,1.4968919243467793
4038,-4.144821445605216,57.66544509097173,17.015745973974774,1.5178056001156164
2857,-21.41534926980815,1.7462834494216282,7.161989659756998,1.5950943717126982
322,-0.4998553931127214,78.80874221409938,13.29715026798856,0.7999999511038396
4154,0.6123955562222569,30.54728171847446,11.939001236468913,20.077298064465637
2226,0.3730625662444739,59.92136150511312,15.794069568635198,0.799996811831623
893,23.843158318722537,19.2494619171498,5.631251870738833,0.7693792390949923
1141,-11.95431199923047,93.30201241728226,11.608162255727107,1.4852580386551602
1487,21.589087579137075,40.83977058043675,10.721917032066173,1.4859511611662959
4491,-18.240576593549836,14.551462545695601,12.237249609962177,1.4443996995024506
3576,-11.591674940815551,64.0990327380196,14.906584596647512,1.5042808642477292
5142,-5.371214927485536,51.197988018590216,18.74586715052978,1.5270257651014703
4036,-5.060235707397897,48.64149729343002,17.372722059556196,1.5331476824041772
1414,20.641637473396507,76.63352411768395,6.721038667689711,1.7579393586408067
959,23.531357633657073,58.07184408128735,7.080624696271966,1.7583184130646843
4616,21.636731066453365,-8.459216936263214,4.927087119140445,1.7338060311917822
849,-17.801395244973026,100.01112951796534,3.367441410551136,7.048058568550209
4433,-17.526899484508263,-1.2527823743553286,9.91296194144725,1.489458718038959
3804,11.100119624140557,64.79645085215358,15.414890206110215,0.8000009520185521
4905,7.515842691637609,66.84700312662928,17.6113948612429,1.468982014611231
4490,-19.182026096397877,13.315399105497871,10.960156125295796,1.45836585082182
5140,-10.541956649529926,56.61142247254549,17.43260251933249,2.698586187929808
3724,16.990539537769425,41.114639161490864,14.393068619466835,1.4804770948843344
959,23.070119847781037,66.38621669954631,7.9680319536932185,1.7160631803222155
5285,-16.954427903083474,6.548256626308385,12.148927392882662,1.5714368252883113
2267,16.326363565455857,100.00511747985891,2.028612616680565,0.7499956398391437
2646,-0.4999243337629399,41.23179816139408,9.941745785146509,0.8000000170989776
3830,-16.10244735592971,41.72464178257523,13.911656784976138,1.4876645092661662
5019,-21.233993971489216,18.973691136734672,11.530323218029121,1.3994713325449417
4456,-17.30440392631103,-5.7592873711247075,8.5093781774969,1.5143622140927686
3584,-14.373234574672777,60.753127991787196,12.486529347977648,0.8000005597331635
3812,14.868335827412217,72.56863360495021,13.359620692724324,1.487818188282794
458,5.163147915995285,106.95544506389527,11.245742820576803,1.4495080138765815
140,3.674976063836401,75.59978885972315,15.780202446387896,1.391585545909794
471,-8.09858522929202,108.48044795938021,10.146945746729035,1.45155358495097
4904,3.6538882901216336,68.06963068039298,17.886029088255306,1.4435005157879672
3820,-18.181171611358497,30.93774075229007,10.905650546398975,3.7455658839325787
3588,-10.49986749249848,72.24119179752813,12.579771190560935,0.8000004465516188
3029,18.689653566223036,91.69006806474643,10.274238110724582,1.4913195633585377
5265,-19.91114474915569,33.37206195533075,11.1168652936013,1.4813816193116935
140,3.430399396931194,76.5110770359054,15.706565001624183,1.389777022475464
4070,-2.787596788973956,59.91900943303672,16.039958695248593,0.7999980852399997
780,-21.234322723262014,59.05444517969143,4.41165975430952,5.864166334158426
1486,21.965361753661412,39.711616765090255,10.41737290357226,1.4988298664186255
4721,10.895861522619697,16.54752713032196,8.519188522914003,1.4502718564364598
3027,23.464781813532216,40.23060886207746,11.003778848635879,1.4867944911684932
2664,-1.2999658067289666,18.597294304793746,14.339022001931681,0.7999999495407366
4930,14.739025417155323,25.50733969857663,17.349490185305385,1.541104070116123
3263,17.70123111626198,14.733397991448872,15.544471774342679,1.4810616691184257
3465,-10.000551956022932,15.367732864323575,5.615079793392569,1.449672916103776
2943,-16.795279905159816,-13.323153971128416,1.3043224693777176,1.2134009549808817
1699,15.776314079905692,-8.767783142851375,9.311817839381655,1.465500168364473
310,4.4844448585649195,89.08244959976847,14.194796863642477,1.4626713638505313
3004,18.582836444029724,98.63719991930557,9.237018981427743,1.4934513589253242
5129,12.605471553030592,88.20390579581994,14.252768478420329,2.971503369328442
126,-1.2998325953878485,91.24445231806199,11.06865845194947,0.8000000241533209
3027,23.77946885463339,43.783240893578224,10.435522698865153,1.9953320332966897
2108,13.236489959022876,59.06690782374769,15.313515088847952,1.4124900030432066
666,-9.31928103768415,99.95789833190956,6.959048183467193,1.4999951965837772
811,-8.899818322888063,99.29555538252669,5.812344307344413,9.268263062198082
3722,11.10006986615755,38.05173646139562,13.65099330589537,0.7999997443208973
2086,17.52409285180411,84.69954314293821,10.211190523206117,1.496261592994694
3788,-5.2585644509087865,61.452288080171286,16.64838726394742,1.4731130497252278
3722,11.10007701676311,41.735395828655456,11.170237590904566,0.8000001638786969
3898,-2.1733650772342257,28.413768412381216,16.417600127446615,1.1069766731150346
1219,-19.640257939924926,68.29086248374162,7.722833042602526,1.6660385440389693
1297,-9.944366192729063,98.50293719338589,2.3440961352816743,10.723547107865052
2674,5.5248292251187525,34.861459274226014,17.74943732957057,1.4640471003631068
5096,-12.663253793202262,9.188262874002243,16.4361408742172,1.4575491619549203
3646,9.945575209323026,69.12280066197603,15.460437129057473,1.4753946529142916
3649,4.986927548089518,60.7353470719663,14.337845534118625,0.7999996286115014
826,-16.895423885209194,103.36343527961442,8.18970961299382,2.4035916172598335
774,-4.924568918452151,108.86905151248598,12.097736017521918,2.138567563308407
3189,-16.107447233777858,61.97263886129962,14.349225554127099,1.4693536656171513
2045,13.050023429442735,12.878249038322103,5.711511611205261,1.4302300501863623
5040,-2.5725925984048725,94.14258343086104,15.07836008514839,1.5318781245586695
5142,-5.775982199654326,49.34542783815922,18.75960424368777,1.4996318548840692
1922,7.385411818410255,28.22387246800623,17.48471189261473,1.4738043032314763
2491,-9.821274450154167,17.89461962997913,8.965258464145798,1.450976846889509
4919,-2.6623877804167946,59.455581741916106,18.495274414091178,1.4299624254394059
1420,22.406809431780637,41.74564626396459,8.684980694190239,1.8325821238944782
2585,11.744380905822249,8.18618517336786,11.245908049915979,1.3058728569863456
3944,24.315568008771397,8.630009205693932,5.956601035009566,1.8005509185828765
2284,17.1444551119218,101.56510249168178,7.534927368273837,2.0656464109139483
5203,-1.8385653464881662,24.866503689398122,19.168403718577213,1.450347615124473
2147,16.556440251579744,81.49421081282209,11.337135877678614,1.4926260638013178
525,-1.592965425991185,98.41707867159494,11.209575928667105,1.4999974370705653
3247,13.349652327652297,20.276927354852305,17.59047719409804,1.4495186866304355
2364,20.004390819178827,57.61697287626727,11.014712157608948,1.4977751765115257
4159,0.5009704449369737,31.305586996640628,15.348518380368944,1.107159082908441
5158,8.911916713362622,84.03345214289321,15.745714098452353,1.5385326809175979
5117,-13.948802675685219,61.10622903339633,15.708663919422108,1.473371080924653
2952,7.070091036466506,16.64791573767767,13.86463828359744,1.5754864730979339
984,19.672553447027116,99.33745276861094,4.465531933922043,3.915254029866032
511,-6.886624622596759,110.42160122104386,9.858807217235189,1.5089335073360635
667,-9.380317727730024,99.97086768574704,5.606088686947952,1.4999962855010025
1942,5.408881978758047,17.9363544487789,16.66772607396744,1.26653611910738
4636,13.367938312411994,-12.874438629717611,7.157643784313125,1.0289973355244186
324,3.307183372960163,98.40968777041505,11.979438268960225,1.49999793594735
721,-0.8795997555243462,111.80136777457318,11.691726177928619,1.4809745126020402
4479,-17.51810892656768,1.806156591718451,10.765721448302472,1.4475681751483056
4920,-5.671334506994902,59.35159538385837,18.231692917537313,1.4599349414929468
1214,-18.545553268804497,82.59630557288787,4.202355317411124,1.6298895622533471
3594,-10.652793414125457,64.75201431418293,15.201883288380074,1.4792892808718148
2330,15.592232253840901,105.6656009333632,8.094657968506766,1.5113118099145986
3264,15.761194781454382,22.218512853264826,16.838626112020666,1.484974855127387
1378,-18.887227742929877,63.06375606308248,10.043838827523205,1.4841721528829626
3643,7.3142574685654385,68.84058918276797,15.98256632726926,1.4837162805623874
806,-19.699878612178136,65.83494829097245,5.192269053137017,1.657039240410185
3901,-18.810680598485494,87.3783815903021,2.5355393321116546,0.7849303106805707
3134,18.56819273050503,51.55356564408433,14.595246324305032,1.475071709054283
2864,-20.463457808917642,-8.880056056901193,2.7492068267079164,1.7166407368742354
2896,-17.688148586852662,-9.709921754193559,7.80573545805431,1.4096615914694446
288,13.53116376208347,85.70776499228023,12.591012718210292,1.4772928011398523
957,24.08536506349049,45.84414005757429,8.678425546041554,1.7923038891987153
4062,-9.69993948082896,32.83373154802229,16.66023942428432,0.8000002760488504
321,2.014600157139935,95.53799653216302,13.436521326768375,1.5325290029626815
2684,7.106842272878482,31.110664930299066,16.77093515852935,0.7999995910370217
2754,-11.946339481562823,15.675894034357116,15.741093201483448,1.4185140356433976
2250,-0.49989340963579315,58.07822692730694,13.015529120114198,0.8000000551001376
1917,1.2470146492239524,25.889841894419284,17.786833025041346,1.5153492361164933
2226,-0.2526923029859926,59.95236381124711,12.559854273234102,0.7999975375745029
4004,-4.624293185635041,33.31899134793169,17.684937693366777,1.4674013843751577
1054,-12.571496250524545,88.16404279581585,11.4790514452664,0.7999967818035788
969,22.229526407914612,77.80362939985403,4.539905541893042,1.6813345607346015
3958,-20.40859886670582,68.0964868697642,4.610186632529801,0.7701364716482747
3652,-0.4998734404004511,68.96738112291028,15.780139808437667,0.7999999332310221
3813,11.100116932316983,63.42558587034581,12.353317861778859,0.8000009616714256
4051,-10.49990506576151,51.88655565819863,15.866966590463143,0.8000005992130909
3833,-15.83224868117627,31.140913499724988,13.61966373657877,0.7999980472042675
1199,-11.533940406556788,76.17674577368365,13.801683356240662,1.4950210025700637
1672,23.066104480758597,13.513277640494408,3.473816678963111,1.6104832431903147
4377,-16.04015531268754,-10.32327313744486,6.3820480578235195,1.247927386284151
3059,-10.128872153063305,15.482910500408398,13.1045696102416,1.3290485132908467
3920,21.48734953218125,1.2905989134912061,10.131791694182656,1.5929008530901119
4903,3.0241528667491915,64.16440229706595,18.218519574070978,1.423169162614971
341,9.880418358481844,98.45985955948788,6.744238373889751,1.499993677101247
2108,12.238919280602445,51.58856176925877,16.072869432269705,1.480570244644072
5080,-13.88922786890773,17.22803901484036,16.686912870341512,1.467422992044499
2865,-19.624673528568486,-9.620745029793042,4.365543979643313,1.6399691549963777
1086,-16.370903386154108,83.11525150130088,10.03912847155087,1.5015027850189149
471,-6.813253498058245,109.22395432906794,10.238050581488157,1.4445785433278209
3597,6.000186919818807,101.81199459451867,10.146063456422628,0.8000001489067354
1955,17.175427792381285,25.20282489748176,14.56434173753805,1.4644770368296014
4190,-19.386658943034664,-8.433348119147254,-1.0892562087616682,7.94427065903804
4953,-22.952924379375204,23.818139558492145,7.14972143471738,0.7730453596148003
5144,-1.2921113452361608,55.91080917214647,18.802614777173684,7.683876952419125
2606,1.7025013358828147,31.23641562820952,12.539582457818147,1.1118317756835314
2716,-11.449984854370829,8.189850978730899,13.438517352407402,1.267050005600081
2653,-0.4999211789183862,42.95443157330868,14.7865987739265,0.7999999594293492
4919,-4.678783673248217,62.17170013436135,18.166956999083485,1.4840702785837354
5021,-18.60025681781305,22.861480259998444,14.365717244846312,1.5152484580443892
4358,-18.495458128859656,-8.409515836528549,3.864211059013412,1.6989917798523084
311,10.681546171136047,97.39771193535637,9.542620328771193,4.0323071097452345
5041,-2.9118438871024983,84.98411506520962,16.203473304501124,1.4788589372559433
775,-6.8102800226936155,107.10886780772151,12.255423323767351,1.4672008818481925
3777,15.97351763655081,59.95062219033831,12.73858083103967,0.799997903818368
2992,19.715433961396172,98.63907085887374,8.214157136371005,2.609257063584681
4604,15.512109861724825,-9.733615652477878,10.653122878335186,1.4561354095418944
2961,20.68885614256054,42.57103685576001,13.397169914482724,1.4620542859698848
3789,-6.921396423615896,66.19635123666916,15.999111050173425,1.436355073589608
1222,-20.10808627422647,59.77859082576279,6.982462566083235,1.7022158018231235
3789,-6.836296557896046,61.689593284787534,16.40714842381129,1.3906731991891532
2166,11.10009471206546,51.37553547997153,14.55209303692448,0.8000005876491328
4060,-4.267795647435047,31.162604611050565,11.354582900748689,0.7999980592839874
3906,20.9571774489585,-6.162693546320001,8.072720380091551,1.5957203527909762
5149,13.004415494503784,48.732959694127686,17.52441202399978,1.461947338519457
4038,-2.7496601859385565,54.2705446762372,17.315410846939812,1.4724086770455667
309,5.896904678415652,93.40111379044376,13.467216258478189,1.5312149757317246
5117,-14.188910525321969,57.86563650713516,15.881809626208003,1.5020672338419927
330,16.240250316369067,98.4518544006817,7.578226045615373,1.4999941908136933
5439,-21.994519458641733,56.3857296618544,6.599181120659755,1.724228115704306
2995,19.74010404886864,33.86152627284885,14.6042719799341,1.5146822984237391
1939,-6.70524338671856,18.015726829879586,8.389639288423828,1.411032587993924
2883,-16.221277315112857,-13.007584659658221,3.4750611679887715,0.9866880617874175
1200,-14.87539391764792,75.72952694998506,12.043376868803437,1.4876010610647394
4908,13.330705455925433,70.68080226597488,15.904433990125026,1.518023126407451
482,4.357275747102293,111.79098134771806,10.029818331717383,1.5059189738790542
3893,-2.5382153864557466,32.76178616924739,11.198957149123569,1.0569359426769314
5005,-17.11714089217408,58.02707285205863,13.995793484051115,1.4924848056513453
5178,-13.259202412980738,79.49261541334023,14.33785661756654,1.531367654485448
318,2.0225343689102417,88.16193650485864,11.695861609963499,0.7999946588092762
3023,18.464305767385145,81.55603976881162,11.775704669745252,1.5139291584811259
2367,19.3640468404841,48.48939408207015,12.28689821307114,1.4087149281646176
4064,-9.69992573836113,40.63530855757399,15.174952511597148,0.8000000582948917
97,-3.6498624930978467,92.03355879389368,13.739648917122906,1.4916554764546273
1654,22.882560197801112,15.778219240560162,6.638194997249602,1.607678044234441
3942,23.726816030843082,23.33712313998585,10.593164860771537,1.4331814286255828
3924,20.136038495135463,57.93457798815065,12.860803823846004,1.4912108654774123
3177,-16.558910725582738,26.70437404664755,15.678231954905705,1.4546633511502918
1232,-18.2115106360785,85.92084398255012,3.5118584450289587,1.599643205993901
5038,0.48735632085087177,88.1619149570588,15.962834997970571,1.4498771346343726
1405,21.41343961114542,65.32496799035917,7.8533822117583085,1.7129812509579037
5124,3.225842650182704,81.11200912223887,16.66156650336397,1.4379444487650868
5147,9.494739523522561,85.86845173191044,15.389121904057323,1.5033147999750733
5166,17.89985090315406,58.223895064012694,14.569359989873451,1.5263987844425735
977,-12.325592698705314,111.01608619566065,9.363587402365809,0.40582591186127764
4994,-20.382409273335778,27.698152758347735,12.851092320690407,1.480319746675549
2696,-15.073496534297801,16.825606376536577,14.532614095397587,1.504199551636327
3656,7.367730553762788,30.35375256003421,12.272104940901169,0.7999991896797218
1727,15.443959517146244,-12.807903751060195,3.588077544003144,0.9468259981090339
30,10.30014212978739,77.54494958041994,11.808359191038601,0.8000002235399536
2732,-1.7416058858576067,27.19688070782998,17.814986388988427,1.3942722094729307
0,12.021932234901367,75.55873614506973,11.967032251593006,0.8000008719021989
2278,18.623610547625308,100.81863058894658,1.1608185617894655,7.4419904930797225
3807,14.119974787118297,60.73908726713947,13.945909815210971,0.8000000698181428
3664,-1.2998746368855576,68.28592326886312,13.222545482661227,0.7999999346540188
2911,-14.30961619693156,-11.601220572035027,8.26719092809121,1.1981823341720819
4921,-9.208604501570482,63.673048722325,17.216254168594954,1.4625799818293412
3208,-6.8272331266566635,22.3781912895217,18.67557733461976,1.5135854628646643
1118,-13.673671224864396,97.73729620078502,10.057239790623512,1.4863785414761477
5045,-6.297461659526272,104.37752029463707,13.000372783271956,1.5017896797930164
996,20.753067754176854,93.192154678528,8.052632012571992,2.059995275595087
3708,15.664969542897062,30.34405515178758,13.282254656371826,0.7999983326690093
2250,-0.499890138875091,59.86133395025339,14.46192454711969,0.8000000357943869
4919,-2.029669122505988,62.51071011080099,18.30451318113369,1.402594165028062
4061,-5.205335180228348,31.115310592946336,16.288656591502424,0.799999851760516
2214,6.908548043376887,48.5712910715636,17.36380622288992,1.5012074505827842
2813,-22.126292362302447,-3.7755551665211984,-0.6108215120945597,1.6621467250667141
4963,-21.430209852782614,63.83661227676933,4.6267344943253015,0.7855414830500274
2916,-22.94075053525268,4.161593102119844,1.8286111458940952,1.8232390800388598
5248,-11.825224417413486,14.005554453898752,12.743437036282815,4.401582928345623
1374,-3.2528934608474165,45.961772354467975,11.512077363292399,0.8000003081229216
1294,-21.34176784907185,40.948067590627595,6.824040319505342,4.6810949316296675
1487,21.476485044649657,40.3100337429762,10.856074104370796,1.4951067689505302
3506,-6.211906012176725,102.23705790155341,11.8563609960961,1.4703968937673433
3688,13.459613513234958,-6.030830934262511,10.487693463025103,0.8000060551106253
126,-1.299832091273539,91.52419623155798,12.478917294187998,0.8000000393800798
1535,5.43797096201682,45.92517580763564,15.328065995240003,0.7999978699395781
304,-0.49983126359442265,91.95380876712755,12.776500824271114,0.800000039090113
1649,22.53823289029104,0.742434120454056,0.6011396401480305,1.838012185116455
5517,-21.068915925104605,10.106250581226131,5.559493561257516,1.7410117715027285
1086,-16.52414301457221,79.75764366975072,10.309361164578776,1.5210639032650957
5137,16.42801718547501,38.21562326134439,16.587426732873794,1.5727948614641571
784,-20.38112024646233,74.48412523165047,3.2106416348655173,6.365619771019861
5148,6.92061744058152,51.21350680685566,18.756661134095445,1.520608247956701
1951,12.38676493375799,27.751941442132605,16.547504398511517,1.4662035781889804
3735,19.734102931901166,92.59545945118315,1.8162141919336816,0.7459234169692717
2681,2.5375924354386417,31.479715104666592,17.9455739551323,1.38091917743314
3957,-20.763736440701795,61.344397780963206,5.062785848829952,0.8386327329876013
4034,-8.135512250717632,51.020884846049555,16.744026838895877,1.4530203736558882
3432,-10.204681886195573,2.1512201226787147,13.191684401623155,1.245505954557328
2955,-6.637437417588952,16.659138928203685,15.28733435529918,1.550648780037973
1797,14.715517573234074,0.38898250393183414,13.39447192334081,1.5803788559748158
3671,2.9349060438055714,74.74023821556892,13.894907611905225,0.7999952484693188
3597,6.000195334545239,106.43594421543068,9.789314517377798,0.8000001788028018
2195,-1.0254651792519378,66.70231200971054,11.248476650983399,6.808434652216126
1717,18.45550828914878,-11.405903490666237,2.8935803181850743,1.1675227808573458
3294,18.19335005904701,1.18663693588346,13.494618269673662,1.5300379231369283
2869,-10.887579831201363,-15.165961919451986,-0.8316049270566216,0.7528988679458825
595,-9.699849137133148,82.14083993428575,12.147110999894652,0.8000004507962788
2577,-11.449985268962072,7.754470558927057,10.936550566532512,1.3084494632180215
5029,-21.204340028235023,70.4967456110225,8.070155242271019,1.7007330798043203
3788,-5.500192452088442,61.465343838218004,16.614396106657328,1.4596505439691754
596,-9.699846598889621,83.58236461797406,12.73015063313106,0.8000002421156667
1001,24.541485989515632,25.841512591736638,7.836094690868382,1.0424863812705407
87,-9.433180534397275,88.15538828588461,12.381127354927225,0.7999925685783438
1733,14.289521305549023,14.52860913225748,14.818195762353017,0.8000056595080681
3660,5.987196384929451,70.5267332253845,16.015399449480448,1.518220815106208
1360,-10.733646489452575,45.15487488075176,12.229022521833263,0.8000011239697092
2167,11.100101688461953,55.03830979716377,14.485406611006834,0.8000010755808407
5192,0.312779470419406,82.99232677503143,16.60851007287965,1.5311553044352249
322,-0.4998477478574557,82.98831823008605,11.855231895106417,0.7999999769978461
2919,-22.91716429989556,7.054769462792816,3.781927799536031,1.8291969571648812
3446,-10.086588952446228,9.064111449612932,8.133880317924008,1.36360543460176
1142,-12.293885456775296,89.21849573944507,11.989690414386537,1.4959543010274523
5074,-11.09934069499401,13.370130008253005,17.350343182208192,2.794542853800494
5180,4.305629208630343,38.49192797923347,19.315442529139233,1.4882443583918885
3231,-14.18420325493865,-5.524252604372279,12.92620351931761,1.4620575142176868
2167,11.100105469621234,57.017290828820634,15.250870419391928,0.8000015045104056
975,-0.5210728723748475,114.4678370432164,10.807177583115845,0.2753017798876002
531,-12.23954624422332,98.48342614677716,4.289701300968026,1.4999971295279455
1708,13.52669565049833,-10.02078611337381,9.092664966508986,1.3670474619768345
5026,-19.137562376426757,77.67381659076769,10.347944903281867,1.5085037956616667
4901,0.011722267149608445,37.1314047048284,19.48403527407301,1.5011903841836898
1362,-17.83189656492689,45.969334982063344,10.72472453458646,0.799996127358777
1413,20.501397661322763,78.34305851935751,7.644360870703869,1.7764699641009618
3475,-9.699808134050663,104.52744634284241,10.480021884457766,4.097251721543464
2613,10.674908032490166,33.494984759855264,10.930163921160576,7.568932675680583
994,22.235186780715193,78.82214891923076,6.734242314913979,1.7705462209379523
4073,-9.699918573350358,44.405283843691365,13.252313997206118,0.8000001816563388
3906,20.956912192998647,-6.915907792241249,7.628735380045199,1.6174134617574292
2275,6.100183365369814,99.91378633183476,4.908745885297672,13.474200324528015
1529,3.6442173418621477,45.9609398828938,11.597419739024065,0.7999979248623237
4043,-10.499896418403853,56.65025589721949,11.546427971463464,0.8000009228933052
3249,13.400282424683219,2.4815542057180937,15.857396666715854,6.08071282425081
3573,-13.069495079655422,70.31225434491431,13.671485735570567,1.433660938097745
1215,-19.221006920976023,73.9385878258435,5.4273640932733755,1.6808917106112409
2860,-22.967035076547813,13.730187526861323,5.412211731800254,1.6146374966382144
1251,-21.03714813214023,33.94420465424229,7.482966315166777,1.7179380575690901
2327,14.643264296820865,104.5361543720287,9.128970501270668,1.5061458233937812
1976,10.30004416897497,24.089689011617892,14.17809164694065,0.7999839672316678
1191,-13.572357323579233,81.36286502257593,12.225216547779475,1.5072242226594321
3919,23.528972355199222,-0.9458851011823256,5.4110056950126735,1.9634565076834751
1947,-4.695710808501914,17.976322701757184,12.500046657552694,1.3392827165160752
2947,-9.829136291132889,16.176795506336525,9.65735345631226,1.4356106996501277
5198,7.765576933259361,97.55464116576334,14.129771465221511,1.456501419649069
983,23.04033351813125,66.32459773790791,7.12837474171053,1.6787433463024595
4279,-21.999703604528435,-1.6518797713992068,-1.9487383360809087,5.85902470706574
5164,17.003442406141115,62.994549824739224,14.703771551224527,1.4779997883572331
5139,-12.582007040559864,55.182259263736995,16.806179755601534,1.5375675662070767
848,-17.280902753476422,102.59470483301592,3.8672691291192023,1.8167974679277799
4061,-3.9086794599526513,31.152216494089906,12.438230248267239,0.7999983414679818
5190,-1.9079017277257613,79.36189489267545,16.879980290690995,1.477155530414276
1816,17.11099119262794,0.08092163549686793,12.109591950156036,1.5256267864522195
3783,-9.699873078552246,68.91042887987984,13.850157881942284,0.8000007603776187
4895,-19.60029242591284,38.5549273829768,13.224889528571703,1.5046176655161185
2361,20.10747503671558,87.47044790442895,3.2028361295885337,6.436340829486144
1379,-19.474607960740897,54.9670382993134,10.208973115958052,1.525186026825025
1551,4.478368328121197,45.14164873138943,13.60608063558588,0.7999982200837983
341,11.268051490509391,98.45925825821703,6.806687327654277,1.4999947748015614
1031,20.04090305637504,96.2897652835399,2.8048579090772705,1.663749801519885
3786,-2.1186063405050763,62.416843528352956,16.894905881550134,1.4046900976775727
2577,-11.44998484605831,7.985197698374916,10.020241191975392,1.3260824936458917
1300,-3.5678492276942855,45.161133794408755,11.574895081026238,0.8000000933356797
2011,13.311371390387356,-5.227115161142155,10.104546534527293,0.8000060097296751
2428,-1.299935829184287,34.95980308464612,12.50378280066824,0.7999999973514237
3743,22.062555546038002,67.20111677499263,4.18926670748892,0.7590927239566
2667,10.300068908178407,37.61806600409733,16.925630044753994,5.436405195895641
1670,22.938054197660662,9.244092931719125,3.1484248106325112,1.7448680070998435
95,-7.205610208862868,93.26995651386625,13.035735185629612,1.5337347476734164
2373,18.113323978244612,97.59948800802124,3.987038899193597,1.8139963414372975
2961,21.116969073165237,39.36663981301655,13.247858232178205,1.51053528524069
1093,-15.749060213524595,91.51845737401865,9.452053261756628,1.4876594463080552
1944,3.8063151675447457,18.017226763859988,8.231174380829215,1.4137994663544684
3121,-15.5865680478026,-13.861374543665914,1.3018921439032005,1.1559182292136612
2956,-4.308379069748961,16.66392583102741,15.896627495631295,1.27997395208045
4616,21.532272490171835,-8.03991164368248,5.6552915286051215,1.7144903908066074
2325,14.484862241112623,100.77366380095235,10.014777795573522,1.4796436997713842
1966,11.327797531280757,30.20367302946147,16.875167331702624,1.415118634290641
5009,-20.188828821133143,55.66303188748134,11.580264949141288,1.5258503185653904
3745,22.807669601417174,51.61411990096017,5.945701164465293,0.8837381215111166
2185,-5.06211984323264,60.06178096317399,11.184823099642678,7.1158441419606335
4030,-2.223365046726536,39.51608329013315,17.86614753922048,1.4540471183649077
1367,-16.328885447065726,70.8671681136652,11.476566350235759,1.4561605619373008
3881,-4.54271434155932,30.32219455704111,15.566576311716425,0.799999225664905
3146,10.320106657722388,20.637871071863913,18.326139578276745,1.5093592413413426
4924,5.562989606513929,33.16695107675134,19.18536311375676,1.4193571029317018
395,-8.979429588397387,112.1187630501903,9.6568857317018,0.9141075053019683
606,-9.510479911289055,100.00663400396675,1.8750616184514963,0.7499887872948364
919,24.594833267819215,8.752201571600612,4.050875303022373,1.7864845686053616
3436,-10.193309065476472,-2.5533565514057734,11.93888400902049,1.2568833019371588
1037,21.681852256800916,82.92343140586635,3.160357513802044,0.8053702932219191
4696,-3.572484905584403,16.62256768223413,3.3086274120695482,0.123907318818313
3920,21.671185911602514,3.9918079166506573,10.563967151816668,1.5953236487043785
4043,-10.499909285498898,49.620668747666244,15.025594891230558,0.8000004829983456
587,-10.499850483407812,81.6590304463206,11.722235514256088,0.8000006521474993
471,-7.929373043107024,106.6352564316797,10.603507327483936,1.4676236929323587
2839,-20.851687316798344,-1.5112734031837243,7.3713957417804625,1.3608099085794534
3510,-4.199813845910862,101.30524737692926,11.785542381458752,0.8000001685021118
4053,-9.69991128215359,48.333893278538056,14.13237985701152,0.8000003856580775
3465,-10.015066100310783,15.008524985877347,6.306629257997274,1.4351569238916417
1832,19.474608590582047,4.729101734973943,11.016961777593727,1.5076705981010337
923,23.776154025925383,-3.455560160417581,-0.5157905877840253,1.658933782827629
3667,-5.586042839787725,74.74513179522847,13.38556741226226,0.8000013139973069
4430,-18.44024573837087,-2.3546061128586118,8.162265975239354,1.5130188605577826
5137,16.94166989146685,41.57105671067437,16.139746913060105,1.477675999556561
122,-8.454939513407666,82.34328362991316,14.0921624241059,1.5439865068869552
2953,2.36756390676215,16.636035696798988,12.353654142714626,1.3418204710233586
282,15.946565546707177,75.97527121024036,12.371682191243655,1.4659974325011713
121,-9.61272599920386,85.73635614744367,13.441136860578426,1.480450265144636
1985,11.100030296709948,19.681947794149753,13.327151762596579,0.7999944671392103
2329,15.200073106533742,102.14804041344388,9.277708418884682,1.5138131437105342
2594,11.613093248180666,13.772014461988192,5.687323532132384,1.4371845394415057
2585,11.809005521245483,8.707926854479368,15.026745390508193,1.241237331377951
1377,-16.3737374450746,51.66284243820356,13.192507791055672,1.4865763220377424
4403,-15.174501523547871,-8.594285838593752,8.91448479044919,1.4568468358780138
2589,11.736415000009313,11.195508111661521,11.834015200981202,1.3138721899047712
30,10.300154170064294,84.08418408138073,11.436711191334517,0.8000001930044942
2847,-22.273556840273663,18.263044783668672,9.428071107905815,1.4148040935269146
2709,-11.450003829604011,-2.2704060786991063,10.636890522176875,1.279698067797107
825,-16.86865734841401,102.4770355699813,8.4529549209671,2.170580562080572
549,-10.499824170747825,96.01167831293209,9.56881755309446,0.8000001907445883
606,-12.697790448553151,99.97617062836044,5.053553220614954,1.499996274682734
4358,-18.629653634397155,-7.897429246022492,3.9872651166219435,1.7536320031226702
1024,24.234316446868657,36.49685959412272,7.014258885786219,0.9406582848549028
2334,-13.733458284463335,101.97814704924869,9.23606582441348,1.4827097594037129
5082,-16.997125331991224,13.857247942698857,14.886339260660673,2.495345308091709
3308,-10.12785322443563,-14.054375355928682,4.3627633865984885,1.9981413261844208
3582,-10.749235356263554,60.760718589513466,11.693921430339069,0.80000125928121
257,16.048358247577077,87.76110016150318,10.928199146015164,1.5030771085310375
2772,-10.4999515556108,26.419212490800092,11.840715731047894,0.8000001907360184
5122,2.3786558906994277,91.75707198429102,15.469627101293222,1.4859657474373473
4492,-20.045887833922766,-4.313482826819916,2.094480966288276,1.8172811954003103
2577,-11.449980137808144,10.504653584049112,10.416838813260991,1.3335236033929223
2402,23.768800577166967,44.91774111412218,5.512018264039477,4.862419819436916
5183,5.025214146790927,95.98365170693144,14.733695876178658,1.5070415888801243
4931,-0.28761381268934927,37.66603386297612,19.470249867826382,1.489066563432065
2862,-18.378234976678357,-8.414369227144064,8.109993816819802,1.5131306190816582
2798,-21.480027775442966,-6.398600264400979,2.12532949377889,1.5473759875335344
2649,-0.49993768767463914,33.95318109488917,17.451794222239254,0.799999950751921
960,24.210817870775465,25.937962766721828,9.772149916291376,1.113059891928298
1407,21.79306135587648,57.70262249140285,7.903303474453978,1.7709912939419277
1849,20.743982912863547,16.157734705436894,11.558192378057774,1.4139433584607286
3392,-10.631216787711674,1.0607489329349378,15.879116562735264,1.994056196002954
2496,-8.255767291994953,17.191172154497647,4.737061454838947,1.2556239598606125
1913,4.594061582524554,29.583551391273126,17.801135209680798,1.3780758970387654
1911,3.6684926451393585,30.26755425559308,17.884774613762843,1.374863763364359
5153,16.90378736618147,58.89259268256464,15.16503577447054,1.519765049859897
1990,17.306122627747655,17.39606150405276,14.239607196287741,1.5208488817127142
3232,-14.659683312092275,-5.559795778738993,12.697470344431718,1.437848851222646
4453,-18.157198040213085,1.892899981434545,9.981131066238211,1.3916461376527538
2857,-21.452935388510188,4.1970139886239135,7.920868282963198,1.6154472277366374
4622,24.635973082859714,18.675098885730158,6.521252257915734,1.575885577220131
2115,17.46056130170565,91.37590903434746,9.386256127994773,1.488489931481991
4332,-14.082907739448585,-14.190704411656194,-1.483980955040957,7.780752819607073
2358,9.435756199242691,99.01980928945457,2.303862290086953,11.18481843484884
1025,24.158923559768628,35.92182345612785,6.346950392824323,0.8545375684350046
4713,11.65002726411505,15.68526749171384,9.67594783801083,1.3956669986478032
3850,-13.782303353544068,30.34567308914089,13.11910783615431,0.7999981893513061
3789,-6.737450758153957,72.3615207773185,15.494456136219682,1.459327849514923
5376,-17.14307507175338,35.67044764994013,13.388884826443954,1.5233395203024256
2953,-2.3361850810649822,16.57993367165674,5.221896131519339,1.4663054771635096
3026,22.25415716162225,54.7376097387024,11.203535045395281,1.5041571108007807
2111,16.912206098690778,80.69532644290639,11.160383257035264,1.5040537157409357
5157,10.733766495409911,52.65376029082037,17.955995954134032,2.294447631563148
3263,17.18405014878566,16.136798015383818,15.942706794082067,1.5349650324845756
721,-1.5715548435825997,111.10757388647943,11.839484212678839,1.4558301289054807
2562,11.740698790546723,-10.621309936312354,8.999339275126655,5.422926466385038
3816,-13.289893979125733,48.89714626359087,15.208087741326024,1.5108974229957903
1166,-2.4109546485633446,87.44772226196089,10.815388696900788,1.093847648266218
1379,-18.86251004749669,56.67188690413749,10.65072874679244,1.5272537028125448
5266,-19.775072811416287,29.722093363838912,11.353791975542231,1.4792587523882843
2676,3.702800040548075,42.72857627352826,17.839579732264234,1.4302640294729372
2587,11.724308475312004,7.563099931095305,9.85540329565196,1.325910949102944
140,5.059899259344063,78.28599207326609,15.358617440229756,1.4614236704049657
82,13.142959146103301,96.3671052820064,11.356058122958398,1.4792496966913382
2216,7.38850246647865,46.859435370628105,17.39034757934585,1.4649530960619102
2510,12.847618721104737,15.853506134560376,4.040755842133476,14.460832223985864
3975,21.249212223662646,12.628619418185085,12.747861647197059,1.5333330479295049
5141,-7.626353729676374,51.45489392667397,18.299403710866414,1.4400309504923239
4035,-6.120031642094056,51.46567731025089,17.100345105873735,1.4598315968132494
5307,-14.813359021718034,-2.29187538654389,12.036493750726404,1.4341898422778097
3214,18.658579004708578,-3.83829280455154,11.876582689998854,1.5188942317054441
3912,22.659557037218434,0.0373597855871195,7.903798015721033,1.7817290981055307
947,24.582276154524145,6.832336777356714,3.6157936673427282,1.8401375287426571
2398,22.221399907170095,67.98061388337368,3.7168576554050428,6.215517131393598
303,10.668935715844286,90.98168348747299,9.481118754286149,5.013040407953173
995,21.831573938356506,83.26443844605586,6.203592747264863,1.7365524044640188
2250,-0.49990040372506483,54.2737388753224,16.714747554435533,0.7999999617815341
4942,-21.01559448135058,62.08130564955962,10.232128383912666,1.4854889498384747
94,-8.586696791291063,95.38928001354513,12.440366172592288,1.49450922086595
3556,-13.894324413026103,72.05168168620904,13.01190214942533,1.4612448879290962
3709,18.69258007098991,30.353339798101477,12.312953461733699,0.7999990958697795
2647,-0.49992393339166424,41.45822505935326,6.626745099757322,0.7999999897565889
4753,11.885197721361624,13.59396030251584,1.9701450612562048,15.800079802438159
531,-9.97317483431004,98.49122673569903,3.4753957677594576,1.4999980055305089
2221,10.300097948221545,53.56634094933686,14.902490564479638,0.8000009458060033
5521,-21.06185035240251,4.156473810394887,2.1020969934604334,1.8287936717003703
606,-10.162905369829906,99.95558142660036,7.200772525109817,1.499993710723437
3510,-4.199815299753037,100.46697305510853,10.465201723151285,0.800000188860003
1775,22.590045599370363,11.501650427318506,6.502457090707794,1.7202370516127428
944,12.099975931239872,-13.3305779907197,-0.9529133615356289,0.5388677609580245
2699,-16.92725555357692,14.61423342374682,13.286076699442921,1.4671588688879817
4615,21.296831879009055,-7.909578121813837,6.319603837546584,1.6761640417255328
1932,2.6321161327717175,17.94551115706725,15.71302195439355,1.2832012387880858
737,-10.877277294001608,102.93427752602246,12.136938433620891,2.7661552156773563
1522,12.527503748546145,45.9757663143905,10.048865964431373,0.7999978287608891
5226,-14.811229235818772,-1.7041335308936363,12.19182535980919,1.4372243767969688
97,-5.153024637335492,88.73519315299963,14.000186107446234,1.4704912196436557
291,15.159499148970125,82.57326758960322,12.102773107276798,1.499012096629805
2068,13.050006863353566,3.5899181746504003,10.242898226164902,1.3009331602652072
3189,-16.259116708500745,68.8049166307102,13.609978258221537,1.4814108413483777
1694,19.361304334466258,-9.707731727485212,4.135312412943328,1.5044742526982324
3721,11.100062310138787,33.81256012136968,12.107386936655601,0.800000011972738
5254,-17.810445169592928,26.71015190640956,13.096713456321892,1.5138033415319045
2857,-21.61212143025175,-1.0562743683714877,5.779057135728957,1.7773490394629272
3676,10.300127491214248,69.37996973215013,14.114693156521719,0.8000004592818393
4137,-2.38505834732887,30.38096631543891,9.475938054455,1.074246871963997
3851,-13.770420295436477,30.33765323749776,13.955744968914036,0.7999982690875611
1832,19.362972093961183,4.40407376456256,11.078336355052603,1.4995237411039246
5127,10.283272071925804,77.2851620410201,16.1427961818403,1.4583167248632354
2708,-11.450005580782246,-3.182054827171851,9.877278556280556,0.5949320848843629
2714,-11.44997702016351,12.260774957729804,14.40174077841072,1.2771267497768741
2571,11.826453701335193,-2.5835763757468153,13.843913359555836,4.227114819082412
2588,11.634593166417808,-11.601585884249026,3.0409700857693185,1.4156000674782248
947,24.679294972982145,8.458407615793263,3.032942362169553,1.7577709299260063
5187,-7.284804089687945,86.19981558105397,15.480487547079166,1.4794099678716162
2723,-11.450021035180722,-11.587045813246785,-0.1633338571976739,1.4710840814074455
218,0.6117639718911965,87.61488879856944,11.860969488115284,16.762238097613476
4933,18.32349817401534,28.70923167297854,15.576067501447875,1.4486025940916865
5141,-9.3023352822698,46.669336392960474,18.223545151996667,1.4671909463764234
692,-11.315876095413348,110.77211996641651,9.978242175124812,1.043627759524361
815,-22.446981317135602,32.33782284592507,6.491215889677147,4.165993404483348
2222,10.300088054417785,48.07358161129129,14.709524655904847,0.8000003642694357
292,15.27089480272328,81.41545204398604,12.17079237207327,1.503945311237984
1987,11.100051638770328,28.032047055020797,11.853773859130454,0.8000001907338857
1494,16.336396651896475,9.089556614807476,14.05456024239473,1.4852783733711246
1817,17.02578777828765,-3.9762891049176226,11.06757798994595,1.5088505981085893
2962,22.278176369932417,43.351491795231894,11.949831335045236,1.4586527713500879
3953,-21.445043153398466,45.65234299738354,5.58582695135908,0.8093625149420459
1587,13.288798310856691,-13.652822158477566,0.058100936976024115,1.286080622801336
5154,15.60650130145294,72.47006538434029,14.668649633391052,1.489633883914335
4465,-19.346455554416085,3.7134679777242767,8.545386757544447,1.5137087142022396
3784,-9.699878451866784,66.07554781471242,11.375575729576882,0.8000007942070134
5030,5.945427703919218,41.23247003791656,19.1671835603896,1.5088026350205732
94,-9.481548116565984,90.0299185104945,12.952986970813457,1.478428143844417
4606,15.820939956023556,-10.945038897447253,9.318650307728971,1.4013123459460328
3034,6.4369157266032815,16.751080708498154,18.368505722841515,1.8334987849774547
2773,24.51308022598098,4.991867868182087,0.0834547705250257,1.590533302242907
2906,-12.10491820143225,-11.132752280762187,9.880153363998062,1.3621103439455569
2764,-10.499950771833515,26.8750388215803,11.174345104640874,0.8000001907364643
5121,3.3768964036787867,99.41633656716961,14.294749929594275,4.809398481640959
5204,-19.33403440027542,91.3189798163717,6.333448799541069,1.773828313979338
2684,6.0724636292703895,31.122635087054512,15.522364033368204,0.7999992336809264
837,10.502578311015087,109.0115400604534,11.36402468225095,1.465632876541639
2369,19.463192573604296,48.80571332039426,12.178632725184187,1.4101334490750497
480,-0.9828302318756514,110.85844536892589,10.422839243144896,1.4592914100693648
5190,-3.8992532775564097,70.54256164865461,17.574358053740955,1.507996681439681
4631,18.27290598011072,-11.43743655383409,6.557894646178786,1.1875143088761089
319,3.4915945060900997,88.1613707286657,11.75461868916228,0.7999953185315501
585,-10.499841314562731,86.57086606815474,10.43272771646863,0.8000002861176512
3577,-15.0314091405007,59.375289172969026,13.526626455695002,1.4832118998845787
2645,-0.49993146928072707,37.339942543253144,12.356774762263747,0.8000000094674723
4940,-10.591177350656881,57.82918190874374,17.33340721027272,2.8445313485939634
218,0.6117210807340787,87.71189712403451,12.078971302090917,16.441529846187517
4053,-9.699908668708213,49.74985565152094,11.091736611538566,0.800000448548681
5178,-13.49038576286144,73.1536042792412,14.814588479794242,1.436391308015688
4965,-20.1285659556703,82.08512895878309,2.778344188337628,0.7873340261287854
4924,5.215034065863588,28.8701371267042,19.135970779708757,1.3922036072501045
2736,-6.12961702894871,21.757620383255293,17.216724490914135,1.5135720961350747
5157,9.460969995272738,55.63371913842107,18.05007549661332,1.4463159890913235
1953,15.853039911801444,24.047154522996284,15.215752539272815,1.5209302881347182
2583,11.777984352093057,5.171698809246667,12.30464858190688,1.2722166323164565
3811,15.855344172037949,63.84946730937184,13.601604436606152,1.4712822411224005
2991,21.14767079451307,82.94705828527603,9.334719554610166,1.4703046816196774
3722,11.100080635271047,43.708501403769866,11.26058426355878,0.8000001519676172
5052,-8.367852323178994,80.18884413650403,15.926488781365366,1.524273622724647
2636,0.7975150649740224,28.82889155307501,8.744877736718548,0.9015043791406648
1203,-12.920181935413416,85.49777851943213,12.123651167225937,1.487342324685194
5170,-5.506106934605188,28.60823894598257,19.022208791368357,1.5023068490736324
2010,15.3945010267451,-5.231040918310052,10.51370493889373,0.8000062126591547
463,-0.905248969072401,109.48424005845905,10.816099400988314,1.423774447953881
2171,-9.826956988907675,72.33778889137169,11.302496415014268,5.0713602213624425
206,0.0018780645292375692,89.45337623036153,9.316461849951132,6.476366596046002
5168,-2.952475649625635,21.020051634610432,18.943656872190502,1.4625679399483165
834,8.147997758664207,105.89641176506002,12.579460026310121,1.4685672317133305
983,22.558838331751176,75.2753397548769,8.585277899911135,1.839587323885254
4061,-5.614645729885128,31.1034907295358,17.521832072763566,0.8000003305697567
2271,17.36276355517959,101.58904202861115,2.144325940151939,1.5216409041942658
2855,-21.263648779011234,-6.378293344517285,3.194840183165113,1.3647892428650608
1981,13.844081712224574,20.303776452299065,15.902009827139993,1.440362001273128
3001,20.002843664491472,26.063974794636515,14.553174310253418,1.505522088882023
5043,-7.1171437553512185,100.30246763407727,13.533689683808909,1.44632088907162
2222,10.300092204203231,50.34632354048962,13.001262217275702,0.800000504848856
5154,15.527950956288404,71.60531691255922,14.802720588104531,1.4986767150296774
2909,-11.65175583100148,-12.855467263075425,7.440818858892074,4.578772222540958
3784,-9.69988503269008,62.4005484583351,13.559891616401025,0.8000011891684927
3238,14.301597870638872,1.3185842238150807,15.388356820251525,1.5057369313534037
590,-9.699820549747194,97.8910823553015,10.864379890810998,0.8000001862852749
5057,-14.095059598645754,83.54087989109034,13.414012279951194,1.4989852417821437
5023,-16.599092136046117,96.31725228815205,9.94768169070546,1.484585400660478
2267,12.656674434549654,99.98029156379519,4.6189456262581805,1.499996038768097
4004,-4.670117406534956,32.34930524319223,17.68631111361598,1.4481312718216552
3676,10.300126992803762,69.12270141836683,14.00363078113077,0.8000004871296669
3886,-3.1857507614060028,31.94315742620019,10.780996390482374,1.0587004607434167
4904,4.356056710426408,66.47184843451082,17.962709384549864,1.437460076941942
5027,-19.686807794128605,57.35424766702114,11.907191088136779,1.5167773161686064
5053,-15.138344873019053,83.92247579930313,12.73711899731228,1.4991987402802254
2285,20.28618627295241,88.52872830174135,2.1174386068548685,7.224203020539141
2736,-5.095457471961616,22.588313069811775,17.36875621359576,1.5299386767883631
5190,-2.7762669667279827,71.93767021624947,17.51486148521139,1.463099861415579
1160,-1.4091337130994779,86.88490894199623,14.590398619249635,1.4621489247675181
4068,-1.2999036940006155,52.45687883733518,16.539333581668913,0.7999999546341235
5143,-2.859199644239604,48.88864157119906,19.041092704003184,1.4586873163509817
1223,-19.91993546852475,63.415471200599825,8.144719842473005,1.68490534789143
5151,16.623703261456146,55.467280068918164,15.594282803122908,1.5326810463490477
958,23.68020688351646,55.77231798659726,8.779484984965595,1.799041781554497
3744,22.341751751655934,61.966205618806754,4.502850422776279,0.7943430693692038
202,-1.79113339484539,89.15560092192177,9.393713227770862,1.3247881875109355
4905,6.703608705138802,62.00609904274674,18.139527822435703,1.482311503361821
1293,-20.550252270420643,49.790679749842155,6.135751334870191,5.519059468095898
3813,11.100113237774258,61.30400982145071,15.350530844376292,0.8000013049280345
970,22.845888467996193,66.53641744659387,3.876850198854262,0.7443542926976034
3185,-17.056256917478684,-5.706557904728272,11.182604025075966,1.608098788935954
616,-14.489075268966747,107.44706967519825,6.756853395515099,1.748817586687726
5316,-19.728435356234293,87.8074525099171,5.339922813047927,1.745311012450343
2704,-13.104152300324978,30.206562480076098,15.826015451412497,1.4263003371511838
126,-1.2998287157586579,93.35586846050862,12.017682813223374,0.8000000162209959
3144,11.205903854420425,19.093523984776827,18.076590803563292,4.789621677910277
5437,-18.288111421549374,98.62537127028054,5.902901640797536,1.9586902486110378
5176,-15.844551417200481,37.17754632057918,15.985048106375967,1.4863506019895643
2674,5.19213540759375,35.42754801201922,17.774430937520915,1.4684870476154808
330,15.22034014497289,98.4497135889649,7.8017269967914356,1.4999963039391355
2650,-0.4999387692027647,33.361496819994926,14.79915479965221,0.7999999528980555
5144,-3.627801832192923,56.00597771054171,18.655227340965215,1.5019377664905127
2219,-0.2656057519389732,48.45381293643229,17.748553205121965,1.4684148602354774
5031,-0.10483965430347075,41.655958051206795,19.406396578019354,1.476444351529869
1578,20.648160753687144,-8.939708203364138,-0.8307306394197318,1.4984246217841846
5026,-18.870230716824544,75.84994169918195,10.757502238107385,1.490378012633039
2216,8.115882529420308,55.57335638969141,16.813971136108975,1.4698366504359297
1512,14.414908449438268,5.377307627717125,14.393003773170403,1.5659076857125986
4929,12.684036197475608,26.239595472499957,17.982683414069626,1.5006411878686075
2107,13.894588047699271,49.509911089048835,15.604604425896515,1.441750302840879
1217,-19.329849471911793,73.0139301076784,8.467929675962584,1.7530472572681257
4975,-22.482134940798822,45.91378011992324,9.976939022336289,13.750712450529221
3207,-6.354859823414641,18.66022524671762,18.57265264168528,1.4710670262512666
4467,-19.46598081111534,16.237876489474637,11.23708499077624,1.2789139545063446
3149,4.421095110459141,17.650148535813674,18.86085059730555,9.807676528421103
5052,-9.639826048254921,74.3860553226319,16.208898909531325,1.4789312513847064
2648,-0.4999328518752068,36.58193502952887,10.357800445159018,0.8000000314390014
3271,18.41683870917112,7.561686311594369,14.376850990033256,1.5409959181296273
2639,-0.4476724530720974,28.095648262218514,17.765814635041757,1.1203028344109511
3594,-11.248167192876636,61.900742024435175,15.240340614304749,1.4703957185939842
4992,-21.17580922912742,34.315035492127436,11.925493268593616,1.4760819403870655
1231,-18.226501711040775,85.66029055300447,6.8776230468533495,1.7497367181975938
3270,19.37740398203442,9.347255560427222,13.829618415725678,1.4512886943543721
2166,11.100102372395959,55.42840765888931,11.874205550872276,0.800000841370819
3660,6.65061090724363,64.27384013411707,16.461274822684846,1.4864435464954477
33,11.100148352390836,80.76623459914704,12.45009889517032,0.8000002768885286
2265,15.203089436061305,99.9873844391501,3.878646614487799,1.4999975539059376
4227,-19.845440432122466,-6.67927778113227,1.2295033042635304,1.6652097044917964
3942,23.752330056107695,23.630943151114803,10.55549359387285,1.410921417336812
2763,-10.499950924600359,29.05878437469196,16.319959098815183,0.8000125062928383
995,21.31703238700005,88.15681508105979,5.196940941235379,1.7677156799479548
964,24.426497935427733,30.654840431292154,8.898474191462642,1.680399963998325
5199,8.240107615314054,103.4771601533331,13.090568742850746,1.4917601995208116
1245,-20.79862294431167,41.864317630061194,9.310509985435424,1.8017867863957793
1952,12.449017083804696,23.917204263238816,16.436012667975053,1.5109069327969489
1486,22.137961303394796,41.175208589729365,10.179091864707292,1.4770077202895446
996,21.17463096126174,90.01330972370717,7.082367804883281,1.8344989701475702
2464,12.150401928806502,2.990503551174871,10.04379586804788,7.228047169401225
3120,18.797458174624552,70.65520648772639,12.678983828002018,1.4604107304485603
3253,18.0414939920426,-5.662090142025381,11.642597958391354,1.4858911422285759
2653,-0.4999238580261621,41.49611383095217,15.249661943088597,0.7999999440216288
3647,9.758975632839146,60.72369175449477,15.55269806306903,0.7999980465388788
1495,15.740174174067263,14.547940150306317,12.801279868232772,0.8000064788333625
5439,-22.143149412917538,48.54489935694804,5.390053130662454,0.7988813726860825
723,-14.254699092132077,101.80156829403099,10.743047100582734,1.4918457771777676
3575,-12.423494744278354,64.02956000509191,14.53542977201808,1.492034422379356
4906,8.540457621238641,68.33741016353379,17.299188756035182,1.4768853361653231
5037,-8.5016055708396,71.3069784479616,16.74046923733602,1.4609034977020785
5137,16.305112661797413,42.782254195644526,16.4802067731846,1.5330925429530171
3326,-9.966605300528013,-13.943043593884465,-0.5570316822080718,0.5335040126058098
4937,-14.807281225075835,51.38690317873972,15.972602399122742,1.518612940304765
5438,-21.594196896220826,61.54059508332002,5.113788716570652,0.8462434129709885
4765,6.307099768478354,17.107591568419544,4.015085444391921,0.5372330917260366
121,-9.664430128092748,80.07385039614417,14.056135821038126,1.5055874971543066
2045,13.050020322490571,11.197817397559476,3.5611861668427496,1.455708557356374
3823,-10.499927656663559,39.377159065873855,12.213527664442918,0.7999999842515845
3653,-0.4998795831515341,65.6287625584939,11.812923146467488,0.7999999568799347
1552,3.0279117944241505,45.10760904677193,17.15737234288686,0.7999987101326298
1586,13.061240194847786,-13.673308710807792,1.0549414789941853,1.170184265019487
5018,-21.7120786322267,48.04556193955218,10.715751008558888,1.6124287606074978
3816,-13.363705294808417,49.29368315269477,15.15090808007137,1.5118897755231866
2775,24.606081491735985,16.996134849662845,3.603825161535125,0.7561941515966267
1251,-21.086814387099654,32.25907564167151,8.737533260769643,1.782900224997467
20,-0.3257025974277411,75.54227080977921,13.687165126380526,0.8000009865505178
915,24.658294666821163,12.754322296780686,4.515992427980609,1.6799177553279252
3149,6.634424037150749,23.108526159643265,18.939141842297566,1.5311336241147975
3915,22.14299901048911,-6.843468896178494,5.195817767696069,1.809172232794334
4888,-7.251526070171099,45.14785078407796,18.66633374654701,1.4442775409153423
4902,-0.7843063417553047,69.04489195225223,17.890700862962195,4.626741981075782
1373,-18.090123390849516,49.72698554259951,11.898614714054425,1.4292087814018726
539,-7.988781565033823,99.68531710754203,9.56454883470774,3.8870782820689174
3893,-2.641912826547047,32.709537458641655,9.508377189925328,1.070895182194746
5307,-15.7234071919542,-2.0750731762255104,11.481383135335191,1.451269404538023
5004,-17.601281520907417,41.6627349074158,14.72332346686452,1.5253816354173577
2233,-10.229982576556333,51.75170559507122,11.105165862425874,6.688133068568563
789,-18.666467399508676,89.43075835720792,2.0472314679347834,7.197461516026059
3241,-13.190004960068075,-7.9345319350983505,12.158158459047694,1.4922558445877256
3608,-1.8414331630210943,99.92184268896803,10.719439837789604,1.4999970009155252
3646,8.65667884865801,61.26779215326601,16.36705062483275,1.4198676438946916
1233,-17.50737179570238,91.6297080437815,7.743797713704314,1.8030746292648518
1543,15.03239376569477,45.14275045285638,13.488974537202747,0.8000004230228905
2742,-8.92993885082442,18.337621824369318,16.663497467995114,1.4916364221244174
5126,8.640495413841998,72.16307270578135,16.947423479537978,1.4645951155340984
3936,22.199105870429676,24.483937691294667,12.702150158000933,1.4824959155747728
1942,6.065657615273333,17.980058057262085,12.108366192286066,1.3461220734128794
3653,-0.4998790928719877,65.89531217608099,12.140378300521729,0.7999999531835524
2577,-11.449975331850492,13.079750972714589,10.099532441388115,1.3555907890222116
3724,17.800864710012956,34.98040505937208,14.085399959938323,1.4846236579163794
82,13.636887908047918,97.4800382836044,10.980336195477038,1.4785593369145311
5120,1.448065475692064,103.19174273050496,13.72651115654109,1.4369016644300465
4496,-20.882564457133803,3.750634425319668,3.6236333127850067,1.8420990936085797
1415,21.03953950698056,71.50252810978907,8.194407723837989,1.7281297186117206
4873,-12.69923331169763,28.34763916913798,17.499632774288905,1.5045149476963873
3573,-13.704979971062558,61.86411061215354,14.127387491437728,1.425029361127687
4938,-14.100985443943198,52.07387095306602,16.316760897110584,1.5197182640627342
2642,7.224169664897721,31.025077071518986,10.9064882064865,8.132404501228134
3,14.234323716368891,75.55662959036806,12.186484353489345,0.8000025197453506
1708,13.526242125722602,-9.948348499464583,9.168340256264095,1.3706007224714312
4909,13.856082622488413,79.06627438968417,14.830986137346109,1.4990079067437638
2265,11.242138043302097,99.93876305523281,8.951319619623707,1.4999936409577703
4922,-10.194564211760941,66.72725093438481,16.758293637683344,1.5822979124789982
2594,11.66026101021362,14.691699372993948,8.771535156211764,1.3900101426192422
3025,21.482652090141222,59.129209337994865,11.539980083902703,1.4782651071347597
1968,18.522910572584735,23.98654006148962,13.736083252947255,1.4769292313273674
3746,23.041211395014898,45.69111667505578,5.710185899592129,0.8209208118543775
299,14.73537575216566,80.86501585167991,12.524785150524838,1.5144156395165442
5021,-19.18540839948188,21.80914778474237,13.911705872302804,1.5344937211868357
5441,-18.517133465518505,95.76987363325964,2.8762462282996055,1.6527556993491785
4920,-5.7365957485407115,67.93117854261924,17.5622351141201,1.4941947452109616
3401,-10.294819121936609,1.3090430268641,15.648493468732536,2.847820110805081
3587,-10.499881891736234,64.67046760816112,14.338250907192515,0.8000010950378948
606,-14.332396440764601,99.99670269997951,2.9120977344376096,1.4999988050894384
4900,-6.672782751290084,40.36245939679333,18.917073216426125,1.5410820782138372
5127,10.834783955224635,74.30280351049956,16.31136178875135,2.394830993564898
521,-12.34276647272717,98.42689651507234,10.187634802609166,1.4999902692253222
5058,-13.80430860470975,88.20081785810727,13.019477866901887,1.785168286404624
2273,6.100181114738151,98.74605536053218,3.625879156938003,13.61623919064363
1233,-17.616082876042363,90.71743558981765,3.922113352463562,1.7044014672599177
2213,4.120987745724267,58.28867365586784,17.15499459760088,1.4310271177824896
115,-1.299827512343429,94.02145368207064,13.367312580200766,0.8000000385010776
2594,11.623101912297225,12.11092723619753,5.591738671532452,1.427171025602085
854,-17.044102066947612,104.42975165020428,6.4291979342572345,2.07740254035762
970,23.04877004664844,63.39590755616525,4.403611231813066,0.7784386374255027
3714,14.922605797557289,31.15087047164721,12.575053510599679,0.7999983437344925
1021,23.397030460321574,57.2621001891021,5.048042251438453,0.8112012687193045
2585,11.760179525888445,7.537841156333566,11.889302643142587,1.2900701385066442
5152,15.61416614900551,63.896906579888466,15.471727131534227,1.5130602337654158
4919,-2.932171910180813,61.491906119503795,18.325566744008825,1.4056139157323544
2953,-3.599036125037264,16.58249698945759,5.547417528459866,1.4606235906374383
3588,-10.499869485527222,71.19525267818379,12.237007090618084,0.8000005157899673
4940,-11.585295055277689,61.201595555828774,16.737073326519244,1.4616566781056588
2732,-1.8944322016690203,28.05147048392031,17.84919093831671,1.3654041805815504
1198,-10.595248541647427,77.56935136454382,14.034243654130554,1.4742071201905196
2668,10.300068819066185,37.33866662565528,14.142749483271803,0.7999997843939736
5147,9.34262776729213,87.2757172661654,15.247243752541316,1.488431850537535
2105,15.866999365352935,57.780768718371476,14.100274138000465,1.5226083230472056
3782,-9.448358837181079,60.73182556847902,14.7078637815776,0.8000001298516495
4668,17.07281515219735,-14.235474193554886,-0.9542308318154779,0.7416004917818776
86,-8.607906764018994,88.1508654042291,12.852646898456468,0.7999921460992909
2827,-18.73635744386145,9.22641802302533,12.958875281732016,1.4574479276436052
4920,-5.262308223476733,67.555841677333,17.682677769658973,1.518947906956372
139,6.511878855520859,81.54751463797342,14.851715987773991,1.530879261272884
956,24.19264107774726,43.04785258385045,9.29199647275684,1.8185973692750754
5358,-11.657523881938793,-6.212560152661552,11.818282605191497,1.4563399028189778
4312,-19.472660669425338,9.462741289331166,9.888361554376877,1.3734149233791628
4489,-19.11314330031466,16.077164577109173,11.555999378067698,1.3892631048162303
5281,-13.404151738521717,7.7344060479912145,14.435890569049954,1.514835351568139
3694,11.747081779641023,32.269406536840336,16.74240427348759,1.478628551132154
4916,12.381802179522131,39.46849845662119,18.09739515326204,1.5616453452987238
748,12.688941952142063,108.34051975381594,10.892732081081924,1.5033095709408828
1413,20.2341346184786,81.57231726096158,7.384489083397012,1.7605590887825489
5281,-12.735295865192995,7.172983906406277,14.633681568580691,1.5053401958328814
5137,16.737296095588853,38.75827285509113,16.37685826209022,1.5287438476504867
5031,-1.3941081653237952,45.62452440793587,19.256677502574448,8.227763878157639
2893,-19.980349488369825,-8.468797419499552,5.006783496721806,1.7039834918321226
2736,-5.868409410810055,23.38444976933699,17.29979752699593,1.5423512666464658
775,-6.973787735862833,107.70617794846116,12.083414408246924,1.4628180098562398
1524,7.4796108041218625,45.972903333001206,10.348641969104225,0.7999978414640756
5172,-8.999454927418743,36.5506075480297,18.551142007338143,1.529033753956379
4902,-0.34088036899393015,60.63550514717622,18.549509154051943,7.399212504596263
3241,-13.237894539644651,-7.505282813497091,12.401675953889319,1.516147915012733
1221,-20.312344057153023,55.07078659290313,8.428572463584064,1.7891108802589957
4918,8.879446119390055,42.64748089913932,18.746647035494448,1.4720860612729445
965,20.01834824802139,96.84242209608126,3.5447747465140207,1.7276660884446995
3673,5.134808061276117,74.75316347257602,12.545821442961635,0.7999991211459476
5189,-4.732444867570057,74.45442164066762,17.134612504910038,1.4832973956968551
3024,19.45908905954612,75.33533357951922,11.648314684818672,1.468519827181145
2872,-13.891839147319935,-13.596404213384556,4.318456819203767,0.9336865359681767
1385,8.36155757961219,104.68157592293531,11.29310907701001,1.490807187506245
3705,-1.2998750437038307,68.06248874621602,16.124441004024586,0.7999999439594625
3465,-9.999877226080063,13.00068333157812,4.63321848289533,1.4503523058171608
3594,-10.571532493762902,68.84328203216793,14.874273159494305,1.5073909395845049
491,11.202680025136736,108.42399238736456,9.749822511130398,1.482473599878137
2582,11.82441304275708,5.367409177651603,15.054759238774786,5.1714782794859175
755,-8.64967924983091,107.33129187604436,11.807106836374755,1.4566944806277407
5149,12.928940678341064,51.53581931289104,17.398192936750117,1.471253788550807
2858,-22.651914758514245,4.039512268217652,4.375639029659534,1.8577384702178954
5131,13.901084992616964,93.06978237761439,13.12798776503457,1.4902320540747693
2103,17.79426402506862,50.290446290060984,13.421559094116759,1.475170213930866
2310,13.047461316931072,107.07962181415796,9.380317373999487,1.4978612313186033
3771,19.937228351277323,91.14371614424158,2.8884774518050786,0.8428241424647006
2366,18.499647902379344,48.58032824211449,12.984239976529212,1.4615718902206576
3727,-11.292213709535933,58.02795769924783,15.487513187927949,1.515185721622879
5148,7.928981686292783,51.37349520104071,18.557051321947686,1.4702755877312388
5204,-19.248410279274875,91.84862127985296,5.844016224917372,1.7626427352493945
1407,21.79962963395594,57.69147624745591,8.751972095748647,1.779893028349007
4598,19.945224405222408,-8.372534708887478,8.105965355547129,1.4516747185891465
4390,-17.63686558604934,-8.609991150377102,5.925942948277762,1.4546246153315674
3492,-4.199811317621593,102.70522995085435,10.331419824971782,0.8000000790122855
786,-19.77249176156881,82.58460071476853,2.580117376787983,6.608731255495679
1912,3.3160276839354115,30.071626741338882,17.88395622201893,1.3723285864589978
1551,2.4288695367787914,45.12598914188846,15.240085623661614,0.7999984593272237
2341,23.696946232609704,37.28775083388171,6.105919709706365,4.821084256717963
2253,20.378605348500038,72.74256705551892,9.221976891086172,1.421278550462403
5167,-1.1235502057921676,21.91255649053253,19.08764974649432,6.284651869387616
1944,-1.3583348669384145,18.042416476790898,5.604240082578222,1.4596534983816205
419,1.5584039305033586,113.42911879854836,10.19256893786509,1.2373971369246441
5445,-22.13339637465147,5.815577254301843,0.1429083870915302,0.8015928506913862
2341,23.472253222011098,37.170499341636074,6.115046151533382,5.045188013366494
1944,1.9307583979843486,18.03189937262963,6.700811554472446,1.4405124016979538
5119,13.472935523431481,63.7963641053353,16.39965537424314,1.4743158506963583
3813,11.100129043115484,70.03323522567398,11.795646382405796,0.8000004996237013
18,10.300165242212648,90.35160778003467,12.27442615670273,0.8000007968070075
5367,-16.3567375836581,-6.273066245906788,9.422774319737282,1.4924558368089555
2763,-10.49995534757748,26.67134373882751,14.254004018383961,0.800014833888485
1714,18.744678123566764,-10.063862584390868,5.15678408020565,1.305970009774154
3902,-18.837175346718137,87.13211427083223,2.5354859012013518,0.7841142172623599
2586,11.720631824886421,6.575440336395013,9.334973025591248,1.3295796234918282
2046,13.0499941152067,-2.8246990266066754,10.302779007856861,1.2848404162696976
5037,-6.7345932162254645,76.08625852438692,16.643878411701365,1.43416409924161
2668,10.30006167469108,33.44610499747502,14.971379124174142,0.8000001037278259
4055,-8.439365821671032,40.79905183981512,17.047688561946707,1.5130330919358126
2602,0.8656560562272182,32.64192392997102,14.325090032608527,1.0743857334813138
212,0.9017101370429765,88.61627122339647,9.308437000164302,6.611983861183486
3663,4.299856496035671,66.58712302558641,16.51110431673617,1.4398028497739714
906,23.843124905266478,13.4756729333148,2.619395853383054,0.7879356053998372
1982,10.805538203235095,24.12462788079047,12.84043532186129,5.522079914624522
2219,3.108527071929669,46.87760340451017,17.778692103680577,1.4375409500142404
5142,-8.225888190802989,53.2039671504879,18.097017646388224,1.4501400204586512
303,10.574714288784639,88.23430194871993,9.454783400633094,5.398505083172512
2267,12.417640107324058,100.00742078142176,1.789151570275115,0.7499948144206067
4895,-18.493895694785717,44.47903529884603,13.760794409989042,1.4081345303067674
2938,-19.71178210387537,-10.811184110196098,-0.6557092650303227,1.441950016308418
3145,10.292086059594974,21.341165942691426,18.36154179122033,1.5171786491332953
3649,5.849331790012984,60.75438687215736,12.351306250532677,0.8000000246607442
2213,4.913893138114529,58.014057084006176,17.104838937484892,1.4528169541137819
2562,11.731605686431744,-10.799125445365721,8.499923379061803,5.747410923413569
6,11.15709065423934,88.38192916250938,13.15460783017395,1.4576527944412674
5547,-20.523073132422795,34.60993827313487,10.483961395038698,1.4822390718571334
3480,-10.499810238246507,103.90051801436391,10.468110536841337,0.800000933809322
3802,13.652386593669707,74.7640506492387,11.408445977846736,0.8000019861829049
3682,1.1219912310728757,74.72399026857536,15.589693429378846,0.80000117123351
2952,9.343947484375803,16.5929650256936,6.880812833344676,1.4373484761770141
1119,-16.224417342304,95.15411079988681,8.506012662371823,1.4792622706595895
5139,-12.477374444256924,48.53036046185029,17.146906153175212,1.430741537785179
3179,18.904814544307186,21.54064741300225,15.173620923574475,1.4521279800976499
2274,6.100181616778817,98.97125997864123,7.5923310158226,13.823377597083635
816,-21.765837883188905,38.47583804630955,6.013448111166161,5.203716713723311
4923,4.518301213917777,36.375038729190486,19.300431596754766,1.4759493926153295
5051,-10.457483749549565,73.9555076974747,16.000735256487516,2.4576217551974175
4629,19.513882097779017,-10.221686196131497,6.7518012219014025,1.309085709874849
4931,-0.46079088212120706,39.03849461862382,19.433393233646687,1.4664406851454135
4062,-9.699938958581923,33.1346993361895,15.44830091746418,0.8000001218421556
4069,-1.299915262562815,46.125265058784564,14.943987721220699,0.7999999232801429
2917,-22.49215764020674,0.5747446757144191,3.3179575605795293,1.8871630534382193
3058,-9.983815675974999,15.801157330454458,7.519255091271271,1.42728116318309
1524,7.321045843420678,45.96726220582507,10.937189136363294,0.7999978441540981
465,2.812133162212786,106.43135576889524,11.541277626292157,1.4457965048014114
5188,-5.651147198598013,82.54157524352928,16.191732172714328,1.5246741346200965
4940,-11.854361040948103,66.30078211606272,16.2438539854951,1.5216072535040388
318,2.654664268682763,88.14028439801334,13.954812653231805,0.7999997610041691
3426,-10.170643822587083,11.570438426976823,14.008931541168401,1.2795956657359786
5285,-17.116611233867253,7.308090100191361,12.164815219624474,1.546141434139945
534,-15.705381824217838,98.44699249656679,8.091500436831982,8.385811681745977
20,0.0911475310563381,75.53776358629537,14.15720481923718,0.8000026013895071
3824,-10.534129674366374,38.87712884223963,16.618859927425945,1.4972952647207902
5040,-3.33769920383107,91.98370390534936,15.282480299753416,1.478798778761479
982,19.706425877833087,99.62725122813436,5.907637839234777,5.3544348812984435
1493,16.715288723416396,4.55758244416892,11.74670469518923,0.7999988063355531
2577,-11.449979704164289,10.743989576579736,8.885807101081262,1.360794587135468
2039,13.050014256341806,7.915545271237249,11.227653327027497,1.3041989873794106
2667,10.300076013412419,41.31345584750423,13.26138778297191,0.7999999148301048
5158,8.727774674709126,84.07395862906894,15.770055693288347,1.5307629723010716
2628,-0.4999647853905134,19.185627214788173,12.84623930195322,0.7999999275892368
1900,21.704688053889015,-0.7931794358587041,4.555470105643546,1.9924468593441385
1142,-12.24559417255273,91.39898473984425,11.727726058837852,1.5113394169343288
4030,-2.1080204990353852,39.443591258702256,17.87759556153034,1.4507047602066538
3620,1.3001965421631483,107.0916196037297,11.019987904497205,0.8000000685773186
3584,-14.178579488337828,60.7508615585955,12.722923998060079,0.7999998856451228
4264,-21.93026480744075,0.9453301249223414,-1.6460936970347126,6.902121234238345
2705,-11.418776420476364,24.128580762718226,16.23505781584541,1.5288945530532971
1983,11.100054008126335,29.356661907820488,15.404601153703563,0.8000001907339161
471,-6.97334832457868,108.27584827294895,10.422437785589354,1.4542514859253624
2076,13.049998110981667,-0.706565378974074,11.659748555924578,1.2644676397611858
1922,8.75989738275786,27.847891511983924,17.2845195668597,1.472762349938366
2585,11.798479913128638,12.033628521087572,15.64572089285611,5.46482595702832
1384,-16.917833173051136,58.08203184237631,12.255381860590793,1.4817895920757906
3208,-8.512891278370292,20.99680180306389,18.371619118340483,1.5266987840009225
3705,-1.2998868567051791,61.6588723811895,16.363570803052895,0.8000000047674474
2953,1.800751124983515,16.59148021937883,6.690416516071349,1.440672262819564
2366,17.986767957703847,49.90941029343227,13.304500872426683,1.495740148108718
5151,16.098635347084063,50.11151565139781,16.232277731900567,1.5314023999841135
2098,17.024573472166143,85.03631600184382,10.563681323477848,1.4924213328404015
4302,-10.500020964918297,-11.518209635417994,-1.580883646313084,0.5455058325626543
4630,18.705839243999428,-11.367677709169328,6.144903358622804,1.2320825255949142
4924,6.413850204038836,26.258377723133897,19.029446045773188,1.4857404190428143
4889,-20.431590840816785,48.84310926299107,11.837168114759073,1.4872937060614018
3151,1.871577783469687,20.710472719273433,19.10671588727249,1.535386300987374
583,-1.2998517364941955,80.7957308424396,11.781635909009314,0.7999999851988137
2761,-10.499990991782427,21.39745329671663,15.35899480453125,0.8000513779611005
3877,-1.306693516069326,28.188681984300413,10.61306391401469,1.0918699250394477
3597,6.000186796813852,101.72904754158458,9.906140896422494,0.8000001667314045
1231,-17.899854977486125,88.34635524619591,8.087432768120985,1.880021255220248
3676,10.300111868035891,61.27994132571207,14.357076712866474,0.8000012571024869
2039,13.050019137066236,10.552485207514906,12.860656663002981,1.2909360723866599
5185,-8.990604717358917,96.1260644660578,13.780899389147919,1.4857891850475153
1798,16.75220082848346,-0.014080420833648688,12.326449441404305,1.523140396096449
3720,11.100061889966447,33.498378852216774,15.977155045547082,0.800000101403672
2554,23.795104416988973,-0.7135126727144464,-1.8550957846930411,5.8800551723730745
1029,21.263903223097344,86.94289180753049,2.655968820320625,0.8153156770067198
5172,-10.465370391702546,36.24172350833773,18.219145706730718,3.491657222688145
1561,20.700989945463267,-8.57972364204264,0.36246088320975656,1.6385131920149663
2666,7.849760606880216,31.155233540018642,12.121265420137506,0.7999992864794775
3827,-14.02366723486609,40.07906040995758,15.180000503666108,1.5571917845657661
3295,-0.4354751130464298,105.12447512257341,13.402470818925249,1.5045509501014849
3614,0.13724677305772573,100.26060443443608,12.779915244461549,1.42708768246667
4038,-4.451264476519217,58.94052723246437,16.925956632202798,1.4929489975466246
5167,-1.1988194224404758,20.375865052229454,19.030781372020346,6.24240433970708
1540,18.7483384428614,38.199390120703704,13.281371595389185,1.5456554414318817
5150,13.931089311565355,51.931439380101224,16.996015757145575,1.425790587825469
2715,-11.44997729709043,12.120887284053003,13.84912277606255,1.2855708517717805
3223,14.190383561956954,9.990311901274291,16.61869165837239,1.5120373680696557
1246,-20.915073290837405,37.30184737936484,7.216344421616566,1.7390461036028124
590,-9.699825594941657,95.18403296643942,10.411678143962003,0.8000001791896504
2914,-22.37782919983553,-2.1206748729483706,-0.8699894617772612,1.6670782716256565
5198,8.12208390919297,98.71417889717651,13.885785496863068,1.933139077949926
786,-19.876388649187206,82.19081012310517,2.610768147225903,6.530366780957681
5150,14.544434706132762,55.999512213336665,16.531110506967032,1.481716465145592
2077,13.050000440098529,0.3670776355545152,10.358644630434128,0.348628880491896
4357,-20.15995545363104,4.253763159077177,6.74562090330089,1.6856440082390596
3671,1.5776161034967884,74.75312137088383,12.551016678848448,0.7999989543991293
3271,18.073303876116412,9.07916835493954,14.769870020006328,1.5322500679607347
1224,-20.680705616885696,46.05758737363362,9.25605185273762,1.766991529788639
2220,9.592975621161315,50.15438779693606,16.835362610639535,1.438256218134749
2167,11.10009469772475,51.347222843577995,16.437828845991163,0.8000009240958347
4924,5.161131638089014,25.13420662275071,19.079538828714654,1.4833751242978488
1233,-17.492436097226875,91.63079826765238,4.175043664767548,1.7186868671526747
4034,-8.082447420860225,58.220145639923416,16.38951024034386,1.4313981677663212
4927,10.35783193385457,34.752881545865975,18.584556201220657,1.4760496841244346
3681,1.542355496667318,71.82249615589599,16.18812041677979,1.4927807382460028
5453,-22.245071845762762,15.27555994828068,3.2076457054722862,0.766230479033425
1215,-18.938406699650123,77.7976426638676,4.788123523431061,1.6937107901074107
2897,-18.242374062735333,-11.019906414204668,5.1051088872828085,1.3744398436675969
1345,-16.339332756676075,45.943064703182145,13.465836925562083,0.7999976101501834
5040,-2.100629977783987,94.11353939707698,15.124437631658623,1.5309287600938195
668,-13.847869633735357,99.96829448427889,5.875586322623185,1.4999948836103651
3860,-3.429280240685434,29.985595874856326,11.99977716571808,1.1969139229118984
2399,23.046132812923595,59.52204749282201,4.375266997478502,5.6129542761443485
3133,17.226971543252397,54.525389404677775,15.28131861085273,1.5441511405134323
2221,10.300092770693901,50.653050904122594,15.173265550097097,0.8000005795218277
5203,-2.1543668649947647,28.2453539493388,19.205002297265846,1.3572663070347912
1622,12.568467213694145,-13.820688399856161,-0.5229827098034426,8.256293391346935
5148,9.292868479738775,50.258196646109006,18.352918828877407,1.445095437966402
4444,-17.783546494782208,-4.719318925783331,8.302139397071928,1.494470379716483
5037,-6.9516679948120785,77.9524882047265,16.429274895624303,1.4622340520884933
1343,-15.137740926774832,81.06829909547564,11.245688780896595,1.497498741547024
2271,17.009638693960532,102.67825287999909,3.629090464358274,1.7990220856731856
4063,-9.699898569026752,55.00947641538907,13.493171428933412,0.8000008224540784
4904,6.161914403510481,69.15866061274522,17.648931840057443,1.5254878377016154
3426,-10.148607572623888,8.641830124282876,11.667143845160785,1.3016416413370597
4609,15.50649753845941,-13.991070814025925,3.0275254429143104,0.967593087575524
2486,-11.449992273012265,4.218243245584759,10.538627793769674,1.2982116373059873
5030,6.074113475438561,45.140351330391866,19.08298132604743,1.7596749927859712
3019,17.475273218085743,80.41008073475108,12.654208340053879,1.4990008061171216
362,5.610569967932232,113.21095947008179,10.110042039647915,1.0722237958846697
3653,-0.49986960527880586,71.06627728118218,11.788034217369347,0.7999999343359419
5233,-15.993593561996066,-4.450298645312021,10.533930086851852,1.4770341937677778
4738,-10.499979861642563,11.082718707886698,1.2328656165911966,0.5445463442267533
5120,1.4458876553550524,105.13950226150101,13.400564009351589,1.4808745547611903
38,10.300155081867791,84.55522974872106,11.932403910949247,0.8000002093318358
4062,-9.69993954199645,32.81513620875495,15.064642472077946,0.800000132914179
5101,-17.097162358704004,-3.090709425481487,12.039544218039607,1.4924908047271166
942,13.797868131167883,-14.21071046408448,-1.4558061765882755,0.15497102676235036
2653,-0.49992601182374063,40.3240998342106,16.56670661574783,0.7999999215491203
2220,9.89897248957425,54.30997210920154,16.57340100936643,1.4314382326243904
2594,11.683802781325507,15.2795033152607,10.362923442277612,1.366464972065626
113,-5.054013323792653,87.35053870027605,12.88264328700891,0.7999963274919668
3710,18.009555957644086,30.35938125616852,11.682827148105584,0.7999987518167433
2662,-1.2999371774961,34.213955220971286,16.074621698954775,0.7999999766703851
3429,-10.165360749598223,4.71476611294433,11.442294641424917,1.2848608835085928
3941,22.054954636624405,13.949993046977964,11.95136619167324,1.4338947455507927
3135,18.91405384393913,39.64410008105576,15.009027618949984,1.521639461351893
2216,7.648265218109671,53.372316083105055,17.008011324754122,1.475631749008607
1923,5.995989071569113,22.335706627002786,17.43818242700312,1.5057180032924382
4869,-16.05640242700144,17.701623350600638,15.760657505329748,1.5114784281224893
4064,-9.699937263774288,34.114647800451756,13.996901714042377,0.8000000399695995
5148,9.05758826779183,48.95790844567041,18.46194884124894,1.4473222404953512
2952,9.645007320397754,16.648542143175163,13.944478239281327,1.3140477949055964
5141,-9.303333083518327,48.83339083408782,18.113681220628344,1.4673928981213757
3166,-10.976839095447811,-8.189409161813789,12.649113437892314,2.8616817789558677
549,-10.499835277634261,90.02223515508182,10.582713915977166,0.8000001907365777
2920,-23.089980083245653,10.197389662360104,3.1748053924760016,1.721947191660166
3651,0.5148585611139929,60.73626420588933,14.24280287424908,0.7999969097802991
1483,22.43991292293161,29.588380877604916,10.098971082257316,1.5176451212671724
482,4.327839372962367,110.93174936438012,10.310777848251725,1.4733552209596523
1300,-4.654296373992239,45.15064871939009,12.668965171797858,0.7999987062470785
1137,-10.476794172429296,94.49567409447616,9.514802117869099,4.098421378456092
1614,12.310335554253351,-12.650280332223716,-0.6728460044609166,11.045652516343711
1422,22.65682205725007,32.78432194642136,8.889599721134019,1.808519692901219
4678,21.6323464453854,-9.13830695449181,3.963546026382622,1.6830307977470123
4035,-7.509712667143363,59.27759500770489,16.434445022027553,1.4169884698092496
1102,-18.533207440976426,71.90308659725432,9.520020254088259,1.4586715077928436
3653,-0.4998771101771642,66.97386318940386,13.141032845363195,0.7999999407838189
1540,19.071208566367236,40.0857038176043,12.937787904097036,1.50962606555627
2379,20.747652114284904,83.61978621706051,3.50256258124685,6.076474668544024
1413,20.06626984076827,83.46485716660045,4.063448788055865,1.6205601896546518
3710,15.955884114714028,30.365678296322642,11.026363925195671,0.7999979909276382
4910,14.665023094423514,83.04213292021291,14.029034082228392,1.5032136691379823
4923,2.6198338154687506,33.99147192880646,19.368715821084734,1.4355405043231193
433,-3.714738631045135,108.48435658065296,10.865460175560946,1.4359575868376593
3783,-9.69986531726132,73.18388234702772,13.443090950696712,0.8000003823356121
5247,-12.52561888789742,4.102598200321508,11.148441187094015,4.768314415716115
2616,10.604571866838276,28.718924177607693,10.884382120761025,7.578484647510374
1087,-15.834671641352154,86.50275842706323,10.065809868760612,1.4872373601281745
4938,-13.49104413995099,52.43808977118118,16.566384173453955,1.5134189915602756
4975,-22.260824756857946,51.355265658607024,8.955787415394322,1.8001811685045852
2257,14.858543728669371,99.95906359492427,6.833162550238848,1.4999966171715273
2953,4.174503285225949,16.605587624068892,8.484033554966521,1.409364606066417
1137,-9.938768405595008,95.74993231655384,9.526825001329785,4.0727766552373375
4064,-9.69993399531365,35.94616523815661,15.022775122223239,0.7999999817088266
1254,-19.425333823083513,72.5151000487894,4.366933037012032,6.223762728041573
1390,22.188613441806016,48.39382995210097,9.561353483611944,1.8176801631966648
106,-5.885902315012769,85.63183816585746,14.277952219302778,1.4671671532964141
3016,23.151443798938743,59.58093509511849,9.910976820860014,2.0695708190492392
1421,22.390326659165094,42.44768881762912,6.947344980565279,1.7143137917894027
5495,-17.940350231814236,42.9310140949039,12.458985117174924,1.430875741095725
1345,-12.735929203422064,45.95170025264621,12.564469849972449,0.799999911083976
2232,-0.499894628682478,57.413700022936645,12.587540221016482,0.8000000596475448
1407,22.15053260036145,49.30879740350775,9.049839315225483,1.8078281943804453
3786,-2.776567539802959,60.90077185992911,16.971387012262912,1.4017147104160517
4004,-5.903957216954449,33.77284824145793,17.539083367870802,1.4885881553399538
5187,-7.039047593999763,92.41946951898198,14.747674233298177,1.5238801742819748
1237,-15.07092582107945,45.17668583303006,9.95457509286386,0.7999996027910705
1376,-16.908805528041825,54.79602340472094,12.515919963932175,1.5021358157093863
2365,21.909577943318045,50.11490281181071,9.81044304528752,1.4619636401347615
5074,-14.520288900064948,10.100139650019486,15.858449689123951,1.4887442584591415
2657,-1.2999241905224874,41.30888106722672,12.922131671462736,0.7999999928297469
4918,8.781307174954799,41.57293404104685,18.80164301640823,1.5032904884627227
1985,11.100029775003122,20.63849624088385,13.51608551578816,0.7999921360241937
1540,18.593826563258236,40.96639941042811,13.2963492794694,1.4975475920187338
1084,-17.397251349840623,70.52456703483658,10.640732923945109,1.4321322249265687
543,6.557257409139307,101.49555072942327,9.581901246678651,4.06830248067106
4073,-9.699929454240465,38.542318151290004,13.84033900789094,0.7999997386081162
5169,15.283668345276663,96.90062364488323,11.921522007126358,1.505184861859057
2047,13.050021560074462,11.873660118869292,9.6286914958123,1.3552053254337693
793,-17.503256263910696,99.06337679130246,1.297452039351419,7.299676848497594
1384,-16.34460302722238,55.0134052674189,12.952968936327274,1.496826184730156
718,16.97538943893442,96.49592698236363,10.915358303767437,1.4969976605840216
846,-17.160193575581484,104.36625140500168,7.630917934752829,2.3399720456633313
3668,-6.883383338755296,74.72966670443071,14.999171784998897,0.7999963054414361
3927,22.875797841867655,21.055807164322147,11.68451594774997,1.4009019169062153
1513,16.279685743686336,11.13501220253311,14.284610084744381,1.5031070373304207
3781,14.780978656812882,61.092010999324685,14.444521516256238,1.507661935973393
5441,-18.641067708739744,95.02769449930963,3.066473833490725,1.648862961246557
4984,-22.712829934183418,39.108390713500164,10.047763919374367,1.9322108928183455
363,5.1821116277421915,113.6611576882736,10.282577710602592,0.7415598223488336
2668,10.300061992147768,33.64443778933145,12.288013725201186,0.800000029610342
1101,-19.31426568389025,67.8407241483735,9.216955207000368,1.4558969986774102
1316,-15.867526697426076,70.0167135984106,11.925274479109458,1.4707552205059893
4889,-21.381852272908752,46.44543362347265,11.146627335172123,1.5031400429915116
4962,-21.29486117403863,65.7955114883553,4.10650148265001,0.7690840035721701
994,22.45596944710524,76.4398658755192,8.320179581778998,1.7891589168501287
3924,19.683110819617724,64.95612649602717,12.520381734773768,1.4607596108234253
132,3.795848780303791,87.35369706944512,12.551665718172048,0.7999970045659195
3016,20.917171719382786,70.30897463470941,10.8933271311411,1.4297706462092645
3608,-0.5488478723053689,99.93098149539998,9.765638054716755,10.680041151000585
954,24.44535639407571,33.266723630657914,9.209026117600741,1.8049757378637825
3591,-12.074457520538319,74.75786077538584,12.058823010974795,0.8000061107021766
2449,12.260768354775555,6.95467023182337,7.714984235857356,13.690320792580826
1380,-19.337710763695444,52.187978436180885,10.553048474439024,1.5175392787817437
3850,-14.681117226186673,30.348917527987425,12.780839973499338,0.7999979051205505
5228,-12.54508982280596,0.9593003611155495,13.739360423229154,1.5467949857176715
2267,7.142381525856441,99.99204482711923,3.3940880476779522,1.4999975153585976
821,-13.242134983243421,99.96828737742479,1.2270121137344994,0.5113040123547472
535,-10.499821929625435,97.2545883132263,10.042944619141617,0.8000001808756677
5168,-2.0914371500064566,22.130355811632402,19.04146748475734,1.4513269377601394
637,-15.310262774691079,103.1449902417145,3.0079566121249406,1.6912640488416653
982,19.821707717801207,99.07339254977093,5.7853312995698705,2.791122543943679
3722,11.100079505110877,43.1122878412038,11.479761683633331,0.8000001144663861
460,-1.588803062409002,105.3569438543333,11.76358175755608,1.4916300151001431
3247,13.245631362331585,20.325551781890507,17.624463795442555,1.457166480708119
3738,20.897936513389137,82.59741329682922,2.633637827233321,0.7808879559778427
2718,-10.943795070519378,27.39709809750763,16.47043972276651,1.4951589952505409
957,23.708375495980633,54.14943865932417,6.980238909365391,1.7707877666435816
3465,-10.054332618465303,12.847556301810881,7.703766350238733,1.3958876341502362
708,-15.342043765908151,105.3064242838604,9.02582686060665,1.4471092279942175
5175,-14.656396948377969,44.499668718784484,16.437897261625764,1.5243637193720743
1364,-8.256238409984414,45.93702020050412,14.094994730138414,0.7999972164717061
2779,-20.082719374302343,6.407845145778511,10.862376505034653,1.4563515476017732
3151,1.4722111936289803,20.491169517608174,19.10404755486899,1.536001681800009
983,23.392648267633895,60.512660558129625,7.17050379741544,1.7214660689299977
2952,8.748277718094995,16.660282541324385,15.436559137143906,1.2880032528996446
4171,-19.543976334667786,-8.0138006327985,-1.1086241197055728,7.915845030931
2232,-0.4999088729443535,49.657559670611185,15.266879755295287,0.7999999527956979
5149,12.728629220943715,48.323115643613704,17.651647512553737,1.4738184079428338
2674,5.541124942165242,42.947524478637014,17.673873129400157,1.4818296759251555
5039,-1.0007453034570435,90.55772946917826,15.614312816024588,6.347957603790267
2736,-5.186307822710166,26.96605003766471,17.495713985976714,1.5259893828602127
1528,1.6731108381582787,45.9201363567481,15.85444339664179,0.799997841950928
1222,-20.049097027338977,60.9526517926966,6.5703854103958665,1.68180472584376
5277,-15.54837506942358,13.596941303423478,14.061650155708424,1.426288033404965
5023,-17.001015147203887,95.19129247117961,9.792662935621472,1.4776056055980216
5189,-2.4534958337963975,82.56925310430395,16.538794785507257,1.5178025298935822
2098,17.094578577011145,81.16520864005281,10.965878975089158,1.5068323149197522
1919,0.8333573039912714,21.62325169982772,17.622371761597115,1.5460517974456032
3743,21.95391629727226,69.0508497262804,4.368962344433031,0.7706603173648547
118,-2.98299008084423,82.59468595253581,14.953291267950526,1.5216485779915105
341,14.662492502129151,98.47512802454129,5.150435952706721,1.4999967060323667
310,4.489617719585467,94.46448873151691,13.468265767477067,1.5233385796736478
2668,10.300063169162845,34.2647496990647,14.339810947364239,0.8000000309720563
3014,21.761936781898555,76.31472626977153,9.621287583670284,1.6742000332509792
2668,10.300063882903105,34.67210739436979,12.328992925805224,0.7999999593630815
4350,-17.400059275961947,-11.024429521860895,2.500437841665977,1.2388111033963443
1994,12.061999187471756,17.57658163863609,10.014885589901926,1.47938843558464
719,1.5794318701270829,107.55473831978873,12.799059762569241,1.4219763282831694
1940,-7.962931648747514,18.02574771090939,7.344457864887279,1.4292760803893767
1491,14.561224388239557,4.54508584559721,13.050788632586679,0.7999987091201104
4930,14.36706542863843,28.450584103036867,17.47483032480869,1.4761266483478577
2717,-11.449983476057204,8.993771051075807,6.294900931714018,1.3940338240798045
1529,3.9530422901546625,45.9531439160207,12.41064259425993,0.799998043930605
2401,22.782356667528358,53.22626630351884,4.865301965245597,5.917646643092834
2185,-1.675636907257279,60.675064206584665,11.190701412911382,7.279196280315898
5178,-13.215618979647772,68.70709880932449,15.372118557206994,1.4656737603315604
593,-1.299851222585345,81.04786045486324,14.790127193812719,0.79999991853865
3432,-10.199766624561638,2.4280091989332933,12.96255391385018,1.2504215298524213
3768,16.83821115868723,103.36363768832705,3.9286307539250167,1.8250938818031819
4944,-17.52692516286778,52.0349895687463,14.151067118811138,1.4910153174795677
4885,-18.234463851470437,97.23613540305138,8.34567073598762,2.3881205097889815
4050,-12.179355912126887,57.73548777285399,15.149671414896256,1.5229090836852657
2871,-14.343751645867904,-14.287189644145394,0.91326030812739,1.1047265257473675
2367,18.161931551083885,54.601472311626814,12.82059682594151,1.4922189035541658
2847,-22.628737386326343,18.662756463822067,8.698426414702839,1.5293017718095852
2960,19.8033832973759,48.056958071279915,13.801081968499252,1.4242067544368109
2327,14.86195582877743,103.84171438119283,9.12687647435003,1.519357808998071
3708,15.72650410535281,30.34146676715535,13.552282523238596,0.7999982828531926
1408,21.780196542067607,57.849025312650525,5.607443525612552,1.6587522879970442
2646,-0.4999292874144262,38.52796152917386,10.297575454201084,0.8000000259485376
2953,-1.2045132395661167,16.577621284715608,4.928239308805438,0.9467014953947513
4923,2.9688360759097736,32.2784374464203,19.31795874682402,1.3960780206512677
2814,-21.526789017536753,-6.60473443022478,-0.546263711347347,1.593982288360916
3819,-12.819571965217275,30.977226693124347,10.906029152868594,6.564416550249148
4246,-19.54365400953978,-4.155507872216532,5.756794480891016,1.391754039921273
5037,-6.672499808407156,72.43424326840692,16.99310502141199,1.4650657758204755
1670,23.055079076498807,11.254322301370804,2.3466071919631286,1.6112460516218599
2676,3.4266192289124993,36.320697427598326,17.880021021377154,1.480687681370943
596,-9.699860915182631,75.86390260478758,14.444869176522012,3.983533373809529
2613,11.038908853894709,32.62623935394363,10.92183646822485,7.485935932986989
3706,12.913124925807345,42.141222783578456,16.251789789985313,1.515824311731186
743,-12.836290355241822,103.8535367514658,11.125573720028152,1.479164624313198
3651,-0.2567727033749602,60.730879916111434,14.804743917964428,0.799997702902266
2677,2.279675166958076,39.07827080554381,17.92405665214889,1.496906054111421
2650,-0.49993773933930213,33.92315622980496,10.989352434028769,0.799999967525384
4043,-10.49990818585091,50.237220794500516,13.081107253656068,0.8000005035629025
3648,8.04573741137821,60.74031412590427,13.819071506768593,0.8000006499157227
5376,-17.508931197290813,38.180879166214936,12.99260978346314,1.531149101523647
5193,3.7095528607547994,96.30511289925009,14.804523718276538,1.5186389855449596
4947,-22.683712513162984,39.750309512922676,7.810477617988511,1.8400406490735677
2707,-11.450002319090945,-1.466268785617061,11.843188447617136,1.2600420824322764
95,-5.923496823479764,95.15000320641823,12.998067276341514,1.5200140380392744
1037,21.676047648700937,82.89551523181966,2.997059161704427,0.798829158110697
3225,12.851778266777572,6.891091792973896,16.671726842089015,3.804103798396658
2656,-1.2999274716794258,39.522336707167106,9.198592041647887,0.800000000307063
3544,12.300187375052495,102.18318298510128,9.836085437316974,0.8000008850796634
5433,-20.183228609278444,83.09353930575807,4.842544028308926,1.6820975535030527
3804,11.100136627878545,74.15103805132506,13.35275986091291,0.8000000949054585
5143,-0.9163021721736454,48.95007266011126,19.1545892345209,6.968449856497354
2226,2.41901925765832,59.91614220833604,16.33810739962255,0.7999955873986605
1127,0.25361220109546934,88.4950069832794,14.456545870533992,1.4451210429069383
4899,-20.48930817194038,71.06546118939198,9.835959041452611,1.6038724517234209
5156,13.051659027365421,45.06221990789366,17.69226104359317,1.4664044385652015
5547,-18.8856588374154,41.465400305705394,11.685239367712928,1.4975441599269927
2760,-10.499979487249096,18.56024621560819,16.061225843524404,0.8000182806780376
2916,-22.87597006558996,3.7818926271722173,2.0966655429683136,1.8250043513143714
3786,-2.0164143128564658,63.94241047633772,16.777348840499464,1.4138168055390226
4875,-9.44755658721083,38.17598963714431,18.444730020810418,1.5167077886706328
5146,4.943678650824694,51.23081455813771,18.90237964876711,1.4521480177867347
2870,-12.58371445994146,-14.862824632327001,-0.4430488741379336,0.6989620367114049
5466,-15.25387168094911,-13.539768379202563,-0.8379414373856549,0.7119691129555031
3580,-15.38395650157823,46.745241297185565,14.155595253664222,1.4682363262455735
531,-14.750976493429254,98.49302517157558,3.2887925730193235,1.4999983643913999
1028,22.302335240879593,75.26945838899299,3.289066250793722,0.793002345803212
3853,-10.59177605663648,30.341680248268297,13.535070216416395,0.7999984323333019
2186,10.602484089743687,79.89660172962394,11.374952240966625,4.440051030931011
330,14.031125139349466,98.45345316632773,7.411771970066743,1.4999960311048848
2665,3.901071196602287,31.1127350688112,16.555623117809777,0.7999998754437336
1022,23.986655772307834,46.547832039395125,7.1345582936891425,1.724965045602301
4357,-20.139594245163693,3.5170145580245533,6.536191198109206,1.6859673131062334
992,18.928528556416826,102.08078492268172,3.1963913078366533,1.6970920826311071
578,-2.96160342607045,86.12718896412412,12.847976988186627,1.0765165872979225
995,21.51456022919609,86.56834812814404,6.303368344070257,1.7737636119845042
5074,-12.288477829414916,13.304117104201634,16.924118473031214,1.4020905423574843
3970,22.78266411766915,-6.62312070024077,3.2887951315819484,1.824010824927344
324,3.113388587443597,98.43261007758265,9.588658234258524,1.4999910505213183
4369,-18.76262581526708,-0.1664301346185309,8.368612145005592,1.5090543394256695
2117,16.853744444859046,89.1490997629878,10.168684067545936,1.501706666912075
1025,24.11726910325654,37.39579234448368,6.272064728928154,0.8497317254555662
2680,4.192373250926097,31.13522470585537,17.85962122627504,1.3656600096093756
3258,18.986330309056147,4.996035031485951,13.56951060628271,1.5110312813679299
298,13.923156163075557,88.502721945323,12.076636436368702,1.4883143720021086
3926,23.47292134673399,21.088297628894942,10.90517751176576,1.462823669627585
1521,21.712155856669078,45.97370956376682,10.260794738891033,0.7999954345655839
101,-2.4482116158244462,96.77527351228417,13.163212468881412,1.5059019513580665
4430,-18.285354407126906,0.9729821887986355,9.57970513785602,1.4100486963423189
1220,-20.546662355988666,49.523417902039014,6.724616687420561,1.6915740598671243
1547,5.750406138413353,45.26982939331245,9.342632290867916,11.395165574829553
2956,-3.912045650696869,16.668083269597396,16.42515806510834,1.2707481337645725
5172,-10.849821666799292,28.902628772182894,18.070592116887553,1.4627272201039712
770,-7.770005584178202,112.19980758312363,10.648612455604194,1.0514933763665903
1421,22.593847075799378,34.68217915799724,8.666581390300578,1.838501755401264
5074,-11.56856841641342,15.106309177332836,17.334183071231635,4.319530632506505
3821,-10.499920623580799,43.52810705368744,15.043029425953812,0.8000001657759058
3673,1.9585944236969126,74.76247616101223,11.574934243472526,0.8000011335723552
4904,3.872226889151602,66.04791790037555,18.024527036904686,1.4271146700785167
765,-11.036384877482675,109.52314090316537,10.509714235572286,1.4485170776187875
3825,-12.321889931660849,41.07031734867654,15.924529874685362,1.5047455072497649
1421,22.410192508818476,41.64188316842771,7.447377537593031,1.775021834191667
2953,5.395263732966906,16.60594012923326,8.529111010684915,1.408577707079487
719,4.025051135558776,111.76814627336032,11.630098173253838,1.4897013284717735
763,-11.507398646558263,109.56607735364759,10.30773659801394,1.4234616149318036
1349,-12.655571694522457,45.98420492656604,9.173333416678604,0.7999980861326451
5081,-13.739327565674998,12.798782265060858,16.36767054112456,1.4004767533049545
5176,-15.39560762826805,31.518794081808643,16.304048773118694,1.4260602355988756
4943,-21.35729154011088,56.66938812192513,10.399677905563724,1.6110535810197846
4962,-21.561761997347023,61.67766240610378,4.654549682941718,0.8056311155120046
5277,-14.811897690917334,10.080440535787394,14.123644797255029,1.488115630109953
5128,11.480853534384176,71.43175219005813,16.445127470203616,3.8279789621629887
1989,17.712921083640264,17.19302351825919,13.994888511386597,1.5441900522002165
2659,-1.299919202069157,43.997914057505284,17.7369009842048,0.7999999378454881
917,24.520732050517005,17.79228602754918,6.895836352816057,1.5241949906626495
4174,-19.99997269492699,-0.7401905302844051,5.170649746835011,1.8580672524863415
4764,-5.352599232226136,17.10345606933617,4.4486572958652495,0.5296649619965749
1683,22.069717651698742,-3.539916547481188,-0.41265062926841445,1.6967508500057658
5081,-13.113207712313155,15.402057996486716,16.814446593714344,1.4225918830677688
3016,21.667524477888726,67.01295964097267,10.530392924824085,1.400677879624176
5176,-15.031005925401857,29.074715976561222,16.546402256904955,1.4933905909999934
942,12.785084139689022,-14.359014070683072,-1.4152179223824433,0.24197789818550153
5500,-19.65633021143919,40.92058450595344,10.994141924488213,1.5407954583836398
3708,14.089216301754265,30.346989273307578,12.976500600112296,0.7999980417884482
5041,-2.4981371381451183,83.78133073273122,16.39332633982518,1.5002466010064108
1649,22.590333043074324,2.4859521292953297,1.5278043787173763,1.9063621553392578
5381,-22.228466224973968,20.645811470961004,6.31606353447171,0.7676102562211778
1026,24.447812783822002,30.97335091590653,7.776627169355057,1.7162863629308012
3509,-4.999807169979506,105.03950185412427,10.742316315013191,0.8000000201903141
2064,13.049978430412498,-11.615077876563948,1.193259195195946,1.4475068445878965
1944,6.080805417981811,18.041524286235543,5.695904492966082,1.458053026000963
1557,7.181164057176192,45.15119401078174,12.609849554709315,0.7999983537805042
723,-14.268556620189166,98.06609235272985,11.390350848849337,1.481075295410374
2665,3.666184365580758,31.122349127206377,15.552702109455664,0.7999997349946946
526,-6.427764178676206,98.42823962783578,10.046111485448364,1.4999921637112632
5143,0.30955512666758095,46.950947309889614,19.32372635473077,1.5131069677327544
772,-4.052649833942222,112.98503617802263,11.04712227065033,1.286664442184688
1414,20.8426412233367,74.28345420012184,6.5156662114287345,1.6905617121235494
1359,-11.740033042490975,45.15099521302787,12.633943735940825,0.8000010174705584
2235,10.699979134809286,66.51959821573134,11.246725411838973,5.777991131095993
4069,-1.2999132912010818,47.20699846074996,13.066168444766223,0.7999999302800762
1973,6.6690800853200916,18.24856236031261,11.222516144659771,1.621630446308349
147,7.555863791070016,80.72311291888661,14.791229339635024,1.5104741708455467
4933,16.90770600461703,26.630781671693498,16.40799819077962,1.5062513814923204
2134,17.3406454330309,96.49278731047553,8.68901265629258,1.4833560956849754
2671,7.9084464538574455,35.081018563725365,17.456463680297205,1.5220657183947028
257,16.114368405525745,87.93937341299164,10.859735502332624,1.5055729622261078
121,-9.110636404691899,77.07303565924651,14.519923133149138,1.4983161271953758
1526,7.14701092081638,45.915432895463816,16.344255445565054,0.7999980090114064
3193,-15.189639706850864,45.380942135934475,16.07172492877164,5.648416401659811
3013,17.855706006033145,89.4129710580833,11.269093902565704,1.5042212819896346
1914,2.9795185967953066,25.63148344686261,17.72203584042488,1.482225538609124
2166,11.100104135424107,56.3402008943088,12.80470852700488,0.8000009380152486
24,4.455922905027738,75.55064777308047,12.81211986691085,0.7999985850655569
1475,18.886170285764837,4.5589582532715,11.602752284663323,8.80501392242991
757,-7.111865363417095,107.47177039534105,12.112659866375271,1.4661645971197894
5141,-6.379176470916656,48.143681371690626,18.704145809412104,1.4591307153818789
3018,23.74479795549263,45.11598263603857,10.390930369938307,2.1564557978854793
1020,23.35168585458873,60.606860601419406,6.370047788335251,1.692695400050655
4871,-14.87756938610286,22.774751735918116,16.55636479903812,1.5100347710431519
3823,-10.499930852665123,37.65014700640741,11.091759389729097,0.8000001702438914
2250,-0.4998950959009744,57.16429310749622,16.578236210938506,0.7999999808984685
489,10.18815785848869,109.61398888885361,9.68797738288124,1.5125352905427758
4352,-17.08767746107559,-10.853803225062922,3.834721617191547,1.2222063417351423
324,4.2668582567471,98.41375499192753,11.555110159314777,1.4999961620312223
3178,19.02864291753272,35.465464487164105,15.063516869564593,1.5082005551401432
4040,-8.845581966176303,54.98969618425811,16.40575836753144,1.4572573135733926
779,13.166811756555619,107.54564484733409,10.898997303488157,1.4982310771333498
2108,12.168051717434235,52.37086971156584,16.051369485817762,1.4853915835125178
2211,3.4045356215757505,48.139494831686655,17.707830779994186,1.430373436686535
2792,-19.689087035716458,14.875278112935689,12.874857704229575,1.4598923289721395
5074,-12.788788184931134,10.12979476441894,16.473340831118307,1.4460083284696064
2888,-14.397005424662877,-10.721913763604112,9.378955291162892,1.333381731248962
4057,-7.667085090881776,31.867463311160844,17.271946992739206,1.4676083972789202
1374,-6.715782275414935,45.96436693743628,11.24197816333488,0.7999987401733327
3826,-13.28708785489233,41.89566441643939,15.504969309158227,1.508813362863608
4921,-6.416087477552452,59.54259991309482,18.072865348583086,1.4407023248282347
2221,10.300096424105016,52.74408352621229,15.340581728922302,0.8000009126649368
968,21.922800421044357,81.43542227324934,4.541622515811194,1.6848668616858755
5092,-15.996656725283435,-4.763177237557379,12.28124540915063,1.4901993562077172
5122,2.121300632130773,91.94743232471768,15.45341945042816,1.4870809367751565
5035,-10.824150705314572,93.7827310222264,13.60123287001548,3.653464030436527
1759,22.108702112689823,2.6131979699757872,4.752266525020746,1.9520170826083412
2219,0.8754066117081397,49.512758835662055,17.682491539331757,1.5432986438896545
5096,-13.337752400872558,8.445503444294639,16.132863160403417,1.4865830788932264
1631,22.91748085044408,-1.7614038454678003,-0.9487312445769438,7.343321126609308
5124,2.6281487471043334,81.33363851635978,16.67629165238412,1.4476212539871867
1444,23.342711563085636,24.18673859975339,8.390826460177994,0.8040524663561749
4030,-2.679029989240232,38.01062078812586,17.83660714942529,1.4865584589008964
2999,23.217139398969227,27.64993004340425,11.5808479922655,1.5143874789615308
3918,23.58775104924601,-1.5383009601821016,4.8830926746234296,2.003522864012386
2643,3.744968561844261,30.793396861090834,10.904267242010674,8.341116273364376
2955,-8.872122922298178,16.595616006810843,7.213633222734345,1.43153957551638
4926,8.842784497686985,31.529650992765294,18.806312923794913,1.4424671519089334
1221,-20.303792614399462,55.26970819209456,8.454307098565891,1.788706029459109
1853,20.91905315909339,5.5084423280173365,9.154456809491524,1.6533867021749749
957,23.849770571232447,50.72922715712952,7.211992391248946,1.7608484680505492
4906,9.9407460514548,68.83931731815781,16.98991310739374,1.4741050632477075
753,7.532828078827585,111.76738109689515,11.168426921332928,1.4492282016855031
1529,2.404451739864239,45.96049724972712,11.64384036116473,0.799997931659053
4053,-9.699904950420281,51.646110899354404,14.649335497153896,0.8000006088134958
2838,-20.65361228576016,-3.0426755540300254,7.131732514970122,1.2693248210740877
5433,-20.12191070944566,83.78964428017565,4.906781900437203,1.6875742851444415
4996,-22.719930452578176,38.70959498519623,10.23440143279949,2.5109335081709636
364,18.129296014169057,105.57993908426785,4.651821441782632,6.538419780699378
5358,-12.265014405346685,-7.257249727850812,11.061280094145559,1.4803408682360586
491,11.055356275331588,108.23378289673485,9.8492889221662,1.4719340425817933
5124,4.4296866765053835,76.83583968849265,17.011310931246598,1.4226849773264814
1879,22.46059110148641,18.86074563830656,9.265485775344223,1.462572247091926
2618,13.359027503622704,30.528001777303476,10.901723310907268,6.890402508253317
3465,-9.972175823147943,14.836414098810813,3.7715756496692916,1.478055087074136
2959,19.362124332254684,47.69841365945878,14.22647985160088,1.4644014104469523
2216,7.677034560554732,55.78065179974821,16.878115132825272,1.4795615239507676
236,0.5407222492108174,87.25727785558954,12.242205691650836,1.1085775591601172
3434,-10.115336273073655,7.86846338445252,9.457860111372618,1.3348458912837537
1198,-10.791292184089933,75.81391960111338,14.159323987996066,1.4596193057489528
2857,-21.73774123471585,1.3435755352747076,6.331364400924159,1.7272521092018192
2662,-1.2999296070852835,38.32415952882702,16.896582965734446,0.7999999213403198
1576,23.278524494134473,16.412803011270178,4.3676131258374,6.349560561135707
1539,19.175914872596508,34.632068921234115,13.075160060996708,1.5187542080944318
2673,5.581668038214134,32.156704716325386,17.769079656150335,1.3983403916069732
3258,18.5259885091987,5.308699257215323,14.008287014448225,1.5555596285465374
2266,15.488650868417396,99.9965915966715,2.9181251562201496,1.4999979911463739
2660,-1.299924065755388,41.37999627141155,6.508893153717361,0.7999999888588224
606,-13.538544033826833,99.99433291578087,3.1591300806759377,1.4999984951209733
3135,18.492384131967533,42.97843526607109,15.12041704107275,1.4851205946743047
2134,17.75083034958589,95.06398493170266,8.587229177108574,1.467715395797673
4720,10.996043991175801,16.44652347586198,3.5339976553787356,0.5640799701844924
3728,-8.600061948743601,72.83885468367463,15.080898425538845,1.4680023513311387
309,5.3909577475635855,91.9919371239747,13.724321523997665,1.4965802886053179
5142,-8.00953047340738,55.17900724911426,18.04094684959172,1.449608787079449
2628,-0.49995962209333783,21.993727914132524,15.397385768130142,0.8000000010033801
2271,17.412019281241115,101.46506369531022,1.7416124052075386,1.4399388053429012
1955,17.694280234582013,26.40095400367563,14.256072050741093,1.4657157442812254
2676,4.212211236505009,38.99291011959868,17.828176165481292,1.4809711340754486
2216,9.655335401637107,55.063005451870566,16.577704940608218,1.4359672185266836
3465,-9.97851254830995,14.691427873052216,4.078216265907904,1.471717531849344
3645,-0.17551843471290943,66.81768431490303,16.628460001530726,1.4616147928660623
73,13.009607337097673,93.38027006571409,11.829524610597257,1.4932903268940823
3016,21.95139917313533,62.14111015688439,10.78318826563986,1.4428147105172537
3664,-1.2998865144821572,61.83993126548895,11.285875607764325,0.7999999768804287
3849,-13.41941866280371,30.362228279617803,11.391952892344547,0.7999985255371628
3638,1.3001880743902647,102.47931690478174,9.859644897591117,0.8000000519156512
2954,0.9952598425316663,16.66189878855619,15.640341563700828,1.2844482279506877
3150,4.1473314539539,22.237449341938337,19.043068419612673,1.519188983090807
1210,-13.074586644216138,75.92016006192075,13.134033047120855,1.4320255888160225
1919,1.1181057124183642,21.3420611424855,17.60671915321205,1.542768327893021
994,22.158193638533305,79.66560929154375,6.311284861156227,1.764639017418847
1944,-2.152036349157526,18.007428027131922,9.254559080896485,1.3959364201178601
982,19.464994044011394,101.24055697999853,7.6700456853656735,2.2503094081173325
531,-14.044439393924897,98.49966265239739,2.596166088329973,1.4999991459477335
2781,-20.188632536092467,-1.1404743607396686,8.666822420157896,1.5219163448851543
5031,-0.6653240896879121,40.002046454751486,19.403046645700158,2.7671325208239668
494,6.9876820736476715,110.91544705147004,9.97322557043959,1.4822442002036207
4996,-22.43629618637817,46.457564020529134,10.059439284432855,2.4159438689644253
5203,-2.701656771640233,29.84148414407786,19.200737293046274,9.305816842728646
2079,9.224908348015026,104.50367582716639,11.154563274199072,1.4770083697202459
876,23.83262666897178,11.501920189515355,1.9720089023380947,0.7990241831576721
2600,-11.449972894823457,14.486701259106802,10.986104541486025,1.3499189914165868
1468,23.15511107718002,23.07156264903568,7.333976470490432,1.0670400170768897
3977,20.597720390241523,10.23938990287111,12.871016177129649,1.4319922214087575
2921,-22.927695290111384,11.283740837250702,5.078488043373973,1.6953603307146206
970,22.475552651309705,73.11345421334322,3.9650121212030487,0.7926145032888903
821,-12.383797104754358,99.7561397886722,1.2435256253804972,2.943384230214196
3705,-1.299877315450317,66.83138917794334,16.44446459007876,0.7999999574807827
2619,0.2164358308683496,33.114914143808676,12.167034823707247,1.13897916371592
3882,-5.522998257690212,30.337476591363377,13.972543747166561,0.7999993206523724
5031,0.5416434079859189,38.65406304510372,19.4999586418025,1.5426503014730768
1373,-17.23378067949083,54.609100467371626,12.261566479645655,1.502894826473383
2041,13.050010591818001,5.9076853294833835,14.30613759710003,1.240677677616103
2680,3.209495156015013,31.126117069485232,17.909050990761777,1.3719555840302118
863,-16.66037098386747,105.55054581669654,5.770767636591419,1.8429132243826285
2953,-0.36970384492997077,16.566653707168566,3.5344200366239313,0.4860894575760566
5124,4.905453789678896,76.30422540902548,17.0347777548286,1.4354205950817873
4901,-4.137460321633904,37.42850547787455,19.24802325045824,1.5293400928663967
1221,-20.20976542457408,57.70775001846255,7.756387162494115,1.7420621603508872
1215,-19.29501025301392,73.15647429469985,4.622004229240355,1.5971196050575687
5123,2.2086594455407917,85.19446988076163,16.275768254128508,1.4542127555914814
1694,19.465749592407533,-10.235174977470951,2.7504523793544062,1.4093063547207123
3924,20.23753323214521,63.81538672269757,12.155143837607946,1.4392989434837493
3653,-0.499875924870805,67.62113073488138,12.448174468939929,0.7999999435393558
2166,11.100096779199776,52.461786745388515,14.376108954094732,0.8000006847869205
429,-15.411786771468268,105.47045531830652,4.526513457911854,4.31997366268383
520,-14.847982929484756,98.4716307367168,5.520901807773593,1.4999986482091598
1582,13.36374845530551,-12.828971450812185,4.841123483112023,1.0102008725585852
5197,9.109441724153795,103.26378239070158,12.97329038791884,1.479010572534454
5046,-5.040914915868576,103.64636311323675,13.301759367095977,3.777303203200431
2282,19.179444264359834,96.24085477612054,1.5171474939185936,7.524114802577228
5092,-15.536417687209017,-4.636230586199021,12.65252655807924,1.5118845965491978
1216,-19.02139178780179,76.37934513380287,6.292733396264017,1.7659776578110373
3825,-12.206264501109539,35.43719193824953,16.084800283801453,1.5238661640960627
3432,-10.228457952010247,4.555222462715295,15.063058327970104,4.900848115222686
2666,8.755868147635995,31.165826662166197,11.015994957728086,0.7999994157444359
916,24.40034950822813,15.040973302514862,7.319483122326074,1.6637177475367302
4036,-5.142453568226832,53.58014214061731,17.120321801398347,1.5254868137662256
3147,7.8917321615683615,22.253435632162155,18.747579165339264,1.536689871953302
1157,-0.9993181374401194,86.24421730319482,10.637867473165253,1.0923328535861743
3826,-12.874575229829055,34.77503969812613,15.837478348901662,1.5056619526048092
1374,-7.119257454287038,45.960528280286795,11.642472591932458,0.7999982294618264
22,10.300171572412497,93.93801988896774,11.712480394527864,0.8000010237975734
4037,-3.271342912557132,50.81682217340137,17.442060549161937,1.4777839545338423
1021,23.57134018179764,54.773918804645845,5.86168929628267,1.6649245606317504
2585,11.724810668152509,6.692700947347522,9.617471821870211,1.3254442207845734
583,-1.29984578576363,84.04794329708515,11.911585268142074,0.7999999724889502
1982,10.535753947020426,22.463619652277135,12.824513593063651,5.528466802086914
121,-9.27123313920253,79.56196907225745,14.206114388083499,1.5276757143960953
3722,11.100069329463457,37.61574201678755,11.868157472319716,0.8000000409138159
3228,13.572663868966405,16.630518248737356,17.329067777554886,1.4482577942405963
1032,20.290866696027734,94.26953437907598,2.3454646222371824,0.8082874069606426
2816,-22.874503479045217,15.707544508197248,6.791829228185819,1.5917050568383222
3815,-14.639668269671741,57.68174415019829,13.886449499308235,1.5167674246854812
2240,-5.612551317031214,45.850013598721915,11.04859451837233,7.90809704299345
851,-16.984853512452904,103.70888466270775,3.6762725870295174,1.8038906839883933
1956,18.15442842955862,29.106890999464756,13.970787927339597,1.4732540255630466
5205,-15.860096264763973,-5.943430318954571,9.55207506132015,2.3525913907193847
5046,-4.793591740151564,97.51587167233504,14.346294143907963,1.478185272039381
5190,-3.5373160009991564,75.95036539462583,17.09505084549634,1.4544907836514944
3939,20.850488356317523,24.71482999286573,13.909016179453939,1.5227494596476259
4036,-5.520966485422742,54.9089508896769,17.008741780733864,1.498901680356019
3790,-7.644189301790779,67.33459729753604,15.760461389997191,1.4482766538925265
460,-1.569505758045621,105.08203211871013,11.83223394229448,1.4926859754480153
3439,-10.214476823430548,-4.807728974029194,13.04168091530673,4.567399971733481
1349,-16.96853274361382,45.979834432577164,9.63024409533423,0.7999989771555309
2166,11.100088779341073,48.27435455797576,13.848889795632706,0.8000003708445165
579,-3.2661785255398654,86.67557724625374,11.30575406525568,1.094891217154866
5029,-20.783631067678535,76.2597095902489,6.022139828795441,1.7491937193753402
1646,13.450756502315523,-11.753583637534462,6.934663358618483,1.0548196695997716
3786,-2.6847999525361796,63.351052022739225,16.77732620349151,1.4171252311196505
3465,-10.141753966426556,15.229276946724454,13.679993337508545,1.3084470406390252
117,-3.034130966141816,80.1619010777738,15.221619164117266,1.4897561406060889
2963,22.480574422856357,37.219800873039304,12.13934495312201,1.5054659907067747
4496,-20.416851794185437,0.9237254455157782,4.255359895026447,1.8199975307745366
5209,-11.609999083732557,-6.034906684573074,10.917698597167785,0.8000061010219282
4004,-5.1361706953547115,39.76296315325948,17.584695984219923,1.5588944903425404
2823,-18.70828287916258,2.4806031098194583,11.754911825115903,1.4575660388793334
3269,-8.802870055068155,23.536084600536423,18.425497825946007,1.5389123243988583
5007,7.0237248984054395,40.228547934518424,19.108157491771653,1.5484353760876848
4225,-19.704661844332314,-0.7215905025452316,6.916715670421247,1.4318098494964135
3465,-10.031609578239397,13.299594991164986,6.577134399388832,1.4186138201343494
5166,18.142957247780362,63.57753463540998,13.904239623710463,1.4837579823535136
5039,-1.3469520529159444,85.77583562940094,16.206548916184566,5.032413440616735
5189,-2.2950460984176595,82.70849014155962,16.539589575133242,1.5229261122146929
2938,-19.570455219476102,-11.037719505643933,-0.8819228162909039,1.435018699603632
2887,-15.90519016887738,-10.05110278461852,9.276813114554946,1.4211781512805863
1615,12.501891223375846,-10.470935305428513,1.194867674985463,4.432490451160527
1364,-7.402718025138906,45.9092847075512,16.988109208607405,0.7999959825801575
1975,10.300047241169352,25.8071455681315,16.630548442964034,0.7999548778501415
1410,19.779624488857756,86.16087355906299,5.911179427083494,1.7515282513951127
276,15.37911787050494,97.89483235941839,9.967579116914562,1.4814580910624902
4886,-20.768373177372254,40.41725330309362,12.098327865521771,1.5481454854928574
4039,-2.4773182683669894,58.39826260388311,17.140945175268772,1.439044932816577
5411,-22.066832922763382,27.24828848583502,7.82924688387055,0.8165336973492701
3209,17.035007296531507,7.158407093959979,15.146892814697424,1.5069832629527857
2224,6.280275219293625,59.91793724409752,16.150100939836147,0.7999989065034552
115,-1.2998250465405543,95.36443194200346,13.347015842181776,0.8000000322162419
5149,15.825471403403494,46.75007485237446,16.56405228249834,1.5219674443590436
1555,11.13973872538463,45.11229860941546,16.666974222924097,0.7999960528351434
5024,-18.189431077908257,87.15964858023581,9.986895040377268,1.4800156508788376
1215,-18.523721267768636,82.59776588851713,7.523365162236658,1.736607954587709
1758,22.001987432365965,3.9607629587381648,5.837321589324443,1.927031214364342
1937,9.834868022253875,21.34452178056705,16.897247323834044,1.5142650850461388
4759,-9.407905482926271,17.02878291847056,4.144527331533377,0.5574199924002077
1917,0.3311830508823305,27.691596882815496,17.892608066402023,1.4520604912544444
5119,14.678719322163731,56.921300250639085,16.427513097707273,1.4970649299869236
3821,-10.499921253007575,43.18809738413648,15.136008641947509,0.8000001553192729
3709,13.57769601263311,30.362871124603785,11.319703458152139,0.7999982357889248
5153,15.623553743642452,69.27150466609743,14.970366081706617,1.506053905509568
3898,-1.8821748634414597,28.336800134163987,10.131235333972379,1.196393756838389
778,14.163762906588321,102.83101413688539,11.461430175388536,1.478013848124214
4919,-0.8785462909776719,60.998651136557235,18.489047125907746,7.334886277160465
4466,-19.394282192293375,1.8146447681121978,7.866726630036176,1.5434679232630935
3825,-11.970515472319482,38.63688226273149,16.107114238256386,1.5555116242126348
1712,15.173210531698215,-10.96943749872019,7.416989379579999,1.1464315710251622
3887,-3.4861369124247066,31.325255981061897,11.669790703894048,1.0976988909579182
308,7.893730710793801,90.30093729347598,13.60802246749642,1.4922013511604975
683,-11.430526691525694,109.10468315117367,8.931839093459443,1.4172871165026464
1571,23.39491656375815,9.908118568651838,1.584600790556552,7.6307578460180014
3318,-10.103934586062191,-11.684878577705433,6.997794434935036,1.3463009086503117
2232,-0.49990593588972276,51.253775342539136,13.356365005039887,0.7999999809532924
549,-10.499824083954364,96.06184215083954,9.59306964246098,0.8000001907446216
5287,-13.613752987225693,13.743023649755282,13.315335680274623,0.8000058984880006
4170,-21.03443654846419,-4.697295660394051,-1.1064983225027205,6.564358648290688
2241,-0.49991213769429266,47.87980682684884,16.862836338265677,0.7999999277323415
4037,-4.07287619442573,51.443778765167124,17.354914345935008,1.4868642639132226
828,-16.079523967745132,104.96023489147922,8.503509412088981,1.689010443227515
959,23.27127389765525,62.79344096695938,7.690082764532907,1.7069132444557094
991,19.034360679340434,101.96237492153168,3.934962200736419,1.796347608756612
5141,-8.628129481984276,50.527618332128284,18.15608798199463,1.4564308964390773
3821,-10.49992321523518,42.12220475631374,15.358066358227648,0.8000001220421717
3404,-14.158589255447193,35.821408640599124,16.918463145030085,1.5374221698809558
2239,10.66356963987624,47.81388780995458,11.067419814115809,7.14951015578906
3276,13.389328096157742,-7.6245938889702725,12.7582769378092,4.531061758762832
3015,22.997096295322393,66.22798041860227,9.465566539668458,2.561796812961013
3438,-10.219546426506735,-3.924045883572485,13.348639211920352,4.505242653981172
3974,20.151742378329303,15.313594684292983,14.010383771372762,1.4664476417333803
3428,-10.164701231920786,6.465064572609958,11.905997976807903,1.2854757802368078
1254,-19.05293622859674,78.0820446553877,3.9336143118773386,6.4147846942302005
5125,6.662467417490505,77.92645142964903,16.745633440304353,1.49198670504223
3588,-10.499872597876688,69.56685828745793,13.25021810722571,0.8000007021443019
3025,20.489099143514153,69.8704860352672,11.339355380932606,1.452182420337092
3576,-10.998628480919686,71.79240738181423,14.44391656709465,1.5082067189969726
2275,6.100183443958503,99.97706552146938,2.6061815220824474,13.229997104564282
1211,-18.925122430547297,75.14266718535097,8.834061903723772,1.4693010078845643
5546,-21.899954855918047,24.424771676178434,8.881373745877827,0.9068452288540829
4038,-1.7087220264112408,50.50653460592038,17.59472894680345,1.4350887045148812
2676,3.3753552338485378,40.40600690016423,17.86609975025317,1.4658572585099392
2729,-17.21251875819968,22.090409902744447,13.52001341212187,1.481677435853657
5176,-15.427999263702391,32.78738405257677,16.274348259450605,1.435832217894878
2664,-1.2999657698376124,18.631080849997957,17.439084701467106,0.7999999900996825
5132,14.60890182647495,91.73667384669629,13.00902207701779,1.5090395015091
1291,-20.24738106655592,59.88790773311833,5.349804596892376,5.751876149861294
4930,14.364205009938654,33.44782809119525,17.495376195528554,1.4808840052385681
3616,-2.7266244626461287,101.68485411642922,12.38833418770244,1.4499714874333431
975,-0.5545398798636128,114.53665911722291,10.78133404086558,0.21225780853145165
4063,-9.699897227749263,55.697190947440646,15.304070645928375,0.800000819865526
3591,-12.5145669844414,74.753253004935,12.539661463201451,0.8000041180014034
3588,-10.499871776025167,69.99377588383786,12.02211768716146,0.8000005800254666
4388,-14.184615200445325,-11.755128908368597,5.839556201085695,1.1073970742691974
5127,9.95388238625643,78.63621093984206,16.084741696302284,1.4844863565943305
959,23.610548218116868,57.25933305537768,8.944274834175019,1.7902763446310848
3851,-14.225727110057012,30.329874946285127,14.767293583258082,0.7999982163066961
5316,-20.569321846609945,79.14145236656351,7.940648827473701,1.7473048338593744
3724,17.63132624446105,38.92105905969773,14.054282818622127,1.5103052254355733
3830,-15.535726041513026,42.362293741146665,14.272357208777937,1.4579060799714052
849,-17.581969134676758,100.85531723115169,3.073435481547519,1.619397817954777
2740,-2.49381793022051,24.053177243715048,17.631791645987857,1.472628798128226
4924,4.578368005609986,32.41089176846373,19.226761539437323,1.389329183484341
3781,14.877269083410507,65.54976775049052,13.99791369521602,1.5195700148833753
2006,16.57945850979625,-5.70872645900598,9.554365913276348,2.9486920130036913
