source_face,x_mm,y_mm,z_mm,normal_distance_mm
1725,-16.29410776629647,-11.702587671606196,-3.862437262321329,1.3001755252330494
7666,5.042185535383628,20.367337655214488,-2.979285178377838,1.4041607704742556
7772,10.300068516533786,36.888595144629065,1.120233588411854,0.8000003026308476
2977,-22.501020327579212,17.43355418585302,3.7709526583431936,2.3833924038375116
5552,-14.425096952411163,14.906397691298533,-3.723375309977426,0.8000009959167456
1520,-11.435929442411338,9.720527893130793,-10.325599264778083,1.2977408719665755
2749,-12.044211869229118,34.871984637952515,-0.8266737226103352,1.5497783831097571
2100,18.6996348072667,73.0281483581861,-3.572684503038049,5.7945419944281635
7162,11.100094113091014,51.66652596265944,0.007291671124807775,0.8000005998368249
5895,22.159335490083926,1.15094965818351,-7.33241984640105,1.5128389396621094
7403,-4.800125966708036,19.22765824928523,-3.8031298725317897,1.5128873269218703
4402,0.8658443979323134,73.49093874924475,-1.8326014243620965,0.8000021686192028
2831,-20.23859583351372,8.383285156666684,-10.17835744299471,1.4625529936237138
1418,-15.544178971729146,28.995678644209246,2.2567849167083014,1.4725705800683315
2699,-15.201738228079382,71.32136413764329,-4.6485389266533605,1.4316583439333426
2323,-20.069462992217858,23.888977096731303,1.8833143217563504,1.4076356177086993
4054,-11.40521399077401,88.30130328484324,-2.8402992599943,0.7999965535330078
901,21.10012247813773,67.29989954330712,3.785158082045757,0.5999979114258139
4820,-1.2998570151688946,78.3108480912131,0.7665869564352112,0.8000004375685974
4664,-15.57557943478774,70.67627294553705,-2.730048866264098,1.4651892714164139
3975,-7.490872885785876,72.18428065489334,-5.273172524846999,1.4979434915156944
6466,-19.89603827011935,44.20938760673412,3.8172191147460692,1.5043983212898027
1463,-12.492420212731794,-10.77072658063586,-7.971603831236031,1.2120586266566595
2121,-18.823340904952634,26.36957001464357,1.9118490942008461,1.401736154036888
4478,0.5779038379056259,89.3944364522886,-6.997711856344925,14.903494561951048
859,21.07276759646021,63.81362175511287,6.18388466368415,4.999997273060486
2176,13.904508536983322,66.32851560428955,-5.264682131886628,1.4488615589705884
5699,22.593361578567603,60.97263398627604,1.9235848869885377,1.494365962114827
7776,10.67449356922462,33.279693340840026,2.777731618759847,3.9961304282803694
4962,-15.472180278270185,100.77299855058727,0.015049709146212509,1.5083403906479667
4795,1.0224053458541569,87.1548430598846,5.285524805559998,0.994870928233033
2090,21.052603074359887,43.96523217620988,1.2664587996880161,1.4721079517995033
4672,11.100117973402295,64.84317698392509,-2.547665659258067,0.8000009759932932
2076,-0.3613417849754934,48.69389397251909,-3.8799841257052474,1.4827641529037572
5695,22.726471557252985,40.159164082849415,3.3334978750633995,1.4954772861971481
7198,20.600080040766727,43.345313180901606,3.381105519562764,14.693127321006392
5788,-15.317631252493571,-4.618250225923713,-11.677922438386702,0.800001227937218
4781,10.30017754800473,96.85074686013913,-1.6603947792765452,0.7999986864332084
5261,2.8081107936364367,100.80631824715668,-6.455419764614455,0.14592666586259553
4400,6.286765141950398,73.51466040924674,-4.307852852370404,0.8000144965110092
4851,22.100046833406907,24.94112064936717,7.532315522261895,0.59999879878823
4537,-9.684863136418707,50.38480294995486,0.9415985389861505,4.571064268802238
2139,12.81936022126339,94.16513809183851,-6.973739663934675,1.49048672082962
4624,-8.777617174833459,93.34075814031702,-6.130477051278156,1.4526409980357757
4649,-3.5873136702871893,44.13385983199596,-1.5997493300946923,1.492578557479107
5371,22.72703526860893,34.10128459840873,3.7735457316210836,1.5418870690342132
2184,21.09303635134294,68.52470978590635,-1.0961012413156823,1.5006498073246666
4714,-13.997293665948288,72.66523976543857,0.8481291365841152,0.8000005085095788
7786,-1.1037626229316027,27.730838178655013,5.750848375623303,2.042586925626987
2615,-20.283156193241922,63.23262707721352,0.3596569534891426,1.4735393905466776
4788,4.664977125175415,89.52498429314284,-6.606663931480349,1.4094382324254466
1447,-13.67437616797583,33.71257287992398,1.415446882848589,1.57421502977745
439,17.377553443068866,12.723654435697577,-8.432661039323518,1.5177025783688562
3890,6.579366739370374,16.69928931916608,-1.700336212123137,1.3579033167831145
2314,11.61680572523146,-10.018041101870653,-5.792697501343496,1.3772768159416016
6163,13.983367230217716,69.19628193696238,-4.001444900922221,1.5234443849413664
3571,11.91425219203552,12.957335473586108,1.6431190897147805,3.052838191373994
1229,-9.541576748272693,22.044868781327484,0.4204108629056757,3.3677580236367395
2763,-12.238316982695874,27.119983796416403,-0.5425604747066304,1.4578054328975885
593,-2.7254088434606305,100.04944492962571,-2.591873845346519,1.5499996227608703
2077,1.9464354957725103,57.6324616379102,-5.295401887722694,1.4977843230819223
4403,-0.4998626008887836,74.8568887048573,-5.665355685543646,0.800000464573983
7778,11.100074666436674,41.13067591328927,0.5273543835989525,0.7999984871025251
2680,-8.644147158255858,24.93197423267469,-1.6887240543650637,1.5577363715556558
1521,-11.394970088365644,13.0001382736042,-5.707144800606583,1.3153461175736092
4696,9.690461816917754,56.98088792293902,-3.392802372651427,1.494556959313864
2800,-11.472792786266046,92.7949521235462,-6.948695383021006,1.5036304527727227
4551,-0.6521999701931334,69.55375650561047,1.1253453184876698,7.889740214551596
7764,5.1980799455998685,34.26683579996214,-0.21884638949497806,1.507566548405959
1855,-11.563975918484894,5.175367336980804,-10.965688204945307,0.7999969619945633
4630,-1.607574035447373,90.76480081907381,3.927123468798945,0.9955086621206836
947,22.592435575759833,54.38165134384707,5.451702217528991,0.674394368709422
2481,-2.800723935665561,21.919667301078828,-3.592853583397401,1.4671329733942822
5906,21.778790361967125,1.3716961453640184,-8.870299574045282,1.5498668919891603
2063,6.115328489623513,17.732429742806875,-7.571004841436297,1.2325812575252517
2690,-17.828924401811513,83.33620918187994,-3.1038567880802392,1.4645714756531067
4024,2.040945886326017,72.66895295133605,0.45659066601231113,0.8000023834129083
590,16.36822430779869,100.01935980529261,0.5431285377865848,1.5500012246092258
7745,-0.4999548166372928,24.992568441250377,0.5817237151323346,0.8000003296975035
6314,21.641908118461895,26.81693653065401,4.701121840680192,1.473146037153656
1375,-15.878673501113216,15.704273978229487,-3.4976544037789856,0.8000005025918805
6257,11.343492927208418,33.25756390514414,0.43273142713993135,1.4943534099772413
2082,10.717179697343282,51.527232580612605,-3.8795145026340783,2.478306278116812
4606,-3.9245009743935295,88.51511977356935,-2.890746034479442,1.0528880477951221
4786,5.519942882573907,88.32816240065632,-5.645352820256757,0.7999947223684037
992,-20.774010638568562,19.980870308886917,2.6061120567336515,1.5148478070403475
2740,-14.258392618124528,81.6625002574957,-5.724343935580659,1.4756363882824604
2103,19.646992273711426,26.348931597004867,1.4680644050943874,1.4330876861905484
384,12.996057895455342,-2.925719951044428,-10.219980698915684,1.30326522732002
5362,-19.9229401593351,-5.618276366488901,-10.25194561893272,1.3369787040278607
913,23.02544490319643,43.04974506902916,5.754845459324164,0.716832998077885
2059,-3.1318459075599296,31.013804580691506,-1.4492390331188822,8.722320978677317
1023,-20.703727970312894,0.4421582168055638,-6.525386444385558,1.543101537641337
6219,14.405295381978462,47.11751307182316,-0.8435384181066113,1.4750294641921544
5549,-20.011999010452094,72.49801125825127,3.6823644696389684,0.6967617183725928
3288,-19.351642401424062,81.59581088955055,2.6570836206522577,3.350058880920018
1989,22.10523834483635,29.458577206807014,3.3955344058972967,1.430748231038097
5497,-19.789656544569898,68.22747334203012,4.767426704778308,0.6000010519687151
5404,-12.379791635301384,5.990484161179207,-12.539126365834417,0.7999986285684717
4672,11.100114357306236,62.753729663824096,-3.8870173634550085,0.8000009519673329
4019,-0.49987416232202014,68.87793078117764,-4.606841915150404,0.7999988246714631
7069,-0.3882683004029651,32.83233373383003,2.5496668837956107,0.9989458814460811
2841,19.831477227082473,8.266436315469276,-11.749430927163026,1.4807401444147301
5733,23.781134964339124,-2.153729423622598,-3.3407661909044846,1.4498662227620158
4049,-14.229095831710694,88.27308058033034,0.10473307295418559,0.7999963491839973
604,-10.998157955815401,100.02207428559896,0.2651460801792628,1.5500018498370138
2578,-20.05293930503211,81.25683007334831,2.035379904574497,1.4677443376053632
6619,23.07053916069973,22.627431891682942,8.425887533141886,0.5999950295211376
2683,17.542644874756455,8.367005043850583,-12.600406950264713,1.4870036556426134
2452,-18.378347660023824,23.925771106707934,0.8454768412628714,1.4268820038309025
6843,-0.7963529555343452,18.19013018206783,1.6199585422643294,1.5802890957251239
2739,-13.848817871170148,73.85980740973338,-5.438762717553762,1.4405372503604466
3895,9.194361324894468,16.758464486126712,-3.8886238986726043,1.5617503050275483
3891,9.625946921745,16.58808739201029,2.411199048780506,1.3856184612584568
5228,-22.724886339033716,6.135383770453366,-3.183495274548986,1.4646748661354445
5056,21.565421289527283,63.483694264249465,-0.20572607416219735,1.4848578783512565
2084,13.734986507059755,44.012753450909436,-2.0885388645036493,1.4826566878291747
1389,-15.005579878448527,15.133591209430437,-2.746465359559039,5.780191308158514
2792,1.8425092395219553,66.63550700722084,-6.402968499224807,1.495292826217444
2737,-11.636243916864299,65.24146993445616,-5.316278135800341,1.4506290130703074
4445,6.497485660672291,87.42272770512616,-6.5038494957322825,1.4218403563640403
1955,-2.6720078943311893,85.24680262886015,-7.9863444474383805,1.4922799224256296
6506,-16.626027281009197,31.24095408961896,3.1831228203722484,0.8000005540053751
4480,-0.5783834704528301,89.97848276569037,-4.930868037028838,1.0188963570192904
5015,20.20274748045597,94.33711664642419,1.5698498462335047,0.5869041404298675
6565,-15.404993520112297,43.83527188587052,3.8359869325433014,0.7999982209115067
2741,-16.751992930782745,87.69656107243225,-4.07932340545728,6.887148238332568
1028,-19.932819300559373,-5.521963898157272,-5.8144667685281775,1.3101307411496106
1601,17.246716757931303,14.920910350764972,-5.243134758366568,0.8000030184530674
896,21.6833680813732,68.23406625324773,4.071439286464409,3.3089596490679445
2123,0.5981176081700781,26.9228358225264,-1.6762132616237149,1.4928140492155755
7671,7.61888327532889,26.63340331908305,0.06918261578386828,1.568179503425783
5144,-22.521982353384914,9.110686156756387,-4.379015546682377,1.5036347751334713
4853,11.100175914766481,96.69671006550595,-1.5071988393915594,0.7999985466695411
6513,-7.874418352501358,31.267617489903667,0.40010664577261856,2.1529119897805886
4781,10.300179345436293,98.34892789250743,1.0623433726131253,0.8000000848832164
4634,-3.3226776119968524,89.80442386855452,-5.81008271167825,0.9863097311815131
3558,-10.115341029911464,-2.507143162449431,-11.48645454912475,1.301709089965914
2087,17.008258952208987,54.602896713671115,-2.667187226248243,1.433272473762907
4012,2.5519443207661254,71.78268873630225,-5.482817766453142,1.4923046181981061
2463,-12.98036919349222,20.503210328554307,-3.5620718842954853,1.5091658910192571
3651,-9.883776883057557,16.207987539837163,-2.887208191458406,1.5190169530479058
4423,6.32788243625337,75.19845347846191,-5.735672398614557,1.4613624638097236
823,24.315442155520614,11.388671925552341,1.0446508305937732,2.6976594293457863
3748,-10.259953468772942,15.092469139632385,-9.21490559911341,2.513062938119098
1849,-14.481239508655456,14.679078392227341,-7.132356837963738,1.4430384361089623
2689,-17.566311361706703,82.30802590042924,-3.4479258781258775,1.476115870122569
2977,-22.243979539827908,18.536137971186474,4.3663091164793,2.7907102752583492
2456,-2.505634147724372,19.85791150192013,-5.36945240283994,1.5227147597077746
6196,18.675401596092115,46.92889872529332,1.007514710154776,1.479693930828979
3895,9.322122855733548,16.639055593146992,0.526652682535907,1.3618922523970323
867,22.073861056199977,63.165590058938534,4.793764668948664,4.002180569901341
2992,-11.327208465357543,-0.6550135375394172,-10.46330305320807,4.622631396121934
4835,11.100159481273458,86.38156823094224,-3.9653729377892537,0.8000004627803506
2788,7.504811361116097,92.36500852818983,-7.942196413210718,1.4202628867036695
7764,4.561434459963477,33.857812059141196,-0.18533448972145736,1.5082979557594716
5022,15.841609634396892,-9.83052541300591,-10.48901242044691,1.2409133232474088
6488,-13.1324999351638,43.06740157568015,0.478445537478801,0.8000141185002356
43,16.274968596755144,-7.497145122357743,-10.70209513830137,1.2745298868019512
4877,-5.188287492199033,87.47461025330826,-0.06083773724047151,0.7999974421376668
6494,2.3818410137977235,43.05900548759697,1.353262723972267,0.7999987515296431
1563,-13.16706448164311,3.5066063777248124,-13.03466518829568,1.4834004559147893
5719,24.559335019823926,9.763324622148389,0.33738521328707893,1.5547820191549688
2014,1.503672168513671,35.69655544060058,-1.9606451918212344,1.55956770303353
4620,-6.0663502849923585,98.5066799799028,-6.339458061360528,1.4744082583547982
4011,4.42755169550319,65.09195823178473,-4.681340935900637,1.5145554658271196
709,-16.93531302904979,97.60879339912344,-2.2898514942948487,1.5183882083993558
4996,12.262433852029686,-5.586051047190379,-14.133492938889917,2.047772620394809
1017,-21.10742557180524,12.695605110436265,-2.0040369353346073,1.49232584613688
2445,-9.166810875223742,23.230767746253626,-2.322410325183978,3.044993243103041
4881,11.100168293270748,91.70478654574542,0.8447985238475684,0.8000000306001281
3200,-20.68832544626396,44.18793726153852,6.270947327854088,3.893534583477353
905,21.700117111206055,64.27472332511707,5.305302632399753,1.199998140966333
5695,22.6278487106994,51.54542658063709,2.1844455686772797,1.5545862934164172
2774,-16.747180016472246,66.19369045178502,-3.3596705529828594,1.4854103937317382
4868,-7.456788521659614,84.13599111378527,-6.135346159024285,1.517469633722064
7395,-2.584694917774048,21.88387129472124,-1.3415517693723422,0.8000000062754178
4834,11.737567667214062,87.50716991824561,-3.4602377537777107,0.7999962367499857
2581,-21.02903940788598,68.57966824447634,3.2728432627418607,2.1707771674190104
2413,20.37159092684044,79.47837837080138,-2.0644298829537355,1.4975392827567813
703,-17.585668803341925,94.71831029954382,-1.941308681783382,1.4894727322229628
2108,-17.809949149146668,45.41366920213733,-0.01317307681083435,1.434317801354133
4688,10.300095652869974,52.90944527847835,-2.6570547720340123,6.110159196850095
4778,9.268196784679198,94.54428860355878,-6.28105098274334,1.5254950498880253
2637,2.3252518445404635,24.638381981350705,-2.202833955219843,1.4850007734321264
6191,19.274293027302182,28.038847735492446,3.2518812353346918,1.528157479174995
3637,-10.078985222824071,11.569574919869485,-6.263535728315421,1.3096263267666644
6877,-5.687827798781862,33.17531071900457,-0.01583567985251974,1.5179153081665364
2768,-8.140580581822164,90.55347957900722,-7.671526872170871,1.411507894439213
4812,-2.856431073710381,87.3434631848738,-1.6402337753263767,1.0347240615046078
2167,11.632066240582049,73.99078203122743,-6.546266937777526,1.4285632954403757
2485,10.987572069208467,21.060452614870073,-3.6412067818981755,3.7241452458400364
4400,3.9131699944072396,73.47978552725735,-0.6696487005970762,0.8000035645563418
7662,0.650637833426569,20.954917276791075,-2.5075662435687134,1.5382799091370118
2817,20.729252931769185,1.625179668099138,-12.894545406441676,1.4478901905861743
3378,-21.962777101127312,27.340886473049682,7.453064792586869,0.698773358265904
2818,19.927862616630705,1.3341147564239733,-13.370012079480041,1.4405974667483583
6723,-0.4998233140672582,96.4251665023101,-3.173969364748526,0.8000001142552665
4560,10.718717929154238,85.84279155182175,1.2814862256078843,8.69831029054357
4995,12.310343274586682,-4.53459175560135,-14.526990580276216,4.750837360504119
6574,-2.316490172197832,43.88614372122667,-1.4697242189982866,11.223362731547724
687,19.46828725521032,98.18539602728725,0.9886662686521972,1.5197921035716497
6252,15.432535143665113,95.00674803320658,-4.002004430656876,1.5587580922330095
4774,3.8640218902921686,91.98917028665853,-6.6550211094640925,1.4299844062498897
2746,-11.212142603123837,79.78483196022239,-6.725979733966747,1.492059752260328
2084,13.625211132927662,51.25296189980189,-3.2701755342890277,1.4607757163433384
3925,-19.349408342155826,71.98095745431105,3.7779112147761365,0.6953673403207818
2394,12.364771265487784,10.853022707262276,-12.37128844471819,6.306968482134311
449,18.945371391388434,6.447176020934578,-11.189630104411592,1.4756560972652881
1141,-13.056227519404906,-4.5409261820231945,-10.63540778466673,3.543328355952903
5684,23.431737380766986,23.429764179888696,3.537270604363803,1.6046948777365597
2020,-11.543532424518204,19.32822665703356,-5.025715375019299,1.499016648557895
4423,5.2902672788711325,74.64732504554817,-5.709980771321676,1.4632845906851777
5633,23.37826782029591,-3.2676662637910354,-6.003754935516442,1.3724865750716946
4054,-10.552502332981929,88.3027978743017,-2.996105161494462,0.7999950719762154
4402,1.222941752926142,73.52546091939254,-5.434033279972271,0.8000037910081412
4023,0.5632336426474146,72.72447956020605,-5.335609566259065,0.8000018617459657
7608,18.18449436131083,31.2316541270507,4.146756737744347,0.8000027955295759
5168,-20.361240971930872,-3.2083488954504644,-11.152902573890566,1.496988311710865
4625,0.9126052525390699,90.3405872438615,0.8607262890534693,0.9949994059673803
4649,-3.0818005054673363,44.69607615407884,-1.7042646228941631,1.4866492477669182
438,18.41860096626916,13.384142464010067,-7.594635242239469,1.4672536058188088
7667,6.444263076187976,21.084737573418696,-2.257439860992843,1.5263127715167042
5385,-20.6181799806143,-2.8440878504541125,-1.8749447576206393,0.6841563839883914
4010,1.0504906589006187,64.87570685174518,-4.698981211981379,1.4802838624072419
4781,10.300179125238117,98.19511455950189,-2.3719352051031826,0.7999999135615445
6336,11.657754346029753,81.06467111949034,-5.579275852451952,1.4986832940782482
3980,-1.2998827417355363,63.51155197026977,-1.4921528610197552,0.7999995963550202
2680,-7.377482866495479,26.18197965370284,-1.4515044072884105,1.5200559939966762
2684,15.440410849762028,8.812839959020238,-12.886849545141592,1.5011015491998991
1846,-16.30039772515641,3.9906682000457225,-12.291350039499562,1.4749449479340364
6586,12.512042030862427,43.87806709454591,-0.6351784594266309,0.7999696738770482
5643,23.885690201019433,0.9448542934878357,-6.0234082528071875,1.4582412901078385
5315,-16.32634360006632,-12.033362119404154,-6.4075149119920844,1.2199487558759605
2797,-7.40698090929856,73.68359304351401,-6.903201243633298,1.4610860667772492
2559,20.684910292046805,19.878738467482414,-1.7713078886987799,1.4545386509578413
6166,11.279993402317318,71.0757689423743,-4.890176009405517,1.4627917569385902
1903,-11.441363834526195,3.311337427167192,-12.758355059295058,1.3158136098434814
1056,-20.245351943382623,10.466828642284407,-6.301847348038086,1.5014518805944614
6131,15.890936756577423,70.59893395749283,-3.443626004917268,1.4307106604246767
4613,-4.0705803913347545,92.46712477616391,-6.619671855047056,1.4747607600295995
3969,-9.199873746864474,68.81673699271988,-1.185097764864592,0.8000000157694689
3997,-3.186696313928806,72.71710238368534,-4.565267167193947,0.8000071584141487
5347,-14.350311360016132,-13.622813621859182,-4.576488976136077,1.3062441899152322
6073,13.440612695030598,-8.917019914164317,-10.122684778719389,1.3015294021357688
7045,-1.299935146238116,35.73903632397749,1.5206461376822256,0.8000001697121155
1436,-19.878310997034845,24.033500330790794,3.8049002432829893,1.4631571659020401
5658,12.31444866849316,-11.597656802814363,-1.5949149033380121,0.7016939204028763
7152,-4.259092453560308,43.77296325221781,4.378380040835725,7.432014342810808
4642,2.9999451882463024,57.87523055905717,-0.2691687624791752,0.8000005863280208
4090,-9.999834791375976,89.58473465385346,-2.0233269840752977,0.7999999197881433
6543,1.0785709129242922,43.87714098153549,-0.534968453071812,0.7999983177499783
593,-8.037819376724142,100.04544798514702,-2.174053486021762,1.550003717710302
39,16.67715383556113,-5.217153596475302,-11.947561959229834,1.427723760716412
1600,18.182542781507983,14.905839277990568,-3.671272637431568,0.8000016211204937
2524,21.869536992652584,-0.8826169951122254,-11.84524908015885,1.489390051666648
2536,18.701039139691286,22.029396874701078,-0.9521447699262426,1.515997192126137
2703,-9.506359177661945,37.12523610699685,-1.582376926752568,1.8033817750789818
2140,14.413881029303838,94.39379618695898,-6.382917206291756,1.5178040820756507
1849,-13.752126275885509,14.605015942888365,-7.382191560812815,1.4213995855658903
5932,23.0133912352705,13.365871436634343,0.44087069732942324,1.4234415814077488
2759,-15.177072688505431,60.934459667860224,-3.5916233041296,1.4294765162379925
3236,-21.842325666367636,32.122109077332475,6.508006674096896,1.6173211162954528
2109,-18.550393974209136,37.564277344125756,1.5101494826684436,1.5022509441535477
4558,10.615890920835248,48.22566806351041,0.9209022220389051,4.2991393641454945
7046,-1.299925785368349,41.104363704135196,2.0284942486148645,0.8000004827679226
6984,-2.3477119747100903,30.454799276059823,5.250765391379747,2.000003887296089
2165,9.633079088546278,84.18831714327779,-7.579075782102272,1.5039647638601241
2159,21.71751199993205,34.845464944461604,2.8091501679501576,1.5097637231334062
7384,-9.999969107708669,18.810470435280173,-1.561783488114958,0.800001206432878
3922,-18.402584134929793,83.6009284421399,3.0229829969292177,0.6847418915940786
6836,8.82894005310044,73.19762424450495,1.1602742614355113,8.044697623471484
3980,-1.2998887498762572,60.23086260996632,0.035512424359048056,0.8000000156064825
4716,-11.396307970594256,72.69323698464363,-2.072934718159077,0.799994461679126
3982,-1.2998855858347396,61.94301537341445,0.7936025041307477,0.8000001754717403
5056,22.131418698080793,57.80432465055124,0.939274606690264,1.4893708280706868
2988,-11.588964570630038,-14.451612404503328,-1.440663653579903,1.6265866000581137
4751,-11.945588106619663,52.57992028755454,-1.9585401895181949,1.4817789266286803
5262,2.738784571030961,100.60278887732552,-6.46380338026122,1.504432219546455
2084,14.692895909467676,45.187990981996144,-2.0011622806063656,1.466168850703037
2759,-14.658797242061993,58.11296479254041,-3.491059732318459,4.937393587387156
5695,22.994080750061418,40.29875445731487,3.6643337994028276,1.5204747005885206
4877,-5.70379732536728,87.4851786238612,-1.163358404517648,0.7999995284680423
5554,-15.445895063466192,14.9293604365194,-6.118847653658996,2.5775231046486655
644,17.151299086009047,102.2553479558759,-0.7677389730909825,2.013302655061085
5203,-21.58790443241067,4.672617896504109,-9.202600501997404,1.5194672921117025
7802,2.181915852716584,30.891768140250836,4.938953268203513,1.0731024560087252
2193,12.19770414180668,92.29147875936964,-7.219606607264126,1.468819503928315
2454,0.1334145714113153,23.441613459218324,-2.759660836306134,1.4977223169933433
2275,11.740155127337307,5.194917978764824,-11.755041293747631,3.4155947781461444
7375,-7.3091243266515695,17.96035113477756,3.7823658840825023,0.6974371394845076
4024,2.126490138778642,72.66800429522567,0.5555335756159494,0.800002280348555
2036,-11.234607408670707,4.104540094845281,-14.698648299859723,4.8520258009722985
4740,-16.68906324885866,72.35494644650146,-2.075350567842389,1.4346975606867778
526,18.872058885790747,98.32429872521253,1.3549718561529995,2.572623787341097
4084,-15.421194972291936,75.43642014232485,-3.0868668639291634,1.4946035589483124
2085,13.854713273102949,57.18669684305503,-4.162246368840024,1.4653157250786084
2781,-3.4705261456789875,43.16098307560684,-2.958220107555931,4.430742130425805
6837,13.660012548912013,24.553855461664597,0.47002738454909615,1.548684359370185
5004,13.99585634356094,100.35334666846813,-4.264868684309543,1.4835985807321745
1432,-11.444452447073438,24.584662840944965,0.34307537811858996,1.578232084291056
2191,15.73182575499626,89.86473573809607,-5.845146767317436,1.430014130151949
6728,-1.2998305573893751,92.24307684308263,-4.3921401738997625,0.79999980429071
3975,-6.611206864431775,71.42058361323457,-5.28321191621347,1.4911549669828694
1018,-20.99320124576272,10.64768704079794,-3.641616481518251,1.5075435528754177
2076,0.5181271323392839,52.11329673549453,-4.425568470773254,1.494083725763485
833,24.246764417978827,5.404893190834613,-0.7885715423841151,3.554926278279143
4426,2.0511035628426555,88.73397427558587,-3.9739345773932544,0.9861720141965304
7773,10.300062866427467,33.91785317249019,1.2800720891148405,0.8000005388368326
1529,-18.257933773437617,13.3198250904108,-6.801147988846335,1.4968230128986113
4077,-14.96133177675623,77.81099560757504,-3.4777879228969537,1.5535006464839067
6461,-20.636465677504585,31.787410969380442,5.73303270314738,1.4641302587735858
2327,-20.553791676815898,28.575274254515772,3.3801557273309832,1.4941345961008572
1341,-19.627431171021094,38.4767201562528,4.062854987785815,1.4612852279716493
6835,18.264983277989927,94.5599259464987,-0.1254336832568476,1.4953842781566542
5238,-22.13692570812605,-3.1778708422005395,-2.1264272362380665,1.5560756722814055
2577,-19.18539464306059,88.94903898290906,1.0975028538569003,1.459076835553471
4741,-15.779907338800365,67.06741763321484,-2.2864700489232557,1.5039312471331336
2703,-10.905639552928676,37.99130915173849,-1.4395631532349076,1.5169453687954366
7381,2.228828494021501,17.96333781487205,2.685699553586682,1.3823678921755447
6163,13.35626475698032,65.72971998580141,-3.8543853383425533,1.4297406158794965
4918,14.992119534704594,-13.367985381458636,-5.725034777736056,1.3019675187699626
6523,-9.999935906789105,34.54039062455684,2.684143908742996,0.7999997189421719
6060,18.189139929702982,-4.61981206241861,-11.521209437912828,0.7999987826827051
4610,-5.244677873618394,92.70251029356614,-6.55681146090386,1.441141110032878
1141,-16.757123501906356,-4.537626109372712,-10.63537622607421,2.7532436853807374
708,-17.746529421151855,95.36773617189348,-1.2781523230941025,1.498569844607456
2774,-16.54005903274095,61.81726954680827,-3.043112221512084,1.538945957778385
4448,1.701170675094022,81.69565824564839,-6.30076384008694,1.4546220732970692
2700,-13.560865737225395,66.63204053116834,-4.952595975676151,1.5148674700745877
5628,24.12855476899798,5.368037183631515,-5.281507181424326,1.5097721418848704
7610,12.225654950857663,31.26323318138517,0.8538992199891215,0.8000059269685026
2164,8.252069684044768,85.04864078066615,-7.740399854970208,1.4547928134788475
201,13.029812297873871,-11.359843090353609,-6.179045806138351,1.4039858588302145
4037,-16.030672299124003,87.4951441695898,-2.2006752957165965,0.8000049742994014
2082,10.993804449955444,39.418059455196534,-1.9041459248538612,4.122115695794333
3972,-2.96742115080024,69.56818652283103,-5.200060139396934,1.5326003174247638
612,7.896319809960417,100.82656866130887,-6.647224442449078,3.4146789841544782
2781,-1.5163193169326705,41.047401282479214,-2.6555821306706378,1.4647125970914174
7616,3.4000554002716523,30.74720509493045,0.7685642188856647,2.2085734900911866
2440,0.49332829610603285,74.90428292029557,-7.223924349632757,1.4509107834329207
6849,-6.470680105316736,18.075916078413364,-2.2921158918722657,1.3601062581675398
5234,-20.91213331241176,-7.579760317739577,-4.552805154239229,1.3624086290367399
2732,-5.160439180195308,34.29069258474194,-1.7060376566447266,1.52496754025207
43,16.88630049195474,-8.157846063280646,-9.931226803676628,1.2599769604478925
4682,13.775779375337772,57.87209579328153,0.05595071867903517,0.8000008457212879
1597,13.789375064714193,14.880756904874405,-1.0533326201487068,0.7999993332255073
7730,-1.2999554006993974,24.600881239017774,-0.3027357258674418,0.8000003400900574
6770,-5.591200809701278,98.50442989846917,-3.118879991328096,1.5499993047462601
4797,0.9169714979053019,86.82530507448327,-0.3777918780299703,0.9869475601955313
2175,15.049449394790237,63.46528040274753,-4.60218468221157,1.492265274489131
7702,-1.3691911430660897,33.801781413787,4.594630640329334,0.9600564519041246
2343,-0.8168108753307047,99.87207079144093,-8.003295489559234,6.122692201216432
6225,13.49669743802811,38.091567903111475,0.3338129822101955,1.505647741077093
4025,-7.310846226402302,72.71944361169305,-4.808514562394922,0.8000038404229951
6565,-11.68401368544377,43.83614165698101,3.7446837200431613,0.799998310059736
7045,-1.2999311391049002,37.9514445376585,0.3297202625283804,0.800000653361493
4398,10.170528320224518,84.02850398481377,-5.998860300516449,1.4626310456683722
2096,20.85076294688536,58.118639061285435,-0.62364939202521,2.364073801300904
2191,14.848415560999925,90.32983590592433,-6.291564939518745,1.4738039771786067
589,15.138443804784835,100.03651710683856,-1.2464445534298998,1.5500022814208594
2164,8.788669335647745,87.12142255887412,-7.736050688154416,1.393767456926827
6657,21.719267079476033,-5.6034835654293405,-3.018599299554106,1.417419515894621
5061,20.59580303279463,91.82470644753353,1.7576291401251836,0.5888030200214245
1955,-4.000789466320185,84.43006929711481,-7.9193740253029805,1.5044820524437694
4789,2.7939337253551986,90.5257896261977,-6.647286688814184,1.4480365298082913
2086,16.722501569669834,39.61059336099783,-0.44230348162134825,1.500995066668017
5669,24.08345209913244,7.074660076375278,-5.342259921271292,1.52890347238217
4718,-12.512784009027605,58.66341795571866,0.9705554762148437,0.8000019038544625
2149,9.355895347792991,99.8451530432013,-7.534479850802212,9.01720424374386
2679,-10.928818997513511,24.48768975334205,-1.4335076208116564,1.4906180579242638
5992,13.192514149261399,-8.905027243651658,-9.948906608543208,1.990061897405267
2794,-2.581002131258257,65.73248138460674,-6.278346185518932,1.4924910220083187
2151,11.519888572704614,34.734220810940194,-1.2352055739358727,1.5470983125385973
2082,11.336969658960506,40.11237412042083,-1.9553411795855078,4.936822796882755
6819,20.422540022840085,78.84210777526513,2.8051316755782127,1.535506136551674
5372,23.699332146303245,33.09870722312354,5.192664009124447,1.4938152139444634
4433,2.2726192114495842,87.46881924385202,0.5423832250880867,0.7999948370787272
6474,15.315700613992792,43.06876335490996,0.33245807257859167,0.8000007946123799
5346,-12.570536857874808,-14.083168764128907,-4.465213101695638,1.3500366974425
2748,-14.146255562270543,46.63492269099069,-1.9437920294574702,1.520162997620992
4692,5.084682327959759,56.53335864369023,-3.5947831816669007,1.4802200231817566
5230,-22.61754776049745,10.251197281251821,-3.221293461078056,1.4871099132376167
339,15.072241835520856,14.506990914804396,-7.522352710874776,1.4281768168118112
6211,16.094881596634657,57.790897239895514,-1.9434358874045277,1.4482891390778136
6765,-9.199824615724882,94.92427303733695,-0.6246114198571392,0.7999988701640608
5413,-18.899974822998047,15.417513553027685,-0.8661345483529012,3.587727612156845
5665,24.032323022826418,13.239064214194485,-2.749041347078388,1.485453760708301
4523,-13.772211555779128,87.87460161594306,1.300961978490776,7.309258765504759
6732,11.58694046673127,98.48974800868797,-1.5907482934497863,1.5500057983467495
2266,11.689545004768714,12.294384494624346,-6.54025869227859,1.309577635400707
2914,-20.628774424456676,10.101275957862729,-8.901674640450565,1.4799874507909143
372,12.9977788609383,3.9245188310444457,-10.201887132287089,1.2894417385096475
2264,11.674386656914834,14.691030182535851,-4.725261860756278,1.3235569380304928
2529,16.26471509742759,2.539643505583317,-14.521499678900133,1.5511411667024777
2747,-14.166713772148166,49.57362511024143,-2.4006382954728216,1.5146861770291837
6369,-18.65967518880269,70.56723250852704,0.49298956009564143,1.4901919478037688
4697,-13.680977879109129,70.7396566271144,-3.706635307122786,1.4472870013170238
6709,22.86906277794395,4.234054189114563,-0.8144032785021282,0.7004969564429072
1075,-20.625190159966998,-0.41155537518383256,-6.649930815723103,1.5089734617284465
2481,-1.7028487803704877,22.412296125131128,-3.264355298836232,1.4517916176817978
7162,11.100088038002086,48.43069686396554,0.27551839298603836,0.800000418114873
2169,8.676592683171373,71.17513900125547,-6.7280077835775876,1.488438197301431
3132,-10.544105806033212,-6.825784688037455,-13.498006960235124,2.573316247914615
1529,-18.308400346514347,14.634556413732518,-5.61003817021319,1.4432233086884947
6820,20.79138675895326,74.3218074205478,3.1484391956716675,1.5574190999637005
2449,-15.194378282410916,23.568608436539744,-0.7581822027703181,1.5097928034619084
4013,5.6409725484638535,65.63617679368792,-4.726234405066579,1.5146359508084362
4550,-1.2019794471167848,68.84763529853991,1.1185766581161003,7.798853301272902
5980,21.344230826352714,2.106007117292532,-9.96582865423612,1.523871970863827
2287,11.580974313271788,-10.298970772226639,-3.729116848100455,1.4004743359296064
6523,-9.999927601993729,38.75742426824205,1.2926672020971308,0.7999996622624129
2177,11.29336965487147,58.998039428830666,-4.950486017485003,6.101966995712442
5093,15.63477433945815,-13.551850119349474,-5.0115634615026785,1.3085495573007435
5080,20.05228879949014,-4.3431862299183885,-12.580747206407414,1.663636782574161
4749,-14.355155016533327,52.13546518577489,-1.1016133483469395,1.4770599770100954
6726,-0.4998268082079751,94.4457074607093,0.9093468524931337,0.8000003479556181
6158,17.13383312847313,90.1087141808228,-3.0266559939638,1.5110390003372665
4077,-15.368507989657626,80.4778204862522,-3.3409969740165155,1.4948960759158647
2925,-14.922755544268812,18.490990805548904,-5.184766195319246,1.4846095183783852
2194,12.74777898638613,71.22688714505831,-6.09541663867834,1.4743196016519335
2709,-14.39312170107679,99.30381962731138,-4.89424542527561,7.179187861680504
6336,12.009776923128197,81.55220412690853,-5.533862169507612,1.4960991453474635
5929,22.767682852424866,2.6290048158546364,-3.805496142426153,1.4092622251740246
5552,-12.752184972213556,14.93379326104992,-6.581356529248134,2.7629592067686
4876,-8.218085807411457,87.49624544210877,-2.3175354264828547,0.8000041901695611
583,9.605712273492909,100.05528826550876,-3.2028827884277957,1.5500070601772253
6512,-7.148428311643535,31.268533821959718,0.3045023727676659,3.484488907395868
4438,10.300148656075137,80.97244560736004,-2.4079452379522044,0.8000012940331471
7691,7.406185557921865,31.240247709793408,3.252440277737967,0.7999995504800157
2496,11.883384338262779,22.634990591977513,-2.4363278882608705,1.5018128641350088
6879,-9.199922572682427,41.805703062849844,0.47279271591771854,0.8000001131119944
4692,4.269261322174177,53.20997709585423,-3.072070237696376,1.4883708306032124
6879,-9.199920124427322,42.88275053787483,0.3193116280502921,0.8000009922293864
6370,-18.712851663854554,68.68535079352262,0.5217752212797544,1.4898228546918517
4445,7.659188820538031,83.99303560377248,-6.273065336894021,1.4911194231960512
1245,-7.689277980621994,22.671854243272364,-0.08332654255310565,0.7999993119095137
7377,-5.568367909061636,17.96635601277033,2.856468825498066,1.3899905201094984
7631,9.685095269072432,21.915373790402757,-1.421848004334802,1.5161607366995562
5087,20.532683779609705,-3.4436044456794814,-12.615411759419908,1.5080533729452004
6543,1.2471550488972698,43.86557268889602,0.671880789811989,0.7999975544022573
2789,4.698774937525504,84.47496007749112,-7.915411282710301,1.4938482535003297
4633,-3.7378259827852993,89.07484001707746,-4.9189361110149425,0.9886913648349539
3979,-1.2998891364927099,60.06347755689859,-4.061102521178718,0.8000001073657164
2782,0.21185072268239658,37.812188986352744,-2.204074647333176,1.4988367232934512
4881,11.100170931553748,93.2960898964977,-1.6153101053995962,0.7999992263932872
2912,-20.33662938181215,15.174865208186356,-5.662036764885374,1.4372512336538665
2584,-19.072518154784476,90.58536842755149,1.5121218279342383,1.4832925665759173
4820,-1.2998510506507643,81.72894670378474,-0.4187928434175582,0.8000006022753182
785,23.548406873117692,5.615160253983124,-0.13442896182174696,1.0526815623002292
1457,-15.196338372291024,39.28978896109496,1.2429360640125755,1.4654075572270489
4410,-0.3164314005913333,90.5511280533635,7.826922912068277,15.995964669554125
6118,16.62004840282357,78.75782722375936,-3.510465703189637,1.542561302440464
6181,17.01756459510452,30.406723146327003,2.238620324716103,1.5028281656503701
4816,-2.6119318129851297,89.02877995114825,2.5868284420462624,0.9870159928036036
4402,2.138936524753114,73.51387936614188,-4.225937967908504,0.8000034967382498
4010,2.123172226900786,69.4341177623763,-5.22660800538917,1.5030485821269468
147,12.06521105232194,-5.026452848475873,-9.193278141014785,4.619931493189109
4672,11.100131163802544,72.15517895346736,0.6869155515623058,0.8000003416676906
2779,-6.227233762901819,60.74431266744667,-5.556113090818773,1.4897711769314599
6870,-7.7421003017307655,37.76202264151753,-0.3427941854297132,1.540361252574014
4607,-2.3932716460744112,90.60449047489061,-1.6817618722932495,0.9997956259532121
4668,-0.4999165671373335,46.45817478461488,-0.6989909861721801,0.7999973000309726
4068,-9.999845213467344,84.01042756235371,-0.056080826478768886,0.8000002139123712
2795,-4.580332782200192,61.98443295294197,-5.793119881137653,1.5117201056295384
7764,5.8851442436359935,34.05385574922908,-0.1853796789676083,1.5004577523300555
2489,11.21958970284112,17.763388289342036,-7.020016861666468,1.4651365945026518
4863,-2.3010947291218455,77.05154139102984,-5.943336049863779,1.4446662455810062
5758,10.684592096876095,17.260071917375065,4.071111111631448,0.699280930403739
4840,15.557299721746713,73.46884619117206,0.46984326450682357,0.8000031837073438
4673,11.10011791964057,65.03330030072459,-1.0090252059538478,0.8000007117995609
6897,-6.065397886704035,43.07369296167488,-1.336602073728905,1.4987510824476349
1057,-20.19257413272709,9.582582443999687,-6.891065705208437,1.490776839293724
4863,-4.9272516663446195,80.33314293580145,-6.13953346544102,1.4600497448131806
4594,-0.5878293722395282,84.80962976261824,4.993940716888456,0.9626365815511703
2749,-12.36086351578503,37.69146599721729,-1.0565003287835486,1.5149247068644383
5367,-20.708332061507463,-6.767864548973584,-7.113235938776097,1.3770798557899702
6260,18.994700835327052,38.61538853589299,2.43973005854353,1.479806038240788
3969,-9.199875087068962,67.51199079361398,-4.3892340508185566,0.8000030534585508
3217,-21.039374886949986,21.31726273330125,5.608169449512956,27.94587882579518
4724,-14.795645129595094,57.874798126099655,-0.22070870717499108,0.8000042558719466
4724,-16.361834636751695,57.872733260313254,-0.004985401617757568,0.8000059645574168
5241,-22.6018582553534,1.5233629652883764,-2.420370494610964,1.493418647729299
518,23.598209734508906,43.64074686965737,5.61141031757356,0.8838326972968158
1277,-10.106571164605686,20.211567563161463,-2.3912391356969547,1.4989746872485616
2567,-22.145927055722538,43.249229831545506,5.1302444473109405,1.5172483133120518
3413,-21.358565811770923,21.890676223824773,8.384620830708808,0.5999993592755588
1457,-13.745406720816568,38.78376186519369,0.8112856272989548,1.5299268596841598
4837,11.100138932164457,74.8615581400267,-2.99691032895684,0.8000004132358876
7396,-8.019287710748923,21.881499222229372,-1.0932663687452076,19.767856072479905
4836,11.10014774393582,79.84086031176005,-5.21783727266437,0.8000020235194095
6879,-9.199919897259583,42.99508395657619,-0.9882105794869122,5.870669859248118
3982,-1.299876986431336,66.63989901481642,-1.9129832719063629,0.7999994435427663
2094,4.832549404462892,94.969676173279,-8.121642951280974,1.463550577078951
486,18.812666047610293,100.83083019631704,1.1598682362698138,0.5625503827436058
5047,21.529608281198257,70.60810516071214,-0.18922472874494284,1.447228384959777
2799,-9.308196056339405,84.10358096777102,-7.350659649300336,1.4334078389076528
2898,-19.29042412292455,12.119104369592957,-9.091673301571682,1.4930383712640238
6272,15.58825142952583,23.809664083312043,0.6677425846486725,1.4775551366626927
6118,16.687545692131433,78.32590493535703,-3.444877047762101,1.5353500903008994
2582,-21.061317888292884,67.9572694229573,3.3183736335822474,2.230044772643492
4559,10.868560342478789,79.49992199071193,1.2206857873835868,8.329022418050677
3980,-1.2998863157577125,61.68707437330973,-2.6043096683143885,0.7999999953793108
4672,11.100127043669325,69.56575962204678,-1.9519887114232963,0.8000012084825913
6116,20.474995706730173,56.92699388945025,1.1949485940414935,1.4769600665561586
1888,-14.039169131186753,5.180095767185195,-11.45850894738469,0.7999981192348105
2780,-6.071157230050801,48.75229687952445,-3.7613285430295216,1.4849763402398948
1450,-11.174990173620053,31.460444221720877,0.9096085310115134,1.5333119550389613
693,22.05451455963523,77.36682322860982,2.986254743081777,0.31889289488801736
6458,-20.116251593420174,41.475659069042734,4.378525562892231,1.5157150942171669
4823,17.131168997509313,88.26590081128451,0.8476866865024848,0.8000014752153038
2804,-12.351328043941681,89.05371068100074,-6.61859218881551,1.3983927999511983
6408,-18.567198585999016,80.30063411578925,1.8117751444679937,1.4792936582030536
6361,-16.881496279998718,94.10932010272717,0.5105274648506699,1.493835322093523
2788,9.045067090748942,94.34555294011943,-7.85277249460253,1.520033250019255
1368,-11.126687508758213,20.619293481941785,-1.9275884064028506,1.4604845091445666
2484,6.507727041143323,22.05437270411726,-3.4301673497747194,1.5276996147508957
2636,21.805811441384794,23.05896903533653,1.546481006384496,1.44540675867268
2734,-8.022727340933889,50.84560689966842,-3.9401879085661133,1.5050844518907676
1012,-21.286023308660244,17.66647865888673,2.3157369957486416,1.462468006597793
6573,-4.891381454563793,43.86599431457345,0.6304258821555133,0.8000112016935592
2327,-20.380200994400468,27.991499089327597,3.159923860043796,1.462892795275389
2300,11.738233801992912,-1.3237699318465743,-12.703560853946477,1.2975797185275524
5926,22.983323283235244,8.17674255729907,-1.8958810899839622,1.394671166530079
6054,17.038443936741515,-4.617211704533107,-11.79228755279028,0.7999982801444387
6490,8.494813221438354,43.07826329673907,-0.6577051317471331,0.8000119267477855
6225,11.585083914457094,40.618512825898165,-0.46739491581520015,1.486181061331424
2179,8.534326607914348,61.14629153719497,-5.553621516968867,1.4831140343368037
4662,-9.999908131692655,49.628897663402185,0.896684392982144,0.7999980406873025
2172,18.73058951244626,62.11000665853084,-2.670242846420325,1.44291333769791
1168,-21.950381860261405,5.594606423300517,-0.16559271819085708,0.8645280041324997
5475,-11.791767986686619,-13.02447070941841,-3.4299882409114892,1.6725437417585038
5663,23.797681228707958,16.55858633134963,-1.1365810204501472,1.5074480711540332
1577,-19.265293711880403,10.500135529499904,-7.899547637926531,1.4343845349640563
565,20.907475502643763,79.00307072205828,3.5610144567068587,4.734410205775983
5646,23.32109439832516,-1.9339061501941213,-7.725901376377041,1.379916782097064
7596,1.9503092867719025,24.988048520501906,-0.5672588523531288,1.4804610958734032
2734,-8.168239759220295,39.88463680461146,-2.1646363768827492,1.5263730327566145
7773,10.30006746520492,36.17032004405242,0.022053630424444415,6.505925705919505
642,-15.215836869790166,102.6374487599738,0.5345006079672234,0.7983060382110688
6365,-19.348035226710184,71.49921474865468,3.017260108529646,1.462061268580176
3562,-10.169632810806133,0.9831183040120125,-14.230766839761598,6.509929877324935
6645,20.720632590580735,73.21577404189092,2.3624348867159766,1.4723667618157525
7798,1.861060350664164,29.521525927037423,1.1815635076101414,0.980798859700548
4822,-1.9661935497006613,73.48852655089222,-1.5799025409878018,0.8000042509332552
4708,-9.999882029429823,64.91901372221736,-3.03585277502377,0.8000025456740932
6442,-20.024533826965847,59.1322358739493,3.890594097388309,1.4576082910135266
7779,11.100068645023327,36.9448711729782,1.5132453864091846,0.8000001663295228
4691,0.4793721492418071,50.50144143061911,-2.6595840270919964,1.494254458921712
169,12.530948460130105,0.952801176806847,-10.453354757936225,4.673174980952737
4438,10.30015757322713,85.41872554124168,0.7659015980162751,0.8000002898103035
6858,-3.2152396923935442,18.488987861663578,-4.241537583735072,2.8991067888881146
3982,-1.299872575404158,69.04913312185731,-3.4745977924405245,0.7999990226393388
2757,-16.012773804168535,40.96037870446676,-0.2787563747110109,1.466301349747536
3017,-10.021497301018156,-9.13378880897653,-5.135211752224308,0.48878529447805624
4148,-9.999826389616535,93.57050739444904,-0.885827465889374,0.7999993442293266
7806,1.6712390288353927,32.53976062935125,3.708822650514061,0.9916618542896853
6252,15.161168347447488,95.86816176410437,-4.12020441121424,1.504261163759344
6880,-9.199927458786078,39.28683982945589,-0.36333469314915945,5.983512725389581
4781,10.300177089147454,96.50038200862,-5.703809915695124,0.7999983294282268
2559,19.848130784656487,19.79233721785939,-2.3728519233683096,1.4634750575528235
2598,-20.189553384351125,71.13054902420446,0.3518265568297733,1.4776603689994694
7793,0.5078525078922939,28.08520072189373,2.842278224135522,1.0323554372567545
1472,-12.294199003958756,5.532003834564916,-10.538852442761149,3.6924189678219306
4421,-0.7755844607142675,85.27845726247114,7.776380818163762,15.784860487860177
4635,-3.0197646879445994,89.94856540529601,6.061242157008519,1.8478784734121365
2162,8.502755817617244,30.87203568392436,-1.2434407643987322,5.523113944243859
1469,-11.392898283811373,8.468860379607314,-8.48121231245852,1.294090030230337
5223,-21.909964771246205,-2.8215935444548226,-5.590380887643947,1.376450410664337
4002,2.2582782087862423,58.697803973123925,-2.619881101760284,0.8000031291020993
549,0.27628443639176736,99.1992553975183,-1.890631606932525,6.146326954080879
1328,-4.285434190814904,24.75336058958375,-0.5058165630446536,1.5054458045739318
2173,16.780885309263912,60.415310542525454,-3.532748176954594,1.430655882738742
3279,-20.972695211204073,55.10653975173757,5.1891947084927,0.7145531379374513
449,18.63320717784402,7.672441468908305,-10.88006266870834,1.4909671538735694
4575,-5.672858732975435,88.30544487902077,-3.2737218845683986,0.8000018003909188
7325,3.4381930126176137,17.992992815850073,0.6162474393331384,1.3558553804638143
3291,-20.63248057799429,67.56557764045597,3.749166176847813,2.5582106943172356
6335,12.8907428478336,84.04261192998186,-5.389105604402005,1.4297224210771802
300,21.562854454919226,12.24173131683816,-5.829074753468438,1.5143985106582751
1751,-15.590730304289995,-4.838097701533906,-11.979779241510652,1.435061886744475
2132,17.66082718285205,27.72334350244798,0.7618715249002661,1.4731208595402534
6716,-1.2998309468254865,92.31893521514834,1.319652904722879,0.8000003401852049
6240,15.38078398056606,26.087275670733085,1.2393121212908973,1.4151569669948938
1957,-2.8822869541400955,87.20278861687612,-8.074633004626238,0.8027166748051741
2085,13.99003596042919,50.42855430439937,-3.035862087214438,1.4383827668649019
4667,-0.4998958960288883,57.76541696414927,0.4463648296837027,0.7999964804655465
2780,-6.47415209969539,51.99681161108104,-4.247436514453065,1.4816415415426516
2107,-19.884795544321477,42.28854141565457,1.86401291224466,1.4537604495078909
2881,-13.44640240485584,3.447737022467991,-14.526817429627897,1.4751870626863017
2174,15.701266897548638,68.65717558939411,-4.957287158109555,1.528781134468107
4003,6.651971148075146,58.67244670870909,0.02445342412354015,0.8000015397492131
1437,-15.323507357627065,32.23918266259827,2.1280396632552128,1.5047902862734863
2705,-6.969801612828016,31.415347330807123,-1.245198214765188,1.4983089807317056
4640,9.237796793583518,57.88339352299414,-1.1217944602127843,0.7999989599768912
198,12.993338006748392,-10.84446341049643,-3.457223178455684,1.4164345127548277
2567,-22.04251945088861,44.74551392461582,4.821727119929359,1.475130950986101
2134,10.341064750381959,29.614894801226253,-1.0441218343711722,1.5153924760888489
4028,-10.132509785403208,90.16319521435135,-5.8385473472622476,1.4268016177669716
6500,15.146198326460617,43.04309488678239,3.010089932116851,0.8000028925709717
477,15.49491325675291,-1.0557670975178441,-13.190687280453277,1.4963509903242609
2108,-18.945346768318977,45.270893906260284,0.6780593910927466,1.5202492765191002
6522,-9.999923937096113,40.93771038878317,1.5452056797021239,0.8000000280478774
1437,-14.058486789288597,31.478034763856,1.7250377668163899,1.5406055536160415
4136,-14.574106320122457,91.22255818835866,-3.8229463451891883,1.4717635595565568
2121,-17.90964500844115,26.4478095321668,1.4060137367667251,1.4525996832759496
2176,13.315988371304504,61.77789114568369,-4.879020934799977,1.4457375850977983
4764,7.021225958256838,95.12989819871711,-6.520278370754086,1.51238151721081
2567,-22.081944735456588,43.144742704002276,4.949767907067179,1.4662584935833916
4666,-1.4006792856884858,54.64859821774706,-3.32668871124065,1.4603480379469702
5017,17.343882374001453,-5.401641692496669,-13.284840839120749,1.4357116383878106
4553,10.368669310676342,72.54633081904859,1.1540312471291645,7.796581949283996
6168,17.911995112188,42.95810818671491,1.2079633373393013,1.5304016650654457
3543,-10.041034663651143,-12.801036360407142,-6.901302732176724,3.2324343765134333
5320,-19.578582169969927,-7.5911390267642345,-8.975211748208942,1.2984812262833658
2757,-16.612519246232928,42.50405407399858,-0.2695553657339501,1.5171479209684289
7046,-1.2999264348954152,40.72892315536951,0.3277998437979477,0.8000011409586338
346,16.140574378557798,8.003594395959283,-11.471264960678813,1.5093132060100014
2550,19.021285054697447,16.094680714699315,-6.914879399071781,1.6699889760671482
6569,-2.353674897499115,43.83778908112396,3.5708814167219116,0.7999978886826812
5699,22.6665554202834,57.98366427475557,2.040384749782924,1.485770777322551
4858,-9.199846869431557,83.10184760636466,-0.9715415469443688,0.8000002970315871
2747,-14.499792070091694,56.03201722114093,-3.2711631233690306,1.494853112823529
3636,-10.076116277306618,9.929245063582616,-6.704575695556349,1.2991351170556127
4688,10.300098337237316,54.313023183585074,-1.1240080090483662,0.8000004487523219
6833,18.73763919080308,89.39873494568961,-0.6867731031720714,1.4970744225064343
7573,8.883589281717024,30.466270811641348,0.5331606549731223,0.7999989504393031
387,13.03133026156642,11.022675093052651,-9.306996475539577,1.302549818156026
6787,19.482384319958104,77.36275654301265,-0.7087581387407063,1.509775370907294
2089,18.686010559263995,48.389951316039976,-0.9376032167116092,1.482228011997503
1862,-19.64129929943967,10.687868516509972,-7.332604767438603,1.4505446048642094
198,12.99442292233283,-10.92776484725962,-2.8105925486916847,1.4288184854871107
4881,11.100164803708001,89.64600211892854,-0.697351842078775,0.7999995667727199
2600,-19.385313066754602,80.86424699853274,-0.6799637907497615,1.5004791292403201
6274,12.482213527502832,23.464879250930572,-0.2532382611495221,1.455898772216487
1680,18.321521202830038,15.71886245481972,-5.025718351011995,0.8000027038008658
2737,-11.240548534368381,68.98834750749154,-5.875840345328482,1.514696468954132
5682,24.273009048175833,23.76557221362622,5.477203192332455,2.258574428063259
5426,-21.19632554758229,3.079517521595196,-1.1572154204269294,0.6861915561488836
6334,13.681117420311445,86.19839131270352,-5.194951465916476,1.4081777989117057
5255,10.758299325055754,100.48460713637431,-5.573857780934022,1.5424862278454257
6494,2.8922281844467013,43.067366064675184,0.48087518085397607,0.8000008236343352
4797,0.8866192667197546,86.79877322901257,-1.5830948560420337,0.9867801994524266
5859,-13.766807724393468,30.444089774006965,2.8516889548607933,0.799999376996069
4719,-12.587362612165721,58.6680766685952,0.4844581244084162,0.8000032382231173
5661,23.74196162988369,18.308442234893604,0.24925632982370516,1.519769753572181
345,13.922010008714643,8.308207651536941,-11.712143549601691,1.479437213744664
5873,22.294560347507122,17.74554053608043,0.47078450762036983,1.5264012116578902
2189,17.734575818623014,88.40483127620233,-4.572394068189758,1.433648950278625
6498,-5.933739481137581,43.06688277449052,0.5330192087956775,0.8000007573905171
2343,0.1847651253798711,100.74033067747332,-7.9699120883957875,1.500314020169593
2976,-22.88326322160606,18.57722872817832,4.385910574196992,0.778515959608582
4445,7.823912922280081,87.30104187724983,-6.41125469296208,1.4027770916660933
3969,-9.199877589111441,66.14344045823933,-2.8663561923825096,0.800001495795384
1438,-17.780509935459563,32.45360116740935,3.3288056998523157,1.5285555086817553
7632,4.295778243787288,18.276593640651804,-4.184845405481075,2.210765981278413
2188,18.546428637430623,82.91288828410727,-3.981575109012759,1.4199894368015906
6865,-8.066549750988619,17.991084319477903,0.9465956565972808,1.3628599393605518
2795,-4.318457286188377,68.68251765763175,-6.613892022869843,1.5476722309566322
4875,-1.322492163165673,79.28011202820713,-6.108967373558646,1.4581263072993813
3355,-21.844371842451693,26.217853511466146,7.547786124090151,3.302386699943479
6998,-1.0426695302629612,32.894171535535556,7.274244062599449,8.886543960049666
1491,-18.446010470583175,0.6910290554491313,-11.644390985086195,1.48402863497515
2830,-20.527419746193704,9.388948665941214,-9.457605898134032,1.4831241239730455
4438,10.300148694887664,80.8298561340128,-1.5337058683902396,0.8000010278213573
4067,-9.999839453524235,86.77426684486981,-4.35472712555919,0.8000004018288559
544,15.835188927020978,100.92685519611743,-2.521848678543369,1.4741421630467941
6198,12.479359849308846,60.33998439359246,-3.382262694308264,1.4911919449971442
5422,-21.388060699316178,8.113279849117438,-0.6355392574745626,1.5142335161100742
4916,12.753897708843242,-15.163332743336069,-1.3635902049351536,0.13901944855436651
7755,1.7838869366095271,37.14833511441572,-0.5757285652382194,1.5381776964622547
4435,7.159364037531752,87.50525671050612,-3.260185414850199,0.7999977121383721
2152,12.432418289396228,36.89423414433231,-1.326454928543449,1.5425990959988225
2583,-21.898906552486284,50.901192094090504,4.610611978546763,1.4900920667452746
4487,-2.61178630834332,87.05831079555601,7.793441778641634,2.000003817396363
7812,-0.49992694038385277,39.92209874353505,0.93536283815507,0.8000009342635862
5668,24.14655022688755,9.727277263086421,-4.0461330756813965,1.5224757567391591
5045,20.828749472726958,79.42790410959155,-1.22073659410911,1.4771951681775464
5237,-22.378745238783917,-1.2764880478318843,-2.2994876876588624,1.535250809896553
2185,20.810380497402374,70.73104163131728,-1.5078611466506926,1.4859364514457487
4842,14.711980409057357,73.50980664315057,-3.802755451284608,0.8000038503427148
3895,6.605503401909976,16.80677180730434,-5.674534919431275,2.73237386698006
2712,-14.286630395584275,60.39632785344793,-3.9140640739991395,1.4827737968047008
2173,17.869476471008923,62.33212067660277,-3.284966347904835,1.512052642711232
2807,-12.490415294325683,-2.2943650324431744,-14.804521638988938,1.521020362963932
4729,-14.590964721192147,60.50818224515968,-2.229086024842796,1.4325147871707602
5735,22.201971211828166,-2.1816706143198283,-11.11972848659815,1.4881527254295879
4645,-1.2998941228134602,56.81810450492826,0.21524796968468218,0.7999964959007796
2123,-3.772009611284047,26.790219889784414,-1.580828054478998,1.4377757663068218
2170,7.712294308783501,78.20639417935212,-7.355954180716013,1.4282081234854545
5224,-22.066009324210142,-1.8544044871595546,-5.35627215991701,1.3901606224144782
4805,-1.8000362572866286,85.97788836874304,2.7398672587983555,0.9816188049668921
7785,-1.9917351187413659,28.00704420649962,2.2680070353541137,0.9819041979690285
2108,-18.172652571804594,41.38836879619347,0.7761529218391019,1.4388636271034039
11,20.365197302138963,-9.05415672521831,-4.4354529717306885,1.3128740554905336
5037,23.03748566693344,27.2855463860515,4.06229130881089,1.4863534128475595
5246,-22.872063806757144,5.645573358237859,-0.7631959607799055,0.27828681049579795
5376,-19.861719177899055,-6.551391902852639,-1.4882638660680008,0.5228905552781172
3973,-4.736232733397174,66.42446132655301,-4.779885880319067,1.5405224115934493
5016,17.50659414442777,-4.163204211598123,-13.75703786938578,1.4700702490944124
2738,-11.802222945263157,73.4636188955299,-6.076438936210854,1.4298302650212769
4006,10.300105191140847,58.72546014119055,-0.62185684289446,0.800001134295771
1961,-5.08064071651078,96.8954882527515,-8.002544786110839,1.4996445245386496
2790,5.167168319840401,77.40257240119693,-7.399263991445249,1.4528639727496744
4035,-13.754573785237788,87.49536657686782,-2.22399352095929,0.7999987311487232
6579,-13.8973519180867,43.86784531757815,0.4376695874946492,0.8000110992151009
2307,11.71258880142515,-6.8162597744034965,-11.446337508318408,1.4021811805138202
4068,-9.999851285378899,81.17334655659853,-2.2155662505040516,0.8000004182705556
4847,18.774191023429967,72.68593810877398,-1.3174849903318455,0.7999991015724858
5539,21.890674772038714,54.491475315811066,4.685445479264558,1.5599085942173894
2766,-10.019844789506806,97.72851220654138,-7.170256375213517,3.9438211659347138
2086,16.269544802188335,44.25952744419604,-1.3601234649432496,1.4966838689520314
1992,15.803874483739033,97.41236027884425,-5.2774377354738515,1.451165764786209
5882,22.412921401900675,13.433402566283748,-2.9641836753351,1.505636863979863
4675,16.87532569880843,58.66887463038651,0.3952654251349571,0.8000013351730891
576,1.494400801986953,98.56277125662498,-1.8967327225150175,6.167576643391807
705,-16.258326886788186,98.94692365417245,-2.9041341475820825,2.788393214902751
2164,8.76265119754138,84.17469419550065,-7.68202319514198,1.4949703867402555
2758,-15.200754541607928,37.64641656787807,-0.13944773783670886,1.5380276656210665
7375,-3.6432757205043735,17.950462861406876,4.39220558719934,0.6934034942599233
7398,-7.091750159226288,19.0819481220078,-3.765041610059162,1.5071074232790425
2320,-21.15171149767764,16.487669791006255,-3.428651207222946,1.4871342346572354
5727,23.79358875659269,-2.6979021300496315,-2.169011995393088,1.5339802495222912
6492,3.057807732026117,43.079709179399664,-0.806488072821357,0.7999957331973103
6133,16.158651136302993,73.84482535914925,-3.559956242594378,1.4183611438023116
2757,-15.872650171051253,42.81062900726961,-0.6254475501593674,1.47109010458158
2136,13.934894248428233,78.06898178034635,-6.2746315042708005,1.4699900671386672
3980,-1.2998900612096438,59.503426303875244,0.5501433343789653,0.800000131932753
6258,16.405964703141954,39.55667024389163,1.0588345857459756,1.4868074449291284
4001,0.35577666873370817,58.68686503838714,-1.478447709406955,0.800001061535608
3633,-10.14675445053064,10.364453737611976,-10.631842958957442,1.497943414092856
4445,7.831176507098208,84.57485008193687,-6.287977565383731,1.4732946566928655
4798,0.5435874140814985,86.3999906702682,3.0087755626639776,0.9518581886947222
4877,-6.336985799733899,87.48247720015736,-0.8814221313658495,0.8000001117578165
2373,-20.687392302218257,7.027630974778352,-10.143584960533188,1.4505737266623973
4752,-10.957766342045293,50.46015092114946,-1.8690249309132816,1.503180300648003
5321,-19.91340988945845,-7.481813794759313,-8.481603710618314,1.317088142087885
6498,-1.5833629210885127,43.08018914792143,-0.8563161510267403,0.8000293218842439
7778,11.100075182142206,41.39519949519538,0.8048806578124825,0.7999985658741399
6960,-4.883507222662668,41.70956450217567,-1.185277209114715,1.4976852192218368
174,11.973560532759645,-2.1062428250178775,-10.273794544051956,4.676762068354424
1517,-11.365051437629146,10.938139478640723,-5.384458273193632,1.3054340874191688
1021,-20.94179411970734,5.196566762586033,-5.584578714291109,1.5380526213675938
2094,4.374085826376013,94.87418724275817,-8.130867253578634,1.4637144395763286
4815,-2.296359768604963,89.50676829016396,-7.320724926184072,11.92452582051453
3979,-1.2998876410010118,60.93404753125098,-3.172169618801047,0.8000000647266882
90,14.77693668412358,-11.991728615610386,-5.706250914923691,1.2389107815528047
2117,-18.38460240825194,31.953615528348983,1.956555029491836,1.5050994399045596
5222,-21.31473742576246,-5.513469182215587,-5.723741671855985,1.290864799367204
2151,11.568088886864967,36.45097657469641,-1.425197315822764,1.5098696941947989
2080,8.804783514502947,39.292430556513736,-2.151850318683353,1.5143315411090579
3542,-9.987058166717071,-10.36242580247581,-4.058105329466972,1.3944381239572825
3080,-10.587657233694113,2.66362748299307,-14.97213613903891,2.5492770625362833
2012,15.715481067977981,31.17053726928267,0.14502225508573452,4.278580504997458
4438,10.300138678473623,74.72461092174535,0.8033158192081913,0.7999994961247059
2523,22.083310861406304,1.5677900625462966,-11.643210503916455,1.50115966910802
2000,19.43691512655122,86.59841386817072,-2.983002233716283,1.5031554437555341
6778,20.982184304226152,50.62078481342934,2.4450312063599005,1.4843757495806424
4645,-1.299897129007631,55.19572022613327,-1.055219891765756,0.7999965439459049
2690,-18.10792219996526,82.82901866943384,-2.8068416263427656,1.483932706141843
6832,19.217046772083695,85.82420443866637,-0.21147162812510353,1.4900636044113016
2153,14.792667072712167,36.65843043871692,-0.7016534536773578,1.5284628842254087
4747,-16.202281900175244,47.013368934384644,0.5795761232657555,1.5642384744531084
6260,18.463595190268403,40.00649980287203,1.959458558780078,1.515410340574298
7476,18.893747727207888,69.01611909598384,-1.3340814385940831,1.5131041274745434
2794,-2.961446541411957,62.002219989181,-5.814496332055908,1.4702001080752989
6067,21.675312909527662,-1.23940303219689,-8.777177948487543,1.4650330215431238
5669,23.818177755790725,6.2746715830793445,-6.807024653572157,1.5206710902554141
2125,6.4784147495633615,28.34080895343309,-1.3923430756896007,1.508220558617403
4398,9.149288493960576,81.0114002288078,-5.978100106119077,1.4919655116086123
6493,1.9443389410556602,43.07802830156863,-0.6311108471105576,0.7999968491883587
4080,-16.977657699834044,82.44078334078473,-1.8715504631425732,1.4821763806524468
4657,-8.172861268463976,57.88298914019717,-1.0759255250520885,0.800000183493001
4849,15.997328250156485,72.69354329056077,-2.1110424728137476,0.8000064099881339
6331,16.58672792825143,85.21937473415142,-3.635308496444642,1.4717678129024023
1385,-20.720135426307,15.675604373282209,-0.5058810347984131,0.799997362433105
2643,21.837977850054408,16.34166461506024,-4.715768379148826,2.532378198753613
6220,15.334491212317714,54.451999168680736,-1.6894935653257117,1.5186096005361494
2167,11.906861465244747,71.53974197052037,-6.309065894677793,1.4708849722820359
5703,24.215090234898305,31.725753783125676,6.383041649159523,0.4310390436475299
2166,10.983845668084474,85.5754841321196,-7.363423267395039,3.9179682019993005
5929,22.700262179323623,2.4011509457793765,-4.475543272386761,1.4039512780342465
7325,3.2823821506265163,18.040348436228694,-1.1752369811050014,1.3547600614744097
6644,20.319599712708087,77.82565141438175,1.7548613401476547,1.4960572825705951
2194,14.092628102783863,70.07264670925804,-5.624347449448407,1.4756158829241472
6865,-8.30732372272283,18.07659911633672,-2.203227524564362,1.363187760856902
2701,-11.46181586851889,54.18273537024039,-3.900064408255145,1.4906889838101074
6229,18.555632110068043,25.61800872253543,2.3934493573005287,1.4777512452667227
893,21.34774274351532,76.25393817994664,3.7377036656924383,0.7181781664119209
6869,-6.5100397806134565,39.12455167634043,-0.6686566893293822,1.4931632127392278
4782,10.300165954854581,90.11952423381514,-0.33712063627876493,0.7999996515439345
3970,-9.199888748307812,58.994116683441426,-3.265497608572654,0.8000013479129473
4437,10.300160902543649,87.27165020217242,-1.99932794847764,0.8000002440273396
2782,-0.08502906135047172,37.656676644397415,-2.1804128196438963,1.503293459971303
2735,-9.30994196361566,53.18613127451634,-4.127740632242254,1.4511864652822983
6867,-8.899924160528988,30.936935205892382,2.7416006778299318,10.775055743796147
7561,11.100108155170346,20.301075871142555,-2.1447984608664967,0.800070717355074
4586,-1.708460619164139,84.95707890613974,-3.3465974674363306,0.9982226969823492
4427,1.4599135865410502,89.86385538314612,-1.8199784689324519,1.001552930113126
5232,-22.8430988702156,11.283593115253534,-0.08455286822037456,1.4305289640391947
4748,-15.979455134367942,56.32501441982794,-0.9504776532222584,1.5468983356260468
5541,20.500124434560554,67.24372967150764,3.0761239545809334,2.158737544522317
2797,-7.20028891620295,73.29971089311813,-6.887685494211375,2.70340913511777
6416,-20.49995093779527,26.088145431635425,8.645904716192312,1.200000236168134
5008,23.401980786097507,47.94092364545047,4.127453848535154,1.4858921947281583
442,16.61655570052218,10.524950680545537,-10.118658172812221,1.4983068877614998
4962,-15.443736481348509,100.3502262152619,-0.41596269623488796,1.4839285995391462
4619,-3.262749100677762,97.14077908396342,-6.573701835639882,1.5013522518669895
4014,7.653979836595076,67.97415098620138,-4.910320244836703,1.523857113903578
4756,-10.646193388717453,67.57179631053107,-4.2988154499310465,1.5052650416287705
6728,-1.2998309292913561,92.06457315489926,-5.62767322569367,0.7999998543533728
4426,1.9648963307211746,89.04337124576033,-5.443935444771073,0.9927872725307743
602,-13.801484130655929,100.02696215617641,-0.24466064433107565,1.5500003703846272
2114,-15.99246734217888,26.953091786393095,0.6316068582882364,1.4242934375923673
2304,11.725675278664166,-5.051411470456791,-12.185000847638026,1.3348809678696447
2794,-2.436078772636454,63.21217905461605,-5.969214192137697,1.466529513939309
4858,-9.199857922576697,77.7890963939783,-4.250551968832076,0.8000005644124463
1315,-7.656446091857192,29.159577131027817,0.35954522249542203,1.495969494567584
6445,-20.352855170027695,46.992262705933655,4.483028542349123,1.490838499757484
4604,2.1822652511516916,87.66782930945679,6.0553643236382415,2.0550909674820956
7325,6.456178085148979,18.017857487152078,-0.2040769945224108,1.3585382644720483
5723,24.375229774748615,4.343522968536875,-1.862820119018108,1.499566351601662
5009,23.773798180395545,43.92310327284123,5.263307839398922,1.5911945376145595
2040,-16.408114038155887,-2.1234822721958464,-14.069662596626433,1.5191913744468204
629,-10.049628211481586,100.80726558023869,-6.80861164053834,68.35676946130096
2194,13.68409470368804,74.4467055917605,-6.071815967755912,1.4156037166039475
7769,7.603969592436814,35.52332175070513,-0.17188253172558182,1.6041498821290106
7200,7.08061560174813,43.34383361372076,4.37426687590597,7.32932551319255
6765,-9.19982153157441,96.75103620822833,-0.38012096955098335,0.7999980327360529
4845,19.10013514548391,73.346089931084,-1.115241839308017,38.55551067223804
4626,0.608880195901841,90.58505944887426,-0.8790293441435981,1.046746898336935
1341,-19.273119394629482,40.157775848722764,3.535522540675559,1.4486959443201808
6163,14.012756478752676,68.17746464453285,-3.883169683234266,1.511570829601093
5635,23.002759299686662,-5.347312972557792,-5.326433547264774,1.2856666924780622
2148,6.113990085565843,34.48004310864053,-1.740410365649788,1.5081759834475539
5034,22.089957237773113,75.21247915265576,2.185239004984009,1.4638639848119306
4669,7.250199289729604,45.47107160146428,-1.7356727583527924,1.506983157174175
4815,-2.0863420928970635,89.668788639784,-8.025449481734263,6.8851887109950605
6656,23.027623635030622,11.12349295382906,1.4430515848252115,0.6986640392295177
6732,11.810452463449524,98.51143999175756,-3.8534169839036148,1.5500067263616302
5813,13.538490863872845,5.18301010852656,-11.767873550737502,0.8000000545200607
2086,16.659107057455813,38.490785650184876,-0.2930295767944681,1.5012774801239321
2862,14.350930351854124,-1.711193049880153,-14.811885365318567,1.4815401602476128
2759,-15.282782627841662,63.63551492879027,-3.855599910212656,1.4253133776714237
2094,6.000497093804397,95.40739866997598,-8.102036819324713,1.5258750944917676
346,16.154831475103983,8.748320110550889,-11.172783389564167,1.5016545970449386
2482,-1.4957627438229137,21.214105528811658,-4.16088515086591,1.4723517927124399
4011,2.841838102250679,58.91395482929585,-3.9652335866830546,1.4957003741394896
4719,-16.12966479566133,58.67980675691423,-0.7387953600401616,0.8000045754690879
3969,-9.19988049921344,64.23401130456939,-3.328896179402194,0.8000034491779429
7587,2.810474568268771,29.51927127795962,0.0530045865439496,1.4777529990638407
7485,14.089689929846843,18.914282973988673,-3.106672097755426,1.48639477765055
2501,-20.95230159430352,21.27813131123886,1.0226781213220522,1.5131167989624548
5157,-12.295794155084483,-11.86881096234184,-8.618802453542992,1.2198037481390929
4060,-12.894609143354714,73.48811000268518,-1.5340877757580427,0.8000053008989787
1368,-11.066236664306441,20.955302235899108,-1.6868897324854881,1.4601395340483994
2747,-16.125276320675187,54.77702718121118,-2.3858298826741464,1.5166151063603577
4857,-9.199839103467193,86.70519702781294,-0.07875111243255489,0.800000409827013
4750,-14.296106483467016,44.65957040002415,0.055912677226702845,1.4894596699373832
2299,11.707766011313577,-0.5852590382947642,-10.888328063195745,1.2950982196357785
4719,-16.74027740181587,58.67296204867677,-0.02430842134825844,0.8000062675244106
5742,12.215418561060925,13.304872235965327,2.3392945387935056,0.7002618962927407
303,21.21921135365487,8.728868251072626,-8.406277537493645,1.50063099516849
6200,14.016973998452858,59.0225937673978,-2.8230715643190383,1.4636312787264287
7601,12.988810996310729,31.250452678718766,2.186413844451545,0.800000223954572
2141,16.119652455242335,92.52079573194037,-5.549763346981221,1.479306534069741
6172,13.973312706652093,43.027874735150036,-0.30537509305979504,1.4854967304987694
2190,16.843923642674916,81.78841519958755,-5.2428654027624795,1.5284394570475939
4437,10.300158112916002,85.94657341905958,-4.161891178153014,0.8000005679260669
6219,13.805262317916894,49.93618512045704,-1.4921754180732567,1.4459552388524863
1991,14.46180205093462,97.38082506834536,-6.130320908933845,1.515927100752855
2585,-18.409855442267386,95.06958088461155,1.0665552435083718,1.5033370554140395
2170,8.123657477808747,81.71918816343272,-7.604600044934622,1.4633051613864898
610,10.210352878992968,100.8976277374323,-5.940069000191292,2.382888058699915
2115,-20.797459090805372,35.22517310932984,3.447929176245651,1.4616613327341343
4081,-17.134694053092144,80.29845859872883,-1.7806040991935919,1.4789823332665328
2345,2.512402267387313,96.54146117193682,-8.153619875285194,1.5071078313968018
4859,-9.199845459694412,83.78800528416971,0.41470772520577504,0.8000002056177324
3579,9.334266437689745,16.844976250498853,3.424018616849085,2.477087533177166
2076,-0.7255523456195256,48.66329144784388,-3.8716173123568165,4.8630487832575495
4403,-0.499859398427581,76.58534161556733,-3.23178679811248,0.8000006575048852
4783,10.300163139094563,88.70912158327033,-5.231727976236837,0.8000000148060378
4546,-1.00070705020001,54.02522441022356,0.9764944197476528,5.6962995944586865
7546,12.429242050101212,17.423245176763306,-0.0708865622400836,1.5862926046263004
2017,-2.3554268210319327,18.609665400814485,-6.723760177970357,2.456506666869918
6310,21.894506152732635,19.82534594442145,1.6460061417612026,1.5062598776719796
5355,-16.477385015481698,-8.688101697516796,-10.767426439625613,1.3012429678396746
4008,10.30012530102623,69.2962323451981,-3.051358869048182,0.8000016180651407
2164,8.409095044588451,84.23567792997916,-7.7120763993764765,1.4733514590440546
2747,-14.385687354297572,41.395496134308985,-1.0268151865403516,1.5351719389394838
6112,21.026774556882167,44.34225013782189,3.180516891517565,1.477575936440714
3998,-7.316454953556906,72.68746124097939,-1.471798066997229,0.8000039601067128
43,16.89409865957665,-8.126472799804839,-9.95289468162958,1.2623471331477285
3974,-6.152590129753873,64.80455435239332,-4.539615717432364,1.5032457719391388
6300,16.679191526733216,19.03628943134477,-2.262202382032028,1.5126041345445933
4400,4.079358719482976,73.46353207675577,1.0256562997440761,0.8000017986326052
4589,-3.261034780356895,85.92574617966409,7.597817681251987,1.855666654853593
1406,-10.817214593376965,29.645515465629213,0.856016794435005,1.5137949078437658
4671,11.10012863545043,70.43958732263908,-4.6594052214217765,0.8000010843529186
2614,-20.51521198393855,56.997790928792824,0.9749012687962582,1.4854262841207775
3892,-7.678687897636877,16.583171977029103,2.594012264074756,1.3886538723109518
2179,8.471646197928797,63.75808317523764,-5.878999873861747,1.497044132696703
7487,14.303800813233778,16.942610552820085,-5.178389341483749,1.4819279107585528
1982,-0.6611482235602629,90.28261188947859,-8.168755440701611,15.993292421485009
1081,-20.3284145071201,-4.087001031652278,-5.356681519215411,1.3819186670642918
53,16.11990793310132,-12.797427385122315,-2.567122950243894,1.377838569076276
5789,-12.905018995123577,-4.613765669227943,-12.146205140477589,0.8000014306482716
4560,10.71165179983286,85.15377408928076,1.2748815573492014,8.68114897030887
1236,-1.7384943143999938,21.909929465167085,0.4191175019053123,4.024040916895314
2797,-5.954358960004557,71.31411456883362,-6.8202987998405185,1.4999360301219524
4688,10.300096564897883,53.376145094017645,-1.0750102482205655,0.8000004528595861
2135,14.91196741917324,77.45042764089719,-5.941470331489824,1.5337479189401495
7402,-1.5293437059236912,21.766701479416,-1.946495436668879,1.4607762502770258
7050,0.46392984332857645,29.32912853811848,3.9064101778333082,1.0136928737047373
2135,16.63899298419534,78.39019915771351,-5.212433002650199,1.4778009160427485
2077,1.926101424482285,51.215750849340964,-4.28771051570015,1.5042382253547715
7795,0.6723205664817911,28.176541689650612,2.76450518686892,1.0096827218727198
4783,10.30016678080256,90.4096265620823,-5.094331094445239,0.7999989589708718
6768,-9.199815864371223,98.45656250526675,-3.7611328364545566,0.8000001883343725
2584,-18.66811791000966,93.45526009142239,1.2322260267780871,1.4847838562663318
7784,-0.49992365371899145,41.874226349912234,-0.4878525415377707,0.8000007378993749
7080,1.4280476933141957,18.041298626010473,-1.2564019315057986,1.3535116106489258
5643,23.95957922340049,2.259025543497391,-6.116714636114594,1.461289752660906
2152,12.967393231646104,34.08164729735971,-0.9040892099301564,1.5829715156974842
1339,-1.8306689309418558,25.612674308587472,-0.3373287772615089,1.502132097030135
4880,11.100173173141695,95.42936404083895,-5.69832040462274,0.7999973468750581
7672,6.41981455394539,25.39317290383334,-0.30602352497287033,1.507392700113207
6223,18.495501819180816,54.049114272325305,-0.15879062736010946,1.4509171148167086
6538,1.2326996125968326,43.86154118856314,1.092445690157341,0.7999973901082308
6743,-1.2998265236957676,94.50732154808384,-4.915460317383477,0.7999997226303517
1021,-20.96382309334173,5.012622925431532,-5.50386341496333,1.539424790035214
4823,15.376228037421656,88.27016792477616,0.40268213455170604,0.7999997756464963
4449,-0.4719423170235315,79.15178120644832,-6.094524774009414,1.4609903491573255
3280,-20.5773283342497,63.33860202516709,4.478014424009624,0.6962781742460549
7398,-7.989309281071826,19.39669405720648,-3.386473329735214,1.5007919423961593
2732,-4.688628990906708,35.344013119886526,-1.8432898946193719,1.5506128329774638
2798,-7.913162058759793,78.11236234198893,-7.20844888653033,1.4945638978507443
5047,21.270664134956185,73.2412121710606,-0.6182674743080937,1.4587250433084782
2745,-14.564535363603998,89.35617529562528,-5.621577701442186,1.4252924041610013
4866,-4.598447271761692,85.95850177438928,-6.463097902382306,1.4599901099637673
3892,-1.6941333056912602,16.698012467325576,-1.6525964057669913,1.3542086189708065
4744,-18.528006149059706,55.6128375972864,0.9484009382477998,1.4642220454186077
6787,19.658774588355474,77.12768789413954,-0.40034628794096205,1.4906662316101378
2795,-4.355647743190369,69.83881069796317,-6.754243545385654,1.5545687275348914
1366,-14.914164430530391,20.029124622843064,-1.4150644917454422,1.471706775042718
4725,-11.951345486934283,57.86343070161544,0.9650675595376249,0.8000018986612094
2347,-21.275862177666433,14.081023637179387,-5.4283207940942155,1.5151872474387615
7650,5.673417931616202,18.308920980006448,-4.132054418548815,2.261056080740709
2161,3.9074709057674486,30.51808703400445,-1.4238519969234043,1.9264171151597551
2874,-20.343154239648175,3.2284131906188236,-11.640153220843946,1.493565724274691
389,12.994087806556871,10.600842030576512,-7.043892665127731,1.307149792885148
2297,11.744070331479797,0.6440000769212728,-12.80773251961569,1.2927164446231396
1504,-11.422547741346769,-0.5199864488045538,-12.004485540444861,1.2950093909627034
2797,-7.091009199749159,74.12622760419781,-6.96142453144557,1.4564380580206144
2154,16.033881564860643,32.695069584923075,0.10200373754827664,1.5738110221259203
1864,-18.96344959874773,4.854281727423511,-10.599209445291912,1.4957657937011994
2081,9.805292060489741,51.49678985528423,-4.029130744903525,1.4828106723433696
3930,-10.95872360830173,98.46611096285656,0.8796334982716172,1.5500022307187216
4067,-9.999841035386364,86.00261953193579,-1.3932743496833249,0.8000006134002241
6571,-4.593786816231015,43.84017617103669,3.3222852026107725,0.7999955466010267
4753,-10.354838439196444,45.52288183939393,-1.22265138755785,1.4680451017759797
3290,-20.39056002980825,70.92482323882662,3.4876905090269625,2.6485764675311585
4820,-1.2998535497085528,80.30526135635489,-2.20174797066253,0.8000007742779337
5225,-22.25501969897936,0.35912008651671545,-6.2640538352444235,1.511375042201512
5351,-16.531808335431727,-11.348807839292391,-7.408922028638806,1.179443867783599
2756,-17.128838167781872,39.07219278378856,0.4877813755186873,1.5361036685330363
1446,-17.881719325876965,37.64850667374768,2.852647348332197,1.499320134924512
7561,11.10018180240623,19.500378520988036,-2.130226367723604,0.8001459808473391
2516,13.727013886836527,4.09499806575553,-14.59112697125304,1.4936226962104326
2102,19.12355765824366,54.4938204235805,-1.5551391987888867,1.4486606787998544
1439,-18.166801864974097,36.93321283015795,3.0765491766150617,1.485656729755008
6640,21.711942137721785,56.260318595166105,4.017703944416557,1.5002176411827879
3974,-6.324777988502316,66.01146724126161,-4.6671881395037085,1.5104398188604433
4015,7.797571018597733,59.95982936555434,-3.966409749167844,1.4808374258808592
857,21.42440151681282,66.9541261315388,6.25066858485784,0.600010487132938
4756,-10.443799964049925,64.63170588990181,-4.029105627636519,1.4669385393358945
5045,20.612747513984527,82.36021396573446,-1.3014340922332992,1.479811901659034
2702,-9.973680367706315,43.53586735766172,-2.4709898481965475,3.4448153725393045
3982,-1.2998720246823416,69.3501985435579,0.14395361589712208,0.7999999706282132
1521,-11.352003985234976,10.474461484375423,-4.973003740582864,1.302721443823344
1982,-1.1129612763918726,92.70031610565084,-8.17050848871538,9.517840189978868
1303,-11.193874006042773,30.440590578158485,3.216255397588635,0.8000008390752874
4048,-14.781668151183023,88.26286088884702,1.1708292512015104,0.7999975657402234
3980,-1.2998827848373216,63.61736893338886,-3.538173490478733,0.7999996743538863
7672,5.786265963529371,24.119540762046487,-0.71381921328824,1.4849143741445445
2781,-4.420971674290568,41.14153254023824,-2.619573168785437,1.490957395996649
4075,-15.884066432936649,83.45347741770156,-3.0212832373932024,1.4088278695225367
5697,23.01664226980982,43.4287398638599,3.431377226763515,1.504759157532351
1959,-3.941696133081534,90.98581711448051,-8.079732769253152,1.4581591324795715
6279,18.01801069595721,35.85993480463681,2.274918046615567,1.586923869118602
2080,7.330031659854783,41.41933285048095,-2.6168805923675165,1.502382764149241
2854,22.08917466798186,4.404202934416289,-11.286666102721043,1.5258221748498642
2890,-19.307471692056886,0.8414595622251709,-12.848641568686174,1.508366379688983
2076,-0.8202704898574978,57.23814273715808,-5.217292313992088,6.310665480834742
5923,22.410357178503514,-1.1338821633352496,-4.786869763097763,1.369446272808402
3892,-7.2979790239723865,16.595931808699465,2.1221925706122313,1.3799088469973273
4820,-1.2998524277695904,80.93979504557643,-0.15498682728228408,0.800000565291607
1364,-18.165015363340117,21.496133471491355,1.2071118599479667,1.4603397682833186
103,20.904158715838854,-7.336643747915284,-5.631508798122375,1.390289482144434
2040,-16.65313378005465,-2.280348227564324,-13.97449033719251,1.5186894468969758
518,23.853343306033313,44.895970443699184,5.5137052285341595,0.026745261060674
6483,-4.09683114833102,43.04090128779862,3.243111978337691,0.7999966464152948
2285,11.695580651955156,6.617271637212765,-8.85286294241573,1.2912564962143134
2453,-20.670975205705876,22.378567010172564,1.605311538500919,1.4540201083436541
2264,11.65946732015438,14.489508994880307,-3.949751184710201,1.3221102758233512
4837,11.100146326262252,79.03303589879582,-0.8628101039571487,0.8000005849065714
3979,-1.2998877248388745,60.89006380811212,-2.1085481418172947,0.8000000795436759
6663,23.046087503972146,14.018723936673236,2.4814105296307956,0.7013600778951502
1401,-19.659381062994765,37.23110480716591,4.240330745818708,1.4843389416009922
2549,16.870760446108278,14.421865106727317,-9.170969815736015,1.442085684460913
2137,11.25792909063238,96.32934387132863,-7.325394376230227,4.669862537323748
2415,22.52022534418378,37.88941296043591,3.282841016874207,1.5203746713512414
2797,-6.878117326700918,73.20245559054031,-6.90338684424921,3.801969238042076
2087,17.27908284298225,51.642419000227704,-2.091827755628048,1.4614309194585315
5149,-22.40224518813312,17.339820093993193,0.3353541125683631,1.4582876896661607
5375,-20.306492154185676,-4.6539294901630495,-4.291307024137451,1.3796056228229991
4426,2.0449373585064734,88.75639333726413,-4.109186873178911,0.9850076163131898
4730,-12.618207368507475,65.77341109841856,-3.5928793799307135,1.4593714791491859
4024,-0.10262250121214589,72.68927635835712,-1.6630307570997742,0.8000012334441929
2798,-8.329586794187458,72.51887463159437,-6.704047312692605,1.4697106723089393
7708,-3.4079819005122047,32.59077176838757,5.150994372987522,0.9943465034623772
5319,-14.05084186355639,-14.483933070575443,-2.2166069333226286,1.4453853933210643
5691,24.561251438546076,19.797215494418445,4.846901288213626,0.8058705057328
4648,-5.4951953840289285,46.48327125338257,-1.9128485529828412,1.5083697087648225
4672,11.100117751035107,64.68898075005798,-2.7670939432921884,0.800000988791651
2595,-21.43715186666396,44.29288157357773,3.4705343663658557,1.4900767526571137
1964,-6.626248347696721,100.68512988963647,-7.625439497878041,1.4758049591430065
4696,10.00801760704896,50.28949874344556,-2.3102210817111803,1.4580230933180307
7728,-1.2999538459276718,25.758615666593517,1.4225697872009107,0.8000002213915302
2076,-0.06671679603616376,45.73174194220785,-3.4176861633974096,1.4883065927023067
2737,-12.327331153688776,67.9696767011944,-5.454394752429603,1.453690704202205
5108,14.435862663252113,-12.93719321224819,-6.6949079577445225,1.2144199439700354
6648,18.857139973274627,90.44319621247081,0.06577762344274603,1.5061931326623048
2264,11.686035238302216,14.410446579836576,-5.510152767743481,1.3214098432192933
4647,-7.276131094759678,55.288999957256756,-3.1900225298509315,1.5003406199461171
5382,-18.942395497117023,-9.032746191536084,-1.8339418267233518,0.7025098258794085
6578,-12.719097987319467,43.86527380003625,0.7060350410582511,0.8000169602875663
1059,-21.326330432989515,15.508610155265417,0.9205523596381785,1.383586306811799
2100,19.374940271522657,75.27330282231387,-3.215542246606753,1.5009749577397034
4695,9.482477827733534,51.91255683408082,-2.6171918416930433,1.479414872418748
2045,-2.864039229832951,32.513679052883134,-1.5691413771730351,5.82370844848625
2076,-0.5228399976164357,52.35463297584744,-4.453290321523236,2.374606043591615
2736,-10.735930458521949,63.70445387475942,-5.361414373298111,1.4619049911723105
1597,13.611075500274492,14.920419464908733,-5.191197964128129,0.7999966986599639
2707,-6.736048064211192,28.4419667640482,-1.2530241957790376,1.5206785567277772
6744,-1.299823520340506,96.21081371560751,-4.250383382393557,0.7999996922922284
2888,-17.388986502932095,1.4489014693469797,-13.896593167047696,1.5049683698032443
3975,-8.89649105139661,62.43668736190359,-3.9896017022193773,1.48168294415776
5662,24.008340314941456,17.36106714092293,0.2313516429442207,1.5049464838593485
1189,-21.157193926870633,-1.7234324538430763,-1.2186621806736522,6.448415607604681
2160,6.057481043753766,31.467613695017903,-1.400649996969027,1.488271047939398
7711,-3.651350244774262,32.18062106167013,6.163122252105558,1.9756047864296706
7765,3.6411051627683357,31.41531296901187,0.035013053220820156,1.485199724448782
2266,11.677490431765197,10.603769457164244,-6.489985578460116,1.3081993691407936
2531,22.9867333095532,17.14358192022778,-2.3769987698408186,1.5152324340723635
2747,-15.200190975391378,48.26004215500352,-1.7569716872053158,1.4628807765268848
4724,-17.28342398748826,57.87572418559604,-0.31692577166665953,0.8000063602908101
2444,-6.763387425671919,24.060580814696664,-2.1656237982947073,1.4838940664066445
7773,10.300064748384653,34.84296486133509,0.8164040793203309,0.8000006319836527
3265,-21.357019144413314,54.77291474117052,4.744918861481258,1.9738730488408034
4033,-10.976983582479244,80.56050519044845,-5.290273747892375,1.49795794945088
4751,-11.871959706737204,54.769851851556226,-2.324775487677001,1.484162103340472
579,7.364176651225329,100.01786985965907,0.70086866770481,1.5500037446017099
4815,-1.9702893605859182,89.65718941613731,2.134569870006823,0.9937498358759533
4062,-10.240449406292608,73.51725223272139,-4.574538189160233,0.8000008332528549
5924,22.528070272250762,1.1855085571089903,-5.284816223726828,1.4304465932851282
6570,-1.7266210979883683,43.85810032194367,1.4516390352641688,0.7999972949060771
5636,22.987666132338827,3.3828225371376646,-9.852464945203897,1.4823450697445897
2879,-14.969374373966405,3.5593157837238993,-14.273790982953113,1.4832690275823182
2247,11.893185577508838,5.71381903002613,-14.152685350491081,4.025086020580623
5661,23.776769158058492,18.607129201850185,0.616382565117392,1.5109917963353343
2107,-19.935222150449246,41.62339049791441,1.9967775283873248,1.4466905402543726
2086,16.82994863619431,38.99432865422529,-0.3009048559197666,1.492031831513166
7572,8.547515832557451,30.431780189023243,4.13182577926018,0.8000001128834167
2102,19.907978026458174,53.28628335602549,-0.8767593858927514,1.4480304782691598
2090,21.15029894440514,52.842592363296845,0.23053499595188276,1.4284077903583456
5409,-14.028949461383027,5.974802266850588,-10.902485495316718,0.8000003350056807
4032,-10.250389997221347,82.40929975989214,-5.598457949094538,1.5163322114925843
7666,4.18426422322751,20.00668303595751,-3.3067270579612273,1.4024055341744812
6200,14.675677070752778,59.52395737315311,-2.6828699902630193,1.4807202008217484
4630,-1.5585614575037714,90.77104834222571,3.8742178630238353,0.9879937343091161
4532,11.233201599647447,87.92713410202435,1.3014660139040577,8.6628053478868
5541,20.500122769543943,66.46719653845659,1.3229808272194181,1.7904958909747148
1364,-16.85522118635664,21.101114883475347,0.2127246656489039,1.5043377624909633
4836,11.100142198643995,76.65242386954647,-5.198817667612567,0.8000011376252312
4103,-13.703796099665407,88.53596440721182,-4.494282786246527,1.3902235571471744
4019,-0.4998774430468688,66.972053538528,-3.8453018611689904,0.7999990492453118
3971,-1.6224152874791087,69.18431638091215,-5.195467712402753,1.5059283316472525
1520,-11.423961111268984,9.005483121416317,-10.021820839279924,1.294899325887475
6416,-20.499957107334616,23.776474873327594,8.931069460224563,1.1058487796038388
5093,16.074721479065754,-13.650460110881294,-4.444318893132409,1.287277730978776
3892,3.3771810643006224,16.66108647136423,-0.2875651329211504,1.3553391396653645
3597,-10.639000592036922,10.64381322531856,1.4377452165745495,6.949267520565309
2788,8.544016795400498,92.37827741357115,-7.856279009471665,1.4457551950224479
3969,-9.199873651556905,68.44023665279116,-4.257039271232715,0.8000022516412385
4019,-0.49988000923238585,65.40141694273116,-2.693513152656838,0.7999993095916159
1421,-19.93759819001675,30.758825741799214,4.874286487431673,1.4771885198872121
4140,-14.305198923626145,95.55278450496955,-3.611526756893808,1.4602460533278219
7744,-0.49995003948466527,27.604400591933857,3.085797563200105,0.8000008772074104
4554,10.492413667316107,58.96379566781094,1.0238339979656121,6.105518764574014
7784,-0.49992307429152116,42.278842190065035,-1.2622066493127886,0.8000005307421834
3580,-6.247902747265421,16.738385332705747,3.36877130224552,2.7169624969541486
3066,-10.175198845579752,-6.002359580033048,-13.59546399113502,8.357867659721743
6827,20.37980741275709,66.4409547083299,0.6325409213178691,1.4444856831840347
6283,13.796005591824208,33.91721772744482,0.9078014206592663,1.5177236663054359
1417,-11.25112769163474,26.93049327481291,0.7450091951618556,1.505359600272491
2770,-7.346780832659817,82.42610863803375,-7.602606334128908,1.5398932433071135
1021,-20.860775424779046,4.5146622148703095,-6.125018585789096,1.5348933025019391
7034,1.056522417104756,30.235072575687354,0.30245996594223046,1.0112579174759715
5171,-19.458234430330076,-3.4145533384380515,-12.146024674164913,1.477339435566186
3638,-10.108964868143628,13.263521221547105,-7.311228780892339,1.314840000593659
3600,-10.108877250130377,5.131003033638832,-9.98891837036722,1.2900137394348725
1654,-4.236089680257435,17.611086174127763,4.624571889300925,0.7152852461587158
4642,0.6982657747228085,57.90341986780782,-3.209609382559171,0.8000031188027148
4873,-2.4521985530217485,84.08176589579732,-6.418676558130528,1.5130231773003624
7667,8.202039082924628,20.702839491179603,-2.401736874193906,1.5034211868456393
7069,-0.6364632670465882,32.90274628804751,2.330465964111544,1.0147904250968718
5928,22.658455039302876,4.0344356381250925,-5.21114575385313,1.4636740635663537
2101,18.477100265628252,77.577381660318,-3.98830777617586,1.433597904173023
3896,9.46869617012241,16.83469976392766,-6.707534345155171,1.4570512890645246
2135,16.342553696682707,77.7733838947697,-5.305437158267826,1.4258065688839703
4741,-15.509260645891269,66.34856344897563,-2.3936185707034374,1.507162111685495
681,17.167934957514774,99.18761996215136,-3.7720849979497997,3.8567602518142965
4430,-0.12101499759684531,90.88400486203525,-4.527410974767429,1.0029403921652045
7200,16.53490803564824,43.05811905524862,4.371528301336973,5.441159248843331
3636,-10.10666630358801,10.84401532037518,-8.144448364064996,1.3020513030688534
4861,-8.319313099051794,74.34382552258512,-5.398041377654551,1.429788813942438
2789,5.545668131397979,91.26191316012853,-8.03019517135494,1.4262208652393322
3981,-9.199869650255607,71.5337290582093,-0.33248594037429197,0.7999996572941332
3995,-7.7258603283228915,58.684961241432575,-1.2778746040248028,0.8000003658904227
2079,5.87828539488919,47.84538600074964,-3.693276792170154,1.4900634918154894
4653,-6.719304877422228,45.298793880816,-1.644961025191606,1.4917450433813133
4524,-16.795837693080916,87.93378081756882,1.30152921076189,5.344036114316223
474,18.76340884876845,0.7450570680220958,-12.369460979487025,1.4816188865709496
4653,-9.086073278131872,55.53243057078628,-3.0560369507833576,1.4470756502451836
2863,16.899685465551055,0.07010137984529914,-14.52598194735865,1.5347764833923754
4815,-2.012208449416982,89.71622667039799,-7.256795749540587,12.471046894683395
5231,-22.714408432599477,12.145986929024595,-0.953609738778545,1.3734102759242883
4691,1.7174449488897865,49.40187857641585,-2.4803322456409775,1.5040521443048838
4832,15.69919218706536,87.48683319787438,-1.3401647950009048,0.800001559242393
5518,-14.260057498137504,14.9017176048656,-3.235183093143383,0.8000007615265534
6531,9.93022627281721,43.06232053424636,1.0053661174514876,0.8000002061908524
4537,-9.870126469302495,48.00238434421466,0.9187615446893201,4.136485900804858
1756,-16.86117981304234,-6.973943589524541,-10.194240730004289,1.3205701107194214
3998,-7.7831563748654595,72.68852685845087,-1.5828760050268693,0.8000038961485092
5730,22.939642150671325,-6.0847676280473575,-3.946126428429234,1.3129880533863223
2841,20.265367058846156,9.306934154474447,-11.046179147154698,1.47107983847922
1680,17.935301600526476,15.721296956007972,-5.279491800441098,0.8000009397209962
4662,-9.99990751855124,50.1308864392181,0.21808796324502344,0.7999984611843045
4404,-0.4998521279606821,80.7119133384561,-1.518933835569187,0.8000007068078623
4709,-9.999871685352986,70.06673416816322,0.9714404932139152,0.7999995909093782
1793,-12.19802557688248,-12.647957091389342,-4.621764039982166,1.3305594973523571
5898,22.54162934568741,10.966321021584642,-3.719285527907415,1.52070975759298
4008,10.300125278780477,69.28596228078857,-3.196740660267732,0.8000016737483847
6771,-2.0450718475808127,98.50416916880619,-3.0924121243142744,1.5500011416547186
1713,-18.869973630691955,-8.266766817401093,-5.600908360739961,1.3318960869624055
7669,4.579507149999549,21.349199596376113,-2.173189990192355,1.4857540904498734
3972,-2.3756237810514444,72.21112181498827,-5.5250176763965655,1.4811285683939939
6065,21.846438731895876,-3.022533268332152,-7.102167663705429,1.4279895378408138
6334,14.668755789635256,82.93499114737338,-4.6924141259744125,1.4668951890560362
4647,-6.64436913897802,51.88658305121574,-2.706971847505554,1.488779306957317
947,22.552662534091134,55.432861395534815,5.170055868601864,0.6870959395489772
7443,-9.199967273678283,18.43646982939412,-2.9050852622873187,0.8000008570550277
7728,-1.2999546295487623,25.318597053370425,1.0239226946934403,0.8000003308518099
1327,-3.445270289639691,23.262468362632678,-1.0718412312919905,1.4930291979941819
4781,10.300178951952324,98.0590875195309,-3.5115913424058336,0.7999997787401015
7625,7.047808904073569,30.454746946901007,1.7361163941105682,0.7999974276224059
4783,10.300165406806624,89.749345609737,-3.196589333062315,0.7999995304962949
591,14.184504665641649,100.03007821594298,-0.5744166214593476,1.5500054043514706
4713,-16.52020409597547,62.65041740678446,-1.3766602955239389,1.4605032490165022
2194,14.0421271752136,70.9335228731415,-5.703882393100577,1.4479367253197193
2667,-22.882540989030556,19.850092279912655,4.533376229556516,1.4873039564910586
6529,-2.303790687963363,43.030300825030295,4.3486387911022675,0.799996313151387
1024,-19.851956509040477,-1.8006212576989442,-9.282924195399938,1.5412697175856183
2470,6.157404386399405,22.674809972396822,-3.013774662508251,1.4815496199391387
6832,19.17983681720043,86.40691714796691,-0.19834486135989532,1.4903546515972814
1077,-21.17124615315435,2.8877870244381056,-3.8013575050687183,1.429378787558935
4664,-15.506769293783647,72.51745902507943,-2.9335086462240896,1.4273675322236472
1069,-21.42308753844617,15.752639998767325,1.943396951679615,1.4135129341448043
2844,21.87694733804275,12.068662822744978,-8.218298037425274,1.4896411154324558
4880,11.100176463710902,96.96240489808773,-1.9009891027748758,0.7999987867586499
6112,20.897001286678268,45.291919058088084,2.934024080040873,1.4605550863532972
4435,8.702387071346019,87.46721830774136,0.7075230975709643,0.7999945034323895
6510,-5.399196011333007,31.24248272611845,3.0216014533823,0.7999987666892386
4858,-9.19984558342089,83.63403710343363,-1.3032771163850323,0.8000004718871102
2400,-21.1765971978907,8.016201453468657,-9.10073223420569,1.5095211115956373
7768,6.388817025261536,35.19595195948173,-0.25764811968222445,1.5540457296248098
7566,11.100056504497427,30.37284076516719,2.270446767244105,0.8000001600681531
4684,14.298825492189252,57.86532313791429,0.7622713350188963,0.8000017230650992
5736,12.534985084485536,-13.27712084071646,-1.010272975163329,0.8065064495895338
1961,-6.253678259965721,97.81472367508513,-7.838094642218737,1.4781383101806185
1382,-16.02921468188755,15.723302768499988,-5.482484540210934,0.8000029109896517
4118,-12.814305060733277,92.15812082072328,-4.776440728751864,1.528278876418604
1533,-16.820869736950836,6.952936020602357,-11.253334810179023,1.5091117952363622
1028,-19.65293650214119,-5.236212206807121,-7.428309254383989,1.3784701754377153
1953,-14.706068492681538,101.92253718350784,-1.4224743197209584,0.2847279592350233
2772,-2.182507584076939,75.04814071018566,-7.236660268795982,1.4504797289563747
6346,13.547982107625911,94.50260505602185,-5.10200406192047,1.4956698800215047
4635,-3.3114341706087584,89.6872372777515,4.518075353408413,0.9829561210975598
3927,-16.419112337172884,97.81190007552871,1.422782658280519,0.6959627810498126
3948,-16.38891993824232,94.62274513693376,-0.9432790396331767,1.4966503549957688
5377,-19.728132191869392,-7.076964181415486,-1.8812681689670807,0.673316987583799
697,16.134275908145508,100.58756355562491,-4.4911019556149645,1.5305716678304997
7161,11.100080824927225,44.58070971871,0.5535001606257961,0.800000224986874
2879,-15.307252378449707,2.777503924768337,-14.326271670398413,1.5217440129779656
4400,8.878866855209953,73.46874997268426,0.48033449964175207,0.8000023666740209
2784,9.24699771425589,100.16454175580121,-7.533528007011389,9.066773759318869
6877,-5.255948722772444,32.19547082983861,0.05732392951113395,1.5075382173905374
2418,22.85438255451912,26.233056233736132,3.6756328217788217,1.5029617514553328
4525,-1.1706511768527728,79.227844434092,1.218077525413173,8.792316005263153
4693,7.518307537760331,53.42426228793219,-2.9895835291107593,1.4909389725226119
2734,-6.573499893715419,42.09654094255271,-2.658753293857182,1.5043578735983945
1960,-6.459138524830495,90.4576725257919,-7.858888438287506,1.425314188858423
5720,24.46209890575201,12.354465479123737,0.013616133269608997,1.4342828838025206
2816,21.51158425292992,1.324124189573541,-12.29479556182556,1.4707739320877917
4654,-9.199912311858261,47.79835125265661,-0.98865539197678,0.8000006889942589
4008,10.30013118854587,72.38783939569674,-3.542747324779026,0.800000329859661
3638,-10.043459324440365,10.246118729077303,-4.738651619876777,1.3012314588088507
5617,23.08383594226868,11.862921485071869,-6.570039115212203,1.498548827308223
2076,-1.7411108928110792,55.28721008823099,-4.90191311936605,1.4596452022339774
7669,2.1678303366958724,20.96672970042008,-2.4868139026217104,1.5233803843180518
1022,-20.476914187957764,3.005158823550717,-8.0219001110243,1.5514852257144194
2178,11.280286296777547,68.93592351308499,-6.168249595832497,6.504176178057263
6568,2.3328295529421,43.83509414630315,3.8510280431339146,0.7999947145127899
2468,3.050467470837237,20.429053265918125,-4.872730577941322,1.4493156072511073
5036,21.568086282075676,76.72769051898565,0.2925560776064391,1.4859335840690937
2136,12.510230783899978,77.7077477251404,-6.656145206979731,1.468535613997975
2078,3.636858797111865,48.9770519314381,-3.9142188549467836,1.4908957594777128
473,19.777801376930363,0.3374910349971503,-11.79513764219772,1.5061142648362742
3253,-13.274690944196905,101.10973285990781,-3.499227449816243,0.8318554541950468
3638,-10.139386365739192,15.12161485716447,-8.300951705321232,6.185238105081991
4480,-0.250942364162936,89.74575461920253,5.725065699897886,0.9908117269386627
2781,-4.413398864343623,43.38786261562787,-2.9778305182406473,3.0724224439525885
4085,-16.4030335383809,79.51260951040713,-2.579288615460635,1.4697349310651395
3180,-21.12223731917527,30.351755841811183,7.227858525420201,0.7098406457875658
2599,-19.931355722419127,78.14312162401534,0.35825382481619944,1.5110896040531514
6832,19.32128988940048,85.18054765931683,-0.043373333612780146,1.486515593365938
5896,22.43304297401009,4.584270230393697,-6.271161606499423,1.5142835695095271
1312,-5.644460190266589,27.396929188815,0.038538256647112315,1.4922357954646113
6220,15.012281833702463,54.427143278667714,-1.7960905024944784,1.5333467392877942
2339,-3.9159784264327593,98.20987449743996,-8.000453256074465,1.4646413898024517
4832,16.27033644059744,87.46945056334573,0.4735071654474585,0.8000007615288822
2262,11.569947451352323,11.800205677105616,0.059760911366339986,1.3376436669268854
5060,19.480819904015302,91.90933186623025,-2.154929844453941,1.491043833703877
2379,13.702099195563756,99.75673506573483,-6.208787198533303,9.2883011017778
4654,-9.199904066040945,52.82927172115076,-2.2352964279097374,0.7999981174419937
6647,20.726798835282935,68.97335159246015,1.5277383847163206,1.4795554011245362
2707,-7.5245294175672575,27.370278200036587,-1.2906226177847908,1.52739454698563
3640,-10.047653798421884,12.442330983170178,-4.121027080305823,1.3111561259190068
2794,-1.6507913755927297,67.09327359447077,-6.455949309665014,1.483045339458749
5222,-21.6915874908785,-4.15861763048075,-5.642918605937776,1.3894278736051766
4640,7.981594426699596,57.90609510647179,-3.489506814295365,0.7999959058314053
5024,16.459998131268183,-11.526584231649126,-8.083027738538046,1.1161272033689258
6722,-0.49982758427337126,94.01394185128254,-2.7527858910140286,0.8000000461831783
3974,-7.649744432456106,62.94604749539597,-4.179621153226897,1.526421088299149
2001,19.873670839414114,85.36236368159011,-2.450017656269763,1.5199190163692002
5429,-20.990467720209736,0.26749244186467336,-2.6668073258781186,1.500612733034501
4089,-9.999819446624556,96.83058579156166,-5.171110975135456,0.800000115062131
2869,-17.619972167851458,11.540194867823494,-10.513777051557758,1.5337979229593341
6880,-9.199924809241274,40.60749891941023,0.5073926668810257,0.7999996241062862
7001,1.744003271283169,32.36998203951736,7.269219572028721,8.868740406437269
2265,11.633510491634322,11.166417768917087,-3.817607213376285,1.3093382851079203
4929,16.09854151726948,-4.931044163836384,-13.8084331266945,3.1938188922437103
7809,0.8743620940285008,33.307308934997124,5.741634543414212,1.9701802388872858
4012,2.7323698319655003,71.60759326098768,-5.464549951928678,1.4968846143157226
3239,-21.85556969121851,52.05563337399541,4.956424611772963,0.4338713731931918
4136,-14.97437662669496,90.62687692960158,-3.5096652491173073,1.4797106754608118
2190,15.721715518911704,82.09121925439072,-5.7965635354950455,1.4468874705221153
5719,24.44293135263836,7.356758324511747,-1.1329450842246154,1.4733038222490111
2775,-16.809443031418027,68.68429853216558,-3.5446288354353817,1.4919733973161664
2139,14.2731640433738,94.78568979071882,-6.415781744843143,1.495640186023074
6770,-6.47193897248037,98.49432102330739,-2.064494087429399,1.5500033589511693
2138,13.364533999243204,97.63990825914286,-6.570994470270462,1.4684080938225046
2136,12.851613229728654,73.23169875680254,-6.217915110660151,3.6714298267189607
1526,-16.996080201473756,9.17654489521109,-10.248657687244954,1.4877436594416942
2167,10.649309204646325,72.17173298234519,-6.561578849601535,2.2000652821551587
204,12.991016268685694,-4.607729720772137,-9.445301540677715,1.3129802293399016
299,18.834882991428387,-1.471640170626941,-12.230019617603087,1.490504447990524
4748,-16.090513492981184,50.59946399684274,0.008777133380053148,1.5812902637247868
7674,6.816588221229806,23.62991132171853,-0.7972049432165564,1.5289708735232836
4677,11.339743525772777,58.68063930988136,-0.8310202983942121,0.8000005059420465
6840,-5.1511480107443015,31.202657092940285,4.2578858061301466,5.646375251505823
2131,14.538475380415129,27.18770799244362,-0.3351721726708612,1.4242605073910923
4859,-9.199850130309642,81.58455710868104,-0.46426608841259587,0.8000002206607603
601,-14.55056459798704,100.01842005163579,0.6471037429953094,1.5500017014694671
6960,-2.7379595205982588,37.33600324400759,-0.5757270147947102,1.509908495326329
4031,-10.654812778112722,87.38187148112436,-5.70318645296749,1.3631735120608346
2772,-3.6992585219501217,81.27484622148799,-7.702282957002527,1.4817392026038854
3893,-3.56250556803278,16.82246104049652,-6.253986426360774,2.2278566339556267
7590,6.617868471035562,30.023663322933867,0.18926187105176942,1.5675413371656621
3892,5.736782918744783,16.635211099040333,0.6690347466312994,1.358270509699515
4434,6.19702206627374,87.50877719093155,-3.6271188076072454,0.7999976259725664
4745,-18.225955113705943,53.65593419085779,0.9358072855333515,1.5361253028601802
4400,7.07040017329007,73.50087244713463,-2.8698509883382695,0.8000108720414938
2150,7.216938562636805,37.8063384445081,-2.089134738649752,1.557336420109862
2601,-19.48969572970543,82.86829697980217,0.03764466522798371,1.512605997133539
4644,-1.2999098000937381,48.55509662260628,-1.172643011549623,0.7999970709767008
2553,19.040106053748676,19.80353604448956,-2.817239131576329,1.4707554966391716
1533,-15.676004620892721,7.263261146546777,-11.449168632140552,1.510759188993297
4025,-8.798146460786501,72.70498739773197,-3.3001858803390873,0.8000016749310452
3541,-9.979750657271204,-10.07245982676428,-3.6796147773682852,1.3957774356388066
837,23.858113702165596,-0.4232607657637996,-1.8099222776049162,3.0487285036493175
2089,19.27195760989831,46.86652725775495,-0.36348529602943624,1.4792010517393281
7360,12.33388639744671,17.461526468940264,3.443674176686904,0.775213442652908
2794,-2.9462024784818124,67.20989231187657,-6.456589068105756,1.515309767450314
7670,5.736538227832561,26.971420215467507,-0.04760971742387453,1.5025889334748372
2771,-3.4698147800560237,70.68287096112878,-6.867422900615973,1.5437635117341333
4785,5.5654894506060035,88.28410865666356,-1.0501446532557686,0.7999959310687292
5348,-14.510262121739828,-13.122985635454233,-5.644620467094635,1.244291574641957
2450,-16.43425105585746,23.73220100880407,-0.1840663356113992,1.399730913642594
2102,18.608423310231373,53.81838553530773,-1.7941065452569451,1.4698164646077403
3554,-10.09021786013917,-4.750896299962298,-10.13037267283088,1.3132482286844238
1844,-19.109578094536907,3.729042613513149,-10.686967538696013,1.4927224320234365
1056,-20.75859964193957,11.220109975852953,-4.4331596301828515,1.5026906912618203
2122,-3.9338157120673927,28.066315278370624,-1.4417011649509484,1.478285678104443
4667,-0.49991265009557545,48.59438109710874,-2.186142095693832,0.7999980492147626
4068,-9.999849162375996,82.18534876820748,-2.5803624015854436,0.800000668678445
7173,10.713484524652408,43.70895963143139,4.377766819174631,7.024442683135964
768,22.71457936529081,-4.208597980267894,-1.6445294329530202,0.7127321530290428
2793,-0.21495698415244463,68.92584638343573,-6.678578723834075,1.4736163892373453
4019,-0.4998707718463063,70.40029826830587,-2.2791945500296134,0.7999993299986987
5036,21.52329609154022,76.20488501792425,0.10796636546307997,1.4900822234231637
4727,-15.35534078010862,72.671931242769,0.15038014089841287,0.7999968847776734
4068,-9.999842607648935,85.23046858987307,0.7320257149478852,0.8000002002965722
2874,-20.068634190733334,4.476359211372305,-11.712031556837779,1.509761743608505
4480,0.003820689968478286,89.69553798957908,4.398082013124724,0.9876165254530131
2603,-18.506493333684276,90.86266933243236,-0.8594925742182445,1.4926540560204973
2076,0.11536953105414216,55.419885838447605,-4.940899852228014,1.4868235999596866
2352,-17.72576347704535,-2.7150359370584494,-13.502015316679925,1.52269338719852
5542,20.50012126886819,65.69717411897237,3.0159085754921393,2.2194983210813204
1861,-20.024840015464996,11.9262196462277,-5.94642544565622,1.5064301721521625
6222,17.579568433803466,46.82097601644667,0.4373017547886089,1.5060195645899466
545,4.661404969433837,100.07746857649774,-5.517264101750415,1.5499905093359019
390,13.036635407685754,7.227600796759143,-11.476916424354329,1.2915290636884693
5503,-19.499881071622575,64.76975619043507,4.000571451884668,0.5999985357439948
2761,-12.145279033779236,29.784463568978275,-0.40188988296732386,1.531210126368936
4782,10.30017029110581,92.14007433729671,-3.3480096510279505,0.7999986090082937
2697,-16.512000324365733,76.60562495181122,-4.197361445784593,1.495371188845555
4018,-0.49989086131913096,58.95381107046737,-0.2159968173814325,0.8000002185807918
2804,-12.196275199513764,88.50398266706472,-6.659620373829432,1.3871513072375397
2307,11.666954238746666,-6.302663965510516,-8.84275949033615,1.3285292068391215
7403,-1.6923184431483447,19.65151087686975,-3.5819664476248017,1.4624279555961557
4669,6.764387469953308,44.012204398512736,-1.527815298179407,1.5182257031946096
1316,-6.768332061477954,29.181477733925814,0.2762778076832424,1.4961546329949988
1952,19.175677419286355,63.54017869784931,-2.5148008811807303,1.4383449057898736
4655,-9.199907684757857,51.151494202300384,0.6092288963276138,0.799997517662545
4673,11.100114486901369,63.17598678871073,-1.9660747636599116,0.8000006239561311
594,-1.6830170212187836,100.08448265121919,-6.2470901760752415,1.550008639680238
2083,11.583229823543704,54.87713164068738,-4.285454000833477,1.448498997783053
2441,-1.6036860816554805,74.15300215796795,-7.1669685260637594,1.448988196645325
5226,-22.50455224203257,2.832667721461117,-5.025334314573225,1.4412192402908566
2077,1.4017967624665506,50.494215034674184,-4.1742463781742085,1.501841541824192
2076,0.7806597987720305,49.96849644191834,-4.091314264716927,1.4988116511706067
5362,-19.283261351319798,-6.1482338368132945,-10.83471672245394,1.4129696605170126
7591,9.808715064471045,28.130174053652834,0.401604479427913,1.539922396316211
2462,-13.365188111092873,19.749289758026887,-4.189003153745967,1.4477483833659146
7396,-4.576656888237501,21.877235476932224,-0.6490175339842195,0.7999993771972088
3997,-1.666671407838146,72.67925092735486,-0.6164977619685588,0.8000033205860065
2713,-15.502628535341609,97.44712284884554,-4.220865503503999,1.4660652333042858
2704,-8.53275991228984,31.834558907702263,-1.1324899501036283,1.5006620259040635
1400,-16.013022431145636,16.75366423690889,-4.48689269630316,1.4600703251199834
7045,-1.299926787313028,40.35460721220643,-0.9618541841178162,0.8000009572039295
2567,-22.20467659793794,43.57253781602648,5.2936623344782285,1.5902984977813652
5331,-17.99622263888845,-8.109614016636906,-10.380899971390908,1.363618900178268
299,19.72852336064834,-1.480488712795718,-11.712701078936774,1.500793057134986
6232,20.94959509972911,25.0447311178027,3.654070721698133,1.4723340173093864
4119,-13.675200909798825,95.30987549033307,-4.110555383935893,1.498218385329001
4691,2.011534846294447,45.277232680646364,-1.829366383250364,1.5030889293624388
4692,2.8124731975770128,51.52795868441031,-2.8109976040237514,1.5060356421892487
1722,-16.434003306704888,-9.776266432228041,-7.545257409625793,1.2024418855360646
2161,4.772798539529717,30.682686677746048,-1.4106166423458526,1.914753934840785
4881,11.100174841792082,95.60813008736181,-0.41552270514800727,0.7999996089931396
2745,-14.110270892623287,86.20018685846355,-5.824873935848586,1.3955362438984376
7489,13.787234145241149,19.000964745793823,-3.069383402341202,1.5066416570515446
1685,13.63779515345255,15.681817666484415,-1.160190413126529,0.7999993505368319
5271,-8.251953305467802,100.45923350649988,-5.838529377893112,1.4851532920991468
6334,14.380703347274459,83.44588429912432,-4.82194981696145,1.4835833781062342
3239,-22.126757300560925,45.71172237199035,5.450216765666225,0.33047666177772017
4538,-9.48358785347784,46.75269039324321,0.9067824350725819,3.9875132729461176
3969,-9.199876849756826,66.48164684653867,-3.7818603161771103,0.8000027406827308
2156,17.17194318470117,32.59057156614194,0.5612688933141686,1.5216317771367727
1960,-6.977327097671752,94.69040387865702,-7.897715243178044,1.497976459997795
4396,9.745711071831327,80.29350063408752,-5.876930138132798,1.445367435538705
2085,15.413300944072546,48.214199440481515,-2.2903764645780154,1.5091830435200388
5715,24.360673336421247,14.799833333208413,0.2974794302685251,1.4377358347348863
2552,19.088741441148507,18.555288570244006,-4.172712100673696,1.4696207571705118
6203,17.231718417150596,64.98809915236022,-2.17836362356169,1.5036854560408286
2783,-0.4703095146736984,33.911342441995295,-1.7286553317759685,1.5242566177876529
4049,-15.628650175711787,88.27750306998551,-0.35639324558877294,0.7999984634409585
3982,-1.2998755341899242,67.43315427596907,-1.5266697746453943,0.7999995412148102
2625,8.611066654168525,25.994284043723603,-1.5417827271601001,1.5295408880034893
4040,-10.565228910316499,87.52518798908196,-5.335286252250323,0.7999951834015298
2272,11.7269950459536,9.687894572275196,-9.655137251043747,1.298665676797028
4843,14.354492166761398,73.49902143314449,-2.677596547638702,0.800001770864425
2736,-10.260548218547955,64.40255837585299,-5.523200918637263,1.4349150303062692
5695,22.680051768677718,46.61159139716312,2.6944957333830626,1.4954314892325804
6492,3.9751993375715236,43.06951156459735,0.2567500095458255,0.8000014421460869
3987,17.40752046696882,97.8876983534227,-0.9788587940622409,1.4673836327490377
7033,-2.994967169894214,30.86468804678904,2.6433345319609165,1.4736013634964762
5421,-21.412236206177916,10.007357562304104,0.020944353390658588,1.4974209122403435
1302,-9.999944503130235,29.274438111405566,2.605911942429369,0.7999989258266141
5877,21.71084992735004,10.329232936810115,-6.754930971772361,1.477599857563106
6786,20.385182561615956,68.1530623837547,0.650812008850052,1.4304917811211517
5933,22.938953882804817,13.133252434012984,-0.4654439334046494,1.4159253075686262
6724,-0.4998211406811539,97.52486558934308,-4.221053514302946,0.7999998578218639
892,20.790187377155036,82.6661143413093,2.8241314495696885,0.6975626487397155
2888,-15.306585586757636,2.23474393816572,-14.395919772273366,1.5221003669759192
7539,11.100049459015276,27.045272749192534,0.8026761221737067,0.7999984894919774
5163,-18.040009615013673,-11.768544789211173,-4.78465790991763,1.2382950794997578
6498,-2.0479577268627525,43.060077411226885,1.2419190521828827,0.7999958377797666
2455,7.035435936995341,20.30655858011735,-4.84482842573869,1.5090231332668205
3240,-21.71932041362326,45.67714613983791,5.452909353837259,1.5399172273309272
2096,21.090401377727396,57.442733892373326,-0.3288982791795845,1.4302723455877993
630,-10.009965672829994,100.93099775817143,-5.729734947288489,2.421405110563418
7074,0.36711730554517813,32.461025828162185,3.533387145606427,1.002755310178778
2794,-3.0647713243222725,66.23140885111096,-6.334717718158794,1.5099717967633053
4482,-1.1579876149121584,89.9674478107645,-4.396116270725031,1.0265190894921705
375,13.027428682125825,2.0635184131785906,-12.156737725444149,1.2910094206319587
4648,-5.654317628339875,55.586937709887216,-3.3581499760343494,1.4967865570268188
2058,-3.6943425590901846,30.946109571654755,-1.4283888211200886,8.690851786190429
2178,9.977976207295425,62.69242678858423,-5.6096013650839085,1.458496642238724
4601,1.6668651372901069,86.15514560183863,2.320570218609687,0.9879787887009669
7076,1.1938361674613276,30.925673189588522,-1.4525006162606204,2.34586999327707
6656,23.040954341596176,13.304031734902457,1.6435319312542327,1.5389322746338736
7019,-1.945665482491407,36.723415987009716,-0.5061480265094876,1.5201214563624912
593,-1.8460257748897813,100.05440266791234,-3.109256713770238,1.550001620032409
2794,-2.161690746068568,59.87612442063389,-5.560900066916869,1.4675494491377012
4837,11.100137140245348,74.11524083899673,0.14742947477288312,0.7999996500377979
4881,11.100167380323064,91.16086322932422,0.994139426712491,0.8000000808114526
4475,-0.3088036502708145,86.65873782001643,5.7895157539391295,2.0000040817629454
7326,8.037949466217805,18.08558428729813,-2.662546592549858,1.3597789190315948
6869,-6.565997616865486,40.8176470795287,-0.9281844118828577,1.5009648049808066
1057,-20.164872588711184,9.758822319291642,-6.878766497665415,1.4906748375116041
4833,16.639941213174705,87.50709186482162,-3.454277591298272,0.8000136365316091
4692,1.4519014976306952,54.666452636613975,-3.311734392420832,1.4993726763845419
2599,-20.228555860231694,72.34441095552572,0.5654348001554821,1.4683827459803434
5044,20.70022202075151,85.7182730595985,-0.5031066465885975,1.4866747368607784
2076,-1.6702108223899397,50.94105603630822,-4.220083031112542,1.4615853779376506
2469,1.227520302432267,23.72160082438297,-2.6236193229781954,1.493583162224159
4691,3.3138621367335115,45.50280074304851,-1.858469069229216,1.4873921412429996
5418,-21.44578838939721,15.07100402758004,1.779503861729262,1.4306916998332704
5701,22.473130866886144,71.90713208376438,3.2453113851759885,1.5403318500268757
2458,-6.458932479344618,20.64496143571785,-4.436575481237691,1.4912334681531283
7513,11.100040854451802,21.942259141799862,1.27974164569533,0.7999997896886374
2423,22.65484431405468,4.191360476577565,-10.486381447850968,1.496360281505548
4792,1.176596627079043,88.05354624816786,-2.838057389118272,1.620176363783818
6523,-9.999937113596317,33.632822200923314,1.9528331689519085,0.7999992248204019
2148,6.591411352479934,35.301037118187686,-1.8247110243276803,1.570376199115195
2187,19.51846771967623,79.52261963898741,-3.1544332492840357,1.4930043607640733
5429,-21.01465376237436,0.5302081251051385,-3.44301473232046,1.4554425531367141
5698,22.521351156146395,56.57178161560971,1.6956697993930705,1.497501634799871
2702,-9.309799968794668,44.18787588424041,-2.6912445703015138,1.4767541080323032
4442,2.821167537288381,82.08763325273739,-6.315173772889235,1.4733203128702859
2999,-10.10495392857359,1.9671630794927109,-10.288432887859,0.04447339591967419
2797,-7.88180432980621,70.73232253115874,-6.63374192548544,1.5542331916006662
2085,15.301900488196999,46.9485015622229,-2.116750047274801,1.501172643946119
3982,-1.2998669140271504,72.14157909228591,-1.3747808306050653,0.8000000061761715
5200,-21.516558684892765,7.74992305928475,-8.478907320361632,1.5134061606962517
2714,-15.600201180745504,94.40221246682106,-4.595468758212414,1.5012071868573509
579,8.052292877656438,100.02297717973453,0.16791971615846557,1.550004352409766
1022,-20.355378206228135,1.8072411946475637,-8.331850217226497,1.5759956381668612
2695,-19.15922660535276,57.8392414261397,-0.6838772554061902,2.483897404153231
2172,19.28649163871944,67.50614592538673,-2.8537716959842028,1.492810665371617
2758,-14.738714084815058,34.338742830707695,0.029071192838314296,1.586506050737556
4752,-11.379078786861118,51.90034485798894,-1.996346580023704,1.4905591118696813
5139,-22.002757650563566,1.9154548147538604,-8.137228330618912,1.5604188139222726
6105,16.959865942001425,37.1038005765846,1.6274635423266486,1.512955186611155
4665,-14.639606607250638,70.2828050415481,-3.2357198796624678,1.4514094560058446
7414,-4.837001422482205,21.61685396437694,-1.917951719229111,1.4772008148134486
4588,-2.7822929111656047,85.44944196427778,0.5396835830095633,1.0234236615281287
2851,21.221273940747018,9.12084119828327,-10.529024026860775,1.5021176846972586
7630,3.6348035448855445,22.089176984204435,-1.767780125358284,1.4441767443616582
4605,-1.5276200227554386,84.85264235230221,2.6403091420224953,1.0156706894727332
3280,-20.74076943334351,59.97463989576195,4.744374879175654,0.6986745779574004
1400,-15.81206230925557,16.17334932559814,-5.1884670999684275,1.4698856564548708
4853,11.100174100935822,95.63781305695127,-2.322560075647405,0.7999982292869556
5630,24.14610319848572,4.597530587641403,-5.07072438375818,1.4639165144897774
4862,-7.786646597244438,75.25040725757614,-5.51946760952168,1.4655524107659983
6223,18.124469942260852,48.72359366776947,0.4003604981097863,1.4691551397132496
7744,-0.4999506326021179,26.70336172467909,0.033358001725215,0.8000014115939131
5019,23.163651475883427,59.62554022808459,4.034278708267166,1.5451256033404948
1384,-14.27531245006588,15.678342554015236,-0.7926962843480114,0.8000012363894924
2463,-14.868663898864904,20.66777133015039,-2.9259946334209586,1.5445869844536126
6738,4.981690735390642,98.53499886128913,-6.309280615186751,1.5499964904728154
5048,21.399303686183742,67.72817195559954,-0.5637872447020081,1.4811978046558254
4011,5.084966142281857,65.05440771478274,-4.672985050965932,1.5077167729386982
715,-15.022014677094157,99.50746518111994,-4.263449150654339,6.01082434554321
5343,-21.09995350247425,24.80825976757143,7.888790130308073,0.5999991381995314
2769,-5.800499263304457,84.33367265781966,-7.795976461156005,1.4748990277303105
1693,12.930141747118,15.11668344412846,2.9766636680819847,0.7008344192925277
2080,8.23262199445134,44.3647886504091,-3.00554925357127,1.476475425496683
2176,13.28366565187726,67.41951638513694,-5.566584396824476,1.4647517241812786
5621,23.468990854958456,12.69160620631304,-5.009752900226527,1.501044413310201
4647,-6.43408697378558,47.166328224854546,-1.9733163662240132,1.488296246209175
6869,-7.585590016818231,39.47472799837026,-0.6091221822122196,1.5153400600870033
5041,19.950225164929783,93.52541051023246,-0.16961156786199147,1.4917472467740642
2166,11.662096983874811,89.2115957489556,-7.305506490811722,1.4026700959244234
1952,20.11630821507901,57.44480744192704,-1.2937349510265674,1.481363343063861
5680,24.282205599074633,21.687303517396423,4.511074921016281,2.2549366960346764
1654,-5.2084744217359455,17.797794813399896,4.726914227092018,0.3202725828062725
5542,20.50012194962794,65.79100328846675,5.804078222139951,1.1999982524943529
4810,-2.9354106280455947,88.06441098981935,5.22496139575053,0.997059196403157
6166,11.196953894814634,69.26541601771325,-4.727293806430505,1.4693316255395148
5620,23.349766705307943,6.300725230236465,-8.299417234196063,1.5024042841135479
6850,-2.4950593718017915,18.105228402084627,-3.562344400461279,1.3550704202069799
4751,-11.880477900583902,53.874135785729706,-2.18099928495157,1.4830768790128879
1952,19.11376745450119,56.82690110519347,-1.8882671663756754,1.4556321957299259
7702,-0.9947304054915592,33.9092640691087,3.8495909555629533,1.0455666524158282
2781,-4.998446212838699,55.60810536797372,-4.915784473178528,1.5169088296617597
3406,-22.072683142157523,7.634634782133087,0.13643975118898688,0.6939058239795923
4837,11.10014590674422,78.78236312461955,-1.1775577445969403,0.800000713313254
6505,-12.51597433314305,31.231002494038272,4.220740248500859,0.8000026695514663
5542,20.50011827452273,64.05557440229639,3.760641841091867,2.448907171933462
4649,-2.2464761525046737,52.88135065263533,-3.0239872979968005,1.4773186498400142
4819,-1.2998569727336038,78.35493492369453,-5.521894716613726,0.8000008310104452
994,-20.615382523791393,17.119707075550924,-0.2550341178266995,1.5190372052368657
519,23.181262800625706,37.128124817097934,6.1183470728247995,1.831628460667461
1022,-20.174900883219053,0.1770449827686268,-8.821478979480304,1.5683582442676836
6158,16.874782796183894,89.92090998688279,-3.3077610689500636,1.4836950501903607
4822,-1.6326874636028064,73.48092117053106,-0.7865779522633063,0.8000034748068046
4654,-9.19991063021809,48.82255537468219,-1.0556941127383408,0.8000003239065722
4403,-0.4998632615262301,74.48632912758214,-0.5457785208227827,0.800000444454883
7671,9.660048003944343,27.264385462490146,0.303353238785833,1.541319039808478
520,23.32084853885652,35.91279567206352,6.212945682018356,1.6762736786161665
5229,-22.65792817455428,7.901296814107864,-3.753642054358516,1.4373973932863797
1517,-11.393468739089142,12.442842697455072,-5.97053073898708,1.3129588463908852
2175,14.400584978979097,63.90982734333428,-4.836205781605965,1.4514742259343822
5720,24.527718176288893,12.124813238095967,0.6761578109905713,1.5000008621423961
4402,1.4960647867450523,73.52104720286985,-4.973620840624848,0.8000034834942317
3637,-10.043969466388935,9.748738042201879,-4.9500769449830155,1.298896480079245
6277,19.839294881900265,36.62968774107407,3.171391068514016,1.515919573583662
4528,-9.467172328182489,65.24501030444601,1.0840431020625454,6.844021876864168
4615,-4.696236867634472,93.66591966978895,-6.597141499983426,1.4671491202384306
4023,0.753324749990238,72.7238515549927,-5.270153202105763,0.8000022070235143
2347,-21.032495362843463,14.47868779947327,-5.4185865970737215,1.4986437031581672
675,18.65953275925077,99.40108487066824,-1.069401915915579,4.938919572450249
4139,-15.575868909013803,91.75526025305055,-2.8886002242290747,1.4726189281099014
6804,21.246875138708305,46.184308830730735,3.232644106001665,1.4623749461204898
466,13.025791374923923,13.609137330100442,-7.226802553945948,1.3150121920985527
4401,1.7963927043176455,73.48148066174565,-0.8459988261734481,0.8000037062839869
2728,-14.773828446702332,9.745732248099566,-12.352930429743775,1.502314292446863
1396,-11.405142447358951,15.93714603723834,-3.892953572897374,1.3890042189308096
1537,-16.70332051881291,12.231962840203002,-8.482003423598037,1.509997691999207
4750,-14.175920234180458,50.43445233072789,-0.9088301245524849,1.4810379019000772
2702,-10.926353336152438,45.044706712378,-2.550187216429233,1.4885930708958055
4788,5.65346373495792,88.66242610329249,-6.559495745818197,1.4159687330626167
4748,-15.684262651698745,47.55970984097394,0.24200961703271423,1.5557630420107287
4858,-9.199849412186762,81.48031928247002,-5.040183666762371,0.8000013222702155
2086,16.987040793265795,42.178014056078325,-0.7349335173696556,1.4927324222358798
2108,-19.29864726285541,40.92079342484079,1.5082284945333704,1.516661183648038
3892,-4.557720290211687,16.583948696167056,2.565101096073737,1.3840034437004993
6731,13.285099046730839,98.49763977711936,-2.413904439951341,1.549999597766143
4668,-0.49991521134778255,47.199471911182336,-0.7240502925545328,0.7999970797963312
4671,11.100128320046558,70.21269001233844,-3.3469838664044875,0.8000012764992955
1556,-18.840339582399203,1.89786948136353,-11.204158156675588,1.504473266268516
1506,-11.422819534408546,-1.8418793106178977,-11.92800842611293,1.2987951486540497
4437,10.300154336573232,84.117089032409,-3.3631501709176006,0.8000010063948423
2687,-17.163245409530273,91.03457408384448,-3.4098169576061976,1.491394445972665
6583,10.173119960978003,43.83273909282937,4.095283463561789,0.8000013242654279
6869,-8.258948836417854,40.67718768105762,-0.7260228435204312,1.5331266491727213
2516,13.788788177418807,3.1762055644752807,-14.743399753959535,1.4909388239092383
2857,19.40356258606177,6.031233912343904,-12.812288397786324,2.741485605743819
6216,12.578547757587465,54.22596649004669,-2.469695548572226,1.4977895354026047
2168,10.391895122040395,77.83950100523651,-7.047675058343312,1.4203242597718355
2939,-20.330649707731283,-8.317821132172172,-2.0970410708031384,3.4928638807333514
4880,11.100177402878192,97.4326146739009,-4.224228955434396,0.7999991977174485
2789,4.808422260925536,84.84050156307774,-7.920083524713415,1.4818643001365666
7596,1.6549846501893686,25.82909166022629,-0.30390377927133816,1.502679025982799
2735,-8.673971785301953,40.462088045460824,-2.1978087433052194,1.5243820782936222
1075,-20.858233764955756,0.6101177532114561,-5.353385478099086,1.477104846251704
4493,-1.639601850212287,88.70713539748701,6.927889171450011,1.8415570099159597
2796,-5.480324392693899,60.6005142620711,-5.592053272831906,1.5025226904843707
5346,-13.53639093583429,-13.773967117565663,-4.751386562763668,1.3469353827919832
7064,-0.9950722465942117,32.00810172070703,5.265654884253726,2.0000040492868405
6744,-1.2998202619993795,97.5216155346522,-6.5093505641199005,0.7999992787428964
4024,6.37070065059799,72.66685461710831,0.6745272888376909,0.8000021564015625
1997,18.624136366426555,94.99218775443529,-2.9592573305190704,1.5040445465023708
1063,-20.135748942731507,-5.414504590731077,-4.452303494412925,1.3192601846246579
1400,-15.556762673256895,17.50486776585577,-3.814482779827995,1.4589807644153705
2565,-21.798647522656733,38.0518580983877,4.465069401075505,1.523516578245791
5697,23.197228564204828,44.78506841470295,3.655914427304886,1.5121443047364036
721,-17.159294798303364,101.18469149348232,0.7556250612481092,1.489668239732889
1446,-17.06867931572542,35.79411001090627,2.624331365869769,1.5565901881585795
5613,-16.57598655958261,14.917966922320618,-4.9296888303129025,0.8000009552848324
6220,15.87911009692883,45.87029008508552,-0.15523820228120913,1.4832258268180702
2084,14.519864718324365,40.98956567526301,-1.3836815162695282,1.466925617511886
4655,-9.199909354481537,49.965422652803994,0.33586898362312906,0.7999984301286056
2792,1.2743010169607965,64.15684934623307,-6.103629670183077,1.483160097177901
4530,-2.4836184624799706,58.12782691544523,1.015820471338286,6.3656144704123
2144,18.72264951962296,90.24162904355268,-3.5565608754455784,1.5250633524511386
4667,-0.49990628098064793,52.07501603503177,-2.6749594523237796,0.7999973787383432
1535,-16.642490563224158,10.429230187821695,-9.666508738269808,1.506811483629802
4858,-9.199841208538277,85.61316842040529,-1.0318979193818123,0.8000006483316892
4404,-0.49985405569026464,79.74025379192301,0.6867509918673517,0.8000004624962307
4013,5.75314581308826,59.00280279185705,-3.9418608912560833,1.4885595891376928
4018,-0.49988941243170587,59.82665369301054,-1.287548248697774,0.8000001534093879
594,-1.498186437360818,100.08078470961567,-5.861568989529234,1.5500060513276697
1888,-13.574733093360653,5.179716091868485,-11.419008143245765,0.7999976339600893
5163,-17.530954546100773,-11.989868316998889,-5.128243823131102,1.2027832727718923
704,-16.580917600417532,96.89819733342998,-3.0418079724813905,1.4735085544860897
3892,0.3143958913980409,16.596497758253385,2.1007984884780306,1.3711905094564412
3974,-7.420928000732644,61.522572485719834,-4.03154582889898,1.5166909535989843
2778,-8.40325792311648,61.37441259647727,-5.444894586881516,1.5077759215024826
2501,-21.16789809406417,21.461916808296408,1.3844768967190324,1.5318531248009755
2769,-7.138865364306508,83.25818487302503,-7.666006753502742,1.5353544691224734
5015,20.07010121570083,95.10901640796084,1.4802626077886791,0.7682658381907781
2077,1.7223277023094978,45.81273083265709,-3.439156225501342,1.50548909823922
1969,-3.7456249586735852,93.27776705866684,-8.11939615119529,1.4911178106804304
4881,11.100162582935491,88.37023459261553,-5.272670270470444,0.800000169859128
4672,11.10012551281784,68.79134120015932,-1.9317943955267234,0.8000011542805091
4820,-1.2998605685841538,76.28194059098513,-0.5373762150139749,0.8000005519680401
5107,12.444951767913214,-11.572814189169716,-9.422160355033238,3.789536236286777
4837,11.100138982883175,75.08475349755575,-0.2898333616446115,0.8000000314309728
2082,10.143690025574415,43.9764257346031,-2.776716828188883,1.4920817885941726
2338,-17.509396054765997,91.98557896230234,-2.8016383976373636,1.4947619473312175
5519,-11.905797512708936,14.894373003089617,-2.469115541961539,0.7999993894400097
4403,-0.49985408791266844,79.46402258413016,-4.199220740898983,0.8000009402472334
4863,-4.957568077274679,76.7850080189854,-5.857761320829251,1.4596108035380122
6134,17.302809636738463,75.46342507221262,-2.964260703456281,1.4224571105648247
828,24.07831286365635,18.400572316552825,4.284534044856822,2.293239950359933
2726,-16.16070015585165,11.037965397084282,-11.259531473271382,1.5093588753642044
6721,-1.2731351791407843,95.8392744882299,1.3773086443583684,9.55132549232445
4013,5.293924481124655,61.86091207929101,-4.29310027130407,1.4952381513442838
2077,2.982700926037752,52.93455919297389,-4.557943046227419,1.5064186014137888
1022,-20.52051224795792,3.498786350534615,-7.923333497564553,1.5421407569773518
4655,-9.199911408703198,48.456048728355576,-0.18361547033638703,0.7999997656060918
2590,-19.29100577137743,87.78719925097793,1.0263176917550088,1.44944386770399
5356,-13.822268646789219,-6.20890064311928,-13.39233816209223,1.4923877629849518
6369,-18.497652033710516,72.13659723895239,0.24081638696638155,1.4910962019823173
6881,-9.19993056896299,37.38626030450566,1.515225739708994,0.7999996038627614
3198,-20.62753368604541,50.936389905779244,5.745665979299089,4.098895539902676
3941,-14.16869468569436,90.13748155960556,-4.151590514408192,1.5115460373366958
3556,-10.123055207172381,-4.3393596724328525,-12.015796644706551,9.229397032011878
6212,17.20432437652355,55.95293317421544,-1.1712747397774046,1.48300056921815
6507,-13.403489774501583,31.245653589684807,2.6922029107951673,0.7999984524447619
5511,-19.707263458041336,14.90871387597236,-3.9635865418696103,2.6272921291506557
677,19.02899824014862,99.79496491475555,0.5433883567500568,3.097723221422062
6584,13.807993370184384,43.85741987602456,1.5200717580685055,0.8000007031022999
1512,-11.364600156096598,13.485633189754465,-3.738103187763409,1.3159691250683039
4777,9.423101263442499,92.66710083933296,-6.278272911875996,1.4659114187995268
4087,-14.661584704176622,88.29280221904914,-1.9530442271856205,0.7999936474935333
5667,24.026974315809444,10.151597413078262,-4.4537303653390286,1.5165770987411575
4070,-14.737705747103814,85.53202561483353,-3.873010024697818,1.434405036858294
4790,-2.6016881038815267,86.71506926747664,-6.292187937420164,0.9876778755493101
2087,17.363499320711853,52.80173795267932,-2.2364418791982112,1.4620298798106723
4791,-0.9683929405112486,89.90305959213897,5.598668450584008,0.965005775631652
2735,-10.023619484858004,52.35701619569124,-3.883820437021587,4.971381515003537
5155,-22.174813400894635,7.025299404543742,-6.900200089373578,1.5375929868465052
4859,-9.199854042874597,79.73196725684252,-0.4946735676261217,0.8000002208804783
6999,-0.5788196090953738,33.324725897888015,7.278371270498184,8.945783215869211
5047,21.40118231861954,71.90885658229976,-0.40230531227553173,1.452967359012791
658,-15.684946768626702,102.28171270799432,-0.70703144235499,2.322794637273135
6743,-1.2998227721146831,96.90262041586125,-1.7784519709846087,0.8000003530588505
727,18.21573636686642,98.82130525657429,-2.3615369794366585,1.6125466357650093
7770,10.152377164291693,42.6316509508354,-1.0318913618601635,1.4945080889627256
4089,-9.999817996944998,97.4941773813552,-1.3422581093470205,0.799998404986707
2558,20.749931068204873,19.35881829623497,-2.250171326596889,1.4402307765010247
4015,8.383607515563988,61.008111437650605,-4.050853232176154,1.4818512429390043
2082,10.82616128534292,50.80590904771787,-3.745853094116629,3.125876661781473
6198,12.80312286973241,60.00662245921516,-3.273741159266347,1.4714434588093421
1028,-19.7858129986898,-5.249547114011644,-6.81357034325236,1.354457991019956
4858,-9.199853228457766,79.97150290699302,-3.470884018306969,0.8000006419651047
6493,0.4231089992161901,43.08287578563446,-1.1367513704664545,0.799996767252709
7381,9.804858488269076,17.971655137561136,2.6289113979726775,1.3891605326418424
693,22.18944980772088,75.73514897278179,3.1132605345266184,0.353278792354154
4399,8.386591706886744,73.51032977766556,-3.8567408678517814,0.8000099379157988
2798,-8.042622646800044,73.01940503402862,-6.789020416038852,5.998741244158535
5189,-20.94418160995112,-5.681033554548224,-7.619996271800412,1.3742165821686325
345,13.735048108798448,6.991456036067708,-12.23163076299642,1.5126774639355622
2326,-20.970766153399545,29.565917431691997,3.808591566880936,1.480892110681721
4878,-5.566931741381142,87.51884674067776,-4.675689446794925,0.799999628248477
4868,-8.174153059586201,82.32765543325402,-5.959340367054665,1.5162147006222708
4435,5.6921435885633365,87.48608649571918,-1.259919602536728,0.7999960945131123
2093,3.209395790037486,84.98059381803814,-7.968271878268501,1.5084400400848434
6576,-8.079839974096128,43.87406269544257,-0.21270436929857398,0.7999907480681137
2154,15.054050469552099,35.13635284594865,-0.45402129073673236,1.5329530998392333
6772,-1.6679712084121654,98.51196328376571,-3.905769530620021,1.5500023683664452
6960,-2.6295364747138406,38.400992555734405,-0.7408916900953667,1.472967695932171
7161,11.100089405553012,49.358249330711146,-1.7991728802587552,0.8000004584616941
1982,-0.41746708500976226,95.41477896732968,-8.174448652397277,1.5075901663297069
6465,-19.711250896994958,55.31001438630541,2.7679209395012836,1.5125685888376106
3894,-6.771008938804745,16.83061192395467,-6.555215853793875,1.7180774505100418
4688,10.300101413441018,55.94686084632203,-2.014613527243655,0.8000001950738703
2392,13.427489673573264,15.541623490448032,-8.833987789568766,1.6043764552668174
122,11.827600715852228,-6.675846763910737,-8.097781952709557,4.316566014290101
3970,-9.199871134262388,70.70801578302083,0.9143380013476241,0.7999995036207292
0,18.1801196228212,-11.632121581571237,-3.5968341486763142,1.2903264371279575
2789,5.3854754578410455,83.63487399459332,-7.88253878015669,1.5087564479260112
4813,-2.8525532523515915,87.3160157033651,0.8686239539334653,1.0249073481303619
4691,1.7804689980649397,46.27192461328795,-1.9871413022516764,1.505710758501631
4019,-0.49987829986468835,66.24250313027645,-2.0322289331399737,0.7999994141021318
6222,17.389821771530368,50.180534848784376,-0.1714707263983734,1.5008499035628884
4439,10.30013761163903,74.21522346563152,-1.463754727798864,0.7999999269496233
2079,4.87197350748569,52.839029974971325,-4.509119664846065,1.4795191656384825
6593,-19.84607253652348,73.31066053030719,4.004101956664376,4.371496648164935
2024,-10.649910090368566,18.843117309396305,-5.688834341980366,5.693667373036256
4729,-14.161227975076729,61.12363763349181,-2.4570418040872273,1.4573344125773713
2779,-7.985116624270921,64.49907032295064,-5.887300120201909,1.538881241032198
6217,12.223026438252173,44.95156983137735,-1.0359748672032492,1.5054299478184432
5157,-11.246474877807334,-12.191252464360831,-8.504935108348251,4.454663592329185
2748,-13.871005292639113,38.57410090079783,-0.7263628410647901,1.5088304647199036
4006,10.300108772539577,60.49304635101909,-3.2197678296168606,0.8000008914626954
6386,-16.910170599357112,90.96552190345159,-0.8505483178730692,1.5007965273202866
4019,-0.4998715641390919,69.56054727341495,0.5473448673397469,0.8000000754878025
7665,1.339310365243965,19.11678581895417,-4.1121052479598115,1.498462263517367
2137,9.899514250179884,95.55030165208692,-7.654113895594238,1.4909565508301887
2108,-18.54425657410545,42.7235427453498,0.8049770394374609,1.4769843550167772
2176,13.44394701898525,67.16749333469093,-5.492208460068425,1.4539848909196391
4635,-2.8365036714748495,90.20303133349387,2.4460191672756846,0.987352535252926
4709,-9.999874275770186,68.48919825463551,0.23946572020095308,0.7999998067769225
462,12.927461984287755,10.758203640612011,-3.383356484784103,1.3042252723019054
2193,12.921006658283021,85.8505691000928,-6.898946530631196,1.423773437202054
608,23.290054777287658,53.83911075225077,4.817587335842413,0.8917646554456703
2314,11.633353378949367,-11.865857375739537,-6.5571510933596775,6.661390837081633
7783,-0.4999364641007012,34.90519062627156,2.6852896463300544,0.8000003421693311
2078,4.431238338232658,48.1953995126133,-3.775414224330397,1.4784731553108024
6830,20.068190383841653,77.70677176713056,0.6210811316281093,1.4874209403030731
1520,-11.398446544922619,9.99180566559907,-7.994576925251748,1.2994281843668132
6975,0.21408918559092233,30.489261533833332,6.3956783721491846,1.8576406174348365
2582,-21.619537149559264,57.300180481437934,3.9864526873043538,1.4898369045384134
4757,-10.138238816066165,63.55972944884729,-3.9816482281108034,1.4344314719549174
3892,-3.8575710636307314,16.638260571783725,0.5568700190529157,1.35723542943741
4881,11.100168578830111,91.90289269110366,-2.120003259298906,0.7999990667607277
5034,22.043867805251338,73.55744285293723,1.5881300419153626,1.4839824532152766
4593,-0.9589387793550469,84.73717160104621,4.230250959065254,0.9993068126466906
4066,-17.61314006694586,73.48100814165477,-0.7935789901824358,0.799986222701386
2439,2.218529649872775,83.52710661591077,-7.904558182090667,1.5104504235892238
4693,6.589148710473515,50.405692918267434,-2.555416155877876,1.5131656151920654
4655,-9.199898376443498,57.3690208568662,0.6928626992030223,0.7999939741735759
2744,-17.162620905017153,-0.5519080662317661,-13.98495195171276,1.495909330068816
2379,13.990557555610945,100.44254110314483,-5.970791207595466,1.5075523875272105
4557,10.989046114966337,57.242000662630346,1.0073295304497667,5.778176356282269
4014,5.8127744055158015,71.5757269356398,-5.413876801067783,1.506765126264989
1327,-2.9801726031378393,23.192388462394245,-1.1220465498560244,1.4916119093274787
2906,-16.63902735844614,14.473772995214158,-8.65410965472371,1.4395956780676744
6529,-1.2113516419425197,43.0342308827139,3.938329966424332,0.7999966028973708
4787,3.051511047970983,88.30777320267103,-3.5177917952903455,0.7999991283476434
1328,-5.3740102224588195,23.47515530899375,-0.9580723757745286,1.458057894491482
2026,-8.831080619424153,18.176707426180656,-6.686450558340577,1.8965254223883412
289,15.15581143322106,4.122264096465855,-12.870709014022687,1.4812632957720815
2397,11.165815133200958,99.65028143246558,-7.1351271415412905,9.44905597882528
4689,10.300095493549748,52.67480308099232,0.6620367454715917,0.8000007519737217
2124,1.6488985811279804,28.50617678098168,-1.4871184543925065,1.492262236305106
2737,-11.984115620688707,66.86073160040978,-5.4153904787262315,1.4552428831874906
7524,10.300037812124089,20.412369206960037,-2.431620456752243,8.134519474125547
715,-15.061704613488189,100.57305726982332,-3.9564535929836184,1.4889874526019606
4019,-0.49987942779709815,65.22856580390395,0.727393034624896,0.8000001428432173
4604,1.8511167288994583,86.46393348024208,6.904262524042123,2.0051185215755556
2080,7.110030533004126,49.8368208515251,-3.9703299440753694,1.5116957013487158
6709,22.85139281180902,3.820085348757509,-1.7197250724788862,1.512129168285201
7386,-9.99996779317797,19.296063785555376,-1.3640421277042867,0.8000013870019071
4451,2.785705024559622,76.23611822868796,-5.8725461527704,1.453995436897054
2738,-11.896497551918102,71.54513079431959,-5.904401979546053,1.4257015273581628
1980,-4.534879335307167,94.8159311074262,-8.10085064622144,1.5127784648909832
1131,-13.089993558091011,-8.033344035526692,-10.61656167218262,1.353815174765044
2374,-20.85904943388266,8.578740161513256,-9.37972364349348,1.5117903669727768
6523,-9.99992727285376,38.84413006683964,0.9828192778673448,0.7999994006913672
6120,19.319591719808713,69.93533210178377,-0.982469240187016,1.4800458411437165
2127,9.18944698811822,26.80622565883605,-1.3454368821781126,1.536577376703053
2164,8.74160691396737,89.01186671054232,-7.775921196509124,1.4171536438159638
4625,0.6780472557282761,90.47806652802149,6.053468371180395,1.9817565599798188
3205,-21.281306693226767,25.69852433683295,7.584072688639379,0.6000004254248177
2012,15.062156552913141,31.276737017398954,-0.04334443611490507,1.4738283846691402
5246,-22.798038444775568,4.1633730861358655,-1.1695333129139058,1.5392525511033042
4859,-9.199862440354067,75.76338145139891,-1.3528847238012593,0.8000002305702436
2789,5.231616988024732,89.45038996030445,-8.001633097292828,1.4146650949697477
2190,16.733976632752093,86.6364127611888,-5.324960145379362,1.4896857237061494
5061,20.709628986457382,90.77790736644846,1.7687912253392124,1.5458837148259617
4509,0.24915771505608592,88.00604937250975,6.086037227580623,1.8352593532453931
4645,-1.2998993616110712,53.99405976111965,-2.33593398409327,0.7999965879251327
2084,12.943497131538356,51.86906837437828,-3.5631101870612474,1.5064588243898314
4013,6.002533359142934,63.66549583124543,-4.482601298987961,1.510529286218257
2101,18.1355073593682,72.04988269449876,-3.9215232720620845,1.386828270226032
2792,1.6967132081583962,63.573709501330974,-6.034197336652263,1.4893883148821194
2608,-21.619082357966647,32.33615437493375,4.572924768052256,1.4660227359473
2081,8.291024972983125,55.22442755027173,-4.737887790686346,1.4803093076720752
4863,-5.068359495500029,79.72857361012896,-6.088223252514117,1.4538186956891759
2582,-21.42820897663202,61.0533000225923,3.7721091600830783,1.4800328814443737
4024,4.492366370727451,72.69122527878504,-1.8673539138780406,0.8000048041646675
7561,11.10017496697817,19.2142868717716,-1.9458774136557944,0.8001398003583163
1993,16.542659020309223,97.67795557825914,-4.716140052161228,1.5034621455961366
5418,-21.443777110940953,14.76350311532291,2.274112471288088,1.527665680982687
7160,-8.899917602539062,43.65215299752156,0.6525859855542266,9.610935343803455
6848,-0.6300672717603066,21.0835164988648,2.5005170282004867,7.714442572168712
1644,15.49205738893314,15.7257493944282,-5.743798925274135,0.7999996270776906
5160,-15.674785962576646,-13.756102367300631,-3.1245777609478247,1.3955106343877315
7500,21.350757587571632,18.290093685896192,-0.4730321142830822,1.5020467111898048
2441,-1.037307551948814,75.5736870411574,-7.278650781205955,8.494447952014793
4782,10.300170339535516,92.43931820313139,-1.8708048452253492,0.7999991460526719
6060,14.533889467484723,-4.624831118299551,-10.997064977397768,0.7999996616982561
2795,-4.26056058883409,66.05106544724929,-6.294050382479213,1.532349710418795
2148,5.481179770803346,34.43785601230057,-1.7501473497838855,1.5089616043373628
2267,11.743723283446919,14.829310994801286,-8.677345780658518,5.999183140944718
830,24.380617049851697,7.6568721156245685,-0.19044023279115307,1.637202746328233
2076,0.041738466978404776,42.72861327833783,-2.947132975833651,1.4931976014956583
4785,8.277460850092238,88.2867490326684,-1.3263619962329192,0.7999961544472944
2907,-14.341084069355635,16.3097507811038,-7.635683947445786,2.0468680950301867
2108,-18.747220356045958,50.39991438494465,-0.1716980793720665,1.5558433890788075
2653,-0.015146610223625734,25.850983048538872,-1.8628258436752985,1.505187217496783
2818,20.090353381369702,1.8739361907816863,-13.243392518912401,1.4704340991456177
4761,12.676743056971032,72.68258577096687,-0.9669123388734551,0.8000025008580086
3659,-10.094224533294371,5.473559335437745,-9.066439051849072,1.2902514822498874
2335,-17.84563779214869,87.87417409764282,-2.8760554205494717,5.4029210096180496
332,14.278643715856814,5.979133646900705,-11.359863311318877,0.799997069108386
2799,-9.568505335698951,88.58124374943233,-7.38119309378383,2.1111296725960353
4073,-12.777402362437199,84.76213775736048,-4.875568227761441,1.436543423923976
2078,3.8841063303568895,50.34377114987409,-4.128233763962119,1.4896697614203764
2567,-21.759674816173558,46.22028917859331,4.004322448017382,1.4943384435643825
4404,-0.49985181246568516,80.7687337728372,-3.691882884942958,0.8000009296168696
4067,-9.999840320483043,86.33164838609363,-0.675559965407091,0.8000005177852137
5680,24.182106558119848,22.08407896929621,4.302894743288988,2.1515003319030583
2792,1.0897200313173836,67.54967554531628,-6.511653706394467,1.4840494914654583
2595,-20.99235696495448,52.675678388896955,2.0565043366121585,1.559974123587824
6499,15.06795147686978,43.03147862975026,4.2220776477911395,0.8000014808733933
4762,3.501045581854958,96.83633455995385,-6.628669652571304,1.506206663003303
2740,-14.498479250298395,81.62102119023626,-5.605961836870966,1.4660850278824213
5024,16.723491298503028,-11.233415790380029,-8.36549593982614,1.134978917242562
2133,17.336898533291496,69.82395249998602,-4.307021290825176,1.4917658777550347
4854,-4.805420962074482,73.4786720228527,-0.5511933647486545,0.8000031592811416
4423,4.988859946601645,73.5557657379234,-5.625172544961543,1.4672003582030955
6230,19.453978080535855,27.53791312599074,3.2535596233543544,1.5004353131606778
895,21.754435877032453,70.4920679561246,4.024966843663522,0.6991971431415961
1376,-11.62198098167789,15.678530037014134,-0.8125603756392207,0.8000002839934681
1725,-15.929220951423332,-11.745172395637368,-4.173000943779308,1.2911346682599143
4600,1.7972964269480656,86.35612055041435,-0.6263576771680311,1.0451922643072133
2076,-2.218818231756785,52.106833423566016,-4.397793726972467,1.476674903063171
5713,23.093085984105713,4.482411011899833,-9.424772836976079,1.449299292146812
4863,-4.593946399112216,79.7602604077893,-6.102245436624106,1.4595340774176757
5059,19.286685901986715,93.59693626976009,-2.128722201613491,1.495502744519318
1275,-12.300160728324053,15.884356098675825,-6.383590940742383,1.4953270807167869
1022,-20.471801318885987,1.1082296539684724,-7.670266537886036,1.5684654449180508
4008,10.300130660176423,72.11611060404329,-4.09579594390607,0.8000004505289344
4636,-8.79151731360567,88.28871958509858,-1.528076173109279,0.8000029680686893
5124,20.123928700669442,-7.179675087004368,-10.719816938245271,1.3820048169402588
4611,-5.03615944725711,89.59903698965435,-6.522329650593628,1.4333134383165758
2445,-10.263801728452197,22.954143506052308,-2.278001323682167,3.0552881668886838
1742,-13.4299192556219,-3.8226428917604114,-11.216141174011975,0.800000740951316
4692,3.8713179581936874,51.12463763605738,-2.7437017110515054,1.4905307985699427
5541,20.50012675882095,68.3539115661626,2.7910963790697423,2.0481776298838166
6825,20.453408084407528,61.31009550808474,0.9092974872712157,1.4867973299443513
444,17.22173388707072,7.780328848152741,-11.270068172208662,1.4868573528160827
4025,-7.472356471051156,72.7094051626919,-3.761160191782878,0.8000037281995273
593,3.2340263887514924,100.06217156636234,-3.920575116588187,1.5500014457925215
439,16.59976291073237,13.274378787428951,-8.2860681234683,1.4666460099649978
2629,13.844983643047009,24.64236569485109,-1.1195779089654332,1.5274774019461297
2792,2.529182947444207,67.76232701582278,-6.539814321081346,1.5078048784408735
3048,-11.00148544975728,-3.9444876776940796,-9.727687571506262,4.68667590333264
2926,-14.53573291047084,19.033145341048716,-4.678575247621193,1.466155248081619
2140,14.433681327045985,96.5902832202103,-6.225866021160199,1.5018431653417625
5538,22.38716513223784,39.896307963054795,6.534338684454164,0.7189773358988711
2976,-22.63413218338767,17.78660030903553,3.960629829220803,2.1393112165649026
116,13.61883002820805,-9.893705470034002,-9.180971589614458,1.2388532675332964
4010,3.0661357451699334,64.37891688591118,-4.610204376033423,1.5109350118256537
3928,-11.157614093851723,98.4734377888971,0.11536033590427863,1.550001686163065
1553,-17.582034920014895,7.365665822988351,-10.666541768554968,1.492109132245412
1221,-15.697374142142685,24.408656883739273,1.5059941015065363,1.4956725398139916
1367,-12.140306351780099,20.893413520480525,-1.511496723573694,1.4611238244757958
5510,-17.896424562134428,14.91077925146011,-4.179525339617307,0.7999974764209393
2076,-0.1192295471321193,47.404572556548345,-3.679875309495001,1.4868308827774723
2793,0.36361425052715246,64.58788375608974,-6.155441775178691,1.4742332980978419
6722,-0.4998307161675431,92.2632821241795,-4.03120012793581,0.7999998011489848
4559,10.80092338083952,80.81069651997618,1.2332504070282575,8.455104313422932
4649,-2.1033220911583212,44.55647120187122,-1.7124775551347187,1.4735316253381385
588,14.375769353710922,100.0403707636168,-1.6477852585859447,1.5500104417413736
3982,-1.2998710211377464,69.89807995721047,-3.5892868137920297,0.7999991152156596
6765,-9.19982472612825,95.24544010432012,0.42986805129072725,0.7999981012858238
5623,23.650416167422815,15.481731839440506,-2.46766785693701,1.9805319004988493
2914,-20.401020744148127,11.418986096260122,-8.375141850076162,1.4026276959256794
2804,-12.867392517525477,90.80325132831555,-6.48097692190207,1.5260370120360875
7403,-1.7673955584062182,19.60733042818778,-3.6182334974590313,1.4642563048346986
6280,17.284949455662986,32.934623470209516,2.1883091906996923,1.4951794644146115
4013,5.705399742845991,68.17394881728376,-5.022848415416179,1.5243445671714306
3998,-6.232187362751201,72.71374444973388,-4.214047779321938,0.8000063656003928
3543,-10.02952319805324,-12.763014755846811,-6.233017386589555,4.790643061506913
1955,-2.5723292963603765,83.76353264121984,-7.915468437806739,1.5165194845807055
2156,18.169843531688855,34.592204017346305,0.7566776855962367,1.5301158207092553
2453,-20.65543205621921,22.31262128885662,1.5537493428244846,1.44757524742876
4577,-4.712661208019766,88.2690399518512,0.5236617091864669,0.7999960499814285
2861,13.731206991824905,-0.11850115289996707,-15.018201836552498,1.5078737847966817
2494,16.316698798597514,22.734835973897653,-1.3767085041984726,1.51541887617453
2488,10.127454875034402,19.384018000669933,-5.366952114383164,3.5787661036509975
7036,-2.949109263167458,30.64243081514971,4.0969675593958454,1.040396189482832
2642,21.530963053151943,17.96961638780295,-3.2726985437271683,1.5134382446898544
4451,1.771182457407091,76.3830229685489,-5.883309044033304,1.453742697526252
5542,20.500120281788817,65.27220006177492,2.031612552522473,2.018729639658804
4011,4.525337673687258,66.64338415127935,-4.86297344352272,1.5185971364491713
5687,24.502119860276412,25.792095937750247,6.789927841042028,0.050673906210627846
2734,-7.7282183927402315,53.19659339142118,-4.343864848710029,1.5052904258646476
5439,-11.586709106706401,-13.241612163403083,-2.2679767298367075,2.1454567276592886
2794,-1.3834453525890986,66.8212909563211,-6.425257689478524,1.4821805525581433
2076,-2.9034228340919137,52.1877631096922,-4.4038094499398035,1.49090385580993
5718,24.28688515159383,18.77644426004715,2.5893575839808407,1.4865406881002865
4847,15.558077016781144,72.67721470227879,-0.406969395791391,0.7999996124808084
4790,-2.6861073492282093,86.80391782150188,-2.8000273187690072,0.9924022400485344
7750,-3.472814400502318,29.18108011169535,2.9673223565913034,1.0240701164537245
4032,-10.289773149166264,82.48874049466126,-5.591020182420024,1.5127198379659563
4400,2.560438721760074,73.46924723954612,0.42986301333928345,0.8000024192427581
2733,-6.5449441079477735,35.92174360686699,-1.7908380312230539,1.5713516351435346
7047,-3.2090161685518357,40.91358781721485,-1.1083515223101343,1.477379119904012
4528,-9.305699176886707,69.62845123446174,1.126061118625479,7.444197480558442
1446,-16.510473178359554,35.14891187259185,2.3990616790113517,1.591244786359524
2885,-12.561200095772266,0.4015853955313543,-14.942521872838528,1.485154791844226
4821,-1.2998642880735392,74.15088968946843,-4.270693912997328,0.8000003900952907
2081,7.630708178741794,53.57444778399322,-4.519178301759747,1.4911207576499057
2148,6.103385509163543,36.300138271569594,-1.9520251961375423,1.5580665244061787
7672,7.302654627817393,25.80209864063875,-0.11610168701615088,1.5379471267967637
3892,-0.34835297394659914,16.803997326265847,-5.571481852976098,3.0109929769283625
2954,-13.439144853701581,-14.076419437026493,-1.505117202914012,1.7147260953043713
521,23.561140695912847,32.47157255940263,6.480797745125093,1.4560488040433928
275,20.47995307496912,6.903715514238661,-10.009506090581759,1.5039663490402955
2751,-11.54057976121121,31.500478952438144,-0.5789156461260074,1.5302916217612872
2867,-16.116209061274784,6.798071954190678,-13.153117359501307,1.4728515763408965
4928,15.130522735791523,-11.285628532695233,-9.066649092145482,1.2495607344361943
6858,-4.7147012186117125,18.48109882416914,-4.146545789793863,2.926085775388616
5035,21.820249934020513,77.47529692640387,1.484308945535682,1.49704314549222
7721,-0.4999607032443957,21.29361344255821,2.6304937167749785,0.8000005586735421
4442,2.300857587716861,82.63176019854026,-6.345709940752457,1.4845821752386528
4859,-9.199859627275128,77.0776067850819,0.5220340620477442,0.800000202599509
1793,-12.223563976445586,-12.301408130667372,-5.367699833359273,1.2945762009712711
2801,-10.45148628902185,97.2563735079357,-7.0658605124285945,3.727213685675001
602,-13.106952425401165,100.02486954989166,-0.026390425120247474,1.5500005659593787
2014,1.4451366953069595,36.544960091342546,-2.059511254807102,1.5568933072845725
2779,-6.559847175042487,62.539122949305835,-5.751947571636926,1.502850265883237
6337,11.734196721029356,74.3004192112246,-5.080896475524738,1.4527477125338104
317,13.302564539573527,9.9233567189723,-10.95263423150623,1.8498080793346412
4642,1.5805884905627903,57.88176401334621,-0.9504807111824609,0.8000009055615075
4729,-14.15628721559689,59.78684978642303,-2.3067797344326157,1.456663712693448
3487,-6.735055311548514,16.92083705549297,-7.324617821530857,1.6456671021285871
5726,24.280669919620877,9.48063961378759,-2.9831119074800783,1.4489596192371699
1138,-19.06480332636318,-8.697605611115755,-3.8980420155169586,1.3382213607660134
2757,-16.05972212302435,43.761156596807595,-0.6956690896993662,1.4765733735315643
7790,-2.1080164380420063,28.05363528604301,0.16967185470096927,0.9931238979287181
1367,-11.660466071812245,21.841608579133336,-0.8784626248363789,1.5475495412179257
4636,-9.017006921676826,88.3153256333363,-4.303636260142025,0.800003075756785
2416,22.74443374185453,29.607002810419058,3.936024370640081,1.4955918273260236
1783,-19.46909502720977,-6.835753653355476,-6.099459972319572,1.3082007592272737
3895,10.106916406561643,16.63156358061018,0.8035845251584484,1.3629021972167839
5678,23.181313050839552,20.802656710443177,1.4841537470723147,1.4783048683296247
2543,15.45216865164319,13.63191476736699,-10.182535115416943,1.5328610404690772
1456,-15.332451227124759,42.46435410365744,0.8102512491780088,1.4708703533324365
2183,2.988079798948155,64.4500982581931,-6.14057585891217,1.510050975471639
7630,4.291667424669148,21.97094539253659,-1.822004007999711,1.4315372428848672
345,15.501780697498477,8.224879429989143,-11.47465225880856,1.5092528871580024
596,-10.442082963595983,100.0379680704402,-1.3930385214228385,1.5499988396626194
2699,-15.427825469442718,75.00090905338499,-4.799147848740683,1.5012976213043712
4437,10.300159807813497,86.72552815191327,-0.12255359572676483,0.8000003711376662
2345,1.628381801038287,97.2260869445393,-8.1260216619072,1.4932812555286379
4747,-15.57833743437422,46.35451997450666,0.3631899580488972,1.5232793561422033
7667,6.839221891448743,20.41947079915232,-2.783900115275325,1.4859727056046892
4011,5.054331567189595,59.9960956546009,-4.079055821389364,1.4872588377676128
4698,18.497439528864525,72.67869448837813,-0.5620971070944722,0.8000019633386409
5325,-19.88374707916936,-10.50472428830868,-2.3966506930159417,1.5243210895664412
4848,16.461259408421427,72.68564532403283,-1.2866748098258571,0.7999980855045196
2445,-10.071956004091728,22.742260856208944,-2.4179091606817673,3.1642217084620734
6782,22.407459053480117,30.026223251774955,5.924906861021159,1.4683504924203974
3925,-19.379931144586532,71.53009305914233,4.019423002285413,0.6882495358715905
3933,-12.871965337428769,98.50420924715249,-3.094690952106625,1.550006183555267
2898,-18.05426347932609,11.896287862142616,-10.024214771550943,1.4835437892559367
2974,-22.675087920767382,15.386961023242115,2.724608999200691,1.9210744653846248
1793,-12.0733958701597,-12.630426487797955,-4.727319473164069,1.331533644783781
7476,19.374266947109952,62.672547756699416,-0.41663278205197407,1.487904337603885
3969,-9.199875606920964,67.59718049603978,-1.4744285566152373,0.8000001539710587
581,7.402402992941484,100.06151463818122,-3.8530412094323827,1.5500000612445555
6296,15.702109682181774,20.140732864544614,-1.547485747003693,1.494394860260161
6850,-6.083448149590248,18.081404856142015,-2.531999613949921,1.3591054651662362
1426,-16.75444461367975,31.58733412059835,2.832407968336638,1.544643419365355
1539,-15.241433473400308,11.918594098184164,-9.173017907926265,1.5008137663407939
2759,-15.81547591658726,58.75760991811522,-3.068072557409305,1.472507613531561
597,-9.770157183684457,100.0370983292311,-1.3025501627678993,60.36944457372866
2638,22.95707532883382,22.090911123305734,1.9795805756369163,1.5622849411750042
2177,12.396782081248512,58.04128921758744,-4.656655037234038,5.205129705042343
2441,-1.3626058414341282,74.28298936153152,-7.1770355334529725,1.4432459936057898
4076,-15.239328800828265,83.03270320189459,-3.4935799452338436,1.428765997823882
4881,11.100162585265977,88.3177165772401,0.3503116053909196,0.8000001692201635
2300,11.740668596454501,-2.592605685236546,-12.946786960617121,1.33942262875382
7044,-1.299938449366509,33.99082750391405,0.7983352477500362,0.8000003633080957
5550,-19.27619303277678,81.71148278978595,2.9654858582996857,0.6897102186456652
4783,10.30016664873041,90.31574155896831,-1.73906852219214,0.7999992652613644
6544,-11.47719928320798,43.35700466259028,4.374392750866255,6.557248894958611
301,20.49232041569391,13.416464019718795,-6.303131368056367,1.4592597362831132
5668,23.90427948942603,7.9630728731386835,-5.946783411820436,1.5023782117249764
4403,-0.499864822626759,73.6497011543555,-4.11758511471804,0.8000003326382307
3982,-1.2998733077300837,68.64942093475264,0.6408184451561081,0.8000001042431999
4018,-0.4998829138609344,63.73610413810116,-3.804056674769437,0.7999996785119957
3980,-1.299870655154398,70.10997674055719,-4.54404227364509,0.7999992170624748
6764,-9.199829679966708,92.08606326642311,-2.2624765615312237,0.7999998602718524
7617,4.7703043583185165,30.688687074087728,0.5032675906211719,1.914436743822987
3892,-0.7491271904573202,16.65055624472371,0.10204494070963488,1.5542891437755793
1597,13.6475182351496,14.92272261540656,-5.431491453077383,0.7999970650699928
2798,-7.955696706272267,79.90538588978248,-7.342055251092455,1.5093759720076425
1025,-20.177135430536886,-2.457500081011274,-7.827491152668154,1.449901579156497
7496,19.145022242934196,15.869809239730877,-4.791202028617905,1.4660021766937081
5695,22.656721005441522,41.58472565233427,3.1159821973387487,1.4874113488257665
693,21.5387258209174,82.88187966877716,2.5569751930505875,0.48635567458478784
1266,-12.053584992756228,18.160103305447976,-3.9808104550837795,1.4937220690952668
4648,-5.516597592793714,57.33973610876954,-3.6409845410211896,1.501952904803107
3307,-14.45612444879305,-13.642477205975347,-1.1629395666312052,0.6638056375951267
6333,13.820857180256183,87.0976888824398,-5.1636750447071265,1.4121120922490882
581,7.363090143670096,100.06359057439292,-4.069574541332127,1.5499999901818682
5129,-13.746435362110546,-13.182641696130307,-5.955667109946756,1.2964442226498771
7378,-3.705463909958404,17.98020563080367,1.1532447959504233,1.3577859815877122
6397,-18.17068292204152,74.49654274775315,-0.32279940858701434,1.482726386319206
6238,21.514486629505576,20.090583231597545,1.4096933813049075,1.4353214744583873
3970,-9.199888598727894,59.06445217332343,-0.1897791311310021,0.8000014179333325
7047,-1.9898518533947471,40.66204629472178,-1.1023084879385372,1.4648914401834199
2583,-21.860613881007893,53.44370566603291,4.657771241173225,0.8029704891833415
2925,-16.42244702656452,17.78424033120079,-5.439537119001081,1.458964817485976
4819,-1.2998569854154045,78.34809770508417,-6.020658867854182,0.800000828775854
4085,-16.456189424843778,74.58385609287734,-2.363555641998968,1.4266896921887122
4748,-15.35369960955365,45.83325765763098,0.3152393558441265,1.5021019717850554
6645,20.464744179695963,75.18005515705394,1.7059486838411615,1.4879773856540586
3283,-18.12894557031445,96.00688286697346,1.5353550732533332,1.2145684030894772
2083,12.515155569672856,44.04997699952257,-2.3847041885242164,1.5068266838152515
7173,20.214336791250837,43.30508511699487,4.373895629653364,3.6529917975061528
2653,-1.2979827872342802,24.30805856112444,-2.2819218349080894,6.732058940091314
1016,-20.557700100819076,12.975228425867916,-3.9613015139405165,1.4668229062582707
2739,-13.613236931555583,78.73888460462848,-5.891446148545261,1.522399281935008
579,9.75815951799867,100.03060741908097,-0.6286125936785949,1.5500044957994872
7163,11.100104001434758,57.03207208151529,-2.669103732658358,0.8000005458894258
1583,-19.22685751243543,0.9448035892237596,-10.840001630877637,1.4941820512811232
1986,19.008828256791816,29.016400213546884,1.4238003917043678,1.5696639235776617
5159,-15.712192048335824,-14.189836175390944,-1.5036159543954075,0.044732146788601
2788,6.89337583727514,90.44754780276317,-7.955819688259278,1.4131055213850436
4011,4.471784988968888,61.12283517077748,-4.21489072097648,1.5009299720843916
2618,-19.495231585823046,77.66276457118887,-0.8461426452085135,1.4875882221912913
4123,-16.45117698801095,89.89541016948212,-2.007211411854528,1.4892603837578855
6589,9.61542013087911,43.87255414768333,-0.057661756262382395,0.8000066498419031
2761,-12.697453008564615,29.60529945991312,-0.24373600758685657,1.5001064346519093
7044,-1.2999384656665312,33.98514810738914,0.5753557228240475,0.8000003701520473
4019,-0.499879527069808,65.42690275772014,-1.0323387350084339,0.7999996802273768
4784,8.9204825855028,88.30705431508623,-3.444620044018887,0.7999978386235852
4454,1.9823157928314625,88.97156657097726,-4.2917609645394,0.9811267325892832
1301,-9.99994568689279,28.815150266971283,0.7568765582244128,0.799991559324325
6646,20.653806452228604,71.94638278164294,1.8175417973360122,1.484426418256072
6510,-5.81285382871702,31.233354412715357,3.9740906466616868,0.7999997350282539
2782,-3.3668069873754196,36.328356314485184,-1.9651027907175358,1.5324175845911767
5008,23.274802581013468,47.656727466099895,3.739365076478767,1.5026989977525822
4696,9.854954561532777,57.2879695154645,-3.4229788335998967,1.4875361459442236
4857,-9.199839804914292,86.35935281594291,-3.691289705456158,0.8000005181236373
6163,14.497394035596955,66.44281681877413,-3.529150983917659,1.5219013265632029
6523,-9.99994005401988,32.16014216333179,2.5101624196478,0.7999992615048054
6645,20.416869259336487,76.27703705214955,1.7249346441361704,1.4851563858840338
2789,4.446098509063117,86.72221050521202,-7.965988353696772,1.4326468251457583
3971,-1.9237354991182338,72.07392346206669,-5.514934822478707,1.4843086258975506
7500,21.35978784686534,16.25409253945522,-2.5948918156966916,1.5209748994588161
2080,7.670400588382259,47.52833477396366,-3.5557936666364847,1.4937579785983903
5204,-21.793600025247983,9.505985766980157,-6.967093614672271,1.494654949282546
6870,-8.387194690181673,37.8120395023154,-0.2900109475619543,1.5384205500401242
2089,19.546568464099863,41.83992190058663,0.5515030607010057,1.5126803875147903
7027,-1.380920537502828,28.854312803746364,1.3844043377009685,1.008413353363591
1890,-15.241449062206764,5.173618865886169,-10.782749527813703,0.8000021613628611
4762,3.562474499502848,95.92458553332985,-6.651919143486983,1.52098083223512
579,12.296260069964575,100.04247151836972,-1.8670705850696585,1.5500017389361724
6173,11.155318140229195,41.78674956018858,-0.7473450232078138,1.4672496343985235
2108,-18.044491090477685,48.58060609172743,-0.32700361374751635,1.4475449839117618
4819,-1.2998586000740442,77.4256613830655,-5.242894841982261,0.8000007438984359
1970,-3.5774105823166416,95.64915374607054,-8.1289066100103,1.5330543321367798
4437,10.30014851236427,81.32210913157198,-4.907653607429311,0.8000018347127912
1377,-14.585840109410917,15.699837923899592,-3.035111560572582,0.8000013779081516
7727,-1.299952263140532,26.85767978341327,3.771000074332966,0.8000004922629793
3917,-17.43306614683649,91.8600121830078,2.532495697546201,0.6877005959694221
463,12.914380827702082,10.446399526192884,-2.9203642033222645,1.3014059516813208
4415,1.3322032827569188,87.9079238885393,7.80158618245542,15.907680752454345
7768,8.869425007269196,32.78961940129113,0.19611778382196493,1.5412213035358968
7375,-3.3617793282488138,17.953822971048087,4.002423956950561,0.693028094342441
3892,-5.215763413752914,16.617001047341972,1.3430269573072473,1.3635382037532449
725,18.024936368542786,96.87200874458644,-3.2874072120606224,1.4693053033866394
3543,-10.018078312553845,-13.452650957664517,-5.490575118972518,3.800078741768575
6880,-9.19992500151898,40.60097043719329,-0.11507207223910199,0.7999994500575384
2756,-18.246878383093716,56.19305460384629,-1.3181573201917538,1.4705698404444578
6544,-11.47859835387269,43.39588188261075,4.374765408016789,6.563437546872371
2297,11.777122132829376,1.7664345396491277,-14.531846659173507,5.057931409221775
6523,-9.999926552950086,39.533949231173814,1.889109422859077,0.8000001208878934
2750,-10.232173938612824,33.26577213477817,-1.0080097998746609,3.8735999123320615
2180,7.934774508479162,68.26567202325876,-6.464890862453496,1.5225866757697086
6273,14.522749585513706,24.1376813818874,0.48277518373765227,1.4726581450667926
2723,-12.63693584853924,9.320867688563263,-12.870392470174622,1.4859218394329925
2085,13.468874453593074,56.48219340646508,-4.154002990869646,1.4685273537235752
6420,-18.89987822992584,66.0499231138572,6.1288536134614215,1.1131407912421445
4439,10.300138890398191,75.13064639223697,-4.089935149662255,0.8000006824384855
5551,-18.95171664001205,85.0222733951536,2.894723426894181,0.6888589976860952
4428,1.7567880192569407,89.46714650912367,-0.5250613186644333,1.0082318673714625
6644,20.479873998804287,76.50193033415188,2.075472552972766,1.4861823228330528
3542,-9.998780120218056,-13.350881156090633,-4.378040045669629,5.625216884706516
4540,6.5280538790638705,87.81732021514944,1.3004132809451674,9.237801303131072
3288,-20.113072324008453,81.04997486558784,2.6995804059761204,0.48640092252703276
4655,-9.199902583704635,53.83973326323429,-1.969775630688138,0.7999973335922577
6453,-20.75223294133377,27.203512030837437,5.691615088148827,1.5117293710002004
2090,20.850881832231178,53.238517492240916,-0.11546532445906466,1.4634628241679863
4538,-9.735850994893717,45.98828668886782,0.8994551404505383,3.814216408008848
2735,-8.7386995394414,45.26042304063052,-2.9530014209582713,1.502062179157022
4689,10.300085376582523,47.15114175056796,0.8285233157659422,0.8000004040738357
150,12.201390328496393,9.662447882362052,-4.0841589964216185,8.52643727296131
2781,-1.1294696807414937,42.304593992873734,-2.86280630178946,7.330683340255656
5377,-19.810562435143233,-6.7437426709473645,-3.1831553557758014,1.4374882776546478
4878,-5.789320185184321,87.52802975455364,-5.633652446804735,0.800000223824763
3979,-1.2998909011917843,59.058588762777426,0.06246479110363112,0.8000002154077832
2014,5.31854862332093,37.76535903847948,-2.1317752761952047,1.4805346271763447
1959,-4.613529836542738,85.88494460659089,-7.924178373312046,1.4637897416106704
7565,11.10004129109194,21.67288707276794,-1.0394087169263297,0.8000006332280996
2100,18.966718276912392,75.83796748923858,-3.532686309128869,1.4336511811871007
2583,-21.634068036066406,52.98369770660993,3.700277403015681,1.4819587816039659
2175,14.717961750418295,65.65888794090876,-4.959572847586494,1.4971167895894422
2016,-4.676059072714695,18.38989819715468,-6.861721036508532,2.1707438146310216
2834,15.585336468809155,1.7012017047636618,-14.671383341430213,1.5273951521473643
4404,-0.49985200455229917,80.81653558755269,-0.9080843175471329,0.8000006434587943
4521,-15.844725216586257,57.99769042379883,1.0145727696997398,3.9876010793069514
3558,-10.138949317718696,-2.288088580454848,-12.820362704767298,1.3006695194612474
4669,8.207811162778867,53.69613753866322,-2.9979723679009216,1.477151230781581
2177,11.991670248067475,60.64019122810802,-5.040771598949508,1.4790537153336456
7770,9.374935620389072,37.68586608790635,-0.31226898176289497,1.5603141301706902
1448,-13.0827915861629,32.178210342016335,1.3450979798517713,1.5046854590144025
4647,-7.6365492445579095,53.197915015416044,-2.821771381642143,1.505384022948896
6195,19.323507536183477,54.24154651378156,0.38595145969729394,1.4899475828722806
6569,-1.1420292535232397,43.851891920446604,2.0992884015913513,10.94565250118424
6825,20.54415224109333,59.86229245257216,1.116634068926491,1.4880041056598154
4575,-5.276699921072963,88.32102560581475,-4.899330840324152,0.7999966266312364
6328,18.62580626115683,82.48838567913214,-1.8142545311261276,1.4789733538656524
7770,7.25667876996509,38.224459789427186,-0.5716054789950906,1.5475978248070783
5734,23.980995810443805,-0.995174341682664,-2.81092753886365,1.4989419029506228
424,12.978899095145401,6.089189744831872,-8.556087655238024,1.2907877158784586
2690,-18.328118459152655,79.74446607088481,-2.67210356718792,1.4916444666262363
4832,13.570527726491138,87.4712868504916,0.28255890655502425,0.7999977473240334
4675,18.633976559319585,58.67182024144313,0.08760182263932612,0.8000009373285951
2272,11.754818855893014,12.18301533825783,-10.421358987604107,6.957031750578639
2300,11.707054089612466,-1.8888475641829345,-10.97097762387212,1.299787625552511
6502,-10.834985715228619,30.46211105870239,0.9711483309056697,0.8000009321045536
4820,-1.2998593073285387,77.01343304677516,-3.1343297646024544,0.8000006997407254
3982,-1.2998678790526645,71.61463567913223,0.9238721919413356,0.800000164737222
2101,17.913435829426348,77.12977716292087,-4.377319625678625,1.4988563477211345
41,19.200989714503724,-6.686346307223226,-9.777361190895562,1.3826493921246326
1716,-14.7107970982698,-7.350465962719507,-10.803170042897303,1.2673914636892183
4428,1.4499993868181855,89.93541512076646,-6.012286229918881,1.0100928741691346
4861,-6.9576029135372846,79.0037206536993,-5.870830170731778,1.4811306171786804
5930,22.917065086375896,8.648454951935834,-2.479690717885224,1.4198149876068298
6131,15.923599498769192,66.68265019898882,-3.04115086794274,1.450166026504066
2136,12.923713971429436,80.45258730451408,-6.746087730365821,1.4588192753963287
1172,-19.84545033257586,-6.711141491034926,-1.436860489652281,8.187977596010713
4858,-9.199859777274131,76.9967219055175,-3.978324057439119,0.8000003635820762
7721,-0.49995678341298866,23.24281651056333,-0.40079684932515824,0.8000014129484414
6490,6.373511016915182,43.073203782493394,-0.12966098295080836,0.8000073494493714
2772,-2.3122819545644093,76.06250978927146,-7.314474120818374,1.4448395199226098
1527,-18.581614465674207,11.76398314612441,-7.731606845348914,1.5211243579075528
4459,0.02175984047847704,88.80557347863017,5.81009449525512,2.000003924738992
4658,-6.3725607166052765,57.87897119932866,-0.6570377630082977,0.800000515522088
4668,-0.4999097963401699,50.16590361551826,0.8320455902244948,0.7999965499487649
2093,1.3198155716077329,88.25134459946702,-8.109672864456217,4.712870301675299
2262,11.566487074133416,12.43629752366808,0.5248747322234284,1.3441101843433043
3973,-5.90526351214671,72.0591159920024,-5.400079753863363,1.4768402409520947
6776,8.950248353514144,98.47286859341418,0.17104981826131238,1.55000755078145
4876,-8.959148873365798,87.51178349407596,-3.938280707478976,0.8000031131781399
2562,-20.942574509928164,21.67099453291116,1.3613227941887909,1.4686415764727776
4675,18.12767747373866,58.67162687823735,0.10785991101747971,0.8000008767665404
2906,-15.113386136829167,15.745619658384689,-7.972386318822478,1.4358883817694654
4750,-13.225484202301427,46.25279645215474,-0.5844517459936356,1.4868515440848067
275,20.781601764047743,6.5887840391888,-9.81465904084692,1.4601364492875741
6764,-9.199826343575175,93.68400904738704,-3.7055143948193545,0.7999997155379777
5628,24.358601297664418,6.964999992534197,-2.9208504018579595,1.4494987844935574
2167,11.841114938005536,76.45012066654574,-6.706102594051474,1.4589939203965592
5883,22.505037755510866,13.319432211933174,-2.6974411395992415,1.4676772590982257
4645,-1.2999153619206454,45.266979745380986,0.5026112710511579,0.7999966088463643
6331,17.466642807964462,82.54792899002453,-3.0244296312496903,1.4251398962082042
3290,-20.209389160294513,71.90835224553214,3.411133910487695,2.971473297226028
3,18.828533690713485,-10.734414747325593,-4.607994822340877,1.329603811891313
2374,-20.854612142508625,8.415758390111767,-9.436410878097446,1.5043215071279612
6199,12.92331548215901,62.91866984156441,-3.6214513935896644,1.4441747763767
2781,-4.760472358747258,53.65930770140906,-4.609274316159782,1.5143016154448659
6223,18.68577756067135,53.11628872658915,0.1003540985597834,1.4547419903446437
3029,-10.396083410682815,-12.480338047318556,-1.6936601437559646,4.203227718492541
4400,4.889372707397962,73.4972619325583,-2.4927684568525814,0.8000061557550506
2596,-21.09761715473305,57.33144711623215,2.106492394535499,1.4897411685376813
4763,6.529235692626251,95.1669662293776,-6.549874849361411,1.5245725219755712
601,-12.513775393492026,100.01402256622212,1.1056417938695513,1.5500021017621275
6506,-12.197878344839225,31.242742684750585,2.9958185433546856,0.8000005019254225
7771,10.300077123768611,41.72161771911464,-0.8728986033001752,6.183527774309355
6219,13.943963595962977,52.48396411994065,-1.852857050459007,1.4575721872977931
4577,-4.338076868882763,88.26949544522294,0.476031933300034,0.7999955607645559
4649,-3.876301600474255,46.82591116378045,-2.0163471197302134,1.4999950745299284
1376,-12.127309137544234,15.71582781511483,-4.703595179219532,0.7999980930550638
6108,13.470666622127958,77.18389159648645,-4.8225030177505595,1.4593819197657458
6779,20.796085945510466,61.07013366721198,1.5078057882263751,1.4674832996921485
1074,-21.18435865135486,6.781046841865519,-3.9955434745937293,1.4625017427655862
6648,19.005508275406168,89.48997916104385,0.23150475810757554,1.5049397099440696
2788,7.394940749930874,89.5049112699034,-7.896000270779746,1.387647679647108
2093,3.1707043263600734,90.41938100003034,-8.07834805527163,1.4339305569314613
2748,-13.691024439602044,53.25318926998042,-3.138338138422685,1.496288193802137
389,12.99530234325487,10.340470469895948,-7.251900752760968,1.3063726820956931
3047,-10.268132958175201,5.911047453285054,-8.645451078693984,4.376319945587081
1666,4.483885774535841,17.84549283842297,4.7530234662489885,0.21303562871317183
1970,-4.384407720826215,94.79078922791007,-8.105040909289826,1.5124749513199756
4737,-18.306002365790633,64.44934687577998,-0.008150299864897934,1.4145506839675512
2064,7.645960379283484,18.167773169781512,-6.9921925831623035,1.8705234376291866
2926,-14.565000566517533,17.957947083191414,-5.867719990370311,1.4753390699997613
7030,-2.4808477458623424,29.550594963376483,2.6030352452451284,0.9815612846791114
6217,11.99936956521,47.79563335347393,-1.54647621999719,1.4912451723875997
4044,-12.308126124504668,87.46792550232885,0.6389601315230496,0.7999953600820682
4653,-8.47000346622351,47.54384086009391,-1.8240748873520636,1.500043394051754
6332,16.362438459813326,81.46954959349341,-3.740647933404735,1.5507069499161141
3970,-9.199880924867799,64.19863132823454,-1.5841377026304246,0.8000007107111824
2082,10.53325401949843,42.27520039295052,-2.4385671114832426,1.4769246575214021
3715,11.264465782056234,17.119449880713688,-7.459124981354726,3.3821499207836814
6960,-3.0743122453779073,38.002373420384416,-0.6683494041995646,1.490340593784208
2712,-13.966988340537267,66.83438038806113,-4.802162543462594,1.4961035401276659
4782,10.300165288112005,89.7313181736086,-0.2975068025389612,0.799999665621907
5701,22.40246527543833,67.00522970910144,1.7636662098784461,1.9435759115471163
283,18.226739558187237,4.938445733961028,-12.004200350785467,1.4550843067643973
4008,10.300115805296354,64.28196750452447,0.6561657068889073,0.8000007618889584
6219,14.000575054110836,53.25658103904269,-1.9574141494283435,1.4619046604812576
512,-6.941433754075867,100.06459652221233,-4.171993123346812,1.5499965500883626
1844,-18.58770719584942,4.189547810714193,-11.064856481939016,1.5559228598572186
7746,-0.4999542795784276,25.387445654784468,-0.4083431300706234,0.7999994588618672
5426,-21.239776758500696,3.7942502162962475,-1.3447903057807225,1.5349169882877263
5619,23.338932872009458,8.001408550014688,-7.8170542560282605,1.5236296998780798
7698,0.7278588683221645,33.458558150619915,3.4658239311389996,1.0013084695475845
4713,-16.521585484989373,63.33920011565792,-1.436255779121168,1.4702037001745147
6203,17.12026638763284,68.16253126529966,-2.5595334497713433,1.5274189440977286
1460,-10.310474380718102,33.50189767576875,0.5549173138275201,1.5440427888176649
2165,10.890300487000552,91.66702464291606,-7.485539325555135,3.3386052807878226
7699,0.048282995663645994,33.730701729224286,3.208892680724686,0.993853810195991
6830,20.058295044634168,77.17347358476866,0.5417759904064567,1.4898601185425155
6545,2.825679142133697,43.88514555149689,-1.3703191891702136,0.7999932979179935
4017,9.661578648588614,69.27139532224776,-4.916716884587837,1.513472359116794
3970,-9.19988599135853,60.80490610671681,-0.24613458561943027,0.8000013279338959
1512,-11.37528798494976,13.492437224919989,-4.349640913177955,1.315975330958685
2185,20.61654739918935,72.49816334806728,-1.7836833387197835,1.4850426313938798
7325,8.13731636357404,18.018539988900876,-0.16455650288235035,1.3602920216696572
6130,16.167776784900912,71.37936331659363,-3.3801491158955916,1.42282359140624
4462,-1.0433384961520202,89.80358584000712,5.819661188457465,2.000003848321579
2086,17.241002730756485,42.48912630430435,-0.6780226568335341,1.4687172298890063
6211,17.045719361193612,56.96193922901886,-1.3748622364845242,1.50007110633819
1960,-5.987707707892584,90.15359286495712,-7.892141713425105,1.4283289988634784
4693,6.264854995652073,52.36259847826394,-2.882347873399376,1.5046671149161595
7493,18.531630752475017,15.900097692004813,-5.0643344447038645,1.4930051881274755
4400,6.751396120168572,73.47316132965727,0.020671253995073857,0.8000028454830398
4014,6.723548233050845,64.7373942395256,-4.579749003788594,1.524421665368093
2151,12.680240816803074,37.691540673180434,-1.3756214940270413,1.5333357520041762
4719,-13.174858279807026,58.66771426953903,0.5224318760329221,0.8000038195078278
4611,-5.444176394330169,88.67743166510034,-6.493774608859169,1.4102568073141666
4655,-9.199904327330733,53.4075793368281,0.6885964462404564,0.7999962294945927
1052,-20.409365604290787,6.821701731990651,-7.378105647876425,1.54525049511458
2921,-13.414230216855934,13.37930694625637,-10.430582373472742,1.5032431055025888
1470,-11.421785218790106,4.732430395761481,-11.38635465331096,1.2899075705275822
7005,1.5173119789554832,30.07237575438891,7.247195889329149,8.705672032194983
4012,0.6631880461959507,69.67641737949876,-5.272160813752417,1.4847207806014036
6808,6.763166245822414,98.48264344709662,-0.8482334927968814,1.5500052999109413
2709,-14.831491730815557,96.51684471811798,-5.001772271213786,1.4889293355470699
2791,2.5825699280238803,75.8351164170854,-7.2992473471935835,1.4534796528877216
4772,0.7677684430535556,90.93218738670943,-6.680121251033981,1.4740535895607787
2797,-7.034928105564303,74.31651715780282,-6.980651498625321,1.455825148709196
4752,-11.974524195665385,44.6578426722837,-0.6755638589765373,1.4942950984159533
6966,-1.744544716918105,30.022048293945545,5.707212147678074,1.8352629618377427
7617,5.082058306179734,30.7631590801911,0.5039814626151955,1.9106420737141607
2157,20.311264942066387,37.67231313770173,1.5914791034273765,1.4769483726994337
5664,24.044817890895544,14.886821844933147,-1.5746746611241345,1.4853059845986414
5534,22.735128713190907,30.18515980429627,6.539653206407445,1.5588332014858457
4632,-1.6204025728310598,90.88166073629412,-2.8120264304802323,1.003825662283321
1521,-11.35886236120278,11.272725104772864,-4.844189152626301,1.3062455702759692
2488,10.8392955282074,19.313368983125127,-5.350539614873455,3.4815952540542705
2268,11.72173405257988,11.812692681200467,-8.583585419532413,1.3053423347140114
2793,-0.5732491199161588,64.23187044431634,-6.114259362802581,7.2488451285721105
2780,-6.860245608357453,52.30765768635851,-4.269116857994588,1.4903478739126919
7162,11.100101604107092,55.88668523262308,-1.6748675739036736,0.8000002983944764
2568,-22.82803579819809,27.250036158205333,6.74821779439582,0.2711966036123983
917,23.724506490371503,21.48209932947536,6.158798596018855,1.624555812626307
7772,10.300070284171266,38.065114867314875,2.2871043640569138,0.7999998196078597
2793,-1.139683949018038,67.69052070926402,-6.531542601006507,7.703057212059029
2579,-20.23887826945036,75.42078179936757,1.1681862166476786,1.4691586968802721
6763,-9.199834579661433,89.74457340184847,-4.718705198173341,0.7999995802613715
4820,-1.2998518598865236,81.2625543616336,0.45436440215831914,0.8000005046174226
25,20.235530970610093,-8.602308077448034,-5.7750614637015865,1.299516142963433
7747,-0.49995890829672607,21.951609656857592,3.7093708075767875,0.8000005421840677
3976,-2.5159165262667487,59.127562757947416,-3.973983549434841,1.479740335836493
2377,4.519853216456461,98.46020925672153,-8.01458713114953,1.4515725875634806
4858,-9.199847444546842,82.8192279650606,-1.1935075516323275,0.8000003270365627
2948,-17.350910409111567,-12.387968241036761,-1.7481772914229676,1.9438726700933622
2691,-18.274619191574594,73.8572919040245,-2.6362369469247353,1.431986164032787
6570,-2.5297052472752,43.850874446407616,2.2057584585458145,0.7999980555402441
3790,7.766057724294057,16.875757125650885,-7.270574625106411,1.9402649028857806
5132,-13.063282768176409,-14.793177013536926,-1.6897576229064915,0.7557510611589547
3181,-21.19413589679599,28.7424167213966,7.136205594897529,0.7060900808345237
580,15.693297476592425,100.049835965443,-2.636155651330631,1.5500013997037259
4691,1.8224730406654093,48.67944532414447,-2.3660515922015115,1.5049016632023526
1698,12.908289246506078,12.073419554907566,1.0880528935785703,1.3543918706471396
2619,-19.017113396164547,79.91857921581584,-1.6093909338279364,1.4854124668113382
2755,-18.528666586957183,56.88455858701394,-1.22634004716407,1.5075875193817827
6869,-7.03090085168143,42.22309801656489,-1.099095197678389,1.5155283102669055
602,-14.452081706318904,100.02977427005807,-0.5379716187761263,1.550000232507797
2781,-2.832697299948346,49.122363677145074,-3.919824158366098,1.4891127290497366
6064,22.155451542518605,-2.4018983512477514,-5.735049427067325,1.350889288109153
4023,3.908665760432118,72.71379131997148,-4.221627047529235,0.8000084218045591
4423,6.323569612844894,76.85050014101631,-5.872935177979867,1.4554074764940637
4672,11.100123579622451,67.69209012443355,-2.5530003829171544,0.8000013290022892
2748,-12.402725891139784,42.550276769082956,-1.786014697578422,1.4953760021217621
2884,-11.010207684777267,0.37956685039636934,-15.12795238273511,4.661736959782036
6,19.666411715370796,-8.310114861158095,-7.661554488018363,1.2333950040780388
7812,-0.4999245640199831,41.578205059182295,2.344032468844427,0.8000003827193395
4627,-0.2090866387840779,90.71488641982889,7.790420949487905,1.835851099000882
4804,-1.1242617605676606,85.7989572543776,2.113670143090811,1.0199787402743656
4709,-9.999871987446923,69.88504936004328,0.6474756550213934,0.7999996160840549
4024,1.8813464765601986,72.66355289145996,1.019948903655691,0.8000017965875599
2079,6.090281166874194,45.15157313063721,-3.2597078052749096,1.4960177598460016
6840,-4.297613168971587,31.059754837759446,4.256516122506058,5.6692038680437555
4437,10.300152588994504,83.28913242369629,-4.94174282791447,0.8000012093028556
2789,5.010864037309483,86.16536408775207,-7.941614817903581,1.4410537354476614
1541,-17.939079382692448,6.118577293941005,-10.964984712310855,1.5820601975439665
6225,13.013404738292062,41.697158555253,-0.3344721625493319,1.517305476935997
6643,19.938979898450786,82.46630284662358,1.511624571709582,1.4795861714581369
5694,22.3068225370955,46.45717896875311,2.1330672242316804,1.5123384530618467
6280,17.704431372606997,32.33988414145852,2.4618771565609396,1.5310714675135018
5162,-17.135745418846213,-12.678487142436307,-4.017123708163536,1.262430591939804
5227,-22.60679753142164,5.697872681595611,-4.394887670033815,1.463662399619807
4019,-0.49988607649154926,61.71847134849812,-0.1829089451315089,0.7999999203105258
4403,-0.49985981547219394,76.36342122499192,-4.821788250996086,0.8000006385095513
2185,20.494087228727942,71.55266062990461,-1.92192896778445,1.4744556030753255
1019,-20.96687536540919,9.929299893376468,-4.127024561025855,1.4943274440048964
7480,11.133627810626574,22.1143735588024,-1.1260965311305262,1.5011615634992599
6332,15.921287588315899,80.32361480448414,-4.01575876788162,1.5122392933360111
691,20.096562330517877,90.84540279369003,1.9371134196887456,2.9207854764866905
4583,-3.875624201207874,87.15859746850933,-2.220638700854869,1.0111458104770161
7703,-1.6574939969587774,33.77535423990689,4.296428392955071,1.0255326389207866
1146,-11.392272906199883,-10.794041673517283,-4.886310039229699,1.389545231968022
40,17.551838146958136,-5.875205346773895,-11.28357304540544,1.4325116701303733
4834,11.544523319438927,87.5291749932124,-5.75572344036577,0.7999964769721074
6583,14.722148951457442,43.83843581212505,3.500330640456464,0.8000006313256007
1982,-0.2258791586588419,95.41960740577146,-8.17476774233197,1.505804695267085
2177,11.575774189049259,63.07556773585166,-5.406513146526915,1.4573166202919456
2906,-15.805863516682614,14.629894112070653,-8.78334908702912,1.4403674458813982
2672,-18.579084889917063,25.280087547186866,1.4510998061294826,1.5332117216535752
3658,-8.977111604875297,16.772284546865816,-4.486087541560668,3.597140372821406
7069,-0.0578327839840964,32.70582784537784,4.682247100957509,0.9927298020632976
3250,-17.965461443641757,97.55133948832606,1.4151381369268836,0.5008712062074376
2485,7.840662641119343,22.106901880691378,-3.2877820810003646,1.545759269082115
2080,8.328509419811837,42.581266220825505,-2.7145042758105937,1.4992275967754176
5026,17.43550026057761,-12.185400307321684,-6.4737387384849105,1.2150463961635176
4661,-9.999895584437779,55.80724993956989,-1.0557938046613309,0.7999955809954764
4649,-3.339211487884356,49.51951401304799,-2.458754592905935,1.4964966421780945
5404,-11.545218462194425,5.972948329462158,-10.709805014716101,0.7999970884489873
3921,-18.10293224895168,86.48498051994696,2.3105682365534035,0.6989370911094929
2624,-22.18549383895844,24.09646492200153,4.369342117997296,2.077937228921303
1022,-20.58815172344155,3.3024928765410198,-7.580403812583373,1.5376351305533371
2700,-11.925206390691521,61.56383638480217,-4.794294668446774,1.457923748298684
2517,16.487768292045153,3.9402772690772503,-14.226802158977609,1.4734661256020318
2934,-21.667153001781465,-4.795761154567251,-2.1289633884726964,2.4927838457344906
2150,7.358401793829557,32.56169068012454,-1.4727278309736858,1.5240354968909002
4439,10.300140922413092,76.5551732979123,-5.119924688313644,0.8000011137136352
4716,-11.413922887403004,72.7135613870347,-4.193211188655991,0.7999940717403704
4032,-10.508877956915759,83.78221836581542,-5.5847711614524105,1.4698217428236857
2797,-6.805383781182952,70.53667898315516,-6.696494109665227,1.5199233527374865
7027,-1.1743256825226842,28.795602246508018,4.3954969507216735,1.0281366189476258
2708,-6.534005130356439,27.7017633440335,-1.3500709986939485,1.5138522432520998
5423,-21.370477685715528,7.516728587460349,-1.642893202661547,1.474071322451888
5694,22.39079499617596,46.65433798326949,2.260804915856768,1.471485888809916
6251,15.314977136483103,96.55659127886173,-3.9119631893165248,1.5163641308446623
5952,21.539143602606565,-6.029704939940277,-4.748179556142486,1.281533046345386
4434,6.983671736522774,87.53160803343495,-6.008778270870598,0.7999969670697408
1259,-19.78550837283235,16.900138284770396,-1.8449206585168043,1.53548510866997
3975,-8.762521054589865,70.30978458283357,-4.914443058510119,1.524576330428613
4853,11.100167448193904,91.78215007362758,-5.393160192794852,0.7999977364742111
4655,-9.199912337128424,47.966098645975805,0.2833238755052798,0.799999553625061
2090,20.682143783481834,46.83031738307518,0.5353952760539169,1.530669986438332
4696,9.754964617376713,52.04934203661002,-2.6134085092546178,1.4782062250948038
2664,-22.616718232041833,23.51857828137465,5.165743306186566,2.193641377787585
7422,-9.99996756989249,17.996446768530454,0.6276673628617313,4.335339229206768
2439,0.9076118337768355,79.34713074214824,-7.5731477781220935,1.4512411063196915
4745,-18.200018643254506,52.40038068060738,1.0826417890069668,1.5411588582807565
2878,-15.751083311449545,4.157748161922911,-13.959640158643802,1.4702214249451409
2076,-1.4699151546626092,47.967492841629195,-3.755070771651819,1.4544226521954176
7325,4.930692105063956,18.087304534059598,-2.88163211245223,1.3555693359785477
2286,11.59265110498589,-12.88881641934385,-4.106757778234858,1.9318903528373665
3642,-9.954925917271604,14.219114464711522,1.9251679646643447,1.3666349315681086
4836,11.100152551506365,82.50229807486437,-3.118528304513827,0.8000014271023016
4558,10.504753542430063,54.00400018069242,0.9762912271029844,5.2970454997317775
4659,-3.2426498534671313,57.89153580412828,-1.9683836806843493,0.7999998060174448
5047,22.057993618321042,68.4031524145072,0.8656781665127706,1.7074302753510042
7162,11.10009493406172,52.243348291140116,-0.8483200227571416,0.800000509092929
2195,1.2797411100452287,84.91713791745877,-7.977839747837175,1.4997019706291066
7024,-0.01008322800051474,28.96138541700661,1.9487566501457483,0.9845400637924087
3938,-10.787301017118704,96.6390893393169,-5.4042326815581205,1.4828316857996475
4443,5.382208965164981,85.80605171117217,-6.478285320355706,1.4474802820862707
2100,19.673633408883155,68.04200022797734,-2.624281875144754,1.5416384764526774
1301,-9.999944852609651,29.118811979125024,1.3203398459207112,0.7999932761691689
4019,-0.49988268299671956,63.79920007861402,-1.7320420269577284,0.799999544517768
7551,11.415812429186573,17.970251222261563,-0.29941801444728644,1.4965874106622166
1521,-11.368500564195806,11.654393281571494,-5.12399067909846,1.308337469888991
7025,-0.6734698511070851,28.788725878046577,2.6445489354061165,1.028827672035825
2701,-12.731466325518467,57.01635829439036,-4.004059945055937,1.489668866989508
5510,-18.023505124798206,14.91362278098995,-4.476131813883821,0.799996986402679
4693,7.716682911668047,56.82072462084151,-3.519666611346383,1.493789071827888
4539,3.8158291482063817,87.68359859552446,1.2991314649128436,9.301819566847815
2089,19.36772777903595,38.515387871909795,0.9438432750060932,1.500341501356585
2756,-17.238071163212698,50.044795791346345,-1.062925521563843,1.5532127464620065
2737,-12.876333478829533,66.11437835446895,-5.080215710901274,1.4408766936121273
6230,19.29100509510494,25.672676460433287,2.77409998101832,1.4295149875288675
2094,4.87457417482599,92.71718177642593,-8.07552858059506,1.4261844635139642
5034,22.218624331155574,68.8443248128033,1.3057082955285342,1.7601569466495848
6262,20.040079909676827,41.21496777387422,2.7217648130265113,1.5046494113117908
4709,-9.999882560640433,63.42563897340595,-0.20670819585382216,0.8000004971790451
7772,10.300072906355755,39.2755857406149,1.2738550615186761,0.799999628117284
2084,14.490481573620404,44.32718055042378,-1.9223242299023906,1.458179543450854
4018,-0.49988120689240056,64.76326834270546,-4.581108033532902,0.7999995398107438
2115,-21.067095484065387,34.70688266878538,3.732059905831006,1.493581901375631
6583,7.808728980750378,43.832973254740836,4.071198669698706,0.8000012962141967
1401,-19.13406042009881,39.797315665720014,3.451248410310709,1.4428792173825173
4853,11.100168659855553,91.96401792942537,-3.354225110980437,0.7999986636592122
2801,-12.138892992787921,93.72536751443155,-6.671205603653308,1.4910016987715644
4404,-0.4998581046256422,77.37609162613236,-0.41272720746659763,0.8000005514175408
2758,-14.695016455452059,33.971840393976336,0.050917872093752994,1.5910767809976039
7603,15.442796342749201,31.239967288017155,3.2798421382257876,0.7999994115931572
2307,11.721599592851678,-7.684998969384965,-11.935396804706869,5.854191385663965
6973,-1.6497226720076068,31.70111044972401,6.238504035198501,1.8496090221601256
5542,20.500121026736203,65.28619183312372,6.021456257620137,1.1999988522803402
6572,-2.7185964343136515,43.859548073447215,1.3011343773709005,0.7999997836866661
2113,-16.61505702969194,27.30322154006763,0.9249673277604366,1.430644095976744
2788,7.581664098898987,88.33185105816587,-7.857832645052892,1.3702599144972136
5165,-20.383504806812823,-9.128324940198304,-3.739004764288628,1.3564095454967766
6156,15.065855875977157,93.89563603351073,-4.4006319596933965,1.434347146314296
4583,-3.802324999909081,86.93348837774641,-4.9295164183712785,1.0129240386891496
5670,24.018149482178305,4.0577646240939,-6.127919094841499,1.5095653012569108
2852,22.17446399265195,2.3461073238635795,-11.480639274201526,1.5269429524113225
6543,-0.025759811459740767,43.867697510158166,0.4502064396898239,0.7999966384152587
4398,8.19729877367567,81.01954138510933,-6.087142490373545,1.4512975367617242
872,21.66959018650194,62.246738914656326,4.865279718340629,4.852204494595028
4673,11.100125058090237,68.90222478158135,0.29221573324007677,0.8000004474067213
7662,4.909427876888192,21.438958824367877,-2.0982031848199547,1.477686210461831
5723,24.339598045427003,4.145148079134804,-2.4399427249892573,1.4730366099772814
6764,-9.199827629729091,92.94740639028366,-4.512339377703488,0.7999999889794289
173,11.986171451489088,-0.6021548992028325,-10.473648471767422,4.217496678508445
5163,-17.819488483291728,-12.143499853764421,-4.161557766256445,1.2611987746231272
6737,7.369755445482971,98.52281196668112,-5.038879965473057,1.549998337328083
1780,-19.436445791665285,-6.379612507192454,-6.760133237618804,1.3685473828522934
3559,-10.13241452116766,-1.2414734965269867,-12.36738325445474,1.2970483100175576
2757,-14.936159600935124,40.97837038814007,-0.729913297631508,1.5011629604006131
3032,-10.724188934597741,9.096507188451726,-5.214325896535048,7.6377383388396405
387,13.018505732715903,11.729526654587808,-8.080821713891218,1.3061667399167405
4730,-12.603980347160928,61.132614246072976,-3.044514332375115,1.450792260778806
3600,-10.11814478216551,5.550742637233117,-10.41610330978934,1.290126704162872
4589,-3.2051846182538952,85.86300402395852,-2.988772655431059,1.0180168079610612
4878,-4.957922751302487,87.50274477538204,-2.9958378519098563,0.7999965806627309
4409,-1.5745232736994146,89.14806386304953,7.8134733591399685,2.000004083783655
2754,-9.143130780992752,27.349121529168734,-1.105819397666845,1.5315159086567394
2526,22.043001431127745,12.737122805520123,-7.604224901995048,1.5023318941599026
5828,22.10004006974887,22.7976128827309,3.999677297694601,1.778607786207335
5189,-21.18617792485706,-5.6026424696465,-6.41364591529604,1.3293796386791847
6975,0.24552283878738132,30.602602409438703,6.810555846653252,1.8468145406686192
4025,-8.726448488389593,72.70719049622485,-3.5300460240644673,0.8000017597799789
6850,-4.921568194077538,18.08345058001071,-2.6558947348803033,1.357802691393396
4435,8.838583768782332,87.49981503852294,-2.6930042418895157,0.7999972534562071
1221,-13.98431734207418,24.347170760705897,0.8987834369849743,1.531204280008928
4019,-0.49988319251875923,63.121628495340524,1.0434209509970285,0.8000002355425458
4672,11.100121855521285,66.75317574712246,-2.8860657686440474,0.8000013328375416
2175,14.445807834309946,58.08787405198296,-4.1195225532400475,4.997477432762586
1028,-20.02893323823387,-5.136753393925339,-5.858648089973469,1.3147117134975868
2110,-16.563233679551626,34.55128413370839,0.7604811590191571,1.5306482922780116
2079,4.9285642645209595,51.80483036561748,-4.343155195399687,1.4772794088010652
2305,11.69743114631439,-4.986064055826143,-10.56802656015276,1.315888294426232
2169,8.221960192680992,76.19755492747885,-7.160817496127171,1.447257994001756
5707,24.18880378041672,2.5700819419990615,-3.709548175590668,1.411564149344886
5035,21.607347924641346,82.8724924031249,2.4449146132423456,0.6257802708543864
2078,3.556656230228439,43.19634594078228,-2.992089146567565,3.667262038344504
4673,11.100117174039678,64.61877129259706,-0.0573067551730031,0.8000007394134836
2197,-11.127940020820628,-2.9856410578403425,-14.843629289399388,4.67191581013774
2799,-10.17796528288718,92.74951680842733,-7.34449325173661,5.6011707680339375
2164,6.837060207268014,84.07863996920531,-7.837543748430793,1.5046647693382447
4730,-13.371313500153112,65.52473982155794,-3.27298579251455,1.493368309720927
6201,15.38113333864897,60.332650139765384,-2.5432119485153017,1.4496246323638493
6225,12.686991154685103,40.44600128714999,-0.20713585350067654,1.5304314361055924
947,22.476467419048166,57.1040818182851,5.024601282269311,0.689853225275195
4782,10.300171951584177,93.82912537408748,0.49727237796379364,0.7999999110834003
7664,1.8585394079151998,22.50777913428483,-1.5573828185963303,1.4886488213074756
3213,-21.699960437876005,21.52464838672828,7.800519749243982,1.199996932405536
2078,5.802937539003176,45.84433373584657,-3.3757562201722173,1.4872948233617853
6330,18.05184330114173,81.2551592990767,-2.498300842656339,1.4978916698618716
6420,-18.899881064713256,65.28772133075944,4.56103003550987,0.5999989562290615
2781,-2.99065607529901,45.352328948728214,-3.3160067335650676,1.486162631199539
4035,-13.000227610619174,87.49469744436976,-2.154113629458836,0.7999963982407675
2079,6.593254306213788,53.770028174991964,-4.6235125016110725,1.513435309752833
5190,-22.935265457213713,18.037316289362025,3.6818978496797827,1.5171382931047241
2102,19.00084124217667,52.44461912436675,-1.346484724255442,1.4647387347984044
2153,13.702696407787865,33.86914577939598,-0.6971042022367586,1.5545939584746962
375,13.000636723827657,2.4200987789163397,-10.615567541236395,1.2900205789547734
4396,7.896910755201992,79.90772524383424,-6.039785569446768,1.4305963118074858
2169,9.3102424041753,71.22585850330479,-6.685987691182863,1.5001987699157737
7778,11.100073548583605,40.3452568846875,0.4530769131842986,0.7999986548336017
2116,-19.923447248145216,36.00304679512215,2.5993029881540926,1.4887060693778484
2770,-7.095430255904566,82.85694697738899,-7.654151061185071,1.5409055600292336
2156,16.80827517242308,33.06244779895745,0.36240657045582064,1.543196915301986
4785,8.524391033108314,88.30701855623653,-3.440770605674856,0.7999978643803525
5009,23.846723325244916,44.16090601899976,5.464023200408091,0.3109953863701014
7465,13.42553694018648,16.138742022051986,-6.161240741271578,1.557388126590038
2096,21.445833463726487,61.60475410039747,-0.2480588373004303,1.4833961806931226
2139,12.963888913143581,94.42385981394912,-6.906326282066031,1.4817066619352761
2797,-7.064485146734912,71.53478502574941,-6.757086101324605,1.4941966830042472
6709,22.921495727255863,5.370159438093692,-0.44952414663713686,0.6919764680467672
3569,-9.96465460194497,-13.118981245296618,-2.4573704107158982,1.5347998075710452
6206,18.90544092508108,65.4938050076504,-1.054387529781523,1.5397448220263499
2628,13.000928488041524,24.586614011184448,-1.3226308338066115,1.535264750387894
2194,13.494282280732534,70.89530603157053,-5.857318540215044,1.4435118235411404
2077,3.190154153376196,56.78300315232319,-5.16236654154509,1.5031298548796674
1205,-21.82769558929089,17.42175064277128,4.559976243325125,3.483661724329765
5242,-22.519210003237276,1.6585443375382718,-3.9243579789819183,1.4042579578180778
7167,-4.28259798554759,72.79945318012149,1.1564572380213411,8.182879179675403
2692,-18.494293502604364,73.95757301829379,-2.4079630584591305,1.4386549952567138
1529,-17.70091155008465,13.813472725221006,-6.7235754628460285,1.4624557157107723
2150,8.976898056531887,37.190277592725366,-1.8649135057575843,1.5712472197257499
1440,-18.97517654229266,33.922076358769765,3.936204011870842,1.5064682812124317
1607,18.924340282551995,15.719347810934016,-5.076561168618035,0.8000023680933587
4692,2.590094764204442,51.20740343912459,-2.761058759395019,1.5070754823158758
4875,-1.809997362184074,79.55708667642828,-6.122377326886868,1.4669421488290386
2181,6.024957679287047,65.97330967767257,-6.285264086137759,1.5205801348400145
4781,10.300179335312915,98.36596448577924,-1.6103780816591389,0.8000000770056054
7771,10.300077281123524,41.813797267455264,-0.45116933853104335,0.7999984418620137
6441,-20.318275380653628,53.78220314300168,4.482763904690869,1.4503890955535348
872,21.868652774836097,57.27609184472823,5.252188980277704,4.717639369568774
3725,-10.203339034110778,1.4241575725428963,-14.74608433355451,9.528801124422841
2078,5.068455382666226,43.919857985718394,-3.0811749775004893,1.4625949665004485
2111,-16.29911045413946,31.403535669823526,0.9731412341621721,1.480236089865646
5975,21.618986378793693,-3.5931726866769735,-7.8389582636157185,1.3425166447057522
6384,-17.42402506733592,90.12806756012398,0.6464612597810983,1.4898110023615485
2014,1.9628865578365424,38.224059814023676,-2.243980732335989,1.4864423830764892
4869,-8.749022327598425,85.15758559446121,-6.0222658490089005,1.4245146749397577
473,19.082566204356223,0.5019436771238143,-12.188080236892306,1.496427930030621
4395,-10.661157501379453,57.88708339607287,-1.502994146781849,0.8000028615981543
4658,-3.259157225934926,57.86571656607436,0.7252868006050932,0.7999988270035795
1835,-17.11415813459979,-3.0083260567840515,-12.031355853052471,1.5121733347172415
4654,-9.199908438945215,50.16251097671335,-1.702097458983636,0.7999999731941169
2826,-19.112759089439997,14.81672971656711,-7.089164559203685,1.4598598805542131
2148,4.121469103644623,31.799082264137567,-1.475152421946751,1.4934584755274716
4846,19.100133299386684,72.95098640394748,-0.2881565639641122,38.979628511862096
7631,10.093094824867869,21.70986553294052,-1.512655673574881,1.4946120016606799
2782,-0.19414894532446753,37.16774791571777,-2.1206068935374116,1.5160058496427515
1548,-12.155164195849016,9.88285376948399,-10.991616067318501,1.490125741280631
1154,-11.42852695445921,-6.979514072916275,-10.452073498347417,1.3328517000789006
7166,-8.067600505923927,73.03045842340119,1.1586714900594748,7.950904943027758
1383,-14.025538347101065,15.729417446192908,-6.120972356830225,0.799998117396445
1984,15.183689275976324,30.47699632519485,0.001411168459318407,4.415985284167884
4749,-13.671549701411212,55.83117335393965,-1.9455136901724552,1.4995376426921758
1003,-20.51131330973073,21.11743535417707,2.9674038101323883,1.4852835843756729
4490,-2.4145230553671166,88.55202913454264,7.807760040952733,2.0000040467997033
4757,-11.047385727107379,64.48963782074641,-3.8675038005711597,1.4564109851667164
3965,-12.874874454310028,98.46885825012086,0.5932178345593561,1.550003173442665
1855,-11.445867766681388,5.174302304878299,-10.854549117315125,0.799997206349541
4615,-2.826611531005722,92.82447733357725,-6.6570450100751755,1.4856580871089948
1434,-19.159204737661682,22.748379719511675,2.5393219177644664,1.4545218273774463
7362,12.509205819227482,17.284084232962265,0.9698396166672518,1.5791190152405494
2132,17.668344769041557,28.216944481890735,0.8256557596541833,1.4969501041177777
3983,-3.51335682834981,58.69909043469747,-2.752656126585443,0.8000002308029605
4433,3.8099620638612754,87.51757651299415,-4.544238838311183,0.7999983247473582
1988,19.484639030947374,28.659510459324004,1.6905610024254834,1.5225826685220043
4024,3.0573981490829363,72.69470362534156,-2.229890512072703,0.8000047207738036
5351,-16.272751758049232,-11.064574071001731,-7.967942828565564,1.169695964685811
2772,-2.485857665068057,80.67930179670205,-7.675607403796417,1.4821825633319707
7015,-3.346711283207331,29.69038003054135,7.243533777175696,8.656294270020163
3892,3.354272820851746,16.66044525605875,-0.26385471263616633,1.355327897230613
6579,-11.966483308122243,43.8707070376339,0.13735179815852783,0.8000059914697386
3970,-9.199879703059278,65.00120358476994,-0.2540970949461492,0.8000002825984189
2188,17.946894167773568,82.17529107165787,-4.454087501447642,1.4644082178175715
2087,17.4343980367534,56.368052120411924,-2.761287439317111,1.4770005769808694
7691,9.717778206837133,31.266311502247678,0.5324543325742199,0.8000001641187647
6509,-10.40144425359012,31.25190524942805,2.0396514194387496,0.8000002989636404
7487,14.62634827064868,16.209915311974527,-5.909230419361311,1.4772006614720916
2707,-7.220689133072149,27.648085758658688,-1.2902807670847445,1.528783201140088
2512,12.684519439639079,8.08367014313747,-13.56890980354342,5.43785102049293
4761,14.354150835578515,72.69702473178899,-2.4732543981638226,0.800001129839386
407,13.259307389212237,-3.8120527073413477,-12.325963851840028,0.8000011059195666
836,23.709915493072348,0.6995245826464248,-1.6620648601451977,5.082623837510545
677,19.293594741477847,98.12028633090512,0.22759732245601455,1.4739897729965454
3827,-0.04912667898609907,17.218750025751703,-7.8764443243741376,4.774827583972167
4148,-9.999832754893516,90.61546304838933,-0.5769899352429182,0.7999999432732283
3735,-10.488676364507226,0.25990014913496773,-15.082554493648063,2.098228396782107
5503,-19.499878467366994,66.06799858053556,3.8883717709651204,0.5999987135094377
2648,15.291016689098297,11.873955636996964,-11.384984014799699,1.5019213303854888
1442,-19.837153444858952,32.552287110469656,4.73273723075066,1.4632121041558743
2558,20.259256803108386,19.32315282427932,-2.595388999949476,1.430520565139569
2176,13.433939464999689,62.1225223914537,-4.888057267660664,1.4331180326758741
6275,21.075463789598544,37.614627221360855,4.022870577023404,1.4709716378695503
3963,-15.548758597879095,96.7859937240484,-1.9217367275746375,1.485994871765297
2190,16.45256101755131,86.49512350271677,-5.462555361860992,1.4498315599801024
2803,-10.222361181003347,98.82790627717988,-7.051271112588973,3.3199666686121567
2741,-15.282987812329555,89.61892215553885,-5.2410604859893075,1.515413818414006
7378,-4.251439871326455,17.97388035758904,1.8888261683441612,1.3713508749789427
1313,-7.958054288652661,27.66125913355065,0.349491587260329,1.554267776107803
4592,-3.6222639826055962,86.43383794576062,-3.9191929685806595,1.0078227032248908
4768,-0.22912180365996487,95.93776743761423,-6.666860261215673,1.5085198227727803
6337,11.502553767360686,75.97613126241473,-5.252091791185927,1.4508061937247
5925,22.708697480627325,2.0661418681996087,-4.234025936977573,1.3954963595817351
5093,15.50355589911717,-14.038499100268558,-3.8530435473025295,1.361031808052322
4014,7.070635236012288,69.38525114726988,-5.1011007004995745,1.5435191618270607
2798,-9.452427152034108,82.13795230512858,-7.278076510937464,1.6079912888852856
4010,4.792449467959385,71.56433284310356,-5.441381815184976,1.4976897317388178
4068,-9.999849051474543,82.22622475437741,-1.9293327895095014,0.8000004733414964
2792,0.9764095407056981,63.57197636291431,-6.032704544605981,1.477621630922969
4729,-14.23081543412769,60.534990505917406,-2.3644999516161667,1.4529674838348443
2161,5.366011055976213,29.450832220565104,-1.378445735472249,1.4841043033273946
3406,-22.04578055044634,6.4628553707848395,-0.056504438697952464,0.6933499146570099
4056,-13.328284431759215,87.46341566919065,1.1093978574793266,0.7999956917793798
6229,18.51686137087822,25.676932360472534,2.386256098282814,1.4739183099948385
4006,10.300106522826702,59.38880319640065,-2.2236397147723426,0.8000009943558105
4821,-1.2998627080065372,75.06427388538481,-4.168039791951082,0.8000004968983261
5388,-17.14614908634391,-11.537857561607282,-1.5492190868874476,0.7289942951113678
6569,-2.613210033585745,43.8383792468572,3.5093763904217834,0.7999981339470537
2333,-18.537105505132168,78.62497935702677,-2.4503633470669732,1.508328607134821
3892,-0.35538472722949876,16.668256269277702,-0.5524397707414885,1.3535597541220672
1332,-9.199943138543668,30.37440525117931,2.6404178404852403,0.7999997464519316
3203,-20.943738183327547,34.48857569220552,6.2646571156045265,1.619973178126358
4722,-11.118265542412678,58.68720612685671,-1.5114837401578733,0.8000037870294304
1458,-14.08813219649121,37.18440121713624,1.1589749952384343,1.574663045446781
4672,11.100127727713623,70.01619406826796,-1.4044255082966706,0.8000010234192779
3892,2.8006175703822787,16.71487901693784,-2.2765154242094763,1.354087892134171
3546,-10.058649598331325,-11.17737454352731,-8.081343333539582,5.911780545082522
5062,21.17447247854929,84.00852544339851,0.7869133344774427,1.4871314114384093
4669,6.659006665172398,44.07860097727511,-1.5437454196106255,1.5150004873696974
7753,-3.800446973598974,29.916731310250633,4.383909470818975,1.0115489541821736
7531,10.30004013984723,21.54981926745023,2.3626817612262827,0.7999999660952269
6361,-17.00880486039363,92.02692001766653,-0.17193881843645664,1.5115144532360887
3925,-19.35153929919204,71.95021285938444,3.7183379852551206,0.6980651175726775
339,14.668262599930799,14.206344282779078,-7.883908467380055,1.4248502463438963
2076,-1.4495307813727236,53.93963440362418,-4.693139667792389,1.4589466110888158
4444,6.453386835217529,81.48045648567016,-6.213063295893862,1.4813817686503536
3560,-10.148367395143548,-0.7108860161883855,-13.230808605987505,1.3405993103009228
4642,1.3326468861709386,57.888882684934345,-1.6931065293531082,0.8000018263318454
7760,3.4240827895568806,36.40520337578732,-0.45670912224190174,1.5413197220594843
4808,-2.8743600911052676,88.54262801782482,-7.510457940892819,6.527265868082001
6871,-8.57486810750885,34.36045091756915,0.16920249290824196,1.5631688891525117
2769,-6.975093162965743,90.6316273289489,-7.819894370997634,1.4197033368124743
2079,6.046409425654012,45.45721526841881,-3.3092924000038897,1.4946811212525792
6105,14.942362273941342,39.38990900056798,0.575368998666351,1.5078132295397304
7046,-1.2999333089587162,36.87038088821204,2.1283247597830215,0.8000003443403861
7812,-0.4999262259989458,40.0961245951949,0.3901914877550283,0.8000013338380779
3975,-7.4041374831594045,71.59961218617413,-5.215296272754884,1.5155157793996328
4019,-0.49986933714739706,70.89362573153537,-0.2436086548023158,0.7999998617775015
4785,7.402840751843929,88.28360327629423,-0.997967739870548,0.7999958888731149
5894,21.90408280971708,-0.6863769901092285,-8.116539198581883,1.4509935337957283
6929,-9.541612543375697,18.59321399382243,-0.8627316974678283,5.219661926822014
4014,7.487281423592693,72.7097142532622,-5.466061675980031,1.463476128094225
7773,10.30005886970607,31.942754143996886,2.1047156615758293,0.8000002961501269
4648,-4.625686448819419,50.458987972695375,-2.5694659310915027,1.512694207210829
1131,-14.002309377357953,-7.4200803852115245,-10.918681691758128,1.319050001463763
2076,-3.6555543065750253,54.29045127397127,-4.7266634161620225,1.501589014884385
4850,14.253196564211994,88.289078421293,-1.569549960834956,0.80000678348386
2741,-15.60650743768371,84.82632201249217,-5.015384264012631,1.4391972669634714
730,19.97321726143004,87.06714993109978,2.9333160996906136,5.107893550306833
3640,-10.083635319140331,13.563162239293987,-5.726892120113527,1.3179763941961566
2073,-15.594230668574799,-3.1190925214048657,-14.112103209385072,1.5110047526955885
5508,-9.999961112708238,23.04683890891176,-0.27254228441641465,0.800000892483724
2005,1.4008704308809083,93.41912863159193,-8.162445662422282,1.468168677583715
1246,-7.934445155345218,22.676574155174258,-0.5756036381679787,0.8000002179493305
2014,2.927494612167165,35.9922345831407,-1.9695744219687406,1.5464509777455797
6712,22.70004195491899,22.659878501538536,7.720321297055209,0.5999993886137991
4923,13.427751055922313,-7.546470013307665,-12.938886807064737,1.6170210937551253
720,-16.988008794024353,100.05217940317539,-0.8519792919668698,8.052243226879087
5518,-14.350740448548134,14.894123588272185,-2.4429544733824775,0.8000010557056496
2734,-6.962518898732728,48.34707341737108,-3.6303168297186037,1.4932945895042689
2076,-4.158335012742552,56.71476054029583,-5.102462961091353,1.504930803996551
3892,-0.9027570244859207,16.76329975193125,-4.0666501382210125,4.778564935389468
4524,-13.463587959759813,87.57957618546294,1.2981339475997193,7.458930816886827
598,-11.116167573611335,100.06404544871135,-4.113850208886121,1.5499906879925858
4875,-1.3127834068501847,79.04679134595018,-6.09351060543236,1.4551679443860752
2183,1.8993474828258945,59.26003104951271,-5.513718592786526,1.4907571730471194
362,19.708672762159143,14.070112934251075,-6.245845828194934,1.4636243575355146
5541,20.500118661178327,64.51365916338047,0.9064617425438688,1.6099402350043017
2086,16.33371350641101,47.7961122553083,-1.8881914005181817,1.4873869819139578
2264,11.65142995007237,15.027523126363118,-3.2670980100008586,11.945332102446446
4067,-9.999839802793188,86.56819238305872,0.02349277025878077,0.8000004485467733
7325,2.180693033450564,18.020551602007004,-0.4716036707852484,1.3539915894928092
1496,-11.303573637212592,11.20810330910109,-1.2536706912686784,1.3147167715696475
2169,7.94627159556291,76.4325838544924,-7.1995634436203675,1.4378199510980636
6711,22.932893692299558,5.662200254978947,-0.3421854102997301,0.6873634389982562
4822,-2.473254345801166,73.50258337681804,-3.046220380436828,0.800005665670234
4695,8.894010598436536,45.5412715767002,-1.6514211693388192,1.4608890685156546
6155,14.226797497686274,92.1087714460312,-4.886978723467493,1.529070806340093
1478,-16.86857960202274,0.4338441603537757,-12.522141534060438,1.5127197241373134
4835,11.100156171270514,84.57750086626675,-4.231208653976793,0.800000897586554
2169,9.380546945793055,73.19324113364367,-6.837473470517422,3.8983214675725186
4029,-16.564185825840664,90.18948081098156,-1.7634310896070113,1.4980061969095222
1443,-19.317055256945565,37.325265918933084,3.9075004798879283,1.468458510537948
1475,-15.71437425256577,-0.048697352520757554,-12.82402044195267,1.5270431565588451
2120,-19.609498110109435,27.023383104273204,2.447515329586988,1.4584886314460859
6722,-0.49982592673134196,94.93918455447286,-1.0594813898041857,0.8000003118508171
7375,-5.793099362074642,17.952310746531317,4.4533334170120895,0.6653046848524232
6337,11.922410657240956,73.71163661765085,-4.996887184490768,1.4599702041076472
6383,-17.722715454514784,89.26839262775223,1.4703188934719762,1.4624868287406274
7692,7.266553418453573,31.232651565393898,4.045010506843012,0.7999997849155627
6786,20.354064299769938,68.0227194658955,0.5840930571176727,1.4314524571408025
2641,22.15180510355985,17.80296337055455,-2.8070406639120686,1.4878471879376307
3579,1.9091565439114735,16.928441960783253,3.467262346729176,2.2744647978275907
1722,-15.8639602026441,-10.186999777444857,-7.31308737133176,1.1670734625095454
5352,-16.47540767074538,-10.278773140661157,-9.0083396608576,1.208024412936568
5730,23.183611292589013,-5.5951944433378955,-2.939368847613866,1.442347150611619
2343,-0.8661844188975826,99.93615090297573,-8.000162476521927,6.120171964602636
6722,-0.4998304470493746,92.41078229837134,-1.6054334319560597,0.8000000804339467
4393,-15.685974241967081,73.48224647739971,-0.9222118992319629,0.7999910773410617
7376,-9.372677287707859,17.95970781346699,4.097834565993973,0.6998142218378257
1780,-19.215257249537096,-6.13432678107143,-7.843953683729915,1.3933158130916683
7779,11.100063040817473,33.79508316468828,1.488076734275906,0.8000004429521375
4729,-13.740616917415256,58.93780083739139,-2.3629583068245106,1.4796433745849977
6583,8.243523249731858,43.83347053064948,4.0192587926130265,0.8000012357199657
2317,-12.440684411166155,-3.52727179007573,-14.539653010681091,1.460929841281082
7755,2.516196283027162,40.55935181909605,-1.0980534885228452,1.4721617297005196
2076,-3.080370154120192,54.43883180059134,-4.755588912369781,1.4914395112579577
4636,-8.398220763015505,88.29447391605171,-2.128430542779717,0.8000038239111268
2697,-16.689918341139737,77.69046795562227,-4.1287803072242095,1.5052226809154918
2575,-22.409059023385982,39.199205145678974,5.8841496464353344,0.2122135689598826
2275,11.721400097251564,4.411735945207632,-10.853724315659864,1.289466560202459
1448,-15.181017272583482,32.5187951165293,2.0649397355965435,1.5268409447176317
3640,-10.0704521381941,13.245624187904406,-5.10159136859218,1.3159776440576065
1080,-20.557816976174692,-3.1002732499346823,-4.715088424829826,1.3741342641724337
6871,-8.956025198565252,35.02180578059777,0.15825985687727004,1.5624920424319184
1500,-11.431548158518474,2.041749667914252,-12.41627167491151,1.290716906480526
2166,10.787709972258577,88.44568580157352,-7.447364951336419,2.7939561213591007
2124,4.719526608308649,28.191004820037,-1.4504404883591175,1.4241915855598042
2774,-16.455780679694776,62.54935172634725,-3.178027668995769,1.5342589394026045
5227,-22.616865430098805,4.651379429280883,-4.228057446333956,1.457072952818414
2601,-19.24614563373732,84.00992482446689,-0.44784064225332093,1.4892854847727446
549,-3.4927560020165136,99.3607830884324,-1.8890833379259044,6.068909627454839
6284,11.482149176662293,34.45537847344237,0.3668053575331737,1.5462791671533247
2734,-7.015614688658701,42.4931532718508,-2.684184740361741,1.5119599264574128
3891,2.7690996211364887,16.782841599007195,-4.789459091203863,3.8558463890414303
587,13.766856926128135,100.04093770454776,-1.707120640302946,1.5500078607910912
440,16.77209883841347,12.630700543210763,-8.694763783686298,1.512946647907873
2187,18.790803906234352,86.75513085535164,-3.741706050226278,1.4718179546731103
4438,10.30014729586802,80.51733156529116,-4.077518324861915,0.8000017213272584
4148,-9.999820412292028,96.37520690878772,0.9136303932194108,0.5999994139210696
2496,12.48150967922254,22.669810810080634,-2.317545823405408,1.5189066353548877
2735,-9.235287185711613,44.512421390182716,-2.755989527593117,1.4795081050446504
52,16.84302426950692,-12.437053949006174,-2.9080051206359028,1.392220852290764
2173,15.87293309977711,59.3463361609622,-3.8001002452241477,1.4498653287332115
1472,-13.95332223200073,5.571471792898972,-10.538473972146187,3.451702333117273
6865,-8.488414546553296,18.077802518731914,-2.2387604707828856,1.363429948296553
4397,8.489921875386562,75.444006135289,-5.6147884125755025,1.4584803496742529
2043,0.3164808063313536,19.29124211729828,-6.0700651302908675,3.459601014078262
5861,5.976551831781034,73.3542671360989,1.1617757184093787,8.230626944623669
4830,14.271824822321731,87.52021086119402,-4.821276693115194,0.7999957966681135
2778,-9.731328561222828,68.27176062292203,-6.0788669888103986,3.523915695990847
1049,-19.745273485836364,1.7324862534278742,-9.959882289676159,1.5461627362555268
5505,-11.014201322364517,22.675298104662865,-0.44193429808513707,0.8000002019419719
721,-17.390120386269025,100.0596561209138,0.7311079183778615,2.499326502897865
4435,8.793251462524944,87.48407362108875,-1.0508480106789162,0.7999959254360725
5054,19.711360437867828,93.1926593090594,-1.1665133691477167,1.4883122784803313
1515,-11.435071257609769,12.441100733280486,-8.695794554105985,1.307821292770248
2726,-16.11232591013906,10.926381223403418,-11.334878609453428,1.509427288458387
2747,-14.393718465671386,41.49753213705121,-1.0393953904352606,1.5342709051273298
3998,-7.189430352087564,72.66834094202757,0.5229273307181799,0.8000022103391597
6709,22.907219338199692,5.018076594169122,-1.6241801929141233,1.5026622321342926
4016,8.462894213800071,59.38486750432273,-3.836142258951226,1.4914127906544556
5145,-22.402126518298957,11.475938092238634,-3.7960499351074155,1.4865830163642006
2136,12.985871503263958,73.00421334996267,-6.162082704798138,6.437251059273531
4835,11.100154214358273,83.50999031703866,-4.291883802145893,0.8000011546491663
6221,17.416466275732727,54.62891027591453,-0.8590268883989243,1.496492889121543
2757,-16.254534647171173,44.24723045588041,-0.6902881126837469,1.4974049083054215
1962,-6.758099301872624,99.1428724081819,-7.711680165058301,5.863991724042591
6726,-0.4998249306645801,95.49661075401428,0.05053176754383398,0.8000003636446619
6765,-9.199826237609308,94.4085759199228,0.47066688542470064,0.7999983910122986
6566,-17.381479367949627,43.840112974124395,3.331262563662177,0.7999981176343853
2414,22.224761823950278,36.19388963170317,3.1856781645978227,1.4946643919849372
2756,-17.64156909139856,51.169429013483466,-0.9678070842089757,1.5066831143377701
6730,13.511738362039589,98.49067190433078,-1.6874829872747463,1.5500057088633943
2310,11.666186696202656,-10.011976596600823,-8.625584896085252,1.4425923152640836
6773,3.5764037947316654,98.5318240250395,-5.977889878167471,1.5499873396022208
2171,5.82296794668884,75.40211371444111,-7.227808045035321,1.4601692801469606
5025,16.71575972870459,-11.675431047639954,-7.7239698465948505,1.120848607753517
4120,-13.068019010652437,95.87337776283977,-4.407890857122308,1.5052575833397686
4862,-5.9077331138589955,78.85983356911426,-5.96944315735932,1.444324019969565
3291,-20.799210639835664,66.40134084642904,3.8397883375928377,2.1368336447823997
4064,-12.354738187125353,73.46389658785745,0.9920051575121709,0.8000010376966433
6260,18.660676727112794,41.85717947662164,1.802638979490108,1.5188345965483279
2087,17.672235346691863,47.562914101422415,-1.29053243443774,1.4907824339209281
2456,-4.7023891820798935,19.787033796098186,-5.356164795947852,1.6416875572094467
1866,-19.35388868918323,5.280981436170779,-10.029916286586587,1.4779931489334168
6188,13.05916155231339,29.52326741543532,0.996834961498223,1.533807552466327
1464,-12.590786086504423,-10.926834912577155,-7.709265252924836,1.2120263409957812
2190,16.80851736496514,84.42633312578434,-5.27552512058007,1.5089736060393344
5116,22.16298742860055,-7.396554362988624,-6.686301812932598,1.3465727611757554
4008,10.300129358697031,71.4164764551603,-2.2960032836201814,0.8000007477635942
7760,3.0820248204506515,36.5753383486446,-0.4799058258603957,1.5437710480835853
6470,-18.45951591097234,78.16302393942442,0.6664355679718763,1.499903967121979
873,22.55591786429676,35.627741795786356,6.937245051537899,3.40807614846143
7746,-0.4999568422853089,23.33743363712366,2.1868144916851318,0.8000013617292953
1052,-20.562905885600728,7.526288959616893,-6.734899703607024,1.5506237023593172
6771,-4.5211650667210925,98.52871844064344,-5.652880485491707,1.5499968998848512
2474,-16.171532845128215,21.1766430079092,-1.9854585961643019,1.4313711197483083
3218,-21.23722206817416,21.30966113709372,6.401455094692103,0.5999969328500881
4620,-4.198552470365031,98.07087958619293,-6.5222819675386505,1.471377299878062
4068,-9.999851996969058,80.81169966274828,-0.8389144683785462,0.8000002271007618
2754,-9.213052310681926,26.917899454541825,-1.1394324939562106,1.5160228981465602
585,10.854455752020115,100.06041378747346,-3.738222025920861,46.513358093194036
4596,0.4314572903457321,85.07064295966862,3.6455830000418303,0.9872413688930103
2081,8.561934330666988,57.5333932704251,-5.090584740576292,1.4791640478888153
4011,4.257904853398711,60.35141120720739,-4.12556839165564,1.5007772002598911
3600,-10.147311055315381,5.415305527243696,-12.127632653964842,9.40328253593062
2297,11.761900771330623,1.9406312791020834,-13.636799052497807,7.881796840395492
2194,13.051661470999397,72.32825008841814,-6.092021100278539,1.4288868639379657
3892,-4.4270181227143555,16.58640032409695,2.4744438272253024,1.3822468908160512
4523,-10.117654784142172,87.49446982935066,1.2973181895673729,8.564284050684254
2781,-0.44572742171047564,39.86309613108495,-2.4855759905375296,1.4814095083593062
3586,-9.919876023407562,16.48197034735746,3.239689083384488,3.9018681199965686
1375,-16.58733400376054,15.716419934140555,-4.764410885796142,0.8000007019238657
4408,7.015286970515851,77.47723660408003,-5.894481383938954,1.4451329742932912
2734,-7.795244735085106,41.151854781274594,-2.4008130633799185,1.5241966192562166
5720,24.448179361381836,10.22695541718965,-0.7721433621215532,1.437509466508929
4753,-10.211211367132332,49.28013005421105,-1.8687752389536234,1.4546251610501328
652,-14.680376124049776,101.40890438948243,-3.3222043561501975,3.0300352539299795
6865,-4.653391557035255,18.004919107052874,0.2661983303994221,1.358300477445506
3244,-16.406858082927325,100.80476870846576,1.1619042764404242,3.12304532746878
2788,6.718713348238864,90.2957635613125,-7.967368101151476,1.4200704339298273
2590,-19.478048806557865,84.29745725705436,0.516283620012931,1.4883674715000508
3892,3.0991111970197434,16.727059125783498,-2.7268947427801704,1.354197025844598
2753,-11.656750592742885,26.792093859450606,-0.7251674058361308,1.4610748755010288
4615,-4.65243340695414,93.97302088333473,-6.598320978272442,1.4756012320667753
4667,-0.4999039491881051,53.349683286049455,-2.7572256058044298,0.7999970385799914
225,22.52492861810764,-2.843467568684688,-1.307999966568117,6.364030839623166
4394,-13.691993487442254,57.88347775085262,-1.1258879372152046,0.7999998886298247
4692,-0.048761787456831684,57.66169210976254,-3.7902895046475256,1.4829425860691379
4843,14.456744719944458,73.49626344146498,-2.389898783706853,0.8000013333478418
4666,-1.6384955694421033,55.05745190631464,-3.3895527633855553,1.4593774003515836
4060,-12.549040955342916,73.48459640785043,-1.1675440283575256,0.8000050685455604
4430,0.031681615970621635,90.82240026511904,-4.242079028286326,0.9922888039107973
2083,12.591698525806237,57.0459977583261,-4.479617332322445,1.5295987622099234
2508,17.460892569946555,11.104479209357747,-11.3095979973669,1.4940236733605718
2006,2.844981349418274,93.91673009576286,-8.161709967703569,1.4771915844964454
2566,-21.553783414586047,48.35464751979748,3.4682871317741424,1.493007460829399
1982,-1.4117303913528647,94.00112253612357,-8.171360402540802,1.4887758008412189
1130,-14.49052962912679,-7.5857632886295345,-10.68523857648167,1.268295449522809
3984,-1.8304759314272863,58.68458122582353,-1.2393252399385484,0.7999993989428669
6562,6.683813991665554,43.870726668411166,0.13328059382898827,0.800005887355798
1052,-20.19122281526198,5.976878927038383,-8.24659842323227,1.5159752120509398
6470,-18.696184043824122,75.47121333017009,1.0191074241566487,1.4871428209647288
7595,1.9612289033229842,26.315238292637222,-0.22432647376275355,1.4865483866313582
2701,-13.365196899205804,53.9844381938684,-3.3481792969325657,1.4890901820528784
1685,13.597289195816009,15.674477747183026,-0.39436401515268976,0.8000000576531351
3178,-20.33330835426916,53.59235335315071,5.143659197704243,0.7031472220012844
2172,18.991984288603398,64.50257907410315,-2.7413428243277123,1.4490360841180607
4944,11.914111619854594,-11.839800876235813,-9.070258534113952,2.0562333343582955
4020,-0.4998664988595237,72.3280033440376,-2.9300311343659957,0.8000000736594707
1970,-2.4384970761020197,94.29192492695805,-8.157007097264271,1.5054339640261347
1548,-12.906982974028915,10.198227842558282,-10.692686045144,1.5075787187964895
4717,-12.47551682695401,72.68453627031164,-1.165611455546602,0.8000047050035792
3222,-20.577057810383224,21.327041597768286,4.587806939387086,39.60881110115841
4855,-7.033595366418126,73.52492923481645,-5.376588379513368,0.8000042026216037
6545,3.363089810604012,43.86869280050036,0.3463413436361664,0.8000005941441979
2136,14.017981138863703,77.66486914230553,-6.220062940505155,1.472341947407042
2678,-10.979064207651659,25.90668150444405,-1.0082438378983105,1.4684933714865072
3892,3.230490171510692,16.684412604539443,-1.1500426492338367,1.3547379256335943
1681,14.613116965993289,15.723674895883029,-5.527354571181851,0.7999991100488792
4034,-14.063338809029574,87.51420484070191,-4.189462550166369,0.7999987755561452
6772,-2.608037718833912,98.52491054074082,-5.256426502603845,1.5500037883673168
6118,17.46419156779421,77.73651082319685,-2.923805848226354,1.4673086712786052
2087,18.372722085271125,46.68491849643419,-0.8571531479708813,1.5118734468281718
2084,13.457074172042576,51.938121685361125,-3.427132835422675,1.4697306049417547
6770,-6.377259595813383,98.52038569089085,-4.782897655310458,1.5499943414671586
2345,3.1118104151212655,98.5587513842006,-8.059124292409635,1.480145932999231
4869,-7.74832893712516,86.88551556322724,-6.228425515138873,1.4270882895656645
4673,11.100118543732192,65.36628749339124,-0.3464688360572471,0.8000006886837744
2737,-12.474140110444555,64.89076297628122,-5.043638166600128,1.431746595300977
942,23.898131661006325,21.13729121478926,5.69235278209933,2.46296974931355
1073,-21.2875630331489,10.60726288128784,-2.005189445129279,1.4137198253204828
2299,11.710830666900604,-0.6533392735369797,-11.070509695043153,1.2952430898361813
7541,12.899532771265317,16.820124229789265,-4.180824174959255,1.559574989888252
6604,21.561552234100475,53.777057178328604,3.3281719153338347,1.4968609353954134
2789,5.924792294152516,92.78382285410731,-8.051472558036599,1.4390929139992525
6726,-0.49983022814498923,92.53069348195785,0.9707676603635265,0.800000346522328
2085,14.499396520043332,47.388274029871766,-2.406710066456843,1.457869116868852
4835,11.100160219653555,86.76049473887029,-1.452821886637845,0.8000003657890042
4591,-3.741086941702992,88.84535591799394,6.379860890269915,1.852670632183395
3643,-9.957899480695012,14.661295379176428,1.9549877309824697,1.36713626727075
1718,-14.561093268821732,-9.121955550954214,-9.323633643927042,1.1573420142311306
5042,20.495373171767177,89.94020054119527,0.20893992604082995,1.49727905515304
4427,1.3328725673025992,89.88874556075545,3.3697544279485077,0.9870527936690361
2080,9.385861172079876,39.98223303978982,-2.2108196109390814,1.5118008961801783
4835,11.10015906250607,86.16827116277138,-5.558158845611877,0.8000005177881279
2136,12.794632077518576,72.97486077165902,-6.214749800449192,7.696715919750666
43,17.13220349394122,-7.522290511365799,-10.334509032464528,1.3109422118243366
5044,20.71572646288069,84.53732282023695,-0.7109183481847858,1.4892721019855306
2058,-4.891718975338622,30.78448307834745,-1.3882955088198305,5.646650935289219
2941,-19.414258967446912,-9.923932357878996,-1.999166488557744,3.4248630287700434
1255,-20.265390494378252,20.78298938439467,2.3885411512491186,1.5178002695635122
2619,-18.99219616778597,81.67422110882886,-1.4925018967464576,1.5090319970463346
416,14.568979380213063,-3.818926914124874,-11.609194365481255,0.7999998655850387
4748,-16.392852685190643,53.30939246363094,-0.23465137921700852,1.548967179385208
4448,0.7611154712528179,84.3087277581334,-6.445611673668338,1.5024756087654545
2076,-1.98480474379212,49.38888625994874,-3.9732532677256485,1.474553818511941
4007,10.300119869857166,66.272477623918,-3.9708889030889294,0.800001440313185
4820,-1.2998582758066533,77.60793393836808,-4.246489316669204,0.8000007607444959
2775,-17.29085413362691,74.20597204994044,-3.4962742495254426,1.41898165365311
1666,4.236562377313989,17.84941903779015,4.75517059444388,0.2040982955954151
2590,-19.48705772879114,85.50298415810755,1.0636625912833766,1.4543602273787684
7621,18.077342408747775,30.44239701870674,3.022335974390876,0.799997043799503
6604,22.03213623735898,43.00539110335174,4.790112359939073,1.5055966833938965
7500,21.19518400697197,17.367027804836937,-1.6558008190688809,1.4733255082687728
4877,-6.762702794301614,87.52401660550376,-5.215167755664597,0.8000059759479329
5038,23.26574762145173,28.757555039151065,4.5610777603679376,1.4728055345434825
4794,1.1815822121737636,87.75140881656881,-1.5340005419277554,1.0308504130404696
1002,-20.49496043609066,23.32816855993584,4.162765606698663,1.5043220180110766
4602,1.4106830832211155,85.90794034281595,1.9710082873627925,0.9771915409832231
2120,-19.049213154136602,28.463272987712706,2.329507981385862,1.4708445106388768
2735,-9.596240245216766,56.26370746573901,-4.57380484697763,2.595263679403898
1251,-19.965521647487204,26.50025816272988,4.5110481000862155,1.4477331381302203
6528,-19.565138273527385,43.031831765999016,4.191883608747296,0.7999977952089058
2312,11.650489387258157,-10.077639177276808,-7.719510672425825,1.3754125418491416
4785,7.0386942601635445,88.3041957272034,-3.1458817009716915,0.7999976259020666
4612,-8.753253694641614,89.48023122483008,-6.143800428333808,1.3769374010850632
389,13.01279506195272,7.665706892984733,-9.725649644291163,1.2965840369204968
4077,-15.579433341295395,79.82453692578197,-3.1574154707467095,1.516619312864445
5628,24.11700927923007,4.999235899773768,-5.390149634704417,1.5063819530460216
7623,12.548033192034751,30.461100325986873,1.0719169524942702,0.800004461056187
5009,23.92939990128569,40.210625760165534,5.663123795098694,0.6263164388758019
4007,10.300116500604673,64.54319234110825,-2.7784180041252555,0.8000009678186946
4537,-9.413738331886398,55.913632336982396,0.9945958774368665,5.549862833762526
6498,-2.8771041907275046,43.07794095877503,-0.621428381054897,0.8000319237209331
5376,-19.94725397865063,-6.234700588091369,-2.5887883048909712,1.5118666068462951
4615,-3.3261446772124383,93.16647260041451,-6.640959464244529,1.4888671116843006
7161,11.1000899038005,49.62804579476381,-1.1410160467262682,0.8000003600051764
6579,-13.39700847230073,43.86824691473807,0.39541879191810847,0.8000120584593744
7494,19.585321701030043,18.957985016463144,-1.1156758857107614,1.465921881949872
4023,2.792710706883086,72.71785146596989,-4.644855358834695,0.8000061737170706
4016,8.606748445832032,58.83578246757983,-3.750806463725166,1.4986220701309827
2305,11.695616672198891,-5.266732657732092,-10.47148784955269,1.3185358797213138
2133,17.480566255170825,70.95380387027826,-4.319839426672538,1.4758981236773225
2607,-21.214261228353287,34.26570597747502,3.943742596256003,1.4638572038634348
2164,8.384339711205751,89.46613018277196,-7.813772087469121,1.4116976954536804
592,3.5908267215999814,100.08044778609053,-5.828147313665138,1.5499882554432145
5928,22.70618060796295,3.685239383815664,-4.781297213621133,1.4482365486932103
5052,19.948691574782224,89.66604104114538,-1.6425668070884465,1.492529054854644
7756,5.046026391127121,43.079765270274955,-1.4312265509392548,1.4970188434475078
4439,10.300140487508866,76.24833035647218,-4.695311505760108,0.8000010507044211
2766,-9.948760671337947,94.41058724005772,-7.371389516086901,3.6019148324661745
388,13.035550645146559,9.226954711717982,-10.53815940113031,1.2963602041504116
7014,-1.969581289339909,30.16783139444248,7.248110216957088,2.000003681176436
2274,11.704953425148751,4.938404919949738,-9.804812904772405,1.2898688087280288
6511,-5.262504125908943,31.262796931846072,0.9022257536433286,0.7999978403302462
2084,13.291453992318107,40.45724903069991,-1.6505941319226323,1.5214592132069185
2412,20.726533374251325,75.19861660748397,-1.6473719771592605,1.519327730481069
2553,18.797151352537515,20.043294397206544,-2.667042457730055,1.4786745530949104
5727,23.76035488416758,-2.6899875960037605,-2.6253098171623055,1.500177702293967
2502,13.546193539692569,22.42992855928831,-2.269528949445495,1.5225235351746096
6763,-9.199834548650198,89.71892587872408,-0.5580863130597771,0.8000001334730105
4822,-2.4081124028764616,73.49732108511095,-2.497250026456949,0.8000051585786766
4730,-14.273535414629782,64.5723386959676,-2.811643695227728,1.4529124586555922
7035,-2.9281089924453454,30.407832799421367,-0.31663308243713645,9.543551420844496
4858,-9.1998635365954,75.22012918038048,-4.841716144496549,0.800000342000127
1514,-11.318390022431137,10.444263546273845,-3.1739635169109857,1.3009855604166778
6217,11.883823931328573,44.014513089445146,-0.9573001175290559,1.4856115967734211
5550,-19.638554345058722,77.44628373161994,3.0818963419052086,0.6889519523636826
4835,11.100158792385145,85.99953813858481,-3.3361619882533726,0.8000005532744898
2377,5.667830535902451,100.19492879740254,-7.878226270823502,1.483380105985588
4857,-9.199840838221453,85.79080592459007,-2.8493797890483474,0.800000677663477
637,12.212625483414406,100.98200258869936,-5.334157929492866,2.4847801515617185
1418,-14.00478458741327,29.00132499420622,1.725319305550027,1.534514163395296
2295,11.709974089992087,2.2830677846786944,-10.613033158652799,1.2902262540157197
4561,10.912933874074554,87.54772100693387,1.2978290676385642,8.709443446951676
2772,-2.973921196655553,79.07646276184545,-7.541064819928042,1.4596284277419336
1221,-15.677542759050652,24.439707514575414,1.5130038068827272,1.5001940815614336
7707,-3.302239424834616,32.73980086580306,3.6594092156739744,1.0062550718597756
5351,-15.656250227044605,-10.63496103351997,-8.93434054180614,1.159807836521504
2777,-10.155481043190317,78.61573446802902,-6.889377001001792,6.016578540251962
5046,20.86209528251333,78.05345924572008,-1.3042664642332484,1.5095225053483432
1558,-18.485456191127557,1.5277002254144194,-11.596094741471275,1.453646658788057
1952,19.530474769963853,57.48177555250794,-1.6806989313449923,1.4599302580334315
2003,0.6622179918771743,90.4270429308527,-8.154620348858344,15.983912453147331
6865,-6.794650126053259,18.023053388761674,-0.2983300037711167,1.361162391035154
4822,-2.2585112374671548,73.48080459824602,-0.7742063268053101,0.8000035769076762
4577,-7.757439743350164,88.28560742801719,-1.2036791896646726,0.8000025845323747
2775,-17.440549622001164,69.2969017825322,-3.1323420161529514,1.4335113719778716
4542,10.932297216485143,97.94830052488867,1.3975252481581977,8.697057480299804
4271,17.74734856299949,95.03957458038677,-1.3761630341216786,1.4870353827363878
4601,1.7439895895206845,86.33099648090341,-5.420787520259578,1.0008793550243311
4927,13.411963927758428,-10.249049650568415,-10.630436251651863,1.5746212349761073
4588,-2.5975091094708938,85.30884486145102,0.023255071123805315,0.9957781259255563
2102,20.63853721309931,42.84257108881321,1.0657343072612409,1.5199835459872006
6774,3.1255585545167452,98.49653083962774,-2.2964541798235416,1.5500027607607805
4654,-9.199906210011154,51.52490537758307,-2.297973434121558,5.930462826936029
4400,8.669384312767743,73.48587736461172,-1.3061187663994542,0.8000072279206807
4647,-8.237534853734779,54.373362197665735,-2.9521668376233956,1.4985087627231282
2789,5.962906454184862,93.29468344599384,-8.060716875211456,1.4469372791078103
2083,12.596645583438836,45.58437963704237,-2.620733022069387,1.5111190629939524
7812,-0.49993059946884666,38.14126287785664,1.0671581929338374,0.8000004405662902
5048,21.8338283689975,68.44564099456016,0.3789892496568133,1.4723070173802955
3892,-1.5213397073268848,16.75405254702443,-3.7246956099765476,1.3539774869954546
3970,-9.199881078264148,64.08897697495425,-0.8233472717000297,0.8000004076168518
7369,11.390252712554396,17.912001191733765,3.2511582084618507,1.4749979814946133
3638,-10.149343634187757,14.747437232207597,-9.065794542237288,4.8137846069573555
6810,18.216412093545216,96.86972925096536,1.2539633632399734,1.5313314773377709
2107,-20.145263291689037,44.858949188095394,1.7665550997987032,1.4821142561908904
6277,20.64669212544202,33.62095374971634,3.9987121654518214,1.5135700027522259
4659,-4.0315583066108385,57.90323382682713,-3.188692594005893,0.8000000634814799
1980,-4.591844792886904,94.99504410509904,-8.099774326561432,1.5167016537376947
5166,-20.47279440325786,-8.95511007104012,-3.6976739666547176,1.361588620990005
4654,-9.199912767013057,47.51951436804616,-0.8010500250422707,0.8000006887694132
4653,-8.187820543297217,46.756840395684655,-1.7261692587812374,1.5162030397579338
5532,22.887178983185994,26.934973502467123,6.862780337127105,0.6984528822949793
6782,22.44153596199572,29.62952741244594,5.956479848696781,1.4658727102604663
1952,19.90915926377428,64.67471505380198,-2.147637687771814,1.5450203178534068
4849,13.834917757129944,72.68132764271428,-0.8360549360951559,0.8000045247225281
7727,-1.2999577031108915,23.839168446623194,1.782704532499832,0.8000014355438744
4750,-13.673415378050953,47.439531021123,-0.6122332799414029,1.5178978599268933
4837,11.100154831442278,83.77756633531399,0.8478297722283658,0.800000132522445
1653,11.250814381497351,17.81722884244583,4.737337508260696,0.21209306753141566
3973,-5.4222397243075875,64.36521076265691,-4.5195331319638035,1.5197975054738657
6230,19.02445843945324,27.901250287197644,3.1127990972368376,1.5472126560990997
4781,10.300177515182305,96.82705151833241,-2.0921738312892626,0.7999986608962872
2652,2.771114205951705,25.515365094560728,-1.9339418830037738,1.4639597112674572
