source_face,x_mm,y_mm,z_mm,normal_distance_mm
381,6.117015446094867,-16.986695516281614,-13.588324641227924,17.28826671337218
1886,-12.952480043644835,-20.93221077400157,-2.126874176245654,14.088218569615552
1926,-13.429763793652873,-6.776777455225492,0.8529623768623952,6.627339477623467
991,1.204454989241765,-20.277088058720658,3.383338303264793,16.044854073737643
1429,6.910869530190069,-20.170763211425363,-2.2753335080321517,3.8000013994361326
313,16.232501794728527,-18.469369359442613,-6.520516047968734,2.594232313325129
922,5.290717567510268,-14.410167998502954,-13.235080054646309,17.096632652273012
518,4.528731791524284,-5.070579619093454,-8.85850513696573,7.2789109372385985
1755,-15.838431371642898,-20.610936505933708,-5.005473225349969,5.372474175127119
1492,2.217120575194401,-0.24531950531971902,0.1198025077921347,20.82489748418764
1814,-8.196223325600313,-20.86494897179732,-9.145653703203623,13.909896387887178
1221,-7.089119563850971,-14.543412801932607,-4.065457475657345,3.14999846701747
989,-7.79568291844207,-14.835791860591922,3.4129311865564826,4.001618760698827
243,4.887764987182638,-20.097023853418758,-12.80101241490802,5.530367317343099
853,-15.855001679600303,-10.880109223887459,0.17865298805277235,25.39946138725164
696,-15.566381092599112,-12.621411665029438,-5.468209717806726,4.1006378604569464
1185,15.807296679343933,-18.52653393316726,-6.627071280881852,4.00503806485129
144,13.517258192898332,-10.775285417891178,-7.638091649247151,4.0038409618527435
1324,-2.3891282066896298,-19.82630848267989,-4.341497542781365,3.949998792771728
1283,3.1108842431905765,-12.23025187407191,-4.040829836726993,3.800003761371385
1026,8.473316048820038,-20.777627947725385,3.0067957360917528,5.242977982126532
1685,12.166463894134647,-8.573005736979095,3.1403751599038445,5.180566394977812
282,-17.09413001430725,-18.810305265655742,-7.3204331348538005,0.21680316776122402
543,12.48818435643801,-13.401672046319689,-10.518294090551947,4.151414354451392
1269,-11.582358683381774,-20.423748176460098,-6.489579511267307,3.9837761714525852
129,12.952474969461719,-11.349301875594602,-8.849037447067392,4.001266298127499
623,0.4130863484708477,-2.1850242309893115,-5.813739224837505,19.62056243220356
1441,-7.165872457169357,-10.266251423221625,-3.742879451028341,7.353811938074026
1927,12.771492980678048,-12.21236051027565,2.51588622720137,3.997394063294745
1338,11.919617980300014,-18.212169757892294,-2.5028642029161463,3.994178198106642
1316,-9.3447473906827,-10.685339643992176,-0.7796605770993765,4.012767312074612
505,6.272373611767358,-5.084811647819555,-8.164606040099262,9.497543220622585
1283,3.110878341817172,-15.115381311485645,-5.812069211570347,3.8000015007044023
453,-5.105004672308136,-16.131544189297863,-13.565297777732837,17.188486287975955
1436,-9.23582396608449,-10.270978215293036,-3.249340418187369,6.333143986432598
1771,6.288739502113412,-20.362379821255242,-12.424255489604032,22.35733052684358
1475,6.5123170322379185,-3.438690426978608,2.2444686544762766,22.661058876199462
1311,-11.82166761844586,-15.445935597238892,-1.8765667125071512,4.003884570902866
1424,7.019747408596233,-13.55454982249154,-8.270081992584167,4.400156282831851
1220,-7.089119703553839,-14.025490006637908,-8.247589567922695,13.999999698202252
1325,-2.3891164321910017,-12.838126976998941,-5.0266212013660505,3.9499987801198686
1274,-2.5007400826956574,-14.313785553989424,-0.5596767305102593,3.999993255217326
561,10.736772241879123,-6.304086403911827,-5.810897684181235,5.850680683255716
1278,-3.939124937286552,-16.916631177609965,-1.3593290243385172,3.149998620016002
1281,3.1108789702685984,-14.855433225269012,-0.6893615041945871,3.7999997396481153
1427,6.910889696384834,-10.68525373245006,-3.3707282002012224,3.800002298408651
638,15.806267532490088,-12.179729035595837,-3.7243583301065213,4.223424945539314
1295,1.5608731380852094,-18.30982834477266,-3.898953781784602,3.949998799984769
1930,10.843480640290707,-14.96210039553809,2.9882468245159033,4.001430768853606
816,-14.40873842200044,-8.768562931731855,-1.747757325967219,23.643347006021973
1316,-8.779440220769551,-12.090678761988865,-0.7030258409006328,4.00815685137931
255,-7.842865965367528,-20.114398426850773,-13.040142999667662,3.470658162615916
28,-11.991318486328648,-6.20509142980928,-3.148330704496436,5.979120302651639
992,-6.587579855813275,-13.635390927470166,3.4470030436979266,16.282229116688885
694,2.149806736147593,-14.589036812196644,-13.470642193218866,5.937905331229121
1545,-2.2417485720202257,-1.6814428255082126,1.619649293831873,21.01332230532525
992,-1.6682967324531428,-10.714178066544669,3.4750047553951653,15.931311327402346
207,-12.102041759824532,-14.775172807465385,-11.337502799899434,4.634916737360722
942,4.752760628211419,-9.406196078724843,-11.722693376292225,11.346753031903756
84,-0.29128802800497194,-1.6552047087301638,-4.748853262385881,19.88337709042418
457,-7.982409493347708,-17.23951143027787,-13.352495267366482,17.236210656307225
1221,-7.08911501111265,-11.851261020186932,-5.749006052831866,3.1499982925910452
1927,12.758743203199224,-11.31680257389828,2.528436973212382,14.823328063688823
842,5.130370787536395,-9.524261439140968,-11.716383269123796,16.89508622011675
315,16.91246069547185,-18.68158494982261,-7.0189033694800065,0.7968245844659646
1292,2.961235427613607,-14.252060568206305,-0.5590849597478847,3.9999932153781854
986,-12.595690351817218,-15.647704685477555,2.5369476930134596,3.999804053376044
1276,-3.5949416645508494,-10.231681478887758,-7.349753702380376,6.756436825609133
1902,11.568122503766496,-15.441676913283624,2.824434938958041,4.00644284966057
388,-1.4512224153446012,-17.036004226317772,-13.85055971181252,17.421674964018088
1278,-3.9391207652255176,-14.348686196698996,-3.2362126477366044,3.1499984538063734
152,6.3842379576252615,-9.483302120189403,-11.426523094959665,16.87264325358602
751,6.546087627237045,-13.52596795394115,-12.855382398613322,17.16904057965179
1497,7.637003614189327,-6.253456274674196,3.6851244575214386,19.5459583902251
449,-12.085949115021359,-18.529908621504187,-12.363927960721366,5.344653950808419
848,13.329385691403097,-6.837841944204693,-0.5790946026598578,23.117571004840418
1126,15.795620244771644,-20.598026759031185,-2.509378956573586,5.544098834156075
79,-4.645056203052921,-1.2845208810862359,-1.8795980776929269,18.7060649759054
1895,-11.82983217050731,-20.94503777791516,-0.7890324804460676,15.738962451924678
1633,8.845741399518847,-5.475655565003151,2.8674164852047603,20.857867575186035
237,-3.009340480170339,-14.692147072536873,-13.45911482245701,5.938935367157251
1594,-10.277542873205855,-8.38384007528611,3.649160967395453,8.014598706620104
479,-1.897765713227107,-18.294275484918085,-13.981674022327514,17.446610813655827
1277,-3.9391250573794516,-16.934596719952392,-7.142515158828614,3.1499991073921056
1315,-8.812795211271137,-19.72539633417346,-0.7815238271561835,4.002724323708943
156,9.776645462127249,-14.045142844359237,-12.175702473136843,4.564608174459043
908,-8.527881778498006,-10.846833292455186,-11.403041521628179,3.9764659528846003
525,9.594853785661568,-10.791474716482444,-10.953130445945673,4.001215312299156
21,-6.547664778236578,-4.102838034684842,-6.656067144322501,7.815271782053782
1427,6.910880483360707,-14.680926474792052,-1.720350224064791,3.800001178328939
148,14.06982466596074,-10.838745949426324,-6.774851284343707,4.014768920514861
448,-16.565189018513585,-16.09502291433929,-2.4762515914983254,2.477868479017176
166,15.288719752186104,-16.482561397181794,-9.311202412108248,4.877468329606847
1585,-0.48230464911340043,-7.662246953381638,3.9498937447674933,11.987699300962275
1429,6.910874036511876,-17.610580844825183,-7.9712947250254285,13.999999160197087
991,3.0335093969150284,-19.43711419899152,3.39138999029748,3.9999932102133116
422,-4.596965013056828,-17.339576436464192,-13.777785157052794,10.122377156167023
1427,6.910889316735125,-11.305047654423138,-3.8486941190855317,3.800003188413025
1427,6.910883818304066,-11.794914361477693,-0.590786522175516,3.799998622611635
1283,3.1108762364100127,-16.16083633124361,-4.760213216343851,3.8000022072809507
1099,14.143915764424364,-19.700173392608622,1.7606044374673675,4.708459733124808
1752,0.3506710062901015,-20.9736761552931,2.1959407631668606,18.58873808228801
990,-8.212320736112925,-12.500505249327173,3.409392234908907,4.004043045268267
1469,10.06319774558266,-5.129420828085669,2.087476280918341,23.46828600528651
1183,16.06600400640542,-18.77839686140443,-4.646803531104278,4.007612597219601
89,-5.783117633011464,-1.5180103655810866,-1.4410825443841597,17.814488899453245
788,10.961934462468792,-17.52840442841492,-12.615113360264486,5.23577562940468
1708,3.234134838565685,-20.8510078378296,-10.602011367733013,14.163438903503888
845,-13.657235965711337,-11.007235227666486,-7.6510699259848955,4.009515931788533
739,-6.8602730695473735,-9.068762776309452,-11.090884631771788,11.47677753157628
1737,5.314965543535177,-20.940629412693355,-1.2523509923448566,19.708719172538267
906,-1.5266763981861962,-5.839775546973159,-10.048906454778542,16.56058387373735
993,2.820612387665344,-20.67849700077685,3.1841288682507405,5.380552582690402
992,-6.890365350641692,-9.365318737382514,3.4879343068449034,14.660728607299259
1422,8.46557648897225,-14.373133984226834,-7.983994965224361,4.486569746475582
1356,9.043946651392385,-14.789913536504455,-7.836781786435784,4.52434012201751
489,11.049161528907511,-11.862249871415937,-10.697144437098988,3.986096047773573
239,-3.7625052290029473,-0.8934681936018238,-1.467742327749869,17.297172700697953
983,-10.073705372250005,-13.009867532674908,3.134406979056773,4.00349717921262
902,10.723260836988697,-4.348337101914353,-1.0537968318342967,19.738569962137685
1239,-9.318568221756202,-10.730459971247914,-5.285652416467047,4.001592472101323
401,-17.37018137487926,-15.545869090702862,-1.9918998850856362,0.39700130058584676
1699,-1.4779994626579267,-20.949366072744226,-0.3401417002582255,20.828358600685732
1270,-4.2849739200878805,-20.838919031777575,-0.9951905442454048,3.9656549401296646
1342,12.059618396603103,-18.550906444915604,-4.403486392661748,4.012791391071622
1703,-4.807989955074739,-20.91001506359581,-4.4446948013875955,18.718962221787127
909,-6.038716874513899,-8.999044688923115,-11.287961120384757,9.131824993128408
168,15.280541759697469,-15.038164052395254,-8.482238308908544,4.472418707852345
362,-16.54818790991107,-16.30571991539653,-2.7652202599441975,2.564302858768978
143,13.698681557786587,-11.158303784460285,-7.730656944230231,4.007247229824412
547,10.169374449106334,-5.5270035665616515,-5.254343326715538,12.696660793698058
1887,9.91597057610391,-14.827363377622483,3.146886808255063,3.992196913358148
1381,8.577632811877589,-10.30200779644193,-5.644941975544203,3.9810861419732464
1325,-2.389112090461104,-10.2564735241017,-4.815112234052455,3.949998783272731
1700,-4.648709312013816,-20.967917241401636,1.5960239716572202,18.64833760769757
1312,-12.01316447922454,-13.545100245807825,-3.0542804797260517,4.671160932770991
1278,-3.93912188550772,-15.026884853194115,-3.9158944590437095,3.1499984984370957
992,-3.4037222545150145,-16.958374325424955,3.4151502616123954,3.999993300414157
499,6.429534786174793,-3.258998243396399,-5.257177920578073,8.831473410150904
1092,15.251143847609464,-17.39688116951874,0.3855885410973876,4.603449461814432
744,-1.2210444176908166,-7.496045247162119,-11.127267977453691,16.788972606295395
992,-5.767561114370924,-14.119808163345693,3.4423596214175762,16.53114419221565
1221,-7.089124366645921,-17.392858329360127,-1.30580726846856,3.1499986510240907
122,11.425777208112741,-9.223244899141687,-8.631905890060553,4.00004254852376
992,-5.379094099333748,-14.305727332125507,3.4405774788819725,16.611032038662934
388,-0.7477212488579408,-16.190457761518154,-13.73238669648029,17.310607995233198
847,12.913366183266756,-6.097718663752143,0.2651150284201995,15.342573715137162
991,5.525062334487939,-12.901862752244986,3.454034529155015,16.260616956859064
741,-2.8297544760643882,-7.0112078042948,-10.727263150384443,16.43567079180682
1556,-10.033213058430203,-4.536803520752995,1.5832965055265005,22.519747657646253
993,-3.4875872611717202,-20.962824268582693,2.8942876406037006,4.974530006534053
130,13.064088596223364,-11.060325183522929,-8.502661226954107,4.013066622327223
991,-4.6731527739526175,-19.865267132765897,3.38728585375814,17.4164701628471
1324,-2.3891246777357704,-17.706725681660256,-2.1309615716177612,3.949998829669499
979,-15.307540844725185,-18.798186124478622,0.25190848680814343,3.9769116872794705
1903,11.323547514726968,-13.574924116464814,2.900332655484733,4.002908909853032
1342,12.054774927199619,-19.405484825117988,-4.380032014824072,4.016798413524433
1696,13.17467963751093,-20.899896977156466,-5.503886675505959,12.302599623563532
0,1.5608859781807454,-10.681394198206739,-5.589963804919766,3.9499987702880555
1333,11.358528553648261,-19.15923168428715,-1.30923450059449,4.008549795392321
1699,0.3145558749197744,-20.930093639034254,-2.3505524536235924,20.25783084529765
346,9.981761391403342,-20.054576293540666,-12.40821867328568,3.283251770235086
1455,-8.629025535817153,-6.92172802491997,3.7529761111748177,20.159048011868396
430,-8.61204339077118,-19.741131669212223,-13.589484460483526,5.501929377574766
1278,-3.939114209510781,-10.350113392042092,-2.3740297120223723,3.149998192634686
1092,15.38470372352139,-15.686885679889146,0.11531810470305708,4.171889031740818
109,-7.425523999062187,-3.150760949126081,-4.011164573369055,8.95148009952146
1339,11.989499311967938,-13.25120157386327,-2.862118986289007,4.590124566905663
160,13.010380139008864,-18.039225604314723,-11.764611830191665,5.2418566481325515
736,-8.386076058868069,-9.755924550110294,-10.919376278126439,12.656962174782926
1336,7.794533480229745,-11.01465659683019,-0.5603040772482684,4.0082045220929725
991,-4.181275720332911,-20.44060600070965,3.3817708667772344,15.967784498046637
146,15.422185778886611,-13.16093889072936,-6.5403347087492,4.050507483759555
1436,-8.630967683852587,-10.29547426763033,-0.6937019258326506,7.587132726862847
958,-13.676426605991754,-10.071884840999637,-6.536886153919312,3.9999519671377928
1331,10.325233290807564,-14.738422497168036,-0.9901479381520184,4.002531087393331
1811,-10.515540784973144,-20.871366069573558,-8.475050493939836,12.844373810580322
1324,-2.3891237608150413,-17.175552250101976,-3.435340657536394,3.9499988076135204
792,-13.143987115289962,-7.51995441897825,-3.254641401782608,4.365451685286658
717,-2.4848398994559195,-12.456078757169708,-12.983480142362486,17.05235207792063
108,-8.886926492852334,-3.3489156974474,-2.1282186507808105,18.860798736498076
532,4.858882716086267,-1.875688257817335,-3.3664203455379558,20.62281162188621
1284,2.292232621229556,-10.301418354030677,-7.604262021770815,4.706069714139019
1311,-11.740049269803965,-16.149959702029598,-1.5163981020829427,4.001122096159109
828,-8.907624380218966,-7.76939099310562,-9.312763605241877,4.054894329838197
1552,-8.441209658935914,-3.3031865103603937,1.3205731269062506,21.471932926677663
992,-6.328592719521791,-15.107325114603983,3.432893653771816,16.649664896089263
1743,9.754863837023997,-20.966279366629472,1.4220116619382948,16.62194034665596
946,8.449677087470725,-14.21010555425169,-12.622833755326464,4.711760627617183
1320,-11.380379946690653,-20.571065792966884,-1.319499560202238,3.8481208383941583
601,2.3149010458003993,-2.7950578802093253,-6.593019131515645,18.828348287411483
753,7.3869395082288944,-14.773021939725746,-13.013277806819614,17.017764774815934
1220,-7.0891238557747265,-16.784602967908416,-8.19194904314962,13.999999272162722
1885,-14.135788236256108,-20.95182897231493,-0.08003806643245776,13.193703284003247
988,-7.401518219999997,-15.848144921103263,3.4224394228096884,3.9984183423981023
992,-3.318122304363526,-10.001096723253251,3.48184004871647,15.578409789292188
988,-7.593413069676824,-9.431055064843324,3.478226103177767,14.615704688287536
1717,9.096507696782043,-20.844927261448433,-11.236670269306957,10.101749066889077
1277,-3.93912205125289,-15.117149568870293,-5.0674561998227405,3.150000178067641
1339,11.916189475064433,-13.06640168606097,-2.334798799401178,4.665538161152418
1704,-6.921236746806128,-20.937035755866937,-1.6252559953512415,18.908855820926807
105,-11.43248385067296,-4.760849482331706,-0.4314201798070255,17.165182945778444
1592,2.3300570277039614,-8.347332932021,3.6574782922813154,12.30309106132595
1310,-12.009991592983543,-17.355199544835266,-5.1620548888563,5.249335153877911
914,-2.391639155175363,-8.605440738688648,-11.62664593563859,16.62461847364382
489,11.618929530150337,-12.301006149995482,-10.579881292405773,4.001407964952156
994,-8.807001705040182,-12.711365630703149,3.338359879356914,4.001313368359296
715,-3.8893720455501644,-12.114291209239417,-12.80724675869411,5.4270508966680255
33,-12.186128532526126,-18.130507141428282,-12.207758900974753,5.285786521286422
192,-12.763942997012263,-14.026383118942725,-10.60920421443778,4.395573269146803
1433,-7.824759474953593,-10.278418568588156,-2.4731278384380633,7.473600072652128
432,-9.307901230259134,-19.27262337421582,-13.384257240519737,5.456197231367491
1221,-7.089120764210813,-15.259403750370916,-2.9761197599437303,3.1499985130061097
1429,6.910870653387249,-19.593744581177337,-5.9107059529345385,3.8000014201397017
1186,15.964820260266235,-19.61177224063486,-5.723255726102851,4.009573388128492
1221,-7.08912146791698,-15.694063538855556,-0.7817473037784428,3.149998539966644
1114,14.99691306550297,-20.24298971488746,-8.60576075299416,4.0553220623847075
1875,9.76849620559593,-10.851264520841625,3.2136121817160896,3.995585277216221
1389,10.495218940487394,-18.3664378571817,-7.290440401361545,5.195278479532745
1278,-3.939122763738616,-15.570885611807098,-3.161838280851142,3.1499985334246725
1281,3.1108805683063796,-14.066924480168705,-0.9652492302046378,3.799999888511106
28,-12.37226584080387,-6.652780629920171,-3.3250208089476425,5.3184332227784035
1887,10.222567987140952,-19.625245845517416,3.044129973858339,3.990044213118082
1427,6.910877271101411,-16.881445786426486,-2.1134185666017955,3.80000244843968
1087,-15.974365147819377,-17.8597060469248,-2.4876781332658737,4.014726622529413
1312,-11.947709925738206,-13.551033442775093,-2.5961754648382733,4.801784850859191
1640,3.383670548210486,-3.0724710743423795,2.6304419574276254,19.446528260385595
1029,7.241354763728371,-11.35739747727226,-7.4346967198387315,3.9787005198795775
843,-12.966640957987085,-10.592452368215937,-8.193435359941503,3.9983748607629392
845,-13.86018674481112,-11.482717657490847,-7.796174167403019,4.0013476844866975
388,-0.4902784714010547,-16.897781568763115,-13.83658314639521,17.4089085178371
1707,5.416925925317331,-20.840268634369465,-11.722677936651863,11.436254716630886
1429,6.910869079296816,-20.55982073426343,-6.5240289121446935,3.680260748817712
1425,6.910884235990723,-13.051182740252049,-7.603179747389644,3.8000017316852603
985,-11.72270920510091,-12.964989236209206,2.805383502141586,3.9929473420993036
780,-15.89802063963323,-11.45467736699203,-1.4173464767344186,23.903243488200992
1547,-4.250502148007189,-2.1130083234607104,1.6774211803152774,21.359575979516865
393,-11.630427238728569,-5.261219126970977,-1.5171336545310787,22.592698080443228
174,14.827939933783885,-16.50136991674079,-9.881768871533033,4.880002745642088
1535,-10.322740357241901,-3.7248105693074525,0.5477694930668375,24.072724552395787
1278,-3.9391225740648803,-15.466723337906245,-1.9343906389532717,3.1499985258682037
998,-15.739184865190813,-19.547120852374874,-1.2375473593782056,3.998189231326408
1058,8.001872668014379,-13.488141965444111,3.4150719973273715,4.003995900085941
1427,6.910882312264462,-14.814555296967995,-3.1597619008976103,3.8000033070212464
1511,0.9406922091517791,-2.1801228262072603,2.1833213520809425,21.91747917924252
1752,0.1592087151225161,-20.960981625240287,0.8718387231325844,20.007878010759253
244,-2.0204864924408303,-20.10016454671105,-12.842506656725826,6.3683789354564215
1430,-7.69677446762002,-16.949149111780574,-0.6109493502386744,3.9979068657558625
1752,5.654147602486147,-20.97739781166286,2.5830536865772697,17.131231998839674
1278,-3.939120956475161,-14.47334317026204,-2.4260793215858745,3.149998461425458
1219,-7.089126926869315,-18.78133196926349,-6.4211185871820255,3.149998859297151
1703,-5.481932064913359,-20.90931002434759,-4.51806904021823,18.47455571585509
81,-0.12043855002475949,-2.4425113525389057,-6.321167010345579,18.114650299253363
0,1.5608829984474228,-12.45014214954414,-1.343176214291136,3.9499988421048045
362,-17.000100152860423,-16.16143800045901,-2.5640176076666417,1.3902802260140732
769,-4.038462029325855,-10.907027667251366,-12.417291823362817,5.166695541504244
771,-1.7673531555769626,-9.626687197500209,-12.114264691743271,16.541084312666243
868,-8.501606076698705,-7.932402919988229,-9.669483724840221,11.854903750004384
562,12.077888862081368,-7.8880833039803875,-6.311763784945352,4.001275376949091
388,-1.2771653616709864,-17.1016708508316,-13.861181216327964,17.43175770763051
1503,3.2249997337295024,-4.726026974351652,3.695603588014162,11.764477382444015
940,2.7423951615365505,-7.655559245948535,-11.109083944811555,5.1969792743001495
991,5.858885264225973,-14.404867412545691,3.4396272764200306,16.575252838520182
533,4.270052747535641,-2.0495708744267267,-4.321395186621526,9.389655106094771
1276,-2.872081848187573,-10.25615269887686,-4.7963355199859965,8.347109224895625
1752,0.4852704895243609,-20.96272974794484,1.0541151852436925,19.81602834107162
1750,6.923833733746329,-20.958520005704997,0.6135878302828234,18.869887889943474
591,15.54828001423435,-10.507450125016206,-0.8919479504299157,22.92995717030873
586,13.356709624479418,-7.5163997560614915,-2.503135380679754,4.80684737421158
1808,-14.837779819745839,-20.8268033907844,-7.952955027559745,5.105693935529871
994,-9.784926255984566,-9.376750597554908,3.2261309619793304,14.293683296503655
1737,4.212515562448143,-20.939732540140188,-1.34568730671023,20.017269814468364
1029,7.038308219775247,-11.10951551054742,-7.38467792685782,3.9721299747997985
1295,1.5608766455535266,-16.22641130494481,-5.375851087864705,3.9499987747760645
1045,7.865858266788701,-10.54437403838268,-6.496331511004003,4.0014456151773725
1355,11.161492219122175,-15.584738693109287,-6.853739727547452,4.454194320529906
991,5.960508781550243,-17.20942205989848,3.41274384045586,17.029654825482538
1299,-3.7981643531288896,-15.632091149997871,-7.620284941884561,5.943225697848416
1424,7.365206056257621,-15.45152484065459,-8.225758823761764,4.821668940194196
489,11.621696780546529,-12.71041880628883,-10.776251913734152,4.013934451631803
940,3.1977647425905404,-8.046703677282032,-11.286602677618834,4.393227702856911
1436,-9.68825361797136,-10.287074604731863,-1.569762318187088,6.614484901128243
1333,11.221734340271329,-17.713753134190338,-1.255142189990423,4.010696028188015
1429,6.910870011133396,-19.868578707143254,-1.833677872409261,3.8000012572850044
99,-9.775656993102665,-5.143472894093646,-5.102636097044819,10.086476747735803
1412,-8.313535063221593,-11.108371416479054,-6.620393020112878,4.016013924375033
1932,-9.991999864684537,-20.85270527263031,-10.422516678742845,10.803366685458762
659,14.354295175257091,-17.553881427939004,-10.725059549343035,5.143258585265398
740,-4.52162330962711,-8.308677010930289,-11.233923701801816,4.295162222128577
682,13.27096231344184,-13.842838642043409,-10.110889437212743,4.168833816686079
1787,13.242196911568612,-20.886345467715643,-6.916902849924362,11.236242153418816
1120,-11.906753630304404,-20.469406577982213,-10.929859621393405,5.363439664028451
438,-12.723274991194366,-19.612012185363607,-12.262414403259406,5.5245298289033204
1295,1.5608703013067196,-19.995301354379855,-3.808375513745207,3.9499988017786554
60,-10.413902793954211,-6.286847521856664,-6.248148911558919,10.717127642880133
1219,-7.089126449947912,-18.413708470211787,-5.035743633642579,3.1499990055832856
494,5.2272300837241135,-1.1314121194691744,-0.8275811449603153,14.794050625900317
973,-14.083603655845277,-15.640472350536623,1.8391501063379694,4.100764537302766
1737,3.6925063855125924,-20.89023686661808,-6.509038572914285,18.00975752769829
1339,12.010102962209842,-13.41211891758926,-3.01137116229467,4.610330369856963
244,-1.9392982123509204,-20.122273362251477,-13.149449931740449,5.275132281392838
651,16.139934723732384,-17.630934065481213,-8.69211390965518,5.304080042353897
1718,8.74398712087105,-20.866325387015923,-9.00471086768908,13.695004659323875
1027,8.551206724381453,-9.981273116319823,3.4017936842902903,14.873028313401997
160,12.782159248682719,-18.087078834393708,-11.899178864344577,5.2582539494817215
455,-7.171670835092122,-17.57740962376475,-13.551002098289525,17.249424742538803
123,10.266082946288535,-7.29066003382668,-7.796313510245246,4.8720094144661585
1221,-7.0891159831803385,-12.452452815984092,-2.6372071271080753,3.1499983298330934
1927,12.880528529595416,-15.27628008010527,2.4525998073950097,3.9972195734085005
319,17.457617831482047,-17.902422632347434,-5.3349302052778835,0.17004088215972304
1218,-7.089121886311485,-14.106624384396522,-5.648650059175057,3.150001479375603
1681,-16.764440171392195,-14.171632733510606,-0.2998494356168688,1.0406652423505536
698,-14.760622454922263,-12.25120962257183,-7.010183776273941,4.006381231693107
233,-5.884269484157648,-15.416931226862955,-13.377109768112376,17.30105999512156
1737,5.694274516004735,-20.928441186941104,-2.523921819730582,19.15699752920539
1423,7.248939919351945,-20.661175246234016,-8.285800500438906,3.70242299815743
787,10.425115234597238,-16.674898040069127,-12.626236875047766,5.0639886177724485
1295,1.5608786266683161,-15.049691582410142,-6.3390253504158025,3.9499987583648988
869,-8.986697488122362,-8.893172673420672,-10.12523313254319,3.9925238588926173
1802,-13.422400203973922,-20.54751254640785,2.058905054317447,5.490928676066641
1545,-3.293335950340597,-2.360969938940925,2.103393579925009,21.927028750411644
1337,11.87181640308819,-12.815055436152337,-2.0713858542016417,4.7751840340543845
1701,-3.861787001941174,-20.95203553743559,-0.06121277525043321,20.423434105200954
1509,3.5011280262805515,-2.014682126131026,1.75451015012096,12.16239495773371
1277,-3.9391290385614495,-19.381256414560077,-5.747655359654571,3.149998806531527
191,-13.91453134542875,-14.260050855995715,-9.72819540964158,4.223754672951934
109,-6.482827867767984,-2.5160133120358212,-3.421106687097276,8.97240278716135
957,-14.207696436747609,-10.662689380307423,-6.252817599010958,4.015442769591795
1242,-11.915530794198286,-13.789383009326418,-4.1794182153851915,4.0036748279890135
856,-14.877288117481674,-9.404436796977194,-1.403092825763786,22.387799422612606
1429,6.910873978514754,-17.640138932365105,-7.774996859106213,13.99999915522002
1875,8.73423511107367,-9.32636317214262,3.381415065730424,14.779411543382123
589,14.514317015446363,-8.817494032906557,-1.405524535139535,23.484684287773465
0,1.5608799873166999,-14.240640927915873,-4.831943313356352,3.9499987836218664
1157,1.0251722531348506,-20.184808868386426,-12.660448421275483,16.047750189225766
478,-3.5340211836621815,-18.376999147038628,-13.955303379476277,6.322807938171205
1005,-15.995901124005913,-16.405151724171258,-2.6996435962141274,4.005028876207709
92,-9.538611719818626,-6.204932155952044,-7.155682564677802,10.58537087326053
976,-14.884718385130423,-14.713601956293065,1.0487059393604212,4.026397586846612
1875,9.549395897114799,-10.318083796548033,3.2511743455092343,14.910892596140597
726,-13.393265435488791,-9.699605586148786,-6.593883191247518,3.999633796500579
1737,4.390565090456992,-20.926157561916703,-2.7618847161912883,19.48135253173711
1423,8.85368949974459,-20.112924580090525,-7.935846357761461,4.0144784319527425
884,16.78782070453822,-15.53661269117291,-5.26341558703489,5.1617803268371905
0,1.5608810125740376,-13.630231666460787,-1.7352980863613452,3.9499988356870164
1283,3.110876167656522,-16.170971384304135,-7.230133481171424,3.8000002224020673
359,-16.4033797076323,-17.300591617974018,-4.252504275664935,2.9113064101298343
1894,-11.244557542925918,-20.967476698810216,1.5508726877398749,15.420011812582732
1727,-5.872666885611151,-20.850520128464108,-10.651327172340864,13.261682221661196
1316,-9.179497862415634,-10.345364130172179,-0.7500623967978866,4.01288444751506
620,1.7391210435138502,-2.7948703585950234,-6.7265364688616085,18.876770239949686
1889,-7.519981034764717,-20.966537019113083,1.4527321290696822,17.78288002251733
708,-10.140702163794824,-12.774686902197868,-11.588364836787889,4.177251325371083
1592,-3.8651525468292802,-8.486998679308037,3.598175692297403,12.125836615157354
1135,15.07515408862792,-20.8380361161524,-7.425573831745091,5.135031856986712
1703,-4.878427095192066,-20.9372209759973,-1.6064654412454913,19.72394104260558
1752,0.8123861198861704,-20.969660372096566,1.7769678714515706,19.03774096852578
1219,-7.089129465837205,-20.431652706533086,-4.295192248116647,3.149998731463973
514,3.530807213127675,-3.233068862604992,-6.937640722817024,8.435224852867698
653,15.873796616056762,-18.23453265959416,-9.391388599642823,5.359053284898398
78,-4.377022039013937,-1.3720457439152045,-2.3809846552149425,17.759643041692673
590,15.146910077152278,-10.315498971243748,-2.521920351647177,4.002199455973641
1711,-1.748374218914832,-20.904230958745483,-5.048718176269955,19.11271292376752
1358,9.175775579570788,-14.138643559525839,-7.787521880993737,4.319079945765704
401,-17.20769009696825,-15.13792852422679,-2.2517651983767673,5.7667182790390035
1316,-9.469784685930087,-14.192622099037457,-0.8332088093991002,3.99678745990526
494,4.686501920939282,-0.9026692287842091,-0.6313194604864326,14.140710186536833
1431,-7.3786237050519,-11.060211414611064,-0.5342005483735773,4.003553727497301
1295,1.5608817707795133,-13.181963604724437,-7.305619861770483,3.949998741786179
573,12.371883192979272,-8.809410188566646,-7.125393967305156,4.020442322892714
842,4.3698650190758155,-8.63673428642397,-11.426778563042639,8.510194995339733
1508,4.2549304863501005,-0.5790587509953593,0.07426635415214562,21.047665502645906
984,-10.859998631574298,-17.582152830221286,2.950351943660513,3.9946062555513695
576,13.803912703926919,-16.606213993680466,-10.848996732958607,5.013731608221243
478,-3.450914785458744,-18.672506149869214,-13.985605607612722,6.348160124811384
1736,13.778250431123912,-20.933709345118448,-1.9755309762132427,13.07236721648937
1427,6.910890508017637,-12.186301372369112,-5.738992099106274,3.8000062085518453
1223,-7.2699639141002645,-10.591063089975997,-0.5239921261028047,3.9999931489158533
1692,-12.935284313839833,-6.806398277802328,1.4203084130220482,6.600288167989411
1427,6.910882077438888,-14.454981276438652,-2.5641920661987845,3.80000232940076
921,3.8466897680922654,-12.252382271329749,-12.850845349210712,7.045703534133643
1291,2.9099312907645047,-19.495886142937533,-0.6093503533953508,3.99999321275619
1423,7.291832871232778,-20.855555620638427,-8.277323852574348,3.367547603577676
12,-10.670845460208875,-3.9669094184926204,0.08976683454539996,15.104450209571503
1576,11.257717443590924,-9.710735213261081,2.9964910105974925,8.131316928535147
1724,-11.346269356773556,-20.871914397478932,-8.417299980405573,12.089907615102472
1427,6.910887012835436,-11.308374289919577,-2.241363972418644,3.800000859947641
1430,-7.84022576312994,-14.158714545872828,-0.5933547071594383,4.002715330934701
1273,-3.1893162833015354,-15.571550945993073,-0.5717332141787178,3.999993271373508
1720,5.568992531020825,-20.864244697050758,-9.221220366717201,15.234491128459974
674,8.461553878771433,-6.259118793167605,-8.120859748182404,12.273402688375413
991,5.22869037004611,-11.596559393966457,3.466546689530433,15.92285384818978
19,-7.783594871935723,-3.991507211615227,-5.38613202098465,8.085335832074097
671,8.998610075433142,-5.456253926034785,-6.619234857275692,12.562341288830643
770,-2.0021642016301175,-10.918588282058685,-12.574362080459487,17.04777595877842
917,1.0714556326100508,-9.27536022982903,-11.996838558401915,16.970574595649452
1646,-1.6625048814689134,-2.932519485738867,2.7047216528216746,19.504901173261466
1293,2.6502473055019333,-10.295130806787357,-0.7314675608410843,9.875708718913362
1713,11.963242609872218,-20.86635899468102,-9.001458308764146,10.75551602000391
182,-16.918183937579066,-15.739429982098994,-5.034783465017567,5.317294429175321
751,6.862009259500513,-13.363683809884082,-12.751231332920655,17.06099796066854
1753,2.661312414029626,-20.95646484374176,0.40017487992951256,20.22488033764624
605,11.351172557991568,-15.57533831320627,-11.971968149957966,4.836048030705414
991,6.414067679536106,-12.428264790390006,3.4585742683746643,15.980438209459777
319,16.316829093923165,-17.6723994651335,-4.895341468796781,2.9920997232341273
1736,12.64892494858215,-20.936109097082817,-1.7248110210806509,14.592688906543772
738,-14.003170786725649,-9.916240728677764,-5.643313068488322,4.01669918729071
1093,15.416307283013069,-17.355035603941978,-0.002808580501655167,4.006123447419376
1275,-3.7494452665514824,-10.278741299818034,-2.440456672782989,9.107944094528815
1507,-0.33542997492309184,-4.787286078909943,3.896443613237177,19.636026126594675
687,0.6267175122471923,-0.12149929586228671,-0.3404786795689115,12.720815430685953
1701,-5.112190650975624,-20.966587767736065,1.4573124198765968,18.679309916760307
626,0.8484681509714473,-1.3866380031749572,-4.036630885008179,20.72089833653978
1360,8.246702517400088,-10.381616531867117,-0.5986618375697014,3.9984089913323544
1360,8.511542102805638,-14.295907314525866,-0.6742242486469746,3.9972365272793233
1299,-3.3053458402368414,-12.039762792160026,-7.5989080328147125,5.2035753213382465
1718,8.607460626060695,-20.86310814695698,-9.340226123184195,13.409053782365012
1545,-2.2313800666824637,-1.9126019680545892,1.8358295830976474,21.409770962551846
1218,-7.089125093322663,-15.411643496098641,-4.411009227718662,3.1500025706135815
991,1.7021619862200799,-13.403115857652761,3.4492296906223956,3.9999932426126437
663,-16.383641439041142,-13.814396407289669,-4.3422674821714065,4.714633558207919
873,-13.185267733043066,-8.574760391817234,-5.326844250541781,4.004141784901949
1639,4.472027966202407,-2.885831873826587,2.3258619833857552,19.08312138405566
1502,3.9680695708128884,-5.066855930445623,3.7902188343955,11.108735969151455
1429,6.910876773153437,-15.933848980426923,-7.008119371816328,3.800000118978535
1333,11.306890349076452,-17.125890063001123,-1.2700523382588267,4.005993447702812
76,-2.549896174435312,-1.6452570180313022,-4.255031150633767,19.01821164016216
1700,-5.953041873579866,-20.974818264932942,2.3163064833925078,17.403821238604525
1230,-9.101288447910267,-17.36629368340078,-7.815461760683165,5.1202291956453
1887,9.062922919326889,-19.305967012946684,3.2330713466248437,3.9938604930413675
761,-9.815135736029138,-11.487516231808174,-11.181283506570109,3.9931176469172542
1743,10.416347192828896,-20.965244301409165,1.3137240856592223,16.304969073493137
1291,2.3405611060948863,-17.07843879567847,-0.58617760147239,3.999993226496982
1743,9.228172209204612,-20.967049539204137,1.5026015119916425,16.853598953148353
1646,-1.7251577835253311,-2.6995556129351947,2.542420596898987,19.204132743160603
1240,-11.618176390412987,-12.545927843354821,-2.915822917218013,3.999735537912439
210,-1.2743061618286295,-13.996541817719509,-13.364518822456375,17.14161435473179
1788,-7.961035392847951,-20.827237055915962,2.9892051708604974,5.151928608580788
1884,-12.838321244683819,-20.94901230948973,-0.3740136050542516,14.813319944232948
1360,8.14935324863319,-18.57887749782632,-0.6632570531408138,3.998839666095633
1703,-5.598644040395436,-20.94612475983341,-0.6774032625911001,19.78767250259045
979,-15.46562066376626,-18.389605406903847,-0.08396452537848864,4.04747514904847
1278,-3.9391218768701304,-15.025610961130496,-3.4980418885792752,3.1499984980929505
1028,8.514570208893065,-12.62119889411487,-7.507718285767924,4.003231787269402
976,-14.955129497961853,-13.940887533260632,0.9671719519642932,4.081310307784395
1335,7.598583567615341,-19.84678983058979,-0.6324637714115757,3.9929184193221134
991,-0.3310221783545111,-15.388016742127386,3.4302031509244526,17.025973259370904
799,-9.986690648156799,-6.521085631729,-7.112377438300864,11.443352687228295
1323,-1.983708189504187,-20.854795107708586,-5.555313193836469,5.012769531786878
117,-10.339194608905135,-4.607088085928021,-2.7848560350325275,22.08968462878256
271,4.323410576650321,-20.15545231416198,-13.720982525350067,2.638212124949662
1221,-7.089114109882066,-11.340267989431954,-3.794703303471241,3.1499982580625394
1528,-7.549357786591845,-2.258424420875187,0.6795986958518404,11.35584679920454
1549,-5.590541113857321,-3.117764024599226,2.2649702959365596,10.864991750715411
1321,-10.296793521267004,-20.70716466773082,-1.043315375968069,3.7280567380192413
1221,-7.089126352060601,-18.55400881470469,-1.9149302458077053,3.1499987270902414
1086,11.58860420551218,-13.770925469162457,-5.020704665707369,4.015366428492605
0,1.560881539791592,-13.317126933770167,-2.1062759283315167,3.949998829388284
1283,3.1108879529342146,-10.376587948327048,-7.100611108218109,10.459811038666745
971,-13.375198367998657,-14.459096795395155,2.2521871337529697,4.024097748763686
1741,8.554478730899385,-20.970328520126447,1.8448336851322567,16.85240010968378
1277,-3.939126741628499,-17.987166623738773,-4.726285927227558,3.1499990930579824
1283,3.110884421164393,-12.120390769903874,-6.371323598713562,3.800007104016868
1199,-11.77794975335155,-20.261329070619308,-11.111662482730225,4.027715937181984
984,-10.767056891112563,-13.100425501671168,3.0073944577043075,3.9884967939202203
1903,11.32924655249103,-10.50711359126767,2.9282643065564766,4.002684529551189
757,-11.85268191444046,-10.908155199680646,-9.59471534742955,4.023211508475448
1328,6.9920587466413435,-12.140078406092254,-7.9506784565429145,3.972705395999146
1473,8.773967815119553,-3.9334782876397916,1.7410165209456543,22.273266400669048
1325,-2.3891168045348214,-13.053807603371114,-4.49514533900188,3.949998789106672
1283,3.1108785774410928,-15.012757401175518,-4.429953213960226,3.80000521101255
1747,13.75653884993536,-20.96581447929159,1.3737505683251414,13.076353992844963
175,14.502924293504009,-15.534879957943826,-9.7601212642147,4.647797126800768
1327,-11.814139112732775,-12.567194192185998,-2.2050230279069716,3.9906140303282363
1277,-3.9391236508030483,-16.083907383230855,-6.202875020785401,3.149999302284869
922,5.147369227677854,-13.580830801791095,-13.068607220441898,16.934097886082064
1427,6.91087343971492,-17.972670234550375,-0.7427955432621516,3.800000809318033
1598,-12.419383140766396,-9.212248344540624,3.256713745984231,6.25382458415042
998,-15.949251325482297,-20.029736854228293,-2.338247427281531,4.012754660794713
991,2.959481392480458,-17.822991226905625,3.4068623832109908,3.999993212918521
1295,1.5608746376849645,-17.420036471120056,-6.933150462949435,3.9499987487344326
1295,1.5608722017085555,-18.86584995269176,-3.0526495815214174,3.9499988143285933
1423,7.666295127539937,-15.976428240079693,-8.175725523286836,4.913600318599676
58,-13.85415203830918,-18.60696924662713,-11.395702140812665,5.330155150964172
219,-14.426940349720153,-12.875864653190348,-8.177896146618004,4.002798226912442
783,8.489108245383887,-16.12120792427307,-13.063362933971408,5.051191038120869
992,-1.3026196311819738,-8.971705199652376,3.491707436346677,15.276726534273024
270,-2.8016771632493347,-20.16534701811796,-13.98129906832753,1.208788038711373
1324,-2.3891250599522325,-17.966425715481133,-5.265423724243211,3.949998776912972
1811,-11.472324439170308,-20.85605919511765,-10.071683490617172,9.78949825911118
1324,-2.389128405633608,-19.928816627594703,-2.834357864097155,3.949998818174676
1743,9.057427946841054,-20.97858010401468,2.7057676431031816,15.39760067500019
1047,9.031696366664244,-10.847081831648087,-5.730613795550173,4.006640167737539
511,10.944039282353478,-10.214384293048207,-9.805719070212241,4.0023286173119
51,-14.641198632344029,-18.969253964943626,-10.918257142300217,5.4758571755168175
1350,11.451872228956406,-18.632872125304228,-6.615575223487921,5.255494953739501
986,-11.855904329090212,-15.972702163918544,2.734855616942011,3.9869459590506673
991,-1.4360496583754867,-19.51359735593033,3.3906568397131784,17.47403903954624
1605,16.626782128455673,-13.688763047773081,0.1564889973083317,1.0910686040478272
1527,15.004286440273074,-9.16952872099001,1.0516016587620762,5.41374955820607
795,-12.27139676789643,-7.526170821437138,-5.393199339794537,4.334253649443274
1276,-2.821921613136589,-10.248990548189015,-5.543472219885915,7.995577113647448
1032,10.288091851449739,-13.332823681827108,-6.613632059530623,4.011251942112896
1283,3.1108868558553935,-10.94405012683544,-4.1844021737636625,3.8000035600508415
1527,14.425740426163436,-8.164093833859193,0.9883584339940289,5.525593536186465
390,-1.0587966322745606,-15.332567835110233,-13.605652409211173,17.1920238574677
972,-13.830404307428596,-15.525488613018851,1.993514602635916,4.4223279235827135
256,-7.034303287767905,-20.154570121570988,-13.663926624782892,1.4361268340571047
106,-9.144813921796692,-3.2267836049164673,-1.284609833219277,18.297973261766014
1679,-16.170531092074782,-13.2031943741264,0.5829886846284387,1.9839511248269963
1324,-2.389115367023296,-12.16685072273202,-1.3319869095589405,3.949998842248305
987,-12.43390009707019,-11.164171947295156,2.6318676287339766,4.201806576075577
1650,-6.3780621251881975,-4.782186362159252,3.189550908955532,11.566772925967983
1642,1.1253661732878677,-3.1822386018454267,2.8958186460777453,19.858381283162565
979,-15.05033274658871,-20.184522263257076,0.7785846355875518,4.663383906355939
236,-3.149826535190158,-13.82959533244144,-13.2715531155724,5.764801452792762
753,7.3059290598526685,-14.44766389846494,-12.954101633894778,16.959770367692666
827,-8.914895544234694,-7.460149148637854,-9.029394972229579,12.063196409925974
889,12.126659500611684,-5.564003331227901,-0.8742454706035161,20.52579600149607
158,10.939556835343911,-16.19323859107069,-12.317940315275852,4.9417062219691505
1704,-6.104195127449211,-20.89467011128428,-6.04522253674855,17.460321957447107
698,-14.606927748716448,-12.083011149079868,-7.12601081235962,3.9954697306675757
689,1.9933461098080434,-1.1596355143584212,-3.1939735575053874,19.59464711891456
1501,5.2652637704783185,-5.56409104977993,3.859689227353021,19.754307384644665
1509,3.293854452760942,-2.411193277189275,2.1505122528661036,11.587225929209113
1697,14.36422826063669,-20.892357342037464,-6.290295289655308,10.004776118425516
1592,5.970645486974819,-7.494085057114031,4.019742986822102,10.65785114795468
628,-1.1747089347852757,-0.5478761219748187,-1.5867676925364957,17.06649069977444
1282,-4.383048899523594,-20.91296475258887,-3.5025391359091813,3.8269602703542027
612,6.411582073854335,-7.724899206160988,-10.426575611175526,11.704243637175887
197,-10.718848597643248,-16.056842672278766,-12.377093024928184,4.9693583154013465
1427,6.910878382072536,-16.483710426528653,-2.413305976164101,3.800002756470031
1430,-7.957970286596058,-19.359435570697848,-0.6507193049773228,3.993755974012081
349,11.364331058798442,-19.97958775057385,-11.87469302736988,3.2399924627225674
71,-1.2101218968235288,-2.9017440165846384,-6.942196155358607,19.27133282026359
1430,-7.864219830181465,-16.981441839265337,-0.621943045026581,3.997852318524132
1875,8.614862121674303,-14.052382485568875,3.353792245190771,4.001146068798299
890,16.91298456813155,-17.4054998502315,-6.91425661086933,5.469975508714861
1926,-13.422117905443592,-7.187771753193484,1.2341925561088951,5.863343900923457
99,-10.017456924329824,-5.284569434545761,-5.000033032546424,10.504344588385427
1644,-0.10232346038268521,-2.7182334268825934,2.6116469137336953,19.339693538938935
992,-3.1486077948452564,-9.892476598575588,3.482881242511201,15.551702145016696
1710,0.20627368056401582,-20.86210593645035,-9.443483009074576,16.01184280134678
1931,10.899828679912737,-18.03080350632257,2.9472859921005217,4.0002133048402415
1324,-2.3891265869814733,-18.869102746260033,-4.829042025647551,3.949998784407114
1295,1.5608738259162167,-17.901852172507773,-5.6661284169810235,3.9499987701531265
1669,-14.014496391672694,-10.755631635150815,2.380941626904882,4.792082176546429
1928,12.328175950262471,-18.683647859299914,2.5875757391562786,4.012174961893492
1288,1.3486098629827277,-20.68705964414447,-2.901489439113424,5.285932584686719
0,1.5608862268610166,-10.533350223727009,-4.871933089145409,3.9499987823595646
1234,-9.817318610603898,-20.41665790313532,-7.604922134159651,3.93309335483801
1737,4.301896285510189,-20.944571403235617,-0.840908689861996,20.148498227787535
1053,11.052926476803654,-13.040122421186924,-5.266768699591554,4.014290214905658
936,-11.12511966155172,-10.282984316498517,-9.717491144111197,3.997795190831672
991,7.101506553240946,-11.019726333909354,3.4720760051027146,3.999993156273313
1219,-7.089125942163843,-18.08406027221133,-5.473611685902103,3.1499990302799765
1932,-9.271968848040162,-20.87055508372586,-8.56035609351029,13.802636713074788
1592,-0.3564127020369845,-8.524939400246051,3.5820701016054786,12.5641949780951
1743,9.642109682286055,-20.977160188697432,2.557358686366109,15.257701582278424
1312,-11.825080035760058,-16.182899681311085,-1.9146237186171526,4.004529653571112
781,-15.465373346805876,-10.545561118378252,-1.4470772893630452,22.81004849387335
807,-2.423685540575536,-4.420261402473077,-8.679799720247368,17.86292910518028
1930,10.389201161072826,-13.750737748168671,3.0833014601382747,4.001804364233491
284,1.0066257910271128,-20.149548871753424,-13.566623209553851,4.032283785322162
1221,-7.089113734242231,-11.138381552159496,-1.822222164131924,3.1499982436706997
1278,-3.939116121959664,-11.506767631949023,-3.649897560540401,3.1499982688244037
588,14.29169284396077,-8.73972537594908,-2.1995203465683377,3.989997966944101
284,0.5384942372102741,-20.147799867548493,-13.5207546116612,4.298733907943534
1420,-10.911783267890645,-11.807064460495784,-3.802577873167826,4.025210338052731
1061,7.103847675673318,-18.56323758934926,-0.6004102977328658,3.9999931956961974
66,-4.415658874884437,-3.3521905046152787,-6.738734667177608,19.601092876973336
231,-7.447569811300188,-15.517806499648625,-13.161819630029777,17.296490982137588
614,4.276699667600051,-5.779517045053516,-9.579940973367208,6.927557747903379
991,4.143989139384553,-12.613722577791595,3.4567965322019347,16.33380733356495
33,-11.855606373521079,-17.32995542194139,-12.199640309426266,5.170047346683868
1277,-3.939121775630435,-14.951727412373884,-4.75055536205468,3.1500027358244083
1775,2.085552982169068,-20.38308604864333,-12.597664600394554,7.049000913780913
991,-2.2324490864385327,-19.0700814783668,3.394908218921012,17.428308453238678
1639,4.34307228822324,-3.5759076800420493,2.820299244310164,11.927818594205606
8,-15.183945724757688,-15.190272603228262,-8.720403672942073,4.505387881781498
383,3.886939146616427,-16.55570535644679,-13.709028497082183,11.57748210858003
551,12.340770037024583,-7.0172538309436145,-4.184999881222659,4.929853805581485
1715,10.505873594840963,-20.87520172412227,-8.078534560702805,13.218527176566221
1592,2.3183262772033886,-8.441035905713825,3.6176949966713816,12.362485756446128
402,16.434073253549077,-12.332801129643435,-0.33608174993332235,24.872593966710554
490,11.713776228896545,-12.525662300263093,-10.630849377362804,4.000370698142209
1283,3.1108699973025686,-19.20156324669056,-7.625735802928347,3.800001384912962
971,-13.458255990566297,-17.846430608997633,2.160521629821008,3.992479114911055
530,2.4259691682284643,-0.5773868617502218,-1.261894118084208,15.782602818102228
991,6.528304932241996,-15.683361481989909,3.42737210100952,16.736721058575824
617,11.932344740904309,-14.956440819287373,-11.509365825593587,4.629212751131683
1063,9.634119505423627,-10.276279871694424,-2.698898561551763,6.252804772789803
244,5.057831537171161,-20.128747228232626,-13.239214052888936,4.192185581932423
871,-6.419166338915385,-7.240635007028633,-10.073274313200587,8.790587289234624
1278,-3.939115779963002,-11.303744503685298,-3.023499392351404,3.1499982551996255
0,1.5608789930913942,-14.830220901891998,-1.9533481156719228,3.9499988322045767
783,8.334648644655116,-16.077402260256054,-13.087583384539476,5.047872965068529
554,13.849278730762324,-9.280507199490401,-4.955268660997794,4.021758326928121
1141,14.427522512757154,-20.529657349375505,-9.059457852128274,5.418382917186597
1699,-0.5450863805655903,-20.93381361432566,-1.962535434372695,20.368109890257013
44,-15.489467666187863,-16.122030484271715,-8.847948848135541,4.8529068812599325
531,3.0664347620513026,-1.3748918067387716,-3.2580112251130777,19.8388038789427
1700,-3.9934170297683975,-20.9628084166297,1.0627788721118703,19.381323488274752
244,-2.1247178202722523,-20.10475754950832,-12.906274671568609,6.129867572316661
1219,-7.089121616160279,-15.160042009341055,-5.62312886121665,3.149999486010838
543,12.457283298236398,-12.866375267365544,-10.279320747478565,4.006990308088046
622,0.6829405010262458,-2.405153986751954,-6.198393200007366,20.448696104659078
1307,-12.036176515155603,-19.09609216689145,-3.481401004742349,4.025375182256654
783,8.27179782394144,-15.773680018556,-13.037204281805435,4.98883849504256
1283,3.1108779409036145,-15.307094023287139,-6.37998560561431,3.7999998429273094
1342,12.045877365451569,-18.646745607550365,-3.795326691944074,4.000667500444929
1276,-2.5090706131003357,-10.22981205350731,-7.5439935195210355,6.803256968061737
1547,-3.909891931216637,-1.7838368203028967,1.4540159295050203,20.929082776228658
992,-7.155648007188452,-8.74365265793867,3.4938933538066244,14.222984203530052
1425,6.910880395344426,-15.609661823254191,-5.102130808236838,3.800003044899834
935,-10.573200376282296,-10.770675499887014,-10.396092382109686,3.9974514434536492
1752,2.528613389554083,-20.97536559520704,2.371717044470447,18.15842467240146
15,-9.233035924264843,-3.715181897808165,-2.5690015046924195,20.35075494951761
777,3.8356062906512136,-14.072934187161756,-13.289302421591016,9.063840036806607
1704,-5.710712616257732,-20.892967804977072,-6.222905211789487,17.54539913269516
1441,-7.11050807734463,-10.261133897998112,-4.276806230234069,7.1692963447169555
1325,-2.3891170718642547,-13.2417298910376,-7.29115084920561,3.9499987420394103
916,-0.4417758946399223,-8.284286104732773,-11.557212811875914,16.49922547529023
992,-5.8798899778992775,-17.800812230539236,3.4070749310416417,17.12247235444318
1284,1.9150931958836777,-14.294036864909236,-7.647986958324893,5.7562134527577795
1737,4.503884851184512,-20.931941588160107,-2.158510274437948,19.664753953213122
1855,-0.8932743279500719,-0.46930100829601146,0.47870877917267407,21.39547978354478
22,-6.271945247899589,-4.667866829496642,-7.644643122208401,7.509374742804007
1731,-12.725447541297703,-20.895970677736422,-5.908315420297229,12.601986768422623
500,7.242361246346914,-3.8843005386531777,-5.741853544598329,11.019637380112515
390,-0.6598270228864747,-15.244441691761484,-13.595598554571797,17.182730618538965
0,1.5608849648191572,-11.283090441135302,-4.575999001033357,3.9499987874635383
1335,7.499219856133681,-14.657425176201823,-0.5763797719848062,4.001898419076063
809,-1.0897789918945067,-4.483940400562432,-8.898833754143118,18.019203769164104
1607,16.257671042010013,-12.779138401047998,0.9385694052904795,1.451835460927387
373,5.289248511087458,-0.944034829496764,-0.13735111654943438,13.14511033760986
902,11.300345957894267,-4.88645125702231,-1.2241628141697314,20.449047586220207
1432,-7.660633893575774,-10.275905605826663,-2.735193964699817,7.476530928529227
1427,6.910880630501916,-15.550075581734818,-2.8658675284635393,3.8000031151946088
1638,5.281821830021889,-3.333793098997056,2.4875307820638155,19.340854307434995
1424,7.454193652617667,-16.023654849903206,-8.215141717263128,4.930876831608293
1699,0.7137049644927695,-20.888011793426365,-6.740564488854774,18.255824890150713
1316,-9.161147626281362,-11.175663387739306,-0.7550961780603139,4.0126675013052635
1481,-1.5659025286489359,-4.3924909836646355,3.648206564895816,19.183590143278373
1295,1.5608806104301691,-13.871065879652015,-6.470165895902504,3.9499987559684127
1430,-7.730468207472613,-20.40089124542152,-0.6461860373648239,3.9919602109060124
15,-9.123512637303966,-3.544212312452629,-2.2751627831023886,19.377690907046254
1483,-12.953462235442895,-9.08568945376541,2.8931993274502625,5.145942256154862
646,15.727415446518973,-14.47786800153579,-7.211173290492828,4.3833389081694385
1699,0.8509709138787579,-20.947859954524972,-0.49711010322089133,20.82573890019137
708,-9.625440895447866,-13.060626030864762,-11.909969110777984,4.377285146715455
991,-3.778423486776565,-18.92977952498048,3.3962530983877555,3.999993319050675
1240,-11.20536270160017,-11.752053589772412,-2.8419128994346456,3.9849112749654103
998,-15.861681220369006,-18.937917129571396,-1.8621993333206464,4.0082030684915875
245,11.037114490507445,-20.114707201373523,-13.013777644303287,0.03462166324107726
1884,-12.918792308359976,-20.96048888955334,0.8233646893991629,14.667593724656394
643,16.073936146665623,-14.29208453449043,-6.11328926927542,4.572094257336931
1737,3.6956646555882156,-20.93984365597271,-1.3339892699612519,20.164952254382882
984,-10.574064687926015,-18.885509535728794,2.9869506072919556,3.990811155642904
1333,11.269637185385,-14.223044559747885,-1.2236750344373173,4.000899814793268
992,-7.070683660778172,-15.134935831747482,3.4326289745684533,16.542437861107576
1750,6.299198188019524,-20.964121372005167,1.1980173912807277,18.55385558967702
289,-15.992916830750469,-19.40085507849822,-9.077669568551237,0.9405302192298853
989,-8.34580304361466,-19.624230946110504,3.323666509886367,3.9971553662662536
1233,-10.033294705746528,-16.176220569199998,-7.484603114960549,4.7698103708749455
1192,15.688689512885702,-19.515566023892045,-0.9766970417239291,3.987690735747053
63,-5.0633417816704105,-2.6798331083878684,-5.182854967675932,8.65718218118137
1558,-11.168592876128375,-5.315628383665676,1.5497898011651638,8.50076097443112
1427,6.910885598168016,-12.342193426354465,-2.4921043002814414,3.8000015524164796
1337,11.830639734771957,-15.18410339364116,-1.9104398679698273,4.00046056183369
1898,-13.108561052724653,-20.919663076506367,-3.436061380580064,13.421799069902454
1226,-7.443727703123859,-19.853153657510813,-8.257954214217717,5.456636743860667
578,9.303940617893067,-3.6598194658299223,-2.2934150566431164,20.50013986005093
796,-11.035991223581856,-6.898933084149852,-6.341255384217811,4.960490562134523
1271,-2.3216624178688408,-20.781083868915413,-0.33993156035622274,5.258415165753534
1933,16.383762377470386,-12.042267727624433,0.30802873044071655,23.059322924483894
1431,-7.801556801083961,-11.421854697974881,-0.5646530970413617,4.006920518884398
1347,11.8600312989699,-17.52899618674022,-5.919319711329768,5.128702330646967
1423,7.146812124205099,-19.72946548131671,-8.304015684907563,5.464363852302693
638,15.882868804368123,-12.250169863745878,-3.499410102041328,4.346953938322514
1325,-2.38912755395156,-19.470734750267436,-7.437523461648248,3.9499987405649177
993,5.083984822460865,-20.916716318028676,2.9413048638766917,19.16593704071853
876,11.314970782358854,-4.832156657013681,-1.0028575371408017,19.66756295645111
616,2.882722190058878,-4.432775708183687,-8.60454722085052,8.060726186248639
988,-7.420254227848376,-9.119318878784007,3.4863800122176536,14.493705902971238
1295,1.5608737564260808,-17.942057914636,-2.96236593839903,3.949998815702377
1469,9.924648589332325,-5.227739382184804,2.2553541115806834,23.749523132690708
1279,3.453854541170692,-20.779651112000632,-6.880919404723274,4.888953172878243
546,10.026995571873178,-6.082492831716936,-6.437577358222338,12.738618995027991
608,9.754982122257685,-11.710941182070993,-11.31757160495706,3.9957362331903497
1421,10.80350530682632,-18.449206306330105,-7.119187588827377,5.210336772300096
1318,-11.232600390599416,-11.419470908015048,-1.1833513471812627,4.000118945594189
1929,11.82766129711224,-15.06148128710599,2.763264664709655,4.0087821739535165
531,3.4700665828602335,-1.2993925822108954,-2.847757314433602,18.647958468103955
0,1.5608842847563043,-11.68605670696959,-1.8223820650984353,3.949998833911393
1345,12.025770213968555,-15.306490681858783,-5.025202403633877,4.617368470778288
1424,6.923454583152885,-19.902399515314894,-8.348351168313803,5.4642030222978715
1427,6.910888785023772,-13.214681991372439,-5.767568589512055,3.8000065773046785
1010,-14.419578046986217,-19.975130075594567,-9.326578881523156,4.016852328756597
1342,12.036630412196267,-20.00113338089561,-3.6860882990702875,4.016829354536648
905,-2.9976325060482862,-6.789455176193086,-10.56900587503098,17.2711800190839
1067,8.424156481601113,-10.295597983413778,-0.6830417563770186,7.6987458842378045
408,17.434622028069658,-16.625971058132563,-3.8722909186807106,1.057864359061298
982,-9.265543851241326,-15.218295119363795,3.2467667102741586,4.007857754239978
1150,-3.0989451320129167,-20.260820462752626,-12.639359724726738,4.954693208034809
1704,-5.243954988212789,-20.88737448253009,-6.806533415820239,17.33766976349509
692,6.706031884752893,-1.7489381910962025,-0.8544381555632341,15.689752099709585
1212,-10.257992323647574,-10.33814161555732,-2.7825362270120575,3.98988513533328
1325,-2.3891124489176128,-10.428261699113875,-0.8590673776803173,3.9499988499384213
1429,6.9108751455630495,-16.91460605310248,-6.984026878870585,3.800000485266764
943,4.3394556776225475,-10.136892330916925,-12.095206749446737,9.684843294295414
494,4.99255364897178,-1.0822504011234617,-0.9014584332455071,15.044347648177336
422,-4.425684251332115,-16.95230150785052,-13.732244320725766,7.486836316363615
1487,-13.85379410349835,-8.162790944614846,1.6004281164328484,5.358868284634475
1283,3.110877861515326,-15.346246016830127,-6.368368555261495,3.799999856854572
73,-6.114845755110016,-2.376953232031621,-3.494725467443024,9.141588329118338
108,-8.214136123247732,-2.921585829494801,-2.0698365780320414,18.680342958512234
589,14.322808987559027,-8.476790482277973,-1.3187627146903713,23.85149989856566
938,1.144643532734242,-6.358188944710155,-10.433733026932032,17.01042071670256
1787,12.274754696130781,-20.889064280053567,-6.633533868892906,12.64060836285288
1813,-9.903595485135353,-20.86935519621416,-8.685266411610016,13.173481202869931
695,-16.02354537898551,-13.719631688213097,-5.523207090911664,4.470306579253973
1464,-3.713528621280434,-4.876353985907209,3.7257555653432433,19.528143287447186
1698,14.707645689643854,-20.88828024868088,-6.715461004878083,9.068494422791764
1537,-12.073710651633387,-5.729731972807413,1.2122756718639351,7.554198429171732
933,3.3728243545428724,-11.806467289382928,-12.752571021730743,5.33959155293924
558,14.941049870799851,-10.675969202702344,-4.215736653698443,4.011182844949602
1030,10.644366158354302,-13.779856194652432,-6.5768419680734445,3.9955349602097834
1595,-9.114902976325586,-8.733619198139275,3.4843037717199206,9.636913314029721
1061,6.991062463141852,-17.84322918981482,-0.5935085649185807,3.999993200069557
992,-5.624745521881071,-10.202104442162057,3.479913224135883,15.363504238757061
1240,-11.546803479081454,-12.430862707887327,-2.9541774233536433,4.002223847525363
1316,-9.235018864660962,-12.433053692381847,-0.7789230955124995,4.009779761161383
1333,11.016285026694153,-18.08399609298693,-1.2059514969762257,4.0196699291917914
712,-7.445247347711746,-13.311609003926948,-12.627776929347348,16.953925496629868
1299,-3.778079703273643,-15.015988132243098,-7.614911357050683,5.854333805156193
1425,6.910877899095549,-16.220395183559624,-4.781717282597513,3.800001784318445
1699,-1.4119071548101656,-20.941811292501637,-1.1282628245528734,20.582482037141073
1927,12.683405140452304,-11.123735134245708,2.5537214295311914,14.778389831014355
1750,4.364995909644967,-20.95637955617082,0.3908660023532978,19.898716857087575
0,1.5608829524986498,-12.477353146729017,-1.1181147671559692,3.9499988459002204
310,15.585846330740653,-18.857130396773517,-7.439919104010697,3.2194191745195604
164,15.249923207021544,-18.012958614469426,-10.0356673767488,5.289585119145709
511,11.155601934314804,-10.354799484783866,-9.747736397852107,4.006502547373741
1321,-10.935863382464406,-20.616375316096757,-1.1886873195753027,3.791923018941981
1028,8.032941605518188,-12.039485841374699,-7.429267679154638,4.006682153742641
0,1.5608800426295064,-14.20634351792515,-1.2521377287174464,3.9499988439171925
540,11.623321140027262,-13.819212309774459,-11.252475258168984,4.349256026933486
1419,-10.524481493286137,-11.232079388491243,-3.8041970739846818,4.010014074625592
577,8.901545784560513,-3.4756597681995216,-2.4593518140227135,20.00018049578398
476,-5.364516127756433,-19.25077263880061,-13.948106006318753,16.971411600646938
992,3.797766328273546,-9.723267650379379,3.4845033406877866,15.43947354903866
991,3.697808165933985,-12.068783323925208,3.46202011970101,16.22745219568705
426,5.3666680231639345,-18.378717905163295,-13.85919891921821,17.348717498751213
1230,-9.513460498401821,-20.520346638026528,-7.72670572349245,3.8634059958360334
769,-5.04011136055364,-11.162419661798594,-12.377617741932006,8.890559589325465
424,3.4805764141683357,-18.092239472127748,-13.928645512827712,17.401258158616372
1729,-3.6625239663181755,-20.84035924087246,-11.711774408247056,12.063509657969636
1279,3.2847683193767567,-20.62972301569497,-4.8813965577274425,5.1280772677236905
848,13.644751983531938,-7.430788057388968,-1.1352027957478685,23.236349135015466
1737,4.914395569713573,-20.934463474158793,-1.8955079952470193,19.623298897405565
579,10.036690336086387,-4.188035420957631,-2.2778323369264464,20.435524700910594
1296,2.7487340287516653,-15.373594084646253,-7.646281114547278,5.922318814360724
1600,-12.974217668087451,-9.641081731128889,3.032512216812645,5.8130018464612245
1828,3.06800356569332,-5.665361766580348,4.176872735501565,10.921977716133666
984,-10.690280216512035,-15.338021656238231,2.9998489901373753,3.9882618032680446
1511,1.7450031727954034,-1.4536626875945822,1.4715395203429393,20.618572189439384
1431,-7.595807546187789,-13.560948349002999,-0.5720292555433169,4.003743610596648
548,10.273396507105137,-5.053409221652545,-4.082182378582839,21.800690358003596
1219,-7.089123685752483,-16.621183202403927,-7.480104941243721,3.149999135860222
1698,14.101595687833331,-20.886695053528022,-6.88051559842053,9.991735241654007
1218,-7.089125693821851,-16.658369878339595,-3.6627166085171625,3.150001143039643
1281,3.11087452733213,-17.00399762244177,-4.4794688537180205,3.80000035542938
1325,-2.389125780995557,-18.405333317433808,-6.277242818886604,3.949998759939468
1636,6.779661333900988,-4.5134751041388945,2.9085463886224745,20.31711625405501
239,-2.6942142216574028,-0.7222742300003906,-1.5352482764766857,17.53463034112722
830,-6.415867352109986,-6.591164847239498,-9.576304536512922,8.046385194902124
1585,-1.8675874050009313,-7.994051783818224,3.8082530213056245,12.137360195052114
597,13.876570993957323,-10.404884686659544,-6.592336500249954,4.0080126340517
1449,15.77965986679097,-10.496090181571315,0.7600267343615038,21.621549697857837
596,13.886314694013265,-10.121161057686633,-6.187363793476358,4.017735063422547
1502,3.6445483018872094,-4.882322903486902,3.7393408985217618,11.496567378378163
1776,-0.967084876013124,-20.596429145639142,-12.382574355740038,22.620824749104457
1710,-0.18271021818432948,-20.868065923126334,-8.821582976255232,16.65846126301254
663,-16.761106524870645,-14.745636159935295,-4.147307789243184,5.143226412175797
1738,7.246323414930299,-20.951125065945202,-0.15810720988525462,19.227673693984045
857,-14.196073703425716,-9.050233678533509,-3.398385433172545,4.0057497887266065
1592,1.35842273408922,-8.362522071875913,3.6510286866141524,12.412339098046612
141,14.28003876538654,-12.670428055598208,-8.235688052238801,4.013222995774159
1739,7.927435938548458,-20.97050138582879,1.8630018001839546,17.142287037644483
1313,-12.002955786779465,-15.534639081628068,-3.0206658717477346,5.441763143199418
1001,-15.568695394269884,-14.391984485514417,-0.31005947297403075,4.034262392138359
1230,-8.913191134142327,-20.67283594930276,-7.897897743757572,3.715112608267584
977,-14.997654613699446,-14.905577006189464,0.9041017735784463,4.112010450486947
898,8.177478148182733,-2.5890635391364176,-1.0710024581370747,17.97064168845778
1739,8.031226616914719,-20.97348903724469,2.1746433657785467,16.730986104065284
1852,-3.9026369764650175,-1.398871595604085,1.0858862362212651,22.857827962122297
1277,-3.9391240240748666,-16.31908188985483,-5.469305445487516,3.1499993113588074
1221,-7.089117538346091,-13.383883221919833,-0.8289611961711455,3.1499983894151597
1423,8.285337782756578,-20.105539699389603,-8.05894326875081,4.0209830470634405
1296,2.2335945395757615,-19.480533480119146,-7.693097350168497,6.384799243842895
1429,6.910871670181289,-18.972540010638074,-5.617455525691675,3.800001168011639
985,-11.685280012774916,-12.602380277155547,2.8180800981888554,3.9933607148235897
1653,-7.276270723130716,-3.931447044829937,2.3765651325244495,19.55499897005498
1339,11.972109176691056,-15.41133233065134,-2.7582540562419693,5.406813173591472
31,-13.31150033362169,-18.285910841706382,-11.658109015502095,5.2836522651687785
1338,11.905742564814453,-15.001564768336513,-2.3152241960907642,5.462385096962283
1278,-3.939114281203119,-10.395187056869112,-2.243054884725966,3.1499981954908103
1095,14.735013576323157,-17.737113279286007,1.2148241815638872,4.107502657473357
1303,-11.898595144205988,-18.749992515857556,-5.6650860473107105,4.023171897861078
1718,8.267686191720625,-20.870693781196024,-8.548921156122514,14.475231042325683
1221,-7.089113487486604,-10.99669883145161,-1.472159689257156,3.1499982342168593
89,-6.960245489814287,-2.031376835551904,-1.3951174534064101,17.633340709311323
537,4.245984020558496,-3.2483495885498224,-6.659209953765045,8.614592111541189
690,2.6729307416874324,-1.8208936323982394,-4.5970102568934585,19.780204433988214
984,-10.592581483380958,-16.784075214954786,3.0031440908077767,3.989825641764006
1325,-2.3891226041924174,-16.516527063186256,-6.138377685583848,3.9499987619780357
227,-10.608730778234486,-14.631431357036465,-12.022804168612513,4.663016937919382
1674,-14.902996656534913,-11.770288909316086,1.7105038203629994,3.918477375396292
1277,-3.939126305627082,-17.740413614877372,-2.66796326090676,3.150000507593856
1777,-1.032433351457935,-20.46695625467855,-12.51208922292338,22.876518517825048
1461,13.165300203409904,-7.916509710554491,2.0564305871861532,5.036052439073706
1341,12.061956201585602,-14.44801963351389,-4.539381728746827,4.483684344974846
439,-12.6820388083561,-19.23175717701629,-12.214878083469621,5.486722779483409
96,-9.039338537089998,-5.58705953898342,-6.788686790774555,10.879240639954732
662,-16.741796195556894,-14.579040271896107,-3.9187831329834744,5.093767874481782
1904,11.055375971618119,-14.432482840323374,2.9495753586240934,4.001798830917259
1772,6.129733981259308,-20.639897009499617,-12.165092147977308,22.36992862365254
1724,-11.777807262340094,-20.87152572026387,-8.457675664857856,11.588535303954353
1325,-2.389115129479018,-12.03739639693358,-2.453501495179406,3.9499988233361636
1278,-3.9391205681178247,-14.214008326155657,-4.71823375901982,3.1500005300587013
232,-7.390203415888446,-14.948575734406463,-13.051653186532757,17.056118136523505
1545,-2.4115869264403687,-1.853784627528562,1.7559211277822084,21.267589880936878
1429,6.9108768947333274,-15.84078143814203,-6.291766562866407,3.8000000373443332
569,14.764033494824286,-10.842613476841281,-5.112517145090404,4.012802196928954
1344,12.055120571937048,-14.719036109043667,-3.6881388913783186,4.831244402411132
1283,3.1108776766137,-15.43263100300024,-6.842386332949712,3.7999999201751296
1321,-10.818250809025455,-14.209558793717463,-1.096317086358514,3.993196421384763
1711,0.22939637283829395,-20.88407450294096,-7.151339682908331,18.016590430816684
1720,4.535577241415633,-20.860718260673806,-9.588987778441991,15.152619126804515
1477,4.548783036351443,-2.3119281858991276,1.7927789000910475,11.87512386064164
496,6.096257949632536,-5.899110256572979,-9.099329927206869,9.608259562647662
991,6.858077065462307,-17.216153587198917,3.412679316700443,16.923044289040302
939,0.7988855594185635,-6.7142331651011595,-10.690906334082364,16.30699757492942
509,10.231457178325442,-9.618198462562983,-9.907599328909265,4.0219273682080585
15,-9.2400252284009,-3.5030843868448462,-1.9632532086795962,18.340303812290614
752,-5.4757716867783905,-8.12090446228942,-10.936549512056125,9.042051224595097
1092,15.363539901560676,-14.616357787766557,0.2377073451718864,4.3410895079259895
1295,1.5608709530011715,-19.607299387033095,-1.8377949560114026,3.9499988349098762
998,-15.902625911411008,-18.261196734761658,-2.0618538417239645,4.012357769024556
1871,-9.085005665477212,-6.907845765897237,3.5972931649364384,19.852425523469844
1831,-0.28504306219252595,-5.751840948710541,4.354876207969504,19.50261267890144
763,-9.186298644419455,-12.61222830757265,-11.90268728401035,4.24094299806342
1388,9.89435335288794,-17.40142940615202,-7.542046219993199,5.07084969933123
1190,15.636478356956694,-17.017112583935635,-0.6211351622667081,3.9995734131010026
236,-3.2777885893458434,-14.133402975498253,-13.330632974998313,5.825555096151587
916,-1.606999520568083,-9.28393948478436,-11.987507808491667,16.960281495319485
1325,-2.3891145597328705,-11.749548233618187,-7.319320954723732,3.949998741327496
1299,-2.98214147430119,-10.803485510719236,-7.595621264923068,4.847060310313776
689,2.089195464120108,-1.4820903508957555,-4.036106095321314,20.90871022377797
1295,1.5608716830965634,-19.175508424030056,-6.844155000109442,3.9499987505127927
1470,9.750855756658575,-4.353135138953611,1.5907986223272739,22.680071770861716
10,-14.204185098619385,-14.760164618412054,-9.702078197307666,4.403480693067326
1562,-12.430393506679732,-6.400341665579733,1.5184326821128842,7.408201201989755
1875,9.12617484044291,-10.223480771191005,3.3147648363432864,15.04635126674546
564,12.78433940878914,-8.396429668099307,-5.835797051137175,4.001065225098855
1548,-4.712377572972765,-1.8556403669734038,1.331681309143871,20.66980440615895
649,16.244609389923856,-16.853148852050232,-8.037343865350469,5.204828553268217
1230,-8.702651382428304,-19.43252058937417,-7.9465108790992955,5.41496136430159
1585,-0.4414383319395574,-7.970482026529291,3.8177944790626204,12.197755986925099
422,-3.7910449691076797,-15.255786619991639,-13.525131466092493,5.965363683555193
800,-8.318984780588227,-6.229365141302663,-8.190888202889614,10.043937865288832
608,9.895380060515219,-11.634094884339472,-11.21411022992203,3.9992323141656114
91,-10.075366856884827,-5.992275427802607,-6.232367927703684,11.309929107234867
538,4.124916937209239,-3.542493342194547,-7.185206136858896,8.228276118482048
1219,-7.08912826530773,-19.53785420912299,-1.7865594958368773,3.1499990326499048
710,-9.249154020637118,-14.102166322870556,-12.368783999638751,4.6057895582030195
1326,-2.5949021530891443,-19.100486559884242,-7.685413907929647,6.353125834050167
992,-1.446945689387074,-14.921186209715122,3.434677998450497,16.95496479557445
454,-5.922825289999321,-16.856650901483107,-13.593627250485666,17.290174967920876
1221,-7.089118608109038,-13.99971656403979,-2.1802643522045866,3.1499984304005055
1313,-12.000758264198717,-19.983406471007203,-3.0509585947651914,4.012566493215133
1275,-2.9688002908068,-10.290391547668616,-1.224519371535846,9.639806324903226
1851,-9.550698924654863,-3.671096276144835,1.0462303613647261,13.637782824368902
432,-10.382235575368782,-18.548766866899598,-12.971933664355078,5.349833036228995
1631,-13.328697307768026,-10.135081453794172,2.7566975262994906,5.59790272313342
1427,6.9108706355852565,-19.586551187244265,-0.7175890371999349,3.800001286488949
1072,10.036996123396586,-10.276320988276673,-2.695014678971212,5.959710561988446
590,14.957329757560792,-9.870270792933407,-2.2885891095891417,4.012846357324031
917,0.26172621666598334,-9.250167434196367,-12.005269101072019,16.980078198286805
1524,5.829072033134468,-1.7704875226013836,0.89388539640751,11.852507269131452
1060,7.253264715073325,-14.523294187556388,-0.5616848570337123,3.9999931768335513
0,1.560880957096832,-13.663249161809995,-1.8727083075198923,3.949998833377624
1017,-15.32376129175258,-19.668621361347107,-8.018850947905516,4.023602149207557
1627,-2.965768763486916,-6.878303200718454,4.25911228750606,11.677281631527418
1221,-7.089112650495517,-10.489335782855662,-3.078248086938172,3.1499982021498076
1277,-3.9391189890231515,-13.222181583938848,-7.50240713791899,3.1499996752231514
243,-1.2692750572220564,-20.093543852418367,-12.76359999765852,6.24240261329659
1283,3.1108778242386452,-15.383869246290553,-4.355798289314104,3.8000052216648497
815,6.687074692002115,-9.99494052102128,-11.588754400664985,17.009259750174294
992,-6.66839900611284,-9.486740038525271,3.4867704130182817,14.774450716742992
628,-1.5589196528019982,-0.428235532060666,-1.124352707894715,15.540635225208812
1831,-0.6279753043517494,-5.557747728029458,4.256470300245424,19.333541949979995
420,-1.836661951711691,-14.842673963283369,-13.528783784762789,17.12576688079467
184,-16.195520639260536,-14.610878469756006,-6.138175594980233,4.728473127291918
0,1.5608771948579352,-15.899173602829897,-3.22480313749303,3.94999881095703
1475,5.913233177583546,-3.223974926423464,2.2522009940784518,11.500206352417004
1277,-3.9391221986383407,-15.204496182456989,-5.352786562258273,3.149999496071915
208,1.6258098849658298,-14.61241966388082,-13.489933545544252,5.94826669843891
985,-11.433768429023594,-10.682735928332388,2.8983011292614043,3.9984770302882513
1284,1.797315101866277,-14.071403240017693,-7.647555913551957,5.714776330672036
555,14.084694749762415,-9.327548472184112,-4.3624925169779845,4.004275838171372
1813,-9.782151708999905,-20.874693843893784,-8.128283004196323,13.798166675724154
1752,-2.630386860425559,-20.974070673154948,2.2377023856911835,18.333170081043423
555,13.486423498744497,-8.045486725020886,-3.421447021171911,3.988457977538329
456,-7.923847578880946,-17.878591201171517,-13.46014578441347,17.32706064400503
1930,10.411330636989327,-9.913182512171893,3.1160163447080227,14.527527962990538
1315,-8.991916711930646,-19.419671478864096,-0.8071437450111265,4.000744909961653
1725,-13.208747581963902,-20.859909732811573,-9.669575861249045,8.04813126894129
800,-7.986154705280547,-5.8894065614456075,-8.056453408627236,9.280692957061833
1929,11.942557218483856,-14.95685610873852,2.7363936579022328,4.010649642531264
1752,-2.303244579477416,-20.966343095327197,1.4315871112684408,19.27998872425985
1429,6.910875983135852,-16.429289718448054,-7.699511802627724,13.999999374976303
578,9.797708355800424,-4.29703926518085,-3.0711340986453965,21.473583203442956
232,-7.535500325954476,-14.376096333402687,-12.901374588342602,16.90632057151951
1334,11.521251599697422,-17.75271602546472,-1.3349262183830635,3.9967772525323033
1887,10.003632949421878,-16.917678565891123,3.109457492026939,3.990437724108317
1590,8.15599999615807,-8.155696168091389,3.7411835359695047,9.882804160363436
1703,-5.270256720788395,-20.907297095534346,-4.728120273311372,18.44508727131904
1721,4.741913542689362,-20.89779837030133,-5.72042872776136,18.12807311759997
164,15.201964699788501,-17.82467401214214,-10.014441745144602,5.241943891814701
1324,-2.3891218463796706,-16.024702411934435,-2.141070600765944,3.9499988292321233
1243,-11.76757366870617,-13.48167061954025,-4.136554550516961,4.002668874400674
991,1.0125451308528017,-14.929364878664632,3.4345996234225975,16.959047723244698
1813,-10.350240863657747,-20.860259560135688,-9.634078702548624,11.642072744663981
885,16.50245971305852,-14.940287141866525,-5.551622045270025,4.843244908000481
986,-12.285115965249869,-20.028611105390397,2.5652096673698344,3.9761440943195767
1350,11.252805888573125,-19.870452479821434,-6.792970330938674,4.023228657219904
913,-3.543196814367789,-8.40029721084322,-11.431748278647365,4.365150721186398
1331,10.305304203247658,-12.189948855794329,-0.9613585972053245,4.002800917474975
992,-4.2390963186452755,-14.165295514684512,3.441923624968916,16.684818008762605
1295,1.5608709335669433,-19.619237557755138,-2.814353003950128,3.9499988184623875
1731,-14.082044876098236,-20.893451171264875,-6.1711665259534145,10.57261901092245
984,-10.601890881118884,-19.88925920719562,2.972983661925845,3.9908995915883447
235,-4.687665356644508,-14.773574048364866,-13.366105752980612,9.36213377703387
1295,1.560872651701327,-18.600204792684096,-7.357668341778723,3.9499987417715143
711,-7.9533783596247964,-12.93617862745634,-12.391252765237923,17.020787852746015
1885,-13.047275032236072,-20.945740135598463,-0.7153995222942744,14.45980219151324
586,13.453167176028247,-7.738796816803738,-2.7556938564450846,4.415552603614709
991,-1.5250866004651265,-18.837176768643484,3.3971407601158607,17.41709954300871
24,-13.656230231580876,-7.237562069128325,-0.4079678408454016,22.592031230483215
688,1.45760208756514,-1.070630647010301,-3.0682611828011157,18.99440213420054
297,3.23506217780482,-20.166606956525662,-14.009737308311077,0.9124303568677233
985,-11.5843366784582,-13.244917803136863,2.83634854426908,3.9950408138810634
580,11.277376815838178,-5.580123936067721,-3.276417838477963,6.401345671127323
390,-1.7077772960092217,-16.656883058737304,-13.79374550898076,17.369024917511403
477,-3.6279494361926177,-18.480539957413747,-13.962655222772069,6.332232651274558
994,-8.681598794814544,-10.046371206843263,3.382395319951818,15.14573726460886
1192,15.887423463062362,-17.684348406019783,-1.9794454897312956,3.995064170472368
1704,-6.735253713935332,-20.91769726398894,-3.6427791864729784,18.272495438936325
1303,-11.830319838059118,-19.660364906040808,-6.0165422320373105,4.019009885100377
991,1.1110493132176722,-16.86056412515169,3.4160878532456938,17.219945229819604
1323,-1.9582959726625901,-20.8951830410198,-3.9931814154375975,4.976831271536284
1422,8.800751858927889,-14.623172001175346,-7.899618443979886,4.521269545493284
1427,6.9108702242780184,-19.771192258627508,-0.6514161129431857,3.8000012493554713
929,-15.661193874221773,-12.682659113043423,-5.279081269695794,4.015710460477101
255,-6.841098995169064,-20.142385612173616,-13.428377659735949,2.4721513374723645
1852,-4.240915433070579,-1.2891215284199085,0.8681718030659622,22.474677280577882
767,-5.532617534094822,-10.595348255460369,-12.101702768055091,16.68138120634707
524,9.634663799480926,-9.89871846355539,-10.426417684442889,4.007298150542667
247,6.389227570409058,-20.147076017891454,-13.496596928365072,2.5995227883277114
1709,1.4707208879174842,-20.85978101052452,-9.68618539965619,15.656217756360931
1011,-16.056102692118237,-20.186607861840496,-4.747781618855921,4.018900173915503
1096,14.650594874471881,-14.180790845529064,1.3315059753106706,4.217110770970358
128,13.792350861884547,-12.538766914984613,-8.770480554058782,3.997136969869194
1303,-11.833974217596802,-16.586946422989914,-5.968845791614785,4.892165476592524
1348,11.292322145667267,-16.49652603683328,-6.750393299453212,4.712723611271251
865,-10.59336345009316,-8.362417078581064,-8.59251695305311,3.9839636905572124
1047,9.262808249558402,-11.27476926333493,-5.937160484683802,4.016396645362428
316,16.266743580819583,-18.041372758030906,-5.613751418587327,2.918802097569535
420,-1.9087574453345408,-15.91270256092583,-13.682385409071943,17.270476692752077
224,-11.973190723197412,-13.341543421672966,-10.847057561775681,4.253593906471926
1182,16.058210470499088,-20.151814185413198,-3.82237968572905,4.01844710129915
1031,10.827750068778114,-14.631418701704368,-6.939385103070327,3.9966883659031054
1887,9.902132438151423,-11.315475770549732,3.1884408339877064,3.997539462162029
975,-14.582016420172344,-18.051322375958954,1.380584987920171,4.140107335029036
1218,-7.089122243813298,-15.50026230708402,-4.867469488015043,3.1499995689534295
1436,-8.681775731651502,-10.29236255567628,-1.018350534347652,7.451368946115222
403,17.411942224672963,-15.758622359296453,-2.190073703288486,0.24750272475693036
1612,15.215050323843572,-11.527176337326292,1.878716550698126,3.036419088221913
473,-8.558783803701782,-19.248098741266542,-13.537283011348311,5.421426267781222
991,-5.438424156287453,-19.71260217168786,3.3887492424185535,17.36247675074604
991,5.171493901623669,-11.343387365320305,3.4689735039608256,15.840540642897516
454,-6.6887914774869675,-18.227903317830954,-13.706325028049143,17.140505737536706
1499,6.895008801268035,-5.535515890351713,3.5091667116160554,19.322493932270625
992,-6.610962913137193,-10.006550802946501,3.481787708127082,15.028718867446747
1324,-2.389126001035409,-18.49147433279687,-1.9932819426466395,3.9499988321132857
235,-5.1185700616744665,-15.032758529609843,-13.385025061402127,17.203533652064323
0,1.5608792633645496,-14.670587417011477,-4.334344425349035,3.9499987920720447
440,-13.330395127344909,-19.96983764665507,-12.014954871660974,0.14668386063161742
58,-14.154137464161497,-18.83308226441284,-11.251036967567554,5.405932911607137
1694,13.639707402569222,-20.90753350460245,-4.7075031262432105,12.092724075673003
686,0.052564487321144555,-0.5083287101751769,-1.672211770876356,17.510144514339764
739,-6.483745240856455,-8.418083649520458,-10.824836982529254,9.997463613275466
672,8.411910753771252,-5.413520611608867,-7.099668470432278,11.661801067898624
1324,-2.3891245999909554,-17.668736080348214,-2.9187565137646,3.94999881639346
1027,8.293772048692238,-14.800886870399236,3.3804278402627164,4.002668640137057
1711,-1.6827539892090886,-20.891790831248244,-6.3464855720431395,18.445010212920824
241,-12.505443313271858,-5.56844905708412,0.5131989345461929,14.366807122001536
776,2.4624156503544774,-13.116152396504901,-13.149676495721543,5.634629261016851
559,15.488542905318909,-11.31779730919697,-3.32339485141624,4.089263298466887
718,-1.7700245772046848,-12.520638835163616,-13.034085790033737,17.08299478261962
985,-11.58743680267184,-12.443256192263846,2.843495097569879,3.994716454428419
498,6.9506946098532705,-3.2399306055444637,-4.705339024713972,10.034841664938769
1388,10.213318106468877,-19.65431233979091,-7.426692677593489,5.452730791045366
1427,6.91087441124933,-17.583723383878787,-0.9557049976121408,3.800000994087524
1221,-7.089115873489408,-12.389000923078171,-2.5305512477741425,3.1499983256305573
1295,1.5608714204655612,-19.331599500017926,-6.9575480723983905,3.949998748627607
1125,15.771005315490438,-20.456658256586344,-1.4983348803918404,5.42393264681135
986,-11.344841568917257,-18.789479059610844,2.838092826246145,4.00159469126285
1890,-7.51873128080746,-20.970393757180368,1.855072533545288,17.349771389163568
1425,6.910882507072591,-14.169569737249713,-6.518663853281158,3.8000022558432693
1435,-8.625729898804407,-10.262254514177398,-4.159264580476801,6.353857471671499
1281,3.1108844012107784,-12.176666218286691,-1.5241803219145516,3.8000000969023926
1283,3.1108783726841955,-15.102849906645698,-5.535820499933601,3.8000031359800417
804,-5.236857376507158,-4.639179021619558,-8.146337852976668,7.87762660429243
410,17.30301973231862,-17.069523799754613,-5.185451042902142,5.6306682975573645
1292,1.8795511198353672,-12.191903646467832,-0.5393370751425081,3.9999932228543362
1893,-10.744658420116547,-20.953707490428606,0.11450522871122534,16.98125870966577
453,-5.192198682448225,-15.88563627191476,-13.522914214843738,17.147988422287973
903,16.79352669052397,-17.634735817542616,-7.38708958764666,5.462384503869061
1366,11.792689399715742,-14.871373419467385,-5.803999234792645,3.993575763886255
1710,-0.6653289754289331,-20.86155333618892,-9.501203743112416,15.918382402081262
669,8.899278007127613,-4.877661779681318,-5.766268173463731,12.071173872528307
1281,3.1108703819526724,-19.04638755155763,-4.080531012502619,3.800001095461403
1427,6.910879698815579,-15.384305251901168,-2.015403187253028,3.800001829840517
1704,-5.7903831137208615,-20.87653220575988,-7.937524346240092,16.33240792708444
176,14.129117863762799,-15.396074482538719,-10.087931367220198,4.660200461343019
519,5.129418840425226,-6.000970290544889,-9.531866851294215,9.5168492214789
1292,2.967268096530929,-14.557143590671286,-0.5620093737821196,3.9999932150350768
444,-15.926575552346208,-15.212546772778857,-1.4038973104863781,3.5804805543835605
453,-5.05932447505057,-16.537150826406652,-13.628510415053606,17.24850973600808
899,9.140595975059489,-3.069600834199205,-0.7630716084724228,16.466169313863485
360,4.350231254499325,-7.354733082120479,-10.71342158908956,7.296964812047582
872,-4.495843539292583,-6.247048544116177,-9.909010337405437,6.978125767016456
1721,5.714417904308742,-20.883252349639307,-7.238106862681859,16.902812901991368
991,-0.35936267803806904,-14.978798476058524,3.4341257676466754,16.970298252688142
1025,7.5950358278779895,-20.61662065850003,3.2274983303624807,5.452021107570134
1430,-7.772179404909371,-16.23258747713936,-0.6088920703457017,3.9991418925225677
198,-10.124621170848643,-16.19798934801704,-12.61734285401769,4.996045253674299
586,13.305187033696688,-7.142595846540375,-1.6533395845246388,23.49012358120722
1891,-9.718702197498711,-20.945447837443957,-0.7468229018425427,17.530810815008262
1903,11.390766273152146,-15.40835306093387,2.8678950509932952,4.006326542956224
673,9.207845323678722,-6.211980624381175,-7.488145124192056,20.154816796661613
770,-2.6276884101364795,-10.181630787353189,-12.264458086570361,16.726057644960957
917,0.22268255504255338,-8.692418615744248,-11.750053540003483,16.706248708678768
1295,1.5608696925345331,-20.356833439636446,-3.3640742265587527,3.949998809320098
736,-8.711076240215803,-9.93430062597865,-10.883193776989735,3.9823790743313117
1926,-13.691241632022432,-7.3966302201517085,1.1369204366357972,5.46985314025153
991,5.278162171258936,-15.38766724679385,3.430206514844652,16.843394690527766
1148,15.99993008854827,-16.98762241076353,-2.7952707602985756,3.9923941978978803
1299,-3.6384051011581313,-16.173589314587733,-7.629708616401162,6.023537197382144
73,-5.653573204747381,-1.73711358665193,-2.2937525663790033,18.308107401852517
1321,-10.255341151757731,-18.707957000761642,-1.0134039388476077,4.0028527683674096
1191,15.623068570854535,-19.649171597663447,-0.6282786859319336,4.276497255943727
1499,6.211161741199969,-5.5502061314560525,3.660521411521266,19.55844154218007
1704,-6.647428212122103,-20.89866280824203,-5.628561416768248,17.434439934140105
1429,6.910870924484711,-19.425353954386843,-5.732254770690701,3.8000013453400783
991,0.11791169650413552,-15.250017182109426,3.4315259653924,17.008583328080753
666,8.499810575737385,-3.869090368791041,-4.1822523748879545,20.99787095077691
1430,-7.82238263278177,-19.50812407300949,-0.643493150485368,3.99349892276292
529,1.9065466143000975,-0.45221035133220067,-1.1159318597390324,15.867270103439502
496,6.274894603565045,-6.036209488090716,-9.143742905746903,10.183195078036956
1854,-3.2911988883253316,-1.2533794326682868,1.0589231124930283,22.808171287771117
522,8.582929219258093,-8.560048003071605,-10.0884802048053,3.9782975798159
504,6.657930169544144,-5.009846968779524,-7.858584192359338,10.148995527947312
1427,6.910884132432734,-12.822924620520354,-2.043658583518599,3.8000010554964776
1148,16.020353459214697,-16.981873409254668,-3.0245641258004543,3.999943214672907
1886,-12.587637168104145,-20.933826352710362,-1.9583691544629442,14.579152034355012
1562,-12.71512703276062,-6.80778428801797,1.613057479727624,6.639193372931693
1278,-3.9391206292384724,-14.258887527581965,-3.933475561795536,3.1499984483888746
1274,-3.259466330126067,-10.505895712741264,-0.5231757150285655,3.9999931924716563
1429,6.910873593887447,-17.774991881992406,-4.255109650779666,3.8000006299745923
235,-4.214245692398137,-14.485504110292327,-13.344626543172282,5.865154668047013
1324,-2.3891288025684285,-20.1901762471746,-5.288103766856927,3.9499987768847475
1219,-7.089118630172199,-13.198559679236519,-7.485363325367617,3.149999680060727
1099,13.959324206096678,-20.13930558762253,1.8554489025614767,4.449587488670303
1002,-16.026152700062728,-19.2257529563881,-3.1269395675611107,4.0047662625586
313,15.955767980122756,-18.407254900764446,-6.369623534281664,3.209232220463826
1652,-7.1278341960605545,-4.4973943723187215,2.804627743444019,11.598197947838973
1360,8.546926855506966,-10.4130263613292,-0.6420858897676909,3.9970800124421224
992,0.20947765302351806,-12.661429040732466,3.4563391911143957,16.508669961010185
992,-6.481829317006474,-9.36603160786184,3.4879274809720906,14.767336454885823
979,-15.112129426322653,-18.977398542400074,0.6760489266984722,4.506109564382966
998,-15.935188833106066,-20.389037448612488,-2.2721263468588804,4.011111144807372
1099,13.768095265360806,-19.965973807204488,1.962245521273755,4.177730711798456
244,-6.751332230978304,-20.109612000768553,-12.97374671826514,4.50272081788299
1219,-7.089129662850346,-20.505017653177397,-2.436362265388184,3.1242211619098654
1894,-12.047368429314933,-20.97118504678571,1.937954335804863,14.258451545540424
1276,-2.422428466120402,-10.245551972258532,-5.901904650035354,7.873582774585296
1929,12.081359909161275,-12.334863666202363,2.7267436002511505,4.004525225436397
992,-5.279339314005787,-17.566327671088082,3.409322620706899,17.151737593280917
991,-4.772957961141468,-18.82048188469059,3.3973007831917568,17.319389216826828
1737,4.227604135192076,-20.930936732069284,-2.2632814634640344,19.716176879789398
1621,-0.8280764444382553,-6.2059136075960435,4.484064461019782,11.480040327607536
243,0.30244952450830953,-20.091562454301858,-12.742183080921546,6.34430028407231
948,9.54317870980621,-15.331829643279466,-12.61694585281551,4.850811041362068
164,15.321660877397356,-18.04865736983109,-9.968836213515694,5.283545868157845
1752,0.9148393279777876,-20.96825527667596,1.630384183907891,19.187530273256748
1389,10.435761423628751,-16.518557373919474,-7.298653268048283,4.800815287662547
992,-1.2343117274086657,-12.65837062751056,3.4563684816311078,16.49324482484686
992,-6.215969580270673,-18.613870086811684,3.3992812652296274,17.185943369566527
368,-16.374737996507374,-18.472993107491533,-8.763010134848148,5.594806369155091
1278,-3.939114382901349,-10.41497665102536,-6.663014679170149,3.149998208042127
1333,11.431994879281374,-18.720263827911545,-1.3229579875903315,4.0046470801998355
1887,9.439696398764177,-18.95358833415314,3.176793144046444,3.9883783488058486
1752,2.605292012404428,-20.967452506938113,1.5463028161237753,19.11549413015922
1501,5.354134622415352,-4.859751601736718,3.4756387997856053,19.063678515531187
519,4.5567293122908215,-5.447932181704217,-9.206977447694435,7.424777765077653
993,3.562458686989814,-20.624544908569046,3.239126343053359,19.515023958455156
555,13.593347146395766,-8.242388636070396,-3.521706859207864,3.989356802753909
1295,1.5608815592383378,-13.307580795671976,-7.123869279771521,3.9499987448676173
104,-11.097877609264536,-5.2070446804354305,-2.6589493277640472,21.362492755750456
1222,-9.805383160473891,-10.662954795218527,-4.404332448125229,4.009818207285168
1772,4.8669124017814305,-20.81934270197163,-12.075226985957801,22.548165863620326
992,-1.3028312824505468,-14.6451412865384,3.4373240614673737,16.90414191796836
1326,-2.500515786013872,-11.284290356106888,-7.612991470640401,5.021616385057773
981,-15.42741417920997,-15.737321930475392,0.06731030937915147,4.101838587748642
1039,11.457090643674519,-14.710321793883669,-6.224389434939236,3.9944872319072013
1058,7.69652242585373,-14.337295498979268,3.4249409402921995,4.002524300336508
468,6.5198375069270025,-19.955054807947093,-13.910524401029885,1.2162557854872684
1281,3.1108699012993064,-19.309967350167764,-1.2419312151760502,3.8000019583857516
1273,-3.73301153914796,-17.673521528453833,-0.5918819539874469,3.9999933184161764
42,-15.812778572891876,-15.90831113915587,-8.199421642152483,4.789536484296674
1281,3.1108872918569643,-10.764073825830904,-0.5920004539492684,3.799998296249825
991,7.10563293851381,-18.169496392911938,3.4035409214742156,3.9999931917749065
1321,-10.728714579397016,-12.723304080041633,-1.0606378514068635,3.9939668474918215
1423,7.493664802681893,-17.973834399691686,-8.22150610126101,5.2385539681200965
1287,1.2910869037103079,-20.72598254187708,-4.842208777010791,5.204596608052471
1324,-2.38912038156269,-15.158035558733971,-2.4861197816594918,3.9499988232822507
1427,6.910874918914306,-18.045549771187552,-1.8647547970343168,3.8000024585857837
1702,-6.94681301347257,-20.96119964277684,0.8956604796261547,18.61400387527293
1274,-2.595897484270845,-11.951828127346973,-0.5370358807493723,3.9999932186070195
383,4.750547563937778,-15.392673271516394,-13.479752457980908,17.105409474182842
1060,7.27790485176539,-14.701992932491237,-0.5633977999687565,3.999993178947159
1466,11.622079463522251,-6.051120432927968,1.8509233489473187,7.522342322090648
990,-8.533733323821142,-14.726915628295,3.357921771646569,4.004775879304368
373,5.522883079080496,-1.0036930012509773,-0.06222316213613166,12.87660521362909
1282,-4.272701372936628,-20.78897149186477,-4.925512365254045,3.983014206074505
1221,-7.089118850429105,-14.140813657648854,-2.3194381846212244,3.1499984396843925
1295,1.5608831101910532,-12.386193152554622,-7.451818074335582,3.9499987391969715
386,1.6274589362058487,-17.135025624364197,-13.863711106449584,6.24023350563641
1494,-2.9317067690186507,-4.883741685052274,3.804531698562943,19.566173254530558
1069,7.21906947742533,-10.255875653383047,-4.827517722641326,6.869906967133824
1727,-6.292428503886453,-20.863351362474685,-9.3125139913517,14.789152343781604
379,7.656333134648589,-17.541147382350037,-13.45873560708437,17.336392050670188
1887,10.002696477457226,-10.330506312121608,3.183400231190147,14.769429583156603
1003,-16.049188939229495,-16.85288506235628,-3.341726581959255,4.01273555024433
1510,2.1855430668440894,-1.674040525916336,1.621389754552886,21.010987370440585
1639,4.6428604610872934,-2.929535983203204,2.325531961804531,19.092796691764548
1281,3.110875953418378,-16.311393555031835,-3.5718782008326264,3.800004380753081
152,6.894875825842707,-9.6677047253656,-11.380313135666167,16.818362373989196
1823,-6.116846899185786,-6.541965417894031,4.149286586725796,19.671312557962295
1892,-9.808996948782127,-20.96174427998918,0.9530270369795301,17.066627878437096
230,-8.341688801702453,-15.454018268904482,-12.95388502160954,4.936641023317403
1311,-11.772346145911978,-13.07737815607198,-1.6321569708800263,5.038277442758051
1881,12.360623358027008,-20.653020529524063,2.360122335992457,5.564767512002888
1315,-8.721815847532287,-16.71408982584325,-0.7381579866694182,4.009530878829222
79,-5.282734009972279,-1.3692416427862693,-1.5157297981207487,17.453219291992585
1295,1.5608797517311084,-14.381143110624402,-6.1452363949557895,3.949998761522761
664,-16.10404728691815,-13.39981255741617,-4.7489596676050665,4.527913467735955
838,1.74422106410437,-6.341222262390894,-10.397504903733864,16.98000564898808
1702,-7.129193857952511,-20.96025492640277,0.797150539564792,18.630326648926605
167,15.506476293440246,-16.288805807220875,-8.926799866775843,4.89936460063794
748,2.3779908517474087,-9.553681478922828,-12.05264535185233,4.734044660803242
1737,5.331968230328947,-20.938440249658896,-1.480731051565897,19.629082792893147
183,-16.432989172631885,-15.354557064560858,-6.290756203101933,4.8352351589451645
1283,3.1108775463211886,-15.52000020974608,-4.412133540925893,3.800005106782009
178,14.206320333691188,-11.100495618023379,-6.813046035574046,4.012944343584217
990,-8.213481978642875,-9.517290306405222,3.4378789939792567,14.76100615555141
1335,7.545610225688235,-15.10235737873356,-0.5836047936449824,4.00112873423049
1524,6.032736776797435,-1.7162240841386882,0.7503958455301092,11.925908371575447
1226,-7.972165416123087,-15.28269515843642,-8.11474549953651,4.747328474652741
1699,0.4981744800966149,-20.908628871613917,-4.589775586773556,19.397046591839203
1325,-2.3891156793337713,-12.405347152542106,-6.419620646247902,3.9499987565866115
715,-4.240029789900299,-12.141182825726249,-12.776552375431608,5.404544109294266
1904,11.129733211464092,-13.270297477096856,2.9451780388541975,4.002510212114974
1853,-3.6080165924171004,-1.1800330985345344,0.9201606003159332,22.721352300599847
1283,3.1108849335054582,-11.898661724858062,-3.2182679987156697,3.8000024636758156
1469,10.423336315748315,-5.198323989942839,1.9332515476302021,8.462799020592014
408,17.312892072072806,-16.490937979375563,-4.29367957626729,5.618061238137979
238,-1.968502349408359,-1.325420327212536,-3.6636016455329856,20.74771217673886
1219,-7.0891255032663665,-17.786802828996052,-5.470220789517519,3.149999077788041
321,17.129383549558465,-17.529426081976737,-4.641435313897625,1.1762460136234514
169,15.127477641819194,-14.623840715649102,-8.43823203152483,4.336896844020355
400,-17.371716653600146,-16.47331092027802,-3.9306282446325422,5.717365751741301
953,-15.66855665047707,-11.935814009705608,-3.8795978399295663,4.04094380695148
1641,2.9479072149615217,-2.8480325267595337,2.522821078156369,19.28303607103251
1278,-3.9391178974748695,-12.578036398541865,-5.102272534693439,3.1499983395588673
994,-9.006550471246088,-13.742681800220414,3.2990513020374843,4.003667030583676
995,-7.059462104654321,-20.944255891326222,2.91320815830904,18.62959831091771
1427,6.910892509305057,-11.36156509221762,-6.149337293902432,3.800006540754444
108,-8.598451256208671,-3.13740492031509,-2.024184138947285,18.521709209479955
1753,6.78114012067858,-20.97712924592942,2.554803823000992,16.752935788315614
991,-2.72232633422814,-19.070211509070347,3.394906971290229,3.999993284176778
1220,-7.089118101913618,-12.86289921979138,-7.874231406953967,14.00000212370338
978,-15.292869403492787,-14.346817922468327,0.3993583892798991,4.048402965701905
1743,10.276549050722302,-20.967040724960878,1.5012229094711604,16.18820089449088
720,0.11310514999081163,-12.620635334225314,-13.085770812085752,17.13212250239718
1273,-3.4384571964685744,-15.4971268538837,-0.5710198208912545,3.999993274259706
1292,2.6152379295358408,-10.383979976674265,-0.5220069632854967,3.999993184886734
889,11.738895090188148,-5.2375407297516965,-1.0787558316446828,21.494729949029843
407,17.361323247405615,-16.078364240074468,-3.212141626550208,1.3730683121805405
1457,14.161434653405461,-9.928876657365322,2.435060556990643,5.001614276516119
988,-7.302347077041587,-14.189417556865298,3.4412977583270177,4.001377888605322
1281,3.110874165219798,-17.192665756145338,-3.374397521700241,3.8000038343024563
1077,10.965016289213734,-11.412689468149813,-2.9129433163875307,3.99322985197051
992,-6.302864682668648,-19.145554617214184,3.394184740362746,17.229233390320246
1429,6.910880108558844,-13.932159034051782,-7.353595707457679,3.799999390724938
452,-1.052507150324154,-17.75166328062093,-13.935450840189294,17.40288119974271
1887,9.362500388702014,-15.15132558388349,3.2317276115605518,3.995702131456669
165,15.117824367921148,-16.849435401627133,-9.715893619069966,5.068503270686569
626,1.1660386606182926,-1.2440303948247178,-3.5932802027211173,20.466432995043345
1704,-5.186799643691133,-20.889242660701253,-6.6116495728941524,17.480959884971494
746,1.2407213664299848,-8.187687375376127,-11.492340831925713,16.436421435352948
1345,12.030328288814125,-16.139689366991,-4.993038009808755,4.902370655641772
557,14.521826574625319,-9.958901211699445,-4.189140992433838,3.9803204129804577
461,12.585931321752495,-19.79207280952272,-12.360465809305708,0.8973349168970787
41,-16.25235742681014,-16.413805524005788,-7.699463882117522,5.104515091118356
991,3.529672981792327,-16.874920216824073,3.415950246940097,17.167892961776946
992,-3.903771795751418,-9.383939097764749,3.487755873547791,15.269892884734002
1269,-11.53502312668835,-18.75819445874512,-6.556755915338609,5.336452473515331
974,-14.457098108044741,-19.13566935337904,1.484581729986174,4.040481677835841
1219,-7.089118538255225,-13.133774648082433,-7.40625754009929,3.1499996953812324
991,5.168741551643461,-13.73942192921669,3.4460059920085624,16.513452794327304
809,-0.05310378615808456,-3.8261159342458817,-8.25960125181908,17.10194128267365
1737,5.183742901196224,-20.92865580638973,-2.501427439747481,19.330932850813777
1492,2.047452666871595,-0.6337983655782888,0.5798860052940228,21.759793346831696
226,-10.810878048998607,-13.75544480906094,-11.638316508958503,4.460666117876023
1585,-0.26951649558992985,-7.827067048642663,3.8791825752144087,12.11963763547443
705,-11.956861931305664,-12.461593743379684,-10.430716907803946,3.99228012991054
1324,-2.389126447064615,-18.790586544242892,-5.271923792395253,3.949998776934608
667,8.135810333240673,-3.856969270569996,-4.658077752547705,10.315615192327074
1358,9.392657274459399,-17.322739225764195,-7.735037205617482,5.0606152458303235
713,-5.912758407083091,-13.027480432289865,-12.828875830602597,11.388428295035315
1281,3.1108827055305897,-13.007557068830149,-1.8361861955018752,3.8000008135715073
1710,-1.581309577782098,-20.873837578610054,-8.219401149998243,17.133944347527244
872,-4.95910109536694,-6.847135696443743,-10.23130743816394,5.915270626806157
992,-1.5931580176967461,-11.24095470539516,3.469955278634465,16.10557515088606
984,-10.621165665921646,-19.814745370296826,2.970393726131804,3.990670550808797
1420,-10.922159912676506,-11.824129368210917,-3.8057180719212282,4.025379941886642
1278,-3.939118035892559,-12.657560027699024,-5.631912479807966,3.150000617751722
1343,9.98640928506287,-17.14409376811177,-0.9423602595158356,4.00008446881336
1716,10.047691970291705,-20.864732547843126,-9.170999763135223,12.506480264199215
1017,-15.446416619951812,-19.390623721669776,-7.752109545204478,4.005020853170086
424,3.3097467152953923,-19.284353745579796,-14.047764799474226,12.38863505887872
1427,6.910883929412288,-14.418957528520657,-3.8162276154289434,3.800004132525525
1219,-7.089125283516465,-17.584432894811165,-3.810448604783279,3.1499992151724716
991,6.787870161069636,-20.253927780843043,3.383560322949277,15.784860887702681
1744,9.767491396726317,-20.9492577291256,-0.3539055137276265,17.61105359119331
1751,0.4673755296967827,-20.8367489020366,-12.089464111443249,11.635549380759736
672,7.840595172173714,-4.959019314218327,-6.980725968425169,10.404950758154667
1338,11.881571417344773,-20.86030393462066,-2.3818503122752084,3.5843706514655
1932,-9.929373912233897,-20.85412171477454,-10.274750356292397,11.114813994237634
1093,15.42517053165567,-19.383909134341078,-0.04172112271073636,4.016957555351165
991,5.466602785273206,-17.245616358944112,3.4123968939148197,17.094444858297493
1219,-7.089123205012427,-16.306956583149994,-7.828527030599404,13.99999939690733
648,16.25764416418516,-16.410688229873156,-7.6864910092870495,5.0907526316616085
1455,-7.091983463966013,-6.03667612360344,3.7255315499326747,13.063340718366598
962,-11.95606714196848,-10.016256052128057,-8.825572687512796,4.0171900588024165
561,11.544706412044475,-7.099670895232319,-5.933243732573105,4.66824107107179
1727,-6.439061271018441,-20.84949296313711,-10.758434295298784,12.775855920970363
560,10.23309095290653,-6.023978062742444,-6.08350346421339,11.794723268049964
558,14.954719061722987,-10.338948883673888,-3.4437550250867215,4.004807674303263
316,17.19380333634271,-18.429903323476402,-6.423623036706459,0.4879434431877716
599,12.662792125780962,-8.99300070989576,-6.902728354369913,4.009267335499423
0,1.5608800425620786,-14.207735282291459,-4.629829894635657,3.949998787021182
8,-15.011381108900347,-14.716647709665503,-8.68125679994384,4.329215431767381
1296,2.9828770121640718,-15.298774272695502,-7.642178357753099,5.908511145896669
1887,10.267507788352914,-19.092935649742536,3.0429097510776386,3.991695399826804
1283,3.110885938540309,-11.383587635406858,-5.391302606819482,3.800005449133242
1737,4.2550165253195535,-20.94473845071305,-0.823472422741478,20.167020022474418
551,11.9179778116082,-6.268341762833247,-3.527750567973328,6.077262885384758
1325,-2.3891167206105224,-12.99390019432597,-3.5297648117561704,3.9499988053587107
88,-11.325109345410343,-6.158542739104007,-4.485355885036355,5.798737880265935
1750,6.862450166629834,-20.969026982752688,1.709613344703306,17.799439710226522
1147,15.894631612188789,-20.37275229974989,-6.245241285166587,4.043953459499716
953,-16.063165737762276,-12.389088530582889,-2.906706166788093,4.657455113250397
992,2.492503152175751,-11.397211010751974,3.468457540125388,3.9999932038790393
1872,3.9059604830875108,-6.168057292470744,4.307949926660461,9.489530126840265
992,2.4341175932010417,-11.607533185980948,3.4664414716355574,3.999993208148909
1224,-8.252781692417997,-17.881995531196477,-8.071893987758912,5.1921778387996875
1296,1.9690210051070791,-19.157816404440332,-7.693829468357083,6.359814120931262
1221,-7.089123122353566,-16.652391883874266,-2.2546013222914834,3.1499986033522784
575,12.720766353826475,-14.303360960585445,-10.76297413589423,4.3852147396413885
810,0.7224430048552498,-4.154981611281341,-8.569939216035191,17.547053218572387
1278,-3.939118408388487,-12.916148366303753,-2.406283283677656,3.1499983599128156
778,-16.469242284656,-12.389988071436491,-0.22120901193880202,24.591874923365566
321,16.219003698020796,-17.38497733505857,-4.392665716180255,3.2679181664704537
1135,15.324519223479758,-20.7351126654957,-7.05125296179052,5.282357013002548
992,-5.456006778243848,-18.334710179769772,3.4019571984822523,17.237054951420504
125,14.944709759317117,-15.730430343290836,-9.37312236818274,4.696950410684257
501,6.494621832733888,-3.9615635029027234,-6.470102658990218,9.268611233096252
1785,12.29359426656151,-20.882871312924568,-7.280051423260904,12.12901112194976
984,-11.123254481081442,-17.549310065138833,2.905914311513279,4.008873438324265
1887,9.97764571478445,-12.225573130327236,3.166174937552827,3.997441575587938
952,-15.984102289032966,-12.067971907084083,-2.6061905484476178,4.5676012654346225
1315,-8.660582730344391,-15.814572656461682,-0.7197757456616833,4.008397032035928
1427,6.910883127310413,-14.893470045204307,-3.8244596350084614,3.8000042954950195
738,-13.908377152413607,-9.695925493131675,-5.504642985726916,4.005580630007204
523,7.873638177884381,-8.634790826429967,-10.479346246241402,17.296132515007663
992,-4.61058688269954,-10.521544440450862,3.4768512136930756,15.622542459628281
388,-0.14936223172268784,-17.092642041424973,-13.866992961830928,17.437709539895526
175,14.679343508726884,-16.18982005549975,-9.892830788387405,4.881460909122853
545,9.560170370902856,-5.78554744696243,-6.530703674659078,11.891311955807398
1283,3.110887479570355,-10.64964770313621,-2.899063859649495,3.8000016034843327
1193,15.59799007689778,-16.467992799236082,-0.4412317751596938,4.002993187612405
1770,6.887187219616165,-20.397956414918685,-12.327681349006127,22.370025683414926
117,-11.427833427758353,-5.126095756783178,-1.6462474365951567,19.21330243417962
984,-10.0191888729485,-18.938256712753205,3.080765383460357,3.996615820212774
1099,14.07233435269559,-16.351743351094125,1.845224409910686,4.5874837673625315
1345,12.028002834798812,-17.4234596025727,-5.005742099972292,5.298004511143861
1295,1.5608738089238638,-17.911773590099443,-5.229594520972208,3.9499987775077914
1193,15.572110475473897,-19.220210265106687,-0.3695523756278883,4.027978758764481
991,6.244342522882661,-14.203126552029957,3.4415610915508523,16.477256231751205
1269,-11.562556598346646,-20.52372747585693,-6.525384131453926,3.880827731910664
811,1.4309725292138762,-5.03929679101516,-9.393678152525723,17.04742391838203
453,-5.258046979825449,-17.26502039281041,-13.722795486650117,17.336846149468286
711,-7.622340371994982,-13.287616658116509,-12.58457166768802,17.22483390221411
1429,6.910872577608768,-18.372508829060532,-3.7007157791612704,3.8000008179273315
389,9.701200272204876,-19.838065800832297,-13.3629094401711,1.253569364872509
1589,8.459348110693039,-8.223681252447355,3.7118499865083012,9.778876983975772
63,-4.314045156309867,-2.2327504480337477,-4.702635199632644,20.61190969176003
25,-12.970688168983962,-6.24091988725538,-0.07198205062305374,17.590396070518008
1427,6.910892827715798,-11.717290086912259,-6.798748432386031,3.8000075951826693
942,4.720612693868313,-9.361148316863233,-11.706978462128092,11.124582252015514
1313,-12.007969123663917,-18.45223971808116,-3.0767619960226034,4.01438052952947
853,-15.991266685742081,-11.073621949195655,0.6169934911634607,24.16075957059165
1097,13.411160219320372,-11.198604404514072,2.2822350568605407,15.441375327502113
987,-12.481706903765335,-11.095164991081486,2.6175869233616305,14.942200163344534
692,5.793102100080473,-1.6789354979740077,-1.9448127774225452,19.56670798914923
1814,-9.062586555326185,-20.845264241936537,-11.199038003158751,10.209724684147295
1283,3.110878275001226,-15.131337484113212,-7.575312290555358,3.7999998549744785
228,-10.291604582509322,-14.821721184206467,-12.217137766714346,4.737621588842258
400,-17.382077720998772,-16.81242369136434,-4.473654318842875,5.674867164114434
1281,3.11086920602673,-19.627514298022255,-3.783863501330908,3.8000012940776733
1283,3.11087423602264,-17.138497378465157,-5.393023613777709,3.8000004654670687
86,-1.2469026213426713,-1.4463378527383828,-4.137292553064328,20.756148443294535
483,2.782023769919252,-5.391641564259576,-9.538966090086001,7.446694589489224
731,-11.263134876303695,-9.012223982613982,-8.584661870760652,3.990722609132983
1422,8.722315232534985,-17.247718850979883,-7.945088867649773,5.088561464919181
456,-7.611865834004421,-17.657627872914027,-13.485682426938236,17.355470549093454
455,-7.248544637367178,-17.433389027047458,-13.52001231888542,17.21931059380412
1427,6.910870750659429,-19.876697720024584,-1.1461227409439492,3.8000019999228485
1873,7.1251305007320616,-6.3530850165339805,3.87437923147693,19.238430362701155
744,-0.742943356095993,-7.27691369750457,-11.016497487337148,16.664292624784373
1811,-10.732980289044253,-20.874150308738713,-8.184361920607284,12.904780847194315
1059,7.305590578558269,-17.39241750552382,3.4104519374104276,4.00157174047066
878,16.796890526856732,-13.69087756488785,-1.4502313988764217,21.139275463739903
870,-7.476729871375673,-8.16458509358585,-10.358047327318138,12.39251226493463
240,-4.27992655558179,-0.7296923175293571,-0.43469288332458167,13.860461007635893
1752,1.5325613754611798,-20.97906675945771,2.757982041608301,17.729761417768454
783,8.71551168138597,-16.51102458436334,-13.09646205885513,5.130311315929247
1426,6.910891378272409,-12.263550308570784,-6.663173052008316,3.8000072539098104
8,-15.367618478680328,-15.397193794509846,-8.576896592491401,4.595118886832944
1592,-4.5204176064799615,-8.457474532030687,3.610710173309947,11.916807329157137
1219,-7.0891277028576525,-19.202016846152155,-3.1789847591113713,3.1499989978364207
1287,1.3149899480724916,-20.6797566290045,-7.170844684296187,5.238400348245339
1291,1.7729904867191473,-15.854903482046286,-0.5744492532253059,3.9999932393559323
381,6.538951456132075,-16.4453003749212,-13.456757788647367,17.159770729684567
586,13.441652710077893,-7.612397613333044,-2.445625248981532,4.640723442732081
1335,7.475780531546786,-20.557639076594562,-0.6314421406285144,3.881036609081298
913,-3.697623481737991,-8.873837016617223,-11.63778504426389,4.480419432442593
1831,-1.1964874651999258,-5.394183317268681,4.1661549214188405,19.175004181259386
376,0.9297098363769678,-0.14308467833710695,-0.3445655145633519,13.069076208323667
1424,7.56125503258391,-15.83201353804594,-8.193933392734728,4.889537539285589
1638,5.203592078929011,-3.915327811986704,2.8955227293755055,20.080301523164714
991,5.900916656096008,-12.334709736991385,3.4594710516753224,16.049278345087256
1274,-2.9387329329381213,-12.402037310017816,-0.5413514237014561,3.9999932233648297
998,-15.91731527595865,-19.38415851778788,-2.159858787507934,4.011517040089275
582,11.763563947907851,-6.005985140063887,-3.2336470660108225,6.2679924697103635
407,17.461918519911727,-16.660519277274602,-3.775569466872905,0.8697678988984727
1219,-7.089119592798781,-13.863105483832618,-7.882284317522026,13.999999840037388
491,12.484802127590953,-14.628218997585357,-11.0468494656361,4.517860961409539
1453,-5.873791223201145,-5.236069822720538,3.563742512014221,10.943070539617299
777,3.7752933153171733,-14.307111151787254,-13.343248408548984,8.309537232830856
1567,8.144361183240862,-2.6310895536071297,0.7585146496078938,23.302691676650728
977,-14.969971397136677,-16.449376445886266,0.9242017112959615,4.090414346736664
1183,16.06183692496624,-18.25549975633401,-4.762864795309542,4.003625143351572
1053,10.979470670510377,-13.141005061206512,-5.5017711857585105,4.0155426018788845
820,-12.793751548881716,-8.132815553013508,-5.388649114095479,3.998849600024748
1161,-6.062795718517966,-20.314811300270243,-12.480502341026053,15.909921793135407
678,10.328770111530636,-8.39362306506804,-8.857253582692287,4.0042183010807895
1325,-2.389118893284129,-14.30958443839967,-5.92065150989748,3.9499987652943402
900,9.76524589568687,-3.659450390377107,-1.2683701249085029,19.953157460190933
1436,-8.909257490423016,-10.285416137551525,-1.7430430921761606,7.078792178199177
1698,14.0535126016218,-20.885493960530997,-7.005734442695847,9.951249816452226
1058,7.665810544770189,-19.427119489689233,3.369283735565183,3.9937155385952154
1752,3.368879887861616,-20.96287493708056,1.068669276950421,19.507654508314655
1427,6.910880155404187,-14.400857085645434,-1.1550173559690884,3.8000002698378337
223,-12.848894415439956,-13.077720751954422,-10.076668043237152,4.005963008907878
1484,-13.36672696861687,-9.330485151621588,2.7347809261996834,4.935230914139328
1730,-15.329907111883074,-20.90223873067468,-5.253164998495585,8.945971318993745
1504,3.1179629010001357,-4.186756184584356,3.4169862902118324,18.874267984299745
1718,7.903243516161217,-20.86513594862859,-9.12848539750516,14.128749977183412
140,12.166957171953946,-8.84330818854689,-7.420753271140174,4.002667355231894
991,6.027269575703923,-19.210680571420024,3.3935605076822615,17.257140607177128
1849,-8.768908318791983,-3.150448704751165,0.9845263169431334,13.245435016228347
1389,10.594645698706003,-15.5031371854559,-7.209714927964711,4.553053869668636
1699,0.19337803934617825,-20.90817307418925,-4.637344915352972,19.392965116732626
741,-3.737030800881688,-7.574508261619386,-10.955838447753758,5.3418898333714395
991,5.961724280791037,-15.513152383157454,3.429003661853069,16.782382944678332
514,3.6611062673764536,-3.130301787193112,-6.738435528829989,8.561317550595025
97,-9.542655176332994,-5.772158892375986,-6.530378940897742,10.320585682301905
1752,1.9207412600068072,-20.96106095436936,0.8797527867449648,19.906072885010047
984,-11.085870163202348,-16.927110673825446,2.917994076990424,4.0061063640681285
1270,-4.1163062342529955,-20.657328823941228,-2.34238849169489,4.2041854038241535
19,-7.948123122287266,-4.168778868867186,-5.531543417675385,8.361764969509721
1281,3.1108709343787817,-18.800199033005732,-1.4226880345247923,3.8000020580981873
446,-16.30494512026605,-16.007444867457636,-2.3613429999415754,3.0834375628907744
626,0.22770611886045247,-1.2196243344471205,-3.6755929628459305,20.57385385993989
1277,-3.939120464319984,-14.137036288918043,-6.12984659610238,3.149999616657008
1752,-6.321704372287373,-20.98004712007566,2.8618493455120024,16.47120879080702
1711,-1.078133476279361,-20.884997519464783,-7.055134188755526,18.02981292879499
1751,-2.1647420529908254,-20.86765201619854,-8.86469618253206,16.469606223305835
85,-1.0919790781708225,-1.6220868662820767,-4.571296155379435,19.48595676572002
984,-10.207236687425075,-15.875175822032855,3.076997786755206,3.9935001271159947
1324,-2.3891157547332154,-12.400863875783802,-1.6848000972019455,3.949998836342429
1335,7.324348120000614,-13.813724579980551,-0.5571342910563057,4.000926568383491
1268,-11.508842020541413,-15.968276093019401,-6.55721105386116,4.512875100561285
1779,-5.019840746999466,-20.544365062329565,-12.324535428622784,22.452591980820547
1739,7.6114990802619165,-20.97104632658366,1.919963440867837,17.236268930709407
176,14.084570957021295,-14.88051126706321,-9.875158211413545,4.452073154630866
1324,-2.3891287287813636,-20.101626653328324,-0.9920383201103659,3.9499988492346625
1291,1.7405198924095515,-18.137811083881534,-0.5963323705955544,3.999993238428645
808,-1.6784405958857875,-4.090272055303716,-8.441653160740632,17.382481274848757
1347,11.90438310606391,-15.89189865261661,-5.738744388737661,4.6454805509866
453,-4.706315905176132,-15.77327821860581,-13.539417624503557,11.393141294975663
747,2.521555360712851,-9.356984976569276,-11.961791257250542,4.798270044539815
1288,1.5090261709697055,-20.535681914646027,-1.9576421809923303,5.512793905583453
1427,6.910870242323557,-20.013402642611577,-0.9545861708708892,3.8000017658400105
1446,-11.000302937012563,-11.456824643195336,-2.885001890498264,3.992602415864933
743,-1.4221539584269072,-7.573011777462051,-11.16508528768994,16.84184174256901
1836,-4.956693359306687,-6.004716453321813,4.105731125979211,10.269547647836156
721,1.7008247119480546,-14.25748365908249,-13.414654262288419,5.877352207673447
1316,-9.299643046237508,-14.333794539703785,-0.8074428087980833,4.001210393276246
1701,-5.123129074671429,-20.959377879070033,0.7051141772149072,19.422473019919007
572,11.058243701028552,-7.382554381643735,-6.995902197547321,4.440574960894667
640,16.009110527439006,-13.237826997588344,-4.84996315060915,4.411512725662026
1427,6.910880638514563,-14.889866354983344,-2.0795018242677155,3.80000176535815
1437,-9.967193599608112,-10.286565051813849,-1.6226927936540334,6.395701402480958
862,-11.887878894731339,-8.185949413300248,-6.992879821205251,3.994336301585532
1235,-10.494096242073372,-15.35496939414423,-7.255460341170027,4.501612003813864
991,7.271107492933777,-17.742095651698676,3.4076378292365974,3.9999931877905044
986,-12.203504273060043,-10.77123277162293,2.707077134052311,14.564830930833635
493,4.080838161001342,-0.8806327488830059,-1.1338153732064953,16.46372196244687
1047,9.433478883027806,-11.261818253856827,-5.73620107422404,4.002955143555514
1405,-11.512290918548429,-13.770673690106886,-5.194076364491163,4.0066261939872865
878,17.024506118910093,-14.210857848019021,-1.1726168355013074,19.63045195957611
73,-5.960404038267265,-1.812023007125584,-2.117313929696377,17.754134737360427
164,15.35279392341355,-18.478560424863645,-10.105940418228691,5.411178423663416
852,15.408655669308104,-10.073546641617963,-0.25506292884263615,22.870029138326863
614,5.200928196270825,-6.102948712502301,-9.60151432099709,9.992531606228242
938,0.6321677804156725,-6.558746034415911,-10.596617364365946,17.206688271629993
1299,-3.5564320744184705,-16.06423765597913,-7.630832403107942,6.011799032603287
1374,11.433977098854843,-12.431541997791168,-3.3681147422356355,4.010852871003686
1514,13.195524619285417,-6.301598568150765,0.6944270215317779,7.685780435937223
1283,3.1108848277421326,-11.940690839091662,-4.2596115143666955,3.8000039862863613
1814,-9.813545349538906,-20.849642832916828,-10.742122110131664,10.424884353186872
1277,-3.9391225450948686,-15.425770352098688,-4.359542847457309,3.1500027989991426
991,-6.185080827723521,-19.616585464242103,3.3896696216616653,17.28376133826575
1884,-14.121061345980758,-20.960579171599075,0.8329068345015982,13.254820800647485
1277,-3.9391176068788445,-12.377246081673873,-7.520359811284637,3.1499998085132477
991,1.1063307896747039,-18.35531116044568,3.401759754255097,17.377960692300675
240,-4.029723384582481,-0.7479312129205863,-0.7443516550846143,14.931411417126174
1325,-2.3891138119937714,-11.278618125189263,-4.754579211132994,3.9499987844546998
1429,6.910872194671676,-18.731098071315394,-8.330453958063135,23.603966996299032
1326,-2.7448033520631374,-20.35710743333361,-7.693487599603735,4.950216178516795
1589,8.598216847882853,-8.087960538199269,3.770394985934889,9.560876073036496
1894,-10.990543606282488,-20.960469627570127,0.8198371684792767,16.34612452661327
1342,12.047165635512938,-19.827029815067164,-4.1289588764800005,4.017798736008166
239,-3.5153416426684614,-0.6520127518731281,-0.8077763209561655,15.038730829366415
744,-0.008107394684120531,-7.604755755487237,-11.227994472631645,16.90334324199939
1720,3.8510384091749916,-20.866583668760285,-8.976811990251516,16.046031927743083
1350,11.481930714401896,-20.147238055052238,-6.605086397523831,4.024047086732317
1092,15.291572365862148,-17.35634477864266,0.27548283449247507,4.432481818360303
110,-6.866648058860275,-3.1137295531198417,-4.507502902386898,8.494833024820778
1426,6.910888010744603,-13.302577823286615,-6.347187566076097,3.8000059930626775
947,9.167436718155022,-15.326812463772777,-12.720606776321542,4.874892451284262
377,10.272999903003782,-19.525114269995118,-13.15279792787673,5.467143358661749
474,-6.653687386214935,-19.05727609651957,-13.8051983833194,16.97837697523578
622,1.5800542858818223,-2.222699931417607,-5.75739417022768,19.527743592789133
1429,6.910872880905138,-18.237403864807852,-5.433211745092985,3.8000008802607717
1281,3.110883094719889,-12.819180347631477,-1.5217354775606433,3.8000002978731757
1739,7.7441043847128865,-20.960723760607838,0.8430433426108593,18.291266785280897
1346,11.950500028599905,-19.736911241167284,-5.4359446024309435,4.027282099742425
596,13.614541985498288,-9.609495804572026,-6.0319844310493185,4.0152752554947435
398,-15.895770527462547,-19.58254830265578,-9.901454680406735,0.09627036406239523
1432,-7.925448897483614,-10.258685903863338,-4.531288963871097,6.6148993921007655
367,-13.72405350068927,-15.71542305117276,-10.565731661393775,4.721311311434651
1429,6.910873777734828,-17.759243439665923,-7.7037867497277865,13.999999133757562
1320,-11.546719945755799,-20.568617094550657,-1.3703489358664458,3.8587643552309214
1547,-4.954296959750153,-2.7226631701565904,2.0737901849354015,11.242001621257787
1429,6.910876535265565,-16.03946576336376,-5.636501406768108,3.8000000691243034
1737,3.7311669507787277,-20.93718155468618,-1.6117107159805284,20.06968240855412
1299,-3.7187281651635873,-16.050636045606264,-7.626401750718138,6.00357406035231
397,-15.497780194899097,-19.6049357116623,-10.318206919668503,0.2963415649955118
1889,-7.335763547864054,-20.972212209751564,2.044708437634826,17.235812596662292
975,-14.262722534195973,-12.529485737191166,1.7298801525774534,4.090515905225352
992,-1.9966720374389855,-11.507379550731368,3.4674014252642325,16.168314096321435
1324,-2.3891251241550666,-17.983815495367665,-3.2713651613498387,3.949998810504163
1699,0.2537546492426911,-20.89774510855773,-5.725201205668579,18.866207655220386
1429,6.910868452932768,-20.890480005164,-4.818639867832461,3.36596394671845
1281,3.1108728610381915,-17.81720286082948,-5.128895476310512,3.8000007028054097
1322,-2.0396213346931877,-20.779420813199952,-7.585198828608914,5.091846306700123
157,10.848708948829307,-15.624338010647714,-12.210186416223953,4.89933246392347
59,-11.697759807733268,-6.058878129116215,-3.5643925722373617,6.396913669824824
165,15.598707868172689,-17.580675993776122,-9.463678316705693,5.239935472096177
1544,-0.8976154657462917,-1.491508297268438,1.5448238928697908,20.75184556651964
1324,-2.3891278959685183,-19.655496082181696,-5.66639932990987,3.9499987704275736
1281,3.1108759069185474,-16.33291494394054,-3.71227071893017,3.800004591076085
1221,-7.089114350996756,-11.50578969897922,-1.3119345393362492,3.149998267300036
1887,10.261150964431947,-19.131825050131017,3.043490204042941,3.991519787211887
59,-11.624436888242338,-6.0606351592346295,-3.7263078448958002,6.391885823136066
1422,8.641589212971075,-14.774219367522509,-7.9422724353086505,4.576937624840401
310,15.661593734780192,-18.888042276488783,-7.523776017677264,3.027692426531309
620,1.3124997620191787,-2.7519461005829835,-6.697668573506071,18.824503818838657
1457,14.004085917451253,-9.814348112060538,2.507842917636925,5.031927543673911
1221,-7.089122924226744,-16.545937545311055,-1.2112876158304964,3.1499985957614727
992,-3.514042836823317,-16.64499020681815,3.4181542391595534,3.9999932964198632
1610,16.29025111713022,-12.247942893021069,1.3625900411338165,0.8633424297252656
1273,-3.4212473502356144,-19.108984884334816,-0.6056417692277976,3.9999933071360028
1278,-3.939114549281077,-10.522836125812265,-6.019491616634451,3.149998206171017
1118,13.858848738972629,-20.878053019046057,1.438949404279192,5.835525471935956
711,-8.226597797405212,-13.741207620014805,-12.548785614453877,17.18172160810716
103,-6.926695517876695,-1.5923005701752189,-0.02444085133083393,12.820731437871743
1219,-7.089129612788263,-20.495241638994543,-3.1832977830191087,3.1268372326133917
1732,-13.180541153209823,-20.890806395755117,-6.44683612241692,11.668454048438928
39,-16.65699032460618,-16.77537264169537,-7.039220921644238,5.227229874696636
1221,-7.089112416385814,-10.358850822988382,-2.3354411056793944,3.149998193180432
883,16.381885388015686,-14.20926245002492,-5.0056566016099895,4.681970071302257
240,-4.344956357736916,-0.7033696145424376,-0.2834761724649836,13.338057888857088
324,16.222368094888456,-16.436594064650162,-2.958317212789585,3.3915770698196526
1299,-3.1542511260085346,-15.003814318103096,-7.631323912034894,5.870705882480735
866,-10.11042006527938,-8.355677342943718,-9.000707096789622,4.007025273133653
1316,-9.118222255065099,-15.369449606458172,-0.7884528783639695,4.002806337912323
1296,3.067225974359243,-13.015111210384728,-7.619068353443104,5.468953905412725
1325,-2.3891148647626332,-11.879079095709447,-2.352860315885919,3.9499988250062956
494,4.628313700278493,-1.064390818721997,-1.201620546536183,16.055430565570674
532,3.780598574975862,-1.7433301650634165,-3.920929229433069,21.17566774156304
992,-4.349086987416892,-9.518596295075739,3.4864650933798584,15.259280631782781
1720,5.534791092567396,-20.869820268996786,-8.639418084441854,15.820518271807124
1283,3.1108833232642104,-12.655794967964122,-6.841633753753598,3.8000063517082325
1283,3.110876844233757,-15.848558245489315,-6.154977565624596,3.8000000313413125
339,7.022191257729536,-20.089883345493437,-12.724500785939702,4.83271990785442
298,-16.496766424268507,-18.908025027874835,-7.576169601176748,1.359249627413535
1229,-8.903958249532229,-16.44684779057099,-7.867717089105501,4.95308088566146
847,12.754557329484062,-6.07148024062611,-0.20580440157804114,17.564042810348337
1705,8.152639568058554,-20.847880260717524,-10.928417515226654,11.434379118738722
1739,7.449458009485371,-20.955220918061354,0.26907924021776947,18.953222631065465
767,-5.495879921085389,-11.172515171508081,-12.319733185565603,12.26371846040989
991,2.050603513030377,-14.615136109168295,3.4376117081556767,3.999993234392584
1585,-1.1000682138059377,-7.533068547634473,4.005490528820441,11.855509723494151
604,3.272820625882605,-2.0550672528377696,-4.879555906036878,9.13972186813636
991,-2.793208398768176,-17.060319839345986,3.414173058354132,3.9999932908259512
1334,11.357559545094704,-13.496168605241978,-1.243480541648118,3.997761270624006
981,-15.545809045544852,-17.83763810224656,-0.2791790679304358,4.020576851215047
1875,9.446189474794796,-13.684493454353749,3.234190194070834,3.9956521414577995
897,7.134642923707336,-1.6334685040103785,0.14027353804032808,12.816143169275334
182,-16.995331289083307,-16.111731581583605,-5.248448026010287,5.413987530259057
1272,-3.9459290422579567,-20.806401738180067,-0.3150904828565992,5.222927519995471
985,-11.305943266257726,-10.738798089158706,2.928902243650121,4.001580125105837
1427,6.9108876082175845,-11.211067721894562,-2.541040929649868,3.800001263300346
1752,-5.958982875382891,-20.97626903474992,2.467690511738707,17.179553743915395
1721,6.304292396783831,-20.931971606736518,-2.1557496850232427,19.015917878644235
1125,15.535186557261252,-20.753922634571612,-1.7528569702297518,5.048981009118516
423,2.0735033561201806,-17.427738298568876,-13.896633638794077,6.241864969279061
177,15.578238901048321,-17.716100229091715,-9.544902591659376,5.272948010683665
240,-4.559452194018903,-0.9550392355964268,-0.8940795964242783,15.442665950821182
782,-3.137981279927036,-10.428987954946221,-12.31944957085025,5.0217007632229596
1436,-9.443057350837712,-10.271251589416524,-3.2207530722557305,6.200671158706236
112,-6.180828414938807,-3.1956087307872463,-5.3547789816675015,8.63371876193163
255,-1.9620317368629703,-20.144125732753878,-13.452599522834795,3.888551574817125
1429,6.910868535170258,-20.795430994318203,-3.1702406418128275,3.4768085207656867
1585,-6.060547185802962,-7.394445282107767,4.066835333239741,10.495374076167103
485,8.679945971826681,-8.336855137337821,-9.874926057675339,3.968630192645138
1281,3.110870521476559,-18.990173981809157,-2.7869435569857277,3.800000989998094
983,-10.308607814701645,-13.04027161095387,3.089653731548423,3.996561838263596
1274,-3.193651315045498,-11.82542079068891,-0.5358241939337608,3.999993213002118
567,13.907649892304184,-9.636935654413476,-5.410642115839055,4.010209770304644
1283,3.110887225333702,-10.757834995632763,-4.655674820105181,3.8000041837995306
323,16.5783295028085,-16.94572331207188,-3.702049890101857,2.473838329380432
1325,-2.3891124118931693,-10.453823563553126,-5.428599941485806,3.9499987729700488
1221,-7.089113562078286,-11.023826593941678,-3.215991775813167,3.149998237074788
1093,15.210721017192604,-20.32576911594697,0.4200173017318309,4.216184695620096
1098,13.719716039641979,-12.326581878062505,2.0985656121010754,3.984673428223947
86,-0.7850318001069413,-1.355365150753625,-3.9602644592619893,20.69116869594506
390,-0.9471680178196037,-14.9652676820277,-13.553011362744522,17.142454875873735
1389,10.3425700815811,-14.797224130767525,-7.324747270366479,4.354150132929966
108,-7.9264240565737945,-2.9469431850128904,-2.626155595093735,20.528838122152518
992,-0.9302590719872321,-10.030131753039536,3.4815617735186506,15.70502186692208
1017,-15.40839724877307,-19.277352290978943,-7.8299013314331525,3.9987522516695946
969,-13.158879503440218,-20.161898371239108,-10.380242836920967,4.009662041858772
763,-9.219347541455459,-12.853932583786975,-11.983178047672586,4.329984256328143
946,7.972463705434737,-14.285755875756402,-12.776670406580042,17.420423049653685
1342,12.061057481561777,-17.64170832229592,-4.258040338468603,4.007220790004655
455,-7.143542439580993,-16.716217817784635,-13.425060577208756,17.129731498128375
411,17.320428934998546,-17.379170551516737,-5.523135027394752,5.607756567883814
1336,8.048174188596628,-19.87723732065582,-0.6614425059357439,3.9928687348013208
1283,3.1108852776552087,-11.71573922960124,-4.64546623857528,3.8000044739078223
1324,-2.3891250964182285,-17.981747827570878,-4.656010654158749,3.9499987871805167
1362,6.964369377267847,-11.491620043941799,-7.630328306146256,3.9791622501747677
1325,-2.3891160043551762,-12.602554502331264,-6.8145067151226675,3.9499987499664284
478,-3.140663230378583,-17.67334747526658,-13.896412582365429,6.260030042530901
705,-11.855330342144418,-13.091352614283196,-10.807367757276062,4.166424733386038
1428,6.91088910826203,-10.504973088199783,-6.073876513982387,3.8000013966882795
1221,-7.08912449997013,-17.475436804134397,-0.8662959404795072,3.1499986561320346
1328,7.466839955278869,-12.940858503986469,-8.129927507605784,3.992669099651189
1537,-12.39159402478765,-5.879344468225957,1.0657820214014466,7.305334381794451
122,11.542652576912657,-9.124542118410247,-8.437476646405745,4.005748946758965
881,16.721176870967223,-14.468332676073478,-3.8027377428617686,5.08849330363196
1715,10.558161529396777,-20.871089519650578,-8.507598740793558,12.771890123155398
1093,15.191390997795828,-19.048104678093093,0.47470344078710186,4.267480660084794
457,-9.028080116031221,-18.560837459048955,-13.353565481916224,5.3666582041054625
165,15.036652349062289,-16.745747404659866,-9.768391992964567,5.054839833725651
1281,3.110873057152425,-17.757868334828714,-1.2576586153148108,3.8000014871420174
802,-7.419510341562454,-5.8383960970994915,-8.388222525591189,10.451620539641667
1427,6.910884944255339,-11.249337951483525,-0.7238046302869316,3.799998641737923
1646,-1.3538232572258442,-3.313784232357823,2.9774330427837388,20.00886655756034
1745,11.900284334707798,-20.968270940716664,1.6298421762990047,14.76881404324953
991,-2.272169254671905,-17.465828651585614,3.4102860003119777,17.284912105541938
995,-1.5081401184649943,-20.711100884617654,3.1508855195647985,19.683891918592167
992,-2.11267220980476,-14.100196834973765,3.4425476745281687,16.7797134151473
1577,11.766203524119486,-9.596839808409408,3.057161342180634,7.411045806493489
1699,0.46415185582594365,-20.91540179710292,-3.8832165712661264,19.676093770429357
1427,6.910874884829738,-17.04844796492838,-0.6448192965949207,3.8000003731371454
104,-11.470473619466276,-5.511555431311113,-2.624341560186928,6.50524123936547
1706,14.952255761952175,-20.918680781246294,-3.544087591673934,10.585474089460549
303,15.491317041425685,-19.473577990393007,-9.352321951309325,1.5323253817061138
1310,-11.978128565082285,-16.04424940049573,-5.3636930945790935,4.808310344195818
1219,-7.089120671306265,-14.541654994783913,-6.2831122914805775,3.1499995425688834
1430,-7.88987705708499,-14.319393766303994,-0.5980629934382226,4.002438825693101
1217,-7.089119920284624,-13.027172083731898,-5.492003966119325,3.1500012820143315
1316,-9.809628839490184,-16.77750023317769,-0.912153977976906,3.991239485028915
498,7.06807344030865,-3.311446311662963,-4.746912197521071,10.341597712097245
1316,-10.034809545379215,-20.2022203323107,-0.9808728629715042,3.9901852465938963
899,8.704740946582806,-2.55753988647478,0.06652723912618624,13.31646503639235
1388,9.94586995465659,-15.367912852785455,-7.5125091356413805,4.587774917546256
1325,-2.3891167230883337,-13.005132580577758,-4.4675605702606145,3.9499987895635997
1750,5.198966064598245,-20.955915615382395,0.34229033064863107,19.726548228608163
1350,11.353658822337954,-19.24021333604201,-6.703065611372224,5.395511757525463
101,-10.039593120695049,-4.371419309039779,-2.7856490679737593,21.138518993944363
1721,6.761491150697339,-20.935670100990144,-1.7700144951667593,18.934454810046397
114,-5.810567860400338,-3.85478342963003,-6.804488018868307,8.14738042599359
1910,9.460792618018477,-6.561894635548862,3.3034660832282308,8.816666039700962
1219,-7.089127126867217,-18.93243158642895,-6.907184664973807,3.149998804453118
780,-15.661046076096605,-11.150852777688904,-2.085576058326346,4.327137716715659
1096,14.539535779604439,-15.747950796009382,1.4237493077818955,4.113593354048806
479,-1.9076799421452046,-18.398719089458258,-13.991246128841947,17.455212622013896
1558,-11.265850093249448,-5.357430372131076,1.5230487133646324,8.429272003162042
168,15.445263297565557,-15.656109836504356,-8.623225143572348,4.69460774791271
1325,-2.3891196112032236,-14.734472684794873,-5.763795228595572,3.9499987680040682
1698,14.914138974932424,-20.88794050048495,-6.750965702064539,8.66609525458744
1798,-14.650263451838065,-20.475179858668827,1.2731382163394878,5.896942276067346
106,-9.199824923004861,-3.365643209934929,-1.62461962044771,19.580655748920314
1219,-7.089121409402071,-15.069028079198556,-7.139696102658352,3.149999404378878
986,-11.496689277689327,-19.831664100077276,2.7831475884883945,3.992290064019341
1399,-10.63229700590038,-14.616724284448791,-7.109478758140867,3.9976643902994007
15,-8.113763135029789,-3.3291913084605147,-3.3780402331839845,8.50428138480629
698,-14.769512899783042,-12.351553945277205,-7.106054705671068,4.00674581461697
1334,11.42965807854203,-13.55340472133705,-1.2663344968291979,3.9976459706543945
1332,10.274181091889854,-17.911665159654707,-1.0100697742158842,4.005306942027557
1227,-7.679550575449683,-15.817802125281535,-8.175112378299893,4.8747475701268375
507,9.004427130974712,-7.7827407276368765,-9.266149084743734,4.023629596070312
1704,-5.513486965719938,-20.896386038968355,-5.8663445303872885,17.807608523280663
580,10.358405040583339,-4.5889075535787685,-2.6874137175664545,22.01340932887198
1727,-6.1390347945228365,-20.847682643946897,-10.947350398074107,12.6068931267084
1749,-14.120258927796163,-20.869770841168375,-8.640997117622744,8.065115650246156
1753,2.824633998292867,-20.953861375504946,0.12855107612128597,20.443491562653215
420,-2.7613560451110115,-17.182844213857006,-13.842776036153145,6.234291027171125
1685,12.553664125697372,-7.816722462426826,2.47440365928587,5.701890388410655
992,-6.549948167480128,-16.200851480614595,3.4224115268515822,16.818852724380044
1284,2.397947901331696,-12.8483518276722,-7.627147290371139,5.452875063168065
714,-5.011843494644644,-11.662237120860041,-12.554378088575495,9.991199235224908
0,1.560884406889218,-11.61361437286376,-2.1335656597841512,3.949998828658094
1000,-15.582096828035736,-19.630614647073582,-0.41615425506783355,4.183984666176655
0,1.5608856963010656,-10.847547063111474,-2.267432174094174,3.949998826281508
979,-15.432323564406696,-16.301045625022827,0.04650204012897001,4.031315618385638
1320,-11.371108674467429,-17.76910484249082,-1.289806897161507,3.9892874021159552
1290,2.211686936116443,-20.87371147829998,-0.24906473446203145,5.128645376649285
1099,13.775152224157903,-18.75385355638896,1.9748714915060317,4.180632940537924
1586,10.641984885996353,-8.892875265191597,3.408113326141172,8.227460884229638
1234,-10.603977822702623,-19.046628400749526,-7.221970219219283,5.349755409994179
468,6.003094508966322,-20.057704896830607,-13.970477055955831,0.6843688991249534
1708,2.6074500485555174,-20.83633883325866,-12.132590236969069,11.317273707732753
432,-9.812306396541475,-18.644773975195736,-13.147027737822048,5.3624448445461015
1295,1.560875232540525,-17.06584869528758,-5.0689884983232,3.949998780078491
971,-13.55140437973064,-20.41009387031782,2.074604376370334,3.9604017649988315
1585,-6.416318714358603,-7.9126343456874055,3.8449230327806894,10.768143525482868
1388,9.534604382793951,-19.606842749589397,-7.693741379353328,5.449139867752199
922,5.496584154647617,-15.009770939324769,-13.345941550049226,17.204406632198804
1067,8.415032599626597,-10.27430919127585,-2.9039449631441214,6.957782951237996
1648,-4.762513372683503,-4.29120831773948,3.228533916886684,10.678661433901286
1099,13.805167012252461,-14.001871344715537,2.023087415694381,4.2212913281802065
1886,-13.813460903922735,-20.94337544560201,-0.9620783822059213,13.370013022889744
559,15.09741880595822,-10.39948915031006,-2.9837252508580585,4.0020699362113685
531,3.3309986041031796,-1.360615521202997,-3.086566753120238,19.340669926588173
622,1.5459463461444956,-2.2601367720140866,-5.831580279723671,19.682533304137447
1278,-3.939120291087233,-14.073895161580918,-1.671249620887855,3.149998434917159
1295,1.5608791546376164,-14.736115542641883,-6.648348017292854,3.949998753104699
36,-12.903170315074563,-15.428261188623944,-11.07008863350303,4.757569961128572
659,14.56452029952707,-18.960211233609087,-10.980830263237088,5.481118287283465
90,-3.304029699024584,-3.6858612768928793,-7.6283381288863845,18.342952396187595
694,3.028652034230996,-14.689500491421846,-13.457810565620635,5.936796937348031
1929,11.488011027770671,-19.36788020306266,2.806162237912468,4.01668432610254
457,-8.733474064285891,-17.82476371237851,-13.297733747243761,5.260190172931268
1737,6.594422565309126,-20.94289079248493,-1.0167037629434403,19.251756209196948
314,14.78412260672126,-19.609584466853484,-9.866909192906931,2.0633009932149458
1750,5.281323410945975,-20.963317302878075,1.1143632453167434,19.002420173210204
796,-11.236364389490403,-7.1718755226130115,-6.493879688400789,4.553247102892846
1304,-11.81956960210948,-15.401366641154539,-6.024822264688627,4.3692420105652445
992,-4.792620806316574,-11.731092996496688,3.4652569434260134,16.02083442081981
1336,7.781841020510731,-15.335274988164578,-0.6009105760154989,4.000727226516399
1344,12.039349915205067,-16.33128047019576,-3.426558608031818,5.427052520008595
1277,-3.9391241574327753,-16.410676649700832,-4.4170168177398725,3.1499993634748
1192,15.942879560809786,-16.95630047160684,-2.2571468583619683,4.009760644867658
723,16.606816008593025,-15.342101431025224,-1.5473599794979804,2.0446083842487273
1292,2.281513900855654,-10.783131595530072,-0.5258330924658124,3.9999931941952025
1281,3.1108690853481633,-19.65640909569437,-6.960608785563873,3.8000015121300397
912,-3.962127847868892,-9.20738080685994,-11.75801461605775,4.6428327129027664
713,-6.887213523328794,-13.685494925888053,-12.838549889447773,17.149977833260355
1276,-3.6551892294990704,-10.232560876642474,-7.258056254471821,6.815758669962576
1094,15.087636268199724,-13.882787942678593,0.77899559427721,4.087662488932498
230,-8.495902125038782,-15.319739325350305,-12.885147224529538,4.895563444272444
991,6.115340661099152,-17.405261334879555,3.4108665970957093,17.038101636591687
1702,-6.388506066943664,-20.96108515850743,0.8835665537199517,18.830748116861088
1316,-9.27795065340158,-16.203643443171163,-0.8219082612401085,3.996556865449718
231,-8.448966813243421,-16.40996621255631,-13.132913523657873,5.104990277632081
434,-11.542454581321119,-18.218201624522127,-12.530493195635604,5.280424039023544
4,-16.392927062665017,-15.874749686462982,-6.933189262912105,4.918804965614172
715,-4.187567037995882,-12.554358448125804,-12.899017457704872,5.526231644624518
1284,2.485027831197126,-13.284027079465783,-7.6300643511664745,5.540394711007683
548,10.33820512480045,-5.765841644615946,-5.45510122489307,11.727310791012481
902,10.738835703222675,-4.272086552381525,-0.7584146664900184,18.471419736903595
1841,1.645865911977927,-6.154046748600781,4.496654069484293,19.6575960331325
110,-6.064279760264536,-2.623857946542362,-4.223589888765637,9.080462380983708
1100,14.151527482551185,-12.11253324736318,1.8194252949249705,4.003274879991375
1277,-3.9391285147724444,-19.045060994658694,-7.42276738790104,3.149998753859797
474,-6.217148257292366,-18.344366950165067,-13.77437801817089,17.355775125282623
1713,12.414438277277732,-20.854645220652856,-10.223679954580213,8.315787556150676
1809,-15.14731390064691,-20.427148399293458,-8.22602570138061,5.576076245993015
1259,-7.381611918221097,-11.607705148650101,-7.513678860311561,3.9809109916274115
904,-3.3173946218138717,-6.042629321397815,-9.992683392681354,7.283438723236756
420,-1.9221595891301235,-17.199631057176962,-13.869219433806787,17.446636458939974
190,-13.963690545180219,-13.84345618547216,-9.43670015763118,4.129053008320545
712,-7.131426794509369,-13.535125480380978,-12.750850368063945,17.081445601600404
1701,-5.555468388018311,-20.969744761499737,1.7867866253285956,18.196183229549636
1530,-6.126021833312193,-1.335142847844884,0.3022043179803421,21.65870106165253
549,11.0846129058665,-5.942488795546827,-4.470211149752979,6.103431898326425
591,15.40105423459834,-10.565402195440008,-1.8550555645408955,22.782347095335123
1278,-3.9391287427717616,-19.246930180925926,-0.9007862847743533,3.149998771621818
991,-0.4584020530230195,-16.93271515437349,3.4153962359825143,17.234083240102414
426,4.805288590976797,-18.86118695757815,-13.933326449384914,17.31433736555668
1424,6.971109967807084,-15.997246215708563,-8.302296360375786,4.942489850523504
1325,-2.389118861907317,-14.296894767886851,-6.492488775411324,3.949998755660152
979,-15.291959301728633,-19.866092575061142,0.2567935125807014,3.991857697556261
648,15.917140855609054,-15.300907461247075,-7.522897497649745,4.685482799161291
1358,9.184786808380967,-15.049299032446914,-7.791987917750776,4.557984771329848
1273,-3.4473964339971763,-19.050409650739528,-0.6050802894055699,3.999993308038426
1280,3.253259430124233,-20.619151880370463,-2.696948584364881,5.172634542707816
489,11.33661240736271,-11.802947544034621,-10.502273464769406,4.010578467866255
1093,15.441434032733763,-18.235737022517046,-0.06641338771555289,4.021784776094557
521,6.941861929314969,-7.005762723895987,-9.709533224434264,16.957982849734595
983,-10.570988235698453,-10.940015460069585,3.06777635357623,3.996376452576197
813,8.15952516399085,-12.280684550588857,-12.108537113814782,4.260107023292724
477,-4.507544424517725,-19.254766343149193,-13.99420659325856,12.010267266679977
1327,-11.84879111468728,-12.674461526927383,-2.298983275221322,3.9886883528001835
794,-12.258131261993462,-7.246631860677733,-4.843534399733045,4.573589533753926
1120,-11.17971674151975,-20.577177906198575,-11.113987101721346,5.174219454042551
1852,-4.2503256935260945,-1.168986224410078,0.732524901192283,22.22610073281863
423,2.177030126750571,-18.23419992968995,-13.969614487217275,6.308837256386372
1427,6.91088417654107,-14.254181918182624,-3.7914061200234195,3.8000040441028538
1753,2.9406503509697552,-20.95123466065835,-0.14548620113428765,20.66700805354048
1737,3.598224766093871,-20.938506031846057,-1.4735120619377648,20.14082164734135
366,-7.532806379055861,-2.264894026567215,-1.280490593936973,18.495408944657544
1388,9.913826280998911,-15.829921268009745,-7.527229085656537,4.71278123927891
1834,-3.3174625252361247,-6.139382939993622,4.369529230155236,9.9552735501824
732,-10.615078810982329,-9.39714560955936,-9.45140650918626,3.9923139391114986
1313,-11.966033649707994,-17.983068504958784,-2.8368809827401362,4.013504682270399
1509,2.3557888245732177,-2.3956636039800596,2.267136916411314,22.1508812050157
984,-10.530580930092373,-16.602855094122543,3.0153488275540115,3.9904036609204816
570,14.674598731142307,-9.906716931276296,-3.547275787318945,3.996035020605143
675,9.661048328421751,-7.014900664037649,-8.034898250585119,5.080328562359414
123,10.50501046612122,-7.567340464868516,-7.853236165820773,4.412093839745401
453,-5.2223099440043494,-15.540829122390276,-13.469772058940599,17.097564413046538
1315,-8.732015641570069,-19.494693575519925,-0.7664368932397299,4.003478198526069
991,4.65409436816157,-18.359193481204517,3.4017225484659885,17.280854693807967
532,3.931784042202347,-1.392140639609805,-2.8196064484537002,19.059774544957044
834,-2.14071747560141,-4.9170121678919765,-9.224800128158666,16.934767344792878
988,-7.453612701207453,-11.341724772753933,3.4640818556144333,3.9997506526545448
1306,-12.030807842665515,-17.92461352097218,-3.304837687548319,4.001944131370541
992,1.9110796448983467,-12.76514198151327,3.455345069722296,3.99999323274046
704,-12.41806878180057,-11.666326529683841,-9.612174544276565,4.024251177451958
11,-14.11155096203827,-15.097347882078857,-9.956632644399274,4.538796444818991
986,-12.334831758854431,-18.70443419111972,2.5687311080321,3.9819166091782776
1217,-7.08911947391675,-11.367731546170603,-6.708747898506204,3.150003531627537
460,12.965784250946747,-19.695720909544956,-12.156644305629436,1.058340627915046
783,7.602829948966175,-15.143406162524183,-13.049285708721968,17.182990298811085
1221,-7.0891240396857444,-17.19465636902728,-1.9339239298649418,3.1499986384974963
1192,15.908797309465399,-17.22863050422151,-2.084772604459381,4.00016830765099
1432,-7.576443012327193,-10.278491096956303,-2.465558185497308,7.6270297187799025
983,-9.628641005457874,-16.64566731359125,3.1705520916589007,4.003552379221855
805,-4.220433911732893,-5.074474621930056,-8.96878042938663,7.272049795925816
1699,0.8075187335598817,-20.907585339531096,-4.6986181516011385,19.3287771089924
1306,-12.052211125823455,-14.126886147442008,-3.695146889368971,4.607102566602574
909,-6.714634979597228,-9.313611686522915,-11.260024072680135,12.0715979153208
1343,9.910554747986534,-16.238190158778657,-0.9201732249295121,4.000506105361204
553,12.637934034855627,-7.089540037910877,-3.628869907490942,5.199020207124508
1325,-2.3891173541754123,-13.38060118359544,-4.518998550496681,3.9499987887567634
1221,-7.089120819079029,-15.283301690478504,-3.847477861569511,3.1499985151083147
1592,5.783253970130696,-8.398278709318227,3.6358511258024437,11.46955542829263
143,13.817050871316901,-11.416081241934007,-7.797598279621337,4.00291768364014
237,-3.38761867044809,-14.805657713516789,-13.468267866258966,5.95737099730161
381,6.375055847132536,-16.21165740524723,-13.441903603594138,17.146944673744937
1277,-3.939123971227933,-16.305475955658988,-3.5190692417490768,3.150000666270651
454,-5.795456989096562,-17.27935503049445,-13.671557976451012,17.365271771607606
1452,-4.278747823889239,-4.669789797421981,3.531600497100878,12.04261942110017
1330,-9.738241601236528,-11.106982565030208,-5.154887506529436,4.005731487468617
1357,12.025457951109935,-15.390519813695583,-3.1567572557247585,5.228364755223542
219,-14.686889391171864,-13.240115438417446,-8.07578309457146,3.9999396973397765
165,15.380528641431603,-16.82125636500597,-9.363132181629195,4.985497446716899
1076,11.019491855375753,-11.12221509166894,-2.069818440068934,3.99634783178726
1278,-3.93912451086712,-16.650187434217123,-1.9661946602164826,3.1499986030280254
1373,9.063234324450685,-15.027757535572709,-0.7604823812157171,3.991030502580578
1278,-3.9391154678223583,-11.090546412702832,-5.362255767496798,3.1499982427645192
736,-8.016618010597153,-9.138346283255547,-10.715120951215834,11.605412152645668
382,4.373058451745773,-16.859216438329728,-13.72075963765421,17.336304149966097
1291,2.013725548285866,-15.561553312416756,-0.5716373002019511,3.999993234475921
1429,6.910875784771651,-16.542844623605014,-7.479891775558373,3.8000003781720406
1737,4.643047898722301,-20.916896005524173,-3.728115206111398,19.043943268550592
32,-12.193450988596506,-18.545435226949454,-12.314786161937478,5.436315662907806
1136,15.12889189099121,-20.680288268040876,-7.741965657232335,5.2490160648558435
81,-0.8350248309492492,-2.7745963412071326,-6.7765102466614415,18.944051584371444
28,-11.708220273113069,-5.9881904382744215,-3.34120995167513,6.295293290915583
823,-11.43030366369527,-7.936163541454681,-7.2824399405103675,4.002286385771388
983,-10.126459744287047,-11.372693176099201,3.1460103503046546,4.007764106462379
991,4.7676901638982585,-16.975094898137073,3.414990012086207,17.10331834462518
991,4.40630676508239,-19.10031715978821,3.3946184070414054,17.35525218494152
562,11.681013414757182,-7.501054154786315,-6.3647793956873295,4.357700012939067
1429,6.910878742176985,-14.748021333404342,-7.061595857566246,3.799999677689658
991,-0.4947108780654337,-15.478920453426584,3.4293317807570403,17.03720622988868
0,1.560886630613976,-10.2944624398487,-7.389038531213571,3.94999873992173
1084,9.914834254995693,-11.983087603104233,-5.881172385597412,4.015979263996368
994,-9.633541752163659,-10.575696969051824,3.236959836491875,4.0110630373418275
336,-6.111392759504174,-20.07040572587882,-12.526945236337552,5.802593371994866
202,-16.88131846511853,-18.229572780251882,-7.632671885416099,5.650558135057688
236,-2.944693338823301,-13.799141483110061,-13.274025070579935,5.762076421535355
1427,6.910883074967783,-13.794928822374438,-2.470070598018161,3.8000019828926765
452,-1.2972198710482274,-18.894002913332425,-14.040987258454201,17.46614914662597
983,-10.447173636930392,-11.223452086477392,3.0874209371732793,3.998971045557119
1717,9.306915807825218,-20.863630787380544,-9.285943103488817,12.993200423846964
1276,-2.545741669533374,-10.254660339325703,-4.951786711612828,8.334490934155761
1281,3.1108854124728524,-11.685612504000389,-0.8718668099332232,3.7999989951921935
78,-4.121994885415079,-1.6178161297711773,-3.280535713431087,20.439612730929724
1048,9.515595638874878,-11.045909516030273,-5.392637908752368,4.0013669014015045
1724,-12.091805692083756,-20.86365197409903,-9.279135513072033,10.21512956475949
1429,6.91087397662587,-17.63140422489601,-7.416977367201151,3.800000782362258
991,4.594478213431448,-15.186466469012057,3.432135150312089,16.85921931088516
987,-12.281066195119655,-11.459512520040537,2.676805406625625,4.0029635994721495
1813,-10.752266831655355,-20.850653909173552,-10.636133740347393,9.637674815365456
1614,14.074469199157598,-11.266821613167522,2.0561152155296,5.211247083350095
1093,15.523150621790636,-16.217894550225644,-0.22645197899164454,4.062979201679626
1060,7.258097891222158,-18.934934468606293,-0.6039732429134387,3.999993190769862
992,-4.082284732362254,-9.66297095011064,3.485081178351896,15.367436808117288
401,-17.285639877667062,-15.103731781079903,-1.5307363426706964,0.5439437407192652
583,12.227693808184451,-6.061081633521066,-2.0768700162945826,6.201557606978259
739,-6.573672726250072,-8.465957573876521,-10.825434936427824,10.350774132088672
1277,-3.9391290876439617,-19.39840835266267,-7.087927664057552,3.1499987188632113
991,6.724908400262275,-19.365789435788656,3.392073692491558,17.20066531678181
760,-11.390177319671873,-11.981881977092847,-10.557329330951523,3.9994254448995896
756,-12.905911101243344,-11.089993913405111,-8.703953909489405,4.01194437028342
1752,-4.702007800258066,-20.979969587797797,2.8534305421078137,17.015865130475706
829,-7.398038876833239,-6.629017120054538,-9.181737746495944,11.12798966400472
1260,-7.800771331786393,-11.640648152184049,-7.322319573186862,4.001686789938372
1429,6.910871108811151,-19.219521712258782,-2.2989745047173327,3.800001044189076
1092,15.431903956620522,-15.200914346616045,0.01278538305691325,4.024776780403731
1434,-8.552650012782816,-10.257211277349075,-4.685362621027241,6.161018698729725
889,12.230688530174904,-5.7893845082982685,-1.2782888826966374,21.519433406038992
1427,6.910888264001303,-11.455763814946,-3.2932194577589016,3.8000024313298457
984,-10.496657113113905,-20.17831086197605,2.9882077036785573,3.9921057068123575
452,-1.6976081395517328,-18.217096287156,-13.9761662086911,17.439260278294718
1454,-6.67008573543875,-5.3880342368681,3.478035497594205,19.234706109276456
1325,-2.389115444107985,-12.250331040189876,-4.952743363890219,3.9499987812709825
1316,-9.301184662971231,-12.092456203597138,-0.7862046547695032,4.009066868831244
1897,-13.432411240892193,-20.92193543181255,-3.1989796348025807,13.099180012025444
1148,16.018310231056322,-17.043708676629684,-3.002626548686437,3.999155751603677
1221,-7.089114252100202,-11.442887192064191,-1.8098620261285991,3.149998263511107
886,16.860481263656876,-16.21716411330804,-5.86595018279606,5.282851687112724
1752,1.3730350287042126,-20.967612076929214,1.5631994984566857,19.236041037105135
1273,-3.734080835811792,-13.85672998954927,-0.5552955874843981,3.9999932485037535
255,-0.752861818177083,-20.139630218935,-13.390261975525812,4.224452099891647
991,4.825161010370205,-17.644021522821987,3.408577925993551,17.192083273474587
1324,-2.389119517250776,-14.640171722024402,-2.0662311322641074,3.949998830272919
476,-5.39375827114401,-18.47780279035684,-13.868778993258031,17.366550316139403
570,14.758831868020845,-9.903075653969262,-3.2462140383126386,4.007037851972309
1887,9.759085819957871,-18.978474495371362,3.125461230606633,3.9832132833725002
992,-5.1199383996325665,-18.482787244606925,3.400537794838427,17.269304561072843
991,-4.433430493799169,-20.192874134022077,3.384145533323492,17.455769450070278
60,-10.81448898816771,-6.402382910440116,-5.8576868339060235,5.70599639280464
0,1.5608819503257767,-13.073989010199433,-4.071171246090107,3.949998796251593
926,-17.03807750845836,-14.07870741129171,-0.6830879296173644,1.0219600445407233
991,4.371500094425889,-14.430702827922106,3.439379623911597,16.726847974660426
1338,11.75799579319115,-19.775636436410124,-1.655975005522202,3.9880386658632765
1737,5.266180416371356,-20.946404584919502,-0.6498668814369954,19.914539049672015
1344,12.02599311499146,-16.21289973599664,-3.1799995655509172,5.44269343644532
1892,-8.747323905685207,-20.976360420753952,2.477643062956893,15.92419974081335
1235,-10.431267651802665,-15.809168995213938,-7.294028184202454,4.622496117995467
1326,-2.5531958548500526,-13.938279426403136,-7.63703585445455,5.66731780060784
386,0.8929171668661213,-17.078919460265944,-13.860203497275858,17.431935766557782
986,-12.627693980531019,-19.392203421550345,2.479839196416893,3.988870118267106
89,-6.774578585516073,-1.874713804877398,-1.158487261918594,16.796311531466912
430,-8.689277675656637,-19.619641789218267,-13.560903981342502,5.488727906322862
971,-13.313690800282078,-15.643542875842714,2.269588393566005,4.034331891620966
1640,3.034665235653228,-3.1884437754994277,2.7472187672104256,12.527477844663656
10,-14.443728621366983,-14.776671263988483,-9.447587397377934,4.349384593654818
1278,-3.9391208025668965,-14.369787552615087,-3.4158154366558247,3.1499984552940234
1295,1.5608720722066711,-18.943047344550152,-3.6822890277034652,3.9499988037350717
992,-6.89891454082748,-16.091568668971156,3.4234590634799265,16.76109533852133
1464,-3.6136831160327545,-4.637169988371651,3.613362098990306,19.319881827710535
191,-13.962910647958523,-14.332876054424368,-9.718708565391523,4.245260312204814
935,-10.663342859241052,-10.535917165167147,-10.195242366520924,3.9976560700951587
1930,10.354113294026469,-12.813534885021966,3.0987289124057016,4.0019986913384775
236,-3.665953632872785,-14.413624974543612,-13.373334791439483,5.8768654176758925
1278,-3.939118150307608,-12.770311879430214,-1.1646402390997057,3.1499983496310873
720,0.13766774226054881,-11.647193937086774,-12.813366958006835,16.85967304480903
385,2.974998512711115,-14.964584579290262,-13.512230033792243,5.926754065834885
993,-3.7950117264784553,-20.872514596846823,2.986344064844836,5.10348677287712
1432,-7.401214861141574,-10.290489181142608,-1.21409322425913,8.13893845832523
775,1.9967386713504762,-11.572693601372094,-12.761871965197289,5.327950690999959
268,-6.851782965864924,-20.16273104934812,-13.852010881107194,0.3409520356827914
637,16.006490380973673,-12.32686218679047,-3.0548507311642847,4.56019199463025
1884,-14.127435225332617,-20.95775827455808,0.5385987572596691,13.388988646325139
15,-8.837441183986117,-3.9404581159611154,-3.867833778929955,9.919722932421028
88,-10.822216138722693,-6.236623105398743,-5.561709661003107,5.67373873347506
854,-15.451154473158319,-9.99279500141371,0.17251724837155802,22.565972592307908
1230,-9.46123601600184,-20.187808007338504,-7.738544430821166,4.016327166963644
710,-8.989128299792544,-13.222426311971786,-12.184617577599823,4.374976175275428
1296,2.8247995619701274,-12.313050674815562,-7.6158439884108144,5.291871562093362
1887,9.982126287722949,-16.719571280120547,3.115114550540233,3.9903683554504092
1092,15.097499059389747,-19.66489379120134,0.6786586181130765,5.084456419751436
1293,1.9578064277459781,-10.251422813071756,-5.290985992675302,8.284229771608475
1426,6.910892971338999,-11.68273650973113,-7.039254027117588,3.8000076732347705
1325,-2.3891147665188823,-11.831755191913853,-3.413939274076374,3.9499988071252186
736,-8.358101439810259,-9.390316591034106,-10.71528817291426,12.577342418904838
1729,-3.1511915180049703,-20.856718669382328,-10.00514652425392,15.028966953669798
994,-9.214938003954991,-10.497172657954428,3.2994346297837795,4.006125367670216
995,-5.0914710439138045,-20.70457917175222,3.1575263118287125,19.217075307076723
991,5.124668625857144,-12.15838214245321,3.4611612616680345,16.10109624351566
991,-0.9259786660013694,-16.04657717942313,3.4238904297133907,17.111229966611138
386,1.5766781836301256,-17.271969885060155,-13.883947154953745,17.454028830014806
1828,2.3906571743357223,-5.10976431371335,3.9732324592076846,18.94541684529564
998,-15.764952079858784,-19.11290385582725,-1.3630322889590212,4.000818102009592
74,-2.8999838023570153,-2.5895351369164903,-6.07390187737089,20.41302950852297
1625,4.465640993808044,-6.585946463845663,4.36110836449102,11.103331038830925
1737,4.268943648398887,-20.890689154863868,-6.461973757144012,17.869226792602017
244,-1.0496497110908782,-20.108931152244445,-12.964200643172045,5.993885512252326
325,17.17523918370019,-16.71572504951287,-3.362842898165365,1.0337895854182315
939,1.6123222708935867,-7.456247581693264,-11.091728220517016,16.758990018857777
88,-10.903028148122,-6.022731166259939,-4.967500288538288,5.984264432672366
828,-8.370948656812903,-7.195437020194935,-9.121975756170539,10.80702202452778
624,1.7488441037568532,-1.96093274449278,-5.241357050393339,20.565357537804093
732,-10.904995877780852,-9.501221175308238,-9.305966710612156,3.9858731517146877
1218,-7.0891240312035695,-15.55667739287929,-4.523430956056441,3.1500012694367885
1336,8.048085335366295,-11.687368811830284,-0.5829308157345037,4.000267629180655
689,2.9252301996677432,-1.6276368368461316,-4.025358644184184,20.784522407594093
1752,-4.203242446086475,-20.970388956894382,1.8539918465919225,18.488106405323602
1429,6.910869174677372,-20.456364092540376,-4.858134704339836,3.799680281768443
1313,-11.904398705592662,-16.459155006480792,-2.4763196612237697,4.016685969431837
1703,-4.8000721334532175,-20.90534188507032,-4.932218332741469,18.499210218377144
9,-14.881347832664229,-14.440526059648507,-8.688994263042144,4.291769560452716
1431,-7.420781534414614,-16.83603134232856,-0.5922548319476859,3.998099957877169
1221,-7.089112562813992,-10.417010659007484,-5.246854417213555,3.149998198790686
1049,9.998630776283699,-11.410214297704808,-5.130223175277291,4.003065174494844
1099,13.756361780333927,-19.080413805915242,1.9806939669637744,4.155930414320309
1029,7.64727932166965,-11.858760908492282,-7.538307560015836,3.9917110746485975
1722,13.415505167689812,-20.92870458984867,-2.4976698179976364,13.379929816138526
1875,8.974176211230983,-14.262542073641807,3.2985593537538014,3.9977428891036575
992,-2.6877493932609906,-12.232184429166281,3.4604537120774657,3.9999932217332823
359,-17.38008139269582,-16.87192820899294,-3.5828761139599505,0.496821769200515
986,-12.538796804911554,-19.769317331558103,2.4992545072075023,3.9848922578576182
167,15.073595739336394,-15.22601802293157,-8.906008440801346,4.512265223647767
1833,-2.0885328648531196,-5.114555486026697,3.99911952037339,18.89102757912163
1436,-9.06190144126995,-10.270672058575016,-3.281337808576441,6.42660745013651
106,-8.880764565909054,-2.683112524740312,-0.048784278717271395,13.637251753534015
216,-15.629982031741562,-13.422282550696464,-6.347795716692428,4.262771797334708
1281,3.110868341571061,-20.07279501845986,-1.6797857182454832,3.8000013238463755
992,-4.425367004657442,-10.33222172526694,3.4786659917471616,15.579897998824372
1637,5.648294306419272,-3.250714565287896,2.345207817813962,19.33985204763979
74,-2.8149514849863104,-2.628024323949516,-6.175140166217332,20.52593519153243
1373,8.848300366964052,-20.933973335407604,-0.7862264638680729,3.5029754630614867
1792,-12.842626581211006,-20.63160106930193,2.250041061247644,5.801213836045607
1648,-4.002006055925664,-3.9779238223985236,3.1531908027409075,20.54885535812645
1592,1.9661543137365518,-8.3008511582075,3.677212673923373,12.33484388969646
1002,-16.04917530331811,-17.79848147498706,-3.35706531832498,4.017861750915126
1752,-0.3521124887151639,-20.975649679398952,2.4019390112753833,18.29507997175683
798,9.26262895657331,-14.349347724038601,-12.437298268061802,4.687658713438133
991,6.212620923753264,-16.297208282581767,3.4214879890702745,16.872531618549022
1321,-10.214144511833975,-18.61567643329131,-1.0030303320466982,4.002601530464597
1219,-7.089128092311711,-19.508224111964758,-4.496287279632223,3.149998865635585
1296,3.0478690012439253,-11.70445538371691,-7.606784768763863,5.117834951855941
1710,0.29961120497339383,-20.852232614813243,-10.473759333877302,14.683350440017636
991,3.8042253014945575,-20.47284574570809,3.3814618479862344,15.99529464989265
481,4.040739038935516,-6.903699193353771,-10.489132345882851,5.8380069574935085
1769,8.035982407372165,-20.826250594708373,-11.716157714091075,5.0743381740149225
834,-2.5201691955095584,-5.6962541776991085,-9.84728905214912,17.751302394248384
159,11.82583249530029,-17.599178505245987,-12.277620002661891,5.2256218489696895
906,-1.6014387835609876,-6.322711869567011,-10.390054229519542,16.971245792231244
74,-3.0330673678867517,-2.6001660034593477,-6.048901435651336,20.359801474677784
1764,11.06279787085063,-20.546738283282068,-11.205583706980427,5.388319946033893
352,12.212312932544563,-20.02326864584826,-12.180694438684592,1.2550792933640453
421,-3.6433925744580384,-15.299800479586768,-13.541222317309705,5.972737809576917
1388,9.416092330880783,-20.815866760408916,-7.745909247493481,3.568563607453148
979,-15.3909412037837,-17.60130292992478,0.1016566639817196,4.005030963691502
1091,15.124277160292108,-17.421386151902777,0.6720454589570071,4.300399048311032
818,-13.334847490865458,-7.915270656477414,-3.5935156369856944,4.214120467846419
1219,-7.089128043457809,-19.53892224001291,-6.471393502164806,3.149998735579627
1707,5.286467153741527,-20.85075207750449,-10.629068301318762,13.523355443315198
942,4.487185205089401,-9.385784581889716,-11.75603764927866,9.511395940715982
1752,-4.874769144861639,-20.972586339756926,2.0833339587734607,18.073719892345366
1099,13.645876409199648,-18.253610734209104,2.0522770394989074,4.008878366684486
1315,-9.076439297539732,-16.832374484843044,-0.7958156798763149,3.998890912573912
1267,-11.469458779976874,-19.248581443989295,-6.6265307546344285,5.3872882075046995
222,-13.324920515093137,-12.843606386549121,-9.504319168662727,4.001700647979694
1710,-0.16880496914659984,-20.862584322668365,-9.39358779763932,16.07230893857671
1700,0.2981086399208306,-20.95132181716015,-0.13597679983461236,20.89117139294849
977,-14.813783497305282,-20.20547023773848,1.0855230028105032,4.013446945056738
1341,12.06537337728081,-14.497302567118805,-4.404519860783783,4.527056447177651
1292,3.0109088467189946,-13.184954534458575,-0.5488560707547363,3.9999932150826627
1325,-2.389115922492791,-12.528273605923577,-4.350382222502197,3.9499987914617134
1546,-2.9175715257992856,-1.6986310425914508,1.5419145991568548,20.838401873793874
1701,-4.580456683076773,-20.95357044327297,0.09909762608596194,20.09594959142399
1710,-0.5142687715421541,-20.85435658046844,-10.252176299647587,14.989362730312129
981,-15.512349324985397,-18.500808808573083,-0.19329605525029459,4.007837296768936
1002,-16.022879940030457,-18.108343108284963,-3.052833262802522,4.0020592639428925
1834,-2.6273696011415777,-5.925420191100994,4.326341217708516,19.48968264664276
476,-4.622777083063099,-18.356187262135055,-13.899720969032668,12.291262245941942
1413,-8.435812961855797,-11.031187267937945,-6.46533269748547,4.009462012314497
1741,8.425359170043539,-20.966641900764223,1.4601915246501078,17.335424456502217
501,5.993741229806543,-3.776525348478147,-6.544818312873764,8.250119086995353
1751,-2.2338897888019904,-20.84090817590986,-11.654854866734603,12.463118632699164
392,14.238297513031902,-19.520019519746572,-11.36214529798153,1.0889416293949246
1306,-12.040245961276833,-15.328943083429483,-3.467285826163632,5.094459984529656
73,-6.153953796238682,-2.16500343516141,-2.856248589354429,20.05421840056452
1548,-4.29857324986539,-2.0218761223892963,1.581727357932162,21.11172619804178
531,2.726208580663524,-0.9199027317595372,-2.1682895086986647,16.68275727652588
1322,-1.989780880758136,-20.830671273875243,-7.438392953808266,5.021361359226642
413,17.22409719862713,-17.888661316234387,-6.428529092100123,1.3992383479072077
1229,-9.3439590077495,-14.95925838040658,-7.726255943817664,4.55344163161815
238,-1.9609265822921818,-0.8139715083613538,-2.2566855765887945,16.891916314105863
1892,-10.619730153638805,-20.972135766934816,2.0368400499273984,15.33526695438362
994,-10.00388609924704,-9.476073392674893,3.1928938149075545,14.218570409038904
36,-12.993143147988665,-15.687254330832594,-11.106932405673481,4.8335315229255045
1221,-7.089116999697557,-13.05913279954709,-1.6784531410070354,3.149998368778283
1904,11.17898280862393,-20.100879239293835,2.868156961630029,4.011119059080237
1786,11.429166028777178,-20.88684560494618,-6.864894885005861,13.358808741503285
992,-5.429469104301794,-10.864971193886703,3.4735592421129193,15.634253907039975
113,-6.585288429202306,-3.631733802931178,-5.833857295437809,8.099595742760094
992,0.6816050286947659,-8.777673905459592,3.493567381742017,15.205199820025966
1744,9.49947986484158,-20.94783713334416,-0.5020755881441161,17.75885465848893
932,-14.755377160599348,-11.259663573870364,-5.785647530292094,4.016569416564264
1703,-4.800436656947789,-20.909036310664384,-4.546803537480493,18.674791045077924
688,0.6633739567121094,-0.6962312688565648,-2.163685265267282,16.415368084762456
1701,-4.07643912809382,-20.960603059028873,0.8326810042481811,19.5772055505992
923,6.340857061112208,-15.187041885943696,-13.264485938830243,17.18747220548634
631,1.581429939306464,-3.5431440709964943,-7.7984526646126575,18.39521545455672
1606,16.746433023527185,-13.501555350495751,0.3301214314485294,0.598439858099781
880,16.97169955034598,-15.046499867214791,-3.576360455120036,5.397104124504906
493,3.9321314897152764,-0.5200720128198527,-0.066964804695583,12.741177172343573
1657,-9.919370595268093,-5.904861219059926,2.694381180846552,20.638663815277233
1234,-10.262637483851032,-17.376923556034487,-7.3807746557084135,5.016782848556988
1429,6.910870784482179,-19.466895629181504,-4.177481221155816,3.800001259505748
1221,-7.089119958415919,-14.80481836992665,-0.9892319874282212,3.1499984821339773
1710,-0.7616807290189297,-20.87172165724203,-8.440144387006384,16.988900870310218
992,-6.428062174514181,-9.719982944401748,3.4845346406579174,14.944504489675467
1274,-2.449958435413645,-14.632765015485349,-0.5627343491214077,3.999993260394824
991,6.875691176677515,-10.110099926388898,3.4807953509609537,15.00792340836642
1281,3.110882284539335,-13.220821648056795,-1.1857891929386457,3.799999938825504
1678,-16.07648626924226,-12.905396654835776,0.8291651401574671,2.0435057622700574
506,8.56762450403485,-6.721119677617981,-8.551716938685324,12.574430116508806
1274,-3.4274894997197762,-11.845117381929512,-0.5360130009913836,3.9999932118641435
899,8.098478355831912,-2.283245432326401,-0.21432674369608912,14.399160360514205
1284,1.9108722571610086,-17.836088161189863,-7.682000664862844,6.249688750666189
0,1.5608790484207786,-14.797004011847374,-1.0982084136187926,3.9499988466038785
974,-14.25536918379982,-14.464720085767373,1.7169760502829288,4.084759576141625
1427,6.910882448563778,-14.437510236228071,-2.8027947044210486,3.8000026696495484
1334,11.401625011877549,-12.402460306101869,-1.2466287183563773,3.997690815376044
1027,8.052067584349293,-9.847747749255104,3.4512243973391143,14.992735108365293
429,-8.975761502051427,-19.495825230902128,-13.49707513964865,5.461360480298121
403,17.174714156747967,-15.039796412103602,-2.2590256889358216,5.737086978058124
1853,-3.7001516762875637,-0.4859705687000946,0.11353848675621561,21.135797288077224
517,3.6611966819422044,-4.732597486381482,-8.774265046900059,7.623248695067859
798,8.390039701369428,-13.108169884347546,-12.319103948886584,4.4046386022725565
620,1.5600410059751846,-2.671213227603929,-6.5484705251149,18.55189065169641
432,-9.857744319138774,-19.423125847054486,-13.252176320069093,5.470372740998819
989,-8.33166475966105,-17.24792349315883,3.3514493444122513,3.999884587544994
1221,-7.089117394408896,-13.284592577127103,-2.3611495036615544,3.1499983839006944
1273,-2.909690906059867,-18.779080309348892,-0.6024794066325107,3.9999932905248965
992,-3.33298547447903,-13.338141417219369,3.449852422290035,3.9999932346325338
1283,3.110884780355989,-11.979315471825903,-2.661214487857895,3.8000016820033182
625,0.46497541673780224,-1.700830526487063,-4.827402311999843,20.070506155825747
1910,9.159525264889941,-7.681499377733298,3.9375439344344354,6.213854806612011
255,-3.718959539559249,-20.123909978893273,-13.172151333184512,4.91179857312564
1281,3.1108731451346703,-17.705023008844677,-2.256910654202248,3.8000029185500313
1553,-9.012258410077074,-4.560932464162218,2.176212630967938,13.571386710428387
1704,-6.531182547449042,-20.883685904971802,-7.191047603117511,16.554067706850375
1737,4.813681292157897,-20.905433053274884,-4.923981574084896,18.49766485133884
1277,-3.9391238759941154,-16.221664928590336,-6.1902221586345245,3.149999281169743
1634,8.532380408062505,-5.1448305742290135,2.763141413699894,20.37828794642418
1908,9.78768175696178,-6.801740066717125,3.306748407707916,8.299049630672098
1469,10.282048031006514,-5.108141891845076,1.938842531403039,23.2282984913271
27,-9.838616825974416,-3.86385482823198,-1.773813719358416,18.671932226493656
848,13.910884459330028,-7.779821059139815,-1.0895814281991667,22.636830928015378
1324,-2.3891259052950917,-18.435720825332627,-2.10151767538131,3.949998830281266
1283,3.1108766206075877,-15.967390123830075,-5.230714752025431,3.8000005066908225
677,5.851085000788925,-1.8066028126404914,-2.2397415536973027,18.199833549589403
689,1.901451871293186,-1.408950010675772,-3.9269351440053106,20.88169177184564
1699,-0.9329028229816234,-20.947494523968135,-0.5353487602631734,20.796427848323297
1324,-2.3891188932679737,-14.271508074498357,-2.2630952601870167,3.94999882689826
1051,10.174860874484896,-11.016046357423344,-4.282739528337471,3.994246484931651
521,6.969196961651388,-7.493843070172894,-10.055681546931343,17.396001070394565
0,1.560878538279062,-15.100032120634445,-0.9001708880557722,3.9499988499878818
380,7.155334508328234,-18.000390842106725,-13.616265337435234,17.24607785561013
1221,-7.089113098904061,-10.728778201488645,-5.594883939592621,3.149998219329637
1326,-3.2227213150131027,-17.370731821700474,-7.6521981503041,6.19384748941458
1502,4.148656119043456,-4.908615038450324,3.679497219076871,11.439957012852766
1533,-10.266757533068494,-4.354977288294878,1.275654593396541,14.27111694762199
557,14.568840796202505,-10.234873372736512,-4.609212608738812,3.9975933792757288
197,-10.840178227941559,-17.39728398885714,-12.636871201710939,5.24817114288913
1325,-2.3891243960130835,-17.591116049059547,-7.104564129883942,3.949998745874318
1892,-9.928448710349109,-20.95001985158928,-0.26989356666066927,17.52800531683534
1697,13.147351760970786,-20.892917559978766,-6.231333308921185,11.87330333993251
954,-15.3930136902581,-11.64758910460053,-4.419894831552498,4.002387846345093
317,16.991497998031612,-18.254265485553262,-6.055154464842422,1.0974060584390557
1267,-11.169558437282504,-19.317318741835166,-6.870790015493341,5.403267359985729
1281,3.110874829559433,-16.877642355753256,-2.1561443705934193,3.800002509150477
1283,3.1108789062995745,-14.854664257210972,-4.051364924983603,3.800004611998162
507,7.602002328184509,-6.3187265063905,-8.79942806763241,10.89149050298537
667,8.338843212503786,-3.9917974638403964,-4.683319530183154,10.732421119725435
1011,-16.06943246483651,-20.288112271668368,-4.439951942205011,4.0361454639971575
1728,-5.464755635589182,-20.861203526897594,-9.536771928643297,14.906568446820378
1333,10.638398470582452,-20.006611863710795,-1.131133680367184,4.021549089557736
781,-15.574067187355155,-10.758019280837281,-1.4598990186076235,22.343492562321142
1283,3.1108780978598745,-15.242062428335625,-5.111992541943321,3.8000045632719246
991,3.429188152106845,-12.88773453167681,3.4541699519646762,16.464748953443554
1299,-3.776501895310313,-11.959902552896175,-7.585658551663682,5.1634296611619455
0,1.5608836741341021,-12.048771243217889,-1.585950473549715,3.9499988379516093
1722,12.540163128499454,-20.931848322831122,-2.1694566094809784,14.556943978690981
1429,6.910868792616426,-20.59878158695145,-1.6686495505948558,3.6878412167157832
599,12.735201819663239,-8.834776682786634,-6.566302402501875,4.008809055130456
1488,-13.810517769347504,-7.878498469894051,1.431416704408798,5.193331069905168
1280,3.5246554012169113,-20.84570070147096,-7.3769618102905925,4.788818923657517
1635,7.854995464266466,-4.809541782102791,2.7712551655428026,20.472787233131157
991,2.0630729153282257,-18.401931417741203,3.401312871852605,3.9999932314527102
0,1.5608853291347518,-11.06590981903702,-2.7824383245339335,3.9499988176410556
712,-7.231986914596886,-13.564424565653024,-12.740534128721446,17.07027110402388
1560,-11.912036887137194,-6.3230803630778665,1.8597543897524578,7.1086144193047565
974,-14.24031152560391,-19.818836026397577,1.6760151172762785,4.091258322553971
1590,7.98630218568455,-8.300313066588151,3.6772323755997824,10.128239674345254
991,1.4091096524858309,-18.856693239212618,3.3969536895706045,17.418728062392965
1221,-7.089122108684627,-16.066292618842354,-1.2409812816933892,3.149998564516059
805,-4.244806528697038,-4.522573903139795,-8.366245783996655,8.060788620066255
1307,-12.036859570095912,-18.263660920883233,-3.7687863701646336,4.030370152016384
88,-10.865585845203197,-5.889782293496328,-4.757326146943053,11.235851953288133
1699,0.633900649564014,-20.94252518327999,-1.0536552062022826,20.659997786253687
1919,11.577122502428693,-8.027815201386968,3.18048756865713,5.7032694414224006
1585,-4.979881837268614,-8.28772853910608,3.6836270967770384,11.637944474816182
1277,-3.9391289842479544,-19.330127348032285,-7.618479290736373,3.149998696103009
1281,3.1108737593219677,-17.404763036456664,-2.0714433956524436,3.8000025541763187
237,-2.0719304478780756,-13.36657979405566,-13.218339094501275,17.005567271634945
1521,10.219802519133637,-4.221852990309826,1.1679855605382305,24.37966982532842
1729,-2.7260838944718255,-20.86492304157258,-9.1492912004403,16.09630845557919
181,-17.073128295908838,-16.391096165491025,-5.315227174844843,5.3850742517028145
1710,0.08414434178963154,-20.852543127926445,-10.441371297088796,14.741998001523632
979,-15.280936215469627,-17.145385386176635,0.35571355719490416,4.0921224096205195
507,8.98766647352504,-7.3671521271623615,-8.901099081531108,4.717402708304673
921,4.008592445809452,-11.66647209078991,-12.667641058336372,8.595990225820065
24,-13.616529382405052,-7.16969256140606,-0.35588960053735424,22.61437698986957
991,5.262584506493479,-13.679144342803468,3.4465837911603217,16.49228827706088
369,-13.972235455490086,-17.127918309845693,-10.885408426024714,5.039772011668777
413,17.37377160343521,-18.435059620967024,-6.46026839944536,0.03525360493096743
1295,1.5608773857723635,-15.786033619414138,-3.9601652047623075,3.949998798552168
450,0.4416703679992133,-17.788594289999903,-13.941120737496158,17.407208442138785
991,-1.430320379416783,-19.22444743253572,3.393428525252866,17.449882323201393
1751,-0.6537036953174555,-20.846466148702994,-11.075387458037934,13.70119186435926
1585,-2.7703739193344297,-7.771336000634811,3.9040435718767927,11.824177869371157
1179,16.05316244048219,-17.710577689606037,-3.870612383585068,4.00048574381272
1281,3.1108737185297435,-17.407414924495754,-3.8875412810888634,3.800000878633169
1637,6.045917432860696,-3.859837165033442,2.657057916832496,19.957270049427514
999,-15.84545244760934,-15.52066660934905,-1.6255610924036605,4.01598872147061
478,-3.2839209399985645,-17.997548572968107,-13.924397976254253,6.288799575565871
992,-0.8304334572126373,-14.74686707124315,3.4363489658355073,16.9289451108935
1749,-13.654706995307947,-20.873507755524827,-8.251371967106387,9.317020148806387
876,11.382085525446328,-4.547066525628957,0.1356651510984364,14.74100559747248
1312,-11.952129133953873,-14.983987961884731,-2.7237538397826215,5.310377960466929
1447,-10.380503424640464,-10.351909973976909,-2.456830172736902,3.9866346257291267
3,-16.9171638913989,-16.764173603592113,-6.301647964572715,5.364657746270843
1069,7.720930184221159,-10.292884022800164,-0.9665295689922127,8.032409516125814
1585,-6.45391729553719,-8.384759294779208,3.6426252750483887,11.111987847685906
56,-16.543163247617894,-19.27400532411209,-8.878234174061031,0.18441723677969724
388,-0.6897648258930893,-16.405595241722338,-13.76395030504689,17.34037715015963
1897,-15.070692197012077,-20.931942625817925,-2.155397829713529,10.92947819510973
1427,6.910875231835666,-17.148554343232554,-1.007596196741249,3.8000009307785265
1429,6.910874053039329,-17.501909294704703,-4.392231325864296,3.8000005364917544
1888,-13.72028308386677,-20.929512311921044,-2.408635389828051,12.99283494334738
1295,1.5608815383173322,-13.319984433804473,-7.056813495374473,3.9499987459990957
1567,7.739307408508522,-2.2016067005271305,0.5101491708091784,22.797870167892867
279,-17.239794187543986,-18.308653236192182,-6.1444645153029605,0.48913111931717473
592,15.522161498256052,-12.568164218540481,-5.518446001429914,4.050667591407831
1888,-14.491712673783107,-20.933793665298484,-1.9620313185036458,11.995962208210022
1737,6.0380332243404125,-20.93925919473979,-1.3954427342695443,19.377782427926142
1703,-5.3829778824408585,-20.941329313933558,-1.1777369354875948,19.70432438832054
1097,13.169345936724705,-14.368346725268182,2.355932590788967,4.004568828637089
1000,-15.651634864478284,-15.473494104339148,-0.6643210494531041,4.001928220372212
302,15.231819853034215,-19.53381342250406,-9.604140252891892,1.6858323132272413
638,15.846808297420228,-12.303327511364213,-3.789729038593842,4.259529818688164
1776,-0.49023160579438546,-20.795802960998323,-12.197314403664262,22.543140383401617
1533,-10.020638146591924,-3.573133131440346,0.6187474891107947,23.989218899496322
1267,-11.045950865030646,-20.3986516223477,-6.975144731850989,3.9514812505865287
496,6.977246323102151,-6.501317970007333,-9.252139379960768,17.879906442984804
1576,11.921149638526238,-9.415118882479973,3.1508548817760835,7.118105879169401
404,17.216166013972433,-14.972910223450537,-1.7426790154015799,1.3044282295070788
1292,2.497809384540206,-13.275088386445688,-0.5497200729706433,3.9999932258620197
1832,-1.3341459662451316,-5.407890946961015,4.1684622966159655,19.1082298415189
1220,-7.089120578116331,-14.55006437245251,-8.008715745259329,13.99999969188487
1095,14.839162241316675,-15.87805741874116,1.104996438740184,3.9968964561686087
577,9.259068790823708,-3.548841753949593,-2.059737535496358,18.666614351348464
1295,1.5608796320616185,-14.452673820524796,-7.21278902413191,3.9499987435520176
1278,-3.9391207383354816,-14.32149040016365,-4.358795487467351,3.1499984527351996
1281,3.1108689161076137,-19.758324245369092,-5.011019824356106,3.800001423187184
172,15.363066805324225,-13.553688977514133,-7.102127638454011,4.111081737048687
991,4.7159597265035025,-14.75376000949641,3.4362829166435676,16.763052942014067
284,-2.4827855118215854,-20.15069917965686,-13.597280456730168,3.7356949938450006
1751,-1.2347172561794886,-20.846546397328854,-11.066870263540963,13.683122699200116
1093,15.179012839871493,-20.04227646707249,0.49234316473240736,4.308715980198182
1733,-13.21930787988723,-20.886986890237317,-6.845220563802262,11.318918686859549
873,-13.293140598180424,-8.952804664269697,-5.726751557962226,4.004164098937358
983,-9.884332943322649,-13.70105109610553,3.1610591165104056,4.006552672882957
1308,-12.04509202959317,-15.185505318702115,-4.8410790492880045,4.738081657451518
985,-11.550969739726286,-13.385141475534374,2.8430985721689432,3.995570998205816
1303,-11.95608789380087,-20.581406144199523,-5.3939448673706085,3.8459971837381777
1750,5.984358094743165,-20.962937075793086,1.0745483562198204,18.800215031022066
1875,9.022585361669377,-12.833189573985354,3.305091095711367,3.9975285075304594
583,12.2619294821257,-5.9493489797954755,-1.6674385359988613,20.710714514984083
1430,-7.807780780415817,-16.592721142685708,-0.61461575409152,3.9985216635326815
1429,6.91087648792765,-16.135672577123227,-8.089941244306711,13.999999410019015
1278,-3.939119932099253,-13.832573368227663,-3.9568765859921244,3.1499984206157072
316,16.392218763578505,-18.225346475304065,-5.988476587383334,2.52094897310018
756,-12.798670525617862,-11.012749119466651,-8.760395674380945,4.011166879929956
677,7.344379432605273,-2.602800403025478,-2.583858610726443,19.255666739642674
984,-11.127920186933924,-14.924853099366764,2.929275361893814,4.00655011041741
971,-13.40880150782416,-18.95669552044694,2.172354151232786,3.9996545056972472
1758,-15.603565256963615,-20.783504912231,-2.5684700405603733,5.143219407441969
784,-15.11197853423969,-9.152080389717442,0.8305853696881791,18.439916176968598
149,12.86534254130259,-11.544383718602948,-9.088195789587953,3.999647418804284
1921,14.717463502069084,-10.060668132618739,1.9616177940998938,4.908277266416573
984,-10.920854991771,-17.897839507758114,2.9371041084644878,3.9976289381949766
790,-13.910074551726957,-7.541260429936642,-0.26504428233897476,21.65714269265515
1721,6.071874811995386,-20.915092494935564,-3.9165601968999435,18.470915258468906
1323,-2.042904287890524,-20.79566214550247,-5.548374459372433,5.096485273736261
0,1.5608805246310573,-13.920285328024441,-2.0750666123667916,3.9499988300097733
1897,-15.267824460488567,-20.929486480921426,-2.411567524774295,10.457241556788887
1027,8.390396416484359,-16.161721516268717,3.3580620009116564,3.9995175846945132
713,-6.141915258297712,-13.123357010351896,-12.814332237516252,12.710723669692012
1325,-2.389117305804074,-13.379337325523064,-7.158763346348454,3.949998744291272
991,5.197872887016411,-19.521349772289632,3.390582544186385,17.35625537049589
848,13.610457115553457,-7.171989589957361,-0.4136102543569078,22.16440612691237
1704,-6.0656524232472755,-20.910538221550024,-4.389797031123232,18.290941282764614
992,-4.875300559657241,-16.386856761031016,3.420628582272233,17.01604254769609
1373,8.927889614477493,-14.128341631260701,-0.7324203635294676,3.9946330436724025
991,4.214748077817999,-13.423357330142599,3.4490356694374196,16.536541746379008
74,-3.1555577942972826,-2.562661200922162,-5.936845773729034,20.122956408649713
1288,1.4070808505066275,-20.635689187627158,-2.1603997692901338,5.368622484869636
378,8.473785440070623,-17.936272158114907,-13.363238223701718,5.289879192749467
818,-13.693999338308032,-8.457598612533694,-3.678261352268369,3.990674166028235
928,-16.322025660439692,-13.590501886680716,-4.2094644126431335,4.757655797475194
1739,7.302834150900091,-20.967608909058892,1.5614740413827612,17.77412392836799
89,-6.912651353359654,-2.086274104249293,-1.6407386695731634,18.50584948411142
976,-14.792643487968604,-13.029831717080448,1.1809383690313988,4.033486348848771
1510,2.8949756881799287,-1.3437824539318175,1.2167249577106616,20.284946472406457
1112,15.349685256109899,-19.89910824314901,-7.963950335979304,4.027869634824648
1221,-7.0891223956905165,-16.240875658185978,-0.6269005395021182,3.1499985755119075
1283,3.1108840411660807,-12.327792609955377,-4.229496734613145,3.8000040658562497
921,5.058106251037299,-12.940974374820316,-12.913205799668496,17.054879654831556
991,4.1619388246211235,-20.088592560789543,3.3851451595102677,17.455106074656385
0,1.5608862962540764,-10.492602690043412,-6.079521598264842,3.9499987620116204
1933,16.271768298525732,-11.969369602206758,-0.41683947722262404,23.2299372690421
1278,-3.939123273074867,-15.877001099457065,-3.703234533238056,3.1500000917485993
1318,-10.891015620094787,-13.273725922866458,-1.107228399764121,3.9938945037207696
1295,1.5608819788998736,-13.058218596413997,-7.0869773898464015,3.9499987454493604
1125,15.811979727680223,-20.5421918689296,-2.157862632120472,5.331388743089664
469,7.9919025120055265,-20.07580969936144,-13.733949919930819,0.5146988095408649
1737,4.835848903573825,-20.916717305251566,-3.746797114119999,18.97730081673128
1228,-7.166111009046795,-15.235740094697778,-8.265475277810824,4.78193928134198
979,-15.396052724700743,-18.58088423089259,0.06353183875509293,4.003751763072824
325,16.952253352159744,-16.520578124278046,-3.0838562033551185,1.5764998662734626
1592,6.14638314314152,-8.278613313713226,3.68665751855627,11.205602983466763
1710,-0.7926455002856738,-20.872532886910406,-8.355494483285005,17.067744016258516
1435,-8.89357685628012,-10.258038301907101,-4.599241156640657,5.991011800783052
1615,7.239195333332418,-7.195976585250588,4.144045723150152,10.120853208284926
1389,10.49103818653236,-16.154954790462895,-7.267594839672352,4.7123307178197
1422,8.616628311240905,-17.654747721174086,-7.976352804375715,5.148977776722413
1099,13.333876460040438,-19.753726265843547,2.202280529248596,4.023284130579108
1221,-7.089118121135856,-13.69779784363742,-3.8165647235398503,3.1499984117435
638,16.06237226219773,-13.006423054710305,-4.235378132649286,4.463842392367689
160,12.193970431240135,-17.882279733547094,-12.165903342220055,5.292763774278704
1830,0.3031090653693353,-6.103492268019929,4.509097199610521,19.674195401229834
1637,5.642208454372817,-4.3948027314970775,3.121117653874471,12.363452293020588
106,-8.760010422018262,-2.61193325450996,-0.05592865835957436,13.66689384212327
1277,-3.939129422816962,-19.622628866870286,-5.067840261986679,3.1499988112127055
1889,-7.54565822619836,-20.966282930670545,1.426235119292487,17.79875200956574
194,-12.62217324813793,-14.307222517671592,-10.834541172719739,4.405315167448652
0,1.5608786858489576,-15.012670127335982,-1.6962695414095164,3.9499988365639602
1324,-2.389128947907187,-20.286376534343656,-6.234855526484455,3.949998760952729
1706,13.806543682151622,-20.917684298749105,-3.6480084003740854,12.3744154058645
420,-2.8849953813988396,-17.19598768347251,-13.84115196834896,6.235830331578052
624,1.2879345438194367,-1.7443773864936483,-4.81798247194406,20.074401643587276
991,2.1915521527427457,-16.934381838018403,3.41538026627477,3.9999932297748284
839,2.907873818813658,-6.825141497548891,-10.606045825719285,5.926455406408848
992,-5.3409793578872025,-11.47092680820609,3.467750786408633,15.863353127851761
1752,-4.903897989602392,-20.976235931627365,2.4640216060598457,17.526844403320894
991,7.124508836339724,-19.08169514899884,3.394796917513826,3.9999931979196344
753,6.181803175465668,-14.007301618364362,-13.036556286472983,17.049441148975745
474,-6.813401540529721,-19.146073922077516,-13.797807462502814,16.88920659008758
1343,9.936672751117493,-15.950383489327523,-0.922063673302457,4.0003598816133445
1281,3.1108722820172865,-18.115523107447146,-3.712590297694863,3.800000722314997
1281,3.1108724677605943,-18.026834577789952,-3.435704256272907,3.800000670989057
1427,6.91089357414897,-11.268198391878864,-6.782076519105846,3.8000074280726515
994,-9.059691258430997,-16.573937113149498,3.2640770556219163,4.004293729526101
819,-12.726709092816789,-7.883731856672867,-5.073367056319297,3.9945740350116767
165,15.043177219725294,-16.563778500042407,-9.668507795919114,4.980774027732282
857,-14.370802500582009,-9.173168443286272,-3.0509864112672034,3.99641135234675
767,-5.645865961326139,-10.752861970297253,-12.144388818246199,16.72547430951217
991,4.9795389694064,-11.447207733457969,3.4679783193705513,15.90280343316849
576,13.506198035935604,-16.219035072711858,-10.942484388017624,4.951463260274319
1234,-10.03009677906459,-17.82495119021653,-7.494117264242037,5.114447091874181
1295,1.5608708535972409,-19.668396538927418,-6.919501839757225,3.9499987493220523
1148,15.99669961654288,-17.30371401475141,-2.7641562794567194,3.9926447603728525
985,-11.773761187797852,-10.264876457056394,2.819556528982522,14.345138719619518
1751,-1.6006970537829162,-20.860841639541988,-9.575361155833228,15.77765542862624
872,-5.447271648383484,-6.710162637334264,-10.014582583486618,7.86729718859234
1427,6.910876544481955,-16.834446615265172,-1.5488503849909498,3.800001615243776
1436,-9.137012105545098,-10.277188772477842,-2.601384794174714,6.6313548798131645
1592,-3.73828099421548,-8.576673401199347,3.5601027752235206,12.212047113540514
1505,1.1808522913519401,-4.548877086795512,3.7437248873511146,19.353318449817234
1225,-8.265963350807855,-17.154467672527474,-8.063472625275192,5.0879211293549576
212,-16.761411874218172,-15.136284988806208,-4.797089474738842,5.105823562364006
1025,8.13042263745005,-20.8944413271578,2.909809260943544,5.056046257499317
1325,-2.3891198985862325,-14.890575729994024,-4.357797178810172,3.9499987917119244
1281,3.1108706890784648,-18.917918043976396,-1.7264646336017888,3.800002535835826
506,8.34361715498532,-6.285156035682132,-8.234483174891782,12.058227844767382
1292,2.1640044121963293,-13.833550641980601,-0.5550732955998119,3.9999932325214385
837,0.4798104224899243,-5.095280822044254,-9.490031003549484,17.15679107821401
1818,-8.565788597328176,-7.072986096428795,3.8402941914753757,19.450370609530143
724,15.384204125150038,-11.713207124598172,-4.587492750163419,4.003044180115442
1295,1.560872265815755,-18.827794835405328,-3.1400980938535055,3.9499988128495347
991,2.713927591589158,-12.944524973660778,3.4536255777781486,3.9999932215556364
453,-4.7645966785399,-15.478502758857527,-13.491766378386181,12.258643058023425
1777,-3.246828490218908,-20.74056437058807,-12.224958792618873,6.529952973252552
686,0.028935130845967015,-0.19522457042460303,-0.6417205851258472,14.079956080858526
992,-3.3887455734587997,-15.097394557545929,3.43298889773122,3.999993265168456
1324,-2.3891231661399814,-16.806597724168174,-1.93127137679781,3.949998832890288
1276,-3.5118560548605835,-10.246884366775452,-5.763691756106269,7.751012920582377
1281,3.110872790016158,-17.870146253598833,-3.249308502586946,3.8000021739447547
1350,11.541828653581378,-20.063581568407002,-6.554475107022525,4.022324751445886
1760,-15.382465280874165,-20.832496907495255,-1.438154546285106,4.942935935448451
664,-16.118716024246023,-13.425281545432938,-4.7342596039748255,4.5453654310042735
1751,-2.787032909422094,-20.854974011905412,-10.187232961858204,14.837973806598153
995,-1.7733226816902965,-20.504451168852494,3.3615331954673895,19.727657154327886
1235,-10.897434348889472,-18.92688013324463,-7.070066629552447,5.303184367139949
518,3.8890179784986647,-4.256749500654691,-8.202251704261045,8.438805238504592
222,-13.114126526984975,-13.122779231689666,-9.869071317966888,4.0148829733960545
1099,13.588947178840208,-20.00712052291757,2.0595280864520005,3.953094923431604
1852,-4.251550977504893,-1.3216656199067551,0.9011668853160166,22.535577928309554
316,16.505916505983535,-18.236159470950867,-6.013471353424796,2.254777287925448
1751,-0.5734248921740046,-20.847360409855728,-10.98210950899453,13.871684271058648
857,-14.568836594696933,-9.485467793988173,-3.0226088108515414,3.995710489748747
1427,6.910878793684553,-15.896048803419248,-1.9962391863182327,3.8000019649553534
1292,2.9906911671261214,-12.449433483765281,-0.5418056356800176,3.999993216029756
1274,-2.7683751717189993,-15.958617408490436,-0.575443483953823,3.9999932786582955
501,5.661036566971917,-3.5577234085404656,-6.441947191814739,8.530685515853166
933,3.368228344488476,-11.824688234506857,-12.757968888068994,5.344938656347861
902,10.257344859390084,-3.680813149412307,-0.14601691115938858,15.862172110655475
1592,-1.9493127850743557,-8.275207830800804,3.6880968569715993,12.322057612214552
510,6.199580016064378,-2.8407619080406796,-4.5729414790065475,8.824849894421774
1343,10.036291189855579,-11.583351580252502,-0.8979349546936175,3.9997964514754707
1601,-0.7891868418011939,-7.141178083992713,4.163945530935096,11.981839117222092
1295,1.560871824523189,-19.09123275862806,-6.231917033201634,3.9499987608120746
1925,13.55026323124701,-9.35107042649394,2.622448338787515,5.048867698506906
488,10.694007385542282,-11.064616143027672,-10.493027630743974,3.9899444111627314
1098,13.238080354385094,-16.834244587011487,2.301125293256829,4.092173491355687
538,3.8741547111998766,-3.4538487295125817,-7.169252826657387,8.337478014852804
1705,8.451076982259382,-20.842442319962096,-11.495706918334323,10.064467556448863
241,-11.911017360462063,-5.208722668515549,-0.36077936264749033,18.55321345700069
1325,-2.3891229985474296,-16.766665526665328,-7.661229271609863,3.94999873636654
986,-12.30946914384845,-12.901380020373576,2.6506143447832864,3.9950921145696903
1221,-7.089116132996995,-12.524154500185295,-4.343681541543931,3.1499983355730716
937,-0.0937409416489578,-6.278044865925528,-10.418424150070603,16.992734731391177
1875,9.357422270769497,-11.333209624584214,3.269876806057697,3.996045411764253
692,7.160024946302065,-2.0292386241172466,-1.1016307196351744,16.55858637081799
1750,6.466591924356018,-20.95884150193487,0.6472230798813299,19.01040647363555
1429,6.910872505383613,-18.535478889532932,-8.030843627289887,13.999998992334207
1704,-6.385504122146527,-20.92116484737645,-3.281105128483243,18.563835715701448
537,4.363897099105809,-3.3450653262719094,-6.753184389145814,8.494287581167734
979,-15.226390524523065,-16.505774594472182,0.49304390930289643,4.257288612270527
1389,10.59692983331817,-17.37871299579008,-7.22970589719343,4.988531986757727
1543,-1.5923287599123104,-2.2610323159924817,2.2283673377373616,22.02049690772062
1277,-3.9391282261255878,-18.909769761289475,-3.132009546810594,3.149999047310271
1431,-7.374938911051632,-11.454292369330025,-0.5377429105228331,4.003428520896892
991,3.876077208428064,-11.885008778647126,3.463781715788698,16.16459304128644
1703,-4.717396333454811,-20.93832386873624,-1.4914505027236902,19.8104137859946
1219,-7.089118480213414,-13.097383534742258,-7.49622967279344,3.1499996954690332
135,14.271327330886681,-13.20022384321243,-8.650997206606128,4.003262855735107
1283,3.1108844206653457,-12.158298897214086,-2.4422408348844393,3.8000014216129334
1885,-15.045035929406488,-20.94787828900806,-0.49221523483773294,11.558081342743481
1461,13.310611651057995,-7.845375375599135,1.8785819955287644,5.181421473450063
1722,12.477913837851732,-20.93507456451843,-1.8327038853677882,14.753944014806324
0,1.5608859667405184,-10.686677880386656,-1.8075161929266055,3.9499988340031122
1389,10.460461890621454,-16.536619327277844,-7.286806324335259,4.8033225458477204
1720,4.431394816503814,-20.85339302550711,-10.353334916170235,14.200678458921988
385,1.8780391880453862,-16.341676128129027,-13.745591978502077,6.132919212377803
992,-2.418571667724732,-11.108777511769338,3.4712222633332432,3.9999932062546617
933,3.561343600038711,-11.350065033007407,-12.613293858707184,8.452486853932376
991,-0.3509606686648037,-20.052179984937034,3.3854941860678704,17.521777511953687
22,-6.353420217048665,-4.591350650294328,-7.493337638894378,7.614658586079166
1295,1.5608699662712184,-20.193961132108868,-2.794591086665043,3.9499988188867015
992,-7.260888440409698,-17.27109729768885,3.4121525494106772,3.9999933371442293
1277,-3.939127675699971,-18.58096531017694,-2.3376412584739863,3.1499999152749285
1334,11.589871548844737,-15.794131188688528,-1.337380031723901,3.997389730612324
1221,-7.089127257896166,-19.092090819230165,-1.3256218295835804,3.149998761794973
927,-16.67644051406438,-13.814831808258745,-2.656967785375997,5.2463321235257725
769,-5.060344427344838,-11.101798088159809,-12.352751028233076,9.053942767805117
1479,4.077782721325928,-1.5465014404127024,1.1956661919296163,20.45021286339863
1399,-10.212192644353106,-14.271867103632871,-7.283726141793062,4.000088579628543
1750,5.8580723776996315,-20.955533781584577,0.3023173594225146,19.541484920844827
1132,15.656624237556255,-20.770649748418563,-5.181447051930897,5.128300093983213
1737,4.23496432054335,-20.905492408149726,-4.917670591999357,18.68140597385445
1226,-7.550390220878105,-17.846263834851086,-8.21782868281024,5.207637971352557
203,-16.2176172663459,-17.437272785391105,-8.450799423178793,5.278746961549024
1100,14.095687367178066,-11.575222597718074,1.8677821091068143,4.423557913404915
1283,3.1108826799536597,-12.99748055098501,-4.199562685146265,3.800004235636076
619,0.10686649716236928,-3.448738356589156,-7.7861332008241035,18.353614458383277
169,15.062550045149385,-13.950411672219875,-8.03404929756548,4.07514203391103
534,5.065338533893439,-2.486149043208856,-4.745473809269064,8.875662985464126
473,-8.344323396793119,-19.52549041414218,-13.601493169479593,5.443566593536879
691,10.953939727803167,-9.49975221970369,-9.26774108939292,3.9960238175392013
606,10.469561303054336,-13.229558708101848,-11.610380478115493,4.335288410007864
1450,-9.747620046641895,-20.8434797899475,-11.313798179336777,4.974518424801355
1345,12.024006605722501,-14.91284042188562,-5.037801983890572,4.480038066193093
467,10.417547684735117,-18.499243114905322,-12.954943976451435,5.3137827267760604
1283,3.110882994876587,-12.838640083217456,-4.61386865848587,3.800004785535668
665,8.04419807497618,-3.233355622064666,-3.228759732959831,21.45441779923733
986,-12.931142194022788,-19.970442112260056,2.3894699819371366,4.363075357894507
590,14.925865090462574,-9.438330659518778,-1.240499359941715,25.236937507027577
1295,1.5608763358337443,-16.411038116915826,-6.880952995122378,3.949998749453126
1564,-13.50012999357862,-7.886318574125649,1.7389311415750757,5.128441706520348
1592,3.5580013180006858,-8.084884976055784,3.768906290780706,11.93886148437094
151,6.320370651119992,-8.71802545654333,-11.050171154700026,17.328961180209706
1313,-11.870969783430677,-17.909528710314845,-2.302579087166815,4.006135167042126
1886,-13.116744891783773,-20.939527888760793,-1.3635268036882178,14.170914629618947
991,1.7971253652669092,-16.01138893467239,3.42422773806419,3.9999932387623995
458,-9.63998812423675,-17.056605417267658,-12.951068851377357,5.128438018637644
1635,7.814061706527342,-4.318434572021193,2.457386761326985,19.936386088493826
1657,-9.945040138901216,-5.487573136761402,2.4198320531289363,20.16527314270879
973,-14.041564881142197,-13.959069808250597,1.8837034080168755,4.05335583858561
1150,-3.892563934399961,-20.13589577832818,-12.606063215202665,4.943625521594886
471,8.996686723749804,-19.516531948114,-13.495250872361616,5.49945446946888
1401,-10.528178828432582,-13.986219473790962,-6.802130974631016,4.011622505174002
525,9.680718571243382,-10.921094732635613,-10.974370741549835,4.001625174725719
579,10.042318410877755,-4.487537096305593,-3.1056333607224893,21.235937451775467
19,-7.500809421137831,-4.087300410978195,-5.90364274149297,7.955180686434754
1219,-7.089129396405415,-20.48546821370587,-7.417732848261795,3.0960228887023753
604,3.617868528600793,-1.890289679170074,-4.372135570463714,9.328798363541607
1927,12.803598038518503,-12.47463042576069,2.503385882007595,3.997342693561988
538,5.3049815482826945,-3.7153101810137725,-6.871976211967409,8.555905231595327
951,-16.916443726841816,-13.719409819948337,-0.598138308796965,21.105256783534553
582,11.595152612224366,-5.797612083017483,-3.1257890052184716,6.57573467624166
1315,-9.27878223058101,-20.78219670556352,-0.8659279347837898,3.661364914436067
1341,12.058462137906194,-15.573592353644917,-4.686942102514633,4.85918007726573
1826,5.022963353998829,-5.67390303198158,3.945159757628863,18.726937383841044
514,2.9204605739600895,-3.0199145399288843,-6.7742343932904046,8.693873284286555
560,10.430771286858779,-6.381372928182701,-6.376474527421852,5.728171418840553
985,-11.779934701064823,-11.138294907826241,2.809442471840066,3.9951467670236736
1713,11.139310359634843,-20.87955969059264,-7.62426849547083,13.033789447247319
992,-2.1837832602434215,-13.104535204041659,3.452091702443209,16.578421912623114
1573,-7.574347777886832,-8.651320473146141,3.528093268108834,10.773428656339556
823,-11.366654680356211,-7.839975498950625,-7.23133374118732,3.994706168884553
663,-16.577613121769442,-14.304175993273045,-4.260769292235573,4.932082777713775
456,-8.681500292282937,-18.91470188996725,-13.473528461716823,5.412964643895665
198,-10.318548278443497,-16.109118571919502,-12.537969505971201,4.979799840365595
1423,7.92953527386303,-20.69477972215514,-8.138497118869159,3.6986778331056023
1769,7.627406979174625,-20.75323340364715,-11.857394652987136,5.170693771968335
849,13.619334066977073,-6.938513106239194,0.4595899529893518,18.435881352758248
319,17.0670269709996,-17.663675779674882,-4.882579703296077,1.3183457806188392
576,13.946764594266927,-16.527517433108315,-10.700613262259997,4.952614968443525
248,7.86760440790908,-20.15323769142554,-13.619618828454538,0.9128132928290112
365,-9.293397946974268,-3.453956588378113,-1.7244451620074452,21.47817592223629
1291,1.6796100891591945,-15.621726236709527,-0.5722141037098749,3.9999932414940975
1333,11.131251734049943,-15.104820071637082,-1.1985172080822792,4.008375453663576
632,-17.12528811639455,-15.408855641017524,-3.401399327541928,5.51335493549687
1312,-11.967455964725454,-13.317367662714426,-2.718739488614633,4.675763913739566
1920,15.167463364097351,-10.942601256700744,2.0029198370072767,5.205474984348678
1664,-10.982975763292655,-8.504540861499844,3.597165145066913,7.452066069256433
135,14.640469060653176,-13.988533003382575,-8.712997083977385,4.149342230529071
992,-4.695558769977006,-11.301263827827862,3.469377122179804,15.888590939444395
465,11.16496040376419,-18.418530439287135,-12.704978353798918,5.3271177838790065
536,5.56616599306269,-3.0577288070754927,-5.603557252682035,9.233254318545061
1506,0.03954225873616546,-4.857709232564393,3.943086969070675,19.71065229359161
1647,-2.770727106104271,-3.0195034141804284,2.6570610419608647,19.472143122512296
427,5.803040803962112,-18.220829199858752,-13.803917467992799,17.367812883236535
1332,10.54676883462984,-15.377949723056659,-1.0493574405697552,4.006364398681856
41,-15.9538970487498,-16.11212017568053,-8.072896155663232,4.865009568653961
1219,-7.089125141555158,-17.47731172029894,-3.4695030603469634,3.1499992538226245
1281,3.1108687640073964,-19.825897935378507,-5.764686213103716,3.8000014976931307
387,0.6326849907184012,-16.152637435106392,-13.727254522960095,17.30586117677383
1281,3.110878176451167,-15.231262828193273,-2.2066940456003614,3.800002058365351
989,-8.044694801408601,-13.600833471594413,3.4110140178402895,4.003748079154625
572,10.948720902917831,-6.970768441953124,-6.577159414987246,5.087852492682708
1325,-2.389121999730485,-16.147935068430268,-5.227809118849197,3.9499987772572354
1884,-13.63469075626845,-20.952219089411265,-0.03936370403612509,13.88459761970238
976,-14.89626098232368,-14.784174480492245,1.0334648662569297,4.035402937123851
331,14.573229651014785,-19.865839363893684,-11.094530677172202,0.23813300170968416
196,-10.58786275258437,-15.638647511112193,-12.33050953367369,4.964132482118472
1766,-15.528727543390138,-20.82596837104667,-5.733956724860274,5.168316617549153
238,-2.3790939024322704,-0.8580220950206597,-2.170190568868787,16.639933754959195
421,-2.98548382974718,-16.51669673343563,-13.739425137455598,6.143349515516148
1299,-3.7121910628638886,-11.04530288898863,-7.578595515348298,4.9001607281552655
157,10.429536194906055,-14.295432129321403,-12.003482180833757,4.592581697151238
1272,-3.8364566408036525,-20.827489042423224,-0.29440406173031636,5.193388143904644
1305,-11.707113988330855,-18.363743887474786,-6.256600558337845,5.252967829070117
995,-4.78313259475107,-20.63994399912461,3.2234127287556644,19.293417996073792
388,-1.5240248976377613,-17.289088707617726,-13.886800495516924,17.45579669941938
1278,-3.9391210616462606,-14.53460989576665,-2.740466664101679,3.1499984656153712
244,-0.9176294109196261,-20.11322484608086,-13.023809365650969,5.788954173459285
1785,14.140943045535796,-20.870331624683907,-8.588554010671345,8.10182721139937
551,12.172871959061798,-6.674266389104731,-3.8285094074772212,5.456151191385771
1056,9.427670341499812,-12.321482104677733,-6.683246818613725,4.0023241189941245
1224,-8.457050330579449,-17.021907840789673,-8.009096172370889,5.060627749575675
422,-3.660612756198921,-17.07805959153063,-13.801053054708984,6.2228259608428775
1121,-12.20375004338003,-20.601741170675446,-10.633158459931503,5.413883827047029
1427,6.910877551871544,-16.724226351264647,-2.1211896316058305,3.800002409658977
953,-15.751798243808285,-11.759205052584065,-3.0927289157969873,4.262581833825524
1751,-1.861939434411759,-20.86077094228522,-9.5826718333475,15.753931599108693
992,0.20376805485324434,-12.635306913167746,3.456589587672156,16.501719644105105
1704,-7.012004001059324,-20.89899076528731,-5.594263815868289,17.28493778071161
1002,-16.0137520211718,-19.480041981258992,-2.986857173361204,3.9969336791859655
643,16.15436280823082,-14.670886145762555,-6.3215589664607865,4.674079369776571
498,7.426410354220837,-3.497585409613637,-4.800978934489498,11.278069768632152
1887,10.66500505633317,-18.95716810161276,2.980892339111275,3.999021892663533
1699,0.677177188209042,-20.90383347743886,-5.090026256541821,19.15602053235965
1831,-0.2587560466929984,-5.932609220195609,4.438779655923487,19.650510005510196
872,-4.779385301951023,-6.675072260899669,-10.150196447924067,6.219832425585359
766,-6.284334394619389,-11.417550441678685,-12.256423215654344,11.787602136308976
1306,-12.02515683818677,-15.4130576234409,-3.1649079851471886,5.182631253636651
25,-13.109114121749014,-6.71053517340171,-1.0668624680055205,21.78027557656432
124,9.71435203541231,-6.759151913011177,-7.705176597825811,5.488885745900724
104,-10.730279849918976,-5.224544712667027,-3.5834372015821145,10.86366980277576
992,-4.029187054833464,-15.175877422153034,3.432236579549202,16.903355664521712
1219,-7.089126440437084,-18.487926289214204,-7.533728993871741,3.149998835466063
992,-3.625087692704972,-11.360219465584137,3.468812015592251,3.9999932026681506
1427,6.910883610010231,-15.16422052405254,-4.486839449934539,3.800005341671276
831,-4.627438405341993,-5.579814214216328,-9.303606196839736,7.218021876279822
251,5.23335831032608,-20.165100111713553,-13.942789782627093,0.7163608779874243
780,-15.676705942274687,-11.031567164497128,-1.6463975361438568,24.96407090678229
623,0.1159553022552987,-2.0592981711886393,-5.609983093455793,19.196448104976493
1607,16.26774352341881,-12.800046388885631,0.9210388441132532,1.442721788886596
995,-2.769968721384954,-20.716241786074555,3.1456426426205475,5.326640590033806
648,15.936084483552236,-15.440130466060388,-7.5915879030940925,4.719716239544908
987,-12.205659002800607,-10.4989213920211,2.7095813959842947,14.838795061779498
909,-7.474930204055146,-10.66031100373878,-11.697905475338754,17.167334522253807
1792,-12.263885517204171,-20.78824281618286,2.2434045042545168,5.019101083170555
226,-10.910861604932425,-13.75373953293023,-11.587132900570122,4.442357192729463
1277,-3.9391256090612012,-17.301350065005423,-4.057988575074744,3.1499992445234675
1308,-12.028029854067242,-20.364556224729178,-3.5498537947312143,4.026627723933614
1641,2.3106049767059247,-2.7472764315831486,2.520091653709627,19.25859463790274
1500,5.439508701108456,-4.871937827651413,3.4648998712760513,19.253993006638737
1360,8.161479764806185,-17.232072231830273,-0.6520885256281839,3.998786028244749
1095,14.809190187136403,-18.54588342792561,1.1113929806442413,4.023204837000549
986,-12.46317900503902,-14.061672282757348,2.593634861952713,3.9980979201109057
1084,10.38748866703127,-12.556478225564181,-5.857456428338157,3.9978567144014168
1214,-11.617546828225773,-13.516004729009495,-4.5926804630566265,4.0150211395572475
983,-10.303023329715494,-13.66825263398179,3.0824366783691333,3.9944993088103447
1295,1.5608738373998663,-17.894447688710247,-4.214476689831866,3.949998794603934
586,13.817332742008437,-8.352936968572392,-3.0770488594171477,4.00207103199406
992,-5.757994988930924,-10.5104076909296,3.476957945422269,15.457870739590438
1187,15.993740811205397,-19.51003199369761,-5.477038992996926,3.9947671474791235
1592,1.5611278025749964,-8.366370779184525,3.649394811836343,12.404137188916676
1067,8.571444834701339,-10.287474999544418,-1.5304902936594975,7.3457849872710534
1324,-2.3891252730665786,-18.06206013457407,-2.2889456310128553,3.9499988270647313
1427,6.910882870098376,-14.05432254995337,-2.637949219516814,3.8000023087671058
1704,-5.640319764990982,-20.889799508931276,-6.553452591004633,17.375254526948865
704,-12.489746291826952,-12.542965986793615,-10.086044911024954,4.005335675956564
992,-2.708522745015042,-12.953239766547114,3.4535419527377256,3.9999932326031566
231,-7.627542087960149,-14.259626545688786,-12.857787742617809,16.992100123243112
991,6.174727405624109,-10.855916101324608,3.473646227866964,15.49186614045166
1295,1.5608731716401345,-18.290204110576454,-4.680229492308227,3.9499987868216424
275,-16.25973467448894,-17.726930082659653,-4.994294741435723,3.054421806464437
1283,3.1108869099784897,-10.911173868982882,-4.837488413823094,3.8000044961125234
992,-1.179241812886504,-14.852682025449482,3.4353346580648614,16.946632434035358
992,-7.175668302254091,-10.730441880318304,3.474848756583706,3.9999931724816484
1358,9.417670600507364,-16.32372464396135,-7.717317170613623,4.858204195755764
1283,3.110878997622697,-14.776328542846983,-7.538451842265177,3.7999997194143162
1898,-13.606647242732395,-20.915804939352178,-3.838777120108964,12.561795493528118
1845,-14.933860032437309,-8.840391407530118,0.935293337265948,5.930821572627533
1642,1.6825980108147078,-3.917979664482571,3.3817102914582335,20.67400691569725
994,-8.724617198504623,-13.388101094058259,3.344020482035524,4.000341609593468
12,-10.236941627208282,-3.711887767889162,-0.27436092891710717,16.70938062964981
454,-6.195168083800593,-17.641879516684895,-13.677919538164602,17.36820589238228
1237,-11.115536135408208,-15.481258626047541,-6.884956541477055,4.427064132000566
992,-1.4926190105190291,-12.786851705603992,3.4551369067658295,16.52414259612599
1278,-3.939118627226633,-13.029996408090936,-4.482860922985586,3.14999836863123
1902,11.54115598189028,-12.71493323253051,2.8580695340166504,4.002013161469326
1319,-11.491675944455956,-12.05247222881614,-1.26771214426716,3.995075659250571
1742,9.02178243254866,-20.952274753425623,-0.03890930143336469,18.22840738198337
947,8.198843986926935,-14.683606092445574,-12.813775153547354,4.782727038728534
470,8.133408309538165,-19.626639997684403,-13.66477915725984,5.490364026946703
1516,12.277345275607603,-5.662839265662774,0.9472128797318616,7.7617903601936
1752,-3.6097597567543054,-20.975342189227835,2.370532189366969,17.99570972984629
1933,16.563901528300406,-12.399794190595502,0.5662141027302674,22.140785918379112
1022,-15.848291362043382,-20.250443965468857,-6.461825001719914,4.026627640807402
1099,13.953549792395489,-13.958436115390523,1.9426384845043612,4.413959213607445
1315,-8.647094148498905,-18.198747266941854,-0.7404790068059857,4.006458398043236
1491,0.9611673696678255,-1.00680783475444,1.0788268657640891,22.618581792304287
1749,-12.558345623558665,-20.879203347122328,-7.657663149426821,11.469513828845132
1094,15.065868623092449,-18.04645069708063,0.7781869881354239,4.073891550826109
1927,12.829867939346677,-17.834154021861295,2.443837432782397,3.9973005954218577
1281,3.110878520388235,-15.054302709576248,-3.0227911551449527,3.8000031848184683
189,-14.257240502412314,-14.284276265392268,-9.378398449981871,4.293326527352448
452,-1.7297542487290094,-17.91526508407852,-13.94787573504869,17.41377535319684
1325,-2.38911273486113,-10.628621849871646,-3.787581006680338,3.9499988006402864
910,-6.641706590874767,-10.342434101323573,-11.763203569021886,11.939074934012048
115,-5.1140976308516635,-3.5126848048163115,-6.644958927011366,8.271511893465476
992,1.5412068128908087,-11.176593564873096,3.470572276756357,16.08900724428991
450,0.8603981668969976,-17.784792313024866,-13.939026655797758,17.405143820383113
1427,6.910879136228208,-16.05265718992272,-2.4236735500537,3.8000026342903825
425,3.869677438242195,-18.653471655775583,-13.963112826424869,17.445215478260806
210,-1.2638413832214572,-13.361825974561913,-13.231258486673605,17.01191437499853
428,-9.263046938916451,-19.844815784228857,-13.473500248243296,5.503179634460121
1713,12.091444192702593,-20.86394414379584,-9.253405320075082,10.251257798207739
1338,11.895955855960699,-17.88337113906161,-2.359712942926368,3.9906536729774933
111,-6.479564538404262,-2.9640323567811344,-4.566552313228895,8.675275317537196
1427,6.910879204842493,-15.375436793760073,-1.6592857761441113,3.800001310892115
889,12.01576383411538,-5.6008631895293295,-1.3664178871656942,21.826559499310846
452,-1.655703364949487,-17.56397381389783,-13.915416231153625,17.384582745903977
992,-4.809832785808915,-16.824892728408244,3.416429739260068,17.081121805180324
1273,-3.071614324801449,-17.509639164895187,-0.5903110142354696,3.9999932967538467
88,-11.289396780952732,-6.578984655244085,-5.429823185300011,5.191376142666651
1333,11.254760103737318,-13.930355974537104,-1.2160834559941394,4.000826636346976
636,16.101542536387726,-12.14116657359808,-2.0580410792295667,4.844190152906071
17,-8.38235414210222,-4.053638877261076,-4.764414936928402,9.12159084113967
1429,6.910868611392471,-20.688233644058638,-0.9498225250710342,3.605283770246138
495,5.108515455962154,-1.6470397906876402,-2.515708292220218,18.221939236603426
670,8.384975298638185,-4.725184030190872,-6.0612596187325405,11.238313310101589
1192,15.933972540372409,-16.786700384042074,-2.209755403527474,4.007257233773662
1777,-3.28005235455938,-20.494285076840793,-12.474541886984774,6.893506039279443
292,-15.256897612452374,-19.469304531738636,-9.340433553211968,1.9744397265084004
605,11.007735342439055,-14.300955835970965,-11.746787871481398,4.504848921286554
1713,12.484904468584817,-20.85936552986993,-9.731017868477128,9.052913530373347
1324,-2.389124605891419,-17.676062907798695,-3.2859191702735773,3.949998810210046
1292,1.9399120159464551,-10.905329179203127,-0.5270044418307884,3.99999319833927
1543,-0.39327647649307645,-1.8883948789396665,1.9370424657489378,21.47979507151016
288,-15.180827140298174,-19.178303922799074,-8.345906951434518,3.125171511882744
1324,-2.3891253818063842,-18.150657469960933,-4.594377571560454,3.9499987882455527
605,11.71636734711487,-15.969268669764814,-11.925673795954427,4.923747050433822
1142,13.487852905745477,-20.777345132857178,-9.610220912559608,5.038662396915453
252,-9.35546241577966,-20.14027936182201,-13.3809962830445,0.5619924270853115
286,-16.12287544172071,-19.06590786819891,-8.015238734377853,1.7486779340387357
542,11.725558061900886,-11.677103485015264,-10.170689409355505,4.008332159229886
1716,10.453583614159797,-20.861294474565177,-9.529572088200254,11.677663651934536
1786,12.52182980341049,-20.876304146955874,-7.964937009351678,11.236117641960748
1640,2.8651808708523654,-3.2097665166122673,2.7800088176098496,12.490616837790206
1647,-3.1390294025788625,-3.628619301050336,3.035112977136807,20.162115705697868
1887,8.78955435433166,-20.236390897109317,3.2663451125911283,3.9967582148111265
1730,-14.989067094597296,-20.90298014380277,-5.175946367223322,9.671960733868465
829,-6.505176923872943,-6.099435473683636,-9.09935888076927,8.25549815247546
992,0.29213139969793955,-9.00798758754555,3.491359676340444,15.317907376080358
381,6.160888869165962,-16.203132335112528,-13.466588460939981,17.172126467030004
1427,6.910891953688992,-12.045975151413348,-6.581746208323454,3.800007385299971
1467,11.053979022779288,-5.910682044634555,2.1316639887423876,7.551780932384213
708,-10.144939095195266,-12.748255896668478,-11.57657265883961,4.1665612911344665
1716,10.088344976250017,-20.873288331672583,-8.27830857019491,13.412992411433322
1219,-7.089127126632802,-18.861533676451586,-4.716357049018818,3.149998954576091
1788,-8.51787814710312,-20.646411699790832,3.137658396895665,5.438670868427711
385,1.9044337938524336,-15.38932587779972,-13.606250429833198,6.001903005047897
1928,12.087345162475009,-15.92233487497386,2.6889719519013804,4.015499266297856
1295,1.560870085098057,-20.123922817891497,-4.203526995402225,3.9499987951430886
1706,15.312531921612335,-20.919325074617873,-3.4768632227836753,9.91619727419767
694,2.4976482116826353,-14.255226833753515,-13.387538542050377,5.8615565259263365
1898,-12.763546968539803,-20.91104526602888,-4.3356638835587615,13.396547566817285
452,-1.5404489484339803,-17.888288495000225,-13.946152113061924,17.412305260734133
1278,-3.9391232869888286,-15.889446295739283,-3.29209682048188,3.149998554270328
853,-16.104612334685683,-11.275888607864083,0.8330174447826402,23.25657034807318
786,9.595132020997394,-13.843146069676044,-12.182060716351161,4.529384983797134
683,13.618850120364307,-14.922265262319314,-10.332017483568652,4.587727405136963
255,-4.440728216792275,-20.146112886273222,-13.480121055313228,3.297806419533238
992,0.5903750645776378,-10.257707135543102,3.4793803511384356,15.79159628214024
184,-16.254607187019367,-15.013259700166376,-6.432671229825159,4.793812606682719
1742,9.082219618010127,-20.94592706322156,-0.7012462230095641,17.983265710143918
295,-14.625072016568648,-19.669076086837098,-10.116985172330741,1.989990737083143
596,13.689117207037619,-9.90396795300872,-6.284165116553998,4.010942344629978
547,10.055780027078765,-5.103980067076097,-4.5461722142883945,21.01922144479325
956,-14.573577877174744,-10.813439823586672,-5.589021998829922,3.9987498164484627
1422,8.421998565025802,-15.5919597584092,-8.006962873965955,4.784333188276599
810,0.25418209393768787,-4.239083220198826,-8.688150346461414,17.7172003988555
65,-4.605611484624449,-2.99620003208073,-6.056974417473869,20.667269205026475
1623,-0.7624932352135967,-6.859575488634573,4.26383419394152,12.084534812737147
892,16.83980624316264,-18.41649165178208,-7.841213666131907,1.3848963573386752
992,-0.43338246772569633,-12.070746029502505,3.4620012394419586,16.346499243878057
78,-4.207404412036574,-1.728850328258065,-3.514513702105933,20.871815905034897
28,-12.333378603318117,-6.189013964144303,-2.1365550508493234,6.017014951170224
640,15.751342732762735,-12.87711364289874,-5.250882959030817,4.1175636679277305
1230,-9.338609286513737,-15.761903388659382,-7.7341371372171945,4.778306803194432
1219,-7.0891294191658885,-20.340192846561493,-2.4412415582606775,3.1499988635088165
761,-9.986199274133753,-11.363310953551832,-11.040227391711923,3.9969160662876453
898,7.51286683202521,-2.2594036722846935,-1.299964705973462,18.872779097907895
0,1.56088102224367,-13.624995379596491,-3.0073390515835543,3.949998814259029
616,1.898047504297247,-4.507982835396924,-8.874991756453351,18.14668317814805
284,1.9344787594995985,-20.15543095874765,-13.720967569273338,3.1497384024529342
1737,6.1141546093772074,-20.940811097551897,-1.233561705212118,19.395170349071662
1219,-7.089121958357833,-15.396231817752756,-5.76283251511364,3.1499994395797386
443,-17.226864186718373,-15.016355434927194,-1.1838722674397026,0.21894450766284554
1482,-12.338931338009209,-8.208820486628424,2.8216748178135256,4.8204902156974505
1324,-2.389120541566112,-15.234688438362806,-0.7175960380000797,3.9499988530846846
968,-13.987833645689257,-20.180443578539304,-9.738022884283216,4.008441259904142
172,15.424581511659532,-13.83028289037361,-7.237679807329478,4.203428520155483
1427,6.9108785768753584,-16.80081786596013,-2.9299425671530845,3.8000036061743154
112,-6.4105231364953905,-3.236514930203783,-5.231664104381167,8.585106447757395
1227,-7.535847166681791,-15.533127277811683,-8.202458446634752,4.819848749111531
1352,11.686334338507534,-20.804794980809653,-6.3077167609737685,3.582335761429699
307,15.335100969384747,-19.093854137263545,-8.100448734298013,3.142600689736323
881,16.733144342130224,-14.555226296870309,-3.919249365765346,5.08393620140105
916,-0.04096870300254888,-9.06588459415154,-11.926135415560248,16.89531456212187
1060,7.205911551260366,-11.314245760197634,-0.5309240784255838,3.9999931639181194
1713,11.602156636442798,-20.8659799025122,-9.041225075014687,11.137631545796031
1097,13.172117585820635,-16.481959982194333,2.334477707034531,4.004246029657591
1383,10.166692173055662,-10.313941725693278,-2.9960030763748406,3.981680530744269
558,14.906959756262786,-10.241373458894323,-3.432919287903723,4.008417845067061
1324,-2.3891255707911436,-18.2780789504094,-6.049483358516015,3.94999876375566
1586,10.783707495218797,-9.38506549179115,3.162954982013972,8.519583414487867
937,-0.5968897300386462,-6.363428282242268,-10.459173519486171,17.041424294922646
409,17.276548350238286,-16.551545258443713,-4.589476026807952,5.555560700093333
1718,8.088778326975664,-20.865906301260488,-9.048199727079446,14.093175681248617
1724,-11.995276788758584,-20.862592179083457,-9.389761089205392,10.184453787748948
1704,-6.842262972684643,-20.91975226908491,-3.4283670489326954,18.303379671863915
718,-1.400311832692934,-11.981443957182908,-12.888551929079714,16.93759743477287
929,-15.966008192068038,-13.000494728608963,-4.622173413477345,4.378235474224853
1719,13.845347315363918,-20.94751174993088,-0.5359109595373864,13.45356071857792
692,6.889023351062846,-2.168259001851486,-1.9391835398509356,19.53003760277413
1727,-6.0991375963170045,-20.844509205859218,-11.278460288928247,12.049699788375255
610,8.198768474960954,-9.352270796519282,-10.762176272748912,17.58393080618764
1343,9.830843238708042,-18.98922628115677,-0.9323547999269967,3.995887388637868
1219,-7.08912269979888,-15.946875353906401,-7.26997046098201,3.1499992564587154
1326,-3.488515726734329,-19.020427648224242,-7.660968971627388,6.3482641551527506
991,-0.4830617221059219,-17.772150004195375,3.4073497201365104,17.33239522978587
1191,15.639872475966584,-19.042141811279123,-0.6762698259994538,4.155100645377617
1599,8.982184166139472,-7.803611831590986,3.8999262691839682,8.858218642702104
497,6.028358956126161,-2.351080299078851,-3.532640911570227,9.165506795543317
741,-2.1849355736813787,-6.851840076619653,-10.704452180952337,16.411101929573594
390,-1.2263041749549841,-16.420647679596275,-13.762724315894712,17.340005483104065
1550,-6.56178280681188,-3.0616817628336572,1.8808858834116127,10.97292046592996
283,-16.691263475732832,-18.825796684148308,-7.359431016319649,1.0865404352859998
648,16.063755524992434,-15.603074134508653,-7.458222584683616,4.833485996650997
1372,11.989482899404845,-13.519280374703325,-3.4752254103526035,4.0001059976794835
1075,11.168193095520733,-11.23951687515095,-1.7415986631341478,3.992270637994222
1902,11.488424758363742,-14.001102845178352,2.858691331480926,4.003775135825389
1689,11.172446430381584,-6.247457184125395,2.3287481370764804,8.333774192329736
135,14.19845203109829,-13.35794199694703,-8.876852121257615,4.018072612680383
1897,-15.096314511831768,-20.923124241163954,-3.0750930163362176,10.530861286576672
172,15.491114294094537,-13.724825743107232,-7.005496290897703,4.239076014443267
1727,-5.230479681953749,-20.843087688785964,-11.426874099470123,12.151771902731209
749,4.149969320018776,-10.560696080124693,-12.275705604835442,8.396131390593156
991,3.8549668247913846,-18.118093988370163,3.40403363815532,17.304262530548197
1278,-3.9391159784164587,-11.392392914894167,-6.429207142098012,3.1500011743360843
1213,-11.765620826519342,-14.47550793524777,-5.444133099891898,4.003146247552995
927,-16.553854144955274,-13.512608862760533,-2.728236221566708,5.090341043268825
77,-3.3574348685541535,-1.4214297279649406,-3.2398659737452844,19.780960748430964
1277,-3.9391283679560014,-18.968252742266095,-6.0743120054773305,3.149998851537935
478,-2.5889569287321694,-17.52534407617714,-13.894546424128858,6.244913932170907
1092,15.222472050492964,-17.496308008168587,0.45948335404876983,4.719057582981061
992,-0.4675783510381928,-13.216177862556755,3.451021570094259,16.627720040825
688,0.635480131166469,-0.857091151958239,-2.611834746272285,17.693761627301757
662,-16.567037742227793,-14.181458655411738,-4.089548215725515,4.8904705837389955
992,-4.295025700554843,-9.61847483636017,3.485507697105026,15.313141578184112
1273,-2.452785676446769,-20.342850751677823,-0.6174691215001918,3.999993274374906
975,-14.608554268257688,-13.336099591874154,1.4013931037634064,4.165158197124508
992,-1.6455120950841344,-15.926488253639782,3.4250415563425785,17.089965531164587
237,-2.216343284544919,-13.615894146619818,-13.264851625424209,17.05058377583981
1221,-7.089120741426177,-15.256288483038443,-1.9039883309749244,3.1499985121330902
892,16.84818263150813,-18.714733014741633,-8.01684516867088,0.836497073989054
1456,-7.651541610173736,-5.535757035778212,3.3133898254101677,19.135370348510943
1303,-11.852416167061545,-16.933367576461784,-5.879569950206655,5.015475341223576
101,-9.969012436003561,-4.222198995416884,-2.5115653645823017,21.02439223193323
1738,7.071402893136193,-20.954395532907107,0.1832592293177447,19.19461880082209
991,-0.6908122152497684,-15.80365560938929,3.426218987711037,17.079902295625526
979,-15.42131193527948,-17.485706242959214,0.038146636956722976,4.020992396880889
802,-6.770504462995074,-5.3172569701331085,-8.158150982537913,8.502664225129767
992,-1.1729462128470676,-15.34887151832149,3.4305783766619617,17.01487615601142
926,-17.035909095470963,-14.536825823138118,-2.0212236024214176,5.992445844161656
1278,-3.939116348488585,-11.621250125596276,-6.150665307773322,3.1499998799229245
1283,3.1108867173429298,-11.001459039450594,-5.301399272569692,3.800005197202534
0,1.5608800424735358,-14.207178459998197,-3.1069555999802687,3.9499988126734635
1219,-7.089121308146693,-14.967633210537233,-6.122573759966747,3.149999484970545
1291,1.6554234270166375,-20.316511999854736,-0.6172166020618877,3.9999932386871255
1325,-2.3891133585273616,-11.01843273851173,-5.640671053615364,3.949998769487427
1283,3.1108858200315037,-11.461253085445696,-3.368838009301598,3.8000025426704194
1190,15.63902045501023,-16.583013276106392,-0.6256255898044896,4.000160652188397
1222,-9.805432530291583,-10.80806585503351,-4.613128920320632,4.016492174360507
483,3.699212388652742,-5.888551107816382,-9.829107162752175,6.674547627633685
765,-7.029855578469208,-11.168863786939205,-12.001122390348495,16.80280019147844
425,4.891442408295159,-18.19203900503529,-13.865343279284449,17.351421730702317
783,7.86103040210974,-15.943533647725708,-13.161945662034114,17.292446931168254
420,-1.9118258079408452,-16.485230378045365,-13.765586763303068,17.34893007879782
189,-14.395188086457004,-14.384558992016506,-9.266616443099156,4.281814966642503
1058,7.684587944012961,-14.893657055056083,3.419404367185125,4.001561369459362
1703,-5.053692688996479,-20.894796880602545,-6.0322411757869,17.863216047943347
173,15.012563719421783,-12.38639802706681,-6.623173040673402,4.011348263166006
1689,11.07196890753108,-7.041499038596973,2.865875915736382,6.7212082141871345
1875,9.218561851504944,-10.929416457288816,3.294314271934491,3.996660499009121
858,-14.07659467274924,-8.895039135619474,-3.4740152055350313,4.010716766645461
377,9.083985681545887,-18.903421941773285,-13.390598881457214,5.450150474665486
991,4.359565457042365,-15.57201971980761,3.4284393771333397,16.938011757945805
612,6.715556264400391,-7.784659657125577,-10.35953270905178,17.715362873354948
1338,11.85671999087975,-20.808509687589407,-2.2415901852402653,3.634257097895736
1102,14.561326901057845,-12.92385925334708,1.4393466625214202,3.987941210250004
413,17.20642973962606,-17.557293140802493,-6.15534956593937,5.5609451146935625
331,14.298058111293969,-19.799519954003138,-10.775050321158623,1.3655120855229415
1295,1.5608779535350719,-15.450101856964709,-7.485960531709699,3.949998739109342
991,-1.941059327132812,-18.857242787385307,3.3969484135689303,17.415618386437988
1325,-2.389112322536289,-10.38587819983398,-4.00102142253838,3.9499987970064
1703,-4.508332943738566,-20.884375356841616,-7.119592876251654,17.368592560726537
557,14.10982351769787,-9.376548392062688,-4.386107376256352,4.015119368200021
842,4.660157084857714,-8.724396290220826,-11.419848339999128,10.472462970392554
992,-0.3154719168843818,-13.611632136116038,3.44723090038676,16.70802478300039
373,5.456514886174965,-1.221266569709647,-0.8623344021908994,15.707179977209922
1149,-4.419226734120864,-20.327723703315712,-12.568711667178258,8.915534662991226
1727,-5.170520235486525,-20.844594785153014,-11.269635692709826,12.462222979928136
1527,15.437580193382459,-9.960815952583067,1.1277832388463642,5.38571065424933
497,6.425589278515535,-2.716243586645104,-4.05205963108126,8.737005668328747
489,11.595237180420451,-12.216915251283682,-10.552917534018608,4.0023413293686225
1726,-6.684440885755515,-20.8500090037115,-10.704600542437598,12.738004101491669
710,-8.444808965564345,-13.378311993631304,-12.382716218617665,4.470537251271484
1332,10.74992830229914,-11.79694165443727,-1.058835090081923,4.000113818084954
1283,3.110881625180455,-13.51575645521841,-4.244216340551383,3.800004465321931
901,9.862658180767216,-3.276225506879555,0.25573844855703587,13.56910142868245
151,5.848089653882688,-8.681324598757989,-11.172652882983819,10.758765844215375
180,-17.461079998115544,-16.248128304659097,-2.956544951834953,0.4836103865570323
688,1.6188488219809163,-1.288030010095952,-3.6418596020205123,20.499075790054686
1849,-8.706084980708813,-2.543019326453837,0.3515362700866649,22.930709057450617
1708,1.257585500216037,-20.840048249605157,-11.745304568735573,12.359845275739879
980,-14.854110814196785,-20.18655097988053,-8.81589908137827,4.008517507819196
1718,8.73880992920637,-20.872209724758573,-8.390966422987352,14.311592359624356
493,3.7248141253046345,-0.7726773706836092,-1.1051514220729948,16.367002741082455
1324,-2.3891187423571987,-14.174413879398294,-1.5485239920856773,3.949998838919585
1277,-3.9391271097822225,-18.19576191577927,-6.439228934374645,3.1499989513134183
992,-4.688939171315545,-18.188858688670155,3.4033552886933403,17.2667127828043
380,7.247800502057295,-17.522951116993845,-13.533525474741893,17.227357494859188
1346,11.94894676461302,-17.6369283048304,-5.489277089907261,5.293632006889706
1221,-7.089119640853312,-14.605094626100144,-2.352350846994924,3.149998469967483
476,-5.285881204187298,-19.657186728341788,-13.993356535303061,12.8566449331332
1324,-2.3891284391997067,-19.944899101842996,-2.4635383385747613,3.949998824423411
558,14.955304699701745,-10.320818004661326,-3.4028400078467542,4.005458344820873
0,1.5608791932904158,-14.712253152756075,-4.409995356758256,3.949998790804343
1347,11.880482304282886,-16.76472994628424,-5.835966951645135,4.911637765289909
445,-17.053016057977125,-15.786619726166212,-2.091439700068112,1.135966654722235
991,-5.6570344473092105,-19.30909985046132,3.3926170677141974,17.305801863688984
211,-17.13187547120915,-15.709425437682228,-3.9746906441389203,5.438749515258771
818,-13.326593939036766,-8.200814604922085,-4.21848241760094,3.9838004229802793
27,-9.750931070188281,-3.908275567382593,-2.077269083091191,19.736597819249624
1296,2.8673665734653664,-17.32648072037374,-7.663285429654119,6.186842596752231
1242,-12.028453527525432,-14.382616391877438,-4.7198495885056975,3.992375870181924
453,-4.608316429866695,-15.40900956971755,-13.492132710974127,9.937815733729103
1068,7.410593525926359,-10.245528271655843,-5.906595590735652,6.22993800317697
1324,-2.3891162362175375,-12.680418348065492,-1.0603843748992388,3.9499988469049194
961,-12.971911283600747,-10.302481719231954,-7.920836884121663,4.007510586826981
368,-15.935923930323842,-17.99475832444101,-9.186591823711877,5.3297718435869665
803,-6.116637822064199,-5.46009436992011,-8.653383999544683,6.917719000071134
1877,10.617233722672497,-20.482358311192787,2.9701906278396164,5.581077718810405
1708,3.2990762327440573,-20.837685144221364,-11.992216262001492,11.51197336092467
1834,-2.6258789853184012,-6.238499404072428,4.469144625520048,19.743578644685247
1333,10.981628551459176,-12.40089780543496,-1.1251900154464727,4.002546271822399
1346,11.971655519718471,-17.07333996791176,-5.372086786755895,5.14627277753319
1316,-9.163347782704006,-11.14003912227884,-0.7551053960441615,4.012693504523062
157,10.35540929445945,-14.133082067540354,-11.988425647075001,4.559429723287895
1277,-3.939126611848555,-17.890532374727915,-6.532456231257216,3.1499989939666744
542,11.914740640716547,-11.43293324424419,-9.872452325049727,4.0026056747356495
899,9.085399730645825,-2.984031287359864,-0.5901237159760754,15.80876964492003
210,-1.1404963717710261,-13.524730229316615,-13.266849245292235,17.04661889956407
1702,-6.784171615750373,-20.949096222274015,-0.36709134860491666,19.373303818320164
693,5.9329059851357595,-1.4059975907222357,-0.8416630016164406,16.0310643137313
1315,-9.20252361596312,-18.700671305315407,-0.8338207603029346,3.9982821718570882
1278,-3.939114711571097,-10.660492905744551,-2.0066640647156833,3.1499982126361217
24,-13.213671769035356,-6.54006776355621,-0.038550701756731365,20.841712744387177
1218,-7.089123246981754,-13.67215218033525,-5.632775123512692,3.150003551148639
1429,6.910872595266679,-18.4736199335557,-7.753080614121801,13.999999004096502
1879,11.299792952951629,-20.684153098311327,2.6259880457639837,5.379057031855771
1341,12.060016763965901,-18.234818016009143,-4.647273051418902,4.003588025948641
1069,7.467539440847389,-10.279240872774903,-2.3899907960111575,7.717270960498291
1274,-2.5876079148421414,-17.77035551159424,-0.5928101336116219,3.999993285672518
1699,-0.8636385364176083,-20.946744775314226,-0.6135590875655831,20.775601256283377
1427,6.910887458269745,-12.183615590987998,-3.6028120422227956,3.8000031117037114
1278,-3.9391199120284472,-13.822853360822226,-3.691143380794619,3.1499984198160886
1753,5.068693746993296,-20.96422268871247,1.2088575485924622,18.955971915442223
1704,-5.643584288576285,-20.891600757203385,-6.3655373267592,17.495000206685134
1832,-1.7446696832631587,-6.138857503971283,4.487647756929677,19.676778828267913
1113,15.23313783461672,-19.86004817019243,-8.183901116474154,4.018899099824104
1096,14.386613688590236,-20.246929685525963,1.5367194502531598,3.995424058339341
691,11.19686009599693,-9.844040940151025,-9.336882933234993,3.995531620482654
552,12.64432106043718,-7.861513912237895,-5.232721981956764,4.001826257316588
812,-9.32675365571532,-6.536190233684758,-7.801830559588084,10.554129694621396
589,14.755406230753424,-9.441510611581133,-2.06423321225144,4.00079456924817
79,-4.456659778973066,-1.1926029966000238,-1.7698995729170959,18.332226863185795
1501,4.815099963401473,-4.859426220493672,3.555556947288893,19.194902869442114
1352,11.691199756425368,-18.420445261977832,-6.300787879407286,5.279639058595128
1899,-13.543698082073195,-20.91066803986399,-4.375003349134008,12.389096725125718
1234,-10.09999449078709,-17.930510231873093,-7.460829621471891,5.132643440988882
943,5.6946171522165425,-11.533321386512615,-12.425850461532928,17.018641044695595
24,-13.844648879057775,-7.374589693140864,0.006346714194397529,20.53147215167836
1751,-3.6181223690292987,-20.837287886416362,-12.032213286991366,11.363003288753324
682,13.391678057741972,-14.644353266618722,-10.40611530104345,4.503647546457515
1700,-3.9770687476748905,-20.96584816066155,1.3800855353553105,19.048286735237056
488,10.394679622369097,-10.093158722820613,-10.107592853982892,4.0179945344529155
717,-2.6456336082366967,-12.532527017025224,-12.996320437093711,17.064909177687195
778,-16.564678815398985,-12.510367708207337,0.20906165795012716,24.257907267433
1464,-4.027719567507974,-5.143538701707563,3.820902578241361,10.9521175903494
763,-9.347552281913401,-13.18378782169841,-12.066071056656162,4.438627773053298
1721,6.063495539710629,-20.87306037082575,-8.301428601783897,15.90318789861816
1324,-2.38912484780667,-17.825744877843764,-3.8584205864325307,3.9499988005905036
1295,1.5608820326542387,-13.025925530366377,-6.202479040448702,3.9499987603429343
1752,4.885458291549349,-20.97532408254004,2.3669044747791834,17.675384775533786
1325,-2.389126542049221,-18.86570625319758,-7.067582826829816,3.9499987467000297
306,15.989802184367537,-19.280623722226697,-8.679971979112743,1.3741105737871664
1585,-7.751506849387696,-7.755954350608373,3.9125856207630596,9.884554677059443
1429,6.910877561871922,-15.463164542418339,-7.185985373435485,3.799999954037417
1324,-2.3891232119280468,-16.84111944414698,-2.6344725014765973,3.9499988210505523
713,-6.166594978797267,-12.5125858116423,-12.63530892956572,16.947782886571776
1325,-2.3891177299975173,-13.618455556261285,-5.919483013784314,3.949998765204063
98,-9.452661001898594,-5.169826392990917,-5.636311341638385,9.976511887825545
243,-0.2336169038632726,-20.090218261812403,-12.727690170222955,6.393874109775294
688,1.0274619256909998,-1.0567035230286406,-3.0991842850345064,19.083300228235046
1277,-3.9391289857131904,-19.34650271175238,-6.0035594315251615,3.149998795842918
953,-15.87522424794502,-12.12483314941897,-3.266713251582627,4.379710337968537
203,-16.250737853483802,-16.95111624272699,-8.08795077566195,5.237361687794117
1890,-8.275452970977069,-20.963260815488162,1.1110918776049004,17.78573195301361
1427,6.910889464765031,-11.523124914482862,-4.213824272754733,3.8000037870154832
964,-14.0071823779664,-10.865960273283058,-6.911037951247654,4.012571531578909
1348,11.433871910999901,-15.255381909356508,-6.622248013017318,4.304362316185878
340,10.823485304571761,-20.09595821617569,-12.789632747674975,1.1851822482053929
397,-15.3789087953779,-19.56309288624292,-10.424715213553588,0.47422092878971883
425,3.6682591494725743,-19.49736764475409,-14.05161443783576,10.349187161580472
1737,4.640322774826593,-20.92633818556211,-2.743093159966187,19.41056192017512
1324,-2.3891253872274847,-18.164896249788725,-5.653022674075795,3.9499987704157347
1277,-3.9391253378847177,-17.136974359847784,-3.91540476368614,3.1499992797115897
961,-12.604654758189128,-10.264453421833508,-8.340965742387072,4.0087484577176555
1275,-3.691765159547295,-10.243789799199298,-6.086653106784163,7.5435650114499655
1219,-7.089129567518029,-20.514306236326945,-4.722965445181546,3.0930159508561785
1277,-3.9391294718871226,-19.634077183143347,-7.00235092505003,3.1499986867920966
1338,11.838447063613856,-17.900912999432833,-2.0398576399871735,3.9896103370553813
1277,-3.9391231543190095,-15.781556846499896,-6.08818473318807,3.149999357656813
525,10.207179729012822,-11.932470835057872,-11.208671103358263,4.002031750238503
1728,-5.618264067059702,-20.85933240379064,-9.731942877284162,14.63173816137976
1281,3.110880484990018,-14.108620262761487,-0.8897774808426753,3.799999792400819
1221,-7.089118918746527,-14.162909153102873,-4.20351855020205,3.1499984423019485
1281,3.110870882449559,-18.823459324828303,-1.66021551486556,3.8000024097536405
979,-15.132012122948302,-20.250084809246157,0.5974419152344101,4.418216470784187
483,2.3769430942455902,-5.580502742872918,-9.768505282310777,17.648047744473168
1933,16.04835034325003,-11.253223020834948,0.29329100209738346,25.100259592289884
1350,11.18418586170693,-19.221280626993266,-6.843814445208357,5.388405717995814
992,-5.10763331521983,-16.4481558594576,3.420040988481031,17.008695755694735
999,-15.806039075497676,-16.455800300152625,-1.4635946086702023,4.008769182605008
1786,12.290780546994782,-20.878787566654836,-7.7058149391706685,11.742116765870382
992,6.025736693704251,-8.875022700659397,3.4926343308397745,14.643031662744518
1734,-14.934387637638853,-20.879189847001488,-7.658220794121722,7.729819034903502
530,2.7647358394757493,-0.4807860338914717,-0.7644775932283497,14.161625301174213
1610,15.312859777136419,-12.373684325631174,1.2664255523704033,3.4684699020601264
1281,3.1108749840430954,-16.8086119125583,-1.4321735844073809,3.8000014379177105
420,-1.9217470799530778,-17.270688594852317,-13.879568404736643,17.45639636640787
1389,10.297504515250486,-16.815420892762933,-7.369442789577677,4.879465313530925
1281,3.110873693809473,-17.419713068451166,-3.8727795092522186,3.8000009005357747
1281,3.1108723809672822,-18.066880507241123,-3.710726804924884,3.8000007039487076
1429,6.910871783902661,-18.955070164630094,-7.470450577318765,3.800001282327331
1730,-15.072506801140408,-20.89930571009226,-5.55957515493918,9.26864138010701
400,-17.561445175294022,-17.160133195042825,-4.074334435429475,0.06348162438393304
1325,-2.3891186941226747,-14.1701427816191,-3.8915353063961904,3.9499987994515697
1892,-10.072843523601197,-20.955249712272014,0.27559277766686097,17.511642425789052
1299,-3.471621346159919,-12.824164092532206,-7.602021328355265,5.411850174295239
1324,-2.389125984695087,-18.472081676560062,-1.0627447572402011,3.949998847784829
367,-13.878966103752614,-15.713372742650751,-10.437100582034848,4.694840407324743
1006,-15.906652242992575,-18.891428907057733,-6.164528193744671,4.026956600066012
1592,7.32743053252497,-8.16176864977747,3.7362669776429414,10.543153761521133
1312,-11.900224016450808,-15.896441746793464,-2.4216871831249493,4.01975306393703
833,-3.209612587551984,-5.248712003775703,-9.344646635692332,17.13563061054059
