source_face,x_mm,y_mm,z_mm,normal_distance_mm
1555,-44.22470863810961,-22.98846875151223,28.72939534192413,1.959958678237289
17838,84.47353640981285,56.68122087885968,19.333165978242878,3.581783781190818
18037,90.53252439204475,-56.40902027012919,10.804628025303238,3.667789953781417
4843,42.49709774502778,3.104294787258137,35.31447186787457,0.3010654709141411
12313,44.231600804946794,84.96995726624291,29.237451899804306,2.019104431225162
1524,-81.38587248557053,-9.295467290658584,18.90375640650044,1.9819232314476447
4007,41.959160476659406,-62.3268313434723,33.59648234160887,0.999999603015347
1631,-10.777494902639871,49.451831971563244,33.237398873569326,1.9068973252369381
17218,72.71038449979159,-49.737850196847525,29.95478118962962,2.940588436758429
12916,38.980743884079715,-68.10282913960795,31.24282215849177,8.04899128210563
17624,70.89699899243992,43.66990857604964,36.55517126327106,2.3975715825227852
7571,-6.47732877841052,-51.275961604711625,33.74191697681175,1.8899847429544145
4678,1.335504320027564,52.352176501826385,32.809375513415645,1.989880058922581
1504,-72.28674779776111,-25.4929602554645,21.17380335641892,5.007420601079189
3221,-35.487177256580345,63.847762130555324,12.80825267692806,2.7123574099926913
2137,15.117436970635437,-88.5318880399549,-2.4806135524846535,1.9981635826533979
7439,-94.17563130872216,55.50201721452484,4.5935861544142575,1.0054924358325077
1442,2.2561912997610714,-67.47817930102887,33.37651999761803,1.9776854260566643
10101,58.57965764136512,7.748794719976234,37.0067492614372,1.0000030959412498
8992,85.66547580953008,73.36344455951544,-0.38659549507764235,3.3555255819458165
5560,52.310024901038716,47.493123170057146,36.9207276032596,1.876460398546478
13941,34.00033750745096,-88.4664521969563,12.5936575342088,1.0000000838775636
1516,-23.50532058680251,-41.80300920053923,31.71201118487684,1.94439444590019
1644,42.800489804721146,25.063779802923108,39.87118338374872,2.006954306628459
7900,-90.38138959570509,58.01082157757142,10.285511725074409,2.0506003409769815
1437,5.469085039517924,-47.152928673453395,35.69913778453708,1.9567690634835035
1684,30.617296647014037,63.167085143038705,36.48159904864625,1.882028539678032
12517,33.88361862512634,-75.04565741853109,21.185830534524495,1.3372938380116233
18042,77.40579444091104,-68.27781674249741,23.039849089282086,1.940092419706172
11345,0.8825936545786701,71.00164198038095,30.6947253085196,1.9800096959415414
10010,-16.510632010670378,3.316447000947795,32.592447505784726,11.88125499758075
1620,-100.16809538219442,1.3531751275928725,11.667786946573319,1.9860861341074092
9112,-47.05054287149139,4.913656947135326,26.712862402626218,1.9189330790293584
1593,-32.107990077532484,16.071906267257354,31.524513121678286,1.9133098453520285
12495,41.22301982806806,-63.619182501840356,22.76584576418033,1.3648743695443595
17312,24.828526214789626,-87.43926057086095,24.176025590628925,1.9131979218991793
12701,30.532421450426327,-65.29423486558812,16.822773721852855,1.2611343877340309
9926,7.926714060724846,8.04799802745175,34.85893096633737,1.0000056149486165
11830,3.712713885817414,74.90118487761725,27.903445640112114,1.0026030614053483
7568,-16.513162568933218,-40.047532954682545,33.08356907057339,1.9384550954533342
10405,57.511147555752274,9.520151951405484,36.57362023997533,1.0000022802639918
8060,-57.41113945852417,67.94552011746283,19.325061048999483,1.966672091423636
1648,-34.04837680809742,-21.490955269621594,30.917696968011334,1.946714303697923
8705,99.57907824212732,24.35790635584433,-4.0672088006938285,0.9238156571904013
8882,5.342870172610325,88.09782914155528,4.450626537158083,2.0082025813023328
12053,34.6211320031168,72.09191943379851,6.246001243591309,29.100902660901674
1697,13.557704306058332,68.44167852298756,34.45735841931782,1.9889843461334735
9317,-41.681645713662306,-15.365716950660993,27.578828691551323,2.056543690141958
18079,95.05112928462464,-24.567031465831167,1.0956268962959201,1.7499956995233246
2718,46.50577699000314,-30.150612027694827,37.80840932566031,1.9711802844094928
9996,-2.0090459633263,7.025114362072642,34.7164408810424,1.913667116684498
1510,-31.37712210679622,-69.85560183241465,27.35714288732213,1.9422767699948569
1228,-88.13990032483464,20.05045938521231,16.078757635850533,4.695390542817504
5317,-60.08914324046545,40.575674690348784,21.531451646641578,2.014402416180411
2135,-2.2739094659887154,-87.65152736352186,1.7681453202926032,1.9377795575281953
13066,12.986487363609925,-90.45666071152795,-3.104540582724802,1.995054338882947
5192,58.84438512349252,37.54216756032314,37.582118841081154,1.93660717186263
1477,35.59398212085041,-14.916072076634794,39.75290075613031,1.8860221784973545
4137,-21.295415005180892,-47.51811573400995,29.68562440953744,1.9559587952410482
1360,14.764939683341673,90.52306846969148,-3.312255363610003,6.349694198102126
1596,6.990390661902074,0.5939399116775362,37.79552916725827,1.9572273838115402
7572,41.08636332121656,-30.987544216366647,39.536510620710466,1.9416689520842285
18044,73.93245797752775,-71.5916132585432,24.5469361807533,2.0195097771040245
2806,43.49396953691315,-35.20146942851405,37.380913275030395,0.999997228141972
1525,-85.49831238266552,-17.003146599763163,17.1953601413096,1.9875904053158526
9244,-21.700291215442228,-9.061882890931434,30.584735492694634,1.0000065564994198
4617,-41.002675257193815,56.52471856844276,24.828887326712923,1.9397872226639665
8130,-33.84567265772665,71.19191651644412,11.452358845266641,0.9999950334827925
17996,68.77587270803417,-17.878340434722496,35.56840624832673,3.6006599190777253
1570,-63.86132218214169,26.886594569961865,23.558283544837888,1.9875284774491502
8789,41.95320049266656,88.1650749575796,9.627923343597285,2.022193888974183
1449,20.52142761871339,-66.51498832994224,35.43574070500373,1.994103797852216
2336,30.618998170818905,-42.3530302986506,36.39167117678893,1.9202337246036107
12931,36.79550732349807,-70.92257779281043,20.25763231004629,2.9874679057028826
1590,-4.633702393456703,0.17138946909239314,36.42480188552177,1.973564017386783
2829,61.04862989082662,-28.314909672294085,36.087925208498646,0.9999997886185269
7279,42.480952744955125,73.73134631748451,32.078250232214174,1.000002623340227
1355,-51.33230875323964,83.24133940007471,11.205920136958575,2.038034382441132
17965,68.77970922606018,5.025483092580861,35.559024858647795,3.7345933583188176
13318,2.837536410728774,-85.39739226379078,27.243180774399303,1.9248497616224882
1495,-74.02022375292607,-35.76148286498052,19.847620906026798,1.9195756380781366
13236,46.7039341768059,-86.03012795829233,27.478051404030104,1.9782665978467329
1602,57.236981586048834,18.82145817595879,40.223828050136845,1.9267651871040798
8538,96.88050793677323,44.586918792317036,-2.4012331571954397,3.140799835307837
9992,-4.332551551068603,-14.693779536675283,34.22781869341948,1.8743297331620894
1455,-44.58121624482355,-2.9086677378942074,29.32923328130545,1.9848395785586566
3752,-73.92077754153186,-67.00885947478513,11.825581556859136,0.9999842598505931
1634,-54.194523367857485,48.77683737242567,24.39271275406639,1.9385225418563188
1214,-76.47521113999663,64.0541073555016,16.37655123959993,1.979992616507408
12028,38.277781291344134,66.18374241478122,2.862358432481174,2.367882435789327
1443,19.0608973452145,-72.45943373071489,34.4062020432745,2.0262255692503506
1590,-6.751915506288325,1.0409417445068938,36.125324383882116,1.9517867124955066
1460,-74.6531891926894,-4.000423751583664,21.08736890659943,1.8609405748346657
13104,-51.407224224241226,-81.93453150771768,17.00778834390877,2.017031483362906
12304,51.400495421182434,87.37384776400124,24.038381706985312,1.9722104566770249
5102,4.815505747629521,9.275688984167413,35.50351977116835,1.8951771311343584
1578,26.15677336266205,44.87314937047483,37.8791705144035,1.9482733040639308
12204,-104.03823656001732,19.122744722665175,5.095652418169636,0.9936640688390063
12138,33.63580543479587,64.29159240928662,0.5713708694996147,2.379969051342066
9112,-48.141967916536785,3.9529686192924633,26.472533795177732,1.9024588298063236
7071,45.77264765711748,87.21418568142049,22.41245015063445,1.9512701466802718
17209,93.52287002365135,32.271628772578744,0.21747416084782845,1.7499978636749434
4690,12.483973380308672,48.462584790102355,32.38992375857498,0.9999998679253401
12683,4.267310671781814,-74.51947925869617,30.544967317462394,1.9731226867210614
7421,-103.59238209130012,-20.084217028771143,4.886203482197966,4.683730715603963
1363,-0.669380042431468,89.79520527364318,16.267341147430667,2.0130310834771428
2588,-31.288507527317492,-53.878857036058186,27.192100613197113,1.9105405367519666
15245,-47.78196933203479,61.18192017071456,22.70960968766558,1.9147357274483063
2812,60.26651160321583,-41.405092303227164,37.166598711476375,1.0000026824700619
2283,32.177939942651435,-46.28961916657508,35.48827132896109,0.999999231601702
16426,96.17249726889293,-55.29820408927607,-1.8714378760492685,0.960041677104572
3733,-79.62182028082603,-68.00952215504682,11.776679664657667,1.000224854090239
5428,22.182449789053784,62.47204108938274,31.96080316489197,1.0000005949265798
5334,-51.46956934190804,44.266044795237704,23.496769439427005,1.8837470932047917
11759,29.666605386556398,-90.65723430055215,16.82390486951178,1.9982714232866658
11507,-16.953356758584924,78.79906049399406,28.459357253251106,1.979206760181911
1609,58.06520318572093,8.91749392993133,40.322771647017845,4.900098001333011
1500,-92.17158759037932,-21.030704566482008,14.567111482570986,1.982897848609941
4549,-7.512531906432592,19.22671006448317,32.711880813516345,1.000000244320022
3696,-90.08216862899431,-59.84533615100618,7.7806849062607295,1.936021701981283
7783,-9.31135035247554,86.23536614959637,20.7490236313718,1.8875533863154275
1573,-34.87227630766529,24.140096546471877,30.617577692459797,1.9271749991036136
14170,32.69018416508104,-88.62544381414679,18.688683328414132,1.9833818189670471
7940,-66.69584976010343,59.30433083491462,17.86613582756946,1.9329140231595594
11381,45.946309899692224,73.560217787384,35.239335866546945,1.9987949334313972
14894,-21.680850801284084,-78.33646536082762,24.10449077112385,0.9979747675523536
3803,-67.93754204884554,-77.09951995404062,3.031940312930587,5.651688156167547
1461,-88.94734441983431,-3.5204638551232312,16.219032583734407,1.960365162780035
1541,-56.24477241276212,-15.442533904166229,26.08006029411686,1.9136485125458782
1440,11.166182213603626,-61.82874445511551,35.00124992933672,1.9261430985112993
1645,38.39928298066159,27.097387415318572,39.565101020673815,1.9146965408479633
17870,91.85697977723638,-45.99590716755293,4.108814478517523,5.9992616867899775
11598,-13.123158868880537,87.03457379367173,22.158617766913395,1.9661203886835044
10520,93.48234041112207,55.36034227929558,2.09922403422539,1.9814281000602063
14175,69.0840724940155,-73.02459187455332,24.874272266752726,1.9870885903714295
9937,22.266341377288953,-5.611544807858574,34.291497874806566,1.000000603095705
8812,39.617442579048486,88.3500899450128,12.421930317382593,1.9999810797879756
5183,-75.80381484044119,15.89727539091814,18.44963498014128,1.963988101060192
1615,-93.37764215517072,45.8734822266426,12.677025633489873,3.622064135556848
6745,35.80054243910797,68.14415398000762,10.894467441960668,2.6763385589412523
2299,15.066162536109033,-45.56790209506586,33.9334970607935,0.9999987077894723
5242,-56.02366616130189,41.557636947979105,20.86318430190314,1.0000006623840583
7596,-64.87705524429298,-79.51728721255249,13.82891993332248,1.989359859664969
1434,-92.88390943899643,-35.555978202821194,13.546483775644347,1.9759959723553597
5265,-89.36700357405182,11.768815613196255,13.822904065886574,1.9461668163519372
1570,-67.38362977046344,22.94006512425098,22.748190853242548,3.0668219476310847
2822,-76.50646140095141,-31.67482934693406,16.761120912329435,0.999993555778418
4846,56.6728582006606,60.310014808541055,32.59949648942073,0.9320400931802596
2289,33.220994886738325,-36.50102540976515,36.850006933735784,1.949622575236819
13068,7.117563466665403,-90.08416955878653,11.646396507928076,1.9044091874605367
5430,52.153784000556385,23.003962445641335,35.97800225012879,0.9999983259010945
1437,3.112942848484571,-43.80785044637847,35.696342666155935,1.9965464556687709
4869,-37.601688752026824,6.4801828121330205,25.735191520963003,4.921698245542275
10163,21.481275288551956,-8.866416329808436,37.12459239985912,1.9255240795578406
4535,28.017999496481814,-33.64675463251733,38.66929411478636,1.96112063184392
17998,73.66230662649023,-19.03467997630593,29.862187816705827,12.309063924441297
11409,-9.499628191275939,78.81834120925564,24.895371581366792,1.000651446918921
14120,34.99946739286206,-81.19211483884288,23.71540339654722,0.9999999600901955
588,-83.86697067955927,40.83408625451956,14.279467072865556,1.9342146966702913
11208,-101.92491971639134,-19.77311017153349,7.967608669239252,1.8841687770556836
14146,37.97896631550063,-88.41708752972349,11.924741574690245,2.0153944005891704
1535,-67.17886929384396,-56.68712597011979,20.023017950823686,2.4802866112073896
12644,9.458125956134985,-60.35440443007273,32.99409424008986,0.9999988068852369
1583,-54.33203469883867,17.996883268766393,26.466386881674403,1.9582941940636658
8692,91.88558520035727,64.02645771508428,-1.1394006328556134,0.8933305419488624
6737,33.910094784088585,67.79461710362938,5.535578624160324,2.4702176640996534
1399,-37.55694728862791,84.75257465979368,-2.220575963753328,1.0126930116918615
11349,1.6966310808018723,73.83013655721791,30.354385028453304,1.990716203404695
1456,-61.43150092936076,-3.6200891176923338,25.12427312237944,1.9837642410848353
2275,27.770267535297627,-49.276265874197264,35.721642434931255,1.9283333038145454
11292,-84.50754445121908,-9.535484644831456,15.496290834999417,0.9999867902158794
5008,-35.02231803829788,50.120394512686346,26.77361640125238,1.9485819360223524
1442,6.825750562765098,-64.52740559512294,34.21951611587696,1.9556353349881144
12496,41.01601022098847,-63.70304833098979,24.781557877190714,1.4000587736235095
4213,44.50334998102102,-60.74076870934474,35.42768070160612,1.972267139084525
11088,25.86745681336963,-7.657189234723175,34.450600194734015,4.8977981760547875
17597,67.32568842500334,-81.19491610903981,21.94718923352682,2.0129263877660803
10152,28.619549758810017,-16.27662092195479,37.46197702305925,1.9032351016413935
2610,-46.00452164169855,-57.7398487397092,21.017442940852746,0.9999901801141101
2174,-61.701139673180435,-76.39028397833718,10.847843834430366,0.9999926722411155
1384,-53.36521641555531,81.7638000780944,-0.3878178311855074,0.9923157595312516
1637,-69.14709717265279,38.99240290172439,21.063233438393613,1.984280792235801
9164,-72.5261410535559,-23.830071400909247,19.073965968798856,2.0262010682896765
9920,48.20738927778261,4.294880001988475,38.418314454458326,1.9336317303045043
2745,-15.363309321693954,-34.67981143668351,31.651416945703126,1.9296432404835036
13068,1.8204529202669217,-89.8698880726133,15.99331996074411,1.986965667874508
5222,-47.512219900779016,16.61787319636585,25.057829737938295,0.9999962872169432
16668,95.8372193039335,-7.995160695287531,-2.918147837618399,4.0344721528065985
4151,-37.505736808275586,-37.920512616231356,25.206973038247877,0.9999909654181209
10065,45.04090489159396,-14.11465972254727,38.20405967067114,2.022806175502963
1665,26.10797575664428,61.55909306249954,36.40626032400271,4.941713870234241
2346,2.5967860275637697,-41.22126714777091,31.89663524584764,0.9999885975903187
7568,-8.825566574414866,-38.24724375955262,34.35891485322162,1.9661524919665927
17830,85.91948602248884,68.60204311214453,12.488889652685511,1.9272028871926377
4657,-42.19832244689049,15.42305910063568,27.482738450647258,2.050064916594948
5128,-58.55156904893645,41.87187172888443,21.013731728142126,1.0000014263152424
4657,-37.257888104429746,14.735726051551708,28.548256468371207,1.9767765044670094
15977,95.2493655689808,32.56746184610902,1.1836682572875195,3.7099348313987273
8187,-32.846932262487485,81.73394310019228,12.482592139462081,0.9999991732199128
11349,-0.31843968242090803,75.84856371615155,29.72256449593896,1.933452227694972
15086,-27.333133663453086,64.54499747770501,25.745578531618154,1.5787610678326858
1377,-3.2215634915016227,89.60211717478738,6.505276694332255,1.9967348418764292
13228,20.92726942993013,-85.27071434608742,29.360768762831377,1.9543488801135014
9903,80.19326104731006,-74.47615398823062,12.04351531553716,2.0298153125269516
3976,7.515058977338324,-38.14711085596624,34.61562000710722,1.9002188134907205
1609,51.011371263123266,0.9458268324077561,40.38256285807048,1.914352784106755
5458,12.585591279693098,35.87254532306329,35.23114784491294,1.9309420746805828
2156,-42.3721021272509,-82.87868702444558,7.955783592927652,1.9891431480611275
1234,-17.93846506372242,73.70707718193793,29.435163348944332,1.9830427674845201
1469,42.44090333666966,-2.3587757207301685,40.24526180757736,4.929459416591093
12462,-102.79754820138706,-10.547784895911384,10.113902858806656,1.9589630271533571
1584,-16.624499280301286,40.879248863227915,33.009870139838,4.943457434401447
7596,-64.4753789921582,-79.70992379052406,13.729234846019418,2.004108035266725
12388,39.764073932680446,64.42697977276667,14.947616063599964,1.228403985694216
7441,-90.2455600928641,61.02917679394799,4.186096445258425,1.0769426641765556
7571,-8.518503490928882,-55.45248933804192,33.04341519225643,1.8716585386772886
7204,65.82521459964539,83.53306568110798,14.821750968538517,1.955228945570816
17791,69.63219359041604,56.38702013761672,35.116517438362955,1.9778685550446684
11619,-50.114872660604505,81.21763248124206,18.425240307595985,2.007570227321108
8711,98.22187526882209,40.606652570974646,-3.8423827045415297,0.8391434102191893
8882,6.913201967704217,88.17826162562997,2.788314766481199,1.9979924388905257
1226,15.1885215340718,76.11272907167985,33.38102551181226,2.0093009961391313
17844,65.64150222389974,20.01059573378174,40.06704271928942,1.949637835376469
12135,28.586870769625936,64.05535112941764,19.53859029438893,1.3085420728719135
6572,34.14689358698682,-67.25114481862246,19.008635246023783,2.9522694126606117
9930,18.712940220368743,7.667086073039435,36.71769926783112,0.999999760958632
13434,-35.27952489854041,-63.10919352285562,24.99990853384275,1.012111935779571
5581,46.56546620525961,27.384108904563703,36.74300148432566,0.9999995479162597
2807,52.815591535516,-45.500646785192494,35.771575825155736,1.0000033963201984
2814,47.67927918459008,-42.536026986823515,37.15858787351416,20.899506509192435
1569,-66.87578482577716,27.281181431250367,22.653466455674533,1.9969714392003284
15220,-32.827299217857984,-82.53558437234284,10.594294908946779,1.0000003620057205
12395,41.81568186634032,64.87205622442332,24.932510280961065,1.4026994995899058
11947,37.221820941390746,64.30897904660645,22.611336222158783,7.703507516471973
4593,-23.907653903020396,10.32950905669458,29.128050913299383,0.9999991435708105
2547,-38.54659416094101,-66.30709974922502,13.59372855033484,2.7697226688211756
13067,7.611928857834444,-90.10209454772138,7.192222241135357,1.8887962709894117
1572,-42.26597500995658,29.15168117215563,28.86396503070773,2.0548097454854264
1464,-95.09619244282669,-9.328327872973322,13.751593499910115,1.9878686063672018
13056,-25.478511559163547,-87.47431989147395,12.04625805832662,2.0364415618893483
8623,94.63452443948185,55.25216814805236,-1.597439552943431,3.6053505297633106
5493,19.96856387052503,22.991724736525644,36.57427566290111,1.9593338746052555
5651,30.697415418646344,44.2939058788279,35.08746295844732,1.0000007880393207
11990,31.8592561149187,69.53468941775594,12.917145597286408,2.7271307500510846
13032,31.460305255745517,-68.80804798093793,17.69901156095076,2.869472702474577
17145,94.50087310399157,-47.96066707662451,-0.8062791621372851,6.175664175758706
1507,45.68805996661938,-11.625900338048547,40.25868259782585,1.9933297100382452
12397,40.51565102762114,65.55958716376155,28.79781977081603,1.4701699765860015
17212,93.91841041543827,-1.05100411087794,-0.341733359041418,1.750005510294155
8844,30.649608313183872,88.63917656910454,8.182116943257892,2.0489217438966136
7559,11.448175003895326,-37.89642930773353,36.954656753394644,1.891197111547882
14829,-33.82725959967763,-82.87017537629217,4.538014068093656,0.9999989248929029
1356,-51.532845135984864,83.20032954182129,0.03365946625552174,1.0319345743725836
586,-78.67775462748249,39.1361270430416,16.12687413175459,1.9730924908602638
1541,-57.42953595468439,-12.358311802404312,25.89551180550493,1.938144362110545
2417,-37.659773974456705,70.27977325440425,19.17778321919856,2.9512843196227636
2448,-32.326864598849255,69.8047773250878,2.178619088408734,2.3755104001558776
3461,-3.034348280371326,-84.30467665401132,24.63968751611047,2.0438278064944466
1648,-30.135794391586824,-19.453999863671683,31.78914903277549,1.9107963440945024
1569,-70.46855946859363,27.78683831457589,21.57823726792477,2.0259318141598515
12975,35.23246863710786,-72.82048150042044,7.004243464004964,1.0897461991778126
4128,-14.312582126815485,-42.54814864700856,30.610668131120818,1.0000152386820564
5041,-16.514594035119202,36.47022713878475,29.887385023482352,1.0000005579355897
1639,-88.60128180768453,31.497318315325085,15.313460719199533,1.9805463895251487
8172,-40.914523337222974,73.11817669611048,22.71903295888189,1.9854413986028738
17187,76.43571561469157,53.72297988943323,24.61680070467277,3.303921275207815
16906,58.51799610298457,55.265583161040176,36.21927397776351,1.9526091946123705
1661,-1.3765052474806412,20.713012064790814,36.40224221908876,1.9574513257213706
1660,-17.825688049581874,36.44289343125001,33.122009553201664,1.945361645813888
17591,67.47985886390208,-45.15025562661917,38.329064362925614,1.9394911727165158
5455,50.73930753894691,23.706949585644427,38.13880170383817,1.9133801077800092
16420,97.97848417893515,-46.50321018046735,-0.1943190965495897,3.5803879108123087
5581,44.33758950646193,28.67001955620399,37.34051850181847,0.9999999950916298
9319,-35.563801280012385,-22.98221208762465,28.54924153672776,1.9538192799479437
5611,42.48506419994986,39.33646694472881,36.63991871624068,1.0000013378122583
11504,-24.480433424088343,81.2518106434533,25.476874932267883,1.901120146556602
4867,-50.88555533925914,9.559689502424774,22.60773245772119,1.9492799632857516
9719,56.250489182581646,-21.611827308043587,38.242173028609926,1.8429830023443976
11831,4.800362489811674,75.5293107546219,28.27757348643271,1.0000076781981568
1609,56.92277166165192,1.0205082153425145,40.38538548625702,1.9179305982886852
4128,-16.356140708817332,-41.36862642200397,30.31720457840157,1.0000105057743973
12495,39.19836475173681,-64.74290180181028,11.381884908944599,1.1661586575275673
11210,-101.42905750969891,-20.459509058943006,8.442121313345405,1.935145054824066
12316,43.44690910957372,87.13129868848009,26.902890977108555,2.02065992362342
1374,-16.842148661823433,88.42508460160971,5.464606309993975,1.9938413960336405
11747,19.96824225645347,-90.64798224936419,3.5884945286219017,1.9907555223112832
18116,77.08834097466355,-49.89153287319131,29.12882561068388,3.1193104448286255
1784,-32.75263473486958,-84.68999007547319,-0.8181479727886477,13.723469051410396
2288,32.7044491970736,-34.828778808963165,36.91362243069245,1.9401937888732106
2097,65.34875070975824,-10.852762503060173,40.215552886937,1.9852974585504761
17522,51.80451307526157,-87.02646335676576,19.323698377841986,2.0474098137655306
7239,34.97958762682819,85.15367231543999,24.96842142189975,0.9999989718272035
1586,-52.530782793582425,57.31171206440321,23.970403890530157,1.937673847846218
9457,-84.05313760771983,-25.38700627411567,13.427050364139903,1.000037969696882
1289,44.61736856127159,89.97910317561846,12.228721408704565,1.99584286632758
7556,27.60461814168553,-73.77024953109861,34.65085639672578,1.9138876823824347
1610,22.372418477206708,56.16132196245422,36.72137920003267,1.9706709192132923
4348,-66.40218358993005,-60.27731332635219,17.814402567889992,1.9429137768050802
16423,96.01332570522149,-55.65381145791317,0.9610864690678474,1.959262273172741
11349,2.0298336017019616,73.30739773856054,30.490309245686543,2.0053832213024
1507,54.152487452606536,-15.28123885820013,40.2647675065786,1.885861319214337
1747,-5.020186295336925,83.26876392949212,3.7737114326981906,1.0000004581258042
15992,67.75846569837687,29.960548209398166,37.153857846266625,9.823737973068953
5562,52.48420801342267,46.50756620576334,36.67821710441593,0.9999962716049278
1458,-71.98892335028215,-4.137644937354789,21.926823081053108,1.873183851469222
1594,-22.029908196918456,12.37867847954084,33.612031624835886,2.009045744548923
1435,-65.5174030510942,-40.97293866580657,22.005248044045228,1.933600697803317
7600,-94.3417641683457,-57.10352041330523,5.503772095328797,1.0688506455569347
18039,83.26685533915035,-66.66458557826364,17.076513235225853,4.9123036993363804
1527,-93.24449803015352,-15.20732140645661,14.357945642534293,2.7366597618096264
7554,28.178712085236846,-47.196868526922486,37.83190928704399,1.9066755636311716
13931,33.99892289189204,-76.62747260141369,24.523063662215506,0.9999969079439253
2138,-9.35083712970303,-87.12361556884662,0.45625397888991726,2.0184024013089212
1493,-46.24116785881057,-40.30040667289377,27.054319752770166,1.9100143026321463
16418,98.65468779007112,-40.48864092981141,-0.2515156287035922,4.080998501159477
11761,26.200667893403548,-90.72576776039095,1.3785149074132308,2.0668355598142587
2586,-46.50456270061435,-47.28236477021481,22.642484409857538,1.0000040437910358
9492,-94.80825624503433,-26.961757999956895,10.02104353049897,2.029492915223355
3465,4.849421488797823,-82.33550465419901,27.45973425510209,2.030681585221988
17586,68.8864303457043,-19.894338840384663,39.256127752705424,1.8840230863756033
13066,13.701140282261314,-90.48555090812057,-7.021605056645684,1.0128282347564894
11324,-97.2106449833841,-1.0500173190764492,10.801768188088975,1.957146981885863
14207,19.241487484085397,-78.01681407137777,31.078836119621833,1.969071765597115
13026,33.00865607815979,-70.9865201392234,31.56640024919662,8.090893683291934
8572,99.49278414175235,-19.054944456480108,-3.3338956371889132,2.297809755308724
1469,42.33803663615466,-12.544660444980805,40.12446006429883,1.9619905729981104
1398,-38.53934088400477,84.54100720933482,-1.0911101771707195,1.0478979782927622
4211,-17.50663129784931,-30.09497887213223,29.887512811827683,1.0000002730404618
7790,-18.03032012935981,77.98082561010165,26.446573112887403,1.9530948924093383
3375,-29.915363273103715,72.31305793754917,25.265603285192135,1.9868868169961265
12378,35.29606261740752,73.43573559487683,20.443742207470038,1.3243420013184122
17799,70.40258036696822,12.543933357440938,38.713126617381214,3.3381111410042634
1661,-8.683122447874743,27.76436163752744,34.970657719230374,1.899342946028384
1002,75.22657585400384,66.20899744193045,23.40219678278254,1.0000086438498035
7368,34.38764706247124,83.7041100943284,11.468001121210268,6.887077611219856
1602,45.57850710433358,6.722666438439147,40.31306636014379,1.9431460967375216
5531,44.60254630821299,61.73672340789959,35.32906363749717,1.9498667114098176
1372,-26.63324224047482,87.32090825225566,6.8478961973702415,2.0189978268392283
4426,33.88871997284715,-11.24283497783587,34.887616887901046,4.825114979531727
17801,73.40694730061574,13.732672501067062,36.218555893240996,4.237652315183031
2250,14.9993746098596,-80.4150023940997,21.62009699460784,0.7326488517829057
16433,92.8097356107935,-64.2735894962461,-1.6098292525109859,0.9173736870231584
11761,24.536218063183373,-90.71713612911603,17.976009607875415,2.002106552430714
3620,-57.28847192433161,-73.8538936662321,18.265094040159468,2.0354364124074498
589,-91.00258215893173,37.57201945010304,11.996576405493276,1.999752598150506
9149,-61.311368658849574,7.671560791392562,21.918257380397986,0.9999974819211166
1539,-46.56875460050293,-72.59516547469929,23.497855569469206,1.968002338891528
17962,71.34302699120552,-37.99834001567266,31.905561762256816,3.7005924828810874
16251,97.10733013265062,40.09821063360707,2.7515575457261683,4.427730371515946
10016,-1.69405517576213,7.89961068036032,33.38929012719189,0.9999997713814195
1680,-15.400899606909224,66.05973527464651,30.88818638594824,1.9573692329830286
17936,70.06914466606771,36.471122862666036,33.71214787687216,3.419955806454346
2140,-27.573159169518213,-85.15404858505536,1.7477404582417049,2.0196647595684034
13184,27.74650260059934,-85.97480922927804,29.201359062246183,2.0275997012109497
7294,34.98057173272924,76.91130397247608,24.619395686800086,0.9999976410842334
14894,-20.92589324504285,-77.90016690377708,25.42145960659923,0.9988750009517816
17136,85.59166578602118,-66.80501674828734,10.402964092201929,2.0105850902907227
7567,0.24701587734086006,-28.985682318140558,36.19739425625331,1.9224865239358129
1627,-95.63985740372112,3.3646121703865575,13.590343863051794,1.9719644349191985
1753,-5.020608495336296,86.80073867144593,2.6832404994014656,1.0000002992869386
1354,-42.685293089091864,84.86071269966173,2.6979190881406923,2.01792888249822
1661,-9.024132441412942,31.81690895816709,34.70633288863367,1.9319335391496923
15426,2.4986894817708394,-74.66760982313791,28.925075131363485,0.9999977188983374
11510,-34.22685383522496,77.23018756228042,25.50848664088847,6.03015267391489
1573,-40.61454646361605,26.40684690931149,29.366076500922695,1.979404658979631
9999,-9.699121294176527,5.713204416134612,33.69209444141812,1.9089085630594718
1610,27.205275207495248,59.32403637001076,36.7159974763911,1.9106341243073452
12431,-100.50772096869385,-37.74653825087995,10.223133906666147,2.0282872287910503
9320,-26.583695982997543,10.719476279353378,28.69494004062522,0.9999993361938588
1654,-16.452257160618572,51.01508242414911,32.252704305575016,1.9625318605424844
2800,43.494214963090506,-37.704151253229384,34.859858977843885,0.9999965948199311
13017,34.20639319910466,-63.8073243707309,18.373766721793068,2.864552181055043
4561,-38.258075656853286,30.330175796831167,27.628538787978847,1.9394000262747126
1655,-66.16543789900781,34.43781436127318,22.34762781059605,2.0593682966328024
1602,46.24772658316887,9.695813271738837,40.28189979026281,1.9355051343606873
16402,94.11092995329172,61.26961223537924,-1.1488682749357344,0.9543929036489999
12071,33.451256816263,66.7239187392529,1.0855954997168737e-06,36.1703128773717
7618,-80.5858799714082,-64.88840472563099,14.977304328142626,2.003900625164189
14050,54.99983267312666,-83.27471311331439,20.659427708080948,0.9999485573447776
11989,31.887933090619,69.85967834532146,22.395273094880018,8.294905215314751
4005,48.383028720528785,-59.815706225999904,32.64812349697043,0.9999857293699793
9217,-8.43959016661616,-23.344523599787404,33.26554621260407,0.9999968079140444
11759,35.691019614123675,-90.55322428144785,5.195139306295349,2.0125928318074773
1178,-76.86201146518087,74.62345643937326,6.324035808356666,2.0619014005011223
13083,-22.206845916392194,-85.7312304183735,21.946257447585076,2.0283550209726724
16209,100.8349076238319,17.0645309140806,-4.645630273538569,0.9089605313240372
12146,29.282667051393517,62.98714026028625,15.690439519646718,1.2413692488374986
12411,-103.4509224948178,-26.967195724808903,7.731415780209266,2.032674721113129
8000,-65.35110789077795,72.93679121082147,16.183950269422436,1.998171181016712
16028,69.82503399413616,67.12352337880517,27.992878576446177,1.9706291664262348
2047,63.95547029353479,-84.4629256439708,20.16636069973915,1.9384975273703122
4787,-20.801393478726112,28.69128328740975,31.08044226700948,2.0194637833495928
1209,-87.84121949250232,55.419397815545246,13.714974900059968,1.953797328690778
2027,55.76871309543952,-87.52611126760848,9.116823671269433,3.56972742818815
2425,-38.537374262067786,67.46261863581078,0.9675034699680197,2.3981173070540605
3982,7.399758171003782,-32.17490409533118,34.95013215724788,1.8690257165758415
13525,-41.290606945901935,-64.26717848927778,22.808644124120896,1.5274957949513477
9249,-17.307342038774078,-21.996176900161295,32.047152441635525,1.9349541822365786
15787,-5.99999864869312,-85.65950874172478,14.171803366050188,1.0000000356099827
1467,-82.5000483174505,-2.4017146563658076,18.637504246414014,2.0105731935536073
2335,32.49629447113875,-54.6666320989025,34.41585597021455,0.9999982791872128
17216,73.13283403038743,-43.68906914055448,29.350424740026998,3.800824970781912
1669,-50.611901639764184,59.55294754322948,24.197421310852285,4.943279601464164
4975,-14.616480436461794,50.931336655352766,30.560163830083198,1.948602218150367
1527,-99.22239698399414,-20.072400629396167,11.768280738621444,2.0067569553582283
16405,97.39404508140866,-50.509246139606454,-1.0894231156756407,1.9949950143762758
2279,21.92272590322997,-42.463788789678354,35.77452377683839,1.9751448227312305
6802,19.885034923205172,-5.515191372055444,38.97892113694619,1.9397603743967238
8110,-33.84598033778925,73.77133637507424,12.562765654737296,1.000001734366864
13016,35.54216419364978,-63.54867513943853,29.197420388029617,21.925550696229624
2120,65.34354472528354,-42.169195192306354,39.157619001907676,2.0029226248373684
14228,44.41560949855321,-78.51815131269741,31.20244292980292,1.9667405952076145
1687,-85.33945298847709,48.85324034284118,15.197579652914161,1.974809791481021
11541,1.086245998085189,89.70903577560415,19.550478095348993,2.0554652984063373
11534,5.429141121062515,89.99945303357147,18.33832845233741,1.977027497153502
9704,58.461681024650005,-57.375895828034324,35.990355645377974,1.956927543812996
15987,75.03442115925176,10.50903302083354,32.83803522242958,6.262009453344383
13064,16.73947250921138,-90.57977335895805,3.228611836394348,1.9995262083751668
7554,31.54884590260312,-45.08532004291518,38.18473975506622,2.962169761031131
4809,-27.196198360192998,42.17571630382312,29.03026962247411,1.8813054243212064
1812,-4.999895602984105,-86.51862903647947,-3.555254538550645,1.000000098433181
3541,17.596756433402575,-87.89749917475837,22.710343226777926,1.9633743435361841
13430,-18.938642616633867,-75.59903613199137,25.431364453848268,0.9999259008608572
12974,35.233924812683604,-75.57766900522127,26.062793605688565,1.4224248651956048
12313,45.166535758602194,83.72897041702416,30.216339766357308,1.9909280615790121
11176,3.11130560666926,-2.5946766873002898,32.38375548252467,4.945716666783269
1353,-36.88846017899675,85.88323256096545,3.289153769558697,2.042195223589645
14175,70.32264431431122,-72.88836941038586,23.96990173284474,1.9989036905089472
7727,12.132570443526353,83.78226716694977,27.22257187914275,1.9998724275510524
17904,85.19820922449672,52.25527215653156,15.153940725218316,1.7500008142621193
2371,-0.8232140297287496,-52.04860122037261,32.53797265896113,1.9602007499699483
16678,96.88517879398466,35.52815306325574,-2.18041042441008,5.5811262755410445
9207,-69.0748238588335,4.296373128704703,20.875608289119707,1.9582678790096202
16676,96.9284328122551,-1.180796134689677,-2.15349826893048,3.883453481847484
13525,-40.967180503282194,-64.48597987248147,23.316780191444085,1.5363654417021495
7786,-9.731531770022439,83.63141391494594,23.954299141658566,2.112787914504674
1478,54.09369633512586,-56.72034472802575,37.983680662259715,1.8942766423348394
17527,38.44712265875252,-88.37978734042358,20.391266676022404,1.9865987288608524
17826,89.41071043178196,59.9076401088315,11.480822428482178,1.9746863750532033
11535,-49.79062903741538,73.60148948801542,22.557262043970677,1.9757237551027667
14828,-33.827279561957496,-82.70305862860249,3.9546189508608203,0.9999987629246786
4536,17.390254517878695,-7.092879752787876,38.7259768833822,1.9099892277723214
8797,55.5077380708265,86.37076807713547,14.3856990877312,1.985401145229938
5579,36.53099747291917,44.72212023088839,33.61714997033793,1.0000001784872257
4474,2.400218900306393,-28.116468928182663,31.566561576305677,4.9166024242239335
11278,-91.51179571832694,2.172210374113588,13.15414231512057,1.9727753124413037
4787,-23.30760100267989,26.461902985192044,30.772639236697255,1.9529992082176926
2642,-54.72778181850359,-38.04581031995855,23.157371395910623,1.9053772150652122
10098,50.60995353164304,-19.642573193829858,38.23565838516804,1.9011709058180515
1430,-61.55172390011225,-71.14705390431871,19.790718894470572,1.9898643154384683
1514,-25.32942547543223,-53.33186579627795,30.379410444011622,1.903195870467149
7580,0.08577507928959394,-64.15223659105716,33.4514861748574,1.9441362152232127
13052,-47.53193389033109,-83.88240036316327,11.37921497745581,1.8944463760158206
13067,7.092925698191373,-90.18693795872015,-6.723556234224275,1.0194925490736537
10070,52.40175415958423,-11.777765751924594,36.128909625396496,0.9999898438395316
7571,-14.173450832931083,-51.026390065333636,32.59626429430298,1.941911757168917
6568,-34.02875291188754,-67.21242269851074,12.064539930244443,2.7192997333303657
773,-101.48241699470658,-26.907026487807723,7.346661648500412,1.9881244587897637
9111,-44.432798065099966,8.631238424660605,27.266357521161282,1.9600192197882442
4267,30.570792563324762,-58.98925559071603,32.00959565190251,4.907861017071882
16570,67.00409431053461,56.867098862200834,34.340685122542666,1.9758461209795033
8559,99.36358649888798,18.653046272563053,-3.2892524405693027,2.4174572175902656
9085,-58.74050418961326,-21.48068971615752,23.206637994703545,1.9169509298202512
7547,-3.094621620114969,-6.635758996391681,36.45484176297364,1.8456867784471356
4576,-37.588346894365735,25.72384477474935,28.01412163082219,1.9443342130891836
17999,73.04870109042724,-6.366013058382558,29.659826017127692,9.17083238331582
2362,-5.030008886126585,-53.73749299717025,31.813491488354433,1.8897118736787917
11032,-83.23683934603126,-51.637606776439696,13.57369006242628,1.947524478250699
12696,29.77160642597925,-63.10113359546499,34.03365182507176,1.561563964537515
10266,70.61195932243415,50.71960934405248,33.05219538327353,1.9245733160685934
9120,-42.52877654464683,-0.762930748047089,27.773550195144296,2.0265007776974744
16824,77.01423981481275,58.671595795371616,24.683186737779035,1.8952579243475494
1465,4.008662424601685,-7.604200874972197,37.35604855338158,1.8848628609905103
11030,-79.83717410968784,-54.860201438467165,14.367363786268289,1.9315811280736628
8409,-62.71929977592116,75.84719365851515,6.50888240646681,0.999999756610994
4008,36.233471228156326,-59.02204070029917,34.119769597678896,1.0000000436758802
12048,35.25658891845633,63.4185292119534,34.06453425613441,13.1204553808299
13249,49.540099975345676,-87.18329044329539,25.107375249896066,2.0140012420153868
5493,31.002478414442265,23.241939112183942,37.41242164905077,1.8954835928157272
5015,-9.038941151661982,45.596163305474626,29.75856462340853,1.0000018650087232
9338,-28.51187912204269,-22.399179930371723,30.045384251585244,1.8715276572219337
9339,-45.010381936419876,-23.01795681801858,26.54852028619524,1.9210618585583867
11789,22.012330835633808,75.0399547806457,30.108395966829853,1.0010063012526185
1286,23.11466919620604,90.67690416827146,10.370971004750178,2.014801345706504
1484,45.49870491579456,-45.02113817898122,38.89688782600159,1.9844774319088554
2564,-38.77919706690781,-42.02067884560036,23.996296872577158,0.9999635869031837
5143,-47.515936063055314,47.719451951100595,22.898169849446052,0.9999945300495043
1514,-33.392681219762466,-52.095987850756416,28.90223775072584,1.9287259359822353
10190,42.48905167688894,1.8745107188412744,37.58746906823825,1.0005071640271745
17601,70.03597259114314,-45.129525093480254,37.0342636006822,2.04202712503305
10171,39.20533996228031,-2.3482791327091457,38.203250212403276,1.8819534574552301
16678,97.44162641695921,37.1788509371879,-1.7908705823704925,4.274055048107581
5614,44.7736470978588,8.163671864443764,38.334504457607665,1.95672537557261
1624,-69.94775666564959,3.9023046364849194,22.651169209912254,1.94747141598665
1282,63.41266449267691,86.34921845439865,12.334381677168063,1.9793376802113671
11492,3.4119000657164484,83.44687031181722,28.982982768555622,2.0180244963940854
4613,-31.696986802146846,55.88295749068325,26.916182542908324,1.9159113310071956
4755,-30.04225552256843,25.416554687638467,27.750113598473135,1.000064275031857
13271,3.541120383500882,-81.93291335102462,30.009740077460542,2.070511028444965
13052,-46.81639211054015,-84.02690806100384,10.648028051407806,1.9110338349707974
2622,-66.50397546151082,-52.3708706484304,18.105475299907198,1.0000044252589582
8175,-70.15783272027576,68.78619605003774,15.53999159587818,1.9953959885538046
5584,53.69973274740079,45.204071903741436,35.212501109715305,0.99999827991828
9112,-47.12640404585115,8.776254762445387,26.63729746253607,1.9118655100135709
13052,-55.289246909460445,-82.40216085973525,9.543572089058191,2.0587332865517136
1571,-54.04911060424007,25.82152923150735,26.114711188221108,1.87783639517401
4340,-63.31274029911934,-60.450523196944424,17.20892417319414,1.000009965629144
1511,-18.636538072119723,-65.04436719930433,30.44706601929601,1.9495373678366696
1377,5.124583819085036,90.07747993901222,-5.365239643145429,1.0727501930640506
13885,86.55843505488318,-65.1896576626131,6.765712105931495,1.0000027667222684
10121,44.44383234774827,-6.029935868329821,37.80217831408103,0.9999980458487605
4643,-44.12783547534103,43.93821142788514,22.439065624771164,0.99999872239541
13640,51.747373419387756,-65.62219775427853,34.79759589224477,1.9670490499924862
13472,-41.46089186604995,-61.516562546208185,23.001516388697837,0.9995992044843144
4535,23.613089638084812,-39.65310589228766,38.08977273567959,1.9820661848771388
1495,-66.12755287088135,-34.224278837183434,22.338730906215417,1.918764833895391
2342,2.2132571344461596,-48.98351240915759,33.19279631143166,2.008526716752988
2740,12.067042574363219,-46.22797873582849,33.137084394592705,0.9999943421732689
3630,-42.786294963172125,-77.5879713801436,20.77452499395713,2.034208113391458
1456,-51.24296375933123,-6.740386783906859,27.616492690322346,1.8823845420367424
15081,-26.544660188157177,67.37171711592788,26.644831901575493,1.9329770370827413
2138,-8.39450056986255,-87.20975768760874,4.329383492450281,2.0067307028217476
2133,10.039090107538215,-88.34749487306061,6.116240795774674,1.9049554246168285
12972,35.34244291770742,-74.44019404557423,30.798415670688787,1.5040725931685617
13022,31.433275311208043,-67.32448029409477,4.494361555492151,2.466820871986926
14140,35.42353452205346,-88.5603091705988,10.74864629964865,2.0005157447106092
13181,-11.976278791917238,-84.60833073901192,25.499628843779675,2.0154683370249074
1691,-51.073972550742255,50.824659062081125,24.970413470104624,1.9168509622020504
8958,100.22027573144322,22.445999475584646,-5.596177542920257,1.0748354895653582
1673,-24.37916099130004,64.52302070070606,29.39579057630882,1.9108774673337736
1471,26.28426977153405,-75.33957199116807,34.26292495703292,1.9366148410241402
12196,-101.15697221981972,38.695840704142064,9.345277815239308,1.9755615412594258
12401,-102.28760639462436,-33.1451566450543,9.074244734395387,2.0507639709363876
1536,-65.01495135117383,-54.333887821970066,20.893366855986063,1.9055343868175436
1315,61.64811037805109,63.82521529444367,36.83049930934132,1.9354280828772066
12397,39.626090820022554,65.94847421771077,23.08246346924624,1.370403304403955
17779,79.78651770584878,52.85947992242557,26.12913572625491,0.12488884682681513
3640,17.581798844221844,-83.34980143733542,28.200644394441248,1.979259314796683
18039,83.94997228156343,-63.838769405602676,17.586148379620397,1.9408412086139484
1374,-18.136179807543797,88.29020046434267,11.06844348040466,1.983135515031865
13510,-69.63926086890683,-67.72946030590559,12.690550181249444,1.658239595610474
5185,-82.92459951023505,19.543001543251805,15.867177422319863,2.0321398499733574
15379,-10.8859047551107,-60.55549013107768,27.920757874025163,1.0000056927390402
18102,74.23466217005212,-12.95645449186423,30.82264725201353,1.7500027918461418
10118,36.448820198666255,-21.967345781191774,37.714844462150744,1.9043461175479466
9283,-30.380872062440943,-2.371415363072617,30.25818000696087,1.9364428063420922
13821,70.54696515744162,-65.19156709045197,26.079375587471795,1.000004931072616
18046,71.19559361746224,-78.34630596680584,21.50097851760796,1.9575153012474242
9198,-76.51063598769406,3.548115251344741,16.904934348386654,1.0000120631545768
799,-101.17265785865186,26.642006939415197,8.257930039021812,1.9764665444443212
7742,-1.6079443582623258,87.67523425329793,17.303742857356035,2.028079341085257
16471,68.20738612507951,41.28430287152062,36.26573417740476,1.954746289883824
5627,44.97205775535818,7.501222663927445,38.17893085437991,0.9999985463699478
4110,52.495812986301786,-50.60093337385106,35.2006141267315,1.000002631185549
4926,27.27660114669267,61.38516867909242,31.550621055875567,4.907847842498933
7564,36.94884215083077,-42.973076221565606,38.64171887168792,1.889498418690922
18121,86.88370493848598,-53.5811180618371,14.946245743007381,6.990180216974586
13228,20.39697966850086,-85.74538154080913,28.91464087867857,1.944355869839932
16697,97.51868601324358,0.5116541271570338,-1.76529242819517,1.000000057400529
9937,17.549046442995987,-8.335826515984797,35.06013083144053,0.9999996819117237
2548,-36.79405793123847,-70.75226767539488,15.029289521467382,2.969943842095176
2680,-52.041959542264436,-58.24012080000661,21.97748190970878,1.9501954322287902
18090,75.10757290090436,-43.02941595112593,29.5811232823638,1.750000006787916
1517,-29.412548085316274,-36.83149975762231,30.905683432810093,1.8850784867451331
7580,0.5250191496180263,-67.14627249643968,33.15978859974991,1.9602895422329252
8823,19.999734756114915,88.64194221979383,8.753530740622587,2.0040988666913893
1660,-14.556886321520668,35.81388131576732,33.65541906953061,1.913624659480607
1517,-29.504721332594606,-36.120192496066956,30.93676558335524,1.8832183506779705
11756,40.64216339870377,-90.2844625732236,13.228904750455861,2.028908690337063
6021,-93.6501939596748,25.157890949426747,8.828437190317032,1.9834668577391985
1304,27.644191164456732,90.66740602298812,0.6235389108542004,2.0100434839675176
1491,-45.365606767627376,-51.20868462578609,26.328290560017805,1.9204295986558382
1675,-3.2618983231759913,72.51726389373673,31.873030281298245,1.993421785323076
5094,-1.6129220507959805,30.532004425990507,33.89187464469087,1.9324902198326699
1233,-12.601710963977867,75.13292874473461,30.091550180366113,2.0198007445303894
8217,-32.84629945343568,80.03527604993748,20.24238851826625,1.000186379041984
17354,38.486506963000245,-87.91477871531285,22.3137764226288,2.0248160640424464
5105,-64.37808441172345,51.3390704966491,19.38734813208295,1.9274635050302895
13395,-22.18065187823674,-64.17527992271658,27.889008489628424,1.9245274407437947
1165,-93.37300891941923,52.13107673421066,12.19273513431126,2.0108783763401714
1560,-65.24451489053378,11.850114513871835,23.89556612580015,1.9713584616170508
1646,20.331997968892825,27.442441268557374,38.37174155846896,4.888648396111483
15888,71.15257502774148,35.508505466771446,31.729469389253936,1.0000036410274369
13213,22.19943855587754,-78.50060087741446,33.18808227455407,2.0439873234475456
1573,-41.654698935397604,27.571579270830583,29.0989318736497,2.0186337815499305
1609,62.872687204277696,11.756878326541077,40.302803105011975,1.9497772133201114
9045,97.74979218280302,44.91825783609261,-4.712514280115395,2.074851624902026
4313,-65.25613355950884,-10.80556469893475,18.75166615824335,4.966574903275402
1635,-57.98535334232814,44.22703683001809,23.83603842267707,1.9490720535177175
4734,-5.704205562040176,11.368853165152213,34.013413696942266,1.0000001301329329
1678,2.199331398000335,72.67945589870577,32.65039327637676,1.9930408993312576
6246,-66.71331058572093,14.475590877623844,18.18052178605683,2.813336130233165
1507,56.644767388614014,-10.624620012992766,40.33207963250114,1.8856087614755686
3491,-70.58734560426625,-75.34489794800078,12.19968375042388,2.0180784245716064
8823,19.938125726478503,88.64512498454435,6.361021051812195,2.0030681864486692
950,51.68726092359641,80.34051068264704,25.105429202368004,1.6132297700689566
2560,-30.964852838722784,-44.48283578846331,26.824476746772746,0.9999963065403321
1646,16.578918447258275,33.715094067454785,37.70435810449347,1.937222147805726
7310,33.98052832409296,77.27660226566482,23.935061109856285,0.9999991259134985
14167,24.814111124262368,-88.69050596387603,9.803458315639755,2.022206347012264
1260,-73.2375153275151,74.58405444688444,14.65689196507103,1.9828924008741755
1637,-77.81651409352017,43.15046027318355,18.154343205369205,1.9934287812942726
14206,27.472271051048498,-80.25087675141741,30.497239702458153,2.0640516118128533
1507,47.44626648510378,-12.484733096903751,40.2588087230192,1.9632720104005028
7561,21.813686156916184,-22.503388212489327,38.77587186226179,1.9747777484275446
1644,42.4703756261378,21.052215300138112,39.98590717612412,2.0459320412513318
1683,33.761497481639054,64.41297566727954,36.5116080837052,5.77623841484967
9849,54.27347367214267,9.111633910536039,38.46523774313685,1.8537520040349258
2564,-40.01718775553974,-42.735654241983866,23.71340960760825,0.9999752964966117
9035,43.110386495966566,89.18654318598301,6.224787756860603,0.9361134541674588
11383,14.327824300775113,-83.69829119125482,5.9103917609523275,6.798345409158318
8130,-33.845668913737725,71.16710861105724,16.60161032562622,0.9999961326989075
13067,12.575658175694272,-90.35777295191087,11.95829522364973,1.912697331726834
5162,-66.43002402216335,52.75444865436929,18.682128757000328,1.893630671554938
11951,38.779017165520735,66.72925417741132,21.08075111754265,3.0120028024824506
4098,-29.153284285981947,-59.400769929106986,23.990075124199496,4.927191826989334
17186,66.48898276820822,-32.988668656444155,37.50162280110611,1.9633520478037654
1187,-77.59472394297211,74.1048199971706,10.389353748236525,2.0134647733986033
2502,-45.0589251500132,-66.44058901404955,22.68070430172949,1.9547017247284624
15061,-29.52112585540825,64.01536053233787,11.241975772392696,1.3255932756081354
12517,33.92390645859187,-74.18921132032284,22.445737529143223,1.3592876412514974
10902,-92.20654732149464,-30.856718368380307,9.779204405015864,0.999999656628207
3980,18.108469245809157,-30.103853830739702,36.103549019196116,1.958187191949952
5218,-50.78251658572625,9.941046396094595,25.338255860137117,1.0000017849008596
9161,-82.55213476167505,-14.86766227958179,16.196865872668948,2.0171757087772155
16415,100.39648426813282,-5.466832743660286,-1.110623782378267,1.9872852225583302
17746,78.77002404431101,55.506298895106255,26.47339731645074,3.040017883532082
1216,-64.56104305520809,65.70732717862238,19.68051070304324,1.9335932959832138
16382,101.09346713517769,-3.1498528259211453,-4.464432385933838,0.9116396922786211
1616,-89.82991364543939,43.686444949791635,14.036679348550944,1.9255299724222683
1571,-49.314223456155275,27.883851226529938,27.179799471250565,1.9432920517907115
953,47.69564341570916,77.61015744673864,28.11188803201806,1.4836024422944403
11276,-95.21994468175606,3.825479102819393,11.619504616166346,1.9740943747272786
2685,-54.52854064753441,-52.4193142242845,21.948866184572736,1.9631507204949554
13275,-35.13527474232605,-81.58707936641157,22.59141029691885,1.9505266303015687
1547,-86.4972492497315,-49.456458462092705,14.724802781712054,1.9463944426432669
3694,-92.45626667081608,-56.42829256879193,7.951066265818588,1.9636400968998502
12461,-102.35195810245439,-2.687174891744246,10.538091317447755,1.957655730160311
12180,27.768105239913414,63.17834438327145,29.6033606406493,12.401336535397016
13355,-28.098847439691138,-64.80960141959017,12.154339637911937,1.3415223985645202
11828,10.379423626311063,78.75127379318042,29.599866599375382,1.0013533420697325
14146,42.37667259523501,-88.15932094311016,18.314406299162343,2.016043222128048
10016,-1.7802094734133118,7.949339339894824,33.11424302448252,0.9999988538628203
12745,35.16315542739527,-59.55888909753835,33.862423108739364,0.9999973633830721
9324,-35.93982672371754,5.810259758274972,27.187873945809134,1.0000000661845554
12400,42.67079271201496,64.33459262719876,22.619818404849738,12.14570362559561
1185,-70.75786040087374,77.88168616071249,2.240712236280374,1.0275733613843805
12780,59.41002940352554,-77.68988770581353,24.7213839020598,0.9969090266429604
1712,-6.020396751744847,85.02613650718678,9.65390654967575,1.0000003787302554
14164,45.185175267379485,-87.94159077152393,9.92418937918106,1.9821062992677037
2140,-22.262165805316684,-85.82887143276369,11.382686127857145,2.037832583966928
4842,52.14856550059187,57.84725914463068,32.922391208294314,4.888704413364706
7786,-15.19292332385275,84.55466518869864,21.882399591031838,1.9554506789902257
5494,16.642018687881293,23.94660140955184,36.290882985999346,1.8670857076014802
1507,44.895684167641505,-3.6853014564962763,40.34495409171322,1.9785586199134728
17827,87.94443160894144,61.40253334033291,13.114974081283265,1.9760974391371273
1710,-6.020241013204831,83.72279543917396,4.557885210458428,1.0000004379875944
16484,96.35330854332283,27.31800470619384,-2.5537764988055014,4.833059717650143
4576,-33.7038432573567,21.747388755037704,28.989837996484486,1.9434856874035749
11157,60.06565264160776,20.30261864466642,38.24197986925153,1.9630726850423688
5116,-60.29384931453928,47.198052308634125,20.917036003984627,1.9765379058016155
16919,54.88333114534282,78.97830916885897,29.232545350996308,1.9680368238317096
1518,-47.24759365600162,-29.50040608847314,27.60321189720443,1.9863496804789376
4677,-41.830957229772,9.587625640125525,27.821505040789496,1.9887235560388965
7739,1.895045128100985,86.51139396454715,22.76595223125911,1.8940178656320714
7546,-10.053409164940803,-2.0058494325237333,35.63680791802947,1.9511067946368577
1300,51.91834906753462,89.09716053570365,11.907990299511281,2.0071123486664004
13070,-9.908205326284362,-89.10603278395213,12.409519272298716,2.025517653326192
12165,30.93567777743825,74.35660956874739,32.71601624222464,1.954363373999041
11323,-98.16445395688811,-2.7686821806166777,10.371556194423421,1.9604034417567744
17989,71.92674873960144,-2.7083044603477346,31.06590269748544,4.651374259535034
7662,-49.80131213970435,81.12642258645417,14.950172125050846,1.9820412787737807
1656,-61.989432478968766,31.43444195315207,23.796079662398967,2.030114094826706
2633,-54.66741648601254,-42.348125387504254,20.99546023114047,1.0000546839738322
7950,-69.3907129886304,63.64255127457088,16.50102434717733,2.0053492204928585
18136,74.83615071572797,-31.05038496184831,31.99675606099422,7.820520058662795
12425,-101.25408538544815,-20.107345548124165,10.793793424046914,1.9280203014483772
11487,8.372932270978264,88.17157183173596,24.792378217583828,1.8955828857160133
11761,25.245032240906976,-90.71047735103782,1.4818108688604865,2.0497101478554933
1697,11.504923288905047,68.03375880802761,34.297408056041405,1.971032075965798
10341,94.22892822747986,-54.91590988607942,-1.323804389649277,1.9776228180780464
5428,16.13780147438758,58.98119611394273,31.304209804014842,1.0000895502446414
3562,-29.07993158112145,-84.78901707278251,16.620676163711337,1.9578757152669712
1677,2.376858704790143,75.12982165539702,32.251559553869335,4.99802752878234
4655,-54.436170991871066,39.22076788406649,23.140878401153447,1.912872630111435
9364,-91.66756888695468,-27.228498425052734,7.497897271609415,1.9894071726303915
12689,28.981425673386006,-63.37492424577737,8.490295929846779,7.263869303728869
8875,-46.58546249262188,82.14066103097156,9.758964980707871,2.0002548312932897
1645,24.72190890681106,35.0535146814027,38.37609195802122,1.9165160911372723
1670,-43.20055890054748,64.52586906906369,25.39163266040341,1.9130055146989065
11756,42.371184089074255,-90.13435006633776,9.04540641026831,2.0081561482280508
10041,10.543974047552448,-12.379487541667675,36.069854593270776,1.8501237036472609
18078,94.58565992924939,-26.242081085645125,1.7606732896212898,1.7500003118925256
1637,-70.25822518437329,41.845887417058464,20.51949993066907,1.9215673274836338
229,37.24565958641553,80.44478567816927,30.393496595703052,2.014787216933196
11473,4.588228372433484,76.56159025868413,28.16850257759068,1.0000070594422057
11815,3.5870227101594625,63.737085455034695,31.631557336182723,0.9999997816764891
12120,24.456238960678355,64.09008120388296,34.058033323601315,1.9420633667366998
5547,43.90181390917727,43.054933448390855,37.020858861173195,1.9911005729283615
11382,14.749976684705707,-83.69823643826652,16.322865107112747,6.765038338547984
3729,-72.22571689075264,-68.0086505880044,12.084496892155823,1.000009334081537
6390,-46.87176416620937,51.02714517245428,20.91920065425974,2.748687668418482
1575,-5.612970085001804,19.93521678236089,35.820066057410344,1.8937825560374302
4536,11.785587500531195,-19.22199170053374,37.90315945524496,1.880595681073193
7354,33.979609175218336,84.99159398154222,2.9993313947502047,0.9999970089980695
15169,-32.82744533704017,-78.58281493724239,20.517522023151056,0.9999686481453978
2134,1.9107272101875177,-87.89242475986566,-0.8776333777390852,1.93415717820661
7547,-9.947623708896066,-13.555559830961784,35.32092328428295,1.803785550529883
10380,58.15965608247331,25.510212075364798,38.10280907500488,32.54942717762418
12263,32.85311423919485,87.37546188276598,27.563632996754066,1.8890628505865958
4140,-14.911197317682486,-55.29870220076703,30.118443827755012,1.937805075200448
1610,25.030312515856195,57.03765856259331,36.7985703925885,1.9308632166289625
1578,28.870000606573186,45.690428748512986,37.98251270834365,1.8881090230170943
12840,67.68598714040158,-80.68282998386124,18.71102219823399,1.9640628310559278
9127,-37.50990088610524,-2.749544112571126,27.886815787627054,0.9999973967203424
1332,60.006601419124266,85.89405568963232,21.016340601217035,1.948375896629785
1388,-41.735223420431744,83.94808877703585,-0.014948055362341645,1.0606729830265462
1661,-13.927412292282693,28.93254143169376,34.14964358380523,1.9125181904756154
4116,-19.47338985973852,-61.50717307154471,26.854203002243434,1.0000120578741283
17507,35.969231146678034,-88.39434225503615,21.495768309914865,1.9702208021752177
17614,65.67271900524173,-25.729246593173887,39.94120701935781,1.9964454054887188
2136,16.287272740648167,-88.56614900904769,8.245840351108784,1.9987943787293125
12675,16.182650866431313,-66.24028675467632,33.03495595203216,1.9605537903657324
14144,52.531285031110855,-86.94315654029803,13.338873119234584,2.00913463873574
13056,-32.81137164529823,-86.48099701443763,1.9599585130439603,1.9719713509935624
4085,3.4939903789580153,-35.30647059352014,33.08574790275044,0.999998349249547
1647,3.0025020746633655,34.89036093482585,36.22276922039442,4.6425609688359115
5582,53.57768604371969,45.27451539381512,34.312683832597784,0.9999985446136371
13241,19.963710584314352,-89.29184064423413,24.399743613597842,1.919188616001724
5762,34.87843648986711,-66.68802385072722,21.736351118420657,4.286828861689513
5211,-65.33787057876008,18.58365749650398,21.536373518811413,1.985103775850886
7786,-11.344074830739343,83.76715195550105,23.474727791580335,2.1329693093808904
10020,-11.888835824459203,8.152135780836234,31.474869348129374,0.9999995825372786
11196,67.53205134661276,22.445287329159022,37.61362301033827,1.9705458759221213
2148,14.626324012521582,-88.03453062460241,-6.732637102525723,5.103896055264974
9725,58.123905341856364,-25.472161043338723,36.83344344063559,1.0000318321593118
11951,38.772429256030854,66.90027767837134,19.259224316396253,2.944168534786555
14166,25.603041839442223,-88.70519071569822,15.888030664306743,2.021275122837171
18043,76.90696599556199,-72.64198573532863,20.844213244571765,1.9418834183952678
16892,44.283355368737695,66.12487610840415,34.70642842145209,1.932871924286683
809,-82.86376492795695,28.475586588625905,15.401516295097338,2.0381395329717016
1523,-80.33067018816551,-62.84594835980074,15.311859268132089,1.9880772161555464
1459,-25.91455233553942,-3.0762996647570016,33.061853741130044,1.9408353954675772
1624,-68.5788196976134,2.4273073468983233,23.077205923957862,1.940481124331231
10068,38.27186363907883,-9.44887106553809,38.1153022368907,1.8438549341689217
5579,39.17950171551734,43.193427943377415,34.46234795071295,1.0000003814234588
685,-86.62781103466739,44.6172336941534,13.0123291448954,1.9328325525013998
1643,52.048631196758265,24.722299334515828,40.02689112965578,1.8934520238813788
11754,18.26544960100025,-90.62204104357528,4.238067582770977,1.999972349375447
1655,-70.76762425913188,33.86584572137093,21.011493306848116,2.026256644454984
1600,36.59974693919892,18.539478904066947,39.74820213509639,1.9284454018123633
5159,-64.61802573944392,58.16230236530805,18.59757895641144,1.9197808753595231
4972,-26.160866283815846,53.59574873363086,28.2639233596564,1.882968864698864
1581,46.77943451549808,31.31299745389422,39.72904888667864,1.9654638176976396
7687,-34.57603758208968,84.19867759523801,14.037096820452877,1.9945436402393126
2415,-38.52721656761419,68.94357439232843,18.159781870880174,2.878393080179299
1580,42.71698723836746,31.20528167746075,39.62157736365715,4.962317723160885
16365,99.23398354602992,-25.939913196599754,0.22854144531574763,4.69373386671151
8874,-52.259843334342136,80.95326435827425,3.5974867229796983,2.043485758385844
2826,52.46606844513376,-23.96917008579681,36.78328483883523,0.999996472482736
16413,67.6352336248244,-84.96972744881563,12.379016136441663,1.9631607663629174
1657,-44.950467305610715,32.27321553040611,27.96878587577116,2.0108596899854048
9637,-99.16854089345347,-32.656454860647635,9.087190647509244,2.0178025612545825
13253,28.251656655971253,-82.15132380701134,31.792110467938684,2.0067821059173507
17660,95.4758696547205,-49.31713472484657,4.255435532035943,3.9512087876513653
4563,-44.46792374743987,27.58596125344165,26.351313913394137,1.9881596074116032
13031,31.574696848687243,-69.68402565515544,32.51318530443102,8.145064870236437
12432,-99.58010834500527,-40.91855635604647,10.428035894189248,1.9777619967966202
1645,24.38801189213734,22.152653728720402,38.97390837191557,2.03395090722682
7567,-8.736274261527774,-33.91152028555049,34.635822151914034,1.9468247522321618
14146,38.316519288916844,-88.39885077602497,12.84081583267632,2.0141546962129433
7554,33.90311405349833,-46.98459503486525,38.18889250760278,1.8789123672261725
8892,14.979469549611279,86.37834568800824,21.627910059598683,1.0000151442560863
10392,66.57516579933102,19.277168863115623,37.95592470443549,1.958472766766526
13338,-27.628944389788103,-63.95303415082932,17.145801461178404,7.261831299835326
1499,-94.1798984544092,-25.508978979550243,13.573469224372396,2.9354073469751127
2756,-1.612990632057938,-26.785834010653428,31.597357005225717,0.99999470279721
13118,-96.13635506756604,-51.85300330243279,5.067742543866863,1.0520924508364093
1663,4.688022260592608,53.74789046242127,35.08000927635088,1.9469412576026106
12543,38.9804822908787,-66.34598990113676,30.892005319189938,1.5067283027760279
1663,9.38033010760607,57.16821805509338,35.26613768887957,1.8888251163966214
12974,35.284001031595054,-74.24691579111617,22.672504267044125,1.3632460772041262
17373,24.64074459132856,-84.23042678902583,27.943460357853585,1.9420403040454484
15301,-39.31672050107036,63.87475649357285,9.991496667879805,1.3037683365368629
1812,-5.000155505290904,-84.34621052680679,9.397197983363998,0.9999997753484746
16498,89.1944036288628,57.33798547667746,6.974385151075802,6.276338725905798
3384,-21.86539099895098,76.18052090099809,26.243021785752696,1.9521205441755753
13195,38.86212849715142,-83.30157930373448,30.99489996679406,2.03240299097391
1439,3.053744957042313,-59.582813841184716,34.3690373767501,1.9886253768972573
16530,60.67342877178023,49.82254696919094,36.739542816960494,1.9715706839528322
9962,14.184558325139921,-11.433600604466912,34.11037641224529,0.9999843105916508
5509,31.856769364790978,22.63258667342263,37.4940215839301,1.8840872060518514
7685,-34.42398403412782,77.73841173030584,23.00964490600994,1.9639609335485493
4494,-26.018020547451194,-24.045297912814092,27.380167373698775,1.2844188428551297
3665,-14.367305745384304,-85.75009173202156,20.17419398522832,1.9131700268730585
16504,83.1628141561242,60.31142996454972,16.062004719583676,6.892466403206674
17737,78.8391311765265,73.14925436035732,18.45228987407748,1.9637753118793408
8350,-92.21272769580499,20.900894732139598,10.980376453006633,1.0000021064158346
7605,-74.17597955364207,-76.21117181834718,7.403486129628938,1.9957395457156388
11760,31.976398785671435,-90.62208048325641,2.4845153011592527,1.9682376009213336
9647,60.15592172541644,-61.28363681515589,34.078300910229345,0.9999777592769105
12280,37.079181964690115,90.50331206317718,19.50439507613668,2.005964888663592
4595,-12.519688280903411,18.680676196188866,32.93321357328156,1.9002935961037155
13668,50.399208993582185,-75.68389433470473,32.29199888671461,1.9528381210644652
11366,-8.883945516686433,59.38912392484713,28.6234762564764,1.00010275139183
1229,22.729953415762346,73.5442470475538,34.44333645531725,4.932664381412665
11346,-16.055421977692042,74.87802957649134,27.531744568017103,1.9891170211751785
8682,96.97397592114297,48.15863526117117,-2.9234568926786597,0.8223610321477821
6842,22.06647343282567,88.66348912498336,18.772104625553283,1.984778941039293
9742,65.72212542340111,-12.155457646244699,38.177854824571284,1.9503110055666628
15998,75.09819988927467,41.78617963712182,30.93445242484206,7.218783608503122
7599,-98.15831170433603,-50.02835607173688,7.267197058326091,1.9949844911916474
1362,10.601262135926586,90.3648584580886,-5.694203138477235,1.08191321752535
1642,57.74766128546178,24.916421339874937,40.051002079441865,1.8942092004927298
2134,6.448729376763212,-88.1465946185181,4.498770357358854,1.90531330300051
4572,-34.38009601815532,13.915891379852717,29.18440631737823,1.933242103895301
10888,-83.34875319310157,-33.13518309331987,14.985188682126326,1.985877370981566
1489,-49.64665861251686,-58.146290335761805,24.578929793457878,1.9039935713116187
13848,62.86708275396412,-72.41281692258748,25.754101988690245,1.2024515998341458
8516,94.67608575246223,-54.4368259318202,-1.6076292122020819,3.8296896842591654
17387,43.36172220973893,-83.52365811531412,27.908357923033943,2.0197377635875653
12667,7.9212949284000915,-67.28911532627875,31.99701474796513,1.9855475979859178
11375,-6.979672705049663,61.60329767148366,30.725841278401326,1.9232137251077364
1586,-44.45590164449702,59.32344048856113,25.712833518303597,2.9861404781505114
1373,-23.560720798458995,87.72499051297154,10.892055006616046,2.0277628385887914
1810,-4.999852005031508,-86.88492925844426,8.048896827417742,1.0000003310032541
18012,77.07910195188741,-61.662271483208855,26.3668726331992,1.919082048878913
17315,39.1097907970845,-86.43767127111587,24.946490409927186,2.0729846615251266
16207,98.75958870407925,42.74514870286376,-3.5799239252053203,0.828733710140946
10377,88.74205253476426,66.86348072851331,5.240188781153652,1.989670866271218
8726,80.79572541087546,-76.48417951025768,3.3635742065616636,6.723263182053924
1493,-51.65529439080878,-39.80327113993056,25.756695979892385,1.9014264750919514
13066,13.429481152616848,-90.47204735369407,-2.426923317469972,1.9949347040682404
12389,39.14063096922142,64.72657929432279,16.1806038861002,1.2499256930026714
1652,-83.06522588395316,32.253986877766536,17.227767894988368,1.9731221118680646
11427,9.760657490587647,69.45130085374697,31.909632290981353,1.9865929986638466
9088,-65.44681420732987,-15.368296119849285,21.63659431961972,1.9787729870184283
10068,41.054847154537676,-7.523493044642043,38.23717560744024,1.8797495400796251
15424,2.4979710655994136,-68.60650018598744,28.677029461774083,0.999992848475717
16026,68.04396549452467,63.058157478531406,31.368947629656564,1.9195054166871914
12709,28.706662872624822,-68.65082896864122,33.70647657978856,1.8943395026346364
1612,-59.186030730052494,9.046991107854733,25.579966200027282,1.9196955274417742
4715,-3.589568398114758,23.12515519170502,34.036561633192946,1.8953354910306557
4124,-13.896427920382113,-58.459992983874386,29.986805268922478,1.929464167000276
1623,-82.7235717335992,8.729226323156151,18.469918672988264,5.030623370819583
1185,-71.15538398802501,77.72443785662097,1.692723847618482,1.0564544615514482
2337,31.924194951322576,-40.13150341477632,36.56673383184102,1.9696807491691322
6742,35.37261878350396,68.30340325115601,20.00964821769336,2.941624538288885
9325,-30.482770740015653,8.961761749855174,29.909704138383418,1.0000002244173216
5493,25.327730332096845,25.231897731000082,36.928344995752056,1.9488654242623837
17765,98.44496129754688,18.31330015851136,1.9343243630688791,5.02975216359511
17675,89.51307779225158,-68.0605598247291,7.385248997861365,1.9928752467736728
2381,36.52536449017522,-43.5680376363032,35.546563516516294,0.9999986880856132
11611,-10.875643864861836,79.36335958167919,29.268628340728853,2.5970020705534234
7496,-104.1252234828123,9.055246824769172,4.943439854788899,4.477969392089024
1495,-65.10276863936424,-32.842672184219175,22.754207834983674,1.9414384867278764
3980,6.511808398454541,-30.509581768915865,34.91297053387931,1.8993756910823012
10845,-92.20543372129924,-40.258115592399776,8.676822170161566,0.9999918536962378
9714,55.3653546287115,-16.011087591266538,38.35888631618863,1.8941748925026616
2133,9.553480714409151,-88.32711629247495,-3.10896164338023,1.9730511926600771
9325,-33.07840415964271,7.462758310274506,29.324781279913775,1.0000006635255787
12691,28.361640668812612,-62.35381078985648,27.759738145183007,12.272933515273653
1170,-89.18530606286117,64.09312676499549,4.792208767225705,1.0977239755220933
13072,-12.285806020139646,-88.9031735599381,2.526893008032537,2.0358641302893257
17785,74.2336442876497,48.17969593807472,32.81149054790824,2.972048211415558
1649,-97.99098253177331,17.10227326964456,12.340475257892805,1.9677253914177086
13067,10.956217564320328,-90.31693702653868,5.282928332126506,1.932083215451865
1740,0.316049359397354,76.01665539221217,29.420644702710234,1.000088479233697
7682,-39.72668641470685,74.79730672975441,22.716977871115443,2.004331622917615
13106,-53.65274474797051,-80.2921241539868,18.144158755776814,2.0801475411100063
1578,40.97319651407556,48.603761310226375,38.49608816844174,1.9695513628792731
2644,-43.14557421749004,-36.950159237253956,26.051342528979426,1.95068054247762
1670,-45.44605750822578,66.6410870773074,24.59003496069578,1.9526131755244531
1372,-29.392041882232487,86.94332073602585,7.665773079119509,1.9979532428200382
1642,63.11090839639252,29.348077822459725,39.93918038912164,4.980712816478658
7555,36.77584899947144,-68.23640366523284,36.138097863858796,19.067361354829558
2141,-31.485095716359034,-84.66126726335742,6.462193422902686,1.9816096085113144
10969,-81.37044159703093,-42.89421808716147,14.949210371827414,1.9543895099317505
5195,53.503498697015374,31.246203853286524,37.896097805398824,1.8970613779572856
1594,-26.547698963536703,14.138664034422392,32.67465337906778,1.8788077179339087
7572,36.578055494330286,-36.95927481718258,38.97793564171816,1.9520690417137025
9973,10.911210773276053,-11.479665034371541,36.13684591133994,1.8391255137311826
8093,-33.84673330064736,80.08071344804254,13.014887307818952,0.9999982363785677
17734,70.18531212105269,69.5402691362489,29.161416163547987,1.9761760131069321
1583,-52.15438481712229,16.99100632944888,27.04715860248499,1.9187893279206256
13317,2.625907745488517,-87.16375956085648,25.30347366792597,1.9052491163719973
12003,31.439918022718768,69.4802167196666,33.20769202529579,8.058958971667588
6472,13.137665837249907,55.716993275170985,30.880724992813818,4.870962002951772
1661,-11.236612589578165,27.609715470259424,34.60927392600592,1.8954862001469208
3981,19.72010681240504,-34.192584562560164,36.05454692226205,1.9575860974220032
13052,-45.61144780881845,-84.27235498859423,9.179251519061273,1.9410064062671228
5662,27.565021812094052,41.841915672425316,36.241363209590446,1.9299202525318768
590,-77.66112752739971,42.13507392440205,16.210766080916347,1.9739897461899016
5555,47.48110654730096,51.3770283894291,36.46950989637798,1.9408608474318712
13315,9.676740412075006,-88.33128873192004,24.776915989967563,1.9403540247298205
7569,1.2427954567989485,-46.44587902997973,35.28321375851019,2.029075183762802
8381,-74.66066478905094,42.342388594302804,14.013232793587758,0.18177166710029388
1504,-70.14886790922148,-21.54277742500635,22.023835134792762,1.987040785967069
9103,-56.28660611161364,-13.174638155792206,24.15113747991765,1.9397678396417668
2716,47.905734716669805,-32.28592385260353,37.74139167213634,1.9371437451961497
5385,52.02174658154126,38.60279254596649,37.504601522749475,1.892045650078916
1691,-50.675737847768616,51.85848044363663,24.972759769573475,1.9176099490506098
17677,91.71874802561604,-61.42207701227143,7.1951395473272255,1.9938555162216598
1576,-20.330217203922118,18.697939539202203,33.710065600117886,2.0038901551497497
1468,-36.81410419216453,-66.31558683406183,26.68117810011441,16.213224738386
670,-93.21504632642217,40.24554648541107,9.840166148158158,1.0000025518870024
12701,29.348126029416235,-64.61259249539884,26.394769958081113,1.428221463634796
8184,-32.678134040863,78.13548713311934,21.435106818348608,0.9999831863157064
1477,42.41222624210526,-18.10972560424035,40.06069864135992,2.0488221535331537
4588,-17.733368454624255,25.56584962589943,31.800301340971984,1.9434762402690964
9161,-83.36103532108797,-15.053736803717769,15.909230789505541,2.011518577654408
1647,16.061575835027206,34.03823029486156,37.63578790664303,1.9382982862218774
17619,65.62656098915339,-18.47064734958841,40.11620005398055,1.9740092322061402
17198,93.24986801274844,-36.42918855700869,0.6190842371324531,1.7499976735063463
1647,3.811151202575232,37.40716726896417,36.17536954590403,1.9204290878592887
1595,-25.717129977840358,3.2910457369696156,33.09660385776656,1.9437382344411882
18095,74.26453436930099,30.697600933010385,30.77252982239522,1.7500006168421995
9977,19.49436239259365,-3.503770393220678,37.00540277658008,1.9660608426766137
16236,75.86066847253414,79.8034465214493,15.394220025376345,2.0521425899924632
2643,-47.54767667376167,-35.617187444573084,25.142380739611383,1.8649397228922235
18064,78.40524397328964,-76.51698352249198,16.020155257363964,2.055196944600844
17212,95.60721627585627,-0.6973414822188353,-2.7536476809801327,5.0065497028363835
12395,42.29372993042955,64.5621433775359,17.659341128371363,1.2757410985254882
1656,-50.08471377703172,35.99897419834692,26.41378011276258,1.8709300650449474
1492,-40.46569981970612,-41.42574374433429,28.381814163335033,2.0102584685384914
11272,-84.15751999841513,-2.403231387715902,15.928820180430925,1.9751153211049342
17876,94.36310869476561,-12.554135659465517,1.0978004785634807,4.136513170156787
13172,-9.105694253262332,-89.0463551585029,-5.406304670306196,24.945248984000298
14815,-21.94640047033256,-69.15160628725711,27.28361357060954,1.9632757715516564
16073,70.352311149871,58.6855448478546,31.14668487436429,1.946597100407899
1459,-27.45575454247668,-2.5050227205547553,32.778223465954035,1.9247277948824624
10120,44.20511714530829,-5.892151678969296,36.663088046126745,0.999997471186715
7793,-14.651048611182297,83.79483932392418,22.73580243702821,2.0902777635669834
5096,-5.694046862401224,29.41633235779894,33.367464794403354,1.9254547930217252
17615,66.81236856722623,-23.828813590841673,39.781778490821395,1.9534620021298856
3624,-58.91004628866339,-79.00744864497555,14.024283701282377,2.054473302573451
4602,-13.501339730437527,24.692339100769786,32.503130081754655,1.903647245756601
11495,0.6032566414012901,79.56408169407248,30.849488877705397,1.978629518076014
3967,-52.52519902099368,-28.413379006779316,24.370795019515857,1.9201673767355103
11052,-90.71492403802323,-49.24469075711406,11.24998025269418,1.966972292451508
5343,-75.41781802726928,40.75035038856775,15.582657517612581,0.9999987437631401
9537,-79.16083603795491,-27.056071615068547,14.588017903387216,1.0000250290787294
16382,101.03800480420665,-8.263327975123456,-3.489070920369115,1.1132225338410893
4576,-32.490060865493064,21.10994101027375,29.26995110715002,1.9341778844343462
1494,-57.10984852320459,-33.734696529257235,24.838029255218288,2.5264863522728875
9341,-34.96753951523536,-6.379253157945485,29.193427076959505,0.9999944630287766
2141,-21.768439156189476,-85.89139401695924,14.98092580465075,2.027561428237645
17829,84.10487635084742,68.1098681623483,15.297287942092503,1.9457015427944504
1660,-15.234382545918578,37.92301695780031,33.41587700531318,1.9238135155549982
4724,6.271354686773819,10.967155275048615,35.622733629508204,1.8957280362223454
1217,-52.66554413635144,69.52941553236079,22.451082373116407,1.981867282996593
2132,12.543887076605237,-88.4436696648487,7.5882134825798815,1.945619348935334
1520,-25.671647431100418,-58.381554446456946,29.818369560146685,2.186401691837035
4593,-22.75824347065691,9.666079829313311,29.439012802351602,0.999999118275221
1657,-41.969130397197034,37.67307076484173,28.30703218880008,1.987187778894181
1571,-61.248879406355414,27.013020148076578,24.259250673849184,4.984819700578655
1601,-32.67425736661693,3.1511183390769726,31.786234956848727,1.9364532420487868
5459,7.20526100436641,39.80722653252044,34.469836377449525,1.9220151802865995
7546,-5.690253533368226,-4.014682839935508,36.15329846225125,1.8664200584543946
15071,-31.546330740636492,63.40451135574364,26.151134219945423,1.9154283612541312
9736,56.664192555485855,-9.996835616576497,37.69088669139516,0.9999937856280006
5105,-63.98758158022845,50.33182509335937,19.592869766271853,1.938689282841725
10097,42.65152969901135,-15.707189592951707,38.07224719242731,2.0294465066354066
11757,40.02602159847891,-90.31789503710303,16.95373427473968,2.0093307073010758
11996,33.787103175068125,74.7035001719888,32.583392486975974,1.5357109673745726
4033,33.529172745428056,-46.4531437551448,36.287500305373584,1.000002378658319
1510,-32.574591741436585,-74.60168969870178,26.438568483416013,1.988133293360442
17736,75.09325962823428,67.18689718433703,25.98973574509209,1.946960002330529
2404,41.644164919631635,-28.66102891729946,36.78809072010971,0.9999952723898552
1634,-50.844223511267714,46.50765533712995,25.407897854559682,1.8954336713560713
1508,60.448582524359736,-0.03995415901701124,40.39535064161664,1.9582924934588284
15276,-53.560232149089046,62.08333880165155,19.196170055728004,1.0000007579137653
5551,34.158572342970274,46.36149017062074,36.37366836457971,1.8683955843913416
6865,53.81368630042938,86.7298670654238,18.947665166933263,1.9929430949455305
1436,-70.44400283117649,-44.50631658277845,20.252683596402033,3.5295042355008834
9743,68.16170652182613,-16.536681373681425,37.546686684712725,1.9600687780282935
11488,13.155233643367474,87.02029856780058,27.010852392629523,1.9631045130922689
3436,1.995040940253302,-85.26325190661534,24.468505446616714,1.9169293162181134
5615,35.930311056878594,12.235177528718204,37.96399035926675,1.8183368986712305
1525,-85.12063388737727,-12.068887794478028,17.510424550076884,1.9854218040346958
1576,-16.227681279551796,11.638700362631475,34.50376556857792,1.9143577810418395
1487,-40.05369709821763,-68.87683303594204,25.57566968021046,1.9282821779685686
7416,-100.90095434622444,-39.38137081008229,4.5954565179072695,5.590305795884078
5583,56.424471420478774,43.6313768498413,34.665380480053805,0.9999987269738996
17873,92.26804583124225,-40.403375440645526,2.4512016879834126,6.530098435106944
4404,62.57820979231029,-30.744680910146812,34.890993586622926,4.989228055287826
7552,29.08928095703739,-66.12681486383823,36.00224655944054,1.8894436880896943
12506,39.284884261742995,-64.54357305334507,27.37507366417627,1.4453336360749105
1573,-31.757949592065227,25.18431851861022,31.17438573725673,4.85964187436415
13284,-37.1667864799917,-78.35338190415244,24.24036787439918,1.9784982272597318
1600,28.78870909335039,16.540334503131437,39.36237627770346,1.932555813187864
4705,8.89851732111099,45.29528542308029,34.28304467827088,1.904285039725069
4747,-6.517029637099549,56.858421035147984,28.95048888154522,0.9999999681421218
1593,-41.76539019084763,12.374228751066664,29.763967742384644,2.0127639138017166
12969,37.769928547343596,-65.01112948555712,12.559030040538916,2.7709251743507157
5393,20.549988432610437,43.23191460977053,35.60487154639871,1.949604377543998
10102,52.49958103210666,10.693660189101013,37.85889404961594,0.9999992328735527
1494,-60.859275496207346,-31.086784820038083,24.09829779148122,1.9671823060600027
694,-93.214633837372,36.8259925652727,9.419755463005373,0.9999986888900628
1587,-61.041441592199945,57.45912705099357,21.70705789069431,1.9450561813245637
1286,26.623234051157525,90.70421352779019,18.46956500173771,2.028973385479747
14109,34.99898657425806,-77.1834181319143,27.05164692942983,0.999996819756456
2111,63.556245461722185,2.079368710054207,40.376913592260195,1.9838601597919336
2285,18.89761210619796,-43.35519506685678,32.546423926724025,0.9999998435372192
2040,62.6477073719787,-73.63624502770465,32.04847581563108,1.9719811428176528
10186,33.35882533516941,6.423737744657862,37.908586914830806,1.820092263650402
5574,59.62766869611516,40.34727820591458,37.42788602856837,1.9527552992392854
15435,-14.904750370966394,-70.11368656314163,28.41925904396789,2.0114464688813087
1502,-79.86154168215728,-25.106420728344645,18.75765532322126,2.0157496640163703
2498,-70.16108359846598,-63.69600859666033,16.264058741399708,2.010645098007158
1647,8.263548116142948,30.402657408430073,37.00959809321547,1.9033830561321867
2183,-62.70159457404496,-71.26625558243207,14.562835375234336,0.9998906260819388
4598,-26.51241736694196,18.267234514240634,28.256994141114607,1.0000008400425398
1614,-18.403019431717482,3.4715053584200177,34.38840654263434,1.9726048505303753
11601,-51.08092025405311,82.35650591738654,16.489332711863273,2.038626210718527
12106,37.823247161631215,88.82702772877408,5.069505646316896,22.944929662079264
7599,-97.98764469113834,-50.39698998874113,6.113937431748776,1.0947707625040521
9383,-91.67549252763382,-22.647392170669352,11.757014138437286,9.620698178689578
7275,42.48153078426857,68.90483035848118,34.08093425647534,1.000003708483493
4602,-9.407293164788994,19.88902323768819,33.3614390343625,1.882712534664682
17942,70.46930718970789,-36.42096040962708,33.15309392806169,3.540992894941626
11950,36.18166156312423,63.796231562188396,21.82716747726515,7.78139754459451
12478,35.374687821679785,-59.967307109492666,35.21415995930446,1.8983294424981607
8881,8.76023869914152,88.27926206695378,-2.3959583419023756,1.9951502185643784
9111,-41.91065005185782,2.1326372431338627,27.89439624942196,2.0208114037716296
2664,-65.19482940792331,-46.392995201433926,19.62887587260353,1.9038857121936072
1575,-18.38655506242611,24.141248560595272,33.74091544654824,1.9536373274421563
9244,-18.014178995583272,-6.933119870258059,31.854023011835213,1.0000015357307563
17959,72.51409020136023,-31.61353673823592,30.232020230958888,1.7500018641395483
1593,-28.76779691503933,17.12661062936971,32.14126930749062,1.8783668655977463
3709,-74.83081241447009,-73.47133935115566,6.4127087803004255,2.029378455226465
11560,53.379147301030855,78.16349593171655,32.878339818753304,2.0192104951058
15403,-7.556525999410737,-75.72266593586644,28.67094503039801,2.0494941722791338
2018,61.87071338737031,-78.27909213382927,28.754986381108512,1.8812304461491605
8878,15.471144620334158,88.54716141600005,6.653185222713584,1.9946362912971412
12133,37.584601076092454,62.90250317936906,34.97248236723716,1.9285662024036028
15094,-35.6199113348057,63.5417332813996,25.269221552147226,1.977416207596131
1465,2.7688646241168846,-16.53876741402668,37.06157652564831,2.0308454492380017
1632,-24.61342102926519,50.46881971000201,30.792965898641786,1.9233444188750761
9239,-35.63461300089456,2.286590917432274,29.24639171107389,1.9470103390919664
1588,-61.960786708353076,53.841300100390924,21.846820615469813,1.9564453510563682
1593,-36.24769299168287,14.428759816810382,30.771876456179424,1.95549594609254
3681,-18.117465357625896,-76.84633131175289,26.752719767159178,1.9627659377945248
1540,-66.97468114661899,-10.59051895358779,23.43216638858395,1.957928603090452
3524,-84.67086453943475,-61.37926238950316,11.994281252342198,2.008496759028265
16090,65.3154398517178,53.19390314909889,35.97054044167315,1.982256069746394
4743,12.487731462243794,17.029545652050945,34.72256866273208,0.9999992653450346
5559,52.18785390524631,54.29327425648135,36.314056433723934,1.8732277703430824
12400,42.42839667089914,63.79979511308522,23.896999424455274,12.204387077623048
1474,43.687694171848186,-65.12986452497402,36.80686784174731,1.9322116804470637
1660,-19.429583273659652,31.785790435193626,33.18397708501373,1.9939169814834043
17947,87.91248361958121,52.898582862373544,8.226417612547984,1.7499986857908665
18004,65.52486505473769,-70.51418404461177,32.17853150004479,2.000131282617503
2047,60.64702533468465,-85.95719185349662,20.346135058568912,1.9152490733209098
2430,-37.07174481172662,64.64205921207127,1.8986426036261956,2.31943758174818
3981,16.380081242859976,-34.36132876076408,35.74247907012639,1.910908934624693
9338,-33.32902270537801,-25.54900395574254,28.911587668169993,1.8943942459643708
2272,19.570481395145766,-49.23575397849271,35.06623350995513,1.9612014199650045
18039,83.64521009999936,-65.77978856108965,17.038435632639516,2.0445267520694017
5079,-17.549230519037557,41.29811064182498,29.524503495529927,1.0000006182764651
7345,39.36482921519061,74.61594766823326,32.855441051956504,2.001131568984124
9715,54.393567879851304,-15.593668771350421,38.371995438977066,1.8905605805155332
1338,63.97036367785161,82.78644259215952,22.656310659902385,1.997833065289105
10070,51.64229842988111,-11.339414915414466,35.593271905832324,0.9999893434706706
7511,-82.75444217761824,-70.34204704683259,3.2758217918930512,1.1269847261760566
12970,33.44966534485551,-64.0347418278765,17.58229698612396,3.1291750909500866
15067,-31.027899163801646,64.69462148576501,18.81674758511796,1.4578161203353392
12391,42.0169047875923,63.20712437222138,24.559285441086388,1.396183046158117
4727,-2.2770153223680976,17.689740421730747,34.42244105217799,1.9379886843466474
1995,62.88740406285747,-71.72402455538008,33.157832078528685,1.9273091433360963
12400,42.66581966436042,64.22006041459987,25.298680478350033,12.257795783324974
1635,-58.77368348268812,44.44442788393198,23.623645549356745,1.9680477350046042
1612,-57.67352237596477,8.810417447253437,25.96378890747942,1.899364353172627
17742,67.433783577256,77.41981187504952,25.69536551703717,1.972279733233983
1633,-28.15447491917194,42.203993946787904,30.76196117756295,1.881525946267237
1619,-45.73927625588108,4.1804035065473775,29.02483606493283,1.9505154792798154
12145,30.80379543747025,63.96036907895006,18.689396773893414,1.2937183942864703
7337,34.79905610530452,75.63888685502302,14.017756781564309,7.209485879686442
17839,83.17047644565451,58.70336373757061,20.393959226468642,3.160105958983846
13072,-13.354556700747604,-88.79353159424971,9.219876291701523,2.0245076444091836
8789,42.400299955501865,88.12586739813668,8.765505414365924,2.0308942565491725
8033,-70.97278077574303,66.99152307711908,13.728904611588687,0.9999966315663069
12281,35.908719187876166,90.5370496104143,19.580525964215806,1.9888003111059662
1494,-53.02064352400051,-36.644308435290334,25.643276803914517,1.885570095246074
10179,23.67140926233135,-3.859247467307219,37.34011091449202,1.955006547068031
7560,19.726496295210293,-29.13246849955266,38.297793924847944,1.964758018045978
7102,62.01723775083323,80.07403828573455,23.873490601595122,1.9405558338438003
5515,13.777723314201706,41.84197776790482,35.02358165387783,1.9207405740148285
1524,-83.27477612939019,-10.653663397033853,18.22353099406919,1.991071266523815
13655,47.83522956405757,-71.39700157972217,33.710854524926646,1.9686694518498575
11541,6.7180546527504506,89.96242208892843,20.053253919574317,1.9984150920890782
5388,14.007804568918363,47.493774754672565,34.68939628164777,1.8778115012912968
5201,52.45349926915837,24.27265264959263,38.1567413332301,1.8877289629171805
4535,27.37527905473072,-37.60130142391573,38.41153458501566,1.9620255437321985
5496,17.183225725012942,10.29464099256853,36.74783324280812,1.8785334619388294
7092,57.1475321407749,79.00739538274016,26.81821293302598,1.0000996457065667
1505,-62.94931302784773,-26.55822469413853,23.848633068283753,2.0165357597123914
7561,18.863586777125676,-27.240168577387827,38.2990519665893,4.938618606271772
17965,72.46926505879274,22.36846495169483,30.286832518689323,1.7499983135087216
8152,-37.514851181828504,71.31110389376165,21.281734701059467,0.9961177474636794
18075,94.31076390842159,-41.10189094014009,2.1557935918942226,1.749995108178349
5196,55.058389726772695,29.835301226181127,37.956839469599174,1.9134384739353338
4971,-18.114922825780116,49.720916300892576,30.079682189733578,1.994499448960519
16410,74.92466017181233,-81.88579581014102,6.990554623617413,2.0156878960604887
13301,24.095677840956046,-82.0000955763038,31.73465072164489,1.9634445122518838
1504,-68.70002377854343,-21.463486400312743,22.45775990813062,1.9631738439323796
4175,-56.23515277308418,-40.288474608971626,19.789157319152025,0.9999808191752086
1459,-26.817173181771622,-4.014281908250877,32.88084562729831,1.9301215214130807
17084,82.68840614889282,-62.94760794302201,16.319026195380435,1.9354723368734983
11620,-17.568946859153737,81.88036457845072,26.476865305975267,1.9611180884169865
5222,-47.51234778606239,17.675709664601044,25.45637332978731,0.9999982830500181
5204,-69.02552630708269,23.670316977433053,17.277191063795854,1.0000034040398957
1544,-85.57664824303808,-37.559979379682694,16.015439582333148,1.9650503003010134
8856,54.97965697379573,84.57358971836277,22.715699879558663,0.9999984765629344
11143,62.07612148238845,16.14345572098888,38.30930539634186,1.9580825550787344
17844,65.76171433482332,26.108424356860084,39.88110246515784,1.9388847751457374
17209,94.24007731889078,33.12144955226337,-0.8069474463989192,4.612274382120279
12973,35.33110845683315,-74.13546728562002,27.297158360075564,1.443973829305642
1632,-30.88375241398527,49.112980864297896,29.664768728170984,1.9057877036824131
5433,52.48738710986293,19.91338648496171,36.11540453526615,0.9999993193454777
1647,5.207785642325855,36.03421086428218,36.39378131001,1.9117121644800419
9481,-89.52264103938026,-34.0107196507178,11.31652844120757,0.942535378683809
1377,0.5667606198917672,89.82899617896112,4.594884779300829,2.0049298356099703
7611,-90.29220439369652,-62.6758602394964,6.266834139395749,1.9503678339840713
17314,31.731555475840494,-86.51836663829982,25.62121442479206,1.92769174671579
5215,-50.70473831034303,14.467483242306473,25.562762846110246,1.8801192981415156
10990,-97.26269392124335,-46.57314600627726,8.486945605741196,1.9368123238466788
4536,7.097304584384415,-13.306098495323871,37.566058130951276,1.9115518901465365
5600,35.428260258972344,29.434794988940652,37.414491398129215,1.858005845475926
5645,41.988395057104,40.41753899710945,35.40127983204637,1.0000002479781889
1599,26.06300378810638,10.22326544352829,39.316870366492246,1.8834991751828556
8887,-22.450135039837093,85.83802665039659,0.055553434436712346,2.0014573621301026
8006,-50.50448895896817,63.7828905527307,21.714288325427688,1.946568118164877
1251,-68.95414849842578,77.32495546764245,14.627029327617603,2.0097146771936765
8886,-21.51066262716449,85.96182939285175,-1.4197852551055843,1.9753388300440933
4715,-4.521581883636873,22.577174514032833,33.939833984569546,1.8863378828656647
10070,49.3693552625772,-10.027514477539453,35.91164600143379,1.0000001056955252
11760,26.75404295773494,-90.71699654744049,6.086571998489666,2.042652607382346
9188,-66.5085235777212,-14.106020496528476,19.487784957192392,1.0000365273686365
10147,24.976949903413303,-24.427987598309663,36.955418897040396,1.969109300461999
12223,-98.91152250880171,44.004224777990146,10.442030444788742,2.0167089020672964
14587,61.82674249497195,-76.30223411348103,24.7782101178288,1.0000009685368585
8057,-73.78302734565477,66.08691736927305,14.841220625224594,1.986650494839578
1561,-70.35459418793678,18.12472934682644,22.138364703525482,1.9902806195365357
5663,32.87752835550634,44.54183616029198,36.42710623819262,1.8689518042403095
12679,16.83417994510593,-72.3755890672322,32.18156224107883,1.976738714950943
4692,12.483709215832636,50.66681884621472,32.7815597382381,1.0000002714060228
1547,-80.32126597598361,-50.96324796939297,16.659533316117514,1.9512603954435812
8951,100.37665877690026,-23.069811682426717,-5.65022346086907,0.6900313399208922
7574,-10.176629831717474,-67.0881838856557,31.55187196461712,1.9419905896175769
9298,-27.50751839604355,-22.15283802355656,27.85054095934285,1.0000052021589374
1565,-91.98036692777892,17.18079975133651,14.785925960076511,4.991457589863876
12926,37.801615089856924,-70.17154906906183,21.209321819935752,3.16346970414409
6453,-8.376660754377989,45.30562864940566,28.973227470044073,4.879172646495082
16261,91.12263982082771,61.26860965037811,8.266542238138854,2.0647255958544655
1554,-37.23546392156933,-23.960335041175895,30.16155817235679,1.9584985895119384
17848,65.65129212961929,1.2548769768634327,40.26923794576653,1.996880268845611
5524,13.48833603950293,11.961588060351671,36.307173710395034,17.342024256114964
13029,32.01150304538686,-69.71699448470254,13.109777948907205,2.7393698671189117
13356,-29.72301833477571,-64.1489706348872,9.404888137546347,1.2935303420351574
8877,15.971831496840068,88.56200431778139,4.450333383068478,1.9976432160263835
1449,15.034837502266523,-67.84996614255174,34.68743410731875,2.0154614097553956
17644,72.72303481659185,-3.120040300949111,36.96138002054902,4.109859826048851
17956,72.45410728808935,31.221907204718775,30.306965927515343,2.9245258230883717
1491,-48.375372967717645,-52.015293338744925,25.518596251908228,1.8964137533213672
9928,13.10077103951328,10.906379791653126,34.63755625685071,0.9999998626539918
17810,72.11875247433045,20.715609136919134,37.244907163017004,3.7921704355150805
9977,17.55976586708874,-2.4968433042828875,36.84395082621201,1.987561819799689
1355,-49.62977897795643,83.59415987048514,9.246101479575767,2.0214253770545567
9316,-46.50855941555017,-13.958132214134526,24.188683128046897,1.0000214209516909
1817,-5.371657279656468,-83.8534683400222,-5.620170780926468,4.828044850889113
2785,-68.53182780279151,-25.27466414807166,20.225709644763775,1.9837920902781132
14561,74.34440872928923,-78.20665161993483,15.055837168882125,2.079563626185883
1460,-72.67689009099021,-8.548752964851037,21.774921993399683,4.969213706311506
2319,28.92537169305005,-58.38995838818476,34.99991012479929,1.892642480178711
16413,68.29399832488787,-84.73914378998202,12.61831505174733,1.9617936301720074
1468,-47.51676250722224,-65.40542815205119,24.25170251117455,1.9466154675037441
8997,79.31575395765121,78.76717105211831,1.8868788267605605,2.966217152459067
1465,12.70097447243718,-2.5574403753737127,38.35137934134203,1.930848063868861
4699,1.6644709608709358,49.23672479362971,33.03163481477134,2.0793174343508403
11273,-81.95421219389341,-4.674290424459092,16.688317063224584,1.9899070375623005
13050,-58.218847947476334,-81.70906344146542,3.700083222955575,2.021673105317879
7657,-58.178210422822126,76.92756042669774,16.636627314284116,1.9463023311636938
14171,48.11809141333784,-87.60322887156917,11.83160310387101,2.0186367646589796
10872,-79.22365656809615,-29.513190061719477,16.619721417611224,1.9786717722588316
2157,-38.98256588092772,-83.48234846525489,7.659092800361721,2.0124921941459895
18011,75.62801677847688,-67.82013494782652,25.14997679860769,1.9228141263006535
17739,74.85000356512333,76.81043344571431,19.640791023841583,2.000644890950673
9154,-57.51078521530297,4.602918092115009,23.475887827585613,1.0000000430596996
12689,28.973664129361957,-64.09864500551555,7.810965415200652,6.916130866115839
1575,-18.970427398307667,23.89574775633711,33.66751036808859,1.9690770836918727
1497,-79.85315463480829,-28.685605587091388,18.55431543715159,1.973261738077641
7560,8.84146317871959,-30.247236032529244,37.086128146385235,1.912311197322098
1528,-95.43285783529515,-12.117896663853438,13.549608260805023,1.9860710424222243
1461,-84.22759744342346,-2.3565295439399105,18.014164119237005,1.9896563870275092
1573,-29.707976707928296,29.003538589741517,31.372919891479803,1.9556281825133652
4197,-30.423225905721196,-29.118699580050215,29.232060656862295,1.9532163462041003
13453,-24.838092509769876,-79.00688456183599,21.62497031827875,0.9984176533701791
8812,40.3653918172144,88.3022301062517,15.839017315033527,1.9733939086723633
5458,16.58382320871679,36.50650890189032,35.60423075665457,1.9434127717883176
5472,22.48619611553314,29.868778185059334,36.338802619668925,0.9999999027441385
12124,24.494724094516727,63.37646761436979,34.14390953403081,1.9420292781634767
1378,-34.220751303673865,86.28516820033121,2.390765568501179,1.986610139934206
17214,69.24986498848575,-45.31546486904962,34.89611554868137,2.256137377112665
4727,-5.367625580790815,16.932023035212485,34.0476655244275,1.8814632535490623
7568,-17.960655370032047,-32.060837621916185,33.38644915547361,1.9520857358944539
4516,42.44406917946061,-28.110537089759372,34.78464326350743,4.950781361109449
16672,96.52660295457633,42.49974036734717,-2.4312177576472696,6.943612568357902
2204,13.999424629916312,-80.83469709511257,25.937294417217704,1.0000061048350535
8009,-79.5790556096614,67.99049021212416,10.897753976584788,0.9999972768038297
9221,-20.044915138626425,-26.538654838289762,31.32656589542242,13.49521728051833
3631,-54.1002699246411,-80.52292384313768,12.417802989136103,2.0620393535245136
1574,-21.13421421237488,25.54331065138139,33.23781819376416,1.993481050872409
12652,18.202424609772773,-62.62272849847792,33.660387223753496,1.9741915849689042
4656,-52.048249751782386,39.70565745003553,23.701673413304974,1.9039535675733725
8888,-29.310080331322677,84.93947100815964,8.501167681508605,1.9973131102933226
6513,-27.36834772449988,11.623763936044295,27.643211977828372,2.184381041688778
5223,-63.9473685677904,10.347652956181305,21.911328010743038,0.9999988017412296
12335,30.75577124407591,59.6017382876797,34.63596577611483,1.0000008581475963
1592,-51.925577843225454,10.572583288789563,27.343091916492845,1.8521645931670445
17848,66.66484623982103,7.43439307910554,40.06847581880565,2.023382562854576
1459,-21.572500892148387,-1.7146118942403383,33.895711174443605,2.014633480256302
1688,-76.60471738007934,48.99238716270737,18.054208836703324,2.013936106166337
15023,-33.82866569407755,-71.61976452495753,15.936087817420493,1.0000623478311055
2308,-51.273729509490366,-60.78421782077977,19.35823091672102,0.9999969773588067
11455,-16.331428578248357,74.87330812398574,25.1428037380612,1.0095764896586237
1647,12.856650523898072,33.153000194218414,37.346459886515234,1.930401760187394
1597,13.70455610362735,9.146212467208526,38.31467553272557,1.8571630574840037
1247,-66.74266560042663,79.11673400270064,12.992576335549403,1.921441550544956
5077,-3.0688046770355917,41.729537242109615,33.028090703976645,1.933341012175561
5223,-64.18516066361744,10.484910520349157,19.221143272470737,0.9999979974276494
7937,86.53663039335927,72.18064421884225,0.06909719749614801,0.8749907758447139
4389,-67.35238233993971,-56.286525459255714,14.882089185579328,0.5324382089800579
7558,20.870653651688457,-40.736362084736,37.7763547188855,1.9609971816404161
4994,-12.41204624484149,44.899964616444876,31.41112727947202,1.9027665013047492
2684,-57.32017688088691,-49.31991289723686,21.535118973589103,1.9799069055399932
16413,68.06042335846014,-84.81465205383486,11.683909439585285,1.9700248979840582
12916,38.72231843079302,-68.24485980849721,17.501883683603776,2.8920020489953178
1488,-60.20127806517557,-50.333634511372594,22.708515560232875,1.9867364823645357
13130,-78.20213168732306,-67.77180655209334,7.578269376716153,7.453816924507086
2139,-12.465229977345409,-86.84003771757968,12.304290321885777,2.0350554921538597
10147,24.712865405717544,-21.237417065787653,37.06008476806342,1.9773534796967314
2003,62.91788451049155,-64.65715129371674,36.37117414401281,1.9965652761023513
11509,-32.06113887635837,78.65747030027174,25.34836798280462,2.5280662296531062
2155,-50.301091091153005,-81.40624953573665,4.56058366558442,1.9668776673352402
8887,-22.779777018278043,85.7827525528552,10.776441733102768,2.012918242509066
15390,-11.957193451046738,-77.39328245184748,24.901271607212813,0.9987054027465171
3521,-63.07236948227806,-77.42246685521147,14.323536169785697,2.217174312548303
5226,-59.08337385710388,23.494054216133513,22.997691857465025,1.930940815803848
4572,-29.48678649081341,16.682394087277526,30.090386626705758,1.8889569619877284
11755,57.851064672479886,-87.86843400351884,11.538076398865648,1.9989588240856249
8836,54.980264234647926,83.53885251401016,18.747541421490844,0.9999413694380073
11417,17.43595884704453,64.26559172275962,33.406758759097464,1.9815436371735162
15967,73.17799369493429,-82.44558515913211,14.125024577946135,1.886270604491203
5555,39.02243636714769,52.63340928362873,36.05711763381713,1.963875579308844
1580,42.541630935817764,35.88497186437483,39.379378087148595,4.969697499519253
12188,34.04167093883865,73.46266078170042,12.000946685684024,1.1769682441980316
7558,20.99666187309434,-45.89651385986578,37.42750152893247,1.960429753608097
4722,-6.070546607375441,15.619252599188812,33.99755139403673,1.8650788680168195
16730,88.7395123380131,65.21071465572768,5.022387620998348,0.999729475696909
16923,57.979542322875304,61.36912642543425,35.47704063582457,1.97462516483857
2044,65.46119612144203,-85.70474920612831,8.308629758200624,0.9211421811387407
11343,-10.255932607339314,71.0822646567816,29.024809525224697,1.973326646765639
18133,75.430223735567,-6.758566811961633,33.158634889013406,5.452620476042279
6749,35.931266384220606,67.07955598340024,11.520822059368683,2.697356312942646
5055,-70.1094182476006,10.183006223215187,17.320173749297588,0.7360293206932402
7561,12.96157298651622,-19.675324456745635,38.00530170938828,4.8925969102059925
1725,-5.750201432931606,82.6993183041174,16.13248334300936,6.729430042949055
12644,5.947521937074538,-62.38181078000714,31.802579572234404,0.9999966315055011
4221,-27.32334633034891,-23.857213015424946,28.090320817980217,0.9999936779955789
1648,-21.378442347355527,-24.70894809577633,33.232204082108645,1.9897675914542565
16245,89.53793338148355,63.54164718645086,9.783721164324282,2.028687257906167
1648,-28.00938519722375,-25.94480959542709,31.869892185401927,1.908624485002703
1647,3.3331657999289948,25.90924315075914,36.72890491244071,1.9105736540719693
1526,-85.11855853215938,-8.967876938236843,17.612208927243042,1.9906318083187353
1664,17.11099653097198,61.222203509872486,35.70087844600844,1.9211282608606994
1002,75.1214930645144,66.20898467160978,23.366533252714305,1.0000083758912879
1163,-94.5361458341129,49.20663039445351,12.054065211624115,1.9983837380217881
9651,63.045825915947475,-62.95166952831564,31.500581033508652,1.0970718943374038
17878,94.60445889859065,14.76301636720833,1.3456369744185412,4.199336169805726
9135,-50.28471543824834,9.073752653857575,23.116067279015425,0.9999999228718851
16426,95.80663103566289,-56.46265552523962,-3.113271978418122,0.8880828322270149
1646,9.740231298910984,19.545257011412723,37.689400085006305,1.90239176279764
10929,-77.50639747434889,-32.15061709647193,16.712542402315265,0.9999918842986473
1362,8.104294662756404,90.25160770081877,-2.7205934982936446,1.99565597972026
16892,48.59891978362546,63.11002821367988,35.188939416272305,1.942660945679502
7324,33.98068057075514,76.02179499958254,32.23249798019544,0.9999993616519737
4197,-26.27364110042447,-26.118466602676357,30.237576599351684,1.9246632355459066
5403,32.48412104773936,47.20431403895253,34.192408561597595,1.0000037342497923
17768,98.7138589447979,24.689427046918965,1.21311579561166,4.846303955546963
5392,21.460448370835053,43.75165927310011,35.63411361890828,1.979071087530335
7632,-67.1754553226461,-77.30211326396261,15.58359433339752,2.075158888121145
9541,-67.50852676874946,-14.253348747437553,18.34843755774895,1.0000175409662044
7569,-11.077152225845534,-41.88190527657224,33.76922357299159,1.9025544547636093
1655,-77.83648956295505,37.470066655238696,18.57408685573869,4.601510818354586
2687,-52.631229792188336,-53.037946139963864,22.370807812169147,1.946311522046397
8873,-56.56925611001221,80.0169364314832,9.438109337986626,2.014925295466085
2517,-37.29398741990276,-64.48429579159541,16.914319811420313,2.8982992137209016
1528,-100.16338969168746,-15.390994203053399,11.483919327156299,1.9898093314401564
7293,34.98012521262558,80.67138244541067,28.8877226867042,3.2805364585982923
5156,-48.06346169095832,57.02459729113899,23.12257675792763,1.8894667385811945
1435,-66.1254478855338,-39.066213525781606,21.96328857958595,1.9149108841076876
1616,-91.07685820014123,41.624070218348315,13.778944355757314,1.9508586103238568
17458,74.4774887979408,-79.88162038318102,7.288115305979812,2.0175860518271853
4574,-27.558043878965496,19.948019354510574,30.35463993366375,1.8764240345296888
17855,68.57556917963419,60.43181595741077,34.67954416121488,1.981624298650987
4191,-27.11648404516241,-32.23456560796769,29.754946454353078,1.8775759190538808
9990,13.213387468149152,4.959703028668641,36.43944493872282,1.9080869538366267
11991,31.576555952795125,69.05340069013427,16.14627821499256,2.811891540915799
2281,25.71240766928196,-42.55780784860359,35.02824966903121,1.0000167815810797
1633,-39.88412767142968,41.75945905436612,28.47832327386337,5.001994973927996
5179,-69.96640467783119,17.43962474561704,20.20225504232669,1.9893243989645193
1569,-64.12486319713979,28.167951619211514,23.40781340350889,2.0016701220162076
1465,6.127485048002068,-11.798174383328583,37.497969151626826,1.9110799052225174
1644,34.64208205377867,22.035339394193713,39.54582531401874,1.8789391875193295
9076,-49.32237229082499,-9.639979665063379,23.94571595489898,0.9999905656667133
7547,-11.165349460784466,-12.674916502296485,35.1592184213374,1.80132690730547
17306,26.324735641598608,-88.19878555390846,22.63419988733395,1.9494888706040305
1428,-69.98996039236637,-65.04719612086113,18.243296843947288,2.0066178239221197
4559,-53.23471314949752,33.19871647690408,23.90178937363582,1.8704525636581308
7058,47.49258678015596,86.59444674666939,22.936235510940232,1.977601319741503
11458,-12.742785816177172,76.94576547497363,27.02217454283783,1.000569800042476
9345,-28.422262495801572,-10.157143597062912,28.24501713120575,0.9999869067231077
7546,-10.996820895716942,-1.5482589178882233,35.52590377065163,1.97571740775186
4724,6.280499815014327,14.914450171809925,35.49921027077383,1.9411610293739534
7939,-65.53587356505795,59.56764187395138,18.17540958261529,1.925765981096788
2690,-62.49083328274496,-51.6299502426156,19.878414019364037,1.9299301873602728
1593,-39.75891429513288,11.756132010542714,30.178216743214996,1.982423969534044
2142,-33.87226357614326,-84.33609865028072,6.682288787584727,1.983910289647533
12285,20.574291839889355,88.26157664354248,26.297878439929065,1.9799796999136983
1570,-64.75155367569417,22.25019143083049,23.56991418887268,1.9830464010993338
13164,9.63261593350557,-90.08363702333278,-7.419974372287273,28.126591808727145
1300,50.67106264182219,89.29325405899058,10.703046401850234,1.9956625222522255
1219,-39.74380230725932,68.82388503383729,25.659714873180334,1.9269699450166202
12206,-104.14006934917936,17.12210945603189,7.521221427792308,1.964504037951534
4133,-11.454040646182852,-48.40614552303066,31.27701362747611,1.9095323831386255
9947,10.011757074194817,-9.248453553382106,35.10102546194023,0.9999978442886885
3208,-34.289215757208225,63.83892901379977,16.194892076649687,2.7996251402347707
6966,53.13683950430979,83.4169210783202,25.280937505496397,2.015007687534732
4635,-46.516925876524425,55.96869313838269,21.391194503405522,1.0000634119784586
2134,8.54876398789129,-88.27699557948891,-4.225302869332165,1.972280723153864
17625,70.49914982349443,42.43469012103518,37.016106988531575,2.451782120423203
9101,-54.59109274523478,-12.500883510352521,24.632974162446736,1.9084291885489577
1489,-46.29254938876256,-57.489349370543465,25.452679466126483,1.8836070134616991
1573,-41.900672547514716,23.178176982208427,29.28617238714314,2.0251143184752527
8888,-27.01670428161006,85.23508560746367,7.891550096658663,2.015487603659217
9118,-53.46702169255978,-0.04796464933174884,25.206755150819404,1.9021488552547534
1361,11.218335705928844,90.33336547022196,16.30625975170793,1.9650188520397942
1604,52.15184635087335,45.34476467241926,38.952268130367095,2.6893648639813184
2255,14.000296810157469,-87.22742354185947,14.388451950685841,0.9999807453698798
11757,37.54069906616935,-90.46050836040794,10.786942517916046,2.0155557066907903
1596,4.253250682700404,7.674191861236956,37.380332022902394,1.8879728500284525
1594,-21.031358851250914,13.498623057478634,33.769689757004166,2.0476018875351523
12014,38.21539744451457,67.45289139693892,0.004160761310625365,8.925516969958363
17773,75.91490058972735,19.23243652292043,33.42255837626864,1.0121342109711766
2297,30.462930125813692,-26.47658543579123,37.22562091309891,1.90634582421334
17606,65.98718407291385,-60.95576266304114,36.154823064516336,1.96991573502999
5654,23.728770219978916,33.49739499695083,36.465804847913176,1.9206315034014334
3570,-28.790189076626575,-81.67555268358727,21.613898611211216,1.9639677310242105
3485,-82.11657486196276,-68.10920037521389,10.491278046629773,1.9670951914250798
1501,-87.20696340351974,-25.28128558212041,16.19384623003552,1.9679271759739534
17136,85.57062194521252,-66.25613154419477,10.722377542781965,2.031853593770004
2558,-36.40440924073083,-44.55326146654335,26.969776135346798,1.9271111842917195
11959,37.84563624014966,70.32403722891178,29.95057353505312,7.9679980962421775
1164,-94.99118897832665,50.019264107904036,11.776485451591626,2.031831245213184
13201,47.79607208908521,-79.9204116675003,32.562975178728074,2.0334819707595466
7560,5.586029453075849,-35.17054657370275,36.482599026253396,1.8918198847072913
9191,-59.64234678437127,-26.775506666775314,21.25834812892583,1.0000157426700114
9203,-69.70455957222978,-4.231511625396311,20.67471214939053,1.881036638050633
1555,-44.4812769845028,-25.46187795503672,28.521955420917912,4.933194738413708
1660,-15.629761746799856,36.23238170537363,33.46652267360331,1.920455738206323
11283,-79.4869969653586,3.9319343592676677,17.54992510531251,1.9693613175292715
3967,-47.207729629968014,-28.849540963368607,25.59542545818205,1.9918089946598079
17679,93.7980929154115,-56.654080870412365,5.3418937859098055,2.0167900329366635
1548,-65.4237483835083,-12.091345869474734,23.836759158699465,1.9776985595866774
11851,-91.68332500414908,23.43909874542628,4.747469902038574,9.892779277648394
13355,-29.45643158985896,-65.5143339035183,14.79201235349315,1.3875655995473406
5052,-71.8571363734959,8.672860752719595,16.83168769651232,4.984698569337955
8060,-56.43395744112039,67.26738832627801,19.684889095790133,1.9719836215035644
5493,28.214049985584953,23.908384826630687,37.18235039604745,1.9288095069106486
1658,-36.382546888804114,38.531334412654616,29.412670259160617,1.9198817751566952
1574,-24.496898589584287,27.637826486071333,32.471122367925254,1.9701515027952299
7567,-15.35493603656619,-32.25651052406581,33.765781677836536,1.9364689847047036
1609,55.9792820104953,2.2765675329868817,40.37477523830991,1.900419212775611
12626,3.4984426893530403,-72.60803347968738,29.87423849533643,0.9999930755354457
2510,-51.92890165199928,-62.733072193194204,21.487071446581364,1.9493217032600765
13073,13.3027041362525,-90.45648616784393,5.184083217498871,1.9838479322753242
4515,14.911949272011878,-45.30292630505011,31.90349914594262,4.891877654584465
7421,-103.69394959996123,-21.745224491823727,4.897206358758042,4.378694354562107
5625,40.907543651749535,7.557391844865957,37.061107012142266,0.9999680755843587
2730,-0.33095452918211143,-37.753818869920444,33.63911000756331,1.985889450151232
7377,-103.28772477304462,-1.1713438970339767,6.742046651663153,1.1131504434190616
2078,57.588643579395296,70.82941074385832,35.520130903748566,1.9972255006560031
10360,68.22226362064907,34.51016471058949,34.59866843189337,0.9979914366674233
3682,-41.76516209317248,-81.52076604975323,17.82994796247769,2.0365422357786853
12495,40.932225540679894,-63.84470256077344,14.559576692147733,1.2216307932338852
14144,52.26147987443716,-86.97456514063553,16.804523585722134,2.023014431589957
5638,23.485138944694466,38.7074923791116,35.877868298871576,1.0000001593107863
17057,67.1023924543833,-34.49498774155532,36.03995494878176,0.9969970214441997
12155,30.59548846461316,69.18344365510703,33.731617221656265,1.8837097623508297
1484,44.49703355252714,-45.30208876069935,38.86433715345352,2.015341008747442
12802,29.861574877362287,-77.22851654340529,31.863203701308755,1.9830007731299995
16379,100.83618637020257,-18.06223821064239,-5.67105653632834,0.40603680547197624
12990,33.32286109431577,-80.0136733216315,30.729863345259275,1.9137549461581789
15983,74.93945763677036,31.634469187755208,32.02280325649255,7.532769593880882
1439,9.091968720378096,-57.807401811401874,35.17510756843672,1.8920304866219815
4743,12.487463554675681,19.26132055889782,35.75917499748178,1.0000001937849567
17732,66.58494796152273,73.51535906023963,29.428244906686672,1.9693183419240876
11616,-31.469360501133597,83.31039737071245,22.142483462363522,2.0348833733187925
14166,30.758912675664615,-88.65028047972895,7.755815632406521,1.9881504277452262
2289,24.14351722239042,-37.309482232598604,36.27099573278202,1.9736751260028453
5065,-2.6072830683327854,38.17628580409075,33.33640853932585,1.9386907377269118
1627,-97.25624061464828,4.370562875805866,12.89555168431342,1.9798650722819762
1374,-21.056382900684135,87.98492328485023,14.968408118544087,1.965849282520463
17210,94.96559109845066,29.97659550789148,-1.8425531177235992,4.597656571035574
4572,-33.21730756165827,16.331352150975476,29.325786950152423,1.934923354546231
7943,-80.62510833942748,57.250394595819856,13.81733014331778,1.9207448264342848
1210,-78.88603310414717,56.81663812769534,16.493416540503784,1.934697723267695
8880,-2.3108460570627933,87.65910668282703,12.852637885231285,2.0155489420165944
1590,-8.233178313013273,4.414295347104286,35.864093895407095,1.9309795839857842
1688,-66.316972030789,49.731897880533744,20.998349012159615,1.9123815702343308
8475,-89.78373721771516,34.98926788646727,10.035684734707358,0.9999995275438263
17210,93.28082118694682,20.937229957187313,0.5650917032767911,1.749994722135793
15423,2.498256039564663,-71.04001414389683,30.470664024417857,1.0000008852765712
16973,60.7690344925881,73.16084290733438,30.90741681087246,2.0066906489009977
1361,9.862201554589683,90.29691903255925,6.878724642203924,1.978312663759153
4572,-36.56129317253803,11.336235780083822,28.837168645469326,1.9425834581842303
10183,27.654659054547142,5.976379607341804,37.59452904350919,1.8624191412859539
11277,-93.5469492470405,5.9710615677637495,12.304001742256894,1.9752985474679594
7867,-83.20432719492801,65.3703950029667,11.76446908908437,1.9834530939260242
17411,50.81177653604463,-83.14103206614986,26.547648250263848,1.9605445772975483
16532,58.529715179051365,43.57086900965838,35.01301834696007,0.9999989797418661
1465,3.3492837073022654,-9.09566367667062,37.25996341672962,1.9076263138519713
10151,28.915838373167933,-10.173311826906906,37.628945779030325,1.8444289539992262
9208,-68.2779062467983,8.204750863139129,21.053062039602583,1.9718825066318475
2681,-60.20533458627825,-53.83353325313895,20.292906181130533,1.9634906270148047
11487,12.723133502448944,89.02577581797823,23.97889805022076,1.8932197119738015
1593,-34.57891212243557,17.0915290179159,31.005340633855937,1.9537277042460908
2314,31.86510146748534,-56.3384771459477,35.39462125018755,1.8639385543733515
9195,-58.81176855936715,5.596964782409822,23.782816978726395,1.9008438399374046
12147,30.65933717351882,63.71009243779521,33.49797493676276,1.5522145528590334
12542,39.639032564517116,-65.80115945250667,8.81158471916271,1.1212931432567117
2293,28.326550990460184,-33.94626287036641,36.70458366062264,1.9587684471980682
17696,75.52879121774355,-51.99296801416665,30.81235382695299,2.885598246759965
2220,31.30505312197775,-89.88395431264595,0.44042182239146666,0.7559047029043887
10005,-7.013410946519054,-7.254895542290928,34.05205630898459,1.8000692090469885
14298,40.441019151940765,-76.3343249491006,29.012529201609578,5.416137863914
1654,0.23892703313409847,54.809200710801726,34.43530285673839,1.9638591867167932
1698,-46.22306904312544,52.72039738131281,25.96884953022828,1.9029747373037322
12188,33.923344780179846,74.66796014963188,17.24378967493199,1.2684858046940937
12514,33.98283418923658,-71.65922464077745,33.04053787421769,1.5271919567985495
3412,13.739266858664202,-87.98886619198674,21.72059886623077,1.9656049399139277
7764,-20.169906247781263,81.97492855897222,23.354514484520998,1.950729879804901
4878,-6.74503877220313,11.84838489588192,30.98798843255674,4.845523577128259
4599,-26.512944437972813,22.698126194922516,27.5367607534913,1.0000003719554231
1609,58.23866304601038,3.3231880838874095,40.36769667813163,1.9149223091835246
5615,35.808508361151276,10.796617734767551,37.990991771123326,1.8013137705870672
11737,-85.5957912426933,52.42047246816854,12.69005151083243,1.926917271242586
3575,-32.00937339466618,-82.92392557418177,19.30510874638113,1.9505640593867533
1339,63.31736620416357,82.84978737545381,23.020536547511455,1.964249049082878
1459,-21.803465031171235,-4.2807390445647595,33.82216392860764,2.00661587304761
3165,-20.342563137739305,62.16381974529659,25.852208371884238,1.0000007609907196
1674,-15.875208841248185,70.3326676883302,30.300388491215756,2.006012141307565
4120,-24.279006127288216,-57.59583007126343,28.224727221086994,1.8993736520216988
9726,60.4441399061298,-26.811374653819556,37.53272319746763,1.000011954513499
11592,-16.84820824305725,87.85094896988286,19.215936062817168,1.9220319143008189
13043,-23.804657989274478,-85.66364280167328,21.621331379837024,2.092648863442699
9009,58.11416950748799,86.83896598551542,10.618686306173053,0.9410307871282856
17637,70.53697545339786,-12.405427898681864,38.620033794363614,3.3778854187861014
8376,-63.820673985377326,60.15039384851907,17.052110687932938,1.000000328809842
4702,10.746704109299511,45.78489036333828,34.473952634285716,1.873495781571864
17819,69.7820124001746,45.44779023742922,37.14603408827348,1.9707691120270778
8532,100.03532103367667,-10.987421521443595,-3.528510935915728,1.842711265585816
5095,-13.070762820445704,29.597954227945273,32.295731307204306,1.9199503289827626
1501,-87.18132436365673,-26.779843677241644,16.122842771406678,1.965527079824681
10558,91.34550683425473,56.34579786962175,5.674322315573038,1.9876440122961523
12380,35.45243845477833,71.46443613145014,26.264895296553977,1.4129008556337241
11028,-94.4541840237643,-45.25526302062865,10.259919157713826,1.9764095684275036
13169,-22.821688393200397,-87.22264272585787,-3.9051222012788145,24.006246128302287
17965,69.91711750988941,18.951428205924906,33.93225937319506,4.074136320247954
11394,-15.029587851414764,64.30239463533674,29.16620625354481,1.946411609134226
1499,-97.08961423508578,-23.597383064858015,12.505621764425943,1.9721268979842075
2298,15.132586984624469,-45.5295434244994,34.361798934482316,0.9999982042980734
16046,74.61976022269698,71.11156382913438,21.134326936074235,1.958053127821373
11496,-62.566608177509416,75.42405108967966,18.386142264662883,3.0947600634570755
6742,35.007067253187344,68.55423380138085,11.247652757796157,2.655253144612484
1408,-2.748126027086881,88.5751736540652,-5.422765086805929,1.0165214074728135
11983,32.35462129830851,70.35584070956284,22.563779474354355,7.73571049216928
4166,-53.472505447734065,-27.412556565557455,21.872775961514673,1.0017830740838927
1552,-87.67033502701771,-57.32994202871741,13.597909232226685,1.9777253844363791
1600,38.65602894996178,13.542284740340277,39.91245698939425,1.8972751661782266
1682,43.039686230864376,66.07883492353551,36.659527772673144,4.939057355312221
12360,29.87108671149015,78.46010177034606,30.213280913647438,1.0003301857279154
8879,5.533459590523142,88.1074440181794,-2.206659835859872,2.001506490527616
16531,60.13317292887385,42.645367986727855,35.562095047569265,0.9999991384951764
11482,-4.870712471295579,82.24905023762636,28.63070391553336,2.0279414943882577
1663,3.9803173279061577,57.897012999161745,34.62398613818791,1.951932850804654
1573,-23.312329018221185,29.08744452600813,32.6269099347897,2.0088648033457197
12456,-99.61298983704319,-46.0988805460608,7.07242963022953,1.9478736692827978
1544,-90.38301112705508,-39.77658435086976,14.179226389386049,1.9750493082447278
12285,21.258859951461623,87.45035705471702,27.320396124513252,1.9801287481563155
10058,3.0879913800760335,-28.235044880156874,33.85806982146664,0.9999908702980859
13067,-2.143104758331016,-89.59124200340467,-1.1669784253374034,1.9278973537311705
12354,54.583227023355846,82.7065308640677,21.123786125800002,5.39265346233356
16436,87.8352098569374,-71.95347432407362,-0.8479778332499213,0.8311968743719131
9715,54.651654484574536,-15.355959764939191,38.37473502758709,1.8919970527377319
1572,-42.11817436527967,24.72058046185913,29.157273723532626,2.013372745548482
17937,68.77427233778212,39.466219265873505,35.56090603957277,2.6151877368594656
4414,25.715655056832958,-26.768877937587934,33.93491740596871,4.92954449004403
5142,-47.51696681219725,55.59759299803209,21.552084186886486,1.0000851769870478
10191,42.4887487560286,2.0809330859952904,36.45072222621655,1.0007902803828803
14169,18.93910857783777,-88.63824785059747,2.4758722062422276,1.9995057509448582
12294,32.393542944588205,90.00814237429422,23.194527616017375,1.932461963857067
8882,11.519080788661059,88.38911059645217,11.73030227956312,1.9669996762171191
10093,33.49237041302866,-21.534637271233148,35.29266604914047,1.0000043041736504
1455,-49.89157263532783,-4.638307992086971,27.98944544790774,1.8979840559232606
1286,20.60417840434417,90.66556811167108,-2.4397756046619454,1.9922776251098258
1459,-21.638016093933654,-7.821152278219575,33.81188399022676,4.993979303953769
13064,16.335039897233578,-90.567704161119,-3.0177005090909375,1.999302493812346
10114,43.48929991705813,3.9187421339186845,38.109075611480485,1.0001398094206662
8887,-26.099478742174654,85.35604573292918,5.466527981540788,2.017816226165797
7571,-0.3740768176686454,-58.44611989699658,34.00190762147621,1.949982850282342
17870,92.82693785883525,-43.8707042765714,3.9048780004186776,9.77376679849116
1287,49.68307623475253,89.43994759232397,17.660236000087476,2.0204174806347495
11759,31.530464885850918,-90.62658642620067,16.153646744639445,1.9882559797218786
1523,-75.98061616748132,-63.35111149743845,16.619210766122706,1.9755980685386538
1681,36.196002182351,71.00778082633093,35.621710874685135,32.34727021237664
12651,17.086100712769905,-63.19944950461381,33.47452613075004,1.9774096491715414
7571,-10.208664337409393,-53.9875472923651,32.92298424330353,1.893275775430063
5220,-54.55110054080695,7.764653263390921,23.828758559405912,1.0000018957203092
13279,-23.672243409036163,-77.96990386254653,27.530283416702993,2.0599249766306835
8015,-66.03469723951993,67.99211349234304,16.46714404135777,1.0000043164722219
8647,99.19911321215035,-31.764074518046694,-5.1736132451959875,0.839445110900671
7225,65.19475351174344,83.70438020354469,9.658726017511588,1.9880729552515783
2141,-27.18456664240538,-85.2057136961899,10.86073512374737,2.0192570924632998
1377,-5.355488462995732,89.44846599814693,-0.5099396365888258,5.46095446114342
7561,16.760715913213424,-26.245364466999362,38.12851088545993,1.9163403821008012
16385,75.79299456539863,81.3802594438802,4.449432468471175,0.9037793471750086
1238,10.838361290934522,51.742827671816634,35.91439957901877,1.8930205917402592
7570,-4.598236268267893,-47.88849527234931,34.29512161037135,1.909740576302732
3614,-18.64689367049893,-84.56077077755484,21.097825129795062,1.9055120821896645
1501,-87.54415556877277,-24.89675879525944,16.0938424762399,1.9657449093365031
1529,-16.672088669396484,-1.2875406671136655,34.68642006179569,1.9719517018977062
9710,67.33824080584301,-2.435614353787502,37.89024411084166,2.056094729910343
3438,16.97030665840981,-87.23857202856162,23.896856954382876,1.97348353495624
9997,-5.3405776020867854,4.549836776672252,34.30899700431701,1.9219780486452027
9658,60.30189040310126,-42.53945705325945,34.356076846245074,1.0000156631543025
10877,-92.20582471072652,-36.88318177842183,11.289231777590446,6.450007858032254
1610,29.809215643557064,57.81902547517039,37.01112645270917,1.881089365520951
1637,-78.72000963630589,46.09444002576666,17.666277977133163,2.013849603271817
5355,-99.6787738384461,16.13055967849361,9.51421998999776,1.9901492001100265
16021,82.15991286045991,72.27917702251221,11.337612025999718,2.0355763503561497
9086,-48.55897733541066,-16.822559170447775,26.021538316351638,1.8712656072788394
9101,-56.458071966914346,-10.834224318075016,24.225269454405808,1.9109233532346714
1533,-53.23997495168723,-11.78409391637788,26.967514765499757,1.880544053586216
1520,-25.400086928424336,-58.12236934058373,29.8971979136188,1.8907045071629882
7679,-51.639514664720934,74.79192058354421,19.55269073137637,2.0774748384108697
2818,-57.505817964942565,-37.128614180139564,20.192549568751257,0.9999499552781599
15186,-33.113163831674896,-64.43412297232537,5.7477545816415105,2.570047235203963
16529,61.109594847502116,51.36307109311878,36.59751754561775,1.9764166668435674
2405,39.53149129822267,-27.441626716148647,35.28234260294416,0.9999858181324592
4710,11.14027115181207,53.645753562443474,33.87412171297285,1.882336150976968
13092,-49.719787091428756,-76.34575850727865,21.77960801814573,2.0094287080189157
1668,-60.76452355336161,62.882499177768935,21.11750786991658,1.9129802647416152
4816,-33.65862633126447,40.23419358510759,27.873735009623502,1.9151864573805675
11272,-83.47811699178541,-6.006201477433261,16.12259668823191,2.001373444108346
4536,16.976353001863693,-7.863203486498664,38.667954166637564,1.8956087580987213
17780,73.21907867281752,36.0731558144252,35.38678469097544,3.5891529972728784
3660,-7.081691718894936,-83.60710120097879,24.65315720931552,1.9604554743748486
1467,-78.50392043189711,-5.344625961792982,19.936993578451297,1.939585752461905
7952,-68.08914148041166,62.15176984627335,17.072112164196707,1.986045635566365
4582,-27.51294467937676,22.66060382138179,29.87029183468028,1.0000003946387899
11988,32.97438554112422,70.57707604127735,10.031320394895298,2.697691010861955
17203,80.69238968734915,59.23579752875846,18.536700830820315,2.991838631948842
16119,65.4541165521741,47.436227164891726,36.659153832054315,1.970409721480735
7276,42.48168513146322,67.61462674602826,32.28484469786748,1.0000906245955705
1579,40.25388864789179,48.008206528130536,38.49541169470711,1.955410356421379
1465,3.9634504794187855,-2.00475850429111,37.455312335170305,1.9444828261981502
1501,-83.47240095051802,-23.550627934556815,17.62186703509507,2.03347206007397
2554,-28.69126357939294,-48.76499990873859,28.19509377898933,1.886630900141264
12506,38.27364246306015,-65.07128825174881,25.126773336664755,1.4060901383703555
1416,45.99937895573639,63.27117675049158,37.10965527570102,1.9274134124544882
1510,-26.390879113089134,-72.66428528952983,27.92791600560827,1.9660721465201654
12333,40.037638029503896,62.390563359553376,33.09979720790183,1.0000035750919487
13111,-33.636465591327614,-85.25926686489439,-0.9841813790208351,1.1012612308543266
1605,52.2562885036953,49.97395376693261,38.608288698553366,1.8889551218837708
8888,-26.06319094998704,85.3579953061661,10.056916009768354,2.025500088689867
4552,-14.05383377747615,26.579771806279194,29.78574380531053,0.999999643707592
8027,-80.70447865661836,66.9903585837572,9.032212478539083,0.9999957289691497
1651,-89.40611301226852,25.517750973543396,15.36771769304481,1.9663507075057354
9079,-52.582898853501334,-7.758028600484922,25.19210313687097,0.999997072241314
1529,-15.063173028378339,-1.4104299328193748,34.93915657582256,1.9893976781460936
10895,-82.78801428278396,-35.00989529223772,14.435283454007587,0.9999660601626676
7578,-12.640284064995534,-75.17033413476923,30.082953834922975,2.034374700810683
6802,23.132756123584883,-13.000890601970147,39.126738061345456,1.9530842186268211
6970,26.354716559108233,87.05457065124196,24.85204069015336,2.001301988857993
1361,6.442873497186993,90.12877906694676,13.808189581766232,1.991299139960662
1571,-52.870032198524804,25.0795394707126,26.448385212073905,1.8729781668953793
11616,-28.329972159747214,83.5376753165771,22.77248576252211,2.0551456497728604
1386,9.667469844231798,89.30063368329877,-6.745181163732862,1.0327159439013214
5393,22.025772191907727,42.39549230726597,35.78640280051114,1.9806520059184407
5555,41.03268772549112,52.96160691946355,36.08671913125548,2.0222227298635724
4244,-28.24706155833143,-44.89691909419171,26.04661214817756,0.9999966084988109
2381,35.5313643081231,-44.14208257908768,35.90944637226633,0.9999982446917656
4161,-15.144719123103439,-42.06787746257273,28.7592974216276,1.0000332455158425
11378,32.31203104994786,76.73177386296305,34.16691171472978,1.964544776916638
1594,-22.161863133543637,15.64650287908858,33.47908310952935,2.0237507721060095
1575,-17.442420554518144,25.80778143761987,33.796878569156306,1.9277608724812605
11297,-77.51030084943618,0.5413118340329485,17.96387821805756,1.0000086003688224
9112,-46.99070021676396,8.06087116722993,26.679684523870876,1.9174448466874574
10100,58.89964119419177,7.564103055124906,37.70381965197608,1.0000029255267553
11556,40.221124203506335,83.06004551477085,31.064680738167347,2.0122482699905064
10230,99.12311804608994,-1.2610350601069915,-3.0416477941216877,1.9907436643850651
1602,49.96566082199096,6.54094814317885,40.33359970927436,1.8918974168270257
2139,-17.508619277616035,-86.38705841295655,2.1172989009345176,1.9661590997108616
12238,-103.5071518692809,-20.93462354035522,8.93053597433591,1.9709712979603178
7573,-12.15010398787118,-60.31119495894326,32.0395307939372,4.944511638171112
11032,-90.38296331890157,-52.3118752000933,11.100287191425565,1.9922766815396045
13057,-29.635716674118303,-86.91148910785039,3.9706886866282844,2.000210457991313
1435,-68.45232867483837,-39.273251584176535,21.249513178089124,1.884919047652408
3606,-76.16430783028889,-64.26060112395096,14.349749232394306,1.9859986048902845
15938,62.88488641238514,38.90940849192029,34.48408577574855,4.999735863415005
6802,21.70857678588191,-13.70502665818823,39.002061334472515,1.9577989559514737
1596,12.316568280497304,5.237944584532472,38.26192862653081,1.9025522237300965
1459,-21.271117376074557,-0.6779351425984289,33.96461893261616,2.0213019047077894
8891,-9.877059144501715,87.06556503339803,14.137716089205348,2.0384082904952407
2651,-52.055096746206644,-40.13949125318135,23.663595433180284,1.9038153328358554
12005,30.991216056736572,68.07723810684578,30.043081362391533,8.057491929377651
13525,-42.013877425480345,-63.76499758667788,20.44049990643051,1.4861607390581373
16740,80.14065131198603,65.20958095256248,17.805237600787144,1.0000006360120672
5006,-45.32108006557235,48.62990070562972,24.604604326478132,1.9044202332442488
5464,10.614698179937093,26.695781152411815,35.551779167324064,1.8779553280182866
5181,-82.33769407734208,16.839774365357457,16.192784109850095,2.0254314436878635
13084,-3.338059862031222,-86.30687574493238,25.40831474864587,2.0006659293628584
14170,30.74140408655661,-88.6468953396573,11.57537328638246,1.9898866785973846
12215,-99.54267423061191,46.30874499853565,4.476085148524685,1.0780446128814374
1377,-4.091857700145545,89.54344029643227,4.892312867982696,1.9883064304640583
15212,-33.82836958513081,-73.56661542971418,11.31822479259646,1.0000000270781162
1521,-62.17220460453943,-63.08049889019002,20.67345683840669,1.8882048805120648
9917,72.19622532489467,-61.16527110069552,28.589016522931757,2.0316635131373233
7558,20.871551613737758,-42.3503132608093,37.66322081778856,1.9642623531267218
12423,-98.18968747762159,-48.63500360061902,9.638472000523127,1.963597106214212
7549,26.756081776792385,-55.89277942737784,37.0064660052631,1.914218377636477
9999,-9.286255009821943,6.764572800209473,33.740271516619714,1.8926453881007355
1614,-19.005335449191882,3.029329045579425,34.29825336786983,1.9853951330358508
10003,-16.398117750361795,-5.256610635648999,32.70718776098489,1.9447960077104354
3675,-39.20787025048697,-81.16217192228058,19.109603941051716,2.0099793925319362
11608,4.436384823434485,77.07263342026478,32.080907575097946,1.9781371341742062
10918,-79.61569378122283,-39.02394478441087,15.814425320429592,2.00944100983489
16922,53.08711953152688,59.524194328248484,35.73164943017119,1.9036586284160726
11494,4.53171611887771,80.797504435823,30.742231652607295,1.9882792723081175
1375,-11.039887036710569,89.02059232098058,5.053698970267367,2.0543290517325694
16085,73.65407065081085,60.67299146113737,27.475091488717847,1.9347229702172104
1418,47.892449113403515,-70.73018387731855,35.854970695553334,1.9340250291566354
18018,95.93968550955552,-5.861749160931811,0.007676180862400982,2.337807211171559
7559,9.769515120851915,-38.106274635617865,36.76733710085126,1.8892671591291386
2537,-37.18741533949244,-70.65248471263862,20.44847035522898,2.9872638279588557
6879,43.4817637799702,67.34257841327886,33.37129273782763,1.0000458363350424
1602,56.54269787797268,18.688049942201232,40.22243206267924,1.9185047052139108
13070,-10.941811580560847,-89.02610005827079,13.063631852925248,2.0397984460023117
1461,-86.51696827004015,-2.344658235156614,17.149003313310637,1.9524062183935065
10865,-94.72399981426248,-21.19455951002997,11.420744323098653,1.9807737224344462
14146,37.6193740014154,-88.45692525433438,16.55876396679629,1.9885806152404293
17582,72.24523099849198,-15.686669645650255,37.33959375669755,3.9607946797786395
1377,7.988728374976055,90.25337496503847,-5.443666469697575,1.097033776677291
7568,-14.372719807282895,-39.344317648814354,33.451833619363654,1.9217214153632574
4602,-9.716873231707433,21.059857882921946,33.25726254287012,1.8836682746617608
11723,28.090764420766856,-87.74988118692858,27.314584387860357,2.001451146251509
1184,-69.33773957597498,78.49767007583068,10.232762237066089,2.0128556874952053
2138,-7.7977609250797695,-87.2635116039648,0.08502055643053918,2.007300372485081
11264,-95.73093650764633,-26.361953010281695,10.817646822300123,1.9565467956353746
11133,67.28314530102747,29.74671564623593,37.41362216016216,2.0216125973248045
7663,-45.49293971819199,82.25620451076176,14.085805021482884,2.032735501459897
1621,-92.94205093336842,6.865010573827639,14.67814392602872,2.0676491786604574
15088,-31.014243421586663,66.23369444154699,10.237333872440797,1.3080571842478868
1657,-49.116692108517285,30.62510556710668,27.053924048062875,1.9223987169435615
16264,67.34200720910687,69.35874300920443,31.559745699974545,2.032558016671014
16883,51.60180508080424,70.74195862619045,33.8165169214656,2.0102330534914397
17214,70.92945593146155,-42.319443885992754,32.4969356660606,3.2278717796162097
1576,-6.187060011020712,12.130947089782742,35.960762289433305,1.8580381467554414
13941,33.99986872261137,-84.54443988550359,19.80399758545722,1.0000000179599187
5418,16.465822611328264,10.118723258256475,35.58851324943009,1.0000001332542017
9161,-80.29390263067279,-16.262169518617902,16.923227168613046,2.002468250052542
2156,-44.28639487468555,-82.53686749547698,12.201858354011659,1.9289868265089607
710,-102.3904951227104,-4.583366854321935,7.260883420073117,2.000719530507708
5500,16.14270553912194,19.18842031774696,36.39231866149734,1.9360945571726
5,35.1929112570266,80.04345948791338,27.797640789516546,2.324222354700391
4536,20.40067921477911,-11.709309341971641,38.92455598316267,1.941932896629331
10066,41.853193564112004,-13.52338709199147,38.1163951922489,1.9713800656289648
9200,-61.885375003948226,-3.8448402294914703,22.937040369348136,2.0072862234820827
7079,29.558579509970563,88.41789699894036,21.887891069656995,1.9840046039903283
13156,6.300073313484246,-89.08512099881217,-6.02851262178755,1.048006438119588
7752,-0.5123327638498543,78.1449941809615,29.094706856743525,2.0187597072356085
1599,24.767364677031335,5.298489820301305,39.32844382402931,1.915690734001092
15229,-32.82930985534434,-81.55031216295497,18.18552799471178,0.9999187611280241
1584,-10.051620220769568,44.64652737254836,33.71807573698604,4.879798039421321
9355,-75.3322051988786,-7.328153663467146,17.945482734040148,1.0000028292546919
4261,-63.39857921464324,-24.614877184826817,18.643468280060343,4.9731196101015875
13095,-1.9424590132419421,-78.12471890015085,31.01343370928541,4.975022151330056
11611,-7.185418037781744,79.4535343385956,29.80346962824627,1.9504053371771248
4005,52.398129031965965,-57.49695312114474,33.54215645936558,0.9999845344127292
6358,21.551725700243452,27.90969480948914,33.54873834464777,4.893196397663261
13614,50.984427658125256,-59.46815834667643,34.67870732077776,0.9999969086733367
7102,58.71630188133905,83.22887713498261,22.180336680704194,2.0057186919054444
17837,81.94832039022383,53.56400153148965,23.408218696485896,0.7203284206246615
1647,3.051012566200799,36.06367811730602,36.16625527818134,4.175019197748024
1637,-73.6714702065996,42.67717166290873,19.433584870887387,3.8909326230434407
1683,24.712684763873742,66.56576298674578,35.70031267200843,1.929651518598415
8822,18.506465146166693,88.63241297103141,4.340922088286347,1.9999626382093776
9304,-43.49267645452066,-10.099397961594859,27.010381529361943,1.0000045893892688
1238,17.741232473432895,51.92756571138318,36.62861103986916,1.936960314349392
1779,-50.91385383984081,-81.87655663116084,1.1696090561021686,17.038551052697418
1371,-36.426864888004076,85.9593386364918,1.771494999264729,2.039048010742029
2135,5.296155507803468,-88.07390677411301,12.310672744753056,1.9293262342574529
18064,78.57135760781979,-74.48485343107151,17.782419631667786,2.019129237154328
1596,8.635675516042824,6.78624672400867,37.85139476235132,1.870513840820142
16411,71.03823376517002,-83.73182749383035,11.996495793252812,1.996946811491621
1525,-87.88029311203528,-17.404266204767723,16.30100137226681,3.9614529441940265
16901,51.385923900368795,62.14228993649446,35.34493303295079,1.9471743775427681
2632,-57.00250277781253,-41.00018539215332,20.060667461199113,0.9999890050012534
9775,66.02562467768404,-28.81663355496733,37.79192878091053,1.9736521857148341
5381,-87.5125284031249,19.03785116379771,11.901571467118448,1.0000229516048948
11292,-84.48082541639465,-9.520082463026016,14.211913723235643,0.9999242938637827
11435,21.821174317739082,74.30271994132892,32.240972947460534,1.933553489502109
8409,-62.71928402697421,75.7154490852873,3.8284089437418385,0.999999774363908
7529,-64.82651623258667,-79.80481772142961,12.924344441667413,2.0049604790739215
2245,15.000312914512357,-86.23921198427591,-5.222456116818214,0.9998936173660581
9224,-26.50808352245335,-17.70858154165662,27.70899973734238,1.0000061233212398
8891,-7.120681404869396,87.32179172800676,-1.7883254173234628,2.0112147129636924
3896,-79.78848826166008,-68.00953923023934,8.044565693315434,1.000026679762053
2155,-56.89936612838526,-79.93226183229051,3.22519096972061,2.0258849841380395
8170,-49.64947027390307,72.69235862744851,20.677661787165682,1.9818103796091182
6821,53.97995522907181,82.09906582474392,26.09820713012092,6.1026083326695915
1491,-50.62254682160409,-51.61309421631026,25.006400315912533,1.9158393854961915
4773,-30.96135770623652,9.840153698848777,29.257083340428522,1.000000127615379
14561,73.6187136985638,-78.60695935794907,15.317960847731873,2.076628181918247
9995,-9.876483277936007,3.2294567675749652,33.69022672596371,1.9523900675347259
1491,-53.1988502310888,-49.633226298113385,24.558815428663472,1.9324990410448868
1584,-3.4870635540704216,47.98581553863596,34.45706647764842,1.9529104805337778
1143,-76.4582285951513,68.52263924219511,15.731835995943493,2.0190010686889432
2157,-38.60027073318108,-83.55015319227407,4.220167073442119,2.018577838431706
9167,-85.51709687138037,-20.834161067020137,14.909822955706215,1.9930627487536325
1645,24.971414107107922,36.256619920524514,38.333243671919114,1.9279234302501473
3704,-101.51920928338093,-24.71853688539428,6.662113304040891,4.171015864483491
17708,75.99920671877351,-25.15679948250134,33.18793976662546,0.13838208727047754
1410,-9.622269263130397,88.03016763633987,-3.8013897153407856,1.1065509773926892
7119,65.3276513744415,79.47444685045596,22.04452289553194,2.026366108607804
8508,63.55824298982635,85.2007785884758,9.529028922864693,7.826148479124269
1600,37.32487590310043,8.19072467722812,39.903572142394395,1.8188622057116135
15787,-5.999791092623315,-87.39794866878131,7.097020293690154,1.000000390166124
17592,66.8590822648525,-49.6389759710578,38.006973390064346,1.9632202685010052
7809,-68.83319386223965,76.53438982914469,6.1624311915610726,1.9599205605341934
3719,-78.75451885421913,-70.89628025133905,8.335328492601235,2.0208711111820024
1576,-11.787741789955573,2.30061457480654,35.4091447257986,1.9775476904358433
1469,35.76445192750882,-5.916858358717798,39.878742771999384,1.8416853071193624
2154,-58.5848629356062,-79.55618479069994,4.949534083002569,2.0213760313480074
14228,44.13499786806467,-78.77508741785118,31.09032005973042,1.9531481271073103
13053,-49.69264504867833,-83.55514893024235,-0.5056881634700874,1.0117490982553647
1645,32.07936876518218,31.10470995471608,38.999848856526434,1.837429491194963
1661,-5.412279026081449,33.41842605455185,35.144152650713046,1.9419565476369862
8709,98.88694479553232,34.27649461156728,-3.363778520938165,0.9075766819874772
5011,-38.973073646822606,47.647175842709856,26.139010945766238,2.001354124324358
1582,57.42110183624876,31.78965410529502,39.804137876519,1.933233215203482
11814,13.134643835097979,58.40162876335361,31.81960607379024,1.0000040572690654
10918,-80.77066358310871,-38.151625289389486,15.495589687470778,2.007418593626583
4536,9.65156751572912,-11.048935126720993,37.86953942750878,1.8506705032722548
1722,14.286099071625497,-82.24732958537193,19.69119644165039,11.276463264256781
11510,-34.5357154317918,77.45057407439363,25.327756269816007,2.8713878318665196
7963,-55.88344788104236,65.66217137500834,20.06132047439252,1.9653019871285118
8876,-34.368592607356774,84.24510661678005,3.8897737131582635,2.0030162255636017
1609,50.409365123121134,4.817604501106896,40.351191661450144,1.8994525965783589
6757,34.19258831557356,66.78445600732037,8.470594888933363,2.5961768579381825
1632,-25.661797781039787,44.01681442522135,31.108738306289045,1.9076620849152808
4551,-7.511915004727507,14.055206077844257,33.48137187042451,0.9999997981246768
2703,2.493840111361516,-33.96567666975707,32.21931892762057,0.9999988233167743
1601,-38.195857082884714,5.890021793312686,30.647061895411767,4.9122745854521535
11030,-80.96146735774278,-54.812536922612736,13.997192269519774,1.935039792576127
2620,-71.37733506917668,-26.203062622980962,18.586401845445977,0.9999759936647101
7239,34.9799193970148,82.371627671585,24.788897472689424,0.9999976887944743
17737,78.3237854566849,71.16984229018536,20.28440361764555,1.9241808158884748
1579,39.367248606854744,44.66081374959129,38.668901136829454,1.9290119003349375
12147,29.2446831166464,62.814014928955736,29.845787278291425,1.4884633137009622
17212,95.74197635551113,-19.489748598649545,-2.9428949387201913,4.801273854213804
16432,84.45748691657846,-75.53358837485767,1.242738039031538,0.935677437566902
1543,-83.23192941965833,-31.05271094665777,17.27451386134081,1.9928337545562516
11614,-22.572124047409165,83.61539202906279,24.08727119407154,1.967021891415005
17692,70.47167660407737,-57.769569850814065,34.02308240534154,2.011877965670451
2266,38.85253684832017,-25.669543708695308,39.62636484587877,1.9085194408762935
9947,9.029467363481391,-8.681482936855158,34.814231889380665,0.9999960119512696
13026,33.309198339284684,-70.76569442721652,10.392573197082317,2.6509438247503123
4575,-30.181294964175166,23.752171554196256,29.640679787399193,1.8799511185910338
1652,-84.22510141471867,31.224655091702274,16.885765707290567,1.9690591396333015
2055,61.236605218497544,-64.81430859218608,36.665644016036474,1.9764104930735853
1435,-68.03401301319198,-40.36834602476809,21.294353860789037,1.8907500454422166
1593,-25.370349169143264,18.51487659411228,32.75756775812458,1.9203475110243533
9980,10.892957252326745,-3.2285793698701633,36.21992961285959,1.9209485989180315
4775,-34.51911527977428,8.900038133032126,29.365474997280742,1.8909099089330106
1638,-86.31035128208579,39.84214962586933,15.571812032620027,1.9541845804577913
2775,-65.31396958074237,-39.21477690097937,20.186700045318698,1.92008219106332
4657,-36.388393282207545,16.169466379467288,28.668290469180956,1.976765780846412
9824,70.35028023115116,-66.7165238922043,27.76172399718542,1.9171570956784063
5257,-93.2125820639871,19.66512820108094,12.005148659771587,1.000001465214507
2139,-17.283569645172452,-86.40104368718514,14.461259392395467,1.9789545908196375
1174,-83.2502802785909,69.886818036168,5.969658501973352,1.959875583031016
4607,-37.514111882118314,32.43172566587849,27.120617632273675,1.00000463891934
7551,22.759610783237168,-63.393973547500394,35.99661791401058,4.061192769645993
1597,14.898470967617474,7.788791295540882,38.4631136251472,1.8797988743949368
2561,-28.228713412361195,-46.062100826505365,27.30017488628252,0.9999949350899946
7574,-14.17938338526958,-67.61841474221201,30.889421384651538,1.9723285616389852
7546,-3.949906299623379,-3.106371540565871,36.41616056804223,1.8924071316429882
12456,-100.01710143675211,-45.0028861702462,5.744874701168245,1.1119025968171836
4549,-7.512776104577489,21.283231808403855,31.633933987104896,1.0000005833685748
2666,-64.8010730438751,-45.500795839519796,19.740665282243068,0.9999947165179383
14167,27.274521789914928,-88.65993774724387,2.0584614693750156,2.0521069838075814
9831,83.638405791682,-68.78505378218124,12.040044730243359,1.9266461415925211
3795,-98.51395849472509,-43.3702006985267,6.337426024998728,0.7605695063116411
11415,13.412246705534182,59.422221660876275,33.58583958514352,1.8847063452468333
1646,6.2930235846875675,22.081135870926065,37.22774902634164,1.9123595394481043
10766,98.40381958047733,-10.940849353464326,-1.7370166140591992,1.9683368695798575
7585,-89.6213456772607,-61.364220810055826,12.024347835431156,2.0622116170086247
13199,23.463792553336397,-79.16025767782003,32.99033490493632,2.049312422233811
1440,14.006669895309667,-61.772663274868606,35.30842257595699,1.9375850983441205
1495,-77.8793827181286,-37.301541537913046,18.56819358558845,4.786372196798813
1555,-47.92227530680458,-24.470656148925137,27.718045198890252,1.875653189199929
8462,-95.29996420316613,46.98860503500851,4.606346986377336,1.000002529576418
1594,-32.09061776559905,12.313864677845487,31.655343446976893,1.8832567383214733
12619,5.3549093457567345,-75.83782563406234,30.09847896319829,1.0001107700269203
11036,-67.50399327516506,-52.722353087888195,15.854257798925584,1.0000605757899343
11508,-30.997844506285887,77.46885696390109,26.14031279151206,2.0261280801322457
1483,59.01119278850801,-40.746257153891804,39.35695630083734,1.9511168481479557
1459,-27.896771874426857,-5.1785292010070325,32.66385124261873,1.9266687491931545
6506,-14.895463787174327,28.064505346587556,29.08639604400689,4.911399167680505
8823,25.966890193278005,88.67609350057151,14.74231944662452,2.0254964266504
11578,50.76534083723447,72.66270438152469,35.396331960785005,2.026991897864845
8588,44.79437628900729,-88.98733615720175,7.900079591492209,0.9582895129038332
2273,18.283358733361098,-48.046002530854224,35.04039299803326,1.9379242018749423
1558,-4.972531971436475,-76.49610231733294,30.994644330812495,2.015606453766766
9209,-62.88484805987086,4.500709313464821,22.651892618546448,2.021406338217521
12282,32.10762512143124,90.63186612786376,19.518552440334645,1.993118449379787
16410,74.41845139053855,-82.16655657913115,9.526811065451398,2.0134659254847698
1232,-13.664965345129751,76.36760704465337,29.72280686045266,1.9982454046612088
7298,55.50607014090662,82.46157392234038,25.275208595395732,1.9382517817165872
1356,-58.76377980256705,81.56973380639016,5.610573220524255,1.9831848617347416
1228,-91.32996892430802,19.257222415215836,14.941812938998176,1.9635079121103902
2735,-0.021185262834407442,-30.67501527319808,34.11066514906892,1.9353997718417542
4551,-7.511758860775696,12.749815081876756,33.36215381510488,0.9999998094338002
4969,-21.232615890641952,48.84691449662266,29.587480399242658,1.960518727581245
4812,-29.05224001390316,39.54862878071819,28.85679677829009,1.8921978508769848
1648,-39.379472374021496,-19.765718504383493,29.963022506447683,2.0334724653311476
12261,18.439369866387867,90.34708085884466,21.509956657234653,1.9598459512235793
4841,50.269565840296806,59.22195840240101,32.73180086359661,4.895613703884931
703,-67.91752969659319,50.32681790040806,18.48536941122643,1.9074716854108984
6562,34.00849282480809,-67.69876120679147,11.592115122617466,2.688357527000707
5458,18.63274387466804,38.64932454034147,35.69439588997971,1.95535135770902
1533,-44.276284705108864,-12.628066788637142,29.183327620359222,1.9899272270967292
1476,58.41469197931933,-49.81815690323384,38.69781233731518,1.9553301078596144
1495,-64.01882724885238,-34.36400036853695,22.961437832511614,1.962858511861983
12214,-99.11804323842705,41.34154784570485,10.668443358243165,1.9513864489734274
1592,-45.97577574150661,14.671623430281864,28.68034102002038,1.9149954090054586
4554,-40.94294996223965,35.97463578900093,26.625861877056643,1.9981990769094848
15974,97.84777838900821,15.958476454663167,1.7346073068383843,5.862910712613095
8176,-64.22755703872205,69.84640161281868,17.137429068221063,1.9861274387505394
8882,9.61247170314165,88.32075955220886,-2.4071612326303247,1.9875401098166179
1354,-46.85857719160644,84.09367136381064,1.2587473411713306,1.9695387968302447
5616,36.89343016571265,16.472430363679774,37.881036233510386,1.9040024503099944
16208,98.48317940545219,44.676343185516856,-2.3851896221918825,1.6581084512239506
12364,26.638482662178298,76.59324016981961,30.296373336632172,0.9999900221178726
4787,-26.19172280062962,28.404235790942437,30.08531847101503,1.9715242664899488
4632,-45.29891304640245,58.14431048386372,20.938515861244824,0.9999990985536927
17622,70.13683247734801,-21.9342954347754,38.621463755815256,3.0364715638265514
13286,-62.01642762814925,-79.9652859515456,14.911824743658167,2.0116919126464583
6765,-35.69483442468247,-68.40035265172105,5.1139983312930894,2.403724723434516
5667,41.472893406205316,36.34479447650234,37.35214315704437,1.93669191335985
5161,-56.87004433415209,60.85096344654448,20.42445600568997,1.9605108691266346
1573,-24.547426976398206,29.597851075503073,32.35650027528859,2.0083247589226643
1658,-34.58928467566399,35.5366641623518,29.974188154585402,1.8981225706012013
2285,18.438405708176212,-43.62039073563902,32.371672384399204,1.0000003365686847
8264,-98.9184206704924,24.488178184620068,9.307173831568191,0.9999996752612333
4713,1.7141223313065597,27.55577807655549,34.412975928340735,0.9999996441059079
2370,1.2336001988770273,-55.97489288688721,32.4757839909468,1.9693470090943532
2359,7.5630204206177885,-60.294065811252054,30.181528020049086,1.0000047889330819
17088,78.30141644807101,-61.14546608626449,22.401035164765293,1.9312352037645049
2755,-9.793134708710063,-25.281009831353998,31.38910728130949,0.9999370676185404
7811,-65.31438672753175,77.79304741984066,3.1850938782296,2.0489325850126914
12292,49.218342679661916,89.22832093025983,21.33036102783322,1.9403206662545192
6735,33.898124096021185,67.14613096918444,3.939752154123584,2.438565951270024
12470,-100.46290609522492,-43.641658592292636,7.429293436048085,2.008578743918133
3629,-45.77797394046723,-77.22952248104536,20.16288135061304,2.035403665873254
12189,34.07050295027037,73.55148848583462,8.092050353154468,1.1087356205419117
4572,-29.142117341728476,16.42004281014493,30.173421517937243,1.8826636230737201
1592,-55.961046541863766,12.129861744275907,26.27232457925464,1.9162855675327668
12641,18.830442505183164,-61.6780603401253,31.695391906617857,1.0000607757783324
10384,64.22433782327379,13.511788096778988,38.27974484695419,1.9887596785638983
9999,-9.714303213646332,4.458985243822607,33.70267381640096,1.930144585925824
17972,74.42917888855463,33.972921511852086,29.609230873676175,11.473777686433715
7333,33.980366533529576,78.649084414454,26.541833617061343,0.9999779440044086
7570,-4.843339953482868,-48.7820564764622,34.18875138076617,1.9089379691171027
3625,-51.56061889246278,-80.14701745895903,15.866922778493963,2.028531580357029
17196,93.32081621916129,42.579886291564215,0.5042718653530092,4.2674873220135146
8015,-64.04619110104323,67.99234546357923,15.423730640436315,0.9999971401030904
1510,-24.41846502487694,-71.26692359978486,28.515338287785973,1.9557791419371242
4737,10.8813100383615,23.733640709328427,33.45425275834822,0.9999998410663584
10111,49.5688446262866,-5.449375805407211,38.43743110040047,1.9138131571208694
1600,28.93605081318431,18.653052456653096,39.34610534028369,1.9526980445056565
1653,-75.40810527555405,30.145583324512216,19.89795462509472,1.9898036070544751
17873,93.30584528591035,-33.63255437011161,1.8530165055146484,5.430490587045177
5370,-63.70670759919189,29.03239085334389,21.373299402398903,2.0179280129275075
4820,43.404292874091674,0.14152576058980168,35.3485813297781,4.963487935534691
1289,41.91229468478024,90.1806048304746,16.313274745306853,1.966960966343893
1041,-95.36151610285623,23.803262292199342,9.42545877794988,1.9689357688315237
4017,51.580256899969505,-52.87000346804787,36.43306395497019,1.8830912585134825
4719,1.0852599486826775,27.19260186967376,32.99629150188687,1.000000023129038
11341,0.7827807488346337,65.23103314375149,31.449026591566295,1.9456974182101976
16471,68.41803984751479,42.38514872028869,36.023646163517775,1.945157680399909
11437,9.004486976236349,75.0233661725655,30.966134222936322,1.9408138835782782
17952,85.319095505138,-52.455174039089016,11.94813743496173,1.750004711303042
7770,-30.15282864380054,81.21236273948533,21.643519920398226,1.9465666478174422
10971,-72.67039399148437,-45.65845338862515,17.471537889767554,1.9378049147723533
1565,-92.11466689807196,13.415780683386716,14.837910179558866,1.9721870264656713
4621,-35.477874725061525,53.646006473944006,26.34542585243349,1.9513534717771983
1362,10.116974734526883,90.34477376159413,-5.505003043833777,1.090321871533518
1583,-56.9825302399879,18.02754587380071,25.802642146745058,1.9554466308061758
4258,-73.0067060243254,-26.567776320900776,15.63190679884876,4.998803679840309
13441,-29.484374972720964,-63.49999465652903,26.567627298286904,1.8930203802139456
1172,-86.27859959689985,67.16983826584732,3.031946838939169,1.1521270620921709
8854,54.980235127990184,79.72878326807933,23.33012787198837,0.9999974665192654
9358,-94.04447824460016,-22.65878785450234,6.896085865495136,1.934937212820593
5148,-66.31212302976695,57.55677871021458,16.226978173630737,0.9999981118257892
12675,18.718491846716503,-67.04057901145694,33.17043047856344,1.9830686227617964
1469,42.02908142322841,-13.681356000046984,40.0964505342001,1.9773645828406008
4097,-33.720860606116126,-61.488917727226024,22.79547316221261,4.982858233671408
18082,81.2407674615096,-52.49052032576303,20.823628945794,1.7499949850620802
1495,-67.26401946874219,-31.56659875506821,22.204195097444742,1.938725958098838
8823,21.985684673260522,88.66387891950457,3.777989975656025,2.0087991020060634
2202,13.99943190179454,-82.90598415687745,22.46928741477172,1.0002502301219007
1563,-80.05881845512877,18.251567404432326,19.034112142840584,1.991056012694318
5430,50.421097151249874,24.004053510853918,35.840984341581496,0.9999986736828207
12453,-104.40110850855396,-0.27172996679254235,5.299461598108745,1.0260846011212332
2483,-38.79943694360742,-66.72570890440494,23.115178282259016,7.748148479226762
1514,-36.51165683537401,-51.41530903555214,28.350214687441728,1.957539710969646
1696,7.048067887333534,66.30070170809691,34.03382909000301,1.9224231175700328
17820,69.78468269223994,47.11711019561852,36.881648841816606,1.975460579086681
1184,-67.06588534774077,79.36940371371257,3.6549519309822167,2.051211614013083
1361,14.804251956624627,90.51298444436506,7.715565242774015,3.9778026515393266
3266,-36.51899345147136,73.28414162726779,21.511511741701145,0.9999996373148063
7681,-47.79284798762002,73.47971902493884,21.00394438705326,1.9720312414889114
2141,-29.602020781231282,-84.8996667741836,13.18610280638547,1.9984739403162608
9560,-81.93106392776573,8.026849891909293,15.996652029857323,1.000003459796552
17844,66.16403703872737,23.958114404948237,39.87902096472247,1.9122004269188027
6743,35.40445307882875,68.33315121596242,17.816872456060914,2.8657570822723497
9254,-10.149549917293403,-9.157748980540177,32.81428038067524,0.9999998124923852
11954,38.871661285716726,68.54500783645652,29.27462964548116,7.929142734032425
10391,64.67685091918653,0.9345777129211461,38.335054792025296,2.0093947000354193
2273,17.873287758951076,-47.707535823669886,35.029756674815076,1.9295430761333394
16373,98.93016320565908,-41.66639843063004,-2.1351164255845445,1.9687093781058733
5458,13.666514406499763,37.27033355892772,35.26385944729491,1.9380561887581207
5462,14.060974279739519,32.910953113761536,35.53906439835411,1.933064634648426
4755,-28.37204038271227,24.452521785045555,29.512100837458014,1.0000157805902001
4834,48.92616250164251,44.36022531892335,34.0523616297919,0.8378703014279223
1565,-92.49106306854065,16.904694484710156,14.604800741151646,1.9885803962323283
17660,95.80473292479181,-47.54674038151852,4.00055433884136,4.075944724100589
5496,17.13173630467108,14.482952532509408,36.62189436931969,1.9077303409816726
1342,64.73539175224076,72.06058013386549,31.802872409346406,2.012452324991461
13311,16.276825294619233,-90.45236026395942,19.71556098948996,1.9532835519492675
16462,67.77526998785959,46.096124987109874,35.91159000699746,1.9811325322640272
1506,48.839513549018534,-22.625963291083778,40.03596706659354,1.9376754182567686
1530,-75.98245540574256,-18.021292858580953,20.39247761332976,1.9923192422120635
4122,-9.667224484674486,-55.77098959900819,30.92457260796342,1.8851292817190377
1361,10.715793912889904,90.31821691247634,13.474104914539101,1.969502782344586
2745,-15.6770718201415,-33.867196515202,31.658081508337055,1.9287311612465459
1685,42.99320940952881,59.35808264877477,37.57755320074918,2.038165882271672
2266,34.38573080388254,-26.8735360881431,39.3395247173853,1.9083203556567527
7553,29.209006565504716,-67.50426087783973,35.817556733501974,1.8861706658017443
11283,-79.34000268451906,0.015824682503200845,17.643262346501032,1.9276276430857493
2134,8.572135844157126,-88.26511248687912,7.376312518808953,1.8892248580628832
17120,84.38846837568286,-60.17310751968345,14.482266862921854,8.240059985498032
12307,44.18986863008274,89.13932790603934,23.409144683747158,2.002187969290482
9968,13.765888704635474,-22.96157079162023,34.29267433945569,0.999998292364565
14830,-33.825589235478134,-80.84239323949839,20.48757256097111,0.9999287465061375
1167,-73.8861550495695,71.36097649882231,15.984009513704834,2.102799585953981
12425,-101.76385852170948,-21.524469985085545,10.499989909213774,1.9319135798250815
7572,43.8783184308247,-31.669468166330432,39.665227998337805,1.9819373410724672
5616,40.33543928337902,10.248673514062537,38.15529043304675,1.8804205847827984
7043,50.70766575126595,87.112290539633,20.528088201313537,1.9777141457649785
5581,51.063677353603886,24.787781364487273,35.55426228022837,0.9999986450434806
16198,66.15583273845019,85.22469765810698,16.886460251074666,1.9662209339747418
17801,72.74783220760682,8.301799036216067,36.89856384079069,4.084785129558084
5396,17.089474590841068,44.39738241476512,33.07691535610094,1.0000070031843082
1538,-24.11108003233577,-10.40567680972455,33.27129501086681,1.926228189031301
4605,-46.423045262199935,35.89455865691252,25.38860381639931,1.8794445191490239
1460,-73.55274333207673,-5.3323183745178655,21.444617230689232,1.8893595382100161
17688,73.31990895007027,-35.75791145923477,35.304651200115416,4.969669816511169
12495,41.605818248919064,-63.42119708492642,23.434897713416273,1.3765538818374687
1377,-4.900953171710067,89.46708902360649,-3.430359655622976,1.9587035737413194
1482,62.449313341992095,-32.58261302710142,39.791949791138116,1.959679991203234
8879,-4.4513311269690155,87.5311011412399,-0.8622597618521572,1.9681405240337637
5110,-51.400571874244505,44.6175749466207,23.481984276365424,1.8874666844909602
13353,-29.806223250784548,-65.6182551033799,7.512866566262562,1.2605025262079927
1343,62.93985169412994,78.23629225032602,28.187704514372943,1.9779743775329661
11583,44.15531268472206,82.93335892408682,30.838412529395207,1.9580313297901095
17575,91.7061441327208,-51.6975855437442,2.8263607331964575,3.7461698850593037
13617,55.97315934199207,-60.02400370372314,34.98345360795264,0.9999990690861982
13211,41.397450652433086,-75.29660551827354,34.73563041034719,1.9828043551507668
5510,20.44166490519307,26.82331084510644,35.617170290699974,0.9999989138022373
17197,94.10943113743085,42.04716117019164,-0.6218926568555443,4.14340258219547
2641,-55.66468321815084,-30.924477908421995,23.451487939352617,1.8843035184650134
4809,-21.932486469888158,40.66286566214862,30.10358202965196,1.9685771376376147
10082,40.94268085388482,6.3605490612968385,38.241267655611374,1.869762260105662
7558,14.95609668494254,-45.25425424072724,36.841684815050456,4.898382876617707
9654,53.496098891450224,-52.99004241258057,36.02515959426011,0.9999997893630475
15377,-7.293835353493778,-58.48103198759961,29.289618592939277,1.0000043119543551
5097,-14.222951398112956,27.843779567429635,32.244098216090514,1.8982946427908163
1603,49.07420366100125,40.90528711656183,39.23055638694863,1.9241134998352694
17303,52.63833470440609,-85.4933170620559,22.564494594031693,2.000623796697164
2772,-65.93153537200169,-44.957231723085826,19.55183069852855,1.8943016937945414
1456,-55.6067236993186,-8.593689196030798,26.485918104283254,1.8732203300495465
3737,-81.37859921384539,-67.00964659243908,4.617524426080856,1.0000874154093622
1339,62.03584054648683,83.1584391650199,23.51079557762473,1.9903385949772374
17271,63.716559145741684,0.507614549552658,36.59210602842377,1.000000043793485
1537,-65.25521965523913,-52.1352630972668,21.045069020917612,1.9003989905522545
1577,40.351017877020766,49.473369341361966,38.39625721284303,1.9680050225314283
11613,-13.302702896176157,79.35242050218243,28.889822729530337,1.9754897393647946
4535,31.758274286200436,-31.178686293753803,39.013276496962234,1.9614347291520535
6667,-35.127652101265,-66.16668699612482,0.2999987006187439,26.787692653719006
2722,44.08357059090327,-36.09253289567419,37.46136510637136,1.9869444676435777
7560,4.5766240827878635,-25.816396405868304,36.86712953528391,1.9080488309530175
15222,-32.82823466378098,-74.71192276308642,15.860899563740828,0.9999996805473654
4133,-10.775298680967797,-48.98807624032654,31.338442092352206,1.906186839099752
17122,90.01497953751013,-57.12273994560696,7.042577689163026,6.30632452817442
7066,20.819484466888408,87.96089065027579,22.86349922799722,1.9797912779126634
9979,12.022808123630767,-5.871209297486954,36.31652730156712,1.8925117891730514
7826,-84.74822068454897,65.79011708027636,8.133526724711043,2.051478256234559
1484,51.06125669928555,-41.334806892146744,39.22819878864905,1.9017921861329639
15386,-8.77420993511722,-79.22871392644532,26.338122716119827,0.9978766316828533
14172,57.47551528756334,-85.90359647664282,12.405989313337766,1.9993020083880846
4507,23.284605553134472,-28.589072300912186,33.668681321540916,4.990778293048835
11374,-11.980585873447692,66.83304805171906,29.3495086711106,1.9288990758073408
9243,-18.375541580429957,-7.141810280552011,31.297818262595914,1.0000045564390276
10846,-92.20495758892336,-44.84604190221211,10.091303053320107,0.9999204248589302
13067,5.746338307620004,-90.04819491636864,0.3267667104101233,1.9340077292944122
14340,19.70878880301236,-77.5137922626532,28.688812402429928,1.0416258742962612
15379,-13.528501730780562,-62.08161288910165,27.94174004158917,1.000005099624563
4536,12.81267919904667,-5.5230287195901715,38.30486661542767,1.9005135244956184
5517,16.442379603434404,24.513683841168977,36.05016172323085,1.000000952909726
17692,70.55929444802224,-59.721302802559165,33.298980119666716,2.0163908470106606
1600,38.49599256374806,10.441623530776084,39.939275985798645,1.8430062625306483
11747,22.030605447347682,-90.67529274264493,-0.290319343037748,2.0155470346878523
16574,68.05936292600872,57.277915351050005,33.492882749651756,1.9854851007819005
1616,-86.64592821024995,42.34982333628538,15.246361985262117,1.9263822074667207
17010,98.60252502575955,27.14663983374891,1.2534709195974236,4.778661154045565
1571,-58.29938465762838,24.55810035574688,25.126589211454046,1.9013332297723298
9827,75.11642172525983,-79.66333276425422,11.446141102636293,1.9855381246930417
1338,61.735774471542015,81.73196187361137,25.395213644773598,1.9659092507402338
13067,3.003864210311322,-89.93925678034852,-6.193661172062733,1.0258885225781882
1637,-72.26990096116289,38.62633205180448,20.15269805348479,1.9598919919542195
10095,34.4031622907309,-23.32696925020104,37.27484419772481,0.9999949952023598
1576,-8.219829712605602,19.028709411417626,35.474591262175416,1.874938882892448
7677,-50.14628193816321,76.14202307612493,19.546110862056246,1.992919090460503
1497,-73.29927000423191,-28.94691778505,20.658602676551663,2.0313736366475603
17956,72.9082354846069,22.816561905108586,29.65984111383297,1.749998215768637
5450,23.50709334288381,59.667104953252576,34.48802961950537,1.963725381026783
1238,20.20929338301537,54.101681455014315,36.69354468802004,1.9582158316409755
7580,-3.0345906392377198,-65.75735065251048,32.78490639880692,1.9075380591825588
18008,69.84784261057766,-67.72394339467607,30.47775935335713,2.0075461579937577
17497,91.51450697856072,-62.06165572608974,2.9721919044949914,1.9571752112516208
5355,-98.87610799812563,15.99444102106914,9.85420345695763,1.983579700237924
1417,56.069228318336485,58.75360242657963,37.77221442718646,1.916406166699333
5162,-61.34948290085478,53.22445077676769,20.041746506346442,1.9537815957283955
16736,86.13796134597865,65.2102970337379,9.324031839727091,0.9999987201549061
4050,-6.531272330309174,-48.47685996228649,28.993765454283505,4.891976677707682
14835,-33.82854033726436,-83.23659311617584,15.630568036928956,1.0007803353091487
2132,11.833285940231558,-88.4165594217223,17.556470759391125,1.9193077612813587
14207,22.801383750984165,-77.69023653736855,31.32838860390583,2.0528356893491235
4014,43.7285252780429,-55.44961000607067,35.918064570810195,2.0500369973502788
1693,-26.49575707822116,58.74812813204262,29.622529544661596,4.895750502663906
13274,-35.067732395459416,-82.73202229041986,21.73657051083561,2.04666457462533
3595,-80.67168139441299,-63.34149273661566,13.04073842426224,1.9950855818884123
1609,59.13098837721053,14.118607837847561,40.281714255169526,1.9129535051591713
13731,57.88147495926539,-69.81787991011188,33.691603339699896,1.9949519614431166
7743,6.132786447299228,81.79842235317592,27.97222415074606,2.0450149097962522
12312,22.23526248039329,89.89608748927796,23.404116847575416,1.956976137989527
7606,-72.34895083917974,-77.16225775318723,6.744897841206259,2.0018158505487307
15332,-16.501421179172382,-73.73318860203676,25.574217688723277,0.999998852955339
5159,-59.24668253360143,61.26553109436148,19.735091180903378,1.93054548448481
8072,-41.757557897268505,69.55079370697786,23.082441113434733,1.9222282377689015
5100,0.2583146143569741,34.77170054564133,33.91833621295171,1.9517820939895147
8888,-30.395485156883918,84.79956731709665,12.923740243191693,1.9929092873393786
13882,82.37259033770307,-65.19015492555064,12.830597694348857,1.0000046454162945
1621,-87.28235041211354,2.407069323794126,16.859469376884608,1.9843547923638012
8067,-78.86431340577029,67.99057644817697,4.756579223366944,1.0000001655815904
3673,-36.87431117184936,-80.11835790979484,20.723565452808977,1.9605568643465527
9168,-71.91771103681863,-8.144320197759818,17.614086059633287,0.9999985715814862
783,-78.96840021229457,28.306828953037844,15.139821840397778,1.0000010120556484
4390,-64.04213707086228,-59.81192587784637,15.431973798395113,0.7875183926860538
12125,30.219879542657246,61.850523881206016,34.71285608230707,1.8831428775899681
11270,-90.26117614144394,-8.16921010453656,13.565840520932923,1.9759512473782352
5574,57.202300087917884,42.36496722800441,37.31482297110202,1.904940164442167
1583,-61.24259636621141,11.78455072848378,24.96320407826991,1.9801432086354032
1573,-38.6831824567922,28.10362836656674,29.655109276457186,4.771705255434739
17738,75.03002077080394,70.36565141057906,24.374003689755856,2.0490525889327067
1631,-14.67332847634171,50.19902259286592,32.58793774624813,1.943867428010716
2640,-45.50075980372068,-30.807403800027462,25.931562276794086,1.9445515178559512
1680,-13.313109582001694,68.5324882137134,30.915896164288235,1.9665624904474548
1583,-62.086349582978926,15.509165403915855,24.617667713470233,2.032143490300506
4681,-3.895230142300353,55.66737712595762,31.79720703917958,1.900590126631919
7574,-8.843108029609937,-67.03510569444435,31.758277031573947,1.924815751419832
7991,-67.21215236744892,73.61902223071425,15.358039434228138,1.9154832076054684
5182,-78.89099830550872,12.93996860376677,17.536390739588676,1.954206114717256
9088,-59.93676283976047,-17.913193209457432,23.056926572420267,1.950116373054083
1685,44.898468552814606,60.66171863377856,37.43157762518186,1.97229775529704
18018,96.41196359559483,-0.08316122609173049,0.3019298842775511,4.548868600619661
1511,-25.45527695822003,-65.35865578524334,29.082444906235956,1.9037433059009412
8878,15.634480128972754,88.55218080583025,12.575383489050463,1.983627119022939
13068,8.010756263619527,-90.12130032245952,11.068829410920523,1.8896712744452517
15058,-36.86763601865369,73.27380581371776,20.544182518187608,2.9894945041301866
16410,74.25711176423293,-82.27315014301297,11.132698567257512,2.0124106445693246
8214,-32.84626070386206,76.12301803010774,11.812706105215646,0.9999998917121313
13321,14.987834690852342,-89.16769877950556,24.108482782458665,1.9197196481548118
18014,76.80149498667862,-55.76243235310763,28.633674239595116,2.6471690239511356
12686,22.497749830916987,-66.04586605917166,31.279178760567778,0.9999081701704075
1225,43.098102939961294,71.93768351352612,35.59059119157715,4.950454436012688
2827,50.97750207331622,-24.828881465351223,35.571091950764796,0.9999947572896877
10150,16.5591570015418,-12.711488967403577,36.633733349665945,1.877150522860872
9130,-40.77390041172304,7.363724756324456,27.7894330223359,1.0000002431017296
2069,65.22385467740123,58.746346805446194,37.092596428631126,2.029851457477288
2134,6.903257095827035,-88.18354891165788,-5.0490681875811685,1.9746756119189088
14168,18.469981555611522,-88.62468903433803,11.970324133548766,1.9972912873773547
10110,51.879565379068836,-7.225484999579787,38.462214581175616,1.8816580998717396
5621,33.48747125769463,19.174033578800717,37.38011823158076,0.9999955790534855
1632,-25.04514671351928,48.582079041542265,30.860595491804393,1.9067082686923253
587,-83.68005545596307,39.63499963174263,14.430640330476523,1.947613773881664
1554,-25.7442521461086,-29.20224715119705,32.141171804802326,1.9924132738707319
7607,-92.2743728471971,-58.22249230026133,11.390077100055223,2.053066415358251
11000,-97.83573760600777,-38.63078562605961,9.328463660862779,2.009689794307558
12974,35.2219692330072,-75.08474245128015,21.317818292148417,1.3395978474533046
13055,-37.12614459570959,-85.85263382072094,-1.1030272549689806,1.0645699766936207
1647,14.140822958295393,38.08947541536804,37.22185630394207,1.9420136468343026
1472,57.15249037151827,-64.4959734120603,37.01121456840117,2.001586854898347
10862,-97.19966117067284,-18.657995875445437,10.498190154869675,1.9796182390148371
17952,80.59422488806848,-52.57690757311122,18.695978101207725,1.7499967257665452
14140,35.89142639167581,-88.54122414263433,18.9565938317191,1.9942206011632468
4205,-33.313308907818715,-38.118597344592736,28.0961067509529,1.9087586712985825
1526,-87.90078185325206,-11.621210757124587,16.487389639640718,4.956359967965703
7847,-94.03222011908329,53.775179008318645,8.727116146885804,1.9115926633062454
8903,13.979547900110468,87.34262979683083,10.100272839894743,0.9999601302674715
9086,-52.378440679853114,-19.063890015146654,24.971409004611886,1.8833183659970056
1622,-92.78420448082639,8.443319514681173,14.72284930540288,1.9906460062320648
2003,63.299630569255726,-64.62154949444593,36.22011303562783,2.1430229832869045
5548,38.31707107801128,44.65307065719147,36.696201432639185,1.9057379478638052
16326,72.50399474084549,-83.07189068901492,12.292678908045769,2.0038768421347664
11190,-59.31906191719305,-7.354129201394934,20.507806691133055,4.921368235145043
2552,-44.464425124548875,-49.42419909362157,24.72470150656099,1.921835837522811
9129,-45.225784870437735,9.933311278160774,26.58750658480833,0.9999994087895157
4771,-28.7743234848707,11.103186763183682,28.47084207968193,0.9999994966111103
9714,58.095671854854466,-12.123760570541599,38.410612018134984,1.9125623903521751
1045,-93.13661198353606,27.939546355347403,5.291198253631592,8.58968911771183
16190,97.19250959150813,48.380739439145884,1.1132774749965613,3.585378574397908
12378,35.106536459051625,75.33239538911175,11.812898129975707,1.1736855779253148
1664,15.163937140927604,62.95031878794515,35.30121459263856,1.9564972289497236
12847,71.69196194339759,-80.9535341418354,14.272779813713296,1.9200225066901542
8876,-34.11628424181879,84.28860439542633,12.752012638584903,1.99443823944535
13333,-23.54293003607269,-67.02088063772356,27.270463186639077,1.931621784322368
5104,-51.953875640849105,49.69851774207915,22.86810856504873,1.9262159825111025
56,33.25026476443547,80.98085334421397,27.049029509203578,7.665044431686729
2154,-59.26709238727574,-79.40396765847804,4.926667545331489,2.016090790916619
13070,-10.19869987578629,-89.08284516115624,5.841652770565067,2.0275565567355893
4388,-66.65826913174577,-51.787746778013336,15.570991222086942,4.886147564486887
13169,-15.521277799968546,-88.35671283272394,-4.704132932497568,23.915504359815895
4945,17.64322636681811,60.01060642630593,30.880241259939677,4.959781756192956
7569,-9.84867134330214,-44.14880396973259,33.78449506562189,1.890416562734368
2669,-58.31609810544761,-41.75542748968959,19.718965307762325,0.9999698614979036
9846,68.960614635984,-64.59241876436084,29.988455717080345,2.0104879917780214
1362,4.2951119562275215,90.06209008919633,5.268077698492414,2.013160535769233
14170,26.626130988555648,-88.69250960591953,16.96935915645639,2.0139851739960206
18022,91.8524468686721,-51.776641714938265,6.708194593963674,9.922507425212617
13106,-52.72032943496048,-80.05233454116271,18.695169504267664,2.0543449901414945
8282,-96.01636396109899,25.488524714899334,7.777236497035315,0.9999999283463025
8884,12.295442887731618,88.43692979780238,-0.5305268208707501,1.9839134519655344
1496,-76.11335129955651,-35.18841324168011,19.27128041119986,1.9381910949023773
13049,-60.01192811726784,-81.30720173188061,8.276217148720038,2.018324117568403
16367,99.91581958808277,-6.968343447812149,-0.34663814686502453,1.9644937770243702
1466,55.60512891467633,-66.8442778732529,36.61941271502182,1.998173438687622
15403,-11.56536162409086,-75.45597742462911,28.118502744210787,2.0350282296151687
4535,33.11894205499076,-33.01707846745726,38.98445042729279,1.9494598993679497
1622,-85.2337044183311,4.620018013302131,17.61240705522449,2.0525746248143233
3998,21.3942045477569,-28.519147590162827,33.80949392725891,0.9999855419575071
1218,-47.477943629284546,70.31851132546174,23.600510322863503,1.9476340801837146
4969,-23.309142441406316,47.60860056672578,29.316100261022115,1.923069003005361
1545,-90.40945325737589,-43.079427939088305,13.899414435500109,1.9376329522426736
1576,-0.7561787711810649,16.79705058445031,36.62861842774753,2.0211821815209587
9436,-87.50789064819188,-19.62417180737329,14.212122978254348,1.0000223720496435
1590,-0.983206368396951,4.536059808231843,36.83107125712213,1.9496679657720828
4812,-32.76750459758954,39.51454693096577,28.106876934829607,1.9103238221691419
17031,71.12544758432323,-51.286940093192335,32.25195795705133,2.986719093435236
13094,-9.524130006847368,-79.58678284282392,29.369489702891137,1.9371952659965945
7401,-103.19304044701508,14.582420354402043,5.174219573002053,1.0755735898738783
8887,-26.484578936620046,85.30788567939773,3.6825237563373125,2.0113816638904787
13345,-29.20312727121739,-63.76290190863004,22.322700948409242,1.519018320320485
5500,25.00945924663524,15.038915706275667,37.167783429318604,2.022630465695096
1602,48.32848402673687,7.067750906296685,40.32069109505946,1.9058591197136436
5258,-93.21078552194413,4.552648956845681,10.844487229551365,0.9997829101372382
16883,52.18000158279186,71.18730047548647,33.659178048603046,2.0292886231354132
3561,-17.025469111060502,-86.38911963561826,16.133379498182578,1.9776281290052675
9941,2.7102238985128566,-26.16270545260325,34.718224463602965,1.9202348928942694
12542,42.42638137210874,-64.5969109972026,28.26949554789513,1.4609436077296565
1139,-67.78356957251404,72.93279154469535,17.582560953411612,1.9902419097239872
6458,-17.44859708936972,33.55397368151324,28.334666224671246,0.39256367097482303
13110,-34.80178104371236,-85.11253913049859,-1.0917424222031085,1.0903941324515039
1286,21.98430754641755,90.66932383923947,6.720312199749992,2.009873640939954
1569,-70.08037319705471,25.285600857139208,21.826803896339438,1.9711930111282816
17967,68.09083381597166,0.558325402217263,36.543603577579134,3.3073078635063693
12183,25.73076663957165,65.08483003845723,34.00807650990203,1.9339245346268277
12347,23.481939107514975,66.48408834122361,30.834978314582408,1.0001197416908474
17926,95.15039885315582,20.410774063699193,0.9461722116934552,1.7499964223925215
9317,-42.33292264234359,-18.734324493758564,27.307638892417277,2.068237496281548
13072,-20.14119738419331,-88.09132125323757,0.1576811616907134,1.9883532024250223
1515,-19.732489220003647,-41.81231048515066,32.45648761133903,5.006655146033307
1661,-12.278676329699504,29.519479108184715,34.35714414054276,1.9198576917280477
17929,73.85890474691129,-23.713603134297944,29.781224295175043,12.19553687689159
16411,71.26901510357335,-83.60103746611257,10.604537378817724,1.9946404239016755
14844,-33.8274413009415,-81.3545022773541,15.852269277852557,1.000001221606632
6964,40.66633585068334,86.60930293515099,24.479964055547782,2.0470838286186366
5509,21.773535785344606,20.477532319733854,36.78749638363037,2.0427793813336175
1520,-26.807113420824766,-55.19385230137506,29.90822218602448,1.8768271359023103
1698,-44.91475993607034,55.13751179086296,26.033020718406615,1.9035591259014715
17371,28.346331304610874,-84.60736636155514,27.70423419994787,2.022509824648842
13055,-35.32174570762857,-86.13824155419262,9.724091337057251,2.001231324833831
7852,-101.6645109119571,25.949543514352776,6.677168334178867,0.732149269339136
1612,-53.26481287542802,7.1464725426488815,27.101801611229835,1.8428467246803437
13083,-12.849773774699152,-86.3311190819865,23.320620041754353,1.9393211869897968
1574,-24.18028014393954,23.706233831716798,32.73623554170643,1.9302280319924279
9234,-30.226439768684116,5.914620049032878,30.261600790218118,1.9002594833761084
17684,75.3989275159874,-34.01029004120528,33.298796129770494,4.200277732492378
7568,-14.020686041320971,-34.67378173092117,33.80947812787509,1.9380801967777426
6843,38.31630204299044,88.36769518230233,20.788601500214973,1.9613213776466745
1655,-71.22910349800101,30.145153123088086,21.192245638330387,2.040600359459815
9324,-36.29685948069702,5.604070176517404,27.29640159866122,0.9999998817773935
8602,59.288357652992936,-86.53537077099192,9.591696297489353,0.9245509735726971
8888,-28.998158363674463,84.97967417054507,5.141936422345216,1.9964582103547026
1463,-96.51411405820346,-4.018302624368741,13.197648901124001,1.967987480769648
4800,-23.849911398518607,30.766228363004394,30.43403573699119,1.9420763624443516
1517,-36.01722407957965,-34.026906331359626,29.795697876976753,1.901835122352507
16926,47.660878360689885,61.390474610611314,34.03463985366143,1.0000047677965596
6747,36.158194484720106,67.54152021422973,4.337602401760674,2.4151001176414026
16389,95.4949382553585,57.49181927259421,-1.7565110144840408,0.9716264644566087
3534,-94.50012629955779,-48.77476601193301,9.920684398748339,2.0195668019026516
4541,-18.459910986169447,13.718082127693362,32.103394566414266,1.9997164432481054
9893,81.99451502221696,-69.71993385976377,13.667224632652005,1.9939485751600665
4598,-26.512461468874577,18.634690380935588,28.516671184006853,1.0000007107177804
9732,58.049615276129224,-9.19674440130986,37.426917166935965,0.9999961418079334
16897,53.83713040234747,76.9854405048014,31.06757984863055,2.0600284357073053
17801,72.79689795168474,10.181104635845916,36.84050553863596,4.09197605705222
1659,-24.67952377833346,30.929322471076834,32.242969316001734,1.9330287993905386
12410,-103.16984916036026,-27.770881833990522,8.528208348354129,1.9930693174972496
12251,-102.5504822862378,10.24741391255702,10.287791501380884,1.9711863392710465
8794,51.364942994168615,87.14895780824445,15.466110398451,1.9754736329882516
1525,-87.13132592380387,-15.397491578871811,16.649113063644883,1.959179303978056
2359,6.337344210265553,-61.001904501893165,30.06376407767838,1.000003811852711
2058,64.77355321833055,39.06469660781255,39.34786867852235,1.9256594528477624
4558,-51.869209148685954,33.19465327153348,24.24098312506829,1.8741951894049307
4287,-87.21642379339694,-15.150097322609717,11.334997854958264,0.8234405485471437
17219,94.92000563530272,-34.14243261872409,-1.7664979789912079,4.442502324342588
2567,-56.76575044802774,-59.5377268211854,20.607080668182846,1.97356957397886
1444,8.485107752183582,-71.8172810729528,33.421676523564415,1.9290857557625525
18031,95.85653103470189,-32.82598020450526,1.6700292527796754,5.698847299607052
4558,-48.45039885903348,33.708354913923415,25.03865427523348,1.889649678758193
2593,-44.63899905043246,-52.94088810629375,24.348830812658974,1.913205768701568
16161,100.8810562818467,13.461111668232395,-2.62008017615114,1.9344488686776922
10098,48.11053095130269,-19.452257956365514,38.161138714874966,1.9877912980221468
478,29.800311286136406,79.09778138052722,27.87264588209665,5.673492861767131
17968,74.09891099841914,9.221015882608164,30.392059676287715,11.644616730375429
5572,52.82996886471877,40.511085575978974,37.40522978144158,1.893582902463593
2155,-51.85879523932413,-81.0583535853708,4.635041044910618,2.012787344941095
10896,-92.20674389667012,-29.21019586294673,5.526932130991058,0.9999995500064457
4817,-27.516017064572463,48.368607506733056,25.64397718876443,0.9999997586017667
2830,53.941839670556234,-24.212975235049704,36.755160757253485,1.000005419041032
15067,-30.047220205935396,64.20222921607433,19.04224918949707,1.4617535928108885
5269,-90.69369318777993,16.34112398532225,13.184998495758883,1.968379614577852
11586,20.834981432651936,78.83553682148897,32.990329092948706,2.1148372945048832
4994,-12.210631553633226,44.60435735746635,31.46587310626584,1.9014935063207257
1340,58.037529125121715,86.3020794188844,21.912681186050623,1.9522878100085361
9195,-59.095875920538504,4.518479360748725,23.711780863654027,1.9213218396199638
1553,-29.270572114452694,-32.5344597583526,31.228117584482447,1.8839245450273574
2724,57.604123005400076,-41.353598877878994,37.36999625496618,1.929481572450923
4029,33.4956594420373,-49.32471900476763,36.04610825677055,0.9999991896836907
16533,55.30389257823522,45.43278547211803,35.972569220877574,0.999999784923713
1362,9.501691894661693,90.30750630991119,-2.8429487352549057,1.9891015983760048
4427,53.427821291697654,-48.838692486703934,33.80793954294771,4.894633840410998
13027,32.9309712444474,-70.56890302336744,11.957984658984726,2.7503192703413744
7187,67.40702069854935,84.06601269304669,6.3870556605444975,0.8484859263318532
7580,-8.904476849055555,-64.62211745396284,32.028411528773894,1.8676493042842892
9103,-53.98592970918049,-15.689967753101081,24.676509304770182,1.8997642619016049
3999,15.021424613052917,-24.84084145526658,35.70179878038313,0.999998150896845
4736,-4.340323390437758,10.581633860321528,31.42666888872094,0.9999983883704546
216,24.14024279471635,76.90984107802052,31.688599487663158,2.0243783449262103
18139,75.90852100936387,-40.9113595639854,31.7178284490972,2.155764101514166
8768,73.75060246855405,-81.39069067333227,3.898205173859288,0.8763921709104207
10041,8.213489682880228,-15.640144479432752,35.70104354580109,1.9154501026855864
9286,-38.55931997798628,-11.441951878577608,28.425770710725253,1.9597874559125732
7275,42.48163811009249,68.0153191543704,33.68575032035565,1.0000265485091417
1599,24.36485621435432,12.891774840639119,39.19336674231829,1.9833288718517335
16426,96.34419451230676,-54.711614231193465,-2.553517956321265,0.9274791577075432
7671,-46.09375384732404,78.32775239915145,19.355451059595417,1.9487484342235664
4536,15.048528735585439,-9.32864462087208,38.4441092888535,1.8591650518677283
1530,-77.36270469179628,-17.15772993361982,19.96900617387734,1.9708947577932465
13184,31.98057147864512,-84.52829461122872,30.341907813707223,1.9800476664020763
15300,-38.30464082200826,64.39492531245206,24.165928111254182,1.5511932203202332
12493,42.18155931482842,-63.3333923448446,22.160320330584593,12.111098997757093
13289,-4.564332800030058,-79.52001759629606,30.180256030599246,1.9859722327577807
11615,-21.32144727596452,84.63398968690343,23.41939025390964,1.9884515456701404
11759,31.435850197760846,-90.62447733215858,9.180809475200668,1.9852077068046035
7104,62.88121502044309,83.65047786438625,18.37681460510907,1.9547231183493883
7573,-15.174200461679861,-55.59796892561074,32.01885209036462,1.9371195324135222
1697,20.111132717996544,66.74357921689136,35.365035704572605,1.9993026575452377
1458,-64.48598899516111,-5.533865505966804,24.278415517265866,2.008350729691929
17672,97.64510064573203,-42.02180947845038,1.5145776128467106,4.149570261372291
13344,-28.807791870773336,-63.53260416967737,25.660704608873793,1.57728697564252
1377,-4.10914203543302,89.52580541686429,-0.29435846251597964,1.9716947356522707
8342,-92.20786294280924,-19.813539273340545,10.42237201337953,1.0000060471991676
17937,68.59412568648892,41.14936427041133,35.81789452478295,2.3223705312395557
1470,39.725302168446085,-19.715866263539894,39.88263007252354,1.9930305133210233
587,-82.860861684355,39.662308405377104,14.701285360924343,1.9568937994410742
10152,30.618279182091577,-19.312256032295263,37.52139062189494,1.8999627963092258
15192,-31.28271043829842,-67.48822178397671,13.172763313394302,2.689919083869404
1576,-5.309126459005971,13.464058735504365,36.05290992244514,1.878353976869515
1685,46.90323763346066,61.91473405802232,37.2929117664088,4.910402351958042
4775,-36.99247560069962,8.513242279409665,28.865219680960486,1.9182423952246654
2789,-70.4898464827396,-31.304218775643776,19.23903199766281,1.9525007855582077
5255,-93.21190419398806,14.534551208306954,9.768954917417894,1.0007319737675628
17209,93.00450018144335,36.16519507388221,0.9571160815770474,1.7500014386795968
5077,0.8798051822169318,40.42981422799045,33.66319138751956,1.9896185366228287
2346,-3.832446105868584,-44.934238212719265,30.214043769608296,1.0000069129201314
1600,37.19344414671536,15.30758470758279,39.81593039912059,1.8929408355241097
11421,13.568096964770165,62.934285255361324,33.151773409639915,1.9600568158163958
8913,14.979539929719238,87.41854046763173,8.189132618706997,0.999950707776706
8882,7.529700229434049,88.19218879790691,11.86584639470268,1.987472537104302
12138,33.49686335146479,63.72353898220402,31.590241297683495,8.566244190658406
5453,25.14850311326768,61.68358264981277,32.37196764990834,1.0000006611417753
2729,-12.306735408559636,-30.19643200078783,32.36950832981522,1.9241004982156988
1459,-24.09369491638625,-0.8182014584836118,33.431284955851766,1.9745513802998533
3378,-23.050265349095145,75.2017285501122,26.191287751386923,2.006713971046108
2407,-79.50014077377327,-62.33312859306328,13.540569480634407,1.9901956089678678
4815,-18.353489105093647,39.0471000760532,30.86724226892384,1.97979806646582
1655,-62.956378452724024,38.23003398722297,22.987761787639368,2.053298818628981
7755,12.984538075111278,88.37622183927925,19.11933948088849,1.9451443229872096
9319,-44.02603448862428,-20.443351813548908,26.882397793994507,1.981558024387362
7333,33.980438482062766,78.04587368630106,26.06828092186896,0.9999988558446024
4595,-13.181032281900032,18.090262724836112,32.85309727905144,1.89969506550324
17009,98.77292634800222,27.86466567581584,0.8927782705042062,4.719561987204841
3527,-73.93731285538655,-71.09545048890789,13.81973476686046,1.942642745317697
12167,28.43583159147476,75.01442854005906,32.45774567666527,1.9455144205051143
12494,42.35350328448755,-63.925184025461206,15.804714525896532,7.2243723960005894
13226,38.60022983793962,-84.4338185895481,30.25609907700566,1.9970962515519288
13007,31.346688854999783,-66.03561028242797,24.501403205207296,7.872357015750569
7635,-79.02009545391051,-69.581301827393,14.46203803534284,1.9224639749376213
1480,51.68308126789745,-61.46521154245723,37.39514067782121,1.9344542264790563
5559,50.10173542545151,57.03673292304106,35.97313616969242,1.922705217622913
10563,91.69025250090414,60.07713314581867,3.6787981581398776,1.9954927442277044
8891,-8.233648260965893,87.21832649823695,12.975476849919964,2.0145432985624874
1621,-88.6222642439763,0.02740328217588585,16.375572058608515,1.961193924115554
9240,-27.755466976651377,9.519018392399454,30.67346173735846,1.8816632497412704
2785,-66.46770109178217,-27.37584983199274,20.678513210619005,2.008254284322981
17641,72.21885016816032,-29.078902917239866,36.82187367675579,3.6150173043657783
2245,15.000418841604532,-86.55214268665323,3.3786242265572732,0.9999191325129909
9538,-70.90500480416887,-24.77563279817076,16.900253847385823,0.9999942534646433
4724,10.583176489630475,15.991767254072105,35.970546941550886,1.8747318794260326
1593,-31.220307442350833,18.310354933152016,31.619961836010695,1.917989982552276
17387,46.548970796859116,-82.14538165927944,28.7155068239692,2.0025573969151615
2115,64.71450634112156,-7.101905179350959,40.28938157575204,1.988113102116914
5229,-86.51285505505139,21.977594394512884,12.793854830123811,1.0000029916712876
10178,30.023504082533904,-3.443566559749758,37.7479686628657,1.876295907909356
8171,-52.341939338905405,70.57444177630057,20.309535642585747,1.9762555059296323
8907,13.979376230197502,86.91537402933169,-6.993078238997168,0.9999983112983759
11492,6.049686120374269,83.86231786001306,29.065592707110333,2.0243665254822254
17229,64.60707956822748,-30.041667691135252,37.86614088444796,1.990060351104832
1819,-5.847521726304951,-82.70069545529145,4.047023024992286,6.730305227965233
16994,61.45301854941787,69.27111932747988,32.89107461729675,1.9647959086630187
5464,14.924562490188062,29.11132685706032,35.83663581978465,1.9080064882853933
7773,-23.153771409692176,85.00275134708804,18.918532340419617,2.0302420700817283
1631,-18.405095086329183,41.39930504496961,32.70185323827984,4.978976195868191
1484,54.1350355571069,-44.65986201478317,39.031597016722515,1.879126682842069
7091,59.22891003356774,77.8060279919813,27.83518137468171,1.0000882224556287
17736,75.23374802970656,67.28019518656747,25.808726907363237,1.9535293074449023
1525,-86.30333616595574,-15.31527275288808,16.957961995450926,1.9695863630044959
17000,59.524559589349565,62.82128125446236,35.192657239621376,2.0013443577553827
3381,-23.341676011258347,72.32868748951753,26.55231547251053,1.9893190750180205
12214,-99.26907207516206,40.04258800800049,10.728651287457831,1.9807099739435496
9222,-24.50268343999261,-23.965690063460602,29.827538831874445,0.9999922282161895
8072,-43.004419059172754,68.32159677951151,22.936647447559288,1.9410723553432883
1617,-94.78259786823116,41.35985367491662,12.521892167654256,1.9959683718692114
4061,-14.551152376015075,-61.972340722824235,26.43297913554354,4.965717615940144
3705,-83.27278123155376,-67.5501328671078,4.689862721940612,9.053097144083397
13199,17.981625739987876,-81.9699026443923,31.394956934360984,1.9851036029473061
1623,-80.78783688971716,6.655790084968632,19.150603961507656,1.9605141914382285
11426,22.167442108566004,72.11719196209552,32.6985153057296,1.9600137417741168
13257,-58.415163877080715,-75.20156183352543,19.71585475762585,2.004151448947783
9284,-20.406560488610687,-1.2614911380511198,32.05646811843534,2.01546162104622
18037,91.01158281562064,-55.40978462299361,10.36986922624752,3.813059586829762
1608,50.75331586247387,57.946174044655585,37.82156856143634,1.9121125714418385
6977,28.609700613448634,87.3555766268284,24.28701204185092,1.998564441631984
1642,62.58725196749862,30.90525274251842,39.88818133974889,4.997133134173991
15187,-32.91037118951407,-64.20367604467727,23.533198358966906,7.776395101592547
1502,-79.9111677732985,-20.864728017452705,18.955583622883964,1.997678462703693
10445,74.04405393413725,80.19107848741885,11.320065647485633,2.003892543760939
4621,-36.61817890580901,51.12947719423325,26.34874749656716,1.9625463810866115
7577,-3.877979399314495,-74.09047932473982,31.5451683334532,2.0199071356822627
4114,-10.803403395791292,-59.35305193680303,29.488333511227253,1.0000029038359615
17789,83.30461284605863,66.61616744029754,17.067835390345387,4.803480369424184
2134,4.261301983412092,-88.01838408140001,6.903186697528711,1.9028455745230826
16901,56.23406141033031,62.276791077988406,35.33323769867628,1.9751463912316731
12289,36.9508463648691,90.32925078742846,21.579037509458587,1.9602278749983084
15078,-29.73323542189938,63.98751820875147,24.962909347712852,1.5651087455739974
1642,60.79614218867447,26.216466988651728,40.02537035136274,1.9308864818969251
4535,35.072935022095045,-33.64062963828578,39.056517693145906,1.9398878647540916
11618,-44.059259828584565,81.9518339007046,19.733644899498774,2.0796475798793197
13060,-50.74616293241965,-82.24742466195539,0.9090171879367557,1.089516464770782
8342,-92.20770063347724,-21.183398812820784,11.003514711517088,1.0000035920933084
12438,-100.71180294017896,-29.991072082094284,10.745550987362977,2.072805839091646
4705,-1.1814057669070401,45.46617929295566,32.99498402374,1.9713651951802798
14829,-33.82713645970292,-83.9006187753612,11.103246005760209,1.0000005866198307
7567,-17.22291299871946,-30.43176393212194,33.59229524813537,4.937962261083462
1438,10.833753742167161,-53.627033467251096,35.742115178407005,1.88356784578427
9121,-38.088938081352815,-4.813178881598718,28.71974760314692,1.937565895430021
17831,84.11792592559792,71.83662632383567,12.991198269801465,2.100109952352199
12667,5.855139718845149,-67.85456899300269,31.715893814714867,1.9772916161091718
16184,88.90550504247754,69.22850989659923,7.5327338962341015,2.0074052631864325
809,-81.88096078277974,28.98380210392321,15.722646236835136,2.0332567256221674
11616,-28.226954401688023,83.9813947032723,22.300233647015723,2.0053380885057632
16043,75.13042071638881,76.00166554645793,16.554676309278662,2.0262706161966464
1563,-80.15242051125715,12.72925429098248,19.184921280647604,1.9589699643352507
5183,-75.62390623630897,11.157172884561586,18.680691442469808,1.9761777458169163
4084,3.4945202215202653,-39.697750055545804,31.690037207785707,1.000000173359914
4955,23.179604042062273,71.04187188397358,29.909450479332175,4.94313110543377
1215,-67.77530963964247,68.14557993675652,18.443231870494635,4.9894085949337015
9383,-91.30330282158282,-23.11128816073648,7.3391665863695295,1.8829982793831095
5204,-70.11100272268756,24.296843578421893,16.674152717614337,0.061818136351658205
8381,-73.95529423746956,42.749749858639795,16.560840507903286,0.999996831700436
11252,-100.15063488548115,-27.272892095834703,8.848295126976074,2.065320864064566
7579,47.64608007685518,-27.32468988951983,39.88470224548601,1.940392336518581
4019,41.60653528537675,-47.70530787557992,36.52142232609255,2.0633813841376254
2418,-38.31241876087617,69.55486155685335,22.522806231490044,8.768261625300925
12729,42.45717544647094,-72.0340020330162,33.562612660763165,1.95743607592955
11723,32.0261046520502,-87.14615739254435,27.85044529051371,1.888933159051066
16901,54.04833228352686,62.43578972890681,35.304524002412705,1.9648580891699594
7289,37.111773944059905,77.87090734610821,29.226864361526232,1.0000179610710127
16459,67.98139826249444,39.33772704867882,36.583091303685336,1.9652601006618486
7659,-53.52755118107617,78.8135092904597,16.65507135874261,2.065055450612018
1476,57.053420424291566,-53.25459608459478,38.353664046591206,1.901259333908042
7125,50.27721614648247,80.78979709389353,29.197065778238958,1.995586019734966
9110,-40.8101394054383,5.913813474439623,28.09928508640922,2.001290511636743
1680,-10.630130370355896,64.378287137384,31.799190373279824,1.9361498170948215
1461,-90.76030773917482,-1.6898911568753427,15.551566966801534,1.972697658370657
1640,-94.75146437099048,30.701505978874533,13.074075091832821,1.938040071240397
1599,23.93575525354094,6.323862977452779,39.27223999992934,4.930735648293199
2134,2.6205721853265964,-87.92986789445357,1.994135985124795,1.9150983007504176
1669,-46.7879352770648,62.98690942051975,24.72213220032028,1.9206364853631763
12589,39.58191143031878,-70.97970527149208,33.749002327410196,1.9713515511271815
11441,5.32156724052686,72.77827620750178,30.96800993583093,1.9563285383371183
1598,20.28606010016329,6.411642204928444,38.99779048534381,1.939565603156412
9120,-42.13646508543735,-3.0429337390876974,27.834458752236813,2.020257131233482
1836,-5.000038932711146,-82.7897054908762,22.581560364894308,1.0005388617812394
4614,-27.985454933156106,56.25960862410302,27.64991626681873,1.8793067026850636
1661,-0.01252087502952115,21.323596696883484,36.56727405014047,1.972501704266732
9388,-92.11781852562696,-22.550491512382877,7.745455735798055,1.9406369195491837
13072,-14.376466468481716,-88.68799610194237,9.589573658998727,2.0120815919437236
13184,29.285171039878442,-84.92010237102745,30.034157358761625,2.0052804844480563
1448,-95.35819863782521,-37.23155968322975,12.528804634592444,1.981855788112234
9955,3.4914622114814957,-2.6613627973790033,33.63762747808635,1.0050172195852147
17835,73.92801934655103,79.28322994551722,17.933644386883746,1.996087408754418
5013,-31.59046462230558,44.120244569110504,26.824259611638887,0.9999997929578546
1597,20.631648753837155,12.213105697027071,38.93692328031216,1.9626397464226777
13332,-21.364601007865467,-66.42708771166625,27.764135338566135,1.933731066633347
13729,62.49808151567064,-69.48555273409526,28.63473939005409,1.000013039551168
4343,-81.32596230436697,-57.389941642052875,13.573061392971415,1.9550150703647855
7354,33.97957016853673,85.31801845772279,10.948722786778665,0.9999974695765502
1599,38.35583752918894,4.311976952002343,40.00713930940498,1.859184979496818
11728,20.674013413116946,-90.60132828664548,19.453993315480574,1.9943764968734075
1634,-52.370753066998574,48.51046279259711,24.861095319471325,1.9220175845594583
1656,-47.49701648044128,38.09251583020039,26.905886623024678,1.8766871339712006
1210,-73.56655271944432,59.95830418193464,17.850656199833683,2.020842393881498
7567,0.5676479200247924,-37.6049193743537,35.78629056471196,1.9816259826911775
1668,-68.56344046825663,64.25253794702078,18.752332570601887,1.9870004960257042
18044,73.99096763861404,-72.30675437543454,23.936328466552425,1.9433203623285915
1642,58.0669996769042,21.76330316526488,40.150667345082255,1.9297745373194277
4187,-29.156836998666947,-30.33819642478475,29.471626263983,1.88818384232046
1658,-40.57198191872159,37.73748016929407,28.640227078094075,2.0078332106532604
9980,11.37820797638622,-5.824203721465251,36.253620488451304,1.8895756592296156
11375,-10.459515812028814,61.38449893048285,30.2274839151309,1.9186924394023972
17655,98.46525529925312,-17.950284017540895,1.9374350190420175,5.0538725927156944
1627,-96.98867051396596,7.636992555195288,12.974655871079149,1.9881817576215002
1648,-32.72212817646757,-22.239529224249225,31.13868259510084,1.9213998230733171
4594,-25.144969212170825,11.043676295984707,29.252282625097024,0.9999993873210101
15787,-6.00025755755741,-83.49095254649842,16.573063736606503,0.9999997024308703
5191,56.5602599420872,35.016647296053804,37.71536127900177,1.9121403647897768
13081,-11.936093442820821,-87.87838826389456,20.998452182205412,1.9185090952021844
2735,-0.875154208398648,-31.163621433979515,33.95939364940391,1.93712485691696
1812,-5.0000416561612475,-85.29782946248348,3.087468392815274,0.9999999168743926
1596,13.35183597107371,1.4217392157719508,38.4400713336249,1.9485889827892808
1475,60.7369890726619,-45.21337595235077,39.0703742320903,1.9625897111474067
11799,18.657981688779582,76.97605960287865,29.77287841356862,0.999924696593491
17298,53.32113291694995,-85.42603843080019,22.351358999485683,2.000702182902222
2831,58.035093853945625,-28.01934062425479,38.02956918760589,1.9203573396219153
1527,-95.58179037208272,-14.036339112037616,13.436010902828215,1.9795438282973057
1655,-71.50579565058524,32.29280870967475,20.924446830240015,2.019574224411898
1508,50.632390426147445,-0.910224103557468,40.386100436315196,1.923738937904075
1541,-43.235041650519456,-19.157312027469835,29.19798435365195,2.0517184939093034
9217,-12.047756053520061,-25.4283510707415,31.34910031912613,0.9999401719834669
11145,63.94246572001059,21.763593309511247,38.16517103771835,1.9761638485773454
1693,-20.733320147743356,58.44064140876621,30.785474367743745,1.9461869351477963
9934,22.489644829564668,2.110484525943467,36.02891691569649,0.9986096113629234
18028,94.1096909472011,-45.741666697835775,3.488738383357015,7.277602424206881
13800,82.11731218155964,-66.1901944331763,10.433612871179838,0.21033877945056206
1438,14.542775126456721,-50.607824732679305,36.407568804334375,1.90061094539617
5258,-93.20978653313688,-3.683281167165324,9.91754546207115,1.000004285327473
1597,17.584351402130558,14.130781551787095,38.59184191587404,1.9164831565275875
1641,-97.21033867734664,22.943464786070745,12.440767069548794,1.9428467999438341
13012,31.566638502588997,-66.54091095005775,3.104722500278478,2.4375834083000876
13581,-34.304006151629096,-69.42540793948493,1.0855954997168737e-06,26.84643166441061
1582,48.96271217797755,30.384845030508377,39.79761966567091,1.9437618109020691
11142,56.68240938833386,15.600667547227367,38.35792407813144,1.900389563984534
1248,-74.69395149037997,74.77752423631277,13.498581486208847,1.9810518548996519
7567,-6.919486762705243,-23.76624136901367,35.437266579583145,4.8503246029968885
8903,13.979646587593955,84.98812358055221,17.790707131119305,0.9999933890981128
1567,-78.96555740986375,27.40368075559698,18.911920899133406,1.982924451271261
8887,-23.58916652096878,85.68146412935658,7.085630690269228,2.03402155277599
4667,-56.51477443178152,38.00512797407146,20.5918513793906,1.000005118217957
1654,-8.340033092991774,55.53638273153658,33.064548544471,1.8700802260014437
10380,55.17280647726761,23.78527471335478,36.45686271915795,1.000000841840307
17826,89.77485280876755,60.77302719913626,10.631778135139738,2.0239046051158223
4467,-13.248490487832187,-26.361583538766453,29.460087868579393,4.865646018662502
1532,-29.787289729340728,-15.815093663365367,31.987130188549806,1.8809846622273032
1470,41.09545961566274,-19.443938654075595,39.9646881526676,2.0248220095711287
17280,64.0379953633533,-17.657972254334375,38.23949576524653,1.9839154833790482
1497,-74.73987785343654,-31.018466773430443,20.055491218448616,2.0040076441517796
1577,29.686610180815393,53.54718881143007,37.400284084067245,1.8861895624699692
9707,67.38447509619178,-40.596539422163495,36.733148007210566,1.9254410288565247
1455,-44.589619029562265,-1.4753082170138485,29.346886657172618,1.9882210718070195
7952,-68.06313015265076,62.32854545252604,17.058025500956134,1.9860669798462112
9786,81.46455812109647,-75.30316269064889,9.433460407449669,1.9573782957564592
5477,3.4855513689900324,35.272996606822204,32.247598742518484,1.0000004480052798
1570,-62.863908134988336,27.307545447394265,23.82909766371748,2.0085157000231937
8650,97.83291033057142,-43.315484830218736,-3.35704861808912,0.8776288558918455
1507,50.69031404159318,-12.918862454209307,40.27219025136982,1.9005991324492555
17460,74.1678285884202,-80.01054037656493,6.700526085952349,2.01491631460941
1646,16.161650316187853,23.26701323217123,38.15309751391601,1.8719154725175804
5629,51.534814727604555,16.35911828316361,38.34235978584481,1.8856359942304957
7629,-72.60378362452468,-72.89207476416257,15.848136749782878,1.9021830261635533
1578,26.445882499884803,50.15615828645151,37.517119899675635,1.947087384833846
7254,33.26699573331424,79.60846870040818,30.93282162932723,1.93729755482116
11996,33.90647736552971,73.54681769149579,26.88607378074584,1.4344835157187552
4197,-23.284429374518652,-28.603373156109956,30.617245653465968,1.9993857376038175
16945,59.84459633089635,62.28146663332148,34.7513894726652,0.9997948313276371
5349,-60.439186562012,35.68250697560072,21.774385044644312,2.0433623288603946
15170,-32.82766300856175,-78.09005788431291,22.291685578771148,0.9991324594084408
5515,12.297427921174098,41.519159588486914,34.89152126107447,1.9208133909119898
1709,-6.0204970115821705,85.86520563080765,-4.59981606172498,1.000000342987679
1614,-20.83631890772416,2.3375916857796377,34.01684308946413,2.015509058818122
17909,78.73225872985049,51.69239897816581,24.38837611121893,1.7500004720401539
14170,31.555832605036333,-88.63784835841442,9.227259409514406,1.9844674943642286
17678,92.25363281420097,-56.56606944204512,8.06664188304806,3.524346381329216
3524,-84.78221315009242,-62.23010909553427,11.815058800060006,2.029866093022448
2402,28.300905762231352,-26.37691613718703,36.138039306812374,0.9999557005735347
9823,74.98068885661036,-76.68145433331927,16.03677200783506,2.0080646236793767
1219,-48.42795129535427,68.25656914438937,23.663384347254407,1.9599824639840389
1435,-71.72098763702654,-43.740475029276155,19.93894632933694,3.576481313481783
1377,2.696479948065082,89.92784147122066,-5.462098258986007,1.0430764855902195
5276,-88.05249750131048,16.351236604122708,14.190338220175452,1.9397532270174809
7565,45.55259781071273,-35.78853296982607,39.4784808411629,1.9649917406813897
5260,-93.211340569833,9.183722628230496,10.686771714464927,1.000905567712505
12206,-104.2378591462408,10.707678059824909,7.526817107570691,1.8858594965684057
2759,-5.461668294019952,-29.081718046835203,33.42204226563734,1.9215622682124864
1508,50.892970946378334,-2.4882368231219725,40.37975281289704,1.9162076583492147
2540,-38.2111184928437,-65.94367101793354,3.8536233821477075,2.4051680430153626
1684,34.92855232759239,61.23541015767451,36.95723426639769,1.896101765397913
13276,-28.04510808213486,-80.32328181604318,25.315347865212352,1.952459703891648
5474,22.485267255146137,37.636628197642494,35.4602580451632,0.9999998347912603
1725,-5.826994651504848,82.69930951583517,5.099411830340881,6.733766312359473
4629,-31.163955873082347,59.5479916268145,23.67762351897594,1.0000000871573138
3800,-70.59714170755498,-76.66654026218157,3.3194912863732444,11.853750468861803
17575,92.1113276021169,-50.03029021105727,2.247412820481473,3.8671040186738064
1488,-60.61522992903428,-50.517983777582145,22.567535864413102,1.9787390433725265
8408,-62.71928068098045,76.17825967173574,9.791503725631411,0.999927571517868
9889,76.86597941586005,-71.19728665259453,18.791671308910427,1.8816068189771262
13446,-28.63193675566692,-62.29170525677651,26.87866588842646,1.8900040757662642
12971,35.719628716950545,-71.04965740437987,8.258140964106529,2.575529138592939
11541,12.551618906966075,90.3275749382806,18.712111585261937,1.9454132509678292
6841,19.582379331029756,88.58229679864516,19.593622691886264,1.9722601399236297
4601,-10.920458265123122,22.767562538897405,32.9909550828316,1.889371630557159
6562,33.92793764086511,-68.04399599372009,1.67521755493212,2.3148649276970716
7548,33.173552586493145,-51.151315658310146,37.821054734218215,4.901214831476977
4550,-7.512394154184684,18.07763181631675,32.41647484193626,0.9999998719563695
9353,-69.94234023754456,-15.429146706184252,20.28998222063004,1.9904660262869363
1660,-5.645496608022065,40.0920654817237,34.71894076464711,1.9045682951136345
5142,-47.51694505056472,55.92916877330862,22.582490425757186,1.0000230526185685
7461,-73.43353697451161,74.74745664287104,3.624203381879375,11.542569313082884
13191,48.041392716443674,-81.83322312029713,31.257163118514466,2.005110233883638
6379,-76.8296437334796,32.63325915076758,14.034312234386947,2.320506712951884
10113,60.26866879820291,-2.8663015648483596,38.4354561052298,1.948232792708757
12135,29.230962957701028,64.55006245205372,26.168342992007272,1.424269789258207
15066,-20.613016515126603,63.546444731984046,28.26212369347747,1.9349805516182739
2139,-17.61497528088317,-86.3782545924595,0.47316640661315756,1.9637966129778965
5371,-64.83892253566174,32.0274013296518,20.788822459340082,2.0408346075006976
1492,-58.053279714115156,-48.9266399015816,23.4360345914617,1.9835304026263252
5011,-42.40263783638761,45.239325119992785,25.58015699958827,1.9352569235201857
9335,-26.652957212347793,-5.468031869264671,30.92922629096968,1.9314601869886425
1515,-26.02182997968529,-49.229571639725066,30.61346738506194,1.8973890241521407
9108,-52.83742806767606,0.34612920112658835,25.35931612036539,1.9013947890041871
5372,-59.095298084316966,29.397872247335062,22.658043464871845,1.9366128327711023
5172,-60.35871275550764,9.308979834722718,23.277826264042073,1.937006874638741
11515,-38.825728533473004,75.92952409995237,24.764317952631345,1.9778794511470181
9090,-52.64277199534463,-25.776680620470945,24.492383785215704,1.0037543621688956
17981,78.72726653906682,51.75471917664227,22.15505885910902,7.605523977125542
17721,71.16908299562292,65.18695323096512,30.68220527207871,2.02949914201826
13471,-38.472428049890375,-63.24195118786125,21.675583742445298,0.5070567866918207
5458,12.743986232663138,35.58485033122821,35.26331101992098,1.930481497324383
1177,-79.0429577016495,73.18705216464198,4.637426750819523,2.0265742736129586
1594,-29.2913990500314,11.381584257443592,32.23094946471014,1.8580563698572174
7780,-13.538182992942255,86.62976494705708,17.186546147560485,1.9985104774594358
5184,-82.7357518704748,23.873967559885315,15.70929165467485,2.0237415216745513
8844,26.95270338781119,88.66162477270763,4.219639782418299,2.0183242617366304
17995,71.08808170282657,-12.999716299024158,32.265396876617714,4.435056864683782
10057,-0.9297219086716226,-26.02559619869394,32.870050506979354,1.0000001538591208
16593,98.07051297652943,25.974714432248298,-1.7890701516605272,1.9839963447303808
4168,-54.16614360169718,-27.816547732468464,23.33542480694291,1.0045639717261599
1599,24.41394318307092,12.589713322851528,39.200355606499706,1.975079277149374
13044,-37.26832913439921,-84.45152050226088,18.649270260515298,1.862776998364646
17185,65.7752405798759,-33.17408415988377,37.632664176627316,1.9652014664638684
18137,76.0451634222561,-34.546098295359585,32.59838285457223,0.10055635976983425
5558,35.8156003930704,55.72475705972462,35.6452920390979,1.9067348169292597
7100,57.37358833192331,81.35323913138231,25.466568080388537,1.9775830087799728
9984,16.17135012084549,2.8291940952923356,36.715882254135344,1.9724352801403522
12913,38.51905773176403,-67.06575230502993,2.525175349269697,2.3624406529877997
16872,48.14142413051154,67.6924057481954,34.43916713248266,1.9661199040518682
6835,53.979768324089136,83.6472993252853,23.26185746323571,0.9999985652121642
18039,82.15418787655399,-67.69376265820668,17.92909996290857,1.9132848314205702
8882,10.245662167778558,88.33795114089857,5.324410085378544,1.9778489263130188
1469,28.206724148342218,-1.8197119176659686,39.55619551899931,1.90461578529992
1593,-38.25981957429016,18.669077142740793,30.229885012466,2.017177701596687
10395,66.722268741681,1.1691165287197978,38.04142420120147,2.0124176366408215
3814,-102.21374713216825,-17.40957487472821,6.7371114345520775,0.6243860483007382
1421,-17.36507994381339,-72.7016524437866,29.688000609388936,4.72233388433572
5227,-81.969236606809,9.203506384427945,16.015250490184794,1.000002704505373
1591,4.917332720098511,46.022392055052144,35.72544288133371,1.985383382419727
12210,33.04765259100723,88.35004286929689,26.230177720142372,1.8929209480857658
1580,34.99845796701039,37.658819825029106,38.85223259137753,1.880490722548788
1478,48.377948460662694,-54.72755879588106,38.10509779327017,1.9517383197386378
1583,-55.4190397583699,15.713263390734072,26.27715204932983,1.9473241870608273
15801,-6.000912942336639,-85.00447207738026,18.490053613234217,1.000114986268547
11327,-96.68085198967859,-13.043164451375317,10.845605814772412,1.9884020934513758
1415,53.01593168042261,70.00914640679339,36.02797201406021,1.9988579603403367
12223,-98.37018066124804,45.58610252555124,10.508268859878225,2.0028733577521463
3635,15.082708044014229,-83.88528732284647,27.532014599741448,1.922698136352038
1592,-60.5235904589779,9.7659970410824,25.217438710019458,1.9427009070591885
5381,-87.51253762107342,19.246431079963873,13.28194646731397,1.0000077278156947
8000,-65.18270719337521,72.77574749680092,16.257058900816986,2.025331833396616
1361,12.731838497855565,90.44111326034437,-0.17870654349978654,1.9867402451154006
11143,59.31521816682238,12.394583777293319,38.397975494607984,1.8978467465879374
1696,14.253278657711911,64.10705750675149,35.06992045268443,1.9879649598393112
1205,-99.65520946058112,9.357008049345918,11.821337986072136,1.997407273923456
12279,37.8315830936903,90.46560421471727,19.157877936670914,2.0269860265517505
1611,-40.757447517476606,1.9774117063621055,30.211780500834518,2.0132267964443558
2026,61.09917787588034,-86.97086297451688,15.032278789948407,1.9433189226221677
7546,-2.365883292983699,-2.448588614378175,36.64979377598041,1.9205103955638756
17395,52.10622805829868,-81.7208269490275,27.683027941477896,1.9905645839985149
1519,-51.464211952839634,-25.007645630408206,26.801101565580304,4.840875543838583
1669,-44.917614486422075,63.25350509610497,25.143693537392565,1.9172519746110108
15794,-5.9998582387181365,-86.8351314888109,-0.9656005253214381,1.0000004768308333
10117,62.4891531578818,1.904243363188713,36.55686663705167,1.0003831980111273
9236,-26.009027756474623,1.7538963274099169,31.08987092552038,1.9357588796398655
13058,-17.844829164908422,-88.33136634520613,11.321535171535851,1.9716981644367926
1518,-47.71452440746932,-36.23517738792463,26.981499630019538,1.8654193276421909
10159,34.072848463448636,-10.340977870734907,37.23931465251042,0.9999932490159691
1668,-66.27605112455582,64.83023184065195,19.31689567020573,1.9549885253586627
7312,33.980165944247474,80.33262971427395,22.616591111118417,0.9999962450501855
1508,62.85496362175539,-10.3395467546236,40.354327403014466,1.983306211956618
1518,-51.6935081510217,-29.521988515682086,26.493531454561957,1.9278529625618133
1644,38.2214401146054,25.715366194629393,39.611247332429336,2.734727614629246
15963,96.22324577022849,31.500505187723597,1.7317707441186159,7.057662211765056
17486,58.867524075523754,-85.54455262682687,15.48790669903777,1.9745577432756305
13442,-25.669936573937296,-61.31986838237741,27.5685677590181,1.896643263419037
13575,-37.363872981640604,-68.64349795747137,1.0855954997168737e-06,26.25108739860819
17911,84.7286555747588,52.26902456331607,15.824528703570852,1.7500003882485238
16380,100.96441406654782,-13.813074277610667,-3.3976356723544234,1.2736361214472585
2753,-2.6201836103660057,-29.86226475675225,33.78380711252297,1.929314033688371
5195,57.350328510785076,33.51069822762308,37.79388796892968,1.9185301603735008
1555,-50.05172801785951,-23.19576052164961,27.25884954308291,1.8637019846814644
11999,32.42089974710368,64.98727914016402,4.4070303802919115,2.4625500480014777
12679,13.232270385480252,-72.0509181821138,31.89657215547848,1.94452714711684
2140,-27.849478268243818,-85.11924748566543,1.686143091162421,2.0169756209552285
15958,95.25717136107696,38.36623361526729,2.1492929611486256,7.589806405762077
7566,-13.575900937426978,-21.76995781029224,34.5622409053258,1.899437784840767
17523,48.148321521449205,-87.60814726593227,19.785617140482707,2.017518712639043
1563,-76.53610951399044,16.281757036912524,20.26399882583617,1.9636891077721088
18046,70.51213321449481,-77.25126168425084,23.050410679211385,1.9121346576987983
9354,-79.27477068539233,-7.861714917941163,17.570263635822663,1.963369487647366
15197,-31.978110784854845,-65.56132332164157,6.286211655435899,2.5346445507709374
2136,16.909874278410225,-88.5843767621403,9.93942944944052,1.9994868105596855
17989,71.78473714578101,-20.930677174748787,31.27182239865767,4.528377811534955
1592,-56.64649103201974,10.96794610623431,26.144308683842695,1.913819030972698
8823,24.81398522808644,88.66400034923723,17.20768457611233,2.022620799915512
3216,-35.8148641195109,64.0198114039125,8.14940951701032,2.497117953086162
2584,-38.58749516175261,-48.88827328132738,26.114013415758585,2.0012589844866473
2097,65.41093462753612,-5.639537074198176,40.25763023022361,1.9922913460335858
1511,-16.747782797197395,-67.85637434069288,30.472106032021095,1.9880601855190179
5227,-80.90528161931154,8.589403971076138,15.946204613483811,1.0000031782651564
1468,-46.07016839711787,-66.17654457225005,24.498035729194424,1.9503867976639357
16587,98.79994160433998,13.406295488691146,-2.4351454833946287,1.9530123804945907
1519,-57.07017987131539,-23.912508954954724,25.466795375025953,1.8785706998488525
1663,10.45012068789848,60.04013924146763,35.11664769061373,1.886211196557522
1645,27.964595371670935,24.83930743318426,39.05663324806746,1.911270770004468
4208,-22.258735006789806,-26.415551641830124,28.19109465049339,0.9999898711639365
11758,35.65475246919347,-90.55469359302012,12.62366996255623,2.002160675540597
2686,-51.36770992404675,-50.42768984338623,22.945930736315702,1.9229526383641646
1304,28.968106025046467,90.68677885466121,7.123750694663872,2.037376966712466
13305,-54.540568508684345,-74.23994857821138,21.17573351203399,2.1129161131667638
3650,-12.426522226338482,-78.98686659504057,26.94818721561297,2.0160698674859945
5329,-73.52807730674797,27.423766112642493,16.19408435620679,1.0000015853357456
1354,-48.8314832625786,83.7365149742507,2.108119673485381,1.993842273976916
1228,-83.84669427758196,24.81068582839245,17.40649448078286,2.001515993096755
1698,-37.988661189272236,58.382110172227875,27.37007846936749,2.018807772788999
7725,-29.575072379333225,84.71936855450012,16.589464956562814,1.8899263199548226
7565,58.57075845936808,-30.989761470405526,39.833412129016295,1.9280205804235413
2371,-2.4423907241886282,-52.602243911228825,32.26773451697146,1.9334413996622803
3673,-34.00500200052482,-80.59677726753681,21.142555153925656,1.9593221318572114
661,-93.2151666696648,41.24828411091327,9.930928656496192,1.0000028475535032
1677,13.183471882847002,76.60546444723904,33.08842334008808,2.0113472311799647
1517,-30.237384830057728,-38.66654437217889,30.6156466351673,1.8936906698535796
16479,97.3982522159409,-25.966408299449178,-1.8266023052635072,3.10571843128715
7567,-11.791809392391027,-27.975865789307008,34.50867208672926,1.9002765898694605
1588,-72.56048989312941,55.8275615082713,18.5908917850184,1.9892601071965021
12752,39.847216693671974,-65.19020086263811,6.246001243591309,30.49604196385851
10144,13.693198450710817,-21.902211561492003,36.11397288961336,1.8673534828648986
4243,-34.29626829758639,-41.405331215940066,27.26898975881401,0.9999966886283193
1463,-95.89769015966932,-2.7669453171329836,13.475033598797754,1.9714079652349092
12208,21.492804925954076,88.49699620596067,26.033207860456567,1.9853450808791522
1416,47.9619879317926,63.74858092030573,37.05424492172976,1.9432187967814567
7665,-39.917648729917204,82.74701060196448,16.498197911178952,1.9999864130607288
11501,-43.90778203825441,79.89057481685424,21.40662613287932,1.9980440185607142
1521,-56.12756364105126,-60.58671084039172,22.715045403587375,1.9850533951779812
3609,-70.73487318938187,-65.15041128429701,15.902217975356315,2.003903985019371
3980,22.097939170171422,-34.052811749129,36.30020203522087,1.9672212361114476
5662,26.345725098410387,40.36304873651264,36.249409303229,1.9508067718830766
15787,-6.000021711558079,-85.46634261280951,7.307586937604394,1.0000001649937085
6932,51.26640112750693,79.26829645857758,28.552208130110223,0.9999912737038459
11598,-19.206049898424514,86.81362839146689,20.92489695372448,1.9184369591947628
1647,1.9939891607963864,25.63389635835388,36.60304584694994,1.9362357436446733
10165,22.891235933250847,-17.249371705404005,37.05265049882201,1.9844357901197012
13152,13.990092106618778,-89.40913709804614,-5.614994377182917,1.086515852393499
4112,-14.029039197518278,-61.215891950610825,27.95005660730161,1.0000050800336866
1575,-15.77824438900724,23.97099450958968,34.13144207952577,1.9162917919384979
15990,67.97992962113783,13.690577679935235,37.307414157082924,9.241139904328127
16207,99.0645856510633,40.6240449588068,-3.603365762336005,0.8523278640968869
15001,-36.50137472603239,-74.11191204893727,22.463497830775808,1.0003019854937256
2175,-61.701241004067896,-75.24662638462085,3.6018155293985794,1.0000012634558169
4035,40.91632917078863,-46.098104035402315,36.64683418609593,2.0069801624243557
16019,78.18773472580341,70.09176957626752,17.896175097495476,1.9942657193053888
2135,5.3816093005021575,-88.07867540661134,10.695868537013002,1.9180972849337452
16278,74.74176969452466,81.79670276984882,13.31864324056951,1.9243154020894206
1671,-31.16191711113556,63.37232963808017,28.19545715592595,1.9078535999774782
11420,9.832458977457982,61.46845360580499,32.95886520901695,1.920983423069419
7560,13.145890134336526,-27.080356349909344,37.70849972040744,1.911671457923153
11029,-78.4443502732453,-52.32897438312486,15.051268021560873,1.9937097041720042
5105,-64.28773504171816,50.80323355800149,19.464168175586465,1.932021768792633
7523,-64.93043204150555,-72.91017530788596,18.47783435645385,2.022594410919209
13250,33.27923089154072,-88.11500867290084,26.60146855215968,1.8917972547186488
1613,-16.2531351740203,7.344477263535879,34.625888603407404,1.9076422595265612
2289,39.683817452821195,-36.9253723904372,37.20288877552518,1.9519223020370509
1571,-55.590090829161376,29.00181593954872,25.558111739000335,1.9031092687939986
13068,0.5279236957965452,-89.72825072592667,3.1524257523581927,1.9167687281029646
1516,-25.94267061871519,-41.07375103208625,31.288801651998835,1.9081649103145901
1724,-5.443070647315924,80.1876953122719,21.735161840624457,0.9040661159434668
11572,50.96883826297306,78.95838984491435,32.71813824757718,1.8759589796813747
6497,-66.60840519076677,57.007024699526276,15.03142212414609,4.906437212188495
17995,71.31857214966378,-15.152356158590868,31.936588989082257,4.476926483723866
13964,13.25783612231799,-81.25525651901232,26.482328570832696,1.6024229212734658
1438,3.2182239470067717,-51.10972077606078,35.16338045912837,1.9734086278173504
17967,71.20979093476885,8.708788253245755,32.08787705375638,4.4885489825804985
1463,-95.09246489100066,-6.100165969841034,13.784362940988448,1.9776758209337433
16262,95.92872984988327,47.07666105579037,3.859870922491897,4.101898034478821
2325,27.551189936330996,-60.29852805306619,32.69662688407704,0.9999866649427478
5016,-11.569896304796679,44.13451113671886,30.99461062278955,1.0000027458655847
8688,95.53733379653542,54.332589804943154,-3.694849724513729,0.8360072357776631
7547,-5.491483467907208,-12.127049410818772,36.00035182296842,1.820716366570406
4018,36.49666092299665,-52.83396840955869,35.922363606275724,1.9303583696934716
1353,-39.10943579758805,85.48998442663904,6.077424827993347,2.0317432582126402
8421,-61.71915755608089,74.65684856063811,4.5472546211283476,0.9999999170291737
1602,55.63221835964987,11.973987609110274,40.2953408901025,1.8666163008028713
6744,35.56917789516811,68.20705379888007,17.958423187889398,2.890619993065821
5204,-73.38896152525656,26.18884662785275,17.01025663442819,1.0000008175317197
2132,11.448406998603136,-88.4030071518625,12.591259396131242,1.8833831842220587
1810,-4.999809674266482,-87.2397805478478,11.680503373016775,1.0000002950820672
5344,-76.5137429165274,29.455298195264305,15.247835124937925,1.0000027922068304
7999,-63.252117679652955,73.6977975252837,16.618951372353706,1.9427739924610283
4403,52.69544334925347,-21.26211576706505,35.242633137570216,4.830645049114789
5200,56.07644345415238,28.841465839481295,38.000463278834246,1.911623705901164
1495,-64.90944862913769,-36.590031589610476,22.52052481322186,1.9413398684753436
7579,54.45262966495353,-25.729440970499148,39.975436490731404,1.860620663239682
3650,-10.713316063885959,-79.72972939365008,26.852843230825105,2.0172089588063744
12651,7.9170686493926015,-61.49937920709033,32.761097418658395,1.910595276010267
9736,54.74757207971915,-11.103685267804469,35.961056182585466,0.9999822174243254
1374,-13.20646565821513,88.80615981379852,10.477656055479315,2.041409454483481
16499,88.65358020904338,57.90985106422171,8.121022425089778,4.942791122001029
5067,-15.775065054565694,38.00074678719627,31.37485834359096,1.9287305545423328
4535,32.129601853652744,-30.50296443149476,39.07166081955359,1.965158935398965
2651,-49.69324699643684,-41.71556338078214,24.132548734220407,1.8913637884716428
5371,-67.60912665215128,30.88051144449564,20.07776064202519,2.02991826168537
4018,48.44448056598191,-53.22682467083728,36.29485708975188,1.9474298903160323
8648,98.28208764228366,-40.43629869616412,-4.49418802849709,0.8740846631287502
9084,-56.37362545085318,-22.395065112602275,23.788577422222875,1.874465680031726
1008,85.29594147794056,66.21019586494378,9.662913017694333,0.9999987837452944
7566,-18.092120656424203,-26.2579764562095,33.67874306322957,1.9444738593491073
9203,-67.78309420143411,-0.17198815195798464,21.315884777038228,1.9061196744254258
10360,68.66354980106617,34.5085868043952,33.136677403937476,0.9996218336087331
9036,43.81664409736365,89.11032010217033,7.676214774360105,0.9391331547646038
7496,-104.14139136516607,7.930670140064804,4.945202375972331,4.4696062041583255
7611,-90.79215283417804,-62.077756715526235,5.092057607353887,1.0297454561116552
1604,61.09896328340505,48.84954668050583,38.81026841085758,1.9818338814288825
2393,2.5763483303432113,-44.20533508109591,33.57537721985119,2.0181824283467313
1581,46.52714150410973,32.43322863047353,39.66784286510569,1.9602407743637362
2558,-35.826982939721304,-42.93192472018031,27.218327493715826,1.92332118461785
1576,-14.271953852860161,7.45090659378671,34.90460741434469,4.899403667787581
1469,30.017767248918716,-5.279279324549623,39.60532324603878,1.866131828747954
5633,38.179356582970314,33.24326985356391,37.35844479271917,1.8924814873009561
14861,-26.347170254932916,-78.51204777408522,24.463558883136415,1.984527208766708
1463,-98.60678593715512,-1.3140377878099105,12.330159731918993,1.9613339278275967
13962,16.29100157545563,-78.34917500668078,27.688435371788955,0.9347266960275117
17777,74.69409704342101,24.186374996085192,34.58822823436891,4.345573662402861
3387,-30.326038425920746,78.33908874791535,23.557846801803937,3.4464984818723057
1549,-90.34313237828984,-52.454320072784235,13.20736419438846,1.9887370682640593
4990,-22.555164169992914,55.82668836338691,28.712920613299538,1.9252175219982517
1673,-27.132569602566313,66.29587822133313,28.64437094563852,1.9123849193846743
11344,-6.432140793833869,72.78418932841129,29.307904176342873,2.008995935550437
7133,29.92682887461107,85.93219530311053,26.329232311386246,1.974199065299596
1576,-14.888028848205307,14.235038052942938,34.62901582257123,1.9399794068233716
1532,-32.2473855678178,-17.460887880929917,31.44812710212873,1.927024318183164
9319,-36.99166934167053,-20.436989067892036,28.354741726457704,2.0007927534741214
5018,-7.515858816420973,47.05922657336694,30.091252106061333,0.9999994762980121
10795,-93.20508863362181,-43.08838326326884,7.683125586286273,0.10239682892900433
14843,-33.82859797431534,-71.67548401456976,23.958524574578227,1.0000014292619894
1647,1.7603740248142214,34.27785872398168,36.124778518088995,1.939517592085092
2796,-71.0131038891092,-31.453770263020036,19.07115677754184,1.9522748540159947
5381,-87.51271482625586,20.77029160949209,12.339514676557593,1.0000057716357131
1547,-82.60344206144818,-48.87247140742238,16.098736467307646,1.9506780150486611
7354,33.979753557763246,83.78333953258105,10.854199259894537,0.9999962546035793
16274,69.13465061567986,84.42211759672205,14.584077534027513,1.9855524997448386
13052,-40.26144272198617,-85.2880981421663,11.025758839945972,2.002207709879886
1613,-15.938837538542446,4.331551323351884,34.763110544404775,1.9604872176266692
1609,50.3434359923046,1.2589748919992243,40.37966719983924,1.9224620676002742
16241,87.34979617041148,68.12157783180864,10.7243492171459,1.9507352397619526
2141,-25.43313269609721,-85.42744359035856,9.88645593636732,2.0348250511081725
11141,55.74176698339303,11.462789282959436,38.43684237293911,1.8642462638556159
9122,-56.510575876408254,2.8571250128800454,22.322352297661112,0.9999988309039028
3691,-64.01146281319032,-78.24486645837575,6.084952985286789,1.9670772325150077
1445,5.61312908421529,-76.10745485436729,32.41848189023692,1.9712464992351344
1465,2.955294510353242,-11.181127166655264,37.1803790433895,1.9438534692550016
2133,9.76276499937752,-88.33554516705134,-2.066111989935542,1.968408633936112
17733,70.41116340747396,72.42750343666876,27.15625453555186,1.9893214634833312
15232,-32.828640643456694,-71.313537276702,16.833852222420234,1.0000205390475119
4536,5.204290477494961,-15.98676753302946,37.31910639752264,1.9738615714199605
15987,75.68109891520162,16.473809508701116,33.185877102594105,2.9977876921057276
1609,63.09210145939038,8.839824528119648,40.326303118572184,1.94490693658708
10165,21.18657775109963,-11.230589955145984,37.05138327685282,1.9396387940855477
8405,-62.71927999169467,75.27919596886426,15.457071920634688,0.999761564450202
5235,-58.86952140971632,27.211537325347305,20.288457287354255,0.9999721559400352
1554,-28.73842783058027,-29.72611232566348,31.52391537220152,1.9299511798331233
11484,-8.509548203507645,84.87007896009688,25.919480340678145,2.0625762901174274
7601,-80.13252438402407,-72.39185361505699,4.6813321958698175,2.023902953767529
1600,41.5072842723782,17.80854580702868,40.0131593600717,2.0197458404303994
10165,17.8288795438056,-12.9449707940753,36.736409215844404,1.8957311557985055
1647,3.3468003307409093,25.43281180018795,36.75534514067978,1.914821535697623
588,-87.06590226733228,40.65132211171894,13.1662145710172,1.9577046553047832
11487,10.345126475085907,88.56368663079358,24.41467855273016,1.8778760097900498
1590,-2.07682625507934,10.196053269774765,36.57882597458241,1.8994086962899397
4816,-35.47942732664364,40.19184206393018,27.508045351835268,1.9240420444922648
1479,43.21053742257274,-62.19972054196834,37.21952829012958,1.9696352179609762
2724,58.09335797095627,-39.64326591111373,37.46539012407026,1.9377552229825814
1223,38.823792964960546,73.9558773514509,35.09117232150541,2.0034250920375243
9650,62.94042580176799,-62.89072409942775,33.68733451178881,1.0000974570680763
7790,-19.337046733128954,79.11475868503803,25.642563492006175,1.9575656333821487
1593,-32.80141300603857,18.4304976139949,31.306360950346352,1.940548809500777
6398,-35.72665286733429,41.30464569205709,24.291960384267448,2.1574848275054257
10109,56.46944444329019,-8.160541719718776,38.462761365625084,1.896633352487471
4220,-33.987128310255365,-27.705454146330162,27.828857132215745,0.9999507722595465
1545,-90.8036533741361,-43.16479904150022,13.75677723076592,1.937685174725556
2655,-54.083485707954,-61.252100339678776,19.44009254541266,0.9999951877861403
17806,70.95128219926721,37.89176817915355,37.20376597123469,2.9394172003005474
15237,-34.090228833800126,-63.76449957125985,19.6406224432661,2.9704505143996234
17691,74.32668224903574,-44.36330018586134,33.35484764898664,3.354195536498098
11230,-102.05624651177561,-9.552363379156372,8.248182173778874,1.9522823926865889
11477,11.70745063447102,80.67356273249216,29.232237725828934,1.0004886643165332
10007,-2.2811389769953982,-0.5976288579727534,34.734136540645444,1.9707500482205538
1455,-43.62720440256586,-1.318274549724118,29.587547204204228,2.014478666153312
8481,-77.51377627534904,29.64913075627828,16.687484041601465,1.0000035476657454
1644,30.88048335987701,19.940536898333175,39.41878155907851,1.9088185603059822
3678,-40.86159618965325,-82.9743963863211,15.354227909162631,1.962616588853244
1479,49.15156073716044,-59.988268424255196,37.550773036041335,4.911591057302409
14550,71.74829576480572,-75.63246829088293,20.436477233734216,1.9205577698068126
2135,-1.899555300887806,-87.67241285312953,7.5515320606427325,1.9711512483265459
9984,16.384118322271643,5.4664872698928075,36.717622391543436,1.934454009711113
8610,46.33165274077116,-87.86365904127314,9.090281462642144,0.8244642917646621
1219,-43.337349443487966,71.19817907474304,24.469026004038522,1.919733753701423
7553,26.05936042238186,-66.3381194148802,35.80319807475821,1.9229416170672335
12378,35.29540719837451,73.83213730641964,23.09572026983322,1.3706335571970416
17809,72.96733689701864,25.481466054942903,36.25656669961251,3.907162185867353
11375,-11.67254693515533,63.185842982582656,29.800635777304876,1.9455470754292365
6436,-46.846042344643465,53.29560998473585,20.697580592430302,4.893932347434697
8060,-53.76131173598995,68.89158552718473,20.179252612325293,1.9764882418532776
14166,27.034026224740845,-88.69560469766796,12.95418361239198,2.0072665090633084
12118,39.50305832521461,65.30907167794741,6.246001243591309,30.462588762536228
8639,60.12085454054254,-86.0806969884193,10.567806338473769,8.721155691288118
17215,71.36080342897023,-44.214618541172065,31.88123551063721,3.1994564783773347
15148,-20.440110751860377,77.32654113976633,23.11015747060116,1.4142807790923801
17686,75.88425396668376,-37.34022437151956,32.56909428868798,1.984494616936027
7190,74.21248874562684,81.1353563863606,4.81428483850932,0.9202485410844716
6924,52.93012823849986,80.34204600285766,24.23505724885428,1.2081469777618494
2134,5.0355471222065535,-88.06845431753764,1.937600051490871,1.9206487157223984
1646,6.845354067163306,24.199430865382507,37.183264174796484,1.8979125058478452
2698,2.083387089863143,-40.36299985753941,33.53424598573189,1.0000010403949344
1661,-2.014542409229322,32.45250980592792,35.687171308659224,1.9397109289010606
1356,-59.35459095154535,81.42356553275536,3.091909982811151,1.9654592747588493
12972,35.388712904252124,-71.32655895722873,15.296107943273556,1.2287610625245955
11500,-47.17236839374724,78.92829312214938,21.043725126071152,1.9444391448514708
17993,69.87039977147091,20.053696559393916,33.998790916695604,4.022295168140881
7756,7.593956137873775,88.00277420255065,20.103914243716133,1.9700329064602906
4140,-8.60059721528082,-55.10388427685761,31.15814797949829,1.8758069417567333
1217,-52.340788255376125,70.78732361195581,22.347702608380168,1.9810127738097707
16942,62.43422773865338,63.77700272247626,34.49474522402517,0.999884943545875
2095,63.73160077385953,-57.66375168932821,37.712375748865576,2.030139974632963
14174,67.42419214825472,-69.07113228477569,28.88552533372456,1.9801074738212858
1607,44.60786389143824,50.793875034980815,38.43954634939621,1.9875982926725284
2165,-61.70165077511851,-71.73688137491298,15.797689228260774,0.9994524035879415
2517,-37.09954750627922,-64.42705119547402,13.329019720299856,2.737427329215731
12675,12.684109690415344,-65.5445863242673,32.77083592239215,1.9366736062752186
2381,34.821718618567886,-44.55191024798564,36.37765882329806,0.9999950151997348
16169,99.41162592981581,31.26636421063114,-0.5192333218738724,4.4253824913463005
10118,38.409556703688786,-21.85825993608322,37.782079066321806,1.9433467365920767
9372,-90.3457324397084,-24.475756453877118,10.840615533895487,9.939205202765656
17085,81.73167533439651,-64.04268118884751,17.08060177026164,1.8847750583691505
10879,-92.01364953067062,-35.01099992999797,10.587748899836768,1.0000008573259016
1521,-63.83172892654656,-62.95427952346032,20.22080508231875,1.8951432965172421
13095,-1.6798827738162811,-78.43976498396036,30.97899026817117,5.0067965078177705
12309,42.12817409344579,88.89120417374708,24.342382032463934,2.0571770435868877
10165,20.3397006901115,-12.849447491626389,36.944619356822145,1.939198886488609
2154,-53.58575333661676,-80.67462831571872,11.093996715316536,2.006310237595516
10855,-94.32795223289116,-31.33165926847119,11.12259305134011,1.9908301345642117
1374,-19.670222677459332,88.12959588357342,10.790942796596788,1.9629537185551695
1505,-64.61375771724224,-26.349566887476975,23.375217073938842,1.9830240242585233
2128,-62.70188516477651,-69.74204848896184,15.86664168960117,1.000001731783323
8187,-32.84668873533266,79.70359795597219,17.6481571292967,1.0000014758866043
4197,-27.13699050693832,-27.56828578104422,29.967126309348785,1.9480846974317272
1476,58.673252558322616,-49.90138346116761,38.69296792945044,1.9579590189787766
17938,70.16053279884936,39.89432103153053,33.58105343041311,3.2200360176903695
11996,34.092545805110504,71.62770937376544,18.80494682525003,1.2894616629830689
4229,-23.86370034395329,-44.95468483031656,28.993527141497072,1.0000104028768901
11489,9.373200755525662,87.33757024223172,26.013248417751626,1.885263014202458
1533,-43.106123880270296,-10.086746190678976,29.57286620866426,1.9972175809225527
1572,-43.65371789873464,22.606231055932057,28.895197514360163,1.9804576034792654
1580,41.141005820441094,37.83275074507377,39.201266795841356,1.9445959291643926
16479,96.5863058496292,-19.96329029279476,-2.394631445407035,4.2997024872921115
10118,37.74587855451681,-22.590778456408174,37.73752856007007,1.9249348840959686
8289,-96.63124657135513,25.48845157513674,9.570520988486809,1.0000002383458184
4216,-28.58008553077844,-42.98619639949011,28.688406089662298,1.882599315707608
8091,-33.84712808930328,83.36785730881769,-0.2811396041077663,1.0000011076434938
7566,-9.921135739326862,-19.861724285963817,35.19197722627851,1.8827159290856776
8475,-80.54916965526402,34.9903641255143,12.901056890157175,0.9999896965577625
11337,-93.89110237250466,-12.6361824466932,12.026955489828968,1.981892764670792
8371,-61.718139746454696,66.22956392860088,15.928737377830675,1.0000115419318123
1634,-41.02635833846086,48.584588958363184,27.624059228974183,1.9762450833779528
16298,100.29638555052449,25.87282792955069,-2.0174574964105525,1.965820470204353
8887,-21.377807756144772,85.96783234655032,8.770004909137045,1.974395180320357
7569,-6.184849304116089,-41.012588420042846,34.57128166188389,1.8964126681888274
8879,-2.7316887417435685,87.63036246631194,-1.071847103375768,1.9739570371164668
4536,4.373300731417446,-16.28004227547992,37.23001693960319,2.0007326578780114
1604,47.83436334796676,48.102164629266106,38.70552379016474,1.9314567831333633
18136,74.93778244972516,-35.1258453043071,31.749937872877357,7.523725262219629
11496,-58.00429571291127,75.24505877704283,19.80800023030098,1.9972336036428247
5370,-66.34199493996246,29.75756230284959,20.53779690643758,2.0266250225115616
5499,21.433866801947765,21.24525173049798,36.73617562442578,2.0243066624950914
17463,81.34444983945517,-75.72382195900224,6.197043533700487,1.9503576684334303
5224,-50.809038616036,44.569133340293675,23.406790211876842,1.0000006875655565
16391,81.81783944513515,77.9260441574989,8.35126166772485,2.0146593035348843
1636,-71.62042872715043,46.347855228572215,19.744964972549546,1.9275399732748986
13279,-23.925316855831383,-76.61979787227084,27.80317238828258,1.985456800316834
8913,14.97945408087844,86.789319109623,15.817160830496238,0.9999875733393101
1576,-11.550360874650286,1.7716833808840426,35.458361462626414,1.9879675082933796
11618,-39.41890745045116,82.54120036484227,20.572502986299966,2.043958836309854
8887,-26.462232968052824,85.31082544734835,3.6594494490389105,2.011482494992213
8886,-20.270031162661212,86.10097124667216,3.424465730809369,1.9597679545988864
12248,-101.31844653580576,13.812619374053185,10.981296582698345,1.9733788141575086
16373,99.02349204820705,-40.98970686747653,-2.0994148814141336,1.9764171476748797
1573,-36.83073593170189,22.075547805794844,30.34293854249507,1.9767881208380451
10392,67.45995145756774,17.843104088434053,37.72426629867113,2.0238956961748054
17956,72.10090823304108,31.166401319388026,30.81139689269332,4.295982993367771
9714,57.79454775854396,-14.83413002209479,38.36419149411918,1.9248865547286624
10195,23.48914740557332,0.3613953673291754,36.74710204087731,0.9997240550485414
1544,-92.33083784880847,-41.04224955116575,13.405491803115188,1.9729220835673622
5537,33.85965569605569,57.667936213455604,33.5856730683286,0.999998561048111
13198,27.09793530935537,-84.02327828852319,30.723880668790812,2.03813030641691
9930,18.362664479842554,7.869262865275527,35.828372110705125,0.9999994896885662
2768,-73.65023065178227,-41.782892512554085,15.569283652296777,0.9999741815262585
